area,date,median,lower_90,upper_90,lower_50,upper_50,series,count
ariwara,2026-08-04,1.0,0.882,1.126,0.951,1.051,rt,
ariwara,2026-08-05,0.994,0.88,1.116,0.946,1.043,rt,
ariwara,2026-08-06,0.988,0.878,1.104,0.94,1.035,rt,
ariwara,2026-08-07,0.979,0.871,1.087,0.933,1.022,rt,
ariwara,2026-08-08,0.969,0.863,1.071,0.923,1.011,rt,
ariwara,2026-08-09,0.956,0.848,1.062,0.911,0.999,rt,
ariwara,2026-08-10,0.936,0.821,1.049,0.888,0.983,rt,
ariwara,2026-08-11,0.928,0.822,1.033,0.885,0.973,rt,
ariwara,2026-08-12,0.921,0.819,1.024,0.879,0.962,rt,
ariwara,2026-08-13,0.914,0.815,1.017,0.873,0.954,rt,
ariwara,2026-08-14,0.906,0.806,1.008,0.866,0.947,rt,
ariwara,2026-08-15,0.897,0.796,1.002,0.855,0.94,rt,
ariwara,2026-08-16,0.888,0.785,0.997,0.844,0.932,rt,
ariwara,2026-08-17,0.886,0.778,1.006,0.838,0.935,rt,
ariwara,2026-08-18,0.888,0.787,1.008,0.844,0.937,rt,
ariwara,2026-08-19,0.892,0.79,1.009,0.847,0.94,rt,
ariwara,2026-08-20,0.895,0.79,1.014,0.851,0.941,rt,
ariwara,2026-08-21,0.902,0.8,1.016,0.861,0.947,rt,
ariwara,2026-08-22,0.906,0.806,1.015,0.869,0.953,rt,
ariwara,2026-08-23,0.911,0.807,1.02,0.87,0.956,rt,
ariwara,2026-08-24,0.923,0.812,1.044,0.878,0.972,rt,
ariwara,2026-08-25,0.944,0.835,1.062,0.9,0.99,rt,
ariwara,2026-08-26,0.964,0.857,1.08,0.916,1.009,rt,
ariwara,2026-08-27,0.981,0.871,1.098,0.934,1.028,rt,
ariwara,2026-08-28,0.994,0.885,1.108,0.948,1.04,rt,
ariwara,2026-08-29,1.005,0.895,1.122,0.957,1.05,rt,
ariwara,2026-08-30,1.012,0.899,1.131,0.964,1.06,rt,
ariwara,2026-08-31,1.006,0.888,1.134,0.957,1.058,rt,
ariwara,2026-09-01,1.011,0.897,1.134,0.963,1.061,rt,
ariwara,2026-09-02,1.016,0.901,1.134,0.969,1.066,rt,
ariwara,2026-09-03,1.019,0.906,1.142,0.972,1.07,rt,
ariwara,2026-09-04,1.02,0.911,1.135,0.974,1.066,rt,
ariwara,2026-09-05,1.018,0.906,1.134,0.971,1.061,rt,
ariwara,2026-09-06,1.012,0.898,1.131,0.965,1.058,rt,
ariwara,2026-09-07,0.991,0.873,1.113,0.943,1.038,rt,
ariwara,2026-09-08,0.976,0.857,1.099,0.931,1.025,rt,
ariwara,2026-09-09,0.959,0.84,1.086,0.914,1.009,rt,
ariwara,2026-09-10,0.941,0.822,1.071,0.896,0.991,rt,
ariwara,2026-09-11,0.925,0.806,1.053,0.875,0.972,rt,
ariwara,2026-09-12,0.904,0.785,1.034,0.852,0.952,rt,
ariwara,2026-09-13,0.879,0.758,1.011,0.829,0.933,rt,
ariwara,2026-09-14,0.859,0.726,1.0,0.806,0.917,rt,
ariwara,2026-09-15,0.855,0.726,0.998,0.802,0.911,rt,
ariwara,2026-09-16,0.853,0.72,0.994,0.796,0.912,rt,
ariwara,2026-09-17,0.849,0.715,0.992,0.793,0.908,rt,
ariwara,2026-09-18,0.844,0.709,0.995,0.789,0.905,rt,
ariwara,2026-09-19,0.838,0.703,0.999,0.782,0.906,rt,
ariwara,2026-09-20,0.834,0.688,1.009,0.773,0.906,rt,
ariwara,2026-09-21,0.835,0.683,1.024,0.771,0.912,rt,
ariwara,2026-09-22,0.84,0.679,1.038,0.772,0.916,rt,
ariwara,2026-09-23,0.842,0.676,1.049,0.77,0.924,rt,
ariwara,2026-09-24,0.845,0.664,1.061,0.768,0.931,rt,
ariwara,2026-09-25,0.848,0.656,1.068,0.765,0.937,rt,
ariwara,2026-09-26,0.847,0.644,1.086,0.764,0.941,rt,
ariwara,2026-09-27,0.848,0.631,1.105,0.76,0.946,rt,
ariwara,2026-09-28,0.843,0.612,1.115,0.749,0.944,rt,
ariwara,2026-09-29,0.839,0.601,1.119,0.746,0.946,rt,
ariwara,2026-09-30,0.836,0.591,1.127,0.741,0.947,rt,
ariwara,2026-10-01,0.83,0.578,1.125,0.73,0.948,rt,
ariwara,2026-10-02,0.819,0.57,1.131,0.719,0.94,rt,
ariwara,2026-10-03,0.813,0.546,1.133,0.706,0.939,rt,
ariwara,2026-10-04,0.801,0.522,1.142,0.687,0.939,rt,
ariwara,2026-10-05,0.787,0.493,1.165,0.666,0.932,rt,
ariwara,2026-10-06,0.799,0.512,1.158,0.676,0.947,rt,
aru,2026-06-10,1.318,1.078,1.604,1.222,1.424,rt,
aru,2026-06-11,1.306,1.081,1.573,1.214,1.415,rt,
aru,2026-06-12,1.294,1.081,1.551,1.205,1.396,rt,
aru,2026-06-13,1.282,1.071,1.527,1.195,1.379,rt,
aru,2026-06-14,1.266,1.056,1.504,1.182,1.363,rt,
aru,2026-06-15,1.25,1.036,1.491,1.165,1.349,rt,
aru,2026-06-16,1.245,1.047,1.472,1.166,1.336,rt,
aru,2026-06-17,1.24,1.051,1.454,1.162,1.325,rt,
aru,2026-06-18,1.232,1.052,1.442,1.157,1.314,rt,
aru,2026-06-19,1.226,1.05,1.432,1.152,1.304,rt,
aru,2026-06-20,1.218,1.048,1.425,1.144,1.295,rt,
aru,2026-06-21,1.209,1.038,1.418,1.133,1.285,rt,
aru,2026-06-22,1.216,1.038,1.433,1.14,1.297,rt,
aru,2026-06-23,1.216,1.04,1.417,1.144,1.29,rt,
aru,2026-06-24,1.213,1.042,1.406,1.142,1.287,rt,
aru,2026-06-25,1.213,1.039,1.397,1.138,1.281,rt,
aru,2026-06-26,1.209,1.037,1.386,1.134,1.273,rt,
aru,2026-06-27,1.201,1.032,1.384,1.128,1.271,rt,
aru,2026-06-28,1.194,1.026,1.377,1.122,1.268,rt,
aru,2026-06-29,1.164,0.989,1.35,1.091,1.242,rt,
aru,2026-06-30,1.144,0.985,1.321,1.078,1.214,rt,
aru,2026-07-01,1.128,0.978,1.295,1.065,1.191,rt,
aru,2026-07-02,1.111,0.969,1.275,1.054,1.172,rt,
aru,2026-07-03,1.097,0.958,1.249,1.039,1.156,rt,
aru,2026-07-04,1.08,0.945,1.226,1.023,1.139,rt,
aru,2026-07-05,1.067,0.919,1.209,1.006,1.124,rt,
aru,2026-07-06,1.058,0.907,1.206,0.993,1.12,rt,
aru,2026-07-07,1.066,0.924,1.203,1.004,1.122,rt,
aru,2026-07-08,1.07,0.935,1.2,1.013,1.126,rt,
aru,2026-07-09,1.077,0.942,1.202,1.02,1.13,rt,
aru,2026-07-10,1.083,0.955,1.209,1.031,1.136,rt,
aru,2026-07-11,1.088,0.964,1.217,1.039,1.141,rt,
aru,2026-07-12,1.096,0.962,1.229,1.043,1.149,rt,
aru,2026-07-13,1.09,0.95,1.23,1.037,1.146,rt,
aru,2026-07-14,1.089,0.956,1.22,1.037,1.145,rt,
aru,2026-07-15,1.087,0.959,1.215,1.036,1.143,rt,
aru,2026-07-16,1.085,0.955,1.21,1.034,1.143,rt,
aru,2026-07-17,1.085,0.959,1.206,1.035,1.14,rt,
aru,2026-07-18,1.084,0.956,1.21,1.031,1.136,rt,
aru,2026-07-19,1.079,0.946,1.216,1.024,1.136,rt,
aru,2026-07-20,1.078,0.943,1.223,1.021,1.137,rt,
aru,2026-07-21,1.076,0.949,1.213,1.022,1.13,rt,
aru,2026-07-22,1.074,0.953,1.204,1.02,1.124,rt,
aru,2026-07-23,1.069,0.947,1.201,1.016,1.118,rt,
aru,2026-07-24,1.064,0.953,1.196,1.014,1.112,rt,
aru,2026-07-25,1.061,0.948,1.191,1.012,1.109,rt,
aru,2026-07-26,1.055,0.935,1.187,1.005,1.104,rt,
aru,2026-07-27,1.051,0.925,1.191,0.997,1.103,rt,
aru,2026-07-28,1.05,0.93,1.186,1.001,1.1,rt,
aru,2026-07-29,1.048,0.929,1.181,0.999,1.098,rt,
aru,2026-07-30,1.043,0.926,1.176,0.996,1.093,rt,
aru,2026-07-31,1.033,0.913,1.157,0.985,1.081,rt,
aru,2026-08-01,1.022,0.904,1.143,0.973,1.068,rt,
aru,2026-08-02,1.008,0.882,1.132,0.956,1.055,rt,
aru,2026-08-03,0.991,0.855,1.124,0.935,1.042,rt,
aru,2026-08-04,0.985,0.861,1.107,0.932,1.034,rt,
aru,2026-08-05,0.978,0.858,1.1,0.93,1.025,rt,
aru,2026-08-06,0.972,0.853,1.093,0.925,1.021,rt,
aru,2026-08-07,0.962,0.851,1.077,0.918,1.009,rt,
aru,2026-08-08,0.952,0.842,1.065,0.909,0.995,rt,
aru,2026-08-09,0.943,0.828,1.057,0.895,0.985,rt,
aru,2026-08-10,0.925,0.803,1.043,0.873,0.968,rt,
aru,2026-08-11,0.917,0.802,1.027,0.87,0.96,rt,
aru,2026-08-12,0.91,0.801,1.016,0.865,0.953,rt,
aru,2026-08-13,0.903,0.796,1.007,0.858,0.947,rt,
aru,2026-08-14,0.895,0.794,0.998,0.851,0.939,rt,
aru,2026-08-15,0.886,0.783,0.988,0.842,0.93,rt,
aru,2026-08-16,0.877,0.77,0.983,0.833,0.923,rt,
aru,2026-08-17,0.877,0.761,0.992,0.829,0.924,rt,
aru,2026-08-18,0.881,0.77,0.993,0.836,0.927,rt,
aru,2026-08-19,0.883,0.778,0.997,0.839,0.93,rt,
aru,2026-08-20,0.887,0.78,1.004,0.842,0.931,rt,
aru,2026-08-21,0.894,0.787,1.004,0.852,0.938,rt,
aru,2026-08-22,0.9,0.792,1.007,0.858,0.943,rt,
aru,2026-08-23,0.903,0.796,1.011,0.859,0.946,rt,
aru,2026-08-24,0.917,0.802,1.031,0.869,0.961,rt,
aru,2026-08-25,0.936,0.826,1.047,0.889,0.981,rt,
aru,2026-08-26,0.955,0.845,1.067,0.907,1.001,rt,
aru,2026-08-27,0.97,0.859,1.086,0.922,1.022,rt,
aru,2026-08-28,0.984,0.874,1.095,0.938,1.032,rt,
aru,2026-08-29,0.994,0.883,1.109,0.95,1.04,rt,
aru,2026-08-30,1.0,0.886,1.118,0.957,1.05,rt,
aru,2026-08-31,0.996,0.874,1.118,0.95,1.046,rt,
aru,2026-09-01,1.003,0.887,1.118,0.956,1.049,rt,
aru,2026-09-02,1.008,0.893,1.122,0.96,1.053,rt,
aru,2026-09-03,1.01,0.895,1.128,0.964,1.057,rt,
aru,2026-09-04,1.01,0.903,1.125,0.966,1.053,rt,
aru,2026-09-05,1.008,0.9,1.119,0.963,1.051,rt,
aru,2026-09-06,1.003,0.895,1.118,0.957,1.046,rt,
aru,2026-09-07,0.982,0.871,1.102,0.934,1.027,rt,
aru,2026-09-08,0.966,0.854,1.087,0.92,1.012,rt,
aru,2026-09-09,0.95,0.836,1.073,0.904,0.997,rt,
aru,2026-09-10,0.932,0.819,1.058,0.884,0.98,rt,
aru,2026-09-11,0.915,0.804,1.037,0.867,0.961,rt,
aru,2026-09-12,0.893,0.782,1.017,0.845,0.943,rt,
aru,2026-09-13,0.871,0.753,0.998,0.821,0.923,rt,
aru,2026-09-14,0.85,0.722,0.988,0.799,0.908,rt,
aru,2026-09-15,0.846,0.72,0.984,0.794,0.902,rt,
aru,2026-09-16,0.843,0.714,0.982,0.789,0.901,rt,
aru,2026-09-17,0.841,0.706,0.985,0.784,0.901,rt,
aru,2026-09-18,0.836,0.704,0.985,0.78,0.896,rt,
aru,2026-09-19,0.832,0.696,0.99,0.773,0.897,rt,
aru,2026-09-20,0.826,0.683,0.996,0.766,0.897,rt,
aru,2026-09-21,0.829,0.672,1.014,0.763,0.904,rt,
aru,2026-09-22,0.834,0.67,1.027,0.764,0.911,rt,
aru,2026-09-23,0.837,0.666,1.04,0.765,0.916,rt,
aru,2026-09-24,0.839,0.659,1.054,0.762,0.923,rt,
aru,2026-09-25,0.842,0.65,1.07,0.762,0.932,rt,
aru,2026-09-26,0.841,0.638,1.083,0.757,0.938,rt,
aru,2026-09-27,0.842,0.623,1.1,0.753,0.941,rt,
aru,2026-09-28,0.833,0.602,1.099,0.743,0.942,rt,
aru,2026-09-29,0.833,0.591,1.11,0.738,0.941,rt,
aru,2026-09-30,0.832,0.586,1.118,0.733,0.942,rt,
aru,2026-10-01,0.828,0.575,1.127,0.724,0.944,rt,
aru,2026-10-02,0.823,0.56,1.125,0.71,0.939,rt,
aru,2026-10-03,0.808,0.547,1.134,0.698,0.936,rt,
aru,2026-10-04,0.795,0.524,1.142,0.681,0.935,rt,
aru,2026-10-05,0.781,0.494,1.16,0.662,0.928,rt,
aru,2026-10-06,0.797,0.507,1.147,0.676,0.942,rt,
aungba,2026-07-10,1.101,0.974,1.225,1.049,1.151,rt,
aungba,2026-07-11,1.107,0.982,1.234,1.055,1.156,rt,
aungba,2026-07-12,1.112,0.981,1.244,1.058,1.163,rt,
aungba,2026-07-13,1.105,0.97,1.249,1.05,1.161,rt,
aungba,2026-07-14,1.102,0.975,1.239,1.05,1.157,rt,
aungba,2026-07-15,1.1,0.975,1.234,1.05,1.153,rt,
aungba,2026-07-16,1.099,0.973,1.228,1.047,1.148,rt,
aungba,2026-07-17,1.097,0.973,1.226,1.046,1.145,rt,
aungba,2026-07-18,1.093,0.969,1.228,1.044,1.143,rt,
aungba,2026-07-19,1.089,0.965,1.229,1.038,1.141,rt,
aungba,2026-07-20,1.088,0.956,1.237,1.032,1.142,rt,
aungba,2026-07-21,1.085,0.963,1.222,1.034,1.138,rt,
aungba,2026-07-22,1.081,0.96,1.213,1.031,1.132,rt,
aungba,2026-07-23,1.076,0.959,1.208,1.029,1.128,rt,
aungba,2026-07-24,1.075,0.957,1.197,1.025,1.124,rt,
aungba,2026-07-25,1.069,0.952,1.196,1.022,1.117,rt,
aungba,2026-07-26,1.063,0.941,1.196,1.014,1.114,rt,
aungba,2026-07-27,1.061,0.93,1.199,1.007,1.114,rt,
aungba,2026-07-28,1.058,0.933,1.195,1.007,1.11,rt,
aungba,2026-07-29,1.054,0.936,1.188,1.006,1.107,rt,
aungba,2026-07-30,1.051,0.932,1.185,1.003,1.102,rt,
aungba,2026-07-31,1.04,0.925,1.166,0.992,1.087,rt,
aungba,2026-08-01,1.029,0.906,1.152,0.978,1.075,rt,
aungba,2026-08-02,1.015,0.89,1.145,0.962,1.064,rt,
aungba,2026-08-03,0.996,0.867,1.129,0.943,1.049,rt,
aungba,2026-08-04,0.99,0.868,1.116,0.941,1.042,rt,
aungba,2026-08-05,0.984,0.866,1.109,0.936,1.035,rt,
aungba,2026-08-06,0.977,0.863,1.099,0.929,1.029,rt,
aungba,2026-08-07,0.968,0.859,1.083,0.921,1.016,rt,
aungba,2026-08-08,0.958,0.849,1.07,0.912,1.004,rt,
aungba,2026-08-09,0.947,0.834,1.061,0.899,0.994,rt,
aungba,2026-08-10,0.929,0.811,1.047,0.878,0.978,rt,
aungba,2026-08-11,0.922,0.81,1.031,0.876,0.967,rt,
aungba,2026-08-12,0.915,0.806,1.02,0.869,0.957,rt,
aungba,2026-08-13,0.907,0.798,1.017,0.862,0.949,rt,
aungba,2026-08-14,0.899,0.793,1.004,0.856,0.94,rt,
aungba,2026-08-15,0.891,0.784,0.995,0.848,0.934,rt,
aungba,2026-08-16,0.882,0.771,0.989,0.837,0.927,rt,
aungba,2026-08-17,0.879,0.765,0.995,0.831,0.928,rt,
aungba,2026-08-18,0.882,0.771,0.993,0.835,0.931,rt,
aungba,2026-08-19,0.886,0.778,0.993,0.84,0.933,rt,
aungba,2026-08-20,0.889,0.779,0.996,0.842,0.935,rt,
aungba,2026-08-21,0.895,0.791,0.999,0.852,0.939,rt,
aungba,2026-08-22,0.898,0.798,1.004,0.859,0.943,rt,
aungba,2026-08-23,0.902,0.8,1.009,0.861,0.948,rt,
aungba,2026-08-24,0.915,0.805,1.027,0.87,0.962,rt,
aungba,2026-08-25,0.934,0.828,1.045,0.89,0.979,rt,
aungba,2026-08-26,0.951,0.845,1.065,0.908,0.999,rt,
aungba,2026-08-27,0.968,0.859,1.085,0.922,1.017,rt,
aungba,2026-08-28,0.981,0.874,1.094,0.937,1.027,rt,
aungba,2026-08-29,0.99,0.883,1.103,0.947,1.036,rt,
aungba,2026-08-30,0.999,0.888,1.111,0.952,1.044,rt,
aungba,2026-08-31,0.992,0.876,1.115,0.944,1.04,rt,
aungba,2026-09-01,0.997,0.885,1.118,0.95,1.043,rt,
aungba,2026-09-02,1.002,0.89,1.125,0.954,1.048,rt,
aungba,2026-09-03,1.004,0.893,1.129,0.958,1.051,rt,
aungba,2026-09-04,1.003,0.897,1.125,0.957,1.047,rt,
aungba,2026-09-05,1.002,0.895,1.117,0.958,1.045,rt,
aungba,2026-09-06,0.994,0.886,1.114,0.95,1.041,rt,
aungba,2026-09-07,0.973,0.86,1.098,0.928,1.021,rt,
aungba,2026-09-08,0.958,0.846,1.08,0.913,1.005,rt,
aungba,2026-09-09,0.942,0.828,1.065,0.896,0.991,rt,
aungba,2026-09-10,0.927,0.808,1.053,0.876,0.974,rt,
aungba,2026-09-11,0.906,0.793,1.03,0.859,0.953,rt,
aungba,2026-09-12,0.884,0.773,1.008,0.837,0.932,rt,
aungba,2026-09-13,0.862,0.746,0.989,0.814,0.912,rt,
aungba,2026-09-14,0.841,0.713,0.977,0.79,0.896,rt,
aungba,2026-09-15,0.841,0.711,0.97,0.785,0.891,rt,
aungba,2026-09-16,0.836,0.706,0.97,0.782,0.889,rt,
aungba,2026-09-17,0.832,0.702,0.974,0.78,0.888,rt,
aungba,2026-09-18,0.827,0.695,0.974,0.773,0.886,rt,
aungba,2026-09-19,0.822,0.686,0.978,0.768,0.886,rt,
aungba,2026-09-20,0.819,0.673,0.985,0.76,0.887,rt,
aungba,2026-09-21,0.824,0.665,1.003,0.758,0.896,rt,
aungba,2026-09-22,0.825,0.663,1.012,0.759,0.9,rt,
aungba,2026-09-23,0.827,0.659,1.024,0.756,0.906,rt,
aungba,2026-09-24,0.83,0.65,1.043,0.753,0.916,rt,
aungba,2026-09-25,0.835,0.642,1.051,0.751,0.921,rt,
aungba,2026-09-26,0.836,0.632,1.068,0.75,0.925,rt,
aungba,2026-09-27,0.836,0.616,1.086,0.743,0.932,rt,
aungba,2026-09-28,0.828,0.596,1.094,0.73,0.931,rt,
aungba,2026-09-29,0.826,0.586,1.101,0.726,0.93,rt,
aungba,2026-09-30,0.823,0.571,1.107,0.722,0.933,rt,
aungba,2026-10-01,0.819,0.56,1.115,0.715,0.931,rt,
aungba,2026-10-02,0.812,0.547,1.119,0.702,0.926,rt,
aungba,2026-10-03,0.8,0.531,1.112,0.687,0.927,rt,
aungba,2026-10-04,0.787,0.508,1.133,0.672,0.922,rt,
aungba,2026-10-05,0.774,0.484,1.149,0.655,0.919,rt,
aungba,2026-10-06,0.788,0.492,1.141,0.665,0.937,rt,
bambu,2026-05-23,1.476,0.941,2.259,1.226,1.75,rt,
bambu,2026-05-24,1.439,0.893,2.235,1.188,1.729,rt,
bambu,2026-05-25,1.403,0.839,2.218,1.143,1.695,rt,
bambu,2026-05-26,1.397,0.873,2.161,1.158,1.687,rt,
bambu,2026-05-27,1.41,0.914,2.141,1.178,1.678,rt,
bambu,2026-05-28,1.414,0.944,2.115,1.193,1.682,rt,
bambu,2026-05-29,1.418,0.972,2.105,1.209,1.677,rt,
bambu,2026-05-30,1.431,0.972,2.089,1.217,1.693,rt,
bambu,2026-05-31,1.444,0.963,2.119,1.215,1.709,rt,
bambu,2026-06-01,1.453,0.956,2.168,1.226,1.739,rt,
bambu,2026-06-02,1.5,1.017,2.185,1.272,1.76,rt,
bambu,2026-06-03,1.538,1.084,2.185,1.318,1.779,rt,
bambu,2026-06-04,1.574,1.135,2.232,1.351,1.806,rt,
bambu,2026-06-05,1.595,1.162,2.265,1.393,1.839,rt,
bambu,2026-06-06,1.608,1.174,2.301,1.412,1.85,rt,
bambu,2026-06-07,1.626,1.157,2.343,1.414,1.881,rt,
bambu,2026-06-08,1.644,1.129,2.415,1.407,1.905,rt,
bambu,2026-06-09,1.644,1.171,2.344,1.425,1.873,rt,
bambu,2026-06-10,1.634,1.198,2.293,1.439,1.87,rt,
bambu,2026-06-11,1.623,1.214,2.245,1.442,1.861,rt,
bambu,2026-06-12,1.618,1.216,2.229,1.444,1.847,rt,
bambu,2026-06-13,1.618,1.192,2.238,1.425,1.843,rt,
bambu,2026-06-14,1.607,1.17,2.259,1.403,1.844,rt,
bambu,2026-06-15,1.595,1.131,2.293,1.382,1.861,rt,
bambu,2026-06-16,1.599,1.157,2.241,1.402,1.819,rt,
bambu,2026-06-17,1.594,1.173,2.176,1.412,1.794,rt,
bambu,2026-06-18,1.587,1.194,2.134,1.416,1.784,rt,
bambu,2026-06-19,1.579,1.191,2.113,1.41,1.782,rt,
bambu,2026-06-20,1.573,1.192,2.094,1.396,1.779,rt,
bambu,2026-06-21,1.565,1.174,2.12,1.378,1.782,rt,
bambu,2026-06-22,1.582,1.149,2.183,1.38,1.822,rt,
bambu,2026-06-23,1.576,1.178,2.096,1.399,1.786,rt,
bambu,2026-06-24,1.567,1.19,2.038,1.401,1.754,rt,
bambu,2026-06-25,1.555,1.207,2.001,1.4,1.733,rt,
bambu,2026-06-26,1.541,1.192,2.005,1.382,1.716,rt,
bambu,2026-06-27,1.524,1.171,2.01,1.37,1.699,rt,
bambu,2026-06-28,1.506,1.132,2.051,1.348,1.702,rt,
bambu,2026-06-29,1.46,1.066,2.053,1.287,1.67,rt,
bambu,2026-06-30,1.42,1.071,1.92,1.258,1.589,rt,
bambu,2026-07-01,1.38,1.058,1.81,1.231,1.526,rt,
bambu,2026-07-02,1.345,1.028,1.728,1.202,1.479,rt,
bambu,2026-07-03,1.297,0.999,1.653,1.161,1.44,rt,
bambu,2026-07-04,1.259,0.958,1.614,1.122,1.403,rt,
bambu,2026-07-05,1.221,0.896,1.599,1.074,1.367,rt,
bambu,2026-07-06,1.191,0.844,1.61,1.035,1.351,rt,
bambu,2026-07-07,1.188,0.864,1.562,1.051,1.334,rt,
bambu,2026-07-08,1.183,0.882,1.533,1.059,1.315,rt,
bambu,2026-07-09,1.18,0.895,1.513,1.061,1.303,rt,
bambu,2026-07-10,1.177,0.901,1.513,1.057,1.302,rt,
bambu,2026-07-11,1.173,0.889,1.526,1.051,1.303,rt,
bambu,2026-07-12,1.168,0.877,1.565,1.036,1.305,rt,
bambu,2026-07-13,1.154,0.835,1.589,1.013,1.304,rt,
bambu,2026-07-14,1.168,0.864,1.533,1.032,1.297,rt,
bambu,2026-07-15,1.172,0.883,1.507,1.053,1.301,rt,
bambu,2026-07-16,1.181,0.899,1.497,1.064,1.303,rt,
bambu,2026-07-17,1.19,0.909,1.52,1.075,1.316,rt,
bambu,2026-07-18,1.195,0.908,1.556,1.075,1.331,rt,
bambu,2026-07-19,1.199,0.893,1.607,1.073,1.353,rt,
bambu,2026-07-20,1.209,0.866,1.67,1.068,1.378,rt,
bambu,2026-07-21,1.221,0.899,1.64,1.086,1.37,rt,
bambu,2026-07-22,1.22,0.93,1.605,1.1,1.363,rt,
bambu,2026-07-23,1.224,0.95,1.584,1.104,1.357,rt,
bambu,2026-07-24,1.235,0.961,1.581,1.109,1.358,rt,
bambu,2026-07-25,1.238,0.961,1.594,1.109,1.367,rt,
bambu,2026-07-26,1.249,0.951,1.619,1.102,1.385,rt,
bambu,2026-07-27,1.249,0.924,1.664,1.099,1.4,rt,
bambu,2026-07-28,1.258,0.958,1.629,1.118,1.393,rt,
bambu,2026-07-29,1.258,0.985,1.622,1.135,1.39,rt,
bambu,2026-07-30,1.264,0.989,1.62,1.148,1.394,rt,
bambu,2026-07-31,1.262,0.995,1.607,1.142,1.384,rt,
bambu,2026-08-01,1.254,0.981,1.614,1.131,1.387,rt,
bambu,2026-08-02,1.245,0.956,1.635,1.114,1.388,rt,
bambu,2026-08-03,1.234,0.909,1.667,1.085,1.39,rt,
bambu,2026-08-04,1.215,0.92,1.602,1.087,1.361,rt,
bambu,2026-08-05,1.201,0.93,1.552,1.081,1.337,rt,
bambu,2026-08-06,1.19,0.928,1.526,1.071,1.313,rt,
bambu,2026-08-07,1.163,0.914,1.51,1.053,1.291,rt,
bambu,2026-08-08,1.143,0.886,1.498,1.032,1.271,rt,
bambu,2026-08-09,1.122,0.853,1.506,1.001,1.258,rt,
bambu,2026-08-10,1.092,0.809,1.504,0.96,1.238,rt,
bambu,2026-08-11,1.047,0.796,1.404,0.934,1.178,rt,
bambu,2026-08-12,1.005,0.772,1.32,0.903,1.127,rt,
bambu,2026-08-13,0.971,0.746,1.252,0.87,1.071,rt,
bambu,2026-08-14,0.932,0.707,1.201,0.835,1.031,rt,
bambu,2026-08-15,0.892,0.668,1.172,0.796,0.996,rt,
bambu,2026-08-16,0.856,0.622,1.142,0.755,0.959,rt,
bambu,2026-08-17,0.824,0.582,1.135,0.717,0.942,rt,
bambu,2026-08-18,0.799,0.583,1.073,0.705,0.903,rt,
bambu,2026-08-19,0.782,0.577,1.026,0.689,0.872,rt,
bambu,2026-08-20,0.753,0.565,0.987,0.672,0.843,rt,
bambu,2026-08-21,0.732,0.55,0.955,0.654,0.824,rt,
bambu,2026-08-22,0.71,0.525,0.939,0.631,0.804,rt,
bambu,2026-08-23,0.688,0.493,0.927,0.609,0.784,rt,
bambu,2026-08-24,0.674,0.466,0.927,0.591,0.777,rt,
bambu,2026-08-25,0.685,0.49,0.912,0.605,0.781,rt,
bambu,2026-08-26,0.695,0.509,0.904,0.613,0.785,rt,
bambu,2026-08-27,0.704,0.523,0.913,0.623,0.787,rt,
bambu,2026-08-28,0.706,0.525,0.919,0.628,0.789,rt,
bambu,2026-08-29,0.706,0.516,0.935,0.63,0.793,rt,
bambu,2026-08-30,0.705,0.502,0.957,0.625,0.795,rt,
bambu,2026-08-31,0.694,0.48,0.973,0.605,0.794,rt,
bambu,2026-09-01,0.708,0.504,0.967,0.622,0.804,rt,
bambu,2026-09-02,0.725,0.533,0.966,0.639,0.809,rt,
bambu,2026-09-03,0.736,0.548,0.972,0.649,0.819,rt,
bambu,2026-09-04,0.744,0.551,0.98,0.656,0.834,rt,
bambu,2026-09-05,0.75,0.551,1.003,0.659,0.849,rt,
bambu,2026-09-06,0.757,0.541,1.032,0.653,0.859,rt,
bambu,2026-09-07,0.748,0.515,1.073,0.639,0.864,rt,
bambu,2026-09-08,0.745,0.525,1.031,0.641,0.851,rt,
bambu,2026-09-09,0.738,0.523,1.009,0.637,0.835,rt,
bambu,2026-09-10,0.728,0.523,0.994,0.634,0.83,rt,
bambu,2026-09-11,0.715,0.515,0.978,0.622,0.821,rt,
bambu,2026-09-12,0.705,0.493,0.978,0.609,0.813,rt,
bambu,2026-09-13,0.689,0.467,0.989,0.586,0.804,rt,
bambu,2026-09-14,0.678,0.438,1.0,0.569,0.799,rt,
bambu,2026-09-15,0.688,0.457,1.001,0.587,0.805,rt,
bambu,2026-09-16,0.704,0.468,1.014,0.598,0.82,rt,
bambu,2026-09-17,0.716,0.478,1.027,0.607,0.841,rt,
bambu,2026-09-18,0.73,0.479,1.056,0.616,0.86,rt,
bambu,2026-09-19,0.744,0.478,1.105,0.623,0.877,rt,
bambu,2026-09-20,0.757,0.469,1.16,0.627,0.902,rt,
bambu,2026-09-21,0.773,0.463,1.24,0.632,0.943,rt,
bambu,2026-09-22,0.781,0.466,1.247,0.64,0.945,rt,
bambu,2026-09-23,0.782,0.46,1.258,0.646,0.951,rt,
bambu,2026-09-24,0.786,0.452,1.291,0.642,0.957,rt,
bambu,2026-09-25,0.789,0.443,1.336,0.633,0.971,rt,
bambu,2026-09-26,0.786,0.423,1.39,0.627,0.984,rt,
bambu,2026-09-27,0.781,0.41,1.438,0.615,1.007,rt,
bambu,2026-09-28,0.776,0.382,1.492,0.594,1.018,rt,
bambu,2026-09-29,0.767,0.379,1.481,0.591,1.013,rt,
bambu,2026-09-30,0.765,0.377,1.471,0.582,1.002,rt,
bambu,2026-10-01,0.754,0.371,1.459,0.57,1.003,rt,
bambu,2026-10-02,0.751,0.352,1.454,0.552,0.98,rt,
bambu,2026-10-03,0.741,0.339,1.479,0.538,0.975,rt,
bambu,2026-10-04,0.723,0.318,1.512,0.516,0.974,rt,
bambu,2026-10-05,0.7,0.296,1.524,0.495,0.963,rt,
bambu,2026-10-06,0.701,0.281,1.603,0.497,1.026,rt,
boga,2026-08-19,0.878,0.768,0.994,0.833,0.925,rt,
boga,2026-08-20,0.879,0.768,0.998,0.834,0.928,rt,
boga,2026-08-21,0.886,0.779,0.999,0.841,0.931,rt,
boga,2026-08-22,0.888,0.784,0.999,0.847,0.933,rt,
boga,2026-08-23,0.89,0.781,1.003,0.846,0.935,rt,
boga,2026-08-24,0.9,0.785,1.015,0.853,0.947,rt,
boga,2026-08-25,0.919,0.807,1.034,0.871,0.964,rt,
boga,2026-08-26,0.936,0.825,1.048,0.887,0.98,rt,
boga,2026-08-27,0.952,0.837,1.069,0.903,1.0,rt,
boga,2026-08-28,0.961,0.85,1.077,0.916,1.008,rt,
boga,2026-08-29,0.97,0.857,1.086,0.924,1.017,rt,
boga,2026-08-30,0.975,0.86,1.099,0.928,1.023,rt,
boga,2026-08-31,0.967,0.853,1.095,0.918,1.019,rt,
boga,2026-09-01,0.972,0.861,1.095,0.924,1.024,rt,
boga,2026-09-02,0.978,0.864,1.099,0.93,1.029,rt,
boga,2026-09-03,0.982,0.868,1.107,0.934,1.034,rt,
boga,2026-09-04,0.981,0.875,1.1,0.937,1.031,rt,
boga,2026-09-05,0.981,0.872,1.097,0.934,1.029,rt,
boga,2026-09-06,0.976,0.864,1.095,0.928,1.025,rt,
boga,2026-09-07,0.954,0.841,1.078,0.907,1.008,rt,
boga,2026-09-08,0.941,0.826,1.062,0.895,0.991,rt,
boga,2026-09-09,0.926,0.811,1.05,0.878,0.977,rt,
boga,2026-09-10,0.908,0.791,1.038,0.861,0.961,rt,
boga,2026-09-11,0.89,0.779,1.019,0.843,0.942,rt,
boga,2026-09-12,0.87,0.755,0.996,0.823,0.92,rt,
boga,2026-09-13,0.85,0.725,0.98,0.797,0.901,rt,
boga,2026-09-14,0.829,0.694,0.971,0.775,0.885,rt,
boga,2026-09-15,0.825,0.691,0.964,0.77,0.881,rt,
boga,2026-09-16,0.82,0.688,0.963,0.767,0.877,rt,
boga,2026-09-17,0.818,0.681,0.966,0.763,0.876,rt,
boga,2026-09-18,0.816,0.676,0.964,0.759,0.872,rt,
boga,2026-09-19,0.81,0.665,0.969,0.751,0.873,rt,
boga,2026-09-20,0.805,0.652,0.977,0.742,0.874,rt,
boga,2026-09-21,0.808,0.644,0.989,0.738,0.882,rt,
boga,2026-09-22,0.81,0.647,1.002,0.739,0.887,rt,
boga,2026-09-23,0.812,0.64,1.013,0.738,0.896,rt,
boga,2026-09-24,0.813,0.629,1.024,0.734,0.898,rt,
boga,2026-09-25,0.817,0.626,1.034,0.734,0.902,rt,
boga,2026-09-26,0.817,0.612,1.052,0.732,0.909,rt,
boga,2026-09-27,0.816,0.596,1.064,0.73,0.915,rt,
boga,2026-09-28,0.807,0.579,1.074,0.714,0.913,rt,
boga,2026-09-29,0.803,0.571,1.085,0.712,0.914,rt,
boga,2026-09-30,0.801,0.561,1.087,0.706,0.912,rt,
boga,2026-10-01,0.796,0.554,1.094,0.7,0.912,rt,
boga,2026-10-02,0.787,0.543,1.102,0.688,0.908,rt,
boga,2026-10-03,0.776,0.519,1.099,0.668,0.902,rt,
boga,2026-10-04,0.765,0.486,1.11,0.655,0.897,rt,
boga,2026-10-05,0.752,0.463,1.122,0.633,0.898,rt,
boga,2026-10-06,0.766,0.478,1.119,0.647,0.912,rt,
bunia,2026-04-20,2.662,1.648,6.264,2.103,3.485,rt,
bunia,2026-04-21,2.623,1.682,5.732,2.115,3.404,rt,
bunia,2026-04-22,2.581,1.71,5.443,2.123,3.321,rt,
bunia,2026-04-23,2.546,1.72,5.063,2.123,3.256,rt,
bunia,2026-04-24,2.532,1.721,4.889,2.118,3.239,rt,
bunia,2026-04-25,2.527,1.716,4.753,2.128,3.19,rt,
bunia,2026-04-26,2.515,1.71,4.634,2.134,3.154,rt,
bunia,2026-04-27,2.489,1.677,4.53,2.117,3.105,rt,
bunia,2026-04-28,2.481,1.713,4.346,2.118,3.061,rt,
bunia,2026-04-29,2.476,1.721,4.192,2.115,3.026,rt,
bunia,2026-04-30,2.469,1.735,4.079,2.118,2.983,rt,
bunia,2026-05-01,2.482,1.776,4.067,2.13,2.981,rt,
bunia,2026-05-02,2.498,1.77,4.01,2.133,2.982,rt,
bunia,2026-05-03,2.507,1.745,4.01,2.136,2.985,rt,
bunia,2026-05-04,2.507,1.72,4.023,2.124,2.992,rt,
bunia,2026-05-05,2.506,1.762,3.95,2.158,2.965,rt,
bunia,2026-05-06,2.516,1.808,3.827,2.171,2.952,rt,
bunia,2026-05-07,2.521,1.809,3.751,2.178,2.911,rt,
bunia,2026-05-08,2.504,1.834,3.694,2.175,2.894,rt,
bunia,2026-05-09,2.486,1.861,3.645,2.177,2.855,rt,
bunia,2026-05-10,2.484,1.839,3.615,2.167,2.857,rt,
bunia,2026-05-11,2.397,1.738,3.478,2.072,2.756,rt,
bunia,2026-05-12,2.298,1.706,3.265,2.012,2.616,rt,
bunia,2026-05-13,2.21,1.668,3.083,1.959,2.506,rt,
bunia,2026-05-14,2.133,1.628,2.923,1.893,2.404,rt,
bunia,2026-05-15,2.051,1.571,2.812,1.832,2.31,rt,
bunia,2026-05-16,1.967,1.511,2.746,1.758,2.224,rt,
bunia,2026-05-17,1.889,1.44,2.679,1.68,2.146,rt,
bunia,2026-05-18,1.819,1.34,2.608,1.598,2.082,rt,
bunia,2026-05-19,1.743,1.315,2.422,1.55,1.969,rt,
bunia,2026-05-20,1.671,1.281,2.257,1.496,1.873,rt,
bunia,2026-05-21,1.602,1.245,2.102,1.449,1.782,rt,
bunia,2026-05-22,1.521,1.188,1.962,1.383,1.683,rt,
bunia,2026-05-23,1.446,1.117,1.853,1.305,1.6,rt,
bunia,2026-05-24,1.373,1.023,1.773,1.227,1.531,rt,
bunia,2026-05-25,1.296,0.929,1.715,1.141,1.467,rt,
bunia,2026-05-26,1.283,0.949,1.66,1.143,1.435,rt,
bunia,2026-05-27,1.27,0.968,1.615,1.153,1.414,rt,
bunia,2026-05-28,1.271,0.983,1.589,1.146,1.396,rt,
bunia,2026-05-29,1.268,0.986,1.576,1.15,1.381,rt,
bunia,2026-05-30,1.262,0.972,1.577,1.145,1.379,rt,
bunia,2026-05-31,1.256,0.951,1.599,1.134,1.387,rt,
bunia,2026-06-01,1.257,0.921,1.636,1.126,1.409,rt,
bunia,2026-06-02,1.318,1.013,1.638,1.2,1.447,rt,
bunia,2026-06-03,1.376,1.105,1.666,1.268,1.49,rt,
bunia,2026-06-04,1.431,1.183,1.703,1.33,1.533,rt,
bunia,2026-06-05,1.487,1.266,1.746,1.391,1.587,rt,
bunia,2026-06-06,1.532,1.308,1.812,1.433,1.638,rt,
bunia,2026-06-07,1.572,1.328,1.876,1.467,1.69,rt,
bunia,2026-06-08,1.606,1.334,1.95,1.491,1.741,rt,
bunia,2026-06-09,1.584,1.353,1.883,1.486,1.707,rt,
bunia,2026-06-10,1.564,1.352,1.838,1.474,1.666,rt,
bunia,2026-06-11,1.541,1.33,1.803,1.451,1.638,rt,
bunia,2026-06-12,1.516,1.313,1.782,1.429,1.613,rt,
bunia,2026-06-13,1.49,1.282,1.765,1.398,1.587,rt,
bunia,2026-06-14,1.457,1.239,1.75,1.363,1.564,rt,
bunia,2026-06-15,1.431,1.191,1.745,1.332,1.545,rt,
bunia,2026-06-16,1.378,1.176,1.643,1.293,1.475,rt,
bunia,2026-06-17,1.332,1.147,1.569,1.255,1.415,rt,
bunia,2026-06-18,1.285,1.119,1.493,1.213,1.36,rt,
bunia,2026-06-19,1.237,1.084,1.429,1.17,1.311,rt,
bunia,2026-06-20,1.192,1.039,1.376,1.125,1.267,rt,
bunia,2026-06-21,1.147,0.977,1.342,1.077,1.222,rt,
bunia,2026-06-22,1.124,0.931,1.331,1.044,1.202,rt,
bunia,2026-06-23,1.133,0.963,1.32,1.065,1.206,rt,
bunia,2026-06-24,1.143,0.985,1.317,1.082,1.213,rt,
bunia,2026-06-25,1.155,1.007,1.322,1.097,1.222,rt,
bunia,2026-06-26,1.167,1.022,1.324,1.108,1.23,rt,
bunia,2026-06-27,1.179,1.028,1.345,1.111,1.243,rt,
bunia,2026-06-28,1.189,1.024,1.37,1.111,1.259,rt,
bunia,2026-06-29,1.171,0.992,1.371,1.089,1.256,rt,
bunia,2026-06-30,1.166,1.016,1.347,1.097,1.236,rt,
bunia,2026-07-01,1.163,1.029,1.322,1.103,1.223,rt,
bunia,2026-07-02,1.16,1.033,1.307,1.102,1.217,rt,
bunia,2026-07-03,1.155,1.029,1.302,1.103,1.212,rt,
bunia,2026-07-04,1.152,1.019,1.314,1.097,1.214,rt,
bunia,2026-07-05,1.148,0.997,1.329,1.087,1.218,rt,
bunia,2026-07-06,1.154,0.975,1.353,1.08,1.236,rt,
bunia,2026-07-07,1.143,0.98,1.317,1.075,1.211,rt,
bunia,2026-07-08,1.127,0.989,1.287,1.069,1.19,rt,
bunia,2026-07-09,1.113,0.985,1.262,1.059,1.175,rt,
bunia,2026-07-10,1.102,0.979,1.249,1.049,1.16,rt,
bunia,2026-07-11,1.091,0.959,1.244,1.034,1.146,rt,
bunia,2026-07-12,1.078,0.934,1.25,1.013,1.14,rt,
bunia,2026-07-13,1.053,0.896,1.244,0.984,1.125,rt,
bunia,2026-07-14,1.039,0.9,1.206,0.978,1.101,rt,
bunia,2026-07-15,1.025,0.894,1.169,0.968,1.079,rt,
bunia,2026-07-16,1.011,0.886,1.148,0.957,1.062,rt,
bunia,2026-07-17,0.995,0.874,1.128,0.947,1.05,rt,
bunia,2026-07-18,0.983,0.852,1.116,0.929,1.041,rt,
bunia,2026-07-19,0.965,0.824,1.118,0.906,1.028,rt,
bunia,2026-07-20,0.951,0.794,1.133,0.886,1.023,rt,
bunia,2026-07-21,0.956,0.817,1.114,0.901,1.019,rt,
bunia,2026-07-22,0.962,0.834,1.103,0.91,1.015,rt,
bunia,2026-07-23,0.967,0.842,1.098,0.915,1.018,rt,
bunia,2026-07-24,0.973,0.852,1.095,0.922,1.023,rt,
bunia,2026-07-25,0.978,0.852,1.108,0.923,1.028,rt,
bunia,2026-07-26,0.979,0.836,1.125,0.92,1.036,rt,
bunia,2026-07-27,0.981,0.823,1.149,0.918,1.049,rt,
bunia,2026-07-28,0.999,0.857,1.15,0.938,1.057,rt,
bunia,2026-07-29,1.012,0.885,1.156,0.955,1.07,rt,
bunia,2026-07-30,1.025,0.901,1.169,0.97,1.082,rt,
bunia,2026-07-31,1.028,0.907,1.178,0.975,1.091,rt,
bunia,2026-08-01,1.035,0.901,1.203,0.973,1.095,rt,
bunia,2026-08-02,1.037,0.889,1.232,0.969,1.107,rt,
bunia,2026-08-03,1.035,0.856,1.255,0.957,1.113,rt,
bunia,2026-08-04,1.022,0.867,1.221,0.955,1.097,rt,
bunia,2026-08-05,1.012,0.874,1.189,0.954,1.077,rt,
bunia,2026-08-06,1.003,0.871,1.173,0.945,1.064,rt,
bunia,2026-08-07,0.987,0.86,1.148,0.934,1.046,rt,
bunia,2026-08-08,0.972,0.842,1.132,0.918,1.032,rt,
bunia,2026-08-09,0.958,0.808,1.125,0.898,1.022,rt,
bunia,2026-08-10,0.933,0.767,1.116,0.867,1.005,rt,
bunia,2026-08-11,0.919,0.774,1.074,0.856,0.982,rt,
bunia,2026-08-12,0.904,0.773,1.037,0.846,0.958,rt,
bunia,2026-08-13,0.888,0.768,1.016,0.833,0.937,rt,
bunia,2026-08-14,0.872,0.756,0.992,0.819,0.918,rt,
bunia,2026-08-15,0.854,0.737,0.98,0.804,0.9,rt,
bunia,2026-08-16,0.835,0.71,0.97,0.782,0.887,rt,
bunia,2026-08-17,0.825,0.682,0.982,0.766,0.883,rt,
bunia,2026-08-18,0.829,0.703,0.968,0.779,0.885,rt,
bunia,2026-08-19,0.834,0.719,0.963,0.789,0.888,rt,
bunia,2026-08-20,0.84,0.725,0.963,0.79,0.893,rt,
bunia,2026-08-21,0.847,0.733,0.974,0.803,0.9,rt,
bunia,2026-08-22,0.854,0.734,0.99,0.807,0.909,rt,
bunia,2026-08-23,0.86,0.722,1.007,0.804,0.917,rt,
bunia,2026-08-24,0.87,0.715,1.047,0.808,0.941,rt,
bunia,2026-08-25,0.881,0.741,1.036,0.822,0.946,rt,
bunia,2026-08-26,0.89,0.761,1.031,0.834,0.951,rt,
bunia,2026-08-27,0.898,0.774,1.037,0.842,0.955,rt,
bunia,2026-08-28,0.899,0.775,1.036,0.847,0.954,rt,
bunia,2026-08-29,0.897,0.772,1.042,0.844,0.954,rt,
bunia,2026-08-30,0.892,0.756,1.056,0.837,0.96,rt,
bunia,2026-08-31,0.878,0.716,1.062,0.813,0.952,rt,
bunia,2026-09-01,0.878,0.733,1.045,0.816,0.943,rt,
bunia,2026-09-02,0.877,0.738,1.027,0.819,0.933,rt,
bunia,2026-09-03,0.872,0.741,1.018,0.814,0.928,rt,
bunia,2026-09-04,0.864,0.738,1.005,0.808,0.921,rt,
bunia,2026-09-05,0.853,0.721,1.004,0.798,0.913,rt,
bunia,2026-09-06,0.842,0.692,1.006,0.78,0.907,rt,
bunia,2026-09-07,0.816,0.648,0.996,0.749,0.89,rt,
bunia,2026-09-08,0.808,0.659,0.97,0.747,0.873,rt,
bunia,2026-09-09,0.797,0.661,0.944,0.742,0.856,rt,
bunia,2026-09-10,0.786,0.657,0.928,0.735,0.839,rt,
bunia,2026-09-11,0.774,0.643,0.91,0.72,0.828,rt,
bunia,2026-09-12,0.759,0.616,0.904,0.698,0.819,rt,
bunia,2026-09-13,0.741,0.584,0.906,0.674,0.81,rt,
bunia,2026-09-14,0.725,0.543,0.921,0.647,0.809,rt,
bunia,2026-09-15,0.732,0.563,0.917,0.661,0.811,rt,
bunia,2026-09-16,0.744,0.581,0.921,0.676,0.818,rt,
bunia,2026-09-17,0.757,0.591,0.936,0.687,0.831,rt,
bunia,2026-09-18,0.769,0.592,0.958,0.694,0.846,rt,
bunia,2026-09-19,0.78,0.585,0.996,0.701,0.864,rt,
bunia,2026-09-20,0.793,0.573,1.038,0.703,0.892,rt,
bunia,2026-09-21,0.815,0.566,1.101,0.708,0.925,rt,
bunia,2026-09-22,0.811,0.562,1.101,0.705,0.923,rt,
bunia,2026-09-23,0.809,0.554,1.112,0.705,0.923,rt,
bunia,2026-09-24,0.807,0.54,1.121,0.693,0.927,rt,
bunia,2026-09-25,0.805,0.522,1.149,0.68,0.939,rt,
bunia,2026-09-26,0.801,0.495,1.172,0.662,0.957,rt,
bunia,2026-09-27,0.796,0.461,1.211,0.64,0.966,rt,
bunia,2026-09-28,0.786,0.423,1.244,0.615,0.973,rt,
bunia,2026-09-29,0.774,0.418,1.246,0.606,0.973,rt,
bunia,2026-09-30,0.766,0.4,1.255,0.598,0.975,rt,
bunia,2026-10-01,0.761,0.382,1.276,0.589,0.977,rt,
bunia,2026-10-02,0.752,0.359,1.287,0.568,0.966,rt,
bunia,2026-10-03,0.737,0.332,1.298,0.552,0.964,rt,
bunia,2026-10-04,0.723,0.307,1.32,0.531,0.961,rt,
bunia,2026-10-05,0.706,0.285,1.352,0.509,0.96,rt,
bunia,2026-10-06,0.712,0.267,1.394,0.489,0.952,rt,
damas,2026-06-16,1.101,0.675,1.711,0.902,1.32,rt,
damas,2026-06-17,1.122,0.709,1.687,0.928,1.327,rt,
damas,2026-06-18,1.141,0.736,1.711,0.958,1.352,rt,
damas,2026-06-19,1.16,0.751,1.734,0.973,1.376,rt,
damas,2026-06-20,1.184,0.766,1.782,0.984,1.395,rt,
damas,2026-06-21,1.206,0.762,1.855,0.989,1.441,rt,
damas,2026-06-22,1.245,0.766,1.961,1.009,1.504,rt,
damas,2026-06-23,1.251,0.796,1.904,1.039,1.487,rt,
damas,2026-06-24,1.268,0.829,1.884,1.063,1.492,rt,
damas,2026-06-25,1.281,0.847,1.852,1.082,1.494,rt,
damas,2026-06-26,1.291,0.84,1.851,1.092,1.504,rt,
damas,2026-06-27,1.301,0.844,1.893,1.091,1.52,rt,
damas,2026-06-28,1.306,0.83,1.979,1.086,1.545,rt,
damas,2026-06-29,1.284,0.793,2.025,1.059,1.546,rt,
damas,2026-06-30,1.267,0.812,1.918,1.069,1.505,rt,
damas,2026-07-01,1.249,0.824,1.855,1.068,1.475,rt,
damas,2026-07-02,1.236,0.817,1.804,1.067,1.448,rt,
damas,2026-07-03,1.225,0.812,1.78,1.054,1.43,rt,
damas,2026-07-04,1.209,0.8,1.782,1.036,1.415,rt,
damas,2026-07-05,1.198,0.773,1.815,1.006,1.409,rt,
damas,2026-07-06,1.194,0.748,1.874,0.985,1.431,rt,
damas,2026-07-07,1.211,0.784,1.84,1.015,1.427,rt,
damas,2026-07-08,1.225,0.812,1.796,1.038,1.424,rt,
damas,2026-07-09,1.242,0.838,1.79,1.066,1.429,rt,
damas,2026-07-10,1.254,0.857,1.824,1.076,1.458,rt,
damas,2026-07-11,1.265,0.862,1.856,1.078,1.489,rt,
damas,2026-07-12,1.281,0.854,1.925,1.077,1.519,rt,
damas,2026-07-13,1.279,0.822,2.007,1.065,1.549,rt,
damas,2026-07-14,1.279,0.84,1.935,1.088,1.523,rt,
damas,2026-07-15,1.28,0.856,1.907,1.094,1.501,rt,
damas,2026-07-16,1.278,0.861,1.87,1.097,1.49,rt,
damas,2026-07-17,1.284,0.87,1.888,1.097,1.49,rt,
damas,2026-07-18,1.28,0.855,1.897,1.088,1.509,rt,
damas,2026-07-19,1.274,0.837,1.948,1.071,1.515,rt,
damas,2026-07-20,1.279,0.803,2.061,1.058,1.549,rt,
damas,2026-07-21,1.27,0.829,1.963,1.066,1.498,rt,
damas,2026-07-22,1.253,0.839,1.906,1.061,1.465,rt,
damas,2026-07-23,1.233,0.842,1.854,1.063,1.453,rt,
damas,2026-07-24,1.222,0.824,1.809,1.055,1.443,rt,
damas,2026-07-25,1.213,0.805,1.814,1.031,1.434,rt,
damas,2026-07-26,1.201,0.768,1.845,1.006,1.433,rt,
damas,2026-07-27,1.185,0.736,1.934,0.979,1.44,rt,
damas,2026-07-28,1.179,0.755,1.85,0.984,1.404,rt,
damas,2026-07-29,1.161,0.769,1.747,0.986,1.377,rt,
damas,2026-07-30,1.135,0.761,1.675,0.98,1.345,rt,
damas,2026-07-31,1.111,0.741,1.648,0.957,1.318,rt,
damas,2026-08-01,1.089,0.717,1.622,0.933,1.286,rt,
damas,2026-08-02,1.057,0.676,1.629,0.9,1.275,rt,
damas,2026-08-03,1.027,0.625,1.647,0.86,1.253,rt,
damas,2026-08-04,1.017,0.631,1.567,0.857,1.212,rt,
damas,2026-08-05,1.001,0.646,1.514,0.848,1.18,rt,
damas,2026-08-06,0.989,0.649,1.461,0.836,1.15,rt,
damas,2026-08-07,0.97,0.628,1.426,0.822,1.129,rt,
damas,2026-08-08,0.95,0.607,1.413,0.796,1.11,rt,
damas,2026-08-09,0.925,0.574,1.416,0.768,1.105,rt,
damas,2026-08-10,0.893,0.539,1.435,0.732,1.092,rt,
damas,2026-08-11,0.883,0.544,1.357,0.728,1.056,rt,
damas,2026-08-12,0.866,0.559,1.296,0.721,1.032,rt,
damas,2026-08-13,0.852,0.546,1.261,0.707,1.013,rt,
damas,2026-08-14,0.839,0.534,1.254,0.697,0.996,rt,
damas,2026-08-15,0.821,0.509,1.25,0.685,0.983,rt,
damas,2026-08-16,0.809,0.487,1.271,0.66,0.967,rt,
damas,2026-08-17,0.794,0.472,1.299,0.637,0.967,rt,
damas,2026-08-18,0.788,0.481,1.238,0.644,0.942,rt,
damas,2026-08-19,0.776,0.49,1.206,0.642,0.93,rt,
damas,2026-08-20,0.76,0.484,1.165,0.632,0.908,rt,
damas,2026-08-21,0.752,0.476,1.162,0.628,0.909,rt,
damas,2026-08-22,0.743,0.467,1.169,0.617,0.903,rt,
damas,2026-08-23,0.733,0.452,1.169,0.598,0.899,rt,
damas,2026-08-24,0.733,0.43,1.204,0.585,0.911,rt,
damas,2026-08-25,0.733,0.436,1.161,0.592,0.891,rt,
damas,2026-08-26,0.736,0.436,1.136,0.597,0.877,rt,
damas,2026-08-27,0.732,0.433,1.1,0.591,0.863,rt,
damas,2026-08-28,0.724,0.427,1.078,0.587,0.858,rt,
damas,2026-08-29,0.713,0.418,1.089,0.573,0.85,rt,
damas,2026-08-30,0.699,0.399,1.096,0.558,0.844,rt,
damas,2026-08-31,0.675,0.369,1.102,0.537,0.832,rt,
damas,2026-09-01,0.666,0.372,1.056,0.535,0.808,rt,
damas,2026-09-02,0.65,0.378,1.003,0.529,0.785,rt,
damas,2026-09-03,0.636,0.377,0.975,0.524,0.767,rt,
damas,2026-09-04,0.623,0.369,0.951,0.512,0.752,rt,
damas,2026-09-05,0.607,0.36,0.932,0.495,0.738,rt,
damas,2026-09-06,0.588,0.346,0.928,0.476,0.723,rt,
damas,2026-09-07,0.559,0.326,0.93,0.449,0.702,rt,
damas,2026-09-08,0.548,0.323,0.883,0.447,0.68,rt,
damas,2026-09-09,0.535,0.32,0.863,0.439,0.657,rt,
damas,2026-09-10,0.526,0.315,0.848,0.429,0.639,rt,
damas,2026-09-11,0.513,0.304,0.823,0.419,0.627,rt,
damas,2026-09-12,0.497,0.293,0.806,0.402,0.61,rt,
damas,2026-09-13,0.484,0.277,0.798,0.386,0.601,rt,
damas,2026-09-14,0.471,0.261,0.802,0.368,0.589,rt,
damas,2026-09-15,0.477,0.27,0.794,0.379,0.596,rt,
damas,2026-09-16,0.483,0.276,0.803,0.383,0.602,rt,
damas,2026-09-17,0.49,0.283,0.823,0.389,0.607,rt,
damas,2026-09-18,0.498,0.284,0.848,0.392,0.615,rt,
damas,2026-09-19,0.503,0.288,0.886,0.393,0.635,rt,
damas,2026-09-20,0.506,0.284,0.923,0.398,0.65,rt,
damas,2026-09-21,0.514,0.282,0.968,0.4,0.673,rt,
damas,2026-09-22,0.529,0.293,0.984,0.414,0.68,rt,
damas,2026-09-23,0.539,0.3,0.995,0.423,0.69,rt,
damas,2026-09-24,0.548,0.303,1.015,0.434,0.706,rt,
damas,2026-09-25,0.558,0.307,1.035,0.438,0.727,rt,
damas,2026-09-26,0.571,0.307,1.083,0.446,0.748,rt,
damas,2026-09-27,0.578,0.303,1.151,0.449,0.766,rt,
damas,2026-09-28,0.579,0.297,1.218,0.45,0.781,rt,
damas,2026-09-29,0.586,0.302,1.208,0.453,0.786,rt,
damas,2026-09-30,0.592,0.31,1.208,0.455,0.794,rt,
damas,2026-10-01,0.595,0.308,1.202,0.458,0.797,rt,
damas,2026-10-02,0.598,0.313,1.207,0.454,0.799,rt,
damas,2026-10-03,0.6,0.309,1.234,0.452,0.802,rt,
damas,2026-10-04,0.604,0.301,1.291,0.445,0.807,rt,
damas,2026-10-05,0.605,0.294,1.333,0.439,0.811,rt,
damas,2026-10-06,0.642,0.304,1.471,0.478,0.865,rt,
drodro,2026-06-30,1.302,1.153,1.476,1.236,1.369,rt,
drodro,2026-07-01,1.277,1.137,1.438,1.215,1.34,rt,
drodro,2026-07-02,1.254,1.119,1.411,1.197,1.314,rt,
drodro,2026-07-03,1.231,1.107,1.375,1.176,1.284,rt,
drodro,2026-07-04,1.209,1.085,1.345,1.156,1.259,rt,
drodro,2026-07-05,1.186,1.054,1.324,1.134,1.238,rt,
drodro,2026-07-06,1.172,1.032,1.314,1.117,1.228,rt,
drodro,2026-07-07,1.174,1.046,1.305,1.124,1.225,rt,
drodro,2026-07-08,1.176,1.058,1.297,1.127,1.222,rt,
drodro,2026-07-09,1.177,1.063,1.295,1.13,1.223,rt,
drodro,2026-07-10,1.178,1.073,1.296,1.135,1.223,rt,
drodro,2026-07-11,1.18,1.076,1.299,1.137,1.226,rt,
drodro,2026-07-12,1.18,1.067,1.306,1.134,1.229,rt,
drodro,2026-07-13,1.17,1.046,1.305,1.121,1.221,rt,
drodro,2026-07-14,1.168,1.05,1.291,1.12,1.216,rt,
drodro,2026-07-15,1.162,1.05,1.283,1.117,1.209,rt,
drodro,2026-07-16,1.157,1.042,1.281,1.108,1.204,rt,
drodro,2026-07-17,1.154,1.043,1.278,1.106,1.199,rt,
drodro,2026-07-18,1.148,1.035,1.275,1.1,1.196,rt,
drodro,2026-07-19,1.139,1.024,1.28,1.091,1.189,rt,
drodro,2026-07-20,1.134,1.01,1.286,1.085,1.188,rt,
drodro,2026-07-21,1.131,1.014,1.269,1.081,1.179,rt,
drodro,2026-07-22,1.125,1.014,1.256,1.078,1.172,rt,
drodro,2026-07-23,1.119,1.007,1.244,1.072,1.167,rt,
drodro,2026-07-24,1.114,1.008,1.232,1.07,1.159,rt,
drodro,2026-07-25,1.108,1.0,1.226,1.065,1.154,rt,
drodro,2026-07-26,1.1,0.985,1.225,1.055,1.146,rt,
drodro,2026-07-27,1.095,0.968,1.228,1.045,1.144,rt,
drodro,2026-07-28,1.092,0.976,1.222,1.045,1.139,rt,
drodro,2026-07-29,1.088,0.979,1.219,1.042,1.137,rt,
drodro,2026-07-30,1.082,0.975,1.211,1.037,1.131,rt,
drodro,2026-07-31,1.07,0.967,1.191,1.025,1.119,rt,
drodro,2026-08-01,1.057,0.949,1.179,1.011,1.105,rt,
drodro,2026-08-02,1.042,0.926,1.167,0.994,1.09,rt,
drodro,2026-08-03,1.021,0.896,1.154,0.973,1.074,rt,
drodro,2026-08-04,1.016,0.895,1.141,0.968,1.064,rt,
drodro,2026-08-05,1.01,0.895,1.125,0.962,1.056,rt,
drodro,2026-08-06,1.002,0.888,1.118,0.954,1.049,rt,
drodro,2026-08-07,0.99,0.884,1.099,0.945,1.036,rt,
drodro,2026-08-08,0.98,0.875,1.083,0.934,1.022,rt,
drodro,2026-08-09,0.967,0.858,1.073,0.922,1.008,rt,
drodro,2026-08-10,0.946,0.831,1.055,0.899,0.989,rt,
drodro,2026-08-11,0.935,0.831,1.037,0.892,0.977,rt,
drodro,2026-08-12,0.926,0.824,1.028,0.885,0.965,rt,
drodro,2026-08-13,0.917,0.813,1.018,0.875,0.958,rt,
drodro,2026-08-14,0.907,0.808,1.007,0.866,0.946,rt,
drodro,2026-08-15,0.897,0.798,0.996,0.855,0.934,rt,
drodro,2026-08-16,0.885,0.785,0.987,0.842,0.923,rt,
drodro,2026-08-17,0.881,0.772,0.991,0.835,0.923,rt,
drodro,2026-08-18,0.883,0.78,0.988,0.838,0.923,rt,
drodro,2026-08-19,0.884,0.786,0.99,0.84,0.925,rt,
drodro,2026-08-20,0.883,0.786,0.993,0.842,0.926,rt,
drodro,2026-08-21,0.888,0.794,0.993,0.85,0.927,rt,
drodro,2026-08-22,0.891,0.796,0.993,0.853,0.93,rt,
drodro,2026-08-23,0.894,0.794,0.993,0.852,0.932,rt,
drodro,2026-08-24,0.902,0.795,1.007,0.859,0.942,rt,
drodro,2026-08-25,0.92,0.816,1.023,0.878,0.96,rt,
drodro,2026-08-26,0.936,0.832,1.04,0.895,0.979,rt,
drodro,2026-08-27,0.95,0.844,1.059,0.908,0.996,rt,
drodro,2026-08-28,0.959,0.86,1.066,0.921,1.004,rt,
drodro,2026-08-29,0.966,0.866,1.072,0.926,1.011,rt,
drodro,2026-08-30,0.97,0.868,1.079,0.93,1.017,rt,
drodro,2026-08-31,0.96,0.855,1.075,0.919,1.011,rt,
drodro,2026-09-01,0.965,0.863,1.075,0.925,1.015,rt,
drodro,2026-09-02,0.97,0.869,1.08,0.929,1.019,rt,
drodro,2026-09-03,0.974,0.871,1.09,0.931,1.022,rt,
drodro,2026-09-04,0.973,0.879,1.081,0.932,1.019,rt,
drodro,2026-09-05,0.97,0.874,1.074,0.93,1.013,rt,
drodro,2026-09-06,0.964,0.865,1.07,0.922,1.007,rt,
drodro,2026-09-07,0.943,0.836,1.055,0.897,0.986,rt,
drodro,2026-09-08,0.928,0.822,1.043,0.883,0.972,rt,
drodro,2026-09-09,0.911,0.805,1.029,0.867,0.954,rt,
drodro,2026-09-10,0.893,0.782,1.015,0.849,0.938,rt,
drodro,2026-09-11,0.872,0.766,0.99,0.83,0.918,rt,
drodro,2026-09-12,0.85,0.745,0.965,0.807,0.896,rt,
drodro,2026-09-13,0.828,0.716,0.947,0.782,0.875,rt,
drodro,2026-09-14,0.806,0.681,0.935,0.755,0.856,rt,
drodro,2026-09-15,0.803,0.682,0.929,0.752,0.854,rt,
drodro,2026-09-16,0.798,0.678,0.926,0.749,0.853,rt,
drodro,2026-09-17,0.796,0.67,0.927,0.745,0.852,rt,
drodro,2026-09-18,0.794,0.662,0.93,0.74,0.85,rt,
drodro,2026-09-19,0.79,0.653,0.935,0.734,0.852,rt,
drodro,2026-09-20,0.787,0.645,0.946,0.726,0.853,rt,
drodro,2026-09-21,0.79,0.637,0.965,0.724,0.859,rt,
drodro,2026-09-22,0.792,0.633,0.978,0.724,0.866,rt,
drodro,2026-09-23,0.794,0.628,0.986,0.723,0.873,rt,
drodro,2026-09-24,0.796,0.619,1.001,0.718,0.879,rt,
drodro,2026-09-25,0.797,0.612,1.012,0.716,0.883,rt,
drodro,2026-09-26,0.798,0.594,1.029,0.71,0.887,rt,
drodro,2026-09-27,0.797,0.581,1.044,0.704,0.892,rt,
drodro,2026-09-28,0.788,0.564,1.05,0.692,0.89,rt,
drodro,2026-09-29,0.786,0.549,1.057,0.685,0.89,rt,
drodro,2026-09-30,0.782,0.53,1.067,0.682,0.888,rt,
drodro,2026-10-01,0.777,0.514,1.074,0.677,0.891,rt,
drodro,2026-10-02,0.766,0.5,1.069,0.658,0.886,rt,
drodro,2026-10-03,0.757,0.48,1.072,0.643,0.884,rt,
drodro,2026-10-04,0.745,0.459,1.086,0.624,0.885,rt,
drodro,2026-10-05,0.73,0.437,1.107,0.605,0.876,rt,
drodro,2026-10-06,0.748,0.443,1.103,0.621,0.894,rt,
fataki,2026-06-21,2.2,1.52,3.301,1.889,2.571,rt,
fataki,2026-06-22,2.224,1.5,3.479,1.873,2.627,rt,
fataki,2026-06-23,2.191,1.523,3.302,1.883,2.562,rt,
fataki,2026-06-24,2.161,1.542,3.168,1.884,2.501,rt,
fataki,2026-06-25,2.126,1.552,3.092,1.868,2.466,rt,
fataki,2026-06-26,2.101,1.553,3.006,1.842,2.433,rt,
fataki,2026-06-27,2.065,1.481,2.985,1.809,2.406,rt,
fataki,2026-06-28,2.038,1.416,3.029,1.765,2.388,rt,
fataki,2026-06-29,1.972,1.324,3.032,1.675,2.321,rt,
fataki,2026-06-30,1.868,1.298,2.762,1.619,2.173,rt,
fataki,2026-07-01,1.775,1.269,2.528,1.557,2.052,rt,
fataki,2026-07-02,1.691,1.222,2.383,1.482,1.954,rt,
fataki,2026-07-03,1.62,1.159,2.253,1.415,1.869,rt,
fataki,2026-07-04,1.547,1.091,2.179,1.34,1.776,rt,
fataki,2026-07-05,1.479,1.013,2.114,1.257,1.7,rt,
fataki,2026-07-06,1.417,0.935,2.097,1.178,1.659,rt,
fataki,2026-07-07,1.393,0.946,1.978,1.179,1.611,rt,
fataki,2026-07-08,1.372,0.955,1.879,1.184,1.564,rt,
fataki,2026-07-09,1.346,0.949,1.812,1.178,1.531,rt,
fataki,2026-07-10,1.322,0.938,1.771,1.161,1.504,rt,
fataki,2026-07-11,1.301,0.917,1.772,1.141,1.48,rt,
fataki,2026-07-12,1.275,0.877,1.8,1.105,1.473,rt,
fataki,2026-07-13,1.241,0.828,1.834,1.057,1.459,rt,
fataki,2026-07-14,1.241,0.857,1.758,1.072,1.441,rt,
fataki,2026-07-15,1.239,0.872,1.705,1.082,1.422,rt,
fataki,2026-07-16,1.233,0.889,1.692,1.088,1.41,rt,
fataki,2026-07-17,1.229,0.905,1.706,1.092,1.41,rt,
fataki,2026-07-18,1.229,0.896,1.729,1.085,1.418,rt,
fataki,2026-07-19,1.222,0.873,1.767,1.068,1.422,rt,
fataki,2026-07-20,1.232,0.843,1.823,1.054,1.441,rt,
fataki,2026-07-21,1.218,0.863,1.742,1.053,1.397,rt,
fataki,2026-07-22,1.2,0.873,1.675,1.05,1.365,rt,
fataki,2026-07-23,1.181,0.869,1.611,1.039,1.341,rt,
fataki,2026-07-24,1.166,0.858,1.571,1.028,1.328,rt,
fataki,2026-07-25,1.146,0.832,1.568,1.008,1.312,rt,
fataki,2026-07-26,1.133,0.796,1.576,0.979,1.309,rt,
fataki,2026-07-27,1.113,0.75,1.6,0.948,1.296,rt,
fataki,2026-07-28,1.086,0.76,1.51,0.941,1.246,rt,
fataki,2026-07-29,1.056,0.76,1.434,0.922,1.203,rt,
fataki,2026-07-30,1.026,0.756,1.385,0.899,1.159,rt,
fataki,2026-07-31,0.985,0.728,1.339,0.867,1.123,rt,
fataki,2026-08-01,0.953,0.683,1.303,0.828,1.093,rt,
fataki,2026-08-02,0.919,0.622,1.302,0.791,1.061,rt,
fataki,2026-08-03,0.88,0.568,1.309,0.746,1.029,rt,
fataki,2026-08-04,0.85,0.569,1.217,0.724,0.982,rt,
fataki,2026-08-05,0.82,0.556,1.165,0.703,0.94,rt,
fataki,2026-08-06,0.79,0.544,1.117,0.678,0.904,rt,
fataki,2026-08-07,0.762,0.519,1.065,0.652,0.874,rt,
fataki,2026-08-08,0.731,0.487,1.035,0.622,0.852,rt,
fataki,2026-08-09,0.703,0.453,1.015,0.59,0.823,rt,
fataki,2026-08-10,0.668,0.413,0.998,0.553,0.794,rt,
fataki,2026-08-11,0.643,0.408,0.936,0.541,0.762,rt,
fataki,2026-08-12,0.624,0.407,0.895,0.527,0.726,rt,
fataki,2026-08-13,0.6,0.4,0.86,0.511,0.701,rt,
fataki,2026-08-14,0.579,0.383,0.828,0.495,0.677,rt,
fataki,2026-08-15,0.56,0.366,0.816,0.475,0.654,rt,
fataki,2026-08-16,0.542,0.344,0.811,0.454,0.639,rt,
fataki,2026-08-17,0.527,0.326,0.807,0.434,0.626,rt,
fataki,2026-08-18,0.516,0.324,0.779,0.433,0.608,rt,
fataki,2026-08-19,0.507,0.319,0.747,0.43,0.594,rt,
fataki,2026-08-20,0.497,0.312,0.728,0.423,0.582,rt,
fataki,2026-08-21,0.488,0.307,0.719,0.416,0.577,rt,
fataki,2026-08-22,0.481,0.294,0.715,0.407,0.573,rt,
fataki,2026-08-23,0.475,0.283,0.709,0.396,0.566,rt,
fataki,2026-08-24,0.469,0.27,0.717,0.387,0.569,rt,
fataki,2026-08-25,0.479,0.288,0.719,0.401,0.574,rt,
fataki,2026-08-26,0.49,0.306,0.719,0.412,0.581,rt,
fataki,2026-08-27,0.497,0.317,0.728,0.417,0.589,rt,
fataki,2026-08-28,0.505,0.32,0.747,0.423,0.593,rt,
fataki,2026-08-29,0.511,0.32,0.767,0.426,0.602,rt,
fataki,2026-08-30,0.512,0.315,0.796,0.425,0.609,rt,
fataki,2026-08-31,0.511,0.306,0.817,0.418,0.613,rt,
fataki,2026-09-01,0.523,0.323,0.801,0.434,0.622,rt,
fataki,2026-09-02,0.537,0.341,0.817,0.444,0.631,rt,
fataki,2026-09-03,0.546,0.349,0.833,0.457,0.646,rt,
fataki,2026-09-04,0.555,0.359,0.852,0.463,0.659,rt,
fataki,2026-09-05,0.566,0.361,0.88,0.468,0.677,rt,
fataki,2026-09-06,0.571,0.358,0.905,0.47,0.693,rt,
fataki,2026-09-07,0.567,0.342,0.938,0.46,0.702,rt,
fataki,2026-09-08,0.571,0.348,0.926,0.467,0.699,rt,
fataki,2026-09-09,0.573,0.357,0.92,0.472,0.697,rt,
fataki,2026-09-10,0.576,0.361,0.918,0.472,0.698,rt,
fataki,2026-09-11,0.576,0.362,0.913,0.473,0.697,rt,
fataki,2026-09-12,0.573,0.349,0.917,0.469,0.697,rt,
fataki,2026-09-13,0.566,0.34,0.931,0.462,0.701,rt,
fataki,2026-09-14,0.562,0.328,0.949,0.454,0.71,rt,
fataki,2026-09-15,0.575,0.346,0.953,0.468,0.715,rt,
fataki,2026-09-16,0.586,0.36,0.96,0.479,0.727,rt,
fataki,2026-09-17,0.599,0.363,0.999,0.492,0.742,rt,
fataki,2026-09-18,0.611,0.363,1.067,0.501,0.757,rt,
fataki,2026-09-19,0.623,0.367,1.111,0.506,0.78,rt,
fataki,2026-09-20,0.635,0.366,1.171,0.509,0.808,rt,
fataki,2026-09-21,0.654,0.362,1.257,0.517,0.846,rt,
fataki,2026-09-22,0.659,0.371,1.251,0.528,0.855,rt,
fataki,2026-09-23,0.667,0.378,1.263,0.535,0.864,rt,
fataki,2026-09-24,0.677,0.379,1.279,0.534,0.878,rt,
fataki,2026-09-25,0.688,0.375,1.32,0.541,0.896,rt,
fataki,2026-09-26,0.697,0.37,1.371,0.542,0.914,rt,
fataki,2026-09-27,0.698,0.372,1.451,0.54,0.936,rt,
fataki,2026-09-28,0.701,0.361,1.516,0.528,0.954,rt,
fataki,2026-09-29,0.701,0.364,1.483,0.533,0.947,rt,
fataki,2026-09-30,0.692,0.359,1.471,0.535,0.951,rt,
fataki,2026-10-01,0.695,0.353,1.47,0.533,0.947,rt,
fataki,2026-10-02,0.691,0.351,1.48,0.528,0.959,rt,
fataki,2026-10-03,0.691,0.339,1.498,0.517,0.963,rt,
fataki,2026-10-04,0.686,0.32,1.514,0.502,0.96,rt,
fataki,2026-10-05,0.676,0.305,1.57,0.487,0.973,rt,
fataki,2026-10-06,0.708,0.31,1.721,0.512,0.989,rt,
gety,2026-07-11,1.146,1.043,1.269,1.105,1.193,rt,
gety,2026-07-12,1.15,1.039,1.278,1.105,1.199,rt,
gety,2026-07-13,1.142,1.017,1.278,1.093,1.193,rt,
gety,2026-07-14,1.14,1.023,1.267,1.092,1.187,rt,
gety,2026-07-15,1.135,1.02,1.259,1.09,1.182,rt,
gety,2026-07-16,1.131,1.016,1.258,1.084,1.178,rt,
gety,2026-07-17,1.128,1.013,1.249,1.082,1.175,rt,
gety,2026-07-18,1.123,1.01,1.245,1.077,1.173,rt,
gety,2026-07-19,1.116,1.002,1.246,1.067,1.168,rt,
gety,2026-07-20,1.114,0.99,1.257,1.059,1.168,rt,
gety,2026-07-21,1.11,0.993,1.24,1.057,1.16,rt,
gety,2026-07-22,1.104,0.99,1.229,1.054,1.152,rt,
gety,2026-07-23,1.097,0.983,1.222,1.051,1.145,rt,
gety,2026-07-24,1.092,0.983,1.208,1.051,1.138,rt,
gety,2026-07-25,1.086,0.981,1.206,1.044,1.131,rt,
gety,2026-07-26,1.078,0.966,1.202,1.032,1.123,rt,
gety,2026-07-27,1.072,0.955,1.201,1.023,1.12,rt,
gety,2026-07-28,1.07,0.958,1.193,1.022,1.116,rt,
gety,2026-07-29,1.065,0.962,1.19,1.02,1.112,rt,
gety,2026-07-30,1.06,0.956,1.185,1.015,1.107,rt,
gety,2026-07-31,1.047,0.945,1.168,1.003,1.094,rt,
gety,2026-08-01,1.032,0.929,1.149,0.99,1.079,rt,
gety,2026-08-02,1.018,0.905,1.139,0.972,1.064,rt,
gety,2026-08-03,0.999,0.876,1.126,0.949,1.049,rt,
gety,2026-08-04,0.991,0.879,1.113,0.945,1.04,rt,
gety,2026-08-05,0.987,0.878,1.101,0.94,1.031,rt,
gety,2026-08-06,0.979,0.87,1.094,0.933,1.025,rt,
gety,2026-08-07,0.969,0.867,1.076,0.926,1.014,rt,
gety,2026-08-08,0.958,0.855,1.065,0.916,1.0,rt,
gety,2026-08-09,0.948,0.842,1.054,0.902,0.988,rt,
gety,2026-08-10,0.927,0.817,1.039,0.879,0.97,rt,
gety,2026-08-11,0.919,0.814,1.026,0.877,0.962,rt,
gety,2026-08-12,0.912,0.809,1.013,0.872,0.953,rt,
gety,2026-08-13,0.905,0.803,1.006,0.864,0.946,rt,
gety,2026-08-14,0.897,0.797,0.996,0.857,0.936,rt,
gety,2026-08-15,0.89,0.787,0.988,0.846,0.928,rt,
gety,2026-08-16,0.88,0.776,0.983,0.834,0.919,rt,
gety,2026-08-17,0.877,0.767,0.99,0.829,0.921,rt,
gety,2026-08-18,0.879,0.774,0.99,0.834,0.921,rt,
gety,2026-08-19,0.881,0.78,0.992,0.838,0.924,rt,
gety,2026-08-20,0.882,0.778,0.995,0.839,0.926,rt,
gety,2026-08-21,0.889,0.788,0.995,0.847,0.929,rt,
gety,2026-08-22,0.891,0.792,0.999,0.853,0.932,rt,
gety,2026-08-23,0.892,0.789,1.004,0.851,0.934,rt,
gety,2026-08-24,0.903,0.798,1.017,0.858,0.945,rt,
gety,2026-08-25,0.922,0.818,1.035,0.879,0.965,rt,
gety,2026-08-26,0.939,0.836,1.051,0.897,0.983,rt,
gety,2026-08-27,0.953,0.846,1.067,0.911,1.0,rt,
gety,2026-08-28,0.964,0.859,1.076,0.923,1.01,rt,
gety,2026-08-29,0.971,0.87,1.083,0.93,1.017,rt,
gety,2026-08-30,0.977,0.87,1.092,0.934,1.024,rt,
gety,2026-08-31,0.969,0.861,1.088,0.924,1.02,rt,
gety,2026-09-01,0.973,0.869,1.091,0.93,1.024,rt,
gety,2026-09-02,0.979,0.875,1.093,0.936,1.028,rt,
gety,2026-09-03,0.982,0.875,1.103,0.938,1.033,rt,
gety,2026-09-04,0.983,0.882,1.094,0.941,1.028,rt,
gety,2026-09-05,0.983,0.881,1.091,0.941,1.023,rt,
gety,2026-09-06,0.977,0.872,1.087,0.933,1.02,rt,
gety,2026-09-07,0.955,0.848,1.071,0.91,1.0,rt,
gety,2026-09-08,0.941,0.834,1.056,0.895,0.986,rt,
gety,2026-09-09,0.925,0.816,1.042,0.879,0.97,rt,
gety,2026-09-10,0.908,0.799,1.029,0.861,0.953,rt,
gety,2026-09-11,0.889,0.779,1.008,0.842,0.935,rt,
gety,2026-09-12,0.869,0.757,0.985,0.82,0.915,rt,
gety,2026-09-13,0.846,0.729,0.965,0.796,0.894,rt,
gety,2026-09-14,0.826,0.696,0.951,0.772,0.875,rt,
gety,2026-09-15,0.822,0.697,0.951,0.768,0.872,rt,
gety,2026-09-16,0.818,0.693,0.949,0.765,0.871,rt,
gety,2026-09-17,0.814,0.687,0.953,0.763,0.873,rt,
gety,2026-09-18,0.81,0.678,0.951,0.759,0.869,rt,
gety,2026-09-19,0.806,0.667,0.957,0.751,0.868,rt,
gety,2026-09-20,0.802,0.66,0.964,0.741,0.868,rt,
gety,2026-09-21,0.808,0.649,0.986,0.74,0.876,rt,
gety,2026-09-22,0.811,0.645,0.998,0.74,0.885,rt,
gety,2026-09-23,0.813,0.636,1.008,0.736,0.89,rt,
gety,2026-09-24,0.814,0.632,1.02,0.734,0.895,rt,
gety,2026-09-25,0.816,0.621,1.03,0.733,0.898,rt,
gety,2026-09-26,0.817,0.609,1.046,0.731,0.904,rt,
gety,2026-09-27,0.817,0.597,1.059,0.724,0.907,rt,
gety,2026-09-28,0.809,0.578,1.073,0.712,0.908,rt,
gety,2026-09-29,0.804,0.563,1.071,0.706,0.905,rt,
gety,2026-09-30,0.801,0.547,1.077,0.701,0.902,rt,
gety,2026-10-01,0.797,0.537,1.085,0.694,0.906,rt,
gety,2026-10-02,0.784,0.521,1.085,0.681,0.903,rt,
gety,2026-10-03,0.778,0.505,1.091,0.665,0.901,rt,
gety,2026-10-04,0.763,0.485,1.105,0.648,0.898,rt,
gety,2026-10-05,0.748,0.466,1.125,0.627,0.896,rt,
gety,2026-10-06,0.764,0.472,1.115,0.641,0.907,rt,
kambala,2026-08-10,0.946,0.829,1.057,0.898,0.992,rt,
kambala,2026-08-11,0.937,0.825,1.042,0.893,0.98,rt,
kambala,2026-08-12,0.93,0.823,1.032,0.887,0.971,rt,
kambala,2026-08-13,0.92,0.814,1.028,0.878,0.964,rt,
kambala,2026-08-14,0.911,0.81,1.014,0.87,0.952,rt,
kambala,2026-08-15,0.902,0.801,1.008,0.86,0.943,rt,
kambala,2026-08-16,0.892,0.787,1.001,0.847,0.935,rt,
kambala,2026-08-17,0.889,0.776,1.003,0.842,0.936,rt,
kambala,2026-08-18,0.891,0.784,1.001,0.847,0.938,rt,
kambala,2026-08-19,0.893,0.788,1.003,0.851,0.939,rt,
kambala,2026-08-20,0.895,0.789,1.007,0.852,0.939,rt,
kambala,2026-08-21,0.9,0.798,1.007,0.861,0.944,rt,
kambala,2026-08-22,0.905,0.803,1.01,0.866,0.948,rt,
kambala,2026-08-23,0.906,0.804,1.011,0.866,0.951,rt,
kambala,2026-08-24,0.919,0.808,1.03,0.873,0.964,rt,
kambala,2026-08-25,0.936,0.831,1.049,0.894,0.983,rt,
kambala,2026-08-26,0.955,0.847,1.067,0.911,1.001,rt,
kambala,2026-08-27,0.972,0.861,1.085,0.927,1.021,rt,
kambala,2026-08-28,0.982,0.878,1.09,0.94,1.029,rt,
kambala,2026-08-29,0.992,0.887,1.099,0.949,1.039,rt,
kambala,2026-08-30,0.997,0.889,1.11,0.953,1.047,rt,
kambala,2026-08-31,0.991,0.876,1.108,0.944,1.04,rt,
kambala,2026-09-01,0.996,0.887,1.111,0.948,1.044,rt,
kambala,2026-09-02,1.001,0.892,1.114,0.953,1.047,rt,
kambala,2026-09-03,1.002,0.894,1.121,0.957,1.051,rt,
kambala,2026-09-04,1.001,0.897,1.115,0.959,1.045,rt,
kambala,2026-09-05,0.998,0.898,1.11,0.956,1.042,rt,
kambala,2026-09-06,0.991,0.886,1.105,0.949,1.037,rt,
kambala,2026-09-07,0.97,0.862,1.088,0.925,1.019,rt,
kambala,2026-09-08,0.955,0.846,1.073,0.909,1.001,rt,
kambala,2026-09-09,0.939,0.827,1.058,0.892,0.987,rt,
kambala,2026-09-10,0.92,0.811,1.045,0.873,0.97,rt,
kambala,2026-09-11,0.9,0.793,1.022,0.856,0.949,rt,
kambala,2026-09-12,0.878,0.772,1.003,0.833,0.928,rt,
kambala,2026-09-13,0.856,0.744,0.981,0.808,0.905,rt,
kambala,2026-09-14,0.834,0.712,0.969,0.786,0.889,rt,
kambala,2026-09-15,0.831,0.709,0.965,0.781,0.887,rt,
kambala,2026-09-16,0.827,0.702,0.967,0.776,0.885,rt,
kambala,2026-09-17,0.826,0.697,0.971,0.773,0.882,rt,
kambala,2026-09-18,0.821,0.691,0.966,0.766,0.879,rt,
kambala,2026-09-19,0.818,0.684,0.968,0.76,0.88,rt,
kambala,2026-09-20,0.813,0.672,0.975,0.753,0.883,rt,
kambala,2026-09-21,0.816,0.66,0.995,0.75,0.891,rt,
kambala,2026-09-22,0.822,0.657,1.006,0.749,0.895,rt,
kambala,2026-09-23,0.825,0.653,1.02,0.749,0.9,rt,
kambala,2026-09-24,0.827,0.646,1.032,0.745,0.907,rt,
kambala,2026-09-25,0.829,0.633,1.049,0.746,0.913,rt,
kambala,2026-09-26,0.827,0.625,1.065,0.741,0.921,rt,
kambala,2026-09-27,0.826,0.613,1.078,0.736,0.926,rt,
kambala,2026-09-28,0.821,0.595,1.087,0.727,0.924,rt,
kambala,2026-09-29,0.816,0.581,1.093,0.722,0.924,rt,
kambala,2026-09-30,0.812,0.565,1.103,0.719,0.924,rt,
kambala,2026-10-01,0.808,0.553,1.104,0.709,0.922,rt,
kambala,2026-10-02,0.8,0.54,1.101,0.695,0.919,rt,
kambala,2026-10-03,0.792,0.524,1.107,0.68,0.919,rt,
kambala,2026-10-04,0.779,0.499,1.124,0.663,0.917,rt,
kambala,2026-10-05,0.766,0.471,1.144,0.642,0.914,rt,
kambala,2026-10-06,0.785,0.487,1.132,0.659,0.928,rt,
kilo,2026-06-05,1.145,0.768,1.652,0.983,1.334,rt,
kilo,2026-06-06,1.151,0.781,1.659,0.986,1.346,rt,
kilo,2026-06-07,1.15,0.773,1.693,0.978,1.355,rt,
kilo,2026-06-08,1.146,0.757,1.741,0.964,1.364,rt,
kilo,2026-06-09,1.148,0.783,1.683,0.971,1.349,rt,
kilo,2026-06-10,1.151,0.791,1.647,0.977,1.335,rt,
kilo,2026-06-11,1.145,0.782,1.646,0.98,1.319,rt,
kilo,2026-06-12,1.141,0.779,1.634,0.981,1.311,rt,
kilo,2026-06-13,1.131,0.767,1.623,0.974,1.299,rt,
kilo,2026-06-14,1.121,0.748,1.631,0.956,1.298,rt,
kilo,2026-06-15,1.11,0.727,1.65,0.939,1.299,rt,
kilo,2026-06-16,1.115,0.745,1.612,0.952,1.285,rt,
kilo,2026-06-17,1.109,0.759,1.578,0.951,1.277,rt,
kilo,2026-06-18,1.111,0.768,1.576,0.956,1.276,rt,
kilo,2026-06-19,1.106,0.773,1.572,0.962,1.276,rt,
kilo,2026-06-20,1.104,0.769,1.589,0.957,1.285,rt,
kilo,2026-06-21,1.105,0.753,1.612,0.954,1.296,rt,
kilo,2026-06-22,1.118,0.746,1.671,0.955,1.319,rt,
kilo,2026-06-23,1.131,0.772,1.638,0.975,1.311,rt,
kilo,2026-06-24,1.141,0.791,1.634,0.991,1.315,rt,
kilo,2026-06-25,1.155,0.801,1.646,1.003,1.32,rt,
kilo,2026-06-26,1.164,0.809,1.633,1.009,1.332,rt,
kilo,2026-06-27,1.172,0.813,1.663,1.014,1.347,rt,
kilo,2026-06-28,1.182,0.812,1.684,1.013,1.369,rt,
kilo,2026-06-29,1.163,0.785,1.702,0.988,1.364,rt,
kilo,2026-06-30,1.148,0.796,1.632,0.984,1.337,rt,
kilo,2026-07-01,1.133,0.8,1.581,0.981,1.307,rt,
kilo,2026-07-02,1.124,0.795,1.555,0.981,1.281,rt,
kilo,2026-07-03,1.106,0.784,1.529,0.968,1.258,rt,
kilo,2026-07-04,1.09,0.775,1.52,0.954,1.25,rt,
kilo,2026-07-05,1.075,0.75,1.514,0.938,1.238,rt,
kilo,2026-07-06,1.065,0.73,1.535,0.925,1.241,rt,
kilo,2026-07-07,1.067,0.751,1.513,0.932,1.229,rt,
kilo,2026-07-08,1.068,0.762,1.492,0.935,1.226,rt,
kilo,2026-07-09,1.068,0.771,1.469,0.937,1.22,rt,
kilo,2026-07-10,1.066,0.776,1.458,0.936,1.211,rt,
kilo,2026-07-11,1.067,0.768,1.466,0.932,1.218,rt,
kilo,2026-07-12,1.063,0.762,1.484,0.925,1.221,rt,
kilo,2026-07-13,1.05,0.736,1.514,0.902,1.217,rt,
kilo,2026-07-14,1.04,0.747,1.447,0.904,1.194,rt,
kilo,2026-07-15,1.028,0.751,1.405,0.899,1.173,rt,
kilo,2026-07-16,1.019,0.739,1.385,0.887,1.158,rt,
kilo,2026-07-17,1.004,0.728,1.376,0.871,1.15,rt,
kilo,2026-07-18,0.993,0.707,1.373,0.857,1.144,rt,
kilo,2026-07-19,0.976,0.683,1.377,0.837,1.139,rt,
kilo,2026-07-20,0.965,0.66,1.414,0.819,1.14,rt,
kilo,2026-07-21,0.95,0.662,1.351,0.818,1.113,rt,
kilo,2026-07-22,0.938,0.669,1.32,0.814,1.087,rt,
kilo,2026-07-23,0.925,0.665,1.293,0.808,1.065,rt,
kilo,2026-07-24,0.918,0.658,1.286,0.797,1.053,rt,
kilo,2026-07-25,0.904,0.64,1.28,0.786,1.041,rt,
kilo,2026-07-26,0.889,0.616,1.286,0.767,1.033,rt,
kilo,2026-07-27,0.88,0.597,1.295,0.751,1.028,rt,
kilo,2026-07-28,0.882,0.609,1.265,0.755,1.01,rt,
kilo,2026-07-29,0.869,0.614,1.244,0.754,1.0,rt,
kilo,2026-07-30,0.864,0.614,1.219,0.759,0.993,rt,
kilo,2026-07-31,0.856,0.595,1.196,0.751,0.976,rt,
kilo,2026-08-01,0.845,0.584,1.188,0.735,0.964,rt,
kilo,2026-08-02,0.83,0.56,1.177,0.714,0.96,rt,
kilo,2026-08-03,0.813,0.531,1.176,0.693,0.954,rt,
kilo,2026-08-04,0.811,0.541,1.154,0.7,0.94,rt,
kilo,2026-08-05,0.811,0.548,1.129,0.7,0.929,rt,
kilo,2026-08-06,0.81,0.552,1.125,0.698,0.922,rt,
kilo,2026-08-07,0.803,0.548,1.11,0.694,0.916,rt,
kilo,2026-08-08,0.791,0.537,1.118,0.688,0.909,rt,
kilo,2026-08-09,0.782,0.534,1.134,0.672,0.909,rt,
kilo,2026-08-10,0.764,0.51,1.14,0.654,0.9,rt,
kilo,2026-08-11,0.756,0.519,1.107,0.654,0.891,rt,
kilo,2026-08-12,0.75,0.524,1.069,0.651,0.879,rt,
kilo,2026-08-13,0.744,0.52,1.053,0.644,0.866,rt,
kilo,2026-08-14,0.741,0.509,1.036,0.639,0.857,rt,
kilo,2026-08-15,0.734,0.499,1.026,0.628,0.852,rt,
kilo,2026-08-16,0.725,0.477,1.039,0.614,0.848,rt,
kilo,2026-08-17,0.724,0.461,1.06,0.606,0.853,rt,
kilo,2026-08-18,0.732,0.473,1.04,0.614,0.851,rt,
kilo,2026-08-19,0.734,0.484,1.04,0.62,0.852,rt,
kilo,2026-08-20,0.736,0.486,1.05,0.623,0.855,rt,
kilo,2026-08-21,0.74,0.492,1.065,0.629,0.865,rt,
kilo,2026-08-22,0.74,0.491,1.079,0.634,0.873,rt,
kilo,2026-08-23,0.742,0.483,1.124,0.629,0.885,rt,
kilo,2026-08-24,0.753,0.476,1.184,0.63,0.904,rt,
kilo,2026-08-25,0.776,0.5,1.187,0.654,0.923,rt,
kilo,2026-08-26,0.798,0.517,1.181,0.674,0.935,rt,
kilo,2026-08-27,0.812,0.535,1.204,0.695,0.957,rt,
kilo,2026-08-28,0.827,0.547,1.22,0.711,0.971,rt,
kilo,2026-08-29,0.839,0.557,1.239,0.719,0.986,rt,
kilo,2026-08-30,0.85,0.555,1.273,0.723,1.007,rt,
kilo,2026-08-31,0.848,0.541,1.316,0.714,1.015,rt,
kilo,2026-09-01,0.87,0.569,1.309,0.736,1.03,rt,
kilo,2026-09-02,0.885,0.588,1.326,0.75,1.039,rt,
kilo,2026-09-03,0.901,0.602,1.316,0.767,1.052,rt,
kilo,2026-09-04,0.91,0.61,1.324,0.778,1.063,rt,
kilo,2026-09-05,0.917,0.607,1.374,0.782,1.075,rt,
kilo,2026-09-06,0.923,0.602,1.404,0.782,1.093,rt,
kilo,2026-09-07,0.91,0.584,1.425,0.768,1.091,rt,
kilo,2026-09-08,0.905,0.589,1.366,0.776,1.079,rt,
kilo,2026-09-09,0.902,0.588,1.35,0.779,1.062,rt,
kilo,2026-09-10,0.903,0.583,1.332,0.769,1.048,rt,
kilo,2026-09-11,0.887,0.57,1.323,0.764,1.035,rt,
kilo,2026-09-12,0.883,0.551,1.317,0.747,1.024,rt,
kilo,2026-09-13,0.866,0.528,1.325,0.722,1.01,rt,
kilo,2026-09-14,0.851,0.497,1.353,0.702,1.001,rt,
kilo,2026-09-15,0.859,0.522,1.346,0.712,1.011,rt,
kilo,2026-09-16,0.862,0.529,1.346,0.719,1.025,rt,
kilo,2026-09-17,0.873,0.538,1.377,0.725,1.049,rt,
kilo,2026-09-18,0.879,0.558,1.413,0.729,1.066,rt,
kilo,2026-09-19,0.886,0.556,1.454,0.735,1.08,rt,
kilo,2026-09-20,0.893,0.543,1.515,0.732,1.106,rt,
kilo,2026-09-21,0.911,0.533,1.593,0.742,1.137,rt,
kilo,2026-09-22,0.912,0.537,1.584,0.745,1.142,rt,
kilo,2026-09-23,0.918,0.536,1.58,0.74,1.149,rt,
kilo,2026-09-24,0.911,0.533,1.583,0.733,1.152,rt,
kilo,2026-09-25,0.914,0.526,1.599,0.724,1.172,rt,
kilo,2026-09-26,0.914,0.505,1.65,0.712,1.181,rt,
kilo,2026-09-27,0.912,0.488,1.703,0.7,1.183,rt,
kilo,2026-09-28,0.899,0.464,1.73,0.673,1.177,rt,
kilo,2026-09-29,0.889,0.454,1.734,0.669,1.17,rt,
kilo,2026-09-30,0.885,0.447,1.744,0.662,1.156,rt,
kilo,2026-10-01,0.874,0.434,1.744,0.645,1.146,rt,
kilo,2026-10-02,0.856,0.422,1.744,0.634,1.137,rt,
kilo,2026-10-03,0.841,0.406,1.725,0.62,1.13,rt,
kilo,2026-10-04,0.827,0.383,1.718,0.598,1.124,rt,
kilo,2026-10-05,0.807,0.362,1.718,0.577,1.111,rt,
kilo,2026-10-06,0.8,0.349,1.771,0.583,1.09,rt,
komanda,2026-05-28,1.832,1.095,2.974,1.483,2.238,rt,
komanda,2026-05-29,1.856,1.103,2.971,1.523,2.26,rt,
komanda,2026-05-30,1.873,1.103,3.044,1.546,2.294,rt,
komanda,2026-05-31,1.892,1.113,3.193,1.55,2.345,rt,
komanda,2026-06-01,1.926,1.102,3.368,1.549,2.421,rt,
komanda,2026-06-02,1.927,1.168,3.224,1.571,2.366,rt,
komanda,2026-06-03,1.919,1.213,3.075,1.591,2.334,rt,
komanda,2026-06-04,1.904,1.234,2.993,1.597,2.303,rt,
komanda,2026-06-05,1.878,1.234,2.904,1.575,2.264,rt,
komanda,2026-06-06,1.858,1.214,2.905,1.549,2.244,rt,
komanda,2026-06-07,1.813,1.169,2.869,1.498,2.215,rt,
komanda,2026-06-08,1.794,1.095,2.951,1.441,2.194,rt,
komanda,2026-06-09,1.733,1.106,2.727,1.42,2.077,rt,
komanda,2026-06-10,1.686,1.109,2.548,1.412,1.973,rt,
komanda,2026-06-11,1.634,1.076,2.426,1.367,1.905,rt,
komanda,2026-06-12,1.574,1.04,2.344,1.332,1.841,rt,
komanda,2026-06-13,1.51,0.979,2.3,1.274,1.798,rt,
komanda,2026-06-14,1.463,0.91,2.287,1.208,1.767,rt,
komanda,2026-06-15,1.416,0.845,2.306,1.143,1.729,rt,
komanda,2026-06-16,1.371,0.848,2.122,1.127,1.636,rt,
komanda,2026-06-17,1.325,0.853,1.987,1.103,1.557,rt,
komanda,2026-06-18,1.273,0.845,1.887,1.075,1.496,rt,
komanda,2026-06-19,1.227,0.816,1.813,1.04,1.45,rt,
komanda,2026-06-20,1.186,0.771,1.774,1.006,1.408,rt,
komanda,2026-06-21,1.144,0.727,1.781,0.95,1.362,rt,
komanda,2026-06-22,1.116,0.669,1.828,0.911,1.346,rt,
komanda,2026-06-23,1.096,0.691,1.686,0.911,1.317,rt,
komanda,2026-06-24,1.078,0.693,1.606,0.905,1.272,rt,
komanda,2026-06-25,1.066,0.684,1.54,0.897,1.25,rt,
komanda,2026-06-26,1.047,0.676,1.507,0.884,1.219,rt,
komanda,2026-06-27,1.029,0.649,1.509,0.862,1.209,rt,
komanda,2026-06-28,1.012,0.617,1.517,0.833,1.198,rt,
komanda,2026-06-29,0.973,0.562,1.518,0.783,1.176,rt,
komanda,2026-06-30,0.976,0.6,1.465,0.807,1.159,rt,
komanda,2026-07-01,0.984,0.623,1.409,0.825,1.138,rt,
komanda,2026-07-02,0.99,0.643,1.391,0.836,1.132,rt,
komanda,2026-07-03,0.992,0.657,1.393,0.838,1.14,rt,
komanda,2026-07-04,0.996,0.655,1.402,0.838,1.162,rt,
komanda,2026-07-05,0.998,0.639,1.457,0.839,1.182,rt,
komanda,2026-07-06,1.01,0.618,1.527,0.838,1.222,rt,
komanda,2026-07-07,1.046,0.67,1.521,0.884,1.239,rt,
komanda,2026-07-08,1.083,0.724,1.536,0.921,1.258,rt,
komanda,2026-07-09,1.12,0.773,1.559,0.963,1.289,rt,
komanda,2026-07-10,1.157,0.808,1.63,1.003,1.335,rt,
komanda,2026-07-11,1.189,0.821,1.709,1.028,1.389,rt,
komanda,2026-07-12,1.224,0.823,1.838,1.052,1.462,rt,
komanda,2026-07-13,1.259,0.806,1.951,1.055,1.52,rt,
komanda,2026-07-14,1.275,0.854,1.868,1.094,1.505,rt,
komanda,2026-07-15,1.294,0.896,1.843,1.131,1.494,rt,
komanda,2026-07-16,1.317,0.923,1.817,1.159,1.502,rt,
komanda,2026-07-17,1.344,0.926,1.845,1.171,1.526,rt,
komanda,2026-07-18,1.363,0.914,1.889,1.178,1.552,rt,
komanda,2026-07-19,1.383,0.893,1.996,1.169,1.593,rt,
komanda,2026-07-20,1.402,0.87,2.12,1.156,1.653,rt,
komanda,2026-07-21,1.418,0.943,2.043,1.2,1.648,rt,
komanda,2026-07-22,1.43,0.992,1.99,1.241,1.641,rt,
komanda,2026-07-23,1.455,1.043,1.994,1.275,1.653,rt,
komanda,2026-07-24,1.486,1.073,2.031,1.305,1.68,rt,
komanda,2026-07-25,1.506,1.072,2.107,1.315,1.721,rt,
komanda,2026-07-26,1.522,1.054,2.193,1.319,1.77,rt,
komanda,2026-07-27,1.543,1.015,2.344,1.318,1.83,rt,
komanda,2026-07-28,1.588,1.106,2.268,1.372,1.837,rt,
komanda,2026-07-29,1.626,1.163,2.236,1.424,1.844,rt,
komanda,2026-07-30,1.657,1.213,2.245,1.463,1.856,rt,
komanda,2026-07-31,1.68,1.246,2.261,1.484,1.883,rt,
komanda,2026-08-01,1.694,1.235,2.351,1.492,1.924,rt,
komanda,2026-08-02,1.697,1.195,2.457,1.48,1.968,rt,
komanda,2026-08-03,1.708,1.142,2.601,1.45,2.012,rt,
komanda,2026-08-04,1.739,1.213,2.498,1.514,2.006,rt,
komanda,2026-08-05,1.771,1.279,2.438,1.564,2.022,rt,
komanda,2026-08-06,1.808,1.331,2.427,1.608,2.031,rt,
komanda,2026-08-07,1.82,1.356,2.448,1.631,2.05,rt,
komanda,2026-08-08,1.841,1.346,2.518,1.634,2.088,rt,
komanda,2026-08-09,1.851,1.308,2.676,1.619,2.121,rt,
komanda,2026-08-10,1.856,1.251,2.818,1.587,2.171,rt,
komanda,2026-08-11,1.822,1.291,2.594,1.595,2.101,rt,
komanda,2026-08-12,1.795,1.343,2.454,1.586,2.03,rt,
komanda,2026-08-13,1.764,1.341,2.355,1.574,1.979,rt,
komanda,2026-08-14,1.731,1.315,2.307,1.545,1.953,rt,
komanda,2026-08-15,1.698,1.267,2.336,1.493,1.931,rt,
komanda,2026-08-16,1.66,1.187,2.359,1.437,1.918,rt,
komanda,2026-08-17,1.647,1.11,2.416,1.387,1.916,rt,
komanda,2026-08-18,1.537,1.095,2.15,1.33,1.77,rt,
komanda,2026-08-19,1.439,1.063,1.938,1.272,1.623,rt,
komanda,2026-08-20,1.349,1.014,1.781,1.195,1.512,rt,
komanda,2026-08-21,1.261,0.961,1.67,1.126,1.419,rt,
komanda,2026-08-22,1.184,0.88,1.587,1.047,1.345,rt,
komanda,2026-08-23,1.107,0.787,1.528,0.963,1.276,rt,
komanda,2026-08-24,1.047,0.703,1.515,0.887,1.231,rt,
komanda,2026-08-25,1.014,0.707,1.385,0.881,1.163,rt,
komanda,2026-08-26,0.976,0.711,1.303,0.868,1.107,rt,
komanda,2026-08-27,0.943,0.692,1.235,0.846,1.059,rt,
komanda,2026-08-28,0.908,0.657,1.174,0.808,1.017,rt,
komanda,2026-08-29,0.872,0.613,1.146,0.766,0.981,rt,
komanda,2026-08-30,0.835,0.561,1.131,0.718,0.949,rt,
komanda,2026-08-31,0.786,0.494,1.103,0.668,0.907,rt,
komanda,2026-09-01,0.785,0.529,1.051,0.678,0.893,rt,
komanda,2026-09-02,0.782,0.553,1.024,0.687,0.882,rt,
komanda,2026-09-03,0.782,0.57,1.013,0.693,0.871,rt,
komanda,2026-09-04,0.774,0.575,1.009,0.691,0.862,rt,
komanda,2026-09-05,0.772,0.567,1.012,0.679,0.862,rt,
komanda,2026-09-06,0.759,0.54,1.029,0.662,0.867,rt,
komanda,2026-09-07,0.74,0.499,1.046,0.636,0.86,rt,
komanda,2026-09-08,0.719,0.51,0.988,0.626,0.826,rt,
komanda,2026-09-09,0.701,0.509,0.953,0.617,0.796,rt,
komanda,2026-09-10,0.678,0.489,0.924,0.599,0.774,rt,
komanda,2026-09-11,0.66,0.466,0.902,0.578,0.754,rt,
komanda,2026-09-12,0.639,0.435,0.892,0.553,0.736,rt,
komanda,2026-09-13,0.616,0.394,0.895,0.521,0.72,rt,
komanda,2026-09-14,0.598,0.359,0.909,0.495,0.709,rt,
komanda,2026-09-15,0.577,0.358,0.841,0.483,0.683,rt,
komanda,2026-09-16,0.563,0.355,0.81,0.473,0.655,rt,
komanda,2026-09-17,0.545,0.343,0.806,0.46,0.642,rt,
komanda,2026-09-18,0.528,0.327,0.792,0.441,0.632,rt,
komanda,2026-09-19,0.512,0.305,0.805,0.423,0.628,rt,
komanda,2026-09-20,0.5,0.276,0.809,0.4,0.62,rt,
komanda,2026-09-21,0.489,0.258,0.84,0.382,0.621,rt,
komanda,2026-09-22,0.494,0.263,0.837,0.383,0.625,rt,
komanda,2026-09-23,0.495,0.261,0.858,0.381,0.628,rt,
komanda,2026-09-24,0.496,0.26,0.888,0.38,0.633,rt,
komanda,2026-09-25,0.5,0.247,0.907,0.377,0.639,rt,
komanda,2026-09-26,0.505,0.24,0.939,0.369,0.652,rt,
komanda,2026-09-27,0.502,0.227,0.985,0.359,0.664,rt,
komanda,2026-09-28,0.499,0.215,1.031,0.35,0.67,rt,
komanda,2026-09-29,0.498,0.217,1.012,0.356,0.663,rt,
komanda,2026-09-30,0.494,0.218,1.011,0.356,0.662,rt,
komanda,2026-10-01,0.493,0.214,1.011,0.351,0.662,rt,
komanda,2026-10-02,0.488,0.211,1.018,0.348,0.667,rt,
komanda,2026-10-03,0.484,0.205,1.044,0.341,0.668,rt,
komanda,2026-10-04,0.474,0.19,1.083,0.331,0.676,rt,
komanda,2026-10-05,0.465,0.178,1.114,0.321,0.676,rt,
komanda,2026-10-06,0.507,0.166,1.287,0.341,0.742,rt,
lita,2026-05-24,1.699,1.093,2.544,1.433,1.999,rt,
lita,2026-05-25,1.631,1.016,2.493,1.352,1.951,rt,
lita,2026-05-26,1.639,1.053,2.422,1.377,1.931,rt,
lita,2026-05-27,1.643,1.079,2.386,1.396,1.918,rt,
lita,2026-05-28,1.659,1.11,2.357,1.42,1.909,rt,
lita,2026-05-29,1.667,1.136,2.345,1.436,1.915,rt,
lita,2026-05-30,1.677,1.142,2.379,1.452,1.93,rt,
lita,2026-05-31,1.685,1.129,2.456,1.452,1.954,rt,
lita,2026-06-01,1.714,1.113,2.562,1.461,1.993,rt,
lita,2026-06-02,1.788,1.211,2.545,1.547,2.047,rt,
lita,2026-06-03,1.851,1.318,2.564,1.621,2.107,rt,
lita,2026-06-04,1.915,1.387,2.586,1.699,2.173,rt,
lita,2026-06-05,1.976,1.467,2.666,1.77,2.248,rt,
lita,2026-06-06,2.038,1.531,2.773,1.811,2.302,rt,
lita,2026-06-07,2.084,1.555,2.862,1.843,2.375,rt,
lita,2026-06-08,2.122,1.543,2.978,1.855,2.437,rt,
lita,2026-06-09,2.101,1.573,2.841,1.859,2.372,rt,
lita,2026-06-10,2.077,1.59,2.726,1.858,2.317,rt,
lita,2026-06-11,2.045,1.587,2.67,1.844,2.28,rt,
lita,2026-06-12,2.015,1.552,2.634,1.824,2.242,rt,
lita,2026-06-13,1.978,1.514,2.585,1.79,2.204,rt,
lita,2026-06-14,1.938,1.473,2.582,1.747,2.183,rt,
lita,2026-06-15,1.901,1.421,2.59,1.704,2.149,rt,
lita,2026-06-16,1.841,1.404,2.435,1.667,2.065,rt,
lita,2026-06-17,1.787,1.381,2.326,1.63,1.992,rt,
lita,2026-06-18,1.732,1.353,2.23,1.585,1.916,rt,
lita,2026-06-19,1.684,1.322,2.156,1.535,1.855,rt,
lita,2026-06-20,1.634,1.266,2.088,1.479,1.799,rt,
lita,2026-06-21,1.58,1.207,2.054,1.42,1.751,rt,
lita,2026-06-22,1.55,1.156,2.043,1.381,1.732,rt,
lita,2026-06-23,1.559,1.199,2.001,1.398,1.719,rt,
lita,2026-06-24,1.558,1.226,1.971,1.411,1.716,rt,
lita,2026-06-25,1.561,1.242,1.958,1.425,1.717,rt,
lita,2026-06-26,1.56,1.248,1.959,1.433,1.717,rt,
lita,2026-06-27,1.564,1.235,1.972,1.427,1.722,rt,
lita,2026-06-28,1.566,1.213,2.014,1.42,1.735,rt,
lita,2026-06-29,1.532,1.161,2.022,1.378,1.718,rt,
lita,2026-06-30,1.502,1.168,1.929,1.361,1.667,rt,
lita,2026-07-01,1.472,1.17,1.849,1.343,1.621,rt,
lita,2026-07-02,1.447,1.163,1.794,1.324,1.584,rt,
lita,2026-07-03,1.416,1.141,1.757,1.299,1.547,rt,
lita,2026-07-04,1.393,1.118,1.735,1.269,1.526,rt,
lita,2026-07-05,1.367,1.076,1.718,1.234,1.503,rt,
lita,2026-07-06,1.348,1.034,1.735,1.209,1.497,rt,
lita,2026-07-07,1.332,1.045,1.666,1.205,1.463,rt,
lita,2026-07-08,1.314,1.043,1.615,1.199,1.427,rt,
lita,2026-07-09,1.292,1.04,1.579,1.185,1.399,rt,
lita,2026-07-10,1.276,1.023,1.552,1.17,1.384,rt,
lita,2026-07-11,1.257,0.994,1.549,1.149,1.371,rt,
lita,2026-07-12,1.24,0.96,1.546,1.122,1.36,rt,
lita,2026-07-13,1.209,0.911,1.548,1.08,1.339,rt,
lita,2026-07-14,1.188,0.92,1.483,1.07,1.305,rt,
lita,2026-07-15,1.165,0.918,1.441,1.06,1.275,rt,
lita,2026-07-16,1.146,0.91,1.409,1.046,1.251,rt,
lita,2026-07-17,1.125,0.898,1.387,1.033,1.228,rt,
lita,2026-07-18,1.106,0.881,1.37,1.012,1.211,rt,
lita,2026-07-19,1.084,0.849,1.373,0.982,1.191,rt,
lita,2026-07-20,1.067,0.816,1.381,0.956,1.183,rt,
lita,2026-07-21,1.061,0.829,1.33,0.96,1.164,rt,
lita,2026-07-22,1.05,0.838,1.295,0.961,1.144,rt,
lita,2026-07-23,1.042,0.832,1.276,0.955,1.131,rt,
lita,2026-07-24,1.035,0.826,1.27,0.95,1.125,rt,
lita,2026-07-25,1.025,0.809,1.26,0.937,1.124,rt,
lita,2026-07-26,1.013,0.786,1.263,0.918,1.119,rt,
lita,2026-07-27,1.005,0.753,1.291,0.898,1.121,rt,
lita,2026-07-28,1.015,0.785,1.282,0.92,1.122,rt,
lita,2026-07-29,1.027,0.812,1.276,0.939,1.126,rt,
lita,2026-07-30,1.038,0.824,1.274,0.953,1.133,rt,
lita,2026-07-31,1.039,0.832,1.277,0.955,1.133,rt,
lita,2026-08-01,1.036,0.828,1.287,0.954,1.134,rt,
lita,2026-08-02,1.037,0.809,1.303,0.946,1.143,rt,
lita,2026-08-03,1.032,0.781,1.334,0.93,1.136,rt,
lita,2026-08-04,1.028,0.799,1.302,0.934,1.13,rt,
lita,2026-08-05,1.026,0.813,1.279,0.933,1.124,rt,
lita,2026-08-06,1.019,0.816,1.259,0.931,1.114,rt,
lita,2026-08-07,1.012,0.815,1.249,0.922,1.106,rt,
lita,2026-08-08,1.003,0.799,1.256,0.91,1.104,rt,
lita,2026-08-09,0.992,0.776,1.261,0.895,1.1,rt,
lita,2026-08-10,0.972,0.737,1.274,0.869,1.089,rt,
lita,2026-08-11,0.961,0.748,1.232,0.871,1.066,rt,
lita,2026-08-12,0.954,0.752,1.189,0.869,1.046,rt,
lita,2026-08-13,0.944,0.752,1.162,0.862,1.03,rt,
lita,2026-08-14,0.936,0.744,1.143,0.854,1.018,rt,
lita,2026-08-15,0.924,0.728,1.146,0.841,1.008,rt,
lita,2026-08-16,0.912,0.7,1.149,0.822,1.005,rt,
lita,2026-08-17,0.905,0.668,1.177,0.806,1.013,rt,
lita,2026-08-18,0.908,0.702,1.151,0.818,1.005,rt,
lita,2026-08-19,0.911,0.725,1.135,0.832,1.002,rt,
lita,2026-08-20,0.911,0.74,1.13,0.839,0.998,rt,
lita,2026-08-21,0.918,0.745,1.135,0.847,1.003,rt,
lita,2026-08-22,0.921,0.741,1.158,0.845,1.008,rt,
lita,2026-08-23,0.926,0.732,1.183,0.844,1.018,rt,
lita,2026-08-24,0.935,0.719,1.235,0.846,1.04,rt,
lita,2026-08-25,0.935,0.732,1.208,0.85,1.028,rt,
lita,2026-08-26,0.937,0.738,1.179,0.852,1.024,rt,
lita,2026-08-27,0.934,0.743,1.165,0.854,1.021,rt,
lita,2026-08-28,0.925,0.737,1.15,0.846,1.012,rt,
lita,2026-08-29,0.913,0.719,1.142,0.828,1.005,rt,
lita,2026-08-30,0.9,0.692,1.151,0.806,0.999,rt,
lita,2026-08-31,0.871,0.652,1.148,0.776,0.986,rt,
lita,2026-09-01,0.861,0.66,1.111,0.771,0.959,rt,
lita,2026-09-02,0.846,0.66,1.077,0.763,0.933,rt,
lita,2026-09-03,0.83,0.65,1.052,0.753,0.913,rt,
lita,2026-09-04,0.813,0.637,1.029,0.739,0.891,rt,
lita,2026-09-05,0.793,0.616,1.006,0.719,0.875,rt,
lita,2026-09-06,0.77,0.583,0.999,0.692,0.858,rt,
lita,2026-09-07,0.735,0.539,0.977,0.653,0.832,rt,
lita,2026-09-08,0.722,0.542,0.94,0.647,0.812,rt,
lita,2026-09-09,0.709,0.537,0.91,0.637,0.793,rt,
lita,2026-09-10,0.696,0.525,0.886,0.623,0.774,rt,
lita,2026-09-11,0.678,0.508,0.869,0.606,0.756,rt,
lita,2026-09-12,0.66,0.484,0.858,0.584,0.738,rt,
lita,2026-09-13,0.639,0.451,0.862,0.559,0.725,rt,
lita,2026-09-14,0.62,0.414,0.869,0.533,0.715,rt,
lita,2026-09-15,0.627,0.431,0.87,0.544,0.719,rt,
lita,2026-09-16,0.634,0.441,0.872,0.551,0.728,rt,
lita,2026-09-17,0.644,0.45,0.898,0.558,0.741,rt,
lita,2026-09-18,0.653,0.45,0.921,0.561,0.753,rt,
lita,2026-09-19,0.663,0.451,0.955,0.566,0.771,rt,
lita,2026-09-20,0.67,0.441,0.993,0.565,0.793,rt,
lita,2026-09-21,0.686,0.436,1.04,0.571,0.817,rt,
lita,2026-09-22,0.688,0.439,1.035,0.575,0.816,rt,
lita,2026-09-23,0.69,0.429,1.042,0.573,0.816,rt,
lita,2026-09-24,0.691,0.423,1.053,0.572,0.825,rt,
lita,2026-09-25,0.688,0.416,1.084,0.566,0.839,rt,
lita,2026-09-26,0.686,0.405,1.116,0.552,0.844,rt,
lita,2026-09-27,0.684,0.382,1.163,0.538,0.863,rt,
lita,2026-09-28,0.676,0.355,1.207,0.518,0.874,rt,
lita,2026-09-29,0.671,0.351,1.196,0.515,0.867,rt,
lita,2026-09-30,0.672,0.341,1.19,0.508,0.875,rt,
lita,2026-10-01,0.665,0.323,1.196,0.499,0.877,rt,
lita,2026-10-02,0.658,0.303,1.221,0.486,0.873,rt,
lita,2026-10-03,0.652,0.284,1.243,0.471,0.87,rt,
lita,2026-10-04,0.644,0.259,1.28,0.448,0.873,rt,
lita,2026-10-05,0.632,0.237,1.305,0.431,0.879,rt,
lita,2026-10-06,0.635,0.231,1.38,0.441,0.885,rt,
logo,2026-06-23,1.265,1.086,1.46,1.186,1.34,rt,
logo,2026-06-24,1.257,1.083,1.449,1.184,1.334,rt,
logo,2026-06-25,1.252,1.08,1.441,1.18,1.332,rt,
logo,2026-06-26,1.244,1.072,1.429,1.176,1.321,rt,
logo,2026-06-27,1.236,1.065,1.42,1.166,1.313,rt,
logo,2026-06-28,1.228,1.053,1.418,1.153,1.307,rt,
logo,2026-06-29,1.196,1.015,1.393,1.119,1.274,rt,
logo,2026-06-30,1.174,1.01,1.361,1.104,1.249,rt,
logo,2026-07-01,1.154,0.999,1.328,1.087,1.225,rt,
logo,2026-07-02,1.137,0.987,1.298,1.072,1.202,rt,
logo,2026-07-03,1.119,0.973,1.272,1.055,1.183,rt,
logo,2026-07-04,1.099,0.959,1.245,1.039,1.162,rt,
logo,2026-07-05,1.084,0.938,1.231,1.02,1.147,rt,
logo,2026-07-06,1.072,0.924,1.226,1.008,1.139,rt,
logo,2026-07-07,1.077,0.935,1.217,1.018,1.139,rt,
logo,2026-07-08,1.081,0.946,1.215,1.024,1.138,rt,
logo,2026-07-09,1.085,0.957,1.219,1.03,1.142,rt,
logo,2026-07-10,1.091,0.967,1.221,1.04,1.145,rt,
logo,2026-07-11,1.095,0.976,1.226,1.046,1.15,rt,
logo,2026-07-12,1.099,0.977,1.236,1.048,1.154,rt,
logo,2026-07-13,1.091,0.964,1.238,1.038,1.15,rt,
logo,2026-07-14,1.091,0.967,1.226,1.041,1.146,rt,
logo,2026-07-15,1.09,0.971,1.22,1.039,1.143,rt,
logo,2026-07-16,1.088,0.968,1.218,1.035,1.14,rt,
logo,2026-07-17,1.087,0.97,1.214,1.035,1.136,rt,
logo,2026-07-18,1.082,0.967,1.215,1.032,1.135,rt,
logo,2026-07-19,1.078,0.957,1.218,1.027,1.132,rt,
logo,2026-07-20,1.076,0.947,1.226,1.022,1.134,rt,
logo,2026-07-21,1.073,0.953,1.212,1.022,1.126,rt,
logo,2026-07-22,1.07,0.952,1.204,1.02,1.12,rt,
logo,2026-07-23,1.065,0.95,1.198,1.015,1.115,rt,
logo,2026-07-24,1.063,0.952,1.189,1.014,1.11,rt,
logo,2026-07-25,1.059,0.944,1.186,1.01,1.106,rt,
logo,2026-07-26,1.051,0.931,1.186,1.001,1.101,rt,
logo,2026-07-27,1.049,0.923,1.19,0.994,1.1,rt,
logo,2026-07-28,1.047,0.927,1.178,0.995,1.096,rt,
logo,2026-07-29,1.044,0.927,1.17,0.996,1.094,rt,
logo,2026-07-30,1.039,0.923,1.17,0.99,1.09,rt,
logo,2026-07-31,1.028,0.915,1.151,0.979,1.077,rt,
logo,2026-08-01,1.015,0.897,1.135,0.966,1.065,rt,
logo,2026-08-02,1.0,0.879,1.125,0.951,1.054,rt,
logo,2026-08-03,0.981,0.849,1.114,0.929,1.039,rt,
logo,2026-08-04,0.977,0.854,1.105,0.926,1.029,rt,
logo,2026-08-05,0.971,0.852,1.094,0.921,1.021,rt,
logo,2026-08-06,0.964,0.847,1.086,0.916,1.014,rt,
logo,2026-08-07,0.954,0.842,1.065,0.909,1.003,rt,
logo,2026-08-08,0.944,0.835,1.054,0.899,0.99,rt,
logo,2026-08-09,0.933,0.82,1.046,0.887,0.978,rt,
logo,2026-08-10,0.913,0.796,1.029,0.866,0.96,rt,
logo,2026-08-11,0.905,0.794,1.013,0.862,0.951,rt,
logo,2026-08-12,0.899,0.79,1.003,0.857,0.941,rt,
logo,2026-08-13,0.891,0.785,0.996,0.85,0.933,rt,
logo,2026-08-14,0.883,0.783,0.984,0.842,0.924,rt,
logo,2026-08-15,0.874,0.772,0.976,0.833,0.915,rt,
logo,2026-08-16,0.864,0.76,0.971,0.821,0.909,rt,
logo,2026-08-17,0.861,0.751,0.975,0.816,0.91,rt,
logo,2026-08-18,0.863,0.758,0.976,0.821,0.911,rt,
logo,2026-08-19,0.865,0.763,0.976,0.824,0.913,rt,
logo,2026-08-20,0.868,0.765,0.981,0.824,0.914,rt,
logo,2026-08-21,0.874,0.773,0.98,0.831,0.918,rt,
logo,2026-08-22,0.879,0.777,0.981,0.836,0.923,rt,
logo,2026-08-23,0.882,0.778,0.986,0.836,0.926,rt,
logo,2026-08-24,0.891,0.779,1.002,0.843,0.939,rt,
logo,2026-08-25,0.91,0.802,1.022,0.863,0.956,rt,
logo,2026-08-26,0.929,0.82,1.042,0.88,0.974,rt,
logo,2026-08-27,0.946,0.836,1.063,0.897,0.992,rt,
logo,2026-08-28,0.955,0.846,1.07,0.909,1.002,rt,
logo,2026-08-29,0.964,0.855,1.081,0.919,1.011,rt,
logo,2026-08-30,0.969,0.859,1.09,0.923,1.017,rt,
logo,2026-08-31,0.963,0.848,1.09,0.912,1.011,rt,
logo,2026-09-01,0.969,0.858,1.088,0.919,1.015,rt,
logo,2026-09-02,0.973,0.864,1.089,0.927,1.022,rt,
logo,2026-09-03,0.975,0.863,1.094,0.931,1.027,rt,
logo,2026-09-04,0.974,0.869,1.089,0.932,1.023,rt,
logo,2026-09-05,0.972,0.87,1.089,0.93,1.02,rt,
logo,2026-09-06,0.968,0.861,1.084,0.923,1.016,rt,
logo,2026-09-07,0.947,0.835,1.067,0.9,0.997,rt,
logo,2026-09-08,0.933,0.821,1.052,0.887,0.982,rt,
logo,2026-09-09,0.917,0.805,1.037,0.869,0.966,rt,
logo,2026-09-10,0.9,0.789,1.025,0.85,0.949,rt,
logo,2026-09-11,0.883,0.772,1.002,0.833,0.928,rt,
logo,2026-09-12,0.861,0.749,0.982,0.812,0.907,rt,
logo,2026-09-13,0.837,0.72,0.961,0.788,0.889,rt,
logo,2026-09-14,0.816,0.685,0.948,0.764,0.873,rt,
logo,2026-09-15,0.816,0.684,0.946,0.759,0.87,rt,
logo,2026-09-16,0.812,0.682,0.943,0.755,0.867,rt,
logo,2026-09-17,0.809,0.677,0.945,0.753,0.865,rt,
logo,2026-09-18,0.804,0.673,0.945,0.747,0.864,rt,
logo,2026-09-19,0.801,0.665,0.953,0.741,0.866,rt,
logo,2026-09-20,0.8,0.653,0.96,0.732,0.867,rt,
logo,2026-09-21,0.801,0.643,0.98,0.728,0.873,rt,
logo,2026-09-22,0.804,0.64,0.993,0.729,0.878,rt,
logo,2026-09-23,0.807,0.634,1.005,0.729,0.886,rt,
logo,2026-09-24,0.806,0.63,1.015,0.727,0.891,rt,
logo,2026-09-25,0.809,0.619,1.032,0.729,0.894,rt,
logo,2026-09-26,0.81,0.603,1.046,0.727,0.899,rt,
logo,2026-09-27,0.809,0.591,1.057,0.718,0.903,rt,
logo,2026-09-28,0.8,0.574,1.06,0.707,0.903,rt,
logo,2026-09-29,0.798,0.56,1.071,0.703,0.904,rt,
logo,2026-09-30,0.797,0.544,1.081,0.698,0.905,rt,
logo,2026-10-01,0.791,0.532,1.088,0.691,0.907,rt,
logo,2026-10-02,0.782,0.522,1.083,0.678,0.9,rt,
logo,2026-10-03,0.772,0.504,1.087,0.663,0.896,rt,
logo,2026-10-04,0.758,0.482,1.098,0.646,0.896,rt,
logo,2026-10-05,0.744,0.46,1.114,0.627,0.892,rt,
logo,2026-10-06,0.766,0.472,1.109,0.642,0.907,rt,
lolwa,2026-07-08,1.386,0.86,2.162,1.14,1.676,rt,
lolwa,2026-07-09,1.432,0.913,2.17,1.187,1.709,rt,
lolwa,2026-07-10,1.477,0.937,2.22,1.226,1.757,rt,
lolwa,2026-07-11,1.519,0.96,2.322,1.257,1.804,rt,
lolwa,2026-07-12,1.565,0.952,2.465,1.268,1.886,rt,
lolwa,2026-07-13,1.589,0.938,2.594,1.264,1.947,rt,
lolwa,2026-07-14,1.579,0.963,2.514,1.279,1.903,rt,
lolwa,2026-07-15,1.558,0.984,2.451,1.295,1.869,rt,
lolwa,2026-07-16,1.537,0.992,2.379,1.286,1.839,rt,
lolwa,2026-07-17,1.538,0.989,2.372,1.273,1.835,rt,
lolwa,2026-07-18,1.523,0.955,2.391,1.251,1.827,rt,
lolwa,2026-07-19,1.503,0.914,2.457,1.224,1.842,rt,
lolwa,2026-07-20,1.487,0.879,2.556,1.199,1.851,rt,
lolwa,2026-07-21,1.46,0.899,2.393,1.202,1.776,rt,
lolwa,2026-07-22,1.433,0.913,2.264,1.185,1.712,rt,
lolwa,2026-07-23,1.393,0.921,2.161,1.162,1.662,rt,
lolwa,2026-07-24,1.373,0.907,2.091,1.143,1.622,rt,
lolwa,2026-07-25,1.341,0.87,2.061,1.126,1.589,rt,
lolwa,2026-07-26,1.308,0.824,2.076,1.081,1.569,rt,
lolwa,2026-07-27,1.279,0.771,2.116,1.04,1.556,rt,
lolwa,2026-07-28,1.256,0.8,1.978,1.039,1.507,rt,
lolwa,2026-07-29,1.233,0.806,1.886,1.036,1.462,rt,
lolwa,2026-07-30,1.205,0.81,1.814,1.026,1.421,rt,
lolwa,2026-07-31,1.18,0.778,1.764,0.996,1.381,rt,
lolwa,2026-08-01,1.141,0.742,1.73,0.955,1.338,rt,
lolwa,2026-08-02,1.112,0.695,1.72,0.92,1.317,rt,
lolwa,2026-08-03,1.064,0.642,1.74,0.864,1.295,rt,
lolwa,2026-08-04,1.062,0.677,1.666,0.879,1.273,rt,
lolwa,2026-08-05,1.061,0.699,1.617,0.878,1.251,rt,
lolwa,2026-08-06,1.061,0.699,1.589,0.884,1.239,rt,
lolwa,2026-08-07,1.05,0.687,1.577,0.879,1.228,rt,
lolwa,2026-08-08,1.043,0.669,1.577,0.866,1.238,rt,
lolwa,2026-08-09,1.031,0.639,1.591,0.846,1.246,rt,
lolwa,2026-08-10,1.014,0.592,1.635,0.805,1.258,rt,
lolwa,2026-08-11,1.011,0.616,1.565,0.819,1.223,rt,
lolwa,2026-08-12,1.007,0.635,1.521,0.828,1.204,rt,
lolwa,2026-08-13,0.998,0.641,1.479,0.833,1.186,rt,
lolwa,2026-08-14,0.998,0.636,1.471,0.835,1.173,rt,
lolwa,2026-08-15,0.99,0.62,1.485,0.828,1.164,rt,
lolwa,2026-08-16,0.989,0.603,1.52,0.814,1.165,rt,
lolwa,2026-08-17,0.991,0.582,1.564,0.799,1.182,rt,
lolwa,2026-08-18,0.974,0.606,1.472,0.806,1.149,rt,
lolwa,2026-08-19,0.958,0.622,1.398,0.803,1.126,rt,
lolwa,2026-08-20,0.945,0.619,1.368,0.794,1.1,rt,
lolwa,2026-08-21,0.934,0.604,1.353,0.79,1.092,rt,
lolwa,2026-08-22,0.922,0.584,1.376,0.772,1.081,rt,
lolwa,2026-08-23,0.906,0.546,1.408,0.742,1.075,rt,
lolwa,2026-08-24,0.899,0.517,1.479,0.724,1.096,rt,
lolwa,2026-08-25,0.897,0.539,1.425,0.74,1.076,rt,
lolwa,2026-08-26,0.907,0.557,1.376,0.757,1.069,rt,
lolwa,2026-08-27,0.904,0.561,1.358,0.76,1.067,rt,
lolwa,2026-08-28,0.898,0.56,1.332,0.749,1.067,rt,
lolwa,2026-08-29,0.891,0.55,1.339,0.738,1.06,rt,
lolwa,2026-08-30,0.888,0.524,1.358,0.715,1.06,rt,
lolwa,2026-08-31,0.86,0.486,1.38,0.683,1.059,rt,
lolwa,2026-09-01,0.866,0.516,1.333,0.702,1.048,rt,
lolwa,2026-09-02,0.867,0.529,1.319,0.717,1.039,rt,
lolwa,2026-09-03,0.875,0.548,1.317,0.722,1.04,rt,
lolwa,2026-09-04,0.879,0.539,1.322,0.723,1.044,rt,
lolwa,2026-09-05,0.88,0.532,1.327,0.718,1.041,rt,
lolwa,2026-09-06,0.873,0.515,1.354,0.713,1.046,rt,
lolwa,2026-09-07,0.848,0.489,1.388,0.688,1.036,rt,
lolwa,2026-09-08,0.84,0.49,1.338,0.69,1.015,rt,
lolwa,2026-09-09,0.824,0.485,1.29,0.678,0.998,rt,
lolwa,2026-09-10,0.812,0.48,1.276,0.669,0.98,rt,
lolwa,2026-09-11,0.798,0.47,1.265,0.656,0.972,rt,
lolwa,2026-09-12,0.778,0.446,1.268,0.63,0.953,rt,
lolwa,2026-09-13,0.759,0.42,1.281,0.601,0.941,rt,
lolwa,2026-09-14,0.74,0.388,1.295,0.578,0.932,rt,
lolwa,2026-09-15,0.729,0.396,1.252,0.573,0.913,rt,
lolwa,2026-09-16,0.717,0.389,1.233,0.564,0.894,rt,
lolwa,2026-09-17,0.706,0.384,1.199,0.548,0.873,rt,
lolwa,2026-09-18,0.693,0.368,1.208,0.539,0.867,rt,
lolwa,2026-09-19,0.679,0.351,1.219,0.528,0.859,rt,
lolwa,2026-09-20,0.666,0.333,1.223,0.507,0.856,rt,
lolwa,2026-09-21,0.656,0.318,1.293,0.491,0.862,rt,
lolwa,2026-09-22,0.657,0.322,1.258,0.499,0.856,rt,
lolwa,2026-09-23,0.661,0.326,1.285,0.497,0.866,rt,
lolwa,2026-09-24,0.658,0.319,1.311,0.496,0.878,rt,
lolwa,2026-09-25,0.658,0.313,1.326,0.487,0.887,rt,
lolwa,2026-09-26,0.656,0.311,1.366,0.48,0.893,rt,
lolwa,2026-09-27,0.661,0.301,1.422,0.469,0.9,rt,
lolwa,2026-09-28,0.646,0.287,1.448,0.455,0.911,rt,
lolwa,2026-09-29,0.643,0.291,1.405,0.454,0.897,rt,
lolwa,2026-09-30,0.639,0.286,1.398,0.452,0.893,rt,
lolwa,2026-10-01,0.641,0.28,1.412,0.449,0.889,rt,
lolwa,2026-10-02,0.628,0.268,1.452,0.445,0.877,rt,
lolwa,2026-10-03,0.618,0.256,1.471,0.433,0.872,rt,
lolwa,2026-10-04,0.605,0.245,1.48,0.418,0.876,rt,
lolwa,2026-10-05,0.592,0.233,1.535,0.406,0.873,rt,
lolwa,2026-10-06,0.609,0.229,1.635,0.41,0.92,rt,
mahagi,2026-08-09,0.98,0.868,1.087,0.934,1.021,rt,
mahagi,2026-08-10,0.959,0.845,1.072,0.912,1.003,rt,
mahagi,2026-08-11,0.95,0.84,1.054,0.908,0.992,rt,
mahagi,2026-08-12,0.942,0.836,1.042,0.901,0.983,rt,
mahagi,2026-08-13,0.934,0.831,1.035,0.892,0.973,rt,
mahagi,2026-08-14,0.925,0.825,1.022,0.885,0.965,rt,
mahagi,2026-08-15,0.916,0.817,1.015,0.877,0.955,rt,
mahagi,2026-08-16,0.905,0.802,1.011,0.862,0.945,rt,
mahagi,2026-08-17,0.904,0.793,1.016,0.856,0.945,rt,
mahagi,2026-08-18,0.907,0.803,1.017,0.861,0.948,rt,
mahagi,2026-08-19,0.908,0.806,1.018,0.864,0.953,rt,
mahagi,2026-08-20,0.909,0.807,1.021,0.867,0.955,rt,
mahagi,2026-08-21,0.916,0.817,1.02,0.873,0.957,rt,
mahagi,2026-08-22,0.92,0.822,1.02,0.88,0.961,rt,
mahagi,2026-08-23,0.922,0.819,1.025,0.883,0.965,rt,
mahagi,2026-08-24,0.935,0.824,1.046,0.89,0.979,rt,
mahagi,2026-08-25,0.953,0.845,1.064,0.91,0.996,rt,
mahagi,2026-08-26,0.971,0.862,1.084,0.93,1.016,rt,
mahagi,2026-08-27,0.987,0.874,1.103,0.944,1.036,rt,
mahagi,2026-08-28,1.001,0.889,1.108,0.957,1.043,rt,
mahagi,2026-08-29,1.009,0.899,1.118,0.967,1.052,rt,
mahagi,2026-08-30,1.014,0.904,1.13,0.972,1.06,rt,
mahagi,2026-08-31,1.007,0.894,1.129,0.963,1.055,rt,
mahagi,2026-09-01,1.012,0.902,1.127,0.968,1.06,rt,
mahagi,2026-09-02,1.017,0.905,1.134,0.975,1.063,rt,
mahagi,2026-09-03,1.021,0.907,1.139,0.977,1.067,rt,
mahagi,2026-09-04,1.022,0.913,1.133,0.978,1.065,rt,
mahagi,2026-09-05,1.019,0.912,1.129,0.975,1.062,rt,
mahagi,2026-09-06,1.013,0.901,1.123,0.968,1.058,rt,
mahagi,2026-09-07,0.991,0.877,1.11,0.945,1.04,rt,
mahagi,2026-09-08,0.975,0.864,1.097,0.93,1.025,rt,
mahagi,2026-09-09,0.959,0.847,1.083,0.913,1.008,rt,
mahagi,2026-09-10,0.94,0.828,1.073,0.895,0.989,rt,
mahagi,2026-09-11,0.922,0.809,1.047,0.877,0.969,rt,
mahagi,2026-09-12,0.9,0.791,1.024,0.856,0.948,rt,
mahagi,2026-09-13,0.877,0.762,1.004,0.83,0.929,rt,
mahagi,2026-09-14,0.859,0.731,0.99,0.808,0.911,rt,
mahagi,2026-09-15,0.854,0.731,0.99,0.801,0.908,rt,
mahagi,2026-09-16,0.85,0.727,0.988,0.796,0.908,rt,
mahagi,2026-09-17,0.847,0.718,0.988,0.792,0.905,rt,
mahagi,2026-09-18,0.842,0.712,0.988,0.788,0.905,rt,
mahagi,2026-09-19,0.838,0.704,0.993,0.783,0.904,rt,
mahagi,2026-09-20,0.833,0.692,1.001,0.775,0.906,rt,
mahagi,2026-09-21,0.836,0.681,1.019,0.769,0.914,rt,
mahagi,2026-09-22,0.84,0.679,1.032,0.772,0.919,rt,
mahagi,2026-09-23,0.843,0.676,1.042,0.769,0.926,rt,
mahagi,2026-09-24,0.844,0.667,1.055,0.767,0.929,rt,
mahagi,2026-09-25,0.847,0.654,1.073,0.766,0.935,rt,
mahagi,2026-09-26,0.848,0.645,1.086,0.76,0.941,rt,
mahagi,2026-09-27,0.847,0.63,1.1,0.758,0.949,rt,
mahagi,2026-09-28,0.84,0.612,1.108,0.745,0.949,rt,
mahagi,2026-09-29,0.837,0.602,1.114,0.743,0.947,rt,
mahagi,2026-09-30,0.834,0.589,1.125,0.735,0.945,rt,
mahagi,2026-10-01,0.828,0.575,1.128,0.728,0.949,rt,
mahagi,2026-10-02,0.824,0.563,1.132,0.715,0.943,rt,
mahagi,2026-10-03,0.811,0.54,1.127,0.7,0.94,rt,
mahagi,2026-10-04,0.798,0.517,1.142,0.683,0.938,rt,
mahagi,2026-10-05,0.784,0.491,1.16,0.665,0.932,rt,
mahagi,2026-10-06,0.805,0.506,1.158,0.679,0.95,rt,
mambasa,2026-06-13,1.621,0.973,2.687,1.321,1.983,rt,
mambasa,2026-06-14,1.617,0.958,2.806,1.316,2.034,rt,
mambasa,2026-06-15,1.624,0.924,2.98,1.304,2.089,rt,
mambasa,2026-06-16,1.658,0.996,2.873,1.359,2.072,rt,
mambasa,2026-06-17,1.696,1.055,2.808,1.405,2.066,rt,
mambasa,2026-06-18,1.722,1.094,2.795,1.433,2.085,rt,
mambasa,2026-06-19,1.749,1.113,2.833,1.452,2.11,rt,
mambasa,2026-06-20,1.781,1.083,2.939,1.478,2.195,rt,
mambasa,2026-06-21,1.797,1.044,3.082,1.461,2.276,rt,
mambasa,2026-06-22,1.852,1.02,3.312,1.461,2.4,rt,
mambasa,2026-06-23,1.811,1.047,3.03,1.451,2.278,rt,
mambasa,2026-06-24,1.76,1.064,2.848,1.424,2.149,rt,
mambasa,2026-06-25,1.71,1.057,2.687,1.396,2.063,rt,
mambasa,2026-06-26,1.648,1.04,2.592,1.359,1.983,rt,
mambasa,2026-06-27,1.594,0.994,2.587,1.304,1.929,rt,
mambasa,2026-06-28,1.534,0.925,2.626,1.244,1.886,rt,
mambasa,2026-06-29,1.443,0.834,2.587,1.158,1.824,rt,
mambasa,2026-06-30,1.376,0.83,2.32,1.137,1.714,rt,
mambasa,2026-07-01,1.324,0.814,2.138,1.093,1.622,rt,
mambasa,2026-07-02,1.271,0.791,1.982,1.054,1.531,rt,
mambasa,2026-07-03,1.216,0.774,1.885,1.013,1.477,rt,
mambasa,2026-07-04,1.161,0.718,1.878,0.953,1.418,rt,
mambasa,2026-07-05,1.118,0.667,1.88,0.892,1.378,rt,
mambasa,2026-07-06,1.078,0.604,1.927,0.839,1.36,rt,
mambasa,2026-07-07,1.065,0.636,1.794,0.85,1.311,rt,
mambasa,2026-07-08,1.059,0.65,1.694,0.858,1.28,rt,
mambasa,2026-07-09,1.046,0.653,1.635,0.865,1.259,rt,
mambasa,2026-07-10,1.032,0.636,1.584,0.854,1.247,rt,
mambasa,2026-07-11,1.031,0.623,1.64,0.845,1.247,rt,
mambasa,2026-07-12,1.028,0.59,1.674,0.822,1.244,rt,
mambasa,2026-07-13,1.011,0.552,1.741,0.783,1.243,rt,
mambasa,2026-07-14,0.985,0.569,1.625,0.786,1.197,rt,
mambasa,2026-07-15,0.968,0.581,1.548,0.782,1.168,rt,
mambasa,2026-07-16,0.948,0.568,1.501,0.775,1.142,rt,
mambasa,2026-07-17,0.937,0.553,1.473,0.761,1.129,rt,
mambasa,2026-07-18,0.916,0.537,1.497,0.742,1.115,rt,
mambasa,2026-07-19,0.898,0.499,1.502,0.717,1.113,rt,
mambasa,2026-07-20,0.877,0.468,1.556,0.695,1.119,rt,
mambasa,2026-07-21,0.859,0.48,1.462,0.69,1.079,rt,
mambasa,2026-07-22,0.844,0.488,1.365,0.674,1.036,rt,
mambasa,2026-07-23,0.824,0.482,1.305,0.664,1.005,rt,
mambasa,2026-07-24,0.809,0.483,1.273,0.648,0.982,rt,
mambasa,2026-07-25,0.791,0.465,1.274,0.635,0.963,rt,
mambasa,2026-07-26,0.765,0.427,1.295,0.61,0.948,rt,
mambasa,2026-07-27,0.747,0.399,1.332,0.59,0.941,rt,
mambasa,2026-07-28,0.735,0.414,1.224,0.589,0.903,rt,
mambasa,2026-07-29,0.72,0.41,1.157,0.578,0.873,rt,
mambasa,2026-07-30,0.701,0.406,1.105,0.554,0.85,rt,
mambasa,2026-07-31,0.68,0.388,1.071,0.537,0.83,rt,
mambasa,2026-08-01,0.655,0.358,1.06,0.514,0.805,rt,
mambasa,2026-08-02,0.635,0.331,1.065,0.491,0.793,rt,
mambasa,2026-08-03,0.606,0.297,1.085,0.459,0.776,rt,
mambasa,2026-08-04,0.608,0.312,1.026,0.474,0.758,rt,
mambasa,2026-08-05,0.606,0.317,0.989,0.481,0.743,rt,
mambasa,2026-08-06,0.606,0.328,0.975,0.484,0.735,rt,
mambasa,2026-08-07,0.595,0.334,0.967,0.479,0.73,rt,
mambasa,2026-08-08,0.591,0.333,0.984,0.474,0.729,rt,
mambasa,2026-08-09,0.589,0.318,1.015,0.466,0.733,rt,
mambasa,2026-08-10,0.581,0.305,1.046,0.448,0.734,rt,
mambasa,2026-08-11,0.602,0.325,1.014,0.472,0.748,rt,
mambasa,2026-08-12,0.616,0.342,0.996,0.49,0.764,rt,
mambasa,2026-08-13,0.632,0.362,1.02,0.515,0.775,rt,
mambasa,2026-08-14,0.653,0.378,1.046,0.528,0.795,rt,
mambasa,2026-08-15,0.676,0.381,1.09,0.54,0.814,rt,
mambasa,2026-08-16,0.689,0.383,1.144,0.552,0.857,rt,
mambasa,2026-08-17,0.711,0.375,1.238,0.563,0.91,rt,
mambasa,2026-08-18,0.758,0.423,1.251,0.605,0.934,rt,
mambasa,2026-08-19,0.809,0.467,1.274,0.656,0.981,rt,
mambasa,2026-08-20,0.863,0.514,1.332,0.705,1.03,rt,
mambasa,2026-08-21,0.927,0.559,1.417,0.753,1.102,rt,
mambasa,2026-08-22,0.984,0.585,1.524,0.801,1.186,rt,
mambasa,2026-08-23,1.043,0.609,1.671,0.845,1.266,rt,
mambasa,2026-08-24,1.125,0.625,1.88,0.89,1.386,rt,
mambasa,2026-08-25,1.221,0.714,1.936,0.992,1.472,rt,
mambasa,2026-08-26,1.329,0.812,2.018,1.093,1.588,rt,
mambasa,2026-08-27,1.439,0.907,2.163,1.197,1.711,rt,
mambasa,2026-08-28,1.54,0.989,2.313,1.31,1.839,rt,
mambasa,2026-08-29,1.662,1.076,2.543,1.401,1.99,rt,
mambasa,2026-08-30,1.791,1.119,2.823,1.486,2.165,rt,
mambasa,2026-08-31,1.883,1.131,3.128,1.543,2.333,rt,
mambasa,2026-09-01,1.965,1.262,3.067,1.647,2.363,rt,
mambasa,2026-09-02,2.053,1.38,3.112,1.734,2.434,rt,
mambasa,2026-09-03,2.128,1.457,3.089,1.83,2.483,rt,
mambasa,2026-09-04,2.198,1.534,3.193,1.904,2.547,rt,
mambasa,2026-09-05,2.27,1.552,3.392,1.952,2.641,rt,
mambasa,2026-09-06,2.332,1.541,3.578,1.969,2.744,rt,
mambasa,2026-09-07,2.364,1.478,3.807,1.956,2.84,rt,
mambasa,2026-09-08,2.326,1.52,3.566,1.951,2.749,rt,
mambasa,2026-09-09,2.286,1.533,3.411,1.931,2.694,rt,
mambasa,2026-09-10,2.241,1.518,3.287,1.893,2.631,rt,
mambasa,2026-09-11,2.18,1.462,3.212,1.852,2.572,rt,
mambasa,2026-09-12,2.12,1.39,3.229,1.775,2.525,rt,
mambasa,2026-09-13,2.06,1.285,3.289,1.695,2.482,rt,
mambasa,2026-09-14,1.997,1.193,3.327,1.615,2.451,rt,
mambasa,2026-09-15,1.93,1.196,3.044,1.585,2.337,rt,
mambasa,2026-09-16,1.857,1.186,2.869,1.549,2.242,rt,
mambasa,2026-09-17,1.812,1.137,2.755,1.49,2.131,rt,
mambasa,2026-09-18,1.736,1.076,2.692,1.422,2.063,rt,
mambasa,2026-09-19,1.663,0.999,2.672,1.357,2.032,rt,
mambasa,2026-09-20,1.603,0.904,2.668,1.289,1.993,rt,
mambasa,2026-09-21,1.549,0.809,2.745,1.213,1.975,rt,
mambasa,2026-09-22,1.532,0.81,2.719,1.19,1.939,rt,
mambasa,2026-09-23,1.51,0.785,2.675,1.177,1.921,rt,
mambasa,2026-09-24,1.492,0.765,2.687,1.157,1.902,rt,
mambasa,2026-09-25,1.466,0.723,2.68,1.116,1.89,rt,
mambasa,2026-09-26,1.441,0.684,2.714,1.075,1.903,rt,
mambasa,2026-09-27,1.429,0.639,2.784,1.023,1.901,rt,
mambasa,2026-09-28,1.389,0.585,2.861,0.97,1.881,rt,
mambasa,2026-09-29,1.356,0.577,2.774,0.957,1.822,rt,
mambasa,2026-09-30,1.319,0.57,2.666,0.934,1.797,rt,
mambasa,2026-10-01,1.28,0.554,2.582,0.913,1.756,rt,
mambasa,2026-10-02,1.238,0.515,2.537,0.884,1.735,rt,
mambasa,2026-10-03,1.206,0.477,2.55,0.832,1.703,rt,
mambasa,2026-10-04,1.157,0.434,2.599,0.786,1.658,rt,
mambasa,2026-10-05,1.119,0.391,2.683,0.733,1.631,rt,
mambasa,2026-10-06,1.06,0.323,2.651,0.678,1.584,rt,
mandima,2026-06-18,2.176,1.372,3.485,1.811,2.66,rt,
mandima,2026-06-19,2.136,1.35,3.401,1.768,2.584,rt,
mandima,2026-06-20,2.092,1.294,3.421,1.711,2.56,rt,
mandima,2026-06-21,2.056,1.211,3.487,1.651,2.518,rt,
mandima,2026-06-22,2.038,1.124,3.62,1.603,2.534,rt,
mandima,2026-06-23,1.935,1.135,3.226,1.563,2.367,rt,
mandima,2026-06-24,1.855,1.136,2.92,1.521,2.23,rt,
mandima,2026-06-25,1.77,1.132,2.754,1.473,2.099,rt,
mandima,2026-06-26,1.674,1.076,2.57,1.404,1.988,rt,
mandima,2026-06-27,1.611,0.995,2.481,1.315,1.901,rt,
mandima,2026-06-28,1.522,0.92,2.417,1.23,1.832,rt,
mandima,2026-06-29,1.416,0.815,2.408,1.128,1.747,rt,
mandima,2026-06-30,1.355,0.828,2.167,1.093,1.64,rt,
mandima,2026-07-01,1.295,0.809,1.986,1.063,1.543,rt,
mandima,2026-07-02,1.239,0.794,1.857,1.03,1.455,rt,
mandima,2026-07-03,1.178,0.754,1.763,0.989,1.397,rt,
mandima,2026-07-04,1.126,0.7,1.719,0.936,1.342,rt,
mandima,2026-07-05,1.069,0.65,1.72,0.885,1.311,rt,
mandima,2026-07-06,1.027,0.587,1.763,0.829,1.292,rt,
mandima,2026-07-07,1.027,0.614,1.651,0.846,1.257,rt,
mandima,2026-07-08,1.031,0.631,1.584,0.854,1.229,rt,
mandima,2026-07-09,1.028,0.653,1.553,0.851,1.203,rt,
mandima,2026-07-10,1.016,0.648,1.544,0.845,1.215,rt,
mandima,2026-07-11,1.013,0.621,1.556,0.833,1.22,rt,
mandima,2026-07-12,1.013,0.591,1.635,0.814,1.233,rt,
mandima,2026-07-13,1.004,0.557,1.683,0.786,1.247,rt,
mandima,2026-07-14,1.007,0.596,1.593,0.817,1.223,rt,
mandima,2026-07-15,1.016,0.628,1.548,0.84,1.208,rt,
mandima,2026-07-16,1.026,0.655,1.539,0.857,1.201,rt,
mandima,2026-07-17,1.035,0.662,1.56,0.862,1.213,rt,
mandima,2026-07-18,1.042,0.654,1.615,0.858,1.234,rt,
mandima,2026-07-19,1.041,0.638,1.701,0.851,1.263,rt,
mandima,2026-07-20,1.052,0.608,1.815,0.839,1.309,rt,
mandima,2026-07-21,1.068,0.651,1.732,0.873,1.306,rt,
mandima,2026-07-22,1.085,0.687,1.677,0.912,1.309,rt,
mandima,2026-07-23,1.108,0.716,1.65,0.936,1.32,rt,
mandima,2026-07-24,1.13,0.74,1.675,0.952,1.327,rt,
mandima,2026-07-25,1.141,0.746,1.752,0.961,1.361,rt,
mandima,2026-07-26,1.15,0.728,1.865,0.961,1.399,rt,
mandima,2026-07-27,1.18,0.708,2.014,0.957,1.432,rt,
mandima,2026-07-28,1.17,0.741,1.857,0.974,1.39,rt,
mandima,2026-07-29,1.154,0.762,1.767,0.992,1.379,rt,
mandima,2026-07-30,1.148,0.771,1.71,0.991,1.365,rt,
mandima,2026-07-31,1.138,0.748,1.703,0.967,1.346,rt,
mandima,2026-08-01,1.12,0.711,1.695,0.937,1.333,rt,
mandima,2026-08-02,1.106,0.666,1.758,0.901,1.333,rt,
mandima,2026-08-03,1.076,0.607,1.802,0.861,1.338,rt,
mandima,2026-08-04,1.058,0.639,1.683,0.872,1.296,rt,
mandima,2026-08-05,1.036,0.661,1.577,0.871,1.259,rt,
mandima,2026-08-06,1.026,0.659,1.535,0.862,1.225,rt,
mandima,2026-08-07,1.004,0.641,1.508,0.846,1.206,rt,
mandima,2026-08-08,0.981,0.612,1.517,0.815,1.185,rt,
mandima,2026-08-09,0.961,0.564,1.559,0.783,1.176,rt,
mandima,2026-08-10,0.935,0.523,1.623,0.748,1.166,rt,
mandima,2026-08-11,0.941,0.561,1.532,0.768,1.144,rt,
mandima,2026-08-12,0.949,0.59,1.472,0.787,1.136,rt,
mandima,2026-08-13,0.959,0.615,1.438,0.805,1.129,rt,
mandima,2026-08-14,0.967,0.621,1.441,0.821,1.135,rt,
mandima,2026-08-15,0.976,0.604,1.439,0.816,1.148,rt,
mandima,2026-08-16,0.981,0.585,1.494,0.81,1.172,rt,
mandima,2026-08-17,0.999,0.564,1.602,0.803,1.206,rt,
mandima,2026-08-18,1.036,0.637,1.594,0.856,1.236,rt,
mandima,2026-08-19,1.069,0.697,1.596,0.909,1.267,rt,
mandima,2026-08-20,1.113,0.757,1.61,0.948,1.304,rt,
mandima,2026-08-21,1.163,0.799,1.666,0.997,1.37,rt,
mandima,2026-08-22,1.226,0.819,1.786,1.038,1.437,rt,
mandima,2026-08-23,1.275,0.814,1.923,1.063,1.514,rt,
mandima,2026-08-24,1.346,0.809,2.12,1.09,1.623,rt,
mandima,2026-08-25,1.439,0.914,2.135,1.197,1.684,rt,
mandima,2026-08-26,1.534,1.033,2.175,1.306,1.78,rt,
mandima,2026-08-27,1.633,1.111,2.269,1.415,1.871,rt,
mandima,2026-08-28,1.735,1.201,2.414,1.512,1.969,rt,
mandima,2026-08-29,1.821,1.266,2.572,1.583,2.1,rt,
mandima,2026-08-30,1.912,1.269,2.801,1.635,2.255,rt,
mandima,2026-08-31,1.989,1.257,3.072,1.666,2.396,rt,
mandima,2026-09-01,2.081,1.415,3.056,1.784,2.448,rt,
mandima,2026-09-02,2.18,1.568,3.08,1.9,2.512,rt,
mandima,2026-09-03,2.282,1.693,3.101,2.003,2.59,rt,
mandima,2026-09-04,2.381,1.773,3.215,2.099,2.695,rt,
mandima,2026-09-05,2.472,1.824,3.386,2.174,2.829,rt,
mandima,2026-09-06,2.556,1.81,3.621,2.232,2.961,rt,
mandima,2026-09-07,2.598,1.778,3.812,2.24,3.052,rt,
mandima,2026-09-08,2.581,1.889,3.622,2.268,2.981,rt,
mandima,2026-09-09,2.568,1.98,3.523,2.275,2.919,rt,
mandima,2026-09-10,2.552,1.985,3.459,2.284,2.858,rt,
mandima,2026-09-11,2.52,1.94,3.403,2.264,2.823,rt,
mandima,2026-09-12,2.481,1.876,3.397,2.212,2.812,rt,
mandima,2026-09-13,2.437,1.784,3.461,2.137,2.809,rt,
mandima,2026-09-14,2.396,1.69,3.533,2.056,2.792,rt,
mandima,2026-09-15,2.216,1.622,3.118,1.939,2.528,rt,
mandima,2026-09-16,2.042,1.537,2.763,1.813,2.295,rt,
mandima,2026-09-17,1.884,1.445,2.495,1.685,2.098,rt,
mandima,2026-09-18,1.74,1.313,2.301,1.555,1.95,rt,
mandima,2026-09-19,1.604,1.172,2.149,1.419,1.823,rt,
mandima,2026-09-20,1.482,1.029,2.033,1.287,1.705,rt,
mandima,2026-09-21,1.383,0.908,1.972,1.172,1.623,rt,
mandima,2026-09-22,1.36,0.899,1.904,1.147,1.58,rt,
mandima,2026-09-23,1.335,0.873,1.861,1.117,1.551,rt,
mandima,2026-09-24,1.305,0.819,1.853,1.085,1.529,rt,
mandima,2026-09-25,1.274,0.765,1.873,1.042,1.511,rt,
mandima,2026-09-26,1.257,0.695,1.876,0.999,1.502,rt,
mandima,2026-09-27,1.226,0.632,1.891,0.956,1.482,rt,
mandima,2026-09-28,1.193,0.567,1.914,0.903,1.462,rt,
mandima,2026-09-29,1.17,0.556,1.867,0.889,1.441,rt,
mandima,2026-09-30,1.132,0.533,1.835,0.868,1.427,rt,
mandima,2026-10-01,1.108,0.516,1.814,0.843,1.415,rt,
mandima,2026-10-02,1.088,0.477,1.793,0.811,1.384,rt,
mandima,2026-10-03,1.061,0.434,1.787,0.769,1.361,rt,
mandima,2026-10-04,1.041,0.4,1.791,0.741,1.343,rt,
mandima,2026-10-05,1.008,0.355,1.772,0.707,1.329,rt,
mandima,2026-10-06,0.96,0.314,1.854,0.635,1.321,rt,
mangala,2026-05-25,1.787,1.075,2.89,1.435,2.17,rt,
mangala,2026-05-26,1.802,1.136,2.838,1.477,2.161,rt,
mangala,2026-05-27,1.83,1.202,2.84,1.524,2.157,rt,
mangala,2026-05-28,1.864,1.27,2.844,1.574,2.192,rt,
mangala,2026-05-29,1.889,1.303,2.838,1.617,2.213,rt,
mangala,2026-05-30,1.923,1.306,2.911,1.644,2.261,rt,
mangala,2026-05-31,1.968,1.306,2.978,1.658,2.323,rt,
mangala,2026-06-01,2.014,1.305,3.147,1.678,2.406,rt,
mangala,2026-06-02,2.05,1.392,3.097,1.728,2.426,rt,
mangala,2026-06-03,2.078,1.459,3.051,1.779,2.427,rt,
mangala,2026-06-04,2.103,1.489,3.057,1.819,2.44,rt,
mangala,2026-06-05,2.122,1.506,3.085,1.864,2.451,rt,
mangala,2026-06-06,2.139,1.5,3.078,1.868,2.479,rt,
mangala,2026-06-07,2.144,1.45,3.135,1.86,2.486,rt,
mangala,2026-06-08,2.134,1.389,3.231,1.828,2.503,rt,
mangala,2026-06-09,2.089,1.439,3.018,1.823,2.413,rt,
mangala,2026-06-10,2.05,1.468,2.865,1.797,2.341,rt,
mangala,2026-06-11,2.003,1.481,2.767,1.753,2.273,rt,
mangala,2026-06-12,1.956,1.459,2.689,1.725,2.216,rt,
mangala,2026-06-13,1.907,1.418,2.639,1.676,2.167,rt,
mangala,2026-06-14,1.863,1.347,2.638,1.627,2.12,rt,
mangala,2026-06-15,1.816,1.255,2.646,1.565,2.093,rt,
mangala,2026-06-16,1.779,1.296,2.503,1.558,2.031,rt,
mangala,2026-06-17,1.743,1.309,2.396,1.549,1.976,rt,
mangala,2026-06-18,1.712,1.309,2.307,1.529,1.926,rt,
mangala,2026-06-19,1.686,1.279,2.253,1.501,1.884,rt,
mangala,2026-06-20,1.647,1.238,2.23,1.466,1.865,rt,
mangala,2026-06-21,1.625,1.187,2.242,1.423,1.841,rt,
mangala,2026-06-22,1.615,1.134,2.298,1.399,1.851,rt,
mangala,2026-06-23,1.578,1.154,2.171,1.389,1.786,rt,
mangala,2026-06-24,1.544,1.154,2.079,1.37,1.731,rt,
mangala,2026-06-25,1.506,1.138,1.993,1.338,1.685,rt,
mangala,2026-06-26,1.469,1.121,1.936,1.313,1.644,rt,
mangala,2026-06-27,1.434,1.076,1.912,1.276,1.617,rt,
mangala,2026-06-28,1.4,1.021,1.908,1.236,1.589,rt,
mangala,2026-06-29,1.34,0.939,1.866,1.161,1.538,rt,
mangala,2026-06-30,1.278,0.923,1.723,1.127,1.454,rt,
mangala,2026-07-01,1.224,0.906,1.611,1.087,1.376,rt,
mangala,2026-07-02,1.179,0.878,1.51,1.041,1.312,rt,
mangala,2026-07-03,1.127,0.837,1.453,1.002,1.256,rt,
mangala,2026-07-04,1.077,0.786,1.408,0.952,1.206,rt,
mangala,2026-07-05,1.03,0.731,1.383,0.906,1.164,rt,
mangala,2026-07-06,0.991,0.667,1.375,0.86,1.14,rt,
mangala,2026-07-07,0.996,0.701,1.331,0.874,1.128,rt,
mangala,2026-07-08,0.998,0.728,1.308,0.888,1.12,rt,
mangala,2026-07-09,0.999,0.74,1.3,0.896,1.118,rt,
mangala,2026-07-10,1.0,0.742,1.306,0.899,1.119,rt,
mangala,2026-07-11,1.01,0.738,1.327,0.897,1.132,rt,
mangala,2026-07-12,1.011,0.719,1.36,0.888,1.146,rt,
mangala,2026-07-13,1.009,0.691,1.381,0.863,1.154,rt,
mangala,2026-07-14,1.045,0.744,1.391,0.91,1.174,rt,
mangala,2026-07-15,1.077,0.798,1.402,0.956,1.203,rt,
mangala,2026-07-16,1.117,0.835,1.433,1.0,1.236,rt,
mangala,2026-07-17,1.158,0.868,1.473,1.035,1.281,rt,
mangala,2026-07-18,1.201,0.898,1.553,1.066,1.332,rt,
mangala,2026-07-19,1.233,0.915,1.643,1.09,1.391,rt,
mangala,2026-07-20,1.276,0.906,1.762,1.116,1.464,rt,
mangala,2026-07-21,1.326,0.985,1.749,1.176,1.492,rt,
mangala,2026-07-22,1.378,1.057,1.762,1.235,1.525,rt,
mangala,2026-07-23,1.425,1.109,1.802,1.284,1.571,rt,
mangala,2026-07-24,1.479,1.145,1.862,1.334,1.621,rt,
mangala,2026-07-25,1.53,1.176,1.95,1.376,1.692,rt,
mangala,2026-07-26,1.58,1.196,2.047,1.409,1.752,rt,
mangala,2026-07-27,1.638,1.201,2.172,1.44,1.835,rt,
mangala,2026-07-28,1.666,1.278,2.131,1.485,1.836,rt,
mangala,2026-07-29,1.686,1.336,2.093,1.529,1.844,rt,
mangala,2026-07-30,1.701,1.385,2.109,1.564,1.854,rt,
mangala,2026-07-31,1.706,1.393,2.129,1.566,1.864,rt,
mangala,2026-08-01,1.709,1.382,2.18,1.557,1.877,rt,
mangala,2026-08-02,1.708,1.35,2.273,1.537,1.892,rt,
mangala,2026-08-03,1.705,1.29,2.355,1.515,1.917,rt,
mangala,2026-08-04,1.66,1.296,2.197,1.496,1.845,rt,
mangala,2026-08-05,1.616,1.288,2.077,1.474,1.787,rt,
mangala,2026-08-06,1.572,1.252,1.994,1.435,1.733,rt,
mangala,2026-08-07,1.529,1.221,1.942,1.392,1.673,rt,
mangala,2026-08-08,1.48,1.164,1.917,1.337,1.63,rt,
mangala,2026-08-09,1.433,1.095,1.879,1.281,1.589,rt,
mangala,2026-08-10,1.368,1.006,1.856,1.207,1.543,rt,
mangala,2026-08-11,1.293,0.983,1.7,1.157,1.439,rt,
mangala,2026-08-12,1.22,0.956,1.555,1.102,1.349,rt,
mangala,2026-08-13,1.153,0.923,1.456,1.051,1.269,rt,
mangala,2026-08-14,1.088,0.873,1.368,0.989,1.203,rt,
mangala,2026-08-15,1.027,0.806,1.32,0.928,1.135,rt,
mangala,2026-08-16,0.969,0.735,1.279,0.863,1.083,rt,
mangala,2026-08-17,0.921,0.668,1.254,0.809,1.048,rt,
mangala,2026-08-18,0.865,0.646,1.147,0.773,0.977,rt,
mangala,2026-08-19,0.818,0.619,1.048,0.734,0.911,rt,
mangala,2026-08-20,0.775,0.582,0.985,0.692,0.853,rt,
mangala,2026-08-21,0.732,0.548,0.932,0.654,0.81,rt,
mangala,2026-08-22,0.692,0.508,0.885,0.617,0.774,rt,
mangala,2026-08-23,0.651,0.467,0.852,0.573,0.739,rt,
mangala,2026-08-24,0.618,0.424,0.838,0.532,0.71,rt,
mangala,2026-08-25,0.613,0.44,0.81,0.537,0.699,rt,
mangala,2026-08-26,0.609,0.443,0.786,0.54,0.686,rt,
mangala,2026-08-27,0.606,0.449,0.772,0.538,0.675,rt,
mangala,2026-08-28,0.597,0.447,0.759,0.531,0.667,rt,
mangala,2026-08-29,0.587,0.435,0.748,0.521,0.656,rt,
mangala,2026-08-30,0.575,0.405,0.75,0.508,0.649,rt,
mangala,2026-08-31,0.555,0.377,0.758,0.482,0.636,rt,
mangala,2026-09-01,0.565,0.398,0.751,0.493,0.636,rt,
mangala,2026-09-02,0.571,0.413,0.747,0.503,0.641,rt,
mangala,2026-09-03,0.576,0.424,0.749,0.512,0.648,rt,
mangala,2026-09-04,0.583,0.428,0.758,0.512,0.653,rt,
mangala,2026-09-05,0.585,0.423,0.779,0.514,0.663,rt,
mangala,2026-09-06,0.584,0.413,0.808,0.507,0.67,rt,
mangala,2026-09-07,0.577,0.388,0.828,0.491,0.673,rt,
mangala,2026-09-08,0.577,0.4,0.795,0.492,0.66,rt,
mangala,2026-09-09,0.572,0.404,0.772,0.496,0.654,rt,
mangala,2026-09-10,0.568,0.405,0.761,0.493,0.645,rt,
mangala,2026-09-11,0.559,0.4,0.757,0.487,0.637,rt,
mangala,2026-09-12,0.552,0.39,0.76,0.478,0.627,rt,
mangala,2026-09-13,0.539,0.372,0.773,0.463,0.625,rt,
mangala,2026-09-14,0.531,0.349,0.786,0.445,0.625,rt,
mangala,2026-09-15,0.54,0.359,0.783,0.459,0.632,rt,
mangala,2026-09-16,0.55,0.371,0.786,0.47,0.641,rt,
mangala,2026-09-17,0.563,0.373,0.802,0.478,0.658,rt,
mangala,2026-09-18,0.575,0.372,0.831,0.482,0.674,rt,
mangala,2026-09-19,0.588,0.368,0.866,0.487,0.696,rt,
mangala,2026-09-20,0.595,0.356,0.919,0.488,0.722,rt,
mangala,2026-09-21,0.613,0.348,0.991,0.488,0.754,rt,
mangala,2026-09-22,0.621,0.356,0.989,0.497,0.755,rt,
mangala,2026-09-23,0.622,0.355,1.019,0.502,0.757,rt,
mangala,2026-09-24,0.622,0.356,1.036,0.5,0.768,rt,
mangala,2026-09-25,0.627,0.345,1.081,0.497,0.776,rt,
mangala,2026-09-26,0.627,0.332,1.134,0.49,0.796,rt,
mangala,2026-09-27,0.626,0.314,1.177,0.481,0.814,rt,
mangala,2026-09-28,0.623,0.299,1.237,0.464,0.831,rt,
mangala,2026-09-29,0.622,0.295,1.23,0.468,0.83,rt,
mangala,2026-09-30,0.617,0.294,1.233,0.462,0.829,rt,
mangala,2026-10-01,0.618,0.293,1.235,0.452,0.832,rt,
mangala,2026-10-02,0.606,0.282,1.246,0.445,0.825,rt,
mangala,2026-10-03,0.605,0.266,1.267,0.428,0.828,rt,
mangala,2026-10-04,0.598,0.249,1.316,0.407,0.827,rt,
mangala,2026-10-05,0.587,0.227,1.347,0.391,0.836,rt,
mangala,2026-10-06,0.601,0.213,1.444,0.407,0.879,rt,
mongbwalu,2026-04-26,2.796,1.406,6.12,2.074,3.821,rt,
mongbwalu,2026-04-27,2.762,1.365,6.079,2.022,3.727,rt,
mongbwalu,2026-04-28,2.748,1.41,5.816,2.056,3.642,rt,
mongbwalu,2026-04-29,2.758,1.418,5.574,2.075,3.586,rt,
mongbwalu,2026-04-30,2.737,1.438,5.485,2.099,3.508,rt,
mongbwalu,2026-05-01,2.758,1.454,5.442,2.136,3.506,rt,
mongbwalu,2026-05-02,2.77,1.457,5.327,2.143,3.561,rt,
mongbwalu,2026-05-03,2.783,1.475,5.37,2.133,3.569,rt,
mongbwalu,2026-05-04,2.785,1.437,5.477,2.124,3.624,rt,
mongbwalu,2026-05-05,2.782,1.503,5.22,2.188,3.588,rt,
mongbwalu,2026-05-06,2.795,1.621,5.064,2.252,3.545,rt,
mongbwalu,2026-05-07,2.819,1.684,5.003,2.286,3.523,rt,
mongbwalu,2026-05-08,2.835,1.741,4.927,2.322,3.51,rt,
mongbwalu,2026-05-09,2.816,1.779,4.906,2.337,3.498,rt,
mongbwalu,2026-05-10,2.833,1.735,4.972,2.36,3.52,rt,
mongbwalu,2026-05-11,2.748,1.658,4.847,2.275,3.44,rt,
mongbwalu,2026-05-12,2.707,1.739,4.556,2.275,3.342,rt,
mongbwalu,2026-05-13,2.681,1.814,4.379,2.291,3.234,rt,
mongbwalu,2026-05-14,2.669,1.873,4.216,2.281,3.183,rt,
mongbwalu,2026-05-15,2.63,1.894,4.028,2.274,3.114,rt,
mongbwalu,2026-05-16,2.593,1.884,3.917,2.251,3.071,rt,
mongbwalu,2026-05-17,2.565,1.842,3.838,2.228,3.034,rt,
mongbwalu,2026-05-18,2.533,1.777,3.863,2.193,3.018,rt,
mongbwalu,2026-05-19,2.526,1.847,3.694,2.205,2.953,rt,
mongbwalu,2026-05-20,2.513,1.873,3.578,2.21,2.872,rt,
mongbwalu,2026-05-21,2.496,1.896,3.5,2.209,2.819,rt,
mongbwalu,2026-05-22,2.449,1.88,3.42,2.187,2.757,rt,
mongbwalu,2026-05-23,2.403,1.834,3.369,2.148,2.713,rt,
mongbwalu,2026-05-24,2.347,1.78,3.325,2.101,2.682,rt,
mongbwalu,2026-05-25,2.29,1.719,3.282,2.036,2.635,rt,
mongbwalu,2026-05-26,2.154,1.676,2.952,1.942,2.441,rt,
mongbwalu,2026-05-27,2.031,1.616,2.703,1.853,2.272,rt,
mongbwalu,2026-05-28,1.919,1.559,2.47,1.759,2.126,rt,
mongbwalu,2026-05-29,1.81,1.491,2.286,1.66,1.992,rt,
mongbwalu,2026-05-30,1.714,1.411,2.158,1.573,1.879,rt,
mongbwalu,2026-05-31,1.621,1.306,2.049,1.479,1.776,rt,
mongbwalu,2026-06-01,1.538,1.202,1.97,1.389,1.695,rt,
mongbwalu,2026-06-02,1.424,1.133,1.779,1.295,1.55,rt,
mongbwalu,2026-06-03,1.307,1.054,1.602,1.201,1.42,rt,
mongbwalu,2026-06-04,1.198,0.973,1.458,1.103,1.302,rt,
mongbwalu,2026-06-05,1.1,0.887,1.34,1.007,1.19,rt,
mongbwalu,2026-06-06,1.001,0.785,1.234,0.909,1.095,rt,
mongbwalu,2026-06-07,0.907,0.675,1.142,0.812,1.004,rt,
mongbwalu,2026-06-08,0.817,0.576,1.074,0.716,0.923,rt,
mongbwalu,2026-06-09,0.793,0.582,1.005,0.703,0.881,rt,
mongbwalu,2026-06-10,0.764,0.583,0.958,0.689,0.842,rt,
mongbwalu,2026-06-11,0.74,0.575,0.911,0.671,0.804,rt,
mongbwalu,2026-06-12,0.712,0.556,0.881,0.65,0.775,rt,
mongbwalu,2026-06-13,0.688,0.533,0.863,0.622,0.754,rt,
mongbwalu,2026-06-14,0.666,0.488,0.856,0.588,0.738,rt,
mongbwalu,2026-06-15,0.641,0.442,0.865,0.558,0.727,rt,
mongbwalu,2026-06-16,0.661,0.481,0.867,0.587,0.744,rt,
mongbwalu,2026-06-17,0.684,0.513,0.868,0.615,0.755,rt,
mongbwalu,2026-06-18,0.707,0.547,0.877,0.64,0.776,rt,
mongbwalu,2026-06-19,0.732,0.566,0.912,0.666,0.801,rt,
mongbwalu,2026-06-20,0.758,0.573,0.96,0.685,0.831,rt,
mongbwalu,2026-06-21,0.783,0.576,1.021,0.693,0.872,rt,
mongbwalu,2026-06-22,0.814,0.585,1.125,0.712,0.928,rt,
mongbwalu,2026-06-23,0.811,0.608,1.074,0.719,0.907,rt,
mongbwalu,2026-06-24,0.807,0.62,1.031,0.725,0.892,rt,
mongbwalu,2026-06-25,0.801,0.625,0.999,0.725,0.88,rt,
mongbwalu,2026-06-26,0.794,0.621,0.991,0.72,0.876,rt,
mongbwalu,2026-06-27,0.786,0.602,1.005,0.712,0.877,rt,
mongbwalu,2026-06-28,0.78,0.57,1.032,0.693,0.885,rt,
mongbwalu,2026-06-29,0.758,0.526,1.05,0.655,0.876,rt,
mongbwalu,2026-06-30,0.75,0.545,0.99,0.668,0.85,rt,
mongbwalu,2026-07-01,0.746,0.569,0.949,0.675,0.831,rt,
mongbwalu,2026-07-02,0.746,0.581,0.928,0.678,0.816,rt,
mongbwalu,2026-07-03,0.743,0.575,0.92,0.675,0.811,rt,
mongbwalu,2026-07-04,0.741,0.554,0.935,0.662,0.819,rt,
mongbwalu,2026-07-05,0.74,0.522,0.968,0.646,0.825,rt,
mongbwalu,2026-07-06,0.744,0.498,1.023,0.63,0.846,rt,
mongbwalu,2026-07-07,0.758,0.535,1.008,0.661,0.855,rt,
mongbwalu,2026-07-08,0.774,0.574,1.011,0.689,0.867,rt,
mongbwalu,2026-07-09,0.794,0.607,1.023,0.715,0.884,rt,
mongbwalu,2026-07-10,0.816,0.623,1.05,0.733,0.909,rt,
mongbwalu,2026-07-11,0.836,0.63,1.104,0.743,0.943,rt,
mongbwalu,2026-07-12,0.861,0.618,1.178,0.748,0.983,rt,
mongbwalu,2026-07-13,0.875,0.594,1.262,0.744,1.02,rt,
mongbwalu,2026-07-14,0.846,0.607,1.176,0.739,0.967,rt,
mongbwalu,2026-07-15,0.821,0.6,1.102,0.728,0.925,rt,
mongbwalu,2026-07-16,0.797,0.59,1.041,0.71,0.889,rt,
mongbwalu,2026-07-17,0.775,0.576,1.009,0.686,0.863,rt,
mongbwalu,2026-07-18,0.752,0.543,0.997,0.659,0.844,rt,
mongbwalu,2026-07-19,0.724,0.506,0.987,0.625,0.832,rt,
mongbwalu,2026-07-20,0.7,0.464,1.01,0.59,0.826,rt,
mongbwalu,2026-07-21,0.673,0.47,0.941,0.582,0.785,rt,
mongbwalu,2026-07-22,0.653,0.465,0.886,0.571,0.749,rt,
mongbwalu,2026-07-23,0.631,0.452,0.844,0.555,0.715,rt,
mongbwalu,2026-07-24,0.612,0.438,0.812,0.538,0.69,rt,
mongbwalu,2026-07-25,0.591,0.417,0.797,0.514,0.668,rt,
mongbwalu,2026-07-26,0.568,0.387,0.791,0.486,0.657,rt,
mongbwalu,2026-07-27,0.547,0.358,0.804,0.459,0.645,rt,
mongbwalu,2026-07-28,0.554,0.382,0.782,0.473,0.636,rt,
mongbwalu,2026-07-29,0.557,0.394,0.761,0.483,0.637,rt,
mongbwalu,2026-07-30,0.56,0.395,0.768,0.487,0.644,rt,
mongbwalu,2026-07-31,0.561,0.386,0.772,0.485,0.639,rt,
mongbwalu,2026-08-01,0.558,0.374,0.79,0.483,0.647,rt,
mongbwalu,2026-08-02,0.555,0.355,0.811,0.47,0.653,rt,
mongbwalu,2026-08-03,0.552,0.334,0.838,0.456,0.657,rt,
mongbwalu,2026-08-04,0.578,0.374,0.848,0.486,0.679,rt,
mongbwalu,2026-08-05,0.608,0.414,0.862,0.52,0.702,rt,
mongbwalu,2026-08-06,0.639,0.446,0.889,0.551,0.731,rt,
mongbwalu,2026-08-07,0.664,0.467,0.923,0.578,0.763,rt,
mongbwalu,2026-08-08,0.695,0.481,0.974,0.601,0.802,rt,
mongbwalu,2026-08-09,0.724,0.484,1.04,0.619,0.844,rt,
mongbwalu,2026-08-10,0.75,0.478,1.126,0.627,0.892,rt,
mongbwalu,2026-08-11,0.796,0.532,1.15,0.68,0.928,rt,
mongbwalu,2026-08-12,0.846,0.599,1.171,0.737,0.968,rt,
mongbwalu,2026-08-13,0.899,0.647,1.221,0.791,1.021,rt,
mongbwalu,2026-08-14,0.953,0.685,1.28,0.842,1.081,rt,
mongbwalu,2026-08-15,1.006,0.709,1.367,0.89,1.15,rt,
mongbwalu,2026-08-16,1.062,0.731,1.499,0.931,1.239,rt,
mongbwalu,2026-08-17,1.134,0.757,1.677,0.973,1.337,rt,
mongbwalu,2026-08-18,1.197,0.843,1.669,1.04,1.383,rt,
mongbwalu,2026-08-19,1.264,0.933,1.7,1.116,1.439,rt,
mongbwalu,2026-08-20,1.334,1.002,1.751,1.182,1.502,rt,
mongbwalu,2026-08-21,1.416,1.069,1.863,1.261,1.581,rt,
mongbwalu,2026-08-22,1.495,1.117,2.016,1.317,1.674,rt,
mongbwalu,2026-08-23,1.574,1.147,2.185,1.367,1.788,rt,
mongbwalu,2026-08-24,1.665,1.171,2.456,1.432,1.922,rt,
mongbwalu,2026-08-25,1.65,1.216,2.291,1.462,1.871,rt,
mongbwalu,2026-08-26,1.64,1.248,2.179,1.468,1.839,rt,
mongbwalu,2026-08-27,1.618,1.273,2.124,1.466,1.803,rt,
mongbwalu,2026-08-28,1.589,1.26,2.089,1.444,1.771,rt,
mongbwalu,2026-08-29,1.562,1.221,2.087,1.408,1.748,rt,
mongbwalu,2026-08-30,1.525,1.145,2.126,1.357,1.735,rt,
mongbwalu,2026-08-31,1.471,1.048,2.138,1.284,1.715,rt,
mongbwalu,2026-09-01,1.374,1.021,1.891,1.213,1.565,rt,
mongbwalu,2026-09-02,1.278,0.961,1.69,1.14,1.439,rt,
mongbwalu,2026-09-03,1.193,0.903,1.545,1.069,1.332,rt,
mongbwalu,2026-09-04,1.103,0.816,1.421,0.984,1.226,rt,
mongbwalu,2026-09-05,1.015,0.732,1.349,0.902,1.135,rt,
mongbwalu,2026-09-06,0.934,0.642,1.278,0.821,1.06,rt,
mongbwalu,2026-09-07,0.842,0.546,1.222,0.726,0.98,rt,
mongbwalu,2026-09-08,0.79,0.536,1.106,0.687,0.906,rt,
mongbwalu,2026-09-09,0.737,0.512,1.011,0.646,0.839,rt,
mongbwalu,2026-09-10,0.687,0.477,0.921,0.604,0.787,rt,
mongbwalu,2026-09-11,0.64,0.446,0.866,0.56,0.735,rt,
mongbwalu,2026-09-12,0.596,0.399,0.826,0.513,0.687,rt,
mongbwalu,2026-09-13,0.55,0.346,0.799,0.463,0.643,rt,
mongbwalu,2026-09-14,0.511,0.308,0.779,0.421,0.61,rt,
mongbwalu,2026-09-15,0.507,0.316,0.752,0.422,0.596,rt,
mongbwalu,2026-09-16,0.502,0.315,0.732,0.419,0.59,rt,
mongbwalu,2026-09-17,0.499,0.313,0.739,0.414,0.588,rt,
mongbwalu,2026-09-18,0.493,0.306,0.739,0.408,0.591,rt,
mongbwalu,2026-09-19,0.486,0.288,0.761,0.399,0.591,rt,
mongbwalu,2026-09-20,0.481,0.269,0.794,0.389,0.595,rt,
mongbwalu,2026-09-21,0.48,0.253,0.849,0.381,0.61,rt,
mongbwalu,2026-09-22,0.486,0.262,0.856,0.387,0.614,rt,
mongbwalu,2026-09-23,0.492,0.264,0.874,0.393,0.619,rt,
mongbwalu,2026-09-24,0.496,0.262,0.886,0.393,0.633,rt,
mongbwalu,2026-09-25,0.499,0.255,0.914,0.391,0.649,rt,
mongbwalu,2026-09-26,0.505,0.248,0.956,0.388,0.668,rt,
mongbwalu,2026-09-27,0.508,0.236,1.019,0.382,0.684,rt,
mongbwalu,2026-09-28,0.507,0.221,1.071,0.371,0.702,rt,
mongbwalu,2026-09-29,0.507,0.219,1.087,0.368,0.704,rt,
mongbwalu,2026-09-30,0.505,0.215,1.098,0.365,0.706,rt,
mongbwalu,2026-10-01,0.506,0.208,1.12,0.364,0.702,rt,
mongbwalu,2026-10-02,0.505,0.2,1.125,0.356,0.701,rt,
mongbwalu,2026-10-03,0.499,0.191,1.174,0.343,0.711,rt,
mongbwalu,2026-10-04,0.491,0.179,1.216,0.329,0.713,rt,
mongbwalu,2026-10-05,0.483,0.169,1.252,0.317,0.713,rt,
mongbwalu,2026-10-06,0.51,0.171,1.426,0.328,0.791,rt,
nia_nia,2026-06-05,2.848,1.714,4.726,2.336,3.474,rt,
nia_nia,2026-06-06,2.804,1.699,4.782,2.268,3.469,rt,
nia_nia,2026-06-07,2.748,1.625,4.897,2.198,3.468,rt,
nia_nia,2026-06-08,2.673,1.465,5.065,2.122,3.482,rt,
nia_nia,2026-06-09,2.599,1.516,4.542,2.104,3.268,rt,
nia_nia,2026-06-10,2.513,1.575,4.205,2.068,3.084,rt,
nia_nia,2026-06-11,2.431,1.542,3.907,2.021,2.937,rt,
nia_nia,2026-06-12,2.336,1.505,3.714,1.953,2.818,rt,
nia_nia,2026-06-13,2.254,1.419,3.621,1.888,2.705,rt,
nia_nia,2026-06-14,2.174,1.311,3.598,1.798,2.617,rt,
nia_nia,2026-06-15,2.086,1.188,3.674,1.682,2.585,rt,
nia_nia,2026-06-16,2.047,1.246,3.357,1.684,2.484,rt,
nia_nia,2026-06-17,2.013,1.292,3.157,1.668,2.376,rt,
nia_nia,2026-06-18,1.962,1.313,3.002,1.659,2.311,rt,
nia_nia,2026-06-19,1.909,1.292,2.961,1.634,2.278,rt,
nia_nia,2026-06-20,1.866,1.247,2.944,1.586,2.255,rt,
nia_nia,2026-06-21,1.826,1.173,3.017,1.526,2.254,rt,
nia_nia,2026-06-22,1.827,1.074,3.146,1.476,2.291,rt,
nia_nia,2026-06-23,1.793,1.13,2.861,1.477,2.182,rt,
nia_nia,2026-06-24,1.749,1.159,2.615,1.486,2.083,rt,
nia_nia,2026-06-25,1.714,1.169,2.517,1.476,1.995,rt,
nia_nia,2026-06-26,1.671,1.152,2.404,1.452,1.929,rt,
nia_nia,2026-06-27,1.623,1.098,2.376,1.405,1.888,rt,
nia_nia,2026-06-28,1.587,1.021,2.434,1.339,1.876,rt,
nia_nia,2026-06-29,1.509,0.924,2.482,1.248,1.825,rt,
nia_nia,2026-06-30,1.468,0.963,2.242,1.245,1.74,rt,
nia_nia,2026-07-01,1.434,1.009,2.119,1.236,1.671,rt,
nia_nia,2026-07-02,1.401,1.005,2.007,1.229,1.627,rt,
nia_nia,2026-07-03,1.381,0.957,1.935,1.203,1.591,rt,
nia_nia,2026-07-04,1.349,0.904,1.933,1.167,1.577,rt,
nia_nia,2026-07-05,1.331,0.831,1.958,1.116,1.567,rt,
nia_nia,2026-07-06,1.318,0.766,2.09,1.072,1.585,rt,
nia_nia,2026-07-07,1.324,0.837,1.993,1.115,1.557,rt,
nia_nia,2026-07-08,1.344,0.896,1.901,1.152,1.543,rt,
nia_nia,2026-07-09,1.351,0.94,1.846,1.176,1.549,rt,
nia_nia,2026-07-10,1.364,0.966,1.848,1.191,1.565,rt,
nia_nia,2026-07-11,1.378,0.951,1.936,1.189,1.592,rt,
nia_nia,2026-07-12,1.394,0.932,2.01,1.19,1.634,rt,
nia_nia,2026-07-13,1.399,0.879,2.129,1.156,1.667,rt,
nia_nia,2026-07-14,1.425,0.969,2.014,1.211,1.637,rt,
nia_nia,2026-07-15,1.443,1.032,1.963,1.258,1.623,rt,
nia_nia,2026-07-16,1.459,1.08,1.959,1.299,1.639,rt,
nia_nia,2026-07-17,1.489,1.099,1.994,1.323,1.67,rt,
nia_nia,2026-07-18,1.514,1.077,2.091,1.322,1.716,rt,
nia_nia,2026-07-19,1.532,1.039,2.228,1.308,1.774,rt,
nia_nia,2026-07-20,1.565,0.983,2.406,1.303,1.861,rt,
nia_nia,2026-07-21,1.54,1.04,2.217,1.311,1.787,rt,
nia_nia,2026-07-22,1.506,1.088,2.062,1.32,1.716,rt,
nia_nia,2026-07-23,1.477,1.101,1.976,1.311,1.681,rt,
nia_nia,2026-07-24,1.46,1.079,1.962,1.296,1.647,rt,
nia_nia,2026-07-25,1.44,1.028,1.979,1.261,1.637,rt,
nia_nia,2026-07-26,1.409,0.969,1.999,1.213,1.637,rt,
nia_nia,2026-07-27,1.388,0.896,2.08,1.167,1.664,rt,
nia_nia,2026-07-28,1.305,0.891,1.86,1.124,1.515,rt,
nia_nia,2026-07-29,1.232,0.87,1.66,1.073,1.39,rt,
nia_nia,2026-07-30,1.148,0.833,1.52,1.015,1.288,rt,
nia_nia,2026-07-31,1.069,0.761,1.434,0.932,1.2,rt,
nia_nia,2026-08-01,0.993,0.673,1.357,0.848,1.14,rt,
nia_nia,2026-08-02,0.922,0.585,1.332,0.761,1.085,rt,
nia_nia,2026-08-03,0.848,0.493,1.323,0.683,1.036,rt,
nia_nia,2026-08-04,0.799,0.498,1.17,0.658,0.956,rt,
nia_nia,2026-08-05,0.757,0.493,1.067,0.637,0.886,rt,
nia_nia,2026-08-06,0.713,0.477,1.004,0.603,0.829,rt,
nia_nia,2026-08-07,0.668,0.451,0.945,0.57,0.777,rt,
nia_nia,2026-08-08,0.628,0.414,0.918,0.53,0.737,rt,
nia_nia,2026-08-09,0.59,0.362,0.9,0.488,0.704,rt,
nia_nia,2026-08-10,0.548,0.31,0.892,0.445,0.676,rt,
nia_nia,2026-08-11,0.551,0.331,0.845,0.458,0.661,rt,
nia_nia,2026-08-12,0.55,0.352,0.802,0.467,0.651,rt,
nia_nia,2026-08-13,0.553,0.358,0.786,0.471,0.641,rt,
nia_nia,2026-08-14,0.555,0.363,0.789,0.475,0.638,rt,
nia_nia,2026-08-15,0.555,0.352,0.792,0.469,0.65,rt,
nia_nia,2026-08-16,0.555,0.333,0.841,0.46,0.654,rt,
nia_nia,2026-08-17,0.56,0.315,0.9,0.454,0.674,rt,
nia_nia,2026-08-18,0.595,0.357,0.898,0.495,0.708,rt,
nia_nia,2026-08-19,0.636,0.408,0.923,0.536,0.747,rt,
nia_nia,2026-08-20,0.677,0.447,0.961,0.574,0.791,rt,
nia_nia,2026-08-21,0.728,0.479,1.021,0.618,0.85,rt,
nia_nia,2026-08-22,0.781,0.5,1.113,0.662,0.91,rt,
nia_nia,2026-08-23,0.832,0.512,1.222,0.692,0.983,rt,
nia_nia,2026-08-24,0.892,0.527,1.379,0.728,1.073,rt,
nia_nia,2026-08-25,0.982,0.627,1.427,0.823,1.149,rt,
nia_nia,2026-08-26,1.073,0.739,1.485,0.931,1.235,rt,
nia_nia,2026-08-27,1.179,0.854,1.563,1.034,1.331,rt,
nia_nia,2026-08-28,1.288,0.951,1.679,1.132,1.437,rt,
nia_nia,2026-08-29,1.396,1.025,1.862,1.231,1.578,rt,
nia_nia,2026-08-30,1.517,1.064,2.076,1.317,1.717,rt,
nia_nia,2026-08-31,1.617,1.089,2.355,1.377,1.87,rt,
nia_nia,2026-09-01,1.589,1.132,2.194,1.384,1.813,rt,
nia_nia,2026-09-02,1.556,1.171,2.075,1.382,1.76,rt,
nia_nia,2026-09-03,1.527,1.165,2.032,1.365,1.714,rt,
nia_nia,2026-09-04,1.487,1.129,1.993,1.331,1.684,rt,
nia_nia,2026-09-05,1.457,1.065,1.997,1.283,1.669,rt,
nia_nia,2026-09-06,1.415,0.985,2.014,1.227,1.654,rt,
nia_nia,2026-09-07,1.345,0.882,2.037,1.147,1.613,rt,
nia_nia,2026-09-08,1.258,0.869,1.814,1.092,1.465,rt,
nia_nia,2026-09-09,1.175,0.836,1.622,1.024,1.341,rt,
nia_nia,2026-09-10,1.097,0.782,1.474,0.96,1.234,rt,
nia_nia,2026-09-11,1.015,0.711,1.36,0.889,1.153,rt,
nia_nia,2026-09-12,0.938,0.638,1.284,0.812,1.079,rt,
nia_nia,2026-09-13,0.863,0.56,1.233,0.727,1.016,rt,
nia_nia,2026-09-14,0.794,0.482,1.203,0.651,0.96,rt,
nia_nia,2026-09-15,0.746,0.471,1.09,0.621,0.893,rt,
nia_nia,2026-09-16,0.705,0.45,1.002,0.585,0.838,rt,
nia_nia,2026-09-17,0.67,0.419,0.958,0.556,0.792,rt,
nia_nia,2026-09-18,0.636,0.379,0.928,0.521,0.756,rt,
nia_nia,2026-09-19,0.596,0.338,0.916,0.48,0.728,rt,
nia_nia,2026-09-20,0.567,0.299,0.917,0.444,0.703,rt,
nia_nia,2026-09-21,0.539,0.263,0.935,0.409,0.686,rt,
nia_nia,2026-09-22,0.535,0.269,0.905,0.412,0.68,rt,
nia_nia,2026-09-23,0.536,0.264,0.914,0.414,0.684,rt,
nia_nia,2026-09-24,0.539,0.261,0.936,0.405,0.681,rt,
nia_nia,2026-09-25,0.531,0.249,0.966,0.398,0.689,rt,
nia_nia,2026-09-26,0.524,0.234,1.025,0.385,0.699,rt,
nia_nia,2026-09-27,0.52,0.22,1.078,0.376,0.714,rt,
nia_nia,2026-09-28,0.517,0.202,1.127,0.365,0.716,rt,
nia_nia,2026-09-29,0.518,0.205,1.106,0.361,0.72,rt,
nia_nia,2026-09-30,0.519,0.201,1.103,0.358,0.718,rt,
nia_nia,2026-10-01,0.512,0.2,1.13,0.353,0.718,rt,
nia_nia,2026-10-02,0.504,0.192,1.161,0.346,0.72,rt,
nia_nia,2026-10-03,0.502,0.18,1.195,0.336,0.724,rt,
nia_nia,2026-10-04,0.493,0.169,1.24,0.325,0.723,rt,
nia_nia,2026-10-05,0.487,0.159,1.248,0.313,0.723,rt,
nia_nia,2026-10-06,0.524,0.138,1.438,0.314,0.797,rt,
nizi,2026-05-24,1.902,1.246,2.854,1.621,2.232,rt,
nizi,2026-05-25,1.848,1.168,2.825,1.547,2.191,rt,
nizi,2026-05-26,1.859,1.22,2.744,1.573,2.166,rt,
nizi,2026-05-27,1.876,1.264,2.71,1.6,2.178,rt,
nizi,2026-05-28,1.908,1.305,2.679,1.628,2.205,rt,
nizi,2026-05-29,1.931,1.333,2.691,1.645,2.213,rt,
nizi,2026-05-30,1.946,1.332,2.737,1.664,2.244,rt,
nizi,2026-05-31,1.964,1.338,2.814,1.674,2.28,rt,
nizi,2026-06-01,1.99,1.315,2.92,1.7,2.329,rt,
nizi,2026-06-02,2.08,1.428,2.952,1.809,2.397,rt,
nizi,2026-06-03,2.163,1.571,2.99,1.908,2.453,rt,
nizi,2026-06-04,2.229,1.675,3.019,1.99,2.516,rt,
nizi,2026-06-05,2.308,1.756,3.13,2.068,2.593,rt,
nizi,2026-06-06,2.371,1.814,3.223,2.119,2.675,rt,
nizi,2026-06-07,2.418,1.818,3.336,2.166,2.755,rt,
nizi,2026-06-08,2.459,1.808,3.472,2.179,2.825,rt,
nizi,2026-06-09,2.488,1.883,3.411,2.21,2.803,rt,
nizi,2026-06-10,2.492,1.956,3.371,2.23,2.801,rt,
nizi,2026-06-11,2.494,1.961,3.358,2.244,2.803,rt,
nizi,2026-06-12,2.49,1.961,3.355,2.256,2.811,rt,
nizi,2026-06-13,2.492,1.946,3.363,2.252,2.806,rt,
nizi,2026-06-14,2.481,1.927,3.409,2.237,2.822,rt,
nizi,2026-06-15,2.493,1.878,3.496,2.215,2.84,rt,
nizi,2026-06-16,2.465,1.889,3.343,2.209,2.77,rt,
nizi,2026-06-17,2.43,1.892,3.233,2.194,2.708,rt,
nizi,2026-06-18,2.391,1.885,3.156,2.185,2.657,rt,
nizi,2026-06-19,2.35,1.879,3.093,2.15,2.601,rt,
nizi,2026-06-20,2.313,1.848,3.103,2.119,2.558,rt,
nizi,2026-06-21,2.283,1.788,3.094,2.076,2.526,rt,
nizi,2026-06-22,2.278,1.752,3.103,2.056,2.536,rt,
nizi,2026-06-23,2.242,1.784,2.926,2.041,2.466,rt,
nizi,2026-06-24,2.207,1.788,2.857,2.013,2.424,rt,
nizi,2026-06-25,2.174,1.779,2.764,1.983,2.369,rt,
nizi,2026-06-26,2.137,1.747,2.689,1.953,2.331,rt,
nizi,2026-06-27,2.097,1.713,2.682,1.919,2.294,rt,
nizi,2026-06-28,2.064,1.672,2.663,1.868,2.263,rt,
nizi,2026-06-29,1.979,1.564,2.614,1.782,2.183,rt,
nizi,2026-06-30,1.863,1.508,2.366,1.687,2.034,rt,
nizi,2026-07-01,1.75,1.439,2.164,1.6,1.906,rt,
nizi,2026-07-02,1.65,1.372,2.017,1.518,1.796,rt,
nizi,2026-07-03,1.551,1.29,1.888,1.437,1.681,rt,
nizi,2026-07-04,1.462,1.207,1.789,1.35,1.584,rt,
nizi,2026-07-05,1.377,1.115,1.702,1.264,1.505,rt,
nizi,2026-07-06,1.306,1.033,1.652,1.184,1.437,rt,
nizi,2026-07-07,1.254,1.019,1.54,1.154,1.367,rt,
nizi,2026-07-08,1.204,0.995,1.448,1.118,1.301,rt,
nizi,2026-07-09,1.16,0.96,1.37,1.077,1.246,rt,
nizi,2026-07-10,1.115,0.924,1.322,1.038,1.202,rt,
nizi,2026-07-11,1.069,0.875,1.283,0.99,1.166,rt,
nizi,2026-07-12,1.031,0.827,1.258,0.942,1.128,rt,
nizi,2026-07-13,0.981,0.772,1.228,0.889,1.083,rt,
nizi,2026-07-14,0.97,0.782,1.189,0.887,1.057,rt,
nizi,2026-07-15,0.962,0.778,1.155,0.881,1.036,rt,
nizi,2026-07-16,0.949,0.773,1.121,0.873,1.02,rt,
nizi,2026-07-17,0.939,0.77,1.107,0.865,1.009,rt,
nizi,2026-07-18,0.927,0.755,1.1,0.851,0.998,rt,
nizi,2026-07-19,0.915,0.732,1.111,0.831,0.988,rt,
nizi,2026-07-20,0.902,0.707,1.131,0.813,0.989,rt,
nizi,2026-07-21,0.902,0.726,1.102,0.823,0.978,rt,
nizi,2026-07-22,0.903,0.739,1.074,0.832,0.972,rt,
nizi,2026-07-23,0.903,0.745,1.061,0.833,0.967,rt,
nizi,2026-07-24,0.902,0.747,1.063,0.836,0.966,rt,
nizi,2026-07-25,0.901,0.737,1.079,0.832,0.971,rt,
nizi,2026-07-26,0.897,0.719,1.094,0.823,0.973,rt,
nizi,2026-07-27,0.899,0.691,1.116,0.814,0.984,rt,
nizi,2026-07-28,0.911,0.728,1.114,0.836,0.987,rt,
nizi,2026-07-29,0.923,0.759,1.114,0.852,0.993,rt,
nizi,2026-07-30,0.931,0.779,1.118,0.868,1.004,rt,
nizi,2026-07-31,0.938,0.793,1.108,0.874,1.006,rt,
nizi,2026-08-01,0.94,0.787,1.117,0.877,1.013,rt,
nizi,2026-08-02,0.94,0.778,1.134,0.872,1.021,rt,
nizi,2026-08-03,0.938,0.753,1.16,0.86,1.024,rt,
nizi,2026-08-04,0.936,0.766,1.126,0.863,1.01,rt,
nizi,2026-08-05,0.928,0.773,1.114,0.862,1.002,rt,
nizi,2026-08-06,0.923,0.771,1.104,0.857,0.993,rt,
nizi,2026-08-07,0.915,0.759,1.099,0.847,0.984,rt,
nizi,2026-08-08,0.905,0.741,1.101,0.835,0.979,rt,
nizi,2026-08-09,0.892,0.715,1.103,0.818,0.973,rt,
nizi,2026-08-10,0.873,0.679,1.103,0.792,0.963,rt,
nizi,2026-08-11,0.841,0.673,1.047,0.771,0.918,rt,
nizi,2026-08-12,0.815,0.661,0.992,0.749,0.88,rt,
nizi,2026-08-13,0.786,0.643,0.951,0.726,0.846,rt,
nizi,2026-08-14,0.758,0.62,0.916,0.702,0.819,rt,
nizi,2026-08-15,0.731,0.59,0.894,0.673,0.79,rt,
nizi,2026-08-16,0.704,0.553,0.869,0.643,0.767,rt,
nizi,2026-08-17,0.684,0.518,0.862,0.612,0.749,rt,
nizi,2026-08-18,0.668,0.516,0.828,0.605,0.731,rt,
nizi,2026-08-19,0.654,0.511,0.806,0.595,0.714,rt,
nizi,2026-08-20,0.639,0.501,0.784,0.579,0.697,rt,
nizi,2026-08-21,0.627,0.489,0.768,0.568,0.683,rt,
nizi,2026-08-22,0.614,0.476,0.759,0.555,0.673,rt,
nizi,2026-08-23,0.599,0.451,0.761,0.536,0.663,rt,
nizi,2026-08-24,0.589,0.429,0.764,0.521,0.663,rt,
nizi,2026-08-25,0.598,0.443,0.754,0.535,0.663,rt,
nizi,2026-08-26,0.604,0.46,0.756,0.547,0.665,rt,
nizi,2026-08-27,0.608,0.475,0.754,0.555,0.669,rt,
nizi,2026-08-28,0.609,0.484,0.758,0.558,0.667,rt,
nizi,2026-08-29,0.611,0.478,0.765,0.556,0.668,rt,
nizi,2026-08-30,0.609,0.46,0.781,0.551,0.675,rt,
nizi,2026-08-31,0.6,0.439,0.797,0.534,0.669,rt,
nizi,2026-09-01,0.614,0.464,0.803,0.554,0.678,rt,
nizi,2026-09-02,0.627,0.485,0.802,0.569,0.687,rt,
nizi,2026-09-03,0.639,0.502,0.811,0.586,0.702,rt,
nizi,2026-09-04,0.651,0.51,0.823,0.595,0.713,rt,
nizi,2026-09-05,0.661,0.511,0.845,0.595,0.73,rt,
nizi,2026-09-06,0.67,0.505,0.869,0.593,0.748,rt,
nizi,2026-09-07,0.664,0.485,0.888,0.582,0.757,rt,
nizi,2026-09-08,0.668,0.507,0.874,0.591,0.753,rt,
nizi,2026-09-09,0.672,0.518,0.866,0.599,0.751,rt,
nizi,2026-09-10,0.672,0.517,0.871,0.604,0.75,rt,
nizi,2026-09-11,0.672,0.511,0.865,0.605,0.752,rt,
nizi,2026-09-12,0.67,0.5,0.882,0.598,0.753,rt,
nizi,2026-09-13,0.663,0.478,0.901,0.583,0.757,rt,
nizi,2026-09-14,0.657,0.458,0.942,0.568,0.765,rt,
nizi,2026-09-15,0.676,0.48,0.945,0.584,0.776,rt,
nizi,2026-09-16,0.694,0.498,0.953,0.601,0.789,rt,
nizi,2026-09-17,0.713,0.51,0.966,0.62,0.81,rt,
nizi,2026-09-18,0.73,0.513,0.998,0.636,0.838,rt,
nizi,2026-09-19,0.746,0.51,1.055,0.644,0.865,rt,
nizi,2026-09-20,0.762,0.502,1.116,0.649,0.903,rt,
nizi,2026-09-21,0.788,0.505,1.2,0.663,0.942,rt,
nizi,2026-09-22,0.797,0.507,1.197,0.669,0.948,rt,
nizi,2026-09-23,0.796,0.5,1.235,0.667,0.948,rt,
nizi,2026-09-24,0.8,0.495,1.243,0.665,0.952,rt,
nizi,2026-09-25,0.805,0.483,1.264,0.651,0.967,rt,
nizi,2026-09-26,0.807,0.469,1.315,0.641,0.981,rt,
nizi,2026-09-27,0.806,0.44,1.377,0.63,0.997,rt,
nizi,2026-09-28,0.793,0.408,1.417,0.612,1.013,rt,
nizi,2026-09-29,0.783,0.401,1.376,0.602,1.009,rt,
nizi,2026-09-30,0.78,0.394,1.382,0.592,1.012,rt,
nizi,2026-10-01,0.773,0.38,1.406,0.583,1.012,rt,
nizi,2026-10-02,0.764,0.357,1.433,0.566,1.001,rt,
nizi,2026-10-03,0.744,0.337,1.445,0.547,0.997,rt,
nizi,2026-10-04,0.73,0.309,1.479,0.527,0.986,rt,
nizi,2026-10-05,0.721,0.285,1.504,0.505,0.98,rt,
nizi,2026-10-06,0.725,0.264,1.52,0.502,0.995,rt,
nyankunde,2026-05-02,2.109,1.241,3.943,1.695,2.647,rt,
nyankunde,2026-05-03,2.118,1.219,3.982,1.689,2.662,rt,
nyankunde,2026-05-04,2.121,1.177,4.04,1.671,2.657,rt,
nyankunde,2026-05-05,2.127,1.234,3.96,1.686,2.647,rt,
nyankunde,2026-05-06,2.137,1.286,3.882,1.7,2.663,rt,
nyankunde,2026-05-07,2.144,1.319,3.82,1.713,2.652,rt,
nyankunde,2026-05-08,2.148,1.331,3.751,1.73,2.622,rt,
nyankunde,2026-05-09,2.133,1.32,3.749,1.728,2.617,rt,
nyankunde,2026-05-10,2.131,1.301,3.728,1.728,2.631,rt,
nyankunde,2026-05-11,2.046,1.218,3.699,1.652,2.571,rt,
nyankunde,2026-05-12,1.987,1.221,3.488,1.632,2.458,rt,
nyankunde,2026-05-13,1.933,1.225,3.298,1.604,2.381,rt,
nyankunde,2026-05-14,1.891,1.221,3.141,1.583,2.299,rt,
nyankunde,2026-05-15,1.831,1.197,2.99,1.537,2.222,rt,
nyankunde,2026-05-16,1.784,1.152,2.893,1.502,2.154,rt,
nyankunde,2026-05-17,1.74,1.11,2.845,1.465,2.096,rt,
nyankunde,2026-05-18,1.69,1.062,2.816,1.412,2.055,rt,
nyankunde,2026-05-19,1.666,1.082,2.675,1.406,2.003,rt,
nyankunde,2026-05-20,1.634,1.085,2.557,1.388,1.954,rt,
nyankunde,2026-05-21,1.598,1.069,2.455,1.382,1.896,rt,
nyankunde,2026-05-22,1.55,1.04,2.398,1.339,1.832,rt,
nyankunde,2026-05-23,1.517,1.026,2.341,1.302,1.784,rt,
nyankunde,2026-05-24,1.469,0.978,2.259,1.251,1.745,rt,
nyankunde,2026-05-25,1.417,0.916,2.22,1.194,1.71,rt,
nyankunde,2026-05-26,1.41,0.946,2.116,1.194,1.669,rt,
nyankunde,2026-05-27,1.401,0.976,2.062,1.207,1.641,rt,
nyankunde,2026-05-28,1.39,0.984,2.003,1.212,1.619,rt,
nyankunde,2026-05-29,1.386,0.985,1.966,1.199,1.603,rt,
nyankunde,2026-05-30,1.374,0.978,1.975,1.191,1.594,rt,
nyankunde,2026-05-31,1.363,0.95,2.015,1.178,1.591,rt,
nyankunde,2026-06-01,1.356,0.92,2.08,1.157,1.609,rt,
nyankunde,2026-06-02,1.357,0.956,1.98,1.182,1.574,rt,
nyankunde,2026-06-03,1.349,0.971,1.896,1.183,1.553,rt,
nyankunde,2026-06-04,1.337,0.973,1.826,1.179,1.52,rt,
nyankunde,2026-06-05,1.322,0.967,1.788,1.162,1.497,rt,
nyankunde,2026-06-06,1.292,0.946,1.797,1.131,1.472,rt,
nyankunde,2026-06-07,1.258,0.894,1.784,1.095,1.451,rt,
nyankunde,2026-06-08,1.22,0.842,1.768,1.052,1.426,rt,
nyankunde,2026-06-09,1.161,0.821,1.639,1.015,1.338,rt,
nyankunde,2026-06-10,1.109,0.799,1.51,0.972,1.257,rt,
nyankunde,2026-06-11,1.052,0.762,1.4,0.929,1.193,rt,
nyankunde,2026-06-12,1.0,0.725,1.309,0.878,1.129,rt,
nyankunde,2026-06-13,0.954,0.681,1.258,0.824,1.074,rt,
nyankunde,2026-06-14,0.894,0.627,1.214,0.769,1.026,rt,
nyankunde,2026-06-15,0.842,0.569,1.199,0.719,0.985,rt,
nyankunde,2026-06-16,0.804,0.561,1.11,0.695,0.929,rt,
nyankunde,2026-06-17,0.772,0.546,1.047,0.67,0.88,rt,
nyankunde,2026-06-18,0.74,0.524,0.99,0.643,0.841,rt,
nyankunde,2026-06-19,0.706,0.502,0.946,0.613,0.804,rt,
nyankunde,2026-06-20,0.673,0.464,0.912,0.584,0.771,rt,
nyankunde,2026-06-21,0.641,0.429,0.891,0.552,0.743,rt,
nyankunde,2026-06-22,0.617,0.401,0.896,0.528,0.728,rt,
nyankunde,2026-06-23,0.616,0.409,0.862,0.534,0.718,rt,
nyankunde,2026-06-24,0.616,0.416,0.843,0.531,0.706,rt,
nyankunde,2026-06-25,0.612,0.418,0.837,0.529,0.7,rt,
nyankunde,2026-06-26,0.611,0.413,0.835,0.522,0.691,rt,
nyankunde,2026-06-27,0.608,0.398,0.838,0.516,0.693,rt,
nyankunde,2026-06-28,0.604,0.388,0.843,0.506,0.694,rt,
nyankunde,2026-06-29,0.583,0.362,0.843,0.482,0.686,rt,
nyankunde,2026-06-30,0.584,0.38,0.824,0.492,0.683,rt,
nyankunde,2026-07-01,0.588,0.393,0.808,0.5,0.678,rt,
nyankunde,2026-07-02,0.598,0.402,0.808,0.508,0.681,rt,
nyankunde,2026-07-03,0.6,0.406,0.812,0.516,0.688,rt,
nyankunde,2026-07-04,0.598,0.405,0.829,0.524,0.698,rt,
nyankunde,2026-07-05,0.602,0.399,0.852,0.52,0.711,rt,
nyankunde,2026-07-06,0.616,0.394,0.891,0.522,0.733,rt,
nyankunde,2026-07-07,0.637,0.428,0.89,0.545,0.746,rt,
nyankunde,2026-07-08,0.657,0.452,0.893,0.568,0.755,rt,
nyankunde,2026-07-09,0.679,0.474,0.914,0.593,0.775,rt,
nyankunde,2026-07-10,0.697,0.492,0.944,0.609,0.796,rt,
nyankunde,2026-07-11,0.722,0.507,0.994,0.629,0.821,rt,
nyankunde,2026-07-12,0.748,0.513,1.05,0.645,0.854,rt,
nyankunde,2026-07-13,0.76,0.505,1.109,0.651,0.881,rt,
nyankunde,2026-07-14,0.763,0.524,1.091,0.664,0.872,rt,
nyankunde,2026-07-15,0.769,0.538,1.074,0.67,0.873,rt,
nyankunde,2026-07-16,0.77,0.541,1.065,0.671,0.873,rt,
nyankunde,2026-07-17,0.775,0.548,1.07,0.672,0.881,rt,
nyankunde,2026-07-18,0.777,0.536,1.092,0.667,0.887,rt,
nyankunde,2026-07-19,0.777,0.522,1.134,0.663,0.896,rt,
nyankunde,2026-07-20,0.784,0.51,1.186,0.658,0.913,rt,
nyankunde,2026-07-21,0.782,0.521,1.141,0.665,0.898,rt,
nyankunde,2026-07-22,0.773,0.527,1.1,0.664,0.881,rt,
nyankunde,2026-07-23,0.764,0.523,1.077,0.658,0.877,rt,
nyankunde,2026-07-24,0.76,0.516,1.07,0.659,0.875,rt,
nyankunde,2026-07-25,0.757,0.51,1.074,0.65,0.872,rt,
nyankunde,2026-07-26,0.746,0.49,1.091,0.636,0.872,rt,
nyankunde,2026-07-27,0.741,0.467,1.11,0.62,0.877,rt,
nyankunde,2026-07-28,0.745,0.491,1.072,0.629,0.868,rt,
nyankunde,2026-07-29,0.745,0.506,1.057,0.635,0.863,rt,
nyankunde,2026-07-30,0.744,0.508,1.042,0.636,0.856,rt,
nyankunde,2026-07-31,0.735,0.506,1.026,0.629,0.844,rt,
nyankunde,2026-08-01,0.726,0.496,1.025,0.622,0.84,rt,
nyankunde,2026-08-02,0.715,0.48,1.05,0.604,0.836,rt,
nyankunde,2026-08-03,0.704,0.456,1.07,0.588,0.83,rt,
nyankunde,2026-08-04,0.708,0.469,1.033,0.599,0.827,rt,
nyankunde,2026-08-05,0.709,0.479,1.008,0.61,0.824,rt,
nyankunde,2026-08-06,0.712,0.492,1.004,0.617,0.82,rt,
nyankunde,2026-08-07,0.717,0.497,1.006,0.621,0.822,rt,
nyankunde,2026-08-08,0.712,0.489,1.016,0.623,0.82,rt,
nyankunde,2026-08-09,0.71,0.483,1.035,0.614,0.823,rt,
nyankunde,2026-08-10,0.706,0.465,1.06,0.599,0.826,rt,
nyankunde,2026-08-11,0.707,0.48,1.026,0.61,0.821,rt,
nyankunde,2026-08-12,0.71,0.491,1.0,0.614,0.821,rt,
nyankunde,2026-08-13,0.712,0.497,0.99,0.615,0.823,rt,
nyankunde,2026-08-14,0.714,0.502,0.997,0.613,0.826,rt,
nyankunde,2026-08-15,0.716,0.495,1.015,0.614,0.828,rt,
nyankunde,2026-08-16,0.716,0.487,1.045,0.608,0.834,rt,
nyankunde,2026-08-17,0.717,0.478,1.084,0.605,0.845,rt,
nyankunde,2026-08-18,0.725,0.492,1.057,0.62,0.847,rt,
nyankunde,2026-08-19,0.73,0.503,1.049,0.63,0.853,rt,
nyankunde,2026-08-20,0.738,0.506,1.053,0.635,0.857,rt,
nyankunde,2026-08-21,0.747,0.516,1.067,0.643,0.865,rt,
nyankunde,2026-08-22,0.756,0.51,1.094,0.644,0.877,rt,
nyankunde,2026-08-23,0.762,0.506,1.125,0.643,0.889,rt,
nyankunde,2026-08-24,0.771,0.5,1.183,0.644,0.913,rt,
nyankunde,2026-08-25,0.794,0.525,1.179,0.671,0.921,rt,
nyankunde,2026-08-26,0.807,0.543,1.183,0.692,0.931,rt,
nyankunde,2026-08-27,0.821,0.56,1.201,0.71,0.951,rt,
nyankunde,2026-08-28,0.831,0.568,1.209,0.722,0.973,rt,
nyankunde,2026-08-29,0.841,0.571,1.229,0.725,0.986,rt,
nyankunde,2026-08-30,0.845,0.558,1.269,0.722,1.0,rt,
nyankunde,2026-08-31,0.845,0.541,1.282,0.712,1.01,rt,
nyankunde,2026-09-01,0.865,0.563,1.278,0.736,1.02,rt,
nyankunde,2026-09-02,0.884,0.589,1.297,0.756,1.043,rt,
nyankunde,2026-09-03,0.904,0.6,1.326,0.778,1.054,rt,
nyankunde,2026-09-04,0.916,0.602,1.344,0.791,1.076,rt,
nyankunde,2026-09-05,0.929,0.605,1.384,0.794,1.099,rt,
nyankunde,2026-09-06,0.935,0.606,1.42,0.788,1.118,rt,
nyankunde,2026-09-07,0.923,0.586,1.49,0.769,1.128,rt,
nyankunde,2026-09-08,0.912,0.59,1.449,0.768,1.108,rt,
nyankunde,2026-09-09,0.908,0.586,1.405,0.767,1.091,rt,
nyankunde,2026-09-10,0.907,0.578,1.384,0.755,1.076,rt,
nyankunde,2026-09-11,0.889,0.565,1.36,0.736,1.066,rt,
nyankunde,2026-09-12,0.875,0.536,1.349,0.719,1.061,rt,
nyankunde,2026-09-13,0.855,0.511,1.357,0.696,1.045,rt,
nyankunde,2026-09-14,0.835,0.484,1.398,0.671,1.046,rt,
nyankunde,2026-09-15,0.824,0.495,1.37,0.672,1.029,rt,
nyankunde,2026-09-16,0.821,0.503,1.368,0.671,1.024,rt,
nyankunde,2026-09-17,0.823,0.503,1.366,0.67,1.008,rt,
nyankunde,2026-09-18,0.816,0.493,1.376,0.667,1.003,rt,
nyankunde,2026-09-19,0.813,0.482,1.386,0.655,1.004,rt,
nyankunde,2026-09-20,0.808,0.474,1.416,0.644,1.007,rt,
nyankunde,2026-09-21,0.812,0.465,1.467,0.641,1.02,rt,
nyankunde,2026-09-22,0.811,0.46,1.44,0.647,1.017,rt,
nyankunde,2026-09-23,0.813,0.459,1.42,0.651,1.004,rt,
nyankunde,2026-09-24,0.811,0.452,1.413,0.647,1.002,rt,
nyankunde,2026-09-25,0.811,0.45,1.443,0.64,1.012,rt,
nyankunde,2026-09-26,0.808,0.443,1.44,0.631,1.025,rt,
nyankunde,2026-09-27,0.798,0.418,1.486,0.624,1.034,rt,
nyankunde,2026-09-28,0.784,0.395,1.538,0.604,1.031,rt,
nyankunde,2026-09-29,0.781,0.396,1.529,0.604,1.022,rt,
nyankunde,2026-09-30,0.777,0.4,1.528,0.595,1.02,rt,
nyankunde,2026-10-01,0.769,0.389,1.536,0.591,1.01,rt,
nyankunde,2026-10-02,0.756,0.375,1.506,0.576,1.004,rt,
nyankunde,2026-10-03,0.748,0.362,1.526,0.559,1.001,rt,
nyankunde,2026-10-04,0.729,0.348,1.582,0.549,1.006,rt,
nyankunde,2026-10-05,0.714,0.334,1.602,0.522,1.004,rt,
nyankunde,2026-10-06,0.714,0.307,1.706,0.51,1.014,rt,
rimba,2026-07-25,1.104,0.994,1.228,1.058,1.151,rt,
rimba,2026-07-26,1.096,0.982,1.224,1.05,1.142,rt,
rimba,2026-07-27,1.093,0.97,1.227,1.041,1.141,rt,
rimba,2026-07-28,1.089,0.973,1.221,1.041,1.138,rt,
rimba,2026-07-29,1.086,0.974,1.218,1.039,1.134,rt,
rimba,2026-07-30,1.081,0.97,1.212,1.035,1.132,rt,
rimba,2026-07-31,1.069,0.96,1.191,1.024,1.118,rt,
rimba,2026-08-01,1.057,0.944,1.175,1.01,1.106,rt,
rimba,2026-08-02,1.042,0.925,1.166,0.992,1.091,rt,
rimba,2026-08-03,1.023,0.896,1.155,0.971,1.076,rt,
rimba,2026-08-04,1.017,0.897,1.143,0.968,1.068,rt,
rimba,2026-08-05,1.011,0.896,1.132,0.964,1.061,rt,
rimba,2026-08-06,1.004,0.891,1.124,0.957,1.053,rt,
rimba,2026-08-07,0.995,0.889,1.105,0.948,1.039,rt,
rimba,2026-08-08,0.984,0.876,1.092,0.938,1.026,rt,
rimba,2026-08-09,0.972,0.859,1.081,0.926,1.015,rt,
rimba,2026-08-10,0.951,0.835,1.062,0.905,0.997,rt,
rimba,2026-08-11,0.942,0.835,1.045,0.901,0.987,rt,
rimba,2026-08-12,0.934,0.832,1.033,0.893,0.975,rt,
rimba,2026-08-13,0.925,0.824,1.028,0.884,0.967,rt,
rimba,2026-08-14,0.916,0.817,1.015,0.876,0.957,rt,
rimba,2026-08-15,0.908,0.805,1.007,0.868,0.946,rt,
rimba,2026-08-16,0.897,0.791,1.005,0.855,0.937,rt,
rimba,2026-08-17,0.893,0.784,1.005,0.848,0.938,rt,
rimba,2026-08-18,0.895,0.791,1.005,0.852,0.94,rt,
rimba,2026-08-19,0.896,0.795,1.005,0.855,0.942,rt,
rimba,2026-08-20,0.897,0.796,1.008,0.856,0.944,rt,
rimba,2026-08-21,0.904,0.804,1.01,0.865,0.947,rt,
rimba,2026-08-22,0.908,0.809,1.011,0.87,0.949,rt,
rimba,2026-08-23,0.909,0.808,1.012,0.87,0.953,rt,
rimba,2026-08-24,0.92,0.815,1.03,0.877,0.967,rt,
rimba,2026-08-25,0.939,0.833,1.045,0.898,0.985,rt,
rimba,2026-08-26,0.956,0.851,1.065,0.916,1.004,rt,
rimba,2026-08-27,0.972,0.864,1.085,0.929,1.021,rt,
rimba,2026-08-28,0.983,0.881,1.092,0.943,1.031,rt,
rimba,2026-08-29,0.992,0.888,1.101,0.952,1.038,rt,
rimba,2026-08-30,0.998,0.891,1.115,0.955,1.045,rt,
rimba,2026-08-31,0.992,0.879,1.11,0.945,1.04,rt,
rimba,2026-09-01,0.996,0.888,1.112,0.952,1.045,rt,
rimba,2026-09-02,1.0,0.894,1.116,0.957,1.049,rt,
rimba,2026-09-03,1.004,0.895,1.12,0.961,1.052,rt,
rimba,2026-09-04,1.003,0.901,1.116,0.961,1.049,rt,
rimba,2026-09-05,0.999,0.9,1.114,0.958,1.045,rt,
rimba,2026-09-06,0.994,0.892,1.106,0.95,1.041,rt,
rimba,2026-09-07,0.971,0.867,1.09,0.929,1.022,rt,
rimba,2026-09-08,0.955,0.85,1.074,0.913,1.008,rt,
rimba,2026-09-09,0.939,0.831,1.062,0.896,0.989,rt,
rimba,2026-09-10,0.921,0.81,1.05,0.877,0.972,rt,
rimba,2026-09-11,0.902,0.795,1.027,0.859,0.952,rt,
rimba,2026-09-12,0.882,0.774,1.006,0.838,0.931,rt,
rimba,2026-09-13,0.859,0.744,0.984,0.813,0.909,rt,
rimba,2026-09-14,0.838,0.716,0.972,0.787,0.893,rt,
rimba,2026-09-15,0.835,0.709,0.969,0.783,0.89,rt,
rimba,2026-09-16,0.831,0.706,0.968,0.78,0.887,rt,
rimba,2026-09-17,0.827,0.697,0.97,0.776,0.886,rt,
rimba,2026-09-18,0.823,0.695,0.969,0.773,0.882,rt,
rimba,2026-09-19,0.82,0.686,0.98,0.766,0.883,rt,
rimba,2026-09-20,0.816,0.678,0.985,0.756,0.884,rt,
rimba,2026-09-21,0.82,0.669,1.002,0.753,0.892,rt,
rimba,2026-09-22,0.823,0.666,1.014,0.753,0.899,rt,
rimba,2026-09-23,0.825,0.661,1.026,0.752,0.905,rt,
rimba,2026-09-24,0.826,0.652,1.038,0.749,0.911,rt,
rimba,2026-09-25,0.829,0.638,1.054,0.749,0.92,rt,
rimba,2026-09-26,0.83,0.63,1.066,0.743,0.924,rt,
rimba,2026-09-27,0.832,0.617,1.079,0.741,0.93,rt,
rimba,2026-09-28,0.824,0.596,1.089,0.728,0.928,rt,
rimba,2026-09-29,0.822,0.581,1.095,0.724,0.927,rt,
rimba,2026-09-30,0.818,0.571,1.107,0.719,0.924,rt,
rimba,2026-10-01,0.814,0.555,1.113,0.71,0.925,rt,
rimba,2026-10-02,0.804,0.542,1.108,0.697,0.922,rt,
rimba,2026-10-03,0.795,0.525,1.105,0.682,0.923,rt,
rimba,2026-10-04,0.78,0.499,1.126,0.665,0.92,rt,
rimba,2026-10-05,0.765,0.475,1.142,0.646,0.915,rt,
rimba,2026-10-06,0.785,0.484,1.137,0.661,0.93,rt,
rwampara,2026-04-20,2.635,1.628,6.296,2.099,3.556,rt,
rwampara,2026-04-21,2.619,1.659,5.848,2.104,3.497,rt,
rwampara,2026-04-22,2.602,1.668,5.369,2.1,3.407,rt,
rwampara,2026-04-23,2.554,1.69,5.024,2.097,3.296,rt,
rwampara,2026-04-24,2.546,1.686,4.793,2.11,3.227,rt,
rwampara,2026-04-25,2.543,1.689,4.673,2.109,3.177,rt,
rwampara,2026-04-26,2.521,1.685,4.593,2.093,3.146,rt,
rwampara,2026-04-27,2.51,1.652,4.509,2.068,3.08,rt,
rwampara,2026-04-28,2.482,1.662,4.255,2.059,3.016,rt,
rwampara,2026-04-29,2.453,1.664,4.131,2.049,2.95,rt,
rwampara,2026-04-30,2.42,1.661,4.034,2.047,2.899,rt,
rwampara,2026-05-01,2.419,1.672,3.988,2.067,2.879,rt,
rwampara,2026-05-02,2.419,1.655,3.906,2.077,2.841,rt,
rwampara,2026-05-03,2.401,1.649,3.798,2.071,2.847,rt,
rwampara,2026-05-04,2.386,1.622,3.864,2.064,2.841,rt,
rwampara,2026-05-05,2.381,1.645,3.721,2.07,2.798,rt,
rwampara,2026-05-06,2.377,1.657,3.649,2.066,2.77,rt,
rwampara,2026-05-07,2.375,1.656,3.606,2.053,2.753,rt,
rwampara,2026-05-08,2.36,1.682,3.514,2.042,2.711,rt,
rwampara,2026-05-09,2.336,1.676,3.46,2.019,2.698,rt,
rwampara,2026-05-10,2.31,1.653,3.401,1.988,2.672,rt,
rwampara,2026-05-11,2.215,1.563,3.27,1.899,2.565,rt,
rwampara,2026-05-12,2.12,1.523,3.033,1.844,2.45,rt,
rwampara,2026-05-13,2.043,1.484,2.882,1.783,2.329,rt,
rwampara,2026-05-14,1.969,1.455,2.713,1.73,2.221,rt,
rwampara,2026-05-15,1.89,1.408,2.577,1.668,2.123,rt,
rwampara,2026-05-16,1.805,1.354,2.467,1.609,2.04,rt,
rwampara,2026-05-17,1.732,1.283,2.357,1.542,1.963,rt,
rwampara,2026-05-18,1.661,1.19,2.293,1.465,1.892,rt,
rwampara,2026-05-19,1.594,1.176,2.152,1.422,1.807,rt,
rwampara,2026-05-20,1.533,1.159,2.031,1.367,1.717,rt,
rwampara,2026-05-21,1.47,1.129,1.93,1.32,1.645,rt,
rwampara,2026-05-22,1.401,1.077,1.824,1.253,1.561,rt,
rwampara,2026-05-23,1.328,1.019,1.74,1.192,1.49,rt,
rwampara,2026-05-24,1.265,0.939,1.688,1.116,1.43,rt,
rwampara,2026-05-25,1.199,0.846,1.634,1.04,1.371,rt,
rwampara,2026-05-26,1.187,0.871,1.573,1.05,1.342,rt,
rwampara,2026-05-27,1.181,0.888,1.534,1.06,1.32,rt,
rwampara,2026-05-28,1.177,0.909,1.503,1.066,1.308,rt,
rwampara,2026-05-29,1.177,0.921,1.483,1.061,1.298,rt,
rwampara,2026-05-30,1.176,0.918,1.485,1.057,1.294,rt,
rwampara,2026-05-31,1.174,0.892,1.505,1.05,1.299,rt,
rwampara,2026-06-01,1.178,0.867,1.552,1.044,1.314,rt,
rwampara,2026-06-02,1.226,0.938,1.556,1.108,1.348,rt,
rwampara,2026-06-03,1.272,1.021,1.576,1.171,1.382,rt,
rwampara,2026-06-04,1.319,1.08,1.608,1.22,1.426,rt,
rwampara,2026-06-05,1.366,1.127,1.648,1.266,1.465,rt,
rwampara,2026-06-06,1.405,1.158,1.714,1.297,1.51,rt,
rwampara,2026-06-07,1.432,1.164,1.777,1.319,1.549,rt,
rwampara,2026-06-08,1.456,1.157,1.839,1.329,1.59,rt,
rwampara,2026-06-09,1.438,1.179,1.77,1.325,1.559,rt,
rwampara,2026-06-10,1.415,1.192,1.705,1.321,1.526,rt,
rwampara,2026-06-11,1.399,1.187,1.676,1.307,1.496,rt,
rwampara,2026-06-12,1.377,1.173,1.64,1.289,1.471,rt,
rwampara,2026-06-13,1.354,1.147,1.616,1.263,1.453,rt,
rwampara,2026-06-14,1.332,1.102,1.609,1.231,1.429,rt,
rwampara,2026-06-15,1.311,1.051,1.615,1.196,1.42,rt,
rwampara,2026-06-16,1.27,1.042,1.53,1.169,1.362,rt,
rwampara,2026-06-17,1.227,1.019,1.459,1.137,1.315,rt,
rwampara,2026-06-18,1.183,0.993,1.399,1.101,1.27,rt,
rwampara,2026-06-19,1.141,0.965,1.352,1.067,1.231,rt,
rwampara,2026-06-20,1.1,0.922,1.317,1.027,1.191,rt,
rwampara,2026-06-21,1.063,0.868,1.298,0.985,1.158,rt,
rwampara,2026-06-22,1.039,0.83,1.305,0.955,1.146,rt,
rwampara,2026-06-23,1.057,0.859,1.289,0.975,1.148,rt,
rwampara,2026-06-24,1.071,0.889,1.272,0.996,1.153,rt,
rwampara,2026-06-25,1.084,0.91,1.27,1.011,1.161,rt,
rwampara,2026-06-26,1.097,0.921,1.275,1.03,1.172,rt,
rwampara,2026-06-27,1.109,0.925,1.299,1.037,1.187,rt,
rwampara,2026-06-28,1.117,0.918,1.341,1.038,1.208,rt,
rwampara,2026-06-29,1.101,0.88,1.367,1.013,1.208,rt,
rwampara,2026-06-30,1.107,0.916,1.335,1.029,1.198,rt,
rwampara,2026-07-01,1.114,0.941,1.312,1.041,1.193,rt,
rwampara,2026-07-02,1.122,0.956,1.313,1.053,1.197,rt,
rwampara,2026-07-03,1.127,0.971,1.317,1.057,1.2,rt,
rwampara,2026-07-04,1.134,0.973,1.329,1.06,1.212,rt,
rwampara,2026-07-05,1.137,0.959,1.357,1.057,1.228,rt,
rwampara,2026-07-06,1.151,0.947,1.406,1.058,1.257,rt,
rwampara,2026-07-07,1.154,0.973,1.379,1.073,1.247,rt,
rwampara,2026-07-08,1.158,0.993,1.362,1.083,1.239,rt,
rwampara,2026-07-09,1.162,0.999,1.356,1.088,1.238,rt,
rwampara,2026-07-10,1.165,0.998,1.359,1.096,1.238,rt,
rwampara,2026-07-11,1.169,0.991,1.382,1.094,1.247,rt,
rwampara,2026-07-12,1.173,0.972,1.409,1.091,1.258,rt,
rwampara,2026-07-13,1.16,0.936,1.429,1.069,1.26,rt,
rwampara,2026-07-14,1.134,0.943,1.366,1.059,1.224,rt,
rwampara,2026-07-15,1.112,0.938,1.312,1.04,1.192,rt,
rwampara,2026-07-16,1.09,0.923,1.273,1.018,1.167,rt,
rwampara,2026-07-17,1.065,0.902,1.251,0.999,1.14,rt,
rwampara,2026-07-18,1.043,0.872,1.243,0.971,1.117,rt,
rwampara,2026-07-19,1.019,0.839,1.241,0.939,1.103,rt,
rwampara,2026-07-20,0.998,0.797,1.251,0.908,1.091,rt,
rwampara,2026-07-21,0.974,0.796,1.199,0.897,1.059,rt,
rwampara,2026-07-22,0.951,0.787,1.151,0.881,1.03,rt,
rwampara,2026-07-23,0.93,0.768,1.114,0.863,1.0,rt,
rwampara,2026-07-24,0.912,0.754,1.086,0.844,0.977,rt,
rwampara,2026-07-25,0.892,0.728,1.065,0.818,0.961,rt,
rwampara,2026-07-26,0.867,0.694,1.058,0.791,0.943,rt,
rwampara,2026-07-27,0.844,0.656,1.057,0.765,0.931,rt,
rwampara,2026-07-28,0.833,0.667,1.017,0.762,0.907,rt,
rwampara,2026-07-29,0.82,0.669,0.985,0.757,0.887,rt,
rwampara,2026-07-30,0.807,0.662,0.963,0.75,0.871,rt,
rwampara,2026-07-31,0.789,0.646,0.944,0.732,0.851,rt,
rwampara,2026-08-01,0.77,0.62,0.933,0.708,0.835,rt,
rwampara,2026-08-02,0.749,0.586,0.927,0.681,0.817,rt,
rwampara,2026-08-03,0.724,0.554,0.928,0.651,0.803,rt,
rwampara,2026-08-04,0.719,0.563,0.901,0.653,0.785,rt,
rwampara,2026-08-05,0.714,0.566,0.879,0.654,0.774,rt,
rwampara,2026-08-06,0.706,0.572,0.864,0.65,0.764,rt,
rwampara,2026-08-07,0.696,0.564,0.846,0.643,0.754,rt,
rwampara,2026-08-08,0.687,0.55,0.849,0.632,0.743,rt,
rwampara,2026-08-09,0.679,0.531,0.849,0.618,0.736,rt,
rwampara,2026-08-10,0.661,0.506,0.852,0.597,0.73,rt,
rwampara,2026-08-11,0.66,0.52,0.831,0.6,0.722,rt,
rwampara,2026-08-12,0.66,0.526,0.812,0.6,0.718,rt,
rwampara,2026-08-13,0.659,0.528,0.805,0.602,0.717,rt,
rwampara,2026-08-14,0.656,0.527,0.801,0.601,0.716,rt,
rwampara,2026-08-15,0.656,0.519,0.807,0.597,0.716,rt,
rwampara,2026-08-16,0.653,0.507,0.817,0.589,0.718,rt,
rwampara,2026-08-17,0.654,0.496,0.839,0.584,0.727,rt,
rwampara,2026-08-18,0.665,0.524,0.843,0.604,0.731,rt,
rwampara,2026-08-19,0.677,0.541,0.843,0.62,0.737,rt,
rwampara,2026-08-20,0.689,0.556,0.847,0.633,0.748,rt,
rwampara,2026-08-21,0.702,0.567,0.854,0.648,0.763,rt,
rwampara,2026-08-22,0.715,0.574,0.88,0.659,0.78,rt,
rwampara,2026-08-23,0.731,0.572,0.913,0.663,0.799,rt,
rwampara,2026-08-24,0.749,0.565,0.957,0.671,0.828,rt,
rwampara,2026-08-25,0.778,0.6,0.965,0.705,0.849,rt,
rwampara,2026-08-26,0.803,0.637,0.974,0.733,0.873,rt,
rwampara,2026-08-27,0.829,0.668,1.005,0.762,0.896,rt,
rwampara,2026-08-28,0.85,0.69,1.029,0.783,0.916,rt,
rwampara,2026-08-29,0.871,0.698,1.063,0.797,0.942,rt,
rwampara,2026-08-30,0.886,0.699,1.108,0.806,0.969,rt,
rwampara,2026-08-31,0.893,0.68,1.15,0.797,0.987,rt,
rwampara,2026-09-01,0.917,0.716,1.151,0.829,1.0,rt,
rwampara,2026-09-02,0.94,0.753,1.153,0.857,1.022,rt,
rwampara,2026-09-03,0.962,0.782,1.166,0.881,1.043,rt,
rwampara,2026-09-04,0.978,0.801,1.179,0.902,1.062,rt,
rwampara,2026-09-05,0.992,0.811,1.22,0.914,1.085,rt,
rwampara,2026-09-06,1.004,0.805,1.272,0.919,1.106,rt,
rwampara,2026-09-07,1.001,0.771,1.308,0.908,1.112,rt,
rwampara,2026-09-08,1.0,0.788,1.264,0.911,1.096,rt,
rwampara,2026-09-09,0.998,0.802,1.229,0.909,1.083,rt,
rwampara,2026-09-10,0.986,0.799,1.203,0.905,1.069,rt,
rwampara,2026-09-11,0.975,0.793,1.194,0.893,1.059,rt,
rwampara,2026-09-12,0.961,0.77,1.193,0.874,1.051,rt,
rwampara,2026-09-13,0.941,0.73,1.219,0.846,1.041,rt,
rwampara,2026-09-14,0.927,0.686,1.248,0.82,1.038,rt,
rwampara,2026-09-15,0.931,0.698,1.225,0.831,1.04,rt,
rwampara,2026-09-16,0.937,0.706,1.226,0.841,1.044,rt,
rwampara,2026-09-17,0.945,0.704,1.238,0.85,1.053,rt,
rwampara,2026-09-18,0.953,0.703,1.258,0.849,1.06,rt,
rwampara,2026-09-19,0.963,0.686,1.296,0.843,1.081,rt,
rwampara,2026-09-20,0.967,0.663,1.343,0.835,1.107,rt,
rwampara,2026-09-21,0.981,0.649,1.407,0.836,1.144,rt,
rwampara,2026-09-22,0.975,0.651,1.393,0.83,1.127,rt,
rwampara,2026-09-23,0.966,0.648,1.38,0.826,1.119,rt,
rwampara,2026-09-24,0.956,0.619,1.394,0.815,1.115,rt,
rwampara,2026-09-25,0.943,0.592,1.41,0.802,1.115,rt,
rwampara,2026-09-26,0.936,0.572,1.448,0.78,1.117,rt,
rwampara,2026-09-27,0.922,0.545,1.48,0.747,1.121,rt,
rwampara,2026-09-28,0.902,0.505,1.501,0.712,1.118,rt,
rwampara,2026-09-29,0.89,0.49,1.466,0.699,1.111,rt,
rwampara,2026-09-30,0.877,0.474,1.446,0.689,1.115,rt,
rwampara,2026-10-01,0.866,0.453,1.445,0.673,1.106,rt,
rwampara,2026-10-02,0.853,0.42,1.45,0.651,1.091,rt,
rwampara,2026-10-03,0.828,0.398,1.477,0.626,1.071,rt,
rwampara,2026-10-04,0.809,0.362,1.484,0.599,1.066,rt,
rwampara,2026-10-05,0.79,0.331,1.496,0.573,1.048,rt,
rwampara,2026-10-06,0.765,0.32,1.501,0.546,1.054,rt,
tchomia,2026-06-10,2.165,1.511,3.18,1.869,2.522,rt,
tchomia,2026-06-11,2.103,1.478,3.053,1.817,2.434,rt,
tchomia,2026-06-12,2.034,1.454,2.968,1.766,2.359,rt,
tchomia,2026-06-13,1.968,1.389,2.878,1.71,2.295,rt,
tchomia,2026-06-14,1.901,1.316,2.84,1.642,2.222,rt,
tchomia,2026-06-15,1.831,1.242,2.815,1.566,2.178,rt,
tchomia,2026-06-16,1.752,1.221,2.591,1.512,2.036,rt,
tchomia,2026-06-17,1.669,1.189,2.449,1.46,1.921,rt,
tchomia,2026-06-18,1.595,1.137,2.281,1.409,1.827,rt,
tchomia,2026-06-19,1.523,1.082,2.163,1.341,1.75,rt,
tchomia,2026-06-20,1.448,1.015,2.086,1.269,1.669,rt,
tchomia,2026-06-21,1.38,0.948,1.992,1.193,1.598,rt,
tchomia,2026-06-22,1.338,0.89,1.952,1.138,1.557,rt,
tchomia,2026-06-23,1.329,0.915,1.868,1.137,1.523,rt,
tchomia,2026-06-24,1.318,0.938,1.802,1.14,1.499,rt,
tchomia,2026-06-25,1.302,0.941,1.768,1.136,1.477,rt,
tchomia,2026-06-26,1.29,0.934,1.744,1.133,1.461,rt,
tchomia,2026-06-27,1.274,0.909,1.75,1.12,1.453,rt,
tchomia,2026-06-28,1.258,0.879,1.757,1.092,1.452,rt,
tchomia,2026-06-29,1.222,0.823,1.736,1.037,1.424,rt,
tchomia,2026-06-30,1.195,0.832,1.636,1.032,1.376,rt,
tchomia,2026-07-01,1.164,0.826,1.571,1.019,1.327,rt,
tchomia,2026-07-02,1.136,0.824,1.528,0.999,1.288,rt,
tchomia,2026-07-03,1.11,0.805,1.485,0.983,1.255,rt,
tchomia,2026-07-04,1.091,0.781,1.465,0.952,1.232,rt,
tchomia,2026-07-05,1.064,0.738,1.455,0.92,1.215,rt,
tchomia,2026-07-06,1.045,0.708,1.47,0.894,1.211,rt,
tchomia,2026-07-07,1.04,0.726,1.416,0.895,1.185,rt,
tchomia,2026-07-08,1.029,0.743,1.38,0.897,1.164,rt,
tchomia,2026-07-09,1.015,0.74,1.348,0.894,1.148,rt,
tchomia,2026-07-10,1.005,0.734,1.339,0.884,1.13,rt,
tchomia,2026-07-11,0.996,0.718,1.345,0.873,1.126,rt,
tchomia,2026-07-12,0.982,0.703,1.355,0.858,1.12,rt,
tchomia,2026-07-13,0.962,0.664,1.373,0.833,1.113,rt,
tchomia,2026-07-14,0.959,0.686,1.328,0.843,1.091,rt,
tchomia,2026-07-15,0.948,0.696,1.292,0.841,1.078,rt,
tchomia,2026-07-16,0.94,0.699,1.278,0.836,1.067,rt,
tchomia,2026-07-17,0.935,0.7,1.262,0.83,1.058,rt,
tchomia,2026-07-18,0.935,0.687,1.267,0.817,1.054,rt,
tchomia,2026-07-19,0.925,0.665,1.286,0.798,1.055,rt,
tchomia,2026-07-20,0.916,0.637,1.331,0.787,1.058,rt,
tchomia,2026-07-21,0.916,0.653,1.298,0.802,1.047,rt,
tchomia,2026-07-22,0.918,0.67,1.268,0.811,1.044,rt,
tchomia,2026-07-23,0.919,0.679,1.256,0.809,1.039,rt,
tchomia,2026-07-24,0.92,0.681,1.253,0.815,1.038,rt,
tchomia,2026-07-25,0.919,0.669,1.27,0.815,1.042,rt,
tchomia,2026-07-26,0.913,0.644,1.29,0.808,1.052,rt,
tchomia,2026-07-27,0.917,0.628,1.333,0.8,1.06,rt,
tchomia,2026-07-28,0.925,0.656,1.297,0.82,1.059,rt,
tchomia,2026-07-29,0.933,0.686,1.283,0.831,1.062,rt,
tchomia,2026-07-30,0.942,0.701,1.281,0.84,1.07,rt,
tchomia,2026-07-31,0.941,0.699,1.274,0.838,1.065,rt,
tchomia,2026-08-01,0.945,0.683,1.284,0.832,1.067,rt,
tchomia,2026-08-02,0.94,0.663,1.32,0.82,1.073,rt,
tchomia,2026-08-03,0.931,0.634,1.347,0.799,1.082,rt,
tchomia,2026-08-04,0.934,0.653,1.308,0.81,1.073,rt,
tchomia,2026-08-05,0.935,0.668,1.28,0.814,1.054,rt,
tchomia,2026-08-06,0.933,0.673,1.251,0.814,1.047,rt,
tchomia,2026-08-07,0.924,0.668,1.247,0.808,1.041,rt,
tchomia,2026-08-08,0.917,0.651,1.248,0.798,1.041,rt,
tchomia,2026-08-09,0.911,0.636,1.257,0.778,1.044,rt,
tchomia,2026-08-10,0.893,0.604,1.282,0.754,1.036,rt,
tchomia,2026-08-11,0.887,0.618,1.238,0.754,1.015,rt,
tchomia,2026-08-12,0.875,0.617,1.21,0.753,1.001,rt,
tchomia,2026-08-13,0.868,0.611,1.189,0.752,0.992,rt,
tchomia,2026-08-14,0.859,0.608,1.186,0.74,0.982,rt,
tchomia,2026-08-15,0.848,0.594,1.19,0.728,0.975,rt,
tchomia,2026-08-16,0.835,0.567,1.196,0.717,0.97,rt,
tchomia,2026-08-17,0.83,0.548,1.23,0.703,0.981,rt,
tchomia,2026-08-18,0.834,0.57,1.206,0.709,0.971,rt,
tchomia,2026-08-19,0.834,0.587,1.171,0.719,0.967,rt,
tchomia,2026-08-20,0.834,0.588,1.16,0.72,0.967,rt,
tchomia,2026-08-21,0.838,0.597,1.168,0.727,0.964,rt,
tchomia,2026-08-22,0.845,0.591,1.191,0.731,0.968,rt,
tchomia,2026-08-23,0.842,0.573,1.227,0.724,0.975,rt,
tchomia,2026-08-24,0.847,0.556,1.28,0.72,1.0,rt,
tchomia,2026-08-25,0.844,0.571,1.221,0.727,0.987,rt,
tchomia,2026-08-26,0.84,0.577,1.179,0.724,0.977,rt,
tchomia,2026-08-27,0.832,0.571,1.154,0.718,0.967,rt,
tchomia,2026-08-28,0.824,0.565,1.153,0.706,0.953,rt,
tchomia,2026-08-29,0.809,0.544,1.15,0.693,0.945,rt,
tchomia,2026-08-30,0.792,0.512,1.161,0.67,0.934,rt,
tchomia,2026-08-31,0.764,0.485,1.158,0.639,0.909,rt,
tchomia,2026-09-01,0.749,0.479,1.094,0.628,0.881,rt,
tchomia,2026-09-02,0.731,0.473,1.041,0.617,0.852,rt,
tchomia,2026-09-03,0.714,0.468,1.002,0.606,0.831,rt,
tchomia,2026-09-04,0.693,0.452,0.978,0.587,0.808,rt,
tchomia,2026-09-05,0.672,0.43,0.961,0.562,0.787,rt,
tchomia,2026-09-06,0.647,0.411,0.951,0.536,0.769,rt,
tchomia,2026-09-07,0.616,0.376,0.924,0.506,0.738,rt,
tchomia,2026-09-08,0.605,0.379,0.879,0.5,0.718,rt,
tchomia,2026-09-09,0.59,0.373,0.851,0.492,0.695,rt,
tchomia,2026-09-10,0.575,0.363,0.831,0.482,0.677,rt,
tchomia,2026-09-11,0.559,0.35,0.816,0.467,0.656,rt,
tchomia,2026-09-12,0.543,0.332,0.805,0.453,0.638,rt,
tchomia,2026-09-13,0.523,0.31,0.805,0.434,0.623,rt,
tchomia,2026-09-14,0.506,0.292,0.807,0.417,0.609,rt,
tchomia,2026-09-15,0.511,0.3,0.801,0.422,0.611,rt,
tchomia,2026-09-16,0.516,0.301,0.805,0.427,0.619,rt,
tchomia,2026-09-17,0.524,0.307,0.803,0.433,0.63,rt,
tchomia,2026-09-18,0.525,0.312,0.821,0.437,0.64,rt,
tchomia,2026-09-19,0.531,0.312,0.847,0.437,0.653,rt,
tchomia,2026-09-20,0.54,0.307,0.886,0.433,0.662,rt,
tchomia,2026-09-21,0.553,0.305,0.932,0.437,0.682,rt,
tchomia,2026-09-22,0.557,0.313,0.919,0.445,0.691,rt,
tchomia,2026-09-23,0.561,0.317,0.921,0.451,0.697,rt,
tchomia,2026-09-24,0.566,0.318,0.934,0.454,0.712,rt,
tchomia,2026-09-25,0.57,0.316,0.967,0.456,0.724,rt,
tchomia,2026-09-26,0.574,0.309,1.016,0.454,0.729,rt,
tchomia,2026-09-27,0.577,0.307,1.056,0.451,0.74,rt,
tchomia,2026-09-28,0.574,0.294,1.108,0.442,0.751,rt,
tchomia,2026-09-29,0.575,0.295,1.111,0.442,0.752,rt,
tchomia,2026-09-30,0.576,0.292,1.133,0.444,0.753,rt,
tchomia,2026-10-01,0.574,0.292,1.152,0.445,0.761,rt,
tchomia,2026-10-02,0.57,0.287,1.175,0.434,0.76,rt,
tchomia,2026-10-03,0.565,0.282,1.196,0.426,0.764,rt,
tchomia,2026-10-04,0.56,0.273,1.219,0.419,0.766,rt,
tchomia,2026-10-05,0.554,0.262,1.268,0.406,0.776,rt,
tchomia,2026-10-06,0.59,0.253,1.343,0.424,0.831,rt,
alimbongo,2026-09-23,1.169,0.924,1.473,1.069,1.285,rt,
alimbongo,2026-09-24,1.186,0.927,1.508,1.077,1.31,rt,
alimbongo,2026-09-25,1.204,0.925,1.541,1.092,1.333,rt,
alimbongo,2026-09-26,1.225,0.926,1.584,1.096,1.363,rt,
alimbongo,2026-09-27,1.242,0.921,1.629,1.102,1.388,rt,
alimbongo,2026-09-28,1.234,0.896,1.646,1.085,1.389,rt,
alimbongo,2026-09-29,1.229,0.878,1.656,1.075,1.384,rt,
alimbongo,2026-09-30,1.221,0.859,1.674,1.064,1.383,rt,
alimbongo,2026-10-01,1.213,0.846,1.696,1.052,1.385,rt,
alimbongo,2026-10-02,1.194,0.813,1.694,1.022,1.372,rt,
alimbongo,2026-10-03,1.166,0.777,1.718,0.995,1.363,rt,
alimbongo,2026-10-04,1.144,0.735,1.73,0.967,1.355,rt,
alimbongo,2026-10-05,1.109,0.689,1.727,0.922,1.345,rt,
alimbongo,2026-10-06,1.107,0.693,1.647,0.927,1.311,rt,
beni,2026-05-27,2.268,1.641,3.24,1.966,2.612,rt,
beni,2026-05-28,2.194,1.597,3.105,1.913,2.513,rt,
beni,2026-05-29,2.104,1.538,2.936,1.845,2.403,rt,
beni,2026-05-30,2.009,1.48,2.802,1.773,2.309,rt,
beni,2026-05-31,1.932,1.412,2.708,1.704,2.226,rt,
beni,2026-06-01,1.856,1.342,2.627,1.63,2.155,rt,
beni,2026-06-02,1.8,1.319,2.472,1.589,2.062,rt,
beni,2026-06-03,1.75,1.292,2.359,1.552,1.992,rt,
beni,2026-06-04,1.699,1.267,2.298,1.509,1.925,rt,
beni,2026-06-05,1.646,1.24,2.164,1.462,1.85,rt,
beni,2026-06-06,1.593,1.202,2.081,1.414,1.786,rt,
beni,2026-06-07,1.54,1.148,2.029,1.364,1.737,rt,
beni,2026-06-08,1.495,1.102,1.998,1.322,1.699,rt,
beni,2026-06-09,1.459,1.089,1.9,1.298,1.632,rt,
beni,2026-06-10,1.417,1.074,1.838,1.269,1.58,rt,
beni,2026-06-11,1.377,1.049,1.781,1.24,1.531,rt,
beni,2026-06-12,1.345,1.034,1.723,1.208,1.486,rt,
beni,2026-06-13,1.306,1.011,1.665,1.169,1.447,rt,
beni,2026-06-14,1.27,0.98,1.637,1.131,1.418,rt,
beni,2026-06-15,1.248,0.938,1.66,1.106,1.403,rt,
beni,2026-06-16,1.231,0.932,1.599,1.094,1.37,rt,
beni,2026-06-17,1.214,0.932,1.561,1.081,1.341,rt,
beni,2026-06-18,1.193,0.913,1.532,1.069,1.322,rt,
beni,2026-06-19,1.169,0.9,1.496,1.055,1.296,rt,
beni,2026-06-20,1.149,0.879,1.471,1.035,1.281,rt,
beni,2026-06-21,1.13,0.856,1.461,1.018,1.261,rt,
beni,2026-06-22,1.133,0.838,1.489,1.006,1.268,rt,
beni,2026-06-23,1.139,0.869,1.477,1.023,1.269,rt,
beni,2026-06-24,1.148,0.886,1.468,1.037,1.272,rt,
beni,2026-06-25,1.159,0.895,1.463,1.046,1.275,rt,
beni,2026-06-26,1.167,0.921,1.469,1.063,1.288,rt,
beni,2026-06-27,1.181,0.929,1.481,1.075,1.299,rt,
beni,2026-06-28,1.193,0.927,1.513,1.086,1.318,rt,
beni,2026-06-29,1.193,0.906,1.533,1.074,1.316,rt,
beni,2026-06-30,1.198,0.937,1.516,1.089,1.311,rt,
beni,2026-07-01,1.202,0.958,1.514,1.099,1.314,rt,
beni,2026-07-02,1.208,0.974,1.519,1.109,1.324,rt,
beni,2026-07-03,1.213,0.987,1.532,1.121,1.336,rt,
beni,2026-07-04,1.23,0.995,1.561,1.127,1.352,rt,
beni,2026-07-05,1.243,0.984,1.588,1.126,1.369,rt,
beni,2026-07-06,1.264,0.967,1.655,1.127,1.404,rt,
beni,2026-07-07,1.288,1.003,1.65,1.151,1.42,rt,
beni,2026-07-08,1.302,1.028,1.659,1.176,1.431,rt,
beni,2026-07-09,1.324,1.051,1.685,1.2,1.452,rt,
beni,2026-07-10,1.347,1.078,1.684,1.225,1.472,rt,
beni,2026-07-11,1.366,1.102,1.701,1.247,1.499,rt,
beni,2026-07-12,1.385,1.109,1.751,1.265,1.529,rt,
beni,2026-07-13,1.405,1.098,1.793,1.271,1.553,rt,
beni,2026-07-14,1.405,1.124,1.752,1.28,1.539,rt,
beni,2026-07-15,1.401,1.138,1.715,1.287,1.525,rt,
beni,2026-07-16,1.398,1.147,1.713,1.292,1.52,rt,
beni,2026-07-17,1.393,1.15,1.701,1.29,1.511,rt,
beni,2026-07-18,1.386,1.149,1.699,1.282,1.51,rt,
beni,2026-07-19,1.381,1.124,1.702,1.271,1.508,rt,
beni,2026-07-20,1.382,1.096,1.732,1.258,1.52,rt,
beni,2026-07-21,1.374,1.108,1.688,1.258,1.495,rt,
beni,2026-07-22,1.362,1.115,1.664,1.259,1.477,rt,
beni,2026-07-23,1.353,1.123,1.646,1.253,1.469,rt,
beni,2026-07-24,1.343,1.123,1.627,1.246,1.451,rt,
beni,2026-07-25,1.327,1.109,1.63,1.235,1.442,rt,
beni,2026-07-26,1.316,1.08,1.634,1.218,1.437,rt,
beni,2026-07-27,1.316,1.055,1.664,1.206,1.453,rt,
beni,2026-07-28,1.324,1.071,1.628,1.217,1.45,rt,
beni,2026-07-29,1.33,1.079,1.633,1.224,1.44,rt,
beni,2026-07-30,1.334,1.085,1.642,1.223,1.447,rt,
beni,2026-07-31,1.335,1.096,1.632,1.229,1.45,rt,
beni,2026-08-01,1.34,1.093,1.646,1.228,1.462,rt,
beni,2026-08-02,1.342,1.085,1.674,1.226,1.47,rt,
beni,2026-08-03,1.342,1.061,1.7,1.223,1.486,rt,
beni,2026-08-04,1.351,1.091,1.69,1.244,1.48,rt,
beni,2026-08-05,1.361,1.114,1.674,1.257,1.481,rt,
beni,2026-08-06,1.368,1.135,1.67,1.272,1.484,rt,
beni,2026-08-07,1.394,1.157,1.68,1.297,1.502,rt,
beni,2026-08-08,1.414,1.171,1.7,1.318,1.525,rt,
beni,2026-08-09,1.437,1.187,1.745,1.332,1.554,rt,
beni,2026-08-10,1.449,1.176,1.788,1.335,1.58,rt,
beni,2026-08-11,1.469,1.209,1.785,1.361,1.592,rt,
beni,2026-08-12,1.483,1.236,1.781,1.39,1.604,rt,
beni,2026-08-13,1.503,1.261,1.794,1.41,1.62,rt,
beni,2026-08-14,1.517,1.284,1.806,1.426,1.634,rt,
beni,2026-08-15,1.534,1.288,1.824,1.438,1.648,rt,
beni,2026-08-16,1.55,1.284,1.863,1.439,1.662,rt,
beni,2026-08-17,1.563,1.281,1.911,1.448,1.695,rt,
beni,2026-08-18,1.598,1.34,1.927,1.488,1.715,rt,
beni,2026-08-19,1.629,1.387,1.945,1.521,1.747,rt,
beni,2026-08-20,1.658,1.415,1.991,1.552,1.78,rt,
beni,2026-08-21,1.669,1.43,1.996,1.562,1.785,rt,
beni,2026-08-22,1.678,1.44,2.006,1.57,1.799,rt,
beni,2026-08-23,1.689,1.433,2.016,1.574,1.816,rt,
beni,2026-08-24,1.679,1.409,2.034,1.56,1.821,rt,
beni,2026-08-25,1.685,1.437,2.013,1.57,1.821,rt,
beni,2026-08-26,1.69,1.452,1.996,1.58,1.815,rt,
beni,2026-08-27,1.695,1.443,2.002,1.587,1.819,rt,
beni,2026-08-28,1.676,1.435,1.974,1.574,1.787,rt,
beni,2026-08-29,1.655,1.414,1.956,1.554,1.768,rt,
beni,2026-08-30,1.635,1.388,1.949,1.532,1.752,rt,
beni,2026-08-31,1.579,1.327,1.911,1.48,1.706,rt,
beni,2026-09-01,1.511,1.285,1.809,1.411,1.62,rt,
beni,2026-09-02,1.441,1.235,1.715,1.349,1.549,rt,
beni,2026-09-03,1.379,1.182,1.64,1.291,1.484,rt,
beni,2026-09-04,1.333,1.153,1.565,1.25,1.425,rt,
beni,2026-09-05,1.288,1.115,1.52,1.21,1.376,rt,
beni,2026-09-06,1.245,1.074,1.476,1.17,1.331,rt,
beni,2026-09-07,1.223,1.043,1.45,1.146,1.309,rt,
beni,2026-09-08,1.179,1.013,1.388,1.108,1.257,rt,
beni,2026-09-09,1.139,0.981,1.328,1.068,1.207,rt,
beni,2026-09-10,1.098,0.944,1.285,1.029,1.167,rt,
beni,2026-09-11,1.068,0.922,1.242,1.005,1.133,rt,
beni,2026-09-12,1.037,0.897,1.205,0.981,1.102,rt,
beni,2026-09-13,1.011,0.858,1.181,0.95,1.077,rt,
beni,2026-09-14,1.006,0.837,1.196,0.938,1.074,rt,
beni,2026-09-15,1.004,0.836,1.184,0.936,1.075,rt,
beni,2026-09-16,0.998,0.827,1.18,0.933,1.074,rt,
beni,2026-09-17,0.994,0.818,1.181,0.925,1.075,rt,
beni,2026-09-18,0.985,0.806,1.181,0.918,1.066,rt,
beni,2026-09-19,0.979,0.786,1.196,0.905,1.065,rt,
beni,2026-09-20,0.972,0.759,1.205,0.889,1.065,rt,
beni,2026-09-21,0.967,0.737,1.225,0.874,1.07,rt,
beni,2026-09-22,0.979,0.749,1.258,0.882,1.085,rt,
beni,2026-09-23,0.994,0.755,1.29,0.89,1.106,rt,
beni,2026-09-24,1.005,0.75,1.332,0.895,1.127,rt,
beni,2026-09-25,1.017,0.745,1.367,0.899,1.146,rt,
beni,2026-09-26,1.028,0.734,1.417,0.902,1.172,rt,
beni,2026-09-27,1.04,0.725,1.461,0.903,1.194,rt,
beni,2026-09-28,1.031,0.701,1.474,0.887,1.197,rt,
beni,2026-09-29,1.027,0.69,1.489,0.878,1.2,rt,
beni,2026-09-30,1.029,0.677,1.499,0.871,1.205,rt,
beni,2026-10-01,1.025,0.662,1.508,0.861,1.215,rt,
beni,2026-10-02,1.009,0.633,1.516,0.837,1.2,rt,
beni,2026-10-03,0.986,0.607,1.543,0.811,1.184,rt,
beni,2026-10-04,0.963,0.566,1.56,0.78,1.184,rt,
beni,2026-10-05,0.944,0.539,1.592,0.746,1.172,rt,
beni,2026-10-06,0.935,0.541,1.549,0.759,1.162,rt,
biena,2026-08-20,1.63,1.41,1.877,1.534,1.725,rt,
biena,2026-08-21,1.618,1.414,1.853,1.53,1.705,rt,
biena,2026-08-22,1.604,1.408,1.827,1.518,1.687,rt,
biena,2026-08-23,1.587,1.398,1.815,1.5,1.673,rt,
biena,2026-08-24,1.559,1.371,1.787,1.473,1.647,rt,
biena,2026-08-25,1.525,1.341,1.747,1.444,1.613,rt,
biena,2026-08-26,1.493,1.305,1.713,1.412,1.578,rt,
biena,2026-08-27,1.457,1.269,1.677,1.377,1.544,rt,
biena,2026-08-28,1.404,1.236,1.613,1.333,1.483,rt,
biena,2026-08-29,1.355,1.201,1.555,1.286,1.423,rt,
biena,2026-08-30,1.304,1.154,1.503,1.238,1.371,rt,
biena,2026-08-31,1.237,1.086,1.426,1.172,1.302,rt,
biena,2026-09-01,1.178,1.035,1.357,1.116,1.241,rt,
biena,2026-09-02,1.126,0.984,1.297,1.066,1.19,rt,
biena,2026-09-03,1.079,0.935,1.245,1.015,1.141,rt,
biena,2026-09-04,1.043,0.913,1.19,0.985,1.099,rt,
biena,2026-09-05,1.005,0.888,1.143,0.953,1.062,rt,
biena,2026-09-06,0.972,0.854,1.105,0.922,1.028,rt,
biena,2026-09-07,0.955,0.825,1.092,0.902,1.013,rt,
biena,2026-09-08,0.949,0.82,1.09,0.895,1.005,rt,
biena,2026-09-09,0.942,0.815,1.084,0.888,0.996,rt,
biena,2026-09-10,0.937,0.804,1.082,0.883,0.99,rt,
biena,2026-09-11,0.94,0.815,1.069,0.89,0.989,rt,
biena,2026-09-12,0.941,0.818,1.067,0.892,0.989,rt,
biena,2026-09-13,0.942,0.819,1.071,0.892,0.99,rt,
biena,2026-09-14,0.964,0.83,1.107,0.912,1.016,rt,
biena,2026-09-15,0.984,0.845,1.141,0.928,1.043,rt,
biena,2026-09-16,1.006,0.854,1.176,0.945,1.07,rt,
biena,2026-09-17,1.026,0.86,1.214,0.959,1.097,rt,
biena,2026-09-18,1.046,0.878,1.236,0.979,1.119,rt,
biena,2026-09-19,1.063,0.887,1.266,0.995,1.14,rt,
biena,2026-09-20,1.082,0.888,1.3,1.005,1.166,rt,
biena,2026-09-21,1.104,0.891,1.349,1.019,1.196,rt,
biena,2026-09-22,1.121,0.899,1.394,1.03,1.225,rt,
biena,2026-09-23,1.139,0.899,1.429,1.04,1.255,rt,
biena,2026-09-24,1.155,0.902,1.469,1.048,1.278,rt,
biena,2026-09-25,1.174,0.902,1.507,1.058,1.299,rt,
biena,2026-09-26,1.195,0.901,1.549,1.065,1.328,rt,
biena,2026-09-27,1.21,0.893,1.59,1.073,1.355,rt,
biena,2026-09-28,1.205,0.867,1.597,1.055,1.355,rt,
biena,2026-09-29,1.198,0.844,1.614,1.046,1.353,rt,
biena,2026-09-30,1.189,0.828,1.633,1.036,1.349,rt,
biena,2026-10-01,1.182,0.811,1.658,1.022,1.349,rt,
biena,2026-10-02,1.16,0.782,1.649,0.991,1.337,rt,
biena,2026-10-03,1.135,0.748,1.673,0.965,1.326,rt,
biena,2026-10-04,1.112,0.71,1.684,0.937,1.322,rt,
biena,2026-10-05,1.076,0.669,1.675,0.896,1.311,rt,
biena,2026-10-06,1.068,0.671,1.61,0.895,1.275,rt,
butembo,2026-05-28,2.666,2.015,3.683,2.385,3.02,rt,
butembo,2026-05-29,2.554,1.951,3.486,2.294,2.885,rt,
butembo,2026-05-30,2.443,1.877,3.334,2.202,2.736,rt,
butembo,2026-05-31,2.349,1.817,3.17,2.114,2.632,rt,
butembo,2026-06-01,2.261,1.744,3.063,2.04,2.534,rt,
butembo,2026-06-02,2.176,1.698,2.909,1.96,2.44,rt,
butembo,2026-06-03,2.092,1.64,2.784,1.887,2.343,rt,
butembo,2026-06-04,2.015,1.579,2.653,1.821,2.256,rt,
butembo,2026-06-05,1.935,1.537,2.514,1.751,2.159,rt,
butembo,2026-06-06,1.86,1.482,2.391,1.688,2.062,rt,
butembo,2026-06-07,1.789,1.429,2.279,1.628,1.979,rt,
butembo,2026-06-08,1.727,1.375,2.194,1.579,1.912,rt,
butembo,2026-06-09,1.683,1.35,2.101,1.535,1.854,rt,
butembo,2026-06-10,1.634,1.308,2.034,1.487,1.791,rt,
butembo,2026-06-11,1.587,1.273,1.969,1.444,1.739,rt,
butembo,2026-06-12,1.541,1.247,1.898,1.408,1.681,rt,
butembo,2026-06-13,1.497,1.22,1.829,1.372,1.623,rt,
butembo,2026-06-14,1.454,1.185,1.767,1.334,1.573,rt,
butembo,2026-06-15,1.424,1.153,1.735,1.309,1.544,rt,
butembo,2026-06-16,1.402,1.152,1.701,1.292,1.522,rt,
butembo,2026-06-17,1.382,1.136,1.663,1.273,1.498,rt,
butembo,2026-06-18,1.358,1.115,1.644,1.256,1.478,rt,
butembo,2026-06-19,1.335,1.108,1.593,1.24,1.443,rt,
butembo,2026-06-20,1.311,1.09,1.559,1.221,1.416,rt,
butembo,2026-06-21,1.293,1.072,1.529,1.201,1.393,rt,
butembo,2026-06-22,1.296,1.067,1.532,1.197,1.39,rt,
butembo,2026-06-23,1.296,1.076,1.533,1.199,1.393,rt,
butembo,2026-06-24,1.296,1.081,1.541,1.201,1.395,rt,
butembo,2026-06-25,1.298,1.081,1.548,1.205,1.398,rt,
butembo,2026-06-26,1.303,1.099,1.535,1.214,1.398,rt,
butembo,2026-06-27,1.305,1.11,1.536,1.22,1.398,rt,
butembo,2026-06-28,1.315,1.116,1.544,1.228,1.401,rt,
butembo,2026-06-29,1.301,1.102,1.541,1.214,1.39,rt,
butembo,2026-06-30,1.289,1.1,1.524,1.208,1.378,rt,
butembo,2026-07-01,1.279,1.089,1.512,1.196,1.366,rt,
butembo,2026-07-02,1.269,1.079,1.501,1.186,1.359,rt,
butembo,2026-07-03,1.264,1.084,1.48,1.182,1.347,rt,
butembo,2026-07-04,1.254,1.074,1.471,1.178,1.336,rt,
butembo,2026-07-05,1.247,1.067,1.462,1.171,1.329,rt,
butembo,2026-07-06,1.244,1.058,1.474,1.165,1.334,rt,
butembo,2026-07-07,1.245,1.059,1.461,1.163,1.327,rt,
butembo,2026-07-08,1.245,1.055,1.453,1.161,1.322,rt,
butembo,2026-07-09,1.24,1.046,1.458,1.16,1.319,rt,
butembo,2026-07-10,1.236,1.054,1.436,1.163,1.315,rt,
butembo,2026-07-11,1.235,1.057,1.428,1.165,1.314,rt,
butembo,2026-07-12,1.23,1.058,1.427,1.163,1.308,rt,
butembo,2026-07-13,1.221,1.044,1.422,1.153,1.303,rt,
butembo,2026-07-14,1.215,1.049,1.408,1.15,1.295,rt,
butembo,2026-07-15,1.211,1.046,1.396,1.144,1.285,rt,
butembo,2026-07-16,1.205,1.037,1.389,1.136,1.279,rt,
butembo,2026-07-17,1.195,1.035,1.36,1.13,1.263,rt,
butembo,2026-07-18,1.186,1.032,1.349,1.122,1.249,rt,
butembo,2026-07-19,1.174,1.017,1.339,1.109,1.24,rt,
butembo,2026-07-20,1.165,1.0,1.339,1.098,1.237,rt,
butembo,2026-07-21,1.162,1.003,1.331,1.098,1.231,rt,
butembo,2026-07-22,1.159,0.999,1.328,1.095,1.229,rt,
butembo,2026-07-23,1.156,0.992,1.334,1.089,1.226,rt,
butembo,2026-07-24,1.152,0.995,1.318,1.09,1.219,rt,
butembo,2026-07-25,1.148,0.997,1.312,1.087,1.217,rt,
butembo,2026-07-26,1.144,0.987,1.313,1.08,1.216,rt,
butembo,2026-07-27,1.148,0.983,1.332,1.082,1.222,rt,
butembo,2026-07-28,1.157,0.994,1.333,1.088,1.23,rt,
butembo,2026-07-29,1.163,1.001,1.343,1.096,1.236,rt,
butembo,2026-07-30,1.17,1.006,1.357,1.103,1.249,rt,
butembo,2026-07-31,1.179,1.024,1.351,1.116,1.251,rt,
butembo,2026-08-01,1.19,1.031,1.362,1.124,1.259,rt,
butembo,2026-08-02,1.198,1.033,1.38,1.128,1.268,rt,
butembo,2026-08-03,1.207,1.034,1.404,1.132,1.28,rt,
butembo,2026-08-04,1.211,1.042,1.409,1.137,1.283,rt,
butembo,2026-08-05,1.218,1.046,1.411,1.142,1.291,rt,
butembo,2026-08-06,1.22,1.048,1.419,1.143,1.296,rt,
butembo,2026-08-07,1.234,1.073,1.428,1.165,1.315,rt,
butembo,2026-08-08,1.249,1.091,1.441,1.178,1.33,rt,
butembo,2026-08-09,1.265,1.098,1.473,1.194,1.345,rt,
butembo,2026-08-10,1.274,1.094,1.495,1.196,1.358,rt,
butembo,2026-08-11,1.274,1.1,1.491,1.201,1.351,rt,
butembo,2026-08-12,1.268,1.099,1.477,1.199,1.352,rt,
butembo,2026-08-13,1.263,1.09,1.474,1.196,1.349,rt,
butembo,2026-08-14,1.258,1.09,1.454,1.191,1.339,rt,
butembo,2026-08-15,1.249,1.084,1.443,1.184,1.33,rt,
butembo,2026-08-16,1.24,1.073,1.444,1.169,1.323,rt,
butembo,2026-08-17,1.237,1.054,1.455,1.159,1.323,rt,
butembo,2026-08-18,1.225,1.049,1.429,1.152,1.308,rt,
butembo,2026-08-19,1.213,1.039,1.407,1.142,1.293,rt,
butembo,2026-08-20,1.202,1.024,1.4,1.128,1.28,rt,
butembo,2026-08-21,1.171,1.008,1.355,1.099,1.241,rt,
butembo,2026-08-22,1.138,0.974,1.322,1.07,1.209,rt,
butembo,2026-08-23,1.111,0.94,1.295,1.037,1.181,rt,
butembo,2026-08-24,1.073,0.894,1.268,0.995,1.146,rt,
butembo,2026-08-25,1.042,0.867,1.223,0.966,1.108,rt,
butembo,2026-08-26,1.009,0.842,1.189,0.936,1.075,rt,
butembo,2026-08-27,0.977,0.816,1.154,0.906,1.043,rt,
butembo,2026-08-28,0.932,0.781,1.093,0.87,0.995,rt,
butembo,2026-08-29,0.887,0.742,1.053,0.827,0.951,rt,
butembo,2026-08-30,0.849,0.701,1.009,0.787,0.91,rt,
butembo,2026-08-31,0.797,0.641,0.964,0.73,0.86,rt,
butembo,2026-09-01,0.764,0.616,0.92,0.704,0.826,rt,
butembo,2026-09-02,0.737,0.598,0.883,0.678,0.796,rt,
butembo,2026-09-03,0.71,0.573,0.856,0.651,0.77,rt,
butembo,2026-09-04,0.69,0.556,0.827,0.636,0.749,rt,
butembo,2026-09-05,0.673,0.536,0.806,0.618,0.731,rt,
butembo,2026-09-06,0.657,0.514,0.799,0.6,0.713,rt,
butembo,2026-09-07,0.651,0.501,0.804,0.59,0.709,rt,
butembo,2026-09-08,0.659,0.515,0.806,0.6,0.716,rt,
butembo,2026-09-09,0.668,0.532,0.807,0.61,0.724,rt,
butembo,2026-09-10,0.679,0.543,0.82,0.62,0.732,rt,
butembo,2026-09-11,0.691,0.559,0.835,0.634,0.747,rt,
butembo,2026-09-12,0.706,0.57,0.862,0.651,0.766,rt,
butembo,2026-09-13,0.722,0.576,0.897,0.662,0.788,rt,
butembo,2026-09-14,0.754,0.594,0.961,0.686,0.829,rt,
butembo,2026-09-15,0.782,0.618,0.989,0.713,0.864,rt,
butembo,2026-09-16,0.813,0.638,1.024,0.739,0.904,rt,
butembo,2026-09-17,0.846,0.656,1.075,0.763,0.945,rt,
butembo,2026-09-18,0.88,0.672,1.123,0.788,0.982,rt,
butembo,2026-09-19,0.913,0.68,1.172,0.808,1.021,rt,
butembo,2026-09-20,0.942,0.688,1.236,0.829,1.066,rt,
butembo,2026-09-21,0.978,0.698,1.304,0.856,1.115,rt,
butembo,2026-09-22,1.0,0.708,1.342,0.875,1.141,rt,
butembo,2026-09-23,1.018,0.713,1.393,0.889,1.164,rt,
butembo,2026-09-24,1.035,0.718,1.43,0.901,1.189,rt,
butembo,2026-09-25,1.054,0.725,1.486,0.915,1.217,rt,
butembo,2026-09-26,1.074,0.724,1.548,0.92,1.247,rt,
butembo,2026-09-27,1.091,0.726,1.61,0.926,1.28,rt,
butembo,2026-09-28,1.084,0.699,1.641,0.916,1.288,rt,
butembo,2026-09-29,1.073,0.692,1.651,0.906,1.283,rt,
butembo,2026-09-30,1.069,0.679,1.666,0.899,1.284,rt,
butembo,2026-10-01,1.07,0.671,1.671,0.887,1.284,rt,
butembo,2026-10-02,1.052,0.647,1.677,0.868,1.268,rt,
butembo,2026-10-03,1.033,0.613,1.675,0.843,1.258,rt,
butembo,2026-10-04,1.019,0.58,1.691,0.826,1.262,rt,
butembo,2026-10-05,0.994,0.549,1.693,0.791,1.241,rt,
butembo,2026-10-06,0.987,0.544,1.682,0.794,1.222,rt,
kalunguta,2026-07-25,1.475,1.186,1.841,1.35,1.618,rt,
kalunguta,2026-07-26,1.47,1.163,1.832,1.336,1.618,rt,
kalunguta,2026-07-27,1.468,1.145,1.856,1.331,1.623,rt,
kalunguta,2026-07-28,1.474,1.164,1.861,1.342,1.624,rt,
kalunguta,2026-07-29,1.48,1.18,1.855,1.351,1.626,rt,
kalunguta,2026-07-30,1.484,1.186,1.874,1.349,1.628,rt,
kalunguta,2026-07-31,1.486,1.202,1.869,1.361,1.633,rt,
kalunguta,2026-08-01,1.496,1.206,1.873,1.367,1.636,rt,
kalunguta,2026-08-02,1.503,1.207,1.884,1.369,1.651,rt,
kalunguta,2026-08-03,1.505,1.193,1.905,1.371,1.664,rt,
kalunguta,2026-08-04,1.519,1.224,1.897,1.388,1.672,rt,
kalunguta,2026-08-05,1.528,1.241,1.892,1.407,1.674,rt,
kalunguta,2026-08-06,1.539,1.255,1.914,1.42,1.681,rt,
kalunguta,2026-08-07,1.565,1.278,1.937,1.453,1.707,rt,
kalunguta,2026-08-08,1.593,1.3,1.97,1.467,1.74,rt,
kalunguta,2026-08-09,1.62,1.318,2.011,1.487,1.777,rt,
kalunguta,2026-08-10,1.639,1.321,2.053,1.497,1.804,rt,
kalunguta,2026-08-11,1.664,1.357,2.069,1.527,1.814,rt,
kalunguta,2026-08-12,1.686,1.381,2.082,1.549,1.829,rt,
kalunguta,2026-08-13,1.704,1.395,2.107,1.567,1.85,rt,
kalunguta,2026-08-14,1.723,1.407,2.131,1.588,1.863,rt,
kalunguta,2026-08-15,1.735,1.412,2.15,1.595,1.882,rt,
kalunguta,2026-08-16,1.746,1.412,2.173,1.601,1.9,rt,
kalunguta,2026-08-17,1.766,1.416,2.217,1.61,1.931,rt,
kalunguta,2026-08-18,1.789,1.451,2.226,1.637,1.948,rt,
kalunguta,2026-08-19,1.808,1.481,2.229,1.649,1.969,rt,
kalunguta,2026-08-20,1.83,1.493,2.265,1.667,1.994,rt,
kalunguta,2026-08-21,1.822,1.499,2.257,1.665,1.984,rt,
kalunguta,2026-08-22,1.811,1.481,2.262,1.663,1.98,rt,
kalunguta,2026-08-23,1.801,1.462,2.275,1.652,1.976,rt,
kalunguta,2026-08-24,1.779,1.422,2.284,1.623,1.965,rt,
kalunguta,2026-08-25,1.753,1.412,2.224,1.607,1.921,rt,
kalunguta,2026-08-26,1.734,1.388,2.166,1.589,1.883,rt,
kalunguta,2026-08-27,1.705,1.371,2.132,1.566,1.854,rt,
kalunguta,2026-08-28,1.652,1.331,2.054,1.526,1.798,rt,
kalunguta,2026-08-29,1.603,1.302,1.985,1.481,1.747,rt,
kalunguta,2026-08-30,1.553,1.255,1.945,1.432,1.694,rt,
kalunguta,2026-08-31,1.481,1.186,1.879,1.357,1.623,rt,
kalunguta,2026-09-01,1.41,1.136,1.77,1.295,1.537,rt,
kalunguta,2026-09-02,1.341,1.085,1.667,1.234,1.464,rt,
kalunguta,2026-09-03,1.281,1.031,1.584,1.174,1.396,rt,
kalunguta,2026-09-04,1.234,0.995,1.513,1.134,1.345,rt,
kalunguta,2026-09-05,1.187,0.956,1.458,1.09,1.297,rt,
kalunguta,2026-09-06,1.144,0.914,1.415,1.05,1.253,rt,
kalunguta,2026-09-07,1.12,0.877,1.404,1.023,1.234,rt,
kalunguta,2026-09-08,1.102,0.875,1.365,1.011,1.206,rt,
kalunguta,2026-09-09,1.086,0.87,1.339,0.999,1.187,rt,
kalunguta,2026-09-10,1.069,0.856,1.326,0.984,1.169,rt,
kalunguta,2026-09-11,1.064,0.858,1.308,0.978,1.161,rt,
kalunguta,2026-09-12,1.057,0.854,1.301,0.97,1.154,rt,
kalunguta,2026-09-13,1.052,0.841,1.302,0.957,1.15,rt,
kalunguta,2026-09-14,1.07,0.845,1.34,0.967,1.176,rt,
kalunguta,2026-09-15,1.09,0.866,1.349,0.982,1.194,rt,
kalunguta,2026-09-16,1.105,0.873,1.378,0.998,1.208,rt,
kalunguta,2026-09-17,1.122,0.878,1.395,1.01,1.229,rt,
kalunguta,2026-09-18,1.135,0.883,1.427,1.024,1.246,rt,
kalunguta,2026-09-19,1.144,0.883,1.46,1.031,1.265,rt,
kalunguta,2026-09-20,1.15,0.879,1.495,1.033,1.284,rt,
kalunguta,2026-09-21,1.167,0.867,1.552,1.036,1.312,rt,
kalunguta,2026-09-22,1.181,0.88,1.586,1.048,1.329,rt,
kalunguta,2026-09-23,1.194,0.887,1.625,1.056,1.351,rt,
kalunguta,2026-09-24,1.206,0.889,1.676,1.067,1.375,rt,
kalunguta,2026-09-25,1.225,0.888,1.713,1.074,1.394,rt,
kalunguta,2026-09-26,1.242,0.88,1.76,1.08,1.422,rt,
kalunguta,2026-09-27,1.25,0.867,1.82,1.081,1.452,rt,
kalunguta,2026-09-28,1.24,0.835,1.833,1.056,1.453,rt,
kalunguta,2026-09-29,1.233,0.82,1.829,1.048,1.452,rt,
kalunguta,2026-09-30,1.224,0.808,1.815,1.036,1.445,rt,
kalunguta,2026-10-01,1.215,0.8,1.823,1.028,1.442,rt,
kalunguta,2026-10-02,1.195,0.761,1.816,1.006,1.413,rt,
kalunguta,2026-10-03,1.169,0.716,1.83,0.973,1.388,rt,
kalunguta,2026-10-04,1.145,0.677,1.837,0.947,1.376,rt,
kalunguta,2026-10-05,1.109,0.635,1.864,0.901,1.365,rt,
kalunguta,2026-10-06,1.084,0.628,1.784,0.881,1.339,rt,
katwa,2026-05-24,3.044,2.295,4.341,2.704,3.456,rt,
katwa,2026-05-25,2.947,2.218,4.154,2.617,3.336,rt,
katwa,2026-05-26,2.857,2.172,3.972,2.546,3.208,rt,
katwa,2026-05-27,2.772,2.115,3.816,2.481,3.098,rt,
katwa,2026-05-28,2.681,2.061,3.686,2.415,2.998,rt,
katwa,2026-05-29,2.581,2.01,3.525,2.327,2.87,rt,
katwa,2026-05-30,2.482,1.942,3.351,2.244,2.757,rt,
katwa,2026-05-31,2.395,1.883,3.215,2.166,2.659,rt,
katwa,2026-06-01,2.322,1.821,3.097,2.091,2.568,rt,
katwa,2026-06-02,2.25,1.774,2.964,2.025,2.48,rt,
katwa,2026-06-03,2.182,1.728,2.843,1.962,2.411,rt,
katwa,2026-06-04,2.117,1.677,2.769,1.913,2.335,rt,
katwa,2026-06-05,2.044,1.639,2.643,1.859,2.249,rt,
katwa,2026-06-06,1.975,1.598,2.521,1.806,2.174,rt,
katwa,2026-06-07,1.911,1.561,2.415,1.754,2.096,rt,
katwa,2026-06-08,1.861,1.521,2.337,1.705,2.046,rt,
katwa,2026-06-09,1.816,1.493,2.275,1.67,1.99,rt,
katwa,2026-06-10,1.77,1.462,2.212,1.636,1.934,rt,
katwa,2026-06-11,1.727,1.424,2.154,1.596,1.885,rt,
katwa,2026-06-12,1.679,1.405,2.065,1.562,1.824,rt,
katwa,2026-06-13,1.637,1.382,1.989,1.529,1.773,rt,
katwa,2026-06-14,1.595,1.356,1.926,1.494,1.726,rt,
katwa,2026-06-15,1.568,1.344,1.888,1.468,1.702,rt,
katwa,2026-06-16,1.546,1.322,1.846,1.447,1.673,rt,
katwa,2026-06-17,1.524,1.293,1.818,1.424,1.646,rt,
katwa,2026-06-18,1.501,1.265,1.795,1.401,1.623,rt,
katwa,2026-06-19,1.475,1.253,1.742,1.382,1.582,rt,
katwa,2026-06-20,1.45,1.24,1.707,1.362,1.551,rt,
katwa,2026-06-21,1.421,1.219,1.67,1.336,1.522,rt,
katwa,2026-06-22,1.42,1.211,1.67,1.333,1.523,rt,
katwa,2026-06-23,1.421,1.212,1.655,1.333,1.518,rt,
katwa,2026-06-24,1.417,1.211,1.656,1.331,1.514,rt,
katwa,2026-06-25,1.416,1.206,1.654,1.327,1.512,rt,
katwa,2026-06-26,1.417,1.222,1.639,1.336,1.509,rt,
katwa,2026-06-27,1.419,1.234,1.643,1.339,1.509,rt,
katwa,2026-06-28,1.419,1.238,1.64,1.34,1.507,rt,
katwa,2026-06-29,1.402,1.219,1.627,1.322,1.486,rt,
katwa,2026-06-30,1.388,1.208,1.608,1.307,1.466,rt,
katwa,2026-07-01,1.372,1.194,1.59,1.294,1.449,rt,
katwa,2026-07-02,1.356,1.178,1.577,1.278,1.437,rt,
katwa,2026-07-03,1.343,1.18,1.547,1.272,1.419,rt,
katwa,2026-07-04,1.33,1.173,1.529,1.261,1.405,rt,
katwa,2026-07-05,1.318,1.159,1.525,1.252,1.392,rt,
katwa,2026-07-06,1.313,1.148,1.526,1.244,1.388,rt,
katwa,2026-07-07,1.312,1.147,1.529,1.243,1.386,rt,
katwa,2026-07-08,1.309,1.139,1.525,1.238,1.384,rt,
katwa,2026-07-09,1.303,1.136,1.533,1.234,1.383,rt,
katwa,2026-07-10,1.302,1.145,1.512,1.239,1.379,rt,
katwa,2026-07-11,1.303,1.148,1.497,1.238,1.379,rt,
katwa,2026-07-12,1.3,1.146,1.486,1.237,1.377,rt,
katwa,2026-07-13,1.291,1.133,1.479,1.226,1.369,rt,
katwa,2026-07-14,1.287,1.131,1.471,1.223,1.365,rt,
katwa,2026-07-15,1.282,1.127,1.465,1.218,1.363,rt,
katwa,2026-07-16,1.277,1.117,1.466,1.208,1.358,rt,
katwa,2026-07-17,1.268,1.121,1.442,1.206,1.341,rt,
katwa,2026-07-18,1.259,1.121,1.426,1.199,1.329,rt,
katwa,2026-07-19,1.251,1.108,1.42,1.188,1.317,rt,
katwa,2026-07-20,1.243,1.096,1.416,1.176,1.31,rt,
katwa,2026-07-21,1.235,1.09,1.402,1.17,1.301,rt,
katwa,2026-07-22,1.225,1.082,1.394,1.163,1.295,rt,
katwa,2026-07-23,1.215,1.069,1.391,1.155,1.288,rt,
katwa,2026-07-24,1.207,1.069,1.37,1.15,1.273,rt,
katwa,2026-07-25,1.198,1.062,1.357,1.141,1.262,rt,
katwa,2026-07-26,1.191,1.051,1.346,1.13,1.251,rt,
katwa,2026-07-27,1.19,1.043,1.353,1.127,1.255,rt,
katwa,2026-07-28,1.184,1.04,1.345,1.122,1.249,rt,
katwa,2026-07-29,1.178,1.036,1.34,1.117,1.247,rt,
katwa,2026-07-30,1.175,1.027,1.343,1.111,1.24,rt,
katwa,2026-07-31,1.173,1.032,1.327,1.112,1.234,rt,
katwa,2026-08-01,1.169,1.033,1.319,1.111,1.229,rt,
katwa,2026-08-02,1.165,1.03,1.319,1.107,1.222,rt,
katwa,2026-08-03,1.158,1.014,1.323,1.101,1.222,rt,
katwa,2026-08-04,1.153,1.011,1.312,1.095,1.215,rt,
katwa,2026-08-05,1.145,1.006,1.309,1.088,1.214,rt,
katwa,2026-08-06,1.138,1.002,1.305,1.079,1.208,rt,
katwa,2026-08-07,1.146,1.015,1.293,1.089,1.207,rt,
katwa,2026-08-08,1.148,1.021,1.294,1.093,1.211,rt,
katwa,2026-08-09,1.154,1.021,1.3,1.096,1.211,rt,
katwa,2026-08-10,1.149,1.013,1.304,1.092,1.21,rt,
katwa,2026-08-11,1.146,1.012,1.293,1.092,1.206,rt,
katwa,2026-08-12,1.142,1.005,1.29,1.088,1.203,rt,
katwa,2026-08-13,1.138,1.001,1.293,1.08,1.196,rt,
katwa,2026-08-14,1.13,0.999,1.275,1.074,1.184,rt,
katwa,2026-08-15,1.121,0.99,1.262,1.068,1.173,rt,
katwa,2026-08-16,1.111,0.975,1.256,1.055,1.165,rt,
katwa,2026-08-17,1.102,0.96,1.266,1.044,1.164,rt,
katwa,2026-08-18,1.094,0.955,1.254,1.037,1.155,rt,
katwa,2026-08-19,1.086,0.947,1.246,1.026,1.148,rt,
katwa,2026-08-20,1.075,0.931,1.237,1.016,1.139,rt,
katwa,2026-08-21,1.05,0.913,1.2,0.994,1.109,rt,
katwa,2026-08-22,1.026,0.891,1.176,0.967,1.085,rt,
katwa,2026-08-23,1.004,0.86,1.159,0.941,1.063,rt,
katwa,2026-08-24,0.97,0.817,1.139,0.906,1.036,rt,
katwa,2026-08-25,0.939,0.798,1.098,0.879,1.006,rt,
katwa,2026-08-26,0.909,0.774,1.067,0.852,0.974,rt,
katwa,2026-08-27,0.882,0.744,1.039,0.821,0.945,rt,
katwa,2026-08-28,0.842,0.709,0.985,0.788,0.901,rt,
katwa,2026-08-29,0.806,0.676,0.944,0.751,0.86,rt,
katwa,2026-08-30,0.771,0.636,0.906,0.714,0.825,rt,
katwa,2026-08-31,0.723,0.583,0.866,0.663,0.78,rt,
katwa,2026-09-01,0.691,0.566,0.832,0.637,0.747,rt,
katwa,2026-09-02,0.665,0.546,0.802,0.613,0.718,rt,
katwa,2026-09-03,0.639,0.525,0.773,0.59,0.692,rt,
katwa,2026-09-04,0.621,0.509,0.745,0.575,0.671,rt,
katwa,2026-09-05,0.605,0.492,0.728,0.557,0.653,rt,
katwa,2026-09-06,0.59,0.475,0.716,0.541,0.641,rt,
katwa,2026-09-07,0.582,0.461,0.717,0.532,0.638,rt,
katwa,2026-09-08,0.59,0.476,0.722,0.542,0.645,rt,
katwa,2026-09-09,0.599,0.486,0.733,0.552,0.653,rt,
katwa,2026-09-10,0.609,0.493,0.742,0.561,0.663,rt,
katwa,2026-09-11,0.624,0.507,0.757,0.575,0.679,rt,
katwa,2026-09-12,0.642,0.518,0.782,0.591,0.694,rt,
katwa,2026-09-13,0.657,0.52,0.813,0.602,0.713,rt,
katwa,2026-09-14,0.687,0.535,0.861,0.625,0.753,rt,
katwa,2026-09-15,0.715,0.568,0.892,0.652,0.786,rt,
katwa,2026-09-16,0.744,0.594,0.93,0.679,0.819,rt,
katwa,2026-09-17,0.776,0.612,0.978,0.703,0.86,rt,
katwa,2026-09-18,0.804,0.627,1.025,0.73,0.899,rt,
katwa,2026-09-19,0.833,0.634,1.074,0.752,0.934,rt,
katwa,2026-09-20,0.864,0.644,1.133,0.773,0.972,rt,
katwa,2026-09-21,0.902,0.658,1.212,0.797,1.019,rt,
katwa,2026-09-22,0.92,0.669,1.241,0.814,1.046,rt,
katwa,2026-09-23,0.94,0.676,1.286,0.825,1.07,rt,
katwa,2026-09-24,0.958,0.684,1.33,0.841,1.096,rt,
katwa,2026-09-25,0.977,0.692,1.377,0.85,1.119,rt,
katwa,2026-09-26,0.998,0.69,1.427,0.862,1.147,rt,
katwa,2026-09-27,1.018,0.683,1.479,0.873,1.185,rt,
katwa,2026-09-28,1.013,0.664,1.506,0.857,1.193,rt,
katwa,2026-09-29,1.014,0.655,1.503,0.85,1.192,rt,
katwa,2026-09-30,1.011,0.646,1.533,0.846,1.193,rt,
katwa,2026-10-01,1.01,0.637,1.555,0.84,1.198,rt,
katwa,2026-10-02,0.993,0.613,1.544,0.824,1.186,rt,
katwa,2026-10-03,0.981,0.585,1.563,0.802,1.186,rt,
katwa,2026-10-04,0.969,0.559,1.583,0.779,1.179,rt,
katwa,2026-10-05,0.944,0.529,1.585,0.745,1.169,rt,
katwa,2026-10-06,0.958,0.527,1.579,0.756,1.159,rt,
kayna,2026-09-26,1.226,0.93,1.581,1.101,1.365,rt,
kayna,2026-09-27,1.242,0.925,1.629,1.103,1.395,rt,
kayna,2026-09-28,1.235,0.896,1.641,1.089,1.391,rt,
kayna,2026-09-29,1.231,0.88,1.66,1.08,1.388,rt,
kayna,2026-09-30,1.223,0.863,1.679,1.065,1.39,rt,
kayna,2026-10-01,1.215,0.846,1.697,1.055,1.387,rt,
kayna,2026-10-02,1.197,0.812,1.689,1.021,1.378,rt,
kayna,2026-10-03,1.17,0.778,1.713,0.994,1.364,rt,
kayna,2026-10-04,1.15,0.743,1.728,0.971,1.363,rt,
kayna,2026-10-05,1.112,0.695,1.727,0.925,1.347,rt,
kayna,2026-10-06,1.107,0.701,1.655,0.93,1.314,rt,
kyondo,2026-07-01,1.275,0.946,1.715,1.135,1.433,rt,
kyondo,2026-07-02,1.254,0.936,1.663,1.12,1.407,rt,
kyondo,2026-07-03,1.233,0.93,1.638,1.107,1.382,rt,
kyondo,2026-07-04,1.215,0.915,1.625,1.093,1.361,rt,
kyondo,2026-07-05,1.197,0.902,1.613,1.074,1.34,rt,
kyondo,2026-07-06,1.182,0.881,1.631,1.058,1.334,rt,
kyondo,2026-07-07,1.178,0.89,1.595,1.06,1.314,rt,
kyondo,2026-07-08,1.169,0.895,1.551,1.051,1.305,rt,
kyondo,2026-07-09,1.16,0.886,1.528,1.042,1.296,rt,
kyondo,2026-07-10,1.155,0.882,1.501,1.037,1.29,rt,
kyondo,2026-07-11,1.151,0.877,1.479,1.035,1.287,rt,
kyondo,2026-07-12,1.147,0.858,1.475,1.021,1.288,rt,
kyondo,2026-07-13,1.134,0.829,1.477,1.008,1.282,rt,
kyondo,2026-07-14,1.126,0.831,1.444,1.003,1.263,rt,
kyondo,2026-07-15,1.12,0.844,1.418,0.997,1.243,rt,
kyondo,2026-07-16,1.108,0.839,1.416,0.992,1.232,rt,
kyondo,2026-07-17,1.096,0.834,1.397,0.985,1.214,rt,
kyondo,2026-07-18,1.083,0.826,1.382,0.977,1.198,rt,
kyondo,2026-07-19,1.07,0.804,1.377,0.962,1.188,rt,
kyondo,2026-07-20,1.061,0.786,1.382,0.946,1.181,rt,
kyondo,2026-07-21,1.055,0.797,1.358,0.951,1.169,rt,
kyondo,2026-07-22,1.051,0.804,1.333,0.949,1.16,rt,
kyondo,2026-07-23,1.048,0.802,1.324,0.943,1.151,rt,
kyondo,2026-07-24,1.037,0.805,1.318,0.94,1.143,rt,
kyondo,2026-07-25,1.033,0.788,1.315,0.936,1.137,rt,
kyondo,2026-07-26,1.025,0.774,1.324,0.926,1.134,rt,
kyondo,2026-07-27,1.028,0.768,1.343,0.923,1.146,rt,
kyondo,2026-07-28,1.039,0.788,1.339,0.933,1.145,rt,
kyondo,2026-07-29,1.046,0.8,1.344,0.94,1.152,rt,
kyondo,2026-07-30,1.049,0.809,1.353,0.942,1.158,rt,
kyondo,2026-07-31,1.058,0.823,1.353,0.955,1.169,rt,
kyondo,2026-08-01,1.067,0.819,1.368,0.962,1.178,rt,
kyondo,2026-08-02,1.076,0.821,1.385,0.969,1.189,rt,
kyondo,2026-08-03,1.087,0.815,1.411,0.973,1.206,rt,
kyondo,2026-08-04,1.104,0.835,1.407,0.996,1.219,rt,
kyondo,2026-08-05,1.12,0.865,1.414,1.02,1.233,rt,
kyondo,2026-08-06,1.138,0.891,1.427,1.039,1.251,rt,
kyondo,2026-08-07,1.169,0.92,1.454,1.063,1.284,rt,
kyondo,2026-08-08,1.203,0.941,1.504,1.091,1.315,rt,
kyondo,2026-08-09,1.236,0.952,1.559,1.111,1.35,rt,
kyondo,2026-08-10,1.256,0.955,1.606,1.124,1.387,rt,
kyondo,2026-08-11,1.289,1.002,1.627,1.158,1.411,rt,
kyondo,2026-08-12,1.32,1.032,1.657,1.193,1.443,rt,
kyondo,2026-08-13,1.35,1.059,1.688,1.223,1.475,rt,
kyondo,2026-08-14,1.378,1.089,1.725,1.253,1.508,rt,
kyondo,2026-08-15,1.403,1.105,1.769,1.268,1.544,rt,
kyondo,2026-08-16,1.427,1.118,1.828,1.284,1.585,rt,
kyondo,2026-08-17,1.459,1.123,1.907,1.301,1.635,rt,
kyondo,2026-08-18,1.479,1.153,1.897,1.325,1.648,rt,
kyondo,2026-08-19,1.493,1.172,1.92,1.344,1.656,rt,
kyondo,2026-08-20,1.511,1.178,1.941,1.36,1.67,rt,
kyondo,2026-08-21,1.503,1.176,1.933,1.36,1.655,rt,
kyondo,2026-08-22,1.499,1.164,1.942,1.354,1.657,rt,
kyondo,2026-08-23,1.488,1.152,1.96,1.336,1.66,rt,
kyondo,2026-08-24,1.467,1.118,1.973,1.308,1.646,rt,
kyondo,2026-08-25,1.43,1.096,1.885,1.279,1.586,rt,
kyondo,2026-08-26,1.388,1.073,1.803,1.239,1.534,rt,
kyondo,2026-08-27,1.344,1.039,1.733,1.199,1.486,rt,
kyondo,2026-08-28,1.279,0.996,1.649,1.144,1.42,rt,
kyondo,2026-08-29,1.226,0.951,1.577,1.099,1.358,rt,
kyondo,2026-08-30,1.17,0.902,1.519,1.046,1.296,rt,
kyondo,2026-08-31,1.095,0.828,1.447,0.977,1.223,rt,
kyondo,2026-09-01,1.036,0.794,1.357,0.929,1.153,rt,
kyondo,2026-09-02,0.984,0.758,1.276,0.882,1.093,rt,
kyondo,2026-09-03,0.935,0.722,1.22,0.841,1.042,rt,
kyondo,2026-09-04,0.898,0.693,1.166,0.804,0.995,rt,
kyondo,2026-09-05,0.864,0.661,1.115,0.77,0.957,rt,
kyondo,2026-09-06,0.829,0.623,1.076,0.742,0.923,rt,
kyondo,2026-09-07,0.808,0.59,1.066,0.72,0.908,rt,
kyondo,2026-09-08,0.805,0.596,1.051,0.72,0.901,rt,
kyondo,2026-09-09,0.799,0.597,1.048,0.716,0.898,rt,
kyondo,2026-09-10,0.795,0.594,1.043,0.713,0.894,rt,
kyondo,2026-09-11,0.8,0.6,1.046,0.714,0.897,rt,
kyondo,2026-09-12,0.803,0.6,1.054,0.716,0.9,rt,
kyondo,2026-09-13,0.808,0.599,1.072,0.713,0.907,rt,
kyondo,2026-09-14,0.827,0.598,1.122,0.725,0.94,rt,
kyondo,2026-09-15,0.851,0.619,1.138,0.75,0.962,rt,
kyondo,2026-09-16,0.876,0.634,1.174,0.773,0.989,rt,
kyondo,2026-09-17,0.9,0.654,1.209,0.789,1.021,rt,
kyondo,2026-09-18,0.921,0.665,1.254,0.81,1.048,rt,
kyondo,2026-09-19,0.943,0.671,1.302,0.829,1.075,rt,
kyondo,2026-09-20,0.965,0.675,1.368,0.844,1.11,rt,
kyondo,2026-09-21,0.994,0.677,1.447,0.861,1.154,rt,
kyondo,2026-09-22,1.013,0.695,1.474,0.879,1.181,rt,
kyondo,2026-09-23,1.035,0.708,1.519,0.891,1.208,rt,
kyondo,2026-09-24,1.053,0.717,1.562,0.902,1.238,rt,
kyondo,2026-09-25,1.07,0.724,1.608,0.91,1.271,rt,
kyondo,2026-09-26,1.094,0.719,1.667,0.918,1.304,rt,
kyondo,2026-09-27,1.113,0.713,1.732,0.922,1.337,rt,
kyondo,2026-09-28,1.108,0.69,1.756,0.917,1.347,rt,
kyondo,2026-09-29,1.107,0.682,1.766,0.907,1.342,rt,
kyondo,2026-09-30,1.103,0.682,1.797,0.899,1.334,rt,
kyondo,2026-10-01,1.106,0.666,1.811,0.892,1.335,rt,
kyondo,2026-10-02,1.087,0.648,1.833,0.867,1.325,rt,
kyondo,2026-10-03,1.062,0.616,1.857,0.849,1.315,rt,
kyondo,2026-10-04,1.044,0.596,1.924,0.826,1.309,rt,
kyondo,2026-10-05,1.015,0.563,1.934,0.793,1.302,rt,
kyondo,2026-10-06,1.014,0.545,1.887,0.785,1.298,rt,
lubero,2026-08-17,1.615,1.431,1.845,1.537,1.706,rt,
lubero,2026-08-18,1.629,1.438,1.858,1.544,1.722,rt,
lubero,2026-08-19,1.638,1.434,1.876,1.551,1.735,rt,
lubero,2026-08-20,1.648,1.434,1.9,1.551,1.744,rt,
lubero,2026-08-21,1.633,1.434,1.872,1.544,1.722,rt,
lubero,2026-08-22,1.616,1.426,1.847,1.531,1.702,rt,
lubero,2026-08-23,1.596,1.411,1.828,1.514,1.687,rt,
lubero,2026-08-24,1.57,1.38,1.795,1.488,1.663,rt,
lubero,2026-08-25,1.535,1.348,1.76,1.457,1.628,rt,
lubero,2026-08-26,1.503,1.314,1.718,1.423,1.594,rt,
lubero,2026-08-27,1.467,1.279,1.692,1.388,1.559,rt,
lubero,2026-08-28,1.415,1.244,1.624,1.344,1.496,rt,
lubero,2026-08-29,1.365,1.208,1.564,1.297,1.436,rt,
lubero,2026-08-30,1.314,1.164,1.511,1.253,1.382,rt,
lubero,2026-08-31,1.246,1.096,1.437,1.186,1.312,rt,
lubero,2026-09-01,1.189,1.045,1.37,1.129,1.253,rt,
lubero,2026-09-02,1.136,0.994,1.307,1.076,1.2,rt,
lubero,2026-09-03,1.087,0.948,1.256,1.026,1.152,rt,
lubero,2026-09-04,1.051,0.926,1.197,0.996,1.108,rt,
lubero,2026-09-05,1.015,0.9,1.15,0.964,1.073,rt,
lubero,2026-09-06,0.98,0.862,1.112,0.933,1.039,rt,
lubero,2026-09-07,0.965,0.834,1.102,0.915,1.02,rt,
lubero,2026-09-08,0.959,0.831,1.098,0.908,1.013,rt,
lubero,2026-09-09,0.952,0.826,1.096,0.901,1.005,rt,
lubero,2026-09-10,0.947,0.815,1.093,0.893,0.999,rt,
lubero,2026-09-11,0.949,0.827,1.08,0.899,0.997,rt,
lubero,2026-09-12,0.95,0.83,1.08,0.901,0.997,rt,
lubero,2026-09-13,0.954,0.828,1.082,0.901,1.0,rt,
lubero,2026-09-14,0.976,0.84,1.119,0.919,1.027,rt,
lubero,2026-09-15,0.997,0.855,1.15,0.938,1.053,rt,
lubero,2026-09-16,1.018,0.866,1.188,0.954,1.082,rt,
lubero,2026-09-17,1.038,0.869,1.227,0.969,1.108,rt,
lubero,2026-09-18,1.057,0.888,1.246,0.989,1.13,rt,
lubero,2026-09-19,1.077,0.895,1.279,1.003,1.156,rt,
lubero,2026-09-20,1.093,0.895,1.315,1.015,1.18,rt,
lubero,2026-09-21,1.117,0.901,1.362,1.031,1.208,rt,
lubero,2026-09-22,1.133,0.908,1.406,1.042,1.236,rt,
lubero,2026-09-23,1.151,0.911,1.448,1.053,1.264,rt,
lubero,2026-09-24,1.169,0.91,1.478,1.057,1.29,rt,
lubero,2026-09-25,1.185,0.914,1.52,1.072,1.315,rt,
lubero,2026-09-26,1.204,0.907,1.559,1.078,1.343,rt,
lubero,2026-09-27,1.22,0.906,1.61,1.084,1.367,rt,
lubero,2026-09-28,1.215,0.878,1.615,1.068,1.368,rt,
lubero,2026-09-29,1.21,0.859,1.635,1.055,1.368,rt,
lubero,2026-09-30,1.201,0.841,1.652,1.044,1.365,rt,
lubero,2026-10-01,1.195,0.827,1.674,1.034,1.364,rt,
lubero,2026-10-02,1.172,0.799,1.67,1.003,1.352,rt,
lubero,2026-10-03,1.15,0.763,1.69,0.974,1.34,rt,
lubero,2026-10-04,1.126,0.727,1.701,0.948,1.332,rt,
lubero,2026-10-05,1.092,0.679,1.695,0.903,1.325,rt,
lubero,2026-10-06,1.084,0.68,1.625,0.91,1.289,rt,
mabalako,2026-08-15,2.105,1.689,2.738,1.911,2.329,rt,
mabalako,2026-08-16,2.12,1.66,2.798,1.918,2.361,rt,
mabalako,2026-08-17,2.142,1.651,2.85,1.93,2.402,rt,
mabalako,2026-08-18,2.164,1.683,2.82,1.956,2.405,rt,
mabalako,2026-08-19,2.183,1.711,2.835,1.971,2.412,rt,
mabalako,2026-08-20,2.193,1.722,2.831,1.982,2.42,rt,
mabalako,2026-08-21,2.171,1.714,2.795,1.978,2.395,rt,
mabalako,2026-08-22,2.156,1.705,2.805,1.965,2.387,rt,
mabalako,2026-08-23,2.139,1.68,2.826,1.934,2.373,rt,
mabalako,2026-08-24,2.103,1.629,2.817,1.891,2.347,rt,
mabalako,2026-08-25,2.082,1.616,2.732,1.866,2.306,rt,
mabalako,2026-08-26,2.04,1.605,2.67,1.835,2.27,rt,
mabalako,2026-08-27,2.001,1.585,2.619,1.811,2.241,rt,
mabalako,2026-08-28,1.944,1.546,2.516,1.764,2.163,rt,
mabalako,2026-08-29,1.883,1.495,2.462,1.706,2.094,rt,
mabalako,2026-08-30,1.828,1.431,2.42,1.65,2.035,rt,
mabalako,2026-08-31,1.745,1.333,2.347,1.568,1.96,rt,
mabalako,2026-09-01,1.672,1.296,2.198,1.508,1.856,rt,
mabalako,2026-09-02,1.607,1.254,2.069,1.455,1.765,rt,
mabalako,2026-09-03,1.543,1.214,1.961,1.404,1.697,rt,
mabalako,2026-09-04,1.492,1.181,1.896,1.361,1.653,rt,
mabalako,2026-09-05,1.446,1.137,1.858,1.319,1.606,rt,
mabalako,2026-09-06,1.407,1.092,1.809,1.271,1.565,rt,
mabalako,2026-09-07,1.388,1.052,1.826,1.235,1.55,rt,
mabalako,2026-09-08,1.372,1.052,1.781,1.235,1.526,rt,
mabalako,2026-09-09,1.359,1.054,1.755,1.23,1.512,rt,
mabalako,2026-09-10,1.346,1.05,1.745,1.22,1.501,rt,
mabalako,2026-09-11,1.35,1.065,1.731,1.223,1.494,rt,
mabalako,2026-09-12,1.35,1.058,1.736,1.22,1.5,rt,
mabalako,2026-09-13,1.351,1.038,1.746,1.212,1.502,rt,
mabalako,2026-09-14,1.382,1.036,1.811,1.224,1.54,rt,
mabalako,2026-09-15,1.4,1.059,1.825,1.25,1.559,rt,
mabalako,2026-09-16,1.419,1.074,1.844,1.268,1.577,rt,
mabalako,2026-09-17,1.432,1.076,1.88,1.276,1.601,rt,
mabalako,2026-09-18,1.444,1.078,1.92,1.279,1.626,rt,
mabalako,2026-09-19,1.456,1.072,1.968,1.279,1.647,rt,
mabalako,2026-09-20,1.468,1.063,2.006,1.283,1.669,rt,
mabalako,2026-09-21,1.485,1.049,2.075,1.286,1.698,rt,
mabalako,2026-09-22,1.497,1.056,2.078,1.299,1.719,rt,
mabalako,2026-09-23,1.511,1.048,2.126,1.308,1.736,rt,
mabalako,2026-09-24,1.519,1.04,2.191,1.309,1.754,rt,
mabalako,2026-09-25,1.53,1.023,2.231,1.31,1.775,rt,
mabalako,2026-09-26,1.536,1.01,2.267,1.298,1.799,rt,
mabalako,2026-09-27,1.539,1.005,2.356,1.296,1.827,rt,
mabalako,2026-09-28,1.516,0.966,2.38,1.257,1.824,rt,
mabalako,2026-09-29,1.502,0.948,2.332,1.241,1.804,rt,
mabalako,2026-09-30,1.486,0.925,2.332,1.218,1.78,rt,
mabalako,2026-10-01,1.472,0.897,2.312,1.19,1.773,rt,
mabalako,2026-10-02,1.434,0.851,2.278,1.15,1.744,rt,
mabalako,2026-10-03,1.397,0.813,2.313,1.116,1.715,rt,
mabalako,2026-10-04,1.359,0.761,2.377,1.071,1.688,rt,
mabalako,2026-10-05,1.306,0.708,2.375,1.009,1.673,rt,
mabalako,2026-10-06,1.229,0.662,2.241,0.958,1.597,rt,
manguredjipa,2026-08-22,1.561,1.368,1.782,1.477,1.648,rt,
manguredjipa,2026-08-23,1.548,1.358,1.767,1.464,1.632,rt,
manguredjipa,2026-08-24,1.519,1.333,1.743,1.438,1.609,rt,
manguredjipa,2026-08-25,1.486,1.3,1.704,1.409,1.576,rt,
manguredjipa,2026-08-26,1.453,1.266,1.678,1.377,1.541,rt,
manguredjipa,2026-08-27,1.423,1.236,1.644,1.34,1.51,rt,
manguredjipa,2026-08-28,1.371,1.208,1.577,1.301,1.447,rt,
manguredjipa,2026-08-29,1.323,1.166,1.514,1.256,1.393,rt,
manguredjipa,2026-08-30,1.274,1.124,1.458,1.21,1.343,rt,
manguredjipa,2026-08-31,1.206,1.056,1.391,1.141,1.273,rt,
manguredjipa,2026-09-01,1.15,1.006,1.321,1.088,1.213,rt,
manguredjipa,2026-09-02,1.099,0.96,1.261,1.036,1.163,rt,
manguredjipa,2026-09-03,1.052,0.912,1.21,0.988,1.114,rt,
manguredjipa,2026-09-04,1.015,0.891,1.154,0.958,1.072,rt,
manguredjipa,2026-09-05,0.98,0.864,1.111,0.927,1.035,rt,
manguredjipa,2026-09-06,0.947,0.828,1.081,0.896,1.002,rt,
manguredjipa,2026-09-07,0.929,0.801,1.065,0.878,0.988,rt,
manguredjipa,2026-09-08,0.923,0.796,1.056,0.872,0.979,rt,
manguredjipa,2026-09-09,0.918,0.792,1.053,0.866,0.973,rt,
manguredjipa,2026-09-10,0.911,0.784,1.052,0.86,0.966,rt,
manguredjipa,2026-09-11,0.914,0.792,1.038,0.866,0.961,rt,
manguredjipa,2026-09-12,0.916,0.797,1.039,0.871,0.961,rt,
manguredjipa,2026-09-13,0.917,0.8,1.04,0.871,0.962,rt,
manguredjipa,2026-09-14,0.938,0.808,1.074,0.887,0.987,rt,
manguredjipa,2026-09-15,0.96,0.825,1.106,0.906,1.014,rt,
manguredjipa,2026-09-16,0.981,0.837,1.139,0.92,1.041,rt,
manguredjipa,2026-09-17,0.999,0.843,1.177,0.935,1.07,rt,
manguredjipa,2026-09-18,1.018,0.857,1.202,0.952,1.089,rt,
manguredjipa,2026-09-19,1.034,0.864,1.236,0.969,1.113,rt,
manguredjipa,2026-09-20,1.056,0.866,1.27,0.977,1.138,rt,
manguredjipa,2026-09-21,1.077,0.872,1.311,0.991,1.166,rt,
manguredjipa,2026-09-22,1.095,0.877,1.356,1.003,1.19,rt,
manguredjipa,2026-09-23,1.113,0.882,1.398,1.014,1.217,rt,
manguredjipa,2026-09-24,1.131,0.878,1.433,1.023,1.241,rt,
manguredjipa,2026-09-25,1.147,0.883,1.469,1.027,1.264,rt,
manguredjipa,2026-09-26,1.166,0.877,1.515,1.04,1.29,rt,
manguredjipa,2026-09-27,1.18,0.869,1.557,1.048,1.319,rt,
manguredjipa,2026-09-28,1.172,0.842,1.567,1.028,1.317,rt,
manguredjipa,2026-09-29,1.164,0.824,1.579,1.019,1.316,rt,
manguredjipa,2026-09-30,1.155,0.805,1.6,1.002,1.318,rt,
manguredjipa,2026-10-01,1.15,0.788,1.616,0.993,1.317,rt,
manguredjipa,2026-10-02,1.128,0.766,1.608,0.964,1.301,rt,
manguredjipa,2026-10-03,1.105,0.728,1.632,0.936,1.289,rt,
manguredjipa,2026-10-04,1.084,0.692,1.624,0.911,1.286,rt,
manguredjipa,2026-10-05,1.051,0.649,1.635,0.87,1.274,rt,
manguredjipa,2026-10-06,1.04,0.649,1.561,0.872,1.241,rt,
masereka,2026-08-03,1.358,1.044,1.791,1.226,1.51,rt,
masereka,2026-08-04,1.379,1.073,1.795,1.252,1.526,rt,
masereka,2026-08-05,1.402,1.093,1.802,1.283,1.546,rt,
masereka,2026-08-06,1.423,1.111,1.824,1.302,1.57,rt,
masereka,2026-08-07,1.459,1.14,1.873,1.336,1.614,rt,
masereka,2026-08-08,1.499,1.172,1.941,1.367,1.656,rt,
masereka,2026-08-09,1.538,1.198,2.0,1.391,1.703,rt,
masereka,2026-08-10,1.566,1.209,2.08,1.408,1.742,rt,
masereka,2026-08-11,1.599,1.254,2.092,1.446,1.77,rt,
masereka,2026-08-12,1.628,1.296,2.093,1.479,1.805,rt,
masereka,2026-08-13,1.67,1.31,2.117,1.501,1.834,rt,
masereka,2026-08-14,1.695,1.341,2.161,1.527,1.856,rt,
masereka,2026-08-15,1.713,1.357,2.204,1.55,1.891,rt,
masereka,2026-08-16,1.734,1.354,2.277,1.56,1.93,rt,
masereka,2026-08-17,1.765,1.358,2.363,1.571,1.976,rt,
masereka,2026-08-18,1.77,1.376,2.346,1.59,1.968,rt,
masereka,2026-08-19,1.774,1.379,2.346,1.605,1.964,rt,
masereka,2026-08-20,1.776,1.387,2.338,1.61,1.963,rt,
masereka,2026-08-21,1.754,1.37,2.319,1.595,1.94,rt,
masereka,2026-08-22,1.729,1.347,2.294,1.569,1.923,rt,
masereka,2026-08-23,1.71,1.317,2.295,1.542,1.909,rt,
masereka,2026-08-24,1.673,1.277,2.25,1.496,1.888,rt,
masereka,2026-08-25,1.611,1.251,2.149,1.449,1.812,rt,
masereka,2026-08-26,1.556,1.21,2.04,1.399,1.742,rt,
masereka,2026-08-27,1.496,1.167,1.953,1.352,1.667,rt,
masereka,2026-08-28,1.417,1.113,1.862,1.29,1.581,rt,
masereka,2026-08-29,1.348,1.047,1.78,1.222,1.503,rt,
masereka,2026-08-30,1.28,0.977,1.712,1.153,1.428,rt,
masereka,2026-08-31,1.199,0.885,1.622,1.065,1.343,rt,
masereka,2026-09-01,1.137,0.852,1.513,1.017,1.267,rt,
masereka,2026-09-02,1.08,0.817,1.416,0.969,1.202,rt,
masereka,2026-09-03,1.028,0.779,1.353,0.921,1.144,rt,
masereka,2026-09-04,0.989,0.752,1.288,0.881,1.099,rt,
masereka,2026-09-05,0.95,0.718,1.245,0.842,1.059,rt,
masereka,2026-09-06,0.914,0.68,1.211,0.805,1.026,rt,
masereka,2026-09-07,0.894,0.644,1.202,0.781,1.009,rt,
masereka,2026-09-08,0.893,0.657,1.181,0.783,1.008,rt,
masereka,2026-09-09,0.893,0.661,1.175,0.787,1.007,rt,
masereka,2026-09-10,0.897,0.666,1.175,0.787,1.006,rt,
masereka,2026-09-11,0.906,0.675,1.183,0.796,1.015,rt,
masereka,2026-09-12,0.916,0.672,1.2,0.802,1.025,rt,
masereka,2026-09-13,0.921,0.667,1.237,0.807,1.044,rt,
masereka,2026-09-14,0.951,0.67,1.306,0.825,1.084,rt,
masereka,2026-09-15,0.981,0.695,1.344,0.858,1.116,rt,
masereka,2026-09-16,1.013,0.723,1.38,0.883,1.148,rt,
masereka,2026-09-17,1.043,0.742,1.43,0.905,1.192,rt,
masereka,2026-09-18,1.072,0.758,1.476,0.923,1.232,rt,
masereka,2026-09-19,1.101,0.76,1.538,0.942,1.272,rt,
masereka,2026-09-20,1.13,0.761,1.622,0.959,1.32,rt,
masereka,2026-09-21,1.167,0.766,1.738,0.981,1.375,rt,
masereka,2026-09-22,1.185,0.777,1.766,1.0,1.393,rt,
masereka,2026-09-23,1.205,0.784,1.81,1.011,1.417,rt,
masereka,2026-09-24,1.218,0.776,1.864,1.025,1.445,rt,
masereka,2026-09-25,1.238,0.779,1.934,1.037,1.477,rt,
masereka,2026-09-26,1.256,0.772,1.997,1.042,1.512,rt,
masereka,2026-09-27,1.27,0.77,2.087,1.044,1.552,rt,
masereka,2026-09-28,1.268,0.748,2.151,1.032,1.549,rt,
masereka,2026-09-29,1.256,0.731,2.146,1.014,1.538,rt,
masereka,2026-09-30,1.245,0.721,2.135,1.001,1.533,rt,
masereka,2026-10-01,1.238,0.713,2.157,0.986,1.537,rt,
masereka,2026-10-02,1.211,0.692,2.146,0.956,1.519,rt,
masereka,2026-10-03,1.183,0.661,2.126,0.937,1.517,rt,
masereka,2026-10-04,1.16,0.619,2.19,0.905,1.507,rt,
masereka,2026-10-05,1.128,0.586,2.227,0.867,1.489,rt,
masereka,2026-10-06,1.098,0.59,2.105,0.862,1.441,rt,
musienene,2026-06-19,1.897,1.458,2.574,1.692,2.127,rt,
musienene,2026-06-20,1.864,1.434,2.535,1.664,2.093,rt,
musienene,2026-06-21,1.838,1.4,2.498,1.631,2.074,rt,
musienene,2026-06-22,1.839,1.39,2.536,1.626,2.084,rt,
musienene,2026-06-23,1.827,1.408,2.471,1.628,2.053,rt,
musienene,2026-06-24,1.812,1.418,2.413,1.629,2.026,rt,
musienene,2026-06-25,1.799,1.415,2.391,1.621,2.011,rt,
musienene,2026-06-26,1.799,1.413,2.359,1.621,2.004,rt,
musienene,2026-06-27,1.794,1.406,2.36,1.623,2.005,rt,
musienene,2026-06-28,1.791,1.374,2.374,1.613,1.991,rt,
musienene,2026-06-29,1.763,1.338,2.385,1.572,1.966,rt,
musienene,2026-06-30,1.724,1.339,2.291,1.552,1.918,rt,
musienene,2026-07-01,1.691,1.329,2.216,1.53,1.873,rt,
musienene,2026-07-02,1.654,1.309,2.138,1.503,1.835,rt,
musienene,2026-07-03,1.624,1.303,2.102,1.476,1.793,rt,
musienene,2026-07-04,1.593,1.279,2.059,1.447,1.758,rt,
musienene,2026-07-05,1.557,1.236,2.038,1.415,1.731,rt,
musienene,2026-07-06,1.533,1.205,2.045,1.391,1.721,rt,
musienene,2026-07-07,1.511,1.203,1.984,1.379,1.692,rt,
musienene,2026-07-08,1.49,1.193,1.927,1.366,1.651,rt,
musienene,2026-07-09,1.467,1.18,1.895,1.344,1.621,rt,
musienene,2026-07-10,1.452,1.167,1.851,1.327,1.593,rt,
musienene,2026-07-11,1.433,1.144,1.817,1.309,1.568,rt,
musienene,2026-07-12,1.413,1.109,1.8,1.288,1.555,rt,
musienene,2026-07-13,1.387,1.063,1.786,1.254,1.528,rt,
musienene,2026-07-14,1.356,1.064,1.732,1.243,1.488,rt,
musienene,2026-07-15,1.332,1.056,1.662,1.222,1.457,rt,
musienene,2026-07-16,1.306,1.043,1.627,1.195,1.428,rt,
musienene,2026-07-17,1.277,1.025,1.581,1.17,1.392,rt,
musienene,2026-07-18,1.248,1.002,1.557,1.142,1.363,rt,
musienene,2026-07-19,1.22,0.96,1.54,1.109,1.344,rt,
musienene,2026-07-20,1.196,0.917,1.529,1.081,1.325,rt,
musienene,2026-07-21,1.179,0.919,1.484,1.073,1.301,rt,
musienene,2026-07-22,1.165,0.913,1.449,1.067,1.273,rt,
musienene,2026-07-23,1.151,0.904,1.423,1.057,1.256,rt,
musienene,2026-07-24,1.135,0.9,1.398,1.039,1.238,rt,
musienene,2026-07-25,1.122,0.885,1.382,1.019,1.222,rt,
musienene,2026-07-26,1.104,0.87,1.385,0.999,1.208,rt,
musienene,2026-07-27,1.097,0.844,1.399,0.985,1.207,rt,
musienene,2026-07-28,1.095,0.861,1.377,0.995,1.2,rt,
musienene,2026-07-29,1.097,0.875,1.358,1.004,1.194,rt,
musienene,2026-07-30,1.096,0.878,1.348,1.005,1.193,rt,
musienene,2026-07-31,1.1,0.885,1.336,1.012,1.191,rt,
musienene,2026-08-01,1.099,0.887,1.339,1.013,1.191,rt,
musienene,2026-08-02,1.103,0.877,1.346,1.012,1.198,rt,
musienene,2026-08-03,1.104,0.868,1.368,1.005,1.207,rt,
musienene,2026-08-04,1.112,0.885,1.354,1.016,1.207,rt,
musienene,2026-08-05,1.12,0.894,1.353,1.028,1.212,rt,
musienene,2026-08-06,1.129,0.904,1.365,1.033,1.22,rt,
musienene,2026-08-07,1.148,0.936,1.384,1.055,1.238,rt,
musienene,2026-08-08,1.166,0.951,1.415,1.072,1.256,rt,
musienene,2026-08-09,1.18,0.956,1.444,1.085,1.283,rt,
musienene,2026-08-10,1.19,0.95,1.491,1.088,1.305,rt,
musienene,2026-08-11,1.205,0.976,1.476,1.104,1.305,rt,
musienene,2026-08-12,1.219,0.996,1.476,1.12,1.314,rt,
musienene,2026-08-13,1.227,1.007,1.484,1.132,1.322,rt,
musienene,2026-08-14,1.234,1.014,1.487,1.136,1.327,rt,
musienene,2026-08-15,1.242,1.012,1.509,1.139,1.337,rt,
musienene,2026-08-16,1.246,0.997,1.534,1.135,1.347,rt,
musienene,2026-08-17,1.251,0.98,1.573,1.135,1.372,rt,
musienene,2026-08-18,1.248,0.992,1.546,1.14,1.362,rt,
musienene,2026-08-19,1.242,0.998,1.539,1.136,1.356,rt,
musienene,2026-08-20,1.233,0.992,1.523,1.134,1.348,rt,
musienene,2026-08-21,1.211,0.981,1.499,1.113,1.32,rt,
musienene,2026-08-22,1.187,0.954,1.484,1.09,1.294,rt,
musienene,2026-08-23,1.167,0.922,1.47,1.059,1.274,rt,
musienene,2026-08-24,1.134,0.88,1.456,1.023,1.252,rt,
musienene,2026-08-25,1.096,0.863,1.386,0.993,1.202,rt,
musienene,2026-08-26,1.055,0.835,1.324,0.963,1.153,rt,
musienene,2026-08-27,1.017,0.803,1.278,0.93,1.112,rt,
musienene,2026-08-28,0.967,0.765,1.204,0.886,1.059,rt,
musienene,2026-08-29,0.922,0.725,1.154,0.84,1.011,rt,
musienene,2026-08-30,0.877,0.67,1.115,0.79,0.969,rt,
musienene,2026-08-31,0.821,0.608,1.068,0.729,0.913,rt,
musienene,2026-09-01,0.782,0.589,1.001,0.7,0.869,rt,
musienene,2026-09-02,0.75,0.567,0.947,0.673,0.83,rt,
musienene,2026-09-03,0.721,0.546,0.913,0.646,0.795,rt,
musienene,2026-09-04,0.693,0.529,0.882,0.625,0.767,rt,
musienene,2026-09-05,0.672,0.503,0.857,0.601,0.742,rt,
musienene,2026-09-06,0.652,0.476,0.837,0.579,0.726,rt,
musienene,2026-09-07,0.642,0.457,0.843,0.566,0.722,rt,
musienene,2026-09-08,0.648,0.472,0.845,0.574,0.727,rt,
musienene,2026-09-09,0.657,0.482,0.855,0.583,0.732,rt,
musienene,2026-09-10,0.666,0.489,0.866,0.59,0.739,rt,
musienene,2026-09-11,0.678,0.501,0.88,0.604,0.755,rt,
musienene,2026-09-12,0.694,0.509,0.908,0.616,0.776,rt,
musienene,2026-09-13,0.708,0.518,0.942,0.625,0.798,rt,
musienene,2026-09-14,0.739,0.527,1.007,0.645,0.84,rt,
musienene,2026-09-15,0.769,0.551,1.044,0.675,0.87,rt,
musienene,2026-09-16,0.797,0.579,1.093,0.703,0.905,rt,
musienene,2026-09-17,0.828,0.602,1.136,0.731,0.947,rt,
musienene,2026-09-18,0.858,0.619,1.177,0.756,0.985,rt,
musienene,2026-09-19,0.885,0.634,1.253,0.773,1.032,rt,
musienene,2026-09-20,0.914,0.64,1.332,0.787,1.077,rt,
musienene,2026-09-21,0.948,0.643,1.419,0.812,1.131,rt,
musienene,2026-09-22,0.972,0.654,1.445,0.83,1.157,rt,
musienene,2026-09-23,0.989,0.661,1.489,0.845,1.186,rt,
musienene,2026-09-24,1.012,0.669,1.541,0.858,1.218,rt,
musienene,2026-09-25,1.037,0.663,1.592,0.872,1.256,rt,
musienene,2026-09-26,1.061,0.654,1.649,0.881,1.29,rt,
musienene,2026-09-27,1.07,0.648,1.731,0.886,1.329,rt,
musienene,2026-09-28,1.063,0.625,1.775,0.873,1.342,rt,
musienene,2026-09-29,1.064,0.618,1.782,0.868,1.344,rt,
musienene,2026-09-30,1.065,0.61,1.796,0.86,1.34,rt,
musienene,2026-10-01,1.069,0.606,1.805,0.856,1.341,rt,
musienene,2026-10-02,1.048,0.588,1.821,0.833,1.328,rt,
musienene,2026-10-03,1.036,0.559,1.833,0.815,1.315,rt,
musienene,2026-10-04,1.017,0.542,1.874,0.796,1.307,rt,
musienene,2026-10-05,0.991,0.508,1.868,0.763,1.284,rt,
musienene,2026-10-06,0.983,0.502,1.924,0.757,1.295,rt,
mutwanga,2026-08-19,1.652,1.442,1.901,1.562,1.748,rt,
mutwanga,2026-08-20,1.66,1.44,1.921,1.568,1.76,rt,
mutwanga,2026-08-21,1.65,1.443,1.897,1.557,1.739,rt,
mutwanga,2026-08-22,1.637,1.437,1.875,1.542,1.721,rt,
mutwanga,2026-08-23,1.623,1.429,1.855,1.532,1.708,rt,
mutwanga,2026-08-24,1.593,1.401,1.827,1.507,1.68,rt,
mutwanga,2026-08-25,1.56,1.373,1.795,1.474,1.648,rt,
mutwanga,2026-08-26,1.528,1.339,1.762,1.445,1.618,rt,
mutwanga,2026-08-27,1.497,1.305,1.734,1.411,1.587,rt,
mutwanga,2026-08-28,1.443,1.272,1.659,1.371,1.526,rt,
mutwanga,2026-08-29,1.394,1.232,1.598,1.326,1.467,rt,
mutwanga,2026-08-30,1.345,1.191,1.544,1.281,1.418,rt,
mutwanga,2026-08-31,1.277,1.122,1.475,1.214,1.347,rt,
mutwanga,2026-09-01,1.219,1.069,1.401,1.155,1.287,rt,
mutwanga,2026-09-02,1.167,1.019,1.346,1.103,1.234,rt,
mutwanga,2026-09-03,1.117,0.971,1.29,1.053,1.184,rt,
mutwanga,2026-09-04,1.082,0.951,1.238,1.02,1.143,rt,
mutwanga,2026-09-05,1.048,0.918,1.192,0.989,1.105,rt,
mutwanga,2026-09-06,1.012,0.886,1.153,0.958,1.07,rt,
mutwanga,2026-09-07,0.995,0.862,1.139,0.941,1.054,rt,
mutwanga,2026-09-08,0.987,0.854,1.134,0.933,1.044,rt,
mutwanga,2026-09-09,0.98,0.845,1.132,0.926,1.035,rt,
mutwanga,2026-09-10,0.974,0.835,1.131,0.918,1.029,rt,
mutwanga,2026-09-11,0.975,0.846,1.12,0.92,1.028,rt,
mutwanga,2026-09-12,0.976,0.848,1.108,0.921,1.026,rt,
mutwanga,2026-09-13,0.978,0.845,1.111,0.924,1.028,rt,
mutwanga,2026-09-14,0.998,0.856,1.148,0.942,1.054,rt,
mutwanga,2026-09-15,1.02,0.876,1.184,0.961,1.082,rt,
mutwanga,2026-09-16,1.04,0.885,1.221,0.977,1.109,rt,
mutwanga,2026-09-17,1.061,0.888,1.251,0.991,1.136,rt,
mutwanga,2026-09-18,1.079,0.903,1.275,1.009,1.154,rt,
mutwanga,2026-09-19,1.098,0.909,1.304,1.024,1.174,rt,
mutwanga,2026-09-20,1.114,0.918,1.34,1.032,1.199,rt,
mutwanga,2026-09-21,1.136,0.92,1.387,1.047,1.228,rt,
mutwanga,2026-09-22,1.154,0.929,1.425,1.059,1.258,rt,
mutwanga,2026-09-23,1.174,0.931,1.471,1.071,1.287,rt,
mutwanga,2026-09-24,1.189,0.926,1.502,1.079,1.313,rt,
mutwanga,2026-09-25,1.206,0.924,1.544,1.088,1.334,rt,
mutwanga,2026-09-26,1.224,0.926,1.586,1.097,1.364,rt,
mutwanga,2026-09-27,1.242,0.919,1.622,1.099,1.388,rt,
mutwanga,2026-09-28,1.233,0.89,1.633,1.088,1.39,rt,
mutwanga,2026-09-29,1.224,0.872,1.648,1.074,1.386,rt,
mutwanga,2026-09-30,1.217,0.857,1.665,1.062,1.383,rt,
mutwanga,2026-10-01,1.213,0.84,1.685,1.048,1.386,rt,
mutwanga,2026-10-02,1.189,0.81,1.689,1.021,1.371,rt,
mutwanga,2026-10-03,1.161,0.77,1.705,0.99,1.358,rt,
mutwanga,2026-10-04,1.136,0.735,1.717,0.962,1.352,rt,
mutwanga,2026-10-05,1.102,0.688,1.712,0.92,1.335,rt,
mutwanga,2026-10-06,1.098,0.687,1.634,0.921,1.302,rt,
oicha,2026-08-10,1.609,1.192,2.195,1.437,1.83,rt,
oicha,2026-08-11,1.636,1.245,2.199,1.478,1.851,rt,
oicha,2026-08-12,1.668,1.288,2.203,1.51,1.869,rt,
oicha,2026-08-13,1.7,1.331,2.205,1.538,1.9,rt,
oicha,2026-08-14,1.728,1.354,2.218,1.562,1.928,rt,
oicha,2026-08-15,1.751,1.372,2.278,1.583,1.962,rt,
oicha,2026-08-16,1.776,1.37,2.34,1.597,1.995,rt,
oicha,2026-08-17,1.808,1.36,2.434,1.61,2.039,rt,
oicha,2026-08-18,1.846,1.414,2.427,1.668,2.077,rt,
oicha,2026-08-19,1.895,1.462,2.459,1.703,2.13,rt,
oicha,2026-08-20,1.941,1.5,2.511,1.739,2.16,rt,
oicha,2026-08-21,1.954,1.517,2.541,1.76,2.177,rt,
oicha,2026-08-22,1.966,1.524,2.584,1.771,2.189,rt,
oicha,2026-08-23,1.985,1.522,2.63,1.772,2.221,rt,
oicha,2026-08-24,1.985,1.507,2.666,1.757,2.24,rt,
oicha,2026-08-25,1.984,1.538,2.633,1.777,2.223,rt,
oicha,2026-08-26,1.982,1.554,2.623,1.792,2.22,rt,
oicha,2026-08-27,1.983,1.57,2.627,1.795,2.224,rt,
oicha,2026-08-28,1.963,1.545,2.59,1.779,2.192,rt,
oicha,2026-08-29,1.945,1.527,2.593,1.751,2.164,rt,
oicha,2026-08-30,1.915,1.481,2.6,1.72,2.146,rt,
oicha,2026-08-31,1.853,1.392,2.571,1.651,2.101,rt,
oicha,2026-09-01,1.782,1.355,2.421,1.588,1.988,rt,
oicha,2026-09-02,1.705,1.318,2.295,1.534,1.895,rt,
oicha,2026-09-03,1.634,1.281,2.21,1.469,1.827,rt,
oicha,2026-09-04,1.586,1.242,2.109,1.427,1.765,rt,
oicha,2026-09-05,1.534,1.197,2.056,1.379,1.715,rt,
oicha,2026-09-06,1.495,1.15,2.02,1.333,1.668,rt,
oicha,2026-09-07,1.475,1.112,2.025,1.301,1.65,rt,
oicha,2026-09-08,1.431,1.086,1.912,1.269,1.588,rt,
oicha,2026-09-09,1.384,1.051,1.829,1.236,1.538,rt,
oicha,2026-09-10,1.34,1.017,1.749,1.201,1.487,rt,
oicha,2026-09-11,1.31,1.003,1.706,1.176,1.457,rt,
oicha,2026-09-12,1.28,0.969,1.664,1.147,1.426,rt,
oicha,2026-09-13,1.248,0.929,1.637,1.108,1.396,rt,
oicha,2026-09-14,1.249,0.907,1.65,1.094,1.407,rt,
oicha,2026-09-15,1.249,0.917,1.632,1.095,1.4,rt,
oicha,2026-09-16,1.245,0.912,1.62,1.092,1.393,rt,
oicha,2026-09-17,1.239,0.899,1.615,1.081,1.389,rt,
oicha,2026-09-18,1.229,0.888,1.62,1.076,1.381,rt,
oicha,2026-09-19,1.22,0.868,1.625,1.067,1.381,rt,
oicha,2026-09-20,1.214,0.841,1.642,1.047,1.387,rt,
oicha,2026-09-21,1.211,0.813,1.687,1.026,1.393,rt,
oicha,2026-09-22,1.218,0.828,1.698,1.034,1.414,rt,
oicha,2026-09-23,1.229,0.83,1.728,1.045,1.427,rt,
oicha,2026-09-24,1.242,0.83,1.769,1.043,1.45,rt,
oicha,2026-09-25,1.248,0.827,1.831,1.046,1.472,rt,
oicha,2026-09-26,1.254,0.822,1.903,1.049,1.492,rt,
oicha,2026-09-27,1.269,0.808,1.98,1.049,1.505,rt,
oicha,2026-09-28,1.254,0.76,2.014,1.018,1.501,rt,
oicha,2026-09-29,1.256,0.74,2.013,1.007,1.495,rt,
oicha,2026-09-30,1.245,0.738,2.037,0.999,1.485,rt,
oicha,2026-10-01,1.228,0.715,2.051,0.989,1.49,rt,
oicha,2026-10-02,1.202,0.69,2.016,0.96,1.467,rt,
oicha,2026-10-03,1.184,0.651,2.007,0.93,1.461,rt,
oicha,2026-10-04,1.152,0.616,2.04,0.897,1.453,rt,
oicha,2026-10-05,1.117,0.58,2.054,0.858,1.433,rt,
oicha,2026-10-06,1.093,0.556,2.111,0.832,1.423,rt,
vuhovi,2026-08-09,1.67,1.361,2.105,1.532,1.824,rt,
vuhovi,2026-08-10,1.694,1.366,2.16,1.543,1.854,rt,
vuhovi,2026-08-11,1.719,1.402,2.181,1.569,1.88,rt,
vuhovi,2026-08-12,1.746,1.428,2.207,1.598,1.905,rt,
vuhovi,2026-08-13,1.768,1.443,2.246,1.618,1.932,rt,
vuhovi,2026-08-14,1.788,1.473,2.281,1.64,1.951,rt,
vuhovi,2026-08-15,1.803,1.488,2.304,1.662,1.977,rt,
vuhovi,2026-08-16,1.819,1.485,2.35,1.674,2.0,rt,
vuhovi,2026-08-17,1.848,1.478,2.405,1.683,2.035,rt,
vuhovi,2026-08-18,1.868,1.506,2.402,1.709,2.053,rt,
vuhovi,2026-08-19,1.885,1.526,2.419,1.724,2.071,rt,
vuhovi,2026-08-20,1.907,1.532,2.443,1.734,2.092,rt,
vuhovi,2026-08-21,1.895,1.531,2.421,1.732,2.076,rt,
vuhovi,2026-08-22,1.885,1.518,2.406,1.719,2.065,rt,
vuhovi,2026-08-23,1.875,1.495,2.427,1.7,2.059,rt,
vuhovi,2026-08-24,1.844,1.448,2.418,1.666,2.035,rt,
vuhovi,2026-08-25,1.797,1.419,2.324,1.622,1.986,rt,
vuhovi,2026-08-26,1.75,1.389,2.262,1.585,1.934,rt,
vuhovi,2026-08-27,1.703,1.351,2.201,1.546,1.881,rt,
vuhovi,2026-08-28,1.632,1.305,2.098,1.487,1.805,rt,
vuhovi,2026-08-29,1.572,1.257,2.011,1.429,1.732,rt,
vuhovi,2026-08-30,1.503,1.201,1.941,1.372,1.666,rt,
vuhovi,2026-08-31,1.418,1.119,1.848,1.288,1.573,rt,
vuhovi,2026-09-01,1.344,1.071,1.734,1.223,1.484,rt,
vuhovi,2026-09-02,1.272,1.009,1.62,1.162,1.403,rt,
vuhovi,2026-09-03,1.213,0.963,1.534,1.103,1.331,rt,
vuhovi,2026-09-04,1.161,0.929,1.465,1.058,1.273,rt,
vuhovi,2026-09-05,1.113,0.88,1.396,1.013,1.222,rt,
vuhovi,2026-09-06,1.069,0.831,1.351,0.967,1.181,rt,
vuhovi,2026-09-07,1.04,0.792,1.332,0.937,1.153,rt,
vuhovi,2026-09-08,1.026,0.789,1.294,0.931,1.132,rt,
vuhovi,2026-09-09,1.011,0.783,1.275,0.92,1.115,rt,
vuhovi,2026-09-10,0.997,0.774,1.257,0.906,1.1,rt,
vuhovi,2026-09-11,0.992,0.777,1.256,0.903,1.088,rt,
vuhovi,2026-09-12,0.988,0.767,1.254,0.897,1.083,rt,
vuhovi,2026-09-13,0.978,0.76,1.258,0.889,1.083,rt,
vuhovi,2026-09-14,0.993,0.761,1.293,0.897,1.106,rt,
vuhovi,2026-09-15,1.01,0.781,1.313,0.914,1.127,rt,
vuhovi,2026-09-16,1.032,0.791,1.339,0.929,1.149,rt,
vuhovi,2026-09-17,1.053,0.798,1.377,0.941,1.173,rt,
vuhovi,2026-09-18,1.067,0.812,1.399,0.957,1.191,rt,
vuhovi,2026-09-19,1.082,0.817,1.446,0.963,1.213,rt,
vuhovi,2026-09-20,1.098,0.809,1.491,0.969,1.241,rt,
vuhovi,2026-09-21,1.116,0.805,1.537,0.98,1.272,rt,
vuhovi,2026-09-22,1.135,0.812,1.566,0.995,1.296,rt,
vuhovi,2026-09-23,1.146,0.81,1.585,1.005,1.321,rt,
vuhovi,2026-09-24,1.165,0.814,1.626,1.015,1.342,rt,
vuhovi,2026-09-25,1.183,0.809,1.67,1.022,1.359,rt,
vuhovi,2026-09-26,1.201,0.801,1.739,1.028,1.381,rt,
vuhovi,2026-09-27,1.215,0.798,1.794,1.035,1.409,rt,
vuhovi,2026-09-28,1.203,0.77,1.821,1.02,1.409,rt,
vuhovi,2026-09-29,1.197,0.763,1.811,1.012,1.404,rt,
vuhovi,2026-09-30,1.189,0.751,1.807,1.002,1.404,rt,
vuhovi,2026-10-01,1.18,0.746,1.807,0.993,1.406,rt,
vuhovi,2026-10-02,1.147,0.721,1.789,0.971,1.377,rt,
vuhovi,2026-10-03,1.125,0.696,1.781,0.945,1.362,rt,
vuhovi,2026-10-04,1.106,0.667,1.805,0.916,1.351,rt,
vuhovi,2026-10-05,1.079,0.627,1.823,0.877,1.333,rt,
vuhovi,2026-10-06,1.068,0.614,1.769,0.864,1.316,rt,
boma_mangbetu,2026-07-14,1.66,1.258,2.183,1.476,1.842,rt,
boma_mangbetu,2026-07-15,1.619,1.245,2.124,1.446,1.794,rt,
boma_mangbetu,2026-07-16,1.579,1.219,2.065,1.414,1.758,rt,
boma_mangbetu,2026-07-17,1.546,1.196,1.997,1.39,1.715,rt,
boma_mangbetu,2026-07-18,1.511,1.175,1.966,1.36,1.684,rt,
boma_mangbetu,2026-07-19,1.485,1.144,1.938,1.33,1.655,rt,
boma_mangbetu,2026-07-20,1.459,1.101,1.923,1.295,1.631,rt,
boma_mangbetu,2026-07-21,1.43,1.093,1.856,1.274,1.596,rt,
boma_mangbetu,2026-07-22,1.403,1.082,1.801,1.258,1.558,rt,
boma_mangbetu,2026-07-23,1.379,1.054,1.766,1.241,1.524,rt,
boma_mangbetu,2026-07-24,1.355,1.037,1.734,1.225,1.499,rt,
boma_mangbetu,2026-07-25,1.335,1.023,1.706,1.204,1.475,rt,
boma_mangbetu,2026-07-26,1.316,0.993,1.69,1.177,1.459,rt,
boma_mangbetu,2026-07-27,1.3,0.963,1.677,1.149,1.437,rt,
boma_mangbetu,2026-07-28,1.276,0.96,1.621,1.135,1.403,rt,
boma_mangbetu,2026-07-29,1.252,0.956,1.588,1.121,1.382,rt,
boma_mangbetu,2026-07-30,1.229,0.948,1.557,1.098,1.361,rt,
boma_mangbetu,2026-07-31,1.211,0.943,1.513,1.088,1.332,rt,
boma_mangbetu,2026-08-01,1.191,0.928,1.495,1.074,1.311,rt,
boma_mangbetu,2026-08-02,1.17,0.9,1.488,1.053,1.292,rt,
boma_mangbetu,2026-08-03,1.155,0.864,1.488,1.03,1.283,rt,
boma_mangbetu,2026-08-04,1.15,0.882,1.474,1.036,1.275,rt,
boma_mangbetu,2026-08-05,1.147,0.888,1.463,1.037,1.267,rt,
boma_mangbetu,2026-08-06,1.144,0.883,1.46,1.035,1.261,rt,
boma_mangbetu,2026-08-07,1.128,0.871,1.419,1.022,1.235,rt,
boma_mangbetu,2026-08-08,1.111,0.862,1.395,1.004,1.215,rt,
boma_mangbetu,2026-08-09,1.096,0.842,1.396,0.989,1.198,rt,
boma_mangbetu,2026-08-10,1.066,0.794,1.375,0.96,1.173,rt,
boma_mangbetu,2026-08-11,1.043,0.795,1.336,0.938,1.137,rt,
boma_mangbetu,2026-08-12,1.019,0.781,1.301,0.92,1.115,rt,
boma_mangbetu,2026-08-13,0.996,0.769,1.271,0.899,1.094,rt,
boma_mangbetu,2026-08-14,0.974,0.752,1.237,0.881,1.076,rt,
boma_mangbetu,2026-08-15,0.953,0.73,1.214,0.863,1.053,rt,
boma_mangbetu,2026-08-16,0.933,0.706,1.199,0.839,1.036,rt,
boma_mangbetu,2026-08-17,0.918,0.681,1.201,0.821,1.027,rt,
boma_mangbetu,2026-08-18,0.905,0.679,1.175,0.812,1.011,rt,
boma_mangbetu,2026-08-19,0.895,0.676,1.153,0.805,0.997,rt,
boma_mangbetu,2026-08-20,0.888,0.674,1.144,0.796,0.987,rt,
boma_mangbetu,2026-08-21,0.88,0.675,1.12,0.795,0.976,rt,
boma_mangbetu,2026-08-22,0.876,0.669,1.11,0.792,0.968,rt,
boma_mangbetu,2026-08-23,0.871,0.664,1.105,0.784,0.96,rt,
boma_mangbetu,2026-08-24,0.884,0.666,1.133,0.793,0.974,rt,
boma_mangbetu,2026-08-25,0.902,0.685,1.142,0.809,0.987,rt,
boma_mangbetu,2026-08-26,0.917,0.701,1.154,0.825,1.004,rt,
boma_mangbetu,2026-08-27,0.927,0.708,1.178,0.838,1.019,rt,
boma_mangbetu,2026-08-28,0.942,0.731,1.187,0.857,1.033,rt,
boma_mangbetu,2026-08-29,0.957,0.744,1.202,0.867,1.053,rt,
boma_mangbetu,2026-08-30,0.973,0.755,1.234,0.878,1.076,rt,
boma_mangbetu,2026-08-31,0.991,0.761,1.282,0.89,1.105,rt,
boma_mangbetu,2026-09-01,1.006,0.776,1.285,0.905,1.115,rt,
boma_mangbetu,2026-09-02,1.02,0.791,1.294,0.917,1.125,rt,
boma_mangbetu,2026-09-03,1.038,0.799,1.316,0.929,1.142,rt,
boma_mangbetu,2026-09-04,1.043,0.802,1.318,0.934,1.146,rt,
boma_mangbetu,2026-09-05,1.044,0.8,1.334,0.94,1.148,rt,
boma_mangbetu,2026-09-06,1.051,0.795,1.355,0.937,1.161,rt,
boma_mangbetu,2026-09-07,1.042,0.775,1.372,0.927,1.159,rt,
boma_mangbetu,2026-09-08,1.031,0.77,1.35,0.918,1.146,rt,
boma_mangbetu,2026-09-09,1.021,0.753,1.335,0.909,1.143,rt,
boma_mangbetu,2026-09-10,1.012,0.745,1.325,0.897,1.138,rt,
boma_mangbetu,2026-09-11,0.999,0.738,1.313,0.887,1.123,rt,
boma_mangbetu,2026-09-12,0.987,0.727,1.302,0.873,1.111,rt,
boma_mangbetu,2026-09-13,0.976,0.712,1.303,0.86,1.099,rt,
boma_mangbetu,2026-09-14,0.959,0.688,1.293,0.839,1.085,rt,
boma_mangbetu,2026-09-15,0.945,0.682,1.274,0.822,1.073,rt,
boma_mangbetu,2026-09-16,0.928,0.667,1.265,0.805,1.058,rt,
boma_mangbetu,2026-09-17,0.91,0.653,1.252,0.787,1.046,rt,
boma_mangbetu,2026-09-18,0.891,0.636,1.242,0.774,1.032,rt,
boma_mangbetu,2026-09-19,0.879,0.616,1.247,0.759,1.018,rt,
boma_mangbetu,2026-09-20,0.866,0.597,1.251,0.748,1.009,rt,
boma_mangbetu,2026-09-21,0.86,0.578,1.266,0.738,1.01,rt,
boma_mangbetu,2026-09-22,0.851,0.571,1.262,0.729,0.996,rt,
boma_mangbetu,2026-09-23,0.843,0.561,1.257,0.72,0.99,rt,
boma_mangbetu,2026-09-24,0.837,0.549,1.25,0.714,0.983,rt,
boma_mangbetu,2026-09-25,0.83,0.54,1.247,0.706,0.984,rt,
boma_mangbetu,2026-09-26,0.826,0.533,1.251,0.699,0.984,rt,
boma_mangbetu,2026-09-27,0.819,0.522,1.256,0.692,0.977,rt,
boma_mangbetu,2026-09-28,0.82,0.511,1.275,0.686,0.98,rt,
boma_mangbetu,2026-09-29,0.821,0.506,1.26,0.683,0.977,rt,
boma_mangbetu,2026-09-30,0.818,0.495,1.274,0.682,0.981,rt,
boma_mangbetu,2026-10-01,0.82,0.487,1.267,0.674,0.977,rt,
boma_mangbetu,2026-10-02,0.819,0.48,1.275,0.674,0.989,rt,
boma_mangbetu,2026-10-03,0.813,0.47,1.289,0.659,0.997,rt,
boma_mangbetu,2026-10-04,0.807,0.458,1.328,0.65,1.003,rt,
boma_mangbetu,2026-10-05,0.805,0.444,1.401,0.643,1.02,rt,
boma_mangbetu,2026-10-06,0.812,0.459,1.359,0.646,1.013,rt,
isiro,2026-07-08,2.869,2.102,4.097,2.537,3.291,rt,
isiro,2026-07-09,2.796,2.081,3.963,2.479,3.192,rt,
isiro,2026-07-10,2.711,2.048,3.806,2.413,3.075,rt,
isiro,2026-07-11,2.621,1.992,3.664,2.334,2.976,rt,
isiro,2026-07-12,2.543,1.929,3.547,2.267,2.878,rt,
isiro,2026-07-13,2.464,1.851,3.458,2.184,2.797,rt,
isiro,2026-07-14,2.366,1.806,3.244,2.12,2.667,rt,
isiro,2026-07-15,2.273,1.758,3.059,2.043,2.559,rt,
isiro,2026-07-16,2.191,1.704,2.937,1.982,2.461,rt,
isiro,2026-07-17,2.122,1.67,2.807,1.92,2.348,rt,
isiro,2026-07-18,2.045,1.615,2.671,1.858,2.254,rt,
isiro,2026-07-19,1.978,1.559,2.567,1.788,2.192,rt,
isiro,2026-07-20,1.914,1.488,2.499,1.724,2.13,rt,
isiro,2026-07-21,1.859,1.483,2.416,1.686,2.06,rt,
isiro,2026-07-22,1.813,1.459,2.325,1.648,1.999,rt,
isiro,2026-07-23,1.767,1.422,2.258,1.612,1.943,rt,
isiro,2026-07-24,1.725,1.402,2.181,1.578,1.895,rt,
isiro,2026-07-25,1.694,1.362,2.111,1.549,1.848,rt,
isiro,2026-07-26,1.655,1.321,2.066,1.505,1.811,rt,
isiro,2026-07-27,1.623,1.268,2.045,1.466,1.781,rt,
isiro,2026-07-28,1.592,1.269,1.992,1.453,1.744,rt,
isiro,2026-07-29,1.564,1.26,1.952,1.433,1.709,rt,
isiro,2026-07-30,1.538,1.251,1.922,1.412,1.674,rt,
isiro,2026-07-31,1.512,1.243,1.871,1.391,1.644,rt,
isiro,2026-08-01,1.49,1.225,1.845,1.371,1.616,rt,
isiro,2026-08-02,1.462,1.187,1.834,1.345,1.595,rt,
isiro,2026-08-03,1.439,1.152,1.83,1.315,1.583,rt,
isiro,2026-08-04,1.398,1.133,1.757,1.283,1.535,rt,
isiro,2026-08-05,1.362,1.111,1.691,1.247,1.49,rt,
isiro,2026-08-06,1.321,1.078,1.643,1.212,1.444,rt,
isiro,2026-08-07,1.263,1.04,1.558,1.161,1.375,rt,
isiro,2026-08-08,1.209,0.991,1.487,1.109,1.314,rt,
isiro,2026-08-09,1.155,0.936,1.445,1.05,1.264,rt,
isiro,2026-08-10,1.094,0.871,1.388,0.989,1.208,rt,
isiro,2026-08-11,1.032,0.823,1.293,0.938,1.131,rt,
isiro,2026-08-12,0.975,0.777,1.221,0.889,1.068,rt,
isiro,2026-08-13,0.919,0.729,1.156,0.839,1.007,rt,
isiro,2026-08-14,0.868,0.687,1.085,0.794,0.954,rt,
isiro,2026-08-15,0.819,0.638,1.02,0.749,0.901,rt,
isiro,2026-08-16,0.773,0.593,0.973,0.702,0.854,rt,
isiro,2026-08-17,0.733,0.544,0.942,0.658,0.817,rt,
isiro,2026-08-18,0.701,0.524,0.898,0.628,0.779,rt,
isiro,2026-08-19,0.671,0.505,0.854,0.6,0.741,rt,
isiro,2026-08-20,0.641,0.48,0.815,0.571,0.708,rt,
isiro,2026-08-21,0.613,0.461,0.78,0.547,0.682,rt,
isiro,2026-08-22,0.587,0.436,0.753,0.523,0.656,rt,
isiro,2026-08-23,0.563,0.412,0.731,0.499,0.635,rt,
isiro,2026-08-24,0.551,0.389,0.738,0.484,0.629,rt,
isiro,2026-08-25,0.54,0.384,0.716,0.475,0.615,rt,
isiro,2026-08-26,0.53,0.376,0.704,0.467,0.602,rt,
isiro,2026-08-27,0.52,0.368,0.691,0.457,0.591,rt,
isiro,2026-08-28,0.512,0.359,0.684,0.45,0.579,rt,
isiro,2026-08-29,0.502,0.349,0.681,0.439,0.57,rt,
isiro,2026-08-30,0.491,0.332,0.678,0.426,0.564,rt,
isiro,2026-08-31,0.485,0.32,0.683,0.416,0.561,rt,
isiro,2026-09-01,0.484,0.323,0.677,0.416,0.559,rt,
isiro,2026-09-02,0.48,0.326,0.675,0.417,0.558,rt,
isiro,2026-09-03,0.479,0.324,0.675,0.413,0.559,rt,
isiro,2026-09-04,0.474,0.319,0.668,0.409,0.555,rt,
isiro,2026-09-05,0.469,0.316,0.659,0.405,0.552,rt,
isiro,2026-09-06,0.466,0.308,0.662,0.398,0.548,rt,
isiro,2026-09-07,0.457,0.291,0.659,0.389,0.543,rt,
isiro,2026-09-08,0.452,0.293,0.654,0.386,0.537,rt,
isiro,2026-09-09,0.451,0.292,0.653,0.384,0.532,rt,
isiro,2026-09-10,0.45,0.287,0.655,0.378,0.529,rt,
isiro,2026-09-11,0.447,0.285,0.65,0.375,0.522,rt,
isiro,2026-09-12,0.442,0.276,0.648,0.371,0.521,rt,
isiro,2026-09-13,0.439,0.266,0.655,0.364,0.519,rt,
isiro,2026-09-14,0.433,0.254,0.662,0.356,0.516,rt,
isiro,2026-09-15,0.43,0.254,0.653,0.356,0.514,rt,
isiro,2026-09-16,0.429,0.251,0.655,0.354,0.512,rt,
isiro,2026-09-17,0.425,0.244,0.657,0.351,0.511,rt,
isiro,2026-09-18,0.426,0.24,0.658,0.35,0.513,rt,
isiro,2026-09-19,0.423,0.235,0.658,0.345,0.517,rt,
isiro,2026-09-20,0.421,0.226,0.669,0.339,0.52,rt,
isiro,2026-09-21,0.425,0.22,0.69,0.336,0.529,rt,
isiro,2026-09-22,0.426,0.221,0.695,0.337,0.534,rt,
isiro,2026-09-23,0.433,0.226,0.705,0.337,0.542,rt,
isiro,2026-09-24,0.437,0.231,0.729,0.339,0.55,rt,
isiro,2026-09-25,0.441,0.23,0.743,0.342,0.558,rt,
isiro,2026-09-26,0.444,0.228,0.757,0.346,0.567,rt,
isiro,2026-09-27,0.451,0.23,0.775,0.349,0.578,rt,
isiro,2026-09-28,0.459,0.229,0.807,0.352,0.592,rt,
isiro,2026-09-29,0.465,0.233,0.83,0.356,0.601,rt,
isiro,2026-09-30,0.471,0.238,0.838,0.361,0.615,rt,
isiro,2026-10-01,0.476,0.245,0.852,0.365,0.624,rt,
isiro,2026-10-02,0.482,0.242,0.866,0.371,0.64,rt,
isiro,2026-10-03,0.492,0.24,0.914,0.373,0.652,rt,
isiro,2026-10-04,0.501,0.236,0.955,0.371,0.669,rt,
isiro,2026-10-05,0.51,0.23,1.017,0.372,0.694,rt,
isiro,2026-10-06,0.551,0.251,1.122,0.406,0.739,rt,
pawa,2026-07-12,1.973,1.472,2.593,1.767,2.196,rt,
pawa,2026-07-13,1.91,1.402,2.553,1.69,2.142,rt,
pawa,2026-07-14,1.851,1.38,2.432,1.654,2.064,rt,
pawa,2026-07-15,1.802,1.346,2.358,1.611,1.999,rt,
pawa,2026-07-16,1.748,1.315,2.293,1.574,1.951,rt,
pawa,2026-07-17,1.704,1.297,2.197,1.537,1.891,rt,
pawa,2026-07-18,1.66,1.264,2.144,1.492,1.838,rt,
pawa,2026-07-19,1.62,1.222,2.104,1.448,1.798,rt,
pawa,2026-07-20,1.579,1.182,2.076,1.406,1.764,rt,
pawa,2026-07-21,1.555,1.179,2.035,1.39,1.728,rt,
pawa,2026-07-22,1.53,1.162,1.98,1.372,1.695,rt,
pawa,2026-07-23,1.505,1.145,1.939,1.35,1.672,rt,
pawa,2026-07-24,1.492,1.147,1.892,1.338,1.646,rt,
pawa,2026-07-25,1.472,1.124,1.865,1.324,1.619,rt,
pawa,2026-07-26,1.446,1.096,1.858,1.306,1.602,rt,
pawa,2026-07-27,1.43,1.059,1.856,1.281,1.591,rt,
pawa,2026-07-28,1.428,1.082,1.835,1.284,1.584,rt,
pawa,2026-07-29,1.425,1.095,1.828,1.287,1.581,rt,
pawa,2026-07-30,1.426,1.096,1.816,1.288,1.576,rt,
pawa,2026-07-31,1.428,1.11,1.804,1.295,1.577,rt,
pawa,2026-08-01,1.435,1.111,1.796,1.296,1.581,rt,
pawa,2026-08-02,1.435,1.115,1.815,1.296,1.585,rt,
pawa,2026-08-03,1.434,1.098,1.837,1.292,1.593,rt,
pawa,2026-08-04,1.453,1.142,1.854,1.323,1.612,rt,
pawa,2026-08-05,1.475,1.171,1.875,1.347,1.63,rt,
pawa,2026-08-06,1.499,1.2,1.885,1.365,1.653,rt,
pawa,2026-08-07,1.501,1.218,1.882,1.377,1.646,rt,
pawa,2026-08-08,1.506,1.227,1.881,1.381,1.648,rt,
pawa,2026-08-09,1.507,1.224,1.9,1.384,1.653,rt,
pawa,2026-08-10,1.494,1.197,1.908,1.363,1.642,rt,
pawa,2026-08-11,1.479,1.195,1.868,1.356,1.618,rt,
pawa,2026-08-12,1.468,1.191,1.836,1.345,1.602,rt,
pawa,2026-08-13,1.453,1.169,1.828,1.33,1.587,rt,
pawa,2026-08-14,1.438,1.168,1.796,1.317,1.575,rt,
pawa,2026-08-15,1.423,1.156,1.801,1.299,1.558,rt,
pawa,2026-08-16,1.403,1.129,1.805,1.278,1.546,rt,
pawa,2026-08-17,1.392,1.103,1.825,1.263,1.543,rt,
pawa,2026-08-18,1.365,1.085,1.76,1.24,1.502,rt,
pawa,2026-08-19,1.339,1.071,1.719,1.215,1.47,rt,
pawa,2026-08-20,1.31,1.048,1.679,1.186,1.433,rt,
pawa,2026-08-21,1.284,1.035,1.629,1.172,1.405,rt,
pawa,2026-08-22,1.256,1.012,1.592,1.156,1.375,rt,
pawa,2026-08-23,1.231,0.992,1.561,1.131,1.349,rt,
pawa,2026-08-24,1.233,0.991,1.569,1.129,1.354,rt,
pawa,2026-08-25,1.232,0.998,1.537,1.127,1.344,rt,
pawa,2026-08-26,1.223,0.999,1.514,1.121,1.334,rt,
pawa,2026-08-27,1.212,0.986,1.497,1.113,1.322,rt,
pawa,2026-08-28,1.202,0.994,1.48,1.111,1.312,rt,
pawa,2026-08-29,1.195,0.991,1.463,1.102,1.302,rt,
pawa,2026-08-30,1.185,0.979,1.453,1.093,1.29,rt,
pawa,2026-08-31,1.183,0.959,1.459,1.087,1.29,rt,
pawa,2026-09-01,1.178,0.96,1.436,1.086,1.282,rt,
pawa,2026-09-02,1.177,0.955,1.415,1.083,1.273,rt,
pawa,2026-09-03,1.172,0.949,1.413,1.078,1.268,rt,
pawa,2026-09-04,1.157,0.945,1.381,1.068,1.246,rt,
pawa,2026-09-05,1.141,0.931,1.362,1.05,1.224,rt,
pawa,2026-09-06,1.128,0.915,1.351,1.035,1.213,rt,
pawa,2026-09-07,1.098,0.885,1.34,1.003,1.186,rt,
pawa,2026-09-08,1.073,0.877,1.313,0.986,1.164,rt,
pawa,2026-09-09,1.052,0.861,1.292,0.967,1.143,rt,
pawa,2026-09-10,1.032,0.836,1.279,0.948,1.127,rt,
pawa,2026-09-11,1.009,0.822,1.251,0.93,1.098,rt,
pawa,2026-09-12,0.986,0.797,1.231,0.908,1.076,rt,
pawa,2026-09-13,0.966,0.775,1.217,0.885,1.056,rt,
pawa,2026-09-14,0.941,0.748,1.202,0.861,1.037,rt,
pawa,2026-09-15,0.919,0.729,1.173,0.838,1.017,rt,
pawa,2026-09-16,0.898,0.707,1.154,0.815,1.0,rt,
pawa,2026-09-17,0.881,0.68,1.138,0.795,0.981,rt,
pawa,2026-09-18,0.863,0.652,1.121,0.774,0.965,rt,
pawa,2026-09-19,0.847,0.624,1.115,0.755,0.947,rt,
pawa,2026-09-20,0.833,0.594,1.115,0.736,0.934,rt,
pawa,2026-09-21,0.824,0.568,1.115,0.716,0.933,rt,
pawa,2026-09-22,0.816,0.556,1.117,0.702,0.93,rt,
pawa,2026-09-23,0.809,0.542,1.12,0.691,0.923,rt,
pawa,2026-09-24,0.799,0.532,1.13,0.679,0.922,rt,
pawa,2026-09-25,0.791,0.518,1.126,0.668,0.919,rt,
pawa,2026-09-26,0.783,0.503,1.127,0.662,0.915,rt,
pawa,2026-09-27,0.78,0.488,1.134,0.649,0.914,rt,
pawa,2026-09-28,0.78,0.472,1.147,0.643,0.921,rt,
pawa,2026-09-29,0.779,0.472,1.149,0.641,0.92,rt,
pawa,2026-09-30,0.779,0.466,1.151,0.632,0.923,rt,
pawa,2026-10-01,0.777,0.463,1.178,0.63,0.927,rt,
pawa,2026-10-02,0.778,0.458,1.194,0.63,0.935,rt,
pawa,2026-10-03,0.775,0.437,1.223,0.622,0.943,rt,
pawa,2026-10-04,0.778,0.421,1.276,0.618,0.953,rt,
pawa,2026-10-05,0.774,0.41,1.33,0.612,0.973,rt,
pawa,2026-10-06,0.781,0.416,1.312,0.611,0.981,rt,
wamba,2026-06-30,2.354,1.815,3.205,2.106,2.638,rt,
wamba,2026-07-01,2.289,1.748,3.12,2.049,2.557,rt,
wamba,2026-07-02,2.23,1.703,3.019,1.987,2.486,rt,
wamba,2026-07-03,2.165,1.645,2.873,1.926,2.407,rt,
wamba,2026-07-04,2.103,1.574,2.777,1.882,2.343,rt,
wamba,2026-07-05,2.034,1.512,2.697,1.815,2.281,rt,
wamba,2026-07-06,1.963,1.426,2.616,1.74,2.202,rt,
wamba,2026-07-07,1.922,1.407,2.54,1.709,2.144,rt,
wamba,2026-07-08,1.885,1.389,2.463,1.668,2.084,rt,
wamba,2026-07-09,1.844,1.367,2.382,1.631,2.04,rt,
wamba,2026-07-10,1.788,1.362,2.287,1.601,1.975,rt,
wamba,2026-07-11,1.74,1.338,2.219,1.559,1.917,rt,
wamba,2026-07-12,1.696,1.296,2.173,1.517,1.878,rt,
wamba,2026-07-13,1.646,1.242,2.131,1.468,1.836,rt,
wamba,2026-07-14,1.62,1.242,2.072,1.452,1.793,rt,
wamba,2026-07-15,1.598,1.235,2.034,1.441,1.754,rt,
wamba,2026-07-16,1.577,1.232,1.99,1.432,1.724,rt,
wamba,2026-07-17,1.555,1.234,1.949,1.425,1.703,rt,
wamba,2026-07-18,1.539,1.218,1.923,1.411,1.674,rt,
wamba,2026-07-19,1.521,1.205,1.917,1.39,1.66,rt,
wamba,2026-07-20,1.508,1.179,1.922,1.369,1.653,rt,
wamba,2026-07-21,1.485,1.177,1.887,1.355,1.627,rt,
wamba,2026-07-22,1.463,1.172,1.862,1.342,1.602,rt,
wamba,2026-07-23,1.443,1.17,1.823,1.327,1.58,rt,
wamba,2026-07-24,1.429,1.165,1.803,1.314,1.56,rt,
wamba,2026-07-25,1.412,1.145,1.793,1.3,1.545,rt,
wamba,2026-07-26,1.398,1.117,1.799,1.285,1.533,rt,
wamba,2026-07-27,1.386,1.085,1.802,1.264,1.531,rt,
wamba,2026-07-28,1.358,1.079,1.727,1.243,1.488,rt,
wamba,2026-07-29,1.333,1.073,1.673,1.223,1.452,rt,
wamba,2026-07-30,1.303,1.048,1.624,1.2,1.425,rt,
wamba,2026-07-31,1.277,1.043,1.578,1.178,1.386,rt,
wamba,2026-08-01,1.258,1.016,1.551,1.153,1.363,rt,
wamba,2026-08-02,1.235,0.984,1.549,1.122,1.342,rt,
wamba,2026-08-03,1.212,0.942,1.533,1.095,1.328,rt,
wamba,2026-08-04,1.202,0.947,1.497,1.09,1.309,rt,
wamba,2026-08-05,1.194,0.948,1.468,1.082,1.294,rt,
wamba,2026-08-06,1.181,0.934,1.447,1.073,1.284,rt,
wamba,2026-08-07,1.148,0.922,1.398,1.05,1.249,rt,
wamba,2026-08-08,1.119,0.894,1.377,1.026,1.221,rt,
wamba,2026-08-09,1.092,0.86,1.364,0.997,1.193,rt,
wamba,2026-08-10,1.056,0.812,1.343,0.954,1.159,rt,
wamba,2026-08-11,1.023,0.796,1.29,0.934,1.123,rt,
wamba,2026-08-12,0.999,0.782,1.247,0.912,1.088,rt,
wamba,2026-08-13,0.969,0.76,1.217,0.885,1.058,rt,
wamba,2026-08-14,0.943,0.741,1.166,0.858,1.026,rt,
wamba,2026-08-15,0.916,0.72,1.136,0.832,1.001,rt,
wamba,2026-08-16,0.891,0.684,1.12,0.802,0.975,rt,
wamba,2026-08-17,0.87,0.651,1.104,0.775,0.958,rt,
wamba,2026-08-18,0.855,0.658,1.074,0.772,0.941,rt,
wamba,2026-08-19,0.841,0.652,1.052,0.764,0.924,rt,
wamba,2026-08-20,0.827,0.642,1.033,0.75,0.91,rt,
wamba,2026-08-21,0.82,0.637,1.008,0.746,0.898,rt,
wamba,2026-08-22,0.813,0.626,1.003,0.738,0.888,rt,
wamba,2026-08-23,0.802,0.615,1.001,0.729,0.879,rt,
wamba,2026-08-24,0.811,0.611,1.031,0.732,0.895,rt,
wamba,2026-08-25,0.824,0.635,1.041,0.751,0.911,rt,
wamba,2026-08-26,0.839,0.65,1.056,0.769,0.928,rt,
wamba,2026-08-27,0.855,0.666,1.073,0.782,0.944,rt,
wamba,2026-08-28,0.874,0.692,1.089,0.798,0.954,rt,
wamba,2026-08-29,0.894,0.702,1.111,0.814,0.972,rt,
wamba,2026-08-30,0.906,0.715,1.142,0.825,0.993,rt,
wamba,2026-08-31,0.928,0.715,1.184,0.84,1.024,rt,
wamba,2026-09-01,0.946,0.742,1.19,0.857,1.042,rt,
wamba,2026-09-02,0.961,0.757,1.208,0.872,1.059,rt,
wamba,2026-09-03,0.98,0.764,1.232,0.888,1.08,rt,
wamba,2026-09-04,0.989,0.78,1.229,0.898,1.089,rt,
wamba,2026-09-05,0.999,0.779,1.244,0.905,1.097,rt,
wamba,2026-09-06,1.012,0.781,1.269,0.913,1.111,rt,
wamba,2026-09-07,1.007,0.767,1.284,0.904,1.114,rt,
wamba,2026-09-08,0.998,0.77,1.255,0.895,1.102,rt,
wamba,2026-09-09,0.986,0.759,1.236,0.884,1.089,rt,
wamba,2026-09-10,0.976,0.749,1.231,0.874,1.077,rt,
wamba,2026-09-11,0.965,0.74,1.214,0.863,1.062,rt,
wamba,2026-09-12,0.951,0.724,1.206,0.849,1.048,rt,
wamba,2026-09-13,0.937,0.703,1.202,0.833,1.041,rt,
wamba,2026-09-14,0.921,0.677,1.213,0.816,1.032,rt,
wamba,2026-09-15,0.906,0.662,1.181,0.803,1.016,rt,
wamba,2026-09-16,0.889,0.646,1.164,0.79,1.004,rt,
wamba,2026-09-17,0.875,0.625,1.165,0.771,0.993,rt,
wamba,2026-09-18,0.862,0.609,1.158,0.755,0.982,rt,
wamba,2026-09-19,0.853,0.599,1.159,0.744,0.973,rt,
wamba,2026-09-20,0.84,0.58,1.162,0.725,0.963,rt,
wamba,2026-09-21,0.831,0.567,1.19,0.713,0.964,rt,
wamba,2026-09-22,0.826,0.562,1.181,0.704,0.956,rt,
wamba,2026-09-23,0.82,0.555,1.177,0.697,0.949,rt,
wamba,2026-09-24,0.813,0.545,1.174,0.69,0.948,rt,
wamba,2026-09-25,0.804,0.536,1.177,0.689,0.942,rt,
wamba,2026-09-26,0.798,0.522,1.189,0.684,0.943,rt,
wamba,2026-09-27,0.794,0.514,1.207,0.676,0.943,rt,
wamba,2026-09-28,0.788,0.503,1.21,0.667,0.95,rt,
wamba,2026-09-29,0.787,0.506,1.206,0.667,0.951,rt,
wamba,2026-09-30,0.786,0.507,1.206,0.659,0.949,rt,
wamba,2026-10-01,0.789,0.502,1.214,0.653,0.943,rt,
wamba,2026-10-02,0.79,0.497,1.24,0.65,0.948,rt,
wamba,2026-10-03,0.788,0.481,1.26,0.64,0.964,rt,
wamba,2026-10-04,0.786,0.468,1.274,0.63,0.975,rt,
wamba,2026-10-05,0.788,0.452,1.325,0.626,0.987,rt,
wamba,2026-10-06,0.78,0.434,1.29,0.622,0.987,rt,
makiso_kisangani,2026-07-28,1.359,1.17,1.586,1.276,1.451,rt,
makiso_kisangani,2026-07-29,1.368,1.174,1.599,1.283,1.462,rt,
makiso_kisangani,2026-07-30,1.376,1.175,1.608,1.289,1.473,rt,
makiso_kisangani,2026-07-31,1.379,1.183,1.6,1.29,1.466,rt,
makiso_kisangani,2026-08-01,1.377,1.186,1.598,1.293,1.461,rt,
makiso_kisangani,2026-08-02,1.374,1.188,1.598,1.292,1.46,rt,
makiso_kisangani,2026-08-03,1.37,1.179,1.599,1.287,1.458,rt,
makiso_kisangani,2026-08-04,1.366,1.172,1.598,1.28,1.456,rt,
makiso_kisangani,2026-08-05,1.363,1.167,1.599,1.273,1.457,rt,
makiso_kisangani,2026-08-06,1.357,1.157,1.602,1.268,1.458,rt,
makiso_kisangani,2026-08-07,1.353,1.158,1.585,1.265,1.446,rt,
makiso_kisangani,2026-08-08,1.347,1.154,1.575,1.264,1.44,rt,
makiso_kisangani,2026-08-09,1.346,1.152,1.573,1.263,1.435,rt,
makiso_kisangani,2026-08-10,1.335,1.136,1.559,1.253,1.423,rt,
makiso_kisangani,2026-08-11,1.325,1.123,1.555,1.243,1.412,rt,
makiso_kisangani,2026-08-12,1.319,1.107,1.557,1.232,1.403,rt,
makiso_kisangani,2026-08-13,1.311,1.097,1.562,1.223,1.396,rt,
makiso_kisangani,2026-08-14,1.304,1.096,1.535,1.217,1.385,rt,
makiso_kisangani,2026-08-15,1.295,1.091,1.523,1.212,1.374,rt,
makiso_kisangani,2026-08-16,1.29,1.083,1.519,1.207,1.366,rt,
makiso_kisangani,2026-08-17,1.286,1.08,1.522,1.206,1.367,rt,
makiso_kisangani,2026-08-18,1.284,1.076,1.525,1.2,1.372,rt,
makiso_kisangani,2026-08-19,1.279,1.069,1.528,1.196,1.375,rt,
makiso_kisangani,2026-08-20,1.276,1.058,1.535,1.192,1.376,rt,
makiso_kisangani,2026-08-21,1.28,1.07,1.526,1.199,1.377,rt,
makiso_kisangani,2026-08-22,1.285,1.08,1.525,1.2,1.381,rt,
makiso_kisangani,2026-08-23,1.288,1.086,1.525,1.203,1.386,rt,
makiso_kisangani,2026-08-24,1.302,1.1,1.541,1.213,1.399,rt,
makiso_kisangani,2026-08-25,1.314,1.107,1.556,1.223,1.413,rt,
makiso_kisangani,2026-08-26,1.325,1.113,1.572,1.23,1.426,rt,
makiso_kisangani,2026-08-27,1.337,1.116,1.593,1.237,1.439,rt,
makiso_kisangani,2026-08-28,1.332,1.128,1.573,1.246,1.435,rt,
makiso_kisangani,2026-08-29,1.332,1.132,1.565,1.252,1.426,rt,
makiso_kisangani,2026-08-30,1.335,1.137,1.558,1.257,1.423,rt,
makiso_kisangani,2026-08-31,1.321,1.128,1.542,1.242,1.41,rt,
makiso_kisangani,2026-09-01,1.308,1.116,1.542,1.232,1.397,rt,
makiso_kisangani,2026-09-02,1.299,1.1,1.538,1.221,1.388,rt,
makiso_kisangani,2026-09-03,1.291,1.088,1.538,1.21,1.381,rt,
makiso_kisangani,2026-09-04,1.277,1.084,1.523,1.202,1.364,rt,
makiso_kisangani,2026-09-05,1.269,1.076,1.506,1.193,1.348,rt,
makiso_kisangani,2026-09-06,1.259,1.069,1.493,1.183,1.333,rt,
makiso_kisangani,2026-09-07,1.235,1.047,1.463,1.157,1.31,rt,
makiso_kisangani,2026-09-08,1.21,1.026,1.443,1.133,1.287,rt,
makiso_kisangani,2026-09-09,1.188,0.999,1.416,1.111,1.266,rt,
makiso_kisangani,2026-09-10,1.167,0.973,1.4,1.088,1.247,rt,
makiso_kisangani,2026-09-11,1.148,0.966,1.369,1.076,1.229,rt,
makiso_kisangani,2026-09-12,1.133,0.958,1.347,1.062,1.21,rt,
makiso_kisangani,2026-09-13,1.117,0.935,1.331,1.044,1.193,rt,
makiso_kisangani,2026-09-14,1.11,0.923,1.324,1.033,1.188,rt,
makiso_kisangani,2026-09-15,1.102,0.911,1.317,1.021,1.181,rt,
makiso_kisangani,2026-09-16,1.093,0.896,1.317,1.009,1.176,rt,
makiso_kisangani,2026-09-17,1.081,0.879,1.315,0.996,1.17,rt,
makiso_kisangani,2026-09-18,1.066,0.863,1.307,0.983,1.157,rt,
makiso_kisangani,2026-09-19,1.053,0.85,1.298,0.969,1.143,rt,
makiso_kisangani,2026-09-20,1.04,0.832,1.284,0.953,1.135,rt,
makiso_kisangani,2026-09-21,1.038,0.814,1.295,0.947,1.14,rt,
makiso_kisangani,2026-09-22,1.035,0.806,1.307,0.943,1.141,rt,
makiso_kisangani,2026-09-23,1.033,0.791,1.321,0.938,1.146,rt,
makiso_kisangani,2026-09-24,1.034,0.78,1.334,0.935,1.148,rt,
makiso_kisangani,2026-09-25,1.03,0.782,1.336,0.926,1.146,rt,
makiso_kisangani,2026-09-26,1.028,0.772,1.338,0.92,1.142,rt,
makiso_kisangani,2026-09-27,1.024,0.758,1.34,0.911,1.146,rt,
makiso_kisangani,2026-09-28,1.021,0.75,1.348,0.9,1.15,rt,
makiso_kisangani,2026-09-29,1.017,0.735,1.355,0.894,1.15,rt,
makiso_kisangani,2026-09-30,1.013,0.72,1.362,0.887,1.151,rt,
makiso_kisangani,2026-10-01,1.008,0.71,1.37,0.877,1.155,rt,
makiso_kisangani,2026-10-02,0.996,0.702,1.374,0.867,1.142,rt,
makiso_kisangani,2026-10-03,0.984,0.679,1.382,0.854,1.137,rt,
makiso_kisangani,2026-10-04,0.974,0.657,1.399,0.837,1.137,rt,
makiso_kisangani,2026-10-05,0.959,0.626,1.41,0.816,1.135,rt,
makiso_kisangani,2026-10-06,0.962,0.645,1.369,0.828,1.125,rt,
mangobo,2026-09-15,1.113,0.916,1.334,1.033,1.192,rt,
mangobo,2026-09-16,1.103,0.901,1.332,1.021,1.187,rt,
mangobo,2026-09-17,1.092,0.889,1.331,1.005,1.181,rt,
mangobo,2026-09-18,1.079,0.871,1.317,0.993,1.167,rt,
mangobo,2026-09-19,1.063,0.856,1.306,0.978,1.159,rt,
mangobo,2026-09-20,1.052,0.839,1.298,0.963,1.147,rt,
mangobo,2026-09-21,1.051,0.826,1.311,0.958,1.149,rt,
mangobo,2026-09-22,1.05,0.813,1.323,0.957,1.153,rt,
mangobo,2026-09-23,1.048,0.803,1.341,0.95,1.156,rt,
mangobo,2026-09-24,1.046,0.789,1.354,0.946,1.161,rt,
mangobo,2026-09-25,1.043,0.786,1.356,0.938,1.16,rt,
mangobo,2026-09-26,1.038,0.781,1.36,0.927,1.159,rt,
mangobo,2026-09-27,1.037,0.767,1.364,0.922,1.163,rt,
mangobo,2026-09-28,1.032,0.759,1.369,0.912,1.165,rt,
mangobo,2026-09-29,1.028,0.743,1.373,0.903,1.164,rt,
mangobo,2026-09-30,1.024,0.729,1.382,0.894,1.166,rt,
mangobo,2026-10-01,1.021,0.717,1.397,0.886,1.167,rt,
mangobo,2026-10-02,1.01,0.706,1.387,0.88,1.152,rt,
mangobo,2026-10-03,0.998,0.693,1.407,0.865,1.148,rt,
mangobo,2026-10-04,0.987,0.667,1.415,0.849,1.149,rt,
mangobo,2026-10-05,0.973,0.634,1.421,0.826,1.146,rt,
mangobo,2026-10-06,0.977,0.654,1.383,0.838,1.137,rt,
adja,2026-08-18,,,,,,cases,0
adja,2026-08-25,,,,,,cases,0
adja,2026-09-01,,,,,,cases,0
adja,2026-09-08,,,,,,cases,0
adja,2026-09-15,,,,,,cases,0
adja,2026-09-22,,,,,,cases,0
adja,2026-09-29,,,,,,cases,0
adja,2026-10-06,,,,,,cases,1
ariwara,2026-08-18,,,,,,cases,1
ariwara,2026-08-25,,,,,,cases,0
ariwara,2026-09-01,,,,,,cases,0
ariwara,2026-09-08,,,,,,cases,0
ariwara,2026-09-15,,,,,,cases,0
ariwara,2026-09-22,,,,,,cases,0
ariwara,2026-09-29,,,,,,cases,0
ariwara,2026-10-06,,,,,,cases,0
aru,2026-08-18,,,,,,cases,0
aru,2026-08-25,,,,,,cases,0
aru,2026-09-01,,,,,,cases,1
aru,2026-09-08,,,,,,cases,0
aru,2026-09-15,,,,,,cases,0
aru,2026-09-22,,,,,,cases,0
aru,2026-09-29,,,,,,cases,0
aru,2026-10-06,,,,,,cases,0
aungba,2026-08-18,,,,,,cases,1
aungba,2026-08-25,,,,,,cases,1
aungba,2026-09-01,,,,,,cases,0
aungba,2026-09-08,,,,,,cases,0
aungba,2026-09-15,,,,,,cases,0
aungba,2026-09-22,,,,,,cases,0
aungba,2026-09-29,,,,,,cases,0
aungba,2026-10-06,,,,,,cases,0
bambu,2026-08-18,,,,,,cases,21
bambu,2026-08-25,,,,,,cases,34
bambu,2026-09-01,,,,,,cases,17
bambu,2026-09-08,,,,,,cases,11
bambu,2026-09-15,,,,,,cases,3
bambu,2026-09-22,,,,,,cases,18
bambu,2026-09-29,,,,,,cases,5
bambu,2026-10-06,,,,,,cases,8
boga,2026-08-18,,,,,,cases,0
boga,2026-08-25,,,,,,cases,1
boga,2026-09-01,,,,,,cases,0
boga,2026-09-08,,,,,,cases,0
boga,2026-09-15,,,,,,cases,0
boga,2026-09-22,,,,,,cases,0
boga,2026-09-29,,,,,,cases,0
boga,2026-10-06,,,,,,cases,0
bunia,2026-08-18,,,,,,cases,176
bunia,2026-08-25,,,,,,cases,98
bunia,2026-09-01,,,,,,cases,96
bunia,2026-09-08,,,,,,cases,110
bunia,2026-09-15,,,,,,cases,88
bunia,2026-09-22,,,,,,cases,67
bunia,2026-09-29,,,,,,cases,50
bunia,2026-10-06,,,,,,cases,62
damas,2026-08-18,,,,,,cases,7
damas,2026-08-25,,,,,,cases,2
damas,2026-09-01,,,,,,cases,1
damas,2026-09-08,,,,,,cases,4
damas,2026-09-15,,,,,,cases,8
damas,2026-09-22,,,,,,cases,0
damas,2026-09-29,,,,,,cases,0
damas,2026-10-06,,,,,,cases,0
drodro,2026-08-18,,,,,,cases,1
drodro,2026-08-25,,,,,,cases,0
drodro,2026-09-01,,,,,,cases,1
drodro,2026-09-08,,,,,,cases,1
drodro,2026-09-15,,,,,,cases,0
drodro,2026-09-22,,,,,,cases,0
drodro,2026-09-29,,,,,,cases,0
drodro,2026-10-06,,,,,,cases,0
fataki,2026-08-18,,,,,,cases,17
fataki,2026-08-25,,,,,,cases,1
fataki,2026-09-01,,,,,,cases,4
fataki,2026-09-08,,,,,,cases,1
fataki,2026-09-15,,,,,,cases,1
fataki,2026-09-22,,,,,,cases,2
fataki,2026-09-29,,,,,,cases,1
fataki,2026-10-06,,,,,,cases,2
gety,2026-08-18,,,,,,cases,3
gety,2026-08-25,,,,,,cases,0
gety,2026-09-01,,,,,,cases,1
gety,2026-09-08,,,,,,cases,1
gety,2026-09-15,,,,,,cases,0
gety,2026-09-22,,,,,,cases,0
gety,2026-09-29,,,,,,cases,0
gety,2026-10-06,,,,,,cases,2
kambala,2026-08-18,,,,,,cases,0
kambala,2026-08-25,,,,,,cases,0
kambala,2026-09-01,,,,,,cases,0
kambala,2026-09-08,,,,,,cases,0
kambala,2026-09-15,,,,,,cases,0
kambala,2026-09-22,,,,,,cases,0
kambala,2026-09-29,,,,,,cases,0
kambala,2026-10-06,,,,,,cases,0
kilo,2026-08-18,,,,,,cases,2
kilo,2026-08-25,,,,,,cases,1
kilo,2026-09-01,,,,,,cases,0
kilo,2026-09-08,,,,,,cases,1
kilo,2026-09-15,,,,,,cases,0
kilo,2026-09-22,,,,,,cases,1
kilo,2026-09-29,,,,,,cases,1
kilo,2026-10-06,,,,,,cases,3
komanda,2026-08-18,,,,,,cases,11
komanda,2026-08-25,,,,,,cases,8
komanda,2026-09-01,,,,,,cases,31
komanda,2026-09-08,,,,,,cases,26
komanda,2026-09-15,,,,,,cases,18
komanda,2026-09-22,,,,,,cases,17
komanda,2026-09-29,,,,,,cases,16
komanda,2026-10-06,,,,,,cases,7
lita,2026-08-18,,,,,,cases,23
lita,2026-08-25,,,,,,cases,18
lita,2026-09-01,,,,,,cases,20
lita,2026-09-08,,,,,,cases,23
lita,2026-09-15,,,,,,cases,17
lita,2026-09-22,,,,,,cases,12
lita,2026-09-29,,,,,,cases,8
lita,2026-10-06,,,,,,cases,11
logo,2026-08-18,,,,,,cases,0
logo,2026-08-25,,,,,,cases,0
logo,2026-09-01,,,,,,cases,0
logo,2026-09-08,,,,,,cases,2
logo,2026-09-15,,,,,,cases,0
logo,2026-09-22,,,,,,cases,0
logo,2026-09-29,,,,,,cases,0
logo,2026-10-06,,,,,,cases,1
lolwa,2026-08-18,,,,,,cases,6
lolwa,2026-08-25,,,,,,cases,2
lolwa,2026-09-01,,,,,,cases,3
lolwa,2026-09-08,,,,,,cases,3
lolwa,2026-09-15,,,,,,cases,6
lolwa,2026-09-22,,,,,,cases,1
lolwa,2026-09-29,,,,,,cases,2
lolwa,2026-10-06,,,,,,cases,1
mahagi,2026-08-18,,,,,,cases,0
mahagi,2026-08-25,,,,,,cases,0
mahagi,2026-09-01,,,,,,cases,0
mahagi,2026-09-08,,,,,,cases,0
mahagi,2026-09-15,,,,,,cases,0
mahagi,2026-09-22,,,,,,cases,0
mahagi,2026-09-29,,,,,,cases,0
mahagi,2026-10-06,,,,,,cases,0
mambasa,2026-08-18,,,,,,cases,1
mambasa,2026-08-25,,,,,,cases,3
mambasa,2026-09-01,,,,,,cases,0
mambasa,2026-09-08,,,,,,cases,0
mambasa,2026-09-15,,,,,,cases,0
mambasa,2026-09-22,,,,,,cases,6
mambasa,2026-09-29,,,,,,cases,6
mambasa,2026-10-06,,,,,,cases,12
mandima,2026-08-18,,,,,,cases,6
mandima,2026-08-25,,,,,,cases,7
mandima,2026-09-01,,,,,,cases,4
mandima,2026-09-08,,,,,,cases,8
mandima,2026-09-15,,,,,,cases,13
mandima,2026-09-22,,,,,,cases,9
mandima,2026-09-29,,,,,,cases,71
mandima,2026-10-06,,,,,,cases,61
mangala,2026-08-18,,,,,,cases,57
mangala,2026-08-25,,,,,,cases,30
mangala,2026-09-01,,,,,,cases,60
mangala,2026-09-08,,,,,,cases,34
mangala,2026-09-15,,,,,,cases,25
mangala,2026-09-22,,,,,,cases,19
mangala,2026-09-29,,,,,,cases,10
mangala,2026-10-06,,,,,,cases,15
mongbwalu,2026-08-18,,,,,,cases,17
mongbwalu,2026-08-25,,,,,,cases,12
mongbwalu,2026-09-01,,,,,,cases,10
mongbwalu,2026-09-08,,,,,,cases,25
mongbwalu,2026-09-15,,,,,,cases,30
mongbwalu,2026-09-22,,,,,,cases,22
mongbwalu,2026-09-29,,,,,,cases,9
mongbwalu,2026-10-06,,,,,,cases,9
nia_nia,2026-08-18,,,,,,cases,36
nia_nia,2026-08-25,,,,,,cases,21
nia_nia,2026-09-01,,,,,,cases,17
nia_nia,2026-09-08,,,,,,cases,12
nia_nia,2026-09-15,,,,,,cases,20
nia_nia,2026-09-22,,,,,,cases,21
nia_nia,2026-09-29,,,,,,cases,29
nia_nia,2026-10-06,,,,,,cases,16
nizi,2026-08-18,,,,,,cases,69
nizi,2026-08-25,,,,,,cases,70
nizi,2026-09-01,,,,,,cases,42
nizi,2026-09-08,,,,,,cases,53
nizi,2026-09-15,,,,,,cases,19
nizi,2026-09-22,,,,,,cases,20
nizi,2026-09-29,,,,,,cases,16
nizi,2026-10-06,,,,,,cases,14
nyankunde,2026-08-18,,,,,,cases,5
nyankunde,2026-08-25,,,,,,cases,3
nyankunde,2026-09-01,,,,,,cases,0
nyankunde,2026-09-08,,,,,,cases,1
nyankunde,2026-09-15,,,,,,cases,0
nyankunde,2026-09-22,,,,,,cases,2
nyankunde,2026-09-29,,,,,,cases,2
nyankunde,2026-10-06,,,,,,cases,1
rimba,2026-08-18,,,,,,cases,0
rimba,2026-08-25,,,,,,cases,1
rimba,2026-09-01,,,,,,cases,1
rimba,2026-09-08,,,,,,cases,0
rimba,2026-09-15,,,,,,cases,0
rimba,2026-09-22,,,,,,cases,1
rimba,2026-09-29,,,,,,cases,0
rimba,2026-10-06,,,,,,cases,2
rwampara,2026-08-18,,,,,,cases,114
rwampara,2026-08-25,,,,,,cases,42
rwampara,2026-09-01,,,,,,cases,43
rwampara,2026-09-08,,,,,,cases,35
rwampara,2026-09-15,,,,,,cases,30
rwampara,2026-09-22,,,,,,cases,32
rwampara,2026-09-29,,,,,,cases,22
rwampara,2026-10-06,,,,,,cases,35
tchomia,2026-08-18,,,,,,cases,3
tchomia,2026-08-25,,,,,,cases,4
tchomia,2026-09-01,,,,,,cases,2
tchomia,2026-09-08,,,,,,cases,6
tchomia,2026-09-15,,,,,,cases,12
tchomia,2026-09-22,,,,,,cases,0
tchomia,2026-09-29,,,,,,cases,1
tchomia,2026-10-06,,,,,,cases,0
alimbongo,2026-08-18,,,,,,cases,0
alimbongo,2026-08-25,,,,,,cases,0
alimbongo,2026-09-01,,,,,,cases,0
alimbongo,2026-09-08,,,,,,cases,0
alimbongo,2026-09-15,,,,,,cases,0
alimbongo,2026-09-22,,,,,,cases,0
alimbongo,2026-09-29,,,,,,cases,0
alimbongo,2026-10-06,,,,,,cases,5
beni,2026-08-18,,,,,,cases,20
beni,2026-08-25,,,,,,cases,20
beni,2026-09-01,,,,,,cases,28
beni,2026-09-08,,,,,,cases,39
beni,2026-09-15,,,,,,cases,56
beni,2026-09-22,,,,,,cases,51
beni,2026-09-29,,,,,,cases,56
beni,2026-10-06,,,,,,cases,61
biena,2026-08-18,,,,,,cases,0
biena,2026-08-25,,,,,,cases,0
biena,2026-09-01,,,,,,cases,1
biena,2026-09-08,,,,,,cases,8
biena,2026-09-15,,,,,,cases,9
biena,2026-09-22,,,,,,cases,0
biena,2026-09-29,,,,,,cases,1
biena,2026-10-06,,,,,,cases,4
butembo,2026-08-18,,,,,,cases,21
butembo,2026-08-25,,,,,,cases,22
butembo,2026-09-01,,,,,,cases,34
butembo,2026-09-08,,,,,,cases,37
butembo,2026-09-15,,,,,,cases,25
butembo,2026-09-22,,,,,,cases,11
butembo,2026-09-29,,,,,,cases,10
butembo,2026-10-06,,,,,,cases,23
goma,2026-08-18,,,,,,cases,0
goma,2026-08-25,,,,,,cases,0
goma,2026-09-01,,,,,,cases,0
goma,2026-09-08,,,,,,cases,0
goma,2026-09-15,,,,,,cases,0
goma,2026-09-22,,,,,,cases,0
goma,2026-09-29,,,,,,cases,0
goma,2026-10-06,,,,,,cases,0
kalunguta,2026-08-18,,,,,,cases,3
kalunguta,2026-08-25,,,,,,cases,3
kalunguta,2026-09-01,,,,,,cases,0
kalunguta,2026-09-08,,,,,,cases,4
kalunguta,2026-09-15,,,,,,cases,16
kalunguta,2026-09-22,,,,,,cases,13
kalunguta,2026-09-29,,,,,,cases,5
kalunguta,2026-10-06,,,,,,cases,9
katwa,2026-08-18,,,,,,cases,71
katwa,2026-08-25,,,,,,cases,50
katwa,2026-09-01,,,,,,cases,48
katwa,2026-09-08,,,,,,cases,69
katwa,2026-09-15,,,,,,cases,56
katwa,2026-09-22,,,,,,cases,15
katwa,2026-09-29,,,,,,cases,14
katwa,2026-10-06,,,,,,cases,46
kayna,2026-08-18,,,,,,cases,0
kayna,2026-08-25,,,,,,cases,0
kayna,2026-09-01,,,,,,cases,0
kayna,2026-09-08,,,,,,cases,1
kayna,2026-09-15,,,,,,cases,0
kayna,2026-09-22,,,,,,cases,0
kayna,2026-09-29,,,,,,cases,0
kayna,2026-10-06,,,,,,cases,2
kyondo,2026-08-18,,,,,,cases,2
kyondo,2026-08-25,,,,,,cases,1
kyondo,2026-09-01,,,,,,cases,0
kyondo,2026-09-08,,,,,,cases,9
kyondo,2026-09-15,,,,,,cases,5
kyondo,2026-09-22,,,,,,cases,2
kyondo,2026-09-29,,,,,,cases,1
kyondo,2026-10-06,,,,,,cases,4
lubero,2026-08-18,,,,,,cases,0
lubero,2026-08-25,,,,,,cases,0
lubero,2026-09-01,,,,,,cases,2
lubero,2026-09-08,,,,,,cases,4
lubero,2026-09-15,,,,,,cases,8
lubero,2026-09-22,,,,,,cases,5
lubero,2026-09-29,,,,,,cases,1
lubero,2026-10-06,,,,,,cases,2
mabalako,2026-08-18,,,,,,cases,1
mabalako,2026-08-25,,,,,,cases,1
mabalako,2026-09-01,,,,,,cases,3
mabalako,2026-09-08,,,,,,cases,4
mabalako,2026-09-15,,,,,,cases,9
mabalako,2026-09-22,,,,,,cases,5
mabalako,2026-09-29,,,,,,cases,9
mabalako,2026-10-06,,,,,,cases,18
manguredjipa,2026-08-18,,,,,,cases,0
manguredjipa,2026-08-25,,,,,,cases,0
manguredjipa,2026-09-01,,,,,,cases,2
manguredjipa,2026-09-08,,,,,,cases,2
manguredjipa,2026-09-15,,,,,,cases,5
manguredjipa,2026-09-22,,,,,,cases,4
manguredjipa,2026-09-29,,,,,,cases,0
manguredjipa,2026-10-06,,,,,,cases,0
masereka,2026-08-18,,,,,,cases,0
masereka,2026-08-25,,,,,,cases,0
masereka,2026-09-01,,,,,,cases,4
masereka,2026-09-08,,,,,,cases,4
masereka,2026-09-15,,,,,,cases,8
masereka,2026-09-22,,,,,,cases,2
masereka,2026-09-29,,,,,,cases,4
masereka,2026-10-06,,,,,,cases,5
musienene,2026-08-18,,,,,,cases,14
musienene,2026-08-25,,,,,,cases,9
musienene,2026-09-01,,,,,,cases,11
musienene,2026-09-08,,,,,,cases,18
musienene,2026-09-15,,,,,,cases,16
musienene,2026-09-22,,,,,,cases,4
musienene,2026-09-29,,,,,,cases,3
musienene,2026-10-06,,,,,,cases,16
mutwanga,2026-08-18,,,,,,cases,0
mutwanga,2026-08-25,,,,,,cases,1
mutwanga,2026-09-01,,,,,,cases,1
mutwanga,2026-09-08,,,,,,cases,0
mutwanga,2026-09-15,,,,,,cases,4
mutwanga,2026-09-22,,,,,,cases,4
mutwanga,2026-09-29,,,,,,cases,2
mutwanga,2026-10-06,,,,,,cases,8
oicha,2026-08-18,,,,,,cases,1
oicha,2026-08-25,,,,,,cases,1
oicha,2026-09-01,,,,,,cases,0
oicha,2026-09-08,,,,,,cases,2
oicha,2026-09-15,,,,,,cases,3
oicha,2026-09-22,,,,,,cases,3
oicha,2026-09-29,,,,,,cases,11
oicha,2026-10-06,,,,,,cases,8
vuhovi,2026-08-18,,,,,,cases,2
vuhovi,2026-08-25,,,,,,cases,0
vuhovi,2026-09-01,,,,,,cases,1
vuhovi,2026-09-08,,,,,,cases,4
vuhovi,2026-09-15,,,,,,cases,10
vuhovi,2026-09-22,,,,,,cases,7
vuhovi,2026-09-29,,,,,,cases,4
vuhovi,2026-10-06,,,,,,cases,4
boma_mangbetu,2026-08-18,,,,,,cases,2
boma_mangbetu,2026-08-25,,,,,,cases,3
boma_mangbetu,2026-09-01,,,,,,cases,1
boma_mangbetu,2026-09-08,,,,,,cases,2
boma_mangbetu,2026-09-15,,,,,,cases,5
boma_mangbetu,2026-09-22,,,,,,cases,2
boma_mangbetu,2026-09-29,,,,,,cases,3
boma_mangbetu,2026-10-06,,,,,,cases,4
dungu,2026-08-18,,,,,,cases,0
dungu,2026-08-25,,,,,,cases,0
dungu,2026-09-01,,,,,,cases,0
dungu,2026-09-08,,,,,,cases,0
dungu,2026-09-15,,,,,,cases,0
dungu,2026-09-22,,,,,,cases,1
dungu,2026-09-29,,,,,,cases,0
dungu,2026-10-06,,,,,,cases,0
gombari,2026-08-18,,,,,,cases,0
gombari,2026-08-25,,,,,,cases,2
gombari,2026-09-01,,,,,,cases,0
gombari,2026-09-08,,,,,,cases,0
gombari,2026-09-15,,,,,,cases,0
gombari,2026-09-22,,,,,,cases,0
gombari,2026-09-29,,,,,,cases,0
gombari,2026-10-06,,,,,,cases,0
isiro,2026-08-18,,,,,,cases,24
isiro,2026-08-25,,,,,,cases,19
isiro,2026-09-01,,,,,,cases,11
isiro,2026-09-08,,,,,,cases,7
isiro,2026-09-15,,,,,,cases,6
isiro,2026-09-22,,,,,,cases,1
isiro,2026-09-29,,,,,,cases,3
isiro,2026-10-06,,,,,,cases,0
pawa,2026-08-18,,,,,,cases,3
pawa,2026-08-25,,,,,,cases,0
pawa,2026-09-01,,,,,,cases,17
pawa,2026-09-08,,,,,,cases,9
pawa,2026-09-15,,,,,,cases,15
pawa,2026-09-22,,,,,,cases,9
pawa,2026-09-29,,,,,,cases,15
pawa,2026-10-06,,,,,,cases,7
rungu,2026-08-18,,,,,,cases,0
rungu,2026-08-25,,,,,,cases,0
rungu,2026-09-01,,,,,,cases,0
rungu,2026-09-08,,,,,,cases,1
rungu,2026-09-15,,,,,,cases,0
rungu,2026-09-22,,,,,,cases,0
rungu,2026-09-29,,,,,,cases,0
rungu,2026-10-06,,,,,,cases,2
wamba,2026-08-18,,,,,,cases,12
wamba,2026-08-25,,,,,,cases,12
wamba,2026-09-01,,,,,,cases,13
wamba,2026-09-08,,,,,,cases,8
wamba,2026-09-15,,,,,,cases,6
wamba,2026-09-22,,,,,,cases,13
wamba,2026-09-29,,,,,,cases,7
wamba,2026-10-06,,,,,,cases,7
miti_murhesa,2026-08-18,,,,,,cases,0
miti_murhesa,2026-08-25,,,,,,cases,0
miti_murhesa,2026-09-01,,,,,,cases,0
miti_murhesa,2026-09-08,,,,,,cases,0
miti_murhesa,2026-09-15,,,,,,cases,0
miti_murhesa,2026-09-22,,,,,,cases,0
miti_murhesa,2026-09-29,,,,,,cases,0
miti_murhesa,2026-10-06,,,,,,cases,0
bafwasende,2026-08-18,,,,,,cases,0
bafwasende,2026-08-25,,,,,,cases,0
bafwasende,2026-09-01,,,,,,cases,1
bafwasende,2026-09-08,,,,,,cases,2
bafwasende,2026-09-15,,,,,,cases,3
bafwasende,2026-09-22,,,,,,cases,0
bafwasende,2026-09-29,,,,,,cases,0
bafwasende,2026-10-06,,,,,,cases,0
kabondo,2026-08-18,,,,,,cases,1
kabondo,2026-08-25,,,,,,cases,0
kabondo,2026-09-01,,,,,,cases,0
kabondo,2026-09-08,,,,,,cases,1
kabondo,2026-09-15,,,,,,cases,0
kabondo,2026-09-22,,,,,,cases,1
kabondo,2026-09-29,,,,,,cases,0
kabondo,2026-10-06,,,,,,cases,0
lubunga,2026-08-18,,,,,,cases,0
lubunga,2026-08-25,,,,,,cases,0
lubunga,2026-09-01,,,,,,cases,0
lubunga,2026-09-08,,,,,,cases,0
lubunga,2026-09-15,,,,,,cases,0
lubunga,2026-09-22,,,,,,cases,0
lubunga,2026-09-29,,,,,,cases,0
lubunga,2026-10-06,,,,,,cases,0
makiso_kisangani,2026-08-18,,,,,,cases,2
makiso_kisangani,2026-08-25,,,,,,cases,1
makiso_kisangani,2026-09-01,,,,,,cases,3
makiso_kisangani,2026-09-08,,,,,,cases,1
makiso_kisangani,2026-09-15,,,,,,cases,1
makiso_kisangani,2026-09-22,,,,,,cases,11
makiso_kisangani,2026-09-29,,,,,,cases,2
makiso_kisangani,2026-10-06,,,,,,cases,3
mangobo,2026-08-18,,,,,,cases,1
mangobo,2026-08-25,,,,,,cases,0
mangobo,2026-09-01,,,,,,cases,1
mangobo,2026-09-08,,,,,,cases,0
mangobo,2026-09-15,,,,,,cases,1
mangobo,2026-09-22,,,,,,cases,1
mangobo,2026-09-29,,,,,,cases,1
mangobo,2026-10-06,,,,,,cases,2
tshopo,2026-08-18,,,,,,cases,1
tshopo,2026-08-25,,,,,,cases,0
tshopo,2026-09-01,,,,,,cases,0
tshopo,2026-09-08,,,,,,cases,0
tshopo,2026-09-15,,,,,,cases,0
tshopo,2026-09-22,,,,,,cases,0
tshopo,2026-09-29,,,,,,cases,0
tshopo,2026-10-06,,,,,,cases,1
wanie_rukula,2026-08-18,,,,,,cases,0
wanie_rukula,2026-08-25,,,,,,cases,0
wanie_rukula,2026-09-01,,,,,,cases,0
wanie_rukula,2026-09-08,,,,,,cases,0
wanie_rukula,2026-09-15,,,,,,cases,0
wanie_rukula,2026-09-22,,,,,,cases,0
wanie_rukula,2026-09-29,,,,,,cases,0
wanie_rukula,2026-10-06,,,,,,cases,0
buta,2026-08-18,,,,,,cases,1
buta,2026-08-25,,,,,,cases,0
buta,2026-09-01,,,,,,cases,0
buta,2026-09-08,,,,,,cases,0
buta,2026-09-15,,,,,,cases,0
buta,2026-09-22,,,,,,cases,0
buta,2026-09-29,,,,,,cases,0
buta,2026-10-06,,,,,,cases,0
ganga,2026-08-18,,,,,,cases,0
ganga,2026-08-25,,,,,,cases,1
ganga,2026-09-01,,,,,,cases,1
ganga,2026-09-08,,,,,,cases,0
ganga,2026-09-15,,,,,,cases,1
ganga,2026-09-22,,,,,,cases,0
ganga,2026-09-29,,,,,,cases,0
ganga,2026-10-06,,,,,,cases,0
viadana,2026-08-18,,,,,,cases,1
viadana,2026-08-25,,,,,,cases,0
viadana,2026-09-01,,,,,,cases,0
viadana,2026-09-08,,,,,,cases,0
viadana,2026-09-15,,,,,,cases,2
viadana,2026-09-22,,,,,,cases,0
viadana,2026-09-29,,,,,,cases,3
viadana,2026-10-06,,,,,,cases,0
bulu,2026-08-18,,,,,,cases,0
bulu,2026-08-25,,,,,,cases,0
bulu,2026-09-01,,,,,,cases,0
bulu,2026-09-08,,,,,,cases,0
bulu,2026-09-15,,,,,,cases,1
bulu,2026-09-22,,,,,,cases,1
bulu,2026-09-29,,,,,,cases,0
bulu,2026-10-06,,,,,,cases,0
adja,2026-08-18,,,,,,deaths,0
adja,2026-08-25,,,,,,deaths,0
adja,2026-09-01,,,,,,deaths,0
adja,2026-09-08,,,,,,deaths,0
adja,2026-09-15,,,,,,deaths,0
adja,2026-09-22,,,,,,deaths,0
adja,2026-09-29,,,,,,deaths,0
adja,2026-10-06,,,,,,deaths,0
ariwara,2026-08-18,,,,,,deaths,0
ariwara,2026-08-25,,,,,,deaths,0
ariwara,2026-09-01,,,,,,deaths,0
ariwara,2026-09-08,,,,,,deaths,0
ariwara,2026-09-15,,,,,,deaths,0
ariwara,2026-09-22,,,,,,deaths,0
ariwara,2026-09-29,,,,,,deaths,0
ariwara,2026-10-06,,,,,,deaths,0
aru,2026-08-18,,,,,,deaths,0
aru,2026-08-25,,,,,,deaths,0
aru,2026-09-01,,,,,,deaths,0
aru,2026-09-08,,,,,,deaths,0
aru,2026-09-15,,,,,,deaths,0
aru,2026-09-22,,,,,,deaths,0
aru,2026-09-29,,,,,,deaths,0
aru,2026-10-06,,,,,,deaths,0
aungba,2026-08-18,,,,,,deaths,0
aungba,2026-08-25,,,,,,deaths,0
aungba,2026-09-01,,,,,,deaths,0
aungba,2026-09-08,,,,,,deaths,0
aungba,2026-09-15,,,,,,deaths,0
aungba,2026-09-22,,,,,,deaths,0
aungba,2026-09-29,,,,,,deaths,0
aungba,2026-10-06,,,,,,deaths,0
bambu,2026-08-18,,,,,,deaths,4
bambu,2026-08-25,,,,,,deaths,3
bambu,2026-09-01,,,,,,deaths,7
bambu,2026-09-08,,,,,,deaths,3
bambu,2026-09-15,,,,,,deaths,0
bambu,2026-09-22,,,,,,deaths,2
bambu,2026-09-29,,,,,,deaths,5
bambu,2026-10-06,,,,,,deaths,1
boga,2026-08-18,,,,,,deaths,0
boga,2026-08-25,,,,,,deaths,1
boga,2026-09-01,,,,,,deaths,0
boga,2026-09-08,,,,,,deaths,0
boga,2026-09-15,,,,,,deaths,0
boga,2026-09-22,,,,,,deaths,0
boga,2026-09-29,,,,,,deaths,0
boga,2026-10-06,,,,,,deaths,0
bunia,2026-08-18,,,,,,deaths,67
bunia,2026-08-25,,,,,,deaths,27
bunia,2026-09-01,,,,,,deaths,31
bunia,2026-09-08,,,,,,deaths,34
bunia,2026-09-15,,,,,,deaths,34
bunia,2026-09-22,,,,,,deaths,18
bunia,2026-09-29,,,,,,deaths,33
bunia,2026-10-06,,,,,,deaths,33
damas,2026-08-18,,,,,,deaths,1
damas,2026-08-25,,,,,,deaths,0
damas,2026-09-01,,,,,,deaths,0
damas,2026-09-08,,,,,,deaths,0
damas,2026-09-15,,,,,,deaths,0
damas,2026-09-22,,,,,,deaths,0
damas,2026-09-29,,,,,,deaths,0
damas,2026-10-06,,,,,,deaths,0
drodro,2026-08-18,,,,,,deaths,0
drodro,2026-08-25,,,,,,deaths,0
drodro,2026-09-01,,,,,,deaths,1
drodro,2026-09-08,,,,,,deaths,0
drodro,2026-09-15,,,,,,deaths,0
drodro,2026-09-22,,,,,,deaths,0
drodro,2026-09-29,,,,,,deaths,0
drodro,2026-10-06,,,,,,deaths,0
fataki,2026-08-18,,,,,,deaths,1
fataki,2026-08-25,,,,,,deaths,0
fataki,2026-09-01,,,,,,deaths,0
fataki,2026-09-08,,,,,,deaths,0
fataki,2026-09-15,,,,,,deaths,0
fataki,2026-09-22,,,,,,deaths,0
fataki,2026-09-29,,,,,,deaths,1
fataki,2026-10-06,,,,,,deaths,0
gety,2026-08-18,,,,,,deaths,1
gety,2026-08-25,,,,,,deaths,0
gety,2026-09-01,,,,,,deaths,0
gety,2026-09-08,,,,,,deaths,1
gety,2026-09-15,,,,,,deaths,0
gety,2026-09-22,,,,,,deaths,0
gety,2026-09-29,,,,,,deaths,0
gety,2026-10-06,,,,,,deaths,2
kambala,2026-08-18,,,,,,deaths,0
kambala,2026-08-25,,,,,,deaths,0
kambala,2026-09-01,,,,,,deaths,0
kambala,2026-09-08,,,,,,deaths,0
kambala,2026-09-15,,,,,,deaths,0
kambala,2026-09-22,,,,,,deaths,0
kambala,2026-09-29,,,,,,deaths,0
kambala,2026-10-06,,,,,,deaths,0
kilo,2026-08-18,,,,,,deaths,1
kilo,2026-08-25,,,,,,deaths,0
kilo,2026-09-01,,,,,,deaths,0
kilo,2026-09-08,,,,,,deaths,0
kilo,2026-09-15,,,,,,deaths,0
kilo,2026-09-22,,,,,,deaths,0
kilo,2026-09-29,,,,,,deaths,0
kilo,2026-10-06,,,,,,deaths,0
komanda,2026-08-18,,,,,,deaths,8
komanda,2026-08-25,,,,,,deaths,2
komanda,2026-09-01,,,,,,deaths,23
komanda,2026-09-08,,,,,,deaths,18
komanda,2026-09-15,,,,,,deaths,8
komanda,2026-09-22,,,,,,deaths,5
komanda,2026-09-29,,,,,,deaths,9
komanda,2026-10-06,,,,,,deaths,5
lita,2026-08-18,,,,,,deaths,10
lita,2026-08-25,,,,,,deaths,5
lita,2026-09-01,,,,,,deaths,10
lita,2026-09-08,,,,,,deaths,1
lita,2026-09-15,,,,,,deaths,8
lita,2026-09-22,,,,,,deaths,8
lita,2026-09-29,,,,,,deaths,5
lita,2026-10-06,,,,,,deaths,5
logo,2026-08-18,,,,,,deaths,0
logo,2026-08-25,,,,,,deaths,0
logo,2026-09-01,,,,,,deaths,0
logo,2026-09-08,,,,,,deaths,0
logo,2026-09-15,,,,,,deaths,0
logo,2026-09-22,,,,,,deaths,0
logo,2026-09-29,,,,,,deaths,0
logo,2026-10-06,,,,,,deaths,1
lolwa,2026-08-18,,,,,,deaths,0
lolwa,2026-08-25,,,,,,deaths,0
lolwa,2026-09-01,,,,,,deaths,1
lolwa,2026-09-08,,,,,,deaths,2
lolwa,2026-09-15,,,,,,deaths,1
lolwa,2026-09-22,,,,,,deaths,0
lolwa,2026-09-29,,,,,,deaths,1
lolwa,2026-10-06,,,,,,deaths,0
mahagi,2026-08-18,,,,,,deaths,0
mahagi,2026-08-25,,,,,,deaths,0
mahagi,2026-09-01,,,,,,deaths,0
mahagi,2026-09-08,,,,,,deaths,0
mahagi,2026-09-15,,,,,,deaths,0
mahagi,2026-09-22,,,,,,deaths,0
mahagi,2026-09-29,,,,,,deaths,0
mahagi,2026-10-06,,,,,,deaths,0
mambasa,2026-08-18,,,,,,deaths,1
mambasa,2026-08-25,,,,,,deaths,0
mambasa,2026-09-01,,,,,,deaths,0
mambasa,2026-09-08,,,,,,deaths,0
mambasa,2026-09-15,,,,,,deaths,0
mambasa,2026-09-22,,,,,,deaths,2
mambasa,2026-09-29,,,,,,deaths,2
mambasa,2026-10-06,,,,,,deaths,6
mandima,2026-08-18,,,,,,deaths,3
mandima,2026-08-25,,,,,,deaths,3
mandima,2026-09-01,,,,,,deaths,2
mandima,2026-09-08,,,,,,deaths,3
mandima,2026-09-15,,,,,,deaths,8
mandima,2026-09-22,,,,,,deaths,4
mandima,2026-09-29,,,,,,deaths,39
mandima,2026-10-06,,,,,,deaths,23
mangala,2026-08-18,,,,,,deaths,25
mangala,2026-08-25,,,,,,deaths,10
mangala,2026-09-01,,,,,,deaths,25
mangala,2026-09-08,,,,,,deaths,7
mangala,2026-09-15,,,,,,deaths,5
mangala,2026-09-22,,,,,,deaths,3
mangala,2026-09-29,,,,,,deaths,5
mangala,2026-10-06,,,,,,deaths,3
mongbwalu,2026-08-18,,,,,,deaths,2
mongbwalu,2026-08-25,,,,,,deaths,2
mongbwalu,2026-09-01,,,,,,deaths,3
mongbwalu,2026-09-08,,,,,,deaths,6
mongbwalu,2026-09-15,,,,,,deaths,14
mongbwalu,2026-09-22,,,,,,deaths,16
mongbwalu,2026-09-29,,,,,,deaths,8
mongbwalu,2026-10-06,,,,,,deaths,6
nia_nia,2026-08-18,,,,,,deaths,20
nia_nia,2026-08-25,,,,,,deaths,4
nia_nia,2026-09-01,,,,,,deaths,5
nia_nia,2026-09-08,,,,,,deaths,2
nia_nia,2026-09-15,,,,,,deaths,13
nia_nia,2026-09-22,,,,,,deaths,21
nia_nia,2026-09-29,,,,,,deaths,13
nia_nia,2026-10-06,,,,,,deaths,13
nizi,2026-08-18,,,,,,deaths,16
nizi,2026-08-25,,,,,,deaths,9
nizi,2026-09-01,,,,,,deaths,12
nizi,2026-09-08,,,,,,deaths,9
nizi,2026-09-15,,,,,,deaths,0
nizi,2026-09-22,,,,,,deaths,3
nizi,2026-09-29,,,,,,deaths,3
nizi,2026-10-06,,,,,,deaths,7
nyankunde,2026-08-18,,,,,,deaths,0
nyankunde,2026-08-25,,,,,,deaths,0
nyankunde,2026-09-01,,,,,,deaths,0
nyankunde,2026-09-08,,,,,,deaths,1
nyankunde,2026-09-15,,,,,,deaths,0
nyankunde,2026-09-22,,,,,,deaths,1
nyankunde,2026-09-29,,,,,,deaths,0
nyankunde,2026-10-06,,,,,,deaths,0
rimba,2026-08-18,,,,,,deaths,0
rimba,2026-08-25,,,,,,deaths,0
rimba,2026-09-01,,,,,,deaths,0
rimba,2026-09-08,,,,,,deaths,0
rimba,2026-09-15,,,,,,deaths,0
rimba,2026-09-22,,,,,,deaths,0
rimba,2026-09-29,,,,,,deaths,0
rimba,2026-10-06,,,,,,deaths,1
rwampara,2026-08-18,,,,,,deaths,29
rwampara,2026-08-25,,,,,,deaths,3
rwampara,2026-09-01,,,,,,deaths,6
rwampara,2026-09-08,,,,,,deaths,7
rwampara,2026-09-15,,,,,,deaths,2
rwampara,2026-09-22,,,,,,deaths,9
rwampara,2026-09-29,,,,,,deaths,10
rwampara,2026-10-06,,,,,,deaths,19
tchomia,2026-08-18,,,,,,deaths,1
tchomia,2026-08-25,,,,,,deaths,0
tchomia,2026-09-01,,,,,,deaths,0
tchomia,2026-09-08,,,,,,deaths,0
tchomia,2026-09-15,,,,,,deaths,0
tchomia,2026-09-22,,,,,,deaths,0
tchomia,2026-09-29,,,,,,deaths,0
tchomia,2026-10-06,,,,,,deaths,0
alimbongo,2026-08-18,,,,,,deaths,0
alimbongo,2026-08-25,,,,,,deaths,0
alimbongo,2026-09-01,,,,,,deaths,0
alimbongo,2026-09-08,,,,,,deaths,0
alimbongo,2026-09-15,,,,,,deaths,0
alimbongo,2026-09-22,,,,,,deaths,0
alimbongo,2026-09-29,,,,,,deaths,0
alimbongo,2026-10-06,,,,,,deaths,3
beni,2026-08-18,,,,,,deaths,11
beni,2026-08-25,,,,,,deaths,14
beni,2026-09-01,,,,,,deaths,20
beni,2026-09-08,,,,,,deaths,33
beni,2026-09-15,,,,,,deaths,40
beni,2026-09-22,,,,,,deaths,26
beni,2026-09-29,,,,,,deaths,25
beni,2026-10-06,,,,,,deaths,39
biena,2026-08-18,,,,,,deaths,0
biena,2026-08-25,,,,,,deaths,0
biena,2026-09-01,,,,,,deaths,1
biena,2026-09-08,,,,,,deaths,3
biena,2026-09-15,,,,,,deaths,3
biena,2026-09-22,,,,,,deaths,0
biena,2026-09-29,,,,,,deaths,0
biena,2026-10-06,,,,,,deaths,0
butembo,2026-08-18,,,,,,deaths,13
butembo,2026-08-25,,,,,,deaths,12
butembo,2026-09-01,,,,,,deaths,24
butembo,2026-09-08,,,,,,deaths,14
butembo,2026-09-15,,,,,,deaths,9
butembo,2026-09-22,,,,,,deaths,5
butembo,2026-09-29,,,,,,deaths,8
butembo,2026-10-06,,,,,,deaths,10
goma,2026-08-18,,,,,,deaths,0
goma,2026-08-25,,,,,,deaths,0
goma,2026-09-01,,,,,,deaths,0
goma,2026-09-08,,,,,,deaths,0
goma,2026-09-15,,,,,,deaths,0
goma,2026-09-22,,,,,,deaths,0
goma,2026-09-29,,,,,,deaths,0
goma,2026-10-06,,,,,,deaths,0
kalunguta,2026-08-18,,,,,,deaths,2
kalunguta,2026-08-25,,,,,,deaths,1
kalunguta,2026-09-01,,,,,,deaths,0
kalunguta,2026-09-08,,,,,,deaths,2
kalunguta,2026-09-15,,,,,,deaths,3
kalunguta,2026-09-22,,,,,,deaths,4
kalunguta,2026-09-29,,,,,,deaths,2
kalunguta,2026-10-06,,,,,,deaths,4
katwa,2026-08-18,,,,,,deaths,48
katwa,2026-08-25,,,,,,deaths,37
katwa,2026-09-01,,,,,,deaths,29
katwa,2026-09-08,,,,,,deaths,35
katwa,2026-09-15,,,,,,deaths,32
katwa,2026-09-22,,,,,,deaths,11
katwa,2026-09-29,,,,,,deaths,9
katwa,2026-10-06,,,,,,deaths,16
kayna,2026-08-18,,,,,,deaths,0
kayna,2026-08-25,,,,,,deaths,0
kayna,2026-09-01,,,,,,deaths,0
kayna,2026-09-08,,,,,,deaths,0
kayna,2026-09-15,,,,,,deaths,0
kayna,2026-09-22,,,,,,deaths,0
kayna,2026-09-29,,,,,,deaths,0
kayna,2026-10-06,,,,,,deaths,2
kyondo,2026-08-18,,,,,,deaths,2
kyondo,2026-08-25,,,,,,deaths,0
kyondo,2026-09-01,,,,,,deaths,0
kyondo,2026-09-08,,,,,,deaths,5
kyondo,2026-09-15,,,,,,deaths,3
kyondo,2026-09-22,,,,,,deaths,0
kyondo,2026-09-29,,,,,,deaths,0
kyondo,2026-10-06,,,,,,deaths,0
lubero,2026-08-18,,,,,,deaths,0
lubero,2026-08-25,,,,,,deaths,0
lubero,2026-09-01,,,,,,deaths,2
lubero,2026-09-08,,,,,,deaths,1
lubero,2026-09-15,,,,,,deaths,3
lubero,2026-09-22,,,,,,deaths,3
lubero,2026-09-29,,,,,,deaths,1
lubero,2026-10-06,,,,,,deaths,0
mabalako,2026-08-18,,,,,,deaths,1
mabalako,2026-08-25,,,,,,deaths,1
mabalako,2026-09-01,,,,,,deaths,3
mabalako,2026-09-08,,,,,,deaths,2
mabalako,2026-09-15,,,,,,deaths,2
mabalako,2026-09-22,,,,,,deaths,2
mabalako,2026-09-29,,,,,,deaths,1
mabalako,2026-10-06,,,,,,deaths,8
manguredjipa,2026-08-18,,,,,,deaths,0
manguredjipa,2026-08-25,,,,,,deaths,0
manguredjipa,2026-09-01,,,,,,deaths,1
manguredjipa,2026-09-08,,,,,,deaths,2
manguredjipa,2026-09-15,,,,,,deaths,0
manguredjipa,2026-09-22,,,,,,deaths,1
manguredjipa,2026-09-29,,,,,,deaths,1
manguredjipa,2026-10-06,,,,,,deaths,0
masereka,2026-08-18,,,,,,deaths,0
masereka,2026-08-25,,,,,,deaths,0
masereka,2026-09-01,,,,,,deaths,1
masereka,2026-09-08,,,,,,deaths,1
masereka,2026-09-15,,,,,,deaths,3
masereka,2026-09-22,,,,,,deaths,0
masereka,2026-09-29,,,,,,deaths,0
masereka,2026-10-06,,,,,,deaths,2
musienene,2026-08-18,,,,,,deaths,8
musienene,2026-08-25,,,,,,deaths,6
musienene,2026-09-01,,,,,,deaths,4
musienene,2026-09-08,,,,,,deaths,8
musienene,2026-09-15,,,,,,deaths,9
musienene,2026-09-22,,,,,,deaths,1
musienene,2026-09-29,,,,,,deaths,2
musienene,2026-10-06,,,,,,deaths,2
mutwanga,2026-08-18,,,,,,deaths,0
mutwanga,2026-08-25,,,,,,deaths,1
mutwanga,2026-09-01,,,,,,deaths,1
mutwanga,2026-09-08,,,,,,deaths,0
mutwanga,2026-09-15,,,,,,deaths,0
mutwanga,2026-09-22,,,,,,deaths,0
mutwanga,2026-09-29,,,,,,deaths,0
mutwanga,2026-10-06,,,,,,deaths,2
oicha,2026-08-18,,,,,,deaths,0
oicha,2026-08-25,,,,,,deaths,0
oicha,2026-09-01,,,,,,deaths,2
oicha,2026-09-08,,,,,,deaths,0
oicha,2026-09-15,,,,,,deaths,4
oicha,2026-09-22,,,,,,deaths,1
oicha,2026-09-29,,,,,,deaths,3
oicha,2026-10-06,,,,,,deaths,2
vuhovi,2026-08-18,,,,,,deaths,1
vuhovi,2026-08-25,,,,,,deaths,0
vuhovi,2026-09-01,,,,,,deaths,1
vuhovi,2026-09-08,,,,,,deaths,2
vuhovi,2026-09-15,,,,,,deaths,1
vuhovi,2026-09-22,,,,,,deaths,2
vuhovi,2026-09-29,,,,,,deaths,2
vuhovi,2026-10-06,,,,,,deaths,0
boma_mangbetu,2026-08-18,,,,,,deaths,4
boma_mangbetu,2026-08-25,,,,,,deaths,5
boma_mangbetu,2026-09-01,,,,,,deaths,0
boma_mangbetu,2026-09-08,,,,,,deaths,0
boma_mangbetu,2026-09-15,,,,,,deaths,1
boma_mangbetu,2026-09-22,,,,,,deaths,0
boma_mangbetu,2026-09-29,,,,,,deaths,2
boma_mangbetu,2026-10-06,,,,,,deaths,2
dungu,2026-08-18,,,,,,deaths,0
dungu,2026-08-25,,,,,,deaths,0
dungu,2026-09-01,,,,,,deaths,0
dungu,2026-09-08,,,,,,deaths,0
dungu,2026-09-15,,,,,,deaths,0
dungu,2026-09-22,,,,,,deaths,1
dungu,2026-09-29,,,,,,deaths,0
dungu,2026-10-06,,,,,,deaths,0
gombari,2026-08-18,,,,,,deaths,0
gombari,2026-08-25,,,,,,deaths,0
gombari,2026-09-01,,,,,,deaths,0
gombari,2026-09-08,,,,,,deaths,0
gombari,2026-09-15,,,,,,deaths,0
gombari,2026-09-22,,,,,,deaths,0
gombari,2026-09-29,,,,,,deaths,0
gombari,2026-10-06,,,,,,deaths,0
isiro,2026-08-18,,,,,,deaths,8
isiro,2026-08-25,,,,,,deaths,8
isiro,2026-09-01,,,,,,deaths,2
isiro,2026-09-08,,,,,,deaths,3
isiro,2026-09-15,,,,,,deaths,5
isiro,2026-09-22,,,,,,deaths,1
isiro,2026-09-29,,,,,,deaths,1
isiro,2026-10-06,,,,,,deaths,0
pawa,2026-08-18,,,,,,deaths,3
pawa,2026-08-25,,,,,,deaths,1
pawa,2026-09-01,,,,,,deaths,7
pawa,2026-09-08,,,,,,deaths,1
pawa,2026-09-15,,,,,,deaths,3
pawa,2026-09-22,,,,,,deaths,7
pawa,2026-09-29,,,,,,deaths,6
pawa,2026-10-06,,,,,,deaths,4
rungu,2026-08-18,,,,,,deaths,0
rungu,2026-08-25,,,,,,deaths,0
rungu,2026-09-01,,,,,,deaths,0
rungu,2026-09-08,,,,,,deaths,1
rungu,2026-09-15,,,,,,deaths,0
rungu,2026-09-22,,,,,,deaths,0
rungu,2026-09-29,,,,,,deaths,0
rungu,2026-10-06,,,,,,deaths,1
wamba,2026-08-18,,,,,,deaths,6
wamba,2026-08-25,,,,,,deaths,6
wamba,2026-09-01,,,,,,deaths,3
wamba,2026-09-08,,,,,,deaths,1
wamba,2026-09-15,,,,,,deaths,2
wamba,2026-09-22,,,,,,deaths,3
wamba,2026-09-29,,,,,,deaths,5
wamba,2026-10-06,,,,,,deaths,2
miti_murhesa,2026-08-18,,,,,,deaths,0
miti_murhesa,2026-08-25,,,,,,deaths,0
miti_murhesa,2026-09-01,,,,,,deaths,0
miti_murhesa,2026-09-08,,,,,,deaths,0
miti_murhesa,2026-09-15,,,,,,deaths,0
miti_murhesa,2026-09-22,,,,,,deaths,0
miti_murhesa,2026-09-29,,,,,,deaths,0
miti_murhesa,2026-10-06,,,,,,deaths,0
bafwasende,2026-08-18,,,,,,deaths,0
bafwasende,2026-08-25,,,,,,deaths,0
bafwasende,2026-09-01,,,,,,deaths,0
bafwasende,2026-09-08,,,,,,deaths,0
bafwasende,2026-09-15,,,,,,deaths,1
bafwasende,2026-09-22,,,,,,deaths,0
bafwasende,2026-09-29,,,,,,deaths,0
bafwasende,2026-10-06,,,,,,deaths,0
kabondo,2026-08-18,,,,,,deaths,1
kabondo,2026-08-25,,,,,,deaths,0
kabondo,2026-09-01,,,,,,deaths,0
kabondo,2026-09-08,,,,,,deaths,0
kabondo,2026-09-15,,,,,,deaths,0
kabondo,2026-09-22,,,,,,deaths,0
kabondo,2026-09-29,,,,,,deaths,0
kabondo,2026-10-06,,,,,,deaths,0
lubunga,2026-08-18,,,,,,deaths,0
lubunga,2026-08-25,,,,,,deaths,0
lubunga,2026-09-01,,,,,,deaths,0
lubunga,2026-09-08,,,,,,deaths,0
lubunga,2026-09-15,,,,,,deaths,0
lubunga,2026-09-22,,,,,,deaths,0
lubunga,2026-09-29,,,,,,deaths,0
lubunga,2026-10-06,,,,,,deaths,0
makiso_kisangani,2026-08-18,,,,,,deaths,1
makiso_kisangani,2026-08-25,,,,,,deaths,1
makiso_kisangani,2026-09-01,,,,,,deaths,1
makiso_kisangani,2026-09-08,,,,,,deaths,0
makiso_kisangani,2026-09-15,,,,,,deaths,0
makiso_kisangani,2026-09-22,,,,,,deaths,4
makiso_kisangani,2026-09-29,,,,,,deaths,1
makiso_kisangani,2026-10-06,,,,,,deaths,1
mangobo,2026-08-18,,,,,,deaths,0
mangobo,2026-08-25,,,,,,deaths,1
mangobo,2026-09-01,,,,,,deaths,0
mangobo,2026-09-08,,,,,,deaths,0
mangobo,2026-09-15,,,,,,deaths,0
mangobo,2026-09-22,,,,,,deaths,1
mangobo,2026-09-29,,,,,,deaths,0
mangobo,2026-10-06,,,,,,deaths,1
tshopo,2026-08-18,,,,,,deaths,0
tshopo,2026-08-25,,,,,,deaths,0
tshopo,2026-09-01,,,,,,deaths,0
tshopo,2026-09-08,,,,,,deaths,0
tshopo,2026-09-15,,,,,,deaths,0
tshopo,2026-09-22,,,,,,deaths,0
tshopo,2026-09-29,,,,,,deaths,0
tshopo,2026-10-06,,,,,,deaths,0
wanie_rukula,2026-08-18,,,,,,deaths,0
wanie_rukula,2026-08-25,,,,,,deaths,1
wanie_rukula,2026-09-01,,,,,,deaths,0
wanie_rukula,2026-09-08,,,,,,deaths,0
wanie_rukula,2026-09-15,,,,,,deaths,0
wanie_rukula,2026-09-22,,,,,,deaths,0
wanie_rukula,2026-09-29,,,,,,deaths,0
wanie_rukula,2026-10-06,,,,,,deaths,0
buta,2026-08-18,,,,,,deaths,1
buta,2026-08-25,,,,,,deaths,0
buta,2026-09-01,,,,,,deaths,0
buta,2026-09-08,,,,,,deaths,0
buta,2026-09-15,,,,,,deaths,0
buta,2026-09-22,,,,,,deaths,0
buta,2026-09-29,,,,,,deaths,0
buta,2026-10-06,,,,,,deaths,0
ganga,2026-08-18,,,,,,deaths,0
ganga,2026-08-25,,,,,,deaths,0
ganga,2026-09-01,,,,,,deaths,2
ganga,2026-09-08,,,,,,deaths,0
ganga,2026-09-15,,,,,,deaths,0
ganga,2026-09-22,,,,,,deaths,0
ganga,2026-09-29,,,,,,deaths,0
ganga,2026-10-06,,,,,,deaths,0
viadana,2026-08-18,,,,,,deaths,0
viadana,2026-08-25,,,,,,deaths,0
viadana,2026-09-01,,,,,,deaths,0
viadana,2026-09-08,,,,,,deaths,0
viadana,2026-09-15,,,,,,deaths,1
viadana,2026-09-22,,,,,,deaths,0
viadana,2026-09-29,,,,,,deaths,0
viadana,2026-10-06,,,,,,deaths,0
bulu,2026-08-18,,,,,,deaths,0
bulu,2026-08-25,,,,,,deaths,0
bulu,2026-09-01,,,,,,deaths,0
bulu,2026-09-08,,,,,,deaths,0
bulu,2026-09-15,,,,,,deaths,1
bulu,2026-09-22,,,,,,deaths,0
bulu,2026-09-29,,,,,,deaths,0
bulu,2026-10-06,,,,,,deaths,0
