area,date,median,lower_90,upper_90,lower_50,upper_50,series,count
adja,2026-09-12,0.948,0.798,1.13,0.89,1.018,rt,
adja,2026-09-13,0.927,0.772,1.125,0.862,1.003,rt,
adja,2026-09-14,0.892,0.723,1.106,0.822,0.976,rt,
adja,2026-09-15,0.863,0.685,1.09,0.79,0.955,rt,
adja,2026-09-16,0.838,0.644,1.068,0.754,0.932,rt,
adja,2026-09-17,0.811,0.607,1.059,0.721,0.908,rt,
adja,2026-09-18,0.786,0.584,1.032,0.697,0.882,rt,
adja,2026-09-19,0.759,0.56,1.006,0.676,0.859,rt,
adja,2026-09-20,0.733,0.531,0.987,0.65,0.836,rt,
adja,2026-09-21,0.732,0.518,0.995,0.641,0.84,rt,
adja,2026-09-22,0.737,0.512,1.02,0.639,0.848,rt,
adja,2026-09-23,0.742,0.507,1.046,0.638,0.858,rt,
adja,2026-09-24,0.746,0.503,1.069,0.636,0.866,rt,
adja,2026-09-25,0.754,0.503,1.066,0.644,0.868,rt,
adja,2026-09-26,0.762,0.507,1.064,0.651,0.875,rt,
adja,2026-09-27,0.77,0.514,1.064,0.662,0.883,rt,
ariwara,2026-07-17,1.054,0.924,1.163,1.005,1.099,rt,
ariwara,2026-07-18,1.038,0.913,1.144,0.992,1.082,rt,
ariwara,2026-07-19,1.024,0.9,1.13,0.979,1.065,rt,
ariwara,2026-07-20,1.015,0.89,1.121,0.969,1.058,rt,
ariwara,2026-07-21,1.007,0.888,1.108,0.962,1.049,rt,
ariwara,2026-07-22,0.998,0.883,1.1,0.954,1.042,rt,
ariwara,2026-07-23,0.99,0.876,1.094,0.944,1.035,rt,
ariwara,2026-07-24,0.987,0.88,1.085,0.944,1.028,rt,
ariwara,2026-07-25,0.985,0.883,1.077,0.942,1.024,rt,
ariwara,2026-07-26,0.981,0.878,1.074,0.939,1.022,rt,
ariwara,2026-07-27,0.989,0.884,1.092,0.946,1.034,rt,
ariwara,2026-07-28,1.0,0.892,1.109,0.954,1.044,rt,
ariwara,2026-07-29,1.01,0.899,1.128,0.963,1.055,rt,
ariwara,2026-07-30,1.018,0.902,1.146,0.971,1.068,rt,
ariwara,2026-07-31,1.028,0.918,1.154,0.983,1.075,rt,
ariwara,2026-08-01,1.038,0.931,1.157,0.994,1.085,rt,
ariwara,2026-08-02,1.047,0.942,1.166,1.005,1.095,rt,
ariwara,2026-08-03,1.042,0.931,1.164,0.999,1.091,rt,
ariwara,2026-08-04,1.039,0.929,1.156,0.994,1.087,rt,
ariwara,2026-08-05,1.036,0.921,1.154,0.99,1.081,rt,
ariwara,2026-08-06,1.032,0.913,1.149,0.985,1.078,rt,
ariwara,2026-08-07,1.02,0.911,1.13,0.978,1.064,rt,
ariwara,2026-08-08,1.01,0.906,1.113,0.968,1.051,rt,
ariwara,2026-08-09,1.0,0.893,1.105,0.956,1.04,rt,
ariwara,2026-08-10,0.98,0.876,1.088,0.938,1.023,rt,
ariwara,2026-08-11,0.964,0.861,1.07,0.922,1.006,rt,
ariwara,2026-08-12,0.949,0.847,1.054,0.906,0.992,rt,
ariwara,2026-08-13,0.933,0.828,1.043,0.888,0.979,rt,
ariwara,2026-08-14,0.918,0.821,1.019,0.877,0.96,rt,
ariwara,2026-08-15,0.903,0.81,1.001,0.864,0.943,rt,
ariwara,2026-08-16,0.889,0.798,0.985,0.851,0.928,rt,
ariwara,2026-08-17,0.887,0.796,0.99,0.851,0.927,rt,
ariwara,2026-08-18,0.889,0.798,0.991,0.852,0.929,rt,
ariwara,2026-08-19,0.891,0.799,0.997,0.851,0.932,rt,
ariwara,2026-08-20,0.892,0.797,1.004,0.85,0.935,rt,
ariwara,2026-08-21,0.898,0.805,1.004,0.859,0.936,rt,
ariwara,2026-08-22,0.904,0.811,1.008,0.865,0.94,rt,
ariwara,2026-08-23,0.908,0.815,1.009,0.87,0.946,rt,
ariwara,2026-08-24,0.923,0.828,1.028,0.883,0.965,rt,
ariwara,2026-08-25,0.938,0.84,1.047,0.897,0.981,rt,
ariwara,2026-08-26,0.952,0.852,1.069,0.907,1.0,rt,
ariwara,2026-08-27,0.968,0.862,1.095,0.92,1.018,rt,
ariwara,2026-08-28,0.981,0.876,1.1,0.935,1.027,rt,
ariwara,2026-08-29,0.992,0.888,1.108,0.947,1.038,rt,
ariwara,2026-08-30,1.005,0.899,1.117,0.959,1.05,rt,
ariwara,2026-08-31,1.011,0.898,1.122,0.963,1.056,rt,
ariwara,2026-09-01,1.016,0.904,1.132,0.967,1.066,rt,
ariwara,2026-09-02,1.023,0.905,1.143,0.971,1.075,rt,
ariwara,2026-09-03,1.029,0.904,1.158,0.973,1.083,rt,
ariwara,2026-09-04,1.032,0.907,1.162,0.976,1.084,rt,
ariwara,2026-09-05,1.034,0.906,1.165,0.976,1.088,rt,
ariwara,2026-09-06,1.034,0.9,1.168,0.979,1.091,rt,
ariwara,2026-09-07,1.024,0.886,1.167,0.967,1.083,rt,
ariwara,2026-09-08,1.014,0.877,1.161,0.956,1.077,rt,
ariwara,2026-09-09,1.005,0.859,1.165,0.944,1.069,rt,
ariwara,2026-09-10,0.991,0.841,1.157,0.931,1.058,rt,
ariwara,2026-09-11,0.975,0.819,1.143,0.913,1.04,rt,
ariwara,2026-09-12,0.955,0.799,1.135,0.891,1.021,rt,
ariwara,2026-09-13,0.934,0.771,1.129,0.867,1.006,rt,
ariwara,2026-09-14,0.896,0.725,1.116,0.829,0.981,rt,
ariwara,2026-09-15,0.868,0.688,1.099,0.793,0.956,rt,
ariwara,2026-09-16,0.84,0.647,1.082,0.759,0.935,rt,
ariwara,2026-09-17,0.815,0.609,1.071,0.727,0.91,rt,
ariwara,2026-09-18,0.791,0.587,1.04,0.701,0.887,rt,
ariwara,2026-09-19,0.765,0.563,1.017,0.675,0.862,rt,
ariwara,2026-09-20,0.741,0.532,0.996,0.651,0.84,rt,
ariwara,2026-09-21,0.74,0.521,1.004,0.643,0.847,rt,
ariwara,2026-09-22,0.745,0.513,1.032,0.644,0.857,rt,
ariwara,2026-09-23,0.749,0.508,1.056,0.645,0.862,rt,
ariwara,2026-09-24,0.754,0.504,1.08,0.643,0.874,rt,
ariwara,2026-09-25,0.76,0.508,1.072,0.649,0.879,rt,
ariwara,2026-09-26,0.768,0.51,1.073,0.656,0.884,rt,
ariwara,2026-09-27,0.777,0.516,1.066,0.664,0.89,rt,
aru,2026-05-30,1.229,0.887,1.677,1.07,1.421,rt,
aru,2026-05-31,1.217,0.879,1.63,1.06,1.396,rt,
aru,2026-06-01,1.216,0.886,1.607,1.062,1.385,rt,
aru,2026-06-02,1.218,0.896,1.584,1.067,1.375,rt,
aru,2026-06-03,1.215,0.903,1.559,1.072,1.364,rt,
aru,2026-06-04,1.213,0.906,1.539,1.076,1.359,rt,
aru,2026-06-05,1.217,0.915,1.523,1.08,1.347,rt,
aru,2026-06-06,1.218,0.926,1.506,1.088,1.342,rt,
aru,2026-06-07,1.211,0.936,1.488,1.092,1.335,rt,
aru,2026-06-08,1.21,0.937,1.483,1.093,1.326,rt,
aru,2026-06-09,1.206,0.941,1.467,1.092,1.314,rt,
aru,2026-06-10,1.199,0.943,1.459,1.091,1.302,rt,
aru,2026-06-11,1.191,0.944,1.443,1.088,1.293,rt,
aru,2026-06-12,1.18,0.939,1.42,1.084,1.279,rt,
aru,2026-06-13,1.171,0.936,1.401,1.078,1.264,rt,
aru,2026-06-14,1.157,0.934,1.382,1.067,1.253,rt,
aru,2026-06-15,1.152,0.933,1.374,1.064,1.251,rt,
aru,2026-06-16,1.151,0.936,1.366,1.06,1.245,rt,
aru,2026-06-17,1.15,0.939,1.364,1.061,1.241,rt,
aru,2026-06-18,1.145,0.937,1.357,1.059,1.237,rt,
aru,2026-06-19,1.137,0.936,1.342,1.054,1.223,rt,
aru,2026-06-20,1.129,0.937,1.326,1.049,1.212,rt,
aru,2026-06-21,1.122,0.932,1.313,1.047,1.202,rt,
aru,2026-06-22,1.128,0.935,1.315,1.051,1.204,rt,
aru,2026-06-23,1.131,0.942,1.313,1.056,1.206,rt,
aru,2026-06-24,1.135,0.947,1.312,1.059,1.208,rt,
aru,2026-06-25,1.139,0.953,1.318,1.06,1.211,rt,
aru,2026-06-26,1.143,0.959,1.31,1.065,1.211,rt,
aru,2026-06-27,1.149,0.964,1.311,1.07,1.216,rt,
aru,2026-06-28,1.152,0.968,1.314,1.074,1.219,rt,
aru,2026-06-29,1.133,0.954,1.3,1.056,1.197,rt,
aru,2026-06-30,1.113,0.937,1.273,1.037,1.173,rt,
aru,2026-07-01,1.09,0.92,1.256,1.019,1.151,rt,
aru,2026-07-02,1.071,0.901,1.232,1.005,1.135,rt,
aru,2026-07-03,1.058,0.896,1.21,0.996,1.119,rt,
aru,2026-07-04,1.046,0.893,1.198,0.987,1.107,rt,
aru,2026-07-05,1.034,0.886,1.185,0.977,1.095,rt,
aru,2026-07-06,1.036,0.881,1.186,0.974,1.097,rt,
aru,2026-07-07,1.043,0.89,1.186,0.98,1.103,rt,
aru,2026-07-08,1.048,0.896,1.191,0.985,1.107,rt,
aru,2026-07-09,1.052,0.9,1.2,0.988,1.113,rt,
aru,2026-07-10,1.054,0.905,1.193,0.991,1.114,rt,
aru,2026-07-11,1.057,0.908,1.192,0.995,1.115,rt,
aru,2026-07-12,1.061,0.908,1.193,0.998,1.116,rt,
aru,2026-07-13,1.048,0.897,1.18,0.987,1.106,rt,
aru,2026-07-14,1.039,0.892,1.17,0.977,1.095,rt,
aru,2026-07-15,1.03,0.887,1.158,0.967,1.085,rt,
aru,2026-07-16,1.02,0.88,1.149,0.96,1.074,rt,
aru,2026-07-17,1.007,0.871,1.127,0.951,1.059,rt,
aru,2026-07-18,0.994,0.865,1.108,0.94,1.045,rt,
aru,2026-07-19,0.981,0.855,1.092,0.928,1.031,rt,
aru,2026-07-20,0.973,0.846,1.086,0.923,1.023,rt,
aru,2026-07-21,0.967,0.845,1.077,0.917,1.014,rt,
aru,2026-07-22,0.959,0.84,1.072,0.912,1.008,rt,
aru,2026-07-23,0.951,0.832,1.066,0.904,1.001,rt,
aru,2026-07-24,0.95,0.838,1.061,0.902,0.998,rt,
aru,2026-07-25,0.949,0.839,1.056,0.903,0.994,rt,
aru,2026-07-26,0.948,0.836,1.053,0.901,0.99,rt,
aru,2026-07-27,0.96,0.845,1.068,0.91,1.003,rt,
aru,2026-07-28,0.97,0.852,1.087,0.921,1.014,rt,
aru,2026-07-29,0.981,0.858,1.102,0.93,1.027,rt,
aru,2026-07-30,0.991,0.863,1.119,0.938,1.041,rt,
aru,2026-07-31,1.003,0.88,1.125,0.952,1.05,rt,
aru,2026-08-01,1.014,0.89,1.133,0.964,1.059,rt,
aru,2026-08-02,1.023,0.899,1.145,0.976,1.069,rt,
aru,2026-08-03,1.021,0.898,1.14,0.972,1.066,rt,
aru,2026-08-04,1.017,0.897,1.134,0.968,1.06,rt,
aru,2026-08-05,1.013,0.894,1.13,0.965,1.058,rt,
aru,2026-08-06,1.01,0.89,1.129,0.96,1.056,rt,
aru,2026-08-07,1.001,0.889,1.112,0.952,1.043,rt,
aru,2026-08-08,0.99,0.882,1.096,0.945,1.031,rt,
aru,2026-08-09,0.978,0.875,1.084,0.936,1.021,rt,
aru,2026-08-10,0.959,0.855,1.067,0.917,1.003,rt,
aru,2026-08-11,0.944,0.843,1.053,0.904,0.986,rt,
aru,2026-08-12,0.931,0.828,1.041,0.887,0.973,rt,
aru,2026-08-13,0.917,0.812,1.029,0.87,0.96,rt,
aru,2026-08-14,0.902,0.804,1.004,0.86,0.943,rt,
aru,2026-08-15,0.888,0.794,0.985,0.85,0.928,rt,
aru,2026-08-16,0.875,0.784,0.972,0.837,0.913,rt,
aru,2026-08-17,0.874,0.78,0.974,0.836,0.914,rt,
aru,2026-08-18,0.877,0.78,0.975,0.835,0.916,rt,
aru,2026-08-19,0.878,0.778,0.982,0.837,0.918,rt,
aru,2026-08-20,0.88,0.777,0.987,0.838,0.922,rt,
aru,2026-08-21,0.886,0.785,0.989,0.845,0.924,rt,
aru,2026-08-22,0.891,0.792,0.992,0.853,0.928,rt,
aru,2026-08-23,0.897,0.798,1.002,0.859,0.934,rt,
aru,2026-08-24,0.911,0.812,1.021,0.87,0.95,rt,
aru,2026-08-25,0.924,0.824,1.039,0.884,0.967,rt,
aru,2026-08-26,0.939,0.832,1.06,0.896,0.987,rt,
aru,2026-08-27,0.953,0.841,1.085,0.909,1.006,rt,
aru,2026-08-28,0.968,0.859,1.091,0.922,1.014,rt,
aru,2026-08-29,0.98,0.872,1.101,0.934,1.025,rt,
aru,2026-08-30,0.992,0.882,1.112,0.946,1.038,rt,
aru,2026-08-31,0.998,0.881,1.118,0.951,1.045,rt,
aru,2026-09-01,1.004,0.883,1.129,0.957,1.053,rt,
aru,2026-09-02,1.011,0.884,1.138,0.961,1.061,rt,
aru,2026-09-03,1.017,0.881,1.155,0.964,1.069,rt,
aru,2026-09-04,1.021,0.888,1.155,0.966,1.072,rt,
aru,2026-09-05,1.022,0.886,1.157,0.968,1.077,rt,
aru,2026-09-06,1.021,0.883,1.163,0.968,1.081,rt,
aru,2026-09-07,1.01,0.866,1.16,0.956,1.072,rt,
aru,2026-09-08,1.002,0.854,1.157,0.946,1.064,rt,
aru,2026-09-09,0.994,0.839,1.152,0.934,1.055,rt,
aru,2026-09-10,0.983,0.825,1.148,0.92,1.046,rt,
aru,2026-09-11,0.961,0.808,1.13,0.902,1.028,rt,
aru,2026-09-12,0.942,0.788,1.121,0.879,1.012,rt,
aru,2026-09-13,0.921,0.759,1.114,0.853,0.997,rt,
aru,2026-09-14,0.887,0.711,1.098,0.814,0.968,rt,
aru,2026-09-15,0.858,0.677,1.08,0.781,0.944,rt,
aru,2026-09-16,0.831,0.638,1.067,0.749,0.92,rt,
aru,2026-09-17,0.803,0.603,1.05,0.716,0.901,rt,
aru,2026-09-18,0.78,0.583,1.022,0.691,0.874,rt,
aru,2026-09-19,0.754,0.556,1.004,0.668,0.852,rt,
aru,2026-09-20,0.731,0.529,0.99,0.644,0.828,rt,
aru,2026-09-21,0.729,0.517,1.004,0.638,0.833,rt,
aru,2026-09-22,0.733,0.508,1.025,0.638,0.838,rt,
aru,2026-09-23,0.736,0.502,1.045,0.634,0.847,rt,
aru,2026-09-24,0.741,0.494,1.072,0.629,0.861,rt,
aru,2026-09-25,0.751,0.497,1.062,0.638,0.865,rt,
aru,2026-09-26,0.759,0.505,1.065,0.646,0.873,rt,
aru,2026-09-27,0.768,0.508,1.065,0.657,0.88,rt,
aungba,2026-06-30,1.154,0.987,1.304,1.083,1.214,rt,
aungba,2026-07-01,1.131,0.97,1.281,1.063,1.192,rt,
aungba,2026-07-02,1.109,0.95,1.263,1.047,1.171,rt,
aungba,2026-07-03,1.096,0.944,1.239,1.035,1.154,rt,
aungba,2026-07-04,1.084,0.935,1.22,1.024,1.138,rt,
aungba,2026-07-05,1.071,0.923,1.204,1.016,1.126,rt,
aungba,2026-07-06,1.069,0.924,1.206,1.015,1.126,rt,
aungba,2026-07-07,1.073,0.931,1.205,1.017,1.128,rt,
aungba,2026-07-08,1.078,0.937,1.209,1.021,1.132,rt,
aungba,2026-07-09,1.082,0.941,1.217,1.022,1.137,rt,
aungba,2026-07-10,1.082,0.941,1.212,1.026,1.137,rt,
aungba,2026-07-11,1.085,0.944,1.206,1.029,1.136,rt,
aungba,2026-07-12,1.087,0.945,1.209,1.029,1.139,rt,
aungba,2026-07-13,1.074,0.929,1.196,1.017,1.126,rt,
aungba,2026-07-14,1.063,0.923,1.184,1.007,1.113,rt,
aungba,2026-07-15,1.053,0.915,1.171,0.996,1.103,rt,
aungba,2026-07-16,1.041,0.904,1.161,0.987,1.093,rt,
aungba,2026-07-17,1.029,0.897,1.137,0.975,1.076,rt,
aungba,2026-07-18,1.014,0.889,1.115,0.963,1.059,rt,
aungba,2026-07-19,0.998,0.878,1.103,0.95,1.042,rt,
aungba,2026-07-20,0.991,0.869,1.097,0.941,1.035,rt,
aungba,2026-07-21,0.983,0.865,1.09,0.933,1.028,rt,
aungba,2026-07-22,0.974,0.857,1.084,0.929,1.019,rt,
aungba,2026-07-23,0.967,0.849,1.079,0.922,1.012,rt,
aungba,2026-07-24,0.965,0.854,1.07,0.922,1.008,rt,
aungba,2026-07-25,0.963,0.858,1.061,0.92,1.005,rt,
aungba,2026-07-26,0.963,0.858,1.058,0.918,1.003,rt,
aungba,2026-07-27,0.972,0.862,1.075,0.926,1.014,rt,
aungba,2026-07-28,0.982,0.872,1.091,0.936,1.025,rt,
aungba,2026-07-29,0.994,0.879,1.108,0.945,1.039,rt,
aungba,2026-07-30,1.003,0.882,1.125,0.953,1.05,rt,
aungba,2026-07-31,1.014,0.896,1.128,0.966,1.058,rt,
aungba,2026-08-01,1.023,0.91,1.137,0.978,1.069,rt,
aungba,2026-08-02,1.033,0.918,1.148,0.988,1.079,rt,
aungba,2026-08-03,1.029,0.914,1.147,0.982,1.074,rt,
aungba,2026-08-04,1.026,0.91,1.141,0.978,1.072,rt,
aungba,2026-08-05,1.02,0.906,1.134,0.973,1.067,rt,
aungba,2026-08-06,1.016,0.898,1.133,0.969,1.063,rt,
aungba,2026-08-07,1.006,0.892,1.116,0.961,1.051,rt,
aungba,2026-08-08,0.996,0.889,1.101,0.954,1.037,rt,
aungba,2026-08-09,0.985,0.879,1.09,0.945,1.027,rt,
aungba,2026-08-10,0.966,0.857,1.073,0.925,1.01,rt,
aungba,2026-08-11,0.951,0.842,1.057,0.909,0.993,rt,
aungba,2026-08-12,0.935,0.83,1.045,0.893,0.979,rt,
aungba,2026-08-13,0.921,0.812,1.031,0.877,0.966,rt,
aungba,2026-08-14,0.905,0.804,1.011,0.865,0.948,rt,
aungba,2026-08-15,0.891,0.794,0.991,0.852,0.933,rt,
aungba,2026-08-16,0.877,0.785,0.975,0.839,0.917,rt,
aungba,2026-08-17,0.876,0.786,0.977,0.838,0.918,rt,
aungba,2026-08-18,0.878,0.785,0.98,0.838,0.918,rt,
aungba,2026-08-19,0.879,0.783,0.984,0.839,0.92,rt,
aungba,2026-08-20,0.88,0.781,0.99,0.838,0.924,rt,
aungba,2026-08-21,0.886,0.79,0.99,0.846,0.925,rt,
aungba,2026-08-22,0.89,0.797,0.992,0.852,0.928,rt,
aungba,2026-08-23,0.894,0.801,0.999,0.857,0.933,rt,
aungba,2026-08-24,0.908,0.811,1.015,0.869,0.947,rt,
aungba,2026-08-25,0.923,0.823,1.039,0.883,0.965,rt,
aungba,2026-08-26,0.937,0.833,1.063,0.895,0.983,rt,
aungba,2026-08-27,0.952,0.841,1.087,0.907,1.001,rt,
aungba,2026-08-28,0.964,0.856,1.088,0.92,1.011,rt,
aungba,2026-08-29,0.977,0.872,1.097,0.932,1.022,rt,
aungba,2026-08-30,0.988,0.881,1.105,0.94,1.034,rt,
aungba,2026-08-31,0.994,0.882,1.115,0.943,1.04,rt,
aungba,2026-09-01,0.998,0.884,1.124,0.949,1.047,rt,
aungba,2026-09-02,1.003,0.884,1.14,0.952,1.057,rt,
aungba,2026-09-03,1.009,0.882,1.146,0.955,1.065,rt,
aungba,2026-09-04,1.012,0.886,1.15,0.959,1.067,rt,
aungba,2026-09-05,1.014,0.883,1.152,0.96,1.068,rt,
aungba,2026-09-06,1.014,0.885,1.154,0.957,1.071,rt,
aungba,2026-09-07,1.003,0.868,1.146,0.947,1.062,rt,
aungba,2026-09-08,0.995,0.857,1.143,0.935,1.054,rt,
aungba,2026-09-09,0.984,0.843,1.136,0.924,1.044,rt,
aungba,2026-09-10,0.972,0.824,1.131,0.908,1.033,rt,
aungba,2026-09-11,0.95,0.805,1.117,0.892,1.012,rt,
aungba,2026-09-12,0.929,0.78,1.106,0.869,0.995,rt,
aungba,2026-09-13,0.906,0.749,1.101,0.841,0.98,rt,
aungba,2026-09-14,0.871,0.703,1.081,0.803,0.95,rt,
aungba,2026-09-15,0.843,0.666,1.066,0.771,0.925,rt,
aungba,2026-09-16,0.817,0.63,1.049,0.735,0.903,rt,
aungba,2026-09-17,0.788,0.594,1.033,0.701,0.88,rt,
aungba,2026-09-18,0.764,0.57,1.006,0.676,0.856,rt,
aungba,2026-09-19,0.738,0.542,0.98,0.651,0.831,rt,
aungba,2026-09-20,0.712,0.512,0.957,0.627,0.809,rt,
aungba,2026-09-21,0.71,0.499,0.966,0.62,0.812,rt,
aungba,2026-09-22,0.713,0.493,0.984,0.618,0.82,rt,
aungba,2026-09-23,0.717,0.483,1.008,0.615,0.826,rt,
aungba,2026-09-24,0.722,0.48,1.037,0.613,0.836,rt,
aungba,2026-09-25,0.727,0.485,1.032,0.621,0.841,rt,
aungba,2026-09-26,0.736,0.49,1.027,0.627,0.848,rt,
aungba,2026-09-27,0.743,0.494,1.025,0.637,0.854,rt,
bambu,2026-05-24,2.096,1.439,2.915,1.809,2.385,rt,
bambu,2026-05-25,2.055,1.42,2.889,1.771,2.343,rt,
bambu,2026-05-26,2.017,1.414,2.759,1.738,2.294,rt,
bambu,2026-05-27,1.975,1.396,2.671,1.723,2.245,rt,
bambu,2026-05-28,1.935,1.377,2.583,1.695,2.195,rt,
bambu,2026-05-29,1.891,1.362,2.518,1.656,2.128,rt,
bambu,2026-05-30,1.845,1.325,2.459,1.616,2.074,rt,
bambu,2026-05-31,1.794,1.297,2.41,1.571,2.026,rt,
bambu,2026-06-01,1.775,1.26,2.404,1.552,2.007,rt,
bambu,2026-06-02,1.767,1.291,2.352,1.56,1.976,rt,
bambu,2026-06-03,1.754,1.309,2.303,1.561,1.949,rt,
bambu,2026-06-04,1.738,1.314,2.279,1.56,1.941,rt,
bambu,2026-06-05,1.729,1.312,2.252,1.561,1.925,rt,
bambu,2026-06-06,1.728,1.31,2.247,1.554,1.914,rt,
bambu,2026-06-07,1.719,1.296,2.232,1.538,1.912,rt,
bambu,2026-06-08,1.719,1.273,2.247,1.526,1.914,rt,
bambu,2026-06-09,1.709,1.289,2.221,1.533,1.893,rt,
bambu,2026-06-10,1.701,1.301,2.196,1.534,1.874,rt,
bambu,2026-06-11,1.686,1.294,2.175,1.522,1.859,rt,
bambu,2026-06-12,1.674,1.297,2.156,1.514,1.843,rt,
bambu,2026-06-13,1.662,1.3,2.122,1.506,1.827,rt,
bambu,2026-06-14,1.646,1.29,2.095,1.482,1.814,rt,
bambu,2026-06-15,1.633,1.271,2.111,1.47,1.818,rt,
bambu,2026-06-16,1.631,1.288,2.06,1.476,1.799,rt,
bambu,2026-06-17,1.626,1.296,2.026,1.481,1.776,rt,
bambu,2026-06-18,1.613,1.288,2.003,1.479,1.764,rt,
bambu,2026-06-19,1.61,1.284,1.985,1.474,1.746,rt,
bambu,2026-06-20,1.592,1.269,1.98,1.461,1.729,rt,
bambu,2026-06-21,1.578,1.246,1.979,1.446,1.72,rt,
bambu,2026-06-22,1.579,1.233,2.001,1.435,1.732,rt,
bambu,2026-06-23,1.574,1.244,1.974,1.44,1.726,rt,
bambu,2026-06-24,1.566,1.251,1.939,1.441,1.712,rt,
bambu,2026-06-25,1.556,1.257,1.929,1.432,1.706,rt,
bambu,2026-06-26,1.556,1.263,1.915,1.427,1.7,rt,
bambu,2026-06-27,1.551,1.252,1.903,1.413,1.694,rt,
bambu,2026-06-28,1.54,1.238,1.908,1.406,1.689,rt,
bambu,2026-06-29,1.504,1.191,1.891,1.369,1.655,rt,
bambu,2026-06-30,1.464,1.175,1.827,1.336,1.603,rt,
bambu,2026-07-01,1.425,1.148,1.764,1.306,1.563,rt,
bambu,2026-07-02,1.385,1.114,1.708,1.276,1.516,rt,
bambu,2026-07-03,1.361,1.095,1.672,1.25,1.489,rt,
bambu,2026-07-04,1.333,1.07,1.652,1.228,1.461,rt,
bambu,2026-07-05,1.308,1.036,1.631,1.195,1.438,rt,
bambu,2026-07-06,1.297,1.014,1.632,1.184,1.432,rt,
bambu,2026-07-07,1.29,1.022,1.604,1.181,1.415,rt,
bambu,2026-07-08,1.288,1.028,1.581,1.183,1.407,rt,
bambu,2026-07-09,1.285,1.032,1.567,1.177,1.398,rt,
bambu,2026-07-10,1.281,1.027,1.549,1.171,1.386,rt,
bambu,2026-07-11,1.27,1.019,1.542,1.162,1.381,rt,
bambu,2026-07-12,1.263,1.008,1.541,1.149,1.38,rt,
bambu,2026-07-13,1.242,0.975,1.526,1.12,1.364,rt,
bambu,2026-07-14,1.226,0.979,1.492,1.116,1.338,rt,
bambu,2026-07-15,1.208,0.976,1.462,1.107,1.314,rt,
bambu,2026-07-16,1.191,0.967,1.43,1.097,1.292,rt,
bambu,2026-07-17,1.173,0.953,1.409,1.08,1.267,rt,
bambu,2026-07-18,1.153,0.946,1.39,1.063,1.243,rt,
bambu,2026-07-19,1.134,0.926,1.387,1.042,1.228,rt,
bambu,2026-07-20,1.12,0.905,1.397,1.023,1.216,rt,
bambu,2026-07-21,1.111,0.909,1.37,1.023,1.205,rt,
bambu,2026-07-22,1.102,0.914,1.348,1.02,1.194,rt,
bambu,2026-07-23,1.095,0.907,1.332,1.012,1.186,rt,
bambu,2026-07-24,1.094,0.905,1.325,1.012,1.184,rt,
bambu,2026-07-25,1.092,0.902,1.325,1.008,1.181,rt,
bambu,2026-07-26,1.091,0.883,1.339,0.999,1.186,rt,
bambu,2026-07-27,1.102,0.871,1.375,1.006,1.21,rt,
bambu,2026-07-28,1.114,0.894,1.364,1.019,1.217,rt,
bambu,2026-07-29,1.124,0.91,1.364,1.031,1.22,rt,
bambu,2026-07-30,1.133,0.926,1.372,1.036,1.228,rt,
bambu,2026-07-31,1.141,0.936,1.383,1.046,1.235,rt,
bambu,2026-08-01,1.149,0.939,1.4,1.056,1.245,rt,
bambu,2026-08-02,1.157,0.942,1.429,1.056,1.254,rt,
bambu,2026-08-03,1.146,0.922,1.438,1.043,1.255,rt,
bambu,2026-08-04,1.138,0.93,1.412,1.04,1.241,rt,
bambu,2026-08-05,1.129,0.929,1.381,1.034,1.226,rt,
bambu,2026-08-06,1.121,0.918,1.363,1.03,1.212,rt,
bambu,2026-08-07,1.104,0.908,1.339,1.017,1.195,rt,
bambu,2026-08-08,1.085,0.89,1.331,1.0,1.181,rt,
bambu,2026-08-09,1.07,0.866,1.322,0.981,1.168,rt,
bambu,2026-08-10,1.047,0.832,1.316,0.949,1.147,rt,
bambu,2026-08-11,1.023,0.821,1.262,0.93,1.113,rt,
bambu,2026-08-12,0.996,0.808,1.224,0.911,1.084,rt,
bambu,2026-08-13,0.969,0.786,1.191,0.889,1.054,rt,
bambu,2026-08-14,0.945,0.772,1.156,0.868,1.03,rt,
bambu,2026-08-15,0.92,0.75,1.138,0.846,1.005,rt,
bambu,2026-08-16,0.898,0.728,1.115,0.823,0.981,rt,
bambu,2026-08-17,0.888,0.712,1.115,0.808,0.979,rt,
bambu,2026-08-18,0.879,0.709,1.092,0.803,0.963,rt,
bambu,2026-08-19,0.872,0.704,1.079,0.796,0.95,rt,
bambu,2026-08-20,0.862,0.691,1.066,0.786,0.941,rt,
bambu,2026-08-21,0.854,0.684,1.053,0.781,0.935,rt,
bambu,2026-08-22,0.851,0.674,1.048,0.773,0.93,rt,
bambu,2026-08-23,0.843,0.657,1.051,0.764,0.928,rt,
bambu,2026-08-24,0.845,0.646,1.077,0.762,0.935,rt,
bambu,2026-08-25,0.852,0.659,1.079,0.769,0.936,rt,
bambu,2026-08-26,0.856,0.667,1.084,0.774,0.937,rt,
bambu,2026-08-27,0.858,0.669,1.094,0.778,0.943,rt,
bambu,2026-08-28,0.858,0.676,1.091,0.782,0.945,rt,
bambu,2026-08-29,0.859,0.673,1.094,0.783,0.946,rt,
bambu,2026-08-30,0.858,0.665,1.108,0.777,0.95,rt,
bambu,2026-08-31,0.854,0.655,1.118,0.767,0.949,rt,
bambu,2026-09-01,0.856,0.662,1.109,0.777,0.95,rt,
bambu,2026-09-02,0.86,0.666,1.107,0.785,0.95,rt,
bambu,2026-09-03,0.862,0.664,1.113,0.783,0.952,rt,
bambu,2026-09-04,0.863,0.661,1.116,0.778,0.957,rt,
bambu,2026-09-05,0.862,0.651,1.123,0.774,0.957,rt,
bambu,2026-09-06,0.859,0.637,1.138,0.766,0.96,rt,
bambu,2026-09-07,0.849,0.621,1.147,0.744,0.952,rt,
bambu,2026-09-08,0.832,0.612,1.114,0.727,0.935,rt,
bambu,2026-09-09,0.812,0.593,1.092,0.71,0.917,rt,
bambu,2026-09-10,0.79,0.574,1.076,0.69,0.9,rt,
bambu,2026-09-11,0.762,0.538,1.051,0.665,0.873,rt,
bambu,2026-09-12,0.734,0.509,1.032,0.636,0.848,rt,
bambu,2026-09-13,0.702,0.474,1.016,0.6,0.822,rt,
bambu,2026-09-14,0.664,0.43,0.993,0.556,0.788,rt,
bambu,2026-09-15,0.634,0.406,0.958,0.529,0.754,rt,
bambu,2026-09-16,0.606,0.38,0.92,0.502,0.722,rt,
bambu,2026-09-17,0.577,0.355,0.889,0.47,0.691,rt,
bambu,2026-09-18,0.548,0.333,0.864,0.443,0.67,rt,
bambu,2026-09-19,0.518,0.304,0.844,0.417,0.639,rt,
bambu,2026-09-20,0.494,0.281,0.823,0.392,0.615,rt,
bambu,2026-09-21,0.48,0.265,0.828,0.376,0.607,rt,
bambu,2026-09-22,0.477,0.262,0.83,0.375,0.607,rt,
bambu,2026-09-23,0.474,0.255,0.835,0.37,0.608,rt,
bambu,2026-09-24,0.472,0.245,0.853,0.365,0.606,rt,
bambu,2026-09-25,0.473,0.24,0.858,0.36,0.609,rt,
bambu,2026-09-26,0.471,0.233,0.87,0.358,0.611,rt,
bambu,2026-09-27,0.472,0.224,0.88,0.354,0.614,rt,
boga,2026-07-25,0.977,0.863,1.079,0.93,1.016,rt,
boga,2026-07-26,0.971,0.865,1.078,0.927,1.014,rt,
boga,2026-07-27,0.98,0.872,1.095,0.936,1.027,rt,
boga,2026-07-28,0.991,0.876,1.108,0.945,1.039,rt,
boga,2026-07-29,1.001,0.883,1.124,0.953,1.051,rt,
boga,2026-07-30,1.011,0.885,1.14,0.959,1.062,rt,
boga,2026-07-31,1.021,0.901,1.145,0.972,1.071,rt,
boga,2026-08-01,1.03,0.915,1.158,0.983,1.082,rt,
boga,2026-08-02,1.041,0.924,1.166,0.992,1.092,rt,
boga,2026-08-03,1.037,0.916,1.165,0.988,1.088,rt,
boga,2026-08-04,1.032,0.915,1.156,0.985,1.084,rt,
boga,2026-08-05,1.028,0.91,1.151,0.98,1.078,rt,
boga,2026-08-06,1.022,0.903,1.151,0.974,1.074,rt,
boga,2026-08-07,1.011,0.899,1.134,0.967,1.061,rt,
boga,2026-08-08,1.001,0.889,1.121,0.959,1.047,rt,
boga,2026-08-09,0.99,0.878,1.111,0.948,1.036,rt,
boga,2026-08-10,0.971,0.86,1.094,0.928,1.017,rt,
boga,2026-08-11,0.956,0.844,1.075,0.913,1.001,rt,
boga,2026-08-12,0.941,0.83,1.057,0.896,0.986,rt,
boga,2026-08-13,0.926,0.812,1.044,0.88,0.973,rt,
boga,2026-08-14,0.911,0.805,1.023,0.867,0.957,rt,
boga,2026-08-15,0.896,0.794,1.006,0.854,0.94,rt,
boga,2026-08-16,0.882,0.781,0.99,0.841,0.925,rt,
boga,2026-08-17,0.88,0.781,0.992,0.838,0.923,rt,
boga,2026-08-18,0.882,0.783,0.994,0.838,0.924,rt,
boga,2026-08-19,0.885,0.78,1.0,0.837,0.926,rt,
boga,2026-08-20,0.885,0.776,1.001,0.837,0.928,rt,
boga,2026-08-21,0.889,0.786,0.995,0.844,0.931,rt,
boga,2026-08-22,0.892,0.792,0.994,0.849,0.935,rt,
boga,2026-08-23,0.896,0.796,1.002,0.853,0.938,rt,
boga,2026-08-24,0.909,0.804,1.022,0.864,0.953,rt,
boga,2026-08-25,0.923,0.817,1.042,0.878,0.969,rt,
boga,2026-08-26,0.937,0.823,1.062,0.893,0.985,rt,
boga,2026-08-27,0.953,0.831,1.084,0.902,1.003,rt,
boga,2026-08-28,0.964,0.848,1.087,0.916,1.011,rt,
boga,2026-08-29,0.976,0.864,1.095,0.926,1.023,rt,
boga,2026-08-30,0.987,0.871,1.105,0.934,1.033,rt,
boga,2026-08-31,0.99,0.868,1.11,0.936,1.036,rt,
boga,2026-09-01,0.995,0.872,1.117,0.943,1.046,rt,
boga,2026-09-02,1.0,0.873,1.131,0.947,1.052,rt,
boga,2026-09-03,1.006,0.873,1.141,0.95,1.06,rt,
boga,2026-09-04,1.007,0.875,1.146,0.952,1.062,rt,
boga,2026-09-05,1.008,0.873,1.15,0.954,1.064,rt,
boga,2026-09-06,1.009,0.87,1.154,0.951,1.066,rt,
boga,2026-09-07,0.995,0.855,1.147,0.939,1.055,rt,
boga,2026-09-08,0.987,0.844,1.142,0.929,1.047,rt,
boga,2026-09-09,0.976,0.828,1.136,0.917,1.039,rt,
boga,2026-09-10,0.964,0.81,1.134,0.903,1.03,rt,
boga,2026-09-11,0.943,0.795,1.119,0.886,1.011,rt,
boga,2026-09-12,0.923,0.769,1.106,0.862,0.991,rt,
boga,2026-09-13,0.901,0.739,1.093,0.836,0.975,rt,
boga,2026-09-14,0.866,0.695,1.076,0.794,0.948,rt,
boga,2026-09-15,0.836,0.658,1.061,0.761,0.921,rt,
boga,2026-09-16,0.806,0.619,1.044,0.726,0.9,rt,
boga,2026-09-17,0.78,0.578,1.023,0.692,0.877,rt,
boga,2026-09-18,0.753,0.553,1.001,0.666,0.85,rt,
boga,2026-09-19,0.729,0.528,0.967,0.64,0.824,rt,
boga,2026-09-20,0.704,0.5,0.946,0.614,0.797,rt,
boga,2026-09-21,0.698,0.488,0.953,0.607,0.803,rt,
boga,2026-09-22,0.703,0.483,0.969,0.604,0.808,rt,
boga,2026-09-23,0.708,0.475,0.994,0.601,0.815,rt,
boga,2026-09-24,0.71,0.47,1.023,0.597,0.823,rt,
boga,2026-09-25,0.715,0.474,1.018,0.603,0.828,rt,
boga,2026-09-26,0.72,0.473,1.009,0.611,0.834,rt,
boga,2026-09-27,0.728,0.469,1.013,0.619,0.84,rt,
bunia,2026-04-20,2.056,1.442,3.439,1.749,2.48,rt,
bunia,2026-04-21,2.101,1.494,3.484,1.802,2.524,rt,
bunia,2026-04-22,2.147,1.533,3.483,1.844,2.542,rt,
bunia,2026-04-23,2.172,1.579,3.475,1.881,2.569,rt,
bunia,2026-04-24,2.212,1.606,3.534,1.92,2.6,rt,
bunia,2026-04-25,2.258,1.635,3.583,1.966,2.649,rt,
bunia,2026-04-26,2.299,1.662,3.644,2.0,2.701,rt,
bunia,2026-04-27,2.329,1.667,3.636,2.016,2.747,rt,
bunia,2026-04-28,2.364,1.698,3.674,2.053,2.786,rt,
bunia,2026-04-29,2.411,1.719,3.682,2.095,2.822,rt,
bunia,2026-04-30,2.452,1.747,3.712,2.131,2.858,rt,
bunia,2026-05-01,2.503,1.797,3.744,2.179,2.918,rt,
bunia,2026-05-02,2.553,1.846,3.75,2.237,2.974,rt,
bunia,2026-05-03,2.609,1.876,3.893,2.275,3.019,rt,
bunia,2026-05-04,2.71,1.921,4.041,2.341,3.122,rt,
bunia,2026-05-05,2.81,2.0,4.13,2.427,3.237,rt,
bunia,2026-05-06,2.91,2.086,4.311,2.531,3.354,rt,
bunia,2026-05-07,3.016,2.156,4.465,2.624,3.478,rt,
bunia,2026-05-08,3.078,2.249,4.47,2.697,3.523,rt,
bunia,2026-05-09,3.152,2.329,4.504,2.775,3.595,rt,
bunia,2026-05-10,3.235,2.394,4.554,2.871,3.677,rt,
bunia,2026-05-11,3.072,2.267,4.267,2.729,3.503,rt,
bunia,2026-05-12,2.946,2.205,4.01,2.638,3.32,rt,
bunia,2026-05-13,2.839,2.151,3.779,2.547,3.186,rt,
bunia,2026-05-14,2.732,2.077,3.603,2.451,3.048,rt,
bunia,2026-05-15,2.618,2.029,3.406,2.37,2.899,rt,
bunia,2026-05-16,2.518,1.956,3.255,2.278,2.777,rt,
bunia,2026-05-17,2.413,1.878,3.121,2.192,2.673,rt,
bunia,2026-05-18,2.344,1.813,3.045,2.121,2.611,rt,
bunia,2026-05-19,2.289,1.807,2.913,2.085,2.525,rt,
bunia,2026-05-20,2.233,1.794,2.801,2.042,2.445,rt,
bunia,2026-05-21,2.179,1.769,2.711,2.005,2.384,rt,
bunia,2026-05-22,2.149,1.77,2.633,1.966,2.327,rt,
bunia,2026-05-23,2.11,1.741,2.579,1.936,2.285,rt,
bunia,2026-05-24,2.069,1.703,2.554,1.901,2.248,rt,
bunia,2026-05-25,2.027,1.642,2.53,1.862,2.21,rt,
bunia,2026-05-26,1.969,1.624,2.414,1.818,2.133,rt,
bunia,2026-05-27,1.913,1.593,2.305,1.771,2.063,rt,
bunia,2026-05-28,1.856,1.563,2.238,1.726,2.004,rt,
bunia,2026-05-29,1.794,1.523,2.139,1.669,1.931,rt,
bunia,2026-05-30,1.735,1.474,2.061,1.61,1.862,rt,
bunia,2026-05-31,1.675,1.42,1.992,1.559,1.804,rt,
bunia,2026-06-01,1.64,1.37,1.983,1.526,1.769,rt,
bunia,2026-06-02,1.62,1.376,1.923,1.519,1.734,rt,
bunia,2026-06-03,1.6,1.38,1.887,1.504,1.707,rt,
bunia,2026-06-04,1.581,1.366,1.84,1.487,1.681,rt,
bunia,2026-06-05,1.566,1.366,1.814,1.474,1.656,rt,
bunia,2026-06-06,1.548,1.346,1.79,1.459,1.641,rt,
bunia,2026-06-07,1.526,1.32,1.78,1.44,1.62,rt,
bunia,2026-06-08,1.514,1.287,1.776,1.42,1.606,rt,
bunia,2026-06-09,1.506,1.3,1.741,1.42,1.591,rt,
bunia,2026-06-10,1.496,1.305,1.71,1.416,1.574,rt,
bunia,2026-06-11,1.481,1.303,1.684,1.405,1.56,rt,
bunia,2026-06-12,1.468,1.299,1.651,1.393,1.544,rt,
bunia,2026-06-13,1.452,1.284,1.635,1.381,1.529,rt,
bunia,2026-06-14,1.434,1.26,1.627,1.364,1.51,rt,
bunia,2026-06-15,1.423,1.239,1.639,1.349,1.506,rt,
bunia,2026-06-16,1.408,1.235,1.601,1.335,1.481,rt,
bunia,2026-06-17,1.388,1.223,1.57,1.321,1.46,rt,
bunia,2026-06-18,1.366,1.213,1.539,1.302,1.439,rt,
bunia,2026-06-19,1.343,1.202,1.503,1.281,1.409,rt,
bunia,2026-06-20,1.32,1.181,1.478,1.261,1.385,rt,
bunia,2026-06-21,1.298,1.154,1.455,1.234,1.363,rt,
bunia,2026-06-22,1.287,1.132,1.457,1.219,1.356,rt,
bunia,2026-06-23,1.278,1.131,1.438,1.216,1.34,rt,
bunia,2026-06-24,1.272,1.126,1.42,1.212,1.327,rt,
bunia,2026-06-25,1.264,1.117,1.412,1.204,1.32,rt,
bunia,2026-06-26,1.255,1.115,1.392,1.197,1.309,rt,
bunia,2026-06-27,1.245,1.105,1.381,1.186,1.304,rt,
bunia,2026-06-28,1.237,1.091,1.381,1.175,1.297,rt,
bunia,2026-06-29,1.206,1.05,1.356,1.138,1.266,rt,
bunia,2026-06-30,1.187,1.041,1.329,1.126,1.246,rt,
bunia,2026-07-01,1.169,1.032,1.306,1.112,1.225,rt,
bunia,2026-07-02,1.154,1.023,1.292,1.099,1.207,rt,
bunia,2026-07-03,1.148,1.022,1.274,1.096,1.198,rt,
bunia,2026-07-04,1.14,1.018,1.263,1.091,1.187,rt,
bunia,2026-07-05,1.131,1.004,1.264,1.082,1.184,rt,
bunia,2026-07-06,1.133,0.996,1.28,1.084,1.194,rt,
bunia,2026-07-07,1.136,1.01,1.267,1.087,1.191,rt,
bunia,2026-07-08,1.136,1.02,1.262,1.09,1.191,rt,
bunia,2026-07-09,1.136,1.026,1.261,1.09,1.191,rt,
bunia,2026-07-10,1.136,1.028,1.257,1.091,1.187,rt,
bunia,2026-07-11,1.134,1.025,1.253,1.089,1.185,rt,
bunia,2026-07-12,1.133,1.016,1.258,1.086,1.185,rt,
bunia,2026-07-13,1.117,0.991,1.252,1.065,1.172,rt,
bunia,2026-07-14,1.099,0.984,1.221,1.049,1.147,rt,
bunia,2026-07-15,1.081,0.972,1.201,1.03,1.125,rt,
bunia,2026-07-16,1.061,0.951,1.183,1.012,1.108,rt,
bunia,2026-07-17,1.037,0.934,1.152,0.993,1.081,rt,
bunia,2026-07-18,1.014,0.913,1.129,0.972,1.057,rt,
bunia,2026-07-19,0.991,0.887,1.113,0.949,1.04,rt,
bunia,2026-07-20,0.976,0.861,1.105,0.931,1.028,rt,
bunia,2026-07-21,0.962,0.856,1.084,0.92,1.013,rt,
bunia,2026-07-22,0.949,0.847,1.066,0.906,0.999,rt,
bunia,2026-07-23,0.936,0.834,1.054,0.89,0.986,rt,
bunia,2026-07-24,0.927,0.825,1.039,0.883,0.975,rt,
bunia,2026-07-25,0.919,0.818,1.028,0.876,0.965,rt,
bunia,2026-07-26,0.908,0.805,1.025,0.865,0.958,rt,
bunia,2026-07-27,0.913,0.796,1.039,0.863,0.966,rt,
bunia,2026-07-28,0.92,0.81,1.044,0.872,0.971,rt,
bunia,2026-07-29,0.928,0.815,1.053,0.88,0.977,rt,
bunia,2026-07-30,0.935,0.816,1.062,0.887,0.984,rt,
bunia,2026-07-31,0.942,0.826,1.067,0.895,0.989,rt,
bunia,2026-08-01,0.948,0.831,1.071,0.902,0.995,rt,
bunia,2026-08-02,0.955,0.833,1.084,0.904,1.004,rt,
bunia,2026-08-03,0.947,0.816,1.092,0.893,1.001,rt,
bunia,2026-08-04,0.943,0.82,1.077,0.893,0.994,rt,
bunia,2026-08-05,0.94,0.817,1.068,0.89,0.986,rt,
bunia,2026-08-06,0.933,0.814,1.061,0.885,0.983,rt,
bunia,2026-08-07,0.924,0.813,1.042,0.876,0.97,rt,
bunia,2026-08-08,0.914,0.806,1.033,0.866,0.958,rt,
bunia,2026-08-09,0.902,0.788,1.029,0.854,0.951,rt,
bunia,2026-08-10,0.885,0.761,1.021,0.831,0.935,rt,
bunia,2026-08-11,0.866,0.755,0.994,0.82,0.916,rt,
bunia,2026-08-12,0.851,0.744,0.972,0.806,0.9,rt,
bunia,2026-08-13,0.835,0.728,0.956,0.792,0.885,rt,
bunia,2026-08-14,0.821,0.718,0.935,0.778,0.869,rt,
bunia,2026-08-15,0.808,0.701,0.92,0.764,0.851,rt,
bunia,2026-08-16,0.793,0.683,0.909,0.749,0.838,rt,
bunia,2026-08-17,0.789,0.671,0.917,0.743,0.839,rt,
bunia,2026-08-18,0.79,0.68,0.912,0.745,0.836,rt,
bunia,2026-08-19,0.789,0.683,0.907,0.744,0.835,rt,
bunia,2026-08-20,0.788,0.682,0.903,0.743,0.834,rt,
bunia,2026-08-21,0.789,0.69,0.901,0.749,0.835,rt,
bunia,2026-08-22,0.791,0.692,0.907,0.75,0.838,rt,
bunia,2026-08-23,0.792,0.688,0.914,0.748,0.841,rt,
bunia,2026-08-24,0.801,0.687,0.934,0.757,0.856,rt,
bunia,2026-08-25,0.813,0.703,0.946,0.771,0.867,rt,
bunia,2026-08-26,0.83,0.717,0.959,0.783,0.882,rt,
bunia,2026-08-27,0.842,0.724,0.977,0.79,0.895,rt,
bunia,2026-08-28,0.853,0.738,0.987,0.799,0.906,rt,
bunia,2026-08-29,0.861,0.745,1.001,0.81,0.917,rt,
bunia,2026-08-30,0.87,0.743,1.021,0.816,0.929,rt,
bunia,2026-08-31,0.873,0.734,1.037,0.813,0.938,rt,
bunia,2026-09-01,0.874,0.737,1.031,0.818,0.934,rt,
bunia,2026-09-02,0.875,0.744,1.02,0.821,0.934,rt,
bunia,2026-09-03,0.876,0.742,1.023,0.82,0.934,rt,
bunia,2026-09-04,0.873,0.739,1.019,0.817,0.93,rt,
bunia,2026-09-05,0.868,0.731,1.02,0.812,0.927,rt,
bunia,2026-09-06,0.862,0.716,1.032,0.803,0.927,rt,
bunia,2026-09-07,0.845,0.688,1.033,0.781,0.918,rt,
bunia,2026-09-08,0.824,0.671,0.998,0.759,0.89,rt,
bunia,2026-09-09,0.8,0.648,0.975,0.734,0.865,rt,
bunia,2026-09-10,0.777,0.624,0.95,0.71,0.841,rt,
bunia,2026-09-11,0.744,0.594,0.924,0.676,0.812,rt,
bunia,2026-09-12,0.712,0.558,0.906,0.643,0.786,rt,
bunia,2026-09-13,0.677,0.517,0.885,0.607,0.758,rt,
bunia,2026-09-14,0.636,0.46,0.86,0.56,0.72,rt,
bunia,2026-09-15,0.605,0.429,0.832,0.53,0.689,rt,
bunia,2026-09-16,0.577,0.397,0.811,0.497,0.66,rt,
bunia,2026-09-17,0.548,0.364,0.793,0.465,0.637,rt,
bunia,2026-09-18,0.521,0.339,0.765,0.442,0.609,rt,
bunia,2026-09-19,0.494,0.314,0.738,0.413,0.587,rt,
bunia,2026-09-20,0.47,0.286,0.708,0.383,0.564,rt,
bunia,2026-09-21,0.455,0.267,0.712,0.37,0.558,rt,
bunia,2026-09-22,0.455,0.261,0.718,0.365,0.561,rt,
bunia,2026-09-23,0.456,0.25,0.729,0.358,0.561,rt,
bunia,2026-09-24,0.455,0.238,0.749,0.35,0.563,rt,
bunia,2026-09-25,0.451,0.231,0.765,0.347,0.567,rt,
bunia,2026-09-26,0.45,0.222,0.78,0.343,0.57,rt,
bunia,2026-09-27,0.45,0.21,0.797,0.337,0.574,rt,
damas,2026-06-15,1.217,0.853,1.699,1.06,1.396,rt,
damas,2026-06-16,1.219,0.871,1.663,1.068,1.392,rt,
damas,2026-06-17,1.221,0.875,1.642,1.067,1.385,rt,
damas,2026-06-18,1.221,0.882,1.639,1.072,1.381,rt,
damas,2026-06-19,1.215,0.883,1.625,1.071,1.369,rt,
damas,2026-06-20,1.21,0.875,1.638,1.068,1.367,rt,
damas,2026-06-21,1.202,0.866,1.652,1.065,1.363,rt,
damas,2026-06-22,1.208,0.861,1.692,1.062,1.382,rt,
damas,2026-06-23,1.216,0.879,1.684,1.079,1.388,rt,
damas,2026-06-24,1.232,0.899,1.677,1.092,1.386,rt,
damas,2026-06-25,1.241,0.909,1.674,1.1,1.396,rt,
damas,2026-06-26,1.245,0.912,1.683,1.11,1.416,rt,
damas,2026-06-27,1.253,0.918,1.703,1.113,1.431,rt,
damas,2026-06-28,1.267,0.924,1.743,1.116,1.446,rt,
damas,2026-06-29,1.245,0.9,1.753,1.091,1.439,rt,
damas,2026-06-30,1.227,0.898,1.704,1.082,1.395,rt,
damas,2026-07-01,1.207,0.891,1.651,1.062,1.364,rt,
damas,2026-07-02,1.185,0.875,1.605,1.047,1.336,rt,
damas,2026-07-03,1.171,0.863,1.592,1.03,1.319,rt,
damas,2026-07-04,1.157,0.851,1.587,1.017,1.309,rt,
damas,2026-07-05,1.144,0.829,1.573,1.008,1.305,rt,
damas,2026-07-06,1.143,0.806,1.606,0.997,1.309,rt,
damas,2026-07-07,1.148,0.83,1.596,1.011,1.305,rt,
damas,2026-07-08,1.157,0.842,1.591,1.024,1.307,rt,
damas,2026-07-09,1.161,0.864,1.588,1.031,1.31,rt,
damas,2026-07-10,1.164,0.876,1.582,1.042,1.316,rt,
damas,2026-07-11,1.168,0.879,1.599,1.045,1.325,rt,
damas,2026-07-12,1.173,0.872,1.632,1.042,1.337,rt,
damas,2026-07-13,1.158,0.847,1.623,1.026,1.329,rt,
damas,2026-07-14,1.154,0.851,1.585,1.021,1.306,rt,
damas,2026-07-15,1.147,0.856,1.547,1.015,1.292,rt,
damas,2026-07-16,1.142,0.853,1.524,1.007,1.283,rt,
damas,2026-07-17,1.124,0.843,1.51,0.996,1.263,rt,
damas,2026-07-18,1.11,0.832,1.496,0.984,1.249,rt,
damas,2026-07-19,1.096,0.81,1.498,0.97,1.238,rt,
damas,2026-07-20,1.089,0.795,1.51,0.964,1.236,rt,
damas,2026-07-21,1.079,0.798,1.464,0.961,1.217,rt,
damas,2026-07-22,1.073,0.795,1.437,0.961,1.209,rt,
damas,2026-07-23,1.065,0.793,1.414,0.955,1.199,rt,
damas,2026-07-24,1.069,0.8,1.405,0.954,1.192,rt,
damas,2026-07-25,1.066,0.793,1.412,0.95,1.188,rt,
damas,2026-07-26,1.063,0.781,1.437,0.946,1.189,rt,
damas,2026-07-27,1.077,0.776,1.462,0.951,1.209,rt,
damas,2026-07-28,1.08,0.797,1.444,0.963,1.216,rt,
damas,2026-07-29,1.094,0.815,1.437,0.974,1.225,rt,
damas,2026-07-30,1.1,0.825,1.449,0.983,1.234,rt,
damas,2026-07-31,1.112,0.832,1.468,0.99,1.241,rt,
damas,2026-08-01,1.122,0.839,1.49,0.998,1.252,rt,
damas,2026-08-02,1.13,0.833,1.523,0.998,1.271,rt,
damas,2026-08-03,1.122,0.817,1.549,0.988,1.27,rt,
damas,2026-08-04,1.113,0.823,1.51,0.979,1.254,rt,
damas,2026-08-05,1.104,0.822,1.469,0.974,1.241,rt,
damas,2026-08-06,1.09,0.818,1.441,0.966,1.229,rt,
damas,2026-08-07,1.072,0.815,1.414,0.954,1.206,rt,
damas,2026-08-08,1.055,0.791,1.396,0.937,1.182,rt,
damas,2026-08-09,1.033,0.771,1.39,0.92,1.171,rt,
damas,2026-08-10,1.009,0.737,1.388,0.891,1.152,rt,
damas,2026-08-11,0.988,0.724,1.348,0.878,1.126,rt,
damas,2026-08-12,0.971,0.721,1.314,0.864,1.098,rt,
damas,2026-08-13,0.952,0.697,1.291,0.843,1.069,rt,
damas,2026-08-14,0.935,0.682,1.255,0.828,1.055,rt,
damas,2026-08-15,0.916,0.662,1.236,0.807,1.03,rt,
damas,2026-08-16,0.895,0.636,1.223,0.786,1.021,rt,
damas,2026-08-17,0.894,0.624,1.238,0.777,1.022,rt,
damas,2026-08-18,0.891,0.626,1.221,0.776,1.015,rt,
damas,2026-08-19,0.89,0.635,1.212,0.773,1.01,rt,
damas,2026-08-20,0.888,0.625,1.208,0.772,1.013,rt,
damas,2026-08-21,0.884,0.632,1.217,0.769,1.012,rt,
damas,2026-08-22,0.885,0.628,1.223,0.773,1.014,rt,
damas,2026-08-23,0.883,0.62,1.241,0.767,1.021,rt,
damas,2026-08-24,0.893,0.617,1.271,0.767,1.041,rt,
damas,2026-08-25,0.9,0.629,1.274,0.778,1.041,rt,
damas,2026-08-26,0.905,0.64,1.292,0.79,1.044,rt,
damas,2026-08-27,0.912,0.639,1.297,0.794,1.05,rt,
damas,2026-08-28,0.915,0.637,1.3,0.799,1.055,rt,
damas,2026-08-29,0.915,0.636,1.31,0.802,1.051,rt,
damas,2026-08-30,0.918,0.629,1.325,0.797,1.054,rt,
damas,2026-08-31,0.919,0.612,1.354,0.784,1.056,rt,
damas,2026-09-01,0.914,0.613,1.324,0.786,1.052,rt,
damas,2026-09-02,0.903,0.616,1.301,0.783,1.048,rt,
damas,2026-09-03,0.897,0.615,1.285,0.778,1.046,rt,
damas,2026-09-04,0.889,0.609,1.27,0.764,1.033,rt,
damas,2026-09-05,0.882,0.603,1.268,0.751,1.027,rt,
damas,2026-09-06,0.876,0.594,1.275,0.741,1.018,rt,
damas,2026-09-07,0.852,0.572,1.266,0.718,1.004,rt,
damas,2026-09-08,0.834,0.563,1.226,0.708,0.978,rt,
damas,2026-09-09,0.817,0.549,1.204,0.696,0.956,rt,
damas,2026-09-10,0.794,0.534,1.173,0.681,0.934,rt,
damas,2026-09-11,0.772,0.512,1.133,0.655,0.907,rt,
damas,2026-09-12,0.743,0.481,1.097,0.628,0.882,rt,
damas,2026-09-13,0.716,0.449,1.081,0.602,0.853,rt,
damas,2026-09-14,0.682,0.417,1.056,0.562,0.819,rt,
damas,2026-09-15,0.653,0.403,1.025,0.538,0.788,rt,
damas,2026-09-16,0.629,0.388,0.999,0.515,0.76,rt,
damas,2026-09-17,0.6,0.361,0.967,0.494,0.728,rt,
damas,2026-09-18,0.575,0.346,0.931,0.47,0.702,rt,
damas,2026-09-19,0.55,0.33,0.906,0.448,0.677,rt,
damas,2026-09-20,0.526,0.308,0.884,0.426,0.653,rt,
damas,2026-09-21,0.52,0.299,0.893,0.416,0.651,rt,
damas,2026-09-22,0.518,0.293,0.898,0.415,0.657,rt,
damas,2026-09-23,0.523,0.294,0.907,0.414,0.658,rt,
damas,2026-09-24,0.523,0.292,0.939,0.414,0.666,rt,
damas,2026-09-25,0.526,0.291,0.947,0.415,0.669,rt,
damas,2026-09-26,0.53,0.29,0.96,0.413,0.679,rt,
damas,2026-09-27,0.534,0.287,0.988,0.417,0.69,rt,
drodro,2026-06-17,1.465,1.286,1.66,1.392,1.54,rt,
drodro,2026-06-18,1.451,1.274,1.646,1.378,1.526,rt,
drodro,2026-06-19,1.434,1.267,1.616,1.364,1.502,rt,
drodro,2026-06-20,1.418,1.257,1.59,1.35,1.482,rt,
drodro,2026-06-21,1.398,1.246,1.566,1.335,1.46,rt,
drodro,2026-06-22,1.392,1.239,1.563,1.33,1.457,rt,
drodro,2026-06-23,1.388,1.232,1.553,1.326,1.452,rt,
drodro,2026-06-24,1.384,1.23,1.547,1.322,1.449,rt,
drodro,2026-06-25,1.379,1.222,1.545,1.317,1.449,rt,
drodro,2026-06-26,1.375,1.22,1.529,1.314,1.439,rt,
drodro,2026-06-27,1.369,1.219,1.522,1.312,1.434,rt,
drodro,2026-06-28,1.366,1.214,1.518,1.309,1.431,rt,
drodro,2026-06-29,1.334,1.187,1.485,1.275,1.398,rt,
drodro,2026-06-30,1.305,1.162,1.448,1.245,1.366,rt,
drodro,2026-07-01,1.275,1.136,1.423,1.216,1.334,rt,
drodro,2026-07-02,1.247,1.109,1.391,1.189,1.306,rt,
drodro,2026-07-03,1.227,1.101,1.364,1.176,1.281,rt,
drodro,2026-07-04,1.21,1.088,1.342,1.161,1.257,rt,
drodro,2026-07-05,1.191,1.074,1.318,1.144,1.237,rt,
drodro,2026-07-06,1.185,1.067,1.312,1.139,1.233,rt,
drodro,2026-07-07,1.185,1.069,1.309,1.14,1.233,rt,
drodro,2026-07-08,1.185,1.069,1.308,1.138,1.233,rt,
drodro,2026-07-09,1.186,1.064,1.311,1.137,1.236,rt,
drodro,2026-07-10,1.184,1.069,1.299,1.136,1.229,rt,
drodro,2026-07-11,1.18,1.069,1.294,1.135,1.225,rt,
drodro,2026-07-12,1.177,1.065,1.29,1.132,1.222,rt,
drodro,2026-07-13,1.16,1.047,1.271,1.115,1.205,rt,
drodro,2026-07-14,1.145,1.034,1.258,1.1,1.189,rt,
drodro,2026-07-15,1.131,1.019,1.244,1.085,1.174,rt,
drodro,2026-07-16,1.115,1.001,1.23,1.07,1.161,rt,
drodro,2026-07-17,1.097,0.99,1.2,1.054,1.141,rt,
drodro,2026-07-18,1.078,0.974,1.176,1.04,1.119,rt,
drodro,2026-07-19,1.06,0.958,1.156,1.023,1.097,rt,
drodro,2026-07-20,1.048,0.946,1.147,1.009,1.087,rt,
drodro,2026-07-21,1.038,0.938,1.137,1.0,1.076,rt,
drodro,2026-07-22,1.028,0.93,1.128,0.989,1.066,rt,
drodro,2026-07-23,1.018,0.92,1.124,0.978,1.059,rt,
drodro,2026-07-24,1.014,0.921,1.111,0.977,1.051,rt,
drodro,2026-07-25,1.01,0.92,1.1,0.974,1.047,rt,
drodro,2026-07-26,1.004,0.914,1.093,0.968,1.042,rt,
drodro,2026-07-27,1.013,0.917,1.109,0.975,1.054,rt,
drodro,2026-07-28,1.02,0.921,1.123,0.983,1.065,rt,
drodro,2026-07-29,1.03,0.923,1.139,0.989,1.074,rt,
drodro,2026-07-30,1.038,0.926,1.157,0.996,1.086,rt,
drodro,2026-07-31,1.048,0.939,1.159,1.006,1.094,rt,
drodro,2026-08-01,1.057,0.948,1.166,1.015,1.1,rt,
drodro,2026-08-02,1.065,0.958,1.173,1.023,1.105,rt,
drodro,2026-08-03,1.058,0.951,1.169,1.014,1.101,rt,
drodro,2026-08-04,1.052,0.943,1.163,1.008,1.095,rt,
drodro,2026-08-05,1.045,0.936,1.155,1.001,1.089,rt,
drodro,2026-08-06,1.038,0.926,1.151,0.992,1.084,rt,
drodro,2026-08-07,1.025,0.92,1.131,0.984,1.067,rt,
drodro,2026-08-08,1.012,0.914,1.109,0.972,1.052,rt,
drodro,2026-08-09,0.999,0.901,1.099,0.959,1.039,rt,
drodro,2026-08-10,0.979,0.88,1.079,0.937,1.02,rt,
drodro,2026-08-11,0.96,0.862,1.063,0.918,1.001,rt,
drodro,2026-08-12,0.942,0.843,1.048,0.899,0.983,rt,
drodro,2026-08-13,0.924,0.823,1.035,0.881,0.969,rt,
drodro,2026-08-14,0.907,0.815,1.01,0.866,0.948,rt,
drodro,2026-08-15,0.891,0.802,0.987,0.854,0.93,rt,
drodro,2026-08-16,0.874,0.786,0.968,0.838,0.911,rt,
drodro,2026-08-17,0.87,0.78,0.969,0.834,0.908,rt,
drodro,2026-08-18,0.869,0.781,0.971,0.834,0.908,rt,
drodro,2026-08-19,0.868,0.779,0.972,0.831,0.909,rt,
drodro,2026-08-20,0.868,0.777,0.975,0.828,0.909,rt,
drodro,2026-08-21,0.871,0.779,0.973,0.835,0.91,rt,
drodro,2026-08-22,0.874,0.783,0.971,0.839,0.912,rt,
drodro,2026-08-23,0.876,0.785,0.976,0.839,0.915,rt,
drodro,2026-08-24,0.887,0.791,0.989,0.848,0.928,rt,
drodro,2026-08-25,0.9,0.8,1.007,0.86,0.942,rt,
drodro,2026-08-26,0.913,0.807,1.026,0.869,0.958,rt,
drodro,2026-08-27,0.924,0.815,1.049,0.879,0.973,rt,
drodro,2026-08-28,0.934,0.828,1.05,0.89,0.982,rt,
drodro,2026-08-29,0.943,0.838,1.056,0.901,0.989,rt,
drodro,2026-08-30,0.952,0.847,1.067,0.91,0.997,rt,
drodro,2026-08-31,0.954,0.846,1.073,0.91,1.001,rt,
drodro,2026-09-01,0.959,0.85,1.08,0.914,1.007,rt,
drodro,2026-09-02,0.961,0.853,1.087,0.914,1.014,rt,
drodro,2026-09-03,0.967,0.847,1.096,0.914,1.02,rt,
drodro,2026-09-04,0.968,0.847,1.096,0.914,1.021,rt,
drodro,2026-09-05,0.967,0.841,1.098,0.914,1.021,rt,
drodro,2026-09-06,0.962,0.838,1.101,0.911,1.02,rt,
drodro,2026-09-07,0.95,0.821,1.091,0.897,1.009,rt,
drodro,2026-09-08,0.937,0.803,1.086,0.885,0.998,rt,
drodro,2026-09-09,0.923,0.787,1.078,0.868,0.987,rt,
drodro,2026-09-10,0.907,0.765,1.07,0.851,0.971,rt,
drodro,2026-09-11,0.884,0.751,1.04,0.829,0.947,rt,
drodro,2026-09-12,0.862,0.717,1.025,0.803,0.927,rt,
drodro,2026-09-13,0.835,0.683,1.015,0.773,0.905,rt,
drodro,2026-09-14,0.797,0.635,0.989,0.729,0.872,rt,
drodro,2026-09-15,0.765,0.598,0.971,0.695,0.846,rt,
drodro,2026-09-16,0.737,0.559,0.95,0.66,0.819,rt,
drodro,2026-09-17,0.709,0.522,0.922,0.625,0.795,rt,
drodro,2026-09-18,0.683,0.498,0.894,0.596,0.767,rt,
drodro,2026-09-19,0.654,0.469,0.872,0.57,0.74,rt,
drodro,2026-09-20,0.627,0.443,0.842,0.542,0.717,rt,
drodro,2026-09-21,0.613,0.427,0.847,0.533,0.715,rt,
drodro,2026-09-22,0.614,0.419,0.859,0.527,0.717,rt,
drodro,2026-09-23,0.616,0.411,0.873,0.52,0.722,rt,
drodro,2026-09-24,0.616,0.4,0.89,0.515,0.725,rt,
drodro,2026-09-25,0.619,0.399,0.887,0.52,0.728,rt,
drodro,2026-09-26,0.624,0.393,0.89,0.523,0.733,rt,
drodro,2026-09-27,0.627,0.393,0.898,0.523,0.736,rt,
fataki,2026-06-13,2.047,1.559,2.728,1.836,2.304,rt,
fataki,2026-06-14,2.032,1.537,2.76,1.819,2.307,rt,
fataki,2026-06-15,2.036,1.518,2.81,1.802,2.325,rt,
fataki,2026-06-16,2.028,1.534,2.75,1.811,2.299,rt,
fataki,2026-06-17,2.018,1.548,2.697,1.809,2.276,rt,
fataki,2026-06-18,2.012,1.535,2.672,1.801,2.254,rt,
fataki,2026-06-19,1.994,1.521,2.645,1.785,2.231,rt,
fataki,2026-06-20,1.977,1.492,2.649,1.772,2.223,rt,
fataki,2026-06-21,1.959,1.472,2.674,1.742,2.219,rt,
fataki,2026-06-22,1.956,1.449,2.72,1.725,2.238,rt,
fataki,2026-06-23,1.948,1.473,2.636,1.729,2.204,rt,
fataki,2026-06-24,1.937,1.478,2.584,1.73,2.175,rt,
fataki,2026-06-25,1.929,1.488,2.54,1.723,2.15,rt,
fataki,2026-06-26,1.91,1.483,2.511,1.707,2.129,rt,
fataki,2026-06-27,1.903,1.469,2.492,1.695,2.115,rt,
fataki,2026-06-28,1.884,1.449,2.51,1.674,2.111,rt,
fataki,2026-06-29,1.832,1.394,2.484,1.622,2.076,rt,
fataki,2026-06-30,1.762,1.356,2.35,1.574,1.982,rt,
fataki,2026-07-01,1.701,1.316,2.219,1.53,1.902,rt,
fataki,2026-07-02,1.639,1.283,2.129,1.478,1.83,rt,
fataki,2026-07-03,1.594,1.251,2.051,1.435,1.775,rt,
fataki,2026-07-04,1.55,1.204,1.986,1.39,1.722,rt,
fataki,2026-07-05,1.499,1.153,1.939,1.345,1.676,rt,
fataki,2026-07-06,1.468,1.111,1.926,1.312,1.658,rt,
fataki,2026-07-07,1.447,1.113,1.869,1.299,1.616,rt,
fataki,2026-07-08,1.42,1.106,1.817,1.286,1.58,rt,
fataki,2026-07-09,1.399,1.096,1.772,1.269,1.548,rt,
fataki,2026-07-10,1.374,1.072,1.733,1.244,1.515,rt,
fataki,2026-07-11,1.351,1.04,1.713,1.223,1.487,rt,
fataki,2026-07-12,1.324,1.009,1.709,1.195,1.467,rt,
fataki,2026-07-13,1.281,0.959,1.687,1.147,1.424,rt,
fataki,2026-07-14,1.252,0.949,1.62,1.131,1.389,rt,
fataki,2026-07-15,1.225,0.937,1.568,1.111,1.352,rt,
fataki,2026-07-16,1.196,0.924,1.528,1.085,1.324,rt,
fataki,2026-07-17,1.16,0.904,1.493,1.054,1.29,rt,
fataki,2026-07-18,1.132,0.874,1.459,1.022,1.26,rt,
fataki,2026-07-19,1.104,0.84,1.445,0.986,1.232,rt,
fataki,2026-07-20,1.08,0.809,1.453,0.959,1.222,rt,
fataki,2026-07-21,1.066,0.809,1.412,0.953,1.192,rt,
fataki,2026-07-22,1.05,0.815,1.381,0.948,1.171,rt,
fataki,2026-07-23,1.036,0.805,1.362,0.937,1.148,rt,
fataki,2026-07-24,1.027,0.803,1.341,0.931,1.137,rt,
fataki,2026-07-25,1.021,0.795,1.333,0.921,1.125,rt,
fataki,2026-07-26,1.01,0.778,1.327,0.906,1.123,rt,
fataki,2026-07-27,1.018,0.767,1.352,0.907,1.136,rt,
fataki,2026-07-28,1.018,0.779,1.327,0.914,1.129,rt,
fataki,2026-07-29,1.015,0.783,1.309,0.918,1.128,rt,
fataki,2026-07-30,1.016,0.785,1.297,0.917,1.123,rt,
fataki,2026-07-31,1.015,0.782,1.292,0.919,1.121,rt,
fataki,2026-08-01,1.01,0.78,1.286,0.917,1.118,rt,
fataki,2026-08-02,1.011,0.771,1.3,0.914,1.122,rt,
fataki,2026-08-03,0.993,0.752,1.296,0.893,1.109,rt,
fataki,2026-08-04,0.971,0.746,1.241,0.875,1.075,rt,
fataki,2026-08-05,0.948,0.727,1.214,0.862,1.048,rt,
fataki,2026-08-06,0.928,0.706,1.177,0.84,1.024,rt,
fataki,2026-08-07,0.902,0.687,1.142,0.814,0.995,rt,
fataki,2026-08-08,0.876,0.659,1.124,0.785,0.972,rt,
fataki,2026-08-09,0.852,0.634,1.109,0.755,0.948,rt,
fataki,2026-08-10,0.817,0.595,1.091,0.722,0.923,rt,
fataki,2026-08-11,0.789,0.587,1.041,0.698,0.887,rt,
fataki,2026-08-12,0.763,0.575,0.998,0.676,0.856,rt,
fataki,2026-08-13,0.736,0.553,0.961,0.65,0.824,rt,
fataki,2026-08-14,0.711,0.535,0.921,0.631,0.795,rt,
fataki,2026-08-15,0.689,0.515,0.893,0.61,0.768,rt,
fataki,2026-08-16,0.664,0.49,0.874,0.587,0.743,rt,
fataki,2026-08-17,0.653,0.473,0.872,0.573,0.735,rt,
fataki,2026-08-18,0.646,0.47,0.852,0.568,0.722,rt,
fataki,2026-08-19,0.637,0.466,0.838,0.561,0.711,rt,
fataki,2026-08-20,0.629,0.46,0.831,0.555,0.704,rt,
fataki,2026-08-21,0.624,0.454,0.823,0.549,0.701,rt,
fataki,2026-08-22,0.617,0.446,0.822,0.541,0.696,rt,
fataki,2026-08-23,0.61,0.437,0.824,0.535,0.697,rt,
fataki,2026-08-24,0.612,0.43,0.839,0.531,0.704,rt,
fataki,2026-08-25,0.616,0.439,0.839,0.537,0.708,rt,
fataki,2026-08-26,0.62,0.446,0.837,0.539,0.71,rt,
fataki,2026-08-27,0.625,0.445,0.84,0.544,0.716,rt,
fataki,2026-08-28,0.627,0.443,0.848,0.545,0.716,rt,
fataki,2026-08-29,0.626,0.442,0.859,0.547,0.72,rt,
fataki,2026-08-30,0.628,0.437,0.874,0.548,0.723,rt,
fataki,2026-08-31,0.622,0.426,0.885,0.542,0.722,rt,
fataki,2026-09-01,0.628,0.434,0.882,0.547,0.726,rt,
fataki,2026-09-02,0.635,0.438,0.887,0.554,0.727,rt,
fataki,2026-09-03,0.638,0.442,0.891,0.557,0.731,rt,
fataki,2026-09-04,0.64,0.442,0.892,0.559,0.736,rt,
fataki,2026-09-05,0.641,0.44,0.901,0.558,0.739,rt,
fataki,2026-09-06,0.643,0.436,0.916,0.558,0.744,rt,
fataki,2026-09-07,0.636,0.424,0.92,0.552,0.743,rt,
fataki,2026-09-08,0.627,0.423,0.903,0.545,0.73,rt,
fataki,2026-09-09,0.619,0.424,0.881,0.539,0.724,rt,
fataki,2026-09-10,0.612,0.415,0.868,0.528,0.71,rt,
fataki,2026-09-11,0.597,0.402,0.859,0.512,0.691,rt,
fataki,2026-09-12,0.582,0.387,0.839,0.496,0.675,rt,
fataki,2026-09-13,0.564,0.37,0.837,0.479,0.661,rt,
fataki,2026-09-14,0.541,0.345,0.817,0.453,0.638,rt,
fataki,2026-09-15,0.521,0.333,0.79,0.438,0.617,rt,
fataki,2026-09-16,0.503,0.319,0.766,0.419,0.596,rt,
fataki,2026-09-17,0.483,0.302,0.747,0.405,0.581,rt,
fataki,2026-09-18,0.467,0.293,0.73,0.386,0.562,rt,
fataki,2026-09-19,0.452,0.28,0.698,0.369,0.546,rt,
fataki,2026-09-20,0.439,0.265,0.688,0.353,0.531,rt,
fataki,2026-09-21,0.434,0.255,0.695,0.347,0.532,rt,
fataki,2026-09-22,0.439,0.256,0.701,0.35,0.534,rt,
fataki,2026-09-23,0.443,0.257,0.724,0.352,0.543,rt,
fataki,2026-09-24,0.446,0.253,0.742,0.351,0.552,rt,
fataki,2026-09-25,0.454,0.254,0.752,0.357,0.558,rt,
fataki,2026-09-26,0.46,0.256,0.77,0.362,0.567,rt,
fataki,2026-09-27,0.465,0.254,0.795,0.367,0.577,rt,
gety,2026-06-27,1.299,1.146,1.453,1.238,1.36,rt,
gety,2026-06-28,1.293,1.143,1.45,1.235,1.355,rt,
gety,2026-06-29,1.265,1.118,1.422,1.205,1.326,rt,
gety,2026-06-30,1.237,1.098,1.386,1.179,1.294,rt,
gety,2026-07-01,1.21,1.072,1.361,1.154,1.268,rt,
gety,2026-07-02,1.184,1.051,1.335,1.129,1.242,rt,
gety,2026-07-03,1.166,1.044,1.307,1.114,1.22,rt,
gety,2026-07-04,1.15,1.03,1.279,1.101,1.199,rt,
gety,2026-07-05,1.136,1.017,1.259,1.088,1.181,rt,
gety,2026-07-06,1.131,1.011,1.253,1.083,1.179,rt,
gety,2026-07-07,1.133,1.017,1.253,1.086,1.18,rt,
gety,2026-07-08,1.134,1.018,1.255,1.087,1.182,rt,
gety,2026-07-09,1.135,1.019,1.261,1.086,1.185,rt,
gety,2026-07-10,1.133,1.023,1.252,1.088,1.181,rt,
gety,2026-07-11,1.133,1.02,1.249,1.087,1.179,rt,
gety,2026-07-12,1.133,1.017,1.245,1.086,1.178,rt,
gety,2026-07-13,1.117,1.002,1.229,1.07,1.163,rt,
gety,2026-07-14,1.104,0.992,1.215,1.059,1.15,rt,
gety,2026-07-15,1.092,0.98,1.203,1.048,1.137,rt,
gety,2026-07-16,1.079,0.967,1.194,1.034,1.126,rt,
gety,2026-07-17,1.062,0.959,1.167,1.02,1.107,rt,
gety,2026-07-18,1.045,0.944,1.145,1.006,1.086,rt,
gety,2026-07-19,1.029,0.928,1.13,0.992,1.069,rt,
gety,2026-07-20,1.02,0.917,1.122,0.981,1.061,rt,
gety,2026-07-21,1.011,0.911,1.108,0.972,1.051,rt,
gety,2026-07-22,1.003,0.901,1.098,0.962,1.041,rt,
gety,2026-07-23,0.994,0.889,1.092,0.952,1.034,rt,
gety,2026-07-24,0.99,0.894,1.082,0.952,1.028,rt,
gety,2026-07-25,0.986,0.893,1.079,0.949,1.023,rt,
gety,2026-07-26,0.981,0.89,1.073,0.945,1.019,rt,
gety,2026-07-27,0.989,0.894,1.089,0.952,1.031,rt,
gety,2026-07-28,0.999,0.901,1.102,0.96,1.042,rt,
gety,2026-07-29,1.007,0.906,1.115,0.967,1.054,rt,
gety,2026-07-30,1.018,0.907,1.133,0.973,1.066,rt,
gety,2026-07-31,1.027,0.923,1.137,0.985,1.074,rt,
gety,2026-08-01,1.037,0.935,1.145,0.995,1.082,rt,
gety,2026-08-02,1.045,0.945,1.155,1.003,1.09,rt,
gety,2026-08-03,1.039,0.938,1.15,0.998,1.085,rt,
gety,2026-08-04,1.035,0.935,1.144,0.992,1.079,rt,
gety,2026-08-05,1.03,0.927,1.139,0.986,1.075,rt,
gety,2026-08-06,1.025,0.916,1.139,0.98,1.071,rt,
gety,2026-08-07,1.015,0.91,1.119,0.97,1.056,rt,
gety,2026-08-08,1.002,0.903,1.103,0.961,1.043,rt,
gety,2026-08-09,0.99,0.892,1.091,0.95,1.031,rt,
gety,2026-08-10,0.97,0.871,1.076,0.931,1.011,rt,
gety,2026-08-11,0.953,0.857,1.059,0.916,0.994,rt,
gety,2026-08-12,0.938,0.841,1.042,0.899,0.979,rt,
gety,2026-08-13,0.923,0.822,1.029,0.879,0.964,rt,
gety,2026-08-14,0.907,0.814,1.005,0.867,0.947,rt,
gety,2026-08-15,0.891,0.801,0.984,0.853,0.929,rt,
gety,2026-08-16,0.875,0.789,0.97,0.841,0.914,rt,
gety,2026-08-17,0.874,0.786,0.972,0.837,0.912,rt,
gety,2026-08-18,0.875,0.784,0.975,0.837,0.914,rt,
gety,2026-08-19,0.875,0.782,0.978,0.836,0.915,rt,
gety,2026-08-20,0.876,0.779,0.984,0.834,0.917,rt,
gety,2026-08-21,0.88,0.786,0.982,0.841,0.918,rt,
gety,2026-08-22,0.884,0.791,0.985,0.847,0.92,rt,
gety,2026-08-23,0.887,0.796,0.988,0.85,0.926,rt,
gety,2026-08-24,0.898,0.803,1.004,0.86,0.94,rt,
gety,2026-08-25,0.913,0.814,1.024,0.873,0.957,rt,
gety,2026-08-26,0.927,0.826,1.044,0.885,0.975,rt,
gety,2026-08-27,0.94,0.83,1.066,0.895,0.992,rt,
gety,2026-08-28,0.95,0.845,1.068,0.908,1.0,rt,
gety,2026-08-29,0.962,0.859,1.076,0.92,1.008,rt,
gety,2026-08-30,0.971,0.871,1.084,0.931,1.017,rt,
gety,2026-08-31,0.975,0.871,1.089,0.932,1.021,rt,
gety,2026-09-01,0.982,0.871,1.101,0.936,1.031,rt,
gety,2026-09-02,0.987,0.872,1.11,0.938,1.038,rt,
gety,2026-09-03,0.993,0.87,1.123,0.94,1.045,rt,
gety,2026-09-04,0.995,0.872,1.125,0.943,1.046,rt,
gety,2026-09-05,0.995,0.869,1.128,0.942,1.047,rt,
gety,2026-09-06,0.994,0.866,1.127,0.941,1.048,rt,
gety,2026-09-07,0.981,0.849,1.121,0.928,1.039,rt,
gety,2026-09-08,0.972,0.839,1.115,0.916,1.028,rt,
gety,2026-09-09,0.96,0.823,1.11,0.901,1.017,rt,
gety,2026-09-10,0.947,0.805,1.104,0.885,1.007,rt,
gety,2026-09-11,0.925,0.786,1.084,0.866,0.984,rt,
gety,2026-09-12,0.9,0.757,1.069,0.844,0.966,rt,
gety,2026-09-13,0.876,0.725,1.054,0.816,0.947,rt,
gety,2026-09-14,0.84,0.681,1.037,0.776,0.916,rt,
gety,2026-09-15,0.811,0.635,1.018,0.742,0.892,rt,
gety,2026-09-16,0.782,0.598,0.994,0.706,0.867,rt,
gety,2026-09-17,0.754,0.56,0.979,0.673,0.845,rt,
gety,2026-09-18,0.728,0.534,0.956,0.647,0.818,rt,
gety,2026-09-19,0.701,0.509,0.929,0.62,0.788,rt,
gety,2026-09-20,0.675,0.482,0.902,0.595,0.767,rt,
gety,2026-09-21,0.669,0.469,0.914,0.583,0.767,rt,
gety,2026-09-22,0.674,0.464,0.93,0.578,0.774,rt,
gety,2026-09-23,0.676,0.456,0.95,0.573,0.783,rt,
gety,2026-09-24,0.677,0.454,0.972,0.57,0.791,rt,
gety,2026-09-25,0.682,0.454,0.97,0.576,0.794,rt,
gety,2026-09-26,0.686,0.457,0.97,0.582,0.798,rt,
gety,2026-09-27,0.691,0.456,0.965,0.586,0.805,rt,
kambala,2026-07-17,1.046,0.915,1.154,0.992,1.09,rt,
kambala,2026-07-18,1.03,0.905,1.134,0.98,1.073,rt,
kambala,2026-07-19,1.015,0.89,1.116,0.967,1.056,rt,
kambala,2026-07-20,1.007,0.882,1.112,0.959,1.046,rt,
kambala,2026-07-21,0.999,0.878,1.101,0.952,1.037,rt,
kambala,2026-07-22,0.99,0.872,1.093,0.943,1.031,rt,
kambala,2026-07-23,0.981,0.865,1.087,0.934,1.025,rt,
kambala,2026-07-24,0.978,0.867,1.079,0.936,1.019,rt,
kambala,2026-07-25,0.976,0.87,1.074,0.934,1.015,rt,
kambala,2026-07-26,0.972,0.869,1.073,0.932,1.013,rt,
kambala,2026-07-27,0.983,0.877,1.088,0.94,1.025,rt,
kambala,2026-07-28,0.993,0.882,1.102,0.949,1.035,rt,
kambala,2026-07-29,1.003,0.887,1.117,0.959,1.047,rt,
kambala,2026-07-30,1.012,0.892,1.134,0.968,1.059,rt,
kambala,2026-07-31,1.022,0.907,1.142,0.98,1.068,rt,
kambala,2026-08-01,1.032,0.919,1.149,0.989,1.078,rt,
kambala,2026-08-02,1.044,0.934,1.154,0.998,1.088,rt,
kambala,2026-08-03,1.039,0.929,1.153,0.992,1.083,rt,
kambala,2026-08-04,1.035,0.923,1.145,0.989,1.079,rt,
kambala,2026-08-05,1.029,0.917,1.141,0.984,1.076,rt,
kambala,2026-08-06,1.025,0.908,1.14,0.978,1.071,rt,
kambala,2026-08-07,1.014,0.906,1.125,0.97,1.056,rt,
kambala,2026-08-08,1.003,0.9,1.107,0.961,1.044,rt,
kambala,2026-08-09,0.99,0.891,1.094,0.95,1.033,rt,
kambala,2026-08-10,0.972,0.871,1.081,0.93,1.014,rt,
kambala,2026-08-11,0.956,0.857,1.062,0.914,0.996,rt,
kambala,2026-08-12,0.94,0.839,1.049,0.896,0.983,rt,
kambala,2026-08-13,0.924,0.822,1.035,0.881,0.969,rt,
kambala,2026-08-14,0.909,0.815,1.015,0.868,0.95,rt,
kambala,2026-08-15,0.893,0.803,0.992,0.854,0.933,rt,
kambala,2026-08-16,0.877,0.789,0.977,0.841,0.917,rt,
kambala,2026-08-17,0.876,0.786,0.979,0.839,0.916,rt,
kambala,2026-08-18,0.876,0.786,0.98,0.839,0.916,rt,
kambala,2026-08-19,0.877,0.784,0.985,0.838,0.919,rt,
kambala,2026-08-20,0.878,0.781,0.989,0.837,0.922,rt,
kambala,2026-08-21,0.882,0.79,0.991,0.845,0.924,rt,
kambala,2026-08-22,0.887,0.795,0.993,0.849,0.926,rt,
kambala,2026-08-23,0.892,0.798,0.997,0.854,0.93,rt,
kambala,2026-08-24,0.905,0.809,1.013,0.865,0.946,rt,
kambala,2026-08-25,0.918,0.821,1.032,0.878,0.962,rt,
kambala,2026-08-26,0.932,0.831,1.054,0.89,0.979,rt,
kambala,2026-08-27,0.946,0.839,1.075,0.899,0.995,rt,
kambala,2026-08-28,0.958,0.852,1.08,0.912,1.004,rt,
kambala,2026-08-29,0.97,0.862,1.088,0.924,1.015,rt,
kambala,2026-08-30,0.98,0.874,1.098,0.934,1.024,rt,
kambala,2026-08-31,0.985,0.873,1.102,0.936,1.03,rt,
kambala,2026-09-01,0.991,0.875,1.11,0.94,1.037,rt,
kambala,2026-09-02,0.996,0.875,1.12,0.942,1.044,rt,
kambala,2026-09-03,0.999,0.875,1.134,0.944,1.051,rt,
kambala,2026-09-04,1.001,0.875,1.134,0.947,1.053,rt,
kambala,2026-09-05,1.002,0.876,1.132,0.948,1.055,rt,
kambala,2026-09-06,1.0,0.872,1.135,0.948,1.056,rt,
kambala,2026-09-07,0.989,0.858,1.128,0.934,1.046,rt,
kambala,2026-09-08,0.978,0.846,1.123,0.923,1.036,rt,
kambala,2026-09-09,0.968,0.832,1.121,0.908,1.025,rt,
kambala,2026-09-10,0.953,0.811,1.116,0.892,1.014,rt,
kambala,2026-09-11,0.932,0.792,1.093,0.874,0.993,rt,
kambala,2026-09-12,0.91,0.765,1.075,0.848,0.973,rt,
kambala,2026-09-13,0.885,0.734,1.071,0.82,0.956,rt,
kambala,2026-09-14,0.847,0.689,1.048,0.782,0.929,rt,
kambala,2026-09-15,0.817,0.649,1.03,0.75,0.904,rt,
kambala,2026-09-16,0.79,0.609,1.012,0.715,0.879,rt,
kambala,2026-09-17,0.762,0.575,0.997,0.68,0.855,rt,
kambala,2026-09-18,0.739,0.552,0.973,0.654,0.83,rt,
kambala,2026-09-19,0.712,0.527,0.946,0.628,0.806,rt,
kambala,2026-09-20,0.688,0.5,0.928,0.604,0.784,rt,
kambala,2026-09-21,0.682,0.485,0.94,0.594,0.784,rt,
kambala,2026-09-22,0.686,0.478,0.958,0.591,0.789,rt,
kambala,2026-09-23,0.689,0.472,0.98,0.588,0.795,rt,
kambala,2026-09-24,0.691,0.464,1.0,0.585,0.802,rt,
kambala,2026-09-25,0.699,0.469,0.994,0.593,0.809,rt,
kambala,2026-09-26,0.706,0.467,0.995,0.601,0.813,rt,
kambala,2026-09-27,0.712,0.469,0.993,0.609,0.821,rt,
kilo,2026-06-02,1.321,0.934,1.845,1.146,1.534,rt,
kilo,2026-06-03,1.309,0.931,1.794,1.138,1.513,rt,
kilo,2026-06-04,1.298,0.927,1.765,1.128,1.481,rt,
kilo,2026-06-05,1.282,0.923,1.721,1.116,1.468,rt,
kilo,2026-06-06,1.27,0.909,1.699,1.106,1.453,rt,
kilo,2026-06-07,1.257,0.894,1.686,1.097,1.442,rt,
kilo,2026-06-08,1.25,0.882,1.681,1.083,1.428,rt,
kilo,2026-06-09,1.236,0.892,1.668,1.082,1.403,rt,
kilo,2026-06-10,1.229,0.891,1.644,1.074,1.391,rt,
kilo,2026-06-11,1.214,0.888,1.631,1.061,1.378,rt,
kilo,2026-06-12,1.199,0.883,1.608,1.055,1.357,rt,
kilo,2026-06-13,1.184,0.878,1.597,1.041,1.336,rt,
kilo,2026-06-14,1.169,0.855,1.586,1.027,1.323,rt,
kilo,2026-06-15,1.161,0.841,1.587,1.017,1.318,rt,
kilo,2026-06-16,1.153,0.839,1.551,1.018,1.299,rt,
kilo,2026-06-17,1.144,0.839,1.522,1.018,1.287,rt,
kilo,2026-06-18,1.134,0.842,1.501,1.013,1.28,rt,
kilo,2026-06-19,1.124,0.836,1.481,1.006,1.262,rt,
kilo,2026-06-20,1.111,0.827,1.462,0.992,1.249,rt,
kilo,2026-06-21,1.1,0.807,1.459,0.981,1.232,rt,
kilo,2026-06-22,1.097,0.8,1.475,0.977,1.236,rt,
kilo,2026-06-23,1.099,0.806,1.451,0.977,1.226,rt,
kilo,2026-06-24,1.098,0.811,1.446,0.983,1.226,rt,
kilo,2026-06-25,1.101,0.817,1.446,0.985,1.22,rt,
kilo,2026-06-26,1.102,0.819,1.443,0.985,1.218,rt,
kilo,2026-06-27,1.1,0.821,1.447,0.984,1.219,rt,
kilo,2026-06-28,1.095,0.817,1.455,0.984,1.228,rt,
kilo,2026-06-29,1.074,0.788,1.441,0.959,1.208,rt,
kilo,2026-06-30,1.053,0.779,1.4,0.941,1.177,rt,
kilo,2026-07-01,1.034,0.772,1.359,0.931,1.151,rt,
kilo,2026-07-02,1.014,0.759,1.331,0.917,1.132,rt,
kilo,2026-07-03,1.001,0.754,1.311,0.906,1.12,rt,
kilo,2026-07-04,0.99,0.75,1.284,0.895,1.107,rt,
kilo,2026-07-05,0.978,0.734,1.267,0.883,1.098,rt,
kilo,2026-07-06,0.979,0.732,1.286,0.877,1.106,rt,
kilo,2026-07-07,0.984,0.742,1.274,0.884,1.106,rt,
kilo,2026-07-08,0.988,0.752,1.271,0.888,1.102,rt,
kilo,2026-07-09,0.991,0.759,1.274,0.893,1.099,rt,
kilo,2026-07-10,0.992,0.767,1.275,0.893,1.099,rt,
kilo,2026-07-11,0.994,0.763,1.278,0.896,1.103,rt,
kilo,2026-07-12,0.996,0.765,1.284,0.891,1.109,rt,
kilo,2026-07-13,0.983,0.747,1.281,0.879,1.098,rt,
kilo,2026-07-14,0.972,0.748,1.257,0.871,1.08,rt,
kilo,2026-07-15,0.955,0.742,1.23,0.865,1.062,rt,
kilo,2026-07-16,0.943,0.734,1.205,0.854,1.048,rt,
kilo,2026-07-17,0.93,0.722,1.18,0.841,1.031,rt,
kilo,2026-07-18,0.914,0.711,1.165,0.825,1.015,rt,
kilo,2026-07-19,0.897,0.694,1.156,0.804,1.003,rt,
kilo,2026-07-20,0.886,0.684,1.154,0.792,0.996,rt,
kilo,2026-07-21,0.88,0.681,1.127,0.784,0.978,rt,
kilo,2026-07-22,0.868,0.671,1.116,0.772,0.962,rt,
kilo,2026-07-23,0.857,0.665,1.101,0.763,0.948,rt,
kilo,2026-07-24,0.851,0.659,1.088,0.756,0.939,rt,
kilo,2026-07-25,0.844,0.647,1.074,0.754,0.935,rt,
kilo,2026-07-26,0.839,0.634,1.074,0.745,0.931,rt,
kilo,2026-07-27,0.845,0.634,1.086,0.744,0.939,rt,
kilo,2026-07-28,0.85,0.645,1.08,0.754,0.942,rt,
kilo,2026-07-29,0.854,0.652,1.087,0.762,0.948,rt,
kilo,2026-07-30,0.859,0.659,1.092,0.768,0.955,rt,
kilo,2026-07-31,0.863,0.663,1.096,0.775,0.959,rt,
kilo,2026-08-01,0.87,0.661,1.111,0.783,0.966,rt,
kilo,2026-08-02,0.876,0.659,1.124,0.784,0.969,rt,
kilo,2026-08-03,0.868,0.645,1.136,0.774,0.967,rt,
kilo,2026-08-04,0.866,0.65,1.119,0.773,0.961,rt,
kilo,2026-08-05,0.86,0.652,1.104,0.77,0.954,rt,
kilo,2026-08-06,0.857,0.653,1.096,0.769,0.948,rt,
kilo,2026-08-07,0.85,0.646,1.076,0.761,0.94,rt,
kilo,2026-08-08,0.844,0.637,1.072,0.75,0.928,rt,
kilo,2026-08-09,0.836,0.625,1.061,0.738,0.921,rt,
kilo,2026-08-10,0.817,0.605,1.052,0.721,0.906,rt,
kilo,2026-08-11,0.805,0.597,1.025,0.712,0.889,rt,
kilo,2026-08-12,0.791,0.587,1.009,0.705,0.878,rt,
kilo,2026-08-13,0.778,0.578,0.995,0.693,0.868,rt,
kilo,2026-08-14,0.767,0.573,0.979,0.682,0.851,rt,
kilo,2026-08-15,0.756,0.567,0.966,0.672,0.842,rt,
kilo,2026-08-16,0.745,0.548,0.961,0.66,0.83,rt,
kilo,2026-08-17,0.744,0.538,0.976,0.656,0.835,rt,
kilo,2026-08-18,0.746,0.542,0.978,0.66,0.833,rt,
kilo,2026-08-19,0.746,0.546,0.98,0.663,0.831,rt,
kilo,2026-08-20,0.749,0.55,0.986,0.665,0.834,rt,
kilo,2026-08-21,0.751,0.551,0.993,0.669,0.843,rt,
kilo,2026-08-22,0.753,0.551,1.008,0.671,0.85,rt,
kilo,2026-08-23,0.757,0.542,1.019,0.67,0.859,rt,
kilo,2026-08-24,0.769,0.543,1.051,0.677,0.876,rt,
kilo,2026-08-25,0.784,0.562,1.058,0.691,0.89,rt,
kilo,2026-08-26,0.798,0.577,1.083,0.703,0.905,rt,
kilo,2026-08-27,0.811,0.591,1.113,0.708,0.922,rt,
kilo,2026-08-28,0.823,0.605,1.128,0.72,0.932,rt,
kilo,2026-08-29,0.832,0.608,1.139,0.731,0.941,rt,
kilo,2026-08-30,0.839,0.612,1.172,0.738,0.953,rt,
kilo,2026-08-31,0.845,0.613,1.195,0.739,0.962,rt,
kilo,2026-09-01,0.853,0.623,1.195,0.746,0.971,rt,
kilo,2026-09-02,0.857,0.627,1.2,0.752,0.976,rt,
kilo,2026-09-03,0.86,0.63,1.199,0.759,0.981,rt,
kilo,2026-09-04,0.864,0.633,1.218,0.762,0.99,rt,
kilo,2026-09-05,0.868,0.63,1.223,0.761,0.994,rt,
kilo,2026-09-06,0.869,0.626,1.234,0.76,1.002,rt,
kilo,2026-09-07,0.86,0.615,1.234,0.75,0.994,rt,
kilo,2026-09-08,0.846,0.61,1.216,0.738,0.976,rt,
kilo,2026-09-09,0.831,0.598,1.195,0.724,0.959,rt,
kilo,2026-09-10,0.815,0.584,1.17,0.707,0.941,rt,
kilo,2026-09-11,0.792,0.563,1.136,0.687,0.915,rt,
kilo,2026-09-12,0.767,0.542,1.119,0.661,0.894,rt,
kilo,2026-09-13,0.741,0.513,1.107,0.635,0.871,rt,
kilo,2026-09-14,0.702,0.478,1.07,0.6,0.839,rt,
kilo,2026-09-15,0.677,0.457,1.036,0.573,0.807,rt,
kilo,2026-09-16,0.651,0.434,1.009,0.546,0.777,rt,
kilo,2026-09-17,0.625,0.41,0.97,0.516,0.747,rt,
kilo,2026-09-18,0.601,0.391,0.919,0.495,0.718,rt,
kilo,2026-09-19,0.574,0.368,0.885,0.472,0.692,rt,
kilo,2026-09-20,0.549,0.342,0.867,0.452,0.667,rt,
kilo,2026-09-21,0.541,0.329,0.879,0.441,0.663,rt,
kilo,2026-09-22,0.542,0.326,0.899,0.441,0.666,rt,
kilo,2026-09-23,0.541,0.324,0.904,0.439,0.668,rt,
kilo,2026-09-24,0.543,0.319,0.92,0.434,0.674,rt,
kilo,2026-09-25,0.545,0.318,0.914,0.439,0.677,rt,
kilo,2026-09-26,0.551,0.315,0.925,0.44,0.685,rt,
kilo,2026-09-27,0.555,0.307,0.948,0.44,0.696,rt,
komanda,2026-05-27,2.085,1.38,3.029,1.792,2.432,rt,
komanda,2026-05-28,2.037,1.357,2.977,1.756,2.374,rt,
komanda,2026-05-29,2.0,1.333,2.881,1.709,2.325,rt,
komanda,2026-05-30,1.949,1.305,2.833,1.665,2.286,rt,
komanda,2026-05-31,1.902,1.27,2.82,1.629,2.231,rt,
komanda,2026-06-01,1.887,1.228,2.874,1.593,2.235,rt,
komanda,2026-06-02,1.872,1.256,2.736,1.606,2.185,rt,
komanda,2026-06-03,1.844,1.246,2.642,1.603,2.143,rt,
komanda,2026-06-04,1.831,1.247,2.596,1.582,2.103,rt,
komanda,2026-06-05,1.813,1.252,2.551,1.565,2.077,rt,
komanda,2026-06-06,1.791,1.246,2.555,1.548,2.056,rt,
komanda,2026-06-07,1.773,1.217,2.559,1.527,2.04,rt,
komanda,2026-06-08,1.761,1.193,2.588,1.503,2.033,rt,
komanda,2026-06-09,1.741,1.201,2.461,1.497,1.994,rt,
komanda,2026-06-10,1.711,1.198,2.389,1.488,1.949,rt,
komanda,2026-06-11,1.68,1.194,2.313,1.467,1.902,rt,
komanda,2026-06-12,1.647,1.185,2.264,1.438,1.867,rt,
komanda,2026-06-13,1.613,1.152,2.251,1.401,1.844,rt,
komanda,2026-06-14,1.577,1.106,2.249,1.365,1.829,rt,
komanda,2026-06-15,1.548,1.064,2.276,1.334,1.815,rt,
komanda,2026-06-16,1.532,1.079,2.192,1.328,1.773,rt,
komanda,2026-06-17,1.519,1.077,2.125,1.319,1.735,rt,
komanda,2026-06-18,1.502,1.068,2.073,1.306,1.71,rt,
komanda,2026-06-19,1.473,1.058,2.023,1.296,1.675,rt,
komanda,2026-06-20,1.446,1.025,1.991,1.268,1.651,rt,
komanda,2026-06-21,1.422,1.001,1.987,1.242,1.632,rt,
komanda,2026-06-22,1.41,0.977,2.014,1.222,1.629,rt,
komanda,2026-06-23,1.404,1.003,1.942,1.228,1.604,rt,
komanda,2026-06-24,1.407,1.019,1.902,1.227,1.584,rt,
komanda,2026-06-25,1.397,1.015,1.888,1.225,1.571,rt,
komanda,2026-06-26,1.39,1.011,1.86,1.226,1.568,rt,
komanda,2026-06-27,1.382,0.995,1.854,1.218,1.564,rt,
komanda,2026-06-28,1.378,0.968,1.887,1.201,1.567,rt,
komanda,2026-06-29,1.349,0.919,1.887,1.161,1.55,rt,
komanda,2026-06-30,1.32,0.928,1.799,1.154,1.503,rt,
komanda,2026-07-01,1.294,0.931,1.751,1.138,1.47,rt,
komanda,2026-07-02,1.268,0.923,1.723,1.12,1.433,rt,
komanda,2026-07-03,1.254,0.926,1.706,1.109,1.419,rt,
komanda,2026-07-04,1.243,0.909,1.667,1.089,1.4,rt,
komanda,2026-07-05,1.224,0.88,1.672,1.074,1.394,rt,
komanda,2026-07-06,1.223,0.862,1.7,1.066,1.412,rt,
komanda,2026-07-07,1.245,0.89,1.69,1.096,1.416,rt,
komanda,2026-07-08,1.272,0.933,1.673,1.125,1.435,rt,
komanda,2026-07-09,1.293,0.959,1.666,1.15,1.451,rt,
komanda,2026-07-10,1.314,0.974,1.713,1.173,1.468,rt,
komanda,2026-07-11,1.334,0.976,1.75,1.19,1.494,rt,
komanda,2026-07-12,1.353,0.973,1.802,1.197,1.53,rt,
komanda,2026-07-13,1.358,0.954,1.863,1.183,1.543,rt,
komanda,2026-07-14,1.365,0.984,1.825,1.205,1.548,rt,
komanda,2026-07-15,1.377,1.012,1.821,1.218,1.549,rt,
komanda,2026-07-16,1.381,1.037,1.829,1.231,1.546,rt,
komanda,2026-07-17,1.382,1.044,1.843,1.241,1.546,rt,
komanda,2026-07-18,1.383,1.043,1.863,1.244,1.561,rt,
komanda,2026-07-19,1.391,1.035,1.901,1.229,1.572,rt,
komanda,2026-07-20,1.399,1.014,1.966,1.227,1.613,rt,
komanda,2026-07-21,1.41,1.047,1.936,1.257,1.603,rt,
komanda,2026-07-22,1.427,1.083,1.907,1.277,1.599,rt,
komanda,2026-07-23,1.442,1.104,1.888,1.294,1.601,rt,
komanda,2026-07-24,1.46,1.117,1.895,1.317,1.622,rt,
komanda,2026-07-25,1.481,1.124,1.918,1.336,1.646,rt,
komanda,2026-07-26,1.504,1.131,1.98,1.342,1.679,rt,
komanda,2026-07-27,1.544,1.135,2.096,1.364,1.746,rt,
komanda,2026-07-28,1.571,1.185,2.07,1.4,1.75,rt,
komanda,2026-07-29,1.593,1.214,2.069,1.427,1.776,rt,
komanda,2026-07-30,1.616,1.251,2.093,1.46,1.801,rt,
komanda,2026-07-31,1.642,1.284,2.119,1.487,1.836,rt,
komanda,2026-08-01,1.672,1.305,2.181,1.508,1.865,rt,
komanda,2026-08-02,1.697,1.304,2.267,1.519,1.9,rt,
komanda,2026-08-03,1.692,1.271,2.329,1.506,1.92,rt,
komanda,2026-08-04,1.681,1.289,2.251,1.51,1.892,rt,
komanda,2026-08-05,1.666,1.301,2.198,1.512,1.868,rt,
komanda,2026-08-06,1.657,1.303,2.161,1.5,1.843,rt,
komanda,2026-08-07,1.641,1.285,2.131,1.48,1.809,rt,
komanda,2026-08-08,1.618,1.258,2.11,1.456,1.791,rt,
komanda,2026-08-09,1.592,1.212,2.123,1.426,1.775,rt,
komanda,2026-08-10,1.554,1.151,2.111,1.381,1.758,rt,
komanda,2026-08-11,1.512,1.156,2.001,1.353,1.678,rt,
komanda,2026-08-12,1.468,1.138,1.912,1.318,1.629,rt,
komanda,2026-08-13,1.426,1.106,1.84,1.279,1.579,rt,
komanda,2026-08-14,1.386,1.077,1.788,1.248,1.536,rt,
komanda,2026-08-15,1.345,1.029,1.748,1.209,1.499,rt,
komanda,2026-08-16,1.307,0.984,1.727,1.17,1.456,rt,
komanda,2026-08-17,1.287,0.946,1.734,1.143,1.448,rt,
komanda,2026-08-18,1.259,0.95,1.646,1.138,1.402,rt,
komanda,2026-08-19,1.234,0.943,1.58,1.12,1.364,rt,
komanda,2026-08-20,1.208,0.931,1.534,1.104,1.332,rt,
komanda,2026-08-21,1.19,0.921,1.503,1.086,1.303,rt,
komanda,2026-08-22,1.164,0.902,1.473,1.059,1.285,rt,
komanda,2026-08-23,1.143,0.877,1.461,1.034,1.264,rt,
komanda,2026-08-24,1.133,0.845,1.487,1.013,1.266,rt,
komanda,2026-08-25,1.125,0.865,1.428,1.02,1.246,rt,
komanda,2026-08-26,1.118,0.873,1.391,1.015,1.229,rt,
komanda,2026-08-27,1.109,0.879,1.38,1.009,1.212,rt,
komanda,2026-08-28,1.094,0.872,1.361,1.002,1.194,rt,
komanda,2026-08-29,1.084,0.849,1.354,0.988,1.188,rt,
komanda,2026-08-30,1.071,0.823,1.349,0.969,1.181,rt,
komanda,2026-08-31,1.052,0.786,1.352,0.938,1.168,rt,
komanda,2026-09-01,1.05,0.801,1.329,0.944,1.157,rt,
komanda,2026-09-02,1.045,0.812,1.312,0.944,1.146,rt,
komanda,2026-09-03,1.043,0.811,1.297,0.941,1.138,rt,
komanda,2026-09-04,1.033,0.799,1.298,0.932,1.129,rt,
komanda,2026-09-05,1.024,0.781,1.301,0.917,1.128,rt,
komanda,2026-09-06,1.013,0.756,1.319,0.897,1.126,rt,
komanda,2026-09-07,0.989,0.718,1.309,0.868,1.115,rt,
komanda,2026-09-08,0.986,0.721,1.296,0.869,1.111,rt,
komanda,2026-09-09,0.983,0.723,1.293,0.862,1.1,rt,
komanda,2026-09-10,0.976,0.713,1.284,0.851,1.103,rt,
komanda,2026-09-11,0.96,0.703,1.283,0.835,1.091,rt,
komanda,2026-09-12,0.939,0.67,1.285,0.814,1.075,rt,
komanda,2026-09-13,0.917,0.635,1.287,0.789,1.063,rt,
komanda,2026-09-14,0.883,0.587,1.259,0.747,1.039,rt,
komanda,2026-09-15,0.849,0.566,1.224,0.71,0.996,rt,
komanda,2026-09-16,0.811,0.539,1.184,0.673,0.964,rt,
komanda,2026-09-17,0.771,0.503,1.147,0.638,0.928,rt,
komanda,2026-09-18,0.736,0.47,1.121,0.608,0.892,rt,
komanda,2026-09-19,0.704,0.438,1.093,0.575,0.856,rt,
komanda,2026-09-20,0.67,0.401,1.074,0.542,0.821,rt,
komanda,2026-09-21,0.656,0.376,1.097,0.521,0.816,rt,
komanda,2026-09-22,0.651,0.372,1.103,0.514,0.807,rt,
komanda,2026-09-23,0.644,0.36,1.118,0.506,0.808,rt,
komanda,2026-09-24,0.638,0.35,1.128,0.494,0.805,rt,
komanda,2026-09-25,0.633,0.341,1.135,0.487,0.802,rt,
komanda,2026-09-26,0.628,0.326,1.152,0.484,0.797,rt,
komanda,2026-09-27,0.624,0.312,1.159,0.475,0.8,rt,
lita,2026-05-25,2.572,1.829,3.546,2.237,2.923,rt,
lita,2026-05-26,2.518,1.82,3.411,2.205,2.839,rt,
lita,2026-05-27,2.453,1.806,3.257,2.174,2.771,rt,
lita,2026-05-28,2.409,1.791,3.176,2.135,2.701,rt,
lita,2026-05-29,2.339,1.753,3.086,2.093,2.621,rt,
lita,2026-05-30,2.281,1.718,2.991,2.035,2.536,rt,
lita,2026-05-31,2.219,1.668,2.909,1.984,2.47,rt,
lita,2026-06-01,2.198,1.649,2.887,1.956,2.443,rt,
lita,2026-06-02,2.181,1.667,2.826,1.951,2.412,rt,
lita,2026-06-03,2.169,1.684,2.787,1.94,2.374,rt,
lita,2026-06-04,2.144,1.681,2.739,1.934,2.357,rt,
lita,2026-06-05,2.126,1.687,2.701,1.938,2.336,rt,
lita,2026-06-06,2.113,1.674,2.671,1.925,2.319,rt,
lita,2026-06-07,2.091,1.669,2.66,1.913,2.302,rt,
lita,2026-06-08,2.082,1.651,2.667,1.895,2.3,rt,
lita,2026-06-09,2.071,1.674,2.608,1.897,2.278,rt,
lita,2026-06-10,2.063,1.683,2.571,1.896,2.26,rt,
lita,2026-06-11,2.055,1.68,2.527,1.888,2.244,rt,
lita,2026-06-12,2.04,1.667,2.5,1.877,2.218,rt,
lita,2026-06-13,2.024,1.65,2.484,1.862,2.198,rt,
lita,2026-06-14,2.003,1.617,2.467,1.838,2.167,rt,
lita,2026-06-15,1.993,1.588,2.496,1.822,2.159,rt,
lita,2026-06-16,1.963,1.581,2.435,1.809,2.122,rt,
lita,2026-06-17,1.933,1.566,2.374,1.782,2.087,rt,
lita,2026-06-18,1.901,1.541,2.325,1.752,2.05,rt,
lita,2026-06-19,1.866,1.515,2.273,1.724,2.006,rt,
lita,2026-06-20,1.831,1.488,2.229,1.695,1.974,rt,
lita,2026-06-21,1.791,1.458,2.189,1.653,1.941,rt,
lita,2026-06-22,1.769,1.429,2.178,1.633,1.929,rt,
lita,2026-06-23,1.759,1.425,2.121,1.628,1.897,rt,
lita,2026-06-24,1.741,1.424,2.083,1.615,1.866,rt,
lita,2026-06-25,1.728,1.421,2.062,1.604,1.845,rt,
lita,2026-06-26,1.705,1.419,2.032,1.587,1.825,rt,
lita,2026-06-27,1.688,1.407,2.015,1.566,1.808,rt,
lita,2026-06-28,1.671,1.381,2.008,1.546,1.792,rt,
lita,2026-06-29,1.619,1.327,1.975,1.487,1.751,rt,
lita,2026-06-30,1.574,1.311,1.905,1.457,1.702,rt,
lita,2026-07-01,1.536,1.285,1.849,1.427,1.657,rt,
lita,2026-07-02,1.5,1.256,1.792,1.394,1.617,rt,
lita,2026-07-03,1.475,1.244,1.757,1.372,1.583,rt,
lita,2026-07-04,1.45,1.222,1.728,1.345,1.557,rt,
lita,2026-07-05,1.426,1.193,1.71,1.322,1.533,rt,
lita,2026-07-06,1.412,1.167,1.721,1.308,1.527,rt,
lita,2026-07-07,1.398,1.168,1.679,1.303,1.498,rt,
lita,2026-07-08,1.382,1.162,1.652,1.29,1.473,rt,
lita,2026-07-09,1.366,1.148,1.622,1.277,1.458,rt,
lita,2026-07-10,1.347,1.135,1.599,1.259,1.44,rt,
lita,2026-07-11,1.328,1.118,1.581,1.238,1.424,rt,
lita,2026-07-12,1.31,1.094,1.563,1.218,1.412,rt,
lita,2026-07-13,1.275,1.049,1.537,1.181,1.382,rt,
lita,2026-07-14,1.249,1.041,1.489,1.158,1.341,rt,
lita,2026-07-15,1.221,1.021,1.442,1.136,1.302,rt,
lita,2026-07-16,1.191,1.003,1.407,1.113,1.273,rt,
lita,2026-07-17,1.158,0.975,1.366,1.085,1.239,rt,
lita,2026-07-18,1.127,0.944,1.33,1.053,1.204,rt,
lita,2026-07-19,1.099,0.914,1.302,1.022,1.177,rt,
lita,2026-07-20,1.077,0.88,1.286,0.997,1.158,rt,
lita,2026-07-21,1.057,0.874,1.249,0.985,1.134,rt,
lita,2026-07-22,1.039,0.866,1.226,0.972,1.11,rt,
lita,2026-07-23,1.023,0.856,1.207,0.955,1.089,rt,
lita,2026-07-24,1.012,0.848,1.19,0.946,1.075,rt,
lita,2026-07-25,0.999,0.838,1.179,0.935,1.064,rt,
lita,2026-07-26,0.988,0.819,1.177,0.92,1.059,rt,
lita,2026-07-27,0.989,0.81,1.188,0.914,1.067,rt,
lita,2026-07-28,0.995,0.822,1.18,0.923,1.065,rt,
lita,2026-07-29,0.998,0.834,1.181,0.93,1.072,rt,
lita,2026-07-30,1.001,0.842,1.18,0.933,1.074,rt,
lita,2026-07-31,1.007,0.85,1.189,0.938,1.077,rt,
lita,2026-08-01,1.011,0.853,1.195,0.942,1.083,rt,
lita,2026-08-02,1.014,0.846,1.218,0.939,1.089,rt,
lita,2026-08-03,1.006,0.827,1.22,0.925,1.083,rt,
lita,2026-08-04,1.001,0.83,1.205,0.925,1.079,rt,
lita,2026-08-05,0.997,0.831,1.198,0.923,1.068,rt,
lita,2026-08-06,0.992,0.823,1.19,0.919,1.064,rt,
lita,2026-08-07,0.982,0.814,1.171,0.913,1.054,rt,
lita,2026-08-08,0.973,0.802,1.166,0.903,1.043,rt,
lita,2026-08-09,0.964,0.787,1.164,0.89,1.037,rt,
lita,2026-08-10,0.944,0.761,1.159,0.865,1.024,rt,
lita,2026-08-11,0.928,0.763,1.115,0.858,1.001,rt,
lita,2026-08-12,0.911,0.757,1.082,0.847,0.985,rt,
lita,2026-08-13,0.896,0.745,1.068,0.832,0.966,rt,
lita,2026-08-14,0.881,0.735,1.044,0.821,0.949,rt,
lita,2026-08-15,0.866,0.721,1.027,0.809,0.938,rt,
lita,2026-08-16,0.852,0.704,1.021,0.791,0.925,rt,
lita,2026-08-17,0.85,0.695,1.035,0.786,0.925,rt,
lita,2026-08-18,0.85,0.703,1.029,0.79,0.92,rt,
lita,2026-08-19,0.851,0.707,1.027,0.792,0.919,rt,
lita,2026-08-20,0.851,0.708,1.025,0.791,0.918,rt,
lita,2026-08-21,0.858,0.709,1.022,0.794,0.919,rt,
lita,2026-08-22,0.86,0.71,1.03,0.794,0.926,rt,
lita,2026-08-23,0.863,0.706,1.044,0.791,0.933,rt,
lita,2026-08-24,0.875,0.704,1.076,0.799,0.952,rt,
lita,2026-08-25,0.886,0.72,1.086,0.81,0.961,rt,
lita,2026-08-26,0.894,0.727,1.097,0.82,0.971,rt,
lita,2026-08-27,0.903,0.732,1.116,0.829,0.983,rt,
lita,2026-08-28,0.912,0.745,1.121,0.839,0.991,rt,
lita,2026-08-29,0.922,0.751,1.13,0.846,1.0,rt,
lita,2026-08-30,0.93,0.747,1.148,0.849,1.01,rt,
lita,2026-08-31,0.931,0.735,1.164,0.843,1.013,rt,
lita,2026-09-01,0.929,0.737,1.144,0.842,1.007,rt,
lita,2026-09-02,0.924,0.732,1.13,0.841,1.005,rt,
lita,2026-09-03,0.919,0.729,1.13,0.839,1.002,rt,
lita,2026-09-04,0.913,0.726,1.123,0.837,0.998,rt,
lita,2026-09-05,0.904,0.707,1.123,0.825,0.991,rt,
lita,2026-09-06,0.896,0.687,1.126,0.811,0.989,rt,
lita,2026-09-07,0.876,0.658,1.119,0.785,0.979,rt,
lita,2026-09-08,0.855,0.642,1.088,0.767,0.95,rt,
lita,2026-09-09,0.827,0.624,1.059,0.743,0.923,rt,
lita,2026-09-10,0.801,0.595,1.032,0.717,0.894,rt,
lita,2026-09-11,0.768,0.562,1.0,0.686,0.863,rt,
lita,2026-09-12,0.735,0.528,0.978,0.648,0.829,rt,
lita,2026-09-13,0.704,0.489,0.958,0.609,0.797,rt,
lita,2026-09-14,0.656,0.442,0.927,0.563,0.763,rt,
lita,2026-09-15,0.623,0.416,0.897,0.534,0.732,rt,
lita,2026-09-16,0.591,0.383,0.881,0.504,0.703,rt,
lita,2026-09-17,0.563,0.35,0.855,0.471,0.673,rt,
lita,2026-09-18,0.539,0.329,0.82,0.442,0.642,rt,
lita,2026-09-19,0.509,0.304,0.797,0.414,0.613,rt,
lita,2026-09-20,0.482,0.275,0.77,0.385,0.591,rt,
lita,2026-09-21,0.473,0.259,0.778,0.372,0.584,rt,
lita,2026-09-22,0.465,0.254,0.78,0.37,0.582,rt,
lita,2026-09-23,0.462,0.245,0.793,0.363,0.582,rt,
lita,2026-09-24,0.458,0.238,0.815,0.355,0.584,rt,
lita,2026-09-25,0.456,0.228,0.823,0.353,0.588,rt,
lita,2026-09-26,0.455,0.216,0.836,0.348,0.587,rt,
lita,2026-09-27,0.456,0.211,0.834,0.344,0.594,rt,
logo,2026-06-22,1.214,1.005,1.402,1.129,1.286,rt,
logo,2026-06-23,1.216,1.01,1.398,1.132,1.286,rt,
logo,2026-06-24,1.215,1.016,1.398,1.13,1.286,rt,
logo,2026-06-25,1.215,1.017,1.399,1.128,1.288,rt,
logo,2026-06-26,1.216,1.022,1.39,1.132,1.285,rt,
logo,2026-06-27,1.216,1.021,1.388,1.134,1.287,rt,
logo,2026-06-28,1.217,1.023,1.391,1.135,1.288,rt,
logo,2026-06-29,1.195,1.003,1.362,1.113,1.264,rt,
logo,2026-06-30,1.172,0.982,1.333,1.091,1.237,rt,
logo,2026-07-01,1.146,0.964,1.307,1.071,1.209,rt,
logo,2026-07-02,1.123,0.944,1.289,1.051,1.186,rt,
logo,2026-07-03,1.11,0.94,1.265,1.04,1.169,rt,
logo,2026-07-04,1.096,0.932,1.246,1.026,1.155,rt,
logo,2026-07-05,1.082,0.923,1.229,1.017,1.142,rt,
logo,2026-07-06,1.081,0.919,1.222,1.013,1.141,rt,
logo,2026-07-07,1.083,0.924,1.222,1.019,1.144,rt,
logo,2026-07-08,1.086,0.925,1.227,1.022,1.146,rt,
logo,2026-07-09,1.088,0.928,1.233,1.025,1.15,rt,
logo,2026-07-10,1.088,0.931,1.23,1.026,1.148,rt,
logo,2026-07-11,1.088,0.935,1.224,1.028,1.147,rt,
logo,2026-07-12,1.09,0.933,1.222,1.03,1.147,rt,
logo,2026-07-13,1.077,0.919,1.21,1.015,1.132,rt,
logo,2026-07-14,1.067,0.916,1.196,1.006,1.121,rt,
logo,2026-07-15,1.055,0.909,1.186,0.995,1.11,rt,
logo,2026-07-16,1.044,0.902,1.177,0.984,1.1,rt,
logo,2026-07-17,1.029,0.891,1.15,0.972,1.082,rt,
logo,2026-07-18,1.015,0.883,1.13,0.958,1.066,rt,
logo,2026-07-19,1.001,0.872,1.112,0.944,1.05,rt,
logo,2026-07-20,0.993,0.867,1.104,0.936,1.04,rt,
logo,2026-07-21,0.985,0.859,1.093,0.932,1.031,rt,
logo,2026-07-22,0.977,0.853,1.088,0.923,1.023,rt,
logo,2026-07-23,0.969,0.847,1.082,0.918,1.015,rt,
logo,2026-07-24,0.968,0.846,1.072,0.918,1.011,rt,
logo,2026-07-25,0.965,0.846,1.068,0.918,1.007,rt,
logo,2026-07-26,0.962,0.844,1.062,0.916,1.004,rt,
logo,2026-07-27,0.971,0.849,1.079,0.924,1.016,rt,
logo,2026-07-28,0.981,0.859,1.089,0.934,1.026,rt,
logo,2026-07-29,0.993,0.867,1.104,0.941,1.037,rt,
logo,2026-07-30,1.004,0.873,1.12,0.948,1.049,rt,
logo,2026-07-31,1.014,0.889,1.131,0.958,1.059,rt,
logo,2026-08-01,1.024,0.901,1.134,0.969,1.068,rt,
logo,2026-08-02,1.032,0.911,1.144,0.979,1.076,rt,
logo,2026-08-03,1.027,0.903,1.142,0.974,1.071,rt,
logo,2026-08-04,1.022,0.902,1.139,0.971,1.067,rt,
logo,2026-08-05,1.015,0.899,1.136,0.966,1.063,rt,
logo,2026-08-06,1.009,0.89,1.135,0.96,1.059,rt,
logo,2026-08-07,1.0,0.888,1.117,0.953,1.044,rt,
logo,2026-08-08,0.989,0.879,1.102,0.946,1.032,rt,
logo,2026-08-09,0.977,0.871,1.092,0.935,1.02,rt,
logo,2026-08-10,0.958,0.851,1.073,0.915,1.001,rt,
logo,2026-08-11,0.942,0.836,1.055,0.9,0.986,rt,
logo,2026-08-12,0.926,0.82,1.043,0.883,0.971,rt,
logo,2026-08-13,0.909,0.804,1.03,0.866,0.958,rt,
logo,2026-08-14,0.895,0.797,1.006,0.854,0.94,rt,
logo,2026-08-15,0.881,0.783,0.986,0.842,0.923,rt,
logo,2026-08-16,0.866,0.774,0.966,0.829,0.905,rt,
logo,2026-08-17,0.865,0.77,0.968,0.826,0.906,rt,
logo,2026-08-18,0.866,0.772,0.97,0.827,0.907,rt,
logo,2026-08-19,0.867,0.769,0.975,0.827,0.907,rt,
logo,2026-08-20,0.867,0.767,0.978,0.827,0.91,rt,
logo,2026-08-21,0.873,0.777,0.976,0.832,0.913,rt,
logo,2026-08-22,0.876,0.786,0.979,0.838,0.916,rt,
logo,2026-08-23,0.881,0.788,0.983,0.841,0.919,rt,
logo,2026-08-24,0.893,0.797,1.0,0.851,0.934,rt,
logo,2026-08-25,0.907,0.807,1.017,0.865,0.951,rt,
logo,2026-08-26,0.921,0.816,1.038,0.876,0.969,rt,
logo,2026-08-27,0.935,0.823,1.06,0.887,0.985,rt,
logo,2026-08-28,0.946,0.841,1.064,0.901,0.995,rt,
logo,2026-08-29,0.957,0.856,1.069,0.913,1.004,rt,
logo,2026-08-30,0.966,0.865,1.077,0.924,1.015,rt,
logo,2026-08-31,0.97,0.864,1.081,0.927,1.019,rt,
logo,2026-09-01,0.977,0.866,1.091,0.933,1.025,rt,
logo,2026-09-02,0.983,0.865,1.107,0.934,1.033,rt,
logo,2026-09-03,0.988,0.864,1.121,0.936,1.041,rt,
logo,2026-09-04,0.991,0.866,1.124,0.939,1.043,rt,
logo,2026-09-05,0.992,0.866,1.123,0.938,1.044,rt,
logo,2026-09-06,0.991,0.861,1.129,0.937,1.048,rt,
logo,2026-09-07,0.978,0.848,1.118,0.926,1.038,rt,
logo,2026-09-08,0.969,0.835,1.117,0.915,1.029,rt,
logo,2026-09-09,0.958,0.819,1.111,0.902,1.019,rt,
logo,2026-09-10,0.947,0.803,1.105,0.887,1.008,rt,
logo,2026-09-11,0.925,0.787,1.091,0.867,0.986,rt,
logo,2026-09-12,0.901,0.759,1.076,0.842,0.967,rt,
logo,2026-09-13,0.879,0.727,1.065,0.817,0.953,rt,
logo,2026-09-14,0.843,0.681,1.043,0.776,0.923,rt,
logo,2026-09-15,0.814,0.648,1.025,0.743,0.9,rt,
logo,2026-09-16,0.785,0.613,1.01,0.71,0.876,rt,
logo,2026-09-17,0.756,0.576,0.996,0.678,0.851,rt,
logo,2026-09-18,0.731,0.55,0.966,0.653,0.826,rt,
logo,2026-09-19,0.704,0.521,0.942,0.628,0.804,rt,
logo,2026-09-20,0.682,0.495,0.923,0.604,0.779,rt,
logo,2026-09-21,0.678,0.483,0.932,0.596,0.778,rt,
logo,2026-09-22,0.682,0.476,0.947,0.591,0.787,rt,
logo,2026-09-23,0.684,0.47,0.965,0.59,0.794,rt,
logo,2026-09-24,0.688,0.463,0.988,0.587,0.802,rt,
logo,2026-09-25,0.696,0.463,0.988,0.595,0.806,rt,
logo,2026-09-26,0.702,0.466,0.981,0.6,0.81,rt,
logo,2026-09-27,0.711,0.47,0.983,0.604,0.818,rt,
lolwa,2026-06-26,1.388,0.974,1.908,1.205,1.592,rt,
lolwa,2026-06-27,1.391,0.969,1.916,1.205,1.601,rt,
lolwa,2026-06-28,1.395,0.959,1.96,1.197,1.616,rt,
lolwa,2026-06-29,1.371,0.936,1.988,1.167,1.595,rt,
lolwa,2026-06-30,1.338,0.93,1.907,1.16,1.544,rt,
lolwa,2026-07-01,1.307,0.915,1.847,1.143,1.506,rt,
lolwa,2026-07-02,1.279,0.91,1.796,1.125,1.47,rt,
lolwa,2026-07-03,1.265,0.904,1.782,1.11,1.44,rt,
lolwa,2026-07-04,1.247,0.879,1.773,1.089,1.424,rt,
lolwa,2026-07-05,1.233,0.857,1.77,1.072,1.426,rt,
lolwa,2026-07-06,1.232,0.838,1.807,1.062,1.432,rt,
lolwa,2026-07-07,1.244,0.873,1.779,1.081,1.441,rt,
lolwa,2026-07-08,1.261,0.895,1.751,1.105,1.443,rt,
lolwa,2026-07-09,1.273,0.909,1.765,1.113,1.459,rt,
lolwa,2026-07-10,1.29,0.92,1.774,1.127,1.471,rt,
lolwa,2026-07-11,1.3,0.932,1.801,1.135,1.476,rt,
lolwa,2026-07-12,1.317,0.921,1.842,1.139,1.505,rt,
lolwa,2026-07-13,1.311,0.897,1.903,1.129,1.52,rt,
lolwa,2026-07-14,1.297,0.903,1.857,1.127,1.498,rt,
lolwa,2026-07-15,1.29,0.908,1.839,1.13,1.491,rt,
lolwa,2026-07-16,1.284,0.906,1.827,1.127,1.483,rt,
lolwa,2026-07-17,1.275,0.906,1.802,1.115,1.478,rt,
lolwa,2026-07-18,1.267,0.889,1.821,1.096,1.464,rt,
lolwa,2026-07-19,1.261,0.864,1.851,1.076,1.459,rt,
lolwa,2026-07-20,1.252,0.846,1.905,1.061,1.463,rt,
lolwa,2026-07-21,1.246,0.859,1.845,1.065,1.443,rt,
lolwa,2026-07-22,1.234,0.864,1.804,1.065,1.425,rt,
lolwa,2026-07-23,1.224,0.861,1.775,1.06,1.411,rt,
lolwa,2026-07-24,1.221,0.864,1.751,1.063,1.409,rt,
lolwa,2026-07-25,1.22,0.848,1.748,1.054,1.413,rt,
lolwa,2026-07-26,1.212,0.835,1.767,1.046,1.414,rt,
lolwa,2026-07-27,1.227,0.83,1.823,1.049,1.446,rt,
lolwa,2026-07-28,1.235,0.859,1.804,1.064,1.438,rt,
lolwa,2026-07-29,1.248,0.886,1.777,1.076,1.444,rt,
lolwa,2026-07-30,1.254,0.894,1.772,1.088,1.456,rt,
lolwa,2026-07-31,1.263,0.901,1.786,1.104,1.458,rt,
lolwa,2026-08-01,1.276,0.903,1.799,1.107,1.462,rt,
lolwa,2026-08-02,1.284,0.9,1.836,1.11,1.477,rt,
lolwa,2026-08-03,1.272,0.877,1.866,1.095,1.477,rt,
lolwa,2026-08-04,1.256,0.882,1.79,1.091,1.446,rt,
lolwa,2026-08-05,1.242,0.881,1.74,1.084,1.418,rt,
lolwa,2026-08-06,1.228,0.877,1.698,1.074,1.391,rt,
lolwa,2026-08-07,1.202,0.866,1.646,1.061,1.361,rt,
lolwa,2026-08-08,1.182,0.847,1.635,1.038,1.34,rt,
lolwa,2026-08-09,1.157,0.819,1.612,1.013,1.327,rt,
lolwa,2026-08-10,1.122,0.777,1.598,0.977,1.304,rt,
lolwa,2026-08-11,1.093,0.768,1.543,0.956,1.264,rt,
lolwa,2026-08-12,1.07,0.755,1.489,0.934,1.229,rt,
lolwa,2026-08-13,1.043,0.743,1.446,0.913,1.195,rt,
lolwa,2026-08-14,1.018,0.727,1.416,0.891,1.168,rt,
lolwa,2026-08-15,0.998,0.702,1.406,0.867,1.141,rt,
lolwa,2026-08-16,0.974,0.672,1.389,0.839,1.116,rt,
lolwa,2026-08-17,0.963,0.644,1.409,0.82,1.118,rt,
lolwa,2026-08-18,0.95,0.654,1.359,0.819,1.101,rt,
lolwa,2026-08-19,0.94,0.654,1.316,0.819,1.086,rt,
lolwa,2026-08-20,0.93,0.646,1.299,0.813,1.07,rt,
lolwa,2026-08-21,0.925,0.641,1.279,0.811,1.066,rt,
lolwa,2026-08-22,0.921,0.635,1.266,0.799,1.06,rt,
lolwa,2026-08-23,0.916,0.619,1.281,0.789,1.055,rt,
lolwa,2026-08-24,0.921,0.61,1.313,0.785,1.064,rt,
lolwa,2026-08-25,0.923,0.611,1.309,0.795,1.067,rt,
lolwa,2026-08-26,0.924,0.617,1.301,0.802,1.071,rt,
lolwa,2026-08-27,0.93,0.621,1.315,0.8,1.079,rt,
lolwa,2026-08-28,0.93,0.618,1.311,0.798,1.082,rt,
lolwa,2026-08-29,0.928,0.61,1.332,0.799,1.083,rt,
lolwa,2026-08-30,0.924,0.597,1.35,0.791,1.091,rt,
lolwa,2026-08-31,0.92,0.578,1.363,0.777,1.093,rt,
lolwa,2026-09-01,0.922,0.577,1.353,0.78,1.089,rt,
lolwa,2026-09-02,0.92,0.581,1.349,0.781,1.086,rt,
lolwa,2026-09-03,0.923,0.582,1.351,0.782,1.08,rt,
lolwa,2026-09-04,0.921,0.584,1.354,0.776,1.084,rt,
lolwa,2026-09-05,0.919,0.573,1.35,0.771,1.082,rt,
lolwa,2026-09-06,0.911,0.562,1.367,0.759,1.077,rt,
lolwa,2026-09-07,0.895,0.542,1.372,0.738,1.067,rt,
lolwa,2026-09-08,0.89,0.545,1.364,0.737,1.067,rt,
lolwa,2026-09-09,0.882,0.54,1.36,0.733,1.056,rt,
lolwa,2026-09-10,0.877,0.532,1.353,0.726,1.05,rt,
lolwa,2026-09-11,0.863,0.518,1.34,0.713,1.031,rt,
lolwa,2026-09-12,0.844,0.502,1.327,0.696,1.015,rt,
lolwa,2026-09-13,0.828,0.481,1.316,0.67,1.002,rt,
lolwa,2026-09-14,0.796,0.45,1.302,0.633,0.966,rt,
lolwa,2026-09-15,0.767,0.432,1.245,0.605,0.937,rt,
lolwa,2026-09-16,0.74,0.414,1.217,0.576,0.901,rt,
lolwa,2026-09-17,0.7,0.393,1.185,0.549,0.863,rt,
lolwa,2026-09-18,0.671,0.375,1.151,0.523,0.837,rt,
lolwa,2026-09-19,0.637,0.351,1.117,0.496,0.811,rt,
lolwa,2026-09-20,0.61,0.329,1.09,0.469,0.785,rt,
lolwa,2026-09-21,0.598,0.316,1.099,0.459,0.778,rt,
lolwa,2026-09-22,0.598,0.314,1.103,0.459,0.771,rt,
lolwa,2026-09-23,0.593,0.31,1.1,0.457,0.767,rt,
lolwa,2026-09-24,0.589,0.304,1.115,0.451,0.773,rt,
lolwa,2026-09-25,0.591,0.305,1.109,0.448,0.767,rt,
lolwa,2026-09-26,0.591,0.3,1.113,0.443,0.768,rt,
lolwa,2026-09-27,0.584,0.296,1.126,0.444,0.767,rt,
mahagi,2026-07-19,1.041,0.932,1.144,1.001,1.081,rt,
mahagi,2026-07-20,1.032,0.92,1.136,0.992,1.072,rt,
mahagi,2026-07-21,1.023,0.914,1.126,0.984,1.061,rt,
mahagi,2026-07-22,1.013,0.907,1.118,0.974,1.054,rt,
mahagi,2026-07-23,1.004,0.899,1.111,0.966,1.046,rt,
mahagi,2026-07-24,1.001,0.901,1.099,0.964,1.041,rt,
mahagi,2026-07-25,0.998,0.901,1.09,0.961,1.037,rt,
mahagi,2026-07-26,0.995,0.9,1.088,0.956,1.034,rt,
mahagi,2026-07-27,1.004,0.905,1.102,0.965,1.046,rt,
mahagi,2026-07-28,1.015,0.913,1.118,0.973,1.058,rt,
mahagi,2026-07-29,1.023,0.917,1.136,0.981,1.068,rt,
mahagi,2026-07-30,1.032,0.919,1.154,0.988,1.082,rt,
mahagi,2026-07-31,1.042,0.933,1.16,1.0,1.091,rt,
mahagi,2026-08-01,1.053,0.948,1.166,1.009,1.1,rt,
mahagi,2026-08-02,1.063,0.958,1.176,1.019,1.11,rt,
mahagi,2026-08-03,1.059,0.951,1.171,1.013,1.105,rt,
mahagi,2026-08-04,1.053,0.945,1.164,1.009,1.1,rt,
mahagi,2026-08-05,1.048,0.937,1.161,1.005,1.097,rt,
mahagi,2026-08-06,1.042,0.93,1.158,0.997,1.092,rt,
mahagi,2026-08-07,1.032,0.925,1.139,0.989,1.077,rt,
mahagi,2026-08-08,1.021,0.919,1.124,0.98,1.063,rt,
mahagi,2026-08-09,1.01,0.909,1.112,0.969,1.051,rt,
mahagi,2026-08-10,0.991,0.889,1.094,0.949,1.032,rt,
mahagi,2026-08-11,0.974,0.876,1.079,0.931,1.015,rt,
mahagi,2026-08-12,0.958,0.857,1.063,0.914,1.0,rt,
mahagi,2026-08-13,0.941,0.838,1.051,0.897,0.986,rt,
mahagi,2026-08-14,0.926,0.832,1.028,0.885,0.966,rt,
mahagi,2026-08-15,0.91,0.822,1.006,0.873,0.949,rt,
mahagi,2026-08-16,0.894,0.808,0.99,0.86,0.931,rt,
mahagi,2026-08-17,0.894,0.805,0.992,0.858,0.93,rt,
mahagi,2026-08-18,0.895,0.807,0.993,0.859,0.929,rt,
mahagi,2026-08-19,0.894,0.806,0.998,0.857,0.932,rt,
mahagi,2026-08-20,0.895,0.801,1.006,0.855,0.935,rt,
mahagi,2026-08-21,0.899,0.811,1.004,0.862,0.937,rt,
mahagi,2026-08-22,0.905,0.816,1.004,0.868,0.94,rt,
mahagi,2026-08-23,0.911,0.82,1.008,0.873,0.946,rt,
mahagi,2026-08-24,0.923,0.831,1.026,0.883,0.963,rt,
mahagi,2026-08-25,0.938,0.84,1.045,0.897,0.981,rt,
mahagi,2026-08-26,0.952,0.849,1.067,0.909,0.998,rt,
mahagi,2026-08-27,0.964,0.856,1.092,0.92,1.015,rt,
mahagi,2026-08-28,0.977,0.873,1.094,0.933,1.026,rt,
mahagi,2026-08-29,0.989,0.887,1.102,0.946,1.034,rt,
mahagi,2026-08-30,1.001,0.896,1.114,0.956,1.044,rt,
mahagi,2026-08-31,1.006,0.899,1.123,0.957,1.048,rt,
mahagi,2026-09-01,1.012,0.899,1.131,0.961,1.057,rt,
mahagi,2026-09-02,1.018,0.898,1.143,0.965,1.065,rt,
mahagi,2026-09-03,1.024,0.899,1.155,0.967,1.073,rt,
mahagi,2026-09-04,1.024,0.9,1.153,0.97,1.075,rt,
mahagi,2026-09-05,1.025,0.9,1.158,0.973,1.078,rt,
mahagi,2026-09-06,1.025,0.894,1.159,0.972,1.079,rt,
mahagi,2026-09-07,1.014,0.881,1.151,0.96,1.069,rt,
mahagi,2026-09-08,1.006,0.867,1.149,0.948,1.062,rt,
mahagi,2026-09-09,0.994,0.851,1.147,0.935,1.053,rt,
mahagi,2026-09-10,0.982,0.831,1.141,0.921,1.043,rt,
mahagi,2026-09-11,0.961,0.817,1.122,0.902,1.022,rt,
mahagi,2026-09-12,0.94,0.795,1.108,0.879,1.005,rt,
mahagi,2026-09-13,0.916,0.761,1.101,0.851,0.988,rt,
mahagi,2026-09-14,0.881,0.715,1.082,0.812,0.96,rt,
mahagi,2026-09-15,0.854,0.674,1.068,0.78,0.937,rt,
mahagi,2026-09-16,0.826,0.636,1.055,0.746,0.914,rt,
mahagi,2026-09-17,0.797,0.602,1.035,0.713,0.89,rt,
mahagi,2026-09-18,0.773,0.574,1.005,0.688,0.865,rt,
mahagi,2026-09-19,0.748,0.549,0.983,0.664,0.838,rt,
mahagi,2026-09-20,0.722,0.523,0.96,0.64,0.819,rt,
mahagi,2026-09-21,0.721,0.512,0.973,0.634,0.822,rt,
mahagi,2026-09-22,0.722,0.508,0.992,0.632,0.829,rt,
mahagi,2026-09-23,0.727,0.504,1.017,0.628,0.838,rt,
mahagi,2026-09-24,0.731,0.494,1.042,0.626,0.849,rt,
mahagi,2026-09-25,0.739,0.501,1.039,0.635,0.852,rt,
mahagi,2026-09-26,0.745,0.501,1.033,0.642,0.858,rt,
mahagi,2026-09-27,0.753,0.507,1.032,0.653,0.861,rt,
mambasa,2026-06-08,1.572,1.272,1.923,1.431,1.716,rt,
mambasa,2026-06-09,1.556,1.262,1.893,1.422,1.692,rt,
mambasa,2026-06-10,1.54,1.254,1.868,1.407,1.67,rt,
mambasa,2026-06-11,1.523,1.24,1.845,1.394,1.646,rt,
mambasa,2026-06-12,1.501,1.223,1.812,1.381,1.624,rt,
mambasa,2026-06-13,1.482,1.209,1.773,1.363,1.602,rt,
mambasa,2026-06-14,1.458,1.2,1.745,1.342,1.579,rt,
mambasa,2026-06-15,1.444,1.189,1.728,1.328,1.563,rt,
mambasa,2026-06-16,1.429,1.181,1.707,1.316,1.546,rt,
mambasa,2026-06-17,1.416,1.169,1.68,1.303,1.528,rt,
mambasa,2026-06-18,1.4,1.157,1.657,1.291,1.512,rt,
mambasa,2026-06-19,1.384,1.153,1.624,1.274,1.485,rt,
mambasa,2026-06-20,1.367,1.145,1.604,1.262,1.457,rt,
mambasa,2026-06-21,1.342,1.126,1.582,1.248,1.436,rt,
mambasa,2026-06-22,1.332,1.117,1.57,1.242,1.428,rt,
mambasa,2026-06-23,1.328,1.117,1.563,1.238,1.422,rt,
mambasa,2026-06-24,1.321,1.114,1.554,1.237,1.414,rt,
mambasa,2026-06-25,1.318,1.11,1.546,1.232,1.409,rt,
mambasa,2026-06-26,1.31,1.108,1.53,1.227,1.398,rt,
mambasa,2026-06-27,1.304,1.101,1.512,1.223,1.387,rt,
mambasa,2026-06-28,1.299,1.099,1.508,1.215,1.38,rt,
mambasa,2026-06-29,1.27,1.069,1.473,1.181,1.35,rt,
mambasa,2026-06-30,1.235,1.046,1.431,1.155,1.314,rt,
mambasa,2026-07-01,1.205,1.025,1.401,1.127,1.282,rt,
mambasa,2026-07-02,1.174,1.0,1.37,1.101,1.249,rt,
mambasa,2026-07-03,1.152,0.991,1.336,1.085,1.226,rt,
mambasa,2026-07-04,1.134,0.979,1.303,1.068,1.202,rt,
mambasa,2026-07-05,1.113,0.962,1.284,1.05,1.182,rt,
mambasa,2026-07-06,1.108,0.954,1.276,1.043,1.175,rt,
mambasa,2026-07-07,1.108,0.958,1.274,1.045,1.172,rt,
mambasa,2026-07-08,1.109,0.961,1.27,1.045,1.17,rt,
mambasa,2026-07-09,1.11,0.961,1.27,1.043,1.17,rt,
mambasa,2026-07-10,1.106,0.963,1.266,1.042,1.165,rt,
mambasa,2026-07-11,1.106,0.962,1.261,1.04,1.162,rt,
mambasa,2026-07-12,1.103,0.958,1.261,1.039,1.163,rt,
mambasa,2026-07-13,1.086,0.936,1.243,1.021,1.148,rt,
mambasa,2026-07-14,1.073,0.931,1.223,1.01,1.133,rt,
mambasa,2026-07-15,1.06,0.921,1.209,0.998,1.119,rt,
mambasa,2026-07-16,1.047,0.91,1.198,0.986,1.105,rt,
mambasa,2026-07-17,1.031,0.902,1.176,0.972,1.086,rt,
mambasa,2026-07-18,1.015,0.891,1.149,0.959,1.067,rt,
mambasa,2026-07-19,0.998,0.876,1.132,0.946,1.05,rt,
mambasa,2026-07-20,0.986,0.865,1.124,0.937,1.041,rt,
mambasa,2026-07-21,0.977,0.861,1.111,0.931,1.031,rt,
mambasa,2026-07-22,0.968,0.855,1.096,0.923,1.021,rt,
mambasa,2026-07-23,0.963,0.848,1.088,0.914,1.012,rt,
mambasa,2026-07-24,0.96,0.846,1.074,0.914,1.009,rt,
mambasa,2026-07-25,0.956,0.848,1.071,0.911,1.001,rt,
mambasa,2026-07-26,0.952,0.842,1.07,0.906,0.998,rt,
mambasa,2026-07-27,0.959,0.845,1.085,0.913,1.008,rt,
mambasa,2026-07-28,0.969,0.854,1.094,0.921,1.019,rt,
mambasa,2026-07-29,0.979,0.86,1.11,0.929,1.029,rt,
mambasa,2026-07-30,0.986,0.861,1.125,0.935,1.039,rt,
mambasa,2026-07-31,0.996,0.874,1.127,0.945,1.048,rt,
mambasa,2026-08-01,1.003,0.884,1.133,0.955,1.056,rt,
mambasa,2026-08-02,1.012,0.891,1.136,0.964,1.063,rt,
mambasa,2026-08-03,1.007,0.888,1.132,0.957,1.057,rt,
mambasa,2026-08-04,1.0,0.881,1.124,0.953,1.05,rt,
mambasa,2026-08-05,0.995,0.878,1.122,0.945,1.045,rt,
mambasa,2026-08-06,0.988,0.87,1.118,0.938,1.039,rt,
mambasa,2026-08-07,0.977,0.867,1.094,0.929,1.021,rt,
mambasa,2026-08-08,0.966,0.857,1.081,0.919,1.008,rt,
mambasa,2026-08-09,0.952,0.847,1.068,0.906,0.997,rt,
mambasa,2026-08-10,0.931,0.829,1.049,0.885,0.978,rt,
mambasa,2026-08-11,0.915,0.815,1.031,0.87,0.962,rt,
mambasa,2026-08-12,0.899,0.796,1.015,0.855,0.944,rt,
mambasa,2026-08-13,0.882,0.78,0.998,0.838,0.929,rt,
mambasa,2026-08-14,0.868,0.772,0.975,0.827,0.911,rt,
mambasa,2026-08-15,0.852,0.761,0.958,0.813,0.893,rt,
mambasa,2026-08-16,0.837,0.747,0.94,0.798,0.877,rt,
mambasa,2026-08-17,0.834,0.742,0.94,0.797,0.876,rt,
mambasa,2026-08-18,0.834,0.743,0.94,0.797,0.875,rt,
mambasa,2026-08-19,0.834,0.741,0.944,0.797,0.876,rt,
mambasa,2026-08-20,0.835,0.738,0.949,0.795,0.877,rt,
mambasa,2026-08-21,0.838,0.746,0.946,0.8,0.879,rt,
mambasa,2026-08-22,0.84,0.751,0.95,0.803,0.882,rt,
mambasa,2026-08-23,0.844,0.752,0.954,0.805,0.885,rt,
mambasa,2026-08-24,0.856,0.759,0.971,0.815,0.898,rt,
mambasa,2026-08-25,0.869,0.772,0.988,0.828,0.912,rt,
mambasa,2026-08-26,0.882,0.782,1.007,0.838,0.927,rt,
mambasa,2026-08-27,0.895,0.791,1.028,0.848,0.946,rt,
mambasa,2026-08-28,0.906,0.805,1.03,0.861,0.954,rt,
mambasa,2026-08-29,0.917,0.813,1.035,0.873,0.964,rt,
mambasa,2026-08-30,0.928,0.819,1.045,0.882,0.972,rt,
mambasa,2026-08-31,0.932,0.821,1.055,0.885,0.977,rt,
mambasa,2026-09-01,0.938,0.827,1.064,0.89,0.984,rt,
mambasa,2026-09-02,0.945,0.829,1.075,0.895,0.992,rt,
mambasa,2026-09-03,0.951,0.83,1.089,0.895,1.0,rt,
mambasa,2026-09-04,0.953,0.827,1.087,0.899,1.003,rt,
mambasa,2026-09-05,0.954,0.824,1.092,0.901,1.003,rt,
mambasa,2026-09-06,0.953,0.818,1.098,0.9,1.007,rt,
mambasa,2026-09-07,0.942,0.806,1.088,0.888,0.999,rt,
mambasa,2026-09-08,0.933,0.798,1.084,0.877,0.99,rt,
mambasa,2026-09-09,0.923,0.781,1.081,0.864,0.982,rt,
mambasa,2026-09-10,0.91,0.763,1.075,0.849,0.972,rt,
mambasa,2026-09-11,0.888,0.749,1.065,0.831,0.954,rt,
mambasa,2026-09-12,0.868,0.721,1.057,0.809,0.936,rt,
mambasa,2026-09-13,0.846,0.69,1.043,0.781,0.92,rt,
mambasa,2026-09-14,0.811,0.647,1.021,0.741,0.889,rt,
mambasa,2026-09-15,0.782,0.612,1.002,0.708,0.866,rt,
mambasa,2026-09-16,0.754,0.575,0.982,0.673,0.841,rt,
mambasa,2026-09-17,0.73,0.538,0.964,0.642,0.819,rt,
mambasa,2026-09-18,0.705,0.515,0.938,0.616,0.792,rt,
mambasa,2026-09-19,0.676,0.492,0.91,0.59,0.769,rt,
mambasa,2026-09-20,0.651,0.461,0.891,0.569,0.749,rt,
mambasa,2026-09-21,0.648,0.445,0.903,0.559,0.748,rt,
mambasa,2026-09-22,0.65,0.443,0.917,0.557,0.755,rt,
mambasa,2026-09-23,0.65,0.441,0.933,0.554,0.756,rt,
mambasa,2026-09-24,0.651,0.429,0.95,0.551,0.761,rt,
mambasa,2026-09-25,0.655,0.425,0.953,0.556,0.762,rt,
mambasa,2026-09-26,0.66,0.425,0.951,0.559,0.767,rt,
mambasa,2026-09-27,0.666,0.424,0.955,0.562,0.776,rt,
mandima,2026-06-11,2.066,1.437,3.027,1.789,2.403,rt,
mandima,2026-06-12,2.05,1.414,3.012,1.77,2.368,rt,
mandima,2026-06-13,2.025,1.388,2.997,1.744,2.344,rt,
mandima,2026-06-14,2.008,1.333,2.998,1.708,2.349,rt,
mandima,2026-06-15,1.985,1.291,3.074,1.678,2.373,rt,
mandima,2026-06-16,1.975,1.307,2.969,1.679,2.32,rt,
mandima,2026-06-17,1.935,1.322,2.814,1.662,2.272,rt,
mandima,2026-06-18,1.907,1.318,2.749,1.653,2.226,rt,
mandima,2026-06-19,1.876,1.298,2.688,1.626,2.188,rt,
mandima,2026-06-20,1.84,1.268,2.69,1.59,2.163,rt,
mandima,2026-06-21,1.807,1.232,2.7,1.55,2.14,rt,
mandima,2026-06-22,1.791,1.197,2.749,1.517,2.153,rt,
mandima,2026-06-23,1.763,1.205,2.626,1.511,2.094,rt,
mandima,2026-06-24,1.735,1.213,2.541,1.501,2.037,rt,
mandima,2026-06-25,1.709,1.206,2.478,1.494,1.981,rt,
mandima,2026-06-26,1.687,1.175,2.41,1.466,1.948,rt,
mandima,2026-06-27,1.663,1.138,2.417,1.434,1.921,rt,
mandima,2026-06-28,1.629,1.093,2.43,1.408,1.904,rt,
mandima,2026-06-29,1.577,1.014,2.4,1.346,1.859,rt,
mandima,2026-06-30,1.515,1.01,2.245,1.302,1.757,rt,
mandima,2026-07-01,1.453,0.999,2.102,1.264,1.672,rt,
mandima,2026-07-02,1.398,0.993,1.985,1.223,1.604,rt,
mandima,2026-07-03,1.352,0.964,1.903,1.183,1.546,rt,
mandima,2026-07-04,1.308,0.925,1.844,1.139,1.504,rt,
mandima,2026-07-05,1.278,0.881,1.822,1.098,1.467,rt,
mandima,2026-07-06,1.254,0.837,1.834,1.061,1.452,rt,
mandima,2026-07-07,1.245,0.855,1.757,1.067,1.432,rt,
mandima,2026-07-08,1.241,0.867,1.716,1.074,1.411,rt,
mandima,2026-07-09,1.233,0.858,1.693,1.071,1.402,rt,
mandima,2026-07-10,1.227,0.853,1.659,1.057,1.39,rt,
mandima,2026-07-11,1.217,0.832,1.646,1.051,1.384,rt,
mandima,2026-07-12,1.206,0.813,1.652,1.033,1.386,rt,
mandima,2026-07-13,1.181,0.771,1.681,0.996,1.371,rt,
mandima,2026-07-14,1.171,0.776,1.613,0.998,1.336,rt,
mandima,2026-07-15,1.158,0.795,1.572,0.994,1.308,rt,
mandima,2026-07-16,1.137,0.793,1.522,0.99,1.294,rt,
mandima,2026-07-17,1.112,0.788,1.517,0.972,1.271,rt,
mandima,2026-07-18,1.096,0.768,1.486,0.954,1.259,rt,
mandima,2026-07-19,1.077,0.743,1.515,0.93,1.249,rt,
mandima,2026-07-20,1.072,0.72,1.549,0.914,1.255,rt,
mandima,2026-07-21,1.067,0.742,1.49,0.923,1.232,rt,
mandima,2026-07-22,1.065,0.751,1.456,0.926,1.214,rt,
mandima,2026-07-23,1.066,0.764,1.436,0.93,1.207,rt,
mandima,2026-07-24,1.069,0.771,1.436,0.936,1.21,rt,
mandima,2026-07-25,1.069,0.77,1.445,0.94,1.22,rt,
mandima,2026-07-26,1.072,0.757,1.484,0.933,1.236,rt,
mandima,2026-07-27,1.094,0.744,1.549,0.939,1.272,rt,
mandima,2026-07-28,1.113,0.775,1.538,0.97,1.279,rt,
mandima,2026-07-29,1.127,0.804,1.536,0.992,1.289,rt,
mandima,2026-07-30,1.147,0.829,1.542,1.013,1.309,rt,
mandima,2026-07-31,1.166,0.846,1.577,1.027,1.334,rt,
mandima,2026-08-01,1.185,0.838,1.629,1.047,1.361,rt,
mandima,2026-08-02,1.207,0.838,1.689,1.051,1.387,rt,
mandima,2026-08-03,1.208,0.813,1.744,1.038,1.41,rt,
mandima,2026-08-04,1.206,0.843,1.686,1.053,1.391,rt,
mandima,2026-08-05,1.211,0.863,1.656,1.068,1.381,rt,
mandima,2026-08-06,1.212,0.87,1.648,1.074,1.375,rt,
mandima,2026-08-07,1.209,0.867,1.643,1.068,1.369,rt,
mandima,2026-08-08,1.206,0.856,1.646,1.058,1.374,rt,
mandima,2026-08-09,1.203,0.826,1.674,1.046,1.378,rt,
mandima,2026-08-10,1.188,0.793,1.693,1.017,1.377,rt,
mandima,2026-08-11,1.181,0.818,1.651,1.024,1.346,rt,
mandima,2026-08-12,1.171,0.835,1.599,1.024,1.325,rt,
mandima,2026-08-13,1.161,0.845,1.566,1.021,1.311,rt,
mandima,2026-08-14,1.156,0.841,1.566,1.015,1.304,rt,
mandima,2026-08-15,1.152,0.821,1.563,1.004,1.297,rt,
mandima,2026-08-16,1.14,0.798,1.585,0.991,1.303,rt,
mandima,2026-08-17,1.148,0.773,1.63,0.988,1.337,rt,
mandima,2026-08-18,1.173,0.823,1.617,1.017,1.347,rt,
mandima,2026-08-19,1.194,0.862,1.62,1.043,1.367,rt,
mandima,2026-08-20,1.216,0.894,1.639,1.074,1.393,rt,
mandima,2026-08-21,1.249,0.916,1.675,1.096,1.423,rt,
mandima,2026-08-22,1.283,0.927,1.744,1.118,1.451,rt,
mandima,2026-08-23,1.314,0.926,1.818,1.142,1.499,rt,
mandima,2026-08-24,1.359,0.924,1.927,1.169,1.572,rt,
mandima,2026-08-25,1.42,1.006,1.957,1.233,1.628,rt,
mandima,2026-08-26,1.483,1.081,1.998,1.303,1.687,rt,
mandima,2026-08-27,1.559,1.147,2.076,1.372,1.753,rt,
mandima,2026-08-28,1.628,1.205,2.133,1.434,1.819,rt,
mandima,2026-08-29,1.699,1.234,2.242,1.487,1.901,rt,
mandima,2026-08-30,1.771,1.266,2.364,1.541,1.987,rt,
mandima,2026-08-31,1.824,1.281,2.498,1.582,2.066,rt,
mandima,2026-09-01,1.895,1.379,2.538,1.657,2.133,rt,
mandima,2026-09-02,1.971,1.469,2.589,1.737,2.195,rt,
mandima,2026-09-03,2.031,1.553,2.672,1.808,2.265,rt,
mandima,2026-09-04,2.096,1.598,2.758,1.874,2.341,rt,
mandima,2026-09-05,2.161,1.648,2.853,1.927,2.43,rt,
mandima,2026-09-06,2.23,1.664,3.043,1.964,2.521,rt,
mandima,2026-09-07,2.271,1.642,3.201,1.972,2.615,rt,
mandima,2026-09-08,2.343,1.736,3.204,2.061,2.667,rt,
mandima,2026-09-09,2.421,1.831,3.23,2.14,2.739,rt,
mandima,2026-09-10,2.501,1.877,3.296,2.199,2.821,rt,
mandima,2026-09-11,2.541,1.904,3.38,2.239,2.886,rt,
mandima,2026-09-12,2.587,1.902,3.46,2.264,2.944,rt,
mandima,2026-09-13,2.615,1.883,3.591,2.276,2.999,rt,
mandima,2026-09-14,2.603,1.823,3.692,2.242,3.016,rt,
mandima,2026-09-15,2.519,1.754,3.558,2.164,2.899,rt,
mandima,2026-09-16,2.419,1.659,3.466,2.078,2.801,rt,
mandima,2026-09-17,2.324,1.591,3.386,1.99,2.691,rt,
mandima,2026-09-18,2.237,1.519,3.269,1.921,2.586,rt,
mandima,2026-09-19,2.131,1.44,3.161,1.836,2.513,rt,
mandima,2026-09-20,2.041,1.351,3.062,1.755,2.429,rt,
mandima,2026-09-21,2.012,1.293,3.036,1.726,2.406,rt,
mandima,2026-09-22,1.96,1.264,2.968,1.681,2.341,rt,
mandima,2026-09-23,1.905,1.226,2.893,1.625,2.287,rt,
mandima,2026-09-24,1.86,1.186,2.843,1.567,2.237,rt,
mandima,2026-09-25,1.808,1.179,2.711,1.537,2.168,rt,
mandima,2026-09-26,1.773,1.156,2.595,1.508,2.096,rt,
mandima,2026-09-27,1.733,1.128,2.484,1.473,2.028,rt,
mangala,2026-05-21,2.238,1.528,3.264,1.897,2.625,rt,
mangala,2026-05-22,2.209,1.531,3.244,1.885,2.587,rt,
mangala,2026-05-23,2.191,1.514,3.199,1.869,2.553,rt,
mangala,2026-05-24,2.174,1.492,3.198,1.855,2.532,rt,
mangala,2026-05-25,2.137,1.45,3.207,1.831,2.503,rt,
mangala,2026-05-26,2.127,1.46,3.107,1.823,2.464,rt,
mangala,2026-05-27,2.101,1.462,3.002,1.812,2.428,rt,
mangala,2026-05-28,2.084,1.45,2.946,1.801,2.407,rt,
mangala,2026-05-29,2.044,1.431,2.87,1.771,2.366,rt,
mangala,2026-05-30,2.012,1.415,2.821,1.749,2.332,rt,
mangala,2026-05-31,1.988,1.382,2.786,1.715,2.299,rt,
mangala,2026-06-01,1.989,1.354,2.837,1.702,2.296,rt,
mangala,2026-06-02,1.986,1.39,2.777,1.714,2.275,rt,
mangala,2026-06-03,1.985,1.414,2.726,1.721,2.256,rt,
mangala,2026-06-04,1.976,1.43,2.696,1.73,2.244,rt,
mangala,2026-06-05,1.969,1.443,2.681,1.744,2.236,rt,
mangala,2026-06-06,1.967,1.449,2.681,1.753,2.235,rt,
mangala,2026-06-07,1.968,1.439,2.701,1.748,2.238,rt,
mangala,2026-06-08,1.968,1.433,2.736,1.732,2.249,rt,
mangala,2026-06-09,1.952,1.454,2.678,1.74,2.218,rt,
mangala,2026-06-10,1.937,1.476,2.623,1.743,2.194,rt,
mangala,2026-06-11,1.94,1.473,2.572,1.739,2.174,rt,
mangala,2026-06-12,1.928,1.478,2.512,1.737,2.143,rt,
mangala,2026-06-13,1.907,1.456,2.483,1.718,2.12,rt,
mangala,2026-06-14,1.888,1.425,2.485,1.697,2.106,rt,
mangala,2026-06-15,1.881,1.397,2.507,1.679,2.115,rt,
mangala,2026-06-16,1.865,1.415,2.431,1.679,2.078,rt,
mangala,2026-06-17,1.852,1.429,2.38,1.672,2.048,rt,
mangala,2026-06-18,1.831,1.422,2.329,1.659,2.024,rt,
mangala,2026-06-19,1.81,1.421,2.277,1.642,1.998,rt,
mangala,2026-06-20,1.782,1.406,2.239,1.622,1.971,rt,
mangala,2026-06-21,1.758,1.373,2.23,1.598,1.961,rt,
mangala,2026-06-22,1.752,1.355,2.263,1.583,1.961,rt,
mangala,2026-06-23,1.74,1.369,2.208,1.587,1.933,rt,
mangala,2026-06-24,1.729,1.373,2.167,1.577,1.906,rt,
mangala,2026-06-25,1.721,1.368,2.131,1.572,1.89,rt,
mangala,2026-06-26,1.706,1.366,2.097,1.561,1.871,rt,
mangala,2026-06-27,1.695,1.351,2.095,1.552,1.856,rt,
mangala,2026-06-28,1.679,1.324,2.113,1.533,1.848,rt,
mangala,2026-06-29,1.636,1.268,2.089,1.478,1.804,rt,
mangala,2026-06-30,1.584,1.241,1.988,1.438,1.738,rt,
mangala,2026-07-01,1.533,1.218,1.902,1.403,1.676,rt,
mangala,2026-07-02,1.488,1.18,1.834,1.361,1.626,rt,
mangala,2026-07-03,1.446,1.155,1.784,1.33,1.579,rt,
mangala,2026-07-04,1.412,1.125,1.748,1.295,1.539,rt,
mangala,2026-07-05,1.379,1.084,1.74,1.263,1.509,rt,
mangala,2026-07-06,1.355,1.046,1.743,1.239,1.496,rt,
mangala,2026-07-07,1.352,1.061,1.691,1.236,1.484,rt,
mangala,2026-07-08,1.351,1.076,1.659,1.238,1.47,rt,
mangala,2026-07-09,1.346,1.078,1.651,1.233,1.459,rt,
mangala,2026-07-10,1.336,1.08,1.629,1.228,1.444,rt,
mangala,2026-07-11,1.331,1.067,1.619,1.22,1.439,rt,
mangala,2026-07-12,1.321,1.046,1.617,1.205,1.437,rt,
mangala,2026-07-13,1.292,1.011,1.621,1.177,1.422,rt,
mangala,2026-07-14,1.286,1.023,1.581,1.171,1.403,rt,
mangala,2026-07-15,1.278,1.033,1.555,1.175,1.386,rt,
mangala,2026-07-16,1.272,1.034,1.54,1.173,1.375,rt,
mangala,2026-07-17,1.257,1.025,1.518,1.16,1.36,rt,
mangala,2026-07-18,1.244,1.016,1.512,1.144,1.349,rt,
mangala,2026-07-19,1.235,0.993,1.509,1.128,1.341,rt,
mangala,2026-07-20,1.228,0.972,1.529,1.115,1.342,rt,
mangala,2026-07-21,1.231,0.995,1.514,1.123,1.337,rt,
mangala,2026-07-22,1.235,1.018,1.503,1.134,1.335,rt,
mangala,2026-07-23,1.238,1.025,1.506,1.139,1.339,rt,
mangala,2026-07-24,1.247,1.027,1.511,1.15,1.351,rt,
mangala,2026-07-25,1.253,1.027,1.537,1.161,1.365,rt,
mangala,2026-07-26,1.263,1.023,1.568,1.167,1.383,rt,
mangala,2026-07-27,1.291,1.027,1.633,1.18,1.425,rt,
mangala,2026-07-28,1.307,1.063,1.628,1.2,1.437,rt,
mangala,2026-07-29,1.32,1.084,1.626,1.218,1.447,rt,
mangala,2026-07-30,1.337,1.095,1.638,1.235,1.458,rt,
mangala,2026-07-31,1.354,1.11,1.643,1.25,1.472,rt,
mangala,2026-08-01,1.368,1.118,1.67,1.264,1.491,rt,
mangala,2026-08-02,1.381,1.121,1.703,1.273,1.512,rt,
mangala,2026-08-03,1.376,1.099,1.727,1.259,1.506,rt,
mangala,2026-08-04,1.352,1.099,1.674,1.246,1.474,rt,
mangala,2026-08-05,1.327,1.095,1.634,1.228,1.442,rt,
mangala,2026-08-06,1.302,1.08,1.604,1.209,1.413,rt,
mangala,2026-08-07,1.271,1.06,1.566,1.181,1.383,rt,
mangala,2026-08-08,1.239,1.026,1.533,1.146,1.353,rt,
mangala,2026-08-09,1.208,0.99,1.509,1.109,1.326,rt,
mangala,2026-08-10,1.175,0.94,1.483,1.067,1.291,rt,
mangala,2026-08-11,1.129,0.913,1.407,1.035,1.238,rt,
mangala,2026-08-12,1.087,0.887,1.345,0.999,1.189,rt,
mangala,2026-08-13,1.047,0.854,1.29,0.965,1.144,rt,
mangala,2026-08-14,1.009,0.83,1.239,0.93,1.098,rt,
mangala,2026-08-15,0.975,0.797,1.199,0.896,1.058,rt,
mangala,2026-08-16,0.94,0.758,1.165,0.86,1.022,rt,
mangala,2026-08-17,0.917,0.726,1.151,0.834,1.009,rt,
mangala,2026-08-18,0.898,0.726,1.109,0.82,0.978,rt,
mangala,2026-08-19,0.876,0.717,1.081,0.804,0.953,rt,
mangala,2026-08-20,0.856,0.7,1.05,0.786,0.929,rt,
mangala,2026-08-21,0.841,0.681,1.03,0.773,0.915,rt,
mangala,2026-08-22,0.827,0.664,1.021,0.752,0.901,rt,
mangala,2026-08-23,0.813,0.636,1.016,0.734,0.887,rt,
mangala,2026-08-24,0.806,0.615,1.025,0.722,0.888,rt,
mangala,2026-08-25,0.797,0.627,1.001,0.721,0.871,rt,
mangala,2026-08-26,0.788,0.626,0.98,0.721,0.861,rt,
mangala,2026-08-27,0.78,0.622,0.967,0.718,0.852,rt,
mangala,2026-08-28,0.772,0.617,0.954,0.709,0.841,rt,
mangala,2026-08-29,0.763,0.607,0.94,0.698,0.831,rt,
mangala,2026-08-30,0.752,0.593,0.939,0.687,0.824,rt,
mangala,2026-08-31,0.738,0.568,0.938,0.667,0.814,rt,
mangala,2026-09-01,0.735,0.571,0.928,0.666,0.809,rt,
mangala,2026-09-02,0.732,0.577,0.918,0.663,0.808,rt,
mangala,2026-09-03,0.729,0.569,0.915,0.659,0.809,rt,
mangala,2026-09-04,0.726,0.561,0.913,0.654,0.803,rt,
mangala,2026-09-05,0.72,0.548,0.913,0.646,0.8,rt,
mangala,2026-09-06,0.712,0.534,0.921,0.635,0.796,rt,
mangala,2026-09-07,0.695,0.509,0.912,0.615,0.784,rt,
mangala,2026-09-08,0.68,0.499,0.893,0.602,0.764,rt,
mangala,2026-09-09,0.661,0.483,0.873,0.586,0.745,rt,
mangala,2026-09-10,0.642,0.462,0.862,0.571,0.726,rt,
mangala,2026-09-11,0.619,0.438,0.841,0.545,0.702,rt,
mangala,2026-09-12,0.594,0.411,0.834,0.516,0.685,rt,
mangala,2026-09-13,0.569,0.382,0.832,0.485,0.661,rt,
mangala,2026-09-14,0.533,0.348,0.81,0.449,0.635,rt,
mangala,2026-09-15,0.509,0.327,0.775,0.43,0.608,rt,
mangala,2026-09-16,0.484,0.309,0.747,0.404,0.583,rt,
mangala,2026-09-17,0.461,0.287,0.725,0.381,0.559,rt,
mangala,2026-09-18,0.44,0.266,0.698,0.359,0.54,rt,
mangala,2026-09-19,0.42,0.243,0.685,0.337,0.516,rt,
mangala,2026-09-20,0.399,0.222,0.666,0.315,0.497,rt,
mangala,2026-09-21,0.391,0.204,0.668,0.304,0.493,rt,
mangala,2026-09-22,0.388,0.204,0.669,0.298,0.494,rt,
mangala,2026-09-23,0.386,0.201,0.681,0.294,0.498,rt,
mangala,2026-09-24,0.385,0.193,0.694,0.291,0.496,rt,
mangala,2026-09-25,0.383,0.188,0.699,0.288,0.499,rt,
mangala,2026-09-26,0.386,0.18,0.717,0.287,0.502,rt,
mangala,2026-09-27,0.388,0.175,0.737,0.285,0.504,rt,
mongbwalu,2026-04-20,2.743,1.625,6.355,2.173,3.746,rt,
mongbwalu,2026-04-21,2.814,1.706,6.368,2.235,3.779,rt,
mongbwalu,2026-04-22,2.869,1.775,6.286,2.288,3.81,rt,
mongbwalu,2026-04-23,2.925,1.84,6.249,2.344,3.833,rt,
mongbwalu,2026-04-24,2.984,1.891,6.17,2.403,3.887,rt,
mongbwalu,2026-04-25,3.059,1.945,6.258,2.46,3.936,rt,
mongbwalu,2026-04-26,3.108,1.981,6.268,2.507,4.008,rt,
mongbwalu,2026-04-27,3.173,2.0,6.17,2.551,4.045,rt,
mongbwalu,2026-04-28,3.217,2.075,6.104,2.618,4.049,rt,
mongbwalu,2026-04-29,3.267,2.118,6.027,2.665,4.062,rt,
mongbwalu,2026-04-30,3.328,2.171,6.029,2.707,4.138,rt,
mongbwalu,2026-05-01,3.376,2.253,5.953,2.794,4.134,rt,
mongbwalu,2026-05-02,3.424,2.302,5.97,2.859,4.168,rt,
mongbwalu,2026-05-03,3.468,2.346,5.954,2.927,4.212,rt,
mongbwalu,2026-05-04,3.562,2.423,6.116,3.023,4.311,rt,
mongbwalu,2026-05-05,3.667,2.524,6.188,3.11,4.392,rt,
mongbwalu,2026-05-06,3.767,2.632,6.039,3.215,4.494,rt,
mongbwalu,2026-05-07,3.868,2.739,6.118,3.314,4.56,rt,
mongbwalu,2026-05-08,3.93,2.818,5.993,3.388,4.593,rt,
mongbwalu,2026-05-09,3.988,2.896,5.963,3.464,4.62,rt,
mongbwalu,2026-05-10,4.037,2.962,5.958,3.541,4.676,rt,
mongbwalu,2026-05-11,3.798,2.786,5.541,3.337,4.354,rt,
mongbwalu,2026-05-12,3.579,2.685,4.968,3.154,4.063,rt,
mongbwalu,2026-05-13,3.364,2.584,4.573,2.999,3.776,rt,
mongbwalu,2026-05-14,3.165,2.47,4.27,2.845,3.545,rt,
mongbwalu,2026-05-15,2.974,2.341,3.936,2.672,3.3,rt,
mongbwalu,2026-05-16,2.786,2.22,3.677,2.522,3.09,rt,
mongbwalu,2026-05-17,2.621,2.079,3.437,2.379,2.916,rt,
mongbwalu,2026-05-18,2.486,1.948,3.301,2.261,2.782,rt,
mongbwalu,2026-05-19,2.367,1.875,3.058,2.157,2.622,rt,
mongbwalu,2026-05-20,2.25,1.818,2.852,2.06,2.46,rt,
mongbwalu,2026-05-21,2.137,1.746,2.684,1.963,2.333,rt,
mongbwalu,2026-05-22,2.041,1.692,2.536,1.887,2.213,rt,
mongbwalu,2026-05-23,1.951,1.623,2.408,1.807,2.117,rt,
mongbwalu,2026-05-24,1.866,1.533,2.303,1.721,2.026,rt,
mongbwalu,2026-05-25,1.782,1.436,2.216,1.629,1.943,rt,
mongbwalu,2026-05-26,1.712,1.405,2.094,1.581,1.855,rt,
mongbwalu,2026-05-27,1.644,1.362,1.986,1.524,1.773,rt,
mongbwalu,2026-05-28,1.58,1.313,1.893,1.472,1.702,rt,
mongbwalu,2026-05-29,1.51,1.261,1.795,1.408,1.621,rt,
mongbwalu,2026-05-30,1.446,1.205,1.716,1.346,1.551,rt,
mongbwalu,2026-05-31,1.382,1.136,1.654,1.279,1.483,rt,
mongbwalu,2026-06-01,1.34,1.089,1.629,1.231,1.445,rt,
mongbwalu,2026-06-02,1.29,1.074,1.538,1.19,1.383,rt,
mongbwalu,2026-06-03,1.243,1.043,1.461,1.152,1.322,rt,
mongbwalu,2026-06-04,1.193,1.009,1.398,1.11,1.269,rt,
mongbwalu,2026-06-05,1.146,0.974,1.345,1.075,1.221,rt,
mongbwalu,2026-06-06,1.102,0.93,1.298,1.031,1.181,rt,
mongbwalu,2026-06-07,1.065,0.879,1.264,0.987,1.142,rt,
mongbwalu,2026-06-08,1.028,0.825,1.244,0.939,1.113,rt,
mongbwalu,2026-06-09,0.987,0.81,1.17,0.912,1.062,rt,
mongbwalu,2026-06-10,0.947,0.782,1.116,0.883,1.017,rt,
mongbwalu,2026-06-11,0.911,0.752,1.07,0.848,0.974,rt,
mongbwalu,2026-06-12,0.875,0.724,1.022,0.812,0.933,rt,
mongbwalu,2026-06-13,0.837,0.69,0.987,0.773,0.897,rt,
mongbwalu,2026-06-14,0.802,0.644,0.961,0.735,0.866,rt,
mongbwalu,2026-06-15,0.771,0.598,0.951,0.697,0.843,rt,
mongbwalu,2026-06-16,0.763,0.605,0.926,0.698,0.83,rt,
mongbwalu,2026-06-17,0.755,0.614,0.906,0.693,0.816,rt,
mongbwalu,2026-06-18,0.747,0.609,0.892,0.687,0.806,rt,
mongbwalu,2026-06-19,0.738,0.601,0.881,0.679,0.795,rt,
mongbwalu,2026-06-20,0.726,0.593,0.875,0.669,0.784,rt,
mongbwalu,2026-06-21,0.714,0.572,0.88,0.657,0.777,rt,
mongbwalu,2026-06-22,0.71,0.557,0.903,0.647,0.782,rt,
mongbwalu,2026-06-23,0.717,0.576,0.895,0.66,0.783,rt,
mongbwalu,2026-06-24,0.727,0.59,0.887,0.67,0.789,rt,
mongbwalu,2026-06-25,0.733,0.593,0.893,0.678,0.795,rt,
mongbwalu,2026-06-26,0.743,0.597,0.906,0.687,0.806,rt,
mongbwalu,2026-06-27,0.751,0.595,0.928,0.689,0.818,rt,
mongbwalu,2026-06-28,0.76,0.587,0.959,0.689,0.832,rt,
mongbwalu,2026-06-29,0.752,0.568,0.98,0.673,0.832,rt,
mongbwalu,2026-06-30,0.736,0.572,0.934,0.663,0.807,rt,
mongbwalu,2026-07-01,0.72,0.573,0.896,0.654,0.787,rt,
mongbwalu,2026-07-02,0.704,0.57,0.865,0.643,0.767,rt,
mongbwalu,2026-07-03,0.692,0.566,0.841,0.636,0.755,rt,
mongbwalu,2026-07-04,0.682,0.553,0.835,0.628,0.75,rt,
mongbwalu,2026-07-05,0.671,0.534,0.839,0.614,0.747,rt,
mongbwalu,2026-07-06,0.671,0.513,0.855,0.605,0.751,rt,
mongbwalu,2026-07-07,0.678,0.535,0.85,0.618,0.749,rt,
mongbwalu,2026-07-08,0.689,0.552,0.846,0.627,0.751,rt,
mongbwalu,2026-07-09,0.695,0.559,0.852,0.637,0.755,rt,
mongbwalu,2026-07-10,0.701,0.563,0.865,0.643,0.761,rt,
mongbwalu,2026-07-11,0.706,0.561,0.884,0.644,0.771,rt,
mongbwalu,2026-07-12,0.713,0.551,0.91,0.646,0.784,rt,
mongbwalu,2026-07-13,0.709,0.527,0.941,0.633,0.791,rt,
mongbwalu,2026-07-14,0.705,0.539,0.913,0.636,0.779,rt,
mongbwalu,2026-07-15,0.704,0.546,0.888,0.637,0.771,rt,
mongbwalu,2026-07-16,0.702,0.551,0.88,0.637,0.767,rt,
mongbwalu,2026-07-17,0.694,0.548,0.865,0.632,0.761,rt,
mongbwalu,2026-07-18,0.685,0.543,0.861,0.627,0.754,rt,
mongbwalu,2026-07-19,0.68,0.533,0.872,0.616,0.752,rt,
mongbwalu,2026-07-20,0.678,0.517,0.896,0.61,0.76,rt,
mongbwalu,2026-07-21,0.672,0.524,0.87,0.611,0.744,rt,
mongbwalu,2026-07-22,0.668,0.53,0.854,0.609,0.734,rt,
mongbwalu,2026-07-23,0.664,0.527,0.841,0.606,0.726,rt,
mongbwalu,2026-07-24,0.666,0.526,0.832,0.605,0.726,rt,
mongbwalu,2026-07-25,0.664,0.519,0.835,0.6,0.729,rt,
mongbwalu,2026-07-26,0.663,0.506,0.847,0.595,0.733,rt,
mongbwalu,2026-07-27,0.668,0.497,0.878,0.595,0.751,rt,
mongbwalu,2026-07-28,0.686,0.517,0.873,0.615,0.761,rt,
mongbwalu,2026-07-29,0.704,0.536,0.878,0.633,0.769,rt,
mongbwalu,2026-07-30,0.72,0.55,0.903,0.647,0.786,rt,
mongbwalu,2026-07-31,0.739,0.568,0.921,0.664,0.805,rt,
mongbwalu,2026-08-01,0.756,0.579,0.942,0.677,0.826,rt,
mongbwalu,2026-08-02,0.77,0.587,0.97,0.69,0.848,rt,
mongbwalu,2026-08-03,0.775,0.579,1.001,0.689,0.865,rt,
mongbwalu,2026-08-04,0.792,0.605,0.998,0.709,0.877,rt,
mongbwalu,2026-08-05,0.809,0.625,1.009,0.729,0.889,rt,
mongbwalu,2026-08-06,0.825,0.647,1.024,0.748,0.901,rt,
mongbwalu,2026-08-07,0.836,0.66,1.037,0.759,0.915,rt,
mongbwalu,2026-08-08,0.846,0.658,1.061,0.767,0.935,rt,
mongbwalu,2026-08-09,0.861,0.655,1.098,0.77,0.955,rt,
mongbwalu,2026-08-10,0.865,0.643,1.137,0.765,0.972,rt,
mongbwalu,2026-08-11,0.878,0.667,1.129,0.784,0.974,rt,
mongbwalu,2026-08-12,0.885,0.693,1.128,0.799,0.974,rt,
mongbwalu,2026-08-13,0.897,0.713,1.132,0.816,0.983,rt,
mongbwalu,2026-08-14,0.911,0.725,1.139,0.828,0.997,rt,
mongbwalu,2026-08-15,0.925,0.725,1.163,0.837,1.015,rt,
mongbwalu,2026-08-16,0.938,0.719,1.202,0.846,1.037,rt,
mongbwalu,2026-08-17,0.962,0.721,1.285,0.862,1.076,rt,
mongbwalu,2026-08-18,0.988,0.757,1.278,0.89,1.094,rt,
mongbwalu,2026-08-19,1.013,0.797,1.299,0.92,1.117,rt,
mongbwalu,2026-08-20,1.036,0.826,1.32,0.945,1.142,rt,
mongbwalu,2026-08-21,1.067,0.854,1.354,0.974,1.177,rt,
mongbwalu,2026-08-22,1.098,0.881,1.416,0.999,1.216,rt,
mongbwalu,2026-08-23,1.13,0.887,1.481,1.022,1.259,rt,
mongbwalu,2026-08-24,1.171,0.897,1.59,1.052,1.319,rt,
mongbwalu,2026-08-25,1.187,0.933,1.582,1.079,1.327,rt,
mongbwalu,2026-08-26,1.207,0.961,1.576,1.105,1.345,rt,
mongbwalu,2026-08-27,1.226,0.981,1.576,1.12,1.359,rt,
mongbwalu,2026-08-28,1.243,1.001,1.586,1.131,1.372,rt,
mongbwalu,2026-08-29,1.256,0.996,1.623,1.14,1.39,rt,
mongbwalu,2026-08-30,1.273,0.986,1.666,1.148,1.407,rt,
mongbwalu,2026-08-31,1.277,0.961,1.706,1.141,1.422,rt,
mongbwalu,2026-09-01,1.257,0.963,1.63,1.134,1.389,rt,
mongbwalu,2026-09-02,1.233,0.961,1.578,1.121,1.357,rt,
mongbwalu,2026-09-03,1.209,0.949,1.529,1.099,1.327,rt,
mongbwalu,2026-09-04,1.185,0.933,1.492,1.082,1.303,rt,
mongbwalu,2026-09-05,1.161,0.903,1.475,1.053,1.277,rt,
mongbwalu,2026-09-06,1.135,0.861,1.463,1.014,1.26,rt,
mongbwalu,2026-09-07,1.093,0.803,1.444,0.974,1.221,rt,
mongbwalu,2026-09-08,1.061,0.781,1.373,0.948,1.176,rt,
mongbwalu,2026-09-09,1.022,0.752,1.328,0.914,1.135,rt,
mongbwalu,2026-09-10,0.984,0.726,1.281,0.878,1.099,rt,
mongbwalu,2026-09-11,0.945,0.681,1.246,0.832,1.059,rt,
mongbwalu,2026-09-12,0.899,0.631,1.221,0.78,1.018,rt,
mongbwalu,2026-09-13,0.851,0.578,1.191,0.728,0.981,rt,
mongbwalu,2026-09-14,0.793,0.514,1.149,0.664,0.932,rt,
mongbwalu,2026-09-15,0.756,0.484,1.103,0.629,0.887,rt,
mongbwalu,2026-09-16,0.715,0.449,1.064,0.588,0.849,rt,
mongbwalu,2026-09-17,0.682,0.415,1.033,0.553,0.808,rt,
mongbwalu,2026-09-18,0.647,0.384,1.007,0.52,0.77,rt,
mongbwalu,2026-09-19,0.614,0.354,0.975,0.49,0.74,rt,
mongbwalu,2026-09-20,0.578,0.322,0.954,0.458,0.716,rt,
mongbwalu,2026-09-21,0.56,0.294,0.953,0.437,0.703,rt,
mongbwalu,2026-09-22,0.554,0.29,0.96,0.433,0.695,rt,
mongbwalu,2026-09-23,0.547,0.282,0.964,0.427,0.696,rt,
mongbwalu,2026-09-24,0.541,0.275,0.983,0.419,0.697,rt,
mongbwalu,2026-09-25,0.538,0.261,0.986,0.411,0.696,rt,
mongbwalu,2026-09-26,0.536,0.252,0.99,0.407,0.697,rt,
mongbwalu,2026-09-27,0.532,0.24,1.015,0.399,0.701,rt,
nia_nia,2026-05-30,2.55,1.56,4.054,2.087,3.065,rt,
nia_nia,2026-05-31,2.526,1.529,4.127,2.071,3.062,rt,
nia_nia,2026-06-01,2.538,1.489,4.223,2.073,3.124,rt,
nia_nia,2026-06-02,2.533,1.553,4.119,2.107,3.073,rt,
nia_nia,2026-06-03,2.519,1.596,4.004,2.125,3.037,rt,
nia_nia,2026-06-04,2.513,1.619,3.932,2.121,3.029,rt,
nia_nia,2026-06-05,2.523,1.684,3.943,2.138,3.038,rt,
nia_nia,2026-06-06,2.538,1.684,3.922,2.128,3.032,rt,
nia_nia,2026-06-07,2.553,1.646,3.99,2.115,3.051,rt,
nia_nia,2026-06-08,2.559,1.606,4.092,2.099,3.087,rt,
nia_nia,2026-06-09,2.528,1.654,3.82,2.124,3.012,rt,
nia_nia,2026-06-10,2.507,1.694,3.687,2.126,2.941,rt,
nia_nia,2026-06-11,2.486,1.714,3.575,2.118,2.898,rt,
nia_nia,2026-06-12,2.446,1.721,3.517,2.086,2.841,rt,
nia_nia,2026-06-13,2.413,1.664,3.472,2.052,2.8,rt,
nia_nia,2026-06-14,2.358,1.622,3.441,2.007,2.766,rt,
nia_nia,2026-06-15,2.335,1.569,3.521,1.97,2.787,rt,
nia_nia,2026-06-16,2.311,1.595,3.385,1.983,2.718,rt,
nia_nia,2026-06-17,2.281,1.608,3.291,1.983,2.656,rt,
nia_nia,2026-06-18,2.252,1.634,3.2,1.961,2.601,rt,
nia_nia,2026-06-19,2.223,1.601,3.106,1.936,2.556,rt,
nia_nia,2026-06-20,2.189,1.571,3.076,1.899,2.519,rt,
nia_nia,2026-06-21,2.157,1.498,3.059,1.86,2.493,rt,
nia_nia,2026-06-22,2.153,1.439,3.153,1.821,2.496,rt,
nia_nia,2026-06-23,2.123,1.481,2.989,1.838,2.439,rt,
nia_nia,2026-06-24,2.101,1.521,2.854,1.848,2.387,rt,
nia_nia,2026-06-25,2.085,1.539,2.78,1.841,2.348,rt,
nia_nia,2026-06-26,2.054,1.53,2.76,1.822,2.317,rt,
nia_nia,2026-06-27,2.031,1.498,2.743,1.79,2.307,rt,
nia_nia,2026-06-28,2.025,1.456,2.797,1.763,2.313,rt,
nia_nia,2026-06-29,1.964,1.362,2.798,1.687,2.275,rt,
nia_nia,2026-06-30,1.892,1.365,2.585,1.645,2.144,rt,
nia_nia,2026-07-01,1.817,1.341,2.444,1.601,2.047,rt,
nia_nia,2026-07-02,1.745,1.316,2.316,1.552,1.956,rt,
nia_nia,2026-07-03,1.695,1.299,2.221,1.5,1.888,rt,
nia_nia,2026-07-04,1.645,1.233,2.176,1.45,1.841,rt,
nia_nia,2026-07-05,1.589,1.165,2.162,1.405,1.811,rt,
nia_nia,2026-07-06,1.558,1.081,2.201,1.354,1.803,rt,
nia_nia,2026-07-07,1.536,1.112,2.073,1.355,1.748,rt,
nia_nia,2026-07-08,1.521,1.133,2.002,1.345,1.707,rt,
nia_nia,2026-07-09,1.504,1.132,1.959,1.342,1.672,rt,
nia_nia,2026-07-10,1.481,1.107,1.925,1.327,1.642,rt,
nia_nia,2026-07-11,1.463,1.069,1.931,1.305,1.623,rt,
nia_nia,2026-07-12,1.434,1.023,1.945,1.266,1.614,rt,
nia_nia,2026-07-13,1.401,0.957,1.945,1.221,1.597,rt,
nia_nia,2026-07-14,1.364,0.98,1.837,1.208,1.534,rt,
nia_nia,2026-07-15,1.334,0.991,1.755,1.193,1.481,rt,
nia_nia,2026-07-16,1.303,0.987,1.676,1.174,1.445,rt,
nia_nia,2026-07-17,1.266,0.977,1.623,1.145,1.403,rt,
nia_nia,2026-07-18,1.234,0.946,1.583,1.107,1.372,rt,
nia_nia,2026-07-19,1.201,0.894,1.579,1.065,1.342,rt,
nia_nia,2026-07-20,1.179,0.842,1.603,1.029,1.332,rt,
nia_nia,2026-07-21,1.156,0.857,1.513,1.024,1.29,rt,
nia_nia,2026-07-22,1.129,0.862,1.465,1.013,1.257,rt,
nia_nia,2026-07-23,1.109,0.854,1.42,1.002,1.23,rt,
nia_nia,2026-07-24,1.094,0.844,1.4,0.986,1.211,rt,
nia_nia,2026-07-25,1.076,0.814,1.396,0.964,1.198,rt,
nia_nia,2026-07-26,1.059,0.782,1.426,0.94,1.19,rt,
nia_nia,2026-07-27,1.054,0.755,1.494,0.927,1.205,rt,
nia_nia,2026-07-28,1.051,0.777,1.423,0.933,1.184,rt,
nia_nia,2026-07-29,1.049,0.792,1.379,0.934,1.168,rt,
nia_nia,2026-07-30,1.041,0.797,1.345,0.931,1.159,rt,
nia_nia,2026-07-31,1.034,0.786,1.34,0.928,1.155,rt,
nia_nia,2026-08-01,1.03,0.767,1.347,0.916,1.157,rt,
nia_nia,2026-08-02,1.026,0.731,1.369,0.906,1.158,rt,
nia_nia,2026-08-03,1.007,0.694,1.384,0.875,1.149,rt,
nia_nia,2026-08-04,0.992,0.708,1.326,0.875,1.116,rt,
nia_nia,2026-08-05,0.974,0.718,1.268,0.863,1.084,rt,
nia_nia,2026-08-06,0.958,0.72,1.231,0.852,1.058,rt,
nia_nia,2026-08-07,0.935,0.705,1.202,0.833,1.033,rt,
nia_nia,2026-08-08,0.91,0.682,1.194,0.81,1.015,rt,
nia_nia,2026-08-09,0.889,0.655,1.197,0.784,0.995,rt,
nia_nia,2026-08-10,0.859,0.61,1.198,0.747,0.973,rt,
nia_nia,2026-08-11,0.843,0.619,1.134,0.743,0.946,rt,
nia_nia,2026-08-12,0.826,0.63,1.084,0.741,0.929,rt,
nia_nia,2026-08-13,0.812,0.62,1.049,0.732,0.907,rt,
nia_nia,2026-08-14,0.801,0.601,1.031,0.723,0.891,rt,
nia_nia,2026-08-15,0.79,0.584,1.018,0.711,0.877,rt,
nia_nia,2026-08-16,0.781,0.559,1.024,0.69,0.871,rt,
nia_nia,2026-08-17,0.781,0.538,1.051,0.679,0.887,rt,
nia_nia,2026-08-18,0.79,0.567,1.036,0.696,0.885,rt,
nia_nia,2026-08-19,0.799,0.59,1.039,0.709,0.889,rt,
nia_nia,2026-08-20,0.805,0.6,1.048,0.718,0.897,rt,
nia_nia,2026-08-21,0.818,0.613,1.066,0.73,0.907,rt,
nia_nia,2026-08-22,0.832,0.614,1.095,0.741,0.924,rt,
nia_nia,2026-08-23,0.843,0.604,1.133,0.747,0.948,rt,
nia_nia,2026-08-24,0.865,0.597,1.201,0.754,0.987,rt,
nia_nia,2026-08-25,0.896,0.648,1.208,0.791,1.015,rt,
nia_nia,2026-08-26,0.932,0.7,1.235,0.826,1.049,rt,
nia_nia,2026-08-27,0.968,0.739,1.26,0.863,1.086,rt,
nia_nia,2026-08-28,0.998,0.766,1.291,0.898,1.122,rt,
nia_nia,2026-08-29,1.036,0.794,1.345,0.929,1.161,rt,
nia_nia,2026-08-30,1.074,0.806,1.411,0.948,1.205,rt,
nia_nia,2026-08-31,1.103,0.814,1.505,0.96,1.248,rt,
nia_nia,2026-09-01,1.134,0.863,1.491,1.0,1.27,rt,
nia_nia,2026-09-02,1.163,0.896,1.5,1.042,1.292,rt,
nia_nia,2026-09-03,1.189,0.922,1.517,1.071,1.319,rt,
nia_nia,2026-09-04,1.218,0.937,1.547,1.098,1.349,rt,
nia_nia,2026-09-05,1.246,0.944,1.608,1.115,1.384,rt,
nia_nia,2026-09-06,1.272,0.932,1.673,1.126,1.425,rt,
nia_nia,2026-09-07,1.273,0.902,1.726,1.12,1.46,rt,
nia_nia,2026-09-08,1.287,0.929,1.711,1.145,1.459,rt,
nia_nia,2026-09-09,1.301,0.941,1.704,1.162,1.457,rt,
nia_nia,2026-09-10,1.305,0.955,1.714,1.162,1.469,rt,
nia_nia,2026-09-11,1.298,0.952,1.717,1.148,1.468,rt,
nia_nia,2026-09-12,1.293,0.926,1.756,1.126,1.462,rt,
nia_nia,2026-09-13,1.276,0.881,1.81,1.096,1.461,rt,
nia_nia,2026-09-14,1.24,0.813,1.829,1.048,1.449,rt,
nia_nia,2026-09-15,1.199,0.793,1.769,1.011,1.405,rt,
nia_nia,2026-09-16,1.158,0.75,1.728,0.968,1.364,rt,
nia_nia,2026-09-17,1.121,0.707,1.702,0.924,1.328,rt,
nia_nia,2026-09-18,1.081,0.661,1.689,0.881,1.29,rt,
nia_nia,2026-09-19,1.038,0.613,1.69,0.835,1.254,rt,
nia_nia,2026-09-20,0.998,0.566,1.663,0.788,1.228,rt,
nia_nia,2026-09-21,0.986,0.532,1.678,0.763,1.237,rt,
nia_nia,2026-09-22,0.971,0.527,1.672,0.756,1.215,rt,
nia_nia,2026-09-23,0.958,0.512,1.679,0.744,1.198,rt,
nia_nia,2026-09-24,0.938,0.493,1.666,0.728,1.185,rt,
nia_nia,2026-09-25,0.922,0.475,1.656,0.72,1.173,rt,
nia_nia,2026-09-26,0.912,0.461,1.658,0.702,1.162,rt,
nia_nia,2026-09-27,0.908,0.441,1.667,0.685,1.153,rt,
nizi,2026-05-22,2.984,2.171,3.855,2.613,3.325,rt,
nizi,2026-05-23,2.941,2.141,3.849,2.588,3.271,rt,
nizi,2026-05-24,2.903,2.083,3.816,2.555,3.252,rt,
nizi,2026-05-25,2.864,2.029,3.836,2.499,3.213,rt,
nizi,2026-05-26,2.814,2.038,3.685,2.482,3.135,rt,
nizi,2026-05-27,2.765,2.02,3.591,2.448,3.074,rt,
nizi,2026-05-28,2.717,2.009,3.481,2.42,3.015,rt,
nizi,2026-05-29,2.661,1.997,3.368,2.368,2.944,rt,
nizi,2026-05-30,2.606,1.964,3.3,2.327,2.875,rt,
nizi,2026-05-31,2.538,1.927,3.261,2.271,2.815,rt,
nizi,2026-06-01,2.518,1.895,3.246,2.254,2.803,rt,
nizi,2026-06-02,2.511,1.936,3.178,2.267,2.782,rt,
nizi,2026-06-03,2.507,1.957,3.136,2.278,2.759,rt,
nizi,2026-06-04,2.499,1.965,3.103,2.277,2.736,rt,
nizi,2026-06-05,2.5,1.994,3.075,2.279,2.719,rt,
nizi,2026-06-06,2.495,1.993,3.078,2.278,2.718,rt,
nizi,2026-06-07,2.48,1.987,3.082,2.271,2.721,rt,
nizi,2026-06-08,2.472,1.978,3.102,2.267,2.741,rt,
nizi,2026-06-09,2.467,2.002,3.075,2.276,2.719,rt,
nizi,2026-06-10,2.466,2.011,3.029,2.274,2.698,rt,
nizi,2026-06-11,2.454,2.022,3.009,2.264,2.684,rt,
nizi,2026-06-12,2.439,2.014,3.002,2.26,2.67,rt,
nizi,2026-06-13,2.425,2.0,2.986,2.247,2.651,rt,
nizi,2026-06-14,2.409,1.974,2.997,2.217,2.627,rt,
nizi,2026-06-15,2.404,1.949,3.03,2.198,2.644,rt,
nizi,2026-06-16,2.381,1.959,2.964,2.19,2.607,rt,
nizi,2026-06-17,2.369,1.962,2.891,2.179,2.561,rt,
nizi,2026-06-18,2.345,1.95,2.851,2.155,2.527,rt,
nizi,2026-06-19,2.308,1.924,2.79,2.132,2.487,rt,
nizi,2026-06-20,2.273,1.902,2.76,2.106,2.468,rt,
nizi,2026-06-21,2.24,1.859,2.733,2.069,2.436,rt,
nizi,2026-06-22,2.222,1.823,2.751,2.056,2.426,rt,
nizi,2026-06-23,2.188,1.825,2.665,2.031,2.376,rt,
nizi,2026-06-24,2.156,1.812,2.598,2.001,2.332,rt,
nizi,2026-06-25,2.126,1.79,2.54,1.975,2.287,rt,
nizi,2026-06-26,2.086,1.764,2.478,1.952,2.241,rt,
nizi,2026-06-27,2.053,1.733,2.433,1.914,2.199,rt,
nizi,2026-06-28,2.019,1.695,2.399,1.877,2.168,rt,
nizi,2026-06-29,1.947,1.616,2.34,1.804,2.095,rt,
nizi,2026-06-30,1.866,1.572,2.213,1.737,1.991,rt,
nizi,2026-07-01,1.785,1.526,2.089,1.67,1.899,rt,
nizi,2026-07-02,1.706,1.47,1.988,1.605,1.816,rt,
nizi,2026-07-03,1.646,1.423,1.908,1.549,1.749,rt,
nizi,2026-07-04,1.587,1.376,1.842,1.492,1.685,rt,
nizi,2026-07-05,1.529,1.311,1.79,1.436,1.629,rt,
nizi,2026-07-06,1.493,1.267,1.761,1.394,1.598,rt,
nizi,2026-07-07,1.451,1.253,1.692,1.361,1.551,rt,
nizi,2026-07-08,1.411,1.227,1.629,1.33,1.501,rt,
nizi,2026-07-09,1.373,1.194,1.583,1.297,1.454,rt,
nizi,2026-07-10,1.331,1.162,1.531,1.261,1.411,rt,
nizi,2026-07-11,1.293,1.122,1.493,1.22,1.373,rt,
nizi,2026-07-12,1.257,1.076,1.459,1.178,1.338,rt,
nizi,2026-07-13,1.204,1.014,1.415,1.12,1.289,rt,
nizi,2026-07-14,1.167,0.995,1.361,1.09,1.245,rt,
nizi,2026-07-15,1.131,0.965,1.313,1.06,1.202,rt,
nizi,2026-07-16,1.097,0.934,1.28,1.03,1.163,rt,
nizi,2026-07-17,1.058,0.907,1.226,0.994,1.121,rt,
nizi,2026-07-18,1.019,0.871,1.187,0.96,1.084,rt,
nizi,2026-07-19,0.986,0.834,1.151,0.924,1.051,rt,
nizi,2026-07-20,0.957,0.799,1.134,0.891,1.023,rt,
nizi,2026-07-21,0.94,0.795,1.1,0.88,1.001,rt,
nizi,2026-07-22,0.924,0.787,1.078,0.865,0.982,rt,
nizi,2026-07-23,0.908,0.772,1.054,0.853,0.963,rt,
nizi,2026-07-24,0.896,0.764,1.033,0.842,0.95,rt,
nizi,2026-07-25,0.884,0.753,1.019,0.831,0.938,rt,
nizi,2026-07-26,0.872,0.737,1.016,0.817,0.93,rt,
nizi,2026-07-27,0.873,0.73,1.033,0.811,0.935,rt,
nizi,2026-07-28,0.875,0.742,1.024,0.818,0.935,rt,
nizi,2026-07-29,0.879,0.75,1.018,0.824,0.935,rt,
nizi,2026-07-30,0.882,0.756,1.021,0.826,0.936,rt,
nizi,2026-07-31,0.887,0.759,1.02,0.832,0.94,rt,
nizi,2026-08-01,0.887,0.757,1.023,0.835,0.942,rt,
nizi,2026-08-02,0.889,0.754,1.03,0.833,0.947,rt,
nizi,2026-08-03,0.878,0.738,1.027,0.822,0.939,rt,
nizi,2026-08-04,0.87,0.744,1.011,0.818,0.929,rt,
nizi,2026-08-05,0.86,0.739,1.002,0.812,0.918,rt,
nizi,2026-08-06,0.854,0.737,0.993,0.804,0.91,rt,
nizi,2026-08-07,0.84,0.729,0.974,0.79,0.893,rt,
nizi,2026-08-08,0.829,0.712,0.962,0.777,0.882,rt,
nizi,2026-08-09,0.816,0.695,0.959,0.763,0.868,rt,
nizi,2026-08-10,0.798,0.669,0.954,0.741,0.85,rt,
nizi,2026-08-11,0.777,0.656,0.914,0.725,0.829,rt,
nizi,2026-08-12,0.758,0.639,0.886,0.705,0.807,rt,
nizi,2026-08-13,0.737,0.622,0.86,0.687,0.787,rt,
nizi,2026-08-14,0.719,0.608,0.834,0.671,0.766,rt,
nizi,2026-08-15,0.7,0.594,0.811,0.652,0.747,rt,
nizi,2026-08-16,0.682,0.574,0.796,0.633,0.73,rt,
nizi,2026-08-17,0.674,0.559,0.798,0.624,0.725,rt,
nizi,2026-08-18,0.668,0.559,0.784,0.622,0.714,rt,
nizi,2026-08-19,0.66,0.557,0.777,0.617,0.707,rt,
nizi,2026-08-20,0.654,0.551,0.772,0.611,0.701,rt,
nizi,2026-08-21,0.65,0.551,0.764,0.608,0.695,rt,
nizi,2026-08-22,0.646,0.546,0.763,0.603,0.693,rt,
nizi,2026-08-23,0.643,0.536,0.766,0.597,0.691,rt,
nizi,2026-08-24,0.646,0.527,0.782,0.596,0.697,rt,
nizi,2026-08-25,0.651,0.536,0.784,0.605,0.704,rt,
nizi,2026-08-26,0.655,0.543,0.786,0.611,0.707,rt,
nizi,2026-08-27,0.66,0.544,0.799,0.615,0.714,rt,
nizi,2026-08-28,0.664,0.55,0.799,0.618,0.715,rt,
nizi,2026-08-29,0.667,0.546,0.806,0.619,0.723,rt,
nizi,2026-08-30,0.669,0.539,0.816,0.618,0.728,rt,
nizi,2026-08-31,0.667,0.528,0.829,0.612,0.731,rt,
nizi,2026-09-01,0.671,0.532,0.828,0.615,0.731,rt,
nizi,2026-09-02,0.675,0.534,0.831,0.615,0.734,rt,
nizi,2026-09-03,0.678,0.533,0.838,0.615,0.737,rt,
nizi,2026-09-04,0.68,0.533,0.84,0.613,0.739,rt,
nizi,2026-09-05,0.677,0.532,0.846,0.609,0.743,rt,
nizi,2026-09-06,0.672,0.521,0.857,0.602,0.744,rt,
nizi,2026-09-07,0.664,0.503,0.863,0.587,0.738,rt,
nizi,2026-09-08,0.647,0.495,0.841,0.576,0.724,rt,
nizi,2026-09-09,0.632,0.481,0.822,0.563,0.708,rt,
nizi,2026-09-10,0.616,0.467,0.805,0.55,0.695,rt,
nizi,2026-09-11,0.595,0.448,0.782,0.528,0.671,rt,
nizi,2026-09-12,0.573,0.424,0.766,0.505,0.647,rt,
nizi,2026-09-13,0.551,0.394,0.761,0.481,0.629,rt,
nizi,2026-09-14,0.516,0.358,0.748,0.447,0.603,rt,
nizi,2026-09-15,0.494,0.337,0.723,0.425,0.578,rt,
nizi,2026-09-16,0.472,0.313,0.705,0.399,0.555,rt,
nizi,2026-09-17,0.451,0.29,0.686,0.376,0.537,rt,
nizi,2026-09-18,0.431,0.269,0.657,0.356,0.517,rt,
nizi,2026-09-19,0.411,0.252,0.637,0.335,0.492,rt,
nizi,2026-09-20,0.389,0.229,0.618,0.313,0.474,rt,
nizi,2026-09-21,0.38,0.218,0.634,0.299,0.473,rt,
nizi,2026-09-22,0.377,0.212,0.632,0.298,0.472,rt,
nizi,2026-09-23,0.376,0.207,0.643,0.294,0.474,rt,
nizi,2026-09-24,0.379,0.2,0.656,0.293,0.476,rt,
nizi,2026-09-25,0.38,0.196,0.662,0.29,0.478,rt,
nizi,2026-09-26,0.379,0.19,0.67,0.287,0.481,rt,
nizi,2026-09-27,0.379,0.184,0.694,0.284,0.487,rt,
nyankunde,2026-05-02,2.436,1.527,4.001,1.995,2.978,rt,
nyankunde,2026-05-03,2.489,1.547,4.117,2.038,3.006,rt,
nyankunde,2026-05-04,2.55,1.589,4.267,2.075,3.104,rt,
nyankunde,2026-05-05,2.628,1.651,4.394,2.167,3.18,rt,
nyankunde,2026-05-06,2.716,1.717,4.451,2.247,3.267,rt,
nyankunde,2026-05-07,2.775,1.77,4.517,2.317,3.368,rt,
nyankunde,2026-05-08,2.835,1.83,4.525,2.377,3.395,rt,
nyankunde,2026-05-09,2.893,1.869,4.558,2.447,3.438,rt,
nyankunde,2026-05-10,2.946,1.928,4.651,2.514,3.496,rt,
nyankunde,2026-05-11,2.789,1.828,4.384,2.393,3.298,rt,
nyankunde,2026-05-12,2.654,1.787,4.1,2.298,3.132,rt,
nyankunde,2026-05-13,2.534,1.726,3.847,2.193,2.975,rt,
nyankunde,2026-05-14,2.429,1.669,3.632,2.097,2.838,rt,
nyankunde,2026-05-15,2.315,1.614,3.436,2.001,2.696,rt,
nyankunde,2026-05-16,2.208,1.549,3.267,1.915,2.557,rt,
nyankunde,2026-05-17,2.105,1.479,3.1,1.813,2.435,rt,
nyankunde,2026-05-18,2.035,1.42,2.982,1.748,2.349,rt,
nyankunde,2026-05-19,1.963,1.404,2.82,1.711,2.257,rt,
nyankunde,2026-05-20,1.904,1.387,2.693,1.679,2.181,rt,
nyankunde,2026-05-21,1.845,1.348,2.585,1.633,2.103,rt,
nyankunde,2026-05-22,1.802,1.31,2.495,1.59,2.057,rt,
nyankunde,2026-05-23,1.75,1.281,2.438,1.551,2.004,rt,
nyankunde,2026-05-24,1.708,1.234,2.41,1.504,1.955,rt,
nyankunde,2026-05-25,1.659,1.194,2.381,1.455,1.907,rt,
nyankunde,2026-05-26,1.615,1.168,2.266,1.421,1.836,rt,
nyankunde,2026-05-27,1.567,1.143,2.169,1.383,1.774,rt,
nyankunde,2026-05-28,1.52,1.108,2.063,1.339,1.705,rt,
nyankunde,2026-05-29,1.467,1.082,1.973,1.298,1.648,rt,
nyankunde,2026-05-30,1.411,1.041,1.89,1.251,1.583,rt,
nyankunde,2026-05-31,1.353,1.007,1.826,1.204,1.523,rt,
nyankunde,2026-06-01,1.324,0.973,1.809,1.171,1.497,rt,
nyankunde,2026-06-02,1.294,0.965,1.728,1.15,1.452,rt,
nyankunde,2026-06-03,1.258,0.95,1.655,1.125,1.408,rt,
nyankunde,2026-06-04,1.226,0.936,1.613,1.093,1.364,rt,
nyankunde,2026-06-05,1.195,0.913,1.572,1.068,1.33,rt,
nyankunde,2026-06-06,1.163,0.888,1.552,1.043,1.293,rt,
nyankunde,2026-06-07,1.13,0.868,1.518,1.015,1.263,rt,
nyankunde,2026-06-08,1.104,0.826,1.497,0.986,1.234,rt,
nyankunde,2026-06-09,1.072,0.81,1.422,0.963,1.194,rt,
nyankunde,2026-06-10,1.042,0.798,1.352,0.94,1.154,rt,
nyankunde,2026-06-11,1.012,0.779,1.3,0.912,1.12,rt,
nyankunde,2026-06-12,0.979,0.755,1.242,0.884,1.086,rt,
nyankunde,2026-06-13,0.945,0.727,1.211,0.852,1.052,rt,
nyankunde,2026-06-14,0.916,0.696,1.179,0.82,1.02,rt,
nyankunde,2026-06-15,0.889,0.665,1.171,0.791,0.995,rt,
nyankunde,2026-06-16,0.866,0.652,1.112,0.775,0.96,rt,
nyankunde,2026-06-17,0.838,0.642,1.069,0.753,0.931,rt,
nyankunde,2026-06-18,0.813,0.628,1.035,0.732,0.902,rt,
nyankunde,2026-06-19,0.786,0.612,1.0,0.711,0.872,rt,
nyankunde,2026-06-20,0.759,0.591,0.974,0.685,0.845,rt,
nyankunde,2026-06-21,0.733,0.565,0.961,0.658,0.824,rt,
nyankunde,2026-06-22,0.716,0.541,0.948,0.636,0.809,rt,
nyankunde,2026-06-23,0.707,0.541,0.928,0.634,0.798,rt,
nyankunde,2026-06-24,0.702,0.537,0.905,0.631,0.785,rt,
nyankunde,2026-06-25,0.696,0.532,0.892,0.625,0.774,rt,
nyankunde,2026-06-26,0.689,0.524,0.88,0.618,0.769,rt,
nyankunde,2026-06-27,0.683,0.516,0.876,0.609,0.762,rt,
nyankunde,2026-06-28,0.675,0.504,0.873,0.602,0.755,rt,
nyankunde,2026-06-29,0.656,0.48,0.867,0.581,0.738,rt,
nyankunde,2026-06-30,0.645,0.475,0.841,0.574,0.721,rt,
nyankunde,2026-07-01,0.634,0.477,0.822,0.567,0.709,rt,
nyankunde,2026-07-02,0.624,0.473,0.807,0.559,0.695,rt,
nyankunde,2026-07-03,0.623,0.471,0.802,0.552,0.689,rt,
nyankunde,2026-07-04,0.615,0.464,0.793,0.547,0.684,rt,
nyankunde,2026-07-05,0.611,0.451,0.793,0.54,0.682,rt,
nyankunde,2026-07-06,0.612,0.445,0.808,0.539,0.687,rt,
nyankunde,2026-07-07,0.622,0.461,0.81,0.55,0.693,rt,
nyankunde,2026-07-08,0.633,0.474,0.816,0.563,0.703,rt,
nyankunde,2026-07-09,0.643,0.485,0.825,0.573,0.712,rt,
nyankunde,2026-07-10,0.653,0.496,0.832,0.585,0.724,rt,
nyankunde,2026-07-11,0.661,0.504,0.852,0.592,0.731,rt,
nyankunde,2026-07-12,0.671,0.503,0.872,0.599,0.747,rt,
nyankunde,2026-07-13,0.672,0.493,0.89,0.595,0.754,rt,
nyankunde,2026-07-14,0.672,0.503,0.877,0.602,0.747,rt,
nyankunde,2026-07-15,0.673,0.505,0.872,0.603,0.742,rt,
nyankunde,2026-07-16,0.672,0.506,0.874,0.603,0.742,rt,
nyankunde,2026-07-17,0.67,0.502,0.869,0.602,0.736,rt,
nyankunde,2026-07-18,0.667,0.5,0.867,0.596,0.737,rt,
nyankunde,2026-07-19,0.662,0.497,0.87,0.592,0.736,rt,
nyankunde,2026-07-20,0.663,0.489,0.882,0.587,0.741,rt,
nyankunde,2026-07-21,0.66,0.495,0.872,0.591,0.737,rt,
nyankunde,2026-07-22,0.658,0.496,0.862,0.592,0.735,rt,
nyankunde,2026-07-23,0.654,0.5,0.858,0.591,0.731,rt,
nyankunde,2026-07-24,0.659,0.502,0.858,0.593,0.73,rt,
nyankunde,2026-07-25,0.661,0.5,0.865,0.592,0.732,rt,
nyankunde,2026-07-26,0.661,0.494,0.881,0.592,0.735,rt,
nyankunde,2026-07-27,0.67,0.496,0.911,0.597,0.752,rt,
nyankunde,2026-07-28,0.681,0.509,0.907,0.609,0.761,rt,
nyankunde,2026-07-29,0.693,0.525,0.91,0.622,0.771,rt,
nyankunde,2026-07-30,0.704,0.537,0.919,0.632,0.78,rt,
nyankunde,2026-07-31,0.713,0.544,0.934,0.643,0.793,rt,
nyankunde,2026-08-01,0.722,0.55,0.95,0.652,0.811,rt,
nyankunde,2026-08-02,0.733,0.555,0.98,0.658,0.826,rt,
nyankunde,2026-08-03,0.732,0.547,0.997,0.653,0.83,rt,
nyankunde,2026-08-04,0.735,0.555,0.98,0.655,0.828,rt,
nyankunde,2026-08-05,0.735,0.557,0.971,0.655,0.822,rt,
nyankunde,2026-08-06,0.734,0.562,0.971,0.655,0.821,rt,
nyankunde,2026-08-07,0.728,0.56,0.962,0.65,0.816,rt,
nyankunde,2026-08-08,0.723,0.556,0.959,0.645,0.813,rt,
nyankunde,2026-08-09,0.72,0.541,0.961,0.636,0.81,rt,
nyankunde,2026-08-10,0.709,0.519,0.968,0.622,0.803,rt,
nyankunde,2026-08-11,0.7,0.517,0.945,0.621,0.788,rt,
nyankunde,2026-08-12,0.692,0.513,0.932,0.616,0.774,rt,
nyankunde,2026-08-13,0.681,0.511,0.918,0.61,0.765,rt,
nyankunde,2026-08-14,0.674,0.508,0.9,0.607,0.754,rt,
nyankunde,2026-08-15,0.668,0.502,0.89,0.601,0.748,rt,
nyankunde,2026-08-16,0.66,0.491,0.883,0.592,0.744,rt,
nyankunde,2026-08-17,0.663,0.487,0.898,0.593,0.752,rt,
nyankunde,2026-08-18,0.667,0.498,0.893,0.596,0.753,rt,
nyankunde,2026-08-19,0.671,0.502,0.895,0.599,0.758,rt,
nyankunde,2026-08-20,0.676,0.505,0.896,0.601,0.763,rt,
nyankunde,2026-08-21,0.681,0.51,0.901,0.605,0.77,rt,
nyankunde,2026-08-22,0.688,0.516,0.912,0.609,0.778,rt,
nyankunde,2026-08-23,0.697,0.51,0.934,0.612,0.784,rt,
nyankunde,2026-08-24,0.709,0.512,0.976,0.618,0.802,rt,
nyankunde,2026-08-25,0.728,0.527,0.982,0.633,0.819,rt,
nyankunde,2026-08-26,0.743,0.536,0.998,0.65,0.838,rt,
nyankunde,2026-08-27,0.758,0.547,1.027,0.663,0.854,rt,
nyankunde,2026-08-28,0.773,0.56,1.044,0.675,0.87,rt,
nyankunde,2026-08-29,0.788,0.561,1.06,0.687,0.889,rt,
nyankunde,2026-08-30,0.802,0.569,1.087,0.697,0.909,rt,
nyankunde,2026-08-31,0.807,0.566,1.117,0.699,0.922,rt,
nyankunde,2026-09-01,0.818,0.579,1.121,0.712,0.932,rt,
nyankunde,2026-09-02,0.823,0.582,1.133,0.723,0.941,rt,
nyankunde,2026-09-03,0.833,0.591,1.146,0.733,0.951,rt,
nyankunde,2026-09-04,0.836,0.593,1.172,0.736,0.956,rt,
nyankunde,2026-09-05,0.842,0.596,1.196,0.737,0.963,rt,
nyankunde,2026-09-06,0.848,0.594,1.218,0.738,0.972,rt,
nyankunde,2026-09-07,0.841,0.581,1.24,0.731,0.969,rt,
nyankunde,2026-09-08,0.833,0.579,1.227,0.728,0.96,rt,
nyankunde,2026-09-09,0.825,0.573,1.214,0.723,0.951,rt,
nyankunde,2026-09-10,0.813,0.57,1.209,0.713,0.944,rt,
nyankunde,2026-09-11,0.799,0.565,1.203,0.698,0.925,rt,
nyankunde,2026-09-12,0.783,0.549,1.189,0.679,0.911,rt,
nyankunde,2026-09-13,0.76,0.529,1.184,0.66,0.895,rt,
nyankunde,2026-09-14,0.731,0.501,1.153,0.624,0.865,rt,
nyankunde,2026-09-15,0.706,0.481,1.105,0.605,0.841,rt,
nyankunde,2026-09-16,0.68,0.458,1.063,0.579,0.816,rt,
nyankunde,2026-09-17,0.658,0.437,1.031,0.553,0.786,rt,
nyankunde,2026-09-18,0.635,0.416,0.997,0.531,0.76,rt,
nyankunde,2026-09-19,0.611,0.396,0.969,0.512,0.732,rt,
nyankunde,2026-09-20,0.59,0.373,0.953,0.49,0.712,rt,
nyankunde,2026-09-21,0.583,0.359,0.946,0.481,0.708,rt,
nyankunde,2026-09-22,0.585,0.357,0.95,0.482,0.708,rt,
nyankunde,2026-09-23,0.588,0.357,0.969,0.485,0.716,rt,
nyankunde,2026-09-24,0.595,0.35,0.989,0.485,0.719,rt,
nyankunde,2026-09-25,0.602,0.351,0.99,0.488,0.722,rt,
nyankunde,2026-09-26,0.603,0.353,0.995,0.489,0.73,rt,
nyankunde,2026-09-27,0.606,0.353,1.004,0.493,0.736,rt,
rimba,2026-07-10,1.14,1.02,1.257,1.091,1.188,rt,
rimba,2026-07-11,1.14,1.019,1.252,1.091,1.187,rt,
rimba,2026-07-12,1.139,1.018,1.254,1.091,1.187,rt,
rimba,2026-07-13,1.126,1.002,1.234,1.078,1.172,rt,
rimba,2026-07-14,1.114,0.991,1.22,1.065,1.158,rt,
rimba,2026-07-15,1.101,0.979,1.208,1.053,1.146,rt,
rimba,2026-07-16,1.088,0.964,1.198,1.042,1.134,rt,
rimba,2026-07-17,1.072,0.955,1.172,1.029,1.115,rt,
rimba,2026-07-18,1.057,0.943,1.152,1.015,1.097,rt,
rimba,2026-07-19,1.041,0.931,1.136,0.999,1.079,rt,
rimba,2026-07-20,1.031,0.92,1.131,0.989,1.069,rt,
rimba,2026-07-21,1.022,0.916,1.12,0.982,1.059,rt,
rimba,2026-07-22,1.012,0.907,1.113,0.972,1.051,rt,
rimba,2026-07-23,1.003,0.894,1.107,0.963,1.043,rt,
rimba,2026-07-24,1.0,0.901,1.097,0.962,1.038,rt,
rimba,2026-07-25,0.997,0.901,1.09,0.959,1.036,rt,
rimba,2026-07-26,0.993,0.898,1.086,0.954,1.033,rt,
rimba,2026-07-27,1.003,0.902,1.104,0.962,1.045,rt,
rimba,2026-07-28,1.013,0.911,1.115,0.971,1.057,rt,
rimba,2026-07-29,1.021,0.915,1.136,0.98,1.069,rt,
rimba,2026-07-30,1.031,0.916,1.153,0.987,1.081,rt,
rimba,2026-07-31,1.041,0.93,1.159,0.998,1.09,rt,
rimba,2026-08-01,1.05,0.944,1.162,1.008,1.098,rt,
rimba,2026-08-02,1.062,0.95,1.172,1.018,1.107,rt,
rimba,2026-08-03,1.057,0.946,1.169,1.012,1.102,rt,
rimba,2026-08-04,1.053,0.941,1.163,1.007,1.098,rt,
rimba,2026-08-05,1.048,0.934,1.159,1.002,1.094,rt,
rimba,2026-08-06,1.042,0.923,1.156,0.996,1.088,rt,
rimba,2026-08-07,1.031,0.92,1.134,0.988,1.071,rt,
rimba,2026-08-08,1.019,0.915,1.12,0.979,1.058,rt,
rimba,2026-08-09,1.006,0.905,1.111,0.967,1.047,rt,
rimba,2026-08-10,0.988,0.885,1.092,0.947,1.028,rt,
rimba,2026-08-11,0.971,0.868,1.075,0.93,1.011,rt,
rimba,2026-08-12,0.953,0.848,1.06,0.912,0.996,rt,
rimba,2026-08-13,0.936,0.832,1.048,0.893,0.982,rt,
rimba,2026-08-14,0.92,0.824,1.023,0.881,0.961,rt,
rimba,2026-08-15,0.905,0.815,1.002,0.868,0.944,rt,
rimba,2026-08-16,0.889,0.801,0.985,0.853,0.928,rt,
rimba,2026-08-17,0.887,0.798,0.985,0.852,0.926,rt,
rimba,2026-08-18,0.889,0.8,0.987,0.852,0.926,rt,
rimba,2026-08-19,0.889,0.798,0.993,0.849,0.928,rt,
rimba,2026-08-20,0.889,0.796,0.999,0.847,0.929,rt,
rimba,2026-08-21,0.893,0.804,0.997,0.855,0.93,rt,
rimba,2026-08-22,0.898,0.808,0.999,0.86,0.934,rt,
rimba,2026-08-23,0.901,0.811,1.001,0.863,0.938,rt,
rimba,2026-08-24,0.914,0.821,1.017,0.875,0.955,rt,
rimba,2026-08-25,0.928,0.833,1.04,0.887,0.971,rt,
rimba,2026-08-26,0.942,0.841,1.057,0.899,0.988,rt,
rimba,2026-08-27,0.955,0.847,1.081,0.91,1.004,rt,
rimba,2026-08-28,0.966,0.863,1.085,0.922,1.013,rt,
rimba,2026-08-29,0.978,0.877,1.092,0.933,1.022,rt,
rimba,2026-08-30,0.988,0.885,1.101,0.944,1.03,rt,
rimba,2026-08-31,0.992,0.887,1.109,0.946,1.036,rt,
rimba,2026-09-01,0.998,0.888,1.117,0.951,1.043,rt,
rimba,2026-09-02,1.004,0.891,1.125,0.954,1.05,rt,
rimba,2026-09-03,1.008,0.887,1.14,0.955,1.058,rt,
rimba,2026-09-04,1.01,0.888,1.14,0.956,1.059,rt,
rimba,2026-09-05,1.011,0.885,1.141,0.955,1.062,rt,
rimba,2026-09-06,1.01,0.883,1.143,0.957,1.064,rt,
rimba,2026-09-07,0.997,0.868,1.137,0.945,1.053,rt,
rimba,2026-09-08,0.986,0.853,1.134,0.933,1.044,rt,
rimba,2026-09-09,0.976,0.837,1.131,0.919,1.034,rt,
rimba,2026-09-10,0.962,0.817,1.123,0.904,1.022,rt,
rimba,2026-09-11,0.942,0.801,1.103,0.884,1.004,rt,
rimba,2026-09-12,0.922,0.778,1.085,0.858,0.983,rt,
rimba,2026-09-13,0.897,0.74,1.079,0.832,0.965,rt,
rimba,2026-09-14,0.858,0.693,1.057,0.793,0.938,rt,
rimba,2026-09-15,0.829,0.655,1.037,0.759,0.911,rt,
rimba,2026-09-16,0.801,0.618,1.024,0.726,0.889,rt,
rimba,2026-09-17,0.773,0.582,1.006,0.692,0.867,rt,
rimba,2026-09-18,0.75,0.558,0.981,0.666,0.841,rt,
rimba,2026-09-19,0.722,0.532,0.955,0.641,0.815,rt,
rimba,2026-09-20,0.696,0.505,0.933,0.616,0.792,rt,
rimba,2026-09-21,0.692,0.493,0.942,0.607,0.795,rt,
rimba,2026-09-22,0.695,0.487,0.958,0.602,0.802,rt,
rimba,2026-09-23,0.698,0.48,0.981,0.601,0.809,rt,
rimba,2026-09-24,0.701,0.469,1.005,0.597,0.815,rt,
rimba,2026-09-25,0.708,0.473,1.002,0.605,0.821,rt,
rimba,2026-09-26,0.715,0.477,0.996,0.612,0.828,rt,
rimba,2026-09-27,0.724,0.482,0.998,0.619,0.833,rt,
rwampara,2026-04-20,2.036,1.492,3.472,1.758,2.439,rt,
rwampara,2026-04-21,2.077,1.53,3.453,1.802,2.485,rt,
rwampara,2026-04-22,2.113,1.564,3.479,1.839,2.518,rt,
rwampara,2026-04-23,2.145,1.594,3.439,1.872,2.541,rt,
rwampara,2026-04-24,2.186,1.631,3.473,1.912,2.584,rt,
rwampara,2026-04-25,2.224,1.643,3.509,1.945,2.637,rt,
rwampara,2026-04-26,2.261,1.646,3.519,1.966,2.662,rt,
rwampara,2026-04-27,2.308,1.652,3.547,1.981,2.705,rt,
rwampara,2026-04-28,2.339,1.673,3.55,2.024,2.728,rt,
rwampara,2026-04-29,2.373,1.681,3.588,2.05,2.755,rt,
rwampara,2026-04-30,2.402,1.686,3.633,2.072,2.8,rt,
rwampara,2026-05-01,2.439,1.729,3.658,2.109,2.842,rt,
rwampara,2026-05-02,2.471,1.744,3.714,2.149,2.896,rt,
rwampara,2026-05-03,2.524,1.764,3.782,2.18,2.958,rt,
rwampara,2026-05-04,2.591,1.794,3.924,2.225,3.048,rt,
rwampara,2026-05-05,2.674,1.874,4.009,2.292,3.144,rt,
rwampara,2026-05-06,2.745,1.94,4.124,2.376,3.237,rt,
rwampara,2026-05-07,2.846,1.986,4.237,2.441,3.334,rt,
rwampara,2026-05-08,2.908,2.056,4.228,2.51,3.369,rt,
rwampara,2026-05-09,2.963,2.131,4.228,2.566,3.433,rt,
rwampara,2026-05-10,3.02,2.172,4.313,2.62,3.473,rt,
rwampara,2026-05-11,2.854,2.06,4.037,2.484,3.293,rt,
rwampara,2026-05-12,2.724,2.017,3.782,2.385,3.115,rt,
rwampara,2026-05-13,2.607,1.949,3.602,2.29,2.945,rt,
rwampara,2026-05-14,2.496,1.885,3.399,2.205,2.809,rt,
rwampara,2026-05-15,2.384,1.802,3.172,2.115,2.66,rt,
rwampara,2026-05-16,2.274,1.734,2.998,2.018,2.528,rt,
rwampara,2026-05-17,2.177,1.654,2.862,1.938,2.411,rt,
rwampara,2026-05-18,2.1,1.588,2.778,1.871,2.333,rt,
rwampara,2026-05-19,2.042,1.579,2.671,1.834,2.258,rt,
rwampara,2026-05-20,1.982,1.568,2.556,1.789,2.193,rt,
rwampara,2026-05-21,1.928,1.528,2.462,1.751,2.133,rt,
rwampara,2026-05-22,1.876,1.513,2.405,1.72,2.079,rt,
rwampara,2026-05-23,1.842,1.49,2.333,1.692,2.029,rt,
rwampara,2026-05-24,1.806,1.459,2.289,1.654,1.989,rt,
rwampara,2026-05-25,1.766,1.409,2.26,1.614,1.948,rt,
rwampara,2026-05-26,1.719,1.381,2.175,1.583,1.89,rt,
rwampara,2026-05-27,1.679,1.354,2.086,1.553,1.836,rt,
rwampara,2026-05-28,1.638,1.327,2.005,1.515,1.779,rt,
rwampara,2026-05-29,1.583,1.29,1.933,1.469,1.722,rt,
rwampara,2026-05-30,1.535,1.254,1.86,1.422,1.668,rt,
rwampara,2026-05-31,1.486,1.214,1.801,1.372,1.619,rt,
rwampara,2026-06-01,1.459,1.183,1.776,1.341,1.598,rt,
rwampara,2026-06-02,1.45,1.191,1.736,1.339,1.57,rt,
rwampara,2026-06-03,1.435,1.199,1.704,1.33,1.544,rt,
rwampara,2026-06-04,1.42,1.197,1.683,1.321,1.523,rt,
rwampara,2026-06-05,1.408,1.196,1.659,1.311,1.505,rt,
rwampara,2026-06-06,1.395,1.182,1.644,1.304,1.494,rt,
rwampara,2026-06-07,1.381,1.168,1.633,1.291,1.476,rt,
rwampara,2026-06-08,1.369,1.15,1.632,1.278,1.471,rt,
rwampara,2026-06-09,1.361,1.165,1.602,1.279,1.454,rt,
rwampara,2026-06-10,1.356,1.166,1.585,1.273,1.441,rt,
rwampara,2026-06-11,1.346,1.162,1.567,1.265,1.428,rt,
rwampara,2026-06-12,1.335,1.16,1.542,1.256,1.415,rt,
rwampara,2026-06-13,1.322,1.148,1.528,1.245,1.404,rt,
rwampara,2026-06-14,1.308,1.13,1.514,1.23,1.393,rt,
rwampara,2026-06-15,1.302,1.115,1.521,1.215,1.394,rt,
rwampara,2026-06-16,1.282,1.117,1.483,1.205,1.371,rt,
rwampara,2026-06-17,1.267,1.104,1.461,1.193,1.347,rt,
rwampara,2026-06-18,1.25,1.091,1.45,1.178,1.321,rt,
rwampara,2026-06-19,1.23,1.076,1.411,1.161,1.298,rt,
rwampara,2026-06-20,1.21,1.052,1.387,1.138,1.276,rt,
rwampara,2026-06-21,1.188,1.021,1.368,1.118,1.255,rt,
rwampara,2026-06-22,1.176,1.002,1.372,1.102,1.251,rt,
rwampara,2026-06-23,1.165,1.006,1.346,1.098,1.238,rt,
rwampara,2026-06-24,1.156,1.004,1.331,1.093,1.228,rt,
rwampara,2026-06-25,1.147,0.999,1.322,1.084,1.219,rt,
rwampara,2026-06-26,1.14,0.989,1.312,1.077,1.207,rt,
rwampara,2026-06-27,1.129,0.981,1.309,1.066,1.195,rt,
rwampara,2026-06-28,1.119,0.958,1.307,1.055,1.193,rt,
rwampara,2026-06-29,1.088,0.92,1.285,1.023,1.166,rt,
rwampara,2026-06-30,1.071,0.918,1.253,1.01,1.145,rt,
rwampara,2026-07-01,1.06,0.912,1.231,0.997,1.125,rt,
rwampara,2026-07-02,1.048,0.904,1.215,0.982,1.109,rt,
rwampara,2026-07-03,1.041,0.898,1.198,0.977,1.097,rt,
rwampara,2026-07-04,1.033,0.892,1.187,0.971,1.091,rt,
rwampara,2026-07-05,1.024,0.878,1.188,0.961,1.088,rt,
rwampara,2026-07-06,1.029,0.867,1.209,0.962,1.098,rt,
rwampara,2026-07-07,1.038,0.887,1.204,0.971,1.102,rt,
rwampara,2026-07-08,1.045,0.902,1.205,0.983,1.109,rt,
rwampara,2026-07-09,1.051,0.913,1.213,0.99,1.119,rt,
rwampara,2026-07-10,1.055,0.921,1.217,0.997,1.125,rt,
rwampara,2026-07-11,1.061,0.92,1.228,1.001,1.133,rt,
rwampara,2026-07-12,1.069,0.916,1.25,1.002,1.144,rt,
rwampara,2026-07-13,1.058,0.896,1.259,0.988,1.138,rt,
rwampara,2026-07-14,1.043,0.89,1.227,0.976,1.113,rt,
rwampara,2026-07-15,1.024,0.879,1.195,0.962,1.092,rt,
rwampara,2026-07-16,1.004,0.868,1.17,0.947,1.071,rt,
rwampara,2026-07-17,0.982,0.852,1.136,0.928,1.045,rt,
rwampara,2026-07-18,0.961,0.831,1.114,0.908,1.021,rt,
rwampara,2026-07-19,0.938,0.808,1.092,0.887,1.0,rt,
rwampara,2026-07-20,0.924,0.79,1.085,0.868,0.991,rt,
rwampara,2026-07-21,0.905,0.78,1.054,0.851,0.963,rt,
rwampara,2026-07-22,0.882,0.769,1.026,0.835,0.94,rt,
rwampara,2026-07-23,0.863,0.751,1.001,0.817,0.919,rt,
rwampara,2026-07-24,0.846,0.735,0.976,0.803,0.9,rt,
rwampara,2026-07-25,0.834,0.72,0.958,0.787,0.885,rt,
rwampara,2026-07-26,0.82,0.703,0.954,0.77,0.871,rt,
rwampara,2026-07-27,0.816,0.69,0.965,0.762,0.87,rt,
rwampara,2026-07-28,0.816,0.698,0.955,0.765,0.868,rt,
rwampara,2026-07-29,0.817,0.696,0.95,0.765,0.865,rt,
rwampara,2026-07-30,0.816,0.696,0.95,0.764,0.865,rt,
rwampara,2026-07-31,0.815,0.698,0.946,0.766,0.864,rt,
rwampara,2026-08-01,0.814,0.693,0.95,0.763,0.865,rt,
rwampara,2026-08-02,0.812,0.682,0.961,0.758,0.868,rt,
rwampara,2026-08-03,0.799,0.659,0.959,0.74,0.859,rt,
rwampara,2026-08-04,0.791,0.662,0.942,0.735,0.85,rt,
rwampara,2026-08-05,0.786,0.662,0.927,0.731,0.843,rt,
rwampara,2026-08-06,0.779,0.658,0.916,0.727,0.835,rt,
rwampara,2026-08-07,0.768,0.647,0.899,0.719,0.821,rt,
rwampara,2026-08-08,0.757,0.634,0.889,0.706,0.809,rt,
rwampara,2026-08-09,0.747,0.617,0.88,0.693,0.801,rt,
rwampara,2026-08-10,0.728,0.592,0.874,0.674,0.789,rt,
rwampara,2026-08-11,0.716,0.594,0.851,0.666,0.771,rt,
rwampara,2026-08-12,0.705,0.591,0.835,0.657,0.759,rt,
rwampara,2026-08-13,0.693,0.583,0.824,0.646,0.748,rt,
rwampara,2026-08-14,0.683,0.581,0.81,0.637,0.735,rt,
rwampara,2026-08-15,0.671,0.569,0.804,0.628,0.724,rt,
rwampara,2026-08-16,0.662,0.557,0.8,0.616,0.716,rt,
rwampara,2026-08-17,0.663,0.552,0.806,0.611,0.72,rt,
rwampara,2026-08-18,0.665,0.559,0.805,0.617,0.72,rt,
rwampara,2026-08-19,0.669,0.565,0.805,0.622,0.724,rt,
rwampara,2026-08-20,0.674,0.569,0.809,0.625,0.729,rt,
rwampara,2026-08-21,0.682,0.577,0.814,0.631,0.733,rt,
rwampara,2026-08-22,0.687,0.578,0.827,0.637,0.741,rt,
rwampara,2026-08-23,0.693,0.578,0.836,0.639,0.751,rt,
rwampara,2026-08-24,0.708,0.578,0.862,0.649,0.769,rt,
rwampara,2026-08-25,0.726,0.595,0.878,0.669,0.784,rt,
rwampara,2026-08-26,0.745,0.61,0.901,0.686,0.803,rt,
rwampara,2026-08-27,0.763,0.622,0.928,0.702,0.824,rt,
rwampara,2026-08-28,0.778,0.635,0.941,0.719,0.84,rt,
rwampara,2026-08-29,0.793,0.648,0.966,0.733,0.861,rt,
rwampara,2026-08-30,0.807,0.655,0.994,0.743,0.879,rt,
rwampara,2026-08-31,0.817,0.652,1.024,0.746,0.895,rt,
rwampara,2026-09-01,0.825,0.668,1.027,0.758,0.903,rt,
rwampara,2026-09-02,0.835,0.679,1.033,0.769,0.915,rt,
rwampara,2026-09-03,0.845,0.685,1.041,0.779,0.922,rt,
rwampara,2026-09-04,0.852,0.683,1.046,0.786,0.927,rt,
rwampara,2026-09-05,0.858,0.685,1.062,0.788,0.933,rt,
rwampara,2026-09-06,0.862,0.677,1.083,0.784,0.946,rt,
rwampara,2026-09-07,0.855,0.663,1.098,0.771,0.945,rt,
rwampara,2026-09-08,0.843,0.65,1.074,0.759,0.924,rt,
rwampara,2026-09-09,0.826,0.636,1.058,0.744,0.908,rt,
rwampara,2026-09-10,0.805,0.618,1.039,0.725,0.888,rt,
rwampara,2026-09-11,0.78,0.596,1.01,0.701,0.867,rt,
rwampara,2026-09-12,0.756,0.567,0.993,0.668,0.847,rt,
rwampara,2026-09-13,0.726,0.533,0.982,0.635,0.827,rt,
rwampara,2026-09-14,0.688,0.489,0.955,0.593,0.793,rt,
rwampara,2026-09-15,0.656,0.459,0.92,0.564,0.762,rt,
rwampara,2026-09-16,0.625,0.424,0.892,0.533,0.729,rt,
rwampara,2026-09-17,0.595,0.387,0.871,0.502,0.701,rt,
rwampara,2026-09-18,0.567,0.364,0.843,0.474,0.673,rt,
rwampara,2026-09-19,0.543,0.333,0.825,0.448,0.643,rt,
rwampara,2026-09-20,0.513,0.305,0.806,0.42,0.619,rt,
rwampara,2026-09-21,0.499,0.284,0.81,0.403,0.61,rt,
rwampara,2026-09-22,0.496,0.28,0.819,0.397,0.613,rt,
rwampara,2026-09-23,0.491,0.272,0.82,0.392,0.62,rt,
rwampara,2026-09-24,0.487,0.266,0.826,0.384,0.628,rt,
rwampara,2026-09-25,0.486,0.257,0.835,0.38,0.626,rt,
rwampara,2026-09-26,0.486,0.248,0.846,0.375,0.626,rt,
rwampara,2026-09-27,0.488,0.24,0.864,0.371,0.634,rt,
tchomia,2026-06-08,1.969,1.419,2.703,1.714,2.251,rt,
tchomia,2026-06-09,1.957,1.429,2.635,1.712,2.213,rt,
tchomia,2026-06-10,1.934,1.434,2.573,1.708,2.175,rt,
tchomia,2026-06-11,1.915,1.422,2.537,1.702,2.138,rt,
tchomia,2026-06-12,1.883,1.415,2.488,1.679,2.111,rt,
tchomia,2026-06-13,1.855,1.408,2.457,1.667,2.084,rt,
tchomia,2026-06-14,1.828,1.375,2.439,1.631,2.057,rt,
tchomia,2026-06-15,1.814,1.357,2.428,1.613,2.045,rt,
tchomia,2026-06-16,1.773,1.341,2.356,1.588,1.995,rt,
tchomia,2026-06-17,1.733,1.324,2.286,1.557,1.941,rt,
tchomia,2026-06-18,1.692,1.301,2.228,1.52,1.892,rt,
tchomia,2026-06-19,1.647,1.263,2.169,1.481,1.843,rt,
tchomia,2026-06-20,1.605,1.229,2.124,1.439,1.802,rt,
tchomia,2026-06-21,1.56,1.188,2.093,1.396,1.761,rt,
tchomia,2026-06-22,1.531,1.157,2.096,1.365,1.738,rt,
tchomia,2026-06-23,1.509,1.157,2.011,1.357,1.697,rt,
tchomia,2026-06-24,1.491,1.156,1.946,1.342,1.663,rt,
tchomia,2026-06-25,1.468,1.143,1.889,1.325,1.627,rt,
tchomia,2026-06-26,1.449,1.132,1.86,1.313,1.596,rt,
tchomia,2026-06-27,1.425,1.108,1.83,1.292,1.573,rt,
tchomia,2026-06-28,1.403,1.084,1.829,1.264,1.553,rt,
tchomia,2026-06-29,1.353,1.028,1.786,1.211,1.505,rt,
tchomia,2026-06-30,1.316,1.013,1.698,1.183,1.453,rt,
tchomia,2026-07-01,1.28,0.996,1.627,1.158,1.413,rt,
tchomia,2026-07-02,1.245,0.972,1.574,1.127,1.369,rt,
tchomia,2026-07-03,1.215,0.956,1.543,1.101,1.339,rt,
tchomia,2026-07-04,1.19,0.934,1.52,1.076,1.315,rt,
tchomia,2026-07-05,1.167,0.907,1.499,1.054,1.289,rt,
tchomia,2026-07-06,1.153,0.882,1.511,1.04,1.282,rt,
tchomia,2026-07-07,1.141,0.883,1.475,1.039,1.268,rt,
tchomia,2026-07-08,1.132,0.889,1.454,1.031,1.26,rt,
tchomia,2026-07-09,1.123,0.886,1.438,1.024,1.246,rt,
tchomia,2026-07-10,1.11,0.877,1.415,1.014,1.232,rt,
tchomia,2026-07-11,1.1,0.865,1.407,1.001,1.22,rt,
tchomia,2026-07-12,1.09,0.841,1.404,0.987,1.209,rt,
tchomia,2026-07-13,1.065,0.807,1.39,0.958,1.187,rt,
tchomia,2026-07-14,1.044,0.796,1.344,0.944,1.161,rt,
tchomia,2026-07-15,1.028,0.795,1.31,0.931,1.139,rt,
tchomia,2026-07-16,1.009,0.786,1.287,0.913,1.117,rt,
tchomia,2026-07-17,0.989,0.767,1.263,0.897,1.089,rt,
tchomia,2026-07-18,0.971,0.752,1.236,0.874,1.066,rt,
tchomia,2026-07-19,0.949,0.727,1.221,0.852,1.053,rt,
tchomia,2026-07-20,0.932,0.708,1.218,0.833,1.038,rt,
tchomia,2026-07-21,0.922,0.713,1.18,0.829,1.024,rt,
tchomia,2026-07-22,0.912,0.71,1.159,0.826,1.01,rt,
tchomia,2026-07-23,0.904,0.704,1.136,0.818,0.997,rt,
tchomia,2026-07-24,0.897,0.703,1.129,0.817,0.989,rt,
tchomia,2026-07-25,0.892,0.7,1.124,0.813,0.984,rt,
tchomia,2026-07-26,0.886,0.686,1.13,0.802,0.979,rt,
tchomia,2026-07-27,0.893,0.675,1.155,0.801,0.99,rt,
tchomia,2026-07-28,0.902,0.696,1.145,0.811,0.995,rt,
tchomia,2026-07-29,0.91,0.705,1.147,0.822,1.002,rt,
tchomia,2026-07-30,0.916,0.715,1.154,0.829,1.013,rt,
tchomia,2026-07-31,0.927,0.72,1.168,0.835,1.021,rt,
tchomia,2026-08-01,0.932,0.723,1.183,0.842,1.034,rt,
tchomia,2026-08-02,0.94,0.72,1.201,0.844,1.047,rt,
tchomia,2026-08-03,0.931,0.699,1.215,0.835,1.046,rt,
tchomia,2026-08-04,0.934,0.708,1.197,0.838,1.041,rt,
tchomia,2026-08-05,0.937,0.716,1.191,0.834,1.036,rt,
tchomia,2026-08-06,0.934,0.72,1.186,0.833,1.029,rt,
tchomia,2026-08-07,0.929,0.718,1.173,0.829,1.021,rt,
tchomia,2026-08-08,0.914,0.712,1.175,0.823,1.013,rt,
tchomia,2026-08-09,0.903,0.696,1.178,0.815,1.005,rt,
tchomia,2026-08-10,0.89,0.672,1.172,0.797,0.991,rt,
tchomia,2026-08-11,0.877,0.671,1.132,0.79,0.972,rt,
tchomia,2026-08-12,0.863,0.667,1.112,0.782,0.957,rt,
tchomia,2026-08-13,0.851,0.661,1.089,0.775,0.946,rt,
tchomia,2026-08-14,0.843,0.656,1.071,0.764,0.931,rt,
tchomia,2026-08-15,0.831,0.646,1.056,0.753,0.918,rt,
tchomia,2026-08-16,0.82,0.627,1.047,0.74,0.908,rt,
tchomia,2026-08-17,0.821,0.619,1.069,0.734,0.919,rt,
tchomia,2026-08-18,0.824,0.628,1.063,0.74,0.919,rt,
tchomia,2026-08-19,0.826,0.635,1.062,0.745,0.916,rt,
tchomia,2026-08-20,0.83,0.638,1.07,0.746,0.92,rt,
tchomia,2026-08-21,0.838,0.644,1.079,0.754,0.926,rt,
tchomia,2026-08-22,0.844,0.646,1.097,0.757,0.936,rt,
tchomia,2026-08-23,0.847,0.64,1.121,0.763,0.945,rt,
tchomia,2026-08-24,0.862,0.642,1.155,0.77,0.972,rt,
tchomia,2026-08-25,0.877,0.654,1.166,0.787,0.983,rt,
tchomia,2026-08-26,0.891,0.663,1.176,0.801,1.002,rt,
tchomia,2026-08-27,0.905,0.667,1.192,0.811,1.011,rt,
tchomia,2026-08-28,0.913,0.68,1.202,0.82,1.03,rt,
tchomia,2026-08-29,0.921,0.684,1.228,0.825,1.043,rt,
tchomia,2026-08-30,0.932,0.682,1.263,0.829,1.05,rt,
tchomia,2026-08-31,0.935,0.674,1.284,0.827,1.061,rt,
tchomia,2026-09-01,0.931,0.674,1.27,0.825,1.056,rt,
tchomia,2026-09-02,0.932,0.681,1.277,0.827,1.058,rt,
tchomia,2026-09-03,0.93,0.676,1.27,0.823,1.054,rt,
tchomia,2026-09-04,0.924,0.671,1.25,0.82,1.049,rt,
tchomia,2026-09-05,0.916,0.66,1.244,0.81,1.046,rt,
tchomia,2026-09-06,0.904,0.648,1.257,0.799,1.041,rt,
tchomia,2026-09-07,0.884,0.628,1.254,0.779,1.025,rt,
tchomia,2026-09-08,0.866,0.619,1.223,0.76,0.999,rt,
tchomia,2026-09-09,0.843,0.606,1.195,0.736,0.972,rt,
tchomia,2026-09-10,0.82,0.589,1.16,0.712,0.941,rt,
tchomia,2026-09-11,0.792,0.563,1.127,0.684,0.91,rt,
tchomia,2026-09-12,0.759,0.53,1.088,0.652,0.881,rt,
tchomia,2026-09-13,0.726,0.496,1.062,0.618,0.853,rt,
tchomia,2026-09-14,0.682,0.451,1.032,0.576,0.816,rt,
tchomia,2026-09-15,0.654,0.426,0.99,0.549,0.788,rt,
tchomia,2026-09-16,0.623,0.398,0.953,0.52,0.76,rt,
tchomia,2026-09-17,0.594,0.365,0.928,0.49,0.727,rt,
tchomia,2026-09-18,0.567,0.339,0.901,0.464,0.696,rt,
tchomia,2026-09-19,0.54,0.318,0.879,0.438,0.668,rt,
tchomia,2026-09-20,0.516,0.292,0.862,0.415,0.644,rt,
tchomia,2026-09-21,0.504,0.278,0.876,0.404,0.635,rt,
tchomia,2026-09-22,0.501,0.274,0.881,0.401,0.631,rt,
tchomia,2026-09-23,0.5,0.271,0.877,0.398,0.636,rt,
tchomia,2026-09-24,0.497,0.262,0.886,0.391,0.639,rt,
tchomia,2026-09-25,0.498,0.261,0.893,0.388,0.639,rt,
tchomia,2026-09-26,0.5,0.256,0.912,0.388,0.643,rt,
tchomia,2026-09-27,0.505,0.249,0.936,0.382,0.652,rt,
beni,2026-05-23,2.388,1.75,3.326,2.125,2.723,rt,
beni,2026-05-24,2.317,1.666,3.264,2.06,2.657,rt,
beni,2026-05-25,2.254,1.568,3.218,1.987,2.598,rt,
beni,2026-05-26,2.214,1.568,3.045,1.944,2.515,rt,
beni,2026-05-27,2.163,1.544,2.935,1.905,2.431,rt,
beni,2026-05-28,2.095,1.52,2.844,1.868,2.374,rt,
beni,2026-05-29,2.035,1.484,2.745,1.822,2.309,rt,
beni,2026-05-30,1.979,1.443,2.666,1.766,2.258,rt,
beni,2026-05-31,1.935,1.383,2.617,1.701,2.204,rt,
beni,2026-06-01,1.895,1.329,2.59,1.642,2.159,rt,
beni,2026-06-02,1.853,1.322,2.511,1.617,2.088,rt,
beni,2026-06-03,1.824,1.31,2.426,1.588,2.036,rt,
beni,2026-06-04,1.782,1.291,2.362,1.566,1.998,rt,
beni,2026-06-05,1.739,1.275,2.304,1.538,1.954,rt,
beni,2026-06-06,1.707,1.248,2.272,1.505,1.925,rt,
beni,2026-06-07,1.673,1.205,2.277,1.475,1.9,rt,
beni,2026-06-08,1.647,1.168,2.29,1.432,1.884,rt,
beni,2026-06-09,1.63,1.177,2.214,1.426,1.844,rt,
beni,2026-06-10,1.608,1.169,2.143,1.41,1.809,rt,
beni,2026-06-11,1.585,1.161,2.11,1.396,1.783,rt,
beni,2026-06-12,1.552,1.141,2.059,1.379,1.744,rt,
beni,2026-06-13,1.528,1.12,2.036,1.35,1.72,rt,
beni,2026-06-14,1.504,1.087,2.053,1.32,1.703,rt,
beni,2026-06-15,1.479,1.055,2.063,1.285,1.696,rt,
beni,2026-06-16,1.454,1.058,1.982,1.282,1.647,rt,
beni,2026-06-17,1.433,1.052,1.928,1.266,1.608,rt,
beni,2026-06-18,1.418,1.057,1.874,1.253,1.579,rt,
beni,2026-06-19,1.402,1.04,1.83,1.243,1.557,rt,
beni,2026-06-20,1.383,1.027,1.819,1.23,1.545,rt,
beni,2026-06-21,1.368,0.999,1.835,1.209,1.532,rt,
beni,2026-06-22,1.361,0.974,1.855,1.196,1.531,rt,
beni,2026-06-23,1.362,1.0,1.799,1.204,1.52,rt,
beni,2026-06-24,1.357,1.013,1.761,1.21,1.514,rt,
beni,2026-06-25,1.354,1.015,1.739,1.211,1.513,rt,
beni,2026-06-26,1.35,1.004,1.722,1.206,1.501,rt,
beni,2026-06-27,1.339,0.988,1.73,1.191,1.496,rt,
beni,2026-06-28,1.331,0.96,1.763,1.174,1.499,rt,
beni,2026-06-29,1.307,0.912,1.785,1.135,1.492,rt,
beni,2026-06-30,1.305,0.935,1.735,1.146,1.472,rt,
beni,2026-07-01,1.306,0.97,1.689,1.157,1.463,rt,
beni,2026-07-02,1.307,0.98,1.675,1.162,1.454,rt,
beni,2026-07-03,1.308,0.992,1.676,1.171,1.457,rt,
beni,2026-07-04,1.316,0.989,1.688,1.178,1.466,rt,
beni,2026-07-05,1.325,0.966,1.726,1.178,1.483,rt,
beni,2026-07-06,1.337,0.936,1.786,1.17,1.505,rt,
beni,2026-07-07,1.345,0.968,1.759,1.184,1.506,rt,
beni,2026-07-08,1.363,1.002,1.753,1.204,1.515,rt,
beni,2026-07-09,1.369,1.016,1.772,1.213,1.531,rt,
beni,2026-07-10,1.369,1.038,1.767,1.224,1.535,rt,
beni,2026-07-11,1.372,1.041,1.803,1.221,1.55,rt,
beni,2026-07-12,1.381,1.021,1.831,1.226,1.557,rt,
beni,2026-07-13,1.39,1.014,1.888,1.229,1.582,rt,
beni,2026-07-14,1.398,1.047,1.853,1.246,1.569,rt,
beni,2026-07-15,1.405,1.072,1.819,1.262,1.56,rt,
beni,2026-07-16,1.403,1.101,1.801,1.276,1.561,rt,
beni,2026-07-17,1.41,1.113,1.806,1.286,1.563,rt,
beni,2026-07-18,1.42,1.12,1.817,1.289,1.576,rt,
beni,2026-07-19,1.428,1.11,1.863,1.288,1.596,rt,
beni,2026-07-20,1.438,1.101,1.93,1.287,1.623,rt,
beni,2026-07-21,1.438,1.124,1.892,1.295,1.609,rt,
beni,2026-07-22,1.436,1.132,1.841,1.296,1.593,rt,
beni,2026-07-23,1.431,1.127,1.809,1.295,1.579,rt,
beni,2026-07-24,1.434,1.137,1.804,1.302,1.574,rt,
beni,2026-07-25,1.437,1.135,1.796,1.304,1.578,rt,
beni,2026-07-26,1.438,1.119,1.827,1.299,1.583,rt,
beni,2026-07-27,1.447,1.1,1.873,1.296,1.614,rt,
beni,2026-07-28,1.46,1.135,1.846,1.317,1.614,rt,
beni,2026-07-29,1.47,1.164,1.835,1.342,1.619,rt,
beni,2026-07-30,1.478,1.186,1.835,1.356,1.624,rt,
beni,2026-07-31,1.489,1.207,1.827,1.372,1.623,rt,
beni,2026-08-01,1.496,1.211,1.846,1.376,1.631,rt,
beni,2026-08-02,1.503,1.191,1.873,1.374,1.648,rt,
beni,2026-08-03,1.507,1.157,1.932,1.365,1.674,rt,
beni,2026-08-04,1.519,1.193,1.884,1.391,1.668,rt,
beni,2026-08-05,1.531,1.224,1.861,1.405,1.662,rt,
beni,2026-08-06,1.544,1.245,1.864,1.418,1.669,rt,
beni,2026-08-07,1.544,1.262,1.858,1.425,1.671,rt,
beni,2026-08-08,1.549,1.27,1.871,1.423,1.682,rt,
beni,2026-08-09,1.553,1.242,1.904,1.42,1.695,rt,
beni,2026-08-10,1.542,1.208,1.933,1.397,1.697,rt,
beni,2026-08-11,1.531,1.222,1.876,1.405,1.665,rt,
beni,2026-08-12,1.519,1.233,1.839,1.405,1.646,rt,
beni,2026-08-13,1.509,1.232,1.811,1.395,1.627,rt,
beni,2026-08-14,1.5,1.236,1.793,1.387,1.613,rt,
beni,2026-08-15,1.493,1.229,1.802,1.381,1.606,rt,
beni,2026-08-16,1.482,1.205,1.796,1.372,1.6,rt,
beni,2026-08-17,1.483,1.18,1.832,1.361,1.617,rt,
beni,2026-08-18,1.49,1.217,1.801,1.377,1.609,rt,
beni,2026-08-19,1.5,1.243,1.778,1.387,1.609,rt,
beni,2026-08-20,1.503,1.247,1.779,1.4,1.612,rt,
beni,2026-08-21,1.516,1.271,1.797,1.414,1.619,rt,
beni,2026-08-22,1.529,1.275,1.818,1.426,1.637,rt,
beni,2026-08-23,1.54,1.258,1.846,1.432,1.657,rt,
beni,2026-08-24,1.55,1.241,1.881,1.434,1.678,rt,
beni,2026-08-25,1.58,1.296,1.887,1.471,1.697,rt,
beni,2026-08-26,1.604,1.351,1.891,1.503,1.72,rt,
beni,2026-08-27,1.632,1.384,1.914,1.524,1.742,rt,
beni,2026-08-28,1.65,1.406,1.924,1.541,1.757,rt,
beni,2026-08-29,1.662,1.415,1.957,1.558,1.773,rt,
beni,2026-08-30,1.673,1.396,1.986,1.561,1.797,rt,
beni,2026-08-31,1.649,1.356,1.981,1.527,1.783,rt,
beni,2026-09-01,1.639,1.37,1.947,1.529,1.758,rt,
beni,2026-09-02,1.626,1.377,1.916,1.526,1.735,rt,
beni,2026-09-03,1.611,1.374,1.902,1.512,1.719,rt,
beni,2026-09-04,1.59,1.356,1.884,1.492,1.695,rt,
beni,2026-09-05,1.564,1.329,1.872,1.466,1.673,rt,
beni,2026-09-06,1.535,1.295,1.859,1.437,1.651,rt,
beni,2026-09-07,1.524,1.272,1.861,1.423,1.65,rt,
beni,2026-09-08,1.505,1.251,1.822,1.398,1.623,rt,
beni,2026-09-09,1.482,1.235,1.789,1.373,1.603,rt,
beni,2026-09-10,1.454,1.202,1.771,1.343,1.579,rt,
beni,2026-09-11,1.42,1.173,1.736,1.308,1.545,rt,
beni,2026-09-12,1.387,1.135,1.707,1.27,1.513,rt,
beni,2026-09-13,1.351,1.094,1.69,1.239,1.483,rt,
beni,2026-09-14,1.308,1.046,1.66,1.197,1.451,rt,
beni,2026-09-15,1.266,1.005,1.617,1.153,1.396,rt,
beni,2026-09-16,1.225,0.957,1.563,1.107,1.351,rt,
beni,2026-09-17,1.186,0.91,1.514,1.067,1.314,rt,
beni,2026-09-18,1.152,0.88,1.47,1.033,1.279,rt,
beni,2026-09-19,1.12,0.85,1.437,1.001,1.25,rt,
beni,2026-09-20,1.092,0.814,1.419,0.969,1.218,rt,
beni,2026-09-21,1.077,0.798,1.422,0.952,1.21,rt,
beni,2026-09-22,1.067,0.78,1.422,0.94,1.199,rt,
beni,2026-09-23,1.057,0.765,1.417,0.929,1.197,rt,
beni,2026-09-24,1.05,0.747,1.424,0.914,1.191,rt,
beni,2026-09-25,1.047,0.748,1.394,0.915,1.177,rt,
beni,2026-09-26,1.043,0.749,1.375,0.912,1.17,rt,
beni,2026-09-27,1.036,0.742,1.352,0.909,1.16,rt,
biena,2026-08-02,1.401,1.246,1.571,1.335,1.463,rt,
biena,2026-08-03,1.407,1.248,1.587,1.339,1.472,rt,
biena,2026-08-04,1.417,1.261,1.598,1.351,1.484,rt,
biena,2026-08-05,1.422,1.268,1.611,1.355,1.499,rt,
biena,2026-08-06,1.434,1.268,1.631,1.362,1.514,rt,
biena,2026-08-07,1.439,1.281,1.634,1.37,1.516,rt,
biena,2026-08-08,1.444,1.285,1.646,1.376,1.52,rt,
biena,2026-08-09,1.45,1.284,1.66,1.382,1.525,rt,
biena,2026-08-10,1.44,1.267,1.657,1.37,1.514,rt,
biena,2026-08-11,1.43,1.262,1.643,1.363,1.505,rt,
biena,2026-08-12,1.423,1.254,1.634,1.353,1.5,rt,
biena,2026-08-13,1.414,1.239,1.63,1.34,1.494,rt,
biena,2026-08-14,1.41,1.244,1.619,1.338,1.488,rt,
biena,2026-08-15,1.404,1.241,1.611,1.335,1.478,rt,
biena,2026-08-16,1.398,1.237,1.608,1.329,1.47,rt,
biena,2026-08-17,1.403,1.233,1.622,1.33,1.477,rt,
biena,2026-08-18,1.408,1.237,1.629,1.332,1.484,rt,
biena,2026-08-19,1.412,1.235,1.635,1.334,1.489,rt,
biena,2026-08-20,1.412,1.231,1.655,1.336,1.496,rt,
biena,2026-08-21,1.419,1.247,1.658,1.347,1.501,rt,
biena,2026-08-22,1.427,1.267,1.668,1.357,1.51,rt,
biena,2026-08-23,1.434,1.275,1.679,1.364,1.518,rt,
biena,2026-08-24,1.442,1.272,1.682,1.369,1.527,rt,
biena,2026-08-25,1.444,1.272,1.681,1.371,1.527,rt,
biena,2026-08-26,1.444,1.269,1.679,1.369,1.528,rt,
biena,2026-08-27,1.444,1.262,1.689,1.363,1.529,rt,
biena,2026-08-28,1.434,1.261,1.677,1.358,1.513,rt,
biena,2026-08-29,1.424,1.255,1.66,1.347,1.5,rt,
biena,2026-08-30,1.408,1.244,1.65,1.334,1.488,rt,
biena,2026-08-31,1.363,1.2,1.611,1.289,1.444,rt,
biena,2026-09-01,1.317,1.154,1.554,1.242,1.396,rt,
biena,2026-09-02,1.269,1.108,1.507,1.197,1.35,rt,
biena,2026-09-03,1.222,1.059,1.461,1.151,1.301,rt,
biena,2026-09-04,1.171,1.015,1.397,1.102,1.247,rt,
biena,2026-09-05,1.122,0.97,1.339,1.055,1.195,rt,
biena,2026-09-06,1.075,0.922,1.288,1.003,1.148,rt,
biena,2026-09-07,1.039,0.876,1.255,0.964,1.118,rt,
biena,2026-09-08,1.011,0.849,1.231,0.938,1.094,rt,
biena,2026-09-09,0.984,0.822,1.207,0.913,1.071,rt,
biena,2026-09-10,0.959,0.795,1.184,0.885,1.05,rt,
biena,2026-09-11,0.927,0.76,1.145,0.857,1.023,rt,
biena,2026-09-12,0.901,0.731,1.117,0.826,0.989,rt,
biena,2026-09-13,0.873,0.697,1.087,0.795,0.961,rt,
biena,2026-09-14,0.843,0.659,1.065,0.76,0.932,rt,
biena,2026-09-15,0.819,0.635,1.039,0.735,0.906,rt,
biena,2026-09-16,0.796,0.614,1.02,0.711,0.883,rt,
biena,2026-09-17,0.774,0.589,1.006,0.688,0.866,rt,
biena,2026-09-18,0.757,0.57,0.995,0.669,0.854,rt,
biena,2026-09-19,0.742,0.549,0.988,0.651,0.841,rt,
biena,2026-09-20,0.727,0.526,0.982,0.634,0.833,rt,
biena,2026-09-21,0.724,0.507,1.003,0.628,0.836,rt,
biena,2026-09-22,0.724,0.502,1.011,0.626,0.84,rt,
biena,2026-09-23,0.724,0.497,1.03,0.626,0.843,rt,
biena,2026-09-24,0.724,0.488,1.045,0.623,0.849,rt,
biena,2026-09-25,0.727,0.491,1.043,0.626,0.85,rt,
biena,2026-09-26,0.727,0.491,1.042,0.629,0.856,rt,
biena,2026-09-27,0.735,0.488,1.051,0.632,0.859,rt,
butembo,2026-05-25,2.871,2.207,3.817,2.569,3.234,rt,
butembo,2026-05-26,2.796,2.159,3.672,2.503,3.128,rt,
butembo,2026-05-27,2.722,2.11,3.558,2.448,3.02,rt,
butembo,2026-05-28,2.651,2.061,3.455,2.389,2.932,rt,
butembo,2026-05-29,2.567,2.012,3.313,2.316,2.833,rt,
butembo,2026-05-30,2.491,1.972,3.189,2.252,2.747,rt,
butembo,2026-05-31,2.41,1.913,3.102,2.189,2.667,rt,
butembo,2026-06-01,2.336,1.855,3.025,2.133,2.603,rt,
butembo,2026-06-02,2.27,1.816,2.903,2.08,2.515,rt,
butembo,2026-06-03,2.215,1.77,2.782,2.026,2.434,rt,
butembo,2026-06-04,2.155,1.714,2.68,1.969,2.367,rt,
butembo,2026-06-05,2.093,1.679,2.593,1.917,2.297,rt,
butembo,2026-06-06,2.034,1.632,2.517,1.868,2.232,rt,
butembo,2026-06-07,1.977,1.585,2.454,1.817,2.177,rt,
butembo,2026-06-08,1.94,1.532,2.405,1.77,2.123,rt,
butembo,2026-06-09,1.898,1.515,2.342,1.732,2.08,rt,
butembo,2026-06-10,1.861,1.494,2.28,1.703,2.03,rt,
butembo,2026-06-11,1.826,1.475,2.232,1.669,1.987,rt,
butembo,2026-06-12,1.787,1.447,2.17,1.633,1.936,rt,
butembo,2026-06-13,1.744,1.414,2.13,1.601,1.892,rt,
butembo,2026-06-14,1.703,1.375,2.083,1.56,1.853,rt,
butembo,2026-06-15,1.671,1.335,2.051,1.53,1.818,rt,
butembo,2026-06-16,1.642,1.319,2.017,1.509,1.791,rt,
butembo,2026-06-17,1.614,1.296,1.971,1.487,1.764,rt,
butembo,2026-06-18,1.595,1.279,1.942,1.464,1.736,rt,
butembo,2026-06-19,1.572,1.279,1.902,1.449,1.706,rt,
butembo,2026-06-20,1.556,1.273,1.861,1.438,1.682,rt,
butembo,2026-06-21,1.537,1.261,1.835,1.419,1.66,rt,
butembo,2026-06-22,1.526,1.257,1.83,1.409,1.653,rt,
butembo,2026-06-23,1.522,1.271,1.813,1.415,1.641,rt,
butembo,2026-06-24,1.521,1.273,1.798,1.413,1.63,rt,
butembo,2026-06-25,1.517,1.278,1.789,1.414,1.623,rt,
butembo,2026-06-26,1.507,1.278,1.764,1.412,1.604,rt,
butembo,2026-06-27,1.491,1.273,1.753,1.401,1.596,rt,
butembo,2026-06-28,1.48,1.254,1.747,1.391,1.585,rt,
butembo,2026-06-29,1.455,1.227,1.732,1.36,1.564,rt,
butembo,2026-06-30,1.432,1.208,1.697,1.341,1.533,rt,
butembo,2026-07-01,1.409,1.196,1.666,1.321,1.504,rt,
butembo,2026-07-02,1.387,1.183,1.648,1.301,1.48,rt,
butembo,2026-07-03,1.369,1.176,1.615,1.288,1.46,rt,
butembo,2026-07-04,1.357,1.163,1.591,1.272,1.445,rt,
butembo,2026-07-05,1.339,1.141,1.578,1.258,1.435,rt,
butembo,2026-07-06,1.323,1.112,1.576,1.241,1.427,rt,
butembo,2026-07-07,1.31,1.099,1.557,1.225,1.41,rt,
butembo,2026-07-08,1.293,1.085,1.542,1.212,1.392,rt,
butembo,2026-07-09,1.279,1.06,1.537,1.195,1.378,rt,
butembo,2026-07-10,1.259,1.049,1.497,1.176,1.351,rt,
butembo,2026-07-11,1.238,1.033,1.469,1.156,1.326,rt,
butembo,2026-07-12,1.218,1.016,1.444,1.135,1.307,rt,
butembo,2026-07-13,1.202,0.991,1.429,1.114,1.294,rt,
butembo,2026-07-14,1.19,0.988,1.403,1.106,1.275,rt,
butembo,2026-07-15,1.177,0.987,1.38,1.093,1.26,rt,
butembo,2026-07-16,1.167,0.976,1.366,1.085,1.245,rt,
butembo,2026-07-17,1.156,0.971,1.346,1.077,1.23,rt,
butembo,2026-07-18,1.142,0.966,1.333,1.066,1.219,rt,
butembo,2026-07-19,1.13,0.953,1.33,1.056,1.209,rt,
butembo,2026-07-20,1.122,0.935,1.326,1.043,1.203,rt,
butembo,2026-07-21,1.121,0.943,1.314,1.045,1.195,rt,
butembo,2026-07-22,1.119,0.952,1.303,1.045,1.192,rt,
butembo,2026-07-23,1.115,0.947,1.296,1.045,1.187,rt,
butembo,2026-07-24,1.115,0.952,1.293,1.049,1.189,rt,
butembo,2026-07-25,1.116,0.955,1.289,1.053,1.19,rt,
butembo,2026-07-26,1.12,0.95,1.298,1.053,1.191,rt,
butembo,2026-07-27,1.131,0.953,1.325,1.058,1.207,rt,
butembo,2026-07-28,1.143,0.976,1.329,1.073,1.218,rt,
butembo,2026-07-29,1.155,0.991,1.341,1.087,1.23,rt,
butembo,2026-07-30,1.168,1.003,1.359,1.098,1.247,rt,
butembo,2026-07-31,1.178,1.017,1.36,1.11,1.252,rt,
butembo,2026-08-01,1.189,1.026,1.368,1.12,1.261,rt,
butembo,2026-08-02,1.2,1.028,1.384,1.127,1.272,rt,
butembo,2026-08-03,1.204,1.016,1.412,1.128,1.283,rt,
butembo,2026-08-04,1.21,1.036,1.413,1.138,1.287,rt,
butembo,2026-08-05,1.215,1.043,1.422,1.145,1.295,rt,
butembo,2026-08-06,1.225,1.048,1.438,1.153,1.3,rt,
butembo,2026-08-07,1.229,1.054,1.435,1.157,1.305,rt,
butembo,2026-08-08,1.233,1.055,1.447,1.16,1.312,rt,
butembo,2026-08-09,1.237,1.054,1.464,1.157,1.318,rt,
butembo,2026-08-10,1.227,1.027,1.479,1.141,1.312,rt,
butembo,2026-08-11,1.21,1.023,1.438,1.133,1.29,rt,
butembo,2026-08-12,1.195,1.013,1.404,1.122,1.272,rt,
butembo,2026-08-13,1.181,0.996,1.386,1.106,1.257,rt,
butembo,2026-08-14,1.168,0.99,1.367,1.094,1.244,rt,
butembo,2026-08-15,1.157,0.977,1.357,1.082,1.234,rt,
butembo,2026-08-16,1.145,0.961,1.349,1.062,1.222,rt,
butembo,2026-08-17,1.137,0.941,1.361,1.054,1.22,rt,
butembo,2026-08-18,1.128,0.94,1.342,1.049,1.206,rt,
butembo,2026-08-19,1.117,0.936,1.319,1.041,1.193,rt,
butembo,2026-08-20,1.108,0.931,1.312,1.032,1.184,rt,
butembo,2026-08-21,1.103,0.93,1.305,1.028,1.179,rt,
butembo,2026-08-22,1.098,0.926,1.294,1.021,1.174,rt,
butembo,2026-08-23,1.089,0.912,1.299,1.015,1.172,rt,
butembo,2026-08-24,1.078,0.89,1.304,1.003,1.17,rt,
butembo,2026-08-25,1.069,0.891,1.277,0.995,1.151,rt,
butembo,2026-08-26,1.056,0.888,1.26,0.983,1.133,rt,
butembo,2026-08-27,1.043,0.876,1.236,0.969,1.117,rt,
butembo,2026-08-28,1.023,0.856,1.209,0.951,1.096,rt,
butembo,2026-08-29,1.002,0.836,1.192,0.929,1.078,rt,
butembo,2026-08-30,0.98,0.807,1.173,0.903,1.061,rt,
butembo,2026-08-31,0.939,0.752,1.146,0.859,1.023,rt,
butembo,2026-09-01,0.895,0.718,1.091,0.824,0.975,rt,
butembo,2026-09-02,0.854,0.684,1.035,0.785,0.928,rt,
butembo,2026-09-03,0.814,0.645,0.987,0.744,0.884,rt,
butembo,2026-09-04,0.771,0.608,0.942,0.7,0.84,rt,
butembo,2026-09-05,0.73,0.564,0.902,0.661,0.797,rt,
butembo,2026-09-06,0.687,0.521,0.868,0.619,0.76,rt,
butembo,2026-09-07,0.659,0.481,0.851,0.587,0.734,rt,
butembo,2026-09-08,0.638,0.469,0.829,0.57,0.713,rt,
butembo,2026-09-09,0.619,0.453,0.811,0.553,0.695,rt,
butembo,2026-09-10,0.599,0.437,0.793,0.536,0.68,rt,
butembo,2026-09-11,0.578,0.413,0.776,0.513,0.659,rt,
butembo,2026-09-12,0.56,0.387,0.765,0.488,0.64,rt,
butembo,2026-09-13,0.541,0.362,0.75,0.468,0.626,rt,
butembo,2026-09-14,0.52,0.34,0.744,0.443,0.607,rt,
butembo,2026-09-15,0.503,0.327,0.728,0.43,0.593,rt,
butembo,2026-09-16,0.491,0.318,0.716,0.418,0.583,rt,
butembo,2026-09-17,0.48,0.303,0.707,0.404,0.573,rt,
butembo,2026-09-18,0.472,0.29,0.708,0.393,0.566,rt,
butembo,2026-09-19,0.465,0.278,0.716,0.382,0.561,rt,
butembo,2026-09-20,0.46,0.264,0.72,0.369,0.559,rt,
butembo,2026-09-21,0.463,0.255,0.749,0.365,0.568,rt,
butembo,2026-09-22,0.466,0.258,0.757,0.366,0.572,rt,
butembo,2026-09-23,0.466,0.257,0.769,0.367,0.577,rt,
butembo,2026-09-24,0.467,0.255,0.789,0.366,0.587,rt,
butembo,2026-09-25,0.474,0.252,0.807,0.366,0.59,rt,
butembo,2026-09-26,0.479,0.252,0.821,0.369,0.599,rt,
butembo,2026-09-27,0.485,0.248,0.843,0.374,0.606,rt,
kalunguta,2026-07-18,1.535,1.213,1.97,1.396,1.691,rt,
kalunguta,2026-07-19,1.537,1.209,2.008,1.393,1.704,rt,
kalunguta,2026-07-20,1.536,1.194,2.051,1.385,1.731,rt,
kalunguta,2026-07-21,1.544,1.198,2.028,1.395,1.723,rt,
kalunguta,2026-07-22,1.548,1.215,2.017,1.401,1.711,rt,
kalunguta,2026-07-23,1.551,1.214,2.024,1.406,1.713,rt,
kalunguta,2026-07-24,1.559,1.218,2.019,1.418,1.72,rt,
kalunguta,2026-07-25,1.556,1.23,2.036,1.425,1.738,rt,
kalunguta,2026-07-26,1.565,1.231,2.059,1.425,1.751,rt,
kalunguta,2026-07-27,1.582,1.229,2.121,1.433,1.785,rt,
kalunguta,2026-07-28,1.608,1.264,2.11,1.454,1.797,rt,
kalunguta,2026-07-29,1.632,1.287,2.106,1.476,1.806,rt,
kalunguta,2026-07-30,1.657,1.308,2.102,1.497,1.82,rt,
kalunguta,2026-07-31,1.668,1.323,2.111,1.515,1.828,rt,
kalunguta,2026-08-01,1.687,1.327,2.124,1.525,1.851,rt,
kalunguta,2026-08-02,1.695,1.329,2.141,1.533,1.876,rt,
kalunguta,2026-08-03,1.707,1.32,2.182,1.535,1.896,rt,
kalunguta,2026-08-04,1.722,1.345,2.179,1.557,1.9,rt,
kalunguta,2026-08-05,1.736,1.362,2.193,1.58,1.91,rt,
kalunguta,2026-08-06,1.746,1.378,2.204,1.598,1.922,rt,
kalunguta,2026-08-07,1.759,1.401,2.216,1.608,1.927,rt,
kalunguta,2026-08-08,1.769,1.402,2.243,1.617,1.942,rt,
kalunguta,2026-08-09,1.782,1.395,2.267,1.62,1.956,rt,
kalunguta,2026-08-10,1.77,1.362,2.286,1.599,1.96,rt,
kalunguta,2026-08-11,1.763,1.388,2.254,1.602,1.945,rt,
kalunguta,2026-08-12,1.76,1.395,2.237,1.602,1.929,rt,
kalunguta,2026-08-13,1.759,1.394,2.213,1.602,1.926,rt,
kalunguta,2026-08-14,1.759,1.403,2.211,1.606,1.919,rt,
kalunguta,2026-08-15,1.758,1.404,2.208,1.608,1.93,rt,
kalunguta,2026-08-16,1.761,1.395,2.218,1.603,1.93,rt,
kalunguta,2026-08-17,1.775,1.393,2.261,1.606,1.963,rt,
kalunguta,2026-08-18,1.791,1.433,2.255,1.625,1.968,rt,
kalunguta,2026-08-19,1.812,1.465,2.263,1.647,1.982,rt,
kalunguta,2026-08-20,1.826,1.476,2.266,1.668,1.996,rt,
kalunguta,2026-08-21,1.85,1.509,2.286,1.698,2.022,rt,
kalunguta,2026-08-22,1.876,1.515,2.331,1.719,2.052,rt,
kalunguta,2026-08-23,1.901,1.513,2.423,1.729,2.089,rt,
kalunguta,2026-08-24,1.922,1.511,2.478,1.741,2.125,rt,
kalunguta,2026-08-25,1.948,1.544,2.485,1.767,2.14,rt,
kalunguta,2026-08-26,1.969,1.569,2.503,1.791,2.17,rt,
kalunguta,2026-08-27,1.992,1.59,2.508,1.808,2.19,rt,
kalunguta,2026-08-28,1.997,1.606,2.514,1.818,2.208,rt,
kalunguta,2026-08-29,2.0,1.592,2.536,1.819,2.224,rt,
kalunguta,2026-08-30,2.008,1.586,2.582,1.819,2.238,rt,
kalunguta,2026-08-31,1.966,1.523,2.576,1.771,2.21,rt,
kalunguta,2026-09-01,1.913,1.49,2.483,1.725,2.137,rt,
kalunguta,2026-09-02,1.859,1.447,2.399,1.678,2.074,rt,
kalunguta,2026-09-03,1.801,1.391,2.324,1.626,2.013,rt,
kalunguta,2026-09-04,1.731,1.335,2.24,1.562,1.938,rt,
kalunguta,2026-09-05,1.663,1.282,2.186,1.498,1.875,rt,
kalunguta,2026-09-06,1.599,1.215,2.164,1.43,1.808,rt,
kalunguta,2026-09-07,1.554,1.158,2.139,1.373,1.772,rt,
kalunguta,2026-09-08,1.509,1.126,2.064,1.335,1.713,rt,
kalunguta,2026-09-09,1.465,1.091,1.996,1.299,1.661,rt,
kalunguta,2026-09-10,1.427,1.046,1.944,1.259,1.621,rt,
kalunguta,2026-09-11,1.373,0.997,1.887,1.207,1.564,rt,
kalunguta,2026-09-12,1.323,0.949,1.838,1.155,1.509,rt,
kalunguta,2026-09-13,1.273,0.893,1.79,1.103,1.461,rt,
kalunguta,2026-09-14,1.221,0.84,1.742,1.05,1.416,rt,
kalunguta,2026-09-15,1.174,0.8,1.687,1.005,1.365,rt,
kalunguta,2026-09-16,1.137,0.767,1.649,0.968,1.318,rt,
kalunguta,2026-09-17,1.099,0.73,1.618,0.929,1.286,rt,
kalunguta,2026-09-18,1.062,0.697,1.581,0.897,1.249,rt,
kalunguta,2026-09-19,1.025,0.659,1.559,0.867,1.221,rt,
kalunguta,2026-09-20,0.993,0.625,1.549,0.834,1.198,rt,
kalunguta,2026-09-21,0.983,0.603,1.57,0.814,1.197,rt,
kalunguta,2026-09-22,0.981,0.592,1.563,0.804,1.187,rt,
kalunguta,2026-09-23,0.978,0.586,1.555,0.796,1.183,rt,
kalunguta,2026-09-24,0.976,0.574,1.56,0.781,1.18,rt,
kalunguta,2026-09-25,0.967,0.57,1.555,0.774,1.173,rt,
kalunguta,2026-09-26,0.964,0.563,1.554,0.772,1.178,rt,
kalunguta,2026-09-27,0.96,0.542,1.56,0.77,1.18,rt,
katwa,2026-05-21,3.241,2.536,4.177,2.93,3.596,rt,
katwa,2026-05-22,3.147,2.494,4.011,2.859,3.49,rt,
katwa,2026-05-23,3.074,2.441,3.879,2.793,3.392,rt,
katwa,2026-05-24,3.004,2.37,3.792,2.725,3.298,rt,
katwa,2026-05-25,2.906,2.299,3.693,2.652,3.209,rt,
katwa,2026-05-26,2.838,2.25,3.562,2.59,3.114,rt,
katwa,2026-05-27,2.766,2.212,3.464,2.528,3.031,rt,
katwa,2026-05-28,2.703,2.157,3.37,2.464,2.952,rt,
katwa,2026-05-29,2.625,2.103,3.25,2.401,2.866,rt,
katwa,2026-05-30,2.542,2.053,3.156,2.337,2.774,rt,
katwa,2026-05-31,2.47,2.0,3.076,2.272,2.696,rt,
katwa,2026-06-01,2.414,1.949,3.001,2.213,2.627,rt,
katwa,2026-06-02,2.359,1.907,2.903,2.165,2.56,rt,
katwa,2026-06-03,2.308,1.871,2.834,2.119,2.486,rt,
katwa,2026-06-04,2.255,1.834,2.773,2.074,2.434,rt,
katwa,2026-06-05,2.204,1.795,2.681,2.032,2.383,rt,
katwa,2026-06-06,2.159,1.758,2.612,1.99,2.33,rt,
katwa,2026-06-07,2.106,1.716,2.555,1.945,2.278,rt,
katwa,2026-06-08,2.066,1.686,2.509,1.907,2.243,rt,
katwa,2026-06-09,2.036,1.663,2.449,1.885,2.206,rt,
katwa,2026-06-10,2.01,1.644,2.397,1.856,2.167,rt,
katwa,2026-06-11,1.983,1.625,2.367,1.824,2.14,rt,
katwa,2026-06-12,1.945,1.607,2.306,1.796,2.096,rt,
katwa,2026-06-13,1.912,1.586,2.261,1.773,2.052,rt,
katwa,2026-06-14,1.879,1.556,2.233,1.743,2.015,rt,
katwa,2026-06-15,1.851,1.528,2.205,1.71,1.99,rt,
katwa,2026-06-16,1.823,1.513,2.166,1.689,1.957,rt,
katwa,2026-06-17,1.795,1.491,2.131,1.67,1.925,rt,
katwa,2026-06-18,1.77,1.465,2.09,1.647,1.898,rt,
katwa,2026-06-19,1.748,1.469,2.053,1.635,1.87,rt,
katwa,2026-06-20,1.73,1.471,2.02,1.625,1.847,rt,
katwa,2026-06-21,1.71,1.466,1.989,1.605,1.821,rt,
katwa,2026-06-22,1.7,1.462,1.982,1.599,1.817,rt,
katwa,2026-06-23,1.696,1.473,1.966,1.6,1.806,rt,
katwa,2026-06-24,1.694,1.476,1.951,1.598,1.8,rt,
katwa,2026-06-25,1.688,1.472,1.95,1.594,1.797,rt,
katwa,2026-06-26,1.676,1.468,1.919,1.585,1.778,rt,
katwa,2026-06-27,1.667,1.464,1.895,1.574,1.762,rt,
katwa,2026-06-28,1.653,1.451,1.887,1.561,1.748,rt,
katwa,2026-06-29,1.624,1.418,1.866,1.528,1.721,rt,
katwa,2026-06-30,1.596,1.4,1.826,1.508,1.683,rt,
katwa,2026-07-01,1.567,1.38,1.79,1.485,1.654,rt,
katwa,2026-07-02,1.544,1.357,1.76,1.459,1.631,rt,
katwa,2026-07-03,1.526,1.344,1.728,1.446,1.605,rt,
katwa,2026-07-04,1.505,1.327,1.706,1.433,1.584,rt,
katwa,2026-07-05,1.484,1.306,1.689,1.414,1.566,rt,
katwa,2026-07-06,1.466,1.276,1.684,1.391,1.549,rt,
katwa,2026-07-07,1.45,1.26,1.671,1.376,1.531,rt,
katwa,2026-07-08,1.433,1.242,1.658,1.355,1.515,rt,
katwa,2026-07-09,1.417,1.218,1.647,1.336,1.503,rt,
katwa,2026-07-10,1.394,1.205,1.613,1.316,1.476,rt,
katwa,2026-07-11,1.371,1.189,1.575,1.296,1.452,rt,
katwa,2026-07-12,1.349,1.168,1.549,1.273,1.429,rt,
katwa,2026-07-13,1.329,1.145,1.531,1.251,1.413,rt,
katwa,2026-07-14,1.312,1.139,1.498,1.239,1.39,rt,
katwa,2026-07-15,1.294,1.126,1.474,1.224,1.372,rt,
katwa,2026-07-16,1.275,1.116,1.447,1.208,1.355,rt,
katwa,2026-07-17,1.26,1.108,1.426,1.195,1.332,rt,
katwa,2026-07-18,1.247,1.098,1.411,1.182,1.314,rt,
katwa,2026-07-19,1.231,1.083,1.398,1.166,1.299,rt,
katwa,2026-07-20,1.217,1.062,1.393,1.148,1.288,rt,
katwa,2026-07-21,1.207,1.055,1.38,1.139,1.278,rt,
katwa,2026-07-22,1.197,1.047,1.369,1.129,1.267,rt,
katwa,2026-07-23,1.187,1.036,1.365,1.118,1.256,rt,
katwa,2026-07-24,1.181,1.034,1.35,1.115,1.248,rt,
katwa,2026-07-25,1.178,1.025,1.338,1.109,1.241,rt,
katwa,2026-07-26,1.172,1.012,1.34,1.102,1.24,rt,
katwa,2026-07-27,1.173,1.006,1.355,1.103,1.247,rt,
katwa,2026-07-28,1.176,1.017,1.352,1.107,1.246,rt,
katwa,2026-07-29,1.179,1.024,1.35,1.111,1.247,rt,
katwa,2026-07-30,1.181,1.023,1.35,1.111,1.249,rt,
katwa,2026-07-31,1.18,1.033,1.337,1.115,1.243,rt,
katwa,2026-08-01,1.177,1.037,1.332,1.116,1.237,rt,
katwa,2026-08-02,1.176,1.034,1.331,1.113,1.233,rt,
katwa,2026-08-03,1.172,1.024,1.326,1.107,1.233,rt,
katwa,2026-08-04,1.166,1.024,1.319,1.106,1.223,rt,
katwa,2026-08-05,1.159,1.021,1.314,1.101,1.218,rt,
katwa,2026-08-06,1.154,1.013,1.315,1.095,1.214,rt,
katwa,2026-08-07,1.146,1.007,1.302,1.086,1.205,rt,
katwa,2026-08-08,1.135,0.993,1.298,1.076,1.198,rt,
katwa,2026-08-09,1.127,0.977,1.296,1.061,1.194,rt,
katwa,2026-08-10,1.104,0.942,1.285,1.035,1.178,rt,
katwa,2026-08-11,1.085,0.93,1.253,1.018,1.153,rt,
katwa,2026-08-12,1.064,0.917,1.23,1.001,1.131,rt,
katwa,2026-08-13,1.044,0.9,1.211,0.983,1.109,rt,
katwa,2026-08-14,1.028,0.887,1.185,0.97,1.09,rt,
katwa,2026-08-15,1.012,0.873,1.168,0.953,1.074,rt,
katwa,2026-08-16,0.998,0.85,1.154,0.932,1.057,rt,
katwa,2026-08-17,0.987,0.831,1.154,0.919,1.049,rt,
katwa,2026-08-18,0.979,0.83,1.142,0.914,1.041,rt,
katwa,2026-08-19,0.97,0.825,1.126,0.907,1.031,rt,
katwa,2026-08-20,0.961,0.817,1.12,0.901,1.022,rt,
katwa,2026-08-21,0.959,0.816,1.111,0.901,1.018,rt,
katwa,2026-08-22,0.954,0.811,1.106,0.895,1.017,rt,
katwa,2026-08-23,0.949,0.797,1.109,0.887,1.014,rt,
katwa,2026-08-24,0.945,0.78,1.12,0.875,1.013,rt,
katwa,2026-08-25,0.935,0.779,1.102,0.871,1.002,rt,
katwa,2026-08-26,0.928,0.774,1.082,0.864,0.987,rt,
katwa,2026-08-27,0.913,0.765,1.07,0.855,0.974,rt,
katwa,2026-08-28,0.897,0.756,1.048,0.841,0.955,rt,
katwa,2026-08-29,0.881,0.742,1.041,0.823,0.94,rt,
katwa,2026-08-30,0.865,0.712,1.034,0.801,0.927,rt,
katwa,2026-08-31,0.831,0.663,1.01,0.762,0.898,rt,
katwa,2026-09-01,0.791,0.637,0.953,0.729,0.857,rt,
katwa,2026-09-02,0.755,0.608,0.91,0.696,0.818,rt,
katwa,2026-09-03,0.721,0.576,0.878,0.661,0.784,rt,
katwa,2026-09-04,0.683,0.541,0.839,0.624,0.743,rt,
katwa,2026-09-05,0.648,0.509,0.805,0.588,0.708,rt,
katwa,2026-09-06,0.615,0.471,0.775,0.551,0.675,rt,
katwa,2026-09-07,0.588,0.434,0.764,0.522,0.653,rt,
katwa,2026-09-08,0.572,0.429,0.742,0.51,0.639,rt,
katwa,2026-09-09,0.558,0.415,0.721,0.496,0.625,rt,
katwa,2026-09-10,0.545,0.403,0.711,0.482,0.613,rt,
katwa,2026-09-11,0.527,0.385,0.697,0.465,0.594,rt,
katwa,2026-09-12,0.509,0.366,0.688,0.449,0.581,rt,
katwa,2026-09-13,0.495,0.346,0.682,0.43,0.569,rt,
katwa,2026-09-14,0.479,0.323,0.674,0.407,0.553,rt,
katwa,2026-09-15,0.468,0.314,0.663,0.399,0.543,rt,
katwa,2026-09-16,0.458,0.3,0.66,0.389,0.535,rt,
katwa,2026-09-17,0.448,0.291,0.66,0.377,0.524,rt,
katwa,2026-09-18,0.444,0.279,0.664,0.366,0.52,rt,
katwa,2026-09-19,0.439,0.269,0.672,0.358,0.519,rt,
katwa,2026-09-20,0.432,0.257,0.677,0.348,0.519,rt,
katwa,2026-09-21,0.435,0.248,0.697,0.345,0.53,rt,
katwa,2026-09-22,0.439,0.248,0.705,0.346,0.536,rt,
katwa,2026-09-23,0.443,0.245,0.727,0.35,0.543,rt,
katwa,2026-09-24,0.446,0.242,0.75,0.35,0.548,rt,
katwa,2026-09-25,0.45,0.244,0.766,0.355,0.557,rt,
katwa,2026-09-26,0.455,0.244,0.781,0.358,0.567,rt,
katwa,2026-09-27,0.462,0.242,0.811,0.361,0.582,rt,
kayna,2026-08-27,1.351,1.187,1.591,1.282,1.432,rt,
kayna,2026-08-28,1.347,1.188,1.583,1.28,1.425,rt,
kayna,2026-08-29,1.34,1.185,1.575,1.275,1.418,rt,
kayna,2026-08-30,1.333,1.175,1.562,1.267,1.412,rt,
kayna,2026-08-31,1.297,1.143,1.526,1.232,1.374,rt,
kayna,2026-09-01,1.259,1.105,1.491,1.194,1.334,rt,
kayna,2026-09-02,1.22,1.067,1.447,1.158,1.298,rt,
kayna,2026-09-03,1.182,1.024,1.419,1.121,1.261,rt,
kayna,2026-09-04,1.138,0.989,1.374,1.079,1.219,rt,
kayna,2026-09-05,1.1,0.951,1.328,1.036,1.177,rt,
kayna,2026-09-06,1.062,0.911,1.289,0.996,1.141,rt,
kayna,2026-09-07,1.034,0.879,1.262,0.965,1.115,rt,
kayna,2026-09-08,1.013,0.855,1.244,0.943,1.095,rt,
kayna,2026-09-09,0.992,0.833,1.218,0.921,1.08,rt,
kayna,2026-09-10,0.969,0.808,1.21,0.9,1.062,rt,
kayna,2026-09-11,0.945,0.78,1.174,0.877,1.035,rt,
kayna,2026-09-12,0.921,0.751,1.152,0.852,1.013,rt,
kayna,2026-09-13,0.899,0.726,1.129,0.825,0.99,rt,
kayna,2026-09-14,0.873,0.695,1.098,0.795,0.963,rt,
kayna,2026-09-15,0.85,0.676,1.083,0.774,0.941,rt,
kayna,2026-09-16,0.832,0.654,1.071,0.753,0.923,rt,
kayna,2026-09-17,0.813,0.631,1.055,0.731,0.905,rt,
kayna,2026-09-18,0.798,0.611,1.049,0.715,0.893,rt,
kayna,2026-09-19,0.787,0.591,1.038,0.697,0.884,rt,
kayna,2026-09-20,0.776,0.568,1.029,0.684,0.872,rt,
kayna,2026-09-21,0.776,0.561,1.041,0.681,0.879,rt,
kayna,2026-09-22,0.778,0.554,1.06,0.68,0.885,rt,
kayna,2026-09-23,0.78,0.55,1.073,0.678,0.891,rt,
kayna,2026-09-24,0.785,0.545,1.094,0.677,0.9,rt,
kayna,2026-09-25,0.789,0.555,1.09,0.687,0.902,rt,
kayna,2026-09-26,0.799,0.561,1.09,0.697,0.907,rt,
kayna,2026-09-27,0.803,0.564,1.092,0.705,0.913,rt,
kyondo,2026-06-26,1.61,1.177,2.197,1.428,1.817,rt,
kyondo,2026-06-27,1.595,1.169,2.156,1.411,1.802,rt,
kyondo,2026-06-28,1.572,1.14,2.142,1.39,1.792,rt,
kyondo,2026-06-29,1.542,1.11,2.138,1.354,1.766,rt,
kyondo,2026-06-30,1.502,1.093,2.05,1.332,1.71,rt,
kyondo,2026-07-01,1.465,1.085,1.991,1.302,1.658,rt,
kyondo,2026-07-02,1.433,1.056,1.918,1.272,1.612,rt,
kyondo,2026-07-03,1.403,1.033,1.867,1.249,1.575,rt,
kyondo,2026-07-04,1.376,1.005,1.854,1.22,1.547,rt,
kyondo,2026-07-05,1.349,0.971,1.835,1.188,1.525,rt,
kyondo,2026-07-06,1.327,0.931,1.838,1.158,1.506,rt,
kyondo,2026-07-07,1.302,0.933,1.778,1.138,1.476,rt,
kyondo,2026-07-08,1.283,0.92,1.726,1.124,1.445,rt,
kyondo,2026-07-09,1.26,0.901,1.68,1.103,1.424,rt,
kyondo,2026-07-10,1.234,0.878,1.642,1.079,1.386,rt,
kyondo,2026-07-11,1.206,0.853,1.606,1.057,1.353,rt,
kyondo,2026-07-12,1.176,0.826,1.575,1.032,1.331,rt,
kyondo,2026-07-13,1.156,0.789,1.563,1.002,1.313,rt,
kyondo,2026-07-14,1.142,0.782,1.519,0.99,1.284,rt,
kyondo,2026-07-15,1.125,0.776,1.479,0.98,1.255,rt,
kyondo,2026-07-16,1.105,0.77,1.451,0.966,1.235,rt,
kyondo,2026-07-17,1.089,0.766,1.425,0.951,1.219,rt,
kyondo,2026-07-18,1.069,0.748,1.411,0.938,1.205,rt,
kyondo,2026-07-19,1.057,0.733,1.404,0.921,1.192,rt,
kyondo,2026-07-20,1.04,0.708,1.409,0.901,1.19,rt,
kyondo,2026-07-21,1.034,0.718,1.372,0.901,1.179,rt,
kyondo,2026-07-22,1.03,0.722,1.358,0.897,1.169,rt,
kyondo,2026-07-23,1.023,0.715,1.351,0.895,1.159,rt,
kyondo,2026-07-24,1.026,0.72,1.346,0.894,1.162,rt,
kyondo,2026-07-25,1.022,0.71,1.343,0.896,1.162,rt,
kyondo,2026-07-26,1.024,0.713,1.347,0.892,1.165,rt,
kyondo,2026-07-27,1.037,0.7,1.374,0.894,1.182,rt,
kyondo,2026-07-28,1.051,0.725,1.377,0.917,1.188,rt,
kyondo,2026-07-29,1.067,0.747,1.386,0.94,1.196,rt,
kyondo,2026-07-30,1.086,0.764,1.406,0.957,1.213,rt,
kyondo,2026-07-31,1.1,0.789,1.408,0.969,1.224,rt,
kyondo,2026-08-01,1.112,0.803,1.421,0.98,1.235,rt,
kyondo,2026-08-02,1.131,0.807,1.453,0.986,1.251,rt,
kyondo,2026-08-03,1.137,0.803,1.489,0.994,1.27,rt,
kyondo,2026-08-04,1.156,0.836,1.487,1.022,1.28,rt,
kyondo,2026-08-05,1.168,0.859,1.497,1.043,1.291,rt,
kyondo,2026-08-06,1.179,0.872,1.522,1.059,1.308,rt,
kyondo,2026-08-07,1.194,0.892,1.532,1.074,1.326,rt,
kyondo,2026-08-08,1.209,0.91,1.556,1.082,1.346,rt,
kyondo,2026-08-09,1.224,0.911,1.596,1.087,1.372,rt,
kyondo,2026-08-10,1.227,0.898,1.625,1.075,1.382,rt,
kyondo,2026-08-11,1.231,0.924,1.617,1.096,1.381,rt,
kyondo,2026-08-12,1.23,0.94,1.612,1.107,1.381,rt,
kyondo,2026-08-13,1.241,0.944,1.611,1.114,1.384,rt,
kyondo,2026-08-14,1.249,0.955,1.627,1.118,1.394,rt,
kyondo,2026-08-15,1.257,0.966,1.652,1.123,1.408,rt,
kyondo,2026-08-16,1.268,0.959,1.678,1.119,1.425,rt,
kyondo,2026-08-17,1.286,0.957,1.739,1.126,1.462,rt,
kyondo,2026-08-18,1.304,0.978,1.755,1.151,1.473,rt,
kyondo,2026-08-19,1.324,0.99,1.778,1.175,1.492,rt,
kyondo,2026-08-20,1.339,1.013,1.789,1.194,1.509,rt,
kyondo,2026-08-21,1.365,1.034,1.819,1.227,1.542,rt,
kyondo,2026-08-22,1.392,1.045,1.879,1.243,1.573,rt,
kyondo,2026-08-23,1.412,1.05,1.943,1.259,1.613,rt,
kyondo,2026-08-24,1.437,1.047,2.035,1.266,1.646,rt,
kyondo,2026-08-25,1.449,1.066,2.0,1.278,1.644,rt,
kyondo,2026-08-26,1.454,1.074,2.006,1.286,1.653,rt,
kyondo,2026-08-27,1.452,1.079,2.013,1.292,1.65,rt,
kyondo,2026-08-28,1.444,1.077,1.998,1.287,1.653,rt,
kyondo,2026-08-29,1.437,1.075,2.01,1.28,1.646,rt,
kyondo,2026-08-30,1.416,1.055,2.037,1.26,1.64,rt,
kyondo,2026-08-31,1.382,1.007,2.031,1.217,1.605,rt,
kyondo,2026-09-01,1.326,0.973,1.918,1.172,1.529,rt,
kyondo,2026-09-02,1.27,0.929,1.811,1.125,1.463,rt,
kyondo,2026-09-03,1.222,0.883,1.701,1.077,1.399,rt,
kyondo,2026-09-04,1.165,0.841,1.606,1.023,1.333,rt,
kyondo,2026-09-05,1.109,0.791,1.535,0.967,1.271,rt,
kyondo,2026-09-06,1.061,0.736,1.473,0.913,1.21,rt,
kyondo,2026-09-07,1.02,0.702,1.445,0.866,1.175,rt,
kyondo,2026-09-08,0.989,0.681,1.392,0.846,1.141,rt,
kyondo,2026-09-09,0.963,0.664,1.358,0.82,1.113,rt,
kyondo,2026-09-10,0.935,0.643,1.335,0.802,1.082,rt,
kyondo,2026-09-11,0.907,0.614,1.304,0.771,1.047,rt,
kyondo,2026-09-12,0.872,0.582,1.275,0.736,1.015,rt,
kyondo,2026-09-13,0.841,0.552,1.272,0.705,0.985,rt,
kyondo,2026-09-14,0.809,0.523,1.263,0.672,0.963,rt,
kyondo,2026-09-15,0.786,0.509,1.217,0.654,0.936,rt,
kyondo,2026-09-16,0.761,0.493,1.178,0.637,0.913,rt,
kyondo,2026-09-17,0.743,0.471,1.153,0.619,0.892,rt,
kyondo,2026-09-18,0.727,0.453,1.144,0.604,0.876,rt,
kyondo,2026-09-19,0.712,0.435,1.153,0.589,0.862,rt,
kyondo,2026-09-20,0.695,0.415,1.154,0.57,0.851,rt,
kyondo,2026-09-21,0.698,0.395,1.191,0.562,0.865,rt,
kyondo,2026-09-22,0.697,0.4,1.197,0.563,0.861,rt,
kyondo,2026-09-23,0.696,0.408,1.224,0.564,0.871,rt,
kyondo,2026-09-24,0.703,0.395,1.258,0.561,0.879,rt,
kyondo,2026-09-25,0.707,0.399,1.284,0.562,0.879,rt,
kyondo,2026-09-26,0.714,0.392,1.3,0.567,0.902,rt,
kyondo,2026-09-27,0.715,0.383,1.355,0.567,0.916,rt,
lubero,2026-07-21,1.311,1.153,1.487,1.247,1.377,rt,
lubero,2026-07-22,1.305,1.147,1.482,1.241,1.374,rt,
lubero,2026-07-23,1.299,1.141,1.481,1.236,1.371,rt,
lubero,2026-07-24,1.302,1.146,1.472,1.235,1.37,rt,
lubero,2026-07-25,1.305,1.151,1.472,1.236,1.369,rt,
lubero,2026-07-26,1.305,1.154,1.476,1.234,1.372,rt,
lubero,2026-07-27,1.315,1.159,1.498,1.244,1.386,rt,
lubero,2026-07-28,1.327,1.17,1.507,1.26,1.398,rt,
lubero,2026-07-29,1.342,1.181,1.52,1.274,1.41,rt,
lubero,2026-07-30,1.355,1.191,1.537,1.286,1.426,rt,
lubero,2026-07-31,1.364,1.212,1.536,1.303,1.429,rt,
lubero,2026-08-01,1.376,1.228,1.539,1.311,1.436,rt,
lubero,2026-08-02,1.384,1.237,1.547,1.321,1.443,rt,
lubero,2026-08-03,1.389,1.239,1.558,1.324,1.45,rt,
lubero,2026-08-04,1.396,1.249,1.566,1.336,1.462,rt,
lubero,2026-08-05,1.404,1.255,1.579,1.341,1.475,rt,
lubero,2026-08-06,1.412,1.255,1.603,1.345,1.488,rt,
lubero,2026-08-07,1.416,1.263,1.613,1.35,1.491,rt,
lubero,2026-08-08,1.422,1.267,1.621,1.355,1.493,rt,
lubero,2026-08-09,1.425,1.266,1.624,1.359,1.497,rt,
lubero,2026-08-10,1.412,1.247,1.62,1.347,1.484,rt,
lubero,2026-08-11,1.404,1.242,1.602,1.34,1.473,rt,
lubero,2026-08-12,1.395,1.234,1.591,1.331,1.466,rt,
lubero,2026-08-13,1.387,1.223,1.587,1.316,1.459,rt,
lubero,2026-08-14,1.381,1.222,1.576,1.314,1.452,rt,
lubero,2026-08-15,1.375,1.216,1.57,1.308,1.443,rt,
lubero,2026-08-16,1.366,1.209,1.559,1.301,1.438,rt,
lubero,2026-08-17,1.369,1.21,1.575,1.302,1.444,rt,
lubero,2026-08-18,1.373,1.219,1.579,1.305,1.449,rt,
lubero,2026-08-19,1.376,1.215,1.587,1.307,1.454,rt,
lubero,2026-08-20,1.377,1.211,1.598,1.305,1.46,rt,
lubero,2026-08-21,1.388,1.229,1.612,1.313,1.466,rt,
lubero,2026-08-22,1.393,1.241,1.616,1.325,1.47,rt,
lubero,2026-08-23,1.4,1.248,1.621,1.33,1.481,rt,
lubero,2026-08-24,1.406,1.249,1.633,1.335,1.488,rt,
lubero,2026-08-25,1.41,1.249,1.63,1.337,1.49,rt,
lubero,2026-08-26,1.412,1.248,1.635,1.336,1.494,rt,
lubero,2026-08-27,1.41,1.241,1.64,1.332,1.492,rt,
lubero,2026-08-28,1.402,1.235,1.635,1.33,1.476,rt,
lubero,2026-08-29,1.39,1.231,1.618,1.322,1.466,rt,
lubero,2026-08-30,1.377,1.219,1.609,1.306,1.455,rt,
lubero,2026-08-31,1.334,1.179,1.563,1.264,1.416,rt,
lubero,2026-09-01,1.291,1.136,1.509,1.221,1.368,rt,
lubero,2026-09-02,1.246,1.09,1.461,1.177,1.319,rt,
lubero,2026-09-03,1.203,1.042,1.419,1.131,1.277,rt,
lubero,2026-09-04,1.152,1.001,1.364,1.084,1.226,rt,
lubero,2026-09-05,1.105,0.958,1.318,1.036,1.18,rt,
lubero,2026-09-06,1.059,0.91,1.274,0.99,1.136,rt,
lubero,2026-09-07,1.025,0.868,1.244,0.954,1.105,rt,
lubero,2026-09-08,0.999,0.843,1.217,0.928,1.078,rt,
lubero,2026-09-09,0.975,0.815,1.191,0.905,1.059,rt,
lubero,2026-09-10,0.949,0.785,1.172,0.88,1.038,rt,
lubero,2026-09-11,0.92,0.753,1.136,0.851,1.011,rt,
lubero,2026-09-12,0.894,0.724,1.113,0.822,0.984,rt,
lubero,2026-09-13,0.867,0.693,1.09,0.794,0.956,rt,
lubero,2026-09-14,0.839,0.658,1.066,0.76,0.927,rt,
lubero,2026-09-15,0.818,0.639,1.039,0.738,0.903,rt,
lubero,2026-09-16,0.795,0.611,1.019,0.714,0.885,rt,
lubero,2026-09-17,0.776,0.59,1.002,0.69,0.867,rt,
lubero,2026-09-18,0.759,0.571,0.995,0.672,0.853,rt,
lubero,2026-09-19,0.744,0.55,0.989,0.655,0.839,rt,
lubero,2026-09-20,0.731,0.526,0.984,0.639,0.831,rt,
lubero,2026-09-21,0.73,0.514,0.998,0.63,0.836,rt,
lubero,2026-09-22,0.731,0.51,1.009,0.631,0.839,rt,
lubero,2026-09-23,0.729,0.506,1.025,0.633,0.846,rt,
lubero,2026-09-24,0.728,0.498,1.045,0.631,0.852,rt,
lubero,2026-09-25,0.735,0.501,1.038,0.636,0.855,rt,
lubero,2026-09-26,0.739,0.502,1.035,0.64,0.859,rt,
lubero,2026-09-27,0.748,0.501,1.043,0.646,0.86,rt,
mabalako,2026-08-07,2.004,1.557,2.605,1.808,2.234,rt,
mabalako,2026-08-08,2.023,1.562,2.68,1.818,2.261,rt,
mabalako,2026-08-09,2.05,1.55,2.765,1.823,2.306,rt,
mabalako,2026-08-10,2.043,1.515,2.849,1.802,2.326,rt,
mabalako,2026-08-11,2.044,1.546,2.768,1.816,2.302,rt,
mabalako,2026-08-12,2.042,1.566,2.746,1.822,2.29,rt,
mabalako,2026-08-13,2.037,1.568,2.735,1.823,2.283,rt,
mabalako,2026-08-14,2.041,1.578,2.726,1.838,2.284,rt,
mabalako,2026-08-15,2.043,1.56,2.775,1.836,2.294,rt,
mabalako,2026-08-16,2.034,1.542,2.776,1.834,2.312,rt,
mabalako,2026-08-17,2.058,1.533,2.865,1.831,2.361,rt,
mabalako,2026-08-18,2.067,1.569,2.798,1.854,2.341,rt,
mabalako,2026-08-19,2.082,1.593,2.773,1.859,2.334,rt,
mabalako,2026-08-20,2.088,1.611,2.751,1.867,2.329,rt,
mabalako,2026-08-21,2.104,1.625,2.764,1.891,2.348,rt,
mabalako,2026-08-22,2.123,1.634,2.782,1.889,2.372,rt,
mabalako,2026-08-23,2.131,1.609,2.843,1.882,2.408,rt,
mabalako,2026-08-24,2.141,1.586,2.926,1.879,2.442,rt,
mabalako,2026-08-25,2.151,1.622,2.86,1.889,2.433,rt,
mabalako,2026-08-26,2.154,1.637,2.817,1.897,2.421,rt,
mabalako,2026-08-27,2.153,1.639,2.806,1.893,2.419,rt,
mabalako,2026-08-28,2.13,1.622,2.795,1.891,2.407,rt,
mabalako,2026-08-29,2.116,1.597,2.781,1.873,2.385,rt,
mabalako,2026-08-30,2.088,1.543,2.79,1.847,2.364,rt,
mabalako,2026-08-31,2.02,1.467,2.76,1.78,2.311,rt,
mabalako,2026-09-01,1.959,1.447,2.634,1.73,2.217,rt,
mabalako,2026-09-02,1.896,1.417,2.521,1.684,2.142,rt,
mabalako,2026-09-03,1.834,1.364,2.457,1.63,2.072,rt,
mabalako,2026-09-04,1.769,1.304,2.363,1.561,1.999,rt,
mabalako,2026-09-05,1.697,1.233,2.307,1.494,1.925,rt,
mabalako,2026-09-06,1.635,1.153,2.24,1.424,1.861,rt,
mabalako,2026-09-07,1.585,1.097,2.226,1.368,1.827,rt,
mabalako,2026-09-08,1.545,1.059,2.158,1.332,1.769,rt,
mabalako,2026-09-09,1.496,1.026,2.088,1.298,1.737,rt,
mabalako,2026-09-10,1.45,0.986,2.043,1.259,1.697,rt,
mabalako,2026-09-11,1.402,0.943,1.971,1.206,1.639,rt,
mabalako,2026-09-12,1.351,0.899,1.93,1.163,1.585,rt,
mabalako,2026-09-13,1.302,0.852,1.898,1.111,1.541,rt,
mabalako,2026-09-14,1.254,0.797,1.889,1.058,1.507,rt,
mabalako,2026-09-15,1.214,0.764,1.811,1.02,1.453,rt,
mabalako,2026-09-16,1.177,0.727,1.765,0.981,1.407,rt,
mabalako,2026-09-17,1.143,0.693,1.729,0.936,1.362,rt,
mabalako,2026-09-18,1.112,0.671,1.705,0.906,1.329,rt,
mabalako,2026-09-19,1.076,0.646,1.691,0.875,1.308,rt,
mabalako,2026-09-20,1.038,0.619,1.675,0.841,1.29,rt,
mabalako,2026-09-21,1.032,0.591,1.702,0.822,1.287,rt,
mabalako,2026-09-22,1.025,0.578,1.694,0.816,1.281,rt,
mabalako,2026-09-23,1.021,0.566,1.712,0.805,1.272,rt,
mabalako,2026-09-24,1.014,0.556,1.724,0.796,1.263,rt,
mabalako,2026-09-25,1.004,0.551,1.724,0.788,1.261,rt,
mabalako,2026-09-26,0.998,0.539,1.717,0.778,1.256,rt,
mabalako,2026-09-27,0.991,0.529,1.742,0.766,1.27,rt,
manguredjipa,2026-08-05,1.435,1.266,1.639,1.365,1.514,rt,
manguredjipa,2026-08-06,1.448,1.269,1.663,1.37,1.527,rt,
manguredjipa,2026-08-07,1.454,1.277,1.666,1.378,1.533,rt,
manguredjipa,2026-08-08,1.461,1.282,1.673,1.384,1.54,rt,
manguredjipa,2026-08-09,1.465,1.282,1.687,1.388,1.547,rt,
manguredjipa,2026-08-10,1.454,1.263,1.684,1.376,1.538,rt,
manguredjipa,2026-08-11,1.449,1.258,1.672,1.369,1.53,rt,
manguredjipa,2026-08-12,1.441,1.251,1.665,1.361,1.526,rt,
manguredjipa,2026-08-13,1.434,1.241,1.659,1.353,1.52,rt,
manguredjipa,2026-08-14,1.43,1.242,1.646,1.351,1.514,rt,
manguredjipa,2026-08-15,1.427,1.239,1.63,1.345,1.505,rt,
manguredjipa,2026-08-16,1.42,1.234,1.63,1.339,1.5,rt,
manguredjipa,2026-08-17,1.421,1.234,1.643,1.34,1.508,rt,
manguredjipa,2026-08-18,1.426,1.235,1.648,1.346,1.517,rt,
manguredjipa,2026-08-19,1.432,1.236,1.659,1.351,1.519,rt,
manguredjipa,2026-08-20,1.435,1.233,1.668,1.352,1.523,rt,
manguredjipa,2026-08-21,1.443,1.255,1.669,1.364,1.532,rt,
manguredjipa,2026-08-22,1.448,1.267,1.678,1.375,1.537,rt,
manguredjipa,2026-08-23,1.454,1.27,1.687,1.382,1.543,rt,
manguredjipa,2026-08-24,1.459,1.275,1.702,1.386,1.553,rt,
manguredjipa,2026-08-25,1.461,1.279,1.702,1.386,1.554,rt,
manguredjipa,2026-08-26,1.462,1.279,1.702,1.382,1.553,rt,
manguredjipa,2026-08-27,1.463,1.271,1.701,1.379,1.555,rt,
manguredjipa,2026-08-28,1.454,1.267,1.683,1.37,1.539,rt,
manguredjipa,2026-08-29,1.443,1.254,1.661,1.361,1.523,rt,
manguredjipa,2026-08-30,1.426,1.24,1.658,1.344,1.508,rt,
manguredjipa,2026-08-31,1.379,1.195,1.612,1.295,1.463,rt,
manguredjipa,2026-09-01,1.328,1.153,1.558,1.249,1.411,rt,
manguredjipa,2026-09-02,1.276,1.107,1.504,1.201,1.362,rt,
manguredjipa,2026-09-03,1.224,1.056,1.459,1.155,1.312,rt,
manguredjipa,2026-09-04,1.17,1.014,1.398,1.105,1.254,rt,
manguredjipa,2026-09-05,1.116,0.964,1.337,1.052,1.199,rt,
manguredjipa,2026-09-06,1.069,0.906,1.277,0.999,1.148,rt,
manguredjipa,2026-09-07,1.035,0.861,1.247,0.96,1.116,rt,
manguredjipa,2026-09-08,1.007,0.836,1.221,0.929,1.088,rt,
manguredjipa,2026-09-09,0.978,0.804,1.195,0.899,1.061,rt,
manguredjipa,2026-09-10,0.95,0.775,1.171,0.872,1.035,rt,
manguredjipa,2026-09-11,0.916,0.743,1.135,0.841,1.002,rt,
manguredjipa,2026-09-12,0.886,0.711,1.104,0.809,0.971,rt,
manguredjipa,2026-09-13,0.855,0.673,1.079,0.778,0.943,rt,
manguredjipa,2026-09-14,0.823,0.631,1.046,0.739,0.911,rt,
manguredjipa,2026-09-15,0.797,0.609,1.026,0.714,0.885,rt,
manguredjipa,2026-09-16,0.774,0.587,0.999,0.688,0.864,rt,
manguredjipa,2026-09-17,0.753,0.565,0.977,0.664,0.844,rt,
manguredjipa,2026-09-18,0.736,0.542,0.963,0.643,0.829,rt,
manguredjipa,2026-09-19,0.72,0.522,0.958,0.624,0.818,rt,
manguredjipa,2026-09-20,0.703,0.499,0.953,0.605,0.805,rt,
manguredjipa,2026-09-21,0.697,0.483,0.964,0.597,0.806,rt,
manguredjipa,2026-09-22,0.694,0.478,0.978,0.594,0.81,rt,
manguredjipa,2026-09-23,0.696,0.468,0.996,0.589,0.811,rt,
manguredjipa,2026-09-24,0.693,0.46,1.012,0.585,0.817,rt,
manguredjipa,2026-09-25,0.694,0.458,1.009,0.588,0.818,rt,
manguredjipa,2026-09-26,0.697,0.455,1.008,0.592,0.823,rt,
manguredjipa,2026-09-27,0.7,0.451,1.013,0.593,0.829,rt,
masereka,2026-07-16,1.35,1.183,1.533,1.275,1.419,rt,
masereka,2026-07-17,1.338,1.182,1.517,1.273,1.407,rt,
masereka,2026-07-18,1.33,1.178,1.508,1.268,1.398,rt,
masereka,2026-07-19,1.324,1.167,1.504,1.259,1.393,rt,
masereka,2026-07-20,1.32,1.16,1.503,1.251,1.387,rt,
masereka,2026-07-21,1.315,1.155,1.499,1.249,1.384,rt,
masereka,2026-07-22,1.311,1.152,1.493,1.245,1.38,rt,
masereka,2026-07-23,1.308,1.145,1.488,1.239,1.379,rt,
masereka,2026-07-24,1.309,1.15,1.482,1.24,1.379,rt,
masereka,2026-07-25,1.312,1.157,1.478,1.242,1.379,rt,
masereka,2026-07-26,1.312,1.16,1.481,1.243,1.381,rt,
masereka,2026-07-27,1.321,1.164,1.499,1.252,1.395,rt,
masereka,2026-07-28,1.337,1.178,1.513,1.266,1.406,rt,
masereka,2026-07-29,1.351,1.192,1.529,1.279,1.419,rt,
masereka,2026-07-30,1.366,1.203,1.548,1.292,1.436,rt,
masereka,2026-07-31,1.372,1.223,1.545,1.308,1.44,rt,
masereka,2026-08-01,1.384,1.24,1.55,1.321,1.447,rt,
masereka,2026-08-02,1.393,1.248,1.557,1.328,1.453,rt,
masereka,2026-08-03,1.399,1.251,1.567,1.336,1.46,rt,
masereka,2026-08-04,1.406,1.26,1.576,1.344,1.471,rt,
masereka,2026-08-05,1.414,1.267,1.59,1.348,1.484,rt,
masereka,2026-08-06,1.425,1.266,1.61,1.354,1.498,rt,
masereka,2026-08-07,1.429,1.272,1.62,1.36,1.5,rt,
masereka,2026-08-08,1.433,1.279,1.628,1.366,1.504,rt,
masereka,2026-08-09,1.437,1.282,1.637,1.373,1.509,rt,
masereka,2026-08-10,1.424,1.26,1.635,1.359,1.496,rt,
masereka,2026-08-11,1.415,1.253,1.617,1.35,1.487,rt,
masereka,2026-08-12,1.405,1.244,1.61,1.34,1.48,rt,
masereka,2026-08-13,1.396,1.236,1.604,1.328,1.471,rt,
masereka,2026-08-14,1.391,1.233,1.59,1.327,1.463,rt,
masereka,2026-08-15,1.384,1.225,1.576,1.321,1.455,rt,
masereka,2026-08-16,1.377,1.219,1.561,1.315,1.451,rt,
masereka,2026-08-17,1.382,1.217,1.575,1.315,1.456,rt,
masereka,2026-08-18,1.385,1.219,1.58,1.317,1.46,rt,
masereka,2026-08-19,1.386,1.217,1.587,1.32,1.466,rt,
masereka,2026-08-20,1.391,1.219,1.594,1.317,1.474,rt,
masereka,2026-08-21,1.4,1.232,1.607,1.329,1.477,rt,
masereka,2026-08-22,1.405,1.247,1.613,1.335,1.483,rt,
masereka,2026-08-23,1.412,1.257,1.621,1.342,1.488,rt,
masereka,2026-08-24,1.419,1.255,1.635,1.346,1.498,rt,
masereka,2026-08-25,1.42,1.252,1.629,1.347,1.5,rt,
masereka,2026-08-26,1.42,1.246,1.632,1.346,1.503,rt,
masereka,2026-08-27,1.417,1.239,1.643,1.342,1.503,rt,
masereka,2026-08-28,1.409,1.239,1.623,1.339,1.487,rt,
masereka,2026-08-29,1.399,1.237,1.614,1.329,1.474,rt,
masereka,2026-08-30,1.386,1.223,1.605,1.314,1.462,rt,
masereka,2026-08-31,1.343,1.18,1.558,1.271,1.421,rt,
masereka,2026-09-01,1.297,1.134,1.51,1.229,1.371,rt,
masereka,2026-09-02,1.252,1.089,1.462,1.182,1.324,rt,
masereka,2026-09-03,1.204,1.042,1.418,1.135,1.278,rt,
masereka,2026-09-04,1.154,0.996,1.359,1.086,1.227,rt,
masereka,2026-09-05,1.105,0.952,1.303,1.038,1.18,rt,
masereka,2026-09-06,1.059,0.905,1.262,0.988,1.135,rt,
masereka,2026-09-07,1.025,0.862,1.234,0.952,1.105,rt,
masereka,2026-09-08,0.997,0.835,1.207,0.925,1.079,rt,
masereka,2026-09-09,0.974,0.806,1.181,0.9,1.055,rt,
masereka,2026-09-10,0.948,0.78,1.16,0.875,1.034,rt,
masereka,2026-09-11,0.918,0.753,1.125,0.845,1.009,rt,
masereka,2026-09-12,0.891,0.722,1.101,0.814,0.976,rt,
masereka,2026-09-13,0.866,0.69,1.077,0.785,0.95,rt,
masereka,2026-09-14,0.834,0.656,1.051,0.751,0.92,rt,
masereka,2026-09-15,0.811,0.633,1.031,0.729,0.894,rt,
masereka,2026-09-16,0.788,0.609,1.004,0.704,0.875,rt,
masereka,2026-09-17,0.768,0.586,0.991,0.682,0.856,rt,
masereka,2026-09-18,0.751,0.564,0.981,0.665,0.846,rt,
masereka,2026-09-19,0.736,0.547,0.976,0.647,0.834,rt,
masereka,2026-09-20,0.722,0.521,0.968,0.63,0.824,rt,
masereka,2026-09-21,0.721,0.505,0.983,0.623,0.825,rt,
masereka,2026-09-22,0.72,0.5,0.996,0.622,0.827,rt,
masereka,2026-09-23,0.719,0.494,1.015,0.621,0.833,rt,
masereka,2026-09-24,0.716,0.488,1.031,0.619,0.837,rt,
masereka,2026-09-25,0.722,0.493,1.032,0.626,0.842,rt,
masereka,2026-09-26,0.728,0.493,1.034,0.63,0.847,rt,
masereka,2026-09-27,0.734,0.492,1.038,0.634,0.851,rt,
musienene,2026-06-16,2.3,1.704,3.184,2.043,2.591,rt,
musienene,2026-06-17,2.293,1.707,3.139,2.049,2.578,rt,
musienene,2026-06-18,2.279,1.722,3.139,2.042,2.566,rt,
musienene,2026-06-19,2.279,1.73,3.165,2.049,2.567,rt,
musienene,2026-06-20,2.274,1.726,3.161,2.041,2.58,rt,
musienene,2026-06-21,2.278,1.712,3.201,2.032,2.586,rt,
musienene,2026-06-22,2.29,1.69,3.323,2.034,2.62,rt,
musienene,2026-06-23,2.285,1.722,3.192,2.045,2.597,rt,
musienene,2026-06-24,2.282,1.732,3.118,2.045,2.568,rt,
musienene,2026-06-25,2.281,1.744,3.099,2.034,2.558,rt,
musienene,2026-06-26,2.257,1.749,3.03,2.016,2.525,rt,
musienene,2026-06-27,2.233,1.727,3.029,1.995,2.511,rt,
musienene,2026-06-28,2.208,1.704,3.021,1.962,2.491,rt,
musienene,2026-06-29,2.159,1.64,3.019,1.916,2.459,rt,
musienene,2026-06-30,2.097,1.619,2.859,1.873,2.372,rt,
musienene,2026-07-01,2.035,1.591,2.742,1.833,2.277,rt,
musienene,2026-07-02,1.983,1.551,2.651,1.785,2.203,rt,
musienene,2026-07-03,1.934,1.505,2.574,1.741,2.144,rt,
musienene,2026-07-04,1.88,1.464,2.494,1.699,2.088,rt,
musienene,2026-07-05,1.834,1.417,2.477,1.639,2.046,rt,
musienene,2026-07-06,1.79,1.352,2.458,1.593,2.003,rt,
musienene,2026-07-07,1.742,1.344,2.324,1.561,1.931,rt,
musienene,2026-07-08,1.697,1.313,2.208,1.529,1.872,rt,
musienene,2026-07-09,1.656,1.279,2.132,1.491,1.823,rt,
musienene,2026-07-10,1.602,1.243,2.053,1.446,1.753,rt,
musienene,2026-07-11,1.55,1.186,1.988,1.398,1.701,rt,
musienene,2026-07-12,1.506,1.13,1.946,1.345,1.661,rt,
musienene,2026-07-13,1.462,1.077,1.93,1.296,1.626,rt,
musienene,2026-07-14,1.422,1.07,1.848,1.268,1.572,rt,
musienene,2026-07-15,1.384,1.051,1.781,1.243,1.533,rt,
musienene,2026-07-16,1.347,1.025,1.722,1.211,1.496,rt,
musienene,2026-07-17,1.317,0.992,1.672,1.183,1.454,rt,
musienene,2026-07-18,1.286,0.966,1.657,1.15,1.419,rt,
musienene,2026-07-19,1.252,0.921,1.633,1.117,1.396,rt,
musienene,2026-07-20,1.22,0.873,1.618,1.085,1.372,rt,
musienene,2026-07-21,1.205,0.884,1.557,1.076,1.339,rt,
musienene,2026-07-22,1.188,0.886,1.509,1.065,1.313,rt,
musienene,2026-07-23,1.169,0.88,1.469,1.051,1.291,rt,
musienene,2026-07-24,1.159,0.871,1.454,1.036,1.271,rt,
musienene,2026-07-25,1.14,0.851,1.441,1.023,1.263,rt,
musienene,2026-07-26,1.129,0.829,1.439,1.002,1.254,rt,
musienene,2026-07-27,1.133,0.808,1.472,0.993,1.26,rt,
musienene,2026-07-28,1.131,0.835,1.453,1.006,1.252,rt,
musienene,2026-07-29,1.133,0.856,1.445,1.015,1.253,rt,
musienene,2026-07-30,1.137,0.87,1.432,1.019,1.256,rt,
musienene,2026-07-31,1.14,0.88,1.414,1.024,1.25,rt,
musienene,2026-08-01,1.139,0.865,1.42,1.023,1.255,rt,
musienene,2026-08-02,1.139,0.85,1.429,1.02,1.26,rt,
musienene,2026-08-03,1.144,0.823,1.459,1.01,1.265,rt,
musienene,2026-08-04,1.145,0.852,1.437,1.022,1.258,rt,
musienene,2026-08-05,1.145,0.875,1.427,1.03,1.256,rt,
musienene,2026-08-06,1.148,0.884,1.417,1.033,1.259,rt,
musienene,2026-08-07,1.148,0.894,1.412,1.033,1.253,rt,
musienene,2026-08-08,1.145,0.888,1.422,1.033,1.254,rt,
musienene,2026-08-09,1.145,0.873,1.451,1.027,1.259,rt,
musienene,2026-08-10,1.131,0.837,1.471,1.006,1.257,rt,
musienene,2026-08-11,1.125,0.853,1.438,1.009,1.242,rt,
musienene,2026-08-12,1.121,0.859,1.417,1.008,1.228,rt,
musienene,2026-08-13,1.113,0.857,1.404,1.007,1.214,rt,
musienene,2026-08-14,1.107,0.855,1.401,1.007,1.21,rt,
musienene,2026-08-15,1.104,0.849,1.409,1.003,1.208,rt,
musienene,2026-08-16,1.102,0.829,1.427,0.993,1.214,rt,
musienene,2026-08-17,1.101,0.817,1.477,0.987,1.23,rt,
musienene,2026-08-18,1.103,0.838,1.433,0.995,1.22,rt,
musienene,2026-08-19,1.1,0.847,1.414,0.996,1.217,rt,
musienene,2026-08-20,1.098,0.856,1.401,0.996,1.215,rt,
musienene,2026-08-21,1.102,0.873,1.412,1.0,1.217,rt,
musienene,2026-08-22,1.106,0.868,1.423,0.997,1.223,rt,
musienene,2026-08-23,1.107,0.861,1.457,0.994,1.234,rt,
musienene,2026-08-24,1.106,0.841,1.494,0.987,1.247,rt,
musienene,2026-08-25,1.098,0.84,1.441,0.987,1.228,rt,
musienene,2026-08-26,1.088,0.841,1.408,0.984,1.217,rt,
musienene,2026-08-27,1.077,0.828,1.384,0.971,1.201,rt,
musienene,2026-08-28,1.063,0.814,1.362,0.953,1.178,rt,
musienene,2026-08-29,1.045,0.789,1.339,0.933,1.164,rt,
musienene,2026-08-30,1.028,0.752,1.334,0.907,1.148,rt,
musienene,2026-08-31,0.984,0.702,1.326,0.863,1.11,rt,
musienene,2026-09-01,0.935,0.675,1.235,0.827,1.05,rt,
musienene,2026-09-02,0.885,0.649,1.172,0.786,0.995,rt,
musienene,2026-09-03,0.838,0.616,1.111,0.742,0.945,rt,
musienene,2026-09-04,0.79,0.576,1.057,0.699,0.898,rt,
musienene,2026-09-05,0.743,0.534,1.0,0.652,0.856,rt,
musienene,2026-09-06,0.704,0.488,0.956,0.608,0.811,rt,
musienene,2026-09-07,0.676,0.447,0.941,0.574,0.783,rt,
musienene,2026-09-08,0.654,0.433,0.908,0.557,0.755,rt,
musienene,2026-09-09,0.634,0.429,0.889,0.543,0.734,rt,
musienene,2026-09-10,0.613,0.411,0.867,0.523,0.713,rt,
musienene,2026-09-11,0.587,0.389,0.85,0.503,0.692,rt,
musienene,2026-09-12,0.568,0.368,0.834,0.482,0.674,rt,
musienene,2026-09-13,0.55,0.346,0.826,0.461,0.656,rt,
musienene,2026-09-14,0.525,0.319,0.814,0.438,0.632,rt,
musienene,2026-09-15,0.513,0.315,0.807,0.425,0.618,rt,
musienene,2026-09-16,0.501,0.303,0.797,0.41,0.608,rt,
musienene,2026-09-17,0.489,0.29,0.792,0.399,0.596,rt,
musienene,2026-09-18,0.477,0.281,0.796,0.389,0.594,rt,
musienene,2026-09-19,0.47,0.271,0.809,0.38,0.59,rt,
musienene,2026-09-20,0.463,0.259,0.825,0.37,0.59,rt,
musienene,2026-09-21,0.465,0.249,0.862,0.365,0.598,rt,
musienene,2026-09-22,0.469,0.254,0.867,0.366,0.603,rt,
musienene,2026-09-23,0.471,0.252,0.878,0.365,0.617,rt,
musienene,2026-09-24,0.476,0.252,0.902,0.368,0.628,rt,
musienene,2026-09-25,0.482,0.251,0.935,0.372,0.64,rt,
musienene,2026-09-26,0.489,0.251,0.967,0.374,0.649,rt,
musienene,2026-09-27,0.493,0.248,1.01,0.375,0.66,rt,
mutwanga,2026-07-31,1.353,1.205,1.521,1.289,1.416,rt,
mutwanga,2026-08-01,1.364,1.224,1.52,1.302,1.424,rt,
mutwanga,2026-08-02,1.373,1.234,1.535,1.312,1.433,rt,
mutwanga,2026-08-03,1.379,1.234,1.548,1.318,1.441,rt,
mutwanga,2026-08-04,1.387,1.241,1.559,1.329,1.451,rt,
mutwanga,2026-08-05,1.396,1.245,1.572,1.335,1.465,rt,
mutwanga,2026-08-06,1.404,1.248,1.591,1.339,1.479,rt,
mutwanga,2026-08-07,1.41,1.26,1.602,1.346,1.484,rt,
mutwanga,2026-08-08,1.416,1.262,1.611,1.351,1.487,rt,
mutwanga,2026-08-09,1.418,1.264,1.623,1.356,1.491,rt,
mutwanga,2026-08-10,1.407,1.25,1.618,1.347,1.483,rt,
mutwanga,2026-08-11,1.399,1.242,1.599,1.338,1.471,rt,
mutwanga,2026-08-12,1.391,1.234,1.592,1.329,1.464,rt,
mutwanga,2026-08-13,1.383,1.221,1.587,1.319,1.458,rt,
mutwanga,2026-08-14,1.38,1.219,1.571,1.315,1.45,rt,
mutwanga,2026-08-15,1.377,1.22,1.566,1.312,1.444,rt,
mutwanga,2026-08-16,1.37,1.213,1.558,1.304,1.441,rt,
mutwanga,2026-08-17,1.374,1.211,1.578,1.306,1.449,rt,
mutwanga,2026-08-18,1.378,1.217,1.579,1.309,1.453,rt,
mutwanga,2026-08-19,1.383,1.216,1.589,1.31,1.462,rt,
mutwanga,2026-08-20,1.386,1.213,1.604,1.313,1.467,rt,
mutwanga,2026-08-21,1.396,1.232,1.612,1.323,1.474,rt,
mutwanga,2026-08-22,1.404,1.249,1.615,1.331,1.482,rt,
mutwanga,2026-08-23,1.41,1.256,1.626,1.341,1.49,rt,
mutwanga,2026-08-24,1.418,1.26,1.643,1.346,1.498,rt,
mutwanga,2026-08-25,1.423,1.268,1.649,1.352,1.504,rt,
mutwanga,2026-08-26,1.427,1.265,1.656,1.356,1.51,rt,
mutwanga,2026-08-27,1.432,1.259,1.657,1.357,1.516,rt,
mutwanga,2026-08-28,1.423,1.26,1.651,1.355,1.506,rt,
mutwanga,2026-08-29,1.418,1.254,1.645,1.349,1.498,rt,
mutwanga,2026-08-30,1.411,1.249,1.636,1.338,1.49,rt,
mutwanga,2026-08-31,1.372,1.21,1.594,1.299,1.454,rt,
mutwanga,2026-09-01,1.33,1.17,1.554,1.259,1.411,rt,
mutwanga,2026-09-02,1.287,1.124,1.516,1.217,1.372,rt,
mutwanga,2026-09-03,1.246,1.077,1.482,1.176,1.33,rt,
mutwanga,2026-09-04,1.199,1.038,1.429,1.134,1.286,rt,
mutwanga,2026-09-05,1.157,0.998,1.386,1.087,1.241,rt,
mutwanga,2026-09-06,1.114,0.953,1.342,1.04,1.196,rt,
mutwanga,2026-09-07,1.086,0.918,1.318,1.005,1.172,rt,
mutwanga,2026-09-08,1.064,0.892,1.296,0.983,1.151,rt,
mutwanga,2026-09-09,1.039,0.865,1.273,0.959,1.132,rt,
mutwanga,2026-09-10,1.018,0.839,1.256,0.937,1.114,rt,
mutwanga,2026-09-11,0.991,0.808,1.226,0.912,1.084,rt,
mutwanga,2026-09-12,0.962,0.779,1.198,0.884,1.059,rt,
mutwanga,2026-09-13,0.937,0.749,1.178,0.857,1.036,rt,
mutwanga,2026-09-14,0.908,0.714,1.152,0.826,1.011,rt,
mutwanga,2026-09-15,0.883,0.691,1.12,0.8,0.987,rt,
mutwanga,2026-09-16,0.861,0.667,1.102,0.778,0.962,rt,
mutwanga,2026-09-17,0.842,0.641,1.089,0.753,0.945,rt,
mutwanga,2026-09-18,0.826,0.622,1.074,0.738,0.926,rt,
mutwanga,2026-09-19,0.809,0.602,1.069,0.719,0.911,rt,
mutwanga,2026-09-20,0.797,0.582,1.068,0.702,0.899,rt,
mutwanga,2026-09-21,0.798,0.572,1.079,0.697,0.906,rt,
mutwanga,2026-09-22,0.8,0.566,1.092,0.696,0.908,rt,
mutwanga,2026-09-23,0.803,0.562,1.105,0.693,0.916,rt,
mutwanga,2026-09-24,0.807,0.557,1.122,0.69,0.922,rt,
mutwanga,2026-09-25,0.813,0.564,1.12,0.7,0.925,rt,
mutwanga,2026-09-26,0.816,0.567,1.118,0.707,0.928,rt,
mutwanga,2026-09-27,0.821,0.576,1.115,0.715,0.929,rt,
oicha,2026-07-08,1.347,1.163,1.541,1.269,1.424,rt,
oicha,2026-07-09,1.345,1.156,1.543,1.263,1.424,rt,
oicha,2026-07-10,1.336,1.157,1.526,1.257,1.413,rt,
oicha,2026-07-11,1.326,1.151,1.515,1.248,1.404,rt,
oicha,2026-07-12,1.315,1.143,1.503,1.241,1.393,rt,
oicha,2026-07-13,1.309,1.131,1.498,1.232,1.386,rt,
oicha,2026-07-14,1.3,1.129,1.484,1.229,1.376,rt,
oicha,2026-07-15,1.295,1.128,1.473,1.225,1.366,rt,
oicha,2026-07-16,1.29,1.126,1.467,1.221,1.359,rt,
oicha,2026-07-17,1.284,1.124,1.457,1.218,1.352,rt,
oicha,2026-07-18,1.277,1.119,1.451,1.214,1.346,rt,
oicha,2026-07-19,1.273,1.116,1.45,1.209,1.341,rt,
oicha,2026-07-20,1.27,1.107,1.458,1.203,1.342,rt,
oicha,2026-07-21,1.268,1.105,1.447,1.202,1.338,rt,
oicha,2026-07-22,1.265,1.104,1.442,1.199,1.336,rt,
oicha,2026-07-23,1.262,1.099,1.441,1.197,1.334,rt,
oicha,2026-07-24,1.266,1.109,1.436,1.2,1.335,rt,
oicha,2026-07-25,1.27,1.114,1.438,1.202,1.335,rt,
oicha,2026-07-26,1.272,1.115,1.45,1.204,1.339,rt,
oicha,2026-07-27,1.286,1.123,1.465,1.214,1.353,rt,
oicha,2026-07-28,1.301,1.144,1.481,1.232,1.37,rt,
oicha,2026-07-29,1.314,1.158,1.498,1.246,1.385,rt,
oicha,2026-07-30,1.329,1.17,1.511,1.26,1.403,rt,
oicha,2026-07-31,1.339,1.192,1.512,1.274,1.405,rt,
oicha,2026-08-01,1.352,1.21,1.514,1.289,1.413,rt,
oicha,2026-08-02,1.363,1.22,1.527,1.301,1.421,rt,
oicha,2026-08-03,1.372,1.22,1.54,1.308,1.431,rt,
oicha,2026-08-04,1.379,1.228,1.553,1.321,1.445,rt,
oicha,2026-08-05,1.387,1.236,1.566,1.326,1.46,rt,
oicha,2026-08-06,1.398,1.242,1.587,1.332,1.475,rt,
oicha,2026-08-07,1.407,1.252,1.598,1.34,1.477,rt,
oicha,2026-08-08,1.413,1.257,1.609,1.346,1.483,rt,
oicha,2026-08-09,1.42,1.263,1.619,1.352,1.489,rt,
oicha,2026-08-10,1.41,1.25,1.62,1.341,1.479,rt,
oicha,2026-08-11,1.4,1.243,1.607,1.335,1.471,rt,
oicha,2026-08-12,1.393,1.231,1.601,1.33,1.465,rt,
oicha,2026-08-13,1.387,1.223,1.591,1.323,1.457,rt,
oicha,2026-08-14,1.382,1.224,1.576,1.321,1.454,rt,
oicha,2026-08-15,1.379,1.221,1.573,1.314,1.449,rt,
oicha,2026-08-16,1.375,1.215,1.569,1.307,1.442,rt,
oicha,2026-08-17,1.379,1.216,1.581,1.309,1.452,rt,
oicha,2026-08-18,1.383,1.222,1.584,1.315,1.463,rt,
oicha,2026-08-19,1.386,1.22,1.587,1.318,1.468,rt,
oicha,2026-08-20,1.39,1.218,1.6,1.318,1.474,rt,
oicha,2026-08-21,1.402,1.234,1.612,1.329,1.482,rt,
oicha,2026-08-22,1.411,1.248,1.62,1.341,1.492,rt,
oicha,2026-08-23,1.418,1.262,1.627,1.35,1.5,rt,
oicha,2026-08-24,1.425,1.263,1.644,1.359,1.511,rt,
oicha,2026-08-25,1.432,1.266,1.65,1.361,1.514,rt,
oicha,2026-08-26,1.433,1.264,1.656,1.361,1.516,rt,
oicha,2026-08-27,1.435,1.258,1.663,1.359,1.522,rt,
oicha,2026-08-28,1.427,1.254,1.659,1.358,1.511,rt,
oicha,2026-08-29,1.42,1.253,1.639,1.349,1.498,rt,
oicha,2026-08-30,1.415,1.246,1.637,1.338,1.486,rt,
oicha,2026-08-31,1.375,1.205,1.599,1.297,1.45,rt,
oicha,2026-09-01,1.331,1.162,1.553,1.254,1.407,rt,
oicha,2026-09-02,1.285,1.119,1.505,1.21,1.364,rt,
oicha,2026-09-03,1.24,1.074,1.465,1.167,1.323,rt,
oicha,2026-09-04,1.192,1.035,1.412,1.126,1.273,rt,
oicha,2026-09-05,1.146,0.989,1.362,1.078,1.229,rt,
oicha,2026-09-06,1.099,0.944,1.316,1.03,1.183,rt,
oicha,2026-09-07,1.069,0.907,1.288,0.993,1.153,rt,
oicha,2026-09-08,1.046,0.877,1.26,0.968,1.131,rt,
oicha,2026-09-09,1.021,0.851,1.241,0.944,1.112,rt,
oicha,2026-09-10,0.998,0.824,1.222,0.92,1.091,rt,
oicha,2026-09-11,0.97,0.794,1.19,0.893,1.061,rt,
oicha,2026-09-12,0.941,0.765,1.165,0.863,1.033,rt,
oicha,2026-09-13,0.915,0.734,1.139,0.834,1.006,rt,
oicha,2026-09-14,0.885,0.7,1.112,0.8,0.977,rt,
oicha,2026-09-15,0.858,0.676,1.092,0.777,0.955,rt,
oicha,2026-09-16,0.837,0.651,1.07,0.756,0.934,rt,
oicha,2026-09-17,0.817,0.625,1.057,0.732,0.916,rt,
oicha,2026-09-18,0.799,0.606,1.045,0.713,0.899,rt,
oicha,2026-09-19,0.785,0.581,1.037,0.697,0.888,rt,
oicha,2026-09-20,0.772,0.56,1.03,0.677,0.876,rt,
oicha,2026-09-21,0.774,0.55,1.048,0.673,0.879,rt,
oicha,2026-09-22,0.775,0.545,1.055,0.67,0.884,rt,
oicha,2026-09-23,0.775,0.542,1.066,0.669,0.892,rt,
oicha,2026-09-24,0.776,0.538,1.086,0.667,0.896,rt,
oicha,2026-09-25,0.781,0.539,1.082,0.674,0.896,rt,
oicha,2026-09-26,0.783,0.542,1.085,0.683,0.899,rt,
oicha,2026-09-27,0.788,0.54,1.086,0.69,0.903,rt,
vuhovi,2026-07-16,1.362,1.184,1.557,1.287,1.436,rt,
vuhovi,2026-07-17,1.355,1.185,1.54,1.283,1.426,rt,
vuhovi,2026-07-18,1.346,1.182,1.53,1.28,1.42,rt,
vuhovi,2026-07-19,1.341,1.173,1.528,1.271,1.415,rt,
vuhovi,2026-07-20,1.339,1.165,1.536,1.265,1.413,rt,
vuhovi,2026-07-21,1.334,1.159,1.531,1.26,1.409,rt,
vuhovi,2026-07-22,1.33,1.155,1.522,1.256,1.406,rt,
vuhovi,2026-07-23,1.325,1.149,1.521,1.251,1.406,rt,
vuhovi,2026-07-24,1.33,1.159,1.518,1.253,1.405,rt,
vuhovi,2026-07-25,1.331,1.162,1.52,1.255,1.407,rt,
vuhovi,2026-07-26,1.335,1.165,1.519,1.254,1.407,rt,
vuhovi,2026-07-27,1.35,1.171,1.543,1.264,1.423,rt,
vuhovi,2026-07-28,1.362,1.186,1.553,1.281,1.437,rt,
vuhovi,2026-07-29,1.376,1.202,1.567,1.297,1.45,rt,
vuhovi,2026-07-30,1.389,1.21,1.582,1.311,1.465,rt,
vuhovi,2026-07-31,1.399,1.232,1.577,1.327,1.471,rt,
vuhovi,2026-08-01,1.411,1.253,1.576,1.342,1.475,rt,
vuhovi,2026-08-02,1.422,1.264,1.585,1.352,1.483,rt,
vuhovi,2026-08-03,1.427,1.265,1.6,1.359,1.49,rt,
vuhovi,2026-08-04,1.436,1.276,1.61,1.371,1.502,rt,
vuhovi,2026-08-05,1.445,1.283,1.627,1.376,1.516,rt,
vuhovi,2026-08-06,1.456,1.284,1.646,1.381,1.529,rt,
vuhovi,2026-08-07,1.46,1.296,1.653,1.389,1.536,rt,
vuhovi,2026-08-08,1.464,1.304,1.663,1.396,1.538,rt,
vuhovi,2026-08-09,1.471,1.304,1.678,1.401,1.543,rt,
vuhovi,2026-08-10,1.457,1.286,1.673,1.389,1.532,rt,
vuhovi,2026-08-11,1.449,1.277,1.659,1.38,1.523,rt,
vuhovi,2026-08-12,1.443,1.268,1.65,1.368,1.515,rt,
vuhovi,2026-08-13,1.433,1.258,1.644,1.357,1.51,rt,
vuhovi,2026-08-14,1.428,1.257,1.621,1.354,1.502,rt,
vuhovi,2026-08-15,1.422,1.256,1.614,1.35,1.496,rt,
vuhovi,2026-08-16,1.417,1.252,1.61,1.346,1.491,rt,
vuhovi,2026-08-17,1.419,1.25,1.622,1.347,1.494,rt,
vuhovi,2026-08-18,1.421,1.25,1.625,1.351,1.501,rt,
vuhovi,2026-08-19,1.425,1.25,1.641,1.353,1.507,rt,
vuhovi,2026-08-20,1.426,1.249,1.655,1.352,1.513,rt,
vuhovi,2026-08-21,1.435,1.267,1.66,1.365,1.519,rt,
vuhovi,2026-08-22,1.443,1.28,1.661,1.37,1.523,rt,
vuhovi,2026-08-23,1.451,1.287,1.672,1.377,1.533,rt,
vuhovi,2026-08-24,1.457,1.289,1.679,1.383,1.54,rt,
vuhovi,2026-08-25,1.461,1.288,1.679,1.382,1.54,rt,
vuhovi,2026-08-26,1.46,1.287,1.678,1.38,1.546,rt,
vuhovi,2026-08-27,1.458,1.28,1.683,1.377,1.544,rt,
vuhovi,2026-08-28,1.449,1.274,1.668,1.369,1.528,rt,
vuhovi,2026-08-29,1.438,1.268,1.65,1.36,1.512,rt,
vuhovi,2026-08-30,1.42,1.249,1.642,1.343,1.502,rt,
vuhovi,2026-08-31,1.374,1.206,1.593,1.297,1.458,rt,
vuhovi,2026-09-01,1.326,1.165,1.537,1.252,1.406,rt,
vuhovi,2026-09-02,1.276,1.114,1.49,1.205,1.358,rt,
vuhovi,2026-09-03,1.229,1.063,1.448,1.16,1.312,rt,
vuhovi,2026-09-04,1.177,1.019,1.387,1.109,1.256,rt,
vuhovi,2026-09-05,1.126,0.978,1.335,1.058,1.203,rt,
vuhovi,2026-09-06,1.08,0.925,1.284,1.009,1.154,rt,
vuhovi,2026-09-07,1.044,0.878,1.253,0.967,1.122,rt,
vuhovi,2026-09-08,1.017,0.847,1.225,0.941,1.096,rt,
vuhovi,2026-09-09,0.988,0.822,1.197,0.913,1.071,rt,
vuhovi,2026-09-10,0.96,0.791,1.177,0.887,1.05,rt,
vuhovi,2026-09-11,0.927,0.761,1.142,0.857,1.019,rt,
vuhovi,2026-09-12,0.897,0.727,1.116,0.828,0.991,rt,
vuhovi,2026-09-13,0.871,0.696,1.094,0.796,0.964,rt,
vuhovi,2026-09-14,0.839,0.659,1.067,0.759,0.932,rt,
vuhovi,2026-09-15,0.818,0.636,1.039,0.734,0.904,rt,
vuhovi,2026-09-16,0.793,0.612,1.014,0.709,0.881,rt,
vuhovi,2026-09-17,0.771,0.587,0.995,0.685,0.862,rt,
vuhovi,2026-09-18,0.755,0.567,0.988,0.667,0.85,rt,
vuhovi,2026-09-19,0.737,0.546,0.983,0.647,0.84,rt,
vuhovi,2026-09-20,0.724,0.519,0.974,0.628,0.827,rt,
vuhovi,2026-09-21,0.722,0.501,0.99,0.62,0.828,rt,
vuhovi,2026-09-22,0.722,0.498,1.005,0.622,0.832,rt,
vuhovi,2026-09-23,0.719,0.491,1.022,0.62,0.839,rt,
vuhovi,2026-09-24,0.717,0.483,1.034,0.617,0.842,rt,
vuhovi,2026-09-25,0.723,0.486,1.033,0.619,0.845,rt,
vuhovi,2026-09-26,0.725,0.485,1.033,0.621,0.849,rt,
vuhovi,2026-09-27,0.73,0.485,1.037,0.623,0.854,rt,
boma_mangbetu,2026-07-10,2.14,1.594,2.807,1.916,2.391,rt,
boma_mangbetu,2026-07-11,2.064,1.549,2.693,1.862,2.305,rt,
boma_mangbetu,2026-07-12,1.995,1.503,2.611,1.792,2.227,rt,
boma_mangbetu,2026-07-13,1.942,1.436,2.56,1.726,2.171,rt,
boma_mangbetu,2026-07-14,1.893,1.406,2.475,1.677,2.108,rt,
boma_mangbetu,2026-07-15,1.842,1.382,2.405,1.636,2.056,rt,
boma_mangbetu,2026-07-16,1.79,1.337,2.344,1.592,1.997,rt,
boma_mangbetu,2026-07-17,1.729,1.301,2.238,1.543,1.927,rt,
boma_mangbetu,2026-07-18,1.659,1.256,2.149,1.493,1.854,rt,
boma_mangbetu,2026-07-19,1.601,1.205,2.086,1.442,1.787,rt,
boma_mangbetu,2026-07-20,1.537,1.151,2.019,1.376,1.723,rt,
boma_mangbetu,2026-07-21,1.475,1.122,1.927,1.327,1.65,rt,
boma_mangbetu,2026-07-22,1.421,1.084,1.86,1.28,1.585,rt,
boma_mangbetu,2026-07-23,1.366,1.042,1.791,1.233,1.524,rt,
boma_mangbetu,2026-07-24,1.325,1.027,1.713,1.203,1.47,rt,
boma_mangbetu,2026-07-25,1.287,1.0,1.651,1.169,1.426,rt,
boma_mangbetu,2026-07-26,1.256,0.963,1.616,1.136,1.385,rt,
boma_mangbetu,2026-07-27,1.237,0.938,1.619,1.114,1.374,rt,
boma_mangbetu,2026-07-28,1.22,0.934,1.572,1.1,1.353,rt,
boma_mangbetu,2026-07-29,1.205,0.918,1.534,1.081,1.332,rt,
boma_mangbetu,2026-07-30,1.185,0.901,1.506,1.058,1.31,rt,
boma_mangbetu,2026-07-31,1.166,0.884,1.473,1.044,1.286,rt,
boma_mangbetu,2026-08-01,1.147,0.867,1.453,1.03,1.266,rt,
boma_mangbetu,2026-08-02,1.13,0.844,1.445,1.012,1.246,rt,
boma_mangbetu,2026-08-03,1.113,0.823,1.436,0.993,1.241,rt,
boma_mangbetu,2026-08-04,1.106,0.823,1.427,0.991,1.232,rt,
boma_mangbetu,2026-08-05,1.1,0.831,1.404,0.989,1.222,rt,
boma_mangbetu,2026-08-06,1.088,0.829,1.399,0.983,1.212,rt,
boma_mangbetu,2026-08-07,1.078,0.83,1.385,0.973,1.202,rt,
boma_mangbetu,2026-08-08,1.071,0.811,1.372,0.966,1.191,rt,
boma_mangbetu,2026-08-09,1.066,0.793,1.368,0.952,1.178,rt,
boma_mangbetu,2026-08-10,1.035,0.756,1.343,0.921,1.156,rt,
boma_mangbetu,2026-08-11,1.02,0.76,1.316,0.908,1.137,rt,
boma_mangbetu,2026-08-12,1.004,0.751,1.294,0.894,1.12,rt,
boma_mangbetu,2026-08-13,0.994,0.74,1.281,0.881,1.106,rt,
boma_mangbetu,2026-08-14,0.977,0.734,1.263,0.873,1.087,rt,
boma_mangbetu,2026-08-15,0.963,0.728,1.239,0.862,1.07,rt,
boma_mangbetu,2026-08-16,0.946,0.718,1.214,0.847,1.048,rt,
boma_mangbetu,2026-08-17,0.936,0.706,1.215,0.832,1.042,rt,
boma_mangbetu,2026-08-18,0.926,0.705,1.194,0.829,1.028,rt,
boma_mangbetu,2026-08-19,0.914,0.7,1.186,0.82,1.013,rt,
boma_mangbetu,2026-08-20,0.902,0.688,1.168,0.81,1.004,rt,
boma_mangbetu,2026-08-21,0.897,0.691,1.158,0.806,0.997,rt,
boma_mangbetu,2026-08-22,0.893,0.684,1.16,0.802,0.995,rt,
boma_mangbetu,2026-08-23,0.889,0.674,1.166,0.793,0.989,rt,
boma_mangbetu,2026-08-24,0.906,0.674,1.208,0.802,1.016,rt,
boma_mangbetu,2026-08-25,0.925,0.687,1.223,0.818,1.038,rt,
boma_mangbetu,2026-08-26,0.944,0.701,1.243,0.835,1.062,rt,
boma_mangbetu,2026-08-27,0.957,0.705,1.277,0.848,1.084,rt,
boma_mangbetu,2026-08-28,0.973,0.729,1.288,0.865,1.095,rt,
boma_mangbetu,2026-08-29,0.989,0.749,1.309,0.886,1.111,rt,
boma_mangbetu,2026-08-30,1.002,0.759,1.334,0.9,1.131,rt,
boma_mangbetu,2026-08-31,1.007,0.751,1.347,0.893,1.135,rt,
boma_mangbetu,2026-09-01,1.009,0.757,1.345,0.891,1.137,rt,
boma_mangbetu,2026-09-02,1.009,0.751,1.347,0.89,1.138,rt,
boma_mangbetu,2026-09-03,1.008,0.741,1.355,0.884,1.141,rt,
boma_mangbetu,2026-09-04,0.996,0.732,1.327,0.875,1.131,rt,
boma_mangbetu,2026-09-05,0.981,0.719,1.305,0.86,1.115,rt,
boma_mangbetu,2026-09-06,0.967,0.694,1.302,0.841,1.104,rt,
boma_mangbetu,2026-09-07,0.971,0.691,1.313,0.841,1.113,rt,
boma_mangbetu,2026-09-08,0.97,0.686,1.311,0.842,1.108,rt,
boma_mangbetu,2026-09-09,0.961,0.684,1.312,0.844,1.103,rt,
boma_mangbetu,2026-09-10,0.96,0.676,1.329,0.841,1.103,rt,
boma_mangbetu,2026-09-11,0.953,0.674,1.334,0.83,1.091,rt,
boma_mangbetu,2026-09-12,0.945,0.653,1.339,0.824,1.084,rt,
boma_mangbetu,2026-09-13,0.94,0.643,1.343,0.816,1.079,rt,
boma_mangbetu,2026-09-14,0.917,0.615,1.335,0.787,1.056,rt,
boma_mangbetu,2026-09-15,0.893,0.593,1.316,0.765,1.034,rt,
boma_mangbetu,2026-09-16,0.873,0.57,1.296,0.743,1.012,rt,
boma_mangbetu,2026-09-17,0.853,0.556,1.255,0.72,0.993,rt,
boma_mangbetu,2026-09-18,0.834,0.544,1.249,0.699,0.981,rt,
boma_mangbetu,2026-09-19,0.82,0.517,1.243,0.684,0.967,rt,
boma_mangbetu,2026-09-20,0.805,0.495,1.237,0.663,0.955,rt,
boma_mangbetu,2026-09-21,0.795,0.48,1.243,0.653,0.956,rt,
boma_mangbetu,2026-09-22,0.791,0.476,1.247,0.646,0.958,rt,
boma_mangbetu,2026-09-23,0.787,0.472,1.272,0.641,0.961,rt,
boma_mangbetu,2026-09-24,0.785,0.465,1.28,0.637,0.96,rt,
boma_mangbetu,2026-09-25,0.791,0.475,1.273,0.645,0.96,rt,
boma_mangbetu,2026-09-26,0.791,0.481,1.266,0.65,0.958,rt,
boma_mangbetu,2026-09-27,0.795,0.484,1.246,0.65,0.957,rt,
isiro,2026-07-05,3.385,2.41,4.911,2.945,3.872,rt,
isiro,2026-07-06,3.315,2.32,4.786,2.881,3.789,rt,
isiro,2026-07-07,3.223,2.303,4.639,2.834,3.682,rt,
isiro,2026-07-08,3.148,2.272,4.492,2.774,3.585,rt,
isiro,2026-07-09,3.07,2.239,4.305,2.704,3.488,rt,
isiro,2026-07-10,2.987,2.221,4.147,2.649,3.391,rt,
isiro,2026-07-11,2.909,2.164,4.004,2.578,3.29,rt,
isiro,2026-07-12,2.827,2.112,3.893,2.518,3.201,rt,
isiro,2026-07-13,2.758,2.05,3.846,2.449,3.13,rt,
isiro,2026-07-14,2.674,2.004,3.648,2.386,3.015,rt,
isiro,2026-07-15,2.587,1.955,3.474,2.32,2.908,rt,
isiro,2026-07-16,2.504,1.907,3.318,2.242,2.813,rt,
isiro,2026-07-17,2.396,1.862,3.095,2.159,2.666,rt,
isiro,2026-07-18,2.295,1.805,2.942,2.065,2.547,rt,
isiro,2026-07-19,2.194,1.737,2.803,1.986,2.432,rt,
isiro,2026-07-20,2.087,1.655,2.683,1.889,2.33,rt,
isiro,2026-07-21,1.99,1.594,2.521,1.812,2.201,rt,
isiro,2026-07-22,1.901,1.536,2.39,1.735,2.095,rt,
isiro,2026-07-23,1.82,1.469,2.285,1.665,1.996,rt,
isiro,2026-07-24,1.757,1.419,2.185,1.614,1.917,rt,
isiro,2026-07-25,1.694,1.371,2.099,1.556,1.847,rt,
isiro,2026-07-26,1.634,1.316,2.031,1.493,1.788,rt,
isiro,2026-07-27,1.598,1.271,2.001,1.459,1.757,rt,
isiro,2026-07-28,1.57,1.269,1.957,1.438,1.722,rt,
isiro,2026-07-29,1.537,1.265,1.909,1.419,1.684,rt,
isiro,2026-07-30,1.516,1.244,1.887,1.398,1.652,rt,
isiro,2026-07-31,1.49,1.236,1.822,1.381,1.619,rt,
isiro,2026-08-01,1.469,1.214,1.792,1.357,1.587,rt,
isiro,2026-08-02,1.447,1.184,1.771,1.333,1.566,rt,
isiro,2026-08-03,1.423,1.148,1.771,1.306,1.561,rt,
isiro,2026-08-04,1.4,1.14,1.726,1.287,1.533,rt,
isiro,2026-08-05,1.379,1.119,1.695,1.26,1.503,rt,
isiro,2026-08-06,1.355,1.094,1.667,1.231,1.479,rt,
isiro,2026-08-07,1.32,1.073,1.624,1.21,1.444,rt,
isiro,2026-08-08,1.289,1.044,1.593,1.184,1.411,rt,
isiro,2026-08-09,1.257,1.006,1.572,1.151,1.385,rt,
isiro,2026-08-10,1.206,0.947,1.55,1.101,1.338,rt,
isiro,2026-08-11,1.143,0.903,1.452,1.043,1.265,rt,
isiro,2026-08-12,1.085,0.85,1.376,0.985,1.195,rt,
isiro,2026-08-13,1.024,0.802,1.306,0.931,1.13,rt,
isiro,2026-08-14,0.973,0.768,1.215,0.888,1.063,rt,
isiro,2026-08-15,0.922,0.733,1.137,0.842,1.004,rt,
isiro,2026-08-16,0.87,0.684,1.078,0.79,0.953,rt,
isiro,2026-08-17,0.826,0.643,1.03,0.746,0.911,rt,
isiro,2026-08-18,0.789,0.608,0.978,0.715,0.868,rt,
isiro,2026-08-19,0.752,0.581,0.937,0.681,0.827,rt,
isiro,2026-08-20,0.715,0.548,0.897,0.648,0.789,rt,
isiro,2026-08-21,0.687,0.52,0.865,0.62,0.759,rt,
isiro,2026-08-22,0.66,0.492,0.841,0.593,0.73,rt,
isiro,2026-08-23,0.634,0.456,0.82,0.564,0.704,rt,
isiro,2026-08-24,0.625,0.434,0.819,0.548,0.699,rt,
isiro,2026-08-25,0.617,0.431,0.809,0.542,0.692,rt,
isiro,2026-08-26,0.61,0.423,0.806,0.533,0.687,rt,
isiro,2026-08-27,0.603,0.415,0.804,0.528,0.683,rt,
isiro,2026-08-28,0.597,0.409,0.8,0.52,0.676,rt,
isiro,2026-08-29,0.59,0.399,0.794,0.514,0.669,rt,
isiro,2026-08-30,0.584,0.388,0.793,0.502,0.666,rt,
isiro,2026-08-31,0.567,0.369,0.791,0.485,0.653,rt,
isiro,2026-09-01,0.558,0.366,0.782,0.48,0.643,rt,
isiro,2026-09-02,0.547,0.358,0.775,0.469,0.638,rt,
isiro,2026-09-03,0.54,0.351,0.771,0.456,0.629,rt,
isiro,2026-09-04,0.524,0.335,0.753,0.444,0.616,rt,
isiro,2026-09-05,0.509,0.321,0.736,0.426,0.602,rt,
isiro,2026-09-06,0.495,0.304,0.731,0.409,0.591,rt,
isiro,2026-09-07,0.49,0.294,0.732,0.403,0.589,rt,
isiro,2026-09-08,0.493,0.298,0.743,0.404,0.592,rt,
isiro,2026-09-09,0.494,0.296,0.75,0.406,0.59,rt,
isiro,2026-09-10,0.497,0.293,0.764,0.405,0.591,rt,
isiro,2026-09-11,0.493,0.287,0.775,0.403,0.591,rt,
isiro,2026-09-12,0.495,0.284,0.786,0.401,0.597,rt,
isiro,2026-09-13,0.493,0.278,0.794,0.398,0.604,rt,
isiro,2026-09-14,0.481,0.269,0.79,0.383,0.601,rt,
isiro,2026-09-15,0.474,0.264,0.793,0.378,0.594,rt,
isiro,2026-09-16,0.467,0.258,0.798,0.373,0.594,rt,
isiro,2026-09-17,0.463,0.251,0.804,0.368,0.586,rt,
isiro,2026-09-18,0.459,0.245,0.804,0.364,0.585,rt,
isiro,2026-09-19,0.459,0.239,0.812,0.357,0.59,rt,
isiro,2026-09-20,0.457,0.231,0.815,0.353,0.586,rt,
isiro,2026-09-21,0.462,0.228,0.833,0.353,0.596,rt,
isiro,2026-09-22,0.464,0.227,0.837,0.355,0.6,rt,
isiro,2026-09-23,0.47,0.231,0.858,0.353,0.607,rt,
isiro,2026-09-24,0.475,0.232,0.884,0.355,0.619,rt,
isiro,2026-09-25,0.483,0.237,0.888,0.36,0.624,rt,
isiro,2026-09-26,0.49,0.243,0.89,0.368,0.637,rt,
isiro,2026-09-27,0.497,0.25,0.905,0.375,0.644,rt,
pawa,2026-07-09,2.483,1.769,3.35,2.163,2.815,rt,
pawa,2026-07-10,2.41,1.752,3.194,2.113,2.725,rt,
pawa,2026-07-11,2.351,1.692,3.075,2.053,2.644,rt,
pawa,2026-07-12,2.276,1.636,2.98,1.992,2.569,rt,
pawa,2026-07-13,2.217,1.568,2.893,1.937,2.494,rt,
pawa,2026-07-14,2.157,1.547,2.801,1.895,2.422,rt,
pawa,2026-07-15,2.103,1.537,2.739,1.852,2.359,rt,
pawa,2026-07-16,2.055,1.501,2.681,1.813,2.296,rt,
pawa,2026-07-17,1.98,1.469,2.55,1.752,2.206,rt,
pawa,2026-07-18,1.916,1.416,2.441,1.697,2.123,rt,
pawa,2026-07-19,1.846,1.366,2.371,1.639,2.051,rt,
pawa,2026-07-20,1.773,1.3,2.301,1.573,1.982,rt,
pawa,2026-07-21,1.709,1.267,2.2,1.532,1.905,rt,
pawa,2026-07-22,1.653,1.229,2.113,1.484,1.836,rt,
pawa,2026-07-23,1.597,1.184,2.054,1.437,1.772,rt,
pawa,2026-07-24,1.561,1.161,1.987,1.402,1.722,rt,
pawa,2026-07-25,1.526,1.141,1.933,1.37,1.683,rt,
pawa,2026-07-26,1.498,1.118,1.893,1.336,1.647,rt,
pawa,2026-07-27,1.482,1.102,1.889,1.316,1.635,rt,
pawa,2026-07-28,1.476,1.1,1.861,1.318,1.62,rt,
pawa,2026-07-29,1.467,1.116,1.839,1.321,1.614,rt,
pawa,2026-07-30,1.46,1.119,1.833,1.322,1.605,rt,
pawa,2026-07-31,1.455,1.125,1.811,1.316,1.595,rt,
pawa,2026-08-01,1.454,1.123,1.781,1.323,1.592,rt,
pawa,2026-08-02,1.449,1.111,1.767,1.315,1.581,rt,
pawa,2026-08-03,1.454,1.099,1.78,1.309,1.591,rt,
pawa,2026-08-04,1.463,1.119,1.791,1.328,1.6,rt,
pawa,2026-08-05,1.473,1.139,1.803,1.341,1.61,rt,
pawa,2026-08-06,1.488,1.155,1.832,1.352,1.625,rt,
pawa,2026-08-07,1.496,1.176,1.831,1.362,1.632,rt,
pawa,2026-08-08,1.5,1.18,1.838,1.367,1.637,rt,
pawa,2026-08-09,1.506,1.186,1.868,1.368,1.645,rt,
pawa,2026-08-10,1.481,1.16,1.868,1.341,1.633,rt,
pawa,2026-08-11,1.462,1.158,1.845,1.336,1.614,rt,
pawa,2026-08-12,1.454,1.151,1.841,1.329,1.604,rt,
pawa,2026-08-13,1.443,1.133,1.849,1.314,1.595,rt,
pawa,2026-08-14,1.433,1.131,1.837,1.304,1.575,rt,
pawa,2026-08-15,1.421,1.126,1.817,1.297,1.555,rt,
pawa,2026-08-16,1.405,1.104,1.814,1.283,1.542,rt,
pawa,2026-08-17,1.391,1.088,1.829,1.274,1.538,rt,
pawa,2026-08-18,1.379,1.089,1.784,1.264,1.517,rt,
pawa,2026-08-19,1.361,1.085,1.753,1.244,1.491,rt,
pawa,2026-08-20,1.341,1.071,1.743,1.225,1.475,rt,
pawa,2026-08-21,1.333,1.068,1.728,1.216,1.461,rt,
pawa,2026-08-22,1.32,1.06,1.729,1.203,1.456,rt,
pawa,2026-08-23,1.304,1.047,1.733,1.188,1.447,rt,
pawa,2026-08-24,1.331,1.056,1.758,1.205,1.483,rt,
pawa,2026-08-25,1.345,1.067,1.753,1.218,1.491,rt,
pawa,2026-08-26,1.35,1.077,1.762,1.232,1.505,rt,
pawa,2026-08-27,1.356,1.076,1.764,1.236,1.516,rt,
pawa,2026-08-28,1.363,1.095,1.75,1.246,1.512,rt,
pawa,2026-08-29,1.372,1.113,1.74,1.259,1.511,rt,
pawa,2026-08-30,1.382,1.113,1.735,1.259,1.513,rt,
pawa,2026-08-31,1.372,1.097,1.708,1.245,1.502,rt,
pawa,2026-09-01,1.348,1.084,1.685,1.229,1.476,rt,
pawa,2026-09-02,1.329,1.058,1.673,1.209,1.46,rt,
pawa,2026-09-03,1.306,1.024,1.654,1.19,1.44,rt,
pawa,2026-09-04,1.271,1.006,1.586,1.159,1.4,rt,
pawa,2026-09-05,1.238,0.973,1.538,1.127,1.364,rt,
pawa,2026-09-06,1.201,0.937,1.502,1.088,1.323,rt,
pawa,2026-09-07,1.187,0.912,1.5,1.073,1.313,rt,
pawa,2026-09-08,1.18,0.905,1.496,1.068,1.306,rt,
pawa,2026-09-09,1.174,0.894,1.494,1.058,1.304,rt,
pawa,2026-09-10,1.166,0.88,1.499,1.046,1.304,rt,
pawa,2026-09-11,1.151,0.865,1.498,1.031,1.291,rt,
pawa,2026-09-12,1.132,0.844,1.486,1.015,1.278,rt,
pawa,2026-09-13,1.124,0.817,1.498,0.997,1.278,rt,
pawa,2026-09-14,1.088,0.784,1.479,0.958,1.256,rt,
pawa,2026-09-15,1.064,0.754,1.471,0.928,1.227,rt,
pawa,2026-09-16,1.035,0.717,1.458,0.895,1.211,rt,
pawa,2026-09-17,1.007,0.688,1.441,0.867,1.189,rt,
pawa,2026-09-18,0.983,0.665,1.423,0.851,1.164,rt,
pawa,2026-09-19,0.964,0.647,1.415,0.83,1.144,rt,
pawa,2026-09-20,0.945,0.623,1.396,0.809,1.127,rt,
pawa,2026-09-21,0.94,0.606,1.411,0.795,1.123,rt,
pawa,2026-09-22,0.933,0.591,1.404,0.788,1.12,rt,
pawa,2026-09-23,0.927,0.582,1.408,0.777,1.116,rt,
pawa,2026-09-24,0.92,0.564,1.42,0.764,1.108,rt,
pawa,2026-09-25,0.924,0.574,1.396,0.772,1.101,rt,
pawa,2026-09-26,0.925,0.579,1.372,0.776,1.094,rt,
pawa,2026-09-27,0.927,0.587,1.348,0.783,1.084,rt,
wamba,2026-06-27,2.778,2.085,3.776,2.476,3.153,rt,
wamba,2026-06-28,2.769,2.068,3.742,2.459,3.144,rt,
wamba,2026-06-29,2.704,2.003,3.683,2.402,3.068,rt,
wamba,2026-06-30,2.647,1.971,3.585,2.364,3.009,rt,
wamba,2026-07-01,2.608,1.931,3.531,2.31,2.944,rt,
wamba,2026-07-02,2.56,1.889,3.458,2.26,2.894,rt,
wamba,2026-07-03,2.524,1.876,3.353,2.252,2.84,rt,
wamba,2026-07-04,2.485,1.878,3.293,2.227,2.794,rt,
wamba,2026-07-05,2.447,1.857,3.217,2.189,2.75,rt,
wamba,2026-07-06,2.367,1.784,3.139,2.103,2.668,rt,
wamba,2026-07-07,2.287,1.756,3.006,2.042,2.584,rt,
wamba,2026-07-08,2.223,1.719,2.888,1.992,2.495,rt,
wamba,2026-07-09,2.153,1.657,2.781,1.938,2.416,rt,
wamba,2026-07-10,2.083,1.614,2.654,1.885,2.322,rt,
wamba,2026-07-11,2.018,1.563,2.557,1.824,2.232,rt,
wamba,2026-07-12,1.951,1.502,2.477,1.76,2.165,rt,
wamba,2026-07-13,1.892,1.435,2.425,1.703,2.102,rt,
wamba,2026-07-14,1.846,1.418,2.353,1.667,2.05,rt,
wamba,2026-07-15,1.803,1.399,2.281,1.639,2.004,rt,
wamba,2026-07-16,1.762,1.367,2.245,1.597,1.96,rt,
wamba,2026-07-17,1.708,1.334,2.151,1.555,1.883,rt,
wamba,2026-07-18,1.656,1.309,2.075,1.505,1.81,rt,
wamba,2026-07-19,1.606,1.265,2.023,1.457,1.751,rt,
wamba,2026-07-20,1.543,1.206,1.981,1.397,1.694,rt,
wamba,2026-07-21,1.489,1.176,1.891,1.354,1.632,rt,
wamba,2026-07-22,1.438,1.146,1.814,1.315,1.583,rt,
wamba,2026-07-23,1.39,1.108,1.746,1.269,1.529,rt,
wamba,2026-07-24,1.357,1.086,1.701,1.243,1.49,rt,
wamba,2026-07-25,1.326,1.058,1.666,1.208,1.455,rt,
wamba,2026-07-26,1.297,1.031,1.64,1.177,1.424,rt,
wamba,2026-07-27,1.287,1.004,1.65,1.159,1.42,rt,
wamba,2026-07-28,1.265,0.998,1.602,1.146,1.396,rt,
wamba,2026-07-29,1.25,0.988,1.551,1.134,1.368,rt,
wamba,2026-07-30,1.232,0.97,1.53,1.116,1.349,rt,
wamba,2026-07-31,1.209,0.968,1.501,1.104,1.323,rt,
wamba,2026-08-01,1.188,0.953,1.479,1.086,1.303,rt,
wamba,2026-08-02,1.168,0.927,1.468,1.067,1.287,rt,
wamba,2026-08-03,1.157,0.899,1.483,1.045,1.282,rt,
wamba,2026-08-04,1.147,0.902,1.453,1.042,1.259,rt,
wamba,2026-08-05,1.136,0.904,1.428,1.037,1.25,rt,
wamba,2026-08-06,1.126,0.89,1.416,1.027,1.242,rt,
wamba,2026-08-07,1.114,0.886,1.389,1.018,1.224,rt,
wamba,2026-08-08,1.101,0.872,1.376,1.002,1.207,rt,
wamba,2026-08-09,1.087,0.85,1.366,0.987,1.191,rt,
wamba,2026-08-10,1.056,0.81,1.337,0.953,1.163,rt,
wamba,2026-08-11,1.037,0.805,1.308,0.94,1.134,rt,
wamba,2026-08-12,1.019,0.799,1.279,0.925,1.115,rt,
wamba,2026-08-13,1.003,0.783,1.265,0.909,1.096,rt,
wamba,2026-08-14,0.986,0.775,1.224,0.896,1.074,rt,
wamba,2026-08-15,0.969,0.764,1.195,0.88,1.054,rt,
wamba,2026-08-16,0.949,0.742,1.186,0.863,1.041,rt,
wamba,2026-08-17,0.934,0.72,1.191,0.846,1.032,rt,
wamba,2026-08-18,0.92,0.717,1.16,0.835,1.013,rt,
wamba,2026-08-19,0.905,0.708,1.141,0.825,0.996,rt,
wamba,2026-08-20,0.892,0.697,1.123,0.807,0.986,rt,
wamba,2026-08-21,0.884,0.695,1.116,0.8,0.975,rt,
wamba,2026-08-22,0.872,0.686,1.106,0.791,0.967,rt,
wamba,2026-08-23,0.863,0.673,1.104,0.779,0.958,rt,
wamba,2026-08-24,0.877,0.666,1.139,0.785,0.98,rt,
wamba,2026-08-25,0.895,0.689,1.152,0.803,0.996,rt,
wamba,2026-08-26,0.911,0.705,1.179,0.823,1.012,rt,
wamba,2026-08-27,0.928,0.715,1.203,0.839,1.03,rt,
wamba,2026-08-28,0.946,0.738,1.215,0.858,1.045,rt,
wamba,2026-08-29,0.963,0.754,1.226,0.871,1.063,rt,
wamba,2026-08-30,0.98,0.761,1.254,0.887,1.079,rt,
wamba,2026-08-31,0.983,0.757,1.272,0.884,1.09,rt,
wamba,2026-09-01,0.983,0.763,1.277,0.885,1.095,rt,
wamba,2026-09-02,0.98,0.764,1.279,0.883,1.1,rt,
wamba,2026-09-03,0.984,0.759,1.285,0.879,1.104,rt,
wamba,2026-09-04,0.974,0.746,1.272,0.872,1.087,rt,
wamba,2026-09-05,0.959,0.731,1.27,0.861,1.079,rt,
wamba,2026-09-06,0.946,0.709,1.275,0.846,1.073,rt,
wamba,2026-09-07,0.95,0.701,1.318,0.846,1.086,rt,
wamba,2026-09-08,0.949,0.695,1.312,0.845,1.085,rt,
wamba,2026-09-09,0.948,0.687,1.319,0.843,1.084,rt,
wamba,2026-09-10,0.948,0.679,1.329,0.841,1.086,rt,
wamba,2026-09-11,0.938,0.666,1.325,0.829,1.076,rt,
wamba,2026-09-12,0.933,0.644,1.323,0.82,1.071,rt,
wamba,2026-09-13,0.93,0.629,1.329,0.81,1.07,rt,
wamba,2026-09-14,0.911,0.598,1.315,0.783,1.057,rt,
wamba,2026-09-15,0.884,0.577,1.295,0.759,1.038,rt,
wamba,2026-09-16,0.864,0.552,1.268,0.729,1.022,rt,
wamba,2026-09-17,0.843,0.528,1.267,0.702,0.998,rt,
wamba,2026-09-18,0.823,0.501,1.251,0.684,0.984,rt,
wamba,2026-09-19,0.806,0.484,1.245,0.664,0.968,rt,
wamba,2026-09-20,0.79,0.461,1.238,0.645,0.955,rt,
wamba,2026-09-21,0.784,0.446,1.235,0.63,0.956,rt,
wamba,2026-09-22,0.78,0.436,1.24,0.624,0.955,rt,
wamba,2026-09-23,0.778,0.432,1.243,0.623,0.955,rt,
wamba,2026-09-24,0.775,0.421,1.251,0.611,0.954,rt,
wamba,2026-09-25,0.779,0.427,1.25,0.619,0.956,rt,
wamba,2026-09-26,0.777,0.431,1.245,0.619,0.95,rt,
wamba,2026-09-27,0.781,0.433,1.251,0.625,0.949,rt,
bafwasende,2026-09-27,1.066,0.8,1.391,0.95,1.199,rt,
kabondo,2026-09-26,1.075,0.79,1.433,0.949,1.226,rt,
kabondo,2026-09-27,1.079,0.81,1.402,0.96,1.218,rt,
makiso_kisangani,2026-07-22,1.307,1.061,1.56,1.203,1.413,rt,
makiso_kisangani,2026-07-23,1.307,1.067,1.561,1.204,1.413,rt,
makiso_kisangani,2026-07-24,1.312,1.078,1.554,1.212,1.409,rt,
makiso_kisangani,2026-07-25,1.316,1.093,1.55,1.221,1.409,rt,
makiso_kisangani,2026-07-26,1.315,1.103,1.545,1.228,1.41,rt,
makiso_kisangani,2026-07-27,1.33,1.121,1.556,1.247,1.422,rt,
makiso_kisangani,2026-07-28,1.343,1.136,1.574,1.262,1.434,rt,
makiso_kisangani,2026-07-29,1.359,1.147,1.589,1.276,1.449,rt,
makiso_kisangani,2026-07-30,1.373,1.166,1.612,1.287,1.466,rt,
makiso_kisangani,2026-07-31,1.388,1.184,1.615,1.307,1.475,rt,
makiso_kisangani,2026-08-01,1.403,1.203,1.624,1.322,1.49,rt,
makiso_kisangani,2026-08-02,1.418,1.218,1.636,1.339,1.511,rt,
makiso_kisangani,2026-08-03,1.421,1.22,1.639,1.345,1.517,rt,
makiso_kisangani,2026-08-04,1.43,1.227,1.659,1.349,1.524,rt,
makiso_kisangani,2026-08-05,1.437,1.226,1.671,1.351,1.532,rt,
makiso_kisangani,2026-08-06,1.441,1.223,1.685,1.35,1.543,rt,
makiso_kisangani,2026-08-07,1.433,1.226,1.673,1.346,1.533,rt,
makiso_kisangani,2026-08-08,1.426,1.227,1.664,1.343,1.528,rt,
makiso_kisangani,2026-08-09,1.423,1.218,1.664,1.336,1.528,rt,
makiso_kisangani,2026-08-10,1.406,1.197,1.649,1.314,1.508,rt,
makiso_kisangani,2026-08-11,1.391,1.172,1.641,1.296,1.495,rt,
makiso_kisangani,2026-08-12,1.375,1.152,1.638,1.278,1.486,rt,
makiso_kisangani,2026-08-13,1.361,1.13,1.637,1.26,1.477,rt,
makiso_kisangani,2026-08-14,1.351,1.126,1.621,1.251,1.464,rt,
makiso_kisangani,2026-08-15,1.343,1.114,1.598,1.241,1.451,rt,
makiso_kisangani,2026-08-16,1.334,1.097,1.597,1.231,1.443,rt,
makiso_kisangani,2026-08-17,1.339,1.101,1.619,1.234,1.452,rt,
makiso_kisangani,2026-08-18,1.351,1.099,1.641,1.239,1.463,rt,
makiso_kisangani,2026-08-19,1.359,1.094,1.675,1.245,1.478,rt,
makiso_kisangani,2026-08-20,1.365,1.091,1.7,1.25,1.493,rt,
makiso_kisangani,2026-08-21,1.388,1.123,1.717,1.276,1.511,rt,
makiso_kisangani,2026-08-22,1.415,1.152,1.736,1.305,1.532,rt,
makiso_kisangani,2026-08-23,1.441,1.18,1.754,1.33,1.56,rt,
makiso_kisangani,2026-08-24,1.45,1.197,1.76,1.346,1.57,rt,
makiso_kisangani,2026-08-25,1.462,1.209,1.767,1.358,1.582,rt,
makiso_kisangani,2026-08-26,1.472,1.219,1.776,1.367,1.598,rt,
makiso_kisangani,2026-08-27,1.482,1.228,1.784,1.373,1.612,rt,
makiso_kisangani,2026-08-28,1.493,1.241,1.791,1.384,1.613,rt,
makiso_kisangani,2026-08-29,1.501,1.246,1.803,1.397,1.618,rt,
makiso_kisangani,2026-08-30,1.509,1.251,1.818,1.401,1.621,rt,
makiso_kisangani,2026-08-31,1.498,1.237,1.812,1.385,1.61,rt,
makiso_kisangani,2026-09-01,1.484,1.22,1.799,1.369,1.601,rt,
makiso_kisangani,2026-09-02,1.469,1.201,1.79,1.35,1.592,rt,
makiso_kisangani,2026-09-03,1.454,1.181,1.786,1.333,1.581,rt,
makiso_kisangani,2026-09-04,1.442,1.18,1.757,1.324,1.562,rt,
makiso_kisangani,2026-09-05,1.426,1.173,1.737,1.316,1.545,rt,
makiso_kisangani,2026-09-06,1.412,1.158,1.724,1.301,1.53,rt,
makiso_kisangani,2026-09-07,1.393,1.135,1.703,1.274,1.507,rt,
makiso_kisangani,2026-09-08,1.37,1.109,1.676,1.252,1.486,rt,
makiso_kisangani,2026-09-09,1.35,1.077,1.667,1.226,1.468,rt,
makiso_kisangani,2026-09-10,1.327,1.045,1.653,1.201,1.447,rt,
makiso_kisangani,2026-09-11,1.297,1.018,1.614,1.173,1.415,rt,
makiso_kisangani,2026-09-12,1.264,0.986,1.591,1.142,1.39,rt,
makiso_kisangani,2026-09-13,1.234,0.953,1.565,1.109,1.358,rt,
makiso_kisangani,2026-09-14,1.206,0.921,1.557,1.08,1.339,rt,
makiso_kisangani,2026-09-15,1.18,0.892,1.541,1.052,1.318,rt,
makiso_kisangani,2026-09-16,1.155,0.854,1.527,1.024,1.298,rt,
makiso_kisangani,2026-09-17,1.131,0.824,1.512,0.997,1.277,rt,
makiso_kisangani,2026-09-18,1.109,0.804,1.483,0.976,1.251,rt,
makiso_kisangani,2026-09-19,1.089,0.787,1.457,0.951,1.227,rt,
makiso_kisangani,2026-09-20,1.067,0.767,1.441,0.93,1.209,rt,
makiso_kisangani,2026-09-21,1.068,0.765,1.455,0.926,1.22,rt,
makiso_kisangani,2026-09-22,1.07,0.763,1.467,0.927,1.228,rt,
makiso_kisangani,2026-09-23,1.069,0.755,1.487,0.925,1.239,rt,
makiso_kisangani,2026-09-24,1.074,0.749,1.505,0.924,1.248,rt,
makiso_kisangani,2026-09-25,1.077,0.77,1.474,0.934,1.24,rt,
makiso_kisangani,2026-09-26,1.079,0.789,1.444,0.946,1.23,rt,
makiso_kisangani,2026-09-27,1.082,0.807,1.415,0.958,1.222,rt,
mangobo,2026-09-15,1.187,0.892,1.544,1.055,1.32,rt,
mangobo,2026-09-16,1.161,0.863,1.532,1.024,1.3,rt,
mangobo,2026-09-17,1.139,0.828,1.525,0.998,1.282,rt,
mangobo,2026-09-18,1.12,0.811,1.494,0.979,1.257,rt,
mangobo,2026-09-19,1.099,0.797,1.471,0.959,1.236,rt,
mangobo,2026-09-20,1.076,0.777,1.453,0.937,1.217,rt,
mangobo,2026-09-21,1.08,0.773,1.468,0.937,1.228,rt,
mangobo,2026-09-22,1.08,0.767,1.489,0.934,1.235,rt,
mangobo,2026-09-23,1.081,0.763,1.502,0.936,1.242,rt,
mangobo,2026-09-24,1.082,0.759,1.52,0.933,1.249,rt,
mangobo,2026-09-25,1.085,0.779,1.485,0.945,1.241,rt,
mangobo,2026-09-26,1.089,0.8,1.454,0.957,1.234,rt,
mangobo,2026-09-27,1.093,0.816,1.425,0.968,1.227,rt,
adja,2026-08-09,,,,,,cases,0
adja,2026-08-16,,,,,,cases,0
adja,2026-08-23,,,,,,cases,0
adja,2026-08-30,,,,,,cases,0
adja,2026-09-06,,,,,,cases,0
adja,2026-09-13,,,,,,cases,0
adja,2026-09-20,,,,,,cases,0
adja,2026-09-27,,,,,,cases,0
ariwara,2026-08-09,,,,,,cases,0
ariwara,2026-08-16,,,,,,cases,0
ariwara,2026-08-23,,,,,,cases,1
ariwara,2026-08-30,,,,,,cases,0
ariwara,2026-09-06,,,,,,cases,0
ariwara,2026-09-13,,,,,,cases,0
ariwara,2026-09-20,,,,,,cases,0
ariwara,2026-09-27,,,,,,cases,0
aru,2026-08-09,,,,,,cases,0
aru,2026-08-16,,,,,,cases,2
aru,2026-08-23,,,,,,cases,0
aru,2026-08-30,,,,,,cases,1
aru,2026-09-06,,,,,,cases,0
aru,2026-09-13,,,,,,cases,0
aru,2026-09-20,,,,,,cases,0
aru,2026-09-27,,,,,,cases,0
aungba,2026-08-09,,,,,,cases,0
aungba,2026-08-16,,,,,,cases,1
aungba,2026-08-23,,,,,,cases,1
aungba,2026-08-30,,,,,,cases,0
aungba,2026-09-06,,,,,,cases,0
aungba,2026-09-13,,,,,,cases,0
aungba,2026-09-20,,,,,,cases,0
aungba,2026-09-27,,,,,,cases,0
bambu,2026-08-09,,,,,,cases,5
bambu,2026-08-16,,,,,,cases,40
bambu,2026-08-23,,,,,,cases,18
bambu,2026-08-30,,,,,,cases,34
bambu,2026-09-06,,,,,,cases,15
bambu,2026-09-13,,,,,,cases,3
bambu,2026-09-20,,,,,,cases,17
bambu,2026-09-27,,,,,,cases,6
boga,2026-08-09,,,,,,cases,0
boga,2026-08-16,,,,,,cases,0
boga,2026-08-23,,,,,,cases,0
boga,2026-08-30,,,,,,cases,1
boga,2026-09-06,,,,,,cases,0
boga,2026-09-13,,,,,,cases,0
boga,2026-09-20,,,,,,cases,0
boga,2026-09-27,,,,,,cases,0
bunia,2026-08-09,,,,,,cases,36
bunia,2026-08-16,,,,,,cases,224
bunia,2026-08-23,,,,,,cases,124
bunia,2026-08-30,,,,,,cases,99
bunia,2026-09-06,,,,,,cases,91
bunia,2026-09-13,,,,,,cases,95
bunia,2026-09-20,,,,,,cases,79
bunia,2026-09-27,,,,,,cases,43
damas,2026-08-09,,,,,,cases,0
damas,2026-08-16,,,,,,cases,7
damas,2026-08-23,,,,,,cases,2
damas,2026-08-30,,,,,,cases,1
damas,2026-09-06,,,,,,cases,2
damas,2026-09-13,,,,,,cases,9
damas,2026-09-20,,,,,,cases,1
damas,2026-09-27,,,,,,cases,0
drodro,2026-08-09,,,,,,cases,0
drodro,2026-08-16,,,,,,cases,2
drodro,2026-08-23,,,,,,cases,0
drodro,2026-08-30,,,,,,cases,0
drodro,2026-09-06,,,,,,cases,2
drodro,2026-09-13,,,,,,cases,0
drodro,2026-09-20,,,,,,cases,0
drodro,2026-09-27,,,,,,cases,0
fataki,2026-08-09,,,,,,cases,5
fataki,2026-08-16,,,,,,cases,29
fataki,2026-08-23,,,,,,cases,4
fataki,2026-08-30,,,,,,cases,3
fataki,2026-09-06,,,,,,cases,2
fataki,2026-09-13,,,,,,cases,0
fataki,2026-09-20,,,,,,cases,3
fataki,2026-09-27,,,,,,cases,1
gety,2026-08-09,,,,,,cases,0
gety,2026-08-16,,,,,,cases,3
gety,2026-08-23,,,,,,cases,1
gety,2026-08-30,,,,,,cases,1
gety,2026-09-06,,,,,,cases,1
gety,2026-09-13,,,,,,cases,0
gety,2026-09-20,,,,,,cases,0
gety,2026-09-27,,,,,,cases,0
kambala,2026-08-09,,,,,,cases,0
kambala,2026-08-16,,,,,,cases,0
kambala,2026-08-23,,,,,,cases,0
kambala,2026-08-30,,,,,,cases,0
kambala,2026-09-06,,,,,,cases,0
kambala,2026-09-13,,,,,,cases,0
kambala,2026-09-20,,,,,,cases,0
kambala,2026-09-27,,,,,,cases,0
kilo,2026-08-09,,,,,,cases,0
kilo,2026-08-16,,,,,,cases,2
kilo,2026-08-23,,,,,,cases,1
kilo,2026-08-30,,,,,,cases,0
kilo,2026-09-06,,,,,,cases,1
kilo,2026-09-13,,,,,,cases,0
kilo,2026-09-20,,,,,,cases,1
kilo,2026-09-27,,,,,,cases,1
komanda,2026-08-09,,,,,,cases,1
komanda,2026-08-16,,,,,,cases,10
komanda,2026-08-23,,,,,,cases,11
komanda,2026-08-30,,,,,,cases,19
komanda,2026-09-06,,,,,,cases,35
komanda,2026-09-13,,,,,,cases,22
komanda,2026-09-20,,,,,,cases,12
komanda,2026-09-27,,,,,,cases,20
lita,2026-08-09,,,,,,cases,10
lita,2026-08-16,,,,,,cases,30
lita,2026-08-23,,,,,,cases,16
lita,2026-08-30,,,,,,cases,21
lita,2026-09-06,,,,,,cases,24
lita,2026-09-13,,,,,,cases,20
lita,2026-09-20,,,,,,cases,13
lita,2026-09-27,,,,,,cases,8
logo,2026-08-09,,,,,,cases,1
logo,2026-08-16,,,,,,cases,1
logo,2026-08-23,,,,,,cases,0
logo,2026-08-30,,,,,,cases,0
logo,2026-09-06,,,,,,cases,2
logo,2026-09-13,,,,,,cases,0
logo,2026-09-20,,,,,,cases,0
logo,2026-09-27,,,,,,cases,0
lolwa,2026-08-09,,,,,,cases,0
lolwa,2026-08-16,,,,,,cases,8
lolwa,2026-08-23,,,,,,cases,3
lolwa,2026-08-30,,,,,,cases,4
lolwa,2026-09-06,,,,,,cases,3
lolwa,2026-09-13,,,,,,cases,6
lolwa,2026-09-20,,,,,,cases,0
lolwa,2026-09-27,,,,,,cases,2
mahagi,2026-08-09,,,,,,cases,0
mahagi,2026-08-16,,,,,,cases,0
mahagi,2026-08-23,,,,,,cases,0
mahagi,2026-08-30,,,,,,cases,0
mahagi,2026-09-06,,,,,,cases,0
mahagi,2026-09-13,,,,,,cases,0
mahagi,2026-09-20,,,,,,cases,0
mahagi,2026-09-27,,,,,,cases,0
mambasa,2026-08-09,,,,,,cases,0
mambasa,2026-08-16,,,,,,cases,4
mambasa,2026-08-23,,,,,,cases,0
mambasa,2026-08-30,,,,,,cases,3
mambasa,2026-09-06,,,,,,cases,0
mambasa,2026-09-13,,,,,,cases,0
mambasa,2026-09-20,,,,,,cases,4
mambasa,2026-09-27,,,,,,cases,8
mandima,2026-08-09,,,,,,cases,0
mandima,2026-08-16,,,,,,cases,7
mandima,2026-08-23,,,,,,cases,9
mandima,2026-08-30,,,,,,cases,4
mandima,2026-09-06,,,,,,cases,5
mandima,2026-09-13,,,,,,cases,6
mandima,2026-09-20,,,,,,cases,12
mandima,2026-09-27,,,,,,cases,61
mangala,2026-08-09,,,,,,cases,3
mangala,2026-08-16,,,,,,cases,54
mangala,2026-08-23,,,,,,cases,35
mangala,2026-08-30,,,,,,cases,49
mangala,2026-09-06,,,,,,cases,44
mangala,2026-09-13,,,,,,cases,23
mangala,2026-09-20,,,,,,cases,24
mangala,2026-09-27,,,,,,cases,9
mongbwalu,2026-08-09,,,,,,cases,6
mongbwalu,2026-08-16,,,,,,cases,32
mongbwalu,2026-08-23,,,,,,cases,12
mongbwalu,2026-08-30,,,,,,cases,8
mongbwalu,2026-09-06,,,,,,cases,24
mongbwalu,2026-09-13,,,,,,cases,29
mongbwalu,2026-09-20,,,,,,cases,26
mongbwalu,2026-09-27,,,,,,cases,9
nia_nia,2026-08-09,,,,,,cases,8
nia_nia,2026-08-16,,,,,,cases,58
nia_nia,2026-08-23,,,,,,cases,23
nia_nia,2026-08-30,,,,,,cases,22
nia_nia,2026-09-06,,,,,,cases,11
nia_nia,2026-09-13,,,,,,cases,13
nia_nia,2026-09-20,,,,,,cases,30
nia_nia,2026-09-27,,,,,,cases,24
nizi,2026-08-09,,,,,,cases,29
nizi,2026-08-16,,,,,,cases,108
nizi,2026-08-23,,,,,,cases,73
nizi,2026-08-30,,,,,,cases,50
nizi,2026-09-06,,,,,,cases,45
nizi,2026-09-13,,,,,,cases,25
nizi,2026-09-20,,,,,,cases,24
nizi,2026-09-27,,,,,,cases,16
nyankunde,2026-08-09,,,,,,cases,0
nyankunde,2026-08-16,,,,,,cases,6
nyankunde,2026-08-23,,,,,,cases,1
nyankunde,2026-08-30,,,,,,cases,2
nyankunde,2026-09-06,,,,,,cases,1
nyankunde,2026-09-13,,,,,,cases,0
nyankunde,2026-09-20,,,,,,cases,2
nyankunde,2026-09-27,,,,,,cases,1
rimba,2026-08-09,,,,,,cases,0
rimba,2026-08-16,,,,,,cases,0
rimba,2026-08-23,,,,,,cases,1
rimba,2026-08-30,,,,,,cases,0
rimba,2026-09-06,,,,,,cases,1
rimba,2026-09-13,,,,,,cases,0
rimba,2026-09-20,,,,,,cases,1
rimba,2026-09-27,,,,,,cases,0
rwampara,2026-08-09,,,,,,cases,37
rwampara,2026-08-16,,,,,,cases,164
rwampara,2026-08-23,,,,,,cases,57
rwampara,2026-08-30,,,,,,cases,37
rwampara,2026-09-06,,,,,,cases,37
rwampara,2026-09-13,,,,,,cases,32
rwampara,2026-09-20,,,,,,cases,35
rwampara,2026-09-27,,,,,,cases,25
tchomia,2026-08-09,,,,,,cases,2
tchomia,2026-08-16,,,,,,cases,5
tchomia,2026-08-23,,,,,,cases,5
tchomia,2026-08-30,,,,,,cases,2
tchomia,2026-09-06,,,,,,cases,3
tchomia,2026-09-13,,,,,,cases,11
tchomia,2026-09-20,,,,,,cases,4
tchomia,2026-09-27,,,,,,cases,1
beni,2026-08-09,,,,,,cases,0
beni,2026-08-16,,,,,,cases,29
beni,2026-08-23,,,,,,cases,24
beni,2026-08-30,,,,,,cases,21
beni,2026-09-06,,,,,,cases,38
beni,2026-09-13,,,,,,cases,52
beni,2026-09-20,,,,,,cases,53
beni,2026-09-27,,,,,,cases,56
biena,2026-08-09,,,,,,cases,0
biena,2026-08-16,,,,,,cases,0
biena,2026-08-23,,,,,,cases,0
biena,2026-08-30,,,,,,cases,1
biena,2026-09-06,,,,,,cases,8
biena,2026-09-13,,,,,,cases,8
biena,2026-09-20,,,,,,cases,1
biena,2026-09-27,,,,,,cases,0
butembo,2026-08-09,,,,,,cases,5
butembo,2026-08-16,,,,,,cases,20
butembo,2026-08-23,,,,,,cases,26
butembo,2026-08-30,,,,,,cases,27
butembo,2026-09-06,,,,,,cases,43
butembo,2026-09-13,,,,,,cases,31
butembo,2026-09-20,,,,,,cases,13
butembo,2026-09-27,,,,,,cases,5
goma,2026-08-09,,,,,,cases,0
goma,2026-08-16,,,,,,cases,0
goma,2026-08-23,,,,,,cases,0
goma,2026-08-30,,,,,,cases,0
goma,2026-09-06,,,,,,cases,0
goma,2026-09-13,,,,,,cases,0
goma,2026-09-20,,,,,,cases,0
goma,2026-09-27,,,,,,cases,0
kalunguta,2026-08-09,,,,,,cases,1
kalunguta,2026-08-16,,,,,,cases,5
kalunguta,2026-08-23,,,,,,cases,2
kalunguta,2026-08-30,,,,,,cases,1
kalunguta,2026-09-06,,,,,,cases,2
kalunguta,2026-09-13,,,,,,cases,12
kalunguta,2026-09-20,,,,,,cases,17
kalunguta,2026-09-27,,,,,,cases,6
katwa,2026-08-09,,,,,,cases,14
katwa,2026-08-16,,,,,,cases,91
katwa,2026-08-23,,,,,,cases,57
katwa,2026-08-30,,,,,,cases,42
katwa,2026-09-06,,,,,,cases,67
katwa,2026-09-13,,,,,,cases,66
katwa,2026-09-20,,,,,,cases,21
katwa,2026-09-27,,,,,,cases,15
kayna,2026-08-09,,,,,,cases,0
kayna,2026-08-16,,,,,,cases,0
kayna,2026-08-23,,,,,,cases,0
kayna,2026-08-30,,,,,,cases,0
kayna,2026-09-06,,,,,,cases,1
kayna,2026-09-13,,,,,,cases,0
kayna,2026-09-20,,,,,,cases,0
kayna,2026-09-27,,,,,,cases,0
kyondo,2026-08-09,,,,,,cases,0
kyondo,2026-08-16,,,,,,cases,2
kyondo,2026-08-23,,,,,,cases,1
kyondo,2026-08-30,,,,,,cases,0
kyondo,2026-09-06,,,,,,cases,7
kyondo,2026-09-13,,,,,,cases,7
kyondo,2026-09-20,,,,,,cases,2
kyondo,2026-09-27,,,,,,cases,1
lubero,2026-08-09,,,,,,cases,0
lubero,2026-08-16,,,,,,cases,0
lubero,2026-08-23,,,,,,cases,0
lubero,2026-08-30,,,,,,cases,0
lubero,2026-09-06,,,,,,cases,5
lubero,2026-09-13,,,,,,cases,9
lubero,2026-09-20,,,,,,cases,5
lubero,2026-09-27,,,,,,cases,1
mabalako,2026-08-09,,,,,,cases,0
mabalako,2026-08-16,,,,,,cases,1
mabalako,2026-08-23,,,,,,cases,1
mabalako,2026-08-30,,,,,,cases,2
mabalako,2026-09-06,,,,,,cases,5
mabalako,2026-09-13,,,,,,cases,9
mabalako,2026-09-20,,,,,,cases,5
mabalako,2026-09-27,,,,,,cases,7
manguredjipa,2026-08-09,,,,,,cases,0
manguredjipa,2026-08-16,,,,,,cases,0
manguredjipa,2026-08-23,,,,,,cases,0
manguredjipa,2026-08-30,,,,,,cases,1
manguredjipa,2026-09-06,,,,,,cases,2
manguredjipa,2026-09-13,,,,,,cases,5
manguredjipa,2026-09-20,,,,,,cases,3
manguredjipa,2026-09-27,,,,,,cases,2
masereka,2026-08-09,,,,,,cases,0
masereka,2026-08-16,,,,,,cases,2
masereka,2026-08-23,,,,,,cases,0
masereka,2026-08-30,,,,,,cases,2
masereka,2026-09-06,,,,,,cases,6
masereka,2026-09-13,,,,,,cases,5
masereka,2026-09-20,,,,,,cases,5
masereka,2026-09-27,,,,,,cases,3
musienene,2026-08-09,,,,,,cases,2
musienene,2026-08-16,,,,,,cases,17
musienene,2026-08-23,,,,,,cases,8
musienene,2026-08-30,,,,,,cases,9
musienene,2026-09-06,,,,,,cases,15
musienene,2026-09-13,,,,,,cases,22
musienene,2026-09-20,,,,,,cases,5
musienene,2026-09-27,,,,,,cases,1
mutwanga,2026-08-09,,,,,,cases,0
mutwanga,2026-08-16,,,,,,cases,0
mutwanga,2026-08-23,,,,,,cases,1
mutwanga,2026-08-30,,,,,,cases,0
mutwanga,2026-09-06,,,,,,cases,1
mutwanga,2026-09-13,,,,,,cases,4
mutwanga,2026-09-20,,,,,,cases,3
mutwanga,2026-09-27,,,,,,cases,3
oicha,2026-08-09,,,,,,cases,0
oicha,2026-08-16,,,,,,cases,1
oicha,2026-08-23,,,,,,cases,1
oicha,2026-08-30,,,,,,cases,1
oicha,2026-09-06,,,,,,cases,2
oicha,2026-09-13,,,,,,cases,2
oicha,2026-09-20,,,,,,cases,3
oicha,2026-09-27,,,,,,cases,12
vuhovi,2026-08-09,,,,,,cases,0
vuhovi,2026-08-16,,,,,,cases,3
vuhovi,2026-08-23,,,,,,cases,0
vuhovi,2026-08-30,,,,,,cases,1
vuhovi,2026-09-06,,,,,,cases,1
vuhovi,2026-09-13,,,,,,cases,10
vuhovi,2026-09-20,,,,,,cases,8
vuhovi,2026-09-27,,,,,,cases,4
boma_mangbetu,2026-08-09,,,,,,cases,0
boma_mangbetu,2026-08-16,,,,,,cases,9
boma_mangbetu,2026-08-23,,,,,,cases,4
boma_mangbetu,2026-08-30,,,,,,cases,1
boma_mangbetu,2026-09-06,,,,,,cases,2
boma_mangbetu,2026-09-13,,,,,,cases,3
boma_mangbetu,2026-09-20,,,,,,cases,4
boma_mangbetu,2026-09-27,,,,,,cases,3
dungu,2026-08-09,,,,,,cases,0
dungu,2026-08-16,,,,,,cases,0
dungu,2026-08-23,,,,,,cases,0
dungu,2026-08-30,,,,,,cases,0
dungu,2026-09-06,,,,,,cases,0
dungu,2026-09-13,,,,,,cases,0
dungu,2026-09-20,,,,,,cases,1
dungu,2026-09-27,,,,,,cases,0
gombari,2026-08-09,,,,,,cases,0
gombari,2026-08-16,,,,,,cases,1
gombari,2026-08-23,,,,,,cases,2
gombari,2026-08-30,,,,,,cases,0
gombari,2026-09-06,,,,,,cases,0
gombari,2026-09-13,,,,,,cases,0
gombari,2026-09-20,,,,,,cases,0
gombari,2026-09-27,,,,,,cases,0
isiro,2026-08-09,,,,,,cases,6
isiro,2026-08-16,,,,,,cases,17
isiro,2026-08-23,,,,,,cases,26
isiro,2026-08-30,,,,,,cases,13
isiro,2026-09-06,,,,,,cases,11
isiro,2026-09-13,,,,,,cases,5
isiro,2026-09-20,,,,,,cases,2
isiro,2026-09-27,,,,,,cases,2
pawa,2026-08-09,,,,,,cases,0
pawa,2026-08-16,,,,,,cases,8
pawa,2026-08-23,,,,,,cases,0
pawa,2026-08-30,,,,,,cases,13
pawa,2026-09-06,,,,,,cases,10
pawa,2026-09-13,,,,,,cases,15
pawa,2026-09-20,,,,,,cases,10
pawa,2026-09-27,,,,,,cases,12
rungu,2026-08-09,,,,,,cases,0
rungu,2026-08-16,,,,,,cases,0
rungu,2026-08-23,,,,,,cases,0
rungu,2026-08-30,,,,,,cases,0
rungu,2026-09-06,,,,,,cases,1
rungu,2026-09-13,,,,,,cases,0
rungu,2026-09-20,,,,,,cases,0
rungu,2026-09-27,,,,,,cases,0
wamba,2026-08-09,,,,,,cases,0
wamba,2026-08-16,,,,,,cases,38
wamba,2026-08-23,,,,,,cases,10
wamba,2026-08-30,,,,,,cases,14
wamba,2026-09-06,,,,,,cases,7
wamba,2026-09-13,,,,,,cases,5
wamba,2026-09-20,,,,,,cases,13
wamba,2026-09-27,,,,,,cases,7
miti_murhesa,2026-08-09,,,,,,cases,0
miti_murhesa,2026-08-16,,,,,,cases,0
miti_murhesa,2026-08-23,,,,,,cases,0
miti_murhesa,2026-08-30,,,,,,cases,0
miti_murhesa,2026-09-06,,,,,,cases,0
miti_murhesa,2026-09-13,,,,,,cases,0
miti_murhesa,2026-09-20,,,,,,cases,0
miti_murhesa,2026-09-27,,,,,,cases,0
bafwasende,2026-08-09,,,,,,cases,0
bafwasende,2026-08-16,,,,,,cases,1
bafwasende,2026-08-23,,,,,,cases,0
bafwasende,2026-08-30,,,,,,cases,1
bafwasende,2026-09-06,,,,,,cases,0
bafwasende,2026-09-13,,,,,,cases,5
bafwasende,2026-09-20,,,,,,cases,0
bafwasende,2026-09-27,,,,,,cases,0
kabondo,2026-08-09,,,,,,cases,0
kabondo,2026-08-16,,,,,,cases,2
kabondo,2026-08-23,,,,,,cases,0
kabondo,2026-08-30,,,,,,cases,0
kabondo,2026-09-06,,,,,,cases,1
kabondo,2026-09-13,,,,,,cases,0
kabondo,2026-09-20,,,,,,cases,1
kabondo,2026-09-27,,,,,,cases,0
lubunga,2026-08-09,,,,,,cases,0
lubunga,2026-08-16,,,,,,cases,0
lubunga,2026-08-23,,,,,,cases,0
lubunga,2026-08-30,,,,,,cases,0
lubunga,2026-09-06,,,,,,cases,0
lubunga,2026-09-13,,,,,,cases,0
lubunga,2026-09-20,,,,,,cases,0
lubunga,2026-09-27,,,,,,cases,0
makiso_kisangani,2026-08-09,,,,,,cases,0
makiso_kisangani,2026-08-16,,,,,,cases,2
makiso_kisangani,2026-08-23,,,,,,cases,1
makiso_kisangani,2026-08-30,,,,,,cases,3
makiso_kisangani,2026-09-06,,,,,,cases,1
makiso_kisangani,2026-09-13,,,,,,cases,0
makiso_kisangani,2026-09-20,,,,,,cases,10
makiso_kisangani,2026-09-27,,,,,,cases,3
mangobo,2026-08-09,,,,,,cases,0
mangobo,2026-08-16,,,,,,cases,1
mangobo,2026-08-23,,,,,,cases,0
mangobo,2026-08-30,,,,,,cases,0
mangobo,2026-09-06,,,,,,cases,1
mangobo,2026-09-13,,,,,,cases,1
mangobo,2026-09-20,,,,,,cases,0
mangobo,2026-09-27,,,,,,cases,1
tshopo,2026-08-09,,,,,,cases,0
tshopo,2026-08-16,,,,,,cases,1
tshopo,2026-08-23,,,,,,cases,0
tshopo,2026-08-30,,,,,,cases,0
tshopo,2026-09-06,,,,,,cases,0
tshopo,2026-09-13,,,,,,cases,0
tshopo,2026-09-20,,,,,,cases,0
tshopo,2026-09-27,,,,,,cases,0
wanie_rukula,2026-08-09,,,,,,cases,0
wanie_rukula,2026-08-16,,,,,,cases,0
wanie_rukula,2026-08-23,,,,,,cases,0
wanie_rukula,2026-08-30,,,,,,cases,0
wanie_rukula,2026-09-06,,,,,,cases,0
wanie_rukula,2026-09-13,,,,,,cases,0
wanie_rukula,2026-09-20,,,,,,cases,0
wanie_rukula,2026-09-27,,,,,,cases,0
buta,2026-08-09,,,,,,cases,0
buta,2026-08-16,,,,,,cases,1
buta,2026-08-23,,,,,,cases,0
buta,2026-08-30,,,,,,cases,0
buta,2026-09-06,,,,,,cases,0
buta,2026-09-13,,,,,,cases,0
buta,2026-09-20,,,,,,cases,0
buta,2026-09-27,,,,,,cases,0
ganga,2026-08-09,,,,,,cases,0
ganga,2026-08-16,,,,,,cases,0
ganga,2026-08-23,,,,,,cases,0
ganga,2026-08-30,,,,,,cases,2
ganga,2026-09-06,,,,,,cases,0
ganga,2026-09-13,,,,,,cases,1
ganga,2026-09-20,,,,,,cases,0
ganga,2026-09-27,,,,,,cases,0
viadana,2026-08-09,,,,,,cases,0
viadana,2026-08-16,,,,,,cases,0
viadana,2026-08-23,,,,,,cases,1
viadana,2026-08-30,,,,,,cases,0
viadana,2026-09-06,,,,,,cases,0
viadana,2026-09-13,,,,,,cases,0
viadana,2026-09-20,,,,,,cases,2
viadana,2026-09-27,,,,,,cases,3
bulu,2026-08-09,,,,,,cases,0
bulu,2026-08-16,,,,,,cases,0
bulu,2026-08-23,,,,,,cases,0
bulu,2026-08-30,,,,,,cases,0
bulu,2026-09-06,,,,,,cases,0
bulu,2026-09-13,,,,,,cases,1
bulu,2026-09-20,,,,,,cases,0
bulu,2026-09-27,,,,,,cases,1
