area,date,median,lower_90,upper_90,lower_50,upper_50,series,count
ariwara,2026-08-05,0.992,0.878,1.112,0.946,1.043,rt,
ariwara,2026-08-06,0.986,0.874,1.103,0.94,1.04,rt,
ariwara,2026-08-07,0.975,0.865,1.089,0.929,1.025,rt,
ariwara,2026-08-08,0.963,0.852,1.07,0.917,1.012,rt,
ariwara,2026-08-09,0.952,0.837,1.064,0.903,1.0,rt,
ariwara,2026-08-10,0.933,0.809,1.051,0.883,0.984,rt,
ariwara,2026-08-11,0.925,0.813,1.036,0.878,0.973,rt,
ariwara,2026-08-12,0.918,0.811,1.026,0.873,0.962,rt,
ariwara,2026-08-13,0.91,0.803,1.018,0.867,0.952,rt,
ariwara,2026-08-14,0.901,0.8,1.003,0.862,0.94,rt,
ariwara,2026-08-15,0.893,0.793,0.99,0.855,0.931,rt,
ariwara,2026-08-16,0.884,0.781,0.983,0.846,0.92,rt,
ariwara,2026-08-17,0.88,0.774,0.985,0.84,0.92,rt,
ariwara,2026-08-18,0.882,0.779,0.983,0.843,0.922,rt,
ariwara,2026-08-19,0.884,0.781,0.987,0.843,0.923,rt,
ariwara,2026-08-20,0.885,0.782,0.99,0.842,0.926,rt,
ariwara,2026-08-21,0.887,0.787,0.992,0.847,0.927,rt,
ariwara,2026-08-22,0.889,0.789,0.995,0.849,0.929,rt,
ariwara,2026-08-23,0.889,0.79,1.0,0.848,0.931,rt,
ariwara,2026-08-24,0.9,0.795,1.016,0.856,0.946,rt,
ariwara,2026-08-25,0.917,0.815,1.029,0.875,0.962,rt,
ariwara,2026-08-26,0.933,0.828,1.047,0.89,0.979,rt,
ariwara,2026-08-27,0.947,0.837,1.062,0.902,0.995,rt,
ariwara,2026-08-28,0.959,0.851,1.073,0.915,1.005,rt,
ariwara,2026-08-29,0.969,0.859,1.087,0.924,1.015,rt,
ariwara,2026-08-30,0.977,0.864,1.1,0.93,1.024,rt,
ariwara,2026-08-31,0.972,0.851,1.103,0.921,1.022,rt,
ariwara,2026-09-01,0.974,0.859,1.098,0.925,1.024,rt,
ariwara,2026-09-02,0.979,0.863,1.105,0.928,1.025,rt,
ariwara,2026-09-03,0.981,0.864,1.107,0.927,1.028,rt,
ariwara,2026-09-04,0.981,0.87,1.101,0.931,1.028,rt,
ariwara,2026-09-05,0.981,0.868,1.095,0.933,1.027,rt,
ariwara,2026-09-06,0.977,0.86,1.096,0.93,1.022,rt,
ariwara,2026-09-07,0.957,0.84,1.082,0.909,1.004,rt,
ariwara,2026-09-08,0.941,0.826,1.064,0.896,0.989,rt,
ariwara,2026-09-09,0.924,0.811,1.046,0.879,0.975,rt,
ariwara,2026-09-10,0.908,0.791,1.033,0.86,0.958,rt,
ariwara,2026-09-11,0.888,0.774,1.008,0.842,0.937,rt,
ariwara,2026-09-12,0.867,0.749,0.987,0.821,0.915,rt,
ariwara,2026-09-13,0.843,0.72,0.97,0.794,0.894,rt,
ariwara,2026-09-14,0.822,0.691,0.962,0.768,0.874,rt,
ariwara,2026-09-15,0.812,0.683,0.955,0.754,0.864,rt,
ariwara,2026-09-16,0.804,0.669,0.949,0.744,0.854,rt,
ariwara,2026-09-17,0.794,0.66,0.948,0.735,0.847,rt,
ariwara,2026-09-18,0.785,0.649,0.945,0.728,0.844,rt,
ariwara,2026-09-19,0.779,0.634,0.944,0.72,0.84,rt,
ariwara,2026-09-20,0.771,0.622,0.944,0.708,0.836,rt,
ariwara,2026-09-21,0.77,0.611,0.959,0.701,0.841,rt,
ariwara,2026-09-22,0.771,0.605,0.966,0.698,0.844,rt,
ariwara,2026-09-23,0.768,0.598,0.977,0.695,0.848,rt,
ariwara,2026-09-24,0.766,0.583,0.985,0.69,0.851,rt,
ariwara,2026-09-25,0.762,0.57,0.988,0.684,0.853,rt,
ariwara,2026-09-26,0.763,0.559,0.993,0.678,0.856,rt,
ariwara,2026-09-27,0.757,0.544,1.001,0.67,0.856,rt,
ariwara,2026-09-28,0.752,0.525,1.009,0.659,0.854,rt,
ariwara,2026-09-29,0.752,0.525,1.018,0.658,0.858,rt,
ariwara,2026-09-30,0.753,0.515,1.025,0.656,0.854,rt,
ariwara,2026-10-01,0.752,0.514,1.003,0.651,0.848,rt,
ariwara,2026-10-02,0.748,0.509,0.989,0.646,0.845,rt,
aru,2026-06-10,1.275,1.046,1.547,1.173,1.385,rt,
aru,2026-06-11,1.265,1.04,1.528,1.168,1.37,rt,
aru,2026-06-12,1.252,1.039,1.512,1.156,1.354,rt,
aru,2026-06-13,1.239,1.03,1.493,1.149,1.34,rt,
aru,2026-06-14,1.222,1.019,1.47,1.136,1.324,rt,
aru,2026-06-15,1.214,1.009,1.453,1.125,1.314,rt,
aru,2026-06-16,1.212,1.016,1.435,1.127,1.306,rt,
aru,2026-06-17,1.207,1.017,1.432,1.126,1.299,rt,
aru,2026-06-18,1.207,1.016,1.422,1.123,1.291,rt,
aru,2026-06-19,1.2,1.012,1.408,1.122,1.283,rt,
aru,2026-06-20,1.195,1.007,1.396,1.114,1.274,rt,
aru,2026-06-21,1.187,0.999,1.388,1.104,1.267,rt,
aru,2026-06-22,1.191,1.003,1.394,1.105,1.271,rt,
aru,2026-06-23,1.186,1.004,1.376,1.105,1.263,rt,
aru,2026-06-24,1.181,1.004,1.36,1.105,1.258,rt,
aru,2026-06-25,1.177,1.001,1.35,1.102,1.25,rt,
aru,2026-06-26,1.17,0.998,1.337,1.097,1.239,rt,
aru,2026-06-27,1.161,0.991,1.328,1.092,1.229,rt,
aru,2026-06-28,1.152,0.984,1.325,1.087,1.224,rt,
aru,2026-06-29,1.125,0.957,1.301,1.061,1.197,rt,
aru,2026-06-30,1.107,0.95,1.266,1.046,1.173,rt,
aru,2026-07-01,1.089,0.942,1.241,1.036,1.153,rt,
aru,2026-07-02,1.076,0.933,1.219,1.022,1.135,rt,
aru,2026-07-03,1.063,0.924,1.195,1.009,1.117,rt,
aru,2026-07-04,1.05,0.919,1.18,0.996,1.104,rt,
aru,2026-07-05,1.037,0.903,1.167,0.981,1.091,rt,
aru,2026-07-06,1.032,0.891,1.171,0.974,1.09,rt,
aru,2026-07-07,1.042,0.913,1.172,0.985,1.095,rt,
aru,2026-07-08,1.048,0.925,1.173,0.997,1.1,rt,
aru,2026-07-09,1.056,0.934,1.181,1.008,1.106,rt,
aru,2026-07-10,1.065,0.944,1.188,1.017,1.113,rt,
aru,2026-07-11,1.071,0.951,1.199,1.021,1.122,rt,
aru,2026-07-12,1.077,0.951,1.212,1.023,1.133,rt,
aru,2026-07-13,1.07,0.936,1.214,1.012,1.129,rt,
aru,2026-07-14,1.065,0.939,1.197,1.009,1.118,rt,
aru,2026-07-15,1.06,0.942,1.189,1.005,1.111,rt,
aru,2026-07-16,1.052,0.937,1.187,1.002,1.106,rt,
aru,2026-07-17,1.052,0.931,1.183,1.002,1.102,rt,
aru,2026-07-18,1.049,0.925,1.182,0.997,1.1,rt,
aru,2026-07-19,1.043,0.917,1.185,0.992,1.097,rt,
aru,2026-07-20,1.045,0.913,1.195,0.992,1.104,rt,
aru,2026-07-21,1.044,0.916,1.186,0.993,1.099,rt,
aru,2026-07-22,1.043,0.92,1.179,0.991,1.097,rt,
aru,2026-07-23,1.041,0.919,1.178,0.989,1.096,rt,
aru,2026-07-24,1.039,0.92,1.169,0.988,1.089,rt,
aru,2026-07-25,1.035,0.917,1.16,0.984,1.086,rt,
aru,2026-07-26,1.028,0.903,1.155,0.978,1.078,rt,
aru,2026-07-27,1.028,0.893,1.156,0.974,1.078,rt,
aru,2026-07-28,1.026,0.902,1.148,0.977,1.074,rt,
aru,2026-07-29,1.025,0.904,1.143,0.977,1.072,rt,
aru,2026-07-30,1.023,0.906,1.141,0.972,1.069,rt,
aru,2026-07-31,1.015,0.903,1.128,0.967,1.06,rt,
aru,2026-08-01,1.007,0.893,1.121,0.959,1.054,rt,
aru,2026-08-02,0.996,0.882,1.117,0.948,1.046,rt,
aru,2026-08-03,0.981,0.859,1.108,0.929,1.033,rt,
aru,2026-08-04,0.975,0.86,1.097,0.928,1.028,rt,
aru,2026-08-05,0.97,0.857,1.088,0.923,1.023,rt,
aru,2026-08-06,0.965,0.849,1.083,0.918,1.018,rt,
aru,2026-08-07,0.955,0.845,1.068,0.909,1.004,rt,
aru,2026-08-08,0.946,0.832,1.056,0.897,0.992,rt,
aru,2026-08-09,0.937,0.818,1.047,0.882,0.983,rt,
aru,2026-08-10,0.918,0.795,1.036,0.863,0.966,rt,
aru,2026-08-11,0.909,0.798,1.025,0.859,0.956,rt,
aru,2026-08-12,0.902,0.795,1.015,0.856,0.945,rt,
aru,2026-08-13,0.894,0.788,1.007,0.852,0.936,rt,
aru,2026-08-14,0.886,0.784,0.994,0.847,0.925,rt,
aru,2026-08-15,0.877,0.776,0.984,0.84,0.918,rt,
aru,2026-08-16,0.869,0.769,0.978,0.83,0.91,rt,
aru,2026-08-17,0.866,0.764,0.978,0.825,0.91,rt,
aru,2026-08-18,0.867,0.768,0.975,0.827,0.911,rt,
aru,2026-08-19,0.869,0.772,0.976,0.828,0.914,rt,
aru,2026-08-20,0.869,0.77,0.982,0.828,0.918,rt,
aru,2026-08-21,0.873,0.773,0.978,0.831,0.92,rt,
aru,2026-08-22,0.876,0.778,0.985,0.835,0.92,rt,
aru,2026-08-23,0.877,0.778,0.989,0.834,0.921,rt,
aru,2026-08-24,0.888,0.783,1.006,0.842,0.934,rt,
aru,2026-08-25,0.906,0.799,1.022,0.86,0.949,rt,
aru,2026-08-26,0.921,0.814,1.035,0.876,0.965,rt,
aru,2026-08-27,0.937,0.827,1.052,0.889,0.982,rt,
aru,2026-08-28,0.947,0.839,1.062,0.903,0.992,rt,
aru,2026-08-29,0.958,0.846,1.074,0.912,1.003,rt,
aru,2026-08-30,0.965,0.849,1.088,0.919,1.014,rt,
aru,2026-08-31,0.959,0.838,1.091,0.912,1.013,rt,
aru,2026-09-01,0.963,0.844,1.091,0.915,1.014,rt,
aru,2026-09-02,0.966,0.848,1.092,0.919,1.015,rt,
aru,2026-09-03,0.968,0.849,1.095,0.919,1.017,rt,
aru,2026-09-04,0.97,0.856,1.086,0.923,1.016,rt,
aru,2026-09-05,0.969,0.857,1.081,0.923,1.015,rt,
aru,2026-09-06,0.965,0.849,1.08,0.918,1.013,rt,
aru,2026-09-07,0.947,0.827,1.068,0.898,0.996,rt,
aru,2026-09-08,0.931,0.813,1.046,0.882,0.981,rt,
aru,2026-09-09,0.915,0.799,1.032,0.866,0.963,rt,
aru,2026-09-10,0.897,0.783,1.02,0.848,0.949,rt,
aru,2026-09-11,0.877,0.763,0.995,0.83,0.928,rt,
aru,2026-09-12,0.857,0.742,0.976,0.806,0.905,rt,
aru,2026-09-13,0.833,0.716,0.965,0.78,0.885,rt,
aru,2026-09-14,0.81,0.68,0.952,0.757,0.867,rt,
aru,2026-09-15,0.8,0.67,0.948,0.745,0.856,rt,
aru,2026-09-16,0.792,0.66,0.944,0.735,0.847,rt,
aru,2026-09-17,0.784,0.649,0.939,0.726,0.841,rt,
aru,2026-09-18,0.777,0.637,0.936,0.721,0.834,rt,
aru,2026-09-19,0.772,0.619,0.934,0.71,0.831,rt,
aru,2026-09-20,0.765,0.605,0.934,0.701,0.828,rt,
aru,2026-09-21,0.766,0.595,0.946,0.694,0.834,rt,
aru,2026-09-22,0.765,0.586,0.955,0.691,0.838,rt,
aru,2026-09-23,0.764,0.58,0.965,0.687,0.839,rt,
aru,2026-09-24,0.761,0.573,0.973,0.683,0.844,rt,
aru,2026-09-25,0.758,0.564,0.979,0.679,0.846,rt,
aru,2026-09-26,0.755,0.55,0.98,0.669,0.847,rt,
aru,2026-09-27,0.752,0.537,0.996,0.661,0.848,rt,
aru,2026-09-28,0.747,0.518,0.998,0.649,0.85,rt,
aru,2026-09-29,0.747,0.518,1.01,0.646,0.85,rt,
aru,2026-09-30,0.748,0.511,1.019,0.645,0.852,rt,
aru,2026-10-01,0.749,0.507,0.996,0.644,0.844,rt,
aru,2026-10-02,0.746,0.511,0.989,0.639,0.836,rt,
aungba,2026-07-10,1.084,0.959,1.212,1.033,1.138,rt,
aungba,2026-07-11,1.091,0.963,1.22,1.038,1.142,rt,
aungba,2026-07-12,1.095,0.963,1.234,1.041,1.149,rt,
aungba,2026-07-13,1.085,0.948,1.237,1.029,1.145,rt,
aungba,2026-07-14,1.08,0.95,1.22,1.026,1.137,rt,
aungba,2026-07-15,1.074,0.952,1.209,1.022,1.128,rt,
aungba,2026-07-16,1.067,0.947,1.2,1.018,1.12,rt,
aungba,2026-07-17,1.065,0.946,1.2,1.015,1.115,rt,
aungba,2026-07-18,1.061,0.939,1.203,1.01,1.115,rt,
aungba,2026-07-19,1.055,0.929,1.205,1.005,1.112,rt,
aungba,2026-07-20,1.056,0.922,1.211,1.002,1.117,rt,
aungba,2026-07-21,1.055,0.931,1.198,1.002,1.114,rt,
aungba,2026-07-22,1.053,0.934,1.193,0.999,1.111,rt,
aungba,2026-07-23,1.05,0.935,1.192,0.996,1.109,rt,
aungba,2026-07-24,1.047,0.932,1.182,0.997,1.102,rt,
aungba,2026-07-25,1.042,0.925,1.167,0.994,1.095,rt,
aungba,2026-07-26,1.037,0.913,1.16,0.988,1.088,rt,
aungba,2026-07-27,1.034,0.902,1.164,0.985,1.088,rt,
aungba,2026-07-28,1.034,0.909,1.156,0.988,1.084,rt,
aungba,2026-07-29,1.033,0.913,1.152,0.987,1.079,rt,
aungba,2026-07-30,1.029,0.913,1.15,0.983,1.076,rt,
aungba,2026-07-31,1.024,0.91,1.137,0.975,1.067,rt,
aungba,2026-08-01,1.016,0.901,1.127,0.968,1.061,rt,
aungba,2026-08-02,1.006,0.889,1.119,0.956,1.054,rt,
aungba,2026-08-03,0.99,0.863,1.114,0.94,1.042,rt,
aungba,2026-08-04,0.985,0.867,1.102,0.935,1.035,rt,
aungba,2026-08-05,0.98,0.865,1.097,0.93,1.03,rt,
aungba,2026-08-06,0.975,0.857,1.093,0.924,1.025,rt,
aungba,2026-08-07,0.963,0.852,1.075,0.913,1.012,rt,
aungba,2026-08-08,0.953,0.835,1.065,0.902,1.0,rt,
aungba,2026-08-09,0.942,0.82,1.056,0.89,0.989,rt,
aungba,2026-08-10,0.923,0.796,1.045,0.869,0.973,rt,
aungba,2026-08-11,0.915,0.796,1.029,0.867,0.961,rt,
aungba,2026-08-12,0.907,0.794,1.019,0.862,0.952,rt,
aungba,2026-08-13,0.899,0.79,1.011,0.857,0.942,rt,
aungba,2026-08-14,0.891,0.789,0.996,0.851,0.933,rt,
aungba,2026-08-15,0.881,0.785,0.985,0.843,0.921,rt,
aungba,2026-08-16,0.872,0.774,0.979,0.833,0.912,rt,
aungba,2026-08-17,0.87,0.765,0.978,0.827,0.912,rt,
aungba,2026-08-18,0.872,0.77,0.976,0.831,0.914,rt,
aungba,2026-08-19,0.873,0.771,0.977,0.83,0.917,rt,
aungba,2026-08-20,0.873,0.769,0.981,0.829,0.92,rt,
aungba,2026-08-21,0.875,0.776,0.98,0.834,0.921,rt,
aungba,2026-08-22,0.876,0.78,0.982,0.835,0.922,rt,
aungba,2026-08-23,0.877,0.779,0.989,0.835,0.923,rt,
aungba,2026-08-24,0.888,0.781,1.005,0.844,0.935,rt,
aungba,2026-08-25,0.905,0.799,1.022,0.86,0.949,rt,
aungba,2026-08-26,0.921,0.815,1.035,0.876,0.967,rt,
aungba,2026-08-27,0.936,0.826,1.054,0.888,0.981,rt,
aungba,2026-08-28,0.946,0.837,1.062,0.9,0.993,rt,
aungba,2026-08-29,0.955,0.847,1.069,0.91,1.002,rt,
aungba,2026-08-30,0.963,0.85,1.082,0.916,1.01,rt,
aungba,2026-08-31,0.957,0.837,1.084,0.91,1.008,rt,
aungba,2026-09-01,0.959,0.841,1.087,0.912,1.008,rt,
aungba,2026-09-02,0.962,0.849,1.088,0.916,1.011,rt,
aungba,2026-09-03,0.963,0.853,1.088,0.916,1.012,rt,
aungba,2026-09-04,0.964,0.855,1.08,0.921,1.012,rt,
aungba,2026-09-05,0.964,0.853,1.077,0.92,1.011,rt,
aungba,2026-09-06,0.96,0.847,1.076,0.913,1.006,rt,
aungba,2026-09-07,0.94,0.823,1.059,0.892,0.987,rt,
aungba,2026-09-08,0.922,0.81,1.043,0.878,0.975,rt,
aungba,2026-09-09,0.905,0.795,1.027,0.86,0.96,rt,
aungba,2026-09-10,0.889,0.774,1.01,0.843,0.942,rt,
aungba,2026-09-11,0.869,0.756,0.992,0.822,0.921,rt,
aungba,2026-09-12,0.849,0.733,0.971,0.798,0.898,rt,
aungba,2026-09-13,0.827,0.703,0.956,0.773,0.877,rt,
aungba,2026-09-14,0.802,0.671,0.943,0.747,0.859,rt,
aungba,2026-09-15,0.791,0.661,0.931,0.739,0.848,rt,
aungba,2026-09-16,0.782,0.651,0.926,0.73,0.839,rt,
aungba,2026-09-17,0.775,0.64,0.928,0.721,0.831,rt,
aungba,2026-09-18,0.767,0.629,0.925,0.712,0.826,rt,
aungba,2026-09-19,0.761,0.614,0.925,0.703,0.821,rt,
aungba,2026-09-20,0.754,0.596,0.927,0.692,0.818,rt,
aungba,2026-09-21,0.755,0.585,0.938,0.685,0.825,rt,
aungba,2026-09-22,0.756,0.577,0.949,0.683,0.825,rt,
aungba,2026-09-23,0.755,0.569,0.96,0.681,0.828,rt,
aungba,2026-09-24,0.752,0.56,0.97,0.677,0.834,rt,
aungba,2026-09-25,0.749,0.55,0.973,0.67,0.836,rt,
aungba,2026-09-26,0.747,0.538,0.981,0.664,0.837,rt,
aungba,2026-09-27,0.744,0.525,0.989,0.654,0.84,rt,
aungba,2026-09-28,0.736,0.51,0.995,0.64,0.838,rt,
aungba,2026-09-29,0.737,0.507,1.003,0.638,0.84,rt,
aungba,2026-09-30,0.739,0.503,1.003,0.636,0.843,rt,
aungba,2026-10-01,0.737,0.505,0.986,0.635,0.834,rt,
aungba,2026-10-02,0.734,0.497,0.976,0.632,0.828,rt,
bambu,2026-05-23,1.512,0.989,2.314,1.281,1.788,rt,
bambu,2026-05-24,1.47,0.963,2.278,1.243,1.755,rt,
bambu,2026-05-25,1.428,0.907,2.234,1.193,1.71,rt,
bambu,2026-05-26,1.428,0.94,2.187,1.211,1.687,rt,
bambu,2026-05-27,1.433,0.971,2.148,1.229,1.672,rt,
bambu,2026-05-28,1.439,0.982,2.111,1.236,1.664,rt,
bambu,2026-05-29,1.451,0.994,2.084,1.248,1.662,rt,
bambu,2026-05-30,1.454,0.999,2.083,1.261,1.672,rt,
bambu,2026-05-31,1.458,0.98,2.099,1.251,1.689,rt,
bambu,2026-06-01,1.473,0.978,2.154,1.255,1.728,rt,
bambu,2026-06-02,1.505,1.035,2.135,1.304,1.741,rt,
bambu,2026-06-03,1.536,1.067,2.153,1.35,1.754,rt,
bambu,2026-06-04,1.558,1.097,2.149,1.381,1.783,rt,
bambu,2026-06-05,1.586,1.128,2.187,1.398,1.808,rt,
bambu,2026-06-06,1.606,1.148,2.228,1.411,1.833,rt,
bambu,2026-06-07,1.617,1.135,2.288,1.41,1.851,rt,
bambu,2026-06-08,1.624,1.12,2.336,1.396,1.876,rt,
bambu,2026-06-09,1.614,1.153,2.277,1.41,1.856,rt,
bambu,2026-06-10,1.61,1.181,2.225,1.419,1.841,rt,
bambu,2026-06-11,1.609,1.197,2.173,1.424,1.822,rt,
bambu,2026-06-12,1.6,1.198,2.15,1.425,1.811,rt,
bambu,2026-06-13,1.59,1.19,2.143,1.412,1.803,rt,
bambu,2026-06-14,1.584,1.167,2.175,1.393,1.802,rt,
bambu,2026-06-15,1.578,1.133,2.206,1.376,1.817,rt,
bambu,2026-06-16,1.578,1.172,2.147,1.387,1.794,rt,
bambu,2026-06-17,1.576,1.194,2.11,1.398,1.78,rt,
bambu,2026-06-18,1.579,1.203,2.104,1.405,1.771,rt,
bambu,2026-06-19,1.577,1.203,2.074,1.398,1.765,rt,
bambu,2026-06-20,1.571,1.194,2.073,1.395,1.758,rt,
bambu,2026-06-21,1.565,1.164,2.104,1.376,1.76,rt,
bambu,2026-06-22,1.569,1.144,2.18,1.378,1.79,rt,
bambu,2026-06-23,1.553,1.167,2.091,1.383,1.747,rt,
bambu,2026-06-24,1.538,1.184,2.011,1.386,1.71,rt,
bambu,2026-06-25,1.522,1.197,1.969,1.382,1.69,rt,
bambu,2026-06-26,1.519,1.178,1.941,1.36,1.675,rt,
bambu,2026-06-27,1.5,1.155,1.922,1.341,1.662,rt,
bambu,2026-06-28,1.48,1.122,1.934,1.317,1.657,rt,
bambu,2026-06-29,1.439,1.064,1.926,1.266,1.632,rt,
bambu,2026-06-30,1.398,1.06,1.836,1.243,1.562,rt,
bambu,2026-07-01,1.356,1.046,1.753,1.216,1.511,rt,
bambu,2026-07-02,1.318,1.028,1.683,1.187,1.457,rt,
bambu,2026-07-03,1.284,1.002,1.644,1.157,1.415,rt,
bambu,2026-07-04,1.25,0.967,1.632,1.124,1.388,rt,
bambu,2026-07-05,1.218,0.926,1.611,1.091,1.359,rt,
bambu,2026-07-06,1.196,0.881,1.626,1.06,1.346,rt,
bambu,2026-07-07,1.197,0.903,1.579,1.071,1.336,rt,
bambu,2026-07-08,1.194,0.921,1.548,1.079,1.326,rt,
bambu,2026-07-09,1.192,0.939,1.526,1.082,1.325,rt,
bambu,2026-07-10,1.196,0.932,1.519,1.078,1.322,rt,
bambu,2026-07-11,1.197,0.926,1.537,1.073,1.328,rt,
bambu,2026-07-12,1.193,0.899,1.568,1.066,1.333,rt,
bambu,2026-07-13,1.173,0.863,1.58,1.039,1.327,rt,
bambu,2026-07-14,1.173,0.892,1.543,1.055,1.316,rt,
bambu,2026-07-15,1.174,0.912,1.522,1.065,1.308,rt,
bambu,2026-07-16,1.175,0.922,1.514,1.076,1.304,rt,
bambu,2026-07-17,1.185,0.927,1.514,1.078,1.307,rt,
bambu,2026-07-18,1.191,0.919,1.541,1.08,1.316,rt,
bambu,2026-07-19,1.196,0.905,1.575,1.068,1.332,rt,
bambu,2026-07-20,1.203,0.889,1.641,1.065,1.358,rt,
bambu,2026-07-21,1.208,0.921,1.591,1.084,1.354,rt,
bambu,2026-07-22,1.216,0.95,1.566,1.099,1.354,rt,
bambu,2026-07-23,1.223,0.957,1.548,1.113,1.358,rt,
bambu,2026-07-24,1.227,0.958,1.55,1.117,1.363,rt,
bambu,2026-07-25,1.228,0.95,1.568,1.117,1.369,rt,
bambu,2026-07-26,1.229,0.931,1.594,1.106,1.379,rt,
bambu,2026-07-27,1.235,0.906,1.632,1.099,1.402,rt,
bambu,2026-07-28,1.244,0.944,1.586,1.118,1.389,rt,
bambu,2026-07-29,1.254,0.985,1.567,1.134,1.376,rt,
bambu,2026-07-30,1.26,1.005,1.567,1.145,1.378,rt,
bambu,2026-07-31,1.253,1.005,1.556,1.149,1.376,rt,
bambu,2026-08-01,1.255,0.998,1.575,1.14,1.379,rt,
bambu,2026-08-02,1.252,0.965,1.607,1.125,1.379,rt,
bambu,2026-08-03,1.241,0.938,1.639,1.103,1.381,rt,
bambu,2026-08-04,1.223,0.937,1.564,1.1,1.359,rt,
bambu,2026-08-05,1.208,0.945,1.532,1.09,1.336,rt,
bambu,2026-08-06,1.192,0.935,1.505,1.079,1.306,rt,
bambu,2026-08-07,1.173,0.908,1.473,1.059,1.281,rt,
bambu,2026-08-08,1.147,0.873,1.465,1.035,1.262,rt,
bambu,2026-08-09,1.121,0.84,1.457,1.007,1.245,rt,
bambu,2026-08-10,1.091,0.789,1.456,0.971,1.223,rt,
bambu,2026-08-11,1.053,0.784,1.372,0.941,1.164,rt,
bambu,2026-08-12,1.011,0.771,1.302,0.908,1.115,rt,
bambu,2026-08-13,0.972,0.746,1.244,0.875,1.069,rt,
bambu,2026-08-14,0.933,0.718,1.192,0.84,1.03,rt,
bambu,2026-08-15,0.896,0.68,1.157,0.804,0.994,rt,
bambu,2026-08-16,0.861,0.636,1.127,0.764,0.958,rt,
bambu,2026-08-17,0.831,0.596,1.119,0.725,0.935,rt,
bambu,2026-08-18,0.808,0.594,1.055,0.713,0.902,rt,
bambu,2026-08-19,0.779,0.584,1.014,0.695,0.871,rt,
bambu,2026-08-20,0.755,0.568,0.974,0.674,0.843,rt,
bambu,2026-08-21,0.733,0.551,0.949,0.656,0.817,rt,
bambu,2026-08-22,0.712,0.527,0.928,0.63,0.798,rt,
bambu,2026-08-23,0.69,0.5,0.91,0.606,0.775,rt,
bambu,2026-08-24,0.673,0.473,0.914,0.586,0.768,rt,
bambu,2026-08-25,0.68,0.493,0.907,0.597,0.77,rt,
bambu,2026-08-26,0.686,0.502,0.894,0.605,0.77,rt,
bambu,2026-08-27,0.688,0.508,0.899,0.609,0.775,rt,
bambu,2026-08-28,0.692,0.512,0.908,0.613,0.775,rt,
bambu,2026-08-29,0.69,0.503,0.924,0.61,0.778,rt,
bambu,2026-08-30,0.688,0.488,0.942,0.603,0.782,rt,
bambu,2026-08-31,0.677,0.466,0.954,0.588,0.783,rt,
bambu,2026-09-01,0.684,0.482,0.936,0.597,0.781,rt,
bambu,2026-09-02,0.687,0.493,0.929,0.602,0.784,rt,
bambu,2026-09-03,0.691,0.505,0.926,0.606,0.789,rt,
bambu,2026-09-04,0.696,0.509,0.937,0.608,0.798,rt,
bambu,2026-09-05,0.7,0.502,0.949,0.605,0.802,rt,
bambu,2026-09-06,0.701,0.488,0.967,0.598,0.809,rt,
bambu,2026-09-07,0.686,0.46,0.973,0.58,0.805,rt,
bambu,2026-09-08,0.677,0.458,0.944,0.575,0.789,rt,
bambu,2026-09-09,0.666,0.453,0.912,0.566,0.77,rt,
bambu,2026-09-10,0.656,0.44,0.897,0.554,0.753,rt,
bambu,2026-09-11,0.637,0.428,0.876,0.543,0.738,rt,
bambu,2026-09-12,0.619,0.408,0.862,0.526,0.724,rt,
bambu,2026-09-13,0.599,0.385,0.867,0.505,0.707,rt,
bambu,2026-09-14,0.579,0.358,0.878,0.478,0.695,rt,
bambu,2026-09-15,0.58,0.361,0.88,0.48,0.69,rt,
bambu,2026-09-16,0.581,0.361,0.872,0.48,0.692,rt,
bambu,2026-09-17,0.579,0.358,0.892,0.477,0.697,rt,
bambu,2026-09-18,0.578,0.351,0.908,0.472,0.709,rt,
bambu,2026-09-19,0.581,0.34,0.941,0.468,0.718,rt,
bambu,2026-09-20,0.58,0.327,0.975,0.462,0.731,rt,
bambu,2026-09-21,0.586,0.316,1.016,0.457,0.751,rt,
bambu,2026-09-22,0.585,0.318,1.028,0.458,0.755,rt,
bambu,2026-09-23,0.586,0.316,1.038,0.46,0.752,rt,
bambu,2026-09-24,0.58,0.314,1.037,0.452,0.754,rt,
bambu,2026-09-25,0.578,0.309,1.051,0.449,0.756,rt,
bambu,2026-09-26,0.573,0.298,1.091,0.446,0.757,rt,
bambu,2026-09-27,0.569,0.291,1.115,0.438,0.756,rt,
bambu,2026-09-28,0.563,0.275,1.145,0.425,0.755,rt,
bambu,2026-09-29,0.562,0.279,1.147,0.421,0.751,rt,
bambu,2026-09-30,0.561,0.274,1.169,0.422,0.745,rt,
bambu,2026-10-01,0.56,0.262,1.175,0.416,0.752,rt,
bambu,2026-10-02,0.552,0.243,1.196,0.407,0.758,rt,
boga,2026-08-20,0.865,0.764,0.983,0.822,0.914,rt,
boga,2026-08-21,0.867,0.77,0.98,0.825,0.915,rt,
boga,2026-08-22,0.868,0.77,0.979,0.826,0.915,rt,
boga,2026-08-23,0.866,0.764,0.976,0.823,0.914,rt,
boga,2026-08-24,0.875,0.767,0.99,0.83,0.924,rt,
boga,2026-08-25,0.892,0.784,1.003,0.846,0.938,rt,
boga,2026-08-26,0.907,0.797,1.018,0.861,0.953,rt,
boga,2026-08-27,0.919,0.809,1.038,0.874,0.967,rt,
boga,2026-08-28,0.929,0.818,1.043,0.885,0.975,rt,
boga,2026-08-29,0.937,0.825,1.052,0.893,0.983,rt,
boga,2026-08-30,0.942,0.827,1.061,0.897,0.989,rt,
boga,2026-08-31,0.937,0.817,1.063,0.886,0.987,rt,
boga,2026-09-01,0.939,0.823,1.062,0.891,0.988,rt,
boga,2026-09-02,0.942,0.827,1.064,0.892,0.991,rt,
boga,2026-09-03,0.943,0.829,1.068,0.895,0.994,rt,
boga,2026-09-04,0.944,0.836,1.062,0.898,0.993,rt,
boga,2026-09-05,0.946,0.833,1.058,0.899,0.993,rt,
boga,2026-09-06,0.943,0.828,1.058,0.896,0.988,rt,
boga,2026-09-07,0.924,0.801,1.043,0.874,0.97,rt,
boga,2026-09-08,0.909,0.786,1.027,0.86,0.955,rt,
boga,2026-09-09,0.894,0.77,1.012,0.844,0.941,rt,
boga,2026-09-10,0.878,0.757,1.0,0.827,0.924,rt,
boga,2026-09-11,0.858,0.738,0.976,0.806,0.903,rt,
boga,2026-09-12,0.839,0.717,0.957,0.784,0.882,rt,
boga,2026-09-13,0.814,0.687,0.941,0.76,0.863,rt,
boga,2026-09-14,0.792,0.658,0.928,0.733,0.845,rt,
boga,2026-09-15,0.782,0.65,0.921,0.723,0.835,rt,
boga,2026-09-16,0.772,0.636,0.918,0.716,0.826,rt,
boga,2026-09-17,0.763,0.625,0.915,0.707,0.82,rt,
boga,2026-09-18,0.755,0.615,0.914,0.701,0.813,rt,
boga,2026-09-19,0.747,0.6,0.909,0.69,0.809,rt,
boga,2026-09-20,0.741,0.585,0.914,0.679,0.805,rt,
boga,2026-09-21,0.74,0.568,0.928,0.674,0.813,rt,
boga,2026-09-22,0.74,0.57,0.937,0.67,0.814,rt,
boga,2026-09-23,0.736,0.563,0.944,0.665,0.817,rt,
boga,2026-09-24,0.735,0.555,0.952,0.66,0.819,rt,
boga,2026-09-25,0.731,0.542,0.952,0.654,0.824,rt,
boga,2026-09-26,0.73,0.533,0.96,0.646,0.823,rt,
boga,2026-09-27,0.726,0.52,0.969,0.636,0.822,rt,
boga,2026-09-28,0.72,0.5,0.975,0.623,0.821,rt,
boga,2026-09-29,0.721,0.495,0.982,0.624,0.822,rt,
boga,2026-09-30,0.721,0.491,0.987,0.619,0.822,rt,
boga,2026-10-01,0.719,0.485,0.964,0.618,0.815,rt,
boga,2026-10-02,0.714,0.476,0.961,0.614,0.81,rt,
bunia,2026-04-20,2.516,1.617,5.398,2.02,3.342,rt,
bunia,2026-04-21,2.522,1.654,5.071,2.046,3.287,rt,
bunia,2026-04-22,2.514,1.67,4.838,2.069,3.203,rt,
bunia,2026-04-23,2.495,1.689,4.589,2.073,3.15,rt,
bunia,2026-04-24,2.49,1.706,4.444,2.072,3.102,rt,
bunia,2026-04-25,2.494,1.715,4.442,2.08,3.07,rt,
bunia,2026-04-26,2.488,1.7,4.302,2.079,3.032,rt,
bunia,2026-04-27,2.459,1.671,4.192,2.061,2.982,rt,
bunia,2026-04-28,2.423,1.692,4.046,2.057,2.929,rt,
bunia,2026-04-29,2.41,1.701,3.892,2.066,2.882,rt,
bunia,2026-04-30,2.396,1.702,3.792,2.065,2.84,rt,
bunia,2026-05-01,2.407,1.728,3.793,2.089,2.841,rt,
bunia,2026-05-02,2.415,1.74,3.731,2.093,2.849,rt,
bunia,2026-05-03,2.428,1.728,3.728,2.102,2.849,rt,
bunia,2026-05-04,2.438,1.719,3.737,2.093,2.86,rt,
bunia,2026-05-05,2.447,1.748,3.657,2.128,2.843,rt,
bunia,2026-05-06,2.46,1.785,3.624,2.144,2.82,rt,
bunia,2026-05-07,2.47,1.795,3.581,2.159,2.824,rt,
bunia,2026-05-08,2.458,1.798,3.477,2.168,2.801,rt,
bunia,2026-05-09,2.445,1.796,3.42,2.171,2.792,rt,
bunia,2026-05-10,2.441,1.797,3.418,2.164,2.79,rt,
bunia,2026-05-11,2.336,1.709,3.299,2.074,2.703,rt,
bunia,2026-05-12,2.252,1.683,3.084,2.015,2.568,rt,
bunia,2026-05-13,2.175,1.658,2.931,1.952,2.452,rt,
bunia,2026-05-14,2.1,1.621,2.789,1.889,2.361,rt,
bunia,2026-05-15,2.028,1.576,2.672,1.826,2.257,rt,
bunia,2026-05-16,1.959,1.529,2.561,1.759,2.17,rt,
bunia,2026-05-17,1.893,1.458,2.494,1.684,2.097,rt,
bunia,2026-05-18,1.834,1.377,2.446,1.626,2.045,rt,
bunia,2026-05-19,1.771,1.364,2.318,1.58,1.954,rt,
bunia,2026-05-20,1.712,1.333,2.179,1.531,1.878,rt,
bunia,2026-05-21,1.647,1.294,2.087,1.491,1.807,rt,
bunia,2026-05-22,1.569,1.233,1.984,1.426,1.72,rt,
bunia,2026-05-23,1.495,1.166,1.9,1.35,1.652,rt,
bunia,2026-05-24,1.425,1.088,1.83,1.276,1.585,rt,
bunia,2026-05-25,1.352,0.982,1.782,1.189,1.516,rt,
bunia,2026-05-26,1.337,1.002,1.723,1.19,1.484,rt,
bunia,2026-05-27,1.325,1.03,1.676,1.193,1.456,rt,
bunia,2026-05-28,1.314,1.042,1.653,1.189,1.436,rt,
bunia,2026-05-29,1.304,1.036,1.632,1.189,1.423,rt,
bunia,2026-05-30,1.295,1.029,1.631,1.182,1.422,rt,
bunia,2026-05-31,1.293,1.001,1.642,1.167,1.425,rt,
bunia,2026-06-01,1.298,0.976,1.667,1.159,1.441,rt,
bunia,2026-06-02,1.343,1.064,1.666,1.224,1.46,rt,
bunia,2026-06-03,1.385,1.134,1.675,1.286,1.496,rt,
bunia,2026-06-04,1.424,1.196,1.694,1.335,1.535,rt,
bunia,2026-06-05,1.466,1.254,1.727,1.381,1.575,rt,
bunia,2026-06-06,1.502,1.284,1.768,1.415,1.616,rt,
bunia,2026-06-07,1.532,1.296,1.816,1.436,1.652,rt,
bunia,2026-06-08,1.558,1.296,1.884,1.449,1.69,rt,
bunia,2026-06-09,1.545,1.317,1.819,1.447,1.66,rt,
bunia,2026-06-10,1.525,1.331,1.775,1.437,1.625,rt,
bunia,2026-06-11,1.508,1.319,1.747,1.421,1.595,rt,
bunia,2026-06-12,1.488,1.306,1.718,1.404,1.576,rt,
bunia,2026-06-13,1.465,1.275,1.713,1.38,1.558,rt,
bunia,2026-06-14,1.436,1.226,1.706,1.349,1.54,rt,
bunia,2026-06-15,1.416,1.192,1.715,1.322,1.53,rt,
bunia,2026-06-16,1.375,1.177,1.631,1.292,1.476,rt,
bunia,2026-06-17,1.336,1.161,1.557,1.26,1.426,rt,
bunia,2026-06-18,1.298,1.13,1.493,1.228,1.379,rt,
bunia,2026-06-19,1.259,1.102,1.43,1.195,1.331,rt,
bunia,2026-06-20,1.217,1.061,1.388,1.157,1.287,rt,
bunia,2026-06-21,1.179,1.005,1.359,1.111,1.252,rt,
bunia,2026-06-22,1.152,0.964,1.361,1.076,1.23,rt,
bunia,2026-06-23,1.157,0.985,1.338,1.092,1.224,rt,
bunia,2026-06-24,1.163,1.002,1.327,1.102,1.224,rt,
bunia,2026-06-25,1.168,1.015,1.318,1.107,1.227,rt,
bunia,2026-06-26,1.17,1.023,1.321,1.112,1.23,rt,
bunia,2026-06-27,1.174,1.023,1.329,1.112,1.236,rt,
bunia,2026-06-28,1.179,1.014,1.346,1.108,1.244,rt,
bunia,2026-06-29,1.159,0.979,1.344,1.085,1.234,rt,
bunia,2026-06-30,1.153,0.993,1.313,1.086,1.215,rt,
bunia,2026-07-01,1.147,1.0,1.293,1.086,1.203,rt,
bunia,2026-07-02,1.141,1.005,1.279,1.081,1.198,rt,
bunia,2026-07-03,1.136,1.008,1.277,1.082,1.191,rt,
bunia,2026-07-04,1.132,1.001,1.283,1.077,1.191,rt,
bunia,2026-07-05,1.129,0.988,1.297,1.068,1.194,rt,
bunia,2026-07-06,1.136,0.976,1.325,1.068,1.211,rt,
bunia,2026-07-07,1.13,0.986,1.294,1.068,1.191,rt,
bunia,2026-07-08,1.123,0.987,1.271,1.066,1.176,rt,
bunia,2026-07-09,1.112,0.987,1.251,1.06,1.167,rt,
bunia,2026-07-10,1.104,0.98,1.235,1.054,1.157,rt,
bunia,2026-07-11,1.094,0.964,1.236,1.041,1.15,rt,
bunia,2026-07-12,1.082,0.942,1.245,1.023,1.145,rt,
bunia,2026-07-13,1.06,0.895,1.242,0.994,1.129,rt,
bunia,2026-07-14,1.043,0.895,1.208,0.985,1.103,rt,
bunia,2026-07-15,1.028,0.889,1.174,0.973,1.082,rt,
bunia,2026-07-16,1.01,0.88,1.148,0.959,1.063,rt,
bunia,2026-07-17,0.998,0.871,1.131,0.948,1.05,rt,
bunia,2026-07-18,0.985,0.852,1.119,0.932,1.038,rt,
bunia,2026-07-19,0.968,0.823,1.117,0.911,1.028,rt,
bunia,2026-07-20,0.961,0.796,1.128,0.895,1.026,rt,
bunia,2026-07-21,0.965,0.82,1.113,0.906,1.024,rt,
bunia,2026-07-22,0.969,0.837,1.112,0.915,1.025,rt,
bunia,2026-07-23,0.972,0.845,1.112,0.921,1.026,rt,
bunia,2026-07-24,0.974,0.85,1.107,0.924,1.03,rt,
bunia,2026-07-25,0.978,0.846,1.117,0.925,1.031,rt,
bunia,2026-07-26,0.977,0.831,1.128,0.918,1.035,rt,
bunia,2026-07-27,0.982,0.821,1.16,0.911,1.047,rt,
bunia,2026-07-28,0.993,0.852,1.152,0.933,1.053,rt,
bunia,2026-07-29,1.006,0.875,1.149,0.948,1.061,rt,
bunia,2026-07-30,1.015,0.889,1.151,0.963,1.071,rt,
bunia,2026-07-31,1.021,0.9,1.16,0.97,1.076,rt,
bunia,2026-08-01,1.028,0.898,1.171,0.976,1.085,rt,
bunia,2026-08-02,1.031,0.895,1.194,0.971,1.095,rt,
bunia,2026-08-03,1.027,0.873,1.213,0.96,1.103,rt,
bunia,2026-08-04,1.02,0.881,1.187,0.96,1.089,rt,
bunia,2026-08-05,1.013,0.879,1.171,0.957,1.073,rt,
bunia,2026-08-06,1.003,0.871,1.157,0.949,1.066,rt,
bunia,2026-08-07,0.993,0.862,1.138,0.937,1.05,rt,
bunia,2026-08-08,0.978,0.842,1.125,0.922,1.036,rt,
bunia,2026-08-09,0.963,0.813,1.124,0.901,1.027,rt,
bunia,2026-08-10,0.942,0.778,1.12,0.873,1.011,rt,
bunia,2026-08-11,0.926,0.776,1.079,0.864,0.987,rt,
bunia,2026-08-12,0.913,0.774,1.047,0.853,0.966,rt,
bunia,2026-08-13,0.897,0.765,1.022,0.841,0.947,rt,
bunia,2026-08-14,0.878,0.759,1.0,0.828,0.931,rt,
bunia,2026-08-15,0.862,0.74,0.985,0.811,0.913,rt,
bunia,2026-08-16,0.843,0.713,0.977,0.791,0.899,rt,
bunia,2026-08-17,0.833,0.685,0.985,0.774,0.893,rt,
bunia,2026-08-18,0.834,0.702,0.976,0.781,0.891,rt,
bunia,2026-08-19,0.837,0.719,0.972,0.788,0.889,rt,
bunia,2026-08-20,0.838,0.722,0.968,0.794,0.889,rt,
bunia,2026-08-21,0.843,0.734,0.971,0.798,0.892,rt,
bunia,2026-08-22,0.847,0.736,0.978,0.796,0.897,rt,
bunia,2026-08-23,0.848,0.728,0.993,0.795,0.903,rt,
bunia,2026-08-24,0.856,0.72,1.017,0.799,0.921,rt,
bunia,2026-08-25,0.867,0.742,1.013,0.813,0.925,rt,
bunia,2026-08-26,0.874,0.759,1.01,0.825,0.929,rt,
bunia,2026-08-27,0.879,0.764,1.012,0.831,0.934,rt,
bunia,2026-08-28,0.883,0.766,1.017,0.837,0.939,rt,
bunia,2026-08-29,0.885,0.757,1.025,0.836,0.945,rt,
bunia,2026-08-30,0.884,0.739,1.04,0.825,0.947,rt,
bunia,2026-08-31,0.872,0.712,1.052,0.805,0.946,rt,
bunia,2026-09-01,0.869,0.723,1.029,0.807,0.936,rt,
bunia,2026-09-02,0.865,0.724,1.016,0.807,0.927,rt,
bunia,2026-09-03,0.86,0.726,1.004,0.805,0.92,rt,
bunia,2026-09-04,0.856,0.724,0.996,0.801,0.913,rt,
bunia,2026-09-05,0.849,0.711,0.996,0.792,0.907,rt,
bunia,2026-09-06,0.838,0.682,0.999,0.774,0.9,rt,
bunia,2026-09-07,0.814,0.647,0.996,0.741,0.887,rt,
bunia,2026-09-08,0.803,0.652,0.967,0.74,0.868,rt,
bunia,2026-09-09,0.791,0.657,0.946,0.734,0.851,rt,
bunia,2026-09-10,0.778,0.647,0.931,0.723,0.838,rt,
bunia,2026-09-11,0.764,0.618,0.912,0.705,0.822,rt,
bunia,2026-09-12,0.749,0.589,0.906,0.685,0.807,rt,
bunia,2026-09-13,0.732,0.553,0.906,0.659,0.794,rt,
bunia,2026-09-14,0.711,0.515,0.917,0.628,0.783,rt,
bunia,2026-09-15,0.709,0.528,0.919,0.632,0.786,rt,
bunia,2026-09-16,0.711,0.535,0.926,0.634,0.793,rt,
bunia,2026-09-17,0.716,0.53,0.934,0.636,0.801,rt,
bunia,2026-09-18,0.721,0.522,0.965,0.635,0.813,rt,
bunia,2026-09-19,0.729,0.504,0.999,0.632,0.83,rt,
bunia,2026-09-20,0.737,0.486,1.035,0.627,0.85,rt,
bunia,2026-09-21,0.751,0.472,1.087,0.625,0.879,rt,
bunia,2026-09-22,0.749,0.463,1.094,0.62,0.874,rt,
bunia,2026-09-23,0.744,0.457,1.101,0.615,0.869,rt,
bunia,2026-09-24,0.743,0.447,1.112,0.604,0.874,rt,
bunia,2026-09-25,0.737,0.433,1.126,0.59,0.883,rt,
bunia,2026-09-26,0.731,0.411,1.145,0.576,0.886,rt,
bunia,2026-09-27,0.725,0.383,1.16,0.56,0.895,rt,
bunia,2026-09-28,0.715,0.351,1.179,0.542,0.9,rt,
bunia,2026-09-29,0.71,0.341,1.167,0.546,0.89,rt,
bunia,2026-09-30,0.701,0.325,1.163,0.534,0.884,rt,
bunia,2026-10-01,0.694,0.312,1.152,0.525,0.879,rt,
bunia,2026-10-02,0.68,0.296,1.169,0.504,0.876,rt,
damas,2026-06-16,1.115,0.69,1.662,0.93,1.344,rt,
damas,2026-06-17,1.138,0.72,1.671,0.95,1.345,rt,
damas,2026-06-18,1.158,0.748,1.695,0.967,1.368,rt,
damas,2026-06-19,1.173,0.766,1.724,0.987,1.378,rt,
damas,2026-06-20,1.194,0.782,1.761,0.999,1.399,rt,
damas,2026-06-21,1.198,0.779,1.847,1.006,1.425,rt,
damas,2026-06-22,1.226,0.777,1.95,1.02,1.473,rt,
damas,2026-06-23,1.234,0.812,1.878,1.047,1.462,rt,
damas,2026-06-24,1.234,0.835,1.829,1.06,1.463,rt,
damas,2026-06-25,1.246,0.852,1.793,1.073,1.477,rt,
damas,2026-06-26,1.266,0.849,1.783,1.076,1.479,rt,
damas,2026-06-27,1.267,0.85,1.808,1.078,1.48,rt,
damas,2026-06-28,1.27,0.835,1.842,1.081,1.502,rt,
damas,2026-06-29,1.249,0.799,1.883,1.049,1.493,rt,
damas,2026-06-30,1.237,0.828,1.803,1.049,1.457,rt,
damas,2026-07-01,1.222,0.834,1.753,1.044,1.425,rt,
damas,2026-07-02,1.217,0.84,1.721,1.04,1.405,rt,
damas,2026-07-03,1.205,0.824,1.704,1.032,1.393,rt,
damas,2026-07-04,1.19,0.798,1.697,1.021,1.393,rt,
damas,2026-07-05,1.18,0.767,1.749,1.002,1.402,rt,
damas,2026-07-06,1.181,0.736,1.828,0.987,1.417,rt,
damas,2026-07-07,1.2,0.774,1.788,1.021,1.413,rt,
damas,2026-07-08,1.218,0.806,1.772,1.05,1.418,rt,
damas,2026-07-09,1.229,0.835,1.783,1.07,1.432,rt,
damas,2026-07-10,1.251,0.859,1.8,1.082,1.456,rt,
damas,2026-07-11,1.261,0.866,1.855,1.093,1.485,rt,
damas,2026-07-12,1.278,0.86,1.943,1.088,1.52,rt,
damas,2026-07-13,1.286,0.827,2.014,1.07,1.536,rt,
damas,2026-07-14,1.283,0.858,1.929,1.086,1.506,rt,
damas,2026-07-15,1.273,0.871,1.885,1.093,1.492,rt,
damas,2026-07-16,1.273,0.882,1.851,1.094,1.482,rt,
damas,2026-07-17,1.27,0.867,1.835,1.087,1.469,rt,
damas,2026-07-18,1.272,0.86,1.869,1.076,1.477,rt,
damas,2026-07-19,1.258,0.833,1.926,1.066,1.498,rt,
damas,2026-07-20,1.254,0.801,2.044,1.055,1.526,rt,
damas,2026-07-21,1.251,0.827,1.947,1.067,1.5,rt,
damas,2026-07-22,1.248,0.843,1.864,1.07,1.463,rt,
damas,2026-07-23,1.246,0.864,1.818,1.069,1.44,rt,
damas,2026-07-24,1.234,0.857,1.778,1.065,1.434,rt,
damas,2026-07-25,1.223,0.831,1.784,1.054,1.42,rt,
damas,2026-07-26,1.212,0.795,1.816,1.035,1.421,rt,
damas,2026-07-27,1.206,0.753,1.881,1.011,1.426,rt,
damas,2026-07-28,1.187,0.778,1.791,1.014,1.393,rt,
damas,2026-07-29,1.173,0.794,1.703,1.011,1.374,rt,
damas,2026-07-30,1.154,0.798,1.637,0.999,1.348,rt,
damas,2026-07-31,1.136,0.783,1.612,0.978,1.32,rt,
damas,2026-08-01,1.111,0.754,1.609,0.952,1.317,rt,
damas,2026-08-02,1.085,0.718,1.622,0.922,1.299,rt,
damas,2026-08-03,1.062,0.664,1.635,0.883,1.279,rt,
damas,2026-08-04,1.048,0.674,1.554,0.88,1.246,rt,
damas,2026-08-05,1.03,0.674,1.509,0.872,1.21,rt,
damas,2026-08-06,1.01,0.673,1.475,0.865,1.185,rt,
damas,2026-08-07,0.99,0.651,1.448,0.84,1.157,rt,
damas,2026-08-08,0.966,0.636,1.432,0.813,1.138,rt,
damas,2026-08-09,0.942,0.606,1.429,0.791,1.121,rt,
damas,2026-08-10,0.914,0.565,1.417,0.757,1.102,rt,
damas,2026-08-11,0.899,0.574,1.356,0.755,1.073,rt,
damas,2026-08-12,0.882,0.57,1.3,0.749,1.042,rt,
damas,2026-08-13,0.871,0.568,1.268,0.738,1.016,rt,
damas,2026-08-14,0.857,0.567,1.247,0.728,0.999,rt,
damas,2026-08-15,0.842,0.552,1.252,0.71,0.986,rt,
damas,2026-08-16,0.822,0.534,1.249,0.695,0.98,rt,
damas,2026-08-17,0.808,0.511,1.282,0.681,0.981,rt,
damas,2026-08-18,0.799,0.517,1.231,0.677,0.952,rt,
damas,2026-08-19,0.79,0.511,1.183,0.672,0.931,rt,
damas,2026-08-20,0.777,0.505,1.153,0.665,0.916,rt,
damas,2026-08-21,0.771,0.495,1.148,0.651,0.907,rt,
damas,2026-08-22,0.762,0.484,1.14,0.638,0.902,rt,
damas,2026-08-23,0.749,0.461,1.149,0.618,0.898,rt,
damas,2026-08-24,0.744,0.443,1.19,0.603,0.911,rt,
damas,2026-08-25,0.739,0.453,1.151,0.604,0.893,rt,
damas,2026-08-26,0.732,0.449,1.135,0.606,0.887,rt,
damas,2026-08-27,0.729,0.445,1.127,0.602,0.881,rt,
damas,2026-08-28,0.722,0.44,1.125,0.595,0.86,rt,
damas,2026-08-29,0.709,0.425,1.139,0.584,0.857,rt,
damas,2026-08-30,0.699,0.407,1.151,0.568,0.856,rt,
damas,2026-08-31,0.676,0.386,1.151,0.541,0.839,rt,
damas,2026-09-01,0.664,0.387,1.099,0.536,0.812,rt,
damas,2026-09-02,0.649,0.389,1.051,0.525,0.792,rt,
damas,2026-09-03,0.633,0.384,1.009,0.516,0.772,rt,
damas,2026-09-04,0.619,0.379,0.996,0.508,0.759,rt,
damas,2026-09-05,0.601,0.363,0.979,0.49,0.746,rt,
damas,2026-09-06,0.585,0.343,0.98,0.476,0.73,rt,
damas,2026-09-07,0.56,0.314,0.965,0.452,0.705,rt,
damas,2026-09-08,0.55,0.312,0.912,0.441,0.679,rt,
damas,2026-09-09,0.538,0.31,0.875,0.434,0.656,rt,
damas,2026-09-10,0.519,0.304,0.846,0.425,0.637,rt,
damas,2026-09-11,0.504,0.295,0.827,0.408,0.617,rt,
damas,2026-09-12,0.488,0.283,0.814,0.391,0.601,rt,
damas,2026-09-13,0.472,0.267,0.833,0.372,0.583,rt,
damas,2026-09-14,0.451,0.248,0.813,0.352,0.568,rt,
damas,2026-09-15,0.45,0.253,0.78,0.354,0.565,rt,
damas,2026-09-16,0.451,0.255,0.778,0.355,0.565,rt,
damas,2026-09-17,0.452,0.253,0.791,0.355,0.563,rt,
damas,2026-09-18,0.456,0.253,0.811,0.357,0.566,rt,
damas,2026-09-19,0.457,0.246,0.818,0.352,0.569,rt,
damas,2026-09-20,0.457,0.242,0.831,0.35,0.577,rt,
damas,2026-09-21,0.46,0.239,0.871,0.35,0.594,rt,
damas,2026-09-22,0.464,0.244,0.862,0.355,0.593,rt,
damas,2026-09-23,0.467,0.244,0.87,0.361,0.6,rt,
damas,2026-09-24,0.471,0.246,0.892,0.364,0.609,rt,
damas,2026-09-25,0.475,0.247,0.913,0.367,0.615,rt,
damas,2026-09-26,0.478,0.25,0.944,0.369,0.622,rt,
damas,2026-09-27,0.48,0.247,0.994,0.37,0.632,rt,
damas,2026-09-28,0.481,0.241,1.035,0.368,0.64,rt,
damas,2026-09-29,0.493,0.247,1.035,0.377,0.649,rt,
damas,2026-09-30,0.5,0.247,1.055,0.384,0.658,rt,
damas,2026-10-01,0.506,0.248,1.108,0.384,0.67,rt,
damas,2026-10-02,0.506,0.245,1.178,0.383,0.69,rt,
drodro,2026-06-30,1.273,1.125,1.44,1.212,1.34,rt,
drodro,2026-07-01,1.249,1.108,1.402,1.19,1.313,rt,
drodro,2026-07-02,1.227,1.092,1.376,1.169,1.289,rt,
drodro,2026-07-03,1.205,1.08,1.344,1.154,1.262,rt,
drodro,2026-07-04,1.185,1.06,1.323,1.135,1.238,rt,
drodro,2026-07-05,1.166,1.043,1.306,1.114,1.217,rt,
drodro,2026-07-06,1.156,1.027,1.304,1.1,1.211,rt,
drodro,2026-07-07,1.16,1.041,1.3,1.108,1.211,rt,
drodro,2026-07-08,1.165,1.051,1.296,1.116,1.215,rt,
drodro,2026-07-09,1.167,1.056,1.297,1.122,1.217,rt,
drodro,2026-07-10,1.172,1.064,1.295,1.127,1.219,rt,
drodro,2026-07-11,1.176,1.067,1.3,1.127,1.222,rt,
drodro,2026-07-12,1.178,1.062,1.306,1.126,1.224,rt,
drodro,2026-07-13,1.163,1.042,1.302,1.11,1.211,rt,
drodro,2026-07-14,1.154,1.043,1.281,1.105,1.201,rt,
drodro,2026-07-15,1.143,1.038,1.268,1.099,1.191,rt,
drodro,2026-07-16,1.133,1.031,1.26,1.091,1.183,rt,
drodro,2026-07-17,1.128,1.029,1.256,1.088,1.177,rt,
drodro,2026-07-18,1.123,1.02,1.252,1.08,1.172,rt,
drodro,2026-07-19,1.114,1.005,1.251,1.069,1.166,rt,
drodro,2026-07-20,1.113,0.991,1.255,1.064,1.167,rt,
drodro,2026-07-21,1.112,0.993,1.245,1.065,1.164,rt,
drodro,2026-07-22,1.108,0.995,1.237,1.061,1.16,rt,
drodro,2026-07-23,1.103,0.992,1.236,1.056,1.155,rt,
drodro,2026-07-24,1.099,0.992,1.219,1.053,1.147,rt,
drodro,2026-07-25,1.091,0.988,1.206,1.047,1.139,rt,
drodro,2026-07-26,1.084,0.98,1.194,1.038,1.131,rt,
drodro,2026-07-27,1.079,0.964,1.193,1.031,1.129,rt,
drodro,2026-07-28,1.078,0.971,1.184,1.033,1.123,rt,
drodro,2026-07-29,1.075,0.973,1.178,1.031,1.121,rt,
drodro,2026-07-30,1.07,0.969,1.177,1.026,1.115,rt,
drodro,2026-07-31,1.061,0.961,1.167,1.019,1.106,rt,
drodro,2026-08-01,1.051,0.949,1.16,1.008,1.097,rt,
drodro,2026-08-02,1.04,0.934,1.156,0.993,1.086,rt,
drodro,2026-08-03,1.025,0.904,1.143,0.974,1.073,rt,
drodro,2026-08-04,1.02,0.904,1.134,0.969,1.065,rt,
drodro,2026-08-05,1.011,0.897,1.126,0.964,1.059,rt,
drodro,2026-08-06,1.004,0.89,1.117,0.957,1.052,rt,
drodro,2026-08-07,0.993,0.88,1.101,0.946,1.037,rt,
drodro,2026-08-08,0.98,0.868,1.087,0.931,1.023,rt,
drodro,2026-08-09,0.966,0.85,1.074,0.915,1.011,rt,
drodro,2026-08-10,0.946,0.819,1.059,0.894,0.994,rt,
drodro,2026-08-11,0.936,0.822,1.043,0.887,0.978,rt,
drodro,2026-08-12,0.925,0.819,1.029,0.882,0.966,rt,
drodro,2026-08-13,0.915,0.811,1.02,0.874,0.956,rt,
drodro,2026-08-14,0.904,0.807,1.003,0.866,0.943,rt,
drodro,2026-08-15,0.895,0.8,0.992,0.857,0.93,rt,
drodro,2026-08-16,0.882,0.787,0.981,0.844,0.919,rt,
drodro,2026-08-17,0.877,0.776,0.979,0.835,0.917,rt,
drodro,2026-08-18,0.877,0.779,0.974,0.836,0.914,rt,
drodro,2026-08-19,0.876,0.775,0.974,0.836,0.918,rt,
drodro,2026-08-20,0.873,0.774,0.974,0.832,0.917,rt,
drodro,2026-08-21,0.874,0.781,0.97,0.835,0.916,rt,
drodro,2026-08-22,0.874,0.782,0.973,0.834,0.915,rt,
drodro,2026-08-23,0.871,0.776,0.971,0.829,0.912,rt,
drodro,2026-08-24,0.881,0.779,0.986,0.835,0.922,rt,
drodro,2026-08-25,0.895,0.797,0.994,0.852,0.937,rt,
drodro,2026-08-26,0.909,0.81,1.005,0.867,0.951,rt,
drodro,2026-08-27,0.921,0.818,1.02,0.88,0.962,rt,
drodro,2026-08-28,0.931,0.829,1.032,0.889,0.97,rt,
drodro,2026-08-29,0.938,0.835,1.039,0.896,0.976,rt,
drodro,2026-08-30,0.942,0.835,1.05,0.899,0.984,rt,
drodro,2026-08-31,0.934,0.821,1.052,0.889,0.978,rt,
drodro,2026-09-01,0.935,0.828,1.053,0.891,0.979,rt,
drodro,2026-09-02,0.935,0.831,1.05,0.894,0.981,rt,
drodro,2026-09-03,0.936,0.832,1.053,0.894,0.983,rt,
drodro,2026-09-04,0.936,0.839,1.046,0.895,0.982,rt,
drodro,2026-09-05,0.936,0.834,1.046,0.892,0.977,rt,
drodro,2026-09-06,0.931,0.826,1.042,0.886,0.973,rt,
drodro,2026-09-07,0.908,0.802,1.024,0.866,0.955,rt,
drodro,2026-09-08,0.892,0.789,1.007,0.85,0.938,rt,
drodro,2026-09-09,0.875,0.771,0.99,0.833,0.922,rt,
drodro,2026-09-10,0.857,0.752,0.972,0.814,0.904,rt,
drodro,2026-09-11,0.837,0.73,0.95,0.791,0.883,rt,
drodro,2026-09-12,0.815,0.702,0.932,0.768,0.86,rt,
drodro,2026-09-13,0.791,0.675,0.911,0.741,0.838,rt,
drodro,2026-09-14,0.768,0.642,0.894,0.715,0.817,rt,
drodro,2026-09-15,0.756,0.63,0.89,0.704,0.807,rt,
drodro,2026-09-16,0.745,0.618,0.887,0.694,0.798,rt,
drodro,2026-09-17,0.737,0.607,0.885,0.685,0.794,rt,
drodro,2026-09-18,0.733,0.6,0.881,0.679,0.787,rt,
drodro,2026-09-19,0.726,0.586,0.881,0.669,0.783,rt,
drodro,2026-09-20,0.719,0.571,0.886,0.658,0.785,rt,
drodro,2026-09-21,0.72,0.559,0.9,0.652,0.792,rt,
drodro,2026-09-22,0.718,0.551,0.907,0.649,0.791,rt,
drodro,2026-09-23,0.716,0.545,0.918,0.643,0.792,rt,
drodro,2026-09-24,0.711,0.535,0.927,0.636,0.795,rt,
drodro,2026-09-25,0.709,0.521,0.929,0.63,0.799,rt,
drodro,2026-09-26,0.704,0.507,0.936,0.624,0.801,rt,
drodro,2026-09-27,0.698,0.491,0.949,0.612,0.8,rt,
drodro,2026-09-28,0.692,0.47,0.959,0.595,0.797,rt,
drodro,2026-09-29,0.696,0.462,0.955,0.597,0.799,rt,
drodro,2026-09-30,0.698,0.459,0.957,0.592,0.802,rt,
drodro,2026-10-01,0.694,0.448,0.944,0.59,0.796,rt,
drodro,2026-10-02,0.688,0.441,0.932,0.585,0.787,rt,
fataki,2026-06-21,2.219,1.526,3.199,1.887,2.557,rt,
fataki,2026-06-22,2.229,1.493,3.306,1.883,2.607,rt,
fataki,2026-06-23,2.199,1.509,3.155,1.884,2.547,rt,
fataki,2026-06-24,2.163,1.533,3.047,1.878,2.483,rt,
fataki,2026-06-25,2.115,1.515,2.971,1.857,2.438,rt,
fataki,2026-06-26,2.077,1.478,2.901,1.824,2.4,rt,
fataki,2026-06-27,2.044,1.445,2.88,1.788,2.355,rt,
fataki,2026-06-28,2.012,1.396,2.891,1.735,2.328,rt,
fataki,2026-06-29,1.944,1.314,2.872,1.663,2.288,rt,
fataki,2026-06-30,1.855,1.293,2.645,1.596,2.138,rt,
fataki,2026-07-01,1.762,1.258,2.453,1.533,2.012,rt,
fataki,2026-07-02,1.68,1.206,2.324,1.48,1.913,rt,
fataki,2026-07-03,1.602,1.159,2.211,1.408,1.819,rt,
fataki,2026-07-04,1.535,1.104,2.143,1.341,1.746,rt,
fataki,2026-07-05,1.464,1.028,2.099,1.263,1.679,rt,
fataki,2026-07-06,1.414,0.95,2.106,1.202,1.653,rt,
fataki,2026-07-07,1.393,0.968,1.997,1.201,1.599,rt,
fataki,2026-07-08,1.376,0.987,1.903,1.203,1.556,rt,
fataki,2026-07-09,1.349,0.993,1.853,1.193,1.532,rt,
fataki,2026-07-10,1.333,0.97,1.809,1.171,1.514,rt,
fataki,2026-07-11,1.31,0.95,1.811,1.143,1.498,rt,
fataki,2026-07-12,1.286,0.912,1.811,1.115,1.486,rt,
fataki,2026-07-13,1.245,0.861,1.807,1.068,1.461,rt,
fataki,2026-07-14,1.244,0.884,1.746,1.073,1.437,rt,
fataki,2026-07-15,1.237,0.897,1.689,1.075,1.417,rt,
fataki,2026-07-16,1.232,0.904,1.671,1.075,1.403,rt,
fataki,2026-07-17,1.224,0.894,1.666,1.075,1.404,rt,
fataki,2026-07-18,1.219,0.873,1.681,1.064,1.399,rt,
fataki,2026-07-19,1.212,0.84,1.714,1.055,1.408,rt,
fataki,2026-07-20,1.216,0.816,1.794,1.043,1.421,rt,
fataki,2026-07-21,1.202,0.836,1.69,1.053,1.387,rt,
fataki,2026-07-22,1.191,0.851,1.609,1.049,1.35,rt,
fataki,2026-07-23,1.176,0.845,1.562,1.043,1.323,rt,
fataki,2026-07-24,1.159,0.841,1.538,1.022,1.304,rt,
fataki,2026-07-25,1.144,0.825,1.532,1.0,1.293,rt,
fataki,2026-07-26,1.124,0.786,1.555,0.974,1.279,rt,
fataki,2026-07-27,1.103,0.754,1.569,0.95,1.274,rt,
fataki,2026-07-28,1.077,0.757,1.483,0.938,1.233,rt,
fataki,2026-07-29,1.052,0.758,1.423,0.925,1.19,rt,
fataki,2026-07-30,1.023,0.746,1.37,0.904,1.155,rt,
fataki,2026-07-31,0.992,0.717,1.332,0.878,1.12,rt,
fataki,2026-08-01,0.957,0.69,1.308,0.845,1.092,rt,
fataki,2026-08-02,0.927,0.648,1.294,0.811,1.069,rt,
fataki,2026-08-03,0.889,0.604,1.275,0.77,1.044,rt,
fataki,2026-08-04,0.859,0.597,1.191,0.747,0.998,rt,
fataki,2026-08-05,0.831,0.586,1.134,0.719,0.953,rt,
fataki,2026-08-06,0.801,0.564,1.088,0.694,0.918,rt,
fataki,2026-08-07,0.772,0.537,1.036,0.664,0.88,rt,
fataki,2026-08-08,0.737,0.509,1.007,0.634,0.843,rt,
fataki,2026-08-09,0.706,0.474,0.993,0.597,0.811,rt,
fataki,2026-08-10,0.669,0.434,0.973,0.56,0.771,rt,
fataki,2026-08-11,0.643,0.432,0.917,0.547,0.74,rt,
fataki,2026-08-12,0.617,0.422,0.876,0.528,0.71,rt,
fataki,2026-08-13,0.594,0.404,0.844,0.508,0.683,rt,
fataki,2026-08-14,0.571,0.388,0.808,0.491,0.66,rt,
fataki,2026-08-15,0.553,0.366,0.776,0.468,0.642,rt,
fataki,2026-08-16,0.532,0.344,0.762,0.448,0.622,rt,
fataki,2026-08-17,0.512,0.318,0.765,0.428,0.611,rt,
fataki,2026-08-18,0.5,0.321,0.726,0.423,0.59,rt,
fataki,2026-08-19,0.489,0.314,0.698,0.411,0.57,rt,
fataki,2026-08-20,0.477,0.309,0.677,0.402,0.553,rt,
fataki,2026-08-21,0.465,0.301,0.669,0.393,0.542,rt,
fataki,2026-08-22,0.453,0.289,0.662,0.385,0.528,rt,
fataki,2026-08-23,0.442,0.277,0.657,0.373,0.519,rt,
fataki,2026-08-24,0.433,0.262,0.664,0.363,0.518,rt,
fataki,2026-08-25,0.44,0.271,0.662,0.373,0.522,rt,
fataki,2026-08-26,0.445,0.279,0.667,0.378,0.527,rt,
fataki,2026-08-27,0.45,0.282,0.671,0.382,0.533,rt,
fataki,2026-08-28,0.455,0.281,0.686,0.383,0.536,rt,
fataki,2026-08-29,0.458,0.277,0.699,0.38,0.546,rt,
fataki,2026-08-30,0.461,0.276,0.711,0.378,0.551,rt,
fataki,2026-08-31,0.459,0.266,0.726,0.367,0.553,rt,
fataki,2026-09-01,0.463,0.276,0.718,0.377,0.555,rt,
fataki,2026-09-02,0.466,0.283,0.713,0.382,0.562,rt,
fataki,2026-09-03,0.469,0.294,0.718,0.388,0.569,rt,
fataki,2026-09-04,0.475,0.298,0.736,0.393,0.574,rt,
fataki,2026-09-05,0.479,0.299,0.748,0.394,0.578,rt,
fataki,2026-09-06,0.481,0.297,0.773,0.396,0.583,rt,
fataki,2026-09-07,0.474,0.288,0.788,0.389,0.585,rt,
fataki,2026-09-08,0.475,0.294,0.768,0.391,0.58,rt,
fataki,2026-09-09,0.471,0.296,0.751,0.391,0.579,rt,
fataki,2026-09-10,0.468,0.295,0.747,0.39,0.571,rt,
fataki,2026-09-11,0.463,0.286,0.731,0.385,0.57,rt,
fataki,2026-09-12,0.455,0.279,0.738,0.379,0.564,rt,
fataki,2026-09-13,0.45,0.268,0.741,0.369,0.557,rt,
fataki,2026-09-14,0.441,0.258,0.758,0.357,0.552,rt,
fataki,2026-09-15,0.446,0.263,0.759,0.36,0.553,rt,
fataki,2026-09-16,0.451,0.267,0.763,0.365,0.557,rt,
fataki,2026-09-17,0.452,0.269,0.778,0.367,0.565,rt,
fataki,2026-09-18,0.458,0.267,0.793,0.371,0.578,rt,
fataki,2026-09-19,0.461,0.265,0.823,0.376,0.588,rt,
fataki,2026-09-20,0.467,0.261,0.864,0.375,0.603,rt,
fataki,2026-09-21,0.476,0.257,0.904,0.375,0.623,rt,
fataki,2026-09-22,0.485,0.264,0.899,0.386,0.621,rt,
fataki,2026-09-23,0.489,0.266,0.904,0.39,0.633,rt,
fataki,2026-09-24,0.493,0.269,0.91,0.393,0.645,rt,
fataki,2026-09-25,0.498,0.272,0.943,0.392,0.651,rt,
fataki,2026-09-26,0.508,0.266,0.98,0.394,0.663,rt,
fataki,2026-09-27,0.512,0.265,1.014,0.393,0.676,rt,
fataki,2026-09-28,0.512,0.26,1.061,0.387,0.678,rt,
fataki,2026-09-29,0.526,0.27,1.05,0.389,0.691,rt,
fataki,2026-09-30,0.536,0.276,1.062,0.395,0.7,rt,
fataki,2026-10-01,0.538,0.273,1.103,0.403,0.717,rt,
fataki,2026-10-02,0.541,0.27,1.162,0.401,0.736,rt,
gety,2026-07-13,1.136,1.012,1.27,1.082,1.186,rt,
gety,2026-07-14,1.128,1.012,1.256,1.078,1.174,rt,
gety,2026-07-15,1.12,1.009,1.245,1.072,1.165,rt,
gety,2026-07-16,1.11,0.999,1.237,1.065,1.157,rt,
gety,2026-07-17,1.105,0.997,1.23,1.062,1.152,rt,
gety,2026-07-18,1.099,0.986,1.229,1.054,1.148,rt,
gety,2026-07-19,1.092,0.975,1.231,1.045,1.143,rt,
gety,2026-07-20,1.092,0.967,1.239,1.041,1.147,rt,
gety,2026-07-21,1.088,0.971,1.228,1.04,1.141,rt,
gety,2026-07-22,1.084,0.973,1.223,1.038,1.136,rt,
gety,2026-07-23,1.081,0.972,1.218,1.033,1.133,rt,
gety,2026-07-24,1.077,0.969,1.2,1.032,1.126,rt,
gety,2026-07-25,1.071,0.964,1.185,1.025,1.118,rt,
gety,2026-07-26,1.063,0.951,1.174,1.014,1.111,rt,
gety,2026-07-27,1.059,0.941,1.176,1.01,1.108,rt,
gety,2026-07-28,1.057,0.948,1.166,1.012,1.104,rt,
gety,2026-07-29,1.054,0.945,1.161,1.012,1.098,rt,
gety,2026-07-30,1.049,0.94,1.16,1.006,1.093,rt,
gety,2026-07-31,1.042,0.936,1.144,0.999,1.086,rt,
gety,2026-08-01,1.032,0.927,1.138,0.988,1.075,rt,
gety,2026-08-02,1.021,0.908,1.131,0.976,1.066,rt,
gety,2026-08-03,1.004,0.881,1.122,0.958,1.051,rt,
gety,2026-08-04,1.0,0.886,1.113,0.952,1.044,rt,
gety,2026-08-05,0.993,0.882,1.103,0.946,1.036,rt,
gety,2026-08-06,0.985,0.873,1.098,0.939,1.032,rt,
gety,2026-08-07,0.974,0.866,1.081,0.929,1.019,rt,
gety,2026-08-08,0.961,0.854,1.071,0.915,1.006,rt,
gety,2026-08-09,0.949,0.837,1.06,0.9,0.995,rt,
gety,2026-08-10,0.931,0.812,1.045,0.877,0.98,rt,
gety,2026-08-11,0.92,0.813,1.031,0.874,0.967,rt,
gety,2026-08-12,0.912,0.81,1.021,0.869,0.957,rt,
gety,2026-08-13,0.905,0.806,1.015,0.864,0.947,rt,
gety,2026-08-14,0.895,0.8,1.0,0.859,0.935,rt,
gety,2026-08-15,0.886,0.795,0.99,0.85,0.924,rt,
gety,2026-08-16,0.877,0.784,0.979,0.841,0.915,rt,
gety,2026-08-17,0.873,0.778,0.977,0.835,0.914,rt,
gety,2026-08-18,0.874,0.779,0.977,0.837,0.915,rt,
gety,2026-08-19,0.874,0.78,0.979,0.836,0.918,rt,
gety,2026-08-20,0.874,0.778,0.981,0.834,0.918,rt,
gety,2026-08-21,0.876,0.783,0.977,0.839,0.918,rt,
gety,2026-08-22,0.877,0.784,0.977,0.841,0.917,rt,
gety,2026-08-23,0.876,0.778,0.981,0.838,0.916,rt,
gety,2026-08-24,0.886,0.784,0.996,0.844,0.926,rt,
gety,2026-08-25,0.902,0.799,1.004,0.86,0.941,rt,
gety,2026-08-26,0.917,0.813,1.019,0.873,0.956,rt,
gety,2026-08-27,0.93,0.819,1.034,0.886,0.971,rt,
gety,2026-08-28,0.94,0.834,1.038,0.898,0.979,rt,
gety,2026-08-29,0.948,0.842,1.048,0.907,0.988,rt,
gety,2026-08-30,0.953,0.841,1.061,0.91,0.995,rt,
gety,2026-08-31,0.946,0.831,1.062,0.899,0.99,rt,
gety,2026-09-01,0.947,0.839,1.06,0.905,0.993,rt,
gety,2026-09-02,0.949,0.843,1.066,0.908,0.994,rt,
gety,2026-09-03,0.951,0.841,1.07,0.906,0.996,rt,
gety,2026-09-04,0.953,0.846,1.063,0.909,0.997,rt,
gety,2026-09-05,0.952,0.846,1.061,0.909,0.995,rt,
gety,2026-09-06,0.949,0.836,1.061,0.904,0.99,rt,
gety,2026-09-07,0.928,0.81,1.044,0.884,0.973,rt,
gety,2026-09-08,0.912,0.796,1.027,0.868,0.958,rt,
gety,2026-09-09,0.895,0.781,1.011,0.852,0.944,rt,
gety,2026-09-10,0.878,0.763,0.997,0.833,0.928,rt,
gety,2026-09-11,0.858,0.743,0.975,0.813,0.905,rt,
gety,2026-09-12,0.837,0.721,0.959,0.79,0.884,rt,
gety,2026-09-13,0.814,0.693,0.944,0.765,0.864,rt,
gety,2026-09-14,0.792,0.662,0.928,0.739,0.842,rt,
gety,2026-09-15,0.781,0.652,0.92,0.727,0.833,rt,
gety,2026-09-16,0.772,0.641,0.92,0.719,0.826,rt,
gety,2026-09-17,0.761,0.631,0.916,0.711,0.82,rt,
gety,2026-09-18,0.755,0.621,0.913,0.704,0.815,rt,
gety,2026-09-19,0.751,0.605,0.91,0.694,0.812,rt,
gety,2026-09-20,0.745,0.59,0.912,0.682,0.81,rt,
gety,2026-09-21,0.744,0.578,0.93,0.676,0.815,rt,
gety,2026-09-22,0.744,0.573,0.938,0.672,0.814,rt,
gety,2026-09-23,0.744,0.566,0.945,0.669,0.817,rt,
gety,2026-09-24,0.741,0.557,0.955,0.667,0.82,rt,
gety,2026-09-25,0.737,0.547,0.962,0.661,0.821,rt,
gety,2026-09-26,0.732,0.537,0.971,0.651,0.824,rt,
gety,2026-09-27,0.728,0.52,0.98,0.642,0.826,rt,
gety,2026-09-28,0.723,0.501,0.985,0.631,0.821,rt,
gety,2026-09-29,0.723,0.498,0.99,0.628,0.825,rt,
gety,2026-09-30,0.723,0.492,0.987,0.625,0.828,rt,
gety,2026-10-01,0.721,0.482,0.972,0.62,0.822,rt,
gety,2026-10-02,0.714,0.476,0.959,0.615,0.812,rt,
kambala,2026-08-14,0.907,0.81,1.011,0.866,0.948,rt,
kambala,2026-08-15,0.897,0.801,0.999,0.86,0.937,rt,
kambala,2026-08-16,0.886,0.79,0.989,0.849,0.927,rt,
kambala,2026-08-17,0.884,0.781,0.991,0.843,0.925,rt,
kambala,2026-08-18,0.886,0.785,0.988,0.843,0.926,rt,
kambala,2026-08-19,0.887,0.786,0.985,0.842,0.926,rt,
kambala,2026-08-20,0.886,0.784,0.987,0.839,0.927,rt,
kambala,2026-08-21,0.889,0.789,0.985,0.844,0.929,rt,
kambala,2026-08-22,0.888,0.79,0.986,0.847,0.929,rt,
kambala,2026-08-23,0.887,0.789,0.989,0.847,0.929,rt,
kambala,2026-08-24,0.897,0.792,1.007,0.855,0.941,rt,
kambala,2026-08-25,0.914,0.81,1.02,0.872,0.955,rt,
kambala,2026-08-26,0.929,0.821,1.034,0.886,0.97,rt,
kambala,2026-08-27,0.942,0.832,1.052,0.898,0.985,rt,
kambala,2026-08-28,0.953,0.843,1.061,0.91,0.993,rt,
kambala,2026-08-29,0.961,0.851,1.074,0.92,1.002,rt,
kambala,2026-08-30,0.967,0.855,1.086,0.925,1.011,rt,
kambala,2026-08-31,0.96,0.845,1.086,0.915,1.007,rt,
kambala,2026-09-01,0.962,0.853,1.086,0.92,1.009,rt,
kambala,2026-09-02,0.964,0.855,1.083,0.921,1.011,rt,
kambala,2026-09-03,0.964,0.855,1.085,0.919,1.013,rt,
kambala,2026-09-04,0.965,0.859,1.078,0.922,1.011,rt,
kambala,2026-09-05,0.965,0.86,1.074,0.921,1.009,rt,
kambala,2026-09-06,0.96,0.851,1.076,0.918,1.005,rt,
kambala,2026-09-07,0.938,0.827,1.06,0.896,0.987,rt,
kambala,2026-09-08,0.922,0.813,1.038,0.88,0.972,rt,
kambala,2026-09-09,0.904,0.799,1.02,0.863,0.956,rt,
kambala,2026-09-10,0.888,0.779,1.006,0.841,0.939,rt,
kambala,2026-09-11,0.869,0.76,0.982,0.821,0.916,rt,
kambala,2026-09-12,0.847,0.735,0.964,0.797,0.894,rt,
kambala,2026-09-13,0.823,0.704,0.945,0.774,0.872,rt,
kambala,2026-09-14,0.799,0.671,0.934,0.748,0.853,rt,
kambala,2026-09-15,0.79,0.66,0.925,0.738,0.841,rt,
kambala,2026-09-16,0.78,0.651,0.922,0.726,0.833,rt,
kambala,2026-09-17,0.773,0.641,0.921,0.716,0.827,rt,
kambala,2026-09-18,0.765,0.628,0.922,0.711,0.821,rt,
kambala,2026-09-19,0.757,0.616,0.921,0.701,0.818,rt,
kambala,2026-09-20,0.753,0.602,0.921,0.688,0.815,rt,
kambala,2026-09-21,0.753,0.589,0.941,0.683,0.821,rt,
kambala,2026-09-22,0.753,0.578,0.949,0.681,0.822,rt,
kambala,2026-09-23,0.753,0.573,0.952,0.676,0.823,rt,
kambala,2026-09-24,0.747,0.559,0.965,0.67,0.828,rt,
kambala,2026-09-25,0.746,0.554,0.97,0.668,0.833,rt,
kambala,2026-09-26,0.743,0.54,0.977,0.659,0.835,rt,
kambala,2026-09-27,0.739,0.524,0.987,0.649,0.836,rt,
kambala,2026-09-28,0.731,0.505,0.994,0.635,0.836,rt,
kambala,2026-09-29,0.734,0.506,1.0,0.634,0.836,rt,
kambala,2026-09-30,0.736,0.499,1.009,0.632,0.839,rt,
kambala,2026-10-01,0.733,0.495,0.985,0.63,0.832,rt,
kambala,2026-10-02,0.729,0.488,0.968,0.627,0.824,rt,
kilo,2026-06-04,1.148,0.763,1.651,0.979,1.327,rt,
kilo,2026-06-05,1.157,0.772,1.648,0.99,1.337,rt,
kilo,2026-06-06,1.162,0.775,1.658,0.993,1.35,rt,
kilo,2026-06-07,1.156,0.769,1.668,0.983,1.358,rt,
kilo,2026-06-08,1.155,0.758,1.691,0.972,1.37,rt,
kilo,2026-06-09,1.149,0.769,1.647,0.971,1.346,rt,
kilo,2026-06-10,1.148,0.781,1.612,0.978,1.328,rt,
kilo,2026-06-11,1.141,0.785,1.592,0.982,1.312,rt,
kilo,2026-06-12,1.133,0.787,1.584,0.974,1.3,rt,
kilo,2026-06-13,1.123,0.779,1.573,0.965,1.284,rt,
kilo,2026-06-14,1.111,0.763,1.577,0.955,1.276,rt,
kilo,2026-06-15,1.105,0.744,1.588,0.94,1.282,rt,
kilo,2026-06-16,1.105,0.771,1.564,0.95,1.285,rt,
kilo,2026-06-17,1.104,0.785,1.563,0.958,1.283,rt,
kilo,2026-06-18,1.105,0.794,1.571,0.965,1.282,rt,
kilo,2026-06-19,1.103,0.79,1.573,0.966,1.278,rt,
kilo,2026-06-20,1.102,0.782,1.58,0.96,1.283,rt,
kilo,2026-06-21,1.102,0.767,1.613,0.956,1.291,rt,
kilo,2026-06-22,1.109,0.755,1.666,0.958,1.31,rt,
kilo,2026-06-23,1.115,0.777,1.628,0.974,1.309,rt,
kilo,2026-06-24,1.125,0.797,1.615,0.986,1.304,rt,
kilo,2026-06-25,1.135,0.808,1.626,0.992,1.304,rt,
kilo,2026-06-26,1.141,0.81,1.628,0.993,1.311,rt,
kilo,2026-06-27,1.147,0.812,1.616,0.992,1.314,rt,
kilo,2026-06-28,1.155,0.807,1.634,0.994,1.331,rt,
kilo,2026-06-29,1.139,0.776,1.651,0.97,1.323,rt,
kilo,2026-06-30,1.123,0.784,1.578,0.967,1.298,rt,
kilo,2026-07-01,1.109,0.785,1.54,0.956,1.274,rt,
kilo,2026-07-02,1.092,0.785,1.536,0.954,1.262,rt,
kilo,2026-07-03,1.08,0.774,1.533,0.945,1.246,rt,
kilo,2026-07-04,1.071,0.755,1.538,0.933,1.238,rt,
kilo,2026-07-05,1.062,0.737,1.552,0.918,1.235,rt,
kilo,2026-07-06,1.061,0.715,1.608,0.907,1.243,rt,
kilo,2026-07-07,1.063,0.741,1.571,0.919,1.232,rt,
kilo,2026-07-08,1.067,0.757,1.528,0.927,1.236,rt,
kilo,2026-07-09,1.073,0.765,1.504,0.932,1.234,rt,
kilo,2026-07-10,1.072,0.769,1.493,0.932,1.229,rt,
kilo,2026-07-11,1.072,0.769,1.494,0.934,1.232,rt,
kilo,2026-07-12,1.07,0.757,1.522,0.93,1.236,rt,
kilo,2026-07-13,1.052,0.731,1.536,0.907,1.227,rt,
kilo,2026-07-14,1.039,0.74,1.47,0.901,1.2,rt,
kilo,2026-07-15,1.027,0.737,1.424,0.892,1.172,rt,
kilo,2026-07-16,1.013,0.729,1.385,0.88,1.151,rt,
kilo,2026-07-17,1.001,0.719,1.369,0.878,1.14,rt,
kilo,2026-07-18,0.986,0.695,1.365,0.858,1.13,rt,
kilo,2026-07-19,0.971,0.667,1.366,0.84,1.123,rt,
kilo,2026-07-20,0.965,0.64,1.387,0.823,1.116,rt,
kilo,2026-07-21,0.951,0.649,1.328,0.824,1.095,rt,
kilo,2026-07-22,0.938,0.649,1.302,0.818,1.076,rt,
kilo,2026-07-23,0.926,0.644,1.28,0.805,1.057,rt,
kilo,2026-07-24,0.91,0.642,1.255,0.797,1.045,rt,
kilo,2026-07-25,0.891,0.629,1.247,0.782,1.033,rt,
kilo,2026-07-26,0.876,0.61,1.247,0.758,1.023,rt,
kilo,2026-07-27,0.864,0.588,1.266,0.742,1.018,rt,
kilo,2026-07-28,0.866,0.596,1.221,0.745,1.002,rt,
kilo,2026-07-29,0.865,0.6,1.196,0.747,0.99,rt,
kilo,2026-07-30,0.865,0.601,1.181,0.744,0.982,rt,
kilo,2026-07-31,0.854,0.592,1.172,0.737,0.976,rt,
kilo,2026-08-01,0.843,0.585,1.168,0.73,0.974,rt,
kilo,2026-08-02,0.833,0.567,1.173,0.716,0.964,rt,
kilo,2026-08-03,0.816,0.54,1.174,0.697,0.955,rt,
kilo,2026-08-04,0.812,0.547,1.147,0.695,0.942,rt,
kilo,2026-08-05,0.812,0.553,1.127,0.697,0.934,rt,
kilo,2026-08-06,0.804,0.548,1.124,0.695,0.924,rt,
kilo,2026-08-07,0.791,0.538,1.109,0.69,0.908,rt,
kilo,2026-08-08,0.782,0.526,1.085,0.677,0.896,rt,
kilo,2026-08-09,0.773,0.508,1.087,0.661,0.888,rt,
kilo,2026-08-10,0.758,0.487,1.089,0.643,0.875,rt,
kilo,2026-08-11,0.75,0.491,1.057,0.637,0.862,rt,
kilo,2026-08-12,0.738,0.496,1.04,0.634,0.85,rt,
kilo,2026-08-13,0.729,0.499,1.02,0.627,0.846,rt,
kilo,2026-08-14,0.721,0.489,1.008,0.623,0.835,rt,
kilo,2026-08-15,0.708,0.479,1.0,0.613,0.826,rt,
kilo,2026-08-16,0.697,0.473,1.008,0.601,0.82,rt,
kilo,2026-08-17,0.695,0.456,1.026,0.591,0.815,rt,
kilo,2026-08-18,0.693,0.463,1.005,0.598,0.812,rt,
kilo,2026-08-19,0.698,0.469,1.001,0.601,0.807,rt,
kilo,2026-08-20,0.695,0.472,0.993,0.601,0.806,rt,
kilo,2026-08-21,0.698,0.47,1.001,0.604,0.808,rt,
kilo,2026-08-22,0.698,0.47,1.014,0.604,0.813,rt,
kilo,2026-08-23,0.698,0.46,1.025,0.595,0.815,rt,
kilo,2026-08-24,0.706,0.453,1.052,0.594,0.829,rt,
kilo,2026-08-25,0.724,0.472,1.064,0.611,0.847,rt,
kilo,2026-08-26,0.737,0.486,1.077,0.626,0.864,rt,
kilo,2026-08-27,0.751,0.498,1.087,0.637,0.881,rt,
kilo,2026-08-28,0.766,0.51,1.105,0.645,0.894,rt,
kilo,2026-08-29,0.778,0.51,1.131,0.648,0.91,rt,
kilo,2026-08-30,0.783,0.504,1.17,0.65,0.928,rt,
kilo,2026-08-31,0.781,0.492,1.189,0.644,0.932,rt,
kilo,2026-09-01,0.79,0.512,1.184,0.658,0.944,rt,
kilo,2026-09-02,0.793,0.523,1.182,0.671,0.953,rt,
kilo,2026-09-03,0.807,0.532,1.204,0.68,0.961,rt,
kilo,2026-09-04,0.815,0.537,1.225,0.69,0.97,rt,
kilo,2026-09-05,0.822,0.535,1.265,0.69,0.976,rt,
kilo,2026-09-06,0.828,0.526,1.295,0.686,0.988,rt,
kilo,2026-09-07,0.818,0.501,1.324,0.67,0.985,rt,
kilo,2026-09-08,0.803,0.509,1.282,0.667,0.971,rt,
kilo,2026-09-09,0.795,0.512,1.246,0.661,0.956,rt,
kilo,2026-09-10,0.782,0.509,1.224,0.651,0.949,rt,
kilo,2026-09-11,0.772,0.497,1.213,0.639,0.934,rt,
kilo,2026-09-12,0.753,0.477,1.218,0.623,0.918,rt,
kilo,2026-09-13,0.735,0.454,1.217,0.603,0.905,rt,
kilo,2026-09-14,0.717,0.433,1.223,0.582,0.897,rt,
kilo,2026-09-15,0.716,0.439,1.214,0.585,0.89,rt,
kilo,2026-09-16,0.714,0.44,1.211,0.587,0.884,rt,
kilo,2026-09-17,0.716,0.437,1.229,0.586,0.883,rt,
kilo,2026-09-18,0.718,0.433,1.237,0.582,0.887,rt,
kilo,2026-09-19,0.72,0.427,1.258,0.58,0.898,rt,
kilo,2026-09-20,0.722,0.42,1.303,0.579,0.905,rt,
kilo,2026-09-21,0.725,0.407,1.355,0.579,0.926,rt,
kilo,2026-09-22,0.727,0.415,1.354,0.582,0.921,rt,
kilo,2026-09-23,0.727,0.415,1.355,0.577,0.921,rt,
kilo,2026-09-24,0.724,0.408,1.334,0.57,0.923,rt,
kilo,2026-09-25,0.723,0.401,1.338,0.563,0.922,rt,
kilo,2026-09-26,0.718,0.391,1.362,0.557,0.923,rt,
kilo,2026-09-27,0.718,0.376,1.381,0.548,0.925,rt,
kilo,2026-09-28,0.71,0.36,1.413,0.534,0.929,rt,
kilo,2026-09-29,0.707,0.363,1.395,0.533,0.921,rt,
kilo,2026-09-30,0.7,0.35,1.412,0.534,0.932,rt,
kilo,2026-10-01,0.689,0.34,1.41,0.524,0.939,rt,
kilo,2026-10-02,0.681,0.33,1.423,0.509,0.931,rt,
komanda,2026-05-29,1.83,1.18,2.871,1.517,2.213,rt,
komanda,2026-05-30,1.832,1.179,2.939,1.513,2.227,rt,
komanda,2026-05-31,1.847,1.153,3.058,1.514,2.247,rt,
komanda,2026-06-01,1.869,1.106,3.2,1.5,2.306,rt,
komanda,2026-06-02,1.857,1.169,3.034,1.533,2.252,rt,
komanda,2026-06-03,1.849,1.2,2.948,1.56,2.211,rt,
komanda,2026-06-04,1.832,1.218,2.87,1.562,2.194,rt,
komanda,2026-06-05,1.824,1.218,2.823,1.55,2.175,rt,
komanda,2026-06-06,1.805,1.192,2.767,1.519,2.143,rt,
komanda,2026-06-07,1.777,1.136,2.769,1.474,2.131,rt,
komanda,2026-06-08,1.733,1.075,2.802,1.416,2.129,rt,
komanda,2026-06-09,1.684,1.089,2.602,1.41,2.017,rt,
komanda,2026-06-10,1.647,1.08,2.439,1.383,1.939,rt,
komanda,2026-06-11,1.597,1.063,2.323,1.353,1.866,rt,
komanda,2026-06-12,1.55,1.032,2.26,1.314,1.804,rt,
komanda,2026-06-13,1.505,0.972,2.231,1.267,1.757,rt,
komanda,2026-06-14,1.451,0.912,2.214,1.208,1.729,rt,
komanda,2026-06-15,1.408,0.839,2.202,1.16,1.72,rt,
komanda,2026-06-16,1.363,0.857,2.078,1.15,1.646,rt,
komanda,2026-06-17,1.322,0.858,1.957,1.126,1.567,rt,
komanda,2026-06-18,1.289,0.869,1.886,1.095,1.505,rt,
komanda,2026-06-19,1.251,0.849,1.847,1.064,1.451,rt,
komanda,2026-06-20,1.211,0.816,1.825,1.021,1.402,rt,
komanda,2026-06-21,1.179,0.763,1.823,0.981,1.384,rt,
komanda,2026-06-22,1.149,0.716,1.838,0.939,1.385,rt,
komanda,2026-06-23,1.134,0.725,1.73,0.942,1.344,rt,
komanda,2026-06-24,1.108,0.738,1.626,0.936,1.303,rt,
komanda,2026-06-25,1.091,0.739,1.573,0.924,1.283,rt,
komanda,2026-06-26,1.073,0.718,1.524,0.905,1.253,rt,
komanda,2026-06-27,1.061,0.689,1.524,0.887,1.237,rt,
komanda,2026-06-28,1.037,0.653,1.536,0.86,1.221,rt,
komanda,2026-06-29,0.998,0.598,1.536,0.824,1.207,rt,
komanda,2026-06-30,1.001,0.628,1.486,0.837,1.185,rt,
komanda,2026-07-01,0.994,0.652,1.434,0.853,1.166,rt,
komanda,2026-07-02,0.996,0.664,1.418,0.851,1.164,rt,
komanda,2026-07-03,0.995,0.663,1.421,0.852,1.165,rt,
komanda,2026-07-04,0.999,0.658,1.445,0.85,1.171,rt,
komanda,2026-07-05,1.001,0.639,1.504,0.844,1.189,rt,
komanda,2026-07-06,1.01,0.611,1.581,0.842,1.216,rt,
komanda,2026-07-07,1.045,0.674,1.559,0.892,1.232,rt,
komanda,2026-07-08,1.081,0.72,1.555,0.937,1.256,rt,
komanda,2026-07-09,1.119,0.758,1.584,0.982,1.29,rt,
komanda,2026-07-10,1.165,0.786,1.624,1.006,1.335,rt,
komanda,2026-07-11,1.204,0.809,1.708,1.03,1.388,rt,
komanda,2026-07-12,1.231,0.813,1.839,1.05,1.457,rt,
komanda,2026-07-13,1.254,0.792,1.975,1.051,1.513,rt,
komanda,2026-07-14,1.273,0.838,1.893,1.08,1.502,rt,
komanda,2026-07-15,1.291,0.887,1.825,1.118,1.491,rt,
komanda,2026-07-16,1.306,0.913,1.813,1.143,1.501,rt,
komanda,2026-07-17,1.332,0.935,1.827,1.165,1.509,rt,
komanda,2026-07-18,1.349,0.929,1.875,1.177,1.542,rt,
komanda,2026-07-19,1.361,0.911,1.953,1.181,1.566,rt,
komanda,2026-07-20,1.396,0.891,2.077,1.176,1.633,rt,
komanda,2026-07-21,1.424,0.96,2.031,1.211,1.626,rt,
komanda,2026-07-22,1.447,1.005,1.991,1.253,1.645,rt,
komanda,2026-07-23,1.472,1.05,1.988,1.288,1.664,rt,
komanda,2026-07-24,1.49,1.07,2.002,1.306,1.699,rt,
komanda,2026-07-25,1.514,1.069,2.069,1.329,1.73,rt,
komanda,2026-07-26,1.529,1.051,2.173,1.332,1.77,rt,
komanda,2026-07-27,1.553,1.03,2.308,1.326,1.838,rt,
komanda,2026-07-28,1.587,1.114,2.243,1.378,1.848,rt,
komanda,2026-07-29,1.621,1.181,2.203,1.429,1.84,rt,
komanda,2026-07-30,1.649,1.231,2.193,1.467,1.86,rt,
komanda,2026-07-31,1.67,1.259,2.208,1.495,1.875,rt,
komanda,2026-08-01,1.699,1.244,2.268,1.504,1.908,rt,
komanda,2026-08-02,1.712,1.219,2.366,1.485,1.956,rt,
komanda,2026-08-03,1.723,1.171,2.49,1.474,1.992,rt,
komanda,2026-08-04,1.751,1.248,2.416,1.516,1.982,rt,
komanda,2026-08-05,1.766,1.298,2.378,1.55,1.992,rt,
komanda,2026-08-06,1.788,1.324,2.374,1.586,2.005,rt,
komanda,2026-08-07,1.797,1.332,2.364,1.606,2.019,rt,
komanda,2026-08-08,1.814,1.311,2.417,1.604,2.046,rt,
komanda,2026-08-09,1.817,1.292,2.506,1.591,2.085,rt,
komanda,2026-08-10,1.807,1.226,2.587,1.556,2.107,rt,
komanda,2026-08-11,1.769,1.284,2.419,1.555,2.03,rt,
komanda,2026-08-12,1.741,1.32,2.301,1.553,1.959,rt,
komanda,2026-08-13,1.707,1.325,2.228,1.532,1.9,rt,
komanda,2026-08-14,1.676,1.295,2.208,1.489,1.861,rt,
komanda,2026-08-15,1.641,1.227,2.234,1.45,1.835,rt,
komanda,2026-08-16,1.607,1.157,2.283,1.397,1.824,rt,
komanda,2026-08-17,1.576,1.083,2.372,1.343,1.83,rt,
komanda,2026-08-18,1.49,1.059,2.091,1.299,1.701,rt,
komanda,2026-08-19,1.404,1.028,1.878,1.249,1.587,rt,
komanda,2026-08-20,1.331,0.985,1.753,1.184,1.486,rt,
komanda,2026-08-21,1.252,0.942,1.644,1.118,1.41,rt,
komanda,2026-08-22,1.183,0.872,1.566,1.051,1.337,rt,
komanda,2026-08-23,1.112,0.797,1.525,0.974,1.271,rt,
komanda,2026-08-24,1.062,0.721,1.505,0.916,1.228,rt,
komanda,2026-08-25,1.026,0.723,1.403,0.899,1.176,rt,
komanda,2026-08-26,0.995,0.717,1.306,0.877,1.118,rt,
komanda,2026-08-27,0.959,0.705,1.237,0.854,1.069,rt,
komanda,2026-08-28,0.924,0.671,1.178,0.818,1.029,rt,
komanda,2026-08-29,0.887,0.636,1.15,0.782,0.995,rt,
komanda,2026-08-30,0.849,0.588,1.129,0.735,0.966,rt,
komanda,2026-08-31,0.802,0.53,1.107,0.683,0.93,rt,
komanda,2026-09-01,0.797,0.55,1.072,0.697,0.915,rt,
komanda,2026-09-02,0.796,0.571,1.045,0.71,0.902,rt,
komanda,2026-09-03,0.799,0.583,1.038,0.711,0.892,rt,
komanda,2026-09-04,0.801,0.584,1.04,0.714,0.892,rt,
komanda,2026-09-05,0.792,0.571,1.056,0.703,0.895,rt,
komanda,2026-09-06,0.792,0.547,1.091,0.687,0.902,rt,
komanda,2026-09-07,0.773,0.51,1.109,0.657,0.897,rt,
komanda,2026-09-08,0.76,0.525,1.052,0.661,0.872,rt,
komanda,2026-09-09,0.747,0.525,1.001,0.659,0.852,rt,
komanda,2026-09-10,0.739,0.518,0.969,0.645,0.837,rt,
komanda,2026-09-11,0.723,0.5,0.96,0.629,0.821,rt,
komanda,2026-09-12,0.704,0.474,0.966,0.607,0.81,rt,
komanda,2026-09-13,0.682,0.444,0.974,0.581,0.802,rt,
komanda,2026-09-14,0.662,0.412,0.986,0.55,0.796,rt,
komanda,2026-09-15,0.645,0.404,0.956,0.541,0.768,rt,
komanda,2026-09-16,0.632,0.393,0.944,0.527,0.752,rt,
komanda,2026-09-17,0.615,0.374,0.933,0.513,0.738,rt,
komanda,2026-09-18,0.599,0.361,0.941,0.498,0.728,rt,
komanda,2026-09-19,0.59,0.343,0.963,0.478,0.72,rt,
komanda,2026-09-20,0.58,0.318,0.986,0.457,0.72,rt,
komanda,2026-09-21,0.572,0.292,1.018,0.437,0.72,rt,
komanda,2026-09-22,0.568,0.29,1.017,0.437,0.718,rt,
komanda,2026-09-23,0.56,0.291,1.02,0.436,0.717,rt,
komanda,2026-09-24,0.553,0.285,1.037,0.433,0.724,rt,
komanda,2026-09-25,0.552,0.282,1.071,0.423,0.728,rt,
komanda,2026-09-26,0.547,0.27,1.116,0.417,0.733,rt,
komanda,2026-09-27,0.544,0.254,1.133,0.409,0.744,rt,
komanda,2026-09-28,0.537,0.235,1.151,0.396,0.751,rt,
komanda,2026-09-29,0.538,0.241,1.16,0.4,0.737,rt,
komanda,2026-09-30,0.542,0.238,1.142,0.394,0.743,rt,
komanda,2026-10-01,0.54,0.231,1.175,0.389,0.752,rt,
komanda,2026-10-02,0.532,0.216,1.232,0.373,0.76,rt,
lita,2026-05-25,1.677,1.071,2.534,1.405,1.967,rt,
lita,2026-05-26,1.681,1.106,2.473,1.422,1.946,rt,
lita,2026-05-27,1.68,1.147,2.408,1.429,1.936,rt,
lita,2026-05-28,1.676,1.176,2.385,1.446,1.94,rt,
lita,2026-05-29,1.681,1.196,2.386,1.462,1.944,rt,
lita,2026-05-30,1.696,1.201,2.387,1.468,1.955,rt,
lita,2026-05-31,1.698,1.186,2.439,1.469,1.968,rt,
lita,2026-06-01,1.719,1.169,2.52,1.474,2.01,rt,
lita,2026-06-02,1.774,1.272,2.518,1.55,2.039,rt,
lita,2026-06-03,1.836,1.351,2.541,1.631,2.075,rt,
lita,2026-06-04,1.884,1.434,2.562,1.699,2.13,rt,
lita,2026-06-05,1.943,1.477,2.605,1.746,2.188,rt,
lita,2026-06-06,1.996,1.516,2.682,1.777,2.235,rt,
lita,2026-06-07,2.031,1.529,2.764,1.799,2.285,rt,
lita,2026-06-08,2.068,1.534,2.866,1.815,2.338,rt,
lita,2026-06-09,2.05,1.556,2.757,1.817,2.296,rt,
lita,2026-06-10,2.027,1.568,2.644,1.813,2.261,rt,
lita,2026-06-11,2.006,1.562,2.573,1.802,2.229,rt,
lita,2026-06-12,1.979,1.548,2.542,1.774,2.198,rt,
lita,2026-06-13,1.949,1.509,2.535,1.753,2.171,rt,
lita,2026-06-14,1.918,1.459,2.53,1.716,2.145,rt,
lita,2026-06-15,1.897,1.409,2.564,1.69,2.132,rt,
lita,2026-06-16,1.844,1.411,2.449,1.664,2.052,rt,
lita,2026-06-17,1.798,1.395,2.347,1.634,1.988,rt,
lita,2026-06-18,1.752,1.385,2.25,1.601,1.921,rt,
lita,2026-06-19,1.702,1.359,2.164,1.561,1.867,rt,
lita,2026-06-20,1.658,1.309,2.13,1.514,1.816,rt,
lita,2026-06-21,1.615,1.255,2.078,1.46,1.772,rt,
lita,2026-06-22,1.58,1.201,2.1,1.414,1.756,rt,
lita,2026-06-23,1.579,1.233,2.031,1.429,1.73,rt,
lita,2026-06-24,1.571,1.248,1.978,1.44,1.718,rt,
lita,2026-06-25,1.569,1.263,1.941,1.44,1.715,rt,
lita,2026-06-26,1.558,1.262,1.935,1.433,1.707,rt,
lita,2026-06-27,1.555,1.247,1.937,1.429,1.705,rt,
lita,2026-06-28,1.547,1.221,1.944,1.407,1.711,rt,
lita,2026-06-29,1.513,1.173,1.934,1.359,1.688,rt,
lita,2026-06-30,1.486,1.176,1.859,1.343,1.637,rt,
lita,2026-07-01,1.456,1.166,1.796,1.321,1.59,rt,
lita,2026-07-02,1.425,1.165,1.744,1.307,1.549,rt,
lita,2026-07-03,1.399,1.144,1.703,1.287,1.521,rt,
lita,2026-07-04,1.376,1.108,1.692,1.265,1.496,rt,
lita,2026-07-05,1.348,1.072,1.689,1.234,1.478,rt,
lita,2026-07-06,1.336,1.036,1.695,1.212,1.479,rt,
lita,2026-07-07,1.323,1.05,1.642,1.202,1.45,rt,
lita,2026-07-08,1.311,1.058,1.601,1.201,1.428,rt,
lita,2026-07-09,1.294,1.053,1.57,1.194,1.406,rt,
lita,2026-07-10,1.279,1.038,1.55,1.181,1.39,rt,
lita,2026-07-11,1.262,1.013,1.545,1.165,1.377,rt,
lita,2026-07-12,1.246,0.98,1.549,1.143,1.368,rt,
lita,2026-07-13,1.213,0.933,1.545,1.098,1.345,rt,
lita,2026-07-14,1.192,0.943,1.485,1.086,1.309,rt,
lita,2026-07-15,1.172,0.941,1.431,1.07,1.272,rt,
lita,2026-07-16,1.145,0.934,1.39,1.053,1.245,rt,
lita,2026-07-17,1.126,0.917,1.367,1.039,1.223,rt,
lita,2026-07-18,1.103,0.895,1.355,1.018,1.211,rt,
lita,2026-07-19,1.08,0.862,1.35,0.992,1.196,rt,
lita,2026-07-20,1.066,0.823,1.361,0.965,1.19,rt,
lita,2026-07-21,1.061,0.84,1.333,0.971,1.17,rt,
lita,2026-07-22,1.056,0.854,1.304,0.971,1.151,rt,
lita,2026-07-23,1.047,0.854,1.283,0.966,1.136,rt,
lita,2026-07-24,1.04,0.85,1.269,0.961,1.125,rt,
lita,2026-07-25,1.029,0.834,1.265,0.948,1.119,rt,
lita,2026-07-26,1.018,0.813,1.264,0.935,1.114,rt,
lita,2026-07-27,1.013,0.784,1.272,0.916,1.111,rt,
lita,2026-07-28,1.024,0.81,1.257,0.934,1.111,rt,
lita,2026-07-29,1.028,0.833,1.245,0.95,1.114,rt,
lita,2026-07-30,1.033,0.842,1.25,0.961,1.12,rt,
lita,2026-07-31,1.036,0.848,1.258,0.962,1.122,rt,
lita,2026-08-01,1.039,0.845,1.266,0.96,1.125,rt,
lita,2026-08-02,1.039,0.827,1.285,0.949,1.136,rt,
lita,2026-08-03,1.031,0.796,1.306,0.931,1.139,rt,
lita,2026-08-04,1.027,0.817,1.288,0.94,1.127,rt,
lita,2026-08-05,1.026,0.822,1.273,0.944,1.121,rt,
lita,2026-08-06,1.025,0.82,1.271,0.943,1.117,rt,
lita,2026-08-07,1.016,0.813,1.256,0.933,1.108,rt,
lita,2026-08-08,1.007,0.802,1.258,0.92,1.102,rt,
lita,2026-08-09,1.001,0.778,1.261,0.903,1.1,rt,
lita,2026-08-10,0.984,0.751,1.268,0.878,1.087,rt,
lita,2026-08-11,0.972,0.76,1.216,0.876,1.066,rt,
lita,2026-08-12,0.959,0.761,1.183,0.878,1.047,rt,
lita,2026-08-13,0.948,0.76,1.162,0.87,1.037,rt,
lita,2026-08-14,0.937,0.753,1.143,0.861,1.021,rt,
lita,2026-08-15,0.925,0.737,1.147,0.843,1.01,rt,
lita,2026-08-16,0.912,0.707,1.147,0.826,1.001,rt,
lita,2026-08-17,0.901,0.678,1.167,0.812,1.004,rt,
lita,2026-08-18,0.905,0.703,1.138,0.821,0.993,rt,
lita,2026-08-19,0.903,0.718,1.13,0.827,0.992,rt,
lita,2026-08-20,0.904,0.724,1.116,0.831,0.99,rt,
lita,2026-08-21,0.91,0.725,1.116,0.832,0.992,rt,
lita,2026-08-22,0.909,0.717,1.13,0.829,0.993,rt,
lita,2026-08-23,0.905,0.702,1.157,0.82,1.004,rt,
lita,2026-08-24,0.914,0.697,1.198,0.818,1.025,rt,
lita,2026-08-25,0.915,0.709,1.165,0.827,1.014,rt,
lita,2026-08-26,0.914,0.721,1.146,0.834,1.006,rt,
lita,2026-08-27,0.91,0.727,1.139,0.832,0.996,rt,
lita,2026-08-28,0.906,0.727,1.122,0.826,0.988,rt,
lita,2026-08-29,0.896,0.716,1.124,0.816,0.983,rt,
lita,2026-08-30,0.886,0.685,1.135,0.796,0.979,rt,
lita,2026-08-31,0.863,0.641,1.139,0.766,0.969,rt,
lita,2026-09-01,0.851,0.643,1.092,0.759,0.944,rt,
lita,2026-09-02,0.837,0.644,1.053,0.751,0.92,rt,
lita,2026-09-03,0.821,0.629,1.025,0.735,0.904,rt,
lita,2026-09-04,0.806,0.614,1.009,0.722,0.885,rt,
lita,2026-09-05,0.785,0.6,0.997,0.705,0.868,rt,
lita,2026-09-06,0.763,0.57,0.991,0.678,0.853,rt,
lita,2026-09-07,0.733,0.528,0.978,0.641,0.825,rt,
lita,2026-09-08,0.716,0.526,0.946,0.633,0.803,rt,
lita,2026-09-09,0.7,0.518,0.903,0.62,0.782,rt,
lita,2026-09-10,0.68,0.502,0.88,0.607,0.763,rt,
lita,2026-09-11,0.66,0.486,0.866,0.588,0.744,rt,
lita,2026-09-12,0.639,0.461,0.86,0.561,0.725,rt,
lita,2026-09-13,0.617,0.432,0.854,0.534,0.708,rt,
lita,2026-09-14,0.592,0.397,0.854,0.505,0.694,rt,
lita,2026-09-15,0.593,0.404,0.844,0.511,0.689,rt,
lita,2026-09-16,0.592,0.401,0.844,0.51,0.69,rt,
lita,2026-09-17,0.592,0.398,0.854,0.51,0.695,rt,
lita,2026-09-18,0.594,0.39,0.883,0.506,0.702,rt,
lita,2026-09-19,0.597,0.38,0.913,0.501,0.711,rt,
lita,2026-09-20,0.602,0.366,0.948,0.49,0.722,rt,
lita,2026-09-21,0.608,0.354,0.994,0.488,0.744,rt,
lita,2026-09-22,0.61,0.354,0.986,0.488,0.742,rt,
lita,2026-09-23,0.609,0.348,0.981,0.483,0.745,rt,
lita,2026-09-24,0.607,0.346,1.002,0.479,0.749,rt,
lita,2026-09-25,0.605,0.331,1.028,0.472,0.751,rt,
lita,2026-09-26,0.603,0.314,1.051,0.463,0.752,rt,
lita,2026-09-27,0.596,0.297,1.074,0.453,0.756,rt,
lita,2026-09-28,0.587,0.277,1.107,0.441,0.762,rt,
lita,2026-09-29,0.589,0.278,1.083,0.444,0.765,rt,
lita,2026-09-30,0.588,0.276,1.071,0.44,0.77,rt,
lita,2026-10-01,0.589,0.261,1.097,0.437,0.77,rt,
lita,2026-10-02,0.579,0.247,1.099,0.431,0.768,rt,
logo,2026-06-24,1.227,1.031,1.414,1.148,1.3,rt,
logo,2026-06-25,1.219,1.034,1.399,1.145,1.289,rt,
logo,2026-06-26,1.208,1.032,1.389,1.137,1.277,rt,
logo,2026-06-27,1.198,1.032,1.378,1.129,1.266,rt,
logo,2026-06-28,1.189,1.026,1.371,1.118,1.258,rt,
logo,2026-06-29,1.158,0.993,1.346,1.087,1.229,rt,
logo,2026-06-30,1.138,0.983,1.309,1.071,1.203,rt,
logo,2026-07-01,1.119,0.969,1.278,1.055,1.182,rt,
logo,2026-07-02,1.101,0.956,1.255,1.041,1.162,rt,
logo,2026-07-03,1.085,0.948,1.229,1.028,1.142,rt,
logo,2026-07-04,1.068,0.936,1.21,1.015,1.124,rt,
logo,2026-07-05,1.054,0.921,1.196,0.999,1.111,rt,
logo,2026-07-06,1.047,0.909,1.2,0.992,1.106,rt,
logo,2026-07-07,1.055,0.919,1.195,1.004,1.111,rt,
logo,2026-07-08,1.063,0.931,1.196,1.013,1.115,rt,
logo,2026-07-09,1.072,0.941,1.203,1.019,1.121,rt,
logo,2026-07-10,1.078,0.953,1.205,1.027,1.127,rt,
logo,2026-07-11,1.083,0.961,1.213,1.033,1.132,rt,
logo,2026-07-12,1.09,0.959,1.224,1.035,1.139,rt,
logo,2026-07-13,1.079,0.941,1.223,1.021,1.132,rt,
logo,2026-07-14,1.074,0.949,1.208,1.019,1.124,rt,
logo,2026-07-15,1.065,0.949,1.199,1.013,1.119,rt,
logo,2026-07-16,1.058,0.942,1.192,1.01,1.113,rt,
logo,2026-07-17,1.057,0.939,1.191,1.009,1.108,rt,
logo,2026-07-18,1.052,0.934,1.189,1.005,1.105,rt,
logo,2026-07-19,1.047,0.925,1.19,0.997,1.103,rt,
logo,2026-07-20,1.048,0.915,1.197,0.994,1.108,rt,
logo,2026-07-21,1.049,0.92,1.189,0.995,1.106,rt,
logo,2026-07-22,1.048,0.924,1.184,0.994,1.1,rt,
logo,2026-07-23,1.045,0.921,1.183,0.992,1.097,rt,
logo,2026-07-24,1.043,0.919,1.167,0.992,1.089,rt,
logo,2026-07-25,1.038,0.915,1.158,0.989,1.081,rt,
logo,2026-07-26,1.03,0.91,1.148,0.982,1.077,rt,
logo,2026-07-27,1.028,0.899,1.149,0.978,1.079,rt,
logo,2026-07-28,1.027,0.907,1.139,0.981,1.075,rt,
logo,2026-07-29,1.024,0.91,1.134,0.98,1.07,rt,
logo,2026-07-30,1.02,0.908,1.132,0.976,1.067,rt,
logo,2026-07-31,1.013,0.903,1.123,0.969,1.058,rt,
logo,2026-08-01,1.005,0.894,1.118,0.96,1.051,rt,
logo,2026-08-02,0.994,0.881,1.115,0.948,1.043,rt,
logo,2026-08-03,0.978,0.855,1.11,0.93,1.03,rt,
logo,2026-08-04,0.973,0.856,1.099,0.929,1.023,rt,
logo,2026-08-05,0.967,0.855,1.092,0.924,1.017,rt,
logo,2026-08-06,0.963,0.847,1.085,0.916,1.012,rt,
logo,2026-08-07,0.952,0.842,1.064,0.906,0.998,rt,
logo,2026-08-08,0.94,0.831,1.051,0.894,0.988,rt,
logo,2026-08-09,0.927,0.815,1.044,0.88,0.978,rt,
logo,2026-08-10,0.91,0.789,1.032,0.859,0.962,rt,
logo,2026-08-11,0.902,0.791,1.017,0.853,0.95,rt,
logo,2026-08-12,0.895,0.787,1.005,0.848,0.941,rt,
logo,2026-08-13,0.887,0.783,0.992,0.842,0.931,rt,
logo,2026-08-14,0.879,0.781,0.978,0.839,0.918,rt,
logo,2026-08-15,0.87,0.772,0.968,0.832,0.907,rt,
logo,2026-08-16,0.859,0.762,0.961,0.822,0.898,rt,
logo,2026-08-17,0.856,0.753,0.958,0.815,0.898,rt,
logo,2026-08-18,0.857,0.759,0.955,0.817,0.898,rt,
logo,2026-08-19,0.858,0.758,0.958,0.816,0.9,rt,
logo,2026-08-20,0.858,0.756,0.963,0.814,0.9,rt,
logo,2026-08-21,0.859,0.762,0.963,0.819,0.901,rt,
logo,2026-08-22,0.86,0.765,0.963,0.819,0.902,rt,
logo,2026-08-23,0.86,0.763,0.966,0.817,0.902,rt,
logo,2026-08-24,0.869,0.769,0.977,0.825,0.913,rt,
logo,2026-08-25,0.885,0.784,0.992,0.84,0.93,rt,
logo,2026-08-26,0.899,0.796,1.009,0.855,0.944,rt,
logo,2026-08-27,0.914,0.805,1.025,0.867,0.959,rt,
logo,2026-08-28,0.923,0.815,1.034,0.88,0.968,rt,
logo,2026-08-29,0.93,0.824,1.043,0.89,0.977,rt,
logo,2026-08-30,0.937,0.824,1.052,0.895,0.985,rt,
logo,2026-08-31,0.933,0.813,1.055,0.885,0.981,rt,
logo,2026-09-01,0.936,0.825,1.059,0.888,0.981,rt,
logo,2026-09-02,0.937,0.826,1.059,0.891,0.984,rt,
logo,2026-09-03,0.937,0.827,1.063,0.893,0.987,rt,
logo,2026-09-04,0.939,0.829,1.056,0.897,0.986,rt,
logo,2026-09-05,0.94,0.828,1.05,0.895,0.984,rt,
logo,2026-09-06,0.936,0.821,1.045,0.892,0.98,rt,
logo,2026-09-07,0.915,0.794,1.032,0.871,0.963,rt,
logo,2026-09-08,0.899,0.786,1.015,0.855,0.949,rt,
logo,2026-09-09,0.884,0.77,0.998,0.838,0.934,rt,
logo,2026-09-10,0.868,0.753,0.984,0.82,0.918,rt,
logo,2026-09-11,0.847,0.733,0.964,0.8,0.897,rt,
logo,2026-09-12,0.825,0.71,0.948,0.776,0.874,rt,
logo,2026-09-13,0.802,0.682,0.927,0.752,0.851,rt,
logo,2026-09-14,0.778,0.648,0.916,0.725,0.834,rt,
logo,2026-09-15,0.769,0.641,0.903,0.715,0.823,rt,
logo,2026-09-16,0.761,0.626,0.902,0.707,0.815,rt,
logo,2026-09-17,0.753,0.616,0.897,0.696,0.808,rt,
logo,2026-09-18,0.746,0.608,0.896,0.689,0.803,rt,
logo,2026-09-19,0.739,0.596,0.901,0.681,0.8,rt,
logo,2026-09-20,0.731,0.58,0.901,0.669,0.798,rt,
logo,2026-09-21,0.732,0.57,0.918,0.665,0.804,rt,
logo,2026-09-22,0.732,0.562,0.928,0.659,0.806,rt,
logo,2026-09-23,0.73,0.556,0.933,0.656,0.807,rt,
logo,2026-09-24,0.727,0.545,0.942,0.655,0.81,rt,
logo,2026-09-25,0.725,0.541,0.94,0.65,0.814,rt,
logo,2026-09-26,0.721,0.527,0.954,0.642,0.814,rt,
logo,2026-09-27,0.716,0.511,0.964,0.633,0.813,rt,
logo,2026-09-28,0.711,0.491,0.966,0.62,0.811,rt,
logo,2026-09-29,0.712,0.485,0.973,0.616,0.814,rt,
logo,2026-09-30,0.713,0.48,0.973,0.614,0.817,rt,
logo,2026-10-01,0.712,0.479,0.961,0.61,0.811,rt,
logo,2026-10-02,0.708,0.472,0.946,0.605,0.803,rt,
lolwa,2026-07-07,1.344,0.837,2.121,1.107,1.615,rt,
lolwa,2026-07-08,1.379,0.886,2.13,1.152,1.636,rt,
lolwa,2026-07-09,1.414,0.917,2.116,1.197,1.663,rt,
lolwa,2026-07-10,1.448,0.95,2.157,1.235,1.71,rt,
lolwa,2026-07-11,1.479,0.961,2.283,1.258,1.766,rt,
lolwa,2026-07-12,1.512,0.973,2.413,1.273,1.827,rt,
lolwa,2026-07-13,1.529,0.945,2.516,1.267,1.86,rt,
lolwa,2026-07-14,1.515,0.966,2.401,1.278,1.82,rt,
lolwa,2026-07-15,1.502,0.995,2.301,1.278,1.785,rt,
lolwa,2026-07-16,1.49,0.99,2.251,1.274,1.753,rt,
lolwa,2026-07-17,1.484,0.999,2.204,1.268,1.759,rt,
lolwa,2026-07-18,1.476,0.99,2.232,1.247,1.763,rt,
lolwa,2026-07-19,1.472,0.949,2.287,1.208,1.76,rt,
lolwa,2026-07-20,1.462,0.905,2.381,1.185,1.774,rt,
lolwa,2026-07-21,1.434,0.934,2.226,1.184,1.726,rt,
lolwa,2026-07-22,1.415,0.948,2.107,1.189,1.662,rt,
lolwa,2026-07-23,1.392,0.955,2.033,1.183,1.623,rt,
lolwa,2026-07-24,1.357,0.93,1.981,1.164,1.583,rt,
lolwa,2026-07-25,1.329,0.888,1.985,1.141,1.559,rt,
lolwa,2026-07-26,1.306,0.852,2.001,1.097,1.546,rt,
lolwa,2026-07-27,1.282,0.799,2.023,1.056,1.533,rt,
lolwa,2026-07-28,1.262,0.812,1.935,1.055,1.485,rt,
lolwa,2026-07-29,1.234,0.83,1.86,1.044,1.45,rt,
lolwa,2026-07-30,1.211,0.826,1.797,1.039,1.416,rt,
lolwa,2026-07-31,1.182,0.791,1.757,1.012,1.387,rt,
lolwa,2026-08-01,1.157,0.76,1.756,0.976,1.359,rt,
lolwa,2026-08-02,1.128,0.715,1.751,0.938,1.347,rt,
lolwa,2026-08-03,1.096,0.655,1.754,0.896,1.335,rt,
lolwa,2026-08-04,1.093,0.668,1.659,0.904,1.31,rt,
lolwa,2026-08-05,1.08,0.691,1.605,0.915,1.289,rt,
lolwa,2026-08-06,1.07,0.703,1.58,0.926,1.265,rt,
lolwa,2026-08-07,1.06,0.691,1.572,0.916,1.247,rt,
lolwa,2026-08-08,1.052,0.673,1.581,0.893,1.233,rt,
lolwa,2026-08-09,1.041,0.651,1.596,0.864,1.229,rt,
lolwa,2026-08-10,1.021,0.611,1.618,0.82,1.221,rt,
lolwa,2026-08-11,1.013,0.629,1.537,0.836,1.191,rt,
lolwa,2026-08-12,1.008,0.653,1.473,0.843,1.177,rt,
lolwa,2026-08-13,0.997,0.669,1.439,0.846,1.163,rt,
lolwa,2026-08-14,0.983,0.657,1.423,0.849,1.163,rt,
lolwa,2026-08-15,0.976,0.643,1.431,0.835,1.163,rt,
lolwa,2026-08-16,0.968,0.616,1.462,0.818,1.161,rt,
lolwa,2026-08-17,0.96,0.593,1.518,0.8,1.17,rt,
lolwa,2026-08-18,0.952,0.605,1.432,0.798,1.133,rt,
lolwa,2026-08-19,0.939,0.604,1.392,0.794,1.115,rt,
lolwa,2026-08-20,0.925,0.597,1.371,0.786,1.087,rt,
lolwa,2026-08-21,0.919,0.598,1.357,0.775,1.071,rt,
lolwa,2026-08-22,0.902,0.576,1.356,0.757,1.056,rt,
lolwa,2026-08-23,0.886,0.55,1.366,0.734,1.046,rt,
lolwa,2026-08-24,0.882,0.523,1.403,0.719,1.058,rt,
lolwa,2026-08-25,0.876,0.537,1.363,0.733,1.048,rt,
lolwa,2026-08-26,0.875,0.55,1.319,0.738,1.045,rt,
lolwa,2026-08-27,0.872,0.553,1.304,0.733,1.039,rt,
lolwa,2026-08-28,0.863,0.546,1.3,0.727,1.027,rt,
lolwa,2026-08-29,0.863,0.533,1.292,0.719,1.021,rt,
lolwa,2026-08-30,0.851,0.514,1.316,0.699,1.013,rt,
lolwa,2026-08-31,0.829,0.48,1.323,0.67,0.999,rt,
lolwa,2026-09-01,0.828,0.499,1.288,0.68,0.991,rt,
lolwa,2026-09-02,0.832,0.511,1.263,0.691,0.986,rt,
lolwa,2026-09-03,0.829,0.518,1.228,0.693,0.988,rt,
lolwa,2026-09-04,0.83,0.507,1.238,0.696,0.987,rt,
lolwa,2026-09-05,0.83,0.502,1.276,0.683,0.997,rt,
lolwa,2026-09-06,0.821,0.482,1.305,0.668,1.003,rt,
lolwa,2026-09-07,0.804,0.45,1.345,0.636,0.992,rt,
lolwa,2026-09-08,0.794,0.454,1.271,0.639,0.964,rt,
lolwa,2026-09-09,0.783,0.444,1.242,0.628,0.952,rt,
lolwa,2026-09-10,0.773,0.435,1.224,0.621,0.936,rt,
lolwa,2026-09-11,0.75,0.423,1.208,0.6,0.924,rt,
lolwa,2026-09-12,0.725,0.4,1.197,0.577,0.921,rt,
lolwa,2026-09-13,0.702,0.385,1.203,0.551,0.901,rt,
lolwa,2026-09-14,0.681,0.361,1.218,0.524,0.883,rt,
lolwa,2026-09-15,0.665,0.358,1.16,0.513,0.857,rt,
lolwa,2026-09-16,0.651,0.353,1.136,0.504,0.836,rt,
lolwa,2026-09-17,0.637,0.338,1.12,0.495,0.812,rt,
lolwa,2026-09-18,0.622,0.332,1.11,0.482,0.8,rt,
lolwa,2026-09-19,0.61,0.315,1.111,0.468,0.792,rt,
lolwa,2026-09-20,0.593,0.301,1.136,0.451,0.784,rt,
lolwa,2026-09-21,0.583,0.289,1.168,0.438,0.786,rt,
lolwa,2026-09-22,0.584,0.29,1.149,0.436,0.77,rt,
lolwa,2026-09-23,0.585,0.288,1.134,0.432,0.779,rt,
lolwa,2026-09-24,0.585,0.285,1.151,0.425,0.779,rt,
lolwa,2026-09-25,0.575,0.28,1.176,0.422,0.775,rt,
lolwa,2026-09-26,0.573,0.268,1.192,0.411,0.782,rt,
lolwa,2026-09-27,0.57,0.255,1.218,0.399,0.783,rt,
lolwa,2026-09-28,0.558,0.246,1.267,0.389,0.781,rt,
lolwa,2026-09-29,0.552,0.25,1.267,0.396,0.785,rt,
lolwa,2026-09-30,0.556,0.252,1.265,0.394,0.788,rt,
lolwa,2026-10-01,0.551,0.244,1.292,0.39,0.786,rt,
lolwa,2026-10-02,0.543,0.227,1.313,0.38,0.789,rt,
mahagi,2026-08-14,0.922,0.823,1.018,0.883,0.959,rt,
mahagi,2026-08-15,0.913,0.814,1.007,0.875,0.949,rt,
mahagi,2026-08-16,0.902,0.804,0.997,0.865,0.939,rt,
mahagi,2026-08-17,0.897,0.796,1.001,0.86,0.938,rt,
mahagi,2026-08-18,0.898,0.8,0.999,0.86,0.939,rt,
mahagi,2026-08-19,0.899,0.801,1.0,0.857,0.94,rt,
mahagi,2026-08-20,0.899,0.799,1.001,0.856,0.942,rt,
mahagi,2026-08-21,0.901,0.808,1.0,0.86,0.943,rt,
mahagi,2026-08-22,0.902,0.809,1.0,0.863,0.943,rt,
mahagi,2026-08-23,0.9,0.806,1.003,0.862,0.942,rt,
mahagi,2026-08-24,0.912,0.811,1.017,0.869,0.955,rt,
mahagi,2026-08-25,0.928,0.829,1.032,0.888,0.973,rt,
mahagi,2026-08-26,0.943,0.843,1.046,0.904,0.986,rt,
mahagi,2026-08-27,0.958,0.852,1.065,0.916,1.002,rt,
mahagi,2026-08-28,0.969,0.865,1.069,0.928,1.012,rt,
mahagi,2026-08-29,0.978,0.872,1.082,0.937,1.021,rt,
mahagi,2026-08-30,0.984,0.876,1.099,0.944,1.027,rt,
mahagi,2026-08-31,0.978,0.862,1.099,0.934,1.024,rt,
mahagi,2026-09-01,0.981,0.869,1.1,0.938,1.025,rt,
mahagi,2026-09-02,0.982,0.875,1.101,0.94,1.026,rt,
mahagi,2026-09-03,0.982,0.875,1.102,0.939,1.028,rt,
mahagi,2026-09-04,0.984,0.882,1.1,0.941,1.03,rt,
mahagi,2026-09-05,0.984,0.877,1.096,0.94,1.027,rt,
mahagi,2026-09-06,0.98,0.872,1.093,0.936,1.025,rt,
mahagi,2026-09-07,0.959,0.845,1.078,0.913,1.005,rt,
mahagi,2026-09-08,0.945,0.835,1.063,0.897,0.992,rt,
mahagi,2026-09-09,0.926,0.819,1.043,0.881,0.976,rt,
mahagi,2026-09-10,0.909,0.799,1.029,0.862,0.96,rt,
mahagi,2026-09-11,0.89,0.78,1.006,0.842,0.937,rt,
mahagi,2026-09-12,0.868,0.757,0.989,0.82,0.915,rt,
mahagi,2026-09-13,0.845,0.728,0.972,0.795,0.893,rt,
mahagi,2026-09-14,0.822,0.698,0.958,0.769,0.874,rt,
mahagi,2026-09-15,0.811,0.686,0.951,0.758,0.865,rt,
mahagi,2026-09-16,0.803,0.674,0.945,0.747,0.857,rt,
mahagi,2026-09-17,0.794,0.661,0.942,0.739,0.849,rt,
mahagi,2026-09-18,0.787,0.65,0.943,0.731,0.846,rt,
mahagi,2026-09-19,0.782,0.638,0.941,0.722,0.841,rt,
mahagi,2026-09-20,0.775,0.619,0.941,0.709,0.838,rt,
mahagi,2026-09-21,0.775,0.606,0.958,0.705,0.841,rt,
mahagi,2026-09-22,0.774,0.597,0.966,0.703,0.844,rt,
mahagi,2026-09-23,0.774,0.593,0.976,0.701,0.849,rt,
mahagi,2026-09-24,0.77,0.584,0.985,0.698,0.852,rt,
mahagi,2026-09-25,0.768,0.577,0.988,0.69,0.856,rt,
mahagi,2026-09-26,0.766,0.565,0.996,0.684,0.857,rt,
mahagi,2026-09-27,0.76,0.553,1.005,0.674,0.856,rt,
mahagi,2026-09-28,0.754,0.531,1.017,0.66,0.855,rt,
mahagi,2026-09-29,0.756,0.525,1.018,0.658,0.86,rt,
mahagi,2026-09-30,0.759,0.518,1.021,0.655,0.859,rt,
mahagi,2026-10-01,0.758,0.52,1.007,0.653,0.852,rt,
mahagi,2026-10-02,0.751,0.516,0.994,0.65,0.847,rt,
mambasa,2026-06-13,1.593,0.962,2.541,1.313,1.92,rt,
mambasa,2026-06-14,1.594,0.936,2.664,1.304,1.961,rt,
mambasa,2026-06-15,1.589,0.902,2.791,1.3,2.028,rt,
mambasa,2026-06-16,1.632,0.974,2.705,1.326,2.002,rt,
mambasa,2026-06-17,1.652,1.024,2.616,1.359,1.998,rt,
mambasa,2026-06-18,1.671,1.052,2.642,1.385,2.026,rt,
mambasa,2026-06-19,1.678,1.064,2.667,1.397,2.046,rt,
mambasa,2026-06-20,1.703,1.053,2.804,1.406,2.082,rt,
mambasa,2026-06-21,1.71,1.038,2.956,1.397,2.13,rt,
mambasa,2026-06-22,1.741,1.016,3.181,1.397,2.205,rt,
mambasa,2026-06-23,1.695,1.03,2.893,1.396,2.125,rt,
mambasa,2026-06-24,1.658,1.046,2.754,1.378,2.038,rt,
mambasa,2026-06-25,1.624,1.025,2.623,1.348,1.969,rt,
mambasa,2026-06-26,1.583,1.006,2.491,1.313,1.901,rt,
mambasa,2026-06-27,1.541,0.956,2.506,1.274,1.878,rt,
mambasa,2026-06-28,1.501,0.893,2.528,1.222,1.846,rt,
mambasa,2026-06-29,1.441,0.812,2.509,1.149,1.795,rt,
mambasa,2026-06-30,1.372,0.819,2.272,1.121,1.692,rt,
mambasa,2026-07-01,1.314,0.823,2.079,1.096,1.589,rt,
mambasa,2026-07-02,1.271,0.799,1.962,1.064,1.513,rt,
mambasa,2026-07-03,1.225,0.768,1.877,1.026,1.457,rt,
mambasa,2026-07-04,1.174,0.722,1.807,0.979,1.417,rt,
mambasa,2026-07-05,1.129,0.676,1.795,0.927,1.379,rt,
mambasa,2026-07-06,1.096,0.622,1.824,0.882,1.377,rt,
mambasa,2026-07-07,1.091,0.657,1.741,0.891,1.346,rt,
mambasa,2026-07-08,1.084,0.673,1.664,0.894,1.308,rt,
mambasa,2026-07-09,1.079,0.685,1.625,0.892,1.285,rt,
mambasa,2026-07-10,1.068,0.677,1.624,0.881,1.282,rt,
mambasa,2026-07-11,1.06,0.653,1.662,0.865,1.278,rt,
mambasa,2026-07-12,1.057,0.623,1.731,0.852,1.281,rt,
mambasa,2026-07-13,1.027,0.582,1.77,0.82,1.271,rt,
mambasa,2026-07-14,1.005,0.599,1.651,0.813,1.225,rt,
mambasa,2026-07-15,0.982,0.603,1.56,0.811,1.182,rt,
mambasa,2026-07-16,0.961,0.603,1.488,0.805,1.153,rt,
mambasa,2026-07-17,0.939,0.594,1.45,0.797,1.137,rt,
mambasa,2026-07-18,0.927,0.573,1.438,0.776,1.132,rt,
mambasa,2026-07-19,0.909,0.547,1.448,0.749,1.128,rt,
mambasa,2026-07-20,0.898,0.51,1.5,0.726,1.124,rt,
mambasa,2026-07-21,0.885,0.514,1.414,0.729,1.084,rt,
mambasa,2026-07-22,0.87,0.521,1.339,0.723,1.047,rt,
mambasa,2026-07-23,0.857,0.523,1.29,0.705,1.014,rt,
mambasa,2026-07-24,0.842,0.505,1.261,0.689,0.999,rt,
mambasa,2026-07-25,0.822,0.483,1.269,0.675,0.989,rt,
mambasa,2026-07-26,0.804,0.453,1.283,0.651,0.969,rt,
mambasa,2026-07-27,0.787,0.422,1.303,0.625,0.965,rt,
mambasa,2026-07-28,0.77,0.433,1.241,0.624,0.939,rt,
mambasa,2026-07-29,0.754,0.438,1.187,0.613,0.916,rt,
mambasa,2026-07-30,0.738,0.434,1.153,0.604,0.902,rt,
mambasa,2026-07-31,0.72,0.421,1.121,0.584,0.883,rt,
mambasa,2026-08-01,0.706,0.404,1.122,0.566,0.858,rt,
mambasa,2026-08-02,0.685,0.377,1.129,0.538,0.847,rt,
mambasa,2026-08-03,0.661,0.349,1.139,0.51,0.834,rt,
mambasa,2026-08-04,0.661,0.367,1.092,0.52,0.816,rt,
mambasa,2026-08-05,0.655,0.375,1.063,0.527,0.808,rt,
mambasa,2026-08-06,0.653,0.378,1.045,0.529,0.805,rt,
mambasa,2026-08-07,0.644,0.373,1.047,0.521,0.798,rt,
mambasa,2026-08-08,0.642,0.361,1.059,0.519,0.797,rt,
mambasa,2026-08-09,0.64,0.355,1.071,0.507,0.804,rt,
mambasa,2026-08-10,0.632,0.337,1.1,0.489,0.804,rt,
mambasa,2026-08-11,0.648,0.362,1.091,0.509,0.81,rt,
mambasa,2026-08-12,0.666,0.382,1.082,0.529,0.818,rt,
mambasa,2026-08-13,0.687,0.403,1.097,0.549,0.835,rt,
mambasa,2026-08-14,0.703,0.414,1.112,0.568,0.851,rt,
mambasa,2026-08-15,0.725,0.42,1.139,0.581,0.874,rt,
mambasa,2026-08-16,0.746,0.421,1.184,0.589,0.898,rt,
mambasa,2026-08-17,0.771,0.42,1.275,0.6,0.942,rt,
mambasa,2026-08-18,0.81,0.469,1.284,0.645,0.973,rt,
mambasa,2026-08-19,0.847,0.515,1.302,0.687,1.011,rt,
mambasa,2026-08-20,0.884,0.551,1.346,0.729,1.058,rt,
mambasa,2026-08-21,0.925,0.578,1.405,0.776,1.118,rt,
mambasa,2026-08-22,0.971,0.597,1.504,0.812,1.189,rt,
mambasa,2026-08-23,1.023,0.614,1.62,0.84,1.266,rt,
mambasa,2026-08-24,1.088,0.613,1.798,0.875,1.36,rt,
mambasa,2026-08-25,1.173,0.7,1.864,0.955,1.429,rt,
mambasa,2026-08-26,1.26,0.781,1.926,1.044,1.511,rt,
mambasa,2026-08-27,1.35,0.866,2.034,1.126,1.611,rt,
mambasa,2026-08-28,1.44,0.928,2.141,1.212,1.719,rt,
mambasa,2026-08-29,1.52,0.986,2.349,1.28,1.844,rt,
mambasa,2026-08-30,1.6,1.032,2.563,1.35,1.966,rt,
mambasa,2026-08-31,1.69,1.054,2.843,1.396,2.093,rt,
mambasa,2026-09-01,1.739,1.138,2.775,1.459,2.102,rt,
mambasa,2026-09-02,1.79,1.198,2.77,1.526,2.127,rt,
mambasa,2026-09-03,1.842,1.244,2.822,1.584,2.171,rt,
mambasa,2026-09-04,1.886,1.288,2.892,1.627,2.224,rt,
mambasa,2026-09-05,1.941,1.29,3.01,1.657,2.284,rt,
mambasa,2026-09-06,1.989,1.261,3.14,1.657,2.373,rt,
mambasa,2026-09-07,1.994,1.229,3.3,1.634,2.414,rt,
mambasa,2026-09-08,1.947,1.217,3.055,1.614,2.33,rt,
mambasa,2026-09-09,1.895,1.199,2.863,1.588,2.247,rt,
mambasa,2026-09-10,1.844,1.168,2.809,1.55,2.173,rt,
mambasa,2026-09-11,1.774,1.093,2.765,1.488,2.111,rt,
mambasa,2026-09-12,1.708,1.029,2.718,1.415,2.046,rt,
mambasa,2026-09-13,1.642,0.939,2.737,1.34,1.981,rt,
mambasa,2026-09-14,1.584,0.845,2.786,1.258,1.944,rt,
mambasa,2026-09-15,1.504,0.811,2.557,1.202,1.837,rt,
mambasa,2026-09-16,1.424,0.779,2.377,1.139,1.75,rt,
mambasa,2026-09-17,1.34,0.737,2.298,1.075,1.68,rt,
mambasa,2026-09-18,1.272,0.678,2.243,1.019,1.612,rt,
mambasa,2026-09-19,1.209,0.626,2.228,0.952,1.552,rt,
mambasa,2026-09-20,1.152,0.569,2.206,0.888,1.504,rt,
mambasa,2026-09-21,1.115,0.519,2.202,0.83,1.475,rt,
mambasa,2026-09-22,1.094,0.513,2.147,0.823,1.447,rt,
mambasa,2026-09-23,1.07,0.508,2.079,0.802,1.426,rt,
mambasa,2026-09-24,1.05,0.492,2.087,0.769,1.409,rt,
mambasa,2026-09-25,1.034,0.466,2.095,0.741,1.393,rt,
mambasa,2026-09-26,1.008,0.431,2.126,0.726,1.365,rt,
mambasa,2026-09-27,0.991,0.404,2.168,0.687,1.347,rt,
mambasa,2026-09-28,0.953,0.375,2.206,0.652,1.338,rt,
mambasa,2026-09-29,0.945,0.372,2.166,0.653,1.333,rt,
mambasa,2026-09-30,0.918,0.347,2.087,0.638,1.328,rt,
mambasa,2026-10-01,0.891,0.323,2.117,0.617,1.309,rt,
mambasa,2026-10-02,0.876,0.296,2.252,0.58,1.305,rt,
mandima,2026-06-18,2.113,1.422,3.264,1.787,2.524,rt,
mandima,2026-06-19,2.079,1.393,3.199,1.764,2.456,rt,
mandima,2026-06-20,2.024,1.332,3.232,1.736,2.419,rt,
mandima,2026-06-21,1.979,1.248,3.26,1.671,2.41,rt,
mandima,2026-06-22,1.955,1.166,3.389,1.609,2.439,rt,
mandima,2026-06-23,1.879,1.182,3.119,1.567,2.278,rt,
mandima,2026-06-24,1.813,1.182,2.887,1.521,2.153,rt,
mandima,2026-06-25,1.737,1.137,2.679,1.468,2.047,rt,
mandima,2026-06-26,1.665,1.082,2.541,1.403,1.949,rt,
mandima,2026-06-27,1.585,1.016,2.426,1.332,1.885,rt,
mandima,2026-06-28,1.517,0.943,2.349,1.261,1.821,rt,
mandima,2026-06-29,1.432,0.835,2.292,1.156,1.746,rt,
mandima,2026-06-30,1.37,0.837,2.105,1.123,1.622,rt,
mandima,2026-07-01,1.31,0.828,1.939,1.09,1.532,rt,
mandima,2026-07-02,1.251,0.812,1.821,1.047,1.455,rt,
mandima,2026-07-03,1.196,0.782,1.757,1.001,1.391,rt,
mandima,2026-07-04,1.142,0.725,1.72,0.951,1.343,rt,
mandima,2026-07-05,1.09,0.662,1.709,0.896,1.311,rt,
mandima,2026-07-06,1.056,0.594,1.76,0.844,1.297,rt,
mandima,2026-07-07,1.051,0.626,1.673,0.857,1.258,rt,
mandima,2026-07-08,1.048,0.645,1.59,0.868,1.238,rt,
mandima,2026-07-09,1.04,0.666,1.557,0.877,1.226,rt,
mandima,2026-07-10,1.041,0.661,1.551,0.875,1.226,rt,
mandima,2026-07-11,1.039,0.642,1.559,0.869,1.23,rt,
mandima,2026-07-12,1.036,0.624,1.595,0.851,1.243,rt,
mandima,2026-07-13,1.024,0.576,1.626,0.817,1.247,rt,
mandima,2026-07-14,1.025,0.62,1.565,0.837,1.228,rt,
mandima,2026-07-15,1.028,0.649,1.508,0.849,1.211,rt,
mandima,2026-07-16,1.026,0.661,1.484,0.857,1.205,rt,
mandima,2026-07-17,1.03,0.674,1.489,0.866,1.208,rt,
mandima,2026-07-18,1.035,0.667,1.532,0.861,1.218,rt,
mandima,2026-07-19,1.03,0.652,1.602,0.85,1.236,rt,
mandima,2026-07-20,1.042,0.627,1.688,0.841,1.272,rt,
mandima,2026-07-21,1.059,0.672,1.638,0.879,1.268,rt,
mandima,2026-07-22,1.073,0.717,1.602,0.907,1.27,rt,
mandima,2026-07-23,1.092,0.736,1.608,0.926,1.27,rt,
mandima,2026-07-24,1.108,0.736,1.628,0.939,1.294,rt,
mandima,2026-07-25,1.123,0.727,1.655,0.949,1.325,rt,
mandima,2026-07-26,1.133,0.709,1.739,0.951,1.36,rt,
mandima,2026-07-27,1.147,0.693,1.859,0.946,1.406,rt,
mandima,2026-07-28,1.144,0.728,1.77,0.967,1.365,rt,
mandima,2026-07-29,1.142,0.752,1.703,0.974,1.338,rt,
mandima,2026-07-30,1.134,0.756,1.656,0.973,1.331,rt,
mandima,2026-07-31,1.125,0.764,1.648,0.956,1.322,rt,
mandima,2026-08-01,1.115,0.741,1.643,0.937,1.321,rt,
mandima,2026-08-02,1.105,0.7,1.687,0.915,1.329,rt,
mandima,2026-08-03,1.087,0.649,1.745,0.878,1.341,rt,
mandima,2026-08-04,1.083,0.681,1.632,0.888,1.294,rt,
mandima,2026-08-05,1.068,0.694,1.544,0.89,1.257,rt,
mandima,2026-08-06,1.054,0.688,1.508,0.894,1.234,rt,
mandima,2026-08-07,1.034,0.677,1.491,0.884,1.208,rt,
mandima,2026-08-08,1.021,0.652,1.484,0.855,1.192,rt,
mandima,2026-08-09,1.003,0.618,1.519,0.827,1.191,rt,
mandima,2026-08-10,0.98,0.564,1.543,0.787,1.189,rt,
mandima,2026-08-11,0.986,0.601,1.474,0.81,1.168,rt,
mandima,2026-08-12,0.997,0.631,1.446,0.821,1.16,rt,
mandima,2026-08-13,0.993,0.654,1.401,0.841,1.162,rt,
mandima,2026-08-14,0.994,0.656,1.416,0.856,1.166,rt,
mandima,2026-08-15,0.999,0.643,1.459,0.857,1.175,rt,
mandima,2026-08-16,1.003,0.622,1.526,0.845,1.192,rt,
mandima,2026-08-17,1.018,0.611,1.613,0.833,1.232,rt,
mandima,2026-08-18,1.058,0.676,1.592,0.887,1.265,rt,
mandima,2026-08-19,1.096,0.733,1.602,0.933,1.294,rt,
mandima,2026-08-20,1.143,0.78,1.628,0.986,1.329,rt,
mandima,2026-08-21,1.192,0.817,1.687,1.026,1.372,rt,
mandima,2026-08-22,1.243,0.833,1.776,1.064,1.428,rt,
mandima,2026-08-23,1.294,0.84,1.89,1.091,1.495,rt,
mandima,2026-08-24,1.358,0.841,2.072,1.125,1.603,rt,
mandima,2026-08-25,1.44,0.946,2.106,1.224,1.677,rt,
mandima,2026-08-26,1.525,1.052,2.135,1.315,1.754,rt,
mandima,2026-08-27,1.611,1.151,2.199,1.399,1.833,rt,
mandima,2026-08-28,1.711,1.224,2.292,1.48,1.933,rt,
mandima,2026-08-29,1.804,1.28,2.451,1.545,2.038,rt,
mandima,2026-08-30,1.886,1.29,2.682,1.617,2.174,rt,
mandima,2026-08-31,1.954,1.265,2.897,1.652,2.293,rt,
mandima,2026-09-01,2.041,1.408,2.861,1.758,2.352,rt,
mandima,2026-09-02,2.116,1.539,2.886,1.859,2.413,rt,
mandima,2026-09-03,2.204,1.655,2.938,1.956,2.485,rt,
mandima,2026-09-04,2.298,1.762,3.051,2.053,2.576,rt,
mandima,2026-09-05,2.387,1.808,3.263,2.124,2.688,rt,
mandima,2026-09-06,2.467,1.838,3.391,2.188,2.793,rt,
mandima,2026-09-07,2.511,1.8,3.596,2.199,2.881,rt,
mandima,2026-09-08,2.495,1.895,3.398,2.227,2.812,rt,
mandima,2026-09-09,2.468,1.941,3.282,2.234,2.749,rt,
mandima,2026-09-10,2.443,1.957,3.213,2.221,2.71,rt,
mandima,2026-09-11,2.416,1.92,3.206,2.185,2.68,rt,
mandima,2026-09-12,2.374,1.847,3.226,2.12,2.665,rt,
mandima,2026-09-13,2.332,1.731,3.243,2.044,2.658,rt,
mandima,2026-09-14,2.282,1.613,3.276,1.969,2.622,rt,
mandima,2026-09-15,2.108,1.52,2.958,1.848,2.404,rt,
mandima,2026-09-16,1.96,1.43,2.683,1.718,2.221,rt,
mandima,2026-09-17,1.811,1.308,2.503,1.599,2.067,rt,
mandima,2026-09-18,1.693,1.184,2.377,1.467,1.942,rt,
mandima,2026-09-19,1.576,1.048,2.267,1.341,1.83,rt,
mandima,2026-09-20,1.468,0.932,2.165,1.231,1.734,rt,
mandima,2026-09-21,1.376,0.824,2.092,1.125,1.653,rt,
mandima,2026-09-22,1.351,0.804,2.031,1.105,1.605,rt,
mandima,2026-09-23,1.318,0.765,1.98,1.077,1.559,rt,
mandima,2026-09-24,1.291,0.729,1.958,1.043,1.525,rt,
mandima,2026-09-25,1.261,0.694,1.916,1.007,1.498,rt,
mandima,2026-09-26,1.22,0.652,1.862,0.968,1.474,rt,
mandima,2026-09-27,1.183,0.6,1.853,0.914,1.45,rt,
mandima,2026-09-28,1.146,0.547,1.864,0.872,1.43,rt,
mandima,2026-09-29,1.122,0.523,1.802,0.855,1.396,rt,
mandima,2026-09-30,1.095,0.506,1.788,0.832,1.364,rt,
mandima,2026-10-01,1.068,0.472,1.752,0.809,1.344,rt,
mandima,2026-10-02,1.036,0.418,1.736,0.764,1.328,rt,
mangala,2026-05-25,1.803,1.145,2.892,1.492,2.208,rt,
mangala,2026-05-26,1.813,1.2,2.84,1.523,2.204,rt,
mangala,2026-05-27,1.843,1.234,2.812,1.549,2.206,rt,
mangala,2026-05-28,1.88,1.266,2.809,1.592,2.217,rt,
mangala,2026-05-29,1.908,1.279,2.847,1.619,2.235,rt,
mangala,2026-05-30,1.935,1.265,2.901,1.637,2.274,rt,
mangala,2026-05-31,1.968,1.254,2.997,1.65,2.337,rt,
mangala,2026-06-01,2.0,1.24,3.179,1.664,2.417,rt,
mangala,2026-06-02,2.028,1.31,3.098,1.717,2.408,rt,
mangala,2026-06-03,2.044,1.387,3.011,1.766,2.404,rt,
mangala,2026-06-04,2.072,1.454,2.997,1.801,2.409,rt,
mangala,2026-06-05,2.088,1.496,2.954,1.825,2.423,rt,
mangala,2026-06-06,2.09,1.498,2.976,1.834,2.423,rt,
mangala,2026-06-07,2.092,1.475,3.009,1.814,2.435,rt,
mangala,2026-06-08,2.08,1.427,3.064,1.787,2.436,rt,
mangala,2026-06-09,2.042,1.44,2.909,1.785,2.358,rt,
mangala,2026-06-10,2.001,1.456,2.765,1.772,2.285,rt,
mangala,2026-06-11,1.961,1.439,2.664,1.742,2.236,rt,
mangala,2026-06-12,1.913,1.404,2.592,1.708,2.181,rt,
mangala,2026-06-13,1.881,1.355,2.587,1.666,2.131,rt,
mangala,2026-06-14,1.837,1.28,2.549,1.608,2.104,rt,
mangala,2026-06-15,1.802,1.224,2.556,1.56,2.082,rt,
mangala,2026-06-16,1.776,1.264,2.475,1.558,2.013,rt,
mangala,2026-06-17,1.751,1.296,2.368,1.554,1.96,rt,
mangala,2026-06-18,1.723,1.303,2.304,1.536,1.921,rt,
mangala,2026-06-19,1.691,1.293,2.242,1.517,1.877,rt,
mangala,2026-06-20,1.657,1.262,2.205,1.49,1.856,rt,
mangala,2026-06-21,1.632,1.215,2.2,1.458,1.834,rt,
mangala,2026-06-22,1.614,1.178,2.24,1.428,1.84,rt,
mangala,2026-06-23,1.571,1.18,2.12,1.405,1.766,rt,
mangala,2026-06-24,1.542,1.175,2.019,1.385,1.706,rt,
mangala,2026-06-25,1.504,1.164,1.947,1.347,1.659,rt,
mangala,2026-06-26,1.465,1.119,1.891,1.312,1.625,rt,
mangala,2026-06-27,1.424,1.081,1.859,1.268,1.591,rt,
mangala,2026-06-28,1.385,1.018,1.856,1.226,1.565,rt,
mangala,2026-06-29,1.324,0.937,1.84,1.159,1.513,rt,
mangala,2026-06-30,1.274,0.926,1.704,1.123,1.436,rt,
mangala,2026-07-01,1.221,0.908,1.599,1.086,1.363,rt,
mangala,2026-07-02,1.173,0.883,1.518,1.051,1.305,rt,
mangala,2026-07-03,1.13,0.84,1.458,1.008,1.252,rt,
mangala,2026-07-04,1.088,0.795,1.422,0.969,1.21,rt,
mangala,2026-07-05,1.044,0.744,1.387,0.922,1.178,rt,
mangala,2026-07-06,1.013,0.69,1.394,0.883,1.161,rt,
mangala,2026-07-07,1.018,0.729,1.342,0.895,1.152,rt,
mangala,2026-07-08,1.022,0.764,1.33,0.904,1.143,rt,
mangala,2026-07-09,1.021,0.78,1.326,0.915,1.144,rt,
mangala,2026-07-10,1.024,0.778,1.323,0.925,1.146,rt,
mangala,2026-07-11,1.035,0.772,1.355,0.918,1.152,rt,
mangala,2026-07-12,1.044,0.748,1.398,0.909,1.166,rt,
mangala,2026-07-13,1.03,0.713,1.419,0.889,1.17,rt,
mangala,2026-07-14,1.057,0.766,1.406,0.931,1.189,rt,
mangala,2026-07-15,1.09,0.811,1.414,0.968,1.211,rt,
mangala,2026-07-16,1.12,0.846,1.434,1.0,1.238,rt,
mangala,2026-07-17,1.153,0.877,1.469,1.035,1.277,rt,
mangala,2026-07-18,1.191,0.899,1.527,1.062,1.318,rt,
mangala,2026-07-19,1.229,0.904,1.61,1.079,1.373,rt,
mangala,2026-07-20,1.274,0.902,1.707,1.1,1.436,rt,
mangala,2026-07-21,1.316,0.977,1.723,1.161,1.468,rt,
mangala,2026-07-22,1.355,1.049,1.75,1.22,1.499,rt,
mangala,2026-07-23,1.402,1.11,1.786,1.269,1.55,rt,
mangala,2026-07-24,1.451,1.163,1.843,1.319,1.597,rt,
mangala,2026-07-25,1.499,1.181,1.931,1.357,1.648,rt,
mangala,2026-07-26,1.551,1.193,2.026,1.389,1.713,rt,
mangala,2026-07-27,1.606,1.191,2.155,1.416,1.794,rt,
mangala,2026-07-28,1.629,1.263,2.102,1.464,1.795,rt,
mangala,2026-07-29,1.641,1.311,2.054,1.505,1.798,rt,
mangala,2026-07-30,1.663,1.341,2.051,1.535,1.814,rt,
mangala,2026-07-31,1.678,1.356,2.06,1.541,1.828,rt,
mangala,2026-08-01,1.686,1.348,2.105,1.542,1.846,rt,
mangala,2026-08-02,1.69,1.322,2.172,1.534,1.871,rt,
mangala,2026-08-03,1.685,1.284,2.253,1.51,1.895,rt,
mangala,2026-08-04,1.643,1.289,2.141,1.491,1.822,rt,
mangala,2026-08-05,1.61,1.278,2.039,1.469,1.757,rt,
mangala,2026-08-06,1.571,1.263,1.966,1.44,1.708,rt,
mangala,2026-08-07,1.524,1.22,1.895,1.392,1.661,rt,
mangala,2026-08-08,1.474,1.17,1.852,1.336,1.611,rt,
mangala,2026-08-09,1.423,1.102,1.836,1.283,1.571,rt,
mangala,2026-08-10,1.368,1.027,1.799,1.214,1.531,rt,
mangala,2026-08-11,1.297,1.001,1.66,1.156,1.43,rt,
mangala,2026-08-12,1.229,0.972,1.546,1.111,1.35,rt,
mangala,2026-08-13,1.164,0.923,1.467,1.052,1.278,rt,
mangala,2026-08-14,1.099,0.864,1.381,0.992,1.214,rt,
mangala,2026-08-15,1.042,0.799,1.314,0.938,1.155,rt,
mangala,2026-08-16,0.986,0.726,1.275,0.878,1.097,rt,
mangala,2026-08-17,0.938,0.662,1.244,0.824,1.057,rt,
mangala,2026-08-18,0.888,0.65,1.15,0.786,0.99,rt,
mangala,2026-08-19,0.838,0.63,1.065,0.749,0.929,rt,
mangala,2026-08-20,0.789,0.601,0.999,0.707,0.875,rt,
mangala,2026-08-21,0.746,0.566,0.945,0.673,0.828,rt,
mangala,2026-08-22,0.705,0.523,0.914,0.633,0.786,rt,
mangala,2026-08-23,0.666,0.477,0.883,0.589,0.745,rt,
mangala,2026-08-24,0.636,0.437,0.867,0.553,0.722,rt,
mangala,2026-08-25,0.632,0.448,0.835,0.554,0.711,rt,
mangala,2026-08-26,0.627,0.451,0.815,0.554,0.704,rt,
mangala,2026-08-27,0.623,0.451,0.794,0.554,0.693,rt,
mangala,2026-08-28,0.614,0.443,0.788,0.548,0.689,rt,
mangala,2026-08-29,0.601,0.433,0.787,0.533,0.683,rt,
mangala,2026-08-30,0.592,0.418,0.799,0.517,0.676,rt,
mangala,2026-08-31,0.574,0.391,0.807,0.495,0.659,rt,
mangala,2026-09-01,0.578,0.405,0.787,0.506,0.655,rt,
mangala,2026-09-02,0.582,0.415,0.771,0.514,0.651,rt,
mangala,2026-09-03,0.583,0.425,0.761,0.519,0.652,rt,
mangala,2026-09-04,0.585,0.432,0.755,0.524,0.659,rt,
mangala,2026-09-05,0.586,0.426,0.77,0.52,0.662,rt,
mangala,2026-09-06,0.587,0.415,0.789,0.514,0.665,rt,
mangala,2026-09-07,0.576,0.39,0.803,0.494,0.661,rt,
mangala,2026-09-08,0.571,0.391,0.774,0.494,0.649,rt,
mangala,2026-09-09,0.562,0.392,0.757,0.489,0.641,rt,
mangala,2026-09-10,0.553,0.379,0.755,0.484,0.635,rt,
mangala,2026-09-11,0.544,0.365,0.751,0.469,0.626,rt,
mangala,2026-09-12,0.535,0.351,0.756,0.451,0.621,rt,
mangala,2026-09-13,0.523,0.328,0.763,0.433,0.614,rt,
mangala,2026-09-14,0.507,0.307,0.782,0.412,0.61,rt,
mangala,2026-09-15,0.507,0.312,0.767,0.413,0.611,rt,
mangala,2026-09-16,0.508,0.31,0.769,0.411,0.614,rt,
mangala,2026-09-17,0.511,0.3,0.786,0.411,0.615,rt,
mangala,2026-09-18,0.512,0.291,0.81,0.414,0.62,rt,
mangala,2026-09-19,0.514,0.282,0.845,0.41,0.631,rt,
mangala,2026-09-20,0.511,0.272,0.887,0.404,0.644,rt,
mangala,2026-09-21,0.517,0.257,0.937,0.403,0.664,rt,
mangala,2026-09-22,0.516,0.264,0.938,0.402,0.669,rt,
mangala,2026-09-23,0.515,0.263,0.944,0.398,0.672,rt,
mangala,2026-09-24,0.517,0.261,0.947,0.391,0.675,rt,
mangala,2026-09-25,0.512,0.254,0.967,0.383,0.678,rt,
mangala,2026-09-26,0.509,0.241,0.987,0.377,0.679,rt,
mangala,2026-09-27,0.504,0.232,1.013,0.367,0.683,rt,
mangala,2026-09-28,0.498,0.218,1.064,0.356,0.684,rt,
mangala,2026-09-29,0.504,0.222,1.052,0.361,0.689,rt,
mangala,2026-09-30,0.505,0.219,1.035,0.359,0.689,rt,
mangala,2026-10-01,0.501,0.211,1.044,0.356,0.694,rt,
mangala,2026-10-02,0.489,0.2,1.073,0.344,0.7,rt,
mongbwalu,2026-04-26,2.649,1.473,5.698,2.039,3.55,rt,
mongbwalu,2026-04-27,2.617,1.432,5.612,2.009,3.528,rt,
mongbwalu,2026-04-28,2.601,1.474,5.379,2.015,3.454,rt,
mongbwalu,2026-04-29,2.593,1.512,5.163,2.035,3.406,rt,
mongbwalu,2026-04-30,2.579,1.543,5.046,2.036,3.356,rt,
mongbwalu,2026-05-01,2.628,1.552,5.014,2.066,3.356,rt,
mongbwalu,2026-05-02,2.664,1.537,5.037,2.091,3.402,rt,
mongbwalu,2026-05-03,2.676,1.532,5.099,2.119,3.466,rt,
mongbwalu,2026-05-04,2.685,1.523,5.176,2.128,3.495,rt,
mongbwalu,2026-05-05,2.731,1.612,5.055,2.193,3.504,rt,
mongbwalu,2026-05-06,2.776,1.679,5.001,2.257,3.479,rt,
mongbwalu,2026-05-07,2.816,1.751,4.993,2.323,3.501,rt,
mongbwalu,2026-05-08,2.835,1.786,4.936,2.357,3.472,rt,
mongbwalu,2026-05-09,2.864,1.803,4.881,2.367,3.471,rt,
mongbwalu,2026-05-10,2.886,1.816,4.894,2.38,3.495,rt,
mongbwalu,2026-05-11,2.81,1.739,4.807,2.311,3.451,rt,
mongbwalu,2026-05-12,2.75,1.784,4.497,2.311,3.342,rt,
mongbwalu,2026-05-13,2.715,1.845,4.258,2.299,3.248,rt,
mongbwalu,2026-05-14,2.674,1.864,4.091,2.306,3.16,rt,
mongbwalu,2026-05-15,2.649,1.911,3.955,2.298,3.088,rt,
mongbwalu,2026-05-16,2.62,1.904,3.864,2.275,3.02,rt,
mongbwalu,2026-05-17,2.574,1.867,3.821,2.253,2.997,rt,
mongbwalu,2026-05-18,2.55,1.812,3.826,2.221,2.968,rt,
mongbwalu,2026-05-19,2.529,1.863,3.619,2.242,2.89,rt,
mongbwalu,2026-05-20,2.513,1.915,3.485,2.24,2.85,rt,
mongbwalu,2026-05-21,2.491,1.925,3.383,2.227,2.822,rt,
mongbwalu,2026-05-22,2.441,1.903,3.257,2.191,2.756,rt,
mongbwalu,2026-05-23,2.392,1.858,3.21,2.147,2.697,rt,
mongbwalu,2026-05-24,2.345,1.81,3.184,2.091,2.64,rt,
mongbwalu,2026-05-25,2.274,1.742,3.117,2.03,2.588,rt,
mongbwalu,2026-05-26,2.139,1.678,2.82,1.927,2.391,rt,
mongbwalu,2026-05-27,2.011,1.616,2.577,1.829,2.234,rt,
mongbwalu,2026-05-28,1.891,1.536,2.403,1.74,2.09,rt,
mongbwalu,2026-05-29,1.78,1.466,2.264,1.643,1.961,rt,
mongbwalu,2026-05-30,1.682,1.383,2.131,1.548,1.852,rt,
mongbwalu,2026-05-31,1.592,1.275,2.017,1.451,1.751,rt,
mongbwalu,2026-06-01,1.512,1.17,1.945,1.367,1.677,rt,
mongbwalu,2026-06-02,1.404,1.109,1.76,1.279,1.543,rt,
mongbwalu,2026-06-03,1.302,1.031,1.598,1.194,1.415,rt,
mongbwalu,2026-06-04,1.207,0.955,1.462,1.11,1.299,rt,
mongbwalu,2026-06-05,1.111,0.882,1.356,1.017,1.197,rt,
mongbwalu,2026-06-06,1.021,0.788,1.259,0.929,1.109,rt,
mongbwalu,2026-06-07,0.931,0.696,1.168,0.837,1.026,rt,
mongbwalu,2026-06-08,0.847,0.601,1.105,0.746,0.957,rt,
mongbwalu,2026-06-09,0.815,0.602,1.04,0.729,0.909,rt,
mongbwalu,2026-06-10,0.785,0.606,0.983,0.711,0.868,rt,
mongbwalu,2026-06-11,0.757,0.594,0.937,0.688,0.829,rt,
mongbwalu,2026-06-12,0.73,0.574,0.902,0.662,0.798,rt,
mongbwalu,2026-06-13,0.703,0.539,0.876,0.635,0.769,rt,
mongbwalu,2026-06-14,0.675,0.5,0.866,0.601,0.752,rt,
mongbwalu,2026-06-15,0.65,0.458,0.869,0.567,0.742,rt,
mongbwalu,2026-06-16,0.669,0.496,0.861,0.595,0.747,rt,
mongbwalu,2026-06-17,0.689,0.533,0.861,0.62,0.757,rt,
mongbwalu,2026-06-18,0.706,0.558,0.869,0.643,0.772,rt,
mongbwalu,2026-06-19,0.723,0.578,0.892,0.664,0.792,rt,
mongbwalu,2026-06-20,0.743,0.581,0.939,0.676,0.817,rt,
mongbwalu,2026-06-21,0.763,0.577,0.996,0.68,0.848,rt,
mongbwalu,2026-06-22,0.793,0.575,1.075,0.691,0.893,rt,
mongbwalu,2026-06-23,0.79,0.592,1.029,0.701,0.878,rt,
mongbwalu,2026-06-24,0.784,0.605,0.993,0.71,0.866,rt,
mongbwalu,2026-06-25,0.781,0.611,0.973,0.712,0.86,rt,
mongbwalu,2026-06-26,0.777,0.606,0.97,0.707,0.857,rt,
mongbwalu,2026-06-27,0.777,0.594,0.982,0.699,0.859,rt,
mongbwalu,2026-06-28,0.774,0.571,1.005,0.687,0.86,rt,
mongbwalu,2026-06-29,0.755,0.53,1.018,0.662,0.86,rt,
mongbwalu,2026-06-30,0.747,0.554,0.97,0.669,0.836,rt,
mongbwalu,2026-07-01,0.743,0.567,0.935,0.672,0.819,rt,
mongbwalu,2026-07-02,0.739,0.572,0.914,0.672,0.808,rt,
mongbwalu,2026-07-03,0.738,0.57,0.909,0.67,0.806,rt,
mongbwalu,2026-07-04,0.735,0.555,0.925,0.66,0.808,rt,
mongbwalu,2026-07-05,0.73,0.529,0.96,0.646,0.821,rt,
mongbwalu,2026-07-06,0.733,0.504,1.025,0.63,0.836,rt,
mongbwalu,2026-07-07,0.752,0.545,1.002,0.659,0.847,rt,
mongbwalu,2026-07-08,0.77,0.585,0.997,0.687,0.857,rt,
mongbwalu,2026-07-09,0.788,0.61,1.003,0.713,0.876,rt,
mongbwalu,2026-07-10,0.809,0.629,1.03,0.732,0.897,rt,
mongbwalu,2026-07-11,0.83,0.632,1.082,0.742,0.928,rt,
mongbwalu,2026-07-12,0.848,0.622,1.153,0.745,0.97,rt,
mongbwalu,2026-07-13,0.857,0.604,1.212,0.739,1.0,rt,
mongbwalu,2026-07-14,0.837,0.611,1.137,0.73,0.949,rt,
mongbwalu,2026-07-15,0.813,0.608,1.066,0.719,0.906,rt,
mongbwalu,2026-07-16,0.787,0.596,1.015,0.704,0.872,rt,
mongbwalu,2026-07-17,0.767,0.575,0.989,0.686,0.853,rt,
mongbwalu,2026-07-18,0.745,0.552,0.98,0.659,0.836,rt,
mongbwalu,2026-07-19,0.725,0.51,0.985,0.628,0.823,rt,
mongbwalu,2026-07-20,0.706,0.469,1.001,0.603,0.819,rt,
mongbwalu,2026-07-21,0.688,0.47,0.941,0.598,0.787,rt,
mongbwalu,2026-07-22,0.669,0.474,0.888,0.584,0.754,rt,
mongbwalu,2026-07-23,0.647,0.468,0.853,0.571,0.73,rt,
mongbwalu,2026-07-24,0.627,0.453,0.823,0.553,0.712,rt,
mongbwalu,2026-07-25,0.607,0.434,0.81,0.529,0.692,rt,
mongbwalu,2026-07-26,0.586,0.404,0.8,0.506,0.681,rt,
mongbwalu,2026-07-27,0.569,0.376,0.804,0.482,0.674,rt,
mongbwalu,2026-07-28,0.574,0.392,0.787,0.492,0.669,rt,
mongbwalu,2026-07-29,0.581,0.405,0.783,0.501,0.666,rt,
mongbwalu,2026-07-30,0.584,0.412,0.785,0.51,0.666,rt,
mongbwalu,2026-07-31,0.585,0.41,0.79,0.513,0.665,rt,
mongbwalu,2026-08-01,0.588,0.407,0.807,0.509,0.67,rt,
mongbwalu,2026-08-02,0.585,0.393,0.824,0.503,0.676,rt,
mongbwalu,2026-08-03,0.578,0.374,0.858,0.491,0.68,rt,
mongbwalu,2026-08-04,0.609,0.407,0.856,0.524,0.703,rt,
mongbwalu,2026-08-05,0.635,0.438,0.874,0.552,0.723,rt,
mongbwalu,2026-08-06,0.664,0.47,0.897,0.583,0.754,rt,
mongbwalu,2026-08-07,0.687,0.493,0.937,0.608,0.78,rt,
mongbwalu,2026-08-08,0.714,0.509,0.979,0.623,0.813,rt,
mongbwalu,2026-08-09,0.737,0.515,1.039,0.641,0.85,rt,
mongbwalu,2026-08-10,0.76,0.505,1.104,0.65,0.891,rt,
mongbwalu,2026-08-11,0.804,0.567,1.116,0.702,0.93,rt,
mongbwalu,2026-08-12,0.851,0.622,1.15,0.754,0.97,rt,
mongbwalu,2026-08-13,0.903,0.676,1.203,0.806,1.017,rt,
mongbwalu,2026-08-14,0.952,0.721,1.273,0.849,1.073,rt,
mongbwalu,2026-08-15,1.006,0.752,1.367,0.893,1.138,rt,
mongbwalu,2026-08-16,1.063,0.779,1.489,0.93,1.217,rt,
mongbwalu,2026-08-17,1.132,0.79,1.659,0.981,1.307,rt,
mongbwalu,2026-08-18,1.187,0.87,1.656,1.04,1.342,rt,
mongbwalu,2026-08-19,1.244,0.938,1.678,1.104,1.39,rt,
mongbwalu,2026-08-20,1.299,1.001,1.713,1.167,1.451,rt,
mongbwalu,2026-08-21,1.364,1.056,1.795,1.235,1.52,rt,
mongbwalu,2026-08-22,1.428,1.092,1.92,1.281,1.599,rt,
mongbwalu,2026-08-23,1.49,1.11,2.049,1.315,1.691,rt,
mongbwalu,2026-08-24,1.571,1.129,2.252,1.369,1.826,rt,
mongbwalu,2026-08-25,1.57,1.168,2.145,1.392,1.789,rt,
mongbwalu,2026-08-26,1.563,1.205,2.05,1.402,1.749,rt,
mongbwalu,2026-08-27,1.556,1.216,1.989,1.4,1.721,rt,
mongbwalu,2026-08-28,1.534,1.202,1.981,1.386,1.706,rt,
mongbwalu,2026-08-29,1.512,1.166,1.981,1.361,1.686,rt,
mongbwalu,2026-08-30,1.493,1.114,2.007,1.322,1.674,rt,
mongbwalu,2026-08-31,1.45,1.034,2.016,1.255,1.647,rt,
mongbwalu,2026-09-01,1.36,1.003,1.807,1.196,1.52,rt,
mongbwalu,2026-09-02,1.268,0.955,1.66,1.136,1.407,rt,
mongbwalu,2026-09-03,1.185,0.9,1.52,1.067,1.306,rt,
mongbwalu,2026-09-04,1.106,0.834,1.421,0.994,1.22,rt,
mongbwalu,2026-09-05,1.031,0.755,1.354,0.92,1.15,rt,
mongbwalu,2026-09-06,0.958,0.678,1.301,0.841,1.084,rt,
mongbwalu,2026-09-07,0.871,0.584,1.254,0.746,1.007,rt,
mongbwalu,2026-09-08,0.817,0.554,1.134,0.711,0.932,rt,
mongbwalu,2026-09-09,0.766,0.518,1.047,0.673,0.877,rt,
mongbwalu,2026-09-10,0.719,0.492,0.98,0.623,0.824,rt,
mongbwalu,2026-09-11,0.671,0.444,0.92,0.576,0.771,rt,
mongbwalu,2026-09-12,0.624,0.4,0.867,0.529,0.724,rt,
mongbwalu,2026-09-13,0.58,0.352,0.842,0.478,0.682,rt,
mongbwalu,2026-09-14,0.536,0.307,0.818,0.43,0.642,rt,
mongbwalu,2026-09-15,0.52,0.301,0.796,0.426,0.63,rt,
mongbwalu,2026-09-16,0.506,0.294,0.777,0.417,0.616,rt,
mongbwalu,2026-09-17,0.498,0.286,0.773,0.405,0.606,rt,
mongbwalu,2026-09-18,0.492,0.272,0.769,0.388,0.598,rt,
mongbwalu,2026-09-19,0.483,0.26,0.776,0.377,0.601,rt,
mongbwalu,2026-09-20,0.472,0.246,0.803,0.363,0.597,rt,
mongbwalu,2026-09-21,0.466,0.229,0.837,0.353,0.602,rt,
mongbwalu,2026-09-22,0.464,0.227,0.837,0.352,0.609,rt,
mongbwalu,2026-09-23,0.465,0.222,0.849,0.352,0.613,rt,
mongbwalu,2026-09-24,0.466,0.217,0.863,0.346,0.616,rt,
mongbwalu,2026-09-25,0.467,0.21,0.887,0.341,0.62,rt,
mongbwalu,2026-09-26,0.469,0.203,0.909,0.328,0.628,rt,
mongbwalu,2026-09-27,0.469,0.189,0.961,0.32,0.64,rt,
mongbwalu,2026-09-28,0.466,0.178,1.001,0.311,0.644,rt,
mongbwalu,2026-09-29,0.462,0.189,0.977,0.314,0.646,rt,
mongbwalu,2026-09-30,0.455,0.181,0.993,0.317,0.666,rt,
mongbwalu,2026-10-01,0.454,0.176,1.024,0.317,0.677,rt,
mongbwalu,2026-10-02,0.452,0.161,1.069,0.307,0.691,rt,
nia_nia,2026-06-05,2.774,1.747,4.472,2.288,3.331,rt,
nia_nia,2026-06-06,2.737,1.713,4.476,2.249,3.322,rt,
nia_nia,2026-06-07,2.702,1.653,4.47,2.188,3.351,rt,
nia_nia,2026-06-08,2.656,1.551,4.582,2.095,3.371,rt,
nia_nia,2026-06-09,2.569,1.594,4.213,2.09,3.204,rt,
nia_nia,2026-06-10,2.496,1.628,3.893,2.071,3.036,rt,
nia_nia,2026-06-11,2.42,1.608,3.671,2.042,2.872,rt,
nia_nia,2026-06-12,2.344,1.566,3.544,1.986,2.762,rt,
nia_nia,2026-06-13,2.279,1.489,3.467,1.919,2.68,rt,
nia_nia,2026-06-14,2.192,1.376,3.467,1.824,2.603,rt,
nia_nia,2026-06-15,2.115,1.259,3.502,1.741,2.55,rt,
nia_nia,2026-06-16,2.058,1.308,3.266,1.739,2.463,rt,
nia_nia,2026-06-17,2.016,1.358,3.069,1.732,2.391,rt,
nia_nia,2026-06-18,1.986,1.373,2.921,1.707,2.33,rt,
nia_nia,2026-06-19,1.946,1.353,2.809,1.672,2.265,rt,
nia_nia,2026-06-20,1.899,1.29,2.803,1.627,2.227,rt,
nia_nia,2026-06-21,1.864,1.213,2.858,1.574,2.209,rt,
nia_nia,2026-06-22,1.832,1.142,2.99,1.523,2.223,rt,
nia_nia,2026-06-23,1.799,1.186,2.762,1.514,2.128,rt,
nia_nia,2026-06-24,1.757,1.199,2.57,1.514,2.046,rt,
nia_nia,2026-06-25,1.729,1.194,2.442,1.497,1.979,rt,
nia_nia,2026-06-26,1.691,1.147,2.357,1.461,1.931,rt,
nia_nia,2026-06-27,1.649,1.114,2.308,1.418,1.913,rt,
nia_nia,2026-06-28,1.617,1.05,2.378,1.362,1.892,rt,
nia_nia,2026-06-29,1.55,0.946,2.413,1.27,1.842,rt,
nia_nia,2026-06-30,1.501,0.996,2.228,1.277,1.752,rt,
nia_nia,2026-07-01,1.456,1.018,2.079,1.263,1.676,rt,
nia_nia,2026-07-02,1.421,1.024,1.967,1.248,1.623,rt,
nia_nia,2026-07-03,1.389,0.999,1.9,1.224,1.583,rt,
nia_nia,2026-07-04,1.357,0.949,1.902,1.197,1.559,rt,
nia_nia,2026-07-05,1.332,0.874,1.944,1.15,1.544,rt,
nia_nia,2026-07-06,1.317,0.808,2.052,1.107,1.549,rt,
nia_nia,2026-07-07,1.332,0.87,1.954,1.153,1.546,rt,
nia_nia,2026-07-08,1.349,0.938,1.873,1.185,1.539,rt,
nia_nia,2026-07-09,1.365,0.984,1.842,1.2,1.554,rt,
nia_nia,2026-07-10,1.372,1.019,1.844,1.215,1.57,rt,
nia_nia,2026-07-11,1.391,1.006,1.908,1.218,1.589,rt,
nia_nia,2026-07-12,1.406,0.972,2.003,1.21,1.616,rt,
nia_nia,2026-07-13,1.402,0.932,2.081,1.18,1.643,rt,
nia_nia,2026-07-14,1.409,0.996,1.999,1.226,1.622,rt,
nia_nia,2026-07-15,1.418,1.051,1.92,1.257,1.617,rt,
nia_nia,2026-07-16,1.44,1.083,1.888,1.281,1.606,rt,
nia_nia,2026-07-17,1.449,1.087,1.913,1.3,1.638,rt,
nia_nia,2026-07-18,1.469,1.081,1.986,1.295,1.668,rt,
nia_nia,2026-07-19,1.484,1.035,2.114,1.279,1.714,rt,
nia_nia,2026-07-20,1.51,0.98,2.267,1.272,1.778,rt,
nia_nia,2026-07-21,1.485,1.029,2.129,1.288,1.707,rt,
nia_nia,2026-07-22,1.456,1.053,2.008,1.292,1.651,rt,
nia_nia,2026-07-23,1.43,1.06,1.929,1.282,1.614,rt,
nia_nia,2026-07-24,1.406,1.058,1.875,1.262,1.578,rt,
nia_nia,2026-07-25,1.384,1.018,1.877,1.225,1.567,rt,
nia_nia,2026-07-26,1.346,0.958,1.914,1.178,1.557,rt,
nia_nia,2026-07-27,1.313,0.897,1.987,1.138,1.562,rt,
nia_nia,2026-07-28,1.25,0.883,1.786,1.092,1.438,rt,
nia_nia,2026-07-29,1.187,0.867,1.617,1.041,1.344,rt,
nia_nia,2026-07-30,1.121,0.827,1.494,0.99,1.266,rt,
nia_nia,2026-07-31,1.057,0.767,1.41,0.93,1.193,rt,
nia_nia,2026-08-01,0.991,0.696,1.364,0.865,1.124,rt,
nia_nia,2026-08-02,0.928,0.618,1.334,0.792,1.079,rt,
nia_nia,2026-08-03,0.869,0.535,1.314,0.717,1.031,rt,
nia_nia,2026-08-04,0.824,0.535,1.193,0.693,0.961,rt,
nia_nia,2026-08-05,0.784,0.528,1.101,0.671,0.903,rt,
nia_nia,2026-08-06,0.748,0.511,1.027,0.645,0.854,rt,
nia_nia,2026-08-07,0.707,0.478,0.969,0.611,0.809,rt,
nia_nia,2026-08-08,0.667,0.443,0.941,0.567,0.772,rt,
nia_nia,2026-08-09,0.632,0.396,0.928,0.526,0.741,rt,
nia_nia,2026-08-10,0.594,0.353,0.916,0.484,0.713,rt,
nia_nia,2026-08-11,0.594,0.372,0.873,0.492,0.7,rt,
nia_nia,2026-08-12,0.593,0.387,0.847,0.499,0.687,rt,
nia_nia,2026-08-13,0.588,0.396,0.823,0.503,0.684,rt,
nia_nia,2026-08-14,0.589,0.398,0.822,0.505,0.682,rt,
nia_nia,2026-08-15,0.586,0.391,0.828,0.499,0.684,rt,
nia_nia,2026-08-16,0.585,0.373,0.85,0.493,0.695,rt,
nia_nia,2026-08-17,0.585,0.353,0.891,0.484,0.714,rt,
nia_nia,2026-08-18,0.619,0.394,0.9,0.525,0.736,rt,
nia_nia,2026-08-19,0.657,0.437,0.921,0.563,0.765,rt,
nia_nia,2026-08-20,0.693,0.476,0.95,0.599,0.802,rt,
nia_nia,2026-08-21,0.74,0.499,1.005,0.636,0.846,rt,
nia_nia,2026-08-22,0.785,0.522,1.094,0.668,0.895,rt,
nia_nia,2026-08-23,0.827,0.526,1.203,0.692,0.96,rt,
nia_nia,2026-08-24,0.883,0.533,1.339,0.722,1.043,rt,
nia_nia,2026-08-25,0.963,0.632,1.385,0.807,1.109,rt,
nia_nia,2026-08-26,1.041,0.728,1.432,0.896,1.184,rt,
nia_nia,2026-08-27,1.124,0.815,1.502,0.99,1.265,rt,
nia_nia,2026-08-28,1.214,0.908,1.605,1.073,1.363,rt,
nia_nia,2026-08-29,1.308,0.957,1.773,1.154,1.471,rt,
nia_nia,2026-08-30,1.414,0.998,1.97,1.227,1.604,rt,
nia_nia,2026-08-31,1.492,1.001,2.197,1.286,1.732,rt,
nia_nia,2026-09-01,1.483,1.062,2.069,1.308,1.704,rt,
nia_nia,2026-09-02,1.487,1.115,1.98,1.332,1.671,rt,
nia_nia,2026-09-03,1.483,1.139,1.928,1.336,1.649,rt,
nia_nia,2026-09-04,1.479,1.161,1.923,1.334,1.638,rt,
nia_nia,2026-09-05,1.457,1.121,1.953,1.311,1.644,rt,
nia_nia,2026-09-06,1.438,1.067,2.029,1.285,1.647,rt,
nia_nia,2026-09-07,1.404,0.987,2.07,1.222,1.636,rt,
nia_nia,2026-09-08,1.342,0.994,1.873,1.195,1.542,rt,
nia_nia,2026-09-09,1.29,0.963,1.72,1.152,1.444,rt,
nia_nia,2026-09-10,1.226,0.914,1.633,1.099,1.381,rt,
nia_nia,2026-09-11,1.167,0.857,1.55,1.04,1.317,rt,
nia_nia,2026-09-12,1.107,0.781,1.525,0.97,1.259,rt,
nia_nia,2026-09-13,1.046,0.686,1.486,0.894,1.21,rt,
nia_nia,2026-09-14,0.979,0.607,1.481,0.826,1.159,rt,
nia_nia,2026-09-15,0.937,0.596,1.374,0.801,1.098,rt,
nia_nia,2026-09-16,0.901,0.578,1.319,0.766,1.053,rt,
nia_nia,2026-09-17,0.872,0.548,1.278,0.728,1.023,rt,
nia_nia,2026-09-18,0.846,0.509,1.287,0.695,1.0,rt,
nia_nia,2026-09-19,0.815,0.463,1.284,0.658,0.974,rt,
nia_nia,2026-09-20,0.785,0.421,1.291,0.615,0.962,rt,
nia_nia,2026-09-21,0.759,0.382,1.327,0.583,0.96,rt,
nia_nia,2026-09-22,0.76,0.375,1.311,0.579,0.949,rt,
nia_nia,2026-09-23,0.748,0.365,1.313,0.564,0.953,rt,
nia_nia,2026-09-24,0.739,0.357,1.327,0.552,0.95,rt,
nia_nia,2026-09-25,0.73,0.331,1.345,0.537,0.951,rt,
nia_nia,2026-09-26,0.723,0.319,1.381,0.518,0.953,rt,
nia_nia,2026-09-27,0.713,0.295,1.435,0.496,0.959,rt,
nia_nia,2026-09-28,0.702,0.267,1.475,0.474,0.952,rt,
nia_nia,2026-09-29,0.692,0.267,1.462,0.475,0.956,rt,
nia_nia,2026-09-30,0.688,0.264,1.47,0.468,0.966,rt,
nia_nia,2026-10-01,0.682,0.258,1.479,0.448,0.978,rt,
nia_nia,2026-10-02,0.67,0.237,1.537,0.431,0.981,rt,
nizi,2026-05-25,1.902,1.199,2.905,1.604,2.26,rt,
nizi,2026-05-26,1.911,1.26,2.839,1.639,2.246,rt,
nizi,2026-05-27,1.921,1.293,2.778,1.668,2.24,rt,
nizi,2026-05-28,1.94,1.332,2.759,1.697,2.242,rt,
nizi,2026-05-29,1.964,1.366,2.765,1.712,2.249,rt,
nizi,2026-05-30,1.989,1.385,2.784,1.725,2.283,rt,
nizi,2026-05-31,2.002,1.372,2.827,1.731,2.321,rt,
nizi,2026-06-01,2.038,1.367,2.946,1.742,2.375,rt,
nizi,2026-06-02,2.107,1.485,2.925,1.825,2.431,rt,
nizi,2026-06-03,2.174,1.583,2.931,1.909,2.479,rt,
nizi,2026-06-04,2.24,1.665,2.974,1.982,2.534,rt,
nizi,2026-06-05,2.307,1.72,3.029,2.048,2.584,rt,
nizi,2026-06-06,2.352,1.766,3.11,2.107,2.649,rt,
nizi,2026-06-07,2.386,1.781,3.227,2.125,2.715,rt,
nizi,2026-06-08,2.428,1.771,3.358,2.136,2.785,rt,
nizi,2026-06-09,2.437,1.84,3.3,2.17,2.759,rt,
nizi,2026-06-10,2.446,1.895,3.245,2.196,2.749,rt,
nizi,2026-06-11,2.45,1.922,3.23,2.201,2.738,rt,
nizi,2026-06-12,2.452,1.944,3.25,2.218,2.722,rt,
nizi,2026-06-13,2.452,1.943,3.254,2.219,2.718,rt,
nizi,2026-06-14,2.443,1.918,3.265,2.207,2.728,rt,
nizi,2026-06-15,2.444,1.887,3.295,2.195,2.746,rt,
nizi,2026-06-16,2.418,1.911,3.174,2.198,2.693,rt,
nizi,2026-06-17,2.391,1.925,3.077,2.195,2.642,rt,
nizi,2026-06-18,2.373,1.932,2.995,2.182,2.592,rt,
nizi,2026-06-19,2.346,1.92,2.961,2.148,2.561,rt,
nizi,2026-06-20,2.311,1.883,2.959,2.117,2.531,rt,
nizi,2026-06-21,2.273,1.823,2.972,2.076,2.501,rt,
nizi,2026-06-22,2.266,1.79,3.016,2.049,2.509,rt,
nizi,2026-06-23,2.214,1.804,2.897,2.039,2.44,rt,
nizi,2026-06-24,2.171,1.811,2.755,2.017,2.371,rt,
nizi,2026-06-25,2.127,1.782,2.653,1.984,2.321,rt,
nizi,2026-06-26,2.094,1.752,2.581,1.939,2.267,rt,
nizi,2026-06-27,2.051,1.702,2.544,1.896,2.222,rt,
nizi,2026-06-28,2.009,1.651,2.505,1.845,2.19,rt,
nizi,2026-06-29,1.93,1.545,2.449,1.757,2.123,rt,
nizi,2026-06-30,1.822,1.481,2.255,1.669,1.978,rt,
nizi,2026-07-01,1.719,1.413,2.099,1.583,1.857,rt,
nizi,2026-07-02,1.624,1.343,1.959,1.5,1.749,rt,
nizi,2026-07-03,1.535,1.273,1.838,1.422,1.656,rt,
nizi,2026-07-04,1.454,1.196,1.739,1.344,1.565,rt,
nizi,2026-07-05,1.378,1.115,1.668,1.265,1.49,rt,
nizi,2026-07-06,1.311,1.032,1.62,1.193,1.433,rt,
nizi,2026-07-07,1.266,1.027,1.538,1.165,1.372,rt,
nizi,2026-07-08,1.225,1.007,1.465,1.13,1.314,rt,
nizi,2026-07-09,1.181,0.982,1.401,1.095,1.267,rt,
nizi,2026-07-10,1.14,0.953,1.348,1.055,1.223,rt,
nizi,2026-07-11,1.098,0.905,1.31,1.02,1.185,rt,
nizi,2026-07-12,1.058,0.856,1.283,0.981,1.149,rt,
nizi,2026-07-13,1.009,0.791,1.243,0.921,1.104,rt,
nizi,2026-07-14,0.996,0.799,1.202,0.914,1.075,rt,
nizi,2026-07-15,0.978,0.798,1.161,0.901,1.049,rt,
nizi,2026-07-16,0.961,0.794,1.129,0.89,1.03,rt,
nizi,2026-07-17,0.948,0.784,1.114,0.878,1.016,rt,
nizi,2026-07-18,0.932,0.767,1.101,0.861,1.003,rt,
nizi,2026-07-19,0.917,0.743,1.099,0.842,0.991,rt,
nizi,2026-07-20,0.908,0.719,1.117,0.827,0.989,rt,
nizi,2026-07-21,0.911,0.742,1.098,0.837,0.981,rt,
nizi,2026-07-22,0.91,0.751,1.082,0.846,0.976,rt,
nizi,2026-07-23,0.909,0.757,1.079,0.846,0.974,rt,
nizi,2026-07-24,0.909,0.758,1.066,0.848,0.973,rt,
nizi,2026-07-25,0.908,0.755,1.072,0.847,0.975,rt,
nizi,2026-07-26,0.905,0.743,1.074,0.838,0.977,rt,
nizi,2026-07-27,0.904,0.723,1.098,0.832,0.982,rt,
nizi,2026-07-28,0.914,0.752,1.087,0.852,0.984,rt,
nizi,2026-07-29,0.927,0.774,1.077,0.868,0.987,rt,
nizi,2026-07-30,0.937,0.786,1.081,0.878,0.994,rt,
nizi,2026-07-31,0.942,0.799,1.087,0.885,1.0,rt,
nizi,2026-08-01,0.948,0.797,1.103,0.886,1.009,rt,
nizi,2026-08-02,0.949,0.787,1.124,0.879,1.021,rt,
nizi,2026-08-03,0.947,0.767,1.139,0.867,1.029,rt,
nizi,2026-08-04,0.942,0.777,1.12,0.87,1.016,rt,
nizi,2026-08-05,0.938,0.784,1.109,0.869,1.004,rt,
nizi,2026-08-06,0.928,0.782,1.099,0.868,0.996,rt,
nizi,2026-08-07,0.918,0.775,1.086,0.86,0.982,rt,
nizi,2026-08-08,0.906,0.76,1.079,0.845,0.972,rt,
nizi,2026-08-09,0.892,0.734,1.08,0.828,0.967,rt,
nizi,2026-08-10,0.874,0.701,1.085,0.801,0.957,rt,
nizi,2026-08-11,0.846,0.691,1.032,0.78,0.919,rt,
nizi,2026-08-12,0.816,0.676,0.983,0.758,0.884,rt,
nizi,2026-08-13,0.79,0.655,0.947,0.735,0.852,rt,
nizi,2026-08-14,0.764,0.633,0.909,0.711,0.822,rt,
nizi,2026-08-15,0.736,0.605,0.888,0.681,0.791,rt,
nizi,2026-08-16,0.71,0.571,0.873,0.652,0.769,rt,
nizi,2026-08-17,0.69,0.535,0.871,0.626,0.753,rt,
nizi,2026-08-18,0.677,0.532,0.837,0.617,0.731,rt,
nizi,2026-08-19,0.659,0.528,0.806,0.607,0.715,rt,
nizi,2026-08-20,0.642,0.517,0.787,0.592,0.697,rt,
nizi,2026-08-21,0.631,0.503,0.767,0.581,0.684,rt,
nizi,2026-08-22,0.617,0.487,0.761,0.567,0.669,rt,
nizi,2026-08-23,0.602,0.468,0.758,0.547,0.658,rt,
nizi,2026-08-24,0.593,0.45,0.763,0.532,0.656,rt,
nizi,2026-08-25,0.6,0.466,0.756,0.542,0.657,rt,
nizi,2026-08-26,0.603,0.476,0.75,0.551,0.661,rt,
nizi,2026-08-27,0.607,0.482,0.748,0.555,0.665,rt,
nizi,2026-08-28,0.609,0.48,0.746,0.558,0.665,rt,
nizi,2026-08-29,0.611,0.478,0.755,0.557,0.667,rt,
nizi,2026-08-30,0.609,0.463,0.77,0.553,0.671,rt,
nizi,2026-08-31,0.6,0.444,0.782,0.535,0.671,rt,
nizi,2026-09-01,0.612,0.461,0.778,0.546,0.674,rt,
nizi,2026-09-02,0.621,0.475,0.778,0.556,0.681,rt,
nizi,2026-09-03,0.63,0.484,0.782,0.564,0.687,rt,
nizi,2026-09-04,0.636,0.488,0.791,0.574,0.697,rt,
nizi,2026-09-05,0.642,0.485,0.808,0.577,0.706,rt,
nizi,2026-09-06,0.646,0.477,0.83,0.576,0.719,rt,
nizi,2026-09-07,0.641,0.456,0.845,0.557,0.717,rt,
nizi,2026-09-08,0.636,0.464,0.829,0.561,0.712,rt,
nizi,2026-09-09,0.632,0.465,0.819,0.559,0.704,rt,
nizi,2026-09-10,0.627,0.465,0.813,0.553,0.697,rt,
nizi,2026-09-11,0.617,0.457,0.812,0.545,0.688,rt,
nizi,2026-09-12,0.607,0.438,0.816,0.534,0.682,rt,
nizi,2026-09-13,0.593,0.418,0.823,0.518,0.68,rt,
nizi,2026-09-14,0.578,0.393,0.835,0.495,0.677,rt,
nizi,2026-09-15,0.583,0.397,0.826,0.501,0.678,rt,
nizi,2026-09-16,0.585,0.394,0.839,0.504,0.683,rt,
nizi,2026-09-17,0.588,0.387,0.864,0.505,0.695,rt,
nizi,2026-09-18,0.593,0.376,0.88,0.506,0.708,rt,
nizi,2026-09-19,0.599,0.368,0.914,0.504,0.722,rt,
nizi,2026-09-20,0.604,0.357,0.951,0.498,0.74,rt,
nizi,2026-09-21,0.614,0.342,1.019,0.496,0.767,rt,
nizi,2026-09-22,0.61,0.347,1.018,0.493,0.765,rt,
nizi,2026-09-23,0.607,0.342,1.027,0.491,0.764,rt,
nizi,2026-09-24,0.605,0.333,1.03,0.485,0.764,rt,
nizi,2026-09-25,0.603,0.326,1.046,0.477,0.765,rt,
nizi,2026-09-26,0.603,0.316,1.076,0.468,0.767,rt,
nizi,2026-09-27,0.595,0.301,1.11,0.457,0.769,rt,
nizi,2026-09-28,0.585,0.279,1.133,0.442,0.769,rt,
nizi,2026-09-29,0.583,0.284,1.118,0.451,0.771,rt,
nizi,2026-09-30,0.584,0.28,1.135,0.447,0.766,rt,
nizi,2026-10-01,0.585,0.269,1.124,0.441,0.764,rt,
nizi,2026-10-02,0.578,0.256,1.15,0.424,0.757,rt,
nyankunde,2026-05-03,2.09,1.272,3.672,1.719,2.632,rt,
nyankunde,2026-05-04,2.105,1.249,3.726,1.704,2.656,rt,
nyankunde,2026-05-05,2.122,1.285,3.639,1.743,2.641,rt,
nyankunde,2026-05-06,2.15,1.325,3.624,1.765,2.639,rt,
nyankunde,2026-05-07,2.166,1.34,3.575,1.779,2.639,rt,
nyankunde,2026-05-08,2.159,1.344,3.587,1.779,2.631,rt,
nyankunde,2026-05-09,2.165,1.338,3.594,1.776,2.617,rt,
nyankunde,2026-05-10,2.162,1.324,3.628,1.776,2.646,rt,
nyankunde,2026-05-11,2.093,1.256,3.52,1.684,2.572,rt,
nyankunde,2026-05-12,2.028,1.246,3.321,1.669,2.453,rt,
nyankunde,2026-05-13,1.974,1.235,3.151,1.64,2.371,rt,
nyankunde,2026-05-14,1.922,1.237,3.028,1.606,2.291,rt,
nyankunde,2026-05-15,1.86,1.226,2.907,1.564,2.226,rt,
nyankunde,2026-05-16,1.804,1.194,2.866,1.522,2.16,rt,
nyankunde,2026-05-17,1.755,1.156,2.806,1.481,2.101,rt,
nyankunde,2026-05-18,1.71,1.098,2.793,1.439,2.066,rt,
nyankunde,2026-05-19,1.694,1.126,2.659,1.437,2.008,rt,
nyankunde,2026-05-20,1.673,1.128,2.561,1.427,1.953,rt,
nyankunde,2026-05-21,1.642,1.124,2.448,1.418,1.916,rt,
nyankunde,2026-05-22,1.599,1.111,2.368,1.385,1.869,rt,
nyankunde,2026-05-23,1.557,1.07,2.295,1.344,1.821,rt,
nyankunde,2026-05-24,1.513,1.015,2.276,1.294,1.766,rt,
nyankunde,2026-05-25,1.456,0.955,2.272,1.236,1.705,rt,
nyankunde,2026-05-26,1.433,0.974,2.172,1.236,1.681,rt,
nyankunde,2026-05-27,1.423,0.99,2.083,1.229,1.653,rt,
nyankunde,2026-05-28,1.411,0.994,2.009,1.222,1.623,rt,
nyankunde,2026-05-29,1.403,0.995,1.961,1.214,1.605,rt,
nyankunde,2026-05-30,1.39,0.982,1.952,1.202,1.593,rt,
nyankunde,2026-05-31,1.38,0.952,1.966,1.192,1.588,rt,
nyankunde,2026-06-01,1.376,0.922,2.009,1.172,1.598,rt,
nyankunde,2026-06-02,1.353,0.95,1.915,1.174,1.558,rt,
nyankunde,2026-06-03,1.335,0.958,1.839,1.174,1.522,rt,
nyankunde,2026-06-04,1.317,0.954,1.793,1.156,1.496,rt,
nyankunde,2026-06-05,1.295,0.945,1.765,1.138,1.464,rt,
nyankunde,2026-06-06,1.264,0.921,1.738,1.109,1.432,rt,
nyankunde,2026-06-07,1.225,0.875,1.718,1.072,1.399,rt,
nyankunde,2026-06-08,1.189,0.83,1.727,1.035,1.38,rt,
nyankunde,2026-06-09,1.139,0.813,1.589,0.997,1.298,rt,
nyankunde,2026-06-10,1.09,0.799,1.473,0.961,1.227,rt,
nyankunde,2026-06-11,1.038,0.769,1.384,0.92,1.164,rt,
nyankunde,2026-06-12,0.986,0.728,1.324,0.874,1.106,rt,
nyankunde,2026-06-13,0.934,0.689,1.276,0.83,1.054,rt,
nyankunde,2026-06-14,0.889,0.629,1.237,0.782,1.006,rt,
nyankunde,2026-06-15,0.846,0.58,1.216,0.733,0.972,rt,
nyankunde,2026-06-16,0.815,0.576,1.132,0.71,0.929,rt,
nyankunde,2026-06-17,0.782,0.564,1.071,0.691,0.889,rt,
nyankunde,2026-06-18,0.751,0.547,1.022,0.666,0.85,rt,
nyankunde,2026-06-19,0.725,0.528,0.975,0.637,0.82,rt,
nyankunde,2026-06-20,0.694,0.502,0.947,0.607,0.789,rt,
nyankunde,2026-06-21,0.667,0.467,0.924,0.576,0.768,rt,
nyankunde,2026-06-22,0.646,0.44,0.912,0.548,0.753,rt,
nyankunde,2026-06-23,0.64,0.453,0.889,0.55,0.737,rt,
nyankunde,2026-06-24,0.633,0.455,0.867,0.548,0.727,rt,
nyankunde,2026-06-25,0.627,0.456,0.861,0.547,0.717,rt,
nyankunde,2026-06-26,0.618,0.449,0.849,0.541,0.706,rt,
nyankunde,2026-06-27,0.615,0.436,0.853,0.534,0.703,rt,
nyankunde,2026-06-28,0.61,0.415,0.861,0.524,0.699,rt,
nyankunde,2026-06-29,0.592,0.391,0.864,0.504,0.69,rt,
nyankunde,2026-06-30,0.595,0.407,0.841,0.513,0.684,rt,
nyankunde,2026-07-01,0.597,0.414,0.83,0.522,0.683,rt,
nyankunde,2026-07-02,0.601,0.42,0.82,0.527,0.685,rt,
nyankunde,2026-07-03,0.606,0.427,0.827,0.534,0.691,rt,
nyankunde,2026-07-04,0.612,0.428,0.836,0.533,0.698,rt,
nyankunde,2026-07-05,0.618,0.424,0.866,0.533,0.713,rt,
nyankunde,2026-07-06,0.628,0.42,0.902,0.536,0.73,rt,
nyankunde,2026-07-07,0.649,0.451,0.905,0.558,0.745,rt,
nyankunde,2026-07-08,0.668,0.477,0.91,0.586,0.761,rt,
nyankunde,2026-07-09,0.689,0.497,0.922,0.608,0.783,rt,
nyankunde,2026-07-10,0.711,0.508,0.954,0.622,0.803,rt,
nyankunde,2026-07-11,0.733,0.517,0.992,0.638,0.836,rt,
nyankunde,2026-07-12,0.757,0.519,1.038,0.648,0.868,rt,
nyankunde,2026-07-13,0.766,0.512,1.091,0.649,0.894,rt,
nyankunde,2026-07-14,0.769,0.525,1.064,0.66,0.883,rt,
nyankunde,2026-07-15,0.77,0.529,1.05,0.662,0.876,rt,
nyankunde,2026-07-16,0.767,0.537,1.039,0.665,0.868,rt,
nyankunde,2026-07-17,0.767,0.538,1.051,0.668,0.872,rt,
nyankunde,2026-07-18,0.773,0.537,1.069,0.662,0.881,rt,
nyankunde,2026-07-19,0.77,0.525,1.109,0.655,0.893,rt,
nyankunde,2026-07-20,0.774,0.509,1.157,0.648,0.908,rt,
nyankunde,2026-07-21,0.772,0.526,1.122,0.654,0.889,rt,
nyankunde,2026-07-22,0.77,0.541,1.088,0.661,0.883,rt,
nyankunde,2026-07-23,0.768,0.539,1.066,0.659,0.878,rt,
nyankunde,2026-07-24,0.761,0.534,1.058,0.655,0.868,rt,
nyankunde,2026-07-25,0.753,0.524,1.049,0.65,0.869,rt,
nyankunde,2026-07-26,0.744,0.506,1.063,0.639,0.868,rt,
nyankunde,2026-07-27,0.738,0.484,1.102,0.628,0.875,rt,
nyankunde,2026-07-28,0.739,0.497,1.059,0.637,0.869,rt,
nyankunde,2026-07-29,0.739,0.507,1.04,0.644,0.861,rt,
nyankunde,2026-07-30,0.742,0.519,1.023,0.648,0.861,rt,
nyankunde,2026-07-31,0.737,0.516,1.025,0.645,0.851,rt,
nyankunde,2026-08-01,0.734,0.507,1.044,0.634,0.844,rt,
nyankunde,2026-08-02,0.729,0.494,1.058,0.624,0.843,rt,
nyankunde,2026-08-03,0.719,0.467,1.068,0.607,0.843,rt,
nyankunde,2026-08-04,0.725,0.49,1.047,0.616,0.835,rt,
nyankunde,2026-08-05,0.725,0.498,1.029,0.619,0.835,rt,
nyankunde,2026-08-06,0.73,0.503,1.025,0.624,0.837,rt,
nyankunde,2026-08-07,0.727,0.5,1.031,0.624,0.838,rt,
nyankunde,2026-08-08,0.722,0.493,1.032,0.618,0.841,rt,
nyankunde,2026-08-09,0.719,0.477,1.059,0.605,0.845,rt,
nyankunde,2026-08-10,0.711,0.458,1.091,0.595,0.848,rt,
nyankunde,2026-08-11,0.713,0.473,1.055,0.602,0.841,rt,
nyankunde,2026-08-12,0.716,0.49,1.031,0.612,0.837,rt,
nyankunde,2026-08-13,0.72,0.499,1.022,0.619,0.839,rt,
nyankunde,2026-08-14,0.726,0.501,1.015,0.623,0.844,rt,
nyankunde,2026-08-15,0.728,0.497,1.032,0.623,0.847,rt,
nyankunde,2026-08-16,0.728,0.489,1.062,0.618,0.851,rt,
nyankunde,2026-08-17,0.735,0.483,1.099,0.614,0.87,rt,
nyankunde,2026-08-18,0.741,0.499,1.085,0.626,0.867,rt,
nyankunde,2026-08-19,0.741,0.514,1.076,0.641,0.868,rt,
nyankunde,2026-08-20,0.747,0.52,1.072,0.65,0.87,rt,
nyankunde,2026-08-21,0.756,0.522,1.088,0.658,0.877,rt,
nyankunde,2026-08-22,0.758,0.522,1.101,0.66,0.887,rt,
nyankunde,2026-08-23,0.768,0.521,1.125,0.656,0.897,rt,
nyankunde,2026-08-24,0.783,0.515,1.189,0.658,0.921,rt,
nyankunde,2026-08-25,0.806,0.544,1.173,0.685,0.934,rt,
nyankunde,2026-08-26,0.823,0.568,1.171,0.71,0.951,rt,
nyankunde,2026-08-27,0.837,0.583,1.182,0.732,0.968,rt,
nyankunde,2026-08-28,0.858,0.59,1.207,0.746,0.991,rt,
nyankunde,2026-08-29,0.87,0.588,1.234,0.748,1.008,rt,
nyankunde,2026-08-30,0.882,0.582,1.283,0.753,1.031,rt,
nyankunde,2026-08-31,0.883,0.568,1.313,0.742,1.047,rt,
nyankunde,2026-09-01,0.904,0.59,1.32,0.765,1.061,rt,
nyankunde,2026-09-02,0.924,0.607,1.344,0.786,1.078,rt,
nyankunde,2026-09-03,0.943,0.619,1.357,0.805,1.101,rt,
nyankunde,2026-09-04,0.96,0.63,1.394,0.816,1.123,rt,
nyankunde,2026-09-05,0.978,0.634,1.436,0.825,1.156,rt,
nyankunde,2026-09-06,0.998,0.624,1.486,0.819,1.173,rt,
nyankunde,2026-09-07,0.99,0.606,1.537,0.806,1.18,rt,
nyankunde,2026-09-08,0.986,0.61,1.49,0.808,1.17,rt,
nyankunde,2026-09-09,0.979,0.612,1.475,0.808,1.161,rt,
nyankunde,2026-09-10,0.97,0.607,1.476,0.805,1.163,rt,
nyankunde,2026-09-11,0.955,0.598,1.477,0.791,1.149,rt,
nyankunde,2026-09-12,0.94,0.585,1.48,0.773,1.143,rt,
nyankunde,2026-09-13,0.918,0.56,1.518,0.75,1.13,rt,
nyankunde,2026-09-14,0.899,0.522,1.53,0.725,1.124,rt,
nyankunde,2026-09-15,0.896,0.524,1.486,0.727,1.115,rt,
nyankunde,2026-09-16,0.888,0.522,1.463,0.718,1.104,rt,
nyankunde,2026-09-17,0.881,0.518,1.482,0.712,1.098,rt,
nyankunde,2026-09-18,0.873,0.511,1.517,0.7,1.099,rt,
nyankunde,2026-09-19,0.867,0.498,1.549,0.692,1.1,rt,
nyankunde,2026-09-20,0.858,0.479,1.593,0.685,1.101,rt,
nyankunde,2026-09-21,0.862,0.455,1.676,0.68,1.114,rt,
nyankunde,2026-09-22,0.856,0.464,1.653,0.669,1.101,rt,
nyankunde,2026-09-23,0.847,0.466,1.617,0.668,1.097,rt,
nyankunde,2026-09-24,0.848,0.458,1.623,0.657,1.083,rt,
nyankunde,2026-09-25,0.838,0.443,1.616,0.645,1.081,rt,
nyankunde,2026-09-26,0.823,0.429,1.632,0.631,1.08,rt,
nyankunde,2026-09-27,0.813,0.409,1.644,0.618,1.077,rt,
nyankunde,2026-09-28,0.797,0.389,1.664,0.598,1.073,rt,
nyankunde,2026-09-29,0.796,0.393,1.592,0.601,1.057,rt,
nyankunde,2026-09-30,0.797,0.39,1.595,0.588,1.042,rt,
nyankunde,2026-10-01,0.787,0.38,1.579,0.575,1.024,rt,
nyankunde,2026-10-02,0.773,0.353,1.58,0.554,1.019,rt,
rimba,2026-07-29,1.072,0.957,1.183,1.022,1.117,rt,
rimba,2026-07-30,1.07,0.955,1.182,1.019,1.114,rt,
rimba,2026-07-31,1.06,0.953,1.169,1.013,1.105,rt,
rimba,2026-08-01,1.051,0.942,1.161,1.004,1.098,rt,
rimba,2026-08-02,1.041,0.928,1.157,0.992,1.09,rt,
rimba,2026-08-03,1.025,0.898,1.149,0.975,1.076,rt,
rimba,2026-08-04,1.022,0.898,1.137,0.971,1.068,rt,
rimba,2026-08-05,1.016,0.896,1.128,0.964,1.061,rt,
rimba,2026-08-06,1.009,0.889,1.121,0.957,1.057,rt,
rimba,2026-08-07,0.995,0.881,1.102,0.95,1.042,rt,
rimba,2026-08-08,0.982,0.873,1.089,0.937,1.03,rt,
rimba,2026-08-09,0.971,0.852,1.082,0.92,1.018,rt,
rimba,2026-08-10,0.952,0.825,1.068,0.899,1.001,rt,
rimba,2026-08-11,0.943,0.828,1.049,0.896,0.986,rt,
rimba,2026-08-12,0.933,0.826,1.037,0.892,0.976,rt,
rimba,2026-08-13,0.923,0.819,1.027,0.883,0.967,rt,
rimba,2026-08-14,0.915,0.817,1.014,0.877,0.954,rt,
rimba,2026-08-15,0.905,0.807,1.003,0.867,0.943,rt,
rimba,2026-08-16,0.894,0.798,0.996,0.857,0.933,rt,
rimba,2026-08-17,0.889,0.788,0.994,0.85,0.931,rt,
rimba,2026-08-18,0.89,0.791,0.99,0.852,0.932,rt,
rimba,2026-08-19,0.891,0.793,0.99,0.851,0.933,rt,
rimba,2026-08-20,0.89,0.789,0.992,0.849,0.934,rt,
rimba,2026-08-21,0.893,0.792,0.989,0.852,0.935,rt,
rimba,2026-08-22,0.894,0.794,0.989,0.854,0.935,rt,
rimba,2026-08-23,0.892,0.79,0.992,0.853,0.935,rt,
rimba,2026-08-24,0.902,0.796,1.01,0.86,0.947,rt,
rimba,2026-08-25,0.918,0.815,1.023,0.876,0.962,rt,
rimba,2026-08-26,0.933,0.829,1.037,0.89,0.977,rt,
rimba,2026-08-27,0.946,0.839,1.054,0.903,0.992,rt,
rimba,2026-08-28,0.956,0.85,1.062,0.915,1.001,rt,
rimba,2026-08-29,0.966,0.858,1.072,0.926,1.009,rt,
rimba,2026-08-30,0.971,0.862,1.084,0.929,1.013,rt,
rimba,2026-08-31,0.965,0.854,1.088,0.92,1.011,rt,
rimba,2026-09-01,0.967,0.858,1.086,0.923,1.012,rt,
rimba,2026-09-02,0.968,0.86,1.088,0.924,1.016,rt,
rimba,2026-09-03,0.968,0.863,1.09,0.924,1.017,rt,
rimba,2026-09-04,0.97,0.868,1.08,0.926,1.017,rt,
rimba,2026-09-05,0.971,0.866,1.075,0.926,1.014,rt,
rimba,2026-09-06,0.968,0.856,1.074,0.92,1.011,rt,
rimba,2026-09-07,0.946,0.829,1.06,0.9,0.992,rt,
rimba,2026-09-08,0.931,0.817,1.043,0.883,0.975,rt,
rimba,2026-09-09,0.914,0.802,1.026,0.867,0.957,rt,
rimba,2026-09-10,0.896,0.78,1.011,0.849,0.941,rt,
rimba,2026-09-11,0.874,0.76,0.993,0.827,0.921,rt,
rimba,2026-09-12,0.851,0.737,0.971,0.805,0.899,rt,
rimba,2026-09-13,0.828,0.711,0.951,0.779,0.877,rt,
rimba,2026-09-14,0.806,0.678,0.939,0.753,0.858,rt,
rimba,2026-09-15,0.795,0.668,0.93,0.744,0.848,rt,
rimba,2026-09-16,0.785,0.657,0.928,0.734,0.839,rt,
rimba,2026-09-17,0.776,0.645,0.929,0.724,0.833,rt,
rimba,2026-09-18,0.769,0.634,0.933,0.717,0.827,rt,
rimba,2026-09-19,0.763,0.624,0.928,0.706,0.822,rt,
rimba,2026-09-20,0.757,0.607,0.93,0.696,0.823,rt,
rimba,2026-09-21,0.758,0.592,0.946,0.69,0.828,rt,
rimba,2026-09-22,0.757,0.585,0.952,0.686,0.83,rt,
rimba,2026-09-23,0.754,0.58,0.96,0.683,0.834,rt,
rimba,2026-09-24,0.75,0.571,0.966,0.68,0.834,rt,
rimba,2026-09-25,0.747,0.564,0.969,0.672,0.837,rt,
rimba,2026-09-26,0.747,0.548,0.979,0.664,0.84,rt,
rimba,2026-09-27,0.742,0.53,0.989,0.653,0.841,rt,
rimba,2026-09-28,0.734,0.514,0.994,0.641,0.837,rt,
rimba,2026-09-29,0.736,0.511,1.001,0.639,0.841,rt,
rimba,2026-09-30,0.739,0.507,1.007,0.637,0.843,rt,
rimba,2026-10-01,0.739,0.504,0.986,0.635,0.834,rt,
rimba,2026-10-02,0.732,0.494,0.977,0.634,0.828,rt,
rwampara,2026-04-20,2.542,1.675,5.152,2.064,3.314,rt,
rwampara,2026-04-21,2.531,1.711,4.877,2.091,3.234,rt,
rwampara,2026-04-22,2.521,1.734,4.64,2.101,3.181,rt,
rwampara,2026-04-23,2.495,1.743,4.518,2.097,3.147,rt,
rwampara,2026-04-24,2.48,1.744,4.361,2.105,3.094,rt,
rwampara,2026-04-25,2.481,1.737,4.262,2.102,3.045,rt,
rwampara,2026-04-26,2.461,1.717,4.097,2.098,3.022,rt,
rwampara,2026-04-27,2.434,1.679,4.045,2.067,2.98,rt,
rwampara,2026-04-28,2.407,1.696,3.876,2.064,2.9,rt,
rwampara,2026-04-29,2.382,1.701,3.747,2.055,2.833,rt,
rwampara,2026-04-30,2.358,1.703,3.643,2.039,2.786,rt,
rwampara,2026-05-01,2.372,1.717,3.646,2.054,2.783,rt,
rwampara,2026-05-02,2.36,1.718,3.622,2.058,2.796,rt,
rwampara,2026-05-03,2.354,1.69,3.615,2.051,2.788,rt,
rwampara,2026-05-04,2.346,1.666,3.643,2.041,2.78,rt,
rwampara,2026-05-05,2.353,1.693,3.544,2.049,2.765,rt,
rwampara,2026-05-06,2.351,1.708,3.484,2.055,2.743,rt,
rwampara,2026-05-07,2.338,1.724,3.45,2.054,2.733,rt,
rwampara,2026-05-08,2.327,1.724,3.395,2.047,2.696,rt,
rwampara,2026-05-09,2.321,1.706,3.326,2.034,2.664,rt,
rwampara,2026-05-10,2.306,1.695,3.28,2.022,2.655,rt,
rwampara,2026-05-11,2.206,1.594,3.139,1.921,2.551,rt,
rwampara,2026-05-12,2.118,1.549,2.968,1.856,2.428,rt,
rwampara,2026-05-13,2.039,1.522,2.816,1.802,2.317,rt,
rwampara,2026-05-14,1.966,1.478,2.676,1.746,2.212,rt,
rwampara,2026-05-15,1.883,1.444,2.52,1.684,2.12,rt,
rwampara,2026-05-16,1.806,1.4,2.393,1.625,2.039,rt,
rwampara,2026-05-17,1.743,1.323,2.334,1.555,1.965,rt,
rwampara,2026-05-18,1.682,1.254,2.273,1.483,1.899,rt,
rwampara,2026-05-19,1.63,1.242,2.156,1.448,1.826,rt,
rwampara,2026-05-20,1.571,1.213,2.064,1.408,1.755,rt,
rwampara,2026-05-21,1.515,1.178,1.966,1.369,1.677,rt,
rwampara,2026-05-22,1.446,1.131,1.878,1.312,1.601,rt,
rwampara,2026-05-23,1.376,1.079,1.81,1.248,1.538,rt,
rwampara,2026-05-24,1.317,1.008,1.736,1.176,1.476,rt,
rwampara,2026-05-25,1.255,0.921,1.686,1.1,1.424,rt,
rwampara,2026-05-26,1.238,0.924,1.614,1.103,1.389,rt,
rwampara,2026-05-27,1.227,0.941,1.572,1.103,1.366,rt,
rwampara,2026-05-28,1.219,0.957,1.545,1.103,1.342,rt,
rwampara,2026-05-29,1.215,0.952,1.52,1.099,1.328,rt,
rwampara,2026-05-30,1.213,0.946,1.518,1.09,1.324,rt,
rwampara,2026-05-31,1.209,0.924,1.52,1.084,1.324,rt,
rwampara,2026-06-01,1.215,0.891,1.538,1.075,1.341,rt,
rwampara,2026-06-02,1.253,0.967,1.533,1.127,1.366,rt,
rwampara,2026-06-03,1.285,1.029,1.542,1.184,1.395,rt,
rwampara,2026-06-04,1.32,1.087,1.574,1.227,1.425,rt,
rwampara,2026-06-05,1.352,1.135,1.603,1.263,1.453,rt,
rwampara,2026-06-06,1.378,1.156,1.655,1.286,1.491,rt,
rwampara,2026-06-07,1.404,1.157,1.703,1.297,1.52,rt,
rwampara,2026-06-08,1.421,1.152,1.761,1.304,1.55,rt,
rwampara,2026-06-09,1.405,1.176,1.694,1.304,1.517,rt,
rwampara,2026-06-10,1.388,1.187,1.641,1.298,1.489,rt,
rwampara,2026-06-11,1.368,1.176,1.612,1.285,1.465,rt,
rwampara,2026-06-12,1.353,1.159,1.61,1.265,1.444,rt,
rwampara,2026-06-13,1.335,1.127,1.593,1.242,1.428,rt,
rwampara,2026-06-14,1.312,1.088,1.594,1.213,1.415,rt,
rwampara,2026-06-15,1.295,1.042,1.61,1.184,1.41,rt,
rwampara,2026-06-16,1.258,1.031,1.532,1.164,1.355,rt,
rwampara,2026-06-17,1.227,1.021,1.466,1.14,1.311,rt,
rwampara,2026-06-18,1.196,1.001,1.41,1.112,1.273,rt,
rwampara,2026-06-19,1.162,0.975,1.363,1.085,1.233,rt,
rwampara,2026-06-20,1.129,0.94,1.328,1.051,1.198,rt,
rwampara,2026-06-21,1.094,0.892,1.307,1.013,1.174,rt,
rwampara,2026-06-22,1.067,0.85,1.307,0.984,1.16,rt,
rwampara,2026-06-23,1.072,0.877,1.285,0.999,1.157,rt,
rwampara,2026-06-24,1.078,0.898,1.27,1.009,1.159,rt,
rwampara,2026-06-25,1.085,0.922,1.27,1.016,1.158,rt,
rwampara,2026-06-26,1.09,0.932,1.274,1.024,1.161,rt,
rwampara,2026-06-27,1.093,0.93,1.284,1.027,1.171,rt,
rwampara,2026-06-28,1.1,0.919,1.311,1.023,1.185,rt,
rwampara,2026-06-29,1.086,0.885,1.322,1.002,1.179,rt,
rwampara,2026-06-30,1.091,0.909,1.296,1.014,1.169,rt,
rwampara,2026-07-01,1.095,0.93,1.28,1.029,1.167,rt,
rwampara,2026-07-02,1.101,0.944,1.277,1.039,1.167,rt,
rwampara,2026-07-03,1.11,0.955,1.29,1.041,1.177,rt,
rwampara,2026-07-04,1.117,0.954,1.317,1.045,1.19,rt,
rwampara,2026-07-05,1.126,0.947,1.349,1.045,1.21,rt,
rwampara,2026-07-06,1.142,0.932,1.393,1.051,1.243,rt,
rwampara,2026-07-07,1.147,0.956,1.366,1.067,1.234,rt,
rwampara,2026-07-08,1.151,0.979,1.348,1.081,1.233,rt,
rwampara,2026-07-09,1.157,0.991,1.352,1.091,1.233,rt,
rwampara,2026-07-10,1.162,1.009,1.35,1.093,1.233,rt,
rwampara,2026-07-11,1.166,0.998,1.368,1.093,1.239,rt,
rwampara,2026-07-12,1.166,0.978,1.387,1.092,1.25,rt,
rwampara,2026-07-13,1.151,0.942,1.4,1.068,1.248,rt,
rwampara,2026-07-14,1.126,0.941,1.334,1.051,1.207,rt,
rwampara,2026-07-15,1.097,0.926,1.285,1.032,1.176,rt,
rwampara,2026-07-16,1.072,0.911,1.254,1.007,1.147,rt,
rwampara,2026-07-17,1.048,0.893,1.235,0.98,1.123,rt,
rwampara,2026-07-18,1.023,0.86,1.222,0.951,1.104,rt,
rwampara,2026-07-19,0.997,0.822,1.218,0.918,1.087,rt,
rwampara,2026-07-20,0.978,0.782,1.23,0.89,1.078,rt,
rwampara,2026-07-21,0.962,0.78,1.185,0.883,1.045,rt,
rwampara,2026-07-22,0.943,0.778,1.134,0.873,1.017,rt,
rwampara,2026-07-23,0.921,0.769,1.094,0.859,0.992,rt,
rwampara,2026-07-24,0.9,0.755,1.063,0.841,0.967,rt,
rwampara,2026-07-25,0.878,0.732,1.046,0.82,0.95,rt,
rwampara,2026-07-26,0.858,0.702,1.028,0.792,0.931,rt,
rwampara,2026-07-27,0.84,0.665,1.025,0.767,0.917,rt,
rwampara,2026-07-28,0.828,0.67,0.997,0.765,0.898,rt,
rwampara,2026-07-29,0.818,0.672,0.976,0.758,0.879,rt,
rwampara,2026-07-30,0.806,0.672,0.957,0.749,0.864,rt,
rwampara,2026-07-31,0.79,0.654,0.94,0.734,0.847,rt,
rwampara,2026-08-01,0.775,0.632,0.931,0.714,0.836,rt,
rwampara,2026-08-02,0.758,0.6,0.932,0.691,0.825,rt,
rwampara,2026-08-03,0.737,0.567,0.932,0.664,0.813,rt,
rwampara,2026-08-04,0.731,0.576,0.903,0.664,0.798,rt,
rwampara,2026-08-05,0.726,0.578,0.885,0.665,0.786,rt,
rwampara,2026-08-06,0.721,0.577,0.869,0.663,0.777,rt,
rwampara,2026-08-07,0.711,0.567,0.855,0.656,0.766,rt,
rwampara,2026-08-08,0.698,0.554,0.843,0.645,0.756,rt,
rwampara,2026-08-09,0.687,0.539,0.845,0.631,0.748,rt,
rwampara,2026-08-10,0.673,0.512,0.845,0.605,0.739,rt,
rwampara,2026-08-11,0.67,0.523,0.827,0.612,0.732,rt,
rwampara,2026-08-12,0.667,0.529,0.814,0.615,0.728,rt,
rwampara,2026-08-13,0.667,0.534,0.808,0.616,0.723,rt,
rwampara,2026-08-14,0.666,0.539,0.8,0.613,0.721,rt,
rwampara,2026-08-15,0.666,0.533,0.805,0.61,0.718,rt,
rwampara,2026-08-16,0.664,0.521,0.815,0.603,0.72,rt,
rwampara,2026-08-17,0.666,0.511,0.836,0.597,0.73,rt,
rwampara,2026-08-18,0.675,0.533,0.83,0.611,0.736,rt,
rwampara,2026-08-19,0.685,0.55,0.835,0.626,0.741,rt,
rwampara,2026-08-20,0.693,0.559,0.843,0.635,0.749,rt,
rwampara,2026-08-21,0.707,0.569,0.859,0.646,0.761,rt,
rwampara,2026-08-22,0.717,0.571,0.884,0.654,0.779,rt,
rwampara,2026-08-23,0.725,0.568,0.908,0.657,0.795,rt,
rwampara,2026-08-24,0.742,0.562,0.957,0.666,0.821,rt,
rwampara,2026-08-25,0.769,0.598,0.968,0.697,0.838,rt,
rwampara,2026-08-26,0.794,0.628,0.976,0.725,0.859,rt,
rwampara,2026-08-27,0.817,0.658,0.997,0.749,0.881,rt,
rwampara,2026-08-28,0.836,0.685,1.023,0.772,0.905,rt,
rwampara,2026-08-29,0.859,0.699,1.051,0.788,0.931,rt,
rwampara,2026-08-30,0.878,0.696,1.088,0.796,0.955,rt,
rwampara,2026-08-31,0.886,0.682,1.128,0.794,0.971,rt,
rwampara,2026-09-01,0.907,0.719,1.123,0.824,0.992,rt,
rwampara,2026-09-02,0.929,0.749,1.127,0.852,1.01,rt,
rwampara,2026-09-03,0.948,0.773,1.145,0.873,1.028,rt,
rwampara,2026-09-04,0.969,0.797,1.168,0.895,1.052,rt,
rwampara,2026-09-05,0.988,0.805,1.204,0.908,1.077,rt,
rwampara,2026-09-06,1.0,0.798,1.258,0.916,1.104,rt,
rwampara,2026-09-07,0.996,0.77,1.302,0.904,1.118,rt,
rwampara,2026-09-08,0.998,0.787,1.272,0.905,1.106,rt,
rwampara,2026-09-09,0.999,0.795,1.25,0.904,1.099,rt,
rwampara,2026-09-10,0.997,0.792,1.239,0.9,1.095,rt,
rwampara,2026-09-11,0.985,0.775,1.236,0.889,1.088,rt,
rwampara,2026-09-12,0.972,0.748,1.243,0.872,1.086,rt,
rwampara,2026-09-13,0.954,0.716,1.265,0.848,1.086,rt,
rwampara,2026-09-14,0.933,0.673,1.296,0.821,1.078,rt,
rwampara,2026-09-15,0.937,0.68,1.29,0.829,1.073,rt,
rwampara,2026-09-16,0.938,0.679,1.298,0.83,1.074,rt,
rwampara,2026-09-17,0.94,0.676,1.32,0.828,1.081,rt,
rwampara,2026-09-18,0.949,0.669,1.355,0.826,1.096,rt,
rwampara,2026-09-19,0.956,0.658,1.398,0.821,1.114,rt,
rwampara,2026-09-20,0.956,0.63,1.434,0.812,1.135,rt,
rwampara,2026-09-21,0.969,0.611,1.52,0.81,1.166,rt,
rwampara,2026-09-22,0.963,0.604,1.491,0.804,1.161,rt,
rwampara,2026-09-23,0.956,0.593,1.493,0.791,1.152,rt,
rwampara,2026-09-24,0.954,0.572,1.491,0.778,1.151,rt,
rwampara,2026-09-25,0.947,0.549,1.499,0.755,1.147,rt,
rwampara,2026-09-26,0.94,0.514,1.512,0.732,1.154,rt,
rwampara,2026-09-27,0.93,0.482,1.544,0.706,1.157,rt,
rwampara,2026-09-28,0.906,0.449,1.552,0.68,1.153,rt,
rwampara,2026-09-29,0.896,0.446,1.536,0.67,1.134,rt,
rwampara,2026-09-30,0.887,0.424,1.54,0.652,1.12,rt,
rwampara,2026-10-01,0.868,0.388,1.535,0.636,1.103,rt,
rwampara,2026-10-02,0.84,0.351,1.517,0.613,1.095,rt,
tchomia,2026-06-10,2.073,1.465,3.015,1.791,2.393,rt,
tchomia,2026-06-11,2.03,1.442,2.891,1.765,2.321,rt,
tchomia,2026-06-12,1.973,1.419,2.808,1.721,2.261,rt,
tchomia,2026-06-13,1.913,1.374,2.753,1.668,2.195,rt,
tchomia,2026-06-14,1.85,1.294,2.718,1.602,2.151,rt,
tchomia,2026-06-15,1.799,1.224,2.737,1.545,2.117,rt,
tchomia,2026-06-16,1.738,1.218,2.527,1.498,2.006,rt,
tchomia,2026-06-17,1.674,1.197,2.371,1.452,1.904,rt,
tchomia,2026-06-18,1.617,1.166,2.228,1.41,1.826,rt,
tchomia,2026-06-19,1.55,1.12,2.105,1.359,1.746,rt,
tchomia,2026-06-20,1.483,1.063,2.056,1.3,1.684,rt,
tchomia,2026-06-21,1.424,0.989,1.978,1.238,1.622,rt,
tchomia,2026-06-22,1.372,0.913,1.946,1.187,1.577,rt,
tchomia,2026-06-23,1.354,0.939,1.868,1.188,1.537,rt,
tchomia,2026-06-24,1.335,0.954,1.805,1.175,1.508,rt,
tchomia,2026-06-25,1.309,0.952,1.764,1.16,1.483,rt,
tchomia,2026-06-26,1.287,0.955,1.735,1.146,1.451,rt,
tchomia,2026-06-27,1.264,0.93,1.718,1.124,1.431,rt,
tchomia,2026-06-28,1.242,0.897,1.719,1.094,1.42,rt,
tchomia,2026-06-29,1.203,0.841,1.715,1.045,1.387,rt,
tchomia,2026-06-30,1.179,0.843,1.614,1.035,1.337,rt,
tchomia,2026-07-01,1.152,0.839,1.548,1.018,1.295,rt,
tchomia,2026-07-02,1.124,0.826,1.486,1.001,1.263,rt,
tchomia,2026-07-03,1.103,0.815,1.448,0.977,1.238,rt,
tchomia,2026-07-04,1.083,0.783,1.448,0.953,1.22,rt,
tchomia,2026-07-05,1.059,0.754,1.465,0.921,1.204,rt,
tchomia,2026-07-06,1.043,0.718,1.49,0.895,1.202,rt,
tchomia,2026-07-07,1.035,0.739,1.428,0.903,1.18,rt,
tchomia,2026-07-08,1.03,0.749,1.39,0.908,1.162,rt,
tchomia,2026-07-09,1.021,0.752,1.358,0.905,1.15,rt,
tchomia,2026-07-10,1.016,0.749,1.345,0.897,1.141,rt,
tchomia,2026-07-11,1.009,0.735,1.35,0.889,1.135,rt,
tchomia,2026-07-12,0.997,0.715,1.366,0.874,1.132,rt,
tchomia,2026-07-13,0.974,0.68,1.371,0.849,1.118,rt,
tchomia,2026-07-14,0.968,0.688,1.327,0.85,1.098,rt,
tchomia,2026-07-15,0.959,0.698,1.299,0.847,1.081,rt,
tchomia,2026-07-16,0.952,0.698,1.27,0.841,1.067,rt,
tchomia,2026-07-17,0.944,0.689,1.266,0.836,1.058,rt,
tchomia,2026-07-18,0.937,0.675,1.284,0.831,1.059,rt,
tchomia,2026-07-19,0.926,0.652,1.291,0.818,1.051,rt,
tchomia,2026-07-20,0.924,0.641,1.32,0.807,1.065,rt,
tchomia,2026-07-21,0.929,0.658,1.29,0.817,1.056,rt,
tchomia,2026-07-22,0.931,0.674,1.25,0.821,1.051,rt,
tchomia,2026-07-23,0.931,0.682,1.229,0.823,1.051,rt,
tchomia,2026-07-24,0.931,0.683,1.217,0.826,1.045,rt,
tchomia,2026-07-25,0.929,0.678,1.236,0.822,1.045,rt,
tchomia,2026-07-26,0.927,0.666,1.255,0.815,1.053,rt,
tchomia,2026-07-27,0.925,0.643,1.294,0.804,1.064,rt,
tchomia,2026-07-28,0.935,0.667,1.27,0.823,1.059,rt,
tchomia,2026-07-29,0.943,0.686,1.246,0.839,1.053,rt,
tchomia,2026-07-30,0.946,0.697,1.237,0.841,1.056,rt,
tchomia,2026-07-31,0.95,0.697,1.244,0.842,1.063,rt,
tchomia,2026-08-01,0.95,0.686,1.264,0.839,1.066,rt,
tchomia,2026-08-02,0.949,0.669,1.287,0.829,1.07,rt,
tchomia,2026-08-03,0.941,0.643,1.327,0.811,1.068,rt,
tchomia,2026-08-04,0.941,0.66,1.295,0.819,1.066,rt,
tchomia,2026-08-05,0.938,0.672,1.261,0.826,1.059,rt,
tchomia,2026-08-06,0.936,0.686,1.25,0.829,1.054,rt,
tchomia,2026-08-07,0.928,0.683,1.245,0.821,1.052,rt,
tchomia,2026-08-08,0.924,0.67,1.252,0.811,1.05,rt,
tchomia,2026-08-09,0.915,0.652,1.26,0.797,1.049,rt,
tchomia,2026-08-10,0.904,0.625,1.27,0.774,1.04,rt,
tchomia,2026-08-11,0.893,0.633,1.226,0.772,1.023,rt,
tchomia,2026-08-12,0.884,0.632,1.196,0.771,1.003,rt,
tchomia,2026-08-13,0.874,0.624,1.182,0.762,0.993,rt,
tchomia,2026-08-14,0.863,0.616,1.177,0.756,0.985,rt,
tchomia,2026-08-15,0.852,0.602,1.18,0.743,0.974,rt,
tchomia,2026-08-16,0.836,0.587,1.191,0.727,0.96,rt,
tchomia,2026-08-17,0.833,0.566,1.209,0.716,0.965,rt,
tchomia,2026-08-18,0.834,0.585,1.184,0.724,0.957,rt,
tchomia,2026-08-19,0.835,0.595,1.152,0.729,0.954,rt,
tchomia,2026-08-20,0.836,0.592,1.142,0.732,0.953,rt,
tchomia,2026-08-21,0.84,0.596,1.156,0.731,0.956,rt,
tchomia,2026-08-22,0.84,0.583,1.165,0.729,0.96,rt,
tchomia,2026-08-23,0.843,0.573,1.194,0.722,0.974,rt,
tchomia,2026-08-24,0.843,0.555,1.242,0.716,0.994,rt,
tchomia,2026-08-25,0.84,0.575,1.202,0.721,0.984,rt,
tchomia,2026-08-26,0.837,0.586,1.164,0.72,0.969,rt,
tchomia,2026-08-27,0.828,0.575,1.148,0.72,0.96,rt,
tchomia,2026-08-28,0.818,0.566,1.135,0.716,0.949,rt,
tchomia,2026-08-29,0.808,0.556,1.134,0.701,0.941,rt,
tchomia,2026-08-30,0.798,0.535,1.145,0.68,0.935,rt,
tchomia,2026-08-31,0.771,0.502,1.15,0.646,0.919,rt,
tchomia,2026-09-01,0.76,0.505,1.104,0.64,0.89,rt,
tchomia,2026-09-02,0.742,0.498,1.065,0.629,0.864,rt,
tchomia,2026-09-03,0.721,0.479,1.042,0.615,0.842,rt,
tchomia,2026-09-04,0.707,0.467,1.024,0.599,0.822,rt,
tchomia,2026-09-05,0.69,0.448,1.02,0.579,0.806,rt,
tchomia,2026-09-06,0.672,0.422,1.014,0.555,0.792,rt,
tchomia,2026-09-07,0.643,0.394,0.985,0.523,0.763,rt,
tchomia,2026-09-08,0.627,0.393,0.941,0.515,0.742,rt,
tchomia,2026-09-09,0.608,0.389,0.908,0.503,0.72,rt,
tchomia,2026-09-10,0.593,0.38,0.879,0.489,0.7,rt,
tchomia,2026-09-11,0.574,0.364,0.858,0.474,0.685,rt,
tchomia,2026-09-12,0.555,0.346,0.844,0.455,0.673,rt,
tchomia,2026-09-13,0.537,0.327,0.845,0.431,0.651,rt,
tchomia,2026-09-14,0.515,0.303,0.85,0.411,0.637,rt,
tchomia,2026-09-15,0.515,0.305,0.838,0.416,0.634,rt,
tchomia,2026-09-16,0.516,0.303,0.837,0.42,0.633,rt,
tchomia,2026-09-17,0.52,0.299,0.845,0.423,0.633,rt,
tchomia,2026-09-18,0.522,0.293,0.865,0.423,0.64,rt,
tchomia,2026-09-19,0.522,0.285,0.881,0.423,0.65,rt,
tchomia,2026-09-20,0.523,0.277,0.914,0.418,0.663,rt,
tchomia,2026-09-21,0.523,0.272,0.951,0.414,0.678,rt,
tchomia,2026-09-22,0.53,0.277,0.954,0.418,0.676,rt,
tchomia,2026-09-23,0.528,0.28,0.962,0.419,0.678,rt,
tchomia,2026-09-24,0.53,0.278,0.965,0.417,0.684,rt,
tchomia,2026-09-25,0.537,0.271,0.972,0.413,0.689,rt,
tchomia,2026-09-26,0.535,0.263,1.013,0.406,0.702,rt,
tchomia,2026-09-27,0.535,0.258,1.041,0.401,0.706,rt,
tchomia,2026-09-28,0.528,0.251,1.063,0.391,0.715,rt,
tchomia,2026-09-29,0.536,0.255,1.048,0.396,0.718,rt,
tchomia,2026-09-30,0.543,0.255,1.066,0.4,0.728,rt,
tchomia,2026-10-01,0.541,0.256,1.083,0.396,0.732,rt,
tchomia,2026-10-02,0.537,0.245,1.104,0.39,0.732,rt,
beni,2026-05-27,2.184,1.588,3.092,1.903,2.522,rt,
beni,2026-05-28,2.111,1.532,2.97,1.844,2.437,rt,
beni,2026-05-29,2.011,1.48,2.817,1.777,2.321,rt,
beni,2026-05-30,1.927,1.43,2.671,1.705,2.209,rt,
beni,2026-05-31,1.845,1.348,2.556,1.625,2.126,rt,
beni,2026-06-01,1.783,1.28,2.508,1.557,2.05,rt,
beni,2026-06-02,1.729,1.261,2.388,1.515,1.969,rt,
beni,2026-06-03,1.675,1.226,2.285,1.478,1.887,rt,
beni,2026-06-04,1.618,1.194,2.191,1.436,1.825,rt,
beni,2026-06-05,1.567,1.171,2.09,1.398,1.765,rt,
beni,2026-06-06,1.532,1.141,2.03,1.364,1.713,rt,
beni,2026-06-07,1.488,1.103,1.998,1.328,1.674,rt,
beni,2026-06-08,1.442,1.063,1.97,1.287,1.645,rt,
beni,2026-06-09,1.408,1.056,1.884,1.266,1.594,rt,
beni,2026-06-10,1.38,1.035,1.818,1.239,1.547,rt,
beni,2026-06-11,1.351,1.017,1.756,1.205,1.505,rt,
beni,2026-06-12,1.316,1.001,1.703,1.175,1.459,rt,
beni,2026-06-13,1.281,0.973,1.666,1.142,1.421,rt,
beni,2026-06-14,1.242,0.935,1.642,1.109,1.388,rt,
beni,2026-06-15,1.228,0.897,1.647,1.086,1.376,rt,
beni,2026-06-16,1.211,0.899,1.599,1.076,1.35,rt,
beni,2026-06-17,1.195,0.899,1.567,1.067,1.328,rt,
beni,2026-06-18,1.175,0.894,1.541,1.053,1.308,rt,
beni,2026-06-19,1.165,0.903,1.515,1.044,1.291,rt,
beni,2026-06-20,1.156,0.891,1.488,1.033,1.278,rt,
beni,2026-06-21,1.142,0.877,1.469,1.02,1.268,rt,
beni,2026-06-22,1.143,0.859,1.504,1.013,1.279,rt,
beni,2026-06-23,1.148,0.874,1.48,1.029,1.279,rt,
beni,2026-06-24,1.155,0.891,1.477,1.039,1.277,rt,
beni,2026-06-25,1.164,0.903,1.477,1.051,1.281,rt,
beni,2026-06-26,1.171,0.909,1.476,1.065,1.287,rt,
beni,2026-06-27,1.184,0.921,1.495,1.073,1.3,rt,
beni,2026-06-28,1.194,0.918,1.521,1.075,1.319,rt,
beni,2026-06-29,1.192,0.907,1.561,1.069,1.329,rt,
beni,2026-06-30,1.205,0.938,1.546,1.09,1.334,rt,
beni,2026-07-01,1.221,0.964,1.549,1.111,1.342,rt,
beni,2026-07-02,1.236,0.984,1.547,1.127,1.354,rt,
beni,2026-07-03,1.246,1.001,1.545,1.139,1.361,rt,
beni,2026-07-04,1.255,1.002,1.561,1.147,1.376,rt,
beni,2026-07-05,1.269,0.99,1.606,1.152,1.394,rt,
beni,2026-07-06,1.285,0.988,1.662,1.153,1.417,rt,
beni,2026-07-07,1.297,1.023,1.651,1.179,1.43,rt,
beni,2026-07-08,1.313,1.053,1.659,1.201,1.438,rt,
beni,2026-07-09,1.333,1.077,1.674,1.217,1.454,rt,
beni,2026-07-10,1.352,1.095,1.677,1.237,1.471,rt,
beni,2026-07-11,1.368,1.099,1.698,1.252,1.492,rt,
beni,2026-07-12,1.382,1.093,1.735,1.259,1.522,rt,
beni,2026-07-13,1.396,1.091,1.788,1.26,1.547,rt,
beni,2026-07-14,1.394,1.108,1.752,1.266,1.529,rt,
beni,2026-07-15,1.392,1.119,1.717,1.271,1.514,rt,
beni,2026-07-16,1.387,1.119,1.703,1.268,1.51,rt,
beni,2026-07-17,1.382,1.126,1.703,1.267,1.506,rt,
beni,2026-07-18,1.37,1.121,1.714,1.264,1.499,rt,
beni,2026-07-19,1.365,1.105,1.739,1.253,1.502,rt,
beni,2026-07-20,1.365,1.08,1.772,1.244,1.512,rt,
beni,2026-07-21,1.364,1.105,1.721,1.252,1.496,rt,
beni,2026-07-22,1.36,1.12,1.694,1.259,1.479,rt,
beni,2026-07-23,1.354,1.125,1.677,1.261,1.472,rt,
beni,2026-07-24,1.356,1.125,1.66,1.258,1.461,rt,
beni,2026-07-25,1.354,1.117,1.657,1.252,1.463,rt,
beni,2026-07-26,1.347,1.09,1.668,1.242,1.47,rt,
beni,2026-07-27,1.351,1.069,1.708,1.234,1.485,rt,
beni,2026-07-28,1.36,1.101,1.682,1.249,1.476,rt,
beni,2026-07-29,1.364,1.112,1.659,1.257,1.474,rt,
beni,2026-07-30,1.372,1.127,1.66,1.267,1.474,rt,
beni,2026-07-31,1.369,1.126,1.648,1.269,1.469,rt,
beni,2026-08-01,1.367,1.116,1.653,1.267,1.474,rt,
beni,2026-08-02,1.364,1.1,1.677,1.259,1.485,rt,
beni,2026-08-03,1.363,1.08,1.708,1.249,1.487,rt,
beni,2026-08-04,1.365,1.099,1.682,1.257,1.485,rt,
beni,2026-08-05,1.371,1.117,1.662,1.266,1.485,rt,
beni,2026-08-06,1.375,1.125,1.654,1.274,1.489,rt,
beni,2026-08-07,1.385,1.138,1.65,1.29,1.498,rt,
beni,2026-08-08,1.397,1.143,1.668,1.293,1.511,rt,
beni,2026-08-09,1.408,1.146,1.706,1.297,1.533,rt,
beni,2026-08-10,1.419,1.133,1.747,1.298,1.556,rt,
beni,2026-08-11,1.437,1.176,1.731,1.325,1.561,rt,
beni,2026-08-12,1.459,1.204,1.73,1.348,1.57,rt,
beni,2026-08-13,1.475,1.234,1.736,1.367,1.582,rt,
beni,2026-08-14,1.487,1.24,1.74,1.383,1.59,rt,
beni,2026-08-15,1.497,1.253,1.762,1.397,1.602,rt,
beni,2026-08-16,1.507,1.252,1.792,1.403,1.622,rt,
beni,2026-08-17,1.516,1.235,1.846,1.402,1.649,rt,
beni,2026-08-18,1.549,1.281,1.85,1.437,1.66,rt,
beni,2026-08-19,1.575,1.325,1.865,1.467,1.678,rt,
beni,2026-08-20,1.599,1.359,1.891,1.498,1.703,rt,
beni,2026-08-21,1.616,1.384,1.902,1.516,1.723,rt,
beni,2026-08-22,1.629,1.392,1.94,1.536,1.738,rt,
beni,2026-08-23,1.648,1.397,1.972,1.542,1.755,rt,
beni,2026-08-24,1.652,1.389,2.005,1.535,1.773,rt,
beni,2026-08-25,1.663,1.416,1.98,1.555,1.78,rt,
beni,2026-08-26,1.67,1.435,1.969,1.568,1.788,rt,
beni,2026-08-27,1.684,1.441,1.973,1.578,1.801,rt,
beni,2026-08-28,1.679,1.445,1.963,1.579,1.791,rt,
beni,2026-08-29,1.67,1.436,1.964,1.571,1.787,rt,
beni,2026-08-30,1.663,1.417,1.97,1.561,1.783,rt,
beni,2026-08-31,1.624,1.372,1.95,1.515,1.748,rt,
beni,2026-09-01,1.565,1.338,1.849,1.469,1.675,rt,
beni,2026-09-02,1.508,1.297,1.766,1.421,1.607,rt,
beni,2026-09-03,1.456,1.257,1.701,1.372,1.551,rt,
beni,2026-09-04,1.408,1.221,1.624,1.328,1.49,rt,
beni,2026-09-05,1.363,1.182,1.571,1.282,1.437,rt,
beni,2026-09-06,1.316,1.137,1.53,1.236,1.39,rt,
beni,2026-09-07,1.282,1.095,1.504,1.202,1.361,rt,
beni,2026-09-08,1.232,1.06,1.439,1.16,1.308,rt,
beni,2026-09-09,1.187,1.028,1.392,1.118,1.265,rt,
beni,2026-09-10,1.145,0.986,1.344,1.075,1.218,rt,
beni,2026-09-11,1.109,0.955,1.294,1.042,1.179,rt,
beni,2026-09-12,1.074,0.917,1.256,1.01,1.146,rt,
beni,2026-09-13,1.04,0.879,1.221,0.972,1.118,rt,
beni,2026-09-14,1.022,0.847,1.216,0.951,1.103,rt,
beni,2026-09-15,1.008,0.829,1.2,0.937,1.087,rt,
beni,2026-09-16,0.991,0.81,1.189,0.918,1.07,rt,
beni,2026-09-17,0.977,0.787,1.183,0.901,1.056,rt,
beni,2026-09-18,0.963,0.768,1.179,0.884,1.044,rt,
beni,2026-09-19,0.949,0.745,1.187,0.865,1.035,rt,
beni,2026-09-20,0.934,0.719,1.188,0.847,1.028,rt,
beni,2026-09-21,0.929,0.701,1.201,0.832,1.031,rt,
beni,2026-09-22,0.928,0.693,1.209,0.833,1.034,rt,
beni,2026-09-23,0.929,0.684,1.22,0.831,1.04,rt,
beni,2026-09-24,0.93,0.68,1.235,0.829,1.041,rt,
beni,2026-09-25,0.932,0.672,1.25,0.823,1.046,rt,
beni,2026-09-26,0.928,0.664,1.253,0.819,1.053,rt,
beni,2026-09-27,0.923,0.654,1.274,0.813,1.055,rt,
beni,2026-09-28,0.916,0.635,1.284,0.797,1.056,rt,
beni,2026-09-29,0.906,0.623,1.292,0.788,1.051,rt,
beni,2026-09-30,0.902,0.604,1.292,0.782,1.051,rt,
beni,2026-10-01,0.898,0.603,1.267,0.781,1.044,rt,
beni,2026-10-02,0.896,0.594,1.249,0.776,1.034,rt,
biena,2026-08-21,1.544,1.367,1.753,1.467,1.618,rt,
biena,2026-08-22,1.536,1.367,1.741,1.466,1.613,rt,
biena,2026-08-23,1.528,1.36,1.736,1.458,1.606,rt,
biena,2026-08-24,1.508,1.341,1.726,1.437,1.59,rt,
biena,2026-08-25,1.484,1.313,1.702,1.41,1.568,rt,
biena,2026-08-26,1.458,1.287,1.672,1.385,1.544,rt,
biena,2026-08-27,1.433,1.261,1.647,1.358,1.518,rt,
biena,2026-08-28,1.398,1.232,1.592,1.325,1.473,rt,
biena,2026-08-29,1.362,1.199,1.546,1.291,1.435,rt,
biena,2026-08-30,1.327,1.162,1.505,1.257,1.397,rt,
biena,2026-08-31,1.266,1.097,1.444,1.196,1.335,rt,
biena,2026-09-01,1.215,1.05,1.386,1.148,1.279,rt,
biena,2026-09-02,1.168,1.014,1.33,1.102,1.23,rt,
biena,2026-09-03,1.123,0.971,1.285,1.058,1.184,rt,
biena,2026-09-04,1.08,0.938,1.224,1.024,1.134,rt,
biena,2026-09-05,1.038,0.906,1.168,0.986,1.089,rt,
biena,2026-09-06,0.999,0.873,1.124,0.948,1.048,rt,
biena,2026-09-07,0.972,0.845,1.099,0.918,1.02,rt,
biena,2026-09-08,0.954,0.833,1.083,0.903,1.001,rt,
biena,2026-09-09,0.935,0.815,1.066,0.885,0.987,rt,
biena,2026-09-10,0.918,0.797,1.055,0.868,0.974,rt,
biena,2026-09-11,0.907,0.789,1.033,0.857,0.962,rt,
biena,2026-09-12,0.897,0.778,1.027,0.845,0.951,rt,
biena,2026-09-13,0.886,0.762,1.024,0.834,0.942,rt,
biena,2026-09-14,0.888,0.756,1.038,0.831,0.946,rt,
biena,2026-09-15,0.886,0.752,1.048,0.828,0.947,rt,
biena,2026-09-16,0.883,0.747,1.056,0.825,0.951,rt,
biena,2026-09-17,0.882,0.735,1.071,0.82,0.957,rt,
biena,2026-09-18,0.884,0.729,1.082,0.818,0.96,rt,
biena,2026-09-19,0.886,0.716,1.097,0.818,0.967,rt,
biena,2026-09-20,0.886,0.7,1.112,0.814,0.972,rt,
biena,2026-09-21,0.893,0.691,1.14,0.815,0.987,rt,
biena,2026-09-22,0.898,0.687,1.155,0.815,0.997,rt,
biena,2026-09-23,0.901,0.682,1.18,0.815,1.007,rt,
biena,2026-09-24,0.908,0.674,1.193,0.814,1.018,rt,
biena,2026-09-25,0.91,0.67,1.205,0.814,1.019,rt,
biena,2026-09-26,0.912,0.662,1.209,0.81,1.029,rt,
biena,2026-09-27,0.914,0.653,1.228,0.809,1.038,rt,
biena,2026-09-28,0.909,0.636,1.236,0.795,1.037,rt,
biena,2026-09-29,0.901,0.623,1.249,0.792,1.041,rt,
biena,2026-09-30,0.896,0.607,1.253,0.781,1.046,rt,
biena,2026-10-01,0.893,0.609,1.231,0.78,1.031,rt,
biena,2026-10-02,0.893,0.614,1.207,0.778,1.021,rt,
butembo,2026-05-28,2.51,1.91,3.438,2.235,2.857,rt,
butembo,2026-05-29,2.388,1.838,3.216,2.137,2.709,rt,
butembo,2026-05-30,2.28,1.768,3.043,2.056,2.594,rt,
butembo,2026-05-31,2.185,1.692,2.903,1.977,2.48,rt,
butembo,2026-06-01,2.098,1.619,2.792,1.902,2.373,rt,
butembo,2026-06-02,2.024,1.571,2.658,1.831,2.286,rt,
butembo,2026-06-03,1.951,1.519,2.556,1.763,2.195,rt,
butembo,2026-06-04,1.887,1.462,2.453,1.702,2.118,rt,
butembo,2026-06-05,1.829,1.443,2.341,1.661,2.039,rt,
butembo,2026-06-06,1.776,1.413,2.261,1.621,1.964,rt,
butembo,2026-06-07,1.722,1.378,2.182,1.576,1.9,rt,
butembo,2026-06-08,1.67,1.328,2.117,1.529,1.846,rt,
butembo,2026-06-09,1.625,1.302,2.047,1.497,1.792,rt,
butembo,2026-06-10,1.587,1.275,2.001,1.459,1.744,rt,
butembo,2026-06-11,1.549,1.246,1.95,1.421,1.693,rt,
butembo,2026-06-12,1.508,1.22,1.858,1.385,1.634,rt,
butembo,2026-06-13,1.464,1.195,1.788,1.344,1.58,rt,
butembo,2026-06-14,1.419,1.158,1.735,1.308,1.538,rt,
butembo,2026-06-15,1.392,1.13,1.711,1.281,1.518,rt,
butembo,2026-06-16,1.377,1.124,1.681,1.268,1.499,rt,
butembo,2026-06-17,1.357,1.107,1.647,1.248,1.474,rt,
butembo,2026-06-18,1.34,1.091,1.626,1.23,1.451,rt,
butembo,2026-06-19,1.328,1.095,1.606,1.227,1.431,rt,
butembo,2026-06-20,1.312,1.088,1.579,1.216,1.412,rt,
butembo,2026-06-21,1.299,1.071,1.559,1.206,1.4,rt,
butembo,2026-06-22,1.298,1.071,1.57,1.207,1.399,rt,
butembo,2026-06-23,1.302,1.078,1.568,1.21,1.399,rt,
butembo,2026-06-24,1.303,1.083,1.56,1.215,1.4,rt,
butembo,2026-06-25,1.306,1.085,1.559,1.217,1.402,rt,
butembo,2026-06-26,1.314,1.107,1.551,1.229,1.404,rt,
butembo,2026-06-27,1.321,1.12,1.545,1.237,1.407,rt,
butembo,2026-06-28,1.322,1.129,1.543,1.242,1.415,rt,
butembo,2026-06-29,1.318,1.123,1.543,1.236,1.414,rt,
butembo,2026-06-30,1.313,1.126,1.537,1.233,1.403,rt,
butembo,2026-07-01,1.31,1.133,1.525,1.227,1.397,rt,
butembo,2026-07-02,1.305,1.123,1.521,1.223,1.388,rt,
butembo,2026-07-03,1.296,1.126,1.494,1.218,1.367,rt,
butembo,2026-07-04,1.286,1.117,1.48,1.208,1.357,rt,
butembo,2026-07-05,1.272,1.102,1.467,1.201,1.347,rt,
butembo,2026-07-06,1.266,1.08,1.469,1.196,1.343,rt,
butembo,2026-07-07,1.26,1.077,1.453,1.193,1.336,rt,
butembo,2026-07-08,1.254,1.075,1.453,1.187,1.328,rt,
butembo,2026-07-09,1.246,1.069,1.446,1.177,1.32,rt,
butembo,2026-07-10,1.24,1.068,1.426,1.176,1.313,rt,
butembo,2026-07-11,1.234,1.063,1.425,1.17,1.303,rt,
butembo,2026-07-12,1.23,1.055,1.423,1.164,1.298,rt,
butembo,2026-07-13,1.216,1.034,1.412,1.147,1.286,rt,
butembo,2026-07-14,1.205,1.036,1.396,1.139,1.274,rt,
butembo,2026-07-15,1.197,1.03,1.385,1.128,1.264,rt,
butembo,2026-07-16,1.187,1.02,1.374,1.118,1.256,rt,
butembo,2026-07-17,1.177,1.016,1.35,1.113,1.241,rt,
butembo,2026-07-18,1.17,1.012,1.337,1.106,1.232,rt,
butembo,2026-07-19,1.159,0.995,1.331,1.092,1.223,rt,
butembo,2026-07-20,1.154,0.983,1.333,1.087,1.223,rt,
butembo,2026-07-21,1.157,0.991,1.334,1.089,1.223,rt,
butembo,2026-07-22,1.16,0.999,1.33,1.093,1.224,rt,
butembo,2026-07-23,1.162,1.004,1.335,1.092,1.225,rt,
butembo,2026-07-24,1.162,1.013,1.336,1.097,1.225,rt,
butembo,2026-07-25,1.164,1.013,1.337,1.099,1.228,rt,
butembo,2026-07-26,1.166,1.006,1.342,1.097,1.233,rt,
butembo,2026-07-27,1.172,1.004,1.363,1.101,1.245,rt,
butembo,2026-07-28,1.181,1.019,1.367,1.11,1.257,rt,
butembo,2026-07-29,1.191,1.031,1.378,1.117,1.269,rt,
butembo,2026-07-30,1.2,1.034,1.403,1.125,1.279,rt,
butembo,2026-07-31,1.205,1.046,1.394,1.132,1.279,rt,
butembo,2026-08-01,1.21,1.052,1.401,1.135,1.281,rt,
butembo,2026-08-02,1.215,1.058,1.407,1.139,1.287,rt,
butembo,2026-08-03,1.214,1.05,1.414,1.14,1.292,rt,
butembo,2026-08-04,1.211,1.056,1.401,1.145,1.289,rt,
butembo,2026-08-05,1.212,1.063,1.398,1.148,1.287,rt,
butembo,2026-08-06,1.211,1.06,1.397,1.147,1.285,rt,
butembo,2026-08-07,1.219,1.071,1.394,1.159,1.289,rt,
butembo,2026-08-08,1.227,1.079,1.412,1.167,1.297,rt,
butembo,2026-08-09,1.234,1.075,1.433,1.167,1.308,rt,
butembo,2026-08-10,1.24,1.066,1.453,1.168,1.319,rt,
butembo,2026-08-11,1.238,1.069,1.442,1.168,1.316,rt,
butembo,2026-08-12,1.235,1.067,1.435,1.165,1.311,rt,
butembo,2026-08-13,1.229,1.059,1.432,1.158,1.31,rt,
butembo,2026-08-14,1.222,1.063,1.406,1.153,1.296,rt,
butembo,2026-08-15,1.214,1.058,1.395,1.146,1.287,rt,
butembo,2026-08-16,1.204,1.047,1.39,1.138,1.28,rt,
butembo,2026-08-17,1.194,1.03,1.396,1.126,1.273,rt,
butembo,2026-08-18,1.18,1.017,1.376,1.116,1.256,rt,
butembo,2026-08-19,1.167,1.009,1.356,1.105,1.238,rt,
butembo,2026-08-20,1.152,0.992,1.34,1.089,1.222,rt,
butembo,2026-08-21,1.129,0.976,1.312,1.069,1.2,rt,
butembo,2026-08-22,1.108,0.954,1.287,1.048,1.18,rt,
butembo,2026-08-23,1.086,0.927,1.276,1.024,1.163,rt,
butembo,2026-08-24,1.056,0.882,1.256,0.987,1.138,rt,
butembo,2026-08-25,1.031,0.869,1.22,0.965,1.106,rt,
butembo,2026-08-26,1.007,0.848,1.189,0.943,1.078,rt,
butembo,2026-08-27,0.984,0.82,1.158,0.919,1.054,rt,
butembo,2026-08-28,0.952,0.791,1.114,0.889,1.017,rt,
butembo,2026-08-29,0.92,0.761,1.083,0.855,0.986,rt,
butembo,2026-08-30,0.886,0.727,1.057,0.822,0.957,rt,
butembo,2026-08-31,0.839,0.676,1.023,0.771,0.911,rt,
butembo,2026-09-01,0.812,0.66,0.98,0.748,0.876,rt,
butembo,2026-09-02,0.783,0.64,0.942,0.724,0.845,rt,
butembo,2026-09-03,0.757,0.62,0.915,0.699,0.817,rt,
butembo,2026-09-04,0.732,0.599,0.88,0.679,0.79,rt,
butembo,2026-09-05,0.708,0.578,0.854,0.655,0.765,rt,
butembo,2026-09-06,0.687,0.555,0.83,0.631,0.743,rt,
butembo,2026-09-07,0.673,0.534,0.822,0.613,0.733,rt,
butembo,2026-09-08,0.668,0.533,0.81,0.614,0.728,rt,
butembo,2026-09-09,0.665,0.535,0.806,0.611,0.725,rt,
butembo,2026-09-10,0.664,0.533,0.805,0.608,0.723,rt,
butembo,2026-09-11,0.666,0.532,0.804,0.608,0.725,rt,
butembo,2026-09-12,0.668,0.529,0.813,0.607,0.725,rt,
butembo,2026-09-13,0.667,0.519,0.827,0.604,0.733,rt,
butembo,2026-09-14,0.678,0.517,0.858,0.608,0.749,rt,
butembo,2026-09-15,0.684,0.522,0.867,0.615,0.757,rt,
butembo,2026-09-16,0.689,0.522,0.879,0.619,0.766,rt,
butembo,2026-09-17,0.697,0.523,0.907,0.62,0.78,rt,
butembo,2026-09-18,0.705,0.518,0.932,0.622,0.793,rt,
butembo,2026-09-19,0.713,0.509,0.962,0.622,0.806,rt,
butembo,2026-09-20,0.718,0.501,0.994,0.623,0.819,rt,
butembo,2026-09-21,0.73,0.493,1.044,0.628,0.842,rt,
butembo,2026-09-22,0.735,0.496,1.06,0.632,0.854,rt,
butembo,2026-09-23,0.743,0.499,1.083,0.632,0.867,rt,
butembo,2026-09-24,0.748,0.499,1.109,0.634,0.879,rt,
butembo,2026-09-25,0.75,0.497,1.115,0.637,0.889,rt,
butembo,2026-09-26,0.757,0.489,1.135,0.635,0.9,rt,
butembo,2026-09-27,0.761,0.481,1.17,0.632,0.909,rt,
butembo,2026-09-28,0.759,0.468,1.197,0.625,0.914,rt,
butembo,2026-09-29,0.759,0.461,1.202,0.624,0.923,rt,
butembo,2026-09-30,0.758,0.45,1.22,0.62,0.93,rt,
butembo,2026-10-01,0.755,0.445,1.216,0.618,0.929,rt,
butembo,2026-10-02,0.752,0.438,1.219,0.614,0.934,rt,
kalunguta,2026-07-27,1.511,1.182,1.944,1.36,1.671,rt,
kalunguta,2026-07-28,1.524,1.2,1.928,1.376,1.674,rt,
kalunguta,2026-07-29,1.534,1.211,1.918,1.393,1.678,rt,
kalunguta,2026-07-30,1.544,1.227,1.919,1.401,1.69,rt,
kalunguta,2026-07-31,1.549,1.24,1.893,1.405,1.688,rt,
kalunguta,2026-08-01,1.551,1.242,1.898,1.402,1.687,rt,
kalunguta,2026-08-02,1.55,1.242,1.912,1.401,1.697,rt,
kalunguta,2026-08-03,1.545,1.22,1.937,1.397,1.705,rt,
kalunguta,2026-08-04,1.553,1.242,1.917,1.409,1.703,rt,
kalunguta,2026-08-05,1.559,1.256,1.9,1.418,1.699,rt,
kalunguta,2026-08-06,1.562,1.267,1.9,1.426,1.698,rt,
kalunguta,2026-08-07,1.576,1.284,1.92,1.449,1.714,rt,
kalunguta,2026-08-08,1.59,1.292,1.945,1.46,1.726,rt,
kalunguta,2026-08-09,1.608,1.298,1.982,1.466,1.746,rt,
kalunguta,2026-08-10,1.619,1.302,2.022,1.475,1.77,rt,
kalunguta,2026-08-11,1.641,1.33,2.018,1.502,1.78,rt,
kalunguta,2026-08-12,1.656,1.356,2.031,1.52,1.793,rt,
kalunguta,2026-08-13,1.673,1.378,2.063,1.54,1.82,rt,
kalunguta,2026-08-14,1.685,1.394,2.085,1.564,1.831,rt,
kalunguta,2026-08-15,1.701,1.395,2.12,1.579,1.844,rt,
kalunguta,2026-08-16,1.712,1.398,2.15,1.584,1.868,rt,
kalunguta,2026-08-17,1.723,1.392,2.199,1.586,1.895,rt,
kalunguta,2026-08-18,1.748,1.425,2.203,1.612,1.904,rt,
kalunguta,2026-08-19,1.768,1.445,2.215,1.634,1.933,rt,
kalunguta,2026-08-20,1.787,1.46,2.232,1.651,1.955,rt,
kalunguta,2026-08-21,1.798,1.47,2.238,1.659,1.959,rt,
kalunguta,2026-08-22,1.808,1.47,2.249,1.666,1.975,rt,
kalunguta,2026-08-23,1.814,1.472,2.28,1.669,1.98,rt,
kalunguta,2026-08-24,1.809,1.451,2.304,1.655,1.98,rt,
kalunguta,2026-08-25,1.802,1.451,2.258,1.65,1.959,rt,
kalunguta,2026-08-26,1.791,1.448,2.227,1.637,1.947,rt,
kalunguta,2026-08-27,1.771,1.437,2.207,1.628,1.935,rt,
kalunguta,2026-08-28,1.744,1.422,2.148,1.602,1.9,rt,
kalunguta,2026-08-29,1.715,1.388,2.115,1.574,1.873,rt,
kalunguta,2026-08-30,1.684,1.359,2.098,1.546,1.841,rt,
kalunguta,2026-08-31,1.622,1.296,2.041,1.482,1.782,rt,
kalunguta,2026-09-01,1.563,1.252,1.937,1.428,1.703,rt,
kalunguta,2026-09-02,1.504,1.207,1.853,1.376,1.631,rt,
kalunguta,2026-09-03,1.445,1.166,1.781,1.328,1.565,rt,
kalunguta,2026-09-04,1.392,1.128,1.706,1.282,1.501,rt,
kalunguta,2026-09-05,1.339,1.074,1.646,1.235,1.45,rt,
kalunguta,2026-09-06,1.291,1.024,1.596,1.184,1.401,rt,
kalunguta,2026-09-07,1.255,0.985,1.571,1.149,1.37,rt,
kalunguta,2026-09-08,1.226,0.972,1.528,1.121,1.331,rt,
kalunguta,2026-09-09,1.197,0.952,1.503,1.088,1.297,rt,
kalunguta,2026-09-10,1.17,0.926,1.467,1.058,1.27,rt,
kalunguta,2026-09-11,1.142,0.902,1.438,1.035,1.247,rt,
kalunguta,2026-09-12,1.122,0.881,1.408,1.014,1.224,rt,
kalunguta,2026-09-13,1.096,0.85,1.402,0.991,1.207,rt,
kalunguta,2026-09-14,1.089,0.829,1.42,0.982,1.209,rt,
kalunguta,2026-09-15,1.082,0.828,1.403,0.972,1.203,rt,
kalunguta,2026-09-16,1.074,0.822,1.391,0.963,1.199,rt,
kalunguta,2026-09-17,1.064,0.811,1.394,0.95,1.194,rt,
kalunguta,2026-09-18,1.062,0.799,1.398,0.947,1.188,rt,
kalunguta,2026-09-19,1.056,0.785,1.403,0.935,1.192,rt,
kalunguta,2026-09-20,1.052,0.769,1.42,0.921,1.19,rt,
kalunguta,2026-09-21,1.055,0.756,1.445,0.913,1.202,rt,
kalunguta,2026-09-22,1.056,0.755,1.462,0.909,1.207,rt,
kalunguta,2026-09-23,1.054,0.746,1.47,0.91,1.211,rt,
kalunguta,2026-09-24,1.05,0.74,1.485,0.907,1.215,rt,
kalunguta,2026-09-25,1.046,0.728,1.504,0.905,1.219,rt,
kalunguta,2026-09-26,1.044,0.7,1.52,0.895,1.221,rt,
kalunguta,2026-09-27,1.044,0.686,1.532,0.886,1.226,rt,
kalunguta,2026-09-28,1.038,0.663,1.541,0.871,1.224,rt,
kalunguta,2026-09-29,1.021,0.643,1.533,0.859,1.217,rt,
kalunguta,2026-09-30,1.016,0.634,1.538,0.847,1.215,rt,
kalunguta,2026-10-01,1.002,0.628,1.506,0.839,1.194,rt,
kalunguta,2026-10-02,0.995,0.627,1.507,0.826,1.182,rt,
katwa,2026-05-24,2.905,2.205,3.878,2.59,3.297,rt,
katwa,2026-05-25,2.801,2.124,3.751,2.49,3.166,rt,
katwa,2026-05-26,2.719,2.067,3.603,2.415,3.055,rt,
katwa,2026-05-27,2.631,2.016,3.489,2.342,2.958,rt,
katwa,2026-05-28,2.549,1.956,3.377,2.274,2.861,rt,
katwa,2026-05-29,2.441,1.899,3.177,2.195,2.722,rt,
katwa,2026-05-30,2.341,1.839,3.046,2.124,2.6,rt,
katwa,2026-05-31,2.256,1.776,2.905,2.053,2.492,rt,
katwa,2026-06-01,2.184,1.721,2.803,1.978,2.389,rt,
katwa,2026-06-02,2.116,1.664,2.708,1.914,2.315,rt,
katwa,2026-06-03,2.052,1.613,2.625,1.857,2.243,rt,
katwa,2026-06-04,1.99,1.571,2.557,1.802,2.182,rt,
katwa,2026-06-05,1.941,1.555,2.452,1.765,2.12,rt,
katwa,2026-06-06,1.892,1.534,2.363,1.734,2.063,rt,
katwa,2026-06-07,1.845,1.509,2.289,1.694,2.013,rt,
katwa,2026-06-08,1.805,1.474,2.227,1.657,1.966,rt,
katwa,2026-06-09,1.764,1.441,2.162,1.626,1.922,rt,
katwa,2026-06-10,1.726,1.41,2.111,1.593,1.878,rt,
katwa,2026-06-11,1.687,1.379,2.066,1.559,1.843,rt,
katwa,2026-06-12,1.642,1.357,1.997,1.527,1.784,rt,
katwa,2026-06-13,1.6,1.331,1.933,1.493,1.729,rt,
katwa,2026-06-14,1.56,1.307,1.888,1.456,1.685,rt,
katwa,2026-06-15,1.543,1.291,1.862,1.435,1.665,rt,
katwa,2026-06-16,1.525,1.271,1.831,1.412,1.644,rt,
katwa,2026-06-17,1.5,1.257,1.821,1.39,1.621,rt,
katwa,2026-06-18,1.48,1.234,1.795,1.37,1.597,rt,
katwa,2026-06-19,1.464,1.239,1.758,1.365,1.571,rt,
katwa,2026-06-20,1.451,1.223,1.724,1.355,1.553,rt,
katwa,2026-06-21,1.435,1.213,1.698,1.341,1.534,rt,
katwa,2026-06-22,1.433,1.208,1.696,1.34,1.53,rt,
katwa,2026-06-23,1.433,1.214,1.678,1.34,1.528,rt,
katwa,2026-06-24,1.43,1.215,1.676,1.337,1.523,rt,
katwa,2026-06-25,1.424,1.211,1.678,1.333,1.522,rt,
katwa,2026-06-26,1.429,1.231,1.657,1.34,1.517,rt,
katwa,2026-06-27,1.431,1.243,1.648,1.345,1.517,rt,
katwa,2026-06-28,1.429,1.25,1.645,1.351,1.518,rt,
katwa,2026-06-29,1.419,1.236,1.636,1.337,1.51,rt,
katwa,2026-06-30,1.41,1.227,1.618,1.333,1.498,rt,
katwa,2026-07-01,1.4,1.222,1.602,1.324,1.487,rt,
katwa,2026-07-02,1.391,1.21,1.598,1.312,1.475,rt,
katwa,2026-07-03,1.373,1.21,1.564,1.303,1.453,rt,
katwa,2026-07-04,1.359,1.203,1.539,1.291,1.435,rt,
katwa,2026-07-05,1.345,1.187,1.528,1.275,1.421,rt,
katwa,2026-07-06,1.333,1.171,1.522,1.265,1.41,rt,
katwa,2026-07-07,1.326,1.166,1.515,1.261,1.404,rt,
katwa,2026-07-08,1.321,1.163,1.51,1.254,1.4,rt,
katwa,2026-07-09,1.314,1.156,1.506,1.245,1.392,rt,
katwa,2026-07-10,1.31,1.156,1.49,1.241,1.381,rt,
katwa,2026-07-11,1.305,1.156,1.484,1.239,1.376,rt,
katwa,2026-07-12,1.299,1.145,1.485,1.232,1.369,rt,
katwa,2026-07-13,1.288,1.125,1.483,1.216,1.358,rt,
katwa,2026-07-14,1.28,1.121,1.47,1.208,1.348,rt,
katwa,2026-07-15,1.272,1.112,1.459,1.201,1.34,rt,
katwa,2026-07-16,1.264,1.1,1.453,1.194,1.334,rt,
katwa,2026-07-17,1.256,1.106,1.423,1.191,1.321,rt,
katwa,2026-07-18,1.249,1.104,1.404,1.187,1.311,rt,
katwa,2026-07-19,1.239,1.097,1.397,1.179,1.303,rt,
katwa,2026-07-20,1.235,1.094,1.405,1.176,1.302,rt,
katwa,2026-07-21,1.232,1.097,1.396,1.172,1.295,rt,
katwa,2026-07-22,1.228,1.092,1.389,1.169,1.288,rt,
katwa,2026-07-23,1.222,1.085,1.381,1.165,1.284,rt,
katwa,2026-07-24,1.218,1.093,1.37,1.165,1.277,rt,
katwa,2026-07-25,1.215,1.091,1.36,1.161,1.271,rt,
katwa,2026-07-26,1.21,1.084,1.363,1.154,1.268,rt,
katwa,2026-07-27,1.211,1.075,1.371,1.152,1.274,rt,
katwa,2026-07-28,1.209,1.071,1.375,1.149,1.271,rt,
katwa,2026-07-29,1.207,1.066,1.373,1.145,1.27,rt,
katwa,2026-07-30,1.206,1.057,1.376,1.14,1.271,rt,
katwa,2026-07-31,1.196,1.057,1.355,1.137,1.258,rt,
katwa,2026-08-01,1.187,1.05,1.34,1.129,1.249,rt,
katwa,2026-08-02,1.178,1.039,1.338,1.121,1.242,rt,
katwa,2026-08-03,1.166,1.023,1.333,1.108,1.235,rt,
katwa,2026-08-04,1.158,1.018,1.321,1.101,1.221,rt,
katwa,2026-08-05,1.146,1.009,1.304,1.091,1.208,rt,
katwa,2026-08-06,1.137,0.995,1.294,1.08,1.197,rt,
katwa,2026-08-07,1.135,1.006,1.277,1.08,1.189,rt,
katwa,2026-08-08,1.128,1.008,1.267,1.076,1.187,rt,
katwa,2026-08-09,1.122,1.001,1.265,1.069,1.182,rt,
katwa,2026-08-10,1.117,0.987,1.271,1.059,1.18,rt,
katwa,2026-08-11,1.111,0.983,1.263,1.056,1.176,rt,
katwa,2026-08-12,1.106,0.977,1.256,1.05,1.169,rt,
katwa,2026-08-13,1.099,0.966,1.252,1.042,1.164,rt,
katwa,2026-08-14,1.092,0.968,1.229,1.037,1.15,rt,
katwa,2026-08-15,1.082,0.962,1.212,1.03,1.138,rt,
katwa,2026-08-16,1.073,0.948,1.203,1.018,1.128,rt,
katwa,2026-08-17,1.06,0.926,1.204,1.004,1.118,rt,
katwa,2026-08-18,1.05,0.92,1.192,0.997,1.107,rt,
katwa,2026-08-19,1.038,0.905,1.181,0.988,1.096,rt,
katwa,2026-08-20,1.028,0.886,1.166,0.974,1.084,rt,
katwa,2026-08-21,1.01,0.878,1.144,0.959,1.066,rt,
katwa,2026-08-22,0.994,0.863,1.125,0.939,1.05,rt,
katwa,2026-08-23,0.977,0.838,1.113,0.919,1.035,rt,
katwa,2026-08-24,0.952,0.803,1.103,0.891,1.016,rt,
katwa,2026-08-25,0.927,0.783,1.076,0.872,0.991,rt,
katwa,2026-08-26,0.905,0.763,1.046,0.849,0.964,rt,
katwa,2026-08-27,0.88,0.741,1.023,0.825,0.941,rt,
katwa,2026-08-28,0.85,0.72,0.986,0.797,0.911,rt,
katwa,2026-08-29,0.821,0.692,0.957,0.767,0.881,rt,
katwa,2026-08-30,0.793,0.658,0.934,0.736,0.855,rt,
katwa,2026-08-31,0.751,0.607,0.902,0.691,0.814,rt,
katwa,2026-09-01,0.723,0.591,0.863,0.666,0.783,rt,
katwa,2026-09-02,0.699,0.57,0.835,0.643,0.753,rt,
katwa,2026-09-03,0.676,0.551,0.805,0.621,0.728,rt,
katwa,2026-09-04,0.654,0.534,0.771,0.602,0.701,rt,
katwa,2026-09-05,0.631,0.514,0.748,0.581,0.679,rt,
katwa,2026-09-06,0.61,0.492,0.727,0.561,0.659,rt,
katwa,2026-09-07,0.596,0.471,0.723,0.545,0.648,rt,
katwa,2026-09-08,0.591,0.473,0.713,0.542,0.642,rt,
katwa,2026-09-09,0.59,0.477,0.712,0.54,0.638,rt,
katwa,2026-09-10,0.589,0.475,0.714,0.537,0.639,rt,
katwa,2026-09-11,0.59,0.475,0.717,0.537,0.64,rt,
katwa,2026-09-12,0.59,0.47,0.728,0.538,0.643,rt,
katwa,2026-09-13,0.592,0.461,0.742,0.538,0.647,rt,
katwa,2026-09-14,0.599,0.456,0.767,0.541,0.662,rt,
katwa,2026-09-15,0.605,0.462,0.779,0.546,0.671,rt,
katwa,2026-09-16,0.611,0.465,0.79,0.548,0.683,rt,
katwa,2026-09-17,0.619,0.463,0.811,0.549,0.696,rt,
katwa,2026-09-18,0.627,0.464,0.839,0.552,0.707,rt,
katwa,2026-09-19,0.638,0.463,0.869,0.555,0.722,rt,
katwa,2026-09-20,0.644,0.455,0.9,0.557,0.74,rt,
katwa,2026-09-21,0.656,0.452,0.945,0.562,0.761,rt,
katwa,2026-09-22,0.661,0.458,0.957,0.568,0.769,rt,
katwa,2026-09-23,0.67,0.452,0.978,0.575,0.782,rt,
katwa,2026-09-24,0.676,0.452,1.002,0.576,0.791,rt,
katwa,2026-09-25,0.681,0.449,1.025,0.579,0.8,rt,
katwa,2026-09-26,0.689,0.444,1.041,0.579,0.814,rt,
katwa,2026-09-27,0.695,0.442,1.068,0.58,0.827,rt,
katwa,2026-09-28,0.694,0.431,1.083,0.577,0.829,rt,
katwa,2026-09-29,0.698,0.43,1.094,0.576,0.837,rt,
katwa,2026-09-30,0.697,0.425,1.103,0.569,0.844,rt,
katwa,2026-10-01,0.7,0.426,1.105,0.571,0.847,rt,
katwa,2026-10-02,0.701,0.423,1.119,0.573,0.857,rt,
kyondo,2026-07-02,1.277,0.967,1.666,1.148,1.416,rt,
kyondo,2026-07-03,1.257,0.947,1.637,1.132,1.397,rt,
kyondo,2026-07-04,1.238,0.926,1.621,1.115,1.374,rt,
kyondo,2026-07-05,1.214,0.903,1.602,1.092,1.356,rt,
kyondo,2026-07-06,1.197,0.88,1.591,1.069,1.346,rt,
kyondo,2026-07-07,1.188,0.883,1.548,1.069,1.331,rt,
kyondo,2026-07-08,1.175,0.893,1.518,1.065,1.308,rt,
kyondo,2026-07-09,1.163,0.897,1.495,1.054,1.292,rt,
kyondo,2026-07-10,1.155,0.891,1.477,1.042,1.279,rt,
kyondo,2026-07-11,1.146,0.88,1.475,1.029,1.266,rt,
kyondo,2026-07-12,1.136,0.863,1.469,1.016,1.262,rt,
kyondo,2026-07-13,1.118,0.845,1.478,0.997,1.251,rt,
kyondo,2026-07-14,1.105,0.851,1.434,0.997,1.234,rt,
kyondo,2026-07-15,1.092,0.855,1.402,0.989,1.216,rt,
kyondo,2026-07-16,1.084,0.845,1.381,0.985,1.2,rt,
kyondo,2026-07-17,1.074,0.841,1.352,0.979,1.189,rt,
kyondo,2026-07-18,1.07,0.828,1.342,0.968,1.179,rt,
kyondo,2026-07-19,1.058,0.811,1.342,0.952,1.174,rt,
kyondo,2026-07-20,1.053,0.789,1.36,0.942,1.173,rt,
kyondo,2026-07-21,1.051,0.8,1.343,0.947,1.169,rt,
kyondo,2026-07-22,1.051,0.8,1.341,0.95,1.165,rt,
kyondo,2026-07-23,1.05,0.805,1.339,0.948,1.165,rt,
kyondo,2026-07-24,1.052,0.811,1.329,0.947,1.159,rt,
kyondo,2026-07-25,1.047,0.808,1.337,0.944,1.158,rt,
kyondo,2026-07-26,1.044,0.801,1.345,0.943,1.164,rt,
kyondo,2026-07-27,1.048,0.788,1.374,0.942,1.179,rt,
kyondo,2026-07-28,1.056,0.802,1.371,0.954,1.179,rt,
kyondo,2026-07-29,1.066,0.813,1.369,0.97,1.184,rt,
kyondo,2026-07-30,1.076,0.834,1.37,0.978,1.194,rt,
kyondo,2026-07-31,1.082,0.837,1.366,0.983,1.197,rt,
kyondo,2026-08-01,1.09,0.836,1.375,0.988,1.203,rt,
kyondo,2026-08-02,1.095,0.833,1.398,0.991,1.205,rt,
kyondo,2026-08-03,1.098,0.829,1.424,0.988,1.215,rt,
kyondo,2026-08-04,1.111,0.86,1.424,1.01,1.223,rt,
kyondo,2026-08-05,1.125,0.876,1.433,1.025,1.236,rt,
kyondo,2026-08-06,1.138,0.893,1.449,1.039,1.256,rt,
kyondo,2026-08-07,1.159,0.909,1.473,1.061,1.278,rt,
kyondo,2026-08-08,1.182,0.927,1.503,1.079,1.305,rt,
kyondo,2026-08-09,1.203,0.932,1.546,1.097,1.327,rt,
kyondo,2026-08-10,1.226,0.934,1.602,1.108,1.358,rt,
kyondo,2026-08-11,1.256,0.976,1.616,1.141,1.388,rt,
kyondo,2026-08-12,1.285,1.016,1.626,1.169,1.413,rt,
kyondo,2026-08-13,1.315,1.04,1.653,1.198,1.442,rt,
kyondo,2026-08-14,1.34,1.073,1.683,1.228,1.47,rt,
kyondo,2026-08-15,1.367,1.093,1.715,1.249,1.499,rt,
kyondo,2026-08-16,1.39,1.097,1.776,1.267,1.534,rt,
kyondo,2026-08-17,1.42,1.101,1.846,1.279,1.577,rt,
kyondo,2026-08-18,1.434,1.126,1.835,1.302,1.593,rt,
kyondo,2026-08-19,1.448,1.149,1.837,1.316,1.604,rt,
kyondo,2026-08-20,1.466,1.159,1.853,1.329,1.621,rt,
kyondo,2026-08-21,1.472,1.173,1.851,1.34,1.615,rt,
kyondo,2026-08-22,1.475,1.171,1.886,1.338,1.626,rt,
kyondo,2026-08-23,1.473,1.154,1.92,1.34,1.633,rt,
kyondo,2026-08-24,1.462,1.13,1.952,1.324,1.645,rt,
kyondo,2026-08-25,1.427,1.118,1.883,1.303,1.592,rt,
kyondo,2026-08-26,1.398,1.097,1.817,1.277,1.551,rt,
kyondo,2026-08-27,1.371,1.073,1.772,1.246,1.52,rt,
kyondo,2026-08-28,1.329,1.043,1.719,1.213,1.466,rt,
kyondo,2026-08-29,1.289,1.003,1.67,1.174,1.425,rt,
kyondo,2026-08-30,1.25,0.959,1.617,1.133,1.389,rt,
kyondo,2026-08-31,1.186,0.887,1.548,1.068,1.331,rt,
kyondo,2026-09-01,1.131,0.853,1.457,1.021,1.255,rt,
kyondo,2026-09-02,1.078,0.819,1.38,0.975,1.194,rt,
kyondo,2026-09-03,1.027,0.775,1.321,0.931,1.141,rt,
kyondo,2026-09-04,0.982,0.741,1.263,0.889,1.087,rt,
kyondo,2026-09-05,0.941,0.698,1.205,0.845,1.044,rt,
kyondo,2026-09-06,0.899,0.656,1.164,0.805,1.001,rt,
kyondo,2026-09-07,0.868,0.622,1.147,0.771,0.973,rt,
kyondo,2026-09-08,0.848,0.618,1.109,0.757,0.953,rt,
kyondo,2026-09-09,0.834,0.614,1.084,0.74,0.933,rt,
kyondo,2026-09-10,0.816,0.598,1.069,0.723,0.915,rt,
kyondo,2026-09-11,0.81,0.583,1.051,0.709,0.902,rt,
kyondo,2026-09-12,0.796,0.571,1.046,0.698,0.889,rt,
kyondo,2026-09-13,0.785,0.556,1.046,0.683,0.882,rt,
kyondo,2026-09-14,0.782,0.545,1.071,0.675,0.886,rt,
kyondo,2026-09-15,0.781,0.551,1.071,0.679,0.884,rt,
kyondo,2026-09-16,0.783,0.554,1.085,0.68,0.884,rt,
kyondo,2026-09-17,0.785,0.553,1.083,0.682,0.887,rt,
kyondo,2026-09-18,0.784,0.546,1.102,0.683,0.894,rt,
kyondo,2026-09-19,0.782,0.542,1.124,0.679,0.904,rt,
kyondo,2026-09-20,0.785,0.53,1.147,0.673,0.912,rt,
kyondo,2026-09-21,0.793,0.519,1.186,0.672,0.932,rt,
kyondo,2026-09-22,0.801,0.521,1.195,0.681,0.94,rt,
kyondo,2026-09-23,0.808,0.521,1.217,0.686,0.947,rt,
kyondo,2026-09-24,0.815,0.513,1.235,0.685,0.96,rt,
kyondo,2026-09-25,0.823,0.516,1.25,0.682,0.964,rt,
kyondo,2026-09-26,0.83,0.508,1.27,0.684,0.977,rt,
kyondo,2026-09-27,0.833,0.5,1.292,0.681,0.997,rt,
kyondo,2026-09-28,0.827,0.483,1.315,0.673,1.013,rt,
kyondo,2026-09-29,0.827,0.482,1.304,0.672,1.012,rt,
kyondo,2026-09-30,0.83,0.476,1.329,0.664,1.022,rt,
kyondo,2026-10-01,0.83,0.474,1.326,0.662,1.02,rt,
kyondo,2026-10-02,0.826,0.464,1.338,0.657,1.018,rt,
lubero,2026-08-15,1.529,1.372,1.725,1.456,1.608,rt,
lubero,2026-08-16,1.535,1.38,1.731,1.466,1.621,rt,
lubero,2026-08-17,1.544,1.383,1.747,1.472,1.629,rt,
lubero,2026-08-18,1.552,1.385,1.754,1.474,1.634,rt,
lubero,2026-08-19,1.559,1.383,1.764,1.476,1.635,rt,
lubero,2026-08-20,1.56,1.376,1.779,1.477,1.639,rt,
lubero,2026-08-21,1.553,1.379,1.764,1.473,1.632,rt,
lubero,2026-08-22,1.547,1.375,1.752,1.471,1.625,rt,
lubero,2026-08-23,1.536,1.369,1.75,1.464,1.616,rt,
lubero,2026-08-24,1.52,1.347,1.734,1.446,1.598,rt,
lubero,2026-08-25,1.493,1.32,1.708,1.419,1.574,rt,
lubero,2026-08-26,1.468,1.293,1.68,1.393,1.551,rt,
lubero,2026-08-27,1.441,1.266,1.657,1.365,1.525,rt,
lubero,2026-08-28,1.408,1.239,1.61,1.333,1.479,rt,
lubero,2026-08-29,1.372,1.207,1.564,1.3,1.44,rt,
lubero,2026-08-30,1.334,1.173,1.524,1.269,1.402,rt,
lubero,2026-08-31,1.275,1.106,1.459,1.202,1.342,rt,
lubero,2026-09-01,1.223,1.06,1.398,1.155,1.288,rt,
lubero,2026-09-02,1.175,1.02,1.345,1.11,1.238,rt,
lubero,2026-09-03,1.132,0.976,1.296,1.067,1.191,rt,
lubero,2026-09-04,1.087,0.949,1.232,1.032,1.14,rt,
lubero,2026-09-05,1.046,0.913,1.181,0.993,1.097,rt,
lubero,2026-09-06,1.009,0.878,1.137,0.955,1.056,rt,
lubero,2026-09-07,0.98,0.849,1.11,0.928,1.03,rt,
lubero,2026-09-08,0.961,0.838,1.093,0.909,1.011,rt,
lubero,2026-09-09,0.943,0.821,1.072,0.893,0.996,rt,
lubero,2026-09-10,0.928,0.806,1.061,0.875,0.983,rt,
lubero,2026-09-11,0.917,0.801,1.044,0.866,0.968,rt,
lubero,2026-09-12,0.907,0.786,1.037,0.855,0.959,rt,
lubero,2026-09-13,0.895,0.77,1.037,0.844,0.949,rt,
lubero,2026-09-14,0.894,0.762,1.047,0.841,0.955,rt,
lubero,2026-09-15,0.894,0.759,1.055,0.838,0.958,rt,
lubero,2026-09-16,0.892,0.751,1.07,0.834,0.961,rt,
lubero,2026-09-17,0.892,0.743,1.083,0.829,0.964,rt,
lubero,2026-09-18,0.892,0.732,1.097,0.829,0.969,rt,
lubero,2026-09-19,0.894,0.725,1.111,0.827,0.973,rt,
lubero,2026-09-20,0.895,0.708,1.121,0.823,0.978,rt,
lubero,2026-09-21,0.903,0.699,1.142,0.823,0.994,rt,
lubero,2026-09-22,0.908,0.691,1.157,0.822,1.006,rt,
lubero,2026-09-23,0.913,0.684,1.179,0.824,1.016,rt,
lubero,2026-09-24,0.916,0.681,1.201,0.824,1.026,rt,
lubero,2026-09-25,0.92,0.678,1.213,0.823,1.03,rt,
lubero,2026-09-26,0.922,0.669,1.219,0.82,1.04,rt,
lubero,2026-09-27,0.926,0.666,1.24,0.818,1.052,rt,
lubero,2026-09-28,0.921,0.651,1.243,0.805,1.05,rt,
lubero,2026-09-29,0.914,0.633,1.256,0.799,1.051,rt,
lubero,2026-09-30,0.909,0.622,1.271,0.788,1.057,rt,
lubero,2026-10-01,0.905,0.625,1.243,0.791,1.044,rt,
lubero,2026-10-02,0.903,0.629,1.215,0.788,1.031,rt,
mabalako,2026-08-16,2.055,1.591,2.752,1.858,2.291,rt,
mabalako,2026-08-17,2.07,1.581,2.835,1.856,2.326,rt,
mabalako,2026-08-18,2.083,1.619,2.771,1.879,2.316,rt,
mabalako,2026-08-19,2.093,1.648,2.756,1.894,2.314,rt,
mabalako,2026-08-20,2.098,1.656,2.735,1.904,2.322,rt,
mabalako,2026-08-21,2.098,1.664,2.705,1.908,2.309,rt,
mabalako,2026-08-22,2.093,1.66,2.713,1.894,2.311,rt,
mabalako,2026-08-23,2.09,1.63,2.706,1.881,2.312,rt,
mabalako,2026-08-24,2.07,1.581,2.718,1.85,2.308,rt,
mabalako,2026-08-25,2.039,1.591,2.666,1.845,2.271,rt,
mabalako,2026-08-26,2.018,1.587,2.605,1.829,2.238,rt,
mabalako,2026-08-27,1.994,1.578,2.558,1.807,2.206,rt,
mabalako,2026-08-28,1.952,1.554,2.5,1.766,2.16,rt,
mabalako,2026-08-29,1.91,1.509,2.459,1.729,2.11,rt,
mabalako,2026-08-30,1.865,1.454,2.432,1.692,2.071,rt,
mabalako,2026-08-31,1.783,1.359,2.372,1.609,1.996,rt,
mabalako,2026-09-01,1.725,1.329,2.253,1.566,1.916,rt,
mabalako,2026-09-02,1.669,1.293,2.14,1.509,1.842,rt,
mabalako,2026-09-03,1.61,1.25,2.041,1.464,1.777,rt,
mabalako,2026-09-04,1.554,1.218,1.955,1.413,1.715,rt,
mabalako,2026-09-05,1.5,1.167,1.899,1.365,1.658,rt,
mabalako,2026-09-06,1.451,1.117,1.864,1.309,1.612,rt,
mabalako,2026-09-07,1.413,1.067,1.842,1.263,1.587,rt,
mabalako,2026-09-08,1.387,1.055,1.783,1.244,1.544,rt,
mabalako,2026-09-09,1.36,1.034,1.745,1.223,1.514,rt,
mabalako,2026-09-10,1.33,1.019,1.719,1.202,1.491,rt,
mabalako,2026-09-11,1.314,1.001,1.713,1.19,1.47,rt,
mabalako,2026-09-12,1.293,0.969,1.699,1.165,1.453,rt,
mabalako,2026-09-13,1.275,0.946,1.716,1.138,1.441,rt,
mabalako,2026-09-14,1.274,0.922,1.772,1.125,1.45,rt,
mabalako,2026-09-15,1.266,0.912,1.741,1.121,1.442,rt,
mabalako,2026-09-16,1.257,0.912,1.718,1.111,1.436,rt,
mabalako,2026-09-17,1.254,0.895,1.711,1.1,1.432,rt,
mabalako,2026-09-18,1.245,0.877,1.719,1.093,1.433,rt,
mabalako,2026-09-19,1.237,0.862,1.75,1.077,1.433,rt,
mabalako,2026-09-20,1.233,0.834,1.773,1.068,1.433,rt,
mabalako,2026-09-21,1.235,0.82,1.825,1.059,1.448,rt,
mabalako,2026-09-22,1.231,0.818,1.828,1.05,1.445,rt,
mabalako,2026-09-23,1.23,0.817,1.822,1.043,1.444,rt,
mabalako,2026-09-24,1.222,0.806,1.825,1.036,1.447,rt,
mabalako,2026-09-25,1.215,0.793,1.857,1.025,1.449,rt,
mabalako,2026-09-26,1.211,0.78,1.871,1.019,1.453,rt,
mabalako,2026-09-27,1.211,0.754,1.896,1.004,1.454,rt,
mabalako,2026-09-28,1.196,0.729,1.89,0.982,1.448,rt,
mabalako,2026-09-29,1.175,0.726,1.854,0.969,1.427,rt,
mabalako,2026-09-30,1.147,0.705,1.86,0.955,1.407,rt,
mabalako,2026-10-01,1.129,0.703,1.827,0.945,1.379,rt,
mabalako,2026-10-02,1.115,0.682,1.806,0.924,1.357,rt,
manguredjipa,2026-08-20,1.519,1.329,1.739,1.434,1.603,rt,
manguredjipa,2026-08-21,1.515,1.331,1.724,1.438,1.592,rt,
manguredjipa,2026-08-22,1.507,1.33,1.715,1.43,1.583,rt,
manguredjipa,2026-08-23,1.496,1.323,1.712,1.425,1.577,rt,
manguredjipa,2026-08-24,1.478,1.303,1.706,1.403,1.563,rt,
manguredjipa,2026-08-25,1.456,1.281,1.675,1.378,1.538,rt,
manguredjipa,2026-08-26,1.431,1.256,1.646,1.352,1.512,rt,
manguredjipa,2026-08-27,1.404,1.23,1.621,1.324,1.486,rt,
manguredjipa,2026-08-28,1.368,1.204,1.571,1.294,1.445,rt,
manguredjipa,2026-08-29,1.334,1.173,1.526,1.26,1.405,rt,
manguredjipa,2026-08-30,1.3,1.135,1.487,1.225,1.369,rt,
manguredjipa,2026-08-31,1.238,1.063,1.42,1.166,1.307,rt,
manguredjipa,2026-09-01,1.186,1.024,1.358,1.118,1.252,rt,
manguredjipa,2026-09-02,1.138,0.982,1.305,1.073,1.203,rt,
manguredjipa,2026-09-03,1.092,0.94,1.252,1.028,1.158,rt,
manguredjipa,2026-09-04,1.049,0.914,1.193,0.995,1.108,rt,
manguredjipa,2026-09-05,1.009,0.879,1.14,0.959,1.062,rt,
manguredjipa,2026-09-06,0.971,0.845,1.1,0.922,1.022,rt,
manguredjipa,2026-09-07,0.943,0.814,1.072,0.892,0.994,rt,
manguredjipa,2026-09-08,0.925,0.804,1.056,0.877,0.976,rt,
manguredjipa,2026-09-09,0.91,0.79,1.038,0.86,0.959,rt,
manguredjipa,2026-09-10,0.892,0.774,1.03,0.842,0.945,rt,
manguredjipa,2026-09-11,0.881,0.766,1.009,0.835,0.932,rt,
manguredjipa,2026-09-12,0.87,0.759,0.999,0.824,0.924,rt,
manguredjipa,2026-09-13,0.861,0.741,0.995,0.812,0.915,rt,
manguredjipa,2026-09-14,0.859,0.733,1.009,0.807,0.921,rt,
manguredjipa,2026-09-15,0.858,0.728,1.018,0.806,0.92,rt,
manguredjipa,2026-09-16,0.859,0.724,1.026,0.802,0.924,rt,
manguredjipa,2026-09-17,0.858,0.713,1.04,0.796,0.929,rt,
manguredjipa,2026-09-18,0.86,0.706,1.053,0.794,0.932,rt,
manguredjipa,2026-09-19,0.861,0.695,1.064,0.793,0.939,rt,
manguredjipa,2026-09-20,0.862,0.679,1.077,0.788,0.944,rt,
manguredjipa,2026-09-21,0.868,0.672,1.102,0.789,0.956,rt,
manguredjipa,2026-09-22,0.871,0.664,1.121,0.792,0.969,rt,
manguredjipa,2026-09-23,0.876,0.659,1.136,0.791,0.98,rt,
manguredjipa,2026-09-24,0.88,0.654,1.151,0.789,0.987,rt,
manguredjipa,2026-09-25,0.884,0.648,1.161,0.786,0.989,rt,
manguredjipa,2026-09-26,0.886,0.643,1.168,0.783,0.997,rt,
manguredjipa,2026-09-27,0.889,0.631,1.183,0.78,1.004,rt,
manguredjipa,2026-09-28,0.885,0.612,1.187,0.768,1.007,rt,
manguredjipa,2026-09-29,0.876,0.604,1.203,0.762,1.011,rt,
manguredjipa,2026-09-30,0.87,0.586,1.217,0.754,1.015,rt,
manguredjipa,2026-10-01,0.866,0.593,1.189,0.753,1.001,rt,
manguredjipa,2026-10-02,0.861,0.594,1.171,0.75,0.993,rt,
masereka,2026-08-06,1.451,1.133,1.828,1.32,1.597,rt,
masereka,2026-08-07,1.48,1.166,1.87,1.35,1.626,rt,
masereka,2026-08-08,1.51,1.185,1.93,1.378,1.656,rt,
masereka,2026-08-09,1.54,1.196,1.983,1.396,1.69,rt,
masereka,2026-08-10,1.569,1.197,2.057,1.407,1.735,rt,
masereka,2026-08-11,1.592,1.243,2.065,1.44,1.767,rt,
masereka,2026-08-12,1.624,1.29,2.091,1.475,1.793,rt,
masereka,2026-08-13,1.653,1.312,2.109,1.503,1.825,rt,
masereka,2026-08-14,1.685,1.335,2.154,1.532,1.857,rt,
masereka,2026-08-15,1.711,1.349,2.213,1.552,1.884,rt,
masereka,2026-08-16,1.734,1.361,2.28,1.563,1.925,rt,
masereka,2026-08-17,1.756,1.36,2.362,1.575,1.97,rt,
masereka,2026-08-18,1.762,1.381,2.326,1.586,1.968,rt,
masereka,2026-08-19,1.768,1.389,2.308,1.593,1.962,rt,
masereka,2026-08-20,1.767,1.393,2.311,1.589,1.964,rt,
masereka,2026-08-21,1.758,1.39,2.301,1.59,1.96,rt,
masereka,2026-08-22,1.749,1.373,2.299,1.582,1.954,rt,
masereka,2026-08-23,1.736,1.347,2.332,1.561,1.95,rt,
masereka,2026-08-24,1.72,1.308,2.347,1.525,1.938,rt,
masereka,2026-08-25,1.675,1.281,2.238,1.494,1.875,rt,
masereka,2026-08-26,1.631,1.259,2.156,1.46,1.82,rt,
masereka,2026-08-27,1.589,1.228,2.073,1.425,1.775,rt,
masereka,2026-08-28,1.532,1.189,2.0,1.376,1.714,rt,
masereka,2026-08-29,1.474,1.13,1.927,1.324,1.654,rt,
masereka,2026-08-30,1.43,1.084,1.872,1.269,1.602,rt,
masereka,2026-08-31,1.347,1.007,1.804,1.187,1.52,rt,
masereka,2026-09-01,1.283,0.97,1.689,1.139,1.439,rt,
masereka,2026-09-02,1.222,0.93,1.589,1.09,1.364,rt,
masereka,2026-09-03,1.169,0.884,1.518,1.04,1.298,rt,
masereka,2026-09-04,1.116,0.853,1.44,0.995,1.234,rt,
masereka,2026-09-05,1.064,0.811,1.381,0.949,1.179,rt,
masereka,2026-09-06,1.015,0.766,1.341,0.903,1.134,rt,
masereka,2026-09-07,0.976,0.722,1.328,0.865,1.101,rt,
masereka,2026-09-08,0.958,0.721,1.283,0.856,1.077,rt,
masereka,2026-09-09,0.944,0.709,1.255,0.843,1.059,rt,
masereka,2026-09-10,0.928,0.7,1.231,0.83,1.044,rt,
masereka,2026-09-11,0.918,0.689,1.228,0.822,1.037,rt,
masereka,2026-09-12,0.908,0.676,1.232,0.807,1.029,rt,
masereka,2026-09-13,0.902,0.658,1.235,0.792,1.024,rt,
masereka,2026-09-14,0.9,0.645,1.262,0.784,1.037,rt,
masereka,2026-09-15,0.903,0.646,1.263,0.785,1.042,rt,
masereka,2026-09-16,0.902,0.649,1.263,0.788,1.043,rt,
masereka,2026-09-17,0.907,0.636,1.27,0.782,1.056,rt,
masereka,2026-09-18,0.906,0.633,1.288,0.777,1.064,rt,
masereka,2026-09-19,0.908,0.618,1.315,0.777,1.071,rt,
masereka,2026-09-20,0.91,0.6,1.363,0.772,1.083,rt,
masereka,2026-09-21,0.917,0.583,1.432,0.775,1.106,rt,
masereka,2026-09-22,0.925,0.588,1.422,0.777,1.103,rt,
masereka,2026-09-23,0.932,0.581,1.425,0.775,1.106,rt,
masereka,2026-09-24,0.934,0.58,1.446,0.771,1.116,rt,
masereka,2026-09-25,0.938,0.573,1.469,0.768,1.13,rt,
masereka,2026-09-26,0.939,0.563,1.493,0.766,1.134,rt,
masereka,2026-09-27,0.942,0.554,1.514,0.763,1.146,rt,
masereka,2026-09-28,0.932,0.538,1.528,0.748,1.145,rt,
masereka,2026-09-29,0.929,0.532,1.519,0.746,1.138,rt,
masereka,2026-09-30,0.922,0.521,1.535,0.739,1.14,rt,
masereka,2026-10-01,0.911,0.51,1.534,0.731,1.132,rt,
masereka,2026-10-02,0.903,0.503,1.54,0.718,1.129,rt,
musienene,2026-06-19,1.857,1.407,2.497,1.667,2.097,rt,
musienene,2026-06-20,1.838,1.388,2.471,1.654,2.086,rt,
musienene,2026-06-21,1.827,1.372,2.454,1.632,2.076,rt,
musienene,2026-06-22,1.83,1.369,2.487,1.621,2.08,rt,
musienene,2026-06-23,1.816,1.378,2.429,1.629,2.059,rt,
musienene,2026-06-24,1.812,1.399,2.395,1.628,2.046,rt,
musienene,2026-06-25,1.805,1.392,2.364,1.624,2.021,rt,
musienene,2026-06-26,1.797,1.394,2.348,1.629,2.01,rt,
musienene,2026-06-27,1.798,1.392,2.357,1.625,2.009,rt,
musienene,2026-06-28,1.792,1.369,2.374,1.614,2.012,rt,
musienene,2026-06-29,1.767,1.342,2.4,1.593,2.01,rt,
musienene,2026-06-30,1.745,1.357,2.313,1.579,1.959,rt,
musienene,2026-07-01,1.721,1.351,2.241,1.557,1.92,rt,
musienene,2026-07-02,1.691,1.329,2.186,1.531,1.881,rt,
musienene,2026-07-03,1.653,1.319,2.132,1.5,1.84,rt,
musienene,2026-07-04,1.622,1.297,2.096,1.473,1.798,rt,
musienene,2026-07-05,1.591,1.26,2.078,1.44,1.764,rt,
musienene,2026-07-06,1.567,1.213,2.087,1.415,1.745,rt,
musienene,2026-07-07,1.537,1.206,1.997,1.396,1.7,rt,
musienene,2026-07-08,1.509,1.2,1.927,1.38,1.66,rt,
musienene,2026-07-09,1.48,1.183,1.865,1.356,1.618,rt,
musienene,2026-07-10,1.455,1.173,1.818,1.325,1.596,rt,
musienene,2026-07-11,1.429,1.147,1.785,1.301,1.567,rt,
musienene,2026-07-12,1.4,1.112,1.765,1.273,1.549,rt,
musienene,2026-07-13,1.368,1.062,1.76,1.228,1.525,rt,
musienene,2026-07-14,1.338,1.059,1.699,1.213,1.478,rt,
musienene,2026-07-15,1.308,1.041,1.651,1.193,1.441,rt,
musienene,2026-07-16,1.28,1.023,1.61,1.173,1.405,rt,
musienene,2026-07-17,1.255,1.003,1.573,1.149,1.371,rt,
musienene,2026-07-18,1.231,0.976,1.552,1.125,1.342,rt,
musienene,2026-07-19,1.2,0.94,1.535,1.096,1.319,rt,
musienene,2026-07-20,1.181,0.91,1.542,1.066,1.308,rt,
musienene,2026-07-21,1.17,0.909,1.486,1.063,1.287,rt,
musienene,2026-07-22,1.16,0.916,1.452,1.062,1.269,rt,
musienene,2026-07-23,1.151,0.913,1.428,1.059,1.256,rt,
musienene,2026-07-24,1.143,0.913,1.402,1.052,1.243,rt,
musienene,2026-07-25,1.139,0.908,1.392,1.039,1.241,rt,
musienene,2026-07-26,1.13,0.883,1.4,1.021,1.236,rt,
musienene,2026-07-27,1.123,0.86,1.426,1.01,1.238,rt,
musienene,2026-07-28,1.125,0.883,1.406,1.021,1.232,rt,
musienene,2026-07-29,1.123,0.888,1.395,1.031,1.231,rt,
musienene,2026-07-30,1.124,0.895,1.401,1.036,1.238,rt,
musienene,2026-07-31,1.122,0.896,1.389,1.041,1.228,rt,
musienene,2026-08-01,1.124,0.893,1.385,1.033,1.225,rt,
musienene,2026-08-02,1.12,0.882,1.394,1.026,1.232,rt,
musienene,2026-08-03,1.118,0.867,1.42,1.012,1.239,rt,
musienene,2026-08-04,1.121,0.886,1.395,1.022,1.227,rt,
musienene,2026-08-05,1.123,0.9,1.37,1.027,1.216,rt,
musienene,2026-08-06,1.126,0.909,1.366,1.031,1.216,rt,
musienene,2026-08-07,1.135,0.929,1.378,1.041,1.226,rt,
musienene,2026-08-08,1.14,0.934,1.39,1.044,1.239,rt,
musienene,2026-08-09,1.147,0.936,1.415,1.046,1.254,rt,
musienene,2026-08-10,1.155,0.921,1.465,1.044,1.269,rt,
musienene,2026-08-11,1.163,0.935,1.453,1.059,1.272,rt,
musienene,2026-08-12,1.171,0.946,1.458,1.077,1.278,rt,
musienene,2026-08-13,1.179,0.952,1.474,1.085,1.282,rt,
musienene,2026-08-14,1.188,0.967,1.473,1.091,1.288,rt,
musienene,2026-08-15,1.193,0.973,1.477,1.092,1.302,rt,
musienene,2026-08-16,1.196,0.962,1.501,1.09,1.315,rt,
musienene,2026-08-17,1.195,0.947,1.543,1.082,1.326,rt,
musienene,2026-08-18,1.196,0.961,1.507,1.087,1.312,rt,
musienene,2026-08-19,1.188,0.969,1.481,1.081,1.3,rt,
musienene,2026-08-20,1.177,0.97,1.47,1.077,1.285,rt,
musienene,2026-08-21,1.165,0.954,1.458,1.072,1.267,rt,
musienene,2026-08-22,1.153,0.929,1.438,1.055,1.255,rt,
musienene,2026-08-23,1.133,0.894,1.439,1.035,1.244,rt,
musienene,2026-08-24,1.109,0.86,1.438,1.001,1.233,rt,
musienene,2026-08-25,1.081,0.848,1.378,0.983,1.191,rt,
musienene,2026-08-26,1.053,0.836,1.321,0.956,1.158,rt,
musienene,2026-08-27,1.023,0.809,1.285,0.929,1.121,rt,
musienene,2026-08-28,0.984,0.775,1.243,0.893,1.084,rt,
musienene,2026-08-29,0.947,0.737,1.202,0.858,1.046,rt,
musienene,2026-08-30,0.913,0.697,1.169,0.824,1.018,rt,
musienene,2026-08-31,0.862,0.638,1.129,0.768,0.972,rt,
musienene,2026-09-01,0.828,0.622,1.071,0.742,0.916,rt,
musienene,2026-09-02,0.793,0.6,1.023,0.712,0.881,rt,
musienene,2026-09-03,0.761,0.574,0.982,0.683,0.842,rt,
musienene,2026-09-04,0.732,0.552,0.933,0.659,0.809,rt,
musienene,2026-09-05,0.704,0.525,0.897,0.63,0.781,rt,
musienene,2026-09-06,0.678,0.502,0.876,0.599,0.757,rt,
musienene,2026-09-07,0.656,0.477,0.866,0.576,0.743,rt,
musienene,2026-09-08,0.652,0.481,0.856,0.575,0.734,rt,
musienene,2026-09-09,0.65,0.479,0.846,0.568,0.729,rt,
musienene,2026-09-10,0.645,0.48,0.844,0.564,0.725,rt,
musienene,2026-09-11,0.648,0.474,0.853,0.565,0.726,rt,
musienene,2026-09-12,0.647,0.468,0.868,0.566,0.727,rt,
musienene,2026-09-13,0.646,0.459,0.886,0.561,0.732,rt,
musienene,2026-09-14,0.652,0.452,0.918,0.565,0.75,rt,
musienene,2026-09-15,0.66,0.453,0.934,0.571,0.76,rt,
musienene,2026-09-16,0.666,0.455,0.938,0.577,0.767,rt,
musienene,2026-09-17,0.675,0.46,0.951,0.58,0.779,rt,
musienene,2026-09-18,0.685,0.458,0.969,0.585,0.792,rt,
musienene,2026-09-19,0.691,0.451,1.003,0.59,0.806,rt,
musienene,2026-09-20,0.701,0.444,1.04,0.588,0.827,rt,
musienene,2026-09-21,0.714,0.438,1.092,0.59,0.851,rt,
musienene,2026-09-22,0.717,0.445,1.104,0.595,0.859,rt,
musienene,2026-09-23,0.725,0.448,1.115,0.594,0.869,rt,
musienene,2026-09-24,0.729,0.453,1.135,0.598,0.886,rt,
musienene,2026-09-25,0.736,0.449,1.164,0.595,0.899,rt,
musienene,2026-09-26,0.739,0.448,1.21,0.594,0.917,rt,
musienene,2026-09-27,0.748,0.439,1.233,0.587,0.932,rt,
musienene,2026-09-28,0.748,0.425,1.259,0.578,0.941,rt,
musienene,2026-09-29,0.748,0.419,1.263,0.579,0.944,rt,
musienene,2026-09-30,0.745,0.406,1.298,0.573,0.954,rt,
musienene,2026-10-01,0.751,0.406,1.308,0.58,0.969,rt,
musienene,2026-10-02,0.746,0.394,1.322,0.572,0.966,rt,
mutwanga,2026-08-22,1.573,1.397,1.772,1.496,1.647,rt,
mutwanga,2026-08-23,1.565,1.394,1.772,1.491,1.639,rt,
mutwanga,2026-08-24,1.547,1.374,1.758,1.472,1.624,rt,
mutwanga,2026-08-25,1.524,1.351,1.733,1.447,1.602,rt,
mutwanga,2026-08-26,1.501,1.325,1.714,1.425,1.582,rt,
mutwanga,2026-08-27,1.476,1.302,1.7,1.397,1.562,rt,
mutwanga,2026-08-28,1.441,1.277,1.652,1.369,1.521,rt,
mutwanga,2026-08-29,1.408,1.245,1.609,1.338,1.484,rt,
mutwanga,2026-08-30,1.374,1.209,1.57,1.304,1.447,rt,
mutwanga,2026-08-31,1.314,1.146,1.507,1.244,1.387,rt,
mutwanga,2026-09-01,1.265,1.101,1.443,1.194,1.331,rt,
mutwanga,2026-09-02,1.218,1.056,1.393,1.15,1.281,rt,
mutwanga,2026-09-03,1.172,1.011,1.346,1.102,1.237,rt,
mutwanga,2026-09-04,1.129,0.98,1.283,1.067,1.187,rt,
mutwanga,2026-09-05,1.088,0.946,1.237,1.031,1.143,rt,
mutwanga,2026-09-06,1.05,0.909,1.193,0.994,1.104,rt,
mutwanga,2026-09-07,1.022,0.879,1.17,0.965,1.076,rt,
mutwanga,2026-09-08,1.002,0.864,1.148,0.946,1.06,rt,
mutwanga,2026-09-09,0.985,0.848,1.13,0.927,1.041,rt,
mutwanga,2026-09-10,0.967,0.831,1.116,0.908,1.026,rt,
mutwanga,2026-09-11,0.954,0.829,1.099,0.897,1.012,rt,
mutwanga,2026-09-12,0.943,0.818,1.088,0.887,0.998,rt,
mutwanga,2026-09-13,0.931,0.8,1.083,0.874,0.988,rt,
mutwanga,2026-09-14,0.93,0.791,1.09,0.87,0.995,rt,
mutwanga,2026-09-15,0.929,0.788,1.1,0.866,0.997,rt,
mutwanga,2026-09-16,0.927,0.781,1.109,0.862,0.998,rt,
mutwanga,2026-09-17,0.926,0.771,1.119,0.857,0.999,rt,
mutwanga,2026-09-18,0.929,0.767,1.137,0.857,1.003,rt,
mutwanga,2026-09-19,0.929,0.752,1.153,0.856,1.006,rt,
mutwanga,2026-09-20,0.929,0.74,1.167,0.852,1.014,rt,
mutwanga,2026-09-21,0.937,0.728,1.189,0.853,1.028,rt,
mutwanga,2026-09-22,0.941,0.721,1.202,0.854,1.039,rt,
mutwanga,2026-09-23,0.944,0.718,1.224,0.852,1.049,rt,
mutwanga,2026-09-24,0.947,0.711,1.242,0.853,1.059,rt,
mutwanga,2026-09-25,0.953,0.702,1.243,0.853,1.062,rt,
mutwanga,2026-09-26,0.956,0.696,1.257,0.85,1.068,rt,
mutwanga,2026-09-27,0.958,0.69,1.274,0.847,1.081,rt,
mutwanga,2026-09-28,0.952,0.686,1.283,0.836,1.081,rt,
mutwanga,2026-09-29,0.946,0.665,1.302,0.828,1.085,rt,
mutwanga,2026-09-30,0.938,0.65,1.309,0.817,1.086,rt,
mutwanga,2026-10-01,0.934,0.653,1.269,0.819,1.074,rt,
mutwanga,2026-10-02,0.933,0.663,1.245,0.82,1.063,rt,
oicha,2026-07-25,1.3,1.151,1.466,1.24,1.365,rt,
oicha,2026-07-26,1.302,1.154,1.474,1.241,1.371,rt,
oicha,2026-07-27,1.31,1.15,1.485,1.243,1.383,rt,
oicha,2026-07-28,1.32,1.165,1.494,1.253,1.391,rt,
oicha,2026-07-29,1.33,1.17,1.507,1.26,1.402,rt,
oicha,2026-07-30,1.34,1.171,1.523,1.266,1.415,rt,
oicha,2026-07-31,1.347,1.183,1.516,1.277,1.416,rt,
oicha,2026-08-01,1.35,1.192,1.518,1.283,1.414,rt,
oicha,2026-08-02,1.356,1.191,1.519,1.285,1.419,rt,
oicha,2026-08-03,1.358,1.191,1.525,1.287,1.421,rt,
oicha,2026-08-04,1.364,1.197,1.527,1.293,1.428,rt,
oicha,2026-08-05,1.371,1.205,1.541,1.299,1.435,rt,
oicha,2026-08-06,1.378,1.211,1.55,1.303,1.446,rt,
oicha,2026-08-07,1.39,1.236,1.556,1.323,1.459,rt,
oicha,2026-08-08,1.405,1.259,1.571,1.342,1.473,rt,
oicha,2026-08-09,1.419,1.27,1.587,1.355,1.49,rt,
oicha,2026-08-10,1.434,1.275,1.613,1.365,1.504,rt,
oicha,2026-08-11,1.451,1.29,1.637,1.38,1.523,rt,
oicha,2026-08-12,1.464,1.298,1.666,1.392,1.543,rt,
oicha,2026-08-13,1.482,1.303,1.697,1.404,1.563,rt,
oicha,2026-08-14,1.493,1.326,1.692,1.422,1.573,rt,
oicha,2026-08-15,1.503,1.339,1.693,1.435,1.585,rt,
oicha,2026-08-16,1.51,1.349,1.701,1.445,1.594,rt,
oicha,2026-08-17,1.521,1.357,1.725,1.452,1.606,rt,
oicha,2026-08-18,1.531,1.365,1.735,1.458,1.612,rt,
oicha,2026-08-19,1.539,1.367,1.747,1.463,1.617,rt,
oicha,2026-08-20,1.543,1.359,1.76,1.463,1.622,rt,
oicha,2026-08-21,1.542,1.368,1.74,1.463,1.617,rt,
oicha,2026-08-22,1.535,1.366,1.736,1.46,1.611,rt,
oicha,2026-08-23,1.527,1.363,1.733,1.456,1.606,rt,
oicha,2026-08-24,1.511,1.339,1.723,1.438,1.589,rt,
oicha,2026-08-25,1.488,1.318,1.699,1.413,1.566,rt,
oicha,2026-08-26,1.465,1.295,1.675,1.39,1.545,rt,
oicha,2026-08-27,1.441,1.266,1.656,1.365,1.526,rt,
oicha,2026-08-28,1.408,1.239,1.609,1.333,1.485,rt,
oicha,2026-08-29,1.372,1.211,1.565,1.302,1.445,rt,
oicha,2026-08-30,1.338,1.174,1.529,1.268,1.41,rt,
oicha,2026-08-31,1.278,1.111,1.466,1.208,1.349,rt,
oicha,2026-09-01,1.229,1.065,1.41,1.158,1.297,rt,
oicha,2026-09-02,1.182,1.021,1.357,1.115,1.248,rt,
oicha,2026-09-03,1.137,0.977,1.31,1.072,1.204,rt,
oicha,2026-09-04,1.096,0.948,1.253,1.038,1.152,rt,
oicha,2026-09-05,1.055,0.916,1.204,0.999,1.106,rt,
oicha,2026-09-06,1.016,0.881,1.157,0.962,1.068,rt,
oicha,2026-09-07,0.989,0.849,1.134,0.931,1.043,rt,
oicha,2026-09-08,0.97,0.835,1.111,0.916,1.023,rt,
oicha,2026-09-09,0.951,0.821,1.092,0.897,1.007,rt,
oicha,2026-09-10,0.935,0.803,1.074,0.878,0.994,rt,
oicha,2026-09-11,0.924,0.799,1.058,0.869,0.98,rt,
oicha,2026-09-12,0.913,0.79,1.052,0.858,0.97,rt,
oicha,2026-09-13,0.901,0.775,1.051,0.846,0.959,rt,
oicha,2026-09-14,0.901,0.766,1.061,0.843,0.963,rt,
oicha,2026-09-15,0.897,0.762,1.072,0.84,0.966,rt,
oicha,2026-09-16,0.897,0.755,1.08,0.836,0.969,rt,
oicha,2026-09-17,0.898,0.744,1.085,0.831,0.972,rt,
oicha,2026-09-18,0.899,0.738,1.099,0.832,0.977,rt,
oicha,2026-09-19,0.899,0.728,1.111,0.83,0.978,rt,
oicha,2026-09-20,0.899,0.713,1.129,0.826,0.986,rt,
oicha,2026-09-21,0.907,0.701,1.153,0.826,1.0,rt,
oicha,2026-09-22,0.911,0.7,1.164,0.827,1.008,rt,
oicha,2026-09-23,0.915,0.692,1.186,0.827,1.018,rt,
oicha,2026-09-24,0.92,0.686,1.202,0.826,1.028,rt,
oicha,2026-09-25,0.924,0.683,1.21,0.827,1.033,rt,
oicha,2026-09-26,0.926,0.672,1.225,0.824,1.043,rt,
oicha,2026-09-27,0.928,0.663,1.239,0.818,1.05,rt,
oicha,2026-09-28,0.921,0.651,1.24,0.809,1.05,rt,
oicha,2026-09-29,0.918,0.635,1.252,0.804,1.054,rt,
oicha,2026-09-30,0.911,0.618,1.27,0.793,1.056,rt,
oicha,2026-10-01,0.908,0.628,1.243,0.79,1.046,rt,
oicha,2026-10-02,0.904,0.635,1.217,0.791,1.034,rt,
vuhovi,2026-08-11,1.713,1.393,2.15,1.569,1.875,rt,
vuhovi,2026-08-12,1.737,1.425,2.173,1.593,1.902,rt,
vuhovi,2026-08-13,1.756,1.442,2.192,1.615,1.929,rt,
vuhovi,2026-08-14,1.776,1.472,2.21,1.641,1.939,rt,
vuhovi,2026-08-15,1.798,1.488,2.244,1.661,1.957,rt,
vuhovi,2026-08-16,1.81,1.497,2.289,1.669,1.987,rt,
vuhovi,2026-08-17,1.838,1.496,2.353,1.676,2.025,rt,
vuhovi,2026-08-18,1.856,1.518,2.36,1.7,2.038,rt,
vuhovi,2026-08-19,1.874,1.532,2.379,1.716,2.052,rt,
vuhovi,2026-08-20,1.89,1.531,2.381,1.733,2.071,rt,
vuhovi,2026-08-21,1.889,1.544,2.382,1.741,2.071,rt,
vuhovi,2026-08-22,1.896,1.535,2.39,1.74,2.086,rt,
vuhovi,2026-08-23,1.907,1.516,2.406,1.737,2.103,rt,
vuhovi,2026-08-24,1.887,1.477,2.44,1.718,2.1,rt,
vuhovi,2026-08-25,1.864,1.473,2.378,1.687,2.058,rt,
vuhovi,2026-08-26,1.833,1.459,2.333,1.657,2.014,rt,
vuhovi,2026-08-27,1.803,1.431,2.302,1.634,1.976,rt,
vuhovi,2026-08-28,1.754,1.396,2.235,1.6,1.925,rt,
vuhovi,2026-08-29,1.709,1.356,2.173,1.554,1.873,rt,
vuhovi,2026-08-30,1.658,1.312,2.115,1.503,1.83,rt,
vuhovi,2026-08-31,1.585,1.237,2.039,1.423,1.761,rt,
vuhovi,2026-09-01,1.51,1.193,1.921,1.362,1.674,rt,
vuhovi,2026-09-02,1.442,1.143,1.814,1.308,1.593,rt,
vuhovi,2026-09-03,1.379,1.091,1.726,1.252,1.522,rt,
vuhovi,2026-09-04,1.319,1.046,1.66,1.2,1.454,rt,
vuhovi,2026-09-05,1.265,0.989,1.596,1.148,1.39,rt,
vuhovi,2026-09-06,1.214,0.931,1.55,1.094,1.333,rt,
vuhovi,2026-09-07,1.169,0.887,1.52,1.051,1.299,rt,
vuhovi,2026-09-08,1.137,0.872,1.459,1.026,1.257,rt,
vuhovi,2026-09-09,1.109,0.855,1.417,1.001,1.219,rt,
vuhovi,2026-09-10,1.079,0.836,1.389,0.972,1.191,rt,
vuhovi,2026-09-11,1.056,0.814,1.353,0.951,1.169,rt,
vuhovi,2026-09-12,1.035,0.786,1.338,0.928,1.149,rt,
vuhovi,2026-09-13,1.012,0.762,1.324,0.905,1.135,rt,
vuhovi,2026-09-14,1.003,0.742,1.33,0.889,1.137,rt,
vuhovi,2026-09-15,0.996,0.737,1.319,0.886,1.128,rt,
vuhovi,2026-09-16,0.992,0.725,1.318,0.879,1.116,rt,
vuhovi,2026-09-17,0.984,0.72,1.319,0.87,1.111,rt,
vuhovi,2026-09-18,0.983,0.71,1.329,0.863,1.105,rt,
vuhovi,2026-09-19,0.98,0.702,1.333,0.858,1.108,rt,
vuhovi,2026-09-20,0.972,0.683,1.35,0.844,1.107,rt,
vuhovi,2026-09-21,0.976,0.678,1.373,0.837,1.12,rt,
vuhovi,2026-09-22,0.974,0.675,1.395,0.835,1.124,rt,
vuhovi,2026-09-23,0.978,0.668,1.407,0.837,1.13,rt,
vuhovi,2026-09-24,0.982,0.659,1.419,0.837,1.137,rt,
vuhovi,2026-09-25,0.982,0.648,1.436,0.831,1.147,rt,
vuhovi,2026-09-26,0.983,0.637,1.464,0.824,1.153,rt,
vuhovi,2026-09-27,0.984,0.62,1.494,0.812,1.164,rt,
vuhovi,2026-09-28,0.979,0.607,1.508,0.795,1.165,rt,
vuhovi,2026-09-29,0.965,0.596,1.507,0.789,1.16,rt,
vuhovi,2026-09-30,0.959,0.584,1.53,0.778,1.16,rt,
vuhovi,2026-10-01,0.948,0.578,1.492,0.776,1.151,rt,
vuhovi,2026-10-02,0.936,0.564,1.473,0.765,1.141,rt,
boma_mangbetu,2026-07-14,1.645,1.285,2.109,1.489,1.826,rt,
boma_mangbetu,2026-07-15,1.606,1.26,2.048,1.456,1.781,rt,
boma_mangbetu,2026-07-16,1.568,1.235,2.011,1.42,1.739,rt,
boma_mangbetu,2026-07-17,1.54,1.22,1.96,1.399,1.697,rt,
boma_mangbetu,2026-07-18,1.513,1.203,1.924,1.375,1.664,rt,
boma_mangbetu,2026-07-19,1.486,1.174,1.891,1.347,1.636,rt,
boma_mangbetu,2026-07-20,1.463,1.129,1.88,1.316,1.618,rt,
boma_mangbetu,2026-07-21,1.438,1.114,1.828,1.296,1.585,rt,
boma_mangbetu,2026-07-22,1.412,1.109,1.797,1.283,1.559,rt,
boma_mangbetu,2026-07-23,1.392,1.094,1.759,1.262,1.534,rt,
boma_mangbetu,2026-07-24,1.364,1.078,1.703,1.242,1.499,rt,
boma_mangbetu,2026-07-25,1.337,1.054,1.666,1.222,1.471,rt,
boma_mangbetu,2026-07-26,1.313,1.023,1.654,1.196,1.445,rt,
boma_mangbetu,2026-07-27,1.289,0.994,1.651,1.167,1.425,rt,
boma_mangbetu,2026-07-28,1.27,0.988,1.603,1.157,1.392,rt,
boma_mangbetu,2026-07-29,1.25,0.984,1.565,1.14,1.362,rt,
boma_mangbetu,2026-07-30,1.228,0.969,1.538,1.121,1.336,rt,
boma_mangbetu,2026-07-31,1.205,0.959,1.489,1.105,1.312,rt,
boma_mangbetu,2026-08-01,1.183,0.933,1.452,1.083,1.285,rt,
boma_mangbetu,2026-08-02,1.156,0.9,1.435,1.057,1.265,rt,
boma_mangbetu,2026-08-03,1.135,0.876,1.426,1.034,1.255,rt,
boma_mangbetu,2026-08-04,1.125,0.878,1.408,1.028,1.242,rt,
boma_mangbetu,2026-08-05,1.113,0.881,1.405,1.019,1.233,rt,
boma_mangbetu,2026-08-06,1.108,0.872,1.395,1.009,1.227,rt,
boma_mangbetu,2026-08-07,1.096,0.862,1.368,0.997,1.205,rt,
boma_mangbetu,2026-08-08,1.085,0.85,1.346,0.985,1.189,rt,
boma_mangbetu,2026-08-09,1.074,0.832,1.348,0.968,1.18,rt,
boma_mangbetu,2026-08-10,1.053,0.802,1.336,0.944,1.16,rt,
boma_mangbetu,2026-08-11,1.035,0.802,1.293,0.933,1.137,rt,
boma_mangbetu,2026-08-12,1.016,0.795,1.263,0.92,1.116,rt,
boma_mangbetu,2026-08-13,0.997,0.783,1.235,0.905,1.097,rt,
boma_mangbetu,2026-08-14,0.979,0.772,1.204,0.89,1.076,rt,
boma_mangbetu,2026-08-15,0.959,0.76,1.185,0.876,1.054,rt,
boma_mangbetu,2026-08-16,0.941,0.741,1.179,0.857,1.033,rt,
boma_mangbetu,2026-08-17,0.925,0.717,1.179,0.838,1.025,rt,
boma_mangbetu,2026-08-18,0.915,0.712,1.159,0.833,1.008,rt,
boma_mangbetu,2026-08-19,0.906,0.703,1.144,0.823,0.994,rt,
boma_mangbetu,2026-08-20,0.895,0.693,1.139,0.813,0.977,rt,
boma_mangbetu,2026-08-21,0.894,0.693,1.121,0.808,0.973,rt,
boma_mangbetu,2026-08-22,0.887,0.688,1.115,0.804,0.974,rt,
boma_mangbetu,2026-08-23,0.879,0.676,1.115,0.795,0.972,rt,
boma_mangbetu,2026-08-24,0.888,0.677,1.144,0.799,0.99,rt,
boma_mangbetu,2026-08-25,0.9,0.691,1.137,0.813,0.999,rt,
boma_mangbetu,2026-08-26,0.911,0.707,1.152,0.824,1.008,rt,
boma_mangbetu,2026-08-27,0.921,0.715,1.173,0.834,1.02,rt,
boma_mangbetu,2026-08-28,0.924,0.722,1.164,0.835,1.018,rt,
boma_mangbetu,2026-08-29,0.927,0.726,1.174,0.838,1.017,rt,
boma_mangbetu,2026-08-30,0.923,0.725,1.179,0.836,1.02,rt,
boma_mangbetu,2026-08-31,0.929,0.719,1.201,0.839,1.031,rt,
boma_mangbetu,2026-09-01,0.927,0.726,1.192,0.842,1.03,rt,
boma_mangbetu,2026-09-02,0.932,0.727,1.19,0.844,1.032,rt,
boma_mangbetu,2026-09-03,0.935,0.725,1.191,0.845,1.036,rt,
boma_mangbetu,2026-09-04,0.936,0.728,1.196,0.846,1.035,rt,
boma_mangbetu,2026-09-05,0.935,0.726,1.207,0.845,1.041,rt,
boma_mangbetu,2026-09-06,0.936,0.717,1.214,0.839,1.046,rt,
boma_mangbetu,2026-09-07,0.93,0.695,1.218,0.824,1.044,rt,
boma_mangbetu,2026-09-08,0.919,0.691,1.212,0.817,1.033,rt,
boma_mangbetu,2026-09-09,0.909,0.68,1.212,0.805,1.023,rt,
boma_mangbetu,2026-09-10,0.901,0.664,1.204,0.796,1.015,rt,
boma_mangbetu,2026-09-11,0.895,0.653,1.202,0.784,1.004,rt,
boma_mangbetu,2026-09-12,0.888,0.639,1.201,0.775,0.995,rt,
boma_mangbetu,2026-09-13,0.881,0.624,1.207,0.764,0.994,rt,
boma_mangbetu,2026-09-14,0.868,0.604,1.215,0.747,0.991,rt,
boma_mangbetu,2026-09-15,0.853,0.596,1.204,0.733,0.98,rt,
boma_mangbetu,2026-09-16,0.843,0.581,1.189,0.726,0.972,rt,
boma_mangbetu,2026-09-17,0.836,0.566,1.18,0.715,0.965,rt,
boma_mangbetu,2026-09-18,0.823,0.551,1.175,0.702,0.951,rt,
boma_mangbetu,2026-09-19,0.815,0.53,1.165,0.693,0.942,rt,
boma_mangbetu,2026-09-20,0.806,0.511,1.159,0.679,0.937,rt,
boma_mangbetu,2026-09-21,0.802,0.499,1.164,0.671,0.938,rt,
boma_mangbetu,2026-09-22,0.796,0.494,1.168,0.67,0.94,rt,
boma_mangbetu,2026-09-23,0.795,0.49,1.168,0.662,0.941,rt,
boma_mangbetu,2026-09-24,0.792,0.488,1.181,0.654,0.943,rt,
boma_mangbetu,2026-09-25,0.786,0.488,1.187,0.648,0.934,rt,
boma_mangbetu,2026-09-26,0.784,0.481,1.186,0.644,0.932,rt,
boma_mangbetu,2026-09-27,0.781,0.463,1.185,0.636,0.936,rt,
boma_mangbetu,2026-09-28,0.778,0.455,1.196,0.631,0.937,rt,
boma_mangbetu,2026-09-29,0.775,0.455,1.203,0.63,0.939,rt,
boma_mangbetu,2026-09-30,0.772,0.448,1.21,0.624,0.935,rt,
boma_mangbetu,2026-10-01,0.777,0.46,1.207,0.632,0.939,rt,
boma_mangbetu,2026-10-02,0.783,0.466,1.199,0.638,0.942,rt,
isiro,2026-07-08,2.727,2.091,3.691,2.452,3.094,rt,
isiro,2026-07-09,2.675,2.055,3.616,2.409,3.026,rt,
isiro,2026-07-10,2.606,2.005,3.52,2.359,2.931,rt,
isiro,2026-07-11,2.539,1.959,3.435,2.297,2.876,rt,
isiro,2026-07-12,2.488,1.905,3.368,2.233,2.81,rt,
isiro,2026-07-13,2.421,1.834,3.287,2.156,2.738,rt,
isiro,2026-07-14,2.343,1.802,3.113,2.102,2.61,rt,
isiro,2026-07-15,2.26,1.757,2.956,2.044,2.513,rt,
isiro,2026-07-16,2.175,1.719,2.83,1.983,2.438,rt,
isiro,2026-07-17,2.115,1.696,2.7,1.934,2.352,rt,
isiro,2026-07-18,2.052,1.657,2.602,1.88,2.269,rt,
isiro,2026-07-19,1.997,1.593,2.536,1.825,2.194,rt,
isiro,2026-07-20,1.943,1.537,2.481,1.77,2.136,rt,
isiro,2026-07-21,1.891,1.505,2.383,1.736,2.074,rt,
isiro,2026-07-22,1.839,1.483,2.304,1.699,2.021,rt,
isiro,2026-07-23,1.795,1.455,2.238,1.655,1.967,rt,
isiro,2026-07-24,1.746,1.427,2.143,1.614,1.905,rt,
isiro,2026-07-25,1.701,1.39,2.075,1.572,1.851,rt,
isiro,2026-07-26,1.655,1.348,2.029,1.525,1.804,rt,
isiro,2026-07-27,1.619,1.296,1.991,1.478,1.77,rt,
isiro,2026-07-28,1.582,1.286,1.928,1.455,1.728,rt,
isiro,2026-07-29,1.55,1.27,1.876,1.43,1.689,rt,
isiro,2026-07-30,1.515,1.244,1.832,1.401,1.652,rt,
isiro,2026-07-31,1.481,1.224,1.779,1.375,1.607,rt,
isiro,2026-08-01,1.449,1.198,1.74,1.34,1.569,rt,
isiro,2026-08-02,1.415,1.164,1.712,1.302,1.537,rt,
isiro,2026-08-03,1.383,1.125,1.696,1.271,1.508,rt,
isiro,2026-08-04,1.336,1.1,1.634,1.237,1.459,rt,
isiro,2026-08-05,1.294,1.069,1.575,1.201,1.414,rt,
isiro,2026-08-06,1.257,1.033,1.534,1.165,1.367,rt,
isiro,2026-08-07,1.214,0.999,1.472,1.128,1.323,rt,
isiro,2026-08-08,1.173,0.966,1.423,1.087,1.273,rt,
isiro,2026-08-09,1.133,0.925,1.392,1.045,1.237,rt,
isiro,2026-08-10,1.083,0.869,1.346,0.991,1.19,rt,
isiro,2026-08-11,1.031,0.838,1.265,0.948,1.13,rt,
isiro,2026-08-12,0.984,0.798,1.21,0.905,1.071,rt,
isiro,2026-08-13,0.938,0.752,1.143,0.864,1.02,rt,
isiro,2026-08-14,0.89,0.722,1.077,0.825,0.968,rt,
isiro,2026-08-15,0.847,0.686,1.027,0.78,0.918,rt,
isiro,2026-08-16,0.803,0.634,0.986,0.734,0.874,rt,
isiro,2026-08-17,0.769,0.596,0.958,0.694,0.838,rt,
isiro,2026-08-18,0.737,0.575,0.914,0.667,0.808,rt,
isiro,2026-08-19,0.706,0.55,0.881,0.639,0.776,rt,
isiro,2026-08-20,0.677,0.52,0.851,0.612,0.746,rt,
isiro,2026-08-21,0.654,0.503,0.824,0.592,0.723,rt,
isiro,2026-08-22,0.633,0.482,0.805,0.569,0.699,rt,
isiro,2026-08-23,0.614,0.456,0.789,0.545,0.682,rt,
isiro,2026-08-24,0.604,0.439,0.794,0.532,0.678,rt,
isiro,2026-08-25,0.596,0.433,0.776,0.525,0.667,rt,
isiro,2026-08-26,0.585,0.427,0.768,0.517,0.658,rt,
isiro,2026-08-27,0.576,0.414,0.755,0.509,0.654,rt,
isiro,2026-08-28,0.562,0.404,0.738,0.494,0.636,rt,
isiro,2026-08-29,0.551,0.388,0.726,0.481,0.622,rt,
isiro,2026-08-30,0.54,0.372,0.72,0.469,0.61,rt,
isiro,2026-08-31,0.529,0.35,0.721,0.456,0.604,rt,
isiro,2026-09-01,0.525,0.355,0.71,0.453,0.599,rt,
isiro,2026-09-02,0.52,0.351,0.702,0.45,0.595,rt,
isiro,2026-09-03,0.516,0.348,0.696,0.448,0.59,rt,
isiro,2026-09-04,0.513,0.345,0.69,0.446,0.586,rt,
isiro,2026-09-05,0.509,0.338,0.689,0.441,0.583,rt,
isiro,2026-09-06,0.506,0.33,0.691,0.435,0.58,rt,
isiro,2026-09-07,0.499,0.319,0.699,0.424,0.575,rt,
isiro,2026-09-08,0.497,0.318,0.692,0.423,0.571,rt,
isiro,2026-09-09,0.496,0.316,0.686,0.421,0.568,rt,
isiro,2026-09-10,0.492,0.315,0.691,0.416,0.566,rt,
isiro,2026-09-11,0.489,0.313,0.691,0.413,0.565,rt,
isiro,2026-09-12,0.488,0.307,0.699,0.411,0.567,rt,
isiro,2026-09-13,0.489,0.298,0.711,0.405,0.572,rt,
isiro,2026-09-14,0.487,0.287,0.725,0.4,0.575,rt,
isiro,2026-09-15,0.486,0.29,0.731,0.399,0.572,rt,
isiro,2026-09-16,0.485,0.292,0.735,0.396,0.575,rt,
isiro,2026-09-17,0.483,0.289,0.741,0.394,0.58,rt,
isiro,2026-09-18,0.48,0.287,0.743,0.39,0.58,rt,
isiro,2026-09-19,0.479,0.281,0.746,0.389,0.584,rt,
isiro,2026-09-20,0.479,0.277,0.759,0.39,0.587,rt,
isiro,2026-09-21,0.483,0.275,0.776,0.388,0.595,rt,
isiro,2026-09-22,0.489,0.28,0.777,0.393,0.6,rt,
isiro,2026-09-23,0.489,0.282,0.781,0.397,0.608,rt,
isiro,2026-09-24,0.494,0.28,0.791,0.397,0.612,rt,
isiro,2026-09-25,0.498,0.28,0.797,0.401,0.616,rt,
isiro,2026-09-26,0.501,0.278,0.81,0.4,0.622,rt,
isiro,2026-09-27,0.505,0.276,0.833,0.401,0.628,rt,
isiro,2026-09-28,0.511,0.274,0.86,0.402,0.637,rt,
isiro,2026-09-29,0.515,0.283,0.873,0.405,0.651,rt,
isiro,2026-09-30,0.522,0.282,0.894,0.411,0.66,rt,
isiro,2026-10-01,0.533,0.292,0.912,0.423,0.677,rt,
isiro,2026-10-02,0.544,0.295,0.941,0.431,0.691,rt,
pawa,2026-07-12,1.973,1.498,2.588,1.766,2.205,rt,
pawa,2026-07-13,1.917,1.438,2.534,1.712,2.147,rt,
pawa,2026-07-14,1.867,1.414,2.436,1.676,2.081,rt,
pawa,2026-07-15,1.82,1.393,2.341,1.63,2.019,rt,
pawa,2026-07-16,1.772,1.358,2.287,1.591,1.968,rt,
pawa,2026-07-17,1.73,1.342,2.212,1.561,1.915,rt,
pawa,2026-07-18,1.697,1.319,2.164,1.527,1.873,rt,
pawa,2026-07-19,1.664,1.28,2.13,1.487,1.836,rt,
pawa,2026-07-20,1.628,1.238,2.106,1.447,1.802,rt,
pawa,2026-07-21,1.608,1.234,2.046,1.437,1.766,rt,
pawa,2026-07-22,1.587,1.226,2.01,1.42,1.739,rt,
pawa,2026-07-23,1.561,1.214,1.972,1.406,1.714,rt,
pawa,2026-07-24,1.529,1.201,1.938,1.394,1.68,rt,
pawa,2026-07-25,1.501,1.185,1.889,1.376,1.645,rt,
pawa,2026-07-26,1.479,1.16,1.865,1.348,1.626,rt,
pawa,2026-07-27,1.458,1.131,1.843,1.328,1.612,rt,
pawa,2026-07-28,1.455,1.143,1.827,1.325,1.602,rt,
pawa,2026-07-29,1.453,1.151,1.817,1.329,1.596,rt,
pawa,2026-07-30,1.449,1.153,1.803,1.325,1.588,rt,
pawa,2026-07-31,1.446,1.159,1.779,1.32,1.578,rt,
pawa,2026-08-01,1.441,1.159,1.775,1.317,1.571,rt,
pawa,2026-08-02,1.434,1.145,1.774,1.31,1.564,rt,
pawa,2026-08-03,1.435,1.124,1.78,1.305,1.563,rt,
pawa,2026-08-04,1.445,1.154,1.782,1.322,1.565,rt,
pawa,2026-08-05,1.453,1.174,1.787,1.337,1.574,rt,
pawa,2026-08-06,1.463,1.187,1.797,1.348,1.584,rt,
pawa,2026-08-07,1.47,1.203,1.799,1.355,1.585,rt,
pawa,2026-08-08,1.476,1.211,1.81,1.359,1.597,rt,
pawa,2026-08-09,1.477,1.207,1.824,1.358,1.605,rt,
pawa,2026-08-10,1.466,1.188,1.839,1.342,1.605,rt,
pawa,2026-08-11,1.455,1.194,1.819,1.335,1.587,rt,
pawa,2026-08-12,1.445,1.185,1.804,1.329,1.577,rt,
pawa,2026-08-13,1.432,1.173,1.8,1.315,1.568,rt,
pawa,2026-08-14,1.417,1.166,1.776,1.306,1.549,rt,
pawa,2026-08-15,1.404,1.159,1.755,1.293,1.53,rt,
pawa,2026-08-16,1.39,1.142,1.743,1.273,1.514,rt,
pawa,2026-08-17,1.386,1.123,1.765,1.261,1.513,rt,
pawa,2026-08-18,1.36,1.106,1.707,1.242,1.481,rt,
pawa,2026-08-19,1.332,1.085,1.672,1.221,1.457,rt,
pawa,2026-08-20,1.306,1.058,1.63,1.195,1.427,rt,
pawa,2026-08-21,1.289,1.053,1.601,1.182,1.405,rt,
pawa,2026-08-22,1.273,1.045,1.57,1.167,1.383,rt,
pawa,2026-08-23,1.256,1.027,1.543,1.15,1.361,rt,
pawa,2026-08-24,1.26,1.028,1.549,1.153,1.37,rt,
pawa,2026-08-25,1.256,1.032,1.534,1.154,1.36,rt,
pawa,2026-08-26,1.251,1.031,1.517,1.151,1.353,rt,
pawa,2026-08-27,1.243,1.026,1.51,1.147,1.346,rt,
pawa,2026-08-28,1.224,1.016,1.481,1.132,1.323,rt,
pawa,2026-08-29,1.202,1.001,1.451,1.118,1.297,rt,
pawa,2026-08-30,1.183,0.98,1.438,1.096,1.281,rt,
pawa,2026-08-31,1.172,0.961,1.432,1.081,1.271,rt,
pawa,2026-09-01,1.162,0.953,1.407,1.073,1.256,rt,
pawa,2026-09-02,1.151,0.947,1.383,1.063,1.243,rt,
pawa,2026-09-03,1.135,0.933,1.372,1.051,1.23,rt,
pawa,2026-09-04,1.124,0.927,1.349,1.037,1.213,rt,
pawa,2026-09-05,1.113,0.917,1.338,1.02,1.194,rt,
pawa,2026-09-06,1.097,0.896,1.328,1.003,1.186,rt,
pawa,2026-09-07,1.074,0.861,1.309,0.973,1.168,rt,
pawa,2026-09-08,1.055,0.847,1.286,0.962,1.146,rt,
pawa,2026-09-09,1.036,0.833,1.269,0.947,1.128,rt,
pawa,2026-09-10,1.021,0.811,1.259,0.932,1.115,rt,
pawa,2026-09-11,1.005,0.794,1.24,0.922,1.097,rt,
pawa,2026-09-12,0.988,0.778,1.228,0.904,1.084,rt,
pawa,2026-09-13,0.976,0.76,1.227,0.883,1.073,rt,
pawa,2026-09-14,0.96,0.733,1.225,0.864,1.061,rt,
pawa,2026-09-15,0.943,0.714,1.215,0.849,1.045,rt,
pawa,2026-09-16,0.925,0.7,1.203,0.831,1.029,rt,
pawa,2026-09-17,0.914,0.676,1.187,0.815,1.019,rt,
pawa,2026-09-18,0.899,0.663,1.175,0.798,1.001,rt,
pawa,2026-09-19,0.886,0.647,1.165,0.781,0.988,rt,
pawa,2026-09-20,0.872,0.623,1.161,0.762,0.981,rt,
pawa,2026-09-21,0.867,0.603,1.159,0.75,0.977,rt,
pawa,2026-09-22,0.86,0.591,1.165,0.742,0.971,rt,
pawa,2026-09-23,0.855,0.581,1.163,0.732,0.973,rt,
pawa,2026-09-24,0.848,0.567,1.167,0.722,0.972,rt,
pawa,2026-09-25,0.839,0.56,1.169,0.714,0.969,rt,
pawa,2026-09-26,0.832,0.546,1.175,0.712,0.959,rt,
pawa,2026-09-27,0.826,0.532,1.192,0.705,0.959,rt,
pawa,2026-09-28,0.822,0.515,1.195,0.692,0.96,rt,
pawa,2026-09-29,0.816,0.502,1.191,0.689,0.956,rt,
pawa,2026-09-30,0.816,0.502,1.194,0.68,0.958,rt,
pawa,2026-10-01,0.819,0.511,1.178,0.683,0.955,rt,
pawa,2026-10-02,0.825,0.51,1.164,0.685,0.954,rt,
wamba,2026-06-30,2.27,1.747,3.002,2.042,2.521,rt,
wamba,2026-07-01,2.212,1.702,2.917,1.987,2.46,rt,
wamba,2026-07-02,2.149,1.662,2.851,1.932,2.395,rt,
wamba,2026-07-03,2.098,1.647,2.74,1.898,2.344,rt,
wamba,2026-07-04,2.053,1.618,2.637,1.856,2.287,rt,
wamba,2026-07-05,2.008,1.574,2.569,1.806,2.233,rt,
wamba,2026-07-06,1.954,1.519,2.507,1.745,2.18,rt,
wamba,2026-07-07,1.91,1.498,2.453,1.719,2.129,rt,
wamba,2026-07-08,1.869,1.48,2.381,1.694,2.082,rt,
wamba,2026-07-09,1.834,1.456,2.336,1.671,2.038,rt,
wamba,2026-07-10,1.795,1.434,2.269,1.637,1.982,rt,
wamba,2026-07-11,1.759,1.4,2.206,1.6,1.932,rt,
wamba,2026-07-12,1.718,1.354,2.183,1.565,1.892,rt,
wamba,2026-07-13,1.676,1.299,2.14,1.52,1.85,rt,
wamba,2026-07-14,1.644,1.287,2.084,1.495,1.81,rt,
wamba,2026-07-15,1.617,1.277,2.052,1.473,1.781,rt,
wamba,2026-07-16,1.594,1.267,2.013,1.45,1.754,rt,
wamba,2026-07-17,1.572,1.269,1.967,1.436,1.727,rt,
wamba,2026-07-18,1.553,1.254,1.936,1.42,1.703,rt,
wamba,2026-07-19,1.535,1.229,1.91,1.41,1.686,rt,
wamba,2026-07-20,1.521,1.2,1.926,1.39,1.673,rt,
wamba,2026-07-21,1.501,1.188,1.873,1.38,1.644,rt,
wamba,2026-07-22,1.481,1.18,1.838,1.364,1.62,rt,
wamba,2026-07-23,1.46,1.164,1.817,1.348,1.603,rt,
wamba,2026-07-24,1.442,1.159,1.779,1.331,1.568,rt,
wamba,2026-07-25,1.424,1.146,1.748,1.312,1.542,rt,
wamba,2026-07-26,1.404,1.124,1.725,1.286,1.524,rt,
wamba,2026-07-27,1.384,1.095,1.723,1.264,1.514,rt,
wamba,2026-07-28,1.357,1.089,1.667,1.245,1.479,rt,
wamba,2026-07-29,1.33,1.077,1.624,1.223,1.45,rt,
wamba,2026-07-30,1.299,1.057,1.593,1.2,1.418,rt,
wamba,2026-07-31,1.276,1.046,1.543,1.178,1.381,rt,
wamba,2026-08-01,1.248,1.02,1.515,1.151,1.347,rt,
wamba,2026-08-02,1.221,0.988,1.497,1.118,1.323,rt,
wamba,2026-08-03,1.195,0.946,1.486,1.084,1.304,rt,
wamba,2026-08-04,1.18,0.945,1.452,1.073,1.284,rt,
wamba,2026-08-05,1.161,0.934,1.43,1.068,1.263,rt,
wamba,2026-08-06,1.14,0.917,1.411,1.056,1.246,rt,
wamba,2026-08-07,1.123,0.906,1.372,1.037,1.226,rt,
wamba,2026-08-08,1.105,0.887,1.349,1.016,1.206,rt,
wamba,2026-08-09,1.089,0.863,1.342,0.993,1.187,rt,
wamba,2026-08-10,1.057,0.824,1.311,0.961,1.161,rt,
wamba,2026-08-11,1.033,0.817,1.27,0.948,1.128,rt,
wamba,2026-08-12,1.008,0.81,1.241,0.93,1.101,rt,
wamba,2026-08-13,0.988,0.79,1.217,0.909,1.073,rt,
wamba,2026-08-14,0.961,0.776,1.181,0.887,1.042,rt,
wamba,2026-08-15,0.938,0.755,1.145,0.865,1.019,rt,
wamba,2026-08-16,0.915,0.726,1.127,0.84,0.998,rt,
wamba,2026-08-17,0.895,0.699,1.125,0.815,0.986,rt,
wamba,2026-08-18,0.883,0.704,1.105,0.806,0.969,rt,
wamba,2026-08-19,0.871,0.7,1.091,0.797,0.955,rt,
wamba,2026-08-20,0.86,0.691,1.081,0.787,0.94,rt,
wamba,2026-08-21,0.856,0.691,1.061,0.784,0.932,rt,
wamba,2026-08-22,0.85,0.687,1.055,0.777,0.927,rt,
wamba,2026-08-23,0.844,0.678,1.05,0.774,0.921,rt,
wamba,2026-08-24,0.852,0.662,1.076,0.778,0.941,rt,
wamba,2026-08-25,0.87,0.687,1.08,0.794,0.951,rt,
wamba,2026-08-26,0.884,0.7,1.096,0.807,0.965,rt,
wamba,2026-08-27,0.9,0.714,1.116,0.819,0.977,rt,
wamba,2026-08-28,0.903,0.723,1.112,0.823,0.98,rt,
wamba,2026-08-29,0.908,0.725,1.117,0.832,0.986,rt,
wamba,2026-08-30,0.908,0.724,1.127,0.833,0.991,rt,
wamba,2026-08-31,0.92,0.724,1.152,0.838,1.003,rt,
wamba,2026-09-01,0.924,0.739,1.145,0.847,1.009,rt,
wamba,2026-09-02,0.93,0.744,1.139,0.853,1.017,rt,
wamba,2026-09-03,0.938,0.75,1.147,0.856,1.025,rt,
wamba,2026-09-04,0.941,0.749,1.153,0.862,1.029,rt,
wamba,2026-09-05,0.943,0.743,1.173,0.864,1.037,rt,
wamba,2026-09-06,0.946,0.733,1.199,0.861,1.046,rt,
wamba,2026-09-07,0.945,0.715,1.213,0.851,1.05,rt,
wamba,2026-09-08,0.937,0.706,1.193,0.838,1.036,rt,
wamba,2026-09-09,0.93,0.698,1.188,0.831,1.03,rt,
wamba,2026-09-10,0.918,0.683,1.189,0.819,1.023,rt,
wamba,2026-09-11,0.907,0.672,1.179,0.809,1.01,rt,
wamba,2026-09-12,0.9,0.662,1.174,0.801,1.003,rt,
wamba,2026-09-13,0.893,0.644,1.178,0.791,0.998,rt,
wamba,2026-09-14,0.882,0.625,1.185,0.773,0.992,rt,
wamba,2026-09-15,0.872,0.613,1.168,0.761,0.98,rt,
wamba,2026-09-16,0.859,0.6,1.165,0.751,0.968,rt,
wamba,2026-09-17,0.853,0.585,1.171,0.739,0.963,rt,
wamba,2026-09-18,0.841,0.572,1.161,0.725,0.955,rt,
wamba,2026-09-19,0.828,0.555,1.155,0.709,0.947,rt,
wamba,2026-09-20,0.82,0.537,1.156,0.695,0.945,rt,
wamba,2026-09-21,0.812,0.522,1.169,0.685,0.953,rt,
wamba,2026-09-22,0.81,0.515,1.174,0.676,0.947,rt,
wamba,2026-09-23,0.804,0.509,1.179,0.668,0.942,rt,
wamba,2026-09-24,0.8,0.501,1.178,0.663,0.945,rt,
wamba,2026-09-25,0.798,0.49,1.176,0.656,0.943,rt,
wamba,2026-09-26,0.794,0.487,1.167,0.652,0.938,rt,
wamba,2026-09-27,0.788,0.472,1.172,0.643,0.933,rt,
wamba,2026-09-28,0.789,0.463,1.189,0.636,0.94,rt,
wamba,2026-09-29,0.787,0.456,1.203,0.632,0.937,rt,
wamba,2026-09-30,0.778,0.443,1.217,0.628,0.942,rt,
wamba,2026-10-01,0.782,0.439,1.202,0.635,0.939,rt,
wamba,2026-10-02,0.788,0.431,1.211,0.64,0.943,rt,
makiso_kisangani,2026-07-29,1.367,1.18,1.579,1.281,1.449,rt,
makiso_kisangani,2026-07-30,1.371,1.179,1.59,1.282,1.455,rt,
makiso_kisangani,2026-07-31,1.373,1.192,1.576,1.29,1.454,rt,
makiso_kisangani,2026-08-01,1.374,1.203,1.567,1.297,1.455,rt,
makiso_kisangani,2026-08-02,1.377,1.21,1.571,1.3,1.458,rt,
makiso_kisangani,2026-08-03,1.374,1.205,1.568,1.297,1.457,rt,
makiso_kisangani,2026-08-04,1.372,1.2,1.572,1.294,1.454,rt,
makiso_kisangani,2026-08-05,1.372,1.192,1.578,1.292,1.454,rt,
makiso_kisangani,2026-08-06,1.37,1.181,1.582,1.287,1.454,rt,
makiso_kisangani,2026-08-07,1.363,1.183,1.574,1.284,1.445,rt,
makiso_kisangani,2026-08-08,1.359,1.178,1.569,1.281,1.442,rt,
makiso_kisangani,2026-08-09,1.354,1.174,1.568,1.273,1.439,rt,
makiso_kisangani,2026-08-10,1.348,1.164,1.565,1.261,1.433,rt,
makiso_kisangani,2026-08-11,1.339,1.147,1.563,1.252,1.428,rt,
makiso_kisangani,2026-08-12,1.333,1.133,1.57,1.246,1.428,rt,
makiso_kisangani,2026-08-13,1.328,1.121,1.572,1.238,1.424,rt,
makiso_kisangani,2026-08-14,1.32,1.123,1.555,1.232,1.409,rt,
makiso_kisangani,2026-08-15,1.314,1.12,1.545,1.229,1.396,rt,
makiso_kisangani,2026-08-16,1.308,1.114,1.544,1.224,1.387,rt,
makiso_kisangani,2026-08-17,1.304,1.109,1.54,1.215,1.382,rt,
makiso_kisangani,2026-08-18,1.299,1.103,1.539,1.208,1.378,rt,
makiso_kisangani,2026-08-19,1.296,1.095,1.541,1.201,1.381,rt,
makiso_kisangani,2026-08-20,1.292,1.089,1.545,1.196,1.38,rt,
makiso_kisangani,2026-08-21,1.291,1.099,1.529,1.204,1.382,rt,
makiso_kisangani,2026-08-22,1.296,1.107,1.531,1.211,1.381,rt,
makiso_kisangani,2026-08-23,1.3,1.111,1.529,1.215,1.384,rt,
makiso_kisangani,2026-08-24,1.31,1.12,1.552,1.226,1.399,rt,
makiso_kisangani,2026-08-25,1.321,1.126,1.566,1.235,1.412,rt,
makiso_kisangani,2026-08-26,1.332,1.134,1.581,1.245,1.426,rt,
makiso_kisangani,2026-08-27,1.342,1.134,1.602,1.252,1.439,rt,
makiso_kisangani,2026-08-28,1.34,1.136,1.595,1.256,1.439,rt,
makiso_kisangani,2026-08-29,1.341,1.131,1.594,1.257,1.437,rt,
makiso_kisangani,2026-08-30,1.34,1.126,1.595,1.255,1.443,rt,
makiso_kisangani,2026-08-31,1.325,1.109,1.582,1.234,1.432,rt,
makiso_kisangani,2026-09-01,1.312,1.088,1.574,1.219,1.424,rt,
makiso_kisangani,2026-09-02,1.298,1.071,1.565,1.2,1.414,rt,
makiso_kisangani,2026-09-03,1.286,1.053,1.566,1.185,1.409,rt,
makiso_kisangani,2026-09-04,1.273,1.043,1.543,1.177,1.391,rt,
makiso_kisangani,2026-09-05,1.265,1.033,1.524,1.167,1.376,rt,
makiso_kisangani,2026-09-06,1.255,1.023,1.513,1.157,1.362,rt,
makiso_kisangani,2026-09-07,1.229,1.002,1.492,1.131,1.338,rt,
makiso_kisangani,2026-09-08,1.205,0.98,1.472,1.106,1.314,rt,
makiso_kisangani,2026-09-09,1.181,0.957,1.452,1.082,1.293,rt,
makiso_kisangani,2026-09-10,1.161,0.937,1.438,1.059,1.273,rt,
makiso_kisangani,2026-09-11,1.146,0.925,1.408,1.042,1.251,rt,
makiso_kisangani,2026-09-12,1.128,0.914,1.385,1.026,1.235,rt,
makiso_kisangani,2026-09-13,1.112,0.893,1.377,1.01,1.216,rt,
makiso_kisangani,2026-09-14,1.1,0.876,1.372,0.998,1.208,rt,
makiso_kisangani,2026-09-15,1.09,0.863,1.368,0.987,1.201,rt,
makiso_kisangani,2026-09-16,1.081,0.849,1.365,0.976,1.193,rt,
makiso_kisangani,2026-09-17,1.073,0.835,1.362,0.966,1.184,rt,
makiso_kisangani,2026-09-18,1.073,0.83,1.364,0.963,1.187,rt,
makiso_kisangani,2026-09-19,1.074,0.818,1.366,0.961,1.188,rt,
makiso_kisangani,2026-09-20,1.072,0.809,1.371,0.956,1.188,rt,
makiso_kisangani,2026-09-21,1.074,0.804,1.386,0.953,1.199,rt,
makiso_kisangani,2026-09-22,1.077,0.795,1.4,0.95,1.212,rt,
makiso_kisangani,2026-09-23,1.077,0.793,1.419,0.948,1.22,rt,
makiso_kisangani,2026-09-24,1.081,0.786,1.439,0.945,1.23,rt,
makiso_kisangani,2026-09-25,1.085,0.782,1.458,0.946,1.236,rt,
makiso_kisangani,2026-09-26,1.088,0.776,1.476,0.948,1.244,rt,
makiso_kisangani,2026-09-27,1.092,0.772,1.493,0.948,1.253,rt,
makiso_kisangani,2026-09-28,1.093,0.764,1.508,0.942,1.255,rt,
makiso_kisangani,2026-09-29,1.093,0.754,1.521,0.939,1.26,rt,
makiso_kisangani,2026-09-30,1.091,0.743,1.529,0.929,1.262,rt,
makiso_kisangani,2026-10-01,1.084,0.756,1.478,0.933,1.239,rt,
makiso_kisangani,2026-10-02,1.076,0.77,1.428,0.938,1.217,rt,
mangobo,2026-09-23,1.088,0.799,1.433,0.959,1.228,rt,
mangobo,2026-09-24,1.086,0.795,1.452,0.957,1.236,rt,
mangobo,2026-09-25,1.092,0.792,1.469,0.958,1.244,rt,
mangobo,2026-09-26,1.097,0.788,1.48,0.958,1.253,rt,
mangobo,2026-09-27,1.102,0.785,1.502,0.958,1.26,rt,
mangobo,2026-09-28,1.104,0.773,1.514,0.954,1.267,rt,
mangobo,2026-09-29,1.104,0.759,1.528,0.95,1.268,rt,
mangobo,2026-09-30,1.104,0.747,1.54,0.942,1.272,rt,
mangobo,2026-10-01,1.096,0.762,1.488,0.947,1.248,rt,
mangobo,2026-10-02,1.088,0.778,1.439,0.95,1.226,rt,
adja,2026-08-14,,,,,,cases,0
adja,2026-08-21,,,,,,cases,0
adja,2026-08-28,,,,,,cases,0
adja,2026-09-04,,,,,,cases,0
adja,2026-09-11,,,,,,cases,0
adja,2026-09-18,,,,,,cases,0
adja,2026-09-25,,,,,,cases,0
adja,2026-10-02,,,,,,cases,0
ariwara,2026-08-14,,,,,,cases,0
ariwara,2026-08-21,,,,,,cases,1
ariwara,2026-08-28,,,,,,cases,0
ariwara,2026-09-04,,,,,,cases,0
ariwara,2026-09-11,,,,,,cases,0
ariwara,2026-09-18,,,,,,cases,0
ariwara,2026-09-25,,,,,,cases,0
ariwara,2026-10-02,,,,,,cases,0
aru,2026-08-14,,,,,,cases,2
aru,2026-08-21,,,,,,cases,0
aru,2026-08-28,,,,,,cases,1
aru,2026-09-04,,,,,,cases,0
aru,2026-09-11,,,,,,cases,0
aru,2026-09-18,,,,,,cases,0
aru,2026-09-25,,,,,,cases,0
aru,2026-10-02,,,,,,cases,0
aungba,2026-08-14,,,,,,cases,1
aungba,2026-08-21,,,,,,cases,1
aungba,2026-08-28,,,,,,cases,0
aungba,2026-09-04,,,,,,cases,0
aungba,2026-09-11,,,,,,cases,0
aungba,2026-09-18,,,,,,cases,0
aungba,2026-09-25,,,,,,cases,0
aungba,2026-10-02,,,,,,cases,0
bambu,2026-08-14,,,,,,cases,40
bambu,2026-08-21,,,,,,cases,17
bambu,2026-08-28,,,,,,cases,31
bambu,2026-09-04,,,,,,cases,14
bambu,2026-09-11,,,,,,cases,8
bambu,2026-09-18,,,,,,cases,8
bambu,2026-09-25,,,,,,cases,14
bambu,2026-10-02,,,,,,cases,2
boga,2026-08-14,,,,,,cases,0
boga,2026-08-21,,,,,,cases,0
boga,2026-08-28,,,,,,cases,1
boga,2026-09-04,,,,,,cases,0
boga,2026-09-11,,,,,,cases,0
boga,2026-09-18,,,,,,cases,0
boga,2026-09-25,,,,,,cases,0
boga,2026-10-02,,,,,,cases,0
bunia,2026-08-14,,,,,,cases,166
bunia,2026-08-21,,,,,,cases,146
bunia,2026-08-28,,,,,,cases,113
bunia,2026-09-04,,,,,,cases,96
bunia,2026-09-11,,,,,,cases,79
bunia,2026-09-18,,,,,,cases,96
bunia,2026-09-25,,,,,,cases,46
bunia,2026-10-02,,,,,,cases,67
damas,2026-08-14,,,,,,cases,5
damas,2026-08-21,,,,,,cases,4
damas,2026-08-28,,,,,,cases,0
damas,2026-09-04,,,,,,cases,3
damas,2026-09-11,,,,,,cases,6
damas,2026-09-18,,,,,,cases,4
damas,2026-09-25,,,,,,cases,0
damas,2026-10-02,,,,,,cases,0
drodro,2026-08-14,,,,,,cases,2
drodro,2026-08-21,,,,,,cases,0
drodro,2026-08-28,,,,,,cases,0
drodro,2026-09-04,,,,,,cases,2
drodro,2026-09-11,,,,,,cases,0
drodro,2026-09-18,,,,,,cases,0
drodro,2026-09-25,,,,,,cases,0
drodro,2026-10-02,,,,,,cases,0
fataki,2026-08-14,,,,,,cases,23
fataki,2026-08-21,,,,,,cases,10
fataki,2026-08-28,,,,,,cases,1
fataki,2026-09-04,,,,,,cases,3
fataki,2026-09-11,,,,,,cases,1
fataki,2026-09-18,,,,,,cases,2
fataki,2026-09-25,,,,,,cases,2
fataki,2026-10-02,,,,,,cases,0
gety,2026-08-14,,,,,,cases,3
gety,2026-08-21,,,,,,cases,1
gety,2026-08-28,,,,,,cases,1
gety,2026-09-04,,,,,,cases,0
gety,2026-09-11,,,,,,cases,1
gety,2026-09-18,,,,,,cases,0
gety,2026-09-25,,,,,,cases,0
gety,2026-10-02,,,,,,cases,0
kambala,2026-08-14,,,,,,cases,0
kambala,2026-08-21,,,,,,cases,0
kambala,2026-08-28,,,,,,cases,0
kambala,2026-09-04,,,,,,cases,0
kambala,2026-09-11,,,,,,cases,0
kambala,2026-09-18,,,,,,cases,0
kambala,2026-09-25,,,,,,cases,0
kambala,2026-10-02,,,,,,cases,0
kilo,2026-08-14,,,,,,cases,2
kilo,2026-08-21,,,,,,cases,0
kilo,2026-08-28,,,,,,cases,1
kilo,2026-09-04,,,,,,cases,0
kilo,2026-09-11,,,,,,cases,1
kilo,2026-09-18,,,,,,cases,1
kilo,2026-09-25,,,,,,cases,0
kilo,2026-10-02,,,,,,cases,3
komanda,2026-08-14,,,,,,cases,7
komanda,2026-08-21,,,,,,cases,12
komanda,2026-08-28,,,,,,cases,15
komanda,2026-09-04,,,,,,cases,32
komanda,2026-09-11,,,,,,cases,23
komanda,2026-09-18,,,,,,cases,19
komanda,2026-09-25,,,,,,cases,16
komanda,2026-10-02,,,,,,cases,11
lita,2026-08-14,,,,,,cases,21
lita,2026-08-21,,,,,,cases,20
lita,2026-08-28,,,,,,cases,18
lita,2026-09-04,,,,,,cases,24
lita,2026-09-11,,,,,,cases,22
lita,2026-09-18,,,,,,cases,16
lita,2026-09-25,,,,,,cases,10
lita,2026-10-02,,,,,,cases,7
logo,2026-08-14,,,,,,cases,1
logo,2026-08-21,,,,,,cases,0
logo,2026-08-28,,,,,,cases,0
logo,2026-09-04,,,,,,cases,2
logo,2026-09-11,,,,,,cases,0
logo,2026-09-18,,,,,,cases,0
logo,2026-09-25,,,,,,cases,0
logo,2026-10-02,,,,,,cases,0
lolwa,2026-08-14,,,,,,cases,7
lolwa,2026-08-21,,,,,,cases,3
lolwa,2026-08-28,,,,,,cases,2
lolwa,2026-09-04,,,,,,cases,6
lolwa,2026-09-11,,,,,,cases,6
lolwa,2026-09-18,,,,,,cases,0
lolwa,2026-09-25,,,,,,cases,2
lolwa,2026-10-02,,,,,,cases,1
mahagi,2026-08-14,,,,,,cases,0
mahagi,2026-08-21,,,,,,cases,0
mahagi,2026-08-28,,,,,,cases,0
mahagi,2026-09-04,,,,,,cases,0
mahagi,2026-09-11,,,,,,cases,0
mahagi,2026-09-18,,,,,,cases,0
mahagi,2026-09-25,,,,,,cases,0
mahagi,2026-10-02,,,,,,cases,0
mambasa,2026-08-14,,,,,,cases,3
mambasa,2026-08-21,,,,,,cases,1
mambasa,2026-08-28,,,,,,cases,3
mambasa,2026-09-04,,,,,,cases,0
mambasa,2026-09-11,,,,,,cases,0
mambasa,2026-09-18,,,,,,cases,4
mambasa,2026-09-25,,,,,,cases,6
mambasa,2026-10-02,,,,,,cases,5
mandima,2026-08-14,,,,,,cases,6
mandima,2026-08-21,,,,,,cases,8
mandima,2026-08-28,,,,,,cases,6
mandima,2026-09-04,,,,,,cases,2
mandima,2026-09-11,,,,,,cases,8
mandima,2026-09-18,,,,,,cases,13
mandima,2026-09-25,,,,,,cases,34
mandima,2026-10-02,,,,,,cases,63
mangala,2026-08-14,,,,,,cases,33
mangala,2026-08-21,,,,,,cases,50
mangala,2026-08-28,,,,,,cases,36
mangala,2026-09-04,,,,,,cases,60
mangala,2026-09-11,,,,,,cases,23
mangala,2026-09-18,,,,,,cases,21
mangala,2026-09-25,,,,,,cases,15
mangala,2026-10-02,,,,,,cases,16
mongbwalu,2026-08-14,,,,,,cases,26
mongbwalu,2026-08-21,,,,,,cases,16
mongbwalu,2026-08-28,,,,,,cases,8
mongbwalu,2026-09-04,,,,,,cases,16
mongbwalu,2026-09-11,,,,,,cases,30
mongbwalu,2026-09-18,,,,,,cases,25
mongbwalu,2026-09-25,,,,,,cases,18
mongbwalu,2026-10-02,,,,,,cases,9
nia_nia,2026-08-14,,,,,,cases,49
nia_nia,2026-08-21,,,,,,cases,29
nia_nia,2026-08-28,,,,,,cases,15
nia_nia,2026-09-04,,,,,,cases,16
nia_nia,2026-09-11,,,,,,cases,11
nia_nia,2026-09-18,,,,,,cases,30
nia_nia,2026-09-25,,,,,,cases,15
nia_nia,2026-10-02,,,,,,cases,32
nizi,2026-08-14,,,,,,cases,93
nizi,2026-08-21,,,,,,cases,79
nizi,2026-08-28,,,,,,cases,43
nizi,2026-09-04,,,,,,cases,42
nizi,2026-09-11,,,,,,cases,41
nizi,2026-09-18,,,,,,cases,20
nizi,2026-09-25,,,,,,cases,16
nizi,2026-10-02,,,,,,cases,19
nyankunde,2026-08-14,,,,,,cases,5
nyankunde,2026-08-21,,,,,,cases,2
nyankunde,2026-08-28,,,,,,cases,2
nyankunde,2026-09-04,,,,,,cases,0
nyankunde,2026-09-11,,,,,,cases,1
nyankunde,2026-09-18,,,,,,cases,1
nyankunde,2026-09-25,,,,,,cases,1
nyankunde,2026-10-02,,,,,,cases,3
rimba,2026-08-14,,,,,,cases,0
rimba,2026-08-21,,,,,,cases,1
rimba,2026-08-28,,,,,,cases,0
rimba,2026-09-04,,,,,,cases,1
rimba,2026-09-11,,,,,,cases,0
rimba,2026-09-18,,,,,,cases,1
rimba,2026-09-25,,,,,,cases,0
rimba,2026-10-02,,,,,,cases,0
rwampara,2026-08-14,,,,,,cases,146
rwampara,2026-08-21,,,,,,cases,62
rwampara,2026-08-28,,,,,,cases,39
rwampara,2026-09-04,,,,,,cases,43
rwampara,2026-09-11,,,,,,cases,25
rwampara,2026-09-18,,,,,,cases,36
rwampara,2026-09-25,,,,,,cases,27
rwampara,2026-10-02,,,,,,cases,34
tchomia,2026-08-14,,,,,,cases,4
tchomia,2026-08-21,,,,,,cases,4
tchomia,2026-08-28,,,,,,cases,3
tchomia,2026-09-04,,,,,,cases,4
tchomia,2026-09-11,,,,,,cases,8
tchomia,2026-09-18,,,,,,cases,7
tchomia,2026-09-25,,,,,,cases,1
tchomia,2026-10-02,,,,,,cases,0
alimbongo,2026-08-14,,,,,,cases,0
alimbongo,2026-08-21,,,,,,cases,0
alimbongo,2026-08-28,,,,,,cases,0
alimbongo,2026-09-04,,,,,,cases,0
alimbongo,2026-09-11,,,,,,cases,0
alimbongo,2026-09-18,,,,,,cases,0
alimbongo,2026-09-25,,,,,,cases,0
alimbongo,2026-10-02,,,,,,cases,4
beni,2026-08-14,,,,,,cases,26
beni,2026-08-21,,,,,,cases,18
beni,2026-08-28,,,,,,cases,20
beni,2026-09-04,,,,,,cases,29
beni,2026-09-11,,,,,,cases,51
beni,2026-09-18,,,,,,cases,63
beni,2026-09-25,,,,,,cases,52
beni,2026-10-02,,,,,,cases,53
biena,2026-08-14,,,,,,cases,0
biena,2026-08-21,,,,,,cases,0
biena,2026-08-28,,,,,,cases,1
biena,2026-09-04,,,,,,cases,1
biena,2026-09-11,,,,,,cases,13
biena,2026-09-18,,,,,,cases,3
biena,2026-09-25,,,,,,cases,0
biena,2026-10-02,,,,,,cases,1
butembo,2026-08-14,,,,,,cases,18
butembo,2026-08-21,,,,,,cases,26
butembo,2026-08-28,,,,,,cases,24
butembo,2026-09-04,,,,,,cases,37
butembo,2026-09-11,,,,,,cases,33
butembo,2026-09-18,,,,,,cases,19
butembo,2026-09-25,,,,,,cases,7
butembo,2026-10-02,,,,,,cases,16
goma,2026-08-14,,,,,,cases,0
goma,2026-08-21,,,,,,cases,0
goma,2026-08-28,,,,,,cases,0
goma,2026-09-04,,,,,,cases,0
goma,2026-09-11,,,,,,cases,0
goma,2026-09-18,,,,,,cases,0
goma,2026-09-25,,,,,,cases,0
goma,2026-10-02,,,,,,cases,0
kalunguta,2026-08-14,,,,,,cases,4
kalunguta,2026-08-21,,,,,,cases,1
kalunguta,2026-08-28,,,,,,cases,3
kalunguta,2026-09-04,,,,,,cases,1
kalunguta,2026-09-11,,,,,,cases,12
kalunguta,2026-09-18,,,,,,cases,12
kalunguta,2026-09-25,,,,,,cases,9
kalunguta,2026-10-02,,,,,,cases,9
katwa,2026-08-14,,,,,,cases,80
katwa,2026-08-21,,,,,,cases,54
katwa,2026-08-28,,,,,,cases,43
katwa,2026-09-04,,,,,,cases,63
katwa,2026-09-11,,,,,,cases,73
katwa,2026-09-18,,,,,,cases,27
katwa,2026-09-25,,,,,,cases,13
katwa,2026-10-02,,,,,,cases,26
kayna,2026-08-14,,,,,,cases,0
kayna,2026-08-21,,,,,,cases,0
kayna,2026-08-28,,,,,,cases,0
kayna,2026-09-04,,,,,,cases,1
kayna,2026-09-11,,,,,,cases,0
kayna,2026-09-18,,,,,,cases,0
kayna,2026-09-25,,,,,,cases,0
kayna,2026-10-02,,,,,,cases,2
kyondo,2026-08-14,,,,,,cases,2
kyondo,2026-08-21,,,,,,cases,1
kyondo,2026-08-28,,,,,,cases,0
kyondo,2026-09-04,,,,,,cases,1
kyondo,2026-09-11,,,,,,cases,12
kyondo,2026-09-18,,,,,,cases,3
kyondo,2026-09-25,,,,,,cases,1
kyondo,2026-10-02,,,,,,cases,1
lubero,2026-08-14,,,,,,cases,0
lubero,2026-08-21,,,,,,cases,0
lubero,2026-08-28,,,,,,cases,0
lubero,2026-09-04,,,,,,cases,4
lubero,2026-09-11,,,,,,cases,10
lubero,2026-09-18,,,,,,cases,0
lubero,2026-09-25,,,,,,cases,6
lubero,2026-10-02,,,,,,cases,1
mabalako,2026-08-14,,,,,,cases,1
mabalako,2026-08-21,,,,,,cases,0
mabalako,2026-08-28,,,,,,cases,1
mabalako,2026-09-04,,,,,,cases,4
mabalako,2026-09-11,,,,,,cases,12
mabalako,2026-09-18,,,,,,cases,5
mabalako,2026-09-25,,,,,,cases,1
mabalako,2026-10-02,,,,,,cases,16
manguredjipa,2026-08-14,,,,,,cases,0
manguredjipa,2026-08-21,,,,,,cases,0
manguredjipa,2026-08-28,,,,,,cases,1
manguredjipa,2026-09-04,,,,,,cases,2
manguredjipa,2026-09-11,,,,,,cases,5
manguredjipa,2026-09-18,,,,,,cases,2
manguredjipa,2026-09-25,,,,,,cases,3
manguredjipa,2026-10-02,,,,,,cases,0
masereka,2026-08-14,,,,,,cases,2
masereka,2026-08-21,,,,,,cases,0
masereka,2026-08-28,,,,,,cases,1
masereka,2026-09-04,,,,,,cases,5
masereka,2026-09-11,,,,,,cases,6
masereka,2026-09-18,,,,,,cases,5
masereka,2026-09-25,,,,,,cases,4
masereka,2026-10-02,,,,,,cases,3
musienene,2026-08-14,,,,,,cases,16
musienene,2026-08-21,,,,,,cases,7
musienene,2026-08-28,,,,,,cases,7
musienene,2026-09-04,,,,,,cases,17
musienene,2026-09-11,,,,,,cases,21
musienene,2026-09-18,,,,,,cases,7
musienene,2026-09-25,,,,,,cases,1
musienene,2026-10-02,,,,,,cases,6
mutwanga,2026-08-14,,,,,,cases,0
mutwanga,2026-08-21,,,,,,cases,1
mutwanga,2026-08-28,,,,,,cases,0
mutwanga,2026-09-04,,,,,,cases,1
mutwanga,2026-09-11,,,,,,cases,3
mutwanga,2026-09-18,,,,,,cases,3
mutwanga,2026-09-25,,,,,,cases,3
mutwanga,2026-10-02,,,,,,cases,4
oicha,2026-08-14,,,,,,cases,1
oicha,2026-08-21,,,,,,cases,1
oicha,2026-08-28,,,,,,cases,1
oicha,2026-09-04,,,,,,cases,1
oicha,2026-09-11,,,,,,cases,3
oicha,2026-09-18,,,,,,cases,2
oicha,2026-09-25,,,,,,cases,10
oicha,2026-10-02,,,,,,cases,6
vuhovi,2026-08-14,,,,,,cases,2
vuhovi,2026-08-21,,,,,,cases,1
vuhovi,2026-08-28,,,,,,cases,0
vuhovi,2026-09-04,,,,,,cases,2
vuhovi,2026-09-11,,,,,,cases,9
vuhovi,2026-09-18,,,,,,cases,5
vuhovi,2026-09-25,,,,,,cases,8
vuhovi,2026-10-02,,,,,,cases,3
boma_mangbetu,2026-08-14,,,,,,cases,9
boma_mangbetu,2026-08-21,,,,,,cases,2
boma_mangbetu,2026-08-28,,,,,,cases,2
boma_mangbetu,2026-09-04,,,,,,cases,3
boma_mangbetu,2026-09-11,,,,,,cases,0
boma_mangbetu,2026-09-18,,,,,,cases,7
boma_mangbetu,2026-09-25,,,,,,cases,3
boma_mangbetu,2026-10-02,,,,,,cases,2
dungu,2026-08-14,,,,,,cases,0
dungu,2026-08-21,,,,,,cases,0
dungu,2026-08-28,,,,,,cases,0
dungu,2026-09-04,,,,,,cases,0
dungu,2026-09-11,,,,,,cases,0
dungu,2026-09-18,,,,,,cases,1
dungu,2026-09-25,,,,,,cases,0
dungu,2026-10-02,,,,,,cases,0
gombari,2026-08-14,,,,,,cases,1
gombari,2026-08-21,,,,,,cases,1
gombari,2026-08-28,,,,,,cases,1
gombari,2026-09-04,,,,,,cases,0
gombari,2026-09-11,,,,,,cases,0
gombari,2026-09-18,,,,,,cases,0
gombari,2026-09-25,,,,,,cases,0
gombari,2026-10-02,,,,,,cases,0
isiro,2026-08-14,,,,,,cases,14
isiro,2026-08-21,,,,,,cases,24
isiro,2026-08-28,,,,,,cases,16
isiro,2026-09-04,,,,,,cases,11
isiro,2026-09-11,,,,,,cases,6
isiro,2026-09-18,,,,,,cases,2
isiro,2026-09-25,,,,,,cases,2
isiro,2026-10-02,,,,,,cases,2
pawa,2026-08-14,,,,,,cases,7
pawa,2026-08-21,,,,,,cases,1
pawa,2026-08-28,,,,,,cases,4
pawa,2026-09-04,,,,,,cases,16
pawa,2026-09-11,,,,,,cases,17
pawa,2026-09-18,,,,,,cases,10
pawa,2026-09-25,,,,,,cases,9
pawa,2026-10-02,,,,,,cases,11
rungu,2026-08-14,,,,,,cases,0
rungu,2026-08-21,,,,,,cases,0
rungu,2026-08-28,,,,,,cases,0
rungu,2026-09-04,,,,,,cases,1
rungu,2026-09-11,,,,,,cases,0
rungu,2026-09-18,,,,,,cases,0
rungu,2026-09-25,,,,,,cases,0
rungu,2026-10-02,,,,,,cases,2
wamba,2026-08-14,,,,,,cases,38
wamba,2026-08-21,,,,,,cases,5
wamba,2026-08-28,,,,,,cases,18
wamba,2026-09-04,,,,,,cases,7
wamba,2026-09-11,,,,,,cases,6
wamba,2026-09-18,,,,,,cases,6
wamba,2026-09-25,,,,,,cases,12
wamba,2026-10-02,,,,,,cases,7
miti_murhesa,2026-08-14,,,,,,cases,0
miti_murhesa,2026-08-21,,,,,,cases,0
miti_murhesa,2026-08-28,,,,,,cases,0
miti_murhesa,2026-09-04,,,,,,cases,0
miti_murhesa,2026-09-11,,,,,,cases,0
miti_murhesa,2026-09-18,,,,,,cases,0
miti_murhesa,2026-09-25,,,,,,cases,0
miti_murhesa,2026-10-02,,,,,,cases,0
bafwasende,2026-08-14,,,,,,cases,1
bafwasende,2026-08-21,,,,,,cases,0
bafwasende,2026-08-28,,,,,,cases,1
bafwasende,2026-09-04,,,,,,cases,0
bafwasende,2026-09-11,,,,,,cases,3
bafwasende,2026-09-18,,,,,,cases,2
bafwasende,2026-09-25,,,,,,cases,0
bafwasende,2026-10-02,,,,,,cases,0
kabondo,2026-08-14,,,,,,cases,2
kabondo,2026-08-21,,,,,,cases,0
kabondo,2026-08-28,,,,,,cases,0
kabondo,2026-09-04,,,,,,cases,1
kabondo,2026-09-11,,,,,,cases,0
kabondo,2026-09-18,,,,,,cases,1
kabondo,2026-09-25,,,,,,cases,0
kabondo,2026-10-02,,,,,,cases,0
lubunga,2026-08-14,,,,,,cases,0
lubunga,2026-08-21,,,,,,cases,0
lubunga,2026-08-28,,,,,,cases,0
lubunga,2026-09-04,,,,,,cases,0
lubunga,2026-09-11,,,,,,cases,0
lubunga,2026-09-18,,,,,,cases,0
lubunga,2026-09-25,,,,,,cases,0
lubunga,2026-10-02,,,,,,cases,0
makiso_kisangani,2026-08-14,,,,,,cases,0
makiso_kisangani,2026-08-21,,,,,,cases,3
makiso_kisangani,2026-08-28,,,,,,cases,3
makiso_kisangani,2026-09-04,,,,,,cases,1
makiso_kisangani,2026-09-11,,,,,,cases,0
makiso_kisangani,2026-09-18,,,,,,cases,9
makiso_kisangani,2026-09-25,,,,,,cases,4
makiso_kisangani,2026-10-02,,,,,,cases,4
mangobo,2026-08-14,,,,,,cases,0
mangobo,2026-08-21,,,,,,cases,1
mangobo,2026-08-28,,,,,,cases,0
mangobo,2026-09-04,,,,,,cases,1
mangobo,2026-09-11,,,,,,cases,0
mangobo,2026-09-18,,,,,,cases,1
mangobo,2026-09-25,,,,,,cases,1
mangobo,2026-10-02,,,,,,cases,1
tshopo,2026-08-14,,,,,,cases,1
tshopo,2026-08-21,,,,,,cases,0
tshopo,2026-08-28,,,,,,cases,0
tshopo,2026-09-04,,,,,,cases,0
tshopo,2026-09-11,,,,,,cases,0
tshopo,2026-09-18,,,,,,cases,0
tshopo,2026-09-25,,,,,,cases,0
tshopo,2026-10-02,,,,,,cases,0
wanie_rukula,2026-08-14,,,,,,cases,0
wanie_rukula,2026-08-21,,,,,,cases,0
wanie_rukula,2026-08-28,,,,,,cases,0
wanie_rukula,2026-09-04,,,,,,cases,0
wanie_rukula,2026-09-11,,,,,,cases,0
wanie_rukula,2026-09-18,,,,,,cases,0
wanie_rukula,2026-09-25,,,,,,cases,0
wanie_rukula,2026-10-02,,,,,,cases,0
buta,2026-08-14,,,,,,cases,1
buta,2026-08-21,,,,,,cases,0
buta,2026-08-28,,,,,,cases,0
buta,2026-09-04,,,,,,cases,0
buta,2026-09-11,,,,,,cases,0
buta,2026-09-18,,,,,,cases,0
buta,2026-09-25,,,,,,cases,0
buta,2026-10-02,,,,,,cases,0
ganga,2026-08-14,,,,,,cases,0
ganga,2026-08-21,,,,,,cases,0
ganga,2026-08-28,,,,,,cases,1
ganga,2026-09-04,,,,,,cases,1
ganga,2026-09-11,,,,,,cases,1
ganga,2026-09-18,,,,,,cases,0
ganga,2026-09-25,,,,,,cases,0
ganga,2026-10-02,,,,,,cases,0
viadana,2026-08-14,,,,,,cases,0
viadana,2026-08-21,,,,,,cases,1
viadana,2026-08-28,,,,,,cases,0
viadana,2026-09-04,,,,,,cases,0
viadana,2026-09-11,,,,,,cases,0
viadana,2026-09-18,,,,,,cases,2
viadana,2026-09-25,,,,,,cases,2
viadana,2026-10-02,,,,,,cases,1
bulu,2026-08-14,,,,,,cases,0
bulu,2026-08-21,,,,,,cases,0
bulu,2026-08-28,,,,,,cases,0
bulu,2026-09-04,,,,,,cases,0
bulu,2026-09-11,,,,,,cases,1
bulu,2026-09-18,,,,,,cases,0
bulu,2026-09-25,,,,,,cases,1
bulu,2026-10-02,,,,,,cases,0
adja,2026-08-14,,,,,,deaths,0
adja,2026-08-21,,,,,,deaths,0
adja,2026-08-28,,,,,,deaths,0
adja,2026-09-04,,,,,,deaths,0
adja,2026-09-11,,,,,,deaths,0
adja,2026-09-18,,,,,,deaths,0
adja,2026-09-25,,,,,,deaths,0
adja,2026-10-02,,,,,,deaths,0
ariwara,2026-08-14,,,,,,deaths,0
ariwara,2026-08-21,,,,,,deaths,0
ariwara,2026-08-28,,,,,,deaths,0
ariwara,2026-09-04,,,,,,deaths,0
ariwara,2026-09-11,,,,,,deaths,0
ariwara,2026-09-18,,,,,,deaths,0
ariwara,2026-09-25,,,,,,deaths,0
ariwara,2026-10-02,,,,,,deaths,0
aru,2026-08-14,,,,,,deaths,1
aru,2026-08-21,,,,,,deaths,0
aru,2026-08-28,,,,,,deaths,0
aru,2026-09-04,,,,,,deaths,0
aru,2026-09-11,,,,,,deaths,0
aru,2026-09-18,,,,,,deaths,0
aru,2026-09-25,,,,,,deaths,0
aru,2026-10-02,,,,,,deaths,0
aungba,2026-08-14,,,,,,deaths,0
aungba,2026-08-21,,,,,,deaths,0
aungba,2026-08-28,,,,,,deaths,0
aungba,2026-09-04,,,,,,deaths,0
aungba,2026-09-11,,,,,,deaths,0
aungba,2026-09-18,,,,,,deaths,0
aungba,2026-09-25,,,,,,deaths,0
aungba,2026-10-02,,,,,,deaths,0
bambu,2026-08-14,,,,,,deaths,8
bambu,2026-08-21,,,,,,deaths,3
bambu,2026-08-28,,,,,,deaths,7
bambu,2026-09-04,,,,,,deaths,1
bambu,2026-09-11,,,,,,deaths,3
bambu,2026-09-18,,,,,,deaths,0
bambu,2026-09-25,,,,,,deaths,7
bambu,2026-10-02,,,,,,deaths,0
boga,2026-08-14,,,,,,deaths,0
boga,2026-08-21,,,,,,deaths,0
boga,2026-08-28,,,,,,deaths,1
boga,2026-09-04,,,,,,deaths,0
boga,2026-09-11,,,,,,deaths,0
boga,2026-09-18,,,,,,deaths,0
boga,2026-09-25,,,,,,deaths,0
boga,2026-10-02,,,,,,deaths,0
bunia,2026-08-14,,,,,,deaths,49
bunia,2026-08-21,,,,,,deaths,57
bunia,2026-08-28,,,,,,deaths,35
bunia,2026-09-04,,,,,,deaths,26
bunia,2026-09-11,,,,,,deaths,31
bunia,2026-09-18,,,,,,deaths,26
bunia,2026-09-25,,,,,,deaths,25
bunia,2026-10-02,,,,,,deaths,36
damas,2026-08-14,,,,,,deaths,1
damas,2026-08-21,,,,,,deaths,0
damas,2026-08-28,,,,,,deaths,0
damas,2026-09-04,,,,,,deaths,0
damas,2026-09-11,,,,,,deaths,0
damas,2026-09-18,,,,,,deaths,0
damas,2026-09-25,,,,,,deaths,0
damas,2026-10-02,,,,,,deaths,0
drodro,2026-08-14,,,,,,deaths,0
drodro,2026-08-21,,,,,,deaths,0
drodro,2026-08-28,,,,,,deaths,0
drodro,2026-09-04,,,,,,deaths,1
drodro,2026-09-11,,,,,,deaths,0
drodro,2026-09-18,,,,,,deaths,0
drodro,2026-09-25,,,,,,deaths,0
drodro,2026-10-02,,,,,,deaths,0
fataki,2026-08-14,,,,,,deaths,10
fataki,2026-08-21,,,,,,deaths,0
fataki,2026-08-28,,,,,,deaths,0
fataki,2026-09-04,,,,,,deaths,0
fataki,2026-09-11,,,,,,deaths,0
fataki,2026-09-18,,,,,,deaths,0
fataki,2026-09-25,,,,,,deaths,1
fataki,2026-10-02,,,,,,deaths,0
gety,2026-08-14,,,,,,deaths,1
gety,2026-08-21,,,,,,deaths,1
gety,2026-08-28,,,,,,deaths,0
gety,2026-09-04,,,,,,deaths,0
gety,2026-09-11,,,,,,deaths,1
gety,2026-09-18,,,,,,deaths,0
gety,2026-09-25,,,,,,deaths,0
gety,2026-10-02,,,,,,deaths,0
kambala,2026-08-14,,,,,,deaths,0
kambala,2026-08-21,,,,,,deaths,0
kambala,2026-08-28,,,,,,deaths,0
kambala,2026-09-04,,,,,,deaths,0
kambala,2026-09-11,,,,,,deaths,0
kambala,2026-09-18,,,,,,deaths,0
kambala,2026-09-25,,,,,,deaths,0
kambala,2026-10-02,,,,,,deaths,0
kilo,2026-08-14,,,,,,deaths,1
kilo,2026-08-21,,,,,,deaths,0
kilo,2026-08-28,,,,,,deaths,0
kilo,2026-09-04,,,,,,deaths,0
kilo,2026-09-11,,,,,,deaths,0
kilo,2026-09-18,,,,,,deaths,0
kilo,2026-09-25,,,,,,deaths,0
kilo,2026-10-02,,,,,,deaths,0
komanda,2026-08-14,,,,,,deaths,4
komanda,2026-08-21,,,,,,deaths,6
komanda,2026-08-28,,,,,,deaths,11
komanda,2026-09-04,,,,,,deaths,22
komanda,2026-09-11,,,,,,deaths,14
komanda,2026-09-18,,,,,,deaths,5
komanda,2026-09-25,,,,,,deaths,7
komanda,2026-10-02,,,,,,deaths,10
lita,2026-08-14,,,,,,deaths,8
lita,2026-08-21,,,,,,deaths,9
lita,2026-08-28,,,,,,deaths,5
lita,2026-09-04,,,,,,deaths,10
lita,2026-09-11,,,,,,deaths,4
lita,2026-09-18,,,,,,deaths,10
lita,2026-09-25,,,,,,deaths,5
lita,2026-10-02,,,,,,deaths,5
logo,2026-08-14,,,,,,deaths,0
logo,2026-08-21,,,,,,deaths,0
logo,2026-08-28,,,,,,deaths,0
logo,2026-09-04,,,,,,deaths,0
logo,2026-09-11,,,,,,deaths,0
logo,2026-09-18,,,,,,deaths,0
logo,2026-09-25,,,,,,deaths,0
logo,2026-10-02,,,,,,deaths,0
lolwa,2026-08-14,,,,,,deaths,2
lolwa,2026-08-21,,,,,,deaths,0
lolwa,2026-08-28,,,,,,deaths,0
lolwa,2026-09-04,,,,,,deaths,3
lolwa,2026-09-11,,,,,,deaths,1
lolwa,2026-09-18,,,,,,deaths,0
lolwa,2026-09-25,,,,,,deaths,0
lolwa,2026-10-02,,,,,,deaths,1
mahagi,2026-08-14,,,,,,deaths,0
mahagi,2026-08-21,,,,,,deaths,0
mahagi,2026-08-28,,,,,,deaths,0
mahagi,2026-09-04,,,,,,deaths,0
mahagi,2026-09-11,,,,,,deaths,0
mahagi,2026-09-18,,,,,,deaths,0
mahagi,2026-09-25,,,,,,deaths,0
mahagi,2026-10-02,,,,,,deaths,0
mambasa,2026-08-14,,,,,,deaths,0
mambasa,2026-08-21,,,,,,deaths,1
mambasa,2026-08-28,,,,,,deaths,0
mambasa,2026-09-04,,,,,,deaths,0
mambasa,2026-09-11,,,,,,deaths,0
mambasa,2026-09-18,,,,,,deaths,2
mambasa,2026-09-25,,,,,,deaths,0
mambasa,2026-10-02,,,,,,deaths,3
mandima,2026-08-14,,,,,,deaths,1
mandima,2026-08-21,,,,,,deaths,6
mandima,2026-08-28,,,,,,deaths,2
mandima,2026-09-04,,,,,,deaths,0
mandima,2026-09-11,,,,,,deaths,3
mandima,2026-09-18,,,,,,deaths,9
mandima,2026-09-25,,,,,,deaths,12
mandima,2026-10-02,,,,,,deaths,34
mangala,2026-08-14,,,,,,deaths,16
mangala,2026-08-21,,,,,,deaths,23
mangala,2026-08-28,,,,,,deaths,11
mangala,2026-09-04,,,,,,deaths,23
mangala,2026-09-11,,,,,,deaths,6
mangala,2026-09-18,,,,,,deaths,0
mangala,2026-09-25,,,,,,deaths,7
mangala,2026-10-02,,,,,,deaths,3
mongbwalu,2026-08-14,,,,,,deaths,14
mongbwalu,2026-08-21,,,,,,deaths,1
mongbwalu,2026-08-28,,,,,,deaths,2
mongbwalu,2026-09-04,,,,,,deaths,3
mongbwalu,2026-09-11,,,,,,deaths,8
mongbwalu,2026-09-18,,,,,,deaths,19
mongbwalu,2026-09-25,,,,,,deaths,11
mongbwalu,2026-10-02,,,,,,deaths,7
nia_nia,2026-08-14,,,,,,deaths,30
nia_nia,2026-08-21,,,,,,deaths,11
nia_nia,2026-08-28,,,,,,deaths,1
nia_nia,2026-09-04,,,,,,deaths,5
nia_nia,2026-09-11,,,,,,deaths,4
nia_nia,2026-09-18,,,,,,deaths,23
nia_nia,2026-09-25,,,,,,deaths,12
nia_nia,2026-10-02,,,,,,deaths,21
nizi,2026-08-14,,,,,,deaths,25
nizi,2026-08-21,,,,,,deaths,14
nizi,2026-08-28,,,,,,deaths,8
nizi,2026-09-04,,,,,,deaths,9
nizi,2026-09-11,,,,,,deaths,6
nizi,2026-09-18,,,,,,deaths,1
nizi,2026-09-25,,,,,,deaths,2
nizi,2026-10-02,,,,,,deaths,5
nyankunde,2026-08-14,,,,,,deaths,0
nyankunde,2026-08-21,,,,,,deaths,0
nyankunde,2026-08-28,,,,,,deaths,0
nyankunde,2026-09-04,,,,,,deaths,0
nyankunde,2026-09-11,,,,,,deaths,1
nyankunde,2026-09-18,,,,,,deaths,0
nyankunde,2026-09-25,,,,,,deaths,1
nyankunde,2026-10-02,,,,,,deaths,0
rimba,2026-08-14,,,,,,deaths,0
rimba,2026-08-21,,,,,,deaths,0
rimba,2026-08-28,,,,,,deaths,0
rimba,2026-09-04,,,,,,deaths,0
rimba,2026-09-11,,,,,,deaths,0
rimba,2026-09-18,,,,,,deaths,0
rimba,2026-09-25,,,,,,deaths,0
rimba,2026-10-02,,,,,,deaths,0
rwampara,2026-08-14,,,,,,deaths,42
rwampara,2026-08-21,,,,,,deaths,10
rwampara,2026-08-28,,,,,,deaths,2
rwampara,2026-09-04,,,,,,deaths,9
rwampara,2026-09-11,,,,,,deaths,4
rwampara,2026-09-18,,,,,,deaths,3
rwampara,2026-09-25,,,,,,deaths,10
rwampara,2026-10-02,,,,,,deaths,17
tchomia,2026-08-14,,,,,,deaths,1
tchomia,2026-08-21,,,,,,deaths,0
tchomia,2026-08-28,,,,,,deaths,0
tchomia,2026-09-04,,,,,,deaths,0
tchomia,2026-09-11,,,,,,deaths,0
tchomia,2026-09-18,,,,,,deaths,0
tchomia,2026-09-25,,,,,,deaths,0
tchomia,2026-10-02,,,,,,deaths,0
alimbongo,2026-08-14,,,,,,deaths,0
alimbongo,2026-08-21,,,,,,deaths,0
alimbongo,2026-08-28,,,,,,deaths,0
alimbongo,2026-09-04,,,,,,deaths,0
alimbongo,2026-09-11,,,,,,deaths,0
alimbongo,2026-09-18,,,,,,deaths,0
alimbongo,2026-09-25,,,,,,deaths,0
alimbongo,2026-10-02,,,,,,deaths,2
beni,2026-08-14,,,,,,deaths,17
beni,2026-08-21,,,,,,deaths,15
beni,2026-08-28,,,,,,deaths,12
beni,2026-09-04,,,,,,deaths,22
beni,2026-09-11,,,,,,deaths,41
beni,2026-09-18,,,,,,deaths,30
beni,2026-09-25,,,,,,deaths,30
beni,2026-10-02,,,,,,deaths,36
biena,2026-08-14,,,,,,deaths,0
biena,2026-08-21,,,,,,deaths,0
biena,2026-08-28,,,,,,deaths,1
biena,2026-09-04,,,,,,deaths,0
biena,2026-09-11,,,,,,deaths,5
biena,2026-09-18,,,,,,deaths,1
biena,2026-09-25,,,,,,deaths,0
biena,2026-10-02,,,,,,deaths,0
butembo,2026-08-14,,,,,,deaths,22
butembo,2026-08-21,,,,,,deaths,12
butembo,2026-08-28,,,,,,deaths,18
butembo,2026-09-04,,,,,,deaths,17
butembo,2026-09-11,,,,,,deaths,14
butembo,2026-09-18,,,,,,deaths,9
butembo,2026-09-25,,,,,,deaths,4
butembo,2026-10-02,,,,,,deaths,9
goma,2026-08-14,,,,,,deaths,0
goma,2026-08-21,,,,,,deaths,0
goma,2026-08-28,,,,,,deaths,0
goma,2026-09-04,,,,,,deaths,0
goma,2026-09-11,,,,,,deaths,0
goma,2026-09-18,,,,,,deaths,0
goma,2026-09-25,,,,,,deaths,0
goma,2026-10-02,,,,,,deaths,0
kalunguta,2026-08-14,,,,,,deaths,1
kalunguta,2026-08-21,,,,,,deaths,1
kalunguta,2026-08-28,,,,,,deaths,1
kalunguta,2026-09-04,,,,,,deaths,1
kalunguta,2026-09-11,,,,,,deaths,4
kalunguta,2026-09-18,,,,,,deaths,2
kalunguta,2026-09-25,,,,,,deaths,2
kalunguta,2026-10-02,,,,,,deaths,5
katwa,2026-08-14,,,,,,deaths,61
katwa,2026-08-21,,,,,,deaths,32
katwa,2026-08-28,,,,,,deaths,31
katwa,2026-09-04,,,,,,deaths,33
katwa,2026-09-11,,,,,,deaths,44
katwa,2026-09-18,,,,,,deaths,12
katwa,2026-09-25,,,,,,deaths,10
katwa,2026-10-02,,,,,,deaths,10
kayna,2026-08-14,,,,,,deaths,0
kayna,2026-08-21,,,,,,deaths,0
kayna,2026-08-28,,,,,,deaths,0
kayna,2026-09-04,,,,,,deaths,0
kayna,2026-09-11,,,,,,deaths,0
kayna,2026-09-18,,,,,,deaths,0
kayna,2026-09-25,,,,,,deaths,0
kayna,2026-10-02,,,,,,deaths,2
kyondo,2026-08-14,,,,,,deaths,2
kyondo,2026-08-21,,,,,,deaths,0
kyondo,2026-08-28,,,,,,deaths,0
kyondo,2026-09-04,,,,,,deaths,0
kyondo,2026-09-11,,,,,,deaths,6
kyondo,2026-09-18,,,,,,deaths,2
kyondo,2026-09-25,,,,,,deaths,0
kyondo,2026-10-02,,,,,,deaths,0
lubero,2026-08-14,,,,,,deaths,0
lubero,2026-08-21,,,,,,deaths,0
lubero,2026-08-28,,,,,,deaths,0
lubero,2026-09-04,,,,,,deaths,3
lubero,2026-09-11,,,,,,deaths,3
lubero,2026-09-18,,,,,,deaths,0
lubero,2026-09-25,,,,,,deaths,4
lubero,2026-10-02,,,,,,deaths,0
mabalako,2026-08-14,,,,,,deaths,1
mabalako,2026-08-21,,,,,,deaths,0
mabalako,2026-08-28,,,,,,deaths,1
mabalako,2026-09-04,,,,,,deaths,3
mabalako,2026-09-11,,,,,,deaths,4
mabalako,2026-09-18,,,,,,deaths,2
mabalako,2026-09-25,,,,,,deaths,0
mabalako,2026-10-02,,,,,,deaths,4
manguredjipa,2026-08-14,,,,,,deaths,0
manguredjipa,2026-08-21,,,,,,deaths,0
manguredjipa,2026-08-28,,,,,,deaths,0
manguredjipa,2026-09-04,,,,,,deaths,2
manguredjipa,2026-09-11,,,,,,deaths,1
manguredjipa,2026-09-18,,,,,,deaths,0
manguredjipa,2026-09-25,,,,,,deaths,2
manguredjipa,2026-10-02,,,,,,deaths,0
masereka,2026-08-14,,,,,,deaths,3
masereka,2026-08-21,,,,,,deaths,0
masereka,2026-08-28,,,,,,deaths,0
masereka,2026-09-04,,,,,,deaths,1
masereka,2026-09-11,,,,,,deaths,3
masereka,2026-09-18,,,,,,deaths,1
masereka,2026-09-25,,,,,,deaths,0
masereka,2026-10-02,,,,,,deaths,2
musienene,2026-08-14,,,,,,deaths,10
musienene,2026-08-21,,,,,,deaths,4
musienene,2026-08-28,,,,,,deaths,4
musienene,2026-09-04,,,,,,deaths,7
musienene,2026-09-11,,,,,,deaths,9
musienene,2026-09-18,,,,,,deaths,6
musienene,2026-09-25,,,,,,deaths,0
musienene,2026-10-02,,,,,,deaths,3
mutwanga,2026-08-14,,,,,,deaths,0
mutwanga,2026-08-21,,,,,,deaths,1
mutwanga,2026-08-28,,,,,,deaths,0
mutwanga,2026-09-04,,,,,,deaths,1
mutwanga,2026-09-11,,,,,,deaths,0
mutwanga,2026-09-18,,,,,,deaths,0
mutwanga,2026-09-25,,,,,,deaths,0
mutwanga,2026-10-02,,,,,,deaths,1
oicha,2026-08-14,,,,,,deaths,1
oicha,2026-08-21,,,,,,deaths,0
oicha,2026-08-28,,,,,,deaths,2
oicha,2026-09-04,,,,,,deaths,0
oicha,2026-09-11,,,,,,deaths,1
oicha,2026-09-18,,,,,,deaths,3
oicha,2026-09-25,,,,,,deaths,4
oicha,2026-10-02,,,,,,deaths,2
vuhovi,2026-08-14,,,,,,deaths,1
vuhovi,2026-08-21,,,,,,deaths,0
vuhovi,2026-08-28,,,,,,deaths,0
vuhovi,2026-09-04,,,,,,deaths,2
vuhovi,2026-09-11,,,,,,deaths,1
vuhovi,2026-09-18,,,,,,deaths,1
vuhovi,2026-09-25,,,,,,deaths,2
vuhovi,2026-10-02,,,,,,deaths,2
boma_mangbetu,2026-08-14,,,,,,deaths,3
boma_mangbetu,2026-08-21,,,,,,deaths,1
boma_mangbetu,2026-08-28,,,,,,deaths,5
boma_mangbetu,2026-09-04,,,,,,deaths,0
boma_mangbetu,2026-09-11,,,,,,deaths,0
boma_mangbetu,2026-09-18,,,,,,deaths,1
boma_mangbetu,2026-09-25,,,,,,deaths,1
boma_mangbetu,2026-10-02,,,,,,deaths,1
dungu,2026-08-14,,,,,,deaths,0
dungu,2026-08-21,,,,,,deaths,0
dungu,2026-08-28,,,,,,deaths,0
dungu,2026-09-04,,,,,,deaths,0
dungu,2026-09-11,,,,,,deaths,0
dungu,2026-09-18,,,,,,deaths,1
dungu,2026-09-25,,,,,,deaths,0
dungu,2026-10-02,,,,,,deaths,0
gombari,2026-08-14,,,,,,deaths,1
gombari,2026-08-21,,,,,,deaths,0
gombari,2026-08-28,,,,,,deaths,0
gombari,2026-09-04,,,,,,deaths,0
gombari,2026-09-11,,,,,,deaths,0
gombari,2026-09-18,,,,,,deaths,0
gombari,2026-09-25,,,,,,deaths,0
gombari,2026-10-02,,,,,,deaths,0
isiro,2026-08-14,,,,,,deaths,5
isiro,2026-08-21,,,,,,deaths,9
isiro,2026-08-28,,,,,,deaths,5
isiro,2026-09-04,,,,,,deaths,3
isiro,2026-09-11,,,,,,deaths,5
isiro,2026-09-18,,,,,,deaths,1
isiro,2026-09-25,,,,,,deaths,1
isiro,2026-10-02,,,,,,deaths,1
pawa,2026-08-14,,,,,,deaths,3
pawa,2026-08-21,,,,,,deaths,1
pawa,2026-08-28,,,,,,deaths,1
pawa,2026-09-04,,,,,,deaths,6
pawa,2026-09-11,,,,,,deaths,3
pawa,2026-09-18,,,,,,deaths,7
pawa,2026-09-25,,,,,,deaths,3
pawa,2026-10-02,,,,,,deaths,5
rungu,2026-08-14,,,,,,deaths,0
rungu,2026-08-21,,,,,,deaths,0
rungu,2026-08-28,,,,,,deaths,0
rungu,2026-09-04,,,,,,deaths,1
rungu,2026-09-11,,,,,,deaths,0
rungu,2026-09-18,,,,,,deaths,0
rungu,2026-09-25,,,,,,deaths,0
rungu,2026-10-02,,,,,,deaths,0
wamba,2026-08-14,,,,,,deaths,11
wamba,2026-08-21,,,,,,deaths,4
wamba,2026-08-28,,,,,,deaths,5
wamba,2026-09-04,,,,,,deaths,2
wamba,2026-09-11,,,,,,deaths,2
wamba,2026-09-18,,,,,,deaths,1
wamba,2026-09-25,,,,,,deaths,4
wamba,2026-10-02,,,,,,deaths,4
miti_murhesa,2026-08-14,,,,,,deaths,0
miti_murhesa,2026-08-21,,,,,,deaths,0
miti_murhesa,2026-08-28,,,,,,deaths,0
miti_murhesa,2026-09-04,,,,,,deaths,0
miti_murhesa,2026-09-11,,,,,,deaths,0
miti_murhesa,2026-09-18,,,,,,deaths,0
miti_murhesa,2026-09-25,,,,,,deaths,0
miti_murhesa,2026-10-02,,,,,,deaths,0
bafwasende,2026-08-14,,,,,,deaths,0
bafwasende,2026-08-21,,,,,,deaths,0
bafwasende,2026-08-28,,,,,,deaths,0
bafwasende,2026-09-04,,,,,,deaths,0
bafwasende,2026-09-11,,,,,,deaths,1
bafwasende,2026-09-18,,,,,,deaths,0
bafwasende,2026-09-25,,,,,,deaths,0
bafwasende,2026-10-02,,,,,,deaths,0
kabondo,2026-08-14,,,,,,deaths,1
kabondo,2026-08-21,,,,,,deaths,0
kabondo,2026-08-28,,,,,,deaths,0
kabondo,2026-09-04,,,,,,deaths,0
kabondo,2026-09-11,,,,,,deaths,0
kabondo,2026-09-18,,,,,,deaths,0
kabondo,2026-09-25,,,,,,deaths,0
kabondo,2026-10-02,,,,,,deaths,0
lubunga,2026-08-14,,,,,,deaths,0
lubunga,2026-08-21,,,,,,deaths,0
lubunga,2026-08-28,,,,,,deaths,0
lubunga,2026-09-04,,,,,,deaths,0
lubunga,2026-09-11,,,,,,deaths,0
lubunga,2026-09-18,,,,,,deaths,0
lubunga,2026-09-25,,,,,,deaths,0
lubunga,2026-10-02,,,,,,deaths,0
makiso_kisangani,2026-08-14,,,,,,deaths,0
makiso_kisangani,2026-08-21,,,,,,deaths,2
makiso_kisangani,2026-08-28,,,,,,deaths,0
makiso_kisangani,2026-09-04,,,,,,deaths,1
makiso_kisangani,2026-09-11,,,,,,deaths,0
makiso_kisangani,2026-09-18,,,,,,deaths,3
makiso_kisangani,2026-09-25,,,,,,deaths,2
makiso_kisangani,2026-10-02,,,,,,deaths,0
mangobo,2026-08-14,,,,,,deaths,0
mangobo,2026-08-21,,,,,,deaths,1
mangobo,2026-08-28,,,,,,deaths,0
mangobo,2026-09-04,,,,,,deaths,0
mangobo,2026-09-11,,,,,,deaths,0
mangobo,2026-09-18,,,,,,deaths,0
mangobo,2026-09-25,,,,,,deaths,1
mangobo,2026-10-02,,,,,,deaths,0
tshopo,2026-08-14,,,,,,deaths,0
tshopo,2026-08-21,,,,,,deaths,0
tshopo,2026-08-28,,,,,,deaths,0
tshopo,2026-09-04,,,,,,deaths,0
tshopo,2026-09-11,,,,,,deaths,0
tshopo,2026-09-18,,,,,,deaths,0
tshopo,2026-09-25,,,,,,deaths,0
tshopo,2026-10-02,,,,,,deaths,0
wanie_rukula,2026-08-14,,,,,,deaths,0
wanie_rukula,2026-08-21,,,,,,deaths,1
wanie_rukula,2026-08-28,,,,,,deaths,0
wanie_rukula,2026-09-04,,,,,,deaths,0
wanie_rukula,2026-09-11,,,,,,deaths,0
wanie_rukula,2026-09-18,,,,,,deaths,0
wanie_rukula,2026-09-25,,,,,,deaths,0
wanie_rukula,2026-10-02,,,,,,deaths,0
buta,2026-08-14,,,,,,deaths,1
buta,2026-08-21,,,,,,deaths,0
buta,2026-08-28,,,,,,deaths,0
buta,2026-09-04,,,,,,deaths,0
buta,2026-09-11,,,,,,deaths,0
buta,2026-09-18,,,,,,deaths,0
buta,2026-09-25,,,,,,deaths,0
buta,2026-10-02,,,,,,deaths,0
ganga,2026-08-14,,,,,,deaths,0
ganga,2026-08-21,,,,,,deaths,0
ganga,2026-08-28,,,,,,deaths,1
ganga,2026-09-04,,,,,,deaths,1
ganga,2026-09-11,,,,,,deaths,0
ganga,2026-09-18,,,,,,deaths,0
ganga,2026-09-25,,,,,,deaths,0
ganga,2026-10-02,,,,,,deaths,0
viadana,2026-08-14,,,,,,deaths,0
viadana,2026-08-21,,,,,,deaths,0
viadana,2026-08-28,,,,,,deaths,0
viadana,2026-09-04,,,,,,deaths,0
viadana,2026-09-11,,,,,,deaths,0
viadana,2026-09-18,,,,,,deaths,1
viadana,2026-09-25,,,,,,deaths,0
viadana,2026-10-02,,,,,,deaths,0
bulu,2026-08-14,,,,,,deaths,0
bulu,2026-08-21,,,,,,deaths,0
bulu,2026-08-28,,,,,,deaths,0
bulu,2026-09-04,,,,,,deaths,0
bulu,2026-09-11,,,,,,deaths,1
bulu,2026-09-18,,,,,,deaths,0
bulu,2026-09-25,,,,,,deaths,0
bulu,2026-10-02,,,,,,deaths,0
