area,date,median,lower_90,upper_90,lower_50,upper_50,series,count
ariwara,2026-08-02,1.031,0.901,1.154,0.98,1.079,rt,
ariwara,2026-08-03,1.011,0.871,1.141,0.956,1.061,rt,
ariwara,2026-08-04,1.002,0.874,1.124,0.953,1.05,rt,
ariwara,2026-08-05,0.993,0.874,1.11,0.946,1.04,rt,
ariwara,2026-08-06,0.985,0.864,1.1,0.939,1.031,rt,
ariwara,2026-08-07,0.972,0.857,1.084,0.926,1.015,rt,
ariwara,2026-08-08,0.959,0.847,1.068,0.913,1.003,rt,
ariwara,2026-08-09,0.944,0.829,1.057,0.897,0.99,rt,
ariwara,2026-08-10,0.924,0.805,1.043,0.875,0.97,rt,
ariwara,2026-08-11,0.916,0.799,1.024,0.868,0.958,rt,
ariwara,2026-08-12,0.907,0.797,1.014,0.863,0.949,rt,
ariwara,2026-08-13,0.9,0.79,1.003,0.857,0.94,rt,
ariwara,2026-08-14,0.894,0.789,0.992,0.852,0.932,rt,
ariwara,2026-08-15,0.887,0.783,0.986,0.847,0.926,rt,
ariwara,2026-08-16,0.881,0.771,0.984,0.838,0.919,rt,
ariwara,2026-08-17,0.879,0.763,0.99,0.835,0.92,rt,
ariwara,2026-08-18,0.882,0.772,0.992,0.839,0.925,rt,
ariwara,2026-08-19,0.887,0.778,0.997,0.841,0.928,rt,
ariwara,2026-08-20,0.888,0.781,1.003,0.842,0.932,rt,
ariwara,2026-08-21,0.893,0.789,1.007,0.851,0.939,rt,
ariwara,2026-08-22,0.898,0.792,1.012,0.854,0.942,rt,
ariwara,2026-08-23,0.9,0.791,1.018,0.854,0.947,rt,
ariwara,2026-08-24,0.913,0.794,1.04,0.863,0.962,rt,
ariwara,2026-08-25,0.931,0.816,1.056,0.885,0.982,rt,
ariwara,2026-08-26,0.949,0.835,1.072,0.904,1.0,rt,
ariwara,2026-08-27,0.967,0.852,1.092,0.92,1.017,rt,
ariwara,2026-08-28,0.98,0.87,1.102,0.936,1.028,rt,
ariwara,2026-08-29,0.992,0.878,1.113,0.948,1.04,rt,
ariwara,2026-08-30,0.999,0.88,1.124,0.954,1.051,rt,
ariwara,2026-08-31,0.997,0.872,1.125,0.948,1.051,rt,
ariwara,2026-09-01,1.004,0.884,1.131,0.958,1.056,rt,
ariwara,2026-09-02,1.011,0.893,1.137,0.963,1.061,rt,
ariwara,2026-09-03,1.016,0.897,1.145,0.965,1.069,rt,
ariwara,2026-09-04,1.021,0.906,1.144,0.971,1.068,rt,
ariwara,2026-09-05,1.021,0.909,1.141,0.971,1.07,rt,
ariwara,2026-09-06,1.018,0.901,1.141,0.967,1.07,rt,
ariwara,2026-09-07,0.999,0.875,1.127,0.945,1.053,rt,
ariwara,2026-09-08,0.987,0.864,1.111,0.933,1.039,rt,
ariwara,2026-09-09,0.974,0.849,1.101,0.919,1.023,rt,
ariwara,2026-09-10,0.958,0.828,1.091,0.903,1.009,rt,
ariwara,2026-09-11,0.936,0.81,1.066,0.882,0.987,rt,
ariwara,2026-09-12,0.914,0.787,1.041,0.861,0.963,rt,
ariwara,2026-09-13,0.888,0.76,1.023,0.835,0.941,rt,
ariwara,2026-09-14,0.868,0.735,1.011,0.812,0.925,rt,
ariwara,2026-09-15,0.862,0.728,1.005,0.807,0.92,rt,
ariwara,2026-09-16,0.859,0.722,1.0,0.801,0.914,rt,
ariwara,2026-09-17,0.854,0.717,1.003,0.798,0.912,rt,
ariwara,2026-09-18,0.851,0.712,1.005,0.793,0.91,rt,
ariwara,2026-09-19,0.848,0.704,1.008,0.789,0.911,rt,
ariwara,2026-09-20,0.844,0.691,1.013,0.782,0.913,rt,
ariwara,2026-09-21,0.845,0.678,1.028,0.78,0.92,rt,
ariwara,2026-09-22,0.846,0.68,1.036,0.777,0.923,rt,
ariwara,2026-09-23,0.849,0.679,1.045,0.774,0.927,rt,
ariwara,2026-09-24,0.85,0.67,1.055,0.77,0.931,rt,
ariwara,2026-09-25,0.851,0.66,1.056,0.764,0.933,rt,
ariwara,2026-09-26,0.85,0.649,1.069,0.76,0.933,rt,
ariwara,2026-09-27,0.847,0.635,1.086,0.753,0.938,rt,
ariwara,2026-09-28,0.837,0.618,1.098,0.74,0.935,rt,
ariwara,2026-09-29,0.834,0.611,1.101,0.737,0.933,rt,
ariwara,2026-09-30,0.831,0.603,1.104,0.732,0.93,rt,
ariwara,2026-10-01,0.825,0.599,1.111,0.726,0.931,rt,
ariwara,2026-10-02,0.83,0.591,1.124,0.725,0.94,rt,
ariwara,2026-10-03,0.826,0.58,1.15,0.718,0.948,rt,
ariwara,2026-10-04,0.825,0.556,1.183,0.711,0.957,rt,
ariwara,2026-10-05,0.821,0.538,1.212,0.703,0.964,rt,
ariwara,2026-10-06,0.844,0.54,1.222,0.713,0.987,rt,
aru,2026-06-10,1.31,1.078,1.616,1.207,1.418,rt,
aru,2026-06-11,1.299,1.071,1.585,1.198,1.4,rt,
aru,2026-06-12,1.29,1.067,1.565,1.195,1.389,rt,
aru,2026-06-13,1.279,1.058,1.536,1.185,1.375,rt,
aru,2026-06-14,1.265,1.045,1.517,1.171,1.362,rt,
aru,2026-06-15,1.248,1.029,1.51,1.153,1.348,rt,
aru,2026-06-16,1.239,1.035,1.484,1.15,1.335,rt,
aru,2026-06-17,1.231,1.039,1.461,1.143,1.32,rt,
aru,2026-06-18,1.224,1.037,1.442,1.138,1.308,rt,
aru,2026-06-19,1.217,1.037,1.432,1.138,1.299,rt,
aru,2026-06-20,1.21,1.032,1.422,1.133,1.293,rt,
aru,2026-06-21,1.205,1.022,1.415,1.124,1.287,rt,
aru,2026-06-22,1.215,1.028,1.431,1.137,1.304,rt,
aru,2026-06-23,1.216,1.041,1.422,1.142,1.302,rt,
aru,2026-06-24,1.218,1.05,1.411,1.146,1.302,rt,
aru,2026-06-25,1.219,1.052,1.415,1.15,1.302,rt,
aru,2026-06-26,1.216,1.052,1.402,1.151,1.291,rt,
aru,2026-06-27,1.211,1.05,1.396,1.145,1.281,rt,
aru,2026-06-28,1.207,1.043,1.393,1.137,1.274,rt,
aru,2026-06-29,1.175,1.011,1.36,1.107,1.244,rt,
aru,2026-06-30,1.155,1.003,1.324,1.091,1.218,rt,
aru,2026-07-01,1.136,0.989,1.289,1.075,1.195,rt,
aru,2026-07-02,1.117,0.977,1.264,1.058,1.174,rt,
aru,2026-07-03,1.099,0.966,1.237,1.045,1.154,rt,
aru,2026-07-04,1.081,0.949,1.215,1.028,1.136,rt,
aru,2026-07-05,1.064,0.935,1.201,1.012,1.12,rt,
aru,2026-07-06,1.054,0.918,1.203,0.997,1.114,rt,
aru,2026-07-07,1.06,0.931,1.198,1.006,1.114,rt,
aru,2026-07-08,1.067,0.94,1.197,1.014,1.118,rt,
aru,2026-07-09,1.072,0.945,1.203,1.021,1.123,rt,
aru,2026-07-10,1.078,0.957,1.205,1.03,1.128,rt,
aru,2026-07-11,1.084,0.962,1.208,1.033,1.134,rt,
aru,2026-07-12,1.087,0.96,1.219,1.033,1.142,rt,
aru,2026-07-13,1.083,0.948,1.227,1.024,1.14,rt,
aru,2026-07-14,1.081,0.954,1.216,1.029,1.136,rt,
aru,2026-07-15,1.081,0.956,1.206,1.029,1.133,rt,
aru,2026-07-16,1.079,0.955,1.202,1.028,1.13,rt,
aru,2026-07-17,1.083,0.961,1.207,1.033,1.133,rt,
aru,2026-07-18,1.083,0.964,1.216,1.034,1.136,rt,
aru,2026-07-19,1.083,0.959,1.228,1.031,1.139,rt,
aru,2026-07-20,1.082,0.952,1.242,1.024,1.141,rt,
aru,2026-07-21,1.081,0.958,1.23,1.026,1.138,rt,
aru,2026-07-22,1.08,0.96,1.22,1.027,1.134,rt,
aru,2026-07-23,1.075,0.956,1.211,1.022,1.13,rt,
aru,2026-07-24,1.074,0.954,1.203,1.02,1.124,rt,
aru,2026-07-25,1.068,0.947,1.204,1.014,1.118,rt,
aru,2026-07-26,1.061,0.934,1.196,1.007,1.114,rt,
aru,2026-07-27,1.057,0.922,1.203,1.003,1.115,rt,
aru,2026-07-28,1.058,0.928,1.193,1.005,1.113,rt,
aru,2026-07-29,1.056,0.928,1.184,1.004,1.11,rt,
aru,2026-07-30,1.053,0.922,1.182,0.998,1.107,rt,
aru,2026-07-31,1.039,0.914,1.162,0.988,1.09,rt,
aru,2026-08-01,1.024,0.903,1.147,0.974,1.072,rt,
aru,2026-08-02,1.008,0.883,1.134,0.957,1.057,rt,
aru,2026-08-03,0.988,0.856,1.121,0.935,1.041,rt,
aru,2026-08-04,0.982,0.858,1.104,0.931,1.031,rt,
aru,2026-08-05,0.975,0.856,1.094,0.927,1.022,rt,
aru,2026-08-06,0.967,0.849,1.086,0.92,1.016,rt,
aru,2026-08-07,0.957,0.84,1.072,0.909,1.002,rt,
aru,2026-08-08,0.944,0.827,1.059,0.898,0.987,rt,
aru,2026-08-09,0.931,0.809,1.048,0.884,0.978,rt,
aru,2026-08-10,0.911,0.785,1.032,0.861,0.961,rt,
aru,2026-08-11,0.902,0.786,1.014,0.856,0.949,rt,
aru,2026-08-12,0.894,0.783,1.004,0.849,0.94,rt,
aru,2026-08-13,0.888,0.777,0.995,0.842,0.931,rt,
aru,2026-08-14,0.882,0.777,0.988,0.839,0.923,rt,
aru,2026-08-15,0.875,0.773,0.979,0.834,0.916,rt,
aru,2026-08-16,0.869,0.763,0.979,0.827,0.909,rt,
aru,2026-08-17,0.867,0.756,0.983,0.823,0.91,rt,
aru,2026-08-18,0.871,0.764,0.984,0.828,0.916,rt,
aru,2026-08-19,0.876,0.768,0.988,0.83,0.92,rt,
aru,2026-08-20,0.878,0.77,0.993,0.831,0.925,rt,
aru,2026-08-21,0.885,0.778,0.997,0.839,0.932,rt,
aru,2026-08-22,0.889,0.78,1.001,0.842,0.937,rt,
aru,2026-08-23,0.892,0.779,1.006,0.844,0.941,rt,
aru,2026-08-24,0.903,0.782,1.026,0.854,0.956,rt,
aru,2026-08-25,0.923,0.805,1.046,0.874,0.974,rt,
aru,2026-08-26,0.941,0.825,1.062,0.893,0.991,rt,
aru,2026-08-27,0.959,0.841,1.085,0.91,1.009,rt,
aru,2026-08-28,0.972,0.855,1.093,0.924,1.021,rt,
aru,2026-08-29,0.982,0.869,1.102,0.935,1.033,rt,
aru,2026-08-30,0.99,0.874,1.114,0.941,1.042,rt,
aru,2026-08-31,0.987,0.866,1.113,0.938,1.042,rt,
aru,2026-09-01,0.994,0.877,1.122,0.946,1.048,rt,
aru,2026-09-02,0.999,0.88,1.127,0.953,1.053,rt,
aru,2026-09-03,1.007,0.885,1.136,0.956,1.06,rt,
aru,2026-09-04,1.01,0.895,1.132,0.961,1.061,rt,
aru,2026-09-05,1.009,0.896,1.13,0.961,1.062,rt,
aru,2026-09-06,1.009,0.89,1.129,0.957,1.061,rt,
aru,2026-09-07,0.99,0.865,1.116,0.934,1.045,rt,
aru,2026-09-08,0.978,0.854,1.1,0.924,1.029,rt,
aru,2026-09-09,0.963,0.841,1.09,0.908,1.015,rt,
aru,2026-09-10,0.948,0.823,1.077,0.892,1.001,rt,
aru,2026-09-11,0.926,0.806,1.052,0.875,0.978,rt,
aru,2026-09-12,0.903,0.783,1.032,0.853,0.956,rt,
aru,2026-09-13,0.878,0.758,1.009,0.827,0.932,rt,
aru,2026-09-14,0.859,0.729,1.0,0.802,0.917,rt,
aru,2026-09-15,0.855,0.725,0.994,0.799,0.912,rt,
aru,2026-09-16,0.851,0.72,0.992,0.794,0.908,rt,
aru,2026-09-17,0.848,0.714,0.992,0.789,0.906,rt,
aru,2026-09-18,0.843,0.709,0.992,0.787,0.904,rt,
aru,2026-09-19,0.839,0.701,0.998,0.781,0.903,rt,
aru,2026-09-20,0.838,0.688,1.008,0.772,0.904,rt,
aru,2026-09-21,0.84,0.68,1.024,0.769,0.912,rt,
aru,2026-09-22,0.843,0.678,1.032,0.768,0.915,rt,
aru,2026-09-23,0.844,0.673,1.04,0.765,0.921,rt,
aru,2026-09-24,0.846,0.664,1.05,0.763,0.925,rt,
aru,2026-09-25,0.846,0.652,1.06,0.76,0.93,rt,
aru,2026-09-26,0.843,0.642,1.074,0.755,0.929,rt,
aru,2026-09-27,0.839,0.629,1.088,0.746,0.932,rt,
aru,2026-09-28,0.831,0.608,1.091,0.736,0.928,rt,
aru,2026-09-29,0.829,0.604,1.089,0.73,0.928,rt,
aru,2026-09-30,0.823,0.598,1.093,0.723,0.928,rt,
aru,2026-10-01,0.82,0.596,1.098,0.72,0.925,rt,
aru,2026-10-02,0.821,0.588,1.115,0.72,0.935,rt,
aru,2026-10-03,0.819,0.573,1.133,0.714,0.942,rt,
aru,2026-10-04,0.818,0.552,1.17,0.709,0.953,rt,
aru,2026-10-05,0.816,0.536,1.205,0.7,0.963,rt,
aru,2026-10-06,0.837,0.531,1.213,0.706,0.982,rt,
aungba,2026-07-11,1.101,0.981,1.229,1.047,1.153,rt,
aungba,2026-07-12,1.104,0.979,1.241,1.049,1.158,rt,
aungba,2026-07-13,1.099,0.966,1.248,1.04,1.154,rt,
aungba,2026-07-14,1.096,0.973,1.235,1.042,1.148,rt,
aungba,2026-07-15,1.096,0.972,1.224,1.041,1.147,rt,
aungba,2026-07-16,1.091,0.971,1.22,1.038,1.144,rt,
aungba,2026-07-17,1.095,0.976,1.226,1.044,1.145,rt,
aungba,2026-07-18,1.095,0.977,1.234,1.045,1.146,rt,
aungba,2026-07-19,1.096,0.971,1.239,1.043,1.149,rt,
aungba,2026-07-20,1.094,0.96,1.252,1.037,1.151,rt,
aungba,2026-07-21,1.093,0.966,1.24,1.038,1.147,rt,
aungba,2026-07-22,1.089,0.967,1.23,1.037,1.141,rt,
aungba,2026-07-23,1.083,0.962,1.224,1.035,1.137,rt,
aungba,2026-07-24,1.081,0.964,1.216,1.034,1.133,rt,
aungba,2026-07-25,1.078,0.956,1.208,1.027,1.127,rt,
aungba,2026-07-26,1.07,0.945,1.204,1.017,1.121,rt,
aungba,2026-07-27,1.067,0.934,1.208,1.012,1.124,rt,
aungba,2026-07-28,1.067,0.938,1.196,1.013,1.12,rt,
aungba,2026-07-29,1.066,0.938,1.188,1.012,1.117,rt,
aungba,2026-07-30,1.062,0.934,1.185,1.008,1.113,rt,
aungba,2026-07-31,1.047,0.922,1.167,0.995,1.099,rt,
aungba,2026-08-01,1.033,0.906,1.15,0.982,1.082,rt,
aungba,2026-08-02,1.016,0.888,1.139,0.964,1.067,rt,
aungba,2026-08-03,0.997,0.859,1.125,0.941,1.049,rt,
aungba,2026-08-04,0.99,0.861,1.109,0.938,1.039,rt,
aungba,2026-08-05,0.983,0.86,1.098,0.932,1.031,rt,
aungba,2026-08-06,0.975,0.853,1.091,0.926,1.024,rt,
aungba,2026-08-07,0.963,0.845,1.072,0.917,1.009,rt,
aungba,2026-08-08,0.948,0.836,1.058,0.904,0.996,rt,
aungba,2026-08-09,0.935,0.818,1.051,0.89,0.982,rt,
aungba,2026-08-10,0.916,0.794,1.039,0.867,0.964,rt,
aungba,2026-08-11,0.908,0.791,1.022,0.861,0.952,rt,
aungba,2026-08-12,0.9,0.787,1.007,0.855,0.943,rt,
aungba,2026-08-13,0.891,0.783,0.995,0.848,0.935,rt,
aungba,2026-08-14,0.885,0.782,0.985,0.843,0.926,rt,
aungba,2026-08-15,0.879,0.777,0.979,0.839,0.919,rt,
aungba,2026-08-16,0.872,0.768,0.977,0.831,0.914,rt,
aungba,2026-08-17,0.869,0.76,0.98,0.825,0.914,rt,
aungba,2026-08-18,0.874,0.768,0.982,0.829,0.916,rt,
aungba,2026-08-19,0.877,0.773,0.983,0.832,0.92,rt,
aungba,2026-08-20,0.88,0.773,0.991,0.833,0.924,rt,
aungba,2026-08-21,0.886,0.78,0.996,0.841,0.93,rt,
aungba,2026-08-22,0.89,0.783,0.998,0.844,0.935,rt,
aungba,2026-08-23,0.892,0.782,1.005,0.844,0.94,rt,
aungba,2026-08-24,0.903,0.788,1.023,0.854,0.953,rt,
aungba,2026-08-25,0.921,0.808,1.042,0.874,0.971,rt,
aungba,2026-08-26,0.94,0.826,1.061,0.893,0.99,rt,
aungba,2026-08-27,0.957,0.84,1.079,0.908,1.008,rt,
aungba,2026-08-28,0.969,0.857,1.085,0.922,1.018,rt,
aungba,2026-08-29,0.979,0.866,1.099,0.935,1.029,rt,
aungba,2026-08-30,0.986,0.869,1.109,0.94,1.036,rt,
aungba,2026-08-31,0.984,0.862,1.113,0.934,1.035,rt,
aungba,2026-09-01,0.991,0.873,1.119,0.942,1.04,rt,
aungba,2026-09-02,0.998,0.883,1.123,0.947,1.045,rt,
aungba,2026-09-03,1.002,0.887,1.131,0.951,1.052,rt,
aungba,2026-09-04,1.003,0.891,1.125,0.957,1.055,rt,
aungba,2026-09-05,1.003,0.891,1.122,0.957,1.053,rt,
aungba,2026-09-06,1.001,0.883,1.123,0.952,1.051,rt,
aungba,2026-09-07,0.983,0.859,1.111,0.928,1.036,rt,
aungba,2026-09-08,0.971,0.85,1.095,0.916,1.022,rt,
aungba,2026-09-09,0.953,0.833,1.083,0.903,1.006,rt,
aungba,2026-09-10,0.938,0.814,1.07,0.888,0.992,rt,
aungba,2026-09-11,0.919,0.798,1.045,0.869,0.969,rt,
aungba,2026-09-12,0.895,0.775,1.024,0.847,0.947,rt,
aungba,2026-09-13,0.871,0.747,1.003,0.819,0.922,rt,
aungba,2026-09-14,0.852,0.72,0.994,0.795,0.905,rt,
aungba,2026-09-15,0.846,0.716,0.986,0.791,0.902,rt,
aungba,2026-09-16,0.841,0.713,0.985,0.785,0.898,rt,
aungba,2026-09-17,0.839,0.704,0.986,0.781,0.896,rt,
aungba,2026-09-18,0.836,0.698,0.986,0.778,0.895,rt,
aungba,2026-09-19,0.833,0.69,0.994,0.773,0.895,rt,
aungba,2026-09-20,0.829,0.676,1.002,0.766,0.897,rt,
aungba,2026-09-21,0.829,0.667,1.019,0.763,0.906,rt,
aungba,2026-09-22,0.832,0.665,1.024,0.76,0.908,rt,
aungba,2026-09-23,0.832,0.661,1.032,0.759,0.913,rt,
aungba,2026-09-24,0.834,0.652,1.041,0.755,0.917,rt,
aungba,2026-09-25,0.833,0.644,1.049,0.753,0.919,rt,
aungba,2026-09-26,0.831,0.635,1.063,0.747,0.923,rt,
aungba,2026-09-27,0.827,0.62,1.078,0.739,0.924,rt,
aungba,2026-09-28,0.819,0.596,1.089,0.725,0.92,rt,
aungba,2026-09-29,0.819,0.594,1.091,0.721,0.918,rt,
aungba,2026-09-30,0.814,0.587,1.089,0.715,0.918,rt,
aungba,2026-10-01,0.809,0.581,1.09,0.709,0.918,rt,
aungba,2026-10-02,0.81,0.577,1.107,0.71,0.923,rt,
aungba,2026-10-03,0.811,0.565,1.129,0.7,0.933,rt,
aungba,2026-10-04,0.808,0.543,1.166,0.695,0.944,rt,
aungba,2026-10-05,0.805,0.525,1.196,0.687,0.953,rt,
aungba,2026-10-06,0.822,0.519,1.217,0.695,0.971,rt,
bambu,2026-05-23,1.482,0.961,2.276,1.251,1.776,rt,
bambu,2026-05-24,1.443,0.912,2.248,1.203,1.739,rt,
bambu,2026-05-25,1.406,0.861,2.233,1.15,1.698,rt,
bambu,2026-05-26,1.397,0.888,2.161,1.168,1.682,rt,
bambu,2026-05-27,1.399,0.911,2.108,1.18,1.672,rt,
bambu,2026-05-28,1.41,0.938,2.088,1.196,1.662,rt,
bambu,2026-05-29,1.422,0.955,2.093,1.21,1.677,rt,
bambu,2026-05-30,1.438,0.964,2.111,1.218,1.689,rt,
bambu,2026-05-31,1.44,0.96,2.177,1.219,1.702,rt,
bambu,2026-06-01,1.458,0.956,2.265,1.226,1.738,rt,
bambu,2026-06-02,1.502,1.015,2.242,1.289,1.762,rt,
bambu,2026-06-03,1.544,1.083,2.235,1.341,1.792,rt,
bambu,2026-06-04,1.585,1.134,2.24,1.379,1.818,rt,
bambu,2026-06-05,1.62,1.164,2.27,1.406,1.852,rt,
bambu,2026-06-06,1.636,1.166,2.294,1.415,1.889,rt,
bambu,2026-06-07,1.636,1.157,2.338,1.414,1.917,rt,
bambu,2026-06-08,1.647,1.128,2.389,1.408,1.941,rt,
bambu,2026-06-09,1.646,1.167,2.313,1.426,1.909,rt,
bambu,2026-06-10,1.639,1.186,2.25,1.436,1.874,rt,
bambu,2026-06-11,1.636,1.2,2.201,1.44,1.849,rt,
bambu,2026-06-12,1.631,1.198,2.178,1.442,1.834,rt,
bambu,2026-06-13,1.617,1.193,2.188,1.428,1.826,rt,
bambu,2026-06-14,1.611,1.159,2.209,1.418,1.827,rt,
bambu,2026-06-15,1.594,1.118,2.231,1.39,1.823,rt,
bambu,2026-06-16,1.592,1.15,2.157,1.4,1.801,rt,
bambu,2026-06-17,1.584,1.177,2.108,1.406,1.781,rt,
bambu,2026-06-18,1.579,1.188,2.086,1.407,1.761,rt,
bambu,2026-06-19,1.571,1.2,2.078,1.412,1.758,rt,
bambu,2026-06-20,1.571,1.197,2.089,1.4,1.763,rt,
bambu,2026-06-21,1.565,1.18,2.125,1.386,1.77,rt,
bambu,2026-06-22,1.584,1.163,2.185,1.383,1.812,rt,
bambu,2026-06-23,1.579,1.194,2.138,1.404,1.781,rt,
bambu,2026-06-24,1.578,1.21,2.104,1.41,1.768,rt,
bambu,2026-06-25,1.573,1.211,2.069,1.41,1.747,rt,
bambu,2026-06-26,1.563,1.19,2.044,1.398,1.732,rt,
bambu,2026-06-27,1.549,1.17,2.033,1.381,1.721,rt,
bambu,2026-06-28,1.528,1.138,2.06,1.359,1.717,rt,
bambu,2026-06-29,1.479,1.073,2.043,1.298,1.688,rt,
bambu,2026-06-30,1.431,1.072,1.916,1.275,1.614,rt,
bambu,2026-07-01,1.385,1.052,1.804,1.242,1.551,rt,
bambu,2026-07-02,1.345,1.024,1.738,1.209,1.494,rt,
bambu,2026-07-03,1.306,0.99,1.686,1.178,1.444,rt,
bambu,2026-07-04,1.261,0.946,1.638,1.131,1.407,rt,
bambu,2026-07-05,1.222,0.905,1.625,1.086,1.37,rt,
bambu,2026-07-06,1.193,0.864,1.624,1.047,1.358,rt,
bambu,2026-07-07,1.191,0.893,1.575,1.059,1.333,rt,
bambu,2026-07-08,1.187,0.912,1.531,1.068,1.315,rt,
bambu,2026-07-09,1.183,0.914,1.505,1.071,1.307,rt,
bambu,2026-07-10,1.179,0.91,1.488,1.064,1.304,rt,
bambu,2026-07-11,1.174,0.893,1.498,1.059,1.303,rt,
bambu,2026-07-12,1.17,0.869,1.521,1.043,1.306,rt,
bambu,2026-07-13,1.152,0.825,1.547,1.015,1.302,rt,
bambu,2026-07-14,1.161,0.861,1.516,1.035,1.298,rt,
bambu,2026-07-15,1.173,0.892,1.502,1.052,1.294,rt,
bambu,2026-07-16,1.18,0.902,1.506,1.063,1.301,rt,
bambu,2026-07-17,1.193,0.916,1.535,1.076,1.318,rt,
bambu,2026-07-18,1.207,0.925,1.563,1.085,1.339,rt,
bambu,2026-07-19,1.214,0.914,1.616,1.079,1.358,rt,
bambu,2026-07-20,1.224,0.898,1.676,1.076,1.383,rt,
bambu,2026-07-21,1.23,0.929,1.643,1.095,1.375,rt,
bambu,2026-07-22,1.241,0.954,1.612,1.112,1.379,rt,
bambu,2026-07-23,1.247,0.977,1.619,1.117,1.381,rt,
bambu,2026-07-24,1.254,0.986,1.621,1.125,1.382,rt,
bambu,2026-07-25,1.255,0.977,1.637,1.129,1.393,rt,
bambu,2026-07-26,1.251,0.954,1.656,1.116,1.41,rt,
bambu,2026-07-27,1.26,0.919,1.726,1.109,1.433,rt,
bambu,2026-07-28,1.269,0.966,1.68,1.132,1.424,rt,
bambu,2026-07-29,1.278,0.99,1.648,1.154,1.416,rt,
bambu,2026-07-30,1.285,1.001,1.637,1.165,1.41,rt,
bambu,2026-07-31,1.277,0.996,1.616,1.159,1.398,rt,
bambu,2026-08-01,1.264,0.976,1.617,1.143,1.389,rt,
bambu,2026-08-02,1.254,0.951,1.646,1.127,1.393,rt,
bambu,2026-08-03,1.234,0.905,1.662,1.098,1.389,rt,
bambu,2026-08-04,1.216,0.922,1.589,1.09,1.351,rt,
bambu,2026-08-05,1.196,0.937,1.544,1.079,1.322,rt,
bambu,2026-08-06,1.183,0.923,1.512,1.064,1.296,rt,
bambu,2026-08-07,1.156,0.903,1.475,1.042,1.27,rt,
bambu,2026-08-08,1.132,0.871,1.456,1.013,1.249,rt,
bambu,2026-08-09,1.109,0.826,1.453,0.983,1.236,rt,
bambu,2026-08-10,1.075,0.775,1.45,0.938,1.217,rt,
bambu,2026-08-11,1.03,0.764,1.352,0.909,1.153,rt,
bambu,2026-08-12,0.986,0.748,1.274,0.882,1.096,rt,
bambu,2026-08-13,0.947,0.721,1.212,0.847,1.052,rt,
bambu,2026-08-14,0.911,0.688,1.157,0.818,1.01,rt,
bambu,2026-08-15,0.874,0.652,1.129,0.782,0.979,rt,
bambu,2026-08-16,0.837,0.608,1.114,0.743,0.946,rt,
bambu,2026-08-17,0.807,0.569,1.107,0.71,0.925,rt,
bambu,2026-08-18,0.785,0.566,1.048,0.695,0.894,rt,
bambu,2026-08-19,0.767,0.564,1.006,0.678,0.863,rt,
bambu,2026-08-20,0.743,0.549,0.967,0.658,0.835,rt,
bambu,2026-08-21,0.725,0.53,0.945,0.643,0.811,rt,
bambu,2026-08-22,0.706,0.51,0.932,0.624,0.793,rt,
bambu,2026-08-23,0.684,0.482,0.919,0.599,0.775,rt,
bambu,2026-08-24,0.669,0.456,0.917,0.578,0.77,rt,
bambu,2026-08-25,0.678,0.481,0.908,0.594,0.771,rt,
bambu,2026-08-26,0.685,0.495,0.909,0.604,0.774,rt,
bambu,2026-08-27,0.693,0.504,0.909,0.612,0.777,rt,
bambu,2026-08-28,0.696,0.511,0.912,0.615,0.784,rt,
bambu,2026-08-29,0.7,0.503,0.928,0.613,0.791,rt,
bambu,2026-08-30,0.7,0.487,0.942,0.605,0.793,rt,
bambu,2026-08-31,0.691,0.465,0.958,0.591,0.795,rt,
bambu,2026-09-01,0.705,0.488,0.953,0.609,0.803,rt,
bambu,2026-09-02,0.718,0.511,0.954,0.626,0.81,rt,
bambu,2026-09-03,0.729,0.529,0.976,0.642,0.825,rt,
bambu,2026-09-04,0.74,0.541,0.983,0.653,0.834,rt,
bambu,2026-09-05,0.748,0.544,1.013,0.656,0.847,rt,
bambu,2026-09-06,0.753,0.529,1.053,0.658,0.865,rt,
bambu,2026-09-07,0.745,0.504,1.087,0.644,0.867,rt,
bambu,2026-09-08,0.742,0.513,1.061,0.647,0.858,rt,
bambu,2026-09-09,0.738,0.517,1.034,0.649,0.847,rt,
bambu,2026-09-10,0.733,0.512,1.019,0.643,0.841,rt,
bambu,2026-09-11,0.725,0.504,1.013,0.629,0.831,rt,
bambu,2026-09-12,0.714,0.482,1.016,0.611,0.827,rt,
bambu,2026-09-13,0.694,0.46,1.029,0.591,0.82,rt,
bambu,2026-09-14,0.682,0.431,1.06,0.569,0.816,rt,
bambu,2026-09-15,0.694,0.449,1.067,0.586,0.826,rt,
bambu,2026-09-16,0.708,0.459,1.074,0.6,0.837,rt,
bambu,2026-09-17,0.719,0.468,1.085,0.604,0.853,rt,
bambu,2026-09-18,0.734,0.469,1.109,0.612,0.877,rt,
bambu,2026-09-19,0.75,0.467,1.154,0.618,0.906,rt,
bambu,2026-09-20,0.765,0.457,1.213,0.621,0.932,rt,
bambu,2026-09-21,0.785,0.454,1.307,0.627,0.973,rt,
bambu,2026-09-22,0.791,0.455,1.287,0.63,0.97,rt,
bambu,2026-09-23,0.794,0.457,1.295,0.627,0.97,rt,
bambu,2026-09-24,0.788,0.453,1.291,0.626,0.975,rt,
bambu,2026-09-25,0.788,0.445,1.314,0.617,0.981,rt,
bambu,2026-09-26,0.783,0.432,1.333,0.611,0.986,rt,
bambu,2026-09-27,0.776,0.408,1.373,0.598,0.99,rt,
bambu,2026-09-28,0.763,0.386,1.431,0.582,0.999,rt,
bambu,2026-09-29,0.764,0.388,1.415,0.579,0.987,rt,
bambu,2026-09-30,0.757,0.382,1.416,0.574,0.972,rt,
bambu,2026-10-01,0.746,0.364,1.414,0.566,0.971,rt,
bambu,2026-10-02,0.742,0.353,1.443,0.562,0.976,rt,
bambu,2026-10-03,0.736,0.341,1.485,0.556,0.985,rt,
bambu,2026-10-04,0.729,0.318,1.533,0.544,0.995,rt,
bambu,2026-10-05,0.717,0.302,1.58,0.524,1.009,rt,
bambu,2026-10-06,0.741,0.285,1.67,0.502,1.044,rt,
boga,2026-08-17,0.864,0.752,0.99,0.819,0.912,rt,
boga,2026-08-18,0.868,0.759,0.988,0.822,0.914,rt,
boga,2026-08-19,0.871,0.764,0.99,0.824,0.917,rt,
boga,2026-08-20,0.872,0.763,0.996,0.824,0.92,rt,
boga,2026-08-21,0.877,0.771,0.997,0.83,0.923,rt,
boga,2026-08-22,0.879,0.773,1.002,0.832,0.926,rt,
boga,2026-08-23,0.879,0.77,1.005,0.832,0.926,rt,
boga,2026-08-24,0.888,0.772,1.02,0.839,0.939,rt,
boga,2026-08-25,0.905,0.795,1.037,0.858,0.957,rt,
boga,2026-08-26,0.923,0.811,1.053,0.876,0.972,rt,
boga,2026-08-27,0.941,0.823,1.071,0.89,0.986,rt,
boga,2026-08-28,0.952,0.836,1.075,0.903,0.996,rt,
boga,2026-08-29,0.96,0.848,1.085,0.913,1.006,rt,
boga,2026-08-30,0.965,0.848,1.091,0.917,1.014,rt,
boga,2026-08-31,0.961,0.838,1.088,0.909,1.013,rt,
boga,2026-09-01,0.968,0.849,1.092,0.919,1.019,rt,
boga,2026-09-02,0.974,0.854,1.101,0.925,1.026,rt,
boga,2026-09-03,0.981,0.859,1.109,0.929,1.032,rt,
boga,2026-09-04,0.984,0.867,1.11,0.933,1.034,rt,
boga,2026-09-05,0.982,0.867,1.108,0.936,1.034,rt,
boga,2026-09-06,0.979,0.859,1.111,0.931,1.032,rt,
boga,2026-09-07,0.964,0.836,1.098,0.91,1.017,rt,
boga,2026-09-08,0.951,0.824,1.085,0.9,1.006,rt,
boga,2026-09-09,0.938,0.814,1.07,0.886,0.993,rt,
boga,2026-09-10,0.924,0.797,1.059,0.87,0.979,rt,
boga,2026-09-11,0.902,0.779,1.032,0.85,0.956,rt,
boga,2026-09-12,0.882,0.756,1.01,0.828,0.933,rt,
boga,2026-09-13,0.859,0.729,0.99,0.802,0.912,rt,
boga,2026-09-14,0.838,0.701,0.979,0.778,0.895,rt,
boga,2026-09-15,0.835,0.697,0.973,0.773,0.89,rt,
boga,2026-09-16,0.83,0.694,0.971,0.77,0.888,rt,
boga,2026-09-17,0.825,0.689,0.974,0.768,0.883,rt,
boga,2026-09-18,0.823,0.682,0.975,0.763,0.883,rt,
boga,2026-09-19,0.82,0.673,0.976,0.757,0.884,rt,
boga,2026-09-20,0.815,0.66,0.985,0.751,0.886,rt,
boga,2026-09-21,0.815,0.651,1.0,0.747,0.894,rt,
boga,2026-09-22,0.818,0.649,1.009,0.744,0.897,rt,
boga,2026-09-23,0.818,0.644,1.019,0.74,0.9,rt,
boga,2026-09-24,0.82,0.64,1.026,0.737,0.903,rt,
boga,2026-09-25,0.82,0.628,1.031,0.733,0.904,rt,
boga,2026-09-26,0.816,0.615,1.051,0.728,0.903,rt,
boga,2026-09-27,0.813,0.602,1.065,0.722,0.901,rt,
boga,2026-09-28,0.805,0.585,1.069,0.71,0.899,rt,
boga,2026-09-29,0.801,0.58,1.067,0.705,0.899,rt,
boga,2026-09-30,0.797,0.572,1.07,0.703,0.898,rt,
boga,2026-10-01,0.791,0.563,1.075,0.695,0.895,rt,
boga,2026-10-02,0.794,0.559,1.092,0.691,0.901,rt,
boga,2026-10-03,0.792,0.546,1.119,0.69,0.911,rt,
boga,2026-10-04,0.789,0.529,1.147,0.682,0.918,rt,
boga,2026-10-05,0.785,0.511,1.17,0.67,0.927,rt,
boga,2026-10-06,0.8,0.506,1.182,0.675,0.944,rt,
bunia,2026-04-20,2.603,1.607,6.203,2.062,3.514,rt,
bunia,2026-04-21,2.6,1.643,5.873,2.075,3.472,rt,
bunia,2026-04-22,2.592,1.664,5.532,2.082,3.416,rt,
bunia,2026-04-23,2.583,1.685,5.213,2.098,3.336,rt,
bunia,2026-04-24,2.583,1.704,5.034,2.114,3.288,rt,
bunia,2026-04-25,2.578,1.724,4.862,2.128,3.243,rt,
bunia,2026-04-26,2.577,1.72,4.785,2.127,3.215,rt,
bunia,2026-04-27,2.551,1.69,4.679,2.129,3.182,rt,
bunia,2026-04-28,2.548,1.729,4.506,2.155,3.139,rt,
bunia,2026-04-29,2.544,1.763,4.289,2.167,3.097,rt,
bunia,2026-04-30,2.546,1.774,4.194,2.175,3.059,rt,
bunia,2026-05-01,2.542,1.799,4.12,2.193,3.064,rt,
bunia,2026-05-02,2.55,1.804,4.084,2.199,3.068,rt,
bunia,2026-05-03,2.555,1.802,4.103,2.208,3.073,rt,
bunia,2026-05-04,2.556,1.791,4.109,2.196,3.093,rt,
bunia,2026-05-05,2.562,1.817,4.055,2.218,3.067,rt,
bunia,2026-05-06,2.569,1.853,3.97,2.23,3.04,rt,
bunia,2026-05-07,2.578,1.869,3.91,2.243,3.014,rt,
bunia,2026-05-08,2.567,1.87,3.797,2.245,2.975,rt,
bunia,2026-05-09,2.557,1.859,3.726,2.24,2.94,rt,
bunia,2026-05-10,2.544,1.85,3.735,2.216,2.919,rt,
bunia,2026-05-11,2.454,1.772,3.634,2.131,2.816,rt,
bunia,2026-05-12,2.37,1.752,3.398,2.078,2.691,rt,
bunia,2026-05-13,2.28,1.719,3.178,2.02,2.585,rt,
bunia,2026-05-14,2.197,1.691,3.01,1.963,2.482,rt,
bunia,2026-05-15,2.099,1.642,2.862,1.904,2.377,rt,
bunia,2026-05-16,2.014,1.572,2.743,1.821,2.276,rt,
bunia,2026-05-17,1.94,1.494,2.647,1.743,2.197,rt,
bunia,2026-05-18,1.866,1.386,2.575,1.649,2.12,rt,
bunia,2026-05-19,1.789,1.353,2.4,1.595,2.006,rt,
bunia,2026-05-20,1.706,1.309,2.25,1.539,1.904,rt,
bunia,2026-05-21,1.628,1.268,2.12,1.467,1.808,rt,
bunia,2026-05-22,1.539,1.203,1.981,1.398,1.702,rt,
bunia,2026-05-23,1.451,1.119,1.883,1.313,1.615,rt,
bunia,2026-05-24,1.37,1.024,1.813,1.22,1.537,rt,
bunia,2026-05-25,1.29,0.923,1.766,1.132,1.465,rt,
bunia,2026-05-26,1.283,0.943,1.688,1.138,1.43,rt,
bunia,2026-05-27,1.272,0.962,1.631,1.143,1.407,rt,
bunia,2026-05-28,1.269,0.978,1.599,1.147,1.394,rt,
bunia,2026-05-29,1.266,0.982,1.577,1.156,1.386,rt,
bunia,2026-05-30,1.265,0.981,1.567,1.156,1.385,rt,
bunia,2026-05-31,1.27,0.954,1.593,1.149,1.399,rt,
bunia,2026-06-01,1.278,0.927,1.63,1.138,1.419,rt,
bunia,2026-06-02,1.334,1.032,1.645,1.214,1.457,rt,
bunia,2026-06-03,1.389,1.127,1.672,1.286,1.498,rt,
bunia,2026-06-04,1.447,1.206,1.715,1.347,1.544,rt,
bunia,2026-06-05,1.495,1.277,1.761,1.396,1.589,rt,
bunia,2026-06-06,1.532,1.308,1.821,1.432,1.641,rt,
bunia,2026-06-07,1.561,1.317,1.89,1.455,1.686,rt,
bunia,2026-06-08,1.591,1.315,1.963,1.468,1.728,rt,
bunia,2026-06-09,1.571,1.331,1.883,1.463,1.689,rt,
bunia,2026-06-10,1.546,1.332,1.826,1.454,1.654,rt,
bunia,2026-06-11,1.521,1.32,1.796,1.432,1.622,rt,
bunia,2026-06-12,1.499,1.299,1.77,1.41,1.604,rt,
bunia,2026-06-13,1.476,1.272,1.752,1.385,1.58,rt,
bunia,2026-06-14,1.45,1.23,1.746,1.355,1.561,rt,
bunia,2026-06-15,1.425,1.174,1.74,1.316,1.537,rt,
bunia,2026-06-16,1.374,1.157,1.633,1.281,1.473,rt,
bunia,2026-06-17,1.328,1.132,1.55,1.247,1.411,rt,
bunia,2026-06-18,1.28,1.092,1.481,1.207,1.357,rt,
bunia,2026-06-19,1.238,1.065,1.422,1.169,1.311,rt,
bunia,2026-06-20,1.197,1.019,1.382,1.124,1.269,rt,
bunia,2026-06-21,1.154,0.97,1.352,1.083,1.232,rt,
bunia,2026-06-22,1.133,0.924,1.354,1.048,1.217,rt,
bunia,2026-06-23,1.147,0.967,1.338,1.074,1.223,rt,
bunia,2026-06-24,1.162,1.005,1.332,1.095,1.229,rt,
bunia,2026-06-25,1.178,1.029,1.337,1.114,1.24,rt,
bunia,2026-06-26,1.189,1.043,1.345,1.125,1.244,rt,
bunia,2026-06-27,1.195,1.041,1.362,1.134,1.259,rt,
bunia,2026-06-28,1.202,1.035,1.391,1.137,1.274,rt,
bunia,2026-06-29,1.182,0.999,1.39,1.112,1.266,rt,
bunia,2026-06-30,1.175,1.014,1.358,1.112,1.246,rt,
bunia,2026-07-01,1.171,1.025,1.335,1.11,1.232,rt,
bunia,2026-07-02,1.165,1.031,1.326,1.107,1.222,rt,
bunia,2026-07-03,1.159,1.032,1.317,1.104,1.218,rt,
bunia,2026-07-04,1.154,1.019,1.321,1.1,1.215,rt,
bunia,2026-07-05,1.148,0.998,1.334,1.089,1.216,rt,
bunia,2026-07-06,1.15,0.979,1.356,1.085,1.231,rt,
bunia,2026-07-07,1.139,0.987,1.314,1.078,1.207,rt,
bunia,2026-07-08,1.125,0.99,1.286,1.071,1.185,rt,
bunia,2026-07-09,1.113,0.988,1.262,1.061,1.168,rt,
bunia,2026-07-10,1.101,0.976,1.247,1.05,1.153,rt,
bunia,2026-07-11,1.087,0.955,1.245,1.031,1.142,rt,
bunia,2026-07-12,1.071,0.921,1.243,1.012,1.135,rt,
bunia,2026-07-13,1.05,0.877,1.245,0.982,1.121,rt,
bunia,2026-07-14,1.036,0.887,1.205,0.975,1.098,rt,
bunia,2026-07-15,1.022,0.885,1.171,0.966,1.078,rt,
bunia,2026-07-16,1.006,0.877,1.148,0.954,1.062,rt,
bunia,2026-07-17,0.997,0.87,1.135,0.944,1.052,rt,
bunia,2026-07-18,0.988,0.853,1.127,0.929,1.044,rt,
bunia,2026-07-19,0.974,0.826,1.13,0.911,1.037,rt,
bunia,2026-07-20,0.96,0.792,1.142,0.889,1.031,rt,
bunia,2026-07-21,0.965,0.818,1.126,0.903,1.029,rt,
bunia,2026-07-22,0.969,0.835,1.12,0.913,1.03,rt,
bunia,2026-07-23,0.974,0.847,1.114,0.919,1.032,rt,
bunia,2026-07-24,0.977,0.854,1.116,0.925,1.033,rt,
bunia,2026-07-25,0.98,0.852,1.124,0.924,1.037,rt,
bunia,2026-07-26,0.98,0.838,1.137,0.917,1.041,rt,
bunia,2026-07-27,0.984,0.816,1.162,0.912,1.056,rt,
bunia,2026-07-28,1.0,0.852,1.159,0.937,1.065,rt,
bunia,2026-07-29,1.016,0.876,1.164,0.957,1.077,rt,
bunia,2026-07-30,1.03,0.895,1.178,0.972,1.09,rt,
bunia,2026-07-31,1.034,0.9,1.178,0.977,1.092,rt,
bunia,2026-08-01,1.036,0.897,1.192,0.976,1.097,rt,
bunia,2026-08-02,1.037,0.881,1.209,0.97,1.104,rt,
bunia,2026-08-03,1.031,0.859,1.233,0.958,1.111,rt,
bunia,2026-08-04,1.024,0.863,1.198,0.955,1.09,rt,
bunia,2026-08-05,1.012,0.864,1.166,0.95,1.074,rt,
bunia,2026-08-06,0.998,0.865,1.152,0.942,1.062,rt,
bunia,2026-08-07,0.983,0.855,1.128,0.926,1.04,rt,
bunia,2026-08-08,0.965,0.833,1.117,0.909,1.024,rt,
bunia,2026-08-09,0.948,0.803,1.109,0.888,1.011,rt,
bunia,2026-08-10,0.925,0.765,1.102,0.859,0.992,rt,
bunia,2026-08-11,0.908,0.768,1.062,0.849,0.964,rt,
bunia,2026-08-12,0.891,0.763,1.027,0.84,0.941,rt,
bunia,2026-08-13,0.872,0.752,1.001,0.824,0.923,rt,
bunia,2026-08-14,0.858,0.744,0.98,0.811,0.906,rt,
bunia,2026-08-15,0.843,0.717,0.968,0.795,0.894,rt,
bunia,2026-08-16,0.828,0.69,0.967,0.774,0.884,rt,
bunia,2026-08-17,0.818,0.662,0.978,0.757,0.881,rt,
bunia,2026-08-18,0.825,0.679,0.968,0.768,0.882,rt,
bunia,2026-08-19,0.83,0.694,0.967,0.774,0.885,rt,
bunia,2026-08-20,0.831,0.707,0.972,0.777,0.886,rt,
bunia,2026-08-21,0.84,0.716,0.978,0.788,0.893,rt,
bunia,2026-08-22,0.846,0.716,0.985,0.791,0.9,rt,
bunia,2026-08-23,0.851,0.71,0.997,0.787,0.908,rt,
bunia,2026-08-24,0.863,0.698,1.03,0.793,0.927,rt,
bunia,2026-08-25,0.872,0.723,1.023,0.808,0.93,rt,
bunia,2026-08-26,0.88,0.741,1.017,0.82,0.934,rt,
bunia,2026-08-27,0.884,0.752,1.021,0.831,0.94,rt,
bunia,2026-08-28,0.886,0.758,1.02,0.833,0.94,rt,
bunia,2026-08-29,0.886,0.747,1.028,0.828,0.943,rt,
bunia,2026-08-30,0.88,0.73,1.042,0.821,0.948,rt,
bunia,2026-08-31,0.865,0.691,1.053,0.797,0.945,rt,
bunia,2026-09-01,0.865,0.714,1.032,0.805,0.936,rt,
bunia,2026-09-02,0.865,0.728,1.018,0.81,0.926,rt,
bunia,2026-09-03,0.862,0.734,1.006,0.81,0.921,rt,
bunia,2026-09-04,0.859,0.733,1.0,0.805,0.916,rt,
bunia,2026-09-05,0.854,0.716,0.999,0.796,0.914,rt,
bunia,2026-09-06,0.845,0.687,1.01,0.778,0.913,rt,
bunia,2026-09-07,0.822,0.642,1.009,0.747,0.901,rt,
bunia,2026-09-08,0.815,0.655,0.986,0.748,0.885,rt,
bunia,2026-09-09,0.806,0.658,0.962,0.746,0.87,rt,
bunia,2026-09-10,0.798,0.657,0.948,0.74,0.857,rt,
bunia,2026-09-11,0.784,0.646,0.931,0.727,0.839,rt,
bunia,2026-09-12,0.766,0.623,0.922,0.706,0.829,rt,
bunia,2026-09-13,0.746,0.588,0.921,0.681,0.818,rt,
bunia,2026-09-14,0.73,0.551,0.936,0.655,0.813,rt,
bunia,2026-09-15,0.74,0.569,0.933,0.67,0.815,rt,
bunia,2026-09-16,0.752,0.586,0.936,0.683,0.822,rt,
bunia,2026-09-17,0.762,0.596,0.946,0.695,0.836,rt,
bunia,2026-09-18,0.776,0.6,0.97,0.701,0.854,rt,
bunia,2026-09-19,0.789,0.6,1.004,0.705,0.876,rt,
bunia,2026-09-20,0.803,0.589,1.055,0.707,0.902,rt,
bunia,2026-09-21,0.822,0.573,1.111,0.712,0.936,rt,
bunia,2026-09-22,0.817,0.572,1.108,0.712,0.933,rt,
bunia,2026-09-23,0.811,0.564,1.112,0.706,0.932,rt,
bunia,2026-09-24,0.803,0.545,1.123,0.696,0.934,rt,
bunia,2026-09-25,0.803,0.523,1.139,0.685,0.94,rt,
bunia,2026-09-26,0.8,0.496,1.169,0.667,0.942,rt,
bunia,2026-09-27,0.794,0.459,1.199,0.647,0.95,rt,
bunia,2026-09-28,0.786,0.421,1.221,0.627,0.955,rt,
bunia,2026-09-29,0.778,0.414,1.215,0.619,0.95,rt,
bunia,2026-09-30,0.767,0.407,1.219,0.609,0.95,rt,
bunia,2026-10-01,0.761,0.395,1.211,0.596,0.943,rt,
bunia,2026-10-02,0.757,0.376,1.223,0.592,0.952,rt,
bunia,2026-10-03,0.752,0.355,1.264,0.576,0.956,rt,
bunia,2026-10-04,0.742,0.332,1.305,0.562,0.964,rt,
bunia,2026-10-05,0.738,0.309,1.35,0.543,0.975,rt,
bunia,2026-10-06,0.75,0.276,1.388,0.523,0.998,rt,
damas,2026-06-14,1.059,0.643,1.706,0.889,1.288,rt,
damas,2026-06-15,1.046,0.611,1.739,0.863,1.286,rt,
damas,2026-06-16,1.07,0.657,1.694,0.894,1.293,rt,
damas,2026-06-17,1.093,0.692,1.694,0.913,1.308,rt,
damas,2026-06-18,1.112,0.722,1.689,0.935,1.323,rt,
damas,2026-06-19,1.138,0.739,1.727,0.955,1.343,rt,
damas,2026-06-20,1.167,0.74,1.763,0.966,1.376,rt,
damas,2026-06-21,1.185,0.742,1.858,0.978,1.417,rt,
damas,2026-06-22,1.223,0.75,1.986,0.999,1.491,rt,
damas,2026-06-23,1.247,0.79,1.923,1.027,1.478,rt,
damas,2026-06-24,1.261,0.82,1.915,1.051,1.478,rt,
damas,2026-06-25,1.274,0.841,1.894,1.073,1.496,rt,
damas,2026-06-26,1.283,0.854,1.909,1.085,1.505,rt,
damas,2026-06-27,1.29,0.852,1.934,1.087,1.527,rt,
damas,2026-06-28,1.289,0.85,2.017,1.091,1.553,rt,
damas,2026-06-29,1.268,0.808,2.043,1.054,1.55,rt,
damas,2026-06-30,1.256,0.816,1.974,1.06,1.504,rt,
damas,2026-07-01,1.242,0.825,1.898,1.058,1.467,rt,
damas,2026-07-02,1.233,0.828,1.837,1.054,1.445,rt,
damas,2026-07-03,1.22,0.818,1.803,1.049,1.433,rt,
damas,2026-07-04,1.208,0.801,1.782,1.03,1.422,rt,
damas,2026-07-05,1.205,0.763,1.814,1.001,1.429,rt,
damas,2026-07-06,1.201,0.743,1.851,0.978,1.441,rt,
damas,2026-07-07,1.214,0.777,1.806,1.012,1.448,rt,
damas,2026-07-08,1.223,0.801,1.793,1.036,1.453,rt,
damas,2026-07-09,1.237,0.825,1.793,1.058,1.458,rt,
damas,2026-07-10,1.254,0.844,1.838,1.07,1.477,rt,
damas,2026-07-11,1.268,0.846,1.903,1.077,1.496,rt,
damas,2026-07-12,1.288,0.836,1.993,1.069,1.53,rt,
damas,2026-07-13,1.289,0.811,2.071,1.057,1.556,rt,
damas,2026-07-14,1.291,0.831,1.99,1.08,1.535,rt,
damas,2026-07-15,1.289,0.853,1.932,1.098,1.513,rt,
damas,2026-07-16,1.285,0.861,1.898,1.106,1.51,rt,
damas,2026-07-17,1.291,0.863,1.908,1.103,1.52,rt,
damas,2026-07-18,1.299,0.86,1.939,1.1,1.531,rt,
damas,2026-07-19,1.297,0.837,2.016,1.084,1.558,rt,
damas,2026-07-20,1.298,0.807,2.104,1.066,1.576,rt,
damas,2026-07-21,1.282,0.824,1.975,1.077,1.543,rt,
damas,2026-07-22,1.271,0.841,1.906,1.087,1.515,rt,
damas,2026-07-23,1.258,0.843,1.852,1.09,1.493,rt,
damas,2026-07-24,1.249,0.838,1.823,1.079,1.478,rt,
damas,2026-07-25,1.247,0.813,1.825,1.062,1.457,rt,
damas,2026-07-26,1.231,0.785,1.841,1.033,1.453,rt,
damas,2026-07-27,1.22,0.75,1.888,0.999,1.463,rt,
damas,2026-07-28,1.207,0.769,1.809,1.001,1.415,rt,
damas,2026-07-29,1.185,0.778,1.747,1.002,1.386,rt,
damas,2026-07-30,1.167,0.769,1.699,0.996,1.365,rt,
damas,2026-07-31,1.139,0.751,1.645,0.967,1.324,rt,
damas,2026-08-01,1.108,0.726,1.615,0.943,1.305,rt,
damas,2026-08-02,1.077,0.674,1.608,0.903,1.291,rt,
damas,2026-08-03,1.044,0.619,1.633,0.859,1.266,rt,
damas,2026-08-04,1.029,0.635,1.556,0.853,1.232,rt,
damas,2026-08-05,1.009,0.644,1.489,0.846,1.202,rt,
damas,2026-08-06,0.987,0.638,1.456,0.833,1.173,rt,
damas,2026-08-07,0.96,0.627,1.435,0.812,1.143,rt,
damas,2026-08-08,0.936,0.599,1.431,0.785,1.116,rt,
damas,2026-08-09,0.914,0.56,1.43,0.757,1.104,rt,
damas,2026-08-10,0.882,0.522,1.433,0.72,1.084,rt,
damas,2026-08-11,0.864,0.531,1.367,0.714,1.048,rt,
damas,2026-08-12,0.846,0.537,1.309,0.712,1.016,rt,
damas,2026-08-13,0.829,0.533,1.266,0.699,0.988,rt,
damas,2026-08-14,0.821,0.525,1.25,0.692,0.974,rt,
damas,2026-08-15,0.807,0.505,1.247,0.672,0.967,rt,
damas,2026-08-16,0.793,0.484,1.249,0.656,0.957,rt,
damas,2026-08-17,0.783,0.461,1.279,0.642,0.965,rt,
damas,2026-08-18,0.77,0.476,1.209,0.639,0.94,rt,
damas,2026-08-19,0.76,0.473,1.162,0.633,0.915,rt,
damas,2026-08-20,0.752,0.465,1.147,0.625,0.899,rt,
damas,2026-08-21,0.74,0.455,1.146,0.618,0.892,rt,
damas,2026-08-22,0.729,0.447,1.145,0.605,0.879,rt,
damas,2026-08-23,0.718,0.425,1.165,0.586,0.869,rt,
damas,2026-08-24,0.711,0.405,1.197,0.569,0.882,rt,
damas,2026-08-25,0.711,0.416,1.156,0.574,0.875,rt,
damas,2026-08-26,0.709,0.426,1.123,0.578,0.868,rt,
damas,2026-08-27,0.704,0.425,1.108,0.579,0.86,rt,
damas,2026-08-28,0.698,0.414,1.108,0.568,0.856,rt,
damas,2026-08-29,0.695,0.407,1.112,0.561,0.851,rt,
damas,2026-08-30,0.683,0.396,1.125,0.546,0.844,rt,
damas,2026-08-31,0.661,0.37,1.133,0.529,0.833,rt,
damas,2026-09-01,0.653,0.372,1.072,0.525,0.81,rt,
damas,2026-09-02,0.645,0.372,1.054,0.521,0.797,rt,
damas,2026-09-03,0.636,0.368,1.03,0.513,0.783,rt,
damas,2026-09-04,0.627,0.358,1.002,0.5,0.768,rt,
damas,2026-09-05,0.61,0.34,1.012,0.485,0.751,rt,
damas,2026-09-06,0.594,0.331,1.009,0.475,0.742,rt,
damas,2026-09-07,0.569,0.307,0.999,0.452,0.714,rt,
damas,2026-09-08,0.563,0.309,0.95,0.449,0.698,rt,
damas,2026-09-09,0.555,0.304,0.913,0.442,0.684,rt,
damas,2026-09-10,0.546,0.299,0.884,0.435,0.667,rt,
damas,2026-09-11,0.529,0.291,0.87,0.421,0.654,rt,
damas,2026-09-12,0.513,0.282,0.866,0.409,0.64,rt,
damas,2026-09-13,0.5,0.268,0.851,0.395,0.622,rt,
damas,2026-09-14,0.486,0.257,0.854,0.381,0.611,rt,
damas,2026-09-15,0.494,0.268,0.851,0.389,0.616,rt,
damas,2026-09-16,0.501,0.273,0.855,0.394,0.62,rt,
damas,2026-09-17,0.506,0.282,0.86,0.4,0.627,rt,
damas,2026-09-18,0.512,0.289,0.893,0.405,0.639,rt,
damas,2026-09-19,0.517,0.291,0.926,0.408,0.653,rt,
damas,2026-09-20,0.526,0.287,0.969,0.414,0.665,rt,
damas,2026-09-21,0.534,0.285,1.029,0.418,0.687,rt,
damas,2026-09-22,0.542,0.292,1.037,0.43,0.693,rt,
damas,2026-09-23,0.557,0.301,1.045,0.437,0.703,rt,
damas,2026-09-24,0.562,0.301,1.044,0.44,0.72,rt,
damas,2026-09-25,0.574,0.307,1.04,0.443,0.734,rt,
damas,2026-09-26,0.585,0.308,1.08,0.445,0.748,rt,
damas,2026-09-27,0.588,0.301,1.119,0.445,0.771,rt,
damas,2026-09-28,0.59,0.292,1.163,0.443,0.79,rt,
damas,2026-09-29,0.596,0.297,1.164,0.452,0.782,rt,
damas,2026-09-30,0.599,0.307,1.158,0.458,0.789,rt,
damas,2026-10-01,0.605,0.313,1.148,0.464,0.792,rt,
damas,2026-10-02,0.613,0.32,1.194,0.47,0.803,rt,
damas,2026-10-03,0.624,0.323,1.232,0.471,0.82,rt,
damas,2026-10-04,0.628,0.321,1.281,0.476,0.84,rt,
damas,2026-10-05,0.636,0.314,1.345,0.477,0.863,rt,
damas,2026-10-06,0.676,0.31,1.536,0.489,0.932,rt,
drodro,2026-06-29,1.335,1.183,1.526,1.273,1.414,rt,
drodro,2026-06-30,1.307,1.167,1.479,1.249,1.377,rt,
drodro,2026-07-01,1.282,1.146,1.435,1.226,1.346,rt,
drodro,2026-07-02,1.258,1.123,1.402,1.202,1.316,rt,
drodro,2026-07-03,1.234,1.104,1.368,1.181,1.286,rt,
drodro,2026-07-04,1.211,1.084,1.339,1.156,1.26,rt,
drodro,2026-07-05,1.186,1.055,1.318,1.132,1.238,rt,
drodro,2026-07-06,1.17,1.03,1.309,1.113,1.226,rt,
drodro,2026-07-07,1.171,1.044,1.298,1.12,1.224,rt,
drodro,2026-07-08,1.174,1.055,1.292,1.125,1.223,rt,
drodro,2026-07-09,1.174,1.058,1.288,1.126,1.22,rt,
drodro,2026-07-10,1.174,1.065,1.287,1.131,1.218,rt,
drodro,2026-07-11,1.175,1.063,1.293,1.128,1.219,rt,
drodro,2026-07-12,1.173,1.057,1.298,1.126,1.223,rt,
drodro,2026-07-13,1.162,1.038,1.302,1.112,1.215,rt,
drodro,2026-07-14,1.156,1.042,1.289,1.112,1.208,rt,
drodro,2026-07-15,1.152,1.038,1.278,1.109,1.203,rt,
drodro,2026-07-16,1.147,1.032,1.276,1.104,1.197,rt,
drodro,2026-07-17,1.149,1.036,1.28,1.104,1.195,rt,
drodro,2026-07-18,1.148,1.034,1.282,1.102,1.195,rt,
drodro,2026-07-19,1.144,1.026,1.293,1.096,1.196,rt,
drodro,2026-07-20,1.14,1.013,1.299,1.088,1.199,rt,
drodro,2026-07-21,1.138,1.016,1.282,1.087,1.191,rt,
drodro,2026-07-22,1.133,1.015,1.27,1.084,1.185,rt,
drodro,2026-07-23,1.127,1.009,1.261,1.076,1.179,rt,
drodro,2026-07-24,1.123,1.01,1.248,1.074,1.171,rt,
drodro,2026-07-25,1.114,1.004,1.242,1.067,1.163,rt,
drodro,2026-07-26,1.106,0.987,1.235,1.056,1.154,rt,
drodro,2026-07-27,1.1,0.972,1.237,1.048,1.154,rt,
drodro,2026-07-28,1.098,0.977,1.226,1.05,1.149,rt,
drodro,2026-07-29,1.095,0.977,1.219,1.048,1.144,rt,
drodro,2026-07-30,1.091,0.973,1.214,1.044,1.141,rt,
drodro,2026-07-31,1.076,0.96,1.192,1.03,1.125,rt,
drodro,2026-08-01,1.06,0.945,1.173,1.014,1.107,rt,
drodro,2026-08-02,1.043,0.923,1.161,0.996,1.091,rt,
drodro,2026-08-03,1.022,0.891,1.147,0.971,1.073,rt,
drodro,2026-08-04,1.014,0.89,1.133,0.966,1.061,rt,
drodro,2026-08-05,1.005,0.886,1.121,0.959,1.051,rt,
drodro,2026-08-06,0.997,0.878,1.11,0.949,1.042,rt,
drodro,2026-08-07,0.983,0.871,1.092,0.937,1.025,rt,
drodro,2026-08-08,0.967,0.86,1.076,0.924,1.012,rt,
drodro,2026-08-09,0.952,0.84,1.065,0.907,0.997,rt,
drodro,2026-08-10,0.929,0.811,1.048,0.883,0.976,rt,
drodro,2026-08-11,0.918,0.81,1.03,0.875,0.962,rt,
drodro,2026-08-12,0.909,0.806,1.016,0.867,0.95,rt,
drodro,2026-08-13,0.899,0.799,0.999,0.857,0.938,rt,
drodro,2026-08-14,0.893,0.795,0.987,0.852,0.929,rt,
drodro,2026-08-15,0.884,0.787,0.978,0.845,0.921,rt,
drodro,2026-08-16,0.874,0.774,0.971,0.834,0.912,rt,
drodro,2026-08-17,0.869,0.765,0.975,0.826,0.91,rt,
drodro,2026-08-18,0.872,0.771,0.976,0.829,0.912,rt,
drodro,2026-08-19,0.873,0.774,0.98,0.83,0.915,rt,
drodro,2026-08-20,0.873,0.774,0.984,0.829,0.918,rt,
drodro,2026-08-21,0.876,0.781,0.984,0.835,0.919,rt,
drodro,2026-08-22,0.876,0.781,0.989,0.837,0.921,rt,
drodro,2026-08-23,0.877,0.775,0.992,0.836,0.923,rt,
drodro,2026-08-24,0.885,0.779,1.008,0.842,0.934,rt,
drodro,2026-08-25,0.904,0.8,1.022,0.859,0.951,rt,
drodro,2026-08-26,0.92,0.818,1.037,0.875,0.969,rt,
drodro,2026-08-27,0.935,0.83,1.052,0.888,0.984,rt,
drodro,2026-08-28,0.945,0.842,1.061,0.902,0.993,rt,
drodro,2026-08-29,0.954,0.848,1.065,0.912,1.0,rt,
drodro,2026-08-30,0.958,0.851,1.073,0.915,1.006,rt,
drodro,2026-08-31,0.952,0.839,1.069,0.908,1.001,rt,
drodro,2026-09-01,0.959,0.852,1.073,0.915,1.007,rt,
drodro,2026-09-02,0.965,0.859,1.08,0.92,1.013,rt,
drodro,2026-09-03,0.971,0.861,1.088,0.923,1.017,rt,
drodro,2026-09-04,0.974,0.869,1.086,0.926,1.017,rt,
drodro,2026-09-05,0.971,0.867,1.085,0.927,1.016,rt,
drodro,2026-09-06,0.967,0.859,1.084,0.92,1.014,rt,
drodro,2026-09-07,0.948,0.834,1.07,0.898,0.996,rt,
drodro,2026-09-08,0.933,0.826,1.052,0.884,0.982,rt,
drodro,2026-09-09,0.919,0.807,1.037,0.871,0.967,rt,
drodro,2026-09-10,0.904,0.786,1.025,0.854,0.951,rt,
drodro,2026-09-11,0.882,0.773,1.0,0.835,0.927,rt,
drodro,2026-09-12,0.858,0.747,0.977,0.812,0.904,rt,
drodro,2026-09-13,0.833,0.716,0.956,0.784,0.882,rt,
drodro,2026-09-14,0.812,0.687,0.943,0.758,0.864,rt,
drodro,2026-09-15,0.807,0.686,0.936,0.756,0.859,rt,
drodro,2026-09-16,0.803,0.68,0.934,0.752,0.855,rt,
drodro,2026-09-17,0.801,0.671,0.936,0.748,0.856,rt,
drodro,2026-09-18,0.798,0.667,0.938,0.744,0.855,rt,
drodro,2026-09-19,0.797,0.659,0.95,0.738,0.855,rt,
drodro,2026-09-20,0.794,0.645,0.961,0.731,0.857,rt,
drodro,2026-09-21,0.795,0.639,0.981,0.728,0.868,rt,
drodro,2026-09-22,0.797,0.635,0.983,0.727,0.871,rt,
drodro,2026-09-23,0.797,0.623,0.99,0.723,0.873,rt,
drodro,2026-09-24,0.799,0.617,0.999,0.719,0.876,rt,
drodro,2026-09-25,0.798,0.607,1.003,0.713,0.878,rt,
drodro,2026-09-26,0.795,0.595,1.02,0.703,0.879,rt,
drodro,2026-09-27,0.791,0.579,1.037,0.696,0.883,rt,
drodro,2026-09-28,0.783,0.557,1.042,0.683,0.881,rt,
drodro,2026-09-29,0.777,0.552,1.047,0.677,0.877,rt,
drodro,2026-09-30,0.772,0.54,1.048,0.673,0.876,rt,
drodro,2026-10-01,0.767,0.533,1.053,0.666,0.874,rt,
drodro,2026-10-02,0.768,0.518,1.069,0.663,0.88,rt,
drodro,2026-10-03,0.768,0.509,1.09,0.659,0.887,rt,
drodro,2026-10-04,0.764,0.488,1.118,0.646,0.892,rt,
drodro,2026-10-05,0.761,0.471,1.146,0.638,0.901,rt,
drodro,2026-10-06,0.781,0.457,1.164,0.644,0.922,rt,
fataki,2026-06-21,2.21,1.529,3.276,1.901,2.604,rt,
fataki,2026-06-22,2.247,1.494,3.446,1.897,2.679,rt,
fataki,2026-06-23,2.232,1.518,3.302,1.915,2.612,rt,
fataki,2026-06-24,2.215,1.528,3.175,1.919,2.559,rt,
fataki,2026-06-25,2.195,1.525,3.088,1.909,2.525,rt,
fataki,2026-06-26,2.154,1.503,3.033,1.885,2.479,rt,
fataki,2026-06-27,2.125,1.469,3.029,1.849,2.446,rt,
fataki,2026-06-28,2.094,1.415,3.083,1.798,2.42,rt,
fataki,2026-06-29,2.006,1.314,3.063,1.705,2.367,rt,
fataki,2026-06-30,1.906,1.3,2.784,1.634,2.199,rt,
fataki,2026-07-01,1.808,1.279,2.554,1.567,2.064,rt,
fataki,2026-07-02,1.708,1.233,2.373,1.493,1.945,rt,
fataki,2026-07-03,1.625,1.178,2.234,1.414,1.843,rt,
fataki,2026-07-04,1.534,1.104,2.148,1.338,1.758,rt,
fataki,2026-07-05,1.452,1.022,2.096,1.258,1.681,rt,
fataki,2026-07-06,1.389,0.942,2.087,1.187,1.626,rt,
fataki,2026-07-07,1.366,0.96,1.974,1.184,1.582,rt,
fataki,2026-07-08,1.344,0.969,1.895,1.181,1.542,rt,
fataki,2026-07-09,1.334,0.962,1.831,1.161,1.509,rt,
fataki,2026-07-10,1.317,0.948,1.806,1.138,1.488,rt,
fataki,2026-07-11,1.298,0.917,1.797,1.111,1.477,rt,
fataki,2026-07-12,1.27,0.871,1.811,1.077,1.47,rt,
fataki,2026-07-13,1.231,0.811,1.84,1.03,1.461,rt,
fataki,2026-07-14,1.241,0.845,1.766,1.051,1.443,rt,
fataki,2026-07-15,1.239,0.872,1.723,1.06,1.426,rt,
fataki,2026-07-16,1.239,0.871,1.706,1.071,1.411,rt,
fataki,2026-07-17,1.242,0.888,1.713,1.075,1.424,rt,
fataki,2026-07-18,1.244,0.872,1.755,1.078,1.435,rt,
fataki,2026-07-19,1.246,0.853,1.808,1.07,1.45,rt,
fataki,2026-07-20,1.248,0.823,1.869,1.065,1.471,rt,
fataki,2026-07-21,1.233,0.846,1.762,1.066,1.431,rt,
fataki,2026-07-22,1.212,0.864,1.693,1.06,1.385,rt,
fataki,2026-07-23,1.189,0.87,1.641,1.048,1.352,rt,
fataki,2026-07-24,1.175,0.865,1.609,1.042,1.33,rt,
fataki,2026-07-25,1.156,0.848,1.602,1.017,1.319,rt,
fataki,2026-07-26,1.13,0.804,1.625,0.99,1.307,rt,
fataki,2026-07-27,1.114,0.756,1.644,0.957,1.314,rt,
fataki,2026-07-28,1.088,0.768,1.559,0.949,1.265,rt,
fataki,2026-07-29,1.061,0.765,1.474,0.928,1.218,rt,
fataki,2026-07-30,1.035,0.75,1.419,0.905,1.179,rt,
fataki,2026-07-31,0.998,0.719,1.366,0.87,1.136,rt,
fataki,2026-08-01,0.964,0.678,1.345,0.827,1.103,rt,
fataki,2026-08-02,0.927,0.626,1.33,0.785,1.077,rt,
fataki,2026-08-03,0.888,0.567,1.313,0.743,1.05,rt,
fataki,2026-08-04,0.856,0.564,1.218,0.723,0.995,rt,
fataki,2026-08-05,0.829,0.561,1.148,0.703,0.946,rt,
fataki,2026-08-06,0.797,0.544,1.091,0.677,0.905,rt,
fataki,2026-08-07,0.763,0.524,1.042,0.655,0.868,rt,
fataki,2026-08-08,0.726,0.493,1.004,0.623,0.836,rt,
fataki,2026-08-09,0.696,0.463,0.985,0.591,0.81,rt,
fataki,2026-08-10,0.66,0.426,0.965,0.553,0.776,rt,
fataki,2026-08-11,0.632,0.422,0.91,0.539,0.742,rt,
fataki,2026-08-12,0.61,0.411,0.86,0.524,0.707,rt,
fataki,2026-08-13,0.588,0.399,0.828,0.507,0.678,rt,
fataki,2026-08-14,0.569,0.383,0.8,0.491,0.658,rt,
fataki,2026-08-15,0.548,0.367,0.785,0.47,0.643,rt,
fataki,2026-08-16,0.528,0.343,0.784,0.444,0.628,rt,
fataki,2026-08-17,0.512,0.32,0.795,0.421,0.616,rt,
fataki,2026-08-18,0.502,0.32,0.758,0.419,0.6,rt,
fataki,2026-08-19,0.492,0.322,0.731,0.416,0.584,rt,
fataki,2026-08-20,0.481,0.316,0.711,0.407,0.569,rt,
fataki,2026-08-21,0.476,0.31,0.698,0.4,0.56,rt,
fataki,2026-08-22,0.468,0.296,0.698,0.391,0.555,rt,
fataki,2026-08-23,0.458,0.283,0.697,0.379,0.55,rt,
fataki,2026-08-24,0.453,0.267,0.714,0.37,0.549,rt,
fataki,2026-08-25,0.463,0.284,0.708,0.383,0.552,rt,
fataki,2026-08-26,0.473,0.296,0.71,0.396,0.562,rt,
fataki,2026-08-27,0.481,0.304,0.721,0.406,0.574,rt,
fataki,2026-08-28,0.491,0.309,0.73,0.413,0.582,rt,
fataki,2026-08-29,0.499,0.311,0.748,0.416,0.59,rt,
fataki,2026-08-30,0.505,0.306,0.776,0.416,0.601,rt,
fataki,2026-08-31,0.503,0.298,0.8,0.411,0.605,rt,
fataki,2026-09-01,0.515,0.314,0.803,0.426,0.617,rt,
fataki,2026-09-02,0.529,0.333,0.812,0.441,0.629,rt,
fataki,2026-09-03,0.542,0.342,0.835,0.454,0.642,rt,
fataki,2026-09-04,0.551,0.345,0.845,0.462,0.66,rt,
fataki,2026-09-05,0.563,0.35,0.87,0.47,0.676,rt,
fataki,2026-09-06,0.57,0.348,0.905,0.472,0.695,rt,
fataki,2026-09-07,0.57,0.34,0.937,0.463,0.702,rt,
fataki,2026-09-08,0.573,0.353,0.919,0.469,0.706,rt,
fataki,2026-09-09,0.575,0.362,0.91,0.475,0.706,rt,
fataki,2026-09-10,0.576,0.367,0.912,0.479,0.709,rt,
fataki,2026-09-11,0.575,0.368,0.924,0.476,0.708,rt,
fataki,2026-09-12,0.576,0.363,0.933,0.467,0.706,rt,
fataki,2026-09-13,0.571,0.351,0.945,0.457,0.702,rt,
fataki,2026-09-14,0.572,0.339,0.982,0.45,0.705,rt,
fataki,2026-09-15,0.579,0.351,0.991,0.462,0.713,rt,
fataki,2026-09-16,0.591,0.361,0.997,0.474,0.729,rt,
fataki,2026-09-17,0.604,0.369,1.026,0.485,0.749,rt,
fataki,2026-09-18,0.614,0.379,1.071,0.495,0.771,rt,
fataki,2026-09-19,0.628,0.381,1.122,0.502,0.793,rt,
fataki,2026-09-20,0.641,0.377,1.19,0.508,0.821,rt,
fataki,2026-09-21,0.659,0.378,1.283,0.514,0.856,rt,
fataki,2026-09-22,0.668,0.384,1.291,0.525,0.868,rt,
fataki,2026-09-23,0.672,0.392,1.316,0.528,0.88,rt,
fataki,2026-09-24,0.676,0.391,1.341,0.533,0.894,rt,
fataki,2026-09-25,0.683,0.385,1.367,0.537,0.901,rt,
fataki,2026-09-26,0.688,0.38,1.408,0.535,0.918,rt,
fataki,2026-09-27,0.688,0.371,1.427,0.536,0.933,rt,
fataki,2026-09-28,0.689,0.357,1.49,0.526,0.939,rt,
fataki,2026-09-29,0.69,0.362,1.451,0.529,0.933,rt,
fataki,2026-09-30,0.69,0.362,1.437,0.532,0.933,rt,
fataki,2026-10-01,0.689,0.364,1.463,0.531,0.923,rt,
fataki,2026-10-02,0.695,0.366,1.5,0.53,0.928,rt,
fataki,2026-10-03,0.703,0.359,1.504,0.534,0.944,rt,
fataki,2026-10-04,0.706,0.351,1.57,0.53,0.956,rt,
fataki,2026-10-05,0.705,0.341,1.63,0.528,0.97,rt,
fataki,2026-10-06,0.734,0.324,1.744,0.516,1.038,rt,
gety,2026-07-10,1.14,1.036,1.252,1.1,1.187,rt,
gety,2026-07-11,1.141,1.038,1.258,1.099,1.189,rt,
gety,2026-07-12,1.143,1.032,1.27,1.098,1.193,rt,
gety,2026-07-13,1.135,1.016,1.275,1.085,1.188,rt,
gety,2026-07-14,1.132,1.022,1.26,1.087,1.183,rt,
gety,2026-07-15,1.129,1.02,1.25,1.084,1.177,rt,
gety,2026-07-16,1.124,1.014,1.246,1.077,1.172,rt,
gety,2026-07-17,1.126,1.017,1.248,1.08,1.172,rt,
gety,2026-07-18,1.126,1.015,1.254,1.079,1.173,rt,
gety,2026-07-19,1.122,1.007,1.267,1.073,1.172,rt,
gety,2026-07-20,1.12,0.996,1.278,1.066,1.174,rt,
gety,2026-07-21,1.117,0.996,1.262,1.067,1.168,rt,
gety,2026-07-22,1.111,0.996,1.242,1.063,1.163,rt,
gety,2026-07-23,1.106,0.99,1.237,1.056,1.157,rt,
gety,2026-07-24,1.101,0.989,1.227,1.054,1.149,rt,
gety,2026-07-25,1.094,0.982,1.219,1.048,1.14,rt,
gety,2026-07-26,1.086,0.965,1.212,1.037,1.132,rt,
gety,2026-07-27,1.079,0.946,1.216,1.028,1.132,rt,
gety,2026-07-28,1.076,0.954,1.207,1.03,1.129,rt,
gety,2026-07-29,1.073,0.956,1.195,1.025,1.125,rt,
gety,2026-07-30,1.071,0.951,1.189,1.021,1.121,rt,
gety,2026-07-31,1.055,0.939,1.167,1.007,1.102,rt,
gety,2026-08-01,1.038,0.923,1.15,0.993,1.084,rt,
gety,2026-08-02,1.02,0.899,1.137,0.974,1.069,rt,
gety,2026-08-03,1.0,0.867,1.126,0.95,1.051,rt,
gety,2026-08-04,0.993,0.867,1.109,0.945,1.042,rt,
gety,2026-08-05,0.984,0.863,1.098,0.939,1.03,rt,
gety,2026-08-06,0.976,0.86,1.089,0.93,1.023,rt,
gety,2026-08-07,0.962,0.853,1.074,0.92,1.007,rt,
gety,2026-08-08,0.949,0.84,1.059,0.907,0.994,rt,
gety,2026-08-09,0.935,0.824,1.048,0.89,0.98,rt,
gety,2026-08-10,0.914,0.799,1.033,0.867,0.962,rt,
gety,2026-08-11,0.905,0.796,1.016,0.861,0.948,rt,
gety,2026-08-12,0.897,0.791,1.004,0.854,0.939,rt,
gety,2026-08-13,0.889,0.783,0.994,0.847,0.931,rt,
gety,2026-08-14,0.884,0.783,0.982,0.844,0.923,rt,
gety,2026-08-15,0.877,0.775,0.978,0.837,0.916,rt,
gety,2026-08-16,0.868,0.764,0.974,0.827,0.909,rt,
gety,2026-08-17,0.866,0.755,0.98,0.822,0.911,rt,
gety,2026-08-18,0.869,0.763,0.979,0.826,0.915,rt,
gety,2026-08-19,0.871,0.768,0.982,0.827,0.916,rt,
gety,2026-08-20,0.873,0.769,0.986,0.828,0.92,rt,
gety,2026-08-21,0.879,0.779,0.987,0.835,0.924,rt,
gety,2026-08-22,0.882,0.779,0.994,0.837,0.927,rt,
gety,2026-08-23,0.881,0.776,0.996,0.836,0.927,rt,
gety,2026-08-24,0.889,0.779,1.014,0.843,0.939,rt,
gety,2026-08-25,0.908,0.801,1.031,0.863,0.956,rt,
gety,2026-08-26,0.924,0.82,1.046,0.88,0.973,rt,
gety,2026-08-27,0.941,0.835,1.063,0.894,0.99,rt,
gety,2026-08-28,0.954,0.845,1.069,0.908,0.998,rt,
gety,2026-08-29,0.962,0.854,1.079,0.917,1.007,rt,
gety,2026-08-30,0.966,0.858,1.084,0.922,1.014,rt,
gety,2026-08-31,0.961,0.847,1.08,0.915,1.012,rt,
gety,2026-09-01,0.969,0.856,1.086,0.925,1.017,rt,
gety,2026-09-02,0.975,0.865,1.092,0.932,1.024,rt,
gety,2026-09-03,0.982,0.866,1.102,0.935,1.03,rt,
gety,2026-09-04,0.985,0.876,1.098,0.939,1.031,rt,
gety,2026-09-05,0.985,0.877,1.096,0.939,1.031,rt,
gety,2026-09-06,0.982,0.87,1.095,0.934,1.029,rt,
gety,2026-09-07,0.962,0.844,1.081,0.911,1.013,rt,
gety,2026-09-08,0.95,0.833,1.067,0.899,1.0,rt,
gety,2026-09-09,0.936,0.821,1.055,0.886,0.985,rt,
gety,2026-09-10,0.92,0.802,1.044,0.871,0.971,rt,
gety,2026-09-11,0.9,0.781,1.021,0.852,0.946,rt,
gety,2026-09-12,0.877,0.76,0.999,0.83,0.922,rt,
gety,2026-09-13,0.852,0.732,0.978,0.804,0.899,rt,
gety,2026-09-14,0.831,0.704,0.967,0.777,0.883,rt,
gety,2026-09-15,0.827,0.701,0.961,0.772,0.879,rt,
gety,2026-09-16,0.823,0.694,0.959,0.77,0.876,rt,
gety,2026-09-17,0.822,0.687,0.961,0.767,0.876,rt,
gety,2026-09-18,0.818,0.684,0.961,0.763,0.874,rt,
gety,2026-09-19,0.816,0.672,0.964,0.757,0.874,rt,
gety,2026-09-20,0.811,0.662,0.973,0.75,0.877,rt,
gety,2026-09-21,0.813,0.653,0.989,0.746,0.886,rt,
gety,2026-09-22,0.816,0.651,0.997,0.745,0.89,rt,
gety,2026-09-23,0.818,0.643,1.007,0.742,0.895,rt,
gety,2026-09-24,0.82,0.636,1.017,0.737,0.895,rt,
gety,2026-09-25,0.816,0.625,1.022,0.731,0.898,rt,
gety,2026-09-26,0.813,0.614,1.04,0.726,0.899,rt,
gety,2026-09-27,0.808,0.602,1.048,0.716,0.904,rt,
gety,2026-09-28,0.798,0.578,1.055,0.705,0.9,rt,
gety,2026-09-29,0.796,0.576,1.063,0.699,0.897,rt,
gety,2026-09-30,0.792,0.567,1.068,0.692,0.895,rt,
gety,2026-10-01,0.785,0.556,1.073,0.688,0.896,rt,
gety,2026-10-02,0.789,0.553,1.088,0.688,0.901,rt,
gety,2026-10-03,0.785,0.533,1.11,0.685,0.911,rt,
gety,2026-10-04,0.785,0.515,1.137,0.675,0.915,rt,
gety,2026-10-05,0.781,0.497,1.164,0.663,0.92,rt,
gety,2026-10-06,0.798,0.49,1.181,0.669,0.941,rt,
kambala,2026-08-09,0.951,0.838,1.066,0.905,1.0,rt,
kambala,2026-08-10,0.93,0.813,1.05,0.883,0.981,rt,
kambala,2026-08-11,0.921,0.811,1.032,0.878,0.967,rt,
kambala,2026-08-12,0.912,0.807,1.018,0.87,0.956,rt,
kambala,2026-08-13,0.904,0.802,1.003,0.862,0.946,rt,
kambala,2026-08-14,0.899,0.799,0.993,0.857,0.937,rt,
kambala,2026-08-15,0.891,0.79,0.985,0.851,0.929,rt,
kambala,2026-08-16,0.881,0.779,0.982,0.843,0.922,rt,
kambala,2026-08-17,0.879,0.77,0.988,0.839,0.922,rt,
kambala,2026-08-18,0.883,0.777,0.988,0.84,0.925,rt,
kambala,2026-08-19,0.885,0.781,0.991,0.841,0.928,rt,
kambala,2026-08-20,0.886,0.782,0.997,0.842,0.932,rt,
kambala,2026-08-21,0.89,0.792,0.998,0.848,0.935,rt,
kambala,2026-08-22,0.895,0.794,1.005,0.85,0.938,rt,
kambala,2026-08-23,0.896,0.79,1.009,0.849,0.941,rt,
kambala,2026-08-24,0.906,0.793,1.026,0.857,0.954,rt,
kambala,2026-08-25,0.923,0.817,1.042,0.878,0.972,rt,
kambala,2026-08-26,0.941,0.833,1.06,0.898,0.99,rt,
kambala,2026-08-27,0.956,0.847,1.076,0.912,1.009,rt,
kambala,2026-08-28,0.969,0.862,1.084,0.926,1.016,rt,
kambala,2026-08-29,0.979,0.874,1.092,0.935,1.027,rt,
kambala,2026-08-30,0.986,0.879,1.103,0.941,1.034,rt,
kambala,2026-08-31,0.982,0.868,1.103,0.935,1.033,rt,
kambala,2026-09-01,0.989,0.879,1.105,0.942,1.039,rt,
kambala,2026-09-02,0.995,0.886,1.111,0.947,1.044,rt,
kambala,2026-09-03,1.0,0.887,1.121,0.95,1.051,rt,
kambala,2026-09-04,1.002,0.895,1.117,0.953,1.049,rt,
kambala,2026-09-05,1.002,0.893,1.116,0.954,1.048,rt,
kambala,2026-09-06,0.997,0.885,1.117,0.948,1.046,rt,
kambala,2026-09-07,0.977,0.862,1.102,0.926,1.03,rt,
kambala,2026-09-08,0.965,0.846,1.088,0.914,1.015,rt,
kambala,2026-09-09,0.951,0.833,1.076,0.899,1.0,rt,
kambala,2026-09-10,0.934,0.814,1.063,0.883,0.984,rt,
kambala,2026-09-11,0.911,0.795,1.036,0.865,0.961,rt,
kambala,2026-09-12,0.888,0.77,1.014,0.842,0.937,rt,
kambala,2026-09-13,0.862,0.741,0.991,0.817,0.915,rt,
kambala,2026-09-14,0.843,0.71,0.979,0.792,0.898,rt,
kambala,2026-09-15,0.838,0.708,0.974,0.787,0.894,rt,
kambala,2026-09-16,0.834,0.706,0.971,0.782,0.891,rt,
kambala,2026-09-17,0.832,0.698,0.973,0.778,0.889,rt,
kambala,2026-09-18,0.829,0.694,0.974,0.774,0.887,rt,
kambala,2026-09-19,0.827,0.683,0.985,0.768,0.888,rt,
kambala,2026-09-20,0.822,0.67,0.991,0.761,0.891,rt,
kambala,2026-09-21,0.824,0.663,1.006,0.757,0.899,rt,
kambala,2026-09-22,0.828,0.66,1.014,0.756,0.904,rt,
kambala,2026-09-23,0.83,0.654,1.02,0.754,0.908,rt,
kambala,2026-09-24,0.83,0.65,1.029,0.748,0.911,rt,
kambala,2026-09-25,0.829,0.641,1.036,0.745,0.912,rt,
kambala,2026-09-26,0.827,0.63,1.054,0.74,0.912,rt,
kambala,2026-09-27,0.823,0.615,1.068,0.731,0.916,rt,
kambala,2026-09-28,0.816,0.595,1.077,0.717,0.911,rt,
kambala,2026-09-29,0.813,0.589,1.081,0.713,0.911,rt,
kambala,2026-09-30,0.808,0.581,1.082,0.707,0.912,rt,
kambala,2026-10-01,0.803,0.574,1.086,0.704,0.908,rt,
kambala,2026-10-02,0.805,0.565,1.103,0.703,0.916,rt,
kambala,2026-10-03,0.801,0.553,1.127,0.699,0.928,rt,
kambala,2026-10-04,0.801,0.533,1.162,0.69,0.937,rt,
kambala,2026-10-05,0.802,0.514,1.18,0.677,0.941,rt,
kambala,2026-10-06,0.817,0.511,1.204,0.686,0.965,rt,
kilo,2026-06-03,1.116,0.736,1.634,0.938,1.305,rt,
kilo,2026-06-04,1.132,0.757,1.648,0.956,1.318,rt,
kilo,2026-06-05,1.145,0.773,1.662,0.972,1.333,rt,
kilo,2026-06-06,1.15,0.771,1.679,0.975,1.344,rt,
kilo,2026-06-07,1.143,0.757,1.681,0.972,1.348,rt,
kilo,2026-06-08,1.139,0.736,1.706,0.962,1.357,rt,
kilo,2026-06-09,1.136,0.753,1.669,0.961,1.336,rt,
kilo,2026-06-10,1.131,0.757,1.621,0.966,1.309,rt,
kilo,2026-06-11,1.123,0.759,1.591,0.966,1.29,rt,
kilo,2026-06-12,1.118,0.76,1.585,0.963,1.283,rt,
kilo,2026-06-13,1.105,0.748,1.581,0.959,1.282,rt,
kilo,2026-06-14,1.094,0.736,1.59,0.941,1.271,rt,
kilo,2026-06-15,1.08,0.713,1.603,0.919,1.274,rt,
kilo,2026-06-16,1.082,0.728,1.561,0.932,1.26,rt,
kilo,2026-06-17,1.085,0.745,1.54,0.933,1.256,rt,
kilo,2026-06-18,1.085,0.753,1.523,0.945,1.248,rt,
kilo,2026-06-19,1.089,0.764,1.511,0.95,1.248,rt,
kilo,2026-06-20,1.092,0.761,1.516,0.946,1.257,rt,
kilo,2026-06-21,1.09,0.752,1.528,0.939,1.262,rt,
kilo,2026-06-22,1.106,0.751,1.589,0.944,1.296,rt,
kilo,2026-06-23,1.124,0.783,1.589,0.965,1.303,rt,
kilo,2026-06-24,1.138,0.809,1.604,0.987,1.314,rt,
kilo,2026-06-25,1.15,0.823,1.622,1.0,1.321,rt,
kilo,2026-06-26,1.162,0.836,1.632,1.004,1.328,rt,
kilo,2026-06-27,1.168,0.839,1.661,1.013,1.341,rt,
kilo,2026-06-28,1.173,0.829,1.703,1.013,1.362,rt,
kilo,2026-06-29,1.156,0.793,1.708,0.99,1.359,rt,
kilo,2026-06-30,1.141,0.803,1.635,0.992,1.323,rt,
kilo,2026-07-01,1.127,0.806,1.582,0.984,1.298,rt,
kilo,2026-07-02,1.118,0.795,1.555,0.976,1.276,rt,
kilo,2026-07-03,1.102,0.791,1.541,0.965,1.261,rt,
kilo,2026-07-04,1.089,0.769,1.536,0.947,1.251,rt,
kilo,2026-07-05,1.077,0.749,1.555,0.929,1.24,rt,
kilo,2026-07-06,1.068,0.719,1.592,0.919,1.245,rt,
kilo,2026-07-07,1.07,0.737,1.541,0.927,1.235,rt,
kilo,2026-07-08,1.068,0.75,1.506,0.931,1.224,rt,
kilo,2026-07-09,1.066,0.755,1.484,0.933,1.223,rt,
kilo,2026-07-10,1.061,0.763,1.466,0.932,1.217,rt,
kilo,2026-07-11,1.063,0.758,1.472,0.929,1.214,rt,
kilo,2026-07-12,1.058,0.751,1.487,0.919,1.217,rt,
kilo,2026-07-13,1.046,0.729,1.523,0.9,1.216,rt,
kilo,2026-07-14,1.033,0.734,1.471,0.896,1.187,rt,
kilo,2026-07-15,1.02,0.735,1.432,0.889,1.162,rt,
kilo,2026-07-16,1.008,0.725,1.401,0.881,1.15,rt,
kilo,2026-07-17,0.999,0.724,1.396,0.869,1.137,rt,
kilo,2026-07-18,0.99,0.706,1.396,0.861,1.132,rt,
kilo,2026-07-19,0.979,0.682,1.401,0.846,1.133,rt,
kilo,2026-07-20,0.965,0.654,1.437,0.826,1.129,rt,
kilo,2026-07-21,0.956,0.663,1.373,0.828,1.106,rt,
kilo,2026-07-22,0.947,0.665,1.334,0.821,1.084,rt,
kilo,2026-07-23,0.934,0.66,1.312,0.816,1.074,rt,
kilo,2026-07-24,0.922,0.651,1.286,0.8,1.061,rt,
kilo,2026-07-25,0.91,0.634,1.279,0.786,1.048,rt,
kilo,2026-07-26,0.889,0.609,1.27,0.763,1.037,rt,
kilo,2026-07-27,0.884,0.585,1.294,0.745,1.037,rt,
kilo,2026-07-28,0.883,0.595,1.251,0.753,1.023,rt,
kilo,2026-07-29,0.879,0.602,1.23,0.758,1.01,rt,
kilo,2026-07-30,0.872,0.603,1.212,0.76,1.001,rt,
kilo,2026-07-31,0.857,0.594,1.194,0.749,0.989,rt,
kilo,2026-08-01,0.843,0.584,1.18,0.736,0.977,rt,
kilo,2026-08-02,0.832,0.563,1.184,0.717,0.965,rt,
kilo,2026-08-03,0.812,0.536,1.185,0.692,0.946,rt,
kilo,2026-08-04,0.809,0.542,1.144,0.69,0.937,rt,
kilo,2026-08-05,0.807,0.551,1.133,0.689,0.928,rt,
kilo,2026-08-06,0.801,0.554,1.122,0.683,0.922,rt,
kilo,2026-08-07,0.793,0.546,1.116,0.676,0.911,rt,
kilo,2026-08-08,0.786,0.536,1.116,0.666,0.91,rt,
kilo,2026-08-09,0.776,0.522,1.115,0.653,0.904,rt,
kilo,2026-08-10,0.761,0.5,1.12,0.636,0.895,rt,
kilo,2026-08-11,0.754,0.508,1.081,0.636,0.876,rt,
kilo,2026-08-12,0.744,0.507,1.044,0.633,0.86,rt,
kilo,2026-08-13,0.738,0.502,1.026,0.631,0.846,rt,
kilo,2026-08-14,0.731,0.499,1.017,0.627,0.84,rt,
kilo,2026-08-15,0.724,0.487,1.013,0.619,0.834,rt,
kilo,2026-08-16,0.714,0.471,1.022,0.607,0.828,rt,
kilo,2026-08-17,0.713,0.458,1.047,0.601,0.835,rt,
kilo,2026-08-18,0.719,0.47,1.041,0.608,0.834,rt,
kilo,2026-08-19,0.723,0.478,1.032,0.616,0.834,rt,
kilo,2026-08-20,0.722,0.482,1.038,0.62,0.837,rt,
kilo,2026-08-21,0.729,0.486,1.043,0.627,0.843,rt,
kilo,2026-08-22,0.734,0.48,1.06,0.629,0.855,rt,
kilo,2026-08-23,0.739,0.476,1.084,0.622,0.867,rt,
kilo,2026-08-24,0.751,0.468,1.123,0.623,0.885,rt,
kilo,2026-08-25,0.772,0.496,1.14,0.645,0.903,rt,
kilo,2026-08-26,0.792,0.523,1.155,0.667,0.924,rt,
kilo,2026-08-27,0.809,0.536,1.177,0.684,0.942,rt,
kilo,2026-08-28,0.824,0.544,1.195,0.698,0.962,rt,
kilo,2026-08-29,0.835,0.554,1.216,0.706,0.982,rt,
kilo,2026-08-30,0.843,0.555,1.258,0.71,0.996,rt,
kilo,2026-08-31,0.845,0.546,1.309,0.702,1.006,rt,
kilo,2026-09-01,0.862,0.565,1.309,0.726,1.023,rt,
kilo,2026-09-02,0.885,0.578,1.309,0.751,1.04,rt,
kilo,2026-09-03,0.904,0.597,1.332,0.767,1.053,rt,
kilo,2026-09-04,0.919,0.6,1.35,0.781,1.068,rt,
kilo,2026-09-05,0.936,0.602,1.39,0.786,1.081,rt,
kilo,2026-09-06,0.945,0.6,1.421,0.789,1.106,rt,
kilo,2026-09-07,0.938,0.577,1.453,0.776,1.111,rt,
kilo,2026-09-08,0.934,0.583,1.416,0.782,1.104,rt,
kilo,2026-09-09,0.928,0.589,1.405,0.777,1.099,rt,
kilo,2026-09-10,0.926,0.588,1.387,0.77,1.092,rt,
kilo,2026-09-11,0.91,0.589,1.368,0.755,1.09,rt,
kilo,2026-09-12,0.896,0.57,1.363,0.736,1.079,rt,
kilo,2026-09-13,0.875,0.552,1.371,0.714,1.066,rt,
kilo,2026-09-14,0.86,0.528,1.404,0.699,1.053,rt,
kilo,2026-09-15,0.867,0.542,1.412,0.706,1.059,rt,
kilo,2026-09-16,0.877,0.548,1.422,0.72,1.064,rt,
kilo,2026-09-17,0.889,0.553,1.431,0.727,1.073,rt,
kilo,2026-09-18,0.897,0.559,1.46,0.731,1.099,rt,
kilo,2026-09-19,0.904,0.559,1.514,0.734,1.119,rt,
kilo,2026-09-20,0.914,0.553,1.585,0.738,1.147,rt,
kilo,2026-09-21,0.935,0.544,1.675,0.742,1.192,rt,
kilo,2026-09-22,0.934,0.55,1.647,0.738,1.177,rt,
kilo,2026-09-23,0.926,0.542,1.626,0.735,1.177,rt,
kilo,2026-09-24,0.922,0.532,1.628,0.728,1.176,rt,
kilo,2026-09-25,0.914,0.517,1.622,0.723,1.177,rt,
kilo,2026-09-26,0.904,0.502,1.634,0.706,1.177,rt,
kilo,2026-09-27,0.898,0.48,1.686,0.69,1.172,rt,
kilo,2026-09-28,0.885,0.454,1.719,0.671,1.17,rt,
kilo,2026-09-29,0.868,0.45,1.701,0.666,1.151,rt,
kilo,2026-09-30,0.862,0.443,1.684,0.655,1.149,rt,
kilo,2026-10-01,0.854,0.441,1.697,0.645,1.137,rt,
kilo,2026-10-02,0.85,0.431,1.701,0.633,1.143,rt,
kilo,2026-10-03,0.846,0.417,1.746,0.622,1.148,rt,
kilo,2026-10-04,0.833,0.4,1.786,0.609,1.154,rt,
kilo,2026-10-05,0.824,0.384,1.83,0.597,1.164,rt,
kilo,2026-10-06,0.83,0.356,1.936,0.583,1.179,rt,
komanda,2026-05-28,1.81,1.05,2.957,1.47,2.219,rt,
komanda,2026-05-29,1.843,1.077,2.977,1.489,2.262,rt,
komanda,2026-05-30,1.871,1.095,3.063,1.508,2.294,rt,
komanda,2026-05-31,1.897,1.085,3.217,1.528,2.357,rt,
komanda,2026-06-01,1.934,1.071,3.404,1.531,2.445,rt,
komanda,2026-06-02,1.937,1.139,3.261,1.562,2.4,rt,
komanda,2026-06-03,1.946,1.183,3.087,1.587,2.36,rt,
komanda,2026-06-04,1.93,1.214,3.03,1.597,2.313,rt,
komanda,2026-06-05,1.901,1.21,2.984,1.581,2.282,rt,
komanda,2026-06-06,1.867,1.179,2.965,1.552,2.244,rt,
komanda,2026-06-07,1.825,1.123,2.966,1.508,2.217,rt,
komanda,2026-06-08,1.776,1.051,3.031,1.444,2.209,rt,
komanda,2026-06-09,1.73,1.076,2.798,1.423,2.096,rt,
komanda,2026-06-10,1.676,1.067,2.579,1.392,1.996,rt,
komanda,2026-06-11,1.614,1.069,2.442,1.352,1.91,rt,
komanda,2026-06-12,1.571,1.041,2.347,1.311,1.835,rt,
komanda,2026-06-13,1.509,0.99,2.307,1.264,1.788,rt,
komanda,2026-06-14,1.455,0.92,2.326,1.204,1.747,rt,
komanda,2026-06-15,1.397,0.831,2.342,1.141,1.719,rt,
komanda,2026-06-16,1.35,0.829,2.147,1.118,1.627,rt,
komanda,2026-06-17,1.306,0.826,1.98,1.092,1.556,rt,
komanda,2026-06-18,1.266,0.813,1.894,1.064,1.494,rt,
komanda,2026-06-19,1.222,0.786,1.846,1.034,1.446,rt,
komanda,2026-06-20,1.185,0.756,1.793,0.997,1.404,rt,
komanda,2026-06-21,1.147,0.702,1.785,0.955,1.372,rt,
komanda,2026-06-22,1.126,0.657,1.837,0.913,1.369,rt,
komanda,2026-06-23,1.108,0.677,1.715,0.918,1.332,rt,
komanda,2026-06-24,1.091,0.694,1.635,0.918,1.294,rt,
komanda,2026-06-25,1.077,0.705,1.579,0.905,1.264,rt,
komanda,2026-06-26,1.053,0.683,1.562,0.893,1.248,rt,
komanda,2026-06-27,1.03,0.652,1.537,0.869,1.224,rt,
komanda,2026-06-28,1.011,0.611,1.555,0.839,1.21,rt,
komanda,2026-06-29,0.975,0.552,1.558,0.792,1.18,rt,
komanda,2026-06-30,0.974,0.585,1.51,0.814,1.165,rt,
komanda,2026-07-01,0.978,0.611,1.474,0.828,1.141,rt,
komanda,2026-07-02,0.979,0.619,1.466,0.835,1.14,rt,
komanda,2026-07-03,0.986,0.624,1.465,0.836,1.155,rt,
komanda,2026-07-04,0.991,0.617,1.465,0.834,1.167,rt,
komanda,2026-07-05,0.998,0.607,1.522,0.826,1.191,rt,
komanda,2026-07-06,1.009,0.589,1.611,0.816,1.223,rt,
komanda,2026-07-07,1.043,0.63,1.588,0.863,1.237,rt,
komanda,2026-07-08,1.08,0.685,1.585,0.906,1.268,rt,
komanda,2026-07-09,1.112,0.732,1.595,0.944,1.299,rt,
komanda,2026-07-10,1.15,0.769,1.636,0.981,1.342,rt,
komanda,2026-07-11,1.189,0.783,1.73,1.0,1.392,rt,
komanda,2026-07-12,1.225,0.783,1.834,1.025,1.44,rt,
komanda,2026-07-13,1.254,0.762,1.965,1.033,1.5,rt,
komanda,2026-07-14,1.271,0.822,1.878,1.068,1.493,rt,
komanda,2026-07-15,1.294,0.876,1.839,1.102,1.495,rt,
komanda,2026-07-16,1.316,0.907,1.828,1.123,1.498,rt,
komanda,2026-07-17,1.345,0.921,1.863,1.152,1.524,rt,
komanda,2026-07-18,1.361,0.912,1.943,1.17,1.574,rt,
komanda,2026-07-19,1.379,0.901,2.042,1.167,1.629,rt,
komanda,2026-07-20,1.398,0.87,2.185,1.157,1.69,rt,
komanda,2026-07-21,1.425,0.943,2.137,1.206,1.679,rt,
komanda,2026-07-22,1.453,1.006,2.095,1.252,1.687,rt,
komanda,2026-07-23,1.482,1.054,2.073,1.29,1.699,rt,
komanda,2026-07-24,1.511,1.073,2.123,1.319,1.721,rt,
komanda,2026-07-25,1.538,1.072,2.179,1.335,1.765,rt,
komanda,2026-07-26,1.559,1.053,2.315,1.338,1.809,rt,
komanda,2026-07-27,1.587,1.028,2.483,1.34,1.875,rt,
komanda,2026-07-28,1.625,1.098,2.385,1.4,1.884,rt,
komanda,2026-07-29,1.665,1.177,2.315,1.455,1.892,rt,
komanda,2026-07-30,1.708,1.227,2.288,1.491,1.912,rt,
komanda,2026-07-31,1.717,1.243,2.296,1.504,1.93,rt,
komanda,2026-08-01,1.72,1.219,2.361,1.496,1.959,rt,
komanda,2026-08-02,1.725,1.179,2.482,1.485,2.008,rt,
komanda,2026-08-03,1.724,1.114,2.649,1.451,2.057,rt,
komanda,2026-08-04,1.751,1.215,2.542,1.505,2.042,rt,
komanda,2026-08-05,1.772,1.282,2.467,1.564,2.038,rt,
komanda,2026-08-06,1.803,1.322,2.438,1.596,2.044,rt,
komanda,2026-08-07,1.82,1.352,2.438,1.61,2.06,rt,
komanda,2026-08-08,1.832,1.334,2.486,1.61,2.089,rt,
komanda,2026-08-09,1.847,1.285,2.583,1.606,2.127,rt,
komanda,2026-08-10,1.854,1.226,2.71,1.582,2.166,rt,
komanda,2026-08-11,1.814,1.279,2.547,1.581,2.08,rt,
komanda,2026-08-12,1.766,1.312,2.414,1.565,2.014,rt,
komanda,2026-08-13,1.738,1.308,2.325,1.55,1.961,rt,
komanda,2026-08-14,1.713,1.296,2.291,1.524,1.916,rt,
komanda,2026-08-15,1.676,1.25,2.309,1.488,1.895,rt,
komanda,2026-08-16,1.644,1.183,2.346,1.438,1.894,rt,
komanda,2026-08-17,1.629,1.117,2.388,1.387,1.909,rt,
komanda,2026-08-18,1.528,1.098,2.155,1.326,1.758,rt,
komanda,2026-08-19,1.436,1.066,1.946,1.263,1.626,rt,
komanda,2026-08-20,1.34,1.016,1.768,1.199,1.512,rt,
komanda,2026-08-21,1.265,0.95,1.663,1.127,1.408,rt,
komanda,2026-08-22,1.184,0.87,1.595,1.051,1.334,rt,
komanda,2026-08-23,1.105,0.789,1.535,0.966,1.273,rt,
komanda,2026-08-24,1.047,0.704,1.51,0.892,1.228,rt,
komanda,2026-08-25,1.016,0.704,1.408,0.875,1.163,rt,
komanda,2026-08-26,0.976,0.697,1.314,0.855,1.103,rt,
komanda,2026-08-27,0.94,0.683,1.252,0.83,1.055,rt,
komanda,2026-08-28,0.894,0.651,1.195,0.793,1.014,rt,
komanda,2026-08-29,0.857,0.608,1.154,0.75,0.975,rt,
komanda,2026-08-30,0.813,0.547,1.136,0.703,0.943,rt,
komanda,2026-08-31,0.762,0.492,1.117,0.644,0.903,rt,
komanda,2026-09-01,0.765,0.515,1.064,0.662,0.886,rt,
komanda,2026-09-02,0.763,0.543,1.032,0.671,0.872,rt,
komanda,2026-09-03,0.765,0.559,1.013,0.675,0.862,rt,
komanda,2026-09-04,0.765,0.56,1.013,0.677,0.853,rt,
komanda,2026-09-05,0.759,0.547,1.024,0.666,0.855,rt,
komanda,2026-09-06,0.754,0.521,1.04,0.651,0.859,rt,
komanda,2026-09-07,0.731,0.484,1.053,0.624,0.856,rt,
komanda,2026-09-08,0.717,0.491,0.983,0.617,0.823,rt,
komanda,2026-09-09,0.699,0.491,0.943,0.608,0.795,rt,
komanda,2026-09-10,0.683,0.483,0.913,0.592,0.771,rt,
komanda,2026-09-11,0.656,0.463,0.893,0.572,0.749,rt,
komanda,2026-09-12,0.631,0.431,0.891,0.547,0.728,rt,
komanda,2026-09-13,0.609,0.396,0.885,0.519,0.706,rt,
komanda,2026-09-14,0.587,0.364,0.891,0.49,0.699,rt,
komanda,2026-09-15,0.569,0.359,0.841,0.48,0.673,rt,
komanda,2026-09-16,0.556,0.35,0.804,0.471,0.657,rt,
komanda,2026-09-17,0.544,0.337,0.789,0.452,0.638,rt,
komanda,2026-09-18,0.529,0.322,0.786,0.433,0.624,rt,
komanda,2026-09-19,0.515,0.303,0.803,0.416,0.617,rt,
komanda,2026-09-20,0.501,0.284,0.823,0.396,0.614,rt,
komanda,2026-09-21,0.491,0.264,0.84,0.378,0.616,rt,
komanda,2026-09-22,0.49,0.265,0.831,0.379,0.611,rt,
komanda,2026-09-23,0.49,0.262,0.837,0.378,0.613,rt,
komanda,2026-09-24,0.49,0.254,0.857,0.373,0.619,rt,
komanda,2026-09-25,0.49,0.247,0.892,0.37,0.629,rt,
komanda,2026-09-26,0.488,0.238,0.921,0.36,0.639,rt,
komanda,2026-09-27,0.485,0.221,0.968,0.351,0.642,rt,
komanda,2026-09-28,0.48,0.205,1.017,0.335,0.641,rt,
komanda,2026-09-29,0.479,0.21,1.002,0.334,0.649,rt,
komanda,2026-09-30,0.473,0.211,1.004,0.338,0.653,rt,
komanda,2026-10-01,0.476,0.205,1.021,0.34,0.65,rt,
komanda,2026-10-02,0.477,0.201,1.034,0.341,0.663,rt,
komanda,2026-10-03,0.48,0.194,1.064,0.337,0.677,rt,
komanda,2026-10-04,0.482,0.188,1.114,0.337,0.687,rt,
komanda,2026-10-05,0.482,0.178,1.171,0.331,0.705,rt,
komanda,2026-10-06,0.515,0.178,1.322,0.333,0.779,rt,
lita,2026-05-24,1.676,1.088,2.553,1.41,1.988,rt,
lita,2026-05-25,1.606,1.004,2.562,1.327,1.924,rt,
lita,2026-05-26,1.608,1.05,2.466,1.36,1.9,rt,
lita,2026-05-27,1.608,1.077,2.406,1.383,1.887,rt,
lita,2026-05-28,1.62,1.113,2.382,1.397,1.888,rt,
lita,2026-05-29,1.642,1.13,2.375,1.422,1.911,rt,
lita,2026-05-30,1.657,1.137,2.419,1.437,1.928,rt,
lita,2026-05-31,1.674,1.132,2.441,1.444,1.964,rt,
lita,2026-06-01,1.697,1.107,2.536,1.452,2.015,rt,
lita,2026-06-02,1.78,1.23,2.549,1.542,2.073,rt,
lita,2026-06-03,1.854,1.335,2.579,1.631,2.132,rt,
lita,2026-06-04,1.928,1.432,2.642,1.716,2.184,rt,
lita,2026-06-05,1.999,1.506,2.707,1.777,2.246,rt,
lita,2026-06-06,2.049,1.55,2.803,1.82,2.307,rt,
lita,2026-06-07,2.091,1.56,2.877,1.859,2.372,rt,
lita,2026-06-08,2.126,1.553,2.993,1.863,2.437,rt,
lita,2026-06-09,2.097,1.583,2.855,1.864,2.366,rt,
lita,2026-06-10,2.064,1.592,2.791,1.855,2.311,rt,
lita,2026-06-11,2.037,1.573,2.729,1.831,2.26,rt,
lita,2026-06-12,2.004,1.55,2.701,1.801,2.229,rt,
lita,2026-06-13,1.97,1.525,2.696,1.77,2.199,rt,
lita,2026-06-14,1.936,1.477,2.686,1.722,2.173,rt,
lita,2026-06-15,1.898,1.422,2.675,1.671,2.151,rt,
lita,2026-06-16,1.838,1.422,2.519,1.636,2.073,rt,
lita,2026-06-17,1.781,1.383,2.369,1.601,2.001,rt,
lita,2026-06-18,1.733,1.355,2.26,1.563,1.934,rt,
lita,2026-06-19,1.685,1.322,2.166,1.526,1.864,rt,
lita,2026-06-20,1.637,1.28,2.103,1.475,1.799,rt,
lita,2026-06-21,1.588,1.229,2.081,1.423,1.759,rt,
lita,2026-06-22,1.565,1.176,2.092,1.388,1.749,rt,
lita,2026-06-23,1.572,1.218,2.048,1.413,1.739,rt,
lita,2026-06-24,1.584,1.248,2.014,1.441,1.737,rt,
lita,2026-06-25,1.598,1.266,1.994,1.459,1.74,rt,
lita,2026-06-26,1.599,1.269,1.993,1.463,1.737,rt,
lita,2026-06-27,1.6,1.254,2.001,1.461,1.747,rt,
lita,2026-06-28,1.596,1.235,2.04,1.452,1.751,rt,
lita,2026-06-29,1.558,1.179,2.036,1.406,1.726,rt,
lita,2026-06-30,1.521,1.184,1.937,1.384,1.671,rt,
lita,2026-07-01,1.488,1.184,1.862,1.362,1.621,rt,
lita,2026-07-02,1.46,1.168,1.802,1.337,1.586,rt,
lita,2026-07-03,1.428,1.153,1.754,1.311,1.554,rt,
lita,2026-07-04,1.398,1.119,1.728,1.279,1.526,rt,
lita,2026-07-05,1.371,1.082,1.715,1.243,1.502,rt,
lita,2026-07-06,1.347,1.045,1.734,1.211,1.493,rt,
lita,2026-07-07,1.329,1.058,1.666,1.202,1.46,rt,
lita,2026-07-08,1.307,1.056,1.621,1.194,1.431,rt,
lita,2026-07-09,1.29,1.045,1.594,1.184,1.407,rt,
lita,2026-07-10,1.273,1.021,1.57,1.169,1.383,rt,
lita,2026-07-11,1.256,0.992,1.565,1.142,1.367,rt,
lita,2026-07-12,1.235,0.955,1.572,1.12,1.353,rt,
lita,2026-07-13,1.207,0.902,1.57,1.08,1.331,rt,
lita,2026-07-14,1.185,0.921,1.508,1.075,1.303,rt,
lita,2026-07-15,1.167,0.916,1.462,1.065,1.272,rt,
lita,2026-07-16,1.148,0.908,1.429,1.046,1.248,rt,
lita,2026-07-17,1.134,0.898,1.41,1.037,1.234,rt,
lita,2026-07-18,1.116,0.874,1.416,1.015,1.221,rt,
lita,2026-07-19,1.095,0.841,1.405,0.992,1.212,rt,
lita,2026-07-20,1.077,0.8,1.422,0.966,1.203,rt,
lita,2026-07-21,1.069,0.824,1.373,0.971,1.185,rt,
lita,2026-07-22,1.066,0.842,1.343,0.972,1.167,rt,
lita,2026-07-23,1.056,0.848,1.311,0.971,1.146,rt,
lita,2026-07-24,1.047,0.84,1.289,0.964,1.135,rt,
lita,2026-07-25,1.037,0.824,1.282,0.951,1.127,rt,
lita,2026-07-26,1.025,0.801,1.28,0.934,1.118,rt,
lita,2026-07-27,1.016,0.771,1.31,0.914,1.121,rt,
lita,2026-07-28,1.026,0.804,1.292,0.935,1.125,rt,
lita,2026-07-29,1.037,0.83,1.282,0.95,1.125,rt,
lita,2026-07-30,1.044,0.847,1.277,0.96,1.129,rt,
lita,2026-07-31,1.04,0.845,1.271,0.962,1.129,rt,
lita,2026-08-01,1.038,0.839,1.284,0.952,1.132,rt,
lita,2026-08-02,1.038,0.816,1.299,0.939,1.133,rt,
lita,2026-08-03,1.03,0.779,1.321,0.921,1.132,rt,
lita,2026-08-04,1.027,0.792,1.286,0.926,1.12,rt,
lita,2026-08-05,1.023,0.801,1.265,0.93,1.11,rt,
lita,2026-08-06,1.014,0.802,1.255,0.932,1.105,rt,
lita,2026-08-07,1.005,0.793,1.245,0.926,1.094,rt,
lita,2026-08-08,0.997,0.78,1.232,0.908,1.086,rt,
lita,2026-08-09,0.984,0.759,1.247,0.89,1.082,rt,
lita,2026-08-10,0.966,0.727,1.25,0.861,1.073,rt,
lita,2026-08-11,0.953,0.74,1.205,0.864,1.047,rt,
lita,2026-08-12,0.938,0.743,1.174,0.858,1.027,rt,
lita,2026-08-13,0.927,0.746,1.146,0.851,1.008,rt,
lita,2026-08-14,0.917,0.741,1.134,0.841,0.998,rt,
lita,2026-08-15,0.905,0.729,1.125,0.827,0.99,rt,
lita,2026-08-16,0.893,0.706,1.134,0.811,0.988,rt,
lita,2026-08-17,0.889,0.676,1.16,0.795,0.991,rt,
lita,2026-08-18,0.893,0.698,1.136,0.808,0.986,rt,
lita,2026-08-19,0.895,0.709,1.12,0.815,0.98,rt,
lita,2026-08-20,0.899,0.721,1.117,0.821,0.984,rt,
lita,2026-08-21,0.905,0.725,1.124,0.825,0.99,rt,
lita,2026-08-22,0.907,0.719,1.141,0.824,1.001,rt,
lita,2026-08-23,0.907,0.701,1.169,0.822,1.008,rt,
lita,2026-08-24,0.917,0.691,1.224,0.821,1.029,rt,
lita,2026-08-25,0.92,0.71,1.191,0.829,1.02,rt,
lita,2026-08-26,0.919,0.725,1.164,0.833,1.012,rt,
lita,2026-08-27,0.92,0.73,1.157,0.833,1.006,rt,
lita,2026-08-28,0.911,0.723,1.145,0.829,0.992,rt,
lita,2026-08-29,0.903,0.705,1.146,0.818,0.989,rt,
lita,2026-08-30,0.889,0.679,1.154,0.798,0.983,rt,
lita,2026-08-31,0.867,0.635,1.148,0.769,0.97,rt,
lita,2026-09-01,0.855,0.639,1.107,0.767,0.95,rt,
lita,2026-09-02,0.841,0.647,1.074,0.761,0.929,rt,
lita,2026-09-03,0.826,0.64,1.049,0.751,0.911,rt,
lita,2026-09-04,0.811,0.629,1.033,0.735,0.892,rt,
lita,2026-09-05,0.794,0.607,1.023,0.712,0.878,rt,
lita,2026-09-06,0.773,0.575,1.021,0.688,0.863,rt,
lita,2026-09-07,0.742,0.532,1.009,0.647,0.839,rt,
lita,2026-09-08,0.728,0.538,0.973,0.644,0.821,rt,
lita,2026-09-09,0.712,0.541,0.945,0.638,0.803,rt,
lita,2026-09-10,0.701,0.532,0.914,0.625,0.782,rt,
lita,2026-09-11,0.684,0.514,0.893,0.607,0.762,rt,
lita,2026-09-12,0.666,0.486,0.878,0.588,0.749,rt,
lita,2026-09-13,0.644,0.452,0.875,0.564,0.732,rt,
lita,2026-09-14,0.624,0.42,0.88,0.538,0.724,rt,
lita,2026-09-15,0.631,0.434,0.879,0.548,0.73,rt,
lita,2026-09-16,0.641,0.443,0.886,0.555,0.739,rt,
lita,2026-09-17,0.651,0.453,0.902,0.561,0.749,rt,
lita,2026-09-18,0.662,0.453,0.929,0.568,0.765,rt,
lita,2026-09-19,0.671,0.448,0.961,0.572,0.785,rt,
lita,2026-09-20,0.68,0.437,1.016,0.571,0.806,rt,
lita,2026-09-21,0.697,0.428,1.083,0.573,0.836,rt,
lita,2026-09-22,0.695,0.43,1.07,0.576,0.832,rt,
lita,2026-09-23,0.695,0.427,1.075,0.578,0.84,rt,
lita,2026-09-24,0.696,0.42,1.086,0.57,0.843,rt,
lita,2026-09-25,0.696,0.404,1.102,0.56,0.846,rt,
lita,2026-09-26,0.695,0.382,1.132,0.549,0.855,rt,
lita,2026-09-27,0.688,0.362,1.164,0.534,0.868,rt,
lita,2026-09-28,0.684,0.336,1.197,0.521,0.873,rt,
lita,2026-09-29,0.684,0.332,1.187,0.515,0.867,rt,
lita,2026-09-30,0.68,0.322,1.182,0.508,0.873,rt,
lita,2026-10-01,0.672,0.317,1.184,0.503,0.866,rt,
lita,2026-10-02,0.671,0.31,1.209,0.5,0.872,rt,
lita,2026-10-03,0.663,0.294,1.269,0.497,0.878,rt,
lita,2026-10-04,0.66,0.279,1.323,0.481,0.892,rt,
lita,2026-10-05,0.657,0.262,1.364,0.467,0.906,rt,
lita,2026-10-06,0.669,0.249,1.467,0.461,0.939,rt,
logo,2026-06-23,1.266,1.088,1.471,1.189,1.349,rt,
logo,2026-06-24,1.265,1.092,1.455,1.19,1.343,rt,
logo,2026-06-25,1.266,1.093,1.454,1.189,1.341,rt,
logo,2026-06-26,1.257,1.091,1.432,1.186,1.332,rt,
logo,2026-06-27,1.248,1.085,1.423,1.179,1.32,rt,
logo,2026-06-28,1.239,1.076,1.417,1.171,1.313,rt,
logo,2026-06-29,1.203,1.039,1.382,1.135,1.281,rt,
logo,2026-06-30,1.181,1.028,1.347,1.116,1.249,rt,
logo,2026-07-01,1.159,1.013,1.317,1.098,1.223,rt,
logo,2026-07-02,1.138,0.995,1.286,1.082,1.201,rt,
logo,2026-07-03,1.119,0.979,1.261,1.063,1.175,rt,
logo,2026-07-04,1.101,0.963,1.238,1.043,1.155,rt,
logo,2026-07-05,1.081,0.94,1.223,1.02,1.137,rt,
logo,2026-07-06,1.067,0.922,1.218,1.005,1.13,rt,
logo,2026-07-07,1.071,0.936,1.211,1.016,1.131,rt,
logo,2026-07-08,1.078,0.947,1.212,1.023,1.132,rt,
logo,2026-07-09,1.082,0.95,1.213,1.029,1.135,rt,
logo,2026-07-10,1.085,0.958,1.217,1.035,1.139,rt,
logo,2026-07-11,1.089,0.965,1.222,1.038,1.141,rt,
logo,2026-07-12,1.091,0.963,1.227,1.037,1.146,rt,
logo,2026-07-13,1.085,0.95,1.232,1.027,1.145,rt,
logo,2026-07-14,1.084,0.957,1.221,1.03,1.139,rt,
logo,2026-07-15,1.081,0.96,1.214,1.028,1.134,rt,
logo,2026-07-16,1.077,0.956,1.21,1.025,1.132,rt,
logo,2026-07-17,1.08,0.962,1.214,1.03,1.134,rt,
logo,2026-07-18,1.082,0.967,1.221,1.03,1.137,rt,
logo,2026-07-19,1.081,0.961,1.229,1.026,1.137,rt,
logo,2026-07-20,1.079,0.952,1.242,1.02,1.14,rt,
logo,2026-07-21,1.077,0.958,1.232,1.022,1.135,rt,
logo,2026-07-22,1.076,0.96,1.218,1.023,1.132,rt,
logo,2026-07-23,1.071,0.956,1.209,1.02,1.128,rt,
logo,2026-07-24,1.067,0.953,1.199,1.017,1.12,rt,
logo,2026-07-25,1.061,0.949,1.192,1.013,1.114,rt,
logo,2026-07-26,1.053,0.935,1.188,1.004,1.107,rt,
logo,2026-07-27,1.05,0.92,1.19,0.999,1.108,rt,
logo,2026-07-28,1.05,0.926,1.179,1.001,1.105,rt,
logo,2026-07-29,1.049,0.924,1.173,0.997,1.102,rt,
logo,2026-07-30,1.045,0.922,1.17,0.994,1.098,rt,
logo,2026-07-31,1.032,0.913,1.151,0.982,1.081,rt,
logo,2026-08-01,1.017,0.896,1.137,0.968,1.065,rt,
logo,2026-08-02,1.002,0.876,1.126,0.95,1.049,rt,
logo,2026-08-03,0.983,0.847,1.111,0.927,1.032,rt,
logo,2026-08-04,0.975,0.847,1.096,0.924,1.023,rt,
logo,2026-08-05,0.969,0.846,1.083,0.917,1.013,rt,
logo,2026-08-06,0.96,0.84,1.077,0.91,1.007,rt,
logo,2026-08-07,0.946,0.833,1.057,0.9,0.991,rt,
logo,2026-08-08,0.933,0.823,1.046,0.887,0.979,rt,
logo,2026-08-09,0.919,0.805,1.037,0.871,0.966,rt,
logo,2026-08-10,0.897,0.779,1.023,0.85,0.948,rt,
logo,2026-08-11,0.889,0.776,1.007,0.845,0.936,rt,
logo,2026-08-12,0.882,0.773,0.991,0.837,0.927,rt,
logo,2026-08-13,0.874,0.765,0.981,0.83,0.918,rt,
logo,2026-08-14,0.868,0.761,0.97,0.826,0.91,rt,
logo,2026-08-15,0.862,0.755,0.963,0.819,0.901,rt,
logo,2026-08-16,0.855,0.745,0.961,0.809,0.896,rt,
logo,2026-08-17,0.851,0.735,0.964,0.804,0.896,rt,
logo,2026-08-18,0.854,0.745,0.965,0.808,0.899,rt,
logo,2026-08-19,0.856,0.751,0.965,0.812,0.903,rt,
logo,2026-08-20,0.857,0.752,0.974,0.812,0.906,rt,
logo,2026-08-21,0.863,0.758,0.974,0.818,0.91,rt,
logo,2026-08-22,0.867,0.761,0.98,0.822,0.913,rt,
logo,2026-08-23,0.867,0.757,0.983,0.822,0.916,rt,
logo,2026-08-24,0.876,0.76,1.004,0.83,0.928,rt,
logo,2026-08-25,0.895,0.785,1.02,0.848,0.944,rt,
logo,2026-08-26,0.913,0.8,1.038,0.867,0.96,rt,
logo,2026-08-27,0.93,0.815,1.052,0.883,0.977,rt,
logo,2026-08-28,0.942,0.829,1.059,0.895,0.987,rt,
logo,2026-08-29,0.952,0.839,1.067,0.905,0.996,rt,
logo,2026-08-30,0.957,0.842,1.076,0.911,1.005,rt,
logo,2026-08-31,0.952,0.836,1.078,0.904,1.002,rt,
logo,2026-09-01,0.959,0.848,1.082,0.913,1.009,rt,
logo,2026-09-02,0.965,0.854,1.089,0.92,1.013,rt,
logo,2026-09-03,0.973,0.858,1.094,0.923,1.02,rt,
logo,2026-09-04,0.974,0.867,1.092,0.928,1.022,rt,
logo,2026-09-05,0.973,0.864,1.092,0.929,1.022,rt,
logo,2026-09-06,0.97,0.859,1.093,0.923,1.02,rt,
logo,2026-09-07,0.953,0.832,1.077,0.901,1.003,rt,
logo,2026-09-08,0.94,0.824,1.061,0.887,0.989,rt,
logo,2026-09-09,0.926,0.81,1.051,0.875,0.976,rt,
logo,2026-09-10,0.913,0.793,1.038,0.86,0.96,rt,
logo,2026-09-11,0.89,0.774,1.016,0.842,0.939,rt,
logo,2026-09-12,0.869,0.75,0.994,0.82,0.914,rt,
logo,2026-09-13,0.844,0.72,0.972,0.793,0.891,rt,
logo,2026-09-14,0.823,0.689,0.959,0.768,0.876,rt,
logo,2026-09-15,0.818,0.688,0.956,0.763,0.871,rt,
logo,2026-09-16,0.814,0.687,0.953,0.759,0.869,rt,
logo,2026-09-17,0.81,0.679,0.955,0.754,0.871,rt,
logo,2026-09-18,0.809,0.672,0.958,0.752,0.868,rt,
logo,2026-09-19,0.806,0.663,0.964,0.745,0.869,rt,
logo,2026-09-20,0.803,0.651,0.973,0.739,0.872,rt,
logo,2026-09-21,0.802,0.64,0.987,0.736,0.88,rt,
logo,2026-09-22,0.805,0.639,0.999,0.734,0.883,rt,
logo,2026-09-23,0.808,0.633,1.006,0.732,0.885,rt,
logo,2026-09-24,0.808,0.628,1.015,0.727,0.889,rt,
logo,2026-09-25,0.809,0.62,1.016,0.724,0.889,rt,
logo,2026-09-26,0.806,0.605,1.03,0.719,0.89,rt,
logo,2026-09-27,0.801,0.594,1.047,0.712,0.892,rt,
logo,2026-09-28,0.793,0.57,1.054,0.697,0.892,rt,
logo,2026-09-29,0.791,0.566,1.054,0.694,0.89,rt,
logo,2026-09-30,0.786,0.558,1.054,0.689,0.889,rt,
logo,2026-10-01,0.782,0.549,1.063,0.683,0.887,rt,
logo,2026-10-02,0.782,0.545,1.079,0.683,0.896,rt,
logo,2026-10-03,0.782,0.534,1.097,0.678,0.906,rt,
logo,2026-10-04,0.78,0.517,1.126,0.669,0.913,rt,
logo,2026-10-05,0.776,0.502,1.149,0.659,0.918,rt,
logo,2026-10-06,0.796,0.49,1.181,0.664,0.933,rt,
lolwa,2026-07-07,1.349,0.836,2.221,1.111,1.629,rt,
lolwa,2026-07-08,1.382,0.881,2.198,1.156,1.658,rt,
lolwa,2026-07-09,1.418,0.931,2.213,1.203,1.688,rt,
lolwa,2026-07-10,1.457,0.956,2.264,1.224,1.734,rt,
lolwa,2026-07-11,1.49,0.963,2.355,1.248,1.793,rt,
lolwa,2026-07-12,1.525,0.968,2.504,1.26,1.869,rt,
lolwa,2026-07-13,1.547,0.942,2.649,1.258,1.937,rt,
lolwa,2026-07-14,1.537,0.974,2.487,1.272,1.889,rt,
lolwa,2026-07-15,1.53,0.988,2.396,1.278,1.849,rt,
lolwa,2026-07-16,1.525,0.977,2.359,1.275,1.833,rt,
lolwa,2026-07-17,1.521,0.985,2.385,1.278,1.826,rt,
lolwa,2026-07-18,1.508,0.946,2.46,1.259,1.826,rt,
lolwa,2026-07-19,1.496,0.911,2.531,1.225,1.839,rt,
lolwa,2026-07-20,1.48,0.867,2.629,1.196,1.87,rt,
lolwa,2026-07-21,1.46,0.889,2.451,1.196,1.795,rt,
lolwa,2026-07-22,1.427,0.899,2.306,1.189,1.73,rt,
lolwa,2026-07-23,1.401,0.899,2.217,1.176,1.674,rt,
lolwa,2026-07-24,1.366,0.884,2.15,1.159,1.636,rt,
lolwa,2026-07-25,1.341,0.844,2.114,1.115,1.611,rt,
lolwa,2026-07-26,1.306,0.814,2.122,1.07,1.589,rt,
lolwa,2026-07-27,1.28,0.753,2.17,1.027,1.58,rt,
lolwa,2026-07-28,1.263,0.782,2.02,1.031,1.53,rt,
lolwa,2026-07-29,1.244,0.794,1.889,1.033,1.487,rt,
lolwa,2026-07-30,1.218,0.788,1.807,1.016,1.444,rt,
lolwa,2026-07-31,1.184,0.759,1.754,0.997,1.39,rt,
lolwa,2026-08-01,1.151,0.716,1.731,0.957,1.356,rt,
lolwa,2026-08-02,1.114,0.665,1.759,0.914,1.34,rt,
lolwa,2026-08-03,1.075,0.596,1.784,0.866,1.321,rt,
lolwa,2026-08-04,1.074,0.619,1.704,0.879,1.296,rt,
lolwa,2026-08-05,1.066,0.642,1.659,0.886,1.277,rt,
lolwa,2026-08-06,1.067,0.653,1.626,0.888,1.264,rt,
lolwa,2026-08-07,1.059,0.646,1.586,0.877,1.251,rt,
lolwa,2026-08-08,1.045,0.63,1.609,0.867,1.244,rt,
lolwa,2026-08-09,1.036,0.602,1.657,0.85,1.246,rt,
lolwa,2026-08-10,1.016,0.568,1.685,0.812,1.251,rt,
lolwa,2026-08-11,1.005,0.599,1.59,0.823,1.224,rt,
lolwa,2026-08-12,0.998,0.629,1.525,0.831,1.189,rt,
lolwa,2026-08-13,0.992,0.635,1.469,0.832,1.18,rt,
lolwa,2026-08-14,0.985,0.64,1.456,0.83,1.173,rt,
lolwa,2026-08-15,0.981,0.634,1.469,0.821,1.167,rt,
lolwa,2026-08-16,0.978,0.609,1.522,0.801,1.161,rt,
lolwa,2026-08-17,0.976,0.582,1.591,0.783,1.187,rt,
lolwa,2026-08-18,0.963,0.593,1.51,0.794,1.144,rt,
lolwa,2026-08-19,0.947,0.598,1.455,0.794,1.12,rt,
lolwa,2026-08-20,0.932,0.603,1.381,0.787,1.098,rt,
lolwa,2026-08-21,0.918,0.588,1.376,0.779,1.086,rt,
lolwa,2026-08-22,0.902,0.568,1.389,0.758,1.075,rt,
lolwa,2026-08-23,0.884,0.548,1.397,0.736,1.073,rt,
lolwa,2026-08-24,0.875,0.522,1.44,0.719,1.084,rt,
lolwa,2026-08-25,0.877,0.545,1.383,0.735,1.065,rt,
lolwa,2026-08-26,0.88,0.556,1.343,0.745,1.062,rt,
lolwa,2026-08-27,0.88,0.555,1.324,0.745,1.059,rt,
lolwa,2026-08-28,0.875,0.546,1.31,0.741,1.049,rt,
lolwa,2026-08-29,0.876,0.53,1.33,0.732,1.036,rt,
lolwa,2026-08-30,0.873,0.506,1.356,0.711,1.036,rt,
lolwa,2026-08-31,0.852,0.468,1.369,0.684,1.032,rt,
lolwa,2026-09-01,0.855,0.494,1.335,0.704,1.019,rt,
lolwa,2026-09-02,0.857,0.519,1.303,0.713,1.023,rt,
lolwa,2026-09-03,0.866,0.534,1.304,0.721,1.022,rt,
lolwa,2026-09-04,0.868,0.537,1.306,0.723,1.023,rt,
lolwa,2026-09-05,0.864,0.526,1.335,0.716,1.028,rt,
lolwa,2026-09-06,0.861,0.506,1.364,0.707,1.04,rt,
lolwa,2026-09-07,0.851,0.483,1.388,0.684,1.034,rt,
lolwa,2026-09-08,0.84,0.492,1.344,0.681,1.005,rt,
lolwa,2026-09-09,0.821,0.484,1.308,0.676,0.991,rt,
lolwa,2026-09-10,0.812,0.472,1.298,0.667,0.98,rt,
lolwa,2026-09-11,0.793,0.461,1.274,0.648,0.966,rt,
lolwa,2026-09-12,0.771,0.433,1.269,0.621,0.952,rt,
lolwa,2026-09-13,0.755,0.404,1.263,0.595,0.933,rt,
lolwa,2026-09-14,0.732,0.376,1.298,0.569,0.922,rt,
lolwa,2026-09-15,0.716,0.373,1.23,0.563,0.899,rt,
lolwa,2026-09-16,0.703,0.375,1.194,0.557,0.883,rt,
lolwa,2026-09-17,0.694,0.371,1.188,0.547,0.866,rt,
lolwa,2026-09-18,0.686,0.366,1.181,0.532,0.852,rt,
lolwa,2026-09-19,0.674,0.354,1.179,0.517,0.846,rt,
lolwa,2026-09-20,0.66,0.337,1.227,0.506,0.847,rt,
lolwa,2026-09-21,0.651,0.32,1.273,0.49,0.853,rt,
lolwa,2026-09-22,0.653,0.325,1.257,0.493,0.85,rt,
lolwa,2026-09-23,0.652,0.324,1.265,0.492,0.854,rt,
lolwa,2026-09-24,0.648,0.318,1.28,0.494,0.857,rt,
lolwa,2026-09-25,0.647,0.313,1.306,0.487,0.851,rt,
lolwa,2026-09-26,0.643,0.301,1.348,0.479,0.861,rt,
lolwa,2026-09-27,0.641,0.292,1.41,0.474,0.873,rt,
lolwa,2026-09-28,0.634,0.272,1.448,0.46,0.874,rt,
lolwa,2026-09-29,0.634,0.27,1.443,0.46,0.865,rt,
lolwa,2026-09-30,0.632,0.267,1.424,0.459,0.86,rt,
lolwa,2026-10-01,0.636,0.262,1.413,0.456,0.868,rt,
lolwa,2026-10-02,0.637,0.257,1.441,0.455,0.877,rt,
lolwa,2026-10-03,0.637,0.253,1.454,0.451,0.9,rt,
lolwa,2026-10-04,0.631,0.248,1.519,0.445,0.911,rt,
lolwa,2026-10-05,0.627,0.239,1.575,0.434,0.922,rt,
lolwa,2026-10-06,0.644,0.228,1.728,0.433,0.946,rt,
mahagi,2026-08-07,0.993,0.884,1.105,0.949,1.037,rt,
mahagi,2026-08-08,0.98,0.871,1.091,0.936,1.023,rt,
mahagi,2026-08-09,0.965,0.852,1.084,0.921,1.009,rt,
mahagi,2026-08-10,0.945,0.826,1.068,0.897,0.991,rt,
mahagi,2026-08-11,0.935,0.825,1.047,0.891,0.978,rt,
mahagi,2026-08-12,0.926,0.824,1.031,0.883,0.966,rt,
mahagi,2026-08-13,0.918,0.813,1.019,0.876,0.956,rt,
mahagi,2026-08-14,0.912,0.81,1.01,0.871,0.949,rt,
mahagi,2026-08-15,0.904,0.801,1.002,0.865,0.942,rt,
mahagi,2026-08-16,0.896,0.792,0.999,0.855,0.935,rt,
mahagi,2026-08-17,0.893,0.787,1.002,0.85,0.936,rt,
mahagi,2026-08-18,0.895,0.792,1.002,0.853,0.938,rt,
mahagi,2026-08-19,0.897,0.796,1.004,0.854,0.941,rt,
mahagi,2026-08-20,0.899,0.797,1.012,0.855,0.945,rt,
mahagi,2026-08-21,0.904,0.806,1.014,0.863,0.949,rt,
mahagi,2026-08-22,0.908,0.806,1.018,0.866,0.952,rt,
mahagi,2026-08-23,0.91,0.804,1.023,0.866,0.955,rt,
mahagi,2026-08-24,0.921,0.812,1.041,0.872,0.969,rt,
mahagi,2026-08-25,0.939,0.836,1.057,0.893,0.987,rt,
mahagi,2026-08-26,0.957,0.852,1.072,0.91,1.005,rt,
mahagi,2026-08-27,0.973,0.866,1.093,0.926,1.022,rt,
mahagi,2026-08-28,0.986,0.883,1.102,0.941,1.033,rt,
mahagi,2026-08-29,0.995,0.89,1.112,0.952,1.043,rt,
mahagi,2026-08-30,1.0,0.895,1.121,0.96,1.051,rt,
mahagi,2026-08-31,0.997,0.883,1.122,0.953,1.051,rt,
mahagi,2026-09-01,1.004,0.894,1.127,0.961,1.055,rt,
mahagi,2026-09-02,1.012,0.902,1.132,0.966,1.061,rt,
mahagi,2026-09-03,1.017,0.906,1.139,0.97,1.066,rt,
mahagi,2026-09-04,1.019,0.912,1.136,0.974,1.069,rt,
mahagi,2026-09-05,1.019,0.913,1.133,0.975,1.068,rt,
mahagi,2026-09-06,1.016,0.908,1.133,0.971,1.066,rt,
mahagi,2026-09-07,0.996,0.885,1.122,0.947,1.049,rt,
mahagi,2026-09-08,0.983,0.871,1.108,0.934,1.035,rt,
mahagi,2026-09-09,0.97,0.855,1.094,0.92,1.021,rt,
mahagi,2026-09-10,0.953,0.833,1.083,0.904,1.004,rt,
mahagi,2026-09-11,0.931,0.816,1.059,0.883,0.983,rt,
mahagi,2026-09-12,0.908,0.79,1.033,0.863,0.959,rt,
mahagi,2026-09-13,0.884,0.763,1.013,0.836,0.936,rt,
mahagi,2026-09-14,0.864,0.735,1.004,0.811,0.918,rt,
mahagi,2026-09-15,0.86,0.731,0.997,0.805,0.914,rt,
mahagi,2026-09-16,0.857,0.725,0.992,0.801,0.91,rt,
mahagi,2026-09-17,0.855,0.72,0.996,0.797,0.91,rt,
mahagi,2026-09-18,0.851,0.715,0.999,0.793,0.908,rt,
mahagi,2026-09-19,0.846,0.709,1.005,0.788,0.909,rt,
mahagi,2026-09-20,0.842,0.696,1.013,0.781,0.912,rt,
mahagi,2026-09-21,0.843,0.687,1.028,0.779,0.918,rt,
mahagi,2026-09-22,0.845,0.68,1.036,0.776,0.922,rt,
mahagi,2026-09-23,0.85,0.675,1.046,0.772,0.927,rt,
mahagi,2026-09-24,0.851,0.667,1.056,0.768,0.93,rt,
mahagi,2026-09-25,0.85,0.66,1.062,0.765,0.934,rt,
mahagi,2026-09-26,0.846,0.648,1.076,0.761,0.933,rt,
mahagi,2026-09-27,0.843,0.637,1.093,0.753,0.937,rt,
mahagi,2026-09-28,0.836,0.615,1.1,0.738,0.932,rt,
mahagi,2026-09-29,0.832,0.606,1.105,0.735,0.933,rt,
mahagi,2026-09-30,0.826,0.603,1.105,0.728,0.93,rt,
mahagi,2026-10-01,0.82,0.595,1.108,0.724,0.93,rt,
mahagi,2026-10-02,0.824,0.591,1.125,0.722,0.938,rt,
mahagi,2026-10-03,0.822,0.573,1.148,0.721,0.948,rt,
mahagi,2026-10-04,0.82,0.555,1.179,0.712,0.959,rt,
mahagi,2026-10-05,0.818,0.535,1.208,0.703,0.967,rt,
mahagi,2026-10-06,0.838,0.532,1.224,0.71,0.984,rt,
mambasa,2026-06-13,1.631,0.962,2.72,1.315,2.024,rt,
mambasa,2026-06-14,1.639,0.931,2.833,1.303,2.065,rt,
mambasa,2026-06-15,1.645,0.888,3.017,1.296,2.122,rt,
mambasa,2026-06-16,1.682,0.946,2.948,1.337,2.099,rt,
mambasa,2026-06-17,1.709,0.977,2.852,1.378,2.087,rt,
mambasa,2026-06-18,1.737,1.012,2.807,1.412,2.088,rt,
mambasa,2026-06-19,1.764,1.046,2.838,1.42,2.136,rt,
mambasa,2026-06-20,1.789,1.035,2.955,1.435,2.171,rt,
mambasa,2026-06-21,1.806,1.01,3.155,1.445,2.239,rt,
mambasa,2026-06-22,1.855,0.991,3.417,1.436,2.35,rt,
mambasa,2026-06-23,1.809,1.021,3.136,1.447,2.258,rt,
mambasa,2026-06-24,1.759,1.043,2.885,1.431,2.166,rt,
mambasa,2026-06-25,1.718,1.056,2.74,1.411,2.098,rt,
mambasa,2026-06-26,1.659,1.009,2.652,1.367,2.016,rt,
mambasa,2026-06-27,1.617,0.966,2.644,1.316,1.958,rt,
mambasa,2026-06-28,1.575,0.898,2.675,1.245,1.933,rt,
mambasa,2026-06-29,1.49,0.798,2.703,1.151,1.869,rt,
mambasa,2026-06-30,1.418,0.81,2.434,1.121,1.741,rt,
mambasa,2026-07-01,1.351,0.811,2.224,1.093,1.648,rt,
mambasa,2026-07-02,1.284,0.787,2.073,1.054,1.575,rt,
mambasa,2026-07-03,1.231,0.754,1.971,1.012,1.499,rt,
mambasa,2026-07-04,1.168,0.708,1.897,0.956,1.445,rt,
mambasa,2026-07-05,1.126,0.65,1.894,0.903,1.396,rt,
mambasa,2026-07-06,1.089,0.585,1.938,0.855,1.364,rt,
mambasa,2026-07-07,1.08,0.606,1.785,0.862,1.321,rt,
mambasa,2026-07-08,1.062,0.627,1.692,0.863,1.287,rt,
mambasa,2026-07-09,1.048,0.642,1.647,0.854,1.268,rt,
mambasa,2026-07-10,1.035,0.647,1.626,0.848,1.259,rt,
mambasa,2026-07-11,1.03,0.624,1.647,0.832,1.249,rt,
mambasa,2026-07-12,1.012,0.591,1.675,0.809,1.252,rt,
mambasa,2026-07-13,0.991,0.544,1.718,0.779,1.25,rt,
mambasa,2026-07-14,0.971,0.555,1.609,0.777,1.204,rt,
mambasa,2026-07-15,0.957,0.563,1.531,0.78,1.174,rt,
mambasa,2026-07-16,0.936,0.554,1.497,0.768,1.147,rt,
mambasa,2026-07-17,0.922,0.543,1.466,0.752,1.135,rt,
mambasa,2026-07-18,0.91,0.52,1.494,0.734,1.126,rt,
mambasa,2026-07-19,0.894,0.486,1.518,0.707,1.124,rt,
mambasa,2026-07-20,0.877,0.446,1.573,0.683,1.125,rt,
mambasa,2026-07-21,0.855,0.464,1.459,0.682,1.085,rt,
mambasa,2026-07-22,0.842,0.48,1.385,0.676,1.043,rt,
mambasa,2026-07-23,0.823,0.472,1.315,0.67,1.008,rt,
mambasa,2026-07-24,0.81,0.465,1.278,0.657,0.976,rt,
mambasa,2026-07-25,0.794,0.44,1.26,0.634,0.958,rt,
mambasa,2026-07-26,0.771,0.414,1.289,0.608,0.947,rt,
mambasa,2026-07-27,0.749,0.392,1.335,0.585,0.948,rt,
mambasa,2026-07-28,0.736,0.398,1.239,0.582,0.913,rt,
mambasa,2026-07-29,0.718,0.401,1.149,0.573,0.883,rt,
mambasa,2026-07-30,0.705,0.391,1.117,0.564,0.855,rt,
mambasa,2026-07-31,0.679,0.377,1.083,0.547,0.827,rt,
mambasa,2026-08-01,0.653,0.357,1.072,0.523,0.807,rt,
mambasa,2026-08-02,0.629,0.33,1.069,0.502,0.786,rt,
mambasa,2026-08-03,0.603,0.308,1.064,0.467,0.771,rt,
mambasa,2026-08-04,0.603,0.323,1.025,0.474,0.754,rt,
mambasa,2026-08-05,0.602,0.331,0.978,0.476,0.741,rt,
mambasa,2026-08-06,0.599,0.335,0.965,0.478,0.73,rt,
mambasa,2026-08-07,0.592,0.33,0.955,0.476,0.727,rt,
mambasa,2026-08-08,0.589,0.318,0.955,0.467,0.725,rt,
mambasa,2026-08-09,0.582,0.306,0.979,0.46,0.728,rt,
mambasa,2026-08-10,0.57,0.284,1.013,0.442,0.728,rt,
mambasa,2026-08-11,0.587,0.309,0.995,0.467,0.734,rt,
mambasa,2026-08-12,0.602,0.334,0.999,0.488,0.748,rt,
mambasa,2026-08-13,0.623,0.353,1.004,0.507,0.759,rt,
mambasa,2026-08-14,0.644,0.369,1.03,0.523,0.783,rt,
mambasa,2026-08-15,0.662,0.376,1.094,0.539,0.813,rt,
mambasa,2026-08-16,0.682,0.38,1.149,0.549,0.85,rt,
mambasa,2026-08-17,0.708,0.379,1.232,0.557,0.893,rt,
mambasa,2026-08-18,0.755,0.425,1.258,0.603,0.934,rt,
mambasa,2026-08-19,0.805,0.466,1.297,0.65,0.985,rt,
mambasa,2026-08-20,0.854,0.512,1.376,0.702,1.039,rt,
mambasa,2026-08-21,0.913,0.553,1.466,0.746,1.106,rt,
mambasa,2026-08-22,0.976,0.584,1.562,0.792,1.193,rt,
mambasa,2026-08-23,1.039,0.607,1.703,0.837,1.291,rt,
mambasa,2026-08-24,1.113,0.626,1.918,0.879,1.403,rt,
mambasa,2026-08-25,1.213,0.724,1.974,0.98,1.495,rt,
mambasa,2026-08-26,1.322,0.828,2.047,1.083,1.592,rt,
mambasa,2026-08-27,1.427,0.926,2.168,1.199,1.713,rt,
mambasa,2026-08-28,1.543,1.01,2.321,1.305,1.834,rt,
mambasa,2026-08-29,1.661,1.082,2.537,1.397,1.977,rt,
mambasa,2026-08-30,1.792,1.145,2.851,1.49,2.14,rt,
mambasa,2026-08-31,1.9,1.162,3.186,1.549,2.294,rt,
mambasa,2026-09-01,1.97,1.273,3.173,1.639,2.345,rt,
mambasa,2026-09-02,2.044,1.375,3.208,1.733,2.395,rt,
mambasa,2026-09-03,2.123,1.449,3.248,1.808,2.498,rt,
mambasa,2026-09-04,2.185,1.526,3.336,1.876,2.595,rt,
mambasa,2026-09-05,2.26,1.524,3.528,1.925,2.714,rt,
mambasa,2026-09-06,2.335,1.509,3.819,1.967,2.84,rt,
mambasa,2026-09-07,2.361,1.437,4.047,1.942,2.934,rt,
mambasa,2026-09-08,2.341,1.495,3.793,1.955,2.834,rt,
mambasa,2026-09-09,2.301,1.522,3.579,1.957,2.754,rt,
mambasa,2026-09-10,2.265,1.498,3.427,1.937,2.674,rt,
mambasa,2026-09-11,2.207,1.452,3.349,1.883,2.623,rt,
mambasa,2026-09-12,2.15,1.397,3.323,1.805,2.578,rt,
mambasa,2026-09-13,2.087,1.293,3.357,1.715,2.528,rt,
mambasa,2026-09-14,2.03,1.181,3.43,1.634,2.507,rt,
mambasa,2026-09-15,1.959,1.175,3.119,1.587,2.376,rt,
mambasa,2026-09-16,1.89,1.143,2.909,1.543,2.27,rt,
mambasa,2026-09-17,1.817,1.094,2.793,1.483,2.177,rt,
mambasa,2026-09-18,1.755,1.038,2.714,1.422,2.124,rt,
mambasa,2026-09-19,1.679,0.94,2.692,1.352,2.064,rt,
mambasa,2026-09-20,1.616,0.851,2.731,1.269,2.028,rt,
mambasa,2026-09-21,1.557,0.775,2.826,1.198,2.013,rt,
mambasa,2026-09-22,1.542,0.78,2.724,1.186,1.974,rt,
mambasa,2026-09-23,1.515,0.777,2.695,1.168,1.95,rt,
mambasa,2026-09-24,1.494,0.758,2.691,1.14,1.926,rt,
mambasa,2026-09-25,1.465,0.72,2.674,1.108,1.925,rt,
mambasa,2026-09-26,1.433,0.671,2.707,1.074,1.914,rt,
mambasa,2026-09-27,1.39,0.634,2.767,1.028,1.912,rt,
mambasa,2026-09-28,1.349,0.578,2.797,0.975,1.879,rt,
mambasa,2026-09-29,1.322,0.578,2.716,0.963,1.839,rt,
mambasa,2026-09-30,1.294,0.574,2.676,0.935,1.774,rt,
mambasa,2026-10-01,1.268,0.561,2.641,0.911,1.728,rt,
mambasa,2026-10-02,1.249,0.542,2.656,0.895,1.714,rt,
mambasa,2026-10-03,1.226,0.512,2.672,0.854,1.703,rt,
mambasa,2026-10-04,1.211,0.475,2.678,0.814,1.693,rt,
mambasa,2026-10-05,1.185,0.442,2.726,0.784,1.672,rt,
mambasa,2026-10-06,1.088,0.364,2.779,0.712,1.619,rt,
mandima,2026-06-17,2.223,1.349,3.625,1.821,2.691,rt,
mandima,2026-06-18,2.174,1.344,3.44,1.785,2.594,rt,
mandima,2026-06-19,2.119,1.328,3.411,1.736,2.555,rt,
mandima,2026-06-20,2.067,1.262,3.443,1.699,2.536,rt,
mandima,2026-06-21,2.014,1.188,3.537,1.618,2.52,rt,
mandima,2026-06-22,1.998,1.123,3.655,1.581,2.545,rt,
mandima,2026-06-23,1.927,1.152,3.295,1.556,2.375,rt,
mandima,2026-06-24,1.845,1.15,2.972,1.521,2.245,rt,
mandima,2026-06-25,1.778,1.121,2.775,1.474,2.126,rt,
mandima,2026-06-26,1.687,1.074,2.614,1.41,2.014,rt,
mandima,2026-06-27,1.607,1.013,2.547,1.329,1.935,rt,
mandima,2026-06-28,1.531,0.918,2.503,1.25,1.87,rt,
mandima,2026-06-29,1.43,0.809,2.451,1.145,1.779,rt,
mandima,2026-06-30,1.352,0.801,2.202,1.119,1.657,rt,
mandima,2026-07-01,1.291,0.787,2.015,1.089,1.546,rt,
mandima,2026-07-02,1.239,0.763,1.883,1.043,1.465,rt,
mandima,2026-07-03,1.181,0.731,1.786,0.992,1.408,rt,
mandima,2026-07-04,1.125,0.679,1.733,0.933,1.363,rt,
mandima,2026-07-05,1.082,0.622,1.709,0.878,1.316,rt,
mandima,2026-07-06,1.038,0.566,1.737,0.824,1.291,rt,
mandima,2026-07-07,1.033,0.6,1.642,0.833,1.263,rt,
mandima,2026-07-08,1.029,0.627,1.555,0.841,1.229,rt,
mandima,2026-07-09,1.013,0.632,1.545,0.842,1.201,rt,
mandima,2026-07-10,1.007,0.629,1.561,0.84,1.201,rt,
mandima,2026-07-11,1.001,0.611,1.582,0.824,1.199,rt,
mandima,2026-07-12,0.997,0.577,1.64,0.808,1.207,rt,
mandima,2026-07-13,0.983,0.543,1.692,0.776,1.225,rt,
mandima,2026-07-14,0.991,0.576,1.621,0.797,1.206,rt,
mandima,2026-07-15,0.995,0.608,1.543,0.818,1.196,rt,
mandima,2026-07-16,1.009,0.63,1.504,0.834,1.206,rt,
mandima,2026-07-17,1.021,0.639,1.53,0.848,1.215,rt,
mandima,2026-07-18,1.027,0.634,1.598,0.856,1.235,rt,
mandima,2026-07-19,1.038,0.619,1.681,0.846,1.268,rt,
mandima,2026-07-20,1.045,0.596,1.795,0.831,1.299,rt,
mandima,2026-07-21,1.059,0.649,1.708,0.868,1.298,rt,
mandima,2026-07-22,1.083,0.705,1.647,0.905,1.299,rt,
mandima,2026-07-23,1.097,0.739,1.629,0.932,1.305,rt,
mandima,2026-07-24,1.12,0.759,1.657,0.949,1.334,rt,
mandima,2026-07-25,1.131,0.75,1.727,0.952,1.364,rt,
mandima,2026-07-26,1.144,0.731,1.82,0.958,1.399,rt,
mandima,2026-07-27,1.168,0.694,1.971,0.946,1.451,rt,
mandima,2026-07-28,1.169,0.728,1.869,0.973,1.411,rt,
mandima,2026-07-29,1.158,0.746,1.764,0.98,1.379,rt,
mandima,2026-07-30,1.16,0.754,1.72,0.985,1.364,rt,
mandima,2026-07-31,1.143,0.741,1.675,0.964,1.353,rt,
mandima,2026-08-01,1.126,0.716,1.694,0.934,1.344,rt,
mandima,2026-08-02,1.101,0.658,1.755,0.898,1.339,rt,
mandima,2026-08-03,1.07,0.605,1.832,0.857,1.338,rt,
mandima,2026-08-04,1.06,0.627,1.706,0.866,1.284,rt,
mandima,2026-08-05,1.05,0.642,1.623,0.868,1.247,rt,
mandima,2026-08-06,1.031,0.649,1.545,0.864,1.217,rt,
mandima,2026-08-07,1.009,0.638,1.506,0.849,1.188,rt,
mandima,2026-08-08,0.989,0.622,1.501,0.821,1.168,rt,
mandima,2026-08-09,0.961,0.578,1.535,0.788,1.157,rt,
mandima,2026-08-10,0.93,0.534,1.567,0.748,1.149,rt,
mandima,2026-08-11,0.935,0.574,1.49,0.774,1.131,rt,
mandima,2026-08-12,0.945,0.607,1.446,0.792,1.116,rt,
mandima,2026-08-13,0.955,0.624,1.417,0.798,1.116,rt,
mandima,2026-08-14,0.961,0.631,1.415,0.81,1.126,rt,
mandima,2026-08-15,0.969,0.616,1.443,0.811,1.152,rt,
mandima,2026-08-16,0.976,0.6,1.503,0.806,1.181,rt,
mandima,2026-08-17,0.985,0.579,1.594,0.802,1.221,rt,
mandima,2026-08-18,1.031,0.635,1.578,0.858,1.244,rt,
mandima,2026-08-19,1.076,0.694,1.572,0.906,1.272,rt,
mandima,2026-08-20,1.116,0.739,1.607,0.954,1.305,rt,
mandima,2026-08-21,1.168,0.778,1.679,0.997,1.363,rt,
mandima,2026-08-22,1.219,0.792,1.773,1.031,1.43,rt,
mandima,2026-08-23,1.27,0.791,1.933,1.051,1.522,rt,
mandima,2026-08-24,1.329,0.787,2.171,1.07,1.63,rt,
mandima,2026-08-25,1.419,0.901,2.172,1.185,1.697,rt,
mandima,2026-08-26,1.508,1.021,2.206,1.296,1.768,rt,
mandima,2026-08-27,1.609,1.126,2.26,1.402,1.852,rt,
mandima,2026-08-28,1.705,1.223,2.37,1.491,1.949,rt,
mandima,2026-08-29,1.803,1.264,2.587,1.564,2.064,rt,
mandima,2026-08-30,1.894,1.291,2.823,1.622,2.201,rt,
mandima,2026-08-31,1.972,1.274,3.141,1.643,2.337,rt,
mandima,2026-09-01,2.063,1.417,3.107,1.777,2.409,rt,
mandima,2026-09-02,2.163,1.579,3.089,1.909,2.493,rt,
mandima,2026-09-03,2.281,1.69,3.12,2.025,2.603,rt,
mandima,2026-09-04,2.389,1.768,3.226,2.115,2.702,rt,
mandima,2026-09-05,2.508,1.81,3.41,2.2,2.83,rt,
mandima,2026-09-06,2.605,1.843,3.662,2.251,2.97,rt,
mandima,2026-09-07,2.648,1.796,3.911,2.255,3.088,rt,
mandima,2026-09-08,2.621,1.907,3.646,2.308,3.021,rt,
mandima,2026-09-09,2.596,1.986,3.495,2.323,2.965,rt,
mandima,2026-09-10,2.577,2.004,3.416,2.324,2.907,rt,
mandima,2026-09-11,2.544,1.942,3.397,2.279,2.86,rt,
mandima,2026-09-12,2.506,1.874,3.431,2.213,2.839,rt,
mandima,2026-09-13,2.452,1.763,3.492,2.132,2.814,rt,
mandima,2026-09-14,2.405,1.666,3.569,2.047,2.815,rt,
mandima,2026-09-15,2.222,1.621,3.133,1.939,2.538,rt,
mandima,2026-09-16,2.054,1.536,2.794,1.812,2.316,rt,
mandima,2026-09-17,1.9,1.424,2.553,1.682,2.136,rt,
mandima,2026-09-18,1.765,1.306,2.363,1.566,1.968,rt,
mandima,2026-09-19,1.635,1.171,2.236,1.432,1.838,rt,
mandima,2026-09-20,1.507,1.042,2.131,1.308,1.732,rt,
mandima,2026-09-21,1.411,0.909,2.064,1.202,1.645,rt,
mandima,2026-09-22,1.381,0.906,1.995,1.183,1.597,rt,
mandima,2026-09-23,1.363,0.875,1.97,1.155,1.572,rt,
mandima,2026-09-24,1.332,0.834,1.951,1.118,1.558,rt,
mandima,2026-09-25,1.3,0.785,1.932,1.077,1.53,rt,
mandima,2026-09-26,1.269,0.729,1.932,1.034,1.521,rt,
mandima,2026-09-27,1.235,0.66,1.948,0.987,1.509,rt,
mandima,2026-09-28,1.201,0.594,1.958,0.933,1.492,rt,
mandima,2026-09-29,1.181,0.579,1.896,0.921,1.465,rt,
mandima,2026-09-30,1.156,0.573,1.864,0.902,1.435,rt,
mandima,2026-10-01,1.142,0.552,1.835,0.878,1.408,rt,
mandima,2026-10-02,1.131,0.53,1.828,0.857,1.411,rt,
mandima,2026-10-03,1.112,0.492,1.846,0.822,1.413,rt,
mandima,2026-10-04,1.1,0.448,1.865,0.795,1.403,rt,
mandima,2026-10-05,1.077,0.417,1.899,0.765,1.402,rt,
mandima,2026-10-06,1.033,0.36,1.929,0.716,1.38,rt,
mangala,2026-05-24,1.814,1.109,2.97,1.471,2.198,rt,
mangala,2026-05-25,1.791,1.053,3.022,1.434,2.195,rt,
mangala,2026-05-26,1.809,1.112,2.938,1.48,2.186,rt,
mangala,2026-05-27,1.827,1.163,2.881,1.518,2.178,rt,
mangala,2026-05-28,1.852,1.212,2.863,1.564,2.187,rt,
mangala,2026-05-29,1.886,1.242,2.933,1.605,2.228,rt,
mangala,2026-05-30,1.92,1.263,2.949,1.626,2.265,rt,
mangala,2026-05-31,1.953,1.267,3.076,1.643,2.338,rt,
mangala,2026-06-01,1.997,1.26,3.254,1.663,2.43,rt,
mangala,2026-06-02,2.055,1.357,3.207,1.723,2.453,rt,
mangala,2026-06-03,2.083,1.422,3.191,1.792,2.456,rt,
mangala,2026-06-04,2.114,1.497,3.136,1.843,2.464,rt,
mangala,2026-06-05,2.14,1.53,3.132,1.856,2.486,rt,
mangala,2026-06-06,2.149,1.532,3.143,1.855,2.494,rt,
mangala,2026-06-07,2.146,1.507,3.21,1.846,2.512,rt,
mangala,2026-06-08,2.13,1.456,3.291,1.812,2.525,rt,
mangala,2026-06-09,2.099,1.47,3.069,1.805,2.439,rt,
mangala,2026-06-10,2.051,1.483,2.889,1.782,2.356,rt,
mangala,2026-06-11,2.002,1.471,2.791,1.749,2.288,rt,
mangala,2026-06-12,1.953,1.439,2.72,1.721,2.225,rt,
mangala,2026-06-13,1.905,1.381,2.698,1.665,2.193,rt,
mangala,2026-06-14,1.859,1.306,2.69,1.615,2.146,rt,
mangala,2026-06-15,1.806,1.224,2.688,1.546,2.106,rt,
mangala,2026-06-16,1.772,1.268,2.535,1.544,2.045,rt,
mangala,2026-06-17,1.732,1.287,2.436,1.533,1.987,rt,
mangala,2026-06-18,1.7,1.28,2.33,1.521,1.936,rt,
mangala,2026-06-19,1.679,1.266,2.264,1.499,1.902,rt,
mangala,2026-06-20,1.656,1.231,2.232,1.461,1.875,rt,
mangala,2026-06-21,1.629,1.185,2.234,1.424,1.86,rt,
mangala,2026-06-22,1.623,1.142,2.295,1.403,1.881,rt,
mangala,2026-06-23,1.595,1.153,2.189,1.399,1.818,rt,
mangala,2026-06-24,1.567,1.153,2.085,1.381,1.762,rt,
mangala,2026-06-25,1.534,1.133,2.032,1.362,1.722,rt,
mangala,2026-06-26,1.489,1.107,1.969,1.33,1.679,rt,
mangala,2026-06-27,1.455,1.056,1.946,1.286,1.637,rt,
mangala,2026-06-28,1.422,1.004,1.936,1.241,1.607,rt,
mangala,2026-06-29,1.347,0.914,1.898,1.163,1.549,rt,
mangala,2026-06-30,1.281,0.906,1.759,1.131,1.462,rt,
mangala,2026-07-01,1.222,0.889,1.628,1.088,1.378,rt,
mangala,2026-07-02,1.172,0.866,1.526,1.043,1.309,rt,
mangala,2026-07-03,1.122,0.826,1.458,0.996,1.251,rt,
mangala,2026-07-04,1.074,0.781,1.406,0.946,1.202,rt,
mangala,2026-07-05,1.029,0.726,1.379,0.897,1.163,rt,
mangala,2026-07-06,0.985,0.674,1.366,0.85,1.135,rt,
mangala,2026-07-07,0.986,0.701,1.318,0.865,1.12,rt,
mangala,2026-07-08,0.992,0.72,1.297,0.877,1.117,rt,
mangala,2026-07-09,0.995,0.735,1.278,0.882,1.113,rt,
mangala,2026-07-10,0.996,0.737,1.29,0.888,1.113,rt,
mangala,2026-07-11,1.0,0.733,1.309,0.887,1.115,rt,
mangala,2026-07-12,1.001,0.717,1.354,0.88,1.126,rt,
mangala,2026-07-13,0.997,0.698,1.386,0.863,1.133,rt,
mangala,2026-07-14,1.034,0.751,1.392,0.909,1.159,rt,
mangala,2026-07-15,1.071,0.798,1.404,0.952,1.192,rt,
mangala,2026-07-16,1.106,0.845,1.423,0.992,1.229,rt,
mangala,2026-07-17,1.15,0.878,1.476,1.037,1.28,rt,
mangala,2026-07-18,1.201,0.906,1.553,1.079,1.341,rt,
mangala,2026-07-19,1.244,0.927,1.651,1.101,1.402,rt,
mangala,2026-07-20,1.292,0.928,1.769,1.128,1.475,rt,
mangala,2026-07-21,1.344,1.004,1.774,1.193,1.503,rt,
mangala,2026-07-22,1.395,1.079,1.782,1.258,1.544,rt,
mangala,2026-07-23,1.445,1.138,1.828,1.312,1.581,rt,
mangala,2026-07-24,1.499,1.178,1.872,1.364,1.637,rt,
mangala,2026-07-25,1.544,1.214,1.958,1.401,1.706,rt,
mangala,2026-07-26,1.591,1.236,2.071,1.426,1.78,rt,
mangala,2026-07-27,1.651,1.24,2.216,1.458,1.863,rt,
mangala,2026-07-28,1.679,1.311,2.176,1.507,1.876,rt,
mangala,2026-07-29,1.693,1.352,2.166,1.541,1.879,rt,
mangala,2026-07-30,1.713,1.38,2.166,1.567,1.891,rt,
mangala,2026-07-31,1.724,1.382,2.17,1.569,1.894,rt,
mangala,2026-08-01,1.727,1.363,2.206,1.561,1.901,rt,
mangala,2026-08-02,1.72,1.318,2.265,1.542,1.924,rt,
mangala,2026-08-03,1.71,1.265,2.335,1.515,1.933,rt,
mangala,2026-08-04,1.661,1.28,2.189,1.492,1.859,rt,
mangala,2026-08-05,1.61,1.282,2.076,1.468,1.795,rt,
mangala,2026-08-06,1.564,1.261,1.979,1.432,1.726,rt,
mangala,2026-08-07,1.515,1.215,1.91,1.382,1.665,rt,
mangala,2026-08-08,1.462,1.151,1.883,1.33,1.616,rt,
mangala,2026-08-09,1.41,1.079,1.847,1.268,1.563,rt,
mangala,2026-08-10,1.347,1.0,1.83,1.196,1.517,rt,
mangala,2026-08-11,1.271,0.977,1.669,1.14,1.415,rt,
mangala,2026-08-12,1.195,0.941,1.539,1.084,1.322,rt,
mangala,2026-08-13,1.129,0.893,1.434,1.028,1.237,rt,
mangala,2026-08-14,1.066,0.839,1.343,0.972,1.174,rt,
mangala,2026-08-15,1.01,0.783,1.29,0.913,1.114,rt,
mangala,2026-08-16,0.954,0.711,1.248,0.848,1.063,rt,
mangala,2026-08-17,0.908,0.64,1.218,0.792,1.024,rt,
mangala,2026-08-18,0.853,0.629,1.116,0.758,0.957,rt,
mangala,2026-08-19,0.802,0.601,1.033,0.722,0.896,rt,
mangala,2026-08-20,0.757,0.569,0.966,0.681,0.841,rt,
mangala,2026-08-21,0.719,0.538,0.911,0.641,0.793,rt,
mangala,2026-08-22,0.677,0.496,0.872,0.601,0.754,rt,
mangala,2026-08-23,0.638,0.453,0.842,0.557,0.718,rt,
mangala,2026-08-24,0.603,0.415,0.834,0.517,0.692,rt,
mangala,2026-08-25,0.598,0.429,0.807,0.524,0.681,rt,
mangala,2026-08-26,0.594,0.434,0.779,0.527,0.671,rt,
mangala,2026-08-27,0.589,0.438,0.764,0.525,0.662,rt,
mangala,2026-08-28,0.582,0.433,0.756,0.518,0.649,rt,
mangala,2026-08-29,0.575,0.419,0.755,0.508,0.64,rt,
mangala,2026-08-30,0.563,0.399,0.756,0.492,0.636,rt,
mangala,2026-08-31,0.545,0.37,0.761,0.468,0.629,rt,
mangala,2026-09-01,0.555,0.388,0.745,0.481,0.63,rt,
mangala,2026-09-02,0.561,0.406,0.739,0.495,0.635,rt,
mangala,2026-09-03,0.571,0.416,0.747,0.505,0.639,rt,
mangala,2026-09-04,0.576,0.419,0.756,0.511,0.645,rt,
mangala,2026-09-05,0.58,0.412,0.775,0.512,0.655,rt,
mangala,2026-09-06,0.584,0.401,0.812,0.507,0.665,rt,
mangala,2026-09-07,0.576,0.372,0.837,0.489,0.669,rt,
mangala,2026-09-08,0.577,0.394,0.806,0.496,0.661,rt,
mangala,2026-09-09,0.574,0.404,0.777,0.498,0.655,rt,
mangala,2026-09-10,0.573,0.406,0.764,0.497,0.65,rt,
mangala,2026-09-11,0.566,0.395,0.752,0.488,0.642,rt,
mangala,2026-09-12,0.558,0.376,0.764,0.477,0.638,rt,
mangala,2026-09-13,0.546,0.359,0.782,0.463,0.635,rt,
mangala,2026-09-14,0.535,0.336,0.808,0.446,0.634,rt,
mangala,2026-09-15,0.545,0.351,0.795,0.455,0.638,rt,
mangala,2026-09-16,0.555,0.36,0.792,0.468,0.649,rt,
mangala,2026-09-17,0.567,0.368,0.813,0.478,0.664,rt,
mangala,2026-09-18,0.577,0.366,0.839,0.484,0.683,rt,
mangala,2026-09-19,0.59,0.362,0.877,0.488,0.708,rt,
mangala,2026-09-20,0.598,0.353,0.944,0.488,0.73,rt,
mangala,2026-09-21,0.615,0.346,1.028,0.491,0.765,rt,
mangala,2026-09-22,0.621,0.353,1.019,0.495,0.774,rt,
mangala,2026-09-23,0.626,0.352,1.032,0.494,0.783,rt,
mangala,2026-09-24,0.627,0.348,1.058,0.493,0.791,rt,
mangala,2026-09-25,0.628,0.336,1.095,0.489,0.801,rt,
mangala,2026-09-26,0.628,0.319,1.138,0.48,0.812,rt,
mangala,2026-09-27,0.626,0.306,1.173,0.471,0.825,rt,
mangala,2026-09-28,0.625,0.287,1.228,0.455,0.839,rt,
mangala,2026-09-29,0.622,0.283,1.215,0.457,0.84,rt,
mangala,2026-09-30,0.614,0.278,1.227,0.454,0.832,rt,
mangala,2026-10-01,0.61,0.274,1.227,0.448,0.831,rt,
mangala,2026-10-02,0.611,0.266,1.226,0.446,0.833,rt,
mangala,2026-10-03,0.607,0.253,1.249,0.438,0.841,rt,
mangala,2026-10-04,0.605,0.247,1.3,0.431,0.854,rt,
mangala,2026-10-05,0.603,0.237,1.347,0.417,0.86,rt,
mangala,2026-10-06,0.618,0.217,1.542,0.417,0.916,rt,
mongbwalu,2026-04-26,2.718,1.376,5.832,2.037,3.815,rt,
mongbwalu,2026-04-27,2.699,1.331,5.98,2.002,3.796,rt,
mongbwalu,2026-04-28,2.709,1.367,5.751,2.036,3.742,rt,
mongbwalu,2026-04-29,2.708,1.395,5.535,2.059,3.697,rt,
mongbwalu,2026-04-30,2.712,1.42,5.491,2.079,3.653,rt,
mongbwalu,2026-05-01,2.727,1.454,5.535,2.114,3.626,rt,
mongbwalu,2026-05-02,2.773,1.483,5.424,2.126,3.651,rt,
mongbwalu,2026-05-03,2.791,1.46,5.557,2.135,3.683,rt,
mongbwalu,2026-05-04,2.81,1.434,5.68,2.125,3.682,rt,
mongbwalu,2026-05-05,2.85,1.513,5.428,2.182,3.68,rt,
mongbwalu,2026-05-06,2.884,1.587,5.308,2.248,3.686,rt,
mongbwalu,2026-05-07,2.914,1.653,5.33,2.303,3.701,rt,
mongbwalu,2026-05-08,2.924,1.701,5.264,2.355,3.676,rt,
mongbwalu,2026-05-09,2.927,1.744,5.266,2.38,3.699,rt,
mongbwalu,2026-05-10,2.94,1.753,5.354,2.392,3.717,rt,
mongbwalu,2026-05-11,2.873,1.682,5.231,2.329,3.641,rt,
mongbwalu,2026-05-12,2.847,1.785,5.047,2.355,3.54,rt,
mongbwalu,2026-05-13,2.84,1.842,4.716,2.368,3.449,rt,
mongbwalu,2026-05-14,2.818,1.899,4.486,2.38,3.361,rt,
mongbwalu,2026-05-15,2.773,1.928,4.323,2.389,3.285,rt,
mongbwalu,2026-05-16,2.744,1.897,4.275,2.366,3.223,rt,
mongbwalu,2026-05-17,2.695,1.872,4.188,2.322,3.176,rt,
mongbwalu,2026-05-18,2.652,1.827,4.125,2.278,3.137,rt,
mongbwalu,2026-05-19,2.626,1.883,3.888,2.293,3.058,rt,
mongbwalu,2026-05-20,2.582,1.928,3.743,2.292,2.988,rt,
mongbwalu,2026-05-21,2.556,1.944,3.594,2.294,2.926,rt,
mongbwalu,2026-05-22,2.506,1.925,3.469,2.257,2.839,rt,
mongbwalu,2026-05-23,2.452,1.874,3.388,2.204,2.772,rt,
mongbwalu,2026-05-24,2.392,1.808,3.327,2.146,2.712,rt,
mongbwalu,2026-05-25,2.319,1.737,3.256,2.079,2.65,rt,
mongbwalu,2026-05-26,2.175,1.68,2.949,1.961,2.442,rt,
mongbwalu,2026-05-27,2.051,1.622,2.712,1.86,2.266,rt,
mongbwalu,2026-05-28,1.934,1.537,2.5,1.763,2.122,rt,
mongbwalu,2026-05-29,1.82,1.459,2.31,1.67,1.995,rt,
mongbwalu,2026-05-30,1.712,1.374,2.178,1.579,1.882,rt,
mongbwalu,2026-05-31,1.617,1.282,2.073,1.48,1.782,rt,
mongbwalu,2026-06-01,1.536,1.181,1.998,1.388,1.703,rt,
mongbwalu,2026-06-02,1.422,1.115,1.817,1.3,1.561,rt,
mongbwalu,2026-06-03,1.311,1.044,1.648,1.205,1.43,rt,
mongbwalu,2026-06-04,1.201,0.966,1.5,1.106,1.31,rt,
mongbwalu,2026-06-05,1.1,0.873,1.373,1.008,1.201,rt,
mongbwalu,2026-06-06,1.005,0.766,1.259,0.904,1.1,rt,
mongbwalu,2026-06-07,0.907,0.66,1.169,0.802,1.01,rt,
mongbwalu,2026-06-08,0.822,0.558,1.095,0.703,0.928,rt,
mongbwalu,2026-06-09,0.792,0.568,1.022,0.694,0.886,rt,
mongbwalu,2026-06-10,0.766,0.569,0.965,0.679,0.845,rt,
mongbwalu,2026-06-11,0.739,0.563,0.912,0.661,0.812,rt,
mongbwalu,2026-06-12,0.711,0.552,0.885,0.64,0.783,rt,
mongbwalu,2026-06-13,0.688,0.52,0.867,0.615,0.763,rt,
mongbwalu,2026-06-14,0.666,0.477,0.868,0.586,0.749,rt,
mongbwalu,2026-06-15,0.643,0.438,0.875,0.551,0.737,rt,
mongbwalu,2026-06-16,0.661,0.471,0.863,0.58,0.745,rt,
mongbwalu,2026-06-17,0.68,0.507,0.859,0.607,0.753,rt,
mongbwalu,2026-06-18,0.699,0.539,0.873,0.632,0.772,rt,
mongbwalu,2026-06-19,0.719,0.562,0.898,0.652,0.793,rt,
mongbwalu,2026-06-20,0.743,0.571,0.948,0.667,0.821,rt,
mongbwalu,2026-06-21,0.765,0.57,1.01,0.68,0.857,rt,
mongbwalu,2026-06-22,0.801,0.57,1.1,0.7,0.911,rt,
mongbwalu,2026-06-23,0.801,0.596,1.061,0.711,0.895,rt,
mongbwalu,2026-06-24,0.801,0.621,1.028,0.723,0.882,rt,
mongbwalu,2026-06-25,0.797,0.632,1.006,0.727,0.872,rt,
mongbwalu,2026-06-26,0.792,0.627,0.989,0.724,0.869,rt,
mongbwalu,2026-06-27,0.789,0.605,1.003,0.714,0.871,rt,
mongbwalu,2026-06-28,0.781,0.579,1.026,0.697,0.877,rt,
mongbwalu,2026-06-29,0.761,0.533,1.051,0.663,0.87,rt,
mongbwalu,2026-06-30,0.754,0.556,0.999,0.669,0.846,rt,
mongbwalu,2026-07-01,0.753,0.57,0.964,0.674,0.833,rt,
mongbwalu,2026-07-02,0.748,0.576,0.937,0.676,0.82,rt,
mongbwalu,2026-07-03,0.743,0.572,0.936,0.673,0.817,rt,
mongbwalu,2026-07-04,0.739,0.557,0.955,0.662,0.824,rt,
mongbwalu,2026-07-05,0.735,0.531,0.989,0.644,0.835,rt,
mongbwalu,2026-07-06,0.736,0.503,1.037,0.633,0.855,rt,
mongbwalu,2026-07-07,0.754,0.543,1.018,0.663,0.859,rt,
mongbwalu,2026-07-08,0.775,0.582,1.016,0.687,0.868,rt,
mongbwalu,2026-07-09,0.797,0.614,1.024,0.71,0.886,rt,
mongbwalu,2026-07-10,0.818,0.622,1.048,0.73,0.911,rt,
mongbwalu,2026-07-11,0.838,0.618,1.098,0.743,0.944,rt,
mongbwalu,2026-07-12,0.854,0.607,1.172,0.749,0.982,rt,
mongbwalu,2026-07-13,0.867,0.593,1.252,0.745,1.02,rt,
mongbwalu,2026-07-14,0.843,0.605,1.16,0.741,0.967,rt,
mongbwalu,2026-07-15,0.816,0.606,1.088,0.727,0.926,rt,
mongbwalu,2026-07-16,0.795,0.591,1.034,0.706,0.889,rt,
mongbwalu,2026-07-17,0.777,0.564,1.018,0.688,0.867,rt,
mongbwalu,2026-07-18,0.757,0.536,1.012,0.662,0.853,rt,
mongbwalu,2026-07-19,0.734,0.493,1.025,0.632,0.844,rt,
mongbwalu,2026-07-20,0.712,0.45,1.037,0.601,0.838,rt,
mongbwalu,2026-07-21,0.69,0.456,0.963,0.593,0.791,rt,
mongbwalu,2026-07-22,0.667,0.455,0.895,0.58,0.757,rt,
mongbwalu,2026-07-23,0.644,0.445,0.849,0.564,0.728,rt,
mongbwalu,2026-07-24,0.622,0.436,0.819,0.544,0.702,rt,
mongbwalu,2026-07-25,0.597,0.41,0.805,0.519,0.685,rt,
mongbwalu,2026-07-26,0.576,0.377,0.806,0.493,0.667,rt,
mongbwalu,2026-07-27,0.558,0.344,0.816,0.465,0.654,rt,
mongbwalu,2026-07-28,0.564,0.364,0.785,0.479,0.651,rt,
mongbwalu,2026-07-29,0.566,0.38,0.776,0.487,0.648,rt,
mongbwalu,2026-07-30,0.57,0.394,0.77,0.492,0.651,rt,
mongbwalu,2026-07-31,0.568,0.394,0.764,0.49,0.65,rt,
mongbwalu,2026-08-01,0.565,0.386,0.785,0.484,0.651,rt,
mongbwalu,2026-08-02,0.563,0.371,0.812,0.475,0.653,rt,
mongbwalu,2026-08-03,0.557,0.345,0.846,0.462,0.659,rt,
mongbwalu,2026-08-04,0.587,0.376,0.841,0.494,0.678,rt,
mongbwalu,2026-08-05,0.612,0.409,0.851,0.524,0.703,rt,
mongbwalu,2026-08-06,0.641,0.44,0.873,0.555,0.731,rt,
mongbwalu,2026-08-07,0.666,0.46,0.907,0.576,0.762,rt,
mongbwalu,2026-08-08,0.696,0.471,0.96,0.594,0.798,rt,
mongbwalu,2026-08-09,0.723,0.475,1.027,0.608,0.84,rt,
mongbwalu,2026-08-10,0.747,0.467,1.102,0.619,0.881,rt,
mongbwalu,2026-08-11,0.792,0.527,1.113,0.671,0.918,rt,
mongbwalu,2026-08-12,0.836,0.587,1.136,0.728,0.956,rt,
mongbwalu,2026-08-13,0.886,0.642,1.192,0.787,1.0,rt,
mongbwalu,2026-08-14,0.946,0.692,1.27,0.839,1.063,rt,
mongbwalu,2026-08-15,1.004,0.725,1.369,0.884,1.138,rt,
mongbwalu,2026-08-16,1.065,0.742,1.506,0.924,1.224,rt,
mongbwalu,2026-08-17,1.139,0.757,1.683,0.966,1.334,rt,
mongbwalu,2026-08-18,1.203,0.842,1.696,1.041,1.375,rt,
mongbwalu,2026-08-19,1.27,0.925,1.716,1.112,1.427,rt,
mongbwalu,2026-08-20,1.329,0.998,1.755,1.182,1.492,rt,
mongbwalu,2026-08-21,1.397,1.062,1.849,1.256,1.563,rt,
mongbwalu,2026-08-22,1.468,1.103,1.977,1.315,1.651,rt,
mongbwalu,2026-08-23,1.544,1.135,2.125,1.363,1.752,rt,
mongbwalu,2026-08-24,1.642,1.154,2.319,1.411,1.877,rt,
mongbwalu,2026-08-25,1.636,1.213,2.205,1.435,1.838,rt,
mongbwalu,2026-08-26,1.623,1.246,2.114,1.441,1.791,rt,
mongbwalu,2026-08-27,1.6,1.256,2.064,1.442,1.771,rt,
mongbwalu,2026-08-28,1.574,1.24,2.054,1.42,1.747,rt,
mongbwalu,2026-08-29,1.545,1.185,2.059,1.382,1.729,rt,
mongbwalu,2026-08-30,1.507,1.117,2.071,1.335,1.727,rt,
mongbwalu,2026-08-31,1.458,1.034,2.111,1.272,1.707,rt,
mongbwalu,2026-09-01,1.361,1.006,1.884,1.203,1.564,rt,
mongbwalu,2026-09-02,1.273,0.958,1.697,1.122,1.435,rt,
mongbwalu,2026-09-03,1.183,0.896,1.545,1.054,1.325,rt,
mongbwalu,2026-09-04,1.093,0.827,1.429,0.973,1.224,rt,
mongbwalu,2026-09-05,1.01,0.739,1.341,0.889,1.14,rt,
mongbwalu,2026-09-06,0.927,0.657,1.28,0.807,1.064,rt,
mongbwalu,2026-09-07,0.841,0.563,1.215,0.716,0.98,rt,
mongbwalu,2026-09-08,0.791,0.542,1.1,0.683,0.914,rt,
mongbwalu,2026-09-09,0.744,0.519,1.014,0.646,0.854,rt,
mongbwalu,2026-09-10,0.699,0.488,0.946,0.605,0.796,rt,
mongbwalu,2026-09-11,0.65,0.449,0.885,0.562,0.742,rt,
mongbwalu,2026-09-12,0.606,0.4,0.841,0.516,0.697,rt,
mongbwalu,2026-09-13,0.56,0.354,0.812,0.463,0.656,rt,
mongbwalu,2026-09-14,0.519,0.307,0.793,0.42,0.621,rt,
mongbwalu,2026-09-15,0.514,0.314,0.761,0.421,0.607,rt,
mongbwalu,2026-09-16,0.507,0.31,0.746,0.421,0.593,rt,
mongbwalu,2026-09-17,0.502,0.302,0.738,0.416,0.586,rt,
mongbwalu,2026-09-18,0.495,0.285,0.746,0.411,0.587,rt,
mongbwalu,2026-09-19,0.489,0.276,0.773,0.402,0.588,rt,
mongbwalu,2026-09-20,0.488,0.258,0.801,0.39,0.594,rt,
mongbwalu,2026-09-21,0.485,0.24,0.847,0.377,0.605,rt,
mongbwalu,2026-09-22,0.49,0.247,0.841,0.381,0.604,rt,
mongbwalu,2026-09-23,0.492,0.249,0.85,0.382,0.618,rt,
mongbwalu,2026-09-24,0.494,0.246,0.865,0.385,0.627,rt,
mongbwalu,2026-09-25,0.494,0.239,0.895,0.381,0.639,rt,
mongbwalu,2026-09-26,0.496,0.23,0.931,0.375,0.647,rt,
mongbwalu,2026-09-27,0.501,0.22,0.976,0.367,0.663,rt,
mongbwalu,2026-09-28,0.5,0.207,1.026,0.354,0.677,rt,
mongbwalu,2026-09-29,0.5,0.205,1.019,0.356,0.669,rt,
mongbwalu,2026-09-30,0.499,0.205,1.019,0.357,0.672,rt,
mongbwalu,2026-10-01,0.501,0.2,1.037,0.354,0.678,rt,
mongbwalu,2026-10-02,0.505,0.2,1.078,0.348,0.689,rt,
mongbwalu,2026-10-03,0.507,0.195,1.123,0.345,0.701,rt,
mongbwalu,2026-10-04,0.504,0.188,1.161,0.34,0.716,rt,
mongbwalu,2026-10-05,0.505,0.18,1.24,0.329,0.727,rt,
mongbwalu,2026-10-06,0.528,0.163,1.449,0.333,0.805,rt,
nia_nia,2026-06-05,2.858,1.73,4.834,2.3,3.549,rt,
nia_nia,2026-06-06,2.829,1.703,4.864,2.256,3.505,rt,
nia_nia,2026-06-07,2.797,1.589,4.901,2.209,3.487,rt,
nia_nia,2026-06-08,2.703,1.483,4.973,2.133,3.479,rt,
nia_nia,2026-06-09,2.626,1.552,4.554,2.128,3.282,rt,
nia_nia,2026-06-10,2.555,1.602,4.192,2.109,3.092,rt,
nia_nia,2026-06-11,2.474,1.584,3.87,2.065,2.971,rt,
nia_nia,2026-06-12,2.399,1.54,3.696,2.003,2.883,rt,
nia_nia,2026-06-13,2.317,1.464,3.689,1.918,2.824,rt,
nia_nia,2026-06-14,2.229,1.334,3.754,1.81,2.782,rt,
nia_nia,2026-06-15,2.15,1.204,3.918,1.7,2.765,rt,
nia_nia,2026-06-16,2.113,1.256,3.561,1.699,2.609,rt,
nia_nia,2026-06-17,2.06,1.298,3.249,1.7,2.48,rt,
nia_nia,2026-06-18,2.012,1.312,3.06,1.682,2.389,rt,
nia_nia,2026-06-19,1.963,1.283,2.992,1.661,2.328,rt,
nia_nia,2026-06-20,1.916,1.232,2.991,1.608,2.292,rt,
nia_nia,2026-06-21,1.875,1.166,3.026,1.554,2.262,rt,
nia_nia,2026-06-22,1.861,1.102,3.112,1.49,2.293,rt,
nia_nia,2026-06-23,1.823,1.149,2.898,1.513,2.197,rt,
nia_nia,2026-06-24,1.788,1.191,2.689,1.509,2.105,rt,
nia_nia,2026-06-25,1.753,1.196,2.525,1.504,2.047,rt,
nia_nia,2026-06-26,1.712,1.168,2.45,1.47,1.985,rt,
nia_nia,2026-06-27,1.668,1.125,2.428,1.423,1.943,rt,
nia_nia,2026-06-28,1.618,1.054,2.474,1.36,1.93,rt,
nia_nia,2026-06-29,1.541,0.941,2.476,1.275,1.868,rt,
nia_nia,2026-06-30,1.498,0.981,2.265,1.27,1.769,rt,
nia_nia,2026-07-01,1.459,0.996,2.093,1.261,1.694,rt,
nia_nia,2026-07-02,1.421,1.009,1.994,1.243,1.634,rt,
nia_nia,2026-07-03,1.384,0.981,1.935,1.203,1.587,rt,
nia_nia,2026-07-04,1.353,0.923,1.949,1.164,1.558,rt,
nia_nia,2026-07-05,1.319,0.863,2.007,1.105,1.553,rt,
nia_nia,2026-07-06,1.293,0.776,2.091,1.057,1.57,rt,
nia_nia,2026-07-07,1.308,0.843,1.989,1.1,1.544,rt,
nia_nia,2026-07-08,1.33,0.901,1.906,1.136,1.53,rt,
nia_nia,2026-07-09,1.345,0.943,1.865,1.169,1.532,rt,
nia_nia,2026-07-10,1.36,0.949,1.859,1.19,1.55,rt,
nia_nia,2026-07-11,1.379,0.936,1.907,1.192,1.582,rt,
nia_nia,2026-07-12,1.4,0.897,2.009,1.185,1.628,rt,
nia_nia,2026-07-13,1.404,0.851,2.141,1.155,1.677,rt,
nia_nia,2026-07-14,1.42,0.934,2.055,1.208,1.652,rt,
nia_nia,2026-07-15,1.439,1.001,2.008,1.256,1.64,rt,
nia_nia,2026-07-16,1.453,1.058,1.983,1.289,1.651,rt,
nia_nia,2026-07-17,1.485,1.093,2.029,1.308,1.684,rt,
nia_nia,2026-07-18,1.52,1.105,2.078,1.322,1.73,rt,
nia_nia,2026-07-19,1.551,1.071,2.21,1.325,1.797,rt,
nia_nia,2026-07-20,1.566,1.013,2.393,1.324,1.871,rt,
nia_nia,2026-07-21,1.537,1.072,2.172,1.338,1.791,rt,
nia_nia,2026-07-22,1.518,1.107,2.063,1.339,1.718,rt,
nia_nia,2026-07-23,1.492,1.113,1.985,1.323,1.663,rt,
nia_nia,2026-07-24,1.463,1.088,1.951,1.301,1.645,rt,
nia_nia,2026-07-25,1.435,1.029,1.962,1.255,1.633,rt,
nia_nia,2026-07-26,1.401,0.957,1.995,1.201,1.632,rt,
nia_nia,2026-07-27,1.377,0.869,2.078,1.156,1.65,rt,
nia_nia,2026-07-28,1.295,0.876,1.853,1.116,1.506,rt,
nia_nia,2026-07-29,1.216,0.858,1.658,1.063,1.38,rt,
nia_nia,2026-07-30,1.145,0.812,1.521,1.004,1.291,rt,
nia_nia,2026-07-31,1.062,0.742,1.422,0.927,1.208,rt,
nia_nia,2026-08-01,0.986,0.658,1.365,0.847,1.133,rt,
nia_nia,2026-08-02,0.912,0.575,1.34,0.765,1.072,rt,
nia_nia,2026-08-03,0.838,0.483,1.335,0.686,1.019,rt,
nia_nia,2026-08-04,0.792,0.485,1.193,0.662,0.943,rt,
nia_nia,2026-08-05,0.749,0.48,1.077,0.636,0.876,rt,
nia_nia,2026-08-06,0.705,0.47,1.0,0.603,0.818,rt,
nia_nia,2026-08-07,0.663,0.437,0.948,0.566,0.769,rt,
nia_nia,2026-08-08,0.621,0.399,0.916,0.53,0.731,rt,
nia_nia,2026-08-09,0.584,0.353,0.881,0.492,0.696,rt,
nia_nia,2026-08-10,0.544,0.307,0.874,0.443,0.667,rt,
nia_nia,2026-08-11,0.545,0.329,0.823,0.454,0.652,rt,
nia_nia,2026-08-12,0.547,0.346,0.795,0.458,0.642,rt,
nia_nia,2026-08-13,0.547,0.351,0.789,0.463,0.637,rt,
nia_nia,2026-08-14,0.55,0.352,0.785,0.465,0.639,rt,
nia_nia,2026-08-15,0.55,0.338,0.806,0.464,0.647,rt,
nia_nia,2026-08-16,0.552,0.323,0.838,0.457,0.659,rt,
nia_nia,2026-08-17,0.561,0.303,0.895,0.45,0.678,rt,
nia_nia,2026-08-18,0.595,0.355,0.893,0.491,0.71,rt,
nia_nia,2026-08-19,0.635,0.397,0.913,0.535,0.742,rt,
nia_nia,2026-08-20,0.679,0.435,0.958,0.575,0.776,rt,
nia_nia,2026-08-21,0.722,0.474,1.028,0.615,0.834,rt,
nia_nia,2026-08-22,0.771,0.496,1.112,0.651,0.897,rt,
nia_nia,2026-08-23,0.818,0.507,1.215,0.681,0.971,rt,
nia_nia,2026-08-24,0.882,0.513,1.39,0.715,1.066,rt,
nia_nia,2026-08-25,0.964,0.614,1.407,0.809,1.139,rt,
nia_nia,2026-08-26,1.064,0.714,1.47,0.917,1.226,rt,
nia_nia,2026-08-27,1.165,0.828,1.565,1.021,1.32,rt,
nia_nia,2026-08-28,1.263,0.923,1.699,1.127,1.439,rt,
nia_nia,2026-08-29,1.374,0.993,1.88,1.219,1.584,rt,
nia_nia,2026-08-30,1.494,1.035,2.129,1.299,1.737,rt,
nia_nia,2026-08-31,1.605,1.058,2.428,1.361,1.901,rt,
nia_nia,2026-09-01,1.583,1.118,2.243,1.372,1.828,rt,
nia_nia,2026-09-02,1.561,1.156,2.104,1.385,1.767,rt,
nia_nia,2026-09-03,1.534,1.178,2.01,1.379,1.724,rt,
nia_nia,2026-09-04,1.51,1.161,1.975,1.353,1.679,rt,
nia_nia,2026-09-05,1.466,1.101,1.982,1.308,1.669,rt,
nia_nia,2026-09-06,1.427,1.027,2.017,1.249,1.665,rt,
nia_nia,2026-09-07,1.373,0.931,2.064,1.168,1.64,rt,
nia_nia,2026-09-08,1.279,0.896,1.833,1.105,1.489,rt,
nia_nia,2026-09-09,1.195,0.857,1.643,1.044,1.36,rt,
nia_nia,2026-09-10,1.109,0.798,1.487,0.975,1.252,rt,
nia_nia,2026-09-11,1.021,0.722,1.381,0.892,1.16,rt,
nia_nia,2026-09-12,0.939,0.645,1.301,0.808,1.085,rt,
nia_nia,2026-09-13,0.863,0.561,1.239,0.729,1.009,rt,
nia_nia,2026-09-14,0.794,0.473,1.209,0.654,0.945,rt,
nia_nia,2026-09-15,0.744,0.457,1.104,0.626,0.876,rt,
nia_nia,2026-09-16,0.704,0.433,1.013,0.589,0.829,rt,
nia_nia,2026-09-17,0.666,0.403,0.964,0.55,0.792,rt,
nia_nia,2026-09-18,0.634,0.368,0.933,0.513,0.756,rt,
nia_nia,2026-09-19,0.6,0.326,0.926,0.475,0.725,rt,
nia_nia,2026-09-20,0.569,0.288,0.929,0.437,0.7,rt,
nia_nia,2026-09-21,0.543,0.251,0.945,0.406,0.68,rt,
nia_nia,2026-09-22,0.538,0.255,0.93,0.404,0.68,rt,
nia_nia,2026-09-23,0.535,0.252,0.929,0.402,0.683,rt,
nia_nia,2026-09-24,0.536,0.247,0.949,0.396,0.689,rt,
nia_nia,2026-09-25,0.528,0.239,0.964,0.387,0.693,rt,
nia_nia,2026-09-26,0.523,0.227,0.992,0.381,0.698,rt,
nia_nia,2026-09-27,0.517,0.211,1.042,0.368,0.707,rt,
nia_nia,2026-09-28,0.505,0.194,1.099,0.353,0.715,rt,
nia_nia,2026-09-29,0.508,0.198,1.085,0.353,0.714,rt,
nia_nia,2026-09-30,0.513,0.199,1.093,0.351,0.712,rt,
nia_nia,2026-10-01,0.509,0.196,1.114,0.349,0.717,rt,
nia_nia,2026-10-02,0.512,0.19,1.143,0.346,0.721,rt,
nia_nia,2026-10-03,0.504,0.182,1.198,0.344,0.734,rt,
nia_nia,2026-10-04,0.503,0.171,1.285,0.335,0.746,rt,
nia_nia,2026-10-05,0.503,0.159,1.367,0.325,0.765,rt,
nia_nia,2026-10-06,0.54,0.145,1.665,0.317,0.851,rt,
nizi,2026-05-24,1.892,1.248,2.872,1.588,2.257,rt,
nizi,2026-05-25,1.825,1.15,2.857,1.515,2.197,rt,
nizi,2026-05-26,1.852,1.206,2.762,1.542,2.191,rt,
nizi,2026-05-27,1.877,1.255,2.708,1.581,2.175,rt,
nizi,2026-05-28,1.9,1.293,2.697,1.616,2.173,rt,
nizi,2026-05-29,1.922,1.335,2.69,1.656,2.197,rt,
nizi,2026-05-30,1.944,1.341,2.726,1.693,2.232,rt,
nizi,2026-05-31,1.974,1.354,2.819,1.703,2.281,rt,
nizi,2026-06-01,2.018,1.361,2.949,1.711,2.349,rt,
nizi,2026-06-02,2.104,1.494,2.949,1.818,2.408,rt,
nizi,2026-06-03,2.192,1.62,2.989,1.93,2.48,rt,
nizi,2026-06-04,2.281,1.715,3.05,2.019,2.554,rt,
nizi,2026-06-05,2.349,1.77,3.11,2.089,2.619,rt,
nizi,2026-06-06,2.402,1.814,3.226,2.141,2.709,rt,
nizi,2026-06-07,2.444,1.842,3.32,2.163,2.802,rt,
nizi,2026-06-08,2.481,1.845,3.441,2.177,2.878,rt,
nizi,2026-06-09,2.491,1.89,3.376,2.209,2.834,rt,
nizi,2026-06-10,2.498,1.909,3.325,2.235,2.814,rt,
nizi,2026-06-11,2.502,1.928,3.282,2.244,2.793,rt,
nizi,2026-06-12,2.498,1.937,3.29,2.254,2.801,rt,
nizi,2026-06-13,2.496,1.924,3.309,2.244,2.805,rt,
nizi,2026-06-14,2.49,1.876,3.35,2.22,2.818,rt,
nizi,2026-06-15,2.473,1.847,3.386,2.192,2.829,rt,
nizi,2026-06-16,2.441,1.882,3.249,2.185,2.757,rt,
nizi,2026-06-17,2.412,1.906,3.136,2.189,2.684,rt,
nizi,2026-06-18,2.386,1.923,3.078,2.174,2.628,rt,
nizi,2026-06-19,2.365,1.923,3.03,2.153,2.585,rt,
nizi,2026-06-20,2.338,1.905,3.012,2.129,2.562,rt,
nizi,2026-06-21,2.304,1.859,3.017,2.085,2.541,rt,
nizi,2026-06-22,2.306,1.82,3.066,2.077,2.567,rt,
nizi,2026-06-23,2.272,1.845,2.952,2.07,2.517,rt,
nizi,2026-06-24,2.245,1.845,2.841,2.057,2.45,rt,
nizi,2026-06-25,2.214,1.83,2.797,2.035,2.414,rt,
nizi,2026-06-26,2.166,1.792,2.734,1.999,2.375,rt,
nizi,2026-06-27,2.12,1.76,2.702,1.953,2.333,rt,
nizi,2026-06-28,2.083,1.697,2.682,1.904,2.292,rt,
nizi,2026-06-29,1.992,1.596,2.599,1.804,2.211,rt,
nizi,2026-06-30,1.871,1.524,2.363,1.71,2.052,rt,
nizi,2026-07-01,1.756,1.444,2.183,1.619,1.914,rt,
nizi,2026-07-02,1.653,1.365,2.039,1.525,1.79,rt,
nizi,2026-07-03,1.552,1.283,1.908,1.437,1.68,rt,
nizi,2026-07-04,1.457,1.192,1.806,1.343,1.582,rt,
nizi,2026-07-05,1.369,1.101,1.722,1.253,1.498,rt,
nizi,2026-07-06,1.294,1.018,1.656,1.172,1.436,rt,
nizi,2026-07-07,1.244,1.005,1.544,1.141,1.367,rt,
nizi,2026-07-08,1.197,0.98,1.451,1.104,1.304,rt,
nizi,2026-07-09,1.153,0.949,1.381,1.068,1.246,rt,
nizi,2026-07-10,1.11,0.912,1.329,1.028,1.194,rt,
nizi,2026-07-11,1.066,0.869,1.287,0.984,1.151,rt,
nizi,2026-07-12,1.023,0.819,1.252,0.943,1.115,rt,
nizi,2026-07-13,0.975,0.754,1.223,0.887,1.072,rt,
nizi,2026-07-14,0.965,0.766,1.183,0.885,1.05,rt,
nizi,2026-07-15,0.954,0.78,1.147,0.88,1.031,rt,
nizi,2026-07-16,0.941,0.778,1.124,0.871,1.016,rt,
nizi,2026-07-17,0.937,0.772,1.112,0.869,1.008,rt,
nizi,2026-07-18,0.932,0.758,1.109,0.858,1.005,rt,
nizi,2026-07-19,0.922,0.738,1.117,0.844,1.004,rt,
nizi,2026-07-20,0.911,0.708,1.131,0.828,1.007,rt,
nizi,2026-07-21,0.913,0.73,1.105,0.837,0.993,rt,
nizi,2026-07-22,0.914,0.745,1.088,0.847,0.984,rt,
nizi,2026-07-23,0.915,0.75,1.08,0.851,0.983,rt,
nizi,2026-07-24,0.912,0.755,1.076,0.85,0.978,rt,
nizi,2026-07-25,0.911,0.751,1.079,0.844,0.982,rt,
nizi,2026-07-26,0.908,0.73,1.095,0.832,0.985,rt,
nizi,2026-07-27,0.91,0.714,1.124,0.822,0.996,rt,
nizi,2026-07-28,0.925,0.745,1.114,0.844,0.999,rt,
nizi,2026-07-29,0.936,0.766,1.111,0.864,1.006,rt,
nizi,2026-07-30,0.946,0.787,1.116,0.881,1.014,rt,
nizi,2026-07-31,0.949,0.793,1.115,0.885,1.015,rt,
nizi,2026-08-01,0.951,0.789,1.126,0.883,1.018,rt,
nizi,2026-08-02,0.948,0.777,1.148,0.877,1.025,rt,
nizi,2026-08-03,0.943,0.756,1.168,0.862,1.03,rt,
nizi,2026-08-04,0.937,0.764,1.14,0.86,1.013,rt,
nizi,2026-08-05,0.928,0.77,1.118,0.857,1.0,rt,
nizi,2026-08-06,0.921,0.768,1.105,0.851,0.992,rt,
nizi,2026-08-07,0.906,0.755,1.088,0.841,0.976,rt,
nizi,2026-08-08,0.891,0.736,1.077,0.825,0.964,rt,
nizi,2026-08-09,0.878,0.712,1.083,0.804,0.954,rt,
nizi,2026-08-10,0.857,0.677,1.086,0.778,0.937,rt,
nizi,2026-08-11,0.825,0.664,1.021,0.757,0.896,rt,
nizi,2026-08-12,0.798,0.646,0.973,0.734,0.862,rt,
nizi,2026-08-13,0.769,0.626,0.928,0.71,0.832,rt,
nizi,2026-08-14,0.743,0.604,0.895,0.685,0.803,rt,
nizi,2026-08-15,0.719,0.582,0.868,0.659,0.777,rt,
nizi,2026-08-16,0.692,0.553,0.858,0.632,0.756,rt,
nizi,2026-08-17,0.671,0.521,0.852,0.604,0.739,rt,
nizi,2026-08-18,0.658,0.519,0.817,0.598,0.718,rt,
nizi,2026-08-19,0.644,0.515,0.792,0.588,0.697,rt,
nizi,2026-08-20,0.628,0.506,0.769,0.574,0.681,rt,
nizi,2026-08-21,0.615,0.495,0.755,0.561,0.671,rt,
nizi,2026-08-22,0.601,0.478,0.746,0.546,0.661,rt,
nizi,2026-08-23,0.586,0.453,0.745,0.529,0.65,rt,
nizi,2026-08-24,0.578,0.428,0.754,0.515,0.648,rt,
nizi,2026-08-25,0.586,0.445,0.748,0.526,0.648,rt,
nizi,2026-08-26,0.592,0.462,0.746,0.536,0.65,rt,
nizi,2026-08-27,0.597,0.47,0.745,0.541,0.657,rt,
nizi,2026-08-28,0.599,0.473,0.746,0.545,0.658,rt,
nizi,2026-08-29,0.602,0.467,0.757,0.541,0.662,rt,
nizi,2026-08-30,0.6,0.457,0.773,0.537,0.667,rt,
nizi,2026-08-31,0.592,0.433,0.785,0.523,0.666,rt,
nizi,2026-09-01,0.608,0.461,0.783,0.542,0.674,rt,
nizi,2026-09-02,0.62,0.484,0.783,0.561,0.687,rt,
nizi,2026-09-03,0.635,0.5,0.797,0.576,0.704,rt,
nizi,2026-09-04,0.649,0.509,0.811,0.588,0.716,rt,
nizi,2026-09-05,0.66,0.511,0.839,0.595,0.731,rt,
nizi,2026-09-06,0.668,0.503,0.876,0.597,0.745,rt,
nizi,2026-09-07,0.666,0.485,0.904,0.588,0.75,rt,
nizi,2026-09-08,0.672,0.5,0.881,0.6,0.748,rt,
nizi,2026-09-09,0.674,0.514,0.87,0.608,0.75,rt,
nizi,2026-09-10,0.677,0.52,0.871,0.61,0.757,rt,
nizi,2026-09-11,0.678,0.519,0.871,0.606,0.758,rt,
nizi,2026-09-12,0.675,0.508,0.875,0.598,0.759,rt,
nizi,2026-09-13,0.671,0.488,0.892,0.586,0.759,rt,
nizi,2026-09-14,0.666,0.461,0.928,0.573,0.77,rt,
nizi,2026-09-15,0.681,0.484,0.927,0.593,0.78,rt,
nizi,2026-09-16,0.7,0.501,0.939,0.607,0.795,rt,
nizi,2026-09-17,0.714,0.517,0.973,0.625,0.817,rt,
nizi,2026-09-18,0.733,0.527,1.018,0.64,0.839,rt,
nizi,2026-09-19,0.752,0.525,1.081,0.654,0.863,rt,
nizi,2026-09-20,0.772,0.519,1.158,0.662,0.894,rt,
nizi,2026-09-21,0.797,0.518,1.246,0.673,0.94,rt,
nizi,2026-09-22,0.799,0.515,1.224,0.671,0.942,rt,
nizi,2026-09-23,0.8,0.514,1.223,0.667,0.946,rt,
nizi,2026-09-24,0.799,0.501,1.242,0.663,0.947,rt,
nizi,2026-09-25,0.797,0.489,1.266,0.655,0.954,rt,
nizi,2026-09-26,0.792,0.467,1.295,0.645,0.958,rt,
nizi,2026-09-27,0.789,0.444,1.329,0.629,0.966,rt,
nizi,2026-09-28,0.778,0.404,1.369,0.607,0.971,rt,
nizi,2026-09-29,0.772,0.402,1.347,0.608,0.962,rt,
nizi,2026-09-30,0.765,0.399,1.337,0.6,0.96,rt,
nizi,2026-10-01,0.758,0.385,1.321,0.586,0.952,rt,
nizi,2026-10-02,0.755,0.374,1.355,0.576,0.952,rt,
nizi,2026-10-03,0.751,0.363,1.391,0.568,0.958,rt,
nizi,2026-10-04,0.745,0.344,1.44,0.554,0.964,rt,
nizi,2026-10-05,0.728,0.321,1.505,0.539,0.969,rt,
nizi,2026-10-06,0.741,0.277,1.597,0.521,1.032,rt,
nyankunde,2026-05-03,2.194,1.264,4.048,1.739,2.84,rt,
nyankunde,2026-05-04,2.204,1.233,4.126,1.718,2.837,rt,
nyankunde,2026-05-05,2.208,1.273,3.996,1.745,2.799,rt,
nyankunde,2026-05-06,2.203,1.298,3.919,1.771,2.775,rt,
nyankunde,2026-05-07,2.218,1.317,3.865,1.796,2.767,rt,
nyankunde,2026-05-08,2.204,1.321,3.848,1.801,2.733,rt,
nyankunde,2026-05-09,2.213,1.317,3.84,1.799,2.712,rt,
nyankunde,2026-05-10,2.207,1.304,3.896,1.789,2.72,rt,
nyankunde,2026-05-11,2.117,1.231,3.792,1.716,2.639,rt,
nyankunde,2026-05-12,2.064,1.247,3.566,1.695,2.534,rt,
nyankunde,2026-05-13,2.004,1.24,3.341,1.664,2.448,rt,
nyankunde,2026-05-14,1.958,1.245,3.25,1.633,2.368,rt,
nyankunde,2026-05-15,1.894,1.216,3.15,1.575,2.284,rt,
nyankunde,2026-05-16,1.835,1.176,3.026,1.524,2.233,rt,
nyankunde,2026-05-17,1.785,1.12,2.988,1.474,2.177,rt,
nyankunde,2026-05-18,1.721,1.052,2.955,1.413,2.126,rt,
nyankunde,2026-05-19,1.685,1.077,2.818,1.401,2.043,rt,
nyankunde,2026-05-20,1.653,1.089,2.638,1.386,1.985,rt,
nyankunde,2026-05-21,1.622,1.085,2.531,1.366,1.929,rt,
nyankunde,2026-05-22,1.566,1.069,2.447,1.331,1.862,rt,
nyankunde,2026-05-23,1.51,1.032,2.334,1.298,1.815,rt,
nyankunde,2026-05-24,1.459,0.97,2.264,1.251,1.762,rt,
nyankunde,2026-05-25,1.408,0.903,2.236,1.195,1.723,rt,
nyankunde,2026-05-26,1.403,0.93,2.114,1.197,1.673,rt,
nyankunde,2026-05-27,1.394,0.948,2.039,1.203,1.631,rt,
nyankunde,2026-05-28,1.382,0.959,1.971,1.203,1.605,rt,
nyankunde,2026-05-29,1.387,0.985,1.968,1.205,1.596,rt,
nyankunde,2026-05-30,1.379,0.978,1.974,1.198,1.593,rt,
nyankunde,2026-05-31,1.38,0.966,2.012,1.186,1.6,rt,
nyankunde,2026-06-01,1.378,0.937,2.084,1.178,1.626,rt,
nyankunde,2026-06-02,1.368,0.973,1.975,1.191,1.588,rt,
nyankunde,2026-06-03,1.359,0.998,1.9,1.199,1.565,rt,
nyankunde,2026-06-04,1.345,1.002,1.844,1.188,1.536,rt,
nyankunde,2026-06-05,1.325,0.994,1.809,1.171,1.505,rt,
nyankunde,2026-06-06,1.297,0.955,1.775,1.137,1.47,rt,
nyankunde,2026-06-07,1.254,0.896,1.759,1.092,1.442,rt,
nyankunde,2026-06-08,1.214,0.839,1.769,1.042,1.412,rt,
nyankunde,2026-06-09,1.16,0.823,1.615,1.002,1.326,rt,
nyankunde,2026-06-10,1.097,0.795,1.492,0.962,1.243,rt,
nyankunde,2026-06-11,1.042,0.752,1.395,0.918,1.176,rt,
nyankunde,2026-06-12,0.99,0.711,1.326,0.871,1.117,rt,
nyankunde,2026-06-13,0.937,0.664,1.266,0.819,1.068,rt,
nyankunde,2026-06-14,0.887,0.612,1.228,0.767,1.021,rt,
nyankunde,2026-06-15,0.838,0.555,1.203,0.709,0.976,rt,
nyankunde,2026-06-16,0.802,0.54,1.12,0.687,0.923,rt,
nyankunde,2026-06-17,0.766,0.527,1.053,0.663,0.874,rt,
nyankunde,2026-06-18,0.729,0.51,0.995,0.637,0.833,rt,
nyankunde,2026-06-19,0.698,0.49,0.952,0.611,0.8,rt,
nyankunde,2026-06-20,0.67,0.468,0.922,0.581,0.77,rt,
nyankunde,2026-06-21,0.64,0.441,0.906,0.551,0.741,rt,
nyankunde,2026-06-22,0.623,0.412,0.907,0.525,0.727,rt,
nyankunde,2026-06-23,0.622,0.424,0.877,0.532,0.719,rt,
nyankunde,2026-06-24,0.621,0.43,0.859,0.534,0.708,rt,
nyankunde,2026-06-25,0.617,0.43,0.847,0.533,0.704,rt,
nyankunde,2026-06-26,0.613,0.425,0.839,0.529,0.699,rt,
nyankunde,2026-06-27,0.607,0.413,0.847,0.521,0.697,rt,
nyankunde,2026-06-28,0.603,0.396,0.856,0.51,0.695,rt,
nyankunde,2026-06-29,0.583,0.369,0.861,0.486,0.685,rt,
nyankunde,2026-06-30,0.587,0.382,0.834,0.5,0.678,rt,
nyankunde,2026-07-01,0.591,0.399,0.814,0.509,0.676,rt,
nyankunde,2026-07-02,0.594,0.414,0.81,0.517,0.674,rt,
nyankunde,2026-07-03,0.598,0.421,0.816,0.522,0.678,rt,
nyankunde,2026-07-04,0.604,0.421,0.83,0.522,0.685,rt,
nyankunde,2026-07-05,0.608,0.418,0.855,0.518,0.698,rt,
nyankunde,2026-07-06,0.616,0.408,0.895,0.519,0.719,rt,
nyankunde,2026-07-07,0.635,0.434,0.899,0.544,0.733,rt,
nyankunde,2026-07-08,0.652,0.457,0.905,0.565,0.748,rt,
nyankunde,2026-07-09,0.673,0.475,0.919,0.585,0.769,rt,
nyankunde,2026-07-10,0.694,0.49,0.946,0.604,0.79,rt,
nyankunde,2026-07-11,0.712,0.502,0.989,0.621,0.82,rt,
nyankunde,2026-07-12,0.732,0.508,1.039,0.634,0.846,rt,
nyankunde,2026-07-13,0.747,0.501,1.093,0.64,0.875,rt,
nyankunde,2026-07-14,0.754,0.513,1.064,0.646,0.87,rt,
nyankunde,2026-07-15,0.755,0.526,1.044,0.651,0.868,rt,
nyankunde,2026-07-16,0.76,0.533,1.043,0.656,0.868,rt,
nyankunde,2026-07-17,0.761,0.537,1.062,0.66,0.875,rt,
nyankunde,2026-07-18,0.765,0.535,1.075,0.659,0.887,rt,
nyankunde,2026-07-19,0.77,0.525,1.104,0.658,0.896,rt,
nyankunde,2026-07-20,0.774,0.507,1.152,0.65,0.91,rt,
nyankunde,2026-07-21,0.774,0.516,1.114,0.655,0.899,rt,
nyankunde,2026-07-22,0.773,0.53,1.089,0.659,0.885,rt,
nyankunde,2026-07-23,0.767,0.533,1.067,0.659,0.876,rt,
nyankunde,2026-07-24,0.762,0.53,1.058,0.657,0.872,rt,
nyankunde,2026-07-25,0.756,0.515,1.068,0.651,0.871,rt,
nyankunde,2026-07-26,0.752,0.503,1.079,0.638,0.873,rt,
nyankunde,2026-07-27,0.749,0.48,1.107,0.626,0.883,rt,
nyankunde,2026-07-28,0.749,0.497,1.071,0.635,0.871,rt,
nyankunde,2026-07-29,0.745,0.504,1.042,0.643,0.855,rt,
nyankunde,2026-07-30,0.744,0.51,1.043,0.644,0.852,rt,
nyankunde,2026-07-31,0.732,0.509,1.031,0.638,0.842,rt,
nyankunde,2026-08-01,0.719,0.493,1.03,0.626,0.83,rt,
nyankunde,2026-08-02,0.708,0.478,1.043,0.607,0.821,rt,
nyankunde,2026-08-03,0.699,0.453,1.059,0.588,0.819,rt,
nyankunde,2026-08-04,0.698,0.469,1.029,0.596,0.816,rt,
nyankunde,2026-08-05,0.702,0.48,1.013,0.604,0.818,rt,
nyankunde,2026-08-06,0.706,0.482,1.0,0.607,0.819,rt,
nyankunde,2026-08-07,0.705,0.479,0.996,0.604,0.82,rt,
nyankunde,2026-08-08,0.706,0.47,1.008,0.601,0.822,rt,
nyankunde,2026-08-09,0.703,0.458,1.031,0.595,0.826,rt,
nyankunde,2026-08-10,0.696,0.434,1.061,0.578,0.828,rt,
nyankunde,2026-08-11,0.697,0.45,1.03,0.59,0.818,rt,
nyankunde,2026-08-12,0.705,0.46,1.008,0.596,0.813,rt,
nyankunde,2026-08-13,0.709,0.462,1.007,0.595,0.814,rt,
nyankunde,2026-08-14,0.71,0.458,1.014,0.596,0.816,rt,
nyankunde,2026-08-15,0.706,0.451,1.036,0.597,0.823,rt,
nyankunde,2026-08-16,0.708,0.443,1.069,0.593,0.832,rt,
nyankunde,2026-08-17,0.712,0.438,1.113,0.59,0.85,rt,
nyankunde,2026-08-18,0.72,0.461,1.082,0.602,0.851,rt,
nyankunde,2026-08-19,0.725,0.475,1.059,0.617,0.853,rt,
nyankunde,2026-08-20,0.732,0.486,1.057,0.628,0.855,rt,
nyankunde,2026-08-21,0.743,0.493,1.073,0.636,0.862,rt,
nyankunde,2026-08-22,0.749,0.493,1.093,0.636,0.872,rt,
nyankunde,2026-08-23,0.755,0.492,1.112,0.636,0.884,rt,
nyankunde,2026-08-24,0.766,0.488,1.173,0.637,0.912,rt,
nyankunde,2026-08-25,0.786,0.514,1.163,0.661,0.927,rt,
nyankunde,2026-08-26,0.801,0.531,1.181,0.682,0.94,rt,
nyankunde,2026-08-27,0.816,0.541,1.191,0.697,0.958,rt,
nyankunde,2026-08-28,0.832,0.55,1.215,0.706,0.97,rt,
nyankunde,2026-08-29,0.839,0.551,1.254,0.713,0.989,rt,
nyankunde,2026-08-30,0.847,0.544,1.301,0.712,1.014,rt,
nyankunde,2026-08-31,0.841,0.527,1.328,0.698,1.023,rt,
nyankunde,2026-09-01,0.867,0.556,1.334,0.72,1.04,rt,
nyankunde,2026-09-02,0.892,0.575,1.339,0.747,1.052,rt,
nyankunde,2026-09-03,0.909,0.589,1.353,0.765,1.079,rt,
nyankunde,2026-09-04,0.928,0.595,1.389,0.776,1.096,rt,
nyankunde,2026-09-05,0.945,0.596,1.442,0.783,1.119,rt,
nyankunde,2026-09-06,0.952,0.594,1.527,0.782,1.141,rt,
nyankunde,2026-09-07,0.948,0.571,1.553,0.768,1.151,rt,
nyankunde,2026-09-08,0.938,0.583,1.495,0.771,1.132,rt,
nyankunde,2026-09-09,0.925,0.59,1.426,0.77,1.111,rt,
nyankunde,2026-09-10,0.914,0.586,1.393,0.766,1.099,rt,
nyankunde,2026-09-11,0.897,0.58,1.366,0.756,1.077,rt,
nyankunde,2026-09-12,0.878,0.561,1.361,0.734,1.057,rt,
nyankunde,2026-09-13,0.855,0.534,1.347,0.707,1.034,rt,
nyankunde,2026-09-14,0.838,0.505,1.361,0.681,1.026,rt,
nyankunde,2026-09-15,0.833,0.51,1.335,0.68,1.018,rt,
nyankunde,2026-09-16,0.831,0.512,1.328,0.677,1.013,rt,
nyankunde,2026-09-17,0.83,0.505,1.318,0.676,1.015,rt,
nyankunde,2026-09-18,0.827,0.5,1.338,0.671,1.015,rt,
nyankunde,2026-09-19,0.822,0.492,1.365,0.665,1.021,rt,
nyankunde,2026-09-20,0.822,0.473,1.393,0.654,1.025,rt,
nyankunde,2026-09-21,0.824,0.454,1.475,0.648,1.036,rt,
nyankunde,2026-09-22,0.82,0.459,1.43,0.649,1.026,rt,
nyankunde,2026-09-23,0.813,0.452,1.41,0.65,1.016,rt,
nyankunde,2026-09-24,0.808,0.451,1.41,0.644,1.018,rt,
nyankunde,2026-09-25,0.805,0.442,1.412,0.637,1.011,rt,
nyankunde,2026-09-26,0.793,0.43,1.425,0.627,1.008,rt,
nyankunde,2026-09-27,0.781,0.419,1.448,0.61,1.006,rt,
nyankunde,2026-09-28,0.765,0.395,1.454,0.592,1.006,rt,
nyankunde,2026-09-29,0.765,0.403,1.445,0.591,0.993,rt,
nyankunde,2026-09-30,0.759,0.404,1.439,0.585,0.989,rt,
nyankunde,2026-10-01,0.751,0.391,1.427,0.576,0.986,rt,
nyankunde,2026-10-02,0.746,0.383,1.441,0.569,0.996,rt,
nyankunde,2026-10-03,0.745,0.365,1.484,0.566,1.008,rt,
nyankunde,2026-10-04,0.742,0.349,1.526,0.557,1.016,rt,
nyankunde,2026-10-05,0.736,0.332,1.585,0.545,1.02,rt,
nyankunde,2026-10-06,0.746,0.318,1.671,0.534,1.043,rt,
rimba,2026-07-22,1.125,1.006,1.262,1.076,1.178,rt,
rimba,2026-07-23,1.12,1.002,1.254,1.069,1.173,rt,
rimba,2026-07-24,1.116,1.0,1.245,1.066,1.165,rt,
rimba,2026-07-25,1.11,0.993,1.237,1.06,1.16,rt,
rimba,2026-07-26,1.101,0.977,1.234,1.049,1.154,rt,
rimba,2026-07-27,1.098,0.964,1.24,1.043,1.154,rt,
rimba,2026-07-28,1.097,0.968,1.227,1.046,1.15,rt,
rimba,2026-07-29,1.094,0.966,1.217,1.045,1.147,rt,
rimba,2026-07-30,1.091,0.964,1.216,1.042,1.142,rt,
rimba,2026-07-31,1.076,0.955,1.196,1.029,1.124,rt,
rimba,2026-08-01,1.062,0.942,1.177,1.013,1.106,rt,
rimba,2026-08-02,1.045,0.922,1.168,0.996,1.094,rt,
rimba,2026-08-03,1.023,0.893,1.155,0.973,1.075,rt,
rimba,2026-08-04,1.015,0.895,1.138,0.967,1.065,rt,
rimba,2026-08-05,1.007,0.889,1.125,0.961,1.055,rt,
rimba,2026-08-06,1.0,0.882,1.118,0.951,1.048,rt,
rimba,2026-08-07,0.986,0.874,1.099,0.941,1.031,rt,
rimba,2026-08-08,0.971,0.862,1.084,0.929,1.017,rt,
rimba,2026-08-09,0.958,0.845,1.072,0.912,1.002,rt,
rimba,2026-08-10,0.938,0.818,1.058,0.889,0.983,rt,
rimba,2026-08-11,0.927,0.817,1.04,0.883,0.972,rt,
rimba,2026-08-12,0.919,0.812,1.021,0.875,0.96,rt,
rimba,2026-08-13,0.91,0.807,1.01,0.867,0.95,rt,
rimba,2026-08-14,0.903,0.804,0.999,0.861,0.942,rt,
rimba,2026-08-15,0.894,0.794,0.996,0.855,0.934,rt,
rimba,2026-08-16,0.886,0.783,0.991,0.845,0.926,rt,
rimba,2026-08-17,0.883,0.775,0.993,0.84,0.926,rt,
rimba,2026-08-18,0.886,0.782,0.993,0.844,0.929,rt,
rimba,2026-08-19,0.888,0.787,0.995,0.844,0.932,rt,
rimba,2026-08-20,0.889,0.786,1.002,0.846,0.935,rt,
rimba,2026-08-21,0.894,0.793,1.003,0.852,0.937,rt,
rimba,2026-08-22,0.897,0.795,1.006,0.854,0.939,rt,
rimba,2026-08-23,0.899,0.792,1.01,0.853,0.943,rt,
rimba,2026-08-24,0.908,0.797,1.029,0.859,0.955,rt,
rimba,2026-08-25,0.926,0.818,1.044,0.88,0.974,rt,
rimba,2026-08-26,0.942,0.836,1.061,0.897,0.992,rt,
rimba,2026-08-27,0.96,0.85,1.08,0.913,1.009,rt,
rimba,2026-08-28,0.971,0.864,1.09,0.926,1.019,rt,
rimba,2026-08-29,0.981,0.871,1.098,0.936,1.027,rt,
rimba,2026-08-30,0.988,0.875,1.105,0.943,1.035,rt,
rimba,2026-08-31,0.983,0.864,1.105,0.937,1.032,rt,
rimba,2026-09-01,0.989,0.875,1.107,0.945,1.039,rt,
rimba,2026-09-02,0.995,0.882,1.115,0.95,1.046,rt,
rimba,2026-09-03,1.001,0.887,1.122,0.952,1.052,rt,
rimba,2026-09-04,1.003,0.896,1.121,0.957,1.051,rt,
rimba,2026-09-05,1.004,0.896,1.116,0.958,1.049,rt,
rimba,2026-09-06,0.999,0.888,1.119,0.952,1.047,rt,
rimba,2026-09-07,0.979,0.864,1.102,0.929,1.031,rt,
rimba,2026-09-08,0.968,0.852,1.089,0.916,1.018,rt,
rimba,2026-09-09,0.952,0.837,1.075,0.901,1.003,rt,
rimba,2026-09-10,0.937,0.818,1.063,0.885,0.988,rt,
rimba,2026-09-11,0.914,0.8,1.035,0.866,0.964,rt,
rimba,2026-09-12,0.891,0.777,1.011,0.845,0.94,rt,
rimba,2026-09-13,0.867,0.749,0.993,0.818,0.917,rt,
rimba,2026-09-14,0.847,0.719,0.978,0.794,0.901,rt,
rimba,2026-09-15,0.841,0.715,0.975,0.789,0.896,rt,
rimba,2026-09-16,0.838,0.711,0.972,0.785,0.893,rt,
rimba,2026-09-17,0.834,0.705,0.975,0.781,0.891,rt,
rimba,2026-09-18,0.832,0.7,0.982,0.776,0.89,rt,
rimba,2026-09-19,0.828,0.688,0.989,0.771,0.892,rt,
rimba,2026-09-20,0.826,0.678,0.994,0.762,0.893,rt,
rimba,2026-09-21,0.826,0.668,1.011,0.76,0.903,rt,
rimba,2026-09-22,0.827,0.665,1.015,0.76,0.906,rt,
rimba,2026-09-23,0.828,0.658,1.022,0.755,0.91,rt,
rimba,2026-09-24,0.83,0.65,1.034,0.753,0.914,rt,
rimba,2026-09-25,0.829,0.641,1.037,0.747,0.915,rt,
rimba,2026-09-26,0.827,0.631,1.054,0.743,0.917,rt,
rimba,2026-09-27,0.824,0.618,1.068,0.733,0.917,rt,
rimba,2026-09-28,0.814,0.599,1.077,0.721,0.914,rt,
rimba,2026-09-29,0.814,0.592,1.08,0.715,0.914,rt,
rimba,2026-09-30,0.811,0.584,1.082,0.709,0.915,rt,
rimba,2026-10-01,0.806,0.575,1.086,0.704,0.914,rt,
rimba,2026-10-02,0.804,0.569,1.104,0.704,0.92,rt,
rimba,2026-10-03,0.801,0.552,1.132,0.695,0.926,rt,
rimba,2026-10-04,0.802,0.534,1.161,0.689,0.936,rt,
rimba,2026-10-05,0.799,0.514,1.19,0.678,0.947,rt,
rimba,2026-10-06,0.82,0.513,1.2,0.688,0.963,rt,
rwampara,2026-04-20,2.715,1.666,6.37,2.131,3.549,rt,
rwampara,2026-04-21,2.684,1.695,5.994,2.142,3.472,rt,
rwampara,2026-04-22,2.644,1.718,5.709,2.134,3.409,rt,
rwampara,2026-04-23,2.609,1.728,5.454,2.129,3.323,rt,
rwampara,2026-04-24,2.608,1.745,5.241,2.142,3.273,rt,
rwampara,2026-04-25,2.604,1.76,5.08,2.144,3.239,rt,
rwampara,2026-04-26,2.598,1.768,4.907,2.15,3.182,rt,
rwampara,2026-04-27,2.571,1.735,4.791,2.139,3.142,rt,
rwampara,2026-04-28,2.537,1.748,4.57,2.136,3.101,rt,
rwampara,2026-04-29,2.514,1.748,4.443,2.142,3.077,rt,
rwampara,2026-04-30,2.506,1.762,4.268,2.143,3.038,rt,
rwampara,2026-05-01,2.504,1.755,4.144,2.155,3.022,rt,
rwampara,2026-05-02,2.518,1.761,4.074,2.157,3.009,rt,
rwampara,2026-05-03,2.492,1.754,4.021,2.156,2.995,rt,
rwampara,2026-05-04,2.478,1.709,4.005,2.132,2.986,rt,
rwampara,2026-05-05,2.463,1.735,3.876,2.144,2.945,rt,
rwampara,2026-05-06,2.457,1.759,3.801,2.146,2.894,rt,
rwampara,2026-05-07,2.452,1.77,3.707,2.142,2.866,rt,
rwampara,2026-05-08,2.436,1.772,3.624,2.122,2.831,rt,
rwampara,2026-05-09,2.413,1.767,3.576,2.101,2.781,rt,
rwampara,2026-05-10,2.38,1.739,3.55,2.072,2.749,rt,
rwampara,2026-05-11,2.282,1.656,3.409,1.976,2.635,rt,
rwampara,2026-05-12,2.192,1.623,3.201,1.919,2.52,rt,
rwampara,2026-05-13,2.106,1.58,3.008,1.861,2.409,rt,
rwampara,2026-05-14,2.032,1.537,2.87,1.805,2.314,rt,
rwampara,2026-05-15,1.945,1.492,2.712,1.734,2.21,rt,
rwampara,2026-05-16,1.862,1.425,2.555,1.655,2.118,rt,
rwampara,2026-05-17,1.786,1.359,2.451,1.586,2.031,rt,
rwampara,2026-05-18,1.709,1.271,2.372,1.501,1.954,rt,
rwampara,2026-05-19,1.635,1.242,2.21,1.446,1.856,rt,
rwampara,2026-05-20,1.561,1.196,2.081,1.397,1.765,rt,
rwampara,2026-05-21,1.498,1.157,1.961,1.343,1.675,rt,
rwampara,2026-05-22,1.421,1.076,1.859,1.274,1.582,rt,
rwampara,2026-05-23,1.346,1.009,1.754,1.199,1.499,rt,
rwampara,2026-05-24,1.276,0.928,1.698,1.125,1.436,rt,
rwampara,2026-05-25,1.197,0.827,1.648,1.049,1.375,rt,
rwampara,2026-05-26,1.189,0.859,1.583,1.054,1.349,rt,
rwampara,2026-05-27,1.181,0.88,1.527,1.062,1.323,rt,
rwampara,2026-05-28,1.173,0.89,1.502,1.063,1.305,rt,
rwampara,2026-05-29,1.177,0.909,1.481,1.07,1.295,rt,
rwampara,2026-05-30,1.177,0.909,1.482,1.066,1.301,rt,
rwampara,2026-05-31,1.176,0.886,1.499,1.064,1.313,rt,
rwampara,2026-06-01,1.183,0.864,1.542,1.056,1.332,rt,
rwampara,2026-06-02,1.236,0.948,1.558,1.122,1.368,rt,
rwampara,2026-06-03,1.286,1.031,1.576,1.179,1.401,rt,
rwampara,2026-06-04,1.334,1.089,1.611,1.234,1.446,rt,
rwampara,2026-06-05,1.372,1.142,1.653,1.276,1.481,rt,
rwampara,2026-06-06,1.402,1.164,1.717,1.303,1.514,rt,
rwampara,2026-06-07,1.423,1.172,1.774,1.319,1.55,rt,
rwampara,2026-06-08,1.443,1.168,1.827,1.327,1.585,rt,
rwampara,2026-06-09,1.423,1.182,1.753,1.321,1.551,rt,
rwampara,2026-06-10,1.409,1.186,1.69,1.31,1.517,rt,
rwampara,2026-06-11,1.386,1.182,1.643,1.293,1.489,rt,
rwampara,2026-06-12,1.369,1.171,1.62,1.276,1.464,rt,
rwampara,2026-06-13,1.345,1.137,1.608,1.255,1.442,rt,
rwampara,2026-06-14,1.32,1.089,1.618,1.223,1.425,rt,
rwampara,2026-06-15,1.297,1.039,1.632,1.186,1.412,rt,
rwampara,2026-06-16,1.256,1.032,1.533,1.162,1.352,rt,
rwampara,2026-06-17,1.211,1.015,1.457,1.132,1.303,rt,
rwampara,2026-06-18,1.172,0.984,1.389,1.097,1.258,rt,
rwampara,2026-06-19,1.137,0.961,1.345,1.067,1.221,rt,
rwampara,2026-06-20,1.103,0.92,1.317,1.028,1.187,rt,
rwampara,2026-06-21,1.069,0.869,1.298,0.986,1.156,rt,
rwampara,2026-06-22,1.052,0.825,1.312,0.958,1.152,rt,
rwampara,2026-06-23,1.068,0.861,1.301,0.982,1.159,rt,
rwampara,2026-06-24,1.086,0.897,1.291,1.006,1.17,rt,
rwampara,2026-06-25,1.103,0.922,1.293,1.027,1.183,rt,
rwampara,2026-06-26,1.115,0.935,1.3,1.038,1.191,rt,
rwampara,2026-06-27,1.127,0.934,1.326,1.045,1.204,rt,
rwampara,2026-06-28,1.139,0.93,1.352,1.049,1.222,rt,
rwampara,2026-06-29,1.122,0.896,1.369,1.026,1.217,rt,
rwampara,2026-06-30,1.126,0.923,1.34,1.039,1.207,rt,
rwampara,2026-07-01,1.13,0.941,1.323,1.053,1.202,rt,
rwampara,2026-07-02,1.133,0.953,1.314,1.064,1.205,rt,
rwampara,2026-07-03,1.136,0.965,1.321,1.067,1.209,rt,
rwampara,2026-07-04,1.142,0.963,1.341,1.068,1.219,rt,
rwampara,2026-07-05,1.147,0.947,1.377,1.063,1.234,rt,
rwampara,2026-07-06,1.164,0.932,1.436,1.063,1.26,rt,
rwampara,2026-07-07,1.162,0.962,1.398,1.073,1.248,rt,
rwampara,2026-07-08,1.165,0.985,1.371,1.083,1.239,rt,
rwampara,2026-07-09,1.165,0.992,1.363,1.092,1.237,rt,
rwampara,2026-07-10,1.165,0.987,1.363,1.094,1.24,rt,
rwampara,2026-07-11,1.163,0.982,1.382,1.088,1.243,rt,
rwampara,2026-07-12,1.164,0.963,1.413,1.076,1.252,rt,
rwampara,2026-07-13,1.155,0.93,1.441,1.053,1.26,rt,
rwampara,2026-07-14,1.127,0.931,1.38,1.041,1.223,rt,
rwampara,2026-07-15,1.103,0.923,1.326,1.026,1.188,rt,
rwampara,2026-07-16,1.077,0.911,1.285,1.009,1.156,rt,
rwampara,2026-07-17,1.06,0.891,1.264,0.99,1.138,rt,
rwampara,2026-07-18,1.039,0.862,1.256,0.966,1.12,rt,
rwampara,2026-07-19,1.02,0.822,1.254,0.938,1.104,rt,
rwampara,2026-07-20,0.996,0.78,1.271,0.906,1.094,rt,
rwampara,2026-07-21,0.976,0.783,1.212,0.895,1.058,rt,
rwampara,2026-07-22,0.955,0.778,1.16,0.88,1.027,rt,
rwampara,2026-07-23,0.932,0.768,1.121,0.863,0.999,rt,
rwampara,2026-07-24,0.91,0.747,1.082,0.84,0.976,rt,
rwampara,2026-07-25,0.885,0.721,1.058,0.816,0.954,rt,
rwampara,2026-07-26,0.858,0.689,1.047,0.788,0.933,rt,
rwampara,2026-07-27,0.84,0.652,1.052,0.759,0.921,rt,
rwampara,2026-07-28,0.828,0.66,1.015,0.759,0.901,rt,
rwampara,2026-07-29,0.817,0.665,0.984,0.755,0.882,rt,
rwampara,2026-07-30,0.805,0.659,0.959,0.748,0.864,rt,
rwampara,2026-07-31,0.785,0.647,0.935,0.728,0.843,rt,
rwampara,2026-08-01,0.764,0.623,0.92,0.704,0.827,rt,
rwampara,2026-08-02,0.743,0.594,0.911,0.675,0.812,rt,
rwampara,2026-08-03,0.72,0.554,0.907,0.646,0.795,rt,
rwampara,2026-08-04,0.714,0.559,0.883,0.646,0.781,rt,
rwampara,2026-08-05,0.706,0.561,0.867,0.645,0.768,rt,
rwampara,2026-08-06,0.699,0.56,0.856,0.638,0.76,rt,
rwampara,2026-08-07,0.688,0.551,0.834,0.629,0.747,rt,
rwampara,2026-08-08,0.679,0.535,0.831,0.617,0.74,rt,
rwampara,2026-08-09,0.665,0.512,0.833,0.601,0.734,rt,
rwampara,2026-08-10,0.649,0.486,0.835,0.58,0.722,rt,
rwampara,2026-08-11,0.647,0.499,0.812,0.585,0.714,rt,
rwampara,2026-08-12,0.644,0.509,0.793,0.588,0.706,rt,
rwampara,2026-08-13,0.645,0.511,0.787,0.591,0.702,rt,
rwampara,2026-08-14,0.645,0.513,0.788,0.591,0.7,rt,
rwampara,2026-08-15,0.646,0.506,0.794,0.588,0.702,rt,
rwampara,2026-08-16,0.645,0.49,0.808,0.581,0.71,rt,
rwampara,2026-08-17,0.65,0.477,0.835,0.576,0.721,rt,
rwampara,2026-08-18,0.662,0.495,0.83,0.594,0.729,rt,
rwampara,2026-08-19,0.673,0.515,0.834,0.609,0.739,rt,
rwampara,2026-08-20,0.686,0.528,0.848,0.623,0.75,rt,
rwampara,2026-08-21,0.698,0.544,0.867,0.639,0.763,rt,
rwampara,2026-08-22,0.711,0.552,0.887,0.651,0.78,rt,
rwampara,2026-08-23,0.725,0.557,0.924,0.655,0.795,rt,
rwampara,2026-08-24,0.744,0.561,0.969,0.664,0.822,rt,
rwampara,2026-08-25,0.77,0.594,0.972,0.696,0.842,rt,
rwampara,2026-08-26,0.795,0.626,0.983,0.725,0.863,rt,
rwampara,2026-08-27,0.818,0.652,0.998,0.751,0.89,rt,
rwampara,2026-08-28,0.84,0.674,1.022,0.771,0.913,rt,
rwampara,2026-08-29,0.858,0.69,1.053,0.785,0.936,rt,
rwampara,2026-08-30,0.875,0.69,1.094,0.794,0.96,rt,
rwampara,2026-08-31,0.88,0.671,1.135,0.789,0.983,rt,
rwampara,2026-09-01,0.908,0.711,1.144,0.82,0.995,rt,
rwampara,2026-09-02,0.933,0.749,1.15,0.852,1.018,rt,
rwampara,2026-09-03,0.959,0.779,1.167,0.878,1.039,rt,
rwampara,2026-09-04,0.981,0.8,1.186,0.901,1.06,rt,
rwampara,2026-09-05,1.002,0.805,1.231,0.92,1.084,rt,
rwampara,2026-09-06,1.016,0.801,1.279,0.926,1.114,rt,
rwampara,2026-09-07,1.017,0.769,1.321,0.911,1.129,rt,
rwampara,2026-09-08,1.014,0.789,1.287,0.92,1.116,rt,
rwampara,2026-09-09,1.009,0.804,1.259,0.922,1.108,rt,
rwampara,2026-09-10,1.006,0.804,1.241,0.914,1.099,rt,
rwampara,2026-09-11,0.99,0.794,1.225,0.903,1.09,rt,
rwampara,2026-09-12,0.975,0.765,1.227,0.886,1.081,rt,
rwampara,2026-09-13,0.954,0.723,1.233,0.86,1.073,rt,
rwampara,2026-09-14,0.939,0.678,1.257,0.835,1.067,rt,
rwampara,2026-09-15,0.944,0.701,1.244,0.841,1.063,rt,
rwampara,2026-09-16,0.952,0.718,1.24,0.849,1.059,rt,
rwampara,2026-09-17,0.956,0.721,1.246,0.853,1.068,rt,
rwampara,2026-09-18,0.962,0.71,1.267,0.853,1.085,rt,
rwampara,2026-09-19,0.968,0.704,1.317,0.852,1.105,rt,
rwampara,2026-09-20,0.979,0.677,1.37,0.845,1.124,rt,
rwampara,2026-09-21,0.988,0.66,1.449,0.84,1.16,rt,
rwampara,2026-09-22,0.977,0.651,1.434,0.834,1.144,rt,
rwampara,2026-09-23,0.974,0.633,1.419,0.822,1.137,rt,
rwampara,2026-09-24,0.968,0.61,1.423,0.805,1.128,rt,
rwampara,2026-09-25,0.954,0.587,1.419,0.783,1.124,rt,
rwampara,2026-09-26,0.941,0.559,1.438,0.756,1.128,rt,
rwampara,2026-09-27,0.929,0.516,1.459,0.731,1.129,rt,
rwampara,2026-09-28,0.906,0.47,1.484,0.699,1.125,rt,
rwampara,2026-09-29,0.893,0.464,1.468,0.695,1.111,rt,
rwampara,2026-09-30,0.887,0.446,1.449,0.68,1.102,rt,
rwampara,2026-10-01,0.871,0.425,1.452,0.672,1.098,rt,
rwampara,2026-10-02,0.871,0.407,1.468,0.652,1.103,rt,
rwampara,2026-10-03,0.862,0.383,1.507,0.635,1.109,rt,
rwampara,2026-10-04,0.853,0.357,1.561,0.615,1.113,rt,
rwampara,2026-10-05,0.842,0.336,1.609,0.593,1.13,rt,
rwampara,2026-10-06,0.804,0.296,1.634,0.565,1.134,rt,
tchomia,2026-06-09,2.231,1.511,3.341,1.875,2.615,rt,
tchomia,2026-06-10,2.15,1.502,3.143,1.85,2.527,rt,
tchomia,2026-06-11,2.082,1.47,3.031,1.811,2.42,rt,
tchomia,2026-06-12,2.03,1.428,2.928,1.75,2.363,rt,
tchomia,2026-06-13,1.968,1.365,2.886,1.682,2.287,rt,
tchomia,2026-06-14,1.916,1.3,2.852,1.618,2.234,rt,
tchomia,2026-06-15,1.852,1.223,2.862,1.541,2.176,rt,
tchomia,2026-06-16,1.769,1.208,2.611,1.496,2.043,rt,
tchomia,2026-06-17,1.687,1.171,2.41,1.445,1.936,rt,
tchomia,2026-06-18,1.605,1.139,2.243,1.386,1.841,rt,
tchomia,2026-06-19,1.527,1.097,2.143,1.327,1.756,rt,
tchomia,2026-06-20,1.461,1.041,2.06,1.266,1.686,rt,
tchomia,2026-06-21,1.396,0.971,2.005,1.198,1.622,rt,
tchomia,2026-06-22,1.358,0.914,1.979,1.153,1.587,rt,
tchomia,2026-06-23,1.351,0.933,1.895,1.159,1.556,rt,
tchomia,2026-06-24,1.338,0.954,1.831,1.166,1.534,rt,
tchomia,2026-06-25,1.326,0.965,1.8,1.168,1.514,rt,
tchomia,2026-06-26,1.311,0.948,1.76,1.162,1.495,rt,
tchomia,2026-06-27,1.296,0.926,1.757,1.145,1.479,rt,
tchomia,2026-06-28,1.279,0.895,1.772,1.115,1.465,rt,
tchomia,2026-06-29,1.235,0.842,1.756,1.065,1.432,rt,
tchomia,2026-06-30,1.208,0.841,1.653,1.046,1.378,rt,
tchomia,2026-07-01,1.177,0.841,1.587,1.025,1.332,rt,
tchomia,2026-07-02,1.149,0.837,1.541,1.005,1.293,rt,
tchomia,2026-07-03,1.116,0.813,1.505,0.98,1.259,rt,
tchomia,2026-07-04,1.087,0.775,1.477,0.954,1.23,rt,
tchomia,2026-07-05,1.055,0.737,1.481,0.923,1.216,rt,
tchomia,2026-07-06,1.033,0.698,1.49,0.895,1.211,rt,
tchomia,2026-07-07,1.027,0.717,1.429,0.896,1.187,rt,
tchomia,2026-07-08,1.021,0.731,1.388,0.894,1.158,rt,
tchomia,2026-07-09,1.012,0.732,1.357,0.888,1.144,rt,
tchomia,2026-07-10,1.004,0.729,1.341,0.879,1.132,rt,
tchomia,2026-07-11,0.999,0.708,1.338,0.867,1.125,rt,
tchomia,2026-07-12,0.983,0.692,1.357,0.85,1.119,rt,
tchomia,2026-07-13,0.962,0.657,1.362,0.828,1.11,rt,
tchomia,2026-07-14,0.957,0.673,1.326,0.832,1.091,rt,
tchomia,2026-07-15,0.949,0.675,1.285,0.836,1.077,rt,
tchomia,2026-07-16,0.94,0.674,1.29,0.83,1.066,rt,
tchomia,2026-07-17,0.945,0.674,1.29,0.828,1.065,rt,
tchomia,2026-07-18,0.94,0.665,1.297,0.818,1.068,rt,
tchomia,2026-07-19,0.937,0.649,1.323,0.807,1.078,rt,
tchomia,2026-07-20,0.93,0.624,1.359,0.79,1.087,rt,
tchomia,2026-07-21,0.928,0.651,1.317,0.802,1.069,rt,
tchomia,2026-07-22,0.93,0.665,1.291,0.811,1.058,rt,
tchomia,2026-07-23,0.924,0.669,1.285,0.813,1.051,rt,
tchomia,2026-07-24,0.925,0.673,1.274,0.815,1.043,rt,
tchomia,2026-07-25,0.922,0.662,1.286,0.813,1.048,rt,
tchomia,2026-07-26,0.915,0.641,1.299,0.799,1.048,rt,
tchomia,2026-07-27,0.92,0.627,1.338,0.785,1.062,rt,
tchomia,2026-07-28,0.931,0.648,1.299,0.802,1.059,rt,
tchomia,2026-07-29,0.94,0.671,1.28,0.817,1.064,rt,
tchomia,2026-07-30,0.943,0.688,1.274,0.831,1.066,rt,
tchomia,2026-07-31,0.942,0.692,1.268,0.827,1.062,rt,
tchomia,2026-08-01,0.94,0.685,1.279,0.819,1.058,rt,
tchomia,2026-08-02,0.934,0.666,1.302,0.811,1.063,rt,
tchomia,2026-08-03,0.926,0.632,1.319,0.796,1.069,rt,
tchomia,2026-08-04,0.923,0.642,1.286,0.805,1.05,rt,
tchomia,2026-08-05,0.921,0.649,1.256,0.806,1.041,rt,
tchomia,2026-08-06,0.914,0.649,1.23,0.804,1.035,rt,
tchomia,2026-08-07,0.905,0.644,1.222,0.793,1.031,rt,
tchomia,2026-08-08,0.895,0.63,1.231,0.782,1.022,rt,
tchomia,2026-08-09,0.886,0.606,1.256,0.762,1.019,rt,
tchomia,2026-08-10,0.867,0.571,1.246,0.737,1.012,rt,
tchomia,2026-08-11,0.858,0.581,1.2,0.737,0.992,rt,
tchomia,2026-08-12,0.847,0.597,1.163,0.735,0.97,rt,
tchomia,2026-08-13,0.84,0.594,1.134,0.728,0.957,rt,
tchomia,2026-08-14,0.827,0.588,1.139,0.723,0.946,rt,
tchomia,2026-08-15,0.823,0.577,1.149,0.714,0.945,rt,
tchomia,2026-08-16,0.813,0.56,1.165,0.699,0.942,rt,
tchomia,2026-08-17,0.808,0.539,1.197,0.681,0.951,rt,
tchomia,2026-08-18,0.81,0.558,1.169,0.694,0.939,rt,
tchomia,2026-08-19,0.815,0.574,1.147,0.703,0.937,rt,
tchomia,2026-08-20,0.819,0.582,1.14,0.71,0.933,rt,
tchomia,2026-08-21,0.824,0.583,1.144,0.714,0.938,rt,
tchomia,2026-08-22,0.827,0.569,1.165,0.712,0.946,rt,
tchomia,2026-08-23,0.827,0.56,1.199,0.705,0.951,rt,
tchomia,2026-08-24,0.835,0.548,1.252,0.703,0.971,rt,
tchomia,2026-08-25,0.831,0.553,1.211,0.706,0.963,rt,
tchomia,2026-08-26,0.825,0.558,1.176,0.704,0.949,rt,
tchomia,2026-08-27,0.818,0.552,1.156,0.701,0.943,rt,
tchomia,2026-08-28,0.809,0.543,1.138,0.689,0.937,rt,
tchomia,2026-08-29,0.796,0.523,1.136,0.671,0.931,rt,
tchomia,2026-08-30,0.784,0.499,1.142,0.653,0.921,rt,
tchomia,2026-08-31,0.757,0.466,1.151,0.621,0.906,rt,
tchomia,2026-09-01,0.74,0.465,1.094,0.62,0.874,rt,
tchomia,2026-09-02,0.721,0.462,1.053,0.612,0.847,rt,
tchomia,2026-09-03,0.704,0.453,1.012,0.597,0.825,rt,
tchomia,2026-09-04,0.681,0.439,0.982,0.581,0.806,rt,
tchomia,2026-09-05,0.663,0.427,0.975,0.561,0.785,rt,
tchomia,2026-09-06,0.639,0.405,0.968,0.534,0.765,rt,
tchomia,2026-09-07,0.607,0.372,0.961,0.5,0.736,rt,
tchomia,2026-09-08,0.594,0.37,0.919,0.497,0.717,rt,
tchomia,2026-09-09,0.583,0.372,0.884,0.491,0.699,rt,
tchomia,2026-09-10,0.574,0.364,0.853,0.479,0.68,rt,
tchomia,2026-09-11,0.555,0.348,0.832,0.46,0.66,rt,
tchomia,2026-09-12,0.54,0.332,0.822,0.445,0.641,rt,
tchomia,2026-09-13,0.522,0.316,0.815,0.427,0.623,rt,
tchomia,2026-09-14,0.505,0.293,0.826,0.409,0.608,rt,
tchomia,2026-09-15,0.508,0.298,0.824,0.414,0.613,rt,
tchomia,2026-09-16,0.514,0.301,0.822,0.423,0.622,rt,
tchomia,2026-09-17,0.52,0.304,0.828,0.43,0.632,rt,
tchomia,2026-09-18,0.528,0.304,0.854,0.43,0.642,rt,
tchomia,2026-09-19,0.538,0.3,0.887,0.433,0.655,rt,
tchomia,2026-09-20,0.545,0.295,0.929,0.432,0.673,rt,
tchomia,2026-09-21,0.552,0.293,0.98,0.433,0.695,rt,
tchomia,2026-09-22,0.556,0.298,0.971,0.439,0.702,rt,
tchomia,2026-09-23,0.561,0.304,0.981,0.441,0.709,rt,
tchomia,2026-09-24,0.56,0.3,0.998,0.446,0.724,rt,
tchomia,2026-09-25,0.565,0.301,1.014,0.443,0.728,rt,
tchomia,2026-09-26,0.568,0.3,1.044,0.439,0.733,rt,
tchomia,2026-09-27,0.568,0.291,1.077,0.441,0.74,rt,
tchomia,2026-09-28,0.562,0.278,1.121,0.431,0.745,rt,
tchomia,2026-09-29,0.567,0.286,1.112,0.434,0.748,rt,
tchomia,2026-09-30,0.571,0.284,1.115,0.437,0.746,rt,
tchomia,2026-10-01,0.568,0.284,1.117,0.434,0.751,rt,
tchomia,2026-10-02,0.577,0.284,1.145,0.434,0.772,rt,
tchomia,2026-10-03,0.583,0.279,1.192,0.433,0.792,rt,
tchomia,2026-10-04,0.592,0.274,1.223,0.429,0.8,rt,
tchomia,2026-10-05,0.595,0.265,1.269,0.426,0.816,rt,
tchomia,2026-10-06,0.624,0.261,1.413,0.445,0.873,rt,
alimbongo,2026-09-19,1.068,0.896,1.275,0.988,1.149,rt,
alimbongo,2026-09-20,1.081,0.889,1.307,0.992,1.167,rt,
alimbongo,2026-09-21,1.091,0.882,1.34,0.999,1.182,rt,
alimbongo,2026-09-22,1.099,0.876,1.365,0.999,1.198,rt,
alimbongo,2026-09-23,1.106,0.869,1.392,0.999,1.215,rt,
alimbongo,2026-09-24,1.115,0.86,1.421,1.0,1.234,rt,
alimbongo,2026-09-25,1.123,0.857,1.438,1.004,1.25,rt,
alimbongo,2026-09-26,1.129,0.851,1.472,1.006,1.264,rt,
alimbongo,2026-09-27,1.136,0.847,1.506,1.007,1.282,rt,
alimbongo,2026-09-28,1.127,0.83,1.52,0.991,1.279,rt,
alimbongo,2026-09-29,1.119,0.817,1.532,0.979,1.278,rt,
alimbongo,2026-09-30,1.117,0.803,1.534,0.969,1.277,rt,
alimbongo,2026-10-01,1.116,0.79,1.539,0.959,1.276,rt,
alimbongo,2026-10-02,1.122,0.783,1.575,0.962,1.288,rt,
alimbongo,2026-10-03,1.128,0.775,1.626,0.955,1.31,rt,
alimbongo,2026-10-04,1.134,0.756,1.683,0.95,1.328,rt,
alimbongo,2026-10-05,1.124,0.728,1.716,0.93,1.341,rt,
alimbongo,2026-10-06,1.115,0.736,1.648,0.938,1.312,rt,
beni,2026-05-26,2.226,1.598,3.184,1.956,2.554,rt,
beni,2026-05-27,2.157,1.555,3.038,1.895,2.457,rt,
beni,2026-05-28,2.083,1.525,2.906,1.838,2.368,rt,
beni,2026-05-29,2.004,1.482,2.753,1.788,2.278,rt,
beni,2026-05-30,1.936,1.441,2.64,1.724,2.202,rt,
beni,2026-05-31,1.878,1.381,2.561,1.663,2.135,rt,
beni,2026-06-01,1.821,1.323,2.499,1.604,2.082,rt,
beni,2026-06-02,1.773,1.316,2.377,1.571,2.014,rt,
beni,2026-06-03,1.725,1.299,2.286,1.538,1.946,rt,
beni,2026-06-04,1.678,1.268,2.212,1.497,1.894,rt,
beni,2026-06-05,1.621,1.23,2.122,1.45,1.82,rt,
beni,2026-06-06,1.567,1.191,2.056,1.405,1.762,rt,
beni,2026-06-07,1.519,1.133,2.016,1.346,1.707,rt,
beni,2026-06-08,1.472,1.081,1.995,1.299,1.668,rt,
beni,2026-06-09,1.439,1.068,1.902,1.277,1.616,rt,
beni,2026-06-10,1.402,1.056,1.831,1.246,1.563,rt,
beni,2026-06-11,1.368,1.039,1.771,1.218,1.51,rt,
beni,2026-06-12,1.337,1.032,1.723,1.202,1.482,rt,
beni,2026-06-13,1.308,1.007,1.69,1.179,1.451,rt,
beni,2026-06-14,1.279,0.98,1.68,1.15,1.422,rt,
beni,2026-06-15,1.26,0.951,1.68,1.128,1.416,rt,
beni,2026-06-16,1.247,0.96,1.625,1.119,1.392,rt,
beni,2026-06-17,1.232,0.958,1.57,1.106,1.372,rt,
beni,2026-06-18,1.214,0.947,1.543,1.096,1.354,rt,
beni,2026-06-19,1.199,0.938,1.513,1.084,1.329,rt,
beni,2026-06-20,1.184,0.922,1.503,1.074,1.307,rt,
beni,2026-06-21,1.166,0.898,1.496,1.055,1.294,rt,
beni,2026-06-22,1.169,0.876,1.534,1.047,1.31,rt,
beni,2026-06-23,1.181,0.901,1.516,1.066,1.313,rt,
beni,2026-06-24,1.193,0.921,1.503,1.081,1.317,rt,
beni,2026-06-25,1.201,0.939,1.508,1.09,1.323,rt,
beni,2026-06-26,1.212,0.958,1.506,1.1,1.331,rt,
beni,2026-06-27,1.224,0.967,1.533,1.106,1.341,rt,
beni,2026-06-28,1.235,0.958,1.56,1.113,1.358,rt,
beni,2026-06-29,1.225,0.936,1.591,1.103,1.36,rt,
beni,2026-06-30,1.233,0.96,1.577,1.12,1.356,rt,
beni,2026-07-01,1.24,0.984,1.567,1.139,1.363,rt,
beni,2026-07-02,1.252,1.004,1.575,1.154,1.371,rt,
beni,2026-07-03,1.265,1.016,1.587,1.165,1.377,rt,
beni,2026-07-04,1.276,1.023,1.597,1.169,1.391,rt,
beni,2026-07-05,1.287,1.02,1.637,1.178,1.412,rt,
beni,2026-07-06,1.306,1.015,1.685,1.178,1.441,rt,
beni,2026-07-07,1.321,1.05,1.666,1.2,1.446,rt,
beni,2026-07-08,1.333,1.074,1.662,1.217,1.452,rt,
beni,2026-07-09,1.35,1.091,1.67,1.229,1.469,rt,
beni,2026-07-10,1.36,1.109,1.679,1.248,1.483,rt,
beni,2026-07-11,1.373,1.109,1.703,1.261,1.508,rt,
beni,2026-07-12,1.39,1.104,1.737,1.268,1.526,rt,
beni,2026-07-13,1.407,1.087,1.785,1.271,1.555,rt,
beni,2026-07-14,1.407,1.122,1.757,1.28,1.544,rt,
beni,2026-07-15,1.414,1.146,1.746,1.292,1.537,rt,
beni,2026-07-16,1.413,1.152,1.748,1.298,1.53,rt,
beni,2026-07-17,1.408,1.146,1.731,1.301,1.52,rt,
beni,2026-07-18,1.402,1.135,1.723,1.289,1.524,rt,
beni,2026-07-19,1.396,1.116,1.734,1.273,1.526,rt,
beni,2026-07-20,1.391,1.092,1.769,1.251,1.533,rt,
beni,2026-07-21,1.379,1.103,1.716,1.255,1.505,rt,
beni,2026-07-22,1.367,1.107,1.684,1.25,1.485,rt,
beni,2026-07-23,1.355,1.103,1.665,1.245,1.471,rt,
beni,2026-07-24,1.343,1.101,1.64,1.241,1.455,rt,
beni,2026-07-25,1.335,1.092,1.628,1.232,1.445,rt,
beni,2026-07-26,1.325,1.071,1.644,1.212,1.441,rt,
beni,2026-07-27,1.326,1.053,1.676,1.205,1.453,rt,
beni,2026-07-28,1.331,1.077,1.641,1.217,1.445,rt,
beni,2026-07-29,1.335,1.098,1.624,1.229,1.443,rt,
beni,2026-07-30,1.337,1.108,1.606,1.239,1.441,rt,
beni,2026-07-31,1.344,1.124,1.59,1.249,1.44,rt,
beni,2026-08-01,1.347,1.118,1.609,1.253,1.448,rt,
beni,2026-08-02,1.349,1.108,1.637,1.245,1.456,rt,
beni,2026-08-03,1.357,1.088,1.68,1.237,1.472,rt,
beni,2026-08-04,1.365,1.113,1.668,1.251,1.474,rt,
beni,2026-08-05,1.371,1.127,1.664,1.266,1.477,rt,
beni,2026-08-06,1.38,1.137,1.675,1.277,1.486,rt,
beni,2026-08-07,1.398,1.162,1.689,1.298,1.506,rt,
beni,2026-08-08,1.416,1.175,1.709,1.314,1.536,rt,
beni,2026-08-09,1.438,1.178,1.757,1.328,1.562,rt,
beni,2026-08-10,1.451,1.165,1.8,1.328,1.585,rt,
beni,2026-08-11,1.472,1.21,1.799,1.364,1.593,rt,
beni,2026-08-12,1.495,1.237,1.8,1.388,1.607,rt,
beni,2026-08-13,1.516,1.269,1.809,1.41,1.625,rt,
beni,2026-08-14,1.525,1.283,1.804,1.419,1.628,rt,
beni,2026-08-15,1.531,1.289,1.818,1.428,1.637,rt,
beni,2026-08-16,1.538,1.27,1.849,1.425,1.653,rt,
beni,2026-08-17,1.548,1.252,1.89,1.424,1.68,rt,
beni,2026-08-18,1.573,1.295,1.899,1.455,1.696,rt,
beni,2026-08-19,1.594,1.329,1.916,1.486,1.716,rt,
beni,2026-08-20,1.621,1.357,1.946,1.511,1.742,rt,
beni,2026-08-21,1.632,1.375,1.949,1.525,1.745,rt,
beni,2026-08-22,1.64,1.385,1.953,1.531,1.756,rt,
beni,2026-08-23,1.648,1.382,1.974,1.535,1.772,rt,
beni,2026-08-24,1.645,1.357,1.976,1.527,1.774,rt,
beni,2026-08-25,1.651,1.384,1.96,1.536,1.762,rt,
beni,2026-08-26,1.65,1.403,1.945,1.54,1.755,rt,
beni,2026-08-27,1.65,1.404,1.95,1.537,1.759,rt,
beni,2026-08-28,1.648,1.418,1.939,1.54,1.752,rt,
beni,2026-08-29,1.643,1.416,1.933,1.538,1.747,rt,
beni,2026-08-30,1.634,1.395,1.935,1.533,1.747,rt,
beni,2026-08-31,1.6,1.349,1.923,1.496,1.717,rt,
beni,2026-09-01,1.543,1.315,1.831,1.445,1.652,rt,
beni,2026-09-02,1.489,1.274,1.768,1.398,1.593,rt,
beni,2026-09-03,1.437,1.23,1.71,1.351,1.539,rt,
beni,2026-09-04,1.391,1.195,1.644,1.309,1.481,rt,
beni,2026-09-05,1.346,1.154,1.593,1.266,1.43,rt,
beni,2026-09-06,1.3,1.113,1.539,1.22,1.384,rt,
beni,2026-09-07,1.274,1.083,1.527,1.193,1.363,rt,
beni,2026-09-08,1.229,1.05,1.451,1.154,1.31,rt,
beni,2026-09-09,1.185,1.019,1.389,1.116,1.262,rt,
beni,2026-09-10,1.142,0.979,1.34,1.078,1.218,rt,
beni,2026-09-11,1.1,0.95,1.281,1.04,1.171,rt,
beni,2026-09-12,1.064,0.914,1.236,1.001,1.129,rt,
beni,2026-09-13,1.027,0.87,1.203,0.96,1.095,rt,
beni,2026-09-14,1.013,0.841,1.192,0.944,1.088,rt,
beni,2026-09-15,1.003,0.837,1.185,0.936,1.078,rt,
beni,2026-09-16,0.994,0.826,1.178,0.927,1.069,rt,
beni,2026-09-17,0.985,0.811,1.178,0.915,1.063,rt,
beni,2026-09-18,0.97,0.795,1.172,0.898,1.051,rt,
beni,2026-09-19,0.958,0.767,1.172,0.878,1.041,rt,
beni,2026-09-20,0.944,0.739,1.171,0.858,1.037,rt,
beni,2026-09-21,0.93,0.71,1.181,0.838,1.034,rt,
beni,2026-09-22,0.932,0.705,1.193,0.835,1.042,rt,
beni,2026-09-23,0.938,0.696,1.21,0.833,1.048,rt,
beni,2026-09-24,0.943,0.689,1.229,0.833,1.059,rt,
beni,2026-09-25,0.947,0.685,1.255,0.832,1.066,rt,
beni,2026-09-26,0.951,0.669,1.279,0.829,1.076,rt,
beni,2026-09-27,0.959,0.652,1.311,0.829,1.089,rt,
beni,2026-09-28,0.948,0.628,1.329,0.813,1.082,rt,
beni,2026-09-29,0.943,0.627,1.336,0.808,1.085,rt,
beni,2026-09-30,0.934,0.612,1.345,0.801,1.084,rt,
beni,2026-10-01,0.927,0.604,1.357,0.795,1.089,rt,
beni,2026-10-02,0.938,0.591,1.399,0.797,1.109,rt,
beni,2026-10-03,0.951,0.578,1.449,0.796,1.132,rt,
beni,2026-10-04,0.964,0.565,1.517,0.787,1.153,rt,
beni,2026-10-05,0.957,0.548,1.565,0.775,1.16,rt,
beni,2026-10-06,0.959,0.557,1.535,0.788,1.156,rt,
biena,2026-08-18,1.569,1.39,1.789,1.488,1.65,rt,
biena,2026-08-19,1.572,1.388,1.804,1.49,1.657,rt,
biena,2026-08-20,1.572,1.381,1.817,1.488,1.664,rt,
biena,2026-08-21,1.559,1.381,1.796,1.482,1.645,rt,
biena,2026-08-22,1.542,1.377,1.766,1.472,1.629,rt,
biena,2026-08-23,1.529,1.361,1.751,1.458,1.614,rt,
biena,2026-08-24,1.5,1.332,1.726,1.429,1.587,rt,
biena,2026-08-25,1.468,1.301,1.691,1.398,1.555,rt,
biena,2026-08-26,1.439,1.27,1.661,1.363,1.523,rt,
biena,2026-08-27,1.407,1.238,1.633,1.329,1.495,rt,
biena,2026-08-28,1.373,1.217,1.577,1.302,1.455,rt,
biena,2026-08-29,1.34,1.189,1.533,1.273,1.417,rt,
biena,2026-08-30,1.304,1.155,1.497,1.238,1.381,rt,
biena,2026-08-31,1.251,1.097,1.445,1.185,1.328,rt,
biena,2026-09-01,1.207,1.058,1.395,1.143,1.281,rt,
biena,2026-09-02,1.168,1.019,1.349,1.101,1.238,rt,
biena,2026-09-03,1.128,0.976,1.311,1.064,1.197,rt,
biena,2026-09-04,1.09,0.951,1.248,1.032,1.153,rt,
biena,2026-09-05,1.055,0.922,1.198,1.001,1.111,rt,
biena,2026-09-06,1.021,0.892,1.161,0.968,1.075,rt,
biena,2026-09-07,1.0,0.867,1.145,0.947,1.057,rt,
biena,2026-09-08,0.992,0.868,1.134,0.941,1.046,rt,
biena,2026-09-09,0.986,0.863,1.127,0.933,1.04,rt,
biena,2026-09-10,0.978,0.854,1.12,0.927,1.034,rt,
biena,2026-09-11,0.97,0.854,1.104,0.922,1.022,rt,
biena,2026-09-12,0.963,0.848,1.094,0.913,1.014,rt,
biena,2026-09-13,0.956,0.838,1.093,0.905,1.008,rt,
biena,2026-09-14,0.97,0.842,1.121,0.916,1.027,rt,
biena,2026-09-15,0.984,0.848,1.147,0.928,1.047,rt,
biena,2026-09-16,1.001,0.857,1.173,0.939,1.069,rt,
biena,2026-09-17,1.018,0.864,1.203,0.948,1.089,rt,
biena,2026-09-18,1.027,0.868,1.223,0.957,1.103,rt,
biena,2026-09-19,1.038,0.864,1.245,0.959,1.118,rt,
biena,2026-09-20,1.051,0.86,1.275,0.965,1.136,rt,
biena,2026-09-21,1.062,0.857,1.309,0.971,1.153,rt,
biena,2026-09-22,1.069,0.85,1.335,0.972,1.168,rt,
biena,2026-09-23,1.077,0.838,1.36,0.971,1.186,rt,
biena,2026-09-24,1.085,0.834,1.385,0.971,1.202,rt,
biena,2026-09-25,1.092,0.831,1.402,0.976,1.219,rt,
biena,2026-09-26,1.099,0.823,1.434,0.979,1.234,rt,
biena,2026-09-27,1.104,0.817,1.463,0.979,1.247,rt,
biena,2026-09-28,1.096,0.801,1.484,0.965,1.244,rt,
biena,2026-09-29,1.09,0.787,1.491,0.954,1.246,rt,
biena,2026-09-30,1.088,0.774,1.498,0.941,1.242,rt,
biena,2026-10-01,1.083,0.762,1.505,0.928,1.241,rt,
biena,2026-10-02,1.089,0.757,1.539,0.935,1.255,rt,
biena,2026-10-03,1.094,0.746,1.577,0.928,1.275,rt,
biena,2026-10-04,1.102,0.735,1.643,0.92,1.297,rt,
biena,2026-10-05,1.092,0.706,1.675,0.904,1.302,rt,
biena,2026-10-06,1.074,0.708,1.598,0.907,1.263,rt,
butembo,2026-05-27,2.628,1.998,3.55,2.34,2.935,rt,
butembo,2026-05-28,2.544,1.928,3.429,2.271,2.838,rt,
butembo,2026-05-29,2.449,1.89,3.27,2.197,2.72,rt,
butembo,2026-05-30,2.361,1.85,3.108,2.131,2.623,rt,
butembo,2026-05-31,2.281,1.792,2.993,2.07,2.54,rt,
butembo,2026-06-01,2.212,1.735,2.878,2.01,2.459,rt,
butembo,2026-06-02,2.145,1.693,2.776,1.953,2.368,rt,
butembo,2026-06-03,2.077,1.65,2.678,1.895,2.286,rt,
butembo,2026-06-04,2.017,1.599,2.585,1.839,2.213,rt,
butembo,2026-06-05,1.943,1.549,2.444,1.775,2.118,rt,
butembo,2026-06-06,1.865,1.504,2.333,1.711,2.034,rt,
butembo,2026-06-07,1.787,1.445,2.237,1.653,1.956,rt,
butembo,2026-06-08,1.731,1.398,2.16,1.6,1.888,rt,
butembo,2026-06-09,1.684,1.371,2.073,1.554,1.829,rt,
butembo,2026-06-10,1.638,1.34,2.004,1.511,1.773,rt,
butembo,2026-06-11,1.586,1.303,1.942,1.467,1.726,rt,
butembo,2026-06-12,1.551,1.279,1.88,1.435,1.683,rt,
butembo,2026-06-13,1.514,1.257,1.829,1.399,1.642,rt,
butembo,2026-06-14,1.481,1.232,1.781,1.37,1.599,rt,
butembo,2026-06-15,1.458,1.202,1.752,1.344,1.571,rt,
butembo,2026-06-16,1.438,1.192,1.721,1.329,1.549,rt,
butembo,2026-06-17,1.42,1.171,1.692,1.313,1.528,rt,
butembo,2026-06-18,1.401,1.154,1.673,1.296,1.506,rt,
butembo,2026-06-19,1.379,1.151,1.633,1.285,1.475,rt,
butembo,2026-06-20,1.358,1.135,1.612,1.265,1.451,rt,
butembo,2026-06-21,1.336,1.122,1.583,1.246,1.433,rt,
butembo,2026-06-22,1.339,1.117,1.6,1.246,1.433,rt,
butembo,2026-06-23,1.346,1.129,1.596,1.25,1.438,rt,
butembo,2026-06-24,1.347,1.133,1.594,1.256,1.441,rt,
butembo,2026-06-25,1.349,1.136,1.596,1.258,1.448,rt,
butembo,2026-06-26,1.355,1.152,1.588,1.264,1.442,rt,
butembo,2026-06-27,1.356,1.161,1.581,1.272,1.441,rt,
butembo,2026-06-28,1.358,1.167,1.588,1.278,1.444,rt,
butembo,2026-06-29,1.344,1.147,1.585,1.261,1.432,rt,
butembo,2026-06-30,1.333,1.142,1.561,1.253,1.416,rt,
butembo,2026-07-01,1.322,1.136,1.548,1.241,1.406,rt,
butembo,2026-07-02,1.312,1.123,1.542,1.231,1.393,rt,
butembo,2026-07-03,1.3,1.125,1.524,1.225,1.383,rt,
butembo,2026-07-04,1.292,1.12,1.511,1.219,1.372,rt,
butembo,2026-07-05,1.285,1.109,1.503,1.208,1.366,rt,
butembo,2026-07-06,1.28,1.092,1.508,1.198,1.366,rt,
butembo,2026-07-07,1.272,1.089,1.489,1.193,1.355,rt,
butembo,2026-07-08,1.265,1.078,1.484,1.188,1.347,rt,
butembo,2026-07-09,1.258,1.067,1.479,1.181,1.339,rt,
butembo,2026-07-10,1.253,1.073,1.456,1.177,1.327,rt,
butembo,2026-07-11,1.247,1.073,1.447,1.175,1.315,rt,
butembo,2026-07-12,1.24,1.065,1.441,1.167,1.313,rt,
butembo,2026-07-13,1.233,1.048,1.441,1.156,1.31,rt,
butembo,2026-07-14,1.229,1.046,1.424,1.153,1.304,rt,
butembo,2026-07-15,1.223,1.044,1.411,1.15,1.299,rt,
butembo,2026-07-16,1.216,1.04,1.405,1.143,1.297,rt,
butembo,2026-07-17,1.204,1.037,1.385,1.136,1.28,rt,
butembo,2026-07-18,1.194,1.028,1.373,1.126,1.263,rt,
butembo,2026-07-19,1.184,1.022,1.37,1.114,1.252,rt,
butembo,2026-07-20,1.169,1.007,1.364,1.099,1.24,rt,
butembo,2026-07-21,1.163,1.009,1.345,1.097,1.234,rt,
butembo,2026-07-22,1.157,1.002,1.335,1.092,1.226,rt,
butembo,2026-07-23,1.15,0.993,1.332,1.086,1.223,rt,
butembo,2026-07-24,1.145,0.994,1.316,1.085,1.213,rt,
butembo,2026-07-25,1.143,0.99,1.309,1.083,1.209,rt,
butembo,2026-07-26,1.138,0.98,1.313,1.075,1.202,rt,
butembo,2026-07-27,1.141,0.981,1.323,1.076,1.211,rt,
butembo,2026-07-28,1.149,0.994,1.329,1.083,1.219,rt,
butembo,2026-07-29,1.157,1.005,1.333,1.092,1.226,rt,
butembo,2026-07-30,1.165,1.013,1.348,1.097,1.235,rt,
butembo,2026-07-31,1.173,1.031,1.35,1.11,1.241,rt,
butembo,2026-08-01,1.181,1.038,1.356,1.12,1.249,rt,
butembo,2026-08-02,1.19,1.039,1.366,1.125,1.259,rt,
butembo,2026-08-03,1.197,1.038,1.388,1.126,1.273,rt,
butembo,2026-08-04,1.203,1.048,1.389,1.134,1.275,rt,
butembo,2026-08-05,1.209,1.053,1.39,1.139,1.279,rt,
butembo,2026-08-06,1.214,1.057,1.396,1.142,1.284,rt,
butembo,2026-08-07,1.229,1.077,1.398,1.163,1.294,rt,
butembo,2026-08-08,1.24,1.093,1.421,1.176,1.308,rt,
butembo,2026-08-09,1.253,1.097,1.442,1.19,1.324,rt,
butembo,2026-08-10,1.26,1.09,1.463,1.193,1.334,rt,
butembo,2026-08-11,1.26,1.093,1.457,1.194,1.334,rt,
butembo,2026-08-12,1.257,1.093,1.451,1.192,1.33,rt,
butembo,2026-08-13,1.256,1.086,1.449,1.186,1.33,rt,
butembo,2026-08-14,1.242,1.084,1.422,1.174,1.313,rt,
butembo,2026-08-15,1.226,1.076,1.407,1.161,1.301,rt,
butembo,2026-08-16,1.213,1.06,1.399,1.145,1.286,rt,
butembo,2026-08-17,1.201,1.035,1.397,1.129,1.279,rt,
butembo,2026-08-18,1.186,1.024,1.372,1.117,1.263,rt,
butembo,2026-08-19,1.169,1.012,1.35,1.101,1.246,rt,
butembo,2026-08-20,1.154,0.992,1.333,1.084,1.228,rt,
butembo,2026-08-21,1.126,0.976,1.291,1.061,1.193,rt,
butembo,2026-08-22,1.1,0.946,1.261,1.035,1.164,rt,
butembo,2026-08-23,1.072,0.917,1.241,1.007,1.137,rt,
butembo,2026-08-24,1.037,0.875,1.214,0.968,1.108,rt,
butembo,2026-08-25,1.004,0.848,1.177,0.941,1.073,rt,
butembo,2026-08-26,0.972,0.824,1.141,0.912,1.039,rt,
butembo,2026-08-27,0.942,0.794,1.117,0.883,1.006,rt,
butembo,2026-08-28,0.911,0.771,1.079,0.854,0.972,rt,
butembo,2026-08-29,0.882,0.739,1.046,0.821,0.943,rt,
butembo,2026-08-30,0.852,0.703,1.02,0.788,0.913,rt,
butembo,2026-08-31,0.809,0.652,0.984,0.746,0.875,rt,
butembo,2026-09-01,0.786,0.639,0.949,0.725,0.848,rt,
butembo,2026-09-02,0.763,0.621,0.919,0.707,0.825,rt,
butembo,2026-09-03,0.743,0.604,0.895,0.685,0.805,rt,
butembo,2026-09-04,0.722,0.59,0.867,0.668,0.783,rt,
butembo,2026-09-05,0.703,0.569,0.843,0.649,0.765,rt,
butembo,2026-09-06,0.685,0.551,0.835,0.629,0.747,rt,
butembo,2026-09-07,0.678,0.534,0.836,0.617,0.742,rt,
butembo,2026-09-08,0.686,0.55,0.838,0.626,0.749,rt,
butembo,2026-09-09,0.694,0.562,0.845,0.636,0.759,rt,
butembo,2026-09-10,0.703,0.571,0.854,0.646,0.769,rt,
butembo,2026-09-11,0.712,0.586,0.864,0.656,0.776,rt,
butembo,2026-09-12,0.722,0.591,0.88,0.662,0.786,rt,
butembo,2026-09-13,0.732,0.59,0.905,0.673,0.8,rt,
butembo,2026-09-14,0.758,0.598,0.957,0.694,0.836,rt,
butembo,2026-09-15,0.78,0.618,0.986,0.716,0.865,rt,
butembo,2026-09-16,0.806,0.633,1.019,0.738,0.897,rt,
butembo,2026-09-17,0.834,0.655,1.064,0.759,0.927,rt,
butembo,2026-09-18,0.858,0.669,1.102,0.775,0.951,rt,
butembo,2026-09-19,0.885,0.678,1.151,0.79,0.983,rt,
butembo,2026-09-20,0.909,0.679,1.205,0.808,1.02,rt,
butembo,2026-09-21,0.933,0.68,1.269,0.821,1.055,rt,
butembo,2026-09-22,0.946,0.68,1.292,0.828,1.069,rt,
butembo,2026-09-23,0.959,0.68,1.325,0.838,1.087,rt,
butembo,2026-09-24,0.97,0.679,1.366,0.842,1.109,rt,
butembo,2026-09-25,0.984,0.679,1.393,0.845,1.128,rt,
butembo,2026-09-26,1.0,0.672,1.44,0.848,1.153,rt,
butembo,2026-09-27,1.007,0.671,1.477,0.849,1.179,rt,
butembo,2026-09-28,1.003,0.654,1.492,0.838,1.187,rt,
butembo,2026-09-29,1.001,0.643,1.489,0.834,1.188,rt,
butembo,2026-09-30,0.993,0.635,1.493,0.824,1.188,rt,
butembo,2026-10-01,0.99,0.619,1.508,0.816,1.19,rt,
butembo,2026-10-02,1.0,0.616,1.544,0.819,1.21,rt,
butembo,2026-10-03,1.006,0.612,1.586,0.82,1.226,rt,
butembo,2026-10-04,1.015,0.604,1.659,0.817,1.257,rt,
butembo,2026-10-05,1.006,0.575,1.707,0.798,1.26,rt,
butembo,2026-10-06,1.001,0.58,1.662,0.801,1.245,rt,
kalunguta,2026-07-23,1.492,1.184,1.873,1.359,1.638,rt,
kalunguta,2026-07-24,1.485,1.185,1.847,1.352,1.629,rt,
kalunguta,2026-07-25,1.48,1.175,1.83,1.344,1.622,rt,
kalunguta,2026-07-26,1.471,1.158,1.821,1.335,1.614,rt,
kalunguta,2026-07-27,1.474,1.153,1.847,1.338,1.621,rt,
kalunguta,2026-07-28,1.482,1.174,1.825,1.347,1.624,rt,
kalunguta,2026-07-29,1.483,1.196,1.821,1.356,1.622,rt,
kalunguta,2026-07-30,1.495,1.204,1.825,1.368,1.626,rt,
kalunguta,2026-07-31,1.504,1.212,1.827,1.372,1.632,rt,
kalunguta,2026-08-01,1.51,1.212,1.851,1.377,1.633,rt,
kalunguta,2026-08-02,1.513,1.205,1.869,1.384,1.648,rt,
kalunguta,2026-08-03,1.515,1.187,1.906,1.381,1.668,rt,
kalunguta,2026-08-04,1.523,1.218,1.901,1.395,1.673,rt,
kalunguta,2026-08-05,1.535,1.234,1.91,1.404,1.685,rt,
kalunguta,2026-08-06,1.548,1.246,1.91,1.416,1.691,rt,
kalunguta,2026-08-07,1.575,1.281,1.934,1.444,1.714,rt,
kalunguta,2026-08-08,1.599,1.302,1.964,1.465,1.74,rt,
kalunguta,2026-08-09,1.62,1.315,2.009,1.486,1.766,rt,
kalunguta,2026-08-10,1.633,1.309,2.055,1.492,1.79,rt,
kalunguta,2026-08-11,1.652,1.343,2.06,1.519,1.807,rt,
kalunguta,2026-08-12,1.675,1.373,2.071,1.543,1.826,rt,
kalunguta,2026-08-13,1.695,1.396,2.093,1.565,1.848,rt,
kalunguta,2026-08-14,1.703,1.403,2.107,1.574,1.849,rt,
kalunguta,2026-08-15,1.711,1.408,2.103,1.579,1.859,rt,
kalunguta,2026-08-16,1.715,1.402,2.108,1.581,1.869,rt,
kalunguta,2026-08-17,1.731,1.395,2.15,1.585,1.886,rt,
kalunguta,2026-08-18,1.746,1.415,2.152,1.602,1.897,rt,
kalunguta,2026-08-19,1.757,1.436,2.159,1.616,1.908,rt,
kalunguta,2026-08-20,1.769,1.443,2.177,1.627,1.919,rt,
kalunguta,2026-08-21,1.764,1.454,2.161,1.628,1.911,rt,
kalunguta,2026-08-22,1.757,1.446,2.171,1.623,1.91,rt,
kalunguta,2026-08-23,1.751,1.439,2.176,1.609,1.908,rt,
kalunguta,2026-08-24,1.732,1.398,2.189,1.581,1.894,rt,
kalunguta,2026-08-25,1.705,1.396,2.131,1.564,1.855,rt,
kalunguta,2026-08-26,1.673,1.374,2.093,1.548,1.821,rt,
kalunguta,2026-08-27,1.64,1.346,2.06,1.521,1.797,rt,
kalunguta,2026-08-28,1.615,1.319,2.014,1.494,1.757,rt,
kalunguta,2026-08-29,1.588,1.298,1.981,1.466,1.726,rt,
kalunguta,2026-08-30,1.558,1.249,1.953,1.428,1.695,rt,
kalunguta,2026-08-31,1.502,1.19,1.916,1.373,1.646,rt,
kalunguta,2026-09-01,1.444,1.158,1.823,1.323,1.574,rt,
kalunguta,2026-09-02,1.393,1.118,1.753,1.279,1.512,rt,
kalunguta,2026-09-03,1.34,1.078,1.686,1.232,1.457,rt,
kalunguta,2026-09-04,1.29,1.049,1.607,1.189,1.404,rt,
kalunguta,2026-09-05,1.242,1.011,1.555,1.147,1.357,rt,
kalunguta,2026-09-06,1.2,0.966,1.509,1.101,1.32,rt,
kalunguta,2026-09-07,1.174,0.926,1.497,1.069,1.295,rt,
kalunguta,2026-09-08,1.156,0.923,1.45,1.055,1.27,rt,
kalunguta,2026-09-09,1.141,0.917,1.417,1.038,1.243,rt,
kalunguta,2026-09-10,1.127,0.904,1.397,1.025,1.228,rt,
kalunguta,2026-09-11,1.106,0.883,1.363,1.007,1.208,rt,
kalunguta,2026-09-12,1.087,0.865,1.351,0.992,1.19,rt,
kalunguta,2026-09-13,1.07,0.837,1.344,0.973,1.177,rt,
kalunguta,2026-09-14,1.076,0.83,1.385,0.974,1.196,rt,
kalunguta,2026-09-15,1.09,0.843,1.395,0.983,1.203,rt,
kalunguta,2026-09-16,1.098,0.85,1.408,0.992,1.215,rt,
kalunguta,2026-09-17,1.11,0.856,1.429,1.0,1.229,rt,
kalunguta,2026-09-18,1.118,0.859,1.445,1.0,1.237,rt,
kalunguta,2026-09-19,1.12,0.852,1.459,0.995,1.25,rt,
kalunguta,2026-09-20,1.123,0.839,1.488,0.996,1.263,rt,
kalunguta,2026-09-21,1.128,0.822,1.52,0.993,1.279,rt,
kalunguta,2026-09-22,1.13,0.822,1.543,0.992,1.293,rt,
kalunguta,2026-09-23,1.134,0.818,1.57,0.989,1.305,rt,
kalunguta,2026-09-24,1.139,0.807,1.597,0.985,1.314,rt,
kalunguta,2026-09-25,1.144,0.801,1.629,0.985,1.326,rt,
kalunguta,2026-09-26,1.153,0.791,1.674,0.985,1.338,rt,
kalunguta,2026-09-27,1.155,0.776,1.716,0.982,1.35,rt,
kalunguta,2026-09-28,1.146,0.748,1.726,0.962,1.346,rt,
kalunguta,2026-09-29,1.136,0.739,1.714,0.95,1.339,rt,
kalunguta,2026-09-30,1.127,0.734,1.711,0.943,1.329,rt,
kalunguta,2026-10-01,1.123,0.722,1.709,0.929,1.327,rt,
kalunguta,2026-10-02,1.126,0.718,1.743,0.933,1.341,rt,
kalunguta,2026-10-03,1.127,0.704,1.807,0.924,1.361,rt,
kalunguta,2026-10-04,1.127,0.681,1.889,0.919,1.388,rt,
kalunguta,2026-10-05,1.115,0.644,1.939,0.899,1.388,rt,
kalunguta,2026-10-06,1.096,0.65,1.855,0.884,1.344,rt,
katwa,2026-05-24,2.906,2.211,3.933,2.581,3.271,rt,
katwa,2026-05-25,2.813,2.136,3.786,2.493,3.161,rt,
katwa,2026-05-26,2.723,2.084,3.633,2.43,3.054,rt,
katwa,2026-05-27,2.647,2.026,3.495,2.364,2.954,rt,
katwa,2026-05-28,2.567,1.975,3.392,2.294,2.871,rt,
katwa,2026-05-29,2.483,1.943,3.242,2.241,2.765,rt,
katwa,2026-05-30,2.41,1.902,3.096,2.191,2.674,rt,
katwa,2026-05-31,2.34,1.849,3.0,2.124,2.58,rt,
katwa,2026-06-01,2.276,1.799,2.908,2.067,2.51,rt,
katwa,2026-06-02,2.217,1.771,2.827,2.023,2.438,rt,
katwa,2026-06-03,2.163,1.739,2.737,1.976,2.373,rt,
katwa,2026-06-04,2.107,1.697,2.658,1.932,2.312,rt,
katwa,2026-06-05,2.036,1.659,2.524,1.88,2.225,rt,
katwa,2026-06-06,1.971,1.629,2.429,1.825,2.141,rt,
katwa,2026-06-07,1.909,1.583,2.352,1.768,2.07,rt,
katwa,2026-06-08,1.863,1.538,2.279,1.725,2.014,rt,
katwa,2026-06-09,1.815,1.507,2.211,1.686,1.96,rt,
katwa,2026-06-10,1.77,1.469,2.152,1.648,1.912,rt,
katwa,2026-06-11,1.725,1.432,2.101,1.609,1.867,rt,
katwa,2026-06-12,1.693,1.42,2.036,1.583,1.825,rt,
katwa,2026-06-13,1.661,1.397,1.988,1.556,1.791,rt,
katwa,2026-06-14,1.63,1.376,1.949,1.524,1.755,rt,
katwa,2026-06-15,1.61,1.353,1.922,1.501,1.731,rt,
katwa,2026-06-16,1.587,1.337,1.885,1.481,1.702,rt,
katwa,2026-06-17,1.566,1.32,1.856,1.459,1.677,rt,
katwa,2026-06-18,1.544,1.3,1.828,1.437,1.652,rt,
katwa,2026-06-19,1.518,1.294,1.791,1.421,1.619,rt,
katwa,2026-06-20,1.494,1.283,1.756,1.402,1.59,rt,
katwa,2026-06-21,1.47,1.258,1.727,1.383,1.564,rt,
katwa,2026-06-22,1.472,1.257,1.734,1.384,1.567,rt,
katwa,2026-06-23,1.472,1.265,1.733,1.383,1.566,rt,
katwa,2026-06-24,1.473,1.26,1.731,1.381,1.565,rt,
katwa,2026-06-25,1.47,1.256,1.735,1.378,1.567,rt,
katwa,2026-06-26,1.47,1.271,1.716,1.385,1.559,rt,
katwa,2026-06-27,1.469,1.276,1.705,1.386,1.552,rt,
katwa,2026-06-28,1.468,1.274,1.713,1.39,1.551,rt,
katwa,2026-06-29,1.452,1.252,1.698,1.371,1.533,rt,
katwa,2026-06-30,1.434,1.239,1.672,1.357,1.514,rt,
katwa,2026-07-01,1.418,1.227,1.65,1.341,1.497,rt,
katwa,2026-07-02,1.402,1.217,1.626,1.323,1.483,rt,
katwa,2026-07-03,1.387,1.216,1.598,1.316,1.465,rt,
katwa,2026-07-04,1.372,1.213,1.57,1.305,1.452,rt,
katwa,2026-07-05,1.359,1.2,1.555,1.291,1.437,rt,
katwa,2026-07-06,1.348,1.186,1.552,1.28,1.427,rt,
katwa,2026-07-07,1.343,1.181,1.547,1.275,1.421,rt,
katwa,2026-07-08,1.336,1.174,1.539,1.267,1.415,rt,
katwa,2026-07-09,1.33,1.164,1.529,1.258,1.41,rt,
katwa,2026-07-10,1.324,1.171,1.506,1.26,1.4,rt,
katwa,2026-07-11,1.32,1.174,1.496,1.256,1.391,rt,
katwa,2026-07-12,1.311,1.165,1.49,1.249,1.383,rt,
katwa,2026-07-13,1.307,1.157,1.488,1.242,1.378,rt,
katwa,2026-07-14,1.304,1.156,1.481,1.242,1.373,rt,
katwa,2026-07-15,1.303,1.151,1.471,1.237,1.368,rt,
katwa,2026-07-16,1.299,1.144,1.475,1.23,1.367,rt,
katwa,2026-07-17,1.286,1.141,1.459,1.224,1.351,rt,
katwa,2026-07-18,1.276,1.136,1.444,1.216,1.34,rt,
katwa,2026-07-19,1.267,1.125,1.432,1.205,1.331,rt,
katwa,2026-07-20,1.256,1.107,1.43,1.19,1.321,rt,
katwa,2026-07-21,1.243,1.098,1.414,1.179,1.304,rt,
katwa,2026-07-22,1.228,1.086,1.398,1.166,1.29,rt,
katwa,2026-07-23,1.215,1.075,1.393,1.153,1.28,rt,
katwa,2026-07-24,1.204,1.073,1.366,1.147,1.264,rt,
katwa,2026-07-25,1.192,1.067,1.346,1.138,1.253,rt,
katwa,2026-07-26,1.179,1.057,1.335,1.127,1.242,rt,
katwa,2026-07-27,1.178,1.052,1.34,1.126,1.239,rt,
katwa,2026-07-28,1.172,1.052,1.33,1.122,1.234,rt,
katwa,2026-07-29,1.169,1.049,1.328,1.118,1.229,rt,
katwa,2026-07-30,1.167,1.042,1.325,1.111,1.225,rt,
katwa,2026-07-31,1.165,1.043,1.316,1.112,1.218,rt,
katwa,2026-08-01,1.161,1.041,1.309,1.11,1.213,rt,
katwa,2026-08-02,1.155,1.038,1.307,1.105,1.209,rt,
katwa,2026-08-03,1.15,1.022,1.307,1.097,1.212,rt,
katwa,2026-08-04,1.146,1.019,1.296,1.093,1.205,rt,
katwa,2026-08-05,1.139,1.011,1.289,1.087,1.201,rt,
katwa,2026-08-06,1.134,1.001,1.285,1.079,1.197,rt,
katwa,2026-08-07,1.141,1.014,1.284,1.087,1.197,rt,
katwa,2026-08-08,1.145,1.017,1.281,1.09,1.198,rt,
katwa,2026-08-09,1.148,1.014,1.288,1.092,1.202,rt,
katwa,2026-08-10,1.146,1.001,1.294,1.086,1.203,rt,
katwa,2026-08-11,1.141,1.005,1.289,1.084,1.197,rt,
katwa,2026-08-12,1.136,0.999,1.286,1.081,1.193,rt,
katwa,2026-08-13,1.13,0.989,1.282,1.073,1.187,rt,
katwa,2026-08-14,1.117,0.982,1.263,1.063,1.169,rt,
katwa,2026-08-15,1.102,0.97,1.244,1.051,1.153,rt,
katwa,2026-08-16,1.087,0.951,1.235,1.035,1.141,rt,
katwa,2026-08-17,1.075,0.929,1.23,1.019,1.134,rt,
katwa,2026-08-18,1.062,0.922,1.216,1.007,1.121,rt,
katwa,2026-08-19,1.049,0.906,1.203,0.993,1.107,rt,
katwa,2026-08-20,1.036,0.892,1.193,0.977,1.096,rt,
katwa,2026-08-21,1.012,0.882,1.155,0.959,1.07,rt,
katwa,2026-08-22,0.989,0.862,1.128,0.938,1.046,rt,
katwa,2026-08-23,0.967,0.837,1.104,0.914,1.022,rt,
katwa,2026-08-24,0.938,0.8,1.087,0.88,0.992,rt,
katwa,2026-08-25,0.91,0.775,1.053,0.854,0.963,rt,
katwa,2026-08-26,0.882,0.748,1.023,0.827,0.936,rt,
katwa,2026-08-27,0.854,0.723,0.998,0.799,0.909,rt,
katwa,2026-08-28,0.826,0.7,0.96,0.773,0.88,rt,
katwa,2026-08-29,0.8,0.669,0.927,0.745,0.851,rt,
katwa,2026-08-30,0.773,0.635,0.906,0.717,0.826,rt,
katwa,2026-08-31,0.736,0.587,0.877,0.676,0.792,rt,
katwa,2026-09-01,0.713,0.577,0.842,0.659,0.766,rt,
katwa,2026-09-02,0.694,0.564,0.819,0.642,0.745,rt,
katwa,2026-09-03,0.676,0.548,0.796,0.623,0.726,rt,
katwa,2026-09-04,0.655,0.531,0.771,0.609,0.705,rt,
katwa,2026-09-05,0.64,0.515,0.755,0.594,0.688,rt,
katwa,2026-09-06,0.625,0.498,0.743,0.577,0.674,rt,
katwa,2026-09-07,0.617,0.481,0.748,0.566,0.67,rt,
katwa,2026-09-08,0.626,0.496,0.751,0.576,0.677,rt,
katwa,2026-09-09,0.633,0.509,0.757,0.586,0.685,rt,
katwa,2026-09-10,0.642,0.518,0.771,0.594,0.695,rt,
katwa,2026-09-11,0.651,0.531,0.779,0.602,0.701,rt,
katwa,2026-09-12,0.66,0.539,0.794,0.609,0.713,rt,
katwa,2026-09-13,0.668,0.537,0.815,0.616,0.725,rt,
katwa,2026-09-14,0.698,0.547,0.86,0.634,0.758,rt,
katwa,2026-09-15,0.72,0.565,0.886,0.659,0.785,rt,
katwa,2026-09-16,0.744,0.586,0.923,0.681,0.816,rt,
katwa,2026-09-17,0.771,0.605,0.97,0.7,0.847,rt,
katwa,2026-09-18,0.794,0.62,1.003,0.719,0.876,rt,
katwa,2026-09-19,0.817,0.626,1.053,0.733,0.904,rt,
katwa,2026-09-20,0.841,0.634,1.102,0.752,0.94,rt,
katwa,2026-09-21,0.865,0.636,1.164,0.769,0.976,rt,
katwa,2026-09-22,0.877,0.641,1.199,0.774,0.995,rt,
katwa,2026-09-23,0.888,0.643,1.226,0.78,1.017,rt,
katwa,2026-09-24,0.902,0.641,1.253,0.784,1.04,rt,
katwa,2026-09-25,0.914,0.639,1.289,0.789,1.061,rt,
katwa,2026-09-26,0.929,0.632,1.323,0.792,1.081,rt,
katwa,2026-09-27,0.943,0.621,1.366,0.794,1.101,rt,
katwa,2026-09-28,0.942,0.608,1.388,0.79,1.11,rt,
katwa,2026-09-29,0.937,0.606,1.387,0.782,1.112,rt,
katwa,2026-09-30,0.936,0.595,1.39,0.779,1.113,rt,
katwa,2026-10-01,0.939,0.588,1.4,0.772,1.116,rt,
katwa,2026-10-02,0.948,0.588,1.44,0.781,1.135,rt,
katwa,2026-10-03,0.953,0.58,1.488,0.782,1.149,rt,
katwa,2026-10-04,0.963,0.566,1.549,0.781,1.174,rt,
katwa,2026-10-05,0.956,0.543,1.599,0.766,1.179,rt,
katwa,2026-10-06,0.958,0.535,1.59,0.773,1.188,rt,
kayna,2026-09-23,1.109,0.872,1.396,1.002,1.221,rt,
kayna,2026-09-24,1.118,0.863,1.425,1.002,1.237,rt,
kayna,2026-09-25,1.126,0.86,1.44,1.01,1.256,rt,
kayna,2026-09-26,1.133,0.854,1.468,1.013,1.268,rt,
kayna,2026-09-27,1.138,0.847,1.503,1.013,1.286,rt,
kayna,2026-09-28,1.13,0.829,1.521,0.995,1.282,rt,
kayna,2026-09-29,1.124,0.816,1.535,0.986,1.28,rt,
kayna,2026-09-30,1.123,0.803,1.536,0.975,1.279,rt,
kayna,2026-10-01,1.12,0.791,1.547,0.963,1.277,rt,
kayna,2026-10-02,1.127,0.788,1.584,0.966,1.288,rt,
kayna,2026-10-03,1.133,0.779,1.631,0.959,1.315,rt,
kayna,2026-10-04,1.14,0.76,1.686,0.956,1.334,rt,
kayna,2026-10-05,1.127,0.732,1.724,0.934,1.342,rt,
kayna,2026-10-06,1.119,0.74,1.651,0.943,1.313,rt,
kyondo,2026-07-01,1.312,1.0,1.746,1.177,1.464,rt,
kyondo,2026-07-02,1.289,0.988,1.693,1.162,1.443,rt,
kyondo,2026-07-03,1.272,0.974,1.658,1.146,1.416,rt,
kyondo,2026-07-04,1.254,0.962,1.632,1.126,1.393,rt,
kyondo,2026-07-05,1.236,0.94,1.622,1.105,1.378,rt,
kyondo,2026-07-06,1.227,0.911,1.627,1.085,1.372,rt,
kyondo,2026-07-07,1.216,0.919,1.588,1.076,1.351,rt,
kyondo,2026-07-08,1.203,0.913,1.568,1.068,1.337,rt,
kyondo,2026-07-09,1.192,0.899,1.544,1.064,1.319,rt,
kyondo,2026-07-10,1.179,0.895,1.521,1.059,1.307,rt,
kyondo,2026-07-11,1.174,0.887,1.51,1.048,1.299,rt,
kyondo,2026-07-12,1.16,0.872,1.496,1.037,1.289,rt,
kyondo,2026-07-13,1.149,0.85,1.508,1.021,1.286,rt,
kyondo,2026-07-14,1.142,0.858,1.477,1.02,1.267,rt,
kyondo,2026-07-15,1.132,0.857,1.455,1.015,1.252,rt,
kyondo,2026-07-16,1.126,0.854,1.44,1.01,1.241,rt,
kyondo,2026-07-17,1.11,0.85,1.41,0.999,1.23,rt,
kyondo,2026-07-18,1.098,0.841,1.403,0.985,1.218,rt,
kyondo,2026-07-19,1.082,0.821,1.404,0.971,1.209,rt,
kyondo,2026-07-20,1.067,0.8,1.408,0.951,1.2,rt,
kyondo,2026-07-21,1.062,0.803,1.378,0.95,1.181,rt,
kyondo,2026-07-22,1.053,0.806,1.356,0.951,1.165,rt,
kyondo,2026-07-23,1.046,0.802,1.337,0.947,1.156,rt,
kyondo,2026-07-24,1.039,0.794,1.318,0.948,1.149,rt,
kyondo,2026-07-25,1.036,0.785,1.315,0.94,1.143,rt,
kyondo,2026-07-26,1.031,0.78,1.324,0.931,1.136,rt,
kyondo,2026-07-27,1.036,0.769,1.336,0.927,1.146,rt,
kyondo,2026-07-28,1.048,0.788,1.333,0.94,1.15,rt,
kyondo,2026-07-29,1.051,0.808,1.327,0.95,1.156,rt,
kyondo,2026-07-30,1.059,0.821,1.334,0.957,1.163,rt,
kyondo,2026-07-31,1.068,0.828,1.335,0.964,1.175,rt,
kyondo,2026-08-01,1.077,0.831,1.353,0.97,1.187,rt,
kyondo,2026-08-02,1.083,0.825,1.376,0.978,1.199,rt,
kyondo,2026-08-03,1.091,0.819,1.406,0.982,1.217,rt,
kyondo,2026-08-04,1.114,0.842,1.416,1.005,1.233,rt,
kyondo,2026-08-05,1.133,0.867,1.435,1.025,1.244,rt,
kyondo,2026-08-06,1.153,0.878,1.452,1.037,1.261,rt,
kyondo,2026-08-07,1.183,0.91,1.477,1.069,1.295,rt,
kyondo,2026-08-08,1.21,0.929,1.519,1.096,1.331,rt,
kyondo,2026-08-09,1.24,0.945,1.57,1.118,1.365,rt,
kyondo,2026-08-10,1.26,0.959,1.62,1.131,1.397,rt,
kyondo,2026-08-11,1.294,0.999,1.641,1.166,1.422,rt,
kyondo,2026-08-12,1.323,1.035,1.669,1.196,1.45,rt,
kyondo,2026-08-13,1.353,1.067,1.698,1.223,1.481,rt,
kyondo,2026-08-14,1.371,1.096,1.713,1.245,1.501,rt,
kyondo,2026-08-15,1.39,1.111,1.748,1.263,1.523,rt,
kyondo,2026-08-16,1.41,1.113,1.79,1.275,1.551,rt,
kyondo,2026-08-17,1.427,1.113,1.857,1.289,1.583,rt,
kyondo,2026-08-18,1.44,1.134,1.841,1.308,1.586,rt,
kyondo,2026-08-19,1.451,1.15,1.832,1.322,1.591,rt,
kyondo,2026-08-20,1.46,1.159,1.829,1.324,1.606,rt,
kyondo,2026-08-21,1.456,1.16,1.823,1.322,1.596,rt,
kyondo,2026-08-22,1.447,1.149,1.839,1.311,1.6,rt,
kyondo,2026-08-23,1.439,1.127,1.864,1.297,1.601,rt,
kyondo,2026-08-24,1.415,1.096,1.879,1.267,1.591,rt,
kyondo,2026-08-25,1.375,1.072,1.801,1.24,1.539,rt,
kyondo,2026-08-26,1.339,1.043,1.727,1.206,1.485,rt,
kyondo,2026-08-27,1.3,1.014,1.653,1.171,1.438,rt,
kyondo,2026-08-28,1.257,0.982,1.588,1.132,1.39,rt,
kyondo,2026-08-29,1.218,0.946,1.555,1.091,1.348,rt,
kyondo,2026-08-30,1.177,0.901,1.526,1.053,1.309,rt,
kyondo,2026-08-31,1.117,0.835,1.472,0.994,1.255,rt,
kyondo,2026-09-01,1.07,0.806,1.388,0.956,1.195,rt,
kyondo,2026-09-02,1.028,0.776,1.323,0.918,1.144,rt,
kyondo,2026-09-03,0.985,0.744,1.271,0.878,1.093,rt,
kyondo,2026-09-04,0.947,0.717,1.213,0.844,1.05,rt,
kyondo,2026-09-05,0.909,0.679,1.175,0.811,1.005,rt,
kyondo,2026-09-06,0.875,0.645,1.141,0.771,0.97,rt,
kyondo,2026-09-07,0.856,0.613,1.121,0.744,0.95,rt,
kyondo,2026-09-08,0.848,0.62,1.098,0.745,0.941,rt,
kyondo,2026-09-09,0.843,0.621,1.096,0.745,0.936,rt,
kyondo,2026-09-10,0.839,0.614,1.087,0.743,0.932,rt,
kyondo,2026-09-11,0.83,0.615,1.079,0.741,0.933,rt,
kyondo,2026-09-12,0.825,0.61,1.078,0.735,0.931,rt,
kyondo,2026-09-13,0.822,0.602,1.088,0.725,0.93,rt,
kyondo,2026-09-14,0.837,0.6,1.132,0.734,0.952,rt,
kyondo,2026-09-15,0.858,0.617,1.151,0.754,0.975,rt,
kyondo,2026-09-16,0.879,0.629,1.173,0.773,0.993,rt,
kyondo,2026-09-17,0.897,0.636,1.212,0.789,1.018,rt,
kyondo,2026-09-18,0.915,0.643,1.244,0.799,1.039,rt,
kyondo,2026-09-19,0.933,0.652,1.284,0.806,1.062,rt,
kyondo,2026-09-20,0.953,0.646,1.333,0.813,1.09,rt,
kyondo,2026-09-21,0.963,0.644,1.393,0.817,1.121,rt,
kyondo,2026-09-22,0.976,0.652,1.4,0.828,1.138,rt,
kyondo,2026-09-23,0.987,0.659,1.432,0.836,1.151,rt,
kyondo,2026-09-24,0.998,0.661,1.475,0.84,1.168,rt,
kyondo,2026-09-25,1.005,0.656,1.513,0.845,1.183,rt,
kyondo,2026-09-26,1.015,0.657,1.563,0.851,1.208,rt,
kyondo,2026-09-27,1.025,0.645,1.623,0.855,1.245,rt,
kyondo,2026-09-28,1.018,0.624,1.658,0.842,1.251,rt,
kyondo,2026-09-29,1.02,0.62,1.658,0.837,1.244,rt,
kyondo,2026-09-30,1.018,0.615,1.672,0.831,1.239,rt,
kyondo,2026-10-01,1.014,0.614,1.674,0.822,1.234,rt,
kyondo,2026-10-02,1.027,0.621,1.691,0.83,1.254,rt,
kyondo,2026-10-03,1.034,0.619,1.744,0.835,1.273,rt,
kyondo,2026-10-04,1.038,0.609,1.841,0.836,1.3,rt,
kyondo,2026-10-05,1.029,0.577,1.918,0.821,1.311,rt,
kyondo,2026-10-06,1.032,0.569,1.854,0.809,1.308,rt,
lubero,2026-08-15,1.577,1.412,1.77,1.503,1.651,rt,
lubero,2026-08-16,1.583,1.412,1.784,1.503,1.654,rt,
lubero,2026-08-17,1.587,1.412,1.801,1.507,1.666,rt,
lubero,2026-08-18,1.589,1.411,1.811,1.509,1.671,rt,
lubero,2026-08-19,1.591,1.405,1.817,1.508,1.676,rt,
lubero,2026-08-20,1.588,1.396,1.835,1.503,1.679,rt,
lubero,2026-08-21,1.575,1.397,1.807,1.497,1.658,rt,
lubero,2026-08-22,1.559,1.39,1.785,1.486,1.646,rt,
lubero,2026-08-23,1.546,1.375,1.765,1.473,1.631,rt,
lubero,2026-08-24,1.516,1.345,1.743,1.442,1.602,rt,
lubero,2026-08-25,1.484,1.312,1.712,1.409,1.568,rt,
lubero,2026-08-26,1.452,1.283,1.683,1.376,1.539,rt,
lubero,2026-08-27,1.419,1.245,1.651,1.344,1.508,rt,
lubero,2026-08-28,1.384,1.225,1.597,1.316,1.47,rt,
lubero,2026-08-29,1.352,1.2,1.547,1.286,1.428,rt,
lubero,2026-08-30,1.32,1.166,1.508,1.251,1.392,rt,
lubero,2026-08-31,1.265,1.11,1.456,1.198,1.34,rt,
lubero,2026-09-01,1.22,1.067,1.408,1.156,1.291,rt,
lubero,2026-09-02,1.178,1.026,1.362,1.116,1.248,rt,
lubero,2026-09-03,1.14,0.987,1.319,1.076,1.208,rt,
lubero,2026-09-04,1.102,0.963,1.26,1.043,1.161,rt,
lubero,2026-09-05,1.067,0.931,1.212,1.012,1.122,rt,
lubero,2026-09-06,1.032,0.901,1.172,0.979,1.087,rt,
lubero,2026-09-07,1.013,0.88,1.159,0.958,1.069,rt,
lubero,2026-09-08,1.004,0.88,1.15,0.951,1.058,rt,
lubero,2026-09-09,0.998,0.873,1.141,0.944,1.051,rt,
lubero,2026-09-10,0.99,0.863,1.132,0.937,1.045,rt,
lubero,2026-09-11,0.982,0.862,1.112,0.933,1.033,rt,
lubero,2026-09-12,0.975,0.856,1.103,0.922,1.025,rt,
lubero,2026-09-13,0.967,0.846,1.105,0.915,1.019,rt,
lubero,2026-09-14,0.982,0.849,1.132,0.926,1.039,rt,
lubero,2026-09-15,0.998,0.858,1.158,0.938,1.059,rt,
lubero,2026-09-16,1.014,0.866,1.183,0.949,1.08,rt,
lubero,2026-09-17,1.03,0.874,1.217,0.96,1.1,rt,
lubero,2026-09-18,1.039,0.877,1.233,0.967,1.114,rt,
lubero,2026-09-19,1.05,0.879,1.26,0.972,1.133,rt,
lubero,2026-09-20,1.062,0.871,1.289,0.976,1.147,rt,
lubero,2026-09-21,1.073,0.867,1.323,0.983,1.167,rt,
lubero,2026-09-22,1.082,0.857,1.349,0.982,1.181,rt,
lubero,2026-09-23,1.09,0.849,1.374,0.984,1.198,rt,
lubero,2026-09-24,1.099,0.844,1.404,0.982,1.215,rt,
lubero,2026-09-25,1.104,0.84,1.419,0.987,1.233,rt,
lubero,2026-09-26,1.112,0.834,1.445,0.993,1.246,rt,
lubero,2026-09-27,1.117,0.826,1.478,0.993,1.26,rt,
lubero,2026-09-28,1.108,0.811,1.499,0.976,1.259,rt,
lubero,2026-09-29,1.104,0.799,1.513,0.968,1.257,rt,
lubero,2026-09-30,1.101,0.789,1.516,0.954,1.256,rt,
lubero,2026-10-01,1.097,0.774,1.524,0.942,1.255,rt,
lubero,2026-10-02,1.103,0.765,1.563,0.946,1.267,rt,
lubero,2026-10-03,1.11,0.762,1.601,0.941,1.287,rt,
lubero,2026-10-04,1.117,0.744,1.661,0.935,1.31,rt,
lubero,2026-10-05,1.109,0.717,1.689,0.915,1.318,rt,
lubero,2026-10-06,1.09,0.72,1.619,0.918,1.285,rt,
mabalako,2026-08-14,2.097,1.641,2.697,1.896,2.301,rt,
mabalako,2026-08-15,2.106,1.631,2.723,1.907,2.321,rt,
mabalako,2026-08-16,2.11,1.62,2.794,1.908,2.34,rt,
mabalako,2026-08-17,2.12,1.588,2.864,1.901,2.36,rt,
mabalako,2026-08-18,2.126,1.63,2.839,1.919,2.363,rt,
mabalako,2026-08-19,2.135,1.652,2.804,1.926,2.36,rt,
mabalako,2026-08-20,2.136,1.668,2.805,1.927,2.372,rt,
mabalako,2026-08-21,2.119,1.661,2.765,1.913,2.356,rt,
mabalako,2026-08-22,2.099,1.653,2.762,1.894,2.333,rt,
mabalako,2026-08-23,2.091,1.621,2.784,1.874,2.315,rt,
mabalako,2026-08-24,2.049,1.567,2.782,1.823,2.291,rt,
mabalako,2026-08-25,2.019,1.566,2.698,1.81,2.241,rt,
mabalako,2026-08-26,1.98,1.561,2.624,1.789,2.2,rt,
mabalako,2026-08-27,1.952,1.541,2.567,1.763,2.164,rt,
mabalako,2026-08-28,1.918,1.527,2.503,1.737,2.117,rt,
mabalako,2026-08-29,1.879,1.493,2.442,1.708,2.079,rt,
mabalako,2026-08-30,1.837,1.441,2.417,1.667,2.044,rt,
mabalako,2026-08-31,1.774,1.365,2.356,1.596,1.987,rt,
mabalako,2026-09-01,1.72,1.342,2.227,1.555,1.899,rt,
mabalako,2026-09-02,1.67,1.314,2.131,1.514,1.833,rt,
mabalako,2026-09-03,1.619,1.272,2.048,1.47,1.775,rt,
mabalako,2026-09-04,1.569,1.233,1.973,1.427,1.72,rt,
mabalako,2026-09-05,1.527,1.199,1.914,1.378,1.669,rt,
mabalako,2026-09-06,1.482,1.149,1.876,1.332,1.631,rt,
mabalako,2026-09-07,1.459,1.106,1.88,1.301,1.612,rt,
mabalako,2026-09-08,1.44,1.119,1.832,1.297,1.583,rt,
mabalako,2026-09-09,1.42,1.114,1.791,1.289,1.566,rt,
mabalako,2026-09-10,1.407,1.1,1.774,1.28,1.544,rt,
mabalako,2026-09-11,1.391,1.089,1.753,1.267,1.528,rt,
mabalako,2026-09-12,1.377,1.07,1.742,1.252,1.512,rt,
mabalako,2026-09-13,1.362,1.049,1.759,1.232,1.501,rt,
mabalako,2026-09-14,1.381,1.033,1.822,1.233,1.533,rt,
mabalako,2026-09-15,1.388,1.049,1.822,1.244,1.543,rt,
mabalako,2026-09-16,1.395,1.057,1.829,1.247,1.561,rt,
mabalako,2026-09-17,1.401,1.052,1.852,1.252,1.573,rt,
mabalako,2026-09-18,1.404,1.046,1.857,1.243,1.581,rt,
mabalako,2026-09-19,1.407,1.027,1.882,1.233,1.593,rt,
mabalako,2026-09-20,1.405,1.011,1.917,1.22,1.605,rt,
mabalako,2026-09-21,1.409,0.994,1.96,1.209,1.623,rt,
mabalako,2026-09-22,1.406,0.985,1.962,1.208,1.622,rt,
mabalako,2026-09-23,1.402,0.975,1.993,1.208,1.615,rt,
mabalako,2026-09-24,1.397,0.969,2.015,1.205,1.619,rt,
mabalako,2026-09-25,1.397,0.956,2.031,1.197,1.623,rt,
mabalako,2026-09-26,1.391,0.929,2.052,1.188,1.628,rt,
mabalako,2026-09-27,1.389,0.905,2.09,1.178,1.631,rt,
mabalako,2026-09-28,1.365,0.869,2.098,1.146,1.619,rt,
mabalako,2026-09-29,1.348,0.85,2.084,1.128,1.602,rt,
mabalako,2026-09-30,1.333,0.829,2.07,1.11,1.597,rt,
mabalako,2026-10-01,1.313,0.815,2.064,1.092,1.586,rt,
mabalako,2026-10-02,1.315,0.806,2.089,1.083,1.605,rt,
mabalako,2026-10-03,1.317,0.799,2.172,1.069,1.621,rt,
mabalako,2026-10-04,1.312,0.773,2.247,1.055,1.641,rt,
mabalako,2026-10-05,1.294,0.727,2.306,1.023,1.641,rt,
mabalako,2026-10-06,1.238,0.691,2.192,0.988,1.554,rt,
manguredjipa,2026-08-21,1.517,1.341,1.749,1.445,1.605,rt,
manguredjipa,2026-08-22,1.504,1.333,1.726,1.435,1.588,rt,
manguredjipa,2026-08-23,1.491,1.327,1.713,1.423,1.574,rt,
manguredjipa,2026-08-24,1.465,1.299,1.688,1.393,1.547,rt,
manguredjipa,2026-08-25,1.434,1.271,1.656,1.364,1.517,rt,
manguredjipa,2026-08-26,1.402,1.239,1.622,1.333,1.488,rt,
manguredjipa,2026-08-27,1.372,1.204,1.593,1.301,1.458,rt,
manguredjipa,2026-08-28,1.341,1.185,1.544,1.272,1.419,rt,
manguredjipa,2026-08-29,1.308,1.16,1.499,1.241,1.385,rt,
manguredjipa,2026-08-30,1.274,1.125,1.462,1.21,1.349,rt,
manguredjipa,2026-08-31,1.221,1.071,1.414,1.157,1.297,rt,
manguredjipa,2026-09-01,1.178,1.029,1.363,1.113,1.249,rt,
manguredjipa,2026-09-02,1.136,0.989,1.318,1.073,1.208,rt,
manguredjipa,2026-09-03,1.096,0.95,1.279,1.037,1.168,rt,
manguredjipa,2026-09-04,1.061,0.928,1.218,1.007,1.125,rt,
manguredjipa,2026-09-05,1.028,0.9,1.17,0.974,1.083,rt,
manguredjipa,2026-09-06,0.995,0.868,1.13,0.942,1.047,rt,
manguredjipa,2026-09-07,0.975,0.845,1.116,0.921,1.03,rt,
manguredjipa,2026-09-08,0.967,0.843,1.107,0.915,1.021,rt,
manguredjipa,2026-09-09,0.959,0.838,1.099,0.909,1.013,rt,
manguredjipa,2026-09-10,0.953,0.83,1.092,0.902,1.008,rt,
manguredjipa,2026-09-11,0.945,0.831,1.078,0.897,0.996,rt,
manguredjipa,2026-09-12,0.939,0.827,1.068,0.888,0.989,rt,
manguredjipa,2026-09-13,0.932,0.816,1.064,0.879,0.983,rt,
manguredjipa,2026-09-14,0.947,0.819,1.09,0.889,1.003,rt,
manguredjipa,2026-09-15,0.961,0.827,1.113,0.902,1.022,rt,
manguredjipa,2026-09-16,0.977,0.834,1.142,0.915,1.042,rt,
manguredjipa,2026-09-17,0.991,0.84,1.171,0.924,1.064,rt,
manguredjipa,2026-09-18,1.002,0.846,1.191,0.932,1.074,rt,
manguredjipa,2026-09-19,1.013,0.843,1.215,0.937,1.092,rt,
manguredjipa,2026-09-20,1.025,0.84,1.244,0.94,1.108,rt,
manguredjipa,2026-09-21,1.035,0.835,1.275,0.946,1.125,rt,
manguredjipa,2026-09-22,1.042,0.829,1.303,0.949,1.139,rt,
manguredjipa,2026-09-23,1.05,0.82,1.325,0.948,1.159,rt,
manguredjipa,2026-09-24,1.059,0.812,1.354,0.948,1.174,rt,
manguredjipa,2026-09-25,1.065,0.81,1.375,0.954,1.191,rt,
manguredjipa,2026-09-26,1.074,0.799,1.4,0.957,1.204,rt,
manguredjipa,2026-09-27,1.079,0.792,1.427,0.956,1.217,rt,
manguredjipa,2026-09-28,1.07,0.779,1.44,0.94,1.212,rt,
manguredjipa,2026-09-29,1.062,0.767,1.453,0.929,1.212,rt,
manguredjipa,2026-09-30,1.059,0.752,1.468,0.919,1.212,rt,
manguredjipa,2026-10-01,1.055,0.738,1.472,0.907,1.209,rt,
manguredjipa,2026-10-02,1.063,0.735,1.5,0.914,1.223,rt,
manguredjipa,2026-10-03,1.066,0.731,1.541,0.903,1.243,rt,
manguredjipa,2026-10-04,1.073,0.716,1.597,0.898,1.259,rt,
manguredjipa,2026-10-05,1.066,0.688,1.631,0.877,1.269,rt,
manguredjipa,2026-10-06,1.043,0.691,1.546,0.882,1.231,rt,
masereka,2026-08-02,1.361,1.055,1.713,1.227,1.502,rt,
masereka,2026-08-03,1.376,1.05,1.758,1.233,1.527,rt,
masereka,2026-08-04,1.396,1.084,1.768,1.26,1.541,rt,
masereka,2026-08-05,1.415,1.115,1.78,1.284,1.56,rt,
masereka,2026-08-06,1.434,1.136,1.817,1.308,1.579,rt,
masereka,2026-08-07,1.473,1.171,1.871,1.342,1.617,rt,
masereka,2026-08-08,1.507,1.195,1.925,1.374,1.653,rt,
masereka,2026-08-09,1.534,1.213,1.992,1.403,1.694,rt,
masereka,2026-08-10,1.566,1.222,2.059,1.419,1.738,rt,
masereka,2026-08-11,1.598,1.267,2.075,1.452,1.764,rt,
masereka,2026-08-12,1.627,1.301,2.08,1.479,1.792,rt,
masereka,2026-08-13,1.657,1.326,2.104,1.506,1.825,rt,
masereka,2026-08-14,1.675,1.341,2.137,1.523,1.843,rt,
masereka,2026-08-15,1.688,1.347,2.181,1.534,1.86,rt,
masereka,2026-08-16,1.702,1.333,2.232,1.539,1.886,rt,
masereka,2026-08-17,1.717,1.326,2.306,1.541,1.918,rt,
masereka,2026-08-18,1.711,1.349,2.269,1.552,1.903,rt,
masereka,2026-08-19,1.707,1.348,2.242,1.558,1.899,rt,
masereka,2026-08-20,1.707,1.344,2.223,1.555,1.897,rt,
masereka,2026-08-21,1.692,1.329,2.194,1.533,1.875,rt,
masereka,2026-08-22,1.666,1.307,2.195,1.51,1.849,rt,
masereka,2026-08-23,1.646,1.279,2.2,1.487,1.84,rt,
masereka,2026-08-24,1.609,1.233,2.194,1.446,1.809,rt,
masereka,2026-08-25,1.558,1.199,2.09,1.4,1.735,rt,
masereka,2026-08-26,1.504,1.161,1.992,1.354,1.671,rt,
masereka,2026-08-27,1.447,1.122,1.924,1.307,1.607,rt,
masereka,2026-08-28,1.397,1.086,1.852,1.263,1.544,rt,
masereka,2026-08-29,1.343,1.036,1.779,1.214,1.488,rt,
masereka,2026-08-30,1.29,0.978,1.738,1.166,1.432,rt,
masereka,2026-08-31,1.221,0.914,1.664,1.1,1.367,rt,
masereka,2026-09-01,1.169,0.888,1.564,1.052,1.309,rt,
masereka,2026-09-02,1.119,0.859,1.48,1.01,1.257,rt,
masereka,2026-09-03,1.071,0.823,1.418,0.968,1.199,rt,
masereka,2026-09-04,1.034,0.794,1.358,0.93,1.154,rt,
masereka,2026-09-05,0.995,0.757,1.316,0.894,1.11,rt,
masereka,2026-09-06,0.957,0.72,1.28,0.854,1.072,rt,
masereka,2026-09-07,0.938,0.684,1.273,0.822,1.053,rt,
masereka,2026-09-08,0.938,0.694,1.25,0.828,1.048,rt,
masereka,2026-09-09,0.939,0.696,1.238,0.829,1.049,rt,
masereka,2026-09-10,0.938,0.696,1.237,0.83,1.053,rt,
masereka,2026-09-11,0.94,0.698,1.233,0.829,1.055,rt,
masereka,2026-09-12,0.938,0.695,1.242,0.828,1.061,rt,
masereka,2026-09-13,0.937,0.681,1.258,0.824,1.067,rt,
masereka,2026-09-14,0.961,0.685,1.32,0.837,1.097,rt,
masereka,2026-09-15,0.983,0.707,1.349,0.861,1.12,rt,
masereka,2026-09-16,1.008,0.727,1.385,0.883,1.145,rt,
masereka,2026-09-17,1.03,0.743,1.428,0.898,1.178,rt,
masereka,2026-09-18,1.047,0.754,1.472,0.91,1.201,rt,
masereka,2026-09-19,1.069,0.753,1.525,0.921,1.23,rt,
masereka,2026-09-20,1.089,0.749,1.592,0.929,1.263,rt,
masereka,2026-09-21,1.106,0.74,1.678,0.934,1.309,rt,
masereka,2026-09-22,1.112,0.749,1.697,0.944,1.329,rt,
masereka,2026-09-23,1.122,0.747,1.737,0.949,1.342,rt,
masereka,2026-09-24,1.135,0.745,1.777,0.946,1.362,rt,
masereka,2026-09-25,1.142,0.732,1.823,0.949,1.377,rt,
masereka,2026-09-26,1.154,0.72,1.858,0.956,1.402,rt,
masereka,2026-09-27,1.164,0.713,1.89,0.96,1.431,rt,
masereka,2026-09-28,1.157,0.687,1.918,0.941,1.439,rt,
masereka,2026-09-29,1.157,0.679,1.913,0.935,1.428,rt,
masereka,2026-09-30,1.152,0.676,1.893,0.922,1.425,rt,
masereka,2026-10-01,1.145,0.665,1.884,0.909,1.416,rt,
masereka,2026-10-02,1.151,0.667,1.927,0.912,1.436,rt,
masereka,2026-10-03,1.154,0.667,1.98,0.914,1.46,rt,
masereka,2026-10-04,1.155,0.652,2.049,0.915,1.478,rt,
masereka,2026-10-05,1.143,0.626,2.095,0.896,1.477,rt,
masereka,2026-10-06,1.112,0.606,2.075,0.869,1.441,rt,
musienene,2026-06-18,1.968,1.511,2.626,1.757,2.2,rt,
musienene,2026-06-19,1.943,1.499,2.583,1.741,2.166,rt,
musienene,2026-06-20,1.912,1.474,2.574,1.716,2.141,rt,
musienene,2026-06-21,1.885,1.449,2.542,1.694,2.118,rt,
musienene,2026-06-22,1.89,1.438,2.585,1.686,2.134,rt,
musienene,2026-06-23,1.885,1.452,2.513,1.683,2.119,rt,
musienene,2026-06-24,1.884,1.458,2.478,1.691,2.102,rt,
musienene,2026-06-25,1.875,1.458,2.465,1.691,2.085,rt,
musienene,2026-06-26,1.869,1.454,2.436,1.693,2.081,rt,
musienene,2026-06-27,1.858,1.448,2.447,1.686,2.065,rt,
musienene,2026-06-28,1.85,1.423,2.457,1.673,2.068,rt,
musienene,2026-06-29,1.825,1.379,2.459,1.633,2.05,rt,
musienene,2026-06-30,1.786,1.38,2.376,1.615,1.989,rt,
musienene,2026-07-01,1.749,1.372,2.296,1.585,1.938,rt,
musienene,2026-07-02,1.716,1.349,2.225,1.552,1.888,rt,
musienene,2026-07-03,1.683,1.338,2.165,1.525,1.853,rt,
musienene,2026-07-04,1.652,1.31,2.125,1.496,1.826,rt,
musienene,2026-07-05,1.617,1.271,2.099,1.464,1.797,rt,
musienene,2026-07-06,1.586,1.222,2.102,1.431,1.777,rt,
musienene,2026-07-07,1.558,1.219,2.022,1.412,1.73,rt,
musienene,2026-07-08,1.527,1.21,1.963,1.386,1.688,rt,
musienene,2026-07-09,1.495,1.192,1.914,1.363,1.652,rt,
musienene,2026-07-10,1.467,1.175,1.852,1.341,1.615,rt,
musienene,2026-07-11,1.436,1.145,1.813,1.313,1.585,rt,
musienene,2026-07-12,1.407,1.107,1.785,1.282,1.561,rt,
musienene,2026-07-13,1.38,1.073,1.775,1.248,1.538,rt,
musienene,2026-07-14,1.358,1.073,1.715,1.231,1.502,rt,
musienene,2026-07-15,1.334,1.072,1.664,1.215,1.47,rt,
musienene,2026-07-16,1.311,1.06,1.632,1.198,1.434,rt,
musienene,2026-07-17,1.281,1.042,1.584,1.176,1.395,rt,
musienene,2026-07-18,1.255,1.015,1.551,1.147,1.364,rt,
musienene,2026-07-19,1.228,0.971,1.525,1.118,1.339,rt,
musienene,2026-07-20,1.202,0.926,1.511,1.084,1.319,rt,
musienene,2026-07-21,1.184,0.929,1.461,1.074,1.296,rt,
musienene,2026-07-22,1.165,0.93,1.42,1.064,1.27,rt,
musienene,2026-07-23,1.148,0.917,1.401,1.051,1.251,rt,
musienene,2026-07-24,1.129,0.907,1.376,1.038,1.233,rt,
musienene,2026-07-25,1.113,0.889,1.369,1.02,1.217,rt,
musienene,2026-07-26,1.101,0.86,1.371,1.001,1.206,rt,
musienene,2026-07-27,1.096,0.837,1.393,0.986,1.21,rt,
musienene,2026-07-28,1.095,0.856,1.377,0.997,1.2,rt,
musienene,2026-07-29,1.094,0.864,1.361,1.002,1.197,rt,
musienene,2026-07-30,1.096,0.874,1.354,1.005,1.193,rt,
musienene,2026-07-31,1.096,0.884,1.352,1.007,1.194,rt,
musienene,2026-08-01,1.096,0.882,1.356,1.007,1.195,rt,
musienene,2026-08-02,1.097,0.875,1.37,1.003,1.202,rt,
musienene,2026-08-03,1.097,0.858,1.39,0.997,1.213,rt,
musienene,2026-08-04,1.104,0.884,1.374,1.011,1.214,rt,
musienene,2026-08-05,1.112,0.9,1.369,1.021,1.212,rt,
musienene,2026-08-06,1.118,0.91,1.372,1.029,1.215,rt,
musienene,2026-08-07,1.136,0.926,1.385,1.048,1.234,rt,
musienene,2026-08-08,1.151,0.935,1.409,1.063,1.256,rt,
musienene,2026-08-09,1.167,0.938,1.445,1.072,1.279,rt,
musienene,2026-08-10,1.178,0.931,1.486,1.074,1.295,rt,
musienene,2026-08-11,1.188,0.958,1.47,1.092,1.299,rt,
musienene,2026-08-12,1.201,0.977,1.458,1.104,1.303,rt,
musienene,2026-08-13,1.211,0.994,1.462,1.116,1.31,rt,
musienene,2026-08-14,1.213,1.0,1.464,1.116,1.305,rt,
musienene,2026-08-15,1.21,0.998,1.461,1.113,1.306,rt,
musienene,2026-08-16,1.207,0.982,1.481,1.106,1.312,rt,
musienene,2026-08-17,1.206,0.965,1.522,1.095,1.329,rt,
musienene,2026-08-18,1.198,0.972,1.497,1.094,1.311,rt,
musienene,2026-08-19,1.187,0.971,1.467,1.089,1.299,rt,
musienene,2026-08-20,1.175,0.962,1.459,1.082,1.289,rt,
musienene,2026-08-21,1.153,0.952,1.433,1.065,1.264,rt,
musienene,2026-08-22,1.139,0.925,1.409,1.044,1.239,rt,
musienene,2026-08-23,1.119,0.89,1.407,1.018,1.223,rt,
musienene,2026-08-24,1.087,0.848,1.397,0.98,1.204,rt,
musienene,2026-08-25,1.051,0.831,1.323,0.953,1.154,rt,
musienene,2026-08-26,1.014,0.814,1.265,0.926,1.112,rt,
musienene,2026-08-27,0.978,0.788,1.22,0.891,1.073,rt,
musienene,2026-08-28,0.946,0.764,1.17,0.86,1.033,rt,
musienene,2026-08-29,0.907,0.727,1.137,0.825,1.0,rt,
musienene,2026-08-30,0.876,0.684,1.123,0.787,0.97,rt,
musienene,2026-08-31,0.831,0.628,1.084,0.738,0.934,rt,
musienene,2026-09-01,0.805,0.612,1.032,0.717,0.892,rt,
musienene,2026-09-02,0.775,0.593,0.984,0.695,0.862,rt,
musienene,2026-09-03,0.751,0.572,0.952,0.674,0.831,rt,
musienene,2026-09-04,0.726,0.552,0.92,0.655,0.806,rt,
musienene,2026-09-05,0.705,0.53,0.903,0.632,0.781,rt,
musienene,2026-09-06,0.685,0.507,0.887,0.608,0.763,rt,
musienene,2026-09-07,0.672,0.488,0.894,0.591,0.758,rt,
musienene,2026-09-08,0.679,0.501,0.888,0.599,0.76,rt,
musienene,2026-09-09,0.687,0.51,0.893,0.609,0.764,rt,
musienene,2026-09-10,0.695,0.523,0.905,0.619,0.774,rt,
musienene,2026-09-11,0.702,0.53,0.913,0.628,0.783,rt,
musienene,2026-09-12,0.711,0.532,0.939,0.631,0.796,rt,
musienene,2026-09-13,0.718,0.527,0.966,0.635,0.81,rt,
musienene,2026-09-14,0.742,0.532,1.03,0.652,0.845,rt,
musienene,2026-09-15,0.767,0.556,1.061,0.674,0.867,rt,
musienene,2026-09-16,0.795,0.577,1.092,0.696,0.895,rt,
musienene,2026-09-17,0.82,0.587,1.13,0.718,0.934,rt,
musienene,2026-09-18,0.84,0.596,1.177,0.731,0.969,rt,
musienene,2026-09-19,0.863,0.598,1.232,0.744,1.001,rt,
musienene,2026-09-20,0.889,0.6,1.292,0.756,1.046,rt,
musienene,2026-09-21,0.916,0.607,1.369,0.767,1.087,rt,
musienene,2026-09-22,0.926,0.606,1.39,0.779,1.1,rt,
musienene,2026-09-23,0.94,0.608,1.414,0.79,1.111,rt,
musienene,2026-09-24,0.95,0.606,1.433,0.795,1.13,rt,
musienene,2026-09-25,0.964,0.609,1.479,0.796,1.148,rt,
musienene,2026-09-26,0.974,0.607,1.519,0.799,1.173,rt,
musienene,2026-09-27,0.984,0.605,1.572,0.802,1.206,rt,
musienene,2026-09-28,0.983,0.589,1.615,0.791,1.212,rt,
musienene,2026-09-29,0.981,0.579,1.609,0.79,1.208,rt,
musienene,2026-09-30,0.977,0.573,1.607,0.791,1.202,rt,
musienene,2026-10-01,0.973,0.569,1.615,0.788,1.199,rt,
musienene,2026-10-02,0.986,0.565,1.651,0.795,1.209,rt,
musienene,2026-10-03,0.998,0.56,1.715,0.791,1.23,rt,
musienene,2026-10-04,1.004,0.553,1.785,0.784,1.261,rt,
musienene,2026-10-05,0.999,0.535,1.825,0.765,1.268,rt,
musienene,2026-10-06,0.998,0.531,1.8,0.762,1.28,rt,
mutwanga,2026-08-18,1.6,1.423,1.822,1.52,1.685,rt,
mutwanga,2026-08-19,1.602,1.416,1.833,1.518,1.692,rt,
mutwanga,2026-08-20,1.602,1.406,1.855,1.515,1.697,rt,
mutwanga,2026-08-21,1.59,1.41,1.826,1.512,1.68,rt,
mutwanga,2026-08-22,1.578,1.406,1.807,1.504,1.665,rt,
mutwanga,2026-08-23,1.567,1.39,1.791,1.491,1.654,rt,
mutwanga,2026-08-24,1.54,1.364,1.767,1.463,1.627,rt,
mutwanga,2026-08-25,1.509,1.334,1.734,1.431,1.597,rt,
mutwanga,2026-08-26,1.477,1.305,1.708,1.4,1.568,rt,
mutwanga,2026-08-27,1.447,1.268,1.677,1.368,1.538,rt,
mutwanga,2026-08-28,1.414,1.248,1.628,1.34,1.498,rt,
mutwanga,2026-08-29,1.381,1.223,1.586,1.311,1.464,rt,
mutwanga,2026-08-30,1.35,1.186,1.552,1.279,1.429,rt,
mutwanga,2026-08-31,1.298,1.136,1.5,1.225,1.374,rt,
mutwanga,2026-09-01,1.253,1.091,1.449,1.184,1.326,rt,
mutwanga,2026-09-02,1.211,1.051,1.402,1.144,1.283,rt,
mutwanga,2026-09-03,1.171,1.009,1.361,1.105,1.243,rt,
mutwanga,2026-09-04,1.134,0.984,1.3,1.073,1.199,rt,
mutwanga,2026-09-05,1.099,0.955,1.249,1.041,1.159,rt,
mutwanga,2026-09-06,1.063,0.927,1.21,1.009,1.122,rt,
mutwanga,2026-09-07,1.046,0.908,1.196,0.988,1.1,rt,
mutwanga,2026-09-08,1.035,0.905,1.186,0.982,1.09,rt,
mutwanga,2026-09-09,1.027,0.898,1.176,0.972,1.081,rt,
mutwanga,2026-09-10,1.02,0.888,1.169,0.963,1.074,rt,
mutwanga,2026-09-11,1.008,0.886,1.148,0.958,1.063,rt,
mutwanga,2026-09-12,1.001,0.881,1.134,0.949,1.054,rt,
mutwanga,2026-09-13,0.992,0.87,1.131,0.941,1.048,rt,
mutwanga,2026-09-14,1.006,0.874,1.159,0.952,1.065,rt,
mutwanga,2026-09-15,1.022,0.885,1.183,0.963,1.083,rt,
mutwanga,2026-09-16,1.036,0.891,1.211,0.972,1.104,rt,
mutwanga,2026-09-17,1.052,0.896,1.239,0.982,1.126,rt,
mutwanga,2026-09-18,1.06,0.9,1.253,0.991,1.14,rt,
mutwanga,2026-09-19,1.071,0.899,1.28,0.996,1.153,rt,
mutwanga,2026-09-20,1.082,0.894,1.309,0.998,1.169,rt,
mutwanga,2026-09-21,1.094,0.885,1.34,0.998,1.187,rt,
mutwanga,2026-09-22,1.101,0.881,1.365,0.999,1.199,rt,
mutwanga,2026-09-23,1.108,0.87,1.388,1.001,1.216,rt,
mutwanga,2026-09-24,1.116,0.861,1.418,1.002,1.235,rt,
mutwanga,2026-09-25,1.122,0.857,1.435,1.006,1.248,rt,
mutwanga,2026-09-26,1.129,0.849,1.47,1.011,1.265,rt,
mutwanga,2026-09-27,1.134,0.841,1.503,1.011,1.281,rt,
mutwanga,2026-09-28,1.124,0.826,1.514,0.994,1.277,rt,
mutwanga,2026-09-29,1.118,0.81,1.522,0.983,1.273,rt,
mutwanga,2026-09-30,1.117,0.798,1.526,0.971,1.274,rt,
mutwanga,2026-10-01,1.114,0.786,1.532,0.962,1.27,rt,
mutwanga,2026-10-02,1.118,0.778,1.573,0.96,1.281,rt,
mutwanga,2026-10-03,1.125,0.775,1.615,0.952,1.305,rt,
mutwanga,2026-10-04,1.131,0.753,1.678,0.95,1.324,rt,
mutwanga,2026-10-05,1.119,0.728,1.705,0.929,1.333,rt,
mutwanga,2026-10-06,1.105,0.738,1.631,0.93,1.301,rt,
oicha,2026-08-07,1.527,1.163,2.007,1.367,1.698,rt,
oicha,2026-08-08,1.558,1.189,2.052,1.397,1.735,rt,
oicha,2026-08-09,1.59,1.201,2.132,1.43,1.774,rt,
oicha,2026-08-10,1.616,1.191,2.217,1.444,1.818,rt,
oicha,2026-08-11,1.649,1.246,2.209,1.477,1.834,rt,
oicha,2026-08-12,1.685,1.3,2.216,1.512,1.864,rt,
oicha,2026-08-13,1.713,1.33,2.247,1.547,1.9,rt,
oicha,2026-08-14,1.734,1.336,2.239,1.563,1.913,rt,
oicha,2026-08-15,1.76,1.342,2.271,1.571,1.941,rt,
oicha,2026-08-16,1.775,1.333,2.341,1.577,1.975,rt,
oicha,2026-08-17,1.798,1.308,2.433,1.584,2.02,rt,
oicha,2026-08-18,1.83,1.373,2.429,1.62,2.035,rt,
oicha,2026-08-19,1.855,1.411,2.43,1.656,2.064,rt,
oicha,2026-08-20,1.879,1.449,2.457,1.687,2.096,rt,
oicha,2026-08-21,1.894,1.452,2.47,1.705,2.112,rt,
oicha,2026-08-22,1.906,1.461,2.528,1.709,2.128,rt,
oicha,2026-08-23,1.918,1.44,2.578,1.716,2.152,rt,
oicha,2026-08-24,1.915,1.416,2.604,1.698,2.165,rt,
oicha,2026-08-25,1.924,1.454,2.574,1.709,2.157,rt,
oicha,2026-08-26,1.927,1.486,2.549,1.725,2.151,rt,
oicha,2026-08-27,1.926,1.492,2.543,1.73,2.141,rt,
oicha,2026-08-28,1.928,1.492,2.526,1.727,2.135,rt,
oicha,2026-08-29,1.927,1.477,2.519,1.72,2.139,rt,
oicha,2026-08-30,1.921,1.453,2.522,1.713,2.142,rt,
oicha,2026-08-31,1.883,1.41,2.532,1.659,2.11,rt,
oicha,2026-09-01,1.825,1.39,2.404,1.621,2.031,rt,
oicha,2026-09-02,1.765,1.364,2.307,1.583,1.959,rt,
oicha,2026-09-03,1.707,1.325,2.24,1.542,1.902,rt,
oicha,2026-09-04,1.653,1.28,2.164,1.496,1.846,rt,
oicha,2026-09-05,1.607,1.232,2.115,1.445,1.798,rt,
oicha,2026-09-06,1.564,1.182,2.092,1.401,1.751,rt,
oicha,2026-09-07,1.534,1.131,2.101,1.369,1.743,rt,
oicha,2026-09-08,1.487,1.119,1.986,1.332,1.675,rt,
oicha,2026-09-09,1.442,1.1,1.888,1.298,1.617,rt,
oicha,2026-09-10,1.4,1.067,1.819,1.26,1.566,rt,
oicha,2026-09-11,1.353,1.036,1.741,1.225,1.51,rt,
oicha,2026-09-12,1.313,0.994,1.69,1.188,1.455,rt,
oicha,2026-09-13,1.273,0.95,1.655,1.14,1.418,rt,
oicha,2026-09-14,1.263,0.921,1.673,1.119,1.414,rt,
oicha,2026-09-15,1.253,0.925,1.649,1.109,1.399,rt,
oicha,2026-09-16,1.238,0.916,1.62,1.099,1.388,rt,
oicha,2026-09-17,1.232,0.904,1.606,1.093,1.379,rt,
oicha,2026-09-18,1.213,0.88,1.604,1.072,1.361,rt,
oicha,2026-09-19,1.193,0.857,1.608,1.049,1.355,rt,
oicha,2026-09-20,1.178,0.826,1.627,1.025,1.345,rt,
oicha,2026-09-21,1.163,0.791,1.654,1.0,1.341,rt,
oicha,2026-09-22,1.161,0.799,1.646,0.999,1.343,rt,
oicha,2026-09-23,1.16,0.787,1.661,1.001,1.345,rt,
oicha,2026-09-24,1.163,0.771,1.684,0.994,1.348,rt,
oicha,2026-09-25,1.165,0.764,1.713,0.991,1.352,rt,
oicha,2026-09-26,1.166,0.744,1.728,0.989,1.369,rt,
oicha,2026-09-27,1.167,0.725,1.762,0.978,1.386,rt,
oicha,2026-09-28,1.157,0.691,1.777,0.952,1.383,rt,
oicha,2026-09-29,1.149,0.686,1.765,0.944,1.372,rt,
oicha,2026-09-30,1.138,0.681,1.767,0.934,1.356,rt,
oicha,2026-10-01,1.127,0.673,1.783,0.928,1.351,rt,
oicha,2026-10-02,1.136,0.668,1.809,0.932,1.375,rt,
oicha,2026-10-03,1.139,0.661,1.861,0.921,1.393,rt,
oicha,2026-10-04,1.138,0.64,1.934,0.912,1.42,rt,
oicha,2026-10-05,1.129,0.618,1.985,0.879,1.43,rt,
oicha,2026-10-06,1.102,0.593,1.962,0.852,1.404,rt,
vuhovi,2026-08-08,1.646,1.342,2.044,1.522,1.786,rt,
vuhovi,2026-08-09,1.675,1.355,2.101,1.541,1.818,rt,
vuhovi,2026-08-10,1.692,1.353,2.15,1.55,1.849,rt,
vuhovi,2026-08-11,1.719,1.393,2.171,1.579,1.873,rt,
vuhovi,2026-08-12,1.742,1.42,2.182,1.603,1.898,rt,
vuhovi,2026-08-13,1.765,1.44,2.205,1.625,1.92,rt,
vuhovi,2026-08-14,1.778,1.459,2.202,1.637,1.936,rt,
vuhovi,2026-08-15,1.791,1.465,2.228,1.643,1.946,rt,
vuhovi,2026-08-16,1.8,1.462,2.264,1.645,1.96,rt,
vuhovi,2026-08-17,1.809,1.45,2.323,1.649,1.989,rt,
vuhovi,2026-08-18,1.821,1.465,2.314,1.661,1.998,rt,
vuhovi,2026-08-19,1.826,1.469,2.321,1.669,2.006,rt,
vuhovi,2026-08-20,1.83,1.476,2.333,1.672,2.011,rt,
vuhovi,2026-08-21,1.823,1.477,2.312,1.669,1.999,rt,
vuhovi,2026-08-22,1.807,1.464,2.306,1.661,1.982,rt,
vuhovi,2026-08-23,1.794,1.446,2.308,1.651,1.976,rt,
vuhovi,2026-08-24,1.771,1.405,2.308,1.618,1.949,rt,
vuhovi,2026-08-25,1.728,1.375,2.222,1.581,1.903,rt,
vuhovi,2026-08-26,1.687,1.346,2.159,1.545,1.855,rt,
vuhovi,2026-08-27,1.645,1.316,2.106,1.501,1.813,rt,
vuhovi,2026-08-28,1.6,1.282,2.036,1.46,1.763,rt,
vuhovi,2026-08-29,1.556,1.244,1.982,1.414,1.715,rt,
vuhovi,2026-08-30,1.508,1.205,1.941,1.372,1.669,rt,
vuhovi,2026-08-31,1.441,1.132,1.87,1.306,1.603,rt,
vuhovi,2026-09-01,1.382,1.089,1.765,1.254,1.528,rt,
vuhovi,2026-09-02,1.327,1.049,1.685,1.204,1.461,rt,
vuhovi,2026-09-03,1.269,1.007,1.598,1.154,1.4,rt,
vuhovi,2026-09-04,1.218,0.971,1.525,1.11,1.336,rt,
vuhovi,2026-09-05,1.169,0.926,1.458,1.064,1.287,rt,
vuhovi,2026-09-06,1.124,0.881,1.407,1.019,1.235,rt,
vuhovi,2026-09-07,1.094,0.847,1.383,0.989,1.21,rt,
vuhovi,2026-09-08,1.08,0.842,1.348,0.98,1.182,rt,
vuhovi,2026-09-09,1.065,0.835,1.325,0.967,1.16,rt,
vuhovi,2026-09-10,1.046,0.823,1.305,0.953,1.146,rt,
vuhovi,2026-09-11,1.032,0.816,1.284,0.941,1.129,rt,
vuhovi,2026-09-12,1.018,0.801,1.268,0.924,1.115,rt,
vuhovi,2026-09-13,1.005,0.784,1.266,0.904,1.104,rt,
vuhovi,2026-09-14,1.013,0.774,1.297,0.906,1.123,rt,
vuhovi,2026-09-15,1.026,0.787,1.309,0.918,1.134,rt,
vuhovi,2026-09-16,1.041,0.795,1.326,0.932,1.148,rt,
vuhovi,2026-09-17,1.055,0.802,1.351,0.943,1.167,rt,
vuhovi,2026-09-18,1.06,0.802,1.365,0.947,1.181,rt,
vuhovi,2026-09-19,1.067,0.797,1.395,0.949,1.199,rt,
vuhovi,2026-09-20,1.075,0.788,1.427,0.949,1.214,rt,
vuhovi,2026-09-21,1.08,0.777,1.467,0.951,1.237,rt,
vuhovi,2026-09-22,1.088,0.779,1.479,0.956,1.253,rt,
vuhovi,2026-09-23,1.095,0.774,1.505,0.956,1.259,rt,
vuhovi,2026-09-24,1.103,0.774,1.534,0.954,1.267,rt,
vuhovi,2026-09-25,1.112,0.771,1.568,0.957,1.279,rt,
vuhovi,2026-09-26,1.116,0.768,1.606,0.953,1.303,rt,
vuhovi,2026-09-27,1.122,0.755,1.653,0.946,1.318,rt,
vuhovi,2026-09-28,1.112,0.737,1.67,0.927,1.314,rt,
vuhovi,2026-09-29,1.105,0.73,1.659,0.917,1.307,rt,
vuhovi,2026-09-30,1.101,0.717,1.655,0.91,1.303,rt,
vuhovi,2026-10-01,1.091,0.71,1.654,0.9,1.301,rt,
vuhovi,2026-10-02,1.1,0.705,1.687,0.898,1.316,rt,
vuhovi,2026-10-03,1.104,0.705,1.724,0.901,1.333,rt,
vuhovi,2026-10-04,1.111,0.686,1.789,0.895,1.354,rt,
vuhovi,2026-10-05,1.1,0.656,1.84,0.877,1.358,rt,
vuhovi,2026-10-06,1.067,0.632,1.775,0.863,1.337,rt,
boma_mangbetu,2026-07-13,1.682,1.255,2.267,1.493,1.877,rt,
boma_mangbetu,2026-07-14,1.639,1.242,2.188,1.46,1.821,rt,
boma_mangbetu,2026-07-15,1.604,1.224,2.117,1.43,1.776,rt,
boma_mangbetu,2026-07-16,1.565,1.201,2.061,1.398,1.73,rt,
boma_mangbetu,2026-07-17,1.537,1.192,1.992,1.383,1.692,rt,
boma_mangbetu,2026-07-18,1.522,1.168,1.951,1.365,1.669,rt,
boma_mangbetu,2026-07-19,1.493,1.141,1.919,1.344,1.649,rt,
boma_mangbetu,2026-07-20,1.468,1.112,1.904,1.316,1.646,rt,
boma_mangbetu,2026-07-21,1.446,1.104,1.833,1.3,1.61,rt,
boma_mangbetu,2026-07-22,1.423,1.095,1.799,1.285,1.578,rt,
boma_mangbetu,2026-07-23,1.399,1.082,1.756,1.263,1.546,rt,
boma_mangbetu,2026-07-24,1.375,1.074,1.717,1.25,1.509,rt,
boma_mangbetu,2026-07-25,1.354,1.063,1.702,1.231,1.477,rt,
boma_mangbetu,2026-07-26,1.33,1.037,1.683,1.205,1.455,rt,
boma_mangbetu,2026-07-27,1.308,1.009,1.673,1.173,1.437,rt,
boma_mangbetu,2026-07-28,1.28,1.002,1.614,1.156,1.406,rt,
boma_mangbetu,2026-07-29,1.25,0.989,1.576,1.137,1.38,rt,
boma_mangbetu,2026-07-30,1.228,0.97,1.537,1.111,1.35,rt,
boma_mangbetu,2026-07-31,1.198,0.946,1.488,1.089,1.319,rt,
boma_mangbetu,2026-08-01,1.174,0.92,1.46,1.062,1.286,rt,
boma_mangbetu,2026-08-02,1.148,0.881,1.439,1.035,1.259,rt,
boma_mangbetu,2026-08-03,1.128,0.837,1.434,1.011,1.245,rt,
boma_mangbetu,2026-08-04,1.117,0.848,1.417,1.007,1.232,rt,
boma_mangbetu,2026-08-05,1.108,0.848,1.402,1.001,1.22,rt,
boma_mangbetu,2026-08-06,1.102,0.837,1.397,0.992,1.209,rt,
boma_mangbetu,2026-08-07,1.091,0.836,1.38,0.981,1.189,rt,
boma_mangbetu,2026-08-08,1.077,0.829,1.356,0.969,1.178,rt,
boma_mangbetu,2026-08-09,1.065,0.808,1.355,0.951,1.167,rt,
boma_mangbetu,2026-08-10,1.04,0.775,1.342,0.922,1.15,rt,
boma_mangbetu,2026-08-11,1.023,0.776,1.307,0.915,1.13,rt,
boma_mangbetu,2026-08-12,1.008,0.777,1.273,0.904,1.112,rt,
boma_mangbetu,2026-08-13,0.995,0.763,1.244,0.89,1.096,rt,
boma_mangbetu,2026-08-14,0.976,0.747,1.216,0.874,1.067,rt,
boma_mangbetu,2026-08-15,0.955,0.731,1.199,0.858,1.044,rt,
boma_mangbetu,2026-08-16,0.933,0.709,1.183,0.837,1.026,rt,
boma_mangbetu,2026-08-17,0.911,0.686,1.174,0.815,1.011,rt,
boma_mangbetu,2026-08-18,0.896,0.686,1.148,0.806,0.993,rt,
boma_mangbetu,2026-08-19,0.883,0.675,1.122,0.797,0.978,rt,
boma_mangbetu,2026-08-20,0.869,0.667,1.105,0.782,0.965,rt,
boma_mangbetu,2026-08-21,0.865,0.666,1.101,0.778,0.951,rt,
boma_mangbetu,2026-08-22,0.855,0.664,1.094,0.772,0.941,rt,
boma_mangbetu,2026-08-23,0.846,0.654,1.097,0.763,0.936,rt,
boma_mangbetu,2026-08-24,0.857,0.656,1.13,0.768,0.95,rt,
boma_mangbetu,2026-08-25,0.871,0.676,1.141,0.784,0.966,rt,
boma_mangbetu,2026-08-26,0.888,0.689,1.162,0.798,0.982,rt,
boma_mangbetu,2026-08-27,0.902,0.698,1.181,0.809,1.003,rt,
boma_mangbetu,2026-08-28,0.917,0.71,1.183,0.826,1.017,rt,
boma_mangbetu,2026-08-29,0.928,0.721,1.206,0.84,1.028,rt,
boma_mangbetu,2026-08-30,0.941,0.719,1.231,0.849,1.048,rt,
boma_mangbetu,2026-08-31,0.957,0.725,1.26,0.861,1.074,rt,
boma_mangbetu,2026-09-01,0.974,0.742,1.26,0.872,1.083,rt,
boma_mangbetu,2026-09-02,0.989,0.751,1.276,0.887,1.1,rt,
boma_mangbetu,2026-09-03,1.0,0.759,1.292,0.898,1.117,rt,
boma_mangbetu,2026-09-04,1.01,0.766,1.296,0.91,1.122,rt,
boma_mangbetu,2026-09-05,1.018,0.776,1.31,0.915,1.13,rt,
boma_mangbetu,2026-09-06,1.025,0.772,1.334,0.921,1.143,rt,
boma_mangbetu,2026-09-07,1.022,0.763,1.348,0.918,1.145,rt,
boma_mangbetu,2026-09-08,1.015,0.765,1.331,0.916,1.136,rt,
boma_mangbetu,2026-09-09,1.009,0.769,1.327,0.905,1.129,rt,
boma_mangbetu,2026-09-10,1.006,0.763,1.325,0.901,1.124,rt,
boma_mangbetu,2026-09-11,1.0,0.755,1.312,0.897,1.115,rt,
boma_mangbetu,2026-09-12,0.993,0.744,1.317,0.887,1.109,rt,
boma_mangbetu,2026-09-13,0.984,0.725,1.324,0.874,1.106,rt,
boma_mangbetu,2026-09-14,0.974,0.706,1.323,0.857,1.099,rt,
boma_mangbetu,2026-09-15,0.959,0.691,1.306,0.844,1.087,rt,
boma_mangbetu,2026-09-16,0.947,0.68,1.295,0.828,1.073,rt,
boma_mangbetu,2026-09-17,0.936,0.663,1.289,0.815,1.063,rt,
boma_mangbetu,2026-09-18,0.928,0.656,1.291,0.807,1.056,rt,
boma_mangbetu,2026-09-19,0.917,0.646,1.288,0.796,1.052,rt,
boma_mangbetu,2026-09-20,0.91,0.63,1.29,0.783,1.049,rt,
boma_mangbetu,2026-09-21,0.905,0.609,1.299,0.771,1.057,rt,
boma_mangbetu,2026-09-22,0.903,0.604,1.299,0.768,1.053,rt,
boma_mangbetu,2026-09-23,0.897,0.596,1.304,0.758,1.048,rt,
boma_mangbetu,2026-09-24,0.894,0.589,1.312,0.752,1.041,rt,
boma_mangbetu,2026-09-25,0.892,0.583,1.33,0.747,1.045,rt,
boma_mangbetu,2026-09-26,0.89,0.576,1.335,0.744,1.051,rt,
boma_mangbetu,2026-09-27,0.886,0.562,1.351,0.738,1.047,rt,
boma_mangbetu,2026-09-28,0.89,0.552,1.38,0.735,1.06,rt,
boma_mangbetu,2026-09-29,0.892,0.547,1.384,0.739,1.071,rt,
boma_mangbetu,2026-09-30,0.895,0.546,1.398,0.74,1.083,rt,
boma_mangbetu,2026-10-01,0.897,0.547,1.414,0.739,1.092,rt,
boma_mangbetu,2026-10-02,0.904,0.541,1.439,0.731,1.093,rt,
boma_mangbetu,2026-10-03,0.902,0.521,1.484,0.721,1.094,rt,
boma_mangbetu,2026-10-04,0.899,0.502,1.527,0.71,1.103,rt,
boma_mangbetu,2026-10-05,0.896,0.482,1.57,0.697,1.123,rt,
boma_mangbetu,2026-10-06,0.889,0.491,1.501,0.702,1.109,rt,
isiro,2026-07-08,2.881,2.118,4.108,2.518,3.292,rt,
isiro,2026-07-09,2.792,2.069,3.921,2.451,3.176,rt,
isiro,2026-07-10,2.7,2.027,3.762,2.382,3.059,rt,
isiro,2026-07-11,2.609,1.98,3.642,2.312,2.957,rt,
isiro,2026-07-12,2.528,1.912,3.549,2.236,2.851,rt,
isiro,2026-07-13,2.442,1.829,3.452,2.164,2.769,rt,
isiro,2026-07-14,2.352,1.795,3.241,2.101,2.652,rt,
isiro,2026-07-15,2.267,1.756,3.075,2.03,2.549,rt,
isiro,2026-07-16,2.187,1.707,2.917,1.971,2.445,rt,
isiro,2026-07-17,2.12,1.679,2.782,1.926,2.371,rt,
isiro,2026-07-18,2.052,1.639,2.676,1.875,2.304,rt,
isiro,2026-07-19,2.0,1.573,2.598,1.82,2.23,rt,
isiro,2026-07-20,1.948,1.508,2.533,1.758,2.167,rt,
isiro,2026-07-21,1.902,1.501,2.437,1.732,2.102,rt,
isiro,2026-07-22,1.855,1.482,2.354,1.698,2.038,rt,
isiro,2026-07-23,1.806,1.454,2.29,1.661,1.985,rt,
isiro,2026-07-24,1.762,1.425,2.213,1.626,1.925,rt,
isiro,2026-07-25,1.719,1.398,2.163,1.585,1.879,rt,
isiro,2026-07-26,1.677,1.355,2.118,1.541,1.834,rt,
isiro,2026-07-27,1.639,1.302,2.086,1.486,1.799,rt,
isiro,2026-07-28,1.604,1.293,2.012,1.462,1.753,rt,
isiro,2026-07-29,1.569,1.279,1.955,1.441,1.711,rt,
isiro,2026-07-30,1.537,1.254,1.894,1.413,1.672,rt,
isiro,2026-07-31,1.499,1.233,1.835,1.383,1.626,rt,
isiro,2026-08-01,1.46,1.203,1.792,1.352,1.583,rt,
isiro,2026-08-02,1.424,1.16,1.76,1.313,1.555,rt,
isiro,2026-08-03,1.393,1.115,1.763,1.275,1.528,rt,
isiro,2026-08-04,1.353,1.095,1.68,1.241,1.474,rt,
isiro,2026-08-05,1.31,1.064,1.606,1.205,1.423,rt,
isiro,2026-08-06,1.267,1.026,1.558,1.167,1.379,rt,
isiro,2026-08-07,1.22,0.995,1.491,1.125,1.32,rt,
isiro,2026-08-08,1.172,0.952,1.438,1.081,1.27,rt,
isiro,2026-08-09,1.128,0.911,1.398,1.036,1.225,rt,
isiro,2026-08-10,1.073,0.853,1.347,0.982,1.176,rt,
isiro,2026-08-11,1.018,0.812,1.266,0.935,1.108,rt,
isiro,2026-08-12,0.967,0.775,1.198,0.888,1.052,rt,
isiro,2026-08-13,0.918,0.73,1.144,0.842,1.0,rt,
isiro,2026-08-14,0.866,0.687,1.075,0.795,0.943,rt,
isiro,2026-08-15,0.818,0.644,1.012,0.748,0.893,rt,
isiro,2026-08-16,0.77,0.59,0.96,0.698,0.848,rt,
isiro,2026-08-17,0.728,0.538,0.93,0.653,0.808,rt,
isiro,2026-08-18,0.692,0.521,0.873,0.624,0.767,rt,
isiro,2026-08-19,0.659,0.497,0.829,0.594,0.728,rt,
isiro,2026-08-20,0.626,0.47,0.794,0.562,0.694,rt,
isiro,2026-08-21,0.6,0.447,0.763,0.541,0.665,rt,
isiro,2026-08-22,0.575,0.421,0.739,0.514,0.637,rt,
isiro,2026-08-23,0.552,0.392,0.719,0.488,0.616,rt,
isiro,2026-08-24,0.54,0.376,0.722,0.474,0.608,rt,
isiro,2026-08-25,0.53,0.371,0.706,0.463,0.598,rt,
isiro,2026-08-26,0.52,0.365,0.696,0.457,0.59,rt,
isiro,2026-08-27,0.51,0.358,0.687,0.444,0.578,rt,
isiro,2026-08-28,0.502,0.35,0.671,0.437,0.568,rt,
isiro,2026-08-29,0.493,0.337,0.663,0.428,0.561,rt,
isiro,2026-08-30,0.483,0.32,0.659,0.414,0.556,rt,
isiro,2026-08-31,0.477,0.307,0.663,0.403,0.55,rt,
isiro,2026-09-01,0.476,0.311,0.652,0.402,0.548,rt,
isiro,2026-09-02,0.476,0.309,0.645,0.403,0.544,rt,
isiro,2026-09-03,0.476,0.31,0.651,0.402,0.541,rt,
isiro,2026-09-04,0.471,0.308,0.652,0.4,0.537,rt,
isiro,2026-09-05,0.467,0.304,0.648,0.397,0.538,rt,
isiro,2026-09-06,0.463,0.295,0.655,0.395,0.536,rt,
isiro,2026-09-07,0.455,0.284,0.661,0.384,0.534,rt,
isiro,2026-09-08,0.452,0.287,0.655,0.385,0.53,rt,
isiro,2026-09-09,0.452,0.289,0.648,0.384,0.529,rt,
isiro,2026-09-10,0.453,0.291,0.65,0.38,0.526,rt,
isiro,2026-09-11,0.452,0.287,0.649,0.378,0.524,rt,
isiro,2026-09-12,0.449,0.282,0.654,0.374,0.527,rt,
isiro,2026-09-13,0.446,0.274,0.664,0.37,0.529,rt,
isiro,2026-09-14,0.441,0.265,0.67,0.363,0.528,rt,
isiro,2026-09-15,0.441,0.265,0.667,0.361,0.526,rt,
isiro,2026-09-16,0.441,0.267,0.665,0.358,0.524,rt,
isiro,2026-09-17,0.441,0.262,0.67,0.359,0.526,rt,
isiro,2026-09-18,0.441,0.259,0.678,0.36,0.533,rt,
isiro,2026-09-19,0.442,0.254,0.69,0.36,0.538,rt,
isiro,2026-09-20,0.443,0.248,0.709,0.356,0.545,rt,
isiro,2026-09-21,0.446,0.243,0.735,0.354,0.561,rt,
isiro,2026-09-22,0.454,0.247,0.74,0.359,0.565,rt,
isiro,2026-09-23,0.456,0.248,0.761,0.363,0.575,rt,
isiro,2026-09-24,0.462,0.25,0.783,0.368,0.586,rt,
isiro,2026-09-25,0.472,0.255,0.798,0.371,0.594,rt,
isiro,2026-09-26,0.479,0.254,0.819,0.374,0.606,rt,
isiro,2026-09-27,0.483,0.253,0.851,0.375,0.618,rt,
isiro,2026-09-28,0.493,0.253,0.887,0.378,0.636,rt,
isiro,2026-09-29,0.505,0.26,0.908,0.389,0.649,rt,
isiro,2026-09-30,0.515,0.263,0.937,0.395,0.666,rt,
isiro,2026-10-01,0.525,0.264,0.971,0.406,0.682,rt,
isiro,2026-10-02,0.533,0.264,0.984,0.409,0.701,rt,
isiro,2026-10-03,0.541,0.263,1.016,0.41,0.719,rt,
isiro,2026-10-04,0.549,0.261,1.067,0.411,0.74,rt,
isiro,2026-10-05,0.559,0.259,1.115,0.41,0.768,rt,
isiro,2026-10-06,0.601,0.274,1.23,0.436,0.815,rt,
pawa,2026-07-11,1.999,1.524,2.639,1.801,2.248,rt,
pawa,2026-07-12,1.936,1.472,2.586,1.739,2.195,rt,
pawa,2026-07-13,1.884,1.396,2.527,1.684,2.14,rt,
pawa,2026-07-14,1.837,1.372,2.424,1.644,2.068,rt,
pawa,2026-07-15,1.79,1.344,2.352,1.603,2.004,rt,
pawa,2026-07-16,1.74,1.309,2.269,1.555,1.945,rt,
pawa,2026-07-17,1.708,1.294,2.209,1.525,1.895,rt,
pawa,2026-07-18,1.671,1.271,2.16,1.496,1.854,rt,
pawa,2026-07-19,1.634,1.235,2.133,1.463,1.825,rt,
pawa,2026-07-20,1.596,1.192,2.113,1.429,1.8,rt,
pawa,2026-07-21,1.576,1.186,2.067,1.409,1.762,rt,
pawa,2026-07-22,1.548,1.178,2.029,1.4,1.732,rt,
pawa,2026-07-23,1.528,1.161,2.001,1.378,1.706,rt,
pawa,2026-07-24,1.507,1.155,1.946,1.363,1.679,rt,
pawa,2026-07-25,1.492,1.145,1.917,1.346,1.655,rt,
pawa,2026-07-26,1.47,1.111,1.884,1.321,1.634,rt,
pawa,2026-07-27,1.453,1.075,1.863,1.29,1.617,rt,
pawa,2026-07-28,1.448,1.095,1.835,1.293,1.601,rt,
pawa,2026-07-29,1.444,1.105,1.808,1.296,1.588,rt,
pawa,2026-07-30,1.44,1.103,1.799,1.296,1.576,rt,
pawa,2026-07-31,1.432,1.096,1.777,1.294,1.563,rt,
pawa,2026-08-01,1.419,1.091,1.762,1.284,1.555,rt,
pawa,2026-08-02,1.413,1.067,1.756,1.274,1.552,rt,
pawa,2026-08-03,1.409,1.045,1.774,1.264,1.549,rt,
pawa,2026-08-04,1.424,1.09,1.774,1.285,1.559,rt,
pawa,2026-08-05,1.44,1.126,1.778,1.309,1.569,rt,
pawa,2026-08-06,1.455,1.147,1.797,1.326,1.589,rt,
pawa,2026-08-07,1.464,1.17,1.788,1.342,1.593,rt,
pawa,2026-08-08,1.474,1.18,1.803,1.35,1.604,rt,
pawa,2026-08-09,1.479,1.185,1.836,1.359,1.617,rt,
pawa,2026-08-10,1.473,1.168,1.866,1.344,1.621,rt,
pawa,2026-08-11,1.466,1.185,1.847,1.341,1.612,rt,
pawa,2026-08-12,1.463,1.181,1.833,1.336,1.602,rt,
pawa,2026-08-13,1.454,1.168,1.845,1.325,1.595,rt,
pawa,2026-08-14,1.436,1.159,1.828,1.314,1.574,rt,
pawa,2026-08-15,1.416,1.138,1.831,1.291,1.565,rt,
pawa,2026-08-16,1.394,1.114,1.819,1.269,1.553,rt,
pawa,2026-08-17,1.375,1.087,1.82,1.249,1.545,rt,
pawa,2026-08-18,1.342,1.067,1.75,1.221,1.508,rt,
pawa,2026-08-19,1.307,1.05,1.705,1.19,1.463,rt,
pawa,2026-08-20,1.273,1.025,1.657,1.159,1.419,rt,
pawa,2026-08-21,1.25,1.015,1.618,1.139,1.393,rt,
pawa,2026-08-22,1.223,1.0,1.585,1.119,1.363,rt,
pawa,2026-08-23,1.196,0.98,1.562,1.095,1.332,rt,
pawa,2026-08-24,1.203,0.973,1.565,1.096,1.336,rt,
pawa,2026-08-25,1.199,0.973,1.541,1.094,1.327,rt,
pawa,2026-08-26,1.194,0.968,1.527,1.091,1.314,rt,
pawa,2026-08-27,1.187,0.954,1.504,1.082,1.307,rt,
pawa,2026-08-28,1.179,0.967,1.47,1.083,1.291,rt,
pawa,2026-08-29,1.169,0.967,1.444,1.077,1.28,rt,
pawa,2026-08-30,1.157,0.959,1.429,1.07,1.266,rt,
pawa,2026-08-31,1.152,0.947,1.43,1.061,1.261,rt,
pawa,2026-09-01,1.146,0.945,1.407,1.06,1.25,rt,
pawa,2026-09-02,1.139,0.941,1.392,1.053,1.238,rt,
pawa,2026-09-03,1.133,0.932,1.384,1.046,1.231,rt,
pawa,2026-09-04,1.125,0.927,1.366,1.042,1.216,rt,
pawa,2026-09-05,1.115,0.914,1.355,1.029,1.205,rt,
pawa,2026-09-06,1.102,0.898,1.346,1.014,1.197,rt,
pawa,2026-09-07,1.078,0.869,1.336,0.986,1.178,rt,
pawa,2026-09-08,1.062,0.857,1.305,0.972,1.16,rt,
pawa,2026-09-09,1.048,0.843,1.289,0.956,1.143,rt,
pawa,2026-09-10,1.036,0.819,1.277,0.94,1.13,rt,
pawa,2026-09-11,1.018,0.798,1.245,0.924,1.113,rt,
pawa,2026-09-12,1.001,0.775,1.233,0.906,1.098,rt,
pawa,2026-09-13,0.982,0.753,1.225,0.889,1.087,rt,
pawa,2026-09-14,0.967,0.722,1.216,0.863,1.071,rt,
pawa,2026-09-15,0.946,0.706,1.197,0.841,1.052,rt,
pawa,2026-09-16,0.926,0.688,1.184,0.821,1.035,rt,
pawa,2026-09-17,0.905,0.67,1.172,0.8,1.021,rt,
pawa,2026-09-18,0.893,0.659,1.164,0.788,1.009,rt,
pawa,2026-09-19,0.883,0.642,1.157,0.772,0.997,rt,
pawa,2026-09-20,0.87,0.615,1.162,0.757,0.986,rt,
pawa,2026-09-21,0.863,0.598,1.175,0.743,0.986,rt,
pawa,2026-09-22,0.858,0.587,1.181,0.736,0.983,rt,
pawa,2026-09-23,0.852,0.573,1.183,0.73,0.981,rt,
pawa,2026-09-24,0.845,0.559,1.199,0.718,0.98,rt,
pawa,2026-09-25,0.842,0.551,1.209,0.714,0.98,rt,
pawa,2026-09-26,0.837,0.54,1.221,0.706,0.985,rt,
pawa,2026-09-27,0.832,0.531,1.234,0.702,0.987,rt,
pawa,2026-09-28,0.836,0.522,1.253,0.697,0.998,rt,
pawa,2026-09-29,0.839,0.518,1.269,0.698,1.008,rt,
pawa,2026-09-30,0.843,0.514,1.289,0.697,1.019,rt,
pawa,2026-10-01,0.851,0.503,1.314,0.694,1.027,rt,
pawa,2026-10-02,0.85,0.496,1.331,0.687,1.034,rt,
pawa,2026-10-03,0.849,0.48,1.36,0.683,1.044,rt,
pawa,2026-10-04,0.848,0.463,1.396,0.675,1.059,rt,
pawa,2026-10-05,0.847,0.451,1.423,0.666,1.077,rt,
pawa,2026-10-06,0.851,0.448,1.411,0.664,1.054,rt,
rungu,2026-10-06,0.83,0.503,1.288,0.686,1.019,rt,
wamba,2026-06-30,2.51,1.928,3.405,2.233,2.833,rt,
wamba,2026-07-01,2.436,1.869,3.286,2.17,2.748,rt,
wamba,2026-07-02,2.36,1.815,3.172,2.104,2.651,rt,
wamba,2026-07-03,2.267,1.75,3.008,2.032,2.529,rt,
wamba,2026-07-04,2.177,1.679,2.88,1.957,2.426,rt,
wamba,2026-07-05,2.096,1.596,2.776,1.88,2.336,rt,
wamba,2026-07-06,2.004,1.499,2.662,1.786,2.244,rt,
wamba,2026-07-07,1.941,1.483,2.541,1.738,2.167,rt,
wamba,2026-07-08,1.878,1.449,2.46,1.697,2.094,rt,
wamba,2026-07-09,1.826,1.426,2.386,1.657,2.033,rt,
wamba,2026-07-10,1.778,1.389,2.288,1.617,1.959,rt,
wamba,2026-07-11,1.726,1.357,2.214,1.576,1.899,rt,
wamba,2026-07-12,1.687,1.306,2.162,1.531,1.846,rt,
wamba,2026-07-13,1.643,1.249,2.114,1.482,1.804,rt,
wamba,2026-07-14,1.615,1.256,2.064,1.465,1.77,rt,
wamba,2026-07-15,1.59,1.258,2.013,1.45,1.74,rt,
wamba,2026-07-16,1.563,1.244,1.985,1.431,1.718,rt,
wamba,2026-07-17,1.554,1.249,1.951,1.425,1.698,rt,
wamba,2026-07-18,1.541,1.242,1.939,1.414,1.689,rt,
wamba,2026-07-19,1.535,1.22,1.933,1.402,1.679,rt,
wamba,2026-07-20,1.529,1.192,1.951,1.385,1.68,rt,
wamba,2026-07-21,1.513,1.204,1.902,1.372,1.653,rt,
wamba,2026-07-22,1.496,1.204,1.873,1.361,1.637,rt,
wamba,2026-07-23,1.481,1.191,1.834,1.345,1.613,rt,
wamba,2026-07-24,1.465,1.185,1.82,1.337,1.591,rt,
wamba,2026-07-25,1.444,1.165,1.8,1.32,1.574,rt,
wamba,2026-07-26,1.427,1.146,1.788,1.301,1.559,rt,
wamba,2026-07-27,1.408,1.114,1.807,1.27,1.544,rt,
wamba,2026-07-28,1.376,1.102,1.74,1.245,1.501,rt,
wamba,2026-07-29,1.34,1.084,1.684,1.224,1.463,rt,
wamba,2026-07-30,1.307,1.049,1.635,1.199,1.424,rt,
wamba,2026-07-31,1.268,1.031,1.579,1.164,1.384,rt,
wamba,2026-08-01,1.235,1.002,1.541,1.131,1.347,rt,
wamba,2026-08-02,1.202,0.961,1.513,1.092,1.316,rt,
wamba,2026-08-03,1.174,0.916,1.496,1.059,1.294,rt,
wamba,2026-08-04,1.156,0.913,1.457,1.053,1.268,rt,
wamba,2026-08-05,1.14,0.903,1.424,1.041,1.246,rt,
wamba,2026-08-06,1.122,0.889,1.409,1.029,1.226,rt,
wamba,2026-08-07,1.101,0.874,1.363,1.009,1.2,rt,
wamba,2026-08-08,1.082,0.854,1.332,0.986,1.181,rt,
wamba,2026-08-09,1.062,0.825,1.313,0.96,1.165,rt,
wamba,2026-08-10,1.031,0.787,1.304,0.926,1.139,rt,
wamba,2026-08-11,1.007,0.777,1.259,0.911,1.109,rt,
wamba,2026-08-12,0.983,0.768,1.226,0.891,1.081,rt,
wamba,2026-08-13,0.959,0.754,1.198,0.874,1.053,rt,
wamba,2026-08-14,0.931,0.736,1.158,0.85,1.019,rt,
wamba,2026-08-15,0.907,0.706,1.127,0.824,0.987,rt,
wamba,2026-08-16,0.882,0.676,1.106,0.795,0.962,rt,
wamba,2026-08-17,0.856,0.641,1.095,0.768,0.945,rt,
wamba,2026-08-18,0.84,0.635,1.058,0.759,0.921,rt,
wamba,2026-08-19,0.825,0.632,1.027,0.746,0.906,rt,
wamba,2026-08-20,0.808,0.624,1.007,0.732,0.889,rt,
wamba,2026-08-21,0.803,0.622,0.986,0.728,0.878,rt,
wamba,2026-08-22,0.794,0.607,0.98,0.717,0.87,rt,
wamba,2026-08-23,0.784,0.591,0.975,0.703,0.863,rt,
wamba,2026-08-24,0.793,0.59,1.001,0.706,0.88,rt,
wamba,2026-08-25,0.811,0.617,1.011,0.726,0.895,rt,
wamba,2026-08-26,0.824,0.638,1.026,0.743,0.91,rt,
wamba,2026-08-27,0.841,0.65,1.049,0.758,0.929,rt,
wamba,2026-08-28,0.856,0.667,1.063,0.772,0.942,rt,
wamba,2026-08-29,0.871,0.683,1.085,0.788,0.957,rt,
wamba,2026-08-30,0.885,0.689,1.112,0.801,0.976,rt,
wamba,2026-08-31,0.905,0.689,1.159,0.811,0.999,rt,
wamba,2026-09-01,0.919,0.714,1.173,0.829,1.011,rt,
wamba,2026-09-02,0.934,0.729,1.193,0.847,1.025,rt,
wamba,2026-09-03,0.948,0.747,1.218,0.861,1.043,rt,
wamba,2026-09-04,0.96,0.764,1.22,0.878,1.057,rt,
wamba,2026-09-05,0.975,0.771,1.234,0.885,1.07,rt,
wamba,2026-09-06,0.988,0.778,1.27,0.891,1.088,rt,
wamba,2026-09-07,0.99,0.767,1.288,0.887,1.096,rt,
wamba,2026-09-08,0.986,0.768,1.258,0.883,1.084,rt,
wamba,2026-09-09,0.98,0.765,1.243,0.88,1.077,rt,
wamba,2026-09-10,0.974,0.758,1.243,0.876,1.075,rt,
wamba,2026-09-11,0.966,0.748,1.231,0.868,1.066,rt,
wamba,2026-09-12,0.958,0.738,1.23,0.861,1.061,rt,
wamba,2026-09-13,0.951,0.718,1.232,0.852,1.058,rt,
wamba,2026-09-14,0.937,0.692,1.242,0.837,1.051,rt,
wamba,2026-09-15,0.924,0.68,1.228,0.824,1.036,rt,
wamba,2026-09-16,0.912,0.668,1.203,0.809,1.02,rt,
wamba,2026-09-17,0.898,0.649,1.208,0.797,1.013,rt,
wamba,2026-09-18,0.889,0.638,1.2,0.789,1.008,rt,
wamba,2026-09-19,0.878,0.624,1.211,0.778,1.006,rt,
wamba,2026-09-20,0.867,0.607,1.219,0.765,1.003,rt,
wamba,2026-09-21,0.865,0.589,1.242,0.752,1.011,rt,
wamba,2026-09-22,0.864,0.578,1.236,0.748,1.008,rt,
wamba,2026-09-23,0.858,0.564,1.241,0.738,1.009,rt,
wamba,2026-09-24,0.851,0.554,1.249,0.73,1.012,rt,
wamba,2026-09-25,0.854,0.543,1.249,0.725,1.009,rt,
wamba,2026-09-26,0.854,0.532,1.262,0.718,1.009,rt,
wamba,2026-09-27,0.855,0.521,1.282,0.709,1.013,rt,
wamba,2026-09-28,0.858,0.508,1.305,0.707,1.031,rt,
wamba,2026-09-29,0.866,0.507,1.323,0.707,1.041,rt,
wamba,2026-09-30,0.867,0.504,1.342,0.706,1.048,rt,
wamba,2026-10-01,0.872,0.503,1.359,0.704,1.06,rt,
wamba,2026-10-02,0.866,0.495,1.362,0.699,1.062,rt,
wamba,2026-10-03,0.86,0.49,1.386,0.692,1.076,rt,
wamba,2026-10-04,0.855,0.475,1.424,0.682,1.088,rt,
wamba,2026-10-05,0.848,0.458,1.471,0.673,1.108,rt,
wamba,2026-10-06,0.856,0.473,1.47,0.674,1.089,rt,
makiso_kisangani,2026-07-25,1.326,1.144,1.536,1.252,1.414,rt,
makiso_kisangani,2026-07-26,1.333,1.153,1.538,1.256,1.421,rt,
makiso_kisangani,2026-07-27,1.344,1.161,1.549,1.264,1.431,rt,
makiso_kisangani,2026-07-28,1.353,1.169,1.565,1.27,1.441,rt,
makiso_kisangani,2026-07-29,1.362,1.173,1.58,1.276,1.451,rt,
makiso_kisangani,2026-07-30,1.37,1.176,1.596,1.283,1.462,rt,
makiso_kisangani,2026-07-31,1.377,1.18,1.593,1.288,1.461,rt,
makiso_kisangani,2026-08-01,1.378,1.184,1.594,1.29,1.464,rt,
makiso_kisangani,2026-08-02,1.38,1.185,1.599,1.292,1.466,rt,
makiso_kisangani,2026-08-03,1.373,1.178,1.597,1.289,1.465,rt,
makiso_kisangani,2026-08-04,1.371,1.169,1.6,1.286,1.465,rt,
makiso_kisangani,2026-08-05,1.367,1.159,1.607,1.28,1.464,rt,
makiso_kisangani,2026-08-06,1.365,1.152,1.616,1.273,1.463,rt,
makiso_kisangani,2026-08-07,1.353,1.145,1.596,1.271,1.451,rt,
makiso_kisangani,2026-08-08,1.342,1.14,1.578,1.264,1.438,rt,
makiso_kisangani,2026-08-09,1.335,1.128,1.569,1.253,1.428,rt,
makiso_kisangani,2026-08-10,1.325,1.116,1.56,1.244,1.414,rt,
makiso_kisangani,2026-08-11,1.315,1.108,1.562,1.233,1.404,rt,
makiso_kisangani,2026-08-12,1.304,1.096,1.562,1.221,1.396,rt,
makiso_kisangani,2026-08-13,1.295,1.088,1.558,1.211,1.389,rt,
makiso_kisangani,2026-08-14,1.286,1.087,1.534,1.205,1.373,rt,
makiso_kisangani,2026-08-15,1.277,1.087,1.517,1.198,1.361,rt,
makiso_kisangani,2026-08-16,1.268,1.079,1.503,1.191,1.358,rt,
makiso_kisangani,2026-08-17,1.262,1.072,1.499,1.184,1.356,rt,
makiso_kisangani,2026-08-18,1.256,1.069,1.496,1.176,1.354,rt,
makiso_kisangani,2026-08-19,1.252,1.059,1.493,1.17,1.351,rt,
makiso_kisangani,2026-08-20,1.249,1.05,1.492,1.163,1.352,rt,
makiso_kisangani,2026-08-21,1.247,1.063,1.477,1.164,1.346,rt,
makiso_kisangani,2026-08-22,1.248,1.068,1.465,1.166,1.336,rt,
makiso_kisangani,2026-08-23,1.247,1.067,1.458,1.168,1.331,rt,
makiso_kisangani,2026-08-24,1.255,1.073,1.465,1.174,1.337,rt,
makiso_kisangani,2026-08-25,1.259,1.075,1.476,1.178,1.342,rt,
makiso_kisangani,2026-08-26,1.266,1.075,1.487,1.183,1.348,rt,
makiso_kisangani,2026-08-27,1.275,1.076,1.505,1.186,1.357,rt,
makiso_kisangani,2026-08-28,1.276,1.083,1.49,1.191,1.354,rt,
makiso_kisangani,2026-08-29,1.276,1.086,1.488,1.194,1.355,rt,
makiso_kisangani,2026-08-30,1.277,1.086,1.486,1.195,1.357,rt,
makiso_kisangani,2026-08-31,1.267,1.074,1.474,1.184,1.348,rt,
makiso_kisangani,2026-09-01,1.257,1.065,1.463,1.175,1.339,rt,
makiso_kisangani,2026-09-02,1.246,1.053,1.462,1.164,1.334,rt,
makiso_kisangani,2026-09-03,1.237,1.036,1.46,1.154,1.33,rt,
makiso_kisangani,2026-09-04,1.223,1.027,1.438,1.138,1.309,rt,
makiso_kisangani,2026-09-05,1.209,1.018,1.42,1.125,1.294,rt,
makiso_kisangani,2026-09-06,1.193,1.005,1.411,1.112,1.282,rt,
makiso_kisangani,2026-09-07,1.169,0.984,1.384,1.088,1.256,rt,
makiso_kisangani,2026-09-08,1.146,0.959,1.363,1.065,1.231,rt,
makiso_kisangani,2026-09-09,1.125,0.937,1.34,1.043,1.21,rt,
makiso_kisangani,2026-09-10,1.106,0.912,1.324,1.02,1.191,rt,
makiso_kisangani,2026-09-11,1.09,0.907,1.302,1.009,1.171,rt,
makiso_kisangani,2026-09-12,1.075,0.892,1.288,0.995,1.155,rt,
makiso_kisangani,2026-09-13,1.06,0.88,1.281,0.985,1.143,rt,
makiso_kisangani,2026-09-14,1.053,0.872,1.277,0.977,1.136,rt,
makiso_kisangani,2026-09-15,1.045,0.86,1.273,0.966,1.132,rt,
makiso_kisangani,2026-09-16,1.037,0.847,1.271,0.959,1.126,rt,
makiso_kisangani,2026-09-17,1.031,0.832,1.275,0.949,1.12,rt,
makiso_kisangani,2026-09-18,1.034,0.834,1.278,0.951,1.125,rt,
makiso_kisangani,2026-09-19,1.037,0.833,1.286,0.953,1.133,rt,
makiso_kisangani,2026-09-20,1.038,0.831,1.294,0.949,1.142,rt,
makiso_kisangani,2026-09-21,1.046,0.834,1.316,0.957,1.157,rt,
makiso_kisangani,2026-09-22,1.058,0.833,1.34,0.962,1.175,rt,
makiso_kisangani,2026-09-23,1.068,0.832,1.364,0.966,1.188,rt,
makiso_kisangani,2026-09-24,1.076,0.832,1.387,0.97,1.202,rt,
makiso_kisangani,2026-09-25,1.08,0.831,1.393,0.969,1.209,rt,
makiso_kisangani,2026-09-26,1.084,0.831,1.403,0.971,1.215,rt,
makiso_kisangani,2026-09-27,1.088,0.823,1.411,0.969,1.219,rt,
makiso_kisangani,2026-09-28,1.085,0.811,1.42,0.963,1.222,rt,
makiso_kisangani,2026-09-29,1.079,0.796,1.433,0.957,1.225,rt,
makiso_kisangani,2026-09-30,1.079,0.785,1.454,0.951,1.228,rt,
makiso_kisangani,2026-10-01,1.076,0.773,1.464,0.948,1.23,rt,
makiso_kisangani,2026-10-02,1.078,0.761,1.482,0.944,1.242,rt,
makiso_kisangani,2026-10-03,1.086,0.749,1.524,0.935,1.254,rt,
makiso_kisangani,2026-10-04,1.09,0.739,1.558,0.926,1.267,rt,
makiso_kisangani,2026-10-05,1.092,0.713,1.6,0.911,1.282,rt,
makiso_kisangani,2026-10-06,1.092,0.732,1.544,0.923,1.266,rt,
mangobo,2026-09-11,1.101,0.913,1.317,1.02,1.184,rt,
mangobo,2026-09-12,1.086,0.902,1.303,1.007,1.169,rt,
mangobo,2026-09-13,1.074,0.889,1.295,0.996,1.156,rt,
mangobo,2026-09-14,1.064,0.883,1.294,0.989,1.149,rt,
mangobo,2026-09-15,1.057,0.87,1.289,0.979,1.145,rt,
mangobo,2026-09-16,1.05,0.859,1.293,0.97,1.139,rt,
mangobo,2026-09-17,1.043,0.842,1.292,0.963,1.137,rt,
mangobo,2026-09-18,1.046,0.841,1.298,0.962,1.141,rt,
mangobo,2026-09-19,1.049,0.842,1.302,0.965,1.146,rt,
mangobo,2026-09-20,1.051,0.837,1.312,0.963,1.155,rt,
mangobo,2026-09-21,1.06,0.839,1.335,0.968,1.172,rt,
mangobo,2026-09-22,1.07,0.839,1.357,0.975,1.188,rt,
mangobo,2026-09-23,1.08,0.837,1.382,0.979,1.204,rt,
mangobo,2026-09-24,1.092,0.838,1.406,0.984,1.22,rt,
mangobo,2026-09-25,1.094,0.84,1.408,0.984,1.223,rt,
mangobo,2026-09-26,1.097,0.837,1.419,0.983,1.228,rt,
mangobo,2026-09-27,1.099,0.831,1.428,0.981,1.233,rt,
mangobo,2026-09-28,1.096,0.819,1.443,0.976,1.238,rt,
mangobo,2026-09-29,1.096,0.806,1.457,0.969,1.24,rt,
mangobo,2026-09-30,1.092,0.79,1.473,0.964,1.244,rt,
mangobo,2026-10-01,1.091,0.782,1.482,0.959,1.246,rt,
mangobo,2026-10-02,1.094,0.768,1.501,0.958,1.257,rt,
mangobo,2026-10-03,1.099,0.758,1.546,0.948,1.267,rt,
mangobo,2026-10-04,1.104,0.748,1.581,0.936,1.279,rt,
mangobo,2026-10-05,1.103,0.73,1.618,0.927,1.292,rt,
mangobo,2026-10-06,1.106,0.751,1.563,0.94,1.277,rt,
adja,2026-08-18,,,,,,cases,0
adja,2026-08-25,,,,,,cases,0
adja,2026-09-01,,,,,,cases,0
adja,2026-09-08,,,,,,cases,0
adja,2026-09-15,,,,,,cases,0
adja,2026-09-22,,,,,,cases,0
adja,2026-09-29,,,,,,cases,0
adja,2026-10-06,,,,,,cases,1
ariwara,2026-08-18,,,,,,cases,1
ariwara,2026-08-25,,,,,,cases,0
ariwara,2026-09-01,,,,,,cases,0
ariwara,2026-09-08,,,,,,cases,0
ariwara,2026-09-15,,,,,,cases,0
ariwara,2026-09-22,,,,,,cases,0
ariwara,2026-09-29,,,,,,cases,0
ariwara,2026-10-06,,,,,,cases,0
aru,2026-08-18,,,,,,cases,0
aru,2026-08-25,,,,,,cases,0
aru,2026-09-01,,,,,,cases,1
aru,2026-09-08,,,,,,cases,0
aru,2026-09-15,,,,,,cases,0
aru,2026-09-22,,,,,,cases,0
aru,2026-09-29,,,,,,cases,0
aru,2026-10-06,,,,,,cases,0
aungba,2026-08-18,,,,,,cases,1
aungba,2026-08-25,,,,,,cases,1
aungba,2026-09-01,,,,,,cases,0
aungba,2026-09-08,,,,,,cases,0
aungba,2026-09-15,,,,,,cases,0
aungba,2026-09-22,,,,,,cases,0
aungba,2026-09-29,,,,,,cases,0
aungba,2026-10-06,,,,,,cases,0
bambu,2026-08-18,,,,,,cases,21
bambu,2026-08-25,,,,,,cases,34
bambu,2026-09-01,,,,,,cases,17
bambu,2026-09-08,,,,,,cases,11
bambu,2026-09-15,,,,,,cases,3
bambu,2026-09-22,,,,,,cases,18
bambu,2026-09-29,,,,,,cases,5
bambu,2026-10-06,,,,,,cases,8
boga,2026-08-18,,,,,,cases,0
boga,2026-08-25,,,,,,cases,1
boga,2026-09-01,,,,,,cases,0
boga,2026-09-08,,,,,,cases,0
boga,2026-09-15,,,,,,cases,0
boga,2026-09-22,,,,,,cases,0
boga,2026-09-29,,,,,,cases,0
boga,2026-10-06,,,,,,cases,0
bunia,2026-08-18,,,,,,cases,176
bunia,2026-08-25,,,,,,cases,98
bunia,2026-09-01,,,,,,cases,96
bunia,2026-09-08,,,,,,cases,110
bunia,2026-09-15,,,,,,cases,88
bunia,2026-09-22,,,,,,cases,67
bunia,2026-09-29,,,,,,cases,50
bunia,2026-10-06,,,,,,cases,62
damas,2026-08-18,,,,,,cases,7
damas,2026-08-25,,,,,,cases,2
damas,2026-09-01,,,,,,cases,1
damas,2026-09-08,,,,,,cases,4
damas,2026-09-15,,,,,,cases,8
damas,2026-09-22,,,,,,cases,0
damas,2026-09-29,,,,,,cases,0
damas,2026-10-06,,,,,,cases,0
drodro,2026-08-18,,,,,,cases,1
drodro,2026-08-25,,,,,,cases,0
drodro,2026-09-01,,,,,,cases,1
drodro,2026-09-08,,,,,,cases,1
drodro,2026-09-15,,,,,,cases,0
drodro,2026-09-22,,,,,,cases,0
drodro,2026-09-29,,,,,,cases,0
drodro,2026-10-06,,,,,,cases,0
fataki,2026-08-18,,,,,,cases,17
fataki,2026-08-25,,,,,,cases,1
fataki,2026-09-01,,,,,,cases,4
fataki,2026-09-08,,,,,,cases,1
fataki,2026-09-15,,,,,,cases,1
fataki,2026-09-22,,,,,,cases,2
fataki,2026-09-29,,,,,,cases,1
fataki,2026-10-06,,,,,,cases,2
gety,2026-08-18,,,,,,cases,3
gety,2026-08-25,,,,,,cases,0
gety,2026-09-01,,,,,,cases,1
gety,2026-09-08,,,,,,cases,1
gety,2026-09-15,,,,,,cases,0
gety,2026-09-22,,,,,,cases,0
gety,2026-09-29,,,,,,cases,0
gety,2026-10-06,,,,,,cases,2
kambala,2026-08-18,,,,,,cases,0
kambala,2026-08-25,,,,,,cases,0
kambala,2026-09-01,,,,,,cases,0
kambala,2026-09-08,,,,,,cases,0
kambala,2026-09-15,,,,,,cases,0
kambala,2026-09-22,,,,,,cases,0
kambala,2026-09-29,,,,,,cases,0
kambala,2026-10-06,,,,,,cases,0
kilo,2026-08-18,,,,,,cases,2
kilo,2026-08-25,,,,,,cases,1
kilo,2026-09-01,,,,,,cases,0
kilo,2026-09-08,,,,,,cases,1
kilo,2026-09-15,,,,,,cases,0
kilo,2026-09-22,,,,,,cases,1
kilo,2026-09-29,,,,,,cases,1
kilo,2026-10-06,,,,,,cases,3
komanda,2026-08-18,,,,,,cases,11
komanda,2026-08-25,,,,,,cases,8
komanda,2026-09-01,,,,,,cases,31
komanda,2026-09-08,,,,,,cases,26
komanda,2026-09-15,,,,,,cases,18
komanda,2026-09-22,,,,,,cases,17
komanda,2026-09-29,,,,,,cases,16
komanda,2026-10-06,,,,,,cases,7
lita,2026-08-18,,,,,,cases,23
lita,2026-08-25,,,,,,cases,18
lita,2026-09-01,,,,,,cases,20
lita,2026-09-08,,,,,,cases,23
lita,2026-09-15,,,,,,cases,17
lita,2026-09-22,,,,,,cases,12
lita,2026-09-29,,,,,,cases,8
lita,2026-10-06,,,,,,cases,11
logo,2026-08-18,,,,,,cases,0
logo,2026-08-25,,,,,,cases,0
logo,2026-09-01,,,,,,cases,0
logo,2026-09-08,,,,,,cases,2
logo,2026-09-15,,,,,,cases,0
logo,2026-09-22,,,,,,cases,0
logo,2026-09-29,,,,,,cases,0
logo,2026-10-06,,,,,,cases,1
lolwa,2026-08-18,,,,,,cases,6
lolwa,2026-08-25,,,,,,cases,2
lolwa,2026-09-01,,,,,,cases,3
lolwa,2026-09-08,,,,,,cases,3
lolwa,2026-09-15,,,,,,cases,6
lolwa,2026-09-22,,,,,,cases,1
lolwa,2026-09-29,,,,,,cases,2
lolwa,2026-10-06,,,,,,cases,1
mahagi,2026-08-18,,,,,,cases,0
mahagi,2026-08-25,,,,,,cases,0
mahagi,2026-09-01,,,,,,cases,0
mahagi,2026-09-08,,,,,,cases,0
mahagi,2026-09-15,,,,,,cases,0
mahagi,2026-09-22,,,,,,cases,0
mahagi,2026-09-29,,,,,,cases,0
mahagi,2026-10-06,,,,,,cases,0
mambasa,2026-08-18,,,,,,cases,1
mambasa,2026-08-25,,,,,,cases,3
mambasa,2026-09-01,,,,,,cases,0
mambasa,2026-09-08,,,,,,cases,0
mambasa,2026-09-15,,,,,,cases,0
mambasa,2026-09-22,,,,,,cases,6
mambasa,2026-09-29,,,,,,cases,6
mambasa,2026-10-06,,,,,,cases,12
mandima,2026-08-18,,,,,,cases,6
mandima,2026-08-25,,,,,,cases,7
mandima,2026-09-01,,,,,,cases,4
mandima,2026-09-08,,,,,,cases,8
mandima,2026-09-15,,,,,,cases,13
mandima,2026-09-22,,,,,,cases,9
mandima,2026-09-29,,,,,,cases,71
mandima,2026-10-06,,,,,,cases,61
mangala,2026-08-18,,,,,,cases,57
mangala,2026-08-25,,,,,,cases,30
mangala,2026-09-01,,,,,,cases,60
mangala,2026-09-08,,,,,,cases,34
mangala,2026-09-15,,,,,,cases,25
mangala,2026-09-22,,,,,,cases,19
mangala,2026-09-29,,,,,,cases,10
mangala,2026-10-06,,,,,,cases,15
mongbwalu,2026-08-18,,,,,,cases,17
mongbwalu,2026-08-25,,,,,,cases,12
mongbwalu,2026-09-01,,,,,,cases,10
mongbwalu,2026-09-08,,,,,,cases,25
mongbwalu,2026-09-15,,,,,,cases,30
mongbwalu,2026-09-22,,,,,,cases,22
mongbwalu,2026-09-29,,,,,,cases,9
mongbwalu,2026-10-06,,,,,,cases,9
nia_nia,2026-08-18,,,,,,cases,36
nia_nia,2026-08-25,,,,,,cases,21
nia_nia,2026-09-01,,,,,,cases,17
nia_nia,2026-09-08,,,,,,cases,12
nia_nia,2026-09-15,,,,,,cases,20
nia_nia,2026-09-22,,,,,,cases,21
nia_nia,2026-09-29,,,,,,cases,29
nia_nia,2026-10-06,,,,,,cases,16
nizi,2026-08-18,,,,,,cases,69
nizi,2026-08-25,,,,,,cases,70
nizi,2026-09-01,,,,,,cases,42
nizi,2026-09-08,,,,,,cases,53
nizi,2026-09-15,,,,,,cases,19
nizi,2026-09-22,,,,,,cases,20
nizi,2026-09-29,,,,,,cases,16
nizi,2026-10-06,,,,,,cases,14
nyankunde,2026-08-18,,,,,,cases,5
nyankunde,2026-08-25,,,,,,cases,3
nyankunde,2026-09-01,,,,,,cases,0
nyankunde,2026-09-08,,,,,,cases,1
nyankunde,2026-09-15,,,,,,cases,0
nyankunde,2026-09-22,,,,,,cases,2
nyankunde,2026-09-29,,,,,,cases,2
nyankunde,2026-10-06,,,,,,cases,1
rimba,2026-08-18,,,,,,cases,0
rimba,2026-08-25,,,,,,cases,1
rimba,2026-09-01,,,,,,cases,1
rimba,2026-09-08,,,,,,cases,0
rimba,2026-09-15,,,,,,cases,0
rimba,2026-09-22,,,,,,cases,1
rimba,2026-09-29,,,,,,cases,0
rimba,2026-10-06,,,,,,cases,2
rwampara,2026-08-18,,,,,,cases,114
rwampara,2026-08-25,,,,,,cases,42
rwampara,2026-09-01,,,,,,cases,43
rwampara,2026-09-08,,,,,,cases,35
rwampara,2026-09-15,,,,,,cases,30
rwampara,2026-09-22,,,,,,cases,32
rwampara,2026-09-29,,,,,,cases,22
rwampara,2026-10-06,,,,,,cases,35
tchomia,2026-08-18,,,,,,cases,3
tchomia,2026-08-25,,,,,,cases,4
tchomia,2026-09-01,,,,,,cases,2
tchomia,2026-09-08,,,,,,cases,6
tchomia,2026-09-15,,,,,,cases,12
tchomia,2026-09-22,,,,,,cases,0
tchomia,2026-09-29,,,,,,cases,1
tchomia,2026-10-06,,,,,,cases,0
alimbongo,2026-08-18,,,,,,cases,0
alimbongo,2026-08-25,,,,,,cases,0
alimbongo,2026-09-01,,,,,,cases,0
alimbongo,2026-09-08,,,,,,cases,0
alimbongo,2026-09-15,,,,,,cases,0
alimbongo,2026-09-22,,,,,,cases,0
alimbongo,2026-09-29,,,,,,cases,0
alimbongo,2026-10-06,,,,,,cases,5
beni,2026-08-18,,,,,,cases,20
beni,2026-08-25,,,,,,cases,20
beni,2026-09-01,,,,,,cases,28
beni,2026-09-08,,,,,,cases,39
beni,2026-09-15,,,,,,cases,56
beni,2026-09-22,,,,,,cases,51
beni,2026-09-29,,,,,,cases,56
beni,2026-10-06,,,,,,cases,61
biena,2026-08-18,,,,,,cases,0
biena,2026-08-25,,,,,,cases,0
biena,2026-09-01,,,,,,cases,1
biena,2026-09-08,,,,,,cases,8
biena,2026-09-15,,,,,,cases,9
biena,2026-09-22,,,,,,cases,0
biena,2026-09-29,,,,,,cases,1
biena,2026-10-06,,,,,,cases,4
butembo,2026-08-18,,,,,,cases,21
butembo,2026-08-25,,,,,,cases,22
butembo,2026-09-01,,,,,,cases,34
butembo,2026-09-08,,,,,,cases,37
butembo,2026-09-15,,,,,,cases,25
butembo,2026-09-22,,,,,,cases,11
butembo,2026-09-29,,,,,,cases,10
butembo,2026-10-06,,,,,,cases,23
goma,2026-08-18,,,,,,cases,0
goma,2026-08-25,,,,,,cases,0
goma,2026-09-01,,,,,,cases,0
goma,2026-09-08,,,,,,cases,0
goma,2026-09-15,,,,,,cases,0
goma,2026-09-22,,,,,,cases,0
goma,2026-09-29,,,,,,cases,0
goma,2026-10-06,,,,,,cases,0
kalunguta,2026-08-18,,,,,,cases,3
kalunguta,2026-08-25,,,,,,cases,3
kalunguta,2026-09-01,,,,,,cases,0
kalunguta,2026-09-08,,,,,,cases,4
kalunguta,2026-09-15,,,,,,cases,16
kalunguta,2026-09-22,,,,,,cases,13
kalunguta,2026-09-29,,,,,,cases,5
kalunguta,2026-10-06,,,,,,cases,9
katwa,2026-08-18,,,,,,cases,71
katwa,2026-08-25,,,,,,cases,50
katwa,2026-09-01,,,,,,cases,48
katwa,2026-09-08,,,,,,cases,69
katwa,2026-09-15,,,,,,cases,56
katwa,2026-09-22,,,,,,cases,15
katwa,2026-09-29,,,,,,cases,14
katwa,2026-10-06,,,,,,cases,46
kayna,2026-08-18,,,,,,cases,0
kayna,2026-08-25,,,,,,cases,0
kayna,2026-09-01,,,,,,cases,0
kayna,2026-09-08,,,,,,cases,1
kayna,2026-09-15,,,,,,cases,0
kayna,2026-09-22,,,,,,cases,0
kayna,2026-09-29,,,,,,cases,0
kayna,2026-10-06,,,,,,cases,2
kyondo,2026-08-18,,,,,,cases,2
kyondo,2026-08-25,,,,,,cases,1
kyondo,2026-09-01,,,,,,cases,0
kyondo,2026-09-08,,,,,,cases,9
kyondo,2026-09-15,,,,,,cases,5
kyondo,2026-09-22,,,,,,cases,2
kyondo,2026-09-29,,,,,,cases,1
kyondo,2026-10-06,,,,,,cases,4
lubero,2026-08-18,,,,,,cases,0
lubero,2026-08-25,,,,,,cases,0
lubero,2026-09-01,,,,,,cases,2
lubero,2026-09-08,,,,,,cases,4
lubero,2026-09-15,,,,,,cases,8
lubero,2026-09-22,,,,,,cases,5
lubero,2026-09-29,,,,,,cases,1
lubero,2026-10-06,,,,,,cases,2
mabalako,2026-08-18,,,,,,cases,1
mabalako,2026-08-25,,,,,,cases,1
mabalako,2026-09-01,,,,,,cases,3
mabalako,2026-09-08,,,,,,cases,4
mabalako,2026-09-15,,,,,,cases,9
mabalako,2026-09-22,,,,,,cases,5
mabalako,2026-09-29,,,,,,cases,9
mabalako,2026-10-06,,,,,,cases,18
manguredjipa,2026-08-18,,,,,,cases,0
manguredjipa,2026-08-25,,,,,,cases,0
manguredjipa,2026-09-01,,,,,,cases,2
manguredjipa,2026-09-08,,,,,,cases,2
manguredjipa,2026-09-15,,,,,,cases,5
manguredjipa,2026-09-22,,,,,,cases,4
manguredjipa,2026-09-29,,,,,,cases,0
manguredjipa,2026-10-06,,,,,,cases,0
masereka,2026-08-18,,,,,,cases,0
masereka,2026-08-25,,,,,,cases,0
masereka,2026-09-01,,,,,,cases,4
masereka,2026-09-08,,,,,,cases,4
masereka,2026-09-15,,,,,,cases,8
masereka,2026-09-22,,,,,,cases,2
masereka,2026-09-29,,,,,,cases,4
masereka,2026-10-06,,,,,,cases,5
musienene,2026-08-18,,,,,,cases,14
musienene,2026-08-25,,,,,,cases,9
musienene,2026-09-01,,,,,,cases,11
musienene,2026-09-08,,,,,,cases,18
musienene,2026-09-15,,,,,,cases,16
musienene,2026-09-22,,,,,,cases,4
musienene,2026-09-29,,,,,,cases,3
musienene,2026-10-06,,,,,,cases,16
mutwanga,2026-08-18,,,,,,cases,0
mutwanga,2026-08-25,,,,,,cases,1
mutwanga,2026-09-01,,,,,,cases,1
mutwanga,2026-09-08,,,,,,cases,0
mutwanga,2026-09-15,,,,,,cases,4
mutwanga,2026-09-22,,,,,,cases,4
mutwanga,2026-09-29,,,,,,cases,2
mutwanga,2026-10-06,,,,,,cases,8
oicha,2026-08-18,,,,,,cases,1
oicha,2026-08-25,,,,,,cases,1
oicha,2026-09-01,,,,,,cases,0
oicha,2026-09-08,,,,,,cases,2
oicha,2026-09-15,,,,,,cases,3
oicha,2026-09-22,,,,,,cases,3
oicha,2026-09-29,,,,,,cases,11
oicha,2026-10-06,,,,,,cases,8
vuhovi,2026-08-18,,,,,,cases,2
vuhovi,2026-08-25,,,,,,cases,0
vuhovi,2026-09-01,,,,,,cases,1
vuhovi,2026-09-08,,,,,,cases,4
vuhovi,2026-09-15,,,,,,cases,10
vuhovi,2026-09-22,,,,,,cases,7
vuhovi,2026-09-29,,,,,,cases,4
vuhovi,2026-10-06,,,,,,cases,4
boma_mangbetu,2026-08-18,,,,,,cases,2
boma_mangbetu,2026-08-25,,,,,,cases,3
boma_mangbetu,2026-09-01,,,,,,cases,1
boma_mangbetu,2026-09-08,,,,,,cases,2
boma_mangbetu,2026-09-15,,,,,,cases,5
boma_mangbetu,2026-09-22,,,,,,cases,2
boma_mangbetu,2026-09-29,,,,,,cases,3
boma_mangbetu,2026-10-06,,,,,,cases,4
dungu,2026-08-18,,,,,,cases,0
dungu,2026-08-25,,,,,,cases,0
dungu,2026-09-01,,,,,,cases,0
dungu,2026-09-08,,,,,,cases,0
dungu,2026-09-15,,,,,,cases,0
dungu,2026-09-22,,,,,,cases,1
dungu,2026-09-29,,,,,,cases,0
dungu,2026-10-06,,,,,,cases,0
gombari,2026-08-18,,,,,,cases,0
gombari,2026-08-25,,,,,,cases,2
gombari,2026-09-01,,,,,,cases,0
gombari,2026-09-08,,,,,,cases,0
gombari,2026-09-15,,,,,,cases,0
gombari,2026-09-22,,,,,,cases,0
gombari,2026-09-29,,,,,,cases,0
gombari,2026-10-06,,,,,,cases,0
isiro,2026-08-18,,,,,,cases,24
isiro,2026-08-25,,,,,,cases,19
isiro,2026-09-01,,,,,,cases,11
isiro,2026-09-08,,,,,,cases,7
isiro,2026-09-15,,,,,,cases,6
isiro,2026-09-22,,,,,,cases,1
isiro,2026-09-29,,,,,,cases,3
isiro,2026-10-06,,,,,,cases,0
pawa,2026-08-18,,,,,,cases,3
pawa,2026-08-25,,,,,,cases,0
pawa,2026-09-01,,,,,,cases,17
pawa,2026-09-08,,,,,,cases,9
pawa,2026-09-15,,,,,,cases,15
pawa,2026-09-22,,,,,,cases,9
pawa,2026-09-29,,,,,,cases,15
pawa,2026-10-06,,,,,,cases,7
rungu,2026-08-18,,,,,,cases,0
rungu,2026-08-25,,,,,,cases,0
rungu,2026-09-01,,,,,,cases,0
rungu,2026-09-08,,,,,,cases,1
rungu,2026-09-15,,,,,,cases,0
rungu,2026-09-22,,,,,,cases,0
rungu,2026-09-29,,,,,,cases,0
rungu,2026-10-06,,,,,,cases,2
wamba,2026-08-18,,,,,,cases,12
wamba,2026-08-25,,,,,,cases,12
wamba,2026-09-01,,,,,,cases,13
wamba,2026-09-08,,,,,,cases,8
wamba,2026-09-15,,,,,,cases,6
wamba,2026-09-22,,,,,,cases,13
wamba,2026-09-29,,,,,,cases,7
wamba,2026-10-06,,,,,,cases,7
miti_murhesa,2026-08-18,,,,,,cases,0
miti_murhesa,2026-08-25,,,,,,cases,0
miti_murhesa,2026-09-01,,,,,,cases,0
miti_murhesa,2026-09-08,,,,,,cases,0
miti_murhesa,2026-09-15,,,,,,cases,0
miti_murhesa,2026-09-22,,,,,,cases,0
miti_murhesa,2026-09-29,,,,,,cases,0
miti_murhesa,2026-10-06,,,,,,cases,0
bafwasende,2026-08-18,,,,,,cases,0
bafwasende,2026-08-25,,,,,,cases,0
bafwasende,2026-09-01,,,,,,cases,1
bafwasende,2026-09-08,,,,,,cases,2
bafwasende,2026-09-15,,,,,,cases,3
bafwasende,2026-09-22,,,,,,cases,0
bafwasende,2026-09-29,,,,,,cases,0
bafwasende,2026-10-06,,,,,,cases,0
kabondo,2026-08-18,,,,,,cases,1
kabondo,2026-08-25,,,,,,cases,0
kabondo,2026-09-01,,,,,,cases,0
kabondo,2026-09-08,,,,,,cases,1
kabondo,2026-09-15,,,,,,cases,0
kabondo,2026-09-22,,,,,,cases,1
kabondo,2026-09-29,,,,,,cases,0
kabondo,2026-10-06,,,,,,cases,0
lubunga,2026-08-18,,,,,,cases,0
lubunga,2026-08-25,,,,,,cases,0
lubunga,2026-09-01,,,,,,cases,0
lubunga,2026-09-08,,,,,,cases,0
lubunga,2026-09-15,,,,,,cases,0
lubunga,2026-09-22,,,,,,cases,0
lubunga,2026-09-29,,,,,,cases,0
lubunga,2026-10-06,,,,,,cases,0
makiso_kisangani,2026-08-18,,,,,,cases,2
makiso_kisangani,2026-08-25,,,,,,cases,1
makiso_kisangani,2026-09-01,,,,,,cases,3
makiso_kisangani,2026-09-08,,,,,,cases,1
makiso_kisangani,2026-09-15,,,,,,cases,1
makiso_kisangani,2026-09-22,,,,,,cases,11
makiso_kisangani,2026-09-29,,,,,,cases,2
makiso_kisangani,2026-10-06,,,,,,cases,3
mangobo,2026-08-18,,,,,,cases,1
mangobo,2026-08-25,,,,,,cases,0
mangobo,2026-09-01,,,,,,cases,1
mangobo,2026-09-08,,,,,,cases,0
mangobo,2026-09-15,,,,,,cases,1
mangobo,2026-09-22,,,,,,cases,1
mangobo,2026-09-29,,,,,,cases,1
mangobo,2026-10-06,,,,,,cases,2
tshopo,2026-08-18,,,,,,cases,1
tshopo,2026-08-25,,,,,,cases,0
tshopo,2026-09-01,,,,,,cases,0
tshopo,2026-09-08,,,,,,cases,0
tshopo,2026-09-15,,,,,,cases,0
tshopo,2026-09-22,,,,,,cases,0
tshopo,2026-09-29,,,,,,cases,0
tshopo,2026-10-06,,,,,,cases,1
wanie_rukula,2026-08-18,,,,,,cases,0
wanie_rukula,2026-08-25,,,,,,cases,0
wanie_rukula,2026-09-01,,,,,,cases,0
wanie_rukula,2026-09-08,,,,,,cases,0
wanie_rukula,2026-09-15,,,,,,cases,0
wanie_rukula,2026-09-22,,,,,,cases,0
wanie_rukula,2026-09-29,,,,,,cases,0
wanie_rukula,2026-10-06,,,,,,cases,0
buta,2026-08-18,,,,,,cases,1
buta,2026-08-25,,,,,,cases,0
buta,2026-09-01,,,,,,cases,0
buta,2026-09-08,,,,,,cases,0
buta,2026-09-15,,,,,,cases,0
buta,2026-09-22,,,,,,cases,0
buta,2026-09-29,,,,,,cases,0
buta,2026-10-06,,,,,,cases,0
ganga,2026-08-18,,,,,,cases,0
ganga,2026-08-25,,,,,,cases,1
ganga,2026-09-01,,,,,,cases,1
ganga,2026-09-08,,,,,,cases,0
ganga,2026-09-15,,,,,,cases,1
ganga,2026-09-22,,,,,,cases,0
ganga,2026-09-29,,,,,,cases,0
ganga,2026-10-06,,,,,,cases,0
viadana,2026-08-18,,,,,,cases,1
viadana,2026-08-25,,,,,,cases,0
viadana,2026-09-01,,,,,,cases,0
viadana,2026-09-08,,,,,,cases,0
viadana,2026-09-15,,,,,,cases,2
viadana,2026-09-22,,,,,,cases,0
viadana,2026-09-29,,,,,,cases,3
viadana,2026-10-06,,,,,,cases,0
bulu,2026-08-18,,,,,,cases,0
bulu,2026-08-25,,,,,,cases,0
bulu,2026-09-01,,,,,,cases,0
bulu,2026-09-08,,,,,,cases,0
bulu,2026-09-15,,,,,,cases,1
bulu,2026-09-22,,,,,,cases,1
bulu,2026-09-29,,,,,,cases,0
bulu,2026-10-06,,,,,,cases,0
adja,2026-08-18,,,,,,deaths,0
adja,2026-08-25,,,,,,deaths,0
adja,2026-09-01,,,,,,deaths,0
adja,2026-09-08,,,,,,deaths,0
adja,2026-09-15,,,,,,deaths,0
adja,2026-09-22,,,,,,deaths,0
adja,2026-09-29,,,,,,deaths,0
adja,2026-10-06,,,,,,deaths,0
ariwara,2026-08-18,,,,,,deaths,0
ariwara,2026-08-25,,,,,,deaths,0
ariwara,2026-09-01,,,,,,deaths,0
ariwara,2026-09-08,,,,,,deaths,0
ariwara,2026-09-15,,,,,,deaths,0
ariwara,2026-09-22,,,,,,deaths,0
ariwara,2026-09-29,,,,,,deaths,0
ariwara,2026-10-06,,,,,,deaths,0
aru,2026-08-18,,,,,,deaths,0
aru,2026-08-25,,,,,,deaths,0
aru,2026-09-01,,,,,,deaths,0
aru,2026-09-08,,,,,,deaths,0
aru,2026-09-15,,,,,,deaths,0
aru,2026-09-22,,,,,,deaths,0
aru,2026-09-29,,,,,,deaths,0
aru,2026-10-06,,,,,,deaths,0
aungba,2026-08-18,,,,,,deaths,0
aungba,2026-08-25,,,,,,deaths,0
aungba,2026-09-01,,,,,,deaths,0
aungba,2026-09-08,,,,,,deaths,0
aungba,2026-09-15,,,,,,deaths,0
aungba,2026-09-22,,,,,,deaths,0
aungba,2026-09-29,,,,,,deaths,0
aungba,2026-10-06,,,,,,deaths,0
bambu,2026-08-18,,,,,,deaths,4
bambu,2026-08-25,,,,,,deaths,3
bambu,2026-09-01,,,,,,deaths,7
bambu,2026-09-08,,,,,,deaths,3
bambu,2026-09-15,,,,,,deaths,0
bambu,2026-09-22,,,,,,deaths,2
bambu,2026-09-29,,,,,,deaths,5
bambu,2026-10-06,,,,,,deaths,1
boga,2026-08-18,,,,,,deaths,0
boga,2026-08-25,,,,,,deaths,1
boga,2026-09-01,,,,,,deaths,0
boga,2026-09-08,,,,,,deaths,0
boga,2026-09-15,,,,,,deaths,0
boga,2026-09-22,,,,,,deaths,0
boga,2026-09-29,,,,,,deaths,0
boga,2026-10-06,,,,,,deaths,0
bunia,2026-08-18,,,,,,deaths,67
bunia,2026-08-25,,,,,,deaths,27
bunia,2026-09-01,,,,,,deaths,31
bunia,2026-09-08,,,,,,deaths,34
bunia,2026-09-15,,,,,,deaths,34
bunia,2026-09-22,,,,,,deaths,18
bunia,2026-09-29,,,,,,deaths,33
bunia,2026-10-06,,,,,,deaths,33
damas,2026-08-18,,,,,,deaths,1
damas,2026-08-25,,,,,,deaths,0
damas,2026-09-01,,,,,,deaths,0
damas,2026-09-08,,,,,,deaths,0
damas,2026-09-15,,,,,,deaths,0
damas,2026-09-22,,,,,,deaths,0
damas,2026-09-29,,,,,,deaths,0
damas,2026-10-06,,,,,,deaths,0
drodro,2026-08-18,,,,,,deaths,0
drodro,2026-08-25,,,,,,deaths,0
drodro,2026-09-01,,,,,,deaths,1
drodro,2026-09-08,,,,,,deaths,0
drodro,2026-09-15,,,,,,deaths,0
drodro,2026-09-22,,,,,,deaths,0
drodro,2026-09-29,,,,,,deaths,0
drodro,2026-10-06,,,,,,deaths,0
fataki,2026-08-18,,,,,,deaths,1
fataki,2026-08-25,,,,,,deaths,0
fataki,2026-09-01,,,,,,deaths,0
fataki,2026-09-08,,,,,,deaths,0
fataki,2026-09-15,,,,,,deaths,0
fataki,2026-09-22,,,,,,deaths,0
fataki,2026-09-29,,,,,,deaths,1
fataki,2026-10-06,,,,,,deaths,0
gety,2026-08-18,,,,,,deaths,1
gety,2026-08-25,,,,,,deaths,0
gety,2026-09-01,,,,,,deaths,0
gety,2026-09-08,,,,,,deaths,1
gety,2026-09-15,,,,,,deaths,0
gety,2026-09-22,,,,,,deaths,0
gety,2026-09-29,,,,,,deaths,0
gety,2026-10-06,,,,,,deaths,2
kambala,2026-08-18,,,,,,deaths,0
kambala,2026-08-25,,,,,,deaths,0
kambala,2026-09-01,,,,,,deaths,0
kambala,2026-09-08,,,,,,deaths,0
kambala,2026-09-15,,,,,,deaths,0
kambala,2026-09-22,,,,,,deaths,0
kambala,2026-09-29,,,,,,deaths,0
kambala,2026-10-06,,,,,,deaths,0
kilo,2026-08-18,,,,,,deaths,1
kilo,2026-08-25,,,,,,deaths,0
kilo,2026-09-01,,,,,,deaths,0
kilo,2026-09-08,,,,,,deaths,0
kilo,2026-09-15,,,,,,deaths,0
kilo,2026-09-22,,,,,,deaths,0
kilo,2026-09-29,,,,,,deaths,0
kilo,2026-10-06,,,,,,deaths,0
komanda,2026-08-18,,,,,,deaths,8
komanda,2026-08-25,,,,,,deaths,2
komanda,2026-09-01,,,,,,deaths,23
komanda,2026-09-08,,,,,,deaths,18
komanda,2026-09-15,,,,,,deaths,8
komanda,2026-09-22,,,,,,deaths,5
komanda,2026-09-29,,,,,,deaths,9
komanda,2026-10-06,,,,,,deaths,5
lita,2026-08-18,,,,,,deaths,10
lita,2026-08-25,,,,,,deaths,5
lita,2026-09-01,,,,,,deaths,10
lita,2026-09-08,,,,,,deaths,1
lita,2026-09-15,,,,,,deaths,8
lita,2026-09-22,,,,,,deaths,8
lita,2026-09-29,,,,,,deaths,5
lita,2026-10-06,,,,,,deaths,5
logo,2026-08-18,,,,,,deaths,0
logo,2026-08-25,,,,,,deaths,0
logo,2026-09-01,,,,,,deaths,0
logo,2026-09-08,,,,,,deaths,0
logo,2026-09-15,,,,,,deaths,0
logo,2026-09-22,,,,,,deaths,0
logo,2026-09-29,,,,,,deaths,0
logo,2026-10-06,,,,,,deaths,1
lolwa,2026-08-18,,,,,,deaths,0
lolwa,2026-08-25,,,,,,deaths,0
lolwa,2026-09-01,,,,,,deaths,1
lolwa,2026-09-08,,,,,,deaths,2
lolwa,2026-09-15,,,,,,deaths,1
lolwa,2026-09-22,,,,,,deaths,0
lolwa,2026-09-29,,,,,,deaths,1
lolwa,2026-10-06,,,,,,deaths,0
mahagi,2026-08-18,,,,,,deaths,0
mahagi,2026-08-25,,,,,,deaths,0
mahagi,2026-09-01,,,,,,deaths,0
mahagi,2026-09-08,,,,,,deaths,0
mahagi,2026-09-15,,,,,,deaths,0
mahagi,2026-09-22,,,,,,deaths,0
mahagi,2026-09-29,,,,,,deaths,0
mahagi,2026-10-06,,,,,,deaths,0
mambasa,2026-08-18,,,,,,deaths,1
mambasa,2026-08-25,,,,,,deaths,0
mambasa,2026-09-01,,,,,,deaths,0
mambasa,2026-09-08,,,,,,deaths,0
mambasa,2026-09-15,,,,,,deaths,0
mambasa,2026-09-22,,,,,,deaths,2
mambasa,2026-09-29,,,,,,deaths,2
mambasa,2026-10-06,,,,,,deaths,6
mandima,2026-08-18,,,,,,deaths,3
mandima,2026-08-25,,,,,,deaths,3
mandima,2026-09-01,,,,,,deaths,2
mandima,2026-09-08,,,,,,deaths,3
mandima,2026-09-15,,,,,,deaths,8
mandima,2026-09-22,,,,,,deaths,4
mandima,2026-09-29,,,,,,deaths,39
mandima,2026-10-06,,,,,,deaths,23
mangala,2026-08-18,,,,,,deaths,25
mangala,2026-08-25,,,,,,deaths,10
mangala,2026-09-01,,,,,,deaths,25
mangala,2026-09-08,,,,,,deaths,7
mangala,2026-09-15,,,,,,deaths,5
mangala,2026-09-22,,,,,,deaths,3
mangala,2026-09-29,,,,,,deaths,5
mangala,2026-10-06,,,,,,deaths,3
mongbwalu,2026-08-18,,,,,,deaths,2
mongbwalu,2026-08-25,,,,,,deaths,2
mongbwalu,2026-09-01,,,,,,deaths,3
mongbwalu,2026-09-08,,,,,,deaths,6
mongbwalu,2026-09-15,,,,,,deaths,14
mongbwalu,2026-09-22,,,,,,deaths,16
mongbwalu,2026-09-29,,,,,,deaths,8
mongbwalu,2026-10-06,,,,,,deaths,6
nia_nia,2026-08-18,,,,,,deaths,20
nia_nia,2026-08-25,,,,,,deaths,4
nia_nia,2026-09-01,,,,,,deaths,5
nia_nia,2026-09-08,,,,,,deaths,2
nia_nia,2026-09-15,,,,,,deaths,13
nia_nia,2026-09-22,,,,,,deaths,21
nia_nia,2026-09-29,,,,,,deaths,13
nia_nia,2026-10-06,,,,,,deaths,13
nizi,2026-08-18,,,,,,deaths,16
nizi,2026-08-25,,,,,,deaths,9
nizi,2026-09-01,,,,,,deaths,12
nizi,2026-09-08,,,,,,deaths,9
nizi,2026-09-15,,,,,,deaths,0
nizi,2026-09-22,,,,,,deaths,3
nizi,2026-09-29,,,,,,deaths,3
nizi,2026-10-06,,,,,,deaths,7
nyankunde,2026-08-18,,,,,,deaths,0
nyankunde,2026-08-25,,,,,,deaths,0
nyankunde,2026-09-01,,,,,,deaths,0
nyankunde,2026-09-08,,,,,,deaths,1
nyankunde,2026-09-15,,,,,,deaths,0
nyankunde,2026-09-22,,,,,,deaths,1
nyankunde,2026-09-29,,,,,,deaths,0
nyankunde,2026-10-06,,,,,,deaths,0
rimba,2026-08-18,,,,,,deaths,0
rimba,2026-08-25,,,,,,deaths,0
rimba,2026-09-01,,,,,,deaths,0
rimba,2026-09-08,,,,,,deaths,0
rimba,2026-09-15,,,,,,deaths,0
rimba,2026-09-22,,,,,,deaths,0
rimba,2026-09-29,,,,,,deaths,0
rimba,2026-10-06,,,,,,deaths,1
rwampara,2026-08-18,,,,,,deaths,29
rwampara,2026-08-25,,,,,,deaths,3
rwampara,2026-09-01,,,,,,deaths,6
rwampara,2026-09-08,,,,,,deaths,7
rwampara,2026-09-15,,,,,,deaths,2
rwampara,2026-09-22,,,,,,deaths,9
rwampara,2026-09-29,,,,,,deaths,10
rwampara,2026-10-06,,,,,,deaths,19
tchomia,2026-08-18,,,,,,deaths,1
tchomia,2026-08-25,,,,,,deaths,0
tchomia,2026-09-01,,,,,,deaths,0
tchomia,2026-09-08,,,,,,deaths,0
tchomia,2026-09-15,,,,,,deaths,0
tchomia,2026-09-22,,,,,,deaths,0
tchomia,2026-09-29,,,,,,deaths,0
tchomia,2026-10-06,,,,,,deaths,0
alimbongo,2026-08-18,,,,,,deaths,0
alimbongo,2026-08-25,,,,,,deaths,0
alimbongo,2026-09-01,,,,,,deaths,0
alimbongo,2026-09-08,,,,,,deaths,0
alimbongo,2026-09-15,,,,,,deaths,0
alimbongo,2026-09-22,,,,,,deaths,0
alimbongo,2026-09-29,,,,,,deaths,0
alimbongo,2026-10-06,,,,,,deaths,3
beni,2026-08-18,,,,,,deaths,11
beni,2026-08-25,,,,,,deaths,14
beni,2026-09-01,,,,,,deaths,20
beni,2026-09-08,,,,,,deaths,33
beni,2026-09-15,,,,,,deaths,40
beni,2026-09-22,,,,,,deaths,26
beni,2026-09-29,,,,,,deaths,25
beni,2026-10-06,,,,,,deaths,39
biena,2026-08-18,,,,,,deaths,0
biena,2026-08-25,,,,,,deaths,0
biena,2026-09-01,,,,,,deaths,1
biena,2026-09-08,,,,,,deaths,3
biena,2026-09-15,,,,,,deaths,3
biena,2026-09-22,,,,,,deaths,0
biena,2026-09-29,,,,,,deaths,0
biena,2026-10-06,,,,,,deaths,0
butembo,2026-08-18,,,,,,deaths,13
butembo,2026-08-25,,,,,,deaths,12
butembo,2026-09-01,,,,,,deaths,24
butembo,2026-09-08,,,,,,deaths,14
butembo,2026-09-15,,,,,,deaths,9
butembo,2026-09-22,,,,,,deaths,5
butembo,2026-09-29,,,,,,deaths,8
butembo,2026-10-06,,,,,,deaths,10
goma,2026-08-18,,,,,,deaths,0
goma,2026-08-25,,,,,,deaths,0
goma,2026-09-01,,,,,,deaths,0
goma,2026-09-08,,,,,,deaths,0
goma,2026-09-15,,,,,,deaths,0
goma,2026-09-22,,,,,,deaths,0
goma,2026-09-29,,,,,,deaths,0
goma,2026-10-06,,,,,,deaths,0
kalunguta,2026-08-18,,,,,,deaths,2
kalunguta,2026-08-25,,,,,,deaths,1
kalunguta,2026-09-01,,,,,,deaths,0
kalunguta,2026-09-08,,,,,,deaths,2
kalunguta,2026-09-15,,,,,,deaths,3
kalunguta,2026-09-22,,,,,,deaths,4
kalunguta,2026-09-29,,,,,,deaths,2
kalunguta,2026-10-06,,,,,,deaths,4
katwa,2026-08-18,,,,,,deaths,48
katwa,2026-08-25,,,,,,deaths,37
katwa,2026-09-01,,,,,,deaths,29
katwa,2026-09-08,,,,,,deaths,35
katwa,2026-09-15,,,,,,deaths,32
katwa,2026-09-22,,,,,,deaths,11
katwa,2026-09-29,,,,,,deaths,9
katwa,2026-10-06,,,,,,deaths,16
kayna,2026-08-18,,,,,,deaths,0
kayna,2026-08-25,,,,,,deaths,0
kayna,2026-09-01,,,,,,deaths,0
kayna,2026-09-08,,,,,,deaths,0
kayna,2026-09-15,,,,,,deaths,0
kayna,2026-09-22,,,,,,deaths,0
kayna,2026-09-29,,,,,,deaths,0
kayna,2026-10-06,,,,,,deaths,2
kyondo,2026-08-18,,,,,,deaths,2
kyondo,2026-08-25,,,,,,deaths,0
kyondo,2026-09-01,,,,,,deaths,0
kyondo,2026-09-08,,,,,,deaths,5
kyondo,2026-09-15,,,,,,deaths,3
kyondo,2026-09-22,,,,,,deaths,0
kyondo,2026-09-29,,,,,,deaths,0
kyondo,2026-10-06,,,,,,deaths,0
lubero,2026-08-18,,,,,,deaths,0
lubero,2026-08-25,,,,,,deaths,0
lubero,2026-09-01,,,,,,deaths,2
lubero,2026-09-08,,,,,,deaths,1
lubero,2026-09-15,,,,,,deaths,3
lubero,2026-09-22,,,,,,deaths,3
lubero,2026-09-29,,,,,,deaths,1
lubero,2026-10-06,,,,,,deaths,0
mabalako,2026-08-18,,,,,,deaths,1
mabalako,2026-08-25,,,,,,deaths,1
mabalako,2026-09-01,,,,,,deaths,3
mabalako,2026-09-08,,,,,,deaths,2
mabalako,2026-09-15,,,,,,deaths,2
mabalako,2026-09-22,,,,,,deaths,2
mabalako,2026-09-29,,,,,,deaths,1
mabalako,2026-10-06,,,,,,deaths,8
manguredjipa,2026-08-18,,,,,,deaths,0
manguredjipa,2026-08-25,,,,,,deaths,0
manguredjipa,2026-09-01,,,,,,deaths,1
manguredjipa,2026-09-08,,,,,,deaths,2
manguredjipa,2026-09-15,,,,,,deaths,0
manguredjipa,2026-09-22,,,,,,deaths,1
manguredjipa,2026-09-29,,,,,,deaths,1
manguredjipa,2026-10-06,,,,,,deaths,0
masereka,2026-08-18,,,,,,deaths,0
masereka,2026-08-25,,,,,,deaths,0
masereka,2026-09-01,,,,,,deaths,1
masereka,2026-09-08,,,,,,deaths,1
masereka,2026-09-15,,,,,,deaths,3
masereka,2026-09-22,,,,,,deaths,0
masereka,2026-09-29,,,,,,deaths,0
masereka,2026-10-06,,,,,,deaths,2
musienene,2026-08-18,,,,,,deaths,8
musienene,2026-08-25,,,,,,deaths,6
musienene,2026-09-01,,,,,,deaths,4
musienene,2026-09-08,,,,,,deaths,8
musienene,2026-09-15,,,,,,deaths,9
musienene,2026-09-22,,,,,,deaths,1
musienene,2026-09-29,,,,,,deaths,2
musienene,2026-10-06,,,,,,deaths,2
mutwanga,2026-08-18,,,,,,deaths,0
mutwanga,2026-08-25,,,,,,deaths,1
mutwanga,2026-09-01,,,,,,deaths,1
mutwanga,2026-09-08,,,,,,deaths,0
mutwanga,2026-09-15,,,,,,deaths,0
mutwanga,2026-09-22,,,,,,deaths,0
mutwanga,2026-09-29,,,,,,deaths,0
mutwanga,2026-10-06,,,,,,deaths,2
oicha,2026-08-18,,,,,,deaths,0
oicha,2026-08-25,,,,,,deaths,0
oicha,2026-09-01,,,,,,deaths,2
oicha,2026-09-08,,,,,,deaths,0
oicha,2026-09-15,,,,,,deaths,4
oicha,2026-09-22,,,,,,deaths,1
oicha,2026-09-29,,,,,,deaths,3
oicha,2026-10-06,,,,,,deaths,2
vuhovi,2026-08-18,,,,,,deaths,1
vuhovi,2026-08-25,,,,,,deaths,0
vuhovi,2026-09-01,,,,,,deaths,1
vuhovi,2026-09-08,,,,,,deaths,2
vuhovi,2026-09-15,,,,,,deaths,1
vuhovi,2026-09-22,,,,,,deaths,2
vuhovi,2026-09-29,,,,,,deaths,2
vuhovi,2026-10-06,,,,,,deaths,0
boma_mangbetu,2026-08-18,,,,,,deaths,4
boma_mangbetu,2026-08-25,,,,,,deaths,5
boma_mangbetu,2026-09-01,,,,,,deaths,0
boma_mangbetu,2026-09-08,,,,,,deaths,0
boma_mangbetu,2026-09-15,,,,,,deaths,1
boma_mangbetu,2026-09-22,,,,,,deaths,0
boma_mangbetu,2026-09-29,,,,,,deaths,2
boma_mangbetu,2026-10-06,,,,,,deaths,2
dungu,2026-08-18,,,,,,deaths,0
dungu,2026-08-25,,,,,,deaths,0
dungu,2026-09-01,,,,,,deaths,0
dungu,2026-09-08,,,,,,deaths,0
dungu,2026-09-15,,,,,,deaths,0
dungu,2026-09-22,,,,,,deaths,1
dungu,2026-09-29,,,,,,deaths,0
dungu,2026-10-06,,,,,,deaths,0
gombari,2026-08-18,,,,,,deaths,0
gombari,2026-08-25,,,,,,deaths,0
gombari,2026-09-01,,,,,,deaths,0
gombari,2026-09-08,,,,,,deaths,0
gombari,2026-09-15,,,,,,deaths,0
gombari,2026-09-22,,,,,,deaths,0
gombari,2026-09-29,,,,,,deaths,0
gombari,2026-10-06,,,,,,deaths,0
isiro,2026-08-18,,,,,,deaths,8
isiro,2026-08-25,,,,,,deaths,8
isiro,2026-09-01,,,,,,deaths,2
isiro,2026-09-08,,,,,,deaths,3
isiro,2026-09-15,,,,,,deaths,5
isiro,2026-09-22,,,,,,deaths,1
isiro,2026-09-29,,,,,,deaths,1
isiro,2026-10-06,,,,,,deaths,0
pawa,2026-08-18,,,,,,deaths,3
pawa,2026-08-25,,,,,,deaths,1
pawa,2026-09-01,,,,,,deaths,7
pawa,2026-09-08,,,,,,deaths,1
pawa,2026-09-15,,,,,,deaths,3
pawa,2026-09-22,,,,,,deaths,7
pawa,2026-09-29,,,,,,deaths,6
pawa,2026-10-06,,,,,,deaths,4
rungu,2026-08-18,,,,,,deaths,0
rungu,2026-08-25,,,,,,deaths,0
rungu,2026-09-01,,,,,,deaths,0
rungu,2026-09-08,,,,,,deaths,1
rungu,2026-09-15,,,,,,deaths,0
rungu,2026-09-22,,,,,,deaths,0
rungu,2026-09-29,,,,,,deaths,0
rungu,2026-10-06,,,,,,deaths,1
wamba,2026-08-18,,,,,,deaths,6
wamba,2026-08-25,,,,,,deaths,6
wamba,2026-09-01,,,,,,deaths,3
wamba,2026-09-08,,,,,,deaths,1
wamba,2026-09-15,,,,,,deaths,2
wamba,2026-09-22,,,,,,deaths,3
wamba,2026-09-29,,,,,,deaths,5
wamba,2026-10-06,,,,,,deaths,2
miti_murhesa,2026-08-18,,,,,,deaths,0
miti_murhesa,2026-08-25,,,,,,deaths,0
miti_murhesa,2026-09-01,,,,,,deaths,0
miti_murhesa,2026-09-08,,,,,,deaths,0
miti_murhesa,2026-09-15,,,,,,deaths,0
miti_murhesa,2026-09-22,,,,,,deaths,0
miti_murhesa,2026-09-29,,,,,,deaths,0
miti_murhesa,2026-10-06,,,,,,deaths,0
bafwasende,2026-08-18,,,,,,deaths,0
bafwasende,2026-08-25,,,,,,deaths,0
bafwasende,2026-09-01,,,,,,deaths,0
bafwasende,2026-09-08,,,,,,deaths,0
bafwasende,2026-09-15,,,,,,deaths,1
bafwasende,2026-09-22,,,,,,deaths,0
bafwasende,2026-09-29,,,,,,deaths,0
bafwasende,2026-10-06,,,,,,deaths,0
kabondo,2026-08-18,,,,,,deaths,1
kabondo,2026-08-25,,,,,,deaths,0
kabondo,2026-09-01,,,,,,deaths,0
kabondo,2026-09-08,,,,,,deaths,0
kabondo,2026-09-15,,,,,,deaths,0
kabondo,2026-09-22,,,,,,deaths,0
kabondo,2026-09-29,,,,,,deaths,0
kabondo,2026-10-06,,,,,,deaths,0
lubunga,2026-08-18,,,,,,deaths,0
lubunga,2026-08-25,,,,,,deaths,0
lubunga,2026-09-01,,,,,,deaths,0
lubunga,2026-09-08,,,,,,deaths,0
lubunga,2026-09-15,,,,,,deaths,0
lubunga,2026-09-22,,,,,,deaths,0
lubunga,2026-09-29,,,,,,deaths,0
lubunga,2026-10-06,,,,,,deaths,0
makiso_kisangani,2026-08-18,,,,,,deaths,1
makiso_kisangani,2026-08-25,,,,,,deaths,1
makiso_kisangani,2026-09-01,,,,,,deaths,1
makiso_kisangani,2026-09-08,,,,,,deaths,0
makiso_kisangani,2026-09-15,,,,,,deaths,0
makiso_kisangani,2026-09-22,,,,,,deaths,4
makiso_kisangani,2026-09-29,,,,,,deaths,1
makiso_kisangani,2026-10-06,,,,,,deaths,1
mangobo,2026-08-18,,,,,,deaths,0
mangobo,2026-08-25,,,,,,deaths,1
mangobo,2026-09-01,,,,,,deaths,0
mangobo,2026-09-08,,,,,,deaths,0
mangobo,2026-09-15,,,,,,deaths,0
mangobo,2026-09-22,,,,,,deaths,1
mangobo,2026-09-29,,,,,,deaths,0
mangobo,2026-10-06,,,,,,deaths,1
tshopo,2026-08-18,,,,,,deaths,0
tshopo,2026-08-25,,,,,,deaths,0
tshopo,2026-09-01,,,,,,deaths,0
tshopo,2026-09-08,,,,,,deaths,0
tshopo,2026-09-15,,,,,,deaths,0
tshopo,2026-09-22,,,,,,deaths,0
tshopo,2026-09-29,,,,,,deaths,0
tshopo,2026-10-06,,,,,,deaths,0
wanie_rukula,2026-08-18,,,,,,deaths,0
wanie_rukula,2026-08-25,,,,,,deaths,1
wanie_rukula,2026-09-01,,,,,,deaths,0
wanie_rukula,2026-09-08,,,,,,deaths,0
wanie_rukula,2026-09-15,,,,,,deaths,0
wanie_rukula,2026-09-22,,,,,,deaths,0
wanie_rukula,2026-09-29,,,,,,deaths,0
wanie_rukula,2026-10-06,,,,,,deaths,0
buta,2026-08-18,,,,,,deaths,1
buta,2026-08-25,,,,,,deaths,0
buta,2026-09-01,,,,,,deaths,0
buta,2026-09-08,,,,,,deaths,0
buta,2026-09-15,,,,,,deaths,0
buta,2026-09-22,,,,,,deaths,0
buta,2026-09-29,,,,,,deaths,0
buta,2026-10-06,,,,,,deaths,0
ganga,2026-08-18,,,,,,deaths,0
ganga,2026-08-25,,,,,,deaths,0
ganga,2026-09-01,,,,,,deaths,2
ganga,2026-09-08,,,,,,deaths,0
ganga,2026-09-15,,,,,,deaths,0
ganga,2026-09-22,,,,,,deaths,0
ganga,2026-09-29,,,,,,deaths,0
ganga,2026-10-06,,,,,,deaths,0
viadana,2026-08-18,,,,,,deaths,0
viadana,2026-08-25,,,,,,deaths,0
viadana,2026-09-01,,,,,,deaths,0
viadana,2026-09-08,,,,,,deaths,0
viadana,2026-09-15,,,,,,deaths,1
viadana,2026-09-22,,,,,,deaths,0
viadana,2026-09-29,,,,,,deaths,0
viadana,2026-10-06,,,,,,deaths,0
bulu,2026-08-18,,,,,,deaths,0
bulu,2026-08-25,,,,,,deaths,0
bulu,2026-09-01,,,,,,deaths,0
bulu,2026-09-08,,,,,,deaths,0
bulu,2026-09-15,,,,,,deaths,1
bulu,2026-09-22,,,,,,deaths,0
bulu,2026-09-29,,,,,,deaths,0
bulu,2026-10-06,,,,,,deaths,0
