area,date,median,lower_90,upper_90,lower_50,upper_50,series,count
adja,2026-08-27,0.84,0.686,0.993,0.777,0.903,rt,
adja,2026-08-28,0.853,0.699,1.003,0.79,0.915,rt,
adja,2026-08-29,0.865,0.714,1.018,0.801,0.928,rt,
adja,2026-08-30,0.875,0.719,1.036,0.811,0.94,rt,
adja,2026-08-31,0.871,0.712,1.037,0.806,0.937,rt,
adja,2026-09-01,0.875,0.72,1.044,0.809,0.943,rt,
adja,2026-09-02,0.878,0.721,1.045,0.813,0.947,rt,
adja,2026-09-03,0.88,0.722,1.052,0.813,0.949,rt,
adja,2026-09-04,0.879,0.725,1.053,0.813,0.949,rt,
adja,2026-09-05,0.876,0.722,1.056,0.81,0.948,rt,
adja,2026-09-06,0.874,0.711,1.059,0.803,0.943,rt,
adja,2026-09-07,0.851,0.686,1.039,0.78,0.921,rt,
adja,2026-09-08,0.832,0.667,1.022,0.764,0.904,rt,
adja,2026-09-09,0.811,0.648,1.006,0.744,0.885,rt,
adja,2026-09-10,0.787,0.616,0.989,0.722,0.868,rt,
adja,2026-09-11,0.766,0.591,0.97,0.698,0.849,rt,
adja,2026-09-12,0.739,0.562,0.955,0.668,0.827,rt,
adja,2026-09-13,0.709,0.527,0.933,0.636,0.798,rt,
adja,2026-09-14,0.682,0.494,0.916,0.603,0.774,rt,
adja,2026-09-15,0.665,0.474,0.905,0.581,0.76,rt,
adja,2026-09-16,0.644,0.449,0.889,0.56,0.741,rt,
adja,2026-09-17,0.625,0.424,0.877,0.538,0.722,rt,
adja,2026-09-18,0.604,0.404,0.864,0.517,0.704,rt,
adja,2026-09-19,0.585,0.378,0.853,0.497,0.685,rt,
adja,2026-09-20,0.567,0.352,0.838,0.477,0.668,rt,
adja,2026-09-21,0.558,0.335,0.839,0.463,0.661,rt,
adja,2026-09-22,0.556,0.33,0.84,0.46,0.667,rt,
adja,2026-09-23,0.556,0.325,0.849,0.455,0.673,rt,
adja,2026-09-24,0.557,0.322,0.869,0.45,0.674,rt,
adja,2026-09-25,0.555,0.322,0.866,0.451,0.674,rt,
adja,2026-09-26,0.555,0.32,0.858,0.451,0.673,rt,
adja,2026-09-27,0.557,0.317,0.851,0.449,0.674,rt,
ariwara,2026-07-05,1.044,0.87,1.205,0.976,1.111,rt,
ariwara,2026-07-06,1.026,0.842,1.194,0.957,1.096,rt,
ariwara,2026-07-07,1.023,0.852,1.184,0.956,1.09,rt,
ariwara,2026-07-08,1.021,0.851,1.178,0.958,1.083,rt,
ariwara,2026-07-09,1.017,0.845,1.172,0.957,1.08,rt,
ariwara,2026-07-10,1.013,0.845,1.167,0.951,1.075,rt,
ariwara,2026-07-11,1.01,0.847,1.166,0.946,1.07,rt,
ariwara,2026-07-12,1.006,0.841,1.171,0.936,1.068,rt,
ariwara,2026-07-13,0.989,0.822,1.16,0.92,1.055,rt,
ariwara,2026-07-14,0.984,0.824,1.146,0.921,1.046,rt,
ariwara,2026-07-15,0.975,0.822,1.132,0.916,1.038,rt,
ariwara,2026-07-16,0.97,0.818,1.119,0.908,1.03,rt,
ariwara,2026-07-17,0.962,0.812,1.111,0.9,1.022,rt,
ariwara,2026-07-18,0.955,0.801,1.104,0.894,1.014,rt,
ariwara,2026-07-19,0.946,0.79,1.101,0.884,1.006,rt,
ariwara,2026-07-20,0.939,0.777,1.102,0.876,1.003,rt,
ariwara,2026-07-21,0.939,0.781,1.097,0.88,1.002,rt,
ariwara,2026-07-22,0.937,0.786,1.092,0.878,0.999,rt,
ariwara,2026-07-23,0.933,0.788,1.088,0.875,0.996,rt,
ariwara,2026-07-24,0.929,0.789,1.08,0.874,0.993,rt,
ariwara,2026-07-25,0.924,0.785,1.077,0.868,0.991,rt,
ariwara,2026-07-26,0.918,0.771,1.074,0.859,0.984,rt,
ariwara,2026-07-27,0.919,0.767,1.08,0.854,0.984,rt,
ariwara,2026-07-28,0.924,0.773,1.079,0.861,0.985,rt,
ariwara,2026-07-29,0.925,0.779,1.077,0.865,0.987,rt,
ariwara,2026-07-30,0.927,0.781,1.079,0.866,0.987,rt,
ariwara,2026-07-31,0.927,0.786,1.077,0.869,0.987,rt,
ariwara,2026-08-01,0.928,0.784,1.076,0.867,0.987,rt,
ariwara,2026-08-02,0.925,0.778,1.079,0.864,0.988,rt,
ariwara,2026-08-03,0.919,0.767,1.082,0.855,0.984,rt,
ariwara,2026-08-04,0.915,0.766,1.077,0.855,0.981,rt,
ariwara,2026-08-05,0.911,0.763,1.076,0.849,0.976,rt,
ariwara,2026-08-06,0.906,0.758,1.075,0.841,0.972,rt,
ariwara,2026-08-07,0.899,0.749,1.062,0.836,0.966,rt,
ariwara,2026-08-08,0.892,0.742,1.053,0.831,0.957,rt,
ariwara,2026-08-09,0.885,0.73,1.044,0.822,0.948,rt,
ariwara,2026-08-10,0.867,0.707,1.025,0.801,0.928,rt,
ariwara,2026-08-11,0.856,0.709,1.007,0.795,0.913,rt,
ariwara,2026-08-12,0.843,0.701,0.991,0.785,0.9,rt,
ariwara,2026-08-13,0.83,0.688,0.977,0.775,0.888,rt,
ariwara,2026-08-14,0.82,0.684,0.957,0.765,0.875,rt,
ariwara,2026-08-15,0.807,0.674,0.945,0.753,0.863,rt,
ariwara,2026-08-16,0.793,0.661,0.929,0.738,0.852,rt,
ariwara,2026-08-17,0.791,0.652,0.929,0.733,0.85,rt,
ariwara,2026-08-18,0.795,0.655,0.927,0.736,0.851,rt,
ariwara,2026-08-19,0.796,0.659,0.925,0.738,0.854,rt,
ariwara,2026-08-20,0.796,0.661,0.927,0.737,0.855,rt,
ariwara,2026-08-21,0.798,0.664,0.926,0.739,0.854,rt,
ariwara,2026-08-22,0.797,0.663,0.922,0.741,0.854,rt,
ariwara,2026-08-23,0.793,0.659,0.928,0.739,0.853,rt,
ariwara,2026-08-24,0.803,0.66,0.948,0.748,0.864,rt,
ariwara,2026-08-25,0.818,0.673,0.968,0.762,0.882,rt,
ariwara,2026-08-26,0.834,0.685,0.983,0.776,0.897,rt,
ariwara,2026-08-27,0.849,0.696,1.005,0.788,0.913,rt,
ariwara,2026-08-28,0.862,0.707,1.02,0.802,0.924,rt,
ariwara,2026-08-29,0.873,0.718,1.037,0.814,0.939,rt,
ariwara,2026-08-30,0.884,0.727,1.046,0.824,0.952,rt,
ariwara,2026-08-31,0.881,0.722,1.051,0.82,0.951,rt,
ariwara,2026-09-01,0.886,0.727,1.059,0.825,0.957,rt,
ariwara,2026-09-02,0.89,0.729,1.067,0.827,0.962,rt,
ariwara,2026-09-03,0.89,0.72,1.071,0.826,0.966,rt,
ariwara,2026-09-04,0.891,0.723,1.074,0.827,0.965,rt,
ariwara,2026-09-05,0.892,0.722,1.079,0.826,0.962,rt,
ariwara,2026-09-06,0.887,0.718,1.083,0.821,0.96,rt,
ariwara,2026-09-07,0.865,0.697,1.066,0.799,0.938,rt,
ariwara,2026-09-08,0.849,0.682,1.052,0.782,0.923,rt,
ariwara,2026-09-09,0.831,0.661,1.035,0.759,0.908,rt,
ariwara,2026-09-10,0.811,0.638,1.02,0.736,0.891,rt,
ariwara,2026-09-11,0.787,0.612,1.002,0.715,0.869,rt,
ariwara,2026-09-12,0.764,0.582,0.985,0.685,0.847,rt,
ariwara,2026-09-13,0.737,0.547,0.96,0.655,0.828,rt,
ariwara,2026-09-14,0.71,0.512,0.952,0.626,0.81,rt,
ariwara,2026-09-15,0.693,0.489,0.94,0.607,0.795,rt,
ariwara,2026-09-16,0.675,0.464,0.93,0.585,0.778,rt,
ariwara,2026-09-17,0.656,0.442,0.923,0.564,0.76,rt,
ariwara,2026-09-18,0.639,0.423,0.909,0.544,0.74,rt,
ariwara,2026-09-19,0.617,0.404,0.902,0.522,0.721,rt,
ariwara,2026-09-20,0.599,0.377,0.89,0.502,0.704,rt,
ariwara,2026-09-21,0.589,0.358,0.888,0.489,0.699,rt,
ariwara,2026-09-22,0.588,0.354,0.891,0.488,0.704,rt,
ariwara,2026-09-23,0.59,0.354,0.899,0.488,0.71,rt,
ariwara,2026-09-24,0.591,0.349,0.914,0.486,0.713,rt,
ariwara,2026-09-25,0.59,0.349,0.904,0.482,0.713,rt,
ariwara,2026-09-26,0.593,0.348,0.896,0.48,0.711,rt,
ariwara,2026-09-27,0.594,0.348,0.883,0.48,0.712,rt,
aru,2026-06-01,1.22,0.875,1.644,1.063,1.393,rt,
aru,2026-06-02,1.236,0.899,1.64,1.078,1.395,rt,
aru,2026-06-03,1.246,0.913,1.644,1.09,1.397,rt,
aru,2026-06-04,1.255,0.911,1.642,1.106,1.403,rt,
aru,2026-06-05,1.262,0.922,1.65,1.114,1.414,rt,
aru,2026-06-06,1.265,0.927,1.659,1.122,1.417,rt,
aru,2026-06-07,1.269,0.934,1.653,1.122,1.42,rt,
aru,2026-06-08,1.274,0.937,1.658,1.127,1.423,rt,
aru,2026-06-09,1.277,0.952,1.639,1.142,1.419,rt,
aru,2026-06-10,1.277,0.961,1.626,1.146,1.419,rt,
aru,2026-06-11,1.277,0.967,1.613,1.147,1.416,rt,
aru,2026-06-12,1.271,0.97,1.599,1.148,1.405,rt,
aru,2026-06-13,1.26,0.97,1.584,1.139,1.389,rt,
aru,2026-06-14,1.244,0.967,1.563,1.128,1.37,rt,
aru,2026-06-15,1.226,0.958,1.537,1.113,1.356,rt,
aru,2026-06-16,1.213,0.955,1.509,1.105,1.336,rt,
aru,2026-06-17,1.199,0.95,1.478,1.095,1.314,rt,
aru,2026-06-18,1.187,0.94,1.458,1.082,1.293,rt,
aru,2026-06-19,1.169,0.93,1.428,1.073,1.27,rt,
aru,2026-06-20,1.153,0.926,1.401,1.058,1.249,rt,
aru,2026-06-21,1.133,0.911,1.375,1.043,1.223,rt,
aru,2026-06-22,1.132,0.906,1.375,1.041,1.226,rt,
aru,2026-06-23,1.137,0.918,1.367,1.049,1.224,rt,
aru,2026-06-24,1.138,0.925,1.363,1.054,1.227,rt,
aru,2026-06-25,1.137,0.928,1.366,1.057,1.229,rt,
aru,2026-06-26,1.14,0.934,1.364,1.059,1.228,rt,
aru,2026-06-27,1.145,0.936,1.359,1.056,1.227,rt,
aru,2026-06-28,1.147,0.939,1.364,1.053,1.229,rt,
aru,2026-06-29,1.122,0.914,1.334,1.024,1.205,rt,
aru,2026-06-30,1.094,0.893,1.294,1.005,1.17,rt,
aru,2026-07-01,1.065,0.874,1.259,0.985,1.143,rt,
aru,2026-07-02,1.04,0.853,1.228,0.96,1.115,rt,
aru,2026-07-03,1.015,0.835,1.196,0.94,1.085,rt,
aru,2026-07-04,0.99,0.814,1.167,0.916,1.056,rt,
aru,2026-07-05,0.966,0.795,1.145,0.891,1.032,rt,
aru,2026-07-06,0.952,0.781,1.137,0.876,1.018,rt,
aru,2026-07-07,0.949,0.782,1.127,0.875,1.015,rt,
aru,2026-07-08,0.945,0.785,1.118,0.876,1.014,rt,
aru,2026-07-09,0.943,0.779,1.114,0.876,1.013,rt,
aru,2026-07-10,0.94,0.781,1.105,0.875,1.011,rt,
aru,2026-07-11,0.938,0.777,1.104,0.871,1.008,rt,
aru,2026-07-12,0.935,0.77,1.108,0.863,1.009,rt,
aru,2026-07-13,0.922,0.751,1.101,0.848,0.995,rt,
aru,2026-07-14,0.918,0.756,1.085,0.848,0.987,rt,
aru,2026-07-15,0.915,0.754,1.078,0.845,0.979,rt,
aru,2026-07-16,0.908,0.754,1.07,0.842,0.972,rt,
aru,2026-07-17,0.902,0.75,1.061,0.837,0.965,rt,
aru,2026-07-18,0.894,0.741,1.055,0.829,0.959,rt,
aru,2026-07-19,0.885,0.731,1.053,0.82,0.953,rt,
aru,2026-07-20,0.883,0.723,1.056,0.814,0.953,rt,
aru,2026-07-21,0.881,0.73,1.055,0.818,0.953,rt,
aru,2026-07-22,0.879,0.729,1.051,0.82,0.952,rt,
aru,2026-07-23,0.88,0.73,1.049,0.819,0.949,rt,
aru,2026-07-24,0.877,0.728,1.048,0.817,0.945,rt,
aru,2026-07-25,0.873,0.722,1.041,0.813,0.941,rt,
aru,2026-07-26,0.868,0.713,1.037,0.808,0.934,rt,
aru,2026-07-27,0.869,0.708,1.037,0.805,0.933,rt,
aru,2026-07-28,0.873,0.713,1.034,0.812,0.937,rt,
aru,2026-07-29,0.877,0.719,1.034,0.815,0.94,rt,
aru,2026-07-30,0.879,0.725,1.037,0.816,0.942,rt,
aru,2026-07-31,0.88,0.729,1.039,0.817,0.943,rt,
aru,2026-08-01,0.879,0.73,1.031,0.814,0.944,rt,
aru,2026-08-02,0.877,0.727,1.039,0.813,0.945,rt,
aru,2026-08-03,0.872,0.719,1.045,0.808,0.943,rt,
aru,2026-08-04,0.869,0.716,1.039,0.807,0.941,rt,
aru,2026-08-05,0.865,0.717,1.028,0.806,0.938,rt,
aru,2026-08-06,0.863,0.709,1.028,0.799,0.934,rt,
aru,2026-08-07,0.858,0.707,1.017,0.794,0.927,rt,
aru,2026-08-08,0.853,0.702,1.012,0.79,0.92,rt,
aru,2026-08-09,0.844,0.694,1.005,0.78,0.914,rt,
aru,2026-08-10,0.825,0.676,0.988,0.763,0.895,rt,
aru,2026-08-11,0.817,0.671,0.971,0.756,0.882,rt,
aru,2026-08-12,0.808,0.662,0.954,0.748,0.868,rt,
aru,2026-08-13,0.797,0.653,0.942,0.738,0.856,rt,
aru,2026-08-14,0.784,0.646,0.924,0.73,0.844,rt,
aru,2026-08-15,0.774,0.64,0.913,0.719,0.833,rt,
aru,2026-08-16,0.762,0.627,0.898,0.705,0.82,rt,
aru,2026-08-17,0.758,0.622,0.897,0.698,0.816,rt,
aru,2026-08-18,0.762,0.624,0.898,0.701,0.821,rt,
aru,2026-08-19,0.762,0.629,0.902,0.704,0.822,rt,
aru,2026-08-20,0.763,0.629,0.903,0.705,0.823,rt,
aru,2026-08-21,0.764,0.626,0.903,0.707,0.822,rt,
aru,2026-08-22,0.765,0.627,0.904,0.706,0.822,rt,
aru,2026-08-23,0.763,0.624,0.905,0.704,0.822,rt,
aru,2026-08-24,0.773,0.631,0.919,0.712,0.832,rt,
aru,2026-08-25,0.788,0.643,0.937,0.726,0.847,rt,
aru,2026-08-26,0.803,0.654,0.957,0.739,0.863,rt,
aru,2026-08-27,0.819,0.66,0.975,0.752,0.879,rt,
aru,2026-08-28,0.83,0.672,0.989,0.766,0.892,rt,
aru,2026-08-29,0.84,0.683,1.001,0.773,0.904,rt,
aru,2026-08-30,0.851,0.69,1.018,0.782,0.916,rt,
aru,2026-08-31,0.847,0.684,1.022,0.778,0.915,rt,
aru,2026-09-01,0.851,0.689,1.025,0.781,0.92,rt,
aru,2026-09-02,0.852,0.69,1.031,0.784,0.924,rt,
aru,2026-09-03,0.854,0.69,1.033,0.783,0.929,rt,
aru,2026-09-04,0.853,0.69,1.034,0.783,0.928,rt,
aru,2026-09-05,0.852,0.689,1.034,0.782,0.927,rt,
aru,2026-09-06,0.848,0.684,1.039,0.776,0.923,rt,
aru,2026-09-07,0.825,0.659,1.02,0.753,0.902,rt,
aru,2026-09-08,0.809,0.641,1.008,0.736,0.887,rt,
aru,2026-09-09,0.79,0.616,0.991,0.716,0.868,rt,
aru,2026-09-10,0.767,0.594,0.976,0.694,0.847,rt,
aru,2026-09-11,0.745,0.57,0.958,0.67,0.828,rt,
aru,2026-09-12,0.716,0.545,0.937,0.642,0.803,rt,
aru,2026-09-13,0.688,0.511,0.917,0.61,0.779,rt,
aru,2026-09-14,0.659,0.477,0.901,0.577,0.757,rt,
aru,2026-09-15,0.643,0.453,0.89,0.558,0.739,rt,
aru,2026-09-16,0.624,0.436,0.877,0.539,0.723,rt,
aru,2026-09-17,0.604,0.412,0.861,0.521,0.707,rt,
aru,2026-09-18,0.585,0.387,0.845,0.497,0.691,rt,
aru,2026-09-19,0.567,0.363,0.833,0.478,0.672,rt,
aru,2026-09-20,0.549,0.341,0.822,0.459,0.654,rt,
aru,2026-09-21,0.54,0.325,0.822,0.446,0.647,rt,
aru,2026-09-22,0.539,0.325,0.825,0.444,0.651,rt,
aru,2026-09-23,0.54,0.319,0.83,0.444,0.655,rt,
aru,2026-09-24,0.54,0.317,0.852,0.444,0.658,rt,
aru,2026-09-25,0.539,0.309,0.846,0.444,0.657,rt,
aru,2026-09-26,0.542,0.304,0.842,0.441,0.659,rt,
aru,2026-09-27,0.542,0.299,0.843,0.44,0.658,rt,
aungba,2026-06-19,1.218,0.988,1.456,1.124,1.317,rt,
aungba,2026-06-20,1.198,0.978,1.429,1.108,1.291,rt,
aungba,2026-06-21,1.176,0.966,1.402,1.088,1.268,rt,
aungba,2026-06-22,1.173,0.961,1.402,1.085,1.266,rt,
aungba,2026-06-23,1.179,0.97,1.398,1.09,1.265,rt,
aungba,2026-06-24,1.178,0.977,1.395,1.093,1.266,rt,
aungba,2026-06-25,1.179,0.978,1.397,1.096,1.267,rt,
aungba,2026-06-26,1.182,0.985,1.39,1.099,1.266,rt,
aungba,2026-06-27,1.183,0.987,1.385,1.097,1.264,rt,
aungba,2026-06-28,1.183,0.984,1.381,1.097,1.265,rt,
aungba,2026-06-29,1.153,0.955,1.362,1.072,1.237,rt,
aungba,2026-06-30,1.125,0.936,1.322,1.047,1.204,rt,
aungba,2026-07-01,1.098,0.917,1.283,1.023,1.175,rt,
aungba,2026-07-02,1.071,0.897,1.252,0.996,1.148,rt,
aungba,2026-07-03,1.044,0.875,1.214,0.972,1.118,rt,
aungba,2026-07-04,1.019,0.852,1.186,0.949,1.09,rt,
aungba,2026-07-05,0.993,0.824,1.16,0.924,1.065,rt,
aungba,2026-07-06,0.977,0.805,1.151,0.907,1.05,rt,
aungba,2026-07-07,0.976,0.806,1.142,0.907,1.044,rt,
aungba,2026-07-08,0.975,0.81,1.14,0.906,1.037,rt,
aungba,2026-07-09,0.97,0.812,1.133,0.903,1.034,rt,
aungba,2026-07-10,0.968,0.808,1.122,0.903,1.031,rt,
aungba,2026-07-11,0.962,0.806,1.119,0.898,1.032,rt,
aungba,2026-07-12,0.961,0.797,1.124,0.895,1.03,rt,
aungba,2026-07-13,0.947,0.778,1.112,0.879,1.018,rt,
aungba,2026-07-14,0.942,0.783,1.1,0.877,1.008,rt,
aungba,2026-07-15,0.937,0.782,1.088,0.873,1.001,rt,
aungba,2026-07-16,0.932,0.781,1.079,0.866,0.992,rt,
aungba,2026-07-17,0.927,0.775,1.07,0.862,0.984,rt,
aungba,2026-07-18,0.919,0.769,1.063,0.857,0.977,rt,
aungba,2026-07-19,0.911,0.753,1.057,0.85,0.971,rt,
aungba,2026-07-20,0.908,0.743,1.062,0.843,0.969,rt,
aungba,2026-07-21,0.907,0.751,1.055,0.845,0.967,rt,
aungba,2026-07-22,0.904,0.756,1.052,0.845,0.966,rt,
aungba,2026-07-23,0.902,0.754,1.053,0.843,0.966,rt,
aungba,2026-07-24,0.9,0.754,1.048,0.839,0.961,rt,
aungba,2026-07-25,0.895,0.744,1.042,0.836,0.957,rt,
aungba,2026-07-26,0.889,0.737,1.04,0.83,0.951,rt,
aungba,2026-07-27,0.89,0.73,1.046,0.826,0.954,rt,
aungba,2026-07-28,0.895,0.742,1.048,0.834,0.954,rt,
aungba,2026-07-29,0.898,0.748,1.048,0.838,0.957,rt,
aungba,2026-07-30,0.898,0.748,1.052,0.841,0.958,rt,
aungba,2026-07-31,0.899,0.749,1.047,0.842,0.959,rt,
aungba,2026-08-01,0.899,0.751,1.047,0.842,0.961,rt,
aungba,2026-08-02,0.898,0.747,1.047,0.84,0.963,rt,
aungba,2026-08-03,0.894,0.738,1.054,0.832,0.962,rt,
aungba,2026-08-04,0.892,0.742,1.048,0.831,0.958,rt,
aungba,2026-08-05,0.892,0.736,1.049,0.827,0.956,rt,
aungba,2026-08-06,0.888,0.729,1.049,0.822,0.953,rt,
aungba,2026-08-07,0.882,0.723,1.039,0.82,0.946,rt,
aungba,2026-08-08,0.874,0.714,1.031,0.816,0.938,rt,
aungba,2026-08-09,0.865,0.706,1.024,0.807,0.932,rt,
aungba,2026-08-10,0.846,0.688,1.007,0.789,0.912,rt,
aungba,2026-08-11,0.836,0.683,0.989,0.78,0.899,rt,
aungba,2026-08-12,0.826,0.679,0.976,0.772,0.886,rt,
aungba,2026-08-13,0.816,0.672,0.961,0.762,0.873,rt,
aungba,2026-08-14,0.805,0.665,0.942,0.752,0.86,rt,
aungba,2026-08-15,0.794,0.657,0.926,0.741,0.846,rt,
aungba,2026-08-16,0.782,0.65,0.908,0.728,0.834,rt,
aungba,2026-08-17,0.779,0.647,0.906,0.722,0.832,rt,
aungba,2026-08-18,0.782,0.652,0.907,0.725,0.831,rt,
aungba,2026-08-19,0.784,0.654,0.91,0.727,0.833,rt,
aungba,2026-08-20,0.785,0.652,0.913,0.728,0.835,rt,
aungba,2026-08-21,0.786,0.655,0.91,0.73,0.835,rt,
aungba,2026-08-22,0.785,0.654,0.912,0.733,0.835,rt,
aungba,2026-08-23,0.782,0.653,0.914,0.73,0.836,rt,
aungba,2026-08-24,0.791,0.656,0.936,0.738,0.848,rt,
aungba,2026-08-25,0.805,0.671,0.949,0.752,0.862,rt,
aungba,2026-08-26,0.821,0.687,0.966,0.765,0.877,rt,
aungba,2026-08-27,0.833,0.694,0.984,0.775,0.892,rt,
aungba,2026-08-28,0.845,0.707,0.999,0.786,0.906,rt,
aungba,2026-08-29,0.858,0.716,1.012,0.798,0.92,rt,
aungba,2026-08-30,0.867,0.722,1.03,0.808,0.933,rt,
aungba,2026-08-31,0.865,0.716,1.032,0.801,0.931,rt,
aungba,2026-09-01,0.868,0.719,1.037,0.805,0.934,rt,
aungba,2026-09-02,0.871,0.72,1.04,0.808,0.936,rt,
aungba,2026-09-03,0.871,0.716,1.05,0.808,0.939,rt,
aungba,2026-09-04,0.869,0.715,1.044,0.809,0.938,rt,
aungba,2026-09-05,0.866,0.713,1.044,0.804,0.936,rt,
aungba,2026-09-06,0.861,0.7,1.043,0.798,0.933,rt,
aungba,2026-09-07,0.839,0.674,1.024,0.776,0.911,rt,
aungba,2026-09-08,0.819,0.659,1.007,0.757,0.894,rt,
aungba,2026-09-09,0.799,0.636,0.991,0.734,0.871,rt,
aungba,2026-09-10,0.776,0.609,0.968,0.709,0.85,rt,
aungba,2026-09-11,0.754,0.585,0.952,0.682,0.828,rt,
aungba,2026-09-12,0.728,0.555,0.925,0.651,0.806,rt,
aungba,2026-09-13,0.698,0.523,0.904,0.621,0.78,rt,
aungba,2026-09-14,0.67,0.488,0.887,0.588,0.756,rt,
aungba,2026-09-15,0.651,0.466,0.876,0.568,0.74,rt,
aungba,2026-09-16,0.63,0.445,0.862,0.549,0.723,rt,
aungba,2026-09-17,0.607,0.421,0.847,0.527,0.703,rt,
aungba,2026-09-18,0.588,0.397,0.831,0.507,0.681,rt,
aungba,2026-09-19,0.57,0.375,0.821,0.485,0.664,rt,
aungba,2026-09-20,0.551,0.353,0.81,0.463,0.646,rt,
aungba,2026-09-21,0.541,0.34,0.819,0.451,0.64,rt,
aungba,2026-09-22,0.541,0.334,0.824,0.448,0.644,rt,
aungba,2026-09-23,0.54,0.33,0.83,0.447,0.647,rt,
aungba,2026-09-24,0.542,0.325,0.844,0.443,0.65,rt,
aungba,2026-09-25,0.542,0.327,0.84,0.444,0.65,rt,
aungba,2026-09-26,0.543,0.323,0.831,0.441,0.651,rt,
aungba,2026-09-27,0.543,0.317,0.828,0.439,0.653,rt,
bambu,2026-05-18,2.066,1.181,2.851,1.66,2.394,rt,
bambu,2026-05-19,2.046,1.197,2.748,1.658,2.334,rt,
bambu,2026-05-20,2.017,1.232,2.671,1.664,2.288,rt,
bambu,2026-05-21,1.987,1.245,2.649,1.669,2.239,rt,
bambu,2026-05-22,1.956,1.239,2.616,1.672,2.197,rt,
bambu,2026-05-23,1.924,1.248,2.547,1.652,2.16,rt,
bambu,2026-05-24,1.904,1.248,2.535,1.642,2.134,rt,
bambu,2026-05-25,1.863,1.241,2.521,1.609,2.099,rt,
bambu,2026-05-26,1.834,1.253,2.424,1.604,2.058,rt,
bambu,2026-05-27,1.803,1.252,2.355,1.591,2.018,rt,
bambu,2026-05-28,1.768,1.25,2.292,1.571,1.972,rt,
bambu,2026-05-29,1.737,1.239,2.248,1.555,1.929,rt,
bambu,2026-05-30,1.707,1.222,2.203,1.53,1.887,rt,
bambu,2026-05-31,1.673,1.196,2.185,1.499,1.864,rt,
bambu,2026-06-01,1.651,1.177,2.197,1.472,1.85,rt,
bambu,2026-06-02,1.652,1.212,2.159,1.48,1.839,rt,
bambu,2026-06-03,1.648,1.241,2.147,1.482,1.828,rt,
bambu,2026-06-04,1.64,1.255,2.121,1.482,1.828,rt,
bambu,2026-06-05,1.636,1.266,2.127,1.482,1.807,rt,
bambu,2026-06-06,1.624,1.275,2.14,1.471,1.805,rt,
bambu,2026-06-07,1.618,1.258,2.159,1.458,1.808,rt,
bambu,2026-06-08,1.618,1.243,2.198,1.449,1.821,rt,
bambu,2026-06-09,1.621,1.261,2.15,1.464,1.816,rt,
bambu,2026-06-10,1.623,1.274,2.123,1.469,1.811,rt,
bambu,2026-06-11,1.624,1.267,2.104,1.476,1.8,rt,
bambu,2026-06-12,1.62,1.269,2.096,1.474,1.793,rt,
bambu,2026-06-13,1.613,1.263,2.112,1.467,1.788,rt,
bambu,2026-06-14,1.598,1.242,2.125,1.449,1.787,rt,
bambu,2026-06-15,1.587,1.209,2.151,1.426,1.789,rt,
bambu,2026-06-16,1.575,1.229,2.095,1.432,1.762,rt,
bambu,2026-06-17,1.563,1.233,2.045,1.431,1.739,rt,
bambu,2026-06-18,1.552,1.232,2.004,1.416,1.718,rt,
bambu,2026-06-19,1.538,1.228,1.995,1.403,1.699,rt,
bambu,2026-06-20,1.522,1.212,1.999,1.389,1.693,rt,
bambu,2026-06-21,1.503,1.182,1.992,1.373,1.68,rt,
bambu,2026-06-22,1.513,1.168,2.048,1.37,1.708,rt,
bambu,2026-06-23,1.518,1.193,2.005,1.384,1.698,rt,
bambu,2026-06-24,1.528,1.214,1.979,1.391,1.683,rt,
bambu,2026-06-25,1.532,1.223,1.952,1.402,1.687,rt,
bambu,2026-06-26,1.538,1.231,1.966,1.399,1.685,rt,
bambu,2026-06-27,1.54,1.216,1.983,1.395,1.689,rt,
bambu,2026-06-28,1.536,1.203,2.026,1.391,1.705,rt,
bambu,2026-06-29,1.501,1.149,2.031,1.352,1.68,rt,
bambu,2026-06-30,1.464,1.148,1.927,1.323,1.625,rt,
bambu,2026-07-01,1.426,1.132,1.838,1.292,1.577,rt,
bambu,2026-07-02,1.388,1.107,1.779,1.258,1.538,rt,
bambu,2026-07-03,1.348,1.076,1.728,1.226,1.492,rt,
bambu,2026-07-04,1.314,1.036,1.694,1.192,1.456,rt,
bambu,2026-07-05,1.284,0.998,1.662,1.157,1.424,rt,
bambu,2026-07-06,1.261,0.961,1.674,1.128,1.416,rt,
bambu,2026-07-07,1.249,0.972,1.623,1.126,1.388,rt,
bambu,2026-07-08,1.242,0.976,1.581,1.121,1.369,rt,
bambu,2026-07-09,1.228,0.966,1.552,1.115,1.353,rt,
bambu,2026-07-10,1.215,0.966,1.54,1.111,1.338,rt,
bambu,2026-07-11,1.205,0.951,1.548,1.099,1.329,rt,
bambu,2026-07-12,1.197,0.926,1.568,1.077,1.319,rt,
bambu,2026-07-13,1.17,0.882,1.575,1.05,1.304,rt,
bambu,2026-07-14,1.162,0.902,1.536,1.051,1.283,rt,
bambu,2026-07-15,1.152,0.912,1.487,1.046,1.268,rt,
bambu,2026-07-16,1.143,0.906,1.466,1.042,1.259,rt,
bambu,2026-07-17,1.132,0.902,1.451,1.036,1.246,rt,
bambu,2026-07-18,1.124,0.88,1.452,1.026,1.24,rt,
bambu,2026-07-19,1.116,0.859,1.447,1.012,1.237,rt,
bambu,2026-07-20,1.116,0.833,1.479,1.0,1.246,rt,
bambu,2026-07-21,1.118,0.854,1.465,1.012,1.241,rt,
bambu,2026-07-22,1.122,0.874,1.44,1.016,1.243,rt,
bambu,2026-07-23,1.128,0.878,1.445,1.025,1.243,rt,
bambu,2026-07-24,1.131,0.885,1.461,1.023,1.247,rt,
bambu,2026-07-25,1.135,0.871,1.473,1.018,1.258,rt,
bambu,2026-07-26,1.13,0.853,1.485,1.01,1.274,rt,
bambu,2026-07-27,1.137,0.838,1.543,1.004,1.291,rt,
bambu,2026-07-28,1.144,0.869,1.512,1.021,1.281,rt,
bambu,2026-07-29,1.148,0.889,1.496,1.034,1.272,rt,
bambu,2026-07-30,1.146,0.904,1.488,1.044,1.271,rt,
bambu,2026-07-31,1.148,0.915,1.493,1.048,1.272,rt,
bambu,2026-08-01,1.152,0.914,1.508,1.048,1.277,rt,
bambu,2026-08-02,1.156,0.898,1.528,1.035,1.286,rt,
bambu,2026-08-03,1.153,0.875,1.567,1.017,1.297,rt,
bambu,2026-08-04,1.149,0.887,1.514,1.025,1.285,rt,
bambu,2026-08-05,1.142,0.891,1.481,1.025,1.274,rt,
bambu,2026-08-06,1.135,0.889,1.462,1.02,1.254,rt,
bambu,2026-08-07,1.122,0.881,1.452,1.014,1.244,rt,
bambu,2026-08-08,1.115,0.861,1.45,1.002,1.24,rt,
bambu,2026-08-09,1.102,0.841,1.455,0.986,1.239,rt,
bambu,2026-08-10,1.079,0.804,1.457,0.956,1.224,rt,
bambu,2026-08-11,1.055,0.797,1.393,0.943,1.179,rt,
bambu,2026-08-12,1.03,0.789,1.333,0.926,1.145,rt,
bambu,2026-08-13,1.002,0.774,1.288,0.905,1.113,rt,
bambu,2026-08-14,0.976,0.757,1.246,0.884,1.084,rt,
bambu,2026-08-15,0.954,0.736,1.226,0.862,1.06,rt,
bambu,2026-08-16,0.923,0.706,1.217,0.835,1.036,rt,
bambu,2026-08-17,0.908,0.676,1.241,0.812,1.031,rt,
bambu,2026-08-18,0.9,0.691,1.182,0.807,1.006,rt,
bambu,2026-08-19,0.888,0.686,1.147,0.798,0.985,rt,
bambu,2026-08-20,0.874,0.679,1.117,0.785,0.969,rt,
bambu,2026-08-21,0.859,0.672,1.096,0.771,0.952,rt,
bambu,2026-08-22,0.843,0.643,1.089,0.754,0.936,rt,
bambu,2026-08-23,0.826,0.623,1.09,0.737,0.922,rt,
bambu,2026-08-24,0.82,0.606,1.11,0.728,0.926,rt,
bambu,2026-08-25,0.826,0.62,1.092,0.736,0.922,rt,
bambu,2026-08-26,0.831,0.627,1.082,0.744,0.921,rt,
bambu,2026-08-27,0.831,0.627,1.077,0.747,0.926,rt,
bambu,2026-08-28,0.831,0.629,1.087,0.748,0.925,rt,
bambu,2026-08-29,0.831,0.62,1.092,0.742,0.928,rt,
bambu,2026-08-30,0.83,0.612,1.109,0.735,0.933,rt,
bambu,2026-08-31,0.817,0.587,1.119,0.713,0.932,rt,
bambu,2026-09-01,0.824,0.598,1.105,0.721,0.928,rt,
bambu,2026-09-02,0.826,0.607,1.107,0.726,0.931,rt,
bambu,2026-09-03,0.825,0.605,1.103,0.731,0.933,rt,
bambu,2026-09-04,0.827,0.606,1.096,0.73,0.937,rt,
bambu,2026-09-05,0.827,0.595,1.106,0.722,0.938,rt,
bambu,2026-09-06,0.823,0.583,1.124,0.711,0.943,rt,
bambu,2026-09-07,0.8,0.555,1.137,0.689,0.924,rt,
bambu,2026-09-08,0.77,0.535,1.087,0.659,0.887,rt,
bambu,2026-09-09,0.741,0.517,1.032,0.632,0.85,rt,
bambu,2026-09-10,0.703,0.489,0.993,0.603,0.816,rt,
bambu,2026-09-11,0.671,0.457,0.963,0.572,0.782,rt,
bambu,2026-09-12,0.633,0.418,0.938,0.532,0.74,rt,
bambu,2026-09-13,0.594,0.378,0.917,0.492,0.703,rt,
bambu,2026-09-14,0.555,0.342,0.885,0.454,0.669,rt,
bambu,2026-09-15,0.534,0.326,0.844,0.437,0.643,rt,
bambu,2026-09-16,0.509,0.307,0.802,0.418,0.615,rt,
bambu,2026-09-17,0.487,0.286,0.775,0.397,0.589,rt,
bambu,2026-09-18,0.463,0.264,0.757,0.373,0.561,rt,
bambu,2026-09-19,0.44,0.242,0.745,0.351,0.542,rt,
bambu,2026-09-20,0.416,0.22,0.734,0.33,0.524,rt,
bambu,2026-09-21,0.401,0.202,0.724,0.308,0.512,rt,
bambu,2026-09-22,0.4,0.204,0.716,0.31,0.516,rt,
bambu,2026-09-23,0.397,0.201,0.727,0.307,0.515,rt,
bambu,2026-09-24,0.4,0.199,0.738,0.302,0.523,rt,
bambu,2026-09-25,0.402,0.195,0.757,0.303,0.525,rt,
bambu,2026-09-26,0.403,0.19,0.775,0.298,0.535,rt,
bambu,2026-09-27,0.401,0.183,0.812,0.294,0.545,rt,
boga,2026-07-19,0.998,0.796,1.208,0.911,1.079,rt,
boga,2026-07-20,0.996,0.787,1.22,0.908,1.081,rt,
boga,2026-07-21,1.0,0.795,1.217,0.913,1.083,rt,
boga,2026-07-22,1.001,0.797,1.215,0.917,1.088,rt,
boga,2026-07-23,1.005,0.794,1.218,0.918,1.092,rt,
boga,2026-07-24,1.005,0.792,1.218,0.918,1.091,rt,
boga,2026-07-25,1.003,0.79,1.219,0.915,1.091,rt,
boga,2026-07-26,1.002,0.783,1.227,0.911,1.09,rt,
boga,2026-07-27,1.006,0.787,1.243,0.912,1.095,rt,
boga,2026-07-28,1.017,0.794,1.243,0.922,1.103,rt,
boga,2026-07-29,1.027,0.798,1.258,0.931,1.112,rt,
boga,2026-07-30,1.036,0.805,1.282,0.935,1.123,rt,
boga,2026-07-31,1.042,0.811,1.298,0.939,1.137,rt,
boga,2026-08-01,1.049,0.814,1.309,0.945,1.147,rt,
boga,2026-08-02,1.052,0.819,1.342,0.949,1.152,rt,
boga,2026-08-03,1.051,0.817,1.379,0.943,1.165,rt,
boga,2026-08-04,1.057,0.816,1.372,0.947,1.168,rt,
boga,2026-08-05,1.055,0.816,1.366,0.947,1.17,rt,
boga,2026-08-06,1.055,0.814,1.379,0.947,1.171,rt,
boga,2026-08-07,1.054,0.811,1.378,0.948,1.17,rt,
boga,2026-08-08,1.049,0.806,1.379,0.951,1.167,rt,
boga,2026-08-09,1.048,0.802,1.389,0.946,1.167,rt,
boga,2026-08-10,1.033,0.782,1.394,0.929,1.152,rt,
boga,2026-08-11,1.025,0.778,1.369,0.921,1.144,rt,
boga,2026-08-12,1.017,0.773,1.337,0.914,1.132,rt,
boga,2026-08-13,1.007,0.762,1.319,0.905,1.121,rt,
boga,2026-08-14,0.998,0.755,1.301,0.898,1.112,rt,
boga,2026-08-15,0.985,0.752,1.28,0.889,1.098,rt,
boga,2026-08-16,0.971,0.739,1.279,0.875,1.087,rt,
boga,2026-08-17,0.967,0.735,1.291,0.871,1.09,rt,
boga,2026-08-18,0.97,0.736,1.263,0.876,1.079,rt,
boga,2026-08-19,0.97,0.74,1.238,0.876,1.071,rt,
boga,2026-08-20,0.967,0.739,1.227,0.877,1.065,rt,
boga,2026-08-21,0.963,0.735,1.213,0.874,1.057,rt,
boga,2026-08-22,0.959,0.733,1.197,0.87,1.048,rt,
boga,2026-08-23,0.952,0.73,1.187,0.863,1.04,rt,
boga,2026-08-24,0.956,0.732,1.19,0.864,1.047,rt,
boga,2026-08-25,0.971,0.743,1.182,0.879,1.06,rt,
boga,2026-08-26,0.981,0.757,1.191,0.889,1.069,rt,
boga,2026-08-27,0.992,0.763,1.201,0.899,1.076,rt,
boga,2026-08-28,0.999,0.773,1.202,0.914,1.08,rt,
boga,2026-08-29,1.003,0.785,1.207,0.922,1.084,rt,
boga,2026-08-30,1.006,0.789,1.211,0.927,1.089,rt,
boga,2026-08-31,0.991,0.779,1.214,0.911,1.079,rt,
boga,2026-09-01,0.995,0.787,1.213,0.917,1.077,rt,
boga,2026-09-02,0.995,0.791,1.206,0.919,1.075,rt,
boga,2026-09-03,0.995,0.789,1.196,0.916,1.073,rt,
boga,2026-09-04,0.993,0.787,1.188,0.912,1.07,rt,
boga,2026-09-05,0.987,0.782,1.182,0.908,1.062,rt,
boga,2026-09-06,0.978,0.774,1.185,0.899,1.06,rt,
boga,2026-09-07,0.949,0.749,1.16,0.872,1.035,rt,
boga,2026-09-08,0.938,0.731,1.149,0.858,1.019,rt,
boga,2026-09-09,0.921,0.712,1.134,0.842,1.001,rt,
boga,2026-09-10,0.903,0.689,1.124,0.822,0.985,rt,
boga,2026-09-11,0.883,0.666,1.109,0.799,0.969,rt,
boga,2026-09-12,0.861,0.64,1.101,0.772,0.948,rt,
boga,2026-09-13,0.836,0.608,1.093,0.742,0.932,rt,
boga,2026-09-14,0.813,0.573,1.093,0.71,0.91,rt,
boga,2026-09-15,0.795,0.553,1.081,0.69,0.893,rt,
boga,2026-09-16,0.772,0.529,1.073,0.668,0.877,rt,
boga,2026-09-17,0.749,0.506,1.061,0.649,0.859,rt,
boga,2026-09-18,0.728,0.481,1.048,0.629,0.841,rt,
boga,2026-09-19,0.706,0.456,1.024,0.607,0.824,rt,
boga,2026-09-20,0.688,0.433,1.01,0.584,0.806,rt,
boga,2026-09-21,0.678,0.419,1.016,0.569,0.805,rt,
boga,2026-09-22,0.678,0.415,1.018,0.565,0.807,rt,
boga,2026-09-23,0.675,0.407,1.026,0.562,0.812,rt,
boga,2026-09-24,0.673,0.399,1.035,0.56,0.817,rt,
boga,2026-09-25,0.674,0.406,1.023,0.557,0.811,rt,
boga,2026-09-26,0.674,0.404,1.019,0.559,0.805,rt,
boga,2026-09-27,0.676,0.407,1.005,0.561,0.803,rt,
bunia,2026-04-26,6.049,1.921,7.627,3.932,6.875,rt,
bunia,2026-04-27,5.227,1.938,6.72,3.719,5.915,rt,
bunia,2026-04-28,4.687,1.963,5.967,3.548,5.248,rt,
bunia,2026-04-29,4.302,1.974,5.475,3.394,4.786,rt,
bunia,2026-04-30,3.99,1.994,5.089,3.256,4.428,rt,
bunia,2026-05-01,3.745,2.017,4.792,3.136,4.152,rt,
bunia,2026-05-02,3.561,2.019,4.584,3.039,3.951,rt,
bunia,2026-05-03,3.407,2.007,4.416,2.924,3.788,rt,
bunia,2026-05-04,3.276,1.987,4.291,2.819,3.671,rt,
bunia,2026-05-05,3.197,2.007,4.181,2.759,3.576,rt,
bunia,2026-05-06,3.122,2.032,4.102,2.724,3.505,rt,
bunia,2026-05-07,3.062,2.04,4.024,2.682,3.448,rt,
bunia,2026-05-08,3.01,2.048,3.9,2.668,3.383,rt,
bunia,2026-05-09,2.972,2.056,3.843,2.635,3.316,rt,
bunia,2026-05-10,2.939,2.066,3.814,2.613,3.27,rt,
bunia,2026-05-11,2.796,1.955,3.649,2.483,3.121,rt,
bunia,2026-05-12,2.697,1.957,3.473,2.42,2.988,rt,
bunia,2026-05-13,2.61,1.908,3.344,2.344,2.878,rt,
bunia,2026-05-14,2.526,1.881,3.204,2.286,2.78,rt,
bunia,2026-05-15,2.455,1.835,3.091,2.213,2.682,rt,
bunia,2026-05-16,2.381,1.795,2.987,2.152,2.595,rt,
bunia,2026-05-17,2.318,1.752,2.928,2.089,2.523,rt,
bunia,2026-05-18,2.261,1.705,2.916,2.036,2.49,rt,
bunia,2026-05-19,2.23,1.731,2.806,2.028,2.434,rt,
bunia,2026-05-20,2.201,1.763,2.747,2.013,2.392,rt,
bunia,2026-05-21,2.174,1.767,2.706,1.998,2.358,rt,
bunia,2026-05-22,2.143,1.757,2.685,1.986,2.331,rt,
bunia,2026-05-23,2.122,1.741,2.663,1.968,2.303,rt,
bunia,2026-05-24,2.099,1.72,2.667,1.94,2.291,rt,
bunia,2026-05-25,2.063,1.655,2.676,1.897,2.268,rt,
bunia,2026-05-26,2.006,1.638,2.552,1.857,2.178,rt,
bunia,2026-05-27,1.946,1.608,2.443,1.807,2.1,rt,
bunia,2026-05-28,1.884,1.574,2.335,1.759,2.036,rt,
bunia,2026-05-29,1.83,1.549,2.232,1.711,1.968,rt,
bunia,2026-05-30,1.775,1.501,2.152,1.659,1.909,rt,
bunia,2026-05-31,1.722,1.443,2.097,1.607,1.86,rt,
bunia,2026-06-01,1.681,1.38,2.065,1.565,1.824,rt,
bunia,2026-06-02,1.667,1.39,1.995,1.558,1.789,rt,
bunia,2026-06-03,1.648,1.398,1.929,1.545,1.756,rt,
bunia,2026-06-04,1.631,1.396,1.894,1.531,1.727,rt,
bunia,2026-06-05,1.608,1.378,1.857,1.516,1.702,rt,
bunia,2026-06-06,1.586,1.346,1.837,1.49,1.685,rt,
bunia,2026-06-07,1.564,1.311,1.825,1.462,1.662,rt,
bunia,2026-06-08,1.547,1.282,1.828,1.437,1.651,rt,
bunia,2026-06-09,1.545,1.317,1.799,1.445,1.643,rt,
bunia,2026-06-10,1.542,1.341,1.77,1.455,1.631,rt,
bunia,2026-06-11,1.538,1.348,1.761,1.457,1.622,rt,
bunia,2026-06-12,1.528,1.349,1.744,1.456,1.612,rt,
bunia,2026-06-13,1.519,1.342,1.737,1.447,1.606,rt,
bunia,2026-06-14,1.508,1.315,1.739,1.427,1.595,rt,
bunia,2026-06-15,1.492,1.284,1.746,1.404,1.582,rt,
bunia,2026-06-16,1.459,1.271,1.68,1.381,1.539,rt,
bunia,2026-06-17,1.425,1.25,1.622,1.353,1.5,rt,
bunia,2026-06-18,1.392,1.223,1.58,1.321,1.46,rt,
bunia,2026-06-19,1.358,1.203,1.529,1.293,1.419,rt,
bunia,2026-06-20,1.326,1.175,1.492,1.261,1.383,rt,
bunia,2026-06-21,1.291,1.135,1.465,1.225,1.35,rt,
bunia,2026-06-22,1.279,1.113,1.464,1.208,1.346,rt,
bunia,2026-06-23,1.272,1.114,1.432,1.205,1.332,rt,
bunia,2026-06-24,1.262,1.116,1.416,1.203,1.318,rt,
bunia,2026-06-25,1.253,1.103,1.41,1.194,1.31,rt,
bunia,2026-06-26,1.245,1.094,1.395,1.185,1.302,rt,
bunia,2026-06-27,1.237,1.077,1.388,1.176,1.3,rt,
bunia,2026-06-28,1.229,1.057,1.393,1.161,1.295,rt,
bunia,2026-06-29,1.196,1.008,1.372,1.12,1.266,rt,
bunia,2026-06-30,1.189,1.019,1.341,1.122,1.25,rt,
bunia,2026-07-01,1.18,1.028,1.324,1.12,1.236,rt,
bunia,2026-07-02,1.175,1.026,1.314,1.116,1.227,rt,
bunia,2026-07-03,1.166,1.031,1.299,1.113,1.216,rt,
bunia,2026-07-04,1.159,1.028,1.292,1.105,1.208,rt,
bunia,2026-07-05,1.15,1.017,1.29,1.094,1.207,rt,
bunia,2026-07-06,1.152,1.01,1.312,1.093,1.216,rt,
bunia,2026-07-07,1.153,1.024,1.296,1.097,1.21,rt,
bunia,2026-07-08,1.153,1.031,1.285,1.101,1.206,rt,
bunia,2026-07-09,1.152,1.035,1.285,1.101,1.206,rt,
bunia,2026-07-10,1.15,1.037,1.28,1.103,1.202,rt,
bunia,2026-07-11,1.15,1.036,1.284,1.099,1.197,rt,
bunia,2026-07-12,1.146,1.024,1.293,1.095,1.199,rt,
bunia,2026-07-13,1.131,0.999,1.292,1.079,1.192,rt,
bunia,2026-07-14,1.115,0.991,1.262,1.063,1.169,rt,
bunia,2026-07-15,1.097,0.981,1.239,1.048,1.15,rt,
bunia,2026-07-16,1.081,0.962,1.214,1.032,1.131,rt,
bunia,2026-07-17,1.061,0.949,1.197,1.016,1.112,rt,
bunia,2026-07-18,1.044,0.929,1.176,0.998,1.096,rt,
bunia,2026-07-19,1.028,0.903,1.172,0.975,1.081,rt,
bunia,2026-07-20,1.013,0.876,1.173,0.957,1.073,rt,
bunia,2026-07-21,1.003,0.879,1.149,0.951,1.059,rt,
bunia,2026-07-22,0.992,0.876,1.125,0.94,1.046,rt,
bunia,2026-07-23,0.98,0.865,1.11,0.928,1.033,rt,
bunia,2026-07-24,0.969,0.855,1.097,0.918,1.017,rt,
bunia,2026-07-25,0.954,0.838,1.086,0.905,1.002,rt,
bunia,2026-07-26,0.938,0.82,1.081,0.891,0.992,rt,
bunia,2026-07-27,0.93,0.803,1.081,0.879,0.991,rt,
bunia,2026-07-28,0.927,0.811,1.068,0.88,0.984,rt,
bunia,2026-07-29,0.923,0.81,1.055,0.88,0.976,rt,
bunia,2026-07-30,0.92,0.809,1.048,0.876,0.971,rt,
bunia,2026-07-31,0.918,0.809,1.041,0.873,0.967,rt,
bunia,2026-08-01,0.912,0.8,1.041,0.868,0.963,rt,
bunia,2026-08-02,0.907,0.787,1.041,0.861,0.96,rt,
bunia,2026-08-03,0.901,0.772,1.049,0.85,0.957,rt,
bunia,2026-08-04,0.901,0.781,1.043,0.855,0.952,rt,
bunia,2026-08-05,0.904,0.788,1.043,0.858,0.95,rt,
bunia,2026-08-06,0.906,0.79,1.044,0.856,0.954,rt,
bunia,2026-08-07,0.906,0.791,1.032,0.856,0.951,rt,
bunia,2026-08-08,0.904,0.787,1.034,0.854,0.949,rt,
bunia,2026-08-09,0.903,0.776,1.038,0.85,0.952,rt,
bunia,2026-08-10,0.887,0.75,1.03,0.832,0.944,rt,
bunia,2026-08-11,0.875,0.749,1.006,0.824,0.93,rt,
bunia,2026-08-12,0.863,0.743,0.986,0.813,0.912,rt,
bunia,2026-08-13,0.851,0.735,0.974,0.801,0.898,rt,
bunia,2026-08-14,0.837,0.726,0.964,0.789,0.884,rt,
bunia,2026-08-15,0.822,0.714,0.952,0.776,0.873,rt,
bunia,2026-08-16,0.809,0.696,0.946,0.76,0.863,rt,
bunia,2026-08-17,0.804,0.68,0.956,0.753,0.863,rt,
bunia,2026-08-18,0.806,0.688,0.945,0.756,0.86,rt,
bunia,2026-08-19,0.806,0.693,0.94,0.758,0.856,rt,
bunia,2026-08-20,0.805,0.69,0.934,0.757,0.855,rt,
bunia,2026-08-21,0.806,0.69,0.929,0.761,0.851,rt,
bunia,2026-08-22,0.804,0.684,0.926,0.756,0.85,rt,
bunia,2026-08-23,0.802,0.676,0.93,0.751,0.853,rt,
bunia,2026-08-24,0.812,0.672,0.954,0.753,0.866,rt,
bunia,2026-08-25,0.826,0.699,0.964,0.773,0.879,rt,
bunia,2026-08-26,0.841,0.716,0.971,0.788,0.892,rt,
bunia,2026-08-27,0.854,0.729,0.992,0.803,0.907,rt,
bunia,2026-08-28,0.869,0.748,1.007,0.816,0.921,rt,
bunia,2026-08-29,0.882,0.756,1.024,0.829,0.936,rt,
bunia,2026-08-30,0.893,0.756,1.05,0.838,0.955,rt,
bunia,2026-08-31,0.893,0.74,1.062,0.83,0.958,rt,
bunia,2026-09-01,0.891,0.746,1.05,0.832,0.955,rt,
bunia,2026-09-02,0.889,0.75,1.037,0.834,0.953,rt,
bunia,2026-09-03,0.887,0.752,1.035,0.831,0.953,rt,
bunia,2026-09-04,0.883,0.75,1.027,0.827,0.944,rt,
bunia,2026-09-05,0.88,0.737,1.025,0.819,0.94,rt,
bunia,2026-09-06,0.873,0.722,1.031,0.808,0.936,rt,
bunia,2026-09-07,0.846,0.681,1.024,0.778,0.915,rt,
bunia,2026-09-08,0.812,0.655,0.977,0.75,0.877,rt,
bunia,2026-09-09,0.778,0.63,0.934,0.718,0.839,rt,
bunia,2026-09-10,0.743,0.592,0.897,0.683,0.802,rt,
bunia,2026-09-11,0.709,0.555,0.868,0.647,0.769,rt,
bunia,2026-09-12,0.673,0.513,0.838,0.609,0.735,rt,
bunia,2026-09-13,0.637,0.464,0.811,0.567,0.705,rt,
bunia,2026-09-14,0.603,0.417,0.796,0.527,0.68,rt,
bunia,2026-09-15,0.582,0.398,0.776,0.507,0.663,rt,
bunia,2026-09-16,0.561,0.377,0.758,0.488,0.645,rt,
bunia,2026-09-17,0.541,0.356,0.752,0.464,0.628,rt,
bunia,2026-09-18,0.523,0.331,0.741,0.442,0.611,rt,
bunia,2026-09-19,0.506,0.307,0.736,0.421,0.596,rt,
bunia,2026-09-20,0.488,0.284,0.736,0.4,0.581,rt,
bunia,2026-09-21,0.483,0.261,0.751,0.386,0.583,rt,
bunia,2026-09-22,0.487,0.262,0.763,0.389,0.587,rt,
bunia,2026-09-23,0.488,0.26,0.78,0.389,0.595,rt,
bunia,2026-09-24,0.491,0.253,0.802,0.39,0.603,rt,
bunia,2026-09-25,0.495,0.25,0.809,0.392,0.608,rt,
bunia,2026-09-26,0.496,0.243,0.825,0.396,0.614,rt,
bunia,2026-09-27,0.501,0.241,0.832,0.395,0.623,rt,
damas,2026-06-06,1.309,0.951,1.788,1.167,1.47,rt,
damas,2026-06-07,1.285,0.921,1.772,1.14,1.448,rt,
damas,2026-06-08,1.261,0.894,1.764,1.11,1.438,rt,
damas,2026-06-09,1.237,0.899,1.701,1.092,1.4,rt,
damas,2026-06-10,1.212,0.896,1.655,1.081,1.37,rt,
damas,2026-06-11,1.185,0.885,1.609,1.055,1.339,rt,
damas,2026-06-12,1.156,0.864,1.574,1.031,1.308,rt,
damas,2026-06-13,1.13,0.838,1.561,1.004,1.284,rt,
damas,2026-06-14,1.1,0.795,1.576,0.97,1.263,rt,
damas,2026-06-15,1.074,0.747,1.582,0.939,1.245,rt,
damas,2026-06-16,1.071,0.768,1.55,0.939,1.236,rt,
damas,2026-06-17,1.072,0.784,1.514,0.939,1.231,rt,
damas,2026-06-18,1.067,0.783,1.492,0.935,1.221,rt,
damas,2026-06-19,1.062,0.782,1.468,0.932,1.212,rt,
damas,2026-06-20,1.061,0.766,1.472,0.926,1.216,rt,
damas,2026-06-21,1.057,0.744,1.527,0.92,1.217,rt,
damas,2026-06-22,1.074,0.734,1.584,0.924,1.24,rt,
damas,2026-06-23,1.091,0.771,1.585,0.952,1.254,rt,
damas,2026-06-24,1.115,0.809,1.587,0.981,1.278,rt,
damas,2026-06-25,1.134,0.823,1.608,1.006,1.307,rt,
damas,2026-06-26,1.148,0.84,1.656,1.026,1.328,rt,
damas,2026-06-27,1.179,0.857,1.72,1.041,1.36,rt,
damas,2026-06-28,1.205,0.866,1.781,1.055,1.389,rt,
damas,2026-06-29,1.197,0.852,1.831,1.036,1.398,rt,
damas,2026-06-30,1.17,0.855,1.756,1.025,1.368,rt,
damas,2026-07-01,1.151,0.849,1.706,1.007,1.33,rt,
damas,2026-07-02,1.128,0.827,1.656,0.988,1.314,rt,
damas,2026-07-03,1.104,0.808,1.644,0.976,1.293,rt,
damas,2026-07-04,1.09,0.781,1.63,0.955,1.28,rt,
damas,2026-07-05,1.071,0.756,1.636,0.932,1.255,rt,
damas,2026-07-06,1.069,0.734,1.664,0.912,1.264,rt,
damas,2026-07-07,1.071,0.754,1.629,0.924,1.253,rt,
damas,2026-07-08,1.076,0.771,1.608,0.937,1.259,rt,
damas,2026-07-09,1.079,0.779,1.616,0.949,1.26,rt,
damas,2026-07-10,1.086,0.787,1.642,0.949,1.263,rt,
damas,2026-07-11,1.09,0.777,1.66,0.947,1.265,rt,
damas,2026-07-12,1.093,0.767,1.711,0.949,1.279,rt,
damas,2026-07-13,1.083,0.742,1.777,0.938,1.286,rt,
damas,2026-07-14,1.079,0.766,1.728,0.941,1.273,rt,
damas,2026-07-15,1.076,0.779,1.648,0.945,1.266,rt,
damas,2026-07-16,1.075,0.78,1.641,0.94,1.259,rt,
damas,2026-07-17,1.074,0.777,1.637,0.935,1.254,rt,
damas,2026-07-18,1.066,0.767,1.627,0.927,1.251,rt,
damas,2026-07-19,1.059,0.753,1.663,0.915,1.26,rt,
damas,2026-07-20,1.051,0.728,1.719,0.909,1.283,rt,
damas,2026-07-21,1.049,0.747,1.646,0.911,1.272,rt,
damas,2026-07-22,1.052,0.757,1.599,0.917,1.253,rt,
damas,2026-07-23,1.047,0.754,1.586,0.919,1.233,rt,
damas,2026-07-24,1.045,0.748,1.601,0.918,1.225,rt,
damas,2026-07-25,1.042,0.729,1.611,0.907,1.228,rt,
damas,2026-07-26,1.039,0.713,1.618,0.896,1.224,rt,
damas,2026-07-27,1.041,0.691,1.654,0.888,1.237,rt,
damas,2026-07-28,1.053,0.708,1.595,0.903,1.228,rt,
damas,2026-07-29,1.051,0.729,1.558,0.912,1.222,rt,
damas,2026-07-30,1.057,0.743,1.536,0.912,1.22,rt,
damas,2026-07-31,1.058,0.754,1.528,0.916,1.221,rt,
damas,2026-08-01,1.058,0.747,1.54,0.921,1.231,rt,
damas,2026-08-02,1.062,0.736,1.57,0.911,1.238,rt,
damas,2026-08-03,1.053,0.719,1.61,0.9,1.243,rt,
damas,2026-08-04,1.046,0.724,1.549,0.905,1.229,rt,
damas,2026-08-05,1.039,0.722,1.512,0.902,1.211,rt,
damas,2026-08-06,1.029,0.72,1.497,0.896,1.199,rt,
damas,2026-08-07,1.019,0.715,1.494,0.891,1.188,rt,
damas,2026-08-08,1.01,0.7,1.473,0.872,1.181,rt,
damas,2026-08-09,0.996,0.676,1.5,0.852,1.174,rt,
damas,2026-08-10,0.971,0.634,1.503,0.828,1.159,rt,
damas,2026-08-11,0.963,0.643,1.427,0.83,1.119,rt,
damas,2026-08-12,0.949,0.642,1.381,0.82,1.087,rt,
damas,2026-08-13,0.935,0.637,1.334,0.811,1.07,rt,
damas,2026-08-14,0.922,0.633,1.298,0.798,1.051,rt,
damas,2026-08-15,0.905,0.621,1.283,0.786,1.04,rt,
damas,2026-08-16,0.891,0.596,1.27,0.767,1.035,rt,
damas,2026-08-17,0.888,0.572,1.305,0.757,1.04,rt,
damas,2026-08-18,0.892,0.592,1.287,0.767,1.038,rt,
damas,2026-08-19,0.897,0.608,1.292,0.773,1.028,rt,
damas,2026-08-20,0.902,0.615,1.303,0.775,1.031,rt,
damas,2026-08-21,0.906,0.614,1.309,0.782,1.034,rt,
damas,2026-08-22,0.909,0.604,1.311,0.783,1.045,rt,
damas,2026-08-23,0.909,0.591,1.354,0.781,1.054,rt,
damas,2026-08-24,0.92,0.592,1.416,0.785,1.085,rt,
damas,2026-08-25,0.93,0.611,1.397,0.801,1.089,rt,
damas,2026-08-26,0.941,0.622,1.395,0.809,1.095,rt,
damas,2026-08-27,0.947,0.637,1.394,0.814,1.1,rt,
damas,2026-08-28,0.958,0.633,1.397,0.818,1.119,rt,
damas,2026-08-29,0.968,0.629,1.405,0.819,1.127,rt,
damas,2026-08-30,0.971,0.616,1.441,0.824,1.144,rt,
damas,2026-08-31,0.967,0.599,1.463,0.808,1.146,rt,
damas,2026-09-01,0.954,0.6,1.426,0.8,1.118,rt,
damas,2026-09-02,0.943,0.595,1.386,0.796,1.104,rt,
damas,2026-09-03,0.927,0.584,1.352,0.79,1.087,rt,
damas,2026-09-04,0.918,0.578,1.346,0.774,1.068,rt,
damas,2026-09-05,0.899,0.556,1.329,0.757,1.048,rt,
damas,2026-09-06,0.882,0.537,1.329,0.735,1.036,rt,
damas,2026-09-07,0.847,0.497,1.303,0.696,1.001,rt,
damas,2026-09-08,0.808,0.49,1.231,0.676,0.959,rt,
damas,2026-09-09,0.774,0.474,1.175,0.644,0.92,rt,
damas,2026-09-10,0.742,0.457,1.137,0.615,0.889,rt,
damas,2026-09-11,0.709,0.426,1.099,0.585,0.853,rt,
damas,2026-09-12,0.677,0.398,1.061,0.548,0.811,rt,
damas,2026-09-13,0.64,0.364,1.041,0.511,0.778,rt,
damas,2026-09-14,0.606,0.333,1.002,0.48,0.749,rt,
damas,2026-09-15,0.586,0.32,0.966,0.464,0.722,rt,
damas,2026-09-16,0.568,0.308,0.945,0.448,0.699,rt,
damas,2026-09-17,0.546,0.296,0.925,0.43,0.685,rt,
damas,2026-09-18,0.529,0.276,0.911,0.413,0.668,rt,
damas,2026-09-19,0.511,0.261,0.899,0.395,0.65,rt,
damas,2026-09-20,0.497,0.242,0.879,0.379,0.635,rt,
damas,2026-09-21,0.487,0.226,0.885,0.363,0.631,rt,
damas,2026-09-22,0.49,0.232,0.884,0.367,0.629,rt,
damas,2026-09-23,0.492,0.229,0.891,0.367,0.632,rt,
damas,2026-09-24,0.494,0.227,0.911,0.369,0.636,rt,
damas,2026-09-25,0.498,0.218,0.918,0.372,0.636,rt,
damas,2026-09-26,0.499,0.217,0.923,0.37,0.647,rt,
damas,2026-09-27,0.502,0.218,0.953,0.369,0.656,rt,
drodro,2026-06-21,1.469,1.2,1.697,1.373,1.56,rt,
drodro,2026-06-22,1.461,1.197,1.702,1.372,1.555,rt,
drodro,2026-06-23,1.46,1.208,1.682,1.371,1.551,rt,
drodro,2026-06-24,1.459,1.214,1.676,1.37,1.549,rt,
drodro,2026-06-25,1.457,1.219,1.679,1.369,1.545,rt,
drodro,2026-06-26,1.453,1.222,1.674,1.367,1.539,rt,
drodro,2026-06-27,1.448,1.218,1.67,1.361,1.534,rt,
drodro,2026-06-28,1.446,1.219,1.67,1.356,1.531,rt,
drodro,2026-06-29,1.406,1.188,1.632,1.317,1.494,rt,
drodro,2026-06-30,1.371,1.161,1.582,1.289,1.455,rt,
drodro,2026-07-01,1.342,1.132,1.545,1.258,1.421,rt,
drodro,2026-07-02,1.311,1.105,1.509,1.227,1.388,rt,
drodro,2026-07-03,1.279,1.077,1.472,1.203,1.355,rt,
drodro,2026-07-04,1.251,1.055,1.426,1.177,1.321,rt,
drodro,2026-07-05,1.221,1.028,1.391,1.143,1.292,rt,
drodro,2026-07-06,1.203,1.009,1.371,1.124,1.276,rt,
drodro,2026-07-07,1.196,1.007,1.357,1.123,1.265,rt,
drodro,2026-07-08,1.187,1.006,1.348,1.118,1.257,rt,
drodro,2026-07-09,1.181,1.004,1.336,1.114,1.251,rt,
drodro,2026-07-10,1.176,1.001,1.323,1.109,1.237,rt,
drodro,2026-07-11,1.169,0.998,1.317,1.102,1.228,rt,
drodro,2026-07-12,1.16,0.991,1.306,1.093,1.22,rt,
drodro,2026-07-13,1.139,0.972,1.291,1.072,1.198,rt,
drodro,2026-07-14,1.128,0.969,1.273,1.067,1.184,rt,
drodro,2026-07-15,1.116,0.963,1.257,1.06,1.171,rt,
drodro,2026-07-16,1.105,0.952,1.245,1.05,1.16,rt,
drodro,2026-07-17,1.094,0.944,1.229,1.041,1.146,rt,
drodro,2026-07-18,1.084,0.932,1.216,1.028,1.131,rt,
drodro,2026-07-19,1.069,0.918,1.205,1.012,1.121,rt,
drodro,2026-07-20,1.059,0.907,1.201,1.004,1.116,rt,
drodro,2026-07-21,1.058,0.91,1.196,1.003,1.112,rt,
drodro,2026-07-22,1.055,0.911,1.195,0.999,1.11,rt,
drodro,2026-07-23,1.05,0.908,1.191,0.996,1.108,rt,
drodro,2026-07-24,1.046,0.905,1.182,0.994,1.1,rt,
drodro,2026-07-25,1.038,0.901,1.176,0.987,1.091,rt,
drodro,2026-07-26,1.032,0.889,1.171,0.976,1.084,rt,
drodro,2026-07-27,1.029,0.886,1.176,0.972,1.084,rt,
drodro,2026-07-28,1.032,0.892,1.168,0.975,1.087,rt,
drodro,2026-07-29,1.033,0.892,1.169,0.977,1.089,rt,
drodro,2026-07-30,1.034,0.889,1.171,0.974,1.09,rt,
drodro,2026-07-31,1.033,0.888,1.164,0.975,1.088,rt,
drodro,2026-08-01,1.032,0.888,1.165,0.974,1.085,rt,
drodro,2026-08-02,1.026,0.883,1.166,0.97,1.084,rt,
drodro,2026-08-03,1.018,0.878,1.165,0.961,1.078,rt,
drodro,2026-08-04,1.016,0.876,1.158,0.958,1.071,rt,
drodro,2026-08-05,1.01,0.869,1.159,0.954,1.067,rt,
drodro,2026-08-06,1.003,0.857,1.153,0.947,1.06,rt,
drodro,2026-08-07,0.995,0.852,1.138,0.941,1.05,rt,
drodro,2026-08-08,0.986,0.844,1.126,0.934,1.038,rt,
drodro,2026-08-09,0.975,0.836,1.116,0.923,1.028,rt,
drodro,2026-08-10,0.952,0.817,1.093,0.9,1.004,rt,
drodro,2026-08-11,0.935,0.808,1.07,0.887,0.986,rt,
drodro,2026-08-12,0.92,0.799,1.049,0.874,0.971,rt,
drodro,2026-08-13,0.901,0.786,1.029,0.857,0.955,rt,
drodro,2026-08-14,0.886,0.774,1.006,0.843,0.937,rt,
drodro,2026-08-15,0.87,0.761,0.984,0.826,0.917,rt,
drodro,2026-08-16,0.853,0.746,0.962,0.81,0.899,rt,
drodro,2026-08-17,0.845,0.741,0.957,0.801,0.892,rt,
drodro,2026-08-18,0.844,0.74,0.955,0.8,0.891,rt,
drodro,2026-08-19,0.843,0.735,0.952,0.798,0.886,rt,
drodro,2026-08-20,0.838,0.732,0.95,0.793,0.885,rt,
drodro,2026-08-21,0.835,0.733,0.941,0.791,0.88,rt,
drodro,2026-08-22,0.83,0.73,0.939,0.787,0.875,rt,
drodro,2026-08-23,0.823,0.726,0.936,0.781,0.869,rt,
drodro,2026-08-24,0.829,0.726,0.947,0.785,0.877,rt,
drodro,2026-08-25,0.84,0.737,0.96,0.796,0.889,rt,
drodro,2026-08-26,0.852,0.744,0.975,0.805,0.9,rt,
drodro,2026-08-27,0.862,0.748,0.987,0.811,0.911,rt,
drodro,2026-08-28,0.871,0.758,0.993,0.821,0.918,rt,
drodro,2026-08-29,0.877,0.764,1.003,0.829,0.925,rt,
drodro,2026-08-30,0.882,0.767,1.009,0.835,0.933,rt,
drodro,2026-08-31,0.873,0.754,1.006,0.827,0.926,rt,
drodro,2026-09-01,0.873,0.757,1.005,0.827,0.927,rt,
drodro,2026-09-02,0.871,0.758,1.011,0.824,0.93,rt,
drodro,2026-09-03,0.869,0.751,1.013,0.821,0.929,rt,
drodro,2026-09-04,0.867,0.746,1.007,0.817,0.923,rt,
drodro,2026-09-05,0.863,0.74,1.005,0.812,0.916,rt,
drodro,2026-09-06,0.855,0.729,1.0,0.804,0.91,rt,
drodro,2026-09-07,0.83,0.696,0.98,0.777,0.886,rt,
drodro,2026-09-08,0.805,0.673,0.955,0.751,0.862,rt,
drodro,2026-09-09,0.778,0.643,0.93,0.723,0.834,rt,
drodro,2026-09-10,0.749,0.611,0.907,0.692,0.805,rt,
drodro,2026-09-11,0.719,0.576,0.873,0.66,0.775,rt,
drodro,2026-09-12,0.688,0.539,0.847,0.626,0.745,rt,
drodro,2026-09-13,0.651,0.492,0.813,0.586,0.713,rt,
drodro,2026-09-14,0.613,0.452,0.786,0.549,0.681,rt,
drodro,2026-09-15,0.591,0.431,0.765,0.526,0.661,rt,
drodro,2026-09-16,0.566,0.405,0.749,0.503,0.639,rt,
drodro,2026-09-17,0.542,0.382,0.73,0.475,0.614,rt,
drodro,2026-09-18,0.519,0.358,0.71,0.451,0.596,rt,
drodro,2026-09-19,0.495,0.331,0.689,0.424,0.575,rt,
drodro,2026-09-20,0.474,0.304,0.677,0.4,0.555,rt,
drodro,2026-09-21,0.46,0.28,0.68,0.383,0.544,rt,
drodro,2026-09-22,0.457,0.28,0.682,0.377,0.545,rt,
drodro,2026-09-23,0.457,0.273,0.693,0.373,0.546,rt,
drodro,2026-09-24,0.456,0.266,0.705,0.368,0.552,rt,
drodro,2026-09-25,0.453,0.264,0.705,0.365,0.553,rt,
drodro,2026-09-26,0.451,0.257,0.71,0.359,0.551,rt,
drodro,2026-09-27,0.45,0.253,0.72,0.359,0.555,rt,
fataki,2026-06-16,2.319,1.555,3.586,1.945,2.75,rt,
fataki,2026-06-17,2.303,1.58,3.539,1.955,2.725,rt,
fataki,2026-06-18,2.287,1.578,3.483,1.958,2.716,rt,
fataki,2026-06-19,2.275,1.576,3.474,1.95,2.715,rt,
fataki,2026-06-20,2.258,1.553,3.475,1.938,2.73,rt,
fataki,2026-06-21,2.249,1.522,3.547,1.913,2.734,rt,
fataki,2026-06-22,2.259,1.498,3.678,1.913,2.791,rt,
fataki,2026-06-23,2.254,1.547,3.568,1.941,2.758,rt,
fataki,2026-06-24,2.272,1.596,3.504,1.96,2.714,rt,
fataki,2026-06-25,2.281,1.61,3.459,1.966,2.69,rt,
fataki,2026-06-26,2.296,1.614,3.471,1.958,2.693,rt,
fataki,2026-06-27,2.306,1.598,3.498,1.946,2.697,rt,
fataki,2026-06-28,2.306,1.561,3.579,1.922,2.714,rt,
fataki,2026-06-29,2.234,1.463,3.565,1.867,2.672,rt,
fataki,2026-06-30,2.13,1.445,3.26,1.809,2.529,rt,
fataki,2026-07-01,2.043,1.418,2.994,1.74,2.397,rt,
fataki,2026-07-02,1.952,1.373,2.812,1.671,2.272,rt,
fataki,2026-07-03,1.87,1.312,2.686,1.604,2.151,rt,
fataki,2026-07-04,1.783,1.24,2.591,1.524,2.058,rt,
fataki,2026-07-05,1.711,1.161,2.551,1.438,1.981,rt,
fataki,2026-07-06,1.642,1.078,2.536,1.359,1.934,rt,
fataki,2026-07-07,1.588,1.067,2.352,1.336,1.839,rt,
fataki,2026-07-08,1.525,1.064,2.197,1.308,1.752,rt,
fataki,2026-07-09,1.469,1.043,2.069,1.271,1.681,rt,
fataki,2026-07-10,1.42,0.999,1.992,1.23,1.615,rt,
fataki,2026-07-11,1.362,0.943,1.92,1.174,1.56,rt,
fataki,2026-07-12,1.316,0.894,1.876,1.125,1.516,rt,
fataki,2026-07-13,1.257,0.828,1.84,1.055,1.475,rt,
fataki,2026-07-14,1.234,0.833,1.738,1.044,1.43,rt,
fataki,2026-07-15,1.205,0.832,1.686,1.032,1.391,rt,
fataki,2026-07-16,1.17,0.815,1.626,1.016,1.347,rt,
fataki,2026-07-17,1.147,0.799,1.605,0.993,1.312,rt,
fataki,2026-07-18,1.128,0.767,1.623,0.962,1.286,rt,
fataki,2026-07-19,1.097,0.73,1.607,0.928,1.275,rt,
fataki,2026-07-20,1.073,0.686,1.637,0.898,1.276,rt,
fataki,2026-07-21,1.067,0.711,1.565,0.912,1.259,rt,
fataki,2026-07-22,1.065,0.725,1.525,0.918,1.248,rt,
fataki,2026-07-23,1.065,0.731,1.488,0.921,1.233,rt,
fataki,2026-07-24,1.063,0.736,1.478,0.915,1.225,rt,
fataki,2026-07-25,1.059,0.727,1.493,0.91,1.22,rt,
fataki,2026-07-26,1.053,0.712,1.525,0.892,1.222,rt,
fataki,2026-07-27,1.05,0.685,1.587,0.881,1.233,rt,
fataki,2026-07-28,1.046,0.708,1.517,0.889,1.196,rt,
fataki,2026-07-29,1.03,0.721,1.443,0.891,1.177,rt,
fataki,2026-07-30,1.015,0.723,1.409,0.889,1.164,rt,
fataki,2026-07-31,1.003,0.719,1.385,0.881,1.149,rt,
fataki,2026-08-01,0.994,0.707,1.387,0.869,1.142,rt,
fataki,2026-08-02,0.984,0.683,1.402,0.844,1.139,rt,
fataki,2026-08-03,0.963,0.646,1.427,0.825,1.134,rt,
fataki,2026-08-04,0.937,0.638,1.344,0.812,1.087,rt,
fataki,2026-08-05,0.911,0.635,1.293,0.792,1.05,rt,
fataki,2026-08-06,0.887,0.62,1.249,0.764,1.019,rt,
fataki,2026-08-07,0.862,0.597,1.203,0.744,0.984,rt,
fataki,2026-08-08,0.835,0.564,1.185,0.714,0.96,rt,
fataki,2026-08-09,0.812,0.53,1.169,0.681,0.937,rt,
fataki,2026-08-10,0.772,0.484,1.153,0.643,0.907,rt,
fataki,2026-08-11,0.746,0.48,1.089,0.628,0.869,rt,
fataki,2026-08-12,0.72,0.472,1.035,0.613,0.835,rt,
fataki,2026-08-13,0.694,0.459,0.984,0.594,0.801,rt,
fataki,2026-08-14,0.671,0.449,0.945,0.575,0.773,rt,
fataki,2026-08-15,0.646,0.432,0.914,0.551,0.752,rt,
fataki,2026-08-16,0.623,0.409,0.902,0.527,0.728,rt,
fataki,2026-08-17,0.606,0.389,0.894,0.509,0.716,rt,
fataki,2026-08-18,0.602,0.397,0.867,0.51,0.703,rt,
fataki,2026-08-19,0.596,0.4,0.847,0.511,0.693,rt,
fataki,2026-08-20,0.59,0.4,0.836,0.508,0.688,rt,
fataki,2026-08-21,0.584,0.395,0.833,0.502,0.679,rt,
fataki,2026-08-22,0.578,0.381,0.831,0.493,0.675,rt,
fataki,2026-08-23,0.57,0.373,0.831,0.482,0.672,rt,
fataki,2026-08-24,0.571,0.367,0.863,0.477,0.679,rt,
fataki,2026-08-25,0.576,0.375,0.847,0.487,0.676,rt,
fataki,2026-08-26,0.581,0.382,0.837,0.494,0.675,rt,
fataki,2026-08-27,0.585,0.387,0.836,0.499,0.679,rt,
fataki,2026-08-28,0.587,0.387,0.845,0.502,0.683,rt,
fataki,2026-08-29,0.591,0.386,0.851,0.499,0.687,rt,
fataki,2026-08-30,0.593,0.379,0.865,0.496,0.693,rt,
fataki,2026-08-31,0.583,0.358,0.878,0.486,0.695,rt,
fataki,2026-09-01,0.591,0.374,0.876,0.494,0.7,rt,
fataki,2026-09-02,0.598,0.381,0.881,0.5,0.705,rt,
fataki,2026-09-03,0.604,0.386,0.889,0.503,0.714,rt,
fataki,2026-09-04,0.608,0.385,0.903,0.504,0.723,rt,
fataki,2026-09-05,0.608,0.38,0.929,0.504,0.731,rt,
fataki,2026-09-06,0.607,0.376,0.964,0.5,0.742,rt,
fataki,2026-09-07,0.595,0.358,0.976,0.484,0.736,rt,
fataki,2026-09-08,0.581,0.35,0.951,0.474,0.708,rt,
fataki,2026-09-09,0.564,0.337,0.923,0.465,0.686,rt,
fataki,2026-09-10,0.543,0.319,0.888,0.445,0.667,rt,
fataki,2026-09-11,0.524,0.303,0.862,0.425,0.642,rt,
fataki,2026-09-12,0.502,0.284,0.854,0.4,0.617,rt,
fataki,2026-09-13,0.475,0.265,0.845,0.374,0.598,rt,
fataki,2026-09-14,0.452,0.245,0.835,0.349,0.579,rt,
fataki,2026-09-15,0.438,0.239,0.804,0.34,0.56,rt,
fataki,2026-09-16,0.425,0.229,0.752,0.33,0.537,rt,
fataki,2026-09-17,0.41,0.217,0.727,0.316,0.521,rt,
fataki,2026-09-18,0.395,0.208,0.704,0.303,0.505,rt,
fataki,2026-09-19,0.382,0.196,0.684,0.289,0.492,rt,
fataki,2026-09-20,0.367,0.183,0.672,0.273,0.482,rt,
fataki,2026-09-21,0.358,0.172,0.674,0.267,0.476,rt,
fataki,2026-09-22,0.359,0.174,0.677,0.27,0.48,rt,
fataki,2026-09-23,0.362,0.174,0.694,0.27,0.491,rt,
fataki,2026-09-24,0.363,0.171,0.716,0.27,0.499,rt,
fataki,2026-09-25,0.367,0.168,0.739,0.267,0.505,rt,
fataki,2026-09-26,0.369,0.167,0.761,0.269,0.508,rt,
fataki,2026-09-27,0.373,0.159,0.79,0.269,0.519,rt,
gety,2026-07-01,1.216,1.024,1.383,1.14,1.282,rt,
gety,2026-07-02,1.187,0.996,1.359,1.112,1.251,rt,
gety,2026-07-03,1.16,0.975,1.319,1.09,1.221,rt,
gety,2026-07-04,1.132,0.952,1.282,1.065,1.192,rt,
gety,2026-07-05,1.104,0.92,1.255,1.038,1.168,rt,
gety,2026-07-06,1.088,0.903,1.244,1.02,1.159,rt,
gety,2026-07-07,1.087,0.909,1.232,1.018,1.151,rt,
gety,2026-07-08,1.085,0.911,1.228,1.016,1.145,rt,
gety,2026-07-09,1.081,0.916,1.227,1.014,1.14,rt,
gety,2026-07-10,1.076,0.917,1.224,1.014,1.136,rt,
gety,2026-07-11,1.074,0.916,1.22,1.012,1.132,rt,
gety,2026-07-12,1.072,0.908,1.217,1.007,1.132,rt,
gety,2026-07-13,1.056,0.89,1.207,0.992,1.119,rt,
gety,2026-07-14,1.048,0.894,1.193,0.99,1.107,rt,
gety,2026-07-15,1.042,0.894,1.181,0.984,1.096,rt,
gety,2026-07-16,1.033,0.891,1.176,0.978,1.085,rt,
gety,2026-07-17,1.027,0.89,1.161,0.972,1.079,rt,
gety,2026-07-18,1.016,0.881,1.148,0.963,1.073,rt,
gety,2026-07-19,1.008,0.868,1.142,0.955,1.064,rt,
gety,2026-07-20,1.006,0.856,1.142,0.948,1.062,rt,
gety,2026-07-21,1.004,0.864,1.137,0.948,1.058,rt,
gety,2026-07-22,1.003,0.867,1.134,0.945,1.056,rt,
gety,2026-07-23,0.998,0.864,1.136,0.942,1.055,rt,
gety,2026-07-24,0.993,0.862,1.124,0.942,1.05,rt,
gety,2026-07-25,0.989,0.856,1.121,0.936,1.044,rt,
gety,2026-07-26,0.982,0.845,1.121,0.929,1.039,rt,
gety,2026-07-27,0.981,0.84,1.13,0.928,1.041,rt,
gety,2026-07-28,0.984,0.847,1.134,0.932,1.044,rt,
gety,2026-07-29,0.988,0.853,1.136,0.933,1.044,rt,
gety,2026-07-30,0.991,0.854,1.139,0.936,1.046,rt,
gety,2026-07-31,0.993,0.858,1.137,0.941,1.049,rt,
gety,2026-08-01,0.992,0.859,1.146,0.941,1.049,rt,
gety,2026-08-02,0.993,0.857,1.152,0.938,1.051,rt,
gety,2026-08-03,0.992,0.847,1.158,0.929,1.052,rt,
gety,2026-08-04,0.99,0.846,1.154,0.931,1.051,rt,
gety,2026-08-05,0.989,0.845,1.153,0.928,1.048,rt,
gety,2026-08-06,0.988,0.833,1.151,0.924,1.047,rt,
gety,2026-08-07,0.983,0.833,1.144,0.923,1.043,rt,
gety,2026-08-08,0.977,0.827,1.141,0.921,1.038,rt,
gety,2026-08-09,0.972,0.821,1.138,0.915,1.034,rt,
gety,2026-08-10,0.954,0.802,1.124,0.895,1.017,rt,
gety,2026-08-11,0.945,0.797,1.107,0.886,1.003,rt,
gety,2026-08-12,0.935,0.79,1.098,0.877,0.99,rt,
gety,2026-08-13,0.923,0.783,1.082,0.864,0.977,rt,
gety,2026-08-14,0.911,0.778,1.061,0.854,0.964,rt,
gety,2026-08-15,0.897,0.767,1.051,0.842,0.952,rt,
gety,2026-08-16,0.883,0.756,1.043,0.83,0.939,rt,
gety,2026-08-17,0.88,0.749,1.046,0.826,0.935,rt,
gety,2026-08-18,0.879,0.754,1.035,0.827,0.938,rt,
gety,2026-08-19,0.88,0.753,1.03,0.827,0.936,rt,
gety,2026-08-20,0.879,0.754,1.024,0.826,0.936,rt,
gety,2026-08-21,0.878,0.756,1.019,0.824,0.934,rt,
gety,2026-08-22,0.875,0.754,1.013,0.821,0.93,rt,
gety,2026-08-23,0.87,0.747,1.011,0.817,0.926,rt,
gety,2026-08-24,0.876,0.749,1.024,0.823,0.936,rt,
gety,2026-08-25,0.89,0.761,1.035,0.837,0.95,rt,
gety,2026-08-26,0.904,0.771,1.049,0.847,0.963,rt,
gety,2026-08-27,0.918,0.778,1.066,0.857,0.976,rt,
gety,2026-08-28,0.927,0.791,1.076,0.869,0.983,rt,
gety,2026-08-29,0.936,0.802,1.082,0.878,0.991,rt,
gety,2026-08-30,0.943,0.809,1.092,0.888,1.001,rt,
gety,2026-08-31,0.934,0.8,1.087,0.879,0.995,rt,
gety,2026-09-01,0.937,0.803,1.089,0.88,0.999,rt,
gety,2026-09-02,0.939,0.798,1.097,0.881,1.0,rt,
gety,2026-09-03,0.939,0.794,1.101,0.881,1.002,rt,
gety,2026-09-04,0.937,0.795,1.093,0.88,0.997,rt,
gety,2026-09-05,0.932,0.791,1.097,0.874,0.991,rt,
gety,2026-09-06,0.927,0.787,1.093,0.866,0.986,rt,
gety,2026-09-07,0.902,0.761,1.073,0.841,0.963,rt,
gety,2026-09-08,0.884,0.741,1.058,0.821,0.946,rt,
gety,2026-09-09,0.864,0.718,1.035,0.801,0.927,rt,
gety,2026-09-10,0.839,0.686,1.015,0.775,0.908,rt,
gety,2026-09-11,0.818,0.656,0.996,0.749,0.885,rt,
gety,2026-09-12,0.792,0.624,0.984,0.719,0.862,rt,
gety,2026-09-13,0.764,0.588,0.966,0.688,0.834,rt,
gety,2026-09-14,0.736,0.55,0.956,0.659,0.813,rt,
gety,2026-09-15,0.715,0.525,0.939,0.635,0.795,rt,
gety,2026-09-16,0.694,0.501,0.925,0.611,0.778,rt,
gety,2026-09-17,0.672,0.474,0.916,0.589,0.76,rt,
gety,2026-09-18,0.65,0.454,0.902,0.568,0.743,rt,
gety,2026-09-19,0.63,0.427,0.89,0.547,0.724,rt,
gety,2026-09-20,0.611,0.403,0.875,0.524,0.709,rt,
gety,2026-09-21,0.602,0.387,0.874,0.508,0.703,rt,
gety,2026-09-22,0.603,0.382,0.885,0.507,0.706,rt,
gety,2026-09-23,0.6,0.38,0.895,0.503,0.71,rt,
gety,2026-09-24,0.6,0.375,0.908,0.499,0.718,rt,
gety,2026-09-25,0.602,0.377,0.903,0.498,0.717,rt,
gety,2026-09-26,0.601,0.377,0.898,0.498,0.716,rt,
gety,2026-09-27,0.602,0.376,0.902,0.498,0.716,rt,
kambala,2026-07-19,0.904,0.724,1.064,0.827,0.971,rt,
kambala,2026-07-20,0.9,0.715,1.068,0.819,0.971,rt,
kambala,2026-07-21,0.9,0.72,1.063,0.826,0.97,rt,
kambala,2026-07-22,0.899,0.723,1.065,0.828,0.967,rt,
kambala,2026-07-23,0.9,0.723,1.063,0.829,0.966,rt,
kambala,2026-07-24,0.896,0.721,1.057,0.828,0.962,rt,
kambala,2026-07-25,0.891,0.719,1.053,0.825,0.96,rt,
kambala,2026-07-26,0.887,0.715,1.055,0.819,0.956,rt,
kambala,2026-07-27,0.887,0.71,1.058,0.818,0.96,rt,
kambala,2026-07-28,0.892,0.723,1.062,0.824,0.964,rt,
kambala,2026-07-29,0.897,0.73,1.061,0.828,0.965,rt,
kambala,2026-07-30,0.9,0.729,1.064,0.829,0.969,rt,
kambala,2026-07-31,0.903,0.735,1.061,0.832,0.972,rt,
kambala,2026-08-01,0.903,0.732,1.065,0.836,0.976,rt,
kambala,2026-08-02,0.904,0.735,1.066,0.834,0.976,rt,
kambala,2026-08-03,0.9,0.728,1.072,0.829,0.972,rt,
kambala,2026-08-04,0.9,0.727,1.07,0.829,0.967,rt,
kambala,2026-08-05,0.896,0.72,1.065,0.825,0.967,rt,
kambala,2026-08-06,0.894,0.71,1.059,0.82,0.969,rt,
kambala,2026-08-07,0.89,0.708,1.051,0.817,0.959,rt,
kambala,2026-08-08,0.885,0.703,1.048,0.812,0.953,rt,
kambala,2026-08-09,0.877,0.694,1.047,0.806,0.944,rt,
kambala,2026-08-10,0.86,0.679,1.033,0.788,0.926,rt,
kambala,2026-08-11,0.847,0.672,1.016,0.78,0.911,rt,
kambala,2026-08-12,0.835,0.666,0.996,0.771,0.897,rt,
kambala,2026-08-13,0.825,0.657,0.981,0.761,0.883,rt,
kambala,2026-08-14,0.813,0.649,0.961,0.752,0.871,rt,
kambala,2026-08-15,0.799,0.64,0.946,0.741,0.858,rt,
kambala,2026-08-16,0.787,0.636,0.929,0.728,0.846,rt,
kambala,2026-08-17,0.783,0.628,0.925,0.723,0.842,rt,
kambala,2026-08-18,0.784,0.633,0.921,0.726,0.843,rt,
kambala,2026-08-19,0.785,0.636,0.924,0.728,0.846,rt,
kambala,2026-08-20,0.786,0.637,0.928,0.726,0.847,rt,
kambala,2026-08-21,0.786,0.642,0.923,0.728,0.845,rt,
kambala,2026-08-22,0.784,0.638,0.924,0.729,0.843,rt,
kambala,2026-08-23,0.782,0.637,0.926,0.725,0.841,rt,
kambala,2026-08-24,0.791,0.642,0.945,0.73,0.852,rt,
kambala,2026-08-25,0.806,0.653,0.96,0.744,0.866,rt,
kambala,2026-08-26,0.818,0.662,0.978,0.757,0.881,rt,
kambala,2026-08-27,0.83,0.671,0.988,0.766,0.895,rt,
kambala,2026-08-28,0.842,0.687,0.997,0.78,0.907,rt,
kambala,2026-08-29,0.854,0.695,1.007,0.789,0.916,rt,
kambala,2026-08-30,0.864,0.699,1.017,0.794,0.926,rt,
kambala,2026-08-31,0.859,0.694,1.02,0.788,0.922,rt,
kambala,2026-09-01,0.861,0.695,1.021,0.791,0.925,rt,
kambala,2026-09-02,0.862,0.695,1.022,0.792,0.927,rt,
kambala,2026-09-03,0.862,0.692,1.025,0.793,0.928,rt,
kambala,2026-09-04,0.859,0.694,1.021,0.792,0.924,rt,
kambala,2026-09-05,0.855,0.689,1.022,0.788,0.921,rt,
kambala,2026-09-06,0.849,0.683,1.016,0.782,0.914,rt,
kambala,2026-09-07,0.824,0.655,0.997,0.758,0.892,rt,
kambala,2026-09-08,0.806,0.638,0.974,0.736,0.873,rt,
kambala,2026-09-09,0.784,0.618,0.956,0.713,0.85,rt,
kambala,2026-09-10,0.759,0.595,0.934,0.688,0.829,rt,
kambala,2026-09-11,0.733,0.568,0.911,0.66,0.805,rt,
kambala,2026-09-12,0.704,0.531,0.887,0.632,0.777,rt,
kambala,2026-09-13,0.674,0.496,0.859,0.598,0.751,rt,
kambala,2026-09-14,0.642,0.456,0.84,0.566,0.725,rt,
kambala,2026-09-15,0.623,0.44,0.824,0.545,0.708,rt,
kambala,2026-09-16,0.604,0.42,0.813,0.523,0.69,rt,
kambala,2026-09-17,0.582,0.4,0.796,0.5,0.669,rt,
kambala,2026-09-18,0.561,0.376,0.778,0.478,0.651,rt,
kambala,2026-09-19,0.54,0.355,0.764,0.457,0.63,rt,
kambala,2026-09-20,0.522,0.335,0.75,0.437,0.611,rt,
kambala,2026-09-21,0.511,0.313,0.752,0.425,0.602,rt,
kambala,2026-09-22,0.51,0.313,0.759,0.423,0.604,rt,
kambala,2026-09-23,0.509,0.309,0.775,0.421,0.609,rt,
kambala,2026-09-24,0.511,0.302,0.785,0.417,0.615,rt,
kambala,2026-09-25,0.514,0.299,0.778,0.415,0.61,rt,
kambala,2026-09-26,0.514,0.295,0.776,0.413,0.611,rt,
kambala,2026-09-27,0.517,0.292,0.785,0.411,0.613,rt,
kilo,2026-05-31,1.401,0.862,1.958,1.179,1.602,rt,
kilo,2026-06-01,1.38,0.84,1.94,1.154,1.585,rt,
kilo,2026-06-02,1.371,0.855,1.892,1.158,1.556,rt,
kilo,2026-06-03,1.36,0.869,1.87,1.154,1.533,rt,
kilo,2026-06-04,1.336,0.878,1.826,1.147,1.521,rt,
kilo,2026-06-05,1.324,0.879,1.795,1.137,1.503,rt,
kilo,2026-06-06,1.309,0.873,1.773,1.13,1.487,rt,
kilo,2026-06-07,1.295,0.866,1.767,1.116,1.469,rt,
kilo,2026-06-08,1.283,0.856,1.772,1.102,1.46,rt,
kilo,2026-06-09,1.277,0.862,1.752,1.107,1.447,rt,
kilo,2026-06-10,1.269,0.866,1.727,1.104,1.433,rt,
kilo,2026-06-11,1.259,0.856,1.694,1.102,1.419,rt,
kilo,2026-06-12,1.251,0.854,1.684,1.094,1.392,rt,
kilo,2026-06-13,1.234,0.848,1.66,1.082,1.376,rt,
kilo,2026-06-14,1.215,0.838,1.665,1.065,1.364,rt,
kilo,2026-06-15,1.197,0.818,1.667,1.044,1.357,rt,
kilo,2026-06-16,1.179,0.825,1.61,1.042,1.33,rt,
kilo,2026-06-17,1.165,0.828,1.578,1.034,1.312,rt,
kilo,2026-06-18,1.151,0.828,1.541,1.02,1.289,rt,
kilo,2026-06-19,1.137,0.825,1.51,1.006,1.271,rt,
kilo,2026-06-20,1.12,0.82,1.494,0.991,1.253,rt,
kilo,2026-06-21,1.103,0.811,1.492,0.97,1.245,rt,
kilo,2026-06-22,1.101,0.805,1.519,0.961,1.252,rt,
kilo,2026-06-23,1.106,0.816,1.489,0.972,1.255,rt,
kilo,2026-06-24,1.111,0.83,1.479,0.984,1.258,rt,
kilo,2026-06-25,1.119,0.846,1.48,0.992,1.26,rt,
kilo,2026-06-26,1.124,0.845,1.487,1.0,1.265,rt,
kilo,2026-06-27,1.13,0.85,1.511,1.006,1.269,rt,
kilo,2026-06-28,1.135,0.844,1.532,1.01,1.269,rt,
kilo,2026-06-29,1.115,0.823,1.527,0.986,1.254,rt,
kilo,2026-06-30,1.098,0.82,1.492,0.978,1.233,rt,
kilo,2026-07-01,1.081,0.817,1.45,0.967,1.21,rt,
kilo,2026-07-02,1.066,0.806,1.419,0.96,1.191,rt,
kilo,2026-07-03,1.052,0.796,1.383,0.946,1.169,rt,
kilo,2026-07-04,1.037,0.775,1.38,0.933,1.151,rt,
kilo,2026-07-05,1.025,0.758,1.38,0.914,1.139,rt,
kilo,2026-07-06,1.019,0.745,1.389,0.904,1.142,rt,
kilo,2026-07-07,1.025,0.756,1.374,0.908,1.135,rt,
kilo,2026-07-08,1.027,0.761,1.358,0.915,1.133,rt,
kilo,2026-07-09,1.029,0.766,1.341,0.917,1.135,rt,
kilo,2026-07-10,1.029,0.771,1.341,0.916,1.134,rt,
kilo,2026-07-11,1.033,0.766,1.356,0.918,1.135,rt,
kilo,2026-07-12,1.029,0.758,1.39,0.919,1.142,rt,
kilo,2026-07-13,1.016,0.735,1.4,0.91,1.143,rt,
kilo,2026-07-14,1.002,0.737,1.361,0.905,1.129,rt,
kilo,2026-07-15,0.994,0.736,1.324,0.895,1.11,rt,
kilo,2026-07-16,0.984,0.736,1.306,0.886,1.094,rt,
kilo,2026-07-17,0.974,0.728,1.285,0.877,1.078,rt,
kilo,2026-07-18,0.962,0.716,1.282,0.865,1.067,rt,
kilo,2026-07-19,0.948,0.7,1.281,0.847,1.059,rt,
kilo,2026-07-20,0.939,0.688,1.288,0.837,1.057,rt,
kilo,2026-07-21,0.933,0.693,1.267,0.835,1.04,rt,
kilo,2026-07-22,0.919,0.689,1.238,0.824,1.024,rt,
kilo,2026-07-23,0.908,0.683,1.221,0.812,1.015,rt,
kilo,2026-07-24,0.897,0.675,1.205,0.802,1.0,rt,
kilo,2026-07-25,0.885,0.666,1.193,0.788,0.989,rt,
kilo,2026-07-26,0.874,0.643,1.185,0.777,0.972,rt,
kilo,2026-07-27,0.865,0.622,1.199,0.767,0.973,rt,
kilo,2026-07-28,0.863,0.628,1.176,0.772,0.964,rt,
kilo,2026-07-29,0.865,0.631,1.16,0.77,0.961,rt,
kilo,2026-07-30,0.861,0.633,1.143,0.77,0.955,rt,
kilo,2026-07-31,0.856,0.631,1.134,0.769,0.953,rt,
kilo,2026-08-01,0.852,0.624,1.129,0.766,0.948,rt,
kilo,2026-08-02,0.847,0.615,1.132,0.759,0.947,rt,
kilo,2026-08-03,0.845,0.6,1.13,0.751,0.943,rt,
kilo,2026-08-04,0.845,0.609,1.111,0.752,0.941,rt,
kilo,2026-08-05,0.845,0.612,1.099,0.753,0.941,rt,
kilo,2026-08-06,0.841,0.612,1.098,0.751,0.942,rt,
kilo,2026-08-07,0.838,0.607,1.085,0.749,0.938,rt,
kilo,2026-08-08,0.838,0.609,1.094,0.747,0.934,rt,
kilo,2026-08-09,0.835,0.598,1.101,0.743,0.934,rt,
kilo,2026-08-10,0.822,0.576,1.109,0.727,0.924,rt,
kilo,2026-08-11,0.814,0.576,1.072,0.728,0.908,rt,
kilo,2026-08-12,0.807,0.576,1.043,0.721,0.897,rt,
kilo,2026-08-13,0.797,0.572,1.031,0.713,0.886,rt,
kilo,2026-08-14,0.792,0.567,1.018,0.707,0.875,rt,
kilo,2026-08-15,0.785,0.559,1.009,0.697,0.866,rt,
kilo,2026-08-16,0.776,0.549,1.01,0.686,0.86,rt,
kilo,2026-08-17,0.775,0.542,1.023,0.68,0.868,rt,
kilo,2026-08-18,0.774,0.544,1.016,0.688,0.864,rt,
kilo,2026-08-19,0.776,0.549,1.007,0.693,0.863,rt,
kilo,2026-08-20,0.78,0.551,1.006,0.695,0.865,rt,
kilo,2026-08-21,0.78,0.555,1.006,0.697,0.864,rt,
kilo,2026-08-22,0.784,0.552,1.002,0.698,0.87,rt,
kilo,2026-08-23,0.785,0.55,1.013,0.694,0.87,rt,
kilo,2026-08-24,0.799,0.556,1.044,0.7,0.884,rt,
kilo,2026-08-25,0.816,0.567,1.056,0.721,0.9,rt,
kilo,2026-08-26,0.831,0.595,1.08,0.736,0.913,rt,
kilo,2026-08-27,0.843,0.61,1.097,0.748,0.934,rt,
kilo,2026-08-28,0.86,0.625,1.121,0.764,0.948,rt,
kilo,2026-08-29,0.871,0.635,1.142,0.778,0.964,rt,
kilo,2026-08-30,0.883,0.637,1.183,0.79,0.982,rt,
kilo,2026-08-31,0.885,0.632,1.188,0.783,0.988,rt,
kilo,2026-09-01,0.888,0.647,1.198,0.794,0.989,rt,
kilo,2026-09-02,0.891,0.654,1.192,0.801,0.991,rt,
kilo,2026-09-03,0.894,0.655,1.191,0.8,0.997,rt,
kilo,2026-09-04,0.895,0.656,1.191,0.797,0.998,rt,
kilo,2026-09-05,0.894,0.653,1.199,0.796,1.004,rt,
kilo,2026-09-06,0.891,0.646,1.215,0.787,1.007,rt,
kilo,2026-09-07,0.872,0.618,1.216,0.759,0.992,rt,
kilo,2026-09-08,0.841,0.603,1.166,0.739,0.955,rt,
kilo,2026-09-09,0.816,0.583,1.111,0.714,0.918,rt,
kilo,2026-09-10,0.784,0.553,1.071,0.687,0.881,rt,
kilo,2026-09-11,0.752,0.528,1.034,0.657,0.849,rt,
kilo,2026-09-12,0.719,0.498,1.011,0.626,0.817,rt,
kilo,2026-09-13,0.681,0.468,0.979,0.591,0.785,rt,
kilo,2026-09-14,0.649,0.425,0.963,0.554,0.752,rt,
kilo,2026-09-15,0.628,0.413,0.924,0.537,0.727,rt,
kilo,2026-09-16,0.606,0.393,0.895,0.517,0.706,rt,
kilo,2026-09-17,0.582,0.375,0.877,0.494,0.686,rt,
kilo,2026-09-18,0.562,0.351,0.854,0.47,0.666,rt,
kilo,2026-09-19,0.547,0.329,0.838,0.448,0.648,rt,
kilo,2026-09-20,0.529,0.3,0.827,0.429,0.632,rt,
kilo,2026-09-21,0.52,0.286,0.833,0.415,0.624,rt,
kilo,2026-09-22,0.521,0.286,0.839,0.413,0.628,rt,
kilo,2026-09-23,0.525,0.283,0.849,0.415,0.633,rt,
kilo,2026-09-24,0.528,0.28,0.876,0.417,0.64,rt,
kilo,2026-09-25,0.526,0.278,0.877,0.413,0.648,rt,
kilo,2026-09-26,0.528,0.278,0.889,0.413,0.657,rt,
kilo,2026-09-27,0.532,0.271,0.921,0.414,0.661,rt,
komanda,2026-05-25,2.005,1.262,3.302,1.683,2.445,rt,
komanda,2026-05-26,1.978,1.3,3.129,1.681,2.382,rt,
komanda,2026-05-27,1.953,1.334,3.031,1.679,2.325,rt,
komanda,2026-05-28,1.934,1.339,2.916,1.662,2.294,rt,
komanda,2026-05-29,1.913,1.344,2.874,1.642,2.264,rt,
komanda,2026-05-30,1.879,1.323,2.858,1.627,2.24,rt,
komanda,2026-05-31,1.854,1.291,2.911,1.593,2.228,rt,
komanda,2026-06-01,1.852,1.257,2.995,1.568,2.235,rt,
komanda,2026-06-02,1.829,1.273,2.867,1.579,2.196,rt,
komanda,2026-06-03,1.826,1.286,2.825,1.578,2.156,rt,
komanda,2026-06-04,1.817,1.275,2.775,1.566,2.122,rt,
komanda,2026-06-05,1.797,1.266,2.734,1.55,2.109,rt,
komanda,2026-06-06,1.786,1.234,2.733,1.52,2.107,rt,
komanda,2026-06-07,1.765,1.195,2.774,1.481,2.116,rt,
komanda,2026-06-08,1.755,1.143,2.874,1.442,2.13,rt,
komanda,2026-06-09,1.73,1.176,2.731,1.45,2.068,rt,
komanda,2026-06-10,1.703,1.174,2.61,1.446,2.015,rt,
komanda,2026-06-11,1.672,1.157,2.526,1.431,1.98,rt,
komanda,2026-06-12,1.637,1.126,2.46,1.4,1.936,rt,
komanda,2026-06-13,1.6,1.083,2.42,1.366,1.894,rt,
komanda,2026-06-14,1.564,1.04,2.445,1.319,1.856,rt,
komanda,2026-06-15,1.521,0.969,2.495,1.271,1.841,rt,
komanda,2026-06-16,1.485,0.987,2.334,1.264,1.774,rt,
komanda,2026-06-17,1.466,0.985,2.197,1.245,1.713,rt,
komanda,2026-06-18,1.437,0.977,2.105,1.228,1.67,rt,
komanda,2026-06-19,1.406,0.957,2.037,1.201,1.637,rt,
komanda,2026-06-20,1.379,0.93,2.0,1.173,1.606,rt,
komanda,2026-06-21,1.347,0.88,2.009,1.137,1.58,rt,
komanda,2026-06-22,1.337,0.829,2.072,1.113,1.587,rt,
komanda,2026-06-23,1.337,0.863,1.989,1.137,1.563,rt,
komanda,2026-06-24,1.324,0.887,1.932,1.14,1.541,rt,
komanda,2026-06-25,1.319,0.913,1.885,1.155,1.525,rt,
komanda,2026-06-26,1.319,0.917,1.882,1.146,1.522,rt,
komanda,2026-06-27,1.315,0.918,1.912,1.138,1.521,rt,
komanda,2026-06-28,1.315,0.89,1.981,1.124,1.548,rt,
komanda,2026-06-29,1.29,0.839,2.007,1.076,1.531,rt,
komanda,2026-06-30,1.258,0.839,1.87,1.066,1.48,rt,
komanda,2026-07-01,1.232,0.837,1.769,1.054,1.43,rt,
komanda,2026-07-02,1.207,0.822,1.703,1.036,1.401,rt,
komanda,2026-07-03,1.184,0.811,1.667,1.008,1.368,rt,
komanda,2026-07-04,1.16,0.782,1.649,0.979,1.352,rt,
komanda,2026-07-05,1.13,0.735,1.658,0.95,1.334,rt,
komanda,2026-07-06,1.118,0.69,1.72,0.926,1.339,rt,
komanda,2026-07-07,1.139,0.732,1.694,0.965,1.338,rt,
komanda,2026-07-08,1.159,0.767,1.658,0.999,1.351,rt,
komanda,2026-07-09,1.179,0.8,1.661,1.019,1.366,rt,
komanda,2026-07-10,1.207,0.818,1.703,1.042,1.389,rt,
komanda,2026-07-11,1.231,0.81,1.75,1.059,1.418,rt,
komanda,2026-07-12,1.254,0.809,1.849,1.062,1.459,rt,
komanda,2026-07-13,1.266,0.783,1.949,1.049,1.5,rt,
komanda,2026-07-14,1.29,0.829,1.898,1.082,1.499,rt,
komanda,2026-07-15,1.31,0.876,1.892,1.115,1.509,rt,
komanda,2026-07-16,1.33,0.912,1.88,1.146,1.529,rt,
komanda,2026-07-17,1.356,0.937,1.927,1.165,1.558,rt,
komanda,2026-07-18,1.376,0.938,1.994,1.18,1.594,rt,
komanda,2026-07-19,1.408,0.922,2.097,1.195,1.649,rt,
komanda,2026-07-20,1.436,0.911,2.243,1.196,1.713,rt,
komanda,2026-07-21,1.462,0.968,2.182,1.242,1.711,rt,
komanda,2026-07-22,1.49,1.028,2.128,1.281,1.729,rt,
komanda,2026-07-23,1.525,1.07,2.129,1.323,1.746,rt,
komanda,2026-07-24,1.542,1.096,2.197,1.34,1.772,rt,
komanda,2026-07-25,1.57,1.103,2.281,1.344,1.812,rt,
komanda,2026-07-26,1.586,1.084,2.385,1.349,1.866,rt,
komanda,2026-07-27,1.618,1.047,2.569,1.355,1.937,rt,
komanda,2026-07-28,1.646,1.133,2.489,1.405,1.942,rt,
komanda,2026-07-29,1.676,1.202,2.413,1.45,1.935,rt,
komanda,2026-07-30,1.697,1.255,2.38,1.501,1.958,rt,
komanda,2026-07-31,1.727,1.285,2.424,1.532,1.986,rt,
komanda,2026-08-01,1.768,1.281,2.487,1.557,2.026,rt,
komanda,2026-08-02,1.787,1.25,2.606,1.558,2.075,rt,
komanda,2026-08-03,1.809,1.214,2.765,1.539,2.136,rt,
komanda,2026-08-04,1.805,1.271,2.613,1.559,2.104,rt,
komanda,2026-08-05,1.802,1.304,2.486,1.579,2.076,rt,
komanda,2026-08-06,1.799,1.318,2.432,1.576,2.056,rt,
komanda,2026-08-07,1.791,1.313,2.409,1.569,2.037,rt,
komanda,2026-08-08,1.771,1.27,2.475,1.535,2.029,rt,
komanda,2026-08-09,1.752,1.21,2.547,1.507,2.043,rt,
komanda,2026-08-10,1.708,1.13,2.624,1.443,2.018,rt,
komanda,2026-08-11,1.666,1.156,2.412,1.436,1.942,rt,
komanda,2026-08-12,1.636,1.156,2.272,1.419,1.872,rt,
komanda,2026-08-13,1.591,1.152,2.177,1.395,1.816,rt,
komanda,2026-08-14,1.549,1.13,2.127,1.359,1.758,rt,
komanda,2026-08-15,1.497,1.087,2.096,1.315,1.725,rt,
komanda,2026-08-16,1.465,1.024,2.108,1.254,1.692,rt,
komanda,2026-08-17,1.447,0.963,2.152,1.216,1.686,rt,
komanda,2026-08-18,1.387,0.968,1.979,1.2,1.59,rt,
komanda,2026-08-19,1.335,0.959,1.857,1.18,1.511,rt,
komanda,2026-08-20,1.29,0.95,1.754,1.15,1.444,rt,
komanda,2026-08-21,1.245,0.916,1.671,1.104,1.389,rt,
komanda,2026-08-22,1.196,0.875,1.617,1.053,1.355,rt,
komanda,2026-08-23,1.146,0.816,1.597,0.994,1.32,rt,
komanda,2026-08-24,1.116,0.753,1.621,0.957,1.31,rt,
komanda,2026-08-25,1.098,0.771,1.514,0.955,1.261,rt,
komanda,2026-08-26,1.074,0.783,1.451,0.949,1.208,rt,
komanda,2026-08-27,1.051,0.772,1.394,0.938,1.179,rt,
komanda,2026-08-28,1.03,0.759,1.366,0.91,1.151,rt,
komanda,2026-08-29,1.005,0.728,1.356,0.881,1.134,rt,
komanda,2026-08-30,0.981,0.679,1.357,0.847,1.124,rt,
komanda,2026-08-31,0.94,0.615,1.347,0.794,1.096,rt,
komanda,2026-09-01,0.923,0.631,1.283,0.796,1.071,rt,
komanda,2026-09-02,0.911,0.642,1.249,0.797,1.044,rt,
komanda,2026-09-03,0.899,0.639,1.224,0.789,1.02,rt,
komanda,2026-09-04,0.887,0.626,1.201,0.774,1.003,rt,
komanda,2026-09-05,0.873,0.598,1.201,0.757,0.997,rt,
komanda,2026-09-06,0.857,0.564,1.209,0.732,0.99,rt,
komanda,2026-09-07,0.827,0.521,1.206,0.688,0.968,rt,
komanda,2026-09-08,0.823,0.541,1.169,0.695,0.954,rt,
komanda,2026-09-09,0.817,0.551,1.139,0.695,0.945,rt,
komanda,2026-09-10,0.807,0.551,1.128,0.685,0.937,rt,
komanda,2026-09-11,0.799,0.53,1.132,0.682,0.923,rt,
komanda,2026-09-12,0.788,0.514,1.136,0.666,0.914,rt,
komanda,2026-09-13,0.773,0.485,1.162,0.643,0.909,rt,
komanda,2026-09-14,0.756,0.457,1.19,0.617,0.898,rt,
komanda,2026-09-15,0.732,0.443,1.146,0.603,0.873,rt,
komanda,2026-09-16,0.715,0.43,1.131,0.588,0.85,rt,
komanda,2026-09-17,0.69,0.417,1.114,0.565,0.832,rt,
komanda,2026-09-18,0.672,0.396,1.097,0.542,0.816,rt,
komanda,2026-09-19,0.644,0.367,1.096,0.514,0.804,rt,
komanda,2026-09-20,0.623,0.341,1.093,0.49,0.787,rt,
komanda,2026-09-21,0.608,0.317,1.116,0.474,0.79,rt,
komanda,2026-09-22,0.604,0.316,1.114,0.47,0.778,rt,
komanda,2026-09-23,0.604,0.314,1.121,0.465,0.772,rt,
komanda,2026-09-24,0.597,0.303,1.131,0.46,0.773,rt,
komanda,2026-09-25,0.593,0.295,1.14,0.449,0.773,rt,
komanda,2026-09-26,0.588,0.283,1.148,0.443,0.779,rt,
komanda,2026-09-27,0.589,0.272,1.164,0.43,0.777,rt,
lita,2026-05-21,2.479,1.677,3.442,2.126,2.834,rt,
lita,2026-05-22,2.465,1.708,3.424,2.13,2.829,rt,
lita,2026-05-23,2.455,1.706,3.446,2.134,2.836,rt,
lita,2026-05-24,2.449,1.681,3.508,2.105,2.836,rt,
lita,2026-05-25,2.431,1.641,3.575,2.077,2.841,rt,
lita,2026-05-26,2.37,1.661,3.374,2.046,2.723,rt,
lita,2026-05-27,2.321,1.667,3.217,2.022,2.629,rt,
lita,2026-05-28,2.271,1.661,3.096,1.989,2.538,rt,
lita,2026-05-29,2.212,1.634,3.013,1.952,2.46,rt,
lita,2026-05-30,2.148,1.581,2.955,1.905,2.41,rt,
lita,2026-05-31,2.092,1.533,2.887,1.849,2.365,rt,
lita,2026-06-01,2.054,1.473,2.861,1.806,2.347,rt,
lita,2026-06-02,2.053,1.52,2.808,1.826,2.313,rt,
lita,2026-06-03,2.049,1.56,2.712,1.846,2.293,rt,
lita,2026-06-04,2.043,1.58,2.684,1.842,2.293,rt,
lita,2026-06-05,2.038,1.582,2.66,1.846,2.294,rt,
lita,2026-06-06,2.036,1.553,2.681,1.84,2.297,rt,
lita,2026-06-07,2.03,1.512,2.721,1.813,2.288,rt,
lita,2026-06-08,2.031,1.476,2.79,1.794,2.295,rt,
lita,2026-06-09,2.046,1.54,2.745,1.83,2.292,rt,
lita,2026-06-10,2.053,1.583,2.69,1.859,2.282,rt,
lita,2026-06-11,2.053,1.612,2.669,1.866,2.274,rt,
lita,2026-06-12,2.054,1.636,2.654,1.868,2.272,rt,
lita,2026-06-13,2.047,1.626,2.652,1.857,2.264,rt,
lita,2026-06-14,2.035,1.598,2.667,1.835,2.26,rt,
lita,2026-06-15,2.02,1.557,2.694,1.805,2.26,rt,
lita,2026-06-16,1.973,1.551,2.574,1.775,2.195,rt,
lita,2026-06-17,1.923,1.535,2.474,1.738,2.13,rt,
lita,2026-06-18,1.872,1.501,2.376,1.702,2.06,rt,
lita,2026-06-19,1.822,1.461,2.294,1.664,2.001,rt,
lita,2026-06-20,1.771,1.413,2.231,1.618,1.947,rt,
lita,2026-06-21,1.719,1.357,2.186,1.564,1.9,rt,
lita,2026-06-22,1.701,1.32,2.193,1.53,1.89,rt,
lita,2026-06-23,1.685,1.34,2.127,1.529,1.849,rt,
lita,2026-06-24,1.672,1.355,2.075,1.523,1.819,rt,
lita,2026-06-25,1.658,1.348,2.035,1.512,1.799,rt,
lita,2026-06-26,1.642,1.328,2.018,1.502,1.78,rt,
lita,2026-06-27,1.625,1.307,2.01,1.477,1.772,rt,
lita,2026-06-28,1.609,1.269,2.02,1.451,1.764,rt,
lita,2026-06-29,1.56,1.186,2.016,1.386,1.722,rt,
lita,2026-06-30,1.535,1.204,1.952,1.391,1.682,rt,
lita,2026-07-01,1.508,1.203,1.915,1.381,1.651,rt,
lita,2026-07-02,1.49,1.196,1.878,1.365,1.619,rt,
lita,2026-07-03,1.464,1.189,1.857,1.345,1.596,rt,
lita,2026-07-04,1.445,1.158,1.837,1.325,1.576,rt,
lita,2026-07-05,1.422,1.134,1.823,1.296,1.564,rt,
lita,2026-07-06,1.42,1.11,1.862,1.28,1.572,rt,
lita,2026-07-07,1.397,1.113,1.779,1.27,1.543,rt,
lita,2026-07-08,1.374,1.114,1.718,1.259,1.508,rt,
lita,2026-07-09,1.356,1.107,1.674,1.244,1.487,rt,
lita,2026-07-10,1.336,1.089,1.653,1.229,1.459,rt,
lita,2026-07-11,1.315,1.068,1.637,1.204,1.436,rt,
lita,2026-07-12,1.296,1.037,1.633,1.184,1.418,rt,
lita,2026-07-13,1.259,0.981,1.621,1.145,1.393,rt,
lita,2026-07-14,1.232,0.979,1.559,1.127,1.356,rt,
lita,2026-07-15,1.211,0.971,1.486,1.113,1.319,rt,
lita,2026-07-16,1.188,0.959,1.44,1.088,1.287,rt,
lita,2026-07-17,1.161,0.939,1.413,1.066,1.259,rt,
lita,2026-07-18,1.138,0.91,1.393,1.04,1.233,rt,
lita,2026-07-19,1.105,0.87,1.378,1.006,1.212,rt,
lita,2026-07-20,1.084,0.826,1.382,0.975,1.202,rt,
lita,2026-07-21,1.073,0.833,1.348,0.973,1.184,rt,
lita,2026-07-22,1.062,0.837,1.317,0.97,1.163,rt,
lita,2026-07-23,1.048,0.828,1.29,0.958,1.146,rt,
lita,2026-07-24,1.031,0.817,1.271,0.944,1.127,rt,
lita,2026-07-25,1.014,0.807,1.249,0.928,1.112,rt,
lita,2026-07-26,0.999,0.776,1.252,0.905,1.1,rt,
lita,2026-07-27,0.988,0.757,1.275,0.886,1.098,rt,
lita,2026-07-28,0.98,0.773,1.241,0.889,1.082,rt,
lita,2026-07-29,0.977,0.78,1.215,0.89,1.064,rt,
lita,2026-07-30,0.971,0.78,1.19,0.888,1.055,rt,
lita,2026-07-31,0.963,0.771,1.178,0.883,1.047,rt,
lita,2026-08-01,0.957,0.763,1.178,0.87,1.04,rt,
lita,2026-08-02,0.948,0.745,1.183,0.854,1.043,rt,
lita,2026-08-03,0.933,0.708,1.194,0.836,1.036,rt,
lita,2026-08-04,0.939,0.728,1.175,0.849,1.03,rt,
lita,2026-08-05,0.948,0.741,1.164,0.859,1.032,rt,
lita,2026-08-06,0.953,0.752,1.157,0.865,1.037,rt,
lita,2026-08-07,0.954,0.759,1.168,0.866,1.036,rt,
lita,2026-08-08,0.953,0.754,1.18,0.864,1.042,rt,
lita,2026-08-09,0.955,0.741,1.201,0.858,1.05,rt,
lita,2026-08-10,0.942,0.713,1.211,0.841,1.044,rt,
lita,2026-08-11,0.931,0.718,1.177,0.84,1.028,rt,
lita,2026-08-12,0.924,0.723,1.154,0.838,1.013,rt,
lita,2026-08-13,0.914,0.719,1.132,0.832,1.003,rt,
lita,2026-08-14,0.903,0.711,1.118,0.824,0.996,rt,
lita,2026-08-15,0.892,0.697,1.127,0.809,0.985,rt,
lita,2026-08-16,0.881,0.676,1.138,0.794,0.973,rt,
lita,2026-08-17,0.877,0.659,1.169,0.787,0.979,rt,
lita,2026-08-18,0.883,0.682,1.145,0.799,0.98,rt,
lita,2026-08-19,0.889,0.702,1.127,0.806,0.98,rt,
lita,2026-08-20,0.894,0.711,1.123,0.812,0.982,rt,
lita,2026-08-21,0.895,0.717,1.129,0.817,0.984,rt,
lita,2026-08-22,0.9,0.704,1.145,0.813,0.989,rt,
lita,2026-08-23,0.9,0.69,1.17,0.809,0.997,rt,
lita,2026-08-24,0.913,0.679,1.226,0.812,1.023,rt,
lita,2026-08-25,0.926,0.707,1.215,0.834,1.029,rt,
lita,2026-08-26,0.941,0.734,1.212,0.851,1.036,rt,
lita,2026-08-27,0.951,0.752,1.212,0.863,1.046,rt,
lita,2026-08-28,0.955,0.758,1.22,0.877,1.055,rt,
lita,2026-08-29,0.962,0.764,1.253,0.881,1.069,rt,
lita,2026-08-30,0.969,0.752,1.281,0.88,1.082,rt,
lita,2026-08-31,0.963,0.726,1.306,0.856,1.079,rt,
lita,2026-09-01,0.954,0.735,1.251,0.855,1.061,rt,
lita,2026-09-02,0.942,0.73,1.23,0.849,1.044,rt,
lita,2026-09-03,0.928,0.721,1.199,0.835,1.028,rt,
lita,2026-09-04,0.913,0.707,1.183,0.818,1.011,rt,
lita,2026-09-05,0.898,0.679,1.179,0.801,0.995,rt,
lita,2026-09-06,0.876,0.644,1.173,0.777,0.985,rt,
lita,2026-09-07,0.842,0.591,1.155,0.73,0.957,rt,
lita,2026-09-08,0.794,0.57,1.074,0.696,0.904,rt,
lita,2026-09-09,0.747,0.542,1.014,0.662,0.854,rt,
lita,2026-09-10,0.701,0.504,0.953,0.62,0.804,rt,
lita,2026-09-11,0.657,0.465,0.899,0.575,0.755,rt,
lita,2026-09-12,0.611,0.421,0.857,0.527,0.711,rt,
lita,2026-09-13,0.563,0.371,0.815,0.476,0.669,rt,
lita,2026-09-14,0.519,0.319,0.791,0.428,0.625,rt,
lita,2026-09-15,0.494,0.302,0.749,0.404,0.592,rt,
lita,2026-09-16,0.468,0.283,0.726,0.378,0.565,rt,
lita,2026-09-17,0.44,0.259,0.698,0.354,0.54,rt,
lita,2026-09-18,0.411,0.228,0.688,0.33,0.514,rt,
lita,2026-09-19,0.384,0.198,0.679,0.305,0.494,rt,
lita,2026-09-20,0.361,0.172,0.672,0.28,0.476,rt,
lita,2026-09-21,0.342,0.149,0.688,0.258,0.464,rt,
lita,2026-09-22,0.341,0.148,0.697,0.254,0.464,rt,
lita,2026-09-23,0.338,0.146,0.711,0.249,0.466,rt,
lita,2026-09-24,0.337,0.144,0.718,0.244,0.466,rt,
lita,2026-09-25,0.334,0.137,0.737,0.239,0.473,rt,
lita,2026-09-26,0.335,0.132,0.762,0.231,0.48,rt,
lita,2026-09-27,0.336,0.121,0.796,0.226,0.492,rt,
logo,2026-06-15,1.376,1.069,1.685,1.249,1.498,rt,
logo,2026-06-16,1.363,1.068,1.656,1.241,1.479,rt,
logo,2026-06-17,1.345,1.064,1.621,1.225,1.461,rt,
logo,2026-06-18,1.325,1.054,1.596,1.208,1.438,rt,
logo,2026-06-19,1.302,1.043,1.56,1.194,1.411,rt,
logo,2026-06-20,1.28,1.025,1.531,1.177,1.388,rt,
logo,2026-06-21,1.259,1.012,1.501,1.159,1.363,rt,
logo,2026-06-22,1.256,1.012,1.5,1.156,1.357,rt,
logo,2026-06-23,1.258,1.023,1.492,1.165,1.352,rt,
logo,2026-06-24,1.264,1.036,1.492,1.168,1.354,rt,
logo,2026-06-25,1.267,1.038,1.494,1.17,1.351,rt,
logo,2026-06-26,1.264,1.043,1.482,1.17,1.348,rt,
logo,2026-06-27,1.266,1.043,1.477,1.172,1.346,rt,
logo,2026-06-28,1.264,1.036,1.482,1.171,1.347,rt,
logo,2026-06-29,1.234,1.007,1.452,1.139,1.317,rt,
logo,2026-06-30,1.205,0.988,1.406,1.117,1.283,rt,
logo,2026-07-01,1.172,0.968,1.37,1.093,1.252,rt,
logo,2026-07-02,1.144,0.941,1.332,1.067,1.222,rt,
logo,2026-07-03,1.116,0.921,1.291,1.045,1.19,rt,
logo,2026-07-04,1.087,0.9,1.26,1.019,1.159,rt,
logo,2026-07-05,1.058,0.876,1.232,0.991,1.13,rt,
logo,2026-07-06,1.041,0.858,1.223,0.971,1.115,rt,
logo,2026-07-07,1.039,0.86,1.215,0.968,1.111,rt,
logo,2026-07-08,1.037,0.864,1.202,0.968,1.108,rt,
logo,2026-07-09,1.033,0.861,1.199,0.966,1.104,rt,
logo,2026-07-10,1.032,0.86,1.193,0.964,1.097,rt,
logo,2026-07-11,1.03,0.855,1.19,0.957,1.095,rt,
logo,2026-07-12,1.025,0.847,1.184,0.949,1.093,rt,
logo,2026-07-13,1.008,0.827,1.174,0.932,1.079,rt,
logo,2026-07-14,1.004,0.833,1.158,0.932,1.066,rt,
logo,2026-07-15,0.996,0.831,1.145,0.928,1.058,rt,
logo,2026-07-16,0.986,0.831,1.133,0.921,1.049,rt,
logo,2026-07-17,0.979,0.827,1.122,0.915,1.041,rt,
logo,2026-07-18,0.972,0.819,1.114,0.908,1.034,rt,
logo,2026-07-19,0.964,0.808,1.105,0.899,1.023,rt,
logo,2026-07-20,0.959,0.799,1.112,0.892,1.02,rt,
logo,2026-07-21,0.96,0.803,1.107,0.897,1.018,rt,
logo,2026-07-22,0.959,0.803,1.104,0.898,1.017,rt,
logo,2026-07-23,0.958,0.8,1.106,0.894,1.015,rt,
logo,2026-07-24,0.953,0.805,1.098,0.891,1.012,rt,
logo,2026-07-25,0.949,0.802,1.093,0.886,1.01,rt,
logo,2026-07-26,0.943,0.791,1.089,0.879,1.003,rt,
logo,2026-07-27,0.942,0.787,1.098,0.875,1.005,rt,
logo,2026-07-28,0.946,0.792,1.101,0.88,1.007,rt,
logo,2026-07-29,0.949,0.795,1.101,0.881,1.009,rt,
logo,2026-07-30,0.95,0.797,1.106,0.883,1.01,rt,
logo,2026-07-31,0.952,0.797,1.102,0.888,1.009,rt,
logo,2026-08-01,0.951,0.795,1.1,0.889,1.009,rt,
logo,2026-08-02,0.949,0.793,1.102,0.886,1.01,rt,
logo,2026-08-03,0.944,0.784,1.105,0.878,1.008,rt,
logo,2026-08-04,0.943,0.782,1.101,0.875,1.004,rt,
logo,2026-08-05,0.94,0.779,1.099,0.874,1.001,rt,
logo,2026-08-06,0.934,0.774,1.099,0.869,0.996,rt,
logo,2026-08-07,0.927,0.771,1.091,0.863,0.988,rt,
logo,2026-08-08,0.921,0.764,1.08,0.853,0.982,rt,
logo,2026-08-09,0.911,0.756,1.073,0.844,0.975,rt,
logo,2026-08-10,0.89,0.734,1.053,0.825,0.955,rt,
logo,2026-08-11,0.879,0.73,1.034,0.815,0.939,rt,
logo,2026-08-12,0.865,0.723,1.018,0.805,0.923,rt,
logo,2026-08-13,0.852,0.712,1.001,0.793,0.912,rt,
logo,2026-08-14,0.84,0.705,0.979,0.783,0.897,rt,
logo,2026-08-15,0.826,0.692,0.959,0.771,0.884,rt,
logo,2026-08-16,0.812,0.679,0.943,0.759,0.869,rt,
logo,2026-08-17,0.808,0.67,0.941,0.752,0.866,rt,
logo,2026-08-18,0.81,0.673,0.938,0.754,0.865,rt,
logo,2026-08-19,0.811,0.673,0.937,0.753,0.863,rt,
logo,2026-08-20,0.811,0.672,0.94,0.752,0.863,rt,
logo,2026-08-21,0.811,0.676,0.935,0.754,0.861,rt,
logo,2026-08-22,0.808,0.675,0.934,0.753,0.86,rt,
logo,2026-08-23,0.805,0.668,0.933,0.749,0.858,rt,
logo,2026-08-24,0.812,0.673,0.95,0.757,0.87,rt,
logo,2026-08-25,0.826,0.688,0.962,0.77,0.886,rt,
logo,2026-08-26,0.84,0.696,0.976,0.78,0.897,rt,
logo,2026-08-27,0.852,0.704,0.991,0.791,0.911,rt,
logo,2026-08-28,0.865,0.719,0.999,0.803,0.921,rt,
logo,2026-08-29,0.875,0.727,1.006,0.814,0.934,rt,
logo,2026-08-30,0.884,0.735,1.02,0.82,0.944,rt,
logo,2026-08-31,0.876,0.73,1.02,0.814,0.941,rt,
logo,2026-09-01,0.879,0.732,1.025,0.817,0.942,rt,
logo,2026-09-02,0.881,0.731,1.028,0.818,0.946,rt,
logo,2026-09-03,0.881,0.73,1.036,0.817,0.947,rt,
logo,2026-09-04,0.881,0.725,1.033,0.815,0.944,rt,
logo,2026-09-05,0.877,0.717,1.035,0.813,0.941,rt,
logo,2026-09-06,0.873,0.707,1.037,0.805,0.938,rt,
logo,2026-09-07,0.848,0.682,1.019,0.781,0.915,rt,
logo,2026-09-08,0.829,0.667,1.004,0.761,0.896,rt,
logo,2026-09-09,0.807,0.645,0.988,0.739,0.874,rt,
logo,2026-09-10,0.783,0.619,0.967,0.713,0.852,rt,
logo,2026-09-11,0.757,0.597,0.939,0.688,0.829,rt,
logo,2026-09-12,0.728,0.565,0.917,0.655,0.803,rt,
logo,2026-09-13,0.697,0.526,0.894,0.622,0.775,rt,
logo,2026-09-14,0.668,0.485,0.875,0.588,0.751,rt,
logo,2026-09-15,0.648,0.466,0.861,0.567,0.733,rt,
logo,2026-09-16,0.627,0.444,0.846,0.546,0.713,rt,
logo,2026-09-17,0.606,0.417,0.832,0.524,0.693,rt,
logo,2026-09-18,0.585,0.393,0.818,0.504,0.672,rt,
logo,2026-09-19,0.563,0.367,0.813,0.483,0.653,rt,
logo,2026-09-20,0.541,0.34,0.795,0.463,0.635,rt,
logo,2026-09-21,0.53,0.322,0.795,0.449,0.63,rt,
logo,2026-09-22,0.529,0.32,0.807,0.449,0.632,rt,
logo,2026-09-23,0.53,0.312,0.815,0.444,0.634,rt,
logo,2026-09-24,0.529,0.308,0.828,0.441,0.638,rt,
logo,2026-09-25,0.531,0.306,0.817,0.438,0.638,rt,
logo,2026-09-26,0.532,0.308,0.815,0.435,0.641,rt,
logo,2026-09-27,0.534,0.305,0.814,0.434,0.643,rt,
lolwa,2026-06-23,1.285,0.807,2.103,1.049,1.567,rt,
lolwa,2026-06-24,1.3,0.834,2.105,1.078,1.572,rt,
lolwa,2026-06-25,1.324,0.852,2.088,1.096,1.589,rt,
lolwa,2026-06-26,1.343,0.871,2.111,1.11,1.599,rt,
lolwa,2026-06-27,1.358,0.874,2.141,1.123,1.641,rt,
lolwa,2026-06-28,1.372,0.87,2.232,1.134,1.68,rt,
lolwa,2026-06-29,1.347,0.831,2.291,1.115,1.691,rt,
lolwa,2026-06-30,1.317,0.837,2.192,1.099,1.628,rt,
lolwa,2026-07-01,1.303,0.846,2.057,1.087,1.581,rt,
lolwa,2026-07-02,1.288,0.831,2.011,1.069,1.546,rt,
lolwa,2026-07-03,1.259,0.815,1.971,1.042,1.501,rt,
lolwa,2026-07-04,1.235,0.782,1.966,1.022,1.482,rt,
lolwa,2026-07-05,1.204,0.749,1.988,0.992,1.482,rt,
lolwa,2026-07-06,1.191,0.716,2.056,0.956,1.496,rt,
lolwa,2026-07-07,1.205,0.747,2.003,0.987,1.5,rt,
lolwa,2026-07-08,1.221,0.78,2.009,1.013,1.498,rt,
lolwa,2026-07-09,1.237,0.799,1.992,1.033,1.511,rt,
lolwa,2026-07-10,1.246,0.814,2.015,1.054,1.534,rt,
lolwa,2026-07-11,1.26,0.824,2.112,1.066,1.571,rt,
lolwa,2026-07-12,1.271,0.822,2.17,1.063,1.616,rt,
lolwa,2026-07-13,1.28,0.791,2.244,1.048,1.632,rt,
lolwa,2026-07-14,1.292,0.829,2.164,1.073,1.6,rt,
lolwa,2026-07-15,1.301,0.849,2.135,1.084,1.595,rt,
lolwa,2026-07-16,1.31,0.855,2.128,1.093,1.597,rt,
lolwa,2026-07-17,1.309,0.862,2.133,1.099,1.594,rt,
lolwa,2026-07-18,1.317,0.854,2.182,1.093,1.608,rt,
lolwa,2026-07-19,1.323,0.83,2.266,1.079,1.619,rt,
lolwa,2026-07-20,1.329,0.806,2.388,1.079,1.654,rt,
lolwa,2026-07-21,1.328,0.836,2.271,1.086,1.626,rt,
lolwa,2026-07-22,1.322,0.851,2.185,1.103,1.61,rt,
lolwa,2026-07-23,1.317,0.855,2.136,1.101,1.604,rt,
lolwa,2026-07-24,1.317,0.852,2.106,1.093,1.598,rt,
lolwa,2026-07-25,1.308,0.839,2.123,1.074,1.597,rt,
lolwa,2026-07-26,1.303,0.811,2.168,1.058,1.604,rt,
lolwa,2026-07-27,1.297,0.759,2.258,1.043,1.626,rt,
lolwa,2026-07-28,1.302,0.797,2.145,1.075,1.605,rt,
lolwa,2026-07-29,1.306,0.829,2.051,1.081,1.577,rt,
lolwa,2026-07-30,1.303,0.84,2.029,1.096,1.563,rt,
lolwa,2026-07-31,1.297,0.84,1.999,1.099,1.555,rt,
lolwa,2026-08-01,1.291,0.844,2.018,1.093,1.541,rt,
lolwa,2026-08-02,1.29,0.824,2.083,1.071,1.56,rt,
lolwa,2026-08-03,1.279,0.802,2.166,1.049,1.565,rt,
lolwa,2026-08-04,1.26,0.813,2.033,1.049,1.533,rt,
lolwa,2026-08-05,1.24,0.821,1.938,1.044,1.495,rt,
lolwa,2026-08-06,1.221,0.815,1.88,1.029,1.462,rt,
lolwa,2026-08-07,1.211,0.786,1.842,1.011,1.434,rt,
lolwa,2026-08-08,1.188,0.747,1.849,0.986,1.414,rt,
lolwa,2026-08-09,1.157,0.717,1.843,0.959,1.411,rt,
lolwa,2026-08-10,1.114,0.66,1.858,0.91,1.378,rt,
lolwa,2026-08-11,1.096,0.681,1.721,0.902,1.329,rt,
lolwa,2026-08-12,1.077,0.681,1.636,0.893,1.274,rt,
lolwa,2026-08-13,1.059,0.662,1.574,0.88,1.242,rt,
lolwa,2026-08-14,1.028,0.638,1.53,0.856,1.203,rt,
lolwa,2026-08-15,1.001,0.607,1.52,0.832,1.185,rt,
lolwa,2026-08-16,0.977,0.577,1.514,0.803,1.18,rt,
lolwa,2026-08-17,0.959,0.543,1.551,0.775,1.175,rt,
lolwa,2026-08-18,0.946,0.544,1.489,0.774,1.143,rt,
lolwa,2026-08-19,0.928,0.559,1.431,0.767,1.113,rt,
lolwa,2026-08-20,0.913,0.548,1.38,0.75,1.093,rt,
lolwa,2026-08-21,0.899,0.54,1.357,0.733,1.074,rt,
lolwa,2026-08-22,0.884,0.524,1.337,0.719,1.057,rt,
lolwa,2026-08-23,0.868,0.5,1.354,0.7,1.046,rt,
lolwa,2026-08-24,0.862,0.482,1.404,0.687,1.051,rt,
lolwa,2026-08-25,0.869,0.495,1.367,0.693,1.042,rt,
lolwa,2026-08-26,0.865,0.505,1.332,0.702,1.034,rt,
lolwa,2026-08-27,0.868,0.508,1.309,0.705,1.036,rt,
lolwa,2026-08-28,0.866,0.503,1.316,0.71,1.043,rt,
lolwa,2026-08-29,0.864,0.499,1.323,0.703,1.045,rt,
lolwa,2026-08-30,0.864,0.485,1.332,0.691,1.049,rt,
lolwa,2026-08-31,0.855,0.46,1.344,0.668,1.048,rt,
lolwa,2026-09-01,0.849,0.468,1.316,0.668,1.038,rt,
lolwa,2026-09-02,0.843,0.472,1.293,0.666,1.018,rt,
lolwa,2026-09-03,0.838,0.469,1.273,0.665,1.011,rt,
lolwa,2026-09-04,0.831,0.458,1.274,0.649,1.005,rt,
lolwa,2026-09-05,0.822,0.447,1.284,0.644,0.993,rt,
lolwa,2026-09-06,0.815,0.436,1.304,0.63,0.997,rt,
lolwa,2026-09-07,0.79,0.414,1.309,0.603,0.982,rt,
lolwa,2026-09-08,0.78,0.417,1.283,0.61,0.977,rt,
lolwa,2026-09-09,0.778,0.428,1.256,0.608,0.977,rt,
lolwa,2026-09-10,0.771,0.421,1.249,0.604,0.97,rt,
lolwa,2026-09-11,0.763,0.413,1.243,0.593,0.966,rt,
lolwa,2026-09-12,0.759,0.399,1.269,0.583,0.961,rt,
lolwa,2026-09-13,0.745,0.384,1.267,0.566,0.958,rt,
lolwa,2026-09-14,0.735,0.367,1.283,0.553,0.95,rt,
lolwa,2026-09-15,0.729,0.358,1.27,0.547,0.929,rt,
lolwa,2026-09-16,0.711,0.345,1.243,0.537,0.911,rt,
lolwa,2026-09-17,0.69,0.339,1.231,0.521,0.899,rt,
lolwa,2026-09-18,0.674,0.321,1.214,0.51,0.874,rt,
lolwa,2026-09-19,0.662,0.311,1.212,0.494,0.857,rt,
lolwa,2026-09-20,0.642,0.296,1.201,0.483,0.845,rt,
lolwa,2026-09-21,0.635,0.287,1.212,0.473,0.841,rt,
lolwa,2026-09-22,0.635,0.29,1.195,0.476,0.836,rt,
lolwa,2026-09-23,0.633,0.288,1.195,0.472,0.836,rt,
lolwa,2026-09-24,0.63,0.285,1.193,0.471,0.831,rt,
lolwa,2026-09-25,0.631,0.283,1.181,0.463,0.83,rt,
lolwa,2026-09-26,0.63,0.281,1.171,0.461,0.83,rt,
lolwa,2026-09-27,0.627,0.274,1.167,0.455,0.831,rt,
mahagi,2026-07-31,0.96,0.809,1.106,0.901,1.019,rt,
mahagi,2026-08-01,0.959,0.811,1.107,0.901,1.019,rt,
mahagi,2026-08-02,0.957,0.81,1.11,0.897,1.019,rt,
mahagi,2026-08-03,0.952,0.802,1.113,0.888,1.014,rt,
mahagi,2026-08-04,0.951,0.798,1.109,0.888,1.011,rt,
mahagi,2026-08-05,0.944,0.796,1.104,0.884,1.006,rt,
mahagi,2026-08-06,0.94,0.789,1.103,0.879,1.003,rt,
mahagi,2026-08-07,0.933,0.783,1.093,0.874,0.995,rt,
mahagi,2026-08-08,0.925,0.778,1.083,0.868,0.986,rt,
mahagi,2026-08-09,0.916,0.766,1.076,0.858,0.978,rt,
mahagi,2026-08-10,0.895,0.744,1.058,0.836,0.96,rt,
mahagi,2026-08-11,0.883,0.74,1.04,0.826,0.943,rt,
mahagi,2026-08-12,0.87,0.733,1.018,0.817,0.928,rt,
mahagi,2026-08-13,0.858,0.725,1.005,0.805,0.914,rt,
mahagi,2026-08-14,0.846,0.717,0.983,0.795,0.899,rt,
mahagi,2026-08-15,0.832,0.707,0.964,0.784,0.885,rt,
mahagi,2026-08-16,0.819,0.69,0.95,0.768,0.87,rt,
mahagi,2026-08-17,0.815,0.683,0.948,0.76,0.866,rt,
mahagi,2026-08-18,0.818,0.686,0.948,0.763,0.866,rt,
mahagi,2026-08-19,0.819,0.689,0.947,0.764,0.866,rt,
mahagi,2026-08-20,0.82,0.687,0.95,0.764,0.866,rt,
mahagi,2026-08-21,0.82,0.689,0.945,0.765,0.865,rt,
mahagi,2026-08-22,0.817,0.689,0.943,0.764,0.862,rt,
mahagi,2026-08-23,0.814,0.684,0.941,0.76,0.861,rt,
mahagi,2026-08-24,0.821,0.687,0.959,0.766,0.871,rt,
mahagi,2026-08-25,0.835,0.702,0.971,0.782,0.888,rt,
mahagi,2026-08-26,0.848,0.714,0.984,0.795,0.904,rt,
mahagi,2026-08-27,0.861,0.721,1.001,0.803,0.92,rt,
mahagi,2026-08-28,0.871,0.735,1.008,0.816,0.932,rt,
mahagi,2026-08-29,0.882,0.744,1.022,0.828,0.945,rt,
mahagi,2026-08-30,0.89,0.751,1.031,0.835,0.956,rt,
mahagi,2026-08-31,0.883,0.744,1.033,0.828,0.949,rt,
mahagi,2026-09-01,0.89,0.751,1.042,0.83,0.951,rt,
mahagi,2026-09-02,0.891,0.756,1.045,0.832,0.954,rt,
mahagi,2026-09-03,0.892,0.751,1.051,0.83,0.956,rt,
mahagi,2026-09-04,0.889,0.749,1.047,0.83,0.955,rt,
mahagi,2026-09-05,0.886,0.744,1.049,0.827,0.951,rt,
mahagi,2026-09-06,0.88,0.735,1.046,0.819,0.947,rt,
mahagi,2026-09-07,0.855,0.708,1.025,0.794,0.925,rt,
mahagi,2026-09-08,0.838,0.692,1.005,0.774,0.906,rt,
mahagi,2026-09-09,0.817,0.669,0.986,0.751,0.886,rt,
mahagi,2026-09-10,0.793,0.645,0.967,0.726,0.865,rt,
mahagi,2026-09-11,0.768,0.612,0.943,0.7,0.839,rt,
mahagi,2026-09-12,0.74,0.579,0.919,0.669,0.812,rt,
mahagi,2026-09-13,0.708,0.54,0.9,0.632,0.782,rt,
mahagi,2026-09-14,0.679,0.501,0.88,0.601,0.756,rt,
mahagi,2026-09-15,0.657,0.48,0.864,0.581,0.741,rt,
mahagi,2026-09-16,0.636,0.457,0.853,0.559,0.72,rt,
mahagi,2026-09-17,0.614,0.434,0.842,0.536,0.698,rt,
mahagi,2026-09-18,0.594,0.414,0.822,0.513,0.68,rt,
mahagi,2026-09-19,0.573,0.386,0.804,0.492,0.661,rt,
mahagi,2026-09-20,0.553,0.361,0.795,0.469,0.643,rt,
mahagi,2026-09-21,0.54,0.343,0.795,0.452,0.635,rt,
mahagi,2026-09-22,0.54,0.34,0.803,0.449,0.64,rt,
mahagi,2026-09-23,0.539,0.336,0.812,0.447,0.638,rt,
mahagi,2026-09-24,0.539,0.328,0.823,0.443,0.64,rt,
mahagi,2026-09-25,0.539,0.325,0.823,0.445,0.643,rt,
mahagi,2026-09-26,0.541,0.323,0.82,0.443,0.644,rt,
mahagi,2026-09-27,0.538,0.321,0.821,0.439,0.644,rt,
mambasa,2026-06-05,1.517,1.162,1.93,1.366,1.673,rt,
mambasa,2026-06-06,1.52,1.164,1.926,1.366,1.677,rt,
mambasa,2026-06-07,1.521,1.168,1.932,1.366,1.677,rt,
mambasa,2026-06-08,1.527,1.16,1.959,1.362,1.684,rt,
mambasa,2026-06-09,1.528,1.182,1.94,1.37,1.68,rt,
mambasa,2026-06-10,1.525,1.198,1.923,1.37,1.674,rt,
mambasa,2026-06-11,1.516,1.198,1.898,1.368,1.658,rt,
mambasa,2026-06-12,1.499,1.197,1.888,1.361,1.638,rt,
mambasa,2026-06-13,1.486,1.191,1.879,1.352,1.626,rt,
mambasa,2026-06-14,1.469,1.18,1.865,1.335,1.608,rt,
mambasa,2026-06-15,1.451,1.156,1.867,1.316,1.595,rt,
mambasa,2026-06-16,1.439,1.165,1.828,1.309,1.577,rt,
mambasa,2026-06-17,1.426,1.156,1.808,1.303,1.562,rt,
mambasa,2026-06-18,1.415,1.146,1.784,1.294,1.546,rt,
mambasa,2026-06-19,1.4,1.137,1.773,1.29,1.525,rt,
mambasa,2026-06-20,1.388,1.126,1.749,1.273,1.515,rt,
mambasa,2026-06-21,1.374,1.107,1.743,1.256,1.504,rt,
mambasa,2026-06-22,1.383,1.098,1.773,1.253,1.512,rt,
mambasa,2026-06-23,1.391,1.124,1.758,1.267,1.512,rt,
mambasa,2026-06-24,1.396,1.139,1.75,1.279,1.518,rt,
mambasa,2026-06-25,1.405,1.147,1.74,1.29,1.53,rt,
mambasa,2026-06-26,1.411,1.157,1.753,1.299,1.538,rt,
mambasa,2026-06-27,1.417,1.164,1.769,1.306,1.543,rt,
mambasa,2026-06-28,1.419,1.161,1.785,1.308,1.556,rt,
mambasa,2026-06-29,1.394,1.125,1.762,1.276,1.532,rt,
mambasa,2026-06-30,1.362,1.119,1.692,1.249,1.481,rt,
mambasa,2026-07-01,1.331,1.099,1.636,1.222,1.44,rt,
mambasa,2026-07-02,1.294,1.075,1.58,1.196,1.404,rt,
mambasa,2026-07-03,1.258,1.052,1.521,1.164,1.365,rt,
mambasa,2026-07-04,1.225,1.023,1.488,1.135,1.327,rt,
mambasa,2026-07-05,1.193,0.991,1.459,1.105,1.297,rt,
mambasa,2026-07-06,1.171,0.959,1.454,1.08,1.279,rt,
mambasa,2026-07-07,1.167,0.972,1.424,1.083,1.266,rt,
mambasa,2026-07-08,1.165,0.975,1.403,1.086,1.259,rt,
mambasa,2026-07-09,1.163,0.978,1.391,1.085,1.255,rt,
mambasa,2026-07-10,1.161,0.979,1.384,1.083,1.249,rt,
mambasa,2026-07-11,1.158,0.967,1.386,1.078,1.245,rt,
mambasa,2026-07-12,1.156,0.959,1.398,1.07,1.244,rt,
mambasa,2026-07-13,1.141,0.931,1.41,1.049,1.236,rt,
mambasa,2026-07-14,1.133,0.945,1.373,1.048,1.22,rt,
mambasa,2026-07-15,1.128,0.945,1.344,1.043,1.207,rt,
mambasa,2026-07-16,1.12,0.942,1.334,1.042,1.197,rt,
mambasa,2026-07-17,1.113,0.94,1.317,1.037,1.185,rt,
mambasa,2026-07-18,1.101,0.927,1.314,1.025,1.18,rt,
mambasa,2026-07-19,1.09,0.911,1.318,1.014,1.18,rt,
mambasa,2026-07-20,1.083,0.894,1.357,1.007,1.185,rt,
mambasa,2026-07-21,1.084,0.906,1.325,1.011,1.174,rt,
mambasa,2026-07-22,1.084,0.915,1.301,1.013,1.167,rt,
mambasa,2026-07-23,1.082,0.918,1.291,1.013,1.16,rt,
mambasa,2026-07-24,1.077,0.913,1.287,1.012,1.152,rt,
mambasa,2026-07-25,1.071,0.906,1.285,1.002,1.146,rt,
mambasa,2026-07-26,1.064,0.891,1.299,0.989,1.142,rt,
mambasa,2026-07-27,1.063,0.871,1.321,0.984,1.152,rt,
mambasa,2026-07-28,1.063,0.889,1.29,0.991,1.145,rt,
mambasa,2026-07-29,1.062,0.901,1.274,0.996,1.141,rt,
mambasa,2026-07-30,1.061,0.91,1.264,0.998,1.139,rt,
mambasa,2026-07-31,1.061,0.911,1.255,0.997,1.133,rt,
mambasa,2026-08-01,1.06,0.907,1.254,0.992,1.13,rt,
mambasa,2026-08-02,1.055,0.897,1.256,0.987,1.127,rt,
mambasa,2026-08-03,1.049,0.877,1.266,0.976,1.122,rt,
mambasa,2026-08-04,1.039,0.878,1.237,0.972,1.111,rt,
mambasa,2026-08-05,1.03,0.878,1.214,0.963,1.102,rt,
mambasa,2026-08-06,1.022,0.87,1.198,0.955,1.096,rt,
mambasa,2026-08-07,1.014,0.861,1.188,0.947,1.08,rt,
mambasa,2026-08-08,1.001,0.848,1.177,0.935,1.071,rt,
mambasa,2026-08-09,0.989,0.827,1.18,0.921,1.059,rt,
mambasa,2026-08-10,0.965,0.793,1.166,0.894,1.038,rt,
mambasa,2026-08-11,0.951,0.796,1.124,0.887,1.02,rt,
mambasa,2026-08-12,0.936,0.793,1.097,0.877,1.001,rt,
mambasa,2026-08-13,0.921,0.788,1.075,0.866,0.982,rt,
mambasa,2026-08-14,0.907,0.783,1.053,0.854,0.966,rt,
mambasa,2026-08-15,0.893,0.771,1.04,0.839,0.951,rt,
mambasa,2026-08-16,0.879,0.753,1.034,0.824,0.937,rt,
mambasa,2026-08-17,0.876,0.74,1.041,0.815,0.937,rt,
mambasa,2026-08-18,0.877,0.75,1.03,0.824,0.938,rt,
mambasa,2026-08-19,0.88,0.755,1.035,0.828,0.94,rt,
mambasa,2026-08-20,0.885,0.76,1.034,0.832,0.942,rt,
mambasa,2026-08-21,0.888,0.765,1.036,0.835,0.946,rt,
mambasa,2026-08-22,0.89,0.767,1.04,0.835,0.95,rt,
mambasa,2026-08-23,0.891,0.763,1.051,0.835,0.952,rt,
mambasa,2026-08-24,0.903,0.762,1.086,0.845,0.974,rt,
mambasa,2026-08-25,0.929,0.79,1.104,0.87,0.997,rt,
mambasa,2026-08-26,0.953,0.819,1.127,0.892,1.02,rt,
mambasa,2026-08-27,0.977,0.836,1.15,0.915,1.045,rt,
mambasa,2026-08-28,1.003,0.864,1.178,0.937,1.068,rt,
mambasa,2026-08-29,1.029,0.88,1.213,0.958,1.095,rt,
mambasa,2026-08-30,1.051,0.892,1.258,0.978,1.128,rt,
mambasa,2026-08-31,1.06,0.895,1.3,0.979,1.144,rt,
mambasa,2026-09-01,1.072,0.91,1.299,0.996,1.156,rt,
mambasa,2026-09-02,1.088,0.919,1.311,1.013,1.173,rt,
mambasa,2026-09-03,1.105,0.928,1.344,1.029,1.191,rt,
mambasa,2026-09-04,1.117,0.947,1.359,1.042,1.203,rt,
mambasa,2026-09-05,1.128,0.952,1.379,1.048,1.222,rt,
mambasa,2026-09-06,1.138,0.95,1.42,1.06,1.246,rt,
mambasa,2026-09-07,1.127,0.929,1.434,1.043,1.24,rt,
mambasa,2026-09-08,1.128,0.925,1.455,1.043,1.245,rt,
mambasa,2026-09-09,1.13,0.913,1.479,1.04,1.249,rt,
mambasa,2026-09-10,1.128,0.897,1.504,1.03,1.26,rt,
mambasa,2026-09-11,1.125,0.88,1.529,1.023,1.262,rt,
mambasa,2026-09-12,1.12,0.857,1.565,1.007,1.271,rt,
mambasa,2026-09-13,1.111,0.835,1.591,0.991,1.27,rt,
mambasa,2026-09-14,1.101,0.808,1.644,0.974,1.273,rt,
mambasa,2026-09-15,1.091,0.788,1.647,0.96,1.264,rt,
mambasa,2026-09-16,1.078,0.767,1.651,0.943,1.25,rt,
mambasa,2026-09-17,1.062,0.746,1.636,0.926,1.233,rt,
mambasa,2026-09-18,1.044,0.729,1.622,0.903,1.213,rt,
mambasa,2026-09-19,1.02,0.707,1.605,0.879,1.193,rt,
mambasa,2026-09-20,0.995,0.679,1.583,0.856,1.168,rt,
mambasa,2026-09-21,0.989,0.662,1.589,0.845,1.161,rt,
mambasa,2026-09-22,0.981,0.653,1.558,0.834,1.159,rt,
mambasa,2026-09-23,0.974,0.644,1.544,0.829,1.147,rt,
mambasa,2026-09-24,0.966,0.638,1.523,0.816,1.135,rt,
mambasa,2026-09-25,0.952,0.636,1.472,0.809,1.113,rt,
mambasa,2026-09-26,0.941,0.631,1.42,0.804,1.09,rt,
mambasa,2026-09-27,0.925,0.626,1.364,0.797,1.07,rt,
mandima,2026-06-11,2.236,1.401,3.689,1.82,2.732,rt,
mandima,2026-06-12,2.212,1.413,3.692,1.819,2.714,rt,
mandima,2026-06-13,2.191,1.398,3.757,1.804,2.747,rt,
mandima,2026-06-14,2.17,1.345,3.827,1.769,2.742,rt,
mandima,2026-06-15,2.154,1.267,3.963,1.724,2.752,rt,
mandima,2026-06-16,2.141,1.319,3.682,1.73,2.677,rt,
mandima,2026-06-17,2.126,1.349,3.441,1.74,2.599,rt,
mandima,2026-06-18,2.09,1.342,3.316,1.727,2.531,rt,
mandima,2026-06-19,2.051,1.343,3.22,1.711,2.48,rt,
mandima,2026-06-20,2.003,1.315,3.24,1.693,2.446,rt,
mandima,2026-06-21,1.971,1.26,3.255,1.653,2.424,rt,
mandima,2026-06-22,1.968,1.211,3.362,1.627,2.471,rt,
mandima,2026-06-23,1.936,1.236,3.14,1.63,2.385,rt,
mandima,2026-06-24,1.914,1.273,2.985,1.616,2.296,rt,
mandima,2026-06-25,1.887,1.257,2.864,1.608,2.242,rt,
mandima,2026-06-26,1.86,1.239,2.83,1.586,2.195,rt,
mandima,2026-06-27,1.826,1.213,2.769,1.558,2.17,rt,
mandima,2026-06-28,1.8,1.157,2.826,1.518,2.145,rt,
mandima,2026-06-29,1.743,1.071,2.829,1.44,2.08,rt,
mandima,2026-06-30,1.655,1.061,2.561,1.384,1.955,rt,
mandima,2026-07-01,1.57,1.031,2.335,1.324,1.84,rt,
mandima,2026-07-02,1.492,0.998,2.188,1.263,1.751,rt,
mandima,2026-07-03,1.422,0.946,2.077,1.196,1.669,rt,
mandima,2026-07-04,1.345,0.881,1.997,1.124,1.602,rt,
mandima,2026-07-05,1.283,0.8,1.983,1.062,1.542,rt,
mandima,2026-07-06,1.236,0.737,1.993,1.004,1.504,rt,
mandima,2026-07-07,1.223,0.761,1.865,1.014,1.46,rt,
mandima,2026-07-08,1.2,0.758,1.791,1.005,1.425,rt,
mandima,2026-07-09,1.181,0.754,1.741,1.0,1.398,rt,
mandima,2026-07-10,1.167,0.745,1.706,0.991,1.379,rt,
mandima,2026-07-11,1.153,0.716,1.723,0.976,1.365,rt,
mandima,2026-07-12,1.141,0.68,1.77,0.949,1.359,rt,
mandima,2026-07-13,1.117,0.64,1.822,0.909,1.351,rt,
mandima,2026-07-14,1.11,0.672,1.704,0.926,1.321,rt,
mandima,2026-07-15,1.105,0.699,1.623,0.93,1.294,rt,
mandima,2026-07-16,1.102,0.708,1.576,0.928,1.278,rt,
mandima,2026-07-17,1.098,0.705,1.564,0.922,1.271,rt,
mandima,2026-07-18,1.086,0.688,1.556,0.919,1.271,rt,
mandima,2026-07-19,1.081,0.662,1.572,0.906,1.271,rt,
mandima,2026-07-20,1.078,0.633,1.649,0.89,1.29,rt,
mandima,2026-07-21,1.082,0.675,1.581,0.906,1.276,rt,
mandima,2026-07-22,1.09,0.711,1.547,0.927,1.269,rt,
mandima,2026-07-23,1.088,0.731,1.528,0.942,1.269,rt,
mandima,2026-07-24,1.094,0.741,1.544,0.946,1.27,rt,
mandima,2026-07-25,1.094,0.733,1.588,0.94,1.284,rt,
mandima,2026-07-26,1.099,0.719,1.643,0.931,1.295,rt,
mandima,2026-07-27,1.105,0.704,1.737,0.916,1.324,rt,
mandima,2026-07-28,1.121,0.751,1.694,0.943,1.314,rt,
mandima,2026-07-29,1.128,0.786,1.655,0.97,1.306,rt,
mandima,2026-07-30,1.137,0.797,1.636,0.983,1.315,rt,
mandima,2026-07-31,1.145,0.803,1.642,0.998,1.331,rt,
mandima,2026-08-01,1.154,0.785,1.673,0.995,1.342,rt,
mandima,2026-08-02,1.168,0.771,1.749,0.995,1.37,rt,
mandima,2026-08-03,1.171,0.746,1.822,0.978,1.394,rt,
mandima,2026-08-04,1.167,0.782,1.739,0.993,1.372,rt,
mandima,2026-08-05,1.167,0.806,1.682,0.994,1.347,rt,
mandima,2026-08-06,1.158,0.811,1.655,0.999,1.337,rt,
mandima,2026-08-07,1.154,0.796,1.64,1.001,1.333,rt,
mandima,2026-08-08,1.149,0.781,1.656,0.989,1.338,rt,
mandima,2026-08-09,1.139,0.746,1.722,0.968,1.348,rt,
mandima,2026-08-10,1.117,0.701,1.79,0.924,1.345,rt,
mandima,2026-08-11,1.114,0.732,1.703,0.941,1.314,rt,
mandima,2026-08-12,1.116,0.757,1.635,0.949,1.294,rt,
mandima,2026-08-13,1.103,0.776,1.581,0.952,1.28,rt,
mandima,2026-08-14,1.102,0.764,1.561,0.955,1.273,rt,
mandima,2026-08-15,1.095,0.751,1.573,0.944,1.284,rt,
mandima,2026-08-16,1.096,0.725,1.636,0.923,1.29,rt,
mandima,2026-08-17,1.101,0.696,1.755,0.907,1.316,rt,
mandima,2026-08-18,1.128,0.744,1.731,0.946,1.33,rt,
mandima,2026-08-19,1.154,0.782,1.701,0.981,1.343,rt,
mandima,2026-08-20,1.177,0.827,1.692,1.009,1.367,rt,
mandima,2026-08-21,1.203,0.833,1.733,1.035,1.39,rt,
mandima,2026-08-22,1.228,0.826,1.798,1.056,1.435,rt,
mandima,2026-08-23,1.255,0.815,1.899,1.062,1.481,rt,
mandima,2026-08-24,1.297,0.81,2.065,1.079,1.564,rt,
mandima,2026-08-25,1.367,0.904,2.064,1.169,1.62,rt,
mandima,2026-08-26,1.438,0.996,2.078,1.251,1.673,rt,
mandima,2026-08-27,1.52,1.064,2.127,1.326,1.749,rt,
mandima,2026-08-28,1.593,1.135,2.226,1.394,1.827,rt,
mandima,2026-08-29,1.679,1.169,2.408,1.46,1.929,rt,
mandima,2026-08-30,1.772,1.204,2.54,1.511,2.051,rt,
mandima,2026-08-31,1.83,1.175,2.773,1.535,2.156,rt,
mandima,2026-09-01,1.898,1.287,2.749,1.625,2.214,rt,
mandima,2026-09-02,1.971,1.388,2.755,1.718,2.26,rt,
mandima,2026-09-03,2.04,1.481,2.803,1.8,2.331,rt,
mandima,2026-09-04,2.117,1.536,2.854,1.868,2.419,rt,
mandima,2026-09-05,2.194,1.577,2.982,1.927,2.528,rt,
mandima,2026-09-06,2.266,1.603,3.177,1.958,2.638,rt,
mandima,2026-09-07,2.292,1.531,3.349,1.937,2.718,rt,
mandima,2026-09-08,2.401,1.668,3.372,2.065,2.773,rt,
mandima,2026-09-09,2.508,1.792,3.432,2.185,2.846,rt,
mandima,2026-09-10,2.592,1.861,3.556,2.271,2.933,rt,
mandima,2026-09-11,2.667,1.919,3.735,2.339,3.033,rt,
mandima,2026-09-12,2.736,1.916,3.898,2.378,3.149,rt,
mandima,2026-09-13,2.786,1.89,4.117,2.368,3.241,rt,
mandima,2026-09-14,2.833,1.852,4.271,2.376,3.328,rt,
mandima,2026-09-15,2.728,1.826,4.042,2.308,3.19,rt,
mandima,2026-09-16,2.622,1.739,3.859,2.223,3.075,rt,
mandima,2026-09-17,2.505,1.646,3.732,2.125,2.915,rt,
mandima,2026-09-18,2.392,1.561,3.585,2.021,2.784,rt,
mandima,2026-09-19,2.268,1.45,3.44,1.901,2.666,rt,
mandima,2026-09-20,2.137,1.344,3.296,1.778,2.548,rt,
mandima,2026-09-21,2.052,1.254,3.199,1.693,2.461,rt,
mandima,2026-09-22,1.951,1.192,2.956,1.605,2.307,rt,
mandima,2026-09-23,1.826,1.116,2.788,1.512,2.185,rt,
mandima,2026-09-24,1.727,1.034,2.624,1.419,2.056,rt,
mandima,2026-09-25,1.623,0.963,2.429,1.333,1.93,rt,
mandima,2026-09-26,1.532,0.868,2.277,1.24,1.819,rt,
mandima,2026-09-27,1.45,0.807,2.154,1.165,1.72,rt,
mangala,2026-05-19,2.223,1.349,3.115,1.901,2.536,rt,
mangala,2026-05-20,2.19,1.402,3.042,1.893,2.496,rt,
mangala,2026-05-21,2.162,1.435,2.989,1.891,2.46,rt,
mangala,2026-05-22,2.13,1.446,2.962,1.879,2.434,rt,
mangala,2026-05-23,2.1,1.454,2.94,1.857,2.411,rt,
mangala,2026-05-24,2.083,1.44,2.969,1.821,2.391,rt,
mangala,2026-05-25,2.057,1.399,2.99,1.768,2.377,rt,
mangala,2026-05-26,2.027,1.427,2.893,1.767,2.339,rt,
mangala,2026-05-27,2.007,1.456,2.822,1.764,2.304,rt,
mangala,2026-05-28,1.988,1.446,2.773,1.746,2.265,rt,
mangala,2026-05-29,1.964,1.439,2.726,1.726,2.234,rt,
mangala,2026-05-30,1.939,1.43,2.686,1.713,2.215,rt,
mangala,2026-05-31,1.913,1.4,2.698,1.688,2.193,rt,
mangala,2026-06-01,1.91,1.376,2.758,1.666,2.204,rt,
mangala,2026-06-02,1.923,1.415,2.702,1.686,2.184,rt,
mangala,2026-06-03,1.93,1.457,2.667,1.703,2.19,rt,
mangala,2026-06-04,1.928,1.472,2.696,1.715,2.202,rt,
mangala,2026-06-05,1.93,1.479,2.725,1.715,2.205,rt,
mangala,2026-06-06,1.931,1.464,2.783,1.717,2.22,rt,
mangala,2026-06-07,1.935,1.433,2.858,1.697,2.241,rt,
mangala,2026-06-08,1.943,1.397,2.979,1.687,2.289,rt,
mangala,2026-06-09,1.948,1.439,2.87,1.705,2.263,rt,
mangala,2026-06-10,1.952,1.473,2.776,1.719,2.245,rt,
mangala,2026-06-11,1.953,1.48,2.73,1.728,2.224,rt,
mangala,2026-06-12,1.947,1.486,2.714,1.727,2.215,rt,
mangala,2026-06-13,1.925,1.473,2.719,1.716,2.204,rt,
mangala,2026-06-14,1.908,1.431,2.752,1.685,2.207,rt,
mangala,2026-06-15,1.893,1.366,2.807,1.656,2.193,rt,
mangala,2026-06-16,1.863,1.395,2.687,1.65,2.131,rt,
mangala,2026-06-17,1.848,1.407,2.555,1.646,2.083,rt,
mangala,2026-06-18,1.823,1.389,2.462,1.634,2.045,rt,
mangala,2026-06-19,1.792,1.366,2.387,1.621,2.007,rt,
mangala,2026-06-20,1.767,1.329,2.374,1.591,1.978,rt,
mangala,2026-06-21,1.738,1.281,2.378,1.56,1.944,rt,
mangala,2026-06-22,1.735,1.241,2.449,1.55,1.964,rt,
mangala,2026-06-23,1.734,1.273,2.342,1.554,1.937,rt,
mangala,2026-06-24,1.725,1.31,2.277,1.564,1.919,rt,
mangala,2026-06-25,1.721,1.313,2.231,1.559,1.909,rt,
mangala,2026-06-26,1.721,1.304,2.219,1.549,1.904,rt,
mangala,2026-06-27,1.713,1.28,2.206,1.534,1.903,rt,
mangala,2026-06-28,1.707,1.245,2.236,1.513,1.909,rt,
mangala,2026-06-29,1.651,1.188,2.255,1.452,1.879,rt,
mangala,2026-06-30,1.59,1.178,2.11,1.414,1.79,rt,
mangala,2026-07-01,1.536,1.15,1.974,1.374,1.714,rt,
mangala,2026-07-02,1.481,1.123,1.872,1.323,1.64,rt,
mangala,2026-07-03,1.428,1.086,1.81,1.272,1.575,rt,
mangala,2026-07-04,1.368,1.032,1.764,1.226,1.527,rt,
mangala,2026-07-05,1.318,0.97,1.75,1.17,1.477,rt,
mangala,2026-07-06,1.284,0.912,1.747,1.117,1.456,rt,
mangala,2026-07-07,1.27,0.922,1.673,1.117,1.418,rt,
mangala,2026-07-08,1.261,0.93,1.633,1.114,1.398,rt,
mangala,2026-07-09,1.247,0.925,1.6,1.106,1.376,rt,
mangala,2026-07-10,1.233,0.913,1.578,1.096,1.358,rt,
mangala,2026-07-11,1.215,0.904,1.584,1.077,1.349,rt,
mangala,2026-07-12,1.204,0.883,1.585,1.058,1.345,rt,
mangala,2026-07-13,1.178,0.834,1.607,1.024,1.33,rt,
mangala,2026-07-14,1.181,0.858,1.556,1.044,1.319,rt,
mangala,2026-07-15,1.183,0.886,1.53,1.058,1.319,rt,
mangala,2026-07-16,1.185,0.898,1.516,1.067,1.315,rt,
mangala,2026-07-17,1.188,0.903,1.51,1.069,1.323,rt,
mangala,2026-07-18,1.191,0.896,1.527,1.064,1.331,rt,
mangala,2026-07-19,1.197,0.879,1.574,1.057,1.345,rt,
mangala,2026-07-20,1.202,0.859,1.625,1.047,1.361,rt,
mangala,2026-07-21,1.233,0.922,1.629,1.099,1.379,rt,
mangala,2026-07-22,1.264,0.973,1.651,1.14,1.399,rt,
mangala,2026-07-23,1.297,1.014,1.671,1.173,1.427,rt,
mangala,2026-07-24,1.322,1.037,1.708,1.196,1.463,rt,
mangala,2026-07-25,1.351,1.04,1.78,1.218,1.507,rt,
mangala,2026-07-26,1.385,1.032,1.861,1.231,1.553,rt,
mangala,2026-07-27,1.424,1.033,1.998,1.245,1.616,rt,
mangala,2026-07-28,1.443,1.093,1.93,1.286,1.615,rt,
mangala,2026-07-29,1.459,1.129,1.925,1.316,1.628,rt,
mangala,2026-07-30,1.479,1.156,1.92,1.334,1.637,rt,
mangala,2026-07-31,1.492,1.171,1.936,1.356,1.662,rt,
mangala,2026-08-01,1.506,1.178,1.986,1.359,1.701,rt,
mangala,2026-08-02,1.524,1.158,2.067,1.36,1.738,rt,
mangala,2026-08-03,1.523,1.124,2.162,1.351,1.77,rt,
mangala,2026-08-04,1.496,1.144,2.034,1.34,1.709,rt,
mangala,2026-08-05,1.468,1.139,1.947,1.323,1.653,rt,
mangala,2026-08-06,1.44,1.126,1.876,1.302,1.612,rt,
mangala,2026-08-07,1.409,1.101,1.827,1.271,1.559,rt,
mangala,2026-08-08,1.375,1.057,1.778,1.239,1.529,rt,
mangala,2026-08-09,1.342,0.998,1.773,1.191,1.511,rt,
mangala,2026-08-10,1.291,0.937,1.755,1.128,1.465,rt,
mangala,2026-08-11,1.239,0.931,1.637,1.099,1.392,rt,
mangala,2026-08-12,1.184,0.913,1.523,1.064,1.317,rt,
mangala,2026-08-13,1.131,0.882,1.447,1.023,1.25,rt,
mangala,2026-08-14,1.082,0.847,1.383,0.981,1.193,rt,
mangala,2026-08-15,1.032,0.808,1.335,0.938,1.143,rt,
mangala,2026-08-16,0.985,0.754,1.31,0.888,1.098,rt,
mangala,2026-08-17,0.951,0.705,1.307,0.845,1.073,rt,
mangala,2026-08-18,0.927,0.698,1.225,0.833,1.032,rt,
mangala,2026-08-19,0.897,0.693,1.158,0.815,0.998,rt,
mangala,2026-08-20,0.874,0.677,1.118,0.791,0.962,rt,
mangala,2026-08-21,0.85,0.651,1.084,0.769,0.935,rt,
mangala,2026-08-22,0.823,0.613,1.06,0.739,0.908,rt,
mangala,2026-08-23,0.798,0.583,1.043,0.707,0.884,rt,
mangala,2026-08-24,0.781,0.559,1.058,0.685,0.879,rt,
mangala,2026-08-25,0.767,0.57,1.012,0.68,0.858,rt,
mangala,2026-08-26,0.751,0.577,0.978,0.672,0.837,rt,
mangala,2026-08-27,0.735,0.574,0.954,0.666,0.821,rt,
mangala,2026-08-28,0.72,0.566,0.93,0.655,0.803,rt,
mangala,2026-08-29,0.706,0.549,0.918,0.64,0.789,rt,
mangala,2026-08-30,0.692,0.521,0.921,0.619,0.777,rt,
mangala,2026-08-31,0.666,0.482,0.923,0.586,0.761,rt,
mangala,2026-09-01,0.664,0.491,0.897,0.592,0.755,rt,
mangala,2026-09-02,0.663,0.498,0.878,0.59,0.747,rt,
mangala,2026-09-03,0.664,0.491,0.872,0.586,0.743,rt,
mangala,2026-09-04,0.659,0.484,0.878,0.581,0.74,rt,
mangala,2026-09-05,0.652,0.468,0.886,0.57,0.742,rt,
mangala,2026-09-06,0.642,0.45,0.894,0.56,0.74,rt,
mangala,2026-09-07,0.621,0.42,0.896,0.534,0.725,rt,
mangala,2026-09-08,0.595,0.408,0.852,0.514,0.697,rt,
mangala,2026-09-09,0.571,0.391,0.82,0.491,0.667,rt,
mangala,2026-09-10,0.545,0.37,0.797,0.466,0.636,rt,
mangala,2026-09-11,0.519,0.342,0.77,0.437,0.609,rt,
mangala,2026-09-12,0.486,0.316,0.745,0.404,0.581,rt,
mangala,2026-09-13,0.457,0.28,0.722,0.373,0.553,rt,
mangala,2026-09-14,0.425,0.251,0.7,0.343,0.531,rt,
mangala,2026-09-15,0.41,0.238,0.673,0.33,0.506,rt,
mangala,2026-09-16,0.392,0.225,0.649,0.316,0.485,rt,
mangala,2026-09-17,0.374,0.211,0.632,0.298,0.457,rt,
mangala,2026-09-18,0.355,0.192,0.611,0.282,0.444,rt,
mangala,2026-09-19,0.338,0.177,0.603,0.265,0.429,rt,
mangala,2026-09-20,0.321,0.161,0.593,0.248,0.413,rt,
mangala,2026-09-21,0.312,0.149,0.603,0.233,0.408,rt,
mangala,2026-09-22,0.309,0.149,0.603,0.234,0.412,rt,
mangala,2026-09-23,0.307,0.146,0.623,0.231,0.417,rt,
mangala,2026-09-24,0.311,0.138,0.644,0.231,0.416,rt,
mangala,2026-09-25,0.311,0.135,0.665,0.23,0.418,rt,
mangala,2026-09-26,0.314,0.131,0.694,0.225,0.422,rt,
mangala,2026-09-27,0.318,0.126,0.733,0.223,0.429,rt,
mongbwalu,2026-04-20,1.783,1.299,3.944,1.545,2.255,rt,
mongbwalu,2026-04-21,1.874,1.387,4.076,1.642,2.386,rt,
mongbwalu,2026-04-22,1.987,1.437,4.207,1.715,2.516,rt,
mongbwalu,2026-04-23,2.124,1.474,4.287,1.784,2.667,rt,
mongbwalu,2026-04-24,2.256,1.521,4.542,1.847,2.869,rt,
mongbwalu,2026-04-25,2.383,1.518,4.848,1.931,3.05,rt,
mongbwalu,2026-04-26,2.498,1.523,5.223,1.994,3.224,rt,
mongbwalu,2026-04-27,2.616,1.514,5.633,2.056,3.397,rt,
mongbwalu,2026-04-28,2.714,1.629,5.684,2.145,3.507,rt,
mongbwalu,2026-04-29,2.818,1.695,5.642,2.241,3.59,rt,
mongbwalu,2026-04-30,2.892,1.763,5.656,2.323,3.719,rt,
mongbwalu,2026-05-01,3.0,1.85,5.817,2.413,3.847,rt,
mongbwalu,2026-05-02,3.095,1.92,5.971,2.47,3.941,rt,
mongbwalu,2026-05-03,3.185,1.954,6.226,2.545,4.04,rt,
mongbwalu,2026-05-04,3.278,1.979,6.512,2.577,4.161,rt,
mongbwalu,2026-05-05,3.312,2.065,6.292,2.664,4.156,rt,
mongbwalu,2026-05-06,3.367,2.125,5.995,2.721,4.175,rt,
mongbwalu,2026-05-07,3.408,2.178,5.961,2.784,4.218,rt,
mongbwalu,2026-05-08,3.42,2.245,5.937,2.841,4.239,rt,
mongbwalu,2026-05-09,3.427,2.294,5.997,2.897,4.223,rt,
mongbwalu,2026-05-10,3.443,2.326,5.927,2.924,4.219,rt,
mongbwalu,2026-05-11,3.333,2.248,5.627,2.811,4.068,rt,
mongbwalu,2026-05-12,3.179,2.231,5.089,2.732,3.801,rt,
mongbwalu,2026-05-13,3.056,2.194,4.694,2.643,3.589,rt,
mongbwalu,2026-05-14,2.926,2.161,4.391,2.547,3.374,rt,
mongbwalu,2026-05-15,2.787,2.092,4.069,2.455,3.187,rt,
mongbwalu,2026-05-16,2.671,2.011,3.804,2.343,3.019,rt,
mongbwalu,2026-05-17,2.54,1.909,3.571,2.241,2.89,rt,
mongbwalu,2026-05-18,2.429,1.807,3.458,2.14,2.776,rt,
mongbwalu,2026-05-19,2.324,1.778,3.201,2.067,2.611,rt,
mongbwalu,2026-05-20,2.22,1.723,2.965,1.995,2.473,rt,
mongbwalu,2026-05-21,2.117,1.658,2.769,1.918,2.34,rt,
mongbwalu,2026-05-22,2.02,1.59,2.581,1.84,2.221,rt,
mongbwalu,2026-05-23,1.926,1.515,2.461,1.746,2.12,rt,
mongbwalu,2026-05-24,1.841,1.411,2.369,1.664,2.037,rt,
mongbwalu,2026-05-25,1.747,1.29,2.283,1.556,1.939,rt,
mongbwalu,2026-05-26,1.69,1.309,2.145,1.525,1.866,rt,
mongbwalu,2026-05-27,1.64,1.303,2.034,1.488,1.792,rt,
mongbwalu,2026-05-28,1.591,1.275,1.948,1.453,1.733,rt,
mongbwalu,2026-05-29,1.546,1.252,1.882,1.408,1.677,rt,
mongbwalu,2026-05-30,1.493,1.208,1.827,1.37,1.626,rt,
mongbwalu,2026-05-31,1.442,1.147,1.792,1.319,1.585,rt,
mongbwalu,2026-06-01,1.41,1.071,1.792,1.272,1.557,rt,
mongbwalu,2026-06-02,1.356,1.072,1.691,1.235,1.477,rt,
mongbwalu,2026-06-03,1.305,1.055,1.589,1.197,1.405,rt,
mongbwalu,2026-06-04,1.251,1.022,1.51,1.156,1.342,rt,
mongbwalu,2026-06-05,1.197,0.988,1.433,1.102,1.288,rt,
mongbwalu,2026-06-06,1.144,0.927,1.385,1.051,1.243,rt,
mongbwalu,2026-06-07,1.096,0.849,1.355,0.994,1.204,rt,
mongbwalu,2026-06-08,1.055,0.775,1.349,0.937,1.169,rt,
mongbwalu,2026-06-09,0.998,0.764,1.241,0.897,1.097,rt,
mongbwalu,2026-06-10,0.939,0.745,1.152,0.856,1.029,rt,
mongbwalu,2026-06-11,0.886,0.707,1.077,0.815,0.966,rt,
mongbwalu,2026-06-12,0.833,0.665,1.015,0.766,0.903,rt,
mongbwalu,2026-06-13,0.781,0.61,0.971,0.711,0.854,rt,
mongbwalu,2026-06-14,0.73,0.544,0.952,0.652,0.81,rt,
mongbwalu,2026-06-15,0.682,0.474,0.923,0.596,0.769,rt,
mongbwalu,2026-06-16,0.68,0.498,0.887,0.6,0.753,rt,
mongbwalu,2026-06-17,0.673,0.509,0.861,0.604,0.743,rt,
mongbwalu,2026-06-18,0.67,0.514,0.838,0.601,0.737,rt,
mongbwalu,2026-06-19,0.663,0.515,0.831,0.596,0.733,rt,
mongbwalu,2026-06-20,0.658,0.502,0.834,0.589,0.73,rt,
mongbwalu,2026-06-21,0.653,0.474,0.854,0.576,0.73,rt,
mongbwalu,2026-06-22,0.656,0.461,0.893,0.571,0.746,rt,
mongbwalu,2026-06-23,0.679,0.497,0.888,0.604,0.759,rt,
mongbwalu,2026-06-24,0.701,0.527,0.9,0.632,0.777,rt,
mongbwalu,2026-06-25,0.725,0.563,0.921,0.656,0.803,rt,
mongbwalu,2026-06-26,0.751,0.579,0.957,0.678,0.831,rt,
mongbwalu,2026-06-27,0.776,0.586,1.026,0.692,0.868,rt,
mongbwalu,2026-06-28,0.802,0.579,1.103,0.704,0.909,rt,
mongbwalu,2026-06-29,0.812,0.557,1.171,0.701,0.934,rt,
mongbwalu,2026-06-30,0.789,0.566,1.079,0.694,0.894,rt,
mongbwalu,2026-07-01,0.765,0.576,1.008,0.681,0.857,rt,
mongbwalu,2026-07-02,0.742,0.574,0.962,0.665,0.829,rt,
mongbwalu,2026-07-03,0.723,0.551,0.938,0.647,0.805,rt,
mongbwalu,2026-07-04,0.703,0.521,0.931,0.624,0.784,rt,
mongbwalu,2026-07-05,0.685,0.483,0.937,0.597,0.776,rt,
mongbwalu,2026-07-06,0.672,0.446,0.964,0.574,0.779,rt,
mongbwalu,2026-07-07,0.679,0.473,0.936,0.592,0.775,rt,
mongbwalu,2026-07-08,0.687,0.497,0.909,0.605,0.778,rt,
mongbwalu,2026-07-09,0.691,0.514,0.908,0.618,0.782,rt,
mongbwalu,2026-07-10,0.7,0.517,0.924,0.62,0.789,rt,
mongbwalu,2026-07-11,0.715,0.513,0.965,0.617,0.802,rt,
mongbwalu,2026-07-12,0.718,0.499,1.012,0.614,0.824,rt,
mongbwalu,2026-07-13,0.716,0.472,1.063,0.602,0.843,rt,
mongbwalu,2026-07-14,0.716,0.49,1.017,0.614,0.826,rt,
mongbwalu,2026-07-15,0.715,0.502,0.984,0.625,0.813,rt,
mongbwalu,2026-07-16,0.714,0.508,0.967,0.624,0.807,rt,
mongbwalu,2026-07-17,0.712,0.51,0.966,0.623,0.805,rt,
mongbwalu,2026-07-18,0.709,0.499,0.975,0.614,0.809,rt,
mongbwalu,2026-07-19,0.706,0.479,1.013,0.603,0.816,rt,
mongbwalu,2026-07-20,0.707,0.457,1.071,0.589,0.828,rt,
mongbwalu,2026-07-21,0.693,0.466,1.005,0.59,0.802,rt,
mongbwalu,2026-07-22,0.681,0.468,0.955,0.585,0.778,rt,
mongbwalu,2026-07-23,0.663,0.466,0.911,0.577,0.76,rt,
mongbwalu,2026-07-24,0.65,0.458,0.884,0.563,0.748,rt,
mongbwalu,2026-07-25,0.635,0.446,0.879,0.544,0.737,rt,
mongbwalu,2026-07-26,0.619,0.416,0.888,0.527,0.732,rt,
mongbwalu,2026-07-27,0.612,0.381,0.919,0.508,0.732,rt,
mongbwalu,2026-07-28,0.62,0.412,0.893,0.528,0.728,rt,
mongbwalu,2026-07-29,0.629,0.435,0.881,0.544,0.725,rt,
mongbwalu,2026-07-30,0.64,0.448,0.885,0.556,0.729,rt,
mongbwalu,2026-07-31,0.653,0.454,0.888,0.563,0.738,rt,
mongbwalu,2026-08-01,0.658,0.45,0.915,0.566,0.75,rt,
mongbwalu,2026-08-02,0.67,0.44,0.941,0.565,0.774,rt,
mongbwalu,2026-08-03,0.674,0.43,0.987,0.562,0.793,rt,
mongbwalu,2026-08-04,0.697,0.459,0.983,0.589,0.804,rt,
mongbwalu,2026-08-05,0.719,0.484,0.988,0.617,0.827,rt,
mongbwalu,2026-08-06,0.74,0.505,0.995,0.641,0.849,rt,
mongbwalu,2026-08-07,0.761,0.522,1.037,0.659,0.878,rt,
mongbwalu,2026-08-08,0.785,0.521,1.085,0.67,0.908,rt,
mongbwalu,2026-08-09,0.806,0.515,1.161,0.681,0.942,rt,
mongbwalu,2026-08-10,0.818,0.5,1.231,0.677,0.969,rt,
mongbwalu,2026-08-11,0.845,0.546,1.211,0.721,0.982,rt,
mongbwalu,2026-08-12,0.876,0.592,1.213,0.759,1.001,rt,
mongbwalu,2026-08-13,0.901,0.631,1.223,0.793,1.03,rt,
mongbwalu,2026-08-14,0.934,0.666,1.242,0.824,1.054,rt,
mongbwalu,2026-08-15,0.964,0.685,1.3,0.845,1.096,rt,
mongbwalu,2026-08-16,0.992,0.695,1.402,0.865,1.14,rt,
mongbwalu,2026-08-17,1.032,0.698,1.524,0.889,1.201,rt,
mongbwalu,2026-08-18,1.078,0.765,1.528,0.946,1.234,rt,
mongbwalu,2026-08-19,1.132,0.829,1.526,0.995,1.28,rt,
mongbwalu,2026-08-20,1.183,0.877,1.576,1.039,1.336,rt,
mongbwalu,2026-08-21,1.23,0.915,1.659,1.089,1.389,rt,
mongbwalu,2026-08-22,1.282,0.936,1.783,1.125,1.468,rt,
mongbwalu,2026-08-23,1.327,0.933,1.924,1.147,1.546,rt,
mongbwalu,2026-08-24,1.397,0.944,2.146,1.187,1.663,rt,
mongbwalu,2026-08-25,1.425,1.006,2.056,1.23,1.65,rt,
mongbwalu,2026-08-26,1.45,1.058,2.025,1.261,1.66,rt,
mongbwalu,2026-08-27,1.469,1.092,2.009,1.29,1.66,rt,
mongbwalu,2026-08-28,1.485,1.118,2.011,1.312,1.688,rt,
mongbwalu,2026-08-29,1.496,1.119,2.039,1.319,1.711,rt,
mongbwalu,2026-08-30,1.507,1.094,2.114,1.318,1.741,rt,
mongbwalu,2026-08-31,1.489,1.037,2.177,1.283,1.748,rt,
mongbwalu,2026-09-01,1.423,1.03,1.995,1.243,1.63,rt,
mongbwalu,2026-09-02,1.361,1.004,1.854,1.2,1.532,rt,
mongbwalu,2026-09-03,1.292,0.962,1.72,1.144,1.449,rt,
mongbwalu,2026-09-04,1.218,0.912,1.615,1.086,1.379,rt,
mongbwalu,2026-09-05,1.151,0.844,1.557,1.017,1.306,rt,
mongbwalu,2026-09-06,1.084,0.767,1.536,0.943,1.249,rt,
mongbwalu,2026-09-07,0.998,0.678,1.486,0.854,1.17,rt,
mongbwalu,2026-09-08,0.938,0.646,1.343,0.809,1.078,rt,
mongbwalu,2026-09-09,0.866,0.604,1.226,0.757,1.005,rt,
mongbwalu,2026-09-10,0.803,0.552,1.135,0.696,0.938,rt,
mongbwalu,2026-09-11,0.743,0.493,1.079,0.636,0.869,rt,
mongbwalu,2026-09-12,0.679,0.437,1.028,0.571,0.807,rt,
mongbwalu,2026-09-13,0.616,0.373,0.988,0.507,0.753,rt,
mongbwalu,2026-09-14,0.558,0.317,0.949,0.447,0.701,rt,
mongbwalu,2026-09-15,0.533,0.294,0.892,0.425,0.665,rt,
mongbwalu,2026-09-16,0.507,0.275,0.847,0.402,0.629,rt,
mongbwalu,2026-09-17,0.48,0.253,0.813,0.374,0.596,rt,
mongbwalu,2026-09-18,0.45,0.226,0.785,0.347,0.564,rt,
mongbwalu,2026-09-19,0.427,0.197,0.772,0.32,0.542,rt,
mongbwalu,2026-09-20,0.396,0.177,0.755,0.29,0.519,rt,
mongbwalu,2026-09-21,0.375,0.154,0.763,0.27,0.505,rt,
mongbwalu,2026-09-22,0.369,0.154,0.757,0.264,0.502,rt,
mongbwalu,2026-09-23,0.364,0.148,0.76,0.261,0.501,rt,
mongbwalu,2026-09-24,0.359,0.14,0.77,0.253,0.498,rt,
mongbwalu,2026-09-25,0.353,0.136,0.783,0.247,0.496,rt,
mongbwalu,2026-09-26,0.347,0.132,0.82,0.243,0.502,rt,
mongbwalu,2026-09-27,0.346,0.123,0.841,0.233,0.503,rt,
nia_nia,2026-06-01,2.74,1.336,5.349,2.038,3.568,rt,
nia_nia,2026-06-02,2.779,1.447,5.095,2.125,3.543,rt,
nia_nia,2026-06-03,2.831,1.537,4.938,2.187,3.549,rt,
nia_nia,2026-06-04,2.851,1.613,4.914,2.27,3.563,rt,
nia_nia,2026-06-05,2.875,1.659,5.014,2.306,3.595,rt,
nia_nia,2026-06-06,2.898,1.645,5.229,2.331,3.66,rt,
nia_nia,2026-06-07,2.9,1.601,5.466,2.318,3.77,rt,
nia_nia,2026-06-08,2.932,1.53,5.853,2.296,3.933,rt,
nia_nia,2026-06-09,2.921,1.63,5.327,2.359,3.783,rt,
nia_nia,2026-06-10,2.909,1.701,5.02,2.371,3.623,rt,
nia_nia,2026-06-11,2.875,1.756,4.778,2.374,3.502,rt,
nia_nia,2026-06-12,2.826,1.766,4.59,2.346,3.427,rt,
nia_nia,2026-06-13,2.779,1.704,4.511,2.287,3.368,rt,
nia_nia,2026-06-14,2.709,1.629,4.453,2.205,3.337,rt,
nia_nia,2026-06-15,2.639,1.499,4.529,2.108,3.307,rt,
nia_nia,2026-06-16,2.585,1.553,4.179,2.133,3.177,rt,
nia_nia,2026-06-17,2.521,1.603,3.967,2.112,3.069,rt,
nia_nia,2026-06-18,2.466,1.592,3.76,2.07,2.944,rt,
nia_nia,2026-06-19,2.421,1.561,3.693,2.028,2.861,rt,
nia_nia,2026-06-20,2.362,1.497,3.663,1.963,2.807,rt,
nia_nia,2026-06-21,2.286,1.422,3.707,1.888,2.778,rt,
nia_nia,2026-06-22,2.243,1.33,3.902,1.82,2.806,rt,
nia_nia,2026-06-23,2.226,1.406,3.569,1.847,2.698,rt,
nia_nia,2026-06-24,2.226,1.484,3.353,1.87,2.605,rt,
nia_nia,2026-06-25,2.198,1.512,3.215,1.868,2.544,rt,
nia_nia,2026-06-26,2.171,1.534,3.145,1.848,2.521,rt,
nia_nia,2026-06-27,2.14,1.461,3.16,1.831,2.514,rt,
nia_nia,2026-06-28,2.104,1.348,3.237,1.79,2.523,rt,
nia_nia,2026-06-29,2.033,1.219,3.319,1.676,2.498,rt,
nia_nia,2026-06-30,1.948,1.241,2.952,1.65,2.319,rt,
nia_nia,2026-07-01,1.863,1.247,2.724,1.599,2.156,rt,
nia_nia,2026-07-02,1.78,1.231,2.533,1.534,2.04,rt,
nia_nia,2026-07-03,1.69,1.185,2.398,1.46,1.952,rt,
nia_nia,2026-07-04,1.613,1.11,2.336,1.373,1.881,rt,
nia_nia,2026-07-05,1.536,1.012,2.327,1.289,1.828,rt,
nia_nia,2026-07-06,1.478,0.905,2.351,1.217,1.801,rt,
nia_nia,2026-07-07,1.45,0.954,2.207,1.227,1.746,rt,
nia_nia,2026-07-08,1.432,0.995,2.058,1.235,1.69,rt,
nia_nia,2026-07-09,1.411,0.999,1.984,1.226,1.642,rt,
nia_nia,2026-07-10,1.396,0.978,1.957,1.222,1.62,rt,
nia_nia,2026-07-11,1.381,0.931,1.967,1.191,1.602,rt,
nia_nia,2026-07-12,1.359,0.885,2.039,1.151,1.607,rt,
nia_nia,2026-07-13,1.322,0.816,2.122,1.092,1.614,rt,
nia_nia,2026-07-14,1.312,0.853,2.003,1.111,1.534,rt,
nia_nia,2026-07-15,1.298,0.879,1.864,1.12,1.487,rt,
nia_nia,2026-07-16,1.271,0.898,1.77,1.117,1.459,rt,
nia_nia,2026-07-17,1.258,0.889,1.731,1.101,1.441,rt,
nia_nia,2026-07-18,1.234,0.857,1.742,1.075,1.439,rt,
nia_nia,2026-07-19,1.209,0.797,1.807,1.033,1.444,rt,
nia_nia,2026-07-20,1.202,0.742,1.903,1.003,1.461,rt,
nia_nia,2026-07-21,1.197,0.79,1.795,1.022,1.406,rt,
nia_nia,2026-07-22,1.188,0.827,1.693,1.025,1.377,rt,
nia_nia,2026-07-23,1.182,0.849,1.634,1.027,1.345,rt,
nia_nia,2026-07-24,1.17,0.833,1.613,1.017,1.337,rt,
nia_nia,2026-07-25,1.163,0.801,1.642,0.998,1.333,rt,
nia_nia,2026-07-26,1.14,0.75,1.684,0.963,1.337,rt,
nia_nia,2026-07-27,1.134,0.701,1.788,0.922,1.36,rt,
nia_nia,2026-07-28,1.122,0.729,1.666,0.944,1.312,rt,
nia_nia,2026-07-29,1.104,0.754,1.572,0.95,1.27,rt,
nia_nia,2026-07-30,1.087,0.758,1.504,0.94,1.246,rt,
nia_nia,2026-07-31,1.067,0.76,1.462,0.93,1.218,rt,
nia_nia,2026-08-01,1.051,0.738,1.457,0.909,1.207,rt,
nia_nia,2026-08-02,1.03,0.679,1.512,0.874,1.206,rt,
nia_nia,2026-08-03,1.009,0.633,1.55,0.84,1.2,rt,
nia_nia,2026-08-04,0.991,0.645,1.451,0.839,1.154,rt,
nia_nia,2026-08-05,0.971,0.66,1.354,0.832,1.11,rt,
nia_nia,2026-08-06,0.947,0.655,1.284,0.815,1.082,rt,
nia_nia,2026-08-07,0.923,0.635,1.255,0.797,1.055,rt,
nia_nia,2026-08-08,0.894,0.608,1.263,0.769,1.035,rt,
nia_nia,2026-08-09,0.868,0.564,1.294,0.73,1.023,rt,
nia_nia,2026-08-10,0.832,0.503,1.308,0.687,1.003,rt,
nia_nia,2026-08-11,0.818,0.526,1.214,0.693,0.962,rt,
nia_nia,2026-08-12,0.806,0.54,1.136,0.693,0.932,rt,
nia_nia,2026-08-13,0.791,0.545,1.093,0.685,0.907,rt,
nia_nia,2026-08-14,0.779,0.542,1.064,0.678,0.89,rt,
nia_nia,2026-08-15,0.766,0.519,1.071,0.658,0.875,rt,
nia_nia,2026-08-16,0.749,0.494,1.086,0.634,0.876,rt,
nia_nia,2026-08-17,0.743,0.46,1.14,0.61,0.891,rt,
nia_nia,2026-08-18,0.757,0.492,1.11,0.638,0.889,rt,
nia_nia,2026-08-19,0.768,0.527,1.1,0.658,0.889,rt,
nia_nia,2026-08-20,0.781,0.538,1.088,0.675,0.896,rt,
nia_nia,2026-08-21,0.789,0.555,1.103,0.687,0.91,rt,
nia_nia,2026-08-22,0.801,0.549,1.153,0.686,0.929,rt,
nia_nia,2026-08-23,0.81,0.529,1.226,0.683,0.956,rt,
nia_nia,2026-08-24,0.829,0.514,1.337,0.691,1.005,rt,
nia_nia,2026-08-25,0.877,0.581,1.311,0.745,1.036,rt,
nia_nia,2026-08-26,0.922,0.649,1.313,0.799,1.071,rt,
nia_nia,2026-08-27,0.971,0.697,1.347,0.85,1.121,rt,
nia_nia,2026-08-28,1.02,0.733,1.41,0.89,1.177,rt,
nia_nia,2026-08-29,1.071,0.745,1.512,0.926,1.244,rt,
nia_nia,2026-08-30,1.12,0.745,1.638,0.951,1.324,rt,
nia_nia,2026-08-31,1.151,0.723,1.79,0.956,1.4,rt,
nia_nia,2026-09-01,1.189,0.798,1.72,1.013,1.394,rt,
nia_nia,2026-09-02,1.225,0.87,1.681,1.065,1.394,rt,
nia_nia,2026-09-03,1.253,0.913,1.675,1.104,1.411,rt,
nia_nia,2026-09-04,1.277,0.948,1.708,1.127,1.438,rt,
nia_nia,2026-09-05,1.307,0.942,1.791,1.15,1.473,rt,
nia_nia,2026-09-06,1.318,0.922,1.886,1.152,1.524,rt,
nia_nia,2026-09-07,1.32,0.875,1.957,1.112,1.555,rt,
nia_nia,2026-09-08,1.322,0.914,1.867,1.13,1.531,rt,
nia_nia,2026-09-09,1.312,0.931,1.796,1.143,1.499,rt,
nia_nia,2026-09-10,1.299,0.928,1.782,1.127,1.481,rt,
nia_nia,2026-09-11,1.274,0.894,1.787,1.109,1.462,rt,
nia_nia,2026-09-12,1.246,0.854,1.8,1.078,1.445,rt,
nia_nia,2026-09-13,1.211,0.795,1.81,1.028,1.424,rt,
nia_nia,2026-09-14,1.167,0.714,1.84,0.975,1.405,rt,
nia_nia,2026-09-15,1.14,0.715,1.761,0.953,1.37,rt,
nia_nia,2026-09-16,1.1,0.679,1.714,0.917,1.331,rt,
nia_nia,2026-09-17,1.058,0.64,1.685,0.871,1.286,rt,
nia_nia,2026-09-18,1.02,0.599,1.672,0.825,1.24,rt,
nia_nia,2026-09-19,0.977,0.548,1.679,0.775,1.209,rt,
nia_nia,2026-09-20,0.927,0.5,1.697,0.727,1.18,rt,
nia_nia,2026-09-21,0.9,0.449,1.726,0.685,1.169,rt,
nia_nia,2026-09-22,0.874,0.432,1.687,0.66,1.137,rt,
nia_nia,2026-09-23,0.844,0.41,1.67,0.626,1.101,rt,
nia_nia,2026-09-24,0.82,0.385,1.621,0.603,1.079,rt,
nia_nia,2026-09-25,0.788,0.357,1.583,0.58,1.053,rt,
nia_nia,2026-09-26,0.759,0.316,1.568,0.55,1.029,rt,
nia_nia,2026-09-27,0.74,0.28,1.587,0.517,1.014,rt,
nizi,2026-05-19,2.53,1.689,3.541,2.177,2.891,rt,
nizi,2026-05-20,2.522,1.736,3.456,2.197,2.858,rt,
nizi,2026-05-21,2.516,1.787,3.407,2.203,2.835,rt,
nizi,2026-05-22,2.501,1.785,3.368,2.205,2.826,rt,
nizi,2026-05-23,2.499,1.783,3.379,2.21,2.813,rt,
nizi,2026-05-24,2.497,1.796,3.469,2.192,2.816,rt,
nizi,2026-05-25,2.464,1.764,3.544,2.148,2.808,rt,
nizi,2026-05-26,2.438,1.767,3.38,2.14,2.742,rt,
nizi,2026-05-27,2.404,1.775,3.287,2.125,2.691,rt,
nizi,2026-05-28,2.364,1.758,3.229,2.096,2.645,rt,
nizi,2026-05-29,2.333,1.748,3.164,2.069,2.613,rt,
nizi,2026-05-30,2.311,1.72,3.112,2.036,2.583,rt,
nizi,2026-05-31,2.274,1.671,3.121,1.988,2.562,rt,
nizi,2026-06-01,2.254,1.633,3.146,1.96,2.567,rt,
nizi,2026-06-02,2.275,1.69,3.128,1.999,2.567,rt,
nizi,2026-06-03,2.295,1.732,3.088,2.046,2.569,rt,
nizi,2026-06-04,2.315,1.779,3.066,2.087,2.58,rt,
nizi,2026-06-05,2.337,1.802,3.088,2.11,2.612,rt,
nizi,2026-06-06,2.348,1.824,3.145,2.117,2.639,rt,
nizi,2026-06-07,2.364,1.807,3.229,2.111,2.677,rt,
nizi,2026-06-08,2.396,1.78,3.344,2.112,2.721,rt,
nizi,2026-06-09,2.445,1.858,3.273,2.181,2.744,rt,
nizi,2026-06-10,2.481,1.932,3.259,2.228,2.76,rt,
nizi,2026-06-11,2.52,1.98,3.26,2.268,2.79,rt,
nizi,2026-06-12,2.546,2.017,3.304,2.296,2.823,rt,
nizi,2026-06-13,2.567,2.027,3.356,2.298,2.849,rt,
nizi,2026-06-14,2.575,2.009,3.463,2.295,2.888,rt,
nizi,2026-06-15,2.586,1.967,3.556,2.285,2.924,rt,
nizi,2026-06-16,2.578,1.997,3.449,2.29,2.871,rt,
nizi,2026-06-17,2.562,2.013,3.33,2.294,2.825,rt,
nizi,2026-06-18,2.53,2.008,3.261,2.285,2.781,rt,
nizi,2026-06-19,2.507,1.998,3.234,2.272,2.742,rt,
nizi,2026-06-20,2.478,1.972,3.236,2.253,2.725,rt,
nizi,2026-06-21,2.455,1.914,3.237,2.219,2.726,rt,
nizi,2026-06-22,2.457,1.878,3.33,2.22,2.768,rt,
nizi,2026-06-23,2.429,1.896,3.185,2.199,2.696,rt,
nizi,2026-06-24,2.401,1.903,3.062,2.182,2.65,rt,
nizi,2026-06-25,2.367,1.907,2.977,2.161,2.603,rt,
nizi,2026-06-26,2.327,1.893,2.921,2.128,2.549,rt,
nizi,2026-06-27,2.288,1.856,2.908,2.093,2.519,rt,
nizi,2026-06-28,2.241,1.808,2.87,2.056,2.48,rt,
nizi,2026-06-29,2.159,1.71,2.807,1.961,2.394,rt,
nizi,2026-06-30,2.064,1.673,2.605,1.884,2.264,rt,
nizi,2026-07-01,1.972,1.629,2.42,1.809,2.143,rt,
nizi,2026-07-02,1.878,1.572,2.273,1.732,2.04,rt,
nizi,2026-07-03,1.799,1.507,2.144,1.662,1.935,rt,
nizi,2026-07-04,1.714,1.428,2.063,1.581,1.845,rt,
nizi,2026-07-05,1.633,1.339,1.993,1.502,1.763,rt,
nizi,2026-07-06,1.569,1.265,1.958,1.432,1.711,rt,
nizi,2026-07-07,1.501,1.229,1.829,1.383,1.62,rt,
nizi,2026-07-08,1.431,1.183,1.718,1.329,1.54,rt,
nizi,2026-07-09,1.367,1.139,1.643,1.272,1.471,rt,
nizi,2026-07-10,1.305,1.087,1.571,1.215,1.411,rt,
nizi,2026-07-11,1.251,1.017,1.515,1.149,1.353,rt,
nizi,2026-07-12,1.195,0.947,1.47,1.09,1.3,rt,
nizi,2026-07-13,1.133,0.866,1.428,1.018,1.244,rt,
nizi,2026-07-14,1.098,0.86,1.346,0.998,1.194,rt,
nizi,2026-07-15,1.062,0.848,1.283,0.971,1.15,rt,
nizi,2026-07-16,1.028,0.83,1.228,0.945,1.111,rt,
nizi,2026-07-17,0.994,0.801,1.18,0.916,1.07,rt,
nizi,2026-07-18,0.96,0.772,1.146,0.885,1.035,rt,
nizi,2026-07-19,0.928,0.732,1.125,0.852,1.004,rt,
nizi,2026-07-20,0.901,0.694,1.124,0.82,0.983,rt,
nizi,2026-07-21,0.898,0.707,1.095,0.825,0.973,rt,
nizi,2026-07-22,0.893,0.719,1.081,0.825,0.961,rt,
nizi,2026-07-23,0.89,0.719,1.075,0.821,0.958,rt,
nizi,2026-07-24,0.882,0.712,1.063,0.816,0.954,rt,
nizi,2026-07-25,0.876,0.7,1.058,0.81,0.952,rt,
nizi,2026-07-26,0.868,0.686,1.066,0.792,0.95,rt,
nizi,2026-07-27,0.865,0.667,1.087,0.783,0.954,rt,
nizi,2026-07-28,0.866,0.682,1.064,0.791,0.944,rt,
nizi,2026-07-29,0.864,0.698,1.046,0.798,0.938,rt,
nizi,2026-07-30,0.866,0.703,1.042,0.801,0.935,rt,
nizi,2026-07-31,0.864,0.713,1.037,0.8,0.934,rt,
nizi,2026-08-01,0.862,0.707,1.038,0.793,0.932,rt,
nizi,2026-08-02,0.859,0.694,1.044,0.783,0.936,rt,
nizi,2026-08-03,0.853,0.674,1.058,0.771,0.936,rt,
nizi,2026-08-04,0.853,0.691,1.038,0.781,0.93,rt,
nizi,2026-08-05,0.853,0.703,1.029,0.785,0.925,rt,
nizi,2026-08-06,0.853,0.707,1.025,0.785,0.921,rt,
nizi,2026-08-07,0.85,0.706,1.019,0.785,0.916,rt,
nizi,2026-08-08,0.844,0.695,1.029,0.783,0.912,rt,
nizi,2026-08-09,0.84,0.679,1.044,0.774,0.916,rt,
nizi,2026-08-10,0.825,0.649,1.053,0.753,0.908,rt,
nizi,2026-08-11,0.806,0.65,1.004,0.743,0.879,rt,
nizi,2026-08-12,0.786,0.644,0.967,0.727,0.852,rt,
nizi,2026-08-13,0.767,0.636,0.932,0.71,0.83,rt,
nizi,2026-08-14,0.747,0.622,0.911,0.691,0.808,rt,
nizi,2026-08-15,0.726,0.6,0.896,0.672,0.79,rt,
nizi,2026-08-16,0.708,0.571,0.887,0.651,0.773,rt,
nizi,2026-08-17,0.697,0.547,0.89,0.635,0.766,rt,
nizi,2026-08-18,0.688,0.549,0.862,0.63,0.748,rt,
nizi,2026-08-19,0.68,0.549,0.843,0.625,0.738,rt,
nizi,2026-08-20,0.672,0.545,0.829,0.618,0.729,rt,
nizi,2026-08-21,0.663,0.536,0.819,0.607,0.719,rt,
nizi,2026-08-22,0.652,0.526,0.811,0.596,0.714,rt,
nizi,2026-08-23,0.64,0.504,0.803,0.582,0.708,rt,
nizi,2026-08-24,0.64,0.487,0.824,0.573,0.713,rt,
nizi,2026-08-25,0.646,0.502,0.82,0.583,0.711,rt,
nizi,2026-08-26,0.652,0.515,0.811,0.592,0.713,rt,
nizi,2026-08-27,0.656,0.52,0.811,0.597,0.714,rt,
nizi,2026-08-28,0.658,0.525,0.813,0.599,0.718,rt,
nizi,2026-08-29,0.659,0.524,0.819,0.598,0.72,rt,
nizi,2026-08-30,0.658,0.519,0.846,0.596,0.727,rt,
nizi,2026-08-31,0.646,0.497,0.858,0.581,0.722,rt,
nizi,2026-09-01,0.653,0.514,0.841,0.59,0.722,rt,
nizi,2026-09-02,0.656,0.523,0.836,0.596,0.723,rt,
nizi,2026-09-03,0.657,0.528,0.835,0.598,0.725,rt,
nizi,2026-09-04,0.659,0.522,0.838,0.601,0.728,rt,
nizi,2026-09-05,0.658,0.514,0.849,0.594,0.735,rt,
nizi,2026-09-06,0.658,0.501,0.863,0.585,0.739,rt,
nizi,2026-09-07,0.639,0.47,0.876,0.564,0.731,rt,
nizi,2026-09-08,0.617,0.451,0.832,0.545,0.699,rt,
nizi,2026-09-09,0.592,0.433,0.8,0.524,0.67,rt,
nizi,2026-09-10,0.565,0.406,0.771,0.497,0.638,rt,
nizi,2026-09-11,0.538,0.377,0.743,0.466,0.612,rt,
nizi,2026-09-12,0.507,0.343,0.719,0.434,0.587,rt,
nizi,2026-09-13,0.474,0.307,0.697,0.397,0.562,rt,
nizi,2026-09-14,0.444,0.275,0.682,0.362,0.538,rt,
nizi,2026-09-15,0.424,0.258,0.647,0.345,0.513,rt,
nizi,2026-09-16,0.406,0.244,0.622,0.33,0.492,rt,
nizi,2026-09-17,0.385,0.222,0.6,0.311,0.47,rt,
nizi,2026-09-18,0.365,0.202,0.586,0.291,0.449,rt,
nizi,2026-09-19,0.345,0.182,0.574,0.27,0.429,rt,
nizi,2026-09-20,0.326,0.164,0.573,0.25,0.412,rt,
nizi,2026-09-21,0.315,0.147,0.576,0.234,0.402,rt,
nizi,2026-09-22,0.314,0.145,0.582,0.234,0.403,rt,
nizi,2026-09-23,0.313,0.139,0.591,0.234,0.412,rt,
nizi,2026-09-24,0.315,0.134,0.616,0.232,0.416,rt,
nizi,2026-09-25,0.314,0.128,0.637,0.229,0.417,rt,
nizi,2026-09-26,0.315,0.124,0.653,0.228,0.428,rt,
nizi,2026-09-27,0.314,0.117,0.693,0.221,0.441,rt,
nyankunde,2026-04-28,2.079,1.238,4.075,1.651,2.616,rt,
nyankunde,2026-04-29,2.107,1.27,4.13,1.673,2.676,rt,
nyankunde,2026-04-30,2.14,1.292,4.158,1.689,2.724,rt,
nyankunde,2026-05-01,2.178,1.276,4.221,1.705,2.777,rt,
nyankunde,2026-05-02,2.204,1.274,4.3,1.714,2.818,rt,
nyankunde,2026-05-03,2.227,1.243,4.447,1.713,2.885,rt,
nyankunde,2026-05-04,2.241,1.2,4.514,1.704,2.939,rt,
nyankunde,2026-05-05,2.269,1.257,4.479,1.754,2.937,rt,
nyankunde,2026-05-06,2.289,1.299,4.444,1.793,2.953,rt,
nyankunde,2026-05-07,2.316,1.324,4.4,1.82,2.974,rt,
nyankunde,2026-05-08,2.322,1.356,4.399,1.841,2.991,rt,
nyankunde,2026-05-09,2.322,1.358,4.438,1.851,3.012,rt,
nyankunde,2026-05-10,2.339,1.35,4.422,1.86,3.057,rt,
nyankunde,2026-05-11,2.261,1.283,4.376,1.795,2.979,rt,
nyankunde,2026-05-12,2.223,1.307,4.132,1.771,2.859,rt,
nyankunde,2026-05-13,2.179,1.292,3.925,1.755,2.769,rt,
nyankunde,2026-05-14,2.132,1.283,3.792,1.729,2.691,rt,
nyankunde,2026-05-15,2.083,1.257,3.653,1.698,2.604,rt,
nyankunde,2026-05-16,2.032,1.238,3.565,1.666,2.557,rt,
nyankunde,2026-05-17,1.992,1.207,3.53,1.624,2.51,rt,
nyankunde,2026-05-18,1.956,1.153,3.612,1.578,2.517,rt,
nyankunde,2026-05-19,1.942,1.203,3.415,1.589,2.459,rt,
nyankunde,2026-05-20,1.935,1.228,3.308,1.59,2.4,rt,
nyankunde,2026-05-21,1.943,1.234,3.226,1.589,2.358,rt,
nyankunde,2026-05-22,1.925,1.237,3.182,1.58,2.309,rt,
nyankunde,2026-05-23,1.899,1.215,3.156,1.572,2.289,rt,
nyankunde,2026-05-24,1.876,1.192,3.15,1.562,2.273,rt,
nyankunde,2026-05-25,1.844,1.152,3.157,1.523,2.252,rt,
nyankunde,2026-05-26,1.809,1.161,2.982,1.503,2.185,rt,
nyankunde,2026-05-27,1.777,1.169,2.813,1.483,2.106,rt,
nyankunde,2026-05-28,1.737,1.161,2.713,1.463,2.044,rt,
nyankunde,2026-05-29,1.691,1.148,2.588,1.424,2.005,rt,
nyankunde,2026-05-30,1.642,1.103,2.538,1.386,1.951,rt,
nyankunde,2026-05-31,1.593,1.057,2.464,1.346,1.901,rt,
nyankunde,2026-06-01,1.558,1.003,2.477,1.306,1.881,rt,
nyankunde,2026-06-02,1.516,1.026,2.358,1.293,1.807,rt,
nyankunde,2026-06-03,1.473,1.026,2.209,1.259,1.73,rt,
nyankunde,2026-06-04,1.435,1.013,2.114,1.224,1.669,rt,
nyankunde,2026-06-05,1.386,0.972,2.028,1.192,1.618,rt,
nyankunde,2026-06-06,1.344,0.928,1.973,1.139,1.551,rt,
nyankunde,2026-06-07,1.295,0.884,1.938,1.098,1.501,rt,
nyankunde,2026-06-08,1.254,0.838,1.925,1.055,1.468,rt,
nyankunde,2026-06-09,1.197,0.818,1.762,1.023,1.399,rt,
nyankunde,2026-06-10,1.147,0.794,1.64,0.989,1.336,rt,
nyankunde,2026-06-11,1.098,0.756,1.537,0.95,1.257,rt,
nyankunde,2026-06-12,1.044,0.72,1.446,0.902,1.191,rt,
nyankunde,2026-06-13,0.989,0.675,1.368,0.856,1.128,rt,
nyankunde,2026-06-14,0.93,0.629,1.313,0.802,1.075,rt,
nyankunde,2026-06-15,0.876,0.583,1.275,0.749,1.025,rt,
nyankunde,2026-06-16,0.831,0.567,1.187,0.722,0.962,rt,
nyankunde,2026-06-17,0.792,0.546,1.098,0.685,0.903,rt,
nyankunde,2026-06-18,0.752,0.516,1.031,0.648,0.852,rt,
nyankunde,2026-06-19,0.712,0.489,0.985,0.612,0.81,rt,
nyankunde,2026-06-20,0.674,0.453,0.942,0.575,0.772,rt,
nyankunde,2026-06-21,0.641,0.418,0.913,0.542,0.743,rt,
nyankunde,2026-06-22,0.613,0.389,0.91,0.514,0.727,rt,
nyankunde,2026-06-23,0.604,0.394,0.873,0.514,0.708,rt,
nyankunde,2026-06-24,0.593,0.389,0.856,0.508,0.694,rt,
nyankunde,2026-06-25,0.587,0.385,0.839,0.505,0.68,rt,
nyankunde,2026-06-26,0.579,0.379,0.833,0.501,0.672,rt,
nyankunde,2026-06-27,0.571,0.369,0.839,0.492,0.669,rt,
nyankunde,2026-06-28,0.565,0.361,0.845,0.481,0.662,rt,
nyankunde,2026-06-29,0.548,0.343,0.838,0.461,0.649,rt,
nyankunde,2026-06-30,0.543,0.35,0.8,0.459,0.633,rt,
nyankunde,2026-07-01,0.536,0.351,0.782,0.454,0.621,rt,
nyankunde,2026-07-02,0.529,0.35,0.756,0.45,0.614,rt,
nyankunde,2026-07-03,0.526,0.345,0.743,0.446,0.612,rt,
nyankunde,2026-07-04,0.521,0.341,0.74,0.442,0.607,rt,
nyankunde,2026-07-05,0.519,0.332,0.741,0.437,0.601,rt,
nyankunde,2026-07-06,0.519,0.326,0.764,0.435,0.606,rt,
nyankunde,2026-07-07,0.531,0.343,0.757,0.45,0.619,rt,
nyankunde,2026-07-08,0.544,0.36,0.762,0.465,0.629,rt,
nyankunde,2026-07-09,0.559,0.367,0.781,0.478,0.639,rt,
nyankunde,2026-07-10,0.575,0.375,0.803,0.493,0.651,rt,
nyankunde,2026-07-11,0.587,0.389,0.825,0.503,0.672,rt,
nyankunde,2026-07-12,0.598,0.396,0.858,0.513,0.696,rt,
nyankunde,2026-07-13,0.606,0.398,0.896,0.515,0.711,rt,
nyankunde,2026-07-14,0.617,0.411,0.878,0.526,0.712,rt,
nyankunde,2026-07-15,0.628,0.424,0.874,0.536,0.717,rt,
nyankunde,2026-07-16,0.634,0.434,0.87,0.543,0.722,rt,
nyankunde,2026-07-17,0.641,0.44,0.876,0.554,0.73,rt,
nyankunde,2026-07-18,0.646,0.444,0.893,0.559,0.739,rt,
nyankunde,2026-07-19,0.653,0.449,0.915,0.56,0.75,rt,
nyankunde,2026-07-20,0.662,0.447,0.954,0.564,0.767,rt,
nyankunde,2026-07-21,0.668,0.458,0.937,0.576,0.769,rt,
nyankunde,2026-07-22,0.672,0.471,0.925,0.583,0.768,rt,
nyankunde,2026-07-23,0.675,0.476,0.919,0.59,0.772,rt,
nyankunde,2026-07-24,0.677,0.482,0.929,0.593,0.776,rt,
nyankunde,2026-07-25,0.677,0.486,0.939,0.592,0.782,rt,
nyankunde,2026-07-26,0.679,0.482,0.964,0.592,0.789,rt,
nyankunde,2026-07-27,0.687,0.479,0.99,0.591,0.801,rt,
nyankunde,2026-07-28,0.701,0.498,0.978,0.606,0.808,rt,
nyankunde,2026-07-29,0.712,0.505,0.975,0.621,0.813,rt,
nyankunde,2026-07-30,0.723,0.516,0.979,0.633,0.817,rt,
nyankunde,2026-07-31,0.737,0.52,0.988,0.642,0.826,rt,
nyankunde,2026-08-01,0.744,0.525,1.008,0.649,0.836,rt,
nyankunde,2026-08-02,0.754,0.524,1.038,0.656,0.85,rt,
nyankunde,2026-08-03,0.763,0.52,1.064,0.659,0.863,rt,
nyankunde,2026-08-04,0.77,0.532,1.049,0.673,0.874,rt,
nyankunde,2026-08-05,0.776,0.544,1.042,0.686,0.877,rt,
nyankunde,2026-08-06,0.787,0.552,1.037,0.686,0.883,rt,
nyankunde,2026-08-07,0.791,0.552,1.043,0.696,0.889,rt,
nyankunde,2026-08-08,0.794,0.552,1.058,0.697,0.901,rt,
nyankunde,2026-08-09,0.799,0.552,1.085,0.697,0.913,rt,
nyankunde,2026-08-10,0.794,0.542,1.097,0.686,0.913,rt,
nyankunde,2026-08-11,0.792,0.549,1.08,0.688,0.903,rt,
nyankunde,2026-08-12,0.792,0.554,1.069,0.69,0.901,rt,
nyankunde,2026-08-13,0.792,0.559,1.057,0.692,0.895,rt,
nyankunde,2026-08-14,0.789,0.555,1.057,0.687,0.898,rt,
nyankunde,2026-08-15,0.786,0.552,1.057,0.685,0.899,rt,
nyankunde,2026-08-16,0.787,0.547,1.063,0.681,0.898,rt,
nyankunde,2026-08-17,0.793,0.539,1.086,0.684,0.913,rt,
nyankunde,2026-08-18,0.8,0.551,1.064,0.692,0.907,rt,
nyankunde,2026-08-19,0.803,0.557,1.049,0.697,0.903,rt,
nyankunde,2026-08-20,0.805,0.559,1.047,0.7,0.904,rt,
nyankunde,2026-08-21,0.807,0.565,1.046,0.706,0.907,rt,
nyankunde,2026-08-22,0.808,0.563,1.059,0.709,0.91,rt,
nyankunde,2026-08-23,0.806,0.554,1.08,0.707,0.91,rt,
nyankunde,2026-08-24,0.819,0.555,1.13,0.715,0.928,rt,
nyankunde,2026-08-25,0.839,0.572,1.12,0.735,0.943,rt,
nyankunde,2026-08-26,0.853,0.59,1.131,0.752,0.96,rt,
nyankunde,2026-08-27,0.869,0.601,1.143,0.766,0.976,rt,
nyankunde,2026-08-28,0.886,0.617,1.155,0.781,0.996,rt,
nyankunde,2026-08-29,0.903,0.627,1.173,0.794,1.013,rt,
nyankunde,2026-08-30,0.917,0.633,1.213,0.797,1.032,rt,
nyankunde,2026-08-31,0.919,0.628,1.244,0.791,1.032,rt,
nyankunde,2026-09-01,0.924,0.641,1.227,0.802,1.036,rt,
nyankunde,2026-09-02,0.929,0.645,1.229,0.81,1.039,rt,
nyankunde,2026-09-03,0.933,0.65,1.233,0.816,1.044,rt,
nyankunde,2026-09-04,0.937,0.651,1.228,0.819,1.044,rt,
nyankunde,2026-09-05,0.936,0.655,1.24,0.818,1.047,rt,
nyankunde,2026-09-06,0.936,0.654,1.27,0.82,1.054,rt,
nyankunde,2026-09-07,0.919,0.63,1.257,0.803,1.039,rt,
nyankunde,2026-09-08,0.906,0.629,1.221,0.796,1.021,rt,
nyankunde,2026-09-09,0.891,0.633,1.201,0.787,1.004,rt,
nyankunde,2026-09-10,0.878,0.62,1.187,0.771,0.988,rt,
nyankunde,2026-09-11,0.858,0.604,1.178,0.753,0.97,rt,
nyankunde,2026-09-12,0.84,0.58,1.17,0.734,0.952,rt,
nyankunde,2026-09-13,0.818,0.556,1.166,0.709,0.934,rt,
nyankunde,2026-09-14,0.801,0.533,1.169,0.688,0.924,rt,
nyankunde,2026-09-15,0.782,0.518,1.147,0.676,0.903,rt,
nyankunde,2026-09-16,0.767,0.508,1.138,0.657,0.887,rt,
nyankunde,2026-09-17,0.752,0.478,1.127,0.636,0.865,rt,
nyankunde,2026-09-18,0.732,0.459,1.111,0.616,0.852,rt,
nyankunde,2026-09-19,0.716,0.442,1.082,0.6,0.843,rt,
nyankunde,2026-09-20,0.697,0.42,1.071,0.577,0.831,rt,
nyankunde,2026-09-21,0.691,0.403,1.083,0.568,0.83,rt,
nyankunde,2026-09-22,0.688,0.402,1.081,0.57,0.829,rt,
nyankunde,2026-09-23,0.683,0.399,1.081,0.565,0.833,rt,
nyankunde,2026-09-24,0.682,0.391,1.097,0.561,0.839,rt,
nyankunde,2026-09-25,0.682,0.39,1.094,0.559,0.838,rt,
nyankunde,2026-09-26,0.685,0.383,1.097,0.559,0.833,rt,
nyankunde,2026-09-27,0.689,0.381,1.11,0.559,0.834,rt,
rimba,2026-07-06,1.077,0.9,1.244,1.007,1.14,rt,
rimba,2026-07-07,1.074,0.905,1.228,1.006,1.134,rt,
rimba,2026-07-08,1.069,0.908,1.218,1.003,1.129,rt,
rimba,2026-07-09,1.063,0.905,1.215,1.0,1.125,rt,
rimba,2026-07-10,1.059,0.904,1.206,0.999,1.118,rt,
rimba,2026-07-11,1.055,0.898,1.202,0.993,1.116,rt,
rimba,2026-07-12,1.051,0.894,1.201,0.987,1.115,rt,
rimba,2026-07-13,1.035,0.87,1.189,0.969,1.102,rt,
rimba,2026-07-14,1.027,0.872,1.174,0.966,1.09,rt,
rimba,2026-07-15,1.021,0.873,1.161,0.962,1.08,rt,
rimba,2026-07-16,1.013,0.87,1.15,0.957,1.071,rt,
rimba,2026-07-17,1.005,0.867,1.137,0.951,1.061,rt,
rimba,2026-07-18,0.998,0.858,1.126,0.941,1.052,rt,
rimba,2026-07-19,0.988,0.849,1.124,0.932,1.044,rt,
rimba,2026-07-20,0.983,0.836,1.127,0.925,1.041,rt,
rimba,2026-07-21,0.982,0.845,1.122,0.925,1.039,rt,
rimba,2026-07-22,0.982,0.846,1.122,0.926,1.036,rt,
rimba,2026-07-23,0.979,0.844,1.12,0.924,1.033,rt,
rimba,2026-07-24,0.974,0.848,1.113,0.922,1.028,rt,
rimba,2026-07-25,0.969,0.84,1.11,0.918,1.023,rt,
rimba,2026-07-26,0.964,0.832,1.106,0.913,1.018,rt,
rimba,2026-07-27,0.964,0.826,1.11,0.908,1.023,rt,
rimba,2026-07-28,0.97,0.832,1.112,0.913,1.022,rt,
rimba,2026-07-29,0.973,0.835,1.11,0.917,1.024,rt,
rimba,2026-07-30,0.975,0.837,1.116,0.918,1.026,rt,
rimba,2026-07-31,0.976,0.839,1.112,0.921,1.025,rt,
rimba,2026-08-01,0.976,0.841,1.111,0.921,1.026,rt,
rimba,2026-08-02,0.974,0.84,1.114,0.918,1.027,rt,
rimba,2026-08-03,0.969,0.828,1.118,0.912,1.028,rt,
rimba,2026-08-04,0.965,0.824,1.112,0.909,1.023,rt,
rimba,2026-08-05,0.961,0.818,1.108,0.906,1.018,rt,
rimba,2026-08-06,0.957,0.808,1.109,0.899,1.016,rt,
rimba,2026-08-07,0.95,0.801,1.099,0.894,1.009,rt,
rimba,2026-08-08,0.944,0.794,1.092,0.889,1.0,rt,
rimba,2026-08-09,0.935,0.786,1.083,0.879,0.991,rt,
rimba,2026-08-10,0.914,0.766,1.066,0.858,0.973,rt,
rimba,2026-08-11,0.899,0.761,1.044,0.848,0.958,rt,
rimba,2026-08-12,0.885,0.753,1.03,0.838,0.942,rt,
rimba,2026-08-13,0.872,0.746,1.011,0.823,0.928,rt,
rimba,2026-08-14,0.859,0.737,0.988,0.811,0.912,rt,
rimba,2026-08-15,0.845,0.724,0.966,0.799,0.897,rt,
rimba,2026-08-16,0.831,0.71,0.954,0.784,0.881,rt,
rimba,2026-08-17,0.826,0.702,0.953,0.776,0.877,rt,
rimba,2026-08-18,0.828,0.705,0.949,0.778,0.876,rt,
rimba,2026-08-19,0.829,0.708,0.947,0.778,0.877,rt,
rimba,2026-08-20,0.827,0.707,0.95,0.777,0.878,rt,
rimba,2026-08-21,0.826,0.71,0.946,0.776,0.875,rt,
rimba,2026-08-22,0.825,0.709,0.943,0.774,0.872,rt,
rimba,2026-08-23,0.821,0.706,0.941,0.77,0.868,rt,
rimba,2026-08-24,0.829,0.706,0.956,0.776,0.88,rt,
rimba,2026-08-25,0.842,0.719,0.969,0.79,0.893,rt,
rimba,2026-08-26,0.854,0.732,0.986,0.802,0.907,rt,
rimba,2026-08-27,0.866,0.741,1.006,0.813,0.92,rt,
rimba,2026-08-28,0.879,0.752,1.011,0.825,0.931,rt,
rimba,2026-08-29,0.888,0.762,1.021,0.835,0.942,rt,
rimba,2026-08-30,0.895,0.767,1.031,0.842,0.952,rt,
rimba,2026-08-31,0.887,0.758,1.028,0.834,0.946,rt,
rimba,2026-09-01,0.89,0.765,1.032,0.837,0.949,rt,
rimba,2026-09-02,0.892,0.765,1.033,0.839,0.952,rt,
rimba,2026-09-03,0.891,0.761,1.041,0.836,0.953,rt,
rimba,2026-09-04,0.888,0.759,1.036,0.836,0.951,rt,
rimba,2026-09-05,0.884,0.75,1.034,0.833,0.948,rt,
rimba,2026-09-06,0.878,0.74,1.031,0.827,0.943,rt,
rimba,2026-09-07,0.856,0.712,1.015,0.799,0.918,rt,
rimba,2026-09-08,0.835,0.696,0.998,0.778,0.898,rt,
rimba,2026-09-09,0.813,0.669,0.981,0.753,0.876,rt,
rimba,2026-09-10,0.787,0.64,0.958,0.723,0.856,rt,
rimba,2026-09-11,0.762,0.61,0.935,0.697,0.831,rt,
rimba,2026-09-12,0.732,0.576,0.909,0.663,0.804,rt,
rimba,2026-09-13,0.7,0.537,0.881,0.631,0.777,rt,
rimba,2026-09-14,0.671,0.497,0.863,0.596,0.75,rt,
rimba,2026-09-15,0.65,0.476,0.847,0.573,0.73,rt,
rimba,2026-09-16,0.629,0.455,0.831,0.552,0.71,rt,
rimba,2026-09-17,0.605,0.432,0.814,0.528,0.688,rt,
rimba,2026-09-18,0.585,0.409,0.795,0.508,0.669,rt,
rimba,2026-09-19,0.565,0.386,0.781,0.486,0.649,rt,
rimba,2026-09-20,0.543,0.362,0.768,0.462,0.631,rt,
rimba,2026-09-21,0.53,0.341,0.77,0.447,0.624,rt,
rimba,2026-09-22,0.527,0.339,0.779,0.443,0.627,rt,
rimba,2026-09-23,0.524,0.333,0.787,0.441,0.63,rt,
rimba,2026-09-24,0.526,0.329,0.806,0.438,0.635,rt,
rimba,2026-09-25,0.525,0.326,0.805,0.434,0.635,rt,
rimba,2026-09-26,0.525,0.322,0.804,0.435,0.635,rt,
rimba,2026-09-27,0.526,0.322,0.8,0.432,0.636,rt,
rwampara,2026-04-20,1.635,1.202,3.024,1.457,1.914,rt,
rwampara,2026-04-21,1.659,1.231,3.1,1.478,1.943,rt,
rwampara,2026-04-22,1.676,1.25,3.193,1.493,1.956,rt,
rwampara,2026-04-23,1.694,1.261,3.21,1.512,1.988,rt,
rwampara,2026-04-24,1.726,1.263,3.167,1.529,2.022,rt,
rwampara,2026-04-25,1.743,1.265,3.219,1.528,2.069,rt,
rwampara,2026-04-26,1.766,1.247,3.258,1.526,2.112,rt,
rwampara,2026-04-27,1.783,1.227,3.299,1.525,2.148,rt,
rwampara,2026-04-28,1.803,1.262,3.261,1.55,2.169,rt,
rwampara,2026-04-29,1.828,1.276,3.225,1.569,2.204,rt,
rwampara,2026-04-30,1.837,1.281,3.235,1.584,2.222,rt,
rwampara,2026-05-01,1.851,1.291,3.211,1.593,2.256,rt,
rwampara,2026-05-02,1.864,1.279,3.198,1.605,2.287,rt,
rwampara,2026-05-03,1.878,1.25,3.193,1.595,2.323,rt,
rwampara,2026-05-04,1.895,1.215,3.239,1.59,2.346,rt,
rwampara,2026-05-05,1.918,1.254,3.235,1.609,2.354,rt,
rwampara,2026-05-06,1.944,1.274,3.206,1.62,2.358,rt,
rwampara,2026-05-07,1.96,1.291,3.211,1.637,2.374,rt,
rwampara,2026-05-08,1.979,1.309,3.181,1.653,2.372,rt,
rwampara,2026-05-09,1.991,1.308,3.174,1.663,2.377,rt,
rwampara,2026-05-10,1.991,1.297,3.157,1.668,2.367,rt,
rwampara,2026-05-11,1.908,1.228,3.026,1.609,2.311,rt,
rwampara,2026-05-12,1.867,1.23,2.901,1.591,2.243,rt,
rwampara,2026-05-13,1.84,1.238,2.811,1.572,2.178,rt,
rwampara,2026-05-14,1.807,1.232,2.748,1.555,2.113,rt,
rwampara,2026-05-15,1.776,1.223,2.625,1.543,2.056,rt,
rwampara,2026-05-16,1.748,1.203,2.52,1.518,2.009,rt,
rwampara,2026-05-17,1.714,1.168,2.456,1.483,1.973,rt,
rwampara,2026-05-18,1.689,1.15,2.451,1.458,1.964,rt,
rwampara,2026-05-19,1.686,1.196,2.38,1.48,1.944,rt,
rwampara,2026-05-20,1.685,1.232,2.313,1.493,1.93,rt,
rwampara,2026-05-21,1.685,1.258,2.262,1.5,1.911,rt,
rwampara,2026-05-22,1.689,1.28,2.231,1.514,1.9,rt,
rwampara,2026-05-23,1.692,1.275,2.261,1.512,1.894,rt,
rwampara,2026-05-24,1.689,1.262,2.273,1.507,1.905,rt,
rwampara,2026-05-25,1.676,1.228,2.293,1.487,1.911,rt,
rwampara,2026-05-26,1.642,1.234,2.18,1.473,1.838,rt,
rwampara,2026-05-27,1.602,1.235,2.077,1.45,1.772,rt,
rwampara,2026-05-28,1.575,1.235,1.995,1.427,1.721,rt,
rwampara,2026-05-29,1.539,1.219,1.907,1.398,1.677,rt,
rwampara,2026-05-30,1.505,1.198,1.862,1.366,1.635,rt,
rwampara,2026-05-31,1.463,1.146,1.841,1.326,1.608,rt,
rwampara,2026-06-01,1.434,1.093,1.843,1.286,1.591,rt,
rwampara,2026-06-02,1.431,1.128,1.786,1.3,1.572,rt,
rwampara,2026-06-03,1.427,1.148,1.738,1.303,1.555,rt,
rwampara,2026-06-04,1.423,1.148,1.711,1.301,1.543,rt,
rwampara,2026-06-05,1.416,1.146,1.697,1.3,1.529,rt,
rwampara,2026-06-06,1.406,1.122,1.696,1.286,1.52,rt,
rwampara,2026-06-07,1.394,1.1,1.717,1.274,1.512,rt,
rwampara,2026-06-08,1.382,1.074,1.727,1.259,1.511,rt,
rwampara,2026-06-09,1.394,1.126,1.69,1.279,1.51,rt,
rwampara,2026-06-10,1.4,1.151,1.672,1.296,1.511,rt,
rwampara,2026-06-11,1.403,1.177,1.657,1.307,1.51,rt,
rwampara,2026-06-12,1.404,1.172,1.656,1.304,1.506,rt,
rwampara,2026-06-13,1.396,1.166,1.663,1.3,1.507,rt,
rwampara,2026-06-14,1.384,1.147,1.684,1.286,1.5,rt,
rwampara,2026-06-15,1.372,1.119,1.698,1.263,1.493,rt,
rwampara,2026-06-16,1.341,1.117,1.621,1.249,1.446,rt,
rwampara,2026-06-17,1.307,1.103,1.556,1.221,1.404,rt,
rwampara,2026-06-18,1.272,1.085,1.505,1.194,1.362,rt,
rwampara,2026-06-19,1.237,1.06,1.46,1.163,1.328,rt,
rwampara,2026-06-20,1.209,1.023,1.43,1.126,1.293,rt,
rwampara,2026-06-21,1.174,0.973,1.411,1.087,1.26,rt,
rwampara,2026-06-22,1.157,0.932,1.416,1.063,1.256,rt,
rwampara,2026-06-23,1.145,0.943,1.378,1.061,1.233,rt,
rwampara,2026-06-24,1.132,0.948,1.348,1.056,1.21,rt,
rwampara,2026-06-25,1.12,0.94,1.317,1.048,1.195,rt,
rwampara,2026-06-26,1.109,0.934,1.295,1.038,1.183,rt,
rwampara,2026-06-27,1.095,0.914,1.284,1.021,1.172,rt,
rwampara,2026-06-28,1.085,0.889,1.293,1.003,1.166,rt,
rwampara,2026-06-29,1.048,0.838,1.272,0.961,1.137,rt,
rwampara,2026-06-30,1.043,0.854,1.242,0.965,1.119,rt,
rwampara,2026-07-01,1.038,0.864,1.223,0.967,1.108,rt,
rwampara,2026-07-02,1.035,0.869,1.209,0.965,1.104,rt,
rwampara,2026-07-03,1.03,0.879,1.202,0.965,1.098,rt,
rwampara,2026-07-04,1.026,0.868,1.202,0.958,1.095,rt,
rwampara,2026-07-05,1.022,0.849,1.216,0.949,1.099,rt,
rwampara,2026-07-06,1.026,0.835,1.245,0.947,1.114,rt,
rwampara,2026-07-07,1.039,0.864,1.243,0.966,1.118,rt,
rwampara,2026-07-08,1.054,0.889,1.247,0.984,1.13,rt,
rwampara,2026-07-09,1.069,0.91,1.252,0.997,1.138,rt,
rwampara,2026-07-10,1.086,0.919,1.268,1.011,1.155,rt,
rwampara,2026-07-11,1.094,0.925,1.293,1.02,1.173,rt,
rwampara,2026-07-12,1.106,0.926,1.326,1.026,1.192,rt,
rwampara,2026-07-13,1.104,0.909,1.352,1.019,1.199,rt,
rwampara,2026-07-14,1.092,0.91,1.316,1.011,1.174,rt,
rwampara,2026-07-15,1.077,0.906,1.289,1.004,1.152,rt,
rwampara,2026-07-16,1.061,0.893,1.266,0.991,1.133,rt,
rwampara,2026-07-17,1.047,0.88,1.252,0.978,1.116,rt,
rwampara,2026-07-18,1.028,0.862,1.242,0.957,1.105,rt,
rwampara,2026-07-19,1.009,0.84,1.239,0.936,1.095,rt,
rwampara,2026-07-20,1.0,0.813,1.248,0.915,1.091,rt,
rwampara,2026-07-21,0.976,0.81,1.19,0.901,1.057,rt,
rwampara,2026-07-22,0.952,0.799,1.144,0.886,1.024,rt,
rwampara,2026-07-23,0.928,0.784,1.108,0.867,0.996,rt,
rwampara,2026-07-24,0.903,0.762,1.074,0.844,0.97,rt,
rwampara,2026-07-25,0.877,0.738,1.043,0.82,0.943,rt,
rwampara,2026-07-26,0.853,0.698,1.03,0.792,0.923,rt,
rwampara,2026-07-27,0.836,0.664,1.024,0.768,0.911,rt,
rwampara,2026-07-28,0.824,0.667,0.991,0.765,0.893,rt,
rwampara,2026-07-29,0.815,0.665,0.965,0.754,0.877,rt,
rwampara,2026-07-30,0.803,0.661,0.952,0.745,0.862,rt,
rwampara,2026-07-31,0.792,0.651,0.937,0.734,0.845,rt,
rwampara,2026-08-01,0.782,0.637,0.927,0.722,0.834,rt,
rwampara,2026-08-02,0.767,0.618,0.925,0.706,0.827,rt,
rwampara,2026-08-03,0.754,0.593,0.918,0.688,0.821,rt,
rwampara,2026-08-04,0.751,0.605,0.898,0.69,0.809,rt,
rwampara,2026-08-05,0.748,0.606,0.885,0.689,0.803,rt,
rwampara,2026-08-06,0.744,0.606,0.877,0.686,0.8,rt,
rwampara,2026-08-07,0.738,0.607,0.868,0.68,0.794,rt,
rwampara,2026-08-08,0.734,0.594,0.866,0.675,0.792,rt,
rwampara,2026-08-09,0.729,0.583,0.877,0.667,0.79,rt,
rwampara,2026-08-10,0.714,0.56,0.876,0.648,0.781,rt,
rwampara,2026-08-11,0.705,0.566,0.859,0.647,0.77,rt,
rwampara,2026-08-12,0.696,0.567,0.848,0.643,0.76,rt,
rwampara,2026-08-13,0.687,0.562,0.831,0.635,0.75,rt,
rwampara,2026-08-14,0.682,0.554,0.819,0.63,0.74,rt,
rwampara,2026-08-15,0.676,0.543,0.813,0.62,0.735,rt,
rwampara,2026-08-16,0.67,0.529,0.818,0.61,0.728,rt,
rwampara,2026-08-17,0.67,0.519,0.834,0.607,0.734,rt,
rwampara,2026-08-18,0.677,0.538,0.822,0.613,0.733,rt,
rwampara,2026-08-19,0.683,0.549,0.82,0.621,0.734,rt,
rwampara,2026-08-20,0.687,0.552,0.824,0.626,0.739,rt,
rwampara,2026-08-21,0.688,0.556,0.829,0.631,0.744,rt,
rwampara,2026-08-22,0.691,0.553,0.839,0.635,0.747,rt,
rwampara,2026-08-23,0.695,0.544,0.856,0.633,0.753,rt,
rwampara,2026-08-24,0.707,0.542,0.888,0.639,0.771,rt,
rwampara,2026-08-25,0.726,0.573,0.894,0.665,0.791,rt,
rwampara,2026-08-26,0.747,0.597,0.909,0.688,0.809,rt,
rwampara,2026-08-27,0.77,0.616,0.93,0.708,0.829,rt,
rwampara,2026-08-28,0.79,0.636,0.953,0.729,0.852,rt,
rwampara,2026-08-29,0.811,0.643,0.979,0.743,0.875,rt,
rwampara,2026-08-30,0.829,0.652,1.01,0.757,0.903,rt,
rwampara,2026-08-31,0.836,0.641,1.039,0.757,0.915,rt,
rwampara,2026-09-01,0.846,0.66,1.032,0.769,0.92,rt,
rwampara,2026-09-02,0.854,0.684,1.031,0.782,0.925,rt,
rwampara,2026-09-03,0.86,0.691,1.041,0.788,0.932,rt,
rwampara,2026-09-04,0.866,0.693,1.05,0.791,0.934,rt,
rwampara,2026-09-05,0.867,0.691,1.069,0.795,0.943,rt,
rwampara,2026-09-06,0.865,0.676,1.087,0.786,0.955,rt,
rwampara,2026-09-07,0.846,0.648,1.095,0.764,0.945,rt,
rwampara,2026-09-08,0.816,0.631,1.048,0.74,0.912,rt,
rwampara,2026-09-09,0.786,0.607,1.004,0.708,0.873,rt,
rwampara,2026-09-10,0.754,0.58,0.972,0.677,0.835,rt,
rwampara,2026-09-11,0.716,0.543,0.949,0.641,0.799,rt,
rwampara,2026-09-12,0.68,0.505,0.916,0.604,0.768,rt,
rwampara,2026-09-13,0.642,0.455,0.891,0.559,0.735,rt,
rwampara,2026-09-14,0.602,0.402,0.875,0.518,0.701,rt,
rwampara,2026-09-15,0.581,0.386,0.829,0.494,0.675,rt,
rwampara,2026-09-16,0.555,0.359,0.798,0.471,0.651,rt,
rwampara,2026-09-17,0.531,0.331,0.78,0.444,0.631,rt,
rwampara,2026-09-18,0.506,0.306,0.767,0.416,0.61,rt,
rwampara,2026-09-19,0.484,0.28,0.755,0.386,0.588,rt,
rwampara,2026-09-20,0.461,0.25,0.755,0.36,0.569,rt,
rwampara,2026-09-21,0.447,0.226,0.768,0.342,0.566,rt,
rwampara,2026-09-22,0.45,0.223,0.771,0.336,0.565,rt,
rwampara,2026-09-23,0.449,0.222,0.782,0.336,0.57,rt,
rwampara,2026-09-24,0.447,0.215,0.802,0.335,0.576,rt,
rwampara,2026-09-25,0.449,0.213,0.816,0.333,0.583,rt,
rwampara,2026-09-26,0.451,0.204,0.843,0.331,0.591,rt,
rwampara,2026-09-27,0.455,0.198,0.874,0.329,0.6,rt,
tchomia,2026-06-05,1.935,1.448,2.732,1.715,2.207,rt,
tchomia,2026-06-06,1.928,1.439,2.752,1.7,2.222,rt,
tchomia,2026-06-07,1.913,1.42,2.783,1.675,2.222,rt,
tchomia,2026-06-08,1.914,1.387,2.867,1.659,2.228,rt,
tchomia,2026-06-09,1.916,1.428,2.785,1.684,2.217,rt,
tchomia,2026-06-10,1.92,1.455,2.718,1.694,2.217,rt,
tchomia,2026-06-11,1.916,1.462,2.684,1.698,2.195,rt,
tchomia,2026-06-12,1.903,1.455,2.689,1.698,2.179,rt,
tchomia,2026-06-13,1.891,1.436,2.714,1.677,2.158,rt,
tchomia,2026-06-14,1.861,1.402,2.731,1.654,2.147,rt,
tchomia,2026-06-15,1.834,1.353,2.772,1.628,2.139,rt,
tchomia,2026-06-16,1.781,1.34,2.581,1.586,2.06,rt,
tchomia,2026-06-17,1.731,1.317,2.427,1.547,1.961,rt,
tchomia,2026-06-18,1.675,1.284,2.315,1.497,1.889,rt,
tchomia,2026-06-19,1.62,1.231,2.218,1.445,1.818,rt,
tchomia,2026-06-20,1.564,1.182,2.139,1.385,1.761,rt,
tchomia,2026-06-21,1.505,1.125,2.077,1.33,1.704,rt,
tchomia,2026-06-22,1.468,1.07,2.1,1.293,1.685,rt,
tchomia,2026-06-23,1.443,1.077,1.994,1.286,1.65,rt,
tchomia,2026-06-24,1.418,1.08,1.902,1.271,1.61,rt,
tchomia,2026-06-25,1.398,1.065,1.866,1.249,1.58,rt,
tchomia,2026-06-26,1.375,1.04,1.831,1.232,1.548,rt,
tchomia,2026-06-27,1.352,1.014,1.809,1.203,1.524,rt,
tchomia,2026-06-28,1.326,0.984,1.8,1.172,1.504,rt,
tchomia,2026-06-29,1.273,0.934,1.76,1.119,1.466,rt,
tchomia,2026-06-30,1.246,0.926,1.682,1.108,1.419,rt,
tchomia,2026-07-01,1.222,0.916,1.618,1.099,1.376,rt,
tchomia,2026-07-02,1.202,0.899,1.583,1.076,1.344,rt,
tchomia,2026-07-03,1.182,0.881,1.557,1.054,1.317,rt,
tchomia,2026-07-04,1.162,0.854,1.531,1.026,1.293,rt,
tchomia,2026-07-05,1.138,0.822,1.519,1.0,1.279,rt,
tchomia,2026-07-06,1.13,0.796,1.535,0.981,1.279,rt,
tchomia,2026-07-07,1.118,0.811,1.483,0.983,1.251,rt,
tchomia,2026-07-08,1.107,0.815,1.431,0.971,1.23,rt,
tchomia,2026-07-09,1.092,0.809,1.409,0.969,1.216,rt,
tchomia,2026-07-10,1.08,0.807,1.387,0.963,1.196,rt,
tchomia,2026-07-11,1.072,0.792,1.371,0.954,1.18,rt,
tchomia,2026-07-12,1.059,0.77,1.384,0.94,1.178,rt,
tchomia,2026-07-13,1.036,0.739,1.377,0.918,1.158,rt,
tchomia,2026-07-14,1.021,0.746,1.332,0.91,1.131,rt,
tchomia,2026-07-15,1.004,0.742,1.291,0.903,1.105,rt,
tchomia,2026-07-16,0.991,0.738,1.262,0.893,1.091,rt,
tchomia,2026-07-17,0.976,0.733,1.237,0.878,1.07,rt,
tchomia,2026-07-18,0.96,0.712,1.237,0.857,1.055,rt,
tchomia,2026-07-19,0.942,0.694,1.24,0.84,1.042,rt,
tchomia,2026-07-20,0.929,0.68,1.235,0.825,1.037,rt,
tchomia,2026-07-21,0.927,0.687,1.207,0.828,1.03,rt,
tchomia,2026-07-22,0.924,0.696,1.182,0.827,1.022,rt,
tchomia,2026-07-23,0.917,0.696,1.171,0.828,1.017,rt,
tchomia,2026-07-24,0.911,0.69,1.161,0.819,1.006,rt,
tchomia,2026-07-25,0.898,0.683,1.175,0.811,0.997,rt,
tchomia,2026-07-26,0.89,0.666,1.181,0.798,0.994,rt,
tchomia,2026-07-27,0.889,0.653,1.198,0.79,0.996,rt,
tchomia,2026-07-28,0.888,0.67,1.17,0.794,0.991,rt,
tchomia,2026-07-29,0.888,0.678,1.16,0.8,0.985,rt,
tchomia,2026-07-30,0.888,0.685,1.16,0.802,0.983,rt,
tchomia,2026-07-31,0.891,0.688,1.155,0.801,0.98,rt,
tchomia,2026-08-01,0.885,0.682,1.163,0.796,0.981,rt,
tchomia,2026-08-02,0.879,0.671,1.163,0.791,0.989,rt,
tchomia,2026-08-03,0.876,0.656,1.18,0.78,0.992,rt,
tchomia,2026-08-04,0.88,0.672,1.17,0.792,0.99,rt,
tchomia,2026-08-05,0.886,0.683,1.156,0.801,0.991,rt,
tchomia,2026-08-06,0.898,0.688,1.167,0.807,0.994,rt,
tchomia,2026-08-07,0.901,0.686,1.178,0.81,0.999,rt,
tchomia,2026-08-08,0.904,0.686,1.189,0.811,1.006,rt,
tchomia,2026-08-09,0.908,0.679,1.203,0.806,1.014,rt,
tchomia,2026-08-10,0.899,0.659,1.207,0.792,1.012,rt,
tchomia,2026-08-11,0.896,0.668,1.179,0.79,1.001,rt,
tchomia,2026-08-12,0.891,0.671,1.161,0.789,0.99,rt,
tchomia,2026-08-13,0.882,0.665,1.155,0.787,0.984,rt,
tchomia,2026-08-14,0.869,0.655,1.151,0.782,0.975,rt,
tchomia,2026-08-15,0.862,0.641,1.149,0.773,0.971,rt,
tchomia,2026-08-16,0.851,0.632,1.157,0.758,0.968,rt,
tchomia,2026-08-17,0.853,0.619,1.186,0.752,0.976,rt,
tchomia,2026-08-18,0.865,0.636,1.176,0.765,0.973,rt,
tchomia,2026-08-19,0.869,0.653,1.168,0.777,0.977,rt,
tchomia,2026-08-20,0.877,0.66,1.165,0.784,0.981,rt,
tchomia,2026-08-21,0.881,0.668,1.175,0.79,0.988,rt,
tchomia,2026-08-22,0.886,0.664,1.193,0.789,1.002,rt,
tchomia,2026-08-23,0.888,0.65,1.222,0.785,1.01,rt,
tchomia,2026-08-24,0.91,0.645,1.285,0.791,1.034,rt,
tchomia,2026-08-25,0.926,0.669,1.293,0.82,1.05,rt,
tchomia,2026-08-26,0.941,0.689,1.306,0.838,1.066,rt,
tchomia,2026-08-27,0.958,0.704,1.315,0.852,1.086,rt,
tchomia,2026-08-28,0.972,0.709,1.332,0.862,1.103,rt,
tchomia,2026-08-29,0.988,0.71,1.368,0.874,1.121,rt,
tchomia,2026-08-30,1.005,0.708,1.417,0.88,1.142,rt,
tchomia,2026-08-31,1.001,0.692,1.449,0.869,1.147,rt,
tchomia,2026-09-01,0.991,0.699,1.418,0.866,1.125,rt,
tchomia,2026-09-02,0.984,0.7,1.376,0.862,1.111,rt,
tchomia,2026-09-03,0.973,0.698,1.341,0.855,1.097,rt,
tchomia,2026-09-04,0.954,0.687,1.325,0.85,1.077,rt,
tchomia,2026-09-05,0.941,0.677,1.311,0.831,1.069,rt,
tchomia,2026-09-06,0.921,0.648,1.304,0.81,1.059,rt,
tchomia,2026-09-07,0.89,0.603,1.284,0.772,1.031,rt,
tchomia,2026-09-08,0.85,0.58,1.218,0.74,0.982,rt,
tchomia,2026-09-09,0.809,0.552,1.168,0.705,0.937,rt,
tchomia,2026-09-10,0.768,0.522,1.111,0.667,0.891,rt,
tchomia,2026-09-11,0.73,0.494,1.066,0.628,0.845,rt,
tchomia,2026-09-12,0.691,0.459,1.015,0.588,0.802,rt,
tchomia,2026-09-13,0.647,0.415,0.966,0.544,0.76,rt,
tchomia,2026-09-14,0.603,0.373,0.934,0.503,0.724,rt,
tchomia,2026-09-15,0.582,0.363,0.886,0.484,0.694,rt,
tchomia,2026-09-16,0.555,0.341,0.853,0.462,0.666,rt,
tchomia,2026-09-17,0.533,0.327,0.821,0.44,0.638,rt,
tchomia,2026-09-18,0.512,0.306,0.801,0.42,0.615,rt,
tchomia,2026-09-19,0.491,0.284,0.798,0.397,0.595,rt,
tchomia,2026-09-20,0.469,0.263,0.789,0.376,0.579,rt,
tchomia,2026-09-21,0.456,0.243,0.798,0.36,0.566,rt,
tchomia,2026-09-22,0.453,0.237,0.799,0.361,0.572,rt,
tchomia,2026-09-23,0.453,0.236,0.809,0.361,0.58,rt,
tchomia,2026-09-24,0.452,0.238,0.821,0.36,0.587,rt,
tchomia,2026-09-25,0.455,0.232,0.85,0.356,0.595,rt,
tchomia,2026-09-26,0.462,0.23,0.871,0.355,0.598,rt,
tchomia,2026-09-27,0.465,0.223,0.894,0.353,0.605,rt,
beni,2026-05-18,2.241,1.821,2.722,2.059,2.436,rt,
beni,2026-05-19,2.19,1.78,2.626,2.017,2.359,rt,
beni,2026-05-20,2.139,1.74,2.55,1.972,2.296,rt,
beni,2026-05-21,2.09,1.7,2.496,1.927,2.243,rt,
beni,2026-05-22,2.042,1.673,2.421,1.893,2.183,rt,
beni,2026-05-23,1.998,1.649,2.365,1.861,2.138,rt,
beni,2026-05-24,1.951,1.62,2.323,1.823,2.096,rt,
beni,2026-05-25,1.904,1.571,2.275,1.772,2.049,rt,
beni,2026-05-26,1.863,1.541,2.224,1.737,2.003,rt,
beni,2026-05-27,1.823,1.509,2.17,1.695,1.959,rt,
beni,2026-05-28,1.787,1.481,2.131,1.656,1.915,rt,
beni,2026-05-29,1.748,1.452,2.073,1.624,1.875,rt,
beni,2026-05-30,1.711,1.425,2.034,1.592,1.838,rt,
beni,2026-05-31,1.676,1.39,2.007,1.563,1.802,rt,
beni,2026-06-01,1.651,1.357,1.993,1.537,1.779,rt,
beni,2026-06-02,1.627,1.348,1.943,1.519,1.748,rt,
beni,2026-06-03,1.606,1.337,1.914,1.499,1.72,rt,
beni,2026-06-04,1.584,1.318,1.882,1.474,1.696,rt,
beni,2026-06-05,1.561,1.308,1.846,1.459,1.671,rt,
beni,2026-06-06,1.54,1.293,1.82,1.44,1.65,rt,
beni,2026-06-07,1.521,1.271,1.802,1.415,1.629,rt,
beni,2026-06-08,1.507,1.256,1.806,1.399,1.61,rt,
beni,2026-06-09,1.488,1.251,1.79,1.387,1.593,rt,
beni,2026-06-10,1.474,1.248,1.759,1.378,1.575,rt,
beni,2026-06-11,1.458,1.239,1.73,1.365,1.561,rt,
beni,2026-06-12,1.438,1.23,1.701,1.354,1.542,rt,
beni,2026-06-13,1.424,1.219,1.683,1.345,1.526,rt,
beni,2026-06-14,1.409,1.201,1.672,1.331,1.511,rt,
beni,2026-06-15,1.399,1.189,1.674,1.318,1.502,rt,
beni,2026-06-16,1.39,1.194,1.639,1.313,1.485,rt,
beni,2026-06-17,1.383,1.187,1.608,1.302,1.472,rt,
beni,2026-06-18,1.375,1.176,1.594,1.297,1.459,rt,
beni,2026-06-19,1.366,1.172,1.576,1.289,1.451,rt,
beni,2026-06-20,1.356,1.172,1.568,1.282,1.444,rt,
beni,2026-06-21,1.349,1.163,1.562,1.27,1.437,rt,
beni,2026-06-22,1.359,1.166,1.584,1.276,1.454,rt,
beni,2026-06-23,1.37,1.178,1.582,1.289,1.463,rt,
beni,2026-06-24,1.382,1.191,1.596,1.301,1.469,rt,
beni,2026-06-25,1.391,1.198,1.613,1.312,1.481,rt,
beni,2026-06-26,1.402,1.206,1.615,1.324,1.487,rt,
beni,2026-06-27,1.413,1.21,1.626,1.334,1.497,rt,
beni,2026-06-28,1.423,1.218,1.653,1.341,1.508,rt,
beni,2026-06-29,1.408,1.204,1.639,1.322,1.49,rt,
beni,2026-06-30,1.394,1.199,1.608,1.311,1.473,rt,
beni,2026-07-01,1.378,1.196,1.581,1.3,1.459,rt,
beni,2026-07-02,1.365,1.185,1.567,1.291,1.445,rt,
beni,2026-07-03,1.353,1.178,1.555,1.279,1.429,rt,
beni,2026-07-04,1.34,1.163,1.548,1.267,1.414,rt,
beni,2026-07-05,1.33,1.143,1.551,1.253,1.405,rt,
beni,2026-07-06,1.328,1.132,1.571,1.253,1.414,rt,
beni,2026-07-07,1.332,1.148,1.561,1.259,1.412,rt,
beni,2026-07-08,1.335,1.156,1.563,1.262,1.417,rt,
beni,2026-07-09,1.341,1.161,1.573,1.266,1.424,rt,
beni,2026-07-10,1.342,1.169,1.573,1.271,1.426,rt,
beni,2026-07-11,1.347,1.175,1.585,1.274,1.436,rt,
beni,2026-07-12,1.353,1.176,1.617,1.275,1.441,rt,
beni,2026-07-13,1.348,1.163,1.66,1.265,1.449,rt,
beni,2026-07-14,1.349,1.164,1.646,1.269,1.443,rt,
beni,2026-07-15,1.348,1.166,1.631,1.272,1.447,rt,
beni,2026-07-16,1.351,1.162,1.626,1.274,1.447,rt,
beni,2026-07-17,1.353,1.161,1.64,1.274,1.454,rt,
beni,2026-07-18,1.358,1.155,1.669,1.271,1.467,rt,
beni,2026-07-19,1.36,1.151,1.7,1.265,1.479,rt,
beni,2026-07-20,1.366,1.146,1.757,1.262,1.501,rt,
beni,2026-07-21,1.373,1.162,1.713,1.274,1.497,rt,
beni,2026-07-22,1.377,1.17,1.697,1.283,1.497,rt,
beni,2026-07-23,1.382,1.163,1.686,1.287,1.499,rt,
beni,2026-07-24,1.385,1.161,1.683,1.292,1.5,rt,
beni,2026-07-25,1.389,1.157,1.697,1.292,1.504,rt,
beni,2026-07-26,1.392,1.147,1.726,1.289,1.514,rt,
beni,2026-07-27,1.402,1.145,1.792,1.29,1.537,rt,
beni,2026-07-28,1.415,1.163,1.754,1.308,1.538,rt,
beni,2026-07-29,1.422,1.185,1.737,1.322,1.541,rt,
beni,2026-07-30,1.431,1.193,1.738,1.333,1.548,rt,
beni,2026-07-31,1.441,1.206,1.752,1.345,1.553,rt,
beni,2026-08-01,1.451,1.21,1.78,1.35,1.575,rt,
beni,2026-08-02,1.462,1.203,1.836,1.347,1.596,rt,
beni,2026-08-03,1.473,1.183,1.91,1.344,1.621,rt,
beni,2026-08-04,1.488,1.214,1.857,1.366,1.618,rt,
beni,2026-08-05,1.505,1.254,1.837,1.388,1.62,rt,
beni,2026-08-06,1.518,1.267,1.839,1.408,1.634,rt,
beni,2026-08-07,1.529,1.283,1.848,1.418,1.647,rt,
beni,2026-08-08,1.542,1.284,1.882,1.428,1.665,rt,
beni,2026-08-09,1.556,1.266,1.935,1.432,1.698,rt,
beni,2026-08-10,1.548,1.225,1.978,1.413,1.704,rt,
beni,2026-08-11,1.541,1.24,1.923,1.42,1.686,rt,
beni,2026-08-12,1.536,1.246,1.879,1.42,1.665,rt,
beni,2026-08-13,1.53,1.25,1.862,1.415,1.653,rt,
beni,2026-08-14,1.523,1.25,1.847,1.41,1.648,rt,
beni,2026-08-15,1.518,1.236,1.85,1.392,1.647,rt,
beni,2026-08-16,1.512,1.199,1.881,1.376,1.649,rt,
beni,2026-08-17,1.511,1.173,1.925,1.367,1.669,rt,
beni,2026-08-18,1.522,1.206,1.875,1.384,1.654,rt,
beni,2026-08-19,1.528,1.232,1.843,1.401,1.641,rt,
beni,2026-08-20,1.528,1.246,1.835,1.411,1.642,rt,
beni,2026-08-21,1.525,1.262,1.827,1.418,1.642,rt,
beni,2026-08-22,1.53,1.26,1.826,1.417,1.652,rt,
beni,2026-08-23,1.533,1.246,1.868,1.41,1.659,rt,
beni,2026-08-24,1.54,1.217,1.918,1.404,1.677,rt,
beni,2026-08-25,1.57,1.271,1.909,1.447,1.698,rt,
beni,2026-08-26,1.598,1.322,1.921,1.482,1.727,rt,
beni,2026-08-27,1.625,1.35,1.942,1.508,1.755,rt,
beni,2026-08-28,1.652,1.378,1.981,1.532,1.784,rt,
beni,2026-08-29,1.679,1.397,2.034,1.55,1.81,rt,
beni,2026-08-30,1.699,1.39,2.087,1.567,1.834,rt,
beni,2026-08-31,1.686,1.356,2.101,1.548,1.828,rt,
beni,2026-09-01,1.685,1.401,2.07,1.567,1.829,rt,
beni,2026-09-02,1.685,1.423,2.048,1.572,1.823,rt,
beni,2026-09-03,1.682,1.419,2.04,1.569,1.819,rt,
beni,2026-09-04,1.676,1.421,2.015,1.562,1.804,rt,
beni,2026-09-05,1.656,1.397,2.012,1.544,1.791,rt,
beni,2026-09-06,1.638,1.365,2.024,1.515,1.774,rt,
beni,2026-09-07,1.6,1.321,2.016,1.475,1.747,rt,
beni,2026-09-08,1.538,1.279,1.916,1.424,1.678,rt,
beni,2026-09-09,1.481,1.231,1.831,1.373,1.607,rt,
beni,2026-09-10,1.423,1.185,1.768,1.319,1.542,rt,
beni,2026-09-11,1.372,1.127,1.711,1.263,1.49,rt,
beni,2026-09-12,1.318,1.078,1.652,1.214,1.438,rt,
beni,2026-09-13,1.264,1.027,1.593,1.158,1.387,rt,
beni,2026-09-14,1.228,0.984,1.555,1.115,1.352,rt,
beni,2026-09-15,1.185,0.939,1.502,1.076,1.308,rt,
beni,2026-09-16,1.141,0.895,1.458,1.036,1.263,rt,
beni,2026-09-17,1.1,0.854,1.425,0.996,1.225,rt,
beni,2026-09-18,1.062,0.815,1.385,0.962,1.187,rt,
beni,2026-09-19,1.027,0.778,1.357,0.923,1.157,rt,
beni,2026-09-20,0.994,0.739,1.326,0.887,1.124,rt,
beni,2026-09-21,0.977,0.709,1.32,0.864,1.112,rt,
beni,2026-09-22,0.962,0.697,1.308,0.844,1.097,rt,
beni,2026-09-23,0.949,0.677,1.312,0.824,1.079,rt,
beni,2026-09-24,0.937,0.66,1.293,0.807,1.07,rt,
beni,2026-09-25,0.923,0.653,1.257,0.796,1.045,rt,
beni,2026-09-26,0.906,0.645,1.22,0.784,1.025,rt,
beni,2026-09-27,0.889,0.629,1.19,0.775,1.007,rt,
biena,2026-08-09,1.577,1.35,1.848,1.474,1.679,rt,
biena,2026-08-10,1.568,1.332,1.849,1.459,1.673,rt,
biena,2026-08-11,1.567,1.341,1.831,1.462,1.665,rt,
biena,2026-08-12,1.559,1.341,1.83,1.463,1.658,rt,
biena,2026-08-13,1.553,1.332,1.827,1.459,1.652,rt,
biena,2026-08-14,1.546,1.336,1.816,1.457,1.648,rt,
biena,2026-08-15,1.542,1.329,1.822,1.45,1.643,rt,
biena,2026-08-16,1.534,1.313,1.825,1.441,1.637,rt,
biena,2026-08-17,1.538,1.305,1.837,1.438,1.645,rt,
biena,2026-08-18,1.538,1.306,1.823,1.443,1.643,rt,
biena,2026-08-19,1.541,1.308,1.82,1.445,1.643,rt,
biena,2026-08-20,1.543,1.308,1.817,1.445,1.642,rt,
biena,2026-08-21,1.543,1.316,1.805,1.45,1.64,rt,
biena,2026-08-22,1.542,1.32,1.799,1.448,1.637,rt,
biena,2026-08-23,1.539,1.319,1.794,1.444,1.639,rt,
biena,2026-08-24,1.536,1.315,1.798,1.438,1.639,rt,
biena,2026-08-25,1.532,1.318,1.792,1.437,1.639,rt,
biena,2026-08-26,1.528,1.312,1.787,1.436,1.628,rt,
biena,2026-08-27,1.524,1.3,1.786,1.425,1.621,rt,
biena,2026-08-28,1.511,1.297,1.762,1.418,1.609,rt,
biena,2026-08-29,1.499,1.286,1.75,1.405,1.598,rt,
biena,2026-08-30,1.484,1.273,1.741,1.394,1.581,rt,
biena,2026-08-31,1.441,1.219,1.702,1.345,1.539,rt,
biena,2026-09-01,1.39,1.171,1.658,1.298,1.485,rt,
biena,2026-09-02,1.341,1.125,1.605,1.249,1.435,rt,
biena,2026-09-03,1.293,1.074,1.564,1.196,1.387,rt,
biena,2026-09-04,1.239,1.023,1.502,1.147,1.331,rt,
biena,2026-09-05,1.185,0.967,1.45,1.093,1.28,rt,
biena,2026-09-06,1.133,0.911,1.397,1.043,1.229,rt,
biena,2026-09-07,1.075,0.847,1.342,0.981,1.177,rt,
biena,2026-09-08,1.031,0.813,1.288,0.938,1.131,rt,
biena,2026-09-09,0.987,0.774,1.24,0.894,1.088,rt,
biena,2026-09-10,0.948,0.738,1.204,0.855,1.052,rt,
biena,2026-09-11,0.911,0.698,1.163,0.819,1.011,rt,
biena,2026-09-12,0.875,0.662,1.128,0.784,0.979,rt,
biena,2026-09-13,0.844,0.627,1.096,0.75,0.946,rt,
biena,2026-09-14,0.819,0.594,1.082,0.72,0.924,rt,
biena,2026-09-15,0.806,0.582,1.073,0.707,0.908,rt,
biena,2026-09-16,0.796,0.568,1.065,0.693,0.897,rt,
biena,2026-09-17,0.786,0.554,1.06,0.68,0.891,rt,
biena,2026-09-18,0.772,0.545,1.051,0.667,0.882,rt,
biena,2026-09-19,0.762,0.531,1.041,0.656,0.873,rt,
biena,2026-09-20,0.75,0.515,1.035,0.644,0.868,rt,
biena,2026-09-21,0.752,0.509,1.056,0.642,0.873,rt,
biena,2026-09-22,0.753,0.513,1.071,0.64,0.879,rt,
biena,2026-09-23,0.757,0.508,1.086,0.642,0.886,rt,
biena,2026-09-24,0.759,0.505,1.097,0.641,0.892,rt,
biena,2026-09-25,0.761,0.512,1.086,0.644,0.887,rt,
biena,2026-09-26,0.759,0.518,1.081,0.647,0.885,rt,
biena,2026-09-27,0.761,0.521,1.083,0.651,0.884,rt,
butembo,2026-05-23,3.017,2.203,4.089,2.686,3.435,rt,
butembo,2026-05-24,2.938,2.178,3.993,2.617,3.337,rt,
butembo,2026-05-25,2.853,2.13,3.917,2.533,3.223,rt,
butembo,2026-05-26,2.759,2.078,3.709,2.461,3.119,rt,
butembo,2026-05-27,2.689,2.022,3.577,2.394,3.019,rt,
butembo,2026-05-28,2.602,1.978,3.447,2.329,2.907,rt,
butembo,2026-05-29,2.525,1.923,3.299,2.259,2.802,rt,
butembo,2026-05-30,2.441,1.879,3.198,2.2,2.716,rt,
butembo,2026-05-31,2.365,1.818,3.098,2.131,2.625,rt,
butembo,2026-06-01,2.3,1.758,3.03,2.071,2.556,rt,
butembo,2026-06-02,2.24,1.711,2.908,2.008,2.48,rt,
butembo,2026-06-03,2.178,1.668,2.798,1.957,2.403,rt,
butembo,2026-06-04,2.111,1.639,2.695,1.906,2.338,rt,
butembo,2026-06-05,2.051,1.598,2.581,1.864,2.263,rt,
butembo,2026-06-06,1.994,1.563,2.504,1.815,2.197,rt,
butembo,2026-06-07,1.939,1.517,2.414,1.765,2.133,rt,
butembo,2026-06-08,1.892,1.471,2.372,1.716,2.079,rt,
butembo,2026-06-09,1.842,1.453,2.284,1.677,2.017,rt,
butembo,2026-06-10,1.801,1.425,2.212,1.636,1.969,rt,
butembo,2026-06-11,1.753,1.385,2.149,1.597,1.92,rt,
butembo,2026-06-12,1.709,1.356,2.077,1.564,1.869,rt,
butembo,2026-06-13,1.667,1.336,2.025,1.532,1.821,rt,
butembo,2026-06-14,1.622,1.299,1.974,1.493,1.771,rt,
butembo,2026-06-15,1.587,1.267,1.944,1.455,1.731,rt,
butembo,2026-06-16,1.562,1.251,1.884,1.433,1.699,rt,
butembo,2026-06-17,1.538,1.232,1.846,1.408,1.666,rt,
butembo,2026-06-18,1.509,1.219,1.82,1.388,1.632,rt,
butembo,2026-06-19,1.484,1.215,1.773,1.365,1.602,rt,
butembo,2026-06-20,1.461,1.187,1.732,1.343,1.579,rt,
butembo,2026-06-21,1.435,1.164,1.71,1.32,1.556,rt,
butembo,2026-06-22,1.427,1.148,1.712,1.309,1.55,rt,
butembo,2026-06-23,1.427,1.157,1.702,1.312,1.539,rt,
butembo,2026-06-24,1.428,1.163,1.693,1.317,1.532,rt,
butembo,2026-06-25,1.431,1.165,1.701,1.317,1.536,rt,
butembo,2026-06-26,1.431,1.167,1.694,1.316,1.529,rt,
butembo,2026-06-27,1.429,1.166,1.686,1.319,1.526,rt,
butembo,2026-06-28,1.427,1.158,1.686,1.317,1.524,rt,
butembo,2026-06-29,1.401,1.127,1.664,1.29,1.502,rt,
butembo,2026-06-30,1.38,1.121,1.632,1.278,1.472,rt,
butembo,2026-07-01,1.359,1.116,1.612,1.267,1.448,rt,
butembo,2026-07-02,1.337,1.11,1.592,1.25,1.428,rt,
butembo,2026-07-03,1.319,1.104,1.569,1.23,1.409,rt,
butembo,2026-07-04,1.303,1.086,1.552,1.214,1.396,rt,
butembo,2026-07-05,1.282,1.064,1.536,1.194,1.38,rt,
butembo,2026-07-06,1.277,1.049,1.548,1.187,1.377,rt,
butembo,2026-07-07,1.27,1.05,1.524,1.182,1.367,rt,
butembo,2026-07-08,1.266,1.05,1.509,1.173,1.358,rt,
butembo,2026-07-09,1.258,1.037,1.509,1.165,1.353,rt,
butembo,2026-07-10,1.252,1.034,1.487,1.161,1.34,rt,
butembo,2026-07-11,1.245,1.03,1.476,1.159,1.333,rt,
butembo,2026-07-12,1.235,1.017,1.48,1.151,1.325,rt,
butembo,2026-07-13,1.222,0.998,1.482,1.133,1.315,rt,
butembo,2026-07-14,1.21,0.994,1.452,1.128,1.3,rt,
butembo,2026-07-15,1.202,0.993,1.44,1.12,1.288,rt,
butembo,2026-07-16,1.19,0.985,1.424,1.109,1.282,rt,
butembo,2026-07-17,1.183,0.984,1.404,1.101,1.27,rt,
butembo,2026-07-18,1.177,0.97,1.388,1.088,1.261,rt,
butembo,2026-07-19,1.168,0.96,1.38,1.075,1.251,rt,
butembo,2026-07-20,1.162,0.946,1.381,1.067,1.251,rt,
butembo,2026-07-21,1.162,0.957,1.364,1.072,1.248,rt,
butembo,2026-07-22,1.161,0.961,1.357,1.074,1.247,rt,
butembo,2026-07-23,1.16,0.968,1.355,1.075,1.244,rt,
butembo,2026-07-24,1.156,0.97,1.348,1.08,1.244,rt,
butembo,2026-07-25,1.153,0.966,1.347,1.084,1.238,rt,
butembo,2026-07-26,1.152,0.962,1.349,1.078,1.235,rt,
butembo,2026-07-27,1.158,0.958,1.369,1.073,1.244,rt,
butembo,2026-07-28,1.169,0.974,1.368,1.088,1.25,rt,
butembo,2026-07-29,1.179,0.987,1.371,1.098,1.259,rt,
butembo,2026-07-30,1.189,0.996,1.388,1.103,1.268,rt,
butembo,2026-07-31,1.199,1.003,1.4,1.115,1.275,rt,
butembo,2026-08-01,1.205,1.01,1.415,1.121,1.287,rt,
butembo,2026-08-02,1.212,1.001,1.433,1.123,1.3,rt,
butembo,2026-08-03,1.217,0.997,1.464,1.122,1.317,rt,
butembo,2026-08-04,1.229,1.015,1.467,1.14,1.326,rt,
butembo,2026-08-05,1.238,1.033,1.486,1.152,1.334,rt,
butembo,2026-08-06,1.247,1.042,1.49,1.161,1.346,rt,
butembo,2026-08-07,1.262,1.058,1.492,1.17,1.352,rt,
butembo,2026-08-08,1.271,1.064,1.512,1.18,1.36,rt,
butembo,2026-08-09,1.277,1.066,1.53,1.187,1.371,rt,
butembo,2026-08-10,1.263,1.04,1.533,1.172,1.364,rt,
butembo,2026-08-11,1.249,1.044,1.512,1.161,1.346,rt,
butembo,2026-08-12,1.238,1.033,1.48,1.152,1.329,rt,
butembo,2026-08-13,1.223,1.023,1.459,1.137,1.316,rt,
butembo,2026-08-14,1.208,1.013,1.441,1.12,1.301,rt,
butembo,2026-08-15,1.19,0.998,1.426,1.102,1.287,rt,
butembo,2026-08-16,1.173,0.972,1.426,1.083,1.273,rt,
butembo,2026-08-17,1.162,0.95,1.437,1.067,1.265,rt,
butembo,2026-08-18,1.151,0.948,1.4,1.061,1.247,rt,
butembo,2026-08-19,1.137,0.942,1.375,1.049,1.229,rt,
butembo,2026-08-20,1.123,0.925,1.357,1.038,1.209,rt,
butembo,2026-08-21,1.109,0.915,1.341,1.027,1.192,rt,
butembo,2026-08-22,1.091,0.899,1.33,1.015,1.181,rt,
butembo,2026-08-23,1.075,0.875,1.324,0.992,1.168,rt,
butembo,2026-08-24,1.06,0.845,1.321,0.972,1.159,rt,
butembo,2026-08-25,1.04,0.838,1.273,0.954,1.133,rt,
butembo,2026-08-26,1.019,0.829,1.239,0.933,1.107,rt,
butembo,2026-08-27,0.996,0.811,1.213,0.911,1.082,rt,
butembo,2026-08-28,0.967,0.785,1.182,0.894,1.05,rt,
butembo,2026-08-29,0.942,0.759,1.163,0.87,1.027,rt,
butembo,2026-08-30,0.916,0.725,1.15,0.84,1.007,rt,
butembo,2026-08-31,0.87,0.668,1.109,0.791,0.97,rt,
butembo,2026-09-01,0.829,0.642,1.048,0.752,0.916,rt,
butembo,2026-09-02,0.782,0.614,0.999,0.712,0.865,rt,
butembo,2026-09-03,0.738,0.572,0.947,0.668,0.819,rt,
butembo,2026-09-04,0.694,0.53,0.892,0.627,0.775,rt,
butembo,2026-09-05,0.655,0.489,0.858,0.585,0.735,rt,
butembo,2026-09-06,0.614,0.443,0.833,0.542,0.698,rt,
butembo,2026-09-07,0.576,0.4,0.802,0.497,0.663,rt,
butembo,2026-09-08,0.554,0.386,0.772,0.478,0.633,rt,
butembo,2026-09-09,0.535,0.368,0.75,0.461,0.608,rt,
butembo,2026-09-10,0.516,0.35,0.725,0.442,0.587,rt,
butembo,2026-09-11,0.497,0.327,0.702,0.427,0.572,rt,
butembo,2026-09-12,0.481,0.308,0.692,0.408,0.557,rt,
butembo,2026-09-13,0.467,0.289,0.689,0.391,0.547,rt,
butembo,2026-09-14,0.457,0.271,0.695,0.377,0.54,rt,
butembo,2026-09-15,0.455,0.27,0.691,0.376,0.541,rt,
butembo,2026-09-16,0.459,0.269,0.689,0.375,0.543,rt,
butembo,2026-09-17,0.461,0.267,0.699,0.373,0.547,rt,
butembo,2026-09-18,0.462,0.261,0.71,0.37,0.554,rt,
butembo,2026-09-19,0.464,0.256,0.732,0.366,0.564,rt,
butembo,2026-09-20,0.468,0.253,0.752,0.362,0.571,rt,
butembo,2026-09-21,0.475,0.252,0.789,0.364,0.589,rt,
butembo,2026-09-22,0.484,0.257,0.809,0.372,0.605,rt,
butembo,2026-09-23,0.496,0.258,0.829,0.378,0.62,rt,
butembo,2026-09-24,0.509,0.263,0.862,0.385,0.639,rt,
butembo,2026-09-25,0.514,0.271,0.872,0.394,0.651,rt,
butembo,2026-09-26,0.522,0.272,0.904,0.402,0.666,rt,
butembo,2026-09-27,0.533,0.272,0.929,0.407,0.683,rt,
kalunguta,2026-07-16,1.543,1.213,2.053,1.4,1.724,rt,
kalunguta,2026-07-17,1.556,1.225,2.079,1.411,1.736,rt,
kalunguta,2026-07-18,1.566,1.225,2.113,1.419,1.751,rt,
kalunguta,2026-07-19,1.58,1.218,2.172,1.42,1.772,rt,
kalunguta,2026-07-20,1.6,1.208,2.249,1.429,1.812,rt,
kalunguta,2026-07-21,1.612,1.239,2.22,1.448,1.806,rt,
kalunguta,2026-07-22,1.616,1.267,2.17,1.467,1.804,rt,
kalunguta,2026-07-23,1.624,1.274,2.168,1.471,1.816,rt,
kalunguta,2026-07-24,1.636,1.278,2.165,1.473,1.823,rt,
kalunguta,2026-07-25,1.638,1.276,2.174,1.464,1.841,rt,
kalunguta,2026-07-26,1.649,1.259,2.229,1.463,1.861,rt,
kalunguta,2026-07-27,1.668,1.245,2.325,1.468,1.889,rt,
kalunguta,2026-07-28,1.671,1.277,2.243,1.492,1.883,rt,
kalunguta,2026-07-29,1.675,1.288,2.209,1.508,1.881,rt,
kalunguta,2026-07-30,1.682,1.3,2.181,1.529,1.871,rt,
kalunguta,2026-07-31,1.688,1.32,2.19,1.539,1.875,rt,
kalunguta,2026-08-01,1.701,1.326,2.219,1.54,1.889,rt,
kalunguta,2026-08-02,1.714,1.314,2.243,1.536,1.911,rt,
kalunguta,2026-08-03,1.726,1.28,2.314,1.532,1.935,rt,
kalunguta,2026-08-04,1.735,1.321,2.261,1.553,1.926,rt,
kalunguta,2026-08-05,1.747,1.361,2.237,1.58,1.924,rt,
kalunguta,2026-08-06,1.763,1.386,2.229,1.596,1.935,rt,
kalunguta,2026-08-07,1.769,1.399,2.24,1.607,1.944,rt,
kalunguta,2026-08-08,1.783,1.404,2.253,1.612,1.96,rt,
kalunguta,2026-08-09,1.792,1.386,2.299,1.617,1.981,rt,
kalunguta,2026-08-10,1.789,1.35,2.346,1.594,1.985,rt,
kalunguta,2026-08-11,1.783,1.368,2.277,1.602,1.96,rt,
kalunguta,2026-08-12,1.77,1.387,2.236,1.605,1.941,rt,
kalunguta,2026-08-13,1.756,1.395,2.216,1.593,1.924,rt,
kalunguta,2026-08-14,1.742,1.391,2.218,1.592,1.914,rt,
kalunguta,2026-08-15,1.733,1.388,2.221,1.582,1.915,rt,
kalunguta,2026-08-16,1.727,1.35,2.237,1.57,1.91,rt,
kalunguta,2026-08-17,1.728,1.331,2.268,1.557,1.93,rt,
kalunguta,2026-08-18,1.747,1.369,2.217,1.577,1.93,rt,
kalunguta,2026-08-19,1.761,1.384,2.212,1.602,1.934,rt,
kalunguta,2026-08-20,1.77,1.391,2.215,1.612,1.934,rt,
kalunguta,2026-08-21,1.778,1.398,2.232,1.625,1.95,rt,
kalunguta,2026-08-22,1.788,1.406,2.26,1.629,1.957,rt,
kalunguta,2026-08-23,1.789,1.404,2.31,1.632,1.973,rt,
kalunguta,2026-08-24,1.801,1.381,2.363,1.634,1.999,rt,
kalunguta,2026-08-25,1.831,1.438,2.37,1.665,2.01,rt,
kalunguta,2026-08-26,1.859,1.478,2.367,1.685,2.029,rt,
kalunguta,2026-08-27,1.88,1.516,2.391,1.704,2.058,rt,
kalunguta,2026-08-28,1.896,1.53,2.429,1.724,2.074,rt,
kalunguta,2026-08-29,1.904,1.53,2.48,1.74,2.09,rt,
kalunguta,2026-08-30,1.92,1.523,2.524,1.746,2.115,rt,
kalunguta,2026-08-31,1.887,1.469,2.545,1.712,2.105,rt,
kalunguta,2026-09-01,1.854,1.462,2.473,1.69,2.064,rt,
kalunguta,2026-09-02,1.821,1.438,2.408,1.66,2.019,rt,
kalunguta,2026-09-03,1.785,1.414,2.347,1.626,1.967,rt,
kalunguta,2026-09-04,1.734,1.375,2.271,1.588,1.915,rt,
kalunguta,2026-09-05,1.683,1.327,2.208,1.536,1.863,rt,
kalunguta,2026-09-06,1.635,1.278,2.162,1.48,1.814,rt,
kalunguta,2026-09-07,1.571,1.205,2.092,1.409,1.753,rt,
kalunguta,2026-09-08,1.498,1.157,1.967,1.347,1.66,rt,
kalunguta,2026-09-09,1.427,1.109,1.863,1.283,1.583,rt,
kalunguta,2026-09-10,1.362,1.054,1.767,1.223,1.513,rt,
kalunguta,2026-09-11,1.297,0.992,1.686,1.166,1.449,rt,
kalunguta,2026-09-12,1.237,0.938,1.623,1.107,1.391,rt,
kalunguta,2026-09-13,1.183,0.879,1.57,1.05,1.338,rt,
kalunguta,2026-09-14,1.141,0.832,1.547,1.008,1.302,rt,
kalunguta,2026-09-15,1.107,0.801,1.497,0.974,1.264,rt,
kalunguta,2026-09-16,1.077,0.775,1.461,0.945,1.229,rt,
kalunguta,2026-09-17,1.046,0.742,1.427,0.913,1.196,rt,
kalunguta,2026-09-18,1.016,0.713,1.399,0.882,1.168,rt,
kalunguta,2026-09-19,0.983,0.685,1.38,0.856,1.143,rt,
kalunguta,2026-09-20,0.958,0.664,1.37,0.829,1.119,rt,
kalunguta,2026-09-21,0.947,0.642,1.388,0.81,1.114,rt,
kalunguta,2026-09-22,0.941,0.64,1.385,0.8,1.108,rt,
kalunguta,2026-09-23,0.937,0.627,1.369,0.794,1.099,rt,
kalunguta,2026-09-24,0.932,0.611,1.363,0.789,1.097,rt,
kalunguta,2026-09-25,0.92,0.607,1.367,0.779,1.09,rt,
kalunguta,2026-09-26,0.911,0.604,1.362,0.769,1.072,rt,
kalunguta,2026-09-27,0.903,0.602,1.371,0.762,1.059,rt,
katwa,2026-05-17,3.24,2.361,4.568,2.808,3.741,rt,
katwa,2026-05-18,3.156,2.313,4.432,2.761,3.644,rt,
katwa,2026-05-19,3.083,2.293,4.248,2.713,3.534,rt,
katwa,2026-05-20,3.006,2.234,4.118,2.652,3.44,rt,
katwa,2026-05-21,2.95,2.187,3.976,2.598,3.349,rt,
katwa,2026-05-22,2.878,2.166,3.838,2.551,3.241,rt,
katwa,2026-05-23,2.807,2.138,3.715,2.499,3.138,rt,
katwa,2026-05-24,2.731,2.104,3.605,2.442,3.056,rt,
katwa,2026-05-25,2.652,2.049,3.494,2.385,2.964,rt,
katwa,2026-05-26,2.573,2.013,3.365,2.323,2.87,rt,
katwa,2026-05-27,2.512,1.963,3.252,2.271,2.791,rt,
katwa,2026-05-28,2.445,1.915,3.141,2.205,2.71,rt,
katwa,2026-05-29,2.377,1.882,3.023,2.161,2.629,rt,
katwa,2026-05-30,2.308,1.849,2.914,2.106,2.555,rt,
katwa,2026-05-31,2.253,1.8,2.836,2.056,2.479,rt,
katwa,2026-06-01,2.199,1.754,2.774,2.008,2.419,rt,
katwa,2026-06-02,2.154,1.728,2.694,1.972,2.368,rt,
katwa,2026-06-03,2.11,1.707,2.633,1.937,2.321,rt,
katwa,2026-06-04,2.072,1.672,2.564,1.903,2.27,rt,
katwa,2026-06-05,2.033,1.656,2.493,1.87,2.22,rt,
katwa,2026-06-06,1.994,1.634,2.418,1.836,2.171,rt,
katwa,2026-06-07,1.949,1.601,2.371,1.798,2.122,rt,
katwa,2026-06-08,1.915,1.562,2.313,1.763,2.084,rt,
katwa,2026-06-09,1.889,1.552,2.271,1.743,2.05,rt,
katwa,2026-06-10,1.857,1.539,2.234,1.72,2.013,rt,
katwa,2026-06-11,1.831,1.522,2.203,1.695,1.981,rt,
katwa,2026-06-12,1.805,1.512,2.16,1.671,1.942,rt,
katwa,2026-06-13,1.777,1.488,2.119,1.651,1.905,rt,
katwa,2026-06-14,1.748,1.466,2.093,1.624,1.879,rt,
katwa,2026-06-15,1.722,1.438,2.073,1.601,1.848,rt,
katwa,2026-06-16,1.698,1.425,2.022,1.583,1.821,rt,
katwa,2026-06-17,1.674,1.413,1.984,1.564,1.797,rt,
katwa,2026-06-18,1.649,1.391,1.955,1.542,1.768,rt,
katwa,2026-06-19,1.631,1.383,1.917,1.526,1.741,rt,
katwa,2026-06-20,1.607,1.374,1.879,1.508,1.717,rt,
katwa,2026-06-21,1.585,1.355,1.863,1.484,1.692,rt,
katwa,2026-06-22,1.579,1.34,1.86,1.478,1.691,rt,
katwa,2026-06-23,1.58,1.352,1.859,1.482,1.69,rt,
katwa,2026-06-24,1.579,1.352,1.858,1.484,1.688,rt,
katwa,2026-06-25,1.583,1.349,1.859,1.487,1.691,rt,
katwa,2026-06-26,1.585,1.352,1.846,1.49,1.681,rt,
katwa,2026-06-27,1.585,1.359,1.83,1.49,1.68,rt,
katwa,2026-06-28,1.582,1.355,1.829,1.489,1.676,rt,
katwa,2026-06-29,1.554,1.323,1.802,1.458,1.65,rt,
katwa,2026-06-30,1.536,1.318,1.778,1.444,1.621,rt,
katwa,2026-07-01,1.515,1.299,1.754,1.425,1.599,rt,
katwa,2026-07-02,1.496,1.286,1.735,1.405,1.58,rt,
katwa,2026-07-03,1.474,1.276,1.696,1.388,1.559,rt,
katwa,2026-07-04,1.454,1.262,1.673,1.373,1.54,rt,
katwa,2026-07-05,1.434,1.245,1.651,1.351,1.519,rt,
katwa,2026-07-06,1.423,1.231,1.655,1.34,1.517,rt,
katwa,2026-07-07,1.414,1.235,1.641,1.34,1.504,rt,
katwa,2026-07-08,1.409,1.23,1.636,1.332,1.5,rt,
katwa,2026-07-09,1.403,1.219,1.632,1.323,1.494,rt,
katwa,2026-07-10,1.395,1.219,1.609,1.318,1.477,rt,
katwa,2026-07-11,1.386,1.211,1.595,1.312,1.468,rt,
katwa,2026-07-12,1.375,1.201,1.593,1.304,1.461,rt,
katwa,2026-07-13,1.364,1.176,1.586,1.288,1.452,rt,
katwa,2026-07-14,1.347,1.173,1.557,1.28,1.436,rt,
katwa,2026-07-15,1.334,1.162,1.541,1.265,1.416,rt,
katwa,2026-07-16,1.321,1.15,1.522,1.249,1.401,rt,
katwa,2026-07-17,1.307,1.141,1.5,1.241,1.382,rt,
katwa,2026-07-18,1.292,1.122,1.481,1.226,1.366,rt,
katwa,2026-07-19,1.274,1.104,1.466,1.208,1.352,rt,
katwa,2026-07-20,1.266,1.086,1.462,1.19,1.348,rt,
katwa,2026-07-21,1.259,1.091,1.449,1.19,1.337,rt,
katwa,2026-07-22,1.252,1.088,1.439,1.186,1.325,rt,
katwa,2026-07-23,1.247,1.081,1.431,1.18,1.319,rt,
katwa,2026-07-24,1.239,1.079,1.415,1.175,1.309,rt,
katwa,2026-07-25,1.23,1.072,1.4,1.167,1.298,rt,
katwa,2026-07-26,1.218,1.06,1.396,1.154,1.294,rt,
katwa,2026-07-27,1.215,1.043,1.406,1.145,1.3,rt,
katwa,2026-07-28,1.213,1.056,1.398,1.145,1.289,rt,
katwa,2026-07-29,1.209,1.055,1.389,1.145,1.285,rt,
katwa,2026-07-30,1.206,1.048,1.383,1.141,1.284,rt,
katwa,2026-07-31,1.208,1.044,1.376,1.14,1.274,rt,
katwa,2026-08-01,1.204,1.04,1.373,1.136,1.274,rt,
katwa,2026-08-02,1.199,1.022,1.38,1.129,1.274,rt,
katwa,2026-08-03,1.192,1.002,1.389,1.121,1.273,rt,
katwa,2026-08-04,1.187,1.008,1.382,1.12,1.268,rt,
katwa,2026-08-05,1.178,1.014,1.371,1.115,1.261,rt,
katwa,2026-08-06,1.175,1.008,1.371,1.11,1.256,rt,
katwa,2026-08-07,1.172,1.012,1.35,1.102,1.245,rt,
katwa,2026-08-08,1.165,1.004,1.343,1.096,1.236,rt,
katwa,2026-08-09,1.156,0.995,1.337,1.082,1.234,rt,
katwa,2026-08-10,1.135,0.957,1.329,1.052,1.215,rt,
katwa,2026-08-11,1.118,0.951,1.3,1.04,1.187,rt,
katwa,2026-08-12,1.096,0.937,1.275,1.025,1.163,rt,
katwa,2026-08-13,1.073,0.917,1.25,1.005,1.145,rt,
katwa,2026-08-14,1.056,0.899,1.228,0.987,1.12,rt,
katwa,2026-08-15,1.035,0.88,1.209,0.966,1.103,rt,
katwa,2026-08-16,1.013,0.851,1.195,0.944,1.086,rt,
katwa,2026-08-17,0.995,0.822,1.195,0.923,1.074,rt,
katwa,2026-08-18,0.985,0.824,1.176,0.916,1.063,rt,
katwa,2026-08-19,0.973,0.819,1.16,0.909,1.049,rt,
katwa,2026-08-20,0.964,0.801,1.152,0.899,1.035,rt,
katwa,2026-08-21,0.953,0.797,1.129,0.889,1.022,rt,
katwa,2026-08-22,0.941,0.785,1.116,0.875,1.009,rt,
katwa,2026-08-23,0.927,0.766,1.11,0.856,1.002,rt,
katwa,2026-08-24,0.913,0.738,1.116,0.84,0.995,rt,
katwa,2026-08-25,0.897,0.736,1.086,0.831,0.974,rt,
katwa,2026-08-26,0.883,0.731,1.061,0.817,0.957,rt,
katwa,2026-08-27,0.863,0.718,1.037,0.801,0.938,rt,
katwa,2026-08-28,0.846,0.703,1.013,0.784,0.918,rt,
katwa,2026-08-29,0.827,0.682,1.002,0.764,0.899,rt,
katwa,2026-08-30,0.808,0.649,0.991,0.738,0.883,rt,
katwa,2026-08-31,0.774,0.594,0.971,0.698,0.851,rt,
katwa,2026-09-01,0.736,0.571,0.911,0.665,0.803,rt,
katwa,2026-09-02,0.696,0.539,0.862,0.63,0.763,rt,
katwa,2026-09-03,0.659,0.507,0.82,0.595,0.721,rt,
katwa,2026-09-04,0.622,0.469,0.785,0.556,0.684,rt,
katwa,2026-09-05,0.584,0.428,0.754,0.519,0.648,rt,
katwa,2026-09-06,0.551,0.393,0.72,0.483,0.618,rt,
katwa,2026-09-07,0.511,0.354,0.693,0.445,0.585,rt,
katwa,2026-09-08,0.492,0.343,0.665,0.43,0.566,rt,
katwa,2026-09-09,0.476,0.335,0.648,0.417,0.547,rt,
katwa,2026-09-10,0.461,0.321,0.629,0.402,0.531,rt,
katwa,2026-09-11,0.447,0.309,0.618,0.386,0.517,rt,
katwa,2026-09-12,0.432,0.291,0.614,0.369,0.503,rt,
katwa,2026-09-13,0.421,0.274,0.614,0.352,0.492,rt,
katwa,2026-09-14,0.414,0.259,0.62,0.341,0.489,rt,
katwa,2026-09-15,0.416,0.26,0.624,0.341,0.492,rt,
katwa,2026-09-16,0.416,0.256,0.63,0.341,0.495,rt,
katwa,2026-09-17,0.419,0.25,0.648,0.34,0.501,rt,
katwa,2026-09-18,0.422,0.245,0.663,0.341,0.51,rt,
katwa,2026-09-19,0.427,0.241,0.681,0.343,0.52,rt,
katwa,2026-09-20,0.43,0.237,0.708,0.339,0.529,rt,
katwa,2026-09-21,0.44,0.235,0.745,0.342,0.547,rt,
katwa,2026-09-22,0.448,0.24,0.767,0.348,0.56,rt,
katwa,2026-09-23,0.455,0.244,0.797,0.356,0.575,rt,
katwa,2026-09-24,0.468,0.243,0.828,0.364,0.592,rt,
katwa,2026-09-25,0.479,0.247,0.84,0.371,0.61,rt,
katwa,2026-09-26,0.489,0.251,0.868,0.379,0.626,rt,
katwa,2026-09-27,0.499,0.25,0.898,0.388,0.643,rt,
kyondo,2026-06-22,1.701,1.09,2.828,1.411,2.057,rt,
kyondo,2026-06-23,1.672,1.095,2.738,1.413,2.028,rt,
kyondo,2026-06-24,1.661,1.112,2.669,1.403,2.003,rt,
kyondo,2026-06-25,1.65,1.106,2.617,1.397,1.98,rt,
kyondo,2026-06-26,1.636,1.084,2.572,1.385,1.962,rt,
kyondo,2026-06-27,1.622,1.071,2.55,1.364,1.945,rt,
kyondo,2026-06-28,1.597,1.044,2.616,1.345,1.921,rt,
kyondo,2026-06-29,1.555,0.975,2.617,1.299,1.887,rt,
kyondo,2026-06-30,1.507,0.977,2.405,1.267,1.798,rt,
kyondo,2026-07-01,1.452,0.958,2.251,1.236,1.721,rt,
kyondo,2026-07-02,1.402,0.938,2.138,1.194,1.653,rt,
kyondo,2026-07-03,1.357,0.899,2.079,1.157,1.585,rt,
kyondo,2026-07-04,1.315,0.85,2.023,1.116,1.532,rt,
kyondo,2026-07-05,1.274,0.802,1.955,1.069,1.495,rt,
kyondo,2026-07-06,1.238,0.755,1.947,1.03,1.47,rt,
kyondo,2026-07-07,1.209,0.761,1.82,1.014,1.417,rt,
kyondo,2026-07-08,1.176,0.761,1.71,0.994,1.382,rt,
kyondo,2026-07-09,1.152,0.746,1.634,0.978,1.344,rt,
kyondo,2026-07-10,1.123,0.73,1.587,0.955,1.31,rt,
kyondo,2026-07-11,1.101,0.706,1.573,0.929,1.281,rt,
kyondo,2026-07-12,1.07,0.675,1.564,0.9,1.259,rt,
kyondo,2026-07-13,1.04,0.64,1.558,0.867,1.243,rt,
kyondo,2026-07-14,1.017,0.64,1.492,0.861,1.207,rt,
kyondo,2026-07-15,1.003,0.647,1.446,0.847,1.174,rt,
kyondo,2026-07-16,0.979,0.639,1.414,0.829,1.151,rt,
kyondo,2026-07-17,0.962,0.631,1.391,0.813,1.132,rt,
kyondo,2026-07-18,0.948,0.61,1.378,0.793,1.117,rt,
kyondo,2026-07-19,0.931,0.586,1.39,0.774,1.116,rt,
kyondo,2026-07-20,0.918,0.565,1.399,0.752,1.108,rt,
kyondo,2026-07-21,0.916,0.577,1.365,0.758,1.097,rt,
kyondo,2026-07-22,0.916,0.589,1.335,0.761,1.09,rt,
kyondo,2026-07-23,0.918,0.588,1.315,0.761,1.081,rt,
kyondo,2026-07-24,0.908,0.579,1.308,0.758,1.073,rt,
kyondo,2026-07-25,0.911,0.579,1.317,0.756,1.069,rt,
kyondo,2026-07-26,0.91,0.566,1.327,0.754,1.07,rt,
kyondo,2026-07-27,0.917,0.554,1.364,0.752,1.081,rt,
kyondo,2026-07-28,0.931,0.577,1.365,0.771,1.086,rt,
kyondo,2026-07-29,0.942,0.606,1.376,0.795,1.097,rt,
kyondo,2026-07-30,0.956,0.622,1.379,0.811,1.113,rt,
kyondo,2026-07-31,0.975,0.638,1.394,0.828,1.135,rt,
kyondo,2026-08-01,0.993,0.65,1.423,0.845,1.159,rt,
kyondo,2026-08-02,1.015,0.657,1.471,0.857,1.19,rt,
kyondo,2026-08-03,1.029,0.658,1.53,0.867,1.215,rt,
kyondo,2026-08-04,1.054,0.696,1.52,0.896,1.236,rt,
kyondo,2026-08-05,1.086,0.721,1.524,0.924,1.257,rt,
kyondo,2026-08-06,1.114,0.755,1.542,0.953,1.276,rt,
kyondo,2026-08-07,1.137,0.773,1.569,0.977,1.309,rt,
kyondo,2026-08-08,1.164,0.789,1.618,0.993,1.341,rt,
kyondo,2026-08-09,1.187,0.803,1.677,1.011,1.381,rt,
kyondo,2026-08-10,1.2,0.791,1.735,1.018,1.392,rt,
kyondo,2026-08-11,1.222,0.829,1.701,1.048,1.402,rt,
kyondo,2026-08-12,1.241,0.85,1.697,1.07,1.41,rt,
kyondo,2026-08-13,1.259,0.888,1.72,1.091,1.421,rt,
kyondo,2026-08-14,1.268,0.901,1.763,1.111,1.44,rt,
kyondo,2026-08-15,1.282,0.908,1.825,1.129,1.47,rt,
kyondo,2026-08-16,1.297,0.906,1.899,1.139,1.505,rt,
kyondo,2026-08-17,1.318,0.899,1.987,1.142,1.544,rt,
kyondo,2026-08-18,1.35,0.944,1.973,1.178,1.568,rt,
kyondo,2026-08-19,1.374,0.977,2.004,1.204,1.587,rt,
kyondo,2026-08-20,1.399,1.007,1.994,1.223,1.608,rt,
kyondo,2026-08-21,1.427,1.03,2.025,1.243,1.649,rt,
kyondo,2026-08-22,1.445,1.035,2.112,1.269,1.67,rt,
kyondo,2026-08-23,1.465,1.039,2.195,1.28,1.71,rt,
kyondo,2026-08-24,1.491,1.031,2.296,1.286,1.757,rt,
kyondo,2026-08-25,1.501,1.053,2.236,1.304,1.75,rt,
kyondo,2026-08-26,1.503,1.074,2.195,1.312,1.75,rt,
kyondo,2026-08-27,1.511,1.071,2.163,1.318,1.737,rt,
kyondo,2026-08-28,1.516,1.065,2.156,1.31,1.733,rt,
kyondo,2026-08-29,1.515,1.052,2.169,1.295,1.731,rt,
kyondo,2026-08-30,1.503,1.028,2.198,1.28,1.734,rt,
kyondo,2026-08-31,1.455,0.977,2.191,1.232,1.714,rt,
kyondo,2026-09-01,1.395,0.946,2.043,1.19,1.633,rt,
kyondo,2026-09-02,1.333,0.912,1.879,1.139,1.547,rt,
kyondo,2026-09-03,1.277,0.866,1.763,1.085,1.469,rt,
kyondo,2026-09-04,1.211,0.808,1.68,1.035,1.388,rt,
kyondo,2026-09-05,1.144,0.75,1.603,0.975,1.31,rt,
kyondo,2026-09-06,1.076,0.692,1.551,0.913,1.262,rt,
kyondo,2026-09-07,1.011,0.632,1.492,0.841,1.203,rt,
kyondo,2026-09-08,0.966,0.607,1.406,0.803,1.147,rt,
kyondo,2026-09-09,0.923,0.585,1.338,0.768,1.098,rt,
kyondo,2026-09-10,0.882,0.551,1.305,0.733,1.054,rt,
kyondo,2026-09-11,0.847,0.522,1.259,0.702,1.012,rt,
kyondo,2026-09-12,0.813,0.486,1.225,0.67,0.978,rt,
kyondo,2026-09-13,0.781,0.454,1.198,0.63,0.943,rt,
kyondo,2026-09-14,0.758,0.429,1.194,0.608,0.931,rt,
kyondo,2026-09-15,0.745,0.417,1.171,0.603,0.913,rt,
kyondo,2026-09-16,0.735,0.411,1.159,0.597,0.894,rt,
kyondo,2026-09-17,0.722,0.405,1.145,0.588,0.886,rt,
kyondo,2026-09-18,0.713,0.391,1.145,0.585,0.876,rt,
kyondo,2026-09-19,0.708,0.384,1.153,0.573,0.87,rt,
kyondo,2026-09-20,0.699,0.376,1.17,0.56,0.869,rt,
kyondo,2026-09-21,0.705,0.359,1.201,0.556,0.874,rt,
kyondo,2026-09-22,0.708,0.365,1.204,0.56,0.879,rt,
kyondo,2026-09-23,0.714,0.369,1.212,0.563,0.888,rt,
kyondo,2026-09-24,0.724,0.368,1.24,0.558,0.897,rt,
kyondo,2026-09-25,0.729,0.37,1.258,0.558,0.903,rt,
kyondo,2026-09-26,0.735,0.37,1.289,0.558,0.908,rt,
kyondo,2026-09-27,0.745,0.372,1.329,0.564,0.913,rt,
lubero,2026-07-28,1.42,1.182,1.699,1.322,1.522,rt,
lubero,2026-07-29,1.425,1.202,1.7,1.328,1.528,rt,
lubero,2026-07-30,1.432,1.209,1.705,1.337,1.532,rt,
lubero,2026-07-31,1.439,1.214,1.704,1.347,1.54,rt,
lubero,2026-08-01,1.449,1.214,1.709,1.353,1.55,rt,
lubero,2026-08-02,1.458,1.21,1.735,1.352,1.567,rt,
lubero,2026-08-03,1.463,1.2,1.77,1.354,1.582,rt,
lubero,2026-08-04,1.475,1.227,1.757,1.367,1.587,rt,
lubero,2026-08-05,1.489,1.241,1.763,1.382,1.595,rt,
lubero,2026-08-06,1.5,1.26,1.772,1.392,1.606,rt,
lubero,2026-08-07,1.511,1.28,1.782,1.407,1.615,rt,
lubero,2026-08-08,1.52,1.293,1.783,1.417,1.624,rt,
lubero,2026-08-09,1.531,1.29,1.805,1.425,1.639,rt,
lubero,2026-08-10,1.522,1.276,1.805,1.411,1.633,rt,
lubero,2026-08-11,1.516,1.286,1.784,1.412,1.624,rt,
lubero,2026-08-12,1.512,1.288,1.773,1.411,1.612,rt,
lubero,2026-08-13,1.505,1.281,1.763,1.412,1.603,rt,
lubero,2026-08-14,1.501,1.286,1.757,1.411,1.6,rt,
lubero,2026-08-15,1.496,1.28,1.752,1.401,1.596,rt,
lubero,2026-08-16,1.49,1.267,1.757,1.393,1.593,rt,
lubero,2026-08-17,1.492,1.252,1.772,1.393,1.595,rt,
lubero,2026-08-18,1.49,1.258,1.76,1.398,1.594,rt,
lubero,2026-08-19,1.493,1.26,1.758,1.4,1.59,rt,
lubero,2026-08-20,1.494,1.258,1.766,1.397,1.589,rt,
lubero,2026-08-21,1.494,1.265,1.756,1.399,1.589,rt,
lubero,2026-08-22,1.488,1.262,1.757,1.397,1.586,rt,
lubero,2026-08-23,1.486,1.262,1.752,1.39,1.587,rt,
lubero,2026-08-24,1.48,1.25,1.765,1.381,1.588,rt,
lubero,2026-08-25,1.475,1.25,1.753,1.378,1.578,rt,
lubero,2026-08-26,1.466,1.242,1.739,1.37,1.575,rt,
lubero,2026-08-27,1.451,1.23,1.726,1.358,1.563,rt,
lubero,2026-08-28,1.44,1.221,1.695,1.343,1.546,rt,
lubero,2026-08-29,1.423,1.202,1.676,1.324,1.526,rt,
lubero,2026-08-30,1.407,1.177,1.656,1.303,1.505,rt,
lubero,2026-08-31,1.36,1.125,1.617,1.254,1.46,rt,
lubero,2026-09-01,1.306,1.076,1.558,1.208,1.404,rt,
lubero,2026-09-02,1.249,1.026,1.502,1.153,1.348,rt,
lubero,2026-09-03,1.194,0.974,1.448,1.099,1.293,rt,
lubero,2026-09-04,1.137,0.922,1.385,1.044,1.231,rt,
lubero,2026-09-05,1.084,0.863,1.332,0.988,1.176,rt,
lubero,2026-09-06,1.026,0.793,1.285,0.931,1.125,rt,
lubero,2026-09-07,0.966,0.728,1.234,0.869,1.068,rt,
lubero,2026-09-08,0.923,0.696,1.179,0.83,1.02,rt,
lubero,2026-09-09,0.88,0.66,1.137,0.789,0.98,rt,
lubero,2026-09-10,0.842,0.626,1.104,0.75,0.937,rt,
lubero,2026-09-11,0.804,0.595,1.064,0.714,0.905,rt,
lubero,2026-09-12,0.768,0.562,1.031,0.679,0.873,rt,
lubero,2026-09-13,0.735,0.528,1.001,0.648,0.842,rt,
lubero,2026-09-14,0.712,0.496,0.985,0.62,0.822,rt,
lubero,2026-09-15,0.701,0.479,0.975,0.608,0.812,rt,
lubero,2026-09-16,0.69,0.464,0.971,0.598,0.799,rt,
lubero,2026-09-17,0.68,0.453,0.972,0.586,0.791,rt,
lubero,2026-09-18,0.672,0.441,0.969,0.575,0.785,rt,
lubero,2026-09-19,0.662,0.428,0.962,0.561,0.78,rt,
lubero,2026-09-20,0.657,0.413,0.964,0.548,0.778,rt,
lubero,2026-09-21,0.659,0.405,0.981,0.542,0.782,rt,
lubero,2026-09-22,0.663,0.411,0.993,0.543,0.786,rt,
lubero,2026-09-23,0.666,0.411,1.011,0.548,0.794,rt,
lubero,2026-09-24,0.669,0.409,1.033,0.545,0.803,rt,
lubero,2026-09-25,0.672,0.411,1.025,0.549,0.802,rt,
lubero,2026-09-26,0.675,0.406,1.02,0.551,0.804,rt,
lubero,2026-09-27,0.677,0.407,1.03,0.555,0.805,rt,
mabalako,2026-08-10,2.228,1.519,3.451,1.926,2.6,rt,
mabalako,2026-08-11,2.214,1.564,3.301,1.93,2.552,rt,
mabalako,2026-08-12,2.197,1.577,3.229,1.925,2.535,rt,
mabalako,2026-08-13,2.181,1.588,3.129,1.914,2.515,rt,
mabalako,2026-08-14,2.178,1.586,3.086,1.903,2.511,rt,
mabalako,2026-08-15,2.173,1.564,3.078,1.888,2.508,rt,
mabalako,2026-08-16,2.174,1.523,3.123,1.864,2.51,rt,
mabalako,2026-08-17,2.171,1.486,3.194,1.849,2.53,rt,
mabalako,2026-08-18,2.164,1.536,3.068,1.855,2.471,rt,
mabalako,2026-08-19,2.162,1.56,2.995,1.874,2.445,rt,
mabalako,2026-08-20,2.139,1.566,2.936,1.872,2.425,rt,
mabalako,2026-08-21,2.121,1.556,2.937,1.861,2.413,rt,
mabalako,2026-08-22,2.11,1.542,2.919,1.842,2.401,rt,
mabalako,2026-08-23,2.094,1.503,2.993,1.817,2.412,rt,
mabalako,2026-08-24,2.088,1.446,3.036,1.792,2.432,rt,
mabalako,2026-08-25,2.087,1.486,2.925,1.81,2.393,rt,
mabalako,2026-08-26,2.076,1.51,2.845,1.816,2.377,rt,
mabalako,2026-08-27,2.067,1.514,2.796,1.813,2.357,rt,
mabalako,2026-08-28,2.045,1.494,2.761,1.804,2.332,rt,
mabalako,2026-08-29,2.026,1.468,2.803,1.786,2.318,rt,
mabalako,2026-08-30,2.012,1.451,2.822,1.768,2.301,rt,
mabalako,2026-08-31,1.944,1.373,2.799,1.69,2.251,rt,
mabalako,2026-09-01,1.906,1.37,2.671,1.666,2.174,rt,
mabalako,2026-09-02,1.863,1.356,2.56,1.641,2.105,rt,
mabalako,2026-09-03,1.813,1.307,2.46,1.589,2.04,rt,
mabalako,2026-09-04,1.752,1.254,2.37,1.538,1.98,rt,
mabalako,2026-09-05,1.689,1.187,2.297,1.475,1.925,rt,
mabalako,2026-09-06,1.632,1.13,2.251,1.411,1.873,rt,
mabalako,2026-09-07,1.556,1.053,2.198,1.329,1.803,rt,
mabalako,2026-09-08,1.495,1.009,2.063,1.277,1.712,rt,
mabalako,2026-09-09,1.43,0.955,1.97,1.217,1.629,rt,
mabalako,2026-09-10,1.368,0.908,1.873,1.163,1.553,rt,
mabalako,2026-09-11,1.312,0.857,1.789,1.108,1.485,rt,
mabalako,2026-09-12,1.251,0.803,1.748,1.051,1.429,rt,
mabalako,2026-09-13,1.192,0.753,1.711,0.999,1.377,rt,
mabalako,2026-09-14,1.148,0.713,1.71,0.955,1.345,rt,
mabalako,2026-09-15,1.118,0.695,1.652,0.933,1.311,rt,
mabalako,2026-09-16,1.084,0.674,1.595,0.904,1.279,rt,
mabalako,2026-09-17,1.059,0.653,1.57,0.877,1.251,rt,
mabalako,2026-09-18,1.034,0.624,1.56,0.853,1.22,rt,
mabalako,2026-09-19,1.003,0.606,1.554,0.828,1.192,rt,
mabalako,2026-09-20,0.977,0.582,1.582,0.799,1.17,rt,
mabalako,2026-09-21,0.963,0.559,1.615,0.786,1.168,rt,
mabalako,2026-09-22,0.955,0.565,1.575,0.776,1.157,rt,
mabalako,2026-09-23,0.951,0.557,1.571,0.767,1.145,rt,
mabalako,2026-09-24,0.933,0.547,1.558,0.758,1.143,rt,
mabalako,2026-09-25,0.921,0.541,1.533,0.752,1.131,rt,
mabalako,2026-09-26,0.914,0.527,1.52,0.747,1.119,rt,
mabalako,2026-09-27,0.905,0.52,1.527,0.736,1.112,rt,
manguredjipa,2026-08-13,1.52,1.287,1.825,1.415,1.636,rt,
manguredjipa,2026-08-14,1.517,1.285,1.812,1.414,1.628,rt,
manguredjipa,2026-08-15,1.508,1.284,1.813,1.409,1.623,rt,
manguredjipa,2026-08-16,1.503,1.275,1.823,1.397,1.617,rt,
manguredjipa,2026-08-17,1.503,1.263,1.828,1.392,1.621,rt,
manguredjipa,2026-08-18,1.51,1.273,1.829,1.403,1.622,rt,
manguredjipa,2026-08-19,1.515,1.269,1.825,1.406,1.627,rt,
manguredjipa,2026-08-20,1.516,1.27,1.828,1.411,1.626,rt,
manguredjipa,2026-08-21,1.517,1.275,1.822,1.417,1.629,rt,
manguredjipa,2026-08-22,1.521,1.279,1.814,1.419,1.628,rt,
manguredjipa,2026-08-23,1.52,1.281,1.81,1.416,1.63,rt,
manguredjipa,2026-08-24,1.522,1.276,1.812,1.414,1.631,rt,
manguredjipa,2026-08-25,1.526,1.281,1.808,1.418,1.634,rt,
manguredjipa,2026-08-26,1.527,1.276,1.815,1.419,1.634,rt,
manguredjipa,2026-08-27,1.524,1.272,1.821,1.415,1.633,rt,
manguredjipa,2026-08-28,1.52,1.276,1.82,1.414,1.625,rt,
manguredjipa,2026-08-29,1.515,1.269,1.813,1.409,1.622,rt,
manguredjipa,2026-08-30,1.503,1.259,1.804,1.397,1.614,rt,
manguredjipa,2026-08-31,1.463,1.219,1.765,1.355,1.576,rt,
manguredjipa,2026-09-01,1.421,1.184,1.722,1.317,1.533,rt,
manguredjipa,2026-09-02,1.379,1.132,1.684,1.272,1.491,rt,
manguredjipa,2026-09-03,1.333,1.085,1.644,1.228,1.449,rt,
manguredjipa,2026-09-04,1.282,1.046,1.588,1.184,1.399,rt,
manguredjipa,2026-09-05,1.24,0.996,1.534,1.136,1.349,rt,
manguredjipa,2026-09-06,1.191,0.948,1.48,1.089,1.3,rt,
manguredjipa,2026-09-07,1.138,0.894,1.42,1.032,1.249,rt,
manguredjipa,2026-09-08,1.096,0.856,1.366,0.992,1.202,rt,
manguredjipa,2026-09-09,1.053,0.821,1.329,0.953,1.159,rt,
manguredjipa,2026-09-10,1.013,0.787,1.278,0.916,1.117,rt,
manguredjipa,2026-09-11,0.979,0.757,1.235,0.884,1.082,rt,
manguredjipa,2026-09-12,0.944,0.718,1.196,0.852,1.047,rt,
manguredjipa,2026-09-13,0.911,0.688,1.161,0.818,1.013,rt,
manguredjipa,2026-09-14,0.892,0.663,1.143,0.795,0.997,rt,
manguredjipa,2026-09-15,0.88,0.647,1.131,0.781,0.979,rt,
manguredjipa,2026-09-16,0.868,0.632,1.125,0.767,0.969,rt,
manguredjipa,2026-09-17,0.852,0.612,1.12,0.751,0.961,rt,
manguredjipa,2026-09-18,0.84,0.606,1.108,0.738,0.946,rt,
manguredjipa,2026-09-19,0.83,0.589,1.104,0.726,0.941,rt,
manguredjipa,2026-09-20,0.82,0.577,1.099,0.711,0.934,rt,
manguredjipa,2026-09-21,0.817,0.569,1.104,0.705,0.939,rt,
manguredjipa,2026-09-22,0.816,0.572,1.117,0.709,0.942,rt,
manguredjipa,2026-09-23,0.817,0.569,1.129,0.707,0.946,rt,
manguredjipa,2026-09-24,0.82,0.568,1.151,0.701,0.95,rt,
manguredjipa,2026-09-25,0.821,0.571,1.142,0.705,0.947,rt,
manguredjipa,2026-09-26,0.822,0.574,1.129,0.708,0.941,rt,
manguredjipa,2026-09-27,0.819,0.575,1.118,0.71,0.936,rt,
masereka,2026-07-20,1.367,1.159,1.617,1.281,1.468,rt,
masereka,2026-07-21,1.368,1.167,1.602,1.287,1.464,rt,
masereka,2026-07-22,1.366,1.171,1.594,1.287,1.465,rt,
masereka,2026-07-23,1.369,1.171,1.598,1.288,1.464,rt,
masereka,2026-07-24,1.373,1.18,1.593,1.29,1.459,rt,
masereka,2026-07-25,1.372,1.18,1.599,1.293,1.458,rt,
masereka,2026-07-26,1.37,1.173,1.603,1.288,1.458,rt,
masereka,2026-07-27,1.376,1.169,1.614,1.29,1.472,rt,
masereka,2026-07-28,1.388,1.184,1.622,1.304,1.479,rt,
masereka,2026-07-29,1.398,1.194,1.633,1.317,1.487,rt,
masereka,2026-07-30,1.408,1.201,1.641,1.323,1.499,rt,
masereka,2026-07-31,1.418,1.218,1.649,1.336,1.507,rt,
masereka,2026-08-01,1.429,1.227,1.658,1.344,1.518,rt,
masereka,2026-08-02,1.441,1.231,1.68,1.351,1.53,rt,
masereka,2026-08-03,1.448,1.228,1.704,1.356,1.55,rt,
masereka,2026-08-04,1.461,1.251,1.708,1.373,1.561,rt,
masereka,2026-08-05,1.476,1.267,1.715,1.387,1.571,rt,
masereka,2026-08-06,1.49,1.28,1.733,1.397,1.588,rt,
masereka,2026-08-07,1.502,1.303,1.733,1.413,1.596,rt,
masereka,2026-08-08,1.513,1.314,1.745,1.427,1.607,rt,
masereka,2026-08-09,1.519,1.318,1.765,1.438,1.615,rt,
masereka,2026-08-10,1.51,1.312,1.765,1.427,1.609,rt,
masereka,2026-08-11,1.506,1.315,1.754,1.423,1.6,rt,
masereka,2026-08-12,1.5,1.308,1.747,1.419,1.597,rt,
masereka,2026-08-13,1.494,1.299,1.746,1.412,1.596,rt,
masereka,2026-08-14,1.488,1.298,1.725,1.409,1.584,rt,
masereka,2026-08-15,1.481,1.293,1.727,1.402,1.574,rt,
masereka,2026-08-16,1.475,1.285,1.725,1.391,1.57,rt,
masereka,2026-08-17,1.475,1.281,1.733,1.388,1.573,rt,
masereka,2026-08-18,1.481,1.278,1.731,1.394,1.576,rt,
masereka,2026-08-19,1.483,1.272,1.73,1.395,1.575,rt,
masereka,2026-08-20,1.485,1.266,1.735,1.395,1.576,rt,
masereka,2026-08-21,1.484,1.277,1.726,1.395,1.573,rt,
masereka,2026-08-22,1.48,1.277,1.722,1.394,1.571,rt,
masereka,2026-08-23,1.478,1.276,1.715,1.391,1.569,rt,
masereka,2026-08-24,1.475,1.271,1.724,1.388,1.571,rt,
masereka,2026-08-25,1.474,1.272,1.717,1.386,1.567,rt,
masereka,2026-08-26,1.469,1.267,1.707,1.381,1.563,rt,
masereka,2026-08-27,1.462,1.253,1.701,1.371,1.556,rt,
masereka,2026-08-28,1.449,1.25,1.686,1.361,1.545,rt,
masereka,2026-08-29,1.435,1.239,1.676,1.352,1.53,rt,
masereka,2026-08-30,1.422,1.221,1.667,1.337,1.517,rt,
masereka,2026-08-31,1.378,1.17,1.626,1.294,1.476,rt,
masereka,2026-09-01,1.33,1.128,1.566,1.246,1.427,rt,
masereka,2026-09-02,1.279,1.077,1.517,1.196,1.376,rt,
masereka,2026-09-03,1.23,1.022,1.47,1.146,1.326,rt,
masereka,2026-09-04,1.179,0.974,1.406,1.098,1.272,rt,
masereka,2026-09-05,1.129,0.928,1.352,1.047,1.218,rt,
masereka,2026-09-06,1.075,0.874,1.303,0.993,1.167,rt,
masereka,2026-09-07,1.021,0.809,1.251,0.932,1.114,rt,
masereka,2026-09-08,0.979,0.773,1.203,0.89,1.069,rt,
masereka,2026-09-09,0.935,0.738,1.168,0.848,1.029,rt,
masereka,2026-09-10,0.898,0.698,1.135,0.809,0.992,rt,
masereka,2026-09-11,0.861,0.664,1.092,0.773,0.956,rt,
masereka,2026-09-12,0.827,0.63,1.061,0.739,0.924,rt,
masereka,2026-09-13,0.794,0.589,1.038,0.706,0.892,rt,
masereka,2026-09-14,0.772,0.565,1.03,0.68,0.872,rt,
masereka,2026-09-15,0.761,0.555,1.024,0.669,0.857,rt,
masereka,2026-09-16,0.748,0.541,1.021,0.656,0.846,rt,
masereka,2026-09-17,0.737,0.524,1.015,0.643,0.842,rt,
masereka,2026-09-18,0.727,0.51,1.002,0.629,0.832,rt,
masereka,2026-09-19,0.718,0.499,0.998,0.616,0.822,rt,
masereka,2026-09-20,0.708,0.488,0.994,0.607,0.817,rt,
masereka,2026-09-21,0.711,0.479,1.014,0.604,0.827,rt,
masereka,2026-09-22,0.713,0.478,1.029,0.605,0.833,rt,
masereka,2026-09-23,0.716,0.475,1.045,0.606,0.839,rt,
masereka,2026-09-24,0.72,0.47,1.063,0.607,0.845,rt,
masereka,2026-09-25,0.722,0.477,1.053,0.611,0.845,rt,
masereka,2026-09-26,0.721,0.481,1.048,0.614,0.848,rt,
masereka,2026-09-27,0.726,0.48,1.046,0.616,0.851,rt,
musienene,2026-06-18,2.481,1.74,3.728,2.123,2.932,rt,
musienene,2026-06-19,2.502,1.725,3.699,2.128,2.928,rt,
musienene,2026-06-20,2.527,1.704,3.779,2.129,2.938,rt,
musienene,2026-06-21,2.504,1.681,3.879,2.105,2.994,rt,
musienene,2026-06-22,2.538,1.662,4.076,2.102,3.059,rt,
musienene,2026-06-23,2.524,1.699,3.902,2.131,3.01,rt,
musienene,2026-06-24,2.516,1.722,3.743,2.146,2.943,rt,
musienene,2026-06-25,2.514,1.723,3.715,2.154,2.914,rt,
musienene,2026-06-26,2.487,1.725,3.599,2.149,2.867,rt,
musienene,2026-06-27,2.467,1.709,3.586,2.126,2.851,rt,
musienene,2026-06-28,2.434,1.655,3.61,2.085,2.857,rt,
musienene,2026-06-29,2.385,1.552,3.589,1.999,2.827,rt,
musienene,2026-06-30,2.292,1.558,3.324,1.954,2.688,rt,
musienene,2026-07-01,2.208,1.543,3.152,1.892,2.557,rt,
musienene,2026-07-02,2.118,1.506,2.985,1.83,2.444,rt,
musienene,2026-07-03,2.029,1.461,2.861,1.764,2.344,rt,
musienene,2026-07-04,1.943,1.389,2.784,1.694,2.258,rt,
musienene,2026-07-05,1.863,1.297,2.744,1.622,2.175,rt,
musienene,2026-07-06,1.803,1.213,2.717,1.559,2.124,rt,
musienene,2026-07-07,1.753,1.23,2.551,1.533,2.035,rt,
musienene,2026-07-08,1.716,1.227,2.398,1.506,1.952,rt,
musienene,2026-07-09,1.668,1.21,2.31,1.474,1.891,rt,
musienene,2026-07-10,1.622,1.178,2.207,1.427,1.827,rt,
musienene,2026-07-11,1.575,1.131,2.151,1.382,1.777,rt,
musienene,2026-07-12,1.528,1.062,2.132,1.336,1.756,rt,
musienene,2026-07-13,1.469,0.978,2.134,1.273,1.733,rt,
musienene,2026-07-14,1.438,1.002,2.017,1.257,1.662,rt,
musienene,2026-07-15,1.405,0.996,1.91,1.236,1.606,rt,
musienene,2026-07-16,1.366,0.982,1.854,1.207,1.562,rt,
musienene,2026-07-17,1.336,0.962,1.814,1.176,1.517,rt,
musienene,2026-07-18,1.301,0.914,1.794,1.138,1.489,rt,
musienene,2026-07-19,1.267,0.86,1.8,1.095,1.466,rt,
musienene,2026-07-20,1.242,0.807,1.822,1.059,1.454,rt,
musienene,2026-07-21,1.219,0.826,1.72,1.06,1.406,rt,
musienene,2026-07-22,1.201,0.836,1.625,1.056,1.37,rt,
musienene,2026-07-23,1.181,0.831,1.58,1.042,1.334,rt,
musienene,2026-07-24,1.166,0.816,1.542,1.021,1.314,rt,
musienene,2026-07-25,1.145,0.79,1.529,0.993,1.295,rt,
musienene,2026-07-26,1.124,0.756,1.541,0.962,1.287,rt,
musienene,2026-07-27,1.106,0.719,1.576,0.937,1.295,rt,
musienene,2026-07-28,1.111,0.746,1.518,0.956,1.274,rt,
musienene,2026-07-29,1.114,0.77,1.503,0.97,1.259,rt,
musienene,2026-07-30,1.113,0.791,1.489,0.971,1.253,rt,
musienene,2026-07-31,1.112,0.796,1.493,0.973,1.248,rt,
musienene,2026-08-01,1.11,0.791,1.515,0.963,1.262,rt,
musienene,2026-08-02,1.109,0.768,1.549,0.953,1.272,rt,
musienene,2026-08-03,1.107,0.74,1.614,0.938,1.289,rt,
musienene,2026-08-04,1.116,0.773,1.563,0.96,1.28,rt,
musienene,2026-08-05,1.118,0.804,1.542,0.978,1.278,rt,
musienene,2026-08-06,1.128,0.817,1.525,0.989,1.28,rt,
musienene,2026-08-07,1.134,0.827,1.513,0.994,1.284,rt,
musienene,2026-08-08,1.139,0.816,1.536,1.002,1.293,rt,
musienene,2026-08-09,1.141,0.797,1.588,1.002,1.314,rt,
musienene,2026-08-10,1.132,0.758,1.631,0.981,1.319,rt,
musienene,2026-08-11,1.138,0.798,1.58,0.998,1.298,rt,
musienene,2026-08-12,1.14,0.826,1.537,1.014,1.283,rt,
musienene,2026-08-13,1.141,0.845,1.525,1.014,1.283,rt,
musienene,2026-08-14,1.148,0.846,1.521,1.011,1.286,rt,
musienene,2026-08-15,1.146,0.837,1.528,1.008,1.295,rt,
musienene,2026-08-16,1.147,0.81,1.58,1.0,1.311,rt,
musienene,2026-08-17,1.149,0.777,1.655,0.996,1.331,rt,
musienene,2026-08-18,1.153,0.814,1.606,1.007,1.314,rt,
musienene,2026-08-19,1.155,0.839,1.571,1.008,1.303,rt,
musienene,2026-08-20,1.157,0.853,1.556,1.01,1.303,rt,
musienene,2026-08-21,1.151,0.85,1.56,1.004,1.304,rt,
musienene,2026-08-22,1.146,0.827,1.58,0.998,1.312,rt,
musienene,2026-08-23,1.139,0.8,1.607,0.987,1.328,rt,
musienene,2026-08-24,1.134,0.766,1.672,0.972,1.338,rt,
musienene,2026-08-25,1.116,0.776,1.588,0.968,1.296,rt,
musienene,2026-08-26,1.088,0.776,1.5,0.95,1.256,rt,
musienene,2026-08-27,1.068,0.775,1.445,0.937,1.219,rt,
musienene,2026-08-28,1.038,0.756,1.419,0.911,1.184,rt,
musienene,2026-08-29,1.015,0.727,1.404,0.88,1.165,rt,
musienene,2026-08-30,0.988,0.675,1.395,0.845,1.145,rt,
musienene,2026-08-31,0.944,0.612,1.374,0.793,1.103,rt,
musienene,2026-09-01,0.888,0.576,1.242,0.756,1.018,rt,
musienene,2026-09-02,0.823,0.546,1.135,0.712,0.949,rt,
musienene,2026-09-03,0.769,0.516,1.059,0.662,0.884,rt,
musienene,2026-09-04,0.714,0.468,0.995,0.608,0.826,rt,
musienene,2026-09-05,0.664,0.421,0.956,0.559,0.776,rt,
musienene,2026-09-06,0.614,0.372,0.916,0.507,0.732,rt,
musienene,2026-09-07,0.561,0.322,0.886,0.459,0.686,rt,
musienene,2026-09-08,0.534,0.314,0.832,0.443,0.65,rt,
musienene,2026-09-09,0.509,0.296,0.79,0.42,0.615,rt,
musienene,2026-09-10,0.486,0.282,0.754,0.397,0.588,rt,
musienene,2026-09-11,0.466,0.259,0.733,0.377,0.568,rt,
musienene,2026-09-12,0.446,0.24,0.719,0.353,0.551,rt,
musienene,2026-09-13,0.427,0.222,0.708,0.332,0.534,rt,
musienene,2026-09-14,0.418,0.204,0.707,0.319,0.526,rt,
musienene,2026-09-15,0.414,0.207,0.699,0.315,0.523,rt,
musienene,2026-09-16,0.411,0.205,0.711,0.313,0.525,rt,
musienene,2026-09-17,0.41,0.199,0.716,0.312,0.526,rt,
musienene,2026-09-18,0.413,0.197,0.73,0.311,0.535,rt,
musienene,2026-09-19,0.411,0.191,0.752,0.309,0.544,rt,
musienene,2026-09-20,0.413,0.182,0.77,0.309,0.547,rt,
musienene,2026-09-21,0.421,0.179,0.822,0.311,0.567,rt,
musienene,2026-09-22,0.431,0.187,0.826,0.314,0.579,rt,
musienene,2026-09-23,0.441,0.189,0.861,0.322,0.593,rt,
musienene,2026-09-24,0.448,0.192,0.898,0.33,0.608,rt,
musienene,2026-09-25,0.458,0.197,0.934,0.336,0.624,rt,
musienene,2026-09-26,0.465,0.197,0.966,0.342,0.641,rt,
musienene,2026-09-27,0.474,0.196,1.008,0.347,0.66,rt,
mutwanga,2026-08-21,1.808,1.52,2.175,1.679,1.946,rt,
mutwanga,2026-08-22,1.807,1.518,2.169,1.682,1.94,rt,
mutwanga,2026-08-23,1.801,1.512,2.16,1.678,1.936,rt,
mutwanga,2026-08-24,1.797,1.507,2.171,1.676,1.934,rt,
mutwanga,2026-08-25,1.807,1.528,2.158,1.692,1.943,rt,
mutwanga,2026-08-26,1.817,1.533,2.162,1.699,1.95,rt,
mutwanga,2026-08-27,1.82,1.531,2.169,1.707,1.96,rt,
mutwanga,2026-08-28,1.823,1.556,2.159,1.708,1.956,rt,
mutwanga,2026-08-29,1.818,1.559,2.16,1.708,1.958,rt,
mutwanga,2026-08-30,1.816,1.558,2.158,1.698,1.954,rt,
mutwanga,2026-08-31,1.774,1.516,2.106,1.655,1.907,rt,
mutwanga,2026-09-01,1.74,1.483,2.073,1.624,1.868,rt,
mutwanga,2026-09-02,1.706,1.442,2.039,1.589,1.829,rt,
mutwanga,2026-09-03,1.664,1.399,1.997,1.545,1.784,rt,
mutwanga,2026-09-04,1.617,1.363,1.937,1.504,1.736,rt,
mutwanga,2026-09-05,1.564,1.322,1.877,1.459,1.687,rt,
mutwanga,2026-09-06,1.513,1.276,1.819,1.411,1.633,rt,
mutwanga,2026-09-07,1.45,1.219,1.748,1.349,1.575,rt,
mutwanga,2026-09-08,1.396,1.169,1.688,1.295,1.513,rt,
mutwanga,2026-09-09,1.34,1.121,1.624,1.239,1.45,rt,
mutwanga,2026-09-10,1.289,1.068,1.57,1.189,1.395,rt,
mutwanga,2026-09-11,1.238,1.022,1.517,1.14,1.338,rt,
mutwanga,2026-09-12,1.189,0.969,1.469,1.095,1.289,rt,
mutwanga,2026-09-13,1.142,0.922,1.414,1.051,1.241,rt,
mutwanga,2026-09-14,1.112,0.89,1.385,1.015,1.21,rt,
mutwanga,2026-09-15,1.083,0.857,1.362,0.985,1.186,rt,
mutwanga,2026-09-16,1.056,0.826,1.347,0.957,1.16,rt,
mutwanga,2026-09-17,1.031,0.794,1.322,0.928,1.137,rt,
mutwanga,2026-09-18,1.004,0.769,1.296,0.905,1.113,rt,
mutwanga,2026-09-19,0.983,0.745,1.276,0.882,1.091,rt,
mutwanga,2026-09-20,0.96,0.726,1.26,0.858,1.072,rt,
mutwanga,2026-09-21,0.952,0.714,1.257,0.845,1.069,rt,
mutwanga,2026-09-22,0.947,0.703,1.261,0.838,1.064,rt,
mutwanga,2026-09-23,0.94,0.692,1.266,0.83,1.064,rt,
mutwanga,2026-09-24,0.936,0.684,1.272,0.82,1.068,rt,
mutwanga,2026-09-25,0.93,0.689,1.237,0.819,1.054,rt,
mutwanga,2026-09-26,0.922,0.694,1.211,0.819,1.039,rt,
mutwanga,2026-09-27,0.915,0.694,1.188,0.82,1.021,rt,
oicha,2026-07-22,1.464,1.128,1.986,1.306,1.646,rt,
oicha,2026-07-23,1.482,1.161,1.997,1.329,1.664,rt,
oicha,2026-07-24,1.503,1.167,2.035,1.351,1.679,rt,
oicha,2026-07-25,1.521,1.172,2.081,1.364,1.702,rt,
oicha,2026-07-26,1.529,1.171,2.126,1.37,1.735,rt,
oicha,2026-07-27,1.552,1.167,2.221,1.379,1.77,rt,
oicha,2026-07-28,1.57,1.199,2.18,1.415,1.788,rt,
oicha,2026-07-29,1.6,1.235,2.164,1.443,1.802,rt,
oicha,2026-07-30,1.622,1.263,2.163,1.469,1.818,rt,
oicha,2026-07-31,1.642,1.298,2.192,1.486,1.842,rt,
oicha,2026-08-01,1.667,1.304,2.241,1.507,1.864,rt,
oicha,2026-08-02,1.696,1.306,2.325,1.517,1.894,rt,
oicha,2026-08-03,1.715,1.295,2.392,1.53,1.925,rt,
oicha,2026-08-04,1.737,1.354,2.361,1.568,1.942,rt,
oicha,2026-08-05,1.76,1.389,2.324,1.594,1.958,rt,
oicha,2026-08-06,1.779,1.421,2.327,1.622,1.978,rt,
oicha,2026-08-07,1.802,1.444,2.349,1.645,1.987,rt,
oicha,2026-08-08,1.818,1.47,2.383,1.66,2.008,rt,
oicha,2026-08-09,1.835,1.475,2.449,1.671,2.036,rt,
oicha,2026-08-10,1.822,1.454,2.469,1.654,2.052,rt,
oicha,2026-08-11,1.823,1.465,2.413,1.665,2.038,rt,
oicha,2026-08-12,1.825,1.477,2.361,1.665,2.019,rt,
oicha,2026-08-13,1.824,1.482,2.343,1.666,2.009,rt,
oicha,2026-08-14,1.822,1.474,2.321,1.667,1.99,rt,
oicha,2026-08-15,1.811,1.467,2.322,1.656,1.982,rt,
oicha,2026-08-16,1.8,1.456,2.307,1.645,1.979,rt,
oicha,2026-08-17,1.798,1.445,2.323,1.637,1.986,rt,
oicha,2026-08-18,1.806,1.466,2.278,1.65,1.977,rt,
oicha,2026-08-19,1.813,1.488,2.251,1.658,1.976,rt,
oicha,2026-08-20,1.81,1.494,2.223,1.658,1.971,rt,
oicha,2026-08-21,1.808,1.505,2.222,1.67,1.963,rt,
oicha,2026-08-22,1.806,1.506,2.204,1.674,1.954,rt,
oicha,2026-08-23,1.801,1.5,2.208,1.667,1.947,rt,
oicha,2026-08-24,1.796,1.49,2.232,1.667,1.946,rt,
oicha,2026-08-25,1.81,1.512,2.222,1.679,1.957,rt,
oicha,2026-08-26,1.822,1.523,2.217,1.696,1.965,rt,
oicha,2026-08-27,1.829,1.522,2.209,1.699,1.971,rt,
oicha,2026-08-28,1.829,1.536,2.207,1.708,1.975,rt,
oicha,2026-08-29,1.832,1.542,2.216,1.703,1.976,rt,
oicha,2026-08-30,1.826,1.548,2.219,1.698,1.973,rt,
oicha,2026-08-31,1.782,1.504,2.187,1.66,1.927,rt,
oicha,2026-09-01,1.751,1.475,2.136,1.63,1.891,rt,
oicha,2026-09-02,1.718,1.442,2.087,1.594,1.854,rt,
oicha,2026-09-03,1.675,1.398,2.054,1.553,1.814,rt,
oicha,2026-09-04,1.628,1.363,1.989,1.513,1.766,rt,
oicha,2026-09-05,1.582,1.32,1.929,1.467,1.716,rt,
oicha,2026-09-06,1.531,1.278,1.869,1.421,1.661,rt,
oicha,2026-09-07,1.47,1.22,1.8,1.362,1.595,rt,
oicha,2026-09-08,1.418,1.171,1.721,1.306,1.533,rt,
oicha,2026-09-09,1.36,1.115,1.654,1.251,1.471,rt,
oicha,2026-09-10,1.305,1.066,1.597,1.199,1.413,rt,
oicha,2026-09-11,1.256,1.023,1.545,1.151,1.358,rt,
oicha,2026-09-12,1.204,0.975,1.49,1.101,1.306,rt,
oicha,2026-09-13,1.156,0.928,1.449,1.058,1.258,rt,
oicha,2026-09-14,1.124,0.886,1.418,1.02,1.225,rt,
oicha,2026-09-15,1.093,0.856,1.389,0.992,1.2,rt,
oicha,2026-09-16,1.067,0.83,1.367,0.966,1.172,rt,
oicha,2026-09-17,1.04,0.798,1.341,0.938,1.151,rt,
oicha,2026-09-18,1.013,0.778,1.308,0.913,1.127,rt,
oicha,2026-09-19,0.99,0.755,1.282,0.889,1.103,rt,
oicha,2026-09-20,0.968,0.73,1.264,0.862,1.081,rt,
oicha,2026-09-21,0.96,0.722,1.265,0.85,1.079,rt,
oicha,2026-09-22,0.954,0.712,1.271,0.841,1.077,rt,
oicha,2026-09-23,0.95,0.701,1.278,0.833,1.08,rt,
oicha,2026-09-24,0.942,0.688,1.28,0.824,1.081,rt,
oicha,2026-09-25,0.934,0.694,1.252,0.824,1.065,rt,
oicha,2026-09-26,0.929,0.701,1.226,0.823,1.049,rt,
oicha,2026-09-27,0.921,0.704,1.2,0.821,1.034,rt,
vuhovi,2026-07-20,1.402,1.181,1.677,1.309,1.507,rt,
vuhovi,2026-07-21,1.41,1.19,1.672,1.318,1.509,rt,
vuhovi,2026-07-22,1.414,1.201,1.666,1.324,1.515,rt,
vuhovi,2026-07-23,1.419,1.205,1.672,1.328,1.52,rt,
vuhovi,2026-07-24,1.422,1.218,1.677,1.336,1.517,rt,
vuhovi,2026-07-25,1.426,1.22,1.683,1.339,1.52,rt,
vuhovi,2026-07-26,1.429,1.218,1.692,1.338,1.527,rt,
vuhovi,2026-07-27,1.439,1.219,1.729,1.342,1.541,rt,
vuhovi,2026-07-28,1.45,1.241,1.718,1.36,1.552,rt,
vuhovi,2026-07-29,1.462,1.253,1.728,1.372,1.556,rt,
vuhovi,2026-07-30,1.475,1.261,1.741,1.383,1.568,rt,
vuhovi,2026-07-31,1.487,1.28,1.753,1.394,1.579,rt,
vuhovi,2026-08-01,1.495,1.291,1.762,1.405,1.594,rt,
vuhovi,2026-08-02,1.507,1.298,1.777,1.414,1.612,rt,
vuhovi,2026-08-03,1.516,1.301,1.809,1.424,1.628,rt,
vuhovi,2026-08-04,1.532,1.321,1.811,1.439,1.637,rt,
vuhovi,2026-08-05,1.545,1.332,1.82,1.458,1.65,rt,
vuhovi,2026-08-06,1.56,1.347,1.837,1.472,1.666,rt,
vuhovi,2026-08-07,1.572,1.371,1.836,1.49,1.674,rt,
vuhovi,2026-08-08,1.584,1.384,1.853,1.498,1.685,rt,
vuhovi,2026-08-09,1.593,1.393,1.877,1.507,1.695,rt,
vuhovi,2026-08-10,1.586,1.374,1.887,1.494,1.689,rt,
vuhovi,2026-08-11,1.581,1.376,1.875,1.494,1.68,rt,
vuhovi,2026-08-12,1.577,1.378,1.865,1.489,1.678,rt,
vuhovi,2026-08-13,1.568,1.368,1.851,1.481,1.673,rt,
vuhovi,2026-08-14,1.564,1.362,1.83,1.475,1.663,rt,
vuhovi,2026-08-15,1.558,1.352,1.823,1.471,1.655,rt,
vuhovi,2026-08-16,1.551,1.342,1.825,1.457,1.644,rt,
vuhovi,2026-08-17,1.55,1.334,1.833,1.453,1.648,rt,
vuhovi,2026-08-18,1.555,1.34,1.824,1.458,1.652,rt,
vuhovi,2026-08-19,1.552,1.339,1.812,1.462,1.654,rt,
vuhovi,2026-08-20,1.551,1.333,1.816,1.459,1.656,rt,
vuhovi,2026-08-21,1.557,1.343,1.805,1.461,1.65,rt,
vuhovi,2026-08-22,1.555,1.346,1.802,1.461,1.648,rt,
vuhovi,2026-08-23,1.552,1.341,1.794,1.457,1.643,rt,
vuhovi,2026-08-24,1.547,1.335,1.793,1.451,1.644,rt,
vuhovi,2026-08-25,1.547,1.339,1.791,1.458,1.644,rt,
vuhovi,2026-08-26,1.548,1.337,1.8,1.457,1.644,rt,
vuhovi,2026-08-27,1.545,1.328,1.801,1.452,1.643,rt,
vuhovi,2026-08-28,1.538,1.332,1.786,1.448,1.636,rt,
vuhovi,2026-08-29,1.528,1.323,1.78,1.439,1.63,rt,
vuhovi,2026-08-30,1.516,1.314,1.774,1.43,1.619,rt,
vuhovi,2026-08-31,1.478,1.27,1.731,1.388,1.575,rt,
vuhovi,2026-09-01,1.437,1.229,1.691,1.345,1.532,rt,
vuhovi,2026-09-02,1.392,1.18,1.643,1.297,1.49,rt,
vuhovi,2026-09-03,1.345,1.129,1.602,1.248,1.441,rt,
vuhovi,2026-09-04,1.295,1.084,1.549,1.203,1.388,rt,
vuhovi,2026-09-05,1.244,1.038,1.5,1.155,1.34,rt,
vuhovi,2026-09-06,1.196,0.989,1.45,1.105,1.293,rt,
vuhovi,2026-09-07,1.143,0.925,1.4,1.047,1.239,rt,
vuhovi,2026-09-08,1.101,0.885,1.349,1.007,1.194,rt,
vuhovi,2026-09-09,1.055,0.845,1.307,0.964,1.15,rt,
vuhovi,2026-09-10,1.014,0.802,1.26,0.921,1.112,rt,
vuhovi,2026-09-11,0.974,0.765,1.214,0.887,1.075,rt,
vuhovi,2026-09-12,0.939,0.73,1.183,0.849,1.035,rt,
vuhovi,2026-09-13,0.907,0.689,1.151,0.811,1.004,rt,
vuhovi,2026-09-14,0.882,0.663,1.139,0.783,0.983,rt,
vuhovi,2026-09-15,0.867,0.646,1.126,0.766,0.968,rt,
vuhovi,2026-09-16,0.852,0.631,1.113,0.749,0.953,rt,
vuhovi,2026-09-17,0.839,0.61,1.101,0.737,0.94,rt,
vuhovi,2026-09-18,0.825,0.595,1.09,0.724,0.926,rt,
vuhovi,2026-09-19,0.809,0.576,1.087,0.712,0.915,rt,
vuhovi,2026-09-20,0.794,0.562,1.086,0.697,0.905,rt,
vuhovi,2026-09-21,0.794,0.557,1.099,0.693,0.912,rt,
vuhovi,2026-09-22,0.795,0.558,1.11,0.695,0.912,rt,
vuhovi,2026-09-23,0.797,0.553,1.124,0.693,0.921,rt,
vuhovi,2026-09-24,0.798,0.545,1.137,0.691,0.926,rt,
vuhovi,2026-09-25,0.8,0.549,1.12,0.691,0.921,rt,
vuhovi,2026-09-26,0.801,0.553,1.101,0.695,0.916,rt,
vuhovi,2026-09-27,0.803,0.556,1.085,0.697,0.914,rt,
boma_mangbetu,2026-07-09,2.259,1.646,3.071,1.988,2.557,rt,
boma_mangbetu,2026-07-10,2.182,1.605,2.939,1.92,2.468,rt,
boma_mangbetu,2026-07-11,2.116,1.553,2.812,1.848,2.38,rt,
boma_mangbetu,2026-07-12,2.042,1.499,2.729,1.777,2.301,rt,
boma_mangbetu,2026-07-13,1.957,1.412,2.67,1.707,2.219,rt,
boma_mangbetu,2026-07-14,1.896,1.389,2.552,1.67,2.137,rt,
boma_mangbetu,2026-07-15,1.829,1.36,2.448,1.63,2.067,rt,
boma_mangbetu,2026-07-16,1.783,1.32,2.363,1.586,2.001,rt,
boma_mangbetu,2026-07-17,1.721,1.294,2.275,1.543,1.931,rt,
boma_mangbetu,2026-07-18,1.669,1.249,2.232,1.496,1.875,rt,
boma_mangbetu,2026-07-19,1.619,1.206,2.191,1.443,1.825,rt,
boma_mangbetu,2026-07-20,1.584,1.163,2.178,1.399,1.785,rt,
boma_mangbetu,2026-07-21,1.54,1.155,2.077,1.371,1.731,rt,
boma_mangbetu,2026-07-22,1.504,1.135,2.011,1.341,1.684,rt,
boma_mangbetu,2026-07-23,1.466,1.113,1.94,1.312,1.646,rt,
boma_mangbetu,2026-07-24,1.426,1.089,1.89,1.285,1.601,rt,
boma_mangbetu,2026-07-25,1.392,1.052,1.824,1.253,1.559,rt,
boma_mangbetu,2026-07-26,1.362,1.02,1.785,1.216,1.525,rt,
boma_mangbetu,2026-07-27,1.338,0.984,1.778,1.183,1.501,rt,
boma_mangbetu,2026-07-28,1.302,0.97,1.704,1.156,1.45,rt,
boma_mangbetu,2026-07-29,1.268,0.958,1.638,1.13,1.403,rt,
boma_mangbetu,2026-07-30,1.235,0.919,1.581,1.105,1.368,rt,
boma_mangbetu,2026-07-31,1.202,0.9,1.523,1.079,1.333,rt,
boma_mangbetu,2026-08-01,1.173,0.874,1.483,1.049,1.297,rt,
boma_mangbetu,2026-08-02,1.143,0.842,1.47,1.019,1.268,rt,
boma_mangbetu,2026-08-03,1.114,0.811,1.453,0.985,1.251,rt,
boma_mangbetu,2026-08-04,1.099,0.805,1.426,0.981,1.224,rt,
boma_mangbetu,2026-08-05,1.079,0.795,1.394,0.965,1.207,rt,
boma_mangbetu,2026-08-06,1.062,0.783,1.373,0.948,1.188,rt,
boma_mangbetu,2026-08-07,1.051,0.774,1.348,0.94,1.17,rt,
boma_mangbetu,2026-08-08,1.039,0.757,1.341,0.924,1.157,rt,
boma_mangbetu,2026-08-09,1.024,0.733,1.331,0.897,1.15,rt,
boma_mangbetu,2026-08-10,0.995,0.692,1.317,0.865,1.129,rt,
boma_mangbetu,2026-08-11,0.988,0.698,1.288,0.868,1.112,rt,
boma_mangbetu,2026-08-12,0.982,0.701,1.268,0.87,1.098,rt,
boma_mangbetu,2026-08-13,0.973,0.695,1.256,0.865,1.086,rt,
boma_mangbetu,2026-08-14,0.961,0.691,1.235,0.861,1.073,rt,
boma_mangbetu,2026-08-15,0.949,0.692,1.231,0.85,1.062,rt,
boma_mangbetu,2026-08-16,0.941,0.673,1.235,0.834,1.049,rt,
boma_mangbetu,2026-08-17,0.935,0.661,1.25,0.827,1.047,rt,
boma_mangbetu,2026-08-18,0.931,0.673,1.236,0.826,1.039,rt,
boma_mangbetu,2026-08-19,0.926,0.678,1.212,0.824,1.032,rt,
boma_mangbetu,2026-08-20,0.92,0.682,1.202,0.818,1.03,rt,
boma_mangbetu,2026-08-21,0.913,0.682,1.183,0.817,1.022,rt,
boma_mangbetu,2026-08-22,0.907,0.673,1.172,0.808,1.014,rt,
boma_mangbetu,2026-08-23,0.895,0.665,1.179,0.8,1.003,rt,
boma_mangbetu,2026-08-24,0.902,0.663,1.196,0.804,1.017,rt,
boma_mangbetu,2026-08-25,0.911,0.682,1.197,0.821,1.024,rt,
boma_mangbetu,2026-08-26,0.923,0.695,1.208,0.825,1.039,rt,
boma_mangbetu,2026-08-27,0.934,0.696,1.231,0.833,1.044,rt,
boma_mangbetu,2026-08-28,0.944,0.709,1.245,0.843,1.055,rt,
boma_mangbetu,2026-08-29,0.953,0.716,1.256,0.849,1.07,rt,
boma_mangbetu,2026-08-30,0.958,0.714,1.269,0.855,1.083,rt,
boma_mangbetu,2026-08-31,0.964,0.716,1.303,0.858,1.095,rt,
boma_mangbetu,2026-09-01,0.972,0.723,1.301,0.867,1.104,rt,
boma_mangbetu,2026-09-02,0.981,0.721,1.302,0.873,1.108,rt,
boma_mangbetu,2026-09-03,0.991,0.722,1.32,0.881,1.115,rt,
boma_mangbetu,2026-09-04,0.996,0.727,1.332,0.882,1.117,rt,
boma_mangbetu,2026-09-05,0.999,0.734,1.346,0.881,1.122,rt,
boma_mangbetu,2026-09-06,1.001,0.726,1.363,0.88,1.127,rt,
boma_mangbetu,2026-09-07,0.996,0.712,1.377,0.865,1.123,rt,
boma_mangbetu,2026-09-08,0.977,0.694,1.351,0.857,1.1,rt,
boma_mangbetu,2026-09-09,0.962,0.676,1.325,0.84,1.078,rt,
boma_mangbetu,2026-09-10,0.944,0.658,1.314,0.823,1.061,rt,
boma_mangbetu,2026-09-11,0.926,0.648,1.3,0.806,1.051,rt,
boma_mangbetu,2026-09-12,0.907,0.628,1.296,0.789,1.046,rt,
boma_mangbetu,2026-09-13,0.897,0.61,1.289,0.766,1.036,rt,
boma_mangbetu,2026-09-14,0.884,0.59,1.295,0.749,1.035,rt,
boma_mangbetu,2026-09-15,0.87,0.572,1.295,0.731,1.023,rt,
boma_mangbetu,2026-09-16,0.859,0.56,1.289,0.716,1.018,rt,
boma_mangbetu,2026-09-17,0.846,0.543,1.283,0.702,1.008,rt,
boma_mangbetu,2026-09-18,0.834,0.525,1.287,0.691,1.0,rt,
boma_mangbetu,2026-09-19,0.821,0.508,1.286,0.682,0.988,rt,
boma_mangbetu,2026-09-20,0.812,0.489,1.306,0.671,0.983,rt,
boma_mangbetu,2026-09-21,0.81,0.477,1.327,0.661,0.981,rt,
boma_mangbetu,2026-09-22,0.808,0.469,1.339,0.661,0.986,rt,
boma_mangbetu,2026-09-23,0.811,0.468,1.347,0.658,0.999,rt,
boma_mangbetu,2026-09-24,0.809,0.466,1.359,0.654,1.008,rt,
boma_mangbetu,2026-09-25,0.81,0.463,1.343,0.658,0.999,rt,
boma_mangbetu,2026-09-26,0.808,0.472,1.308,0.661,0.986,rt,
boma_mangbetu,2026-09-27,0.81,0.473,1.289,0.662,0.987,rt,
isiro,2026-07-05,3.447,2.264,5.461,2.913,4.15,rt,
isiro,2026-07-06,3.39,2.183,5.377,2.85,4.06,rt,
isiro,2026-07-07,3.318,2.209,5.106,2.806,3.927,rt,
isiro,2026-07-08,3.248,2.221,4.89,2.757,3.813,rt,
isiro,2026-07-09,3.181,2.209,4.737,2.716,3.697,rt,
isiro,2026-07-10,3.098,2.205,4.545,2.676,3.593,rt,
isiro,2026-07-11,3.019,2.188,4.369,2.607,3.492,rt,
isiro,2026-07-12,2.921,2.134,4.254,2.548,3.402,rt,
isiro,2026-07-13,2.831,2.05,4.153,2.475,3.306,rt,
isiro,2026-07-14,2.722,2.032,3.822,2.402,3.158,rt,
isiro,2026-07-15,2.623,2.003,3.596,2.329,2.989,rt,
isiro,2026-07-16,2.515,1.928,3.414,2.256,2.873,rt,
isiro,2026-07-17,2.413,1.861,3.253,2.185,2.73,rt,
isiro,2026-07-18,2.326,1.791,3.115,2.099,2.611,rt,
isiro,2026-07-19,2.239,1.716,2.992,2.007,2.515,rt,
isiro,2026-07-20,2.165,1.622,2.892,1.929,2.442,rt,
isiro,2026-07-21,2.099,1.595,2.739,1.881,2.341,rt,
isiro,2026-07-22,2.031,1.578,2.633,1.833,2.246,rt,
isiro,2026-07-23,1.964,1.525,2.548,1.779,2.166,rt,
isiro,2026-07-24,1.898,1.492,2.462,1.726,2.087,rt,
isiro,2026-07-25,1.83,1.441,2.371,1.669,2.014,rt,
isiro,2026-07-26,1.773,1.376,2.289,1.607,1.948,rt,
isiro,2026-07-27,1.723,1.309,2.247,1.553,1.907,rt,
isiro,2026-07-28,1.686,1.319,2.164,1.532,1.854,rt,
isiro,2026-07-29,1.643,1.302,2.092,1.504,1.808,rt,
isiro,2026-07-30,1.612,1.276,2.057,1.471,1.773,rt,
isiro,2026-07-31,1.58,1.258,2.008,1.449,1.73,rt,
isiro,2026-08-01,1.552,1.233,1.972,1.418,1.69,rt,
isiro,2026-08-02,1.522,1.187,1.959,1.381,1.667,rt,
isiro,2026-08-03,1.499,1.144,1.956,1.342,1.648,rt,
isiro,2026-08-04,1.466,1.139,1.886,1.322,1.608,rt,
isiro,2026-08-05,1.435,1.119,1.821,1.301,1.57,rt,
isiro,2026-08-06,1.401,1.094,1.783,1.274,1.537,rt,
isiro,2026-08-07,1.371,1.087,1.718,1.246,1.502,rt,
isiro,2026-08-08,1.339,1.061,1.68,1.213,1.472,rt,
isiro,2026-08-09,1.303,1.031,1.652,1.182,1.435,rt,
isiro,2026-08-10,1.253,0.981,1.608,1.135,1.385,rt,
isiro,2026-08-11,1.187,0.934,1.494,1.077,1.301,rt,
isiro,2026-08-12,1.122,0.885,1.399,1.019,1.225,rt,
isiro,2026-08-13,1.058,0.839,1.324,0.962,1.156,rt,
isiro,2026-08-14,0.995,0.795,1.236,0.909,1.088,rt,
isiro,2026-08-15,0.937,0.738,1.174,0.854,1.026,rt,
isiro,2026-08-16,0.883,0.678,1.11,0.795,0.971,rt,
isiro,2026-08-17,0.836,0.622,1.068,0.746,0.929,rt,
isiro,2026-08-18,0.796,0.596,1.01,0.712,0.883,rt,
isiro,2026-08-19,0.754,0.568,0.967,0.675,0.84,rt,
isiro,2026-08-20,0.715,0.534,0.921,0.644,0.8,rt,
isiro,2026-08-21,0.679,0.501,0.878,0.607,0.755,rt,
isiro,2026-08-22,0.646,0.471,0.841,0.57,0.72,rt,
isiro,2026-08-23,0.613,0.436,0.812,0.533,0.688,rt,
isiro,2026-08-24,0.591,0.406,0.808,0.511,0.675,rt,
isiro,2026-08-25,0.578,0.395,0.786,0.499,0.657,rt,
isiro,2026-08-26,0.566,0.387,0.769,0.487,0.64,rt,
isiro,2026-08-27,0.551,0.372,0.751,0.473,0.627,rt,
isiro,2026-08-28,0.54,0.359,0.734,0.46,0.613,rt,
isiro,2026-08-29,0.528,0.349,0.723,0.449,0.601,rt,
isiro,2026-08-30,0.513,0.328,0.719,0.434,0.592,rt,
isiro,2026-08-31,0.5,0.311,0.719,0.418,0.584,rt,
isiro,2026-09-01,0.496,0.311,0.704,0.417,0.577,rt,
isiro,2026-09-02,0.488,0.311,0.691,0.414,0.571,rt,
isiro,2026-09-03,0.483,0.303,0.684,0.41,0.569,rt,
isiro,2026-09-04,0.478,0.301,0.684,0.4,0.563,rt,
isiro,2026-09-05,0.473,0.294,0.686,0.394,0.56,rt,
isiro,2026-09-06,0.469,0.285,0.696,0.389,0.559,rt,
isiro,2026-09-07,0.459,0.267,0.697,0.377,0.553,rt,
isiro,2026-09-08,0.456,0.266,0.688,0.375,0.55,rt,
isiro,2026-09-09,0.456,0.271,0.681,0.372,0.549,rt,
isiro,2026-09-10,0.455,0.264,0.689,0.371,0.546,rt,
isiro,2026-09-11,0.453,0.262,0.696,0.368,0.55,rt,
isiro,2026-09-12,0.448,0.256,0.705,0.365,0.552,rt,
isiro,2026-09-13,0.448,0.247,0.718,0.36,0.555,rt,
isiro,2026-09-14,0.453,0.244,0.741,0.356,0.56,rt,
isiro,2026-09-15,0.455,0.244,0.753,0.358,0.563,rt,
isiro,2026-09-16,0.459,0.242,0.764,0.361,0.569,rt,
isiro,2026-09-17,0.464,0.239,0.773,0.363,0.572,rt,
isiro,2026-09-18,0.466,0.238,0.784,0.361,0.577,rt,
isiro,2026-09-19,0.471,0.236,0.806,0.365,0.587,rt,
isiro,2026-09-20,0.474,0.235,0.824,0.363,0.601,rt,
isiro,2026-09-21,0.48,0.233,0.857,0.368,0.619,rt,
isiro,2026-09-22,0.487,0.242,0.877,0.375,0.627,rt,
isiro,2026-09-23,0.493,0.245,0.894,0.38,0.64,rt,
isiro,2026-09-24,0.503,0.245,0.926,0.383,0.655,rt,
isiro,2026-09-25,0.511,0.25,0.93,0.391,0.662,rt,
isiro,2026-09-26,0.519,0.252,0.942,0.398,0.664,rt,
isiro,2026-09-27,0.53,0.259,0.972,0.407,0.676,rt,
pawa,2026-07-08,2.569,1.813,3.6,2.265,2.925,rt,
pawa,2026-07-09,2.5,1.755,3.464,2.196,2.863,rt,
pawa,2026-07-10,2.442,1.731,3.317,2.145,2.775,rt,
pawa,2026-07-11,2.375,1.713,3.223,2.084,2.709,rt,
pawa,2026-07-12,2.316,1.665,3.143,2.028,2.634,rt,
pawa,2026-07-13,2.249,1.609,3.055,1.95,2.558,rt,
pawa,2026-07-14,2.175,1.569,2.943,1.894,2.455,rt,
pawa,2026-07-15,2.102,1.52,2.833,1.836,2.373,rt,
pawa,2026-07-16,2.042,1.464,2.752,1.792,2.298,rt,
pawa,2026-07-17,1.976,1.423,2.634,1.74,2.231,rt,
pawa,2026-07-18,1.911,1.388,2.534,1.686,2.157,rt,
pawa,2026-07-19,1.855,1.341,2.473,1.626,2.079,rt,
pawa,2026-07-20,1.817,1.291,2.434,1.575,2.032,rt,
pawa,2026-07-21,1.775,1.29,2.334,1.556,1.972,rt,
pawa,2026-07-22,1.738,1.279,2.265,1.529,1.924,rt,
pawa,2026-07-23,1.698,1.256,2.218,1.499,1.874,rt,
pawa,2026-07-24,1.662,1.228,2.124,1.474,1.829,rt,
pawa,2026-07-25,1.623,1.205,2.063,1.452,1.783,rt,
pawa,2026-07-26,1.586,1.175,2.023,1.417,1.748,rt,
pawa,2026-07-27,1.557,1.134,1.999,1.388,1.728,rt,
pawa,2026-07-28,1.541,1.148,1.959,1.384,1.699,rt,
pawa,2026-07-29,1.523,1.141,1.925,1.375,1.68,rt,
pawa,2026-07-30,1.505,1.127,1.899,1.355,1.663,rt,
pawa,2026-07-31,1.487,1.124,1.862,1.35,1.635,rt,
pawa,2026-08-01,1.475,1.117,1.837,1.331,1.623,rt,
pawa,2026-08-02,1.457,1.107,1.825,1.313,1.614,rt,
pawa,2026-08-03,1.445,1.085,1.839,1.297,1.602,rt,
pawa,2026-08-04,1.446,1.111,1.813,1.311,1.6,rt,
pawa,2026-08-05,1.444,1.131,1.811,1.322,1.594,rt,
pawa,2026-08-06,1.448,1.131,1.82,1.327,1.596,rt,
pawa,2026-08-07,1.448,1.152,1.813,1.332,1.595,rt,
pawa,2026-08-08,1.454,1.155,1.811,1.332,1.599,rt,
pawa,2026-08-09,1.453,1.158,1.842,1.332,1.608,rt,
pawa,2026-08-10,1.432,1.118,1.835,1.305,1.59,rt,
pawa,2026-08-11,1.427,1.144,1.808,1.316,1.581,rt,
pawa,2026-08-12,1.429,1.157,1.81,1.313,1.572,rt,
pawa,2026-08-13,1.431,1.142,1.811,1.305,1.571,rt,
pawa,2026-08-14,1.428,1.142,1.802,1.298,1.562,rt,
pawa,2026-08-15,1.421,1.124,1.818,1.293,1.557,rt,
pawa,2026-08-16,1.407,1.104,1.841,1.276,1.555,rt,
pawa,2026-08-17,1.405,1.091,1.885,1.266,1.569,rt,
pawa,2026-08-18,1.398,1.093,1.868,1.265,1.56,rt,
pawa,2026-08-19,1.393,1.094,1.862,1.257,1.545,rt,
pawa,2026-08-20,1.377,1.079,1.864,1.247,1.538,rt,
pawa,2026-08-21,1.368,1.078,1.829,1.238,1.526,rt,
pawa,2026-08-22,1.355,1.06,1.832,1.226,1.516,rt,
pawa,2026-08-23,1.343,1.046,1.828,1.21,1.507,rt,
pawa,2026-08-24,1.35,1.044,1.832,1.214,1.523,rt,
pawa,2026-08-25,1.349,1.043,1.799,1.213,1.511,rt,
pawa,2026-08-26,1.343,1.039,1.772,1.205,1.494,rt,
pawa,2026-08-27,1.337,1.02,1.769,1.194,1.484,rt,
pawa,2026-08-28,1.325,1.014,1.723,1.186,1.47,rt,
pawa,2026-08-29,1.318,1.013,1.692,1.175,1.454,rt,
pawa,2026-08-30,1.301,1.002,1.675,1.163,1.44,rt,
pawa,2026-08-31,1.286,0.987,1.651,1.15,1.424,rt,
pawa,2026-09-01,1.261,0.99,1.607,1.139,1.399,rt,
pawa,2026-09-02,1.245,0.982,1.574,1.127,1.376,rt,
pawa,2026-09-03,1.223,0.968,1.553,1.108,1.352,rt,
pawa,2026-09-04,1.202,0.951,1.522,1.094,1.323,rt,
pawa,2026-09-05,1.18,0.918,1.494,1.069,1.301,rt,
pawa,2026-09-06,1.158,0.894,1.486,1.043,1.284,rt,
pawa,2026-09-07,1.123,0.85,1.453,1.006,1.248,rt,
pawa,2026-09-08,1.098,0.838,1.422,0.984,1.219,rt,
pawa,2026-09-09,1.071,0.816,1.396,0.961,1.189,rt,
pawa,2026-09-10,1.046,0.784,1.367,0.934,1.168,rt,
pawa,2026-09-11,1.023,0.761,1.342,0.913,1.145,rt,
pawa,2026-09-12,0.997,0.728,1.327,0.885,1.124,rt,
pawa,2026-09-13,0.975,0.695,1.319,0.859,1.104,rt,
pawa,2026-09-14,0.959,0.667,1.316,0.833,1.088,rt,
pawa,2026-09-15,0.943,0.646,1.316,0.813,1.076,rt,
pawa,2026-09-16,0.928,0.634,1.327,0.794,1.065,rt,
pawa,2026-09-17,0.912,0.613,1.324,0.773,1.058,rt,
pawa,2026-09-18,0.899,0.601,1.31,0.757,1.044,rt,
pawa,2026-09-19,0.882,0.582,1.288,0.739,1.027,rt,
pawa,2026-09-20,0.867,0.564,1.286,0.725,1.014,rt,
pawa,2026-09-21,0.859,0.545,1.304,0.716,1.015,rt,
pawa,2026-09-22,0.85,0.539,1.316,0.709,1.013,rt,
pawa,2026-09-23,0.843,0.53,1.319,0.698,1.011,rt,
pawa,2026-09-24,0.834,0.517,1.322,0.689,1.004,rt,
pawa,2026-09-25,0.827,0.523,1.288,0.686,0.99,rt,
pawa,2026-09-26,0.818,0.521,1.251,0.681,0.974,rt,
pawa,2026-09-27,0.808,0.521,1.213,0.68,0.959,rt,
wamba,2026-06-28,2.946,2.073,4.075,2.59,3.338,rt,
wamba,2026-06-29,2.873,1.997,4.013,2.517,3.249,rt,
wamba,2026-06-30,2.807,1.977,3.883,2.462,3.165,rt,
wamba,2026-07-01,2.735,1.97,3.747,2.403,3.099,rt,
wamba,2026-07-02,2.662,1.916,3.607,2.34,3.02,rt,
wamba,2026-07-03,2.597,1.908,3.488,2.295,2.929,rt,
wamba,2026-07-04,2.53,1.88,3.35,2.243,2.846,rt,
wamba,2026-07-05,2.466,1.838,3.277,2.18,2.779,rt,
wamba,2026-07-06,2.386,1.746,3.206,2.11,2.696,rt,
wamba,2026-07-07,2.316,1.702,3.07,2.053,2.615,rt,
wamba,2026-07-08,2.249,1.656,2.971,1.989,2.523,rt,
wamba,2026-07-09,2.182,1.608,2.892,1.93,2.449,rt,
wamba,2026-07-10,2.115,1.577,2.758,1.877,2.373,rt,
wamba,2026-07-11,2.047,1.533,2.649,1.811,2.29,rt,
wamba,2026-07-12,1.975,1.476,2.567,1.75,2.212,rt,
wamba,2026-07-13,1.903,1.408,2.482,1.684,2.14,rt,
wamba,2026-07-14,1.851,1.39,2.389,1.647,2.071,rt,
wamba,2026-07-15,1.802,1.364,2.301,1.611,2.009,rt,
wamba,2026-07-16,1.755,1.342,2.231,1.574,1.949,rt,
wamba,2026-07-17,1.708,1.315,2.174,1.543,1.89,rt,
wamba,2026-07-18,1.667,1.284,2.119,1.507,1.835,rt,
wamba,2026-07-19,1.627,1.235,2.078,1.465,1.791,rt,
wamba,2026-07-20,1.599,1.203,2.052,1.424,1.758,rt,
wamba,2026-07-21,1.559,1.195,1.985,1.402,1.713,rt,
wamba,2026-07-22,1.525,1.184,1.951,1.379,1.678,rt,
wamba,2026-07-23,1.491,1.164,1.907,1.355,1.65,rt,
wamba,2026-07-24,1.459,1.146,1.846,1.331,1.601,rt,
wamba,2026-07-25,1.43,1.129,1.807,1.301,1.574,rt,
wamba,2026-07-26,1.402,1.102,1.783,1.275,1.547,rt,
wamba,2026-07-27,1.376,1.076,1.77,1.245,1.529,rt,
wamba,2026-07-28,1.349,1.051,1.675,1.221,1.484,rt,
wamba,2026-07-29,1.317,1.03,1.631,1.193,1.45,rt,
wamba,2026-07-30,1.283,1.007,1.586,1.165,1.41,rt,
wamba,2026-07-31,1.255,0.993,1.547,1.142,1.373,rt,
wamba,2026-08-01,1.224,0.957,1.522,1.113,1.34,rt,
wamba,2026-08-02,1.198,0.924,1.508,1.079,1.311,rt,
wamba,2026-08-03,1.175,0.884,1.511,1.051,1.3,rt,
wamba,2026-08-04,1.153,0.889,1.464,1.041,1.268,rt,
wamba,2026-08-05,1.13,0.881,1.428,1.031,1.249,rt,
wamba,2026-08-06,1.109,0.869,1.396,1.014,1.227,rt,
wamba,2026-08-07,1.092,0.862,1.361,0.997,1.199,rt,
wamba,2026-08-08,1.079,0.842,1.342,0.978,1.182,rt,
wamba,2026-08-09,1.065,0.816,1.327,0.963,1.165,rt,
wamba,2026-08-10,1.04,0.774,1.31,0.933,1.136,rt,
wamba,2026-08-11,1.026,0.78,1.267,0.922,1.113,rt,
wamba,2026-08-12,1.005,0.775,1.247,0.91,1.095,rt,
wamba,2026-08-13,0.988,0.769,1.226,0.9,1.082,rt,
wamba,2026-08-14,0.973,0.758,1.193,0.884,1.065,rt,
wamba,2026-08-15,0.957,0.744,1.181,0.868,1.049,rt,
wamba,2026-08-16,0.941,0.731,1.176,0.852,1.034,rt,
wamba,2026-08-17,0.926,0.71,1.188,0.835,1.027,rt,
wamba,2026-08-18,0.917,0.716,1.163,0.832,1.011,rt,
wamba,2026-08-19,0.906,0.717,1.137,0.822,1.0,rt,
wamba,2026-08-20,0.898,0.711,1.126,0.811,0.989,rt,
wamba,2026-08-21,0.887,0.701,1.111,0.801,0.974,rt,
wamba,2026-08-22,0.876,0.686,1.098,0.79,0.961,rt,
wamba,2026-08-23,0.862,0.665,1.091,0.779,0.95,rt,
wamba,2026-08-24,0.865,0.657,1.111,0.782,0.955,rt,
wamba,2026-08-25,0.875,0.672,1.112,0.794,0.967,rt,
wamba,2026-08-26,0.884,0.687,1.124,0.802,0.976,rt,
wamba,2026-08-27,0.893,0.685,1.143,0.807,0.984,rt,
wamba,2026-08-28,0.905,0.7,1.151,0.816,0.99,rt,
wamba,2026-08-29,0.913,0.706,1.167,0.821,1.003,rt,
wamba,2026-08-30,0.922,0.706,1.178,0.826,1.015,rt,
wamba,2026-08-31,0.926,0.7,1.206,0.83,1.027,rt,
wamba,2026-09-01,0.932,0.713,1.214,0.837,1.032,rt,
wamba,2026-09-02,0.939,0.725,1.218,0.848,1.04,rt,
wamba,2026-09-03,0.947,0.733,1.233,0.852,1.048,rt,
wamba,2026-09-04,0.953,0.737,1.239,0.855,1.056,rt,
wamba,2026-09-05,0.956,0.733,1.25,0.86,1.063,rt,
wamba,2026-09-06,0.96,0.726,1.271,0.859,1.073,rt,
wamba,2026-09-07,0.957,0.707,1.288,0.845,1.071,rt,
wamba,2026-09-08,0.942,0.693,1.258,0.834,1.053,rt,
wamba,2026-09-09,0.927,0.679,1.241,0.824,1.04,rt,
wamba,2026-09-10,0.912,0.663,1.226,0.808,1.024,rt,
wamba,2026-09-11,0.896,0.644,1.212,0.793,1.013,rt,
wamba,2026-09-12,0.883,0.624,1.214,0.772,1.003,rt,
wamba,2026-09-13,0.867,0.604,1.219,0.754,1.0,rt,
wamba,2026-09-14,0.855,0.582,1.228,0.738,0.997,rt,
wamba,2026-09-15,0.844,0.57,1.226,0.721,0.983,rt,
wamba,2026-09-16,0.831,0.558,1.224,0.709,0.976,rt,
wamba,2026-09-17,0.818,0.547,1.227,0.695,0.97,rt,
wamba,2026-09-18,0.806,0.528,1.219,0.681,0.963,rt,
wamba,2026-09-19,0.795,0.516,1.211,0.668,0.954,rt,
wamba,2026-09-20,0.787,0.493,1.234,0.656,0.945,rt,
wamba,2026-09-21,0.787,0.481,1.252,0.651,0.951,rt,
wamba,2026-09-22,0.789,0.473,1.249,0.648,0.951,rt,
wamba,2026-09-23,0.784,0.465,1.262,0.65,0.959,rt,
wamba,2026-09-24,0.785,0.455,1.277,0.644,0.966,rt,
wamba,2026-09-25,0.785,0.458,1.249,0.645,0.963,rt,
wamba,2026-09-26,0.786,0.456,1.234,0.65,0.959,rt,
wamba,2026-09-27,0.786,0.456,1.207,0.652,0.957,rt,
bafwasende,2026-09-14,1.029,0.791,1.334,0.925,1.134,rt,
bafwasende,2026-09-15,1.013,0.77,1.329,0.906,1.123,rt,
bafwasende,2026-09-16,0.997,0.747,1.327,0.886,1.11,rt,
bafwasende,2026-09-17,0.979,0.727,1.324,0.867,1.102,rt,
bafwasende,2026-09-18,0.966,0.71,1.314,0.853,1.087,rt,
bafwasende,2026-09-19,0.951,0.699,1.304,0.839,1.077,rt,
bafwasende,2026-09-20,0.938,0.684,1.294,0.824,1.067,rt,
bafwasende,2026-09-21,0.938,0.672,1.307,0.815,1.072,rt,
bafwasende,2026-09-22,0.936,0.661,1.323,0.808,1.08,rt,
bafwasende,2026-09-23,0.938,0.652,1.336,0.804,1.084,rt,
bafwasende,2026-09-24,0.935,0.642,1.352,0.797,1.084,rt,
bafwasende,2026-09-25,0.932,0.652,1.31,0.802,1.07,rt,
bafwasende,2026-09-26,0.929,0.665,1.279,0.807,1.054,rt,
bafwasende,2026-09-27,0.927,0.678,1.243,0.811,1.04,rt,
kabondo,2026-09-11,1.17,0.916,1.516,1.06,1.298,rt,
kabondo,2026-09-12,1.139,0.88,1.49,1.032,1.265,rt,
kabondo,2026-09-13,1.113,0.844,1.468,0.999,1.236,rt,
kabondo,2026-09-14,1.096,0.819,1.455,0.978,1.225,rt,
kabondo,2026-09-15,1.079,0.792,1.455,0.957,1.211,rt,
kabondo,2026-09-16,1.06,0.77,1.448,0.935,1.2,rt,
kabondo,2026-09-17,1.04,0.754,1.438,0.916,1.186,rt,
kabondo,2026-09-18,1.025,0.738,1.426,0.901,1.167,rt,
kabondo,2026-09-19,1.011,0.719,1.423,0.885,1.161,rt,
kabondo,2026-09-20,0.996,0.698,1.419,0.867,1.151,rt,
kabondo,2026-09-21,0.996,0.69,1.438,0.858,1.152,rt,
kabondo,2026-09-22,0.994,0.683,1.452,0.852,1.16,rt,
kabondo,2026-09-23,0.996,0.671,1.462,0.844,1.166,rt,
kabondo,2026-09-24,0.992,0.663,1.474,0.837,1.168,rt,
kabondo,2026-09-25,0.988,0.675,1.431,0.841,1.151,rt,
kabondo,2026-09-26,0.985,0.686,1.387,0.847,1.136,rt,
kabondo,2026-09-27,0.981,0.7,1.35,0.851,1.12,rt,
makiso_kisangani,2026-07-19,1.315,1.127,1.527,1.231,1.402,rt,
makiso_kisangani,2026-07-20,1.316,1.124,1.524,1.23,1.404,rt,
makiso_kisangani,2026-07-21,1.317,1.126,1.528,1.232,1.406,rt,
makiso_kisangani,2026-07-22,1.32,1.125,1.54,1.231,1.409,rt,
makiso_kisangani,2026-07-23,1.319,1.123,1.549,1.23,1.412,rt,
makiso_kisangani,2026-07-24,1.32,1.128,1.542,1.238,1.408,rt,
makiso_kisangani,2026-07-25,1.323,1.131,1.541,1.242,1.406,rt,
makiso_kisangani,2026-07-26,1.328,1.132,1.539,1.248,1.408,rt,
makiso_kisangani,2026-07-27,1.336,1.139,1.546,1.256,1.419,rt,
makiso_kisangani,2026-07-28,1.345,1.143,1.57,1.263,1.43,rt,
makiso_kisangani,2026-07-29,1.352,1.148,1.584,1.267,1.443,rt,
makiso_kisangani,2026-07-30,1.364,1.149,1.6,1.272,1.459,rt,
makiso_kisangani,2026-07-31,1.371,1.161,1.61,1.282,1.469,rt,
makiso_kisangani,2026-08-01,1.382,1.177,1.616,1.295,1.477,rt,
makiso_kisangani,2026-08-02,1.393,1.184,1.641,1.307,1.492,rt,
makiso_kisangani,2026-08-03,1.399,1.186,1.651,1.315,1.5,rt,
makiso_kisangani,2026-08-04,1.408,1.193,1.666,1.319,1.509,rt,
makiso_kisangani,2026-08-05,1.418,1.197,1.684,1.325,1.518,rt,
makiso_kisangani,2026-08-06,1.427,1.201,1.702,1.327,1.53,rt,
makiso_kisangani,2026-08-07,1.434,1.208,1.7,1.336,1.537,rt,
makiso_kisangani,2026-08-08,1.443,1.217,1.71,1.342,1.546,rt,
makiso_kisangani,2026-08-09,1.449,1.222,1.714,1.349,1.553,rt,
makiso_kisangani,2026-08-10,1.443,1.215,1.709,1.343,1.548,rt,
makiso_kisangani,2026-08-11,1.434,1.206,1.71,1.334,1.544,rt,
makiso_kisangani,2026-08-12,1.424,1.198,1.708,1.326,1.539,rt,
makiso_kisangani,2026-08-13,1.417,1.181,1.709,1.315,1.534,rt,
makiso_kisangani,2026-08-14,1.412,1.178,1.703,1.312,1.524,rt,
makiso_kisangani,2026-08-15,1.406,1.176,1.688,1.309,1.517,rt,
makiso_kisangani,2026-08-16,1.404,1.174,1.681,1.3,1.512,rt,
makiso_kisangani,2026-08-17,1.405,1.177,1.688,1.305,1.515,rt,
makiso_kisangani,2026-08-18,1.409,1.176,1.694,1.304,1.519,rt,
makiso_kisangani,2026-08-19,1.41,1.176,1.708,1.306,1.524,rt,
makiso_kisangani,2026-08-20,1.414,1.174,1.718,1.305,1.533,rt,
makiso_kisangani,2026-08-21,1.422,1.181,1.724,1.315,1.539,rt,
makiso_kisangani,2026-08-22,1.428,1.19,1.726,1.32,1.546,rt,
makiso_kisangani,2026-08-23,1.435,1.197,1.738,1.325,1.552,rt,
makiso_kisangani,2026-08-24,1.443,1.208,1.746,1.333,1.56,rt,
makiso_kisangani,2026-08-25,1.45,1.212,1.764,1.342,1.575,rt,
makiso_kisangani,2026-08-26,1.46,1.209,1.769,1.352,1.588,rt,
makiso_kisangani,2026-08-27,1.468,1.204,1.784,1.357,1.604,rt,
makiso_kisangani,2026-08-28,1.482,1.217,1.788,1.371,1.61,rt,
makiso_kisangani,2026-08-29,1.495,1.23,1.797,1.383,1.615,rt,
makiso_kisangani,2026-08-30,1.51,1.239,1.811,1.397,1.628,rt,
makiso_kisangani,2026-08-31,1.486,1.218,1.787,1.373,1.603,rt,
makiso_kisangani,2026-09-01,1.464,1.193,1.767,1.35,1.582,rt,
makiso_kisangani,2026-09-02,1.444,1.167,1.753,1.325,1.563,rt,
makiso_kisangani,2026-09-03,1.423,1.143,1.737,1.301,1.544,rt,
makiso_kisangani,2026-09-04,1.399,1.13,1.705,1.283,1.524,rt,
makiso_kisangani,2026-09-05,1.379,1.116,1.684,1.26,1.508,rt,
makiso_kisangani,2026-09-06,1.356,1.099,1.667,1.238,1.486,rt,
makiso_kisangani,2026-09-07,1.319,1.066,1.633,1.201,1.448,rt,
makiso_kisangani,2026-09-08,1.282,1.03,1.604,1.166,1.411,rt,
makiso_kisangani,2026-09-09,1.25,0.993,1.576,1.132,1.376,rt,
makiso_kisangani,2026-09-10,1.215,0.957,1.55,1.098,1.344,rt,
makiso_kisangani,2026-09-11,1.185,0.923,1.524,1.066,1.313,rt,
makiso_kisangani,2026-09-12,1.153,0.888,1.501,1.036,1.279,rt,
makiso_kisangani,2026-09-13,1.124,0.851,1.475,1.006,1.249,rt,
makiso_kisangani,2026-09-14,1.107,0.821,1.476,0.985,1.237,rt,
makiso_kisangani,2026-09-15,1.087,0.796,1.473,0.965,1.224,rt,
makiso_kisangani,2026-09-16,1.07,0.774,1.471,0.941,1.209,rt,
makiso_kisangani,2026-09-17,1.051,0.752,1.464,0.922,1.196,rt,
makiso_kisangani,2026-09-18,1.033,0.738,1.448,0.906,1.182,rt,
makiso_kisangani,2026-09-19,1.019,0.725,1.437,0.89,1.171,rt,
makiso_kisangani,2026-09-20,1.007,0.708,1.429,0.873,1.162,rt,
makiso_kisangani,2026-09-21,1.004,0.699,1.434,0.866,1.167,rt,
makiso_kisangani,2026-09-22,1.004,0.691,1.446,0.858,1.169,rt,
makiso_kisangani,2026-09-23,1.003,0.678,1.476,0.849,1.178,rt,
makiso_kisangani,2026-09-24,1.002,0.669,1.486,0.845,1.178,rt,
makiso_kisangani,2026-09-25,0.996,0.681,1.442,0.851,1.16,rt,
makiso_kisangani,2026-09-26,0.993,0.693,1.399,0.857,1.144,rt,
makiso_kisangani,2026-09-27,0.99,0.706,1.356,0.862,1.129,rt,
mangobo,2026-09-01,1.539,1.226,1.892,1.408,1.671,rt,
mangobo,2026-09-02,1.518,1.206,1.862,1.387,1.648,rt,
mangobo,2026-09-03,1.495,1.188,1.848,1.364,1.627,rt,
mangobo,2026-09-04,1.47,1.169,1.823,1.34,1.603,rt,
mangobo,2026-09-05,1.446,1.15,1.804,1.318,1.585,rt,
mangobo,2026-09-06,1.423,1.131,1.775,1.297,1.562,rt,
mangobo,2026-09-07,1.382,1.096,1.756,1.26,1.52,rt,
mangobo,2026-09-08,1.347,1.061,1.721,1.22,1.482,rt,
mangobo,2026-09-09,1.309,1.026,1.69,1.181,1.447,rt,
mangobo,2026-09-10,1.271,0.989,1.655,1.143,1.412,rt,
mangobo,2026-09-11,1.238,0.952,1.633,1.11,1.376,rt,
mangobo,2026-09-12,1.204,0.914,1.608,1.082,1.344,rt,
mangobo,2026-09-13,1.173,0.88,1.579,1.049,1.311,rt,
mangobo,2026-09-14,1.155,0.846,1.564,1.028,1.294,rt,
mangobo,2026-09-15,1.14,0.82,1.553,1.006,1.28,rt,
mangobo,2026-09-16,1.122,0.798,1.538,0.979,1.263,rt,
mangobo,2026-09-17,1.101,0.775,1.544,0.956,1.251,rt,
mangobo,2026-09-18,1.081,0.759,1.529,0.939,1.239,rt,
mangobo,2026-09-19,1.061,0.74,1.524,0.922,1.222,rt,
mangobo,2026-09-20,1.048,0.724,1.512,0.904,1.211,rt,
mangobo,2026-09-21,1.046,0.715,1.532,0.895,1.215,rt,
mangobo,2026-09-22,1.044,0.709,1.547,0.885,1.222,rt,
mangobo,2026-09-23,1.043,0.697,1.56,0.874,1.228,rt,
mangobo,2026-09-24,1.043,0.686,1.566,0.868,1.232,rt,
mangobo,2026-09-25,1.039,0.699,1.525,0.873,1.216,rt,
mangobo,2026-09-26,1.035,0.713,1.475,0.879,1.199,rt,
mangobo,2026-09-27,1.03,0.726,1.434,0.884,1.182,rt,
viadana,2026-09-16,0.965,0.71,1.315,0.853,1.084,rt,
viadana,2026-09-17,0.946,0.686,1.312,0.836,1.072,rt,
viadana,2026-09-18,0.931,0.672,1.295,0.82,1.059,rt,
viadana,2026-09-19,0.92,0.659,1.285,0.804,1.049,rt,
viadana,2026-09-20,0.903,0.643,1.275,0.787,1.041,rt,
viadana,2026-09-21,0.904,0.635,1.285,0.782,1.046,rt,
viadana,2026-09-22,0.904,0.624,1.303,0.777,1.052,rt,
viadana,2026-09-23,0.904,0.62,1.319,0.774,1.054,rt,
viadana,2026-09-24,0.904,0.612,1.332,0.769,1.059,rt,
viadana,2026-09-25,0.899,0.625,1.292,0.772,1.046,rt,
viadana,2026-09-26,0.897,0.636,1.253,0.776,1.032,rt,
viadana,2026-09-27,0.892,0.648,1.217,0.783,1.019,rt,
adja,2026-08-09,,,,,,cases,0
adja,2026-08-16,,,,,,cases,0
adja,2026-08-23,,,,,,cases,0
adja,2026-08-30,,,,,,cases,0
adja,2026-09-06,,,,,,cases,0
adja,2026-09-13,,,,,,cases,0
adja,2026-09-20,,,,,,cases,0
adja,2026-09-27,,,,,,cases,0
ariwara,2026-08-09,,,,,,cases,0
ariwara,2026-08-16,,,,,,cases,0
ariwara,2026-08-23,,,,,,cases,1
ariwara,2026-08-30,,,,,,cases,0
ariwara,2026-09-06,,,,,,cases,0
ariwara,2026-09-13,,,,,,cases,0
ariwara,2026-09-20,,,,,,cases,0
ariwara,2026-09-27,,,,,,cases,0
aru,2026-08-09,,,,,,cases,0
aru,2026-08-16,,,,,,cases,2
aru,2026-08-23,,,,,,cases,0
aru,2026-08-30,,,,,,cases,1
aru,2026-09-06,,,,,,cases,0
aru,2026-09-13,,,,,,cases,0
aru,2026-09-20,,,,,,cases,0
aru,2026-09-27,,,,,,cases,0
aungba,2026-08-09,,,,,,cases,0
aungba,2026-08-16,,,,,,cases,1
aungba,2026-08-23,,,,,,cases,1
aungba,2026-08-30,,,,,,cases,0
aungba,2026-09-06,,,,,,cases,0
aungba,2026-09-13,,,,,,cases,0
aungba,2026-09-20,,,,,,cases,0
aungba,2026-09-27,,,,,,cases,0
bambu,2026-08-09,,,,,,cases,5
bambu,2026-08-16,,,,,,cases,40
bambu,2026-08-23,,,,,,cases,18
bambu,2026-08-30,,,,,,cases,34
bambu,2026-09-06,,,,,,cases,15
bambu,2026-09-13,,,,,,cases,3
bambu,2026-09-20,,,,,,cases,17
bambu,2026-09-27,,,,,,cases,6
boga,2026-08-09,,,,,,cases,0
boga,2026-08-16,,,,,,cases,0
boga,2026-08-23,,,,,,cases,0
boga,2026-08-30,,,,,,cases,1
boga,2026-09-06,,,,,,cases,0
boga,2026-09-13,,,,,,cases,0
boga,2026-09-20,,,,,,cases,0
boga,2026-09-27,,,,,,cases,0
bunia,2026-08-09,,,,,,cases,36
bunia,2026-08-16,,,,,,cases,224
bunia,2026-08-23,,,,,,cases,124
bunia,2026-08-30,,,,,,cases,99
bunia,2026-09-06,,,,,,cases,91
bunia,2026-09-13,,,,,,cases,95
bunia,2026-09-20,,,,,,cases,79
bunia,2026-09-27,,,,,,cases,43
damas,2026-08-09,,,,,,cases,0
damas,2026-08-16,,,,,,cases,7
damas,2026-08-23,,,,,,cases,2
damas,2026-08-30,,,,,,cases,1
damas,2026-09-06,,,,,,cases,2
damas,2026-09-13,,,,,,cases,9
damas,2026-09-20,,,,,,cases,1
damas,2026-09-27,,,,,,cases,0
drodro,2026-08-09,,,,,,cases,0
drodro,2026-08-16,,,,,,cases,2
drodro,2026-08-23,,,,,,cases,0
drodro,2026-08-30,,,,,,cases,0
drodro,2026-09-06,,,,,,cases,2
drodro,2026-09-13,,,,,,cases,0
drodro,2026-09-20,,,,,,cases,0
drodro,2026-09-27,,,,,,cases,0
fataki,2026-08-09,,,,,,cases,5
fataki,2026-08-16,,,,,,cases,29
fataki,2026-08-23,,,,,,cases,4
fataki,2026-08-30,,,,,,cases,3
fataki,2026-09-06,,,,,,cases,2
fataki,2026-09-13,,,,,,cases,0
fataki,2026-09-20,,,,,,cases,3
fataki,2026-09-27,,,,,,cases,1
gety,2026-08-09,,,,,,cases,0
gety,2026-08-16,,,,,,cases,3
gety,2026-08-23,,,,,,cases,1
gety,2026-08-30,,,,,,cases,1
gety,2026-09-06,,,,,,cases,1
gety,2026-09-13,,,,,,cases,0
gety,2026-09-20,,,,,,cases,0
gety,2026-09-27,,,,,,cases,0
kambala,2026-08-09,,,,,,cases,0
kambala,2026-08-16,,,,,,cases,0
kambala,2026-08-23,,,,,,cases,0
kambala,2026-08-30,,,,,,cases,0
kambala,2026-09-06,,,,,,cases,0
kambala,2026-09-13,,,,,,cases,0
kambala,2026-09-20,,,,,,cases,0
kambala,2026-09-27,,,,,,cases,0
kilo,2026-08-09,,,,,,cases,0
kilo,2026-08-16,,,,,,cases,2
kilo,2026-08-23,,,,,,cases,1
kilo,2026-08-30,,,,,,cases,0
kilo,2026-09-06,,,,,,cases,1
kilo,2026-09-13,,,,,,cases,0
kilo,2026-09-20,,,,,,cases,1
kilo,2026-09-27,,,,,,cases,1
komanda,2026-08-09,,,,,,cases,1
komanda,2026-08-16,,,,,,cases,10
komanda,2026-08-23,,,,,,cases,11
komanda,2026-08-30,,,,,,cases,19
komanda,2026-09-06,,,,,,cases,35
komanda,2026-09-13,,,,,,cases,22
komanda,2026-09-20,,,,,,cases,12
komanda,2026-09-27,,,,,,cases,20
lita,2026-08-09,,,,,,cases,10
lita,2026-08-16,,,,,,cases,30
lita,2026-08-23,,,,,,cases,16
lita,2026-08-30,,,,,,cases,21
lita,2026-09-06,,,,,,cases,24
lita,2026-09-13,,,,,,cases,20
lita,2026-09-20,,,,,,cases,13
lita,2026-09-27,,,,,,cases,8
logo,2026-08-09,,,,,,cases,1
logo,2026-08-16,,,,,,cases,1
logo,2026-08-23,,,,,,cases,0
logo,2026-08-30,,,,,,cases,0
logo,2026-09-06,,,,,,cases,2
logo,2026-09-13,,,,,,cases,0
logo,2026-09-20,,,,,,cases,0
logo,2026-09-27,,,,,,cases,0
lolwa,2026-08-09,,,,,,cases,0
lolwa,2026-08-16,,,,,,cases,8
lolwa,2026-08-23,,,,,,cases,3
lolwa,2026-08-30,,,,,,cases,4
lolwa,2026-09-06,,,,,,cases,3
lolwa,2026-09-13,,,,,,cases,6
lolwa,2026-09-20,,,,,,cases,0
lolwa,2026-09-27,,,,,,cases,2
mahagi,2026-08-09,,,,,,cases,0
mahagi,2026-08-16,,,,,,cases,0
mahagi,2026-08-23,,,,,,cases,0
mahagi,2026-08-30,,,,,,cases,0
mahagi,2026-09-06,,,,,,cases,0
mahagi,2026-09-13,,,,,,cases,0
mahagi,2026-09-20,,,,,,cases,0
mahagi,2026-09-27,,,,,,cases,0
mambasa,2026-08-09,,,,,,cases,0
mambasa,2026-08-16,,,,,,cases,4
mambasa,2026-08-23,,,,,,cases,0
mambasa,2026-08-30,,,,,,cases,3
mambasa,2026-09-06,,,,,,cases,0
mambasa,2026-09-13,,,,,,cases,0
mambasa,2026-09-20,,,,,,cases,4
mambasa,2026-09-27,,,,,,cases,8
mandima,2026-08-09,,,,,,cases,0
mandima,2026-08-16,,,,,,cases,7
mandima,2026-08-23,,,,,,cases,9
mandima,2026-08-30,,,,,,cases,4
mandima,2026-09-06,,,,,,cases,5
mandima,2026-09-13,,,,,,cases,6
mandima,2026-09-20,,,,,,cases,12
mandima,2026-09-27,,,,,,cases,61
mangala,2026-08-09,,,,,,cases,3
mangala,2026-08-16,,,,,,cases,54
mangala,2026-08-23,,,,,,cases,35
mangala,2026-08-30,,,,,,cases,49
mangala,2026-09-06,,,,,,cases,44
mangala,2026-09-13,,,,,,cases,23
mangala,2026-09-20,,,,,,cases,24
mangala,2026-09-27,,,,,,cases,9
mongbwalu,2026-08-09,,,,,,cases,6
mongbwalu,2026-08-16,,,,,,cases,32
mongbwalu,2026-08-23,,,,,,cases,12
mongbwalu,2026-08-30,,,,,,cases,8
mongbwalu,2026-09-06,,,,,,cases,24
mongbwalu,2026-09-13,,,,,,cases,29
mongbwalu,2026-09-20,,,,,,cases,26
mongbwalu,2026-09-27,,,,,,cases,9
nia_nia,2026-08-09,,,,,,cases,8
nia_nia,2026-08-16,,,,,,cases,58
nia_nia,2026-08-23,,,,,,cases,23
nia_nia,2026-08-30,,,,,,cases,22
nia_nia,2026-09-06,,,,,,cases,11
nia_nia,2026-09-13,,,,,,cases,13
nia_nia,2026-09-20,,,,,,cases,30
nia_nia,2026-09-27,,,,,,cases,24
nizi,2026-08-09,,,,,,cases,29
nizi,2026-08-16,,,,,,cases,108
nizi,2026-08-23,,,,,,cases,73
nizi,2026-08-30,,,,,,cases,50
nizi,2026-09-06,,,,,,cases,45
nizi,2026-09-13,,,,,,cases,25
nizi,2026-09-20,,,,,,cases,24
nizi,2026-09-27,,,,,,cases,16
nyankunde,2026-08-09,,,,,,cases,0
nyankunde,2026-08-16,,,,,,cases,6
nyankunde,2026-08-23,,,,,,cases,1
nyankunde,2026-08-30,,,,,,cases,2
nyankunde,2026-09-06,,,,,,cases,1
nyankunde,2026-09-13,,,,,,cases,0
nyankunde,2026-09-20,,,,,,cases,2
nyankunde,2026-09-27,,,,,,cases,1
rimba,2026-08-09,,,,,,cases,0
rimba,2026-08-16,,,,,,cases,0
rimba,2026-08-23,,,,,,cases,1
rimba,2026-08-30,,,,,,cases,0
rimba,2026-09-06,,,,,,cases,1
rimba,2026-09-13,,,,,,cases,0
rimba,2026-09-20,,,,,,cases,1
rimba,2026-09-27,,,,,,cases,0
rwampara,2026-08-09,,,,,,cases,37
rwampara,2026-08-16,,,,,,cases,164
rwampara,2026-08-23,,,,,,cases,57
rwampara,2026-08-30,,,,,,cases,37
rwampara,2026-09-06,,,,,,cases,37
rwampara,2026-09-13,,,,,,cases,32
rwampara,2026-09-20,,,,,,cases,35
rwampara,2026-09-27,,,,,,cases,25
tchomia,2026-08-09,,,,,,cases,2
tchomia,2026-08-16,,,,,,cases,5
tchomia,2026-08-23,,,,,,cases,5
tchomia,2026-08-30,,,,,,cases,2
tchomia,2026-09-06,,,,,,cases,3
tchomia,2026-09-13,,,,,,cases,11
tchomia,2026-09-20,,,,,,cases,4
tchomia,2026-09-27,,,,,,cases,1
beni,2026-08-09,,,,,,cases,0
beni,2026-08-16,,,,,,cases,29
beni,2026-08-23,,,,,,cases,24
beni,2026-08-30,,,,,,cases,21
beni,2026-09-06,,,,,,cases,38
beni,2026-09-13,,,,,,cases,52
beni,2026-09-20,,,,,,cases,53
beni,2026-09-27,,,,,,cases,56
biena,2026-08-09,,,,,,cases,0
biena,2026-08-16,,,,,,cases,0
biena,2026-08-23,,,,,,cases,0
biena,2026-08-30,,,,,,cases,1
biena,2026-09-06,,,,,,cases,8
biena,2026-09-13,,,,,,cases,8
biena,2026-09-20,,,,,,cases,1
biena,2026-09-27,,,,,,cases,0
butembo,2026-08-09,,,,,,cases,5
butembo,2026-08-16,,,,,,cases,20
butembo,2026-08-23,,,,,,cases,26
butembo,2026-08-30,,,,,,cases,27
butembo,2026-09-06,,,,,,cases,43
butembo,2026-09-13,,,,,,cases,31
butembo,2026-09-20,,,,,,cases,13
butembo,2026-09-27,,,,,,cases,5
goma,2026-08-09,,,,,,cases,0
goma,2026-08-16,,,,,,cases,0
goma,2026-08-23,,,,,,cases,0
goma,2026-08-30,,,,,,cases,0
goma,2026-09-06,,,,,,cases,0
goma,2026-09-13,,,,,,cases,0
goma,2026-09-20,,,,,,cases,0
goma,2026-09-27,,,,,,cases,0
kalunguta,2026-08-09,,,,,,cases,1
kalunguta,2026-08-16,,,,,,cases,5
kalunguta,2026-08-23,,,,,,cases,2
kalunguta,2026-08-30,,,,,,cases,1
kalunguta,2026-09-06,,,,,,cases,2
kalunguta,2026-09-13,,,,,,cases,12
kalunguta,2026-09-20,,,,,,cases,17
kalunguta,2026-09-27,,,,,,cases,6
katwa,2026-08-09,,,,,,cases,14
katwa,2026-08-16,,,,,,cases,91
katwa,2026-08-23,,,,,,cases,57
katwa,2026-08-30,,,,,,cases,42
katwa,2026-09-06,,,,,,cases,67
katwa,2026-09-13,,,,,,cases,66
katwa,2026-09-20,,,,,,cases,21
katwa,2026-09-27,,,,,,cases,15
kayna,2026-08-09,,,,,,cases,0
kayna,2026-08-16,,,,,,cases,0
kayna,2026-08-23,,,,,,cases,0
kayna,2026-08-30,,,,,,cases,0
kayna,2026-09-06,,,,,,cases,1
kayna,2026-09-13,,,,,,cases,0
kayna,2026-09-20,,,,,,cases,0
kayna,2026-09-27,,,,,,cases,0
kyondo,2026-08-09,,,,,,cases,0
kyondo,2026-08-16,,,,,,cases,2
kyondo,2026-08-23,,,,,,cases,1
kyondo,2026-08-30,,,,,,cases,0
kyondo,2026-09-06,,,,,,cases,7
kyondo,2026-09-13,,,,,,cases,7
kyondo,2026-09-20,,,,,,cases,2
kyondo,2026-09-27,,,,,,cases,1
lubero,2026-08-09,,,,,,cases,0
lubero,2026-08-16,,,,,,cases,0
lubero,2026-08-23,,,,,,cases,0
lubero,2026-08-30,,,,,,cases,0
lubero,2026-09-06,,,,,,cases,5
lubero,2026-09-13,,,,,,cases,9
lubero,2026-09-20,,,,,,cases,5
lubero,2026-09-27,,,,,,cases,1
mabalako,2026-08-09,,,,,,cases,0
mabalako,2026-08-16,,,,,,cases,1
mabalako,2026-08-23,,,,,,cases,1
mabalako,2026-08-30,,,,,,cases,2
mabalako,2026-09-06,,,,,,cases,5
mabalako,2026-09-13,,,,,,cases,9
mabalako,2026-09-20,,,,,,cases,5
mabalako,2026-09-27,,,,,,cases,7
manguredjipa,2026-08-09,,,,,,cases,0
manguredjipa,2026-08-16,,,,,,cases,0
manguredjipa,2026-08-23,,,,,,cases,0
manguredjipa,2026-08-30,,,,,,cases,1
manguredjipa,2026-09-06,,,,,,cases,2
manguredjipa,2026-09-13,,,,,,cases,5
manguredjipa,2026-09-20,,,,,,cases,3
manguredjipa,2026-09-27,,,,,,cases,2
masereka,2026-08-09,,,,,,cases,0
masereka,2026-08-16,,,,,,cases,2
masereka,2026-08-23,,,,,,cases,0
masereka,2026-08-30,,,,,,cases,2
masereka,2026-09-06,,,,,,cases,6
masereka,2026-09-13,,,,,,cases,5
masereka,2026-09-20,,,,,,cases,5
masereka,2026-09-27,,,,,,cases,3
musienene,2026-08-09,,,,,,cases,2
musienene,2026-08-16,,,,,,cases,17
musienene,2026-08-23,,,,,,cases,8
musienene,2026-08-30,,,,,,cases,9
musienene,2026-09-06,,,,,,cases,15
musienene,2026-09-13,,,,,,cases,22
musienene,2026-09-20,,,,,,cases,5
musienene,2026-09-27,,,,,,cases,1
mutwanga,2026-08-09,,,,,,cases,0
mutwanga,2026-08-16,,,,,,cases,0
mutwanga,2026-08-23,,,,,,cases,1
mutwanga,2026-08-30,,,,,,cases,0
mutwanga,2026-09-06,,,,,,cases,1
mutwanga,2026-09-13,,,,,,cases,4
mutwanga,2026-09-20,,,,,,cases,3
mutwanga,2026-09-27,,,,,,cases,3
oicha,2026-08-09,,,,,,cases,0
oicha,2026-08-16,,,,,,cases,1
oicha,2026-08-23,,,,,,cases,1
oicha,2026-08-30,,,,,,cases,1
oicha,2026-09-06,,,,,,cases,2
oicha,2026-09-13,,,,,,cases,2
oicha,2026-09-20,,,,,,cases,3
oicha,2026-09-27,,,,,,cases,12
vuhovi,2026-08-09,,,,,,cases,0
vuhovi,2026-08-16,,,,,,cases,3
vuhovi,2026-08-23,,,,,,cases,0
vuhovi,2026-08-30,,,,,,cases,1
vuhovi,2026-09-06,,,,,,cases,1
vuhovi,2026-09-13,,,,,,cases,10
vuhovi,2026-09-20,,,,,,cases,8
vuhovi,2026-09-27,,,,,,cases,4
boma_mangbetu,2026-08-09,,,,,,cases,0
boma_mangbetu,2026-08-16,,,,,,cases,9
boma_mangbetu,2026-08-23,,,,,,cases,4
boma_mangbetu,2026-08-30,,,,,,cases,1
boma_mangbetu,2026-09-06,,,,,,cases,2
boma_mangbetu,2026-09-13,,,,,,cases,3
boma_mangbetu,2026-09-20,,,,,,cases,4
boma_mangbetu,2026-09-27,,,,,,cases,3
dungu,2026-08-09,,,,,,cases,0
dungu,2026-08-16,,,,,,cases,0
dungu,2026-08-23,,,,,,cases,0
dungu,2026-08-30,,,,,,cases,0
dungu,2026-09-06,,,,,,cases,0
dungu,2026-09-13,,,,,,cases,0
dungu,2026-09-20,,,,,,cases,1
dungu,2026-09-27,,,,,,cases,0
gombari,2026-08-09,,,,,,cases,0
gombari,2026-08-16,,,,,,cases,1
gombari,2026-08-23,,,,,,cases,2
gombari,2026-08-30,,,,,,cases,0
gombari,2026-09-06,,,,,,cases,0
gombari,2026-09-13,,,,,,cases,0
gombari,2026-09-20,,,,,,cases,0
gombari,2026-09-27,,,,,,cases,0
isiro,2026-08-09,,,,,,cases,6
isiro,2026-08-16,,,,,,cases,17
isiro,2026-08-23,,,,,,cases,26
isiro,2026-08-30,,,,,,cases,13
isiro,2026-09-06,,,,,,cases,11
isiro,2026-09-13,,,,,,cases,5
isiro,2026-09-20,,,,,,cases,2
isiro,2026-09-27,,,,,,cases,2
pawa,2026-08-09,,,,,,cases,0
pawa,2026-08-16,,,,,,cases,8
pawa,2026-08-23,,,,,,cases,0
pawa,2026-08-30,,,,,,cases,13
pawa,2026-09-06,,,,,,cases,10
pawa,2026-09-13,,,,,,cases,15
pawa,2026-09-20,,,,,,cases,10
pawa,2026-09-27,,,,,,cases,12
rungu,2026-08-09,,,,,,cases,0
rungu,2026-08-16,,,,,,cases,0
rungu,2026-08-23,,,,,,cases,0
rungu,2026-08-30,,,,,,cases,0
rungu,2026-09-06,,,,,,cases,1
rungu,2026-09-13,,,,,,cases,0
rungu,2026-09-20,,,,,,cases,0
rungu,2026-09-27,,,,,,cases,0
wamba,2026-08-09,,,,,,cases,0
wamba,2026-08-16,,,,,,cases,38
wamba,2026-08-23,,,,,,cases,10
wamba,2026-08-30,,,,,,cases,14
wamba,2026-09-06,,,,,,cases,7
wamba,2026-09-13,,,,,,cases,5
wamba,2026-09-20,,,,,,cases,13
wamba,2026-09-27,,,,,,cases,7
miti_murhesa,2026-08-09,,,,,,cases,0
miti_murhesa,2026-08-16,,,,,,cases,0
miti_murhesa,2026-08-23,,,,,,cases,0
miti_murhesa,2026-08-30,,,,,,cases,0
miti_murhesa,2026-09-06,,,,,,cases,0
miti_murhesa,2026-09-13,,,,,,cases,0
miti_murhesa,2026-09-20,,,,,,cases,0
miti_murhesa,2026-09-27,,,,,,cases,0
bafwasende,2026-08-09,,,,,,cases,0
bafwasende,2026-08-16,,,,,,cases,1
bafwasende,2026-08-23,,,,,,cases,0
bafwasende,2026-08-30,,,,,,cases,1
bafwasende,2026-09-06,,,,,,cases,0
bafwasende,2026-09-13,,,,,,cases,5
bafwasende,2026-09-20,,,,,,cases,0
bafwasende,2026-09-27,,,,,,cases,0
kabondo,2026-08-09,,,,,,cases,0
kabondo,2026-08-16,,,,,,cases,2
kabondo,2026-08-23,,,,,,cases,0
kabondo,2026-08-30,,,,,,cases,0
kabondo,2026-09-06,,,,,,cases,1
kabondo,2026-09-13,,,,,,cases,0
kabondo,2026-09-20,,,,,,cases,1
kabondo,2026-09-27,,,,,,cases,0
lubunga,2026-08-09,,,,,,cases,0
lubunga,2026-08-16,,,,,,cases,0
lubunga,2026-08-23,,,,,,cases,0
lubunga,2026-08-30,,,,,,cases,0
lubunga,2026-09-06,,,,,,cases,0
lubunga,2026-09-13,,,,,,cases,0
lubunga,2026-09-20,,,,,,cases,0
lubunga,2026-09-27,,,,,,cases,0
makiso_kisangani,2026-08-09,,,,,,cases,0
makiso_kisangani,2026-08-16,,,,,,cases,2
makiso_kisangani,2026-08-23,,,,,,cases,1
makiso_kisangani,2026-08-30,,,,,,cases,3
makiso_kisangani,2026-09-06,,,,,,cases,1
makiso_kisangani,2026-09-13,,,,,,cases,0
makiso_kisangani,2026-09-20,,,,,,cases,10
makiso_kisangani,2026-09-27,,,,,,cases,3
mangobo,2026-08-09,,,,,,cases,0
mangobo,2026-08-16,,,,,,cases,1
mangobo,2026-08-23,,,,,,cases,0
mangobo,2026-08-30,,,,,,cases,0
mangobo,2026-09-06,,,,,,cases,1
mangobo,2026-09-13,,,,,,cases,1
mangobo,2026-09-20,,,,,,cases,0
mangobo,2026-09-27,,,,,,cases,1
tshopo,2026-08-09,,,,,,cases,0
tshopo,2026-08-16,,,,,,cases,1
tshopo,2026-08-23,,,,,,cases,0
tshopo,2026-08-30,,,,,,cases,0
tshopo,2026-09-06,,,,,,cases,0
tshopo,2026-09-13,,,,,,cases,0
tshopo,2026-09-20,,,,,,cases,0
tshopo,2026-09-27,,,,,,cases,0
wanie_rukula,2026-08-09,,,,,,cases,0
wanie_rukula,2026-08-16,,,,,,cases,0
wanie_rukula,2026-08-23,,,,,,cases,0
wanie_rukula,2026-08-30,,,,,,cases,0
wanie_rukula,2026-09-06,,,,,,cases,0
wanie_rukula,2026-09-13,,,,,,cases,0
wanie_rukula,2026-09-20,,,,,,cases,0
wanie_rukula,2026-09-27,,,,,,cases,0
buta,2026-08-09,,,,,,cases,0
buta,2026-08-16,,,,,,cases,1
buta,2026-08-23,,,,,,cases,0
buta,2026-08-30,,,,,,cases,0
buta,2026-09-06,,,,,,cases,0
buta,2026-09-13,,,,,,cases,0
buta,2026-09-20,,,,,,cases,0
buta,2026-09-27,,,,,,cases,0
ganga,2026-08-09,,,,,,cases,0
ganga,2026-08-16,,,,,,cases,0
ganga,2026-08-23,,,,,,cases,0
ganga,2026-08-30,,,,,,cases,2
ganga,2026-09-06,,,,,,cases,0
ganga,2026-09-13,,,,,,cases,1
ganga,2026-09-20,,,,,,cases,0
ganga,2026-09-27,,,,,,cases,0
viadana,2026-08-09,,,,,,cases,0
viadana,2026-08-16,,,,,,cases,0
viadana,2026-08-23,,,,,,cases,1
viadana,2026-08-30,,,,,,cases,0
viadana,2026-09-06,,,,,,cases,0
viadana,2026-09-13,,,,,,cases,0
viadana,2026-09-20,,,,,,cases,2
viadana,2026-09-27,,,,,,cases,3
bulu,2026-08-09,,,,,,cases,0
bulu,2026-08-16,,,,,,cases,0
bulu,2026-08-23,,,,,,cases,0
bulu,2026-08-30,,,,,,cases,0
bulu,2026-09-06,,,,,,cases,0
bulu,2026-09-13,,,,,,cases,1
bulu,2026-09-20,,,,,,cases,0
bulu,2026-09-27,,,,,,cases,1
