area,date,median,lower_90,upper_90,lower_50,upper_50,series,count
ariwara,2026-07-30,1.059,0.947,1.176,1.01,1.109,rt,
ariwara,2026-07-31,1.05,0.941,1.158,1.001,1.095,rt,
ariwara,2026-08-01,1.038,0.927,1.15,0.991,1.085,rt,
ariwara,2026-08-02,1.026,0.903,1.143,0.977,1.071,rt,
ariwara,2026-08-03,1.009,0.88,1.133,0.957,1.059,rt,
ariwara,2026-08-04,1.004,0.879,1.122,0.955,1.05,rt,
ariwara,2026-08-05,0.998,0.878,1.113,0.952,1.044,rt,
ariwara,2026-08-06,0.994,0.875,1.108,0.946,1.038,rt,
ariwara,2026-08-07,0.984,0.867,1.085,0.935,1.025,rt,
ariwara,2026-08-08,0.973,0.857,1.068,0.923,1.013,rt,
ariwara,2026-08-09,0.96,0.843,1.064,0.911,1.003,rt,
ariwara,2026-08-10,0.939,0.82,1.053,0.889,0.985,rt,
ariwara,2026-08-11,0.93,0.818,1.038,0.883,0.975,rt,
ariwara,2026-08-12,0.921,0.811,1.029,0.875,0.965,rt,
ariwara,2026-08-13,0.912,0.801,1.022,0.867,0.957,rt,
ariwara,2026-08-14,0.903,0.796,1.01,0.861,0.947,rt,
ariwara,2026-08-15,0.892,0.79,0.997,0.853,0.936,rt,
ariwara,2026-08-16,0.882,0.781,0.989,0.842,0.926,rt,
ariwara,2026-08-17,0.881,0.775,0.994,0.839,0.927,rt,
ariwara,2026-08-18,0.883,0.78,0.992,0.841,0.927,rt,
ariwara,2026-08-19,0.885,0.785,0.997,0.844,0.927,rt,
ariwara,2026-08-20,0.887,0.786,1.0,0.845,0.929,rt,
ariwara,2026-08-21,0.893,0.797,1.005,0.854,0.934,rt,
ariwara,2026-08-22,0.899,0.802,1.008,0.859,0.937,rt,
ariwara,2026-08-23,0.901,0.806,1.012,0.859,0.942,rt,
ariwara,2026-08-24,0.913,0.812,1.033,0.87,0.958,rt,
ariwara,2026-08-25,0.934,0.834,1.053,0.891,0.978,rt,
ariwara,2026-08-26,0.952,0.85,1.071,0.91,0.997,rt,
ariwara,2026-08-27,0.971,0.866,1.093,0.929,1.016,rt,
ariwara,2026-08-28,0.99,0.883,1.106,0.947,1.035,rt,
ariwara,2026-08-29,1.007,0.898,1.122,0.961,1.051,rt,
ariwara,2026-08-30,1.021,0.906,1.135,0.971,1.068,rt,
ariwara,2026-08-31,1.019,0.896,1.14,0.965,1.07,rt,
ariwara,2026-09-01,1.025,0.907,1.144,0.974,1.076,rt,
ariwara,2026-09-02,1.032,0.914,1.153,0.983,1.085,rt,
ariwara,2026-09-03,1.036,0.918,1.166,0.986,1.089,rt,
ariwara,2026-09-04,1.032,0.92,1.152,0.985,1.081,rt,
ariwara,2026-09-05,1.028,0.914,1.146,0.98,1.075,rt,
ariwara,2026-09-06,1.019,0.904,1.141,0.971,1.068,rt,
ariwara,2026-09-07,0.996,0.876,1.124,0.945,1.047,rt,
ariwara,2026-09-08,0.979,0.862,1.106,0.93,1.03,rt,
ariwara,2026-09-09,0.961,0.843,1.085,0.913,1.012,rt,
ariwara,2026-09-10,0.942,0.822,1.067,0.891,0.995,rt,
ariwara,2026-09-11,0.919,0.805,1.042,0.87,0.972,rt,
ariwara,2026-09-12,0.896,0.782,1.023,0.847,0.95,rt,
ariwara,2026-09-13,0.872,0.754,1.002,0.821,0.927,rt,
ariwara,2026-09-14,0.854,0.727,0.992,0.8,0.909,rt,
ariwara,2026-09-15,0.848,0.716,0.989,0.796,0.902,rt,
ariwara,2026-09-16,0.844,0.711,0.987,0.789,0.897,rt,
ariwara,2026-09-17,0.839,0.706,0.99,0.783,0.895,rt,
ariwara,2026-09-18,0.84,0.698,0.991,0.781,0.898,rt,
ariwara,2026-09-19,0.839,0.69,0.994,0.778,0.9,rt,
ariwara,2026-09-20,0.838,0.681,1.004,0.772,0.904,rt,
ariwara,2026-09-21,0.844,0.675,1.019,0.773,0.916,rt,
ariwara,2026-09-22,0.849,0.673,1.032,0.775,0.924,rt,
ariwara,2026-09-23,0.854,0.674,1.048,0.776,0.931,rt,
ariwara,2026-09-24,0.857,0.67,1.07,0.778,0.94,rt,
ariwara,2026-09-25,0.862,0.67,1.081,0.778,0.952,rt,
ariwara,2026-09-26,0.866,0.663,1.094,0.777,0.962,rt,
ariwara,2026-09-27,0.869,0.649,1.103,0.775,0.973,rt,
ariwara,2026-09-28,0.863,0.628,1.121,0.763,0.973,rt,
ariwara,2026-09-29,0.863,0.625,1.135,0.758,0.976,rt,
ariwara,2026-09-30,0.863,0.614,1.152,0.753,0.979,rt,
ariwara,2026-10-01,0.859,0.602,1.159,0.745,0.982,rt,
ariwara,2026-10-02,0.859,0.601,1.174,0.742,0.979,rt,
ariwara,2026-10-03,0.859,0.592,1.2,0.737,0.981,rt,
ariwara,2026-10-04,0.859,0.57,1.236,0.727,0.984,rt,
ariwara,2026-10-05,0.861,0.556,1.285,0.725,0.998,rt,
ariwara,2026-10-06,0.886,0.555,1.275,0.738,1.033,rt,
aru,2026-06-02,1.271,0.969,1.626,1.135,1.429,rt,
aru,2026-06-03,1.29,0.999,1.63,1.159,1.436,rt,
aru,2026-06-04,1.301,1.029,1.62,1.178,1.432,rt,
aru,2026-06-05,1.312,1.045,1.624,1.195,1.436,rt,
aru,2026-06-06,1.316,1.055,1.622,1.199,1.433,rt,
aru,2026-06-07,1.313,1.062,1.613,1.2,1.424,rt,
aru,2026-06-08,1.307,1.057,1.596,1.196,1.42,rt,
aru,2026-06-09,1.297,1.058,1.577,1.193,1.405,rt,
aru,2026-06-10,1.284,1.058,1.552,1.186,1.386,rt,
aru,2026-06-11,1.268,1.046,1.53,1.18,1.366,rt,
aru,2026-06-12,1.262,1.046,1.503,1.177,1.353,rt,
aru,2026-06-13,1.252,1.04,1.483,1.165,1.337,rt,
aru,2026-06-14,1.239,1.032,1.466,1.152,1.33,rt,
aru,2026-06-15,1.228,1.017,1.454,1.14,1.318,rt,
aru,2026-06-16,1.223,1.021,1.437,1.14,1.309,rt,
aru,2026-06-17,1.218,1.024,1.423,1.141,1.299,rt,
aru,2026-06-18,1.213,1.022,1.412,1.139,1.293,rt,
aru,2026-06-19,1.205,1.024,1.398,1.133,1.288,rt,
aru,2026-06-20,1.198,1.021,1.389,1.124,1.281,rt,
aru,2026-06-21,1.188,1.015,1.382,1.116,1.272,rt,
aru,2026-06-22,1.196,1.018,1.403,1.122,1.279,rt,
aru,2026-06-23,1.196,1.024,1.393,1.125,1.273,rt,
aru,2026-06-24,1.196,1.03,1.384,1.127,1.272,rt,
aru,2026-06-25,1.195,1.032,1.383,1.128,1.267,rt,
aru,2026-06-26,1.194,1.034,1.375,1.128,1.263,rt,
aru,2026-06-27,1.19,1.035,1.37,1.124,1.258,rt,
aru,2026-06-28,1.187,1.028,1.365,1.119,1.256,rt,
aru,2026-06-29,1.157,0.994,1.337,1.09,1.228,rt,
aru,2026-06-30,1.141,0.985,1.304,1.076,1.203,rt,
aru,2026-07-01,1.123,0.977,1.276,1.063,1.179,rt,
aru,2026-07-02,1.107,0.967,1.256,1.048,1.161,rt,
aru,2026-07-03,1.092,0.962,1.235,1.038,1.147,rt,
aru,2026-07-04,1.078,0.948,1.216,1.026,1.131,rt,
aru,2026-07-05,1.066,0.932,1.203,1.009,1.119,rt,
aru,2026-07-06,1.061,0.92,1.209,1.0,1.117,rt,
aru,2026-07-07,1.07,0.933,1.205,1.013,1.123,rt,
aru,2026-07-08,1.076,0.944,1.206,1.021,1.129,rt,
aru,2026-07-09,1.082,0.951,1.213,1.029,1.136,rt,
aru,2026-07-10,1.089,0.961,1.213,1.038,1.139,rt,
aru,2026-07-11,1.093,0.964,1.221,1.042,1.145,rt,
aru,2026-07-12,1.096,0.962,1.231,1.045,1.151,rt,
aru,2026-07-13,1.089,0.95,1.23,1.035,1.148,rt,
aru,2026-07-14,1.085,0.954,1.213,1.033,1.139,rt,
aru,2026-07-15,1.08,0.958,1.201,1.032,1.133,rt,
aru,2026-07-16,1.073,0.959,1.199,1.027,1.127,rt,
aru,2026-07-17,1.071,0.96,1.193,1.025,1.12,rt,
aru,2026-07-18,1.065,0.953,1.189,1.019,1.115,rt,
aru,2026-07-19,1.059,0.942,1.187,1.011,1.111,rt,
aru,2026-07-20,1.058,0.931,1.195,1.008,1.117,rt,
aru,2026-07-21,1.059,0.941,1.183,1.008,1.112,rt,
aru,2026-07-22,1.058,0.945,1.175,1.008,1.107,rt,
aru,2026-07-23,1.056,0.941,1.175,1.004,1.103,rt,
aru,2026-07-24,1.053,0.941,1.166,1.004,1.102,rt,
aru,2026-07-25,1.048,0.937,1.163,1.001,1.1,rt,
aru,2026-07-26,1.043,0.928,1.166,0.995,1.095,rt,
aru,2026-07-27,1.041,0.919,1.173,0.988,1.093,rt,
aru,2026-07-28,1.039,0.921,1.16,0.989,1.088,rt,
aru,2026-07-29,1.036,0.919,1.15,0.987,1.085,rt,
aru,2026-07-30,1.032,0.92,1.146,0.984,1.08,rt,
aru,2026-07-31,1.022,0.914,1.133,0.976,1.07,rt,
aru,2026-08-01,1.013,0.903,1.125,0.966,1.061,rt,
aru,2026-08-02,1.0,0.882,1.12,0.954,1.05,rt,
aru,2026-08-03,0.985,0.858,1.114,0.936,1.039,rt,
aru,2026-08-04,0.983,0.863,1.103,0.936,1.031,rt,
aru,2026-08-05,0.979,0.865,1.096,0.931,1.025,rt,
aru,2026-08-06,0.973,0.858,1.088,0.928,1.019,rt,
aru,2026-08-07,0.965,0.852,1.069,0.919,1.008,rt,
aru,2026-08-08,0.956,0.84,1.06,0.907,0.999,rt,
aru,2026-08-09,0.945,0.828,1.053,0.896,0.987,rt,
aru,2026-08-10,0.926,0.807,1.039,0.874,0.97,rt,
aru,2026-08-11,0.917,0.803,1.025,0.87,0.961,rt,
aru,2026-08-12,0.908,0.795,1.015,0.863,0.952,rt,
aru,2026-08-13,0.899,0.789,1.011,0.855,0.944,rt,
aru,2026-08-14,0.89,0.787,0.998,0.848,0.934,rt,
aru,2026-08-15,0.881,0.78,0.986,0.841,0.926,rt,
aru,2026-08-16,0.871,0.769,0.978,0.83,0.916,rt,
aru,2026-08-17,0.867,0.764,0.982,0.825,0.917,rt,
aru,2026-08-18,0.87,0.77,0.981,0.831,0.917,rt,
aru,2026-08-19,0.873,0.775,0.983,0.834,0.918,rt,
aru,2026-08-20,0.875,0.775,0.989,0.835,0.922,rt,
aru,2026-08-21,0.881,0.786,0.991,0.843,0.927,rt,
aru,2026-08-22,0.886,0.789,0.996,0.848,0.931,rt,
aru,2026-08-23,0.891,0.789,1.002,0.85,0.934,rt,
aru,2026-08-24,0.905,0.796,1.021,0.861,0.951,rt,
aru,2026-08-25,0.926,0.818,1.041,0.882,0.969,rt,
aru,2026-08-26,0.945,0.836,1.06,0.902,0.989,rt,
aru,2026-08-27,0.962,0.85,1.08,0.917,1.009,rt,
aru,2026-08-28,0.981,0.873,1.095,0.935,1.025,rt,
aru,2026-08-29,0.998,0.888,1.11,0.949,1.042,rt,
aru,2026-08-30,1.012,0.897,1.127,0.959,1.057,rt,
aru,2026-08-31,1.01,0.889,1.127,0.954,1.059,rt,
aru,2026-09-01,1.018,0.9,1.135,0.964,1.066,rt,
aru,2026-09-02,1.023,0.905,1.144,0.972,1.071,rt,
aru,2026-09-03,1.029,0.907,1.154,0.975,1.076,rt,
aru,2026-09-04,1.025,0.907,1.145,0.975,1.071,rt,
aru,2026-09-05,1.018,0.903,1.138,0.968,1.064,rt,
aru,2026-09-06,1.009,0.892,1.129,0.961,1.057,rt,
aru,2026-09-07,0.986,0.86,1.113,0.939,1.037,rt,
aru,2026-09-08,0.969,0.845,1.095,0.922,1.019,rt,
aru,2026-09-09,0.951,0.83,1.075,0.901,1.001,rt,
aru,2026-09-10,0.932,0.813,1.057,0.882,0.985,rt,
aru,2026-09-11,0.911,0.794,1.036,0.862,0.963,rt,
aru,2026-09-12,0.888,0.77,1.014,0.838,0.94,rt,
aru,2026-09-13,0.865,0.744,0.999,0.816,0.917,rt,
aru,2026-09-14,0.844,0.719,0.986,0.793,0.901,rt,
aru,2026-09-15,0.838,0.71,0.981,0.788,0.895,rt,
aru,2026-09-16,0.834,0.704,0.98,0.782,0.893,rt,
aru,2026-09-17,0.832,0.698,0.985,0.776,0.893,rt,
aru,2026-09-18,0.832,0.691,0.984,0.774,0.892,rt,
aru,2026-09-19,0.833,0.686,0.99,0.773,0.894,rt,
aru,2026-09-20,0.831,0.675,0.998,0.768,0.899,rt,
aru,2026-09-21,0.835,0.669,1.021,0.769,0.91,rt,
aru,2026-09-22,0.843,0.672,1.03,0.773,0.918,rt,
aru,2026-09-23,0.847,0.673,1.048,0.774,0.927,rt,
aru,2026-09-24,0.852,0.669,1.063,0.773,0.936,rt,
aru,2026-09-25,0.856,0.663,1.077,0.772,0.944,rt,
aru,2026-09-26,0.861,0.656,1.095,0.771,0.952,rt,
aru,2026-09-27,0.863,0.648,1.106,0.769,0.963,rt,
aru,2026-09-28,0.859,0.626,1.116,0.758,0.965,rt,
aru,2026-09-29,0.857,0.617,1.125,0.752,0.969,rt,
aru,2026-09-30,0.857,0.608,1.136,0.748,0.971,rt,
aru,2026-10-01,0.854,0.6,1.144,0.744,0.976,rt,
aru,2026-10-02,0.854,0.592,1.164,0.739,0.979,rt,
aru,2026-10-03,0.853,0.583,1.185,0.734,0.978,rt,
aru,2026-10-04,0.849,0.566,1.216,0.724,0.982,rt,
aru,2026-10-05,0.854,0.547,1.262,0.722,0.999,rt,
aru,2026-10-06,0.883,0.553,1.266,0.731,1.029,rt,
aungba,2026-07-06,1.087,0.94,1.226,1.023,1.139,rt,
aungba,2026-07-07,1.094,0.958,1.222,1.033,1.144,rt,
aungba,2026-07-08,1.102,0.971,1.219,1.042,1.15,rt,
aungba,2026-07-09,1.107,0.977,1.227,1.05,1.155,rt,
aungba,2026-07-10,1.111,0.984,1.226,1.055,1.161,rt,
aungba,2026-07-11,1.114,0.984,1.235,1.058,1.164,rt,
aungba,2026-07-12,1.118,0.982,1.243,1.059,1.171,rt,
aungba,2026-07-13,1.11,0.967,1.238,1.049,1.167,rt,
aungba,2026-07-14,1.104,0.972,1.231,1.047,1.156,rt,
aungba,2026-07-15,1.096,0.973,1.22,1.043,1.148,rt,
aungba,2026-07-16,1.089,0.97,1.207,1.038,1.14,rt,
aungba,2026-07-17,1.085,0.969,1.201,1.035,1.133,rt,
aungba,2026-07-18,1.079,0.964,1.195,1.032,1.129,rt,
aungba,2026-07-19,1.071,0.953,1.197,1.023,1.124,rt,
aungba,2026-07-20,1.07,0.945,1.202,1.019,1.127,rt,
aungba,2026-07-21,1.07,0.953,1.195,1.02,1.121,rt,
aungba,2026-07-22,1.066,0.955,1.187,1.02,1.117,rt,
aungba,2026-07-23,1.063,0.95,1.184,1.016,1.112,rt,
aungba,2026-07-24,1.062,0.951,1.177,1.016,1.107,rt,
aungba,2026-07-25,1.058,0.946,1.172,1.012,1.104,rt,
aungba,2026-07-26,1.052,0.94,1.174,1.005,1.101,rt,
aungba,2026-07-27,1.05,0.926,1.178,0.998,1.101,rt,
aungba,2026-07-28,1.047,0.932,1.166,0.998,1.095,rt,
aungba,2026-07-29,1.044,0.93,1.161,0.998,1.091,rt,
aungba,2026-07-30,1.039,0.927,1.154,0.993,1.085,rt,
aungba,2026-07-31,1.031,0.92,1.137,0.987,1.076,rt,
aungba,2026-08-01,1.023,0.907,1.127,0.977,1.067,rt,
aungba,2026-08-02,1.01,0.887,1.122,0.963,1.056,rt,
aungba,2026-08-03,0.995,0.864,1.119,0.945,1.044,rt,
aungba,2026-08-04,0.99,0.867,1.11,0.944,1.038,rt,
aungba,2026-08-05,0.986,0.868,1.103,0.942,1.032,rt,
aungba,2026-08-06,0.981,0.863,1.098,0.938,1.029,rt,
aungba,2026-08-07,0.972,0.857,1.077,0.927,1.014,rt,
aungba,2026-08-08,0.96,0.846,1.065,0.915,1.003,rt,
aungba,2026-08-09,0.949,0.833,1.056,0.901,0.995,rt,
aungba,2026-08-10,0.93,0.808,1.04,0.88,0.977,rt,
aungba,2026-08-11,0.921,0.805,1.028,0.875,0.967,rt,
aungba,2026-08-12,0.912,0.8,1.02,0.869,0.957,rt,
aungba,2026-08-13,0.904,0.792,1.015,0.861,0.948,rt,
aungba,2026-08-14,0.895,0.789,1.0,0.855,0.935,rt,
aungba,2026-08-15,0.885,0.784,0.99,0.846,0.927,rt,
aungba,2026-08-16,0.875,0.771,0.981,0.835,0.917,rt,
aungba,2026-08-17,0.872,0.765,0.983,0.828,0.916,rt,
aungba,2026-08-18,0.875,0.771,0.981,0.832,0.918,rt,
aungba,2026-08-19,0.877,0.775,0.984,0.835,0.919,rt,
aungba,2026-08-20,0.877,0.775,0.991,0.836,0.92,rt,
aungba,2026-08-21,0.884,0.784,0.993,0.844,0.926,rt,
aungba,2026-08-22,0.888,0.79,0.997,0.849,0.928,rt,
aungba,2026-08-23,0.89,0.791,1.0,0.852,0.932,rt,
aungba,2026-08-24,0.903,0.799,1.016,0.863,0.947,rt,
aungba,2026-08-25,0.923,0.82,1.039,0.883,0.966,rt,
aungba,2026-08-26,0.942,0.837,1.057,0.901,0.987,rt,
aungba,2026-08-27,0.96,0.853,1.078,0.917,1.007,rt,
aungba,2026-08-28,0.978,0.872,1.09,0.932,1.023,rt,
aungba,2026-08-29,0.995,0.882,1.103,0.946,1.04,rt,
aungba,2026-08-30,1.007,0.893,1.119,0.957,1.054,rt,
aungba,2026-08-31,1.005,0.884,1.117,0.953,1.054,rt,
aungba,2026-09-01,1.012,0.894,1.125,0.96,1.059,rt,
aungba,2026-09-02,1.017,0.899,1.134,0.964,1.066,rt,
aungba,2026-09-03,1.021,0.903,1.143,0.97,1.073,rt,
aungba,2026-09-04,1.016,0.901,1.135,0.968,1.067,rt,
aungba,2026-09-05,1.011,0.896,1.128,0.963,1.061,rt,
aungba,2026-09-06,1.002,0.884,1.122,0.955,1.052,rt,
aungba,2026-09-07,0.979,0.855,1.105,0.929,1.031,rt,
aungba,2026-09-08,0.962,0.842,1.086,0.913,1.012,rt,
aungba,2026-09-09,0.944,0.824,1.065,0.895,0.995,rt,
aungba,2026-09-10,0.925,0.804,1.048,0.874,0.978,rt,
aungba,2026-09-11,0.903,0.788,1.024,0.855,0.955,rt,
aungba,2026-09-12,0.879,0.767,1.005,0.83,0.933,rt,
aungba,2026-09-13,0.853,0.738,0.984,0.806,0.909,rt,
aungba,2026-09-14,0.834,0.708,0.971,0.787,0.892,rt,
aungba,2026-09-15,0.828,0.705,0.967,0.781,0.887,rt,
aungba,2026-09-16,0.827,0.696,0.967,0.773,0.881,rt,
aungba,2026-09-17,0.825,0.688,0.97,0.769,0.88,rt,
aungba,2026-09-18,0.822,0.685,0.971,0.766,0.882,rt,
aungba,2026-09-19,0.824,0.678,0.977,0.766,0.884,rt,
aungba,2026-09-20,0.824,0.666,0.985,0.761,0.888,rt,
aungba,2026-09-21,0.828,0.66,1.0,0.761,0.902,rt,
aungba,2026-09-22,0.833,0.663,1.014,0.762,0.911,rt,
aungba,2026-09-23,0.838,0.661,1.032,0.763,0.92,rt,
aungba,2026-09-24,0.842,0.658,1.048,0.761,0.929,rt,
aungba,2026-09-25,0.848,0.656,1.061,0.76,0.937,rt,
aungba,2026-09-26,0.851,0.651,1.078,0.758,0.946,rt,
aungba,2026-09-27,0.855,0.641,1.101,0.758,0.955,rt,
aungba,2026-09-28,0.848,0.621,1.109,0.746,0.955,rt,
aungba,2026-09-29,0.847,0.613,1.121,0.742,0.959,rt,
aungba,2026-09-30,0.844,0.603,1.127,0.737,0.963,rt,
aungba,2026-10-01,0.842,0.593,1.128,0.728,0.961,rt,
aungba,2026-10-02,0.841,0.588,1.153,0.726,0.967,rt,
aungba,2026-10-03,0.842,0.577,1.179,0.718,0.969,rt,
aungba,2026-10-04,0.84,0.557,1.218,0.712,0.973,rt,
aungba,2026-10-05,0.843,0.54,1.252,0.708,0.987,rt,
aungba,2026-10-06,0.873,0.55,1.261,0.721,1.018,rt,
bambu,2026-05-21,1.551,1.034,2.349,1.316,1.826,rt,
bambu,2026-05-22,1.517,1.014,2.294,1.294,1.792,rt,
bambu,2026-05-23,1.479,0.988,2.26,1.272,1.755,rt,
bambu,2026-05-24,1.449,0.953,2.229,1.237,1.742,rt,
bambu,2026-05-25,1.414,0.91,2.215,1.192,1.717,rt,
bambu,2026-05-26,1.415,0.948,2.197,1.206,1.691,rt,
bambu,2026-05-27,1.422,0.965,2.162,1.216,1.689,rt,
bambu,2026-05-28,1.429,0.991,2.154,1.232,1.688,rt,
bambu,2026-05-29,1.438,0.999,2.131,1.234,1.687,rt,
bambu,2026-05-30,1.445,1.0,2.148,1.24,1.68,rt,
bambu,2026-05-31,1.45,0.997,2.175,1.231,1.685,rt,
bambu,2026-06-01,1.469,0.975,2.232,1.238,1.717,rt,
bambu,2026-06-02,1.503,1.043,2.217,1.29,1.734,rt,
bambu,2026-06-03,1.541,1.093,2.199,1.335,1.758,rt,
bambu,2026-06-04,1.577,1.128,2.165,1.368,1.791,rt,
bambu,2026-06-05,1.594,1.147,2.188,1.395,1.821,rt,
bambu,2026-06-06,1.623,1.146,2.222,1.417,1.852,rt,
bambu,2026-06-07,1.626,1.135,2.262,1.409,1.869,rt,
bambu,2026-06-08,1.631,1.124,2.319,1.404,1.888,rt,
bambu,2026-06-09,1.622,1.161,2.264,1.426,1.862,rt,
bambu,2026-06-10,1.62,1.189,2.234,1.434,1.834,rt,
bambu,2026-06-11,1.618,1.2,2.175,1.427,1.825,rt,
bambu,2026-06-12,1.616,1.207,2.163,1.43,1.825,rt,
bambu,2026-06-13,1.604,1.206,2.174,1.42,1.823,rt,
bambu,2026-06-14,1.592,1.174,2.198,1.403,1.829,rt,
bambu,2026-06-15,1.588,1.138,2.246,1.382,1.837,rt,
bambu,2026-06-16,1.586,1.174,2.181,1.397,1.807,rt,
bambu,2026-06-17,1.585,1.2,2.129,1.407,1.791,rt,
bambu,2026-06-18,1.581,1.216,2.105,1.411,1.783,rt,
bambu,2026-06-19,1.567,1.214,2.087,1.409,1.767,rt,
bambu,2026-06-20,1.561,1.198,2.082,1.406,1.765,rt,
bambu,2026-06-21,1.555,1.17,2.111,1.391,1.761,rt,
bambu,2026-06-22,1.575,1.159,2.163,1.388,1.796,rt,
bambu,2026-06-23,1.567,1.187,2.1,1.403,1.768,rt,
bambu,2026-06-24,1.559,1.195,2.047,1.405,1.752,rt,
bambu,2026-06-25,1.556,1.199,2.005,1.398,1.733,rt,
bambu,2026-06-26,1.541,1.192,1.993,1.391,1.709,rt,
bambu,2026-06-27,1.535,1.171,2.01,1.381,1.701,rt,
bambu,2026-06-28,1.515,1.142,2.043,1.363,1.701,rt,
bambu,2026-06-29,1.474,1.082,2.037,1.301,1.67,rt,
bambu,2026-06-30,1.422,1.075,1.922,1.278,1.595,rt,
bambu,2026-07-01,1.381,1.068,1.828,1.247,1.537,rt,
bambu,2026-07-02,1.345,1.045,1.746,1.217,1.486,rt,
bambu,2026-07-03,1.308,1.025,1.685,1.185,1.437,rt,
bambu,2026-07-04,1.272,0.985,1.646,1.151,1.407,rt,
bambu,2026-07-05,1.236,0.941,1.629,1.113,1.385,rt,
bambu,2026-07-06,1.216,0.895,1.618,1.076,1.376,rt,
bambu,2026-07-07,1.212,0.926,1.566,1.092,1.356,rt,
bambu,2026-07-08,1.208,0.941,1.538,1.101,1.336,rt,
bambu,2026-07-09,1.214,0.944,1.527,1.102,1.325,rt,
bambu,2026-07-10,1.204,0.943,1.526,1.095,1.318,rt,
bambu,2026-07-11,1.196,0.93,1.53,1.085,1.326,rt,
bambu,2026-07-12,1.192,0.909,1.569,1.066,1.325,rt,
bambu,2026-07-13,1.174,0.869,1.598,1.033,1.317,rt,
bambu,2026-07-14,1.183,0.896,1.571,1.046,1.309,rt,
bambu,2026-07-15,1.183,0.918,1.544,1.061,1.307,rt,
bambu,2026-07-16,1.186,0.918,1.531,1.061,1.308,rt,
bambu,2026-07-17,1.19,0.923,1.529,1.072,1.323,rt,
bambu,2026-07-18,1.191,0.92,1.553,1.068,1.328,rt,
bambu,2026-07-19,1.195,0.899,1.589,1.059,1.344,rt,
bambu,2026-07-20,1.2,0.88,1.623,1.056,1.36,rt,
bambu,2026-07-21,1.21,0.906,1.578,1.075,1.352,rt,
bambu,2026-07-22,1.219,0.935,1.561,1.09,1.347,rt,
bambu,2026-07-23,1.225,0.953,1.552,1.1,1.344,rt,
bambu,2026-07-24,1.229,0.962,1.542,1.112,1.347,rt,
bambu,2026-07-25,1.235,0.952,1.574,1.113,1.357,rt,
bambu,2026-07-26,1.235,0.932,1.604,1.109,1.371,rt,
bambu,2026-07-27,1.236,0.917,1.636,1.098,1.392,rt,
bambu,2026-07-28,1.243,0.949,1.607,1.117,1.377,rt,
bambu,2026-07-29,1.252,0.977,1.584,1.133,1.373,rt,
bambu,2026-07-30,1.258,0.993,1.57,1.135,1.378,rt,
bambu,2026-07-31,1.252,0.997,1.575,1.139,1.378,rt,
bambu,2026-08-01,1.249,0.984,1.584,1.133,1.372,rt,
bambu,2026-08-02,1.244,0.96,1.606,1.122,1.373,rt,
bambu,2026-08-03,1.235,0.921,1.635,1.102,1.368,rt,
bambu,2026-08-04,1.216,0.941,1.569,1.1,1.346,rt,
bambu,2026-08-05,1.201,0.946,1.517,1.092,1.322,rt,
bambu,2026-08-06,1.186,0.943,1.492,1.08,1.304,rt,
bambu,2026-08-07,1.168,0.932,1.476,1.059,1.279,rt,
bambu,2026-08-08,1.143,0.898,1.472,1.033,1.259,rt,
bambu,2026-08-09,1.114,0.863,1.466,1.007,1.244,rt,
bambu,2026-08-10,1.083,0.814,1.459,0.968,1.226,rt,
bambu,2026-08-11,1.043,0.796,1.364,0.936,1.163,rt,
bambu,2026-08-12,1.004,0.776,1.288,0.906,1.11,rt,
bambu,2026-08-13,0.965,0.752,1.226,0.873,1.065,rt,
bambu,2026-08-14,0.927,0.72,1.178,0.838,1.028,rt,
bambu,2026-08-15,0.89,0.68,1.154,0.8,0.991,rt,
bambu,2026-08-16,0.848,0.637,1.136,0.76,0.953,rt,
bambu,2026-08-17,0.82,0.599,1.14,0.726,0.932,rt,
bambu,2026-08-18,0.799,0.594,1.071,0.711,0.9,rt,
bambu,2026-08-19,0.78,0.584,1.023,0.693,0.869,rt,
bambu,2026-08-20,0.754,0.572,0.981,0.672,0.84,rt,
bambu,2026-08-21,0.736,0.553,0.951,0.653,0.825,rt,
bambu,2026-08-22,0.72,0.529,0.935,0.635,0.806,rt,
bambu,2026-08-23,0.698,0.493,0.92,0.611,0.789,rt,
bambu,2026-08-24,0.687,0.466,0.928,0.589,0.783,rt,
bambu,2026-08-25,0.695,0.491,0.924,0.603,0.786,rt,
bambu,2026-08-26,0.7,0.51,0.92,0.618,0.789,rt,
bambu,2026-08-27,0.705,0.521,0.926,0.625,0.792,rt,
bambu,2026-08-28,0.711,0.529,0.927,0.631,0.795,rt,
bambu,2026-08-29,0.716,0.529,0.945,0.632,0.802,rt,
bambu,2026-08-30,0.715,0.522,0.964,0.627,0.813,rt,
bambu,2026-08-31,0.704,0.495,0.975,0.612,0.815,rt,
bambu,2026-09-01,0.715,0.521,0.967,0.632,0.821,rt,
bambu,2026-09-02,0.731,0.54,0.968,0.648,0.833,rt,
bambu,2026-09-03,0.746,0.552,0.975,0.661,0.839,rt,
bambu,2026-09-04,0.753,0.55,0.983,0.665,0.847,rt,
bambu,2026-09-05,0.757,0.546,1.005,0.663,0.859,rt,
bambu,2026-09-06,0.762,0.533,1.036,0.661,0.868,rt,
bambu,2026-09-07,0.751,0.509,1.065,0.639,0.867,rt,
bambu,2026-09-08,0.744,0.513,1.029,0.64,0.849,rt,
bambu,2026-09-09,0.737,0.521,1.007,0.642,0.839,rt,
bambu,2026-09-10,0.727,0.517,0.987,0.636,0.824,rt,
bambu,2026-09-11,0.717,0.506,0.971,0.626,0.81,rt,
bambu,2026-09-12,0.703,0.491,0.963,0.612,0.802,rt,
bambu,2026-09-13,0.688,0.47,0.969,0.59,0.793,rt,
bambu,2026-09-14,0.672,0.449,0.981,0.573,0.787,rt,
bambu,2026-09-15,0.682,0.466,0.974,0.582,0.793,rt,
bambu,2026-09-16,0.692,0.478,0.988,0.595,0.801,rt,
bambu,2026-09-17,0.701,0.486,1.011,0.601,0.814,rt,
bambu,2026-09-18,0.718,0.483,1.042,0.609,0.833,rt,
bambu,2026-09-19,0.732,0.48,1.088,0.613,0.864,rt,
bambu,2026-09-20,0.746,0.467,1.156,0.616,0.898,rt,
bambu,2026-09-21,0.759,0.457,1.227,0.62,0.935,rt,
bambu,2026-09-22,0.771,0.461,1.24,0.627,0.944,rt,
bambu,2026-09-23,0.777,0.458,1.237,0.629,0.95,rt,
bambu,2026-09-24,0.78,0.454,1.257,0.627,0.971,rt,
bambu,2026-09-25,0.782,0.447,1.298,0.622,0.985,rt,
bambu,2026-09-26,0.785,0.431,1.338,0.618,0.994,rt,
bambu,2026-09-27,0.79,0.414,1.409,0.614,1.004,rt,
bambu,2026-09-28,0.781,0.387,1.451,0.595,1.017,rt,
bambu,2026-09-29,0.781,0.383,1.433,0.594,1.013,rt,
bambu,2026-09-30,0.773,0.377,1.425,0.588,1.003,rt,
bambu,2026-10-01,0.766,0.37,1.432,0.582,1.002,rt,
bambu,2026-10-02,0.766,0.361,1.469,0.576,1.002,rt,
bambu,2026-10-03,0.762,0.344,1.486,0.559,0.996,rt,
bambu,2026-10-04,0.756,0.332,1.499,0.541,1.006,rt,
bambu,2026-10-05,0.753,0.322,1.575,0.528,1.018,rt,
bambu,2026-10-06,0.782,0.306,1.616,0.536,1.051,rt,
boga,2026-08-11,0.911,0.799,1.022,0.862,0.957,rt,
boga,2026-08-12,0.904,0.794,1.015,0.856,0.949,rt,
boga,2026-08-13,0.897,0.787,1.01,0.849,0.941,rt,
boga,2026-08-14,0.889,0.787,1.0,0.844,0.93,rt,
boga,2026-08-15,0.879,0.778,0.992,0.835,0.92,rt,
boga,2026-08-16,0.87,0.767,0.983,0.824,0.913,rt,
boga,2026-08-17,0.869,0.758,0.984,0.821,0.915,rt,
boga,2026-08-18,0.87,0.763,0.98,0.824,0.915,rt,
boga,2026-08-19,0.87,0.767,0.982,0.826,0.917,rt,
boga,2026-08-20,0.87,0.768,0.987,0.826,0.916,rt,
boga,2026-08-21,0.875,0.777,0.987,0.834,0.92,rt,
boga,2026-08-22,0.879,0.779,0.99,0.838,0.92,rt,
boga,2026-08-23,0.879,0.778,0.99,0.839,0.921,rt,
boga,2026-08-24,0.889,0.783,1.008,0.847,0.933,rt,
boga,2026-08-25,0.91,0.805,1.026,0.867,0.951,rt,
boga,2026-08-26,0.926,0.821,1.042,0.885,0.969,rt,
boga,2026-08-27,0.943,0.837,1.059,0.898,0.986,rt,
boga,2026-08-28,0.959,0.854,1.072,0.913,1.003,rt,
boga,2026-08-29,0.972,0.865,1.084,0.926,1.016,rt,
boga,2026-08-30,0.981,0.872,1.1,0.935,1.028,rt,
boga,2026-08-31,0.978,0.857,1.101,0.929,1.028,rt,
boga,2026-09-01,0.986,0.866,1.107,0.936,1.034,rt,
boga,2026-09-02,0.993,0.875,1.113,0.944,1.042,rt,
boga,2026-09-03,0.996,0.881,1.125,0.948,1.049,rt,
boga,2026-09-04,0.994,0.878,1.117,0.947,1.043,rt,
boga,2026-09-05,0.988,0.874,1.108,0.941,1.037,rt,
boga,2026-09-06,0.98,0.863,1.103,0.934,1.031,rt,
boga,2026-09-07,0.959,0.835,1.09,0.91,1.011,rt,
boga,2026-09-08,0.943,0.822,1.073,0.892,0.993,rt,
boga,2026-09-09,0.926,0.808,1.056,0.874,0.978,rt,
boga,2026-09-10,0.906,0.788,1.04,0.856,0.962,rt,
boga,2026-09-11,0.885,0.77,1.019,0.834,0.939,rt,
boga,2026-09-12,0.864,0.747,0.999,0.811,0.916,rt,
boga,2026-09-13,0.839,0.723,0.982,0.787,0.894,rt,
boga,2026-09-14,0.82,0.695,0.973,0.766,0.879,rt,
boga,2026-09-15,0.813,0.691,0.966,0.763,0.873,rt,
boga,2026-09-16,0.808,0.68,0.958,0.759,0.866,rt,
boga,2026-09-17,0.806,0.67,0.956,0.753,0.864,rt,
boga,2026-09-18,0.806,0.668,0.963,0.75,0.866,rt,
boga,2026-09-19,0.806,0.658,0.968,0.747,0.867,rt,
boga,2026-09-20,0.805,0.652,0.979,0.743,0.872,rt,
boga,2026-09-21,0.81,0.645,0.995,0.742,0.881,rt,
boga,2026-09-22,0.814,0.646,1.003,0.745,0.889,rt,
boga,2026-09-23,0.819,0.645,1.017,0.745,0.9,rt,
boga,2026-09-24,0.821,0.642,1.031,0.743,0.907,rt,
boga,2026-09-25,0.825,0.639,1.05,0.745,0.917,rt,
boga,2026-09-26,0.829,0.634,1.065,0.744,0.924,rt,
boga,2026-09-27,0.831,0.618,1.077,0.74,0.935,rt,
boga,2026-09-28,0.825,0.602,1.086,0.728,0.935,rt,
boga,2026-09-29,0.828,0.593,1.096,0.723,0.937,rt,
boga,2026-09-30,0.826,0.585,1.106,0.718,0.941,rt,
boga,2026-10-01,0.822,0.575,1.114,0.711,0.942,rt,
boga,2026-10-02,0.821,0.567,1.13,0.706,0.945,rt,
boga,2026-10-03,0.822,0.553,1.152,0.7,0.942,rt,
boga,2026-10-04,0.817,0.531,1.184,0.692,0.945,rt,
boga,2026-10-05,0.822,0.518,1.219,0.685,0.959,rt,
boga,2026-10-06,0.846,0.523,1.227,0.703,0.99,rt,
bunia,2026-04-20,2.583,1.642,5.845,2.093,3.394,rt,
bunia,2026-04-21,2.579,1.68,5.475,2.105,3.356,rt,
bunia,2026-04-22,2.554,1.712,5.065,2.101,3.286,rt,
bunia,2026-04-23,2.532,1.726,4.837,2.108,3.199,rt,
bunia,2026-04-24,2.552,1.736,4.732,2.13,3.15,rt,
bunia,2026-04-25,2.542,1.743,4.626,2.133,3.147,rt,
bunia,2026-04-26,2.522,1.741,4.598,2.139,3.141,rt,
bunia,2026-04-27,2.494,1.718,4.466,2.125,3.113,rt,
bunia,2026-04-28,2.494,1.733,4.345,2.145,3.056,rt,
bunia,2026-04-29,2.496,1.75,4.154,2.159,3.027,rt,
bunia,2026-04-30,2.489,1.762,4.03,2.156,3.007,rt,
bunia,2026-05-01,2.518,1.779,3.957,2.181,2.996,rt,
bunia,2026-05-02,2.529,1.785,3.967,2.194,3.001,rt,
bunia,2026-05-03,2.541,1.789,3.984,2.2,3.006,rt,
bunia,2026-05-04,2.543,1.77,4.059,2.197,3.018,rt,
bunia,2026-05-05,2.548,1.795,3.97,2.206,2.994,rt,
bunia,2026-05-06,2.551,1.821,3.847,2.223,2.99,rt,
bunia,2026-05-07,2.553,1.842,3.8,2.236,2.98,rt,
bunia,2026-05-08,2.539,1.849,3.704,2.23,2.929,rt,
bunia,2026-05-09,2.511,1.84,3.665,2.204,2.895,rt,
bunia,2026-05-10,2.489,1.816,3.597,2.187,2.889,rt,
bunia,2026-05-11,2.389,1.729,3.43,2.089,2.771,rt,
bunia,2026-05-12,2.301,1.685,3.214,2.015,2.638,rt,
bunia,2026-05-13,2.215,1.665,3.031,1.958,2.517,rt,
bunia,2026-05-14,2.132,1.634,2.884,1.892,2.421,rt,
bunia,2026-05-15,2.045,1.593,2.711,1.833,2.306,rt,
bunia,2026-05-16,1.972,1.542,2.614,1.767,2.207,rt,
bunia,2026-05-17,1.887,1.474,2.537,1.694,2.121,rt,
bunia,2026-05-18,1.82,1.391,2.493,1.626,2.065,rt,
bunia,2026-05-19,1.751,1.363,2.354,1.582,1.968,rt,
bunia,2026-05-20,1.686,1.329,2.204,1.533,1.878,rt,
bunia,2026-05-21,1.628,1.289,2.097,1.481,1.793,rt,
bunia,2026-05-22,1.56,1.236,1.989,1.416,1.708,rt,
bunia,2026-05-23,1.491,1.16,1.918,1.349,1.637,rt,
bunia,2026-05-24,1.423,1.083,1.877,1.272,1.582,rt,
bunia,2026-05-25,1.35,0.982,1.826,1.19,1.526,rt,
bunia,2026-05-26,1.337,1.002,1.758,1.193,1.491,rt,
bunia,2026-05-27,1.325,1.022,1.696,1.202,1.468,rt,
bunia,2026-05-28,1.319,1.03,1.653,1.201,1.446,rt,
bunia,2026-05-29,1.306,1.031,1.619,1.194,1.425,rt,
bunia,2026-05-30,1.295,1.02,1.607,1.176,1.415,rt,
bunia,2026-05-31,1.279,0.988,1.604,1.158,1.412,rt,
bunia,2026-06-01,1.28,0.95,1.636,1.148,1.428,rt,
bunia,2026-06-02,1.329,1.045,1.633,1.211,1.458,rt,
bunia,2026-06-03,1.379,1.131,1.657,1.273,1.493,rt,
bunia,2026-06-04,1.428,1.199,1.692,1.332,1.534,rt,
bunia,2026-06-05,1.473,1.244,1.732,1.382,1.577,rt,
bunia,2026-06-06,1.515,1.281,1.801,1.416,1.628,rt,
bunia,2026-06-07,1.545,1.291,1.868,1.436,1.667,rt,
bunia,2026-06-08,1.572,1.304,1.942,1.454,1.708,rt,
bunia,2026-06-09,1.553,1.321,1.877,1.45,1.674,rt,
bunia,2026-06-10,1.537,1.321,1.822,1.439,1.647,rt,
bunia,2026-06-11,1.519,1.308,1.774,1.425,1.618,rt,
bunia,2026-06-12,1.504,1.299,1.759,1.41,1.6,rt,
bunia,2026-06-13,1.481,1.276,1.744,1.389,1.578,rt,
bunia,2026-06-14,1.46,1.234,1.729,1.358,1.561,rt,
bunia,2026-06-15,1.439,1.192,1.717,1.328,1.549,rt,
bunia,2026-06-16,1.39,1.175,1.635,1.296,1.485,rt,
bunia,2026-06-17,1.341,1.152,1.565,1.26,1.426,rt,
bunia,2026-06-18,1.296,1.122,1.496,1.222,1.373,rt,
bunia,2026-06-19,1.249,1.09,1.432,1.18,1.32,rt,
bunia,2026-06-20,1.205,1.042,1.388,1.14,1.277,rt,
bunia,2026-06-21,1.16,0.988,1.355,1.089,1.238,rt,
bunia,2026-06-22,1.138,0.94,1.342,1.052,1.222,rt,
bunia,2026-06-23,1.151,0.975,1.331,1.074,1.222,rt,
bunia,2026-06-24,1.16,1.0,1.325,1.093,1.226,rt,
bunia,2026-06-25,1.172,1.023,1.327,1.111,1.23,rt,
bunia,2026-06-26,1.18,1.038,1.333,1.123,1.243,rt,
bunia,2026-06-27,1.189,1.045,1.352,1.13,1.253,rt,
bunia,2026-06-28,1.197,1.043,1.374,1.136,1.267,rt,
bunia,2026-06-29,1.182,1.002,1.373,1.109,1.256,rt,
bunia,2026-06-30,1.173,1.02,1.338,1.11,1.239,rt,
bunia,2026-07-01,1.168,1.029,1.318,1.114,1.227,rt,
bunia,2026-07-02,1.163,1.03,1.297,1.111,1.216,rt,
bunia,2026-07-03,1.158,1.035,1.292,1.108,1.214,rt,
bunia,2026-07-04,1.156,1.025,1.301,1.099,1.212,rt,
bunia,2026-07-05,1.151,1.002,1.316,1.091,1.215,rt,
bunia,2026-07-06,1.156,0.987,1.346,1.087,1.232,rt,
bunia,2026-07-07,1.147,0.997,1.315,1.084,1.212,rt,
bunia,2026-07-08,1.141,1.003,1.284,1.082,1.199,rt,
bunia,2026-07-09,1.129,1.0,1.267,1.074,1.186,rt,
bunia,2026-07-10,1.119,0.991,1.247,1.068,1.174,rt,
bunia,2026-07-11,1.108,0.97,1.239,1.052,1.162,rt,
bunia,2026-07-12,1.095,0.946,1.239,1.033,1.157,rt,
bunia,2026-07-13,1.069,0.907,1.239,1.0,1.14,rt,
bunia,2026-07-14,1.051,0.91,1.199,0.993,1.114,rt,
bunia,2026-07-15,1.031,0.905,1.171,0.982,1.089,rt,
bunia,2026-07-16,1.013,0.893,1.146,0.964,1.069,rt,
bunia,2026-07-17,0.998,0.879,1.128,0.949,1.049,rt,
bunia,2026-07-18,0.983,0.859,1.12,0.93,1.039,rt,
bunia,2026-07-19,0.966,0.826,1.115,0.906,1.026,rt,
bunia,2026-07-20,0.952,0.794,1.126,0.887,1.023,rt,
bunia,2026-07-21,0.958,0.812,1.112,0.899,1.02,rt,
bunia,2026-07-22,0.96,0.826,1.098,0.907,1.019,rt,
bunia,2026-07-23,0.964,0.834,1.093,0.911,1.019,rt,
bunia,2026-07-24,0.969,0.842,1.094,0.915,1.022,rt,
bunia,2026-07-25,0.972,0.841,1.103,0.914,1.025,rt,
bunia,2026-07-26,0.975,0.828,1.119,0.91,1.03,rt,
bunia,2026-07-27,0.974,0.812,1.141,0.907,1.04,rt,
bunia,2026-07-28,0.987,0.84,1.137,0.926,1.045,rt,
bunia,2026-07-29,0.999,0.867,1.142,0.946,1.055,rt,
bunia,2026-07-30,1.008,0.879,1.148,0.959,1.062,rt,
bunia,2026-07-31,1.013,0.89,1.152,0.965,1.067,rt,
bunia,2026-08-01,1.019,0.893,1.166,0.965,1.074,rt,
bunia,2026-08-02,1.021,0.881,1.185,0.961,1.085,rt,
bunia,2026-08-03,1.021,0.86,1.205,0.955,1.093,rt,
bunia,2026-08-04,1.014,0.87,1.177,0.953,1.077,rt,
bunia,2026-08-05,1.008,0.875,1.162,0.95,1.066,rt,
bunia,2026-08-06,1.0,0.875,1.147,0.945,1.052,rt,
bunia,2026-08-07,0.985,0.865,1.13,0.935,1.039,rt,
bunia,2026-08-08,0.973,0.841,1.118,0.918,1.026,rt,
bunia,2026-08-09,0.958,0.815,1.113,0.901,1.018,rt,
bunia,2026-08-10,0.935,0.782,1.107,0.871,1.001,rt,
bunia,2026-08-11,0.918,0.776,1.07,0.859,0.975,rt,
bunia,2026-08-12,0.899,0.772,1.035,0.847,0.952,rt,
bunia,2026-08-13,0.881,0.762,1.011,0.83,0.935,rt,
bunia,2026-08-14,0.864,0.747,0.99,0.813,0.914,rt,
bunia,2026-08-15,0.846,0.726,0.972,0.796,0.895,rt,
bunia,2026-08-16,0.825,0.698,0.964,0.772,0.879,rt,
bunia,2026-08-17,0.814,0.674,0.969,0.754,0.874,rt,
bunia,2026-08-18,0.818,0.694,0.96,0.766,0.874,rt,
bunia,2026-08-19,0.823,0.709,0.951,0.773,0.875,rt,
bunia,2026-08-20,0.828,0.716,0.953,0.779,0.877,rt,
bunia,2026-08-21,0.834,0.723,0.961,0.788,0.884,rt,
bunia,2026-08-22,0.842,0.721,0.977,0.792,0.893,rt,
bunia,2026-08-23,0.848,0.709,0.998,0.789,0.903,rt,
bunia,2026-08-24,0.864,0.702,1.039,0.792,0.925,rt,
bunia,2026-08-25,0.873,0.722,1.033,0.808,0.929,rt,
bunia,2026-08-26,0.88,0.745,1.027,0.822,0.935,rt,
bunia,2026-08-27,0.886,0.76,1.029,0.833,0.942,rt,
bunia,2026-08-28,0.894,0.771,1.033,0.837,0.949,rt,
bunia,2026-08-29,0.896,0.769,1.046,0.838,0.958,rt,
bunia,2026-08-30,0.896,0.748,1.064,0.833,0.966,rt,
bunia,2026-08-31,0.885,0.715,1.083,0.813,0.961,rt,
bunia,2026-09-01,0.888,0.737,1.057,0.82,0.957,rt,
bunia,2026-09-02,0.886,0.743,1.039,0.825,0.948,rt,
bunia,2026-09-03,0.887,0.746,1.032,0.827,0.946,rt,
bunia,2026-09-04,0.879,0.742,1.019,0.821,0.93,rt,
bunia,2026-09-05,0.867,0.726,1.008,0.809,0.92,rt,
bunia,2026-09-06,0.853,0.702,1.002,0.791,0.911,rt,
bunia,2026-09-07,0.826,0.656,0.997,0.759,0.894,rt,
bunia,2026-09-08,0.815,0.661,0.968,0.755,0.874,rt,
bunia,2026-09-09,0.802,0.664,0.947,0.746,0.855,rt,
bunia,2026-09-10,0.79,0.656,0.927,0.732,0.84,rt,
bunia,2026-09-11,0.772,0.638,0.908,0.719,0.824,rt,
bunia,2026-09-12,0.754,0.619,0.9,0.699,0.81,rt,
bunia,2026-09-13,0.733,0.585,0.897,0.674,0.798,rt,
bunia,2026-09-14,0.717,0.547,0.912,0.648,0.791,rt,
bunia,2026-09-15,0.723,0.564,0.903,0.66,0.79,rt,
bunia,2026-09-16,0.734,0.578,0.902,0.672,0.799,rt,
bunia,2026-09-17,0.745,0.591,0.912,0.679,0.809,rt,
bunia,2026-09-18,0.757,0.594,0.94,0.689,0.827,rt,
bunia,2026-09-19,0.771,0.587,0.985,0.695,0.851,rt,
bunia,2026-09-20,0.783,0.58,1.036,0.694,0.874,rt,
bunia,2026-09-21,0.801,0.571,1.1,0.7,0.91,rt,
bunia,2026-09-22,0.801,0.573,1.1,0.706,0.911,rt,
bunia,2026-09-23,0.8,0.563,1.102,0.701,0.919,rt,
bunia,2026-09-24,0.798,0.548,1.113,0.697,0.928,rt,
bunia,2026-09-25,0.8,0.53,1.145,0.687,0.935,rt,
bunia,2026-09-26,0.802,0.508,1.177,0.674,0.942,rt,
bunia,2026-09-27,0.802,0.476,1.224,0.658,0.958,rt,
bunia,2026-09-28,0.795,0.438,1.262,0.631,0.967,rt,
bunia,2026-09-29,0.791,0.431,1.251,0.629,0.966,rt,
bunia,2026-09-30,0.788,0.417,1.253,0.621,0.964,rt,
bunia,2026-10-01,0.78,0.401,1.264,0.609,0.967,rt,
bunia,2026-10-02,0.78,0.383,1.296,0.602,0.972,rt,
bunia,2026-10-03,0.777,0.367,1.32,0.589,0.97,rt,
bunia,2026-10-04,0.769,0.343,1.338,0.57,0.975,rt,
bunia,2026-10-05,0.761,0.324,1.399,0.561,0.989,rt,
bunia,2026-10-06,0.775,0.297,1.5,0.552,1.047,rt,
damas,2026-06-14,1.087,0.691,1.672,0.904,1.283,rt,
damas,2026-06-15,1.075,0.668,1.707,0.884,1.295,rt,
damas,2026-06-16,1.094,0.706,1.688,0.912,1.298,rt,
damas,2026-06-17,1.122,0.737,1.657,0.944,1.306,rt,
damas,2026-06-18,1.142,0.753,1.676,0.974,1.332,rt,
damas,2026-06-19,1.161,0.766,1.696,0.995,1.358,rt,
damas,2026-06-20,1.186,0.776,1.745,1.008,1.388,rt,
damas,2026-06-21,1.198,0.771,1.809,1.018,1.424,rt,
damas,2026-06-22,1.228,0.768,1.934,1.031,1.484,rt,
damas,2026-06-23,1.244,0.803,1.894,1.056,1.482,rt,
damas,2026-06-24,1.261,0.833,1.864,1.074,1.477,rt,
damas,2026-06-25,1.271,0.856,1.852,1.089,1.481,rt,
damas,2026-06-26,1.281,0.866,1.853,1.1,1.491,rt,
damas,2026-06-27,1.289,0.865,1.891,1.104,1.508,rt,
damas,2026-06-28,1.303,0.875,1.941,1.102,1.528,rt,
damas,2026-06-29,1.279,0.841,1.954,1.07,1.529,rt,
damas,2026-06-30,1.265,0.853,1.866,1.069,1.486,rt,
damas,2026-07-01,1.255,0.858,1.797,1.071,1.453,rt,
damas,2026-07-02,1.243,0.84,1.748,1.071,1.437,rt,
damas,2026-07-03,1.232,0.832,1.744,1.053,1.42,rt,
damas,2026-07-04,1.22,0.813,1.751,1.035,1.421,rt,
damas,2026-07-05,1.212,0.792,1.811,1.013,1.424,rt,
damas,2026-07-06,1.216,0.768,1.883,1.0,1.443,rt,
damas,2026-07-07,1.231,0.801,1.836,1.032,1.441,rt,
damas,2026-07-08,1.237,0.829,1.818,1.06,1.449,rt,
damas,2026-07-09,1.256,0.853,1.839,1.075,1.457,rt,
damas,2026-07-10,1.265,0.867,1.843,1.086,1.472,rt,
damas,2026-07-11,1.273,0.88,1.875,1.092,1.499,rt,
damas,2026-07-12,1.282,0.86,1.94,1.089,1.53,rt,
damas,2026-07-13,1.281,0.815,2.018,1.07,1.549,rt,
damas,2026-07-14,1.279,0.84,1.949,1.082,1.525,rt,
damas,2026-07-15,1.272,0.858,1.89,1.092,1.504,rt,
damas,2026-07-16,1.271,0.864,1.838,1.091,1.486,rt,
damas,2026-07-17,1.275,0.861,1.841,1.087,1.481,rt,
damas,2026-07-18,1.279,0.851,1.864,1.079,1.485,rt,
damas,2026-07-19,1.276,0.825,1.887,1.067,1.506,rt,
damas,2026-07-20,1.268,0.789,1.952,1.048,1.522,rt,
damas,2026-07-21,1.257,0.811,1.87,1.061,1.491,rt,
damas,2026-07-22,1.247,0.826,1.813,1.069,1.463,rt,
damas,2026-07-23,1.242,0.836,1.766,1.057,1.444,rt,
damas,2026-07-24,1.23,0.823,1.751,1.053,1.437,rt,
damas,2026-07-25,1.221,0.803,1.772,1.033,1.429,rt,
damas,2026-07-26,1.204,0.773,1.801,1.01,1.434,rt,
damas,2026-07-27,1.193,0.743,1.84,0.988,1.442,rt,
damas,2026-07-28,1.186,0.754,1.75,0.983,1.401,rt,
damas,2026-07-29,1.172,0.765,1.675,0.976,1.368,rt,
damas,2026-07-30,1.152,0.757,1.629,0.97,1.339,rt,
damas,2026-07-31,1.125,0.744,1.598,0.96,1.311,rt,
damas,2026-08-01,1.104,0.721,1.605,0.943,1.291,rt,
damas,2026-08-02,1.076,0.693,1.617,0.913,1.277,rt,
damas,2026-08-03,1.047,0.66,1.632,0.878,1.254,rt,
damas,2026-08-04,1.031,0.658,1.56,0.871,1.223,rt,
damas,2026-08-05,1.017,0.658,1.502,0.86,1.191,rt,
damas,2026-08-06,1.001,0.652,1.462,0.846,1.165,rt,
damas,2026-08-07,0.976,0.634,1.418,0.819,1.144,rt,
damas,2026-08-08,0.953,0.611,1.411,0.801,1.12,rt,
damas,2026-08-09,0.925,0.578,1.409,0.773,1.109,rt,
damas,2026-08-10,0.896,0.539,1.404,0.738,1.086,rt,
damas,2026-08-11,0.881,0.547,1.349,0.736,1.05,rt,
damas,2026-08-12,0.858,0.553,1.3,0.728,1.028,rt,
damas,2026-08-13,0.842,0.545,1.273,0.718,1.005,rt,
damas,2026-08-14,0.826,0.534,1.248,0.697,0.994,rt,
damas,2026-08-15,0.813,0.52,1.246,0.68,0.979,rt,
damas,2026-08-16,0.803,0.503,1.25,0.66,0.96,rt,
damas,2026-08-17,0.791,0.479,1.267,0.643,0.964,rt,
damas,2026-08-18,0.783,0.486,1.207,0.642,0.941,rt,
damas,2026-08-19,0.774,0.491,1.156,0.635,0.921,rt,
damas,2026-08-20,0.765,0.492,1.133,0.628,0.901,rt,
damas,2026-08-21,0.757,0.479,1.125,0.62,0.892,rt,
damas,2026-08-22,0.747,0.469,1.129,0.61,0.889,rt,
damas,2026-08-23,0.732,0.448,1.138,0.592,0.884,rt,
damas,2026-08-24,0.731,0.431,1.166,0.585,0.89,rt,
damas,2026-08-25,0.729,0.442,1.135,0.586,0.881,rt,
damas,2026-08-26,0.728,0.445,1.111,0.591,0.872,rt,
damas,2026-08-27,0.725,0.439,1.093,0.593,0.869,rt,
damas,2026-08-28,0.719,0.44,1.094,0.592,0.866,rt,
damas,2026-08-29,0.711,0.435,1.099,0.588,0.872,rt,
damas,2026-08-30,0.71,0.422,1.12,0.574,0.865,rt,
damas,2026-08-31,0.694,0.399,1.123,0.549,0.853,rt,
damas,2026-09-01,0.686,0.401,1.092,0.55,0.833,rt,
damas,2026-09-02,0.674,0.4,1.049,0.545,0.816,rt,
damas,2026-09-03,0.659,0.398,1.031,0.539,0.794,rt,
damas,2026-09-04,0.644,0.387,1.015,0.525,0.777,rt,
damas,2026-09-05,0.627,0.367,0.993,0.51,0.756,rt,
damas,2026-09-06,0.61,0.347,0.987,0.494,0.739,rt,
damas,2026-09-07,0.584,0.323,0.973,0.468,0.712,rt,
damas,2026-09-08,0.571,0.325,0.919,0.461,0.687,rt,
damas,2026-09-09,0.56,0.323,0.895,0.452,0.673,rt,
damas,2026-09-10,0.544,0.313,0.875,0.443,0.656,rt,
damas,2026-09-11,0.527,0.303,0.851,0.428,0.645,rt,
damas,2026-09-12,0.51,0.29,0.843,0.414,0.636,rt,
damas,2026-09-13,0.495,0.274,0.826,0.397,0.625,rt,
damas,2026-09-14,0.483,0.263,0.84,0.381,0.61,rt,
damas,2026-09-15,0.486,0.272,0.829,0.391,0.608,rt,
damas,2026-09-16,0.495,0.277,0.829,0.396,0.613,rt,
damas,2026-09-17,0.501,0.281,0.837,0.399,0.619,rt,
damas,2026-09-18,0.511,0.285,0.844,0.402,0.634,rt,
damas,2026-09-19,0.518,0.291,0.873,0.405,0.649,rt,
damas,2026-09-20,0.521,0.291,0.912,0.408,0.663,rt,
damas,2026-09-21,0.534,0.292,0.979,0.411,0.683,rt,
damas,2026-09-22,0.546,0.302,0.973,0.423,0.701,rt,
damas,2026-09-23,0.559,0.306,0.977,0.433,0.722,rt,
damas,2026-09-24,0.565,0.314,0.992,0.437,0.731,rt,
damas,2026-09-25,0.578,0.32,1.037,0.445,0.749,rt,
damas,2026-09-26,0.587,0.322,1.102,0.449,0.764,rt,
damas,2026-09-27,0.596,0.317,1.155,0.456,0.787,rt,
damas,2026-09-28,0.6,0.307,1.205,0.46,0.801,rt,
damas,2026-09-29,0.608,0.31,1.2,0.468,0.806,rt,
damas,2026-09-30,0.615,0.313,1.201,0.473,0.81,rt,
damas,2026-10-01,0.621,0.318,1.197,0.478,0.81,rt,
damas,2026-10-02,0.624,0.321,1.228,0.484,0.83,rt,
damas,2026-10-03,0.633,0.324,1.264,0.487,0.832,rt,
damas,2026-10-04,0.64,0.32,1.284,0.491,0.848,rt,
damas,2026-10-05,0.655,0.32,1.329,0.497,0.88,rt,
damas,2026-10-06,0.704,0.314,1.525,0.511,0.947,rt,
drodro,2026-06-27,1.381,1.229,1.549,1.321,1.446,rt,
drodro,2026-06-28,1.373,1.218,1.54,1.309,1.44,rt,
drodro,2026-06-29,1.334,1.175,1.504,1.269,1.402,rt,
drodro,2026-06-30,1.306,1.161,1.46,1.249,1.369,rt,
drodro,2026-07-01,1.281,1.142,1.427,1.227,1.342,rt,
drodro,2026-07-02,1.257,1.122,1.397,1.206,1.317,rt,
drodro,2026-07-03,1.235,1.108,1.364,1.186,1.29,rt,
drodro,2026-07-04,1.216,1.089,1.342,1.166,1.266,rt,
drodro,2026-07-05,1.196,1.065,1.327,1.145,1.247,rt,
drodro,2026-07-06,1.184,1.048,1.323,1.132,1.241,rt,
drodro,2026-07-07,1.189,1.06,1.312,1.137,1.239,rt,
drodro,2026-07-08,1.192,1.062,1.312,1.142,1.238,rt,
drodro,2026-07-09,1.193,1.07,1.312,1.145,1.238,rt,
drodro,2026-07-10,1.193,1.073,1.309,1.148,1.238,rt,
drodro,2026-07-11,1.195,1.072,1.312,1.145,1.238,rt,
drodro,2026-07-12,1.193,1.067,1.317,1.142,1.24,rt,
drodro,2026-07-13,1.177,1.046,1.312,1.126,1.228,rt,
drodro,2026-07-14,1.169,1.048,1.297,1.12,1.218,rt,
drodro,2026-07-15,1.16,1.048,1.281,1.114,1.207,rt,
drodro,2026-07-16,1.151,1.04,1.269,1.105,1.197,rt,
drodro,2026-07-17,1.143,1.041,1.259,1.102,1.19,rt,
drodro,2026-07-18,1.135,1.029,1.249,1.092,1.182,rt,
drodro,2026-07-19,1.126,1.017,1.245,1.079,1.173,rt,
drodro,2026-07-20,1.122,1.005,1.253,1.07,1.173,rt,
drodro,2026-07-21,1.12,1.009,1.243,1.072,1.167,rt,
drodro,2026-07-22,1.116,1.007,1.231,1.069,1.161,rt,
drodro,2026-07-23,1.108,0.998,1.226,1.063,1.157,rt,
drodro,2026-07-24,1.105,0.998,1.217,1.061,1.151,rt,
drodro,2026-07-25,1.099,0.993,1.212,1.056,1.144,rt,
drodro,2026-07-26,1.093,0.983,1.212,1.047,1.139,rt,
drodro,2026-07-27,1.085,0.97,1.212,1.038,1.139,rt,
drodro,2026-07-28,1.082,0.972,1.201,1.037,1.133,rt,
drodro,2026-07-29,1.081,0.971,1.191,1.035,1.126,rt,
drodro,2026-07-30,1.076,0.962,1.187,1.032,1.119,rt,
drodro,2026-07-31,1.066,0.959,1.167,1.022,1.108,rt,
drodro,2026-08-01,1.054,0.945,1.155,1.011,1.096,rt,
drodro,2026-08-02,1.041,0.923,1.15,0.996,1.086,rt,
drodro,2026-08-03,1.023,0.901,1.142,0.977,1.07,rt,
drodro,2026-08-04,1.019,0.901,1.131,0.973,1.063,rt,
drodro,2026-08-05,1.014,0.902,1.121,0.968,1.055,rt,
drodro,2026-08-06,1.008,0.895,1.112,0.961,1.049,rt,
drodro,2026-08-07,0.995,0.886,1.094,0.951,1.036,rt,
drodro,2026-08-08,0.983,0.874,1.077,0.936,1.024,rt,
drodro,2026-08-09,0.97,0.86,1.066,0.922,1.012,rt,
drodro,2026-08-10,0.948,0.834,1.051,0.899,0.992,rt,
drodro,2026-08-11,0.936,0.827,1.036,0.892,0.979,rt,
drodro,2026-08-12,0.926,0.819,1.029,0.882,0.967,rt,
drodro,2026-08-13,0.915,0.808,1.021,0.871,0.955,rt,
drodro,2026-08-14,0.903,0.8,1.007,0.864,0.942,rt,
drodro,2026-08-15,0.891,0.793,0.989,0.853,0.93,rt,
drodro,2026-08-16,0.878,0.781,0.978,0.839,0.92,rt,
drodro,2026-08-17,0.874,0.773,0.977,0.832,0.917,rt,
drodro,2026-08-18,0.874,0.776,0.973,0.835,0.916,rt,
drodro,2026-08-19,0.873,0.781,0.979,0.835,0.916,rt,
drodro,2026-08-20,0.873,0.78,0.981,0.834,0.916,rt,
drodro,2026-08-21,0.877,0.787,0.979,0.841,0.917,rt,
drodro,2026-08-22,0.88,0.788,0.98,0.844,0.917,rt,
drodro,2026-08-23,0.88,0.786,0.979,0.843,0.918,rt,
drodro,2026-08-24,0.89,0.793,0.997,0.851,0.93,rt,
drodro,2026-08-25,0.908,0.816,1.014,0.871,0.947,rt,
drodro,2026-08-26,0.924,0.83,1.032,0.888,0.965,rt,
drodro,2026-08-27,0.939,0.843,1.052,0.901,0.982,rt,
drodro,2026-08-28,0.956,0.862,1.062,0.916,0.995,rt,
drodro,2026-08-29,0.968,0.87,1.074,0.928,1.01,rt,
drodro,2026-08-30,0.978,0.872,1.086,0.935,1.022,rt,
drodro,2026-08-31,0.974,0.86,1.082,0.926,1.019,rt,
drodro,2026-09-01,0.979,0.873,1.09,0.935,1.027,rt,
drodro,2026-09-02,0.985,0.878,1.096,0.94,1.032,rt,
drodro,2026-09-03,0.989,0.881,1.104,0.943,1.038,rt,
drodro,2026-09-04,0.986,0.88,1.098,0.94,1.031,rt,
drodro,2026-09-05,0.978,0.872,1.087,0.933,1.022,rt,
drodro,2026-09-06,0.969,0.86,1.083,0.924,1.014,rt,
drodro,2026-09-07,0.945,0.832,1.067,0.898,0.993,rt,
drodro,2026-09-08,0.926,0.815,1.045,0.881,0.977,rt,
drodro,2026-09-09,0.907,0.798,1.027,0.861,0.956,rt,
drodro,2026-09-10,0.889,0.778,1.008,0.842,0.937,rt,
drodro,2026-09-11,0.866,0.761,0.981,0.819,0.915,rt,
drodro,2026-09-12,0.844,0.739,0.96,0.797,0.89,rt,
drodro,2026-09-13,0.817,0.708,0.942,0.772,0.866,rt,
drodro,2026-09-14,0.796,0.682,0.928,0.749,0.846,rt,
drodro,2026-09-15,0.791,0.674,0.924,0.745,0.841,rt,
drodro,2026-09-16,0.788,0.667,0.925,0.741,0.838,rt,
drodro,2026-09-17,0.786,0.658,0.929,0.733,0.836,rt,
drodro,2026-09-18,0.786,0.655,0.928,0.732,0.84,rt,
drodro,2026-09-19,0.787,0.649,0.93,0.731,0.845,rt,
drodro,2026-09-20,0.786,0.637,0.941,0.727,0.852,rt,
drodro,2026-09-21,0.793,0.629,0.963,0.725,0.865,rt,
drodro,2026-09-22,0.795,0.629,0.973,0.728,0.871,rt,
drodro,2026-09-23,0.801,0.629,0.99,0.726,0.88,rt,
drodro,2026-09-24,0.802,0.622,1.0,0.724,0.887,rt,
drodro,2026-09-25,0.808,0.615,1.018,0.724,0.894,rt,
drodro,2026-09-26,0.81,0.607,1.032,0.724,0.903,rt,
drodro,2026-09-27,0.811,0.593,1.044,0.716,0.911,rt,
drodro,2026-09-28,0.804,0.572,1.058,0.706,0.909,rt,
drodro,2026-09-29,0.803,0.559,1.061,0.701,0.912,rt,
drodro,2026-09-30,0.805,0.55,1.073,0.695,0.916,rt,
drodro,2026-10-01,0.8,0.542,1.077,0.688,0.917,rt,
drodro,2026-10-02,0.798,0.532,1.105,0.683,0.914,rt,
drodro,2026-10-03,0.799,0.519,1.127,0.67,0.916,rt,
drodro,2026-10-04,0.799,0.499,1.161,0.659,0.92,rt,
drodro,2026-10-05,0.8,0.481,1.201,0.654,0.933,rt,
drodro,2026-10-06,0.82,0.479,1.189,0.676,0.964,rt,
fataki,2026-06-20,2.183,1.573,3.129,1.924,2.511,rt,
fataki,2026-06-21,2.189,1.532,3.178,1.892,2.522,rt,
fataki,2026-06-22,2.229,1.494,3.366,1.886,2.585,rt,
fataki,2026-06-23,2.199,1.54,3.19,1.889,2.521,rt,
fataki,2026-06-24,2.163,1.556,3.084,1.89,2.48,rt,
fataki,2026-06-25,2.126,1.57,3.022,1.88,2.438,rt,
fataki,2026-06-26,2.092,1.548,2.944,1.847,2.396,rt,
fataki,2026-06-27,2.063,1.51,2.943,1.817,2.379,rt,
fataki,2026-06-28,2.028,1.452,2.973,1.77,2.36,rt,
fataki,2026-06-29,1.954,1.347,2.982,1.68,2.302,rt,
fataki,2026-06-30,1.867,1.327,2.725,1.615,2.16,rt,
fataki,2026-07-01,1.778,1.298,2.527,1.554,2.028,rt,
fataki,2026-07-02,1.695,1.256,2.35,1.492,1.938,rt,
fataki,2026-07-03,1.621,1.185,2.233,1.424,1.844,rt,
fataki,2026-07-04,1.552,1.112,2.143,1.353,1.768,rt,
fataki,2026-07-05,1.481,1.038,2.08,1.279,1.699,rt,
fataki,2026-07-06,1.43,0.966,2.066,1.216,1.667,rt,
fataki,2026-07-07,1.397,0.984,1.976,1.214,1.619,rt,
fataki,2026-07-08,1.373,0.988,1.901,1.207,1.577,rt,
fataki,2026-07-09,1.349,0.993,1.827,1.195,1.538,rt,
fataki,2026-07-10,1.324,0.974,1.804,1.169,1.51,rt,
fataki,2026-07-11,1.302,0.934,1.802,1.14,1.488,rt,
fataki,2026-07-12,1.276,0.902,1.813,1.112,1.471,rt,
fataki,2026-07-13,1.236,0.842,1.804,1.062,1.44,rt,
fataki,2026-07-14,1.234,0.871,1.745,1.073,1.417,rt,
fataki,2026-07-15,1.226,0.88,1.691,1.082,1.396,rt,
fataki,2026-07-16,1.221,0.879,1.671,1.077,1.381,rt,
fataki,2026-07-17,1.218,0.879,1.657,1.075,1.376,rt,
fataki,2026-07-18,1.212,0.867,1.674,1.068,1.375,rt,
fataki,2026-07-19,1.203,0.835,1.703,1.044,1.38,rt,
fataki,2026-07-20,1.206,0.809,1.75,1.029,1.403,rt,
fataki,2026-07-21,1.195,0.826,1.668,1.035,1.361,rt,
fataki,2026-07-22,1.181,0.85,1.592,1.031,1.339,rt,
fataki,2026-07-23,1.168,0.857,1.556,1.029,1.313,rt,
fataki,2026-07-24,1.158,0.85,1.527,1.021,1.302,rt,
fataki,2026-07-25,1.145,0.821,1.523,1.002,1.291,rt,
fataki,2026-07-26,1.129,0.79,1.535,0.971,1.285,rt,
fataki,2026-07-27,1.108,0.754,1.584,0.95,1.288,rt,
fataki,2026-07-28,1.082,0.76,1.49,0.938,1.237,rt,
fataki,2026-07-29,1.056,0.763,1.418,0.927,1.193,rt,
fataki,2026-07-30,1.027,0.755,1.357,0.907,1.162,rt,
fataki,2026-07-31,0.995,0.734,1.313,0.875,1.129,rt,
fataki,2026-08-01,0.961,0.696,1.291,0.846,1.102,rt,
fataki,2026-08-02,0.925,0.651,1.279,0.809,1.079,rt,
fataki,2026-08-03,0.892,0.613,1.273,0.763,1.056,rt,
fataki,2026-08-04,0.863,0.604,1.199,0.748,1.003,rt,
fataki,2026-08-05,0.838,0.587,1.144,0.728,0.957,rt,
fataki,2026-08-06,0.81,0.565,1.1,0.708,0.918,rt,
fataki,2026-08-07,0.774,0.54,1.054,0.681,0.881,rt,
fataki,2026-08-08,0.746,0.514,1.033,0.647,0.85,rt,
fataki,2026-08-09,0.716,0.479,1.005,0.612,0.823,rt,
fataki,2026-08-10,0.683,0.447,0.986,0.571,0.797,rt,
fataki,2026-08-11,0.658,0.441,0.927,0.557,0.759,rt,
fataki,2026-08-12,0.633,0.44,0.88,0.546,0.727,rt,
fataki,2026-08-13,0.611,0.425,0.84,0.532,0.704,rt,
fataki,2026-08-14,0.591,0.411,0.815,0.514,0.679,rt,
fataki,2026-08-15,0.571,0.39,0.797,0.493,0.656,rt,
fataki,2026-08-16,0.552,0.363,0.793,0.468,0.639,rt,
fataki,2026-08-17,0.538,0.344,0.796,0.453,0.631,rt,
fataki,2026-08-18,0.526,0.345,0.753,0.449,0.609,rt,
fataki,2026-08-19,0.516,0.344,0.724,0.441,0.595,rt,
fataki,2026-08-20,0.506,0.339,0.709,0.431,0.581,rt,
fataki,2026-08-21,0.497,0.329,0.707,0.424,0.569,rt,
fataki,2026-08-22,0.487,0.316,0.698,0.412,0.563,rt,
fataki,2026-08-23,0.477,0.306,0.697,0.4,0.556,rt,
fataki,2026-08-24,0.473,0.295,0.709,0.392,0.558,rt,
fataki,2026-08-25,0.486,0.307,0.71,0.405,0.562,rt,
fataki,2026-08-26,0.496,0.319,0.715,0.415,0.57,rt,
fataki,2026-08-27,0.503,0.325,0.727,0.426,0.581,rt,
fataki,2026-08-28,0.511,0.326,0.744,0.434,0.592,rt,
fataki,2026-08-29,0.517,0.328,0.764,0.438,0.609,rt,
fataki,2026-08-30,0.527,0.329,0.78,0.437,0.622,rt,
fataki,2026-08-31,0.524,0.319,0.794,0.43,0.626,rt,
fataki,2026-09-01,0.54,0.337,0.793,0.445,0.635,rt,
fataki,2026-09-02,0.551,0.347,0.812,0.459,0.647,rt,
fataki,2026-09-03,0.566,0.355,0.826,0.471,0.661,rt,
fataki,2026-09-04,0.57,0.359,0.854,0.477,0.671,rt,
fataki,2026-09-05,0.577,0.356,0.881,0.478,0.684,rt,
fataki,2026-09-06,0.583,0.358,0.916,0.475,0.695,rt,
fataki,2026-09-07,0.577,0.345,0.949,0.467,0.697,rt,
fataki,2026-09-08,0.579,0.355,0.922,0.47,0.695,rt,
fataki,2026-09-09,0.577,0.354,0.904,0.472,0.693,rt,
fataki,2026-09-10,0.579,0.353,0.909,0.471,0.691,rt,
fataki,2026-09-11,0.574,0.348,0.908,0.47,0.693,rt,
fataki,2026-09-12,0.566,0.344,0.909,0.463,0.691,rt,
fataki,2026-09-13,0.562,0.335,0.922,0.453,0.686,rt,
fataki,2026-09-14,0.557,0.324,0.938,0.446,0.692,rt,
fataki,2026-09-15,0.565,0.337,0.943,0.457,0.7,rt,
fataki,2026-09-16,0.573,0.352,0.943,0.468,0.707,rt,
fataki,2026-09-17,0.587,0.36,0.963,0.477,0.723,rt,
fataki,2026-09-18,0.599,0.367,0.997,0.49,0.741,rt,
fataki,2026-09-19,0.615,0.367,1.041,0.498,0.763,rt,
fataki,2026-09-20,0.631,0.366,1.097,0.504,0.786,rt,
fataki,2026-09-21,0.652,0.369,1.178,0.513,0.816,rt,
fataki,2026-09-22,0.659,0.383,1.18,0.522,0.832,rt,
fataki,2026-09-23,0.668,0.382,1.188,0.534,0.846,rt,
fataki,2026-09-24,0.677,0.379,1.21,0.541,0.861,rt,
fataki,2026-09-25,0.693,0.375,1.247,0.551,0.875,rt,
fataki,2026-09-26,0.701,0.375,1.283,0.551,0.896,rt,
fataki,2026-09-27,0.713,0.371,1.343,0.55,0.918,rt,
fataki,2026-09-28,0.714,0.361,1.403,0.539,0.937,rt,
fataki,2026-09-29,0.716,0.365,1.384,0.542,0.939,rt,
fataki,2026-09-30,0.72,0.366,1.386,0.539,0.945,rt,
fataki,2026-10-01,0.719,0.365,1.4,0.542,0.945,rt,
fataki,2026-10-02,0.713,0.362,1.455,0.541,0.958,rt,
fataki,2026-10-03,0.715,0.359,1.501,0.541,0.964,rt,
fataki,2026-10-04,0.719,0.351,1.551,0.534,0.975,rt,
fataki,2026-10-05,0.726,0.345,1.626,0.531,0.996,rt,
fataki,2026-10-06,0.746,0.345,1.692,0.541,1.055,rt,
gety,2026-07-07,1.147,1.018,1.267,1.096,1.193,rt,
gety,2026-07-08,1.151,1.029,1.267,1.103,1.194,rt,
gety,2026-07-09,1.155,1.036,1.273,1.109,1.2,rt,
gety,2026-07-10,1.156,1.041,1.271,1.114,1.201,rt,
gety,2026-07-11,1.161,1.044,1.277,1.114,1.202,rt,
gety,2026-07-12,1.161,1.041,1.286,1.109,1.207,rt,
gety,2026-07-13,1.149,1.024,1.281,1.095,1.2,rt,
gety,2026-07-14,1.142,1.029,1.265,1.092,1.191,rt,
gety,2026-07-15,1.133,1.027,1.252,1.087,1.179,rt,
gety,2026-07-16,1.125,1.018,1.245,1.08,1.169,rt,
gety,2026-07-17,1.118,1.017,1.233,1.075,1.162,rt,
gety,2026-07-18,1.11,1.009,1.226,1.069,1.156,rt,
gety,2026-07-19,1.102,0.995,1.227,1.056,1.148,rt,
gety,2026-07-20,1.099,0.982,1.232,1.05,1.148,rt,
gety,2026-07-21,1.096,0.984,1.217,1.05,1.142,rt,
gety,2026-07-22,1.091,0.984,1.209,1.049,1.136,rt,
gety,2026-07-23,1.084,0.978,1.2,1.042,1.132,rt,
gety,2026-07-24,1.082,0.979,1.193,1.04,1.129,rt,
gety,2026-07-25,1.076,0.975,1.189,1.035,1.124,rt,
gety,2026-07-26,1.069,0.961,1.189,1.026,1.117,rt,
gety,2026-07-27,1.062,0.948,1.193,1.017,1.115,rt,
gety,2026-07-28,1.06,0.953,1.18,1.017,1.109,rt,
gety,2026-07-29,1.057,0.952,1.169,1.012,1.103,rt,
gety,2026-07-30,1.051,0.945,1.163,1.008,1.097,rt,
gety,2026-07-31,1.041,0.937,1.143,0.999,1.084,rt,
gety,2026-08-01,1.031,0.922,1.133,0.988,1.074,rt,
gety,2026-08-02,1.019,0.902,1.128,0.974,1.061,rt,
gety,2026-08-03,1.002,0.877,1.122,0.953,1.048,rt,
gety,2026-08-04,0.997,0.879,1.109,0.95,1.039,rt,
gety,2026-08-05,0.992,0.881,1.1,0.947,1.033,rt,
gety,2026-08-06,0.987,0.875,1.094,0.941,1.027,rt,
gety,2026-08-07,0.974,0.866,1.077,0.931,1.015,rt,
gety,2026-08-08,0.962,0.856,1.062,0.919,1.005,rt,
gety,2026-08-09,0.95,0.84,1.047,0.904,0.995,rt,
gety,2026-08-10,0.931,0.814,1.034,0.881,0.976,rt,
gety,2026-08-11,0.922,0.812,1.023,0.875,0.966,rt,
gety,2026-08-12,0.913,0.807,1.014,0.868,0.955,rt,
gety,2026-08-13,0.905,0.799,1.006,0.86,0.945,rt,
gety,2026-08-14,0.894,0.792,0.992,0.854,0.935,rt,
gety,2026-08-15,0.884,0.784,0.982,0.845,0.924,rt,
gety,2026-08-16,0.874,0.772,0.974,0.834,0.915,rt,
gety,2026-08-17,0.87,0.762,0.975,0.829,0.914,rt,
gety,2026-08-18,0.872,0.772,0.977,0.833,0.914,rt,
gety,2026-08-19,0.874,0.774,0.979,0.833,0.915,rt,
gety,2026-08-20,0.875,0.774,0.981,0.833,0.914,rt,
gety,2026-08-21,0.88,0.784,0.981,0.84,0.918,rt,
gety,2026-08-22,0.883,0.786,0.984,0.845,0.921,rt,
gety,2026-08-23,0.883,0.782,0.987,0.844,0.922,rt,
gety,2026-08-24,0.894,0.79,1.003,0.854,0.935,rt,
gety,2026-08-25,0.913,0.812,1.02,0.873,0.953,rt,
gety,2026-08-26,0.929,0.831,1.039,0.89,0.972,rt,
gety,2026-08-27,0.944,0.844,1.056,0.905,0.989,rt,
gety,2026-08-28,0.963,0.861,1.068,0.92,1.005,rt,
gety,2026-08-29,0.976,0.873,1.081,0.933,1.017,rt,
gety,2026-08-30,0.987,0.881,1.092,0.94,1.031,rt,
gety,2026-08-31,0.981,0.87,1.093,0.934,1.032,rt,
gety,2026-09-01,0.988,0.882,1.1,0.941,1.037,rt,
gety,2026-09-02,0.994,0.887,1.109,0.949,1.044,rt,
gety,2026-09-03,0.998,0.888,1.118,0.953,1.048,rt,
gety,2026-09-04,0.995,0.889,1.111,0.953,1.042,rt,
gety,2026-09-05,0.99,0.886,1.105,0.946,1.035,rt,
gety,2026-09-06,0.982,0.876,1.098,0.937,1.028,rt,
gety,2026-09-07,0.959,0.846,1.082,0.911,1.007,rt,
gety,2026-09-08,0.942,0.833,1.062,0.894,0.99,rt,
gety,2026-09-09,0.926,0.815,1.046,0.875,0.971,rt,
gety,2026-09-10,0.907,0.793,1.03,0.859,0.954,rt,
gety,2026-09-11,0.884,0.777,1.001,0.836,0.932,rt,
gety,2026-09-12,0.861,0.758,0.978,0.812,0.908,rt,
gety,2026-09-13,0.837,0.73,0.96,0.788,0.886,rt,
gety,2026-09-14,0.817,0.698,0.947,0.767,0.869,rt,
gety,2026-09-15,0.811,0.691,0.945,0.763,0.863,rt,
gety,2026-09-16,0.807,0.684,0.947,0.756,0.861,rt,
gety,2026-09-17,0.803,0.676,0.947,0.751,0.859,rt,
gety,2026-09-18,0.805,0.671,0.948,0.75,0.859,rt,
gety,2026-09-19,0.805,0.661,0.952,0.746,0.864,rt,
gety,2026-09-20,0.803,0.651,0.96,0.743,0.871,rt,
gety,2026-09-21,0.809,0.644,0.98,0.744,0.883,rt,
gety,2026-09-22,0.814,0.646,0.993,0.744,0.891,rt,
gety,2026-09-23,0.819,0.644,1.009,0.742,0.896,rt,
gety,2026-09-24,0.821,0.641,1.025,0.743,0.903,rt,
gety,2026-09-25,0.826,0.635,1.039,0.746,0.911,rt,
gety,2026-09-26,0.83,0.624,1.056,0.742,0.92,rt,
gety,2026-09-27,0.831,0.612,1.072,0.738,0.93,rt,
gety,2026-09-28,0.825,0.596,1.079,0.726,0.929,rt,
gety,2026-09-29,0.826,0.583,1.088,0.723,0.935,rt,
gety,2026-09-30,0.823,0.573,1.095,0.717,0.935,rt,
gety,2026-10-01,0.819,0.564,1.104,0.71,0.935,rt,
gety,2026-10-02,0.82,0.557,1.127,0.706,0.942,rt,
gety,2026-10-03,0.82,0.546,1.147,0.694,0.938,rt,
gety,2026-10-04,0.815,0.523,1.185,0.688,0.94,rt,
gety,2026-10-05,0.82,0.509,1.223,0.683,0.956,rt,
gety,2026-10-06,0.842,0.506,1.224,0.701,0.985,rt,
kambala,2026-08-06,1.002,0.879,1.117,0.956,1.049,rt,
kambala,2026-08-07,0.992,0.872,1.096,0.946,1.034,rt,
kambala,2026-08-08,0.982,0.861,1.083,0.935,1.023,rt,
kambala,2026-08-09,0.969,0.848,1.076,0.921,1.012,rt,
kambala,2026-08-10,0.948,0.825,1.059,0.9,0.995,rt,
kambala,2026-08-11,0.939,0.821,1.045,0.891,0.982,rt,
kambala,2026-08-12,0.93,0.814,1.036,0.882,0.971,rt,
kambala,2026-08-13,0.92,0.806,1.029,0.874,0.961,rt,
kambala,2026-08-14,0.91,0.802,1.014,0.866,0.951,rt,
kambala,2026-08-15,0.899,0.796,1.001,0.858,0.938,rt,
kambala,2026-08-16,0.888,0.785,0.992,0.846,0.926,rt,
kambala,2026-08-17,0.884,0.779,0.992,0.841,0.925,rt,
kambala,2026-08-18,0.885,0.784,0.991,0.844,0.927,rt,
kambala,2026-08-19,0.886,0.786,0.994,0.846,0.926,rt,
kambala,2026-08-20,0.887,0.788,0.995,0.845,0.926,rt,
kambala,2026-08-21,0.894,0.796,0.997,0.852,0.929,rt,
kambala,2026-08-22,0.896,0.8,0.998,0.857,0.932,rt,
kambala,2026-08-23,0.898,0.801,1.001,0.858,0.936,rt,
kambala,2026-08-24,0.909,0.806,1.018,0.868,0.952,rt,
kambala,2026-08-25,0.928,0.828,1.033,0.888,0.971,rt,
kambala,2026-08-26,0.947,0.846,1.052,0.906,0.99,rt,
kambala,2026-08-27,0.962,0.86,1.074,0.921,1.009,rt,
kambala,2026-08-28,0.981,0.877,1.087,0.937,1.024,rt,
kambala,2026-08-29,0.996,0.891,1.105,0.95,1.038,rt,
kambala,2026-08-30,1.007,0.901,1.12,0.96,1.051,rt,
kambala,2026-08-31,1.005,0.89,1.118,0.956,1.05,rt,
kambala,2026-09-01,1.011,0.9,1.123,0.964,1.056,rt,
kambala,2026-09-02,1.016,0.906,1.13,0.969,1.064,rt,
kambala,2026-09-03,1.019,0.907,1.141,0.972,1.07,rt,
kambala,2026-09-04,1.016,0.907,1.134,0.971,1.059,rt,
kambala,2026-09-05,1.008,0.899,1.123,0.965,1.054,rt,
kambala,2026-09-06,0.998,0.888,1.121,0.953,1.044,rt,
kambala,2026-09-07,0.975,0.862,1.103,0.928,1.023,rt,
kambala,2026-09-08,0.958,0.845,1.082,0.912,1.007,rt,
kambala,2026-09-09,0.94,0.829,1.063,0.892,0.989,rt,
kambala,2026-09-10,0.921,0.803,1.043,0.872,0.97,rt,
kambala,2026-09-11,0.899,0.788,1.018,0.851,0.947,rt,
kambala,2026-09-12,0.874,0.764,0.997,0.827,0.924,rt,
kambala,2026-09-13,0.849,0.738,0.975,0.801,0.901,rt,
kambala,2026-09-14,0.83,0.712,0.962,0.78,0.883,rt,
kambala,2026-09-15,0.823,0.704,0.96,0.774,0.878,rt,
kambala,2026-09-16,0.82,0.695,0.958,0.769,0.874,rt,
kambala,2026-09-17,0.819,0.686,0.96,0.764,0.874,rt,
kambala,2026-09-18,0.818,0.683,0.959,0.764,0.874,rt,
kambala,2026-09-19,0.816,0.676,0.967,0.761,0.878,rt,
kambala,2026-09-20,0.817,0.666,0.976,0.756,0.883,rt,
kambala,2026-09-21,0.822,0.66,0.996,0.754,0.895,rt,
kambala,2026-09-22,0.828,0.662,1.008,0.756,0.902,rt,
kambala,2026-09-23,0.833,0.661,1.023,0.755,0.913,rt,
kambala,2026-09-24,0.836,0.655,1.036,0.755,0.922,rt,
kambala,2026-09-25,0.843,0.65,1.049,0.756,0.93,rt,
kambala,2026-09-26,0.846,0.642,1.071,0.755,0.938,rt,
kambala,2026-09-27,0.849,0.631,1.083,0.752,0.948,rt,
kambala,2026-09-28,0.844,0.609,1.097,0.738,0.95,rt,
kambala,2026-09-29,0.843,0.602,1.101,0.734,0.953,rt,
kambala,2026-09-30,0.841,0.595,1.117,0.728,0.954,rt,
kambala,2026-10-01,0.837,0.587,1.128,0.722,0.953,rt,
kambala,2026-10-02,0.836,0.577,1.151,0.717,0.953,rt,
kambala,2026-10-03,0.835,0.567,1.177,0.713,0.956,rt,
kambala,2026-10-04,0.834,0.545,1.208,0.702,0.961,rt,
kambala,2026-10-05,0.837,0.532,1.249,0.699,0.974,rt,
kambala,2026-10-06,0.862,0.532,1.244,0.717,1.012,rt,
kilo,2026-06-01,1.077,0.679,1.656,0.907,1.281,rt,
kilo,2026-06-02,1.099,0.713,1.647,0.935,1.289,rt,
kilo,2026-06-03,1.118,0.745,1.641,0.961,1.301,rt,
kilo,2026-06-04,1.127,0.758,1.63,0.967,1.314,rt,
kilo,2026-06-05,1.138,0.775,1.641,0.984,1.322,rt,
kilo,2026-06-06,1.144,0.778,1.639,0.986,1.336,rt,
kilo,2026-06-07,1.144,0.766,1.653,0.978,1.336,rt,
kilo,2026-06-08,1.139,0.751,1.669,0.962,1.34,rt,
kilo,2026-06-09,1.135,0.766,1.64,0.969,1.329,rt,
kilo,2026-06-10,1.134,0.786,1.609,0.971,1.311,rt,
kilo,2026-06-11,1.127,0.784,1.578,0.971,1.303,rt,
kilo,2026-06-12,1.124,0.782,1.59,0.97,1.295,rt,
kilo,2026-06-13,1.121,0.766,1.59,0.966,1.297,rt,
kilo,2026-06-14,1.116,0.749,1.585,0.956,1.295,rt,
kilo,2026-06-15,1.113,0.733,1.615,0.939,1.298,rt,
kilo,2026-06-16,1.111,0.755,1.568,0.951,1.286,rt,
kilo,2026-06-17,1.11,0.767,1.545,0.958,1.28,rt,
kilo,2026-06-18,1.105,0.779,1.541,0.966,1.274,rt,
kilo,2026-06-19,1.105,0.784,1.527,0.968,1.266,rt,
kilo,2026-06-20,1.103,0.782,1.521,0.961,1.267,rt,
kilo,2026-06-21,1.097,0.768,1.536,0.954,1.267,rt,
kilo,2026-06-22,1.108,0.764,1.586,0.959,1.288,rt,
kilo,2026-06-23,1.12,0.793,1.579,0.981,1.291,rt,
kilo,2026-06-24,1.129,0.82,1.572,0.995,1.297,rt,
kilo,2026-06-25,1.144,0.83,1.565,1.006,1.309,rt,
kilo,2026-06-26,1.151,0.843,1.581,1.015,1.315,rt,
kilo,2026-06-27,1.16,0.85,1.609,1.02,1.326,rt,
kilo,2026-06-28,1.166,0.842,1.648,1.021,1.343,rt,
kilo,2026-06-29,1.15,0.806,1.652,0.999,1.336,rt,
kilo,2026-06-30,1.131,0.811,1.601,0.987,1.305,rt,
kilo,2026-07-01,1.119,0.806,1.566,0.976,1.278,rt,
kilo,2026-07-02,1.107,0.808,1.523,0.968,1.262,rt,
kilo,2026-07-03,1.092,0.802,1.496,0.962,1.246,rt,
kilo,2026-07-04,1.08,0.79,1.507,0.944,1.233,rt,
kilo,2026-07-05,1.065,0.778,1.518,0.932,1.226,rt,
kilo,2026-07-06,1.062,0.759,1.55,0.919,1.237,rt,
kilo,2026-07-07,1.065,0.773,1.514,0.931,1.229,rt,
kilo,2026-07-08,1.069,0.787,1.47,0.944,1.227,rt,
kilo,2026-07-09,1.07,0.792,1.452,0.95,1.225,rt,
kilo,2026-07-10,1.069,0.79,1.46,0.952,1.221,rt,
kilo,2026-07-11,1.067,0.782,1.463,0.948,1.224,rt,
kilo,2026-07-12,1.072,0.773,1.495,0.941,1.226,rt,
kilo,2026-07-13,1.06,0.745,1.53,0.92,1.219,rt,
kilo,2026-07-14,1.046,0.752,1.473,0.916,1.193,rt,
kilo,2026-07-15,1.029,0.752,1.428,0.907,1.173,rt,
kilo,2026-07-16,1.015,0.738,1.401,0.894,1.157,rt,
kilo,2026-07-17,0.998,0.724,1.365,0.883,1.139,rt,
kilo,2026-07-18,0.985,0.705,1.368,0.864,1.131,rt,
kilo,2026-07-19,0.973,0.681,1.384,0.841,1.118,rt,
kilo,2026-07-20,0.961,0.655,1.399,0.823,1.117,rt,
kilo,2026-07-21,0.949,0.656,1.339,0.824,1.098,rt,
kilo,2026-07-22,0.94,0.66,1.305,0.819,1.08,rt,
kilo,2026-07-23,0.932,0.657,1.281,0.813,1.06,rt,
kilo,2026-07-24,0.919,0.656,1.257,0.8,1.046,rt,
kilo,2026-07-25,0.908,0.637,1.247,0.788,1.04,rt,
kilo,2026-07-26,0.895,0.615,1.26,0.771,1.03,rt,
kilo,2026-07-27,0.882,0.591,1.285,0.755,1.025,rt,
kilo,2026-07-28,0.884,0.598,1.246,0.758,1.015,rt,
kilo,2026-07-29,0.879,0.605,1.228,0.758,1.0,rt,
kilo,2026-07-30,0.87,0.601,1.203,0.752,0.993,rt,
kilo,2026-07-31,0.857,0.596,1.179,0.743,0.979,rt,
kilo,2026-08-01,0.845,0.583,1.17,0.734,0.965,rt,
kilo,2026-08-02,0.836,0.566,1.188,0.72,0.96,rt,
kilo,2026-08-03,0.814,0.539,1.19,0.702,0.947,rt,
kilo,2026-08-04,0.815,0.557,1.159,0.707,0.94,rt,
kilo,2026-08-05,0.813,0.563,1.14,0.709,0.933,rt,
kilo,2026-08-06,0.814,0.56,1.126,0.704,0.931,rt,
kilo,2026-08-07,0.807,0.553,1.112,0.699,0.92,rt,
kilo,2026-08-08,0.796,0.543,1.114,0.689,0.914,rt,
kilo,2026-08-09,0.787,0.524,1.125,0.677,0.916,rt,
kilo,2026-08-10,0.771,0.506,1.13,0.658,0.904,rt,
kilo,2026-08-11,0.765,0.511,1.097,0.657,0.892,rt,
kilo,2026-08-12,0.755,0.51,1.071,0.652,0.875,rt,
kilo,2026-08-13,0.746,0.509,1.05,0.645,0.864,rt,
kilo,2026-08-14,0.739,0.5,1.035,0.636,0.853,rt,
kilo,2026-08-15,0.731,0.489,1.024,0.628,0.847,rt,
kilo,2026-08-16,0.721,0.473,1.029,0.616,0.839,rt,
kilo,2026-08-17,0.722,0.464,1.047,0.606,0.844,rt,
kilo,2026-08-18,0.722,0.467,1.033,0.612,0.837,rt,
kilo,2026-08-19,0.724,0.475,1.017,0.619,0.839,rt,
kilo,2026-08-20,0.726,0.481,1.02,0.62,0.839,rt,
kilo,2026-08-21,0.731,0.488,1.027,0.627,0.844,rt,
kilo,2026-08-22,0.737,0.488,1.047,0.626,0.853,rt,
kilo,2026-08-23,0.739,0.48,1.075,0.625,0.86,rt,
kilo,2026-08-24,0.75,0.474,1.126,0.625,0.881,rt,
kilo,2026-08-25,0.764,0.492,1.135,0.649,0.896,rt,
kilo,2026-08-26,0.788,0.511,1.145,0.669,0.916,rt,
kilo,2026-08-27,0.804,0.528,1.171,0.686,0.938,rt,
kilo,2026-08-28,0.821,0.543,1.188,0.709,0.961,rt,
kilo,2026-08-29,0.838,0.548,1.224,0.719,0.981,rt,
kilo,2026-08-30,0.854,0.55,1.277,0.726,1.003,rt,
kilo,2026-08-31,0.855,0.538,1.324,0.721,1.011,rt,
kilo,2026-09-01,0.871,0.566,1.323,0.739,1.026,rt,
kilo,2026-09-02,0.888,0.586,1.332,0.752,1.041,rt,
kilo,2026-09-03,0.903,0.601,1.343,0.772,1.061,rt,
kilo,2026-09-04,0.908,0.603,1.356,0.776,1.064,rt,
kilo,2026-09-05,0.915,0.604,1.385,0.773,1.077,rt,
kilo,2026-09-06,0.919,0.599,1.423,0.77,1.089,rt,
kilo,2026-09-07,0.905,0.582,1.439,0.751,1.084,rt,
kilo,2026-09-08,0.895,0.588,1.401,0.751,1.078,rt,
kilo,2026-09-09,0.887,0.593,1.355,0.747,1.067,rt,
kilo,2026-09-10,0.879,0.584,1.35,0.742,1.057,rt,
kilo,2026-09-11,0.864,0.574,1.351,0.73,1.04,rt,
kilo,2026-09-12,0.854,0.55,1.344,0.716,1.016,rt,
kilo,2026-09-13,0.839,0.528,1.355,0.698,1.0,rt,
kilo,2026-09-14,0.824,0.509,1.363,0.681,0.995,rt,
kilo,2026-09-15,0.831,0.526,1.354,0.685,0.993,rt,
kilo,2026-09-16,0.839,0.531,1.369,0.691,1.003,rt,
kilo,2026-09-17,0.844,0.526,1.382,0.692,1.022,rt,
kilo,2026-09-18,0.853,0.536,1.408,0.699,1.029,rt,
kilo,2026-09-19,0.86,0.525,1.442,0.703,1.048,rt,
kilo,2026-09-20,0.869,0.519,1.51,0.711,1.068,rt,
kilo,2026-09-21,0.888,0.517,1.585,0.718,1.102,rt,
kilo,2026-09-22,0.898,0.521,1.599,0.722,1.107,rt,
kilo,2026-09-23,0.898,0.522,1.585,0.717,1.106,rt,
kilo,2026-09-24,0.9,0.516,1.581,0.711,1.111,rt,
kilo,2026-09-25,0.906,0.508,1.602,0.709,1.132,rt,
kilo,2026-09-26,0.908,0.494,1.632,0.704,1.152,rt,
kilo,2026-09-27,0.903,0.469,1.666,0.699,1.17,rt,
kilo,2026-09-28,0.895,0.445,1.702,0.679,1.167,rt,
kilo,2026-09-29,0.887,0.453,1.677,0.67,1.165,rt,
kilo,2026-09-30,0.886,0.447,1.661,0.669,1.149,rt,
kilo,2026-10-01,0.888,0.44,1.675,0.661,1.148,rt,
kilo,2026-10-02,0.875,0.425,1.714,0.649,1.147,rt,
kilo,2026-10-03,0.865,0.407,1.776,0.644,1.152,rt,
kilo,2026-10-04,0.86,0.39,1.832,0.622,1.157,rt,
kilo,2026-10-05,0.857,0.372,1.91,0.612,1.164,rt,
kilo,2026-10-06,0.856,0.37,1.915,0.624,1.214,rt,
komanda,2026-05-27,1.798,1.079,3.021,1.449,2.225,rt,
komanda,2026-05-28,1.827,1.095,2.974,1.478,2.218,rt,
komanda,2026-05-29,1.842,1.108,2.939,1.498,2.24,rt,
komanda,2026-05-30,1.85,1.115,2.953,1.515,2.27,rt,
komanda,2026-05-31,1.859,1.094,3.04,1.511,2.311,rt,
komanda,2026-06-01,1.898,1.078,3.19,1.522,2.358,rt,
komanda,2026-06-02,1.901,1.145,3.041,1.552,2.309,rt,
komanda,2026-06-03,1.895,1.177,2.903,1.577,2.27,rt,
komanda,2026-06-04,1.884,1.198,2.826,1.584,2.234,rt,
komanda,2026-06-05,1.871,1.215,2.775,1.567,2.214,rt,
komanda,2026-06-06,1.83,1.21,2.79,1.547,2.191,rt,
komanda,2026-06-07,1.795,1.179,2.795,1.505,2.171,rt,
komanda,2026-06-08,1.758,1.104,2.857,1.442,2.166,rt,
komanda,2026-06-09,1.697,1.129,2.632,1.442,2.058,rt,
komanda,2026-06-10,1.642,1.133,2.46,1.409,1.957,rt,
komanda,2026-06-11,1.594,1.116,2.341,1.379,1.87,rt,
komanda,2026-06-12,1.553,1.089,2.281,1.343,1.806,rt,
komanda,2026-06-13,1.499,1.044,2.251,1.294,1.763,rt,
komanda,2026-06-14,1.455,0.986,2.249,1.231,1.732,rt,
komanda,2026-06-15,1.406,0.914,2.243,1.166,1.702,rt,
komanda,2026-06-16,1.371,0.913,2.087,1.154,1.617,rt,
komanda,2026-06-17,1.318,0.895,1.963,1.129,1.543,rt,
komanda,2026-06-18,1.275,0.875,1.876,1.102,1.496,rt,
komanda,2026-06-19,1.236,0.842,1.841,1.066,1.461,rt,
komanda,2026-06-20,1.194,0.799,1.823,1.018,1.424,rt,
komanda,2026-06-21,1.158,0.745,1.827,0.968,1.395,rt,
komanda,2026-06-22,1.132,0.7,1.869,0.928,1.394,rt,
komanda,2026-06-23,1.118,0.714,1.743,0.933,1.347,rt,
komanda,2026-06-24,1.101,0.727,1.65,0.933,1.311,rt,
komanda,2026-06-25,1.087,0.731,1.607,0.924,1.287,rt,
komanda,2026-06-26,1.062,0.719,1.557,0.914,1.261,rt,
komanda,2026-06-27,1.039,0.694,1.558,0.891,1.238,rt,
komanda,2026-06-28,1.025,0.665,1.562,0.864,1.226,rt,
komanda,2026-06-29,0.986,0.622,1.552,0.82,1.205,rt,
komanda,2026-06-30,0.987,0.647,1.476,0.835,1.181,rt,
komanda,2026-07-01,0.989,0.671,1.444,0.843,1.166,rt,
komanda,2026-07-02,0.992,0.68,1.415,0.848,1.162,rt,
komanda,2026-07-03,0.997,0.681,1.423,0.848,1.162,rt,
komanda,2026-07-04,1.002,0.672,1.454,0.846,1.173,rt,
komanda,2026-07-05,1.007,0.65,1.495,0.84,1.196,rt,
komanda,2026-07-06,1.022,0.629,1.572,0.833,1.225,rt,
komanda,2026-07-07,1.056,0.682,1.564,0.879,1.242,rt,
komanda,2026-07-08,1.087,0.732,1.574,0.929,1.27,rt,
komanda,2026-07-09,1.13,0.768,1.586,0.971,1.301,rt,
komanda,2026-07-10,1.166,0.795,1.635,1.005,1.335,rt,
komanda,2026-07-11,1.208,0.812,1.697,1.031,1.393,rt,
komanda,2026-07-12,1.247,0.816,1.805,1.055,1.453,rt,
komanda,2026-07-13,1.273,0.797,1.911,1.059,1.508,rt,
komanda,2026-07-14,1.286,0.85,1.851,1.095,1.499,rt,
komanda,2026-07-15,1.307,0.883,1.808,1.128,1.49,rt,
komanda,2026-07-16,1.32,0.916,1.783,1.142,1.505,rt,
komanda,2026-07-17,1.344,0.935,1.8,1.162,1.524,rt,
komanda,2026-07-18,1.349,0.936,1.87,1.169,1.554,rt,
komanda,2026-07-19,1.36,0.921,1.975,1.166,1.593,rt,
komanda,2026-07-20,1.382,0.893,2.107,1.164,1.652,rt,
komanda,2026-07-21,1.414,0.967,2.044,1.223,1.645,rt,
komanda,2026-07-22,1.439,1.016,2.01,1.266,1.649,rt,
komanda,2026-07-23,1.469,1.06,2.004,1.3,1.664,rt,
komanda,2026-07-24,1.493,1.084,2.018,1.329,1.706,rt,
komanda,2026-07-25,1.525,1.086,2.099,1.338,1.747,rt,
komanda,2026-07-26,1.553,1.068,2.193,1.354,1.796,rt,
komanda,2026-07-27,1.582,1.051,2.32,1.348,1.857,rt,
komanda,2026-07-28,1.609,1.11,2.271,1.386,1.85,rt,
komanda,2026-07-29,1.632,1.168,2.206,1.429,1.851,rt,
komanda,2026-07-30,1.654,1.221,2.211,1.454,1.867,rt,
komanda,2026-07-31,1.665,1.222,2.248,1.469,1.881,rt,
komanda,2026-08-01,1.671,1.21,2.281,1.479,1.903,rt,
komanda,2026-08-02,1.691,1.168,2.39,1.468,1.937,rt,
komanda,2026-08-03,1.703,1.1,2.483,1.446,1.974,rt,
komanda,2026-08-04,1.717,1.188,2.434,1.505,1.963,rt,
komanda,2026-08-05,1.751,1.263,2.401,1.554,1.968,rt,
komanda,2026-08-06,1.787,1.328,2.388,1.591,1.972,rt,
komanda,2026-08-07,1.796,1.34,2.391,1.606,2.011,rt,
komanda,2026-08-08,1.806,1.355,2.436,1.611,2.057,rt,
komanda,2026-08-09,1.818,1.339,2.539,1.601,2.105,rt,
komanda,2026-08-10,1.821,1.271,2.688,1.565,2.139,rt,
komanda,2026-08-11,1.789,1.321,2.497,1.571,2.064,rt,
komanda,2026-08-12,1.764,1.317,2.366,1.566,1.985,rt,
komanda,2026-08-13,1.735,1.309,2.275,1.552,1.946,rt,
komanda,2026-08-14,1.707,1.278,2.226,1.524,1.907,rt,
komanda,2026-08-15,1.678,1.23,2.21,1.482,1.87,rt,
komanda,2026-08-16,1.641,1.169,2.245,1.44,1.853,rt,
komanda,2026-08-17,1.617,1.109,2.332,1.393,1.871,rt,
komanda,2026-08-18,1.525,1.089,2.093,1.339,1.722,rt,
komanda,2026-08-19,1.429,1.057,1.912,1.271,1.598,rt,
komanda,2026-08-20,1.339,1.01,1.763,1.201,1.494,rt,
komanda,2026-08-21,1.266,0.962,1.657,1.132,1.415,rt,
komanda,2026-08-22,1.193,0.89,1.576,1.055,1.344,rt,
komanda,2026-08-23,1.122,0.804,1.512,0.975,1.28,rt,
komanda,2026-08-24,1.065,0.722,1.5,0.913,1.24,rt,
komanda,2026-08-25,1.032,0.729,1.395,0.899,1.175,rt,
komanda,2026-08-26,0.995,0.729,1.301,0.881,1.123,rt,
komanda,2026-08-27,0.961,0.711,1.243,0.857,1.072,rt,
komanda,2026-08-28,0.924,0.69,1.202,0.827,1.03,rt,
komanda,2026-08-29,0.889,0.644,1.174,0.789,0.997,rt,
komanda,2026-08-30,0.854,0.592,1.152,0.742,0.965,rt,
komanda,2026-08-31,0.806,0.531,1.127,0.686,0.931,rt,
komanda,2026-09-01,0.805,0.559,1.079,0.699,0.913,rt,
komanda,2026-09-02,0.801,0.575,1.051,0.706,0.897,rt,
komanda,2026-09-03,0.795,0.586,1.034,0.71,0.891,rt,
komanda,2026-09-04,0.785,0.581,1.024,0.7,0.88,rt,
komanda,2026-09-05,0.774,0.562,1.028,0.681,0.877,rt,
komanda,2026-09-06,0.758,0.538,1.049,0.66,0.872,rt,
komanda,2026-09-07,0.731,0.496,1.048,0.625,0.857,rt,
komanda,2026-09-08,0.713,0.504,0.989,0.616,0.821,rt,
komanda,2026-09-09,0.699,0.494,0.944,0.606,0.788,rt,
komanda,2026-09-10,0.678,0.477,0.902,0.587,0.767,rt,
komanda,2026-09-11,0.653,0.454,0.881,0.569,0.74,rt,
komanda,2026-09-12,0.629,0.426,0.881,0.544,0.721,rt,
komanda,2026-09-13,0.605,0.394,0.876,0.514,0.7,rt,
komanda,2026-09-14,0.585,0.361,0.891,0.488,0.691,rt,
komanda,2026-09-15,0.569,0.354,0.834,0.479,0.666,rt,
komanda,2026-09-16,0.552,0.346,0.8,0.466,0.65,rt,
komanda,2026-09-17,0.539,0.337,0.778,0.451,0.637,rt,
komanda,2026-09-18,0.53,0.327,0.777,0.433,0.63,rt,
komanda,2026-09-19,0.52,0.308,0.789,0.415,0.618,rt,
komanda,2026-09-20,0.507,0.289,0.807,0.398,0.616,rt,
komanda,2026-09-21,0.504,0.269,0.838,0.385,0.619,rt,
komanda,2026-09-22,0.506,0.274,0.829,0.393,0.619,rt,
komanda,2026-09-23,0.505,0.274,0.828,0.396,0.628,rt,
komanda,2026-09-24,0.507,0.273,0.84,0.398,0.636,rt,
komanda,2026-09-25,0.509,0.267,0.873,0.399,0.645,rt,
komanda,2026-09-26,0.509,0.257,0.909,0.398,0.654,rt,
komanda,2026-09-27,0.509,0.246,0.935,0.395,0.667,rt,
komanda,2026-09-28,0.506,0.234,0.98,0.381,0.674,rt,
komanda,2026-09-29,0.509,0.236,0.971,0.384,0.672,rt,
komanda,2026-09-30,0.511,0.241,0.982,0.382,0.674,rt,
komanda,2026-10-01,0.514,0.24,0.99,0.379,0.683,rt,
komanda,2026-10-02,0.511,0.242,1.008,0.379,0.693,rt,
komanda,2026-10-03,0.514,0.234,1.045,0.375,0.7,rt,
komanda,2026-10-04,0.511,0.225,1.091,0.367,0.709,rt,
komanda,2026-10-05,0.512,0.219,1.173,0.365,0.734,rt,
komanda,2026-10-06,0.539,0.218,1.335,0.371,0.794,rt,
lita,2026-05-24,1.749,1.149,2.594,1.469,2.044,rt,
lita,2026-05-25,1.68,1.07,2.546,1.405,1.995,rt,
lita,2026-05-26,1.689,1.104,2.481,1.421,1.982,rt,
lita,2026-05-27,1.688,1.134,2.438,1.442,1.968,rt,
lita,2026-05-28,1.696,1.165,2.416,1.451,1.968,rt,
lita,2026-05-29,1.696,1.169,2.378,1.458,1.955,rt,
lita,2026-05-30,1.695,1.168,2.404,1.464,1.955,rt,
lita,2026-05-31,1.698,1.147,2.422,1.461,1.96,rt,
lita,2026-06-01,1.723,1.141,2.507,1.464,1.998,rt,
lita,2026-06-02,1.786,1.242,2.494,1.546,2.041,rt,
lita,2026-06-03,1.852,1.342,2.514,1.621,2.1,rt,
lita,2026-06-04,1.908,1.422,2.553,1.689,2.165,rt,
lita,2026-06-05,1.974,1.485,2.609,1.754,2.23,rt,
lita,2026-06-06,2.022,1.524,2.7,1.801,2.284,rt,
lita,2026-06-07,2.071,1.529,2.786,1.831,2.335,rt,
lita,2026-06-08,2.105,1.522,2.906,1.85,2.386,rt,
lita,2026-06-09,2.083,1.564,2.816,1.856,2.34,rt,
lita,2026-06-10,2.053,1.565,2.725,1.851,2.286,rt,
lita,2026-06-11,2.028,1.582,2.652,1.83,2.246,rt,
lita,2026-06-12,2.005,1.58,2.612,1.807,2.229,rt,
lita,2026-06-13,1.986,1.562,2.577,1.78,2.208,rt,
lita,2026-06-14,1.963,1.512,2.569,1.739,2.188,rt,
lita,2026-06-15,1.937,1.462,2.569,1.702,2.176,rt,
lita,2026-06-16,1.876,1.453,2.443,1.676,2.097,rt,
lita,2026-06-17,1.824,1.424,2.335,1.638,2.02,rt,
lita,2026-06-18,1.759,1.395,2.245,1.597,1.948,rt,
lita,2026-06-19,1.7,1.352,2.168,1.552,1.885,rt,
lita,2026-06-20,1.648,1.29,2.118,1.498,1.824,rt,
lita,2026-06-21,1.595,1.225,2.078,1.439,1.774,rt,
lita,2026-06-22,1.568,1.185,2.08,1.395,1.752,rt,
lita,2026-06-23,1.571,1.225,2.032,1.415,1.741,rt,
lita,2026-06-24,1.575,1.247,1.995,1.433,1.735,rt,
lita,2026-06-25,1.578,1.257,1.985,1.445,1.73,rt,
lita,2026-06-26,1.586,1.262,1.978,1.45,1.724,rt,
lita,2026-06-27,1.586,1.257,1.981,1.448,1.731,rt,
lita,2026-06-28,1.589,1.242,2.019,1.439,1.743,rt,
lita,2026-06-29,1.548,1.183,2.019,1.392,1.719,rt,
lita,2026-06-30,1.514,1.196,1.923,1.375,1.667,rt,
lita,2026-07-01,1.48,1.19,1.85,1.355,1.623,rt,
lita,2026-07-02,1.454,1.174,1.802,1.333,1.586,rt,
lita,2026-07-03,1.426,1.159,1.755,1.306,1.553,rt,
lita,2026-07-04,1.398,1.132,1.731,1.276,1.534,rt,
lita,2026-07-05,1.376,1.094,1.727,1.243,1.517,rt,
lita,2026-07-06,1.36,1.055,1.743,1.217,1.51,rt,
lita,2026-07-07,1.34,1.066,1.694,1.214,1.48,rt,
lita,2026-07-08,1.32,1.075,1.655,1.208,1.455,rt,
lita,2026-07-09,1.305,1.067,1.628,1.195,1.428,rt,
lita,2026-07-10,1.289,1.046,1.598,1.181,1.403,rt,
lita,2026-07-11,1.275,1.021,1.577,1.158,1.387,rt,
lita,2026-07-12,1.252,0.993,1.578,1.135,1.374,rt,
lita,2026-07-13,1.22,0.942,1.569,1.096,1.348,rt,
lita,2026-07-14,1.197,0.951,1.506,1.082,1.31,rt,
lita,2026-07-15,1.173,0.95,1.457,1.069,1.277,rt,
lita,2026-07-16,1.151,0.937,1.423,1.052,1.251,rt,
lita,2026-07-17,1.128,0.918,1.396,1.032,1.228,rt,
lita,2026-07-18,1.108,0.896,1.383,1.008,1.213,rt,
lita,2026-07-19,1.085,0.855,1.376,0.981,1.192,rt,
lita,2026-07-20,1.066,0.817,1.388,0.957,1.186,rt,
lita,2026-07-21,1.059,0.836,1.341,0.959,1.168,rt,
lita,2026-07-22,1.052,0.851,1.314,0.964,1.149,rt,
lita,2026-07-23,1.041,0.85,1.286,0.957,1.136,rt,
lita,2026-07-24,1.034,0.844,1.27,0.954,1.124,rt,
lita,2026-07-25,1.023,0.833,1.258,0.945,1.117,rt,
lita,2026-07-26,1.013,0.812,1.261,0.926,1.112,rt,
lita,2026-07-27,1.005,0.775,1.27,0.909,1.114,rt,
lita,2026-07-28,1.017,0.801,1.247,0.925,1.116,rt,
lita,2026-07-29,1.026,0.823,1.244,0.938,1.114,rt,
lita,2026-07-30,1.033,0.828,1.245,0.946,1.118,rt,
lita,2026-07-31,1.033,0.832,1.244,0.949,1.117,rt,
lita,2026-08-01,1.032,0.829,1.259,0.945,1.121,rt,
lita,2026-08-02,1.03,0.815,1.284,0.938,1.127,rt,
lita,2026-08-03,1.023,0.789,1.3,0.926,1.13,rt,
lita,2026-08-04,1.024,0.807,1.272,0.931,1.12,rt,
lita,2026-08-05,1.024,0.814,1.258,0.938,1.107,rt,
lita,2026-08-06,1.022,0.821,1.244,0.935,1.105,rt,
lita,2026-08-07,1.013,0.816,1.232,0.927,1.099,rt,
lita,2026-08-08,1.002,0.805,1.226,0.917,1.097,rt,
lita,2026-08-09,0.991,0.779,1.24,0.9,1.101,rt,
lita,2026-08-10,0.974,0.743,1.247,0.872,1.088,rt,
lita,2026-08-11,0.961,0.756,1.205,0.872,1.062,rt,
lita,2026-08-12,0.947,0.761,1.167,0.864,1.037,rt,
lita,2026-08-13,0.935,0.76,1.141,0.856,1.014,rt,
lita,2026-08-14,0.92,0.757,1.129,0.843,0.999,rt,
lita,2026-08-15,0.902,0.74,1.122,0.827,0.988,rt,
lita,2026-08-16,0.886,0.713,1.131,0.808,0.979,rt,
lita,2026-08-17,0.881,0.683,1.152,0.791,0.984,rt,
lita,2026-08-18,0.883,0.702,1.133,0.802,0.982,rt,
lita,2026-08-19,0.888,0.715,1.11,0.81,0.98,rt,
lita,2026-08-20,0.893,0.719,1.098,0.812,0.98,rt,
lita,2026-08-21,0.899,0.725,1.108,0.821,0.986,rt,
lita,2026-08-22,0.906,0.723,1.123,0.823,0.993,rt,
lita,2026-08-23,0.906,0.708,1.148,0.821,1.004,rt,
lita,2026-08-24,0.916,0.699,1.19,0.82,1.026,rt,
lita,2026-08-25,0.919,0.721,1.166,0.832,1.02,rt,
lita,2026-08-26,0.923,0.729,1.151,0.838,1.012,rt,
lita,2026-08-27,0.924,0.732,1.143,0.839,1.009,rt,
lita,2026-08-28,0.921,0.736,1.137,0.838,1.006,rt,
lita,2026-08-29,0.912,0.725,1.138,0.831,1.002,rt,
lita,2026-08-30,0.903,0.7,1.151,0.822,0.999,rt,
lita,2026-08-31,0.884,0.664,1.148,0.792,0.989,rt,
lita,2026-09-01,0.871,0.676,1.117,0.785,0.969,rt,
lita,2026-09-02,0.859,0.676,1.087,0.781,0.947,rt,
lita,2026-09-03,0.844,0.669,1.061,0.771,0.93,rt,
lita,2026-09-04,0.823,0.653,1.04,0.751,0.908,rt,
lita,2026-09-05,0.801,0.624,1.022,0.731,0.891,rt,
lita,2026-09-06,0.776,0.587,1.021,0.702,0.877,rt,
lita,2026-09-07,0.742,0.539,1.012,0.661,0.849,rt,
lita,2026-09-08,0.727,0.544,0.957,0.654,0.825,rt,
lita,2026-09-09,0.713,0.54,0.922,0.638,0.802,rt,
lita,2026-09-10,0.697,0.528,0.896,0.622,0.782,rt,
lita,2026-09-11,0.679,0.511,0.874,0.605,0.755,rt,
lita,2026-09-12,0.657,0.484,0.862,0.582,0.737,rt,
lita,2026-09-13,0.633,0.452,0.858,0.559,0.718,rt,
lita,2026-09-14,0.611,0.426,0.856,0.533,0.707,rt,
lita,2026-09-15,0.619,0.435,0.845,0.54,0.711,rt,
lita,2026-09-16,0.626,0.441,0.856,0.544,0.715,rt,
lita,2026-09-17,0.634,0.443,0.876,0.547,0.727,rt,
lita,2026-09-18,0.646,0.444,0.905,0.557,0.745,rt,
lita,2026-09-19,0.655,0.435,0.944,0.561,0.767,rt,
lita,2026-09-20,0.665,0.429,0.992,0.562,0.793,rt,
lita,2026-09-21,0.678,0.422,1.054,0.565,0.827,rt,
lita,2026-09-22,0.684,0.424,1.057,0.571,0.825,rt,
lita,2026-09-23,0.688,0.413,1.062,0.572,0.836,rt,
lita,2026-09-24,0.696,0.41,1.078,0.56,0.841,rt,
lita,2026-09-25,0.7,0.402,1.108,0.556,0.853,rt,
lita,2026-09-26,0.701,0.386,1.132,0.549,0.866,rt,
lita,2026-09-27,0.703,0.368,1.166,0.544,0.88,rt,
lita,2026-09-28,0.695,0.338,1.202,0.531,0.885,rt,
lita,2026-09-29,0.693,0.336,1.239,0.524,0.885,rt,
lita,2026-09-30,0.689,0.333,1.244,0.524,0.879,rt,
lita,2026-10-01,0.688,0.319,1.266,0.519,0.877,rt,
lita,2026-10-02,0.683,0.31,1.289,0.509,0.889,rt,
lita,2026-10-03,0.68,0.295,1.34,0.498,0.893,rt,
lita,2026-10-04,0.68,0.28,1.397,0.484,0.905,rt,
lita,2026-10-05,0.676,0.255,1.45,0.475,0.918,rt,
lita,2026-10-06,0.702,0.25,1.521,0.472,0.96,rt,
logo,2026-06-23,1.255,1.084,1.463,1.181,1.335,rt,
logo,2026-06-24,1.253,1.081,1.448,1.18,1.33,rt,
logo,2026-06-25,1.25,1.081,1.443,1.176,1.328,rt,
logo,2026-06-26,1.246,1.078,1.431,1.175,1.322,rt,
logo,2026-06-27,1.242,1.072,1.426,1.171,1.313,rt,
logo,2026-06-28,1.234,1.059,1.417,1.163,1.305,rt,
logo,2026-06-29,1.201,1.021,1.387,1.133,1.277,rt,
logo,2026-06-30,1.18,1.01,1.353,1.113,1.248,rt,
logo,2026-07-01,1.158,1.0,1.324,1.096,1.221,rt,
logo,2026-07-02,1.138,0.984,1.299,1.079,1.204,rt,
logo,2026-07-03,1.123,0.982,1.269,1.064,1.183,rt,
logo,2026-07-04,1.108,0.966,1.25,1.047,1.165,rt,
logo,2026-07-05,1.093,0.945,1.233,1.029,1.15,rt,
logo,2026-07-06,1.084,0.926,1.234,1.019,1.148,rt,
logo,2026-07-07,1.092,0.941,1.228,1.031,1.148,rt,
logo,2026-07-08,1.099,0.95,1.23,1.038,1.15,rt,
logo,2026-07-09,1.103,0.957,1.235,1.046,1.158,rt,
logo,2026-07-10,1.106,0.965,1.235,1.05,1.161,rt,
logo,2026-07-11,1.11,0.967,1.236,1.052,1.164,rt,
logo,2026-07-12,1.112,0.967,1.245,1.052,1.17,rt,
logo,2026-07-13,1.101,0.957,1.241,1.038,1.162,rt,
logo,2026-07-14,1.096,0.96,1.229,1.039,1.154,rt,
logo,2026-07-15,1.09,0.959,1.218,1.034,1.145,rt,
logo,2026-07-16,1.083,0.958,1.208,1.032,1.137,rt,
logo,2026-07-17,1.079,0.96,1.204,1.029,1.13,rt,
logo,2026-07-18,1.073,0.954,1.201,1.022,1.122,rt,
logo,2026-07-19,1.065,0.944,1.197,1.016,1.116,rt,
logo,2026-07-20,1.064,0.937,1.207,1.013,1.118,rt,
logo,2026-07-21,1.062,0.944,1.193,1.013,1.114,rt,
logo,2026-07-22,1.06,0.945,1.187,1.012,1.108,rt,
logo,2026-07-23,1.057,0.942,1.18,1.008,1.104,rt,
logo,2026-07-24,1.053,0.943,1.171,1.008,1.101,rt,
logo,2026-07-25,1.051,0.941,1.165,1.002,1.099,rt,
logo,2026-07-26,1.045,0.931,1.159,0.995,1.096,rt,
logo,2026-07-27,1.041,0.924,1.164,0.99,1.094,rt,
logo,2026-07-28,1.038,0.924,1.155,0.991,1.089,rt,
logo,2026-07-29,1.035,0.923,1.146,0.99,1.083,rt,
logo,2026-07-30,1.03,0.919,1.144,0.985,1.078,rt,
logo,2026-07-31,1.022,0.91,1.129,0.976,1.067,rt,
logo,2026-08-01,1.012,0.898,1.119,0.964,1.057,rt,
logo,2026-08-02,1.001,0.877,1.117,0.95,1.046,rt,
logo,2026-08-03,0.985,0.856,1.112,0.931,1.034,rt,
logo,2026-08-04,0.978,0.856,1.104,0.93,1.028,rt,
logo,2026-08-05,0.973,0.854,1.098,0.925,1.021,rt,
logo,2026-08-06,0.969,0.852,1.094,0.92,1.016,rt,
logo,2026-08-07,0.958,0.846,1.071,0.911,1.003,rt,
logo,2026-08-08,0.948,0.836,1.053,0.901,0.991,rt,
logo,2026-08-09,0.936,0.823,1.042,0.887,0.981,rt,
logo,2026-08-10,0.918,0.798,1.027,0.866,0.964,rt,
logo,2026-08-11,0.908,0.795,1.013,0.859,0.952,rt,
logo,2026-08-12,0.9,0.789,1.004,0.853,0.943,rt,
logo,2026-08-13,0.89,0.782,0.994,0.845,0.935,rt,
logo,2026-08-14,0.879,0.776,0.978,0.837,0.922,rt,
logo,2026-08-15,0.869,0.769,0.972,0.829,0.91,rt,
logo,2026-08-16,0.859,0.759,0.962,0.817,0.9,rt,
logo,2026-08-17,0.857,0.751,0.963,0.812,0.9,rt,
logo,2026-08-18,0.859,0.758,0.966,0.814,0.901,rt,
logo,2026-08-19,0.86,0.761,0.969,0.818,0.903,rt,
logo,2026-08-20,0.859,0.762,0.97,0.816,0.904,rt,
logo,2026-08-21,0.864,0.772,0.973,0.826,0.907,rt,
logo,2026-08-22,0.867,0.771,0.977,0.829,0.909,rt,
logo,2026-08-23,0.869,0.773,0.981,0.829,0.911,rt,
logo,2026-08-24,0.881,0.78,0.994,0.84,0.925,rt,
logo,2026-08-25,0.9,0.8,1.011,0.859,0.944,rt,
logo,2026-08-26,0.918,0.818,1.032,0.877,0.961,rt,
logo,2026-08-27,0.936,0.83,1.052,0.89,0.98,rt,
logo,2026-08-28,0.954,0.848,1.067,0.908,0.997,rt,
logo,2026-08-29,0.968,0.859,1.078,0.922,1.012,rt,
logo,2026-08-30,0.979,0.867,1.092,0.931,1.026,rt,
logo,2026-08-31,0.975,0.855,1.091,0.925,1.025,rt,
logo,2026-09-01,0.982,0.868,1.098,0.934,1.03,rt,
logo,2026-09-02,0.988,0.876,1.104,0.94,1.037,rt,
logo,2026-09-03,0.992,0.877,1.116,0.944,1.043,rt,
logo,2026-09-04,0.989,0.879,1.104,0.941,1.037,rt,
logo,2026-09-05,0.982,0.873,1.098,0.937,1.032,rt,
logo,2026-09-06,0.973,0.86,1.093,0.928,1.024,rt,
logo,2026-09-07,0.951,0.834,1.08,0.904,1.003,rt,
logo,2026-09-08,0.936,0.817,1.058,0.887,0.987,rt,
logo,2026-09-09,0.918,0.8,1.041,0.869,0.968,rt,
logo,2026-09-10,0.9,0.779,1.022,0.85,0.951,rt,
logo,2026-09-11,0.878,0.763,0.998,0.83,0.929,rt,
logo,2026-09-12,0.856,0.742,0.974,0.807,0.906,rt,
logo,2026-09-13,0.831,0.715,0.959,0.782,0.88,rt,
logo,2026-09-14,0.81,0.686,0.948,0.76,0.865,rt,
logo,2026-09-15,0.805,0.683,0.94,0.755,0.86,rt,
logo,2026-09-16,0.801,0.677,0.939,0.751,0.857,rt,
logo,2026-09-17,0.798,0.671,0.939,0.742,0.858,rt,
logo,2026-09-18,0.799,0.668,0.941,0.741,0.857,rt,
logo,2026-09-19,0.799,0.661,0.95,0.741,0.863,rt,
logo,2026-09-20,0.797,0.646,0.961,0.738,0.868,rt,
logo,2026-09-21,0.802,0.637,0.985,0.739,0.878,rt,
logo,2026-09-22,0.81,0.639,0.999,0.739,0.885,rt,
logo,2026-09-23,0.812,0.638,1.008,0.74,0.892,rt,
logo,2026-09-24,0.815,0.637,1.021,0.736,0.899,rt,
logo,2026-09-25,0.824,0.631,1.037,0.737,0.909,rt,
logo,2026-09-26,0.825,0.625,1.054,0.736,0.918,rt,
logo,2026-09-27,0.825,0.611,1.072,0.732,0.927,rt,
logo,2026-09-28,0.823,0.593,1.084,0.719,0.926,rt,
logo,2026-09-29,0.823,0.58,1.092,0.713,0.929,rt,
logo,2026-09-30,0.821,0.57,1.102,0.709,0.932,rt,
logo,2026-10-01,0.818,0.567,1.105,0.702,0.933,rt,
logo,2026-10-02,0.819,0.554,1.122,0.696,0.935,rt,
logo,2026-10-03,0.816,0.545,1.145,0.689,0.938,rt,
logo,2026-10-04,0.813,0.523,1.178,0.681,0.94,rt,
logo,2026-10-05,0.816,0.509,1.215,0.675,0.952,rt,
logo,2026-10-06,0.843,0.509,1.221,0.694,0.988,rt,
lolwa,2026-07-06,1.321,0.786,2.285,1.083,1.631,rt,
lolwa,2026-07-07,1.36,0.845,2.196,1.134,1.651,rt,
lolwa,2026-07-08,1.396,0.897,2.208,1.175,1.663,rt,
lolwa,2026-07-09,1.439,0.938,2.197,1.208,1.694,rt,
lolwa,2026-07-10,1.475,0.964,2.226,1.249,1.744,rt,
lolwa,2026-07-11,1.516,0.984,2.324,1.269,1.798,rt,
lolwa,2026-07-12,1.553,0.981,2.429,1.278,1.865,rt,
lolwa,2026-07-13,1.567,0.959,2.58,1.27,1.914,rt,
lolwa,2026-07-14,1.554,0.985,2.459,1.289,1.853,rt,
lolwa,2026-07-15,1.542,1.001,2.351,1.297,1.824,rt,
lolwa,2026-07-16,1.525,1.008,2.289,1.293,1.796,rt,
lolwa,2026-07-17,1.514,1.0,2.285,1.27,1.785,rt,
lolwa,2026-07-18,1.501,0.974,2.325,1.251,1.775,rt,
lolwa,2026-07-19,1.483,0.921,2.363,1.22,1.769,rt,
lolwa,2026-07-20,1.473,0.881,2.462,1.193,1.789,rt,
lolwa,2026-07-21,1.447,0.894,2.287,1.193,1.73,rt,
lolwa,2026-07-22,1.416,0.922,2.171,1.192,1.677,rt,
lolwa,2026-07-23,1.39,0.916,2.087,1.18,1.632,rt,
lolwa,2026-07-24,1.362,0.905,2.038,1.163,1.611,rt,
lolwa,2026-07-25,1.35,0.872,1.989,1.139,1.57,rt,
lolwa,2026-07-26,1.32,0.827,2.017,1.099,1.558,rt,
lolwa,2026-07-27,1.295,0.772,2.07,1.049,1.563,rt,
lolwa,2026-07-28,1.272,0.785,1.934,1.053,1.505,rt,
lolwa,2026-07-29,1.246,0.791,1.851,1.044,1.455,rt,
lolwa,2026-07-30,1.215,0.776,1.799,1.03,1.426,rt,
lolwa,2026-07-31,1.18,0.753,1.747,1.001,1.394,rt,
lolwa,2026-08-01,1.148,0.709,1.739,0.972,1.366,rt,
lolwa,2026-08-02,1.119,0.662,1.756,0.936,1.336,rt,
lolwa,2026-08-03,1.082,0.616,1.768,0.89,1.324,rt,
lolwa,2026-08-04,1.079,0.64,1.69,0.9,1.3,rt,
lolwa,2026-08-05,1.076,0.657,1.626,0.897,1.281,rt,
lolwa,2026-08-06,1.079,0.662,1.59,0.898,1.269,rt,
lolwa,2026-08-07,1.071,0.667,1.56,0.886,1.247,rt,
lolwa,2026-08-08,1.06,0.661,1.559,0.871,1.246,rt,
lolwa,2026-08-09,1.039,0.634,1.592,0.847,1.238,rt,
lolwa,2026-08-10,1.012,0.604,1.607,0.816,1.234,rt,
lolwa,2026-08-11,1.001,0.633,1.549,0.83,1.21,rt,
lolwa,2026-08-12,0.999,0.648,1.505,0.835,1.188,rt,
lolwa,2026-08-13,0.989,0.661,1.486,0.845,1.17,rt,
lolwa,2026-08-14,0.989,0.659,1.459,0.836,1.166,rt,
lolwa,2026-08-15,0.977,0.645,1.466,0.826,1.164,rt,
lolwa,2026-08-16,0.974,0.616,1.503,0.81,1.166,rt,
lolwa,2026-08-17,0.977,0.59,1.573,0.803,1.181,rt,
lolwa,2026-08-18,0.962,0.612,1.456,0.803,1.141,rt,
lolwa,2026-08-19,0.947,0.614,1.398,0.801,1.114,rt,
lolwa,2026-08-20,0.929,0.601,1.359,0.791,1.089,rt,
lolwa,2026-08-21,0.922,0.606,1.343,0.782,1.078,rt,
lolwa,2026-08-22,0.912,0.595,1.344,0.766,1.071,rt,
lolwa,2026-08-23,0.899,0.573,1.351,0.745,1.073,rt,
lolwa,2026-08-24,0.899,0.537,1.389,0.73,1.077,rt,
lolwa,2026-08-25,0.901,0.564,1.344,0.748,1.056,rt,
lolwa,2026-08-26,0.903,0.58,1.313,0.757,1.052,rt,
lolwa,2026-08-27,0.909,0.585,1.311,0.761,1.049,rt,
lolwa,2026-08-28,0.903,0.581,1.312,0.759,1.048,rt,
lolwa,2026-08-29,0.899,0.579,1.327,0.755,1.056,rt,
lolwa,2026-08-30,0.894,0.57,1.359,0.74,1.062,rt,
lolwa,2026-08-31,0.878,0.534,1.376,0.713,1.06,rt,
lolwa,2026-09-01,0.882,0.555,1.341,0.725,1.061,rt,
lolwa,2026-09-02,0.889,0.561,1.326,0.741,1.061,rt,
lolwa,2026-09-03,0.891,0.564,1.325,0.748,1.062,rt,
lolwa,2026-09-04,0.892,0.556,1.308,0.745,1.064,rt,
lolwa,2026-09-05,0.89,0.537,1.318,0.736,1.068,rt,
lolwa,2026-09-06,0.882,0.513,1.356,0.716,1.072,rt,
lolwa,2026-09-07,0.863,0.477,1.364,0.687,1.059,rt,
lolwa,2026-09-08,0.849,0.489,1.323,0.683,1.032,rt,
lolwa,2026-09-09,0.832,0.493,1.283,0.671,1.0,rt,
lolwa,2026-09-10,0.815,0.484,1.261,0.662,0.976,rt,
lolwa,2026-09-11,0.792,0.466,1.245,0.647,0.953,rt,
lolwa,2026-09-12,0.766,0.445,1.24,0.627,0.935,rt,
lolwa,2026-09-13,0.742,0.42,1.227,0.61,0.923,rt,
lolwa,2026-09-14,0.724,0.394,1.236,0.583,0.91,rt,
lolwa,2026-09-15,0.715,0.391,1.195,0.571,0.888,rt,
lolwa,2026-09-16,0.708,0.393,1.184,0.561,0.866,rt,
lolwa,2026-09-17,0.699,0.38,1.172,0.546,0.859,rt,
lolwa,2026-09-18,0.691,0.373,1.169,0.537,0.854,rt,
lolwa,2026-09-19,0.68,0.363,1.182,0.526,0.849,rt,
lolwa,2026-09-20,0.668,0.344,1.199,0.514,0.845,rt,
lolwa,2026-09-21,0.665,0.331,1.264,0.504,0.854,rt,
lolwa,2026-09-22,0.664,0.34,1.261,0.507,0.856,rt,
lolwa,2026-09-23,0.667,0.341,1.262,0.513,0.866,rt,
lolwa,2026-09-24,0.665,0.335,1.281,0.519,0.871,rt,
lolwa,2026-09-25,0.668,0.33,1.315,0.517,0.878,rt,
lolwa,2026-09-26,0.67,0.317,1.356,0.514,0.89,rt,
lolwa,2026-09-27,0.67,0.304,1.418,0.505,0.9,rt,
lolwa,2026-09-28,0.664,0.288,1.481,0.493,0.906,rt,
lolwa,2026-09-29,0.663,0.297,1.473,0.493,0.911,rt,
lolwa,2026-09-30,0.662,0.3,1.479,0.489,0.913,rt,
lolwa,2026-10-01,0.659,0.296,1.493,0.487,0.916,rt,
lolwa,2026-10-02,0.661,0.294,1.501,0.481,0.919,rt,
lolwa,2026-10-03,0.661,0.294,1.522,0.472,0.922,rt,
lolwa,2026-10-04,0.659,0.283,1.538,0.465,0.928,rt,
lolwa,2026-10-05,0.657,0.277,1.612,0.461,0.941,rt,
lolwa,2026-10-06,0.673,0.262,1.859,0.441,1.006,rt,
mahagi,2026-08-03,1.032,0.902,1.153,0.982,1.079,rt,
mahagi,2026-08-04,1.027,0.904,1.141,0.979,1.071,rt,
mahagi,2026-08-05,1.022,0.901,1.133,0.975,1.064,rt,
mahagi,2026-08-06,1.016,0.9,1.127,0.968,1.058,rt,
mahagi,2026-08-07,1.006,0.89,1.108,0.959,1.046,rt,
mahagi,2026-08-08,0.995,0.878,1.096,0.949,1.034,rt,
mahagi,2026-08-09,0.981,0.864,1.084,0.936,1.023,rt,
mahagi,2026-08-10,0.961,0.841,1.069,0.914,1.004,rt,
mahagi,2026-08-11,0.951,0.838,1.053,0.906,0.993,rt,
mahagi,2026-08-12,0.941,0.832,1.044,0.899,0.983,rt,
mahagi,2026-08-13,0.931,0.824,1.036,0.888,0.973,rt,
mahagi,2026-08-14,0.922,0.816,1.024,0.88,0.96,rt,
mahagi,2026-08-15,0.911,0.809,1.009,0.872,0.95,rt,
mahagi,2026-08-16,0.898,0.796,1.002,0.86,0.939,rt,
mahagi,2026-08-17,0.895,0.79,1.003,0.855,0.94,rt,
mahagi,2026-08-18,0.897,0.796,1.0,0.858,0.939,rt,
mahagi,2026-08-19,0.897,0.8,1.003,0.859,0.94,rt,
mahagi,2026-08-20,0.898,0.801,1.008,0.858,0.942,rt,
mahagi,2026-08-21,0.905,0.81,1.009,0.866,0.945,rt,
mahagi,2026-08-22,0.908,0.816,1.014,0.87,0.947,rt,
mahagi,2026-08-23,0.91,0.816,1.016,0.871,0.949,rt,
mahagi,2026-08-24,0.923,0.819,1.032,0.882,0.963,rt,
mahagi,2026-08-25,0.942,0.842,1.047,0.901,0.983,rt,
mahagi,2026-08-26,0.961,0.861,1.07,0.921,1.003,rt,
mahagi,2026-08-27,0.977,0.876,1.092,0.937,1.021,rt,
mahagi,2026-08-28,0.996,0.895,1.107,0.953,1.036,rt,
mahagi,2026-08-29,1.011,0.908,1.122,0.967,1.054,rt,
mahagi,2026-08-30,1.024,0.916,1.137,0.977,1.068,rt,
mahagi,2026-08-31,1.021,0.902,1.136,0.97,1.069,rt,
mahagi,2026-09-01,1.027,0.914,1.142,0.98,1.076,rt,
mahagi,2026-09-02,1.032,0.922,1.148,0.985,1.082,rt,
mahagi,2026-09-03,1.036,0.923,1.155,0.989,1.088,rt,
mahagi,2026-09-04,1.032,0.926,1.148,0.986,1.08,rt,
mahagi,2026-09-05,1.027,0.919,1.138,0.982,1.073,rt,
mahagi,2026-09-06,1.019,0.905,1.133,0.972,1.065,rt,
mahagi,2026-09-07,0.996,0.877,1.116,0.946,1.044,rt,
mahagi,2026-09-08,0.978,0.861,1.096,0.929,1.026,rt,
mahagi,2026-09-09,0.958,0.841,1.078,0.911,1.008,rt,
mahagi,2026-09-10,0.94,0.822,1.063,0.89,0.99,rt,
mahagi,2026-09-11,0.917,0.806,1.038,0.87,0.966,rt,
mahagi,2026-09-12,0.894,0.785,1.016,0.847,0.945,rt,
mahagi,2026-09-13,0.87,0.757,0.998,0.821,0.92,rt,
mahagi,2026-09-14,0.85,0.729,0.987,0.799,0.903,rt,
mahagi,2026-09-15,0.844,0.724,0.984,0.795,0.898,rt,
mahagi,2026-09-16,0.839,0.716,0.984,0.79,0.894,rt,
mahagi,2026-09-17,0.836,0.708,0.985,0.783,0.894,rt,
mahagi,2026-09-18,0.838,0.703,0.985,0.78,0.897,rt,
mahagi,2026-09-19,0.836,0.696,0.99,0.775,0.901,rt,
mahagi,2026-09-20,0.838,0.685,1.001,0.774,0.904,rt,
mahagi,2026-09-21,0.843,0.677,1.022,0.775,0.914,rt,
mahagi,2026-09-22,0.847,0.676,1.036,0.774,0.923,rt,
mahagi,2026-09-23,0.851,0.676,1.049,0.775,0.931,rt,
mahagi,2026-09-24,0.857,0.675,1.065,0.772,0.942,rt,
mahagi,2026-09-25,0.862,0.667,1.079,0.774,0.949,rt,
mahagi,2026-09-26,0.866,0.661,1.097,0.771,0.96,rt,
mahagi,2026-09-27,0.867,0.652,1.111,0.77,0.967,rt,
mahagi,2026-09-28,0.862,0.63,1.121,0.759,0.97,rt,
mahagi,2026-09-29,0.86,0.622,1.133,0.755,0.976,rt,
mahagi,2026-09-30,0.859,0.611,1.146,0.747,0.979,rt,
mahagi,2026-10-01,0.856,0.603,1.154,0.744,0.976,rt,
mahagi,2026-10-02,0.855,0.6,1.174,0.74,0.98,rt,
mahagi,2026-10-03,0.857,0.587,1.201,0.733,0.979,rt,
mahagi,2026-10-04,0.853,0.566,1.233,0.722,0.986,rt,
mahagi,2026-10-05,0.858,0.551,1.276,0.72,1.001,rt,
mahagi,2026-10-06,0.886,0.56,1.274,0.74,1.034,rt,
mambasa,2026-06-11,1.573,0.992,2.476,1.314,1.899,rt,
mambasa,2026-06-12,1.576,1.004,2.495,1.318,1.888,rt,
mambasa,2026-06-13,1.577,1.017,2.558,1.324,1.906,rt,
mambasa,2026-06-14,1.578,0.993,2.595,1.316,1.941,rt,
mambasa,2026-06-15,1.586,0.948,2.69,1.295,1.979,rt,
mambasa,2026-06-16,1.606,1.023,2.607,1.345,1.955,rt,
mambasa,2026-06-17,1.627,1.076,2.546,1.374,1.964,rt,
mambasa,2026-06-18,1.656,1.092,2.531,1.405,1.984,rt,
mambasa,2026-06-19,1.681,1.097,2.57,1.417,2.003,rt,
mambasa,2026-06-20,1.714,1.063,2.72,1.417,2.051,rt,
mambasa,2026-06-21,1.723,1.043,2.836,1.405,2.113,rt,
mambasa,2026-06-22,1.765,1.02,3.083,1.413,2.229,rt,
mambasa,2026-06-23,1.726,1.031,2.809,1.408,2.132,rt,
mambasa,2026-06-24,1.693,1.044,2.667,1.39,2.057,rt,
mambasa,2026-06-25,1.651,1.044,2.559,1.364,1.987,rt,
mambasa,2026-06-26,1.61,1.018,2.477,1.328,1.926,rt,
mambasa,2026-06-27,1.575,0.964,2.468,1.286,1.883,rt,
mambasa,2026-06-28,1.533,0.911,2.465,1.239,1.851,rt,
mambasa,2026-06-29,1.451,0.828,2.494,1.163,1.793,rt,
mambasa,2026-06-30,1.392,0.836,2.267,1.136,1.683,rt,
mambasa,2026-07-01,1.328,0.827,2.112,1.102,1.596,rt,
mambasa,2026-07-02,1.276,0.809,1.969,1.061,1.518,rt,
mambasa,2026-07-03,1.223,0.776,1.866,1.023,1.463,rt,
mambasa,2026-07-04,1.175,0.73,1.837,0.973,1.419,rt,
mambasa,2026-07-05,1.129,0.671,1.84,0.92,1.375,rt,
mambasa,2026-07-06,1.083,0.632,1.863,0.869,1.357,rt,
mambasa,2026-07-07,1.082,0.654,1.771,0.881,1.325,rt,
mambasa,2026-07-08,1.079,0.651,1.69,0.891,1.298,rt,
mambasa,2026-07-09,1.074,0.658,1.646,0.884,1.276,rt,
mambasa,2026-07-10,1.073,0.654,1.634,0.881,1.267,rt,
mambasa,2026-07-11,1.06,0.626,1.631,0.863,1.264,rt,
mambasa,2026-07-12,1.049,0.604,1.658,0.846,1.256,rt,
mambasa,2026-07-13,1.023,0.559,1.714,0.812,1.26,rt,
mambasa,2026-07-14,1.004,0.571,1.606,0.814,1.209,rt,
mambasa,2026-07-15,0.98,0.578,1.521,0.799,1.17,rt,
mambasa,2026-07-16,0.956,0.578,1.482,0.789,1.145,rt,
mambasa,2026-07-17,0.937,0.574,1.435,0.771,1.12,rt,
mambasa,2026-07-18,0.922,0.553,1.435,0.744,1.105,rt,
mambasa,2026-07-19,0.895,0.522,1.457,0.721,1.1,rt,
mambasa,2026-07-20,0.876,0.487,1.505,0.694,1.098,rt,
mambasa,2026-07-21,0.861,0.502,1.408,0.697,1.057,rt,
mambasa,2026-07-22,0.847,0.51,1.347,0.695,1.023,rt,
mambasa,2026-07-23,0.831,0.509,1.297,0.682,0.997,rt,
mambasa,2026-07-24,0.818,0.496,1.276,0.672,0.979,rt,
mambasa,2026-07-25,0.797,0.476,1.28,0.65,0.964,rt,
mambasa,2026-07-26,0.78,0.452,1.285,0.625,0.962,rt,
mambasa,2026-07-27,0.765,0.424,1.352,0.597,0.964,rt,
mambasa,2026-07-28,0.755,0.426,1.273,0.601,0.929,rt,
mambasa,2026-07-29,0.738,0.428,1.197,0.594,0.904,rt,
mambasa,2026-07-30,0.722,0.418,1.15,0.587,0.879,rt,
mambasa,2026-07-31,0.709,0.407,1.116,0.57,0.859,rt,
mambasa,2026-08-01,0.688,0.382,1.1,0.549,0.852,rt,
mambasa,2026-08-02,0.673,0.358,1.102,0.525,0.841,rt,
mambasa,2026-08-03,0.65,0.33,1.099,0.492,0.826,rt,
mambasa,2026-08-04,0.647,0.343,1.051,0.506,0.802,rt,
mambasa,2026-08-05,0.643,0.355,1.019,0.512,0.788,rt,
mambasa,2026-08-06,0.634,0.363,1.007,0.516,0.779,rt,
mambasa,2026-08-07,0.628,0.365,0.994,0.516,0.775,rt,
mambasa,2026-08-08,0.623,0.36,1.001,0.511,0.769,rt,
mambasa,2026-08-09,0.616,0.347,1.012,0.497,0.769,rt,
mambasa,2026-08-10,0.607,0.333,1.029,0.48,0.762,rt,
mambasa,2026-08-11,0.626,0.354,1.018,0.502,0.772,rt,
mambasa,2026-08-12,0.638,0.374,1.023,0.527,0.781,rt,
mambasa,2026-08-13,0.661,0.39,1.041,0.542,0.798,rt,
mambasa,2026-08-14,0.673,0.405,1.071,0.554,0.818,rt,
mambasa,2026-08-15,0.694,0.408,1.11,0.565,0.847,rt,
mambasa,2026-08-16,0.709,0.405,1.179,0.571,0.879,rt,
mambasa,2026-08-17,0.732,0.406,1.249,0.583,0.926,rt,
mambasa,2026-08-18,0.776,0.447,1.265,0.626,0.96,rt,
mambasa,2026-08-19,0.825,0.497,1.298,0.673,0.995,rt,
mambasa,2026-08-20,0.873,0.537,1.333,0.721,1.046,rt,
mambasa,2026-08-21,0.924,0.575,1.417,0.763,1.101,rt,
mambasa,2026-08-22,0.983,0.602,1.521,0.803,1.175,rt,
mambasa,2026-08-23,1.036,0.616,1.661,0.849,1.259,rt,
mambasa,2026-08-24,1.108,0.633,1.855,0.901,1.366,rt,
mambasa,2026-08-25,1.202,0.725,1.914,0.994,1.454,rt,
mambasa,2026-08-26,1.304,0.817,1.98,1.093,1.556,rt,
mambasa,2026-08-27,1.418,0.905,2.085,1.181,1.658,rt,
mambasa,2026-08-28,1.531,0.994,2.239,1.278,1.779,rt,
mambasa,2026-08-29,1.65,1.06,2.42,1.373,1.934,rt,
mambasa,2026-08-30,1.774,1.113,2.707,1.456,2.103,rt,
mambasa,2026-08-31,1.879,1.141,2.969,1.518,2.265,rt,
mambasa,2026-09-01,1.954,1.244,2.909,1.62,2.303,rt,
mambasa,2026-09-02,2.025,1.352,2.945,1.713,2.36,rt,
mambasa,2026-09-03,2.102,1.437,3.026,1.801,2.433,rt,
mambasa,2026-09-04,2.165,1.488,3.088,1.864,2.529,rt,
mambasa,2026-09-05,2.229,1.499,3.258,1.902,2.586,rt,
mambasa,2026-09-06,2.276,1.485,3.472,1.924,2.71,rt,
mambasa,2026-09-07,2.295,1.437,3.703,1.896,2.788,rt,
mambasa,2026-09-08,2.264,1.475,3.488,1.913,2.688,rt,
mambasa,2026-09-09,2.219,1.491,3.262,1.898,2.613,rt,
mambasa,2026-09-10,2.178,1.476,3.197,1.865,2.54,rt,
mambasa,2026-09-11,2.127,1.438,3.131,1.811,2.486,rt,
mambasa,2026-09-12,2.07,1.372,3.118,1.75,2.447,rt,
mambasa,2026-09-13,1.999,1.297,3.164,1.659,2.416,rt,
mambasa,2026-09-14,1.953,1.208,3.275,1.59,2.376,rt,
mambasa,2026-09-15,1.873,1.184,2.963,1.558,2.265,rt,
mambasa,2026-09-16,1.809,1.156,2.802,1.523,2.174,rt,
mambasa,2026-09-17,1.744,1.118,2.678,1.468,2.085,rt,
mambasa,2026-09-18,1.699,1.077,2.579,1.413,2.03,rt,
mambasa,2026-09-19,1.655,1.008,2.586,1.351,1.977,rt,
mambasa,2026-09-20,1.602,0.917,2.59,1.289,1.936,rt,
mambasa,2026-09-21,1.565,0.816,2.66,1.227,1.943,rt,
mambasa,2026-09-22,1.544,0.827,2.606,1.217,1.931,rt,
mambasa,2026-09-23,1.532,0.814,2.578,1.2,1.918,rt,
mambasa,2026-09-24,1.516,0.781,2.594,1.172,1.904,rt,
mambasa,2026-09-25,1.502,0.759,2.688,1.14,1.914,rt,
mambasa,2026-09-26,1.484,0.717,2.75,1.106,1.906,rt,
mambasa,2026-09-27,1.45,0.675,2.842,1.067,1.904,rt,
mambasa,2026-09-28,1.413,0.614,2.915,1.023,1.894,rt,
mambasa,2026-09-29,1.383,0.606,2.856,1.013,1.852,rt,
mambasa,2026-09-30,1.365,0.59,2.816,0.989,1.814,rt,
mambasa,2026-10-01,1.341,0.575,2.8,0.971,1.769,rt,
mambasa,2026-10-02,1.306,0.562,2.766,0.934,1.737,rt,
mambasa,2026-10-03,1.286,0.536,2.77,0.897,1.722,rt,
mambasa,2026-10-04,1.261,0.504,2.828,0.871,1.728,rt,
mambasa,2026-10-05,1.246,0.461,2.806,0.836,1.75,rt,
mambasa,2026-10-06,1.143,0.415,2.675,0.773,1.721,rt,
mandima,2026-06-17,2.159,1.365,3.487,1.8,2.578,rt,
mandima,2026-06-18,2.118,1.343,3.34,1.768,2.519,rt,
mandima,2026-06-19,2.071,1.321,3.248,1.726,2.471,rt,
mandima,2026-06-20,2.035,1.265,3.195,1.685,2.458,rt,
mandima,2026-06-21,1.992,1.193,3.316,1.625,2.434,rt,
mandima,2026-06-22,1.964,1.131,3.412,1.585,2.46,rt,
mandima,2026-06-23,1.892,1.149,3.132,1.548,2.315,rt,
mandima,2026-06-24,1.805,1.15,2.884,1.509,2.193,rt,
mandima,2026-06-25,1.734,1.118,2.682,1.451,2.103,rt,
mandima,2026-06-26,1.663,1.071,2.536,1.396,2.015,rt,
mandima,2026-06-27,1.599,1.009,2.489,1.318,1.937,rt,
mandima,2026-06-28,1.538,0.938,2.48,1.247,1.882,rt,
mandima,2026-06-29,1.436,0.837,2.445,1.147,1.785,rt,
mandima,2026-06-30,1.371,0.843,2.184,1.122,1.674,rt,
mandima,2026-07-01,1.312,0.822,2.016,1.097,1.587,rt,
mandima,2026-07-02,1.254,0.805,1.887,1.058,1.496,rt,
mandima,2026-07-03,1.209,0.778,1.813,1.02,1.422,rt,
mandima,2026-07-04,1.157,0.727,1.799,0.965,1.375,rt,
mandima,2026-07-05,1.111,0.671,1.805,0.903,1.34,rt,
mandima,2026-07-06,1.078,0.613,1.855,0.844,1.324,rt,
mandima,2026-07-07,1.075,0.644,1.728,0.862,1.294,rt,
mandima,2026-07-08,1.069,0.669,1.634,0.877,1.275,rt,
mandima,2026-07-09,1.067,0.676,1.59,0.883,1.255,rt,
mandima,2026-07-10,1.053,0.678,1.575,0.879,1.238,rt,
mandima,2026-07-11,1.042,0.664,1.591,0.869,1.242,rt,
mandima,2026-07-12,1.032,0.638,1.626,0.853,1.258,rt,
mandima,2026-07-13,1.013,0.597,1.667,0.825,1.256,rt,
mandima,2026-07-14,1.018,0.619,1.599,0.845,1.234,rt,
mandima,2026-07-15,1.025,0.646,1.536,0.86,1.219,rt,
mandima,2026-07-16,1.029,0.667,1.526,0.868,1.21,rt,
mandima,2026-07-17,1.032,0.665,1.539,0.871,1.208,rt,
mandima,2026-07-18,1.029,0.658,1.567,0.868,1.223,rt,
mandima,2026-07-19,1.028,0.649,1.621,0.855,1.239,rt,
mandima,2026-07-20,1.036,0.621,1.703,0.844,1.283,rt,
mandima,2026-07-21,1.051,0.667,1.622,0.884,1.275,rt,
mandima,2026-07-22,1.065,0.703,1.59,0.906,1.279,rt,
mandima,2026-07-23,1.089,0.724,1.581,0.924,1.278,rt,
mandima,2026-07-24,1.113,0.729,1.623,0.939,1.289,rt,
mandima,2026-07-25,1.129,0.729,1.684,0.947,1.32,rt,
mandima,2026-07-26,1.138,0.716,1.778,0.939,1.358,rt,
mandima,2026-07-27,1.148,0.686,1.896,0.937,1.408,rt,
mandima,2026-07-28,1.138,0.723,1.771,0.948,1.368,rt,
mandima,2026-07-29,1.134,0.753,1.697,0.963,1.346,rt,
mandima,2026-07-30,1.13,0.757,1.654,0.957,1.327,rt,
mandima,2026-07-31,1.123,0.747,1.637,0.95,1.308,rt,
mandima,2026-08-01,1.113,0.72,1.656,0.935,1.305,rt,
mandima,2026-08-02,1.095,0.672,1.736,0.9,1.308,rt,
mandima,2026-08-03,1.071,0.618,1.798,0.863,1.322,rt,
mandima,2026-08-04,1.062,0.648,1.658,0.884,1.282,rt,
mandima,2026-08-05,1.049,0.673,1.574,0.893,1.249,rt,
mandima,2026-08-06,1.042,0.677,1.535,0.883,1.223,rt,
mandima,2026-08-07,1.025,0.67,1.504,0.871,1.203,rt,
mandima,2026-08-08,1.007,0.648,1.516,0.847,1.192,rt,
mandima,2026-08-09,0.992,0.607,1.541,0.819,1.195,rt,
mandima,2026-08-10,0.966,0.551,1.567,0.784,1.191,rt,
mandima,2026-08-11,0.975,0.587,1.479,0.804,1.169,rt,
mandima,2026-08-12,0.981,0.612,1.433,0.821,1.154,rt,
mandima,2026-08-13,0.984,0.624,1.403,0.829,1.147,rt,
mandima,2026-08-14,0.986,0.643,1.41,0.83,1.139,rt,
mandima,2026-08-15,0.985,0.63,1.439,0.828,1.149,rt,
mandima,2026-08-16,0.985,0.608,1.489,0.822,1.164,rt,
mandima,2026-08-17,0.991,0.581,1.584,0.817,1.191,rt,
mandima,2026-08-18,1.028,0.642,1.564,0.863,1.222,rt,
mandima,2026-08-19,1.066,0.706,1.57,0.906,1.256,rt,
mandima,2026-08-20,1.109,0.759,1.615,0.956,1.303,rt,
mandima,2026-08-21,1.166,0.789,1.686,1.004,1.361,rt,
mandima,2026-08-22,1.227,0.801,1.769,1.042,1.42,rt,
mandima,2026-08-23,1.27,0.81,1.891,1.07,1.499,rt,
mandima,2026-08-24,1.341,0.81,2.069,1.108,1.61,rt,
mandima,2026-08-25,1.433,0.93,2.102,1.212,1.693,rt,
mandima,2026-08-26,1.53,1.03,2.149,1.314,1.781,rt,
mandima,2026-08-27,1.635,1.146,2.234,1.421,1.872,rt,
mandima,2026-08-28,1.738,1.215,2.37,1.513,1.979,rt,
mandima,2026-08-29,1.845,1.283,2.561,1.603,2.108,rt,
mandima,2026-08-30,1.943,1.314,2.814,1.682,2.258,rt,
mandima,2026-08-31,2.023,1.307,3.076,1.719,2.4,rt,
mandima,2026-09-01,2.121,1.449,3.072,1.84,2.441,rt,
mandima,2026-09-02,2.214,1.591,3.08,1.956,2.499,rt,
mandima,2026-09-03,2.314,1.721,3.106,2.075,2.595,rt,
mandima,2026-09-04,2.389,1.816,3.209,2.145,2.674,rt,
mandima,2026-09-05,2.464,1.856,3.376,2.187,2.79,rt,
mandima,2026-09-06,2.528,1.824,3.591,2.222,2.907,rt,
mandima,2026-09-07,2.554,1.769,3.764,2.217,2.998,rt,
mandima,2026-09-08,2.542,1.88,3.563,2.244,2.915,rt,
mandima,2026-09-09,2.524,1.94,3.362,2.253,2.838,rt,
mandima,2026-09-10,2.496,1.936,3.281,2.254,2.786,rt,
mandima,2026-09-11,2.464,1.902,3.242,2.223,2.741,rt,
mandima,2026-09-12,2.413,1.839,3.25,2.164,2.738,rt,
mandima,2026-09-13,2.358,1.741,3.291,2.079,2.713,rt,
mandima,2026-09-14,2.321,1.655,3.362,2.018,2.711,rt,
mandima,2026-09-15,2.158,1.587,2.95,1.906,2.468,rt,
mandima,2026-09-16,2.019,1.506,2.663,1.791,2.254,rt,
mandima,2026-09-17,1.866,1.402,2.44,1.666,2.081,rt,
mandima,2026-09-18,1.754,1.306,2.283,1.559,1.938,rt,
mandima,2026-09-19,1.635,1.176,2.155,1.437,1.824,rt,
mandima,2026-09-20,1.535,1.039,2.053,1.323,1.724,rt,
mandima,2026-09-21,1.44,0.932,2.007,1.226,1.658,rt,
mandima,2026-09-22,1.415,0.922,1.961,1.203,1.627,rt,
mandima,2026-09-23,1.387,0.891,1.962,1.176,1.603,rt,
mandima,2026-09-24,1.349,0.862,1.965,1.149,1.575,rt,
mandima,2026-09-25,1.323,0.811,1.969,1.113,1.554,rt,
mandima,2026-09-26,1.299,0.741,1.977,1.082,1.544,rt,
mandima,2026-09-27,1.272,0.697,2.009,1.041,1.536,rt,
mandima,2026-09-28,1.241,0.629,2.0,0.996,1.511,rt,
mandima,2026-09-29,1.223,0.627,1.939,0.967,1.488,rt,
mandima,2026-09-30,1.203,0.622,1.907,0.945,1.464,rt,
mandima,2026-10-01,1.182,0.594,1.864,0.925,1.44,rt,
mandima,2026-10-02,1.157,0.578,1.869,0.898,1.432,rt,
mandima,2026-10-03,1.136,0.551,1.859,0.872,1.438,rt,
mandima,2026-10-04,1.112,0.509,1.854,0.831,1.425,rt,
mandima,2026-10-05,1.099,0.477,1.887,0.808,1.429,rt,
mandima,2026-10-06,1.062,0.395,1.937,0.748,1.418,rt,
mangala,2026-05-24,1.813,1.154,2.962,1.522,2.231,rt,
mangala,2026-05-25,1.792,1.113,3.0,1.49,2.241,rt,
mangala,2026-05-26,1.823,1.173,2.937,1.536,2.24,rt,
mangala,2026-05-27,1.856,1.222,2.915,1.583,2.242,rt,
mangala,2026-05-28,1.904,1.266,2.924,1.606,2.263,rt,
mangala,2026-05-29,1.937,1.296,2.956,1.621,2.278,rt,
mangala,2026-05-30,1.963,1.309,3.02,1.643,2.305,rt,
mangala,2026-05-31,1.98,1.314,3.176,1.65,2.355,rt,
mangala,2026-06-01,2.013,1.3,3.314,1.664,2.427,rt,
mangala,2026-06-02,2.052,1.383,3.186,1.722,2.408,rt,
mangala,2026-06-03,2.079,1.441,3.116,1.779,2.415,rt,
mangala,2026-06-04,2.11,1.502,3.045,1.817,2.427,rt,
mangala,2026-06-05,2.134,1.52,3.0,1.849,2.434,rt,
mangala,2026-06-06,2.144,1.513,3.012,1.853,2.456,rt,
mangala,2026-06-07,2.132,1.496,3.082,1.832,2.465,rt,
mangala,2026-06-08,2.116,1.446,3.16,1.792,2.491,rt,
mangala,2026-06-09,2.08,1.477,2.969,1.782,2.419,rt,
mangala,2026-06-10,2.041,1.476,2.827,1.764,2.342,rt,
mangala,2026-06-11,1.995,1.458,2.702,1.734,2.26,rt,
mangala,2026-06-12,1.946,1.437,2.63,1.711,2.215,rt,
mangala,2026-06-13,1.895,1.393,2.602,1.677,2.18,rt,
mangala,2026-06-14,1.85,1.326,2.583,1.617,2.138,rt,
mangala,2026-06-15,1.808,1.259,2.606,1.562,2.104,rt,
mangala,2026-06-16,1.775,1.276,2.472,1.56,2.047,rt,
mangala,2026-06-17,1.75,1.289,2.356,1.545,1.995,rt,
mangala,2026-06-18,1.719,1.295,2.295,1.527,1.938,rt,
mangala,2026-06-19,1.687,1.276,2.253,1.507,1.904,rt,
mangala,2026-06-20,1.653,1.232,2.239,1.481,1.883,rt,
mangala,2026-06-21,1.621,1.188,2.229,1.444,1.857,rt,
mangala,2026-06-22,1.618,1.135,2.29,1.41,1.872,rt,
mangala,2026-06-23,1.588,1.147,2.158,1.405,1.803,rt,
mangala,2026-06-24,1.557,1.168,2.073,1.388,1.738,rt,
mangala,2026-06-25,1.521,1.161,2.006,1.364,1.693,rt,
mangala,2026-06-26,1.481,1.137,1.956,1.337,1.655,rt,
mangala,2026-06-27,1.449,1.105,1.914,1.308,1.624,rt,
mangala,2026-06-28,1.412,1.05,1.908,1.263,1.594,rt,
mangala,2026-06-29,1.354,0.967,1.882,1.191,1.539,rt,
mangala,2026-06-30,1.293,0.954,1.73,1.151,1.457,rt,
mangala,2026-07-01,1.246,0.942,1.616,1.109,1.391,rt,
mangala,2026-07-02,1.199,0.909,1.522,1.071,1.332,rt,
mangala,2026-07-03,1.154,0.865,1.456,1.035,1.281,rt,
mangala,2026-07-04,1.107,0.816,1.414,0.995,1.231,rt,
mangala,2026-07-05,1.064,0.767,1.396,0.947,1.197,rt,
mangala,2026-07-06,1.037,0.712,1.397,0.905,1.173,rt,
mangala,2026-07-07,1.038,0.74,1.366,0.92,1.16,rt,
mangala,2026-07-08,1.04,0.766,1.336,0.929,1.148,rt,
mangala,2026-07-09,1.034,0.779,1.321,0.93,1.148,rt,
mangala,2026-07-10,1.035,0.787,1.324,0.927,1.149,rt,
mangala,2026-07-11,1.037,0.783,1.337,0.92,1.153,rt,
mangala,2026-07-12,1.033,0.759,1.366,0.907,1.16,rt,
mangala,2026-07-13,1.024,0.718,1.393,0.887,1.156,rt,
mangala,2026-07-14,1.051,0.773,1.388,0.929,1.175,rt,
mangala,2026-07-15,1.081,0.825,1.395,0.972,1.199,rt,
mangala,2026-07-16,1.118,0.858,1.419,1.005,1.227,rt,
mangala,2026-07-17,1.152,0.881,1.454,1.037,1.266,rt,
mangala,2026-07-18,1.186,0.903,1.505,1.065,1.322,rt,
mangala,2026-07-19,1.223,0.904,1.586,1.09,1.369,rt,
mangala,2026-07-20,1.266,0.901,1.686,1.108,1.433,rt,
mangala,2026-07-21,1.312,0.97,1.686,1.17,1.469,rt,
mangala,2026-07-22,1.359,1.043,1.707,1.232,1.501,rt,
mangala,2026-07-23,1.403,1.107,1.746,1.28,1.541,rt,
mangala,2026-07-24,1.45,1.154,1.805,1.325,1.598,rt,
mangala,2026-07-25,1.501,1.186,1.897,1.363,1.662,rt,
mangala,2026-07-26,1.555,1.203,2.006,1.388,1.725,rt,
mangala,2026-07-27,1.613,1.207,2.138,1.414,1.808,rt,
mangala,2026-07-28,1.624,1.27,2.107,1.46,1.804,rt,
mangala,2026-07-29,1.642,1.313,2.076,1.491,1.815,rt,
mangala,2026-07-30,1.659,1.355,2.064,1.521,1.821,rt,
mangala,2026-07-31,1.67,1.374,2.073,1.536,1.833,rt,
mangala,2026-08-01,1.683,1.36,2.09,1.535,1.851,rt,
mangala,2026-08-02,1.693,1.333,2.164,1.528,1.867,rt,
mangala,2026-08-03,1.689,1.285,2.248,1.51,1.884,rt,
mangala,2026-08-04,1.644,1.288,2.117,1.486,1.807,rt,
mangala,2026-08-05,1.603,1.288,1.999,1.464,1.746,rt,
mangala,2026-08-06,1.56,1.259,1.931,1.431,1.694,rt,
mangala,2026-08-07,1.507,1.219,1.86,1.387,1.638,rt,
mangala,2026-08-08,1.452,1.164,1.805,1.327,1.59,rt,
mangala,2026-08-09,1.403,1.097,1.781,1.271,1.551,rt,
mangala,2026-08-10,1.344,1.027,1.752,1.195,1.496,rt,
mangala,2026-08-11,1.276,0.988,1.621,1.147,1.406,rt,
mangala,2026-08-12,1.209,0.95,1.506,1.096,1.319,rt,
mangala,2026-08-13,1.141,0.904,1.421,1.042,1.254,rt,
mangala,2026-08-14,1.077,0.844,1.344,0.984,1.189,rt,
mangala,2026-08-15,1.02,0.789,1.299,0.923,1.128,rt,
mangala,2026-08-16,0.963,0.726,1.258,0.86,1.079,rt,
mangala,2026-08-17,0.917,0.666,1.244,0.808,1.041,rt,
mangala,2026-08-18,0.867,0.651,1.132,0.775,0.97,rt,
mangala,2026-08-19,0.818,0.625,1.048,0.738,0.907,rt,
mangala,2026-08-20,0.772,0.592,0.976,0.698,0.851,rt,
mangala,2026-08-21,0.733,0.564,0.94,0.66,0.808,rt,
mangala,2026-08-22,0.69,0.522,0.901,0.62,0.771,rt,
mangala,2026-08-23,0.653,0.476,0.878,0.578,0.736,rt,
mangala,2026-08-24,0.623,0.431,0.865,0.541,0.712,rt,
mangala,2026-08-25,0.62,0.447,0.836,0.544,0.699,rt,
mangala,2026-08-26,0.617,0.454,0.814,0.546,0.687,rt,
mangala,2026-08-27,0.61,0.451,0.79,0.544,0.684,rt,
mangala,2026-08-28,0.604,0.448,0.772,0.538,0.677,rt,
mangala,2026-08-29,0.596,0.434,0.772,0.53,0.669,rt,
mangala,2026-08-30,0.586,0.419,0.775,0.514,0.661,rt,
mangala,2026-08-31,0.568,0.387,0.775,0.492,0.647,rt,
mangala,2026-09-01,0.578,0.409,0.766,0.506,0.649,rt,
mangala,2026-09-02,0.584,0.427,0.765,0.517,0.654,rt,
mangala,2026-09-03,0.59,0.438,0.767,0.526,0.663,rt,
mangala,2026-09-04,0.593,0.442,0.771,0.524,0.666,rt,
mangala,2026-09-05,0.591,0.437,0.785,0.521,0.67,rt,
mangala,2026-09-06,0.588,0.426,0.8,0.514,0.674,rt,
mangala,2026-09-07,0.58,0.404,0.825,0.498,0.675,rt,
mangala,2026-09-08,0.572,0.409,0.794,0.501,0.661,rt,
mangala,2026-09-09,0.57,0.408,0.775,0.499,0.651,rt,
mangala,2026-09-10,0.565,0.407,0.764,0.496,0.639,rt,
mangala,2026-09-11,0.557,0.398,0.761,0.489,0.628,rt,
mangala,2026-09-12,0.55,0.383,0.766,0.477,0.624,rt,
mangala,2026-09-13,0.536,0.366,0.776,0.463,0.618,rt,
mangala,2026-09-14,0.526,0.345,0.79,0.447,0.618,rt,
mangala,2026-09-15,0.534,0.36,0.786,0.46,0.622,rt,
mangala,2026-09-16,0.543,0.366,0.795,0.468,0.632,rt,
mangala,2026-09-17,0.553,0.369,0.808,0.476,0.647,rt,
mangala,2026-09-18,0.565,0.371,0.833,0.484,0.667,rt,
mangala,2026-09-19,0.582,0.373,0.874,0.489,0.692,rt,
mangala,2026-09-20,0.589,0.366,0.928,0.49,0.723,rt,
mangala,2026-09-21,0.606,0.35,0.996,0.496,0.755,rt,
mangala,2026-09-22,0.618,0.357,1.001,0.501,0.767,rt,
mangala,2026-09-23,0.622,0.364,1.011,0.506,0.777,rt,
mangala,2026-09-24,0.626,0.361,1.026,0.505,0.784,rt,
mangala,2026-09-25,0.635,0.351,1.068,0.504,0.8,rt,
mangala,2026-09-26,0.64,0.338,1.12,0.498,0.812,rt,
mangala,2026-09-27,0.644,0.326,1.181,0.494,0.827,rt,
mangala,2026-09-28,0.638,0.304,1.243,0.476,0.841,rt,
mangala,2026-09-29,0.632,0.302,1.252,0.475,0.832,rt,
mangala,2026-09-30,0.627,0.296,1.274,0.472,0.837,rt,
mangala,2026-10-01,0.627,0.29,1.294,0.462,0.842,rt,
mangala,2026-10-02,0.625,0.276,1.339,0.452,0.851,rt,
mangala,2026-10-03,0.625,0.268,1.364,0.45,0.855,rt,
mangala,2026-10-04,0.619,0.258,1.412,0.439,0.864,rt,
mangala,2026-10-05,0.617,0.241,1.485,0.432,0.889,rt,
mangala,2026-10-06,0.648,0.229,1.531,0.438,0.937,rt,
mongbwalu,2026-04-26,2.977,1.502,6.368,2.223,4.264,rt,
mongbwalu,2026-04-27,2.939,1.464,6.485,2.209,4.165,rt,
mongbwalu,2026-04-28,2.935,1.485,6.122,2.215,4.055,rt,
mongbwalu,2026-04-29,2.952,1.514,5.817,2.241,3.973,rt,
mongbwalu,2026-04-30,2.951,1.544,5.696,2.252,3.911,rt,
mongbwalu,2026-05-01,2.95,1.573,5.625,2.269,3.86,rt,
mongbwalu,2026-05-02,2.961,1.587,5.668,2.297,3.843,rt,
mongbwalu,2026-05-03,2.959,1.569,5.776,2.296,3.869,rt,
mongbwalu,2026-05-04,2.935,1.548,5.974,2.278,3.848,rt,
mongbwalu,2026-05-05,2.961,1.641,5.721,2.35,3.838,rt,
mongbwalu,2026-05-06,3.001,1.756,5.573,2.398,3.799,rt,
mongbwalu,2026-05-07,3.032,1.823,5.5,2.439,3.787,rt,
mongbwalu,2026-05-08,3.016,1.849,5.397,2.462,3.732,rt,
mongbwalu,2026-05-09,3.011,1.881,5.327,2.481,3.684,rt,
mongbwalu,2026-05-10,3.016,1.871,5.411,2.478,3.706,rt,
mongbwalu,2026-05-11,2.905,1.77,5.227,2.382,3.604,rt,
mongbwalu,2026-05-12,2.858,1.806,4.808,2.369,3.432,rt,
mongbwalu,2026-05-13,2.806,1.849,4.585,2.361,3.31,rt,
mongbwalu,2026-05-14,2.748,1.88,4.377,2.346,3.214,rt,
mongbwalu,2026-05-15,2.689,1.906,4.163,2.324,3.135,rt,
mongbwalu,2026-05-16,2.644,1.882,4.023,2.285,3.059,rt,
mongbwalu,2026-05-17,2.588,1.831,3.916,2.238,2.994,rt,
mongbwalu,2026-05-18,2.54,1.793,3.85,2.176,2.961,rt,
mongbwalu,2026-05-19,2.521,1.854,3.627,2.192,2.893,rt,
mongbwalu,2026-05-20,2.489,1.888,3.492,2.21,2.824,rt,
mongbwalu,2026-05-21,2.454,1.908,3.364,2.207,2.772,rt,
mongbwalu,2026-05-22,2.407,1.909,3.26,2.181,2.72,rt,
mongbwalu,2026-05-23,2.371,1.861,3.221,2.144,2.668,rt,
mongbwalu,2026-05-24,2.336,1.82,3.185,2.1,2.615,rt,
mongbwalu,2026-05-25,2.286,1.754,3.153,2.029,2.563,rt,
mongbwalu,2026-05-26,2.149,1.693,2.877,1.937,2.401,rt,
mongbwalu,2026-05-27,2.026,1.628,2.658,1.848,2.231,rt,
mongbwalu,2026-05-28,1.924,1.556,2.469,1.75,2.103,rt,
mongbwalu,2026-05-29,1.807,1.475,2.305,1.654,1.977,rt,
mongbwalu,2026-05-30,1.704,1.385,2.171,1.564,1.869,rt,
mongbwalu,2026-05-31,1.609,1.284,2.043,1.462,1.771,rt,
mongbwalu,2026-06-01,1.53,1.186,1.973,1.373,1.701,rt,
mongbwalu,2026-06-02,1.416,1.13,1.781,1.286,1.557,rt,
mongbwalu,2026-06-03,1.303,1.064,1.619,1.197,1.426,rt,
mongbwalu,2026-06-04,1.203,0.983,1.468,1.112,1.312,rt,
mongbwalu,2026-06-05,1.108,0.905,1.338,1.02,1.204,rt,
mongbwalu,2026-06-06,1.016,0.813,1.241,0.927,1.106,rt,
mongbwalu,2026-06-07,0.926,0.711,1.155,0.833,1.018,rt,
mongbwalu,2026-06-08,0.843,0.608,1.095,0.738,0.94,rt,
mongbwalu,2026-06-09,0.814,0.608,1.021,0.724,0.894,rt,
mongbwalu,2026-06-10,0.781,0.604,0.957,0.704,0.854,rt,
mongbwalu,2026-06-11,0.75,0.587,0.91,0.686,0.816,rt,
mongbwalu,2026-06-12,0.725,0.566,0.879,0.665,0.783,rt,
mongbwalu,2026-06-13,0.695,0.537,0.857,0.636,0.759,rt,
mongbwalu,2026-06-14,0.667,0.498,0.854,0.597,0.741,rt,
mongbwalu,2026-06-15,0.643,0.453,0.862,0.561,0.725,rt,
mongbwalu,2026-06-16,0.663,0.491,0.852,0.591,0.737,rt,
mongbwalu,2026-06-17,0.683,0.525,0.854,0.618,0.752,rt,
mongbwalu,2026-06-18,0.706,0.556,0.867,0.643,0.774,rt,
mongbwalu,2026-06-19,0.726,0.578,0.895,0.665,0.792,rt,
mongbwalu,2026-06-20,0.75,0.582,0.945,0.681,0.821,rt,
mongbwalu,2026-06-21,0.774,0.582,1.012,0.692,0.856,rt,
mongbwalu,2026-06-22,0.805,0.588,1.102,0.709,0.909,rt,
mongbwalu,2026-06-23,0.801,0.608,1.049,0.717,0.89,rt,
mongbwalu,2026-06-24,0.799,0.621,1.016,0.723,0.875,rt,
mongbwalu,2026-06-25,0.795,0.63,0.986,0.721,0.868,rt,
mongbwalu,2026-06-26,0.79,0.627,0.97,0.719,0.869,rt,
mongbwalu,2026-06-27,0.787,0.608,0.982,0.708,0.867,rt,
mongbwalu,2026-06-28,0.783,0.583,1.006,0.692,0.872,rt,
mongbwalu,2026-06-29,0.76,0.538,1.031,0.66,0.864,rt,
mongbwalu,2026-06-30,0.754,0.555,0.976,0.67,0.846,rt,
mongbwalu,2026-07-01,0.746,0.57,0.943,0.676,0.828,rt,
mongbwalu,2026-07-02,0.742,0.58,0.932,0.676,0.818,rt,
mongbwalu,2026-07-03,0.743,0.582,0.931,0.67,0.812,rt,
mongbwalu,2026-07-04,0.743,0.569,0.941,0.66,0.814,rt,
mongbwalu,2026-07-05,0.739,0.545,0.969,0.654,0.824,rt,
mongbwalu,2026-07-06,0.74,0.52,1.027,0.644,0.842,rt,
mongbwalu,2026-07-07,0.756,0.566,1.003,0.676,0.855,rt,
mongbwalu,2026-07-08,0.781,0.602,1.004,0.705,0.868,rt,
mongbwalu,2026-07-09,0.805,0.624,1.027,0.727,0.884,rt,
mongbwalu,2026-07-10,0.829,0.641,1.057,0.744,0.911,rt,
mongbwalu,2026-07-11,0.848,0.644,1.105,0.757,0.945,rt,
mongbwalu,2026-07-12,0.869,0.634,1.177,0.766,0.98,rt,
mongbwalu,2026-07-13,0.877,0.613,1.259,0.763,1.005,rt,
mongbwalu,2026-07-14,0.852,0.625,1.158,0.755,0.963,rt,
mongbwalu,2026-07-15,0.822,0.624,1.082,0.736,0.923,rt,
mongbwalu,2026-07-16,0.798,0.608,1.024,0.718,0.895,rt,
mongbwalu,2026-07-17,0.777,0.581,1.002,0.695,0.87,rt,
mongbwalu,2026-07-18,0.753,0.543,0.99,0.662,0.849,rt,
mongbwalu,2026-07-19,0.731,0.505,0.992,0.626,0.835,rt,
mongbwalu,2026-07-20,0.709,0.463,1.011,0.596,0.831,rt,
mongbwalu,2026-07-21,0.684,0.472,0.948,0.586,0.789,rt,
mongbwalu,2026-07-22,0.659,0.471,0.893,0.573,0.755,rt,
mongbwalu,2026-07-23,0.638,0.459,0.853,0.559,0.725,rt,
mongbwalu,2026-07-24,0.621,0.444,0.82,0.54,0.702,rt,
mongbwalu,2026-07-25,0.602,0.418,0.805,0.519,0.682,rt,
mongbwalu,2026-07-26,0.581,0.387,0.807,0.497,0.662,rt,
mongbwalu,2026-07-27,0.561,0.352,0.814,0.473,0.649,rt,
mongbwalu,2026-07-28,0.568,0.373,0.789,0.484,0.646,rt,
mongbwalu,2026-07-29,0.569,0.393,0.783,0.492,0.645,rt,
mongbwalu,2026-07-30,0.574,0.403,0.779,0.498,0.646,rt,
mongbwalu,2026-07-31,0.57,0.399,0.777,0.5,0.648,rt,
mongbwalu,2026-08-01,0.569,0.39,0.789,0.497,0.656,rt,
mongbwalu,2026-08-02,0.572,0.379,0.808,0.49,0.661,rt,
mongbwalu,2026-08-03,0.568,0.353,0.844,0.478,0.67,rt,
mongbwalu,2026-08-04,0.594,0.387,0.849,0.51,0.691,rt,
mongbwalu,2026-08-05,0.619,0.419,0.861,0.538,0.712,rt,
mongbwalu,2026-08-06,0.651,0.453,0.878,0.565,0.739,rt,
mongbwalu,2026-08-07,0.678,0.477,0.911,0.588,0.77,rt,
mongbwalu,2026-08-08,0.707,0.485,0.952,0.611,0.809,rt,
mongbwalu,2026-08-09,0.729,0.489,1.016,0.631,0.853,rt,
mongbwalu,2026-08-10,0.749,0.478,1.089,0.639,0.887,rt,
mongbwalu,2026-08-11,0.795,0.539,1.097,0.689,0.919,rt,
mongbwalu,2026-08-12,0.846,0.597,1.135,0.739,0.957,rt,
mongbwalu,2026-08-13,0.896,0.65,1.176,0.795,1.008,rt,
mongbwalu,2026-08-14,0.946,0.691,1.247,0.842,1.067,rt,
mongbwalu,2026-08-15,0.997,0.723,1.35,0.881,1.129,rt,
mongbwalu,2026-08-16,1.05,0.75,1.469,0.914,1.214,rt,
mongbwalu,2026-08-17,1.119,0.771,1.63,0.963,1.325,rt,
mongbwalu,2026-08-18,1.175,0.841,1.642,1.03,1.358,rt,
mongbwalu,2026-08-19,1.23,0.927,1.658,1.094,1.392,rt,
mongbwalu,2026-08-20,1.293,0.994,1.707,1.153,1.443,rt,
mongbwalu,2026-08-21,1.355,1.049,1.768,1.227,1.513,rt,
mongbwalu,2026-08-22,1.426,1.092,1.878,1.282,1.589,rt,
mongbwalu,2026-08-23,1.496,1.101,2.017,1.325,1.679,rt,
mongbwalu,2026-08-24,1.581,1.13,2.213,1.381,1.794,rt,
mongbwalu,2026-08-25,1.58,1.177,2.115,1.413,1.772,rt,
mongbwalu,2026-08-26,1.575,1.221,2.035,1.426,1.75,rt,
mongbwalu,2026-08-27,1.569,1.229,2.001,1.42,1.734,rt,
mongbwalu,2026-08-28,1.558,1.233,1.996,1.411,1.728,rt,
mongbwalu,2026-08-29,1.547,1.198,2.012,1.387,1.723,rt,
mongbwalu,2026-08-30,1.527,1.144,2.067,1.354,1.72,rt,
mongbwalu,2026-08-31,1.491,1.068,2.114,1.291,1.705,rt,
mongbwalu,2026-09-01,1.39,1.042,1.885,1.223,1.568,rt,
mongbwalu,2026-09-02,1.298,0.995,1.721,1.157,1.457,rt,
mongbwalu,2026-09-03,1.206,0.931,1.574,1.086,1.355,rt,
mongbwalu,2026-09-04,1.122,0.848,1.455,1.002,1.253,rt,
mongbwalu,2026-09-05,1.034,0.761,1.359,0.914,1.164,rt,
mongbwalu,2026-09-06,0.95,0.658,1.297,0.829,1.092,rt,
mongbwalu,2026-09-07,0.859,0.57,1.229,0.736,1.003,rt,
mongbwalu,2026-09-08,0.804,0.547,1.115,0.698,0.925,rt,
mongbwalu,2026-09-09,0.756,0.521,1.019,0.659,0.857,rt,
mongbwalu,2026-09-10,0.708,0.49,0.947,0.619,0.797,rt,
mongbwalu,2026-09-11,0.657,0.453,0.881,0.572,0.747,rt,
mongbwalu,2026-09-12,0.611,0.414,0.834,0.523,0.7,rt,
mongbwalu,2026-09-13,0.565,0.368,0.796,0.476,0.655,rt,
mongbwalu,2026-09-14,0.523,0.324,0.768,0.437,0.62,rt,
mongbwalu,2026-09-15,0.516,0.321,0.751,0.433,0.604,rt,
mongbwalu,2026-09-16,0.51,0.321,0.735,0.426,0.597,rt,
mongbwalu,2026-09-17,0.504,0.314,0.723,0.421,0.591,rt,
mongbwalu,2026-09-18,0.502,0.307,0.723,0.415,0.59,rt,
mongbwalu,2026-09-19,0.498,0.297,0.739,0.408,0.593,rt,
mongbwalu,2026-09-20,0.49,0.281,0.762,0.399,0.603,rt,
mongbwalu,2026-09-21,0.491,0.265,0.799,0.389,0.616,rt,
mongbwalu,2026-09-22,0.496,0.27,0.803,0.393,0.621,rt,
mongbwalu,2026-09-23,0.503,0.273,0.823,0.396,0.63,rt,
mongbwalu,2026-09-24,0.507,0.276,0.841,0.398,0.642,rt,
mongbwalu,2026-09-25,0.514,0.267,0.879,0.4,0.656,rt,
mongbwalu,2026-09-26,0.518,0.259,0.927,0.393,0.666,rt,
mongbwalu,2026-09-27,0.519,0.242,0.978,0.39,0.684,rt,
mongbwalu,2026-09-28,0.519,0.224,1.036,0.378,0.7,rt,
mongbwalu,2026-09-29,0.517,0.227,1.046,0.378,0.698,rt,
mongbwalu,2026-09-30,0.519,0.234,1.046,0.382,0.695,rt,
mongbwalu,2026-10-01,0.517,0.23,1.059,0.378,0.702,rt,
mongbwalu,2026-10-02,0.515,0.226,1.058,0.376,0.715,rt,
mongbwalu,2026-10-03,0.516,0.222,1.102,0.368,0.719,rt,
mongbwalu,2026-10-04,0.512,0.212,1.151,0.363,0.733,rt,
mongbwalu,2026-10-05,0.518,0.201,1.23,0.357,0.75,rt,
mongbwalu,2026-10-06,0.547,0.194,1.413,0.369,0.808,rt,
nia_nia,2026-06-04,2.781,1.701,4.611,2.309,3.399,rt,
nia_nia,2026-06-05,2.784,1.725,4.564,2.305,3.339,rt,
nia_nia,2026-06-06,2.753,1.712,4.596,2.267,3.335,rt,
nia_nia,2026-06-07,2.716,1.639,4.657,2.2,3.308,rt,
nia_nia,2026-06-08,2.673,1.541,4.811,2.125,3.299,rt,
nia_nia,2026-06-09,2.569,1.582,4.295,2.117,3.136,rt,
nia_nia,2026-06-10,2.486,1.618,4.008,2.079,2.994,rt,
nia_nia,2026-06-11,2.411,1.612,3.731,2.016,2.869,rt,
nia_nia,2026-06-12,2.337,1.564,3.552,1.971,2.773,rt,
nia_nia,2026-06-13,2.277,1.485,3.458,1.891,2.691,rt,
nia_nia,2026-06-14,2.204,1.377,3.436,1.815,2.635,rt,
nia_nia,2026-06-15,2.112,1.259,3.451,1.719,2.6,rt,
nia_nia,2026-06-16,2.08,1.315,3.216,1.727,2.486,rt,
nia_nia,2026-06-17,2.046,1.375,3.044,1.727,2.392,rt,
nia_nia,2026-06-18,2.011,1.394,2.931,1.709,2.321,rt,
nia_nia,2026-06-19,1.963,1.368,2.878,1.695,2.289,rt,
nia_nia,2026-06-20,1.926,1.299,2.849,1.647,2.265,rt,
nia_nia,2026-06-21,1.898,1.208,2.876,1.59,2.252,rt,
nia_nia,2026-06-22,1.881,1.139,2.982,1.542,2.304,rt,
nia_nia,2026-06-23,1.849,1.19,2.757,1.542,2.201,rt,
nia_nia,2026-06-24,1.811,1.219,2.571,1.546,2.104,rt,
nia_nia,2026-06-25,1.761,1.229,2.472,1.53,2.036,rt,
nia_nia,2026-06-26,1.716,1.194,2.422,1.493,1.993,rt,
nia_nia,2026-06-27,1.681,1.151,2.417,1.447,1.971,rt,
nia_nia,2026-06-28,1.637,1.069,2.446,1.388,1.964,rt,
nia_nia,2026-06-29,1.57,0.968,2.457,1.291,1.918,rt,
nia_nia,2026-06-30,1.531,0.994,2.278,1.289,1.817,rt,
nia_nia,2026-07-01,1.493,1.025,2.138,1.288,1.735,rt,
nia_nia,2026-07-02,1.462,1.041,2.038,1.281,1.67,rt,
nia_nia,2026-07-03,1.431,1.018,1.988,1.256,1.619,rt,
nia_nia,2026-07-04,1.397,0.976,1.95,1.222,1.595,rt,
nia_nia,2026-07-05,1.366,0.914,1.983,1.17,1.602,rt,
nia_nia,2026-07-06,1.351,0.849,2.058,1.128,1.624,rt,
nia_nia,2026-07-07,1.36,0.917,1.949,1.166,1.598,rt,
nia_nia,2026-07-08,1.378,0.964,1.894,1.186,1.58,rt,
nia_nia,2026-07-09,1.389,0.999,1.871,1.207,1.572,rt,
nia_nia,2026-07-10,1.396,1.021,1.87,1.216,1.567,rt,
nia_nia,2026-07-11,1.392,0.995,1.922,1.217,1.6,rt,
nia_nia,2026-07-12,1.399,0.958,2.01,1.207,1.632,rt,
nia_nia,2026-07-13,1.393,0.889,2.094,1.176,1.651,rt,
nia_nia,2026-07-14,1.409,0.959,2.004,1.221,1.63,rt,
nia_nia,2026-07-15,1.43,1.018,1.93,1.259,1.614,rt,
nia_nia,2026-07-16,1.44,1.067,1.911,1.282,1.62,rt,
nia_nia,2026-07-17,1.458,1.073,1.933,1.298,1.642,rt,
nia_nia,2026-07-18,1.477,1.062,2.022,1.292,1.675,rt,
nia_nia,2026-07-19,1.482,1.037,2.162,1.28,1.721,rt,
nia_nia,2026-07-20,1.5,1.005,2.325,1.277,1.773,rt,
nia_nia,2026-07-21,1.481,1.038,2.141,1.289,1.718,rt,
nia_nia,2026-07-22,1.464,1.073,1.985,1.291,1.667,rt,
nia_nia,2026-07-23,1.439,1.081,1.917,1.286,1.629,rt,
nia_nia,2026-07-24,1.425,1.058,1.904,1.261,1.589,rt,
nia_nia,2026-07-25,1.397,1.02,1.917,1.236,1.583,rt,
nia_nia,2026-07-26,1.374,0.951,1.972,1.19,1.582,rt,
nia_nia,2026-07-27,1.353,0.879,2.057,1.137,1.593,rt,
nia_nia,2026-07-28,1.277,0.879,1.814,1.094,1.462,rt,
nia_nia,2026-07-29,1.199,0.87,1.615,1.048,1.358,rt,
nia_nia,2026-07-30,1.122,0.837,1.501,0.994,1.263,rt,
nia_nia,2026-07-31,1.048,0.77,1.415,0.933,1.19,rt,
nia_nia,2026-08-01,0.984,0.696,1.354,0.861,1.124,rt,
nia_nia,2026-08-02,0.918,0.611,1.329,0.783,1.069,rt,
nia_nia,2026-08-03,0.856,0.524,1.306,0.706,1.018,rt,
nia_nia,2026-08-04,0.815,0.534,1.179,0.687,0.956,rt,
nia_nia,2026-08-05,0.776,0.517,1.076,0.657,0.897,rt,
nia_nia,2026-08-06,0.734,0.49,1.015,0.627,0.847,rt,
nia_nia,2026-08-07,0.688,0.461,0.958,0.594,0.801,rt,
nia_nia,2026-08-08,0.653,0.422,0.934,0.556,0.759,rt,
nia_nia,2026-08-09,0.618,0.382,0.926,0.514,0.724,rt,
nia_nia,2026-08-10,0.576,0.333,0.907,0.469,0.697,rt,
nia_nia,2026-08-11,0.573,0.355,0.862,0.479,0.675,rt,
nia_nia,2026-08-12,0.572,0.37,0.822,0.486,0.666,rt,
nia_nia,2026-08-13,0.573,0.38,0.804,0.486,0.656,rt,
nia_nia,2026-08-14,0.569,0.373,0.801,0.487,0.656,rt,
nia_nia,2026-08-15,0.567,0.367,0.82,0.484,0.658,rt,
nia_nia,2026-08-16,0.565,0.351,0.854,0.475,0.665,rt,
nia_nia,2026-08-17,0.566,0.335,0.902,0.472,0.683,rt,
nia_nia,2026-08-18,0.599,0.378,0.9,0.508,0.708,rt,
nia_nia,2026-08-19,0.635,0.421,0.913,0.546,0.744,rt,
nia_nia,2026-08-20,0.671,0.455,0.945,0.58,0.781,rt,
nia_nia,2026-08-21,0.718,0.483,0.993,0.619,0.826,rt,
nia_nia,2026-08-22,0.764,0.507,1.083,0.654,0.881,rt,
nia_nia,2026-08-23,0.808,0.514,1.183,0.684,0.943,rt,
nia_nia,2026-08-24,0.864,0.522,1.319,0.719,1.035,rt,
nia_nia,2026-08-25,0.95,0.623,1.36,0.814,1.113,rt,
nia_nia,2026-08-26,1.043,0.729,1.42,0.909,1.19,rt,
nia_nia,2026-08-27,1.141,0.831,1.502,1.011,1.289,rt,
nia_nia,2026-08-28,1.243,0.935,1.628,1.11,1.4,rt,
nia_nia,2026-08-29,1.359,0.999,1.814,1.205,1.527,rt,
nia_nia,2026-08-30,1.478,1.048,2.068,1.292,1.682,rt,
nia_nia,2026-08-31,1.589,1.073,2.318,1.356,1.832,rt,
nia_nia,2026-09-01,1.56,1.133,2.159,1.37,1.785,rt,
nia_nia,2026-09-02,1.544,1.171,2.041,1.371,1.745,rt,
nia_nia,2026-09-03,1.523,1.174,1.994,1.371,1.698,rt,
nia_nia,2026-09-04,1.488,1.147,1.934,1.339,1.661,rt,
nia_nia,2026-09-05,1.456,1.097,1.932,1.295,1.647,rt,
nia_nia,2026-09-06,1.418,1.021,1.933,1.239,1.633,rt,
nia_nia,2026-09-07,1.363,0.923,1.953,1.152,1.594,rt,
nia_nia,2026-09-08,1.275,0.899,1.747,1.101,1.464,rt,
nia_nia,2026-09-09,1.182,0.858,1.589,1.037,1.34,rt,
nia_nia,2026-09-10,1.105,0.789,1.456,0.966,1.245,rt,
nia_nia,2026-09-11,1.021,0.723,1.374,0.893,1.146,rt,
nia_nia,2026-09-12,0.942,0.647,1.299,0.815,1.073,rt,
nia_nia,2026-09-13,0.865,0.572,1.249,0.737,0.998,rt,
nia_nia,2026-09-14,0.799,0.49,1.212,0.664,0.949,rt,
nia_nia,2026-09-15,0.759,0.473,1.099,0.638,0.889,rt,
nia_nia,2026-09-16,0.724,0.448,1.017,0.603,0.832,rt,
nia_nia,2026-09-17,0.686,0.422,0.981,0.567,0.793,rt,
nia_nia,2026-09-18,0.654,0.392,0.946,0.534,0.763,rt,
nia_nia,2026-09-19,0.618,0.355,0.929,0.501,0.739,rt,
nia_nia,2026-09-20,0.587,0.315,0.936,0.467,0.721,rt,
nia_nia,2026-09-21,0.564,0.285,0.957,0.433,0.703,rt,
nia_nia,2026-09-22,0.561,0.285,0.948,0.436,0.705,rt,
nia_nia,2026-09-23,0.564,0.278,0.957,0.436,0.711,rt,
nia_nia,2026-09-24,0.564,0.273,0.979,0.432,0.716,rt,
nia_nia,2026-09-25,0.563,0.265,1.019,0.426,0.728,rt,
nia_nia,2026-09-26,0.562,0.249,1.042,0.415,0.744,rt,
nia_nia,2026-09-27,0.563,0.237,1.09,0.404,0.757,rt,
nia_nia,2026-09-28,0.558,0.216,1.141,0.386,0.766,rt,
nia_nia,2026-09-29,0.555,0.216,1.144,0.383,0.769,rt,
nia_nia,2026-09-30,0.555,0.215,1.132,0.382,0.767,rt,
nia_nia,2026-10-01,0.552,0.213,1.151,0.378,0.771,rt,
nia_nia,2026-10-02,0.548,0.202,1.198,0.379,0.775,rt,
nia_nia,2026-10-03,0.54,0.197,1.216,0.372,0.782,rt,
nia_nia,2026-10-04,0.537,0.189,1.264,0.365,0.784,rt,
nia_nia,2026-10-05,0.541,0.177,1.345,0.353,0.799,rt,
nia_nia,2026-10-06,0.566,0.163,1.507,0.363,0.864,rt,
nizi,2026-05-24,1.973,1.29,2.929,1.665,2.308,rt,
nizi,2026-05-25,1.919,1.216,2.926,1.593,2.277,rt,
nizi,2026-05-26,1.924,1.257,2.851,1.635,2.263,rt,
nizi,2026-05-27,1.944,1.32,2.786,1.67,2.249,rt,
nizi,2026-05-28,1.967,1.381,2.771,1.702,2.241,rt,
nizi,2026-05-29,1.982,1.403,2.739,1.72,2.254,rt,
nizi,2026-05-30,1.994,1.402,2.754,1.74,2.275,rt,
nizi,2026-05-31,2.002,1.386,2.836,1.742,2.301,rt,
nizi,2026-06-01,2.034,1.377,2.949,1.75,2.361,rt,
nizi,2026-06-02,2.112,1.495,2.938,1.847,2.416,rt,
nizi,2026-06-03,2.191,1.596,2.988,1.932,2.478,rt,
nizi,2026-06-04,2.261,1.68,3.01,2.001,2.543,rt,
nizi,2026-06-05,2.324,1.741,3.067,2.076,2.617,rt,
nizi,2026-06-06,2.392,1.789,3.193,2.134,2.671,rt,
nizi,2026-06-07,2.441,1.807,3.312,2.151,2.743,rt,
nizi,2026-06-08,2.479,1.802,3.405,2.165,2.817,rt,
nizi,2026-06-09,2.485,1.868,3.327,2.206,2.782,rt,
nizi,2026-06-10,2.487,1.919,3.292,2.242,2.769,rt,
nizi,2026-06-11,2.486,1.949,3.238,2.249,2.763,rt,
nizi,2026-06-12,2.49,1.977,3.215,2.269,2.766,rt,
nizi,2026-06-13,2.498,1.971,3.247,2.266,2.779,rt,
nizi,2026-06-14,2.492,1.928,3.302,2.254,2.795,rt,
nizi,2026-06-15,2.49,1.882,3.342,2.23,2.82,rt,
nizi,2026-06-16,2.463,1.926,3.222,2.228,2.748,rt,
nizi,2026-06-17,2.427,1.95,3.11,2.215,2.68,rt,
nizi,2026-06-18,2.405,1.955,3.038,2.199,2.626,rt,
nizi,2026-06-19,2.373,1.936,2.965,2.175,2.584,rt,
nizi,2026-06-20,2.337,1.903,2.932,2.145,2.551,rt,
nizi,2026-06-21,2.292,1.848,2.916,2.102,2.526,rt,
nizi,2026-06-22,2.28,1.809,2.974,2.077,2.546,rt,
nizi,2026-06-23,2.244,1.826,2.88,2.064,2.49,rt,
nizi,2026-06-24,2.208,1.826,2.77,2.041,2.441,rt,
nizi,2026-06-25,2.178,1.807,2.71,2.011,2.393,rt,
nizi,2026-06-26,2.143,1.777,2.668,1.975,2.349,rt,
nizi,2026-06-27,2.106,1.734,2.655,1.939,2.31,rt,
nizi,2026-06-28,2.062,1.678,2.667,1.896,2.274,rt,
nizi,2026-06-29,1.982,1.581,2.592,1.799,2.196,rt,
nizi,2026-06-30,1.862,1.521,2.373,1.706,2.056,rt,
nizi,2026-07-01,1.757,1.452,2.183,1.621,1.919,rt,
nizi,2026-07-02,1.655,1.359,2.035,1.535,1.797,rt,
nizi,2026-07-03,1.56,1.297,1.899,1.451,1.693,rt,
nizi,2026-07-04,1.477,1.223,1.806,1.364,1.6,rt,
nizi,2026-07-05,1.394,1.138,1.723,1.279,1.511,rt,
nizi,2026-07-06,1.321,1.066,1.672,1.207,1.447,rt,
nizi,2026-07-07,1.275,1.054,1.567,1.175,1.38,rt,
nizi,2026-07-08,1.232,1.028,1.479,1.141,1.321,rt,
nizi,2026-07-09,1.184,1.001,1.41,1.104,1.267,rt,
nizi,2026-07-10,1.141,0.972,1.341,1.066,1.216,rt,
nizi,2026-07-11,1.094,0.923,1.289,1.021,1.172,rt,
nizi,2026-07-12,1.051,0.872,1.26,0.976,1.133,rt,
nizi,2026-07-13,1.0,0.8,1.227,0.917,1.087,rt,
nizi,2026-07-14,0.986,0.802,1.188,0.91,1.062,rt,
nizi,2026-07-15,0.973,0.803,1.158,0.902,1.042,rt,
nizi,2026-07-16,0.954,0.792,1.129,0.894,1.023,rt,
nizi,2026-07-17,0.943,0.779,1.111,0.878,1.012,rt,
nizi,2026-07-18,0.932,0.757,1.099,0.856,1.0,rt,
nizi,2026-07-19,0.917,0.73,1.099,0.835,0.991,rt,
nizi,2026-07-20,0.904,0.709,1.118,0.817,0.99,rt,
nizi,2026-07-21,0.904,0.726,1.087,0.828,0.981,rt,
nizi,2026-07-22,0.904,0.741,1.071,0.834,0.974,rt,
nizi,2026-07-23,0.904,0.747,1.058,0.837,0.968,rt,
nizi,2026-07-24,0.904,0.752,1.053,0.839,0.966,rt,
nizi,2026-07-25,0.902,0.746,1.058,0.836,0.965,rt,
nizi,2026-07-26,0.899,0.732,1.07,0.829,0.97,rt,
nizi,2026-07-27,0.894,0.713,1.09,0.823,0.973,rt,
nizi,2026-07-28,0.907,0.741,1.082,0.842,0.975,rt,
nizi,2026-07-29,0.916,0.766,1.076,0.857,0.976,rt,
nizi,2026-07-30,0.926,0.779,1.08,0.866,0.983,rt,
nizi,2026-07-31,0.93,0.789,1.084,0.87,0.989,rt,
nizi,2026-08-01,0.93,0.782,1.096,0.873,0.994,rt,
nizi,2026-08-02,0.931,0.774,1.111,0.868,1.004,rt,
nizi,2026-08-03,0.927,0.753,1.139,0.857,1.01,rt,
nizi,2026-08-04,0.926,0.768,1.109,0.861,0.994,rt,
nizi,2026-08-05,0.921,0.772,1.088,0.86,0.983,rt,
nizi,2026-08-06,0.916,0.775,1.079,0.858,0.977,rt,
nizi,2026-08-07,0.903,0.764,1.068,0.845,0.966,rt,
nizi,2026-08-08,0.891,0.745,1.065,0.829,0.958,rt,
nizi,2026-08-09,0.878,0.718,1.07,0.812,0.951,rt,
nizi,2026-08-10,0.859,0.69,1.073,0.787,0.938,rt,
nizi,2026-08-11,0.83,0.673,1.015,0.765,0.899,rt,
nizi,2026-08-12,0.804,0.655,0.97,0.742,0.867,rt,
nizi,2026-08-13,0.778,0.637,0.93,0.719,0.836,rt,
nizi,2026-08-14,0.75,0.612,0.895,0.695,0.808,rt,
nizi,2026-08-15,0.724,0.583,0.874,0.667,0.783,rt,
nizi,2026-08-16,0.698,0.551,0.851,0.637,0.761,rt,
nizi,2026-08-17,0.681,0.52,0.846,0.612,0.746,rt,
nizi,2026-08-18,0.665,0.522,0.813,0.604,0.722,rt,
nizi,2026-08-19,0.649,0.517,0.784,0.597,0.703,rt,
nizi,2026-08-20,0.633,0.509,0.766,0.582,0.686,rt,
nizi,2026-08-21,0.62,0.496,0.756,0.572,0.673,rt,
nizi,2026-08-22,0.607,0.478,0.75,0.556,0.666,rt,
nizi,2026-08-23,0.595,0.455,0.749,0.538,0.656,rt,
nizi,2026-08-24,0.589,0.431,0.764,0.525,0.657,rt,
nizi,2026-08-25,0.596,0.451,0.761,0.536,0.66,rt,
nizi,2026-08-26,0.605,0.467,0.756,0.545,0.664,rt,
nizi,2026-08-27,0.611,0.476,0.756,0.549,0.667,rt,
nizi,2026-08-28,0.615,0.483,0.758,0.558,0.674,rt,
nizi,2026-08-29,0.619,0.486,0.765,0.559,0.681,rt,
nizi,2026-08-30,0.62,0.481,0.782,0.554,0.688,rt,
nizi,2026-08-31,0.612,0.462,0.793,0.543,0.688,rt,
nizi,2026-09-01,0.624,0.488,0.793,0.561,0.696,rt,
nizi,2026-09-02,0.638,0.506,0.793,0.58,0.705,rt,
nizi,2026-09-03,0.652,0.517,0.804,0.596,0.715,rt,
nizi,2026-09-04,0.661,0.521,0.818,0.603,0.724,rt,
nizi,2026-09-05,0.669,0.52,0.836,0.602,0.731,rt,
nizi,2026-09-06,0.673,0.511,0.87,0.599,0.743,rt,
nizi,2026-09-07,0.662,0.49,0.894,0.585,0.747,rt,
nizi,2026-09-08,0.666,0.499,0.876,0.593,0.741,rt,
nizi,2026-09-09,0.666,0.507,0.864,0.598,0.739,rt,
nizi,2026-09-10,0.664,0.509,0.861,0.601,0.736,rt,
nizi,2026-09-11,0.662,0.504,0.852,0.599,0.733,rt,
nizi,2026-09-12,0.657,0.495,0.858,0.59,0.735,rt,
nizi,2026-09-13,0.65,0.481,0.871,0.579,0.732,rt,
nizi,2026-09-14,0.646,0.459,0.9,0.565,0.741,rt,
nizi,2026-09-15,0.658,0.475,0.9,0.582,0.75,rt,
nizi,2026-09-16,0.678,0.485,0.913,0.596,0.767,rt,
nizi,2026-09-17,0.697,0.495,0.937,0.606,0.786,rt,
nizi,2026-09-18,0.714,0.501,0.966,0.62,0.813,rt,
nizi,2026-09-19,0.729,0.504,1.016,0.634,0.848,rt,
nizi,2026-09-20,0.747,0.501,1.076,0.643,0.882,rt,
nizi,2026-09-21,0.77,0.498,1.169,0.654,0.923,rt,
nizi,2026-09-22,0.777,0.504,1.175,0.654,0.928,rt,
nizi,2026-09-23,0.78,0.499,1.188,0.658,0.938,rt,
nizi,2026-09-24,0.784,0.489,1.243,0.656,0.949,rt,
nizi,2026-09-25,0.791,0.477,1.278,0.653,0.958,rt,
nizi,2026-09-26,0.793,0.463,1.329,0.64,0.971,rt,
nizi,2026-09-27,0.797,0.441,1.381,0.629,0.992,rt,
nizi,2026-09-28,0.795,0.403,1.432,0.61,1.007,rt,
nizi,2026-09-29,0.79,0.404,1.426,0.604,1.003,rt,
nizi,2026-09-30,0.79,0.399,1.426,0.593,1.004,rt,
nizi,2026-10-01,0.784,0.382,1.426,0.581,0.998,rt,
nizi,2026-10-02,0.779,0.372,1.448,0.576,1.015,rt,
nizi,2026-10-03,0.773,0.351,1.458,0.567,1.014,rt,
nizi,2026-10-04,0.761,0.331,1.488,0.549,1.025,rt,
nizi,2026-10-05,0.757,0.312,1.571,0.534,1.045,rt,
nizi,2026-10-06,0.777,0.284,1.589,0.539,1.063,rt,
nyankunde,2026-05-03,2.256,1.283,3.972,1.805,2.797,rt,
nyankunde,2026-05-04,2.253,1.286,4.044,1.819,2.806,rt,
nyankunde,2026-05-05,2.26,1.32,3.962,1.844,2.775,rt,
nyankunde,2026-05-06,2.252,1.367,3.869,1.858,2.751,rt,
nyankunde,2026-05-07,2.258,1.391,3.836,1.861,2.752,rt,
nyankunde,2026-05-08,2.236,1.413,3.766,1.835,2.723,rt,
nyankunde,2026-05-09,2.215,1.408,3.694,1.821,2.702,rt,
nyankunde,2026-05-10,2.203,1.391,3.612,1.814,2.675,rt,
nyankunde,2026-05-11,2.113,1.307,3.491,1.731,2.579,rt,
nyankunde,2026-05-12,2.038,1.306,3.325,1.697,2.479,rt,
nyankunde,2026-05-13,1.965,1.312,3.162,1.658,2.401,rt,
nyankunde,2026-05-14,1.916,1.3,3.032,1.621,2.317,rt,
nyankunde,2026-05-15,1.854,1.267,2.939,1.572,2.236,rt,
nyankunde,2026-05-16,1.8,1.225,2.875,1.523,2.169,rt,
nyankunde,2026-05-17,1.742,1.169,2.832,1.477,2.106,rt,
nyankunde,2026-05-18,1.698,1.103,2.812,1.424,2.074,rt,
nyankunde,2026-05-19,1.673,1.115,2.698,1.419,2.002,rt,
nyankunde,2026-05-20,1.644,1.107,2.577,1.403,1.936,rt,
nyankunde,2026-05-21,1.61,1.101,2.453,1.378,1.89,rt,
nyankunde,2026-05-22,1.57,1.081,2.373,1.349,1.862,rt,
nyankunde,2026-05-23,1.529,1.046,2.313,1.313,1.823,rt,
nyankunde,2026-05-24,1.494,1.007,2.285,1.267,1.792,rt,
nyankunde,2026-05-25,1.451,0.942,2.287,1.199,1.74,rt,
nyankunde,2026-05-26,1.439,0.963,2.177,1.208,1.704,rt,
nyankunde,2026-05-27,1.427,0.976,2.107,1.213,1.677,rt,
nyankunde,2026-05-28,1.422,0.983,2.05,1.221,1.654,rt,
nyankunde,2026-05-29,1.41,0.979,2.008,1.214,1.635,rt,
nyankunde,2026-05-30,1.393,0.964,2.003,1.201,1.619,rt,
nyankunde,2026-05-31,1.381,0.935,2.043,1.182,1.605,rt,
nyankunde,2026-06-01,1.381,0.906,2.101,1.17,1.614,rt,
nyankunde,2026-06-02,1.373,0.938,1.995,1.172,1.577,rt,
nyankunde,2026-06-03,1.35,0.965,1.912,1.175,1.543,rt,
nyankunde,2026-06-04,1.328,0.966,1.838,1.171,1.522,rt,
nyankunde,2026-06-05,1.303,0.959,1.796,1.151,1.488,rt,
nyankunde,2026-06-06,1.275,0.934,1.756,1.126,1.465,rt,
nyankunde,2026-06-07,1.243,0.893,1.743,1.083,1.432,rt,
nyankunde,2026-06-08,1.204,0.823,1.754,1.038,1.408,rt,
nyankunde,2026-06-09,1.147,0.813,1.615,1.003,1.323,rt,
nyankunde,2026-06-10,1.096,0.792,1.492,0.964,1.239,rt,
nyankunde,2026-06-11,1.043,0.771,1.406,0.92,1.179,rt,
nyankunde,2026-06-12,0.992,0.735,1.354,0.874,1.123,rt,
nyankunde,2026-06-13,0.942,0.682,1.306,0.826,1.069,rt,
nyankunde,2026-06-14,0.895,0.627,1.267,0.775,1.025,rt,
nyankunde,2026-06-15,0.851,0.576,1.246,0.726,0.986,rt,
nyankunde,2026-06-16,0.815,0.573,1.141,0.7,0.932,rt,
nyankunde,2026-06-17,0.781,0.556,1.08,0.675,0.888,rt,
nyankunde,2026-06-18,0.75,0.53,1.024,0.65,0.851,rt,
nyankunde,2026-06-19,0.715,0.502,0.973,0.622,0.809,rt,
nyankunde,2026-06-20,0.683,0.473,0.942,0.595,0.781,rt,
nyankunde,2026-06-21,0.653,0.442,0.918,0.562,0.754,rt,
nyankunde,2026-06-22,0.633,0.416,0.914,0.539,0.74,rt,
nyankunde,2026-06-23,0.628,0.425,0.889,0.542,0.726,rt,
nyankunde,2026-06-24,0.625,0.431,0.867,0.542,0.716,rt,
nyankunde,2026-06-25,0.62,0.434,0.847,0.542,0.71,rt,
nyankunde,2026-06-26,0.617,0.428,0.836,0.539,0.705,rt,
nyankunde,2026-06-27,0.613,0.421,0.84,0.531,0.701,rt,
nyankunde,2026-06-28,0.608,0.406,0.858,0.52,0.701,rt,
nyankunde,2026-06-29,0.589,0.385,0.859,0.499,0.688,rt,
nyankunde,2026-06-30,0.59,0.397,0.837,0.506,0.68,rt,
nyankunde,2026-07-01,0.594,0.407,0.826,0.514,0.677,rt,
nyankunde,2026-07-02,0.598,0.416,0.83,0.519,0.677,rt,
nyankunde,2026-07-03,0.602,0.423,0.836,0.522,0.68,rt,
nyankunde,2026-07-04,0.605,0.418,0.849,0.526,0.69,rt,
nyankunde,2026-07-05,0.61,0.413,0.864,0.527,0.704,rt,
nyankunde,2026-07-06,0.62,0.406,0.902,0.531,0.722,rt,
nyankunde,2026-07-07,0.64,0.437,0.904,0.558,0.737,rt,
nyankunde,2026-07-08,0.659,0.461,0.922,0.579,0.753,rt,
nyankunde,2026-07-09,0.683,0.479,0.945,0.6,0.773,rt,
nyankunde,2026-07-10,0.701,0.496,0.976,0.615,0.8,rt,
nyankunde,2026-07-11,0.72,0.507,0.999,0.628,0.828,rt,
nyankunde,2026-07-12,0.739,0.511,1.059,0.642,0.854,rt,
nyankunde,2026-07-13,0.752,0.506,1.115,0.645,0.876,rt,
nyankunde,2026-07-14,0.754,0.526,1.083,0.654,0.87,rt,
nyankunde,2026-07-15,0.758,0.542,1.066,0.66,0.864,rt,
nyankunde,2026-07-16,0.757,0.546,1.054,0.663,0.861,rt,
nyankunde,2026-07-17,0.762,0.548,1.06,0.668,0.864,rt,
nyankunde,2026-07-18,0.762,0.544,1.072,0.665,0.869,rt,
nyankunde,2026-07-19,0.758,0.538,1.097,0.657,0.87,rt,
nyankunde,2026-07-20,0.756,0.526,1.144,0.655,0.889,rt,
nyankunde,2026-07-21,0.762,0.539,1.092,0.659,0.876,rt,
nyankunde,2026-07-22,0.756,0.545,1.053,0.66,0.864,rt,
nyankunde,2026-07-23,0.754,0.546,1.049,0.657,0.855,rt,
nyankunde,2026-07-24,0.753,0.544,1.044,0.657,0.854,rt,
nyankunde,2026-07-25,0.746,0.532,1.043,0.651,0.852,rt,
nyankunde,2026-07-26,0.736,0.51,1.07,0.639,0.86,rt,
nyankunde,2026-07-27,0.733,0.49,1.096,0.627,0.869,rt,
nyankunde,2026-07-28,0.734,0.507,1.058,0.637,0.852,rt,
nyankunde,2026-07-29,0.735,0.517,1.025,0.64,0.844,rt,
nyankunde,2026-07-30,0.734,0.521,0.999,0.638,0.835,rt,
nyankunde,2026-07-31,0.731,0.516,0.996,0.633,0.829,rt,
nyankunde,2026-08-01,0.72,0.496,1.007,0.628,0.826,rt,
nyankunde,2026-08-02,0.712,0.486,1.022,0.615,0.82,rt,
nyankunde,2026-08-03,0.7,0.462,1.04,0.595,0.821,rt,
nyankunde,2026-08-04,0.705,0.482,1.009,0.611,0.815,rt,
nyankunde,2026-08-05,0.708,0.493,0.991,0.618,0.814,rt,
nyankunde,2026-08-06,0.715,0.501,0.984,0.626,0.815,rt,
nyankunde,2026-08-07,0.717,0.496,0.984,0.624,0.811,rt,
nyankunde,2026-08-08,0.719,0.489,0.989,0.623,0.814,rt,
nyankunde,2026-08-09,0.719,0.476,1.007,0.612,0.82,rt,
nyankunde,2026-08-10,0.71,0.458,1.026,0.593,0.822,rt,
nyankunde,2026-08-11,0.71,0.469,1.007,0.604,0.824,rt,
nyankunde,2026-08-12,0.712,0.475,0.987,0.608,0.823,rt,
nyankunde,2026-08-13,0.711,0.483,0.981,0.612,0.823,rt,
nyankunde,2026-08-14,0.711,0.489,0.987,0.612,0.819,rt,
nyankunde,2026-08-15,0.707,0.483,1.012,0.61,0.827,rt,
nyankunde,2026-08-16,0.706,0.478,1.03,0.601,0.834,rt,
nyankunde,2026-08-17,0.716,0.47,1.071,0.601,0.848,rt,
nyankunde,2026-08-18,0.721,0.482,1.054,0.615,0.846,rt,
nyankunde,2026-08-19,0.726,0.495,1.033,0.626,0.844,rt,
nyankunde,2026-08-20,0.729,0.506,1.029,0.636,0.844,rt,
nyankunde,2026-08-21,0.736,0.508,1.04,0.642,0.858,rt,
nyankunde,2026-08-22,0.744,0.51,1.056,0.644,0.861,rt,
nyankunde,2026-08-23,0.753,0.504,1.08,0.64,0.875,rt,
nyankunde,2026-08-24,0.767,0.496,1.128,0.643,0.901,rt,
nyankunde,2026-08-25,0.787,0.521,1.126,0.67,0.914,rt,
nyankunde,2026-08-26,0.804,0.54,1.133,0.693,0.927,rt,
nyankunde,2026-08-27,0.823,0.556,1.146,0.709,0.941,rt,
nyankunde,2026-08-28,0.843,0.564,1.187,0.726,0.959,rt,
nyankunde,2026-08-29,0.855,0.57,1.214,0.733,0.98,rt,
nyankunde,2026-08-30,0.865,0.565,1.263,0.734,1.009,rt,
nyankunde,2026-08-31,0.862,0.553,1.291,0.722,1.022,rt,
nyankunde,2026-09-01,0.881,0.577,1.305,0.741,1.039,rt,
nyankunde,2026-09-02,0.899,0.591,1.312,0.762,1.064,rt,
nyankunde,2026-09-03,0.92,0.608,1.346,0.781,1.077,rt,
nyankunde,2026-09-04,0.93,0.612,1.37,0.789,1.091,rt,
nyankunde,2026-09-05,0.94,0.611,1.402,0.787,1.107,rt,
nyankunde,2026-09-06,0.945,0.609,1.43,0.786,1.121,rt,
nyankunde,2026-09-07,0.939,0.586,1.451,0.768,1.13,rt,
nyankunde,2026-09-08,0.922,0.586,1.407,0.768,1.105,rt,
nyankunde,2026-09-09,0.913,0.588,1.352,0.76,1.085,rt,
nyankunde,2026-09-10,0.896,0.582,1.349,0.756,1.069,rt,
nyankunde,2026-09-11,0.877,0.568,1.333,0.743,1.05,rt,
nyankunde,2026-09-12,0.858,0.551,1.327,0.724,1.028,rt,
nyankunde,2026-09-13,0.839,0.528,1.311,0.697,1.012,rt,
nyankunde,2026-09-14,0.823,0.508,1.336,0.674,0.995,rt,
nyankunde,2026-09-15,0.815,0.516,1.305,0.672,0.986,rt,
nyankunde,2026-09-16,0.808,0.515,1.3,0.668,0.988,rt,
nyankunde,2026-09-17,0.804,0.513,1.292,0.661,0.978,rt,
nyankunde,2026-09-18,0.799,0.512,1.299,0.662,0.971,rt,
nyankunde,2026-09-19,0.797,0.503,1.321,0.659,0.978,rt,
nyankunde,2026-09-20,0.799,0.49,1.355,0.652,0.992,rt,
nyankunde,2026-09-21,0.801,0.479,1.4,0.646,1.011,rt,
nyankunde,2026-09-22,0.804,0.485,1.376,0.655,1.002,rt,
nyankunde,2026-09-23,0.805,0.483,1.384,0.656,1.007,rt,
nyankunde,2026-09-24,0.802,0.472,1.379,0.654,1.008,rt,
nyankunde,2026-09-25,0.809,0.465,1.393,0.649,1.011,rt,
nyankunde,2026-09-26,0.809,0.454,1.417,0.639,1.019,rt,
nyankunde,2026-09-27,0.811,0.443,1.438,0.631,1.024,rt,
nyankunde,2026-09-28,0.796,0.422,1.471,0.617,1.035,rt,
nyankunde,2026-09-29,0.801,0.423,1.456,0.62,1.021,rt,
nyankunde,2026-09-30,0.799,0.416,1.461,0.621,1.021,rt,
nyankunde,2026-10-01,0.793,0.411,1.473,0.62,1.019,rt,
nyankunde,2026-10-02,0.793,0.406,1.483,0.616,1.019,rt,
nyankunde,2026-10-03,0.787,0.396,1.515,0.607,1.023,rt,
nyankunde,2026-10-04,0.785,0.382,1.546,0.603,1.021,rt,
nyankunde,2026-10-05,0.789,0.359,1.604,0.59,1.04,rt,
nyankunde,2026-10-06,0.797,0.348,1.765,0.564,1.082,rt,
rimba,2026-07-21,1.11,0.992,1.231,1.061,1.157,rt,
rimba,2026-07-22,1.106,0.99,1.222,1.059,1.152,rt,
rimba,2026-07-23,1.101,0.985,1.214,1.053,1.148,rt,
rimba,2026-07-24,1.098,0.986,1.209,1.054,1.143,rt,
rimba,2026-07-25,1.094,0.984,1.204,1.051,1.139,rt,
rimba,2026-07-26,1.088,0.976,1.204,1.044,1.134,rt,
rimba,2026-07-27,1.083,0.964,1.209,1.036,1.133,rt,
rimba,2026-07-28,1.081,0.969,1.199,1.034,1.128,rt,
rimba,2026-07-29,1.078,0.967,1.189,1.032,1.122,rt,
rimba,2026-07-30,1.075,0.963,1.186,1.027,1.12,rt,
rimba,2026-07-31,1.064,0.955,1.169,1.019,1.107,rt,
rimba,2026-08-01,1.055,0.939,1.158,1.009,1.096,rt,
rimba,2026-08-02,1.041,0.917,1.152,0.996,1.088,rt,
rimba,2026-08-03,1.025,0.895,1.145,0.977,1.074,rt,
rimba,2026-08-04,1.02,0.897,1.138,0.974,1.066,rt,
rimba,2026-08-05,1.015,0.898,1.127,0.969,1.058,rt,
rimba,2026-08-06,1.01,0.893,1.122,0.964,1.053,rt,
rimba,2026-08-07,0.998,0.889,1.1,0.953,1.04,rt,
rimba,2026-08-08,0.987,0.877,1.084,0.94,1.029,rt,
rimba,2026-08-09,0.975,0.861,1.077,0.928,1.018,rt,
rimba,2026-08-10,0.954,0.837,1.065,0.906,0.998,rt,
rimba,2026-08-11,0.944,0.831,1.05,0.898,0.988,rt,
rimba,2026-08-12,0.934,0.823,1.043,0.889,0.976,rt,
rimba,2026-08-13,0.923,0.814,1.035,0.88,0.967,rt,
rimba,2026-08-14,0.914,0.81,1.018,0.873,0.954,rt,
rimba,2026-08-15,0.902,0.8,1.006,0.863,0.943,rt,
rimba,2026-08-16,0.89,0.789,0.994,0.852,0.932,rt,
rimba,2026-08-17,0.888,0.782,0.995,0.846,0.931,rt,
rimba,2026-08-18,0.887,0.789,0.992,0.849,0.931,rt,
rimba,2026-08-19,0.89,0.792,0.998,0.851,0.931,rt,
rimba,2026-08-20,0.889,0.794,0.999,0.85,0.931,rt,
rimba,2026-08-21,0.894,0.801,0.999,0.857,0.933,rt,
rimba,2026-08-22,0.899,0.805,0.998,0.86,0.936,rt,
rimba,2026-08-23,0.898,0.803,1.003,0.86,0.938,rt,
rimba,2026-08-24,0.91,0.81,1.022,0.87,0.951,rt,
rimba,2026-08-25,0.93,0.833,1.038,0.89,0.969,rt,
rimba,2026-08-26,0.947,0.851,1.055,0.907,0.989,rt,
rimba,2026-08-27,0.964,0.863,1.075,0.923,1.009,rt,
rimba,2026-08-28,0.982,0.881,1.086,0.938,1.023,rt,
rimba,2026-08-29,0.999,0.894,1.1,0.951,1.04,rt,
rimba,2026-08-30,1.01,0.898,1.112,0.96,1.052,rt,
rimba,2026-08-31,1.007,0.89,1.113,0.955,1.052,rt,
rimba,2026-09-01,1.013,0.9,1.12,0.963,1.058,rt,
rimba,2026-09-02,1.017,0.907,1.13,0.97,1.065,rt,
rimba,2026-09-03,1.021,0.907,1.139,0.975,1.069,rt,
rimba,2026-09-04,1.017,0.908,1.132,0.972,1.062,rt,
rimba,2026-09-05,1.011,0.904,1.124,0.966,1.056,rt,
rimba,2026-09-06,1.001,0.89,1.117,0.954,1.047,rt,
rimba,2026-09-07,0.977,0.861,1.102,0.93,1.027,rt,
rimba,2026-09-08,0.96,0.847,1.079,0.912,1.009,rt,
rimba,2026-09-09,0.942,0.831,1.063,0.894,0.991,rt,
rimba,2026-09-10,0.922,0.81,1.045,0.872,0.973,rt,
rimba,2026-09-11,0.901,0.795,1.018,0.851,0.949,rt,
rimba,2026-09-12,0.876,0.772,0.996,0.827,0.927,rt,
rimba,2026-09-13,0.85,0.741,0.973,0.804,0.904,rt,
rimba,2026-09-14,0.831,0.711,0.962,0.784,0.885,rt,
rimba,2026-09-15,0.826,0.705,0.959,0.778,0.88,rt,
rimba,2026-09-16,0.822,0.697,0.959,0.773,0.874,rt,
rimba,2026-09-17,0.82,0.688,0.962,0.765,0.873,rt,
rimba,2026-09-18,0.821,0.684,0.965,0.764,0.876,rt,
rimba,2026-09-19,0.819,0.676,0.968,0.762,0.88,rt,
rimba,2026-09-20,0.819,0.668,0.981,0.758,0.886,rt,
rimba,2026-09-21,0.824,0.66,1.001,0.759,0.896,rt,
rimba,2026-09-22,0.83,0.656,1.015,0.76,0.906,rt,
rimba,2026-09-23,0.834,0.657,1.028,0.759,0.915,rt,
rimba,2026-09-24,0.837,0.654,1.042,0.758,0.922,rt,
rimba,2026-09-25,0.844,0.652,1.057,0.759,0.933,rt,
rimba,2026-09-26,0.848,0.644,1.075,0.76,0.941,rt,
rimba,2026-09-27,0.848,0.632,1.088,0.755,0.949,rt,
rimba,2026-09-28,0.843,0.61,1.097,0.744,0.948,rt,
rimba,2026-09-29,0.846,0.604,1.107,0.739,0.953,rt,
rimba,2026-09-30,0.84,0.592,1.118,0.733,0.954,rt,
rimba,2026-10-01,0.838,0.583,1.125,0.725,0.956,rt,
rimba,2026-10-02,0.837,0.576,1.148,0.721,0.959,rt,
rimba,2026-10-03,0.837,0.56,1.176,0.711,0.959,rt,
rimba,2026-10-04,0.835,0.537,1.206,0.706,0.96,rt,
rimba,2026-10-05,0.838,0.524,1.248,0.701,0.975,rt,
rimba,2026-10-06,0.864,0.53,1.243,0.717,1.012,rt,
rwampara,2026-04-20,2.643,1.659,5.99,2.102,3.487,rt,
rwampara,2026-04-21,2.622,1.682,5.686,2.093,3.421,rt,
rwampara,2026-04-22,2.598,1.68,5.402,2.1,3.344,rt,
rwampara,2026-04-23,2.566,1.69,5.126,2.096,3.249,rt,
rwampara,2026-04-24,2.569,1.69,4.905,2.106,3.195,rt,
rwampara,2026-04-25,2.569,1.69,4.729,2.117,3.151,rt,
rwampara,2026-04-26,2.558,1.682,4.615,2.124,3.116,rt,
rwampara,2026-04-27,2.532,1.647,4.478,2.105,3.068,rt,
rwampara,2026-04-28,2.514,1.659,4.334,2.104,3.02,rt,
rwampara,2026-04-29,2.493,1.673,4.221,2.106,2.967,rt,
rwampara,2026-04-30,2.477,1.676,4.078,2.098,2.93,rt,
rwampara,2026-05-01,2.478,1.708,4.03,2.104,2.926,rt,
rwampara,2026-05-02,2.483,1.719,4.019,2.106,2.939,rt,
rwampara,2026-05-03,2.492,1.712,4.001,2.104,2.928,rt,
rwampara,2026-05-04,2.489,1.677,3.975,2.095,2.939,rt,
rwampara,2026-05-05,2.481,1.703,3.825,2.105,2.923,rt,
rwampara,2026-05-06,2.472,1.729,3.749,2.116,2.901,rt,
rwampara,2026-05-07,2.447,1.731,3.733,2.114,2.87,rt,
rwampara,2026-05-08,2.417,1.734,3.605,2.085,2.805,rt,
rwampara,2026-05-09,2.382,1.734,3.531,2.074,2.767,rt,
rwampara,2026-05-10,2.35,1.7,3.493,2.052,2.726,rt,
rwampara,2026-05-11,2.234,1.61,3.35,1.955,2.603,rt,
rwampara,2026-05-12,2.139,1.56,3.101,1.882,2.458,rt,
rwampara,2026-05-13,2.06,1.518,2.884,1.816,2.346,rt,
rwampara,2026-05-14,1.977,1.476,2.708,1.75,2.247,rt,
rwampara,2026-05-15,1.895,1.424,2.564,1.685,2.131,rt,
rwampara,2026-05-16,1.818,1.366,2.448,1.628,2.049,rt,
rwampara,2026-05-17,1.744,1.29,2.38,1.556,1.965,rt,
rwampara,2026-05-18,1.678,1.218,2.332,1.476,1.894,rt,
rwampara,2026-05-19,1.614,1.196,2.173,1.441,1.815,rt,
rwampara,2026-05-20,1.551,1.173,2.048,1.397,1.737,rt,
rwampara,2026-05-21,1.491,1.152,1.924,1.353,1.667,rt,
rwampara,2026-05-22,1.433,1.118,1.832,1.293,1.589,rt,
rwampara,2026-05-23,1.369,1.067,1.748,1.232,1.528,rt,
rwampara,2026-05-24,1.309,0.999,1.705,1.172,1.469,rt,
rwampara,2026-05-25,1.242,0.916,1.663,1.099,1.41,rt,
rwampara,2026-05-26,1.235,0.934,1.61,1.104,1.387,rt,
rwampara,2026-05-27,1.226,0.95,1.564,1.104,1.37,rt,
rwampara,2026-05-28,1.217,0.96,1.531,1.104,1.355,rt,
rwampara,2026-05-29,1.217,0.951,1.511,1.1,1.344,rt,
rwampara,2026-05-30,1.217,0.931,1.502,1.084,1.336,rt,
rwampara,2026-05-31,1.21,0.907,1.515,1.065,1.33,rt,
rwampara,2026-06-01,1.204,0.884,1.554,1.058,1.351,rt,
rwampara,2026-06-02,1.244,0.963,1.556,1.121,1.369,rt,
rwampara,2026-06-03,1.285,1.035,1.564,1.176,1.39,rt,
rwampara,2026-06-04,1.32,1.093,1.577,1.224,1.419,rt,
rwampara,2026-06-05,1.352,1.138,1.609,1.264,1.456,rt,
rwampara,2026-06-06,1.381,1.157,1.669,1.287,1.494,rt,
rwampara,2026-06-07,1.406,1.163,1.715,1.299,1.529,rt,
rwampara,2026-06-08,1.426,1.152,1.772,1.303,1.565,rt,
rwampara,2026-06-09,1.414,1.166,1.716,1.305,1.535,rt,
rwampara,2026-06-10,1.397,1.174,1.667,1.296,1.508,rt,
rwampara,2026-06-11,1.381,1.166,1.645,1.286,1.479,rt,
rwampara,2026-06-12,1.364,1.154,1.623,1.274,1.462,rt,
rwampara,2026-06-13,1.347,1.134,1.619,1.254,1.448,rt,
rwampara,2026-06-14,1.327,1.094,1.622,1.223,1.442,rt,
rwampara,2026-06-15,1.308,1.05,1.638,1.197,1.433,rt,
rwampara,2026-06-16,1.268,1.04,1.551,1.17,1.377,rt,
rwampara,2026-06-17,1.229,1.025,1.483,1.14,1.329,rt,
rwampara,2026-06-18,1.19,1.008,1.422,1.112,1.283,rt,
rwampara,2026-06-19,1.154,0.981,1.368,1.075,1.237,rt,
rwampara,2026-06-20,1.115,0.934,1.326,1.037,1.204,rt,
rwampara,2026-06-21,1.082,0.888,1.305,0.996,1.169,rt,
rwampara,2026-06-22,1.062,0.842,1.309,0.966,1.158,rt,
rwampara,2026-06-23,1.073,0.878,1.294,0.987,1.158,rt,
rwampara,2026-06-24,1.084,0.903,1.288,1.006,1.161,rt,
rwampara,2026-06-25,1.096,0.915,1.283,1.02,1.172,rt,
rwampara,2026-06-26,1.106,0.927,1.297,1.033,1.176,rt,
rwampara,2026-06-27,1.115,0.932,1.313,1.039,1.193,rt,
rwampara,2026-06-28,1.12,0.924,1.336,1.037,1.209,rt,
rwampara,2026-06-29,1.108,0.892,1.352,1.013,1.205,rt,
rwampara,2026-06-30,1.107,0.911,1.329,1.029,1.193,rt,
rwampara,2026-07-01,1.108,0.94,1.323,1.041,1.189,rt,
rwampara,2026-07-02,1.114,0.956,1.308,1.051,1.188,rt,
rwampara,2026-07-03,1.123,0.967,1.303,1.06,1.194,rt,
rwampara,2026-07-04,1.13,0.967,1.317,1.058,1.211,rt,
rwampara,2026-07-05,1.136,0.961,1.359,1.058,1.226,rt,
rwampara,2026-07-06,1.152,0.945,1.416,1.064,1.256,rt,
rwampara,2026-07-07,1.159,0.974,1.381,1.081,1.248,rt,
rwampara,2026-07-08,1.167,0.997,1.373,1.094,1.243,rt,
rwampara,2026-07-09,1.171,1.01,1.361,1.1,1.243,rt,
rwampara,2026-07-10,1.172,1.013,1.357,1.105,1.248,rt,
rwampara,2026-07-11,1.175,1.007,1.369,1.105,1.256,rt,
rwampara,2026-07-12,1.179,0.992,1.392,1.096,1.264,rt,
rwampara,2026-07-13,1.166,0.96,1.409,1.072,1.266,rt,
rwampara,2026-07-14,1.139,0.954,1.359,1.058,1.225,rt,
rwampara,2026-07-15,1.114,0.939,1.315,1.039,1.186,rt,
rwampara,2026-07-16,1.086,0.924,1.279,1.018,1.153,rt,
rwampara,2026-07-17,1.061,0.901,1.249,0.994,1.129,rt,
rwampara,2026-07-18,1.033,0.867,1.225,0.967,1.108,rt,
rwampara,2026-07-19,1.006,0.827,1.208,0.932,1.091,rt,
rwampara,2026-07-20,0.984,0.791,1.218,0.904,1.083,rt,
rwampara,2026-07-21,0.962,0.787,1.168,0.891,1.05,rt,
rwampara,2026-07-22,0.941,0.782,1.13,0.874,1.02,rt,
rwampara,2026-07-23,0.921,0.767,1.096,0.853,0.991,rt,
rwampara,2026-07-24,0.902,0.751,1.076,0.831,0.964,rt,
rwampara,2026-07-25,0.877,0.726,1.061,0.807,0.945,rt,
rwampara,2026-07-26,0.854,0.691,1.053,0.78,0.928,rt,
rwampara,2026-07-27,0.83,0.654,1.053,0.751,0.918,rt,
rwampara,2026-07-28,0.818,0.661,1.014,0.749,0.895,rt,
rwampara,2026-07-29,0.806,0.657,0.978,0.745,0.878,rt,
rwampara,2026-07-30,0.796,0.653,0.959,0.735,0.859,rt,
rwampara,2026-07-31,0.781,0.641,0.93,0.719,0.838,rt,
rwampara,2026-08-01,0.762,0.623,0.916,0.702,0.821,rt,
rwampara,2026-08-02,0.744,0.596,0.911,0.679,0.807,rt,
rwampara,2026-08-03,0.722,0.565,0.912,0.654,0.793,rt,
rwampara,2026-08-04,0.718,0.573,0.887,0.656,0.783,rt,
rwampara,2026-08-05,0.715,0.58,0.869,0.655,0.773,rt,
rwampara,2026-08-06,0.708,0.579,0.859,0.652,0.765,rt,
rwampara,2026-08-07,0.702,0.572,0.846,0.645,0.754,rt,
rwampara,2026-08-08,0.692,0.559,0.847,0.636,0.748,rt,
rwampara,2026-08-09,0.681,0.537,0.847,0.623,0.743,rt,
rwampara,2026-08-10,0.667,0.51,0.847,0.601,0.732,rt,
rwampara,2026-08-11,0.665,0.519,0.826,0.603,0.724,rt,
rwampara,2026-08-12,0.661,0.526,0.807,0.607,0.719,rt,
rwampara,2026-08-13,0.658,0.522,0.795,0.603,0.716,rt,
rwampara,2026-08-14,0.657,0.524,0.791,0.599,0.716,rt,
rwampara,2026-08-15,0.651,0.515,0.79,0.594,0.712,rt,
rwampara,2026-08-16,0.646,0.5,0.798,0.586,0.711,rt,
rwampara,2026-08-17,0.648,0.489,0.815,0.58,0.717,rt,
rwampara,2026-08-18,0.66,0.508,0.813,0.596,0.724,rt,
rwampara,2026-08-19,0.669,0.53,0.818,0.61,0.732,rt,
rwampara,2026-08-20,0.679,0.547,0.826,0.622,0.741,rt,
rwampara,2026-08-21,0.694,0.562,0.847,0.637,0.754,rt,
rwampara,2026-08-22,0.706,0.569,0.871,0.647,0.769,rt,
rwampara,2026-08-23,0.719,0.563,0.9,0.654,0.786,rt,
rwampara,2026-08-24,0.738,0.563,0.947,0.669,0.816,rt,
rwampara,2026-08-25,0.766,0.597,0.952,0.698,0.837,rt,
rwampara,2026-08-26,0.79,0.629,0.97,0.724,0.862,rt,
rwampara,2026-08-27,0.816,0.661,0.989,0.748,0.887,rt,
rwampara,2026-08-28,0.842,0.685,1.01,0.771,0.912,rt,
rwampara,2026-08-29,0.865,0.702,1.048,0.792,0.94,rt,
rwampara,2026-08-30,0.885,0.711,1.095,0.803,0.969,rt,
rwampara,2026-08-31,0.892,0.694,1.135,0.803,0.983,rt,
rwampara,2026-09-01,0.919,0.732,1.139,0.836,1.002,rt,
rwampara,2026-09-02,0.942,0.767,1.157,0.866,1.022,rt,
rwampara,2026-09-03,0.967,0.794,1.174,0.888,1.048,rt,
rwampara,2026-09-04,0.986,0.811,1.189,0.908,1.064,rt,
rwampara,2026-09-05,1.0,0.819,1.218,0.919,1.089,rt,
rwampara,2026-09-06,1.008,0.805,1.249,0.924,1.105,rt,
rwampara,2026-09-07,1.003,0.773,1.285,0.91,1.112,rt,
rwampara,2026-09-08,0.998,0.789,1.248,0.912,1.096,rt,
rwampara,2026-09-09,0.995,0.798,1.216,0.911,1.082,rt,
rwampara,2026-09-10,0.986,0.793,1.197,0.903,1.067,rt,
rwampara,2026-09-11,0.971,0.781,1.179,0.889,1.053,rt,
rwampara,2026-09-12,0.952,0.753,1.173,0.871,1.04,rt,
rwampara,2026-09-13,0.933,0.714,1.184,0.847,1.03,rt,
rwampara,2026-09-14,0.915,0.672,1.213,0.816,1.029,rt,
rwampara,2026-09-15,0.918,0.689,1.189,0.822,1.026,rt,
rwampara,2026-09-16,0.921,0.693,1.185,0.825,1.028,rt,
rwampara,2026-09-17,0.926,0.691,1.191,0.828,1.037,rt,
rwampara,2026-09-18,0.936,0.685,1.212,0.831,1.05,rt,
rwampara,2026-09-19,0.94,0.679,1.256,0.828,1.066,rt,
rwampara,2026-09-20,0.947,0.663,1.318,0.826,1.087,rt,
rwampara,2026-09-21,0.962,0.645,1.402,0.823,1.119,rt,
rwampara,2026-09-22,0.957,0.636,1.377,0.821,1.11,rt,
rwampara,2026-09-23,0.953,0.634,1.368,0.812,1.112,rt,
rwampara,2026-09-24,0.947,0.614,1.379,0.802,1.107,rt,
rwampara,2026-09-25,0.935,0.597,1.418,0.793,1.105,rt,
rwampara,2026-09-26,0.929,0.575,1.439,0.777,1.112,rt,
rwampara,2026-09-27,0.924,0.546,1.471,0.757,1.111,rt,
rwampara,2026-09-28,0.912,0.502,1.505,0.72,1.11,rt,
rwampara,2026-09-29,0.898,0.489,1.501,0.716,1.106,rt,
rwampara,2026-09-30,0.888,0.474,1.504,0.7,1.098,rt,
rwampara,2026-10-01,0.883,0.46,1.511,0.69,1.099,rt,
rwampara,2026-10-02,0.873,0.441,1.522,0.672,1.107,rt,
rwampara,2026-10-03,0.862,0.412,1.553,0.656,1.12,rt,
rwampara,2026-10-04,0.851,0.377,1.595,0.636,1.117,rt,
rwampara,2026-10-05,0.854,0.358,1.662,0.625,1.13,rt,
rwampara,2026-10-06,0.845,0.335,1.744,0.597,1.161,rt,
tchomia,2026-06-09,2.188,1.488,3.226,1.855,2.564,rt,
tchomia,2026-06-10,2.121,1.478,3.031,1.82,2.471,rt,
tchomia,2026-06-11,2.059,1.468,2.907,1.772,2.384,rt,
tchomia,2026-06-12,2.009,1.437,2.874,1.729,2.319,rt,
tchomia,2026-06-13,1.963,1.386,2.822,1.684,2.255,rt,
tchomia,2026-06-14,1.895,1.307,2.793,1.628,2.211,rt,
tchomia,2026-06-15,1.849,1.216,2.81,1.564,2.166,rt,
tchomia,2026-06-16,1.766,1.204,2.57,1.517,2.047,rt,
tchomia,2026-06-17,1.696,1.184,2.407,1.468,1.934,rt,
tchomia,2026-06-18,1.625,1.154,2.255,1.408,1.84,rt,
tchomia,2026-06-19,1.546,1.118,2.141,1.342,1.755,rt,
tchomia,2026-06-20,1.478,1.057,2.053,1.279,1.692,rt,
tchomia,2026-06-21,1.4,0.986,1.963,1.223,1.623,rt,
tchomia,2026-06-22,1.35,0.925,1.96,1.177,1.584,rt,
tchomia,2026-06-23,1.338,0.942,1.888,1.175,1.545,rt,
tchomia,2026-06-24,1.329,0.955,1.836,1.169,1.525,rt,
tchomia,2026-06-25,1.317,0.958,1.804,1.162,1.505,rt,
tchomia,2026-06-26,1.304,0.944,1.798,1.149,1.488,rt,
tchomia,2026-06-27,1.283,0.928,1.793,1.134,1.475,rt,
tchomia,2026-06-28,1.27,0.902,1.795,1.108,1.464,rt,
tchomia,2026-06-29,1.229,0.841,1.782,1.053,1.434,rt,
tchomia,2026-06-30,1.202,0.851,1.682,1.042,1.382,rt,
tchomia,2026-07-01,1.174,0.848,1.595,1.027,1.329,rt,
tchomia,2026-07-02,1.146,0.843,1.532,1.01,1.294,rt,
tchomia,2026-07-03,1.125,0.831,1.485,0.992,1.262,rt,
tchomia,2026-07-04,1.102,0.816,1.469,0.97,1.24,rt,
tchomia,2026-07-05,1.075,0.789,1.473,0.942,1.219,rt,
tchomia,2026-07-06,1.062,0.759,1.468,0.921,1.211,rt,
tchomia,2026-07-07,1.054,0.772,1.429,0.921,1.192,rt,
tchomia,2026-07-08,1.041,0.777,1.405,0.923,1.177,rt,
tchomia,2026-07-09,1.033,0.77,1.384,0.917,1.166,rt,
tchomia,2026-07-10,1.023,0.756,1.354,0.907,1.153,rt,
tchomia,2026-07-11,1.015,0.73,1.368,0.891,1.148,rt,
tchomia,2026-07-12,0.999,0.699,1.373,0.875,1.142,rt,
tchomia,2026-07-13,0.978,0.66,1.387,0.847,1.131,rt,
tchomia,2026-07-14,0.97,0.679,1.334,0.849,1.11,rt,
tchomia,2026-07-15,0.963,0.693,1.292,0.85,1.089,rt,
tchomia,2026-07-16,0.957,0.692,1.265,0.844,1.073,rt,
tchomia,2026-07-17,0.946,0.682,1.256,0.837,1.065,rt,
tchomia,2026-07-18,0.935,0.672,1.262,0.826,1.061,rt,
tchomia,2026-07-19,0.923,0.652,1.271,0.812,1.054,rt,
tchomia,2026-07-20,0.919,0.63,1.288,0.802,1.064,rt,
tchomia,2026-07-21,0.923,0.648,1.25,0.811,1.047,rt,
tchomia,2026-07-22,0.924,0.66,1.228,0.815,1.041,rt,
tchomia,2026-07-23,0.924,0.667,1.212,0.814,1.038,rt,
tchomia,2026-07-24,0.922,0.675,1.219,0.815,1.041,rt,
tchomia,2026-07-25,0.919,0.677,1.243,0.81,1.043,rt,
tchomia,2026-07-26,0.916,0.661,1.264,0.801,1.047,rt,
tchomia,2026-07-27,0.913,0.634,1.3,0.789,1.058,rt,
tchomia,2026-07-28,0.919,0.656,1.269,0.804,1.054,rt,
tchomia,2026-07-29,0.927,0.673,1.252,0.817,1.052,rt,
tchomia,2026-07-30,0.933,0.68,1.244,0.824,1.052,rt,
tchomia,2026-07-31,0.935,0.679,1.232,0.821,1.051,rt,
tchomia,2026-08-01,0.931,0.675,1.242,0.815,1.055,rt,
tchomia,2026-08-02,0.924,0.661,1.273,0.802,1.058,rt,
tchomia,2026-08-03,0.919,0.64,1.308,0.785,1.059,rt,
tchomia,2026-08-04,0.916,0.656,1.26,0.794,1.05,rt,
tchomia,2026-08-05,0.914,0.665,1.235,0.799,1.04,rt,
tchomia,2026-08-06,0.92,0.665,1.225,0.799,1.034,rt,
tchomia,2026-08-07,0.908,0.659,1.226,0.799,1.024,rt,
tchomia,2026-08-08,0.897,0.649,1.239,0.788,1.022,rt,
tchomia,2026-08-09,0.888,0.626,1.257,0.776,1.025,rt,
tchomia,2026-08-10,0.873,0.594,1.258,0.75,1.02,rt,
tchomia,2026-08-11,0.862,0.599,1.212,0.75,0.992,rt,
tchomia,2026-08-12,0.854,0.606,1.178,0.749,0.974,rt,
tchomia,2026-08-13,0.844,0.612,1.155,0.742,0.96,rt,
tchomia,2026-08-14,0.834,0.603,1.144,0.727,0.951,rt,
tchomia,2026-08-15,0.822,0.592,1.137,0.715,0.946,rt,
tchomia,2026-08-16,0.809,0.568,1.146,0.702,0.942,rt,
tchomia,2026-08-17,0.802,0.544,1.185,0.689,0.949,rt,
tchomia,2026-08-18,0.81,0.559,1.155,0.696,0.942,rt,
tchomia,2026-08-19,0.81,0.573,1.126,0.701,0.94,rt,
tchomia,2026-08-20,0.811,0.577,1.142,0.703,0.931,rt,
tchomia,2026-08-21,0.816,0.579,1.145,0.709,0.937,rt,
tchomia,2026-08-22,0.813,0.583,1.163,0.709,0.941,rt,
tchomia,2026-08-23,0.811,0.567,1.19,0.706,0.945,rt,
tchomia,2026-08-24,0.827,0.558,1.242,0.707,0.966,rt,
tchomia,2026-08-25,0.823,0.57,1.203,0.71,0.956,rt,
tchomia,2026-08-26,0.821,0.576,1.178,0.71,0.95,rt,
tchomia,2026-08-27,0.823,0.575,1.159,0.709,0.943,rt,
tchomia,2026-08-28,0.818,0.563,1.148,0.705,0.94,rt,
tchomia,2026-08-29,0.81,0.549,1.149,0.696,0.934,rt,
tchomia,2026-08-30,0.797,0.531,1.168,0.681,0.931,rt,
tchomia,2026-08-31,0.774,0.501,1.185,0.653,0.92,rt,
tchomia,2026-09-01,0.76,0.505,1.127,0.646,0.897,rt,
tchomia,2026-09-02,0.747,0.499,1.081,0.635,0.872,rt,
tchomia,2026-09-03,0.731,0.492,1.047,0.623,0.849,rt,
tchomia,2026-09-04,0.709,0.478,1.022,0.604,0.821,rt,
tchomia,2026-09-05,0.685,0.456,0.989,0.581,0.797,rt,
tchomia,2026-09-06,0.662,0.429,0.977,0.556,0.778,rt,
tchomia,2026-09-07,0.627,0.399,0.964,0.519,0.747,rt,
tchomia,2026-09-08,0.611,0.396,0.93,0.51,0.727,rt,
tchomia,2026-09-09,0.593,0.391,0.888,0.499,0.704,rt,
tchomia,2026-09-10,0.58,0.383,0.87,0.483,0.683,rt,
tchomia,2026-09-11,0.562,0.368,0.843,0.469,0.665,rt,
tchomia,2026-09-12,0.542,0.349,0.825,0.448,0.651,rt,
tchomia,2026-09-13,0.521,0.327,0.804,0.429,0.633,rt,
tchomia,2026-09-14,0.504,0.302,0.804,0.411,0.619,rt,
tchomia,2026-09-15,0.506,0.31,0.793,0.418,0.62,rt,
tchomia,2026-09-16,0.514,0.317,0.793,0.425,0.622,rt,
tchomia,2026-09-17,0.521,0.319,0.802,0.429,0.626,rt,
tchomia,2026-09-18,0.532,0.322,0.819,0.437,0.641,rt,
tchomia,2026-09-19,0.54,0.325,0.85,0.442,0.65,rt,
tchomia,2026-09-20,0.549,0.319,0.879,0.443,0.66,rt,
tchomia,2026-09-21,0.558,0.32,0.923,0.445,0.682,rt,
tchomia,2026-09-22,0.564,0.326,0.946,0.452,0.693,rt,
tchomia,2026-09-23,0.569,0.329,0.964,0.455,0.705,rt,
tchomia,2026-09-24,0.578,0.335,0.989,0.457,0.715,rt,
tchomia,2026-09-25,0.584,0.327,1.008,0.456,0.729,rt,
tchomia,2026-09-26,0.588,0.319,1.052,0.457,0.739,rt,
tchomia,2026-09-27,0.591,0.311,1.109,0.454,0.759,rt,
tchomia,2026-09-28,0.594,0.302,1.165,0.447,0.767,rt,
tchomia,2026-09-29,0.597,0.301,1.149,0.453,0.76,rt,
tchomia,2026-09-30,0.6,0.298,1.151,0.455,0.767,rt,
tchomia,2026-10-01,0.603,0.294,1.163,0.452,0.772,rt,
tchomia,2026-10-02,0.605,0.291,1.183,0.454,0.784,rt,
tchomia,2026-10-03,0.606,0.286,1.215,0.455,0.796,rt,
tchomia,2026-10-04,0.608,0.276,1.24,0.446,0.81,rt,
tchomia,2026-10-05,0.62,0.267,1.31,0.443,0.841,rt,
tchomia,2026-10-06,0.645,0.274,1.414,0.463,0.893,rt,
alimbongo,2026-09-16,1.045,0.895,1.206,0.979,1.113,rt,
alimbongo,2026-09-17,1.066,0.904,1.246,0.994,1.139,rt,
alimbongo,2026-09-18,1.082,0.921,1.266,1.011,1.155,rt,
alimbongo,2026-09-19,1.099,0.93,1.289,1.022,1.176,rt,
alimbongo,2026-09-20,1.111,0.927,1.322,1.032,1.197,rt,
alimbongo,2026-09-21,1.131,0.925,1.359,1.045,1.224,rt,
alimbongo,2026-09-22,1.149,0.928,1.396,1.05,1.245,rt,
alimbongo,2026-09-23,1.163,0.928,1.436,1.058,1.27,rt,
alimbongo,2026-09-24,1.177,0.925,1.483,1.062,1.297,rt,
alimbongo,2026-09-25,1.183,0.914,1.517,1.07,1.311,rt,
alimbongo,2026-09-26,1.193,0.908,1.552,1.074,1.33,rt,
alimbongo,2026-09-27,1.201,0.902,1.583,1.075,1.35,rt,
alimbongo,2026-09-28,1.188,0.879,1.591,1.052,1.346,rt,
alimbongo,2026-09-29,1.179,0.86,1.598,1.037,1.341,rt,
alimbongo,2026-09-30,1.167,0.838,1.61,1.022,1.338,rt,
alimbongo,2026-10-01,1.156,0.817,1.616,1.007,1.334,rt,
alimbongo,2026-10-02,1.159,0.808,1.638,1.0,1.341,rt,
alimbongo,2026-10-03,1.17,0.788,1.68,0.984,1.356,rt,
alimbongo,2026-10-04,1.166,0.76,1.711,0.969,1.365,rt,
alimbongo,2026-10-05,1.162,0.74,1.756,0.958,1.382,rt,
alimbongo,2026-10-06,1.153,0.744,1.689,0.968,1.352,rt,
beni,2026-05-26,2.303,1.668,3.263,2.018,2.688,rt,
beni,2026-05-27,2.223,1.625,3.156,1.953,2.583,rt,
beni,2026-05-28,2.164,1.578,3.045,1.896,2.482,rt,
beni,2026-05-29,2.07,1.528,2.879,1.827,2.364,rt,
beni,2026-05-30,1.977,1.47,2.739,1.758,2.267,rt,
beni,2026-05-31,1.906,1.408,2.632,1.682,2.179,rt,
beni,2026-06-01,1.842,1.339,2.578,1.613,2.104,rt,
beni,2026-06-02,1.782,1.317,2.453,1.569,2.028,rt,
beni,2026-06-03,1.726,1.283,2.355,1.531,1.957,rt,
beni,2026-06-04,1.673,1.239,2.271,1.486,1.901,rt,
beni,2026-06-05,1.614,1.214,2.168,1.445,1.82,rt,
beni,2026-06-06,1.557,1.192,2.091,1.398,1.763,rt,
beni,2026-06-07,1.506,1.142,2.011,1.348,1.702,rt,
beni,2026-06-08,1.465,1.109,1.983,1.303,1.658,rt,
beni,2026-06-09,1.426,1.097,1.887,1.279,1.599,rt,
beni,2026-06-10,1.39,1.073,1.833,1.251,1.56,rt,
beni,2026-06-11,1.359,1.054,1.778,1.221,1.519,rt,
beni,2026-06-12,1.333,1.041,1.728,1.196,1.478,rt,
beni,2026-06-13,1.298,1.013,1.684,1.166,1.447,rt,
beni,2026-06-14,1.266,0.982,1.662,1.135,1.417,rt,
beni,2026-06-15,1.247,0.949,1.663,1.104,1.402,rt,
beni,2026-06-16,1.232,0.947,1.608,1.099,1.374,rt,
beni,2026-06-17,1.214,0.933,1.572,1.089,1.346,rt,
beni,2026-06-18,1.192,0.927,1.533,1.07,1.321,rt,
beni,2026-06-19,1.179,0.922,1.513,1.068,1.301,rt,
beni,2026-06-20,1.168,0.915,1.495,1.062,1.288,rt,
beni,2026-06-21,1.156,0.895,1.486,1.048,1.282,rt,
beni,2026-06-22,1.163,0.884,1.519,1.044,1.301,rt,
beni,2026-06-23,1.18,0.917,1.499,1.067,1.311,rt,
beni,2026-06-24,1.2,0.949,1.5,1.085,1.313,rt,
beni,2026-06-25,1.21,0.966,1.506,1.101,1.327,rt,
beni,2026-06-26,1.222,0.981,1.517,1.117,1.332,rt,
beni,2026-06-27,1.229,0.988,1.536,1.127,1.343,rt,
beni,2026-06-28,1.237,0.983,1.572,1.128,1.361,rt,
beni,2026-06-29,1.232,0.955,1.588,1.112,1.374,rt,
beni,2026-06-30,1.245,0.982,1.573,1.129,1.36,rt,
beni,2026-07-01,1.25,1.005,1.555,1.142,1.365,rt,
beni,2026-07-02,1.256,1.017,1.558,1.149,1.374,rt,
beni,2026-07-03,1.256,1.029,1.554,1.153,1.369,rt,
beni,2026-07-04,1.257,1.023,1.561,1.16,1.375,rt,
beni,2026-07-05,1.259,1.006,1.597,1.157,1.384,rt,
beni,2026-07-06,1.27,0.994,1.651,1.156,1.409,rt,
beni,2026-07-07,1.282,1.024,1.625,1.175,1.417,rt,
beni,2026-07-08,1.294,1.051,1.616,1.19,1.424,rt,
beni,2026-07-09,1.31,1.067,1.628,1.205,1.438,rt,
beni,2026-07-10,1.323,1.081,1.63,1.219,1.447,rt,
beni,2026-07-11,1.339,1.084,1.651,1.231,1.465,rt,
beni,2026-07-12,1.357,1.09,1.695,1.236,1.485,rt,
beni,2026-07-13,1.367,1.074,1.736,1.234,1.508,rt,
beni,2026-07-14,1.369,1.089,1.695,1.246,1.497,rt,
beni,2026-07-15,1.368,1.097,1.681,1.249,1.492,rt,
beni,2026-07-16,1.365,1.096,1.67,1.242,1.491,rt,
beni,2026-07-17,1.359,1.1,1.662,1.241,1.481,rt,
beni,2026-07-18,1.354,1.094,1.677,1.235,1.479,rt,
beni,2026-07-19,1.347,1.079,1.694,1.231,1.48,rt,
beni,2026-07-20,1.346,1.052,1.742,1.223,1.486,rt,
beni,2026-07-21,1.34,1.078,1.688,1.227,1.467,rt,
beni,2026-07-22,1.333,1.091,1.658,1.228,1.449,rt,
beni,2026-07-23,1.326,1.086,1.634,1.22,1.443,rt,
beni,2026-07-24,1.324,1.093,1.614,1.221,1.438,rt,
beni,2026-07-25,1.327,1.081,1.611,1.221,1.433,rt,
beni,2026-07-26,1.325,1.064,1.617,1.212,1.441,rt,
beni,2026-07-27,1.329,1.045,1.655,1.209,1.456,rt,
beni,2026-07-28,1.343,1.075,1.637,1.227,1.455,rt,
beni,2026-07-29,1.349,1.109,1.639,1.243,1.456,rt,
beni,2026-07-30,1.356,1.126,1.634,1.258,1.463,rt,
beni,2026-07-31,1.36,1.142,1.621,1.268,1.463,rt,
beni,2026-08-01,1.364,1.139,1.631,1.27,1.471,rt,
beni,2026-08-02,1.368,1.131,1.651,1.267,1.483,rt,
beni,2026-08-03,1.372,1.114,1.688,1.257,1.505,rt,
beni,2026-08-04,1.382,1.139,1.671,1.275,1.507,rt,
beni,2026-08-05,1.391,1.159,1.673,1.285,1.51,rt,
beni,2026-08-06,1.403,1.164,1.686,1.295,1.519,rt,
beni,2026-08-07,1.423,1.184,1.707,1.315,1.534,rt,
beni,2026-08-08,1.437,1.196,1.737,1.328,1.554,rt,
beni,2026-08-09,1.453,1.194,1.781,1.336,1.583,rt,
beni,2026-08-10,1.464,1.183,1.826,1.336,1.603,rt,
beni,2026-08-11,1.48,1.219,1.805,1.365,1.607,rt,
beni,2026-08-12,1.499,1.252,1.796,1.392,1.612,rt,
beni,2026-08-13,1.511,1.274,1.802,1.408,1.618,rt,
beni,2026-08-14,1.527,1.298,1.808,1.426,1.632,rt,
beni,2026-08-15,1.541,1.308,1.823,1.439,1.654,rt,
beni,2026-08-16,1.553,1.301,1.843,1.448,1.675,rt,
beni,2026-08-17,1.569,1.287,1.888,1.452,1.707,rt,
beni,2026-08-18,1.595,1.336,1.899,1.487,1.725,rt,
beni,2026-08-19,1.623,1.37,1.919,1.52,1.743,rt,
beni,2026-08-20,1.652,1.388,1.955,1.539,1.765,rt,
beni,2026-08-21,1.654,1.409,1.937,1.549,1.763,rt,
beni,2026-08-22,1.656,1.41,1.927,1.548,1.761,rt,
beni,2026-08-23,1.65,1.406,1.945,1.547,1.766,rt,
beni,2026-08-24,1.644,1.384,1.959,1.533,1.766,rt,
beni,2026-08-25,1.648,1.411,1.933,1.542,1.759,rt,
beni,2026-08-26,1.648,1.426,1.918,1.55,1.757,rt,
beni,2026-08-27,1.651,1.432,1.918,1.549,1.754,rt,
beni,2026-08-28,1.639,1.423,1.903,1.54,1.736,rt,
beni,2026-08-29,1.623,1.407,1.898,1.531,1.722,rt,
beni,2026-08-30,1.609,1.382,1.904,1.512,1.716,rt,
beni,2026-08-31,1.569,1.335,1.876,1.469,1.677,rt,
beni,2026-09-01,1.507,1.292,1.771,1.415,1.608,rt,
beni,2026-09-02,1.446,1.243,1.702,1.361,1.545,rt,
beni,2026-09-03,1.393,1.196,1.639,1.308,1.484,rt,
beni,2026-09-04,1.344,1.165,1.571,1.27,1.432,rt,
beni,2026-09-05,1.299,1.133,1.514,1.229,1.383,rt,
beni,2026-09-06,1.26,1.095,1.464,1.191,1.34,rt,
beni,2026-09-07,1.235,1.059,1.443,1.162,1.316,rt,
beni,2026-09-08,1.193,1.029,1.382,1.122,1.26,rt,
beni,2026-09-09,1.152,0.998,1.331,1.086,1.214,rt,
beni,2026-09-10,1.112,0.959,1.285,1.046,1.171,rt,
beni,2026-09-11,1.084,0.939,1.243,1.02,1.145,rt,
beni,2026-09-12,1.057,0.915,1.212,0.993,1.119,rt,
beni,2026-09-13,1.03,0.878,1.189,0.964,1.095,rt,
beni,2026-09-14,1.024,0.86,1.2,0.954,1.095,rt,
beni,2026-09-15,1.026,0.855,1.202,0.951,1.095,rt,
beni,2026-09-16,1.023,0.849,1.202,0.945,1.094,rt,
beni,2026-09-17,1.019,0.841,1.207,0.938,1.096,rt,
beni,2026-09-18,1.009,0.825,1.204,0.928,1.09,rt,
beni,2026-09-19,1.0,0.803,1.215,0.916,1.086,rt,
beni,2026-09-20,0.99,0.776,1.227,0.901,1.083,rt,
beni,2026-09-21,0.981,0.75,1.245,0.888,1.086,rt,
beni,2026-09-22,0.989,0.755,1.27,0.893,1.099,rt,
beni,2026-09-23,0.998,0.742,1.304,0.896,1.115,rt,
beni,2026-09-24,1.011,0.737,1.34,0.895,1.129,rt,
beni,2026-09-25,1.019,0.736,1.366,0.893,1.141,rt,
beni,2026-09-26,1.025,0.729,1.392,0.889,1.154,rt,
beni,2026-09-27,1.029,0.717,1.432,0.886,1.174,rt,
beni,2026-09-28,1.016,0.69,1.445,0.865,1.167,rt,
beni,2026-09-29,1.006,0.677,1.441,0.851,1.163,rt,
beni,2026-09-30,0.999,0.662,1.442,0.841,1.161,rt,
beni,2026-10-01,0.989,0.643,1.451,0.83,1.161,rt,
beni,2026-10-02,0.987,0.64,1.467,0.828,1.169,rt,
beni,2026-10-03,0.985,0.619,1.501,0.818,1.182,rt,
beni,2026-10-04,0.988,0.599,1.549,0.803,1.19,rt,
beni,2026-10-05,0.982,0.572,1.616,0.788,1.202,rt,
beni,2026-10-06,0.982,0.578,1.582,0.789,1.206,rt,
biena,2026-08-17,1.575,1.407,1.794,1.503,1.657,rt,
biena,2026-08-18,1.582,1.408,1.809,1.508,1.665,rt,
biena,2026-08-19,1.59,1.411,1.82,1.511,1.677,rt,
biena,2026-08-20,1.594,1.405,1.83,1.512,1.687,rt,
biena,2026-08-21,1.573,1.402,1.797,1.5,1.66,rt,
biena,2026-08-22,1.554,1.396,1.77,1.484,1.638,rt,
biena,2026-08-23,1.537,1.376,1.75,1.466,1.618,rt,
biena,2026-08-24,1.511,1.345,1.724,1.438,1.594,rt,
biena,2026-08-25,1.48,1.32,1.685,1.411,1.561,rt,
biena,2026-08-26,1.449,1.293,1.651,1.38,1.532,rt,
biena,2026-08-27,1.418,1.256,1.619,1.348,1.505,rt,
biena,2026-08-28,1.376,1.228,1.566,1.313,1.459,rt,
biena,2026-08-29,1.34,1.191,1.519,1.276,1.416,rt,
biena,2026-08-30,1.302,1.149,1.477,1.238,1.372,rt,
biena,2026-08-31,1.242,1.087,1.418,1.181,1.313,rt,
biena,2026-09-01,1.193,1.043,1.366,1.132,1.257,rt,
biena,2026-09-02,1.148,1.001,1.317,1.087,1.212,rt,
biena,2026-09-03,1.104,0.959,1.272,1.043,1.169,rt,
biena,2026-09-04,1.067,0.935,1.216,1.012,1.125,rt,
biena,2026-09-05,1.032,0.91,1.169,0.98,1.086,rt,
biena,2026-09-06,0.999,0.885,1.127,0.95,1.051,rt,
biena,2026-09-07,0.979,0.866,1.108,0.928,1.032,rt,
biena,2026-09-08,0.968,0.857,1.1,0.919,1.021,rt,
biena,2026-09-09,0.955,0.848,1.09,0.91,1.011,rt,
biena,2026-09-10,0.948,0.834,1.085,0.899,1.004,rt,
biena,2026-09-11,0.952,0.835,1.083,0.901,1.001,rt,
biena,2026-09-12,0.952,0.837,1.083,0.901,1.001,rt,
biena,2026-09-13,0.954,0.83,1.085,0.901,1.004,rt,
biena,2026-09-14,0.974,0.839,1.119,0.916,1.032,rt,
biena,2026-09-15,0.994,0.855,1.15,0.936,1.056,rt,
biena,2026-09-16,1.017,0.867,1.183,0.953,1.081,rt,
biena,2026-09-17,1.036,0.875,1.217,0.97,1.106,rt,
biena,2026-09-18,1.051,0.898,1.236,0.984,1.125,rt,
biena,2026-09-19,1.068,0.902,1.258,0.996,1.143,rt,
biena,2026-09-20,1.083,0.901,1.29,1.006,1.166,rt,
biena,2026-09-21,1.103,0.901,1.33,1.016,1.192,rt,
biena,2026-09-22,1.118,0.901,1.364,1.024,1.214,rt,
biena,2026-09-23,1.131,0.902,1.397,1.032,1.235,rt,
biena,2026-09-24,1.145,0.899,1.439,1.035,1.263,rt,
biena,2026-09-25,1.155,0.891,1.468,1.038,1.278,rt,
biena,2026-09-26,1.163,0.88,1.5,1.044,1.292,rt,
biena,2026-09-27,1.17,0.872,1.538,1.043,1.313,rt,
biena,2026-09-28,1.157,0.853,1.545,1.025,1.312,rt,
biena,2026-09-29,1.143,0.833,1.56,1.01,1.308,rt,
biena,2026-09-30,1.133,0.813,1.565,0.993,1.302,rt,
biena,2026-10-01,1.123,0.796,1.565,0.979,1.299,rt,
biena,2026-10-02,1.126,0.783,1.596,0.968,1.305,rt,
biena,2026-10-03,1.134,0.762,1.611,0.959,1.322,rt,
biena,2026-10-04,1.133,0.734,1.665,0.941,1.329,rt,
biena,2026-10-05,1.131,0.71,1.713,0.923,1.339,rt,
biena,2026-10-06,1.116,0.718,1.647,0.932,1.309,rt,
butembo,2026-05-27,2.719,2.003,3.695,2.399,3.107,rt,
butembo,2026-05-28,2.632,1.943,3.566,2.328,3.008,rt,
butembo,2026-05-29,2.523,1.894,3.366,2.248,2.861,rt,
butembo,2026-05-30,2.414,1.844,3.179,2.169,2.722,rt,
butembo,2026-05-31,2.323,1.771,3.045,2.087,2.608,rt,
butembo,2026-06-01,2.242,1.718,2.937,2.011,2.5,rt,
butembo,2026-06-02,2.153,1.675,2.811,1.943,2.4,rt,
butembo,2026-06-03,2.082,1.621,2.7,1.874,2.316,rt,
butembo,2026-06-04,2.01,1.57,2.605,1.812,2.231,rt,
butembo,2026-06-05,1.93,1.53,2.483,1.746,2.129,rt,
butembo,2026-06-06,1.855,1.484,2.361,1.684,2.041,rt,
butembo,2026-06-07,1.781,1.428,2.263,1.621,1.962,rt,
butembo,2026-06-08,1.721,1.378,2.186,1.572,1.899,rt,
butembo,2026-06-09,1.673,1.344,2.105,1.53,1.835,rt,
butembo,2026-06-10,1.622,1.309,2.024,1.486,1.776,rt,
butembo,2026-06-11,1.577,1.279,1.958,1.443,1.72,rt,
butembo,2026-06-12,1.534,1.255,1.884,1.41,1.671,rt,
butembo,2026-06-13,1.491,1.225,1.827,1.379,1.622,rt,
butembo,2026-06-14,1.451,1.196,1.761,1.344,1.579,rt,
butembo,2026-06-15,1.422,1.166,1.734,1.317,1.548,rt,
butembo,2026-06-16,1.403,1.152,1.696,1.3,1.521,rt,
butembo,2026-06-17,1.381,1.136,1.659,1.278,1.49,rt,
butembo,2026-06-18,1.358,1.115,1.627,1.256,1.466,rt,
butembo,2026-06-19,1.344,1.123,1.588,1.251,1.447,rt,
butembo,2026-06-20,1.325,1.12,1.563,1.238,1.426,rt,
butembo,2026-06-21,1.314,1.111,1.546,1.221,1.409,rt,
butembo,2026-06-22,1.322,1.113,1.556,1.228,1.422,rt,
butembo,2026-06-23,1.33,1.129,1.563,1.243,1.433,rt,
butembo,2026-06-24,1.342,1.14,1.569,1.251,1.441,rt,
butembo,2026-06-25,1.349,1.142,1.583,1.257,1.448,rt,
butembo,2026-06-26,1.356,1.165,1.575,1.27,1.448,rt,
butembo,2026-06-27,1.359,1.169,1.583,1.277,1.449,rt,
butembo,2026-06-28,1.362,1.166,1.588,1.283,1.454,rt,
butembo,2026-06-29,1.349,1.15,1.583,1.269,1.44,rt,
butembo,2026-06-30,1.336,1.145,1.555,1.257,1.424,rt,
butembo,2026-07-01,1.324,1.141,1.54,1.248,1.409,rt,
butembo,2026-07-02,1.314,1.131,1.533,1.235,1.399,rt,
butembo,2026-07-03,1.297,1.133,1.499,1.226,1.376,rt,
butembo,2026-07-04,1.283,1.115,1.478,1.215,1.359,rt,
butembo,2026-07-05,1.267,1.099,1.468,1.201,1.345,rt,
butembo,2026-07-06,1.262,1.083,1.462,1.192,1.339,rt,
butembo,2026-07-07,1.256,1.079,1.448,1.185,1.329,rt,
butembo,2026-07-08,1.248,1.071,1.439,1.176,1.317,rt,
butembo,2026-07-09,1.239,1.061,1.431,1.166,1.308,rt,
butembo,2026-07-10,1.234,1.061,1.415,1.163,1.299,rt,
butembo,2026-07-11,1.226,1.057,1.4,1.159,1.291,rt,
butembo,2026-07-12,1.219,1.046,1.391,1.152,1.288,rt,
butembo,2026-07-13,1.205,1.029,1.382,1.135,1.281,rt,
butembo,2026-07-14,1.196,1.025,1.369,1.129,1.267,rt,
butembo,2026-07-15,1.187,1.014,1.361,1.119,1.257,rt,
butembo,2026-07-16,1.178,1.003,1.359,1.11,1.252,rt,
butembo,2026-07-17,1.169,1.007,1.335,1.103,1.235,rt,
butembo,2026-07-18,1.159,1.005,1.315,1.095,1.223,rt,
butembo,2026-07-19,1.148,0.994,1.309,1.084,1.211,rt,
butembo,2026-07-20,1.14,0.979,1.311,1.075,1.206,rt,
butembo,2026-07-21,1.141,0.985,1.304,1.077,1.204,rt,
butembo,2026-07-22,1.139,0.979,1.304,1.077,1.203,rt,
butembo,2026-07-23,1.138,0.975,1.301,1.075,1.203,rt,
butembo,2026-07-24,1.142,0.989,1.292,1.083,1.203,rt,
butembo,2026-07-25,1.145,0.998,1.293,1.086,1.204,rt,
butembo,2026-07-26,1.147,0.995,1.298,1.088,1.209,rt,
butembo,2026-07-27,1.156,0.994,1.319,1.092,1.22,rt,
butembo,2026-07-28,1.169,1.012,1.331,1.106,1.231,rt,
butembo,2026-07-29,1.179,1.024,1.35,1.117,1.243,rt,
butembo,2026-07-30,1.19,1.03,1.365,1.125,1.258,rt,
butembo,2026-07-31,1.196,1.05,1.363,1.134,1.263,rt,
butembo,2026-08-01,1.203,1.062,1.37,1.137,1.27,rt,
butembo,2026-08-02,1.209,1.065,1.388,1.144,1.279,rt,
butembo,2026-08-03,1.214,1.063,1.412,1.148,1.291,rt,
butembo,2026-08-04,1.219,1.076,1.408,1.154,1.297,rt,
butembo,2026-08-05,1.225,1.076,1.408,1.158,1.301,rt,
butembo,2026-08-06,1.229,1.072,1.414,1.162,1.307,rt,
butembo,2026-08-07,1.237,1.089,1.42,1.178,1.313,rt,
butembo,2026-08-08,1.253,1.096,1.438,1.187,1.322,rt,
butembo,2026-08-09,1.261,1.108,1.452,1.196,1.335,rt,
butembo,2026-08-10,1.263,1.1,1.471,1.193,1.344,rt,
butembo,2026-08-11,1.257,1.099,1.452,1.191,1.339,rt,
butembo,2026-08-12,1.255,1.096,1.445,1.187,1.334,rt,
butembo,2026-08-13,1.248,1.087,1.443,1.179,1.326,rt,
butembo,2026-08-14,1.243,1.086,1.433,1.174,1.314,rt,
butembo,2026-08-15,1.234,1.081,1.427,1.169,1.305,rt,
butembo,2026-08-16,1.224,1.07,1.424,1.158,1.302,rt,
butembo,2026-08-17,1.217,1.052,1.432,1.145,1.302,rt,
butembo,2026-08-18,1.206,1.039,1.41,1.135,1.287,rt,
butembo,2026-08-19,1.194,1.028,1.389,1.122,1.276,rt,
butembo,2026-08-20,1.18,1.011,1.374,1.106,1.259,rt,
butembo,2026-08-21,1.149,0.993,1.331,1.078,1.221,rt,
butembo,2026-08-22,1.115,0.963,1.296,1.05,1.187,rt,
butembo,2026-08-23,1.085,0.931,1.267,1.02,1.157,rt,
butembo,2026-08-24,1.05,0.894,1.238,0.982,1.124,rt,
butembo,2026-08-25,1.02,0.864,1.196,0.953,1.089,rt,
butembo,2026-08-26,0.99,0.841,1.16,0.926,1.058,rt,
butembo,2026-08-27,0.961,0.809,1.12,0.894,1.026,rt,
butembo,2026-08-28,0.926,0.772,1.078,0.861,0.99,rt,
butembo,2026-08-29,0.889,0.736,1.041,0.829,0.952,rt,
butembo,2026-08-30,0.855,0.701,1.011,0.795,0.917,rt,
butembo,2026-08-31,0.81,0.652,0.975,0.747,0.872,rt,
butembo,2026-09-01,0.781,0.633,0.933,0.723,0.84,rt,
butembo,2026-09-02,0.754,0.616,0.898,0.699,0.813,rt,
butembo,2026-09-03,0.73,0.596,0.872,0.677,0.787,rt,
butembo,2026-09-04,0.709,0.579,0.843,0.66,0.765,rt,
butembo,2026-09-05,0.691,0.564,0.821,0.643,0.742,rt,
butembo,2026-09-06,0.674,0.545,0.808,0.624,0.725,rt,
butembo,2026-09-07,0.664,0.526,0.808,0.611,0.718,rt,
butembo,2026-09-08,0.668,0.54,0.805,0.618,0.724,rt,
butembo,2026-09-09,0.673,0.546,0.809,0.623,0.73,rt,
butembo,2026-09-10,0.679,0.553,0.817,0.628,0.739,rt,
butembo,2026-09-11,0.693,0.564,0.837,0.643,0.752,rt,
butembo,2026-09-12,0.707,0.573,0.86,0.651,0.766,rt,
butembo,2026-09-13,0.724,0.574,0.89,0.66,0.784,rt,
butembo,2026-09-14,0.752,0.59,0.943,0.684,0.82,rt,
butembo,2026-09-15,0.78,0.619,0.972,0.711,0.853,rt,
butembo,2026-09-16,0.809,0.639,1.014,0.736,0.888,rt,
butembo,2026-09-17,0.84,0.656,1.06,0.758,0.924,rt,
butembo,2026-09-18,0.868,0.681,1.092,0.782,0.958,rt,
butembo,2026-09-19,0.896,0.693,1.144,0.802,0.993,rt,
butembo,2026-09-20,0.925,0.704,1.196,0.82,1.03,rt,
butembo,2026-09-21,0.957,0.709,1.259,0.837,1.079,rt,
butembo,2026-09-22,0.971,0.714,1.289,0.854,1.096,rt,
butembo,2026-09-23,0.988,0.716,1.32,0.865,1.116,rt,
butembo,2026-09-24,1.007,0.717,1.363,0.879,1.136,rt,
butembo,2026-09-25,1.019,0.718,1.406,0.885,1.154,rt,
butembo,2026-09-26,1.031,0.714,1.443,0.891,1.181,rt,
butembo,2026-09-27,1.042,0.707,1.484,0.894,1.205,rt,
butembo,2026-09-28,1.039,0.681,1.505,0.88,1.21,rt,
butembo,2026-09-29,1.026,0.671,1.505,0.867,1.214,rt,
butembo,2026-09-30,1.016,0.653,1.505,0.858,1.21,rt,
butembo,2026-10-01,1.014,0.642,1.509,0.85,1.209,rt,
butembo,2026-10-02,1.018,0.634,1.522,0.841,1.22,rt,
butembo,2026-10-03,1.024,0.624,1.557,0.839,1.228,rt,
butembo,2026-10-04,1.024,0.597,1.593,0.828,1.242,rt,
butembo,2026-10-05,1.021,0.579,1.65,0.818,1.257,rt,
butembo,2026-10-06,1.026,0.586,1.647,0.82,1.255,rt,
kalunguta,2026-07-21,1.466,1.188,1.848,1.342,1.616,rt,
kalunguta,2026-07-22,1.462,1.186,1.831,1.346,1.608,rt,
kalunguta,2026-07-23,1.462,1.182,1.823,1.347,1.606,rt,
kalunguta,2026-07-24,1.466,1.188,1.812,1.348,1.609,rt,
kalunguta,2026-07-25,1.475,1.181,1.812,1.351,1.612,rt,
kalunguta,2026-07-26,1.475,1.179,1.834,1.35,1.617,rt,
kalunguta,2026-07-27,1.485,1.177,1.874,1.354,1.632,rt,
kalunguta,2026-07-28,1.495,1.202,1.865,1.368,1.643,rt,
kalunguta,2026-07-29,1.507,1.221,1.869,1.383,1.657,rt,
kalunguta,2026-07-30,1.518,1.235,1.881,1.395,1.665,rt,
kalunguta,2026-07-31,1.526,1.25,1.878,1.403,1.663,rt,
kalunguta,2026-08-01,1.531,1.246,1.889,1.411,1.672,rt,
kalunguta,2026-08-02,1.542,1.245,1.906,1.413,1.679,rt,
kalunguta,2026-08-03,1.545,1.23,1.934,1.411,1.693,rt,
kalunguta,2026-08-04,1.556,1.253,1.92,1.429,1.7,rt,
kalunguta,2026-08-05,1.565,1.271,1.916,1.444,1.702,rt,
kalunguta,2026-08-06,1.572,1.286,1.936,1.45,1.705,rt,
kalunguta,2026-08-07,1.591,1.31,1.943,1.47,1.724,rt,
kalunguta,2026-08-08,1.61,1.328,1.977,1.486,1.747,rt,
kalunguta,2026-08-09,1.627,1.331,2.005,1.5,1.773,rt,
kalunguta,2026-08-10,1.639,1.327,2.041,1.505,1.793,rt,
kalunguta,2026-08-11,1.655,1.355,2.04,1.529,1.804,rt,
kalunguta,2026-08-12,1.675,1.38,2.036,1.55,1.818,rt,
kalunguta,2026-08-13,1.688,1.394,2.044,1.567,1.829,rt,
kalunguta,2026-08-14,1.704,1.421,2.051,1.583,1.843,rt,
kalunguta,2026-08-15,1.718,1.429,2.073,1.598,1.858,rt,
kalunguta,2026-08-16,1.733,1.43,2.111,1.606,1.878,rt,
kalunguta,2026-08-17,1.748,1.423,2.175,1.617,1.904,rt,
kalunguta,2026-08-18,1.767,1.444,2.181,1.638,1.916,rt,
kalunguta,2026-08-19,1.782,1.466,2.199,1.652,1.931,rt,
kalunguta,2026-08-20,1.797,1.478,2.218,1.661,1.944,rt,
kalunguta,2026-08-21,1.785,1.477,2.196,1.653,1.927,rt,
kalunguta,2026-08-22,1.77,1.467,2.185,1.638,1.917,rt,
kalunguta,2026-08-23,1.758,1.455,2.167,1.622,1.912,rt,
kalunguta,2026-08-24,1.735,1.417,2.17,1.593,1.893,rt,
kalunguta,2026-08-25,1.71,1.413,2.121,1.576,1.856,rt,
kalunguta,2026-08-26,1.683,1.395,2.08,1.554,1.824,rt,
kalunguta,2026-08-27,1.655,1.373,2.05,1.527,1.797,rt,
kalunguta,2026-08-28,1.623,1.342,2.009,1.496,1.748,rt,
kalunguta,2026-08-29,1.585,1.304,1.971,1.459,1.711,rt,
kalunguta,2026-08-30,1.545,1.257,1.944,1.419,1.683,rt,
kalunguta,2026-08-31,1.478,1.186,1.891,1.354,1.623,rt,
kalunguta,2026-09-01,1.418,1.142,1.797,1.3,1.55,rt,
kalunguta,2026-09-02,1.359,1.106,1.708,1.25,1.488,rt,
kalunguta,2026-09-03,1.307,1.063,1.629,1.201,1.431,rt,
kalunguta,2026-09-04,1.259,1.034,1.567,1.161,1.375,rt,
kalunguta,2026-09-05,1.217,0.999,1.505,1.122,1.325,rt,
kalunguta,2026-09-06,1.176,0.963,1.457,1.081,1.284,rt,
kalunguta,2026-09-07,1.15,0.925,1.435,1.053,1.263,rt,
kalunguta,2026-09-08,1.128,0.914,1.395,1.035,1.234,rt,
kalunguta,2026-09-09,1.11,0.902,1.363,1.016,1.213,rt,
kalunguta,2026-09-10,1.093,0.886,1.342,0.999,1.188,rt,
kalunguta,2026-09-11,1.086,0.884,1.33,0.994,1.175,rt,
kalunguta,2026-09-12,1.077,0.872,1.321,0.987,1.171,rt,
kalunguta,2026-09-13,1.065,0.857,1.329,0.974,1.166,rt,
kalunguta,2026-09-14,1.081,0.854,1.367,0.983,1.188,rt,
kalunguta,2026-09-15,1.1,0.869,1.38,1.0,1.207,rt,
kalunguta,2026-09-16,1.118,0.885,1.388,1.012,1.225,rt,
kalunguta,2026-09-17,1.132,0.889,1.409,1.025,1.239,rt,
kalunguta,2026-09-18,1.142,0.897,1.434,1.039,1.25,rt,
kalunguta,2026-09-19,1.152,0.893,1.458,1.049,1.268,rt,
kalunguta,2026-09-20,1.165,0.887,1.497,1.048,1.284,rt,
kalunguta,2026-09-21,1.178,0.876,1.544,1.049,1.309,rt,
kalunguta,2026-09-22,1.192,0.879,1.555,1.055,1.33,rt,
kalunguta,2026-09-23,1.205,0.882,1.576,1.061,1.345,rt,
kalunguta,2026-09-24,1.217,0.875,1.605,1.063,1.367,rt,
kalunguta,2026-09-25,1.223,0.867,1.646,1.066,1.381,rt,
kalunguta,2026-09-26,1.224,0.855,1.672,1.059,1.397,rt,
kalunguta,2026-09-27,1.232,0.848,1.73,1.061,1.413,rt,
kalunguta,2026-09-28,1.212,0.826,1.753,1.034,1.404,rt,
kalunguta,2026-09-29,1.203,0.809,1.734,1.022,1.393,rt,
kalunguta,2026-09-30,1.189,0.789,1.73,1.013,1.384,rt,
kalunguta,2026-10-01,1.177,0.774,1.728,0.999,1.378,rt,
kalunguta,2026-10-02,1.176,0.761,1.755,0.987,1.383,rt,
kalunguta,2026-10-03,1.171,0.744,1.763,0.977,1.389,rt,
kalunguta,2026-10-04,1.173,0.709,1.798,0.961,1.397,rt,
kalunguta,2026-10-05,1.17,0.683,1.825,0.943,1.404,rt,
kalunguta,2026-10-06,1.148,0.668,1.814,0.93,1.384,rt,
katwa,2026-05-23,3.09,2.343,4.199,2.743,3.484,rt,
katwa,2026-05-24,3.009,2.272,4.095,2.68,3.397,rt,
katwa,2026-05-25,2.917,2.204,3.946,2.594,3.286,rt,
katwa,2026-05-26,2.822,2.143,3.801,2.522,3.182,rt,
katwa,2026-05-27,2.737,2.094,3.683,2.444,3.083,rt,
katwa,2026-05-28,2.66,2.035,3.566,2.38,2.98,rt,
katwa,2026-05-29,2.561,1.978,3.394,2.301,2.846,rt,
katwa,2026-05-30,2.468,1.925,3.221,2.227,2.733,rt,
katwa,2026-05-31,2.38,1.861,3.088,2.142,2.631,rt,
katwa,2026-06-01,2.301,1.796,2.984,2.071,2.543,rt,
katwa,2026-06-02,2.234,1.754,2.885,2.008,2.454,rt,
katwa,2026-06-03,2.172,1.712,2.794,1.95,2.382,rt,
katwa,2026-06-04,2.103,1.66,2.71,1.895,2.313,rt,
katwa,2026-06-05,2.032,1.63,2.597,1.847,2.221,rt,
katwa,2026-06-06,1.967,1.59,2.474,1.789,2.144,rt,
katwa,2026-06-07,1.91,1.545,2.402,1.731,2.072,rt,
katwa,2026-06-08,1.854,1.505,2.324,1.695,2.019,rt,
katwa,2026-06-09,1.803,1.475,2.246,1.654,1.966,rt,
katwa,2026-06-10,1.758,1.439,2.171,1.614,1.912,rt,
katwa,2026-06-11,1.711,1.401,2.108,1.576,1.866,rt,
katwa,2026-06-12,1.674,1.377,2.031,1.553,1.809,rt,
katwa,2026-06-13,1.634,1.36,1.969,1.52,1.765,rt,
katwa,2026-06-14,1.596,1.334,1.906,1.484,1.72,rt,
katwa,2026-06-15,1.574,1.31,1.867,1.463,1.687,rt,
katwa,2026-06-16,1.547,1.297,1.835,1.441,1.656,rt,
katwa,2026-06-17,1.521,1.272,1.798,1.417,1.625,rt,
katwa,2026-06-18,1.494,1.249,1.768,1.393,1.6,rt,
katwa,2026-06-19,1.481,1.255,1.723,1.386,1.573,rt,
katwa,2026-06-20,1.463,1.255,1.69,1.374,1.554,rt,
katwa,2026-06-21,1.449,1.243,1.659,1.36,1.533,rt,
katwa,2026-06-22,1.454,1.249,1.674,1.368,1.543,rt,
katwa,2026-06-23,1.46,1.265,1.686,1.375,1.549,rt,
katwa,2026-06-24,1.468,1.273,1.703,1.384,1.554,rt,
katwa,2026-06-25,1.469,1.273,1.722,1.386,1.561,rt,
katwa,2026-06-26,1.472,1.288,1.712,1.391,1.559,rt,
katwa,2026-06-27,1.473,1.293,1.701,1.394,1.562,rt,
katwa,2026-06-28,1.476,1.293,1.698,1.395,1.563,rt,
katwa,2026-06-29,1.455,1.275,1.679,1.376,1.544,rt,
katwa,2026-06-30,1.438,1.261,1.656,1.359,1.524,rt,
katwa,2026-07-01,1.421,1.242,1.636,1.345,1.505,rt,
katwa,2026-07-02,1.406,1.222,1.62,1.329,1.484,rt,
katwa,2026-07-03,1.385,1.219,1.572,1.317,1.455,rt,
katwa,2026-07-04,1.365,1.208,1.541,1.302,1.434,rt,
katwa,2026-07-05,1.344,1.196,1.521,1.282,1.41,rt,
katwa,2026-07-06,1.331,1.183,1.51,1.269,1.4,rt,
katwa,2026-07-07,1.324,1.177,1.503,1.26,1.391,rt,
katwa,2026-07-08,1.317,1.169,1.498,1.25,1.38,rt,
katwa,2026-07-09,1.31,1.155,1.497,1.241,1.376,rt,
katwa,2026-07-10,1.303,1.155,1.474,1.241,1.367,rt,
katwa,2026-07-11,1.295,1.155,1.46,1.238,1.359,rt,
katwa,2026-07-12,1.289,1.147,1.451,1.232,1.353,rt,
katwa,2026-07-13,1.279,1.129,1.448,1.218,1.343,rt,
katwa,2026-07-14,1.271,1.118,1.445,1.207,1.336,rt,
katwa,2026-07-15,1.263,1.108,1.437,1.198,1.329,rt,
katwa,2026-07-16,1.255,1.093,1.438,1.189,1.322,rt,
katwa,2026-07-17,1.246,1.095,1.409,1.182,1.307,rt,
katwa,2026-07-18,1.236,1.098,1.391,1.174,1.299,rt,
katwa,2026-07-19,1.225,1.09,1.376,1.166,1.288,rt,
katwa,2026-07-20,1.217,1.076,1.378,1.157,1.283,rt,
katwa,2026-07-21,1.211,1.07,1.372,1.155,1.275,rt,
katwa,2026-07-22,1.204,1.06,1.368,1.149,1.268,rt,
katwa,2026-07-23,1.198,1.05,1.371,1.142,1.261,rt,
katwa,2026-07-24,1.197,1.052,1.351,1.145,1.258,rt,
katwa,2026-07-25,1.194,1.054,1.343,1.143,1.253,rt,
katwa,2026-07-26,1.192,1.054,1.345,1.137,1.25,rt,
katwa,2026-07-27,1.195,1.055,1.359,1.138,1.255,rt,
katwa,2026-07-28,1.195,1.06,1.354,1.14,1.255,rt,
katwa,2026-07-29,1.194,1.057,1.356,1.139,1.255,rt,
katwa,2026-07-30,1.195,1.054,1.359,1.137,1.256,rt,
katwa,2026-07-31,1.19,1.058,1.341,1.137,1.244,rt,
katwa,2026-08-01,1.187,1.056,1.329,1.133,1.24,rt,
katwa,2026-08-02,1.18,1.05,1.326,1.126,1.236,rt,
katwa,2026-08-03,1.175,1.037,1.326,1.119,1.235,rt,
katwa,2026-08-04,1.169,1.036,1.318,1.113,1.227,rt,
katwa,2026-08-05,1.162,1.028,1.314,1.106,1.221,rt,
katwa,2026-08-06,1.155,1.019,1.311,1.1,1.217,rt,
katwa,2026-08-07,1.158,1.032,1.297,1.104,1.213,rt,
katwa,2026-08-08,1.158,1.034,1.292,1.107,1.213,rt,
katwa,2026-08-09,1.156,1.031,1.295,1.104,1.214,rt,
katwa,2026-08-10,1.151,1.015,1.298,1.092,1.21,rt,
katwa,2026-08-11,1.146,1.013,1.288,1.087,1.201,rt,
katwa,2026-08-12,1.136,1.0,1.277,1.079,1.189,rt,
katwa,2026-08-13,1.127,0.989,1.269,1.07,1.185,rt,
katwa,2026-08-14,1.117,0.986,1.254,1.066,1.174,rt,
katwa,2026-08-15,1.108,0.981,1.24,1.056,1.164,rt,
katwa,2026-08-16,1.097,0.967,1.239,1.043,1.156,rt,
katwa,2026-08-17,1.088,0.947,1.244,1.029,1.15,rt,
katwa,2026-08-18,1.081,0.94,1.231,1.02,1.14,rt,
katwa,2026-08-19,1.071,0.931,1.222,1.011,1.131,rt,
katwa,2026-08-20,1.06,0.917,1.216,0.997,1.122,rt,
katwa,2026-08-21,1.034,0.898,1.176,0.977,1.094,rt,
katwa,2026-08-22,1.008,0.873,1.147,0.953,1.066,rt,
katwa,2026-08-23,0.982,0.845,1.124,0.926,1.041,rt,
katwa,2026-08-24,0.951,0.809,1.11,0.893,1.015,rt,
katwa,2026-08-25,0.925,0.787,1.072,0.867,0.982,rt,
katwa,2026-08-26,0.897,0.76,1.039,0.842,0.953,rt,
katwa,2026-08-27,0.869,0.732,1.011,0.817,0.926,rt,
katwa,2026-08-28,0.836,0.703,0.97,0.787,0.891,rt,
katwa,2026-08-29,0.807,0.674,0.938,0.757,0.858,rt,
katwa,2026-08-30,0.777,0.637,0.911,0.723,0.829,rt,
katwa,2026-08-31,0.736,0.589,0.871,0.679,0.789,rt,
katwa,2026-09-01,0.708,0.57,0.837,0.656,0.758,rt,
katwa,2026-09-02,0.684,0.555,0.809,0.634,0.732,rt,
katwa,2026-09-03,0.662,0.538,0.785,0.611,0.709,rt,
katwa,2026-09-04,0.643,0.526,0.76,0.595,0.688,rt,
katwa,2026-09-05,0.625,0.514,0.742,0.578,0.671,rt,
katwa,2026-09-06,0.608,0.493,0.727,0.562,0.655,rt,
katwa,2026-09-07,0.599,0.477,0.724,0.552,0.651,rt,
katwa,2026-09-08,0.604,0.488,0.727,0.558,0.653,rt,
katwa,2026-09-09,0.61,0.496,0.729,0.565,0.657,rt,
katwa,2026-09-10,0.617,0.502,0.743,0.57,0.663,rt,
katwa,2026-09-11,0.631,0.513,0.754,0.583,0.679,rt,
katwa,2026-09-12,0.644,0.517,0.775,0.593,0.695,rt,
katwa,2026-09-13,0.657,0.52,0.801,0.601,0.714,rt,
katwa,2026-09-14,0.684,0.534,0.852,0.622,0.75,rt,
katwa,2026-09-15,0.712,0.563,0.881,0.649,0.78,rt,
katwa,2026-09-16,0.741,0.587,0.917,0.673,0.812,rt,
katwa,2026-09-17,0.767,0.609,0.964,0.697,0.843,rt,
katwa,2026-09-18,0.793,0.63,1.001,0.718,0.873,rt,
katwa,2026-09-19,0.819,0.643,1.044,0.742,0.906,rt,
katwa,2026-09-20,0.85,0.654,1.101,0.76,0.943,rt,
katwa,2026-09-21,0.882,0.662,1.157,0.78,0.986,rt,
katwa,2026-09-22,0.899,0.672,1.18,0.794,1.004,rt,
katwa,2026-09-23,0.913,0.677,1.215,0.808,1.029,rt,
katwa,2026-09-24,0.929,0.68,1.247,0.818,1.053,rt,
katwa,2026-09-25,0.942,0.675,1.278,0.827,1.075,rt,
katwa,2026-09-26,0.959,0.673,1.323,0.832,1.098,rt,
katwa,2026-09-27,0.973,0.672,1.369,0.834,1.124,rt,
katwa,2026-09-28,0.968,0.65,1.4,0.821,1.13,rt,
katwa,2026-09-29,0.964,0.635,1.401,0.814,1.126,rt,
katwa,2026-09-30,0.964,0.621,1.398,0.806,1.13,rt,
katwa,2026-10-01,0.958,0.606,1.409,0.802,1.133,rt,
katwa,2026-10-02,0.962,0.6,1.445,0.796,1.143,rt,
katwa,2026-10-03,0.964,0.576,1.493,0.792,1.157,rt,
katwa,2026-10-04,0.965,0.553,1.547,0.777,1.174,rt,
katwa,2026-10-05,0.961,0.531,1.598,0.767,1.193,rt,
katwa,2026-10-06,0.972,0.551,1.583,0.783,1.188,rt,
kayna,2026-09-20,1.116,0.926,1.327,1.034,1.199,rt,
kayna,2026-09-21,1.135,0.925,1.364,1.045,1.231,rt,
kayna,2026-09-22,1.152,0.929,1.403,1.052,1.25,rt,
kayna,2026-09-23,1.166,0.928,1.444,1.06,1.274,rt,
kayna,2026-09-24,1.18,0.925,1.487,1.065,1.298,rt,
kayna,2026-09-25,1.188,0.913,1.519,1.069,1.315,rt,
kayna,2026-09-26,1.195,0.909,1.553,1.075,1.332,rt,
kayna,2026-09-27,1.205,0.904,1.589,1.076,1.354,rt,
kayna,2026-09-28,1.189,0.881,1.599,1.054,1.353,rt,
kayna,2026-09-29,1.178,0.858,1.609,1.04,1.346,rt,
kayna,2026-09-30,1.165,0.844,1.616,1.025,1.342,rt,
kayna,2026-10-01,1.157,0.822,1.619,1.01,1.336,rt,
kayna,2026-10-02,1.164,0.806,1.643,1.002,1.339,rt,
kayna,2026-10-03,1.172,0.789,1.688,0.988,1.358,rt,
kayna,2026-10-04,1.17,0.765,1.72,0.973,1.368,rt,
kayna,2026-10-05,1.167,0.744,1.76,0.957,1.38,rt,
kayna,2026-10-06,1.156,0.744,1.7,0.968,1.356,rt,
kyondo,2026-06-29,1.364,1.055,1.788,1.218,1.52,rt,
kyondo,2026-06-30,1.341,1.041,1.743,1.21,1.484,rt,
kyondo,2026-07-01,1.321,1.028,1.704,1.201,1.454,rt,
kyondo,2026-07-02,1.301,1.014,1.669,1.181,1.432,rt,
kyondo,2026-07-03,1.281,0.994,1.621,1.161,1.403,rt,
kyondo,2026-07-04,1.258,0.98,1.6,1.138,1.381,rt,
kyondo,2026-07-05,1.235,0.954,1.574,1.114,1.362,rt,
kyondo,2026-07-06,1.217,0.941,1.565,1.091,1.35,rt,
kyondo,2026-07-07,1.205,0.946,1.532,1.085,1.331,rt,
kyondo,2026-07-08,1.192,0.936,1.512,1.08,1.311,rt,
kyondo,2026-07-09,1.181,0.925,1.508,1.068,1.301,rt,
kyondo,2026-07-10,1.168,0.913,1.491,1.059,1.288,rt,
kyondo,2026-07-11,1.162,0.898,1.486,1.048,1.278,rt,
kyondo,2026-07-12,1.151,0.877,1.48,1.033,1.281,rt,
kyondo,2026-07-13,1.136,0.848,1.498,1.007,1.266,rt,
kyondo,2026-07-14,1.125,0.849,1.461,1.004,1.246,rt,
kyondo,2026-07-15,1.11,0.85,1.426,0.998,1.228,rt,
kyondo,2026-07-16,1.101,0.841,1.416,0.989,1.216,rt,
kyondo,2026-07-17,1.09,0.832,1.397,0.979,1.197,rt,
kyondo,2026-07-18,1.079,0.821,1.379,0.968,1.185,rt,
kyondo,2026-07-19,1.067,0.807,1.366,0.956,1.177,rt,
kyondo,2026-07-20,1.056,0.786,1.363,0.948,1.176,rt,
kyondo,2026-07-21,1.052,0.792,1.351,0.946,1.165,rt,
kyondo,2026-07-22,1.049,0.802,1.338,0.942,1.156,rt,
kyondo,2026-07-23,1.04,0.808,1.333,0.944,1.151,rt,
kyondo,2026-07-24,1.041,0.807,1.321,0.947,1.147,rt,
kyondo,2026-07-25,1.04,0.805,1.316,0.952,1.149,rt,
kyondo,2026-07-26,1.042,0.801,1.325,0.952,1.151,rt,
kyondo,2026-07-27,1.05,0.798,1.353,0.952,1.16,rt,
kyondo,2026-07-28,1.059,0.822,1.351,0.962,1.169,rt,
kyondo,2026-07-29,1.072,0.836,1.35,0.975,1.178,rt,
kyondo,2026-07-30,1.085,0.848,1.355,0.98,1.193,rt,
kyondo,2026-07-31,1.092,0.857,1.352,0.994,1.2,rt,
kyondo,2026-08-01,1.1,0.855,1.364,0.999,1.208,rt,
kyondo,2026-08-02,1.106,0.858,1.383,1.005,1.213,rt,
kyondo,2026-08-03,1.111,0.852,1.416,1.006,1.226,rt,
kyondo,2026-08-04,1.129,0.877,1.417,1.028,1.236,rt,
kyondo,2026-08-05,1.145,0.898,1.424,1.046,1.25,rt,
kyondo,2026-08-06,1.161,0.919,1.448,1.062,1.265,rt,
kyondo,2026-08-07,1.188,0.948,1.464,1.088,1.293,rt,
kyondo,2026-08-08,1.212,0.976,1.499,1.108,1.322,rt,
kyondo,2026-08-09,1.238,0.989,1.535,1.13,1.352,rt,
kyondo,2026-08-10,1.258,0.98,1.581,1.142,1.38,rt,
kyondo,2026-08-11,1.28,1.014,1.598,1.169,1.398,rt,
kyondo,2026-08-12,1.303,1.048,1.615,1.193,1.422,rt,
kyondo,2026-08-13,1.326,1.073,1.637,1.212,1.448,rt,
kyondo,2026-08-14,1.35,1.092,1.656,1.238,1.472,rt,
kyondo,2026-08-15,1.376,1.109,1.693,1.258,1.5,rt,
kyondo,2026-08-16,1.398,1.112,1.747,1.273,1.533,rt,
kyondo,2026-08-17,1.418,1.112,1.808,1.285,1.574,rt,
kyondo,2026-08-18,1.436,1.138,1.81,1.305,1.589,rt,
kyondo,2026-08-19,1.447,1.161,1.821,1.323,1.594,rt,
kyondo,2026-08-20,1.455,1.162,1.833,1.334,1.611,rt,
kyondo,2026-08-21,1.445,1.162,1.813,1.325,1.594,rt,
kyondo,2026-08-22,1.437,1.157,1.817,1.318,1.579,rt,
kyondo,2026-08-23,1.426,1.14,1.828,1.299,1.571,rt,
kyondo,2026-08-24,1.407,1.103,1.821,1.273,1.556,rt,
kyondo,2026-08-25,1.373,1.084,1.747,1.247,1.515,rt,
kyondo,2026-08-26,1.332,1.055,1.68,1.213,1.468,rt,
kyondo,2026-08-27,1.302,1.021,1.619,1.182,1.424,rt,
kyondo,2026-08-28,1.253,0.997,1.557,1.139,1.375,rt,
kyondo,2026-08-29,1.207,0.953,1.516,1.096,1.327,rt,
kyondo,2026-08-30,1.163,0.914,1.485,1.054,1.287,rt,
kyondo,2026-08-31,1.099,0.848,1.434,0.992,1.234,rt,
kyondo,2026-09-01,1.046,0.822,1.347,0.948,1.166,rt,
kyondo,2026-09-02,1.0,0.786,1.279,0.91,1.111,rt,
kyondo,2026-09-03,0.958,0.744,1.222,0.867,1.06,rt,
kyondo,2026-09-04,0.92,0.718,1.17,0.836,1.013,rt,
kyondo,2026-09-05,0.886,0.691,1.118,0.805,0.975,rt,
kyondo,2026-09-06,0.852,0.656,1.089,0.77,0.943,rt,
kyondo,2026-09-07,0.829,0.623,1.074,0.744,0.928,rt,
kyondo,2026-09-08,0.822,0.626,1.051,0.743,0.918,rt,
kyondo,2026-09-09,0.815,0.625,1.048,0.74,0.907,rt,
kyondo,2026-09-10,0.809,0.619,1.041,0.733,0.898,rt,
kyondo,2026-09-11,0.812,0.617,1.057,0.735,0.899,rt,
kyondo,2026-09-12,0.815,0.616,1.063,0.732,0.906,rt,
kyondo,2026-09-13,0.817,0.612,1.069,0.731,0.912,rt,
kyondo,2026-09-14,0.836,0.611,1.12,0.743,0.944,rt,
kyondo,2026-09-15,0.859,0.633,1.151,0.764,0.97,rt,
kyondo,2026-09-16,0.884,0.644,1.185,0.785,0.998,rt,
kyondo,2026-09-17,0.906,0.655,1.233,0.806,1.028,rt,
kyondo,2026-09-18,0.922,0.672,1.261,0.821,1.053,rt,
kyondo,2026-09-19,0.943,0.676,1.297,0.836,1.089,rt,
kyondo,2026-09-20,0.965,0.677,1.354,0.843,1.123,rt,
kyondo,2026-09-21,0.989,0.68,1.427,0.851,1.167,rt,
kyondo,2026-09-22,1.003,0.692,1.443,0.861,1.181,rt,
kyondo,2026-09-23,1.018,0.706,1.474,0.874,1.197,rt,
kyondo,2026-09-24,1.036,0.716,1.502,0.885,1.218,rt,
kyondo,2026-09-25,1.052,0.716,1.546,0.893,1.241,rt,
kyondo,2026-09-26,1.065,0.716,1.586,0.899,1.256,rt,
kyondo,2026-09-27,1.075,0.71,1.655,0.899,1.285,rt,
kyondo,2026-09-28,1.065,0.689,1.682,0.886,1.28,rt,
kyondo,2026-09-29,1.059,0.677,1.683,0.877,1.279,rt,
kyondo,2026-09-30,1.058,0.668,1.682,0.866,1.281,rt,
kyondo,2026-10-01,1.053,0.647,1.682,0.853,1.28,rt,
kyondo,2026-10-02,1.052,0.644,1.697,0.85,1.294,rt,
kyondo,2026-10-03,1.056,0.627,1.734,0.848,1.3,rt,
kyondo,2026-10-04,1.06,0.607,1.791,0.838,1.317,rt,
kyondo,2026-10-05,1.06,0.574,1.843,0.828,1.329,rt,
kyondo,2026-10-06,1.049,0.573,1.885,0.834,1.345,rt,
lubero,2026-08-13,1.553,1.379,1.759,1.479,1.634,rt,
lubero,2026-08-14,1.562,1.401,1.762,1.491,1.64,rt,
lubero,2026-08-15,1.576,1.416,1.766,1.503,1.649,rt,
lubero,2026-08-16,1.583,1.419,1.787,1.509,1.657,rt,
lubero,2026-08-17,1.594,1.424,1.811,1.516,1.672,rt,
lubero,2026-08-18,1.598,1.424,1.822,1.525,1.682,rt,
lubero,2026-08-19,1.6,1.419,1.84,1.528,1.691,rt,
lubero,2026-08-20,1.603,1.416,1.846,1.528,1.699,rt,
lubero,2026-08-21,1.585,1.413,1.808,1.512,1.675,rt,
lubero,2026-08-22,1.566,1.405,1.784,1.496,1.652,rt,
lubero,2026-08-23,1.547,1.386,1.761,1.477,1.629,rt,
lubero,2026-08-24,1.522,1.358,1.729,1.45,1.603,rt,
lubero,2026-08-25,1.49,1.333,1.693,1.421,1.569,rt,
lubero,2026-08-26,1.461,1.304,1.657,1.387,1.539,rt,
lubero,2026-08-27,1.429,1.269,1.627,1.355,1.512,rt,
lubero,2026-08-28,1.387,1.239,1.57,1.32,1.466,rt,
lubero,2026-08-29,1.351,1.202,1.526,1.284,1.423,rt,
lubero,2026-08-30,1.313,1.161,1.482,1.245,1.382,rt,
lubero,2026-08-31,1.253,1.101,1.419,1.187,1.322,rt,
lubero,2026-09-01,1.203,1.054,1.372,1.139,1.27,rt,
lubero,2026-09-02,1.157,1.013,1.326,1.093,1.222,rt,
lubero,2026-09-03,1.114,0.97,1.277,1.05,1.178,rt,
lubero,2026-09-04,1.075,0.948,1.225,1.018,1.135,rt,
lubero,2026-09-05,1.041,0.921,1.173,0.988,1.093,rt,
lubero,2026-09-06,1.006,0.896,1.138,0.959,1.058,rt,
lubero,2026-09-07,0.986,0.874,1.119,0.938,1.041,rt,
lubero,2026-09-08,0.976,0.868,1.11,0.928,1.031,rt,
lubero,2026-09-09,0.965,0.858,1.104,0.918,1.019,rt,
lubero,2026-09-10,0.956,0.844,1.096,0.909,1.012,rt,
lubero,2026-09-11,0.961,0.85,1.094,0.911,1.012,rt,
lubero,2026-09-12,0.961,0.848,1.092,0.909,1.012,rt,
lubero,2026-09-13,0.962,0.842,1.093,0.908,1.015,rt,
lubero,2026-09-14,0.982,0.852,1.13,0.925,1.042,rt,
lubero,2026-09-15,1.003,0.864,1.161,0.944,1.069,rt,
lubero,2026-09-16,1.025,0.88,1.194,0.962,1.092,rt,
lubero,2026-09-17,1.048,0.888,1.229,0.977,1.119,rt,
lubero,2026-09-18,1.063,0.904,1.242,0.995,1.137,rt,
lubero,2026-09-19,1.08,0.91,1.268,1.006,1.155,rt,
lubero,2026-09-20,1.094,0.909,1.301,1.015,1.179,rt,
lubero,2026-09-21,1.115,0.912,1.343,1.026,1.207,rt,
lubero,2026-09-22,1.132,0.91,1.379,1.032,1.226,rt,
lubero,2026-09-23,1.144,0.908,1.417,1.037,1.249,rt,
lubero,2026-09-24,1.159,0.905,1.459,1.042,1.273,rt,
lubero,2026-09-25,1.167,0.899,1.495,1.048,1.289,rt,
lubero,2026-09-26,1.175,0.892,1.52,1.053,1.311,rt,
lubero,2026-09-27,1.184,0.886,1.556,1.057,1.327,rt,
lubero,2026-09-28,1.168,0.861,1.563,1.033,1.327,rt,
lubero,2026-09-29,1.156,0.84,1.574,1.018,1.322,rt,
lubero,2026-09-30,1.144,0.82,1.59,1.001,1.318,rt,
lubero,2026-10-01,1.135,0.799,1.586,0.988,1.312,rt,
lubero,2026-10-02,1.141,0.793,1.613,0.983,1.315,rt,
lubero,2026-10-03,1.15,0.772,1.641,0.97,1.332,rt,
lubero,2026-10-04,1.145,0.744,1.685,0.952,1.341,rt,
lubero,2026-10-05,1.144,0.723,1.73,0.936,1.356,rt,
lubero,2026-10-06,1.132,0.729,1.666,0.944,1.327,rt,
mabalako,2026-08-13,2.041,1.621,2.602,1.861,2.258,rt,
mabalako,2026-08-14,2.06,1.641,2.61,1.887,2.262,rt,
mabalako,2026-08-15,2.075,1.645,2.646,1.904,2.28,rt,
mabalako,2026-08-16,2.097,1.636,2.706,1.911,2.309,rt,
mabalako,2026-08-17,2.114,1.621,2.777,1.911,2.34,rt,
mabalako,2026-08-18,2.132,1.67,2.729,1.938,2.347,rt,
mabalako,2026-08-19,2.142,1.696,2.715,1.95,2.343,rt,
mabalako,2026-08-20,2.152,1.718,2.707,1.963,2.348,rt,
mabalako,2026-08-21,2.126,1.713,2.668,1.947,2.319,rt,
mabalako,2026-08-22,2.101,1.687,2.649,1.918,2.299,rt,
mabalako,2026-08-23,2.079,1.661,2.614,1.894,2.285,rt,
mabalako,2026-08-24,2.054,1.614,2.595,1.847,2.257,rt,
mabalako,2026-08-25,2.015,1.625,2.536,1.836,2.207,rt,
mabalako,2026-08-26,1.985,1.613,2.5,1.819,2.179,rt,
mabalako,2026-08-27,1.947,1.593,2.468,1.785,2.141,rt,
mabalako,2026-08-28,1.904,1.555,2.406,1.747,2.082,rt,
mabalako,2026-08-29,1.86,1.502,2.382,1.697,2.039,rt,
mabalako,2026-08-30,1.815,1.442,2.349,1.65,2.007,rt,
mabalako,2026-08-31,1.737,1.351,2.301,1.571,1.939,rt,
mabalako,2026-09-01,1.68,1.316,2.175,1.523,1.86,rt,
mabalako,2026-09-02,1.63,1.279,2.082,1.471,1.787,rt,
mabalako,2026-09-03,1.577,1.247,2.006,1.425,1.729,rt,
mabalako,2026-09-04,1.527,1.216,1.924,1.394,1.677,rt,
mabalako,2026-09-05,1.489,1.186,1.862,1.354,1.631,rt,
mabalako,2026-09-06,1.445,1.139,1.834,1.311,1.596,rt,
mabalako,2026-09-07,1.424,1.1,1.826,1.283,1.576,rt,
mabalako,2026-09-08,1.409,1.1,1.776,1.272,1.55,rt,
mabalako,2026-09-09,1.384,1.089,1.734,1.258,1.526,rt,
mabalako,2026-09-10,1.362,1.081,1.704,1.246,1.503,rt,
mabalako,2026-09-11,1.362,1.084,1.7,1.244,1.496,rt,
mabalako,2026-09-12,1.36,1.07,1.703,1.235,1.496,rt,
mabalako,2026-09-13,1.354,1.057,1.73,1.218,1.498,rt,
mabalako,2026-09-14,1.376,1.056,1.799,1.235,1.537,rt,
mabalako,2026-09-15,1.397,1.071,1.81,1.258,1.556,rt,
mabalako,2026-09-16,1.42,1.089,1.83,1.275,1.577,rt,
mabalako,2026-09-17,1.437,1.093,1.864,1.286,1.6,rt,
mabalako,2026-09-18,1.449,1.087,1.891,1.29,1.617,rt,
mabalako,2026-09-19,1.461,1.076,1.946,1.291,1.641,rt,
mabalako,2026-09-20,1.467,1.052,2.011,1.292,1.675,rt,
mabalako,2026-09-21,1.479,1.03,2.074,1.287,1.699,rt,
mabalako,2026-09-22,1.488,1.034,2.098,1.291,1.713,rt,
mabalako,2026-09-23,1.495,1.033,2.131,1.288,1.723,rt,
mabalako,2026-09-24,1.494,1.034,2.167,1.285,1.74,rt,
mabalako,2026-09-25,1.497,1.01,2.187,1.278,1.753,rt,
mabalako,2026-09-26,1.499,0.992,2.214,1.27,1.764,rt,
mabalako,2026-09-27,1.504,0.966,2.268,1.264,1.783,rt,
mabalako,2026-09-28,1.479,0.924,2.261,1.224,1.767,rt,
mabalako,2026-09-29,1.459,0.905,2.246,1.207,1.745,rt,
mabalako,2026-09-30,1.431,0.889,2.245,1.184,1.728,rt,
mabalako,2026-10-01,1.415,0.864,2.218,1.157,1.707,rt,
mabalako,2026-10-02,1.401,0.842,2.24,1.142,1.701,rt,
mabalako,2026-10-03,1.385,0.825,2.294,1.12,1.701,rt,
mabalako,2026-10-04,1.37,0.787,2.359,1.101,1.706,rt,
mabalako,2026-10-05,1.358,0.764,2.394,1.078,1.716,rt,
mabalako,2026-10-06,1.302,0.724,2.297,1.015,1.636,rt,
manguredjipa,2026-08-18,1.539,1.363,1.757,1.468,1.62,rt,
manguredjipa,2026-08-19,1.547,1.36,1.773,1.473,1.63,rt,
manguredjipa,2026-08-20,1.553,1.357,1.787,1.473,1.639,rt,
manguredjipa,2026-08-21,1.532,1.356,1.756,1.462,1.613,rt,
manguredjipa,2026-08-22,1.514,1.351,1.725,1.449,1.593,rt,
manguredjipa,2026-08-23,1.5,1.335,1.703,1.43,1.573,rt,
manguredjipa,2026-08-24,1.473,1.31,1.67,1.405,1.552,rt,
manguredjipa,2026-08-25,1.444,1.284,1.64,1.377,1.519,rt,
manguredjipa,2026-08-26,1.414,1.25,1.608,1.347,1.495,rt,
manguredjipa,2026-08-27,1.383,1.218,1.575,1.313,1.467,rt,
manguredjipa,2026-08-28,1.343,1.19,1.527,1.279,1.423,rt,
manguredjipa,2026-08-29,1.306,1.157,1.486,1.24,1.38,rt,
manguredjipa,2026-08-30,1.271,1.118,1.447,1.202,1.339,rt,
manguredjipa,2026-08-31,1.214,1.061,1.391,1.145,1.278,rt,
manguredjipa,2026-09-01,1.163,1.016,1.334,1.099,1.225,rt,
manguredjipa,2026-09-02,1.119,0.971,1.282,1.055,1.18,rt,
manguredjipa,2026-09-03,1.076,0.93,1.238,1.013,1.137,rt,
manguredjipa,2026-09-04,1.04,0.908,1.184,0.981,1.094,rt,
manguredjipa,2026-09-05,1.003,0.888,1.138,0.952,1.055,rt,
manguredjipa,2026-09-06,0.971,0.861,1.1,0.923,1.022,rt,
manguredjipa,2026-09-07,0.951,0.84,1.082,0.9,1.003,rt,
manguredjipa,2026-09-08,0.939,0.832,1.07,0.893,0.993,rt,
manguredjipa,2026-09-09,0.93,0.822,1.061,0.884,0.984,rt,
manguredjipa,2026-09-10,0.922,0.811,1.056,0.873,0.975,rt,
manguredjipa,2026-09-11,0.925,0.814,1.05,0.877,0.974,rt,
manguredjipa,2026-09-12,0.926,0.814,1.048,0.876,0.974,rt,
manguredjipa,2026-09-13,0.926,0.806,1.052,0.875,0.978,rt,
manguredjipa,2026-09-14,0.946,0.817,1.084,0.89,1.004,rt,
manguredjipa,2026-09-15,0.968,0.831,1.115,0.909,1.027,rt,
manguredjipa,2026-09-16,0.99,0.841,1.146,0.926,1.051,rt,
manguredjipa,2026-09-17,1.011,0.849,1.18,0.943,1.076,rt,
manguredjipa,2026-09-18,1.024,0.869,1.198,0.956,1.092,rt,
manguredjipa,2026-09-19,1.039,0.877,1.224,0.967,1.115,rt,
manguredjipa,2026-09-20,1.053,0.878,1.256,0.978,1.133,rt,
manguredjipa,2026-09-21,1.074,0.877,1.294,0.988,1.159,rt,
manguredjipa,2026-09-22,1.092,0.875,1.328,0.996,1.18,rt,
manguredjipa,2026-09-23,1.103,0.871,1.365,1.003,1.201,rt,
manguredjipa,2026-09-24,1.116,0.868,1.402,1.007,1.224,rt,
manguredjipa,2026-09-25,1.125,0.864,1.43,1.01,1.241,rt,
manguredjipa,2026-09-26,1.133,0.857,1.465,1.013,1.259,rt,
manguredjipa,2026-09-27,1.139,0.847,1.495,1.017,1.277,rt,
manguredjipa,2026-09-28,1.127,0.826,1.503,0.997,1.273,rt,
manguredjipa,2026-09-29,1.116,0.809,1.509,0.984,1.273,rt,
manguredjipa,2026-09-30,1.104,0.79,1.516,0.966,1.268,rt,
manguredjipa,2026-10-01,1.092,0.772,1.526,0.952,1.263,rt,
manguredjipa,2026-10-02,1.094,0.764,1.548,0.944,1.269,rt,
manguredjipa,2026-10-03,1.104,0.741,1.566,0.935,1.286,rt,
manguredjipa,2026-10-04,1.105,0.709,1.624,0.918,1.291,rt,
manguredjipa,2026-10-05,1.099,0.691,1.663,0.899,1.302,rt,
manguredjipa,2026-10-06,1.082,0.698,1.607,0.903,1.273,rt,
masereka,2026-07-30,1.346,1.06,1.681,1.226,1.477,rt,
masereka,2026-07-31,1.358,1.074,1.686,1.237,1.486,rt,
masereka,2026-08-01,1.366,1.079,1.696,1.242,1.498,rt,
masereka,2026-08-02,1.379,1.083,1.729,1.242,1.517,rt,
masereka,2026-08-03,1.39,1.072,1.772,1.246,1.537,rt,
masereka,2026-08-04,1.409,1.101,1.788,1.274,1.552,rt,
masereka,2026-08-05,1.431,1.118,1.807,1.298,1.575,rt,
masereka,2026-08-06,1.446,1.14,1.817,1.317,1.595,rt,
masereka,2026-08-07,1.481,1.175,1.848,1.348,1.63,rt,
masereka,2026-08-08,1.513,1.197,1.892,1.378,1.672,rt,
masereka,2026-08-09,1.54,1.208,1.948,1.398,1.703,rt,
masereka,2026-08-10,1.557,1.208,2.008,1.413,1.733,rt,
masereka,2026-08-11,1.582,1.25,2.021,1.439,1.749,rt,
masereka,2026-08-12,1.61,1.279,2.051,1.466,1.768,rt,
masereka,2026-08-13,1.63,1.303,2.072,1.489,1.79,rt,
masereka,2026-08-14,1.65,1.326,2.104,1.506,1.817,rt,
masereka,2026-08-15,1.672,1.334,2.142,1.526,1.847,rt,
masereka,2026-08-16,1.689,1.34,2.214,1.536,1.878,rt,
masereka,2026-08-17,1.715,1.342,2.304,1.548,1.918,rt,
masereka,2026-08-18,1.72,1.36,2.27,1.551,1.905,rt,
masereka,2026-08-19,1.717,1.368,2.249,1.562,1.895,rt,
masereka,2026-08-20,1.719,1.365,2.241,1.564,1.907,rt,
masereka,2026-08-21,1.693,1.348,2.199,1.544,1.874,rt,
masereka,2026-08-22,1.667,1.322,2.173,1.513,1.855,rt,
masereka,2026-08-23,1.644,1.292,2.183,1.483,1.842,rt,
masereka,2026-08-24,1.615,1.238,2.168,1.44,1.816,rt,
masereka,2026-08-25,1.56,1.216,2.066,1.398,1.747,rt,
masereka,2026-08-26,1.508,1.188,1.968,1.36,1.68,rt,
masereka,2026-08-27,1.458,1.146,1.902,1.317,1.625,rt,
masereka,2026-08-28,1.4,1.099,1.826,1.265,1.555,rt,
masereka,2026-08-29,1.343,1.047,1.759,1.21,1.492,rt,
masereka,2026-08-30,1.285,0.996,1.698,1.155,1.431,rt,
masereka,2026-08-31,1.21,0.921,1.625,1.081,1.359,rt,
masereka,2026-09-01,1.156,0.88,1.522,1.038,1.287,rt,
masereka,2026-09-02,1.107,0.847,1.448,0.997,1.228,rt,
masereka,2026-09-03,1.059,0.81,1.368,0.951,1.175,rt,
masereka,2026-09-04,1.018,0.783,1.3,0.918,1.126,rt,
masereka,2026-09-05,0.979,0.752,1.257,0.882,1.084,rt,
masereka,2026-09-06,0.944,0.713,1.229,0.843,1.048,rt,
masereka,2026-09-07,0.92,0.683,1.214,0.815,1.023,rt,
masereka,2026-09-08,0.919,0.69,1.195,0.818,1.017,rt,
masereka,2026-09-09,0.914,0.692,1.185,0.82,1.017,rt,
masereka,2026-09-10,0.91,0.688,1.186,0.816,1.016,rt,
masereka,2026-09-11,0.916,0.693,1.199,0.824,1.026,rt,
masereka,2026-09-12,0.927,0.689,1.217,0.826,1.037,rt,
masereka,2026-09-13,0.933,0.682,1.245,0.826,1.06,rt,
masereka,2026-09-14,0.961,0.687,1.319,0.839,1.101,rt,
masereka,2026-09-15,0.989,0.713,1.347,0.871,1.133,rt,
masereka,2026-09-16,1.014,0.734,1.381,0.898,1.169,rt,
masereka,2026-09-17,1.044,0.749,1.431,0.921,1.201,rt,
masereka,2026-09-18,1.072,0.765,1.474,0.94,1.233,rt,
masereka,2026-09-19,1.099,0.786,1.528,0.959,1.263,rt,
masereka,2026-09-20,1.123,0.788,1.593,0.969,1.296,rt,
masereka,2026-09-21,1.154,0.799,1.675,0.989,1.345,rt,
masereka,2026-09-22,1.175,0.807,1.703,1.003,1.359,rt,
masereka,2026-09-23,1.192,0.801,1.736,1.011,1.376,rt,
masereka,2026-09-24,1.198,0.798,1.772,1.017,1.41,rt,
masereka,2026-09-25,1.205,0.793,1.81,1.021,1.436,rt,
masereka,2026-09-26,1.213,0.79,1.864,1.017,1.466,rt,
masereka,2026-09-27,1.222,0.779,1.926,1.022,1.49,rt,
masereka,2026-09-28,1.206,0.748,1.968,0.999,1.486,rt,
masereka,2026-09-29,1.201,0.733,1.957,0.985,1.469,rt,
masereka,2026-09-30,1.195,0.717,1.949,0.973,1.455,rt,
masereka,2026-10-01,1.186,0.691,1.938,0.961,1.456,rt,
masereka,2026-10-02,1.184,0.674,1.937,0.959,1.462,rt,
masereka,2026-10-03,1.18,0.667,1.966,0.939,1.46,rt,
masereka,2026-10-04,1.186,0.642,2.033,0.919,1.481,rt,
masereka,2026-10-05,1.18,0.619,2.121,0.905,1.502,rt,
masereka,2026-10-06,1.136,0.632,2.105,0.885,1.464,rt,
musienene,2026-06-17,1.904,1.443,2.531,1.707,2.145,rt,
musienene,2026-06-18,1.87,1.422,2.484,1.68,2.106,rt,
musienene,2026-06-19,1.856,1.432,2.458,1.675,2.087,rt,
musienene,2026-06-20,1.843,1.427,2.432,1.655,2.076,rt,
musienene,2026-06-21,1.824,1.409,2.427,1.635,2.057,rt,
musienene,2026-06-22,1.84,1.406,2.498,1.645,2.089,rt,
musienene,2026-06-23,1.843,1.436,2.467,1.661,2.078,rt,
musienene,2026-06-24,1.841,1.452,2.45,1.667,2.065,rt,
musienene,2026-06-25,1.838,1.461,2.442,1.673,2.061,rt,
musienene,2026-06-26,1.837,1.473,2.41,1.672,2.05,rt,
musienene,2026-06-27,1.841,1.472,2.404,1.668,2.042,rt,
musienene,2026-06-28,1.836,1.452,2.419,1.658,2.041,rt,
musienene,2026-06-29,1.809,1.403,2.427,1.624,2.024,rt,
musienene,2026-06-30,1.773,1.401,2.329,1.599,1.978,rt,
musienene,2026-07-01,1.737,1.383,2.248,1.577,1.926,rt,
musienene,2026-07-02,1.703,1.364,2.177,1.55,1.888,rt,
musienene,2026-07-03,1.669,1.343,2.118,1.519,1.84,rt,
musienene,2026-07-04,1.633,1.308,2.07,1.486,1.795,rt,
musienene,2026-07-05,1.595,1.274,2.046,1.446,1.758,rt,
musienene,2026-07-06,1.567,1.237,2.026,1.413,1.738,rt,
musienene,2026-07-07,1.529,1.233,1.973,1.395,1.695,rt,
musienene,2026-07-08,1.497,1.22,1.893,1.373,1.65,rt,
musienene,2026-07-09,1.47,1.2,1.838,1.347,1.613,rt,
musienene,2026-07-10,1.44,1.176,1.788,1.321,1.575,rt,
musienene,2026-07-11,1.422,1.143,1.776,1.295,1.55,rt,
musienene,2026-07-12,1.393,1.112,1.751,1.269,1.526,rt,
musienene,2026-07-13,1.362,1.057,1.748,1.229,1.503,rt,
musienene,2026-07-14,1.336,1.048,1.679,1.213,1.465,rt,
musienene,2026-07-15,1.304,1.033,1.625,1.192,1.431,rt,
musienene,2026-07-16,1.279,1.012,1.588,1.168,1.401,rt,
musienene,2026-07-17,1.252,0.993,1.543,1.143,1.364,rt,
musienene,2026-07-18,1.223,0.976,1.505,1.117,1.336,rt,
musienene,2026-07-19,1.197,0.951,1.49,1.09,1.312,rt,
musienene,2026-07-20,1.175,0.914,1.485,1.062,1.294,rt,
musienene,2026-07-21,1.162,0.916,1.446,1.058,1.27,rt,
musienene,2026-07-22,1.145,0.914,1.416,1.054,1.253,rt,
musienene,2026-07-23,1.134,0.906,1.393,1.042,1.235,rt,
musienene,2026-07-24,1.127,0.909,1.383,1.038,1.221,rt,
musienene,2026-07-25,1.12,0.892,1.383,1.03,1.217,rt,
musienene,2026-07-26,1.114,0.873,1.384,1.017,1.218,rt,
musienene,2026-07-27,1.115,0.853,1.406,1.008,1.219,rt,
musienene,2026-07-28,1.121,0.875,1.388,1.017,1.218,rt,
musienene,2026-07-29,1.124,0.886,1.38,1.026,1.22,rt,
musienene,2026-07-30,1.127,0.898,1.373,1.031,1.226,rt,
musienene,2026-07-31,1.128,0.91,1.368,1.034,1.222,rt,
musienene,2026-08-01,1.128,0.904,1.371,1.033,1.226,rt,
musienene,2026-08-02,1.128,0.897,1.38,1.033,1.228,rt,
musienene,2026-08-03,1.13,0.88,1.399,1.027,1.235,rt,
musienene,2026-08-04,1.136,0.902,1.385,1.04,1.233,rt,
musienene,2026-08-05,1.142,0.916,1.374,1.047,1.236,rt,
musienene,2026-08-06,1.148,0.925,1.376,1.056,1.242,rt,
musienene,2026-08-07,1.159,0.951,1.391,1.072,1.253,rt,
musienene,2026-08-08,1.172,0.963,1.416,1.083,1.267,rt,
musienene,2026-08-09,1.186,0.962,1.453,1.092,1.29,rt,
musienene,2026-08-10,1.188,0.95,1.49,1.089,1.301,rt,
musienene,2026-08-11,1.196,0.976,1.476,1.098,1.302,rt,
musienene,2026-08-12,1.202,0.981,1.475,1.108,1.303,rt,
musienene,2026-08-13,1.207,0.984,1.479,1.112,1.307,rt,
musienene,2026-08-14,1.214,0.993,1.489,1.12,1.313,rt,
musienene,2026-08-15,1.217,0.994,1.51,1.12,1.32,rt,
musienene,2026-08-16,1.22,0.984,1.521,1.12,1.331,rt,
musienene,2026-08-17,1.223,0.967,1.558,1.115,1.348,rt,
musienene,2026-08-18,1.217,0.982,1.522,1.118,1.333,rt,
musienene,2026-08-19,1.213,0.988,1.487,1.115,1.322,rt,
musienene,2026-08-20,1.203,0.97,1.473,1.105,1.312,rt,
musienene,2026-08-21,1.18,0.956,1.44,1.084,1.278,rt,
musienene,2026-08-22,1.154,0.932,1.413,1.059,1.252,rt,
musienene,2026-08-23,1.125,0.903,1.415,1.031,1.23,rt,
musienene,2026-08-24,1.096,0.864,1.403,0.995,1.206,rt,
musienene,2026-08-25,1.059,0.843,1.338,0.969,1.162,rt,
musienene,2026-08-26,1.023,0.823,1.292,0.939,1.123,rt,
musienene,2026-08-27,0.993,0.794,1.251,0.905,1.087,rt,
musienene,2026-08-28,0.955,0.768,1.199,0.869,1.044,rt,
musienene,2026-08-29,0.917,0.724,1.152,0.829,1.005,rt,
musienene,2026-08-30,0.88,0.676,1.12,0.793,0.97,rt,
musienene,2026-08-31,0.829,0.624,1.075,0.738,0.924,rt,
musienene,2026-09-01,0.798,0.608,1.015,0.715,0.881,rt,
musienene,2026-09-02,0.769,0.586,0.972,0.69,0.844,rt,
musienene,2026-09-03,0.737,0.562,0.939,0.664,0.813,rt,
musienene,2026-09-04,0.713,0.55,0.906,0.645,0.786,rt,
musienene,2026-09-05,0.69,0.527,0.875,0.623,0.765,rt,
musienene,2026-09-06,0.669,0.504,0.856,0.6,0.745,rt,
musienene,2026-09-07,0.656,0.481,0.858,0.583,0.735,rt,
musienene,2026-09-08,0.662,0.495,0.853,0.589,0.737,rt,
musienene,2026-09-09,0.669,0.506,0.856,0.597,0.743,rt,
musienene,2026-09-10,0.676,0.521,0.858,0.602,0.749,rt,
musienene,2026-09-11,0.687,0.525,0.873,0.615,0.763,rt,
musienene,2026-09-12,0.701,0.526,0.906,0.626,0.782,rt,
musienene,2026-09-13,0.716,0.527,0.946,0.632,0.803,rt,
musienene,2026-09-14,0.745,0.531,1.005,0.651,0.843,rt,
musienene,2026-09-15,0.773,0.561,1.029,0.676,0.869,rt,
musienene,2026-09-16,0.799,0.582,1.075,0.705,0.901,rt,
musienene,2026-09-17,0.827,0.605,1.116,0.731,0.94,rt,
musienene,2026-09-18,0.854,0.626,1.168,0.755,0.97,rt,
musienene,2026-09-19,0.876,0.643,1.225,0.772,1.005,rt,
musienene,2026-09-20,0.906,0.658,1.293,0.789,1.044,rt,
musienene,2026-09-21,0.933,0.661,1.372,0.803,1.084,rt,
musienene,2026-09-22,0.949,0.672,1.404,0.817,1.108,rt,
musienene,2026-09-23,0.967,0.67,1.43,0.829,1.136,rt,
musienene,2026-09-24,0.982,0.666,1.477,0.841,1.158,rt,
musienene,2026-09-25,0.998,0.661,1.524,0.848,1.188,rt,
musienene,2026-09-26,1.014,0.656,1.571,0.852,1.217,rt,
musienene,2026-09-27,1.032,0.645,1.623,0.858,1.238,rt,
musienene,2026-09-28,1.028,0.621,1.674,0.845,1.247,rt,
musienene,2026-09-29,1.024,0.618,1.647,0.839,1.238,rt,
musienene,2026-09-30,1.018,0.612,1.647,0.828,1.236,rt,
musienene,2026-10-01,1.01,0.602,1.627,0.819,1.233,rt,
musienene,2026-10-02,1.012,0.587,1.664,0.815,1.245,rt,
musienene,2026-10-03,1.012,0.565,1.686,0.81,1.259,rt,
musienene,2026-10-04,1.018,0.551,1.744,0.804,1.276,rt,
musienene,2026-10-05,1.009,0.537,1.803,0.787,1.288,rt,
musienene,2026-10-06,1.022,0.542,1.792,0.794,1.289,rt,
mutwanga,2026-08-16,1.596,1.427,1.795,1.519,1.67,rt,
mutwanga,2026-08-17,1.607,1.433,1.822,1.529,1.688,rt,
mutwanga,2026-08-18,1.614,1.429,1.843,1.539,1.697,rt,
mutwanga,2026-08-19,1.619,1.43,1.853,1.544,1.708,rt,
mutwanga,2026-08-20,1.626,1.427,1.867,1.543,1.72,rt,
mutwanga,2026-08-21,1.606,1.43,1.833,1.53,1.696,rt,
mutwanga,2026-08-22,1.589,1.423,1.805,1.514,1.671,rt,
mutwanga,2026-08-23,1.569,1.41,1.782,1.5,1.651,rt,
mutwanga,2026-08-24,1.545,1.387,1.756,1.473,1.628,rt,
mutwanga,2026-08-25,1.52,1.36,1.717,1.445,1.596,rt,
mutwanga,2026-08-26,1.492,1.33,1.688,1.414,1.567,rt,
mutwanga,2026-08-27,1.46,1.296,1.661,1.383,1.543,rt,
mutwanga,2026-08-28,1.419,1.266,1.607,1.35,1.498,rt,
mutwanga,2026-08-29,1.383,1.229,1.565,1.315,1.456,rt,
mutwanga,2026-08-30,1.348,1.191,1.529,1.279,1.418,rt,
mutwanga,2026-08-31,1.289,1.13,1.471,1.219,1.359,rt,
mutwanga,2026-09-01,1.236,1.081,1.421,1.169,1.306,rt,
mutwanga,2026-09-02,1.191,1.035,1.369,1.122,1.261,rt,
mutwanga,2026-09-03,1.147,0.996,1.325,1.079,1.217,rt,
mutwanga,2026-09-04,1.11,0.974,1.268,1.049,1.172,rt,
mutwanga,2026-09-05,1.074,0.95,1.223,1.018,1.132,rt,
mutwanga,2026-09-06,1.04,0.923,1.181,0.985,1.097,rt,
mutwanga,2026-09-07,1.019,0.902,1.163,0.967,1.075,rt,
mutwanga,2026-09-08,1.007,0.893,1.153,0.958,1.064,rt,
mutwanga,2026-09-09,0.995,0.884,1.145,0.947,1.054,rt,
mutwanga,2026-09-10,0.987,0.872,1.136,0.935,1.044,rt,
mutwanga,2026-09-11,0.989,0.872,1.131,0.938,1.042,rt,
mutwanga,2026-09-12,0.989,0.87,1.127,0.937,1.043,rt,
mutwanga,2026-09-13,0.99,0.866,1.127,0.933,1.047,rt,
mutwanga,2026-09-14,1.011,0.876,1.16,0.951,1.071,rt,
mutwanga,2026-09-15,1.032,0.889,1.189,0.971,1.097,rt,
mutwanga,2026-09-16,1.054,0.903,1.222,0.987,1.122,rt,
mutwanga,2026-09-17,1.073,0.912,1.255,1.002,1.147,rt,
mutwanga,2026-09-18,1.088,0.927,1.273,1.017,1.16,rt,
mutwanga,2026-09-19,1.102,0.935,1.294,1.029,1.182,rt,
mutwanga,2026-09-20,1.117,0.931,1.331,1.038,1.202,rt,
mutwanga,2026-09-21,1.138,0.933,1.363,1.047,1.23,rt,
mutwanga,2026-09-22,1.154,0.932,1.401,1.054,1.251,rt,
mutwanga,2026-09-23,1.166,0.93,1.441,1.062,1.275,rt,
mutwanga,2026-09-24,1.182,0.926,1.485,1.066,1.296,rt,
mutwanga,2026-09-25,1.185,0.921,1.523,1.067,1.313,rt,
mutwanga,2026-09-26,1.193,0.909,1.552,1.072,1.33,rt,
mutwanga,2026-09-27,1.202,0.905,1.587,1.072,1.351,rt,
mutwanga,2026-09-28,1.187,0.881,1.593,1.052,1.349,rt,
mutwanga,2026-09-29,1.175,0.861,1.597,1.035,1.346,rt,
mutwanga,2026-09-30,1.164,0.837,1.608,1.019,1.338,rt,
mutwanga,2026-10-01,1.154,0.819,1.614,1.004,1.335,rt,
mutwanga,2026-10-02,1.157,0.809,1.63,0.998,1.337,rt,
mutwanga,2026-10-03,1.165,0.783,1.668,0.983,1.348,rt,
mutwanga,2026-10-04,1.16,0.762,1.706,0.969,1.36,rt,
mutwanga,2026-10-05,1.159,0.743,1.755,0.949,1.37,rt,
mutwanga,2026-10-06,1.146,0.743,1.687,0.96,1.339,rt,
oicha,2026-08-05,1.482,1.138,1.966,1.329,1.657,rt,
oicha,2026-08-06,1.498,1.16,1.979,1.353,1.681,rt,
oicha,2026-08-07,1.539,1.195,2.006,1.384,1.709,rt,
oicha,2026-08-08,1.581,1.208,2.053,1.406,1.751,rt,
oicha,2026-08-09,1.613,1.213,2.105,1.422,1.792,rt,
oicha,2026-08-10,1.641,1.205,2.18,1.437,1.827,rt,
oicha,2026-08-11,1.666,1.253,2.142,1.473,1.846,rt,
oicha,2026-08-12,1.688,1.292,2.139,1.513,1.864,rt,
oicha,2026-08-13,1.712,1.318,2.173,1.54,1.879,rt,
oicha,2026-08-14,1.734,1.349,2.196,1.572,1.903,rt,
oicha,2026-08-15,1.754,1.362,2.257,1.596,1.94,rt,
oicha,2026-08-16,1.779,1.355,2.313,1.611,1.983,rt,
oicha,2026-08-17,1.804,1.345,2.401,1.615,2.036,rt,
oicha,2026-08-18,1.846,1.404,2.416,1.661,2.062,rt,
oicha,2026-08-19,1.882,1.453,2.433,1.697,2.085,rt,
oicha,2026-08-20,1.918,1.484,2.469,1.726,2.113,rt,
oicha,2026-08-21,1.925,1.514,2.465,1.739,2.117,rt,
oicha,2026-08-22,1.924,1.523,2.488,1.74,2.126,rt,
oicha,2026-08-23,1.93,1.519,2.526,1.743,2.142,rt,
oicha,2026-08-24,1.918,1.496,2.555,1.733,2.156,rt,
oicha,2026-08-25,1.927,1.515,2.523,1.749,2.133,rt,
oicha,2026-08-26,1.926,1.544,2.482,1.761,2.121,rt,
oicha,2026-08-27,1.93,1.549,2.46,1.758,2.114,rt,
oicha,2026-08-28,1.919,1.542,2.433,1.746,2.098,rt,
oicha,2026-08-29,1.905,1.52,2.429,1.723,2.087,rt,
oicha,2026-08-30,1.884,1.482,2.442,1.71,2.081,rt,
oicha,2026-08-31,1.83,1.407,2.433,1.657,2.048,rt,
oicha,2026-09-01,1.766,1.372,2.317,1.605,1.956,rt,
oicha,2026-09-02,1.709,1.338,2.194,1.546,1.882,rt,
oicha,2026-09-03,1.653,1.293,2.135,1.495,1.823,rt,
oicha,2026-09-04,1.602,1.27,2.055,1.456,1.761,rt,
oicha,2026-09-05,1.557,1.212,2.0,1.407,1.715,rt,
oicha,2026-09-06,1.509,1.167,1.971,1.359,1.679,rt,
oicha,2026-09-07,1.492,1.131,1.962,1.325,1.664,rt,
oicha,2026-09-08,1.438,1.108,1.887,1.296,1.603,rt,
oicha,2026-09-09,1.394,1.079,1.808,1.255,1.548,rt,
oicha,2026-09-10,1.353,1.047,1.74,1.215,1.5,rt,
oicha,2026-09-11,1.321,1.01,1.713,1.195,1.467,rt,
oicha,2026-09-12,1.294,0.978,1.693,1.169,1.447,rt,
oicha,2026-09-13,1.272,0.932,1.681,1.135,1.416,rt,
oicha,2026-09-14,1.269,0.909,1.716,1.127,1.424,rt,
oicha,2026-09-15,1.268,0.924,1.688,1.127,1.42,rt,
oicha,2026-09-16,1.264,0.92,1.681,1.12,1.424,rt,
oicha,2026-09-17,1.256,0.916,1.671,1.113,1.424,rt,
oicha,2026-09-18,1.245,0.907,1.668,1.096,1.412,rt,
oicha,2026-09-19,1.239,0.901,1.685,1.079,1.406,rt,
oicha,2026-09-20,1.226,0.871,1.698,1.062,1.406,rt,
oicha,2026-09-21,1.22,0.837,1.728,1.046,1.41,rt,
oicha,2026-09-22,1.227,0.844,1.738,1.051,1.422,rt,
oicha,2026-09-23,1.232,0.851,1.778,1.056,1.441,rt,
oicha,2026-09-24,1.24,0.845,1.803,1.057,1.46,rt,
oicha,2026-09-25,1.242,0.827,1.815,1.053,1.469,rt,
oicha,2026-09-26,1.247,0.805,1.875,1.048,1.485,rt,
oicha,2026-09-27,1.252,0.785,1.922,1.041,1.497,rt,
oicha,2026-09-28,1.232,0.755,1.944,1.012,1.482,rt,
oicha,2026-09-29,1.219,0.743,1.937,0.998,1.464,rt,
oicha,2026-09-30,1.201,0.728,1.917,0.983,1.462,rt,
oicha,2026-10-01,1.184,0.71,1.914,0.968,1.454,rt,
oicha,2026-10-02,1.19,0.698,1.929,0.961,1.454,rt,
oicha,2026-10-03,1.183,0.666,1.946,0.947,1.459,rt,
oicha,2026-10-04,1.17,0.642,2.005,0.931,1.476,rt,
oicha,2026-10-05,1.161,0.62,2.068,0.911,1.485,rt,
oicha,2026-10-06,1.135,0.621,2.007,0.902,1.459,rt,
vuhovi,2026-08-05,1.597,1.319,1.972,1.474,1.735,rt,
vuhovi,2026-08-06,1.608,1.331,2.005,1.48,1.747,rt,
vuhovi,2026-08-07,1.633,1.346,2.033,1.51,1.764,rt,
vuhovi,2026-08-08,1.653,1.362,2.062,1.53,1.792,rt,
vuhovi,2026-08-09,1.676,1.368,2.099,1.552,1.822,rt,
vuhovi,2026-08-10,1.687,1.362,2.129,1.554,1.842,rt,
vuhovi,2026-08-11,1.709,1.394,2.14,1.578,1.863,rt,
vuhovi,2026-08-12,1.731,1.425,2.142,1.595,1.879,rt,
vuhovi,2026-08-13,1.749,1.448,2.154,1.612,1.902,rt,
vuhovi,2026-08-14,1.772,1.468,2.167,1.634,1.916,rt,
vuhovi,2026-08-15,1.789,1.475,2.195,1.647,1.941,rt,
vuhovi,2026-08-16,1.809,1.48,2.236,1.662,1.97,rt,
vuhovi,2026-08-17,1.825,1.477,2.284,1.671,2.001,rt,
vuhovi,2026-08-18,1.838,1.493,2.291,1.685,2.014,rt,
vuhovi,2026-08-19,1.854,1.494,2.304,1.696,2.03,rt,
vuhovi,2026-08-20,1.864,1.495,2.328,1.702,2.043,rt,
vuhovi,2026-08-21,1.839,1.483,2.304,1.687,2.025,rt,
vuhovi,2026-08-22,1.822,1.471,2.3,1.67,2.004,rt,
vuhovi,2026-08-23,1.802,1.447,2.318,1.634,1.993,rt,
vuhovi,2026-08-24,1.775,1.405,2.313,1.599,1.971,rt,
vuhovi,2026-08-25,1.738,1.389,2.237,1.57,1.916,rt,
vuhovi,2026-08-26,1.698,1.359,2.179,1.537,1.862,rt,
vuhovi,2026-08-27,1.65,1.328,2.139,1.5,1.811,rt,
vuhovi,2026-08-28,1.598,1.287,2.05,1.454,1.752,rt,
vuhovi,2026-08-29,1.547,1.249,1.973,1.406,1.695,rt,
vuhovi,2026-08-30,1.496,1.2,1.917,1.357,1.644,rt,
vuhovi,2026-08-31,1.425,1.129,1.836,1.285,1.572,rt,
vuhovi,2026-09-01,1.357,1.086,1.719,1.228,1.496,rt,
vuhovi,2026-09-02,1.292,1.039,1.634,1.178,1.425,rt,
vuhovi,2026-09-03,1.233,0.99,1.553,1.124,1.364,rt,
vuhovi,2026-09-04,1.186,0.962,1.475,1.087,1.306,rt,
vuhovi,2026-09-05,1.138,0.925,1.419,1.045,1.252,rt,
vuhovi,2026-09-06,1.099,0.884,1.369,1.0,1.205,rt,
vuhovi,2026-09-07,1.069,0.845,1.356,0.971,1.179,rt,
vuhovi,2026-09-08,1.05,0.836,1.319,0.956,1.155,rt,
vuhovi,2026-09-09,1.031,0.828,1.286,0.941,1.132,rt,
vuhovi,2026-09-10,1.013,0.814,1.261,0.929,1.119,rt,
vuhovi,2026-09-11,1.011,0.802,1.255,0.919,1.108,rt,
vuhovi,2026-09-12,1.005,0.784,1.266,0.909,1.103,rt,
vuhovi,2026-09-13,0.998,0.767,1.271,0.9,1.102,rt,
vuhovi,2026-09-14,1.017,0.761,1.313,0.906,1.126,rt,
vuhovi,2026-09-15,1.034,0.774,1.329,0.924,1.149,rt,
vuhovi,2026-09-16,1.055,0.785,1.347,0.942,1.165,rt,
vuhovi,2026-09-17,1.07,0.798,1.379,0.957,1.187,rt,
vuhovi,2026-09-18,1.084,0.807,1.406,0.966,1.2,rt,
vuhovi,2026-09-19,1.091,0.815,1.431,0.972,1.224,rt,
vuhovi,2026-09-20,1.103,0.814,1.479,0.98,1.246,rt,
vuhovi,2026-09-21,1.121,0.809,1.533,0.985,1.271,rt,
vuhovi,2026-09-22,1.13,0.818,1.568,0.994,1.29,rt,
vuhovi,2026-09-23,1.142,0.827,1.591,1.0,1.308,rt,
vuhovi,2026-09-24,1.157,0.819,1.62,1.01,1.332,rt,
vuhovi,2026-09-25,1.17,0.82,1.638,1.015,1.35,rt,
vuhovi,2026-09-26,1.179,0.809,1.672,1.016,1.365,rt,
vuhovi,2026-09-27,1.185,0.8,1.7,1.016,1.383,rt,
vuhovi,2026-09-28,1.176,0.771,1.722,0.992,1.381,rt,
vuhovi,2026-09-29,1.162,0.758,1.704,0.973,1.373,rt,
vuhovi,2026-09-30,1.153,0.742,1.708,0.963,1.365,rt,
vuhovi,2026-10-01,1.144,0.727,1.715,0.952,1.359,rt,
vuhovi,2026-10-02,1.143,0.709,1.737,0.946,1.367,rt,
vuhovi,2026-10-03,1.139,0.681,1.788,0.935,1.374,rt,
vuhovi,2026-10-04,1.14,0.658,1.823,0.917,1.385,rt,
vuhovi,2026-10-05,1.138,0.628,1.893,0.896,1.4,rt,
vuhovi,2026-10-06,1.12,0.617,1.821,0.888,1.388,rt,
boma_mangbetu,2026-07-13,1.698,1.301,2.211,1.532,1.893,rt,
boma_mangbetu,2026-07-14,1.65,1.283,2.134,1.495,1.841,rt,
boma_mangbetu,2026-07-15,1.61,1.262,2.072,1.464,1.786,rt,
boma_mangbetu,2026-07-16,1.57,1.229,2.01,1.432,1.74,rt,
boma_mangbetu,2026-07-17,1.533,1.217,1.945,1.399,1.695,rt,
boma_mangbetu,2026-07-18,1.499,1.19,1.901,1.366,1.656,rt,
boma_mangbetu,2026-07-19,1.464,1.154,1.864,1.328,1.624,rt,
boma_mangbetu,2026-07-20,1.441,1.119,1.855,1.303,1.605,rt,
boma_mangbetu,2026-07-21,1.42,1.113,1.803,1.289,1.57,rt,
boma_mangbetu,2026-07-22,1.396,1.096,1.763,1.267,1.537,rt,
boma_mangbetu,2026-07-23,1.371,1.076,1.742,1.25,1.513,rt,
boma_mangbetu,2026-07-24,1.35,1.067,1.705,1.234,1.486,rt,
boma_mangbetu,2026-07-25,1.329,1.052,1.685,1.218,1.468,rt,
boma_mangbetu,2026-07-26,1.312,1.028,1.671,1.195,1.449,rt,
boma_mangbetu,2026-07-27,1.295,0.994,1.673,1.166,1.432,rt,
boma_mangbetu,2026-07-28,1.272,0.991,1.624,1.153,1.41,rt,
boma_mangbetu,2026-07-29,1.253,0.981,1.595,1.135,1.382,rt,
boma_mangbetu,2026-07-30,1.231,0.979,1.563,1.117,1.359,rt,
boma_mangbetu,2026-07-31,1.212,0.959,1.525,1.099,1.328,rt,
boma_mangbetu,2026-08-01,1.189,0.937,1.497,1.08,1.302,rt,
boma_mangbetu,2026-08-02,1.169,0.905,1.482,1.06,1.283,rt,
boma_mangbetu,2026-08-03,1.15,0.873,1.467,1.037,1.272,rt,
boma_mangbetu,2026-08-04,1.141,0.877,1.436,1.034,1.26,rt,
boma_mangbetu,2026-08-05,1.135,0.886,1.422,1.033,1.249,rt,
boma_mangbetu,2026-08-06,1.126,0.887,1.407,1.03,1.242,rt,
boma_mangbetu,2026-08-07,1.113,0.889,1.373,1.021,1.223,rt,
boma_mangbetu,2026-08-08,1.101,0.88,1.366,1.01,1.205,rt,
boma_mangbetu,2026-08-09,1.09,0.857,1.36,0.993,1.193,rt,
boma_mangbetu,2026-08-10,1.062,0.824,1.346,0.961,1.172,rt,
boma_mangbetu,2026-08-11,1.042,0.822,1.305,0.95,1.148,rt,
boma_mangbetu,2026-08-12,1.025,0.816,1.273,0.936,1.127,rt,
boma_mangbetu,2026-08-13,1.007,0.797,1.255,0.92,1.106,rt,
boma_mangbetu,2026-08-14,0.984,0.781,1.224,0.902,1.077,rt,
boma_mangbetu,2026-08-15,0.963,0.762,1.191,0.88,1.051,rt,
boma_mangbetu,2026-08-16,0.939,0.743,1.176,0.854,1.027,rt,
boma_mangbetu,2026-08-17,0.918,0.716,1.161,0.832,1.015,rt,
boma_mangbetu,2026-08-18,0.907,0.71,1.131,0.824,0.998,rt,
boma_mangbetu,2026-08-19,0.894,0.703,1.111,0.811,0.982,rt,
boma_mangbetu,2026-08-20,0.878,0.691,1.098,0.796,0.967,rt,
boma_mangbetu,2026-08-21,0.872,0.688,1.081,0.791,0.953,rt,
boma_mangbetu,2026-08-22,0.86,0.677,1.071,0.781,0.943,rt,
boma_mangbetu,2026-08-23,0.849,0.662,1.068,0.773,0.937,rt,
boma_mangbetu,2026-08-24,0.862,0.658,1.088,0.778,0.953,rt,
boma_mangbetu,2026-08-25,0.876,0.681,1.103,0.794,0.969,rt,
boma_mangbetu,2026-08-26,0.892,0.687,1.125,0.811,0.985,rt,
boma_mangbetu,2026-08-27,0.904,0.701,1.139,0.823,0.998,rt,
boma_mangbetu,2026-08-28,0.928,0.725,1.157,0.844,1.02,rt,
boma_mangbetu,2026-08-29,0.945,0.745,1.189,0.86,1.04,rt,
boma_mangbetu,2026-08-30,0.965,0.755,1.219,0.874,1.058,rt,
boma_mangbetu,2026-08-31,0.982,0.762,1.258,0.887,1.081,rt,
boma_mangbetu,2026-09-01,0.995,0.774,1.271,0.902,1.095,rt,
boma_mangbetu,2026-09-02,1.004,0.784,1.288,0.914,1.111,rt,
boma_mangbetu,2026-09-03,1.019,0.799,1.316,0.925,1.128,rt,
boma_mangbetu,2026-09-04,1.021,0.799,1.318,0.933,1.132,rt,
boma_mangbetu,2026-09-05,1.027,0.804,1.334,0.932,1.139,rt,
boma_mangbetu,2026-09-06,1.028,0.801,1.345,0.931,1.149,rt,
boma_mangbetu,2026-09-07,1.023,0.789,1.36,0.919,1.151,rt,
boma_mangbetu,2026-09-08,1.014,0.779,1.338,0.907,1.135,rt,
boma_mangbetu,2026-09-09,1.006,0.769,1.322,0.898,1.122,rt,
boma_mangbetu,2026-09-10,0.996,0.759,1.315,0.889,1.12,rt,
boma_mangbetu,2026-09-11,0.981,0.745,1.295,0.879,1.103,rt,
boma_mangbetu,2026-09-12,0.972,0.735,1.289,0.868,1.094,rt,
boma_mangbetu,2026-09-13,0.961,0.72,1.283,0.852,1.085,rt,
boma_mangbetu,2026-09-14,0.949,0.689,1.287,0.835,1.071,rt,
boma_mangbetu,2026-09-15,0.935,0.679,1.258,0.821,1.057,rt,
boma_mangbetu,2026-09-16,0.924,0.67,1.244,0.808,1.042,rt,
boma_mangbetu,2026-09-17,0.915,0.655,1.237,0.791,1.031,rt,
boma_mangbetu,2026-09-18,0.9,0.641,1.226,0.78,1.021,rt,
boma_mangbetu,2026-09-19,0.886,0.62,1.223,0.764,1.011,rt,
boma_mangbetu,2026-09-20,0.872,0.598,1.223,0.746,0.998,rt,
boma_mangbetu,2026-09-21,0.864,0.577,1.239,0.739,0.996,rt,
boma_mangbetu,2026-09-22,0.858,0.573,1.233,0.73,0.992,rt,
boma_mangbetu,2026-09-23,0.847,0.564,1.238,0.721,0.99,rt,
boma_mangbetu,2026-09-24,0.839,0.551,1.24,0.71,0.986,rt,
boma_mangbetu,2026-09-25,0.824,0.542,1.227,0.701,0.975,rt,
boma_mangbetu,2026-09-26,0.814,0.528,1.214,0.685,0.968,rt,
boma_mangbetu,2026-09-27,0.803,0.51,1.217,0.671,0.961,rt,
boma_mangbetu,2026-09-28,0.796,0.497,1.23,0.658,0.963,rt,
boma_mangbetu,2026-09-29,0.789,0.491,1.225,0.654,0.961,rt,
boma_mangbetu,2026-09-30,0.786,0.485,1.219,0.647,0.963,rt,
boma_mangbetu,2026-10-01,0.778,0.474,1.216,0.637,0.955,rt,
boma_mangbetu,2026-10-02,0.77,0.464,1.221,0.631,0.947,rt,
boma_mangbetu,2026-10-03,0.763,0.454,1.245,0.622,0.944,rt,
boma_mangbetu,2026-10-04,0.758,0.434,1.278,0.614,0.95,rt,
boma_mangbetu,2026-10-05,0.76,0.421,1.336,0.599,0.956,rt,
boma_mangbetu,2026-10-06,0.767,0.44,1.296,0.613,0.955,rt,
isiro,2026-07-07,2.876,2.136,4.01,2.528,3.267,rt,
isiro,2026-07-08,2.809,2.114,3.79,2.474,3.165,rt,
isiro,2026-07-09,2.734,2.099,3.654,2.425,3.07,rt,
isiro,2026-07-10,2.661,2.071,3.502,2.378,2.979,rt,
isiro,2026-07-11,2.59,2.02,3.408,2.323,2.901,rt,
isiro,2026-07-12,2.516,1.962,3.308,2.259,2.827,rt,
isiro,2026-07-13,2.435,1.881,3.242,2.185,2.736,rt,
isiro,2026-07-14,2.347,1.83,3.063,2.128,2.624,rt,
isiro,2026-07-15,2.255,1.774,2.936,2.058,2.508,rt,
isiro,2026-07-16,2.178,1.721,2.824,1.988,2.406,rt,
isiro,2026-07-17,2.103,1.672,2.699,1.933,2.318,rt,
isiro,2026-07-18,2.04,1.623,2.603,1.874,2.235,rt,
isiro,2026-07-19,1.975,1.554,2.515,1.801,2.17,rt,
isiro,2026-07-20,1.92,1.496,2.452,1.745,2.124,rt,
isiro,2026-07-21,1.878,1.489,2.367,1.705,2.058,rt,
isiro,2026-07-22,1.832,1.465,2.294,1.669,2.01,rt,
isiro,2026-07-23,1.785,1.429,2.246,1.625,1.96,rt,
isiro,2026-07-24,1.746,1.416,2.184,1.596,1.91,rt,
isiro,2026-07-25,1.704,1.389,2.13,1.565,1.869,rt,
isiro,2026-07-26,1.668,1.343,2.088,1.524,1.831,rt,
isiro,2026-07-27,1.628,1.289,2.07,1.48,1.797,rt,
isiro,2026-07-28,1.599,1.286,2.008,1.459,1.763,rt,
isiro,2026-07-29,1.562,1.281,1.96,1.443,1.723,rt,
isiro,2026-07-30,1.536,1.257,1.928,1.419,1.692,rt,
isiro,2026-07-31,1.51,1.246,1.857,1.397,1.644,rt,
isiro,2026-08-01,1.483,1.228,1.808,1.367,1.606,rt,
isiro,2026-08-02,1.452,1.197,1.78,1.335,1.575,rt,
isiro,2026-08-03,1.424,1.152,1.76,1.302,1.55,rt,
isiro,2026-08-04,1.379,1.129,1.684,1.267,1.501,rt,
isiro,2026-08-05,1.338,1.097,1.629,1.233,1.451,rt,
isiro,2026-08-06,1.295,1.062,1.571,1.194,1.405,rt,
isiro,2026-08-07,1.247,1.028,1.505,1.15,1.35,rt,
isiro,2026-08-08,1.2,0.985,1.452,1.104,1.301,rt,
isiro,2026-08-09,1.155,0.942,1.415,1.062,1.258,rt,
isiro,2026-08-10,1.098,0.878,1.37,1.003,1.202,rt,
isiro,2026-08-11,1.044,0.841,1.285,0.954,1.137,rt,
isiro,2026-08-12,0.988,0.801,1.21,0.906,1.075,rt,
isiro,2026-08-13,0.937,0.758,1.147,0.859,1.017,rt,
isiro,2026-08-14,0.885,0.715,1.074,0.813,0.961,rt,
isiro,2026-08-15,0.831,0.665,1.016,0.765,0.902,rt,
isiro,2026-08-16,0.784,0.615,0.966,0.716,0.851,rt,
isiro,2026-08-17,0.743,0.564,0.926,0.674,0.812,rt,
isiro,2026-08-18,0.705,0.542,0.884,0.642,0.774,rt,
isiro,2026-08-19,0.67,0.517,0.845,0.609,0.737,rt,
isiro,2026-08-20,0.637,0.489,0.814,0.579,0.705,rt,
isiro,2026-08-21,0.611,0.468,0.778,0.555,0.676,rt,
isiro,2026-08-22,0.587,0.447,0.752,0.528,0.648,rt,
isiro,2026-08-23,0.562,0.415,0.731,0.501,0.627,rt,
isiro,2026-08-24,0.553,0.4,0.737,0.487,0.624,rt,
isiro,2026-08-25,0.545,0.396,0.719,0.48,0.613,rt,
isiro,2026-08-26,0.535,0.389,0.704,0.474,0.601,rt,
isiro,2026-08-27,0.528,0.378,0.698,0.462,0.591,rt,
isiro,2026-08-28,0.524,0.369,0.688,0.455,0.584,rt,
isiro,2026-08-29,0.519,0.36,0.679,0.447,0.581,rt,
isiro,2026-08-30,0.511,0.348,0.678,0.44,0.578,rt,
isiro,2026-08-31,0.504,0.33,0.68,0.431,0.576,rt,
isiro,2026-09-01,0.502,0.337,0.676,0.432,0.574,rt,
isiro,2026-09-02,0.5,0.337,0.674,0.427,0.571,rt,
isiro,2026-09-03,0.498,0.334,0.679,0.426,0.569,rt,
isiro,2026-09-04,0.493,0.329,0.67,0.422,0.565,rt,
isiro,2026-09-05,0.487,0.323,0.672,0.415,0.562,rt,
isiro,2026-09-06,0.481,0.314,0.678,0.407,0.56,rt,
isiro,2026-09-07,0.469,0.3,0.678,0.395,0.556,rt,
isiro,2026-09-08,0.465,0.298,0.67,0.392,0.549,rt,
isiro,2026-09-09,0.462,0.3,0.665,0.389,0.544,rt,
isiro,2026-09-10,0.458,0.298,0.661,0.386,0.541,rt,
isiro,2026-09-11,0.456,0.292,0.657,0.382,0.536,rt,
isiro,2026-09-12,0.452,0.286,0.658,0.375,0.533,rt,
isiro,2026-09-13,0.448,0.281,0.658,0.369,0.534,rt,
isiro,2026-09-14,0.442,0.27,0.666,0.361,0.531,rt,
isiro,2026-09-15,0.442,0.271,0.66,0.362,0.527,rt,
isiro,2026-09-16,0.44,0.265,0.655,0.362,0.525,rt,
isiro,2026-09-17,0.439,0.26,0.656,0.361,0.526,rt,
isiro,2026-09-18,0.439,0.259,0.659,0.359,0.525,rt,
isiro,2026-09-19,0.44,0.254,0.67,0.353,0.526,rt,
isiro,2026-09-20,0.439,0.25,0.681,0.35,0.53,rt,
isiro,2026-09-21,0.439,0.245,0.697,0.348,0.54,rt,
isiro,2026-09-22,0.44,0.247,0.706,0.352,0.546,rt,
isiro,2026-09-23,0.445,0.248,0.716,0.354,0.55,rt,
isiro,2026-09-24,0.447,0.248,0.737,0.355,0.553,rt,
isiro,2026-09-25,0.449,0.249,0.742,0.355,0.554,rt,
isiro,2026-09-26,0.449,0.249,0.758,0.354,0.558,rt,
isiro,2026-09-27,0.452,0.243,0.768,0.351,0.563,rt,
isiro,2026-09-28,0.456,0.239,0.789,0.349,0.575,rt,
isiro,2026-09-29,0.46,0.243,0.797,0.352,0.581,rt,
isiro,2026-09-30,0.463,0.246,0.814,0.353,0.587,rt,
isiro,2026-10-01,0.463,0.248,0.83,0.358,0.597,rt,
isiro,2026-10-02,0.468,0.249,0.853,0.36,0.603,rt,
isiro,2026-10-03,0.469,0.247,0.881,0.361,0.608,rt,
isiro,2026-10-04,0.472,0.241,0.91,0.361,0.628,rt,
isiro,2026-10-05,0.479,0.239,0.955,0.364,0.649,rt,
isiro,2026-10-06,0.527,0.254,1.065,0.391,0.701,rt,
pawa,2026-07-11,2.045,1.595,2.697,1.851,2.288,rt,
pawa,2026-07-12,2.0,1.55,2.646,1.801,2.236,rt,
pawa,2026-07-13,1.94,1.482,2.584,1.738,2.171,rt,
pawa,2026-07-14,1.881,1.454,2.464,1.691,2.098,rt,
pawa,2026-07-15,1.829,1.417,2.386,1.65,2.034,rt,
pawa,2026-07-16,1.771,1.376,2.312,1.605,1.975,rt,
pawa,2026-07-17,1.729,1.347,2.219,1.565,1.924,rt,
pawa,2026-07-18,1.679,1.305,2.159,1.522,1.869,rt,
pawa,2026-07-19,1.637,1.262,2.121,1.484,1.827,rt,
pawa,2026-07-20,1.609,1.22,2.114,1.444,1.794,rt,
pawa,2026-07-21,1.585,1.22,2.047,1.429,1.76,rt,
pawa,2026-07-22,1.567,1.218,2.01,1.411,1.732,rt,
pawa,2026-07-23,1.545,1.195,1.987,1.394,1.707,rt,
pawa,2026-07-24,1.52,1.186,1.942,1.386,1.684,rt,
pawa,2026-07-25,1.501,1.162,1.9,1.373,1.659,rt,
pawa,2026-07-26,1.477,1.138,1.875,1.348,1.64,rt,
pawa,2026-07-27,1.466,1.117,1.874,1.323,1.625,rt,
pawa,2026-07-28,1.46,1.124,1.856,1.326,1.613,rt,
pawa,2026-07-29,1.456,1.125,1.855,1.325,1.612,rt,
pawa,2026-07-30,1.459,1.132,1.852,1.322,1.607,rt,
pawa,2026-07-31,1.454,1.146,1.826,1.318,1.588,rt,
pawa,2026-08-01,1.446,1.134,1.814,1.317,1.583,rt,
pawa,2026-08-02,1.44,1.121,1.819,1.309,1.584,rt,
pawa,2026-08-03,1.437,1.098,1.829,1.301,1.588,rt,
pawa,2026-08-04,1.455,1.13,1.823,1.32,1.591,rt,
pawa,2026-08-05,1.468,1.159,1.824,1.341,1.6,rt,
pawa,2026-08-06,1.479,1.186,1.835,1.356,1.614,rt,
pawa,2026-08-07,1.485,1.208,1.819,1.366,1.609,rt,
pawa,2026-08-08,1.492,1.225,1.82,1.377,1.614,rt,
pawa,2026-08-09,1.499,1.22,1.833,1.382,1.621,rt,
pawa,2026-08-10,1.484,1.204,1.85,1.364,1.614,rt,
pawa,2026-08-11,1.469,1.198,1.828,1.352,1.603,rt,
pawa,2026-08-12,1.457,1.198,1.803,1.34,1.587,rt,
pawa,2026-08-13,1.444,1.186,1.793,1.327,1.574,rt,
pawa,2026-08-14,1.421,1.173,1.754,1.308,1.547,rt,
pawa,2026-08-15,1.398,1.148,1.737,1.283,1.527,rt,
pawa,2026-08-16,1.376,1.122,1.733,1.256,1.499,rt,
pawa,2026-08-17,1.355,1.094,1.743,1.239,1.497,rt,
pawa,2026-08-18,1.323,1.072,1.669,1.214,1.457,rt,
pawa,2026-08-19,1.291,1.038,1.628,1.186,1.427,rt,
pawa,2026-08-20,1.26,1.008,1.583,1.151,1.384,rt,
pawa,2026-08-21,1.234,1.005,1.559,1.134,1.354,rt,
pawa,2026-08-22,1.206,0.99,1.527,1.114,1.321,rt,
pawa,2026-08-23,1.18,0.97,1.511,1.092,1.296,rt,
pawa,2026-08-24,1.186,0.971,1.519,1.092,1.306,rt,
pawa,2026-08-25,1.186,0.976,1.489,1.09,1.297,rt,
pawa,2026-08-26,1.186,0.977,1.47,1.089,1.293,rt,
pawa,2026-08-27,1.181,0.968,1.463,1.083,1.284,rt,
pawa,2026-08-28,1.177,0.971,1.442,1.086,1.281,rt,
pawa,2026-08-29,1.176,0.972,1.438,1.087,1.28,rt,
pawa,2026-08-30,1.173,0.959,1.44,1.083,1.278,rt,
pawa,2026-08-31,1.172,0.951,1.452,1.076,1.274,rt,
pawa,2026-09-01,1.173,0.952,1.436,1.077,1.271,rt,
pawa,2026-09-02,1.168,0.953,1.431,1.074,1.265,rt,
pawa,2026-09-03,1.163,0.946,1.434,1.068,1.261,rt,
pawa,2026-09-04,1.15,0.941,1.397,1.06,1.244,rt,
pawa,2026-09-05,1.137,0.931,1.375,1.046,1.228,rt,
pawa,2026-09-06,1.123,0.918,1.358,1.029,1.215,rt,
pawa,2026-09-07,1.096,0.886,1.335,1.001,1.193,rt,
pawa,2026-09-08,1.075,0.871,1.308,0.986,1.173,rt,
pawa,2026-09-09,1.056,0.854,1.29,0.97,1.153,rt,
pawa,2026-09-10,1.04,0.833,1.275,0.951,1.134,rt,
pawa,2026-09-11,1.022,0.811,1.244,0.929,1.113,rt,
pawa,2026-09-12,1.001,0.794,1.231,0.91,1.091,rt,
pawa,2026-09-13,0.979,0.771,1.214,0.889,1.074,rt,
pawa,2026-09-14,0.958,0.74,1.203,0.865,1.057,rt,
pawa,2026-09-15,0.934,0.721,1.187,0.85,1.038,rt,
pawa,2026-09-16,0.914,0.701,1.176,0.832,1.02,rt,
pawa,2026-09-17,0.898,0.678,1.166,0.811,1.004,rt,
pawa,2026-09-18,0.883,0.654,1.16,0.794,0.987,rt,
pawa,2026-09-19,0.865,0.628,1.144,0.773,0.973,rt,
pawa,2026-09-20,0.851,0.608,1.137,0.753,0.961,rt,
pawa,2026-09-21,0.841,0.587,1.154,0.736,0.958,rt,
pawa,2026-09-22,0.834,0.574,1.159,0.728,0.949,rt,
pawa,2026-09-23,0.824,0.562,1.162,0.715,0.947,rt,
pawa,2026-09-24,0.817,0.55,1.175,0.703,0.948,rt,
pawa,2026-09-25,0.808,0.534,1.165,0.688,0.937,rt,
pawa,2026-09-26,0.797,0.519,1.162,0.675,0.929,rt,
pawa,2026-09-27,0.784,0.505,1.158,0.66,0.922,rt,
pawa,2026-09-28,0.778,0.489,1.168,0.649,0.919,rt,
pawa,2026-09-29,0.771,0.483,1.173,0.64,0.916,rt,
pawa,2026-09-30,0.766,0.473,1.184,0.632,0.916,rt,
pawa,2026-10-01,0.762,0.46,1.194,0.624,0.918,rt,
pawa,2026-10-02,0.751,0.448,1.207,0.613,0.913,rt,
pawa,2026-10-03,0.747,0.428,1.227,0.603,0.917,rt,
pawa,2026-10-04,0.74,0.414,1.264,0.589,0.917,rt,
pawa,2026-10-05,0.74,0.396,1.307,0.581,0.929,rt,
pawa,2026-10-06,0.754,0.412,1.308,0.59,0.939,rt,
rungu,2026-10-03,0.707,0.461,1.087,0.597,0.843,rt,
rungu,2026-10-04,0.703,0.446,1.114,0.587,0.853,rt,
rungu,2026-10-05,0.708,0.435,1.152,0.58,0.872,rt,
rungu,2026-10-06,0.733,0.458,1.158,0.607,0.89,rt,
wamba,2026-06-30,2.428,1.887,3.222,2.18,2.707,rt,
wamba,2026-07-01,2.367,1.841,3.137,2.121,2.639,rt,
wamba,2026-07-02,2.302,1.783,3.058,2.064,2.57,rt,
wamba,2026-07-03,2.231,1.73,2.907,2.004,2.467,rt,
wamba,2026-07-04,2.157,1.674,2.809,1.932,2.384,rt,
wamba,2026-07-05,2.083,1.606,2.709,1.863,2.314,rt,
wamba,2026-07-06,2.009,1.518,2.624,1.78,2.233,rt,
wamba,2026-07-07,1.957,1.486,2.535,1.741,2.167,rt,
wamba,2026-07-08,1.907,1.465,2.47,1.708,2.107,rt,
wamba,2026-07-09,1.863,1.436,2.417,1.672,2.056,rt,
wamba,2026-07-10,1.819,1.421,2.326,1.647,1.992,rt,
wamba,2026-07-11,1.776,1.399,2.259,1.621,1.94,rt,
wamba,2026-07-12,1.736,1.36,2.202,1.587,1.904,rt,
wamba,2026-07-13,1.69,1.296,2.148,1.53,1.858,rt,
wamba,2026-07-14,1.653,1.293,2.084,1.505,1.81,rt,
wamba,2026-07-15,1.62,1.287,2.042,1.48,1.773,rt,
wamba,2026-07-16,1.59,1.278,1.992,1.45,1.75,rt,
wamba,2026-07-17,1.57,1.268,1.944,1.431,1.708,rt,
wamba,2026-07-18,1.545,1.248,1.915,1.409,1.678,rt,
wamba,2026-07-19,1.517,1.218,1.902,1.389,1.659,rt,
wamba,2026-07-20,1.503,1.196,1.902,1.369,1.652,rt,
wamba,2026-07-21,1.484,1.192,1.864,1.36,1.623,rt,
wamba,2026-07-22,1.466,1.185,1.847,1.348,1.605,rt,
wamba,2026-07-23,1.452,1.178,1.82,1.337,1.584,rt,
wamba,2026-07-24,1.439,1.164,1.788,1.325,1.561,rt,
wamba,2026-07-25,1.423,1.158,1.766,1.309,1.549,rt,
wamba,2026-07-26,1.41,1.145,1.753,1.289,1.537,rt,
wamba,2026-07-27,1.391,1.118,1.775,1.265,1.528,rt,
wamba,2026-07-28,1.363,1.106,1.716,1.245,1.498,rt,
wamba,2026-07-29,1.335,1.092,1.663,1.223,1.463,rt,
wamba,2026-07-30,1.309,1.069,1.612,1.199,1.434,rt,
wamba,2026-07-31,1.284,1.046,1.564,1.177,1.398,rt,
wamba,2026-08-01,1.256,1.019,1.531,1.153,1.361,rt,
wamba,2026-08-02,1.23,0.98,1.502,1.127,1.336,rt,
wamba,2026-08-03,1.204,0.941,1.493,1.092,1.312,rt,
wamba,2026-08-04,1.188,0.941,1.461,1.086,1.289,rt,
wamba,2026-08-05,1.17,0.942,1.426,1.074,1.268,rt,
wamba,2026-08-06,1.158,0.931,1.403,1.056,1.255,rt,
wamba,2026-08-07,1.137,0.915,1.38,1.042,1.226,rt,
wamba,2026-08-08,1.114,0.89,1.351,1.025,1.204,rt,
wamba,2026-08-09,1.093,0.864,1.338,1.002,1.185,rt,
wamba,2026-08-10,1.059,0.819,1.322,0.966,1.158,rt,
wamba,2026-08-11,1.035,0.806,1.268,0.944,1.126,rt,
wamba,2026-08-12,1.009,0.794,1.236,0.919,1.097,rt,
wamba,2026-08-13,0.982,0.781,1.206,0.899,1.068,rt,
wamba,2026-08-14,0.953,0.756,1.165,0.872,1.038,rt,
wamba,2026-08-15,0.923,0.725,1.139,0.841,1.006,rt,
wamba,2026-08-16,0.892,0.69,1.119,0.809,0.981,rt,
wamba,2026-08-17,0.869,0.658,1.112,0.779,0.963,rt,
wamba,2026-08-18,0.856,0.656,1.069,0.772,0.941,rt,
wamba,2026-08-19,0.841,0.653,1.047,0.759,0.923,rt,
wamba,2026-08-20,0.825,0.642,1.03,0.744,0.906,rt,
wamba,2026-08-21,0.815,0.636,1.004,0.74,0.888,rt,
wamba,2026-08-22,0.804,0.63,0.988,0.73,0.881,rt,
wamba,2026-08-23,0.794,0.618,0.977,0.72,0.87,rt,
wamba,2026-08-24,0.803,0.621,1.004,0.727,0.885,rt,
wamba,2026-08-25,0.818,0.645,1.011,0.742,0.9,rt,
wamba,2026-08-26,0.832,0.664,1.032,0.761,0.912,rt,
wamba,2026-08-27,0.847,0.676,1.045,0.775,0.928,rt,
wamba,2026-08-28,0.867,0.695,1.055,0.795,0.947,rt,
wamba,2026-08-29,0.886,0.714,1.074,0.813,0.969,rt,
wamba,2026-08-30,0.904,0.727,1.106,0.831,0.992,rt,
wamba,2026-08-31,0.924,0.731,1.148,0.844,1.01,rt,
wamba,2026-09-01,0.94,0.75,1.164,0.859,1.027,rt,
wamba,2026-09-02,0.952,0.763,1.182,0.875,1.045,rt,
wamba,2026-09-03,0.967,0.77,1.207,0.887,1.061,rt,
wamba,2026-09-04,0.971,0.783,1.211,0.893,1.064,rt,
wamba,2026-09-05,0.975,0.788,1.232,0.898,1.072,rt,
wamba,2026-09-06,0.983,0.789,1.258,0.899,1.08,rt,
wamba,2026-09-07,0.978,0.769,1.272,0.892,1.085,rt,
wamba,2026-09-08,0.967,0.765,1.255,0.884,1.068,rt,
wamba,2026-09-09,0.96,0.754,1.24,0.875,1.062,rt,
wamba,2026-09-10,0.953,0.747,1.226,0.866,1.056,rt,
wamba,2026-09-11,0.944,0.735,1.203,0.854,1.046,rt,
wamba,2026-09-12,0.934,0.721,1.196,0.842,1.037,rt,
wamba,2026-09-13,0.927,0.699,1.196,0.828,1.033,rt,
wamba,2026-09-14,0.912,0.673,1.198,0.808,1.027,rt,
wamba,2026-09-15,0.9,0.666,1.179,0.798,1.011,rt,
wamba,2026-09-16,0.888,0.657,1.164,0.786,0.999,rt,
wamba,2026-09-17,0.875,0.645,1.158,0.773,0.985,rt,
wamba,2026-09-18,0.861,0.63,1.15,0.759,0.975,rt,
wamba,2026-09-19,0.85,0.617,1.151,0.744,0.97,rt,
wamba,2026-09-20,0.842,0.594,1.145,0.726,0.965,rt,
wamba,2026-09-21,0.835,0.578,1.162,0.716,0.964,rt,
wamba,2026-09-22,0.828,0.562,1.161,0.706,0.962,rt,
wamba,2026-09-23,0.82,0.548,1.161,0.698,0.957,rt,
wamba,2026-09-24,0.812,0.536,1.176,0.685,0.954,rt,
wamba,2026-09-25,0.804,0.526,1.17,0.671,0.946,rt,
wamba,2026-09-26,0.795,0.512,1.178,0.655,0.937,rt,
wamba,2026-09-27,0.787,0.495,1.183,0.639,0.927,rt,
wamba,2026-09-28,0.779,0.483,1.193,0.632,0.931,rt,
wamba,2026-09-29,0.774,0.475,1.186,0.624,0.928,rt,
wamba,2026-09-30,0.767,0.469,1.18,0.617,0.922,rt,
wamba,2026-10-01,0.76,0.461,1.184,0.612,0.921,rt,
wamba,2026-10-02,0.754,0.455,1.192,0.607,0.922,rt,
wamba,2026-10-03,0.743,0.444,1.19,0.598,0.917,rt,
wamba,2026-10-04,0.735,0.426,1.213,0.589,0.92,rt,
wamba,2026-10-05,0.737,0.403,1.26,0.581,0.934,rt,
wamba,2026-10-06,0.738,0.419,1.283,0.594,0.93,rt,
makiso_kisangani,2026-07-27,1.361,1.176,1.569,1.283,1.447,rt,
makiso_kisangani,2026-07-28,1.368,1.175,1.576,1.286,1.455,rt,
makiso_kisangani,2026-07-29,1.374,1.178,1.589,1.292,1.463,rt,
makiso_kisangani,2026-07-30,1.383,1.18,1.602,1.296,1.472,rt,
makiso_kisangani,2026-07-31,1.386,1.19,1.591,1.301,1.472,rt,
makiso_kisangani,2026-08-01,1.389,1.198,1.59,1.304,1.471,rt,
makiso_kisangani,2026-08-02,1.391,1.199,1.594,1.307,1.471,rt,
makiso_kisangani,2026-08-03,1.388,1.194,1.596,1.306,1.469,rt,
makiso_kisangani,2026-08-04,1.384,1.188,1.601,1.305,1.468,rt,
makiso_kisangani,2026-08-05,1.381,1.182,1.603,1.301,1.466,rt,
makiso_kisangani,2026-08-06,1.379,1.177,1.605,1.296,1.466,rt,
makiso_kisangani,2026-08-07,1.377,1.182,1.598,1.296,1.456,rt,
makiso_kisangani,2026-08-08,1.374,1.183,1.588,1.292,1.449,rt,
makiso_kisangani,2026-08-09,1.369,1.183,1.584,1.289,1.446,rt,
makiso_kisangani,2026-08-10,1.358,1.17,1.574,1.279,1.439,rt,
makiso_kisangani,2026-08-11,1.346,1.16,1.566,1.268,1.433,rt,
makiso_kisangani,2026-08-12,1.335,1.149,1.561,1.257,1.425,rt,
makiso_kisangani,2026-08-13,1.329,1.138,1.553,1.245,1.42,rt,
makiso_kisangani,2026-08-14,1.32,1.138,1.537,1.237,1.408,rt,
makiso_kisangani,2026-08-15,1.315,1.129,1.521,1.231,1.395,rt,
makiso_kisangani,2026-08-16,1.305,1.117,1.51,1.223,1.385,rt,
makiso_kisangani,2026-08-17,1.303,1.112,1.509,1.218,1.384,rt,
makiso_kisangani,2026-08-18,1.3,1.106,1.51,1.217,1.383,rt,
makiso_kisangani,2026-08-19,1.295,1.101,1.513,1.214,1.382,rt,
makiso_kisangani,2026-08-20,1.295,1.088,1.516,1.208,1.382,rt,
makiso_kisangani,2026-08-21,1.294,1.098,1.511,1.211,1.381,rt,
makiso_kisangani,2026-08-22,1.296,1.102,1.505,1.213,1.38,rt,
makiso_kisangani,2026-08-23,1.297,1.102,1.502,1.213,1.381,rt,
makiso_kisangani,2026-08-24,1.304,1.108,1.512,1.217,1.389,rt,
makiso_kisangani,2026-08-25,1.309,1.112,1.522,1.221,1.397,rt,
makiso_kisangani,2026-08-26,1.312,1.114,1.532,1.226,1.407,rt,
makiso_kisangani,2026-08-27,1.319,1.113,1.544,1.232,1.418,rt,
makiso_kisangani,2026-08-28,1.32,1.12,1.534,1.239,1.416,rt,
makiso_kisangani,2026-08-29,1.324,1.125,1.535,1.243,1.415,rt,
makiso_kisangani,2026-08-30,1.327,1.13,1.542,1.243,1.416,rt,
makiso_kisangani,2026-08-31,1.317,1.121,1.532,1.234,1.404,rt,
makiso_kisangani,2026-09-01,1.306,1.108,1.528,1.22,1.395,rt,
makiso_kisangani,2026-09-02,1.3,1.097,1.527,1.211,1.388,rt,
makiso_kisangani,2026-09-03,1.289,1.084,1.527,1.201,1.381,rt,
makiso_kisangani,2026-09-04,1.271,1.073,1.495,1.185,1.357,rt,
makiso_kisangani,2026-09-05,1.252,1.056,1.478,1.17,1.338,rt,
makiso_kisangani,2026-09-06,1.235,1.045,1.457,1.151,1.32,rt,
makiso_kisangani,2026-09-07,1.209,1.018,1.431,1.128,1.295,rt,
makiso_kisangani,2026-09-08,1.185,0.992,1.407,1.104,1.273,rt,
makiso_kisangani,2026-09-09,1.163,0.966,1.393,1.083,1.252,rt,
makiso_kisangani,2026-09-10,1.141,0.946,1.372,1.062,1.231,rt,
makiso_kisangani,2026-09-11,1.125,0.934,1.342,1.047,1.213,rt,
makiso_kisangani,2026-09-12,1.11,0.921,1.328,1.031,1.194,rt,
makiso_kisangani,2026-09-13,1.097,0.912,1.313,1.016,1.179,rt,
makiso_kisangani,2026-09-14,1.088,0.901,1.309,1.005,1.169,rt,
makiso_kisangani,2026-09-15,1.078,0.886,1.312,0.996,1.162,rt,
makiso_kisangani,2026-09-16,1.07,0.873,1.307,0.985,1.157,rt,
makiso_kisangani,2026-09-17,1.064,0.859,1.305,0.974,1.149,rt,
makiso_kisangani,2026-09-18,1.057,0.852,1.298,0.969,1.146,rt,
makiso_kisangani,2026-09-19,1.052,0.845,1.307,0.96,1.147,rt,
makiso_kisangani,2026-09-20,1.049,0.834,1.302,0.955,1.147,rt,
makiso_kisangani,2026-09-21,1.052,0.826,1.324,0.956,1.159,rt,
makiso_kisangani,2026-09-22,1.055,0.82,1.34,0.956,1.166,rt,
makiso_kisangani,2026-09-23,1.061,0.811,1.363,0.954,1.179,rt,
makiso_kisangani,2026-09-24,1.066,0.801,1.39,0.951,1.191,rt,
makiso_kisangani,2026-09-25,1.072,0.802,1.402,0.952,1.199,rt,
makiso_kisangani,2026-09-26,1.079,0.801,1.423,0.952,1.203,rt,
makiso_kisangani,2026-09-27,1.084,0.804,1.439,0.951,1.214,rt,
makiso_kisangani,2026-09-28,1.08,0.793,1.453,0.946,1.218,rt,
makiso_kisangani,2026-09-29,1.08,0.783,1.464,0.941,1.221,rt,
makiso_kisangani,2026-09-30,1.078,0.773,1.476,0.936,1.222,rt,
makiso_kisangani,2026-10-01,1.072,0.761,1.485,0.933,1.224,rt,
makiso_kisangani,2026-10-02,1.078,0.763,1.488,0.933,1.228,rt,
makiso_kisangani,2026-10-03,1.081,0.756,1.504,0.93,1.232,rt,
makiso_kisangani,2026-10-04,1.082,0.744,1.534,0.925,1.247,rt,
makiso_kisangani,2026-10-05,1.09,0.729,1.598,0.929,1.269,rt,
makiso_kisangani,2026-10-06,1.094,0.752,1.557,0.944,1.26,rt,
mangobo,2026-09-12,1.12,0.932,1.344,1.041,1.205,rt,
mangobo,2026-09-13,1.107,0.922,1.329,1.026,1.189,rt,
mangobo,2026-09-14,1.098,0.913,1.321,1.017,1.181,rt,
mangobo,2026-09-15,1.09,0.898,1.319,1.007,1.173,rt,
mangobo,2026-09-16,1.082,0.882,1.316,0.997,1.168,rt,
mangobo,2026-09-17,1.074,0.866,1.312,0.984,1.163,rt,
mangobo,2026-09-18,1.067,0.863,1.31,0.979,1.159,rt,
mangobo,2026-09-19,1.064,0.856,1.311,0.974,1.159,rt,
mangobo,2026-09-20,1.06,0.842,1.316,0.965,1.158,rt,
mangobo,2026-09-21,1.063,0.836,1.34,0.968,1.167,rt,
mangobo,2026-09-22,1.067,0.829,1.359,0.969,1.179,rt,
mangobo,2026-09-23,1.074,0.817,1.375,0.964,1.192,rt,
mangobo,2026-09-24,1.078,0.811,1.405,0.961,1.204,rt,
mangobo,2026-09-25,1.085,0.813,1.412,0.964,1.211,rt,
mangobo,2026-09-26,1.093,0.812,1.435,0.965,1.219,rt,
mangobo,2026-09-27,1.095,0.815,1.453,0.964,1.231,rt,
mangobo,2026-09-28,1.096,0.804,1.467,0.957,1.235,rt,
mangobo,2026-09-29,1.092,0.789,1.475,0.953,1.235,rt,
mangobo,2026-09-30,1.087,0.779,1.499,0.949,1.237,rt,
mangobo,2026-10-01,1.087,0.771,1.507,0.946,1.237,rt,
mangobo,2026-10-02,1.092,0.769,1.515,0.942,1.24,rt,
mangobo,2026-10-03,1.097,0.767,1.524,0.944,1.248,rt,
mangobo,2026-10-04,1.101,0.754,1.552,0.938,1.261,rt,
mangobo,2026-10-05,1.106,0.741,1.619,0.941,1.287,rt,
mangobo,2026-10-06,1.112,0.764,1.569,0.956,1.277,rt,
adja,2026-08-18,,,,,,cases,0
adja,2026-08-25,,,,,,cases,0
adja,2026-09-01,,,,,,cases,0
adja,2026-09-08,,,,,,cases,0
adja,2026-09-15,,,,,,cases,0
adja,2026-09-22,,,,,,cases,0
adja,2026-09-29,,,,,,cases,0
adja,2026-10-06,,,,,,cases,1
ariwara,2026-08-18,,,,,,cases,1
ariwara,2026-08-25,,,,,,cases,0
ariwara,2026-09-01,,,,,,cases,0
ariwara,2026-09-08,,,,,,cases,0
ariwara,2026-09-15,,,,,,cases,0
ariwara,2026-09-22,,,,,,cases,0
ariwara,2026-09-29,,,,,,cases,0
ariwara,2026-10-06,,,,,,cases,0
aru,2026-08-18,,,,,,cases,0
aru,2026-08-25,,,,,,cases,0
aru,2026-09-01,,,,,,cases,1
aru,2026-09-08,,,,,,cases,0
aru,2026-09-15,,,,,,cases,0
aru,2026-09-22,,,,,,cases,0
aru,2026-09-29,,,,,,cases,0
aru,2026-10-06,,,,,,cases,0
aungba,2026-08-18,,,,,,cases,1
aungba,2026-08-25,,,,,,cases,1
aungba,2026-09-01,,,,,,cases,0
aungba,2026-09-08,,,,,,cases,0
aungba,2026-09-15,,,,,,cases,0
aungba,2026-09-22,,,,,,cases,0
aungba,2026-09-29,,,,,,cases,0
aungba,2026-10-06,,,,,,cases,0
bambu,2026-08-18,,,,,,cases,21
bambu,2026-08-25,,,,,,cases,34
bambu,2026-09-01,,,,,,cases,17
bambu,2026-09-08,,,,,,cases,11
bambu,2026-09-15,,,,,,cases,3
bambu,2026-09-22,,,,,,cases,18
bambu,2026-09-29,,,,,,cases,5
bambu,2026-10-06,,,,,,cases,8
boga,2026-08-18,,,,,,cases,0
boga,2026-08-25,,,,,,cases,1
boga,2026-09-01,,,,,,cases,0
boga,2026-09-08,,,,,,cases,0
boga,2026-09-15,,,,,,cases,0
boga,2026-09-22,,,,,,cases,0
boga,2026-09-29,,,,,,cases,0
boga,2026-10-06,,,,,,cases,0
bunia,2026-08-18,,,,,,cases,176
bunia,2026-08-25,,,,,,cases,98
bunia,2026-09-01,,,,,,cases,96
bunia,2026-09-08,,,,,,cases,110
bunia,2026-09-15,,,,,,cases,88
bunia,2026-09-22,,,,,,cases,67
bunia,2026-09-29,,,,,,cases,50
bunia,2026-10-06,,,,,,cases,62
damas,2026-08-18,,,,,,cases,7
damas,2026-08-25,,,,,,cases,2
damas,2026-09-01,,,,,,cases,1
damas,2026-09-08,,,,,,cases,4
damas,2026-09-15,,,,,,cases,8
damas,2026-09-22,,,,,,cases,0
damas,2026-09-29,,,,,,cases,0
damas,2026-10-06,,,,,,cases,0
drodro,2026-08-18,,,,,,cases,1
drodro,2026-08-25,,,,,,cases,0
drodro,2026-09-01,,,,,,cases,1
drodro,2026-09-08,,,,,,cases,1
drodro,2026-09-15,,,,,,cases,0
drodro,2026-09-22,,,,,,cases,0
drodro,2026-09-29,,,,,,cases,0
drodro,2026-10-06,,,,,,cases,0
fataki,2026-08-18,,,,,,cases,17
fataki,2026-08-25,,,,,,cases,1
fataki,2026-09-01,,,,,,cases,4
fataki,2026-09-08,,,,,,cases,1
fataki,2026-09-15,,,,,,cases,1
fataki,2026-09-22,,,,,,cases,2
fataki,2026-09-29,,,,,,cases,1
fataki,2026-10-06,,,,,,cases,2
gety,2026-08-18,,,,,,cases,3
gety,2026-08-25,,,,,,cases,0
gety,2026-09-01,,,,,,cases,1
gety,2026-09-08,,,,,,cases,1
gety,2026-09-15,,,,,,cases,0
gety,2026-09-22,,,,,,cases,0
gety,2026-09-29,,,,,,cases,0
gety,2026-10-06,,,,,,cases,2
kambala,2026-08-18,,,,,,cases,0
kambala,2026-08-25,,,,,,cases,0
kambala,2026-09-01,,,,,,cases,0
kambala,2026-09-08,,,,,,cases,0
kambala,2026-09-15,,,,,,cases,0
kambala,2026-09-22,,,,,,cases,0
kambala,2026-09-29,,,,,,cases,0
kambala,2026-10-06,,,,,,cases,0
kilo,2026-08-18,,,,,,cases,2
kilo,2026-08-25,,,,,,cases,1
kilo,2026-09-01,,,,,,cases,0
kilo,2026-09-08,,,,,,cases,1
kilo,2026-09-15,,,,,,cases,0
kilo,2026-09-22,,,,,,cases,1
kilo,2026-09-29,,,,,,cases,1
kilo,2026-10-06,,,,,,cases,3
komanda,2026-08-18,,,,,,cases,11
komanda,2026-08-25,,,,,,cases,8
komanda,2026-09-01,,,,,,cases,31
komanda,2026-09-08,,,,,,cases,26
komanda,2026-09-15,,,,,,cases,18
komanda,2026-09-22,,,,,,cases,17
komanda,2026-09-29,,,,,,cases,16
komanda,2026-10-06,,,,,,cases,7
lita,2026-08-18,,,,,,cases,23
lita,2026-08-25,,,,,,cases,18
lita,2026-09-01,,,,,,cases,20
lita,2026-09-08,,,,,,cases,23
lita,2026-09-15,,,,,,cases,17
lita,2026-09-22,,,,,,cases,12
lita,2026-09-29,,,,,,cases,8
lita,2026-10-06,,,,,,cases,11
logo,2026-08-18,,,,,,cases,0
logo,2026-08-25,,,,,,cases,0
logo,2026-09-01,,,,,,cases,0
logo,2026-09-08,,,,,,cases,2
logo,2026-09-15,,,,,,cases,0
logo,2026-09-22,,,,,,cases,0
logo,2026-09-29,,,,,,cases,0
logo,2026-10-06,,,,,,cases,1
lolwa,2026-08-18,,,,,,cases,6
lolwa,2026-08-25,,,,,,cases,2
lolwa,2026-09-01,,,,,,cases,3
lolwa,2026-09-08,,,,,,cases,3
lolwa,2026-09-15,,,,,,cases,6
lolwa,2026-09-22,,,,,,cases,1
lolwa,2026-09-29,,,,,,cases,2
lolwa,2026-10-06,,,,,,cases,1
mahagi,2026-08-18,,,,,,cases,0
mahagi,2026-08-25,,,,,,cases,0
mahagi,2026-09-01,,,,,,cases,0
mahagi,2026-09-08,,,,,,cases,0
mahagi,2026-09-15,,,,,,cases,0
mahagi,2026-09-22,,,,,,cases,0
mahagi,2026-09-29,,,,,,cases,0
mahagi,2026-10-06,,,,,,cases,0
mambasa,2026-08-18,,,,,,cases,1
mambasa,2026-08-25,,,,,,cases,3
mambasa,2026-09-01,,,,,,cases,0
mambasa,2026-09-08,,,,,,cases,0
mambasa,2026-09-15,,,,,,cases,0
mambasa,2026-09-22,,,,,,cases,6
mambasa,2026-09-29,,,,,,cases,6
mambasa,2026-10-06,,,,,,cases,12
mandima,2026-08-18,,,,,,cases,6
mandima,2026-08-25,,,,,,cases,7
mandima,2026-09-01,,,,,,cases,4
mandima,2026-09-08,,,,,,cases,8
mandima,2026-09-15,,,,,,cases,13
mandima,2026-09-22,,,,,,cases,9
mandima,2026-09-29,,,,,,cases,71
mandima,2026-10-06,,,,,,cases,61
mangala,2026-08-18,,,,,,cases,57
mangala,2026-08-25,,,,,,cases,30
mangala,2026-09-01,,,,,,cases,60
mangala,2026-09-08,,,,,,cases,34
mangala,2026-09-15,,,,,,cases,25
mangala,2026-09-22,,,,,,cases,19
mangala,2026-09-29,,,,,,cases,10
mangala,2026-10-06,,,,,,cases,15
mongbwalu,2026-08-18,,,,,,cases,17
mongbwalu,2026-08-25,,,,,,cases,12
mongbwalu,2026-09-01,,,,,,cases,10
mongbwalu,2026-09-08,,,,,,cases,25
mongbwalu,2026-09-15,,,,,,cases,30
mongbwalu,2026-09-22,,,,,,cases,22
mongbwalu,2026-09-29,,,,,,cases,9
mongbwalu,2026-10-06,,,,,,cases,9
nia_nia,2026-08-18,,,,,,cases,36
nia_nia,2026-08-25,,,,,,cases,21
nia_nia,2026-09-01,,,,,,cases,17
nia_nia,2026-09-08,,,,,,cases,12
nia_nia,2026-09-15,,,,,,cases,20
nia_nia,2026-09-22,,,,,,cases,21
nia_nia,2026-09-29,,,,,,cases,29
nia_nia,2026-10-06,,,,,,cases,16
nizi,2026-08-18,,,,,,cases,69
nizi,2026-08-25,,,,,,cases,70
nizi,2026-09-01,,,,,,cases,42
nizi,2026-09-08,,,,,,cases,53
nizi,2026-09-15,,,,,,cases,19
nizi,2026-09-22,,,,,,cases,20
nizi,2026-09-29,,,,,,cases,16
nizi,2026-10-06,,,,,,cases,14
nyankunde,2026-08-18,,,,,,cases,5
nyankunde,2026-08-25,,,,,,cases,3
nyankunde,2026-09-01,,,,,,cases,0
nyankunde,2026-09-08,,,,,,cases,1
nyankunde,2026-09-15,,,,,,cases,0
nyankunde,2026-09-22,,,,,,cases,2
nyankunde,2026-09-29,,,,,,cases,2
nyankunde,2026-10-06,,,,,,cases,1
rimba,2026-08-18,,,,,,cases,0
rimba,2026-08-25,,,,,,cases,1
rimba,2026-09-01,,,,,,cases,1
rimba,2026-09-08,,,,,,cases,0
rimba,2026-09-15,,,,,,cases,0
rimba,2026-09-22,,,,,,cases,1
rimba,2026-09-29,,,,,,cases,0
rimba,2026-10-06,,,,,,cases,2
rwampara,2026-08-18,,,,,,cases,114
rwampara,2026-08-25,,,,,,cases,42
rwampara,2026-09-01,,,,,,cases,43
rwampara,2026-09-08,,,,,,cases,35
rwampara,2026-09-15,,,,,,cases,30
rwampara,2026-09-22,,,,,,cases,32
rwampara,2026-09-29,,,,,,cases,22
rwampara,2026-10-06,,,,,,cases,35
tchomia,2026-08-18,,,,,,cases,3
tchomia,2026-08-25,,,,,,cases,4
tchomia,2026-09-01,,,,,,cases,2
tchomia,2026-09-08,,,,,,cases,6
tchomia,2026-09-15,,,,,,cases,12
tchomia,2026-09-22,,,,,,cases,0
tchomia,2026-09-29,,,,,,cases,1
tchomia,2026-10-06,,,,,,cases,0
alimbongo,2026-08-18,,,,,,cases,0
alimbongo,2026-08-25,,,,,,cases,0
alimbongo,2026-09-01,,,,,,cases,0
alimbongo,2026-09-08,,,,,,cases,0
alimbongo,2026-09-15,,,,,,cases,0
alimbongo,2026-09-22,,,,,,cases,0
alimbongo,2026-09-29,,,,,,cases,0
alimbongo,2026-10-06,,,,,,cases,5
beni,2026-08-18,,,,,,cases,20
beni,2026-08-25,,,,,,cases,20
beni,2026-09-01,,,,,,cases,28
beni,2026-09-08,,,,,,cases,39
beni,2026-09-15,,,,,,cases,56
beni,2026-09-22,,,,,,cases,51
beni,2026-09-29,,,,,,cases,56
beni,2026-10-06,,,,,,cases,61
biena,2026-08-18,,,,,,cases,0
biena,2026-08-25,,,,,,cases,0
biena,2026-09-01,,,,,,cases,1
biena,2026-09-08,,,,,,cases,8
biena,2026-09-15,,,,,,cases,9
biena,2026-09-22,,,,,,cases,0
biena,2026-09-29,,,,,,cases,1
biena,2026-10-06,,,,,,cases,4
butembo,2026-08-18,,,,,,cases,21
butembo,2026-08-25,,,,,,cases,22
butembo,2026-09-01,,,,,,cases,34
butembo,2026-09-08,,,,,,cases,37
butembo,2026-09-15,,,,,,cases,25
butembo,2026-09-22,,,,,,cases,11
butembo,2026-09-29,,,,,,cases,10
butembo,2026-10-06,,,,,,cases,23
goma,2026-08-18,,,,,,cases,0
goma,2026-08-25,,,,,,cases,0
goma,2026-09-01,,,,,,cases,0
goma,2026-09-08,,,,,,cases,0
goma,2026-09-15,,,,,,cases,0
goma,2026-09-22,,,,,,cases,0
goma,2026-09-29,,,,,,cases,0
goma,2026-10-06,,,,,,cases,0
kalunguta,2026-08-18,,,,,,cases,3
kalunguta,2026-08-25,,,,,,cases,3
kalunguta,2026-09-01,,,,,,cases,0
kalunguta,2026-09-08,,,,,,cases,4
kalunguta,2026-09-15,,,,,,cases,16
kalunguta,2026-09-22,,,,,,cases,13
kalunguta,2026-09-29,,,,,,cases,5
kalunguta,2026-10-06,,,,,,cases,9
katwa,2026-08-18,,,,,,cases,71
katwa,2026-08-25,,,,,,cases,50
katwa,2026-09-01,,,,,,cases,48
katwa,2026-09-08,,,,,,cases,69
katwa,2026-09-15,,,,,,cases,56
katwa,2026-09-22,,,,,,cases,15
katwa,2026-09-29,,,,,,cases,14
katwa,2026-10-06,,,,,,cases,46
kayna,2026-08-18,,,,,,cases,0
kayna,2026-08-25,,,,,,cases,0
kayna,2026-09-01,,,,,,cases,0
kayna,2026-09-08,,,,,,cases,1
kayna,2026-09-15,,,,,,cases,0
kayna,2026-09-22,,,,,,cases,0
kayna,2026-09-29,,,,,,cases,0
kayna,2026-10-06,,,,,,cases,2
kyondo,2026-08-18,,,,,,cases,2
kyondo,2026-08-25,,,,,,cases,1
kyondo,2026-09-01,,,,,,cases,0
kyondo,2026-09-08,,,,,,cases,9
kyondo,2026-09-15,,,,,,cases,5
kyondo,2026-09-22,,,,,,cases,2
kyondo,2026-09-29,,,,,,cases,1
kyondo,2026-10-06,,,,,,cases,4
lubero,2026-08-18,,,,,,cases,0
lubero,2026-08-25,,,,,,cases,0
lubero,2026-09-01,,,,,,cases,2
lubero,2026-09-08,,,,,,cases,4
lubero,2026-09-15,,,,,,cases,8
lubero,2026-09-22,,,,,,cases,5
lubero,2026-09-29,,,,,,cases,1
lubero,2026-10-06,,,,,,cases,2
mabalako,2026-08-18,,,,,,cases,1
mabalako,2026-08-25,,,,,,cases,1
mabalako,2026-09-01,,,,,,cases,3
mabalako,2026-09-08,,,,,,cases,4
mabalako,2026-09-15,,,,,,cases,9
mabalako,2026-09-22,,,,,,cases,5
mabalako,2026-09-29,,,,,,cases,9
mabalako,2026-10-06,,,,,,cases,18
manguredjipa,2026-08-18,,,,,,cases,0
manguredjipa,2026-08-25,,,,,,cases,0
manguredjipa,2026-09-01,,,,,,cases,2
manguredjipa,2026-09-08,,,,,,cases,2
manguredjipa,2026-09-15,,,,,,cases,5
manguredjipa,2026-09-22,,,,,,cases,4
manguredjipa,2026-09-29,,,,,,cases,0
manguredjipa,2026-10-06,,,,,,cases,0
masereka,2026-08-18,,,,,,cases,0
masereka,2026-08-25,,,,,,cases,0
masereka,2026-09-01,,,,,,cases,4
masereka,2026-09-08,,,,,,cases,4
masereka,2026-09-15,,,,,,cases,8
masereka,2026-09-22,,,,,,cases,2
masereka,2026-09-29,,,,,,cases,4
masereka,2026-10-06,,,,,,cases,5
musienene,2026-08-18,,,,,,cases,14
musienene,2026-08-25,,,,,,cases,9
musienene,2026-09-01,,,,,,cases,11
musienene,2026-09-08,,,,,,cases,18
musienene,2026-09-15,,,,,,cases,16
musienene,2026-09-22,,,,,,cases,4
musienene,2026-09-29,,,,,,cases,3
musienene,2026-10-06,,,,,,cases,16
mutwanga,2026-08-18,,,,,,cases,0
mutwanga,2026-08-25,,,,,,cases,1
mutwanga,2026-09-01,,,,,,cases,1
mutwanga,2026-09-08,,,,,,cases,0
mutwanga,2026-09-15,,,,,,cases,4
mutwanga,2026-09-22,,,,,,cases,4
mutwanga,2026-09-29,,,,,,cases,2
mutwanga,2026-10-06,,,,,,cases,8
oicha,2026-08-18,,,,,,cases,1
oicha,2026-08-25,,,,,,cases,1
oicha,2026-09-01,,,,,,cases,0
oicha,2026-09-08,,,,,,cases,2
oicha,2026-09-15,,,,,,cases,3
oicha,2026-09-22,,,,,,cases,3
oicha,2026-09-29,,,,,,cases,11
oicha,2026-10-06,,,,,,cases,8
vuhovi,2026-08-18,,,,,,cases,2
vuhovi,2026-08-25,,,,,,cases,0
vuhovi,2026-09-01,,,,,,cases,1
vuhovi,2026-09-08,,,,,,cases,4
vuhovi,2026-09-15,,,,,,cases,10
vuhovi,2026-09-22,,,,,,cases,7
vuhovi,2026-09-29,,,,,,cases,4
vuhovi,2026-10-06,,,,,,cases,4
boma_mangbetu,2026-08-18,,,,,,cases,2
boma_mangbetu,2026-08-25,,,,,,cases,3
boma_mangbetu,2026-09-01,,,,,,cases,1
boma_mangbetu,2026-09-08,,,,,,cases,2
boma_mangbetu,2026-09-15,,,,,,cases,5
boma_mangbetu,2026-09-22,,,,,,cases,2
boma_mangbetu,2026-09-29,,,,,,cases,3
boma_mangbetu,2026-10-06,,,,,,cases,4
dungu,2026-08-18,,,,,,cases,0
dungu,2026-08-25,,,,,,cases,0
dungu,2026-09-01,,,,,,cases,0
dungu,2026-09-08,,,,,,cases,0
dungu,2026-09-15,,,,,,cases,0
dungu,2026-09-22,,,,,,cases,1
dungu,2026-09-29,,,,,,cases,0
dungu,2026-10-06,,,,,,cases,0
gombari,2026-08-18,,,,,,cases,0
gombari,2026-08-25,,,,,,cases,2
gombari,2026-09-01,,,,,,cases,0
gombari,2026-09-08,,,,,,cases,0
gombari,2026-09-15,,,,,,cases,0
gombari,2026-09-22,,,,,,cases,0
gombari,2026-09-29,,,,,,cases,0
gombari,2026-10-06,,,,,,cases,0
isiro,2026-08-18,,,,,,cases,24
isiro,2026-08-25,,,,,,cases,19
isiro,2026-09-01,,,,,,cases,11
isiro,2026-09-08,,,,,,cases,7
isiro,2026-09-15,,,,,,cases,6
isiro,2026-09-22,,,,,,cases,1
isiro,2026-09-29,,,,,,cases,3
isiro,2026-10-06,,,,,,cases,0
pawa,2026-08-18,,,,,,cases,3
pawa,2026-08-25,,,,,,cases,0
pawa,2026-09-01,,,,,,cases,17
pawa,2026-09-08,,,,,,cases,9
pawa,2026-09-15,,,,,,cases,15
pawa,2026-09-22,,,,,,cases,9
pawa,2026-09-29,,,,,,cases,15
pawa,2026-10-06,,,,,,cases,7
rungu,2026-08-18,,,,,,cases,0
rungu,2026-08-25,,,,,,cases,0
rungu,2026-09-01,,,,,,cases,0
rungu,2026-09-08,,,,,,cases,1
rungu,2026-09-15,,,,,,cases,0
rungu,2026-09-22,,,,,,cases,0
rungu,2026-09-29,,,,,,cases,0
rungu,2026-10-06,,,,,,cases,2
wamba,2026-08-18,,,,,,cases,12
wamba,2026-08-25,,,,,,cases,12
wamba,2026-09-01,,,,,,cases,13
wamba,2026-09-08,,,,,,cases,8
wamba,2026-09-15,,,,,,cases,6
wamba,2026-09-22,,,,,,cases,13
wamba,2026-09-29,,,,,,cases,7
wamba,2026-10-06,,,,,,cases,7
miti_murhesa,2026-08-18,,,,,,cases,0
miti_murhesa,2026-08-25,,,,,,cases,0
miti_murhesa,2026-09-01,,,,,,cases,0
miti_murhesa,2026-09-08,,,,,,cases,0
miti_murhesa,2026-09-15,,,,,,cases,0
miti_murhesa,2026-09-22,,,,,,cases,0
miti_murhesa,2026-09-29,,,,,,cases,0
miti_murhesa,2026-10-06,,,,,,cases,0
bafwasende,2026-08-18,,,,,,cases,0
bafwasende,2026-08-25,,,,,,cases,0
bafwasende,2026-09-01,,,,,,cases,1
bafwasende,2026-09-08,,,,,,cases,2
bafwasende,2026-09-15,,,,,,cases,3
bafwasende,2026-09-22,,,,,,cases,0
bafwasende,2026-09-29,,,,,,cases,0
bafwasende,2026-10-06,,,,,,cases,0
kabondo,2026-08-18,,,,,,cases,1
kabondo,2026-08-25,,,,,,cases,0
kabondo,2026-09-01,,,,,,cases,0
kabondo,2026-09-08,,,,,,cases,1
kabondo,2026-09-15,,,,,,cases,0
kabondo,2026-09-22,,,,,,cases,1
kabondo,2026-09-29,,,,,,cases,0
kabondo,2026-10-06,,,,,,cases,0
lubunga,2026-08-18,,,,,,cases,0
lubunga,2026-08-25,,,,,,cases,0
lubunga,2026-09-01,,,,,,cases,0
lubunga,2026-09-08,,,,,,cases,0
lubunga,2026-09-15,,,,,,cases,0
lubunga,2026-09-22,,,,,,cases,0
lubunga,2026-09-29,,,,,,cases,0
lubunga,2026-10-06,,,,,,cases,0
makiso_kisangani,2026-08-18,,,,,,cases,2
makiso_kisangani,2026-08-25,,,,,,cases,1
makiso_kisangani,2026-09-01,,,,,,cases,3
makiso_kisangani,2026-09-08,,,,,,cases,1
makiso_kisangani,2026-09-15,,,,,,cases,1
makiso_kisangani,2026-09-22,,,,,,cases,11
makiso_kisangani,2026-09-29,,,,,,cases,2
makiso_kisangani,2026-10-06,,,,,,cases,3
mangobo,2026-08-18,,,,,,cases,1
mangobo,2026-08-25,,,,,,cases,0
mangobo,2026-09-01,,,,,,cases,1
mangobo,2026-09-08,,,,,,cases,0
mangobo,2026-09-15,,,,,,cases,1
mangobo,2026-09-22,,,,,,cases,1
mangobo,2026-09-29,,,,,,cases,1
mangobo,2026-10-06,,,,,,cases,2
tshopo,2026-08-18,,,,,,cases,1
tshopo,2026-08-25,,,,,,cases,0
tshopo,2026-09-01,,,,,,cases,0
tshopo,2026-09-08,,,,,,cases,0
tshopo,2026-09-15,,,,,,cases,0
tshopo,2026-09-22,,,,,,cases,0
tshopo,2026-09-29,,,,,,cases,0
tshopo,2026-10-06,,,,,,cases,1
wanie_rukula,2026-08-18,,,,,,cases,0
wanie_rukula,2026-08-25,,,,,,cases,0
wanie_rukula,2026-09-01,,,,,,cases,0
wanie_rukula,2026-09-08,,,,,,cases,0
wanie_rukula,2026-09-15,,,,,,cases,0
wanie_rukula,2026-09-22,,,,,,cases,0
wanie_rukula,2026-09-29,,,,,,cases,0
wanie_rukula,2026-10-06,,,,,,cases,0
buta,2026-08-18,,,,,,cases,1
buta,2026-08-25,,,,,,cases,0
buta,2026-09-01,,,,,,cases,0
buta,2026-09-08,,,,,,cases,0
buta,2026-09-15,,,,,,cases,0
buta,2026-09-22,,,,,,cases,0
buta,2026-09-29,,,,,,cases,0
buta,2026-10-06,,,,,,cases,0
ganga,2026-08-18,,,,,,cases,0
ganga,2026-08-25,,,,,,cases,1
ganga,2026-09-01,,,,,,cases,1
ganga,2026-09-08,,,,,,cases,0
ganga,2026-09-15,,,,,,cases,1
ganga,2026-09-22,,,,,,cases,0
ganga,2026-09-29,,,,,,cases,0
ganga,2026-10-06,,,,,,cases,0
viadana,2026-08-18,,,,,,cases,1
viadana,2026-08-25,,,,,,cases,0
viadana,2026-09-01,,,,,,cases,0
viadana,2026-09-08,,,,,,cases,0
viadana,2026-09-15,,,,,,cases,2
viadana,2026-09-22,,,,,,cases,0
viadana,2026-09-29,,,,,,cases,3
viadana,2026-10-06,,,,,,cases,0
bulu,2026-08-18,,,,,,cases,0
bulu,2026-08-25,,,,,,cases,0
bulu,2026-09-01,,,,,,cases,0
bulu,2026-09-08,,,,,,cases,0
bulu,2026-09-15,,,,,,cases,1
bulu,2026-09-22,,,,,,cases,1
bulu,2026-09-29,,,,,,cases,0
bulu,2026-10-06,,,,,,cases,0
adja,2026-08-18,,,,,,deaths,0
adja,2026-08-25,,,,,,deaths,0
adja,2026-09-01,,,,,,deaths,0
adja,2026-09-08,,,,,,deaths,0
adja,2026-09-15,,,,,,deaths,0
adja,2026-09-22,,,,,,deaths,0
adja,2026-09-29,,,,,,deaths,0
adja,2026-10-06,,,,,,deaths,0
ariwara,2026-08-18,,,,,,deaths,0
ariwara,2026-08-25,,,,,,deaths,0
ariwara,2026-09-01,,,,,,deaths,0
ariwara,2026-09-08,,,,,,deaths,0
ariwara,2026-09-15,,,,,,deaths,0
ariwara,2026-09-22,,,,,,deaths,0
ariwara,2026-09-29,,,,,,deaths,0
ariwara,2026-10-06,,,,,,deaths,0
aru,2026-08-18,,,,,,deaths,0
aru,2026-08-25,,,,,,deaths,0
aru,2026-09-01,,,,,,deaths,0
aru,2026-09-08,,,,,,deaths,0
aru,2026-09-15,,,,,,deaths,0
aru,2026-09-22,,,,,,deaths,0
aru,2026-09-29,,,,,,deaths,0
aru,2026-10-06,,,,,,deaths,0
aungba,2026-08-18,,,,,,deaths,0
aungba,2026-08-25,,,,,,deaths,0
aungba,2026-09-01,,,,,,deaths,0
aungba,2026-09-08,,,,,,deaths,0
aungba,2026-09-15,,,,,,deaths,0
aungba,2026-09-22,,,,,,deaths,0
aungba,2026-09-29,,,,,,deaths,0
aungba,2026-10-06,,,,,,deaths,0
bambu,2026-08-18,,,,,,deaths,4
bambu,2026-08-25,,,,,,deaths,3
bambu,2026-09-01,,,,,,deaths,7
bambu,2026-09-08,,,,,,deaths,3
bambu,2026-09-15,,,,,,deaths,0
bambu,2026-09-22,,,,,,deaths,2
bambu,2026-09-29,,,,,,deaths,5
bambu,2026-10-06,,,,,,deaths,1
boga,2026-08-18,,,,,,deaths,0
boga,2026-08-25,,,,,,deaths,1
boga,2026-09-01,,,,,,deaths,0
boga,2026-09-08,,,,,,deaths,0
boga,2026-09-15,,,,,,deaths,0
boga,2026-09-22,,,,,,deaths,0
boga,2026-09-29,,,,,,deaths,0
boga,2026-10-06,,,,,,deaths,0
bunia,2026-08-18,,,,,,deaths,67
bunia,2026-08-25,,,,,,deaths,27
bunia,2026-09-01,,,,,,deaths,31
bunia,2026-09-08,,,,,,deaths,34
bunia,2026-09-15,,,,,,deaths,34
bunia,2026-09-22,,,,,,deaths,18
bunia,2026-09-29,,,,,,deaths,33
bunia,2026-10-06,,,,,,deaths,33
damas,2026-08-18,,,,,,deaths,1
damas,2026-08-25,,,,,,deaths,0
damas,2026-09-01,,,,,,deaths,0
damas,2026-09-08,,,,,,deaths,0
damas,2026-09-15,,,,,,deaths,0
damas,2026-09-22,,,,,,deaths,0
damas,2026-09-29,,,,,,deaths,0
damas,2026-10-06,,,,,,deaths,0
drodro,2026-08-18,,,,,,deaths,0
drodro,2026-08-25,,,,,,deaths,0
drodro,2026-09-01,,,,,,deaths,1
drodro,2026-09-08,,,,,,deaths,0
drodro,2026-09-15,,,,,,deaths,0
drodro,2026-09-22,,,,,,deaths,0
drodro,2026-09-29,,,,,,deaths,0
drodro,2026-10-06,,,,,,deaths,0
fataki,2026-08-18,,,,,,deaths,1
fataki,2026-08-25,,,,,,deaths,0
fataki,2026-09-01,,,,,,deaths,0
fataki,2026-09-08,,,,,,deaths,0
fataki,2026-09-15,,,,,,deaths,0
fataki,2026-09-22,,,,,,deaths,0
fataki,2026-09-29,,,,,,deaths,1
fataki,2026-10-06,,,,,,deaths,0
gety,2026-08-18,,,,,,deaths,1
gety,2026-08-25,,,,,,deaths,0
gety,2026-09-01,,,,,,deaths,0
gety,2026-09-08,,,,,,deaths,1
gety,2026-09-15,,,,,,deaths,0
gety,2026-09-22,,,,,,deaths,0
gety,2026-09-29,,,,,,deaths,0
gety,2026-10-06,,,,,,deaths,2
kambala,2026-08-18,,,,,,deaths,0
kambala,2026-08-25,,,,,,deaths,0
kambala,2026-09-01,,,,,,deaths,0
kambala,2026-09-08,,,,,,deaths,0
kambala,2026-09-15,,,,,,deaths,0
kambala,2026-09-22,,,,,,deaths,0
kambala,2026-09-29,,,,,,deaths,0
kambala,2026-10-06,,,,,,deaths,0
kilo,2026-08-18,,,,,,deaths,1
kilo,2026-08-25,,,,,,deaths,0
kilo,2026-09-01,,,,,,deaths,0
kilo,2026-09-08,,,,,,deaths,0
kilo,2026-09-15,,,,,,deaths,0
kilo,2026-09-22,,,,,,deaths,0
kilo,2026-09-29,,,,,,deaths,0
kilo,2026-10-06,,,,,,deaths,0
komanda,2026-08-18,,,,,,deaths,8
komanda,2026-08-25,,,,,,deaths,2
komanda,2026-09-01,,,,,,deaths,23
komanda,2026-09-08,,,,,,deaths,18
komanda,2026-09-15,,,,,,deaths,8
komanda,2026-09-22,,,,,,deaths,5
komanda,2026-09-29,,,,,,deaths,9
komanda,2026-10-06,,,,,,deaths,5
lita,2026-08-18,,,,,,deaths,10
lita,2026-08-25,,,,,,deaths,5
lita,2026-09-01,,,,,,deaths,10
lita,2026-09-08,,,,,,deaths,1
lita,2026-09-15,,,,,,deaths,8
lita,2026-09-22,,,,,,deaths,8
lita,2026-09-29,,,,,,deaths,5
lita,2026-10-06,,,,,,deaths,5
logo,2026-08-18,,,,,,deaths,0
logo,2026-08-25,,,,,,deaths,0
logo,2026-09-01,,,,,,deaths,0
logo,2026-09-08,,,,,,deaths,0
logo,2026-09-15,,,,,,deaths,0
logo,2026-09-22,,,,,,deaths,0
logo,2026-09-29,,,,,,deaths,0
logo,2026-10-06,,,,,,deaths,1
lolwa,2026-08-18,,,,,,deaths,0
lolwa,2026-08-25,,,,,,deaths,0
lolwa,2026-09-01,,,,,,deaths,1
lolwa,2026-09-08,,,,,,deaths,2
lolwa,2026-09-15,,,,,,deaths,1
lolwa,2026-09-22,,,,,,deaths,0
lolwa,2026-09-29,,,,,,deaths,1
lolwa,2026-10-06,,,,,,deaths,0
mahagi,2026-08-18,,,,,,deaths,0
mahagi,2026-08-25,,,,,,deaths,0
mahagi,2026-09-01,,,,,,deaths,0
mahagi,2026-09-08,,,,,,deaths,0
mahagi,2026-09-15,,,,,,deaths,0
mahagi,2026-09-22,,,,,,deaths,0
mahagi,2026-09-29,,,,,,deaths,0
mahagi,2026-10-06,,,,,,deaths,0
mambasa,2026-08-18,,,,,,deaths,1
mambasa,2026-08-25,,,,,,deaths,0
mambasa,2026-09-01,,,,,,deaths,0
mambasa,2026-09-08,,,,,,deaths,0
mambasa,2026-09-15,,,,,,deaths,0
mambasa,2026-09-22,,,,,,deaths,2
mambasa,2026-09-29,,,,,,deaths,2
mambasa,2026-10-06,,,,,,deaths,6
mandima,2026-08-18,,,,,,deaths,3
mandima,2026-08-25,,,,,,deaths,3
mandima,2026-09-01,,,,,,deaths,2
mandima,2026-09-08,,,,,,deaths,3
mandima,2026-09-15,,,,,,deaths,8
mandima,2026-09-22,,,,,,deaths,4
mandima,2026-09-29,,,,,,deaths,39
mandima,2026-10-06,,,,,,deaths,23
mangala,2026-08-18,,,,,,deaths,25
mangala,2026-08-25,,,,,,deaths,10
mangala,2026-09-01,,,,,,deaths,25
mangala,2026-09-08,,,,,,deaths,7
mangala,2026-09-15,,,,,,deaths,5
mangala,2026-09-22,,,,,,deaths,3
mangala,2026-09-29,,,,,,deaths,5
mangala,2026-10-06,,,,,,deaths,3
mongbwalu,2026-08-18,,,,,,deaths,2
mongbwalu,2026-08-25,,,,,,deaths,2
mongbwalu,2026-09-01,,,,,,deaths,3
mongbwalu,2026-09-08,,,,,,deaths,6
mongbwalu,2026-09-15,,,,,,deaths,14
mongbwalu,2026-09-22,,,,,,deaths,16
mongbwalu,2026-09-29,,,,,,deaths,8
mongbwalu,2026-10-06,,,,,,deaths,6
nia_nia,2026-08-18,,,,,,deaths,20
nia_nia,2026-08-25,,,,,,deaths,4
nia_nia,2026-09-01,,,,,,deaths,5
nia_nia,2026-09-08,,,,,,deaths,2
nia_nia,2026-09-15,,,,,,deaths,13
nia_nia,2026-09-22,,,,,,deaths,21
nia_nia,2026-09-29,,,,,,deaths,13
nia_nia,2026-10-06,,,,,,deaths,13
nizi,2026-08-18,,,,,,deaths,16
nizi,2026-08-25,,,,,,deaths,9
nizi,2026-09-01,,,,,,deaths,12
nizi,2026-09-08,,,,,,deaths,9
nizi,2026-09-15,,,,,,deaths,0
nizi,2026-09-22,,,,,,deaths,3
nizi,2026-09-29,,,,,,deaths,3
nizi,2026-10-06,,,,,,deaths,7
nyankunde,2026-08-18,,,,,,deaths,0
nyankunde,2026-08-25,,,,,,deaths,0
nyankunde,2026-09-01,,,,,,deaths,0
nyankunde,2026-09-08,,,,,,deaths,1
nyankunde,2026-09-15,,,,,,deaths,0
nyankunde,2026-09-22,,,,,,deaths,1
nyankunde,2026-09-29,,,,,,deaths,0
nyankunde,2026-10-06,,,,,,deaths,0
rimba,2026-08-18,,,,,,deaths,0
rimba,2026-08-25,,,,,,deaths,0
rimba,2026-09-01,,,,,,deaths,0
rimba,2026-09-08,,,,,,deaths,0
rimba,2026-09-15,,,,,,deaths,0
rimba,2026-09-22,,,,,,deaths,0
rimba,2026-09-29,,,,,,deaths,0
rimba,2026-10-06,,,,,,deaths,1
rwampara,2026-08-18,,,,,,deaths,29
rwampara,2026-08-25,,,,,,deaths,3
rwampara,2026-09-01,,,,,,deaths,6
rwampara,2026-09-08,,,,,,deaths,7
rwampara,2026-09-15,,,,,,deaths,2
rwampara,2026-09-22,,,,,,deaths,9
rwampara,2026-09-29,,,,,,deaths,10
rwampara,2026-10-06,,,,,,deaths,19
tchomia,2026-08-18,,,,,,deaths,1
tchomia,2026-08-25,,,,,,deaths,0
tchomia,2026-09-01,,,,,,deaths,0
tchomia,2026-09-08,,,,,,deaths,0
tchomia,2026-09-15,,,,,,deaths,0
tchomia,2026-09-22,,,,,,deaths,0
tchomia,2026-09-29,,,,,,deaths,0
tchomia,2026-10-06,,,,,,deaths,0
alimbongo,2026-08-18,,,,,,deaths,0
alimbongo,2026-08-25,,,,,,deaths,0
alimbongo,2026-09-01,,,,,,deaths,0
alimbongo,2026-09-08,,,,,,deaths,0
alimbongo,2026-09-15,,,,,,deaths,0
alimbongo,2026-09-22,,,,,,deaths,0
alimbongo,2026-09-29,,,,,,deaths,0
alimbongo,2026-10-06,,,,,,deaths,3
beni,2026-08-18,,,,,,deaths,11
beni,2026-08-25,,,,,,deaths,14
beni,2026-09-01,,,,,,deaths,20
beni,2026-09-08,,,,,,deaths,33
beni,2026-09-15,,,,,,deaths,40
beni,2026-09-22,,,,,,deaths,26
beni,2026-09-29,,,,,,deaths,25
beni,2026-10-06,,,,,,deaths,39
biena,2026-08-18,,,,,,deaths,0
biena,2026-08-25,,,,,,deaths,0
biena,2026-09-01,,,,,,deaths,1
biena,2026-09-08,,,,,,deaths,3
biena,2026-09-15,,,,,,deaths,3
biena,2026-09-22,,,,,,deaths,0
biena,2026-09-29,,,,,,deaths,0
biena,2026-10-06,,,,,,deaths,0
butembo,2026-08-18,,,,,,deaths,13
butembo,2026-08-25,,,,,,deaths,12
butembo,2026-09-01,,,,,,deaths,24
butembo,2026-09-08,,,,,,deaths,14
butembo,2026-09-15,,,,,,deaths,9
butembo,2026-09-22,,,,,,deaths,5
butembo,2026-09-29,,,,,,deaths,8
butembo,2026-10-06,,,,,,deaths,10
goma,2026-08-18,,,,,,deaths,0
goma,2026-08-25,,,,,,deaths,0
goma,2026-09-01,,,,,,deaths,0
goma,2026-09-08,,,,,,deaths,0
goma,2026-09-15,,,,,,deaths,0
goma,2026-09-22,,,,,,deaths,0
goma,2026-09-29,,,,,,deaths,0
goma,2026-10-06,,,,,,deaths,0
kalunguta,2026-08-18,,,,,,deaths,2
kalunguta,2026-08-25,,,,,,deaths,1
kalunguta,2026-09-01,,,,,,deaths,0
kalunguta,2026-09-08,,,,,,deaths,2
kalunguta,2026-09-15,,,,,,deaths,3
kalunguta,2026-09-22,,,,,,deaths,4
kalunguta,2026-09-29,,,,,,deaths,2
kalunguta,2026-10-06,,,,,,deaths,4
katwa,2026-08-18,,,,,,deaths,48
katwa,2026-08-25,,,,,,deaths,37
katwa,2026-09-01,,,,,,deaths,29
katwa,2026-09-08,,,,,,deaths,35
katwa,2026-09-15,,,,,,deaths,32
katwa,2026-09-22,,,,,,deaths,11
katwa,2026-09-29,,,,,,deaths,9
katwa,2026-10-06,,,,,,deaths,16
kayna,2026-08-18,,,,,,deaths,0
kayna,2026-08-25,,,,,,deaths,0
kayna,2026-09-01,,,,,,deaths,0
kayna,2026-09-08,,,,,,deaths,0
kayna,2026-09-15,,,,,,deaths,0
kayna,2026-09-22,,,,,,deaths,0
kayna,2026-09-29,,,,,,deaths,0
kayna,2026-10-06,,,,,,deaths,2
kyondo,2026-08-18,,,,,,deaths,2
kyondo,2026-08-25,,,,,,deaths,0
kyondo,2026-09-01,,,,,,deaths,0
kyondo,2026-09-08,,,,,,deaths,5
kyondo,2026-09-15,,,,,,deaths,3
kyondo,2026-09-22,,,,,,deaths,0
kyondo,2026-09-29,,,,,,deaths,0
kyondo,2026-10-06,,,,,,deaths,0
lubero,2026-08-18,,,,,,deaths,0
lubero,2026-08-25,,,,,,deaths,0
lubero,2026-09-01,,,,,,deaths,2
lubero,2026-09-08,,,,,,deaths,1
lubero,2026-09-15,,,,,,deaths,3
lubero,2026-09-22,,,,,,deaths,3
lubero,2026-09-29,,,,,,deaths,1
lubero,2026-10-06,,,,,,deaths,0
mabalako,2026-08-18,,,,,,deaths,1
mabalako,2026-08-25,,,,,,deaths,1
mabalako,2026-09-01,,,,,,deaths,3
mabalako,2026-09-08,,,,,,deaths,2
mabalako,2026-09-15,,,,,,deaths,2
mabalako,2026-09-22,,,,,,deaths,2
mabalako,2026-09-29,,,,,,deaths,1
mabalako,2026-10-06,,,,,,deaths,8
manguredjipa,2026-08-18,,,,,,deaths,0
manguredjipa,2026-08-25,,,,,,deaths,0
manguredjipa,2026-09-01,,,,,,deaths,1
manguredjipa,2026-09-08,,,,,,deaths,2
manguredjipa,2026-09-15,,,,,,deaths,0
manguredjipa,2026-09-22,,,,,,deaths,1
manguredjipa,2026-09-29,,,,,,deaths,1
manguredjipa,2026-10-06,,,,,,deaths,0
masereka,2026-08-18,,,,,,deaths,0
masereka,2026-08-25,,,,,,deaths,0
masereka,2026-09-01,,,,,,deaths,1
masereka,2026-09-08,,,,,,deaths,1
masereka,2026-09-15,,,,,,deaths,3
masereka,2026-09-22,,,,,,deaths,0
masereka,2026-09-29,,,,,,deaths,0
masereka,2026-10-06,,,,,,deaths,2
musienene,2026-08-18,,,,,,deaths,8
musienene,2026-08-25,,,,,,deaths,6
musienene,2026-09-01,,,,,,deaths,4
musienene,2026-09-08,,,,,,deaths,8
musienene,2026-09-15,,,,,,deaths,9
musienene,2026-09-22,,,,,,deaths,1
musienene,2026-09-29,,,,,,deaths,2
musienene,2026-10-06,,,,,,deaths,2
mutwanga,2026-08-18,,,,,,deaths,0
mutwanga,2026-08-25,,,,,,deaths,1
mutwanga,2026-09-01,,,,,,deaths,1
mutwanga,2026-09-08,,,,,,deaths,0
mutwanga,2026-09-15,,,,,,deaths,0
mutwanga,2026-09-22,,,,,,deaths,0
mutwanga,2026-09-29,,,,,,deaths,0
mutwanga,2026-10-06,,,,,,deaths,2
oicha,2026-08-18,,,,,,deaths,0
oicha,2026-08-25,,,,,,deaths,0
oicha,2026-09-01,,,,,,deaths,2
oicha,2026-09-08,,,,,,deaths,0
oicha,2026-09-15,,,,,,deaths,4
oicha,2026-09-22,,,,,,deaths,1
oicha,2026-09-29,,,,,,deaths,3
oicha,2026-10-06,,,,,,deaths,2
vuhovi,2026-08-18,,,,,,deaths,1
vuhovi,2026-08-25,,,,,,deaths,0
vuhovi,2026-09-01,,,,,,deaths,1
vuhovi,2026-09-08,,,,,,deaths,2
vuhovi,2026-09-15,,,,,,deaths,1
vuhovi,2026-09-22,,,,,,deaths,2
vuhovi,2026-09-29,,,,,,deaths,2
vuhovi,2026-10-06,,,,,,deaths,0
boma_mangbetu,2026-08-18,,,,,,deaths,4
boma_mangbetu,2026-08-25,,,,,,deaths,5
boma_mangbetu,2026-09-01,,,,,,deaths,0
boma_mangbetu,2026-09-08,,,,,,deaths,0
boma_mangbetu,2026-09-15,,,,,,deaths,1
boma_mangbetu,2026-09-22,,,,,,deaths,0
boma_mangbetu,2026-09-29,,,,,,deaths,2
boma_mangbetu,2026-10-06,,,,,,deaths,2
dungu,2026-08-18,,,,,,deaths,0
dungu,2026-08-25,,,,,,deaths,0
dungu,2026-09-01,,,,,,deaths,0
dungu,2026-09-08,,,,,,deaths,0
dungu,2026-09-15,,,,,,deaths,0
dungu,2026-09-22,,,,,,deaths,1
dungu,2026-09-29,,,,,,deaths,0
dungu,2026-10-06,,,,,,deaths,0
gombari,2026-08-18,,,,,,deaths,0
gombari,2026-08-25,,,,,,deaths,0
gombari,2026-09-01,,,,,,deaths,0
gombari,2026-09-08,,,,,,deaths,0
gombari,2026-09-15,,,,,,deaths,0
gombari,2026-09-22,,,,,,deaths,0
gombari,2026-09-29,,,,,,deaths,0
gombari,2026-10-06,,,,,,deaths,0
isiro,2026-08-18,,,,,,deaths,8
isiro,2026-08-25,,,,,,deaths,8
isiro,2026-09-01,,,,,,deaths,2
isiro,2026-09-08,,,,,,deaths,3
isiro,2026-09-15,,,,,,deaths,5
isiro,2026-09-22,,,,,,deaths,1
isiro,2026-09-29,,,,,,deaths,1
isiro,2026-10-06,,,,,,deaths,0
pawa,2026-08-18,,,,,,deaths,3
pawa,2026-08-25,,,,,,deaths,1
pawa,2026-09-01,,,,,,deaths,7
pawa,2026-09-08,,,,,,deaths,1
pawa,2026-09-15,,,,,,deaths,3
pawa,2026-09-22,,,,,,deaths,7
pawa,2026-09-29,,,,,,deaths,6
pawa,2026-10-06,,,,,,deaths,4
rungu,2026-08-18,,,,,,deaths,0
rungu,2026-08-25,,,,,,deaths,0
rungu,2026-09-01,,,,,,deaths,0
rungu,2026-09-08,,,,,,deaths,1
rungu,2026-09-15,,,,,,deaths,0
rungu,2026-09-22,,,,,,deaths,0
rungu,2026-09-29,,,,,,deaths,0
rungu,2026-10-06,,,,,,deaths,1
wamba,2026-08-18,,,,,,deaths,6
wamba,2026-08-25,,,,,,deaths,6
wamba,2026-09-01,,,,,,deaths,3
wamba,2026-09-08,,,,,,deaths,1
wamba,2026-09-15,,,,,,deaths,2
wamba,2026-09-22,,,,,,deaths,3
wamba,2026-09-29,,,,,,deaths,5
wamba,2026-10-06,,,,,,deaths,2
miti_murhesa,2026-08-18,,,,,,deaths,0
miti_murhesa,2026-08-25,,,,,,deaths,0
miti_murhesa,2026-09-01,,,,,,deaths,0
miti_murhesa,2026-09-08,,,,,,deaths,0
miti_murhesa,2026-09-15,,,,,,deaths,0
miti_murhesa,2026-09-22,,,,,,deaths,0
miti_murhesa,2026-09-29,,,,,,deaths,0
miti_murhesa,2026-10-06,,,,,,deaths,0
bafwasende,2026-08-18,,,,,,deaths,0
bafwasende,2026-08-25,,,,,,deaths,0
bafwasende,2026-09-01,,,,,,deaths,0
bafwasende,2026-09-08,,,,,,deaths,0
bafwasende,2026-09-15,,,,,,deaths,1
bafwasende,2026-09-22,,,,,,deaths,0
bafwasende,2026-09-29,,,,,,deaths,0
bafwasende,2026-10-06,,,,,,deaths,0
kabondo,2026-08-18,,,,,,deaths,1
kabondo,2026-08-25,,,,,,deaths,0
kabondo,2026-09-01,,,,,,deaths,0
kabondo,2026-09-08,,,,,,deaths,0
kabondo,2026-09-15,,,,,,deaths,0
kabondo,2026-09-22,,,,,,deaths,0
kabondo,2026-09-29,,,,,,deaths,0
kabondo,2026-10-06,,,,,,deaths,0
lubunga,2026-08-18,,,,,,deaths,0
lubunga,2026-08-25,,,,,,deaths,0
lubunga,2026-09-01,,,,,,deaths,0
lubunga,2026-09-08,,,,,,deaths,0
lubunga,2026-09-15,,,,,,deaths,0
lubunga,2026-09-22,,,,,,deaths,0
lubunga,2026-09-29,,,,,,deaths,0
lubunga,2026-10-06,,,,,,deaths,0
makiso_kisangani,2026-08-18,,,,,,deaths,1
makiso_kisangani,2026-08-25,,,,,,deaths,1
makiso_kisangani,2026-09-01,,,,,,deaths,1
makiso_kisangani,2026-09-08,,,,,,deaths,0
makiso_kisangani,2026-09-15,,,,,,deaths,0
makiso_kisangani,2026-09-22,,,,,,deaths,4
makiso_kisangani,2026-09-29,,,,,,deaths,1
makiso_kisangani,2026-10-06,,,,,,deaths,1
mangobo,2026-08-18,,,,,,deaths,0
mangobo,2026-08-25,,,,,,deaths,1
mangobo,2026-09-01,,,,,,deaths,0
mangobo,2026-09-08,,,,,,deaths,0
mangobo,2026-09-15,,,,,,deaths,0
mangobo,2026-09-22,,,,,,deaths,1
mangobo,2026-09-29,,,,,,deaths,0
mangobo,2026-10-06,,,,,,deaths,1
tshopo,2026-08-18,,,,,,deaths,0
tshopo,2026-08-25,,,,,,deaths,0
tshopo,2026-09-01,,,,,,deaths,0
tshopo,2026-09-08,,,,,,deaths,0
tshopo,2026-09-15,,,,,,deaths,0
tshopo,2026-09-22,,,,,,deaths,0
tshopo,2026-09-29,,,,,,deaths,0
tshopo,2026-10-06,,,,,,deaths,0
wanie_rukula,2026-08-18,,,,,,deaths,0
wanie_rukula,2026-08-25,,,,,,deaths,1
wanie_rukula,2026-09-01,,,,,,deaths,0
wanie_rukula,2026-09-08,,,,,,deaths,0
wanie_rukula,2026-09-15,,,,,,deaths,0
wanie_rukula,2026-09-22,,,,,,deaths,0
wanie_rukula,2026-09-29,,,,,,deaths,0
wanie_rukula,2026-10-06,,,,,,deaths,0
buta,2026-08-18,,,,,,deaths,1
buta,2026-08-25,,,,,,deaths,0
buta,2026-09-01,,,,,,deaths,0
buta,2026-09-08,,,,,,deaths,0
buta,2026-09-15,,,,,,deaths,0
buta,2026-09-22,,,,,,deaths,0
buta,2026-09-29,,,,,,deaths,0
buta,2026-10-06,,,,,,deaths,0
ganga,2026-08-18,,,,,,deaths,0
ganga,2026-08-25,,,,,,deaths,0
ganga,2026-09-01,,,,,,deaths,2
ganga,2026-09-08,,,,,,deaths,0
ganga,2026-09-15,,,,,,deaths,0
ganga,2026-09-22,,,,,,deaths,0
ganga,2026-09-29,,,,,,deaths,0
ganga,2026-10-06,,,,,,deaths,0
viadana,2026-08-18,,,,,,deaths,0
viadana,2026-08-25,,,,,,deaths,0
viadana,2026-09-01,,,,,,deaths,0
viadana,2026-09-08,,,,,,deaths,0
viadana,2026-09-15,,,,,,deaths,1
viadana,2026-09-22,,,,,,deaths,0
viadana,2026-09-29,,,,,,deaths,0
viadana,2026-10-06,,,,,,deaths,0
bulu,2026-08-18,,,,,,deaths,0
bulu,2026-08-25,,,,,,deaths,0
bulu,2026-09-01,,,,,,deaths,0
bulu,2026-09-08,,,,,,deaths,0
bulu,2026-09-15,,,,,,deaths,1
bulu,2026-09-22,,,,,,deaths,0
bulu,2026-09-29,,,,,,deaths,0
bulu,2026-10-06,,,,,,deaths,0
