area,date,median,lower_90,upper_90,lower_50,upper_50,series,count
adja,2026-10-03,0.8,0.526,1.115,0.678,0.922,rt,
adja,2026-10-04,0.792,0.514,1.139,0.664,0.925,rt,
adja,2026-10-05,0.79,0.499,1.159,0.654,0.933,rt,
adja,2026-10-06,0.807,0.508,1.193,0.669,0.943,rt,
ariwara,2026-07-27,1.077,0.951,1.209,1.02,1.131,rt,
ariwara,2026-07-28,1.073,0.957,1.199,1.023,1.122,rt,
ariwara,2026-07-29,1.067,0.952,1.192,1.02,1.113,rt,
ariwara,2026-07-30,1.061,0.947,1.185,1.013,1.107,rt,
ariwara,2026-07-31,1.052,0.943,1.168,1.007,1.096,rt,
ariwara,2026-08-01,1.042,0.929,1.156,0.994,1.084,rt,
ariwara,2026-08-02,1.028,0.909,1.145,0.979,1.076,rt,
ariwara,2026-08-03,1.011,0.88,1.134,0.959,1.061,rt,
ariwara,2026-08-04,1.005,0.881,1.123,0.955,1.053,rt,
ariwara,2026-08-05,1.0,0.879,1.119,0.95,1.046,rt,
ariwara,2026-08-06,0.993,0.876,1.11,0.944,1.039,rt,
ariwara,2026-08-07,0.981,0.871,1.092,0.933,1.025,rt,
ariwara,2026-08-08,0.967,0.862,1.076,0.923,1.015,rt,
ariwara,2026-08-09,0.955,0.845,1.068,0.91,1.002,rt,
ariwara,2026-08-10,0.935,0.818,1.054,0.888,0.986,rt,
ariwara,2026-08-11,0.929,0.82,1.04,0.883,0.975,rt,
ariwara,2026-08-12,0.922,0.817,1.03,0.878,0.965,rt,
ariwara,2026-08-13,0.915,0.813,1.018,0.871,0.958,rt,
ariwara,2026-08-14,0.905,0.808,0.998,0.865,0.945,rt,
ariwara,2026-08-15,0.894,0.798,0.987,0.857,0.936,rt,
ariwara,2026-08-16,0.885,0.785,0.978,0.845,0.924,rt,
ariwara,2026-08-17,0.882,0.779,0.984,0.84,0.925,rt,
ariwara,2026-08-18,0.885,0.783,0.984,0.845,0.927,rt,
ariwara,2026-08-19,0.886,0.787,0.985,0.846,0.927,rt,
ariwara,2026-08-20,0.888,0.787,0.989,0.849,0.93,rt,
ariwara,2026-08-21,0.894,0.798,0.99,0.854,0.934,rt,
ariwara,2026-08-22,0.897,0.802,0.997,0.859,0.938,rt,
ariwara,2026-08-23,0.899,0.798,1.002,0.86,0.942,rt,
ariwara,2026-08-24,0.91,0.801,1.019,0.866,0.956,rt,
ariwara,2026-08-25,0.928,0.822,1.036,0.886,0.971,rt,
ariwara,2026-08-26,0.945,0.84,1.056,0.902,0.987,rt,
ariwara,2026-08-27,0.959,0.854,1.079,0.916,1.003,rt,
ariwara,2026-08-28,0.977,0.876,1.089,0.934,1.021,rt,
ariwara,2026-08-29,0.992,0.89,1.106,0.95,1.04,rt,
ariwara,2026-08-30,1.004,0.895,1.125,0.961,1.054,rt,
ariwara,2026-08-31,1.006,0.891,1.132,0.958,1.06,rt,
ariwara,2026-09-01,1.02,0.904,1.139,0.973,1.068,rt,
ariwara,2026-09-02,1.032,0.919,1.151,0.984,1.078,rt,
ariwara,2026-09-03,1.04,0.925,1.162,0.99,1.088,rt,
ariwara,2026-09-04,1.042,0.932,1.162,0.996,1.088,rt,
ariwara,2026-09-05,1.042,0.936,1.163,0.997,1.089,rt,
ariwara,2026-09-06,1.039,0.928,1.164,0.994,1.09,rt,
ariwara,2026-09-07,1.02,0.903,1.149,0.975,1.075,rt,
ariwara,2026-09-08,1.008,0.891,1.136,0.961,1.062,rt,
ariwara,2026-09-09,0.995,0.871,1.127,0.945,1.047,rt,
ariwara,2026-09-10,0.98,0.856,1.116,0.929,1.033,rt,
ariwara,2026-09-11,0.958,0.834,1.092,0.906,1.009,rt,
ariwara,2026-09-12,0.932,0.808,1.072,0.881,0.986,rt,
ariwara,2026-09-13,0.906,0.782,1.054,0.852,0.964,rt,
ariwara,2026-09-14,0.881,0.747,1.041,0.824,0.944,rt,
ariwara,2026-09-15,0.873,0.739,1.032,0.813,0.935,rt,
ariwara,2026-09-16,0.863,0.732,1.027,0.804,0.929,rt,
ariwara,2026-09-17,0.858,0.723,1.023,0.795,0.921,rt,
ariwara,2026-09-18,0.851,0.711,1.02,0.787,0.916,rt,
ariwara,2026-09-19,0.845,0.694,1.017,0.777,0.912,rt,
ariwara,2026-09-20,0.838,0.676,1.02,0.768,0.908,rt,
ariwara,2026-09-21,0.837,0.666,1.032,0.765,0.917,rt,
ariwara,2026-09-22,0.837,0.664,1.04,0.765,0.921,rt,
ariwara,2026-09-23,0.836,0.655,1.049,0.762,0.923,rt,
ariwara,2026-09-24,0.835,0.646,1.054,0.76,0.926,rt,
ariwara,2026-09-25,0.833,0.638,1.059,0.755,0.929,rt,
ariwara,2026-09-26,0.832,0.625,1.073,0.744,0.93,rt,
ariwara,2026-09-27,0.828,0.611,1.078,0.738,0.93,rt,
ariwara,2026-09-28,0.821,0.591,1.081,0.722,0.927,rt,
ariwara,2026-09-29,0.816,0.587,1.088,0.719,0.928,rt,
ariwara,2026-09-30,0.812,0.577,1.094,0.713,0.927,rt,
ariwara,2026-10-01,0.81,0.567,1.099,0.708,0.929,rt,
ariwara,2026-10-02,0.808,0.555,1.115,0.697,0.929,rt,
ariwara,2026-10-03,0.806,0.544,1.114,0.687,0.928,rt,
ariwara,2026-10-04,0.801,0.527,1.139,0.672,0.928,rt,
ariwara,2026-10-05,0.794,0.506,1.165,0.659,0.938,rt,
ariwara,2026-10-06,0.811,0.526,1.194,0.675,0.951,rt,
aru,2026-05-29,1.213,0.888,1.655,1.06,1.373,rt,
aru,2026-05-30,1.234,0.91,1.648,1.08,1.387,rt,
aru,2026-05-31,1.254,0.928,1.643,1.098,1.405,rt,
aru,2026-06-01,1.277,0.944,1.655,1.121,1.423,rt,
aru,2026-06-02,1.295,0.982,1.642,1.149,1.436,rt,
aru,2026-06-03,1.307,1.014,1.637,1.174,1.45,rt,
aru,2026-06-04,1.319,1.037,1.641,1.194,1.452,rt,
aru,2026-06-05,1.325,1.057,1.657,1.208,1.455,rt,
aru,2026-06-06,1.334,1.063,1.656,1.215,1.454,rt,
aru,2026-06-07,1.331,1.066,1.668,1.215,1.45,rt,
aru,2026-06-08,1.322,1.063,1.663,1.21,1.448,rt,
aru,2026-06-09,1.31,1.069,1.626,1.205,1.433,rt,
aru,2026-06-10,1.303,1.067,1.601,1.2,1.419,rt,
aru,2026-06-11,1.293,1.066,1.577,1.193,1.404,rt,
aru,2026-06-12,1.282,1.061,1.542,1.184,1.385,rt,
aru,2026-06-13,1.266,1.051,1.519,1.175,1.367,rt,
aru,2026-06-14,1.255,1.037,1.496,1.165,1.352,rt,
aru,2026-06-15,1.241,1.022,1.485,1.151,1.341,rt,
aru,2026-06-16,1.238,1.033,1.464,1.153,1.331,rt,
aru,2026-06-17,1.233,1.041,1.45,1.152,1.322,rt,
aru,2026-06-18,1.224,1.042,1.436,1.15,1.314,rt,
aru,2026-06-19,1.22,1.042,1.418,1.147,1.303,rt,
aru,2026-06-20,1.214,1.038,1.409,1.141,1.295,rt,
aru,2026-06-21,1.206,1.031,1.4,1.132,1.284,rt,
aru,2026-06-22,1.209,1.028,1.411,1.135,1.29,rt,
aru,2026-06-23,1.208,1.033,1.4,1.137,1.284,rt,
aru,2026-06-24,1.205,1.037,1.386,1.134,1.276,rt,
aru,2026-06-25,1.202,1.037,1.376,1.129,1.269,rt,
aru,2026-06-26,1.198,1.035,1.372,1.128,1.259,rt,
aru,2026-06-27,1.192,1.03,1.366,1.125,1.255,rt,
aru,2026-06-28,1.185,1.022,1.364,1.119,1.251,rt,
aru,2026-06-29,1.158,0.993,1.342,1.092,1.225,rt,
aru,2026-06-30,1.141,0.987,1.309,1.08,1.201,rt,
aru,2026-07-01,1.122,0.98,1.279,1.067,1.184,rt,
aru,2026-07-02,1.106,0.972,1.255,1.05,1.168,rt,
aru,2026-07-03,1.095,0.966,1.229,1.039,1.153,rt,
aru,2026-07-04,1.083,0.955,1.214,1.026,1.139,rt,
aru,2026-07-05,1.072,0.937,1.207,1.012,1.127,rt,
aru,2026-07-06,1.064,0.919,1.207,1.001,1.122,rt,
aru,2026-07-07,1.071,0.936,1.202,1.013,1.124,rt,
aru,2026-07-08,1.076,0.947,1.198,1.021,1.128,rt,
aru,2026-07-09,1.083,0.955,1.203,1.029,1.133,rt,
aru,2026-07-10,1.09,0.966,1.215,1.036,1.136,rt,
aru,2026-07-11,1.094,0.97,1.222,1.043,1.142,rt,
aru,2026-07-12,1.099,0.972,1.231,1.046,1.151,rt,
aru,2026-07-13,1.095,0.962,1.235,1.037,1.152,rt,
aru,2026-07-14,1.096,0.972,1.232,1.043,1.148,rt,
aru,2026-07-15,1.094,0.972,1.226,1.045,1.147,rt,
aru,2026-07-16,1.096,0.967,1.223,1.045,1.144,rt,
aru,2026-07-17,1.094,0.967,1.213,1.044,1.141,rt,
aru,2026-07-18,1.093,0.961,1.214,1.041,1.14,rt,
aru,2026-07-19,1.088,0.95,1.219,1.036,1.138,rt,
aru,2026-07-20,1.086,0.939,1.23,1.03,1.138,rt,
aru,2026-07-21,1.081,0.947,1.214,1.027,1.133,rt,
aru,2026-07-22,1.075,0.953,1.202,1.024,1.126,rt,
aru,2026-07-23,1.068,0.953,1.191,1.019,1.12,rt,
aru,2026-07-24,1.064,0.953,1.182,1.018,1.113,rt,
aru,2026-07-25,1.059,0.951,1.175,1.011,1.106,rt,
aru,2026-07-26,1.052,0.94,1.176,1.002,1.103,rt,
aru,2026-07-27,1.048,0.927,1.176,0.994,1.102,rt,
aru,2026-07-28,1.044,0.928,1.171,0.996,1.093,rt,
aru,2026-07-29,1.041,0.925,1.164,0.993,1.088,rt,
aru,2026-07-30,1.037,0.921,1.161,0.989,1.083,rt,
aru,2026-07-31,1.029,0.915,1.142,0.984,1.075,rt,
aru,2026-08-01,1.019,0.905,1.132,0.971,1.065,rt,
aru,2026-08-02,1.008,0.886,1.127,0.958,1.056,rt,
aru,2026-08-03,0.992,0.861,1.117,0.939,1.044,rt,
aru,2026-08-04,0.985,0.863,1.105,0.937,1.036,rt,
aru,2026-08-05,0.98,0.862,1.098,0.933,1.03,rt,
aru,2026-08-06,0.976,0.858,1.099,0.927,1.025,rt,
aru,2026-08-07,0.964,0.85,1.08,0.919,1.015,rt,
aru,2026-08-08,0.952,0.841,1.065,0.907,1.002,rt,
aru,2026-08-09,0.941,0.827,1.057,0.895,0.992,rt,
aru,2026-08-10,0.922,0.804,1.044,0.875,0.976,rt,
aru,2026-08-11,0.916,0.806,1.03,0.87,0.965,rt,
aru,2026-08-12,0.909,0.802,1.018,0.865,0.955,rt,
aru,2026-08-13,0.901,0.799,1.009,0.859,0.948,rt,
aru,2026-08-14,0.894,0.795,0.992,0.854,0.937,rt,
aru,2026-08-15,0.883,0.788,0.984,0.844,0.925,rt,
aru,2026-08-16,0.875,0.776,0.974,0.833,0.915,rt,
aru,2026-08-17,0.872,0.77,0.977,0.827,0.915,rt,
aru,2026-08-18,0.874,0.778,0.978,0.832,0.917,rt,
aru,2026-08-19,0.877,0.778,0.978,0.835,0.919,rt,
aru,2026-08-20,0.878,0.779,0.984,0.836,0.921,rt,
aru,2026-08-21,0.885,0.789,0.987,0.844,0.926,rt,
aru,2026-08-22,0.89,0.79,0.991,0.848,0.929,rt,
aru,2026-08-23,0.892,0.79,0.996,0.851,0.933,rt,
aru,2026-08-24,0.903,0.795,1.012,0.859,0.947,rt,
aru,2026-08-25,0.92,0.812,1.027,0.877,0.963,rt,
aru,2026-08-26,0.936,0.827,1.049,0.893,0.98,rt,
aru,2026-08-27,0.951,0.84,1.067,0.907,0.996,rt,
aru,2026-08-28,0.969,0.861,1.078,0.925,1.012,rt,
aru,2026-08-29,0.984,0.876,1.093,0.94,1.029,rt,
aru,2026-08-30,0.996,0.885,1.116,0.953,1.045,rt,
aru,2026-08-31,0.999,0.879,1.118,0.95,1.05,rt,
aru,2026-09-01,1.012,0.897,1.129,0.963,1.061,rt,
aru,2026-09-02,1.021,0.908,1.142,0.972,1.071,rt,
aru,2026-09-03,1.03,0.915,1.157,0.98,1.081,rt,
aru,2026-09-04,1.032,0.919,1.156,0.986,1.08,rt,
aru,2026-09-05,1.032,0.922,1.157,0.987,1.082,rt,
aru,2026-09-06,1.03,0.917,1.156,0.983,1.08,rt,
aru,2026-09-07,1.013,0.895,1.141,0.963,1.066,rt,
aru,2026-09-08,0.998,0.88,1.13,0.951,1.054,rt,
aru,2026-09-09,0.985,0.867,1.119,0.936,1.038,rt,
aru,2026-09-10,0.971,0.849,1.107,0.92,1.024,rt,
aru,2026-09-11,0.948,0.828,1.084,0.896,1.001,rt,
aru,2026-09-12,0.925,0.803,1.064,0.871,0.977,rt,
aru,2026-09-13,0.899,0.774,1.044,0.843,0.954,rt,
aru,2026-09-14,0.874,0.745,1.03,0.816,0.934,rt,
aru,2026-09-15,0.864,0.741,1.024,0.806,0.928,rt,
aru,2026-09-16,0.858,0.73,1.019,0.798,0.923,rt,
aru,2026-09-17,0.849,0.718,1.018,0.789,0.918,rt,
aru,2026-09-18,0.841,0.707,1.011,0.782,0.911,rt,
aru,2026-09-19,0.835,0.691,1.014,0.773,0.906,rt,
aru,2026-09-20,0.828,0.673,1.012,0.764,0.904,rt,
aru,2026-09-21,0.828,0.661,1.027,0.759,0.909,rt,
aru,2026-09-22,0.83,0.659,1.038,0.758,0.915,rt,
aru,2026-09-23,0.832,0.656,1.047,0.755,0.918,rt,
aru,2026-09-24,0.832,0.647,1.053,0.752,0.922,rt,
aru,2026-09-25,0.829,0.636,1.062,0.746,0.922,rt,
aru,2026-09-26,0.828,0.623,1.067,0.74,0.922,rt,
aru,2026-09-27,0.824,0.607,1.077,0.73,0.923,rt,
aru,2026-09-28,0.82,0.586,1.076,0.719,0.922,rt,
aru,2026-09-29,0.815,0.582,1.075,0.714,0.921,rt,
aru,2026-09-30,0.81,0.572,1.085,0.71,0.919,rt,
aru,2026-10-01,0.805,0.566,1.098,0.701,0.92,rt,
aru,2026-10-02,0.806,0.547,1.11,0.69,0.922,rt,
aru,2026-10-03,0.803,0.531,1.113,0.683,0.923,rt,
aru,2026-10-04,0.796,0.515,1.135,0.666,0.928,rt,
aru,2026-10-05,0.792,0.501,1.168,0.655,0.937,rt,
aru,2026-10-06,0.806,0.515,1.184,0.672,0.94,rt,
aungba,2026-07-04,1.105,0.976,1.236,1.053,1.163,rt,
aungba,2026-07-05,1.092,0.96,1.229,1.037,1.147,rt,
aungba,2026-07-06,1.084,0.945,1.228,1.024,1.139,rt,
aungba,2026-07-07,1.088,0.957,1.226,1.033,1.141,rt,
aungba,2026-07-08,1.093,0.971,1.223,1.042,1.145,rt,
aungba,2026-07-09,1.099,0.978,1.227,1.049,1.148,rt,
aungba,2026-07-10,1.105,0.985,1.231,1.056,1.154,rt,
aungba,2026-07-11,1.11,0.987,1.236,1.06,1.16,rt,
aungba,2026-07-12,1.115,0.985,1.248,1.062,1.167,rt,
aungba,2026-07-13,1.111,0.972,1.253,1.055,1.169,rt,
aungba,2026-07-14,1.111,0.981,1.245,1.054,1.165,rt,
aungba,2026-07-15,1.111,0.983,1.239,1.054,1.162,rt,
aungba,2026-07-16,1.108,0.981,1.236,1.055,1.16,rt,
aungba,2026-07-17,1.106,0.982,1.232,1.057,1.156,rt,
aungba,2026-07-18,1.102,0.973,1.232,1.053,1.153,rt,
aungba,2026-07-19,1.098,0.96,1.236,1.046,1.15,rt,
aungba,2026-07-20,1.095,0.951,1.242,1.036,1.152,rt,
aungba,2026-07-21,1.091,0.957,1.228,1.035,1.143,rt,
aungba,2026-07-22,1.085,0.96,1.213,1.033,1.135,rt,
aungba,2026-07-23,1.079,0.955,1.202,1.029,1.128,rt,
aungba,2026-07-24,1.074,0.954,1.191,1.024,1.119,rt,
aungba,2026-07-25,1.069,0.953,1.181,1.019,1.113,rt,
aungba,2026-07-26,1.061,0.942,1.18,1.01,1.11,rt,
aungba,2026-07-27,1.056,0.93,1.185,1.002,1.109,rt,
aungba,2026-07-28,1.052,0.937,1.174,1.003,1.101,rt,
aungba,2026-07-29,1.05,0.937,1.166,1.003,1.096,rt,
aungba,2026-07-30,1.044,0.933,1.158,0.997,1.09,rt,
aungba,2026-07-31,1.035,0.924,1.145,0.991,1.08,rt,
aungba,2026-08-01,1.025,0.913,1.138,0.98,1.071,rt,
aungba,2026-08-02,1.014,0.899,1.136,0.966,1.063,rt,
aungba,2026-08-03,0.998,0.872,1.123,0.947,1.05,rt,
aungba,2026-08-04,0.993,0.872,1.112,0.945,1.042,rt,
aungba,2026-08-05,0.989,0.869,1.105,0.94,1.036,rt,
aungba,2026-08-06,0.983,0.865,1.1,0.933,1.03,rt,
aungba,2026-08-07,0.971,0.859,1.081,0.925,1.019,rt,
aungba,2026-08-08,0.96,0.848,1.066,0.913,1.007,rt,
aungba,2026-08-09,0.947,0.834,1.059,0.9,0.999,rt,
aungba,2026-08-10,0.93,0.807,1.043,0.879,0.982,rt,
aungba,2026-08-11,0.92,0.808,1.029,0.874,0.969,rt,
aungba,2026-08-12,0.914,0.806,1.017,0.871,0.961,rt,
aungba,2026-08-13,0.908,0.802,1.012,0.863,0.953,rt,
aungba,2026-08-14,0.899,0.799,0.995,0.854,0.94,rt,
aungba,2026-08-15,0.888,0.794,0.982,0.846,0.929,rt,
aungba,2026-08-16,0.877,0.777,0.974,0.834,0.918,rt,
aungba,2026-08-17,0.874,0.769,0.976,0.83,0.917,rt,
aungba,2026-08-18,0.875,0.776,0.974,0.833,0.92,rt,
aungba,2026-08-19,0.877,0.777,0.979,0.837,0.921,rt,
aungba,2026-08-20,0.878,0.776,0.985,0.836,0.922,rt,
aungba,2026-08-21,0.886,0.788,0.987,0.844,0.926,rt,
aungba,2026-08-22,0.89,0.79,0.991,0.85,0.93,rt,
aungba,2026-08-23,0.893,0.788,0.995,0.851,0.934,rt,
aungba,2026-08-24,0.902,0.787,1.008,0.859,0.947,rt,
aungba,2026-08-25,0.919,0.808,1.021,0.876,0.961,rt,
aungba,2026-08-26,0.935,0.825,1.037,0.892,0.98,rt,
aungba,2026-08-27,0.949,0.836,1.059,0.906,0.997,rt,
aungba,2026-08-28,0.966,0.857,1.072,0.924,1.011,rt,
aungba,2026-08-29,0.982,0.872,1.091,0.937,1.027,rt,
aungba,2026-08-30,0.993,0.879,1.108,0.947,1.04,rt,
aungba,2026-08-31,0.993,0.874,1.114,0.947,1.045,rt,
aungba,2026-09-01,1.006,0.889,1.122,0.958,1.055,rt,
aungba,2026-09-02,1.015,0.899,1.136,0.968,1.066,rt,
aungba,2026-09-03,1.024,0.906,1.146,0.976,1.074,rt,
aungba,2026-09-04,1.027,0.911,1.145,0.981,1.076,rt,
aungba,2026-09-05,1.026,0.911,1.146,0.978,1.074,rt,
aungba,2026-09-06,1.025,0.906,1.147,0.972,1.075,rt,
aungba,2026-09-07,1.006,0.882,1.135,0.952,1.059,rt,
aungba,2026-09-08,0.993,0.873,1.12,0.94,1.047,rt,
aungba,2026-09-09,0.978,0.858,1.107,0.926,1.032,rt,
aungba,2026-09-10,0.962,0.842,1.098,0.909,1.017,rt,
aungba,2026-09-11,0.939,0.821,1.07,0.885,0.993,rt,
aungba,2026-09-12,0.915,0.797,1.05,0.862,0.968,rt,
aungba,2026-09-13,0.889,0.768,1.029,0.834,0.946,rt,
aungba,2026-09-14,0.864,0.736,1.014,0.805,0.923,rt,
aungba,2026-09-15,0.856,0.731,1.009,0.797,0.915,rt,
aungba,2026-09-16,0.848,0.723,1.007,0.788,0.908,rt,
aungba,2026-09-17,0.841,0.712,1.003,0.78,0.905,rt,
aungba,2026-09-18,0.835,0.7,0.998,0.772,0.9,rt,
aungba,2026-09-19,0.827,0.681,0.997,0.762,0.896,rt,
aungba,2026-09-20,0.822,0.664,0.998,0.754,0.895,rt,
aungba,2026-09-21,0.821,0.655,1.013,0.751,0.902,rt,
aungba,2026-09-22,0.822,0.651,1.021,0.751,0.904,rt,
aungba,2026-09-23,0.822,0.645,1.026,0.749,0.906,rt,
aungba,2026-09-24,0.821,0.635,1.036,0.745,0.909,rt,
aungba,2026-09-25,0.819,0.623,1.04,0.739,0.909,rt,
aungba,2026-09-26,0.817,0.61,1.05,0.731,0.91,rt,
aungba,2026-09-27,0.815,0.592,1.063,0.722,0.913,rt,
aungba,2026-09-28,0.808,0.572,1.063,0.707,0.912,rt,
aungba,2026-09-29,0.803,0.565,1.064,0.702,0.911,rt,
aungba,2026-09-30,0.8,0.555,1.061,0.695,0.912,rt,
aungba,2026-10-01,0.795,0.551,1.078,0.688,0.909,rt,
aungba,2026-10-02,0.793,0.539,1.08,0.684,0.909,rt,
aungba,2026-10-03,0.792,0.522,1.106,0.67,0.915,rt,
aungba,2026-10-04,0.787,0.512,1.134,0.655,0.916,rt,
aungba,2026-10-05,0.78,0.493,1.161,0.642,0.924,rt,
aungba,2026-10-06,0.794,0.496,1.184,0.662,0.93,rt,
bambu,2026-05-21,1.564,0.999,2.427,1.296,1.877,rt,
bambu,2026-05-22,1.521,0.997,2.356,1.264,1.834,rt,
bambu,2026-05-23,1.485,0.956,2.298,1.232,1.797,rt,
bambu,2026-05-24,1.453,0.924,2.245,1.191,1.757,rt,
bambu,2026-05-25,1.412,0.868,2.227,1.149,1.71,rt,
bambu,2026-05-26,1.407,0.894,2.177,1.169,1.684,rt,
bambu,2026-05-27,1.41,0.908,2.13,1.194,1.672,rt,
bambu,2026-05-28,1.417,0.935,2.118,1.212,1.667,rt,
bambu,2026-05-29,1.429,0.951,2.094,1.221,1.671,rt,
bambu,2026-05-30,1.442,0.964,2.107,1.23,1.681,rt,
bambu,2026-05-31,1.454,0.952,2.156,1.224,1.693,rt,
bambu,2026-06-01,1.47,0.929,2.219,1.22,1.728,rt,
bambu,2026-06-02,1.512,0.998,2.188,1.277,1.743,rt,
bambu,2026-06-03,1.538,1.046,2.186,1.334,1.765,rt,
bambu,2026-06-04,1.561,1.107,2.217,1.375,1.796,rt,
bambu,2026-06-05,1.594,1.147,2.264,1.396,1.823,rt,
bambu,2026-06-06,1.619,1.157,2.296,1.407,1.851,rt,
bambu,2026-06-07,1.637,1.151,2.355,1.401,1.877,rt,
bambu,2026-06-08,1.643,1.117,2.408,1.4,1.914,rt,
bambu,2026-06-09,1.649,1.152,2.327,1.417,1.882,rt,
bambu,2026-06-10,1.644,1.174,2.271,1.433,1.861,rt,
bambu,2026-06-11,1.635,1.192,2.236,1.443,1.846,rt,
bambu,2026-06-12,1.636,1.192,2.228,1.442,1.84,rt,
bambu,2026-06-13,1.626,1.184,2.224,1.436,1.844,rt,
bambu,2026-06-14,1.614,1.173,2.232,1.428,1.836,rt,
bambu,2026-06-15,1.6,1.154,2.265,1.409,1.839,rt,
bambu,2026-06-16,1.606,1.181,2.184,1.419,1.814,rt,
bambu,2026-06-17,1.598,1.209,2.138,1.425,1.794,rt,
bambu,2026-06-18,1.598,1.213,2.125,1.43,1.777,rt,
bambu,2026-06-19,1.594,1.218,2.113,1.428,1.767,rt,
bambu,2026-06-20,1.588,1.196,2.121,1.417,1.771,rt,
bambu,2026-06-21,1.581,1.167,2.162,1.397,1.774,rt,
bambu,2026-06-22,1.586,1.142,2.223,1.389,1.803,rt,
bambu,2026-06-23,1.571,1.168,2.132,1.392,1.777,rt,
bambu,2026-06-24,1.563,1.191,2.063,1.394,1.749,rt,
bambu,2026-06-25,1.555,1.199,2.033,1.39,1.727,rt,
bambu,2026-06-26,1.543,1.184,1.987,1.378,1.721,rt,
bambu,2026-06-27,1.53,1.166,1.999,1.359,1.708,rt,
bambu,2026-06-28,1.516,1.135,2.006,1.335,1.705,rt,
bambu,2026-06-29,1.47,1.073,1.995,1.292,1.681,rt,
bambu,2026-06-30,1.42,1.07,1.88,1.261,1.604,rt,
bambu,2026-07-01,1.382,1.054,1.778,1.236,1.544,rt,
bambu,2026-07-02,1.339,1.032,1.707,1.199,1.489,rt,
bambu,2026-07-03,1.301,0.996,1.656,1.167,1.441,rt,
bambu,2026-07-04,1.262,0.961,1.621,1.131,1.407,rt,
bambu,2026-07-05,1.226,0.912,1.607,1.09,1.374,rt,
bambu,2026-07-06,1.2,0.857,1.61,1.05,1.357,rt,
bambu,2026-07-07,1.193,0.886,1.576,1.061,1.343,rt,
bambu,2026-07-08,1.193,0.91,1.544,1.067,1.33,rt,
bambu,2026-07-09,1.196,0.92,1.528,1.066,1.319,rt,
bambu,2026-07-10,1.189,0.917,1.514,1.068,1.315,rt,
bambu,2026-07-11,1.184,0.914,1.534,1.063,1.323,rt,
bambu,2026-07-12,1.182,0.895,1.557,1.052,1.33,rt,
bambu,2026-07-13,1.164,0.86,1.594,1.03,1.332,rt,
bambu,2026-07-14,1.176,0.894,1.55,1.054,1.323,rt,
bambu,2026-07-15,1.188,0.917,1.534,1.074,1.32,rt,
bambu,2026-07-16,1.196,0.935,1.531,1.088,1.33,rt,
bambu,2026-07-17,1.208,0.941,1.541,1.095,1.335,rt,
bambu,2026-07-18,1.221,0.939,1.561,1.095,1.346,rt,
bambu,2026-07-19,1.224,0.921,1.615,1.086,1.365,rt,
bambu,2026-07-20,1.231,0.892,1.681,1.084,1.389,rt,
bambu,2026-07-21,1.236,0.926,1.637,1.098,1.384,rt,
bambu,2026-07-22,1.239,0.954,1.593,1.115,1.378,rt,
bambu,2026-07-23,1.244,0.968,1.583,1.125,1.371,rt,
bambu,2026-07-24,1.248,0.975,1.591,1.13,1.375,rt,
bambu,2026-07-25,1.252,0.967,1.607,1.124,1.378,rt,
bambu,2026-07-26,1.247,0.955,1.633,1.11,1.391,rt,
bambu,2026-07-27,1.252,0.93,1.676,1.099,1.409,rt,
bambu,2026-07-28,1.258,0.958,1.625,1.12,1.399,rt,
bambu,2026-07-29,1.257,0.986,1.606,1.136,1.39,rt,
bambu,2026-07-30,1.259,0.993,1.59,1.149,1.388,rt,
bambu,2026-07-31,1.256,0.991,1.569,1.149,1.383,rt,
bambu,2026-08-01,1.26,0.982,1.587,1.136,1.382,rt,
bambu,2026-08-02,1.254,0.957,1.606,1.119,1.387,rt,
bambu,2026-08-03,1.236,0.918,1.625,1.096,1.39,rt,
bambu,2026-08-04,1.224,0.941,1.569,1.094,1.36,rt,
bambu,2026-08-05,1.206,0.952,1.526,1.09,1.338,rt,
bambu,2026-08-06,1.186,0.949,1.501,1.084,1.31,rt,
bambu,2026-08-07,1.162,0.922,1.484,1.066,1.281,rt,
bambu,2026-08-08,1.145,0.888,1.485,1.043,1.266,rt,
bambu,2026-08-09,1.122,0.85,1.49,1.009,1.246,rt,
bambu,2026-08-10,1.089,0.802,1.493,0.969,1.222,rt,
bambu,2026-08-11,1.05,0.787,1.41,0.941,1.171,rt,
bambu,2026-08-12,1.014,0.769,1.343,0.908,1.117,rt,
bambu,2026-08-13,0.979,0.751,1.276,0.869,1.077,rt,
bambu,2026-08-14,0.941,0.719,1.215,0.834,1.035,rt,
bambu,2026-08-15,0.902,0.681,1.167,0.796,1.003,rt,
bambu,2026-08-16,0.864,0.631,1.129,0.758,0.968,rt,
bambu,2026-08-17,0.833,0.59,1.121,0.72,0.951,rt,
bambu,2026-08-18,0.809,0.582,1.069,0.706,0.912,rt,
bambu,2026-08-19,0.784,0.578,1.019,0.689,0.874,rt,
bambu,2026-08-20,0.758,0.559,0.982,0.671,0.847,rt,
bambu,2026-08-21,0.736,0.543,0.954,0.654,0.824,rt,
bambu,2026-08-22,0.714,0.518,0.937,0.63,0.805,rt,
bambu,2026-08-23,0.691,0.494,0.932,0.604,0.786,rt,
bambu,2026-08-24,0.673,0.466,0.939,0.58,0.774,rt,
bambu,2026-08-25,0.682,0.488,0.922,0.594,0.772,rt,
bambu,2026-08-26,0.691,0.5,0.91,0.607,0.773,rt,
bambu,2026-08-27,0.699,0.505,0.91,0.615,0.777,rt,
bambu,2026-08-28,0.703,0.509,0.913,0.619,0.789,rt,
bambu,2026-08-29,0.706,0.504,0.928,0.623,0.797,rt,
bambu,2026-08-30,0.709,0.491,0.95,0.621,0.805,rt,
bambu,2026-08-31,0.7,0.472,0.971,0.609,0.807,rt,
bambu,2026-09-01,0.718,0.505,0.963,0.629,0.813,rt,
bambu,2026-09-02,0.733,0.531,0.966,0.648,0.825,rt,
bambu,2026-09-03,0.744,0.551,0.982,0.662,0.832,rt,
bambu,2026-09-04,0.752,0.558,0.997,0.671,0.842,rt,
bambu,2026-09-05,0.761,0.559,1.02,0.672,0.854,rt,
bambu,2026-09-06,0.769,0.552,1.051,0.666,0.868,rt,
bambu,2026-09-07,0.757,0.532,1.076,0.65,0.869,rt,
bambu,2026-09-08,0.756,0.539,1.049,0.656,0.86,rt,
bambu,2026-09-09,0.755,0.541,1.021,0.659,0.853,rt,
bambu,2026-09-10,0.75,0.539,1.011,0.655,0.846,rt,
bambu,2026-09-11,0.74,0.522,1.009,0.641,0.834,rt,
bambu,2026-09-12,0.724,0.504,1.002,0.623,0.828,rt,
bambu,2026-09-13,0.707,0.474,1.009,0.603,0.819,rt,
bambu,2026-09-14,0.69,0.444,1.032,0.581,0.822,rt,
bambu,2026-09-15,0.697,0.459,1.027,0.591,0.822,rt,
bambu,2026-09-16,0.707,0.47,1.035,0.599,0.829,rt,
bambu,2026-09-17,0.715,0.477,1.045,0.607,0.841,rt,
bambu,2026-09-18,0.73,0.475,1.071,0.612,0.857,rt,
bambu,2026-09-19,0.74,0.472,1.121,0.618,0.875,rt,
bambu,2026-09-20,0.75,0.463,1.176,0.621,0.905,rt,
bambu,2026-09-21,0.763,0.454,1.251,0.625,0.937,rt,
bambu,2026-09-22,0.765,0.456,1.234,0.625,0.935,rt,
bambu,2026-09-23,0.769,0.457,1.235,0.625,0.935,rt,
bambu,2026-09-24,0.764,0.447,1.262,0.618,0.942,rt,
bambu,2026-09-25,0.763,0.439,1.292,0.613,0.955,rt,
bambu,2026-09-26,0.758,0.416,1.325,0.598,0.959,rt,
bambu,2026-09-27,0.753,0.39,1.392,0.581,0.971,rt,
bambu,2026-09-28,0.751,0.363,1.439,0.563,0.966,rt,
bambu,2026-09-29,0.737,0.359,1.413,0.561,0.962,rt,
bambu,2026-09-30,0.731,0.353,1.395,0.555,0.963,rt,
bambu,2026-10-01,0.724,0.343,1.399,0.547,0.957,rt,
bambu,2026-10-02,0.722,0.337,1.419,0.542,0.957,rt,
bambu,2026-10-03,0.713,0.318,1.443,0.528,0.949,rt,
bambu,2026-10-04,0.701,0.297,1.474,0.51,0.949,rt,
bambu,2026-10-05,0.69,0.279,1.513,0.495,0.961,rt,
bambu,2026-10-06,0.698,0.26,1.579,0.481,0.984,rt,
boga,2026-08-09,0.936,0.813,1.055,0.886,0.988,rt,
boga,2026-08-10,0.919,0.788,1.045,0.865,0.969,rt,
boga,2026-08-11,0.91,0.793,1.029,0.862,0.96,rt,
boga,2026-08-12,0.902,0.793,1.018,0.858,0.951,rt,
boga,2026-08-13,0.896,0.789,1.012,0.852,0.946,rt,
boga,2026-08-14,0.889,0.784,0.998,0.846,0.934,rt,
boga,2026-08-15,0.881,0.776,0.984,0.839,0.921,rt,
boga,2026-08-16,0.871,0.761,0.975,0.828,0.912,rt,
boga,2026-08-17,0.87,0.754,0.981,0.824,0.911,rt,
boga,2026-08-18,0.871,0.76,0.981,0.825,0.911,rt,
boga,2026-08-19,0.871,0.764,0.985,0.827,0.914,rt,
boga,2026-08-20,0.87,0.762,0.988,0.827,0.915,rt,
boga,2026-08-21,0.877,0.771,0.986,0.832,0.917,rt,
boga,2026-08-22,0.88,0.775,0.988,0.835,0.918,rt,
boga,2026-08-23,0.879,0.774,0.992,0.835,0.921,rt,
boga,2026-08-24,0.885,0.777,1.004,0.84,0.932,rt,
boga,2026-08-25,0.903,0.798,1.014,0.857,0.947,rt,
boga,2026-08-26,0.917,0.812,1.029,0.873,0.959,rt,
boga,2026-08-27,0.93,0.821,1.045,0.885,0.975,rt,
boga,2026-08-28,0.945,0.841,1.058,0.902,0.99,rt,
boga,2026-08-29,0.957,0.852,1.07,0.915,1.003,rt,
boga,2026-08-30,0.968,0.856,1.088,0.923,1.014,rt,
boga,2026-08-31,0.967,0.845,1.088,0.919,1.018,rt,
boga,2026-09-01,0.979,0.863,1.099,0.935,1.027,rt,
boga,2026-09-02,0.99,0.876,1.111,0.946,1.039,rt,
boga,2026-09-03,1.001,0.88,1.123,0.952,1.047,rt,
boga,2026-09-04,1.004,0.887,1.126,0.957,1.05,rt,
boga,2026-09-05,1.005,0.889,1.124,0.955,1.052,rt,
boga,2026-09-06,1.003,0.889,1.13,0.948,1.052,rt,
boga,2026-09-07,0.986,0.867,1.118,0.93,1.038,rt,
boga,2026-09-08,0.973,0.856,1.106,0.92,1.025,rt,
boga,2026-09-09,0.957,0.84,1.094,0.907,1.012,rt,
boga,2026-09-10,0.941,0.822,1.084,0.892,1.0,rt,
boga,2026-09-11,0.921,0.804,1.059,0.871,0.976,rt,
boga,2026-09-12,0.899,0.776,1.036,0.845,0.953,rt,
boga,2026-09-13,0.873,0.745,1.013,0.818,0.927,rt,
boga,2026-09-14,0.849,0.713,1.003,0.791,0.907,rt,
boga,2026-09-15,0.838,0.707,0.997,0.784,0.899,rt,
boga,2026-09-16,0.831,0.698,0.991,0.774,0.895,rt,
boga,2026-09-17,0.823,0.689,0.989,0.765,0.89,rt,
boga,2026-09-18,0.817,0.68,0.989,0.757,0.883,rt,
boga,2026-09-19,0.81,0.666,0.986,0.748,0.878,rt,
boga,2026-09-20,0.803,0.648,0.989,0.74,0.876,rt,
boga,2026-09-21,0.802,0.64,1.002,0.735,0.881,rt,
boga,2026-09-22,0.801,0.639,1.01,0.733,0.885,rt,
boga,2026-09-23,0.805,0.631,1.019,0.73,0.888,rt,
boga,2026-09-24,0.804,0.623,1.022,0.725,0.89,rt,
boga,2026-09-25,0.8,0.615,1.032,0.72,0.891,rt,
boga,2026-09-26,0.794,0.6,1.036,0.713,0.89,rt,
boga,2026-09-27,0.791,0.583,1.043,0.704,0.894,rt,
boga,2026-09-28,0.784,0.56,1.048,0.69,0.888,rt,
boga,2026-09-29,0.784,0.553,1.048,0.687,0.887,rt,
boga,2026-09-30,0.779,0.548,1.051,0.68,0.885,rt,
boga,2026-10-01,0.773,0.536,1.062,0.674,0.888,rt,
boga,2026-10-02,0.772,0.528,1.066,0.664,0.886,rt,
boga,2026-10-03,0.767,0.512,1.088,0.652,0.888,rt,
boga,2026-10-04,0.76,0.494,1.108,0.64,0.888,rt,
boga,2026-10-05,0.758,0.472,1.132,0.624,0.897,rt,
boga,2026-10-06,0.771,0.474,1.172,0.639,0.903,rt,
bunia,2026-04-20,2.646,1.662,5.82,2.125,3.49,rt,
bunia,2026-04-21,2.631,1.695,5.494,2.124,3.431,rt,
bunia,2026-04-22,2.612,1.714,5.091,2.125,3.351,rt,
bunia,2026-04-23,2.587,1.721,4.858,2.124,3.283,rt,
bunia,2026-04-24,2.57,1.73,4.666,2.138,3.247,rt,
bunia,2026-04-25,2.57,1.734,4.565,2.141,3.223,rt,
bunia,2026-04-26,2.552,1.727,4.496,2.136,3.163,rt,
bunia,2026-04-27,2.526,1.707,4.439,2.124,3.137,rt,
bunia,2026-04-28,2.528,1.732,4.298,2.135,3.061,rt,
bunia,2026-04-29,2.524,1.758,4.114,2.145,3.0,rt,
bunia,2026-04-30,2.503,1.753,4.065,2.159,2.979,rt,
bunia,2026-05-01,2.519,1.758,4.027,2.175,2.977,rt,
bunia,2026-05-02,2.514,1.741,3.953,2.183,2.975,rt,
bunia,2026-05-03,2.527,1.734,3.958,2.187,2.982,rt,
bunia,2026-05-04,2.531,1.711,3.954,2.174,2.964,rt,
bunia,2026-05-05,2.533,1.739,3.862,2.2,2.943,rt,
bunia,2026-05-06,2.533,1.78,3.81,2.212,2.919,rt,
bunia,2026-05-07,2.53,1.815,3.714,2.218,2.892,rt,
bunia,2026-05-08,2.516,1.842,3.626,2.208,2.857,rt,
bunia,2026-05-09,2.503,1.845,3.583,2.19,2.82,rt,
bunia,2026-05-10,2.478,1.824,3.582,2.169,2.785,rt,
bunia,2026-05-11,2.385,1.739,3.461,2.09,2.694,rt,
bunia,2026-05-12,2.288,1.718,3.275,2.032,2.577,rt,
bunia,2026-05-13,2.209,1.692,3.117,1.979,2.474,rt,
bunia,2026-05-14,2.143,1.643,2.958,1.921,2.381,rt,
bunia,2026-05-15,2.074,1.595,2.829,1.857,2.287,rt,
bunia,2026-05-16,1.994,1.535,2.709,1.793,2.214,rt,
bunia,2026-05-17,1.921,1.445,2.644,1.721,2.154,rt,
bunia,2026-05-18,1.849,1.339,2.601,1.645,2.1,rt,
bunia,2026-05-19,1.767,1.326,2.421,1.588,1.99,rt,
bunia,2026-05-20,1.694,1.296,2.272,1.537,1.889,rt,
bunia,2026-05-21,1.624,1.26,2.154,1.473,1.795,rt,
bunia,2026-05-22,1.544,1.201,2.042,1.399,1.704,rt,
bunia,2026-05-23,1.469,1.126,1.935,1.326,1.627,rt,
bunia,2026-05-24,1.398,1.019,1.856,1.241,1.552,rt,
bunia,2026-05-25,1.325,0.896,1.798,1.154,1.486,rt,
bunia,2026-05-26,1.316,0.933,1.723,1.155,1.458,rt,
bunia,2026-05-27,1.303,0.969,1.651,1.159,1.438,rt,
bunia,2026-05-28,1.288,0.996,1.615,1.166,1.422,rt,
bunia,2026-05-29,1.281,0.993,1.597,1.163,1.404,rt,
bunia,2026-05-30,1.275,0.98,1.599,1.158,1.403,rt,
bunia,2026-05-31,1.274,0.953,1.613,1.142,1.408,rt,
bunia,2026-06-01,1.28,0.915,1.658,1.129,1.426,rt,
bunia,2026-06-02,1.331,1.017,1.661,1.198,1.459,rt,
bunia,2026-06-03,1.386,1.106,1.681,1.268,1.498,rt,
bunia,2026-06-04,1.437,1.191,1.711,1.33,1.541,rt,
bunia,2026-06-05,1.487,1.25,1.752,1.386,1.591,rt,
bunia,2026-06-06,1.528,1.291,1.807,1.428,1.643,rt,
bunia,2026-06-07,1.563,1.312,1.897,1.457,1.687,rt,
bunia,2026-06-08,1.599,1.317,1.984,1.476,1.729,rt,
bunia,2026-06-09,1.583,1.342,1.91,1.475,1.693,rt,
bunia,2026-06-10,1.562,1.342,1.842,1.469,1.666,rt,
bunia,2026-06-11,1.544,1.323,1.818,1.45,1.642,rt,
bunia,2026-06-12,1.522,1.312,1.795,1.432,1.616,rt,
bunia,2026-06-13,1.501,1.286,1.773,1.405,1.599,rt,
bunia,2026-06-14,1.473,1.245,1.772,1.37,1.581,rt,
bunia,2026-06-15,1.449,1.198,1.767,1.344,1.568,rt,
bunia,2026-06-16,1.4,1.188,1.664,1.311,1.5,rt,
bunia,2026-06-17,1.35,1.167,1.577,1.271,1.437,rt,
bunia,2026-06-18,1.305,1.139,1.516,1.233,1.382,rt,
bunia,2026-06-19,1.262,1.102,1.447,1.193,1.329,rt,
bunia,2026-06-20,1.215,1.055,1.399,1.143,1.285,rt,
bunia,2026-06-21,1.169,0.993,1.358,1.094,1.243,rt,
bunia,2026-06-22,1.14,0.937,1.346,1.057,1.222,rt,
bunia,2026-06-23,1.149,0.969,1.329,1.072,1.219,rt,
bunia,2026-06-24,1.154,0.991,1.323,1.084,1.217,rt,
bunia,2026-06-25,1.159,1.011,1.321,1.094,1.217,rt,
bunia,2026-06-26,1.164,1.019,1.333,1.103,1.222,rt,
bunia,2026-06-27,1.168,1.016,1.347,1.106,1.229,rt,
bunia,2026-06-28,1.171,1.008,1.372,1.105,1.241,rt,
bunia,2026-06-29,1.152,0.971,1.372,1.079,1.233,rt,
bunia,2026-06-30,1.151,0.998,1.34,1.088,1.218,rt,
bunia,2026-07-01,1.149,1.015,1.314,1.095,1.21,rt,
bunia,2026-07-02,1.149,1.025,1.296,1.098,1.207,rt,
bunia,2026-07-03,1.152,1.035,1.291,1.103,1.206,rt,
bunia,2026-07-04,1.155,1.03,1.295,1.102,1.211,rt,
bunia,2026-07-05,1.156,1.015,1.317,1.098,1.22,rt,
bunia,2026-07-06,1.16,0.991,1.35,1.093,1.233,rt,
bunia,2026-07-07,1.147,1.0,1.32,1.089,1.213,rt,
bunia,2026-07-08,1.135,1.006,1.296,1.083,1.194,rt,
bunia,2026-07-09,1.122,1.0,1.279,1.071,1.18,rt,
bunia,2026-07-10,1.111,0.987,1.268,1.06,1.168,rt,
bunia,2026-07-11,1.099,0.962,1.26,1.044,1.162,rt,
bunia,2026-07-12,1.084,0.936,1.255,1.025,1.154,rt,
bunia,2026-07-13,1.064,0.897,1.256,0.994,1.14,rt,
bunia,2026-07-14,1.05,0.908,1.217,0.991,1.123,rt,
bunia,2026-07-15,1.034,0.907,1.185,0.983,1.1,rt,
bunia,2026-07-16,1.021,0.897,1.166,0.972,1.079,rt,
bunia,2026-07-17,1.009,0.884,1.146,0.958,1.063,rt,
bunia,2026-07-18,0.993,0.858,1.131,0.939,1.051,rt,
bunia,2026-07-19,0.977,0.828,1.13,0.919,1.039,rt,
bunia,2026-07-20,0.961,0.791,1.13,0.895,1.032,rt,
bunia,2026-07-21,0.966,0.814,1.113,0.906,1.025,rt,
bunia,2026-07-22,0.968,0.834,1.102,0.913,1.023,rt,
bunia,2026-07-23,0.967,0.844,1.099,0.916,1.021,rt,
bunia,2026-07-24,0.971,0.854,1.102,0.921,1.022,rt,
bunia,2026-07-25,0.973,0.843,1.108,0.921,1.025,rt,
bunia,2026-07-26,0.974,0.83,1.124,0.914,1.033,rt,
bunia,2026-07-27,0.975,0.808,1.151,0.908,1.046,rt,
bunia,2026-07-28,0.989,0.843,1.148,0.929,1.052,rt,
bunia,2026-07-29,1.002,0.866,1.146,0.945,1.06,rt,
bunia,2026-07-30,1.014,0.886,1.158,0.957,1.073,rt,
bunia,2026-07-31,1.02,0.896,1.161,0.966,1.077,rt,
bunia,2026-08-01,1.026,0.895,1.181,0.971,1.084,rt,
bunia,2026-08-02,1.029,0.887,1.206,0.967,1.094,rt,
bunia,2026-08-03,1.028,0.869,1.232,0.956,1.102,rt,
bunia,2026-08-04,1.018,0.877,1.202,0.956,1.087,rt,
bunia,2026-08-05,1.011,0.877,1.178,0.956,1.075,rt,
bunia,2026-08-06,1.004,0.872,1.163,0.949,1.064,rt,
bunia,2026-08-07,0.99,0.86,1.137,0.939,1.046,rt,
bunia,2026-08-08,0.976,0.842,1.126,0.922,1.035,rt,
bunia,2026-08-09,0.96,0.813,1.119,0.901,1.023,rt,
bunia,2026-08-10,0.937,0.779,1.107,0.87,1.008,rt,
bunia,2026-08-11,0.92,0.783,1.072,0.86,0.982,rt,
bunia,2026-08-12,0.906,0.777,1.044,0.85,0.959,rt,
bunia,2026-08-13,0.887,0.768,1.017,0.836,0.941,rt,
bunia,2026-08-14,0.867,0.751,0.99,0.82,0.919,rt,
bunia,2026-08-15,0.848,0.728,0.98,0.8,0.9,rt,
bunia,2026-08-16,0.831,0.701,0.969,0.773,0.886,rt,
bunia,2026-08-17,0.819,0.674,0.979,0.753,0.882,rt,
bunia,2026-08-18,0.824,0.691,0.963,0.765,0.883,rt,
bunia,2026-08-19,0.828,0.705,0.953,0.777,0.883,rt,
bunia,2026-08-20,0.833,0.71,0.953,0.778,0.883,rt,
bunia,2026-08-21,0.842,0.72,0.958,0.788,0.892,rt,
bunia,2026-08-22,0.845,0.716,0.977,0.791,0.899,rt,
bunia,2026-08-23,0.847,0.708,0.997,0.788,0.909,rt,
bunia,2026-08-24,0.857,0.698,1.035,0.785,0.927,rt,
bunia,2026-08-25,0.863,0.719,1.032,0.801,0.928,rt,
bunia,2026-08-26,0.868,0.738,1.027,0.814,0.928,rt,
bunia,2026-08-27,0.874,0.748,1.026,0.821,0.931,rt,
bunia,2026-08-28,0.882,0.759,1.022,0.83,0.933,rt,
bunia,2026-08-29,0.885,0.757,1.029,0.833,0.942,rt,
bunia,2026-08-30,0.888,0.743,1.037,0.828,0.946,rt,
bunia,2026-08-31,0.878,0.71,1.05,0.811,0.946,rt,
bunia,2026-09-01,0.882,0.734,1.033,0.821,0.94,rt,
bunia,2026-09-02,0.88,0.741,1.02,0.829,0.939,rt,
bunia,2026-09-03,0.883,0.75,1.013,0.831,0.937,rt,
bunia,2026-09-04,0.878,0.751,1.008,0.826,0.93,rt,
bunia,2026-09-05,0.873,0.737,1.01,0.814,0.926,rt,
bunia,2026-09-06,0.86,0.713,1.023,0.798,0.92,rt,
bunia,2026-09-07,0.838,0.671,1.026,0.767,0.904,rt,
bunia,2026-09-08,0.831,0.681,1.004,0.768,0.893,rt,
bunia,2026-09-09,0.824,0.681,0.984,0.767,0.883,rt,
bunia,2026-09-10,0.817,0.677,0.966,0.76,0.87,rt,
bunia,2026-09-11,0.8,0.664,0.948,0.743,0.857,rt,
bunia,2026-09-12,0.783,0.644,0.938,0.721,0.842,rt,
bunia,2026-09-13,0.761,0.61,0.937,0.695,0.83,rt,
bunia,2026-09-14,0.742,0.564,0.947,0.667,0.822,rt,
bunia,2026-09-15,0.745,0.585,0.939,0.677,0.823,rt,
bunia,2026-09-16,0.752,0.593,0.942,0.689,0.829,rt,
bunia,2026-09-17,0.763,0.602,0.947,0.693,0.839,rt,
bunia,2026-09-18,0.772,0.601,0.971,0.699,0.851,rt,
bunia,2026-09-19,0.784,0.594,1.002,0.703,0.866,rt,
bunia,2026-09-20,0.795,0.58,1.04,0.701,0.885,rt,
bunia,2026-09-21,0.811,0.572,1.091,0.706,0.919,rt,
bunia,2026-09-22,0.808,0.566,1.095,0.7,0.914,rt,
bunia,2026-09-23,0.799,0.559,1.103,0.694,0.919,rt,
bunia,2026-09-24,0.794,0.547,1.123,0.683,0.92,rt,
bunia,2026-09-25,0.788,0.516,1.148,0.667,0.925,rt,
bunia,2026-09-26,0.783,0.492,1.184,0.648,0.929,rt,
bunia,2026-09-27,0.775,0.456,1.22,0.632,0.933,rt,
bunia,2026-09-28,0.761,0.416,1.247,0.61,0.935,rt,
bunia,2026-09-29,0.75,0.407,1.236,0.601,0.93,rt,
bunia,2026-09-30,0.742,0.387,1.232,0.598,0.928,rt,
bunia,2026-10-01,0.734,0.371,1.235,0.585,0.929,rt,
bunia,2026-10-02,0.732,0.356,1.219,0.572,0.925,rt,
bunia,2026-10-03,0.727,0.339,1.246,0.555,0.926,rt,
bunia,2026-10-04,0.717,0.311,1.264,0.539,0.917,rt,
bunia,2026-10-05,0.711,0.289,1.304,0.522,0.929,rt,
bunia,2026-10-06,0.716,0.272,1.372,0.492,0.986,rt,
damas,2026-06-10,1.121,0.734,1.691,0.943,1.332,rt,
damas,2026-06-11,1.112,0.74,1.654,0.943,1.312,rt,
damas,2026-06-12,1.101,0.729,1.628,0.938,1.3,rt,
damas,2026-06-13,1.094,0.717,1.628,0.917,1.288,rt,
damas,2026-06-14,1.076,0.693,1.66,0.891,1.292,rt,
damas,2026-06-15,1.067,0.66,1.698,0.874,1.291,rt,
damas,2026-06-16,1.088,0.708,1.655,0.909,1.297,rt,
damas,2026-06-17,1.11,0.746,1.643,0.94,1.315,rt,
damas,2026-06-18,1.136,0.769,1.637,0.962,1.333,rt,
damas,2026-06-19,1.15,0.769,1.679,0.977,1.357,rt,
damas,2026-06-20,1.171,0.767,1.739,0.995,1.396,rt,
damas,2026-06-21,1.193,0.763,1.819,0.998,1.424,rt,
damas,2026-06-22,1.224,0.755,1.977,1.014,1.477,rt,
damas,2026-06-23,1.238,0.789,1.902,1.038,1.468,rt,
damas,2026-06-24,1.256,0.81,1.867,1.061,1.474,rt,
damas,2026-06-25,1.261,0.825,1.847,1.074,1.476,rt,
damas,2026-06-26,1.274,0.836,1.875,1.081,1.483,rt,
damas,2026-06-27,1.283,0.83,1.905,1.077,1.492,rt,
damas,2026-06-28,1.287,0.825,1.969,1.072,1.524,rt,
damas,2026-06-29,1.266,0.793,2.02,1.044,1.53,rt,
damas,2026-06-30,1.246,0.808,1.908,1.045,1.482,rt,
damas,2026-07-01,1.232,0.816,1.831,1.047,1.457,rt,
damas,2026-07-02,1.219,0.82,1.797,1.043,1.427,rt,
damas,2026-07-03,1.204,0.818,1.794,1.04,1.405,rt,
damas,2026-07-04,1.193,0.807,1.796,1.025,1.394,rt,
damas,2026-07-05,1.187,0.772,1.807,0.997,1.391,rt,
damas,2026-07-06,1.184,0.744,1.854,0.973,1.411,rt,
damas,2026-07-07,1.197,0.777,1.791,1.009,1.406,rt,
damas,2026-07-08,1.217,0.81,1.776,1.033,1.415,rt,
damas,2026-07-09,1.239,0.832,1.8,1.053,1.443,rt,
damas,2026-07-10,1.253,0.832,1.844,1.067,1.466,rt,
damas,2026-07-11,1.263,0.828,1.914,1.079,1.504,rt,
damas,2026-07-12,1.289,0.823,1.992,1.085,1.537,rt,
damas,2026-07-13,1.3,0.8,2.114,1.073,1.569,rt,
damas,2026-07-14,1.298,0.826,1.996,1.091,1.56,rt,
damas,2026-07-15,1.292,0.844,1.958,1.101,1.546,rt,
damas,2026-07-16,1.29,0.867,1.928,1.107,1.543,rt,
damas,2026-07-17,1.291,0.874,1.932,1.105,1.537,rt,
damas,2026-07-18,1.286,0.859,1.952,1.092,1.553,rt,
damas,2026-07-19,1.28,0.836,2.003,1.074,1.559,rt,
damas,2026-07-20,1.281,0.798,2.051,1.051,1.573,rt,
damas,2026-07-21,1.268,0.829,1.968,1.067,1.534,rt,
damas,2026-07-22,1.255,0.844,1.899,1.065,1.506,rt,
damas,2026-07-23,1.238,0.859,1.857,1.064,1.463,rt,
damas,2026-07-24,1.231,0.856,1.806,1.056,1.455,rt,
damas,2026-07-25,1.213,0.838,1.796,1.035,1.443,rt,
damas,2026-07-26,1.196,0.813,1.835,1.013,1.437,rt,
damas,2026-07-27,1.19,0.774,1.883,0.989,1.444,rt,
damas,2026-07-28,1.185,0.786,1.807,0.988,1.395,rt,
damas,2026-07-29,1.17,0.778,1.727,0.98,1.359,rt,
damas,2026-07-30,1.153,0.765,1.681,0.969,1.334,rt,
damas,2026-07-31,1.124,0.745,1.632,0.949,1.313,rt,
damas,2026-08-01,1.097,0.707,1.647,0.928,1.301,rt,
damas,2026-08-02,1.065,0.663,1.665,0.896,1.288,rt,
damas,2026-08-03,1.038,0.618,1.672,0.861,1.272,rt,
damas,2026-08-04,1.025,0.63,1.575,0.857,1.228,rt,
damas,2026-08-05,1.006,0.641,1.531,0.844,1.193,rt,
damas,2026-08-06,0.988,0.647,1.49,0.829,1.164,rt,
damas,2026-08-07,0.973,0.629,1.446,0.81,1.143,rt,
damas,2026-08-08,0.952,0.608,1.428,0.784,1.128,rt,
damas,2026-08-09,0.928,0.572,1.435,0.755,1.116,rt,
damas,2026-08-10,0.894,0.532,1.439,0.721,1.102,rt,
damas,2026-08-11,0.88,0.536,1.372,0.717,1.061,rt,
damas,2026-08-12,0.866,0.537,1.306,0.717,1.027,rt,
damas,2026-08-13,0.843,0.528,1.275,0.711,1.003,rt,
damas,2026-08-14,0.835,0.512,1.262,0.691,0.985,rt,
damas,2026-08-15,0.816,0.5,1.259,0.674,0.966,rt,
damas,2026-08-16,0.795,0.475,1.284,0.652,0.956,rt,
damas,2026-08-17,0.784,0.45,1.305,0.635,0.961,rt,
damas,2026-08-18,0.769,0.461,1.24,0.633,0.933,rt,
damas,2026-08-19,0.756,0.467,1.193,0.623,0.911,rt,
damas,2026-08-20,0.745,0.467,1.167,0.619,0.889,rt,
damas,2026-08-21,0.739,0.457,1.146,0.611,0.877,rt,
damas,2026-08-22,0.727,0.442,1.158,0.6,0.875,rt,
damas,2026-08-23,0.715,0.414,1.173,0.587,0.873,rt,
damas,2026-08-24,0.713,0.39,1.186,0.575,0.881,rt,
damas,2026-08-25,0.713,0.4,1.143,0.578,0.869,rt,
damas,2026-08-26,0.703,0.414,1.102,0.58,0.856,rt,
damas,2026-08-27,0.699,0.422,1.089,0.576,0.848,rt,
damas,2026-08-28,0.696,0.423,1.078,0.571,0.848,rt,
damas,2026-08-29,0.69,0.423,1.078,0.569,0.841,rt,
damas,2026-08-30,0.68,0.411,1.096,0.562,0.837,rt,
damas,2026-08-31,0.663,0.39,1.09,0.541,0.833,rt,
damas,2026-09-01,0.658,0.398,1.064,0.543,0.806,rt,
damas,2026-09-02,0.652,0.398,1.043,0.537,0.786,rt,
damas,2026-09-03,0.645,0.389,1.039,0.534,0.777,rt,
damas,2026-09-04,0.631,0.379,1.018,0.523,0.762,rt,
damas,2026-09-05,0.621,0.371,1.007,0.508,0.754,rt,
damas,2026-09-06,0.603,0.348,0.993,0.493,0.743,rt,
damas,2026-09-07,0.579,0.328,0.992,0.468,0.724,rt,
damas,2026-09-08,0.574,0.327,0.962,0.462,0.708,rt,
damas,2026-09-09,0.566,0.325,0.929,0.452,0.689,rt,
damas,2026-09-10,0.553,0.325,0.904,0.447,0.676,rt,
damas,2026-09-11,0.536,0.312,0.886,0.433,0.658,rt,
damas,2026-09-12,0.521,0.301,0.874,0.421,0.637,rt,
damas,2026-09-13,0.506,0.286,0.863,0.407,0.624,rt,
damas,2026-09-14,0.49,0.274,0.859,0.388,0.612,rt,
damas,2026-09-15,0.494,0.278,0.847,0.395,0.618,rt,
damas,2026-09-16,0.498,0.281,0.85,0.398,0.615,rt,
damas,2026-09-17,0.5,0.286,0.849,0.4,0.626,rt,
damas,2026-09-18,0.508,0.291,0.862,0.406,0.635,rt,
damas,2026-09-19,0.512,0.285,0.894,0.405,0.642,rt,
damas,2026-09-20,0.516,0.288,0.926,0.405,0.663,rt,
damas,2026-09-21,0.526,0.286,0.969,0.404,0.685,rt,
damas,2026-09-22,0.532,0.295,0.981,0.414,0.692,rt,
damas,2026-09-23,0.539,0.3,0.989,0.422,0.694,rt,
damas,2026-09-24,0.552,0.304,1.007,0.43,0.705,rt,
damas,2026-09-25,0.559,0.309,1.05,0.433,0.722,rt,
damas,2026-09-26,0.57,0.307,1.072,0.436,0.736,rt,
damas,2026-09-27,0.572,0.3,1.138,0.438,0.75,rt,
damas,2026-09-28,0.568,0.29,1.202,0.437,0.757,rt,
damas,2026-09-29,0.574,0.296,1.185,0.444,0.761,rt,
damas,2026-09-30,0.58,0.301,1.17,0.446,0.771,rt,
damas,2026-10-01,0.584,0.302,1.188,0.451,0.775,rt,
damas,2026-10-02,0.589,0.303,1.213,0.45,0.783,rt,
damas,2026-10-03,0.592,0.301,1.277,0.448,0.795,rt,
damas,2026-10-04,0.597,0.29,1.32,0.448,0.808,rt,
damas,2026-10-05,0.602,0.284,1.372,0.443,0.831,rt,
damas,2026-10-06,0.634,0.292,1.546,0.465,0.875,rt,
drodro,2026-06-27,1.373,1.224,1.545,1.316,1.439,rt,
drodro,2026-06-28,1.359,1.209,1.537,1.302,1.427,rt,
drodro,2026-06-29,1.325,1.165,1.506,1.264,1.391,rt,
drodro,2026-06-30,1.298,1.153,1.463,1.243,1.36,rt,
drodro,2026-07-01,1.275,1.138,1.429,1.224,1.334,rt,
drodro,2026-07-02,1.253,1.12,1.394,1.201,1.309,rt,
drodro,2026-07-03,1.234,1.108,1.361,1.185,1.286,rt,
drodro,2026-07-04,1.214,1.088,1.339,1.165,1.264,rt,
drodro,2026-07-05,1.195,1.066,1.325,1.145,1.244,rt,
drodro,2026-07-06,1.181,1.045,1.321,1.126,1.234,rt,
drodro,2026-07-07,1.184,1.058,1.312,1.135,1.231,rt,
drodro,2026-07-08,1.183,1.066,1.306,1.139,1.23,rt,
drodro,2026-07-09,1.184,1.069,1.31,1.137,1.23,rt,
drodro,2026-07-10,1.186,1.078,1.304,1.142,1.231,rt,
drodro,2026-07-11,1.187,1.08,1.308,1.14,1.234,rt,
drodro,2026-07-12,1.188,1.07,1.311,1.136,1.236,rt,
drodro,2026-07-13,1.18,1.054,1.31,1.121,1.232,rt,
drodro,2026-07-14,1.177,1.059,1.299,1.124,1.227,rt,
drodro,2026-07-15,1.173,1.06,1.291,1.124,1.223,rt,
drodro,2026-07-16,1.169,1.054,1.289,1.122,1.217,rt,
drodro,2026-07-17,1.164,1.047,1.283,1.119,1.209,rt,
drodro,2026-07-18,1.158,1.037,1.282,1.114,1.204,rt,
drodro,2026-07-19,1.149,1.024,1.279,1.102,1.199,rt,
drodro,2026-07-20,1.144,1.008,1.284,1.091,1.196,rt,
drodro,2026-07-21,1.139,1.012,1.263,1.088,1.186,rt,
drodro,2026-07-22,1.131,1.012,1.254,1.084,1.178,rt,
drodro,2026-07-23,1.122,1.007,1.245,1.073,1.17,rt,
drodro,2026-07-24,1.116,1.006,1.232,1.069,1.163,rt,
drodro,2026-07-25,1.108,0.999,1.219,1.06,1.154,rt,
drodro,2026-07-26,1.098,0.984,1.212,1.048,1.147,rt,
drodro,2026-07-27,1.09,0.972,1.215,1.04,1.143,rt,
drodro,2026-07-28,1.086,0.974,1.207,1.04,1.135,rt,
drodro,2026-07-29,1.082,0.973,1.202,1.038,1.126,rt,
drodro,2026-07-30,1.076,0.965,1.194,1.031,1.122,rt,
drodro,2026-07-31,1.067,0.959,1.181,1.024,1.11,rt,
drodro,2026-08-01,1.054,0.942,1.173,1.013,1.098,rt,
drodro,2026-08-02,1.043,0.925,1.159,0.996,1.088,rt,
drodro,2026-08-03,1.026,0.898,1.15,0.974,1.075,rt,
drodro,2026-08-04,1.021,0.902,1.136,0.972,1.066,rt,
drodro,2026-08-05,1.013,0.896,1.126,0.966,1.06,rt,
drodro,2026-08-06,1.007,0.889,1.118,0.959,1.052,rt,
drodro,2026-08-07,0.994,0.881,1.101,0.947,1.038,rt,
drodro,2026-08-08,0.98,0.869,1.087,0.934,1.024,rt,
drodro,2026-08-09,0.968,0.852,1.079,0.919,1.011,rt,
drodro,2026-08-10,0.946,0.828,1.058,0.896,0.993,rt,
drodro,2026-08-11,0.936,0.829,1.044,0.891,0.981,rt,
drodro,2026-08-12,0.927,0.822,1.029,0.883,0.969,rt,
drodro,2026-08-13,0.915,0.817,1.017,0.874,0.961,rt,
drodro,2026-08-14,0.905,0.81,1.0,0.866,0.945,rt,
drodro,2026-08-15,0.893,0.799,0.986,0.853,0.931,rt,
drodro,2026-08-16,0.88,0.785,0.975,0.84,0.918,rt,
drodro,2026-08-17,0.875,0.771,0.977,0.832,0.916,rt,
drodro,2026-08-18,0.875,0.775,0.973,0.835,0.915,rt,
drodro,2026-08-19,0.876,0.778,0.972,0.835,0.915,rt,
drodro,2026-08-20,0.876,0.778,0.976,0.835,0.915,rt,
drodro,2026-08-21,0.879,0.785,0.973,0.841,0.916,rt,
drodro,2026-08-22,0.88,0.786,0.974,0.843,0.919,rt,
drodro,2026-08-23,0.88,0.782,0.975,0.841,0.918,rt,
drodro,2026-08-24,0.888,0.784,0.986,0.844,0.927,rt,
drodro,2026-08-25,0.903,0.804,0.997,0.86,0.942,rt,
drodro,2026-08-26,0.917,0.817,1.014,0.875,0.957,rt,
drodro,2026-08-27,0.928,0.825,1.033,0.888,0.972,rt,
drodro,2026-08-28,0.942,0.842,1.045,0.904,0.984,rt,
drodro,2026-08-29,0.955,0.854,1.056,0.915,0.998,rt,
drodro,2026-08-30,0.965,0.861,1.071,0.922,1.009,rt,
drodro,2026-08-31,0.963,0.854,1.076,0.917,1.008,rt,
drodro,2026-09-01,0.975,0.869,1.089,0.93,1.018,rt,
drodro,2026-09-02,0.984,0.877,1.099,0.94,1.027,rt,
drodro,2026-09-03,0.992,0.882,1.109,0.946,1.036,rt,
drodro,2026-09-04,0.994,0.887,1.107,0.949,1.036,rt,
drodro,2026-09-05,0.992,0.889,1.107,0.949,1.036,rt,
drodro,2026-09-06,0.988,0.882,1.106,0.941,1.034,rt,
drodro,2026-09-07,0.968,0.855,1.092,0.92,1.019,rt,
drodro,2026-09-08,0.954,0.842,1.078,0.908,1.005,rt,
drodro,2026-09-09,0.94,0.828,1.063,0.895,0.99,rt,
drodro,2026-09-10,0.923,0.813,1.05,0.878,0.975,rt,
drodro,2026-09-11,0.901,0.792,1.028,0.855,0.952,rt,
drodro,2026-09-12,0.878,0.767,1.002,0.83,0.926,rt,
drodro,2026-09-13,0.85,0.734,0.984,0.803,0.9,rt,
drodro,2026-09-14,0.825,0.698,0.964,0.772,0.879,rt,
drodro,2026-09-15,0.816,0.694,0.952,0.762,0.871,rt,
drodro,2026-09-16,0.809,0.687,0.946,0.754,0.865,rt,
drodro,2026-09-17,0.803,0.679,0.945,0.748,0.863,rt,
drodro,2026-09-18,0.797,0.669,0.946,0.74,0.858,rt,
drodro,2026-09-19,0.792,0.654,0.948,0.732,0.854,rt,
drodro,2026-09-20,0.784,0.639,0.955,0.724,0.853,rt,
drodro,2026-09-21,0.786,0.629,0.974,0.722,0.861,rt,
drodro,2026-09-22,0.785,0.625,0.98,0.719,0.863,rt,
drodro,2026-09-23,0.785,0.613,0.982,0.716,0.864,rt,
drodro,2026-09-24,0.782,0.605,0.989,0.71,0.867,rt,
drodro,2026-09-25,0.78,0.593,0.998,0.706,0.87,rt,
drodro,2026-09-26,0.778,0.579,1.006,0.695,0.872,rt,
drodro,2026-09-27,0.774,0.56,1.02,0.684,0.872,rt,
drodro,2026-09-28,0.768,0.536,1.027,0.67,0.868,rt,
drodro,2026-09-29,0.764,0.532,1.03,0.664,0.868,rt,
drodro,2026-09-30,0.758,0.52,1.034,0.657,0.864,rt,
drodro,2026-10-01,0.755,0.509,1.04,0.651,0.862,rt,
drodro,2026-10-02,0.751,0.498,1.044,0.641,0.863,rt,
drodro,2026-10-03,0.747,0.482,1.058,0.627,0.863,rt,
drodro,2026-10-04,0.739,0.465,1.081,0.615,0.869,rt,
drodro,2026-10-05,0.734,0.443,1.111,0.601,0.88,rt,
drodro,2026-10-06,0.75,0.436,1.135,0.613,0.885,rt,
fataki,2026-06-20,2.232,1.593,3.077,1.923,2.568,rt,
fataki,2026-06-21,2.234,1.557,3.145,1.912,2.575,rt,
fataki,2026-06-22,2.244,1.522,3.288,1.918,2.641,rt,
fataki,2026-06-23,2.213,1.54,3.179,1.911,2.571,rt,
fataki,2026-06-24,2.177,1.54,3.094,1.9,2.514,rt,
fataki,2026-06-25,2.153,1.538,3.023,1.878,2.473,rt,
fataki,2026-06-26,2.117,1.502,3.01,1.842,2.434,rt,
fataki,2026-06-27,2.075,1.457,3.029,1.801,2.42,rt,
fataki,2026-06-28,2.024,1.392,3.062,1.759,2.416,rt,
fataki,2026-06-29,1.968,1.31,3.056,1.665,2.378,rt,
fataki,2026-06-30,1.872,1.289,2.781,1.597,2.23,rt,
fataki,2026-07-01,1.783,1.254,2.57,1.539,2.081,rt,
fataki,2026-07-02,1.707,1.191,2.404,1.489,1.969,rt,
fataki,2026-07-03,1.634,1.157,2.287,1.429,1.871,rt,
fataki,2026-07-04,1.563,1.085,2.213,1.349,1.784,rt,
fataki,2026-07-05,1.501,1.011,2.154,1.268,1.729,rt,
fataki,2026-07-06,1.434,0.927,2.145,1.194,1.69,rt,
fataki,2026-07-07,1.417,0.949,2.023,1.199,1.638,rt,
fataki,2026-07-08,1.392,0.947,1.914,1.189,1.587,rt,
fataki,2026-07-09,1.366,0.951,1.832,1.18,1.552,rt,
fataki,2026-07-10,1.338,0.941,1.822,1.167,1.531,rt,
fataki,2026-07-11,1.314,0.918,1.844,1.143,1.506,rt,
fataki,2026-07-12,1.295,0.882,1.847,1.113,1.502,rt,
fataki,2026-07-13,1.264,0.829,1.868,1.062,1.481,rt,
fataki,2026-07-14,1.267,0.864,1.791,1.073,1.462,rt,
fataki,2026-07-15,1.263,0.893,1.747,1.092,1.44,rt,
fataki,2026-07-16,1.261,0.907,1.707,1.097,1.432,rt,
fataki,2026-07-17,1.261,0.9,1.694,1.1,1.423,rt,
fataki,2026-07-18,1.262,0.892,1.721,1.092,1.427,rt,
fataki,2026-07-19,1.248,0.862,1.762,1.074,1.432,rt,
fataki,2026-07-20,1.249,0.829,1.837,1.056,1.447,rt,
fataki,2026-07-21,1.229,0.847,1.731,1.057,1.404,rt,
fataki,2026-07-22,1.208,0.86,1.643,1.049,1.371,rt,
fataki,2026-07-23,1.184,0.856,1.601,1.034,1.343,rt,
fataki,2026-07-24,1.162,0.848,1.58,1.021,1.321,rt,
fataki,2026-07-25,1.138,0.815,1.563,0.996,1.3,rt,
fataki,2026-07-26,1.119,0.772,1.576,0.965,1.286,rt,
fataki,2026-07-27,1.102,0.721,1.611,0.94,1.284,rt,
fataki,2026-07-28,1.077,0.74,1.504,0.93,1.232,rt,
fataki,2026-07-29,1.05,0.746,1.424,0.916,1.194,rt,
fataki,2026-07-30,1.022,0.739,1.382,0.896,1.159,rt,
fataki,2026-07-31,0.991,0.714,1.334,0.87,1.125,rt,
fataki,2026-08-01,0.958,0.685,1.329,0.837,1.1,rt,
fataki,2026-08-02,0.931,0.64,1.325,0.799,1.08,rt,
fataki,2026-08-03,0.899,0.588,1.32,0.76,1.056,rt,
fataki,2026-08-04,0.866,0.589,1.228,0.742,1.004,rt,
fataki,2026-08-05,0.837,0.572,1.165,0.726,0.964,rt,
fataki,2026-08-06,0.808,0.557,1.119,0.7,0.924,rt,
fataki,2026-08-07,0.776,0.537,1.069,0.669,0.884,rt,
fataki,2026-08-08,0.742,0.507,1.035,0.634,0.854,rt,
fataki,2026-08-09,0.708,0.473,1.021,0.603,0.824,rt,
fataki,2026-08-10,0.671,0.433,0.999,0.564,0.797,rt,
fataki,2026-08-11,0.651,0.431,0.944,0.551,0.758,rt,
fataki,2026-08-12,0.63,0.424,0.888,0.533,0.73,rt,
fataki,2026-08-13,0.608,0.409,0.862,0.518,0.701,rt,
fataki,2026-08-14,0.587,0.397,0.831,0.496,0.679,rt,
fataki,2026-08-15,0.566,0.378,0.814,0.475,0.657,rt,
fataki,2026-08-16,0.544,0.352,0.794,0.455,0.636,rt,
fataki,2026-08-17,0.528,0.327,0.793,0.435,0.627,rt,
fataki,2026-08-18,0.519,0.33,0.755,0.429,0.606,rt,
fataki,2026-08-19,0.508,0.333,0.723,0.423,0.592,rt,
fataki,2026-08-20,0.494,0.327,0.695,0.416,0.575,rt,
fataki,2026-08-21,0.484,0.323,0.685,0.412,0.565,rt,
fataki,2026-08-22,0.473,0.31,0.685,0.401,0.554,rt,
fataki,2026-08-23,0.463,0.295,0.688,0.391,0.547,rt,
fataki,2026-08-24,0.457,0.282,0.704,0.38,0.55,rt,
fataki,2026-08-25,0.468,0.295,0.695,0.391,0.553,rt,
fataki,2026-08-26,0.478,0.309,0.697,0.4,0.561,rt,
fataki,2026-08-27,0.484,0.315,0.694,0.408,0.566,rt,
fataki,2026-08-28,0.491,0.319,0.705,0.417,0.579,rt,
fataki,2026-08-29,0.501,0.317,0.733,0.42,0.597,rt,
fataki,2026-08-30,0.508,0.311,0.754,0.421,0.609,rt,
fataki,2026-08-31,0.507,0.302,0.791,0.418,0.617,rt,
fataki,2026-09-01,0.523,0.318,0.79,0.436,0.632,rt,
fataki,2026-09-02,0.54,0.335,0.811,0.452,0.646,rt,
fataki,2026-09-03,0.553,0.346,0.841,0.464,0.66,rt,
fataki,2026-09-04,0.566,0.358,0.865,0.473,0.676,rt,
fataki,2026-09-05,0.576,0.363,0.9,0.478,0.693,rt,
fataki,2026-09-06,0.586,0.36,0.929,0.479,0.709,rt,
fataki,2026-09-07,0.584,0.351,0.968,0.47,0.717,rt,
fataki,2026-09-08,0.588,0.365,0.951,0.478,0.715,rt,
fataki,2026-09-09,0.593,0.372,0.944,0.486,0.717,rt,
fataki,2026-09-10,0.592,0.378,0.945,0.49,0.719,rt,
fataki,2026-09-11,0.589,0.368,0.953,0.489,0.719,rt,
fataki,2026-09-12,0.583,0.363,0.973,0.48,0.717,rt,
fataki,2026-09-13,0.578,0.347,0.991,0.473,0.724,rt,
fataki,2026-09-14,0.57,0.33,1.008,0.463,0.729,rt,
fataki,2026-09-15,0.582,0.341,0.998,0.472,0.731,rt,
fataki,2026-09-16,0.591,0.349,1.01,0.478,0.738,rt,
fataki,2026-09-17,0.603,0.359,1.037,0.485,0.748,rt,
fataki,2026-09-18,0.61,0.365,1.06,0.491,0.767,rt,
fataki,2026-09-19,0.617,0.365,1.091,0.497,0.789,rt,
fataki,2026-09-20,0.626,0.361,1.159,0.501,0.812,rt,
fataki,2026-09-21,0.644,0.358,1.241,0.509,0.841,rt,
fataki,2026-09-22,0.654,0.366,1.251,0.514,0.862,rt,
fataki,2026-09-23,0.657,0.372,1.249,0.516,0.861,rt,
fataki,2026-09-24,0.663,0.381,1.242,0.52,0.872,rt,
fataki,2026-09-25,0.663,0.377,1.273,0.522,0.882,rt,
fataki,2026-09-26,0.664,0.375,1.314,0.521,0.888,rt,
fataki,2026-09-27,0.668,0.362,1.351,0.519,0.9,rt,
fataki,2026-09-28,0.674,0.356,1.422,0.511,0.912,rt,
fataki,2026-09-29,0.675,0.353,1.401,0.518,0.907,rt,
fataki,2026-09-30,0.677,0.351,1.378,0.515,0.909,rt,
fataki,2026-10-01,0.675,0.346,1.405,0.515,0.906,rt,
fataki,2026-10-02,0.667,0.34,1.417,0.51,0.903,rt,
fataki,2026-10-03,0.673,0.331,1.448,0.51,0.916,rt,
fataki,2026-10-04,0.674,0.319,1.459,0.503,0.93,rt,
fataki,2026-10-05,0.669,0.301,1.524,0.495,0.941,rt,
fataki,2026-10-06,0.694,0.299,1.687,0.494,0.977,rt,
gety,2026-07-04,1.166,1.043,1.29,1.112,1.214,rt,
gety,2026-07-05,1.147,1.024,1.273,1.093,1.2,rt,
gety,2026-07-06,1.136,1.006,1.271,1.077,1.19,rt,
gety,2026-07-07,1.139,1.016,1.266,1.088,1.189,rt,
gety,2026-07-08,1.142,1.027,1.263,1.095,1.189,rt,
gety,2026-07-09,1.145,1.034,1.269,1.099,1.193,rt,
gety,2026-07-10,1.149,1.039,1.267,1.105,1.191,rt,
gety,2026-07-11,1.151,1.043,1.273,1.107,1.196,rt,
gety,2026-07-12,1.154,1.038,1.284,1.104,1.202,rt,
gety,2026-07-13,1.145,1.02,1.286,1.093,1.2,rt,
gety,2026-07-14,1.145,1.031,1.277,1.093,1.195,rt,
gety,2026-07-15,1.144,1.033,1.269,1.092,1.189,rt,
gety,2026-07-16,1.141,1.027,1.263,1.089,1.186,rt,
gety,2026-07-17,1.136,1.025,1.255,1.088,1.181,rt,
gety,2026-07-18,1.131,1.015,1.252,1.084,1.176,rt,
gety,2026-07-19,1.123,1.002,1.252,1.075,1.17,rt,
gety,2026-07-20,1.118,0.989,1.259,1.066,1.169,rt,
gety,2026-07-21,1.111,0.989,1.244,1.064,1.161,rt,
gety,2026-07-22,1.103,0.992,1.229,1.06,1.153,rt,
gety,2026-07-23,1.094,0.988,1.22,1.052,1.146,rt,
gety,2026-07-24,1.09,0.985,1.205,1.046,1.136,rt,
gety,2026-07-25,1.083,0.979,1.189,1.039,1.128,rt,
gety,2026-07-26,1.074,0.965,1.185,1.027,1.119,rt,
gety,2026-07-27,1.068,0.95,1.187,1.016,1.114,rt,
gety,2026-07-28,1.064,0.953,1.183,1.016,1.108,rt,
gety,2026-07-29,1.058,0.953,1.172,1.014,1.102,rt,
gety,2026-07-30,1.051,0.947,1.168,1.01,1.095,rt,
gety,2026-07-31,1.043,0.939,1.156,1.0,1.083,rt,
gety,2026-08-01,1.031,0.926,1.145,0.988,1.071,rt,
gety,2026-08-02,1.018,0.904,1.134,0.972,1.061,rt,
gety,2026-08-03,1.0,0.875,1.121,0.951,1.047,rt,
gety,2026-08-04,0.996,0.877,1.11,0.948,1.042,rt,
gety,2026-08-05,0.989,0.877,1.101,0.942,1.037,rt,
gety,2026-08-06,0.983,0.871,1.094,0.935,1.03,rt,
gety,2026-08-07,0.97,0.863,1.077,0.924,1.017,rt,
gety,2026-08-08,0.958,0.848,1.059,0.912,1.004,rt,
gety,2026-08-09,0.944,0.833,1.052,0.899,0.993,rt,
gety,2026-08-10,0.926,0.808,1.037,0.877,0.976,rt,
gety,2026-08-11,0.918,0.811,1.026,0.873,0.965,rt,
gety,2026-08-12,0.91,0.809,1.015,0.868,0.956,rt,
gety,2026-08-13,0.903,0.805,1.004,0.86,0.948,rt,
gety,2026-08-14,0.894,0.8,0.987,0.853,0.936,rt,
gety,2026-08-15,0.884,0.79,0.973,0.843,0.923,rt,
gety,2026-08-16,0.874,0.776,0.965,0.831,0.912,rt,
gety,2026-08-17,0.871,0.766,0.97,0.826,0.91,rt,
gety,2026-08-18,0.873,0.772,0.967,0.83,0.911,rt,
gety,2026-08-19,0.873,0.774,0.971,0.833,0.912,rt,
gety,2026-08-20,0.872,0.772,0.974,0.833,0.912,rt,
gety,2026-08-21,0.88,0.782,0.975,0.838,0.915,rt,
gety,2026-08-22,0.881,0.787,0.978,0.84,0.918,rt,
gety,2026-08-23,0.881,0.782,0.981,0.841,0.921,rt,
gety,2026-08-24,0.887,0.781,0.991,0.847,0.932,rt,
gety,2026-08-25,0.905,0.799,1.007,0.864,0.947,rt,
gety,2026-08-26,0.92,0.818,1.025,0.879,0.961,rt,
gety,2026-08-27,0.933,0.828,1.041,0.891,0.975,rt,
gety,2026-08-28,0.948,0.849,1.052,0.908,0.99,rt,
gety,2026-08-29,0.961,0.86,1.068,0.922,1.003,rt,
gety,2026-08-30,0.971,0.866,1.083,0.93,1.014,rt,
gety,2026-08-31,0.971,0.858,1.088,0.924,1.016,rt,
gety,2026-09-01,0.982,0.874,1.095,0.939,1.027,rt,
gety,2026-09-02,0.994,0.886,1.108,0.949,1.037,rt,
gety,2026-09-03,1.002,0.892,1.119,0.955,1.047,rt,
gety,2026-09-04,1.004,0.898,1.117,0.959,1.049,rt,
gety,2026-09-05,1.006,0.898,1.114,0.958,1.051,rt,
gety,2026-09-06,1.002,0.893,1.118,0.955,1.049,rt,
gety,2026-09-07,0.982,0.869,1.101,0.935,1.033,rt,
gety,2026-09-08,0.968,0.855,1.085,0.924,1.021,rt,
gety,2026-09-09,0.955,0.841,1.075,0.909,1.007,rt,
gety,2026-09-10,0.939,0.824,1.067,0.891,0.992,rt,
gety,2026-09-11,0.919,0.802,1.041,0.869,0.967,rt,
gety,2026-09-12,0.897,0.78,1.02,0.842,0.944,rt,
gety,2026-09-13,0.87,0.749,1.002,0.816,0.921,rt,
gety,2026-09-14,0.845,0.718,0.984,0.786,0.902,rt,
gety,2026-09-15,0.836,0.71,0.976,0.777,0.892,rt,
gety,2026-09-16,0.828,0.704,0.974,0.77,0.885,rt,
gety,2026-09-17,0.821,0.694,0.972,0.763,0.882,rt,
gety,2026-09-18,0.816,0.68,0.967,0.755,0.877,rt,
gety,2026-09-19,0.809,0.667,0.973,0.747,0.872,rt,
gety,2026-09-20,0.802,0.656,0.976,0.737,0.869,rt,
gety,2026-09-21,0.801,0.641,0.99,0.735,0.877,rt,
gety,2026-09-22,0.801,0.637,0.994,0.734,0.879,rt,
gety,2026-09-23,0.803,0.628,0.999,0.732,0.882,rt,
gety,2026-09-24,0.799,0.619,1.004,0.727,0.886,rt,
gety,2026-09-25,0.797,0.609,1.015,0.72,0.888,rt,
gety,2026-09-26,0.793,0.591,1.027,0.71,0.889,rt,
gety,2026-09-27,0.791,0.573,1.035,0.701,0.892,rt,
gety,2026-09-28,0.783,0.551,1.038,0.687,0.89,rt,
gety,2026-09-29,0.779,0.546,1.039,0.682,0.887,rt,
gety,2026-09-30,0.775,0.536,1.043,0.677,0.886,rt,
gety,2026-10-01,0.771,0.526,1.054,0.669,0.885,rt,
gety,2026-10-02,0.769,0.516,1.06,0.66,0.883,rt,
gety,2026-10-03,0.762,0.503,1.07,0.651,0.887,rt,
gety,2026-10-04,0.758,0.483,1.101,0.635,0.89,rt,
gety,2026-10-05,0.754,0.464,1.124,0.62,0.897,rt,
gety,2026-10-06,0.769,0.472,1.147,0.635,0.9,rt,
kambala,2026-08-03,1.018,0.887,1.146,0.966,1.07,rt,
kambala,2026-08-04,1.011,0.888,1.132,0.962,1.064,rt,
kambala,2026-08-05,1.006,0.886,1.126,0.957,1.057,rt,
kambala,2026-08-06,0.999,0.879,1.122,0.952,1.049,rt,
kambala,2026-08-07,0.988,0.872,1.103,0.943,1.037,rt,
kambala,2026-08-08,0.976,0.861,1.088,0.93,1.026,rt,
kambala,2026-08-09,0.964,0.85,1.076,0.917,1.014,rt,
kambala,2026-08-10,0.945,0.823,1.06,0.894,0.997,rt,
kambala,2026-08-11,0.937,0.822,1.046,0.889,0.984,rt,
kambala,2026-08-12,0.93,0.818,1.036,0.885,0.975,rt,
kambala,2026-08-13,0.92,0.813,1.027,0.877,0.965,rt,
kambala,2026-08-14,0.909,0.811,1.01,0.869,0.951,rt,
kambala,2026-08-15,0.9,0.801,0.996,0.859,0.938,rt,
kambala,2026-08-16,0.888,0.789,0.984,0.847,0.929,rt,
kambala,2026-08-17,0.884,0.78,0.988,0.842,0.927,rt,
kambala,2026-08-18,0.886,0.783,0.984,0.844,0.926,rt,
kambala,2026-08-19,0.887,0.785,0.985,0.844,0.927,rt,
kambala,2026-08-20,0.887,0.786,0.989,0.846,0.927,rt,
kambala,2026-08-21,0.891,0.796,0.991,0.852,0.93,rt,
kambala,2026-08-22,0.895,0.798,0.993,0.857,0.933,rt,
kambala,2026-08-23,0.897,0.798,0.996,0.856,0.935,rt,
kambala,2026-08-24,0.906,0.799,1.005,0.864,0.947,rt,
kambala,2026-08-25,0.924,0.815,1.021,0.879,0.962,rt,
kambala,2026-08-26,0.938,0.832,1.038,0.896,0.979,rt,
kambala,2026-08-27,0.951,0.843,1.057,0.91,0.995,rt,
kambala,2026-08-28,0.966,0.86,1.073,0.927,1.009,rt,
kambala,2026-08-29,0.98,0.876,1.086,0.94,1.024,rt,
kambala,2026-08-30,0.993,0.886,1.103,0.948,1.037,rt,
kambala,2026-08-31,0.994,0.877,1.111,0.946,1.038,rt,
kambala,2026-09-01,1.005,0.891,1.117,0.957,1.047,rt,
kambala,2026-09-02,1.015,0.9,1.13,0.968,1.059,rt,
kambala,2026-09-03,1.022,0.907,1.139,0.974,1.069,rt,
kambala,2026-09-04,1.024,0.915,1.135,0.979,1.068,rt,
kambala,2026-09-05,1.024,0.915,1.134,0.978,1.067,rt,
kambala,2026-09-06,1.019,0.91,1.137,0.972,1.066,rt,
kambala,2026-09-07,1.0,0.885,1.124,0.951,1.051,rt,
kambala,2026-09-08,0.984,0.873,1.109,0.94,1.037,rt,
kambala,2026-09-09,0.971,0.859,1.096,0.926,1.02,rt,
kambala,2026-09-10,0.956,0.842,1.086,0.909,1.004,rt,
kambala,2026-09-11,0.933,0.817,1.06,0.886,0.982,rt,
kambala,2026-09-12,0.908,0.792,1.036,0.86,0.959,rt,
kambala,2026-09-13,0.882,0.764,1.012,0.832,0.935,rt,
kambala,2026-09-14,0.858,0.732,0.999,0.801,0.914,rt,
kambala,2026-09-15,0.848,0.725,0.996,0.792,0.904,rt,
kambala,2026-09-16,0.839,0.717,0.991,0.783,0.898,rt,
kambala,2026-09-17,0.834,0.708,0.991,0.775,0.894,rt,
kambala,2026-09-18,0.829,0.696,0.987,0.768,0.89,rt,
kambala,2026-09-19,0.821,0.682,0.984,0.758,0.885,rt,
kambala,2026-09-20,0.814,0.664,0.991,0.749,0.885,rt,
kambala,2026-09-21,0.815,0.654,1.003,0.748,0.891,rt,
kambala,2026-09-22,0.818,0.649,1.008,0.745,0.892,rt,
kambala,2026-09-23,0.817,0.642,1.016,0.742,0.896,rt,
kambala,2026-09-24,0.815,0.633,1.021,0.737,0.9,rt,
kambala,2026-09-25,0.814,0.622,1.034,0.732,0.902,rt,
kambala,2026-09-26,0.812,0.608,1.047,0.724,0.901,rt,
kambala,2026-09-27,0.806,0.593,1.049,0.715,0.905,rt,
kambala,2026-09-28,0.798,0.565,1.059,0.702,0.905,rt,
kambala,2026-09-29,0.796,0.556,1.067,0.697,0.903,rt,
kambala,2026-09-30,0.792,0.55,1.071,0.692,0.903,rt,
kambala,2026-10-01,0.785,0.543,1.073,0.685,0.899,rt,
kambala,2026-10-02,0.785,0.529,1.09,0.675,0.899,rt,
kambala,2026-10-03,0.784,0.516,1.104,0.664,0.904,rt,
kambala,2026-10-04,0.777,0.502,1.124,0.651,0.906,rt,
kambala,2026-10-05,0.769,0.481,1.151,0.635,0.915,rt,
kambala,2026-10-06,0.787,0.486,1.171,0.655,0.92,rt,
kilo,2026-05-30,1.082,0.698,1.646,0.908,1.292,rt,
kilo,2026-05-31,1.076,0.677,1.635,0.893,1.287,rt,
kilo,2026-06-01,1.073,0.659,1.678,0.885,1.3,rt,
kilo,2026-06-02,1.086,0.704,1.645,0.911,1.307,rt,
kilo,2026-06-03,1.105,0.732,1.639,0.929,1.311,rt,
kilo,2026-06-04,1.118,0.749,1.629,0.952,1.323,rt,
kilo,2026-06-05,1.132,0.774,1.645,0.961,1.331,rt,
kilo,2026-06-06,1.14,0.774,1.663,0.968,1.337,rt,
kilo,2026-06-07,1.138,0.765,1.683,0.957,1.338,rt,
kilo,2026-06-08,1.135,0.742,1.716,0.954,1.338,rt,
kilo,2026-06-09,1.128,0.762,1.679,0.961,1.33,rt,
kilo,2026-06-10,1.129,0.779,1.639,0.968,1.316,rt,
kilo,2026-06-11,1.127,0.781,1.623,0.973,1.309,rt,
kilo,2026-06-12,1.125,0.777,1.596,0.968,1.296,rt,
kilo,2026-06-13,1.111,0.775,1.581,0.962,1.285,rt,
kilo,2026-06-14,1.104,0.76,1.585,0.949,1.282,rt,
kilo,2026-06-15,1.102,0.742,1.611,0.937,1.282,rt,
kilo,2026-06-16,1.103,0.759,1.587,0.949,1.273,rt,
kilo,2026-06-17,1.106,0.779,1.56,0.959,1.274,rt,
kilo,2026-06-18,1.108,0.791,1.547,0.962,1.267,rt,
kilo,2026-06-19,1.112,0.787,1.53,0.963,1.267,rt,
kilo,2026-06-20,1.11,0.785,1.549,0.959,1.273,rt,
kilo,2026-06-21,1.103,0.767,1.569,0.951,1.279,rt,
kilo,2026-06-22,1.108,0.767,1.624,0.954,1.3,rt,
kilo,2026-06-23,1.11,0.784,1.608,0.976,1.299,rt,
kilo,2026-06-24,1.121,0.804,1.597,0.991,1.304,rt,
kilo,2026-06-25,1.135,0.829,1.601,1.004,1.304,rt,
kilo,2026-06-26,1.141,0.828,1.612,1.009,1.312,rt,
kilo,2026-06-27,1.151,0.83,1.637,1.005,1.317,rt,
kilo,2026-06-28,1.158,0.815,1.67,1.0,1.337,rt,
kilo,2026-06-29,1.143,0.778,1.691,0.972,1.335,rt,
kilo,2026-06-30,1.132,0.784,1.641,0.979,1.302,rt,
kilo,2026-07-01,1.125,0.79,1.582,0.977,1.277,rt,
kilo,2026-07-02,1.112,0.787,1.545,0.969,1.259,rt,
kilo,2026-07-03,1.106,0.781,1.523,0.96,1.248,rt,
kilo,2026-07-04,1.096,0.777,1.507,0.952,1.236,rt,
kilo,2026-07-05,1.08,0.757,1.519,0.939,1.232,rt,
kilo,2026-07-06,1.071,0.73,1.545,0.923,1.245,rt,
kilo,2026-07-07,1.072,0.746,1.51,0.934,1.233,rt,
kilo,2026-07-08,1.072,0.761,1.498,0.936,1.223,rt,
kilo,2026-07-09,1.073,0.764,1.494,0.941,1.225,rt,
kilo,2026-07-10,1.071,0.769,1.496,0.94,1.224,rt,
kilo,2026-07-11,1.076,0.765,1.494,0.932,1.226,rt,
kilo,2026-07-12,1.069,0.754,1.521,0.922,1.239,rt,
kilo,2026-07-13,1.059,0.732,1.549,0.904,1.244,rt,
kilo,2026-07-14,1.052,0.74,1.495,0.908,1.216,rt,
kilo,2026-07-15,1.045,0.74,1.463,0.908,1.199,rt,
kilo,2026-07-16,1.031,0.74,1.431,0.901,1.178,rt,
kilo,2026-07-17,1.019,0.728,1.421,0.892,1.161,rt,
kilo,2026-07-18,1.008,0.707,1.422,0.882,1.152,rt,
kilo,2026-07-19,0.996,0.682,1.438,0.865,1.137,rt,
kilo,2026-07-20,0.978,0.659,1.446,0.848,1.134,rt,
kilo,2026-07-21,0.967,0.666,1.382,0.842,1.108,rt,
kilo,2026-07-22,0.955,0.667,1.344,0.832,1.086,rt,
kilo,2026-07-23,0.938,0.658,1.306,0.82,1.069,rt,
kilo,2026-07-24,0.922,0.642,1.286,0.81,1.052,rt,
kilo,2026-07-25,0.909,0.623,1.276,0.793,1.038,rt,
kilo,2026-07-26,0.894,0.594,1.287,0.768,1.028,rt,
kilo,2026-07-27,0.877,0.572,1.296,0.747,1.021,rt,
kilo,2026-07-28,0.875,0.58,1.252,0.753,1.007,rt,
kilo,2026-07-29,0.875,0.59,1.225,0.753,0.996,rt,
kilo,2026-07-30,0.871,0.593,1.192,0.753,0.991,rt,
kilo,2026-07-31,0.863,0.594,1.168,0.745,0.981,rt,
kilo,2026-08-01,0.849,0.581,1.171,0.737,0.97,rt,
kilo,2026-08-02,0.837,0.571,1.176,0.724,0.963,rt,
kilo,2026-08-03,0.822,0.551,1.183,0.701,0.955,rt,
kilo,2026-08-04,0.82,0.559,1.151,0.708,0.942,rt,
kilo,2026-08-05,0.817,0.561,1.136,0.709,0.934,rt,
kilo,2026-08-06,0.809,0.564,1.127,0.706,0.927,rt,
kilo,2026-08-07,0.802,0.562,1.12,0.7,0.923,rt,
kilo,2026-08-08,0.794,0.555,1.13,0.692,0.917,rt,
kilo,2026-08-09,0.782,0.532,1.145,0.674,0.913,rt,
kilo,2026-08-10,0.764,0.515,1.144,0.652,0.91,rt,
kilo,2026-08-11,0.762,0.52,1.108,0.655,0.889,rt,
kilo,2026-08-12,0.754,0.521,1.076,0.656,0.878,rt,
kilo,2026-08-13,0.749,0.517,1.06,0.65,0.867,rt,
kilo,2026-08-14,0.744,0.512,1.042,0.641,0.856,rt,
kilo,2026-08-15,0.736,0.504,1.038,0.63,0.849,rt,
kilo,2026-08-16,0.726,0.487,1.038,0.619,0.84,rt,
kilo,2026-08-17,0.721,0.467,1.059,0.612,0.845,rt,
kilo,2026-08-18,0.724,0.481,1.033,0.618,0.842,rt,
kilo,2026-08-19,0.726,0.494,1.018,0.622,0.84,rt,
kilo,2026-08-20,0.725,0.501,1.02,0.625,0.843,rt,
kilo,2026-08-21,0.733,0.505,1.026,0.625,0.845,rt,
kilo,2026-08-22,0.734,0.499,1.044,0.622,0.852,rt,
kilo,2026-08-23,0.734,0.49,1.062,0.617,0.859,rt,
kilo,2026-08-24,0.742,0.484,1.107,0.618,0.871,rt,
kilo,2026-08-25,0.763,0.504,1.125,0.64,0.889,rt,
kilo,2026-08-26,0.777,0.521,1.154,0.657,0.908,rt,
kilo,2026-08-27,0.794,0.529,1.185,0.674,0.927,rt,
kilo,2026-08-28,0.813,0.544,1.201,0.695,0.949,rt,
kilo,2026-08-29,0.825,0.547,1.241,0.709,0.974,rt,
kilo,2026-08-30,0.842,0.541,1.281,0.714,1.0,rt,
kilo,2026-08-31,0.85,0.535,1.303,0.708,1.021,rt,
kilo,2026-09-01,0.872,0.561,1.311,0.728,1.032,rt,
kilo,2026-09-02,0.891,0.582,1.342,0.75,1.05,rt,
kilo,2026-09-03,0.908,0.598,1.362,0.767,1.071,rt,
kilo,2026-09-04,0.922,0.605,1.374,0.782,1.086,rt,
kilo,2026-09-05,0.934,0.613,1.398,0.783,1.105,rt,
kilo,2026-09-06,0.939,0.608,1.439,0.785,1.127,rt,
kilo,2026-09-07,0.931,0.593,1.462,0.771,1.132,rt,
kilo,2026-09-08,0.928,0.603,1.451,0.774,1.119,rt,
kilo,2026-09-09,0.925,0.601,1.447,0.769,1.116,rt,
kilo,2026-09-10,0.923,0.599,1.436,0.766,1.113,rt,
kilo,2026-09-11,0.908,0.586,1.418,0.753,1.095,rt,
kilo,2026-09-12,0.894,0.56,1.429,0.741,1.082,rt,
kilo,2026-09-13,0.877,0.539,1.452,0.715,1.072,rt,
kilo,2026-09-14,0.852,0.516,1.465,0.691,1.058,rt,
kilo,2026-09-15,0.856,0.527,1.456,0.704,1.065,rt,
kilo,2026-09-16,0.864,0.532,1.441,0.715,1.063,rt,
kilo,2026-09-17,0.878,0.535,1.458,0.722,1.075,rt,
kilo,2026-09-18,0.885,0.537,1.492,0.722,1.082,rt,
kilo,2026-09-19,0.89,0.527,1.525,0.72,1.1,rt,
kilo,2026-09-20,0.894,0.521,1.578,0.716,1.122,rt,
kilo,2026-09-21,0.906,0.514,1.657,0.726,1.152,rt,
kilo,2026-09-22,0.906,0.512,1.634,0.723,1.147,rt,
kilo,2026-09-23,0.901,0.517,1.606,0.719,1.14,rt,
kilo,2026-09-24,0.896,0.513,1.59,0.716,1.132,rt,
kilo,2026-09-25,0.891,0.5,1.62,0.706,1.13,rt,
kilo,2026-09-26,0.878,0.484,1.625,0.694,1.138,rt,
kilo,2026-09-27,0.868,0.471,1.654,0.683,1.133,rt,
kilo,2026-09-28,0.861,0.453,1.691,0.662,1.126,rt,
kilo,2026-09-29,0.853,0.455,1.655,0.654,1.114,rt,
kilo,2026-09-30,0.845,0.444,1.642,0.647,1.085,rt,
kilo,2026-10-01,0.828,0.434,1.648,0.645,1.073,rt,
kilo,2026-10-02,0.822,0.42,1.663,0.638,1.066,rt,
kilo,2026-10-03,0.811,0.399,1.655,0.621,1.066,rt,
kilo,2026-10-04,0.794,0.38,1.647,0.604,1.068,rt,
kilo,2026-10-05,0.787,0.361,1.681,0.584,1.075,rt,
kilo,2026-10-06,0.783,0.317,1.747,0.561,1.081,rt,
komanda,2026-05-27,1.808,1.104,3.09,1.463,2.265,rt,
komanda,2026-05-28,1.842,1.134,3.024,1.493,2.259,rt,
komanda,2026-05-29,1.865,1.156,3.017,1.518,2.259,rt,
komanda,2026-05-30,1.888,1.172,3.042,1.538,2.287,rt,
komanda,2026-05-31,1.91,1.157,3.164,1.54,2.31,rt,
komanda,2026-06-01,1.942,1.146,3.384,1.546,2.392,rt,
komanda,2026-06-02,1.941,1.189,3.201,1.575,2.347,rt,
komanda,2026-06-03,1.932,1.22,3.057,1.592,2.319,rt,
komanda,2026-06-04,1.92,1.24,2.975,1.595,2.293,rt,
komanda,2026-06-05,1.908,1.224,2.968,1.588,2.299,rt,
komanda,2026-06-06,1.884,1.187,2.962,1.569,2.288,rt,
komanda,2026-06-07,1.855,1.123,2.972,1.513,2.263,rt,
komanda,2026-06-08,1.821,1.05,3.019,1.466,2.235,rt,
komanda,2026-06-09,1.758,1.065,2.77,1.444,2.117,rt,
komanda,2026-06-10,1.714,1.073,2.603,1.407,2.026,rt,
komanda,2026-06-11,1.643,1.053,2.469,1.368,1.952,rt,
komanda,2026-06-12,1.591,1.023,2.361,1.324,1.89,rt,
komanda,2026-06-13,1.53,0.984,2.329,1.268,1.823,rt,
komanda,2026-06-14,1.469,0.912,2.303,1.202,1.77,rt,
komanda,2026-06-15,1.415,0.844,2.326,1.134,1.734,rt,
komanda,2026-06-16,1.381,0.86,2.157,1.121,1.659,rt,
komanda,2026-06-17,1.333,0.853,2.024,1.092,1.587,rt,
komanda,2026-06-18,1.282,0.841,1.932,1.069,1.526,rt,
komanda,2026-06-19,1.236,0.805,1.883,1.04,1.474,rt,
komanda,2026-06-20,1.196,0.768,1.872,0.994,1.425,rt,
komanda,2026-06-21,1.149,0.713,1.857,0.944,1.386,rt,
komanda,2026-06-22,1.126,0.666,1.891,0.898,1.378,rt,
komanda,2026-06-23,1.102,0.687,1.779,0.905,1.325,rt,
komanda,2026-06-24,1.085,0.698,1.688,0.907,1.278,rt,
komanda,2026-06-25,1.062,0.704,1.599,0.901,1.248,rt,
komanda,2026-06-26,1.049,0.691,1.553,0.882,1.222,rt,
komanda,2026-06-27,1.027,0.673,1.524,0.858,1.212,rt,
komanda,2026-06-28,1.002,0.639,1.535,0.834,1.204,rt,
komanda,2026-06-29,0.961,0.595,1.532,0.789,1.175,rt,
komanda,2026-06-30,0.968,0.624,1.471,0.8,1.154,rt,
komanda,2026-07-01,0.971,0.64,1.421,0.82,1.142,rt,
komanda,2026-07-02,0.976,0.651,1.391,0.83,1.138,rt,
komanda,2026-07-03,0.984,0.651,1.39,0.834,1.153,rt,
komanda,2026-07-04,0.989,0.638,1.406,0.835,1.166,rt,
komanda,2026-07-05,0.997,0.611,1.459,0.829,1.179,rt,
komanda,2026-07-06,1.005,0.6,1.537,0.817,1.214,rt,
komanda,2026-07-07,1.037,0.653,1.52,0.865,1.235,rt,
komanda,2026-07-08,1.069,0.704,1.52,0.913,1.255,rt,
komanda,2026-07-09,1.11,0.734,1.554,0.953,1.286,rt,
komanda,2026-07-10,1.147,0.77,1.61,0.985,1.331,rt,
komanda,2026-07-11,1.184,0.793,1.709,1.015,1.368,rt,
komanda,2026-07-12,1.223,0.796,1.819,1.032,1.436,rt,
komanda,2026-07-13,1.258,0.785,1.971,1.036,1.502,rt,
komanda,2026-07-14,1.284,0.84,1.889,1.074,1.498,rt,
komanda,2026-07-15,1.3,0.881,1.854,1.118,1.494,rt,
komanda,2026-07-16,1.319,0.928,1.851,1.146,1.5,rt,
komanda,2026-07-17,1.34,0.944,1.872,1.162,1.529,rt,
komanda,2026-07-18,1.355,0.951,1.946,1.171,1.559,rt,
komanda,2026-07-19,1.365,0.934,2.025,1.166,1.603,rt,
komanda,2026-07-20,1.381,0.898,2.151,1.161,1.664,rt,
komanda,2026-07-21,1.41,0.965,2.08,1.209,1.663,rt,
komanda,2026-07-22,1.451,1.025,2.035,1.253,1.672,rt,
komanda,2026-07-23,1.469,1.044,2.008,1.289,1.678,rt,
komanda,2026-07-24,1.498,1.08,2.036,1.321,1.704,rt,
komanda,2026-07-25,1.523,1.085,2.095,1.328,1.742,rt,
komanda,2026-07-26,1.547,1.066,2.203,1.324,1.794,rt,
komanda,2026-07-27,1.567,1.034,2.369,1.307,1.864,rt,
komanda,2026-07-28,1.599,1.111,2.284,1.368,1.861,rt,
komanda,2026-07-29,1.63,1.165,2.248,1.421,1.866,rt,
komanda,2026-07-30,1.654,1.217,2.223,1.454,1.881,rt,
komanda,2026-07-31,1.675,1.234,2.244,1.476,1.906,rt,
komanda,2026-08-01,1.698,1.224,2.327,1.481,1.93,rt,
komanda,2026-08-02,1.704,1.177,2.457,1.471,1.986,rt,
komanda,2026-08-03,1.71,1.124,2.601,1.442,2.03,rt,
komanda,2026-08-04,1.745,1.199,2.514,1.497,2.026,rt,
komanda,2026-08-05,1.775,1.269,2.455,1.55,2.025,rt,
komanda,2026-08-06,1.808,1.322,2.462,1.59,2.046,rt,
komanda,2026-08-07,1.818,1.36,2.478,1.601,2.062,rt,
komanda,2026-08-08,1.842,1.359,2.542,1.604,2.099,rt,
komanda,2026-08-09,1.855,1.32,2.655,1.595,2.145,rt,
komanda,2026-08-10,1.856,1.263,2.765,1.571,2.181,rt,
komanda,2026-08-11,1.831,1.313,2.571,1.581,2.099,rt,
komanda,2026-08-12,1.806,1.331,2.419,1.58,2.03,rt,
komanda,2026-08-13,1.771,1.35,2.365,1.568,1.979,rt,
komanda,2026-08-14,1.74,1.323,2.269,1.538,1.938,rt,
komanda,2026-08-15,1.698,1.264,2.269,1.495,1.907,rt,
komanda,2026-08-16,1.656,1.179,2.31,1.441,1.904,rt,
komanda,2026-08-17,1.634,1.108,2.409,1.4,1.911,rt,
komanda,2026-08-18,1.543,1.101,2.185,1.342,1.768,rt,
komanda,2026-08-19,1.445,1.069,1.972,1.28,1.634,rt,
komanda,2026-08-20,1.356,1.012,1.822,1.21,1.524,rt,
komanda,2026-08-21,1.282,0.948,1.702,1.147,1.436,rt,
komanda,2026-08-22,1.208,0.87,1.624,1.077,1.371,rt,
komanda,2026-08-23,1.135,0.784,1.565,0.988,1.307,rt,
komanda,2026-08-24,1.081,0.702,1.561,0.915,1.257,rt,
komanda,2026-08-25,1.041,0.716,1.442,0.892,1.183,rt,
komanda,2026-08-26,0.995,0.714,1.331,0.868,1.122,rt,
komanda,2026-08-27,0.95,0.694,1.244,0.834,1.071,rt,
komanda,2026-08-28,0.911,0.667,1.197,0.805,1.031,rt,
komanda,2026-08-29,0.874,0.629,1.153,0.763,0.989,rt,
komanda,2026-08-30,0.834,0.58,1.133,0.722,0.957,rt,
komanda,2026-08-31,0.789,0.521,1.105,0.665,0.916,rt,
komanda,2026-09-01,0.792,0.547,1.07,0.68,0.9,rt,
komanda,2026-09-02,0.79,0.567,1.053,0.692,0.891,rt,
komanda,2026-09-03,0.79,0.586,1.043,0.698,0.886,rt,
komanda,2026-09-04,0.788,0.584,1.038,0.695,0.886,rt,
komanda,2026-09-05,0.781,0.561,1.049,0.687,0.889,rt,
komanda,2026-09-06,0.769,0.535,1.081,0.672,0.892,rt,
komanda,2026-09-07,0.751,0.499,1.106,0.641,0.883,rt,
komanda,2026-09-08,0.731,0.507,1.035,0.636,0.848,rt,
komanda,2026-09-09,0.719,0.5,0.972,0.629,0.82,rt,
komanda,2026-09-10,0.703,0.487,0.933,0.615,0.792,rt,
komanda,2026-09-11,0.678,0.472,0.922,0.592,0.768,rt,
komanda,2026-09-12,0.651,0.443,0.906,0.565,0.742,rt,
komanda,2026-09-13,0.625,0.41,0.904,0.532,0.726,rt,
komanda,2026-09-14,0.601,0.376,0.903,0.496,0.713,rt,
komanda,2026-09-15,0.578,0.37,0.849,0.488,0.685,rt,
komanda,2026-09-16,0.563,0.363,0.809,0.475,0.66,rt,
komanda,2026-09-17,0.544,0.346,0.791,0.457,0.645,rt,
komanda,2026-09-18,0.531,0.33,0.788,0.439,0.63,rt,
komanda,2026-09-19,0.514,0.308,0.797,0.419,0.619,rt,
komanda,2026-09-20,0.495,0.292,0.806,0.4,0.614,rt,
komanda,2026-09-21,0.486,0.266,0.835,0.383,0.612,rt,
komanda,2026-09-22,0.49,0.271,0.828,0.381,0.616,rt,
komanda,2026-09-23,0.495,0.27,0.84,0.377,0.615,rt,
komanda,2026-09-24,0.494,0.261,0.858,0.375,0.619,rt,
komanda,2026-09-25,0.487,0.251,0.879,0.37,0.625,rt,
komanda,2026-09-26,0.488,0.239,0.9,0.369,0.637,rt,
komanda,2026-09-27,0.482,0.227,0.933,0.36,0.65,rt,
komanda,2026-09-28,0.474,0.212,0.973,0.345,0.655,rt,
komanda,2026-09-29,0.475,0.212,0.963,0.349,0.655,rt,
komanda,2026-09-30,0.477,0.212,0.978,0.346,0.662,rt,
komanda,2026-10-01,0.478,0.211,1.004,0.342,0.667,rt,
komanda,2026-10-02,0.473,0.203,1.02,0.344,0.668,rt,
komanda,2026-10-03,0.472,0.192,1.057,0.338,0.671,rt,
komanda,2026-10-04,0.474,0.179,1.104,0.327,0.675,rt,
komanda,2026-10-05,0.469,0.171,1.162,0.319,0.685,rt,
komanda,2026-10-06,0.5,0.173,1.281,0.329,0.744,rt,
lita,2026-05-23,1.763,1.161,2.619,1.507,2.085,rt,
lita,2026-05-24,1.701,1.095,2.548,1.433,2.027,rt,
lita,2026-05-25,1.629,1.02,2.517,1.359,1.976,rt,
lita,2026-05-26,1.635,1.071,2.42,1.383,1.934,rt,
lita,2026-05-27,1.648,1.099,2.384,1.411,1.916,rt,
lita,2026-05-28,1.663,1.128,2.336,1.43,1.908,rt,
lita,2026-05-29,1.669,1.157,2.315,1.442,1.904,rt,
lita,2026-05-30,1.677,1.162,2.343,1.457,1.927,rt,
lita,2026-05-31,1.694,1.158,2.413,1.465,1.947,rt,
lita,2026-06-01,1.712,1.141,2.485,1.452,2.005,rt,
lita,2026-06-02,1.778,1.246,2.507,1.537,2.062,rt,
lita,2026-06-03,1.849,1.344,2.519,1.626,2.105,rt,
lita,2026-06-04,1.922,1.421,2.575,1.696,2.168,rt,
lita,2026-06-05,1.984,1.465,2.648,1.768,2.241,rt,
lita,2026-06-06,2.044,1.507,2.755,1.826,2.306,rt,
lita,2026-06-07,2.096,1.528,2.897,1.852,2.372,rt,
lita,2026-06-08,2.131,1.523,3.024,1.874,2.444,rt,
lita,2026-06-09,2.108,1.568,2.887,1.878,2.384,rt,
lita,2026-06-10,2.089,1.583,2.817,1.877,2.341,rt,
lita,2026-06-11,2.057,1.591,2.739,1.86,2.294,rt,
lita,2026-06-12,2.03,1.582,2.681,1.84,2.252,rt,
lita,2026-06-13,2.0,1.563,2.644,1.805,2.222,rt,
lita,2026-06-14,1.967,1.499,2.635,1.758,2.193,rt,
lita,2026-06-15,1.938,1.441,2.646,1.713,2.179,rt,
lita,2026-06-16,1.877,1.442,2.505,1.687,2.093,rt,
lita,2026-06-17,1.821,1.438,2.378,1.658,2.024,rt,
lita,2026-06-18,1.766,1.416,2.294,1.616,1.962,rt,
lita,2026-06-19,1.713,1.374,2.214,1.57,1.905,rt,
lita,2026-06-20,1.668,1.311,2.145,1.505,1.851,rt,
lita,2026-06-21,1.621,1.242,2.117,1.442,1.807,rt,
lita,2026-06-22,1.587,1.181,2.123,1.396,1.791,rt,
lita,2026-06-23,1.582,1.219,2.057,1.414,1.759,rt,
lita,2026-06-24,1.58,1.245,2.018,1.432,1.74,rt,
lita,2026-06-25,1.576,1.257,1.994,1.433,1.73,rt,
lita,2026-06-26,1.571,1.255,1.977,1.437,1.726,rt,
lita,2026-06-27,1.566,1.241,1.996,1.435,1.718,rt,
lita,2026-06-28,1.562,1.205,2.028,1.419,1.723,rt,
lita,2026-06-29,1.532,1.146,2.03,1.374,1.699,rt,
lita,2026-06-30,1.502,1.165,1.928,1.359,1.651,rt,
lita,2026-07-01,1.474,1.169,1.867,1.341,1.615,rt,
lita,2026-07-02,1.452,1.167,1.814,1.323,1.582,rt,
lita,2026-07-03,1.429,1.154,1.784,1.3,1.557,rt,
lita,2026-07-04,1.41,1.132,1.76,1.284,1.541,rt,
lita,2026-07-05,1.385,1.085,1.756,1.258,1.527,rt,
lita,2026-07-06,1.368,1.044,1.775,1.234,1.525,rt,
lita,2026-07-07,1.351,1.049,1.715,1.225,1.486,rt,
lita,2026-07-08,1.333,1.051,1.666,1.214,1.449,rt,
lita,2026-07-09,1.311,1.038,1.625,1.198,1.422,rt,
lita,2026-07-10,1.291,1.021,1.602,1.182,1.402,rt,
lita,2026-07-11,1.268,0.999,1.592,1.158,1.381,rt,
lita,2026-07-12,1.245,0.976,1.594,1.132,1.37,rt,
lita,2026-07-13,1.215,0.925,1.596,1.088,1.349,rt,
lita,2026-07-14,1.195,0.936,1.538,1.086,1.312,rt,
lita,2026-07-15,1.178,0.939,1.47,1.078,1.281,rt,
lita,2026-07-16,1.157,0.931,1.433,1.063,1.259,rt,
lita,2026-07-17,1.14,0.915,1.4,1.046,1.238,rt,
lita,2026-07-18,1.116,0.89,1.387,1.023,1.223,rt,
lita,2026-07-19,1.091,0.853,1.385,0.997,1.211,rt,
lita,2026-07-20,1.072,0.817,1.392,0.967,1.202,rt,
lita,2026-07-21,1.066,0.83,1.343,0.968,1.179,rt,
lita,2026-07-22,1.057,0.841,1.3,0.968,1.152,rt,
lita,2026-07-23,1.047,0.844,1.273,0.962,1.133,rt,
lita,2026-07-24,1.035,0.841,1.26,0.952,1.124,rt,
lita,2026-07-25,1.024,0.829,1.262,0.941,1.116,rt,
lita,2026-07-26,1.011,0.802,1.279,0.917,1.111,rt,
lita,2026-07-27,1.002,0.764,1.301,0.893,1.111,rt,
lita,2026-07-28,1.013,0.795,1.274,0.919,1.11,rt,
lita,2026-07-29,1.022,0.818,1.262,0.932,1.112,rt,
lita,2026-07-30,1.027,0.825,1.26,0.945,1.117,rt,
lita,2026-07-31,1.03,0.832,1.26,0.95,1.121,rt,
lita,2026-08-01,1.036,0.83,1.269,0.946,1.126,rt,
lita,2026-08-02,1.03,0.814,1.288,0.938,1.132,rt,
lita,2026-08-03,1.025,0.79,1.323,0.922,1.137,rt,
lita,2026-08-04,1.018,0.814,1.3,0.929,1.13,rt,
lita,2026-08-05,1.019,0.828,1.272,0.934,1.122,rt,
lita,2026-08-06,1.02,0.834,1.262,0.936,1.112,rt,
lita,2026-08-07,1.014,0.825,1.245,0.93,1.102,rt,
lita,2026-08-08,1.009,0.803,1.246,0.922,1.1,rt,
lita,2026-08-09,0.998,0.78,1.258,0.905,1.095,rt,
lita,2026-08-10,0.98,0.752,1.262,0.879,1.089,rt,
lita,2026-08-11,0.968,0.764,1.205,0.875,1.066,rt,
lita,2026-08-12,0.954,0.766,1.175,0.872,1.047,rt,
lita,2026-08-13,0.945,0.763,1.157,0.866,1.03,rt,
lita,2026-08-14,0.927,0.753,1.134,0.85,1.014,rt,
lita,2026-08-15,0.912,0.735,1.128,0.833,1.001,rt,
lita,2026-08-16,0.895,0.707,1.134,0.816,0.989,rt,
lita,2026-08-17,0.886,0.685,1.15,0.797,0.992,rt,
lita,2026-08-18,0.891,0.701,1.118,0.809,0.983,rt,
lita,2026-08-19,0.892,0.719,1.11,0.819,0.981,rt,
lita,2026-08-20,0.896,0.723,1.115,0.82,0.981,rt,
lita,2026-08-21,0.902,0.729,1.123,0.823,0.988,rt,
lita,2026-08-22,0.905,0.72,1.145,0.823,0.999,rt,
lita,2026-08-23,0.906,0.702,1.173,0.819,1.007,rt,
lita,2026-08-24,0.917,0.689,1.218,0.819,1.025,rt,
lita,2026-08-25,0.915,0.706,1.184,0.827,1.016,rt,
lita,2026-08-26,0.916,0.72,1.158,0.831,1.006,rt,
lita,2026-08-27,0.911,0.723,1.135,0.827,0.996,rt,
lita,2026-08-28,0.908,0.719,1.128,0.828,0.994,rt,
lita,2026-08-29,0.9,0.707,1.127,0.822,0.992,rt,
lita,2026-08-30,0.889,0.684,1.136,0.808,0.99,rt,
lita,2026-08-31,0.87,0.653,1.148,0.778,0.982,rt,
lita,2026-09-01,0.863,0.664,1.119,0.779,0.961,rt,
lita,2026-09-02,0.856,0.665,1.081,0.776,0.943,rt,
lita,2026-09-03,0.847,0.662,1.06,0.767,0.928,rt,
lita,2026-09-04,0.832,0.647,1.046,0.754,0.911,rt,
lita,2026-09-05,0.812,0.626,1.037,0.733,0.901,rt,
lita,2026-09-06,0.792,0.592,1.035,0.707,0.886,rt,
lita,2026-09-07,0.762,0.548,1.018,0.669,0.86,rt,
lita,2026-09-08,0.752,0.551,0.992,0.664,0.841,rt,
lita,2026-09-09,0.741,0.553,0.96,0.653,0.825,rt,
lita,2026-09-10,0.726,0.548,0.932,0.644,0.806,rt,
lita,2026-09-11,0.706,0.529,0.901,0.626,0.789,rt,
lita,2026-09-12,0.686,0.506,0.896,0.606,0.766,rt,
lita,2026-09-13,0.659,0.477,0.884,0.58,0.746,rt,
lita,2026-09-14,0.638,0.446,0.889,0.552,0.728,rt,
lita,2026-09-15,0.643,0.454,0.881,0.561,0.725,rt,
lita,2026-09-16,0.648,0.464,0.88,0.564,0.731,rt,
lita,2026-09-17,0.652,0.46,0.891,0.567,0.742,rt,
lita,2026-09-18,0.658,0.446,0.92,0.571,0.758,rt,
lita,2026-09-19,0.666,0.436,0.955,0.566,0.775,rt,
lita,2026-09-20,0.672,0.423,0.997,0.562,0.792,rt,
lita,2026-09-21,0.684,0.413,1.067,0.561,0.822,rt,
lita,2026-09-22,0.689,0.414,1.063,0.561,0.819,rt,
lita,2026-09-23,0.686,0.408,1.067,0.559,0.823,rt,
lita,2026-09-24,0.681,0.401,1.081,0.558,0.826,rt,
lita,2026-09-25,0.678,0.398,1.094,0.548,0.833,rt,
lita,2026-09-26,0.674,0.383,1.122,0.538,0.833,rt,
lita,2026-09-27,0.67,0.365,1.179,0.524,0.841,rt,
lita,2026-09-28,0.662,0.346,1.228,0.508,0.846,rt,
lita,2026-09-29,0.661,0.342,1.216,0.503,0.836,rt,
lita,2026-09-30,0.658,0.326,1.205,0.498,0.836,rt,
lita,2026-10-01,0.653,0.307,1.195,0.49,0.837,rt,
lita,2026-10-02,0.649,0.292,1.199,0.478,0.841,rt,
lita,2026-10-03,0.639,0.283,1.224,0.468,0.841,rt,
lita,2026-10-04,0.634,0.266,1.247,0.453,0.851,rt,
lita,2026-10-05,0.627,0.252,1.285,0.435,0.857,rt,
lita,2026-10-06,0.641,0.231,1.439,0.436,0.901,rt,
logo,2026-06-19,1.289,1.095,1.491,1.21,1.366,rt,
logo,2026-06-20,1.277,1.089,1.481,1.202,1.353,rt,
logo,2026-06-21,1.264,1.078,1.469,1.19,1.338,rt,
logo,2026-06-22,1.266,1.072,1.471,1.187,1.344,rt,
logo,2026-06-23,1.258,1.073,1.449,1.182,1.332,rt,
logo,2026-06-24,1.251,1.073,1.432,1.178,1.323,rt,
logo,2026-06-25,1.246,1.074,1.42,1.173,1.316,rt,
logo,2026-06-26,1.238,1.07,1.406,1.167,1.307,rt,
logo,2026-06-27,1.229,1.068,1.396,1.159,1.299,rt,
logo,2026-06-28,1.22,1.058,1.397,1.152,1.294,rt,
logo,2026-06-29,1.189,1.026,1.371,1.121,1.265,rt,
logo,2026-06-30,1.167,1.013,1.343,1.106,1.238,rt,
logo,2026-07-01,1.15,1.0,1.314,1.09,1.218,rt,
logo,2026-07-02,1.133,0.983,1.288,1.073,1.194,rt,
logo,2026-07-03,1.119,0.971,1.265,1.058,1.176,rt,
logo,2026-07-04,1.104,0.96,1.246,1.043,1.162,rt,
logo,2026-07-05,1.089,0.94,1.232,1.025,1.149,rt,
logo,2026-07-06,1.079,0.923,1.229,1.011,1.142,rt,
logo,2026-07-07,1.084,0.938,1.223,1.02,1.143,rt,
logo,2026-07-08,1.087,0.95,1.222,1.029,1.144,rt,
logo,2026-07-09,1.092,0.956,1.223,1.036,1.146,rt,
logo,2026-07-10,1.097,0.963,1.227,1.045,1.15,rt,
logo,2026-07-11,1.102,0.967,1.236,1.046,1.154,rt,
logo,2026-07-12,1.106,0.967,1.246,1.045,1.161,rt,
logo,2026-07-13,1.102,0.957,1.249,1.04,1.161,rt,
logo,2026-07-14,1.1,0.969,1.242,1.042,1.158,rt,
logo,2026-07-15,1.101,0.97,1.235,1.044,1.155,rt,
logo,2026-07-16,1.099,0.968,1.228,1.043,1.152,rt,
logo,2026-07-17,1.099,0.968,1.22,1.042,1.146,rt,
logo,2026-07-18,1.094,0.964,1.217,1.042,1.143,rt,
logo,2026-07-19,1.086,0.957,1.221,1.034,1.139,rt,
logo,2026-07-20,1.084,0.944,1.232,1.027,1.139,rt,
logo,2026-07-21,1.081,0.95,1.215,1.026,1.131,rt,
logo,2026-07-22,1.073,0.95,1.199,1.021,1.123,rt,
logo,2026-07-23,1.067,0.951,1.191,1.016,1.117,rt,
logo,2026-07-24,1.061,0.949,1.184,1.015,1.111,rt,
logo,2026-07-25,1.055,0.941,1.176,1.01,1.105,rt,
logo,2026-07-26,1.049,0.929,1.171,1.0,1.097,rt,
logo,2026-07-27,1.044,0.916,1.175,0.992,1.094,rt,
logo,2026-07-28,1.041,0.917,1.162,0.991,1.09,rt,
logo,2026-07-29,1.036,0.919,1.156,0.989,1.084,rt,
logo,2026-07-30,1.031,0.914,1.158,0.984,1.078,rt,
logo,2026-07-31,1.023,0.912,1.139,0.977,1.068,rt,
logo,2026-08-01,1.012,0.902,1.133,0.967,1.058,rt,
logo,2026-08-02,1.0,0.879,1.125,0.952,1.05,rt,
logo,2026-08-03,0.983,0.851,1.119,0.932,1.037,rt,
logo,2026-08-04,0.977,0.858,1.111,0.93,1.031,rt,
logo,2026-08-05,0.974,0.855,1.097,0.926,1.023,rt,
logo,2026-08-06,0.967,0.847,1.09,0.921,1.017,rt,
logo,2026-08-07,0.959,0.838,1.073,0.908,1.004,rt,
logo,2026-08-08,0.947,0.828,1.057,0.897,0.994,rt,
logo,2026-08-09,0.934,0.81,1.047,0.884,0.981,rt,
logo,2026-08-10,0.915,0.786,1.035,0.863,0.964,rt,
logo,2026-08-11,0.907,0.788,1.02,0.859,0.954,rt,
logo,2026-08-12,0.899,0.788,1.007,0.854,0.944,rt,
logo,2026-08-13,0.891,0.785,0.997,0.849,0.935,rt,
logo,2026-08-14,0.882,0.782,0.983,0.841,0.922,rt,
logo,2026-08-15,0.871,0.773,0.969,0.831,0.91,rt,
logo,2026-08-16,0.859,0.761,0.962,0.819,0.898,rt,
logo,2026-08-17,0.856,0.75,0.964,0.812,0.898,rt,
logo,2026-08-18,0.858,0.755,0.962,0.816,0.9,rt,
logo,2026-08-19,0.859,0.76,0.964,0.817,0.901,rt,
logo,2026-08-20,0.86,0.757,0.968,0.816,0.901,rt,
logo,2026-08-21,0.863,0.768,0.967,0.823,0.905,rt,
logo,2026-08-22,0.868,0.774,0.969,0.828,0.909,rt,
logo,2026-08-23,0.868,0.769,0.972,0.829,0.911,rt,
logo,2026-08-24,0.877,0.772,0.987,0.833,0.921,rt,
logo,2026-08-25,0.894,0.791,1.002,0.85,0.937,rt,
logo,2026-08-26,0.909,0.806,1.017,0.866,0.952,rt,
logo,2026-08-27,0.922,0.817,1.035,0.88,0.969,rt,
logo,2026-08-28,0.939,0.834,1.046,0.896,0.984,rt,
logo,2026-08-29,0.954,0.849,1.063,0.909,0.998,rt,
logo,2026-08-30,0.965,0.854,1.075,0.919,1.011,rt,
logo,2026-08-31,0.966,0.847,1.083,0.916,1.014,rt,
logo,2026-09-01,0.976,0.862,1.093,0.93,1.025,rt,
logo,2026-09-02,0.985,0.874,1.1,0.939,1.035,rt,
logo,2026-09-03,0.994,0.879,1.112,0.946,1.046,rt,
logo,2026-09-04,0.997,0.887,1.111,0.95,1.047,rt,
logo,2026-09-05,0.998,0.888,1.114,0.951,1.047,rt,
logo,2026-09-06,0.994,0.884,1.115,0.948,1.045,rt,
logo,2026-09-07,0.975,0.86,1.103,0.929,1.029,rt,
logo,2026-09-08,0.962,0.844,1.087,0.916,1.015,rt,
logo,2026-09-09,0.948,0.833,1.077,0.901,1.003,rt,
logo,2026-09-10,0.933,0.814,1.065,0.884,0.989,rt,
logo,2026-09-11,0.91,0.792,1.04,0.863,0.966,rt,
logo,2026-09-12,0.888,0.769,1.018,0.838,0.942,rt,
logo,2026-09-13,0.862,0.743,1.001,0.809,0.918,rt,
logo,2026-09-14,0.837,0.71,0.985,0.782,0.896,rt,
logo,2026-09-15,0.829,0.704,0.979,0.775,0.887,rt,
logo,2026-09-16,0.822,0.697,0.972,0.766,0.881,rt,
logo,2026-09-17,0.815,0.686,0.97,0.758,0.876,rt,
logo,2026-09-18,0.809,0.677,0.965,0.751,0.872,rt,
logo,2026-09-19,0.803,0.662,0.964,0.741,0.871,rt,
logo,2026-09-20,0.795,0.651,0.97,0.731,0.867,rt,
logo,2026-09-21,0.796,0.64,0.984,0.729,0.876,rt,
logo,2026-09-22,0.798,0.634,0.994,0.727,0.875,rt,
logo,2026-09-23,0.798,0.626,1.002,0.727,0.879,rt,
logo,2026-09-24,0.797,0.617,1.009,0.718,0.881,rt,
logo,2026-09-25,0.794,0.606,1.017,0.714,0.885,rt,
logo,2026-09-26,0.792,0.595,1.021,0.706,0.888,rt,
logo,2026-09-27,0.788,0.579,1.032,0.697,0.887,rt,
logo,2026-09-28,0.783,0.553,1.039,0.682,0.882,rt,
logo,2026-09-29,0.779,0.546,1.041,0.678,0.884,rt,
logo,2026-09-30,0.776,0.534,1.048,0.673,0.884,rt,
logo,2026-10-01,0.771,0.523,1.05,0.665,0.885,rt,
logo,2026-10-02,0.77,0.513,1.062,0.656,0.887,rt,
logo,2026-10-03,0.764,0.502,1.073,0.65,0.881,rt,
logo,2026-10-04,0.76,0.482,1.099,0.634,0.885,rt,
logo,2026-10-05,0.754,0.462,1.122,0.62,0.892,rt,
logo,2026-10-06,0.767,0.468,1.153,0.636,0.901,rt,
lolwa,2026-07-04,1.309,0.829,2.044,1.089,1.561,rt,
lolwa,2026-07-05,1.311,0.806,2.097,1.074,1.578,rt,
lolwa,2026-07-06,1.32,0.773,2.201,1.069,1.617,rt,
lolwa,2026-07-07,1.352,0.839,2.148,1.119,1.636,rt,
lolwa,2026-07-08,1.391,0.891,2.138,1.156,1.655,rt,
lolwa,2026-07-09,1.428,0.939,2.175,1.199,1.682,rt,
lolwa,2026-07-10,1.472,0.97,2.246,1.226,1.731,rt,
lolwa,2026-07-11,1.51,0.968,2.347,1.259,1.781,rt,
lolwa,2026-07-12,1.557,0.973,2.507,1.27,1.863,rt,
lolwa,2026-07-13,1.573,0.944,2.681,1.276,1.932,rt,
lolwa,2026-07-14,1.57,0.986,2.536,1.289,1.9,rt,
lolwa,2026-07-15,1.565,0.998,2.445,1.308,1.857,rt,
lolwa,2026-07-16,1.556,1.021,2.367,1.306,1.832,rt,
lolwa,2026-07-17,1.55,1.012,2.402,1.294,1.823,rt,
lolwa,2026-07-18,1.537,0.982,2.433,1.278,1.823,rt,
lolwa,2026-07-19,1.522,0.941,2.525,1.246,1.838,rt,
lolwa,2026-07-20,1.514,0.895,2.585,1.207,1.866,rt,
lolwa,2026-07-21,1.487,0.92,2.402,1.212,1.789,rt,
lolwa,2026-07-22,1.458,0.923,2.281,1.206,1.731,rt,
lolwa,2026-07-23,1.42,0.926,2.173,1.197,1.695,rt,
lolwa,2026-07-24,1.398,0.903,2.093,1.171,1.653,rt,
lolwa,2026-07-25,1.364,0.856,2.114,1.138,1.618,rt,
lolwa,2026-07-26,1.332,0.807,2.114,1.096,1.607,rt,
lolwa,2026-07-27,1.304,0.751,2.133,1.061,1.608,rt,
lolwa,2026-07-28,1.274,0.786,2.009,1.052,1.537,rt,
lolwa,2026-07-29,1.252,0.791,1.908,1.043,1.484,rt,
lolwa,2026-07-30,1.224,0.782,1.835,1.021,1.442,rt,
lolwa,2026-07-31,1.197,0.763,1.817,0.992,1.41,rt,
lolwa,2026-08-01,1.16,0.724,1.801,0.955,1.378,rt,
lolwa,2026-08-02,1.113,0.672,1.805,0.914,1.346,rt,
lolwa,2026-08-03,1.075,0.624,1.856,0.859,1.315,rt,
lolwa,2026-08-04,1.073,0.654,1.731,0.875,1.293,rt,
lolwa,2026-08-05,1.069,0.671,1.655,0.886,1.276,rt,
lolwa,2026-08-06,1.062,0.682,1.602,0.891,1.253,rt,
lolwa,2026-08-07,1.05,0.685,1.59,0.886,1.239,rt,
lolwa,2026-08-08,1.04,0.666,1.598,0.864,1.227,rt,
lolwa,2026-08-09,1.026,0.64,1.605,0.841,1.235,rt,
lolwa,2026-08-10,1.002,0.603,1.633,0.808,1.23,rt,
lolwa,2026-08-11,0.988,0.623,1.567,0.82,1.209,rt,
lolwa,2026-08-12,0.989,0.63,1.519,0.83,1.175,rt,
lolwa,2026-08-13,0.987,0.634,1.479,0.828,1.163,rt,
lolwa,2026-08-14,0.98,0.635,1.476,0.829,1.159,rt,
lolwa,2026-08-15,0.973,0.611,1.481,0.814,1.158,rt,
lolwa,2026-08-16,0.969,0.585,1.499,0.8,1.163,rt,
lolwa,2026-08-17,0.965,0.563,1.572,0.782,1.177,rt,
lolwa,2026-08-18,0.954,0.57,1.485,0.785,1.143,rt,
lolwa,2026-08-19,0.938,0.583,1.408,0.789,1.119,rt,
lolwa,2026-08-20,0.929,0.585,1.378,0.78,1.095,rt,
lolwa,2026-08-21,0.917,0.585,1.371,0.766,1.085,rt,
lolwa,2026-08-22,0.908,0.568,1.384,0.756,1.081,rt,
lolwa,2026-08-23,0.896,0.544,1.408,0.737,1.078,rt,
lolwa,2026-08-24,0.889,0.516,1.449,0.715,1.086,rt,
lolwa,2026-08-25,0.885,0.537,1.393,0.732,1.069,rt,
lolwa,2026-08-26,0.883,0.559,1.342,0.742,1.058,rt,
lolwa,2026-08-27,0.885,0.564,1.303,0.742,1.043,rt,
lolwa,2026-08-28,0.884,0.56,1.295,0.74,1.037,rt,
lolwa,2026-08-29,0.879,0.549,1.311,0.73,1.04,rt,
lolwa,2026-08-30,0.871,0.532,1.343,0.721,1.039,rt,
lolwa,2026-08-31,0.857,0.504,1.364,0.701,1.034,rt,
lolwa,2026-09-01,0.865,0.529,1.343,0.719,1.031,rt,
lolwa,2026-09-02,0.881,0.546,1.33,0.735,1.034,rt,
lolwa,2026-09-03,0.894,0.559,1.321,0.745,1.048,rt,
lolwa,2026-09-04,0.893,0.56,1.322,0.746,1.057,rt,
lolwa,2026-09-05,0.896,0.55,1.351,0.745,1.067,rt,
lolwa,2026-09-06,0.894,0.53,1.421,0.729,1.08,rt,
lolwa,2026-09-07,0.876,0.499,1.458,0.702,1.084,rt,
lolwa,2026-09-08,0.87,0.51,1.398,0.703,1.057,rt,
lolwa,2026-09-09,0.86,0.513,1.348,0.702,1.026,rt,
lolwa,2026-09-10,0.844,0.507,1.324,0.691,1.017,rt,
lolwa,2026-09-11,0.822,0.492,1.306,0.673,0.996,rt,
lolwa,2026-09-12,0.803,0.462,1.3,0.649,0.98,rt,
lolwa,2026-09-13,0.778,0.427,1.307,0.614,0.962,rt,
lolwa,2026-09-14,0.757,0.393,1.323,0.581,0.955,rt,
lolwa,2026-09-15,0.732,0.401,1.27,0.574,0.919,rt,
lolwa,2026-09-16,0.718,0.396,1.217,0.568,0.887,rt,
lolwa,2026-09-17,0.704,0.391,1.196,0.556,0.879,rt,
lolwa,2026-09-18,0.687,0.378,1.193,0.544,0.867,rt,
lolwa,2026-09-19,0.672,0.362,1.2,0.522,0.86,rt,
lolwa,2026-09-20,0.66,0.339,1.223,0.502,0.861,rt,
lolwa,2026-09-21,0.653,0.321,1.266,0.477,0.865,rt,
lolwa,2026-09-22,0.656,0.325,1.256,0.483,0.865,rt,
lolwa,2026-09-23,0.657,0.325,1.249,0.489,0.861,rt,
lolwa,2026-09-24,0.652,0.326,1.25,0.486,0.86,rt,
lolwa,2026-09-25,0.647,0.318,1.268,0.484,0.864,rt,
lolwa,2026-09-26,0.643,0.299,1.291,0.475,0.868,rt,
lolwa,2026-09-27,0.636,0.289,1.332,0.463,0.87,rt,
lolwa,2026-09-28,0.626,0.271,1.378,0.451,0.877,rt,
lolwa,2026-09-29,0.625,0.277,1.356,0.449,0.862,rt,
lolwa,2026-09-30,0.623,0.28,1.32,0.452,0.851,rt,
lolwa,2026-10-01,0.623,0.281,1.321,0.454,0.852,rt,
lolwa,2026-10-02,0.615,0.274,1.316,0.445,0.853,rt,
lolwa,2026-10-03,0.612,0.268,1.338,0.436,0.865,rt,
lolwa,2026-10-04,0.6,0.261,1.394,0.421,0.866,rt,
lolwa,2026-10-05,0.597,0.254,1.441,0.406,0.875,rt,
lolwa,2026-10-06,0.607,0.232,1.601,0.41,0.881,rt,
mahagi,2026-07-31,1.071,0.965,1.189,1.027,1.114,rt,
mahagi,2026-08-01,1.06,0.955,1.179,1.016,1.106,rt,
mahagi,2026-08-02,1.047,0.934,1.169,1.002,1.096,rt,
mahagi,2026-08-03,1.03,0.907,1.158,0.982,1.084,rt,
mahagi,2026-08-04,1.024,0.907,1.144,0.979,1.076,rt,
mahagi,2026-08-05,1.019,0.903,1.137,0.973,1.069,rt,
mahagi,2026-08-06,1.014,0.9,1.13,0.966,1.061,rt,
mahagi,2026-08-07,1.003,0.893,1.113,0.957,1.048,rt,
mahagi,2026-08-08,0.989,0.882,1.097,0.945,1.037,rt,
mahagi,2026-08-09,0.977,0.867,1.083,0.932,1.023,rt,
mahagi,2026-08-10,0.957,0.841,1.07,0.909,1.006,rt,
mahagi,2026-08-11,0.949,0.846,1.053,0.905,0.995,rt,
mahagi,2026-08-12,0.942,0.839,1.044,0.899,0.985,rt,
mahagi,2026-08-13,0.934,0.831,1.033,0.892,0.974,rt,
mahagi,2026-08-14,0.923,0.827,1.015,0.885,0.96,rt,
mahagi,2026-08-15,0.912,0.818,1.002,0.874,0.949,rt,
mahagi,2026-08-16,0.9,0.805,0.992,0.862,0.938,rt,
mahagi,2026-08-17,0.898,0.796,0.994,0.857,0.936,rt,
mahagi,2026-08-18,0.898,0.802,0.992,0.859,0.938,rt,
mahagi,2026-08-19,0.9,0.803,0.997,0.861,0.938,rt,
mahagi,2026-08-20,0.9,0.803,1.002,0.859,0.939,rt,
mahagi,2026-08-21,0.906,0.81,1.003,0.866,0.942,rt,
mahagi,2026-08-22,0.909,0.812,1.005,0.871,0.945,rt,
mahagi,2026-08-23,0.911,0.812,1.008,0.871,0.947,rt,
mahagi,2026-08-24,0.92,0.814,1.024,0.877,0.959,rt,
mahagi,2026-08-25,0.936,0.832,1.035,0.894,0.977,rt,
mahagi,2026-08-26,0.951,0.85,1.056,0.91,0.994,rt,
mahagi,2026-08-27,0.964,0.861,1.073,0.923,1.01,rt,
mahagi,2026-08-28,0.981,0.879,1.09,0.942,1.025,rt,
mahagi,2026-08-29,0.996,0.891,1.106,0.956,1.04,rt,
mahagi,2026-08-30,1.009,0.902,1.12,0.966,1.053,rt,
mahagi,2026-08-31,1.01,0.895,1.13,0.963,1.057,rt,
mahagi,2026-09-01,1.022,0.91,1.137,0.976,1.065,rt,
mahagi,2026-09-02,1.031,0.92,1.147,0.984,1.075,rt,
mahagi,2026-09-03,1.04,0.927,1.158,0.991,1.084,rt,
mahagi,2026-09-04,1.043,0.932,1.156,0.996,1.085,rt,
mahagi,2026-09-05,1.043,0.934,1.158,0.999,1.086,rt,
mahagi,2026-09-06,1.039,0.929,1.155,0.994,1.086,rt,
mahagi,2026-09-07,1.02,0.904,1.144,0.975,1.072,rt,
mahagi,2026-09-08,1.004,0.89,1.129,0.96,1.061,rt,
mahagi,2026-09-09,0.991,0.875,1.12,0.943,1.045,rt,
mahagi,2026-09-10,0.976,0.86,1.109,0.927,1.03,rt,
mahagi,2026-09-11,0.953,0.839,1.082,0.906,1.007,rt,
mahagi,2026-09-12,0.93,0.816,1.06,0.878,0.982,rt,
mahagi,2026-09-13,0.905,0.784,1.038,0.85,0.957,rt,
mahagi,2026-09-14,0.88,0.755,1.022,0.821,0.938,rt,
mahagi,2026-09-15,0.87,0.745,1.021,0.81,0.928,rt,
mahagi,2026-09-16,0.861,0.736,1.023,0.8,0.922,rt,
mahagi,2026-09-17,0.855,0.728,1.019,0.794,0.919,rt,
mahagi,2026-09-18,0.848,0.714,1.014,0.788,0.912,rt,
mahagi,2026-09-19,0.839,0.702,1.008,0.777,0.908,rt,
mahagi,2026-09-20,0.833,0.686,1.014,0.767,0.907,rt,
mahagi,2026-09-21,0.834,0.676,1.03,0.764,0.914,rt,
mahagi,2026-09-22,0.834,0.669,1.035,0.763,0.915,rt,
mahagi,2026-09-23,0.836,0.66,1.043,0.761,0.919,rt,
mahagi,2026-09-24,0.835,0.652,1.05,0.757,0.921,rt,
mahagi,2026-09-25,0.834,0.644,1.058,0.754,0.924,rt,
mahagi,2026-09-26,0.831,0.628,1.07,0.745,0.925,rt,
mahagi,2026-09-27,0.828,0.615,1.076,0.732,0.926,rt,
mahagi,2026-09-28,0.821,0.592,1.08,0.721,0.925,rt,
mahagi,2026-09-29,0.816,0.586,1.089,0.715,0.92,rt,
mahagi,2026-09-30,0.811,0.574,1.09,0.713,0.921,rt,
mahagi,2026-10-01,0.806,0.566,1.095,0.705,0.921,rt,
mahagi,2026-10-02,0.807,0.55,1.106,0.694,0.921,rt,
mahagi,2026-10-03,0.803,0.536,1.114,0.684,0.925,rt,
mahagi,2026-10-04,0.796,0.519,1.144,0.672,0.925,rt,
mahagi,2026-10-05,0.792,0.5,1.17,0.655,0.936,rt,
mahagi,2026-10-06,0.804,0.508,1.182,0.672,0.939,rt,
mambasa,2026-06-10,1.581,0.974,2.569,1.299,1.926,rt,
mambasa,2026-06-11,1.594,0.992,2.506,1.326,1.934,rt,
mambasa,2026-06-12,1.607,0.993,2.56,1.337,1.955,rt,
mambasa,2026-06-13,1.622,0.958,2.61,1.329,1.976,rt,
mambasa,2026-06-14,1.632,0.922,2.708,1.315,1.998,rt,
mambasa,2026-06-15,1.64,0.894,2.893,1.268,2.068,rt,
mambasa,2026-06-16,1.656,0.95,2.831,1.319,2.043,rt,
mambasa,2026-06-17,1.69,0.99,2.742,1.37,2.046,rt,
mambasa,2026-06-18,1.708,1.023,2.723,1.403,2.085,rt,
mambasa,2026-06-19,1.726,1.06,2.748,1.427,2.103,rt,
mambasa,2026-06-20,1.752,1.056,2.839,1.433,2.139,rt,
mambasa,2026-06-21,1.773,1.021,3.017,1.416,2.203,rt,
mambasa,2026-06-22,1.807,0.988,3.297,1.43,2.305,rt,
mambasa,2026-06-23,1.758,1.015,2.968,1.423,2.199,rt,
mambasa,2026-06-24,1.72,1.039,2.821,1.408,2.117,rt,
mambasa,2026-06-25,1.677,1.02,2.695,1.389,2.036,rt,
mambasa,2026-06-26,1.634,0.986,2.613,1.357,1.972,rt,
mambasa,2026-06-27,1.597,0.943,2.567,1.314,1.926,rt,
mambasa,2026-06-28,1.548,0.876,2.589,1.259,1.905,rt,
mambasa,2026-06-29,1.47,0.796,2.626,1.183,1.857,rt,
mambasa,2026-06-30,1.413,0.796,2.397,1.15,1.736,rt,
mambasa,2026-07-01,1.358,0.798,2.177,1.111,1.639,rt,
mambasa,2026-07-02,1.297,0.783,2.054,1.067,1.552,rt,
mambasa,2026-07-03,1.241,0.747,1.962,1.025,1.508,rt,
mambasa,2026-07-04,1.183,0.706,1.902,0.973,1.456,rt,
mambasa,2026-07-05,1.142,0.657,1.903,0.917,1.415,rt,
mambasa,2026-07-06,1.098,0.598,1.931,0.857,1.402,rt,
mambasa,2026-07-07,1.091,0.633,1.808,0.868,1.345,rt,
mambasa,2026-07-08,1.073,0.643,1.731,0.871,1.311,rt,
mambasa,2026-07-09,1.052,0.651,1.669,0.865,1.295,rt,
mambasa,2026-07-10,1.041,0.652,1.659,0.861,1.282,rt,
mambasa,2026-07-11,1.035,0.624,1.693,0.841,1.271,rt,
mambasa,2026-07-12,1.026,0.588,1.747,0.828,1.271,rt,
mambasa,2026-07-13,1.001,0.544,1.805,0.795,1.281,rt,
mambasa,2026-07-14,0.984,0.554,1.672,0.804,1.235,rt,
mambasa,2026-07-15,0.966,0.567,1.576,0.797,1.201,rt,
mambasa,2026-07-16,0.959,0.567,1.511,0.785,1.166,rt,
mambasa,2026-07-17,0.94,0.549,1.483,0.767,1.142,rt,
mambasa,2026-07-18,0.917,0.532,1.492,0.747,1.128,rt,
mambasa,2026-07-19,0.896,0.501,1.513,0.715,1.111,rt,
mambasa,2026-07-20,0.886,0.47,1.576,0.688,1.11,rt,
mambasa,2026-07-21,0.862,0.487,1.471,0.688,1.064,rt,
mambasa,2026-07-22,0.843,0.484,1.394,0.676,1.023,rt,
mambasa,2026-07-23,0.813,0.486,1.32,0.666,0.997,rt,
mambasa,2026-07-24,0.796,0.478,1.281,0.655,0.972,rt,
mambasa,2026-07-25,0.779,0.459,1.282,0.629,0.953,rt,
mambasa,2026-07-26,0.764,0.42,1.288,0.602,0.935,rt,
mambasa,2026-07-27,0.743,0.389,1.34,0.583,0.944,rt,
mambasa,2026-07-28,0.728,0.4,1.227,0.573,0.91,rt,
mambasa,2026-07-29,0.714,0.398,1.167,0.566,0.873,rt,
mambasa,2026-07-30,0.699,0.397,1.122,0.552,0.848,rt,
mambasa,2026-07-31,0.673,0.38,1.091,0.541,0.82,rt,
mambasa,2026-08-01,0.653,0.359,1.073,0.52,0.804,rt,
mambasa,2026-08-02,0.627,0.328,1.083,0.491,0.796,rt,
mambasa,2026-08-03,0.608,0.303,1.097,0.462,0.79,rt,
mambasa,2026-08-04,0.606,0.316,1.053,0.471,0.767,rt,
mambasa,2026-08-05,0.603,0.323,1.028,0.48,0.757,rt,
mambasa,2026-08-06,0.598,0.329,1.015,0.481,0.75,rt,
mambasa,2026-08-07,0.596,0.327,1.01,0.478,0.744,rt,
mambasa,2026-08-08,0.59,0.323,1.017,0.473,0.73,rt,
mambasa,2026-08-09,0.587,0.311,1.03,0.461,0.731,rt,
mambasa,2026-08-10,0.577,0.291,1.048,0.449,0.729,rt,
mambasa,2026-08-11,0.598,0.32,1.038,0.472,0.741,rt,
mambasa,2026-08-12,0.614,0.342,1.022,0.493,0.754,rt,
mambasa,2026-08-13,0.635,0.359,1.02,0.512,0.774,rt,
mambasa,2026-08-14,0.65,0.375,1.037,0.525,0.796,rt,
mambasa,2026-08-15,0.668,0.383,1.103,0.534,0.827,rt,
mambasa,2026-08-16,0.689,0.384,1.165,0.543,0.855,rt,
mambasa,2026-08-17,0.713,0.388,1.248,0.554,0.901,rt,
mambasa,2026-08-18,0.757,0.425,1.264,0.597,0.939,rt,
mambasa,2026-08-19,0.8,0.468,1.282,0.647,0.976,rt,
mambasa,2026-08-20,0.846,0.502,1.344,0.69,1.031,rt,
mambasa,2026-08-21,0.9,0.535,1.428,0.74,1.095,rt,
mambasa,2026-08-22,0.959,0.568,1.559,0.78,1.165,rt,
mambasa,2026-08-23,1.014,0.597,1.684,0.815,1.251,rt,
mambasa,2026-08-24,1.087,0.608,1.862,0.863,1.369,rt,
mambasa,2026-08-25,1.181,0.69,1.912,0.958,1.443,rt,
mambasa,2026-08-26,1.283,0.78,1.975,1.058,1.531,rt,
mambasa,2026-08-27,1.392,0.868,2.075,1.165,1.66,rt,
mambasa,2026-08-28,1.511,0.96,2.226,1.262,1.792,rt,
mambasa,2026-08-29,1.637,1.023,2.47,1.363,1.927,rt,
mambasa,2026-08-30,1.762,1.078,2.736,1.447,2.092,rt,
mambasa,2026-08-31,1.874,1.12,3.067,1.51,2.281,rt,
mambasa,2026-09-01,1.959,1.24,3.07,1.626,2.34,rt,
mambasa,2026-09-02,2.033,1.354,3.117,1.727,2.425,rt,
mambasa,2026-09-03,2.129,1.462,3.158,1.832,2.51,rt,
mambasa,2026-09-04,2.2,1.528,3.31,1.918,2.591,rt,
mambasa,2026-09-05,2.292,1.543,3.521,1.98,2.672,rt,
mambasa,2026-09-06,2.368,1.54,3.8,2.034,2.799,rt,
mambasa,2026-09-07,2.408,1.51,4.062,2.026,2.916,rt,
mambasa,2026-09-08,2.375,1.553,3.735,2.031,2.839,rt,
mambasa,2026-09-09,2.346,1.598,3.563,2.017,2.763,rt,
mambasa,2026-09-10,2.319,1.597,3.478,1.981,2.704,rt,
mambasa,2026-09-11,2.266,1.53,3.41,1.922,2.639,rt,
mambasa,2026-09-12,2.203,1.456,3.424,1.839,2.607,rt,
mambasa,2026-09-13,2.129,1.341,3.456,1.751,2.58,rt,
mambasa,2026-09-14,2.057,1.213,3.525,1.651,2.572,rt,
mambasa,2026-09-15,1.967,1.196,3.246,1.592,2.413,rt,
mambasa,2026-09-16,1.893,1.153,3.039,1.549,2.301,rt,
mambasa,2026-09-17,1.809,1.1,2.876,1.482,2.201,rt,
mambasa,2026-09-18,1.734,1.031,2.77,1.411,2.117,rt,
mambasa,2026-09-19,1.666,0.951,2.759,1.328,2.071,rt,
mambasa,2026-09-20,1.604,0.87,2.74,1.243,2.021,rt,
mambasa,2026-09-21,1.553,0.79,2.806,1.175,1.997,rt,
mambasa,2026-09-22,1.529,0.793,2.747,1.153,1.975,rt,
mambasa,2026-09-23,1.49,0.767,2.713,1.139,1.941,rt,
mambasa,2026-09-24,1.466,0.733,2.726,1.108,1.916,rt,
mambasa,2026-09-25,1.443,0.704,2.741,1.074,1.908,rt,
mambasa,2026-09-26,1.423,0.651,2.791,1.037,1.913,rt,
mambasa,2026-09-27,1.38,0.586,2.842,0.997,1.9,rt,
mambasa,2026-09-28,1.34,0.532,2.873,0.937,1.889,rt,
mambasa,2026-09-29,1.314,0.518,2.785,0.92,1.849,rt,
mambasa,2026-09-30,1.286,0.523,2.713,0.911,1.813,rt,
mambasa,2026-10-01,1.261,0.524,2.652,0.886,1.772,rt,
mambasa,2026-10-02,1.229,0.483,2.644,0.85,1.73,rt,
mambasa,2026-10-03,1.191,0.453,2.653,0.833,1.705,rt,
mambasa,2026-10-04,1.161,0.422,2.6,0.801,1.684,rt,
mambasa,2026-10-05,1.123,0.389,2.617,0.759,1.682,rt,
mambasa,2026-10-06,1.077,0.337,2.586,0.696,1.575,rt,
mandima,2026-06-16,2.257,1.37,3.834,1.828,2.814,rt,
mandima,2026-06-17,2.224,1.374,3.591,1.82,2.713,rt,
mandima,2026-06-18,2.173,1.368,3.399,1.801,2.623,rt,
mandima,2026-06-19,2.126,1.334,3.336,1.756,2.578,rt,
mandima,2026-06-20,2.075,1.282,3.325,1.695,2.539,rt,
mandima,2026-06-21,2.022,1.189,3.361,1.624,2.51,rt,
mandima,2026-06-22,2.001,1.126,3.552,1.56,2.54,rt,
mandima,2026-06-23,1.932,1.13,3.225,1.525,2.379,rt,
mandima,2026-06-24,1.839,1.137,2.977,1.502,2.245,rt,
mandima,2026-06-25,1.753,1.109,2.8,1.452,2.134,rt,
mandima,2026-06-26,1.682,1.045,2.656,1.396,2.035,rt,
mandima,2026-06-27,1.611,0.989,2.605,1.331,1.961,rt,
mandima,2026-06-28,1.541,0.913,2.591,1.246,1.883,rt,
mandima,2026-06-29,1.449,0.801,2.575,1.15,1.806,rt,
mandima,2026-06-30,1.372,0.819,2.303,1.128,1.683,rt,
mandima,2026-07-01,1.305,0.83,2.084,1.087,1.572,rt,
mandima,2026-07-02,1.252,0.819,1.934,1.045,1.483,rt,
mandima,2026-07-03,1.195,0.793,1.848,1.005,1.416,rt,
mandima,2026-07-04,1.151,0.735,1.793,0.954,1.366,rt,
mandima,2026-07-05,1.097,0.656,1.776,0.9,1.333,rt,
mandima,2026-07-06,1.056,0.598,1.801,0.843,1.306,rt,
mandima,2026-07-07,1.055,0.629,1.71,0.857,1.271,rt,
mandima,2026-07-08,1.044,0.654,1.634,0.873,1.242,rt,
mandima,2026-07-09,1.034,0.65,1.594,0.876,1.217,rt,
mandima,2026-07-10,1.031,0.645,1.586,0.869,1.211,rt,
mandima,2026-07-11,1.021,0.626,1.611,0.853,1.226,rt,
mandima,2026-07-12,1.012,0.592,1.651,0.833,1.242,rt,
mandima,2026-07-13,0.991,0.556,1.716,0.798,1.245,rt,
mandima,2026-07-14,1.005,0.589,1.623,0.824,1.234,rt,
mandima,2026-07-15,1.014,0.623,1.569,0.85,1.231,rt,
mandima,2026-07-16,1.032,0.64,1.541,0.867,1.223,rt,
mandima,2026-07-17,1.035,0.651,1.554,0.874,1.221,rt,
mandima,2026-07-18,1.044,0.649,1.58,0.877,1.232,rt,
mandima,2026-07-19,1.052,0.645,1.615,0.86,1.26,rt,
mandima,2026-07-20,1.058,0.625,1.719,0.853,1.298,rt,
mandima,2026-07-21,1.061,0.678,1.655,0.884,1.278,rt,
mandima,2026-07-22,1.08,0.703,1.605,0.916,1.273,rt,
mandima,2026-07-23,1.087,0.737,1.586,0.935,1.284,rt,
mandima,2026-07-24,1.108,0.737,1.63,0.946,1.308,rt,
mandima,2026-07-25,1.126,0.732,1.695,0.952,1.336,rt,
mandima,2026-07-26,1.141,0.71,1.813,0.942,1.374,rt,
mandima,2026-07-27,1.15,0.678,1.932,0.928,1.422,rt,
mandima,2026-07-28,1.15,0.716,1.801,0.942,1.394,rt,
mandima,2026-07-29,1.143,0.751,1.724,0.952,1.368,rt,
mandima,2026-07-30,1.134,0.762,1.684,0.956,1.345,rt,
mandima,2026-07-31,1.125,0.743,1.675,0.95,1.327,rt,
mandima,2026-08-01,1.124,0.718,1.693,0.931,1.327,rt,
mandima,2026-08-02,1.106,0.679,1.749,0.905,1.327,rt,
mandima,2026-08-03,1.083,0.634,1.851,0.864,1.338,rt,
mandima,2026-08-04,1.065,0.657,1.718,0.879,1.294,rt,
mandima,2026-08-05,1.056,0.673,1.635,0.879,1.262,rt,
mandima,2026-08-06,1.037,0.669,1.568,0.873,1.237,rt,
mandima,2026-08-07,1.019,0.654,1.527,0.861,1.214,rt,
mandima,2026-08-08,1.004,0.625,1.526,0.833,1.196,rt,
mandima,2026-08-09,0.981,0.583,1.552,0.8,1.188,rt,
mandima,2026-08-10,0.947,0.542,1.604,0.763,1.184,rt,
mandima,2026-08-11,0.952,0.579,1.512,0.788,1.162,rt,
mandima,2026-08-12,0.959,0.604,1.432,0.809,1.135,rt,
mandima,2026-08-13,0.967,0.641,1.408,0.82,1.118,rt,
mandima,2026-08-14,0.967,0.644,1.391,0.822,1.122,rt,
mandima,2026-08-15,0.959,0.646,1.422,0.821,1.138,rt,
mandima,2026-08-16,0.96,0.622,1.474,0.811,1.151,rt,
mandima,2026-08-17,0.968,0.598,1.575,0.8,1.195,rt,
mandima,2026-08-18,1.018,0.651,1.548,0.842,1.208,rt,
mandima,2026-08-19,1.054,0.705,1.545,0.898,1.236,rt,
mandima,2026-08-20,1.102,0.747,1.583,0.939,1.281,rt,
mandima,2026-08-21,1.148,0.776,1.651,0.988,1.333,rt,
mandima,2026-08-22,1.202,0.788,1.788,1.028,1.413,rt,
mandima,2026-08-23,1.251,0.776,1.931,1.055,1.494,rt,
mandima,2026-08-24,1.316,0.762,2.121,1.08,1.593,rt,
mandima,2026-08-25,1.401,0.879,2.131,1.177,1.671,rt,
mandima,2026-08-26,1.494,0.984,2.147,1.281,1.739,rt,
mandima,2026-08-27,1.588,1.082,2.248,1.378,1.821,rt,
mandima,2026-08-28,1.689,1.166,2.388,1.479,1.929,rt,
mandima,2026-08-29,1.802,1.227,2.549,1.551,2.058,rt,
mandima,2026-08-30,1.906,1.254,2.749,1.631,2.199,rt,
mandima,2026-08-31,1.991,1.247,3.061,1.685,2.354,rt,
mandima,2026-09-01,2.093,1.416,3.05,1.81,2.426,rt,
mandima,2026-09-02,2.221,1.578,3.078,1.923,2.516,rt,
mandima,2026-09-03,2.319,1.711,3.153,2.055,2.618,rt,
mandima,2026-09-04,2.422,1.816,3.28,2.16,2.715,rt,
mandima,2026-09-05,2.528,1.904,3.423,2.234,2.862,rt,
mandima,2026-09-06,2.627,1.924,3.68,2.295,3.019,rt,
mandima,2026-09-07,2.69,1.881,3.897,2.312,3.124,rt,
mandima,2026-09-08,2.678,1.989,3.69,2.377,3.041,rt,
mandima,2026-09-09,2.666,2.07,3.531,2.395,2.983,rt,
mandima,2026-09-10,2.651,2.085,3.467,2.399,2.942,rt,
mandima,2026-09-11,2.609,2.041,3.486,2.352,2.912,rt,
mandima,2026-09-12,2.558,1.96,3.506,2.27,2.905,rt,
mandima,2026-09-13,2.51,1.839,3.529,2.194,2.909,rt,
mandima,2026-09-14,2.444,1.715,3.581,2.114,2.882,rt,
mandima,2026-09-15,2.248,1.642,3.15,1.981,2.601,rt,
mandima,2026-09-16,2.079,1.554,2.798,1.847,2.346,rt,
mandima,2026-09-17,1.919,1.429,2.544,1.701,2.153,rt,
mandima,2026-09-18,1.766,1.302,2.355,1.569,1.982,rt,
mandima,2026-09-19,1.623,1.163,2.208,1.435,1.848,rt,
mandima,2026-09-20,1.498,1.03,2.108,1.313,1.734,rt,
mandima,2026-09-21,1.399,0.896,2.032,1.195,1.631,rt,
mandima,2026-09-22,1.361,0.902,1.937,1.178,1.589,rt,
mandima,2026-09-23,1.335,0.884,1.893,1.143,1.552,rt,
mandima,2026-09-24,1.299,0.844,1.861,1.098,1.528,rt,
mandima,2026-09-25,1.268,0.797,1.856,1.049,1.498,rt,
mandima,2026-09-26,1.24,0.725,1.863,1.0,1.487,rt,
mandima,2026-09-27,1.204,0.648,1.883,0.958,1.475,rt,
mandima,2026-09-28,1.162,0.584,1.889,0.904,1.442,rt,
mandima,2026-09-29,1.143,0.579,1.833,0.889,1.418,rt,
mandima,2026-09-30,1.123,0.564,1.803,0.869,1.388,rt,
mandima,2026-10-01,1.096,0.541,1.773,0.847,1.37,rt,
mandima,2026-10-02,1.071,0.514,1.776,0.82,1.348,rt,
mandima,2026-10-03,1.04,0.481,1.796,0.788,1.341,rt,
mandima,2026-10-04,1.015,0.445,1.821,0.748,1.335,rt,
mandima,2026-10-05,0.99,0.41,1.853,0.72,1.335,rt,
mandima,2026-10-06,0.962,0.318,1.881,0.664,1.309,rt,
mangala,2026-05-23,1.835,1.131,2.98,1.513,2.233,rt,
mangala,2026-05-24,1.807,1.097,2.958,1.503,2.24,rt,
mangala,2026-05-25,1.783,1.037,2.994,1.455,2.225,rt,
mangala,2026-05-26,1.808,1.079,2.918,1.499,2.224,rt,
mangala,2026-05-27,1.833,1.127,2.905,1.537,2.235,rt,
mangala,2026-05-28,1.86,1.18,2.923,1.572,2.245,rt,
mangala,2026-05-29,1.896,1.225,2.954,1.591,2.268,rt,
mangala,2026-05-30,1.922,1.245,3.024,1.596,2.31,rt,
mangala,2026-05-31,1.957,1.257,3.15,1.607,2.363,rt,
mangala,2026-06-01,1.998,1.245,3.289,1.614,2.464,rt,
mangala,2026-06-02,2.038,1.332,3.202,1.689,2.435,rt,
mangala,2026-06-03,2.085,1.413,3.163,1.749,2.424,rt,
mangala,2026-06-04,2.111,1.449,3.133,1.798,2.428,rt,
mangala,2026-06-05,2.133,1.484,3.148,1.84,2.44,rt,
mangala,2026-06-06,2.128,1.505,3.196,1.837,2.466,rt,
mangala,2026-06-07,2.124,1.479,3.257,1.833,2.487,rt,
mangala,2026-06-08,2.119,1.418,3.371,1.804,2.522,rt,
mangala,2026-06-09,2.091,1.448,3.172,1.796,2.432,rt,
mangala,2026-06-10,2.058,1.454,2.983,1.785,2.343,rt,
mangala,2026-06-11,2.014,1.449,2.849,1.759,2.279,rt,
mangala,2026-06-12,1.968,1.432,2.771,1.737,2.225,rt,
mangala,2026-06-13,1.921,1.387,2.709,1.693,2.186,rt,
mangala,2026-06-14,1.88,1.323,2.673,1.627,2.15,rt,
mangala,2026-06-15,1.837,1.253,2.673,1.568,2.137,rt,
mangala,2026-06-16,1.804,1.275,2.516,1.572,2.066,rt,
mangala,2026-06-17,1.775,1.29,2.401,1.567,2.014,rt,
mangala,2026-06-18,1.742,1.289,2.324,1.554,1.966,rt,
mangala,2026-06-19,1.715,1.282,2.284,1.529,1.918,rt,
mangala,2026-06-20,1.679,1.245,2.276,1.488,1.896,rt,
mangala,2026-06-21,1.643,1.183,2.267,1.439,1.875,rt,
mangala,2026-06-22,1.623,1.135,2.322,1.407,1.882,rt,
mangala,2026-06-23,1.588,1.134,2.197,1.394,1.816,rt,
mangala,2026-06-24,1.558,1.133,2.073,1.38,1.757,rt,
mangala,2026-06-25,1.528,1.126,2.002,1.351,1.707,rt,
mangala,2026-06-26,1.49,1.096,1.938,1.32,1.655,rt,
mangala,2026-06-27,1.452,1.061,1.915,1.281,1.62,rt,
mangala,2026-06-28,1.413,1.016,1.89,1.232,1.592,rt,
mangala,2026-06-29,1.353,0.942,1.868,1.164,1.545,rt,
mangala,2026-06-30,1.291,0.936,1.727,1.132,1.452,rt,
mangala,2026-07-01,1.232,0.913,1.625,1.103,1.369,rt,
mangala,2026-07-02,1.179,0.875,1.534,1.056,1.309,rt,
mangala,2026-07-03,1.132,0.837,1.469,1.011,1.253,rt,
mangala,2026-07-04,1.091,0.785,1.425,0.965,1.213,rt,
mangala,2026-07-05,1.041,0.73,1.399,0.912,1.179,rt,
mangala,2026-07-06,1.002,0.673,1.394,0.865,1.151,rt,
mangala,2026-07-07,1.006,0.701,1.346,0.881,1.144,rt,
mangala,2026-07-08,1.009,0.729,1.324,0.89,1.139,rt,
mangala,2026-07-09,1.01,0.734,1.316,0.896,1.137,rt,
mangala,2026-07-10,1.013,0.742,1.325,0.9,1.137,rt,
mangala,2026-07-11,1.019,0.749,1.339,0.901,1.14,rt,
mangala,2026-07-12,1.019,0.744,1.371,0.89,1.154,rt,
mangala,2026-07-13,1.01,0.715,1.405,0.871,1.166,rt,
mangala,2026-07-14,1.05,0.764,1.399,0.914,1.189,rt,
mangala,2026-07-15,1.086,0.812,1.429,0.957,1.216,rt,
mangala,2026-07-16,1.121,0.854,1.455,1.006,1.247,rt,
mangala,2026-07-17,1.161,0.889,1.512,1.044,1.288,rt,
mangala,2026-07-18,1.199,0.91,1.573,1.07,1.335,rt,
mangala,2026-07-19,1.232,0.911,1.676,1.097,1.383,rt,
mangala,2026-07-20,1.274,0.909,1.801,1.119,1.452,rt,
mangala,2026-07-21,1.32,0.981,1.794,1.178,1.479,rt,
mangala,2026-07-22,1.364,1.053,1.791,1.233,1.518,rt,
mangala,2026-07-23,1.411,1.113,1.818,1.281,1.562,rt,
mangala,2026-07-24,1.46,1.165,1.858,1.323,1.614,rt,
mangala,2026-07-25,1.508,1.193,1.96,1.36,1.677,rt,
mangala,2026-07-26,1.555,1.193,2.088,1.391,1.744,rt,
mangala,2026-07-27,1.608,1.185,2.236,1.428,1.819,rt,
mangala,2026-07-28,1.631,1.267,2.187,1.468,1.82,rt,
mangala,2026-07-29,1.656,1.315,2.138,1.502,1.829,rt,
mangala,2026-07-30,1.675,1.354,2.12,1.532,1.839,rt,
mangala,2026-07-31,1.69,1.367,2.129,1.547,1.862,rt,
mangala,2026-08-01,1.699,1.355,2.176,1.547,1.877,rt,
mangala,2026-08-02,1.703,1.318,2.235,1.543,1.905,rt,
mangala,2026-08-03,1.697,1.273,2.336,1.523,1.927,rt,
mangala,2026-08-04,1.663,1.27,2.192,1.5,1.853,rt,
mangala,2026-08-05,1.622,1.271,2.095,1.481,1.787,rt,
mangala,2026-08-06,1.58,1.258,2.022,1.448,1.731,rt,
mangala,2026-08-07,1.534,1.223,1.943,1.406,1.678,rt,
mangala,2026-08-08,1.483,1.173,1.89,1.355,1.634,rt,
mangala,2026-08-09,1.437,1.109,1.87,1.294,1.602,rt,
mangala,2026-08-10,1.371,1.023,1.847,1.221,1.556,rt,
mangala,2026-08-11,1.303,0.995,1.696,1.169,1.453,rt,
mangala,2026-08-12,1.235,0.961,1.577,1.119,1.365,rt,
mangala,2026-08-13,1.165,0.914,1.493,1.061,1.287,rt,
mangala,2026-08-14,1.103,0.857,1.413,0.999,1.217,rt,
mangala,2026-08-15,1.045,0.789,1.349,0.934,1.153,rt,
mangala,2026-08-16,0.979,0.711,1.297,0.869,1.102,rt,
mangala,2026-08-17,0.93,0.648,1.274,0.816,1.066,rt,
mangala,2026-08-18,0.873,0.624,1.173,0.775,0.989,rt,
mangala,2026-08-19,0.823,0.596,1.088,0.734,0.921,rt,
mangala,2026-08-20,0.775,0.565,1.014,0.687,0.864,rt,
mangala,2026-08-21,0.731,0.529,0.942,0.649,0.817,rt,
mangala,2026-08-22,0.69,0.485,0.903,0.603,0.776,rt,
mangala,2026-08-23,0.647,0.44,0.873,0.562,0.736,rt,
mangala,2026-08-24,0.609,0.404,0.86,0.526,0.709,rt,
mangala,2026-08-25,0.606,0.417,0.823,0.528,0.689,rt,
mangala,2026-08-26,0.602,0.426,0.795,0.526,0.677,rt,
mangala,2026-08-27,0.597,0.426,0.779,0.522,0.666,rt,
mangala,2026-08-28,0.59,0.425,0.763,0.517,0.658,rt,
mangala,2026-08-29,0.581,0.414,0.764,0.512,0.653,rt,
mangala,2026-08-30,0.567,0.399,0.778,0.499,0.65,rt,
mangala,2026-08-31,0.554,0.372,0.777,0.478,0.638,rt,
mangala,2026-09-01,0.564,0.399,0.766,0.493,0.641,rt,
mangala,2026-09-02,0.573,0.415,0.76,0.505,0.644,rt,
mangala,2026-09-03,0.581,0.424,0.758,0.517,0.65,rt,
mangala,2026-09-04,0.588,0.434,0.758,0.522,0.656,rt,
mangala,2026-09-05,0.592,0.434,0.774,0.523,0.66,rt,
mangala,2026-09-06,0.595,0.418,0.79,0.519,0.668,rt,
mangala,2026-09-07,0.588,0.399,0.802,0.504,0.669,rt,
mangala,2026-09-08,0.587,0.409,0.779,0.513,0.662,rt,
mangala,2026-09-09,0.583,0.417,0.765,0.514,0.658,rt,
mangala,2026-09-10,0.581,0.415,0.764,0.511,0.653,rt,
mangala,2026-09-11,0.572,0.408,0.766,0.499,0.65,rt,
mangala,2026-09-12,0.563,0.389,0.769,0.487,0.643,rt,
mangala,2026-09-13,0.551,0.36,0.782,0.471,0.642,rt,
mangala,2026-09-14,0.539,0.332,0.797,0.456,0.639,rt,
mangala,2026-09-15,0.546,0.351,0.786,0.463,0.642,rt,
mangala,2026-09-16,0.554,0.362,0.783,0.469,0.649,rt,
mangala,2026-09-17,0.561,0.367,0.806,0.479,0.66,rt,
mangala,2026-09-18,0.573,0.365,0.833,0.482,0.676,rt,
mangala,2026-09-19,0.584,0.36,0.874,0.482,0.69,rt,
mangala,2026-09-20,0.595,0.347,0.925,0.481,0.71,rt,
mangala,2026-09-21,0.606,0.339,0.995,0.484,0.742,rt,
mangala,2026-09-22,0.606,0.339,1.0,0.487,0.747,rt,
mangala,2026-09-23,0.607,0.337,1.019,0.485,0.75,rt,
mangala,2026-09-24,0.611,0.335,1.048,0.483,0.761,rt,
mangala,2026-09-25,0.613,0.327,1.085,0.484,0.774,rt,
mangala,2026-09-26,0.613,0.312,1.123,0.474,0.785,rt,
mangala,2026-09-27,0.61,0.296,1.183,0.467,0.792,rt,
mangala,2026-09-28,0.604,0.275,1.258,0.448,0.809,rt,
mangala,2026-09-29,0.606,0.272,1.238,0.446,0.798,rt,
mangala,2026-09-30,0.602,0.267,1.216,0.44,0.795,rt,
mangala,2026-10-01,0.596,0.263,1.226,0.436,0.794,rt,
mangala,2026-10-02,0.589,0.253,1.246,0.43,0.8,rt,
mangala,2026-10-03,0.579,0.243,1.272,0.417,0.807,rt,
mangala,2026-10-04,0.572,0.23,1.304,0.403,0.816,rt,
mangala,2026-10-05,0.566,0.217,1.335,0.389,0.824,rt,
mangala,2026-10-06,0.584,0.195,1.457,0.381,0.866,rt,
mongbwalu,2026-04-25,2.797,1.433,6.365,2.067,3.818,rt,
mongbwalu,2026-04-26,2.788,1.398,6.212,2.054,3.802,rt,
mongbwalu,2026-04-27,2.769,1.347,6.028,2.021,3.78,rt,
mongbwalu,2026-04-28,2.752,1.389,5.744,2.038,3.683,rt,
mongbwalu,2026-04-29,2.755,1.427,5.528,2.069,3.645,rt,
mongbwalu,2026-04-30,2.747,1.451,5.309,2.09,3.599,rt,
mongbwalu,2026-05-01,2.773,1.475,5.214,2.138,3.6,rt,
mongbwalu,2026-05-02,2.783,1.496,5.148,2.141,3.617,rt,
mongbwalu,2026-05-03,2.809,1.488,5.228,2.144,3.637,rt,
mongbwalu,2026-05-04,2.787,1.467,5.279,2.123,3.673,rt,
mongbwalu,2026-05-05,2.816,1.542,5.123,2.184,3.653,rt,
mongbwalu,2026-05-06,2.841,1.598,5.118,2.25,3.614,rt,
mongbwalu,2026-05-07,2.866,1.664,5.08,2.308,3.587,rt,
mongbwalu,2026-05-08,2.867,1.712,4.964,2.342,3.595,rt,
mongbwalu,2026-05-09,2.866,1.717,4.92,2.348,3.555,rt,
mongbwalu,2026-05-10,2.867,1.694,4.987,2.323,3.565,rt,
mongbwalu,2026-05-11,2.791,1.654,4.884,2.246,3.507,rt,
mongbwalu,2026-05-12,2.756,1.739,4.616,2.272,3.367,rt,
mongbwalu,2026-05-13,2.726,1.8,4.409,2.296,3.283,rt,
mongbwalu,2026-05-14,2.708,1.841,4.218,2.304,3.232,rt,
mongbwalu,2026-05-15,2.662,1.881,4.075,2.294,3.19,rt,
mongbwalu,2026-05-16,2.636,1.878,4.037,2.283,3.131,rt,
mongbwalu,2026-05-17,2.609,1.831,3.981,2.249,3.068,rt,
mongbwalu,2026-05-18,2.596,1.77,3.988,2.204,3.063,rt,
mongbwalu,2026-05-19,2.581,1.852,3.799,2.232,2.979,rt,
mongbwalu,2026-05-20,2.56,1.907,3.626,2.267,2.919,rt,
mongbwalu,2026-05-21,2.538,1.928,3.543,2.266,2.865,rt,
mongbwalu,2026-05-22,2.499,1.916,3.47,2.245,2.825,rt,
mongbwalu,2026-05-23,2.454,1.893,3.392,2.202,2.771,rt,
mongbwalu,2026-05-24,2.417,1.854,3.38,2.15,2.721,rt,
mongbwalu,2026-05-25,2.357,1.783,3.295,2.084,2.672,rt,
mongbwalu,2026-05-26,2.214,1.732,2.986,1.985,2.476,rt,
mongbwalu,2026-05-27,2.084,1.671,2.737,1.893,2.313,rt,
mongbwalu,2026-05-28,1.97,1.601,2.522,1.799,2.164,rt,
mongbwalu,2026-05-29,1.854,1.513,2.36,1.7,2.034,rt,
mongbwalu,2026-05-30,1.751,1.41,2.225,1.602,1.928,rt,
mongbwalu,2026-05-31,1.653,1.31,2.118,1.5,1.825,rt,
mongbwalu,2026-06-01,1.569,1.193,2.05,1.404,1.752,rt,
mongbwalu,2026-06-02,1.451,1.125,1.829,1.307,1.599,rt,
mongbwalu,2026-06-03,1.34,1.054,1.642,1.214,1.463,rt,
mongbwalu,2026-06-04,1.227,0.968,1.499,1.124,1.334,rt,
mongbwalu,2026-06-05,1.124,0.891,1.367,1.027,1.218,rt,
mongbwalu,2026-06-06,1.025,0.792,1.27,0.924,1.117,rt,
mongbwalu,2026-06-07,0.925,0.693,1.184,0.821,1.025,rt,
mongbwalu,2026-06-08,0.834,0.587,1.116,0.727,0.946,rt,
mongbwalu,2026-06-09,0.806,0.592,1.04,0.714,0.903,rt,
mongbwalu,2026-06-10,0.777,0.595,0.974,0.698,0.866,rt,
mongbwalu,2026-06-11,0.747,0.58,0.927,0.678,0.827,rt,
mongbwalu,2026-06-12,0.723,0.557,0.9,0.658,0.792,rt,
mongbwalu,2026-06-13,0.699,0.523,0.877,0.63,0.771,rt,
mongbwalu,2026-06-14,0.673,0.482,0.868,0.595,0.749,rt,
mongbwalu,2026-06-15,0.644,0.448,0.875,0.559,0.737,rt,
mongbwalu,2026-06-16,0.664,0.483,0.877,0.592,0.743,rt,
mongbwalu,2026-06-17,0.682,0.515,0.871,0.619,0.759,rt,
mongbwalu,2026-06-18,0.702,0.545,0.881,0.642,0.779,rt,
mongbwalu,2026-06-19,0.724,0.568,0.906,0.662,0.799,rt,
mongbwalu,2026-06-20,0.746,0.576,0.952,0.674,0.828,rt,
mongbwalu,2026-06-21,0.769,0.573,1.01,0.677,0.865,rt,
mongbwalu,2026-06-22,0.798,0.563,1.1,0.691,0.922,rt,
mongbwalu,2026-06-23,0.797,0.589,1.048,0.702,0.896,rt,
mongbwalu,2026-06-24,0.792,0.614,1.013,0.71,0.877,rt,
mongbwalu,2026-06-25,0.786,0.624,0.993,0.716,0.863,rt,
mongbwalu,2026-06-26,0.784,0.615,0.979,0.711,0.858,rt,
mongbwalu,2026-06-27,0.778,0.593,0.99,0.704,0.864,rt,
mongbwalu,2026-06-28,0.776,0.572,1.038,0.687,0.875,rt,
mongbwalu,2026-06-29,0.758,0.532,1.068,0.655,0.869,rt,
mongbwalu,2026-06-30,0.755,0.552,0.997,0.661,0.846,rt,
mongbwalu,2026-07-01,0.751,0.564,0.964,0.668,0.823,rt,
mongbwalu,2026-07-02,0.746,0.572,0.939,0.673,0.815,rt,
mongbwalu,2026-07-03,0.741,0.569,0.933,0.667,0.815,rt,
mongbwalu,2026-07-04,0.738,0.55,0.948,0.659,0.819,rt,
mongbwalu,2026-07-05,0.737,0.522,0.995,0.647,0.826,rt,
mongbwalu,2026-07-06,0.733,0.492,1.041,0.633,0.843,rt,
mongbwalu,2026-07-07,0.756,0.531,1.027,0.664,0.85,rt,
mongbwalu,2026-07-08,0.776,0.571,1.012,0.692,0.867,rt,
mongbwalu,2026-07-09,0.798,0.599,1.026,0.712,0.879,rt,
mongbwalu,2026-07-10,0.818,0.618,1.054,0.729,0.909,rt,
mongbwalu,2026-07-11,0.839,0.62,1.108,0.738,0.94,rt,
mongbwalu,2026-07-12,0.858,0.612,1.175,0.744,0.986,rt,
mongbwalu,2026-07-13,0.871,0.591,1.258,0.743,1.022,rt,
mongbwalu,2026-07-14,0.85,0.597,1.176,0.74,0.979,rt,
mongbwalu,2026-07-15,0.826,0.595,1.101,0.731,0.935,rt,
mongbwalu,2026-07-16,0.808,0.592,1.051,0.712,0.901,rt,
mongbwalu,2026-07-17,0.782,0.572,1.034,0.691,0.88,rt,
mongbwalu,2026-07-18,0.754,0.542,1.024,0.662,0.861,rt,
mongbwalu,2026-07-19,0.733,0.507,1.031,0.628,0.848,rt,
mongbwalu,2026-07-20,0.713,0.466,1.043,0.596,0.842,rt,
mongbwalu,2026-07-21,0.687,0.467,0.972,0.59,0.799,rt,
mongbwalu,2026-07-22,0.665,0.462,0.908,0.58,0.76,rt,
mongbwalu,2026-07-23,0.643,0.454,0.851,0.56,0.729,rt,
mongbwalu,2026-07-24,0.619,0.436,0.822,0.541,0.706,rt,
mongbwalu,2026-07-25,0.594,0.412,0.812,0.518,0.684,rt,
mongbwalu,2026-07-26,0.57,0.379,0.812,0.49,0.667,rt,
mongbwalu,2026-07-27,0.548,0.346,0.835,0.462,0.653,rt,
mongbwalu,2026-07-28,0.552,0.365,0.803,0.473,0.648,rt,
mongbwalu,2026-07-29,0.557,0.376,0.775,0.48,0.643,rt,
mongbwalu,2026-07-30,0.559,0.381,0.761,0.481,0.64,rt,
mongbwalu,2026-07-31,0.56,0.381,0.756,0.482,0.64,rt,
mongbwalu,2026-08-01,0.554,0.374,0.775,0.476,0.64,rt,
mongbwalu,2026-08-02,0.551,0.355,0.793,0.466,0.644,rt,
mongbwalu,2026-08-03,0.544,0.333,0.823,0.456,0.647,rt,
mongbwalu,2026-08-04,0.574,0.374,0.826,0.487,0.668,rt,
mongbwalu,2026-08-05,0.602,0.407,0.843,0.516,0.689,rt,
mongbwalu,2026-08-06,0.63,0.43,0.876,0.546,0.727,rt,
mongbwalu,2026-08-07,0.652,0.453,0.917,0.57,0.754,rt,
mongbwalu,2026-08-08,0.679,0.466,0.978,0.593,0.787,rt,
mongbwalu,2026-08-09,0.709,0.473,1.043,0.607,0.832,rt,
mongbwalu,2026-08-10,0.736,0.469,1.12,0.616,0.873,rt,
mongbwalu,2026-08-11,0.785,0.524,1.125,0.67,0.907,rt,
mongbwalu,2026-08-12,0.835,0.569,1.155,0.725,0.953,rt,
mongbwalu,2026-08-13,0.885,0.617,1.203,0.773,1.005,rt,
mongbwalu,2026-08-14,0.935,0.664,1.282,0.823,1.059,rt,
mongbwalu,2026-08-15,0.989,0.698,1.385,0.863,1.12,rt,
mongbwalu,2026-08-16,1.042,0.724,1.521,0.901,1.202,rt,
mongbwalu,2026-08-17,1.112,0.744,1.69,0.945,1.308,rt,
mongbwalu,2026-08-18,1.172,0.822,1.673,1.015,1.351,rt,
mongbwalu,2026-08-19,1.236,0.905,1.688,1.086,1.4,rt,
mongbwalu,2026-08-20,1.302,0.973,1.736,1.155,1.453,rt,
mongbwalu,2026-08-21,1.371,1.039,1.817,1.224,1.54,rt,
mongbwalu,2026-08-22,1.444,1.079,1.934,1.273,1.631,rt,
mongbwalu,2026-08-23,1.508,1.092,2.09,1.32,1.731,rt,
mongbwalu,2026-08-24,1.592,1.092,2.32,1.37,1.865,rt,
mongbwalu,2026-08-25,1.593,1.152,2.213,1.4,1.815,rt,
mongbwalu,2026-08-26,1.587,1.184,2.11,1.42,1.774,rt,
mongbwalu,2026-08-27,1.579,1.209,2.043,1.425,1.751,rt,
mongbwalu,2026-08-28,1.572,1.202,2.013,1.419,1.75,rt,
mongbwalu,2026-08-29,1.568,1.169,2.023,1.393,1.749,rt,
mongbwalu,2026-08-30,1.548,1.118,2.067,1.362,1.761,rt,
mongbwalu,2026-08-31,1.507,1.034,2.122,1.304,1.754,rt,
mongbwalu,2026-09-01,1.414,1.017,1.917,1.243,1.608,rt,
mongbwalu,2026-09-02,1.324,0.982,1.743,1.174,1.48,rt,
mongbwalu,2026-09-03,1.237,0.929,1.604,1.102,1.374,rt,
mongbwalu,2026-09-04,1.149,0.855,1.495,1.029,1.277,rt,
mongbwalu,2026-09-05,1.061,0.773,1.413,0.94,1.188,rt,
mongbwalu,2026-09-06,0.978,0.679,1.351,0.858,1.111,rt,
mongbwalu,2026-09-07,0.889,0.582,1.279,0.762,1.022,rt,
mongbwalu,2026-09-08,0.836,0.567,1.159,0.725,0.948,rt,
mongbwalu,2026-09-09,0.786,0.546,1.061,0.685,0.886,rt,
mongbwalu,2026-09-10,0.734,0.51,0.976,0.639,0.83,rt,
mongbwalu,2026-09-11,0.684,0.474,0.907,0.592,0.771,rt,
mongbwalu,2026-09-12,0.635,0.428,0.86,0.541,0.716,rt,
mongbwalu,2026-09-13,0.584,0.372,0.823,0.491,0.668,rt,
mongbwalu,2026-09-14,0.538,0.326,0.795,0.443,0.626,rt,
mongbwalu,2026-09-15,0.524,0.317,0.763,0.44,0.613,rt,
mongbwalu,2026-09-16,0.516,0.315,0.741,0.438,0.604,rt,
mongbwalu,2026-09-17,0.508,0.312,0.738,0.427,0.596,rt,
mongbwalu,2026-09-18,0.504,0.299,0.738,0.415,0.592,rt,
mongbwalu,2026-09-19,0.499,0.282,0.746,0.406,0.587,rt,
mongbwalu,2026-09-20,0.491,0.264,0.767,0.39,0.593,rt,
mongbwalu,2026-09-21,0.487,0.243,0.801,0.382,0.601,rt,
mongbwalu,2026-09-22,0.492,0.254,0.805,0.384,0.609,rt,
mongbwalu,2026-09-23,0.492,0.257,0.823,0.384,0.619,rt,
mongbwalu,2026-09-24,0.493,0.253,0.847,0.383,0.626,rt,
mongbwalu,2026-09-25,0.493,0.25,0.885,0.377,0.638,rt,
mongbwalu,2026-09-26,0.491,0.245,0.928,0.375,0.652,rt,
mongbwalu,2026-09-27,0.494,0.233,0.972,0.365,0.669,rt,
mongbwalu,2026-09-28,0.488,0.22,1.034,0.352,0.675,rt,
mongbwalu,2026-09-29,0.486,0.216,1.026,0.353,0.675,rt,
mongbwalu,2026-09-30,0.485,0.209,1.025,0.352,0.669,rt,
mongbwalu,2026-10-01,0.487,0.203,1.036,0.35,0.671,rt,
mongbwalu,2026-10-02,0.488,0.199,1.083,0.347,0.668,rt,
mongbwalu,2026-10-03,0.481,0.188,1.122,0.341,0.672,rt,
mongbwalu,2026-10-04,0.481,0.176,1.159,0.33,0.682,rt,
mongbwalu,2026-10-05,0.476,0.162,1.193,0.321,0.695,rt,
mongbwalu,2026-10-06,0.494,0.172,1.354,0.317,0.758,rt,
nia_nia,2026-06-04,2.885,1.751,4.82,2.406,3.593,rt,
nia_nia,2026-06-05,2.881,1.802,4.824,2.385,3.524,rt,
nia_nia,2026-06-06,2.858,1.774,4.876,2.348,3.494,rt,
nia_nia,2026-06-07,2.819,1.68,4.946,2.274,3.499,rt,
nia_nia,2026-06-08,2.769,1.585,4.989,2.182,3.483,rt,
nia_nia,2026-06-09,2.659,1.622,4.633,2.184,3.302,rt,
nia_nia,2026-06-10,2.569,1.642,4.244,2.143,3.135,rt,
nia_nia,2026-06-11,2.47,1.61,3.892,2.081,2.986,rt,
nia_nia,2026-06-12,2.392,1.562,3.718,2.002,2.862,rt,
nia_nia,2026-06-13,2.3,1.472,3.692,1.909,2.774,rt,
nia_nia,2026-06-14,2.212,1.349,3.682,1.802,2.713,rt,
nia_nia,2026-06-15,2.134,1.206,3.712,1.683,2.666,rt,
nia_nia,2026-06-16,2.085,1.275,3.453,1.702,2.524,rt,
nia_nia,2026-06-17,2.052,1.31,3.209,1.72,2.423,rt,
nia_nia,2026-06-18,2.007,1.342,2.989,1.696,2.351,rt,
nia_nia,2026-06-19,1.962,1.336,2.886,1.66,2.294,rt,
nia_nia,2026-06-20,1.921,1.301,2.828,1.618,2.256,rt,
nia_nia,2026-06-21,1.896,1.211,2.832,1.567,2.232,rt,
nia_nia,2026-06-22,1.879,1.122,2.949,1.519,2.255,rt,
nia_nia,2026-06-23,1.826,1.174,2.721,1.525,2.143,rt,
nia_nia,2026-06-24,1.784,1.204,2.558,1.514,2.054,rt,
nia_nia,2026-06-25,1.74,1.205,2.482,1.506,1.986,rt,
nia_nia,2026-06-26,1.695,1.17,2.419,1.48,1.941,rt,
nia_nia,2026-06-27,1.661,1.114,2.398,1.427,1.918,rt,
nia_nia,2026-06-28,1.635,1.048,2.45,1.356,1.919,rt,
nia_nia,2026-06-29,1.568,0.923,2.455,1.267,1.891,rt,
nia_nia,2026-06-30,1.521,0.971,2.238,1.265,1.791,rt,
nia_nia,2026-07-01,1.48,1.001,2.097,1.267,1.714,rt,
nia_nia,2026-07-02,1.446,1.01,1.995,1.243,1.657,rt,
nia_nia,2026-07-03,1.406,0.987,1.936,1.225,1.604,rt,
nia_nia,2026-07-04,1.369,0.95,1.955,1.195,1.586,rt,
nia_nia,2026-07-05,1.338,0.871,1.994,1.144,1.576,rt,
nia_nia,2026-07-06,1.314,0.803,2.08,1.092,1.591,rt,
nia_nia,2026-07-07,1.332,0.877,1.954,1.138,1.565,rt,
nia_nia,2026-07-08,1.346,0.942,1.864,1.174,1.55,rt,
nia_nia,2026-07-09,1.355,0.984,1.834,1.2,1.549,rt,
nia_nia,2026-07-10,1.377,1.007,1.877,1.216,1.563,rt,
nia_nia,2026-07-11,1.394,0.996,1.936,1.214,1.592,rt,
nia_nia,2026-07-12,1.41,0.955,2.047,1.203,1.64,rt,
nia_nia,2026-07-13,1.418,0.891,2.185,1.176,1.696,rt,
nia_nia,2026-07-14,1.439,0.966,2.09,1.232,1.665,rt,
nia_nia,2026-07-15,1.458,1.041,2.013,1.278,1.665,rt,
nia_nia,2026-07-16,1.48,1.08,1.991,1.314,1.682,rt,
nia_nia,2026-07-17,1.5,1.104,2.016,1.339,1.706,rt,
nia_nia,2026-07-18,1.527,1.086,2.101,1.347,1.743,rt,
nia_nia,2026-07-19,1.556,1.043,2.209,1.339,1.795,rt,
nia_nia,2026-07-20,1.583,1.001,2.386,1.32,1.867,rt,
nia_nia,2026-07-21,1.55,1.037,2.207,1.33,1.789,rt,
nia_nia,2026-07-22,1.516,1.092,2.081,1.334,1.729,rt,
nia_nia,2026-07-23,1.488,1.097,1.974,1.317,1.691,rt,
nia_nia,2026-07-24,1.462,1.074,1.941,1.294,1.668,rt,
nia_nia,2026-07-25,1.444,1.031,1.976,1.262,1.645,rt,
nia_nia,2026-07-26,1.416,0.965,2.022,1.208,1.637,rt,
nia_nia,2026-07-27,1.387,0.879,2.088,1.16,1.634,rt,
nia_nia,2026-07-28,1.288,0.884,1.855,1.124,1.503,rt,
nia_nia,2026-07-29,1.215,0.86,1.66,1.067,1.385,rt,
nia_nia,2026-07-30,1.138,0.818,1.526,1.004,1.29,rt,
nia_nia,2026-07-31,1.059,0.762,1.422,0.933,1.212,rt,
nia_nia,2026-08-01,0.989,0.679,1.38,0.855,1.138,rt,
nia_nia,2026-08-02,0.919,0.59,1.346,0.777,1.08,rt,
nia_nia,2026-08-03,0.855,0.506,1.326,0.7,1.032,rt,
nia_nia,2026-08-04,0.807,0.507,1.18,0.676,0.953,rt,
nia_nia,2026-08-05,0.764,0.497,1.081,0.647,0.886,rt,
nia_nia,2026-08-06,0.722,0.477,1.014,0.616,0.83,rt,
nia_nia,2026-08-07,0.673,0.448,0.962,0.575,0.78,rt,
nia_nia,2026-08-08,0.635,0.404,0.927,0.532,0.74,rt,
nia_nia,2026-08-09,0.594,0.362,0.915,0.491,0.71,rt,
nia_nia,2026-08-10,0.554,0.317,0.896,0.446,0.677,rt,
nia_nia,2026-08-11,0.553,0.333,0.846,0.457,0.663,rt,
nia_nia,2026-08-12,0.552,0.345,0.804,0.465,0.651,rt,
nia_nia,2026-08-13,0.554,0.363,0.788,0.469,0.644,rt,
nia_nia,2026-08-14,0.55,0.364,0.784,0.472,0.638,rt,
nia_nia,2026-08-15,0.55,0.355,0.792,0.469,0.642,rt,
nia_nia,2026-08-16,0.55,0.339,0.812,0.46,0.647,rt,
nia_nia,2026-08-17,0.553,0.321,0.857,0.447,0.667,rt,
nia_nia,2026-08-18,0.589,0.362,0.872,0.489,0.692,rt,
nia_nia,2026-08-19,0.624,0.406,0.892,0.531,0.728,rt,
nia_nia,2026-08-20,0.665,0.44,0.941,0.567,0.764,rt,
nia_nia,2026-08-21,0.708,0.472,1.022,0.605,0.815,rt,
nia_nia,2026-08-22,0.755,0.486,1.115,0.645,0.875,rt,
nia_nia,2026-08-23,0.806,0.498,1.236,0.677,0.949,rt,
nia_nia,2026-08-24,0.858,0.512,1.384,0.708,1.046,rt,
nia_nia,2026-08-25,0.948,0.601,1.41,0.793,1.11,rt,
nia_nia,2026-08-26,1.04,0.716,1.463,0.894,1.192,rt,
nia_nia,2026-08-27,1.135,0.815,1.534,0.994,1.287,rt,
nia_nia,2026-08-28,1.241,0.908,1.661,1.093,1.397,rt,
nia_nia,2026-08-29,1.362,0.979,1.851,1.196,1.537,rt,
nia_nia,2026-08-30,1.477,1.024,2.088,1.283,1.705,rt,
nia_nia,2026-08-31,1.588,1.053,2.362,1.356,1.887,rt,
nia_nia,2026-09-01,1.586,1.107,2.231,1.38,1.827,rt,
nia_nia,2026-09-02,1.577,1.155,2.136,1.398,1.782,rt,
nia_nia,2026-09-03,1.564,1.174,2.068,1.407,1.739,rt,
nia_nia,2026-09-04,1.541,1.159,2.032,1.386,1.716,rt,
nia_nia,2026-09-05,1.515,1.116,2.048,1.349,1.703,rt,
nia_nia,2026-09-06,1.489,1.054,2.07,1.296,1.691,rt,
nia_nia,2026-09-07,1.443,0.951,2.084,1.226,1.67,rt,
nia_nia,2026-09-08,1.344,0.928,1.847,1.158,1.526,rt,
nia_nia,2026-09-09,1.249,0.884,1.68,1.088,1.408,rt,
nia_nia,2026-09-10,1.159,0.822,1.541,1.012,1.303,rt,
nia_nia,2026-09-11,1.058,0.75,1.426,0.926,1.207,rt,
nia_nia,2026-09-12,0.965,0.663,1.337,0.84,1.119,rt,
nia_nia,2026-09-13,0.884,0.579,1.276,0.747,1.034,rt,
nia_nia,2026-09-14,0.81,0.492,1.226,0.67,0.965,rt,
nia_nia,2026-09-15,0.759,0.477,1.109,0.638,0.899,rt,
nia_nia,2026-09-16,0.716,0.442,1.026,0.602,0.836,rt,
nia_nia,2026-09-17,0.676,0.408,0.978,0.565,0.785,rt,
nia_nia,2026-09-18,0.635,0.372,0.93,0.524,0.746,rt,
nia_nia,2026-09-19,0.596,0.339,0.919,0.487,0.711,rt,
nia_nia,2026-09-20,0.56,0.3,0.903,0.446,0.682,rt,
nia_nia,2026-09-21,0.531,0.265,0.9,0.41,0.669,rt,
nia_nia,2026-09-22,0.531,0.268,0.884,0.41,0.661,rt,
nia_nia,2026-09-23,0.522,0.268,0.878,0.408,0.654,rt,
nia_nia,2026-09-24,0.519,0.257,0.887,0.401,0.659,rt,
nia_nia,2026-09-25,0.517,0.247,0.911,0.39,0.666,rt,
nia_nia,2026-09-26,0.513,0.234,0.949,0.377,0.674,rt,
nia_nia,2026-09-27,0.508,0.217,1.007,0.365,0.679,rt,
nia_nia,2026-09-28,0.501,0.196,1.041,0.348,0.681,rt,
nia_nia,2026-09-29,0.504,0.198,1.04,0.35,0.68,rt,
nia_nia,2026-09-30,0.495,0.197,1.034,0.342,0.686,rt,
nia_nia,2026-10-01,0.493,0.197,1.055,0.336,0.683,rt,
nia_nia,2026-10-02,0.487,0.189,1.092,0.333,0.688,rt,
nia_nia,2026-10-03,0.482,0.178,1.114,0.325,0.687,rt,
nia_nia,2026-10-04,0.476,0.165,1.171,0.317,0.699,rt,
nia_nia,2026-10-05,0.471,0.152,1.249,0.31,0.713,rt,
nia_nia,2026-10-06,0.506,0.144,1.5,0.307,0.805,rt,
nizi,2026-05-23,1.952,1.293,3.009,1.663,2.325,rt,
nizi,2026-05-24,1.908,1.239,2.985,1.606,2.283,rt,
nizi,2026-05-25,1.85,1.155,2.93,1.546,2.23,rt,
nizi,2026-05-26,1.86,1.211,2.859,1.574,2.203,rt,
nizi,2026-05-27,1.873,1.259,2.81,1.606,2.204,rt,
nizi,2026-05-28,1.897,1.291,2.783,1.643,2.218,rt,
nizi,2026-05-29,1.923,1.323,2.789,1.666,2.236,rt,
nizi,2026-05-30,1.947,1.34,2.822,1.677,2.259,rt,
nizi,2026-05-31,1.976,1.33,2.926,1.69,2.309,rt,
nizi,2026-06-01,2.012,1.313,3.031,1.7,2.368,rt,
nizi,2026-06-02,2.1,1.45,3.034,1.804,2.425,rt,
nizi,2026-06-03,2.177,1.579,3.054,1.895,2.482,rt,
nizi,2026-06-04,2.246,1.686,3.123,1.981,2.552,rt,
nizi,2026-06-05,2.318,1.765,3.181,2.056,2.643,rt,
nizi,2026-06-06,2.394,1.816,3.291,2.117,2.722,rt,
nizi,2026-06-07,2.459,1.837,3.393,2.155,2.794,rt,
nizi,2026-06-08,2.501,1.841,3.516,2.186,2.86,rt,
nizi,2026-06-09,2.505,1.9,3.43,2.226,2.839,rt,
nizi,2026-06-10,2.505,1.941,3.369,2.242,2.829,rt,
nizi,2026-06-11,2.504,1.97,3.329,2.257,2.826,rt,
nizi,2026-06-12,2.51,1.99,3.304,2.263,2.82,rt,
nizi,2026-06-13,2.506,1.955,3.315,2.248,2.806,rt,
nizi,2026-06-14,2.51,1.926,3.337,2.236,2.813,rt,
nizi,2026-06-15,2.5,1.876,3.395,2.212,2.824,rt,
nizi,2026-06-16,2.476,1.922,3.27,2.222,2.757,rt,
nizi,2026-06-17,2.445,1.945,3.2,2.221,2.707,rt,
nizi,2026-06-18,2.423,1.961,3.112,2.206,2.66,rt,
nizi,2026-06-19,2.386,1.933,3.052,2.186,2.623,rt,
nizi,2026-06-20,2.354,1.908,2.998,2.152,2.597,rt,
nizi,2026-06-21,2.322,1.853,2.962,2.109,2.583,rt,
nizi,2026-06-22,2.323,1.815,2.991,2.083,2.604,rt,
nizi,2026-06-23,2.281,1.82,2.868,2.071,2.52,rt,
nizi,2026-06-24,2.239,1.816,2.798,2.044,2.455,rt,
nizi,2026-06-25,2.204,1.793,2.733,2.01,2.393,rt,
nizi,2026-06-26,2.16,1.761,2.682,1.979,2.345,rt,
nizi,2026-06-27,2.113,1.712,2.658,1.94,2.309,rt,
nizi,2026-06-28,2.065,1.651,2.641,1.892,2.273,rt,
nizi,2026-06-29,1.985,1.549,2.598,1.808,2.204,rt,
nizi,2026-06-30,1.868,1.503,2.38,1.71,2.05,rt,
nizi,2026-07-01,1.757,1.436,2.187,1.62,1.917,rt,
nizi,2026-07-02,1.655,1.362,2.048,1.533,1.796,rt,
nizi,2026-07-03,1.562,1.298,1.923,1.45,1.699,rt,
nizi,2026-07-04,1.476,1.209,1.825,1.364,1.601,rt,
nizi,2026-07-05,1.392,1.127,1.738,1.275,1.525,rt,
nizi,2026-07-06,1.318,1.042,1.673,1.194,1.466,rt,
nizi,2026-07-07,1.271,1.019,1.566,1.161,1.393,rt,
nizi,2026-07-08,1.223,0.995,1.476,1.126,1.33,rt,
nizi,2026-07-09,1.176,0.971,1.398,1.087,1.272,rt,
nizi,2026-07-10,1.132,0.938,1.347,1.048,1.222,rt,
nizi,2026-07-11,1.088,0.885,1.311,1.008,1.174,rt,
nizi,2026-07-12,1.044,0.832,1.278,0.96,1.134,rt,
nizi,2026-07-13,0.997,0.774,1.247,0.904,1.09,rt,
nizi,2026-07-14,0.985,0.791,1.2,0.904,1.07,rt,
nizi,2026-07-15,0.971,0.799,1.162,0.901,1.048,rt,
nizi,2026-07-16,0.959,0.798,1.141,0.892,1.031,rt,
nizi,2026-07-17,0.949,0.788,1.124,0.881,1.017,rt,
nizi,2026-07-18,0.936,0.77,1.118,0.865,1.006,rt,
nizi,2026-07-19,0.922,0.739,1.118,0.842,0.998,rt,
nizi,2026-07-20,0.905,0.707,1.129,0.823,0.994,rt,
nizi,2026-07-21,0.905,0.727,1.102,0.834,0.983,rt,
nizi,2026-07-22,0.908,0.739,1.078,0.84,0.976,rt,
nizi,2026-07-23,0.906,0.746,1.069,0.841,0.968,rt,
nizi,2026-07-24,0.904,0.749,1.064,0.84,0.968,rt,
nizi,2026-07-25,0.901,0.739,1.065,0.835,0.969,rt,
nizi,2026-07-26,0.898,0.722,1.085,0.826,0.972,rt,
nizi,2026-07-27,0.894,0.706,1.108,0.813,0.98,rt,
nizi,2026-07-28,0.909,0.734,1.098,0.833,0.983,rt,
nizi,2026-07-29,0.915,0.76,1.091,0.848,0.99,rt,
nizi,2026-07-30,0.925,0.781,1.089,0.864,0.997,rt,
nizi,2026-07-31,0.931,0.787,1.092,0.871,0.997,rt,
nizi,2026-08-01,0.938,0.789,1.103,0.873,1.001,rt,
nizi,2026-08-02,0.94,0.779,1.126,0.87,1.011,rt,
nizi,2026-08-03,0.937,0.76,1.149,0.861,1.018,rt,
nizi,2026-08-04,0.935,0.769,1.129,0.864,1.007,rt,
nizi,2026-08-05,0.93,0.778,1.099,0.869,0.995,rt,
nizi,2026-08-06,0.928,0.781,1.091,0.864,0.988,rt,
nizi,2026-08-07,0.916,0.767,1.088,0.856,0.981,rt,
nizi,2026-08-08,0.902,0.75,1.084,0.841,0.973,rt,
nizi,2026-08-09,0.89,0.726,1.096,0.824,0.972,rt,
nizi,2026-08-10,0.872,0.695,1.105,0.797,0.957,rt,
nizi,2026-08-11,0.842,0.682,1.049,0.774,0.919,rt,
nizi,2026-08-12,0.814,0.669,0.997,0.749,0.882,rt,
nizi,2026-08-13,0.788,0.651,0.957,0.727,0.848,rt,
nizi,2026-08-14,0.757,0.627,0.92,0.7,0.818,rt,
nizi,2026-08-15,0.726,0.597,0.889,0.671,0.79,rt,
nizi,2026-08-16,0.698,0.563,0.864,0.637,0.762,rt,
nizi,2026-08-17,0.677,0.531,0.855,0.611,0.746,rt,
nizi,2026-08-18,0.66,0.525,0.824,0.602,0.724,rt,
nizi,2026-08-19,0.646,0.519,0.796,0.592,0.704,rt,
nizi,2026-08-20,0.63,0.509,0.773,0.577,0.685,rt,
nizi,2026-08-21,0.618,0.497,0.754,0.566,0.674,rt,
nizi,2026-08-22,0.605,0.479,0.747,0.55,0.661,rt,
nizi,2026-08-23,0.588,0.454,0.743,0.531,0.651,rt,
nizi,2026-08-24,0.579,0.429,0.749,0.517,0.648,rt,
nizi,2026-08-25,0.583,0.443,0.741,0.526,0.647,rt,
nizi,2026-08-26,0.587,0.457,0.736,0.533,0.648,rt,
nizi,2026-08-27,0.591,0.464,0.738,0.538,0.65,rt,
nizi,2026-08-28,0.597,0.466,0.739,0.545,0.654,rt,
nizi,2026-08-29,0.599,0.46,0.747,0.545,0.66,rt,
nizi,2026-08-30,0.601,0.453,0.763,0.539,0.665,rt,
nizi,2026-08-31,0.596,0.435,0.777,0.529,0.666,rt,
nizi,2026-09-01,0.611,0.465,0.778,0.551,0.68,rt,
nizi,2026-09-02,0.625,0.484,0.789,0.57,0.693,rt,
nizi,2026-09-03,0.643,0.506,0.8,0.586,0.709,rt,
nizi,2026-09-04,0.657,0.516,0.809,0.596,0.72,rt,
nizi,2026-09-05,0.667,0.513,0.837,0.605,0.736,rt,
nizi,2026-09-06,0.677,0.508,0.869,0.607,0.751,rt,
nizi,2026-09-07,0.673,0.486,0.895,0.601,0.757,rt,
nizi,2026-09-08,0.681,0.51,0.884,0.609,0.758,rt,
nizi,2026-09-09,0.684,0.522,0.879,0.616,0.762,rt,
nizi,2026-09-10,0.686,0.525,0.88,0.621,0.767,rt,
nizi,2026-09-11,0.686,0.52,0.884,0.616,0.764,rt,
nizi,2026-09-12,0.682,0.505,0.893,0.608,0.764,rt,
nizi,2026-09-13,0.676,0.486,0.91,0.591,0.765,rt,
nizi,2026-09-14,0.669,0.46,0.939,0.576,0.769,rt,
nizi,2026-09-15,0.68,0.485,0.94,0.591,0.776,rt,
nizi,2026-09-16,0.693,0.5,0.949,0.609,0.79,rt,
nizi,2026-09-17,0.707,0.505,0.953,0.617,0.809,rt,
nizi,2026-09-18,0.724,0.515,0.994,0.631,0.826,rt,
nizi,2026-09-19,0.738,0.506,1.05,0.638,0.846,rt,
nizi,2026-09-20,0.756,0.499,1.105,0.64,0.877,rt,
nizi,2026-09-21,0.776,0.496,1.179,0.645,0.914,rt,
nizi,2026-09-22,0.781,0.496,1.169,0.646,0.919,rt,
nizi,2026-09-23,0.78,0.49,1.191,0.643,0.922,rt,
nizi,2026-09-24,0.777,0.481,1.21,0.633,0.936,rt,
nizi,2026-09-25,0.77,0.466,1.24,0.626,0.942,rt,
nizi,2026-09-26,0.766,0.441,1.278,0.612,0.951,rt,
nizi,2026-09-27,0.76,0.418,1.321,0.595,0.96,rt,
nizi,2026-09-28,0.752,0.396,1.367,0.573,0.963,rt,
nizi,2026-09-29,0.741,0.385,1.352,0.572,0.956,rt,
nizi,2026-09-30,0.736,0.373,1.362,0.568,0.951,rt,
nizi,2026-10-01,0.726,0.362,1.358,0.558,0.95,rt,
nizi,2026-10-02,0.72,0.346,1.374,0.544,0.936,rt,
nizi,2026-10-03,0.709,0.326,1.396,0.53,0.934,rt,
nizi,2026-10-04,0.701,0.307,1.428,0.513,0.942,rt,
nizi,2026-10-05,0.687,0.284,1.463,0.49,0.944,rt,
nizi,2026-10-06,0.683,0.251,1.558,0.475,0.983,rt,
nyankunde,2026-05-02,2.146,1.243,3.974,1.719,2.703,rt,
nyankunde,2026-05-03,2.148,1.229,3.986,1.705,2.711,rt,
nyankunde,2026-05-04,2.151,1.17,4.063,1.693,2.742,rt,
nyankunde,2026-05-05,2.148,1.202,3.906,1.713,2.722,rt,
nyankunde,2026-05-06,2.168,1.229,3.794,1.733,2.706,rt,
nyankunde,2026-05-07,2.174,1.228,3.727,1.742,2.705,rt,
nyankunde,2026-05-08,2.17,1.237,3.657,1.736,2.685,rt,
nyankunde,2026-05-09,2.162,1.22,3.655,1.728,2.666,rt,
nyankunde,2026-05-10,2.158,1.212,3.677,1.735,2.641,rt,
nyankunde,2026-05-11,2.079,1.153,3.616,1.665,2.569,rt,
nyankunde,2026-05-12,2.024,1.179,3.441,1.637,2.466,rt,
nyankunde,2026-05-13,1.958,1.195,3.281,1.613,2.387,rt,
nyankunde,2026-05-14,1.912,1.204,3.134,1.583,2.308,rt,
nyankunde,2026-05-15,1.861,1.189,2.998,1.545,2.244,rt,
nyankunde,2026-05-16,1.812,1.152,2.914,1.503,2.185,rt,
nyankunde,2026-05-17,1.759,1.113,2.867,1.456,2.14,rt,
nyankunde,2026-05-18,1.705,1.057,2.839,1.401,2.103,rt,
nyankunde,2026-05-19,1.673,1.067,2.697,1.394,2.042,rt,
nyankunde,2026-05-20,1.642,1.068,2.593,1.381,1.977,rt,
nyankunde,2026-05-21,1.606,1.078,2.506,1.373,1.918,rt,
nyankunde,2026-05-22,1.572,1.053,2.413,1.341,1.856,rt,
nyankunde,2026-05-23,1.528,1.008,2.377,1.299,1.804,rt,
nyankunde,2026-05-24,1.479,0.969,2.35,1.255,1.768,rt,
nyankunde,2026-05-25,1.433,0.917,2.286,1.187,1.724,rt,
nyankunde,2026-05-26,1.424,0.941,2.199,1.192,1.688,rt,
nyankunde,2026-05-27,1.411,0.952,2.11,1.202,1.662,rt,
nyankunde,2026-05-28,1.4,0.954,2.06,1.199,1.634,rt,
nyankunde,2026-05-29,1.4,0.958,2.023,1.193,1.619,rt,
nyankunde,2026-05-30,1.393,0.949,1.993,1.181,1.619,rt,
nyankunde,2026-05-31,1.382,0.93,2.001,1.172,1.626,rt,
nyankunde,2026-06-01,1.372,0.907,2.06,1.159,1.645,rt,
nyankunde,2026-06-02,1.366,0.938,1.968,1.176,1.601,rt,
nyankunde,2026-06-03,1.351,0.951,1.913,1.179,1.561,rt,
nyankunde,2026-06-04,1.34,0.972,1.883,1.17,1.527,rt,
nyankunde,2026-06-05,1.322,0.954,1.846,1.163,1.505,rt,
nyankunde,2026-06-06,1.298,0.925,1.827,1.13,1.483,rt,
nyankunde,2026-06-07,1.266,0.885,1.799,1.095,1.453,rt,
nyankunde,2026-06-08,1.239,0.829,1.785,1.045,1.433,rt,
nyankunde,2026-06-09,1.179,0.812,1.653,1.013,1.347,rt,
nyankunde,2026-06-10,1.116,0.793,1.534,0.97,1.27,rt,
nyankunde,2026-06-11,1.057,0.759,1.437,0.931,1.203,rt,
nyankunde,2026-06-12,1.008,0.716,1.35,0.875,1.141,rt,
nyankunde,2026-06-13,0.956,0.667,1.296,0.829,1.085,rt,
nyankunde,2026-06-14,0.9,0.614,1.268,0.773,1.031,rt,
nyankunde,2026-06-15,0.853,0.556,1.257,0.723,0.996,rt,
nyankunde,2026-06-16,0.814,0.551,1.164,0.703,0.944,rt,
nyankunde,2026-06-17,0.778,0.535,1.085,0.68,0.895,rt,
nyankunde,2026-06-18,0.747,0.52,1.03,0.653,0.849,rt,
nyankunde,2026-06-19,0.713,0.494,0.978,0.621,0.815,rt,
nyankunde,2026-06-20,0.68,0.463,0.941,0.589,0.783,rt,
nyankunde,2026-06-21,0.651,0.424,0.921,0.553,0.755,rt,
nyankunde,2026-06-22,0.63,0.394,0.924,0.525,0.741,rt,
nyankunde,2026-06-23,0.624,0.402,0.882,0.529,0.725,rt,
nyankunde,2026-06-24,0.618,0.406,0.863,0.531,0.709,rt,
nyankunde,2026-06-25,0.612,0.412,0.845,0.528,0.7,rt,
nyankunde,2026-06-26,0.606,0.408,0.842,0.526,0.694,rt,
nyankunde,2026-06-27,0.599,0.395,0.847,0.52,0.688,rt,
nyankunde,2026-06-28,0.596,0.384,0.852,0.509,0.686,rt,
nyankunde,2026-06-29,0.578,0.367,0.853,0.488,0.675,rt,
nyankunde,2026-06-30,0.578,0.38,0.836,0.501,0.667,rt,
nyankunde,2026-07-01,0.579,0.396,0.815,0.51,0.668,rt,
nyankunde,2026-07-02,0.583,0.412,0.819,0.517,0.671,rt,
nyankunde,2026-07-03,0.592,0.422,0.82,0.52,0.679,rt,
nyankunde,2026-07-04,0.598,0.425,0.841,0.519,0.689,rt,
nyankunde,2026-07-05,0.602,0.416,0.871,0.523,0.698,rt,
nyankunde,2026-07-06,0.611,0.407,0.915,0.527,0.72,rt,
nyankunde,2026-07-07,0.629,0.428,0.909,0.552,0.734,rt,
nyankunde,2026-07-08,0.651,0.452,0.911,0.569,0.753,rt,
nyankunde,2026-07-09,0.673,0.473,0.932,0.591,0.77,rt,
nyankunde,2026-07-10,0.696,0.482,0.963,0.61,0.797,rt,
nyankunde,2026-07-11,0.714,0.492,1.006,0.628,0.827,rt,
nyankunde,2026-07-12,0.734,0.496,1.072,0.638,0.861,rt,
nyankunde,2026-07-13,0.748,0.49,1.136,0.641,0.885,rt,
nyankunde,2026-07-14,0.755,0.515,1.095,0.653,0.879,rt,
nyankunde,2026-07-15,0.764,0.528,1.081,0.661,0.881,rt,
nyankunde,2026-07-16,0.772,0.534,1.068,0.66,0.872,rt,
nyankunde,2026-07-17,0.77,0.532,1.07,0.667,0.877,rt,
nyankunde,2026-07-18,0.771,0.528,1.082,0.664,0.885,rt,
nyankunde,2026-07-19,0.771,0.512,1.106,0.655,0.896,rt,
nyankunde,2026-07-20,0.773,0.497,1.148,0.646,0.912,rt,
nyankunde,2026-07-21,0.769,0.513,1.111,0.651,0.898,rt,
nyankunde,2026-07-22,0.766,0.522,1.078,0.65,0.883,rt,
nyankunde,2026-07-23,0.755,0.53,1.059,0.651,0.878,rt,
nyankunde,2026-07-24,0.752,0.528,1.049,0.647,0.872,rt,
nyankunde,2026-07-25,0.748,0.519,1.049,0.64,0.866,rt,
nyankunde,2026-07-26,0.741,0.506,1.064,0.632,0.864,rt,
nyankunde,2026-07-27,0.739,0.487,1.095,0.62,0.863,rt,
nyankunde,2026-07-28,0.737,0.499,1.054,0.626,0.848,rt,
nyankunde,2026-07-29,0.733,0.507,1.03,0.627,0.84,rt,
nyankunde,2026-07-30,0.724,0.508,1.014,0.627,0.834,rt,
nyankunde,2026-07-31,0.721,0.499,1.005,0.624,0.824,rt,
nyankunde,2026-08-01,0.71,0.484,1.0,0.616,0.815,rt,
nyankunde,2026-08-02,0.699,0.466,1.013,0.599,0.816,rt,
nyankunde,2026-08-03,0.689,0.441,1.03,0.581,0.814,rt,
nyankunde,2026-08-04,0.693,0.462,1.005,0.592,0.809,rt,
nyankunde,2026-08-05,0.697,0.474,0.99,0.601,0.813,rt,
nyankunde,2026-08-06,0.7,0.479,0.987,0.609,0.808,rt,
nyankunde,2026-08-07,0.701,0.492,0.987,0.61,0.806,rt,
nyankunde,2026-08-08,0.7,0.481,0.995,0.607,0.812,rt,
nyankunde,2026-08-09,0.697,0.466,1.009,0.6,0.812,rt,
nyankunde,2026-08-10,0.687,0.448,1.028,0.587,0.817,rt,
nyankunde,2026-08-11,0.696,0.459,1.002,0.597,0.809,rt,
nyankunde,2026-08-12,0.702,0.479,0.984,0.604,0.805,rt,
nyankunde,2026-08-13,0.706,0.488,0.974,0.607,0.808,rt,
nyankunde,2026-08-14,0.709,0.488,0.982,0.612,0.81,rt,
nyankunde,2026-08-15,0.711,0.481,1.002,0.61,0.815,rt,
nyankunde,2026-08-16,0.708,0.467,1.028,0.608,0.821,rt,
nyankunde,2026-08-17,0.713,0.458,1.078,0.6,0.841,rt,
nyankunde,2026-08-18,0.72,0.474,1.055,0.613,0.841,rt,
nyankunde,2026-08-19,0.723,0.486,1.052,0.618,0.847,rt,
nyankunde,2026-08-20,0.729,0.495,1.046,0.623,0.856,rt,
nyankunde,2026-08-21,0.734,0.499,1.059,0.627,0.869,rt,
nyankunde,2026-08-22,0.744,0.5,1.08,0.632,0.887,rt,
nyankunde,2026-08-23,0.751,0.495,1.114,0.632,0.897,rt,
nyankunde,2026-08-24,0.763,0.485,1.17,0.632,0.913,rt,
nyankunde,2026-08-25,0.776,0.513,1.174,0.657,0.93,rt,
nyankunde,2026-08-26,0.791,0.53,1.167,0.68,0.937,rt,
nyankunde,2026-08-27,0.808,0.543,1.194,0.693,0.951,rt,
nyankunde,2026-08-28,0.829,0.56,1.205,0.711,0.969,rt,
nyankunde,2026-08-29,0.848,0.564,1.23,0.72,0.994,rt,
nyankunde,2026-08-30,0.855,0.559,1.27,0.724,1.018,rt,
nyankunde,2026-08-31,0.859,0.545,1.307,0.717,1.031,rt,
nyankunde,2026-09-01,0.882,0.571,1.3,0.747,1.043,rt,
nyankunde,2026-09-02,0.909,0.588,1.324,0.769,1.063,rt,
nyankunde,2026-09-03,0.929,0.606,1.343,0.791,1.085,rt,
nyankunde,2026-09-04,0.946,0.612,1.389,0.804,1.105,rt,
nyankunde,2026-09-05,0.96,0.615,1.432,0.81,1.127,rt,
nyankunde,2026-09-06,0.968,0.616,1.475,0.813,1.154,rt,
nyankunde,2026-09-07,0.959,0.605,1.52,0.796,1.161,rt,
nyankunde,2026-09-08,0.96,0.608,1.471,0.795,1.142,rt,
nyankunde,2026-09-09,0.953,0.611,1.455,0.784,1.133,rt,
nyankunde,2026-09-10,0.946,0.609,1.448,0.774,1.116,rt,
nyankunde,2026-09-11,0.93,0.591,1.431,0.759,1.1,rt,
nyankunde,2026-09-12,0.907,0.573,1.422,0.737,1.083,rt,
nyankunde,2026-09-13,0.889,0.541,1.447,0.716,1.063,rt,
nyankunde,2026-09-14,0.86,0.508,1.457,0.694,1.051,rt,
nyankunde,2026-09-15,0.849,0.511,1.413,0.691,1.044,rt,
nyankunde,2026-09-16,0.846,0.515,1.376,0.688,1.026,rt,
nyankunde,2026-09-17,0.831,0.507,1.365,0.678,1.017,rt,
nyankunde,2026-09-18,0.829,0.499,1.376,0.67,1.018,rt,
nyankunde,2026-09-19,0.822,0.493,1.406,0.659,1.021,rt,
nyankunde,2026-09-20,0.812,0.482,1.434,0.641,1.027,rt,
nyankunde,2026-09-21,0.812,0.468,1.49,0.631,1.041,rt,
nyankunde,2026-09-22,0.813,0.474,1.473,0.634,1.034,rt,
nyankunde,2026-09-23,0.815,0.471,1.47,0.628,1.042,rt,
nyankunde,2026-09-24,0.811,0.467,1.48,0.622,1.043,rt,
nyankunde,2026-09-25,0.803,0.452,1.491,0.612,1.033,rt,
nyankunde,2026-09-26,0.794,0.431,1.513,0.601,1.037,rt,
nyankunde,2026-09-27,0.786,0.412,1.527,0.59,1.035,rt,
nyankunde,2026-09-28,0.764,0.392,1.573,0.572,1.034,rt,
nyankunde,2026-09-29,0.764,0.385,1.559,0.57,1.026,rt,
nyankunde,2026-09-30,0.764,0.384,1.555,0.566,1.016,rt,
nyankunde,2026-10-01,0.76,0.376,1.535,0.564,1.018,rt,
nyankunde,2026-10-02,0.753,0.371,1.543,0.556,1.014,rt,
nyankunde,2026-10-03,0.742,0.356,1.572,0.548,1.007,rt,
nyankunde,2026-10-04,0.735,0.348,1.612,0.541,1.008,rt,
nyankunde,2026-10-05,0.721,0.331,1.645,0.53,1.007,rt,
nyankunde,2026-10-06,0.742,0.326,1.726,0.532,1.028,rt,
rimba,2026-07-18,1.142,1.027,1.266,1.094,1.189,rt,
rimba,2026-07-19,1.137,1.013,1.27,1.086,1.184,rt,
rimba,2026-07-20,1.131,0.997,1.276,1.078,1.182,rt,
rimba,2026-07-21,1.125,1.001,1.262,1.076,1.174,rt,
rimba,2026-07-22,1.119,1.0,1.247,1.073,1.167,rt,
rimba,2026-07-23,1.112,0.993,1.239,1.065,1.161,rt,
rimba,2026-07-24,1.108,0.993,1.223,1.062,1.154,rt,
rimba,2026-07-25,1.101,0.987,1.214,1.054,1.149,rt,
rimba,2026-07-26,1.092,0.977,1.211,1.043,1.143,rt,
rimba,2026-07-27,1.087,0.963,1.214,1.036,1.141,rt,
rimba,2026-07-28,1.085,0.968,1.204,1.035,1.133,rt,
rimba,2026-07-29,1.08,0.967,1.197,1.034,1.126,rt,
rimba,2026-07-30,1.074,0.961,1.196,1.029,1.12,rt,
rimba,2026-07-31,1.066,0.953,1.184,1.021,1.109,rt,
rimba,2026-08-01,1.055,0.939,1.172,1.01,1.099,rt,
rimba,2026-08-02,1.043,0.921,1.164,0.996,1.09,rt,
rimba,2026-08-03,1.026,0.897,1.154,0.974,1.076,rt,
rimba,2026-08-04,1.019,0.895,1.14,0.971,1.07,rt,
rimba,2026-08-05,1.013,0.893,1.134,0.966,1.063,rt,
rimba,2026-08-06,1.007,0.887,1.131,0.958,1.057,rt,
rimba,2026-08-07,0.995,0.88,1.108,0.951,1.043,rt,
rimba,2026-08-08,0.983,0.868,1.092,0.939,1.031,rt,
rimba,2026-08-09,0.97,0.853,1.081,0.924,1.018,rt,
rimba,2026-08-10,0.951,0.83,1.063,0.901,1.0,rt,
rimba,2026-08-11,0.942,0.831,1.049,0.896,0.989,rt,
rimba,2026-08-12,0.934,0.825,1.038,0.892,0.978,rt,
rimba,2026-08-13,0.926,0.819,1.027,0.884,0.968,rt,
rimba,2026-08-14,0.915,0.816,1.01,0.875,0.956,rt,
rimba,2026-08-15,0.904,0.805,0.998,0.862,0.941,rt,
rimba,2026-08-16,0.892,0.792,0.99,0.849,0.929,rt,
rimba,2026-08-17,0.887,0.785,0.989,0.845,0.927,rt,
rimba,2026-08-18,0.888,0.79,0.989,0.847,0.928,rt,
rimba,2026-08-19,0.888,0.789,0.991,0.85,0.929,rt,
rimba,2026-08-20,0.887,0.789,0.994,0.85,0.929,rt,
rimba,2026-08-21,0.893,0.801,0.995,0.856,0.932,rt,
rimba,2026-08-22,0.896,0.801,0.996,0.858,0.935,rt,
rimba,2026-08-23,0.898,0.799,0.995,0.86,0.937,rt,
rimba,2026-08-24,0.906,0.798,1.009,0.865,0.949,rt,
rimba,2026-08-25,0.922,0.818,1.023,0.881,0.964,rt,
rimba,2026-08-26,0.938,0.831,1.037,0.898,0.98,rt,
rimba,2026-08-27,0.952,0.842,1.056,0.91,0.995,rt,
rimba,2026-08-28,0.968,0.861,1.07,0.928,1.01,rt,
rimba,2026-08-29,0.981,0.875,1.087,0.941,1.024,rt,
rimba,2026-08-30,0.993,0.882,1.099,0.949,1.036,rt,
rimba,2026-08-31,0.992,0.879,1.11,0.946,1.039,rt,
rimba,2026-09-01,1.005,0.892,1.119,0.958,1.049,rt,
rimba,2026-09-02,1.015,0.904,1.129,0.968,1.059,rt,
rimba,2026-09-03,1.022,0.909,1.14,0.975,1.069,rt,
rimba,2026-09-04,1.026,0.918,1.137,0.98,1.07,rt,
rimba,2026-09-05,1.025,0.917,1.137,0.98,1.068,rt,
rimba,2026-09-06,1.021,0.91,1.14,0.975,1.067,rt,
rimba,2026-09-07,1.002,0.888,1.125,0.954,1.053,rt,
rimba,2026-09-08,0.988,0.874,1.111,0.941,1.04,rt,
rimba,2026-09-09,0.973,0.856,1.098,0.926,1.025,rt,
rimba,2026-09-10,0.956,0.84,1.086,0.909,1.009,rt,
rimba,2026-09-11,0.935,0.819,1.062,0.888,0.984,rt,
rimba,2026-09-12,0.91,0.795,1.039,0.863,0.961,rt,
rimba,2026-09-13,0.885,0.764,1.02,0.834,0.937,rt,
rimba,2026-09-14,0.86,0.733,1.002,0.805,0.915,rt,
rimba,2026-09-15,0.851,0.726,0.995,0.795,0.907,rt,
rimba,2026-09-16,0.842,0.72,0.993,0.788,0.902,rt,
rimba,2026-09-17,0.834,0.712,0.99,0.779,0.898,rt,
rimba,2026-09-18,0.828,0.7,0.987,0.77,0.893,rt,
rimba,2026-09-19,0.822,0.685,0.988,0.76,0.888,rt,
rimba,2026-09-20,0.817,0.669,0.989,0.752,0.888,rt,
rimba,2026-09-21,0.816,0.658,1.008,0.747,0.894,rt,
rimba,2026-09-22,0.818,0.653,1.014,0.748,0.895,rt,
rimba,2026-09-23,0.816,0.644,1.022,0.745,0.897,rt,
rimba,2026-09-24,0.815,0.635,1.028,0.741,0.901,rt,
rimba,2026-09-25,0.813,0.627,1.037,0.737,0.902,rt,
rimba,2026-09-26,0.814,0.615,1.042,0.729,0.901,rt,
rimba,2026-09-27,0.81,0.597,1.054,0.719,0.904,rt,
rimba,2026-09-28,0.803,0.569,1.059,0.705,0.903,rt,
rimba,2026-09-29,0.799,0.564,1.062,0.7,0.902,rt,
rimba,2026-09-30,0.793,0.555,1.066,0.695,0.898,rt,
rimba,2026-10-01,0.789,0.547,1.07,0.685,0.902,rt,
rimba,2026-10-02,0.786,0.533,1.079,0.678,0.902,rt,
rimba,2026-10-03,0.783,0.519,1.097,0.667,0.905,rt,
rimba,2026-10-04,0.777,0.505,1.114,0.65,0.908,rt,
rimba,2026-10-05,0.77,0.485,1.147,0.638,0.914,rt,
rimba,2026-10-06,0.788,0.49,1.174,0.651,0.925,rt,
rwampara,2026-04-20,2.723,1.662,6.319,2.165,3.561,rt,
rwampara,2026-04-21,2.697,1.687,5.87,2.171,3.49,rt,
rwampara,2026-04-22,2.658,1.702,5.536,2.175,3.392,rt,
rwampara,2026-04-23,2.623,1.714,5.25,2.178,3.302,rt,
rwampara,2026-04-24,2.623,1.726,5.086,2.178,3.255,rt,
rwampara,2026-04-25,2.604,1.74,4.879,2.177,3.201,rt,
rwampara,2026-04-26,2.587,1.727,4.722,2.18,3.179,rt,
rwampara,2026-04-27,2.552,1.683,4.616,2.14,3.144,rt,
rwampara,2026-04-28,2.52,1.701,4.385,2.132,3.076,rt,
rwampara,2026-04-29,2.514,1.719,4.189,2.114,3.012,rt,
rwampara,2026-04-30,2.486,1.716,4.063,2.104,2.982,rt,
rwampara,2026-05-01,2.479,1.731,4.013,2.121,2.953,rt,
rwampara,2026-05-02,2.473,1.727,3.958,2.107,2.939,rt,
rwampara,2026-05-03,2.457,1.717,3.89,2.091,2.922,rt,
rwampara,2026-05-04,2.442,1.667,3.912,2.081,2.906,rt,
rwampara,2026-05-05,2.436,1.695,3.799,2.08,2.868,rt,
rwampara,2026-05-06,2.411,1.726,3.696,2.083,2.844,rt,
rwampara,2026-05-07,2.402,1.732,3.621,2.075,2.82,rt,
rwampara,2026-05-08,2.387,1.723,3.581,2.062,2.771,rt,
rwampara,2026-05-09,2.361,1.719,3.52,2.034,2.726,rt,
rwampara,2026-05-10,2.33,1.684,3.453,2.02,2.696,rt,
rwampara,2026-05-11,2.238,1.595,3.322,1.937,2.59,rt,
rwampara,2026-05-12,2.148,1.561,3.094,1.879,2.462,rt,
rwampara,2026-05-13,2.055,1.524,2.896,1.817,2.355,rt,
rwampara,2026-05-14,1.977,1.485,2.739,1.754,2.256,rt,
rwampara,2026-05-15,1.895,1.448,2.595,1.696,2.159,rt,
rwampara,2026-05-16,1.822,1.394,2.505,1.625,2.07,rt,
rwampara,2026-05-17,1.754,1.306,2.416,1.551,2.002,rt,
rwampara,2026-05-18,1.69,1.213,2.318,1.474,1.924,rt,
rwampara,2026-05-19,1.617,1.194,2.185,1.43,1.832,rt,
rwampara,2026-05-20,1.554,1.163,2.044,1.382,1.746,rt,
rwampara,2026-05-21,1.484,1.144,1.95,1.335,1.677,rt,
rwampara,2026-05-22,1.419,1.086,1.845,1.269,1.592,rt,
rwampara,2026-05-23,1.347,1.026,1.77,1.208,1.522,rt,
rwampara,2026-05-24,1.286,0.951,1.716,1.14,1.453,rt,
rwampara,2026-05-25,1.219,0.86,1.671,1.066,1.389,rt,
rwampara,2026-05-26,1.212,0.876,1.605,1.066,1.357,rt,
rwampara,2026-05-27,1.199,0.907,1.562,1.064,1.339,rt,
rwampara,2026-05-28,1.193,0.915,1.53,1.076,1.326,rt,
rwampara,2026-05-29,1.194,0.913,1.504,1.072,1.312,rt,
rwampara,2026-05-30,1.189,0.916,1.492,1.071,1.312,rt,
rwampara,2026-05-31,1.193,0.889,1.496,1.059,1.315,rt,
rwampara,2026-06-01,1.19,0.859,1.535,1.05,1.328,rt,
rwampara,2026-06-02,1.237,0.941,1.547,1.109,1.36,rt,
rwampara,2026-06-03,1.281,1.009,1.563,1.161,1.39,rt,
rwampara,2026-06-04,1.323,1.074,1.583,1.211,1.429,rt,
rwampara,2026-06-05,1.362,1.126,1.627,1.256,1.464,rt,
rwampara,2026-06-06,1.392,1.149,1.683,1.295,1.501,rt,
rwampara,2026-06-07,1.417,1.16,1.742,1.314,1.541,rt,
rwampara,2026-06-08,1.441,1.159,1.807,1.322,1.579,rt,
rwampara,2026-06-09,1.431,1.17,1.748,1.32,1.545,rt,
rwampara,2026-06-10,1.416,1.179,1.694,1.314,1.517,rt,
rwampara,2026-06-11,1.397,1.181,1.654,1.302,1.493,rt,
rwampara,2026-06-12,1.376,1.163,1.633,1.286,1.473,rt,
rwampara,2026-06-13,1.358,1.138,1.621,1.262,1.454,rt,
rwampara,2026-06-14,1.334,1.102,1.616,1.233,1.439,rt,
rwampara,2026-06-15,1.314,1.05,1.632,1.204,1.432,rt,
rwampara,2026-06-16,1.275,1.046,1.543,1.178,1.373,rt,
rwampara,2026-06-17,1.233,1.026,1.468,1.148,1.328,rt,
rwampara,2026-06-18,1.198,0.998,1.404,1.116,1.285,rt,
rwampara,2026-06-19,1.16,0.967,1.365,1.082,1.237,rt,
rwampara,2026-06-20,1.119,0.921,1.331,1.045,1.2,rt,
rwampara,2026-06-21,1.081,0.88,1.309,1.002,1.168,rt,
rwampara,2026-06-22,1.059,0.833,1.308,0.966,1.149,rt,
rwampara,2026-06-23,1.065,0.866,1.29,0.983,1.147,rt,
rwampara,2026-06-24,1.075,0.894,1.274,1.001,1.15,rt,
rwampara,2026-06-25,1.083,0.907,1.27,1.012,1.156,rt,
rwampara,2026-06-26,1.093,0.922,1.275,1.02,1.163,rt,
rwampara,2026-06-27,1.104,0.925,1.288,1.023,1.176,rt,
rwampara,2026-06-28,1.112,0.909,1.322,1.02,1.192,rt,
rwampara,2026-06-29,1.096,0.869,1.34,0.999,1.191,rt,
rwampara,2026-06-30,1.1,0.899,1.321,1.013,1.182,rt,
rwampara,2026-07-01,1.105,0.929,1.316,1.031,1.185,rt,
rwampara,2026-07-02,1.112,0.944,1.314,1.043,1.19,rt,
rwampara,2026-07-03,1.127,0.957,1.32,1.054,1.202,rt,
rwampara,2026-07-04,1.138,0.96,1.346,1.062,1.213,rt,
rwampara,2026-07-05,1.148,0.949,1.383,1.066,1.232,rt,
rwampara,2026-07-06,1.161,0.94,1.437,1.07,1.261,rt,
rwampara,2026-07-07,1.164,0.961,1.407,1.08,1.249,rt,
rwampara,2026-07-08,1.169,0.982,1.377,1.088,1.244,rt,
rwampara,2026-07-09,1.168,1.0,1.364,1.095,1.246,rt,
rwampara,2026-07-10,1.169,0.997,1.368,1.096,1.25,rt,
rwampara,2026-07-11,1.17,0.989,1.39,1.096,1.252,rt,
rwampara,2026-07-12,1.169,0.962,1.423,1.089,1.263,rt,
rwampara,2026-07-13,1.16,0.926,1.45,1.07,1.267,rt,
rwampara,2026-07-14,1.14,0.94,1.386,1.056,1.232,rt,
rwampara,2026-07-15,1.119,0.939,1.338,1.043,1.205,rt,
rwampara,2026-07-16,1.097,0.923,1.296,1.023,1.177,rt,
rwampara,2026-07-17,1.074,0.908,1.276,1.004,1.152,rt,
rwampara,2026-07-18,1.053,0.876,1.254,0.977,1.135,rt,
rwampara,2026-07-19,1.025,0.834,1.244,0.948,1.117,rt,
rwampara,2026-07-20,1.001,0.789,1.255,0.915,1.107,rt,
rwampara,2026-07-21,0.978,0.788,1.202,0.902,1.07,rt,
rwampara,2026-07-22,0.956,0.783,1.157,0.882,1.033,rt,
rwampara,2026-07-23,0.932,0.77,1.115,0.861,1.0,rt,
rwampara,2026-07-24,0.905,0.754,1.085,0.839,0.974,rt,
rwampara,2026-07-25,0.88,0.723,1.064,0.815,0.951,rt,
rwampara,2026-07-26,0.857,0.686,1.056,0.784,0.93,rt,
rwampara,2026-07-27,0.834,0.648,1.053,0.756,0.916,rt,
rwampara,2026-07-28,0.823,0.656,1.011,0.754,0.895,rt,
rwampara,2026-07-29,0.808,0.655,0.976,0.75,0.877,rt,
rwampara,2026-07-30,0.795,0.65,0.949,0.741,0.859,rt,
rwampara,2026-07-31,0.779,0.639,0.928,0.725,0.84,rt,
rwampara,2026-08-01,0.764,0.619,0.92,0.706,0.824,rt,
rwampara,2026-08-02,0.745,0.592,0.918,0.68,0.811,rt,
rwampara,2026-08-03,0.723,0.562,0.915,0.651,0.795,rt,
rwampara,2026-08-04,0.718,0.571,0.89,0.654,0.781,rt,
rwampara,2026-08-05,0.712,0.575,0.874,0.653,0.771,rt,
rwampara,2026-08-06,0.706,0.572,0.86,0.647,0.764,rt,
rwampara,2026-08-07,0.696,0.561,0.846,0.637,0.753,rt,
rwampara,2026-08-08,0.685,0.545,0.842,0.624,0.744,rt,
rwampara,2026-08-09,0.672,0.522,0.84,0.608,0.738,rt,
rwampara,2026-08-10,0.657,0.495,0.843,0.587,0.731,rt,
rwampara,2026-08-11,0.655,0.51,0.821,0.593,0.723,rt,
rwampara,2026-08-12,0.653,0.52,0.812,0.599,0.716,rt,
rwampara,2026-08-13,0.653,0.523,0.805,0.6,0.712,rt,
rwampara,2026-08-14,0.651,0.519,0.798,0.596,0.708,rt,
rwampara,2026-08-15,0.648,0.512,0.798,0.591,0.709,rt,
rwampara,2026-08-16,0.643,0.498,0.808,0.584,0.712,rt,
rwampara,2026-08-17,0.646,0.484,0.833,0.581,0.724,rt,
rwampara,2026-08-18,0.658,0.51,0.822,0.595,0.725,rt,
rwampara,2026-08-19,0.666,0.529,0.829,0.609,0.733,rt,
rwampara,2026-08-20,0.677,0.546,0.831,0.621,0.741,rt,
rwampara,2026-08-21,0.691,0.558,0.844,0.637,0.754,rt,
rwampara,2026-08-22,0.704,0.561,0.871,0.645,0.77,rt,
rwampara,2026-08-23,0.715,0.556,0.9,0.655,0.786,rt,
rwampara,2026-08-24,0.731,0.548,0.942,0.661,0.814,rt,
rwampara,2026-08-25,0.758,0.584,0.949,0.69,0.833,rt,
rwampara,2026-08-26,0.785,0.616,0.961,0.719,0.852,rt,
rwampara,2026-08-27,0.81,0.644,0.979,0.74,0.873,rt,
rwampara,2026-08-28,0.832,0.666,1.005,0.766,0.902,rt,
rwampara,2026-08-29,0.854,0.678,1.042,0.787,0.93,rt,
rwampara,2026-08-30,0.874,0.683,1.094,0.799,0.96,rt,
rwampara,2026-08-31,0.885,0.676,1.136,0.802,0.982,rt,
rwampara,2026-09-01,0.914,0.723,1.138,0.833,1.002,rt,
rwampara,2026-09-02,0.943,0.76,1.156,0.862,1.022,rt,
rwampara,2026-09-03,0.971,0.791,1.174,0.893,1.05,rt,
rwampara,2026-09-04,0.992,0.812,1.196,0.913,1.072,rt,
rwampara,2026-09-05,1.008,0.821,1.246,0.927,1.095,rt,
rwampara,2026-09-06,1.024,0.812,1.298,0.936,1.122,rt,
rwampara,2026-09-07,1.02,0.786,1.334,0.923,1.138,rt,
rwampara,2026-09-08,1.022,0.801,1.304,0.933,1.127,rt,
rwampara,2026-09-09,1.021,0.811,1.28,0.936,1.118,rt,
rwampara,2026-09-10,1.015,0.808,1.278,0.933,1.11,rt,
rwampara,2026-09-11,1.001,0.805,1.266,0.917,1.1,rt,
rwampara,2026-09-12,0.985,0.783,1.249,0.895,1.091,rt,
rwampara,2026-09-13,0.966,0.75,1.256,0.869,1.084,rt,
rwampara,2026-09-14,0.945,0.705,1.275,0.837,1.077,rt,
rwampara,2026-09-15,0.949,0.718,1.247,0.846,1.065,rt,
rwampara,2026-09-16,0.951,0.727,1.24,0.847,1.061,rt,
rwampara,2026-09-17,0.952,0.73,1.24,0.849,1.064,rt,
rwampara,2026-09-18,0.954,0.726,1.253,0.849,1.073,rt,
rwampara,2026-09-19,0.958,0.707,1.28,0.846,1.089,rt,
rwampara,2026-09-20,0.957,0.684,1.336,0.838,1.101,rt,
rwampara,2026-09-21,0.969,0.652,1.402,0.836,1.138,rt,
rwampara,2026-09-22,0.957,0.651,1.377,0.83,1.123,rt,
rwampara,2026-09-23,0.947,0.642,1.371,0.814,1.113,rt,
rwampara,2026-09-24,0.935,0.623,1.39,0.797,1.115,rt,
rwampara,2026-09-25,0.925,0.597,1.393,0.774,1.109,rt,
rwampara,2026-09-26,0.918,0.56,1.398,0.752,1.105,rt,
rwampara,2026-09-27,0.896,0.519,1.42,0.721,1.1,rt,
rwampara,2026-09-28,0.882,0.486,1.443,0.693,1.089,rt,
rwampara,2026-09-29,0.87,0.47,1.435,0.681,1.083,rt,
rwampara,2026-09-30,0.862,0.458,1.425,0.673,1.071,rt,
rwampara,2026-10-01,0.846,0.44,1.428,0.663,1.057,rt,
rwampara,2026-10-02,0.837,0.425,1.441,0.641,1.052,rt,
rwampara,2026-10-03,0.822,0.407,1.469,0.622,1.053,rt,
rwampara,2026-10-04,0.805,0.383,1.505,0.598,1.057,rt,
rwampara,2026-10-05,0.796,0.354,1.535,0.578,1.063,rt,
rwampara,2026-10-06,0.79,0.32,1.6,0.552,1.061,rt,
tchomia,2026-06-08,2.265,1.514,3.544,1.883,2.742,rt,
tchomia,2026-06-09,2.22,1.519,3.326,1.866,2.629,rt,
tchomia,2026-06-10,2.155,1.506,3.194,1.849,2.543,rt,
tchomia,2026-06-11,2.095,1.463,3.057,1.809,2.449,rt,
tchomia,2026-06-12,2.031,1.433,2.951,1.757,2.377,rt,
tchomia,2026-06-13,1.979,1.378,2.906,1.7,2.314,rt,
tchomia,2026-06-14,1.925,1.317,2.851,1.64,2.263,rt,
tchomia,2026-06-15,1.862,1.246,2.842,1.575,2.211,rt,
tchomia,2026-06-16,1.784,1.225,2.602,1.527,2.087,rt,
tchomia,2026-06-17,1.71,1.204,2.457,1.47,1.979,rt,
tchomia,2026-06-18,1.621,1.159,2.312,1.419,1.873,rt,
tchomia,2026-06-19,1.547,1.117,2.185,1.354,1.781,rt,
tchomia,2026-06-20,1.473,1.059,2.107,1.279,1.699,rt,
tchomia,2026-06-21,1.408,0.978,2.035,1.205,1.645,rt,
tchomia,2026-06-22,1.363,0.903,2.01,1.145,1.609,rt,
tchomia,2026-06-23,1.341,0.929,1.925,1.148,1.561,rt,
tchomia,2026-06-24,1.327,0.934,1.834,1.15,1.533,rt,
tchomia,2026-06-25,1.31,0.937,1.767,1.144,1.503,rt,
tchomia,2026-06-26,1.287,0.938,1.732,1.138,1.478,rt,
tchomia,2026-06-27,1.271,0.926,1.721,1.118,1.457,rt,
tchomia,2026-06-28,1.254,0.893,1.732,1.096,1.441,rt,
tchomia,2026-06-29,1.21,0.834,1.73,1.048,1.4,rt,
tchomia,2026-06-30,1.184,0.845,1.641,1.03,1.353,rt,
tchomia,2026-07-01,1.16,0.845,1.578,1.015,1.31,rt,
tchomia,2026-07-02,1.135,0.831,1.529,1.0,1.284,rt,
tchomia,2026-07-03,1.112,0.812,1.501,0.981,1.263,rt,
tchomia,2026-07-04,1.091,0.783,1.485,0.956,1.24,rt,
tchomia,2026-07-05,1.068,0.745,1.483,0.928,1.225,rt,
tchomia,2026-07-06,1.054,0.705,1.528,0.901,1.219,rt,
tchomia,2026-07-07,1.042,0.719,1.464,0.906,1.194,rt,
tchomia,2026-07-08,1.032,0.739,1.417,0.901,1.17,rt,
tchomia,2026-07-09,1.021,0.733,1.381,0.896,1.152,rt,
tchomia,2026-07-10,1.01,0.724,1.358,0.886,1.139,rt,
tchomia,2026-07-11,1.0,0.713,1.352,0.875,1.131,rt,
tchomia,2026-07-12,0.988,0.688,1.363,0.862,1.12,rt,
tchomia,2026-07-13,0.966,0.654,1.367,0.84,1.11,rt,
tchomia,2026-07-14,0.962,0.681,1.31,0.844,1.094,rt,
tchomia,2026-07-15,0.955,0.697,1.278,0.849,1.086,rt,
tchomia,2026-07-16,0.949,0.708,1.255,0.842,1.075,rt,
tchomia,2026-07-17,0.943,0.705,1.259,0.839,1.07,rt,
tchomia,2026-07-18,0.933,0.68,1.279,0.83,1.061,rt,
tchomia,2026-07-19,0.927,0.652,1.307,0.812,1.066,rt,
tchomia,2026-07-20,0.922,0.623,1.339,0.794,1.07,rt,
tchomia,2026-07-21,0.928,0.649,1.3,0.805,1.051,rt,
tchomia,2026-07-22,0.923,0.671,1.283,0.809,1.046,rt,
tchomia,2026-07-23,0.917,0.683,1.253,0.812,1.042,rt,
tchomia,2026-07-24,0.915,0.682,1.245,0.813,1.041,rt,
tchomia,2026-07-25,0.91,0.674,1.249,0.808,1.039,rt,
tchomia,2026-07-26,0.906,0.66,1.274,0.8,1.042,rt,
tchomia,2026-07-27,0.904,0.634,1.313,0.786,1.055,rt,
tchomia,2026-07-28,0.916,0.659,1.271,0.806,1.055,rt,
tchomia,2026-07-29,0.926,0.67,1.25,0.821,1.055,rt,
tchomia,2026-07-30,0.939,0.677,1.241,0.832,1.059,rt,
tchomia,2026-07-31,0.941,0.676,1.23,0.832,1.062,rt,
tchomia,2026-08-01,0.943,0.666,1.251,0.824,1.076,rt,
tchomia,2026-08-02,0.94,0.652,1.275,0.815,1.085,rt,
tchomia,2026-08-03,0.936,0.629,1.313,0.8,1.084,rt,
tchomia,2026-08-04,0.931,0.649,1.279,0.807,1.069,rt,
tchomia,2026-08-05,0.928,0.673,1.26,0.811,1.054,rt,
tchomia,2026-08-06,0.924,0.674,1.25,0.818,1.049,rt,
tchomia,2026-08-07,0.917,0.671,1.247,0.806,1.037,rt,
tchomia,2026-08-08,0.909,0.654,1.263,0.793,1.035,rt,
tchomia,2026-08-09,0.9,0.627,1.281,0.778,1.035,rt,
tchomia,2026-08-10,0.881,0.588,1.277,0.756,1.03,rt,
tchomia,2026-08-11,0.873,0.599,1.229,0.76,1.011,rt,
tchomia,2026-08-12,0.868,0.598,1.185,0.763,0.993,rt,
tchomia,2026-08-13,0.861,0.603,1.145,0.753,0.98,rt,
tchomia,2026-08-14,0.847,0.598,1.14,0.74,0.961,rt,
tchomia,2026-08-15,0.837,0.593,1.146,0.729,0.946,rt,
tchomia,2026-08-16,0.823,0.571,1.158,0.708,0.94,rt,
tchomia,2026-08-17,0.814,0.552,1.181,0.695,0.943,rt,
tchomia,2026-08-18,0.818,0.563,1.159,0.703,0.941,rt,
tchomia,2026-08-19,0.816,0.571,1.135,0.711,0.934,rt,
tchomia,2026-08-20,0.817,0.575,1.129,0.713,0.934,rt,
tchomia,2026-08-21,0.822,0.58,1.134,0.715,0.937,rt,
tchomia,2026-08-22,0.821,0.569,1.155,0.715,0.939,rt,
tchomia,2026-08-23,0.823,0.555,1.178,0.709,0.943,rt,
tchomia,2026-08-24,0.83,0.549,1.219,0.703,0.962,rt,
tchomia,2026-08-25,0.824,0.556,1.173,0.706,0.946,rt,
tchomia,2026-08-26,0.818,0.561,1.136,0.707,0.933,rt,
tchomia,2026-08-27,0.806,0.559,1.125,0.702,0.925,rt,
tchomia,2026-08-28,0.8,0.552,1.121,0.693,0.917,rt,
tchomia,2026-08-29,0.792,0.539,1.128,0.679,0.913,rt,
tchomia,2026-08-30,0.786,0.515,1.148,0.661,0.912,rt,
tchomia,2026-08-31,0.761,0.487,1.15,0.63,0.903,rt,
tchomia,2026-09-01,0.747,0.491,1.103,0.63,0.878,rt,
tchomia,2026-09-02,0.735,0.492,1.06,0.626,0.852,rt,
tchomia,2026-09-03,0.719,0.484,1.046,0.614,0.83,rt,
tchomia,2026-09-04,0.703,0.478,1.022,0.596,0.811,rt,
tchomia,2026-09-05,0.678,0.456,0.997,0.577,0.796,rt,
tchomia,2026-09-06,0.656,0.433,0.983,0.555,0.781,rt,
tchomia,2026-09-07,0.627,0.399,0.957,0.524,0.757,rt,
tchomia,2026-09-08,0.615,0.399,0.913,0.519,0.735,rt,
tchomia,2026-09-09,0.605,0.396,0.885,0.51,0.716,rt,
tchomia,2026-09-10,0.591,0.384,0.862,0.501,0.696,rt,
tchomia,2026-09-11,0.573,0.37,0.838,0.487,0.673,rt,
tchomia,2026-09-12,0.557,0.352,0.83,0.468,0.653,rt,
tchomia,2026-09-13,0.54,0.327,0.812,0.447,0.639,rt,
tchomia,2026-09-14,0.521,0.303,0.807,0.427,0.626,rt,
tchomia,2026-09-15,0.52,0.311,0.809,0.428,0.623,rt,
tchomia,2026-09-16,0.523,0.315,0.828,0.432,0.627,rt,
tchomia,2026-09-17,0.526,0.319,0.831,0.433,0.632,rt,
tchomia,2026-09-18,0.528,0.316,0.843,0.431,0.645,rt,
tchomia,2026-09-19,0.531,0.313,0.868,0.43,0.653,rt,
tchomia,2026-09-20,0.533,0.306,0.908,0.428,0.665,rt,
tchomia,2026-09-21,0.543,0.304,0.965,0.431,0.686,rt,
tchomia,2026-09-22,0.547,0.31,0.952,0.434,0.689,rt,
tchomia,2026-09-23,0.551,0.311,0.967,0.436,0.693,rt,
tchomia,2026-09-24,0.555,0.31,0.979,0.437,0.698,rt,
tchomia,2026-09-25,0.562,0.309,1.0,0.437,0.703,rt,
tchomia,2026-09-26,0.564,0.306,1.03,0.433,0.716,rt,
tchomia,2026-09-27,0.562,0.295,1.071,0.427,0.722,rt,
tchomia,2026-09-28,0.561,0.286,1.123,0.421,0.725,rt,
tchomia,2026-09-29,0.561,0.285,1.126,0.422,0.735,rt,
tchomia,2026-09-30,0.559,0.288,1.114,0.424,0.734,rt,
tchomia,2026-10-01,0.558,0.288,1.094,0.425,0.741,rt,
tchomia,2026-10-02,0.559,0.284,1.11,0.425,0.75,rt,
tchomia,2026-10-03,0.562,0.272,1.135,0.421,0.755,rt,
tchomia,2026-10-04,0.561,0.263,1.168,0.416,0.767,rt,
tchomia,2026-10-05,0.563,0.249,1.216,0.413,0.778,rt,
tchomia,2026-10-06,0.593,0.249,1.373,0.432,0.831,rt,
alimbongo,2026-09-16,1.06,0.911,1.229,0.995,1.125,rt,
alimbongo,2026-09-17,1.083,0.922,1.267,1.014,1.152,rt,
alimbongo,2026-09-18,1.098,0.929,1.292,1.029,1.168,rt,
alimbongo,2026-09-19,1.109,0.933,1.322,1.039,1.187,rt,
alimbongo,2026-09-20,1.123,0.931,1.359,1.045,1.209,rt,
alimbongo,2026-09-21,1.139,0.932,1.395,1.05,1.237,rt,
alimbongo,2026-09-22,1.15,0.929,1.431,1.051,1.26,rt,
alimbongo,2026-09-23,1.162,0.926,1.464,1.052,1.282,rt,
alimbongo,2026-09-24,1.173,0.918,1.499,1.052,1.299,rt,
alimbongo,2026-09-25,1.18,0.916,1.528,1.054,1.317,rt,
alimbongo,2026-09-26,1.188,0.906,1.554,1.056,1.335,rt,
alimbongo,2026-09-27,1.193,0.896,1.584,1.056,1.356,rt,
alimbongo,2026-09-28,1.18,0.87,1.596,1.041,1.352,rt,
alimbongo,2026-09-29,1.173,0.853,1.607,1.028,1.35,rt,
alimbongo,2026-09-30,1.166,0.834,1.616,1.014,1.346,rt,
alimbongo,2026-10-01,1.16,0.815,1.622,1.001,1.343,rt,
alimbongo,2026-10-02,1.153,0.797,1.628,0.987,1.341,rt,
alimbongo,2026-10-03,1.147,0.777,1.648,0.977,1.34,rt,
alimbongo,2026-10-04,1.14,0.751,1.685,0.961,1.35,rt,
alimbongo,2026-10-05,1.121,0.709,1.705,0.931,1.336,rt,
alimbongo,2026-10-06,1.107,0.72,1.639,0.935,1.308,rt,
beni,2026-05-27,2.349,1.689,3.323,2.051,2.718,rt,
beni,2026-05-28,2.276,1.634,3.207,1.99,2.615,rt,
beni,2026-05-29,2.184,1.588,3.079,1.92,2.495,rt,
beni,2026-05-30,2.104,1.519,2.925,1.845,2.394,rt,
beni,2026-05-31,2.031,1.457,2.831,1.761,2.307,rt,
beni,2026-06-01,1.961,1.385,2.784,1.69,2.245,rt,
beni,2026-06-02,1.902,1.352,2.648,1.64,2.156,rt,
beni,2026-06-03,1.843,1.324,2.523,1.597,2.082,rt,
beni,2026-06-04,1.785,1.291,2.424,1.554,2.013,rt,
beni,2026-06-05,1.715,1.257,2.313,1.509,1.925,rt,
beni,2026-06-06,1.657,1.217,2.218,1.46,1.846,rt,
beni,2026-06-07,1.59,1.161,2.159,1.406,1.784,rt,
beni,2026-06-08,1.547,1.118,2.128,1.359,1.745,rt,
beni,2026-06-09,1.5,1.101,2.021,1.329,1.682,rt,
beni,2026-06-10,1.464,1.08,1.924,1.3,1.63,rt,
beni,2026-06-11,1.421,1.068,1.86,1.262,1.583,rt,
beni,2026-06-12,1.38,1.056,1.782,1.223,1.528,rt,
beni,2026-06-13,1.333,1.021,1.738,1.19,1.479,rt,
beni,2026-06-14,1.291,0.979,1.71,1.153,1.439,rt,
beni,2026-06-15,1.257,0.942,1.702,1.126,1.423,rt,
beni,2026-06-16,1.234,0.936,1.642,1.112,1.386,rt,
beni,2026-06-17,1.209,0.939,1.594,1.093,1.352,rt,
beni,2026-06-18,1.196,0.922,1.561,1.074,1.326,rt,
beni,2026-06-19,1.177,0.913,1.533,1.063,1.301,rt,
beni,2026-06-20,1.16,0.889,1.512,1.049,1.285,rt,
beni,2026-06-21,1.145,0.855,1.513,1.027,1.274,rt,
beni,2026-06-22,1.146,0.835,1.545,1.021,1.292,rt,
beni,2026-06-23,1.156,0.871,1.525,1.039,1.289,rt,
beni,2026-06-24,1.171,0.89,1.517,1.051,1.292,rt,
beni,2026-06-25,1.178,0.899,1.508,1.061,1.294,rt,
beni,2026-06-26,1.191,0.914,1.513,1.077,1.308,rt,
beni,2026-06-27,1.2,0.92,1.53,1.088,1.323,rt,
beni,2026-06-28,1.211,0.918,1.567,1.094,1.342,rt,
beni,2026-06-29,1.204,0.899,1.589,1.086,1.355,rt,
beni,2026-06-30,1.215,0.93,1.564,1.102,1.354,rt,
beni,2026-07-01,1.227,0.956,1.564,1.117,1.359,rt,
beni,2026-07-02,1.237,0.971,1.573,1.125,1.359,rt,
beni,2026-07-03,1.249,0.988,1.571,1.139,1.368,rt,
beni,2026-07-04,1.259,0.993,1.589,1.15,1.377,rt,
beni,2026-07-05,1.27,0.983,1.609,1.149,1.4,rt,
beni,2026-07-06,1.285,0.977,1.673,1.152,1.432,rt,
beni,2026-07-07,1.302,1.017,1.677,1.176,1.435,rt,
beni,2026-07-08,1.319,1.051,1.667,1.2,1.447,rt,
beni,2026-07-09,1.34,1.073,1.669,1.216,1.46,rt,
beni,2026-07-10,1.357,1.085,1.678,1.236,1.478,rt,
beni,2026-07-11,1.372,1.103,1.704,1.253,1.505,rt,
beni,2026-07-12,1.384,1.1,1.748,1.266,1.531,rt,
beni,2026-07-13,1.397,1.082,1.809,1.266,1.549,rt,
beni,2026-07-14,1.393,1.105,1.769,1.275,1.535,rt,
beni,2026-07-15,1.398,1.114,1.742,1.28,1.528,rt,
beni,2026-07-16,1.399,1.123,1.739,1.276,1.522,rt,
beni,2026-07-17,1.392,1.128,1.724,1.281,1.517,rt,
beni,2026-07-18,1.386,1.122,1.711,1.277,1.516,rt,
beni,2026-07-19,1.383,1.095,1.733,1.269,1.516,rt,
beni,2026-07-20,1.381,1.071,1.771,1.259,1.527,rt,
beni,2026-07-21,1.371,1.091,1.725,1.256,1.502,rt,
beni,2026-07-22,1.363,1.101,1.684,1.25,1.486,rt,
beni,2026-07-23,1.352,1.096,1.661,1.245,1.469,rt,
beni,2026-07-24,1.341,1.103,1.641,1.237,1.452,rt,
beni,2026-07-25,1.333,1.081,1.625,1.223,1.443,rt,
beni,2026-07-26,1.319,1.053,1.637,1.21,1.441,rt,
beni,2026-07-27,1.318,1.032,1.659,1.199,1.453,rt,
beni,2026-07-28,1.325,1.057,1.64,1.215,1.448,rt,
beni,2026-07-29,1.333,1.077,1.624,1.225,1.446,rt,
beni,2026-07-30,1.339,1.089,1.617,1.231,1.451,rt,
beni,2026-07-31,1.347,1.102,1.617,1.242,1.458,rt,
beni,2026-08-01,1.358,1.098,1.651,1.249,1.467,rt,
beni,2026-08-02,1.362,1.092,1.684,1.248,1.484,rt,
beni,2026-08-03,1.368,1.073,1.726,1.242,1.494,rt,
beni,2026-08-04,1.373,1.093,1.701,1.26,1.493,rt,
beni,2026-08-05,1.376,1.11,1.682,1.276,1.501,rt,
beni,2026-08-06,1.383,1.126,1.68,1.282,1.504,rt,
beni,2026-08-07,1.395,1.145,1.685,1.295,1.517,rt,
beni,2026-08-08,1.411,1.147,1.703,1.306,1.534,rt,
beni,2026-08-09,1.425,1.146,1.742,1.307,1.557,rt,
beni,2026-08-10,1.437,1.133,1.787,1.309,1.574,rt,
beni,2026-08-11,1.457,1.168,1.789,1.334,1.585,rt,
beni,2026-08-12,1.476,1.202,1.8,1.359,1.593,rt,
beni,2026-08-13,1.494,1.219,1.815,1.382,1.612,rt,
beni,2026-08-14,1.511,1.24,1.815,1.4,1.619,rt,
beni,2026-08-15,1.524,1.261,1.843,1.41,1.64,rt,
beni,2026-08-16,1.536,1.265,1.872,1.419,1.669,rt,
beni,2026-08-17,1.554,1.253,1.928,1.42,1.699,rt,
beni,2026-08-18,1.59,1.308,1.932,1.46,1.719,rt,
beni,2026-08-19,1.616,1.357,1.951,1.5,1.743,rt,
beni,2026-08-20,1.644,1.387,1.982,1.532,1.773,rt,
beni,2026-08-21,1.652,1.407,1.98,1.549,1.773,rt,
beni,2026-08-22,1.661,1.415,1.984,1.559,1.785,rt,
beni,2026-08-23,1.669,1.413,1.999,1.561,1.801,rt,
beni,2026-08-24,1.665,1.387,2.022,1.548,1.798,rt,
beni,2026-08-25,1.672,1.418,1.992,1.564,1.788,rt,
beni,2026-08-26,1.675,1.433,1.97,1.573,1.784,rt,
beni,2026-08-27,1.677,1.442,1.967,1.578,1.785,rt,
beni,2026-08-28,1.658,1.432,1.93,1.567,1.759,rt,
beni,2026-08-29,1.643,1.415,1.916,1.548,1.744,rt,
beni,2026-08-30,1.626,1.39,1.909,1.525,1.731,rt,
beni,2026-08-31,1.579,1.34,1.883,1.477,1.687,rt,
beni,2026-09-01,1.514,1.298,1.788,1.419,1.611,rt,
beni,2026-09-02,1.449,1.247,1.708,1.357,1.548,rt,
beni,2026-09-03,1.39,1.191,1.649,1.302,1.488,rt,
beni,2026-09-04,1.347,1.161,1.585,1.264,1.44,rt,
beni,2026-09-05,1.307,1.128,1.549,1.225,1.39,rt,
beni,2026-09-06,1.267,1.084,1.508,1.186,1.352,rt,
beni,2026-09-07,1.248,1.057,1.496,1.167,1.334,rt,
beni,2026-09-08,1.209,1.028,1.43,1.133,1.287,rt,
beni,2026-09-09,1.17,0.995,1.374,1.101,1.245,rt,
beni,2026-09-10,1.135,0.959,1.326,1.064,1.207,rt,
beni,2026-09-11,1.104,0.937,1.286,1.037,1.174,rt,
beni,2026-09-12,1.074,0.914,1.254,1.01,1.143,rt,
beni,2026-09-13,1.043,0.885,1.228,0.98,1.118,rt,
beni,2026-09-14,1.036,0.869,1.236,0.967,1.119,rt,
beni,2026-09-15,1.034,0.866,1.237,0.964,1.113,rt,
beni,2026-09-16,1.033,0.862,1.23,0.957,1.106,rt,
beni,2026-09-17,1.027,0.848,1.227,0.948,1.102,rt,
beni,2026-09-18,1.016,0.829,1.22,0.935,1.096,rt,
beni,2026-09-19,1.002,0.804,1.218,0.918,1.091,rt,
beni,2026-09-20,0.987,0.778,1.229,0.898,1.083,rt,
beni,2026-09-21,0.976,0.754,1.24,0.876,1.081,rt,
beni,2026-09-22,0.981,0.746,1.268,0.88,1.093,rt,
beni,2026-09-23,0.992,0.744,1.285,0.881,1.108,rt,
beni,2026-09-24,0.995,0.738,1.311,0.882,1.118,rt,
beni,2026-09-25,1.001,0.727,1.33,0.882,1.124,rt,
beni,2026-09-26,1.007,0.711,1.37,0.875,1.137,rt,
beni,2026-09-27,1.01,0.692,1.411,0.874,1.149,rt,
beni,2026-09-28,0.999,0.668,1.432,0.856,1.141,rt,
beni,2026-09-29,0.992,0.654,1.432,0.847,1.146,rt,
beni,2026-09-30,0.981,0.643,1.431,0.837,1.147,rt,
beni,2026-10-01,0.974,0.634,1.439,0.825,1.15,rt,
beni,2026-10-02,0.972,0.621,1.452,0.819,1.149,rt,
beni,2026-10-03,0.97,0.605,1.497,0.804,1.151,rt,
beni,2026-10-04,0.967,0.584,1.555,0.787,1.161,rt,
beni,2026-10-05,0.948,0.548,1.587,0.759,1.155,rt,
beni,2026-10-06,0.95,0.548,1.554,0.77,1.155,rt,
biena,2026-08-17,1.575,1.392,1.81,1.495,1.666,rt,
biena,2026-08-18,1.587,1.404,1.823,1.504,1.677,rt,
biena,2026-08-19,1.595,1.41,1.83,1.508,1.686,rt,
biena,2026-08-20,1.604,1.404,1.847,1.511,1.702,rt,
biena,2026-08-21,1.591,1.408,1.82,1.507,1.682,rt,
biena,2026-08-22,1.578,1.397,1.801,1.499,1.664,rt,
biena,2026-08-23,1.566,1.382,1.775,1.484,1.648,rt,
biena,2026-08-24,1.539,1.356,1.753,1.457,1.62,rt,
biena,2026-08-25,1.507,1.326,1.716,1.427,1.586,rt,
biena,2026-08-26,1.477,1.296,1.679,1.396,1.555,rt,
biena,2026-08-27,1.446,1.259,1.652,1.363,1.52,rt,
biena,2026-08-28,1.398,1.228,1.599,1.327,1.465,rt,
biena,2026-08-29,1.349,1.192,1.542,1.285,1.419,rt,
biena,2026-08-30,1.306,1.149,1.49,1.239,1.374,rt,
biena,2026-08-31,1.243,1.084,1.423,1.172,1.312,rt,
biena,2026-09-01,1.187,1.037,1.361,1.12,1.254,rt,
biena,2026-09-02,1.135,0.987,1.306,1.071,1.204,rt,
biena,2026-09-03,1.088,0.94,1.259,1.027,1.156,rt,
biena,2026-09-04,1.054,0.919,1.2,0.998,1.116,rt,
biena,2026-09-05,1.021,0.89,1.156,0.969,1.078,rt,
biena,2026-09-06,0.989,0.864,1.122,0.939,1.043,rt,
biena,2026-09-07,0.975,0.842,1.109,0.923,1.026,rt,
biena,2026-09-08,0.97,0.842,1.099,0.919,1.021,rt,
biena,2026-09-09,0.966,0.841,1.096,0.915,1.017,rt,
biena,2026-09-10,0.96,0.833,1.097,0.91,1.014,rt,
biena,2026-09-11,0.962,0.842,1.091,0.913,1.012,rt,
biena,2026-09-12,0.963,0.847,1.094,0.912,1.014,rt,
biena,2026-09-13,0.963,0.847,1.099,0.911,1.017,rt,
biena,2026-09-14,0.986,0.857,1.135,0.928,1.044,rt,
biena,2026-09-15,1.006,0.872,1.165,0.949,1.069,rt,
biena,2026-09-16,1.028,0.883,1.201,0.967,1.093,rt,
biena,2026-09-17,1.053,0.895,1.235,0.985,1.122,rt,
biena,2026-09-18,1.067,0.906,1.259,0.998,1.137,rt,
biena,2026-09-19,1.081,0.905,1.294,1.01,1.154,rt,
biena,2026-09-20,1.092,0.904,1.324,1.014,1.178,rt,
biena,2026-09-21,1.109,0.903,1.367,1.02,1.207,rt,
biena,2026-09-22,1.121,0.899,1.399,1.024,1.228,rt,
biena,2026-09-23,1.129,0.896,1.433,1.026,1.25,rt,
biena,2026-09-24,1.14,0.89,1.47,1.025,1.267,rt,
biena,2026-09-25,1.147,0.885,1.493,1.026,1.283,rt,
biena,2026-09-26,1.156,0.874,1.519,1.027,1.297,rt,
biena,2026-09-27,1.16,0.863,1.548,1.03,1.314,rt,
biena,2026-09-28,1.15,0.844,1.555,1.011,1.31,rt,
biena,2026-09-29,1.142,0.823,1.572,0.996,1.309,rt,
biena,2026-09-30,1.135,0.806,1.58,0.985,1.308,rt,
biena,2026-10-01,1.128,0.791,1.592,0.971,1.307,rt,
biena,2026-10-02,1.118,0.775,1.597,0.959,1.306,rt,
biena,2026-10-03,1.112,0.749,1.61,0.947,1.31,rt,
biena,2026-10-04,1.109,0.724,1.648,0.936,1.309,rt,
biena,2026-10-05,1.088,0.683,1.67,0.908,1.296,rt,
biena,2026-10-06,1.067,0.693,1.586,0.908,1.262,rt,
butembo,2026-05-28,2.744,2.066,3.784,2.439,3.119,rt,
butembo,2026-05-29,2.633,2.004,3.565,2.365,2.975,rt,
butembo,2026-05-30,2.532,1.938,3.379,2.282,2.831,rt,
butembo,2026-05-31,2.442,1.874,3.206,2.188,2.718,rt,
butembo,2026-06-01,2.352,1.801,3.1,2.113,2.618,rt,
butembo,2026-06-02,2.266,1.752,2.97,2.038,2.528,rt,
butembo,2026-06-03,2.191,1.693,2.843,1.963,2.438,rt,
butembo,2026-06-04,2.115,1.632,2.722,1.897,2.353,rt,
butembo,2026-06-05,2.022,1.577,2.578,1.822,2.23,rt,
butembo,2026-06-06,1.939,1.527,2.437,1.752,2.129,rt,
butembo,2026-06-07,1.856,1.475,2.348,1.692,2.042,rt,
butembo,2026-06-08,1.8,1.422,2.263,1.633,1.972,rt,
butembo,2026-06-09,1.749,1.39,2.182,1.584,1.906,rt,
butembo,2026-06-10,1.695,1.353,2.098,1.536,1.846,rt,
butembo,2026-06-11,1.639,1.316,2.037,1.491,1.794,rt,
butembo,2026-06-12,1.583,1.286,1.946,1.451,1.731,rt,
butembo,2026-06-13,1.529,1.248,1.863,1.411,1.671,rt,
butembo,2026-06-14,1.479,1.214,1.803,1.367,1.619,rt,
butembo,2026-06-15,1.442,1.176,1.765,1.334,1.58,rt,
butembo,2026-06-16,1.417,1.162,1.719,1.308,1.547,rt,
butembo,2026-06-17,1.392,1.141,1.687,1.289,1.515,rt,
butembo,2026-06-18,1.368,1.12,1.656,1.263,1.486,rt,
butembo,2026-06-19,1.345,1.122,1.62,1.251,1.454,rt,
butembo,2026-06-20,1.326,1.106,1.593,1.235,1.426,rt,
butembo,2026-06-21,1.307,1.096,1.572,1.215,1.401,rt,
butembo,2026-06-22,1.308,1.087,1.577,1.21,1.404,rt,
butembo,2026-06-23,1.314,1.095,1.575,1.22,1.407,rt,
butembo,2026-06-24,1.315,1.1,1.581,1.228,1.407,rt,
butembo,2026-06-25,1.315,1.105,1.595,1.229,1.411,rt,
butembo,2026-06-26,1.321,1.122,1.583,1.24,1.414,rt,
butembo,2026-06-27,1.327,1.136,1.576,1.248,1.417,rt,
butembo,2026-06-28,1.332,1.141,1.59,1.255,1.426,rt,
butembo,2026-06-29,1.326,1.128,1.58,1.242,1.417,rt,
butembo,2026-06-30,1.315,1.123,1.557,1.238,1.408,rt,
butembo,2026-07-01,1.308,1.118,1.539,1.23,1.399,rt,
butembo,2026-07-02,1.304,1.113,1.529,1.219,1.391,rt,
butembo,2026-07-03,1.294,1.113,1.512,1.218,1.377,rt,
butembo,2026-07-04,1.286,1.109,1.493,1.214,1.366,rt,
butembo,2026-07-05,1.278,1.097,1.483,1.207,1.354,rt,
butembo,2026-07-06,1.277,1.093,1.487,1.201,1.353,rt,
butembo,2026-07-07,1.27,1.091,1.478,1.2,1.347,rt,
butembo,2026-07-08,1.268,1.09,1.476,1.195,1.344,rt,
butembo,2026-07-09,1.262,1.086,1.471,1.187,1.339,rt,
butembo,2026-07-10,1.259,1.091,1.456,1.187,1.333,rt,
butembo,2026-07-11,1.257,1.087,1.445,1.184,1.332,rt,
butembo,2026-07-12,1.253,1.078,1.442,1.178,1.329,rt,
butembo,2026-07-13,1.242,1.058,1.442,1.164,1.323,rt,
butembo,2026-07-14,1.234,1.059,1.43,1.157,1.314,rt,
butembo,2026-07-15,1.226,1.054,1.415,1.148,1.303,rt,
butembo,2026-07-16,1.219,1.044,1.405,1.141,1.295,rt,
butembo,2026-07-17,1.206,1.04,1.381,1.132,1.277,rt,
butembo,2026-07-18,1.193,1.031,1.367,1.122,1.266,rt,
butembo,2026-07-19,1.182,1.017,1.361,1.109,1.255,rt,
butembo,2026-07-20,1.171,0.995,1.355,1.097,1.249,rt,
butembo,2026-07-21,1.167,0.998,1.353,1.094,1.243,rt,
butembo,2026-07-22,1.162,0.996,1.353,1.091,1.237,rt,
butembo,2026-07-23,1.16,0.988,1.351,1.087,1.232,rt,
butembo,2026-07-24,1.158,0.993,1.333,1.085,1.221,rt,
butembo,2026-07-25,1.15,0.992,1.317,1.084,1.214,rt,
butembo,2026-07-26,1.147,0.988,1.313,1.08,1.209,rt,
butembo,2026-07-27,1.15,0.984,1.329,1.082,1.216,rt,
butembo,2026-07-28,1.158,0.994,1.33,1.091,1.219,rt,
butembo,2026-07-29,1.164,0.998,1.342,1.098,1.228,rt,
butembo,2026-07-30,1.172,0.999,1.357,1.101,1.236,rt,
butembo,2026-07-31,1.179,1.015,1.351,1.111,1.243,rt,
butembo,2026-08-01,1.187,1.027,1.357,1.119,1.253,rt,
butembo,2026-08-02,1.193,1.025,1.375,1.123,1.266,rt,
butembo,2026-08-03,1.199,1.024,1.392,1.123,1.279,rt,
butembo,2026-08-04,1.204,1.04,1.397,1.129,1.282,rt,
butembo,2026-08-05,1.21,1.044,1.41,1.136,1.282,rt,
butembo,2026-08-06,1.215,1.038,1.42,1.141,1.286,rt,
butembo,2026-08-07,1.226,1.058,1.421,1.156,1.295,rt,
butembo,2026-08-08,1.234,1.072,1.435,1.167,1.306,rt,
butembo,2026-08-09,1.246,1.081,1.449,1.173,1.321,rt,
butembo,2026-08-10,1.251,1.078,1.469,1.175,1.332,rt,
butembo,2026-08-11,1.248,1.081,1.459,1.175,1.33,rt,
butembo,2026-08-12,1.247,1.081,1.454,1.172,1.327,rt,
butembo,2026-08-13,1.245,1.074,1.448,1.167,1.323,rt,
butembo,2026-08-14,1.242,1.073,1.43,1.169,1.313,rt,
butembo,2026-08-15,1.236,1.067,1.416,1.167,1.306,rt,
butembo,2026-08-16,1.228,1.055,1.412,1.159,1.303,rt,
butembo,2026-08-17,1.223,1.043,1.418,1.148,1.302,rt,
butembo,2026-08-18,1.209,1.032,1.403,1.137,1.287,rt,
butembo,2026-08-19,1.197,1.019,1.383,1.124,1.272,rt,
butembo,2026-08-20,1.182,1.0,1.376,1.107,1.262,rt,
butembo,2026-08-21,1.154,0.977,1.34,1.084,1.225,rt,
butembo,2026-08-22,1.128,0.949,1.307,1.054,1.197,rt,
butembo,2026-08-23,1.097,0.925,1.281,1.026,1.17,rt,
butembo,2026-08-24,1.06,0.878,1.253,0.984,1.139,rt,
butembo,2026-08-25,1.025,0.861,1.212,0.954,1.101,rt,
butembo,2026-08-26,0.994,0.835,1.171,0.924,1.066,rt,
butembo,2026-08-27,0.96,0.807,1.139,0.891,1.03,rt,
butembo,2026-08-28,0.922,0.772,1.093,0.855,0.99,rt,
butembo,2026-08-29,0.883,0.735,1.048,0.82,0.952,rt,
butembo,2026-08-30,0.845,0.692,1.017,0.782,0.918,rt,
butembo,2026-08-31,0.796,0.635,0.973,0.731,0.871,rt,
butembo,2026-09-01,0.769,0.62,0.93,0.703,0.836,rt,
butembo,2026-09-02,0.74,0.599,0.897,0.678,0.806,rt,
butembo,2026-09-03,0.714,0.575,0.863,0.655,0.777,rt,
butembo,2026-09-04,0.695,0.562,0.838,0.638,0.754,rt,
butembo,2026-09-05,0.677,0.541,0.819,0.621,0.735,rt,
butembo,2026-09-06,0.661,0.523,0.806,0.601,0.717,rt,
butembo,2026-09-07,0.655,0.509,0.815,0.591,0.716,rt,
butembo,2026-09-08,0.664,0.528,0.82,0.605,0.722,rt,
butembo,2026-09-09,0.674,0.54,0.829,0.617,0.732,rt,
butembo,2026-09-10,0.685,0.551,0.844,0.625,0.744,rt,
butembo,2026-09-11,0.699,0.565,0.861,0.641,0.761,rt,
butembo,2026-09-12,0.714,0.574,0.886,0.653,0.782,rt,
butembo,2026-09-13,0.731,0.58,0.92,0.664,0.802,rt,
butembo,2026-09-14,0.761,0.6,0.978,0.687,0.842,rt,
butembo,2026-09-15,0.792,0.622,1.018,0.716,0.875,rt,
butembo,2026-09-16,0.826,0.646,1.064,0.748,0.909,rt,
butembo,2026-09-17,0.857,0.67,1.114,0.775,0.949,rt,
butembo,2026-09-18,0.884,0.683,1.159,0.797,0.987,rt,
butembo,2026-09-19,0.911,0.696,1.215,0.815,1.022,rt,
butembo,2026-09-20,0.941,0.697,1.284,0.832,1.058,rt,
butembo,2026-09-21,0.973,0.7,1.356,0.849,1.102,rt,
butembo,2026-09-22,0.984,0.707,1.385,0.862,1.122,rt,
butembo,2026-09-23,0.998,0.712,1.415,0.867,1.143,rt,
butembo,2026-09-24,1.012,0.716,1.449,0.872,1.162,rt,
butembo,2026-09-25,1.026,0.713,1.482,0.875,1.19,rt,
butembo,2026-09-26,1.032,0.707,1.511,0.876,1.215,rt,
butembo,2026-09-27,1.042,0.695,1.56,0.875,1.231,rt,
butembo,2026-09-28,1.04,0.668,1.57,0.857,1.241,rt,
butembo,2026-09-29,1.033,0.656,1.584,0.849,1.239,rt,
butembo,2026-09-30,1.032,0.641,1.596,0.839,1.246,rt,
butembo,2026-10-01,1.028,0.626,1.606,0.831,1.244,rt,
butembo,2026-10-02,1.023,0.615,1.603,0.824,1.251,rt,
butembo,2026-10-03,1.018,0.601,1.624,0.816,1.25,rt,
butembo,2026-10-04,1.016,0.579,1.656,0.804,1.254,rt,
butembo,2026-10-05,0.992,0.549,1.67,0.776,1.248,rt,
butembo,2026-10-06,0.988,0.551,1.682,0.774,1.237,rt,
kalunguta,2026-07-22,1.513,1.209,1.899,1.378,1.656,rt,
kalunguta,2026-07-23,1.506,1.198,1.887,1.374,1.645,rt,
kalunguta,2026-07-24,1.498,1.202,1.865,1.373,1.627,rt,
kalunguta,2026-07-25,1.492,1.192,1.867,1.367,1.621,rt,
kalunguta,2026-07-26,1.484,1.167,1.869,1.355,1.62,rt,
kalunguta,2026-07-27,1.487,1.154,1.897,1.35,1.635,rt,
kalunguta,2026-07-28,1.491,1.175,1.877,1.364,1.637,rt,
kalunguta,2026-07-29,1.501,1.189,1.878,1.37,1.64,rt,
kalunguta,2026-07-30,1.511,1.192,1.877,1.377,1.644,rt,
kalunguta,2026-07-31,1.521,1.205,1.877,1.387,1.65,rt,
kalunguta,2026-08-01,1.529,1.212,1.904,1.39,1.661,rt,
kalunguta,2026-08-02,1.532,1.222,1.917,1.39,1.678,rt,
kalunguta,2026-08-03,1.535,1.212,1.947,1.394,1.697,rt,
kalunguta,2026-08-04,1.545,1.228,1.928,1.41,1.698,rt,
kalunguta,2026-08-05,1.555,1.233,1.926,1.421,1.7,rt,
kalunguta,2026-08-06,1.563,1.245,1.923,1.431,1.707,rt,
kalunguta,2026-08-07,1.58,1.264,1.943,1.453,1.719,rt,
kalunguta,2026-08-08,1.595,1.286,1.967,1.467,1.74,rt,
kalunguta,2026-08-09,1.607,1.298,2.005,1.479,1.756,rt,
kalunguta,2026-08-10,1.621,1.291,2.049,1.476,1.778,rt,
kalunguta,2026-08-11,1.637,1.334,2.065,1.505,1.803,rt,
kalunguta,2026-08-12,1.661,1.358,2.076,1.528,1.82,rt,
kalunguta,2026-08-13,1.68,1.371,2.105,1.546,1.845,rt,
kalunguta,2026-08-14,1.699,1.389,2.111,1.564,1.856,rt,
kalunguta,2026-08-15,1.717,1.403,2.128,1.582,1.875,rt,
kalunguta,2026-08-16,1.733,1.407,2.156,1.59,1.896,rt,
kalunguta,2026-08-17,1.756,1.396,2.205,1.6,1.92,rt,
kalunguta,2026-08-18,1.775,1.437,2.206,1.625,1.932,rt,
kalunguta,2026-08-19,1.799,1.466,2.222,1.646,1.949,rt,
kalunguta,2026-08-20,1.812,1.484,2.24,1.671,1.965,rt,
kalunguta,2026-08-21,1.809,1.486,2.221,1.672,1.966,rt,
kalunguta,2026-08-22,1.801,1.482,2.221,1.669,1.964,rt,
kalunguta,2026-08-23,1.792,1.469,2.224,1.665,1.957,rt,
kalunguta,2026-08-24,1.77,1.434,2.226,1.635,1.937,rt,
kalunguta,2026-08-25,1.751,1.434,2.152,1.611,1.896,rt,
kalunguta,2026-08-26,1.726,1.416,2.107,1.589,1.863,rt,
kalunguta,2026-08-27,1.7,1.392,2.064,1.565,1.834,rt,
kalunguta,2026-08-28,1.655,1.364,2.017,1.525,1.773,rt,
kalunguta,2026-08-29,1.609,1.314,1.971,1.481,1.733,rt,
kalunguta,2026-08-30,1.561,1.276,1.943,1.433,1.691,rt,
kalunguta,2026-08-31,1.488,1.201,1.882,1.362,1.631,rt,
kalunguta,2026-09-01,1.419,1.156,1.774,1.308,1.548,rt,
kalunguta,2026-09-02,1.356,1.107,1.677,1.249,1.477,rt,
kalunguta,2026-09-03,1.294,1.054,1.608,1.193,1.415,rt,
kalunguta,2026-09-04,1.252,1.024,1.543,1.154,1.359,rt,
kalunguta,2026-09-05,1.206,0.99,1.492,1.111,1.311,rt,
kalunguta,2026-09-06,1.168,0.947,1.458,1.069,1.265,rt,
kalunguta,2026-09-07,1.147,0.917,1.443,1.046,1.251,rt,
kalunguta,2026-09-08,1.133,0.915,1.406,1.041,1.232,rt,
kalunguta,2026-09-09,1.118,0.906,1.37,1.03,1.212,rt,
kalunguta,2026-09-10,1.101,0.894,1.35,1.016,1.197,rt,
kalunguta,2026-09-11,1.094,0.892,1.345,1.008,1.189,rt,
kalunguta,2026-09-12,1.089,0.882,1.337,1.002,1.187,rt,
kalunguta,2026-09-13,1.079,0.865,1.342,0.988,1.187,rt,
kalunguta,2026-09-14,1.092,0.866,1.385,0.995,1.21,rt,
kalunguta,2026-09-15,1.11,0.882,1.397,1.011,1.226,rt,
kalunguta,2026-09-16,1.13,0.888,1.434,1.028,1.246,rt,
kalunguta,2026-09-17,1.148,0.894,1.466,1.042,1.269,rt,
kalunguta,2026-09-18,1.159,0.903,1.493,1.046,1.278,rt,
kalunguta,2026-09-19,1.165,0.892,1.51,1.046,1.297,rt,
kalunguta,2026-09-20,1.172,0.884,1.544,1.048,1.315,rt,
kalunguta,2026-09-21,1.179,0.87,1.591,1.047,1.339,rt,
kalunguta,2026-09-22,1.186,0.872,1.621,1.049,1.356,rt,
kalunguta,2026-09-23,1.197,0.871,1.636,1.051,1.367,rt,
kalunguta,2026-09-24,1.207,0.871,1.68,1.053,1.384,rt,
kalunguta,2026-09-25,1.213,0.862,1.714,1.05,1.4,rt,
kalunguta,2026-09-26,1.217,0.848,1.741,1.042,1.41,rt,
kalunguta,2026-09-27,1.214,0.828,1.776,1.039,1.422,rt,
kalunguta,2026-09-28,1.199,0.803,1.782,1.018,1.422,rt,
kalunguta,2026-09-29,1.19,0.79,1.775,1.004,1.419,rt,
kalunguta,2026-09-30,1.182,0.774,1.77,0.993,1.41,rt,
kalunguta,2026-10-01,1.174,0.754,1.78,0.979,1.419,rt,
kalunguta,2026-10-02,1.164,0.74,1.78,0.971,1.405,rt,
kalunguta,2026-10-03,1.161,0.717,1.805,0.948,1.404,rt,
kalunguta,2026-10-04,1.147,0.697,1.852,0.927,1.409,rt,
kalunguta,2026-10-05,1.122,0.654,1.858,0.905,1.389,rt,
kalunguta,2026-10-06,1.094,0.649,1.807,0.895,1.342,rt,
katwa,2026-05-24,3.139,2.351,4.407,2.781,3.595,rt,
katwa,2026-05-25,3.041,2.275,4.211,2.68,3.46,rt,
katwa,2026-05-26,2.945,2.219,4.025,2.603,3.331,rt,
katwa,2026-05-27,2.862,2.158,3.875,2.519,3.228,rt,
katwa,2026-05-28,2.773,2.096,3.736,2.451,3.116,rt,
katwa,2026-05-29,2.67,2.045,3.542,2.38,2.971,rt,
katwa,2026-05-30,2.569,1.994,3.385,2.304,2.855,rt,
katwa,2026-05-31,2.487,1.93,3.25,2.226,2.752,rt,
katwa,2026-06-01,2.398,1.872,3.119,2.163,2.654,rt,
katwa,2026-06-02,2.325,1.828,2.988,2.104,2.568,rt,
katwa,2026-06-03,2.261,1.773,2.887,2.038,2.489,rt,
katwa,2026-06-04,2.193,1.712,2.796,1.977,2.422,rt,
katwa,2026-06-05,2.115,1.683,2.65,1.913,2.319,rt,
katwa,2026-06-06,2.039,1.644,2.554,1.855,2.233,rt,
katwa,2026-06-07,1.973,1.601,2.476,1.795,2.151,rt,
katwa,2026-06-08,1.918,1.558,2.405,1.744,2.093,rt,
katwa,2026-06-09,1.869,1.517,2.322,1.71,2.037,rt,
katwa,2026-06-10,1.82,1.48,2.257,1.669,1.98,rt,
katwa,2026-06-11,1.773,1.442,2.212,1.626,1.937,rt,
katwa,2026-06-12,1.722,1.414,2.118,1.59,1.873,rt,
katwa,2026-06-13,1.676,1.397,2.047,1.55,1.817,rt,
katwa,2026-06-14,1.628,1.362,1.981,1.513,1.765,rt,
katwa,2026-06-15,1.6,1.34,1.941,1.486,1.734,rt,
katwa,2026-06-16,1.572,1.321,1.887,1.46,1.7,rt,
katwa,2026-06-17,1.542,1.292,1.848,1.43,1.667,rt,
katwa,2026-06-18,1.515,1.261,1.813,1.402,1.632,rt,
katwa,2026-06-19,1.494,1.261,1.754,1.385,1.599,rt,
katwa,2026-06-20,1.468,1.247,1.727,1.371,1.567,rt,
katwa,2026-06-21,1.445,1.232,1.704,1.353,1.544,rt,
katwa,2026-06-22,1.444,1.23,1.707,1.352,1.548,rt,
katwa,2026-06-23,1.444,1.233,1.699,1.358,1.543,rt,
katwa,2026-06-24,1.437,1.233,1.698,1.357,1.541,rt,
katwa,2026-06-25,1.439,1.229,1.696,1.357,1.541,rt,
katwa,2026-06-26,1.443,1.247,1.681,1.362,1.534,rt,
katwa,2026-06-27,1.448,1.263,1.677,1.366,1.531,rt,
katwa,2026-06-28,1.453,1.268,1.67,1.37,1.529,rt,
katwa,2026-06-29,1.439,1.251,1.653,1.353,1.518,rt,
katwa,2026-06-30,1.424,1.237,1.631,1.344,1.501,rt,
katwa,2026-07-01,1.413,1.222,1.616,1.333,1.491,rt,
katwa,2026-07-02,1.397,1.209,1.606,1.32,1.477,rt,
katwa,2026-07-03,1.383,1.214,1.578,1.312,1.456,rt,
katwa,2026-07-04,1.368,1.211,1.553,1.301,1.436,rt,
katwa,2026-07-05,1.353,1.199,1.543,1.288,1.421,rt,
katwa,2026-07-06,1.346,1.185,1.534,1.279,1.416,rt,
katwa,2026-07-07,1.342,1.186,1.526,1.278,1.411,rt,
katwa,2026-07-08,1.34,1.181,1.52,1.272,1.408,rt,
katwa,2026-07-09,1.335,1.179,1.522,1.264,1.405,rt,
katwa,2026-07-10,1.331,1.184,1.51,1.267,1.397,rt,
katwa,2026-07-11,1.33,1.185,1.503,1.267,1.395,rt,
katwa,2026-07-12,1.325,1.181,1.502,1.262,1.392,rt,
katwa,2026-07-13,1.315,1.159,1.501,1.251,1.386,rt,
katwa,2026-07-14,1.308,1.158,1.488,1.245,1.379,rt,
katwa,2026-07-15,1.301,1.15,1.479,1.234,1.372,rt,
katwa,2026-07-16,1.294,1.133,1.481,1.227,1.363,rt,
katwa,2026-07-17,1.285,1.135,1.457,1.222,1.348,rt,
katwa,2026-07-18,1.273,1.13,1.435,1.213,1.338,rt,
katwa,2026-07-19,1.262,1.119,1.429,1.202,1.326,rt,
katwa,2026-07-20,1.253,1.105,1.427,1.19,1.323,rt,
katwa,2026-07-21,1.241,1.096,1.415,1.182,1.312,rt,
katwa,2026-07-22,1.232,1.085,1.404,1.17,1.302,rt,
katwa,2026-07-23,1.222,1.07,1.4,1.158,1.294,rt,
katwa,2026-07-24,1.212,1.077,1.377,1.153,1.276,rt,
katwa,2026-07-25,1.2,1.068,1.365,1.143,1.261,rt,
katwa,2026-07-26,1.19,1.059,1.358,1.132,1.25,rt,
katwa,2026-07-27,1.19,1.048,1.357,1.13,1.254,rt,
katwa,2026-07-28,1.186,1.049,1.35,1.127,1.249,rt,
katwa,2026-07-29,1.183,1.042,1.343,1.122,1.242,rt,
katwa,2026-07-30,1.177,1.036,1.34,1.114,1.242,rt,
katwa,2026-07-31,1.172,1.045,1.324,1.118,1.237,rt,
katwa,2026-08-01,1.171,1.039,1.323,1.115,1.229,rt,
katwa,2026-08-02,1.169,1.034,1.321,1.11,1.226,rt,
katwa,2026-08-03,1.164,1.019,1.32,1.103,1.223,rt,
katwa,2026-08-04,1.155,1.012,1.313,1.098,1.219,rt,
katwa,2026-08-05,1.151,1.007,1.313,1.09,1.213,rt,
katwa,2026-08-06,1.145,0.995,1.307,1.082,1.209,rt,
katwa,2026-08-07,1.146,1.008,1.294,1.086,1.203,rt,
katwa,2026-08-08,1.145,1.013,1.289,1.088,1.2,rt,
katwa,2026-08-09,1.143,1.008,1.292,1.082,1.2,rt,
katwa,2026-08-10,1.136,0.994,1.298,1.075,1.197,rt,
katwa,2026-08-11,1.131,0.992,1.289,1.072,1.192,rt,
katwa,2026-08-12,1.127,0.983,1.283,1.067,1.186,rt,
katwa,2026-08-13,1.12,0.975,1.284,1.057,1.182,rt,
katwa,2026-08-14,1.111,0.975,1.261,1.057,1.173,rt,
katwa,2026-08-15,1.104,0.971,1.245,1.05,1.162,rt,
katwa,2026-08-16,1.096,0.955,1.239,1.04,1.154,rt,
katwa,2026-08-17,1.088,0.94,1.246,1.028,1.147,rt,
katwa,2026-08-18,1.079,0.932,1.236,1.021,1.134,rt,
katwa,2026-08-19,1.068,0.925,1.23,1.01,1.127,rt,
katwa,2026-08-20,1.056,0.91,1.222,0.997,1.119,rt,
katwa,2026-08-21,1.035,0.893,1.182,0.98,1.093,rt,
katwa,2026-08-22,1.013,0.874,1.154,0.955,1.071,rt,
katwa,2026-08-23,0.989,0.851,1.138,0.928,1.05,rt,
katwa,2026-08-24,0.957,0.814,1.111,0.895,1.022,rt,
katwa,2026-08-25,0.927,0.79,1.075,0.869,0.988,rt,
katwa,2026-08-26,0.896,0.767,1.047,0.842,0.956,rt,
katwa,2026-08-27,0.867,0.74,1.019,0.813,0.924,rt,
katwa,2026-08-28,0.834,0.708,0.972,0.778,0.885,rt,
katwa,2026-08-29,0.8,0.676,0.935,0.746,0.852,rt,
katwa,2026-08-30,0.766,0.633,0.903,0.711,0.821,rt,
katwa,2026-08-31,0.721,0.58,0.862,0.664,0.783,rt,
katwa,2026-09-01,0.692,0.562,0.827,0.641,0.749,rt,
katwa,2026-09-02,0.665,0.545,0.791,0.618,0.72,rt,
katwa,2026-09-03,0.643,0.526,0.765,0.594,0.696,rt,
katwa,2026-09-04,0.628,0.517,0.745,0.579,0.676,rt,
katwa,2026-09-05,0.612,0.504,0.726,0.563,0.66,rt,
katwa,2026-09-06,0.596,0.481,0.716,0.547,0.646,rt,
katwa,2026-09-07,0.591,0.47,0.726,0.536,0.646,rt,
katwa,2026-09-08,0.601,0.482,0.736,0.548,0.652,rt,
katwa,2026-09-09,0.609,0.493,0.746,0.56,0.661,rt,
katwa,2026-09-10,0.619,0.503,0.758,0.572,0.673,rt,
katwa,2026-09-11,0.634,0.516,0.772,0.585,0.688,rt,
katwa,2026-09-12,0.648,0.525,0.794,0.597,0.706,rt,
katwa,2026-09-13,0.664,0.534,0.822,0.608,0.726,rt,
katwa,2026-09-14,0.694,0.551,0.879,0.628,0.763,rt,
katwa,2026-09-15,0.72,0.58,0.907,0.657,0.792,rt,
katwa,2026-09-16,0.751,0.603,0.944,0.69,0.826,rt,
katwa,2026-09-17,0.782,0.618,0.995,0.714,0.864,rt,
katwa,2026-09-18,0.81,0.633,1.034,0.739,0.896,rt,
katwa,2026-09-19,0.837,0.641,1.087,0.76,0.928,rt,
katwa,2026-09-20,0.866,0.646,1.151,0.775,0.962,rt,
katwa,2026-09-21,0.896,0.655,1.224,0.792,1.004,rt,
katwa,2026-09-22,0.909,0.661,1.255,0.799,1.024,rt,
katwa,2026-09-23,0.921,0.667,1.294,0.807,1.051,rt,
katwa,2026-09-24,0.934,0.668,1.33,0.813,1.078,rt,
katwa,2026-09-25,0.946,0.664,1.364,0.817,1.1,rt,
katwa,2026-09-26,0.957,0.655,1.392,0.82,1.12,rt,
katwa,2026-09-27,0.972,0.65,1.446,0.824,1.146,rt,
katwa,2026-09-28,0.97,0.632,1.481,0.812,1.154,rt,
katwa,2026-09-29,0.969,0.628,1.478,0.807,1.153,rt,
katwa,2026-09-30,0.96,0.617,1.487,0.8,1.155,rt,
katwa,2026-10-01,0.961,0.608,1.493,0.789,1.158,rt,
katwa,2026-10-02,0.958,0.596,1.513,0.786,1.157,rt,
katwa,2026-10-03,0.954,0.583,1.547,0.777,1.171,rt,
katwa,2026-10-04,0.956,0.571,1.568,0.765,1.179,rt,
katwa,2026-10-05,0.932,0.538,1.602,0.737,1.174,rt,
katwa,2026-10-06,0.939,0.539,1.611,0.753,1.164,rt,
kayna,2026-09-20,1.127,0.935,1.357,1.048,1.212,rt,
kayna,2026-09-21,1.143,0.933,1.398,1.051,1.24,rt,
kayna,2026-09-22,1.151,0.929,1.429,1.052,1.263,rt,
kayna,2026-09-23,1.162,0.926,1.463,1.054,1.285,rt,
kayna,2026-09-24,1.175,0.924,1.499,1.055,1.304,rt,
kayna,2026-09-25,1.182,0.92,1.53,1.058,1.321,rt,
kayna,2026-09-26,1.19,0.908,1.558,1.059,1.337,rt,
kayna,2026-09-27,1.196,0.9,1.59,1.06,1.355,rt,
kayna,2026-09-28,1.184,0.876,1.598,1.043,1.35,rt,
kayna,2026-09-29,1.173,0.857,1.607,1.031,1.353,rt,
kayna,2026-09-30,1.167,0.836,1.618,1.017,1.346,rt,
kayna,2026-10-01,1.16,0.817,1.626,1.006,1.34,rt,
kayna,2026-10-02,1.158,0.803,1.633,0.992,1.348,rt,
kayna,2026-10-03,1.149,0.777,1.662,0.981,1.347,rt,
kayna,2026-10-04,1.143,0.75,1.691,0.965,1.349,rt,
kayna,2026-10-05,1.125,0.711,1.718,0.935,1.335,rt,
kayna,2026-10-06,1.11,0.729,1.642,0.939,1.309,rt,
kyondo,2026-06-29,1.35,0.989,1.807,1.189,1.527,rt,
kyondo,2026-06-30,1.328,0.991,1.749,1.181,1.496,rt,
kyondo,2026-07-01,1.312,0.997,1.706,1.172,1.464,rt,
kyondo,2026-07-02,1.288,0.991,1.674,1.155,1.446,rt,
kyondo,2026-07-03,1.268,0.981,1.647,1.139,1.42,rt,
kyondo,2026-07-04,1.249,0.963,1.628,1.12,1.398,rt,
kyondo,2026-07-05,1.232,0.941,1.631,1.097,1.386,rt,
kyondo,2026-07-06,1.222,0.91,1.646,1.085,1.378,rt,
kyondo,2026-07-07,1.206,0.919,1.601,1.085,1.364,rt,
kyondo,2026-07-08,1.192,0.912,1.568,1.077,1.345,rt,
kyondo,2026-07-09,1.182,0.912,1.546,1.067,1.326,rt,
kyondo,2026-07-10,1.172,0.913,1.523,1.059,1.311,rt,
kyondo,2026-07-11,1.16,0.898,1.506,1.05,1.3,rt,
kyondo,2026-07-12,1.152,0.886,1.497,1.036,1.299,rt,
kyondo,2026-07-13,1.138,0.855,1.5,1.016,1.282,rt,
kyondo,2026-07-14,1.129,0.856,1.468,1.017,1.266,rt,
kyondo,2026-07-15,1.122,0.857,1.451,1.012,1.247,rt,
kyondo,2026-07-16,1.115,0.849,1.437,1.004,1.24,rt,
kyondo,2026-07-17,1.105,0.835,1.411,0.99,1.222,rt,
kyondo,2026-07-18,1.093,0.821,1.4,0.98,1.215,rt,
kyondo,2026-07-19,1.082,0.804,1.389,0.966,1.201,rt,
kyondo,2026-07-20,1.071,0.781,1.396,0.949,1.203,rt,
kyondo,2026-07-21,1.063,0.788,1.365,0.949,1.188,rt,
kyondo,2026-07-22,1.055,0.795,1.349,0.944,1.171,rt,
kyondo,2026-07-23,1.049,0.796,1.336,0.939,1.164,rt,
kyondo,2026-07-24,1.041,0.795,1.326,0.931,1.156,rt,
kyondo,2026-07-25,1.035,0.789,1.307,0.92,1.146,rt,
kyondo,2026-07-26,1.025,0.774,1.318,0.916,1.14,rt,
kyondo,2026-07-27,1.025,0.756,1.334,0.911,1.149,rt,
kyondo,2026-07-28,1.034,0.777,1.321,0.925,1.15,rt,
kyondo,2026-07-29,1.041,0.785,1.326,0.938,1.16,rt,
kyondo,2026-07-30,1.05,0.801,1.339,0.943,1.165,rt,
kyondo,2026-07-31,1.062,0.811,1.352,0.956,1.169,rt,
kyondo,2026-08-01,1.075,0.82,1.37,0.963,1.178,rt,
kyondo,2026-08-02,1.083,0.823,1.395,0.97,1.191,rt,
kyondo,2026-08-03,1.088,0.822,1.414,0.974,1.21,rt,
kyondo,2026-08-04,1.106,0.846,1.419,0.993,1.226,rt,
kyondo,2026-08-05,1.123,0.865,1.429,1.009,1.247,rt,
kyondo,2026-08-06,1.138,0.887,1.44,1.027,1.268,rt,
kyondo,2026-08-07,1.163,0.91,1.463,1.051,1.287,rt,
kyondo,2026-08-08,1.191,0.923,1.509,1.072,1.312,rt,
kyondo,2026-08-09,1.215,0.931,1.561,1.092,1.343,rt,
kyondo,2026-08-10,1.235,0.938,1.606,1.102,1.371,rt,
kyondo,2026-08-11,1.263,0.979,1.638,1.135,1.4,rt,
kyondo,2026-08-12,1.293,1.006,1.657,1.169,1.423,rt,
kyondo,2026-08-13,1.322,1.033,1.696,1.195,1.456,rt,
kyondo,2026-08-14,1.348,1.056,1.716,1.228,1.48,rt,
kyondo,2026-08-15,1.375,1.072,1.767,1.25,1.51,rt,
kyondo,2026-08-16,1.399,1.086,1.818,1.275,1.545,rt,
kyondo,2026-08-17,1.431,1.091,1.885,1.286,1.585,rt,
kyondo,2026-08-18,1.447,1.121,1.886,1.312,1.599,rt,
kyondo,2026-08-19,1.463,1.144,1.887,1.327,1.616,rt,
kyondo,2026-08-20,1.481,1.158,1.924,1.334,1.639,rt,
kyondo,2026-08-21,1.479,1.158,1.907,1.326,1.634,rt,
kyondo,2026-08-22,1.475,1.147,1.919,1.325,1.629,rt,
kyondo,2026-08-23,1.468,1.133,1.933,1.318,1.63,rt,
kyondo,2026-08-24,1.451,1.103,1.956,1.292,1.619,rt,
kyondo,2026-08-25,1.408,1.082,1.865,1.258,1.565,rt,
kyondo,2026-08-26,1.369,1.055,1.777,1.23,1.513,rt,
kyondo,2026-08-27,1.329,1.022,1.696,1.197,1.464,rt,
kyondo,2026-08-28,1.277,0.981,1.615,1.149,1.406,rt,
kyondo,2026-08-29,1.222,0.935,1.571,1.1,1.351,rt,
kyondo,2026-08-30,1.166,0.885,1.533,1.053,1.303,rt,
kyondo,2026-08-31,1.1,0.821,1.475,0.985,1.244,rt,
kyondo,2026-09-01,1.044,0.79,1.375,0.942,1.173,rt,
kyondo,2026-09-02,0.994,0.758,1.285,0.892,1.108,rt,
kyondo,2026-09-03,0.947,0.719,1.214,0.848,1.054,rt,
kyondo,2026-09-04,0.909,0.688,1.154,0.82,1.008,rt,
kyondo,2026-09-05,0.873,0.65,1.122,0.785,0.967,rt,
kyondo,2026-09-06,0.839,0.618,1.087,0.751,0.936,rt,
kyondo,2026-09-07,0.82,0.585,1.087,0.724,0.927,rt,
kyondo,2026-09-08,0.816,0.593,1.063,0.725,0.915,rt,
kyondo,2026-09-09,0.816,0.601,1.061,0.727,0.91,rt,
kyondo,2026-09-10,0.813,0.601,1.063,0.726,0.903,rt,
kyondo,2026-09-11,0.81,0.603,1.07,0.729,0.908,rt,
kyondo,2026-09-12,0.814,0.601,1.089,0.726,0.91,rt,
kyondo,2026-09-13,0.818,0.597,1.11,0.725,0.922,rt,
kyondo,2026-09-14,0.836,0.601,1.152,0.732,0.953,rt,
kyondo,2026-09-15,0.86,0.622,1.177,0.76,0.974,rt,
kyondo,2026-09-16,0.888,0.641,1.203,0.78,1.003,rt,
kyondo,2026-09-17,0.914,0.655,1.237,0.802,1.033,rt,
kyondo,2026-09-18,0.935,0.666,1.274,0.813,1.063,rt,
kyondo,2026-09-19,0.951,0.674,1.318,0.823,1.095,rt,
kyondo,2026-09-20,0.966,0.672,1.369,0.833,1.126,rt,
kyondo,2026-09-21,0.983,0.674,1.436,0.839,1.158,rt,
kyondo,2026-09-22,0.995,0.683,1.45,0.854,1.178,rt,
kyondo,2026-09-23,1.01,0.689,1.464,0.864,1.198,rt,
kyondo,2026-09-24,1.026,0.689,1.511,0.866,1.22,rt,
kyondo,2026-09-25,1.035,0.694,1.567,0.87,1.242,rt,
kyondo,2026-09-26,1.048,0.69,1.633,0.874,1.261,rt,
kyondo,2026-09-27,1.063,0.684,1.672,0.878,1.286,rt,
kyondo,2026-09-28,1.062,0.661,1.702,0.864,1.29,rt,
kyondo,2026-09-29,1.056,0.653,1.713,0.854,1.287,rt,
kyondo,2026-09-30,1.043,0.649,1.736,0.851,1.293,rt,
kyondo,2026-10-01,1.04,0.638,1.736,0.847,1.291,rt,
kyondo,2026-10-02,1.038,0.625,1.735,0.843,1.298,rt,
kyondo,2026-10-03,1.034,0.614,1.737,0.837,1.296,rt,
kyondo,2026-10-04,1.029,0.605,1.793,0.83,1.298,rt,
kyondo,2026-10-05,1.016,0.57,1.839,0.802,1.298,rt,
kyondo,2026-10-06,1.005,0.576,1.814,0.802,1.286,rt,
lubero,2026-08-13,1.547,1.355,1.789,1.461,1.641,rt,
lubero,2026-08-14,1.558,1.382,1.788,1.479,1.647,rt,
lubero,2026-08-15,1.574,1.398,1.794,1.493,1.653,rt,
lubero,2026-08-16,1.585,1.403,1.805,1.506,1.666,rt,
lubero,2026-08-17,1.595,1.411,1.824,1.512,1.683,rt,
lubero,2026-08-18,1.603,1.42,1.84,1.522,1.695,rt,
lubero,2026-08-19,1.609,1.42,1.853,1.527,1.709,rt,
lubero,2026-08-20,1.618,1.419,1.869,1.529,1.718,rt,
lubero,2026-08-21,1.606,1.417,1.836,1.522,1.696,rt,
lubero,2026-08-22,1.591,1.409,1.81,1.513,1.677,rt,
lubero,2026-08-23,1.579,1.395,1.794,1.498,1.66,rt,
lubero,2026-08-24,1.553,1.366,1.76,1.471,1.633,rt,
lubero,2026-08-25,1.521,1.335,1.727,1.441,1.6,rt,
lubero,2026-08-26,1.488,1.301,1.691,1.408,1.563,rt,
lubero,2026-08-27,1.455,1.269,1.666,1.373,1.528,rt,
lubero,2026-08-28,1.407,1.233,1.607,1.337,1.476,rt,
lubero,2026-08-29,1.36,1.199,1.547,1.294,1.429,rt,
lubero,2026-08-30,1.315,1.162,1.501,1.249,1.385,rt,
lubero,2026-08-31,1.252,1.096,1.434,1.18,1.32,rt,
lubero,2026-09-01,1.196,1.048,1.374,1.129,1.265,rt,
lubero,2026-09-02,1.145,0.996,1.316,1.081,1.213,rt,
lubero,2026-09-03,1.099,0.947,1.269,1.035,1.166,rt,
lubero,2026-09-04,1.064,0.93,1.208,1.008,1.125,rt,
lubero,2026-09-05,1.029,0.903,1.165,0.98,1.087,rt,
lubero,2026-09-06,0.998,0.871,1.129,0.949,1.052,rt,
lubero,2026-09-07,0.982,0.851,1.116,0.934,1.037,rt,
lubero,2026-09-08,0.977,0.853,1.108,0.932,1.03,rt,
lubero,2026-09-09,0.975,0.849,1.106,0.926,1.026,rt,
lubero,2026-09-10,0.971,0.846,1.107,0.92,1.023,rt,
lubero,2026-09-11,0.974,0.854,1.102,0.921,1.02,rt,
lubero,2026-09-12,0.973,0.859,1.102,0.922,1.022,rt,
lubero,2026-09-13,0.973,0.857,1.109,0.921,1.026,rt,
lubero,2026-09-14,0.996,0.87,1.141,0.939,1.053,rt,
lubero,2026-09-15,1.018,0.886,1.174,0.959,1.079,rt,
lubero,2026-09-16,1.041,0.898,1.207,0.978,1.104,rt,
lubero,2026-09-17,1.065,0.912,1.242,0.996,1.131,rt,
lubero,2026-09-18,1.079,0.916,1.27,1.01,1.146,rt,
lubero,2026-09-19,1.09,0.915,1.303,1.021,1.165,rt,
lubero,2026-09-20,1.103,0.917,1.332,1.027,1.188,rt,
lubero,2026-09-21,1.121,0.918,1.375,1.033,1.219,rt,
lubero,2026-09-22,1.131,0.913,1.411,1.034,1.243,rt,
lubero,2026-09-23,1.141,0.907,1.446,1.035,1.264,rt,
lubero,2026-09-24,1.151,0.902,1.481,1.036,1.282,rt,
lubero,2026-09-25,1.158,0.9,1.507,1.036,1.296,rt,
lubero,2026-09-26,1.165,0.885,1.536,1.039,1.314,rt,
lubero,2026-09-27,1.174,0.878,1.559,1.04,1.33,rt,
lubero,2026-09-28,1.161,0.853,1.569,1.022,1.325,rt,
lubero,2026-09-29,1.152,0.839,1.586,1.009,1.325,rt,
lubero,2026-09-30,1.146,0.818,1.596,0.999,1.328,rt,
lubero,2026-10-01,1.14,0.799,1.603,0.986,1.321,rt,
lubero,2026-10-02,1.131,0.781,1.604,0.972,1.321,rt,
lubero,2026-10-03,1.128,0.761,1.617,0.958,1.317,rt,
lubero,2026-10-04,1.123,0.733,1.663,0.943,1.32,rt,
lubero,2026-10-05,1.102,0.692,1.68,0.916,1.309,rt,
lubero,2026-10-06,1.084,0.7,1.599,0.915,1.281,rt,
mabalako,2026-08-13,2.053,1.611,2.643,1.86,2.273,rt,
mabalako,2026-08-14,2.069,1.644,2.671,1.887,2.3,rt,
mabalako,2026-08-15,2.095,1.647,2.711,1.9,2.323,rt,
mabalako,2026-08-16,2.113,1.645,2.78,1.913,2.353,rt,
mabalako,2026-08-17,2.144,1.633,2.871,1.923,2.406,rt,
mabalako,2026-08-18,2.151,1.674,2.83,1.951,2.403,rt,
mabalako,2026-08-19,2.157,1.695,2.812,1.964,2.407,rt,
mabalako,2026-08-20,2.181,1.715,2.828,1.978,2.411,rt,
mabalako,2026-08-21,2.173,1.701,2.782,1.964,2.396,rt,
mabalako,2026-08-22,2.157,1.684,2.778,1.946,2.385,rt,
mabalako,2026-08-23,2.14,1.65,2.799,1.921,2.374,rt,
mabalako,2026-08-24,2.104,1.592,2.812,1.874,2.354,rt,
mabalako,2026-08-25,2.068,1.596,2.707,1.854,2.301,rt,
mabalako,2026-08-26,2.034,1.577,2.638,1.836,2.254,rt,
mabalako,2026-08-27,2.002,1.563,2.582,1.816,2.216,rt,
mabalako,2026-08-28,1.941,1.528,2.493,1.77,2.152,rt,
mabalako,2026-08-29,1.884,1.485,2.416,1.717,2.091,rt,
mabalako,2026-08-30,1.831,1.436,2.365,1.669,2.046,rt,
mabalako,2026-08-31,1.747,1.343,2.281,1.581,1.968,rt,
mabalako,2026-09-01,1.68,1.315,2.177,1.525,1.869,rt,
mabalako,2026-09-02,1.618,1.272,2.095,1.469,1.79,rt,
mabalako,2026-09-03,1.564,1.223,2.018,1.416,1.719,rt,
mabalako,2026-09-04,1.519,1.201,1.938,1.374,1.667,rt,
mabalako,2026-09-05,1.471,1.172,1.886,1.335,1.622,rt,
mabalako,2026-09-06,1.431,1.133,1.853,1.293,1.586,rt,
mabalako,2026-09-07,1.414,1.093,1.854,1.273,1.577,rt,
mabalako,2026-09-08,1.402,1.099,1.817,1.274,1.549,rt,
mabalako,2026-09-09,1.391,1.099,1.778,1.27,1.53,rt,
mabalako,2026-09-10,1.381,1.091,1.75,1.267,1.52,rt,
mabalako,2026-09-11,1.383,1.094,1.742,1.266,1.523,rt,
mabalako,2026-09-12,1.387,1.08,1.745,1.258,1.516,rt,
mabalako,2026-09-13,1.383,1.061,1.773,1.247,1.525,rt,
mabalako,2026-09-14,1.413,1.062,1.848,1.26,1.561,rt,
mabalako,2026-09-15,1.43,1.091,1.858,1.283,1.581,rt,
mabalako,2026-09-16,1.451,1.107,1.883,1.297,1.606,rt,
mabalako,2026-09-17,1.467,1.115,1.915,1.309,1.63,rt,
mabalako,2026-09-18,1.476,1.116,1.928,1.309,1.646,rt,
mabalako,2026-09-19,1.48,1.109,1.968,1.31,1.665,rt,
mabalako,2026-09-20,1.479,1.093,2.017,1.306,1.687,rt,
mabalako,2026-09-21,1.486,1.07,2.088,1.296,1.719,rt,
mabalako,2026-09-22,1.483,1.069,2.111,1.294,1.721,rt,
mabalako,2026-09-23,1.489,1.064,2.133,1.289,1.726,rt,
mabalako,2026-09-24,1.49,1.052,2.16,1.29,1.727,rt,
mabalako,2026-09-25,1.49,1.035,2.189,1.283,1.742,rt,
mabalako,2026-09-26,1.483,1.018,2.218,1.266,1.74,rt,
mabalako,2026-09-27,1.479,0.989,2.24,1.253,1.75,rt,
mabalako,2026-09-28,1.45,0.946,2.252,1.215,1.741,rt,
mabalako,2026-09-29,1.435,0.933,2.23,1.201,1.717,rt,
mabalako,2026-09-30,1.413,0.902,2.221,1.183,1.711,rt,
mabalako,2026-10-01,1.396,0.878,2.21,1.162,1.697,rt,
mabalako,2026-10-02,1.384,0.851,2.169,1.144,1.677,rt,
mabalako,2026-10-03,1.37,0.813,2.189,1.111,1.673,rt,
mabalako,2026-10-04,1.355,0.778,2.23,1.083,1.675,rt,
mabalako,2026-10-05,1.325,0.728,2.23,1.04,1.657,rt,
mabalako,2026-10-06,1.257,0.69,2.099,0.982,1.56,rt,
manguredjipa,2026-08-19,1.555,1.368,1.796,1.469,1.643,rt,
manguredjipa,2026-08-20,1.562,1.367,1.81,1.474,1.656,rt,
manguredjipa,2026-08-21,1.549,1.368,1.776,1.468,1.638,rt,
manguredjipa,2026-08-22,1.539,1.362,1.762,1.461,1.625,rt,
manguredjipa,2026-08-23,1.529,1.349,1.74,1.45,1.611,rt,
manguredjipa,2026-08-24,1.503,1.318,1.706,1.424,1.587,rt,
manguredjipa,2026-08-25,1.473,1.287,1.677,1.394,1.552,rt,
manguredjipa,2026-08-26,1.441,1.256,1.653,1.362,1.518,rt,
manguredjipa,2026-08-27,1.41,1.224,1.618,1.331,1.487,rt,
manguredjipa,2026-08-28,1.364,1.193,1.566,1.293,1.435,rt,
manguredjipa,2026-08-29,1.318,1.158,1.511,1.251,1.39,rt,
manguredjipa,2026-08-30,1.274,1.123,1.463,1.207,1.345,rt,
manguredjipa,2026-08-31,1.211,1.058,1.392,1.144,1.282,rt,
manguredjipa,2026-09-01,1.157,1.01,1.333,1.093,1.226,rt,
manguredjipa,2026-09-02,1.108,0.966,1.279,1.045,1.174,rt,
manguredjipa,2026-09-03,1.063,0.92,1.229,0.999,1.128,rt,
manguredjipa,2026-09-04,1.027,0.896,1.174,0.969,1.086,rt,
manguredjipa,2026-09-05,0.995,0.868,1.129,0.942,1.05,rt,
manguredjipa,2026-09-06,0.963,0.84,1.093,0.912,1.017,rt,
manguredjipa,2026-09-07,0.946,0.818,1.078,0.895,0.999,rt,
manguredjipa,2026-09-08,0.943,0.822,1.069,0.893,0.996,rt,
manguredjipa,2026-09-09,0.94,0.816,1.064,0.889,0.989,rt,
manguredjipa,2026-09-10,0.934,0.811,1.066,0.884,0.984,rt,
manguredjipa,2026-09-11,0.936,0.819,1.063,0.888,0.985,rt,
manguredjipa,2026-09-12,0.938,0.825,1.062,0.887,0.986,rt,
manguredjipa,2026-09-13,0.938,0.824,1.072,0.887,0.989,rt,
manguredjipa,2026-09-14,0.958,0.836,1.103,0.902,1.017,rt,
manguredjipa,2026-09-15,0.981,0.853,1.131,0.925,1.041,rt,
manguredjipa,2026-09-16,1.005,0.864,1.162,0.944,1.066,rt,
manguredjipa,2026-09-17,1.027,0.874,1.2,0.96,1.09,rt,
manguredjipa,2026-09-18,1.042,0.883,1.223,0.974,1.107,rt,
manguredjipa,2026-09-19,1.051,0.884,1.252,0.985,1.127,rt,
manguredjipa,2026-09-20,1.064,0.884,1.29,0.989,1.15,rt,
manguredjipa,2026-09-21,1.081,0.882,1.327,0.996,1.177,rt,
manguredjipa,2026-09-22,1.092,0.876,1.359,0.998,1.198,rt,
manguredjipa,2026-09-23,1.101,0.873,1.389,1.0,1.218,rt,
manguredjipa,2026-09-24,1.11,0.866,1.425,1.002,1.235,rt,
manguredjipa,2026-09-25,1.115,0.861,1.453,1.001,1.253,rt,
manguredjipa,2026-09-26,1.122,0.854,1.488,1.002,1.267,rt,
manguredjipa,2026-09-27,1.134,0.837,1.515,1.002,1.286,rt,
manguredjipa,2026-09-28,1.12,0.818,1.529,0.987,1.277,rt,
manguredjipa,2026-09-29,1.112,0.799,1.541,0.971,1.276,rt,
manguredjipa,2026-09-30,1.104,0.787,1.547,0.959,1.276,rt,
manguredjipa,2026-10-01,1.098,0.77,1.557,0.947,1.275,rt,
manguredjipa,2026-10-02,1.087,0.75,1.553,0.933,1.272,rt,
manguredjipa,2026-10-03,1.086,0.733,1.576,0.923,1.274,rt,
manguredjipa,2026-10-04,1.079,0.705,1.607,0.911,1.277,rt,
manguredjipa,2026-10-05,1.057,0.664,1.636,0.884,1.26,rt,
manguredjipa,2026-10-06,1.037,0.669,1.551,0.881,1.229,rt,
masereka,2026-07-30,1.321,1.012,1.691,1.188,1.472,rt,
masereka,2026-07-31,1.337,1.025,1.705,1.201,1.477,rt,
masereka,2026-08-01,1.348,1.043,1.73,1.213,1.494,rt,
masereka,2026-08-02,1.356,1.042,1.757,1.219,1.507,rt,
masereka,2026-08-03,1.37,1.033,1.79,1.223,1.53,rt,
masereka,2026-08-04,1.393,1.063,1.788,1.253,1.547,rt,
masereka,2026-08-05,1.413,1.092,1.818,1.276,1.564,rt,
masereka,2026-08-06,1.433,1.118,1.821,1.294,1.583,rt,
masereka,2026-08-07,1.463,1.144,1.855,1.321,1.617,rt,
masereka,2026-08-08,1.49,1.166,1.898,1.35,1.65,rt,
masereka,2026-08-09,1.51,1.179,1.952,1.379,1.692,rt,
masereka,2026-08-10,1.538,1.183,2.014,1.393,1.733,rt,
masereka,2026-08-11,1.57,1.223,2.031,1.421,1.752,rt,
masereka,2026-08-12,1.592,1.258,2.065,1.454,1.777,rt,
masereka,2026-08-13,1.618,1.281,2.126,1.48,1.816,rt,
masereka,2026-08-14,1.65,1.298,2.157,1.502,1.838,rt,
masereka,2026-08-15,1.681,1.308,2.193,1.522,1.87,rt,
masereka,2026-08-16,1.707,1.322,2.247,1.539,1.91,rt,
masereka,2026-08-17,1.733,1.323,2.316,1.553,1.953,rt,
masereka,2026-08-18,1.736,1.352,2.295,1.557,1.938,rt,
masereka,2026-08-19,1.74,1.365,2.28,1.566,1.925,rt,
masereka,2026-08-20,1.739,1.372,2.276,1.57,1.924,rt,
masereka,2026-08-21,1.72,1.364,2.245,1.553,1.905,rt,
masereka,2026-08-22,1.698,1.343,2.218,1.531,1.886,rt,
masereka,2026-08-23,1.682,1.304,2.227,1.507,1.875,rt,
masereka,2026-08-24,1.648,1.251,2.236,1.459,1.847,rt,
masereka,2026-08-25,1.593,1.223,2.108,1.417,1.775,rt,
masereka,2026-08-26,1.544,1.185,2.018,1.374,1.707,rt,
masereka,2026-08-27,1.491,1.149,1.932,1.328,1.656,rt,
masereka,2026-08-28,1.418,1.098,1.844,1.274,1.584,rt,
masereka,2026-08-29,1.353,1.041,1.769,1.216,1.518,rt,
masereka,2026-08-30,1.299,0.987,1.713,1.155,1.456,rt,
masereka,2026-08-31,1.22,0.91,1.632,1.076,1.377,rt,
masereka,2026-09-01,1.156,0.874,1.526,1.029,1.301,rt,
masereka,2026-09-02,1.1,0.83,1.432,0.987,1.23,rt,
masereka,2026-09-03,1.048,0.797,1.363,0.942,1.164,rt,
masereka,2026-09-04,1.007,0.77,1.308,0.906,1.118,rt,
masereka,2026-09-05,0.971,0.735,1.26,0.87,1.076,rt,
masereka,2026-09-06,0.933,0.697,1.228,0.83,1.042,rt,
masereka,2026-09-07,0.917,0.665,1.221,0.809,1.03,rt,
masereka,2026-09-08,0.916,0.674,1.197,0.813,1.029,rt,
masereka,2026-09-09,0.916,0.683,1.19,0.819,1.028,rt,
masereka,2026-09-10,0.922,0.683,1.187,0.821,1.033,rt,
masereka,2026-09-11,0.933,0.685,1.211,0.825,1.043,rt,
masereka,2026-09-12,0.942,0.686,1.241,0.83,1.057,rt,
masereka,2026-09-13,0.953,0.68,1.271,0.83,1.07,rt,
masereka,2026-09-14,0.979,0.685,1.331,0.841,1.111,rt,
masereka,2026-09-15,1.01,0.717,1.37,0.875,1.143,rt,
masereka,2026-09-16,1.042,0.747,1.417,0.903,1.179,rt,
masereka,2026-09-17,1.072,0.774,1.455,0.936,1.218,rt,
masereka,2026-09-18,1.102,0.785,1.51,0.954,1.247,rt,
masereka,2026-09-19,1.122,0.791,1.57,0.968,1.283,rt,
masereka,2026-09-20,1.143,0.793,1.627,0.984,1.327,rt,
masereka,2026-09-21,1.169,0.785,1.712,0.998,1.377,rt,
masereka,2026-09-22,1.175,0.796,1.749,1.01,1.401,rt,
masereka,2026-09-23,1.19,0.801,1.771,1.015,1.42,rt,
masereka,2026-09-24,1.201,0.798,1.828,1.022,1.44,rt,
masereka,2026-09-25,1.21,0.798,1.875,1.023,1.443,rt,
masereka,2026-09-26,1.217,0.786,1.932,1.021,1.464,rt,
masereka,2026-09-27,1.231,0.773,1.996,1.017,1.478,rt,
masereka,2026-09-28,1.226,0.745,2.023,0.999,1.481,rt,
masereka,2026-09-29,1.213,0.735,1.989,0.986,1.476,rt,
masereka,2026-09-30,1.203,0.722,1.974,0.976,1.472,rt,
masereka,2026-10-01,1.197,0.714,1.988,0.959,1.471,rt,
masereka,2026-10-02,1.187,0.697,2.008,0.947,1.469,rt,
masereka,2026-10-03,1.177,0.663,2.035,0.925,1.474,rt,
masereka,2026-10-04,1.164,0.636,2.083,0.907,1.484,rt,
masereka,2026-10-05,1.136,0.608,2.133,0.879,1.483,rt,
masereka,2026-10-06,1.104,0.587,2.115,0.852,1.429,rt,
musienene,2026-06-18,1.931,1.47,2.585,1.725,2.174,rt,
musienene,2026-06-19,1.899,1.472,2.549,1.703,2.128,rt,
musienene,2026-06-20,1.878,1.461,2.496,1.682,2.098,rt,
musienene,2026-06-21,1.849,1.432,2.495,1.648,2.075,rt,
musienene,2026-06-22,1.858,1.419,2.519,1.649,2.096,rt,
musienene,2026-06-23,1.851,1.424,2.486,1.662,2.085,rt,
musienene,2026-06-24,1.835,1.432,2.445,1.661,2.069,rt,
musienene,2026-06-25,1.831,1.421,2.425,1.66,2.055,rt,
musienene,2026-06-26,1.83,1.431,2.406,1.662,2.047,rt,
musienene,2026-06-27,1.829,1.43,2.409,1.658,2.033,rt,
musienene,2026-06-28,1.821,1.427,2.446,1.652,2.037,rt,
musienene,2026-06-29,1.797,1.393,2.453,1.625,2.025,rt,
musienene,2026-06-30,1.769,1.393,2.359,1.604,1.972,rt,
musienene,2026-07-01,1.746,1.383,2.287,1.585,1.931,rt,
musienene,2026-07-02,1.718,1.353,2.219,1.558,1.892,rt,
musienene,2026-07-03,1.69,1.334,2.139,1.532,1.849,rt,
musienene,2026-07-04,1.662,1.311,2.09,1.508,1.818,rt,
musienene,2026-07-05,1.629,1.283,2.077,1.471,1.789,rt,
musienene,2026-07-06,1.606,1.238,2.079,1.438,1.783,rt,
musienene,2026-07-07,1.575,1.235,2.012,1.422,1.745,rt,
musienene,2026-07-08,1.548,1.221,1.957,1.407,1.703,rt,
musienene,2026-07-09,1.52,1.208,1.908,1.379,1.67,rt,
musienene,2026-07-10,1.495,1.197,1.853,1.36,1.638,rt,
musienene,2026-07-11,1.466,1.17,1.821,1.332,1.611,rt,
musienene,2026-07-12,1.44,1.144,1.815,1.308,1.587,rt,
musienene,2026-07-13,1.409,1.098,1.802,1.27,1.558,rt,
musienene,2026-07-14,1.379,1.093,1.734,1.257,1.512,rt,
musienene,2026-07-15,1.352,1.08,1.678,1.237,1.476,rt,
musienene,2026-07-16,1.319,1.064,1.64,1.212,1.437,rt,
musienene,2026-07-17,1.288,1.051,1.585,1.186,1.404,rt,
musienene,2026-07-18,1.26,1.015,1.561,1.153,1.368,rt,
musienene,2026-07-19,1.236,0.977,1.534,1.12,1.343,rt,
musienene,2026-07-20,1.206,0.932,1.536,1.086,1.326,rt,
musienene,2026-07-21,1.19,0.933,1.483,1.079,1.3,rt,
musienene,2026-07-22,1.173,0.93,1.441,1.07,1.285,rt,
musienene,2026-07-23,1.159,0.92,1.424,1.059,1.264,rt,
musienene,2026-07-24,1.144,0.913,1.397,1.044,1.243,rt,
musienene,2026-07-25,1.128,0.901,1.385,1.03,1.224,rt,
musienene,2026-07-26,1.112,0.875,1.374,1.011,1.216,rt,
musienene,2026-07-27,1.106,0.854,1.382,0.995,1.221,rt,
musienene,2026-07-28,1.104,0.872,1.364,1.003,1.213,rt,
musienene,2026-07-29,1.106,0.88,1.349,1.009,1.205,rt,
musienene,2026-07-30,1.105,0.884,1.343,1.012,1.203,rt,
musienene,2026-07-31,1.104,0.896,1.346,1.019,1.2,rt,
musienene,2026-08-01,1.107,0.894,1.349,1.02,1.201,rt,
musienene,2026-08-02,1.11,0.88,1.369,1.018,1.21,rt,
musienene,2026-08-03,1.112,0.867,1.395,1.008,1.224,rt,
musienene,2026-08-04,1.119,0.886,1.388,1.021,1.22,rt,
musienene,2026-08-05,1.124,0.9,1.383,1.029,1.222,rt,
musienene,2026-08-06,1.13,0.908,1.383,1.037,1.23,rt,
musienene,2026-08-07,1.143,0.926,1.391,1.055,1.239,rt,
musienene,2026-08-08,1.155,0.928,1.417,1.06,1.253,rt,
musienene,2026-08-09,1.17,0.929,1.443,1.068,1.274,rt,
musienene,2026-08-10,1.177,0.916,1.483,1.068,1.29,rt,
musienene,2026-08-11,1.188,0.942,1.47,1.087,1.294,rt,
musienene,2026-08-12,1.199,0.963,1.465,1.096,1.297,rt,
musienene,2026-08-13,1.205,0.979,1.472,1.1,1.312,rt,
musienene,2026-08-14,1.213,0.996,1.47,1.108,1.316,rt,
musienene,2026-08-15,1.218,0.992,1.48,1.114,1.321,rt,
musienene,2026-08-16,1.223,0.982,1.523,1.115,1.335,rt,
musienene,2026-08-17,1.227,0.964,1.563,1.114,1.35,rt,
musienene,2026-08-18,1.221,0.972,1.531,1.118,1.341,rt,
musienene,2026-08-19,1.214,0.978,1.503,1.117,1.329,rt,
musienene,2026-08-20,1.208,0.968,1.488,1.109,1.321,rt,
musienene,2026-08-21,1.188,0.96,1.454,1.091,1.291,rt,
musienene,2026-08-22,1.164,0.942,1.436,1.071,1.268,rt,
musienene,2026-08-23,1.144,0.906,1.436,1.048,1.249,rt,
musienene,2026-08-24,1.112,0.864,1.422,1.009,1.22,rt,
musienene,2026-08-25,1.078,0.844,1.36,0.977,1.175,rt,
musienene,2026-08-26,1.038,0.82,1.3,0.945,1.132,rt,
musienene,2026-08-27,1.003,0.788,1.257,0.913,1.094,rt,
musienene,2026-08-28,0.956,0.749,1.214,0.871,1.049,rt,
musienene,2026-08-29,0.912,0.705,1.174,0.825,1.009,rt,
musienene,2026-08-30,0.871,0.657,1.142,0.781,0.972,rt,
musienene,2026-08-31,0.821,0.598,1.098,0.724,0.923,rt,
musienene,2026-09-01,0.786,0.582,1.03,0.695,0.877,rt,
musienene,2026-09-02,0.748,0.563,0.974,0.664,0.839,rt,
musienene,2026-09-03,0.719,0.542,0.923,0.638,0.803,rt,
musienene,2026-09-04,0.694,0.525,0.892,0.618,0.774,rt,
musienene,2026-09-05,0.676,0.502,0.868,0.598,0.753,rt,
musienene,2026-09-06,0.656,0.478,0.848,0.576,0.732,rt,
musienene,2026-09-07,0.646,0.457,0.85,0.56,0.727,rt,
musienene,2026-09-08,0.653,0.474,0.854,0.575,0.731,rt,
musienene,2026-09-09,0.659,0.489,0.865,0.589,0.741,rt,
musienene,2026-09-10,0.669,0.5,0.878,0.601,0.752,rt,
musienene,2026-09-11,0.688,0.517,0.889,0.614,0.766,rt,
musienene,2026-09-12,0.703,0.526,0.914,0.623,0.788,rt,
musienene,2026-09-13,0.718,0.524,0.95,0.63,0.812,rt,
musienene,2026-09-14,0.75,0.537,1.021,0.653,0.858,rt,
musienene,2026-09-15,0.782,0.566,1.05,0.684,0.886,rt,
musienene,2026-09-16,0.816,0.587,1.096,0.717,0.925,rt,
musienene,2026-09-17,0.849,0.604,1.149,0.745,0.968,rt,
musienene,2026-09-18,0.876,0.613,1.205,0.773,1.002,rt,
musienene,2026-09-19,0.904,0.622,1.258,0.792,1.037,rt,
musienene,2026-09-20,0.931,0.632,1.329,0.808,1.085,rt,
musienene,2026-09-21,0.957,0.639,1.42,0.824,1.129,rt,
musienene,2026-09-22,0.972,0.649,1.461,0.833,1.147,rt,
musienene,2026-09-23,0.984,0.66,1.493,0.842,1.167,rt,
musienene,2026-09-24,0.996,0.67,1.511,0.851,1.185,rt,
musienene,2026-09-25,1.004,0.672,1.545,0.855,1.202,rt,
musienene,2026-09-26,1.012,0.665,1.604,0.855,1.222,rt,
musienene,2026-09-27,1.02,0.66,1.655,0.859,1.246,rt,
musienene,2026-09-28,1.02,0.639,1.691,0.852,1.249,rt,
musienene,2026-09-29,1.013,0.632,1.674,0.845,1.251,rt,
musienene,2026-09-30,1.007,0.621,1.669,0.839,1.25,rt,
musienene,2026-10-01,1.003,0.607,1.684,0.83,1.242,rt,
musienene,2026-10-02,1.006,0.598,1.702,0.822,1.246,rt,
musienene,2026-10-03,1.004,0.575,1.73,0.814,1.252,rt,
musienene,2026-10-04,1.002,0.552,1.762,0.794,1.265,rt,
musienene,2026-10-05,0.99,0.527,1.816,0.767,1.266,rt,
musienene,2026-10-06,0.979,0.516,1.798,0.75,1.258,rt,
mutwanga,2026-08-16,1.589,1.412,1.817,1.512,1.678,rt,
mutwanga,2026-08-17,1.603,1.42,1.845,1.522,1.693,rt,
mutwanga,2026-08-18,1.615,1.433,1.856,1.532,1.709,rt,
mutwanga,2026-08-19,1.624,1.44,1.871,1.537,1.719,rt,
mutwanga,2026-08-20,1.629,1.438,1.883,1.54,1.732,rt,
mutwanga,2026-08-21,1.622,1.436,1.85,1.54,1.714,rt,
mutwanga,2026-08-22,1.609,1.431,1.831,1.531,1.697,rt,
mutwanga,2026-08-23,1.599,1.416,1.818,1.52,1.683,rt,
mutwanga,2026-08-24,1.576,1.387,1.787,1.49,1.656,rt,
mutwanga,2026-08-25,1.544,1.355,1.751,1.462,1.624,rt,
mutwanga,2026-08-26,1.513,1.32,1.727,1.433,1.589,rt,
mutwanga,2026-08-27,1.483,1.288,1.7,1.401,1.56,rt,
mutwanga,2026-08-28,1.435,1.258,1.632,1.363,1.509,rt,
mutwanga,2026-08-29,1.391,1.227,1.581,1.322,1.462,rt,
mutwanga,2026-08-30,1.349,1.185,1.542,1.279,1.419,rt,
mutwanga,2026-08-31,1.284,1.123,1.475,1.215,1.358,rt,
mutwanga,2026-09-01,1.228,1.075,1.413,1.161,1.303,rt,
mutwanga,2026-09-02,1.178,1.026,1.356,1.112,1.251,rt,
mutwanga,2026-09-03,1.13,0.976,1.304,1.067,1.201,rt,
mutwanga,2026-09-04,1.099,0.95,1.251,1.037,1.157,rt,
mutwanga,2026-09-05,1.063,0.926,1.205,1.008,1.121,rt,
mutwanga,2026-09-06,1.031,0.898,1.169,0.979,1.087,rt,
mutwanga,2026-09-07,1.015,0.877,1.156,0.963,1.073,rt,
mutwanga,2026-09-08,1.011,0.877,1.146,0.958,1.066,rt,
mutwanga,2026-09-09,1.007,0.873,1.144,0.952,1.061,rt,
mutwanga,2026-09-10,1.002,0.869,1.144,0.945,1.056,rt,
mutwanga,2026-09-11,1.003,0.876,1.139,0.949,1.053,rt,
mutwanga,2026-09-12,1.001,0.878,1.139,0.949,1.053,rt,
mutwanga,2026-09-13,1.001,0.874,1.139,0.946,1.055,rt,
mutwanga,2026-09-14,1.021,0.887,1.174,0.966,1.081,rt,
mutwanga,2026-09-15,1.044,0.906,1.205,0.983,1.106,rt,
mutwanga,2026-09-16,1.067,0.919,1.239,1.001,1.132,rt,
mutwanga,2026-09-17,1.089,0.93,1.279,1.017,1.158,rt,
mutwanga,2026-09-18,1.103,0.937,1.298,1.032,1.176,rt,
mutwanga,2026-09-19,1.114,0.935,1.327,1.043,1.189,rt,
mutwanga,2026-09-20,1.126,0.937,1.361,1.048,1.213,rt,
mutwanga,2026-09-21,1.141,0.936,1.401,1.053,1.241,rt,
mutwanga,2026-09-22,1.152,0.932,1.439,1.055,1.258,rt,
mutwanga,2026-09-23,1.162,0.923,1.467,1.056,1.28,rt,
mutwanga,2026-09-24,1.171,0.922,1.5,1.058,1.3,rt,
mutwanga,2026-09-25,1.177,0.914,1.527,1.057,1.313,rt,
mutwanga,2026-09-26,1.182,0.907,1.554,1.057,1.33,rt,
mutwanga,2026-09-27,1.189,0.9,1.581,1.057,1.353,rt,
mutwanga,2026-09-28,1.178,0.872,1.594,1.038,1.347,rt,
mutwanga,2026-09-29,1.169,0.855,1.6,1.027,1.345,rt,
mutwanga,2026-09-30,1.161,0.834,1.618,1.015,1.343,rt,
mutwanga,2026-10-01,1.153,0.812,1.622,1.001,1.341,rt,
mutwanga,2026-10-02,1.146,0.797,1.623,0.99,1.342,rt,
mutwanga,2026-10-03,1.14,0.769,1.642,0.976,1.337,rt,
mutwanga,2026-10-04,1.133,0.745,1.698,0.957,1.343,rt,
mutwanga,2026-10-05,1.114,0.704,1.714,0.927,1.33,rt,
mutwanga,2026-10-06,1.096,0.717,1.639,0.928,1.296,rt,
oicha,2026-08-05,1.472,1.082,1.949,1.306,1.655,rt,
oicha,2026-08-06,1.492,1.108,1.952,1.328,1.662,rt,
oicha,2026-08-07,1.52,1.148,1.975,1.362,1.685,rt,
oicha,2026-08-08,1.545,1.162,2.008,1.389,1.715,rt,
oicha,2026-08-09,1.566,1.172,2.075,1.4,1.748,rt,
oicha,2026-08-10,1.59,1.169,2.148,1.408,1.785,rt,
oicha,2026-08-11,1.618,1.216,2.134,1.446,1.811,rt,
oicha,2026-08-12,1.65,1.256,2.149,1.477,1.847,rt,
oicha,2026-08-13,1.676,1.28,2.185,1.504,1.887,rt,
oicha,2026-08-14,1.706,1.308,2.224,1.531,1.919,rt,
oicha,2026-08-15,1.735,1.317,2.284,1.549,1.948,rt,
oicha,2026-08-16,1.76,1.309,2.36,1.567,1.98,rt,
oicha,2026-08-17,1.792,1.302,2.449,1.587,2.023,rt,
oicha,2026-08-18,1.831,1.37,2.427,1.631,2.052,rt,
oicha,2026-08-19,1.873,1.437,2.451,1.671,2.085,rt,
oicha,2026-08-20,1.904,1.491,2.478,1.709,2.118,rt,
oicha,2026-08-21,1.923,1.494,2.491,1.725,2.131,rt,
oicha,2026-08-22,1.938,1.503,2.518,1.734,2.149,rt,
oicha,2026-08-23,1.951,1.505,2.573,1.743,2.167,rt,
oicha,2026-08-24,1.942,1.477,2.6,1.726,2.182,rt,
oicha,2026-08-25,1.95,1.507,2.565,1.742,2.174,rt,
oicha,2026-08-26,1.954,1.534,2.543,1.758,2.159,rt,
oicha,2026-08-27,1.958,1.537,2.535,1.769,2.161,rt,
oicha,2026-08-28,1.936,1.525,2.524,1.759,2.148,rt,
oicha,2026-08-29,1.923,1.5,2.516,1.734,2.136,rt,
oicha,2026-08-30,1.906,1.462,2.535,1.712,2.138,rt,
oicha,2026-08-31,1.854,1.396,2.508,1.65,2.101,rt,
oicha,2026-09-01,1.781,1.37,2.366,1.605,2.004,rt,
oicha,2026-09-02,1.717,1.329,2.254,1.553,1.915,rt,
oicha,2026-09-03,1.66,1.282,2.175,1.5,1.837,rt,
oicha,2026-09-04,1.618,1.254,2.096,1.466,1.782,rt,
oicha,2026-09-05,1.574,1.203,2.044,1.418,1.737,rt,
oicha,2026-09-06,1.536,1.162,2.011,1.37,1.701,rt,
oicha,2026-09-07,1.52,1.121,2.017,1.345,1.697,rt,
oicha,2026-09-08,1.474,1.119,1.916,1.315,1.637,rt,
oicha,2026-09-09,1.432,1.105,1.849,1.284,1.585,rt,
oicha,2026-09-10,1.394,1.073,1.801,1.247,1.538,rt,
oicha,2026-09-11,1.358,1.052,1.761,1.22,1.494,rt,
oicha,2026-09-12,1.325,1.015,1.72,1.194,1.471,rt,
oicha,2026-09-13,1.294,0.975,1.704,1.155,1.446,rt,
oicha,2026-09-14,1.293,0.948,1.728,1.144,1.451,rt,
oicha,2026-09-15,1.287,0.952,1.697,1.145,1.442,rt,
oicha,2026-09-16,1.286,0.953,1.687,1.139,1.441,rt,
oicha,2026-09-17,1.276,0.944,1.677,1.129,1.436,rt,
oicha,2026-09-18,1.26,0.929,1.667,1.109,1.42,rt,
oicha,2026-09-19,1.244,0.898,1.693,1.086,1.405,rt,
oicha,2026-09-20,1.229,0.869,1.704,1.065,1.403,rt,
oicha,2026-09-21,1.211,0.83,1.73,1.043,1.407,rt,
oicha,2026-09-22,1.217,0.834,1.73,1.048,1.406,rt,
oicha,2026-09-23,1.224,0.829,1.744,1.048,1.418,rt,
oicha,2026-09-24,1.229,0.826,1.775,1.047,1.429,rt,
oicha,2026-09-25,1.228,0.81,1.834,1.036,1.434,rt,
oicha,2026-09-26,1.231,0.788,1.87,1.031,1.45,rt,
oicha,2026-09-27,1.228,0.768,1.927,1.02,1.463,rt,
oicha,2026-09-28,1.207,0.739,1.954,0.989,1.458,rt,
oicha,2026-09-29,1.195,0.727,1.947,0.98,1.454,rt,
oicha,2026-09-30,1.182,0.712,1.918,0.966,1.437,rt,
oicha,2026-10-01,1.176,0.699,1.93,0.955,1.437,rt,
oicha,2026-10-02,1.17,0.698,1.945,0.943,1.441,rt,
oicha,2026-10-03,1.153,0.67,1.975,0.923,1.438,rt,
oicha,2026-10-04,1.153,0.644,2.0,0.902,1.443,rt,
oicha,2026-10-05,1.124,0.6,2.049,0.862,1.444,rt,
oicha,2026-10-06,1.102,0.577,2.051,0.865,1.405,rt,
vuhovi,2026-08-06,1.601,1.265,1.982,1.464,1.743,rt,
vuhovi,2026-08-07,1.619,1.288,2.008,1.483,1.769,rt,
vuhovi,2026-08-08,1.644,1.32,2.042,1.501,1.794,rt,
vuhovi,2026-08-09,1.661,1.327,2.099,1.514,1.815,rt,
vuhovi,2026-08-10,1.673,1.323,2.15,1.52,1.841,rt,
vuhovi,2026-08-11,1.701,1.349,2.174,1.547,1.869,rt,
vuhovi,2026-08-12,1.73,1.379,2.179,1.571,1.893,rt,
vuhovi,2026-08-13,1.754,1.397,2.21,1.592,1.928,rt,
vuhovi,2026-08-14,1.77,1.427,2.234,1.618,1.95,rt,
vuhovi,2026-08-15,1.789,1.446,2.254,1.636,1.972,rt,
vuhovi,2026-08-16,1.815,1.456,2.305,1.654,1.996,rt,
vuhovi,2026-08-17,1.832,1.457,2.344,1.668,2.023,rt,
vuhovi,2026-08-18,1.854,1.482,2.346,1.684,2.032,rt,
vuhovi,2026-08-19,1.863,1.508,2.359,1.703,2.047,rt,
vuhovi,2026-08-20,1.872,1.522,2.359,1.709,2.062,rt,
vuhovi,2026-08-21,1.871,1.518,2.347,1.706,2.046,rt,
vuhovi,2026-08-22,1.86,1.502,2.357,1.7,2.036,rt,
vuhovi,2026-08-23,1.852,1.476,2.364,1.687,2.026,rt,
vuhovi,2026-08-24,1.817,1.427,2.354,1.654,2.0,rt,
vuhovi,2026-08-25,1.779,1.398,2.272,1.621,1.956,rt,
vuhovi,2026-08-26,1.739,1.369,2.192,1.583,1.897,rt,
vuhovi,2026-08-27,1.697,1.34,2.116,1.54,1.851,rt,
vuhovi,2026-08-28,1.636,1.297,2.046,1.485,1.791,rt,
vuhovi,2026-08-29,1.576,1.239,1.974,1.431,1.732,rt,
vuhovi,2026-08-30,1.516,1.187,1.916,1.383,1.681,rt,
vuhovi,2026-08-31,1.435,1.111,1.85,1.301,1.598,rt,
vuhovi,2026-09-01,1.36,1.062,1.742,1.238,1.508,rt,
vuhovi,2026-09-02,1.291,1.017,1.648,1.178,1.425,rt,
vuhovi,2026-09-03,1.229,0.964,1.568,1.117,1.352,rt,
vuhovi,2026-09-04,1.178,0.925,1.506,1.076,1.301,rt,
vuhovi,2026-09-05,1.13,0.889,1.445,1.029,1.254,rt,
vuhovi,2026-09-06,1.084,0.849,1.408,0.983,1.209,rt,
vuhovi,2026-09-07,1.059,0.812,1.398,0.956,1.187,rt,
vuhovi,2026-09-08,1.049,0.811,1.364,0.951,1.166,rt,
vuhovi,2026-09-09,1.038,0.81,1.341,0.941,1.149,rt,
vuhovi,2026-09-10,1.027,0.801,1.318,0.929,1.134,rt,
vuhovi,2026-09-11,1.022,0.806,1.297,0.924,1.125,rt,
vuhovi,2026-09-12,1.017,0.8,1.292,0.916,1.122,rt,
vuhovi,2026-09-13,1.009,0.787,1.295,0.907,1.121,rt,
vuhovi,2026-09-14,1.024,0.781,1.331,0.915,1.147,rt,
vuhovi,2026-09-15,1.046,0.8,1.346,0.938,1.173,rt,
vuhovi,2026-09-16,1.067,0.82,1.372,0.955,1.192,rt,
vuhovi,2026-09-17,1.087,0.835,1.405,0.973,1.211,rt,
vuhovi,2026-09-18,1.099,0.835,1.426,0.983,1.228,rt,
vuhovi,2026-09-19,1.108,0.825,1.45,0.986,1.246,rt,
vuhovi,2026-09-20,1.122,0.82,1.495,0.991,1.266,rt,
vuhovi,2026-09-21,1.132,0.81,1.54,0.999,1.292,rt,
vuhovi,2026-09-22,1.143,0.808,1.559,1.002,1.306,rt,
vuhovi,2026-09-23,1.153,0.805,1.595,1.008,1.322,rt,
vuhovi,2026-09-24,1.166,0.803,1.638,1.012,1.341,rt,
vuhovi,2026-09-25,1.169,0.796,1.678,1.014,1.355,rt,
vuhovi,2026-09-26,1.173,0.788,1.721,1.007,1.373,rt,
vuhovi,2026-09-27,1.178,0.785,1.769,1.001,1.394,rt,
vuhovi,2026-09-28,1.17,0.756,1.788,0.983,1.398,rt,
vuhovi,2026-09-29,1.159,0.747,1.783,0.969,1.393,rt,
vuhovi,2026-09-30,1.149,0.73,1.788,0.956,1.383,rt,
vuhovi,2026-10-01,1.141,0.712,1.783,0.947,1.378,rt,
vuhovi,2026-10-02,1.137,0.7,1.79,0.936,1.378,rt,
vuhovi,2026-10-03,1.125,0.691,1.814,0.919,1.377,rt,
vuhovi,2026-10-04,1.121,0.667,1.864,0.901,1.379,rt,
vuhovi,2026-10-05,1.097,0.628,1.905,0.877,1.361,rt,
vuhovi,2026-10-06,1.076,0.61,1.829,0.867,1.347,rt,
boma_mangbetu,2026-07-13,1.761,1.328,2.338,1.576,1.964,rt,
boma_mangbetu,2026-07-14,1.716,1.313,2.236,1.545,1.905,rt,
boma_mangbetu,2026-07-15,1.673,1.284,2.165,1.504,1.853,rt,
boma_mangbetu,2026-07-16,1.632,1.264,2.114,1.472,1.81,rt,
boma_mangbetu,2026-07-17,1.588,1.234,2.039,1.446,1.754,rt,
boma_mangbetu,2026-07-18,1.553,1.193,1.985,1.411,1.711,rt,
boma_mangbetu,2026-07-19,1.511,1.157,1.946,1.374,1.675,rt,
boma_mangbetu,2026-07-20,1.487,1.119,1.915,1.338,1.657,rt,
boma_mangbetu,2026-07-21,1.456,1.128,1.86,1.321,1.613,rt,
boma_mangbetu,2026-07-22,1.426,1.119,1.82,1.294,1.575,rt,
boma_mangbetu,2026-07-23,1.396,1.102,1.777,1.271,1.543,rt,
boma_mangbetu,2026-07-24,1.372,1.086,1.748,1.258,1.514,rt,
boma_mangbetu,2026-07-25,1.355,1.069,1.728,1.244,1.486,rt,
boma_mangbetu,2026-07-26,1.333,1.048,1.726,1.218,1.465,rt,
boma_mangbetu,2026-07-27,1.315,1.014,1.709,1.189,1.444,rt,
boma_mangbetu,2026-07-28,1.29,1.015,1.657,1.172,1.413,rt,
boma_mangbetu,2026-07-29,1.265,1.0,1.614,1.153,1.382,rt,
boma_mangbetu,2026-07-30,1.24,0.976,1.567,1.13,1.358,rt,
boma_mangbetu,2026-07-31,1.214,0.955,1.525,1.106,1.331,rt,
boma_mangbetu,2026-08-01,1.187,0.926,1.496,1.079,1.307,rt,
boma_mangbetu,2026-08-02,1.162,0.892,1.476,1.05,1.286,rt,
boma_mangbetu,2026-08-03,1.142,0.86,1.477,1.024,1.269,rt,
boma_mangbetu,2026-08-04,1.139,0.865,1.453,1.016,1.255,rt,
boma_mangbetu,2026-08-05,1.13,0.866,1.431,1.012,1.244,rt,
boma_mangbetu,2026-08-06,1.12,0.87,1.416,1.006,1.236,rt,
boma_mangbetu,2026-08-07,1.105,0.866,1.395,0.997,1.22,rt,
boma_mangbetu,2026-08-08,1.095,0.851,1.384,0.985,1.208,rt,
boma_mangbetu,2026-08-09,1.082,0.825,1.369,0.971,1.202,rt,
boma_mangbetu,2026-08-10,1.06,0.794,1.363,0.946,1.178,rt,
boma_mangbetu,2026-08-11,1.049,0.792,1.325,0.938,1.159,rt,
boma_mangbetu,2026-08-12,1.034,0.783,1.301,0.928,1.14,rt,
boma_mangbetu,2026-08-13,1.02,0.775,1.283,0.916,1.127,rt,
boma_mangbetu,2026-08-14,0.993,0.756,1.242,0.898,1.1,rt,
boma_mangbetu,2026-08-15,0.969,0.741,1.214,0.879,1.074,rt,
boma_mangbetu,2026-08-16,0.946,0.721,1.198,0.851,1.05,rt,
boma_mangbetu,2026-08-17,0.927,0.695,1.197,0.828,1.029,rt,
boma_mangbetu,2026-08-18,0.912,0.691,1.163,0.819,1.01,rt,
boma_mangbetu,2026-08-19,0.892,0.675,1.137,0.805,0.991,rt,
boma_mangbetu,2026-08-20,0.878,0.663,1.119,0.791,0.97,rt,
boma_mangbetu,2026-08-21,0.87,0.662,1.106,0.786,0.957,rt,
boma_mangbetu,2026-08-22,0.863,0.658,1.1,0.776,0.949,rt,
boma_mangbetu,2026-08-23,0.854,0.65,1.1,0.764,0.944,rt,
boma_mangbetu,2026-08-24,0.865,0.649,1.127,0.77,0.962,rt,
boma_mangbetu,2026-08-25,0.876,0.675,1.135,0.787,0.974,rt,
boma_mangbetu,2026-08-26,0.89,0.686,1.141,0.797,0.988,rt,
boma_mangbetu,2026-08-27,0.899,0.693,1.157,0.808,1.0,rt,
boma_mangbetu,2026-08-28,0.922,0.71,1.168,0.825,1.016,rt,
boma_mangbetu,2026-08-29,0.938,0.722,1.18,0.842,1.036,rt,
boma_mangbetu,2026-08-30,0.952,0.73,1.217,0.855,1.054,rt,
boma_mangbetu,2026-08-31,0.972,0.734,1.259,0.869,1.081,rt,
boma_mangbetu,2026-09-01,0.99,0.753,1.273,0.885,1.099,rt,
boma_mangbetu,2026-09-02,1.007,0.768,1.29,0.901,1.116,rt,
boma_mangbetu,2026-09-03,1.022,0.78,1.32,0.915,1.131,rt,
boma_mangbetu,2026-09-04,1.036,0.794,1.331,0.929,1.14,rt,
boma_mangbetu,2026-09-05,1.046,0.795,1.342,0.936,1.154,rt,
boma_mangbetu,2026-09-06,1.051,0.797,1.376,0.944,1.173,rt,
boma_mangbetu,2026-09-07,1.046,0.787,1.389,0.94,1.175,rt,
boma_mangbetu,2026-09-08,1.042,0.786,1.377,0.93,1.16,rt,
boma_mangbetu,2026-09-09,1.037,0.785,1.367,0.926,1.151,rt,
boma_mangbetu,2026-09-10,1.032,0.781,1.36,0.916,1.147,rt,
boma_mangbetu,2026-09-11,1.015,0.774,1.335,0.903,1.128,rt,
boma_mangbetu,2026-09-12,0.999,0.762,1.317,0.89,1.118,rt,
boma_mangbetu,2026-09-13,0.986,0.738,1.314,0.873,1.11,rt,
boma_mangbetu,2026-09-14,0.967,0.713,1.305,0.853,1.098,rt,
boma_mangbetu,2026-09-15,0.95,0.702,1.283,0.838,1.08,rt,
boma_mangbetu,2026-09-16,0.937,0.685,1.266,0.825,1.057,rt,
boma_mangbetu,2026-09-17,0.918,0.664,1.255,0.808,1.046,rt,
boma_mangbetu,2026-09-18,0.908,0.657,1.251,0.798,1.032,rt,
boma_mangbetu,2026-09-19,0.899,0.642,1.233,0.785,1.02,rt,
boma_mangbetu,2026-09-20,0.886,0.622,1.238,0.769,1.017,rt,
boma_mangbetu,2026-09-21,0.879,0.607,1.254,0.752,1.023,rt,
boma_mangbetu,2026-09-22,0.868,0.602,1.25,0.746,1.023,rt,
boma_mangbetu,2026-09-23,0.862,0.59,1.258,0.737,1.021,rt,
boma_mangbetu,2026-09-24,0.859,0.573,1.263,0.725,1.016,rt,
boma_mangbetu,2026-09-25,0.849,0.558,1.259,0.712,1.009,rt,
boma_mangbetu,2026-09-26,0.835,0.541,1.271,0.7,1.006,rt,
boma_mangbetu,2026-09-27,0.823,0.529,1.277,0.693,1.006,rt,
boma_mangbetu,2026-09-28,0.819,0.515,1.29,0.683,1.013,rt,
boma_mangbetu,2026-09-29,0.816,0.508,1.29,0.678,1.012,rt,
boma_mangbetu,2026-09-30,0.818,0.506,1.295,0.673,1.005,rt,
boma_mangbetu,2026-10-01,0.811,0.495,1.306,0.666,1.002,rt,
boma_mangbetu,2026-10-02,0.813,0.481,1.324,0.66,1.01,rt,
boma_mangbetu,2026-10-03,0.809,0.464,1.341,0.648,1.014,rt,
boma_mangbetu,2026-10-04,0.806,0.444,1.373,0.639,1.028,rt,
boma_mangbetu,2026-10-05,0.814,0.426,1.433,0.633,1.047,rt,
boma_mangbetu,2026-10-06,0.817,0.444,1.422,0.634,1.034,rt,
isiro,2026-07-08,2.974,2.216,4.282,2.644,3.447,rt,
isiro,2026-07-09,2.907,2.172,4.119,2.579,3.339,rt,
isiro,2026-07-10,2.829,2.136,3.899,2.511,3.2,rt,
isiro,2026-07-11,2.744,2.08,3.77,2.443,3.089,rt,
isiro,2026-07-12,2.654,2.019,3.664,2.373,2.989,rt,
isiro,2026-07-13,2.566,1.941,3.582,2.297,2.888,rt,
isiro,2026-07-14,2.467,1.906,3.361,2.228,2.75,rt,
isiro,2026-07-15,2.382,1.856,3.165,2.156,2.626,rt,
isiro,2026-07-16,2.287,1.799,3.007,2.082,2.51,rt,
isiro,2026-07-17,2.196,1.755,2.837,2.009,2.419,rt,
isiro,2026-07-18,2.114,1.693,2.713,1.932,2.323,rt,
isiro,2026-07-19,2.036,1.613,2.61,1.852,2.248,rt,
isiro,2026-07-20,1.962,1.54,2.554,1.781,2.186,rt,
isiro,2026-07-21,1.907,1.521,2.451,1.746,2.116,rt,
isiro,2026-07-22,1.854,1.494,2.364,1.696,2.041,rt,
isiro,2026-07-23,1.803,1.46,2.297,1.654,1.979,rt,
isiro,2026-07-24,1.763,1.448,2.221,1.623,1.927,rt,
isiro,2026-07-25,1.725,1.411,2.163,1.585,1.879,rt,
isiro,2026-07-26,1.692,1.361,2.127,1.546,1.845,rt,
isiro,2026-07-27,1.644,1.299,2.098,1.497,1.81,rt,
isiro,2026-07-28,1.612,1.304,2.024,1.481,1.763,rt,
isiro,2026-07-29,1.587,1.287,1.972,1.457,1.726,rt,
isiro,2026-07-30,1.553,1.267,1.925,1.43,1.691,rt,
isiro,2026-07-31,1.518,1.248,1.863,1.403,1.649,rt,
isiro,2026-08-01,1.489,1.215,1.822,1.375,1.617,rt,
isiro,2026-08-02,1.45,1.176,1.795,1.336,1.584,rt,
isiro,2026-08-03,1.425,1.136,1.783,1.302,1.565,rt,
isiro,2026-08-04,1.377,1.111,1.715,1.269,1.508,rt,
isiro,2026-08-05,1.336,1.086,1.655,1.228,1.45,rt,
isiro,2026-08-06,1.294,1.051,1.617,1.189,1.403,rt,
isiro,2026-08-07,1.243,1.014,1.55,1.145,1.342,rt,
isiro,2026-08-08,1.199,0.976,1.5,1.103,1.297,rt,
isiro,2026-08-09,1.152,0.931,1.451,1.06,1.258,rt,
isiro,2026-08-10,1.097,0.872,1.393,1.0,1.209,rt,
isiro,2026-08-11,1.045,0.835,1.316,0.956,1.144,rt,
isiro,2026-08-12,0.991,0.791,1.235,0.908,1.085,rt,
isiro,2026-08-13,0.941,0.743,1.174,0.859,1.033,rt,
isiro,2026-08-14,0.887,0.702,1.101,0.813,0.969,rt,
isiro,2026-08-15,0.835,0.658,1.045,0.762,0.912,rt,
isiro,2026-08-16,0.785,0.602,0.999,0.712,0.867,rt,
isiro,2026-08-17,0.741,0.551,0.955,0.664,0.82,rt,
isiro,2026-08-18,0.705,0.526,0.903,0.629,0.78,rt,
isiro,2026-08-19,0.669,0.497,0.86,0.596,0.738,rt,
isiro,2026-08-20,0.637,0.47,0.817,0.566,0.703,rt,
isiro,2026-08-21,0.609,0.45,0.779,0.544,0.676,rt,
isiro,2026-08-22,0.582,0.429,0.749,0.521,0.65,rt,
isiro,2026-08-23,0.56,0.405,0.725,0.495,0.628,rt,
isiro,2026-08-24,0.549,0.387,0.724,0.479,0.621,rt,
isiro,2026-08-25,0.538,0.383,0.707,0.47,0.606,rt,
isiro,2026-08-26,0.528,0.377,0.688,0.462,0.592,rt,
isiro,2026-08-27,0.515,0.366,0.679,0.449,0.579,rt,
isiro,2026-08-28,0.505,0.358,0.668,0.443,0.571,rt,
isiro,2026-08-29,0.497,0.345,0.657,0.433,0.563,rt,
isiro,2026-08-30,0.487,0.336,0.65,0.419,0.557,rt,
isiro,2026-08-31,0.481,0.32,0.657,0.406,0.556,rt,
isiro,2026-09-01,0.48,0.323,0.652,0.409,0.554,rt,
isiro,2026-09-02,0.479,0.324,0.649,0.41,0.552,rt,
isiro,2026-09-03,0.48,0.322,0.654,0.407,0.552,rt,
isiro,2026-09-04,0.476,0.319,0.649,0.401,0.548,rt,
isiro,2026-09-05,0.471,0.315,0.653,0.397,0.546,rt,
isiro,2026-09-06,0.467,0.307,0.655,0.393,0.547,rt,
isiro,2026-09-07,0.455,0.297,0.658,0.383,0.539,rt,
isiro,2026-09-08,0.45,0.298,0.65,0.382,0.537,rt,
isiro,2026-09-09,0.448,0.295,0.651,0.38,0.535,rt,
isiro,2026-09-10,0.449,0.292,0.651,0.377,0.533,rt,
isiro,2026-09-11,0.445,0.282,0.644,0.372,0.526,rt,
isiro,2026-09-12,0.44,0.273,0.646,0.366,0.522,rt,
isiro,2026-09-13,0.437,0.267,0.65,0.36,0.519,rt,
isiro,2026-09-14,0.431,0.258,0.651,0.351,0.519,rt,
isiro,2026-09-15,0.428,0.258,0.64,0.348,0.516,rt,
isiro,2026-09-16,0.427,0.256,0.639,0.344,0.515,rt,
isiro,2026-09-17,0.426,0.256,0.641,0.34,0.513,rt,
isiro,2026-09-18,0.424,0.252,0.643,0.339,0.512,rt,
isiro,2026-09-19,0.423,0.251,0.656,0.337,0.515,rt,
isiro,2026-09-20,0.423,0.243,0.665,0.335,0.519,rt,
isiro,2026-09-21,0.424,0.237,0.684,0.332,0.525,rt,
isiro,2026-09-22,0.43,0.24,0.69,0.336,0.531,rt,
isiro,2026-09-23,0.435,0.242,0.699,0.341,0.541,rt,
isiro,2026-09-24,0.44,0.238,0.709,0.342,0.547,rt,
isiro,2026-09-25,0.443,0.237,0.725,0.343,0.55,rt,
isiro,2026-09-26,0.445,0.234,0.752,0.344,0.561,rt,
isiro,2026-09-27,0.447,0.226,0.772,0.342,0.57,rt,
isiro,2026-09-28,0.45,0.223,0.804,0.342,0.583,rt,
isiro,2026-09-29,0.459,0.229,0.821,0.348,0.584,rt,
isiro,2026-09-30,0.464,0.231,0.835,0.349,0.591,rt,
isiro,2026-10-01,0.47,0.235,0.857,0.351,0.599,rt,
isiro,2026-10-02,0.475,0.234,0.884,0.356,0.609,rt,
isiro,2026-10-03,0.48,0.233,0.914,0.36,0.622,rt,
isiro,2026-10-04,0.484,0.229,0.964,0.363,0.642,rt,
isiro,2026-10-05,0.497,0.226,1.019,0.366,0.668,rt,
isiro,2026-10-06,0.538,0.255,1.129,0.406,0.723,rt,
pawa,2026-07-11,2.111,1.562,2.87,1.882,2.368,rt,
pawa,2026-07-12,2.048,1.521,2.787,1.819,2.312,rt,
pawa,2026-07-13,1.982,1.462,2.698,1.744,2.252,rt,
pawa,2026-07-14,1.922,1.441,2.569,1.698,2.175,rt,
pawa,2026-07-15,1.865,1.404,2.481,1.653,2.111,rt,
pawa,2026-07-16,1.815,1.361,2.396,1.61,2.045,rt,
pawa,2026-07-17,1.762,1.335,2.323,1.571,1.975,rt,
pawa,2026-07-18,1.714,1.296,2.251,1.529,1.914,rt,
pawa,2026-07-19,1.663,1.241,2.178,1.485,1.855,rt,
pawa,2026-07-20,1.626,1.202,2.156,1.445,1.816,rt,
pawa,2026-07-21,1.594,1.187,2.089,1.431,1.767,rt,
pawa,2026-07-22,1.566,1.184,2.029,1.413,1.731,rt,
pawa,2026-07-23,1.541,1.17,1.996,1.387,1.702,rt,
pawa,2026-07-24,1.522,1.161,1.949,1.376,1.68,rt,
pawa,2026-07-25,1.505,1.141,1.915,1.353,1.665,rt,
pawa,2026-07-26,1.48,1.114,1.893,1.332,1.647,rt,
pawa,2026-07-27,1.459,1.064,1.878,1.309,1.631,rt,
pawa,2026-07-28,1.452,1.088,1.848,1.313,1.617,rt,
pawa,2026-07-29,1.45,1.111,1.828,1.31,1.605,rt,
pawa,2026-07-30,1.443,1.116,1.828,1.31,1.601,rt,
pawa,2026-07-31,1.434,1.117,1.801,1.307,1.578,rt,
pawa,2026-08-01,1.431,1.12,1.787,1.299,1.564,rt,
pawa,2026-08-02,1.424,1.101,1.78,1.284,1.561,rt,
pawa,2026-08-03,1.417,1.078,1.788,1.276,1.573,rt,
pawa,2026-08-04,1.439,1.125,1.792,1.296,1.584,rt,
pawa,2026-08-05,1.457,1.148,1.804,1.32,1.598,rt,
pawa,2026-08-06,1.472,1.168,1.817,1.343,1.616,rt,
pawa,2026-08-07,1.49,1.189,1.822,1.357,1.619,rt,
pawa,2026-08-08,1.5,1.202,1.846,1.375,1.63,rt,
pawa,2026-08-09,1.511,1.204,1.887,1.38,1.644,rt,
pawa,2026-08-10,1.505,1.188,1.917,1.373,1.647,rt,
pawa,2026-08-11,1.499,1.192,1.897,1.368,1.637,rt,
pawa,2026-08-12,1.497,1.197,1.872,1.363,1.63,rt,
pawa,2026-08-13,1.488,1.187,1.875,1.353,1.625,rt,
pawa,2026-08-14,1.464,1.176,1.852,1.335,1.603,rt,
pawa,2026-08-15,1.443,1.161,1.843,1.313,1.583,rt,
pawa,2026-08-16,1.419,1.135,1.85,1.289,1.57,rt,
pawa,2026-08-17,1.398,1.111,1.844,1.264,1.56,rt,
pawa,2026-08-18,1.361,1.093,1.779,1.235,1.514,rt,
pawa,2026-08-19,1.32,1.063,1.721,1.206,1.471,rt,
pawa,2026-08-20,1.288,1.031,1.657,1.17,1.432,rt,
pawa,2026-08-21,1.262,1.023,1.61,1.152,1.401,rt,
pawa,2026-08-22,1.239,1.005,1.577,1.132,1.372,rt,
pawa,2026-08-23,1.216,0.983,1.549,1.113,1.335,rt,
pawa,2026-08-24,1.219,0.977,1.555,1.111,1.343,rt,
pawa,2026-08-25,1.217,0.976,1.52,1.109,1.325,rt,
pawa,2026-08-26,1.208,0.971,1.501,1.105,1.315,rt,
pawa,2026-08-27,1.198,0.968,1.478,1.097,1.303,rt,
pawa,2026-08-28,1.194,0.971,1.459,1.094,1.294,rt,
pawa,2026-08-29,1.188,0.965,1.442,1.091,1.283,rt,
pawa,2026-08-30,1.179,0.955,1.44,1.085,1.273,rt,
pawa,2026-08-31,1.174,0.946,1.449,1.08,1.279,rt,
pawa,2026-09-01,1.174,0.946,1.437,1.074,1.273,rt,
pawa,2026-09-02,1.17,0.94,1.439,1.071,1.266,rt,
pawa,2026-09-03,1.167,0.934,1.442,1.069,1.263,rt,
pawa,2026-09-04,1.154,0.929,1.412,1.062,1.249,rt,
pawa,2026-09-05,1.143,0.921,1.395,1.051,1.231,rt,
pawa,2026-09-06,1.13,0.909,1.382,1.037,1.223,rt,
pawa,2026-09-07,1.103,0.874,1.361,1.009,1.202,rt,
pawa,2026-09-08,1.087,0.867,1.342,0.994,1.182,rt,
pawa,2026-09-09,1.069,0.852,1.322,0.975,1.163,rt,
pawa,2026-09-10,1.053,0.835,1.313,0.958,1.152,rt,
pawa,2026-09-11,1.03,0.813,1.276,0.933,1.126,rt,
pawa,2026-09-12,1.008,0.792,1.251,0.914,1.104,rt,
pawa,2026-09-13,0.984,0.764,1.236,0.892,1.086,rt,
pawa,2026-09-14,0.958,0.73,1.22,0.861,1.064,rt,
pawa,2026-09-15,0.937,0.714,1.197,0.842,1.039,rt,
pawa,2026-09-16,0.917,0.691,1.177,0.821,1.021,rt,
pawa,2026-09-17,0.897,0.666,1.157,0.8,1.004,rt,
pawa,2026-09-18,0.878,0.658,1.144,0.786,0.99,rt,
pawa,2026-09-19,0.863,0.635,1.131,0.769,0.97,rt,
pawa,2026-09-20,0.848,0.613,1.136,0.75,0.957,rt,
pawa,2026-09-21,0.838,0.596,1.141,0.736,0.954,rt,
pawa,2026-09-22,0.829,0.586,1.141,0.722,0.949,rt,
pawa,2026-09-23,0.823,0.574,1.145,0.712,0.943,rt,
pawa,2026-09-24,0.817,0.559,1.154,0.702,0.94,rt,
pawa,2026-09-25,0.809,0.541,1.149,0.688,0.935,rt,
pawa,2026-09-26,0.795,0.518,1.156,0.679,0.928,rt,
pawa,2026-09-27,0.784,0.497,1.157,0.662,0.924,rt,
pawa,2026-09-28,0.78,0.479,1.169,0.653,0.925,rt,
pawa,2026-09-29,0.775,0.473,1.17,0.648,0.929,rt,
pawa,2026-09-30,0.769,0.467,1.176,0.64,0.926,rt,
pawa,2026-10-01,0.77,0.462,1.187,0.635,0.926,rt,
pawa,2026-10-02,0.769,0.449,1.219,0.622,0.931,rt,
pawa,2026-10-03,0.763,0.442,1.248,0.61,0.938,rt,
pawa,2026-10-04,0.762,0.421,1.308,0.599,0.951,rt,
pawa,2026-10-05,0.767,0.414,1.369,0.594,0.969,rt,
pawa,2026-10-06,0.779,0.416,1.323,0.616,0.977,rt,
rungu,2026-10-03,0.733,0.459,1.124,0.61,0.874,rt,
rungu,2026-10-04,0.734,0.446,1.166,0.601,0.884,rt,
rungu,2026-10-05,0.74,0.437,1.227,0.595,0.902,rt,
rungu,2026-10-06,0.768,0.461,1.225,0.625,0.925,rt,
wamba,2026-07-01,2.436,1.819,3.26,2.181,2.705,rt,
wamba,2026-07-02,2.369,1.761,3.152,2.124,2.636,rt,
wamba,2026-07-03,2.299,1.751,3.004,2.071,2.542,rt,
wamba,2026-07-04,2.239,1.705,2.916,2.011,2.469,rt,
wamba,2026-07-05,2.167,1.646,2.846,1.95,2.401,rt,
wamba,2026-07-06,2.078,1.544,2.747,1.855,2.323,rt,
wamba,2026-07-07,2.025,1.525,2.632,1.816,2.254,rt,
wamba,2026-07-08,1.977,1.503,2.543,1.771,2.19,rt,
wamba,2026-07-09,1.928,1.473,2.47,1.726,2.134,rt,
wamba,2026-07-10,1.865,1.442,2.375,1.693,2.056,rt,
wamba,2026-07-11,1.813,1.405,2.305,1.654,2.003,rt,
wamba,2026-07-12,1.766,1.353,2.243,1.604,1.952,rt,
wamba,2026-07-13,1.719,1.276,2.196,1.549,1.902,rt,
wamba,2026-07-14,1.688,1.28,2.136,1.531,1.863,rt,
wamba,2026-07-15,1.657,1.285,2.091,1.509,1.824,rt,
wamba,2026-07-16,1.634,1.282,2.059,1.492,1.797,rt,
wamba,2026-07-17,1.603,1.296,2.01,1.474,1.759,rt,
wamba,2026-07-18,1.58,1.274,1.99,1.452,1.727,rt,
wamba,2026-07-19,1.56,1.244,1.972,1.427,1.702,rt,
wamba,2026-07-20,1.549,1.214,1.999,1.405,1.697,rt,
wamba,2026-07-21,1.524,1.206,1.947,1.394,1.669,rt,
wamba,2026-07-22,1.5,1.202,1.909,1.379,1.638,rt,
wamba,2026-07-23,1.482,1.192,1.875,1.362,1.616,rt,
wamba,2026-07-24,1.464,1.188,1.84,1.349,1.599,rt,
wamba,2026-07-25,1.452,1.181,1.831,1.333,1.583,rt,
wamba,2026-07-26,1.434,1.161,1.822,1.316,1.572,rt,
wamba,2026-07-27,1.412,1.119,1.83,1.294,1.567,rt,
wamba,2026-07-28,1.387,1.117,1.757,1.268,1.519,rt,
wamba,2026-07-29,1.356,1.109,1.697,1.248,1.473,rt,
wamba,2026-07-30,1.324,1.086,1.648,1.217,1.436,rt,
wamba,2026-07-31,1.285,1.063,1.587,1.191,1.398,rt,
wamba,2026-08-01,1.253,1.033,1.545,1.158,1.359,rt,
wamba,2026-08-02,1.221,0.992,1.518,1.12,1.329,rt,
wamba,2026-08-03,1.197,0.944,1.514,1.085,1.314,rt,
wamba,2026-08-04,1.178,0.943,1.471,1.08,1.288,rt,
wamba,2026-08-05,1.165,0.938,1.432,1.069,1.269,rt,
wamba,2026-08-06,1.149,0.924,1.411,1.055,1.252,rt,
wamba,2026-08-07,1.13,0.914,1.37,1.035,1.23,rt,
wamba,2026-08-08,1.112,0.901,1.34,1.012,1.207,rt,
wamba,2026-08-09,1.089,0.869,1.339,0.986,1.192,rt,
wamba,2026-08-10,1.059,0.826,1.332,0.952,1.169,rt,
wamba,2026-08-11,1.034,0.814,1.28,0.939,1.134,rt,
wamba,2026-08-12,1.013,0.797,1.248,0.923,1.107,rt,
wamba,2026-08-13,0.99,0.781,1.22,0.9,1.08,rt,
wamba,2026-08-14,0.96,0.766,1.189,0.872,1.045,rt,
wamba,2026-08-15,0.932,0.739,1.157,0.842,1.014,rt,
wamba,2026-08-16,0.901,0.703,1.126,0.812,0.989,rt,
wamba,2026-08-17,0.875,0.664,1.113,0.784,0.968,rt,
wamba,2026-08-18,0.857,0.657,1.082,0.77,0.943,rt,
wamba,2026-08-19,0.839,0.655,1.06,0.753,0.921,rt,
wamba,2026-08-20,0.823,0.634,1.037,0.738,0.905,rt,
wamba,2026-08-21,0.814,0.63,1.013,0.731,0.893,rt,
wamba,2026-08-22,0.803,0.622,0.999,0.719,0.882,rt,
wamba,2026-08-23,0.792,0.604,1.0,0.709,0.875,rt,
wamba,2026-08-24,0.794,0.6,1.022,0.708,0.888,rt,
wamba,2026-08-25,0.808,0.622,1.025,0.728,0.899,rt,
wamba,2026-08-26,0.824,0.639,1.043,0.739,0.91,rt,
wamba,2026-08-27,0.839,0.651,1.063,0.75,0.921,rt,
wamba,2026-08-28,0.857,0.664,1.076,0.772,0.935,rt,
wamba,2026-08-29,0.873,0.673,1.098,0.788,0.953,rt,
wamba,2026-08-30,0.891,0.678,1.123,0.801,0.975,rt,
wamba,2026-08-31,0.91,0.681,1.158,0.817,1.007,rt,
wamba,2026-09-01,0.93,0.716,1.17,0.841,1.024,rt,
wamba,2026-09-02,0.946,0.742,1.186,0.861,1.042,rt,
wamba,2026-09-03,0.967,0.762,1.209,0.88,1.063,rt,
wamba,2026-09-04,0.978,0.779,1.229,0.894,1.076,rt,
wamba,2026-09-05,0.991,0.794,1.242,0.907,1.086,rt,
wamba,2026-09-06,1.004,0.794,1.279,0.919,1.103,rt,
wamba,2026-09-07,1.004,0.779,1.307,0.914,1.114,rt,
wamba,2026-09-08,0.997,0.781,1.288,0.912,1.1,rt,
wamba,2026-09-09,0.989,0.78,1.269,0.904,1.092,rt,
wamba,2026-09-10,0.984,0.764,1.265,0.894,1.087,rt,
wamba,2026-09-11,0.972,0.754,1.257,0.88,1.074,rt,
wamba,2026-09-12,0.957,0.736,1.237,0.867,1.062,rt,
wamba,2026-09-13,0.946,0.712,1.236,0.851,1.049,rt,
wamba,2026-09-14,0.927,0.687,1.234,0.829,1.041,rt,
wamba,2026-09-15,0.914,0.676,1.211,0.811,1.023,rt,
wamba,2026-09-16,0.899,0.66,1.189,0.797,1.009,rt,
wamba,2026-09-17,0.885,0.644,1.19,0.78,0.998,rt,
wamba,2026-09-18,0.875,0.629,1.171,0.767,0.988,rt,
wamba,2026-09-19,0.866,0.613,1.175,0.753,0.985,rt,
wamba,2026-09-20,0.854,0.592,1.179,0.736,0.985,rt,
wamba,2026-09-21,0.849,0.57,1.203,0.724,0.983,rt,
wamba,2026-09-22,0.844,0.565,1.191,0.718,0.986,rt,
wamba,2026-09-23,0.838,0.557,1.194,0.711,0.982,rt,
wamba,2026-09-24,0.833,0.546,1.2,0.7,0.981,rt,
wamba,2026-09-25,0.826,0.534,1.192,0.688,0.972,rt,
wamba,2026-09-26,0.818,0.516,1.197,0.676,0.962,rt,
wamba,2026-09-27,0.812,0.507,1.222,0.662,0.958,rt,
wamba,2026-09-28,0.807,0.491,1.242,0.654,0.962,rt,
wamba,2026-09-29,0.802,0.483,1.256,0.646,0.961,rt,
wamba,2026-09-30,0.799,0.476,1.257,0.641,0.964,rt,
wamba,2026-10-01,0.792,0.472,1.258,0.634,0.964,rt,
wamba,2026-10-02,0.784,0.459,1.277,0.626,0.978,rt,
wamba,2026-10-03,0.783,0.444,1.296,0.618,0.985,rt,
wamba,2026-10-04,0.782,0.423,1.324,0.603,0.998,rt,
wamba,2026-10-05,0.786,0.406,1.38,0.598,1.016,rt,
wamba,2026-10-06,0.789,0.415,1.364,0.607,1.007,rt,
makiso_kisangani,2026-07-28,1.365,1.169,1.599,1.278,1.454,rt,
makiso_kisangani,2026-07-29,1.367,1.169,1.606,1.282,1.465,rt,
makiso_kisangani,2026-07-30,1.372,1.166,1.618,1.284,1.476,rt,
makiso_kisangani,2026-07-31,1.375,1.177,1.614,1.29,1.475,rt,
makiso_kisangani,2026-08-01,1.379,1.19,1.61,1.296,1.48,rt,
makiso_kisangani,2026-08-02,1.385,1.197,1.62,1.303,1.48,rt,
makiso_kisangani,2026-08-03,1.382,1.194,1.621,1.303,1.477,rt,
makiso_kisangani,2026-08-04,1.382,1.182,1.62,1.299,1.474,rt,
makiso_kisangani,2026-08-05,1.382,1.179,1.622,1.298,1.476,rt,
makiso_kisangani,2026-08-06,1.382,1.173,1.624,1.296,1.476,rt,
makiso_kisangani,2026-08-07,1.373,1.175,1.604,1.29,1.462,rt,
makiso_kisangani,2026-08-08,1.366,1.171,1.598,1.285,1.454,rt,
makiso_kisangani,2026-08-09,1.357,1.164,1.592,1.279,1.446,rt,
makiso_kisangani,2026-08-10,1.347,1.151,1.578,1.267,1.435,rt,
makiso_kisangani,2026-08-11,1.337,1.138,1.57,1.252,1.427,rt,
makiso_kisangani,2026-08-12,1.327,1.123,1.568,1.242,1.418,rt,
makiso_kisangani,2026-08-13,1.317,1.113,1.562,1.23,1.411,rt,
makiso_kisangani,2026-08-14,1.301,1.107,1.535,1.221,1.394,rt,
makiso_kisangani,2026-08-15,1.288,1.1,1.514,1.21,1.378,rt,
makiso_kisangani,2026-08-16,1.276,1.091,1.503,1.196,1.362,rt,
makiso_kisangani,2026-08-17,1.268,1.084,1.494,1.186,1.354,rt,
makiso_kisangani,2026-08-18,1.262,1.072,1.489,1.176,1.347,rt,
makiso_kisangani,2026-08-19,1.257,1.066,1.485,1.168,1.342,rt,
makiso_kisangani,2026-08-20,1.252,1.057,1.481,1.16,1.339,rt,
makiso_kisangani,2026-08-21,1.253,1.06,1.477,1.163,1.339,rt,
makiso_kisangani,2026-08-22,1.254,1.063,1.476,1.168,1.341,rt,
makiso_kisangani,2026-08-23,1.255,1.063,1.471,1.172,1.344,rt,
makiso_kisangani,2026-08-24,1.26,1.069,1.481,1.18,1.351,rt,
makiso_kisangani,2026-08-25,1.267,1.066,1.497,1.184,1.357,rt,
makiso_kisangani,2026-08-26,1.274,1.069,1.513,1.191,1.365,rt,
makiso_kisangani,2026-08-27,1.28,1.068,1.522,1.194,1.374,rt,
makiso_kisangani,2026-08-28,1.289,1.088,1.521,1.204,1.38,rt,
makiso_kisangani,2026-08-29,1.298,1.099,1.521,1.214,1.391,rt,
makiso_kisangani,2026-08-30,1.304,1.107,1.53,1.218,1.4,rt,
makiso_kisangani,2026-08-31,1.302,1.104,1.53,1.214,1.401,rt,
makiso_kisangani,2026-09-01,1.299,1.095,1.529,1.213,1.402,rt,
makiso_kisangani,2026-09-02,1.298,1.086,1.533,1.209,1.405,rt,
makiso_kisangani,2026-09-03,1.297,1.076,1.546,1.203,1.407,rt,
makiso_kisangani,2026-09-04,1.288,1.07,1.522,1.196,1.39,rt,
makiso_kisangani,2026-09-05,1.278,1.071,1.515,1.187,1.379,rt,
makiso_kisangani,2026-09-06,1.269,1.066,1.513,1.184,1.371,rt,
makiso_kisangani,2026-09-07,1.248,1.048,1.489,1.161,1.348,rt,
makiso_kisangani,2026-09-08,1.227,1.027,1.469,1.14,1.326,rt,
makiso_kisangani,2026-09-09,1.208,1.006,1.451,1.121,1.308,rt,
makiso_kisangani,2026-09-10,1.189,0.984,1.437,1.102,1.288,rt,
makiso_kisangani,2026-09-11,1.171,0.973,1.404,1.09,1.266,rt,
makiso_kisangani,2026-09-12,1.154,0.956,1.377,1.074,1.246,rt,
makiso_kisangani,2026-09-13,1.137,0.936,1.361,1.059,1.227,rt,
makiso_kisangani,2026-09-14,1.123,0.927,1.353,1.043,1.215,rt,
makiso_kisangani,2026-09-15,1.111,0.91,1.346,1.027,1.206,rt,
makiso_kisangani,2026-09-16,1.099,0.89,1.345,1.009,1.197,rt,
makiso_kisangani,2026-09-17,1.086,0.872,1.344,0.995,1.189,rt,
makiso_kisangani,2026-09-18,1.073,0.856,1.335,0.983,1.175,rt,
makiso_kisangani,2026-09-19,1.062,0.844,1.328,0.968,1.162,rt,
makiso_kisangani,2026-09-20,1.049,0.831,1.314,0.954,1.154,rt,
makiso_kisangani,2026-09-21,1.048,0.822,1.327,0.949,1.155,rt,
makiso_kisangani,2026-09-22,1.047,0.812,1.345,0.943,1.158,rt,
makiso_kisangani,2026-09-23,1.044,0.807,1.356,0.936,1.161,rt,
makiso_kisangani,2026-09-24,1.043,0.795,1.366,0.932,1.164,rt,
makiso_kisangani,2026-09-25,1.042,0.784,1.364,0.928,1.165,rt,
makiso_kisangani,2026-09-26,1.036,0.773,1.373,0.924,1.167,rt,
makiso_kisangani,2026-09-27,1.033,0.763,1.382,0.923,1.168,rt,
makiso_kisangani,2026-09-28,1.028,0.751,1.389,0.914,1.17,rt,
makiso_kisangani,2026-09-29,1.025,0.739,1.396,0.908,1.17,rt,
makiso_kisangani,2026-09-30,1.026,0.725,1.408,0.903,1.175,rt,
makiso_kisangani,2026-10-01,1.024,0.71,1.421,0.9,1.178,rt,
makiso_kisangani,2026-10-02,1.026,0.706,1.422,0.892,1.178,rt,
makiso_kisangani,2026-10-03,1.023,0.691,1.426,0.887,1.175,rt,
makiso_kisangani,2026-10-04,1.028,0.674,1.456,0.876,1.184,rt,
makiso_kisangani,2026-10-05,1.024,0.654,1.471,0.864,1.186,rt,
makiso_kisangani,2026-10-06,1.027,0.673,1.432,0.876,1.174,rt,
mangobo,2026-09-12,1.168,0.966,1.386,1.084,1.253,rt,
mangobo,2026-09-13,1.151,0.952,1.368,1.068,1.237,rt,
mangobo,2026-09-14,1.137,0.937,1.36,1.053,1.224,rt,
mangobo,2026-09-15,1.122,0.919,1.357,1.037,1.215,rt,
mangobo,2026-09-16,1.108,0.901,1.358,1.021,1.208,rt,
mangobo,2026-09-17,1.099,0.879,1.358,1.007,1.203,rt,
mangobo,2026-09-18,1.085,0.871,1.348,0.992,1.189,rt,
mangobo,2026-09-19,1.073,0.861,1.337,0.978,1.178,rt,
mangobo,2026-09-20,1.06,0.841,1.332,0.963,1.166,rt,
mangobo,2026-09-21,1.059,0.831,1.344,0.957,1.169,rt,
mangobo,2026-09-22,1.058,0.82,1.359,0.952,1.174,rt,
mangobo,2026-09-23,1.056,0.81,1.369,0.947,1.176,rt,
mangobo,2026-09-24,1.053,0.803,1.382,0.941,1.179,rt,
mangobo,2026-09-25,1.053,0.795,1.384,0.937,1.179,rt,
mangobo,2026-09-26,1.049,0.783,1.39,0.935,1.179,rt,
mangobo,2026-09-27,1.047,0.769,1.4,0.93,1.181,rt,
mangobo,2026-09-28,1.04,0.757,1.407,0.923,1.181,rt,
mangobo,2026-09-29,1.037,0.75,1.413,0.917,1.183,rt,
mangobo,2026-09-30,1.036,0.735,1.42,0.914,1.187,rt,
mangobo,2026-10-01,1.034,0.721,1.434,0.911,1.19,rt,
mangobo,2026-10-02,1.038,0.714,1.435,0.905,1.189,rt,
mangobo,2026-10-03,1.037,0.7,1.447,0.894,1.189,rt,
mangobo,2026-10-04,1.039,0.688,1.471,0.883,1.196,rt,
mangobo,2026-10-05,1.032,0.668,1.494,0.872,1.198,rt,
mangobo,2026-10-06,1.036,0.69,1.451,0.885,1.188,rt,
adja,2026-08-18,,,,,,cases,0
adja,2026-08-25,,,,,,cases,0
adja,2026-09-01,,,,,,cases,0
adja,2026-09-08,,,,,,cases,0
adja,2026-09-15,,,,,,cases,0
adja,2026-09-22,,,,,,cases,0
adja,2026-09-29,,,,,,cases,0
adja,2026-10-06,,,,,,cases,1
ariwara,2026-08-18,,,,,,cases,1
ariwara,2026-08-25,,,,,,cases,0
ariwara,2026-09-01,,,,,,cases,0
ariwara,2026-09-08,,,,,,cases,0
ariwara,2026-09-15,,,,,,cases,0
ariwara,2026-09-22,,,,,,cases,0
ariwara,2026-09-29,,,,,,cases,0
ariwara,2026-10-06,,,,,,cases,0
aru,2026-08-18,,,,,,cases,0
aru,2026-08-25,,,,,,cases,0
aru,2026-09-01,,,,,,cases,1
aru,2026-09-08,,,,,,cases,0
aru,2026-09-15,,,,,,cases,0
aru,2026-09-22,,,,,,cases,0
aru,2026-09-29,,,,,,cases,0
aru,2026-10-06,,,,,,cases,0
aungba,2026-08-18,,,,,,cases,1
aungba,2026-08-25,,,,,,cases,1
aungba,2026-09-01,,,,,,cases,0
aungba,2026-09-08,,,,,,cases,0
aungba,2026-09-15,,,,,,cases,0
aungba,2026-09-22,,,,,,cases,0
aungba,2026-09-29,,,,,,cases,0
aungba,2026-10-06,,,,,,cases,0
bambu,2026-08-18,,,,,,cases,21
bambu,2026-08-25,,,,,,cases,34
bambu,2026-09-01,,,,,,cases,17
bambu,2026-09-08,,,,,,cases,11
bambu,2026-09-15,,,,,,cases,3
bambu,2026-09-22,,,,,,cases,18
bambu,2026-09-29,,,,,,cases,5
bambu,2026-10-06,,,,,,cases,8
boga,2026-08-18,,,,,,cases,0
boga,2026-08-25,,,,,,cases,1
boga,2026-09-01,,,,,,cases,0
boga,2026-09-08,,,,,,cases,0
boga,2026-09-15,,,,,,cases,0
boga,2026-09-22,,,,,,cases,0
boga,2026-09-29,,,,,,cases,0
boga,2026-10-06,,,,,,cases,0
bunia,2026-08-18,,,,,,cases,176
bunia,2026-08-25,,,,,,cases,98
bunia,2026-09-01,,,,,,cases,96
bunia,2026-09-08,,,,,,cases,110
bunia,2026-09-15,,,,,,cases,88
bunia,2026-09-22,,,,,,cases,67
bunia,2026-09-29,,,,,,cases,50
bunia,2026-10-06,,,,,,cases,62
damas,2026-08-18,,,,,,cases,7
damas,2026-08-25,,,,,,cases,2
damas,2026-09-01,,,,,,cases,1
damas,2026-09-08,,,,,,cases,4
damas,2026-09-15,,,,,,cases,8
damas,2026-09-22,,,,,,cases,0
damas,2026-09-29,,,,,,cases,0
damas,2026-10-06,,,,,,cases,0
drodro,2026-08-18,,,,,,cases,1
drodro,2026-08-25,,,,,,cases,0
drodro,2026-09-01,,,,,,cases,1
drodro,2026-09-08,,,,,,cases,1
drodro,2026-09-15,,,,,,cases,0
drodro,2026-09-22,,,,,,cases,0
drodro,2026-09-29,,,,,,cases,0
drodro,2026-10-06,,,,,,cases,0
fataki,2026-08-18,,,,,,cases,17
fataki,2026-08-25,,,,,,cases,1
fataki,2026-09-01,,,,,,cases,4
fataki,2026-09-08,,,,,,cases,1
fataki,2026-09-15,,,,,,cases,1
fataki,2026-09-22,,,,,,cases,2
fataki,2026-09-29,,,,,,cases,1
fataki,2026-10-06,,,,,,cases,2
gety,2026-08-18,,,,,,cases,3
gety,2026-08-25,,,,,,cases,0
gety,2026-09-01,,,,,,cases,1
gety,2026-09-08,,,,,,cases,1
gety,2026-09-15,,,,,,cases,0
gety,2026-09-22,,,,,,cases,0
gety,2026-09-29,,,,,,cases,0
gety,2026-10-06,,,,,,cases,2
kambala,2026-08-18,,,,,,cases,0
kambala,2026-08-25,,,,,,cases,0
kambala,2026-09-01,,,,,,cases,0
kambala,2026-09-08,,,,,,cases,0
kambala,2026-09-15,,,,,,cases,0
kambala,2026-09-22,,,,,,cases,0
kambala,2026-09-29,,,,,,cases,0
kambala,2026-10-06,,,,,,cases,0
kilo,2026-08-18,,,,,,cases,2
kilo,2026-08-25,,,,,,cases,1
kilo,2026-09-01,,,,,,cases,0
kilo,2026-09-08,,,,,,cases,1
kilo,2026-09-15,,,,,,cases,0
kilo,2026-09-22,,,,,,cases,1
kilo,2026-09-29,,,,,,cases,1
kilo,2026-10-06,,,,,,cases,3
komanda,2026-08-18,,,,,,cases,11
komanda,2026-08-25,,,,,,cases,8
komanda,2026-09-01,,,,,,cases,31
komanda,2026-09-08,,,,,,cases,26
komanda,2026-09-15,,,,,,cases,18
komanda,2026-09-22,,,,,,cases,17
komanda,2026-09-29,,,,,,cases,16
komanda,2026-10-06,,,,,,cases,7
lita,2026-08-18,,,,,,cases,23
lita,2026-08-25,,,,,,cases,18
lita,2026-09-01,,,,,,cases,20
lita,2026-09-08,,,,,,cases,23
lita,2026-09-15,,,,,,cases,17
lita,2026-09-22,,,,,,cases,12
lita,2026-09-29,,,,,,cases,8
lita,2026-10-06,,,,,,cases,11
logo,2026-08-18,,,,,,cases,0
logo,2026-08-25,,,,,,cases,0
logo,2026-09-01,,,,,,cases,0
logo,2026-09-08,,,,,,cases,2
logo,2026-09-15,,,,,,cases,0
logo,2026-09-22,,,,,,cases,0
logo,2026-09-29,,,,,,cases,0
logo,2026-10-06,,,,,,cases,1
lolwa,2026-08-18,,,,,,cases,6
lolwa,2026-08-25,,,,,,cases,2
lolwa,2026-09-01,,,,,,cases,3
lolwa,2026-09-08,,,,,,cases,3
lolwa,2026-09-15,,,,,,cases,6
lolwa,2026-09-22,,,,,,cases,1
lolwa,2026-09-29,,,,,,cases,2
lolwa,2026-10-06,,,,,,cases,1
mahagi,2026-08-18,,,,,,cases,0
mahagi,2026-08-25,,,,,,cases,0
mahagi,2026-09-01,,,,,,cases,0
mahagi,2026-09-08,,,,,,cases,0
mahagi,2026-09-15,,,,,,cases,0
mahagi,2026-09-22,,,,,,cases,0
mahagi,2026-09-29,,,,,,cases,0
mahagi,2026-10-06,,,,,,cases,0
mambasa,2026-08-18,,,,,,cases,1
mambasa,2026-08-25,,,,,,cases,3
mambasa,2026-09-01,,,,,,cases,0
mambasa,2026-09-08,,,,,,cases,0
mambasa,2026-09-15,,,,,,cases,0
mambasa,2026-09-22,,,,,,cases,6
mambasa,2026-09-29,,,,,,cases,6
mambasa,2026-10-06,,,,,,cases,12
mandima,2026-08-18,,,,,,cases,6
mandima,2026-08-25,,,,,,cases,7
mandima,2026-09-01,,,,,,cases,4
mandima,2026-09-08,,,,,,cases,8
mandima,2026-09-15,,,,,,cases,13
mandima,2026-09-22,,,,,,cases,9
mandima,2026-09-29,,,,,,cases,71
mandima,2026-10-06,,,,,,cases,61
mangala,2026-08-18,,,,,,cases,57
mangala,2026-08-25,,,,,,cases,30
mangala,2026-09-01,,,,,,cases,60
mangala,2026-09-08,,,,,,cases,34
mangala,2026-09-15,,,,,,cases,25
mangala,2026-09-22,,,,,,cases,19
mangala,2026-09-29,,,,,,cases,10
mangala,2026-10-06,,,,,,cases,15
mongbwalu,2026-08-18,,,,,,cases,17
mongbwalu,2026-08-25,,,,,,cases,12
mongbwalu,2026-09-01,,,,,,cases,10
mongbwalu,2026-09-08,,,,,,cases,25
mongbwalu,2026-09-15,,,,,,cases,30
mongbwalu,2026-09-22,,,,,,cases,22
mongbwalu,2026-09-29,,,,,,cases,9
mongbwalu,2026-10-06,,,,,,cases,9
nia_nia,2026-08-18,,,,,,cases,36
nia_nia,2026-08-25,,,,,,cases,21
nia_nia,2026-09-01,,,,,,cases,17
nia_nia,2026-09-08,,,,,,cases,12
nia_nia,2026-09-15,,,,,,cases,20
nia_nia,2026-09-22,,,,,,cases,21
nia_nia,2026-09-29,,,,,,cases,29
nia_nia,2026-10-06,,,,,,cases,16
nizi,2026-08-18,,,,,,cases,69
nizi,2026-08-25,,,,,,cases,70
nizi,2026-09-01,,,,,,cases,42
nizi,2026-09-08,,,,,,cases,53
nizi,2026-09-15,,,,,,cases,19
nizi,2026-09-22,,,,,,cases,20
nizi,2026-09-29,,,,,,cases,16
nizi,2026-10-06,,,,,,cases,14
nyankunde,2026-08-18,,,,,,cases,5
nyankunde,2026-08-25,,,,,,cases,3
nyankunde,2026-09-01,,,,,,cases,0
nyankunde,2026-09-08,,,,,,cases,1
nyankunde,2026-09-15,,,,,,cases,0
nyankunde,2026-09-22,,,,,,cases,2
nyankunde,2026-09-29,,,,,,cases,2
nyankunde,2026-10-06,,,,,,cases,1
rimba,2026-08-18,,,,,,cases,0
rimba,2026-08-25,,,,,,cases,1
rimba,2026-09-01,,,,,,cases,1
rimba,2026-09-08,,,,,,cases,0
rimba,2026-09-15,,,,,,cases,0
rimba,2026-09-22,,,,,,cases,1
rimba,2026-09-29,,,,,,cases,0
rimba,2026-10-06,,,,,,cases,2
rwampara,2026-08-18,,,,,,cases,114
rwampara,2026-08-25,,,,,,cases,42
rwampara,2026-09-01,,,,,,cases,43
rwampara,2026-09-08,,,,,,cases,35
rwampara,2026-09-15,,,,,,cases,30
rwampara,2026-09-22,,,,,,cases,32
rwampara,2026-09-29,,,,,,cases,22
rwampara,2026-10-06,,,,,,cases,35
tchomia,2026-08-18,,,,,,cases,3
tchomia,2026-08-25,,,,,,cases,4
tchomia,2026-09-01,,,,,,cases,2
tchomia,2026-09-08,,,,,,cases,6
tchomia,2026-09-15,,,,,,cases,12
tchomia,2026-09-22,,,,,,cases,0
tchomia,2026-09-29,,,,,,cases,1
tchomia,2026-10-06,,,,,,cases,0
alimbongo,2026-08-18,,,,,,cases,0
alimbongo,2026-08-25,,,,,,cases,0
alimbongo,2026-09-01,,,,,,cases,0
alimbongo,2026-09-08,,,,,,cases,0
alimbongo,2026-09-15,,,,,,cases,0
alimbongo,2026-09-22,,,,,,cases,0
alimbongo,2026-09-29,,,,,,cases,0
alimbongo,2026-10-06,,,,,,cases,5
beni,2026-08-18,,,,,,cases,20
beni,2026-08-25,,,,,,cases,20
beni,2026-09-01,,,,,,cases,28
beni,2026-09-08,,,,,,cases,39
beni,2026-09-15,,,,,,cases,56
beni,2026-09-22,,,,,,cases,51
beni,2026-09-29,,,,,,cases,56
beni,2026-10-06,,,,,,cases,61
biena,2026-08-18,,,,,,cases,0
biena,2026-08-25,,,,,,cases,0
biena,2026-09-01,,,,,,cases,1
biena,2026-09-08,,,,,,cases,8
biena,2026-09-15,,,,,,cases,9
biena,2026-09-22,,,,,,cases,0
biena,2026-09-29,,,,,,cases,1
biena,2026-10-06,,,,,,cases,4
butembo,2026-08-18,,,,,,cases,21
butembo,2026-08-25,,,,,,cases,22
butembo,2026-09-01,,,,,,cases,34
butembo,2026-09-08,,,,,,cases,37
butembo,2026-09-15,,,,,,cases,25
butembo,2026-09-22,,,,,,cases,11
butembo,2026-09-29,,,,,,cases,10
butembo,2026-10-06,,,,,,cases,23
goma,2026-08-18,,,,,,cases,0
goma,2026-08-25,,,,,,cases,0
goma,2026-09-01,,,,,,cases,0
goma,2026-09-08,,,,,,cases,0
goma,2026-09-15,,,,,,cases,0
goma,2026-09-22,,,,,,cases,0
goma,2026-09-29,,,,,,cases,0
goma,2026-10-06,,,,,,cases,0
kalunguta,2026-08-18,,,,,,cases,3
kalunguta,2026-08-25,,,,,,cases,3
kalunguta,2026-09-01,,,,,,cases,0
kalunguta,2026-09-08,,,,,,cases,4
kalunguta,2026-09-15,,,,,,cases,16
kalunguta,2026-09-22,,,,,,cases,13
kalunguta,2026-09-29,,,,,,cases,5
kalunguta,2026-10-06,,,,,,cases,9
katwa,2026-08-18,,,,,,cases,71
katwa,2026-08-25,,,,,,cases,50
katwa,2026-09-01,,,,,,cases,48
katwa,2026-09-08,,,,,,cases,69
katwa,2026-09-15,,,,,,cases,56
katwa,2026-09-22,,,,,,cases,15
katwa,2026-09-29,,,,,,cases,14
katwa,2026-10-06,,,,,,cases,46
kayna,2026-08-18,,,,,,cases,0
kayna,2026-08-25,,,,,,cases,0
kayna,2026-09-01,,,,,,cases,0
kayna,2026-09-08,,,,,,cases,1
kayna,2026-09-15,,,,,,cases,0
kayna,2026-09-22,,,,,,cases,0
kayna,2026-09-29,,,,,,cases,0
kayna,2026-10-06,,,,,,cases,2
kyondo,2026-08-18,,,,,,cases,2
kyondo,2026-08-25,,,,,,cases,1
kyondo,2026-09-01,,,,,,cases,0
kyondo,2026-09-08,,,,,,cases,9
kyondo,2026-09-15,,,,,,cases,5
kyondo,2026-09-22,,,,,,cases,2
kyondo,2026-09-29,,,,,,cases,1
kyondo,2026-10-06,,,,,,cases,4
lubero,2026-08-18,,,,,,cases,0
lubero,2026-08-25,,,,,,cases,0
lubero,2026-09-01,,,,,,cases,2
lubero,2026-09-08,,,,,,cases,4
lubero,2026-09-15,,,,,,cases,8
lubero,2026-09-22,,,,,,cases,5
lubero,2026-09-29,,,,,,cases,1
lubero,2026-10-06,,,,,,cases,2
mabalako,2026-08-18,,,,,,cases,1
mabalako,2026-08-25,,,,,,cases,1
mabalako,2026-09-01,,,,,,cases,3
mabalako,2026-09-08,,,,,,cases,4
mabalako,2026-09-15,,,,,,cases,9
mabalako,2026-09-22,,,,,,cases,5
mabalako,2026-09-29,,,,,,cases,9
mabalako,2026-10-06,,,,,,cases,18
manguredjipa,2026-08-18,,,,,,cases,0
manguredjipa,2026-08-25,,,,,,cases,0
manguredjipa,2026-09-01,,,,,,cases,2
manguredjipa,2026-09-08,,,,,,cases,2
manguredjipa,2026-09-15,,,,,,cases,5
manguredjipa,2026-09-22,,,,,,cases,4
manguredjipa,2026-09-29,,,,,,cases,0
manguredjipa,2026-10-06,,,,,,cases,0
masereka,2026-08-18,,,,,,cases,0
masereka,2026-08-25,,,,,,cases,0
masereka,2026-09-01,,,,,,cases,4
masereka,2026-09-08,,,,,,cases,4
masereka,2026-09-15,,,,,,cases,8
masereka,2026-09-22,,,,,,cases,2
masereka,2026-09-29,,,,,,cases,4
masereka,2026-10-06,,,,,,cases,5
musienene,2026-08-18,,,,,,cases,14
musienene,2026-08-25,,,,,,cases,9
musienene,2026-09-01,,,,,,cases,11
musienene,2026-09-08,,,,,,cases,18
musienene,2026-09-15,,,,,,cases,16
musienene,2026-09-22,,,,,,cases,4
musienene,2026-09-29,,,,,,cases,3
musienene,2026-10-06,,,,,,cases,16
mutwanga,2026-08-18,,,,,,cases,0
mutwanga,2026-08-25,,,,,,cases,1
mutwanga,2026-09-01,,,,,,cases,1
mutwanga,2026-09-08,,,,,,cases,0
mutwanga,2026-09-15,,,,,,cases,4
mutwanga,2026-09-22,,,,,,cases,4
mutwanga,2026-09-29,,,,,,cases,2
mutwanga,2026-10-06,,,,,,cases,8
oicha,2026-08-18,,,,,,cases,1
oicha,2026-08-25,,,,,,cases,1
oicha,2026-09-01,,,,,,cases,0
oicha,2026-09-08,,,,,,cases,2
oicha,2026-09-15,,,,,,cases,3
oicha,2026-09-22,,,,,,cases,3
oicha,2026-09-29,,,,,,cases,11
oicha,2026-10-06,,,,,,cases,8
vuhovi,2026-08-18,,,,,,cases,2
vuhovi,2026-08-25,,,,,,cases,0
vuhovi,2026-09-01,,,,,,cases,1
vuhovi,2026-09-08,,,,,,cases,4
vuhovi,2026-09-15,,,,,,cases,10
vuhovi,2026-09-22,,,,,,cases,7
vuhovi,2026-09-29,,,,,,cases,4
vuhovi,2026-10-06,,,,,,cases,4
boma_mangbetu,2026-08-18,,,,,,cases,2
boma_mangbetu,2026-08-25,,,,,,cases,3
boma_mangbetu,2026-09-01,,,,,,cases,1
boma_mangbetu,2026-09-08,,,,,,cases,2
boma_mangbetu,2026-09-15,,,,,,cases,5
boma_mangbetu,2026-09-22,,,,,,cases,2
boma_mangbetu,2026-09-29,,,,,,cases,3
boma_mangbetu,2026-10-06,,,,,,cases,4
dungu,2026-08-18,,,,,,cases,0
dungu,2026-08-25,,,,,,cases,0
dungu,2026-09-01,,,,,,cases,0
dungu,2026-09-08,,,,,,cases,0
dungu,2026-09-15,,,,,,cases,0
dungu,2026-09-22,,,,,,cases,1
dungu,2026-09-29,,,,,,cases,0
dungu,2026-10-06,,,,,,cases,0
gombari,2026-08-18,,,,,,cases,0
gombari,2026-08-25,,,,,,cases,2
gombari,2026-09-01,,,,,,cases,0
gombari,2026-09-08,,,,,,cases,0
gombari,2026-09-15,,,,,,cases,0
gombari,2026-09-22,,,,,,cases,0
gombari,2026-09-29,,,,,,cases,0
gombari,2026-10-06,,,,,,cases,0
isiro,2026-08-18,,,,,,cases,24
isiro,2026-08-25,,,,,,cases,19
isiro,2026-09-01,,,,,,cases,11
isiro,2026-09-08,,,,,,cases,7
isiro,2026-09-15,,,,,,cases,6
isiro,2026-09-22,,,,,,cases,1
isiro,2026-09-29,,,,,,cases,3
isiro,2026-10-06,,,,,,cases,0
pawa,2026-08-18,,,,,,cases,3
pawa,2026-08-25,,,,,,cases,0
pawa,2026-09-01,,,,,,cases,17
pawa,2026-09-08,,,,,,cases,9
pawa,2026-09-15,,,,,,cases,15
pawa,2026-09-22,,,,,,cases,9
pawa,2026-09-29,,,,,,cases,15
pawa,2026-10-06,,,,,,cases,7
rungu,2026-08-18,,,,,,cases,0
rungu,2026-08-25,,,,,,cases,0
rungu,2026-09-01,,,,,,cases,0
rungu,2026-09-08,,,,,,cases,1
rungu,2026-09-15,,,,,,cases,0
rungu,2026-09-22,,,,,,cases,0
rungu,2026-09-29,,,,,,cases,0
rungu,2026-10-06,,,,,,cases,2
wamba,2026-08-18,,,,,,cases,12
wamba,2026-08-25,,,,,,cases,12
wamba,2026-09-01,,,,,,cases,13
wamba,2026-09-08,,,,,,cases,8
wamba,2026-09-15,,,,,,cases,6
wamba,2026-09-22,,,,,,cases,13
wamba,2026-09-29,,,,,,cases,7
wamba,2026-10-06,,,,,,cases,7
miti_murhesa,2026-08-18,,,,,,cases,0
miti_murhesa,2026-08-25,,,,,,cases,0
miti_murhesa,2026-09-01,,,,,,cases,0
miti_murhesa,2026-09-08,,,,,,cases,0
miti_murhesa,2026-09-15,,,,,,cases,0
miti_murhesa,2026-09-22,,,,,,cases,0
miti_murhesa,2026-09-29,,,,,,cases,0
miti_murhesa,2026-10-06,,,,,,cases,0
bafwasende,2026-08-18,,,,,,cases,0
bafwasende,2026-08-25,,,,,,cases,0
bafwasende,2026-09-01,,,,,,cases,1
bafwasende,2026-09-08,,,,,,cases,2
bafwasende,2026-09-15,,,,,,cases,3
bafwasende,2026-09-22,,,,,,cases,0
bafwasende,2026-09-29,,,,,,cases,0
bafwasende,2026-10-06,,,,,,cases,0
kabondo,2026-08-18,,,,,,cases,1
kabondo,2026-08-25,,,,,,cases,0
kabondo,2026-09-01,,,,,,cases,0
kabondo,2026-09-08,,,,,,cases,1
kabondo,2026-09-15,,,,,,cases,0
kabondo,2026-09-22,,,,,,cases,1
kabondo,2026-09-29,,,,,,cases,0
kabondo,2026-10-06,,,,,,cases,0
lubunga,2026-08-18,,,,,,cases,0
lubunga,2026-08-25,,,,,,cases,0
lubunga,2026-09-01,,,,,,cases,0
lubunga,2026-09-08,,,,,,cases,0
lubunga,2026-09-15,,,,,,cases,0
lubunga,2026-09-22,,,,,,cases,0
lubunga,2026-09-29,,,,,,cases,0
lubunga,2026-10-06,,,,,,cases,0
makiso_kisangani,2026-08-18,,,,,,cases,2
makiso_kisangani,2026-08-25,,,,,,cases,1
makiso_kisangani,2026-09-01,,,,,,cases,3
makiso_kisangani,2026-09-08,,,,,,cases,1
makiso_kisangani,2026-09-15,,,,,,cases,1
makiso_kisangani,2026-09-22,,,,,,cases,11
makiso_kisangani,2026-09-29,,,,,,cases,2
makiso_kisangani,2026-10-06,,,,,,cases,3
mangobo,2026-08-18,,,,,,cases,1
mangobo,2026-08-25,,,,,,cases,0
mangobo,2026-09-01,,,,,,cases,1
mangobo,2026-09-08,,,,,,cases,0
mangobo,2026-09-15,,,,,,cases,1
mangobo,2026-09-22,,,,,,cases,1
mangobo,2026-09-29,,,,,,cases,1
mangobo,2026-10-06,,,,,,cases,2
tshopo,2026-08-18,,,,,,cases,1
tshopo,2026-08-25,,,,,,cases,0
tshopo,2026-09-01,,,,,,cases,0
tshopo,2026-09-08,,,,,,cases,0
tshopo,2026-09-15,,,,,,cases,0
tshopo,2026-09-22,,,,,,cases,0
tshopo,2026-09-29,,,,,,cases,0
tshopo,2026-10-06,,,,,,cases,1
wanie_rukula,2026-08-18,,,,,,cases,0
wanie_rukula,2026-08-25,,,,,,cases,0
wanie_rukula,2026-09-01,,,,,,cases,0
wanie_rukula,2026-09-08,,,,,,cases,0
wanie_rukula,2026-09-15,,,,,,cases,0
wanie_rukula,2026-09-22,,,,,,cases,0
wanie_rukula,2026-09-29,,,,,,cases,0
wanie_rukula,2026-10-06,,,,,,cases,0
buta,2026-08-18,,,,,,cases,1
buta,2026-08-25,,,,,,cases,0
buta,2026-09-01,,,,,,cases,0
buta,2026-09-08,,,,,,cases,0
buta,2026-09-15,,,,,,cases,0
buta,2026-09-22,,,,,,cases,0
buta,2026-09-29,,,,,,cases,0
buta,2026-10-06,,,,,,cases,0
ganga,2026-08-18,,,,,,cases,0
ganga,2026-08-25,,,,,,cases,1
ganga,2026-09-01,,,,,,cases,1
ganga,2026-09-08,,,,,,cases,0
ganga,2026-09-15,,,,,,cases,1
ganga,2026-09-22,,,,,,cases,0
ganga,2026-09-29,,,,,,cases,0
ganga,2026-10-06,,,,,,cases,0
viadana,2026-08-18,,,,,,cases,1
viadana,2026-08-25,,,,,,cases,0
viadana,2026-09-01,,,,,,cases,0
viadana,2026-09-08,,,,,,cases,0
viadana,2026-09-15,,,,,,cases,2
viadana,2026-09-22,,,,,,cases,0
viadana,2026-09-29,,,,,,cases,3
viadana,2026-10-06,,,,,,cases,0
bulu,2026-08-18,,,,,,cases,0
bulu,2026-08-25,,,,,,cases,0
bulu,2026-09-01,,,,,,cases,0
bulu,2026-09-08,,,,,,cases,0
bulu,2026-09-15,,,,,,cases,1
bulu,2026-09-22,,,,,,cases,1
bulu,2026-09-29,,,,,,cases,0
bulu,2026-10-06,,,,,,cases,0
adja,2026-08-18,,,,,,deaths,0
adja,2026-08-25,,,,,,deaths,0
adja,2026-09-01,,,,,,deaths,0
adja,2026-09-08,,,,,,deaths,0
adja,2026-09-15,,,,,,deaths,0
adja,2026-09-22,,,,,,deaths,0
adja,2026-09-29,,,,,,deaths,0
adja,2026-10-06,,,,,,deaths,0
ariwara,2026-08-18,,,,,,deaths,0
ariwara,2026-08-25,,,,,,deaths,0
ariwara,2026-09-01,,,,,,deaths,0
ariwara,2026-09-08,,,,,,deaths,0
ariwara,2026-09-15,,,,,,deaths,0
ariwara,2026-09-22,,,,,,deaths,0
ariwara,2026-09-29,,,,,,deaths,0
ariwara,2026-10-06,,,,,,deaths,0
aru,2026-08-18,,,,,,deaths,0
aru,2026-08-25,,,,,,deaths,0
aru,2026-09-01,,,,,,deaths,0
aru,2026-09-08,,,,,,deaths,0
aru,2026-09-15,,,,,,deaths,0
aru,2026-09-22,,,,,,deaths,0
aru,2026-09-29,,,,,,deaths,0
aru,2026-10-06,,,,,,deaths,0
aungba,2026-08-18,,,,,,deaths,0
aungba,2026-08-25,,,,,,deaths,0
aungba,2026-09-01,,,,,,deaths,0
aungba,2026-09-08,,,,,,deaths,0
aungba,2026-09-15,,,,,,deaths,0
aungba,2026-09-22,,,,,,deaths,0
aungba,2026-09-29,,,,,,deaths,0
aungba,2026-10-06,,,,,,deaths,0
bambu,2026-08-18,,,,,,deaths,4
bambu,2026-08-25,,,,,,deaths,3
bambu,2026-09-01,,,,,,deaths,7
bambu,2026-09-08,,,,,,deaths,3
bambu,2026-09-15,,,,,,deaths,0
bambu,2026-09-22,,,,,,deaths,2
bambu,2026-09-29,,,,,,deaths,5
bambu,2026-10-06,,,,,,deaths,1
boga,2026-08-18,,,,,,deaths,0
boga,2026-08-25,,,,,,deaths,1
boga,2026-09-01,,,,,,deaths,0
boga,2026-09-08,,,,,,deaths,0
boga,2026-09-15,,,,,,deaths,0
boga,2026-09-22,,,,,,deaths,0
boga,2026-09-29,,,,,,deaths,0
boga,2026-10-06,,,,,,deaths,0
bunia,2026-08-18,,,,,,deaths,67
bunia,2026-08-25,,,,,,deaths,27
bunia,2026-09-01,,,,,,deaths,31
bunia,2026-09-08,,,,,,deaths,34
bunia,2026-09-15,,,,,,deaths,34
bunia,2026-09-22,,,,,,deaths,18
bunia,2026-09-29,,,,,,deaths,33
bunia,2026-10-06,,,,,,deaths,33
damas,2026-08-18,,,,,,deaths,1
damas,2026-08-25,,,,,,deaths,0
damas,2026-09-01,,,,,,deaths,0
damas,2026-09-08,,,,,,deaths,0
damas,2026-09-15,,,,,,deaths,0
damas,2026-09-22,,,,,,deaths,0
damas,2026-09-29,,,,,,deaths,0
damas,2026-10-06,,,,,,deaths,0
drodro,2026-08-18,,,,,,deaths,0
drodro,2026-08-25,,,,,,deaths,0
drodro,2026-09-01,,,,,,deaths,1
drodro,2026-09-08,,,,,,deaths,0
drodro,2026-09-15,,,,,,deaths,0
drodro,2026-09-22,,,,,,deaths,0
drodro,2026-09-29,,,,,,deaths,0
drodro,2026-10-06,,,,,,deaths,0
fataki,2026-08-18,,,,,,deaths,1
fataki,2026-08-25,,,,,,deaths,0
fataki,2026-09-01,,,,,,deaths,0
fataki,2026-09-08,,,,,,deaths,0
fataki,2026-09-15,,,,,,deaths,0
fataki,2026-09-22,,,,,,deaths,0
fataki,2026-09-29,,,,,,deaths,1
fataki,2026-10-06,,,,,,deaths,0
gety,2026-08-18,,,,,,deaths,1
gety,2026-08-25,,,,,,deaths,0
gety,2026-09-01,,,,,,deaths,0
gety,2026-09-08,,,,,,deaths,1
gety,2026-09-15,,,,,,deaths,0
gety,2026-09-22,,,,,,deaths,0
gety,2026-09-29,,,,,,deaths,0
gety,2026-10-06,,,,,,deaths,2
kambala,2026-08-18,,,,,,deaths,0
kambala,2026-08-25,,,,,,deaths,0
kambala,2026-09-01,,,,,,deaths,0
kambala,2026-09-08,,,,,,deaths,0
kambala,2026-09-15,,,,,,deaths,0
kambala,2026-09-22,,,,,,deaths,0
kambala,2026-09-29,,,,,,deaths,0
kambala,2026-10-06,,,,,,deaths,0
kilo,2026-08-18,,,,,,deaths,1
kilo,2026-08-25,,,,,,deaths,0
kilo,2026-09-01,,,,,,deaths,0
kilo,2026-09-08,,,,,,deaths,0
kilo,2026-09-15,,,,,,deaths,0
kilo,2026-09-22,,,,,,deaths,0
kilo,2026-09-29,,,,,,deaths,0
kilo,2026-10-06,,,,,,deaths,0
komanda,2026-08-18,,,,,,deaths,8
komanda,2026-08-25,,,,,,deaths,2
komanda,2026-09-01,,,,,,deaths,23
komanda,2026-09-08,,,,,,deaths,18
komanda,2026-09-15,,,,,,deaths,8
komanda,2026-09-22,,,,,,deaths,5
komanda,2026-09-29,,,,,,deaths,9
komanda,2026-10-06,,,,,,deaths,5
lita,2026-08-18,,,,,,deaths,10
lita,2026-08-25,,,,,,deaths,5
lita,2026-09-01,,,,,,deaths,10
lita,2026-09-08,,,,,,deaths,1
lita,2026-09-15,,,,,,deaths,8
lita,2026-09-22,,,,,,deaths,8
lita,2026-09-29,,,,,,deaths,5
lita,2026-10-06,,,,,,deaths,5
logo,2026-08-18,,,,,,deaths,0
logo,2026-08-25,,,,,,deaths,0
logo,2026-09-01,,,,,,deaths,0
logo,2026-09-08,,,,,,deaths,0
logo,2026-09-15,,,,,,deaths,0
logo,2026-09-22,,,,,,deaths,0
logo,2026-09-29,,,,,,deaths,0
logo,2026-10-06,,,,,,deaths,1
lolwa,2026-08-18,,,,,,deaths,0
lolwa,2026-08-25,,,,,,deaths,0
lolwa,2026-09-01,,,,,,deaths,1
lolwa,2026-09-08,,,,,,deaths,2
lolwa,2026-09-15,,,,,,deaths,1
lolwa,2026-09-22,,,,,,deaths,0
lolwa,2026-09-29,,,,,,deaths,1
lolwa,2026-10-06,,,,,,deaths,0
mahagi,2026-08-18,,,,,,deaths,0
mahagi,2026-08-25,,,,,,deaths,0
mahagi,2026-09-01,,,,,,deaths,0
mahagi,2026-09-08,,,,,,deaths,0
mahagi,2026-09-15,,,,,,deaths,0
mahagi,2026-09-22,,,,,,deaths,0
mahagi,2026-09-29,,,,,,deaths,0
mahagi,2026-10-06,,,,,,deaths,0
mambasa,2026-08-18,,,,,,deaths,1
mambasa,2026-08-25,,,,,,deaths,0
mambasa,2026-09-01,,,,,,deaths,0
mambasa,2026-09-08,,,,,,deaths,0
mambasa,2026-09-15,,,,,,deaths,0
mambasa,2026-09-22,,,,,,deaths,2
mambasa,2026-09-29,,,,,,deaths,2
mambasa,2026-10-06,,,,,,deaths,6
mandima,2026-08-18,,,,,,deaths,3
mandima,2026-08-25,,,,,,deaths,3
mandima,2026-09-01,,,,,,deaths,2
mandima,2026-09-08,,,,,,deaths,3
mandima,2026-09-15,,,,,,deaths,8
mandima,2026-09-22,,,,,,deaths,4
mandima,2026-09-29,,,,,,deaths,39
mandima,2026-10-06,,,,,,deaths,23
mangala,2026-08-18,,,,,,deaths,25
mangala,2026-08-25,,,,,,deaths,10
mangala,2026-09-01,,,,,,deaths,25
mangala,2026-09-08,,,,,,deaths,7
mangala,2026-09-15,,,,,,deaths,5
mangala,2026-09-22,,,,,,deaths,3
mangala,2026-09-29,,,,,,deaths,5
mangala,2026-10-06,,,,,,deaths,3
mongbwalu,2026-08-18,,,,,,deaths,2
mongbwalu,2026-08-25,,,,,,deaths,2
mongbwalu,2026-09-01,,,,,,deaths,3
mongbwalu,2026-09-08,,,,,,deaths,6
mongbwalu,2026-09-15,,,,,,deaths,14
mongbwalu,2026-09-22,,,,,,deaths,16
mongbwalu,2026-09-29,,,,,,deaths,8
mongbwalu,2026-10-06,,,,,,deaths,6
nia_nia,2026-08-18,,,,,,deaths,20
nia_nia,2026-08-25,,,,,,deaths,4
nia_nia,2026-09-01,,,,,,deaths,5
nia_nia,2026-09-08,,,,,,deaths,2
nia_nia,2026-09-15,,,,,,deaths,13
nia_nia,2026-09-22,,,,,,deaths,21
nia_nia,2026-09-29,,,,,,deaths,13
nia_nia,2026-10-06,,,,,,deaths,13
nizi,2026-08-18,,,,,,deaths,16
nizi,2026-08-25,,,,,,deaths,9
nizi,2026-09-01,,,,,,deaths,12
nizi,2026-09-08,,,,,,deaths,9
nizi,2026-09-15,,,,,,deaths,0
nizi,2026-09-22,,,,,,deaths,3
nizi,2026-09-29,,,,,,deaths,3
nizi,2026-10-06,,,,,,deaths,7
nyankunde,2026-08-18,,,,,,deaths,0
nyankunde,2026-08-25,,,,,,deaths,0
nyankunde,2026-09-01,,,,,,deaths,0
nyankunde,2026-09-08,,,,,,deaths,1
nyankunde,2026-09-15,,,,,,deaths,0
nyankunde,2026-09-22,,,,,,deaths,1
nyankunde,2026-09-29,,,,,,deaths,0
nyankunde,2026-10-06,,,,,,deaths,0
rimba,2026-08-18,,,,,,deaths,0
rimba,2026-08-25,,,,,,deaths,0
rimba,2026-09-01,,,,,,deaths,0
rimba,2026-09-08,,,,,,deaths,0
rimba,2026-09-15,,,,,,deaths,0
rimba,2026-09-22,,,,,,deaths,0
rimba,2026-09-29,,,,,,deaths,0
rimba,2026-10-06,,,,,,deaths,1
rwampara,2026-08-18,,,,,,deaths,29
rwampara,2026-08-25,,,,,,deaths,3
rwampara,2026-09-01,,,,,,deaths,6
rwampara,2026-09-08,,,,,,deaths,7
rwampara,2026-09-15,,,,,,deaths,2
rwampara,2026-09-22,,,,,,deaths,9
rwampara,2026-09-29,,,,,,deaths,10
rwampara,2026-10-06,,,,,,deaths,19
tchomia,2026-08-18,,,,,,deaths,1
tchomia,2026-08-25,,,,,,deaths,0
tchomia,2026-09-01,,,,,,deaths,0
tchomia,2026-09-08,,,,,,deaths,0
tchomia,2026-09-15,,,,,,deaths,0
tchomia,2026-09-22,,,,,,deaths,0
tchomia,2026-09-29,,,,,,deaths,0
tchomia,2026-10-06,,,,,,deaths,0
alimbongo,2026-08-18,,,,,,deaths,0
alimbongo,2026-08-25,,,,,,deaths,0
alimbongo,2026-09-01,,,,,,deaths,0
alimbongo,2026-09-08,,,,,,deaths,0
alimbongo,2026-09-15,,,,,,deaths,0
alimbongo,2026-09-22,,,,,,deaths,0
alimbongo,2026-09-29,,,,,,deaths,0
alimbongo,2026-10-06,,,,,,deaths,3
beni,2026-08-18,,,,,,deaths,11
beni,2026-08-25,,,,,,deaths,14
beni,2026-09-01,,,,,,deaths,20
beni,2026-09-08,,,,,,deaths,33
beni,2026-09-15,,,,,,deaths,40
beni,2026-09-22,,,,,,deaths,26
beni,2026-09-29,,,,,,deaths,25
beni,2026-10-06,,,,,,deaths,39
biena,2026-08-18,,,,,,deaths,0
biena,2026-08-25,,,,,,deaths,0
biena,2026-09-01,,,,,,deaths,1
biena,2026-09-08,,,,,,deaths,3
biena,2026-09-15,,,,,,deaths,3
biena,2026-09-22,,,,,,deaths,0
biena,2026-09-29,,,,,,deaths,0
biena,2026-10-06,,,,,,deaths,0
butembo,2026-08-18,,,,,,deaths,13
butembo,2026-08-25,,,,,,deaths,12
butembo,2026-09-01,,,,,,deaths,24
butembo,2026-09-08,,,,,,deaths,14
butembo,2026-09-15,,,,,,deaths,9
butembo,2026-09-22,,,,,,deaths,5
butembo,2026-09-29,,,,,,deaths,8
butembo,2026-10-06,,,,,,deaths,10
goma,2026-08-18,,,,,,deaths,0
goma,2026-08-25,,,,,,deaths,0
goma,2026-09-01,,,,,,deaths,0
goma,2026-09-08,,,,,,deaths,0
goma,2026-09-15,,,,,,deaths,0
goma,2026-09-22,,,,,,deaths,0
goma,2026-09-29,,,,,,deaths,0
goma,2026-10-06,,,,,,deaths,0
kalunguta,2026-08-18,,,,,,deaths,2
kalunguta,2026-08-25,,,,,,deaths,1
kalunguta,2026-09-01,,,,,,deaths,0
kalunguta,2026-09-08,,,,,,deaths,2
kalunguta,2026-09-15,,,,,,deaths,3
kalunguta,2026-09-22,,,,,,deaths,4
kalunguta,2026-09-29,,,,,,deaths,2
kalunguta,2026-10-06,,,,,,deaths,4
katwa,2026-08-18,,,,,,deaths,48
katwa,2026-08-25,,,,,,deaths,37
katwa,2026-09-01,,,,,,deaths,29
katwa,2026-09-08,,,,,,deaths,35
katwa,2026-09-15,,,,,,deaths,32
katwa,2026-09-22,,,,,,deaths,11
katwa,2026-09-29,,,,,,deaths,9
katwa,2026-10-06,,,,,,deaths,16
kayna,2026-08-18,,,,,,deaths,0
kayna,2026-08-25,,,,,,deaths,0
kayna,2026-09-01,,,,,,deaths,0
kayna,2026-09-08,,,,,,deaths,0
kayna,2026-09-15,,,,,,deaths,0
kayna,2026-09-22,,,,,,deaths,0
kayna,2026-09-29,,,,,,deaths,0
kayna,2026-10-06,,,,,,deaths,2
kyondo,2026-08-18,,,,,,deaths,2
kyondo,2026-08-25,,,,,,deaths,0
kyondo,2026-09-01,,,,,,deaths,0
kyondo,2026-09-08,,,,,,deaths,5
kyondo,2026-09-15,,,,,,deaths,3
kyondo,2026-09-22,,,,,,deaths,0
kyondo,2026-09-29,,,,,,deaths,0
kyondo,2026-10-06,,,,,,deaths,0
lubero,2026-08-18,,,,,,deaths,0
lubero,2026-08-25,,,,,,deaths,0
lubero,2026-09-01,,,,,,deaths,2
lubero,2026-09-08,,,,,,deaths,1
lubero,2026-09-15,,,,,,deaths,3
lubero,2026-09-22,,,,,,deaths,3
lubero,2026-09-29,,,,,,deaths,1
lubero,2026-10-06,,,,,,deaths,0
mabalako,2026-08-18,,,,,,deaths,1
mabalako,2026-08-25,,,,,,deaths,1
mabalako,2026-09-01,,,,,,deaths,3
mabalako,2026-09-08,,,,,,deaths,2
mabalako,2026-09-15,,,,,,deaths,2
mabalako,2026-09-22,,,,,,deaths,2
mabalako,2026-09-29,,,,,,deaths,1
mabalako,2026-10-06,,,,,,deaths,8
manguredjipa,2026-08-18,,,,,,deaths,0
manguredjipa,2026-08-25,,,,,,deaths,0
manguredjipa,2026-09-01,,,,,,deaths,1
manguredjipa,2026-09-08,,,,,,deaths,2
manguredjipa,2026-09-15,,,,,,deaths,0
manguredjipa,2026-09-22,,,,,,deaths,1
manguredjipa,2026-09-29,,,,,,deaths,1
manguredjipa,2026-10-06,,,,,,deaths,0
masereka,2026-08-18,,,,,,deaths,0
masereka,2026-08-25,,,,,,deaths,0
masereka,2026-09-01,,,,,,deaths,1
masereka,2026-09-08,,,,,,deaths,1
masereka,2026-09-15,,,,,,deaths,3
masereka,2026-09-22,,,,,,deaths,0
masereka,2026-09-29,,,,,,deaths,0
masereka,2026-10-06,,,,,,deaths,2
musienene,2026-08-18,,,,,,deaths,8
musienene,2026-08-25,,,,,,deaths,6
musienene,2026-09-01,,,,,,deaths,4
musienene,2026-09-08,,,,,,deaths,8
musienene,2026-09-15,,,,,,deaths,9
musienene,2026-09-22,,,,,,deaths,1
musienene,2026-09-29,,,,,,deaths,2
musienene,2026-10-06,,,,,,deaths,2
mutwanga,2026-08-18,,,,,,deaths,0
mutwanga,2026-08-25,,,,,,deaths,1
mutwanga,2026-09-01,,,,,,deaths,1
mutwanga,2026-09-08,,,,,,deaths,0
mutwanga,2026-09-15,,,,,,deaths,0
mutwanga,2026-09-22,,,,,,deaths,0
mutwanga,2026-09-29,,,,,,deaths,0
mutwanga,2026-10-06,,,,,,deaths,2
oicha,2026-08-18,,,,,,deaths,0
oicha,2026-08-25,,,,,,deaths,0
oicha,2026-09-01,,,,,,deaths,2
oicha,2026-09-08,,,,,,deaths,0
oicha,2026-09-15,,,,,,deaths,4
oicha,2026-09-22,,,,,,deaths,1
oicha,2026-09-29,,,,,,deaths,3
oicha,2026-10-06,,,,,,deaths,2
vuhovi,2026-08-18,,,,,,deaths,1
vuhovi,2026-08-25,,,,,,deaths,0
vuhovi,2026-09-01,,,,,,deaths,1
vuhovi,2026-09-08,,,,,,deaths,2
vuhovi,2026-09-15,,,,,,deaths,1
vuhovi,2026-09-22,,,,,,deaths,2
vuhovi,2026-09-29,,,,,,deaths,2
vuhovi,2026-10-06,,,,,,deaths,0
boma_mangbetu,2026-08-18,,,,,,deaths,4
boma_mangbetu,2026-08-25,,,,,,deaths,5
boma_mangbetu,2026-09-01,,,,,,deaths,0
boma_mangbetu,2026-09-08,,,,,,deaths,0
boma_mangbetu,2026-09-15,,,,,,deaths,1
boma_mangbetu,2026-09-22,,,,,,deaths,0
boma_mangbetu,2026-09-29,,,,,,deaths,2
boma_mangbetu,2026-10-06,,,,,,deaths,2
dungu,2026-08-18,,,,,,deaths,0
dungu,2026-08-25,,,,,,deaths,0
dungu,2026-09-01,,,,,,deaths,0
dungu,2026-09-08,,,,,,deaths,0
dungu,2026-09-15,,,,,,deaths,0
dungu,2026-09-22,,,,,,deaths,1
dungu,2026-09-29,,,,,,deaths,0
dungu,2026-10-06,,,,,,deaths,0
gombari,2026-08-18,,,,,,deaths,0
gombari,2026-08-25,,,,,,deaths,0
gombari,2026-09-01,,,,,,deaths,0
gombari,2026-09-08,,,,,,deaths,0
gombari,2026-09-15,,,,,,deaths,0
gombari,2026-09-22,,,,,,deaths,0
gombari,2026-09-29,,,,,,deaths,0
gombari,2026-10-06,,,,,,deaths,0
isiro,2026-08-18,,,,,,deaths,8
isiro,2026-08-25,,,,,,deaths,8
isiro,2026-09-01,,,,,,deaths,2
isiro,2026-09-08,,,,,,deaths,3
isiro,2026-09-15,,,,,,deaths,5
isiro,2026-09-22,,,,,,deaths,1
isiro,2026-09-29,,,,,,deaths,1
isiro,2026-10-06,,,,,,deaths,0
pawa,2026-08-18,,,,,,deaths,3
pawa,2026-08-25,,,,,,deaths,1
pawa,2026-09-01,,,,,,deaths,7
pawa,2026-09-08,,,,,,deaths,1
pawa,2026-09-15,,,,,,deaths,3
pawa,2026-09-22,,,,,,deaths,7
pawa,2026-09-29,,,,,,deaths,6
pawa,2026-10-06,,,,,,deaths,4
rungu,2026-08-18,,,,,,deaths,0
rungu,2026-08-25,,,,,,deaths,0
rungu,2026-09-01,,,,,,deaths,0
rungu,2026-09-08,,,,,,deaths,1
rungu,2026-09-15,,,,,,deaths,0
rungu,2026-09-22,,,,,,deaths,0
rungu,2026-09-29,,,,,,deaths,0
rungu,2026-10-06,,,,,,deaths,1
wamba,2026-08-18,,,,,,deaths,6
wamba,2026-08-25,,,,,,deaths,6
wamba,2026-09-01,,,,,,deaths,3
wamba,2026-09-08,,,,,,deaths,1
wamba,2026-09-15,,,,,,deaths,2
wamba,2026-09-22,,,,,,deaths,3
wamba,2026-09-29,,,,,,deaths,5
wamba,2026-10-06,,,,,,deaths,2
miti_murhesa,2026-08-18,,,,,,deaths,0
miti_murhesa,2026-08-25,,,,,,deaths,0
miti_murhesa,2026-09-01,,,,,,deaths,0
miti_murhesa,2026-09-08,,,,,,deaths,0
miti_murhesa,2026-09-15,,,,,,deaths,0
miti_murhesa,2026-09-22,,,,,,deaths,0
miti_murhesa,2026-09-29,,,,,,deaths,0
miti_murhesa,2026-10-06,,,,,,deaths,0
bafwasende,2026-08-18,,,,,,deaths,0
bafwasende,2026-08-25,,,,,,deaths,0
bafwasende,2026-09-01,,,,,,deaths,0
bafwasende,2026-09-08,,,,,,deaths,0
bafwasende,2026-09-15,,,,,,deaths,1
bafwasende,2026-09-22,,,,,,deaths,0
bafwasende,2026-09-29,,,,,,deaths,0
bafwasende,2026-10-06,,,,,,deaths,0
kabondo,2026-08-18,,,,,,deaths,1
kabondo,2026-08-25,,,,,,deaths,0
kabondo,2026-09-01,,,,,,deaths,0
kabondo,2026-09-08,,,,,,deaths,0
kabondo,2026-09-15,,,,,,deaths,0
kabondo,2026-09-22,,,,,,deaths,0
kabondo,2026-09-29,,,,,,deaths,0
kabondo,2026-10-06,,,,,,deaths,0
lubunga,2026-08-18,,,,,,deaths,0
lubunga,2026-08-25,,,,,,deaths,0
lubunga,2026-09-01,,,,,,deaths,0
lubunga,2026-09-08,,,,,,deaths,0
lubunga,2026-09-15,,,,,,deaths,0
lubunga,2026-09-22,,,,,,deaths,0
lubunga,2026-09-29,,,,,,deaths,0
lubunga,2026-10-06,,,,,,deaths,0
makiso_kisangani,2026-08-18,,,,,,deaths,1
makiso_kisangani,2026-08-25,,,,,,deaths,1
makiso_kisangani,2026-09-01,,,,,,deaths,1
makiso_kisangani,2026-09-08,,,,,,deaths,0
makiso_kisangani,2026-09-15,,,,,,deaths,0
makiso_kisangani,2026-09-22,,,,,,deaths,4
makiso_kisangani,2026-09-29,,,,,,deaths,1
makiso_kisangani,2026-10-06,,,,,,deaths,1
mangobo,2026-08-18,,,,,,deaths,0
mangobo,2026-08-25,,,,,,deaths,1
mangobo,2026-09-01,,,,,,deaths,0
mangobo,2026-09-08,,,,,,deaths,0
mangobo,2026-09-15,,,,,,deaths,0
mangobo,2026-09-22,,,,,,deaths,1
mangobo,2026-09-29,,,,,,deaths,0
mangobo,2026-10-06,,,,,,deaths,1
tshopo,2026-08-18,,,,,,deaths,0
tshopo,2026-08-25,,,,,,deaths,0
tshopo,2026-09-01,,,,,,deaths,0
tshopo,2026-09-08,,,,,,deaths,0
tshopo,2026-09-15,,,,,,deaths,0
tshopo,2026-09-22,,,,,,deaths,0
tshopo,2026-09-29,,,,,,deaths,0
tshopo,2026-10-06,,,,,,deaths,0
wanie_rukula,2026-08-18,,,,,,deaths,0
wanie_rukula,2026-08-25,,,,,,deaths,1
wanie_rukula,2026-09-01,,,,,,deaths,0
wanie_rukula,2026-09-08,,,,,,deaths,0
wanie_rukula,2026-09-15,,,,,,deaths,0
wanie_rukula,2026-09-22,,,,,,deaths,0
wanie_rukula,2026-09-29,,,,,,deaths,0
wanie_rukula,2026-10-06,,,,,,deaths,0
buta,2026-08-18,,,,,,deaths,1
buta,2026-08-25,,,,,,deaths,0
buta,2026-09-01,,,,,,deaths,0
buta,2026-09-08,,,,,,deaths,0
buta,2026-09-15,,,,,,deaths,0
buta,2026-09-22,,,,,,deaths,0
buta,2026-09-29,,,,,,deaths,0
buta,2026-10-06,,,,,,deaths,0
ganga,2026-08-18,,,,,,deaths,0
ganga,2026-08-25,,,,,,deaths,0
ganga,2026-09-01,,,,,,deaths,2
ganga,2026-09-08,,,,,,deaths,0
ganga,2026-09-15,,,,,,deaths,0
ganga,2026-09-22,,,,,,deaths,0
ganga,2026-09-29,,,,,,deaths,0
ganga,2026-10-06,,,,,,deaths,0
viadana,2026-08-18,,,,,,deaths,0
viadana,2026-08-25,,,,,,deaths,0
viadana,2026-09-01,,,,,,deaths,0
viadana,2026-09-08,,,,,,deaths,0
viadana,2026-09-15,,,,,,deaths,1
viadana,2026-09-22,,,,,,deaths,0
viadana,2026-09-29,,,,,,deaths,0
viadana,2026-10-06,,,,,,deaths,0
bulu,2026-08-18,,,,,,deaths,0
bulu,2026-08-25,,,,,,deaths,0
bulu,2026-09-01,,,,,,deaths,0
bulu,2026-09-08,,,,,,deaths,0
bulu,2026-09-15,,,,,,deaths,1
bulu,2026-09-22,,,,,,deaths,0
bulu,2026-09-29,,,,,,deaths,0
bulu,2026-10-06,,,,,,deaths,0
