area,date,median,lower_90,upper_90,lower_50,upper_50,series,count
adja,2026-10-01,0.803,0.549,1.116,0.684,0.915,rt,
adja,2026-10-02,0.795,0.537,1.11,0.674,0.909,rt,
adja,2026-10-03,0.781,0.517,1.125,0.665,0.908,rt,
adja,2026-10-04,0.772,0.496,1.151,0.647,0.906,rt,
adja,2026-10-05,0.759,0.474,1.168,0.634,0.901,rt,
adja,2026-10-06,0.79,0.48,1.198,0.648,0.931,rt,
ariwara,2026-07-27,1.081,0.944,1.228,1.024,1.136,rt,
ariwara,2026-07-28,1.076,0.951,1.212,1.02,1.129,rt,
ariwara,2026-07-29,1.069,0.952,1.199,1.018,1.121,rt,
ariwara,2026-07-30,1.06,0.948,1.188,1.013,1.115,rt,
ariwara,2026-07-31,1.048,0.938,1.167,1.001,1.098,rt,
ariwara,2026-08-01,1.035,0.923,1.152,0.988,1.084,rt,
ariwara,2026-08-02,1.018,0.902,1.139,0.97,1.07,rt,
ariwara,2026-08-03,1.0,0.874,1.128,0.948,1.056,rt,
ariwara,2026-08-04,0.995,0.877,1.115,0.943,1.045,rt,
ariwara,2026-08-05,0.99,0.878,1.104,0.94,1.038,rt,
ariwara,2026-08-06,0.983,0.871,1.099,0.936,1.033,rt,
ariwara,2026-08-07,0.97,0.864,1.083,0.928,1.018,rt,
ariwara,2026-08-08,0.96,0.855,1.073,0.918,1.006,rt,
ariwara,2026-08-09,0.947,0.836,1.067,0.903,0.993,rt,
ariwara,2026-08-10,0.926,0.811,1.054,0.881,0.975,rt,
ariwara,2026-08-11,0.917,0.811,1.034,0.875,0.962,rt,
ariwara,2026-08-12,0.91,0.808,1.02,0.868,0.952,rt,
ariwara,2026-08-13,0.901,0.798,1.007,0.86,0.945,rt,
ariwara,2026-08-14,0.893,0.793,0.995,0.855,0.937,rt,
ariwara,2026-08-15,0.884,0.783,0.984,0.846,0.926,rt,
ariwara,2026-08-16,0.875,0.77,0.98,0.837,0.917,rt,
ariwara,2026-08-17,0.874,0.761,0.985,0.832,0.919,rt,
ariwara,2026-08-18,0.878,0.766,0.986,0.836,0.921,rt,
ariwara,2026-08-19,0.88,0.77,0.989,0.838,0.925,rt,
ariwara,2026-08-20,0.882,0.771,0.995,0.841,0.929,rt,
ariwara,2026-08-21,0.888,0.78,0.996,0.849,0.934,rt,
ariwara,2026-08-22,0.895,0.788,1.002,0.855,0.941,rt,
ariwara,2026-08-23,0.898,0.79,1.008,0.856,0.947,rt,
ariwara,2026-08-24,0.912,0.796,1.028,0.864,0.962,rt,
ariwara,2026-08-25,0.935,0.822,1.052,0.886,0.982,rt,
ariwara,2026-08-26,0.955,0.849,1.074,0.907,1.001,rt,
ariwara,2026-08-27,0.974,0.868,1.094,0.926,1.021,rt,
ariwara,2026-08-28,0.99,0.887,1.107,0.943,1.037,rt,
ariwara,2026-08-29,1.003,0.9,1.12,0.959,1.052,rt,
ariwara,2026-08-30,1.015,0.905,1.133,0.968,1.066,rt,
ariwara,2026-08-31,1.013,0.898,1.136,0.963,1.066,rt,
ariwara,2026-09-01,1.022,0.908,1.146,0.974,1.073,rt,
ariwara,2026-09-02,1.029,0.922,1.155,0.981,1.08,rt,
ariwara,2026-09-03,1.036,0.924,1.165,0.987,1.088,rt,
ariwara,2026-09-04,1.032,0.926,1.152,0.987,1.083,rt,
ariwara,2026-09-05,1.027,0.924,1.145,0.982,1.078,rt,
ariwara,2026-09-06,1.02,0.907,1.142,0.974,1.068,rt,
ariwara,2026-09-07,0.997,0.878,1.126,0.949,1.048,rt,
ariwara,2026-09-08,0.979,0.862,1.106,0.93,1.031,rt,
ariwara,2026-09-09,0.962,0.842,1.087,0.911,1.012,rt,
ariwara,2026-09-10,0.942,0.821,1.072,0.889,0.995,rt,
ariwara,2026-09-11,0.919,0.799,1.05,0.865,0.971,rt,
ariwara,2026-09-12,0.893,0.771,1.029,0.837,0.948,rt,
ariwara,2026-09-13,0.866,0.74,1.006,0.81,0.923,rt,
ariwara,2026-09-14,0.84,0.708,0.989,0.785,0.9,rt,
ariwara,2026-09-15,0.834,0.7,0.985,0.776,0.893,rt,
ariwara,2026-09-16,0.828,0.691,0.981,0.768,0.887,rt,
ariwara,2026-09-17,0.822,0.678,0.979,0.76,0.881,rt,
ariwara,2026-09-18,0.816,0.675,0.981,0.758,0.877,rt,
ariwara,2026-09-19,0.812,0.669,0.978,0.753,0.878,rt,
ariwara,2026-09-20,0.807,0.653,0.979,0.746,0.879,rt,
ariwara,2026-09-21,0.811,0.645,0.999,0.745,0.89,rt,
ariwara,2026-09-22,0.818,0.644,1.016,0.745,0.896,rt,
ariwara,2026-09-23,0.819,0.636,1.023,0.744,0.9,rt,
ariwara,2026-09-24,0.822,0.632,1.041,0.745,0.905,rt,
ariwara,2026-09-25,0.825,0.623,1.06,0.742,0.91,rt,
ariwara,2026-09-26,0.826,0.616,1.074,0.734,0.917,rt,
ariwara,2026-09-27,0.824,0.604,1.088,0.727,0.92,rt,
ariwara,2026-09-28,0.819,0.587,1.098,0.714,0.92,rt,
ariwara,2026-09-29,0.818,0.577,1.105,0.709,0.921,rt,
ariwara,2026-09-30,0.815,0.569,1.115,0.704,0.919,rt,
ariwara,2026-10-01,0.81,0.558,1.121,0.698,0.92,rt,
ariwara,2026-10-02,0.804,0.544,1.116,0.686,0.916,rt,
ariwara,2026-10-03,0.793,0.53,1.129,0.673,0.914,rt,
ariwara,2026-10-04,0.776,0.507,1.152,0.655,0.912,rt,
ariwara,2026-10-05,0.764,0.479,1.169,0.639,0.904,rt,
ariwara,2026-10-06,0.794,0.487,1.196,0.661,0.934,rt,
aru,2026-06-06,1.365,1.094,1.686,1.247,1.498,rt,
aru,2026-06-07,1.36,1.095,1.683,1.241,1.484,rt,
aru,2026-06-08,1.351,1.087,1.676,1.232,1.469,rt,
aru,2026-06-09,1.341,1.085,1.638,1.228,1.45,rt,
aru,2026-06-10,1.328,1.084,1.615,1.22,1.433,rt,
aru,2026-06-11,1.314,1.082,1.585,1.21,1.416,rt,
aru,2026-06-12,1.301,1.074,1.557,1.201,1.397,rt,
aru,2026-06-13,1.282,1.06,1.537,1.189,1.379,rt,
aru,2026-06-14,1.265,1.04,1.522,1.171,1.365,rt,
aru,2026-06-15,1.249,1.026,1.509,1.154,1.356,rt,
aru,2026-06-16,1.244,1.036,1.48,1.155,1.344,rt,
aru,2026-06-17,1.236,1.039,1.466,1.155,1.332,rt,
aru,2026-06-18,1.23,1.036,1.446,1.151,1.324,rt,
aru,2026-06-19,1.227,1.04,1.436,1.154,1.316,rt,
aru,2026-06-20,1.224,1.043,1.425,1.152,1.309,rt,
aru,2026-06-21,1.218,1.044,1.418,1.148,1.3,rt,
aru,2026-06-22,1.23,1.046,1.44,1.157,1.315,rt,
aru,2026-06-23,1.229,1.055,1.43,1.161,1.311,rt,
aru,2026-06-24,1.229,1.06,1.426,1.165,1.31,rt,
aru,2026-06-25,1.229,1.063,1.421,1.163,1.306,rt,
aru,2026-06-26,1.223,1.061,1.402,1.157,1.296,rt,
aru,2026-06-27,1.214,1.055,1.389,1.15,1.29,rt,
aru,2026-06-28,1.206,1.048,1.384,1.142,1.284,rt,
aru,2026-06-29,1.174,1.016,1.353,1.107,1.25,rt,
aru,2026-06-30,1.152,1.005,1.32,1.089,1.221,rt,
aru,2026-07-01,1.134,0.994,1.289,1.073,1.194,rt,
aru,2026-07-02,1.117,0.978,1.266,1.056,1.176,rt,
aru,2026-07-03,1.101,0.97,1.246,1.044,1.156,rt,
aru,2026-07-04,1.084,0.955,1.222,1.03,1.141,rt,
aru,2026-07-05,1.069,0.934,1.213,1.014,1.129,rt,
aru,2026-07-06,1.063,0.92,1.212,1.003,1.124,rt,
aru,2026-07-07,1.069,0.93,1.209,1.012,1.127,rt,
aru,2026-07-08,1.076,0.945,1.208,1.021,1.132,rt,
aru,2026-07-09,1.083,0.956,1.216,1.026,1.137,rt,
aru,2026-07-10,1.09,0.964,1.222,1.036,1.145,rt,
aru,2026-07-11,1.096,0.966,1.23,1.045,1.151,rt,
aru,2026-07-12,1.102,0.966,1.243,1.047,1.161,rt,
aru,2026-07-13,1.099,0.958,1.251,1.042,1.164,rt,
aru,2026-07-14,1.102,0.968,1.242,1.048,1.162,rt,
aru,2026-07-15,1.103,0.974,1.237,1.049,1.161,rt,
aru,2026-07-16,1.101,0.978,1.233,1.051,1.16,rt,
aru,2026-07-17,1.104,0.983,1.23,1.053,1.156,rt,
aru,2026-07-18,1.104,0.979,1.233,1.05,1.155,rt,
aru,2026-07-19,1.103,0.973,1.237,1.044,1.156,rt,
aru,2026-07-20,1.099,0.963,1.247,1.037,1.158,rt,
aru,2026-07-21,1.094,0.963,1.226,1.039,1.148,rt,
aru,2026-07-22,1.086,0.961,1.217,1.036,1.139,rt,
aru,2026-07-23,1.08,0.959,1.21,1.031,1.133,rt,
aru,2026-07-24,1.074,0.957,1.202,1.026,1.126,rt,
aru,2026-07-25,1.065,0.948,1.199,1.018,1.117,rt,
aru,2026-07-26,1.055,0.935,1.194,1.007,1.11,rt,
aru,2026-07-27,1.049,0.92,1.195,0.996,1.108,rt,
aru,2026-07-28,1.045,0.927,1.185,0.996,1.1,rt,
aru,2026-07-29,1.04,0.929,1.171,0.992,1.096,rt,
aru,2026-07-30,1.036,0.921,1.163,0.985,1.088,rt,
aru,2026-07-31,1.025,0.916,1.145,0.977,1.075,rt,
aru,2026-08-01,1.013,0.902,1.133,0.965,1.062,rt,
aru,2026-08-02,1.0,0.884,1.121,0.95,1.05,rt,
aru,2026-08-03,0.981,0.86,1.111,0.929,1.035,rt,
aru,2026-08-04,0.978,0.86,1.098,0.927,1.027,rt,
aru,2026-08-05,0.972,0.856,1.086,0.924,1.02,rt,
aru,2026-08-06,0.967,0.856,1.079,0.919,1.014,rt,
aru,2026-08-07,0.957,0.853,1.065,0.91,1.002,rt,
aru,2026-08-08,0.945,0.841,1.055,0.9,0.991,rt,
aru,2026-08-09,0.933,0.826,1.048,0.887,0.98,rt,
aru,2026-08-10,0.913,0.801,1.032,0.864,0.963,rt,
aru,2026-08-11,0.904,0.801,1.019,0.859,0.95,rt,
aru,2026-08-12,0.897,0.796,1.007,0.853,0.941,rt,
aru,2026-08-13,0.89,0.787,0.999,0.848,0.934,rt,
aru,2026-08-14,0.881,0.781,0.984,0.842,0.924,rt,
aru,2026-08-15,0.873,0.773,0.976,0.834,0.915,rt,
aru,2026-08-16,0.865,0.759,0.969,0.824,0.907,rt,
aru,2026-08-17,0.864,0.75,0.976,0.82,0.907,rt,
aru,2026-08-18,0.868,0.758,0.977,0.826,0.91,rt,
aru,2026-08-19,0.871,0.758,0.981,0.828,0.914,rt,
aru,2026-08-20,0.873,0.757,0.986,0.829,0.917,rt,
aru,2026-08-21,0.88,0.77,0.988,0.839,0.925,rt,
aru,2026-08-22,0.885,0.779,0.994,0.844,0.93,rt,
aru,2026-08-23,0.889,0.782,1.002,0.844,0.936,rt,
aru,2026-08-24,0.904,0.791,1.023,0.853,0.951,rt,
aru,2026-08-25,0.924,0.817,1.04,0.874,0.972,rt,
aru,2026-08-26,0.943,0.837,1.059,0.897,0.994,rt,
aru,2026-08-27,0.962,0.854,1.08,0.917,1.014,rt,
aru,2026-08-28,0.98,0.871,1.094,0.936,1.028,rt,
aru,2026-08-29,0.994,0.882,1.108,0.949,1.041,rt,
aru,2026-08-30,1.007,0.89,1.128,0.959,1.053,rt,
aru,2026-08-31,1.005,0.881,1.129,0.955,1.053,rt,
aru,2026-09-01,1.012,0.891,1.137,0.966,1.062,rt,
aru,2026-09-02,1.02,0.902,1.145,0.974,1.071,rt,
aru,2026-09-03,1.025,0.903,1.151,0.979,1.078,rt,
aru,2026-09-04,1.023,0.908,1.14,0.978,1.072,rt,
aru,2026-09-05,1.02,0.906,1.133,0.972,1.068,rt,
aru,2026-09-06,1.01,0.894,1.129,0.963,1.06,rt,
aru,2026-09-07,0.988,0.867,1.113,0.937,1.039,rt,
aru,2026-09-08,0.97,0.855,1.091,0.92,1.021,rt,
aru,2026-09-09,0.954,0.836,1.075,0.901,1.004,rt,
aru,2026-09-10,0.936,0.811,1.057,0.879,0.985,rt,
aru,2026-09-11,0.914,0.787,1.033,0.855,0.959,rt,
aru,2026-09-12,0.888,0.763,1.015,0.829,0.936,rt,
aru,2026-09-13,0.859,0.732,0.995,0.801,0.912,rt,
aru,2026-09-14,0.834,0.697,0.979,0.774,0.891,rt,
aru,2026-09-15,0.824,0.692,0.972,0.767,0.883,rt,
aru,2026-09-16,0.818,0.684,0.966,0.761,0.876,rt,
aru,2026-09-17,0.813,0.672,0.968,0.753,0.873,rt,
aru,2026-09-18,0.809,0.668,0.971,0.75,0.871,rt,
aru,2026-09-19,0.805,0.661,0.972,0.743,0.87,rt,
aru,2026-09-20,0.8,0.647,0.976,0.737,0.872,rt,
aru,2026-09-21,0.805,0.64,0.992,0.735,0.881,rt,
aru,2026-09-22,0.809,0.638,1.002,0.739,0.887,rt,
aru,2026-09-23,0.811,0.635,1.017,0.741,0.892,rt,
aru,2026-09-24,0.814,0.628,1.028,0.739,0.899,rt,
aru,2026-09-25,0.816,0.625,1.051,0.738,0.903,rt,
aru,2026-09-26,0.816,0.611,1.062,0.731,0.906,rt,
aru,2026-09-27,0.813,0.597,1.076,0.725,0.914,rt,
aru,2026-09-28,0.81,0.581,1.092,0.709,0.913,rt,
aru,2026-09-29,0.809,0.573,1.106,0.701,0.915,rt,
aru,2026-09-30,0.807,0.559,1.113,0.696,0.915,rt,
aru,2026-10-01,0.802,0.55,1.115,0.69,0.915,rt,
aru,2026-10-02,0.795,0.538,1.115,0.679,0.91,rt,
aru,2026-10-03,0.782,0.519,1.122,0.667,0.907,rt,
aru,2026-10-04,0.772,0.495,1.147,0.646,0.908,rt,
aru,2026-10-05,0.759,0.471,1.166,0.631,0.898,rt,
aru,2026-10-06,0.789,0.482,1.2,0.656,0.932,rt,
aungba,2026-07-06,1.085,0.933,1.241,1.023,1.144,rt,
aungba,2026-07-07,1.091,0.951,1.236,1.035,1.149,rt,
aungba,2026-07-08,1.097,0.965,1.234,1.042,1.152,rt,
aungba,2026-07-09,1.104,0.974,1.235,1.05,1.157,rt,
aungba,2026-07-10,1.113,0.983,1.239,1.059,1.16,rt,
aungba,2026-07-11,1.119,0.986,1.246,1.062,1.168,rt,
aungba,2026-07-12,1.123,0.984,1.256,1.067,1.175,rt,
aungba,2026-07-13,1.122,0.972,1.269,1.058,1.177,rt,
aungba,2026-07-14,1.122,0.981,1.258,1.062,1.174,rt,
aungba,2026-07-15,1.122,0.986,1.251,1.063,1.175,rt,
aungba,2026-07-16,1.12,0.988,1.25,1.064,1.173,rt,
aungba,2026-07-17,1.119,0.993,1.249,1.066,1.171,rt,
aungba,2026-07-18,1.118,0.988,1.25,1.066,1.172,rt,
aungba,2026-07-19,1.115,0.981,1.249,1.06,1.169,rt,
aungba,2026-07-20,1.11,0.97,1.252,1.053,1.171,rt,
aungba,2026-07-21,1.105,0.976,1.236,1.052,1.16,rt,
aungba,2026-07-22,1.1,0.976,1.226,1.048,1.152,rt,
aungba,2026-07-23,1.091,0.97,1.219,1.042,1.144,rt,
aungba,2026-07-24,1.083,0.966,1.208,1.039,1.135,rt,
aungba,2026-07-25,1.075,0.963,1.204,1.027,1.126,rt,
aungba,2026-07-26,1.065,0.948,1.197,1.015,1.119,rt,
aungba,2026-07-27,1.06,0.934,1.199,1.006,1.116,rt,
aungba,2026-07-28,1.056,0.939,1.188,1.007,1.11,rt,
aungba,2026-07-29,1.051,0.939,1.179,1.003,1.103,rt,
aungba,2026-07-30,1.045,0.937,1.17,0.995,1.095,rt,
aungba,2026-07-31,1.033,0.928,1.153,0.987,1.083,rt,
aungba,2026-08-01,1.019,0.914,1.14,0.975,1.07,rt,
aungba,2026-08-02,1.005,0.893,1.126,0.959,1.057,rt,
aungba,2026-08-03,0.989,0.864,1.117,0.938,1.041,rt,
aungba,2026-08-04,0.985,0.864,1.104,0.937,1.033,rt,
aungba,2026-08-05,0.981,0.863,1.094,0.934,1.029,rt,
aungba,2026-08-06,0.975,0.859,1.09,0.929,1.023,rt,
aungba,2026-08-07,0.964,0.854,1.07,0.918,1.011,rt,
aungba,2026-08-08,0.953,0.845,1.061,0.907,0.999,rt,
aungba,2026-08-09,0.941,0.829,1.055,0.894,0.988,rt,
aungba,2026-08-10,0.92,0.803,1.041,0.871,0.969,rt,
aungba,2026-08-11,0.911,0.805,1.025,0.866,0.958,rt,
aungba,2026-08-12,0.903,0.8,1.012,0.861,0.949,rt,
aungba,2026-08-13,0.895,0.791,1.005,0.854,0.941,rt,
aungba,2026-08-14,0.886,0.784,0.988,0.847,0.928,rt,
aungba,2026-08-15,0.879,0.775,0.981,0.839,0.919,rt,
aungba,2026-08-16,0.871,0.761,0.973,0.829,0.909,rt,
aungba,2026-08-17,0.869,0.752,0.975,0.826,0.91,rt,
aungba,2026-08-18,0.872,0.76,0.978,0.83,0.913,rt,
aungba,2026-08-19,0.875,0.763,0.982,0.832,0.916,rt,
aungba,2026-08-20,0.877,0.763,0.989,0.834,0.918,rt,
aungba,2026-08-21,0.883,0.774,0.99,0.842,0.926,rt,
aungba,2026-08-22,0.887,0.782,0.994,0.846,0.933,rt,
aungba,2026-08-23,0.892,0.786,1.0,0.846,0.937,rt,
aungba,2026-08-24,0.904,0.792,1.019,0.855,0.952,rt,
aungba,2026-08-25,0.924,0.818,1.037,0.877,0.973,rt,
aungba,2026-08-26,0.944,0.836,1.057,0.9,0.994,rt,
aungba,2026-08-27,0.964,0.852,1.079,0.917,1.012,rt,
aungba,2026-08-28,0.981,0.871,1.093,0.932,1.027,rt,
aungba,2026-08-29,0.994,0.883,1.107,0.946,1.04,rt,
aungba,2026-08-30,1.005,0.891,1.12,0.958,1.052,rt,
aungba,2026-08-31,1.003,0.883,1.125,0.95,1.051,rt,
aungba,2026-09-01,1.01,0.894,1.129,0.961,1.059,rt,
aungba,2026-09-02,1.017,0.903,1.138,0.969,1.066,rt,
aungba,2026-09-03,1.023,0.907,1.148,0.975,1.074,rt,
aungba,2026-09-04,1.02,0.907,1.137,0.973,1.068,rt,
aungba,2026-09-05,1.015,0.903,1.128,0.966,1.062,rt,
aungba,2026-09-06,1.006,0.895,1.127,0.957,1.053,rt,
aungba,2026-09-07,0.982,0.866,1.108,0.932,1.033,rt,
aungba,2026-09-08,0.965,0.85,1.088,0.915,1.017,rt,
aungba,2026-09-09,0.949,0.827,1.071,0.898,0.999,rt,
aungba,2026-09-10,0.928,0.804,1.055,0.874,0.979,rt,
aungba,2026-09-11,0.905,0.782,1.028,0.849,0.955,rt,
aungba,2026-09-12,0.879,0.754,1.005,0.822,0.931,rt,
aungba,2026-09-13,0.853,0.721,0.986,0.794,0.907,rt,
aungba,2026-09-14,0.827,0.69,0.968,0.769,0.883,rt,
aungba,2026-09-15,0.819,0.686,0.961,0.761,0.877,rt,
aungba,2026-09-16,0.812,0.678,0.96,0.753,0.869,rt,
aungba,2026-09-17,0.809,0.671,0.961,0.746,0.866,rt,
aungba,2026-09-18,0.802,0.667,0.957,0.742,0.863,rt,
aungba,2026-09-19,0.798,0.652,0.958,0.737,0.862,rt,
aungba,2026-09-20,0.794,0.643,0.962,0.731,0.862,rt,
aungba,2026-09-21,0.797,0.633,0.977,0.732,0.871,rt,
aungba,2026-09-22,0.801,0.635,0.985,0.737,0.877,rt,
aungba,2026-09-23,0.804,0.63,1.002,0.736,0.885,rt,
aungba,2026-09-24,0.809,0.623,1.019,0.735,0.889,rt,
aungba,2026-09-25,0.81,0.619,1.04,0.73,0.892,rt,
aungba,2026-09-26,0.81,0.606,1.051,0.724,0.898,rt,
aungba,2026-09-27,0.812,0.589,1.062,0.714,0.902,rt,
aungba,2026-09-28,0.804,0.574,1.075,0.702,0.901,rt,
aungba,2026-09-29,0.8,0.565,1.085,0.697,0.902,rt,
aungba,2026-09-30,0.8,0.555,1.089,0.69,0.905,rt,
aungba,2026-10-01,0.797,0.546,1.106,0.682,0.907,rt,
aungba,2026-10-02,0.788,0.531,1.1,0.672,0.905,rt,
aungba,2026-10-03,0.776,0.514,1.114,0.657,0.901,rt,
aungba,2026-10-04,0.766,0.493,1.14,0.641,0.9,rt,
aungba,2026-10-05,0.755,0.467,1.155,0.623,0.894,rt,
aungba,2026-10-06,0.781,0.477,1.187,0.648,0.924,rt,
bambu,2026-05-21,1.534,1.028,2.365,1.298,1.859,rt,
bambu,2026-05-22,1.499,0.999,2.278,1.27,1.803,rt,
bambu,2026-05-23,1.469,0.969,2.23,1.237,1.774,rt,
bambu,2026-05-24,1.437,0.915,2.194,1.193,1.734,rt,
bambu,2026-05-25,1.389,0.856,2.193,1.143,1.704,rt,
bambu,2026-05-26,1.401,0.884,2.121,1.158,1.695,rt,
bambu,2026-05-27,1.406,0.921,2.071,1.174,1.678,rt,
bambu,2026-05-28,1.418,0.941,2.062,1.188,1.677,rt,
bambu,2026-05-29,1.425,0.95,2.063,1.202,1.683,rt,
bambu,2026-05-30,1.431,0.952,2.071,1.222,1.689,rt,
bambu,2026-05-31,1.445,0.944,2.114,1.228,1.706,rt,
bambu,2026-06-01,1.457,0.938,2.164,1.234,1.734,rt,
bambu,2026-06-02,1.5,0.997,2.15,1.285,1.746,rt,
bambu,2026-06-03,1.54,1.069,2.175,1.338,1.772,rt,
bambu,2026-06-04,1.57,1.124,2.218,1.376,1.792,rt,
bambu,2026-06-05,1.6,1.143,2.235,1.402,1.823,rt,
bambu,2026-06-06,1.621,1.141,2.297,1.411,1.855,rt,
bambu,2026-06-07,1.628,1.133,2.364,1.415,1.88,rt,
bambu,2026-06-08,1.641,1.101,2.44,1.411,1.9,rt,
bambu,2026-06-09,1.628,1.148,2.328,1.428,1.874,rt,
bambu,2026-06-10,1.634,1.163,2.253,1.429,1.849,rt,
bambu,2026-06-11,1.629,1.188,2.203,1.425,1.834,rt,
bambu,2026-06-12,1.615,1.188,2.169,1.42,1.826,rt,
bambu,2026-06-13,1.603,1.184,2.162,1.414,1.817,rt,
bambu,2026-06-14,1.588,1.153,2.197,1.39,1.806,rt,
bambu,2026-06-15,1.58,1.114,2.241,1.363,1.818,rt,
bambu,2026-06-16,1.577,1.144,2.148,1.381,1.797,rt,
bambu,2026-06-17,1.58,1.15,2.097,1.393,1.774,rt,
bambu,2026-06-18,1.565,1.166,2.063,1.4,1.76,rt,
bambu,2026-06-19,1.563,1.183,2.06,1.403,1.758,rt,
bambu,2026-06-20,1.557,1.172,2.066,1.391,1.755,rt,
bambu,2026-06-21,1.549,1.149,2.099,1.377,1.761,rt,
bambu,2026-06-22,1.559,1.132,2.189,1.378,1.8,rt,
bambu,2026-06-23,1.564,1.168,2.121,1.388,1.777,rt,
bambu,2026-06-24,1.564,1.193,2.063,1.392,1.754,rt,
bambu,2026-06-25,1.561,1.198,2.047,1.394,1.745,rt,
bambu,2026-06-26,1.552,1.18,2.015,1.389,1.726,rt,
bambu,2026-06-27,1.534,1.167,2.035,1.367,1.71,rt,
bambu,2026-06-28,1.516,1.131,2.07,1.352,1.711,rt,
bambu,2026-06-29,1.467,1.067,2.063,1.295,1.673,rt,
bambu,2026-06-30,1.421,1.069,1.935,1.265,1.593,rt,
bambu,2026-07-01,1.38,1.049,1.832,1.237,1.529,rt,
bambu,2026-07-02,1.336,1.028,1.751,1.205,1.475,rt,
bambu,2026-07-03,1.3,1.001,1.685,1.168,1.431,rt,
bambu,2026-07-04,1.262,0.958,1.63,1.13,1.406,rt,
bambu,2026-07-05,1.226,0.905,1.609,1.088,1.378,rt,
bambu,2026-07-06,1.199,0.869,1.601,1.052,1.361,rt,
bambu,2026-07-07,1.194,0.886,1.569,1.057,1.335,rt,
bambu,2026-07-08,1.187,0.904,1.543,1.062,1.321,rt,
bambu,2026-07-09,1.182,0.909,1.523,1.062,1.31,rt,
bambu,2026-07-10,1.177,0.904,1.512,1.058,1.308,rt,
bambu,2026-07-11,1.176,0.883,1.516,1.054,1.308,rt,
bambu,2026-07-12,1.172,0.859,1.535,1.042,1.313,rt,
bambu,2026-07-13,1.158,0.829,1.563,1.017,1.316,rt,
bambu,2026-07-14,1.174,0.861,1.534,1.046,1.315,rt,
bambu,2026-07-15,1.185,0.899,1.531,1.066,1.315,rt,
bambu,2026-07-16,1.201,0.919,1.533,1.082,1.325,rt,
bambu,2026-07-17,1.215,0.942,1.55,1.094,1.337,rt,
bambu,2026-07-18,1.222,0.945,1.578,1.103,1.351,rt,
bambu,2026-07-19,1.233,0.933,1.63,1.108,1.373,rt,
bambu,2026-07-20,1.239,0.914,1.684,1.103,1.398,rt,
bambu,2026-07-21,1.245,0.95,1.636,1.119,1.382,rt,
bambu,2026-07-22,1.247,0.969,1.605,1.126,1.377,rt,
bambu,2026-07-23,1.247,0.983,1.583,1.135,1.379,rt,
bambu,2026-07-24,1.253,0.983,1.589,1.137,1.379,rt,
bambu,2026-07-25,1.251,0.968,1.597,1.128,1.384,rt,
bambu,2026-07-26,1.252,0.947,1.62,1.117,1.393,rt,
bambu,2026-07-27,1.25,0.924,1.681,1.105,1.408,rt,
bambu,2026-07-28,1.254,0.958,1.646,1.122,1.4,rt,
bambu,2026-07-29,1.256,0.988,1.62,1.137,1.394,rt,
bambu,2026-07-30,1.262,0.993,1.609,1.141,1.394,rt,
bambu,2026-07-31,1.256,0.986,1.602,1.138,1.386,rt,
bambu,2026-08-01,1.248,0.965,1.604,1.129,1.388,rt,
bambu,2026-08-02,1.238,0.939,1.625,1.113,1.388,rt,
bambu,2026-08-03,1.225,0.901,1.649,1.086,1.386,rt,
bambu,2026-08-04,1.215,0.919,1.586,1.086,1.358,rt,
bambu,2026-08-05,1.204,0.932,1.541,1.081,1.332,rt,
bambu,2026-08-06,1.192,0.927,1.505,1.072,1.315,rt,
bambu,2026-08-07,1.174,0.913,1.462,1.056,1.29,rt,
bambu,2026-08-08,1.153,0.882,1.465,1.034,1.273,rt,
bambu,2026-08-09,1.127,0.845,1.47,1.008,1.259,rt,
bambu,2026-08-10,1.091,0.806,1.482,0.964,1.233,rt,
bambu,2026-08-11,1.048,0.79,1.384,0.933,1.169,rt,
bambu,2026-08-12,1.005,0.77,1.302,0.9,1.117,rt,
bambu,2026-08-13,0.961,0.745,1.233,0.866,1.067,rt,
bambu,2026-08-14,0.918,0.709,1.185,0.827,1.023,rt,
bambu,2026-08-15,0.881,0.665,1.161,0.787,0.987,rt,
bambu,2026-08-16,0.841,0.623,1.14,0.748,0.952,rt,
bambu,2026-08-17,0.813,0.578,1.13,0.712,0.931,rt,
bambu,2026-08-18,0.79,0.578,1.072,0.698,0.89,rt,
bambu,2026-08-19,0.766,0.569,1.018,0.679,0.86,rt,
bambu,2026-08-20,0.741,0.552,0.97,0.66,0.832,rt,
bambu,2026-08-21,0.723,0.536,0.947,0.643,0.814,rt,
bambu,2026-08-22,0.703,0.511,0.927,0.622,0.791,rt,
bambu,2026-08-23,0.682,0.487,0.923,0.598,0.771,rt,
bambu,2026-08-24,0.667,0.463,0.93,0.577,0.765,rt,
bambu,2026-08-25,0.676,0.484,0.919,0.59,0.771,rt,
bambu,2026-08-26,0.686,0.5,0.913,0.604,0.776,rt,
bambu,2026-08-27,0.698,0.508,0.917,0.615,0.786,rt,
bambu,2026-08-28,0.702,0.512,0.924,0.623,0.792,rt,
bambu,2026-08-29,0.707,0.508,0.94,0.628,0.803,rt,
bambu,2026-08-30,0.707,0.501,0.965,0.624,0.813,rt,
bambu,2026-08-31,0.699,0.477,0.982,0.609,0.809,rt,
bambu,2026-09-01,0.715,0.504,0.97,0.629,0.819,rt,
bambu,2026-09-02,0.731,0.533,0.965,0.646,0.828,rt,
bambu,2026-09-03,0.746,0.551,0.976,0.658,0.835,rt,
bambu,2026-09-04,0.754,0.549,0.988,0.665,0.842,rt,
bambu,2026-09-05,0.756,0.546,1.012,0.668,0.847,rt,
bambu,2026-09-06,0.757,0.532,1.051,0.665,0.855,rt,
bambu,2026-09-07,0.75,0.506,1.08,0.644,0.856,rt,
bambu,2026-09-08,0.739,0.514,1.035,0.645,0.841,rt,
bambu,2026-09-09,0.729,0.511,1.01,0.643,0.835,rt,
bambu,2026-09-10,0.718,0.508,0.993,0.636,0.828,rt,
bambu,2026-09-11,0.708,0.499,0.983,0.62,0.808,rt,
bambu,2026-09-12,0.695,0.479,0.978,0.601,0.8,rt,
bambu,2026-09-13,0.677,0.449,0.982,0.576,0.789,rt,
bambu,2026-09-14,0.662,0.419,1.004,0.555,0.779,rt,
bambu,2026-09-15,0.667,0.434,1.004,0.562,0.786,rt,
bambu,2026-09-16,0.674,0.453,1.009,0.571,0.794,rt,
bambu,2026-09-17,0.69,0.457,1.034,0.577,0.808,rt,
bambu,2026-09-18,0.701,0.455,1.064,0.587,0.835,rt,
bambu,2026-09-19,0.714,0.455,1.108,0.595,0.86,rt,
bambu,2026-09-20,0.729,0.446,1.154,0.601,0.881,rt,
bambu,2026-09-21,0.751,0.438,1.231,0.609,0.923,rt,
bambu,2026-09-22,0.758,0.445,1.224,0.619,0.928,rt,
bambu,2026-09-23,0.76,0.444,1.218,0.621,0.924,rt,
bambu,2026-09-24,0.762,0.435,1.233,0.624,0.937,rt,
bambu,2026-09-25,0.764,0.428,1.274,0.619,0.95,rt,
bambu,2026-09-26,0.766,0.416,1.315,0.602,0.964,rt,
bambu,2026-09-27,0.763,0.402,1.373,0.588,0.983,rt,
bambu,2026-09-28,0.753,0.375,1.428,0.573,0.986,rt,
bambu,2026-09-29,0.753,0.37,1.417,0.567,0.978,rt,
bambu,2026-09-30,0.747,0.37,1.401,0.561,0.978,rt,
bambu,2026-10-01,0.737,0.36,1.435,0.552,0.972,rt,
bambu,2026-10-02,0.718,0.344,1.456,0.536,0.97,rt,
bambu,2026-10-03,0.701,0.325,1.457,0.524,0.968,rt,
bambu,2026-10-04,0.685,0.304,1.517,0.506,0.964,rt,
bambu,2026-10-05,0.669,0.278,1.558,0.48,0.97,rt,
bambu,2026-10-06,0.686,0.266,1.729,0.471,1.003,rt,
boga,2026-08-09,0.926,0.812,1.049,0.883,0.976,rt,
boga,2026-08-10,0.907,0.788,1.034,0.859,0.959,rt,
boga,2026-08-11,0.898,0.792,1.02,0.856,0.948,rt,
boga,2026-08-12,0.89,0.788,1.009,0.847,0.936,rt,
boga,2026-08-13,0.884,0.784,1.001,0.839,0.928,rt,
boga,2026-08-14,0.877,0.781,0.989,0.833,0.92,rt,
boga,2026-08-15,0.869,0.771,0.975,0.826,0.912,rt,
boga,2026-08-16,0.86,0.755,0.97,0.816,0.903,rt,
boga,2026-08-17,0.859,0.746,0.976,0.814,0.906,rt,
boga,2026-08-18,0.861,0.754,0.979,0.819,0.906,rt,
boga,2026-08-19,0.864,0.753,0.98,0.821,0.909,rt,
boga,2026-08-20,0.865,0.751,0.982,0.823,0.91,rt,
boga,2026-08-21,0.87,0.763,0.983,0.83,0.915,rt,
boga,2026-08-22,0.875,0.768,0.987,0.835,0.921,rt,
boga,2026-08-23,0.877,0.766,0.993,0.833,0.923,rt,
boga,2026-08-24,0.888,0.769,1.012,0.839,0.939,rt,
boga,2026-08-25,0.907,0.796,1.027,0.86,0.957,rt,
boga,2026-08-26,0.926,0.816,1.042,0.88,0.977,rt,
boga,2026-08-27,0.944,0.832,1.066,0.896,0.994,rt,
boga,2026-08-28,0.958,0.848,1.073,0.91,1.005,rt,
boga,2026-08-29,0.973,0.862,1.084,0.923,1.018,rt,
boga,2026-08-30,0.982,0.866,1.099,0.929,1.029,rt,
boga,2026-08-31,0.976,0.856,1.097,0.921,1.028,rt,
boga,2026-09-01,0.985,0.87,1.105,0.933,1.034,rt,
boga,2026-09-02,0.994,0.878,1.111,0.943,1.042,rt,
boga,2026-09-03,1.0,0.88,1.12,0.95,1.049,rt,
boga,2026-09-04,0.995,0.883,1.113,0.952,1.044,rt,
boga,2026-09-05,0.991,0.878,1.108,0.948,1.038,rt,
boga,2026-09-06,0.982,0.867,1.102,0.939,1.032,rt,
boga,2026-09-07,0.961,0.838,1.088,0.912,1.012,rt,
boga,2026-09-08,0.946,0.824,1.071,0.896,0.995,rt,
boga,2026-09-09,0.93,0.804,1.053,0.879,0.98,rt,
boga,2026-09-10,0.911,0.783,1.035,0.858,0.96,rt,
boga,2026-09-11,0.889,0.762,1.01,0.834,0.937,rt,
boga,2026-09-12,0.863,0.735,0.994,0.809,0.914,rt,
boga,2026-09-13,0.837,0.706,0.973,0.78,0.889,rt,
boga,2026-09-14,0.812,0.673,0.959,0.751,0.869,rt,
boga,2026-09-15,0.804,0.666,0.954,0.745,0.861,rt,
boga,2026-09-16,0.798,0.659,0.951,0.737,0.855,rt,
boga,2026-09-17,0.791,0.651,0.947,0.731,0.849,rt,
boga,2026-09-18,0.789,0.648,0.944,0.727,0.849,rt,
boga,2026-09-19,0.785,0.638,0.953,0.722,0.849,rt,
boga,2026-09-20,0.779,0.625,0.955,0.715,0.848,rt,
boga,2026-09-21,0.782,0.62,0.967,0.714,0.856,rt,
boga,2026-09-22,0.789,0.616,0.973,0.713,0.864,rt,
boga,2026-09-23,0.791,0.613,0.979,0.714,0.87,rt,
boga,2026-09-24,0.792,0.602,0.995,0.714,0.876,rt,
boga,2026-09-25,0.79,0.591,1.008,0.711,0.88,rt,
boga,2026-09-26,0.794,0.583,1.027,0.704,0.885,rt,
boga,2026-09-27,0.793,0.57,1.042,0.696,0.887,rt,
boga,2026-09-28,0.786,0.552,1.054,0.684,0.882,rt,
boga,2026-09-29,0.782,0.546,1.064,0.679,0.882,rt,
boga,2026-09-30,0.78,0.538,1.07,0.672,0.886,rt,
boga,2026-10-01,0.776,0.529,1.075,0.661,0.889,rt,
boga,2026-10-02,0.77,0.513,1.074,0.652,0.883,rt,
boga,2026-10-03,0.759,0.492,1.096,0.634,0.881,rt,
boga,2026-10-04,0.747,0.467,1.109,0.623,0.878,rt,
boga,2026-10-05,0.737,0.444,1.129,0.608,0.872,rt,
boga,2026-10-06,0.757,0.46,1.151,0.624,0.907,rt,
bunia,2026-04-20,2.636,1.581,6.085,2.075,3.501,rt,
bunia,2026-04-21,2.625,1.62,5.761,2.085,3.428,rt,
bunia,2026-04-22,2.595,1.659,5.523,2.088,3.333,rt,
bunia,2026-04-23,2.567,1.689,5.13,2.09,3.271,rt,
bunia,2026-04-24,2.568,1.715,4.97,2.117,3.237,rt,
bunia,2026-04-25,2.548,1.725,4.876,2.138,3.199,rt,
bunia,2026-04-26,2.536,1.726,4.742,2.122,3.196,rt,
bunia,2026-04-27,2.526,1.694,4.72,2.114,3.158,rt,
bunia,2026-04-28,2.519,1.716,4.478,2.134,3.121,rt,
bunia,2026-04-29,2.525,1.735,4.35,2.155,3.076,rt,
bunia,2026-04-30,2.524,1.745,4.209,2.167,3.068,rt,
bunia,2026-05-01,2.556,1.792,4.207,2.213,3.085,rt,
bunia,2026-05-02,2.591,1.827,4.172,2.24,3.138,rt,
bunia,2026-05-03,2.616,1.838,4.203,2.254,3.172,rt,
bunia,2026-05-04,2.634,1.843,4.244,2.261,3.186,rt,
bunia,2026-05-05,2.649,1.892,4.137,2.295,3.164,rt,
bunia,2026-05-06,2.67,1.915,4.061,2.324,3.139,rt,
bunia,2026-05-07,2.688,1.959,3.994,2.353,3.144,rt,
bunia,2026-05-08,2.668,1.967,3.912,2.341,3.095,rt,
bunia,2026-05-09,2.658,1.963,3.85,2.316,3.065,rt,
bunia,2026-05-10,2.647,1.925,3.882,2.306,3.04,rt,
bunia,2026-05-11,2.527,1.804,3.757,2.198,2.923,rt,
bunia,2026-05-12,2.433,1.779,3.495,2.119,2.772,rt,
bunia,2026-05-13,2.337,1.747,3.282,2.049,2.647,rt,
bunia,2026-05-14,2.239,1.699,3.109,1.987,2.53,rt,
bunia,2026-05-15,2.132,1.655,2.925,1.911,2.393,rt,
bunia,2026-05-16,2.034,1.588,2.747,1.83,2.289,rt,
bunia,2026-05-17,1.944,1.505,2.644,1.739,2.192,rt,
bunia,2026-05-18,1.862,1.393,2.575,1.656,2.117,rt,
bunia,2026-05-19,1.775,1.362,2.385,1.591,1.992,rt,
bunia,2026-05-20,1.7,1.319,2.233,1.53,1.888,rt,
bunia,2026-05-21,1.614,1.265,2.087,1.465,1.794,rt,
bunia,2026-05-22,1.536,1.198,1.963,1.39,1.689,rt,
bunia,2026-05-23,1.452,1.105,1.884,1.309,1.606,rt,
bunia,2026-05-24,1.37,1.022,1.831,1.223,1.528,rt,
bunia,2026-05-25,1.291,0.901,1.774,1.135,1.464,rt,
bunia,2026-05-26,1.28,0.929,1.699,1.143,1.439,rt,
bunia,2026-05-27,1.271,0.951,1.65,1.145,1.417,rt,
bunia,2026-05-28,1.271,0.964,1.622,1.146,1.403,rt,
bunia,2026-05-29,1.269,0.975,1.59,1.149,1.388,rt,
bunia,2026-05-30,1.267,0.966,1.6,1.144,1.386,rt,
bunia,2026-05-31,1.266,0.949,1.607,1.133,1.391,rt,
bunia,2026-06-01,1.269,0.934,1.654,1.12,1.418,rt,
bunia,2026-06-02,1.325,1.029,1.664,1.196,1.458,rt,
bunia,2026-06-03,1.385,1.119,1.685,1.27,1.499,rt,
bunia,2026-06-04,1.438,1.193,1.719,1.339,1.551,rt,
bunia,2026-06-05,1.489,1.25,1.75,1.393,1.603,rt,
bunia,2026-06-06,1.535,1.289,1.83,1.43,1.655,rt,
bunia,2026-06-07,1.574,1.305,1.905,1.451,1.707,rt,
bunia,2026-06-08,1.606,1.309,1.981,1.472,1.756,rt,
bunia,2026-06-09,1.584,1.327,1.9,1.47,1.708,rt,
bunia,2026-06-10,1.555,1.325,1.841,1.461,1.668,rt,
bunia,2026-06-11,1.53,1.322,1.804,1.441,1.636,rt,
bunia,2026-06-12,1.505,1.306,1.757,1.417,1.61,rt,
bunia,2026-06-13,1.481,1.272,1.741,1.388,1.584,rt,
bunia,2026-06-14,1.454,1.229,1.725,1.353,1.556,rt,
bunia,2026-06-15,1.429,1.183,1.718,1.322,1.537,rt,
bunia,2026-06-16,1.379,1.164,1.625,1.291,1.472,rt,
bunia,2026-06-17,1.328,1.144,1.549,1.254,1.414,rt,
bunia,2026-06-18,1.28,1.113,1.481,1.209,1.364,rt,
bunia,2026-06-19,1.242,1.079,1.431,1.167,1.32,rt,
bunia,2026-06-20,1.199,1.026,1.398,1.125,1.277,rt,
bunia,2026-06-21,1.158,0.973,1.366,1.082,1.237,rt,
bunia,2026-06-22,1.132,0.922,1.357,1.046,1.224,rt,
bunia,2026-06-23,1.148,0.96,1.343,1.072,1.229,rt,
bunia,2026-06-24,1.161,0.992,1.335,1.093,1.234,rt,
bunia,2026-06-25,1.174,1.024,1.334,1.113,1.242,rt,
bunia,2026-06-26,1.182,1.044,1.335,1.124,1.241,rt,
bunia,2026-06-27,1.19,1.048,1.353,1.129,1.249,rt,
bunia,2026-06-28,1.194,1.038,1.381,1.131,1.265,rt,
bunia,2026-06-29,1.176,1.002,1.381,1.104,1.255,rt,
bunia,2026-06-30,1.169,1.014,1.35,1.102,1.237,rt,
bunia,2026-07-01,1.162,1.023,1.323,1.1,1.225,rt,
bunia,2026-07-02,1.159,1.023,1.307,1.101,1.22,rt,
bunia,2026-07-03,1.159,1.024,1.297,1.101,1.218,rt,
bunia,2026-07-04,1.157,1.016,1.304,1.1,1.216,rt,
bunia,2026-07-05,1.154,1.003,1.32,1.09,1.221,rt,
bunia,2026-07-06,1.157,0.989,1.348,1.085,1.234,rt,
bunia,2026-07-07,1.145,0.994,1.311,1.083,1.211,rt,
bunia,2026-07-08,1.133,0.993,1.285,1.077,1.191,rt,
bunia,2026-07-09,1.119,0.989,1.264,1.066,1.175,rt,
bunia,2026-07-10,1.111,0.976,1.254,1.057,1.161,rt,
bunia,2026-07-11,1.099,0.954,1.252,1.042,1.153,rt,
bunia,2026-07-12,1.086,0.923,1.25,1.021,1.148,rt,
bunia,2026-07-13,1.065,0.878,1.25,0.992,1.139,rt,
bunia,2026-07-14,1.051,0.888,1.212,0.988,1.118,rt,
bunia,2026-07-15,1.039,0.89,1.187,0.978,1.1,rt,
bunia,2026-07-16,1.025,0.883,1.166,0.966,1.08,rt,
bunia,2026-07-17,1.013,0.876,1.148,0.955,1.066,rt,
bunia,2026-07-18,0.998,0.858,1.144,0.937,1.054,rt,
bunia,2026-07-19,0.983,0.825,1.142,0.916,1.043,rt,
bunia,2026-07-20,0.968,0.787,1.146,0.894,1.034,rt,
bunia,2026-07-21,0.97,0.813,1.126,0.908,1.032,rt,
bunia,2026-07-22,0.972,0.834,1.113,0.914,1.033,rt,
bunia,2026-07-23,0.972,0.845,1.109,0.918,1.033,rt,
bunia,2026-07-24,0.976,0.854,1.106,0.922,1.031,rt,
bunia,2026-07-25,0.978,0.849,1.116,0.921,1.033,rt,
bunia,2026-07-26,0.976,0.827,1.128,0.915,1.043,rt,
bunia,2026-07-27,0.982,0.801,1.16,0.91,1.054,rt,
bunia,2026-07-28,0.996,0.837,1.153,0.932,1.059,rt,
bunia,2026-07-29,1.009,0.867,1.148,0.95,1.069,rt,
bunia,2026-07-30,1.021,0.887,1.157,0.963,1.079,rt,
bunia,2026-07-31,1.031,0.896,1.164,0.971,1.085,rt,
bunia,2026-08-01,1.032,0.894,1.18,0.973,1.093,rt,
bunia,2026-08-02,1.036,0.881,1.206,0.965,1.101,rt,
bunia,2026-08-03,1.033,0.858,1.236,0.958,1.11,rt,
bunia,2026-08-04,1.025,0.866,1.203,0.957,1.092,rt,
bunia,2026-08-05,1.015,0.875,1.179,0.953,1.075,rt,
bunia,2026-08-06,1.004,0.871,1.157,0.948,1.064,rt,
bunia,2026-08-07,0.989,0.857,1.128,0.936,1.045,rt,
bunia,2026-08-08,0.971,0.841,1.115,0.918,1.029,rt,
bunia,2026-08-09,0.957,0.812,1.11,0.895,1.017,rt,
bunia,2026-08-10,0.932,0.77,1.107,0.864,0.995,rt,
bunia,2026-08-11,0.911,0.765,1.066,0.853,0.973,rt,
bunia,2026-08-12,0.891,0.756,1.035,0.843,0.948,rt,
bunia,2026-08-13,0.876,0.74,1.016,0.825,0.929,rt,
bunia,2026-08-14,0.857,0.731,0.991,0.809,0.909,rt,
bunia,2026-08-15,0.841,0.712,0.977,0.789,0.893,rt,
bunia,2026-08-16,0.823,0.684,0.97,0.766,0.877,rt,
bunia,2026-08-17,0.809,0.659,0.98,0.747,0.875,rt,
bunia,2026-08-18,0.816,0.676,0.969,0.758,0.875,rt,
bunia,2026-08-19,0.821,0.69,0.965,0.769,0.879,rt,
bunia,2026-08-20,0.826,0.699,0.963,0.774,0.884,rt,
bunia,2026-08-21,0.837,0.71,0.966,0.785,0.894,rt,
bunia,2026-08-22,0.845,0.715,0.979,0.791,0.903,rt,
bunia,2026-08-23,0.851,0.709,0.999,0.793,0.91,rt,
bunia,2026-08-24,0.865,0.704,1.035,0.797,0.932,rt,
bunia,2026-08-25,0.876,0.733,1.032,0.816,0.938,rt,
bunia,2026-08-26,0.885,0.754,1.028,0.829,0.941,rt,
bunia,2026-08-27,0.891,0.773,1.034,0.838,0.949,rt,
bunia,2026-08-28,0.897,0.777,1.04,0.845,0.955,rt,
bunia,2026-08-29,0.9,0.769,1.055,0.845,0.959,rt,
bunia,2026-08-30,0.898,0.754,1.072,0.839,0.964,rt,
bunia,2026-08-31,0.887,0.718,1.083,0.817,0.963,rt,
bunia,2026-09-01,0.885,0.733,1.062,0.823,0.955,rt,
bunia,2026-09-02,0.887,0.747,1.046,0.829,0.948,rt,
bunia,2026-09-03,0.884,0.747,1.042,0.829,0.947,rt,
bunia,2026-09-04,0.877,0.738,1.024,0.821,0.935,rt,
bunia,2026-09-05,0.864,0.722,1.016,0.808,0.929,rt,
bunia,2026-09-06,0.851,0.686,1.016,0.782,0.92,rt,
bunia,2026-09-07,0.824,0.638,1.012,0.748,0.901,rt,
bunia,2026-09-08,0.815,0.651,0.981,0.746,0.883,rt,
bunia,2026-09-09,0.804,0.655,0.952,0.741,0.863,rt,
bunia,2026-09-10,0.79,0.65,0.936,0.731,0.851,rt,
bunia,2026-09-11,0.77,0.636,0.925,0.717,0.829,rt,
bunia,2026-09-12,0.749,0.613,0.916,0.694,0.815,rt,
bunia,2026-09-13,0.728,0.578,0.922,0.666,0.801,rt,
bunia,2026-09-14,0.711,0.534,0.92,0.637,0.796,rt,
bunia,2026-09-15,0.716,0.552,0.916,0.649,0.79,rt,
bunia,2026-09-16,0.723,0.563,0.919,0.658,0.792,rt,
bunia,2026-09-17,0.73,0.571,0.932,0.667,0.803,rt,
bunia,2026-09-18,0.741,0.58,0.945,0.675,0.818,rt,
bunia,2026-09-19,0.755,0.574,0.98,0.676,0.841,rt,
bunia,2026-09-20,0.766,0.557,1.025,0.677,0.861,rt,
bunia,2026-09-21,0.788,0.553,1.078,0.685,0.894,rt,
bunia,2026-09-22,0.787,0.558,1.076,0.684,0.894,rt,
bunia,2026-09-23,0.785,0.553,1.071,0.682,0.903,rt,
bunia,2026-09-24,0.782,0.534,1.083,0.672,0.903,rt,
bunia,2026-09-25,0.779,0.511,1.112,0.662,0.91,rt,
bunia,2026-09-26,0.776,0.482,1.14,0.644,0.918,rt,
bunia,2026-09-27,0.767,0.456,1.177,0.624,0.932,rt,
bunia,2026-09-28,0.756,0.419,1.207,0.601,0.933,rt,
bunia,2026-09-29,0.751,0.409,1.209,0.591,0.924,rt,
bunia,2026-09-30,0.749,0.396,1.213,0.582,0.927,rt,
bunia,2026-10-01,0.743,0.384,1.21,0.575,0.92,rt,
bunia,2026-10-02,0.734,0.365,1.196,0.561,0.909,rt,
bunia,2026-10-03,0.726,0.338,1.216,0.539,0.91,rt,
bunia,2026-10-04,0.712,0.31,1.245,0.516,0.907,rt,
bunia,2026-10-05,0.696,0.283,1.28,0.494,0.906,rt,
bunia,2026-10-06,0.699,0.282,1.321,0.489,0.957,rt,
damas,2026-06-11,1.099,0.662,1.691,0.905,1.313,rt,
damas,2026-06-12,1.093,0.658,1.683,0.898,1.297,rt,
damas,2026-06-13,1.078,0.649,1.679,0.888,1.291,rt,
damas,2026-06-14,1.059,0.633,1.678,0.872,1.283,rt,
damas,2026-06-15,1.049,0.608,1.711,0.85,1.296,rt,
damas,2026-06-16,1.073,0.659,1.678,0.88,1.299,rt,
damas,2026-06-17,1.092,0.686,1.665,0.907,1.305,rt,
damas,2026-06-18,1.115,0.707,1.641,0.935,1.319,rt,
damas,2026-06-19,1.139,0.743,1.669,0.964,1.334,rt,
damas,2026-06-20,1.161,0.759,1.717,0.977,1.362,rt,
damas,2026-06-21,1.182,0.764,1.81,0.986,1.397,rt,
damas,2026-06-22,1.222,0.759,1.928,1.002,1.465,rt,
damas,2026-06-23,1.239,0.8,1.884,1.03,1.464,rt,
damas,2026-06-24,1.256,0.823,1.869,1.06,1.478,rt,
damas,2026-06-25,1.271,0.847,1.867,1.073,1.488,rt,
damas,2026-06-26,1.283,0.856,1.878,1.078,1.503,rt,
damas,2026-06-27,1.291,0.844,1.884,1.084,1.533,rt,
damas,2026-06-28,1.295,0.826,1.97,1.085,1.561,rt,
damas,2026-06-29,1.271,0.786,2.009,1.045,1.561,rt,
damas,2026-06-30,1.252,0.802,1.88,1.056,1.5,rt,
damas,2026-07-01,1.241,0.805,1.832,1.058,1.465,rt,
damas,2026-07-02,1.225,0.805,1.806,1.046,1.435,rt,
damas,2026-07-03,1.21,0.795,1.797,1.035,1.42,rt,
damas,2026-07-04,1.193,0.781,1.812,1.015,1.413,rt,
damas,2026-07-05,1.186,0.751,1.844,0.984,1.42,rt,
damas,2026-07-06,1.183,0.72,1.902,0.956,1.438,rt,
damas,2026-07-07,1.209,0.766,1.845,0.989,1.434,rt,
damas,2026-07-08,1.216,0.798,1.831,1.023,1.43,rt,
damas,2026-07-09,1.229,0.817,1.83,1.046,1.448,rt,
damas,2026-07-10,1.253,0.827,1.85,1.06,1.471,rt,
damas,2026-07-11,1.277,0.829,1.903,1.063,1.508,rt,
damas,2026-07-12,1.296,0.818,1.968,1.066,1.55,rt,
damas,2026-07-13,1.307,0.79,2.1,1.056,1.583,rt,
damas,2026-07-14,1.307,0.832,2.012,1.084,1.557,rt,
damas,2026-07-15,1.308,0.857,1.947,1.097,1.547,rt,
damas,2026-07-16,1.313,0.869,1.939,1.11,1.546,rt,
damas,2026-07-17,1.311,0.877,1.943,1.119,1.552,rt,
damas,2026-07-18,1.32,0.862,1.965,1.112,1.556,rt,
damas,2026-07-19,1.322,0.84,2.023,1.09,1.565,rt,
damas,2026-07-20,1.317,0.823,2.134,1.068,1.584,rt,
damas,2026-07-21,1.301,0.842,2.016,1.077,1.536,rt,
damas,2026-07-22,1.284,0.847,1.937,1.081,1.506,rt,
damas,2026-07-23,1.274,0.849,1.871,1.076,1.486,rt,
damas,2026-07-24,1.256,0.83,1.824,1.067,1.461,rt,
damas,2026-07-25,1.243,0.802,1.833,1.049,1.452,rt,
damas,2026-07-26,1.225,0.762,1.85,1.019,1.451,rt,
damas,2026-07-27,1.202,0.732,1.898,0.992,1.461,rt,
damas,2026-07-28,1.19,0.746,1.77,0.997,1.416,rt,
damas,2026-07-29,1.169,0.765,1.703,0.992,1.384,rt,
damas,2026-07-30,1.142,0.775,1.637,0.977,1.342,rt,
damas,2026-07-31,1.117,0.764,1.608,0.965,1.314,rt,
damas,2026-08-01,1.091,0.731,1.602,0.935,1.28,rt,
damas,2026-08-02,1.063,0.684,1.605,0.896,1.263,rt,
damas,2026-08-03,1.028,0.629,1.61,0.858,1.237,rt,
damas,2026-08-04,1.014,0.649,1.534,0.857,1.195,rt,
damas,2026-08-05,0.999,0.658,1.47,0.855,1.163,rt,
damas,2026-08-06,0.982,0.656,1.418,0.843,1.138,rt,
damas,2026-08-07,0.961,0.638,1.387,0.824,1.112,rt,
damas,2026-08-08,0.934,0.614,1.376,0.797,1.1,rt,
damas,2026-08-09,0.913,0.582,1.375,0.767,1.085,rt,
damas,2026-08-10,0.88,0.541,1.386,0.728,1.065,rt,
damas,2026-08-11,0.87,0.544,1.331,0.728,1.036,rt,
damas,2026-08-12,0.853,0.542,1.282,0.717,1.009,rt,
damas,2026-08-13,0.843,0.531,1.253,0.708,0.987,rt,
damas,2026-08-14,0.825,0.523,1.227,0.693,0.978,rt,
damas,2026-08-15,0.804,0.504,1.227,0.673,0.969,rt,
damas,2026-08-16,0.786,0.479,1.25,0.654,0.966,rt,
damas,2026-08-17,0.776,0.456,1.276,0.637,0.971,rt,
damas,2026-08-18,0.769,0.46,1.221,0.638,0.94,rt,
damas,2026-08-19,0.759,0.467,1.184,0.632,0.91,rt,
damas,2026-08-20,0.749,0.465,1.168,0.627,0.891,rt,
damas,2026-08-21,0.744,0.462,1.163,0.621,0.879,rt,
damas,2026-08-22,0.734,0.448,1.161,0.61,0.87,rt,
damas,2026-08-23,0.724,0.436,1.166,0.597,0.875,rt,
damas,2026-08-24,0.717,0.42,1.202,0.583,0.887,rt,
damas,2026-08-25,0.72,0.432,1.148,0.591,0.876,rt,
damas,2026-08-26,0.715,0.437,1.114,0.589,0.868,rt,
damas,2026-08-27,0.713,0.437,1.091,0.588,0.86,rt,
damas,2026-08-28,0.706,0.427,1.091,0.583,0.851,rt,
damas,2026-08-29,0.697,0.414,1.092,0.573,0.847,rt,
damas,2026-08-30,0.688,0.395,1.111,0.556,0.845,rt,
damas,2026-08-31,0.672,0.372,1.124,0.53,0.838,rt,
damas,2026-09-01,0.662,0.374,1.074,0.532,0.815,rt,
damas,2026-09-02,0.65,0.377,1.042,0.526,0.801,rt,
damas,2026-09-03,0.639,0.371,1.022,0.52,0.789,rt,
damas,2026-09-04,0.622,0.361,0.997,0.506,0.766,rt,
damas,2026-09-05,0.609,0.347,0.987,0.488,0.749,rt,
damas,2026-09-06,0.587,0.328,0.979,0.469,0.731,rt,
damas,2026-09-07,0.558,0.31,0.969,0.446,0.711,rt,
damas,2026-09-08,0.547,0.309,0.925,0.44,0.691,rt,
damas,2026-09-09,0.538,0.306,0.883,0.429,0.671,rt,
damas,2026-09-10,0.523,0.305,0.849,0.422,0.653,rt,
damas,2026-09-11,0.509,0.295,0.824,0.412,0.635,rt,
damas,2026-09-12,0.495,0.284,0.813,0.397,0.612,rt,
damas,2026-09-13,0.477,0.269,0.805,0.379,0.601,rt,
damas,2026-09-14,0.463,0.252,0.807,0.362,0.592,rt,
damas,2026-09-15,0.467,0.258,0.802,0.367,0.591,rt,
damas,2026-09-16,0.471,0.263,0.806,0.371,0.598,rt,
damas,2026-09-17,0.474,0.269,0.822,0.373,0.608,rt,
damas,2026-09-18,0.481,0.272,0.836,0.378,0.617,rt,
damas,2026-09-19,0.487,0.269,0.879,0.38,0.632,rt,
damas,2026-09-20,0.495,0.268,0.918,0.384,0.643,rt,
damas,2026-09-21,0.51,0.267,0.991,0.389,0.669,rt,
damas,2026-09-22,0.519,0.278,0.995,0.399,0.68,rt,
damas,2026-09-23,0.527,0.289,1.019,0.409,0.695,rt,
damas,2026-09-24,0.539,0.293,1.035,0.417,0.697,rt,
damas,2026-09-25,0.548,0.299,1.065,0.425,0.716,rt,
damas,2026-09-26,0.558,0.297,1.098,0.432,0.722,rt,
damas,2026-09-27,0.565,0.296,1.16,0.436,0.741,rt,
damas,2026-09-28,0.57,0.289,1.195,0.433,0.754,rt,
damas,2026-09-29,0.577,0.294,1.199,0.438,0.763,rt,
damas,2026-09-30,0.584,0.294,1.198,0.442,0.768,rt,
damas,2026-10-01,0.585,0.294,1.195,0.443,0.778,rt,
damas,2026-10-02,0.583,0.293,1.206,0.445,0.785,rt,
damas,2026-10-03,0.591,0.288,1.226,0.445,0.796,rt,
damas,2026-10-04,0.595,0.282,1.263,0.432,0.807,rt,
damas,2026-10-05,0.594,0.278,1.295,0.429,0.818,rt,
damas,2026-10-06,0.636,0.291,1.426,0.46,0.878,rt,
drodro,2026-06-27,1.39,1.235,1.566,1.327,1.46,rt,
drodro,2026-06-28,1.373,1.221,1.558,1.314,1.447,rt,
drodro,2026-06-29,1.332,1.172,1.523,1.27,1.404,rt,
drodro,2026-06-30,1.302,1.156,1.471,1.245,1.367,rt,
drodro,2026-07-01,1.276,1.136,1.433,1.22,1.337,rt,
drodro,2026-07-02,1.252,1.113,1.402,1.195,1.308,rt,
drodro,2026-07-03,1.231,1.1,1.373,1.176,1.281,rt,
drodro,2026-07-04,1.209,1.077,1.346,1.155,1.26,rt,
drodro,2026-07-05,1.187,1.051,1.326,1.132,1.242,rt,
drodro,2026-07-06,1.174,1.03,1.32,1.114,1.232,rt,
drodro,2026-07-07,1.176,1.041,1.311,1.122,1.231,rt,
drodro,2026-07-08,1.178,1.047,1.303,1.128,1.23,rt,
drodro,2026-07-09,1.181,1.049,1.302,1.131,1.229,rt,
drodro,2026-07-10,1.184,1.06,1.301,1.137,1.23,rt,
drodro,2026-07-11,1.187,1.06,1.306,1.139,1.233,rt,
drodro,2026-07-12,1.188,1.057,1.313,1.137,1.235,rt,
drodro,2026-07-13,1.18,1.047,1.314,1.124,1.232,rt,
drodro,2026-07-14,1.178,1.053,1.304,1.126,1.229,rt,
drodro,2026-07-15,1.174,1.056,1.298,1.127,1.226,rt,
drodro,2026-07-16,1.173,1.053,1.293,1.123,1.222,rt,
drodro,2026-07-17,1.17,1.054,1.29,1.122,1.216,rt,
drodro,2026-07-18,1.164,1.052,1.286,1.118,1.214,rt,
drodro,2026-07-19,1.157,1.04,1.284,1.109,1.21,rt,
drodro,2026-07-20,1.15,1.028,1.29,1.096,1.21,rt,
drodro,2026-07-21,1.143,1.03,1.271,1.094,1.2,rt,
drodro,2026-07-22,1.134,1.025,1.261,1.09,1.189,rt,
drodro,2026-07-23,1.126,1.015,1.249,1.08,1.179,rt,
drodro,2026-07-24,1.118,1.011,1.241,1.073,1.168,rt,
drodro,2026-07-25,1.108,0.999,1.231,1.063,1.161,rt,
drodro,2026-07-26,1.096,0.983,1.226,1.049,1.151,rt,
drodro,2026-07-27,1.089,0.968,1.23,1.038,1.146,rt,
drodro,2026-07-28,1.085,0.971,1.218,1.036,1.138,rt,
drodro,2026-07-29,1.078,0.968,1.207,1.032,1.131,rt,
drodro,2026-07-30,1.071,0.963,1.197,1.027,1.124,rt,
drodro,2026-07-31,1.06,0.953,1.174,1.014,1.109,rt,
drodro,2026-08-01,1.048,0.938,1.156,1.002,1.092,rt,
drodro,2026-08-02,1.031,0.92,1.148,0.982,1.079,rt,
drodro,2026-08-03,1.014,0.888,1.138,0.96,1.063,rt,
drodro,2026-08-04,1.009,0.893,1.122,0.956,1.055,rt,
drodro,2026-08-05,1.002,0.893,1.111,0.951,1.047,rt,
drodro,2026-08-06,0.995,0.886,1.104,0.946,1.04,rt,
drodro,2026-08-07,0.982,0.878,1.086,0.937,1.027,rt,
drodro,2026-08-08,0.968,0.866,1.074,0.924,1.013,rt,
drodro,2026-08-09,0.953,0.848,1.066,0.91,1.0,rt,
drodro,2026-08-10,0.932,0.82,1.052,0.885,0.979,rt,
drodro,2026-08-11,0.921,0.818,1.034,0.878,0.965,rt,
drodro,2026-08-12,0.912,0.811,1.019,0.87,0.954,rt,
drodro,2026-08-13,0.901,0.803,1.006,0.86,0.944,rt,
drodro,2026-08-14,0.891,0.795,0.988,0.854,0.933,rt,
drodro,2026-08-15,0.882,0.782,0.976,0.844,0.92,rt,
drodro,2026-08-16,0.87,0.768,0.966,0.833,0.907,rt,
drodro,2026-08-17,0.866,0.755,0.968,0.826,0.904,rt,
drodro,2026-08-18,0.868,0.76,0.97,0.829,0.907,rt,
drodro,2026-08-19,0.87,0.76,0.974,0.83,0.909,rt,
drodro,2026-08-20,0.869,0.759,0.975,0.828,0.912,rt,
drodro,2026-08-21,0.874,0.769,0.975,0.834,0.917,rt,
drodro,2026-08-22,0.877,0.772,0.975,0.838,0.92,rt,
drodro,2026-08-23,0.877,0.772,0.98,0.835,0.921,rt,
drodro,2026-08-24,0.888,0.777,0.999,0.84,0.934,rt,
drodro,2026-08-25,0.907,0.8,1.016,0.862,0.951,rt,
drodro,2026-08-26,0.926,0.821,1.032,0.882,0.97,rt,
drodro,2026-08-27,0.942,0.834,1.052,0.899,0.99,rt,
drodro,2026-08-28,0.956,0.849,1.063,0.913,1.001,rt,
drodro,2026-08-29,0.967,0.862,1.075,0.923,1.013,rt,
drodro,2026-08-30,0.975,0.87,1.085,0.928,1.021,rt,
drodro,2026-08-31,0.969,0.86,1.084,0.922,1.019,rt,
drodro,2026-09-01,0.977,0.872,1.093,0.931,1.026,rt,
drodro,2026-09-02,0.982,0.878,1.101,0.938,1.033,rt,
drodro,2026-09-03,0.988,0.881,1.113,0.943,1.039,rt,
drodro,2026-09-04,0.986,0.879,1.102,0.942,1.032,rt,
drodro,2026-09-05,0.981,0.875,1.096,0.936,1.024,rt,
drodro,2026-09-06,0.972,0.86,1.09,0.926,1.018,rt,
drodro,2026-09-07,0.949,0.831,1.073,0.901,0.995,rt,
drodro,2026-09-08,0.93,0.814,1.052,0.884,0.978,rt,
drodro,2026-09-09,0.91,0.797,1.032,0.866,0.959,rt,
drodro,2026-09-10,0.892,0.775,1.015,0.844,0.94,rt,
drodro,2026-09-11,0.868,0.755,0.986,0.82,0.915,rt,
drodro,2026-09-12,0.844,0.726,0.964,0.793,0.89,rt,
drodro,2026-09-13,0.815,0.692,0.942,0.763,0.863,rt,
drodro,2026-09-14,0.789,0.659,0.922,0.735,0.84,rt,
drodro,2026-09-15,0.781,0.656,0.917,0.727,0.831,rt,
drodro,2026-09-16,0.776,0.648,0.911,0.72,0.826,rt,
drodro,2026-09-17,0.771,0.639,0.914,0.713,0.824,rt,
drodro,2026-09-18,0.767,0.634,0.909,0.711,0.822,rt,
drodro,2026-09-19,0.764,0.629,0.915,0.706,0.825,rt,
drodro,2026-09-20,0.761,0.618,0.919,0.7,0.824,rt,
drodro,2026-09-21,0.765,0.605,0.935,0.7,0.834,rt,
drodro,2026-09-22,0.77,0.606,0.942,0.702,0.84,rt,
drodro,2026-09-23,0.772,0.6,0.956,0.702,0.845,rt,
drodro,2026-09-24,0.773,0.595,0.972,0.7,0.85,rt,
drodro,2026-09-25,0.776,0.588,0.987,0.698,0.853,rt,
drodro,2026-09-26,0.775,0.572,1.004,0.692,0.861,rt,
drodro,2026-09-27,0.772,0.559,1.022,0.68,0.862,rt,
drodro,2026-09-28,0.766,0.534,1.037,0.668,0.865,rt,
drodro,2026-09-29,0.763,0.525,1.046,0.662,0.862,rt,
drodro,2026-09-30,0.76,0.512,1.049,0.654,0.862,rt,
drodro,2026-10-01,0.753,0.501,1.058,0.642,0.86,rt,
drodro,2026-10-02,0.749,0.482,1.052,0.629,0.861,rt,
drodro,2026-10-03,0.736,0.465,1.074,0.617,0.855,rt,
drodro,2026-10-04,0.723,0.446,1.093,0.601,0.853,rt,
drodro,2026-10-05,0.708,0.423,1.105,0.582,0.846,rt,
drodro,2026-10-06,0.734,0.431,1.146,0.602,0.873,rt,
fataki,2026-06-20,2.23,1.589,3.179,1.954,2.56,rt,
fataki,2026-06-21,2.247,1.531,3.307,1.93,2.586,rt,
fataki,2026-06-22,2.273,1.49,3.528,1.922,2.681,rt,
fataki,2026-06-23,2.249,1.527,3.381,1.933,2.604,rt,
fataki,2026-06-24,2.216,1.565,3.221,1.929,2.571,rt,
fataki,2026-06-25,2.187,1.566,3.15,1.913,2.514,rt,
fataki,2026-06-26,2.151,1.524,3.084,1.882,2.468,rt,
fataki,2026-06-27,2.118,1.48,3.069,1.823,2.443,rt,
fataki,2026-06-28,2.081,1.407,3.06,1.769,2.431,rt,
fataki,2026-06-29,1.995,1.309,3.021,1.668,2.371,rt,
fataki,2026-06-30,1.885,1.281,2.776,1.607,2.215,rt,
fataki,2026-07-01,1.79,1.26,2.56,1.543,2.074,rt,
fataki,2026-07-02,1.699,1.212,2.391,1.473,1.953,rt,
fataki,2026-07-03,1.613,1.154,2.271,1.407,1.843,rt,
fataki,2026-07-04,1.539,1.083,2.175,1.329,1.763,rt,
fataki,2026-07-05,1.459,1.004,2.131,1.241,1.7,rt,
fataki,2026-07-06,1.399,0.923,2.125,1.173,1.663,rt,
fataki,2026-07-07,1.377,0.935,1.995,1.171,1.605,rt,
fataki,2026-07-08,1.351,0.947,1.917,1.172,1.561,rt,
fataki,2026-07-09,1.327,0.938,1.836,1.161,1.518,rt,
fataki,2026-07-10,1.312,0.926,1.814,1.145,1.487,rt,
fataki,2026-07-11,1.289,0.896,1.795,1.122,1.481,rt,
fataki,2026-07-12,1.265,0.857,1.794,1.088,1.464,rt,
fataki,2026-07-13,1.232,0.8,1.822,1.049,1.451,rt,
fataki,2026-07-14,1.234,0.834,1.78,1.071,1.439,rt,
fataki,2026-07-15,1.246,0.862,1.734,1.089,1.427,rt,
fataki,2026-07-16,1.251,0.889,1.711,1.09,1.413,rt,
fataki,2026-07-17,1.252,0.893,1.713,1.093,1.422,rt,
fataki,2026-07-18,1.254,0.886,1.746,1.089,1.436,rt,
fataki,2026-07-19,1.252,0.859,1.817,1.082,1.454,rt,
fataki,2026-07-20,1.249,0.824,1.903,1.055,1.468,rt,
fataki,2026-07-21,1.228,0.849,1.781,1.06,1.417,rt,
fataki,2026-07-22,1.217,0.863,1.684,1.059,1.374,rt,
fataki,2026-07-23,1.192,0.866,1.628,1.053,1.348,rt,
fataki,2026-07-24,1.172,0.857,1.592,1.041,1.327,rt,
fataki,2026-07-25,1.152,0.828,1.578,1.014,1.302,rt,
fataki,2026-07-26,1.129,0.79,1.574,0.982,1.291,rt,
fataki,2026-07-27,1.11,0.75,1.604,0.946,1.292,rt,
fataki,2026-07-28,1.079,0.748,1.506,0.942,1.242,rt,
fataki,2026-07-29,1.052,0.754,1.434,0.925,1.194,rt,
fataki,2026-07-30,1.023,0.74,1.373,0.902,1.152,rt,
fataki,2026-07-31,0.987,0.715,1.328,0.873,1.119,rt,
fataki,2026-08-01,0.953,0.675,1.293,0.836,1.092,rt,
fataki,2026-08-02,0.913,0.631,1.285,0.793,1.065,rt,
fataki,2026-08-03,0.878,0.579,1.287,0.75,1.04,rt,
fataki,2026-08-04,0.848,0.578,1.21,0.727,0.99,rt,
fataki,2026-08-05,0.821,0.566,1.143,0.71,0.944,rt,
fataki,2026-08-06,0.797,0.55,1.101,0.689,0.905,rt,
fataki,2026-08-07,0.767,0.526,1.052,0.658,0.866,rt,
fataki,2026-08-08,0.733,0.497,1.023,0.628,0.833,rt,
fataki,2026-08-09,0.702,0.466,1.017,0.599,0.808,rt,
fataki,2026-08-10,0.666,0.426,0.999,0.558,0.776,rt,
fataki,2026-08-11,0.637,0.421,0.934,0.546,0.741,rt,
fataki,2026-08-12,0.616,0.414,0.878,0.529,0.71,rt,
fataki,2026-08-13,0.591,0.4,0.833,0.513,0.685,rt,
fataki,2026-08-14,0.572,0.383,0.801,0.491,0.663,rt,
fataki,2026-08-15,0.55,0.361,0.786,0.469,0.643,rt,
fataki,2026-08-16,0.527,0.343,0.782,0.447,0.624,rt,
fataki,2026-08-17,0.512,0.325,0.786,0.424,0.618,rt,
fataki,2026-08-18,0.501,0.329,0.751,0.421,0.595,rt,
fataki,2026-08-19,0.491,0.324,0.725,0.415,0.579,rt,
fataki,2026-08-20,0.481,0.314,0.705,0.408,0.568,rt,
fataki,2026-08-21,0.474,0.309,0.694,0.402,0.561,rt,
fataki,2026-08-22,0.467,0.295,0.694,0.393,0.556,rt,
fataki,2026-08-23,0.456,0.282,0.71,0.38,0.551,rt,
fataki,2026-08-24,0.453,0.266,0.729,0.37,0.553,rt,
fataki,2026-08-25,0.466,0.285,0.723,0.384,0.562,rt,
fataki,2026-08-26,0.479,0.296,0.719,0.399,0.571,rt,
fataki,2026-08-27,0.492,0.308,0.727,0.41,0.581,rt,
fataki,2026-08-28,0.505,0.314,0.745,0.417,0.59,rt,
fataki,2026-08-29,0.511,0.317,0.768,0.422,0.604,rt,
fataki,2026-08-30,0.518,0.315,0.801,0.426,0.615,rt,
fataki,2026-08-31,0.517,0.308,0.822,0.418,0.622,rt,
fataki,2026-09-01,0.527,0.326,0.824,0.435,0.635,rt,
fataki,2026-09-02,0.543,0.342,0.832,0.451,0.648,rt,
fataki,2026-09-03,0.555,0.355,0.843,0.463,0.663,rt,
fataki,2026-09-04,0.566,0.357,0.861,0.472,0.675,rt,
fataki,2026-09-05,0.574,0.356,0.89,0.476,0.687,rt,
fataki,2026-09-06,0.58,0.348,0.918,0.476,0.703,rt,
fataki,2026-09-07,0.577,0.335,0.949,0.468,0.709,rt,
fataki,2026-09-08,0.578,0.352,0.922,0.473,0.705,rt,
fataki,2026-09-09,0.576,0.358,0.917,0.476,0.7,rt,
fataki,2026-09-10,0.578,0.36,0.906,0.476,0.694,rt,
fataki,2026-09-11,0.572,0.36,0.903,0.473,0.692,rt,
fataki,2026-09-12,0.561,0.351,0.91,0.464,0.69,rt,
fataki,2026-09-13,0.558,0.34,0.932,0.452,0.688,rt,
fataki,2026-09-14,0.551,0.329,0.947,0.438,0.69,rt,
fataki,2026-09-15,0.561,0.338,0.959,0.448,0.696,rt,
fataki,2026-09-16,0.571,0.342,0.97,0.462,0.707,rt,
fataki,2026-09-17,0.582,0.345,0.98,0.47,0.724,rt,
fataki,2026-09-18,0.594,0.348,1.043,0.476,0.74,rt,
fataki,2026-09-19,0.607,0.352,1.112,0.48,0.771,rt,
fataki,2026-09-20,0.619,0.348,1.186,0.482,0.792,rt,
fataki,2026-09-21,0.637,0.349,1.269,0.49,0.837,rt,
fataki,2026-09-22,0.65,0.357,1.26,0.502,0.842,rt,
fataki,2026-09-23,0.659,0.373,1.25,0.513,0.847,rt,
fataki,2026-09-24,0.666,0.374,1.279,0.52,0.851,rt,
fataki,2026-09-25,0.672,0.375,1.286,0.522,0.866,rt,
fataki,2026-09-26,0.677,0.373,1.319,0.524,0.886,rt,
fataki,2026-09-27,0.681,0.361,1.366,0.521,0.908,rt,
fataki,2026-09-28,0.679,0.35,1.423,0.515,0.911,rt,
fataki,2026-09-29,0.681,0.353,1.416,0.52,0.902,rt,
fataki,2026-09-30,0.676,0.351,1.409,0.522,0.903,rt,
fataki,2026-10-01,0.679,0.353,1.417,0.525,0.914,rt,
fataki,2026-10-02,0.671,0.346,1.455,0.518,0.913,rt,
fataki,2026-10-03,0.666,0.336,1.453,0.505,0.916,rt,
fataki,2026-10-04,0.661,0.322,1.513,0.486,0.925,rt,
fataki,2026-10-05,0.652,0.309,1.584,0.474,0.931,rt,
fataki,2026-10-06,0.693,0.305,1.669,0.488,0.979,rt,
gety,2026-07-06,1.132,0.996,1.276,1.075,1.191,rt,
gety,2026-07-07,1.137,1.009,1.269,1.083,1.192,rt,
gety,2026-07-08,1.141,1.018,1.267,1.091,1.193,rt,
gety,2026-07-09,1.144,1.023,1.27,1.099,1.195,rt,
gety,2026-07-10,1.15,1.031,1.271,1.104,1.196,rt,
gety,2026-07-11,1.155,1.035,1.277,1.107,1.2,rt,
gety,2026-07-12,1.158,1.032,1.284,1.106,1.208,rt,
gety,2026-07-13,1.152,1.016,1.296,1.095,1.206,rt,
gety,2026-07-14,1.153,1.024,1.278,1.099,1.201,rt,
gety,2026-07-15,1.153,1.031,1.269,1.099,1.198,rt,
gety,2026-07-16,1.149,1.033,1.266,1.098,1.196,rt,
gety,2026-07-17,1.146,1.034,1.261,1.098,1.193,rt,
gety,2026-07-18,1.142,1.03,1.264,1.094,1.189,rt,
gety,2026-07-19,1.135,1.022,1.265,1.086,1.188,rt,
gety,2026-07-20,1.131,1.006,1.273,1.076,1.187,rt,
gety,2026-07-21,1.124,1.009,1.251,1.075,1.177,rt,
gety,2026-07-22,1.116,1.003,1.238,1.068,1.165,rt,
gety,2026-07-23,1.108,0.995,1.232,1.06,1.157,rt,
gety,2026-07-24,1.1,0.989,1.217,1.053,1.149,rt,
gety,2026-07-25,1.088,0.98,1.211,1.043,1.139,rt,
gety,2026-07-26,1.077,0.964,1.204,1.028,1.129,rt,
gety,2026-07-27,1.069,0.946,1.206,1.016,1.125,rt,
gety,2026-07-28,1.064,0.951,1.194,1.016,1.118,rt,
gety,2026-07-29,1.057,0.951,1.183,1.011,1.111,rt,
gety,2026-07-30,1.051,0.942,1.169,1.006,1.103,rt,
gety,2026-07-31,1.039,0.935,1.147,0.996,1.086,rt,
gety,2026-08-01,1.025,0.922,1.135,0.981,1.07,rt,
gety,2026-08-02,1.009,0.9,1.127,0.962,1.055,rt,
gety,2026-08-03,0.991,0.869,1.113,0.941,1.04,rt,
gety,2026-08-04,0.985,0.875,1.1,0.938,1.03,rt,
gety,2026-08-05,0.981,0.876,1.09,0.933,1.023,rt,
gety,2026-08-06,0.973,0.869,1.081,0.929,1.018,rt,
gety,2026-08-07,0.962,0.861,1.067,0.919,1.006,rt,
gety,2026-08-08,0.949,0.848,1.056,0.908,0.992,rt,
gety,2026-08-09,0.937,0.832,1.052,0.894,0.982,rt,
gety,2026-08-10,0.916,0.807,1.035,0.87,0.962,rt,
gety,2026-08-11,0.907,0.806,1.015,0.864,0.949,rt,
gety,2026-08-12,0.898,0.8,1.007,0.857,0.941,rt,
gety,2026-08-13,0.889,0.791,0.994,0.848,0.934,rt,
gety,2026-08-14,0.881,0.788,0.979,0.844,0.924,rt,
gety,2026-08-15,0.873,0.775,0.97,0.835,0.913,rt,
gety,2026-08-16,0.864,0.762,0.962,0.825,0.903,rt,
gety,2026-08-17,0.862,0.751,0.966,0.82,0.903,rt,
gety,2026-08-18,0.865,0.754,0.968,0.825,0.906,rt,
gety,2026-08-19,0.868,0.758,0.969,0.827,0.908,rt,
gety,2026-08-20,0.869,0.759,0.973,0.829,0.911,rt,
gety,2026-08-21,0.873,0.77,0.975,0.836,0.917,rt,
gety,2026-08-22,0.879,0.778,0.977,0.84,0.923,rt,
gety,2026-08-23,0.881,0.776,0.982,0.838,0.925,rt,
gety,2026-08-24,0.892,0.782,1.001,0.843,0.937,rt,
gety,2026-08-25,0.91,0.809,1.018,0.865,0.957,rt,
gety,2026-08-26,0.929,0.828,1.039,0.886,0.977,rt,
gety,2026-08-27,0.946,0.839,1.057,0.903,0.994,rt,
gety,2026-08-28,0.961,0.857,1.065,0.92,1.005,rt,
gety,2026-08-29,0.974,0.868,1.08,0.932,1.018,rt,
gety,2026-08-30,0.984,0.873,1.092,0.937,1.028,rt,
gety,2026-08-31,0.978,0.864,1.09,0.931,1.026,rt,
gety,2026-09-01,0.985,0.876,1.098,0.942,1.033,rt,
gety,2026-09-02,0.993,0.882,1.111,0.95,1.042,rt,
gety,2026-09-03,0.999,0.886,1.121,0.956,1.05,rt,
gety,2026-09-04,0.997,0.887,1.112,0.953,1.043,rt,
gety,2026-09-05,0.99,0.884,1.106,0.949,1.038,rt,
gety,2026-09-06,0.983,0.874,1.103,0.941,1.031,rt,
gety,2026-09-07,0.959,0.846,1.084,0.914,1.011,rt,
gety,2026-09-08,0.943,0.83,1.065,0.899,0.993,rt,
gety,2026-09-09,0.926,0.811,1.047,0.879,0.975,rt,
gety,2026-09-10,0.908,0.79,1.03,0.857,0.957,rt,
gety,2026-09-11,0.884,0.769,1.005,0.834,0.932,rt,
gety,2026-09-12,0.858,0.74,0.983,0.808,0.907,rt,
gety,2026-09-13,0.831,0.708,0.962,0.779,0.882,rt,
gety,2026-09-14,0.804,0.672,0.943,0.752,0.859,rt,
gety,2026-09-15,0.797,0.668,0.936,0.743,0.853,rt,
gety,2026-09-16,0.792,0.664,0.935,0.735,0.848,rt,
gety,2026-09-17,0.787,0.655,0.935,0.728,0.845,rt,
gety,2026-09-18,0.784,0.65,0.936,0.725,0.842,rt,
gety,2026-09-19,0.779,0.64,0.936,0.721,0.843,rt,
gety,2026-09-20,0.776,0.627,0.941,0.714,0.845,rt,
gety,2026-09-21,0.779,0.618,0.956,0.715,0.851,rt,
gety,2026-09-22,0.782,0.616,0.961,0.717,0.857,rt,
gety,2026-09-23,0.786,0.611,0.976,0.716,0.864,rt,
gety,2026-09-24,0.788,0.603,0.996,0.714,0.87,rt,
gety,2026-09-25,0.788,0.598,1.011,0.709,0.874,rt,
gety,2026-09-26,0.791,0.587,1.027,0.703,0.879,rt,
gety,2026-09-27,0.791,0.572,1.047,0.694,0.881,rt,
gety,2026-09-28,0.782,0.555,1.058,0.681,0.882,rt,
gety,2026-09-29,0.78,0.543,1.064,0.673,0.88,rt,
gety,2026-09-30,0.778,0.534,1.071,0.667,0.882,rt,
gety,2026-10-01,0.774,0.523,1.077,0.659,0.881,rt,
gety,2026-10-02,0.764,0.503,1.076,0.649,0.877,rt,
gety,2026-10-03,0.754,0.489,1.094,0.636,0.878,rt,
gety,2026-10-04,0.742,0.468,1.114,0.617,0.872,rt,
gety,2026-10-05,0.728,0.448,1.133,0.601,0.864,rt,
gety,2026-10-06,0.755,0.449,1.163,0.619,0.897,rt,
kambala,2026-08-04,1.004,0.882,1.118,0.954,1.052,rt,
kambala,2026-08-05,0.999,0.881,1.108,0.949,1.045,rt,
kambala,2026-08-06,0.993,0.874,1.104,0.943,1.04,rt,
kambala,2026-08-07,0.982,0.869,1.09,0.935,1.027,rt,
kambala,2026-08-08,0.969,0.858,1.075,0.924,1.012,rt,
kambala,2026-08-09,0.955,0.842,1.068,0.911,1.001,rt,
kambala,2026-08-10,0.935,0.818,1.053,0.886,0.983,rt,
kambala,2026-08-11,0.926,0.817,1.037,0.881,0.969,rt,
kambala,2026-08-12,0.916,0.815,1.023,0.874,0.958,rt,
kambala,2026-08-13,0.909,0.804,1.011,0.865,0.95,rt,
kambala,2026-08-14,0.898,0.801,0.997,0.859,0.94,rt,
kambala,2026-08-15,0.888,0.791,0.988,0.85,0.93,rt,
kambala,2026-08-16,0.88,0.776,0.978,0.839,0.919,rt,
kambala,2026-08-17,0.876,0.766,0.984,0.834,0.918,rt,
kambala,2026-08-18,0.878,0.77,0.984,0.837,0.921,rt,
kambala,2026-08-19,0.881,0.77,0.988,0.84,0.924,rt,
kambala,2026-08-20,0.881,0.768,0.993,0.84,0.927,rt,
kambala,2026-08-21,0.889,0.779,0.994,0.848,0.932,rt,
kambala,2026-08-22,0.892,0.79,0.997,0.852,0.936,rt,
kambala,2026-08-23,0.895,0.787,1.0,0.851,0.94,rt,
kambala,2026-08-24,0.907,0.79,1.021,0.859,0.955,rt,
kambala,2026-08-25,0.927,0.819,1.041,0.881,0.974,rt,
kambala,2026-08-26,0.946,0.84,1.058,0.901,0.994,rt,
kambala,2026-08-27,0.965,0.854,1.081,0.92,1.014,rt,
kambala,2026-08-28,0.98,0.873,1.087,0.936,1.026,rt,
kambala,2026-08-29,0.994,0.884,1.102,0.948,1.04,rt,
kambala,2026-08-30,1.004,0.892,1.118,0.956,1.049,rt,
kambala,2026-08-31,1.0,0.882,1.12,0.949,1.048,rt,
kambala,2026-09-01,1.007,0.894,1.127,0.962,1.057,rt,
kambala,2026-09-02,1.014,0.898,1.134,0.969,1.064,rt,
kambala,2026-09-03,1.019,0.903,1.141,0.973,1.071,rt,
kambala,2026-09-04,1.016,0.909,1.13,0.972,1.065,rt,
kambala,2026-09-05,1.01,0.905,1.122,0.966,1.057,rt,
kambala,2026-09-06,1.001,0.892,1.117,0.956,1.049,rt,
kambala,2026-09-07,0.978,0.86,1.096,0.93,1.027,rt,
kambala,2026-09-08,0.96,0.842,1.077,0.912,1.009,rt,
kambala,2026-09-09,0.943,0.825,1.061,0.892,0.99,rt,
kambala,2026-09-10,0.924,0.801,1.046,0.87,0.972,rt,
kambala,2026-09-11,0.899,0.778,1.019,0.847,0.947,rt,
kambala,2026-09-12,0.874,0.753,0.999,0.818,0.923,rt,
kambala,2026-09-13,0.847,0.719,0.978,0.791,0.897,rt,
kambala,2026-09-14,0.82,0.687,0.957,0.762,0.874,rt,
kambala,2026-09-15,0.811,0.681,0.952,0.756,0.866,rt,
kambala,2026-09-16,0.806,0.675,0.95,0.748,0.859,rt,
kambala,2026-09-17,0.801,0.666,0.947,0.742,0.856,rt,
kambala,2026-09-18,0.797,0.658,0.944,0.736,0.854,rt,
kambala,2026-09-19,0.793,0.649,0.951,0.733,0.854,rt,
kambala,2026-09-20,0.79,0.637,0.956,0.728,0.854,rt,
kambala,2026-09-21,0.793,0.628,0.97,0.727,0.864,rt,
kambala,2026-09-22,0.797,0.628,0.983,0.73,0.87,rt,
kambala,2026-09-23,0.8,0.626,0.992,0.73,0.876,rt,
kambala,2026-09-24,0.8,0.619,1.009,0.728,0.88,rt,
kambala,2026-09-25,0.803,0.609,1.026,0.727,0.884,rt,
kambala,2026-09-26,0.803,0.597,1.04,0.72,0.889,rt,
kambala,2026-09-27,0.803,0.586,1.061,0.712,0.894,rt,
kambala,2026-09-28,0.795,0.566,1.072,0.698,0.897,rt,
kambala,2026-09-29,0.794,0.559,1.084,0.692,0.895,rt,
kambala,2026-09-30,0.791,0.551,1.093,0.684,0.896,rt,
kambala,2026-10-01,0.788,0.533,1.094,0.677,0.898,rt,
kambala,2026-10-02,0.78,0.526,1.094,0.666,0.893,rt,
kambala,2026-10-03,0.77,0.511,1.118,0.651,0.89,rt,
kambala,2026-10-04,0.756,0.484,1.128,0.633,0.889,rt,
kambala,2026-10-05,0.743,0.459,1.155,0.616,0.883,rt,
kambala,2026-10-06,0.774,0.467,1.184,0.641,0.915,rt,
kilo,2026-06-01,1.063,0.661,1.642,0.895,1.285,rt,
kilo,2026-06-02,1.082,0.7,1.63,0.927,1.301,rt,
kilo,2026-06-03,1.108,0.723,1.644,0.95,1.309,rt,
kilo,2026-06-04,1.13,0.734,1.646,0.967,1.325,rt,
kilo,2026-06-05,1.143,0.743,1.668,0.975,1.334,rt,
kilo,2026-06-06,1.148,0.744,1.686,0.976,1.349,rt,
kilo,2026-06-07,1.151,0.732,1.699,0.967,1.349,rt,
kilo,2026-06-08,1.147,0.712,1.74,0.953,1.351,rt,
kilo,2026-06-09,1.141,0.732,1.698,0.964,1.331,rt,
kilo,2026-06-10,1.136,0.748,1.658,0.971,1.312,rt,
kilo,2026-06-11,1.129,0.758,1.617,0.967,1.306,rt,
kilo,2026-06-12,1.125,0.768,1.587,0.957,1.294,rt,
kilo,2026-06-13,1.113,0.757,1.576,0.945,1.288,rt,
kilo,2026-06-14,1.101,0.747,1.575,0.936,1.277,rt,
kilo,2026-06-15,1.091,0.731,1.602,0.927,1.278,rt,
kilo,2026-06-16,1.091,0.751,1.557,0.935,1.261,rt,
kilo,2026-06-17,1.095,0.765,1.528,0.948,1.249,rt,
kilo,2026-06-18,1.091,0.769,1.518,0.952,1.249,rt,
kilo,2026-06-19,1.09,0.773,1.535,0.95,1.251,rt,
kilo,2026-06-20,1.091,0.763,1.544,0.946,1.255,rt,
kilo,2026-06-21,1.095,0.751,1.572,0.94,1.26,rt,
kilo,2026-06-22,1.104,0.738,1.63,0.941,1.295,rt,
kilo,2026-06-23,1.125,0.773,1.603,0.964,1.297,rt,
kilo,2026-06-24,1.143,0.808,1.598,0.989,1.309,rt,
kilo,2026-06-25,1.158,0.826,1.608,1.005,1.324,rt,
kilo,2026-06-26,1.167,0.839,1.632,1.019,1.328,rt,
kilo,2026-06-27,1.176,0.843,1.663,1.023,1.338,rt,
kilo,2026-06-28,1.183,0.84,1.693,1.023,1.358,rt,
kilo,2026-06-29,1.161,0.809,1.708,1.001,1.354,rt,
kilo,2026-06-30,1.143,0.816,1.634,0.998,1.321,rt,
kilo,2026-07-01,1.127,0.817,1.586,0.992,1.298,rt,
kilo,2026-07-02,1.114,0.814,1.563,0.982,1.284,rt,
kilo,2026-07-03,1.105,0.806,1.537,0.972,1.271,rt,
kilo,2026-07-04,1.097,0.793,1.543,0.954,1.267,rt,
kilo,2026-07-05,1.086,0.767,1.533,0.938,1.262,rt,
kilo,2026-07-06,1.079,0.738,1.562,0.925,1.268,rt,
kilo,2026-07-07,1.082,0.757,1.527,0.933,1.252,rt,
kilo,2026-07-08,1.082,0.771,1.508,0.942,1.246,rt,
kilo,2026-07-09,1.083,0.778,1.5,0.945,1.238,rt,
kilo,2026-07-10,1.077,0.782,1.503,0.949,1.236,rt,
kilo,2026-07-11,1.073,0.766,1.52,0.944,1.245,rt,
kilo,2026-07-12,1.08,0.748,1.536,0.932,1.249,rt,
kilo,2026-07-13,1.075,0.724,1.567,0.912,1.253,rt,
kilo,2026-07-14,1.062,0.739,1.51,0.918,1.23,rt,
kilo,2026-07-15,1.055,0.745,1.465,0.911,1.212,rt,
kilo,2026-07-16,1.05,0.742,1.434,0.908,1.191,rt,
kilo,2026-07-17,1.044,0.736,1.416,0.901,1.177,rt,
kilo,2026-07-18,1.03,0.724,1.415,0.886,1.167,rt,
kilo,2026-07-19,1.014,0.703,1.425,0.869,1.157,rt,
kilo,2026-07-20,0.997,0.675,1.454,0.848,1.159,rt,
kilo,2026-07-21,0.982,0.68,1.393,0.843,1.123,rt,
kilo,2026-07-22,0.969,0.678,1.36,0.835,1.093,rt,
kilo,2026-07-23,0.951,0.675,1.322,0.823,1.076,rt,
kilo,2026-07-24,0.933,0.667,1.287,0.809,1.063,rt,
kilo,2026-07-25,0.911,0.644,1.271,0.792,1.053,rt,
kilo,2026-07-26,0.891,0.619,1.265,0.771,1.037,rt,
kilo,2026-07-27,0.877,0.596,1.286,0.753,1.025,rt,
kilo,2026-07-28,0.872,0.603,1.244,0.753,1.007,rt,
kilo,2026-07-29,0.865,0.608,1.219,0.754,0.993,rt,
kilo,2026-07-30,0.86,0.606,1.205,0.749,0.979,rt,
kilo,2026-07-31,0.848,0.591,1.189,0.742,0.967,rt,
kilo,2026-08-01,0.833,0.575,1.166,0.729,0.955,rt,
kilo,2026-08-02,0.82,0.554,1.165,0.711,0.949,rt,
kilo,2026-08-03,0.803,0.524,1.168,0.686,0.937,rt,
kilo,2026-08-04,0.803,0.538,1.133,0.687,0.926,rt,
kilo,2026-08-05,0.804,0.549,1.116,0.691,0.918,rt,
kilo,2026-08-06,0.803,0.547,1.105,0.69,0.915,rt,
kilo,2026-08-07,0.793,0.542,1.101,0.682,0.904,rt,
kilo,2026-08-08,0.785,0.534,1.1,0.675,0.898,rt,
kilo,2026-08-09,0.772,0.519,1.108,0.663,0.894,rt,
kilo,2026-08-10,0.758,0.5,1.12,0.643,0.88,rt,
kilo,2026-08-11,0.748,0.502,1.088,0.645,0.864,rt,
kilo,2026-08-12,0.739,0.505,1.056,0.641,0.853,rt,
kilo,2026-08-13,0.735,0.503,1.031,0.635,0.846,rt,
kilo,2026-08-14,0.731,0.495,1.02,0.63,0.839,rt,
kilo,2026-08-15,0.721,0.486,1.009,0.619,0.833,rt,
kilo,2026-08-16,0.711,0.463,1.008,0.609,0.83,rt,
kilo,2026-08-17,0.71,0.45,1.03,0.598,0.839,rt,
kilo,2026-08-18,0.715,0.463,1.007,0.608,0.836,rt,
kilo,2026-08-19,0.717,0.474,0.999,0.617,0.828,rt,
kilo,2026-08-20,0.72,0.48,1.001,0.618,0.83,rt,
kilo,2026-08-21,0.727,0.48,1.009,0.622,0.837,rt,
kilo,2026-08-22,0.726,0.477,1.03,0.621,0.84,rt,
kilo,2026-08-23,0.728,0.47,1.047,0.617,0.843,rt,
kilo,2026-08-24,0.737,0.466,1.088,0.62,0.865,rt,
kilo,2026-08-25,0.759,0.488,1.108,0.646,0.886,rt,
kilo,2026-08-26,0.78,0.508,1.131,0.669,0.911,rt,
kilo,2026-08-27,0.801,0.53,1.173,0.691,0.938,rt,
kilo,2026-08-28,0.822,0.54,1.201,0.701,0.959,rt,
kilo,2026-08-29,0.84,0.553,1.246,0.708,0.988,rt,
kilo,2026-08-30,0.849,0.551,1.289,0.715,1.013,rt,
kilo,2026-08-31,0.854,0.536,1.342,0.71,1.026,rt,
kilo,2026-09-01,0.873,0.561,1.341,0.736,1.041,rt,
kilo,2026-09-02,0.893,0.577,1.349,0.754,1.055,rt,
kilo,2026-09-03,0.915,0.594,1.368,0.771,1.076,rt,
kilo,2026-09-04,0.93,0.602,1.378,0.778,1.087,rt,
kilo,2026-09-05,0.932,0.609,1.406,0.781,1.101,rt,
kilo,2026-09-06,0.934,0.603,1.437,0.778,1.114,rt,
kilo,2026-09-07,0.925,0.576,1.463,0.761,1.121,rt,
kilo,2026-09-08,0.923,0.574,1.428,0.762,1.106,rt,
kilo,2026-09-09,0.915,0.569,1.397,0.761,1.097,rt,
kilo,2026-09-10,0.903,0.567,1.382,0.749,1.086,rt,
kilo,2026-09-11,0.885,0.557,1.379,0.732,1.075,rt,
kilo,2026-09-12,0.868,0.543,1.374,0.717,1.062,rt,
kilo,2026-09-13,0.844,0.517,1.378,0.696,1.047,rt,
kilo,2026-09-14,0.822,0.493,1.398,0.671,1.034,rt,
kilo,2026-09-15,0.832,0.503,1.389,0.679,1.03,rt,
kilo,2026-09-16,0.838,0.509,1.382,0.684,1.034,rt,
kilo,2026-09-17,0.848,0.517,1.413,0.692,1.038,rt,
kilo,2026-09-18,0.86,0.519,1.456,0.703,1.046,rt,
kilo,2026-09-19,0.866,0.524,1.485,0.701,1.059,rt,
kilo,2026-09-20,0.877,0.52,1.522,0.692,1.08,rt,
kilo,2026-09-21,0.894,0.513,1.62,0.699,1.126,rt,
kilo,2026-09-22,0.894,0.525,1.615,0.704,1.126,rt,
kilo,2026-09-23,0.893,0.517,1.617,0.709,1.125,rt,
kilo,2026-09-24,0.882,0.511,1.631,0.703,1.135,rt,
kilo,2026-09-25,0.874,0.501,1.631,0.696,1.133,rt,
kilo,2026-09-26,0.873,0.489,1.689,0.69,1.134,rt,
kilo,2026-09-27,0.864,0.475,1.731,0.682,1.132,rt,
kilo,2026-09-28,0.85,0.453,1.8,0.661,1.142,rt,
kilo,2026-09-29,0.844,0.446,1.734,0.657,1.139,rt,
kilo,2026-09-30,0.835,0.44,1.706,0.649,1.117,rt,
kilo,2026-10-01,0.828,0.43,1.705,0.636,1.102,rt,
kilo,2026-10-02,0.817,0.42,1.72,0.621,1.087,rt,
kilo,2026-10-03,0.806,0.399,1.707,0.598,1.071,rt,
kilo,2026-10-04,0.789,0.382,1.698,0.579,1.063,rt,
kilo,2026-10-05,0.775,0.352,1.732,0.551,1.057,rt,
kilo,2026-10-06,0.774,0.332,1.749,0.551,1.084,rt,
komanda,2026-05-26,1.751,1.015,3.096,1.407,2.263,rt,
komanda,2026-05-27,1.767,1.062,3.032,1.438,2.264,rt,
komanda,2026-05-28,1.789,1.094,3.029,1.475,2.274,rt,
komanda,2026-05-29,1.824,1.112,3.074,1.505,2.29,rt,
komanda,2026-05-30,1.865,1.116,3.175,1.511,2.355,rt,
komanda,2026-05-31,1.878,1.111,3.312,1.508,2.416,rt,
komanda,2026-06-01,1.91,1.089,3.541,1.522,2.49,rt,
komanda,2026-06-02,1.918,1.16,3.314,1.559,2.426,rt,
komanda,2026-06-03,1.911,1.213,3.179,1.589,2.357,rt,
komanda,2026-06-04,1.912,1.24,3.028,1.603,2.322,rt,
komanda,2026-06-05,1.895,1.24,2.926,1.606,2.269,rt,
komanda,2026-06-06,1.883,1.221,2.859,1.573,2.231,rt,
komanda,2026-06-07,1.842,1.164,2.813,1.527,2.208,rt,
komanda,2026-06-08,1.796,1.072,2.876,1.462,2.192,rt,
komanda,2026-06-09,1.737,1.092,2.663,1.426,2.074,rt,
komanda,2026-06-10,1.678,1.092,2.5,1.394,1.97,rt,
komanda,2026-06-11,1.614,1.065,2.395,1.358,1.88,rt,
komanda,2026-06-12,1.554,1.024,2.321,1.313,1.807,rt,
komanda,2026-06-13,1.494,0.96,2.268,1.256,1.761,rt,
komanda,2026-06-14,1.434,0.892,2.249,1.191,1.712,rt,
komanda,2026-06-15,1.38,0.824,2.278,1.125,1.673,rt,
komanda,2026-06-16,1.339,0.847,2.103,1.119,1.586,rt,
komanda,2026-06-17,1.288,0.843,1.986,1.092,1.531,rt,
komanda,2026-06-18,1.256,0.837,1.908,1.067,1.48,rt,
komanda,2026-06-19,1.214,0.813,1.83,1.032,1.432,rt,
komanda,2026-06-20,1.176,0.779,1.809,1.0,1.404,rt,
komanda,2026-06-21,1.146,0.715,1.797,0.951,1.386,rt,
komanda,2026-06-22,1.124,0.668,1.847,0.911,1.376,rt,
komanda,2026-06-23,1.103,0.688,1.734,0.913,1.334,rt,
komanda,2026-06-24,1.09,0.689,1.633,0.915,1.292,rt,
komanda,2026-06-25,1.077,0.689,1.558,0.909,1.257,rt,
komanda,2026-06-26,1.046,0.675,1.531,0.888,1.23,rt,
komanda,2026-06-27,1.021,0.649,1.549,0.858,1.214,rt,
komanda,2026-06-28,0.991,0.614,1.573,0.827,1.205,rt,
komanda,2026-06-29,0.949,0.552,1.571,0.768,1.176,rt,
komanda,2026-06-30,0.954,0.581,1.478,0.781,1.156,rt,
komanda,2026-07-01,0.951,0.606,1.43,0.801,1.142,rt,
komanda,2026-07-02,0.954,0.62,1.395,0.814,1.136,rt,
komanda,2026-07-03,0.962,0.629,1.405,0.82,1.138,rt,
komanda,2026-07-04,0.965,0.623,1.442,0.819,1.15,rt,
komanda,2026-07-05,0.972,0.609,1.477,0.815,1.166,rt,
komanda,2026-07-06,0.985,0.598,1.579,0.806,1.202,rt,
komanda,2026-07-07,1.029,0.649,1.539,0.855,1.221,rt,
komanda,2026-07-08,1.064,0.698,1.554,0.901,1.243,rt,
komanda,2026-07-09,1.104,0.748,1.573,0.946,1.278,rt,
komanda,2026-07-10,1.145,0.784,1.634,0.986,1.326,rt,
komanda,2026-07-11,1.182,0.8,1.708,1.013,1.384,rt,
komanda,2026-07-12,1.229,0.803,1.843,1.042,1.451,rt,
komanda,2026-07-13,1.27,0.79,1.979,1.048,1.516,rt,
komanda,2026-07-14,1.28,0.849,1.913,1.088,1.52,rt,
komanda,2026-07-15,1.3,0.893,1.89,1.122,1.526,rt,
komanda,2026-07-16,1.326,0.917,1.89,1.138,1.531,rt,
komanda,2026-07-17,1.354,0.932,1.904,1.158,1.556,rt,
komanda,2026-07-18,1.37,0.921,1.968,1.173,1.58,rt,
komanda,2026-07-19,1.39,0.915,2.063,1.168,1.619,rt,
komanda,2026-07-20,1.415,0.878,2.187,1.161,1.659,rt,
komanda,2026-07-21,1.432,0.954,2.106,1.207,1.655,rt,
komanda,2026-07-22,1.447,1.006,2.032,1.251,1.657,rt,
komanda,2026-07-23,1.468,1.046,2.01,1.288,1.67,rt,
komanda,2026-07-24,1.493,1.076,2.034,1.304,1.69,rt,
komanda,2026-07-25,1.507,1.07,2.071,1.314,1.736,rt,
komanda,2026-07-26,1.526,1.054,2.167,1.315,1.787,rt,
komanda,2026-07-27,1.554,1.002,2.31,1.307,1.849,rt,
komanda,2026-07-28,1.582,1.089,2.238,1.361,1.842,rt,
komanda,2026-07-29,1.61,1.171,2.221,1.408,1.836,rt,
komanda,2026-07-30,1.637,1.224,2.217,1.448,1.839,rt,
komanda,2026-07-31,1.662,1.229,2.232,1.467,1.863,rt,
komanda,2026-08-01,1.668,1.212,2.297,1.476,1.894,rt,
komanda,2026-08-02,1.68,1.176,2.424,1.46,1.942,rt,
komanda,2026-08-03,1.68,1.123,2.556,1.442,1.983,rt,
komanda,2026-08-04,1.716,1.21,2.482,1.497,1.985,rt,
komanda,2026-08-05,1.756,1.271,2.417,1.542,2.005,rt,
komanda,2026-08-06,1.794,1.321,2.422,1.581,2.015,rt,
komanda,2026-08-07,1.807,1.329,2.447,1.609,2.035,rt,
komanda,2026-08-08,1.827,1.331,2.549,1.613,2.08,rt,
komanda,2026-08-09,1.847,1.313,2.66,1.6,2.139,rt,
komanda,2026-08-10,1.857,1.248,2.788,1.564,2.175,rt,
komanda,2026-08-11,1.821,1.301,2.59,1.576,2.091,rt,
komanda,2026-08-12,1.798,1.318,2.438,1.58,2.013,rt,
komanda,2026-08-13,1.765,1.315,2.337,1.566,1.963,rt,
komanda,2026-08-14,1.732,1.296,2.263,1.549,1.925,rt,
komanda,2026-08-15,1.702,1.244,2.253,1.508,1.895,rt,
komanda,2026-08-16,1.658,1.191,2.296,1.46,1.876,rt,
komanda,2026-08-17,1.635,1.124,2.386,1.415,1.902,rt,
komanda,2026-08-18,1.538,1.108,2.125,1.359,1.75,rt,
komanda,2026-08-19,1.447,1.068,1.913,1.293,1.623,rt,
komanda,2026-08-20,1.358,1.019,1.757,1.214,1.505,rt,
komanda,2026-08-21,1.284,0.949,1.671,1.143,1.42,rt,
komanda,2026-08-22,1.204,0.861,1.616,1.064,1.353,rt,
komanda,2026-08-23,1.133,0.769,1.568,0.979,1.294,rt,
komanda,2026-08-24,1.075,0.685,1.558,0.907,1.254,rt,
komanda,2026-08-25,1.033,0.701,1.435,0.892,1.185,rt,
komanda,2026-08-26,0.997,0.704,1.337,0.872,1.125,rt,
komanda,2026-08-27,0.96,0.696,1.269,0.84,1.065,rt,
komanda,2026-08-28,0.917,0.671,1.209,0.806,1.02,rt,
komanda,2026-08-29,0.878,0.619,1.171,0.766,0.984,rt,
komanda,2026-08-30,0.833,0.564,1.151,0.718,0.957,rt,
komanda,2026-08-31,0.782,0.503,1.129,0.66,0.919,rt,
komanda,2026-09-01,0.788,0.54,1.077,0.679,0.894,rt,
komanda,2026-09-02,0.788,0.568,1.033,0.691,0.885,rt,
komanda,2026-09-03,0.786,0.575,1.025,0.702,0.879,rt,
komanda,2026-09-04,0.78,0.571,1.021,0.699,0.875,rt,
komanda,2026-09-05,0.773,0.558,1.033,0.684,0.871,rt,
komanda,2026-09-06,0.763,0.525,1.044,0.661,0.871,rt,
komanda,2026-09-07,0.739,0.484,1.062,0.627,0.863,rt,
komanda,2026-09-08,0.722,0.49,0.999,0.62,0.825,rt,
komanda,2026-09-09,0.704,0.487,0.947,0.608,0.794,rt,
komanda,2026-09-10,0.68,0.483,0.914,0.591,0.769,rt,
komanda,2026-09-11,0.655,0.457,0.895,0.567,0.746,rt,
komanda,2026-09-12,0.63,0.429,0.877,0.538,0.724,rt,
komanda,2026-09-13,0.6,0.394,0.868,0.506,0.709,rt,
komanda,2026-09-14,0.578,0.357,0.873,0.475,0.695,rt,
komanda,2026-09-15,0.558,0.354,0.823,0.462,0.663,rt,
komanda,2026-09-16,0.54,0.348,0.782,0.449,0.638,rt,
komanda,2026-09-17,0.523,0.337,0.762,0.434,0.62,rt,
komanda,2026-09-18,0.508,0.319,0.763,0.416,0.606,rt,
komanda,2026-09-19,0.495,0.296,0.776,0.4,0.596,rt,
komanda,2026-09-20,0.482,0.268,0.798,0.382,0.589,rt,
komanda,2026-09-21,0.472,0.246,0.822,0.366,0.596,rt,
komanda,2026-09-22,0.474,0.253,0.814,0.371,0.595,rt,
komanda,2026-09-23,0.474,0.252,0.821,0.368,0.601,rt,
komanda,2026-09-24,0.475,0.251,0.836,0.368,0.605,rt,
komanda,2026-09-25,0.476,0.247,0.86,0.362,0.618,rt,
komanda,2026-09-26,0.477,0.239,0.9,0.359,0.626,rt,
komanda,2026-09-27,0.478,0.227,0.935,0.353,0.637,rt,
komanda,2026-09-28,0.47,0.212,0.972,0.34,0.64,rt,
komanda,2026-09-29,0.473,0.215,0.957,0.344,0.637,rt,
komanda,2026-09-30,0.473,0.211,0.961,0.345,0.632,rt,
komanda,2026-10-01,0.472,0.207,0.981,0.345,0.633,rt,
komanda,2026-10-02,0.465,0.202,1.005,0.333,0.639,rt,
komanda,2026-10-03,0.461,0.193,1.042,0.325,0.646,rt,
komanda,2026-10-04,0.456,0.185,1.068,0.315,0.652,rt,
komanda,2026-10-05,0.447,0.173,1.093,0.306,0.661,rt,
komanda,2026-10-06,0.497,0.169,1.27,0.33,0.734,rt,
lita,2026-05-23,1.737,1.164,2.602,1.494,2.034,rt,
lita,2026-05-24,1.666,1.097,2.541,1.419,1.989,rt,
lita,2026-05-25,1.603,0.997,2.496,1.332,1.944,rt,
lita,2026-05-26,1.603,1.041,2.41,1.354,1.925,rt,
lita,2026-05-27,1.622,1.087,2.354,1.379,1.91,rt,
lita,2026-05-28,1.629,1.11,2.326,1.399,1.901,rt,
lita,2026-05-29,1.656,1.149,2.315,1.42,1.898,rt,
lita,2026-05-30,1.665,1.148,2.345,1.438,1.934,rt,
lita,2026-05-31,1.681,1.129,2.374,1.44,1.954,rt,
lita,2026-06-01,1.703,1.112,2.433,1.445,1.995,rt,
lita,2026-06-02,1.789,1.214,2.47,1.538,2.048,rt,
lita,2026-06-03,1.862,1.324,2.507,1.624,2.12,rt,
lita,2026-06-04,1.932,1.413,2.539,1.713,2.178,rt,
lita,2026-06-05,2.001,1.485,2.62,1.776,2.249,rt,
lita,2026-06-06,2.046,1.526,2.743,1.82,2.309,rt,
lita,2026-06-07,2.095,1.521,2.879,1.848,2.385,rt,
lita,2026-06-08,2.133,1.518,3.01,1.861,2.451,rt,
lita,2026-06-09,2.099,1.56,2.867,1.865,2.397,rt,
lita,2026-06-10,2.069,1.565,2.743,1.852,2.34,rt,
lita,2026-06-11,2.044,1.557,2.676,1.831,2.287,rt,
lita,2026-06-12,2.007,1.549,2.615,1.801,2.243,rt,
lita,2026-06-13,1.973,1.514,2.579,1.763,2.212,rt,
lita,2026-06-14,1.937,1.461,2.584,1.722,2.177,rt,
lita,2026-06-15,1.9,1.394,2.596,1.676,2.163,rt,
lita,2026-06-16,1.849,1.4,2.452,1.65,2.078,rt,
lita,2026-06-17,1.804,1.382,2.344,1.615,1.991,rt,
lita,2026-06-18,1.75,1.351,2.252,1.575,1.928,rt,
lita,2026-06-19,1.697,1.313,2.179,1.534,1.868,rt,
lita,2026-06-20,1.648,1.28,2.115,1.477,1.827,rt,
lita,2026-06-21,1.6,1.222,2.094,1.427,1.783,rt,
lita,2026-06-22,1.575,1.177,2.097,1.387,1.767,rt,
lita,2026-06-23,1.583,1.219,2.058,1.41,1.76,rt,
lita,2026-06-24,1.591,1.251,2.033,1.431,1.76,rt,
lita,2026-06-25,1.599,1.271,2.017,1.446,1.763,rt,
lita,2026-06-26,1.596,1.277,1.994,1.451,1.749,rt,
lita,2026-06-27,1.588,1.282,1.988,1.447,1.748,rt,
lita,2026-06-28,1.586,1.262,2.014,1.446,1.754,rt,
lita,2026-06-29,1.552,1.204,2.017,1.398,1.727,rt,
lita,2026-06-30,1.514,1.213,1.917,1.38,1.668,rt,
lita,2026-07-01,1.481,1.201,1.84,1.354,1.62,rt,
lita,2026-07-02,1.45,1.188,1.785,1.336,1.582,rt,
lita,2026-07-03,1.427,1.162,1.756,1.308,1.555,rt,
lita,2026-07-04,1.403,1.124,1.746,1.281,1.525,rt,
lita,2026-07-05,1.375,1.07,1.738,1.244,1.508,rt,
lita,2026-07-06,1.359,1.031,1.761,1.214,1.504,rt,
lita,2026-07-07,1.341,1.043,1.695,1.208,1.467,rt,
lita,2026-07-08,1.318,1.056,1.649,1.198,1.436,rt,
lita,2026-07-09,1.295,1.054,1.6,1.187,1.411,rt,
lita,2026-07-10,1.274,1.041,1.588,1.176,1.39,rt,
lita,2026-07-11,1.254,1.016,1.586,1.153,1.377,rt,
lita,2026-07-12,1.234,0.979,1.592,1.124,1.362,rt,
lita,2026-07-13,1.211,0.935,1.583,1.084,1.342,rt,
lita,2026-07-14,1.192,0.954,1.519,1.084,1.313,rt,
lita,2026-07-15,1.17,0.951,1.469,1.075,1.282,rt,
lita,2026-07-16,1.156,0.945,1.429,1.063,1.258,rt,
lita,2026-07-17,1.139,0.929,1.407,1.049,1.241,rt,
lita,2026-07-18,1.122,0.907,1.396,1.028,1.226,rt,
lita,2026-07-19,1.101,0.866,1.393,0.997,1.212,rt,
lita,2026-07-20,1.083,0.82,1.403,0.964,1.21,rt,
lita,2026-07-21,1.078,0.838,1.35,0.968,1.187,rt,
lita,2026-07-22,1.066,0.848,1.313,0.972,1.168,rt,
lita,2026-07-23,1.054,0.845,1.292,0.966,1.15,rt,
lita,2026-07-24,1.048,0.843,1.275,0.959,1.137,rt,
lita,2026-07-25,1.035,0.826,1.265,0.947,1.128,rt,
lita,2026-07-26,1.017,0.794,1.274,0.925,1.118,rt,
lita,2026-07-27,1.006,0.763,1.295,0.906,1.121,rt,
lita,2026-07-28,1.016,0.793,1.276,0.927,1.116,rt,
lita,2026-07-29,1.027,0.812,1.264,0.941,1.117,rt,
lita,2026-07-30,1.031,0.828,1.267,0.949,1.121,rt,
lita,2026-07-31,1.035,0.835,1.261,0.951,1.12,rt,
lita,2026-08-01,1.033,0.828,1.277,0.944,1.122,rt,
lita,2026-08-02,1.032,0.808,1.282,0.934,1.128,rt,
lita,2026-08-03,1.022,0.784,1.302,0.921,1.13,rt,
lita,2026-08-04,1.021,0.801,1.275,0.929,1.122,rt,
lita,2026-08-05,1.018,0.812,1.252,0.93,1.113,rt,
lita,2026-08-06,1.013,0.814,1.245,0.93,1.108,rt,
lita,2026-08-07,1.007,0.812,1.233,0.922,1.101,rt,
lita,2026-08-08,0.994,0.784,1.236,0.911,1.092,rt,
lita,2026-08-09,0.986,0.763,1.247,0.891,1.086,rt,
lita,2026-08-10,0.967,0.728,1.244,0.862,1.076,rt,
lita,2026-08-11,0.953,0.74,1.203,0.858,1.057,rt,
lita,2026-08-12,0.941,0.739,1.167,0.854,1.036,rt,
lita,2026-08-13,0.929,0.733,1.154,0.844,1.02,rt,
lita,2026-08-14,0.915,0.726,1.146,0.833,1.005,rt,
lita,2026-08-15,0.901,0.712,1.142,0.815,0.993,rt,
lita,2026-08-16,0.886,0.689,1.146,0.796,0.98,rt,
lita,2026-08-17,0.884,0.666,1.163,0.781,0.982,rt,
lita,2026-08-18,0.888,0.688,1.152,0.795,0.98,rt,
lita,2026-08-19,0.892,0.705,1.134,0.807,0.977,rt,
lita,2026-08-20,0.893,0.711,1.127,0.812,0.983,rt,
lita,2026-08-21,0.899,0.721,1.131,0.822,0.997,rt,
lita,2026-08-22,0.91,0.717,1.146,0.821,1.007,rt,
lita,2026-08-23,0.915,0.7,1.178,0.82,1.018,rt,
lita,2026-08-24,0.928,0.687,1.221,0.824,1.04,rt,
lita,2026-08-25,0.932,0.706,1.196,0.835,1.029,rt,
lita,2026-08-26,0.931,0.723,1.179,0.842,1.021,rt,
lita,2026-08-27,0.927,0.728,1.159,0.844,1.02,rt,
lita,2026-08-28,0.922,0.729,1.152,0.84,1.011,rt,
lita,2026-08-29,0.918,0.715,1.164,0.832,1.005,rt,
lita,2026-08-30,0.906,0.691,1.168,0.814,1.004,rt,
lita,2026-08-31,0.882,0.652,1.175,0.782,0.992,rt,
lita,2026-09-01,0.872,0.666,1.126,0.779,0.97,rt,
lita,2026-09-02,0.863,0.667,1.103,0.772,0.955,rt,
lita,2026-09-03,0.849,0.66,1.075,0.761,0.941,rt,
lita,2026-09-04,0.825,0.64,1.042,0.744,0.918,rt,
lita,2026-09-05,0.804,0.608,1.024,0.719,0.897,rt,
lita,2026-09-06,0.781,0.572,1.015,0.692,0.88,rt,
lita,2026-09-07,0.745,0.52,1.002,0.65,0.853,rt,
lita,2026-09-08,0.728,0.519,0.959,0.641,0.824,rt,
lita,2026-09-09,0.714,0.525,0.924,0.632,0.802,rt,
lita,2026-09-10,0.695,0.515,0.901,0.62,0.781,rt,
lita,2026-09-11,0.676,0.5,0.877,0.603,0.757,rt,
lita,2026-09-12,0.655,0.472,0.865,0.581,0.737,rt,
lita,2026-09-13,0.632,0.436,0.858,0.551,0.72,rt,
lita,2026-09-14,0.612,0.402,0.875,0.522,0.705,rt,
lita,2026-09-15,0.615,0.41,0.849,0.529,0.705,rt,
lita,2026-09-16,0.62,0.425,0.859,0.537,0.709,rt,
lita,2026-09-17,0.628,0.427,0.869,0.539,0.72,rt,
lita,2026-09-18,0.635,0.425,0.892,0.547,0.732,rt,
lita,2026-09-19,0.643,0.416,0.929,0.55,0.751,rt,
lita,2026-09-20,0.652,0.411,0.97,0.547,0.769,rt,
lita,2026-09-21,0.666,0.401,1.035,0.547,0.805,rt,
lita,2026-09-22,0.672,0.404,1.018,0.552,0.798,rt,
lita,2026-09-23,0.678,0.404,1.015,0.551,0.801,rt,
lita,2026-09-24,0.679,0.398,1.038,0.549,0.811,rt,
lita,2026-09-25,0.67,0.387,1.062,0.543,0.818,rt,
lita,2026-09-26,0.666,0.373,1.092,0.535,0.824,rt,
lita,2026-09-27,0.664,0.353,1.13,0.526,0.832,rt,
lita,2026-09-28,0.656,0.334,1.146,0.509,0.836,rt,
lita,2026-09-29,0.653,0.335,1.146,0.513,0.83,rt,
lita,2026-09-30,0.65,0.33,1.146,0.504,0.835,rt,
lita,2026-10-01,0.646,0.318,1.155,0.497,0.83,rt,
lita,2026-10-02,0.635,0.303,1.172,0.482,0.83,rt,
lita,2026-10-03,0.622,0.285,1.196,0.462,0.83,rt,
lita,2026-10-04,0.612,0.267,1.234,0.45,0.834,rt,
lita,2026-10-05,0.602,0.248,1.276,0.429,0.838,rt,
lita,2026-10-06,0.635,0.237,1.388,0.435,0.881,rt,
logo,2026-06-19,1.288,1.114,1.507,1.209,1.369,rt,
logo,2026-06-20,1.283,1.106,1.489,1.202,1.36,rt,
logo,2026-06-21,1.272,1.099,1.474,1.192,1.35,rt,
logo,2026-06-22,1.281,1.1,1.485,1.197,1.362,rt,
logo,2026-06-23,1.28,1.106,1.475,1.201,1.356,rt,
logo,2026-06-24,1.279,1.109,1.464,1.202,1.353,rt,
logo,2026-06-25,1.274,1.108,1.454,1.203,1.348,rt,
logo,2026-06-26,1.264,1.102,1.438,1.195,1.334,rt,
logo,2026-06-27,1.252,1.093,1.427,1.184,1.325,rt,
logo,2026-06-28,1.242,1.079,1.422,1.173,1.316,rt,
logo,2026-06-29,1.204,1.041,1.383,1.136,1.28,rt,
logo,2026-06-30,1.181,1.027,1.344,1.118,1.249,rt,
logo,2026-07-01,1.159,1.013,1.314,1.099,1.22,rt,
logo,2026-07-02,1.137,0.993,1.283,1.083,1.2,rt,
logo,2026-07-03,1.12,0.985,1.257,1.066,1.178,rt,
logo,2026-07-04,1.105,0.964,1.243,1.049,1.162,rt,
logo,2026-07-05,1.087,0.945,1.231,1.031,1.144,rt,
logo,2026-07-06,1.074,0.927,1.231,1.017,1.136,rt,
logo,2026-07-07,1.081,0.942,1.227,1.026,1.139,rt,
logo,2026-07-08,1.086,0.952,1.225,1.036,1.141,rt,
logo,2026-07-09,1.092,0.958,1.229,1.039,1.144,rt,
logo,2026-07-10,1.097,0.968,1.233,1.047,1.15,rt,
logo,2026-07-11,1.104,0.972,1.24,1.049,1.158,rt,
logo,2026-07-12,1.108,0.973,1.253,1.05,1.164,rt,
logo,2026-07-13,1.103,0.96,1.259,1.043,1.165,rt,
logo,2026-07-14,1.104,0.97,1.247,1.048,1.164,rt,
logo,2026-07-15,1.105,0.978,1.244,1.05,1.162,rt,
logo,2026-07-16,1.104,0.98,1.238,1.051,1.159,rt,
logo,2026-07-17,1.104,0.987,1.234,1.053,1.157,rt,
logo,2026-07-18,1.101,0.987,1.235,1.053,1.155,rt,
logo,2026-07-19,1.099,0.977,1.236,1.047,1.154,rt,
logo,2026-07-20,1.097,0.966,1.242,1.038,1.153,rt,
logo,2026-07-21,1.092,0.97,1.229,1.035,1.144,rt,
logo,2026-07-22,1.085,0.967,1.217,1.033,1.133,rt,
logo,2026-07-23,1.077,0.959,1.205,1.027,1.128,rt,
logo,2026-07-24,1.071,0.96,1.199,1.022,1.12,rt,
logo,2026-07-25,1.061,0.948,1.191,1.013,1.115,rt,
logo,2026-07-26,1.051,0.932,1.188,1.002,1.107,rt,
logo,2026-07-27,1.043,0.92,1.189,0.99,1.103,rt,
logo,2026-07-28,1.039,0.923,1.18,0.99,1.097,rt,
logo,2026-07-29,1.036,0.923,1.17,0.987,1.09,rt,
logo,2026-07-30,1.029,0.917,1.16,0.98,1.083,rt,
logo,2026-07-31,1.018,0.911,1.141,0.969,1.069,rt,
logo,2026-08-01,1.007,0.896,1.127,0.957,1.056,rt,
logo,2026-08-02,0.993,0.876,1.12,0.942,1.042,rt,
logo,2026-08-03,0.973,0.848,1.108,0.923,1.025,rt,
logo,2026-08-04,0.969,0.851,1.095,0.92,1.019,rt,
logo,2026-08-05,0.964,0.85,1.082,0.915,1.012,rt,
logo,2026-08-06,0.958,0.845,1.074,0.909,1.007,rt,
logo,2026-08-07,0.946,0.842,1.056,0.903,0.996,rt,
logo,2026-08-08,0.935,0.831,1.046,0.891,0.982,rt,
logo,2026-08-09,0.921,0.815,1.04,0.877,0.971,rt,
logo,2026-08-10,0.902,0.79,1.026,0.854,0.952,rt,
logo,2026-08-11,0.893,0.792,1.009,0.848,0.94,rt,
logo,2026-08-12,0.884,0.787,0.993,0.842,0.93,rt,
logo,2026-08-13,0.875,0.777,0.986,0.835,0.921,rt,
logo,2026-08-14,0.866,0.772,0.972,0.829,0.911,rt,
logo,2026-08-15,0.859,0.757,0.964,0.821,0.902,rt,
logo,2026-08-16,0.849,0.744,0.954,0.81,0.892,rt,
logo,2026-08-17,0.848,0.738,0.958,0.804,0.892,rt,
logo,2026-08-18,0.851,0.741,0.957,0.808,0.892,rt,
logo,2026-08-19,0.854,0.743,0.956,0.812,0.895,rt,
logo,2026-08-20,0.855,0.744,0.963,0.814,0.898,rt,
logo,2026-08-21,0.86,0.754,0.966,0.821,0.904,rt,
logo,2026-08-22,0.865,0.763,0.97,0.826,0.908,rt,
logo,2026-08-23,0.867,0.764,0.975,0.826,0.91,rt,
logo,2026-08-24,0.878,0.768,0.992,0.832,0.926,rt,
logo,2026-08-25,0.899,0.792,1.01,0.855,0.945,rt,
logo,2026-08-26,0.918,0.811,1.03,0.874,0.964,rt,
logo,2026-08-27,0.934,0.827,1.05,0.892,0.984,rt,
logo,2026-08-28,0.951,0.847,1.062,0.908,0.998,rt,
logo,2026-08-29,0.964,0.858,1.075,0.92,1.01,rt,
logo,2026-08-30,0.973,0.861,1.088,0.928,1.02,rt,
logo,2026-08-31,0.971,0.851,1.089,0.924,1.019,rt,
logo,2026-09-01,0.98,0.865,1.096,0.933,1.027,rt,
logo,2026-09-02,0.989,0.874,1.101,0.94,1.035,rt,
logo,2026-09-03,0.994,0.877,1.113,0.946,1.043,rt,
logo,2026-09-04,0.991,0.879,1.102,0.944,1.038,rt,
logo,2026-09-05,0.986,0.875,1.099,0.94,1.032,rt,
logo,2026-09-06,0.977,0.863,1.095,0.93,1.023,rt,
logo,2026-09-07,0.956,0.835,1.075,0.906,1.003,rt,
logo,2026-09-08,0.938,0.818,1.055,0.891,0.985,rt,
logo,2026-09-09,0.921,0.799,1.041,0.87,0.968,rt,
logo,2026-09-10,0.902,0.779,1.024,0.85,0.949,rt,
logo,2026-09-11,0.878,0.757,0.999,0.827,0.927,rt,
logo,2026-09-12,0.854,0.732,0.975,0.798,0.901,rt,
logo,2026-09-13,0.827,0.701,0.955,0.77,0.876,rt,
logo,2026-09-14,0.801,0.666,0.939,0.741,0.856,rt,
logo,2026-09-15,0.794,0.661,0.93,0.734,0.849,rt,
logo,2026-09-16,0.788,0.655,0.928,0.727,0.841,rt,
logo,2026-09-17,0.783,0.65,0.927,0.721,0.841,rt,
logo,2026-09-18,0.778,0.641,0.926,0.72,0.837,rt,
logo,2026-09-19,0.774,0.636,0.935,0.714,0.836,rt,
logo,2026-09-20,0.77,0.623,0.94,0.706,0.836,rt,
logo,2026-09-21,0.776,0.613,0.958,0.706,0.846,rt,
logo,2026-09-22,0.779,0.61,0.966,0.708,0.852,rt,
logo,2026-09-23,0.783,0.607,0.979,0.709,0.857,rt,
logo,2026-09-24,0.786,0.602,0.993,0.709,0.862,rt,
logo,2026-09-25,0.785,0.593,1.003,0.707,0.864,rt,
logo,2026-09-26,0.785,0.585,1.023,0.697,0.871,rt,
logo,2026-09-27,0.784,0.569,1.041,0.688,0.874,rt,
logo,2026-09-28,0.779,0.55,1.055,0.676,0.873,rt,
logo,2026-09-29,0.777,0.545,1.063,0.671,0.874,rt,
logo,2026-09-30,0.773,0.532,1.063,0.663,0.877,rt,
logo,2026-10-01,0.769,0.519,1.071,0.655,0.88,rt,
logo,2026-10-02,0.759,0.506,1.07,0.643,0.871,rt,
logo,2026-10-03,0.745,0.49,1.071,0.634,0.867,rt,
logo,2026-10-04,0.735,0.461,1.1,0.616,0.868,rt,
logo,2026-10-05,0.723,0.44,1.124,0.601,0.862,rt,
logo,2026-10-06,0.752,0.456,1.151,0.62,0.898,rt,
lolwa,2026-07-04,1.304,0.794,2.06,1.085,1.592,rt,
lolwa,2026-07-05,1.31,0.777,2.115,1.065,1.611,rt,
lolwa,2026-07-06,1.314,0.746,2.219,1.055,1.648,rt,
lolwa,2026-07-07,1.359,0.806,2.179,1.105,1.667,rt,
lolwa,2026-07-08,1.395,0.871,2.165,1.155,1.691,rt,
lolwa,2026-07-09,1.433,0.912,2.193,1.201,1.715,rt,
lolwa,2026-07-10,1.47,0.952,2.243,1.232,1.753,rt,
lolwa,2026-07-11,1.504,0.97,2.346,1.267,1.819,rt,
lolwa,2026-07-12,1.547,0.969,2.521,1.286,1.896,rt,
lolwa,2026-07-13,1.582,0.946,2.666,1.294,1.97,rt,
lolwa,2026-07-14,1.584,1.002,2.515,1.31,1.921,rt,
lolwa,2026-07-15,1.584,1.035,2.41,1.317,1.875,rt,
lolwa,2026-07-16,1.571,1.036,2.356,1.317,1.859,rt,
lolwa,2026-07-17,1.567,1.023,2.353,1.313,1.857,rt,
lolwa,2026-07-18,1.558,0.981,2.394,1.297,1.869,rt,
lolwa,2026-07-19,1.545,0.924,2.46,1.27,1.875,rt,
lolwa,2026-07-20,1.527,0.865,2.587,1.231,1.895,rt,
lolwa,2026-07-21,1.492,0.886,2.394,1.226,1.813,rt,
lolwa,2026-07-22,1.449,0.907,2.262,1.215,1.741,rt,
lolwa,2026-07-23,1.415,0.905,2.171,1.186,1.688,rt,
lolwa,2026-07-24,1.38,0.911,2.126,1.155,1.648,rt,
lolwa,2026-07-25,1.344,0.856,2.117,1.121,1.603,rt,
lolwa,2026-07-26,1.316,0.807,2.124,1.075,1.568,rt,
lolwa,2026-07-27,1.274,0.744,2.179,1.033,1.541,rt,
lolwa,2026-07-28,1.25,0.777,2.041,1.035,1.487,rt,
lolwa,2026-07-29,1.217,0.793,1.902,1.029,1.44,rt,
lolwa,2026-07-30,1.193,0.787,1.804,1.016,1.403,rt,
lolwa,2026-07-31,1.166,0.771,1.743,0.981,1.363,rt,
lolwa,2026-08-01,1.124,0.726,1.706,0.952,1.327,rt,
lolwa,2026-08-02,1.085,0.676,1.728,0.907,1.305,rt,
lolwa,2026-08-03,1.046,0.615,1.725,0.858,1.283,rt,
lolwa,2026-08-04,1.055,0.643,1.649,0.869,1.254,rt,
lolwa,2026-08-05,1.052,0.672,1.597,0.873,1.228,rt,
lolwa,2026-08-06,1.051,0.682,1.547,0.873,1.223,rt,
lolwa,2026-08-07,1.039,0.677,1.51,0.874,1.205,rt,
lolwa,2026-08-08,1.021,0.645,1.527,0.868,1.207,rt,
lolwa,2026-08-09,1.01,0.615,1.579,0.853,1.211,rt,
lolwa,2026-08-10,0.996,0.585,1.618,0.817,1.202,rt,
lolwa,2026-08-11,0.989,0.614,1.531,0.826,1.183,rt,
lolwa,2026-08-12,0.983,0.635,1.478,0.835,1.164,rt,
lolwa,2026-08-13,0.979,0.644,1.457,0.834,1.15,rt,
lolwa,2026-08-14,0.975,0.639,1.465,0.823,1.143,rt,
lolwa,2026-08-15,0.969,0.633,1.485,0.815,1.139,rt,
lolwa,2026-08-16,0.958,0.612,1.519,0.794,1.153,rt,
lolwa,2026-08-17,0.956,0.592,1.581,0.781,1.184,rt,
lolwa,2026-08-18,0.949,0.612,1.51,0.788,1.148,rt,
lolwa,2026-08-19,0.932,0.602,1.436,0.785,1.116,rt,
lolwa,2026-08-20,0.919,0.601,1.402,0.778,1.091,rt,
lolwa,2026-08-21,0.915,0.592,1.387,0.765,1.086,rt,
lolwa,2026-08-22,0.904,0.574,1.382,0.747,1.091,rt,
lolwa,2026-08-23,0.894,0.551,1.392,0.724,1.093,rt,
lolwa,2026-08-24,0.887,0.528,1.438,0.71,1.108,rt,
lolwa,2026-08-25,0.894,0.547,1.384,0.726,1.085,rt,
lolwa,2026-08-26,0.893,0.562,1.349,0.74,1.07,rt,
lolwa,2026-08-27,0.89,0.572,1.331,0.746,1.059,rt,
lolwa,2026-08-28,0.886,0.576,1.32,0.744,1.051,rt,
lolwa,2026-08-29,0.884,0.562,1.325,0.731,1.054,rt,
lolwa,2026-08-30,0.875,0.537,1.35,0.711,1.059,rt,
lolwa,2026-08-31,0.85,0.501,1.362,0.681,1.045,rt,
lolwa,2026-09-01,0.857,0.535,1.331,0.706,1.04,rt,
lolwa,2026-09-02,0.872,0.555,1.319,0.722,1.04,rt,
lolwa,2026-09-03,0.879,0.569,1.319,0.734,1.041,rt,
lolwa,2026-09-04,0.881,0.562,1.332,0.732,1.033,rt,
lolwa,2026-09-05,0.873,0.546,1.36,0.72,1.042,rt,
lolwa,2026-09-06,0.864,0.522,1.402,0.709,1.047,rt,
lolwa,2026-09-07,0.849,0.484,1.43,0.68,1.042,rt,
lolwa,2026-09-08,0.835,0.486,1.369,0.676,1.018,rt,
lolwa,2026-09-09,0.821,0.482,1.318,0.666,0.991,rt,
lolwa,2026-09-10,0.805,0.468,1.295,0.655,0.974,rt,
lolwa,2026-09-11,0.785,0.45,1.279,0.636,0.951,rt,
lolwa,2026-09-12,0.764,0.419,1.274,0.61,0.93,rt,
lolwa,2026-09-13,0.741,0.394,1.27,0.579,0.91,rt,
lolwa,2026-09-14,0.713,0.363,1.261,0.549,0.893,rt,
lolwa,2026-09-15,0.7,0.368,1.212,0.544,0.864,rt,
lolwa,2026-09-16,0.685,0.364,1.169,0.537,0.847,rt,
lolwa,2026-09-17,0.672,0.357,1.159,0.524,0.844,rt,
lolwa,2026-09-18,0.662,0.351,1.164,0.513,0.84,rt,
lolwa,2026-09-19,0.652,0.332,1.192,0.496,0.833,rt,
lolwa,2026-09-20,0.646,0.315,1.223,0.483,0.842,rt,
lolwa,2026-09-21,0.642,0.295,1.255,0.468,0.854,rt,
lolwa,2026-09-22,0.641,0.303,1.24,0.475,0.855,rt,
lolwa,2026-09-23,0.648,0.299,1.259,0.474,0.861,rt,
lolwa,2026-09-24,0.65,0.295,1.271,0.473,0.869,rt,
lolwa,2026-09-25,0.647,0.287,1.319,0.463,0.879,rt,
lolwa,2026-09-26,0.647,0.274,1.375,0.464,0.879,rt,
lolwa,2026-09-27,0.641,0.262,1.426,0.458,0.897,rt,
lolwa,2026-09-28,0.634,0.246,1.487,0.445,0.901,rt,
lolwa,2026-09-29,0.636,0.244,1.452,0.448,0.896,rt,
lolwa,2026-09-30,0.64,0.252,1.437,0.44,0.895,rt,
lolwa,2026-10-01,0.636,0.256,1.441,0.43,0.893,rt,
lolwa,2026-10-02,0.63,0.248,1.419,0.423,0.893,rt,
lolwa,2026-10-03,0.618,0.236,1.421,0.415,0.891,rt,
lolwa,2026-10-04,0.614,0.227,1.444,0.407,0.882,rt,
lolwa,2026-10-05,0.6,0.215,1.478,0.39,0.881,rt,
lolwa,2026-10-06,0.627,0.216,1.664,0.416,0.936,rt,
mahagi,2026-08-01,1.057,0.947,1.169,1.009,1.103,rt,
mahagi,2026-08-02,1.041,0.928,1.159,0.994,1.092,rt,
mahagi,2026-08-03,1.021,0.897,1.149,0.971,1.077,rt,
mahagi,2026-08-04,1.019,0.903,1.134,0.97,1.069,rt,
mahagi,2026-08-05,1.013,0.902,1.125,0.964,1.061,rt,
mahagi,2026-08-06,1.006,0.893,1.122,0.958,1.056,rt,
mahagi,2026-08-07,0.994,0.885,1.105,0.951,1.04,rt,
mahagi,2026-08-08,0.982,0.873,1.093,0.94,1.027,rt,
mahagi,2026-08-09,0.969,0.859,1.085,0.924,1.017,rt,
mahagi,2026-08-10,0.948,0.834,1.072,0.901,0.997,rt,
mahagi,2026-08-11,0.94,0.832,1.054,0.894,0.983,rt,
mahagi,2026-08-12,0.931,0.827,1.038,0.887,0.972,rt,
mahagi,2026-08-13,0.922,0.819,1.025,0.879,0.961,rt,
mahagi,2026-08-14,0.912,0.814,1.009,0.874,0.952,rt,
mahagi,2026-08-15,0.903,0.801,0.999,0.867,0.941,rt,
mahagi,2026-08-16,0.893,0.788,0.992,0.856,0.929,rt,
mahagi,2026-08-17,0.891,0.782,0.997,0.851,0.93,rt,
mahagi,2026-08-18,0.892,0.785,0.997,0.854,0.933,rt,
mahagi,2026-08-19,0.895,0.791,0.998,0.855,0.935,rt,
mahagi,2026-08-20,0.896,0.786,1.004,0.855,0.938,rt,
mahagi,2026-08-21,0.903,0.796,1.004,0.863,0.945,rt,
mahagi,2026-08-22,0.906,0.803,1.012,0.867,0.951,rt,
mahagi,2026-08-23,0.909,0.803,1.012,0.867,0.956,rt,
mahagi,2026-08-24,0.922,0.814,1.035,0.875,0.97,rt,
mahagi,2026-08-25,0.943,0.84,1.056,0.897,0.99,rt,
mahagi,2026-08-26,0.962,0.861,1.078,0.916,1.01,rt,
mahagi,2026-08-27,0.981,0.873,1.097,0.935,1.028,rt,
mahagi,2026-08-28,0.998,0.889,1.107,0.952,1.043,rt,
mahagi,2026-08-29,1.011,0.903,1.119,0.966,1.057,rt,
mahagi,2026-08-30,1.021,0.911,1.134,0.974,1.068,rt,
mahagi,2026-08-31,1.018,0.905,1.136,0.969,1.066,rt,
mahagi,2026-09-01,1.027,0.915,1.142,0.978,1.073,rt,
mahagi,2026-09-02,1.033,0.921,1.152,0.987,1.081,rt,
mahagi,2026-09-03,1.038,0.925,1.163,0.993,1.088,rt,
mahagi,2026-09-04,1.035,0.927,1.152,0.991,1.084,rt,
mahagi,2026-09-05,1.029,0.924,1.144,0.987,1.075,rt,
mahagi,2026-09-06,1.02,0.913,1.136,0.976,1.069,rt,
mahagi,2026-09-07,0.997,0.881,1.118,0.952,1.047,rt,
mahagi,2026-09-08,0.98,0.865,1.1,0.931,1.028,rt,
mahagi,2026-09-09,0.962,0.847,1.084,0.912,1.009,rt,
mahagi,2026-09-10,0.943,0.825,1.066,0.891,0.991,rt,
mahagi,2026-09-11,0.918,0.8,1.041,0.867,0.966,rt,
mahagi,2026-09-12,0.893,0.776,1.021,0.84,0.943,rt,
mahagi,2026-09-13,0.865,0.743,0.997,0.811,0.919,rt,
mahagi,2026-09-14,0.84,0.71,0.98,0.783,0.897,rt,
mahagi,2026-09-15,0.832,0.702,0.973,0.776,0.888,rt,
mahagi,2026-09-16,0.826,0.696,0.97,0.768,0.882,rt,
mahagi,2026-09-17,0.822,0.687,0.968,0.761,0.877,rt,
mahagi,2026-09-18,0.819,0.682,0.966,0.757,0.874,rt,
mahagi,2026-09-19,0.814,0.674,0.97,0.753,0.873,rt,
mahagi,2026-09-20,0.807,0.659,0.978,0.747,0.872,rt,
mahagi,2026-09-21,0.812,0.648,0.994,0.747,0.881,rt,
mahagi,2026-09-22,0.818,0.65,1.0,0.749,0.891,rt,
mahagi,2026-09-23,0.82,0.642,1.017,0.749,0.897,rt,
mahagi,2026-09-24,0.823,0.633,1.035,0.747,0.902,rt,
mahagi,2026-09-25,0.823,0.626,1.052,0.744,0.907,rt,
mahagi,2026-09-26,0.825,0.618,1.066,0.739,0.912,rt,
mahagi,2026-09-27,0.823,0.601,1.078,0.729,0.918,rt,
mahagi,2026-09-28,0.815,0.585,1.092,0.717,0.921,rt,
mahagi,2026-09-29,0.815,0.571,1.106,0.709,0.92,rt,
mahagi,2026-09-30,0.81,0.564,1.108,0.702,0.919,rt,
mahagi,2026-10-01,0.807,0.555,1.119,0.692,0.924,rt,
mahagi,2026-10-02,0.801,0.545,1.118,0.683,0.916,rt,
mahagi,2026-10-03,0.786,0.531,1.136,0.67,0.915,rt,
mahagi,2026-10-04,0.778,0.504,1.158,0.653,0.91,rt,
mahagi,2026-10-05,0.765,0.48,1.174,0.636,0.905,rt,
mahagi,2026-10-06,0.794,0.493,1.21,0.655,0.937,rt,
mambasa,2026-06-09,1.583,0.943,2.66,1.273,1.928,rt,
mambasa,2026-06-10,1.591,0.982,2.556,1.312,1.92,rt,
mambasa,2026-06-11,1.609,1.017,2.482,1.323,1.917,rt,
mambasa,2026-06-12,1.623,1.002,2.489,1.318,1.951,rt,
mambasa,2026-06-13,1.637,0.977,2.576,1.316,1.992,rt,
mambasa,2026-06-14,1.642,0.933,2.713,1.3,2.037,rt,
mambasa,2026-06-15,1.644,0.886,2.915,1.27,2.102,rt,
mambasa,2026-06-16,1.672,0.971,2.809,1.314,2.079,rt,
mambasa,2026-06-17,1.693,1.018,2.772,1.366,2.076,rt,
mambasa,2026-06-18,1.711,1.058,2.8,1.414,2.1,rt,
mambasa,2026-06-19,1.746,1.072,2.861,1.436,2.148,rt,
mambasa,2026-06-20,1.787,1.073,2.984,1.441,2.201,rt,
mambasa,2026-06-21,1.816,1.053,3.172,1.452,2.27,rt,
mambasa,2026-06-22,1.854,1.025,3.433,1.461,2.407,rt,
mambasa,2026-06-23,1.81,1.061,3.208,1.456,2.283,rt,
mambasa,2026-06-24,1.765,1.072,2.954,1.443,2.183,rt,
mambasa,2026-06-25,1.717,1.052,2.827,1.414,2.097,rt,
mambasa,2026-06-26,1.662,1.017,2.725,1.372,2.028,rt,
mambasa,2026-06-27,1.593,0.97,2.697,1.324,1.965,rt,
mambasa,2026-06-28,1.553,0.906,2.722,1.26,1.929,rt,
mambasa,2026-06-29,1.467,0.811,2.733,1.165,1.875,rt,
mambasa,2026-06-30,1.395,0.823,2.383,1.139,1.748,rt,
mambasa,2026-07-01,1.33,0.828,2.167,1.106,1.643,rt,
mambasa,2026-07-02,1.27,0.811,2.011,1.057,1.554,rt,
mambasa,2026-07-03,1.214,0.782,1.929,1.008,1.485,rt,
mambasa,2026-07-04,1.16,0.74,1.905,0.953,1.428,rt,
mambasa,2026-07-05,1.113,0.679,1.906,0.892,1.396,rt,
mambasa,2026-07-06,1.067,0.618,1.964,0.835,1.375,rt,
mambasa,2026-07-07,1.062,0.64,1.828,0.844,1.334,rt,
mambasa,2026-07-08,1.053,0.65,1.721,0.855,1.311,rt,
mambasa,2026-07-09,1.04,0.649,1.685,0.861,1.288,rt,
mambasa,2026-07-10,1.031,0.65,1.663,0.862,1.271,rt,
mambasa,2026-07-11,1.024,0.632,1.658,0.85,1.256,rt,
mambasa,2026-07-12,1.014,0.6,1.708,0.823,1.26,rt,
mambasa,2026-07-13,1.004,0.559,1.756,0.79,1.256,rt,
mambasa,2026-07-14,0.997,0.579,1.639,0.791,1.214,rt,
mambasa,2026-07-15,0.978,0.587,1.552,0.792,1.177,rt,
mambasa,2026-07-16,0.957,0.589,1.492,0.782,1.159,rt,
mambasa,2026-07-17,0.945,0.575,1.458,0.771,1.134,rt,
mambasa,2026-07-18,0.925,0.557,1.456,0.752,1.119,rt,
mambasa,2026-07-19,0.904,0.523,1.5,0.731,1.108,rt,
mambasa,2026-07-20,0.883,0.482,1.555,0.697,1.111,rt,
mambasa,2026-07-21,0.866,0.493,1.451,0.696,1.069,rt,
mambasa,2026-07-22,0.843,0.483,1.36,0.687,1.038,rt,
mambasa,2026-07-23,0.82,0.483,1.314,0.671,1.017,rt,
mambasa,2026-07-24,0.802,0.462,1.299,0.655,0.999,rt,
mambasa,2026-07-25,0.776,0.435,1.278,0.628,0.976,rt,
mambasa,2026-07-26,0.76,0.413,1.292,0.601,0.961,rt,
mambasa,2026-07-27,0.736,0.384,1.322,0.582,0.958,rt,
mambasa,2026-07-28,0.723,0.39,1.225,0.574,0.913,rt,
mambasa,2026-07-29,0.71,0.397,1.174,0.562,0.873,rt,
mambasa,2026-07-30,0.692,0.389,1.108,0.548,0.843,rt,
mambasa,2026-07-31,0.674,0.382,1.071,0.53,0.821,rt,
mambasa,2026-08-01,0.65,0.362,1.042,0.514,0.8,rt,
mambasa,2026-08-02,0.626,0.338,1.037,0.49,0.784,rt,
mambasa,2026-08-03,0.6,0.308,1.054,0.464,0.769,rt,
mambasa,2026-08-04,0.602,0.322,1.006,0.469,0.754,rt,
mambasa,2026-08-05,0.601,0.336,0.976,0.474,0.745,rt,
mambasa,2026-08-06,0.598,0.342,0.965,0.474,0.739,rt,
mambasa,2026-08-07,0.594,0.338,0.959,0.472,0.735,rt,
mambasa,2026-08-08,0.586,0.326,0.974,0.467,0.732,rt,
mambasa,2026-08-09,0.582,0.31,1.016,0.458,0.734,rt,
mambasa,2026-08-10,0.573,0.291,1.051,0.436,0.736,rt,
mambasa,2026-08-11,0.589,0.314,1.022,0.457,0.74,rt,
mambasa,2026-08-12,0.608,0.334,1.018,0.474,0.756,rt,
mambasa,2026-08-13,0.623,0.353,1.022,0.492,0.769,rt,
mambasa,2026-08-14,0.638,0.363,1.041,0.508,0.791,rt,
mambasa,2026-08-15,0.654,0.37,1.085,0.521,0.814,rt,
mambasa,2026-08-16,0.673,0.367,1.149,0.525,0.845,rt,
mambasa,2026-08-17,0.692,0.366,1.207,0.536,0.884,rt,
mambasa,2026-08-18,0.735,0.405,1.234,0.579,0.933,rt,
mambasa,2026-08-19,0.788,0.444,1.267,0.627,0.973,rt,
mambasa,2026-08-20,0.838,0.477,1.318,0.674,1.029,rt,
mambasa,2026-08-21,0.902,0.514,1.403,0.725,1.097,rt,
mambasa,2026-08-22,0.954,0.539,1.508,0.773,1.169,rt,
mambasa,2026-08-23,1.018,0.562,1.647,0.815,1.265,rt,
mambasa,2026-08-24,1.097,0.574,1.839,0.85,1.387,rt,
mambasa,2026-08-25,1.203,0.676,1.922,0.955,1.483,rt,
mambasa,2026-08-26,1.306,0.787,2.02,1.056,1.574,rt,
mambasa,2026-08-27,1.429,0.901,2.158,1.171,1.683,rt,
mambasa,2026-08-28,1.544,0.987,2.329,1.286,1.81,rt,
mambasa,2026-08-29,1.67,1.065,2.547,1.392,1.978,rt,
mambasa,2026-08-30,1.806,1.125,2.856,1.481,2.162,rt,
mambasa,2026-08-31,1.914,1.147,3.175,1.552,2.348,rt,
mambasa,2026-09-01,2.006,1.261,3.113,1.664,2.394,rt,
mambasa,2026-09-02,2.097,1.376,3.134,1.774,2.462,rt,
mambasa,2026-09-03,2.176,1.447,3.168,1.863,2.551,rt,
mambasa,2026-09-04,2.241,1.51,3.266,1.938,2.62,rt,
mambasa,2026-09-05,2.314,1.53,3.438,1.98,2.714,rt,
mambasa,2026-09-06,2.37,1.54,3.628,1.998,2.821,rt,
mambasa,2026-09-07,2.407,1.485,3.919,1.972,2.902,rt,
mambasa,2026-09-08,2.377,1.535,3.615,1.985,2.786,rt,
mambasa,2026-09-09,2.313,1.571,3.359,1.967,2.709,rt,
mambasa,2026-09-10,2.252,1.553,3.249,1.939,2.649,rt,
mambasa,2026-09-11,2.201,1.489,3.23,1.873,2.567,rt,
mambasa,2026-09-12,2.125,1.412,3.198,1.805,2.53,rt,
mambasa,2026-09-13,2.043,1.314,3.215,1.7,2.473,rt,
mambasa,2026-09-14,1.988,1.194,3.282,1.591,2.433,rt,
mambasa,2026-09-15,1.9,1.161,3.018,1.537,2.288,rt,
mambasa,2026-09-16,1.819,1.105,2.827,1.495,2.198,rt,
mambasa,2026-09-17,1.743,1.035,2.729,1.435,2.111,rt,
mambasa,2026-09-18,1.676,0.972,2.667,1.364,2.049,rt,
mambasa,2026-09-19,1.616,0.902,2.709,1.293,2.003,rt,
mambasa,2026-09-20,1.542,0.821,2.697,1.216,1.964,rt,
mambasa,2026-09-21,1.509,0.746,2.745,1.143,1.945,rt,
mambasa,2026-09-22,1.486,0.72,2.643,1.139,1.907,rt,
mambasa,2026-09-23,1.473,0.723,2.653,1.117,1.892,rt,
mambasa,2026-09-24,1.441,0.692,2.651,1.089,1.89,rt,
mambasa,2026-09-25,1.42,0.679,2.704,1.069,1.88,rt,
mambasa,2026-09-26,1.395,0.62,2.783,1.027,1.885,rt,
mambasa,2026-09-27,1.38,0.58,2.891,0.977,1.874,rt,
mambasa,2026-09-28,1.341,0.517,2.987,0.927,1.869,rt,
mambasa,2026-09-29,1.313,0.517,2.852,0.925,1.792,rt,
mambasa,2026-09-30,1.272,0.508,2.771,0.902,1.748,rt,
mambasa,2026-10-01,1.238,0.493,2.744,0.874,1.696,rt,
mambasa,2026-10-02,1.21,0.459,2.708,0.844,1.667,rt,
mambasa,2026-10-03,1.169,0.43,2.652,0.8,1.63,rt,
mambasa,2026-10-04,1.111,0.408,2.645,0.755,1.619,rt,
mambasa,2026-10-05,1.075,0.371,2.665,0.718,1.585,rt,
mambasa,2026-10-06,1.018,0.328,2.618,0.657,1.569,rt,
mandima,2026-06-17,2.208,1.391,3.606,1.82,2.703,rt,
mandima,2026-06-18,2.17,1.392,3.43,1.809,2.615,rt,
mandima,2026-06-19,2.137,1.373,3.257,1.776,2.555,rt,
mandima,2026-06-20,2.096,1.298,3.226,1.73,2.507,rt,
mandima,2026-06-21,2.061,1.225,3.3,1.664,2.487,rt,
mandima,2026-06-22,2.025,1.157,3.476,1.624,2.499,rt,
mandima,2026-06-23,1.953,1.156,3.19,1.593,2.359,rt,
mandima,2026-06-24,1.868,1.15,2.886,1.553,2.24,rt,
mandima,2026-06-25,1.783,1.118,2.692,1.485,2.116,rt,
mandima,2026-06-26,1.687,1.075,2.605,1.409,2.029,rt,
mandima,2026-06-27,1.595,1.002,2.541,1.32,1.949,rt,
mandima,2026-06-28,1.509,0.924,2.507,1.232,1.899,rt,
mandima,2026-06-29,1.416,0.798,2.468,1.108,1.805,rt,
mandima,2026-06-30,1.353,0.808,2.176,1.093,1.671,rt,
mandima,2026-07-01,1.297,0.8,1.979,1.068,1.548,rt,
mandima,2026-07-02,1.235,0.785,1.846,1.029,1.46,rt,
mandima,2026-07-03,1.179,0.749,1.742,0.992,1.4,rt,
mandima,2026-07-04,1.13,0.702,1.691,0.946,1.349,rt,
mandima,2026-07-05,1.088,0.642,1.673,0.89,1.31,rt,
mandima,2026-07-06,1.047,0.576,1.711,0.83,1.287,rt,
mandima,2026-07-07,1.042,0.597,1.623,0.849,1.252,rt,
mandima,2026-07-08,1.041,0.615,1.568,0.862,1.224,rt,
mandima,2026-07-09,1.034,0.633,1.516,0.863,1.208,rt,
mandima,2026-07-10,1.029,0.631,1.539,0.858,1.214,rt,
mandima,2026-07-11,1.022,0.616,1.558,0.847,1.214,rt,
mandima,2026-07-12,1.011,0.59,1.598,0.825,1.23,rt,
mandima,2026-07-13,0.991,0.549,1.66,0.799,1.246,rt,
mandima,2026-07-14,1.008,0.595,1.595,0.822,1.225,rt,
mandima,2026-07-15,1.025,0.63,1.548,0.843,1.211,rt,
mandima,2026-07-16,1.033,0.647,1.517,0.856,1.204,rt,
mandima,2026-07-17,1.033,0.657,1.538,0.874,1.218,rt,
mandima,2026-07-18,1.038,0.646,1.6,0.875,1.237,rt,
mandima,2026-07-19,1.051,0.62,1.691,0.865,1.257,rt,
mandima,2026-07-20,1.059,0.584,1.786,0.846,1.304,rt,
mandima,2026-07-21,1.078,0.642,1.698,0.885,1.292,rt,
mandima,2026-07-22,1.088,0.683,1.626,0.914,1.289,rt,
mandima,2026-07-23,1.103,0.725,1.61,0.934,1.307,rt,
mandima,2026-07-24,1.114,0.741,1.656,0.948,1.323,rt,
mandima,2026-07-25,1.131,0.744,1.723,0.96,1.351,rt,
mandima,2026-07-26,1.146,0.713,1.826,0.958,1.388,rt,
mandima,2026-07-27,1.165,0.676,1.967,0.951,1.447,rt,
mandima,2026-07-28,1.155,0.716,1.849,0.972,1.397,rt,
mandima,2026-07-29,1.15,0.736,1.752,0.98,1.365,rt,
mandima,2026-07-30,1.142,0.751,1.678,0.971,1.344,rt,
mandima,2026-07-31,1.127,0.727,1.625,0.955,1.326,rt,
mandima,2026-08-01,1.108,0.7,1.651,0.93,1.313,rt,
mandima,2026-08-02,1.088,0.657,1.724,0.9,1.306,rt,
mandima,2026-08-03,1.059,0.602,1.803,0.854,1.309,rt,
mandima,2026-08-04,1.05,0.63,1.674,0.867,1.266,rt,
mandima,2026-08-05,1.041,0.64,1.58,0.875,1.231,rt,
mandima,2026-08-06,1.033,0.645,1.5,0.871,1.205,rt,
mandima,2026-08-07,1.012,0.633,1.466,0.854,1.185,rt,
mandima,2026-08-08,0.993,0.621,1.489,0.828,1.175,rt,
mandima,2026-08-09,0.969,0.574,1.531,0.8,1.177,rt,
mandima,2026-08-10,0.938,0.522,1.584,0.76,1.166,rt,
mandima,2026-08-11,0.945,0.559,1.507,0.786,1.142,rt,
mandima,2026-08-12,0.95,0.595,1.463,0.802,1.122,rt,
mandima,2026-08-13,0.963,0.613,1.416,0.815,1.117,rt,
mandima,2026-08-14,0.968,0.612,1.407,0.814,1.125,rt,
mandima,2026-08-15,0.973,0.604,1.446,0.809,1.147,rt,
mandima,2026-08-16,0.975,0.578,1.493,0.798,1.176,rt,
mandima,2026-08-17,0.988,0.552,1.588,0.787,1.221,rt,
mandima,2026-08-18,1.035,0.617,1.568,0.843,1.238,rt,
mandima,2026-08-19,1.071,0.679,1.578,0.905,1.265,rt,
mandima,2026-08-20,1.116,0.731,1.606,0.951,1.309,rt,
mandima,2026-08-21,1.174,0.77,1.682,0.995,1.368,rt,
mandima,2026-08-22,1.222,0.803,1.799,1.029,1.438,rt,
mandima,2026-08-23,1.27,0.812,1.967,1.057,1.527,rt,
mandima,2026-08-24,1.327,0.801,2.192,1.088,1.642,rt,
mandima,2026-08-25,1.429,0.915,2.198,1.192,1.7,rt,
mandima,2026-08-26,1.522,1.033,2.257,1.3,1.783,rt,
mandima,2026-08-27,1.632,1.153,2.294,1.403,1.87,rt,
mandima,2026-08-28,1.737,1.236,2.41,1.497,1.987,rt,
mandima,2026-08-29,1.838,1.284,2.568,1.58,2.135,rt,
mandima,2026-08-30,1.94,1.302,2.801,1.656,2.289,rt,
mandima,2026-08-31,2.017,1.271,3.097,1.706,2.422,rt,
mandima,2026-09-01,2.12,1.417,3.045,1.829,2.484,rt,
mandima,2026-09-02,2.228,1.566,3.051,1.948,2.543,rt,
mandima,2026-09-03,2.335,1.696,3.165,2.066,2.638,rt,
mandima,2026-09-04,2.431,1.772,3.239,2.144,2.729,rt,
mandima,2026-09-05,2.503,1.8,3.371,2.208,2.846,rt,
mandima,2026-09-06,2.567,1.792,3.591,2.245,2.963,rt,
mandima,2026-09-07,2.617,1.729,3.793,2.243,3.041,rt,
mandima,2026-09-08,2.594,1.875,3.572,2.283,2.954,rt,
mandima,2026-09-09,2.564,1.96,3.407,2.312,2.883,rt,
mandima,2026-09-10,2.543,2.01,3.319,2.309,2.829,rt,
mandima,2026-09-11,2.516,1.961,3.249,2.277,2.788,rt,
mandima,2026-09-12,2.465,1.856,3.262,2.214,2.792,rt,
mandima,2026-09-13,2.426,1.737,3.329,2.13,2.778,rt,
mandima,2026-09-14,2.385,1.62,3.411,2.039,2.751,rt,
mandima,2026-09-15,2.187,1.55,3.002,1.904,2.49,rt,
mandima,2026-09-16,2.003,1.476,2.695,1.783,2.266,rt,
mandima,2026-09-17,1.843,1.384,2.465,1.647,2.072,rt,
mandima,2026-09-18,1.694,1.262,2.29,1.515,1.914,rt,
mandima,2026-09-19,1.573,1.122,2.133,1.388,1.782,rt,
mandima,2026-09-20,1.452,0.997,2.005,1.261,1.664,rt,
mandima,2026-09-21,1.355,0.886,1.94,1.149,1.579,rt,
mandima,2026-09-22,1.327,0.869,1.856,1.135,1.54,rt,
mandima,2026-09-23,1.302,0.842,1.841,1.116,1.512,rt,
mandima,2026-09-24,1.279,0.806,1.836,1.078,1.486,rt,
mandima,2026-09-25,1.245,0.747,1.833,1.034,1.468,rt,
mandima,2026-09-26,1.214,0.693,1.859,0.995,1.467,rt,
mandima,2026-09-27,1.188,0.631,1.878,0.943,1.457,rt,
mandima,2026-09-28,1.146,0.568,1.905,0.886,1.438,rt,
mandima,2026-09-29,1.124,0.562,1.838,0.876,1.411,rt,
mandima,2026-09-30,1.112,0.548,1.804,0.864,1.387,rt,
mandima,2026-10-01,1.089,0.511,1.801,0.834,1.372,rt,
mandima,2026-10-02,1.061,0.478,1.786,0.818,1.363,rt,
mandima,2026-10-03,1.032,0.454,1.792,0.79,1.349,rt,
mandima,2026-10-04,1.01,0.416,1.777,0.748,1.333,rt,
mandima,2026-10-05,0.98,0.378,1.778,0.704,1.319,rt,
mandima,2026-10-06,0.939,0.352,1.771,0.649,1.268,rt,
mangala,2026-05-23,1.833,1.152,2.983,1.545,2.214,rt,
mangala,2026-05-24,1.807,1.121,3.0,1.515,2.22,rt,
mangala,2026-05-25,1.779,1.078,3.085,1.459,2.209,rt,
mangala,2026-05-26,1.801,1.124,3.021,1.508,2.215,rt,
mangala,2026-05-27,1.838,1.167,2.947,1.554,2.222,rt,
mangala,2026-05-28,1.881,1.211,2.907,1.592,2.239,rt,
mangala,2026-05-29,1.918,1.253,2.921,1.624,2.28,rt,
mangala,2026-05-30,1.955,1.259,2.964,1.654,2.327,rt,
mangala,2026-05-31,1.994,1.252,3.104,1.671,2.395,rt,
mangala,2026-06-01,2.037,1.257,3.238,1.69,2.484,rt,
mangala,2026-06-02,2.071,1.359,3.145,1.751,2.481,rt,
mangala,2026-06-03,2.113,1.449,3.059,1.802,2.478,rt,
mangala,2026-06-04,2.136,1.513,3.012,1.847,2.474,rt,
mangala,2026-06-05,2.157,1.543,3.048,1.867,2.484,rt,
mangala,2026-06-06,2.155,1.534,3.07,1.879,2.495,rt,
mangala,2026-06-07,2.147,1.506,3.107,1.872,2.5,rt,
mangala,2026-06-08,2.132,1.437,3.193,1.833,2.514,rt,
mangala,2026-06-09,2.084,1.473,3.041,1.824,2.421,rt,
mangala,2026-06-10,2.038,1.492,2.892,1.795,2.328,rt,
mangala,2026-06-11,1.988,1.485,2.766,1.75,2.255,rt,
mangala,2026-06-12,1.944,1.447,2.675,1.715,2.195,rt,
mangala,2026-06-13,1.888,1.385,2.667,1.665,2.16,rt,
mangala,2026-06-14,1.827,1.317,2.649,1.605,2.115,rt,
mangala,2026-06-15,1.783,1.233,2.669,1.55,2.091,rt,
mangala,2026-06-16,1.749,1.272,2.504,1.536,2.019,rt,
mangala,2026-06-17,1.719,1.3,2.38,1.529,1.963,rt,
mangala,2026-06-18,1.704,1.294,2.282,1.514,1.919,rt,
mangala,2026-06-19,1.675,1.279,2.225,1.486,1.888,rt,
mangala,2026-06-20,1.65,1.232,2.204,1.462,1.871,rt,
mangala,2026-06-21,1.622,1.184,2.222,1.424,1.859,rt,
mangala,2026-06-22,1.614,1.138,2.263,1.393,1.872,rt,
mangala,2026-06-23,1.585,1.154,2.143,1.387,1.809,rt,
mangala,2026-06-24,1.564,1.162,2.056,1.379,1.755,rt,
mangala,2026-06-25,1.533,1.145,1.984,1.349,1.708,rt,
mangala,2026-06-26,1.493,1.111,1.946,1.321,1.66,rt,
mangala,2026-06-27,1.457,1.067,1.918,1.28,1.627,rt,
mangala,2026-06-28,1.413,1.015,1.927,1.231,1.603,rt,
mangala,2026-06-29,1.344,0.942,1.889,1.151,1.55,rt,
mangala,2026-06-30,1.284,0.936,1.756,1.12,1.458,rt,
mangala,2026-07-01,1.222,0.909,1.626,1.081,1.377,rt,
mangala,2026-07-02,1.168,0.881,1.534,1.039,1.312,rt,
mangala,2026-07-03,1.118,0.84,1.472,0.996,1.258,rt,
mangala,2026-07-04,1.068,0.798,1.436,0.945,1.213,rt,
mangala,2026-07-05,1.03,0.745,1.405,0.894,1.172,rt,
mangala,2026-07-06,0.991,0.686,1.389,0.847,1.15,rt,
mangala,2026-07-07,0.987,0.72,1.348,0.867,1.138,rt,
mangala,2026-07-08,0.988,0.736,1.33,0.881,1.129,rt,
mangala,2026-07-09,0.994,0.742,1.31,0.879,1.12,rt,
mangala,2026-07-10,1.0,0.742,1.306,0.887,1.114,rt,
mangala,2026-07-11,0.999,0.729,1.331,0.884,1.123,rt,
mangala,2026-07-12,0.999,0.701,1.355,0.877,1.134,rt,
mangala,2026-07-13,0.998,0.672,1.39,0.855,1.143,rt,
mangala,2026-07-14,1.039,0.731,1.389,0.903,1.175,rt,
mangala,2026-07-15,1.077,0.792,1.42,0.953,1.211,rt,
mangala,2026-07-16,1.117,0.838,1.44,0.999,1.253,rt,
mangala,2026-07-17,1.164,0.873,1.494,1.041,1.295,rt,
mangala,2026-07-18,1.214,0.894,1.579,1.074,1.347,rt,
mangala,2026-07-19,1.257,0.905,1.689,1.101,1.409,rt,
mangala,2026-07-20,1.296,0.901,1.817,1.128,1.478,rt,
mangala,2026-07-21,1.345,0.986,1.805,1.188,1.506,rt,
mangala,2026-07-22,1.385,1.06,1.819,1.247,1.537,rt,
mangala,2026-07-23,1.434,1.118,1.826,1.299,1.58,rt,
mangala,2026-07-24,1.48,1.161,1.895,1.34,1.633,rt,
mangala,2026-07-25,1.525,1.187,1.978,1.377,1.694,rt,
mangala,2026-07-26,1.575,1.201,2.098,1.399,1.767,rt,
mangala,2026-07-27,1.621,1.196,2.26,1.423,1.855,rt,
mangala,2026-07-28,1.647,1.265,2.204,1.47,1.849,rt,
mangala,2026-07-29,1.677,1.317,2.157,1.516,1.849,rt,
mangala,2026-07-30,1.697,1.355,2.146,1.538,1.862,rt,
mangala,2026-07-31,1.703,1.362,2.148,1.554,1.878,rt,
mangala,2026-08-01,1.704,1.349,2.174,1.552,1.895,rt,
mangala,2026-08-02,1.71,1.324,2.233,1.541,1.922,rt,
mangala,2026-08-03,1.71,1.272,2.321,1.518,1.939,rt,
mangala,2026-08-04,1.669,1.286,2.18,1.498,1.854,rt,
mangala,2026-08-05,1.63,1.284,2.061,1.473,1.784,rt,
mangala,2026-08-06,1.59,1.267,1.984,1.44,1.727,rt,
mangala,2026-08-07,1.534,1.234,1.904,1.396,1.671,rt,
mangala,2026-08-08,1.479,1.181,1.855,1.348,1.631,rt,
mangala,2026-08-09,1.425,1.117,1.822,1.289,1.588,rt,
mangala,2026-08-10,1.362,1.033,1.802,1.21,1.535,rt,
mangala,2026-08-11,1.284,0.996,1.648,1.155,1.433,rt,
mangala,2026-08-12,1.211,0.957,1.539,1.095,1.344,rt,
mangala,2026-08-13,1.146,0.894,1.449,1.037,1.263,rt,
mangala,2026-08-14,1.081,0.836,1.39,0.975,1.188,rt,
mangala,2026-08-15,1.018,0.762,1.315,0.91,1.126,rt,
mangala,2026-08-16,0.957,0.692,1.27,0.847,1.071,rt,
mangala,2026-08-17,0.909,0.633,1.251,0.792,1.033,rt,
mangala,2026-08-18,0.859,0.615,1.14,0.756,0.962,rt,
mangala,2026-08-19,0.806,0.6,1.047,0.713,0.901,rt,
mangala,2026-08-20,0.756,0.564,0.972,0.675,0.847,rt,
mangala,2026-08-21,0.714,0.529,0.923,0.638,0.801,rt,
mangala,2026-08-22,0.672,0.488,0.886,0.598,0.763,rt,
mangala,2026-08-23,0.634,0.441,0.858,0.555,0.724,rt,
mangala,2026-08-24,0.602,0.402,0.849,0.519,0.699,rt,
mangala,2026-08-25,0.602,0.419,0.818,0.526,0.687,rt,
mangala,2026-08-26,0.6,0.431,0.795,0.53,0.675,rt,
mangala,2026-08-27,0.599,0.438,0.778,0.529,0.666,rt,
mangala,2026-08-28,0.595,0.434,0.761,0.527,0.659,rt,
mangala,2026-08-29,0.59,0.422,0.763,0.515,0.653,rt,
mangala,2026-08-30,0.58,0.404,0.771,0.503,0.651,rt,
mangala,2026-08-31,0.562,0.375,0.778,0.483,0.641,rt,
mangala,2026-09-01,0.57,0.399,0.764,0.499,0.646,rt,
mangala,2026-09-02,0.579,0.412,0.758,0.514,0.651,rt,
mangala,2026-09-03,0.585,0.432,0.764,0.523,0.658,rt,
mangala,2026-09-04,0.589,0.44,0.771,0.525,0.658,rt,
mangala,2026-09-05,0.591,0.434,0.788,0.524,0.661,rt,
mangala,2026-09-06,0.591,0.421,0.81,0.518,0.67,rt,
mangala,2026-09-07,0.58,0.397,0.827,0.498,0.668,rt,
mangala,2026-09-08,0.573,0.401,0.803,0.501,0.662,rt,
mangala,2026-09-09,0.57,0.409,0.779,0.502,0.651,rt,
mangala,2026-09-10,0.565,0.408,0.768,0.497,0.643,rt,
mangala,2026-09-11,0.557,0.399,0.76,0.487,0.634,rt,
mangala,2026-09-12,0.547,0.381,0.763,0.472,0.628,rt,
mangala,2026-09-13,0.533,0.355,0.769,0.453,0.623,rt,
mangala,2026-09-14,0.522,0.334,0.792,0.432,0.622,rt,
mangala,2026-09-15,0.53,0.348,0.783,0.441,0.626,rt,
mangala,2026-09-16,0.54,0.355,0.79,0.451,0.631,rt,
mangala,2026-09-17,0.548,0.356,0.81,0.46,0.644,rt,
mangala,2026-09-18,0.56,0.351,0.844,0.47,0.662,rt,
mangala,2026-09-19,0.567,0.347,0.881,0.474,0.682,rt,
mangala,2026-09-20,0.578,0.341,0.928,0.48,0.709,rt,
mangala,2026-09-21,0.597,0.335,0.995,0.484,0.739,rt,
mangala,2026-09-22,0.608,0.347,1.004,0.489,0.742,rt,
mangala,2026-09-23,0.611,0.35,1.011,0.49,0.748,rt,
mangala,2026-09-24,0.617,0.351,1.038,0.485,0.765,rt,
mangala,2026-09-25,0.621,0.342,1.077,0.484,0.774,rt,
mangala,2026-09-26,0.617,0.322,1.118,0.483,0.786,rt,
mangala,2026-09-27,0.618,0.303,1.172,0.474,0.8,rt,
mangala,2026-09-28,0.613,0.291,1.213,0.463,0.815,rt,
mangala,2026-09-29,0.617,0.286,1.194,0.465,0.816,rt,
mangala,2026-09-30,0.611,0.288,1.202,0.454,0.813,rt,
mangala,2026-10-01,0.615,0.283,1.219,0.445,0.813,rt,
mangala,2026-10-02,0.603,0.267,1.243,0.431,0.816,rt,
mangala,2026-10-03,0.592,0.249,1.287,0.419,0.821,rt,
mangala,2026-10-04,0.584,0.232,1.308,0.401,0.818,rt,
mangala,2026-10-05,0.574,0.212,1.337,0.384,0.819,rt,
mangala,2026-10-06,0.609,0.205,1.447,0.403,0.881,rt,
mongbwalu,2026-04-25,2.701,1.455,5.687,2.028,3.826,rt,
mongbwalu,2026-04-26,2.682,1.446,5.675,2.025,3.753,rt,
mongbwalu,2026-04-27,2.657,1.374,5.74,1.994,3.719,rt,
mongbwalu,2026-04-28,2.639,1.406,5.468,2.014,3.664,rt,
mongbwalu,2026-04-29,2.633,1.439,5.285,2.048,3.61,rt,
mongbwalu,2026-04-30,2.649,1.484,5.194,2.074,3.551,rt,
mongbwalu,2026-05-01,2.715,1.488,5.208,2.112,3.574,rt,
mongbwalu,2026-05-02,2.776,1.523,5.268,2.141,3.602,rt,
mongbwalu,2026-05-03,2.804,1.536,5.364,2.156,3.648,rt,
mongbwalu,2026-05-04,2.816,1.514,5.492,2.159,3.682,rt,
mongbwalu,2026-05-05,2.869,1.622,5.356,2.217,3.677,rt,
mongbwalu,2026-05-06,2.901,1.725,5.296,2.293,3.717,rt,
mongbwalu,2026-05-07,2.926,1.81,5.248,2.363,3.706,rt,
mongbwalu,2026-05-08,2.942,1.864,5.253,2.407,3.698,rt,
mongbwalu,2026-05-09,2.968,1.875,5.242,2.421,3.672,rt,
mongbwalu,2026-05-10,3.0,1.835,5.263,2.447,3.67,rt,
mongbwalu,2026-05-11,2.927,1.728,5.151,2.382,3.574,rt,
mongbwalu,2026-05-12,2.873,1.806,4.774,2.369,3.441,rt,
mongbwalu,2026-05-13,2.824,1.873,4.508,2.381,3.351,rt,
mongbwalu,2026-05-14,2.792,1.931,4.312,2.383,3.268,rt,
mongbwalu,2026-05-15,2.751,1.932,4.112,2.361,3.178,rt,
mongbwalu,2026-05-16,2.696,1.898,4.002,2.319,3.128,rt,
mongbwalu,2026-05-17,2.654,1.846,3.924,2.253,3.07,rt,
mongbwalu,2026-05-18,2.614,1.782,3.923,2.205,3.04,rt,
mongbwalu,2026-05-19,2.585,1.853,3.73,2.236,2.968,rt,
mongbwalu,2026-05-20,2.55,1.904,3.599,2.255,2.915,rt,
mongbwalu,2026-05-21,2.525,1.918,3.523,2.254,2.861,rt,
mongbwalu,2026-05-22,2.484,1.911,3.464,2.235,2.804,rt,
mongbwalu,2026-05-23,2.444,1.878,3.379,2.195,2.758,rt,
mongbwalu,2026-05-24,2.407,1.829,3.313,2.146,2.716,rt,
mongbwalu,2026-05-25,2.361,1.765,3.271,2.085,2.662,rt,
mongbwalu,2026-05-26,2.21,1.709,2.967,1.975,2.473,rt,
mongbwalu,2026-05-27,2.074,1.646,2.721,1.878,2.298,rt,
mongbwalu,2026-05-28,1.948,1.574,2.544,1.784,2.152,rt,
mongbwalu,2026-05-29,1.836,1.492,2.378,1.682,2.027,rt,
mongbwalu,2026-05-30,1.729,1.401,2.228,1.588,1.916,rt,
mongbwalu,2026-05-31,1.63,1.291,2.122,1.487,1.81,rt,
mongbwalu,2026-06-01,1.551,1.183,2.041,1.393,1.731,rt,
mongbwalu,2026-06-02,1.432,1.12,1.829,1.295,1.584,rt,
mongbwalu,2026-06-03,1.319,1.045,1.647,1.199,1.445,rt,
mongbwalu,2026-06-04,1.212,0.963,1.493,1.099,1.324,rt,
mongbwalu,2026-06-05,1.105,0.871,1.357,1.003,1.209,rt,
mongbwalu,2026-06-06,1.007,0.774,1.259,0.903,1.104,rt,
mongbwalu,2026-06-07,0.909,0.664,1.168,0.803,1.013,rt,
mongbwalu,2026-06-08,0.82,0.554,1.098,0.703,0.931,rt,
mongbwalu,2026-06-09,0.792,0.564,1.032,0.694,0.884,rt,
mongbwalu,2026-06-10,0.763,0.56,0.969,0.681,0.841,rt,
mongbwalu,2026-06-11,0.736,0.559,0.912,0.662,0.809,rt,
mongbwalu,2026-06-12,0.714,0.542,0.875,0.643,0.778,rt,
mongbwalu,2026-06-13,0.687,0.514,0.857,0.614,0.76,rt,
mongbwalu,2026-06-14,0.662,0.475,0.86,0.583,0.741,rt,
mongbwalu,2026-06-15,0.637,0.436,0.876,0.548,0.729,rt,
mongbwalu,2026-06-16,0.66,0.477,0.873,0.583,0.737,rt,
mongbwalu,2026-06-17,0.68,0.512,0.868,0.613,0.752,rt,
mongbwalu,2026-06-18,0.702,0.546,0.887,0.638,0.772,rt,
mongbwalu,2026-06-19,0.73,0.57,0.909,0.662,0.799,rt,
mongbwalu,2026-06-20,0.755,0.582,0.96,0.679,0.833,rt,
mongbwalu,2026-06-21,0.782,0.584,1.017,0.694,0.875,rt,
mongbwalu,2026-06-22,0.822,0.58,1.11,0.714,0.935,rt,
mongbwalu,2026-06-23,0.821,0.601,1.069,0.724,0.915,rt,
mongbwalu,2026-06-24,0.818,0.621,1.028,0.734,0.897,rt,
mongbwalu,2026-06-25,0.814,0.63,1.015,0.737,0.887,rt,
mongbwalu,2026-06-26,0.803,0.628,0.993,0.73,0.879,rt,
mongbwalu,2026-06-27,0.793,0.612,0.999,0.715,0.876,rt,
mongbwalu,2026-06-28,0.788,0.577,1.022,0.695,0.883,rt,
mongbwalu,2026-06-29,0.765,0.527,1.038,0.663,0.874,rt,
mongbwalu,2026-06-30,0.758,0.552,0.986,0.669,0.851,rt,
mongbwalu,2026-07-01,0.748,0.566,0.944,0.672,0.832,rt,
mongbwalu,2026-07-02,0.743,0.571,0.925,0.675,0.822,rt,
mongbwalu,2026-07-03,0.74,0.571,0.923,0.675,0.817,rt,
mongbwalu,2026-07-04,0.736,0.551,0.944,0.663,0.822,rt,
mongbwalu,2026-07-05,0.733,0.529,0.973,0.652,0.831,rt,
mongbwalu,2026-07-06,0.735,0.501,1.027,0.64,0.843,rt,
mongbwalu,2026-07-07,0.759,0.55,1.011,0.67,0.855,rt,
mongbwalu,2026-07-08,0.781,0.592,0.995,0.701,0.869,rt,
mongbwalu,2026-07-09,0.804,0.624,1.016,0.725,0.887,rt,
mongbwalu,2026-07-10,0.823,0.637,1.064,0.747,0.911,rt,
mongbwalu,2026-07-11,0.849,0.641,1.128,0.761,0.949,rt,
mongbwalu,2026-07-12,0.872,0.622,1.22,0.766,0.991,rt,
mongbwalu,2026-07-13,0.889,0.603,1.309,0.766,1.031,rt,
mongbwalu,2026-07-14,0.865,0.613,1.205,0.762,0.987,rt,
mongbwalu,2026-07-15,0.843,0.615,1.126,0.747,0.946,rt,
mongbwalu,2026-07-16,0.82,0.605,1.075,0.729,0.916,rt,
mongbwalu,2026-07-17,0.798,0.583,1.044,0.711,0.89,rt,
mongbwalu,2026-07-18,0.772,0.552,1.028,0.683,0.867,rt,
mongbwalu,2026-07-19,0.744,0.512,1.035,0.651,0.853,rt,
mongbwalu,2026-07-20,0.717,0.468,1.052,0.613,0.836,rt,
mongbwalu,2026-07-21,0.691,0.471,0.972,0.602,0.794,rt,
mongbwalu,2026-07-22,0.669,0.473,0.901,0.59,0.755,rt,
mongbwalu,2026-07-23,0.643,0.463,0.86,0.568,0.726,rt,
mongbwalu,2026-07-24,0.62,0.442,0.821,0.543,0.698,rt,
mongbwalu,2026-07-25,0.599,0.417,0.804,0.519,0.677,rt,
mongbwalu,2026-07-26,0.576,0.383,0.794,0.492,0.661,rt,
mongbwalu,2026-07-27,0.553,0.351,0.804,0.462,0.647,rt,
mongbwalu,2026-07-28,0.556,0.37,0.778,0.473,0.64,rt,
mongbwalu,2026-07-29,0.555,0.379,0.761,0.48,0.639,rt,
mongbwalu,2026-07-30,0.557,0.385,0.756,0.487,0.637,rt,
mongbwalu,2026-07-31,0.556,0.385,0.749,0.484,0.635,rt,
mongbwalu,2026-08-01,0.553,0.373,0.763,0.477,0.635,rt,
mongbwalu,2026-08-02,0.552,0.358,0.785,0.468,0.64,rt,
mongbwalu,2026-08-03,0.548,0.343,0.81,0.454,0.648,rt,
mongbwalu,2026-08-04,0.572,0.378,0.813,0.483,0.667,rt,
mongbwalu,2026-08-05,0.6,0.409,0.824,0.516,0.688,rt,
mongbwalu,2026-08-06,0.631,0.437,0.858,0.546,0.717,rt,
mongbwalu,2026-08-07,0.652,0.456,0.899,0.571,0.746,rt,
mongbwalu,2026-08-08,0.68,0.466,0.956,0.591,0.781,rt,
mongbwalu,2026-08-09,0.711,0.47,1.041,0.604,0.827,rt,
mongbwalu,2026-08-10,0.733,0.464,1.135,0.613,0.867,rt,
mongbwalu,2026-08-11,0.777,0.523,1.127,0.665,0.909,rt,
mongbwalu,2026-08-12,0.823,0.581,1.149,0.721,0.95,rt,
mongbwalu,2026-08-13,0.877,0.638,1.196,0.776,1.002,rt,
mongbwalu,2026-08-14,0.934,0.689,1.264,0.828,1.06,rt,
mongbwalu,2026-08-15,0.99,0.721,1.374,0.872,1.132,rt,
mongbwalu,2026-08-16,1.046,0.749,1.491,0.918,1.209,rt,
mongbwalu,2026-08-17,1.124,0.77,1.655,0.969,1.309,rt,
mongbwalu,2026-08-18,1.186,0.862,1.653,1.043,1.359,rt,
mongbwalu,2026-08-19,1.251,0.938,1.668,1.116,1.412,rt,
mongbwalu,2026-08-20,1.316,1.008,1.721,1.187,1.468,rt,
mongbwalu,2026-08-21,1.394,1.072,1.825,1.247,1.548,rt,
mongbwalu,2026-08-22,1.468,1.113,1.937,1.308,1.646,rt,
mongbwalu,2026-08-23,1.547,1.132,2.127,1.356,1.75,rt,
mongbwalu,2026-08-24,1.634,1.141,2.328,1.417,1.879,rt,
mongbwalu,2026-08-25,1.632,1.197,2.22,1.443,1.845,rt,
mongbwalu,2026-08-26,1.629,1.229,2.107,1.458,1.805,rt,
mongbwalu,2026-08-27,1.612,1.253,2.06,1.46,1.779,rt,
mongbwalu,2026-08-28,1.589,1.238,2.03,1.44,1.761,rt,
mongbwalu,2026-08-29,1.565,1.204,2.058,1.403,1.75,rt,
mongbwalu,2026-08-30,1.538,1.137,2.077,1.371,1.741,rt,
mongbwalu,2026-08-31,1.494,1.052,2.095,1.297,1.719,rt,
mongbwalu,2026-09-01,1.403,1.012,1.893,1.231,1.583,rt,
mongbwalu,2026-09-02,1.311,0.96,1.723,1.156,1.459,rt,
mongbwalu,2026-09-03,1.217,0.903,1.579,1.078,1.352,rt,
mongbwalu,2026-09-04,1.125,0.83,1.453,0.997,1.249,rt,
mongbwalu,2026-09-05,1.033,0.741,1.374,0.913,1.158,rt,
mongbwalu,2026-09-06,0.942,0.646,1.295,0.826,1.073,rt,
mongbwalu,2026-09-07,0.845,0.553,1.21,0.73,0.989,rt,
mongbwalu,2026-09-08,0.793,0.537,1.103,0.689,0.915,rt,
mongbwalu,2026-09-09,0.741,0.513,1.004,0.644,0.846,rt,
mongbwalu,2026-09-10,0.693,0.481,0.934,0.603,0.78,rt,
mongbwalu,2026-09-11,0.64,0.443,0.874,0.555,0.729,rt,
mongbwalu,2026-09-12,0.593,0.396,0.829,0.505,0.68,rt,
mongbwalu,2026-09-13,0.545,0.345,0.801,0.456,0.638,rt,
mongbwalu,2026-09-14,0.504,0.295,0.776,0.409,0.602,rt,
mongbwalu,2026-09-15,0.495,0.303,0.745,0.41,0.588,rt,
mongbwalu,2026-09-16,0.489,0.302,0.724,0.404,0.579,rt,
mongbwalu,2026-09-17,0.485,0.296,0.714,0.402,0.574,rt,
mongbwalu,2026-09-18,0.483,0.285,0.72,0.397,0.569,rt,
mongbwalu,2026-09-19,0.477,0.274,0.736,0.392,0.57,rt,
mongbwalu,2026-09-20,0.475,0.263,0.762,0.381,0.582,rt,
mongbwalu,2026-09-21,0.472,0.247,0.805,0.372,0.604,rt,
mongbwalu,2026-09-22,0.479,0.25,0.816,0.381,0.605,rt,
mongbwalu,2026-09-23,0.483,0.25,0.838,0.383,0.615,rt,
mongbwalu,2026-09-24,0.486,0.248,0.866,0.384,0.629,rt,
mongbwalu,2026-09-25,0.491,0.239,0.904,0.38,0.646,rt,
mongbwalu,2026-09-26,0.496,0.23,0.957,0.373,0.659,rt,
mongbwalu,2026-09-27,0.499,0.219,1.018,0.366,0.681,rt,
mongbwalu,2026-09-28,0.496,0.206,1.085,0.357,0.695,rt,
mongbwalu,2026-09-29,0.492,0.213,1.049,0.356,0.697,rt,
mongbwalu,2026-09-30,0.491,0.214,1.073,0.357,0.69,rt,
mongbwalu,2026-10-01,0.489,0.212,1.071,0.355,0.697,rt,
mongbwalu,2026-10-02,0.486,0.202,1.088,0.347,0.696,rt,
mongbwalu,2026-10-03,0.483,0.194,1.134,0.339,0.694,rt,
mongbwalu,2026-10-04,0.479,0.18,1.181,0.328,0.693,rt,
mongbwalu,2026-10-05,0.475,0.17,1.227,0.316,0.699,rt,
mongbwalu,2026-10-06,0.521,0.173,1.347,0.327,0.785,rt,
nia_nia,2026-06-04,2.936,1.771,4.867,2.396,3.616,rt,
nia_nia,2026-06-05,2.888,1.802,4.787,2.379,3.53,rt,
nia_nia,2026-06-06,2.839,1.752,4.771,2.321,3.489,rt,
nia_nia,2026-06-07,2.768,1.661,4.781,2.243,3.484,rt,
nia_nia,2026-06-08,2.703,1.535,4.889,2.161,3.451,rt,
nia_nia,2026-06-09,2.623,1.59,4.411,2.112,3.248,rt,
nia_nia,2026-06-10,2.54,1.613,4.053,2.094,3.068,rt,
nia_nia,2026-06-11,2.444,1.582,3.737,2.034,2.939,rt,
nia_nia,2026-06-12,2.355,1.546,3.585,1.968,2.833,rt,
nia_nia,2026-06-13,2.283,1.455,3.514,1.877,2.733,rt,
nia_nia,2026-06-14,2.189,1.325,3.505,1.778,2.659,rt,
nia_nia,2026-06-15,2.093,1.188,3.501,1.687,2.614,rt,
nia_nia,2026-06-16,2.039,1.269,3.238,1.682,2.509,rt,
nia_nia,2026-06-17,2.003,1.309,3.035,1.692,2.393,rt,
nia_nia,2026-06-18,1.964,1.336,2.892,1.679,2.292,rt,
nia_nia,2026-06-19,1.926,1.323,2.849,1.653,2.237,rt,
nia_nia,2026-06-20,1.891,1.261,2.885,1.606,2.227,rt,
nia_nia,2026-06-21,1.87,1.194,2.91,1.551,2.214,rt,
nia_nia,2026-06-22,1.863,1.12,3.037,1.503,2.259,rt,
nia_nia,2026-06-23,1.82,1.166,2.797,1.51,2.163,rt,
nia_nia,2026-06-24,1.772,1.205,2.584,1.506,2.089,rt,
nia_nia,2026-06-25,1.742,1.204,2.464,1.499,2.026,rt,
nia_nia,2026-06-26,1.698,1.18,2.419,1.468,1.963,rt,
nia_nia,2026-06-27,1.66,1.113,2.373,1.42,1.923,rt,
nia_nia,2026-06-28,1.621,1.021,2.411,1.36,1.911,rt,
nia_nia,2026-06-29,1.54,0.907,2.454,1.253,1.861,rt,
nia_nia,2026-06-30,1.494,0.951,2.233,1.257,1.762,rt,
nia_nia,2026-07-01,1.457,0.996,2.069,1.253,1.692,rt,
nia_nia,2026-07-02,1.421,1.007,1.938,1.233,1.631,rt,
nia_nia,2026-07-03,1.394,0.986,1.908,1.209,1.589,rt,
nia_nia,2026-07-04,1.363,0.931,1.923,1.179,1.572,rt,
nia_nia,2026-07-05,1.336,0.852,1.988,1.13,1.565,rt,
nia_nia,2026-07-06,1.313,0.779,2.081,1.074,1.594,rt,
nia_nia,2026-07-07,1.335,0.847,1.951,1.114,1.571,rt,
nia_nia,2026-07-08,1.347,0.917,1.881,1.155,1.543,rt,
nia_nia,2026-07-09,1.363,0.963,1.833,1.182,1.537,rt,
nia_nia,2026-07-10,1.375,0.971,1.848,1.208,1.556,rt,
nia_nia,2026-07-11,1.393,0.972,1.904,1.21,1.589,rt,
nia_nia,2026-07-12,1.407,0.947,2.006,1.19,1.634,rt,
nia_nia,2026-07-13,1.406,0.9,2.112,1.167,1.693,rt,
nia_nia,2026-07-14,1.436,0.975,2.052,1.223,1.671,rt,
nia_nia,2026-07-15,1.466,1.05,2.0,1.277,1.666,rt,
nia_nia,2026-07-16,1.489,1.101,2.007,1.311,1.677,rt,
nia_nia,2026-07-17,1.521,1.115,2.038,1.337,1.709,rt,
nia_nia,2026-07-18,1.542,1.109,2.122,1.349,1.763,rt,
nia_nia,2026-07-19,1.578,1.064,2.274,1.346,1.822,rt,
nia_nia,2026-07-20,1.596,1.018,2.436,1.332,1.897,rt,
nia_nia,2026-07-21,1.568,1.066,2.23,1.336,1.824,rt,
nia_nia,2026-07-22,1.534,1.101,2.091,1.348,1.75,rt,
nia_nia,2026-07-23,1.503,1.111,1.998,1.333,1.689,rt,
nia_nia,2026-07-24,1.468,1.095,1.963,1.308,1.651,rt,
nia_nia,2026-07-25,1.426,1.042,1.988,1.263,1.635,rt,
nia_nia,2026-07-26,1.395,0.963,2.026,1.205,1.624,rt,
nia_nia,2026-07-27,1.365,0.886,2.117,1.153,1.638,rt,
nia_nia,2026-07-28,1.283,0.892,1.861,1.101,1.501,rt,
nia_nia,2026-07-29,1.2,0.87,1.672,1.05,1.377,rt,
nia_nia,2026-07-30,1.128,0.803,1.53,0.994,1.279,rt,
nia_nia,2026-07-31,1.05,0.733,1.438,0.916,1.188,rt,
nia_nia,2026-08-01,0.98,0.646,1.387,0.835,1.118,rt,
nia_nia,2026-08-02,0.908,0.561,1.359,0.753,1.059,rt,
nia_nia,2026-08-03,0.838,0.479,1.331,0.674,1.003,rt,
nia_nia,2026-08-04,0.791,0.486,1.198,0.66,0.937,rt,
nia_nia,2026-08-05,0.745,0.485,1.079,0.632,0.876,rt,
nia_nia,2026-08-06,0.704,0.471,1.012,0.602,0.827,rt,
nia_nia,2026-08-07,0.665,0.443,0.947,0.568,0.777,rt,
nia_nia,2026-08-08,0.627,0.4,0.9,0.53,0.742,rt,
nia_nia,2026-08-09,0.591,0.356,0.885,0.49,0.711,rt,
nia_nia,2026-08-10,0.554,0.317,0.874,0.445,0.677,rt,
nia_nia,2026-08-11,0.547,0.337,0.83,0.456,0.659,rt,
nia_nia,2026-08-12,0.543,0.35,0.795,0.459,0.645,rt,
nia_nia,2026-08-13,0.542,0.351,0.779,0.464,0.636,rt,
nia_nia,2026-08-14,0.543,0.353,0.781,0.463,0.63,rt,
nia_nia,2026-08-15,0.54,0.34,0.797,0.458,0.64,rt,
nia_nia,2026-08-16,0.539,0.329,0.824,0.446,0.65,rt,
nia_nia,2026-08-17,0.544,0.303,0.879,0.431,0.669,rt,
nia_nia,2026-08-18,0.583,0.346,0.887,0.473,0.699,rt,
nia_nia,2026-08-19,0.622,0.39,0.905,0.521,0.738,rt,
nia_nia,2026-08-20,0.662,0.433,0.943,0.567,0.77,rt,
nia_nia,2026-08-21,0.71,0.468,1.007,0.613,0.829,rt,
nia_nia,2026-08-22,0.763,0.489,1.108,0.652,0.896,rt,
nia_nia,2026-08-23,0.812,0.501,1.226,0.685,0.959,rt,
nia_nia,2026-08-24,0.877,0.518,1.388,0.721,1.054,rt,
nia_nia,2026-08-25,0.97,0.616,1.436,0.82,1.133,rt,
nia_nia,2026-08-26,1.068,0.73,1.481,0.925,1.217,rt,
nia_nia,2026-08-27,1.175,0.844,1.565,1.032,1.317,rt,
nia_nia,2026-08-28,1.287,0.934,1.709,1.127,1.435,rt,
nia_nia,2026-08-29,1.403,1.018,1.911,1.222,1.581,rt,
nia_nia,2026-08-30,1.518,1.065,2.175,1.303,1.743,rt,
nia_nia,2026-08-31,1.621,1.084,2.442,1.38,1.909,rt,
nia_nia,2026-09-01,1.602,1.13,2.265,1.404,1.837,rt,
nia_nia,2026-09-02,1.579,1.178,2.117,1.406,1.791,rt,
nia_nia,2026-09-03,1.558,1.198,2.054,1.396,1.752,rt,
nia_nia,2026-09-04,1.525,1.175,1.979,1.369,1.704,rt,
nia_nia,2026-09-05,1.483,1.116,1.981,1.326,1.668,rt,
nia_nia,2026-09-06,1.439,1.034,1.995,1.263,1.651,rt,
nia_nia,2026-09-07,1.381,0.928,2.014,1.177,1.608,rt,
nia_nia,2026-09-08,1.281,0.896,1.768,1.109,1.467,rt,
nia_nia,2026-09-09,1.19,0.85,1.584,1.038,1.345,rt,
nia_nia,2026-09-10,1.101,0.792,1.453,0.963,1.237,rt,
nia_nia,2026-09-11,1.015,0.713,1.362,0.878,1.145,rt,
nia_nia,2026-09-12,0.922,0.618,1.289,0.795,1.067,rt,
nia_nia,2026-09-13,0.842,0.538,1.234,0.712,0.998,rt,
nia_nia,2026-09-14,0.77,0.456,1.199,0.632,0.932,rt,
nia_nia,2026-09-15,0.721,0.438,1.086,0.6,0.865,rt,
nia_nia,2026-09-16,0.682,0.41,1.002,0.564,0.807,rt,
nia_nia,2026-09-17,0.643,0.378,0.945,0.531,0.766,rt,
nia_nia,2026-09-18,0.606,0.354,0.916,0.498,0.727,rt,
nia_nia,2026-09-19,0.571,0.322,0.895,0.461,0.696,rt,
nia_nia,2026-09-20,0.538,0.29,0.889,0.42,0.673,rt,
nia_nia,2026-09-21,0.512,0.256,0.916,0.392,0.659,rt,
nia_nia,2026-09-22,0.512,0.259,0.889,0.398,0.657,rt,
nia_nia,2026-09-23,0.511,0.253,0.898,0.395,0.655,rt,
nia_nia,2026-09-24,0.512,0.252,0.922,0.389,0.658,rt,
nia_nia,2026-09-25,0.516,0.239,0.952,0.383,0.667,rt,
nia_nia,2026-09-26,0.513,0.227,0.982,0.371,0.677,rt,
nia_nia,2026-09-27,0.508,0.209,1.026,0.358,0.691,rt,
nia_nia,2026-09-28,0.496,0.191,1.082,0.343,0.7,rt,
nia_nia,2026-09-29,0.494,0.188,1.077,0.344,0.695,rt,
nia_nia,2026-09-30,0.492,0.188,1.083,0.344,0.698,rt,
nia_nia,2026-10-01,0.487,0.186,1.117,0.35,0.703,rt,
nia_nia,2026-10-02,0.486,0.183,1.124,0.337,0.702,rt,
nia_nia,2026-10-03,0.483,0.178,1.143,0.326,0.705,rt,
nia_nia,2026-10-04,0.479,0.168,1.196,0.314,0.7,rt,
nia_nia,2026-10-05,0.475,0.158,1.258,0.299,0.705,rt,
nia_nia,2026-10-06,0.51,0.147,1.483,0.317,0.807,rt,
nizi,2026-05-23,1.94,1.283,2.878,1.652,2.265,rt,
nizi,2026-05-24,1.888,1.205,2.852,1.591,2.235,rt,
nizi,2026-05-25,1.823,1.137,2.816,1.518,2.212,rt,
nizi,2026-05-26,1.843,1.183,2.773,1.552,2.178,rt,
nizi,2026-05-27,1.868,1.227,2.704,1.592,2.17,rt,
nizi,2026-05-28,1.894,1.271,2.672,1.622,2.186,rt,
nizi,2026-05-29,1.92,1.297,2.687,1.657,2.199,rt,
nizi,2026-05-30,1.947,1.325,2.725,1.68,2.236,rt,
nizi,2026-05-31,1.973,1.335,2.779,1.7,2.276,rt,
nizi,2026-06-01,1.995,1.345,2.911,1.719,2.342,rt,
nizi,2026-06-02,2.078,1.456,2.956,1.822,2.41,rt,
nizi,2026-06-03,2.16,1.56,2.99,1.923,2.475,rt,
nizi,2026-06-04,2.249,1.672,3.05,1.999,2.541,rt,
nizi,2026-06-05,2.331,1.76,3.14,2.064,2.616,rt,
nizi,2026-06-06,2.376,1.796,3.226,2.128,2.696,rt,
nizi,2026-06-07,2.418,1.819,3.313,2.163,2.761,rt,
nizi,2026-06-08,2.465,1.818,3.459,2.176,2.842,rt,
nizi,2026-06-09,2.47,1.884,3.361,2.212,2.806,rt,
nizi,2026-06-10,2.472,1.921,3.273,2.23,2.783,rt,
nizi,2026-06-11,2.479,1.938,3.256,2.24,2.779,rt,
nizi,2026-06-12,2.484,1.944,3.246,2.245,2.761,rt,
nizi,2026-06-13,2.487,1.93,3.241,2.24,2.766,rt,
nizi,2026-06-14,2.484,1.907,3.277,2.22,2.759,rt,
nizi,2026-06-15,2.485,1.857,3.328,2.201,2.783,rt,
nizi,2026-06-16,2.45,1.889,3.22,2.184,2.719,rt,
nizi,2026-06-17,2.421,1.926,3.112,2.185,2.673,rt,
nizi,2026-06-18,2.384,1.92,3.038,2.163,2.624,rt,
nizi,2026-06-19,2.359,1.912,2.977,2.15,2.591,rt,
nizi,2026-06-20,2.331,1.876,2.946,2.125,2.57,rt,
nizi,2026-06-21,2.311,1.832,2.946,2.086,2.547,rt,
nizi,2026-06-22,2.308,1.796,2.99,2.072,2.563,rt,
nizi,2026-06-23,2.284,1.818,2.884,2.069,2.498,rt,
nizi,2026-06-24,2.249,1.827,2.816,2.056,2.452,rt,
nizi,2026-06-25,2.218,1.818,2.766,2.027,2.42,rt,
nizi,2026-06-26,2.168,1.79,2.724,1.999,2.37,rt,
nizi,2026-06-27,2.132,1.736,2.681,1.949,2.328,rt,
nizi,2026-06-28,2.089,1.672,2.684,1.897,2.296,rt,
nizi,2026-06-29,1.993,1.574,2.611,1.809,2.22,rt,
nizi,2026-06-30,1.871,1.508,2.377,1.707,2.065,rt,
nizi,2026-07-01,1.756,1.447,2.183,1.613,1.922,rt,
nizi,2026-07-02,1.652,1.373,2.027,1.522,1.799,rt,
nizi,2026-07-03,1.557,1.295,1.909,1.433,1.685,rt,
nizi,2026-07-04,1.467,1.2,1.817,1.349,1.586,rt,
nizi,2026-07-05,1.381,1.106,1.726,1.257,1.503,rt,
nizi,2026-07-06,1.309,1.015,1.66,1.177,1.443,rt,
nizi,2026-07-07,1.256,1.002,1.559,1.148,1.372,rt,
nizi,2026-07-08,1.206,0.985,1.474,1.115,1.309,rt,
nizi,2026-07-09,1.16,0.963,1.4,1.077,1.252,rt,
nizi,2026-07-10,1.118,0.93,1.342,1.036,1.202,rt,
nizi,2026-07-11,1.073,0.885,1.296,0.996,1.162,rt,
nizi,2026-07-12,1.032,0.83,1.265,0.949,1.121,rt,
nizi,2026-07-13,0.987,0.769,1.233,0.893,1.076,rt,
nizi,2026-07-14,0.979,0.778,1.199,0.894,1.057,rt,
nizi,2026-07-15,0.972,0.792,1.165,0.895,1.044,rt,
nizi,2026-07-16,0.961,0.79,1.139,0.889,1.029,rt,
nizi,2026-07-17,0.953,0.782,1.12,0.883,1.019,rt,
nizi,2026-07-18,0.941,0.766,1.122,0.87,1.012,rt,
nizi,2026-07-19,0.928,0.746,1.129,0.854,1.004,rt,
nizi,2026-07-20,0.914,0.72,1.135,0.836,1.0,rt,
nizi,2026-07-21,0.917,0.737,1.11,0.842,0.99,rt,
nizi,2026-07-22,0.913,0.752,1.094,0.848,0.981,rt,
nizi,2026-07-23,0.912,0.759,1.082,0.851,0.974,rt,
nizi,2026-07-24,0.911,0.767,1.078,0.849,0.968,rt,
nizi,2026-07-25,0.907,0.758,1.077,0.846,0.973,rt,
nizi,2026-07-26,0.902,0.738,1.096,0.832,0.977,rt,
nizi,2026-07-27,0.9,0.711,1.116,0.823,0.984,rt,
nizi,2026-07-28,0.915,0.746,1.104,0.845,0.984,rt,
nizi,2026-07-29,0.926,0.768,1.098,0.862,0.991,rt,
nizi,2026-07-30,0.935,0.785,1.098,0.873,0.996,rt,
nizi,2026-07-31,0.939,0.784,1.098,0.879,1.002,rt,
nizi,2026-08-01,0.94,0.776,1.118,0.88,1.009,rt,
nizi,2026-08-02,0.943,0.759,1.133,0.87,1.018,rt,
nizi,2026-08-03,0.942,0.735,1.162,0.857,1.027,rt,
nizi,2026-08-04,0.934,0.752,1.131,0.862,1.012,rt,
nizi,2026-08-05,0.929,0.767,1.111,0.86,1.002,rt,
nizi,2026-08-06,0.922,0.766,1.095,0.855,0.994,rt,
nizi,2026-08-07,0.911,0.762,1.085,0.849,0.98,rt,
nizi,2026-08-08,0.9,0.748,1.078,0.835,0.97,rt,
nizi,2026-08-09,0.885,0.723,1.083,0.817,0.964,rt,
nizi,2026-08-10,0.866,0.685,1.079,0.789,0.948,rt,
nizi,2026-08-11,0.837,0.677,1.027,0.766,0.905,rt,
nizi,2026-08-12,0.806,0.663,0.98,0.742,0.868,rt,
nizi,2026-08-13,0.775,0.637,0.939,0.719,0.836,rt,
nizi,2026-08-14,0.746,0.615,0.906,0.695,0.805,rt,
nizi,2026-08-15,0.718,0.583,0.882,0.663,0.776,rt,
nizi,2026-08-16,0.689,0.546,0.861,0.63,0.754,rt,
nizi,2026-08-17,0.667,0.511,0.861,0.603,0.742,rt,
nizi,2026-08-18,0.655,0.512,0.83,0.596,0.719,rt,
nizi,2026-08-19,0.641,0.511,0.801,0.585,0.703,rt,
nizi,2026-08-20,0.627,0.501,0.774,0.573,0.686,rt,
nizi,2026-08-21,0.616,0.492,0.758,0.563,0.675,rt,
nizi,2026-08-22,0.605,0.477,0.746,0.549,0.665,rt,
nizi,2026-08-23,0.592,0.454,0.743,0.533,0.652,rt,
nizi,2026-08-24,0.584,0.432,0.749,0.519,0.649,rt,
nizi,2026-08-25,0.594,0.448,0.747,0.531,0.654,rt,
nizi,2026-08-26,0.6,0.461,0.746,0.542,0.659,rt,
nizi,2026-08-27,0.604,0.47,0.749,0.549,0.665,rt,
nizi,2026-08-28,0.607,0.474,0.759,0.555,0.67,rt,
nizi,2026-08-29,0.612,0.47,0.774,0.553,0.678,rt,
nizi,2026-08-30,0.612,0.459,0.79,0.548,0.683,rt,
nizi,2026-08-31,0.604,0.436,0.803,0.536,0.68,rt,
nizi,2026-09-01,0.622,0.462,0.802,0.558,0.692,rt,
nizi,2026-09-02,0.638,0.487,0.809,0.576,0.706,rt,
nizi,2026-09-03,0.653,0.506,0.82,0.592,0.718,rt,
nizi,2026-09-04,0.662,0.513,0.827,0.601,0.727,rt,
nizi,2026-09-05,0.669,0.517,0.841,0.607,0.737,rt,
nizi,2026-09-06,0.674,0.511,0.864,0.605,0.748,rt,
nizi,2026-09-07,0.667,0.488,0.885,0.589,0.752,rt,
nizi,2026-09-08,0.672,0.503,0.863,0.597,0.748,rt,
nizi,2026-09-09,0.674,0.512,0.855,0.603,0.746,rt,
nizi,2026-09-10,0.673,0.516,0.854,0.603,0.745,rt,
nizi,2026-09-11,0.668,0.511,0.851,0.6,0.74,rt,
nizi,2026-09-12,0.66,0.501,0.859,0.588,0.74,rt,
nizi,2026-09-13,0.653,0.48,0.885,0.572,0.742,rt,
nizi,2026-09-14,0.642,0.45,0.904,0.555,0.745,rt,
nizi,2026-09-15,0.655,0.469,0.916,0.572,0.753,rt,
nizi,2026-09-16,0.667,0.485,0.917,0.588,0.763,rt,
nizi,2026-09-17,0.682,0.502,0.934,0.6,0.784,rt,
nizi,2026-09-18,0.701,0.501,0.96,0.611,0.812,rt,
nizi,2026-09-19,0.722,0.504,1.013,0.622,0.839,rt,
nizi,2026-09-20,0.74,0.498,1.069,0.629,0.874,rt,
nizi,2026-09-21,0.767,0.492,1.156,0.639,0.914,rt,
nizi,2026-09-22,0.772,0.494,1.159,0.645,0.921,rt,
nizi,2026-09-23,0.778,0.498,1.169,0.645,0.926,rt,
nizi,2026-09-24,0.776,0.492,1.199,0.648,0.933,rt,
nizi,2026-09-25,0.782,0.466,1.221,0.638,0.948,rt,
nizi,2026-09-26,0.779,0.443,1.274,0.627,0.963,rt,
nizi,2026-09-27,0.775,0.411,1.314,0.612,0.981,rt,
nizi,2026-09-28,0.77,0.385,1.356,0.592,0.995,rt,
nizi,2026-09-29,0.758,0.381,1.357,0.582,0.991,rt,
nizi,2026-09-30,0.753,0.37,1.362,0.573,0.977,rt,
nizi,2026-10-01,0.743,0.365,1.392,0.562,0.978,rt,
nizi,2026-10-02,0.732,0.346,1.391,0.548,0.966,rt,
nizi,2026-10-03,0.718,0.321,1.416,0.527,0.964,rt,
nizi,2026-10-04,0.707,0.293,1.473,0.502,0.964,rt,
nizi,2026-10-05,0.692,0.269,1.531,0.477,0.957,rt,
nizi,2026-10-06,0.707,0.26,1.594,0.482,0.982,rt,
nyankunde,2026-05-03,2.274,1.293,4.174,1.8,2.898,rt,
nyankunde,2026-05-04,2.273,1.255,4.204,1.791,2.911,rt,
nyankunde,2026-05-05,2.285,1.305,4.153,1.832,2.906,rt,
nyankunde,2026-05-06,2.299,1.356,4.038,1.858,2.892,rt,
nyankunde,2026-05-07,2.311,1.388,4.044,1.875,2.901,rt,
nyankunde,2026-05-08,2.302,1.397,3.936,1.866,2.873,rt,
nyankunde,2026-05-09,2.298,1.406,3.874,1.859,2.848,rt,
nyankunde,2026-05-10,2.277,1.391,3.928,1.837,2.826,rt,
nyankunde,2026-05-11,2.184,1.315,3.85,1.733,2.729,rt,
nyankunde,2026-05-12,2.116,1.318,3.597,1.707,2.587,rt,
nyankunde,2026-05-13,2.047,1.301,3.425,1.681,2.49,rt,
nyankunde,2026-05-14,1.984,1.284,3.291,1.644,2.418,rt,
nyankunde,2026-05-15,1.91,1.218,3.184,1.602,2.312,rt,
nyankunde,2026-05-16,1.84,1.167,3.029,1.55,2.222,rt,
nyankunde,2026-05-17,1.782,1.128,2.943,1.482,2.149,rt,
nyankunde,2026-05-18,1.716,1.057,2.915,1.419,2.096,rt,
nyankunde,2026-05-19,1.687,1.076,2.748,1.412,2.036,rt,
nyankunde,2026-05-20,1.651,1.087,2.614,1.403,1.988,rt,
nyankunde,2026-05-21,1.61,1.082,2.547,1.382,1.931,rt,
nyankunde,2026-05-22,1.575,1.06,2.436,1.351,1.87,rt,
nyankunde,2026-05-23,1.539,1.026,2.362,1.313,1.822,rt,
nyankunde,2026-05-24,1.49,0.973,2.318,1.263,1.778,rt,
nyankunde,2026-05-25,1.441,0.917,2.301,1.205,1.733,rt,
nyankunde,2026-05-26,1.421,0.936,2.19,1.209,1.68,rt,
nyankunde,2026-05-27,1.409,0.955,2.097,1.222,1.648,rt,
nyankunde,2026-05-28,1.397,0.985,2.027,1.227,1.618,rt,
nyankunde,2026-05-29,1.385,0.988,2.013,1.212,1.607,rt,
nyankunde,2026-05-30,1.38,0.976,1.995,1.203,1.601,rt,
nyankunde,2026-05-31,1.377,0.939,2.041,1.183,1.604,rt,
nyankunde,2026-06-01,1.376,0.901,2.082,1.168,1.622,rt,
nyankunde,2026-06-02,1.365,0.937,1.974,1.182,1.594,rt,
nyankunde,2026-06-03,1.351,0.965,1.903,1.19,1.566,rt,
nyankunde,2026-06-04,1.343,0.961,1.857,1.181,1.533,rt,
nyankunde,2026-06-05,1.324,0.953,1.823,1.166,1.494,rt,
nyankunde,2026-06-06,1.293,0.928,1.801,1.142,1.472,rt,
nyankunde,2026-06-07,1.256,0.891,1.794,1.101,1.44,rt,
nyankunde,2026-06-08,1.214,0.843,1.784,1.043,1.406,rt,
nyankunde,2026-06-09,1.155,0.821,1.64,1.008,1.332,rt,
nyankunde,2026-06-10,1.101,0.795,1.523,0.964,1.256,rt,
nyankunde,2026-06-11,1.044,0.754,1.433,0.919,1.186,rt,
nyankunde,2026-06-12,0.99,0.717,1.357,0.871,1.124,rt,
nyankunde,2026-06-13,0.937,0.669,1.285,0.812,1.076,rt,
nyankunde,2026-06-14,0.883,0.618,1.248,0.763,1.029,rt,
nyankunde,2026-06-15,0.833,0.563,1.225,0.715,0.989,rt,
nyankunde,2026-06-16,0.796,0.556,1.139,0.693,0.935,rt,
nyankunde,2026-06-17,0.765,0.54,1.066,0.67,0.886,rt,
nyankunde,2026-06-18,0.731,0.519,1.011,0.642,0.843,rt,
nyankunde,2026-06-19,0.703,0.496,0.958,0.616,0.808,rt,
nyankunde,2026-06-20,0.675,0.467,0.929,0.584,0.777,rt,
nyankunde,2026-06-21,0.643,0.434,0.913,0.552,0.752,rt,
nyankunde,2026-06-22,0.623,0.403,0.917,0.53,0.739,rt,
nyankunde,2026-06-23,0.625,0.41,0.885,0.534,0.728,rt,
nyankunde,2026-06-24,0.624,0.417,0.864,0.535,0.718,rt,
nyankunde,2026-06-25,0.619,0.417,0.854,0.537,0.71,rt,
nyankunde,2026-06-26,0.613,0.41,0.847,0.531,0.707,rt,
nyankunde,2026-06-27,0.603,0.396,0.852,0.521,0.703,rt,
nyankunde,2026-06-28,0.597,0.382,0.865,0.507,0.701,rt,
nyankunde,2026-06-29,0.578,0.354,0.866,0.484,0.69,rt,
nyankunde,2026-06-30,0.58,0.372,0.842,0.499,0.679,rt,
nyankunde,2026-07-01,0.585,0.387,0.821,0.507,0.674,rt,
nyankunde,2026-07-02,0.59,0.403,0.814,0.512,0.676,rt,
nyankunde,2026-07-03,0.596,0.414,0.816,0.515,0.68,rt,
nyankunde,2026-07-04,0.602,0.412,0.83,0.518,0.689,rt,
nyankunde,2026-07-05,0.608,0.408,0.856,0.516,0.703,rt,
nyankunde,2026-07-06,0.615,0.402,0.896,0.52,0.72,rt,
nyankunde,2026-07-07,0.635,0.425,0.905,0.546,0.738,rt,
nyankunde,2026-07-08,0.655,0.452,0.911,0.57,0.756,rt,
nyankunde,2026-07-09,0.675,0.47,0.927,0.594,0.774,rt,
nyankunde,2026-07-10,0.696,0.487,0.966,0.613,0.799,rt,
nyankunde,2026-07-11,0.718,0.502,1.007,0.631,0.828,rt,
nyankunde,2026-07-12,0.74,0.509,1.07,0.642,0.861,rt,
nyankunde,2026-07-13,0.758,0.508,1.134,0.646,0.895,rt,
nyankunde,2026-07-14,0.764,0.533,1.105,0.659,0.889,rt,
nyankunde,2026-07-15,0.767,0.548,1.083,0.669,0.886,rt,
nyankunde,2026-07-16,0.771,0.558,1.071,0.675,0.891,rt,
nyankunde,2026-07-17,0.777,0.557,1.067,0.677,0.89,rt,
nyankunde,2026-07-18,0.781,0.546,1.09,0.678,0.902,rt,
nyankunde,2026-07-19,0.784,0.528,1.123,0.672,0.908,rt,
nyankunde,2026-07-20,0.786,0.508,1.173,0.662,0.921,rt,
nyankunde,2026-07-21,0.78,0.522,1.118,0.667,0.906,rt,
nyankunde,2026-07-22,0.771,0.531,1.08,0.667,0.894,rt,
nyankunde,2026-07-23,0.767,0.529,1.063,0.662,0.884,rt,
nyankunde,2026-07-24,0.764,0.523,1.068,0.655,0.875,rt,
nyankunde,2026-07-25,0.751,0.51,1.084,0.644,0.874,rt,
nyankunde,2026-07-26,0.744,0.486,1.111,0.633,0.872,rt,
nyankunde,2026-07-27,0.736,0.469,1.146,0.616,0.877,rt,
nyankunde,2026-07-28,0.737,0.476,1.092,0.618,0.867,rt,
nyankunde,2026-07-29,0.735,0.481,1.068,0.62,0.852,rt,
nyankunde,2026-07-30,0.731,0.485,1.041,0.622,0.85,rt,
nyankunde,2026-07-31,0.722,0.476,1.028,0.612,0.838,rt,
nyankunde,2026-08-01,0.711,0.463,1.035,0.601,0.833,rt,
nyankunde,2026-08-02,0.7,0.449,1.038,0.591,0.83,rt,
nyankunde,2026-08-03,0.687,0.431,1.059,0.57,0.819,rt,
nyankunde,2026-08-04,0.692,0.451,1.028,0.584,0.814,rt,
nyankunde,2026-08-05,0.696,0.467,1.014,0.595,0.811,rt,
nyankunde,2026-08-06,0.698,0.472,0.995,0.605,0.813,rt,
nyankunde,2026-08-07,0.699,0.473,1.002,0.609,0.816,rt,
nyankunde,2026-08-08,0.699,0.469,1.015,0.603,0.816,rt,
nyankunde,2026-08-09,0.699,0.46,1.027,0.599,0.821,rt,
nyankunde,2026-08-10,0.696,0.44,1.051,0.587,0.822,rt,
nyankunde,2026-08-11,0.697,0.455,1.023,0.595,0.814,rt,
nyankunde,2026-08-12,0.698,0.469,1.009,0.603,0.811,rt,
nyankunde,2026-08-13,0.705,0.475,0.997,0.603,0.807,rt,
nyankunde,2026-08-14,0.71,0.481,1.002,0.605,0.814,rt,
nyankunde,2026-08-15,0.707,0.474,1.032,0.603,0.823,rt,
nyankunde,2026-08-16,0.708,0.467,1.05,0.602,0.834,rt,
nyankunde,2026-08-17,0.716,0.457,1.093,0.599,0.851,rt,
nyankunde,2026-08-18,0.723,0.468,1.067,0.613,0.846,rt,
nyankunde,2026-08-19,0.731,0.479,1.06,0.625,0.844,rt,
nyankunde,2026-08-20,0.737,0.487,1.05,0.63,0.846,rt,
nyankunde,2026-08-21,0.744,0.495,1.061,0.635,0.86,rt,
nyankunde,2026-08-22,0.747,0.497,1.08,0.638,0.873,rt,
nyankunde,2026-08-23,0.751,0.499,1.121,0.637,0.889,rt,
nyankunde,2026-08-24,0.762,0.494,1.181,0.638,0.916,rt,
nyankunde,2026-08-25,0.784,0.518,1.183,0.659,0.93,rt,
nyankunde,2026-08-26,0.803,0.535,1.182,0.684,0.949,rt,
nyankunde,2026-08-27,0.82,0.555,1.197,0.702,0.963,rt,
nyankunde,2026-08-28,0.843,0.56,1.23,0.716,0.98,rt,
nyankunde,2026-08-29,0.858,0.559,1.264,0.723,0.996,rt,
nyankunde,2026-08-30,0.861,0.557,1.316,0.732,1.024,rt,
nyankunde,2026-08-31,0.86,0.548,1.364,0.723,1.034,rt,
nyankunde,2026-09-01,0.88,0.572,1.348,0.752,1.051,rt,
nyankunde,2026-09-02,0.906,0.593,1.333,0.777,1.066,rt,
nyankunde,2026-09-03,0.922,0.608,1.349,0.788,1.086,rt,
nyankunde,2026-09-04,0.936,0.605,1.379,0.798,1.104,rt,
nyankunde,2026-09-05,0.945,0.609,1.408,0.803,1.116,rt,
nyankunde,2026-09-06,0.946,0.604,1.458,0.801,1.14,rt,
nyankunde,2026-09-07,0.93,0.581,1.51,0.784,1.145,rt,
nyankunde,2026-09-08,0.922,0.586,1.462,0.779,1.119,rt,
nyankunde,2026-09-09,0.913,0.584,1.409,0.77,1.092,rt,
nyankunde,2026-09-10,0.896,0.575,1.394,0.755,1.074,rt,
nyankunde,2026-09-11,0.878,0.56,1.378,0.732,1.05,rt,
nyankunde,2026-09-12,0.855,0.532,1.378,0.708,1.04,rt,
nyankunde,2026-09-13,0.833,0.5,1.362,0.682,1.019,rt,
nyankunde,2026-09-14,0.816,0.473,1.374,0.653,1.001,rt,
nyankunde,2026-09-15,0.806,0.481,1.327,0.654,0.987,rt,
nyankunde,2026-09-16,0.8,0.481,1.295,0.657,0.974,rt,
nyankunde,2026-09-17,0.796,0.479,1.292,0.653,0.961,rt,
nyankunde,2026-09-18,0.795,0.477,1.287,0.647,0.964,rt,
nyankunde,2026-09-19,0.792,0.457,1.308,0.639,0.968,rt,
nyankunde,2026-09-20,0.785,0.451,1.34,0.626,0.977,rt,
nyankunde,2026-09-21,0.785,0.442,1.38,0.62,1.0,rt,
nyankunde,2026-09-22,0.785,0.451,1.373,0.622,0.993,rt,
nyankunde,2026-09-23,0.784,0.441,1.363,0.623,0.996,rt,
nyankunde,2026-09-24,0.782,0.44,1.364,0.619,0.991,rt,
nyankunde,2026-09-25,0.778,0.432,1.377,0.618,0.991,rt,
nyankunde,2026-09-26,0.779,0.421,1.412,0.618,0.999,rt,
nyankunde,2026-09-27,0.774,0.407,1.418,0.605,1.006,rt,
nyankunde,2026-09-28,0.758,0.384,1.466,0.588,1.004,rt,
nyankunde,2026-09-29,0.753,0.385,1.435,0.585,0.993,rt,
nyankunde,2026-09-30,0.746,0.383,1.43,0.579,0.986,rt,
nyankunde,2026-10-01,0.737,0.376,1.45,0.57,0.984,rt,
nyankunde,2026-10-02,0.728,0.364,1.461,0.561,0.977,rt,
nyankunde,2026-10-03,0.712,0.346,1.469,0.547,0.968,rt,
nyankunde,2026-10-04,0.704,0.326,1.516,0.529,0.968,rt,
nyankunde,2026-10-05,0.691,0.313,1.524,0.508,0.973,rt,
nyankunde,2026-10-06,0.718,0.303,1.595,0.512,1.016,rt,
rimba,2026-07-20,1.143,1.014,1.293,1.09,1.203,rt,
rimba,2026-07-21,1.137,1.012,1.273,1.087,1.193,rt,
rimba,2026-07-22,1.13,1.011,1.264,1.083,1.181,rt,
rimba,2026-07-23,1.123,1.005,1.252,1.076,1.173,rt,
rimba,2026-07-24,1.117,1.001,1.24,1.07,1.166,rt,
rimba,2026-07-25,1.108,0.994,1.231,1.06,1.158,rt,
rimba,2026-07-26,1.098,0.977,1.228,1.048,1.15,rt,
rimba,2026-07-27,1.092,0.964,1.23,1.038,1.145,rt,
rimba,2026-07-28,1.088,0.966,1.214,1.036,1.138,rt,
rimba,2026-07-29,1.082,0.969,1.204,1.032,1.131,rt,
rimba,2026-07-30,1.074,0.96,1.197,1.025,1.126,rt,
rimba,2026-07-31,1.064,0.956,1.179,1.017,1.11,rt,
rimba,2026-08-01,1.052,0.943,1.164,1.001,1.094,rt,
rimba,2026-08-02,1.036,0.92,1.153,0.985,1.082,rt,
rimba,2026-08-03,1.016,0.894,1.143,0.964,1.066,rt,
rimba,2026-08-04,1.013,0.898,1.127,0.96,1.059,rt,
rimba,2026-08-05,1.007,0.895,1.118,0.956,1.051,rt,
rimba,2026-08-06,1.0,0.889,1.113,0.95,1.046,rt,
rimba,2026-08-07,0.988,0.883,1.096,0.943,1.033,rt,
rimba,2026-08-08,0.976,0.868,1.087,0.931,1.021,rt,
rimba,2026-08-09,0.963,0.853,1.079,0.917,1.008,rt,
rimba,2026-08-10,0.941,0.829,1.065,0.894,0.987,rt,
rimba,2026-08-11,0.931,0.826,1.041,0.888,0.976,rt,
rimba,2026-08-12,0.923,0.821,1.029,0.879,0.965,rt,
rimba,2026-08-13,0.914,0.813,1.018,0.87,0.955,rt,
rimba,2026-08-14,0.905,0.808,1.001,0.864,0.943,rt,
rimba,2026-08-15,0.895,0.795,0.989,0.857,0.934,rt,
rimba,2026-08-16,0.884,0.779,0.98,0.844,0.924,rt,
rimba,2026-08-17,0.881,0.769,0.985,0.839,0.921,rt,
rimba,2026-08-18,0.885,0.773,0.987,0.843,0.922,rt,
rimba,2026-08-19,0.887,0.774,0.989,0.843,0.924,rt,
rimba,2026-08-20,0.887,0.775,0.993,0.843,0.928,rt,
rimba,2026-08-21,0.892,0.787,0.993,0.852,0.934,rt,
rimba,2026-08-22,0.895,0.792,0.999,0.856,0.94,rt,
rimba,2026-08-23,0.897,0.792,1.003,0.855,0.945,rt,
rimba,2026-08-24,0.91,0.798,1.02,0.862,0.96,rt,
rimba,2026-08-25,0.93,0.823,1.039,0.885,0.98,rt,
rimba,2026-08-26,0.949,0.844,1.061,0.904,0.997,rt,
rimba,2026-08-27,0.969,0.861,1.081,0.922,1.015,rt,
rimba,2026-08-28,0.984,0.878,1.091,0.938,1.027,rt,
rimba,2026-08-29,0.996,0.89,1.104,0.951,1.041,rt,
rimba,2026-08-30,1.008,0.897,1.117,0.958,1.05,rt,
rimba,2026-08-31,1.004,0.885,1.122,0.952,1.048,rt,
rimba,2026-09-01,1.012,0.899,1.127,0.961,1.057,rt,
rimba,2026-09-02,1.017,0.906,1.137,0.97,1.065,rt,
rimba,2026-09-03,1.022,0.908,1.144,0.976,1.073,rt,
rimba,2026-09-04,1.02,0.91,1.131,0.975,1.065,rt,
rimba,2026-09-05,1.014,0.906,1.125,0.969,1.059,rt,
rimba,2026-09-06,1.006,0.896,1.12,0.959,1.052,rt,
rimba,2026-09-07,0.983,0.86,1.103,0.934,1.029,rt,
rimba,2026-09-08,0.965,0.845,1.085,0.917,1.011,rt,
rimba,2026-09-09,0.946,0.827,1.064,0.895,0.994,rt,
rimba,2026-09-10,0.928,0.806,1.047,0.873,0.975,rt,
rimba,2026-09-11,0.903,0.781,1.021,0.849,0.952,rt,
rimba,2026-09-12,0.876,0.757,1.002,0.824,0.927,rt,
rimba,2026-09-13,0.848,0.723,0.978,0.795,0.902,rt,
rimba,2026-09-14,0.824,0.687,0.962,0.768,0.879,rt,
rimba,2026-09-15,0.814,0.681,0.953,0.761,0.871,rt,
rimba,2026-09-16,0.807,0.678,0.952,0.751,0.864,rt,
rimba,2026-09-17,0.803,0.668,0.955,0.743,0.861,rt,
rimba,2026-09-18,0.799,0.663,0.951,0.741,0.858,rt,
rimba,2026-09-19,0.796,0.654,0.952,0.736,0.859,rt,
rimba,2026-09-20,0.792,0.641,0.961,0.731,0.858,rt,
rimba,2026-09-21,0.796,0.633,0.979,0.731,0.868,rt,
rimba,2026-09-22,0.8,0.631,0.989,0.734,0.874,rt,
rimba,2026-09-23,0.803,0.629,1.001,0.735,0.879,rt,
rimba,2026-09-24,0.806,0.617,1.016,0.733,0.885,rt,
rimba,2026-09-25,0.808,0.614,1.03,0.73,0.888,rt,
rimba,2026-09-26,0.807,0.598,1.048,0.724,0.895,rt,
rimba,2026-09-27,0.803,0.584,1.059,0.713,0.897,rt,
rimba,2026-09-28,0.799,0.563,1.073,0.701,0.898,rt,
rimba,2026-09-29,0.797,0.555,1.08,0.691,0.898,rt,
rimba,2026-09-30,0.793,0.548,1.085,0.682,0.898,rt,
rimba,2026-10-01,0.791,0.539,1.092,0.677,0.899,rt,
rimba,2026-10-02,0.783,0.52,1.094,0.664,0.897,rt,
rimba,2026-10-03,0.77,0.503,1.112,0.651,0.895,rt,
rimba,2026-10-04,0.759,0.483,1.133,0.636,0.892,rt,
rimba,2026-10-05,0.746,0.459,1.153,0.621,0.884,rt,
rimba,2026-10-06,0.774,0.471,1.187,0.64,0.918,rt,
rwampara,2026-04-20,2.684,1.65,6.066,2.141,3.61,rt,
rwampara,2026-04-21,2.672,1.674,5.542,2.16,3.553,rt,
rwampara,2026-04-22,2.662,1.692,5.248,2.163,3.472,rt,
rwampara,2026-04-23,2.637,1.702,5.004,2.15,3.389,rt,
rwampara,2026-04-24,2.62,1.716,4.876,2.168,3.329,rt,
rwampara,2026-04-25,2.631,1.727,4.762,2.167,3.287,rt,
rwampara,2026-04-26,2.612,1.723,4.662,2.159,3.257,rt,
rwampara,2026-04-27,2.587,1.708,4.69,2.148,3.189,rt,
rwampara,2026-04-28,2.576,1.722,4.509,2.155,3.122,rt,
rwampara,2026-04-29,2.541,1.747,4.36,2.153,3.08,rt,
rwampara,2026-04-30,2.526,1.748,4.231,2.156,3.051,rt,
rwampara,2026-05-01,2.553,1.782,4.168,2.184,3.045,rt,
rwampara,2026-05-02,2.566,1.809,4.155,2.2,3.048,rt,
rwampara,2026-05-03,2.58,1.798,4.143,2.21,3.052,rt,
rwampara,2026-05-04,2.582,1.769,4.166,2.21,3.046,rt,
rwampara,2026-05-05,2.578,1.809,4.048,2.224,3.027,rt,
rwampara,2026-05-06,2.584,1.83,3.96,2.235,3.016,rt,
rwampara,2026-05-07,2.575,1.836,3.865,2.237,3.029,rt,
rwampara,2026-05-08,2.547,1.832,3.762,2.215,2.961,rt,
rwampara,2026-05-09,2.509,1.815,3.722,2.184,2.9,rt,
rwampara,2026-05-10,2.474,1.784,3.677,2.153,2.872,rt,
rwampara,2026-05-11,2.364,1.681,3.527,2.031,2.737,rt,
rwampara,2026-05-12,2.251,1.634,3.28,1.967,2.593,rt,
rwampara,2026-05-13,2.145,1.586,3.112,1.898,2.468,rt,
rwampara,2026-05-14,2.057,1.544,2.911,1.826,2.349,rt,
rwampara,2026-05-15,1.95,1.48,2.746,1.741,2.215,rt,
rwampara,2026-05-16,1.856,1.403,2.595,1.663,2.107,rt,
rwampara,2026-05-17,1.772,1.32,2.506,1.577,2.006,rt,
rwampara,2026-05-18,1.695,1.221,2.437,1.49,1.928,rt,
rwampara,2026-05-19,1.618,1.192,2.263,1.436,1.829,rt,
rwampara,2026-05-20,1.552,1.157,2.118,1.383,1.739,rt,
rwampara,2026-05-21,1.48,1.119,1.997,1.328,1.659,rt,
rwampara,2026-05-22,1.408,1.071,1.87,1.265,1.571,rt,
rwampara,2026-05-23,1.336,1.005,1.775,1.194,1.497,rt,
rwampara,2026-05-24,1.268,0.932,1.702,1.124,1.424,rt,
rwampara,2026-05-25,1.198,0.844,1.663,1.041,1.366,rt,
rwampara,2026-05-26,1.197,0.874,1.594,1.047,1.337,rt,
rwampara,2026-05-27,1.188,0.887,1.552,1.057,1.314,rt,
rwampara,2026-05-28,1.182,0.909,1.516,1.063,1.305,rt,
rwampara,2026-05-29,1.178,0.917,1.483,1.061,1.297,rt,
rwampara,2026-05-30,1.179,0.906,1.485,1.061,1.301,rt,
rwampara,2026-05-31,1.178,0.878,1.505,1.05,1.316,rt,
rwampara,2026-06-01,1.181,0.855,1.543,1.045,1.332,rt,
rwampara,2026-06-02,1.235,0.936,1.555,1.106,1.363,rt,
rwampara,2026-06-03,1.285,1.014,1.573,1.172,1.397,rt,
rwampara,2026-06-04,1.329,1.064,1.608,1.224,1.436,rt,
rwampara,2026-06-05,1.366,1.117,1.65,1.268,1.474,rt,
rwampara,2026-06-06,1.399,1.151,1.704,1.3,1.521,rt,
rwampara,2026-06-07,1.427,1.161,1.765,1.318,1.559,rt,
rwampara,2026-06-08,1.45,1.156,1.831,1.327,1.594,rt,
rwampara,2026-06-09,1.431,1.18,1.758,1.327,1.554,rt,
rwampara,2026-06-10,1.411,1.185,1.694,1.314,1.52,rt,
rwampara,2026-06-11,1.385,1.175,1.655,1.302,1.488,rt,
rwampara,2026-06-12,1.365,1.155,1.636,1.282,1.464,rt,
rwampara,2026-06-13,1.341,1.121,1.624,1.253,1.447,rt,
rwampara,2026-06-14,1.313,1.078,1.617,1.214,1.428,rt,
rwampara,2026-06-15,1.291,1.03,1.626,1.18,1.415,rt,
rwampara,2026-06-16,1.251,1.024,1.533,1.155,1.363,rt,
rwampara,2026-06-17,1.212,1.012,1.46,1.123,1.305,rt,
rwampara,2026-06-18,1.175,0.991,1.403,1.093,1.263,rt,
rwampara,2026-06-19,1.137,0.966,1.34,1.061,1.223,rt,
rwampara,2026-06-20,1.102,0.928,1.314,1.027,1.187,rt,
rwampara,2026-06-21,1.064,0.877,1.294,0.988,1.155,rt,
rwampara,2026-06-22,1.047,0.83,1.306,0.958,1.146,rt,
rwampara,2026-06-23,1.064,0.869,1.284,0.985,1.152,rt,
rwampara,2026-06-24,1.08,0.906,1.28,1.004,1.16,rt,
rwampara,2026-06-25,1.096,0.93,1.285,1.023,1.171,rt,
rwampara,2026-06-26,1.108,0.939,1.291,1.036,1.181,rt,
rwampara,2026-06-27,1.119,0.937,1.308,1.042,1.199,rt,
rwampara,2026-06-28,1.129,0.924,1.344,1.038,1.219,rt,
rwampara,2026-06-29,1.113,0.883,1.362,1.008,1.217,rt,
rwampara,2026-06-30,1.115,0.912,1.336,1.022,1.207,rt,
rwampara,2026-07-01,1.121,0.935,1.315,1.037,1.203,rt,
rwampara,2026-07-02,1.128,0.951,1.322,1.048,1.203,rt,
rwampara,2026-07-03,1.134,0.96,1.329,1.059,1.206,rt,
rwampara,2026-07-04,1.143,0.958,1.358,1.065,1.221,rt,
rwampara,2026-07-05,1.151,0.946,1.393,1.068,1.234,rt,
rwampara,2026-07-06,1.165,0.93,1.449,1.067,1.265,rt,
rwampara,2026-07-07,1.167,0.96,1.419,1.081,1.257,rt,
rwampara,2026-07-08,1.165,0.982,1.392,1.094,1.252,rt,
rwampara,2026-07-09,1.171,0.999,1.38,1.099,1.251,rt,
rwampara,2026-07-10,1.174,1.012,1.363,1.103,1.25,rt,
rwampara,2026-07-11,1.175,1.009,1.383,1.103,1.259,rt,
rwampara,2026-07-12,1.177,0.993,1.408,1.099,1.265,rt,
rwampara,2026-07-13,1.17,0.954,1.433,1.08,1.271,rt,
rwampara,2026-07-14,1.146,0.956,1.38,1.067,1.238,rt,
rwampara,2026-07-15,1.123,0.95,1.332,1.05,1.208,rt,
rwampara,2026-07-16,1.102,0.932,1.3,1.028,1.182,rt,
rwampara,2026-07-17,1.079,0.913,1.273,1.006,1.156,rt,
rwampara,2026-07-18,1.058,0.881,1.264,0.978,1.137,rt,
rwampara,2026-07-19,1.033,0.842,1.249,0.947,1.118,rt,
rwampara,2026-07-20,1.009,0.794,1.253,0.913,1.105,rt,
rwampara,2026-07-21,0.981,0.797,1.211,0.899,1.071,rt,
rwampara,2026-07-22,0.958,0.782,1.16,0.881,1.037,rt,
rwampara,2026-07-23,0.934,0.768,1.117,0.865,1.007,rt,
rwampara,2026-07-24,0.912,0.756,1.088,0.845,0.981,rt,
rwampara,2026-07-25,0.888,0.724,1.068,0.817,0.96,rt,
rwampara,2026-07-26,0.862,0.688,1.05,0.788,0.939,rt,
rwampara,2026-07-27,0.841,0.655,1.05,0.762,0.926,rt,
rwampara,2026-07-28,0.827,0.664,1.008,0.758,0.904,rt,
rwampara,2026-07-29,0.815,0.665,0.971,0.749,0.883,rt,
rwampara,2026-07-30,0.801,0.659,0.951,0.737,0.864,rt,
rwampara,2026-07-31,0.781,0.643,0.931,0.721,0.843,rt,
rwampara,2026-08-01,0.761,0.621,0.926,0.703,0.826,rt,
rwampara,2026-08-02,0.738,0.586,0.924,0.676,0.811,rt,
rwampara,2026-08-03,0.717,0.545,0.924,0.648,0.795,rt,
rwampara,2026-08-04,0.712,0.559,0.897,0.647,0.783,rt,
rwampara,2026-08-05,0.705,0.563,0.876,0.644,0.773,rt,
rwampara,2026-08-06,0.7,0.562,0.861,0.639,0.766,rt,
rwampara,2026-08-07,0.69,0.558,0.846,0.631,0.755,rt,
rwampara,2026-08-08,0.679,0.545,0.841,0.619,0.747,rt,
rwampara,2026-08-09,0.67,0.525,0.845,0.603,0.739,rt,
rwampara,2026-08-10,0.655,0.496,0.843,0.583,0.726,rt,
rwampara,2026-08-11,0.652,0.506,0.822,0.59,0.716,rt,
rwampara,2026-08-12,0.65,0.513,0.801,0.594,0.709,rt,
rwampara,2026-08-13,0.649,0.51,0.79,0.593,0.706,rt,
rwampara,2026-08-14,0.648,0.514,0.783,0.591,0.705,rt,
rwampara,2026-08-15,0.645,0.506,0.799,0.584,0.705,rt,
rwampara,2026-08-16,0.643,0.492,0.81,0.574,0.707,rt,
rwampara,2026-08-17,0.645,0.477,0.836,0.571,0.719,rt,
rwampara,2026-08-18,0.657,0.499,0.833,0.589,0.725,rt,
rwampara,2026-08-19,0.669,0.516,0.834,0.603,0.733,rt,
rwampara,2026-08-20,0.679,0.531,0.836,0.616,0.743,rt,
rwampara,2026-08-21,0.694,0.552,0.849,0.633,0.757,rt,
rwampara,2026-08-22,0.706,0.562,0.872,0.645,0.773,rt,
rwampara,2026-08-23,0.717,0.562,0.9,0.653,0.787,rt,
rwampara,2026-08-24,0.735,0.562,0.945,0.663,0.817,rt,
rwampara,2026-08-25,0.766,0.603,0.959,0.695,0.84,rt,
rwampara,2026-08-26,0.795,0.633,0.972,0.723,0.864,rt,
rwampara,2026-08-27,0.825,0.66,0.996,0.753,0.893,rt,
rwampara,2026-08-28,0.847,0.682,1.02,0.779,0.92,rt,
rwampara,2026-08-29,0.873,0.692,1.061,0.797,0.95,rt,
rwampara,2026-08-30,0.895,0.697,1.111,0.808,0.978,rt,
rwampara,2026-08-31,0.902,0.686,1.157,0.806,1.001,rt,
rwampara,2026-09-01,0.927,0.725,1.154,0.838,1.02,rt,
rwampara,2026-09-02,0.952,0.764,1.16,0.869,1.045,rt,
rwampara,2026-09-03,0.978,0.794,1.189,0.896,1.067,rt,
rwampara,2026-09-04,0.995,0.814,1.213,0.913,1.081,rt,
rwampara,2026-09-05,1.01,0.815,1.235,0.926,1.1,rt,
rwampara,2026-09-06,1.023,0.806,1.276,0.927,1.122,rt,
rwampara,2026-09-07,1.015,0.771,1.302,0.911,1.133,rt,
rwampara,2026-09-08,1.011,0.789,1.268,0.913,1.117,rt,
rwampara,2026-09-09,1.002,0.796,1.243,0.91,1.095,rt,
rwampara,2026-09-10,0.993,0.793,1.222,0.904,1.085,rt,
rwampara,2026-09-11,0.976,0.774,1.204,0.89,1.065,rt,
rwampara,2026-09-12,0.958,0.745,1.204,0.867,1.049,rt,
rwampara,2026-09-13,0.939,0.701,1.221,0.836,1.041,rt,
rwampara,2026-09-14,0.918,0.654,1.234,0.808,1.032,rt,
rwampara,2026-09-15,0.919,0.671,1.203,0.816,1.023,rt,
rwampara,2026-09-16,0.918,0.679,1.189,0.815,1.02,rt,
rwampara,2026-09-17,0.917,0.68,1.198,0.817,1.03,rt,
rwampara,2026-09-18,0.921,0.676,1.222,0.823,1.037,rt,
rwampara,2026-09-19,0.928,0.664,1.254,0.816,1.046,rt,
rwampara,2026-09-20,0.933,0.645,1.308,0.809,1.064,rt,
rwampara,2026-09-21,0.948,0.629,1.38,0.807,1.096,rt,
rwampara,2026-09-22,0.946,0.625,1.351,0.802,1.093,rt,
rwampara,2026-09-23,0.935,0.615,1.334,0.794,1.086,rt,
rwampara,2026-09-24,0.926,0.599,1.341,0.781,1.086,rt,
rwampara,2026-09-25,0.918,0.579,1.351,0.76,1.082,rt,
rwampara,2026-09-26,0.909,0.557,1.379,0.739,1.09,rt,
rwampara,2026-09-27,0.89,0.519,1.402,0.712,1.091,rt,
rwampara,2026-09-28,0.868,0.478,1.44,0.69,1.085,rt,
rwampara,2026-09-29,0.861,0.477,1.419,0.685,1.086,rt,
rwampara,2026-09-30,0.847,0.464,1.409,0.671,1.069,rt,
rwampara,2026-10-01,0.835,0.431,1.41,0.66,1.059,rt,
rwampara,2026-10-02,0.818,0.411,1.41,0.631,1.047,rt,
rwampara,2026-10-03,0.805,0.389,1.426,0.607,1.034,rt,
rwampara,2026-10-04,0.791,0.356,1.442,0.582,1.025,rt,
rwampara,2026-10-05,0.767,0.328,1.452,0.555,1.024,rt,
rwampara,2026-10-06,0.766,0.293,1.49,0.553,1.042,rt,
tchomia,2026-06-08,2.306,1.503,3.569,1.908,2.716,rt,
tchomia,2026-06-09,2.241,1.51,3.342,1.883,2.601,rt,
tchomia,2026-06-10,2.165,1.507,3.13,1.853,2.513,rt,
tchomia,2026-06-11,2.089,1.479,2.982,1.815,2.42,rt,
tchomia,2026-06-12,2.03,1.435,2.903,1.766,2.334,rt,
tchomia,2026-06-13,1.969,1.369,2.832,1.705,2.262,rt,
tchomia,2026-06-14,1.895,1.295,2.793,1.626,2.21,rt,
tchomia,2026-06-15,1.837,1.22,2.786,1.552,2.164,rt,
tchomia,2026-06-16,1.749,1.205,2.559,1.503,2.042,rt,
tchomia,2026-06-17,1.666,1.179,2.383,1.444,1.942,rt,
tchomia,2026-06-18,1.594,1.13,2.254,1.391,1.841,rt,
tchomia,2026-06-19,1.525,1.085,2.141,1.33,1.762,rt,
tchomia,2026-06-20,1.467,1.015,2.081,1.269,1.693,rt,
tchomia,2026-06-21,1.402,0.943,2.031,1.198,1.625,rt,
tchomia,2026-06-22,1.361,0.886,2.011,1.153,1.596,rt,
tchomia,2026-06-23,1.352,0.915,1.947,1.16,1.552,rt,
tchomia,2026-06-24,1.34,0.934,1.878,1.158,1.521,rt,
tchomia,2026-06-25,1.325,0.939,1.836,1.159,1.498,rt,
tchomia,2026-06-26,1.305,0.937,1.799,1.143,1.473,rt,
tchomia,2026-06-27,1.285,0.916,1.771,1.12,1.465,rt,
tchomia,2026-06-28,1.265,0.887,1.761,1.098,1.456,rt,
tchomia,2026-06-29,1.216,0.831,1.725,1.042,1.415,rt,
tchomia,2026-06-30,1.189,0.824,1.632,1.027,1.368,rt,
tchomia,2026-07-01,1.156,0.815,1.569,1.012,1.325,rt,
tchomia,2026-07-02,1.13,0.804,1.51,0.991,1.288,rt,
tchomia,2026-07-03,1.104,0.784,1.498,0.974,1.262,rt,
tchomia,2026-07-04,1.087,0.756,1.488,0.945,1.238,rt,
tchomia,2026-07-05,1.066,0.714,1.48,0.912,1.224,rt,
tchomia,2026-07-06,1.049,0.679,1.51,0.884,1.219,rt,
tchomia,2026-07-07,1.041,0.69,1.452,0.885,1.189,rt,
tchomia,2026-07-08,1.029,0.7,1.41,0.894,1.163,rt,
tchomia,2026-07-09,1.017,0.707,1.378,0.891,1.151,rt,
tchomia,2026-07-10,1.004,0.708,1.364,0.881,1.137,rt,
tchomia,2026-07-11,0.992,0.701,1.385,0.865,1.135,rt,
tchomia,2026-07-12,0.983,0.683,1.403,0.847,1.129,rt,
tchomia,2026-07-13,0.964,0.648,1.425,0.822,1.128,rt,
tchomia,2026-07-14,0.964,0.667,1.371,0.834,1.103,rt,
tchomia,2026-07-15,0.965,0.678,1.327,0.837,1.093,rt,
tchomia,2026-07-16,0.958,0.688,1.301,0.839,1.084,rt,
tchomia,2026-07-17,0.955,0.687,1.296,0.835,1.083,rt,
tchomia,2026-07-18,0.945,0.679,1.293,0.827,1.077,rt,
tchomia,2026-07-19,0.939,0.656,1.32,0.816,1.08,rt,
tchomia,2026-07-20,0.929,0.63,1.352,0.798,1.088,rt,
tchomia,2026-07-21,0.928,0.644,1.31,0.808,1.069,rt,
tchomia,2026-07-22,0.931,0.657,1.279,0.817,1.058,rt,
tchomia,2026-07-23,0.931,0.668,1.262,0.818,1.047,rt,
tchomia,2026-07-24,0.926,0.667,1.27,0.813,1.047,rt,
tchomia,2026-07-25,0.925,0.657,1.292,0.81,1.05,rt,
tchomia,2026-07-26,0.916,0.645,1.303,0.789,1.057,rt,
tchomia,2026-07-27,0.911,0.624,1.353,0.775,1.067,rt,
tchomia,2026-07-28,0.917,0.652,1.322,0.792,1.066,rt,
tchomia,2026-07-29,0.923,0.668,1.297,0.809,1.065,rt,
tchomia,2026-07-30,0.933,0.677,1.28,0.82,1.068,rt,
tchomia,2026-07-31,0.933,0.682,1.265,0.819,1.068,rt,
tchomia,2026-08-01,0.936,0.678,1.267,0.818,1.064,rt,
tchomia,2026-08-02,0.932,0.666,1.295,0.81,1.072,rt,
tchomia,2026-08-03,0.925,0.64,1.329,0.794,1.065,rt,
tchomia,2026-08-04,0.925,0.659,1.282,0.804,1.052,rt,
tchomia,2026-08-05,0.921,0.67,1.25,0.807,1.049,rt,
tchomia,2026-08-06,0.919,0.668,1.232,0.808,1.045,rt,
tchomia,2026-08-07,0.907,0.659,1.223,0.804,1.031,rt,
tchomia,2026-08-08,0.899,0.643,1.242,0.791,1.028,rt,
tchomia,2026-08-09,0.893,0.617,1.259,0.773,1.027,rt,
tchomia,2026-08-10,0.875,0.586,1.268,0.744,1.021,rt,
tchomia,2026-08-11,0.869,0.594,1.219,0.746,1.0,rt,
tchomia,2026-08-12,0.857,0.595,1.188,0.739,0.982,rt,
tchomia,2026-08-13,0.847,0.597,1.173,0.735,0.97,rt,
tchomia,2026-08-14,0.837,0.595,1.16,0.729,0.962,rt,
tchomia,2026-08-15,0.825,0.576,1.166,0.718,0.953,rt,
tchomia,2026-08-16,0.814,0.559,1.181,0.7,0.945,rt,
tchomia,2026-08-17,0.808,0.538,1.21,0.69,0.951,rt,
tchomia,2026-08-18,0.815,0.556,1.177,0.704,0.943,rt,
tchomia,2026-08-19,0.817,0.568,1.15,0.71,0.939,rt,
tchomia,2026-08-20,0.817,0.569,1.134,0.715,0.943,rt,
tchomia,2026-08-21,0.821,0.582,1.146,0.72,0.95,rt,
tchomia,2026-08-22,0.828,0.579,1.186,0.717,0.962,rt,
tchomia,2026-08-23,0.828,0.565,1.221,0.712,0.974,rt,
tchomia,2026-08-24,0.837,0.554,1.269,0.711,0.992,rt,
tchomia,2026-08-25,0.832,0.571,1.23,0.717,0.98,rt,
tchomia,2026-08-26,0.83,0.572,1.197,0.719,0.971,rt,
tchomia,2026-08-27,0.824,0.57,1.184,0.718,0.96,rt,
tchomia,2026-08-28,0.815,0.566,1.177,0.71,0.953,rt,
tchomia,2026-08-29,0.801,0.546,1.179,0.692,0.942,rt,
tchomia,2026-08-30,0.789,0.523,1.201,0.674,0.94,rt,
tchomia,2026-08-31,0.767,0.489,1.214,0.642,0.926,rt,
tchomia,2026-09-01,0.754,0.489,1.147,0.635,0.903,rt,
tchomia,2026-09-02,0.738,0.482,1.095,0.624,0.873,rt,
tchomia,2026-09-03,0.726,0.473,1.081,0.614,0.853,rt,
tchomia,2026-09-04,0.706,0.457,1.038,0.592,0.825,rt,
tchomia,2026-09-05,0.683,0.435,1.0,0.567,0.797,rt,
tchomia,2026-09-06,0.659,0.41,0.995,0.541,0.78,rt,
tchomia,2026-09-07,0.622,0.374,0.982,0.503,0.747,rt,
tchomia,2026-09-08,0.607,0.375,0.93,0.497,0.725,rt,
tchomia,2026-09-09,0.587,0.372,0.888,0.485,0.706,rt,
tchomia,2026-09-10,0.569,0.364,0.862,0.477,0.684,rt,
tchomia,2026-09-11,0.549,0.355,0.842,0.463,0.659,rt,
tchomia,2026-09-12,0.527,0.333,0.822,0.444,0.638,rt,
tchomia,2026-09-13,0.508,0.311,0.81,0.423,0.622,rt,
tchomia,2026-09-14,0.488,0.285,0.811,0.401,0.608,rt,
tchomia,2026-09-15,0.493,0.295,0.807,0.405,0.606,rt,
tchomia,2026-09-16,0.497,0.299,0.808,0.409,0.608,rt,
tchomia,2026-09-17,0.502,0.301,0.823,0.41,0.618,rt,
tchomia,2026-09-18,0.507,0.302,0.837,0.414,0.626,rt,
tchomia,2026-09-19,0.512,0.3,0.865,0.417,0.635,rt,
tchomia,2026-09-20,0.518,0.293,0.906,0.418,0.652,rt,
tchomia,2026-09-21,0.527,0.286,0.968,0.422,0.673,rt,
tchomia,2026-09-22,0.536,0.3,0.971,0.427,0.679,rt,
tchomia,2026-09-23,0.543,0.3,0.992,0.43,0.685,rt,
tchomia,2026-09-24,0.549,0.306,1.003,0.431,0.7,rt,
tchomia,2026-09-25,0.549,0.301,1.008,0.428,0.712,rt,
tchomia,2026-09-26,0.551,0.294,1.039,0.426,0.725,rt,
tchomia,2026-09-27,0.549,0.284,1.056,0.423,0.735,rt,
tchomia,2026-09-28,0.548,0.271,1.107,0.417,0.744,rt,
tchomia,2026-09-29,0.549,0.274,1.101,0.423,0.744,rt,
tchomia,2026-09-30,0.551,0.276,1.107,0.426,0.744,rt,
tchomia,2026-10-01,0.553,0.276,1.115,0.426,0.744,rt,
tchomia,2026-10-02,0.557,0.276,1.127,0.415,0.749,rt,
tchomia,2026-10-03,0.557,0.265,1.141,0.409,0.751,rt,
tchomia,2026-10-04,0.549,0.254,1.176,0.405,0.753,rt,
tchomia,2026-10-05,0.543,0.24,1.222,0.393,0.762,rt,
tchomia,2026-10-06,0.598,0.246,1.383,0.42,0.825,rt,
alimbongo,2026-09-16,1.059,0.913,1.219,0.996,1.124,rt,
alimbongo,2026-09-17,1.082,0.922,1.25,1.012,1.152,rt,
alimbongo,2026-09-18,1.096,0.935,1.277,1.026,1.17,rt,
alimbongo,2026-09-19,1.113,0.933,1.313,1.038,1.19,rt,
alimbongo,2026-09-20,1.128,0.928,1.348,1.045,1.215,rt,
alimbongo,2026-09-21,1.148,0.931,1.396,1.059,1.249,rt,
alimbongo,2026-09-22,1.167,0.932,1.441,1.069,1.278,rt,
alimbongo,2026-09-23,1.183,0.93,1.489,1.079,1.305,rt,
alimbongo,2026-09-24,1.201,0.935,1.53,1.085,1.328,rt,
alimbongo,2026-09-25,1.211,0.937,1.556,1.093,1.35,rt,
alimbongo,2026-09-26,1.225,0.931,1.589,1.102,1.373,rt,
alimbongo,2026-09-27,1.238,0.928,1.635,1.107,1.397,rt,
alimbongo,2026-09-28,1.23,0.902,1.647,1.092,1.396,rt,
alimbongo,2026-09-29,1.223,0.884,1.674,1.081,1.395,rt,
alimbongo,2026-09-30,1.214,0.861,1.688,1.069,1.393,rt,
alimbongo,2026-10-01,1.208,0.844,1.7,1.058,1.391,rt,
alimbongo,2026-10-02,1.186,0.808,1.699,1.036,1.373,rt,
alimbongo,2026-10-03,1.167,0.784,1.719,1.009,1.363,rt,
alimbongo,2026-10-04,1.149,0.748,1.746,0.982,1.354,rt,
alimbongo,2026-10-05,1.116,0.696,1.759,0.948,1.349,rt,
alimbongo,2026-10-06,1.114,0.703,1.667,0.948,1.322,rt,
beni,2026-05-26,2.385,1.728,3.325,2.09,2.72,rt,
beni,2026-05-27,2.298,1.687,3.153,2.019,2.621,rt,
beni,2026-05-28,2.218,1.629,3.018,1.953,2.524,rt,
beni,2026-05-29,2.132,1.591,2.866,1.882,2.405,rt,
beni,2026-05-30,2.056,1.539,2.764,1.813,2.312,rt,
beni,2026-05-31,1.967,1.461,2.688,1.743,2.22,rt,
beni,2026-06-01,1.902,1.404,2.627,1.674,2.151,rt,
beni,2026-06-02,1.835,1.369,2.502,1.629,2.075,rt,
beni,2026-06-03,1.78,1.339,2.391,1.582,2.003,rt,
beni,2026-06-04,1.734,1.295,2.304,1.54,1.941,rt,
beni,2026-06-05,1.674,1.262,2.201,1.489,1.865,rt,
beni,2026-06-06,1.61,1.215,2.125,1.441,1.808,rt,
beni,2026-06-07,1.565,1.162,2.076,1.385,1.761,rt,
beni,2026-06-08,1.527,1.11,2.054,1.34,1.726,rt,
beni,2026-06-09,1.484,1.108,1.974,1.32,1.675,rt,
beni,2026-06-10,1.446,1.084,1.893,1.29,1.625,rt,
beni,2026-06-11,1.409,1.067,1.838,1.258,1.572,rt,
beni,2026-06-12,1.373,1.045,1.78,1.225,1.522,rt,
beni,2026-06-13,1.331,1.008,1.738,1.19,1.475,rt,
beni,2026-06-14,1.293,0.978,1.703,1.151,1.44,rt,
beni,2026-06-15,1.265,0.947,1.699,1.123,1.427,rt,
beni,2026-06-16,1.243,0.949,1.639,1.113,1.384,rt,
beni,2026-06-17,1.216,0.944,1.586,1.098,1.353,rt,
beni,2026-06-18,1.198,0.936,1.548,1.083,1.326,rt,
beni,2026-06-19,1.179,0.92,1.513,1.066,1.296,rt,
beni,2026-06-20,1.158,0.891,1.493,1.047,1.277,rt,
beni,2026-06-21,1.14,0.864,1.496,1.025,1.267,rt,
beni,2026-06-22,1.143,0.847,1.525,1.018,1.277,rt,
beni,2026-06-23,1.154,0.872,1.484,1.033,1.28,rt,
beni,2026-06-24,1.163,0.888,1.486,1.037,1.281,rt,
beni,2026-06-25,1.163,0.898,1.491,1.047,1.283,rt,
beni,2026-06-26,1.163,0.906,1.475,1.052,1.295,rt,
beni,2026-06-27,1.166,0.916,1.49,1.056,1.304,rt,
beni,2026-06-28,1.17,0.913,1.509,1.057,1.31,rt,
beni,2026-06-29,1.163,0.887,1.533,1.044,1.308,rt,
beni,2026-06-30,1.17,0.91,1.503,1.054,1.297,rt,
beni,2026-07-01,1.171,0.93,1.497,1.068,1.296,rt,
beni,2026-07-02,1.178,0.937,1.493,1.071,1.299,rt,
beni,2026-07-03,1.199,0.96,1.519,1.092,1.316,rt,
beni,2026-07-04,1.214,0.971,1.539,1.111,1.336,rt,
beni,2026-07-05,1.23,0.97,1.571,1.115,1.36,rt,
beni,2026-07-06,1.257,0.966,1.636,1.131,1.397,rt,
beni,2026-07-07,1.281,1.005,1.645,1.162,1.417,rt,
beni,2026-07-08,1.308,1.038,1.649,1.188,1.434,rt,
beni,2026-07-09,1.335,1.065,1.674,1.214,1.458,rt,
beni,2026-07-10,1.356,1.091,1.688,1.243,1.476,rt,
beni,2026-07-11,1.381,1.098,1.722,1.258,1.512,rt,
beni,2026-07-12,1.401,1.104,1.778,1.273,1.54,rt,
beni,2026-07-13,1.416,1.091,1.827,1.283,1.572,rt,
beni,2026-07-14,1.421,1.121,1.812,1.296,1.572,rt,
beni,2026-07-15,1.42,1.141,1.791,1.302,1.564,rt,
beni,2026-07-16,1.426,1.149,1.784,1.303,1.564,rt,
beni,2026-07-17,1.416,1.157,1.759,1.296,1.549,rt,
beni,2026-07-18,1.412,1.144,1.754,1.291,1.54,rt,
beni,2026-07-19,1.405,1.12,1.772,1.276,1.542,rt,
beni,2026-07-20,1.395,1.083,1.802,1.26,1.546,rt,
beni,2026-07-21,1.382,1.107,1.743,1.261,1.513,rt,
beni,2026-07-22,1.367,1.113,1.693,1.26,1.49,rt,
beni,2026-07-23,1.353,1.109,1.673,1.253,1.471,rt,
beni,2026-07-24,1.347,1.107,1.645,1.25,1.461,rt,
beni,2026-07-25,1.342,1.097,1.635,1.235,1.453,rt,
beni,2026-07-26,1.336,1.067,1.64,1.22,1.449,rt,
beni,2026-07-27,1.338,1.044,1.685,1.212,1.466,rt,
beni,2026-07-28,1.34,1.074,1.658,1.227,1.463,rt,
beni,2026-07-29,1.346,1.09,1.639,1.237,1.463,rt,
beni,2026-07-30,1.345,1.096,1.629,1.244,1.462,rt,
beni,2026-07-31,1.352,1.106,1.623,1.253,1.46,rt,
beni,2026-08-01,1.357,1.102,1.63,1.251,1.466,rt,
beni,2026-08-02,1.355,1.091,1.664,1.241,1.475,rt,
beni,2026-08-03,1.361,1.071,1.706,1.239,1.495,rt,
beni,2026-08-04,1.375,1.102,1.691,1.261,1.491,rt,
beni,2026-08-05,1.386,1.122,1.678,1.276,1.491,rt,
beni,2026-08-06,1.394,1.141,1.686,1.287,1.504,rt,
beni,2026-08-07,1.409,1.17,1.692,1.303,1.514,rt,
beni,2026-08-08,1.421,1.184,1.71,1.318,1.534,rt,
beni,2026-08-09,1.437,1.184,1.746,1.326,1.557,rt,
beni,2026-08-10,1.446,1.156,1.785,1.318,1.571,rt,
beni,2026-08-11,1.453,1.195,1.762,1.336,1.573,rt,
beni,2026-08-12,1.463,1.212,1.742,1.355,1.582,rt,
beni,2026-08-13,1.475,1.225,1.755,1.369,1.594,rt,
beni,2026-08-14,1.486,1.243,1.762,1.386,1.595,rt,
beni,2026-08-15,1.5,1.248,1.786,1.388,1.604,rt,
beni,2026-08-16,1.512,1.237,1.812,1.382,1.625,rt,
beni,2026-08-17,1.53,1.237,1.866,1.396,1.654,rt,
beni,2026-08-18,1.559,1.285,1.874,1.437,1.678,rt,
beni,2026-08-19,1.585,1.324,1.888,1.474,1.712,rt,
beni,2026-08-20,1.614,1.349,1.922,1.505,1.738,rt,
beni,2026-08-21,1.629,1.377,1.939,1.522,1.744,rt,
beni,2026-08-22,1.64,1.399,1.943,1.538,1.755,rt,
beni,2026-08-23,1.656,1.401,1.965,1.545,1.767,rt,
beni,2026-08-24,1.651,1.38,1.976,1.528,1.773,rt,
beni,2026-08-25,1.654,1.411,1.953,1.546,1.775,rt,
beni,2026-08-26,1.661,1.431,1.948,1.555,1.773,rt,
beni,2026-08-27,1.667,1.436,1.943,1.563,1.778,rt,
beni,2026-08-28,1.655,1.434,1.923,1.557,1.759,rt,
beni,2026-08-29,1.642,1.416,1.925,1.546,1.747,rt,
beni,2026-08-30,1.634,1.395,1.932,1.532,1.736,rt,
beni,2026-08-31,1.591,1.344,1.904,1.485,1.702,rt,
beni,2026-09-01,1.521,1.305,1.806,1.428,1.626,rt,
beni,2026-09-02,1.46,1.258,1.733,1.372,1.558,rt,
beni,2026-09-03,1.403,1.208,1.67,1.318,1.501,rt,
beni,2026-09-04,1.353,1.171,1.597,1.275,1.442,rt,
beni,2026-09-05,1.31,1.125,1.538,1.231,1.393,rt,
beni,2026-09-06,1.265,1.085,1.489,1.187,1.351,rt,
beni,2026-09-07,1.242,1.052,1.481,1.16,1.328,rt,
beni,2026-09-08,1.199,1.016,1.413,1.121,1.281,rt,
beni,2026-09-09,1.156,0.986,1.356,1.081,1.235,rt,
beni,2026-09-10,1.119,0.947,1.315,1.043,1.192,rt,
beni,2026-09-11,1.092,0.929,1.264,1.021,1.161,rt,
beni,2026-09-12,1.066,0.905,1.237,0.996,1.137,rt,
beni,2026-09-13,1.04,0.866,1.214,0.971,1.113,rt,
beni,2026-09-14,1.033,0.848,1.223,0.958,1.113,rt,
beni,2026-09-15,1.029,0.848,1.211,0.957,1.109,rt,
beni,2026-09-16,1.024,0.852,1.204,0.951,1.104,rt,
beni,2026-09-17,1.019,0.843,1.205,0.943,1.103,rt,
beni,2026-09-18,1.007,0.828,1.201,0.931,1.093,rt,
beni,2026-09-19,1.001,0.805,1.21,0.916,1.086,rt,
beni,2026-09-20,0.989,0.781,1.222,0.899,1.079,rt,
beni,2026-09-21,0.987,0.755,1.239,0.884,1.083,rt,
beni,2026-09-22,0.995,0.757,1.263,0.893,1.101,rt,
beni,2026-09-23,1.006,0.752,1.302,0.9,1.118,rt,
beni,2026-09-24,1.02,0.745,1.337,0.902,1.139,rt,
beni,2026-09-25,1.028,0.734,1.368,0.907,1.154,rt,
beni,2026-09-26,1.038,0.726,1.406,0.908,1.175,rt,
beni,2026-09-27,1.044,0.713,1.452,0.906,1.193,rt,
beni,2026-09-28,1.033,0.683,1.468,0.887,1.191,rt,
beni,2026-09-29,1.028,0.672,1.475,0.879,1.192,rt,
beni,2026-09-30,1.025,0.662,1.477,0.87,1.194,rt,
beni,2026-10-01,1.024,0.652,1.504,0.865,1.196,rt,
beni,2026-10-02,1.008,0.631,1.497,0.846,1.181,rt,
beni,2026-10-03,0.994,0.6,1.525,0.819,1.18,rt,
beni,2026-10-04,0.981,0.566,1.566,0.796,1.183,rt,
beni,2026-10-05,0.957,0.531,1.589,0.765,1.178,rt,
beni,2026-10-06,0.964,0.548,1.566,0.762,1.186,rt,
biena,2026-08-16,1.523,1.349,1.729,1.447,1.609,rt,
biena,2026-08-17,1.539,1.358,1.754,1.458,1.624,rt,
biena,2026-08-18,1.551,1.368,1.772,1.47,1.637,rt,
biena,2026-08-19,1.565,1.374,1.792,1.481,1.651,rt,
biena,2026-08-20,1.572,1.372,1.808,1.485,1.663,rt,
biena,2026-08-21,1.564,1.375,1.779,1.486,1.65,rt,
biena,2026-08-22,1.555,1.372,1.768,1.482,1.639,rt,
biena,2026-08-23,1.544,1.363,1.76,1.47,1.63,rt,
biena,2026-08-24,1.516,1.338,1.741,1.444,1.603,rt,
biena,2026-08-25,1.49,1.313,1.711,1.417,1.572,rt,
biena,2026-08-26,1.46,1.282,1.68,1.385,1.543,rt,
biena,2026-08-27,1.431,1.249,1.653,1.353,1.514,rt,
biena,2026-08-28,1.387,1.224,1.59,1.315,1.462,rt,
biena,2026-08-29,1.343,1.19,1.533,1.275,1.416,rt,
biena,2026-08-30,1.304,1.151,1.486,1.237,1.374,rt,
biena,2026-08-31,1.243,1.088,1.421,1.175,1.312,rt,
biena,2026-09-01,1.189,1.037,1.363,1.127,1.258,rt,
biena,2026-09-02,1.142,0.996,1.317,1.08,1.207,rt,
biena,2026-09-03,1.098,0.95,1.271,1.034,1.166,rt,
biena,2026-09-04,1.061,0.924,1.217,0.999,1.12,rt,
biena,2026-09-05,1.025,0.896,1.17,0.97,1.08,rt,
biena,2026-09-06,0.989,0.861,1.129,0.938,1.045,rt,
biena,2026-09-07,0.97,0.837,1.111,0.92,1.027,rt,
biena,2026-09-08,0.963,0.834,1.098,0.913,1.02,rt,
biena,2026-09-09,0.957,0.832,1.088,0.904,1.012,rt,
biena,2026-09-10,0.95,0.827,1.084,0.895,1.005,rt,
biena,2026-09-11,0.955,0.835,1.083,0.902,1.006,rt,
biena,2026-09-12,0.958,0.84,1.082,0.909,1.01,rt,
biena,2026-09-13,0.961,0.841,1.09,0.911,1.015,rt,
biena,2026-09-14,0.981,0.857,1.121,0.93,1.043,rt,
biena,2026-09-15,1.004,0.873,1.149,0.95,1.067,rt,
biena,2026-09-16,1.027,0.882,1.18,0.966,1.092,rt,
biena,2026-09-17,1.048,0.894,1.212,0.982,1.118,rt,
biena,2026-09-18,1.067,0.905,1.241,0.998,1.135,rt,
biena,2026-09-19,1.082,0.903,1.28,1.007,1.156,rt,
biena,2026-09-20,1.095,0.9,1.313,1.014,1.181,rt,
biena,2026-09-21,1.115,0.903,1.363,1.028,1.209,rt,
biena,2026-09-22,1.132,0.904,1.409,1.039,1.236,rt,
biena,2026-09-23,1.147,0.906,1.449,1.044,1.266,rt,
biena,2026-09-24,1.166,0.905,1.487,1.055,1.29,rt,
biena,2026-09-25,1.182,0.905,1.516,1.062,1.316,rt,
biena,2026-09-26,1.191,0.901,1.542,1.068,1.34,rt,
biena,2026-09-27,1.203,0.895,1.586,1.075,1.358,rt,
biena,2026-09-28,1.194,0.874,1.597,1.059,1.359,rt,
biena,2026-09-29,1.188,0.855,1.622,1.045,1.359,rt,
biena,2026-09-30,1.181,0.834,1.641,1.033,1.357,rt,
biena,2026-10-01,1.173,0.816,1.656,1.022,1.357,rt,
biena,2026-10-02,1.154,0.781,1.639,1.007,1.338,rt,
biena,2026-10-03,1.137,0.756,1.677,0.977,1.323,rt,
biena,2026-10-04,1.118,0.721,1.707,0.952,1.32,rt,
biena,2026-10-05,1.087,0.673,1.721,0.916,1.31,rt,
biena,2026-10-06,1.083,0.673,1.635,0.912,1.284,rt,
butembo,2026-05-27,2.788,2.112,3.77,2.483,3.139,rt,
butembo,2026-05-28,2.684,2.045,3.618,2.406,3.019,rt,
butembo,2026-05-29,2.575,1.999,3.402,2.312,2.869,rt,
butembo,2026-05-30,2.475,1.944,3.259,2.233,2.758,rt,
butembo,2026-05-31,2.38,1.88,3.119,2.161,2.639,rt,
butembo,2026-06-01,2.293,1.814,3.008,2.08,2.535,rt,
butembo,2026-06-02,2.201,1.756,2.877,2.011,2.434,rt,
butembo,2026-06-03,2.122,1.7,2.754,1.935,2.346,rt,
butembo,2026-06-04,2.05,1.647,2.648,1.87,2.269,rt,
butembo,2026-06-05,1.964,1.598,2.493,1.806,2.175,rt,
butembo,2026-06-06,1.893,1.539,2.38,1.74,2.088,rt,
butembo,2026-06-07,1.824,1.477,2.287,1.677,2.012,rt,
butembo,2026-06-08,1.768,1.422,2.221,1.623,1.944,rt,
butembo,2026-06-09,1.716,1.383,2.145,1.575,1.882,rt,
butembo,2026-06-10,1.672,1.341,2.077,1.53,1.829,rt,
butembo,2026-06-11,1.623,1.308,2.014,1.484,1.78,rt,
butembo,2026-06-12,1.573,1.269,1.935,1.442,1.714,rt,
butembo,2026-06-13,1.523,1.236,1.859,1.4,1.653,rt,
butembo,2026-06-14,1.476,1.201,1.803,1.356,1.599,rt,
butembo,2026-06-15,1.443,1.172,1.763,1.321,1.564,rt,
butembo,2026-06-16,1.417,1.154,1.724,1.302,1.534,rt,
butembo,2026-06-17,1.388,1.141,1.695,1.283,1.505,rt,
butembo,2026-06-18,1.363,1.115,1.659,1.258,1.481,rt,
butembo,2026-06-19,1.34,1.115,1.611,1.246,1.448,rt,
butembo,2026-06-20,1.32,1.101,1.576,1.227,1.418,rt,
butembo,2026-06-21,1.3,1.08,1.546,1.209,1.391,rt,
butembo,2026-06-22,1.298,1.07,1.552,1.204,1.394,rt,
butembo,2026-06-23,1.299,1.078,1.546,1.211,1.391,rt,
butembo,2026-06-24,1.3,1.082,1.543,1.21,1.393,rt,
butembo,2026-06-25,1.302,1.084,1.546,1.21,1.396,rt,
butembo,2026-06-26,1.299,1.1,1.529,1.214,1.39,rt,
butembo,2026-06-27,1.298,1.106,1.524,1.214,1.386,rt,
butembo,2026-06-28,1.296,1.099,1.523,1.21,1.39,rt,
butembo,2026-06-29,1.283,1.078,1.519,1.195,1.372,rt,
butembo,2026-06-30,1.266,1.071,1.49,1.183,1.357,rt,
butembo,2026-07-01,1.25,1.065,1.469,1.169,1.339,rt,
butembo,2026-07-02,1.236,1.048,1.462,1.158,1.329,rt,
butembo,2026-07-03,1.24,1.054,1.446,1.164,1.322,rt,
butembo,2026-07-04,1.241,1.054,1.441,1.165,1.319,rt,
butembo,2026-07-05,1.241,1.048,1.446,1.162,1.318,rt,
butembo,2026-07-06,1.246,1.045,1.461,1.164,1.327,rt,
butembo,2026-07-07,1.248,1.052,1.466,1.172,1.331,rt,
butembo,2026-07-08,1.248,1.06,1.473,1.175,1.331,rt,
butembo,2026-07-09,1.248,1.063,1.485,1.177,1.333,rt,
butembo,2026-07-10,1.252,1.075,1.475,1.178,1.331,rt,
butembo,2026-07-11,1.253,1.085,1.465,1.179,1.328,rt,
butembo,2026-07-12,1.254,1.078,1.465,1.177,1.328,rt,
butembo,2026-07-13,1.249,1.064,1.458,1.169,1.331,rt,
butembo,2026-07-14,1.244,1.067,1.45,1.168,1.324,rt,
butembo,2026-07-15,1.244,1.065,1.445,1.165,1.321,rt,
butembo,2026-07-16,1.238,1.064,1.443,1.158,1.316,rt,
butembo,2026-07-17,1.226,1.056,1.417,1.151,1.297,rt,
butembo,2026-07-18,1.214,1.042,1.399,1.14,1.285,rt,
butembo,2026-07-19,1.201,1.025,1.386,1.124,1.274,rt,
butembo,2026-07-20,1.188,1.001,1.377,1.108,1.264,rt,
butembo,2026-07-21,1.181,1.002,1.365,1.105,1.256,rt,
butembo,2026-07-22,1.169,1.0,1.356,1.101,1.249,rt,
butembo,2026-07-23,1.164,0.993,1.359,1.094,1.244,rt,
butembo,2026-07-24,1.161,1.003,1.343,1.095,1.237,rt,
butembo,2026-07-25,1.162,1.004,1.346,1.092,1.235,rt,
butembo,2026-07-26,1.16,1.001,1.343,1.088,1.234,rt,
butembo,2026-07-27,1.163,1.001,1.361,1.089,1.243,rt,
butembo,2026-07-28,1.173,1.013,1.372,1.1,1.251,rt,
butembo,2026-07-29,1.182,1.025,1.383,1.11,1.261,rt,
butembo,2026-07-30,1.188,1.028,1.405,1.116,1.271,rt,
butembo,2026-07-31,1.197,1.038,1.393,1.128,1.268,rt,
butembo,2026-08-01,1.203,1.041,1.395,1.134,1.271,rt,
butembo,2026-08-02,1.209,1.041,1.4,1.142,1.282,rt,
butembo,2026-08-03,1.217,1.037,1.424,1.147,1.296,rt,
butembo,2026-08-04,1.226,1.046,1.42,1.154,1.301,rt,
butembo,2026-08-05,1.232,1.055,1.421,1.159,1.306,rt,
butembo,2026-08-06,1.236,1.061,1.431,1.162,1.31,rt,
butembo,2026-08-07,1.245,1.077,1.431,1.175,1.317,rt,
butembo,2026-08-08,1.252,1.089,1.437,1.182,1.323,rt,
butembo,2026-08-09,1.261,1.097,1.451,1.185,1.328,rt,
butembo,2026-08-10,1.256,1.089,1.458,1.179,1.331,rt,
butembo,2026-08-11,1.245,1.087,1.442,1.171,1.32,rt,
butembo,2026-08-12,1.234,1.08,1.428,1.161,1.31,rt,
butembo,2026-08-13,1.226,1.066,1.423,1.152,1.301,rt,
butembo,2026-08-14,1.216,1.061,1.402,1.144,1.288,rt,
butembo,2026-08-15,1.204,1.053,1.4,1.136,1.274,rt,
butembo,2026-08-16,1.192,1.036,1.389,1.124,1.265,rt,
butembo,2026-08-17,1.187,1.016,1.393,1.114,1.265,rt,
butembo,2026-08-18,1.181,1.01,1.378,1.106,1.257,rt,
butembo,2026-08-19,1.17,1.003,1.367,1.095,1.245,rt,
butembo,2026-08-20,1.159,0.987,1.358,1.081,1.234,rt,
butembo,2026-08-21,1.134,0.972,1.319,1.062,1.204,rt,
butembo,2026-08-22,1.111,0.95,1.291,1.04,1.181,rt,
butembo,2026-08-23,1.087,0.919,1.266,1.015,1.157,rt,
butembo,2026-08-24,1.052,0.879,1.239,0.98,1.124,rt,
butembo,2026-08-25,1.02,0.854,1.197,0.951,1.091,rt,
butembo,2026-08-26,0.987,0.829,1.161,0.924,1.059,rt,
butembo,2026-08-27,0.957,0.799,1.131,0.892,1.028,rt,
butembo,2026-08-28,0.919,0.766,1.082,0.859,0.985,rt,
butembo,2026-08-29,0.882,0.731,1.044,0.819,0.946,rt,
butembo,2026-08-30,0.847,0.69,1.012,0.782,0.914,rt,
butembo,2026-08-31,0.8,0.631,0.97,0.733,0.867,rt,
butembo,2026-09-01,0.771,0.62,0.929,0.71,0.834,rt,
butembo,2026-09-02,0.746,0.605,0.896,0.688,0.806,rt,
butembo,2026-09-03,0.725,0.589,0.87,0.663,0.781,rt,
butembo,2026-09-04,0.705,0.573,0.839,0.644,0.758,rt,
butembo,2026-09-05,0.682,0.554,0.827,0.627,0.74,rt,
butembo,2026-09-06,0.664,0.529,0.81,0.608,0.725,rt,
butembo,2026-09-07,0.657,0.511,0.81,0.598,0.723,rt,
butembo,2026-09-08,0.665,0.531,0.816,0.607,0.727,rt,
butembo,2026-09-09,0.677,0.541,0.821,0.618,0.735,rt,
butembo,2026-09-10,0.686,0.551,0.838,0.627,0.744,rt,
butembo,2026-09-11,0.703,0.571,0.858,0.644,0.761,rt,
butembo,2026-09-12,0.719,0.589,0.884,0.66,0.783,rt,
butembo,2026-09-13,0.737,0.596,0.917,0.675,0.805,rt,
butembo,2026-09-14,0.772,0.608,0.977,0.702,0.844,rt,
butembo,2026-09-15,0.801,0.639,1.013,0.732,0.877,rt,
butembo,2026-09-16,0.832,0.663,1.053,0.759,0.913,rt,
butembo,2026-09-17,0.863,0.678,1.097,0.785,0.952,rt,
butembo,2026-09-18,0.893,0.695,1.146,0.806,0.989,rt,
butembo,2026-09-19,0.92,0.709,1.201,0.827,1.026,rt,
butembo,2026-09-20,0.952,0.712,1.261,0.844,1.068,rt,
butembo,2026-09-21,0.985,0.717,1.344,0.866,1.115,rt,
butembo,2026-09-22,1.003,0.73,1.382,0.882,1.142,rt,
butembo,2026-09-23,1.029,0.734,1.419,0.896,1.168,rt,
butembo,2026-09-24,1.048,0.735,1.46,0.91,1.194,rt,
butembo,2026-09-25,1.063,0.736,1.495,0.921,1.217,rt,
butembo,2026-09-26,1.079,0.739,1.534,0.935,1.248,rt,
butembo,2026-09-27,1.095,0.74,1.592,0.947,1.273,rt,
butembo,2026-09-28,1.089,0.719,1.617,0.935,1.28,rt,
butembo,2026-09-29,1.086,0.713,1.617,0.928,1.283,rt,
butembo,2026-09-30,1.079,0.696,1.609,0.922,1.281,rt,
butembo,2026-10-01,1.08,0.689,1.619,0.911,1.283,rt,
butembo,2026-10-02,1.053,0.668,1.627,0.893,1.271,rt,
butembo,2026-10-03,1.044,0.639,1.646,0.87,1.263,rt,
butembo,2026-10-04,1.029,0.603,1.676,0.846,1.261,rt,
butembo,2026-10-05,1.0,0.559,1.704,0.82,1.248,rt,
butembo,2026-10-06,1.012,0.55,1.677,0.817,1.26,rt,
kalunguta,2026-07-21,1.524,1.21,1.941,1.391,1.674,rt,
kalunguta,2026-07-22,1.515,1.208,1.912,1.386,1.661,rt,
kalunguta,2026-07-23,1.504,1.207,1.893,1.382,1.647,rt,
kalunguta,2026-07-24,1.5,1.206,1.867,1.38,1.638,rt,
kalunguta,2026-07-25,1.497,1.209,1.87,1.373,1.632,rt,
kalunguta,2026-07-26,1.489,1.196,1.874,1.362,1.629,rt,
kalunguta,2026-07-27,1.496,1.178,1.898,1.36,1.643,rt,
kalunguta,2026-07-28,1.502,1.198,1.889,1.371,1.64,rt,
kalunguta,2026-07-29,1.508,1.212,1.883,1.383,1.641,rt,
kalunguta,2026-07-30,1.513,1.217,1.89,1.39,1.652,rt,
kalunguta,2026-07-31,1.516,1.221,1.892,1.395,1.652,rt,
kalunguta,2026-08-01,1.517,1.226,1.888,1.394,1.656,rt,
kalunguta,2026-08-02,1.522,1.22,1.918,1.389,1.666,rt,
kalunguta,2026-08-03,1.528,1.21,1.947,1.391,1.678,rt,
kalunguta,2026-08-04,1.544,1.234,1.942,1.405,1.692,rt,
kalunguta,2026-08-05,1.555,1.252,1.947,1.419,1.701,rt,
kalunguta,2026-08-06,1.567,1.262,1.953,1.43,1.719,rt,
kalunguta,2026-08-07,1.58,1.285,1.95,1.453,1.727,rt,
kalunguta,2026-08-08,1.599,1.299,1.981,1.471,1.745,rt,
kalunguta,2026-08-09,1.615,1.292,2.025,1.482,1.768,rt,
kalunguta,2026-08-10,1.622,1.277,2.055,1.481,1.784,rt,
kalunguta,2026-08-11,1.633,1.301,2.037,1.499,1.783,rt,
kalunguta,2026-08-12,1.644,1.333,2.032,1.515,1.787,rt,
kalunguta,2026-08-13,1.655,1.355,2.047,1.521,1.798,rt,
kalunguta,2026-08-14,1.664,1.375,2.052,1.534,1.805,rt,
kalunguta,2026-08-15,1.674,1.374,2.061,1.545,1.818,rt,
kalunguta,2026-08-16,1.681,1.37,2.098,1.553,1.831,rt,
kalunguta,2026-08-17,1.7,1.37,2.144,1.562,1.856,rt,
kalunguta,2026-08-18,1.724,1.4,2.14,1.594,1.875,rt,
kalunguta,2026-08-19,1.744,1.427,2.155,1.611,1.898,rt,
kalunguta,2026-08-20,1.764,1.445,2.185,1.632,1.917,rt,
kalunguta,2026-08-21,1.765,1.45,2.185,1.632,1.916,rt,
kalunguta,2026-08-22,1.763,1.45,2.188,1.628,1.919,rt,
kalunguta,2026-08-23,1.762,1.432,2.206,1.614,1.922,rt,
kalunguta,2026-08-24,1.738,1.405,2.207,1.59,1.916,rt,
kalunguta,2026-08-25,1.715,1.394,2.167,1.574,1.887,rt,
kalunguta,2026-08-26,1.689,1.381,2.15,1.555,1.853,rt,
kalunguta,2026-08-27,1.669,1.365,2.118,1.527,1.829,rt,
kalunguta,2026-08-28,1.624,1.341,2.046,1.492,1.773,rt,
kalunguta,2026-08-29,1.579,1.303,2.017,1.456,1.729,rt,
kalunguta,2026-08-30,1.535,1.257,1.988,1.415,1.69,rt,
kalunguta,2026-08-31,1.469,1.184,1.921,1.352,1.622,rt,
kalunguta,2026-09-01,1.407,1.145,1.816,1.3,1.549,rt,
kalunguta,2026-09-02,1.346,1.098,1.719,1.245,1.483,rt,
kalunguta,2026-09-03,1.295,1.049,1.653,1.192,1.419,rt,
kalunguta,2026-09-04,1.246,1.013,1.567,1.149,1.366,rt,
kalunguta,2026-09-05,1.205,0.979,1.524,1.108,1.315,rt,
kalunguta,2026-09-06,1.166,0.936,1.463,1.064,1.272,rt,
kalunguta,2026-09-07,1.14,0.901,1.45,1.034,1.251,rt,
kalunguta,2026-09-08,1.12,0.895,1.402,1.022,1.22,rt,
kalunguta,2026-09-09,1.104,0.885,1.366,1.01,1.199,rt,
kalunguta,2026-09-10,1.09,0.874,1.334,0.99,1.183,rt,
kalunguta,2026-09-11,1.086,0.871,1.324,0.992,1.176,rt,
kalunguta,2026-09-12,1.083,0.863,1.315,0.987,1.17,rt,
kalunguta,2026-09-13,1.075,0.847,1.316,0.979,1.17,rt,
kalunguta,2026-09-14,1.089,0.845,1.351,0.989,1.194,rt,
kalunguta,2026-09-15,1.108,0.866,1.366,1.005,1.207,rt,
kalunguta,2026-09-16,1.125,0.878,1.386,1.02,1.226,rt,
kalunguta,2026-09-17,1.141,0.892,1.412,1.032,1.246,rt,
kalunguta,2026-09-18,1.151,0.894,1.443,1.039,1.259,rt,
kalunguta,2026-09-19,1.162,0.887,1.474,1.044,1.272,rt,
kalunguta,2026-09-20,1.168,0.878,1.52,1.046,1.289,rt,
kalunguta,2026-09-21,1.178,0.87,1.562,1.046,1.317,rt,
kalunguta,2026-09-22,1.196,0.876,1.605,1.059,1.337,rt,
kalunguta,2026-09-23,1.206,0.878,1.631,1.068,1.36,rt,
kalunguta,2026-09-24,1.219,0.885,1.663,1.073,1.381,rt,
kalunguta,2026-09-25,1.229,0.884,1.7,1.077,1.399,rt,
kalunguta,2026-09-26,1.236,0.872,1.743,1.075,1.419,rt,
kalunguta,2026-09-27,1.248,0.865,1.791,1.076,1.437,rt,
kalunguta,2026-09-28,1.236,0.844,1.812,1.055,1.437,rt,
kalunguta,2026-09-29,1.223,0.829,1.813,1.05,1.427,rt,
kalunguta,2026-09-30,1.218,0.807,1.808,1.035,1.422,rt,
kalunguta,2026-10-01,1.209,0.786,1.818,1.021,1.418,rt,
kalunguta,2026-10-02,1.186,0.749,1.812,1.005,1.407,rt,
kalunguta,2026-10-03,1.164,0.714,1.843,0.974,1.399,rt,
kalunguta,2026-10-04,1.146,0.672,1.871,0.943,1.399,rt,
kalunguta,2026-10-05,1.115,0.622,1.878,0.902,1.385,rt,
kalunguta,2026-10-06,1.105,0.626,1.793,0.89,1.363,rt,
katwa,2026-05-24,3.121,2.387,4.302,2.792,3.506,rt,
katwa,2026-05-25,3.001,2.294,4.13,2.691,3.382,rt,
katwa,2026-05-26,2.894,2.234,3.94,2.607,3.259,rt,
katwa,2026-05-27,2.797,2.173,3.768,2.527,3.149,rt,
katwa,2026-05-28,2.707,2.107,3.63,2.443,3.047,rt,
katwa,2026-05-29,2.607,2.066,3.437,2.369,2.909,rt,
katwa,2026-05-30,2.524,1.99,3.287,2.296,2.79,rt,
katwa,2026-05-31,2.44,1.929,3.142,2.224,2.681,rt,
katwa,2026-06-01,2.354,1.865,3.016,2.154,2.59,rt,
katwa,2026-06-02,2.288,1.822,2.918,2.092,2.505,rt,
katwa,2026-06-03,2.222,1.776,2.825,2.041,2.429,rt,
katwa,2026-06-04,2.159,1.73,2.741,1.98,2.362,rt,
katwa,2026-06-05,2.085,1.698,2.614,1.914,2.274,rt,
katwa,2026-06-06,2.018,1.655,2.524,1.859,2.203,rt,
katwa,2026-06-07,1.958,1.6,2.437,1.806,2.129,rt,
katwa,2026-06-08,1.907,1.56,2.369,1.755,2.075,rt,
katwa,2026-06-09,1.858,1.515,2.293,1.718,2.024,rt,
katwa,2026-06-10,1.815,1.477,2.233,1.674,1.976,rt,
katwa,2026-06-11,1.77,1.435,2.186,1.628,1.926,rt,
katwa,2026-06-12,1.721,1.418,2.11,1.587,1.867,rt,
katwa,2026-06-13,1.676,1.39,2.035,1.546,1.81,rt,
katwa,2026-06-14,1.628,1.358,1.973,1.505,1.757,rt,
katwa,2026-06-15,1.598,1.329,1.946,1.476,1.727,rt,
katwa,2026-06-16,1.569,1.313,1.897,1.452,1.691,rt,
katwa,2026-06-17,1.537,1.288,1.855,1.425,1.659,rt,
katwa,2026-06-18,1.508,1.266,1.824,1.396,1.63,rt,
katwa,2026-06-19,1.482,1.253,1.761,1.381,1.591,rt,
katwa,2026-06-20,1.457,1.244,1.713,1.367,1.551,rt,
katwa,2026-06-21,1.431,1.223,1.681,1.347,1.52,rt,
katwa,2026-06-22,1.428,1.216,1.684,1.345,1.518,rt,
katwa,2026-06-23,1.426,1.218,1.673,1.341,1.518,rt,
katwa,2026-06-24,1.422,1.215,1.658,1.338,1.514,rt,
katwa,2026-06-25,1.417,1.209,1.661,1.331,1.51,rt,
katwa,2026-06-26,1.412,1.219,1.634,1.329,1.5,rt,
katwa,2026-06-27,1.407,1.228,1.624,1.327,1.492,rt,
katwa,2026-06-28,1.405,1.224,1.619,1.323,1.486,rt,
katwa,2026-06-29,1.383,1.2,1.596,1.302,1.463,rt,
katwa,2026-06-30,1.361,1.184,1.569,1.282,1.44,rt,
katwa,2026-07-01,1.339,1.169,1.545,1.263,1.421,rt,
katwa,2026-07-02,1.322,1.152,1.521,1.245,1.403,rt,
katwa,2026-07-03,1.315,1.156,1.503,1.248,1.391,rt,
katwa,2026-07-04,1.31,1.161,1.487,1.247,1.382,rt,
katwa,2026-07-05,1.304,1.158,1.482,1.241,1.378,rt,
katwa,2026-07-06,1.306,1.152,1.489,1.237,1.384,rt,
katwa,2026-07-07,1.312,1.156,1.497,1.24,1.387,rt,
katwa,2026-07-08,1.318,1.153,1.509,1.241,1.395,rt,
katwa,2026-07-09,1.321,1.149,1.521,1.242,1.402,rt,
katwa,2026-07-10,1.324,1.162,1.512,1.253,1.4,rt,
katwa,2026-07-11,1.325,1.172,1.507,1.256,1.399,rt,
katwa,2026-07-12,1.327,1.169,1.506,1.256,1.396,rt,
katwa,2026-07-13,1.321,1.158,1.507,1.251,1.392,rt,
katwa,2026-07-14,1.32,1.163,1.499,1.252,1.388,rt,
katwa,2026-07-15,1.319,1.161,1.495,1.25,1.386,rt,
katwa,2026-07-16,1.316,1.156,1.498,1.249,1.388,rt,
katwa,2026-07-17,1.304,1.162,1.474,1.244,1.367,rt,
katwa,2026-07-18,1.292,1.158,1.453,1.237,1.354,rt,
katwa,2026-07-19,1.279,1.143,1.449,1.227,1.343,rt,
katwa,2026-07-20,1.268,1.124,1.439,1.21,1.333,rt,
katwa,2026-07-21,1.257,1.112,1.43,1.2,1.32,rt,
katwa,2026-07-22,1.246,1.1,1.415,1.186,1.309,rt,
katwa,2026-07-23,1.234,1.081,1.407,1.171,1.301,rt,
katwa,2026-07-24,1.228,1.091,1.385,1.166,1.29,rt,
katwa,2026-07-25,1.222,1.084,1.369,1.159,1.279,rt,
katwa,2026-07-26,1.213,1.073,1.368,1.151,1.274,rt,
katwa,2026-07-27,1.212,1.067,1.377,1.148,1.279,rt,
katwa,2026-07-28,1.208,1.06,1.368,1.144,1.277,rt,
katwa,2026-07-29,1.203,1.058,1.37,1.141,1.272,rt,
katwa,2026-07-30,1.199,1.044,1.373,1.137,1.27,rt,
katwa,2026-07-31,1.193,1.046,1.359,1.132,1.256,rt,
katwa,2026-08-01,1.186,1.041,1.344,1.126,1.246,rt,
katwa,2026-08-02,1.178,1.035,1.336,1.12,1.237,rt,
katwa,2026-08-03,1.174,1.026,1.341,1.114,1.234,rt,
katwa,2026-08-04,1.166,1.022,1.331,1.11,1.228,rt,
katwa,2026-08-05,1.16,1.016,1.325,1.104,1.225,rt,
katwa,2026-08-06,1.155,1.004,1.323,1.097,1.222,rt,
katwa,2026-08-07,1.154,1.012,1.305,1.098,1.213,rt,
katwa,2026-08-08,1.152,1.013,1.296,1.097,1.209,rt,
katwa,2026-08-09,1.149,1.01,1.291,1.091,1.206,rt,
katwa,2026-08-10,1.138,0.992,1.288,1.077,1.196,rt,
katwa,2026-08-11,1.125,0.987,1.276,1.066,1.183,rt,
katwa,2026-08-12,1.113,0.979,1.264,1.054,1.169,rt,
katwa,2026-08-13,1.102,0.968,1.259,1.044,1.156,rt,
katwa,2026-08-14,1.089,0.963,1.233,1.037,1.145,rt,
katwa,2026-08-15,1.076,0.952,1.213,1.027,1.134,rt,
katwa,2026-08-16,1.064,0.932,1.203,1.013,1.122,rt,
katwa,2026-08-17,1.061,0.915,1.209,1.002,1.121,rt,
katwa,2026-08-18,1.055,0.91,1.199,0.998,1.115,rt,
katwa,2026-08-19,1.047,0.901,1.193,0.988,1.109,rt,
katwa,2026-08-20,1.038,0.89,1.19,0.977,1.102,rt,
katwa,2026-08-21,1.017,0.88,1.163,0.963,1.078,rt,
katwa,2026-08-22,0.999,0.863,1.14,0.942,1.059,rt,
katwa,2026-08-23,0.979,0.84,1.129,0.917,1.043,rt,
katwa,2026-08-24,0.951,0.804,1.107,0.885,1.016,rt,
katwa,2026-08-25,0.922,0.78,1.071,0.86,0.984,rt,
katwa,2026-08-26,0.896,0.755,1.042,0.832,0.955,rt,
katwa,2026-08-27,0.865,0.73,1.013,0.806,0.931,rt,
katwa,2026-08-28,0.833,0.701,0.97,0.773,0.892,rt,
katwa,2026-08-29,0.798,0.67,0.94,0.742,0.859,rt,
katwa,2026-08-30,0.766,0.631,0.91,0.707,0.828,rt,
katwa,2026-08-31,0.721,0.581,0.878,0.662,0.787,rt,
katwa,2026-09-01,0.695,0.566,0.841,0.641,0.759,rt,
katwa,2026-09-02,0.673,0.548,0.812,0.62,0.731,rt,
katwa,2026-09-03,0.65,0.531,0.788,0.601,0.707,rt,
katwa,2026-09-04,0.631,0.513,0.763,0.585,0.686,rt,
katwa,2026-09-05,0.615,0.496,0.743,0.569,0.667,rt,
katwa,2026-09-06,0.6,0.48,0.732,0.552,0.653,rt,
katwa,2026-09-07,0.593,0.465,0.736,0.542,0.648,rt,
katwa,2026-09-08,0.602,0.48,0.741,0.553,0.654,rt,
katwa,2026-09-09,0.612,0.49,0.748,0.562,0.662,rt,
katwa,2026-09-10,0.621,0.502,0.754,0.572,0.672,rt,
katwa,2026-09-11,0.637,0.521,0.769,0.589,0.691,rt,
katwa,2026-09-12,0.656,0.534,0.791,0.604,0.712,rt,
katwa,2026-09-13,0.673,0.54,0.825,0.618,0.734,rt,
katwa,2026-09-14,0.703,0.555,0.879,0.643,0.772,rt,
katwa,2026-09-15,0.733,0.58,0.913,0.671,0.804,rt,
katwa,2026-09-16,0.766,0.604,0.949,0.697,0.836,rt,
katwa,2026-09-17,0.798,0.628,0.992,0.721,0.874,rt,
katwa,2026-09-18,0.823,0.65,1.031,0.744,0.907,rt,
katwa,2026-09-19,0.851,0.655,1.084,0.765,0.942,rt,
katwa,2026-09-20,0.881,0.661,1.145,0.786,0.981,rt,
katwa,2026-09-21,0.914,0.674,1.218,0.81,1.03,rt,
katwa,2026-09-22,0.932,0.682,1.242,0.827,1.055,rt,
katwa,2026-09-23,0.955,0.685,1.283,0.839,1.089,rt,
katwa,2026-09-24,0.977,0.685,1.333,0.851,1.117,rt,
katwa,2026-09-25,0.995,0.694,1.387,0.866,1.143,rt,
katwa,2026-09-26,1.01,0.699,1.442,0.876,1.17,rt,
katwa,2026-09-27,1.03,0.698,1.491,0.884,1.2,rt,
katwa,2026-09-28,1.032,0.671,1.523,0.875,1.212,rt,
katwa,2026-09-29,1.029,0.665,1.527,0.867,1.212,rt,
katwa,2026-09-30,1.029,0.657,1.538,0.861,1.207,rt,
katwa,2026-10-01,1.023,0.651,1.543,0.854,1.207,rt,
katwa,2026-10-02,1.009,0.629,1.543,0.843,1.201,rt,
katwa,2026-10-03,0.994,0.601,1.566,0.822,1.196,rt,
katwa,2026-10-04,0.979,0.565,1.609,0.802,1.198,rt,
katwa,2026-10-05,0.955,0.526,1.625,0.779,1.19,rt,
katwa,2026-10-06,0.967,0.542,1.608,0.78,1.204,rt,
kayna,2026-09-19,1.116,0.938,1.316,1.04,1.195,rt,
kayna,2026-09-20,1.132,0.934,1.35,1.048,1.217,rt,
kayna,2026-09-21,1.151,0.936,1.396,1.06,1.249,rt,
kayna,2026-09-22,1.168,0.937,1.445,1.073,1.28,rt,
kayna,2026-09-23,1.187,0.938,1.495,1.079,1.307,rt,
kayna,2026-09-24,1.202,0.941,1.537,1.085,1.33,rt,
kayna,2026-09-25,1.214,0.941,1.564,1.093,1.355,rt,
kayna,2026-09-26,1.229,0.933,1.591,1.101,1.375,rt,
kayna,2026-09-27,1.24,0.932,1.637,1.109,1.399,rt,
kayna,2026-09-28,1.235,0.905,1.654,1.095,1.402,rt,
kayna,2026-09-29,1.225,0.883,1.679,1.082,1.398,rt,
kayna,2026-09-30,1.217,0.864,1.686,1.071,1.395,rt,
kayna,2026-10-01,1.208,0.845,1.696,1.06,1.396,rt,
kayna,2026-10-02,1.193,0.81,1.702,1.039,1.38,rt,
kayna,2026-10-03,1.172,0.787,1.728,1.013,1.365,rt,
kayna,2026-10-04,1.15,0.749,1.745,0.983,1.356,rt,
kayna,2026-10-05,1.12,0.7,1.756,0.949,1.352,rt,
kayna,2026-10-06,1.12,0.703,1.68,0.949,1.327,rt,
kyondo,2026-06-28,1.327,0.985,1.752,1.185,1.474,rt,
kyondo,2026-06-29,1.303,0.947,1.731,1.156,1.451,rt,
kyondo,2026-06-30,1.282,0.946,1.687,1.138,1.422,rt,
kyondo,2026-07-01,1.255,0.937,1.639,1.119,1.393,rt,
kyondo,2026-07-02,1.229,0.921,1.597,1.097,1.362,rt,
kyondo,2026-07-03,1.22,0.914,1.572,1.088,1.348,rt,
kyondo,2026-07-04,1.21,0.912,1.561,1.075,1.345,rt,
kyondo,2026-07-05,1.195,0.893,1.556,1.057,1.337,rt,
kyondo,2026-07-06,1.194,0.875,1.585,1.05,1.345,rt,
kyondo,2026-07-07,1.188,0.888,1.556,1.05,1.335,rt,
kyondo,2026-07-08,1.183,0.893,1.53,1.05,1.325,rt,
kyondo,2026-07-09,1.174,0.895,1.532,1.051,1.32,rt,
kyondo,2026-07-10,1.169,0.895,1.527,1.051,1.308,rt,
kyondo,2026-07-11,1.168,0.891,1.524,1.05,1.3,rt,
kyondo,2026-07-12,1.16,0.874,1.53,1.037,1.293,rt,
kyondo,2026-07-13,1.151,0.858,1.539,1.023,1.286,rt,
kyondo,2026-07-14,1.147,0.868,1.499,1.025,1.273,rt,
kyondo,2026-07-15,1.137,0.876,1.476,1.026,1.262,rt,
kyondo,2026-07-16,1.134,0.869,1.465,1.019,1.26,rt,
kyondo,2026-07-17,1.122,0.862,1.439,1.005,1.247,rt,
kyondo,2026-07-18,1.111,0.839,1.433,0.987,1.232,rt,
kyondo,2026-07-19,1.097,0.817,1.429,0.973,1.225,rt,
kyondo,2026-07-20,1.085,0.793,1.431,0.96,1.215,rt,
kyondo,2026-07-21,1.074,0.802,1.414,0.958,1.201,rt,
kyondo,2026-07-22,1.063,0.804,1.395,0.953,1.19,rt,
kyondo,2026-07-23,1.053,0.804,1.377,0.946,1.179,rt,
kyondo,2026-07-24,1.053,0.81,1.357,0.95,1.174,rt,
kyondo,2026-07-25,1.052,0.804,1.359,0.941,1.16,rt,
kyondo,2026-07-26,1.051,0.795,1.365,0.935,1.162,rt,
kyondo,2026-07-27,1.05,0.777,1.393,0.936,1.179,rt,
kyondo,2026-07-28,1.059,0.801,1.381,0.947,1.179,rt,
kyondo,2026-07-29,1.068,0.816,1.384,0.956,1.185,rt,
kyondo,2026-07-30,1.077,0.824,1.378,0.961,1.193,rt,
kyondo,2026-07-31,1.082,0.828,1.371,0.969,1.199,rt,
kyondo,2026-08-01,1.089,0.825,1.38,0.979,1.205,rt,
kyondo,2026-08-02,1.096,0.815,1.408,0.979,1.212,rt,
kyondo,2026-08-03,1.107,0.806,1.445,0.985,1.225,rt,
kyondo,2026-08-04,1.126,0.839,1.44,1.011,1.238,rt,
kyondo,2026-08-05,1.142,0.866,1.448,1.03,1.254,rt,
kyondo,2026-08-06,1.161,0.89,1.478,1.046,1.273,rt,
kyondo,2026-08-07,1.186,0.915,1.493,1.075,1.301,rt,
kyondo,2026-08-08,1.206,0.929,1.517,1.095,1.325,rt,
kyondo,2026-08-09,1.228,0.94,1.556,1.112,1.353,rt,
kyondo,2026-08-10,1.248,0.948,1.6,1.121,1.372,rt,
kyondo,2026-08-11,1.267,0.985,1.603,1.146,1.389,rt,
kyondo,2026-08-12,1.284,1.005,1.631,1.168,1.407,rt,
kyondo,2026-08-13,1.303,1.034,1.653,1.186,1.429,rt,
kyondo,2026-08-14,1.325,1.056,1.685,1.208,1.453,rt,
kyondo,2026-08-15,1.345,1.071,1.722,1.218,1.477,rt,
kyondo,2026-08-16,1.367,1.081,1.766,1.234,1.507,rt,
kyondo,2026-08-17,1.396,1.096,1.832,1.254,1.552,rt,
kyondo,2026-08-18,1.42,1.123,1.84,1.276,1.562,rt,
kyondo,2026-08-19,1.443,1.137,1.846,1.296,1.582,rt,
kyondo,2026-08-20,1.452,1.157,1.86,1.318,1.604,rt,
kyondo,2026-08-21,1.457,1.158,1.867,1.325,1.611,rt,
kyondo,2026-08-22,1.457,1.147,1.896,1.324,1.613,rt,
kyondo,2026-08-23,1.459,1.134,1.935,1.316,1.618,rt,
kyondo,2026-08-24,1.446,1.101,1.952,1.294,1.61,rt,
kyondo,2026-08-25,1.398,1.082,1.854,1.265,1.557,rt,
kyondo,2026-08-26,1.354,1.065,1.789,1.237,1.511,rt,
kyondo,2026-08-27,1.315,1.034,1.723,1.198,1.461,rt,
kyondo,2026-08-28,1.267,0.995,1.635,1.147,1.406,rt,
kyondo,2026-08-29,1.218,0.943,1.576,1.098,1.353,rt,
kyondo,2026-08-30,1.168,0.893,1.539,1.048,1.305,rt,
kyondo,2026-08-31,1.098,0.822,1.477,0.986,1.241,rt,
kyondo,2026-09-01,1.048,0.792,1.37,0.944,1.18,rt,
kyondo,2026-09-02,1.0,0.764,1.296,0.897,1.117,rt,
kyondo,2026-09-03,0.958,0.728,1.246,0.855,1.067,rt,
kyondo,2026-09-04,0.918,0.692,1.182,0.817,1.026,rt,
kyondo,2026-09-05,0.879,0.656,1.135,0.782,0.986,rt,
kyondo,2026-09-06,0.842,0.619,1.106,0.744,0.952,rt,
kyondo,2026-09-07,0.822,0.591,1.102,0.717,0.935,rt,
kyondo,2026-09-08,0.819,0.593,1.08,0.718,0.923,rt,
kyondo,2026-09-09,0.815,0.594,1.063,0.715,0.914,rt,
kyondo,2026-09-10,0.81,0.594,1.049,0.71,0.906,rt,
kyondo,2026-09-11,0.817,0.597,1.049,0.717,0.908,rt,
kyondo,2026-09-12,0.818,0.599,1.064,0.723,0.914,rt,
kyondo,2026-09-13,0.819,0.595,1.091,0.724,0.922,rt,
kyondo,2026-09-14,0.838,0.599,1.139,0.737,0.954,rt,
kyondo,2026-09-15,0.862,0.618,1.157,0.759,0.975,rt,
kyondo,2026-09-16,0.893,0.64,1.19,0.78,1.004,rt,
kyondo,2026-09-17,0.918,0.656,1.233,0.799,1.03,rt,
kyondo,2026-09-18,0.936,0.661,1.262,0.815,1.062,rt,
kyondo,2026-09-19,0.955,0.665,1.316,0.826,1.09,rt,
kyondo,2026-09-20,0.976,0.663,1.376,0.84,1.119,rt,
kyondo,2026-09-21,1.0,0.664,1.458,0.855,1.158,rt,
kyondo,2026-09-22,1.023,0.682,1.491,0.868,1.178,rt,
kyondo,2026-09-23,1.044,0.693,1.521,0.889,1.197,rt,
kyondo,2026-09-24,1.064,0.704,1.554,0.908,1.229,rt,
kyondo,2026-09-25,1.081,0.702,1.604,0.922,1.255,rt,
kyondo,2026-09-26,1.102,0.703,1.639,0.932,1.289,rt,
kyondo,2026-09-27,1.12,0.706,1.675,0.942,1.316,rt,
kyondo,2026-09-28,1.118,0.685,1.71,0.934,1.326,rt,
kyondo,2026-09-29,1.111,0.682,1.712,0.922,1.331,rt,
kyondo,2026-09-30,1.108,0.673,1.715,0.911,1.344,rt,
kyondo,2026-10-01,1.103,0.661,1.722,0.904,1.344,rt,
kyondo,2026-10-02,1.089,0.628,1.713,0.883,1.339,rt,
kyondo,2026-10-03,1.072,0.595,1.776,0.869,1.313,rt,
kyondo,2026-10-04,1.06,0.573,1.839,0.85,1.308,rt,
kyondo,2026-10-05,1.034,0.541,1.872,0.813,1.302,rt,
kyondo,2026-10-06,1.042,0.56,1.878,0.81,1.301,rt,
lubero,2026-08-14,1.537,1.363,1.744,1.462,1.619,rt,
lubero,2026-08-15,1.542,1.37,1.745,1.469,1.628,rt,
lubero,2026-08-16,1.545,1.373,1.755,1.472,1.633,rt,
lubero,2026-08-17,1.564,1.38,1.776,1.483,1.651,rt,
lubero,2026-08-18,1.573,1.386,1.79,1.494,1.663,rt,
lubero,2026-08-19,1.584,1.39,1.806,1.501,1.675,rt,
lubero,2026-08-20,1.593,1.389,1.826,1.504,1.685,rt,
lubero,2026-08-21,1.583,1.393,1.8,1.504,1.672,rt,
lubero,2026-08-22,1.577,1.39,1.793,1.5,1.658,rt,
lubero,2026-08-23,1.566,1.38,1.783,1.486,1.645,rt,
lubero,2026-08-24,1.539,1.353,1.764,1.459,1.621,rt,
lubero,2026-08-25,1.508,1.33,1.733,1.432,1.591,rt,
lubero,2026-08-26,1.475,1.303,1.7,1.4,1.56,rt,
lubero,2026-08-27,1.443,1.267,1.672,1.371,1.533,rt,
lubero,2026-08-28,1.4,1.241,1.609,1.331,1.481,rt,
lubero,2026-08-29,1.36,1.203,1.546,1.291,1.432,rt,
lubero,2026-08-30,1.319,1.163,1.504,1.251,1.389,rt,
lubero,2026-08-31,1.255,1.098,1.434,1.191,1.326,rt,
lubero,2026-09-01,1.205,1.049,1.378,1.14,1.269,rt,
lubero,2026-09-02,1.157,1.003,1.329,1.094,1.222,rt,
lubero,2026-09-03,1.113,0.96,1.284,1.047,1.179,rt,
lubero,2026-09-04,1.074,0.935,1.23,1.014,1.132,rt,
lubero,2026-09-05,1.038,0.905,1.182,0.982,1.093,rt,
lubero,2026-09-06,1.003,0.869,1.139,0.951,1.059,rt,
lubero,2026-09-07,0.982,0.851,1.122,0.932,1.041,rt,
lubero,2026-09-08,0.975,0.848,1.11,0.925,1.031,rt,
lubero,2026-09-09,0.969,0.841,1.103,0.916,1.025,rt,
lubero,2026-09-10,0.964,0.834,1.102,0.907,1.019,rt,
lubero,2026-09-11,0.968,0.846,1.097,0.913,1.02,rt,
lubero,2026-09-12,0.971,0.851,1.096,0.921,1.021,rt,
lubero,2026-09-13,0.974,0.852,1.1,0.926,1.027,rt,
lubero,2026-09-14,0.998,0.867,1.133,0.941,1.055,rt,
lubero,2026-09-15,1.02,0.883,1.16,0.961,1.079,rt,
lubero,2026-09-16,1.043,0.893,1.195,0.979,1.106,rt,
lubero,2026-09-17,1.065,0.903,1.23,0.996,1.132,rt,
lubero,2026-09-18,1.08,0.916,1.257,1.01,1.151,rt,
lubero,2026-09-19,1.094,0.917,1.289,1.021,1.173,rt,
lubero,2026-09-20,1.111,0.911,1.329,1.028,1.194,rt,
lubero,2026-09-21,1.132,0.912,1.372,1.043,1.226,rt,
lubero,2026-09-22,1.147,0.915,1.417,1.052,1.256,rt,
lubero,2026-09-23,1.163,0.918,1.466,1.059,1.283,rt,
lubero,2026-09-24,1.182,0.914,1.508,1.067,1.308,rt,
lubero,2026-09-25,1.198,0.918,1.531,1.077,1.331,rt,
lubero,2026-09-26,1.205,0.914,1.565,1.083,1.354,rt,
lubero,2026-09-27,1.219,0.908,1.608,1.087,1.376,rt,
lubero,2026-09-28,1.211,0.888,1.616,1.073,1.377,rt,
lubero,2026-09-29,1.202,0.867,1.637,1.061,1.373,rt,
lubero,2026-09-30,1.195,0.847,1.658,1.049,1.373,rt,
lubero,2026-10-01,1.192,0.828,1.671,1.04,1.373,rt,
lubero,2026-10-02,1.17,0.797,1.675,1.021,1.355,rt,
lubero,2026-10-03,1.151,0.769,1.699,0.995,1.336,rt,
lubero,2026-10-04,1.131,0.735,1.719,0.963,1.332,rt,
lubero,2026-10-05,1.103,0.684,1.73,0.929,1.319,rt,
lubero,2026-10-06,1.097,0.681,1.653,0.931,1.298,rt,
mabalako,2026-08-13,2.018,1.57,2.659,1.821,2.253,rt,
mabalako,2026-08-14,2.034,1.597,2.658,1.839,2.268,rt,
mabalako,2026-08-15,2.045,1.592,2.666,1.849,2.286,rt,
mabalako,2026-08-16,2.051,1.589,2.706,1.849,2.32,rt,
mabalako,2026-08-17,2.083,1.584,2.791,1.854,2.346,rt,
mabalako,2026-08-18,2.102,1.618,2.763,1.882,2.355,rt,
mabalako,2026-08-19,2.113,1.653,2.724,1.9,2.36,rt,
mabalako,2026-08-20,2.129,1.676,2.734,1.925,2.368,rt,
mabalako,2026-08-21,2.121,1.678,2.721,1.925,2.349,rt,
mabalako,2026-08-22,2.107,1.657,2.722,1.921,2.334,rt,
mabalako,2026-08-23,2.093,1.616,2.743,1.911,2.327,rt,
mabalako,2026-08-24,2.068,1.56,2.755,1.865,2.308,rt,
mabalako,2026-08-25,2.037,1.556,2.684,1.84,2.267,rt,
mabalako,2026-08-26,2.013,1.56,2.617,1.818,2.229,rt,
mabalako,2026-08-27,1.977,1.551,2.563,1.789,2.189,rt,
mabalako,2026-08-28,1.932,1.517,2.489,1.748,2.132,rt,
mabalako,2026-08-29,1.883,1.475,2.442,1.704,2.087,rt,
mabalako,2026-08-30,1.837,1.427,2.408,1.656,2.043,rt,
mabalako,2026-08-31,1.766,1.346,2.34,1.578,1.96,rt,
mabalako,2026-09-01,1.694,1.313,2.214,1.525,1.87,rt,
mabalako,2026-09-02,1.632,1.27,2.108,1.477,1.797,rt,
mabalako,2026-09-03,1.569,1.233,2.017,1.428,1.736,rt,
mabalako,2026-09-04,1.517,1.201,1.942,1.388,1.675,rt,
mabalako,2026-09-05,1.47,1.16,1.87,1.341,1.621,rt,
mabalako,2026-09-06,1.429,1.106,1.814,1.29,1.577,rt,
mabalako,2026-09-07,1.412,1.067,1.807,1.264,1.562,rt,
mabalako,2026-09-08,1.396,1.076,1.763,1.262,1.535,rt,
mabalako,2026-09-09,1.377,1.068,1.74,1.252,1.518,rt,
mabalako,2026-09-10,1.361,1.053,1.717,1.238,1.503,rt,
mabalako,2026-09-11,1.364,1.064,1.713,1.239,1.506,rt,
mabalako,2026-09-12,1.367,1.058,1.728,1.234,1.514,rt,
mabalako,2026-09-13,1.37,1.057,1.757,1.222,1.52,rt,
mabalako,2026-09-14,1.395,1.046,1.832,1.237,1.564,rt,
mabalako,2026-09-15,1.416,1.074,1.849,1.256,1.583,rt,
mabalako,2026-09-16,1.436,1.089,1.867,1.277,1.598,rt,
mabalako,2026-09-17,1.456,1.101,1.893,1.287,1.619,rt,
mabalako,2026-09-18,1.468,1.095,1.914,1.298,1.635,rt,
mabalako,2026-09-19,1.479,1.084,1.947,1.295,1.653,rt,
mabalako,2026-09-20,1.485,1.075,1.999,1.291,1.672,rt,
mabalako,2026-09-21,1.503,1.062,2.067,1.289,1.717,rt,
mabalako,2026-09-22,1.507,1.073,2.084,1.293,1.726,rt,
mabalako,2026-09-23,1.505,1.061,2.104,1.3,1.742,rt,
mabalako,2026-09-24,1.518,1.05,2.145,1.305,1.754,rt,
mabalako,2026-09-25,1.513,1.032,2.164,1.299,1.763,rt,
mabalako,2026-09-26,1.514,1.003,2.207,1.293,1.779,rt,
mabalako,2026-09-27,1.511,0.977,2.262,1.291,1.8,rt,
mabalako,2026-09-28,1.48,0.927,2.271,1.251,1.794,rt,
mabalako,2026-09-29,1.46,0.915,2.263,1.234,1.781,rt,
mabalako,2026-09-30,1.449,0.897,2.261,1.214,1.766,rt,
mabalako,2026-10-01,1.44,0.879,2.25,1.192,1.75,rt,
mabalako,2026-10-02,1.416,0.858,2.212,1.145,1.722,rt,
mabalako,2026-10-03,1.392,0.813,2.234,1.106,1.71,rt,
mabalako,2026-10-04,1.365,0.771,2.245,1.065,1.706,rt,
mabalako,2026-10-05,1.325,0.719,2.252,1.014,1.676,rt,
mabalako,2026-10-06,1.257,0.683,2.171,0.986,1.584,rt,
manguredjipa,2026-08-18,1.506,1.319,1.719,1.426,1.59,rt,
manguredjipa,2026-08-19,1.516,1.325,1.738,1.436,1.604,rt,
manguredjipa,2026-08-20,1.529,1.326,1.757,1.442,1.618,rt,
manguredjipa,2026-08-21,1.522,1.336,1.739,1.441,1.608,rt,
manguredjipa,2026-08-22,1.515,1.332,1.726,1.438,1.595,rt,
manguredjipa,2026-08-23,1.507,1.329,1.717,1.431,1.586,rt,
manguredjipa,2026-08-24,1.481,1.301,1.706,1.405,1.562,rt,
manguredjipa,2026-08-25,1.454,1.277,1.674,1.377,1.533,rt,
manguredjipa,2026-08-26,1.426,1.246,1.648,1.349,1.505,rt,
manguredjipa,2026-08-27,1.394,1.213,1.614,1.318,1.475,rt,
manguredjipa,2026-08-28,1.353,1.189,1.544,1.281,1.426,rt,
manguredjipa,2026-08-29,1.312,1.155,1.492,1.242,1.38,rt,
manguredjipa,2026-08-30,1.271,1.111,1.446,1.204,1.339,rt,
manguredjipa,2026-08-31,1.209,1.054,1.384,1.144,1.278,rt,
manguredjipa,2026-09-01,1.159,1.004,1.325,1.096,1.225,rt,
manguredjipa,2026-09-02,1.113,0.964,1.274,1.052,1.177,rt,
manguredjipa,2026-09-03,1.07,0.921,1.235,1.006,1.132,rt,
manguredjipa,2026-09-04,1.033,0.896,1.182,0.973,1.09,rt,
manguredjipa,2026-09-05,0.999,0.866,1.136,0.942,1.051,rt,
manguredjipa,2026-09-06,0.96,0.834,1.096,0.912,1.017,rt,
manguredjipa,2026-09-07,0.941,0.81,1.077,0.891,0.999,rt,
manguredjipa,2026-09-08,0.936,0.811,1.065,0.884,0.99,rt,
manguredjipa,2026-09-09,0.931,0.808,1.056,0.878,0.982,rt,
manguredjipa,2026-09-10,0.924,0.803,1.053,0.869,0.977,rt,
manguredjipa,2026-09-11,0.928,0.814,1.051,0.877,0.979,rt,
manguredjipa,2026-09-12,0.933,0.819,1.05,0.884,0.981,rt,
manguredjipa,2026-09-13,0.934,0.818,1.057,0.885,0.987,rt,
manguredjipa,2026-09-14,0.955,0.834,1.087,0.903,1.012,rt,
manguredjipa,2026-09-15,0.977,0.85,1.116,0.921,1.036,rt,
manguredjipa,2026-09-16,1.0,0.859,1.146,0.939,1.059,rt,
manguredjipa,2026-09-17,1.024,0.868,1.181,0.957,1.087,rt,
manguredjipa,2026-09-18,1.039,0.876,1.208,0.969,1.103,rt,
manguredjipa,2026-09-19,1.051,0.879,1.242,0.979,1.124,rt,
manguredjipa,2026-09-20,1.065,0.874,1.28,0.988,1.148,rt,
manguredjipa,2026-09-21,1.087,0.878,1.327,1.002,1.18,rt,
manguredjipa,2026-09-22,1.103,0.884,1.364,1.011,1.205,rt,
manguredjipa,2026-09-23,1.119,0.881,1.408,1.02,1.232,rt,
manguredjipa,2026-09-24,1.133,0.886,1.451,1.027,1.253,rt,
manguredjipa,2026-09-25,1.147,0.886,1.475,1.032,1.28,rt,
manguredjipa,2026-09-26,1.156,0.884,1.505,1.039,1.301,rt,
manguredjipa,2026-09-27,1.171,0.877,1.546,1.046,1.323,rt,
manguredjipa,2026-09-28,1.164,0.852,1.558,1.028,1.322,rt,
manguredjipa,2026-09-29,1.157,0.838,1.58,1.018,1.323,rt,
manguredjipa,2026-09-30,1.148,0.815,1.595,1.006,1.317,rt,
manguredjipa,2026-10-01,1.142,0.795,1.609,0.994,1.32,rt,
manguredjipa,2026-10-02,1.121,0.766,1.607,0.979,1.303,rt,
manguredjipa,2026-10-03,1.105,0.733,1.628,0.952,1.286,rt,
manguredjipa,2026-10-04,1.085,0.7,1.654,0.923,1.28,rt,
manguredjipa,2026-10-05,1.055,0.65,1.679,0.891,1.272,rt,
manguredjipa,2026-10-06,1.054,0.652,1.596,0.889,1.249,rt,
masereka,2026-07-30,1.338,1.034,1.745,1.214,1.49,rt,
masereka,2026-07-31,1.352,1.044,1.744,1.223,1.503,rt,
masereka,2026-08-01,1.361,1.051,1.754,1.233,1.514,rt,
masereka,2026-08-02,1.369,1.051,1.783,1.238,1.532,rt,
masereka,2026-08-03,1.382,1.049,1.823,1.244,1.555,rt,
masereka,2026-08-04,1.406,1.08,1.815,1.267,1.567,rt,
masereka,2026-08-05,1.434,1.109,1.829,1.289,1.581,rt,
masereka,2026-08-06,1.459,1.133,1.858,1.316,1.603,rt,
masereka,2026-08-07,1.487,1.165,1.865,1.341,1.636,rt,
masereka,2026-08-08,1.515,1.187,1.914,1.366,1.667,rt,
masereka,2026-08-09,1.545,1.197,1.982,1.39,1.707,rt,
masereka,2026-08-10,1.555,1.188,2.034,1.393,1.736,rt,
masereka,2026-08-11,1.575,1.222,2.032,1.423,1.741,rt,
masereka,2026-08-12,1.591,1.255,2.047,1.444,1.755,rt,
masereka,2026-08-13,1.606,1.27,2.071,1.463,1.775,rt,
masereka,2026-08-14,1.63,1.289,2.091,1.486,1.801,rt,
masereka,2026-08-15,1.647,1.303,2.124,1.5,1.824,rt,
masereka,2026-08-16,1.663,1.3,2.16,1.501,1.857,rt,
masereka,2026-08-17,1.693,1.304,2.244,1.519,1.903,rt,
masereka,2026-08-18,1.699,1.319,2.234,1.53,1.898,rt,
masereka,2026-08-19,1.709,1.338,2.223,1.543,1.894,rt,
masereka,2026-08-20,1.71,1.34,2.232,1.545,1.906,rt,
masereka,2026-08-21,1.699,1.332,2.206,1.531,1.889,rt,
masereka,2026-08-22,1.679,1.317,2.209,1.516,1.872,rt,
masereka,2026-08-23,1.662,1.284,2.226,1.499,1.86,rt,
masereka,2026-08-24,1.628,1.223,2.234,1.456,1.84,rt,
masereka,2026-08-25,1.576,1.199,2.107,1.415,1.771,rt,
masereka,2026-08-26,1.522,1.162,2.013,1.374,1.7,rt,
masereka,2026-08-27,1.474,1.128,1.916,1.328,1.638,rt,
masereka,2026-08-28,1.411,1.08,1.817,1.272,1.562,rt,
masereka,2026-08-29,1.349,1.027,1.725,1.211,1.493,rt,
masereka,2026-08-30,1.291,0.977,1.65,1.15,1.435,rt,
masereka,2026-08-31,1.219,0.905,1.569,1.071,1.363,rt,
masereka,2026-09-01,1.157,0.867,1.485,1.027,1.288,rt,
masereka,2026-09-02,1.102,0.828,1.415,0.984,1.224,rt,
masereka,2026-09-03,1.048,0.789,1.355,0.94,1.172,rt,
masereka,2026-09-04,1.006,0.754,1.299,0.903,1.121,rt,
masereka,2026-09-05,0.96,0.719,1.26,0.865,1.079,rt,
masereka,2026-09-06,0.919,0.691,1.235,0.822,1.045,rt,
masereka,2026-09-07,0.906,0.655,1.228,0.793,1.026,rt,
masereka,2026-09-08,0.901,0.662,1.21,0.8,1.017,rt,
masereka,2026-09-09,0.904,0.667,1.198,0.808,1.018,rt,
masereka,2026-09-10,0.904,0.671,1.185,0.809,1.018,rt,
masereka,2026-09-11,0.919,0.689,1.202,0.822,1.024,rt,
masereka,2026-09-12,0.93,0.7,1.218,0.829,1.037,rt,
masereka,2026-09-13,0.942,0.697,1.259,0.829,1.058,rt,
masereka,2026-09-14,0.968,0.703,1.336,0.844,1.098,rt,
masereka,2026-09-15,0.997,0.736,1.35,0.88,1.125,rt,
masereka,2026-09-16,1.025,0.757,1.39,0.91,1.156,rt,
masereka,2026-09-17,1.056,0.773,1.436,0.936,1.2,rt,
masereka,2026-09-18,1.087,0.789,1.493,0.951,1.234,rt,
masereka,2026-09-19,1.11,0.795,1.541,0.968,1.278,rt,
masereka,2026-09-20,1.133,0.79,1.62,0.982,1.316,rt,
masereka,2026-09-21,1.17,0.792,1.692,0.995,1.369,rt,
masereka,2026-09-22,1.193,0.808,1.725,1.011,1.392,rt,
masereka,2026-09-23,1.215,0.814,1.767,1.019,1.42,rt,
masereka,2026-09-24,1.231,0.821,1.805,1.034,1.448,rt,
masereka,2026-09-25,1.245,0.824,1.873,1.04,1.485,rt,
masereka,2026-09-26,1.261,0.821,1.933,1.046,1.52,rt,
masereka,2026-09-27,1.281,0.82,1.996,1.05,1.556,rt,
masereka,2026-09-28,1.269,0.787,2.036,1.033,1.559,rt,
masereka,2026-09-29,1.26,0.774,2.026,1.027,1.56,rt,
masereka,2026-09-30,1.254,0.766,2.01,1.014,1.541,rt,
masereka,2026-10-01,1.255,0.751,2.008,1.003,1.535,rt,
masereka,2026-10-02,1.234,0.723,2.023,0.976,1.511,rt,
masereka,2026-10-03,1.214,0.691,2.028,0.952,1.51,rt,
masereka,2026-10-04,1.187,0.661,2.075,0.921,1.503,rt,
masereka,2026-10-05,1.152,0.612,2.127,0.886,1.484,rt,
masereka,2026-10-06,1.132,0.6,2.022,0.87,1.451,rt,
musienene,2026-06-17,1.943,1.447,2.647,1.744,2.202,rt,
musienene,2026-06-18,1.915,1.434,2.587,1.713,2.16,rt,
musienene,2026-06-19,1.884,1.439,2.558,1.691,2.123,rt,
musienene,2026-06-20,1.856,1.426,2.509,1.664,2.093,rt,
musienene,2026-06-21,1.824,1.391,2.488,1.629,2.061,rt,
musienene,2026-06-22,1.829,1.387,2.528,1.621,2.088,rt,
musienene,2026-06-23,1.818,1.4,2.454,1.625,2.068,rt,
musienene,2026-06-24,1.81,1.41,2.391,1.629,2.045,rt,
musienene,2026-06-25,1.801,1.403,2.365,1.628,2.019,rt,
musienene,2026-06-26,1.79,1.404,2.333,1.625,1.992,rt,
musienene,2026-06-27,1.776,1.393,2.336,1.607,1.974,rt,
musienene,2026-06-28,1.77,1.373,2.35,1.596,1.965,rt,
musienene,2026-06-29,1.738,1.336,2.337,1.551,1.937,rt,
musienene,2026-06-30,1.694,1.319,2.232,1.519,1.882,rt,
musienene,2026-07-01,1.65,1.305,2.158,1.491,1.836,rt,
musienene,2026-07-02,1.619,1.285,2.108,1.459,1.794,rt,
musienene,2026-07-03,1.6,1.277,2.067,1.445,1.767,rt,
musienene,2026-07-04,1.577,1.26,2.03,1.427,1.755,rt,
musienene,2026-07-05,1.56,1.224,2.03,1.405,1.736,rt,
musienene,2026-07-06,1.548,1.19,2.037,1.388,1.738,rt,
musienene,2026-07-07,1.532,1.197,1.984,1.384,1.705,rt,
musienene,2026-07-08,1.509,1.197,1.937,1.376,1.67,rt,
musienene,2026-07-09,1.49,1.184,1.893,1.359,1.649,rt,
musienene,2026-07-10,1.472,1.176,1.837,1.348,1.616,rt,
musienene,2026-07-11,1.454,1.15,1.816,1.329,1.591,rt,
musienene,2026-07-12,1.434,1.118,1.798,1.305,1.575,rt,
musienene,2026-07-13,1.41,1.081,1.798,1.275,1.553,rt,
musienene,2026-07-14,1.383,1.082,1.737,1.258,1.517,rt,
musienene,2026-07-15,1.364,1.077,1.692,1.24,1.488,rt,
musienene,2026-07-16,1.341,1.069,1.648,1.221,1.454,rt,
musienene,2026-07-17,1.307,1.057,1.601,1.195,1.416,rt,
musienene,2026-07-18,1.274,1.022,1.572,1.165,1.384,rt,
musienene,2026-07-19,1.239,0.979,1.545,1.134,1.358,rt,
musienene,2026-07-20,1.209,0.929,1.535,1.094,1.336,rt,
musienene,2026-07-21,1.189,0.93,1.496,1.082,1.309,rt,
musienene,2026-07-22,1.172,0.925,1.462,1.069,1.283,rt,
musienene,2026-07-23,1.15,0.912,1.443,1.055,1.261,rt,
musienene,2026-07-24,1.142,0.905,1.416,1.041,1.242,rt,
musienene,2026-07-25,1.131,0.895,1.399,1.029,1.228,rt,
musienene,2026-07-26,1.116,0.877,1.398,1.01,1.224,rt,
musienene,2026-07-27,1.104,0.853,1.421,0.998,1.233,rt,
musienene,2026-07-28,1.11,0.88,1.397,1.009,1.223,rt,
musienene,2026-07-29,1.111,0.89,1.387,1.013,1.222,rt,
musienene,2026-07-30,1.115,0.895,1.39,1.015,1.223,rt,
musienene,2026-07-31,1.117,0.893,1.384,1.024,1.22,rt,
musienene,2026-08-01,1.118,0.888,1.379,1.023,1.222,rt,
musienene,2026-08-02,1.12,0.872,1.396,1.022,1.224,rt,
musienene,2026-08-03,1.124,0.863,1.42,1.012,1.235,rt,
musienene,2026-08-04,1.134,0.884,1.405,1.03,1.232,rt,
musienene,2026-08-05,1.141,0.902,1.402,1.041,1.236,rt,
musienene,2026-08-06,1.148,0.917,1.398,1.045,1.247,rt,
musienene,2026-08-07,1.158,0.934,1.398,1.061,1.258,rt,
musienene,2026-08-08,1.167,0.941,1.415,1.07,1.274,rt,
musienene,2026-08-09,1.179,0.938,1.446,1.075,1.29,rt,
musienene,2026-08-10,1.179,0.913,1.469,1.064,1.296,rt,
musienene,2026-08-11,1.179,0.94,1.457,1.076,1.288,rt,
musienene,2026-08-12,1.18,0.956,1.447,1.083,1.287,rt,
musienene,2026-08-13,1.185,0.967,1.451,1.087,1.291,rt,
musienene,2026-08-14,1.187,0.973,1.448,1.093,1.289,rt,
musienene,2026-08-15,1.189,0.968,1.451,1.09,1.293,rt,
musienene,2026-08-16,1.192,0.952,1.479,1.084,1.305,rt,
musienene,2026-08-17,1.201,0.939,1.522,1.087,1.32,rt,
musienene,2026-08-18,1.197,0.957,1.492,1.09,1.31,rt,
musienene,2026-08-19,1.192,0.958,1.475,1.095,1.301,rt,
musienene,2026-08-20,1.189,0.964,1.473,1.088,1.292,rt,
musienene,2026-08-21,1.17,0.95,1.443,1.073,1.274,rt,
musienene,2026-08-22,1.153,0.93,1.434,1.057,1.254,rt,
musienene,2026-08-23,1.135,0.905,1.424,1.031,1.244,rt,
musienene,2026-08-24,1.108,0.863,1.417,0.996,1.222,rt,
musienene,2026-08-25,1.07,0.842,1.344,0.971,1.18,rt,
musienene,2026-08-26,1.036,0.819,1.287,0.94,1.137,rt,
musienene,2026-08-27,1.001,0.793,1.244,0.91,1.096,rt,
musienene,2026-08-28,0.956,0.759,1.195,0.874,1.05,rt,
musienene,2026-08-29,0.911,0.72,1.148,0.835,1.013,rt,
musienene,2026-08-30,0.872,0.674,1.113,0.791,0.971,rt,
musienene,2026-08-31,0.821,0.614,1.072,0.736,0.925,rt,
musienene,2026-09-01,0.792,0.601,1.011,0.709,0.876,rt,
musienene,2026-09-02,0.76,0.58,0.965,0.683,0.839,rt,
musienene,2026-09-03,0.731,0.559,0.926,0.656,0.804,rt,
musienene,2026-09-04,0.706,0.537,0.893,0.634,0.778,rt,
musienene,2026-09-05,0.682,0.513,0.868,0.61,0.755,rt,
musienene,2026-09-06,0.66,0.492,0.852,0.589,0.733,rt,
musienene,2026-09-07,0.648,0.467,0.859,0.575,0.724,rt,
musienene,2026-09-08,0.653,0.484,0.851,0.584,0.729,rt,
musienene,2026-09-09,0.661,0.496,0.855,0.591,0.737,rt,
musienene,2026-09-10,0.669,0.502,0.865,0.598,0.746,rt,
musienene,2026-09-11,0.688,0.515,0.88,0.615,0.765,rt,
musienene,2026-09-12,0.704,0.524,0.911,0.627,0.786,rt,
musienene,2026-09-13,0.722,0.523,0.951,0.638,0.808,rt,
musienene,2026-09-14,0.753,0.53,1.02,0.655,0.853,rt,
musienene,2026-09-15,0.789,0.563,1.054,0.682,0.88,rt,
musienene,2026-09-16,0.82,0.593,1.096,0.714,0.915,rt,
musienene,2026-09-17,0.849,0.617,1.145,0.743,0.955,rt,
musienene,2026-09-18,0.877,0.627,1.195,0.771,0.986,rt,
musienene,2026-09-19,0.905,0.638,1.261,0.794,1.025,rt,
musienene,2026-09-20,0.935,0.648,1.35,0.811,1.068,rt,
musienene,2026-09-21,0.965,0.656,1.455,0.834,1.13,rt,
musienene,2026-09-22,0.986,0.656,1.484,0.847,1.157,rt,
musienene,2026-09-23,1.008,0.66,1.523,0.863,1.186,rt,
musienene,2026-09-24,1.033,0.659,1.573,0.87,1.218,rt,
musienene,2026-09-25,1.053,0.661,1.621,0.879,1.245,rt,
musienene,2026-09-26,1.074,0.668,1.668,0.883,1.283,rt,
musienene,2026-09-27,1.089,0.658,1.731,0.889,1.318,rt,
musienene,2026-09-28,1.083,0.638,1.797,0.878,1.332,rt,
musienene,2026-09-29,1.079,0.642,1.778,0.873,1.328,rt,
musienene,2026-09-30,1.079,0.643,1.788,0.869,1.328,rt,
musienene,2026-10-01,1.08,0.643,1.799,0.863,1.321,rt,
musienene,2026-10-02,1.06,0.62,1.81,0.855,1.312,rt,
musienene,2026-10-03,1.041,0.596,1.855,0.836,1.31,rt,
musienene,2026-10-04,1.016,0.564,1.892,0.819,1.306,rt,
musienene,2026-10-05,0.998,0.536,1.931,0.792,1.298,rt,
musienene,2026-10-06,1.002,0.528,1.94,0.768,1.31,rt,
mutwanga,2026-08-16,1.553,1.379,1.766,1.477,1.638,rt,
mutwanga,2026-08-17,1.57,1.386,1.792,1.49,1.656,rt,
mutwanga,2026-08-18,1.585,1.396,1.808,1.501,1.673,rt,
mutwanga,2026-08-19,1.594,1.402,1.821,1.511,1.689,rt,
mutwanga,2026-08-20,1.606,1.402,1.842,1.517,1.703,rt,
mutwanga,2026-08-21,1.598,1.403,1.822,1.519,1.689,rt,
mutwanga,2026-08-22,1.592,1.399,1.809,1.512,1.677,rt,
mutwanga,2026-08-23,1.585,1.394,1.802,1.502,1.666,rt,
mutwanga,2026-08-24,1.559,1.371,1.785,1.48,1.642,rt,
mutwanga,2026-08-25,1.53,1.345,1.754,1.451,1.614,rt,
mutwanga,2026-08-26,1.5,1.319,1.728,1.424,1.584,rt,
mutwanga,2026-08-27,1.47,1.288,1.702,1.392,1.558,rt,
mutwanga,2026-08-28,1.427,1.258,1.64,1.356,1.507,rt,
mutwanga,2026-08-29,1.387,1.227,1.584,1.318,1.463,rt,
mutwanga,2026-08-30,1.347,1.189,1.54,1.278,1.419,rt,
mutwanga,2026-08-31,1.284,1.125,1.479,1.217,1.359,rt,
mutwanga,2026-09-01,1.232,1.078,1.419,1.168,1.303,rt,
mutwanga,2026-09-02,1.186,1.029,1.369,1.121,1.254,rt,
mutwanga,2026-09-03,1.142,0.987,1.326,1.072,1.209,rt,
mutwanga,2026-09-04,1.104,0.959,1.272,1.039,1.163,rt,
mutwanga,2026-09-05,1.067,0.931,1.222,1.009,1.123,rt,
mutwanga,2026-09-06,1.032,0.897,1.182,0.975,1.088,rt,
mutwanga,2026-09-07,1.014,0.876,1.163,0.956,1.073,rt,
mutwanga,2026-09-08,1.004,0.87,1.149,0.949,1.062,rt,
mutwanga,2026-09-09,0.997,0.865,1.137,0.94,1.054,rt,
mutwanga,2026-09-10,0.99,0.857,1.134,0.932,1.049,rt,
mutwanga,2026-09-11,0.993,0.867,1.128,0.939,1.047,rt,
mutwanga,2026-09-12,0.996,0.874,1.127,0.944,1.049,rt,
mutwanga,2026-09-13,0.999,0.875,1.131,0.945,1.055,rt,
mutwanga,2026-09-14,1.021,0.891,1.164,0.963,1.081,rt,
mutwanga,2026-09-15,1.043,0.903,1.192,0.983,1.105,rt,
mutwanga,2026-09-16,1.065,0.913,1.226,1.001,1.133,rt,
mutwanga,2026-09-17,1.086,0.923,1.257,1.017,1.158,rt,
mutwanga,2026-09-18,1.101,0.932,1.28,1.031,1.175,rt,
mutwanga,2026-09-19,1.116,0.935,1.315,1.041,1.194,rt,
mutwanga,2026-09-20,1.128,0.928,1.352,1.048,1.215,rt,
mutwanga,2026-09-21,1.148,0.931,1.392,1.062,1.247,rt,
mutwanga,2026-09-22,1.167,0.937,1.442,1.072,1.277,rt,
mutwanga,2026-09-23,1.185,0.939,1.49,1.079,1.301,rt,
mutwanga,2026-09-24,1.2,0.939,1.53,1.086,1.326,rt,
mutwanga,2026-09-25,1.212,0.942,1.556,1.09,1.348,rt,
mutwanga,2026-09-26,1.226,0.933,1.584,1.1,1.369,rt,
mutwanga,2026-09-27,1.239,0.926,1.625,1.106,1.391,rt,
mutwanga,2026-09-28,1.229,0.902,1.641,1.09,1.39,rt,
mutwanga,2026-09-29,1.222,0.876,1.667,1.076,1.386,rt,
mutwanga,2026-09-30,1.212,0.856,1.679,1.066,1.384,rt,
mutwanga,2026-10-01,1.207,0.844,1.687,1.054,1.387,rt,
mutwanga,2026-10-02,1.184,0.805,1.693,1.035,1.371,rt,
mutwanga,2026-10-03,1.164,0.778,1.711,1.005,1.355,rt,
mutwanga,2026-10-04,1.144,0.745,1.735,0.975,1.349,rt,
mutwanga,2026-10-05,1.11,0.694,1.748,0.94,1.337,rt,
mutwanga,2026-10-06,1.112,0.699,1.664,0.938,1.315,rt,
oicha,2026-08-05,1.471,1.088,1.964,1.319,1.654,rt,
oicha,2026-08-06,1.49,1.12,1.992,1.336,1.672,rt,
oicha,2026-08-07,1.524,1.154,2.02,1.361,1.702,rt,
oicha,2026-08-08,1.546,1.161,2.049,1.383,1.728,rt,
oicha,2026-08-09,1.574,1.164,2.115,1.395,1.778,rt,
oicha,2026-08-10,1.586,1.15,2.186,1.397,1.809,rt,
oicha,2026-08-11,1.612,1.197,2.157,1.428,1.813,rt,
oicha,2026-08-12,1.629,1.235,2.155,1.461,1.823,rt,
oicha,2026-08-13,1.645,1.255,2.158,1.478,1.838,rt,
oicha,2026-08-14,1.667,1.277,2.175,1.498,1.858,rt,
oicha,2026-08-15,1.692,1.291,2.217,1.513,1.887,rt,
oicha,2026-08-16,1.706,1.302,2.266,1.519,1.916,rt,
oicha,2026-08-17,1.733,1.293,2.362,1.534,1.965,rt,
oicha,2026-08-18,1.78,1.347,2.37,1.592,1.999,rt,
oicha,2026-08-19,1.82,1.392,2.416,1.642,2.033,rt,
oicha,2026-08-20,1.857,1.434,2.438,1.683,2.081,rt,
oicha,2026-08-21,1.882,1.458,2.441,1.71,2.096,rt,
oicha,2026-08-22,1.912,1.472,2.482,1.72,2.114,rt,
oicha,2026-08-23,1.932,1.469,2.543,1.739,2.154,rt,
oicha,2026-08-24,1.924,1.437,2.588,1.733,2.173,rt,
oicha,2026-08-25,1.93,1.478,2.538,1.753,2.167,rt,
oicha,2026-08-26,1.944,1.514,2.504,1.76,2.158,rt,
oicha,2026-08-27,1.948,1.519,2.522,1.766,2.163,rt,
oicha,2026-08-28,1.939,1.534,2.499,1.763,2.137,rt,
oicha,2026-08-29,1.926,1.511,2.512,1.746,2.123,rt,
oicha,2026-08-30,1.904,1.494,2.519,1.723,2.127,rt,
oicha,2026-08-31,1.856,1.425,2.528,1.663,2.088,rt,
oicha,2026-09-01,1.789,1.403,2.382,1.62,1.991,rt,
oicha,2026-09-02,1.73,1.366,2.274,1.562,1.909,rt,
oicha,2026-09-03,1.678,1.323,2.182,1.513,1.845,rt,
oicha,2026-09-04,1.631,1.274,2.098,1.477,1.792,rt,
oicha,2026-09-05,1.577,1.221,2.053,1.43,1.747,rt,
oicha,2026-09-06,1.537,1.163,2.016,1.38,1.714,rt,
oicha,2026-09-07,1.515,1.129,2.014,1.349,1.704,rt,
oicha,2026-09-08,1.466,1.106,1.916,1.31,1.639,rt,
oicha,2026-09-09,1.421,1.078,1.833,1.272,1.573,rt,
oicha,2026-09-10,1.369,1.048,1.767,1.238,1.524,rt,
oicha,2026-09-11,1.342,1.021,1.735,1.215,1.487,rt,
oicha,2026-09-12,1.313,0.994,1.722,1.184,1.459,rt,
oicha,2026-09-13,1.292,0.957,1.732,1.154,1.433,rt,
oicha,2026-09-14,1.289,0.926,1.766,1.136,1.444,rt,
oicha,2026-09-15,1.28,0.932,1.72,1.137,1.434,rt,
oicha,2026-09-16,1.274,0.937,1.699,1.129,1.433,rt,
oicha,2026-09-17,1.268,0.937,1.697,1.12,1.426,rt,
oicha,2026-09-18,1.249,0.916,1.69,1.105,1.415,rt,
oicha,2026-09-19,1.242,0.883,1.697,1.086,1.411,rt,
oicha,2026-09-20,1.229,0.859,1.702,1.058,1.414,rt,
oicha,2026-09-21,1.229,0.823,1.744,1.039,1.42,rt,
oicha,2026-09-22,1.24,0.839,1.757,1.049,1.435,rt,
oicha,2026-09-23,1.247,0.843,1.784,1.056,1.451,rt,
oicha,2026-09-24,1.249,0.829,1.811,1.058,1.47,rt,
oicha,2026-09-25,1.252,0.821,1.849,1.056,1.491,rt,
oicha,2026-09-26,1.254,0.804,1.895,1.051,1.505,rt,
oicha,2026-09-27,1.268,0.789,1.957,1.042,1.529,rt,
oicha,2026-09-28,1.252,0.764,1.971,1.009,1.518,rt,
oicha,2026-09-29,1.236,0.749,1.954,1.004,1.518,rt,
oicha,2026-09-30,1.224,0.744,1.981,0.995,1.511,rt,
oicha,2026-10-01,1.221,0.724,1.995,0.986,1.501,rt,
oicha,2026-10-02,1.208,0.706,1.998,0.965,1.471,rt,
oicha,2026-10-03,1.181,0.677,2.012,0.939,1.455,rt,
oicha,2026-10-04,1.157,0.633,2.072,0.915,1.45,rt,
oicha,2026-10-05,1.131,0.586,2.106,0.869,1.443,rt,
oicha,2026-10-06,1.11,0.586,1.998,0.856,1.426,rt,
vuhovi,2026-08-06,1.605,1.307,2.02,1.475,1.749,rt,
vuhovi,2026-08-07,1.626,1.328,2.045,1.491,1.77,rt,
vuhovi,2026-08-08,1.648,1.344,2.08,1.515,1.794,rt,
vuhovi,2026-08-09,1.664,1.349,2.111,1.528,1.818,rt,
vuhovi,2026-08-10,1.67,1.342,2.152,1.528,1.831,rt,
vuhovi,2026-08-11,1.688,1.365,2.139,1.542,1.841,rt,
vuhovi,2026-08-12,1.701,1.375,2.146,1.563,1.864,rt,
vuhovi,2026-08-13,1.713,1.381,2.165,1.576,1.879,rt,
vuhovi,2026-08-14,1.731,1.403,2.188,1.586,1.886,rt,
vuhovi,2026-08-15,1.746,1.407,2.226,1.597,1.909,rt,
vuhovi,2026-08-16,1.76,1.409,2.278,1.594,1.93,rt,
vuhovi,2026-08-17,1.784,1.423,2.323,1.605,1.963,rt,
vuhovi,2026-08-18,1.805,1.451,2.326,1.627,1.981,rt,
vuhovi,2026-08-19,1.815,1.468,2.334,1.648,1.998,rt,
vuhovi,2026-08-20,1.833,1.476,2.346,1.666,2.014,rt,
vuhovi,2026-08-21,1.828,1.471,2.324,1.664,2.008,rt,
vuhovi,2026-08-22,1.822,1.466,2.319,1.664,2.008,rt,
vuhovi,2026-08-23,1.821,1.454,2.333,1.651,2.004,rt,
vuhovi,2026-08-24,1.794,1.414,2.347,1.618,1.993,rt,
vuhovi,2026-08-25,1.75,1.387,2.268,1.585,1.933,rt,
vuhovi,2026-08-26,1.709,1.355,2.201,1.553,1.884,rt,
vuhovi,2026-08-27,1.667,1.325,2.139,1.519,1.836,rt,
vuhovi,2026-08-28,1.611,1.288,2.049,1.47,1.767,rt,
vuhovi,2026-08-29,1.553,1.24,1.99,1.411,1.706,rt,
vuhovi,2026-08-30,1.498,1.184,1.935,1.354,1.654,rt,
vuhovi,2026-08-31,1.423,1.097,1.851,1.277,1.58,rt,
vuhovi,2026-09-01,1.357,1.059,1.734,1.222,1.498,rt,
vuhovi,2026-09-02,1.291,1.005,1.643,1.171,1.429,rt,
vuhovi,2026-09-03,1.23,0.961,1.56,1.118,1.363,rt,
vuhovi,2026-09-04,1.184,0.924,1.49,1.073,1.308,rt,
vuhovi,2026-09-05,1.134,0.887,1.432,1.027,1.25,rt,
vuhovi,2026-09-06,1.092,0.847,1.393,0.983,1.204,rt,
vuhovi,2026-09-07,1.06,0.814,1.377,0.948,1.175,rt,
vuhovi,2026-09-08,1.044,0.811,1.337,0.937,1.151,rt,
vuhovi,2026-09-09,1.026,0.801,1.312,0.928,1.132,rt,
vuhovi,2026-09-10,1.014,0.785,1.296,0.917,1.114,rt,
vuhovi,2026-09-11,1.012,0.788,1.285,0.917,1.103,rt,
vuhovi,2026-09-12,1.008,0.786,1.281,0.91,1.105,rt,
vuhovi,2026-09-13,1.005,0.773,1.289,0.898,1.106,rt,
vuhovi,2026-09-14,1.02,0.77,1.321,0.909,1.129,rt,
vuhovi,2026-09-15,1.038,0.789,1.34,0.929,1.15,rt,
vuhovi,2026-09-16,1.053,0.804,1.363,0.946,1.178,rt,
vuhovi,2026-09-17,1.071,0.813,1.399,0.956,1.201,rt,
vuhovi,2026-09-18,1.088,0.82,1.423,0.965,1.224,rt,
vuhovi,2026-09-19,1.103,0.821,1.446,0.97,1.248,rt,
vuhovi,2026-09-20,1.118,0.81,1.477,0.975,1.268,rt,
vuhovi,2026-09-21,1.138,0.806,1.525,0.979,1.299,rt,
vuhovi,2026-09-22,1.156,0.813,1.554,0.992,1.318,rt,
vuhovi,2026-09-23,1.171,0.816,1.595,1.003,1.342,rt,
vuhovi,2026-09-24,1.188,0.813,1.648,1.017,1.361,rt,
vuhovi,2026-09-25,1.202,0.814,1.689,1.03,1.378,rt,
vuhovi,2026-09-26,1.211,0.812,1.728,1.036,1.408,rt,
vuhovi,2026-09-27,1.222,0.811,1.772,1.041,1.433,rt,
vuhovi,2026-09-28,1.212,0.785,1.791,1.023,1.439,rt,
vuhovi,2026-09-29,1.205,0.772,1.785,1.016,1.427,rt,
vuhovi,2026-09-30,1.192,0.759,1.78,1.008,1.421,rt,
vuhovi,2026-10-01,1.181,0.741,1.781,0.996,1.417,rt,
vuhovi,2026-10-02,1.159,0.72,1.776,0.978,1.395,rt,
vuhovi,2026-10-03,1.143,0.703,1.793,0.953,1.373,rt,
vuhovi,2026-10-04,1.121,0.668,1.86,0.921,1.366,rt,
vuhovi,2026-10-05,1.087,0.628,1.89,0.884,1.357,rt,
vuhovi,2026-10-06,1.08,0.616,1.792,0.882,1.326,rt,
boma_mangbetu,2026-07-13,1.716,1.263,2.31,1.519,1.944,rt,
boma_mangbetu,2026-07-14,1.676,1.249,2.224,1.494,1.889,rt,
boma_mangbetu,2026-07-15,1.643,1.235,2.159,1.465,1.842,rt,
boma_mangbetu,2026-07-16,1.61,1.214,2.117,1.44,1.805,rt,
boma_mangbetu,2026-07-17,1.578,1.214,2.053,1.416,1.764,rt,
boma_mangbetu,2026-07-18,1.549,1.2,2.007,1.387,1.718,rt,
boma_mangbetu,2026-07-19,1.524,1.163,1.985,1.356,1.686,rt,
boma_mangbetu,2026-07-20,1.495,1.128,1.954,1.327,1.66,rt,
boma_mangbetu,2026-07-21,1.463,1.122,1.899,1.309,1.619,rt,
boma_mangbetu,2026-07-22,1.431,1.12,1.84,1.289,1.587,rt,
boma_mangbetu,2026-07-23,1.406,1.103,1.803,1.267,1.556,rt,
boma_mangbetu,2026-07-24,1.382,1.097,1.766,1.251,1.524,rt,
boma_mangbetu,2026-07-25,1.359,1.079,1.729,1.237,1.496,rt,
boma_mangbetu,2026-07-26,1.335,1.044,1.704,1.216,1.472,rt,
boma_mangbetu,2026-07-27,1.31,1.007,1.691,1.195,1.457,rt,
boma_mangbetu,2026-07-28,1.292,0.996,1.633,1.176,1.423,rt,
boma_mangbetu,2026-07-29,1.272,0.981,1.597,1.155,1.395,rt,
boma_mangbetu,2026-07-30,1.247,0.965,1.564,1.134,1.369,rt,
boma_mangbetu,2026-07-31,1.217,0.951,1.51,1.112,1.332,rt,
boma_mangbetu,2026-08-01,1.191,0.93,1.482,1.084,1.306,rt,
boma_mangbetu,2026-08-02,1.166,0.899,1.465,1.053,1.281,rt,
boma_mangbetu,2026-08-03,1.144,0.864,1.456,1.025,1.268,rt,
boma_mangbetu,2026-08-04,1.139,0.876,1.427,1.023,1.254,rt,
boma_mangbetu,2026-08-05,1.128,0.873,1.417,1.016,1.24,rt,
boma_mangbetu,2026-08-06,1.12,0.871,1.397,1.006,1.23,rt,
boma_mangbetu,2026-08-07,1.106,0.862,1.371,0.997,1.214,rt,
boma_mangbetu,2026-08-08,1.088,0.849,1.35,0.984,1.194,rt,
boma_mangbetu,2026-08-09,1.074,0.83,1.35,0.97,1.182,rt,
boma_mangbetu,2026-08-10,1.05,0.79,1.34,0.939,1.16,rt,
boma_mangbetu,2026-08-11,1.034,0.789,1.303,0.932,1.139,rt,
boma_mangbetu,2026-08-12,1.014,0.78,1.275,0.92,1.118,rt,
boma_mangbetu,2026-08-13,1.0,0.77,1.253,0.906,1.101,rt,
boma_mangbetu,2026-08-14,0.982,0.756,1.22,0.889,1.074,rt,
boma_mangbetu,2026-08-15,0.963,0.738,1.192,0.868,1.054,rt,
boma_mangbetu,2026-08-16,0.944,0.712,1.176,0.843,1.037,rt,
boma_mangbetu,2026-08-17,0.926,0.686,1.178,0.823,1.028,rt,
boma_mangbetu,2026-08-18,0.913,0.686,1.152,0.817,1.008,rt,
boma_mangbetu,2026-08-19,0.898,0.681,1.131,0.809,0.989,rt,
boma_mangbetu,2026-08-20,0.881,0.675,1.114,0.797,0.973,rt,
boma_mangbetu,2026-08-21,0.876,0.678,1.098,0.794,0.963,rt,
boma_mangbetu,2026-08-22,0.868,0.679,1.088,0.787,0.955,rt,
boma_mangbetu,2026-08-23,0.86,0.667,1.088,0.778,0.948,rt,
boma_mangbetu,2026-08-24,0.875,0.666,1.126,0.784,0.966,rt,
boma_mangbetu,2026-08-25,0.892,0.687,1.133,0.802,0.984,rt,
boma_mangbetu,2026-08-26,0.906,0.698,1.147,0.818,0.998,rt,
boma_mangbetu,2026-08-27,0.917,0.704,1.164,0.83,1.015,rt,
boma_mangbetu,2026-08-28,0.933,0.717,1.17,0.846,1.027,rt,
boma_mangbetu,2026-08-29,0.947,0.723,1.193,0.853,1.04,rt,
boma_mangbetu,2026-08-30,0.957,0.731,1.225,0.862,1.055,rt,
boma_mangbetu,2026-08-31,0.978,0.74,1.258,0.872,1.076,rt,
boma_mangbetu,2026-09-01,0.987,0.76,1.248,0.887,1.089,rt,
boma_mangbetu,2026-09-02,0.994,0.771,1.26,0.9,1.101,rt,
boma_mangbetu,2026-09-03,1.005,0.786,1.27,0.911,1.108,rt,
boma_mangbetu,2026-09-04,1.007,0.797,1.264,0.919,1.107,rt,
boma_mangbetu,2026-09-05,1.011,0.799,1.27,0.922,1.109,rt,
boma_mangbetu,2026-09-06,1.012,0.794,1.294,0.918,1.121,rt,
boma_mangbetu,2026-09-07,1.003,0.774,1.301,0.9,1.112,rt,
boma_mangbetu,2026-09-08,0.988,0.766,1.285,0.893,1.095,rt,
boma_mangbetu,2026-09-09,0.977,0.751,1.273,0.881,1.085,rt,
boma_mangbetu,2026-09-10,0.967,0.738,1.268,0.865,1.076,rt,
boma_mangbetu,2026-09-11,0.951,0.728,1.252,0.849,1.065,rt,
boma_mangbetu,2026-09-12,0.94,0.704,1.242,0.835,1.057,rt,
boma_mangbetu,2026-09-13,0.926,0.686,1.25,0.818,1.051,rt,
boma_mangbetu,2026-09-14,0.91,0.66,1.25,0.799,1.036,rt,
boma_mangbetu,2026-09-15,0.89,0.647,1.222,0.785,1.015,rt,
boma_mangbetu,2026-09-16,0.874,0.634,1.196,0.767,0.998,rt,
boma_mangbetu,2026-09-17,0.858,0.617,1.181,0.752,0.986,rt,
boma_mangbetu,2026-09-18,0.853,0.606,1.177,0.746,0.976,rt,
boma_mangbetu,2026-09-19,0.84,0.594,1.181,0.732,0.967,rt,
boma_mangbetu,2026-09-20,0.831,0.584,1.189,0.722,0.958,rt,
boma_mangbetu,2026-09-21,0.83,0.572,1.205,0.715,0.964,rt,
boma_mangbetu,2026-09-22,0.83,0.573,1.2,0.715,0.962,rt,
boma_mangbetu,2026-09-23,0.831,0.566,1.2,0.712,0.968,rt,
boma_mangbetu,2026-09-24,0.83,0.561,1.198,0.707,0.965,rt,
boma_mangbetu,2026-09-25,0.828,0.559,1.199,0.702,0.97,rt,
boma_mangbetu,2026-09-26,0.826,0.547,1.202,0.701,0.975,rt,
boma_mangbetu,2026-09-27,0.826,0.535,1.225,0.697,0.97,rt,
boma_mangbetu,2026-09-28,0.828,0.52,1.253,0.689,0.981,rt,
boma_mangbetu,2026-09-29,0.828,0.519,1.268,0.687,0.993,rt,
boma_mangbetu,2026-09-30,0.828,0.51,1.282,0.686,1.002,rt,
boma_mangbetu,2026-10-01,0.831,0.504,1.287,0.684,1.006,rt,
boma_mangbetu,2026-10-02,0.827,0.493,1.305,0.684,1.019,rt,
boma_mangbetu,2026-10-03,0.826,0.475,1.34,0.677,1.035,rt,
boma_mangbetu,2026-10-04,0.83,0.459,1.389,0.673,1.042,rt,
boma_mangbetu,2026-10-05,0.831,0.441,1.456,0.662,1.064,rt,
boma_mangbetu,2026-10-06,0.84,0.465,1.467,0.664,1.047,rt,
isiro,2026-07-08,2.912,2.168,4.122,2.566,3.319,rt,
isiro,2026-07-09,2.836,2.103,3.955,2.517,3.21,rt,
isiro,2026-07-10,2.759,2.071,3.734,2.455,3.081,rt,
isiro,2026-07-11,2.665,2.035,3.624,2.38,2.992,rt,
isiro,2026-07-12,2.584,1.995,3.519,2.315,2.908,rt,
isiro,2026-07-13,2.495,1.899,3.414,2.247,2.826,rt,
isiro,2026-07-14,2.405,1.868,3.202,2.175,2.704,rt,
isiro,2026-07-15,2.321,1.812,3.04,2.097,2.595,rt,
isiro,2026-07-16,2.243,1.772,2.931,2.021,2.498,rt,
isiro,2026-07-17,2.164,1.733,2.798,1.962,2.4,rt,
isiro,2026-07-18,2.095,1.661,2.687,1.89,2.31,rt,
isiro,2026-07-19,2.029,1.589,2.6,1.826,2.232,rt,
isiro,2026-07-20,1.964,1.494,2.551,1.763,2.174,rt,
isiro,2026-07-21,1.905,1.484,2.432,1.724,2.106,rt,
isiro,2026-07-22,1.853,1.464,2.34,1.688,2.05,rt,
isiro,2026-07-23,1.804,1.438,2.25,1.651,1.988,rt,
isiro,2026-07-24,1.762,1.412,2.178,1.617,1.931,rt,
isiro,2026-07-25,1.718,1.388,2.126,1.582,1.877,rt,
isiro,2026-07-26,1.675,1.348,2.087,1.545,1.837,rt,
isiro,2026-07-27,1.632,1.295,2.061,1.494,1.801,rt,
isiro,2026-07-28,1.604,1.291,1.996,1.473,1.754,rt,
isiro,2026-07-29,1.576,1.283,1.95,1.454,1.721,rt,
isiro,2026-07-30,1.547,1.267,1.918,1.425,1.688,rt,
isiro,2026-07-31,1.517,1.251,1.857,1.395,1.646,rt,
isiro,2026-08-01,1.484,1.22,1.818,1.365,1.609,rt,
isiro,2026-08-02,1.447,1.183,1.795,1.332,1.578,rt,
isiro,2026-08-03,1.42,1.138,1.786,1.298,1.559,rt,
isiro,2026-08-04,1.377,1.113,1.721,1.257,1.502,rt,
isiro,2026-08-05,1.335,1.081,1.659,1.223,1.453,rt,
isiro,2026-08-06,1.295,1.042,1.608,1.186,1.409,rt,
isiro,2026-08-07,1.248,1.012,1.531,1.146,1.354,rt,
isiro,2026-08-08,1.202,0.969,1.484,1.097,1.306,rt,
isiro,2026-08-09,1.155,0.927,1.437,1.05,1.258,rt,
isiro,2026-08-10,1.097,0.865,1.397,0.995,1.202,rt,
isiro,2026-08-11,1.041,0.825,1.301,0.945,1.138,rt,
isiro,2026-08-12,0.986,0.783,1.229,0.899,1.074,rt,
isiro,2026-08-13,0.932,0.738,1.166,0.85,1.017,rt,
isiro,2026-08-14,0.88,0.695,1.091,0.803,0.961,rt,
isiro,2026-08-15,0.828,0.644,1.024,0.753,0.904,rt,
isiro,2026-08-16,0.779,0.595,0.978,0.704,0.859,rt,
isiro,2026-08-17,0.737,0.547,0.943,0.66,0.817,rt,
isiro,2026-08-18,0.702,0.523,0.889,0.627,0.776,rt,
isiro,2026-08-19,0.665,0.5,0.845,0.598,0.739,rt,
isiro,2026-08-20,0.632,0.478,0.809,0.566,0.708,rt,
isiro,2026-08-21,0.605,0.46,0.776,0.542,0.678,rt,
isiro,2026-08-22,0.582,0.433,0.748,0.521,0.65,rt,
isiro,2026-08-23,0.557,0.406,0.724,0.495,0.626,rt,
isiro,2026-08-24,0.547,0.386,0.721,0.481,0.618,rt,
isiro,2026-08-25,0.537,0.38,0.706,0.476,0.609,rt,
isiro,2026-08-26,0.528,0.372,0.692,0.466,0.596,rt,
isiro,2026-08-27,0.52,0.361,0.686,0.458,0.584,rt,
isiro,2026-08-28,0.51,0.348,0.673,0.448,0.575,rt,
isiro,2026-08-29,0.501,0.339,0.665,0.438,0.565,rt,
isiro,2026-08-30,0.492,0.326,0.664,0.424,0.56,rt,
isiro,2026-08-31,0.482,0.308,0.668,0.412,0.556,rt,
isiro,2026-09-01,0.479,0.314,0.659,0.411,0.553,rt,
isiro,2026-09-02,0.478,0.315,0.651,0.408,0.549,rt,
isiro,2026-09-03,0.476,0.312,0.644,0.402,0.545,rt,
isiro,2026-09-04,0.47,0.312,0.636,0.399,0.538,rt,
isiro,2026-09-05,0.462,0.303,0.63,0.394,0.532,rt,
isiro,2026-09-06,0.455,0.289,0.629,0.388,0.529,rt,
isiro,2026-09-07,0.444,0.273,0.627,0.377,0.52,rt,
isiro,2026-09-08,0.44,0.271,0.617,0.373,0.513,rt,
isiro,2026-09-09,0.434,0.269,0.612,0.37,0.508,rt,
isiro,2026-09-10,0.431,0.265,0.611,0.367,0.506,rt,
isiro,2026-09-11,0.428,0.26,0.609,0.362,0.501,rt,
isiro,2026-09-12,0.425,0.25,0.608,0.354,0.499,rt,
isiro,2026-09-13,0.422,0.246,0.614,0.348,0.501,rt,
isiro,2026-09-14,0.415,0.237,0.622,0.337,0.5,rt,
isiro,2026-09-15,0.412,0.242,0.614,0.334,0.495,rt,
isiro,2026-09-16,0.407,0.241,0.611,0.331,0.496,rt,
isiro,2026-09-17,0.403,0.236,0.616,0.326,0.494,rt,
isiro,2026-09-18,0.404,0.232,0.628,0.325,0.499,rt,
isiro,2026-09-19,0.408,0.228,0.644,0.324,0.502,rt,
isiro,2026-09-20,0.411,0.222,0.662,0.319,0.507,rt,
isiro,2026-09-21,0.418,0.218,0.69,0.32,0.515,rt,
isiro,2026-09-22,0.424,0.221,0.707,0.325,0.523,rt,
isiro,2026-09-23,0.43,0.226,0.728,0.329,0.533,rt,
isiro,2026-09-24,0.434,0.229,0.731,0.331,0.544,rt,
isiro,2026-09-25,0.439,0.231,0.747,0.337,0.555,rt,
isiro,2026-09-26,0.45,0.232,0.761,0.342,0.568,rt,
isiro,2026-09-27,0.457,0.23,0.801,0.347,0.581,rt,
isiro,2026-09-28,0.464,0.225,0.829,0.351,0.598,rt,
isiro,2026-09-29,0.473,0.231,0.85,0.356,0.606,rt,
isiro,2026-09-30,0.483,0.236,0.867,0.364,0.618,rt,
isiro,2026-10-01,0.493,0.242,0.886,0.37,0.631,rt,
isiro,2026-10-02,0.5,0.241,0.931,0.374,0.644,rt,
isiro,2026-10-03,0.508,0.242,0.968,0.378,0.665,rt,
isiro,2026-10-04,0.513,0.238,1.025,0.378,0.682,rt,
isiro,2026-10-05,0.522,0.234,1.078,0.381,0.709,rt,
isiro,2026-10-06,0.572,0.247,1.166,0.416,0.78,rt,
pawa,2026-07-11,2.053,1.551,2.735,1.821,2.3,rt,
pawa,2026-07-12,2.0,1.495,2.645,1.772,2.239,rt,
pawa,2026-07-13,1.948,1.431,2.594,1.716,2.178,rt,
pawa,2026-07-14,1.887,1.412,2.494,1.675,2.106,rt,
pawa,2026-07-15,1.83,1.385,2.403,1.637,2.044,rt,
pawa,2026-07-16,1.784,1.354,2.341,1.599,1.985,rt,
pawa,2026-07-17,1.738,1.33,2.262,1.558,1.929,rt,
pawa,2026-07-18,1.693,1.288,2.202,1.524,1.878,rt,
pawa,2026-07-19,1.65,1.247,2.157,1.48,1.839,rt,
pawa,2026-07-20,1.614,1.202,2.128,1.436,1.802,rt,
pawa,2026-07-21,1.585,1.195,2.067,1.41,1.763,rt,
pawa,2026-07-22,1.556,1.178,2.027,1.386,1.734,rt,
pawa,2026-07-23,1.532,1.166,1.988,1.362,1.705,rt,
pawa,2026-07-24,1.514,1.159,1.94,1.35,1.686,rt,
pawa,2026-07-25,1.491,1.13,1.904,1.335,1.659,rt,
pawa,2026-07-26,1.474,1.093,1.888,1.317,1.642,rt,
pawa,2026-07-27,1.455,1.05,1.879,1.293,1.625,rt,
pawa,2026-07-28,1.451,1.071,1.852,1.303,1.608,rt,
pawa,2026-07-29,1.45,1.098,1.829,1.307,1.6,rt,
pawa,2026-07-30,1.444,1.099,1.827,1.307,1.6,rt,
pawa,2026-07-31,1.44,1.104,1.801,1.306,1.584,rt,
pawa,2026-08-01,1.433,1.1,1.795,1.296,1.578,rt,
pawa,2026-08-02,1.425,1.09,1.797,1.288,1.568,rt,
pawa,2026-08-03,1.424,1.071,1.815,1.278,1.568,rt,
pawa,2026-08-04,1.44,1.102,1.822,1.3,1.579,rt,
pawa,2026-08-05,1.458,1.129,1.825,1.326,1.592,rt,
pawa,2026-08-06,1.478,1.153,1.847,1.346,1.607,rt,
pawa,2026-08-07,1.49,1.184,1.834,1.359,1.611,rt,
pawa,2026-08-08,1.493,1.195,1.842,1.367,1.622,rt,
pawa,2026-08-09,1.501,1.19,1.87,1.369,1.638,rt,
pawa,2026-08-10,1.493,1.17,1.89,1.355,1.639,rt,
pawa,2026-08-11,1.483,1.18,1.87,1.358,1.62,rt,
pawa,2026-08-12,1.472,1.183,1.846,1.351,1.611,rt,
pawa,2026-08-13,1.468,1.173,1.85,1.34,1.603,rt,
pawa,2026-08-14,1.451,1.166,1.822,1.327,1.586,rt,
pawa,2026-08-15,1.432,1.142,1.82,1.307,1.568,rt,
pawa,2026-08-16,1.414,1.114,1.825,1.286,1.557,rt,
pawa,2026-08-17,1.398,1.094,1.829,1.271,1.553,rt,
pawa,2026-08-18,1.365,1.078,1.768,1.241,1.513,rt,
pawa,2026-08-19,1.337,1.049,1.694,1.214,1.474,rt,
pawa,2026-08-20,1.3,1.014,1.648,1.185,1.44,rt,
pawa,2026-08-21,1.279,1.005,1.606,1.167,1.409,rt,
pawa,2026-08-22,1.253,0.996,1.566,1.14,1.376,rt,
pawa,2026-08-23,1.228,0.972,1.542,1.113,1.353,rt,
pawa,2026-08-24,1.229,0.974,1.567,1.115,1.36,rt,
pawa,2026-08-25,1.224,0.973,1.532,1.118,1.35,rt,
pawa,2026-08-26,1.216,0.974,1.51,1.114,1.337,rt,
pawa,2026-08-27,1.208,0.964,1.49,1.108,1.322,rt,
pawa,2026-08-28,1.198,0.965,1.465,1.099,1.302,rt,
pawa,2026-08-29,1.185,0.962,1.444,1.092,1.283,rt,
pawa,2026-08-30,1.169,0.952,1.431,1.081,1.265,rt,
pawa,2026-08-31,1.161,0.939,1.436,1.07,1.263,rt,
pawa,2026-09-01,1.155,0.942,1.412,1.061,1.253,rt,
pawa,2026-09-02,1.149,0.938,1.399,1.057,1.244,rt,
pawa,2026-09-03,1.141,0.929,1.403,1.047,1.238,rt,
pawa,2026-09-04,1.127,0.921,1.365,1.035,1.211,rt,
pawa,2026-09-05,1.105,0.901,1.335,1.022,1.195,rt,
pawa,2026-09-06,1.087,0.88,1.318,1.003,1.182,rt,
pawa,2026-09-07,1.06,0.843,1.293,0.97,1.153,rt,
pawa,2026-09-08,1.035,0.828,1.264,0.951,1.128,rt,
pawa,2026-09-09,1.016,0.813,1.235,0.929,1.102,rt,
pawa,2026-09-10,0.997,0.792,1.205,0.912,1.081,rt,
pawa,2026-09-11,0.973,0.767,1.172,0.891,1.054,rt,
pawa,2026-09-12,0.952,0.746,1.155,0.871,1.027,rt,
pawa,2026-09-13,0.93,0.726,1.136,0.848,1.005,rt,
pawa,2026-09-14,0.906,0.7,1.121,0.82,0.984,rt,
pawa,2026-09-15,0.883,0.679,1.105,0.798,0.961,rt,
pawa,2026-09-16,0.863,0.659,1.085,0.78,0.944,rt,
pawa,2026-09-17,0.843,0.635,1.07,0.758,0.925,rt,
pawa,2026-09-18,0.828,0.617,1.064,0.74,0.914,rt,
pawa,2026-09-19,0.814,0.603,1.066,0.723,0.909,rt,
pawa,2026-09-20,0.8,0.587,1.064,0.709,0.898,rt,
pawa,2026-09-21,0.797,0.57,1.076,0.697,0.904,rt,
pawa,2026-09-22,0.793,0.561,1.09,0.689,0.9,rt,
pawa,2026-09-23,0.785,0.554,1.103,0.684,0.896,rt,
pawa,2026-09-24,0.778,0.545,1.108,0.679,0.899,rt,
pawa,2026-09-25,0.778,0.533,1.112,0.675,0.901,rt,
pawa,2026-09-26,0.776,0.522,1.123,0.669,0.904,rt,
pawa,2026-09-27,0.776,0.502,1.138,0.661,0.909,rt,
pawa,2026-09-28,0.777,0.488,1.151,0.656,0.916,rt,
pawa,2026-09-29,0.78,0.49,1.175,0.654,0.922,rt,
pawa,2026-09-30,0.783,0.48,1.193,0.653,0.932,rt,
pawa,2026-10-01,0.789,0.471,1.205,0.653,0.948,rt,
pawa,2026-10-02,0.788,0.458,1.221,0.647,0.947,rt,
pawa,2026-10-03,0.784,0.451,1.259,0.638,0.953,rt,
pawa,2026-10-04,0.781,0.443,1.299,0.625,0.963,rt,
pawa,2026-10-05,0.785,0.427,1.349,0.617,0.986,rt,
pawa,2026-10-06,0.806,0.418,1.352,0.621,0.986,rt,
wamba,2026-06-30,2.438,1.866,3.259,2.181,2.724,rt,
wamba,2026-07-01,2.362,1.816,3.151,2.12,2.641,rt,
wamba,2026-07-02,2.298,1.759,3.049,2.057,2.565,rt,
wamba,2026-07-03,2.216,1.704,2.898,1.996,2.45,rt,
wamba,2026-07-04,2.142,1.626,2.772,1.935,2.364,rt,
wamba,2026-07-05,2.072,1.56,2.699,1.866,2.299,rt,
wamba,2026-07-06,1.983,1.456,2.619,1.772,2.211,rt,
wamba,2026-07-07,1.93,1.423,2.529,1.732,2.147,rt,
wamba,2026-07-08,1.88,1.402,2.458,1.696,2.088,rt,
wamba,2026-07-09,1.837,1.375,2.389,1.651,2.043,rt,
wamba,2026-07-10,1.791,1.366,2.305,1.615,1.981,rt,
wamba,2026-07-11,1.751,1.348,2.241,1.573,1.935,rt,
wamba,2026-07-12,1.71,1.294,2.177,1.533,1.892,rt,
wamba,2026-07-13,1.667,1.238,2.154,1.491,1.854,rt,
wamba,2026-07-14,1.64,1.254,2.101,1.48,1.822,rt,
wamba,2026-07-15,1.618,1.26,2.07,1.472,1.793,rt,
wamba,2026-07-16,1.601,1.259,2.027,1.46,1.774,rt,
wamba,2026-07-17,1.585,1.262,1.985,1.456,1.748,rt,
wamba,2026-07-18,1.572,1.25,1.968,1.44,1.728,rt,
wamba,2026-07-19,1.558,1.228,1.961,1.42,1.711,rt,
wamba,2026-07-20,1.549,1.194,1.978,1.402,1.709,rt,
wamba,2026-07-21,1.526,1.202,1.932,1.384,1.677,rt,
wamba,2026-07-22,1.512,1.2,1.903,1.372,1.652,rt,
wamba,2026-07-23,1.49,1.188,1.867,1.352,1.631,rt,
wamba,2026-07-24,1.478,1.187,1.84,1.345,1.61,rt,
wamba,2026-07-25,1.463,1.169,1.809,1.333,1.593,rt,
wamba,2026-07-26,1.445,1.15,1.814,1.317,1.582,rt,
wamba,2026-07-27,1.427,1.12,1.834,1.295,1.582,rt,
wamba,2026-07-28,1.393,1.117,1.767,1.274,1.535,rt,
wamba,2026-07-29,1.36,1.106,1.723,1.25,1.49,rt,
wamba,2026-07-30,1.333,1.081,1.664,1.222,1.453,rt,
wamba,2026-07-31,1.3,1.06,1.599,1.195,1.41,rt,
wamba,2026-08-01,1.262,1.032,1.553,1.165,1.372,rt,
wamba,2026-08-02,1.228,0.99,1.528,1.133,1.337,rt,
wamba,2026-08-03,1.2,0.948,1.514,1.099,1.313,rt,
wamba,2026-08-04,1.182,0.949,1.469,1.091,1.289,rt,
wamba,2026-08-05,1.166,0.944,1.44,1.08,1.266,rt,
wamba,2026-08-06,1.15,0.93,1.408,1.057,1.244,rt,
wamba,2026-08-07,1.129,0.916,1.38,1.038,1.218,rt,
wamba,2026-08-08,1.102,0.892,1.343,1.013,1.193,rt,
wamba,2026-08-09,1.076,0.857,1.334,0.988,1.178,rt,
wamba,2026-08-10,1.043,0.806,1.312,0.951,1.151,rt,
wamba,2026-08-11,1.021,0.792,1.261,0.93,1.118,rt,
wamba,2026-08-12,0.996,0.784,1.235,0.907,1.088,rt,
wamba,2026-08-13,0.971,0.774,1.213,0.885,1.057,rt,
wamba,2026-08-14,0.942,0.751,1.174,0.864,1.031,rt,
wamba,2026-08-15,0.912,0.723,1.144,0.835,1.004,rt,
wamba,2026-08-16,0.885,0.688,1.121,0.804,0.977,rt,
wamba,2026-08-17,0.863,0.65,1.117,0.777,0.959,rt,
wamba,2026-08-18,0.847,0.646,1.082,0.764,0.937,rt,
wamba,2026-08-19,0.832,0.646,1.054,0.753,0.922,rt,
wamba,2026-08-20,0.818,0.635,1.035,0.739,0.901,rt,
wamba,2026-08-21,0.809,0.632,1.012,0.735,0.886,rt,
wamba,2026-08-22,0.801,0.624,1.004,0.729,0.877,rt,
wamba,2026-08-23,0.793,0.607,0.992,0.719,0.868,rt,
wamba,2026-08-24,0.807,0.604,1.017,0.722,0.887,rt,
wamba,2026-08-25,0.822,0.629,1.029,0.741,0.901,rt,
wamba,2026-08-26,0.835,0.649,1.046,0.756,0.915,rt,
wamba,2026-08-27,0.85,0.66,1.068,0.771,0.936,rt,
wamba,2026-08-28,0.866,0.675,1.077,0.787,0.948,rt,
wamba,2026-08-29,0.88,0.686,1.098,0.801,0.964,rt,
wamba,2026-08-30,0.895,0.689,1.127,0.809,0.983,rt,
wamba,2026-08-31,0.91,0.69,1.164,0.82,1.008,rt,
wamba,2026-09-01,0.927,0.719,1.171,0.837,1.016,rt,
wamba,2026-09-02,0.945,0.744,1.181,0.852,1.03,rt,
wamba,2026-09-03,0.956,0.759,1.199,0.866,1.049,rt,
wamba,2026-09-04,0.963,0.763,1.195,0.88,1.054,rt,
wamba,2026-09-05,0.972,0.768,1.207,0.89,1.063,rt,
wamba,2026-09-06,0.977,0.765,1.225,0.891,1.071,rt,
wamba,2026-09-07,0.97,0.747,1.241,0.882,1.071,rt,
wamba,2026-09-08,0.958,0.741,1.211,0.871,1.055,rt,
wamba,2026-09-09,0.946,0.73,1.19,0.86,1.039,rt,
wamba,2026-09-10,0.935,0.717,1.182,0.848,1.026,rt,
wamba,2026-09-11,0.919,0.706,1.163,0.831,1.007,rt,
wamba,2026-09-12,0.904,0.689,1.152,0.818,0.994,rt,
wamba,2026-09-13,0.894,0.667,1.159,0.801,0.987,rt,
wamba,2026-09-14,0.875,0.645,1.156,0.778,0.978,rt,
wamba,2026-09-15,0.859,0.635,1.128,0.762,0.96,rt,
wamba,2026-09-16,0.845,0.618,1.114,0.744,0.947,rt,
wamba,2026-09-17,0.831,0.602,1.104,0.728,0.933,rt,
wamba,2026-09-18,0.822,0.59,1.106,0.717,0.922,rt,
wamba,2026-09-19,0.812,0.572,1.109,0.702,0.921,rt,
wamba,2026-09-20,0.803,0.56,1.117,0.691,0.919,rt,
wamba,2026-09-21,0.803,0.545,1.127,0.687,0.925,rt,
wamba,2026-09-22,0.801,0.545,1.134,0.682,0.927,rt,
wamba,2026-09-23,0.797,0.533,1.146,0.677,0.93,rt,
wamba,2026-09-24,0.795,0.526,1.162,0.674,0.935,rt,
wamba,2026-09-25,0.791,0.517,1.177,0.675,0.939,rt,
wamba,2026-09-26,0.789,0.509,1.201,0.674,0.944,rt,
wamba,2026-09-27,0.789,0.493,1.219,0.665,0.946,rt,
wamba,2026-09-28,0.795,0.487,1.245,0.659,0.956,rt,
wamba,2026-09-29,0.798,0.487,1.261,0.661,0.96,rt,
wamba,2026-09-30,0.8,0.487,1.275,0.66,0.967,rt,
wamba,2026-10-01,0.806,0.484,1.281,0.661,0.982,rt,
wamba,2026-10-02,0.804,0.471,1.307,0.657,0.983,rt,
wamba,2026-10-03,0.805,0.455,1.311,0.65,0.997,rt,
wamba,2026-10-04,0.802,0.442,1.345,0.636,1.012,rt,
wamba,2026-10-05,0.806,0.419,1.412,0.632,1.032,rt,
wamba,2026-10-06,0.824,0.428,1.376,0.635,1.024,rt,
makiso_kisangani,2026-07-25,1.356,1.162,1.582,1.275,1.441,rt,
makiso_kisangani,2026-07-26,1.357,1.162,1.588,1.278,1.444,rt,
makiso_kisangani,2026-07-27,1.361,1.16,1.594,1.279,1.448,rt,
makiso_kisangani,2026-07-28,1.363,1.158,1.603,1.28,1.457,rt,
makiso_kisangani,2026-07-29,1.368,1.157,1.615,1.283,1.463,rt,
makiso_kisangani,2026-07-30,1.371,1.155,1.627,1.285,1.47,rt,
makiso_kisangani,2026-07-31,1.371,1.167,1.611,1.287,1.467,rt,
makiso_kisangani,2026-08-01,1.372,1.174,1.607,1.288,1.468,rt,
makiso_kisangani,2026-08-02,1.372,1.177,1.605,1.286,1.468,rt,
makiso_kisangani,2026-08-03,1.369,1.17,1.604,1.283,1.463,rt,
makiso_kisangani,2026-08-04,1.367,1.165,1.607,1.279,1.464,rt,
makiso_kisangani,2026-08-05,1.364,1.161,1.611,1.274,1.463,rt,
makiso_kisangani,2026-08-06,1.36,1.155,1.617,1.269,1.461,rt,
makiso_kisangani,2026-08-07,1.347,1.151,1.587,1.26,1.443,rt,
makiso_kisangani,2026-08-08,1.336,1.147,1.562,1.25,1.428,rt,
makiso_kisangani,2026-08-09,1.325,1.144,1.547,1.241,1.416,rt,
makiso_kisangani,2026-08-10,1.306,1.125,1.528,1.223,1.394,rt,
makiso_kisangani,2026-08-11,1.288,1.104,1.51,1.205,1.378,rt,
makiso_kisangani,2026-08-12,1.27,1.087,1.497,1.188,1.364,rt,
makiso_kisangani,2026-08-13,1.258,1.07,1.487,1.174,1.35,rt,
makiso_kisangani,2026-08-14,1.246,1.057,1.465,1.162,1.333,rt,
makiso_kisangani,2026-08-15,1.234,1.045,1.453,1.153,1.321,rt,
makiso_kisangani,2026-08-16,1.222,1.035,1.442,1.141,1.309,rt,
makiso_kisangani,2026-08-17,1.221,1.026,1.44,1.137,1.307,rt,
makiso_kisangani,2026-08-18,1.22,1.016,1.44,1.132,1.308,rt,
makiso_kisangani,2026-08-19,1.219,1.009,1.448,1.128,1.307,rt,
makiso_kisangani,2026-08-20,1.216,1.004,1.458,1.12,1.307,rt,
makiso_kisangani,2026-08-21,1.224,1.017,1.456,1.135,1.312,rt,
makiso_kisangani,2026-08-22,1.233,1.032,1.453,1.145,1.316,rt,
makiso_kisangani,2026-08-23,1.242,1.04,1.456,1.154,1.324,rt,
makiso_kisangani,2026-08-24,1.256,1.053,1.474,1.164,1.338,rt,
makiso_kisangani,2026-08-25,1.266,1.064,1.49,1.177,1.355,rt,
makiso_kisangani,2026-08-26,1.279,1.069,1.506,1.186,1.367,rt,
makiso_kisangani,2026-08-27,1.29,1.074,1.529,1.196,1.384,rt,
makiso_kisangani,2026-08-28,1.296,1.093,1.518,1.203,1.382,rt,
makiso_kisangani,2026-08-29,1.297,1.104,1.513,1.21,1.384,rt,
makiso_kisangani,2026-08-30,1.303,1.113,1.513,1.214,1.388,rt,
makiso_kisangani,2026-08-31,1.292,1.107,1.503,1.202,1.375,rt,
makiso_kisangani,2026-09-01,1.28,1.096,1.497,1.194,1.366,rt,
makiso_kisangani,2026-09-02,1.271,1.081,1.492,1.185,1.358,rt,
makiso_kisangani,2026-09-03,1.264,1.067,1.484,1.174,1.35,rt,
makiso_kisangani,2026-09-04,1.247,1.061,1.455,1.161,1.33,rt,
makiso_kisangani,2026-09-05,1.228,1.05,1.434,1.147,1.315,rt,
makiso_kisangani,2026-09-06,1.216,1.035,1.422,1.136,1.302,rt,
makiso_kisangani,2026-09-07,1.19,1.011,1.401,1.11,1.276,rt,
makiso_kisangani,2026-09-08,1.166,0.982,1.383,1.086,1.253,rt,
makiso_kisangani,2026-09-09,1.142,0.955,1.369,1.063,1.232,rt,
makiso_kisangani,2026-09-10,1.12,0.93,1.352,1.041,1.213,rt,
makiso_kisangani,2026-09-11,1.105,0.909,1.328,1.026,1.192,rt,
makiso_kisangani,2026-09-12,1.088,0.898,1.308,1.009,1.179,rt,
makiso_kisangani,2026-09-13,1.072,0.882,1.292,0.989,1.163,rt,
makiso_kisangani,2026-09-14,1.06,0.864,1.289,0.976,1.154,rt,
makiso_kisangani,2026-09-15,1.049,0.846,1.289,0.961,1.147,rt,
makiso_kisangani,2026-09-16,1.037,0.83,1.291,0.946,1.141,rt,
makiso_kisangani,2026-09-17,1.026,0.814,1.292,0.935,1.132,rt,
makiso_kisangani,2026-09-18,1.024,0.805,1.29,0.928,1.126,rt,
makiso_kisangani,2026-09-19,1.02,0.79,1.289,0.919,1.12,rt,
makiso_kisangani,2026-09-20,1.014,0.782,1.296,0.91,1.118,rt,
makiso_kisangani,2026-09-21,1.019,0.781,1.319,0.912,1.13,rt,
makiso_kisangani,2026-09-22,1.028,0.779,1.337,0.914,1.14,rt,
makiso_kisangani,2026-09-23,1.036,0.777,1.36,0.916,1.153,rt,
makiso_kisangani,2026-09-24,1.04,0.772,1.377,0.916,1.163,rt,
makiso_kisangani,2026-09-25,1.039,0.773,1.391,0.915,1.168,rt,
makiso_kisangani,2026-09-26,1.037,0.768,1.396,0.918,1.178,rt,
makiso_kisangani,2026-09-27,1.038,0.756,1.421,0.918,1.187,rt,
makiso_kisangani,2026-09-28,1.038,0.745,1.427,0.912,1.194,rt,
makiso_kisangani,2026-09-29,1.038,0.733,1.438,0.907,1.194,rt,
makiso_kisangani,2026-09-30,1.038,0.72,1.452,0.902,1.198,rt,
makiso_kisangani,2026-10-01,1.035,0.712,1.467,0.894,1.203,rt,
makiso_kisangani,2026-10-02,1.034,0.706,1.472,0.89,1.204,rt,
makiso_kisangani,2026-10-03,1.031,0.691,1.493,0.885,1.208,rt,
makiso_kisangani,2026-10-04,1.031,0.67,1.521,0.87,1.21,rt,
makiso_kisangani,2026-10-05,1.032,0.649,1.558,0.861,1.222,rt,
makiso_kisangani,2026-10-06,1.037,0.671,1.508,0.876,1.212,rt,
mangobo,2026-09-10,1.132,0.94,1.368,1.052,1.225,rt,
mangobo,2026-09-11,1.114,0.924,1.342,1.036,1.204,rt,
mangobo,2026-09-12,1.099,0.91,1.321,1.021,1.185,rt,
mangobo,2026-09-13,1.08,0.892,1.305,1.002,1.172,rt,
mangobo,2026-09-14,1.07,0.877,1.299,0.988,1.164,rt,
mangobo,2026-09-15,1.058,0.861,1.297,0.974,1.159,rt,
mangobo,2026-09-16,1.048,0.842,1.296,0.958,1.153,rt,
mangobo,2026-09-17,1.04,0.823,1.299,0.945,1.146,rt,
mangobo,2026-09-18,1.035,0.812,1.3,0.94,1.141,rt,
mangobo,2026-09-19,1.033,0.804,1.302,0.932,1.134,rt,
mangobo,2026-09-20,1.026,0.794,1.305,0.922,1.134,rt,
mangobo,2026-09-21,1.032,0.792,1.328,0.925,1.146,rt,
mangobo,2026-09-22,1.039,0.79,1.351,0.923,1.158,rt,
mangobo,2026-09-23,1.046,0.788,1.373,0.924,1.167,rt,
mangobo,2026-09-24,1.05,0.784,1.394,0.927,1.176,rt,
mangobo,2026-09-25,1.048,0.782,1.398,0.927,1.186,rt,
mangobo,2026-09-26,1.049,0.775,1.413,0.929,1.193,rt,
mangobo,2026-09-27,1.049,0.76,1.432,0.928,1.202,rt,
mangobo,2026-09-28,1.051,0.75,1.448,0.923,1.208,rt,
mangobo,2026-09-29,1.05,0.74,1.455,0.92,1.212,rt,
mangobo,2026-09-30,1.052,0.731,1.47,0.914,1.213,rt,
mangobo,2026-10-01,1.051,0.718,1.489,0.909,1.213,rt,
mangobo,2026-10-02,1.048,0.713,1.484,0.9,1.212,rt,
mangobo,2026-10-03,1.045,0.7,1.509,0.896,1.221,rt,
mangobo,2026-10-04,1.045,0.679,1.537,0.883,1.223,rt,
mangobo,2026-10-05,1.045,0.658,1.57,0.876,1.233,rt,
mangobo,2026-10-06,1.051,0.68,1.523,0.892,1.227,rt,
adja,2026-08-18,,,,,,cases,0
adja,2026-08-25,,,,,,cases,0
adja,2026-09-01,,,,,,cases,0
adja,2026-09-08,,,,,,cases,0
adja,2026-09-15,,,,,,cases,0
adja,2026-09-22,,,,,,cases,0
adja,2026-09-29,,,,,,cases,0
adja,2026-10-06,,,,,,cases,1
ariwara,2026-08-18,,,,,,cases,1
ariwara,2026-08-25,,,,,,cases,0
ariwara,2026-09-01,,,,,,cases,0
ariwara,2026-09-08,,,,,,cases,0
ariwara,2026-09-15,,,,,,cases,0
ariwara,2026-09-22,,,,,,cases,0
ariwara,2026-09-29,,,,,,cases,0
ariwara,2026-10-06,,,,,,cases,0
aru,2026-08-18,,,,,,cases,0
aru,2026-08-25,,,,,,cases,0
aru,2026-09-01,,,,,,cases,1
aru,2026-09-08,,,,,,cases,0
aru,2026-09-15,,,,,,cases,0
aru,2026-09-22,,,,,,cases,0
aru,2026-09-29,,,,,,cases,0
aru,2026-10-06,,,,,,cases,0
aungba,2026-08-18,,,,,,cases,1
aungba,2026-08-25,,,,,,cases,1
aungba,2026-09-01,,,,,,cases,0
aungba,2026-09-08,,,,,,cases,0
aungba,2026-09-15,,,,,,cases,0
aungba,2026-09-22,,,,,,cases,0
aungba,2026-09-29,,,,,,cases,0
aungba,2026-10-06,,,,,,cases,0
bambu,2026-08-18,,,,,,cases,21
bambu,2026-08-25,,,,,,cases,34
bambu,2026-09-01,,,,,,cases,17
bambu,2026-09-08,,,,,,cases,11
bambu,2026-09-15,,,,,,cases,3
bambu,2026-09-22,,,,,,cases,18
bambu,2026-09-29,,,,,,cases,5
bambu,2026-10-06,,,,,,cases,8
boga,2026-08-18,,,,,,cases,0
boga,2026-08-25,,,,,,cases,1
boga,2026-09-01,,,,,,cases,0
boga,2026-09-08,,,,,,cases,0
boga,2026-09-15,,,,,,cases,0
boga,2026-09-22,,,,,,cases,0
boga,2026-09-29,,,,,,cases,0
boga,2026-10-06,,,,,,cases,0
bunia,2026-08-18,,,,,,cases,176
bunia,2026-08-25,,,,,,cases,98
bunia,2026-09-01,,,,,,cases,96
bunia,2026-09-08,,,,,,cases,110
bunia,2026-09-15,,,,,,cases,88
bunia,2026-09-22,,,,,,cases,67
bunia,2026-09-29,,,,,,cases,50
bunia,2026-10-06,,,,,,cases,62
damas,2026-08-18,,,,,,cases,7
damas,2026-08-25,,,,,,cases,2
damas,2026-09-01,,,,,,cases,1
damas,2026-09-08,,,,,,cases,4
damas,2026-09-15,,,,,,cases,8
damas,2026-09-22,,,,,,cases,0
damas,2026-09-29,,,,,,cases,0
damas,2026-10-06,,,,,,cases,0
drodro,2026-08-18,,,,,,cases,1
drodro,2026-08-25,,,,,,cases,0
drodro,2026-09-01,,,,,,cases,1
drodro,2026-09-08,,,,,,cases,1
drodro,2026-09-15,,,,,,cases,0
drodro,2026-09-22,,,,,,cases,0
drodro,2026-09-29,,,,,,cases,0
drodro,2026-10-06,,,,,,cases,0
fataki,2026-08-18,,,,,,cases,17
fataki,2026-08-25,,,,,,cases,1
fataki,2026-09-01,,,,,,cases,4
fataki,2026-09-08,,,,,,cases,1
fataki,2026-09-15,,,,,,cases,1
fataki,2026-09-22,,,,,,cases,2
fataki,2026-09-29,,,,,,cases,1
fataki,2026-10-06,,,,,,cases,2
gety,2026-08-18,,,,,,cases,3
gety,2026-08-25,,,,,,cases,0
gety,2026-09-01,,,,,,cases,1
gety,2026-09-08,,,,,,cases,1
gety,2026-09-15,,,,,,cases,0
gety,2026-09-22,,,,,,cases,0
gety,2026-09-29,,,,,,cases,0
gety,2026-10-06,,,,,,cases,2
kambala,2026-08-18,,,,,,cases,0
kambala,2026-08-25,,,,,,cases,0
kambala,2026-09-01,,,,,,cases,0
kambala,2026-09-08,,,,,,cases,0
kambala,2026-09-15,,,,,,cases,0
kambala,2026-09-22,,,,,,cases,0
kambala,2026-09-29,,,,,,cases,0
kambala,2026-10-06,,,,,,cases,0
kilo,2026-08-18,,,,,,cases,2
kilo,2026-08-25,,,,,,cases,1
kilo,2026-09-01,,,,,,cases,0
kilo,2026-09-08,,,,,,cases,1
kilo,2026-09-15,,,,,,cases,0
kilo,2026-09-22,,,,,,cases,1
kilo,2026-09-29,,,,,,cases,1
kilo,2026-10-06,,,,,,cases,3
komanda,2026-08-18,,,,,,cases,11
komanda,2026-08-25,,,,,,cases,8
komanda,2026-09-01,,,,,,cases,31
komanda,2026-09-08,,,,,,cases,26
komanda,2026-09-15,,,,,,cases,18
komanda,2026-09-22,,,,,,cases,17
komanda,2026-09-29,,,,,,cases,16
komanda,2026-10-06,,,,,,cases,7
lita,2026-08-18,,,,,,cases,23
lita,2026-08-25,,,,,,cases,18
lita,2026-09-01,,,,,,cases,20
lita,2026-09-08,,,,,,cases,23
lita,2026-09-15,,,,,,cases,17
lita,2026-09-22,,,,,,cases,12
lita,2026-09-29,,,,,,cases,8
lita,2026-10-06,,,,,,cases,11
logo,2026-08-18,,,,,,cases,0
logo,2026-08-25,,,,,,cases,0
logo,2026-09-01,,,,,,cases,0
logo,2026-09-08,,,,,,cases,2
logo,2026-09-15,,,,,,cases,0
logo,2026-09-22,,,,,,cases,0
logo,2026-09-29,,,,,,cases,0
logo,2026-10-06,,,,,,cases,1
lolwa,2026-08-18,,,,,,cases,6
lolwa,2026-08-25,,,,,,cases,2
lolwa,2026-09-01,,,,,,cases,3
lolwa,2026-09-08,,,,,,cases,3
lolwa,2026-09-15,,,,,,cases,6
lolwa,2026-09-22,,,,,,cases,1
lolwa,2026-09-29,,,,,,cases,2
lolwa,2026-10-06,,,,,,cases,1
mahagi,2026-08-18,,,,,,cases,0
mahagi,2026-08-25,,,,,,cases,0
mahagi,2026-09-01,,,,,,cases,0
mahagi,2026-09-08,,,,,,cases,0
mahagi,2026-09-15,,,,,,cases,0
mahagi,2026-09-22,,,,,,cases,0
mahagi,2026-09-29,,,,,,cases,0
mahagi,2026-10-06,,,,,,cases,0
mambasa,2026-08-18,,,,,,cases,1
mambasa,2026-08-25,,,,,,cases,3
mambasa,2026-09-01,,,,,,cases,0
mambasa,2026-09-08,,,,,,cases,0
mambasa,2026-09-15,,,,,,cases,0
mambasa,2026-09-22,,,,,,cases,6
mambasa,2026-09-29,,,,,,cases,6
mambasa,2026-10-06,,,,,,cases,12
mandima,2026-08-18,,,,,,cases,6
mandima,2026-08-25,,,,,,cases,7
mandima,2026-09-01,,,,,,cases,4
mandima,2026-09-08,,,,,,cases,8
mandima,2026-09-15,,,,,,cases,13
mandima,2026-09-22,,,,,,cases,9
mandima,2026-09-29,,,,,,cases,71
mandima,2026-10-06,,,,,,cases,61
mangala,2026-08-18,,,,,,cases,57
mangala,2026-08-25,,,,,,cases,30
mangala,2026-09-01,,,,,,cases,60
mangala,2026-09-08,,,,,,cases,34
mangala,2026-09-15,,,,,,cases,25
mangala,2026-09-22,,,,,,cases,19
mangala,2026-09-29,,,,,,cases,10
mangala,2026-10-06,,,,,,cases,15
mongbwalu,2026-08-18,,,,,,cases,17
mongbwalu,2026-08-25,,,,,,cases,12
mongbwalu,2026-09-01,,,,,,cases,10
mongbwalu,2026-09-08,,,,,,cases,25
mongbwalu,2026-09-15,,,,,,cases,30
mongbwalu,2026-09-22,,,,,,cases,22
mongbwalu,2026-09-29,,,,,,cases,9
mongbwalu,2026-10-06,,,,,,cases,9
nia_nia,2026-08-18,,,,,,cases,36
nia_nia,2026-08-25,,,,,,cases,21
nia_nia,2026-09-01,,,,,,cases,17
nia_nia,2026-09-08,,,,,,cases,12
nia_nia,2026-09-15,,,,,,cases,20
nia_nia,2026-09-22,,,,,,cases,21
nia_nia,2026-09-29,,,,,,cases,29
nia_nia,2026-10-06,,,,,,cases,16
nizi,2026-08-18,,,,,,cases,69
nizi,2026-08-25,,,,,,cases,70
nizi,2026-09-01,,,,,,cases,42
nizi,2026-09-08,,,,,,cases,53
nizi,2026-09-15,,,,,,cases,19
nizi,2026-09-22,,,,,,cases,20
nizi,2026-09-29,,,,,,cases,16
nizi,2026-10-06,,,,,,cases,14
nyankunde,2026-08-18,,,,,,cases,5
nyankunde,2026-08-25,,,,,,cases,3
nyankunde,2026-09-01,,,,,,cases,0
nyankunde,2026-09-08,,,,,,cases,1
nyankunde,2026-09-15,,,,,,cases,0
nyankunde,2026-09-22,,,,,,cases,2
nyankunde,2026-09-29,,,,,,cases,2
nyankunde,2026-10-06,,,,,,cases,1
rimba,2026-08-18,,,,,,cases,0
rimba,2026-08-25,,,,,,cases,1
rimba,2026-09-01,,,,,,cases,1
rimba,2026-09-08,,,,,,cases,0
rimba,2026-09-15,,,,,,cases,0
rimba,2026-09-22,,,,,,cases,1
rimba,2026-09-29,,,,,,cases,0
rimba,2026-10-06,,,,,,cases,2
rwampara,2026-08-18,,,,,,cases,114
rwampara,2026-08-25,,,,,,cases,42
rwampara,2026-09-01,,,,,,cases,43
rwampara,2026-09-08,,,,,,cases,35
rwampara,2026-09-15,,,,,,cases,30
rwampara,2026-09-22,,,,,,cases,32
rwampara,2026-09-29,,,,,,cases,22
rwampara,2026-10-06,,,,,,cases,35
tchomia,2026-08-18,,,,,,cases,3
tchomia,2026-08-25,,,,,,cases,4
tchomia,2026-09-01,,,,,,cases,2
tchomia,2026-09-08,,,,,,cases,6
tchomia,2026-09-15,,,,,,cases,12
tchomia,2026-09-22,,,,,,cases,0
tchomia,2026-09-29,,,,,,cases,1
tchomia,2026-10-06,,,,,,cases,0
alimbongo,2026-08-18,,,,,,cases,0
alimbongo,2026-08-25,,,,,,cases,0
alimbongo,2026-09-01,,,,,,cases,0
alimbongo,2026-09-08,,,,,,cases,0
alimbongo,2026-09-15,,,,,,cases,0
alimbongo,2026-09-22,,,,,,cases,0
alimbongo,2026-09-29,,,,,,cases,0
alimbongo,2026-10-06,,,,,,cases,5
beni,2026-08-18,,,,,,cases,20
beni,2026-08-25,,,,,,cases,20
beni,2026-09-01,,,,,,cases,28
beni,2026-09-08,,,,,,cases,39
beni,2026-09-15,,,,,,cases,56
beni,2026-09-22,,,,,,cases,51
beni,2026-09-29,,,,,,cases,56
beni,2026-10-06,,,,,,cases,61
biena,2026-08-18,,,,,,cases,0
biena,2026-08-25,,,,,,cases,0
biena,2026-09-01,,,,,,cases,1
biena,2026-09-08,,,,,,cases,8
biena,2026-09-15,,,,,,cases,9
biena,2026-09-22,,,,,,cases,0
biena,2026-09-29,,,,,,cases,1
biena,2026-10-06,,,,,,cases,4
butembo,2026-08-18,,,,,,cases,21
butembo,2026-08-25,,,,,,cases,22
butembo,2026-09-01,,,,,,cases,34
butembo,2026-09-08,,,,,,cases,37
butembo,2026-09-15,,,,,,cases,25
butembo,2026-09-22,,,,,,cases,11
butembo,2026-09-29,,,,,,cases,10
butembo,2026-10-06,,,,,,cases,23
goma,2026-08-18,,,,,,cases,0
goma,2026-08-25,,,,,,cases,0
goma,2026-09-01,,,,,,cases,0
goma,2026-09-08,,,,,,cases,0
goma,2026-09-15,,,,,,cases,0
goma,2026-09-22,,,,,,cases,0
goma,2026-09-29,,,,,,cases,0
goma,2026-10-06,,,,,,cases,0
kalunguta,2026-08-18,,,,,,cases,3
kalunguta,2026-08-25,,,,,,cases,3
kalunguta,2026-09-01,,,,,,cases,0
kalunguta,2026-09-08,,,,,,cases,4
kalunguta,2026-09-15,,,,,,cases,16
kalunguta,2026-09-22,,,,,,cases,13
kalunguta,2026-09-29,,,,,,cases,5
kalunguta,2026-10-06,,,,,,cases,9
katwa,2026-08-18,,,,,,cases,71
katwa,2026-08-25,,,,,,cases,50
katwa,2026-09-01,,,,,,cases,48
katwa,2026-09-08,,,,,,cases,69
katwa,2026-09-15,,,,,,cases,56
katwa,2026-09-22,,,,,,cases,15
katwa,2026-09-29,,,,,,cases,14
katwa,2026-10-06,,,,,,cases,46
kayna,2026-08-18,,,,,,cases,0
kayna,2026-08-25,,,,,,cases,0
kayna,2026-09-01,,,,,,cases,0
kayna,2026-09-08,,,,,,cases,1
kayna,2026-09-15,,,,,,cases,0
kayna,2026-09-22,,,,,,cases,0
kayna,2026-09-29,,,,,,cases,0
kayna,2026-10-06,,,,,,cases,2
kyondo,2026-08-18,,,,,,cases,2
kyondo,2026-08-25,,,,,,cases,1
kyondo,2026-09-01,,,,,,cases,0
kyondo,2026-09-08,,,,,,cases,9
kyondo,2026-09-15,,,,,,cases,5
kyondo,2026-09-22,,,,,,cases,2
kyondo,2026-09-29,,,,,,cases,1
kyondo,2026-10-06,,,,,,cases,4
lubero,2026-08-18,,,,,,cases,0
lubero,2026-08-25,,,,,,cases,0
lubero,2026-09-01,,,,,,cases,2
lubero,2026-09-08,,,,,,cases,4
lubero,2026-09-15,,,,,,cases,8
lubero,2026-09-22,,,,,,cases,5
lubero,2026-09-29,,,,,,cases,1
lubero,2026-10-06,,,,,,cases,2
mabalako,2026-08-18,,,,,,cases,1
mabalako,2026-08-25,,,,,,cases,1
mabalako,2026-09-01,,,,,,cases,3
mabalako,2026-09-08,,,,,,cases,4
mabalako,2026-09-15,,,,,,cases,9
mabalako,2026-09-22,,,,,,cases,5
mabalako,2026-09-29,,,,,,cases,9
mabalako,2026-10-06,,,,,,cases,18
manguredjipa,2026-08-18,,,,,,cases,0
manguredjipa,2026-08-25,,,,,,cases,0
manguredjipa,2026-09-01,,,,,,cases,2
manguredjipa,2026-09-08,,,,,,cases,2
manguredjipa,2026-09-15,,,,,,cases,5
manguredjipa,2026-09-22,,,,,,cases,4
manguredjipa,2026-09-29,,,,,,cases,0
manguredjipa,2026-10-06,,,,,,cases,0
masereka,2026-08-18,,,,,,cases,0
masereka,2026-08-25,,,,,,cases,0
masereka,2026-09-01,,,,,,cases,4
masereka,2026-09-08,,,,,,cases,4
masereka,2026-09-15,,,,,,cases,8
masereka,2026-09-22,,,,,,cases,2
masereka,2026-09-29,,,,,,cases,4
masereka,2026-10-06,,,,,,cases,5
musienene,2026-08-18,,,,,,cases,14
musienene,2026-08-25,,,,,,cases,9
musienene,2026-09-01,,,,,,cases,11
musienene,2026-09-08,,,,,,cases,18
musienene,2026-09-15,,,,,,cases,16
musienene,2026-09-22,,,,,,cases,4
musienene,2026-09-29,,,,,,cases,3
musienene,2026-10-06,,,,,,cases,16
mutwanga,2026-08-18,,,,,,cases,0
mutwanga,2026-08-25,,,,,,cases,1
mutwanga,2026-09-01,,,,,,cases,1
mutwanga,2026-09-08,,,,,,cases,0
mutwanga,2026-09-15,,,,,,cases,4
mutwanga,2026-09-22,,,,,,cases,4
mutwanga,2026-09-29,,,,,,cases,2
mutwanga,2026-10-06,,,,,,cases,8
oicha,2026-08-18,,,,,,cases,1
oicha,2026-08-25,,,,,,cases,1
oicha,2026-09-01,,,,,,cases,0
oicha,2026-09-08,,,,,,cases,2
oicha,2026-09-15,,,,,,cases,3
oicha,2026-09-22,,,,,,cases,3
oicha,2026-09-29,,,,,,cases,11
oicha,2026-10-06,,,,,,cases,8
vuhovi,2026-08-18,,,,,,cases,2
vuhovi,2026-08-25,,,,,,cases,0
vuhovi,2026-09-01,,,,,,cases,1
vuhovi,2026-09-08,,,,,,cases,4
vuhovi,2026-09-15,,,,,,cases,10
vuhovi,2026-09-22,,,,,,cases,7
vuhovi,2026-09-29,,,,,,cases,4
vuhovi,2026-10-06,,,,,,cases,4
boma_mangbetu,2026-08-18,,,,,,cases,2
boma_mangbetu,2026-08-25,,,,,,cases,3
boma_mangbetu,2026-09-01,,,,,,cases,1
boma_mangbetu,2026-09-08,,,,,,cases,2
boma_mangbetu,2026-09-15,,,,,,cases,5
boma_mangbetu,2026-09-22,,,,,,cases,2
boma_mangbetu,2026-09-29,,,,,,cases,3
boma_mangbetu,2026-10-06,,,,,,cases,4
dungu,2026-08-18,,,,,,cases,0
dungu,2026-08-25,,,,,,cases,0
dungu,2026-09-01,,,,,,cases,0
dungu,2026-09-08,,,,,,cases,0
dungu,2026-09-15,,,,,,cases,0
dungu,2026-09-22,,,,,,cases,1
dungu,2026-09-29,,,,,,cases,0
dungu,2026-10-06,,,,,,cases,0
gombari,2026-08-18,,,,,,cases,0
gombari,2026-08-25,,,,,,cases,2
gombari,2026-09-01,,,,,,cases,0
gombari,2026-09-08,,,,,,cases,0
gombari,2026-09-15,,,,,,cases,0
gombari,2026-09-22,,,,,,cases,0
gombari,2026-09-29,,,,,,cases,0
gombari,2026-10-06,,,,,,cases,0
isiro,2026-08-18,,,,,,cases,24
isiro,2026-08-25,,,,,,cases,19
isiro,2026-09-01,,,,,,cases,11
isiro,2026-09-08,,,,,,cases,7
isiro,2026-09-15,,,,,,cases,6
isiro,2026-09-22,,,,,,cases,1
isiro,2026-09-29,,,,,,cases,3
isiro,2026-10-06,,,,,,cases,0
pawa,2026-08-18,,,,,,cases,3
pawa,2026-08-25,,,,,,cases,0
pawa,2026-09-01,,,,,,cases,17
pawa,2026-09-08,,,,,,cases,9
pawa,2026-09-15,,,,,,cases,15
pawa,2026-09-22,,,,,,cases,9
pawa,2026-09-29,,,,,,cases,15
pawa,2026-10-06,,,,,,cases,7
rungu,2026-08-18,,,,,,cases,0
rungu,2026-08-25,,,,,,cases,0
rungu,2026-09-01,,,,,,cases,0
rungu,2026-09-08,,,,,,cases,1
rungu,2026-09-15,,,,,,cases,0
rungu,2026-09-22,,,,,,cases,0
rungu,2026-09-29,,,,,,cases,0
rungu,2026-10-06,,,,,,cases,2
wamba,2026-08-18,,,,,,cases,12
wamba,2026-08-25,,,,,,cases,12
wamba,2026-09-01,,,,,,cases,13
wamba,2026-09-08,,,,,,cases,8
wamba,2026-09-15,,,,,,cases,6
wamba,2026-09-22,,,,,,cases,13
wamba,2026-09-29,,,,,,cases,7
wamba,2026-10-06,,,,,,cases,7
miti_murhesa,2026-08-18,,,,,,cases,0
miti_murhesa,2026-08-25,,,,,,cases,0
miti_murhesa,2026-09-01,,,,,,cases,0
miti_murhesa,2026-09-08,,,,,,cases,0
miti_murhesa,2026-09-15,,,,,,cases,0
miti_murhesa,2026-09-22,,,,,,cases,0
miti_murhesa,2026-09-29,,,,,,cases,0
miti_murhesa,2026-10-06,,,,,,cases,0
bafwasende,2026-08-18,,,,,,cases,0
bafwasende,2026-08-25,,,,,,cases,0
bafwasende,2026-09-01,,,,,,cases,1
bafwasende,2026-09-08,,,,,,cases,2
bafwasende,2026-09-15,,,,,,cases,3
bafwasende,2026-09-22,,,,,,cases,0
bafwasende,2026-09-29,,,,,,cases,0
bafwasende,2026-10-06,,,,,,cases,0
kabondo,2026-08-18,,,,,,cases,1
kabondo,2026-08-25,,,,,,cases,0
kabondo,2026-09-01,,,,,,cases,0
kabondo,2026-09-08,,,,,,cases,1
kabondo,2026-09-15,,,,,,cases,0
kabondo,2026-09-22,,,,,,cases,1
kabondo,2026-09-29,,,,,,cases,0
kabondo,2026-10-06,,,,,,cases,0
lubunga,2026-08-18,,,,,,cases,0
lubunga,2026-08-25,,,,,,cases,0
lubunga,2026-09-01,,,,,,cases,0
lubunga,2026-09-08,,,,,,cases,0
lubunga,2026-09-15,,,,,,cases,0
lubunga,2026-09-22,,,,,,cases,0
lubunga,2026-09-29,,,,,,cases,0
lubunga,2026-10-06,,,,,,cases,0
makiso_kisangani,2026-08-18,,,,,,cases,2
makiso_kisangani,2026-08-25,,,,,,cases,1
makiso_kisangani,2026-09-01,,,,,,cases,3
makiso_kisangani,2026-09-08,,,,,,cases,1
makiso_kisangani,2026-09-15,,,,,,cases,1
makiso_kisangani,2026-09-22,,,,,,cases,11
makiso_kisangani,2026-09-29,,,,,,cases,2
makiso_kisangani,2026-10-06,,,,,,cases,3
mangobo,2026-08-18,,,,,,cases,1
mangobo,2026-08-25,,,,,,cases,0
mangobo,2026-09-01,,,,,,cases,1
mangobo,2026-09-08,,,,,,cases,0
mangobo,2026-09-15,,,,,,cases,1
mangobo,2026-09-22,,,,,,cases,1
mangobo,2026-09-29,,,,,,cases,1
mangobo,2026-10-06,,,,,,cases,2
tshopo,2026-08-18,,,,,,cases,1
tshopo,2026-08-25,,,,,,cases,0
tshopo,2026-09-01,,,,,,cases,0
tshopo,2026-09-08,,,,,,cases,0
tshopo,2026-09-15,,,,,,cases,0
tshopo,2026-09-22,,,,,,cases,0
tshopo,2026-09-29,,,,,,cases,0
tshopo,2026-10-06,,,,,,cases,1
wanie_rukula,2026-08-18,,,,,,cases,0
wanie_rukula,2026-08-25,,,,,,cases,0
wanie_rukula,2026-09-01,,,,,,cases,0
wanie_rukula,2026-09-08,,,,,,cases,0
wanie_rukula,2026-09-15,,,,,,cases,0
wanie_rukula,2026-09-22,,,,,,cases,0
wanie_rukula,2026-09-29,,,,,,cases,0
wanie_rukula,2026-10-06,,,,,,cases,0
buta,2026-08-18,,,,,,cases,1
buta,2026-08-25,,,,,,cases,0
buta,2026-09-01,,,,,,cases,0
buta,2026-09-08,,,,,,cases,0
buta,2026-09-15,,,,,,cases,0
buta,2026-09-22,,,,,,cases,0
buta,2026-09-29,,,,,,cases,0
buta,2026-10-06,,,,,,cases,0
ganga,2026-08-18,,,,,,cases,0
ganga,2026-08-25,,,,,,cases,1
ganga,2026-09-01,,,,,,cases,1
ganga,2026-09-08,,,,,,cases,0
ganga,2026-09-15,,,,,,cases,1
ganga,2026-09-22,,,,,,cases,0
ganga,2026-09-29,,,,,,cases,0
ganga,2026-10-06,,,,,,cases,0
viadana,2026-08-18,,,,,,cases,1
viadana,2026-08-25,,,,,,cases,0
viadana,2026-09-01,,,,,,cases,0
viadana,2026-09-08,,,,,,cases,0
viadana,2026-09-15,,,,,,cases,2
viadana,2026-09-22,,,,,,cases,0
viadana,2026-09-29,,,,,,cases,3
viadana,2026-10-06,,,,,,cases,0
bulu,2026-08-18,,,,,,cases,0
bulu,2026-08-25,,,,,,cases,0
bulu,2026-09-01,,,,,,cases,0
bulu,2026-09-08,,,,,,cases,0
bulu,2026-09-15,,,,,,cases,1
bulu,2026-09-22,,,,,,cases,1
bulu,2026-09-29,,,,,,cases,0
bulu,2026-10-06,,,,,,cases,0
adja,2026-08-18,,,,,,deaths,0
adja,2026-08-25,,,,,,deaths,0
adja,2026-09-01,,,,,,deaths,0
adja,2026-09-08,,,,,,deaths,0
adja,2026-09-15,,,,,,deaths,0
adja,2026-09-22,,,,,,deaths,0
adja,2026-09-29,,,,,,deaths,0
adja,2026-10-06,,,,,,deaths,0
ariwara,2026-08-18,,,,,,deaths,0
ariwara,2026-08-25,,,,,,deaths,0
ariwara,2026-09-01,,,,,,deaths,0
ariwara,2026-09-08,,,,,,deaths,0
ariwara,2026-09-15,,,,,,deaths,0
ariwara,2026-09-22,,,,,,deaths,0
ariwara,2026-09-29,,,,,,deaths,0
ariwara,2026-10-06,,,,,,deaths,0
aru,2026-08-18,,,,,,deaths,0
aru,2026-08-25,,,,,,deaths,0
aru,2026-09-01,,,,,,deaths,0
aru,2026-09-08,,,,,,deaths,0
aru,2026-09-15,,,,,,deaths,0
aru,2026-09-22,,,,,,deaths,0
aru,2026-09-29,,,,,,deaths,0
aru,2026-10-06,,,,,,deaths,0
aungba,2026-08-18,,,,,,deaths,0
aungba,2026-08-25,,,,,,deaths,0
aungba,2026-09-01,,,,,,deaths,0
aungba,2026-09-08,,,,,,deaths,0
aungba,2026-09-15,,,,,,deaths,0
aungba,2026-09-22,,,,,,deaths,0
aungba,2026-09-29,,,,,,deaths,0
aungba,2026-10-06,,,,,,deaths,0
bambu,2026-08-18,,,,,,deaths,4
bambu,2026-08-25,,,,,,deaths,3
bambu,2026-09-01,,,,,,deaths,7
bambu,2026-09-08,,,,,,deaths,3
bambu,2026-09-15,,,,,,deaths,0
bambu,2026-09-22,,,,,,deaths,2
bambu,2026-09-29,,,,,,deaths,5
bambu,2026-10-06,,,,,,deaths,1
boga,2026-08-18,,,,,,deaths,0
boga,2026-08-25,,,,,,deaths,1
boga,2026-09-01,,,,,,deaths,0
boga,2026-09-08,,,,,,deaths,0
boga,2026-09-15,,,,,,deaths,0
boga,2026-09-22,,,,,,deaths,0
boga,2026-09-29,,,,,,deaths,0
boga,2026-10-06,,,,,,deaths,0
bunia,2026-08-18,,,,,,deaths,67
bunia,2026-08-25,,,,,,deaths,27
bunia,2026-09-01,,,,,,deaths,31
bunia,2026-09-08,,,,,,deaths,34
bunia,2026-09-15,,,,,,deaths,34
bunia,2026-09-22,,,,,,deaths,18
bunia,2026-09-29,,,,,,deaths,33
bunia,2026-10-06,,,,,,deaths,33
damas,2026-08-18,,,,,,deaths,1
damas,2026-08-25,,,,,,deaths,0
damas,2026-09-01,,,,,,deaths,0
damas,2026-09-08,,,,,,deaths,0
damas,2026-09-15,,,,,,deaths,0
damas,2026-09-22,,,,,,deaths,0
damas,2026-09-29,,,,,,deaths,0
damas,2026-10-06,,,,,,deaths,0
drodro,2026-08-18,,,,,,deaths,0
drodro,2026-08-25,,,,,,deaths,0
drodro,2026-09-01,,,,,,deaths,1
drodro,2026-09-08,,,,,,deaths,0
drodro,2026-09-15,,,,,,deaths,0
drodro,2026-09-22,,,,,,deaths,0
drodro,2026-09-29,,,,,,deaths,0
drodro,2026-10-06,,,,,,deaths,0
fataki,2026-08-18,,,,,,deaths,1
fataki,2026-08-25,,,,,,deaths,0
fataki,2026-09-01,,,,,,deaths,0
fataki,2026-09-08,,,,,,deaths,0
fataki,2026-09-15,,,,,,deaths,0
fataki,2026-09-22,,,,,,deaths,0
fataki,2026-09-29,,,,,,deaths,1
fataki,2026-10-06,,,,,,deaths,0
gety,2026-08-18,,,,,,deaths,1
gety,2026-08-25,,,,,,deaths,0
gety,2026-09-01,,,,,,deaths,0
gety,2026-09-08,,,,,,deaths,1
gety,2026-09-15,,,,,,deaths,0
gety,2026-09-22,,,,,,deaths,0
gety,2026-09-29,,,,,,deaths,0
gety,2026-10-06,,,,,,deaths,2
kambala,2026-08-18,,,,,,deaths,0
kambala,2026-08-25,,,,,,deaths,0
kambala,2026-09-01,,,,,,deaths,0
kambala,2026-09-08,,,,,,deaths,0
kambala,2026-09-15,,,,,,deaths,0
kambala,2026-09-22,,,,,,deaths,0
kambala,2026-09-29,,,,,,deaths,0
kambala,2026-10-06,,,,,,deaths,0
kilo,2026-08-18,,,,,,deaths,1
kilo,2026-08-25,,,,,,deaths,0
kilo,2026-09-01,,,,,,deaths,0
kilo,2026-09-08,,,,,,deaths,0
kilo,2026-09-15,,,,,,deaths,0
kilo,2026-09-22,,,,,,deaths,0
kilo,2026-09-29,,,,,,deaths,0
kilo,2026-10-06,,,,,,deaths,0
komanda,2026-08-18,,,,,,deaths,8
komanda,2026-08-25,,,,,,deaths,2
komanda,2026-09-01,,,,,,deaths,23
komanda,2026-09-08,,,,,,deaths,18
komanda,2026-09-15,,,,,,deaths,8
komanda,2026-09-22,,,,,,deaths,5
komanda,2026-09-29,,,,,,deaths,9
komanda,2026-10-06,,,,,,deaths,5
lita,2026-08-18,,,,,,deaths,10
lita,2026-08-25,,,,,,deaths,5
lita,2026-09-01,,,,,,deaths,10
lita,2026-09-08,,,,,,deaths,1
lita,2026-09-15,,,,,,deaths,8
lita,2026-09-22,,,,,,deaths,8
lita,2026-09-29,,,,,,deaths,5
lita,2026-10-06,,,,,,deaths,5
logo,2026-08-18,,,,,,deaths,0
logo,2026-08-25,,,,,,deaths,0
logo,2026-09-01,,,,,,deaths,0
logo,2026-09-08,,,,,,deaths,0
logo,2026-09-15,,,,,,deaths,0
logo,2026-09-22,,,,,,deaths,0
logo,2026-09-29,,,,,,deaths,0
logo,2026-10-06,,,,,,deaths,1
lolwa,2026-08-18,,,,,,deaths,0
lolwa,2026-08-25,,,,,,deaths,0
lolwa,2026-09-01,,,,,,deaths,1
lolwa,2026-09-08,,,,,,deaths,2
lolwa,2026-09-15,,,,,,deaths,1
lolwa,2026-09-22,,,,,,deaths,0
lolwa,2026-09-29,,,,,,deaths,1
lolwa,2026-10-06,,,,,,deaths,0
mahagi,2026-08-18,,,,,,deaths,0
mahagi,2026-08-25,,,,,,deaths,0
mahagi,2026-09-01,,,,,,deaths,0
mahagi,2026-09-08,,,,,,deaths,0
mahagi,2026-09-15,,,,,,deaths,0
mahagi,2026-09-22,,,,,,deaths,0
mahagi,2026-09-29,,,,,,deaths,0
mahagi,2026-10-06,,,,,,deaths,0
mambasa,2026-08-18,,,,,,deaths,1
mambasa,2026-08-25,,,,,,deaths,0
mambasa,2026-09-01,,,,,,deaths,0
mambasa,2026-09-08,,,,,,deaths,0
mambasa,2026-09-15,,,,,,deaths,0
mambasa,2026-09-22,,,,,,deaths,2
mambasa,2026-09-29,,,,,,deaths,2
mambasa,2026-10-06,,,,,,deaths,6
mandima,2026-08-18,,,,,,deaths,3
mandima,2026-08-25,,,,,,deaths,3
mandima,2026-09-01,,,,,,deaths,2
mandima,2026-09-08,,,,,,deaths,3
mandima,2026-09-15,,,,,,deaths,8
mandima,2026-09-22,,,,,,deaths,4
mandima,2026-09-29,,,,,,deaths,39
mandima,2026-10-06,,,,,,deaths,23
mangala,2026-08-18,,,,,,deaths,25
mangala,2026-08-25,,,,,,deaths,10
mangala,2026-09-01,,,,,,deaths,25
mangala,2026-09-08,,,,,,deaths,7
mangala,2026-09-15,,,,,,deaths,5
mangala,2026-09-22,,,,,,deaths,3
mangala,2026-09-29,,,,,,deaths,5
mangala,2026-10-06,,,,,,deaths,3
mongbwalu,2026-08-18,,,,,,deaths,2
mongbwalu,2026-08-25,,,,,,deaths,2
mongbwalu,2026-09-01,,,,,,deaths,3
mongbwalu,2026-09-08,,,,,,deaths,6
mongbwalu,2026-09-15,,,,,,deaths,14
mongbwalu,2026-09-22,,,,,,deaths,16
mongbwalu,2026-09-29,,,,,,deaths,8
mongbwalu,2026-10-06,,,,,,deaths,6
nia_nia,2026-08-18,,,,,,deaths,20
nia_nia,2026-08-25,,,,,,deaths,4
nia_nia,2026-09-01,,,,,,deaths,5
nia_nia,2026-09-08,,,,,,deaths,2
nia_nia,2026-09-15,,,,,,deaths,13
nia_nia,2026-09-22,,,,,,deaths,21
nia_nia,2026-09-29,,,,,,deaths,13
nia_nia,2026-10-06,,,,,,deaths,13
nizi,2026-08-18,,,,,,deaths,16
nizi,2026-08-25,,,,,,deaths,9
nizi,2026-09-01,,,,,,deaths,12
nizi,2026-09-08,,,,,,deaths,9
nizi,2026-09-15,,,,,,deaths,0
nizi,2026-09-22,,,,,,deaths,3
nizi,2026-09-29,,,,,,deaths,3
nizi,2026-10-06,,,,,,deaths,7
nyankunde,2026-08-18,,,,,,deaths,0
nyankunde,2026-08-25,,,,,,deaths,0
nyankunde,2026-09-01,,,,,,deaths,0
nyankunde,2026-09-08,,,,,,deaths,1
nyankunde,2026-09-15,,,,,,deaths,0
nyankunde,2026-09-22,,,,,,deaths,1
nyankunde,2026-09-29,,,,,,deaths,0
nyankunde,2026-10-06,,,,,,deaths,0
rimba,2026-08-18,,,,,,deaths,0
rimba,2026-08-25,,,,,,deaths,0
rimba,2026-09-01,,,,,,deaths,0
rimba,2026-09-08,,,,,,deaths,0
rimba,2026-09-15,,,,,,deaths,0
rimba,2026-09-22,,,,,,deaths,0
rimba,2026-09-29,,,,,,deaths,0
rimba,2026-10-06,,,,,,deaths,1
rwampara,2026-08-18,,,,,,deaths,29
rwampara,2026-08-25,,,,,,deaths,3
rwampara,2026-09-01,,,,,,deaths,6
rwampara,2026-09-08,,,,,,deaths,7
rwampara,2026-09-15,,,,,,deaths,2
rwampara,2026-09-22,,,,,,deaths,9
rwampara,2026-09-29,,,,,,deaths,10
rwampara,2026-10-06,,,,,,deaths,19
tchomia,2026-08-18,,,,,,deaths,1
tchomia,2026-08-25,,,,,,deaths,0
tchomia,2026-09-01,,,,,,deaths,0
tchomia,2026-09-08,,,,,,deaths,0
tchomia,2026-09-15,,,,,,deaths,0
tchomia,2026-09-22,,,,,,deaths,0
tchomia,2026-09-29,,,,,,deaths,0
tchomia,2026-10-06,,,,,,deaths,0
alimbongo,2026-08-18,,,,,,deaths,0
alimbongo,2026-08-25,,,,,,deaths,0
alimbongo,2026-09-01,,,,,,deaths,0
alimbongo,2026-09-08,,,,,,deaths,0
alimbongo,2026-09-15,,,,,,deaths,0
alimbongo,2026-09-22,,,,,,deaths,0
alimbongo,2026-09-29,,,,,,deaths,0
alimbongo,2026-10-06,,,,,,deaths,3
beni,2026-08-18,,,,,,deaths,11
beni,2026-08-25,,,,,,deaths,14
beni,2026-09-01,,,,,,deaths,20
beni,2026-09-08,,,,,,deaths,33
beni,2026-09-15,,,,,,deaths,40
beni,2026-09-22,,,,,,deaths,26
beni,2026-09-29,,,,,,deaths,25
beni,2026-10-06,,,,,,deaths,39
biena,2026-08-18,,,,,,deaths,0
biena,2026-08-25,,,,,,deaths,0
biena,2026-09-01,,,,,,deaths,1
biena,2026-09-08,,,,,,deaths,3
biena,2026-09-15,,,,,,deaths,3
biena,2026-09-22,,,,,,deaths,0
biena,2026-09-29,,,,,,deaths,0
biena,2026-10-06,,,,,,deaths,0
butembo,2026-08-18,,,,,,deaths,13
butembo,2026-08-25,,,,,,deaths,12
butembo,2026-09-01,,,,,,deaths,24
butembo,2026-09-08,,,,,,deaths,14
butembo,2026-09-15,,,,,,deaths,9
butembo,2026-09-22,,,,,,deaths,5
butembo,2026-09-29,,,,,,deaths,8
butembo,2026-10-06,,,,,,deaths,10
goma,2026-08-18,,,,,,deaths,0
goma,2026-08-25,,,,,,deaths,0
goma,2026-09-01,,,,,,deaths,0
goma,2026-09-08,,,,,,deaths,0
goma,2026-09-15,,,,,,deaths,0
goma,2026-09-22,,,,,,deaths,0
goma,2026-09-29,,,,,,deaths,0
goma,2026-10-06,,,,,,deaths,0
kalunguta,2026-08-18,,,,,,deaths,2
kalunguta,2026-08-25,,,,,,deaths,1
kalunguta,2026-09-01,,,,,,deaths,0
kalunguta,2026-09-08,,,,,,deaths,2
kalunguta,2026-09-15,,,,,,deaths,3
kalunguta,2026-09-22,,,,,,deaths,4
kalunguta,2026-09-29,,,,,,deaths,2
kalunguta,2026-10-06,,,,,,deaths,4
katwa,2026-08-18,,,,,,deaths,48
katwa,2026-08-25,,,,,,deaths,37
katwa,2026-09-01,,,,,,deaths,29
katwa,2026-09-08,,,,,,deaths,35
katwa,2026-09-15,,,,,,deaths,32
katwa,2026-09-22,,,,,,deaths,11
katwa,2026-09-29,,,,,,deaths,9
katwa,2026-10-06,,,,,,deaths,16
kayna,2026-08-18,,,,,,deaths,0
kayna,2026-08-25,,,,,,deaths,0
kayna,2026-09-01,,,,,,deaths,0
kayna,2026-09-08,,,,,,deaths,0
kayna,2026-09-15,,,,,,deaths,0
kayna,2026-09-22,,,,,,deaths,0
kayna,2026-09-29,,,,,,deaths,0
kayna,2026-10-06,,,,,,deaths,2
kyondo,2026-08-18,,,,,,deaths,2
kyondo,2026-08-25,,,,,,deaths,0
kyondo,2026-09-01,,,,,,deaths,0
kyondo,2026-09-08,,,,,,deaths,5
kyondo,2026-09-15,,,,,,deaths,3
kyondo,2026-09-22,,,,,,deaths,0
kyondo,2026-09-29,,,,,,deaths,0
kyondo,2026-10-06,,,,,,deaths,0
lubero,2026-08-18,,,,,,deaths,0
lubero,2026-08-25,,,,,,deaths,0
lubero,2026-09-01,,,,,,deaths,2
lubero,2026-09-08,,,,,,deaths,1
lubero,2026-09-15,,,,,,deaths,3
lubero,2026-09-22,,,,,,deaths,3
lubero,2026-09-29,,,,,,deaths,1
lubero,2026-10-06,,,,,,deaths,0
mabalako,2026-08-18,,,,,,deaths,1
mabalako,2026-08-25,,,,,,deaths,1
mabalako,2026-09-01,,,,,,deaths,3
mabalako,2026-09-08,,,,,,deaths,2
mabalako,2026-09-15,,,,,,deaths,2
mabalako,2026-09-22,,,,,,deaths,2
mabalako,2026-09-29,,,,,,deaths,1
mabalako,2026-10-06,,,,,,deaths,8
manguredjipa,2026-08-18,,,,,,deaths,0
manguredjipa,2026-08-25,,,,,,deaths,0
manguredjipa,2026-09-01,,,,,,deaths,1
manguredjipa,2026-09-08,,,,,,deaths,2
manguredjipa,2026-09-15,,,,,,deaths,0
manguredjipa,2026-09-22,,,,,,deaths,1
manguredjipa,2026-09-29,,,,,,deaths,1
manguredjipa,2026-10-06,,,,,,deaths,0
masereka,2026-08-18,,,,,,deaths,0
masereka,2026-08-25,,,,,,deaths,0
masereka,2026-09-01,,,,,,deaths,1
masereka,2026-09-08,,,,,,deaths,1
masereka,2026-09-15,,,,,,deaths,3
masereka,2026-09-22,,,,,,deaths,0
masereka,2026-09-29,,,,,,deaths,0
masereka,2026-10-06,,,,,,deaths,2
musienene,2026-08-18,,,,,,deaths,8
musienene,2026-08-25,,,,,,deaths,6
musienene,2026-09-01,,,,,,deaths,4
musienene,2026-09-08,,,,,,deaths,8
musienene,2026-09-15,,,,,,deaths,9
musienene,2026-09-22,,,,,,deaths,1
musienene,2026-09-29,,,,,,deaths,2
musienene,2026-10-06,,,,,,deaths,2
mutwanga,2026-08-18,,,,,,deaths,0
mutwanga,2026-08-25,,,,,,deaths,1
mutwanga,2026-09-01,,,,,,deaths,1
mutwanga,2026-09-08,,,,,,deaths,0
mutwanga,2026-09-15,,,,,,deaths,0
mutwanga,2026-09-22,,,,,,deaths,0
mutwanga,2026-09-29,,,,,,deaths,0
mutwanga,2026-10-06,,,,,,deaths,2
oicha,2026-08-18,,,,,,deaths,0
oicha,2026-08-25,,,,,,deaths,0
oicha,2026-09-01,,,,,,deaths,2
oicha,2026-09-08,,,,,,deaths,0
oicha,2026-09-15,,,,,,deaths,4
oicha,2026-09-22,,,,,,deaths,1
oicha,2026-09-29,,,,,,deaths,3
oicha,2026-10-06,,,,,,deaths,2
vuhovi,2026-08-18,,,,,,deaths,1
vuhovi,2026-08-25,,,,,,deaths,0
vuhovi,2026-09-01,,,,,,deaths,1
vuhovi,2026-09-08,,,,,,deaths,2
vuhovi,2026-09-15,,,,,,deaths,1
vuhovi,2026-09-22,,,,,,deaths,2
vuhovi,2026-09-29,,,,,,deaths,2
vuhovi,2026-10-06,,,,,,deaths,0
boma_mangbetu,2026-08-18,,,,,,deaths,4
boma_mangbetu,2026-08-25,,,,,,deaths,5
boma_mangbetu,2026-09-01,,,,,,deaths,0
boma_mangbetu,2026-09-08,,,,,,deaths,0
boma_mangbetu,2026-09-15,,,,,,deaths,1
boma_mangbetu,2026-09-22,,,,,,deaths,0
boma_mangbetu,2026-09-29,,,,,,deaths,2
boma_mangbetu,2026-10-06,,,,,,deaths,2
dungu,2026-08-18,,,,,,deaths,0
dungu,2026-08-25,,,,,,deaths,0
dungu,2026-09-01,,,,,,deaths,0
dungu,2026-09-08,,,,,,deaths,0
dungu,2026-09-15,,,,,,deaths,0
dungu,2026-09-22,,,,,,deaths,1
dungu,2026-09-29,,,,,,deaths,0
dungu,2026-10-06,,,,,,deaths,0
gombari,2026-08-18,,,,,,deaths,0
gombari,2026-08-25,,,,,,deaths,0
gombari,2026-09-01,,,,,,deaths,0
gombari,2026-09-08,,,,,,deaths,0
gombari,2026-09-15,,,,,,deaths,0
gombari,2026-09-22,,,,,,deaths,0
gombari,2026-09-29,,,,,,deaths,0
gombari,2026-10-06,,,,,,deaths,0
isiro,2026-08-18,,,,,,deaths,8
isiro,2026-08-25,,,,,,deaths,8
isiro,2026-09-01,,,,,,deaths,2
isiro,2026-09-08,,,,,,deaths,3
isiro,2026-09-15,,,,,,deaths,5
isiro,2026-09-22,,,,,,deaths,1
isiro,2026-09-29,,,,,,deaths,1
isiro,2026-10-06,,,,,,deaths,0
pawa,2026-08-18,,,,,,deaths,3
pawa,2026-08-25,,,,,,deaths,1
pawa,2026-09-01,,,,,,deaths,7
pawa,2026-09-08,,,,,,deaths,1
pawa,2026-09-15,,,,,,deaths,3
pawa,2026-09-22,,,,,,deaths,7
pawa,2026-09-29,,,,,,deaths,6
pawa,2026-10-06,,,,,,deaths,4
rungu,2026-08-18,,,,,,deaths,0
rungu,2026-08-25,,,,,,deaths,0
rungu,2026-09-01,,,,,,deaths,0
rungu,2026-09-08,,,,,,deaths,1
rungu,2026-09-15,,,,,,deaths,0
rungu,2026-09-22,,,,,,deaths,0
rungu,2026-09-29,,,,,,deaths,0
rungu,2026-10-06,,,,,,deaths,1
wamba,2026-08-18,,,,,,deaths,6
wamba,2026-08-25,,,,,,deaths,6
wamba,2026-09-01,,,,,,deaths,3
wamba,2026-09-08,,,,,,deaths,1
wamba,2026-09-15,,,,,,deaths,2
wamba,2026-09-22,,,,,,deaths,3
wamba,2026-09-29,,,,,,deaths,5
wamba,2026-10-06,,,,,,deaths,2
miti_murhesa,2026-08-18,,,,,,deaths,0
miti_murhesa,2026-08-25,,,,,,deaths,0
miti_murhesa,2026-09-01,,,,,,deaths,0
miti_murhesa,2026-09-08,,,,,,deaths,0
miti_murhesa,2026-09-15,,,,,,deaths,0
miti_murhesa,2026-09-22,,,,,,deaths,0
miti_murhesa,2026-09-29,,,,,,deaths,0
miti_murhesa,2026-10-06,,,,,,deaths,0
bafwasende,2026-08-18,,,,,,deaths,0
bafwasende,2026-08-25,,,,,,deaths,0
bafwasende,2026-09-01,,,,,,deaths,0
bafwasende,2026-09-08,,,,,,deaths,0
bafwasende,2026-09-15,,,,,,deaths,1
bafwasende,2026-09-22,,,,,,deaths,0
bafwasende,2026-09-29,,,,,,deaths,0
bafwasende,2026-10-06,,,,,,deaths,0
kabondo,2026-08-18,,,,,,deaths,1
kabondo,2026-08-25,,,,,,deaths,0
kabondo,2026-09-01,,,,,,deaths,0
kabondo,2026-09-08,,,,,,deaths,0
kabondo,2026-09-15,,,,,,deaths,0
kabondo,2026-09-22,,,,,,deaths,0
kabondo,2026-09-29,,,,,,deaths,0
kabondo,2026-10-06,,,,,,deaths,0
lubunga,2026-08-18,,,,,,deaths,0
lubunga,2026-08-25,,,,,,deaths,0
lubunga,2026-09-01,,,,,,deaths,0
lubunga,2026-09-08,,,,,,deaths,0
lubunga,2026-09-15,,,,,,deaths,0
lubunga,2026-09-22,,,,,,deaths,0
lubunga,2026-09-29,,,,,,deaths,0
lubunga,2026-10-06,,,,,,deaths,0
makiso_kisangani,2026-08-18,,,,,,deaths,1
makiso_kisangani,2026-08-25,,,,,,deaths,1
makiso_kisangani,2026-09-01,,,,,,deaths,1
makiso_kisangani,2026-09-08,,,,,,deaths,0
makiso_kisangani,2026-09-15,,,,,,deaths,0
makiso_kisangani,2026-09-22,,,,,,deaths,4
makiso_kisangani,2026-09-29,,,,,,deaths,1
makiso_kisangani,2026-10-06,,,,,,deaths,1
mangobo,2026-08-18,,,,,,deaths,0
mangobo,2026-08-25,,,,,,deaths,1
mangobo,2026-09-01,,,,,,deaths,0
mangobo,2026-09-08,,,,,,deaths,0
mangobo,2026-09-15,,,,,,deaths,0
mangobo,2026-09-22,,,,,,deaths,1
mangobo,2026-09-29,,,,,,deaths,0
mangobo,2026-10-06,,,,,,deaths,1
tshopo,2026-08-18,,,,,,deaths,0
tshopo,2026-08-25,,,,,,deaths,0
tshopo,2026-09-01,,,,,,deaths,0
tshopo,2026-09-08,,,,,,deaths,0
tshopo,2026-09-15,,,,,,deaths,0
tshopo,2026-09-22,,,,,,deaths,0
tshopo,2026-09-29,,,,,,deaths,0
tshopo,2026-10-06,,,,,,deaths,0
wanie_rukula,2026-08-18,,,,,,deaths,0
wanie_rukula,2026-08-25,,,,,,deaths,1
wanie_rukula,2026-09-01,,,,,,deaths,0
wanie_rukula,2026-09-08,,,,,,deaths,0
wanie_rukula,2026-09-15,,,,,,deaths,0
wanie_rukula,2026-09-22,,,,,,deaths,0
wanie_rukula,2026-09-29,,,,,,deaths,0
wanie_rukula,2026-10-06,,,,,,deaths,0
buta,2026-08-18,,,,,,deaths,1
buta,2026-08-25,,,,,,deaths,0
buta,2026-09-01,,,,,,deaths,0
buta,2026-09-08,,,,,,deaths,0
buta,2026-09-15,,,,,,deaths,0
buta,2026-09-22,,,,,,deaths,0
buta,2026-09-29,,,,,,deaths,0
buta,2026-10-06,,,,,,deaths,0
ganga,2026-08-18,,,,,,deaths,0
ganga,2026-08-25,,,,,,deaths,0
ganga,2026-09-01,,,,,,deaths,2
ganga,2026-09-08,,,,,,deaths,0
ganga,2026-09-15,,,,,,deaths,0
ganga,2026-09-22,,,,,,deaths,0
ganga,2026-09-29,,,,,,deaths,0
ganga,2026-10-06,,,,,,deaths,0
viadana,2026-08-18,,,,,,deaths,0
viadana,2026-08-25,,,,,,deaths,0
viadana,2026-09-01,,,,,,deaths,0
viadana,2026-09-08,,,,,,deaths,0
viadana,2026-09-15,,,,,,deaths,1
viadana,2026-09-22,,,,,,deaths,0
viadana,2026-09-29,,,,,,deaths,0
viadana,2026-10-06,,,,,,deaths,0
bulu,2026-08-18,,,,,,deaths,0
bulu,2026-08-25,,,,,,deaths,0
bulu,2026-09-01,,,,,,deaths,0
bulu,2026-09-08,,,,,,deaths,0
bulu,2026-09-15,,,,,,deaths,1
bulu,2026-09-22,,,,,,deaths,0
bulu,2026-09-29,,,,,,deaths,0
bulu,2026-10-06,,,,,,deaths,0
