area,date,median,lower_90,upper_90,lower_50,upper_50,series,count
ariwara,2026-07-31,1.049,0.941,1.168,1.003,1.098,rt,
ariwara,2026-08-01,1.038,0.928,1.159,0.992,1.087,rt,
ariwara,2026-08-02,1.025,0.907,1.154,0.977,1.075,rt,
ariwara,2026-08-03,1.008,0.878,1.144,0.958,1.061,rt,
ariwara,2026-08-04,1.003,0.882,1.133,0.954,1.053,rt,
ariwara,2026-08-05,0.998,0.88,1.12,0.948,1.044,rt,
ariwara,2026-08-06,0.99,0.877,1.114,0.943,1.037,rt,
ariwara,2026-08-07,0.978,0.868,1.095,0.932,1.023,rt,
ariwara,2026-08-08,0.965,0.856,1.076,0.919,1.011,rt,
ariwara,2026-08-09,0.952,0.839,1.063,0.904,0.997,rt,
ariwara,2026-08-10,0.932,0.812,1.045,0.882,0.978,rt,
ariwara,2026-08-11,0.923,0.811,1.029,0.877,0.966,rt,
ariwara,2026-08-12,0.915,0.808,1.019,0.872,0.957,rt,
ariwara,2026-08-13,0.907,0.802,1.011,0.864,0.946,rt,
ariwara,2026-08-14,0.895,0.793,0.995,0.853,0.936,rt,
ariwara,2026-08-15,0.884,0.785,0.983,0.844,0.925,rt,
ariwara,2026-08-16,0.873,0.77,0.975,0.831,0.914,rt,
ariwara,2026-08-17,0.87,0.759,0.983,0.823,0.914,rt,
ariwara,2026-08-18,0.872,0.763,0.981,0.825,0.914,rt,
ariwara,2026-08-19,0.872,0.767,0.981,0.827,0.917,rt,
ariwara,2026-08-20,0.871,0.764,0.984,0.827,0.919,rt,
ariwara,2026-08-21,0.877,0.771,0.984,0.833,0.92,rt,
ariwara,2026-08-22,0.879,0.773,0.988,0.835,0.923,rt,
ariwara,2026-08-23,0.88,0.77,0.99,0.834,0.924,rt,
ariwara,2026-08-24,0.892,0.777,1.008,0.842,0.94,rt,
ariwara,2026-08-25,0.908,0.797,1.025,0.861,0.958,rt,
ariwara,2026-08-26,0.923,0.813,1.042,0.878,0.973,rt,
ariwara,2026-08-27,0.938,0.828,1.059,0.894,0.988,rt,
ariwara,2026-08-28,0.954,0.846,1.071,0.91,1.001,rt,
ariwara,2026-08-29,0.97,0.861,1.086,0.924,1.014,rt,
ariwara,2026-08-30,0.98,0.872,1.104,0.935,1.025,rt,
ariwara,2026-08-31,0.981,0.865,1.109,0.933,1.027,rt,
ariwara,2026-09-01,0.99,0.877,1.113,0.94,1.037,rt,
ariwara,2026-09-02,0.998,0.885,1.121,0.949,1.047,rt,
ariwara,2026-09-03,1.005,0.891,1.129,0.952,1.057,rt,
ariwara,2026-09-04,1.006,0.895,1.126,0.954,1.055,rt,
ariwara,2026-09-05,1.005,0.892,1.131,0.953,1.056,rt,
ariwara,2026-09-06,1.002,0.886,1.129,0.949,1.054,rt,
ariwara,2026-09-07,0.983,0.859,1.111,0.928,1.037,rt,
ariwara,2026-09-08,0.964,0.839,1.093,0.912,1.018,rt,
ariwara,2026-09-09,0.945,0.82,1.078,0.892,0.998,rt,
ariwara,2026-09-10,0.925,0.797,1.067,0.871,0.982,rt,
ariwara,2026-09-11,0.904,0.777,1.042,0.849,0.961,rt,
ariwara,2026-09-12,0.879,0.755,1.02,0.824,0.94,rt,
ariwara,2026-09-13,0.854,0.727,1.003,0.799,0.916,rt,
ariwara,2026-09-14,0.828,0.694,0.985,0.768,0.893,rt,
ariwara,2026-09-15,0.816,0.682,0.973,0.758,0.882,rt,
ariwara,2026-09-16,0.805,0.669,0.97,0.747,0.875,rt,
ariwara,2026-09-17,0.798,0.658,0.964,0.739,0.869,rt,
ariwara,2026-09-18,0.792,0.645,0.964,0.728,0.862,rt,
ariwara,2026-09-19,0.785,0.631,0.964,0.718,0.858,rt,
ariwara,2026-09-20,0.776,0.616,0.968,0.706,0.853,rt,
ariwara,2026-09-21,0.776,0.599,0.976,0.702,0.858,rt,
ariwara,2026-09-22,0.777,0.593,0.986,0.698,0.859,rt,
ariwara,2026-09-23,0.776,0.586,0.992,0.694,0.858,rt,
ariwara,2026-09-24,0.772,0.58,1.006,0.689,0.858,rt,
ariwara,2026-09-25,0.769,0.573,1.01,0.684,0.861,rt,
ariwara,2026-09-26,0.764,0.557,1.02,0.674,0.863,rt,
ariwara,2026-09-27,0.755,0.542,1.026,0.663,0.862,rt,
ariwara,2026-09-28,0.75,0.528,1.042,0.653,0.857,rt,
ariwara,2026-09-29,0.752,0.526,1.043,0.654,0.868,rt,
ariwara,2026-09-30,0.752,0.519,1.058,0.653,0.874,rt,
ariwara,2026-10-01,0.752,0.511,1.041,0.648,0.871,rt,
ariwara,2026-10-02,0.75,0.504,1.031,0.643,0.861,rt,
aru,2026-06-08,1.331,1.064,1.683,1.21,1.457,rt,
aru,2026-06-09,1.322,1.063,1.647,1.209,1.442,rt,
aru,2026-06-10,1.313,1.066,1.625,1.201,1.424,rt,
aru,2026-06-11,1.297,1.058,1.6,1.191,1.411,rt,
aru,2026-06-12,1.288,1.057,1.581,1.187,1.394,rt,
aru,2026-06-13,1.275,1.05,1.554,1.18,1.381,rt,
aru,2026-06-14,1.258,1.038,1.532,1.164,1.369,rt,
aru,2026-06-15,1.248,1.023,1.508,1.152,1.359,rt,
aru,2026-06-16,1.243,1.03,1.497,1.153,1.35,rt,
aru,2026-06-17,1.24,1.036,1.478,1.15,1.343,rt,
aru,2026-06-18,1.235,1.039,1.467,1.151,1.332,rt,
aru,2026-06-19,1.231,1.041,1.461,1.153,1.323,rt,
aru,2026-06-20,1.226,1.037,1.447,1.147,1.317,rt,
aru,2026-06-21,1.218,1.027,1.438,1.143,1.308,rt,
aru,2026-06-22,1.224,1.031,1.452,1.148,1.309,rt,
aru,2026-06-23,1.218,1.031,1.423,1.144,1.297,rt,
aru,2026-06-24,1.214,1.034,1.411,1.141,1.288,rt,
aru,2026-06-25,1.208,1.037,1.401,1.137,1.28,rt,
aru,2026-06-26,1.197,1.031,1.389,1.127,1.269,rt,
aru,2026-06-27,1.185,1.026,1.372,1.12,1.259,rt,
aru,2026-06-28,1.174,1.014,1.369,1.105,1.25,rt,
aru,2026-06-29,1.147,0.987,1.341,1.076,1.227,rt,
aru,2026-06-30,1.128,0.984,1.309,1.063,1.202,rt,
aru,2026-07-01,1.112,0.976,1.281,1.054,1.179,rt,
aru,2026-07-02,1.099,0.964,1.259,1.042,1.161,rt,
aru,2026-07-03,1.084,0.955,1.23,1.03,1.146,rt,
aru,2026-07-04,1.074,0.945,1.215,1.019,1.131,rt,
aru,2026-07-05,1.062,0.929,1.209,1.005,1.118,rt,
aru,2026-07-06,1.052,0.913,1.208,0.993,1.11,rt,
aru,2026-07-07,1.058,0.926,1.202,1.0,1.112,rt,
aru,2026-07-08,1.062,0.934,1.199,1.005,1.117,rt,
aru,2026-07-09,1.068,0.943,1.206,1.011,1.122,rt,
aru,2026-07-10,1.072,0.948,1.204,1.016,1.126,rt,
aru,2026-07-11,1.076,0.951,1.214,1.019,1.13,rt,
aru,2026-07-12,1.079,0.946,1.215,1.022,1.134,rt,
aru,2026-07-13,1.073,0.932,1.219,1.016,1.132,rt,
aru,2026-07-14,1.073,0.939,1.21,1.018,1.127,rt,
aru,2026-07-15,1.073,0.942,1.204,1.02,1.126,rt,
aru,2026-07-16,1.07,0.939,1.202,1.018,1.125,rt,
aru,2026-07-17,1.068,0.94,1.198,1.017,1.12,rt,
aru,2026-07-18,1.065,0.936,1.198,1.011,1.116,rt,
aru,2026-07-19,1.06,0.928,1.199,1.004,1.116,rt,
aru,2026-07-20,1.056,0.92,1.199,0.998,1.116,rt,
aru,2026-07-21,1.051,0.921,1.189,0.998,1.109,rt,
aru,2026-07-22,1.048,0.924,1.174,0.998,1.101,rt,
aru,2026-07-23,1.042,0.926,1.166,0.992,1.094,rt,
aru,2026-07-24,1.04,0.929,1.16,0.992,1.092,rt,
aru,2026-07-25,1.037,0.926,1.156,0.991,1.087,rt,
aru,2026-07-26,1.033,0.918,1.157,0.984,1.083,rt,
aru,2026-07-27,1.034,0.911,1.163,0.983,1.085,rt,
aru,2026-07-28,1.034,0.918,1.158,0.985,1.083,rt,
aru,2026-07-29,1.033,0.918,1.153,0.986,1.078,rt,
aru,2026-07-30,1.032,0.921,1.15,0.985,1.077,rt,
aru,2026-07-31,1.024,0.913,1.137,0.979,1.067,rt,
aru,2026-08-01,1.014,0.897,1.13,0.967,1.055,rt,
aru,2026-08-02,1.002,0.88,1.122,0.954,1.046,rt,
aru,2026-08-03,0.986,0.857,1.116,0.937,1.035,rt,
aru,2026-08-04,0.98,0.86,1.105,0.933,1.028,rt,
aru,2026-08-05,0.975,0.859,1.098,0.927,1.022,rt,
aru,2026-08-06,0.97,0.858,1.092,0.921,1.017,rt,
aru,2026-08-07,0.958,0.852,1.068,0.913,1.004,rt,
aru,2026-08-08,0.945,0.84,1.056,0.9,0.992,rt,
aru,2026-08-09,0.933,0.824,1.045,0.887,0.98,rt,
aru,2026-08-10,0.912,0.796,1.031,0.866,0.963,rt,
aru,2026-08-11,0.907,0.798,1.017,0.862,0.952,rt,
aru,2026-08-12,0.9,0.797,1.002,0.855,0.939,rt,
aru,2026-08-13,0.891,0.789,0.992,0.848,0.93,rt,
aru,2026-08-14,0.882,0.782,0.979,0.84,0.92,rt,
aru,2026-08-15,0.87,0.771,0.97,0.83,0.91,rt,
aru,2026-08-16,0.859,0.757,0.964,0.818,0.901,rt,
aru,2026-08-17,0.856,0.745,0.967,0.811,0.902,rt,
aru,2026-08-18,0.858,0.75,0.967,0.814,0.903,rt,
aru,2026-08-19,0.858,0.753,0.968,0.815,0.903,rt,
aru,2026-08-20,0.861,0.753,0.969,0.816,0.904,rt,
aru,2026-08-21,0.864,0.76,0.971,0.821,0.909,rt,
aru,2026-08-22,0.866,0.763,0.973,0.822,0.91,rt,
aru,2026-08-23,0.868,0.76,0.977,0.821,0.913,rt,
aru,2026-08-24,0.88,0.764,0.995,0.83,0.929,rt,
aru,2026-08-25,0.897,0.785,1.009,0.849,0.944,rt,
aru,2026-08-26,0.913,0.805,1.029,0.867,0.96,rt,
aru,2026-08-27,0.928,0.818,1.048,0.882,0.975,rt,
aru,2026-08-28,0.944,0.837,1.059,0.899,0.988,rt,
aru,2026-08-29,0.957,0.85,1.071,0.913,0.999,rt,
aru,2026-08-30,0.966,0.859,1.087,0.925,1.01,rt,
aru,2026-08-31,0.966,0.856,1.097,0.924,1.015,rt,
aru,2026-09-01,0.976,0.862,1.104,0.934,1.022,rt,
aru,2026-09-02,0.983,0.872,1.113,0.94,1.032,rt,
aru,2026-09-03,0.99,0.878,1.125,0.945,1.04,rt,
aru,2026-09-04,0.992,0.88,1.12,0.946,1.041,rt,
aru,2026-09-05,0.993,0.878,1.117,0.946,1.041,rt,
aru,2026-09-06,0.989,0.872,1.116,0.939,1.04,rt,
aru,2026-09-07,0.968,0.846,1.098,0.916,1.023,rt,
aru,2026-09-08,0.951,0.828,1.081,0.9,1.007,rt,
aru,2026-09-09,0.933,0.811,1.068,0.882,0.99,rt,
aru,2026-09-10,0.914,0.79,1.052,0.861,0.972,rt,
aru,2026-09-11,0.891,0.771,1.029,0.839,0.949,rt,
aru,2026-09-12,0.871,0.743,1.01,0.814,0.926,rt,
aru,2026-09-13,0.846,0.717,0.993,0.791,0.904,rt,
aru,2026-09-14,0.82,0.68,0.978,0.762,0.882,rt,
aru,2026-09-15,0.808,0.673,0.967,0.752,0.871,rt,
aru,2026-09-16,0.8,0.659,0.963,0.74,0.863,rt,
aru,2026-09-17,0.791,0.648,0.961,0.729,0.856,rt,
aru,2026-09-18,0.785,0.632,0.959,0.72,0.852,rt,
aru,2026-09-19,0.778,0.619,0.957,0.709,0.847,rt,
aru,2026-09-20,0.773,0.602,0.952,0.699,0.845,rt,
aru,2026-09-21,0.77,0.588,0.966,0.696,0.847,rt,
aru,2026-09-22,0.771,0.586,0.975,0.692,0.846,rt,
aru,2026-09-23,0.77,0.576,0.986,0.688,0.847,rt,
aru,2026-09-24,0.766,0.568,0.992,0.681,0.85,rt,
aru,2026-09-25,0.763,0.562,0.996,0.675,0.849,rt,
aru,2026-09-26,0.755,0.546,1.003,0.665,0.848,rt,
aru,2026-09-27,0.751,0.528,1.01,0.654,0.85,rt,
aru,2026-09-28,0.744,0.517,1.02,0.645,0.853,rt,
aru,2026-09-29,0.748,0.519,1.041,0.65,0.857,rt,
aru,2026-09-30,0.749,0.512,1.045,0.646,0.866,rt,
aru,2026-10-01,0.748,0.508,1.034,0.644,0.865,rt,
aru,2026-10-02,0.743,0.498,1.035,0.64,0.856,rt,
aungba,2026-07-05,1.081,0.949,1.22,1.027,1.137,rt,
aungba,2026-07-06,1.069,0.928,1.221,1.012,1.13,rt,
aungba,2026-07-07,1.072,0.941,1.21,1.022,1.13,rt,
aungba,2026-07-08,1.077,0.95,1.21,1.026,1.133,rt,
aungba,2026-07-09,1.081,0.953,1.219,1.032,1.136,rt,
aungba,2026-07-10,1.086,0.958,1.218,1.037,1.139,rt,
aungba,2026-07-11,1.088,0.959,1.222,1.038,1.143,rt,
aungba,2026-07-12,1.09,0.957,1.232,1.037,1.147,rt,
aungba,2026-07-13,1.088,0.943,1.236,1.029,1.145,rt,
aungba,2026-07-14,1.084,0.953,1.224,1.033,1.14,rt,
aungba,2026-07-15,1.084,0.955,1.218,1.033,1.137,rt,
aungba,2026-07-16,1.082,0.952,1.216,1.031,1.137,rt,
aungba,2026-07-17,1.08,0.95,1.211,1.029,1.133,rt,
aungba,2026-07-18,1.078,0.943,1.207,1.024,1.127,rt,
aungba,2026-07-19,1.073,0.933,1.205,1.015,1.125,rt,
aungba,2026-07-20,1.07,0.924,1.212,1.008,1.125,rt,
aungba,2026-07-21,1.066,0.925,1.196,1.01,1.118,rt,
aungba,2026-07-22,1.059,0.929,1.185,1.007,1.111,rt,
aungba,2026-07-23,1.053,0.928,1.176,1.002,1.103,rt,
aungba,2026-07-24,1.05,0.927,1.165,1.001,1.099,rt,
aungba,2026-07-25,1.047,0.928,1.163,0.997,1.095,rt,
aungba,2026-07-26,1.041,0.922,1.166,0.99,1.093,rt,
aungba,2026-07-27,1.038,0.915,1.176,0.987,1.096,rt,
aungba,2026-07-28,1.039,0.922,1.167,0.991,1.092,rt,
aungba,2026-07-29,1.04,0.922,1.165,0.993,1.088,rt,
aungba,2026-07-30,1.038,0.92,1.164,0.988,1.086,rt,
aungba,2026-07-31,1.031,0.914,1.149,0.982,1.076,rt,
aungba,2026-08-01,1.02,0.899,1.137,0.974,1.067,rt,
aungba,2026-08-02,1.009,0.883,1.131,0.961,1.058,rt,
aungba,2026-08-03,0.993,0.857,1.127,0.941,1.044,rt,
aungba,2026-08-04,0.988,0.857,1.115,0.937,1.036,rt,
aungba,2026-08-05,0.983,0.858,1.105,0.932,1.029,rt,
aungba,2026-08-06,0.978,0.858,1.099,0.926,1.022,rt,
aungba,2026-08-07,0.966,0.853,1.076,0.916,1.009,rt,
aungba,2026-08-08,0.953,0.841,1.063,0.905,0.996,rt,
aungba,2026-08-09,0.939,0.825,1.051,0.892,0.985,rt,
aungba,2026-08-10,0.919,0.801,1.036,0.868,0.968,rt,
aungba,2026-08-11,0.91,0.8,1.019,0.864,0.958,rt,
aungba,2026-08-12,0.903,0.798,1.008,0.858,0.946,rt,
aungba,2026-08-13,0.895,0.79,0.998,0.85,0.936,rt,
aungba,2026-08-14,0.886,0.787,0.984,0.843,0.924,rt,
aungba,2026-08-15,0.874,0.774,0.974,0.833,0.914,rt,
aungba,2026-08-16,0.863,0.76,0.962,0.82,0.903,rt,
aungba,2026-08-17,0.858,0.75,0.964,0.814,0.9,rt,
aungba,2026-08-18,0.861,0.753,0.966,0.816,0.903,rt,
aungba,2026-08-19,0.86,0.758,0.969,0.818,0.905,rt,
aungba,2026-08-20,0.861,0.758,0.971,0.819,0.905,rt,
aungba,2026-08-21,0.865,0.764,0.973,0.824,0.908,rt,
aungba,2026-08-22,0.867,0.766,0.972,0.825,0.91,rt,
aungba,2026-08-23,0.868,0.763,0.977,0.822,0.91,rt,
aungba,2026-08-24,0.88,0.766,0.996,0.832,0.925,rt,
aungba,2026-08-25,0.896,0.786,1.011,0.852,0.942,rt,
aungba,2026-08-26,0.913,0.801,1.029,0.87,0.957,rt,
aungba,2026-08-27,0.928,0.814,1.049,0.883,0.972,rt,
aungba,2026-08-28,0.944,0.834,1.059,0.899,0.986,rt,
aungba,2026-08-29,0.956,0.845,1.07,0.911,0.998,rt,
aungba,2026-08-30,0.966,0.858,1.084,0.922,1.01,rt,
aungba,2026-08-31,0.967,0.854,1.088,0.919,1.015,rt,
aungba,2026-09-01,0.974,0.866,1.097,0.925,1.024,rt,
aungba,2026-09-02,0.982,0.874,1.105,0.932,1.032,rt,
aungba,2026-09-03,0.988,0.877,1.116,0.936,1.039,rt,
aungba,2026-09-04,0.989,0.879,1.11,0.939,1.041,rt,
aungba,2026-09-05,0.986,0.876,1.11,0.939,1.04,rt,
aungba,2026-09-06,0.983,0.869,1.112,0.933,1.037,rt,
aungba,2026-09-07,0.964,0.839,1.097,0.909,1.018,rt,
aungba,2026-09-08,0.947,0.822,1.079,0.893,0.999,rt,
aungba,2026-09-09,0.927,0.803,1.064,0.876,0.98,rt,
aungba,2026-09-10,0.908,0.782,1.048,0.855,0.964,rt,
aungba,2026-09-11,0.887,0.762,1.026,0.833,0.942,rt,
aungba,2026-09-12,0.862,0.737,1.002,0.81,0.921,rt,
aungba,2026-09-13,0.839,0.711,0.984,0.783,0.898,rt,
aungba,2026-09-14,0.816,0.676,0.967,0.752,0.876,rt,
aungba,2026-09-15,0.804,0.665,0.95,0.742,0.863,rt,
aungba,2026-09-16,0.793,0.657,0.945,0.731,0.856,rt,
aungba,2026-09-17,0.785,0.643,0.938,0.722,0.849,rt,
aungba,2026-09-18,0.778,0.629,0.939,0.714,0.843,rt,
aungba,2026-09-19,0.773,0.615,0.94,0.703,0.836,rt,
aungba,2026-09-20,0.763,0.597,0.942,0.691,0.835,rt,
aungba,2026-09-21,0.762,0.581,0.957,0.687,0.838,rt,
aungba,2026-09-22,0.761,0.578,0.967,0.683,0.841,rt,
aungba,2026-09-23,0.76,0.573,0.974,0.681,0.841,rt,
aungba,2026-09-24,0.756,0.567,0.978,0.677,0.842,rt,
aungba,2026-09-25,0.753,0.557,0.983,0.668,0.843,rt,
aungba,2026-09-26,0.751,0.542,0.987,0.659,0.841,rt,
aungba,2026-09-27,0.744,0.526,0.992,0.647,0.837,rt,
aungba,2026-09-28,0.738,0.509,1.009,0.637,0.839,rt,
aungba,2026-09-29,0.741,0.509,1.026,0.639,0.844,rt,
aungba,2026-09-30,0.742,0.496,1.036,0.638,0.855,rt,
aungba,2026-10-01,0.738,0.499,1.026,0.638,0.852,rt,
aungba,2026-10-02,0.735,0.487,1.015,0.631,0.847,rt,
bambu,2026-05-21,1.512,0.976,2.272,1.251,1.795,rt,
bambu,2026-05-22,1.484,0.971,2.213,1.235,1.746,rt,
bambu,2026-05-23,1.446,0.953,2.154,1.211,1.716,rt,
bambu,2026-05-24,1.405,0.914,2.123,1.182,1.683,rt,
bambu,2026-05-25,1.367,0.868,2.133,1.145,1.657,rt,
bambu,2026-05-26,1.375,0.897,2.044,1.165,1.632,rt,
bambu,2026-05-27,1.383,0.924,2.024,1.179,1.62,rt,
bambu,2026-05-28,1.398,0.946,2.017,1.197,1.608,rt,
bambu,2026-05-29,1.405,0.961,2.032,1.199,1.614,rt,
bambu,2026-05-30,1.416,0.975,2.033,1.206,1.632,rt,
bambu,2026-05-31,1.426,0.974,2.055,1.22,1.643,rt,
bambu,2026-06-01,1.439,0.957,2.134,1.216,1.673,rt,
bambu,2026-06-02,1.474,1.015,2.118,1.271,1.698,rt,
bambu,2026-06-03,1.514,1.068,2.1,1.312,1.724,rt,
bambu,2026-06-04,1.541,1.115,2.122,1.355,1.749,rt,
bambu,2026-06-05,1.572,1.134,2.155,1.384,1.786,rt,
bambu,2026-06-06,1.597,1.134,2.171,1.389,1.807,rt,
bambu,2026-06-07,1.607,1.13,2.222,1.386,1.834,rt,
bambu,2026-06-08,1.611,1.088,2.306,1.385,1.864,rt,
bambu,2026-06-09,1.608,1.137,2.243,1.396,1.837,rt,
bambu,2026-06-10,1.606,1.162,2.195,1.406,1.813,rt,
bambu,2026-06-11,1.597,1.185,2.159,1.408,1.801,rt,
bambu,2026-06-12,1.592,1.184,2.176,1.405,1.797,rt,
bambu,2026-06-13,1.58,1.176,2.175,1.4,1.801,rt,
bambu,2026-06-14,1.578,1.14,2.209,1.38,1.798,rt,
bambu,2026-06-15,1.575,1.106,2.244,1.36,1.812,rt,
bambu,2026-06-16,1.569,1.143,2.196,1.386,1.794,rt,
bambu,2026-06-17,1.568,1.17,2.136,1.394,1.78,rt,
bambu,2026-06-18,1.57,1.194,2.112,1.409,1.776,rt,
bambu,2026-06-19,1.576,1.197,2.097,1.416,1.773,rt,
bambu,2026-06-20,1.575,1.187,2.106,1.41,1.772,rt,
bambu,2026-06-21,1.578,1.165,2.149,1.402,1.781,rt,
bambu,2026-06-22,1.591,1.146,2.245,1.401,1.803,rt,
bambu,2026-06-23,1.578,1.168,2.154,1.396,1.773,rt,
bambu,2026-06-24,1.569,1.18,2.088,1.398,1.747,rt,
bambu,2026-06-25,1.552,1.183,2.044,1.395,1.731,rt,
bambu,2026-06-26,1.533,1.173,2.023,1.381,1.716,rt,
bambu,2026-06-27,1.515,1.151,2.002,1.358,1.697,rt,
bambu,2026-06-28,1.497,1.117,2.018,1.332,1.692,rt,
bambu,2026-06-29,1.463,1.063,2.015,1.277,1.662,rt,
bambu,2026-06-30,1.421,1.056,1.878,1.256,1.595,rt,
bambu,2026-07-01,1.388,1.047,1.786,1.237,1.536,rt,
bambu,2026-07-02,1.351,1.029,1.716,1.208,1.488,rt,
bambu,2026-07-03,1.313,1.01,1.671,1.181,1.45,rt,
bambu,2026-07-04,1.274,0.98,1.658,1.149,1.418,rt,
bambu,2026-07-05,1.242,0.928,1.643,1.115,1.39,rt,
bambu,2026-07-06,1.21,0.877,1.652,1.082,1.375,rt,
bambu,2026-07-07,1.206,0.899,1.608,1.087,1.351,rt,
bambu,2026-07-08,1.205,0.906,1.562,1.084,1.333,rt,
bambu,2026-07-09,1.194,0.919,1.527,1.087,1.316,rt,
bambu,2026-07-10,1.187,0.912,1.516,1.082,1.308,rt,
bambu,2026-07-11,1.178,0.9,1.522,1.065,1.301,rt,
bambu,2026-07-12,1.171,0.87,1.53,1.041,1.307,rt,
bambu,2026-07-13,1.15,0.833,1.559,1.014,1.303,rt,
bambu,2026-07-14,1.16,0.867,1.526,1.04,1.301,rt,
bambu,2026-07-15,1.174,0.886,1.516,1.055,1.3,rt,
bambu,2026-07-16,1.182,0.901,1.508,1.067,1.309,rt,
bambu,2026-07-17,1.195,0.908,1.508,1.076,1.316,rt,
bambu,2026-07-18,1.197,0.907,1.536,1.076,1.327,rt,
bambu,2026-07-19,1.202,0.895,1.568,1.072,1.343,rt,
bambu,2026-07-20,1.207,0.877,1.617,1.064,1.366,rt,
bambu,2026-07-21,1.212,0.909,1.574,1.081,1.357,rt,
bambu,2026-07-22,1.213,0.934,1.548,1.093,1.356,rt,
bambu,2026-07-23,1.216,0.948,1.546,1.101,1.344,rt,
bambu,2026-07-24,1.217,0.958,1.556,1.109,1.35,rt,
bambu,2026-07-25,1.222,0.95,1.569,1.11,1.358,rt,
bambu,2026-07-26,1.223,0.947,1.6,1.103,1.367,rt,
bambu,2026-07-27,1.229,0.932,1.651,1.101,1.391,rt,
bambu,2026-07-28,1.239,0.97,1.613,1.126,1.382,rt,
bambu,2026-07-29,1.252,1.001,1.586,1.143,1.377,rt,
bambu,2026-07-30,1.261,1.016,1.579,1.151,1.38,rt,
bambu,2026-07-31,1.258,1.019,1.569,1.156,1.381,rt,
bambu,2026-08-01,1.254,1.007,1.575,1.148,1.382,rt,
bambu,2026-08-02,1.247,0.984,1.606,1.134,1.384,rt,
bambu,2026-08-03,1.237,0.946,1.636,1.106,1.387,rt,
bambu,2026-08-04,1.223,0.958,1.575,1.108,1.355,rt,
bambu,2026-08-05,1.212,0.963,1.543,1.105,1.332,rt,
bambu,2026-08-06,1.203,0.957,1.51,1.092,1.314,rt,
bambu,2026-08-07,1.174,0.941,1.488,1.069,1.295,rt,
bambu,2026-08-08,1.151,0.911,1.483,1.045,1.283,rt,
bambu,2026-08-09,1.126,0.876,1.489,1.015,1.263,rt,
bambu,2026-08-10,1.094,0.82,1.491,0.974,1.238,rt,
bambu,2026-08-11,1.055,0.804,1.415,0.945,1.181,rt,
bambu,2026-08-12,1.014,0.781,1.329,0.914,1.124,rt,
bambu,2026-08-13,0.977,0.755,1.257,0.876,1.079,rt,
bambu,2026-08-14,0.939,0.717,1.198,0.841,1.035,rt,
bambu,2026-08-15,0.898,0.677,1.164,0.803,0.998,rt,
bambu,2026-08-16,0.857,0.633,1.133,0.762,0.96,rt,
bambu,2026-08-17,0.822,0.589,1.112,0.729,0.94,rt,
bambu,2026-08-18,0.799,0.585,1.06,0.711,0.899,rt,
bambu,2026-08-19,0.777,0.577,1.015,0.692,0.868,rt,
bambu,2026-08-20,0.751,0.561,0.978,0.669,0.841,rt,
bambu,2026-08-21,0.732,0.548,0.95,0.649,0.816,rt,
bambu,2026-08-22,0.711,0.518,0.932,0.627,0.796,rt,
bambu,2026-08-23,0.689,0.487,0.917,0.602,0.776,rt,
bambu,2026-08-24,0.673,0.46,0.936,0.581,0.774,rt,
bambu,2026-08-25,0.679,0.478,0.914,0.594,0.774,rt,
bambu,2026-08-26,0.683,0.492,0.912,0.603,0.772,rt,
bambu,2026-08-27,0.688,0.504,0.91,0.608,0.773,rt,
bambu,2026-08-28,0.69,0.507,0.914,0.611,0.776,rt,
bambu,2026-08-29,0.694,0.505,0.924,0.611,0.781,rt,
bambu,2026-08-30,0.692,0.497,0.937,0.606,0.787,rt,
bambu,2026-08-31,0.683,0.478,0.963,0.59,0.787,rt,
bambu,2026-09-01,0.691,0.495,0.95,0.605,0.791,rt,
bambu,2026-09-02,0.704,0.505,0.947,0.619,0.8,rt,
bambu,2026-09-03,0.713,0.515,0.962,0.63,0.806,rt,
bambu,2026-09-04,0.721,0.519,0.968,0.634,0.815,rt,
bambu,2026-09-05,0.725,0.516,0.98,0.634,0.824,rt,
bambu,2026-09-06,0.729,0.505,0.995,0.63,0.832,rt,
bambu,2026-09-07,0.716,0.482,1.018,0.611,0.826,rt,
bambu,2026-09-08,0.701,0.482,0.976,0.603,0.802,rt,
bambu,2026-09-09,0.687,0.474,0.948,0.597,0.778,rt,
bambu,2026-09-10,0.672,0.457,0.923,0.585,0.76,rt,
bambu,2026-09-11,0.655,0.437,0.906,0.568,0.746,rt,
bambu,2026-09-12,0.631,0.42,0.9,0.545,0.732,rt,
bambu,2026-09-13,0.612,0.395,0.901,0.517,0.718,rt,
bambu,2026-09-14,0.589,0.367,0.905,0.488,0.705,rt,
bambu,2026-09-15,0.589,0.37,0.899,0.487,0.699,rt,
bambu,2026-09-16,0.587,0.372,0.9,0.487,0.695,rt,
bambu,2026-09-17,0.587,0.368,0.906,0.49,0.701,rt,
bambu,2026-09-18,0.588,0.364,0.927,0.487,0.71,rt,
bambu,2026-09-19,0.59,0.355,0.951,0.483,0.719,rt,
bambu,2026-09-20,0.592,0.339,0.98,0.479,0.73,rt,
bambu,2026-09-21,0.6,0.328,1.024,0.471,0.756,rt,
bambu,2026-09-22,0.601,0.333,1.029,0.478,0.753,rt,
bambu,2026-09-23,0.6,0.329,1.052,0.478,0.756,rt,
bambu,2026-09-24,0.599,0.328,1.069,0.472,0.76,rt,
bambu,2026-09-25,0.601,0.317,1.098,0.463,0.763,rt,
bambu,2026-09-26,0.602,0.304,1.11,0.451,0.774,rt,
bambu,2026-09-27,0.598,0.291,1.138,0.443,0.781,rt,
bambu,2026-09-28,0.597,0.277,1.171,0.43,0.785,rt,
bambu,2026-09-29,0.595,0.282,1.172,0.433,0.789,rt,
bambu,2026-09-30,0.602,0.281,1.2,0.436,0.798,rt,
bambu,2026-10-01,0.594,0.271,1.212,0.433,0.794,rt,
bambu,2026-10-02,0.589,0.256,1.258,0.423,0.794,rt,
boga,2026-08-09,0.928,0.821,1.046,0.884,0.979,rt,
boga,2026-08-10,0.909,0.795,1.035,0.863,0.961,rt,
boga,2026-08-11,0.901,0.795,1.021,0.858,0.951,rt,
boga,2026-08-12,0.894,0.789,1.006,0.851,0.939,rt,
boga,2026-08-13,0.887,0.784,0.996,0.844,0.93,rt,
boga,2026-08-14,0.877,0.779,0.978,0.834,0.919,rt,
boga,2026-08-15,0.867,0.769,0.967,0.825,0.909,rt,
boga,2026-08-16,0.857,0.751,0.961,0.813,0.898,rt,
boga,2026-08-17,0.855,0.742,0.966,0.806,0.898,rt,
boga,2026-08-18,0.855,0.745,0.967,0.81,0.897,rt,
boga,2026-08-19,0.856,0.746,0.968,0.809,0.897,rt,
boga,2026-08-20,0.853,0.746,0.969,0.807,0.898,rt,
boga,2026-08-21,0.857,0.749,0.969,0.813,0.901,rt,
boga,2026-08-22,0.857,0.749,0.967,0.814,0.902,rt,
boga,2026-08-23,0.856,0.744,0.967,0.812,0.901,rt,
boga,2026-08-24,0.866,0.746,0.983,0.819,0.913,rt,
boga,2026-08-25,0.882,0.767,0.997,0.838,0.929,rt,
boga,2026-08-26,0.898,0.787,1.013,0.853,0.944,rt,
boga,2026-08-27,0.911,0.8,1.026,0.865,0.958,rt,
boga,2026-08-28,0.925,0.816,1.036,0.882,0.971,rt,
boga,2026-08-29,0.937,0.829,1.051,0.894,0.982,rt,
boga,2026-08-30,0.945,0.84,1.061,0.903,0.992,rt,
boga,2026-08-31,0.943,0.832,1.066,0.899,0.992,rt,
boga,2026-09-01,0.951,0.845,1.073,0.908,1.001,rt,
boga,2026-09-02,0.961,0.855,1.082,0.914,1.009,rt,
boga,2026-09-03,0.969,0.856,1.095,0.92,1.015,rt,
boga,2026-09-04,0.971,0.859,1.092,0.922,1.017,rt,
boga,2026-09-05,0.971,0.858,1.092,0.921,1.018,rt,
boga,2026-09-06,0.967,0.849,1.092,0.916,1.016,rt,
boga,2026-09-07,0.946,0.823,1.081,0.894,0.998,rt,
boga,2026-09-08,0.93,0.807,1.063,0.878,0.982,rt,
boga,2026-09-09,0.911,0.785,1.049,0.859,0.966,rt,
boga,2026-09-10,0.893,0.766,1.035,0.84,0.948,rt,
boga,2026-09-11,0.873,0.748,1.008,0.819,0.926,rt,
boga,2026-09-12,0.849,0.725,0.985,0.796,0.907,rt,
boga,2026-09-13,0.825,0.696,0.965,0.77,0.885,rt,
boga,2026-09-14,0.799,0.66,0.949,0.742,0.862,rt,
boga,2026-09-15,0.788,0.65,0.94,0.73,0.852,rt,
boga,2026-09-16,0.78,0.639,0.936,0.718,0.844,rt,
boga,2026-09-17,0.772,0.628,0.932,0.708,0.835,rt,
boga,2026-09-18,0.767,0.618,0.932,0.698,0.83,rt,
boga,2026-09-19,0.758,0.604,0.931,0.688,0.826,rt,
boga,2026-09-20,0.749,0.583,0.932,0.679,0.823,rt,
boga,2026-09-21,0.749,0.569,0.942,0.672,0.827,rt,
boga,2026-09-22,0.748,0.567,0.951,0.67,0.827,rt,
boga,2026-09-23,0.746,0.56,0.962,0.666,0.829,rt,
boga,2026-09-24,0.743,0.551,0.969,0.661,0.828,rt,
boga,2026-09-25,0.738,0.545,0.972,0.653,0.825,rt,
boga,2026-09-26,0.734,0.528,0.979,0.644,0.822,rt,
boga,2026-09-27,0.724,0.512,0.985,0.632,0.823,rt,
boga,2026-09-28,0.716,0.495,1.0,0.622,0.824,rt,
boga,2026-09-29,0.721,0.495,1.01,0.626,0.83,rt,
boga,2026-09-30,0.723,0.484,1.023,0.624,0.84,rt,
boga,2026-10-01,0.72,0.479,1.002,0.62,0.831,rt,
boga,2026-10-02,0.716,0.466,1.002,0.613,0.826,rt,
bunia,2026-04-20,2.625,1.714,6.136,2.133,3.387,rt,
bunia,2026-04-21,2.579,1.726,5.754,2.137,3.323,rt,
bunia,2026-04-22,2.547,1.737,5.373,2.137,3.272,rt,
bunia,2026-04-23,2.524,1.741,5.057,2.131,3.189,rt,
bunia,2026-04-24,2.507,1.739,4.911,2.129,3.141,rt,
bunia,2026-04-25,2.509,1.718,4.749,2.129,3.117,rt,
bunia,2026-04-26,2.498,1.698,4.631,2.109,3.071,rt,
bunia,2026-04-27,2.488,1.654,4.476,2.077,3.027,rt,
bunia,2026-04-28,2.473,1.676,4.31,2.08,2.987,rt,
bunia,2026-04-29,2.453,1.69,4.166,2.078,2.93,rt,
bunia,2026-04-30,2.432,1.71,4.076,2.078,2.906,rt,
bunia,2026-05-01,2.425,1.716,3.976,2.07,2.886,rt,
bunia,2026-05-02,2.417,1.715,3.875,2.067,2.867,rt,
bunia,2026-05-03,2.395,1.694,3.828,2.061,2.837,rt,
bunia,2026-05-04,2.393,1.672,3.817,2.045,2.837,rt,
bunia,2026-05-05,2.382,1.691,3.683,2.049,2.793,rt,
bunia,2026-05-06,2.369,1.708,3.582,2.051,2.766,rt,
bunia,2026-05-07,2.352,1.723,3.542,2.051,2.747,rt,
bunia,2026-05-08,2.335,1.737,3.464,2.045,2.706,rt,
bunia,2026-05-09,2.316,1.733,3.416,2.038,2.681,rt,
bunia,2026-05-10,2.3,1.721,3.394,2.028,2.648,rt,
bunia,2026-05-11,2.221,1.644,3.303,1.964,2.564,rt,
bunia,2026-05-12,2.158,1.612,3.097,1.919,2.47,rt,
bunia,2026-05-13,2.097,1.588,2.936,1.877,2.374,rt,
bunia,2026-05-14,2.038,1.568,2.825,1.833,2.291,rt,
bunia,2026-05-15,1.976,1.528,2.695,1.783,2.215,rt,
bunia,2026-05-16,1.911,1.481,2.607,1.721,2.14,rt,
bunia,2026-05-17,1.851,1.422,2.523,1.652,2.08,rt,
bunia,2026-05-18,1.786,1.344,2.45,1.583,2.029,rt,
bunia,2026-05-19,1.72,1.325,2.319,1.54,1.936,rt,
bunia,2026-05-20,1.658,1.296,2.176,1.492,1.861,rt,
bunia,2026-05-21,1.598,1.244,2.062,1.442,1.776,rt,
bunia,2026-05-22,1.527,1.19,1.959,1.388,1.698,rt,
bunia,2026-05-23,1.461,1.122,1.879,1.322,1.627,rt,
bunia,2026-05-24,1.401,1.039,1.832,1.247,1.564,rt,
bunia,2026-05-25,1.341,0.936,1.785,1.17,1.501,rt,
bunia,2026-05-26,1.325,0.955,1.72,1.166,1.468,rt,
bunia,2026-05-27,1.311,0.976,1.673,1.167,1.443,rt,
bunia,2026-05-28,1.295,0.989,1.632,1.169,1.424,rt,
bunia,2026-05-29,1.28,0.984,1.609,1.169,1.413,rt,
bunia,2026-05-30,1.271,0.976,1.613,1.166,1.4,rt,
bunia,2026-05-31,1.264,0.963,1.623,1.148,1.403,rt,
bunia,2026-06-01,1.262,0.941,1.66,1.137,1.411,rt,
bunia,2026-06-02,1.308,1.031,1.662,1.197,1.44,rt,
bunia,2026-06-03,1.366,1.111,1.678,1.26,1.478,rt,
bunia,2026-06-04,1.413,1.18,1.697,1.312,1.523,rt,
bunia,2026-06-05,1.456,1.23,1.722,1.36,1.554,rt,
bunia,2026-06-06,1.495,1.26,1.767,1.394,1.597,rt,
bunia,2026-06-07,1.524,1.269,1.835,1.42,1.636,rt,
bunia,2026-06-08,1.551,1.272,1.91,1.431,1.678,rt,
bunia,2026-06-09,1.54,1.299,1.839,1.438,1.651,rt,
bunia,2026-06-10,1.523,1.317,1.788,1.438,1.622,rt,
bunia,2026-06-11,1.505,1.315,1.755,1.419,1.596,rt,
bunia,2026-06-12,1.488,1.306,1.738,1.407,1.581,rt,
bunia,2026-06-13,1.47,1.285,1.73,1.387,1.563,rt,
bunia,2026-06-14,1.454,1.256,1.73,1.359,1.551,rt,
bunia,2026-06-15,1.438,1.214,1.73,1.334,1.541,rt,
bunia,2026-06-16,1.391,1.197,1.633,1.302,1.484,rt,
bunia,2026-06-17,1.347,1.172,1.558,1.27,1.43,rt,
bunia,2026-06-18,1.307,1.142,1.504,1.237,1.381,rt,
bunia,2026-06-19,1.265,1.109,1.438,1.199,1.335,rt,
bunia,2026-06-20,1.225,1.066,1.398,1.156,1.295,rt,
bunia,2026-06-21,1.183,1.013,1.371,1.11,1.259,rt,
bunia,2026-06-22,1.155,0.966,1.359,1.069,1.239,rt,
bunia,2026-06-23,1.161,0.99,1.33,1.087,1.234,rt,
bunia,2026-06-24,1.165,1.012,1.32,1.1,1.23,rt,
bunia,2026-06-25,1.169,1.03,1.318,1.108,1.231,rt,
bunia,2026-06-26,1.171,1.034,1.315,1.112,1.231,rt,
bunia,2026-06-27,1.173,1.026,1.324,1.109,1.235,rt,
bunia,2026-06-28,1.175,1.008,1.338,1.104,1.243,rt,
bunia,2026-06-29,1.16,0.971,1.349,1.08,1.237,rt,
bunia,2026-06-30,1.156,0.993,1.322,1.086,1.224,rt,
bunia,2026-07-01,1.153,1.009,1.302,1.09,1.214,rt,
bunia,2026-07-02,1.149,1.021,1.295,1.093,1.207,rt,
bunia,2026-07-03,1.149,1.031,1.297,1.096,1.202,rt,
bunia,2026-07-04,1.149,1.026,1.312,1.094,1.206,rt,
bunia,2026-07-05,1.147,1.011,1.331,1.088,1.215,rt,
bunia,2026-07-06,1.153,0.992,1.361,1.081,1.231,rt,
bunia,2026-07-07,1.142,1.0,1.32,1.08,1.213,rt,
bunia,2026-07-08,1.129,1.004,1.288,1.074,1.195,rt,
bunia,2026-07-09,1.12,0.998,1.265,1.068,1.177,rt,
bunia,2026-07-10,1.108,0.988,1.255,1.057,1.162,rt,
bunia,2026-07-11,1.094,0.967,1.248,1.04,1.153,rt,
bunia,2026-07-12,1.08,0.936,1.246,1.02,1.148,rt,
bunia,2026-07-13,1.061,0.895,1.246,0.992,1.138,rt,
bunia,2026-07-14,1.051,0.899,1.208,0.986,1.115,rt,
bunia,2026-07-15,1.037,0.898,1.177,0.977,1.095,rt,
bunia,2026-07-16,1.022,0.892,1.154,0.967,1.077,rt,
bunia,2026-07-17,1.006,0.882,1.131,0.954,1.06,rt,
bunia,2026-07-18,0.991,0.861,1.117,0.937,1.044,rt,
bunia,2026-07-19,0.974,0.834,1.117,0.916,1.029,rt,
bunia,2026-07-20,0.959,0.804,1.122,0.893,1.021,rt,
bunia,2026-07-21,0.961,0.823,1.102,0.903,1.017,rt,
bunia,2026-07-22,0.961,0.834,1.09,0.91,1.013,rt,
bunia,2026-07-23,0.961,0.846,1.081,0.915,1.011,rt,
bunia,2026-07-24,0.965,0.854,1.083,0.92,1.016,rt,
bunia,2026-07-25,0.97,0.847,1.096,0.921,1.02,rt,
bunia,2026-07-26,0.971,0.835,1.115,0.915,1.027,rt,
bunia,2026-07-27,0.979,0.819,1.143,0.912,1.042,rt,
bunia,2026-07-28,0.993,0.853,1.144,0.933,1.049,rt,
bunia,2026-07-29,1.009,0.88,1.152,0.954,1.062,rt,
bunia,2026-07-30,1.02,0.898,1.157,0.969,1.074,rt,
bunia,2026-07-31,1.028,0.911,1.161,0.976,1.079,rt,
bunia,2026-08-01,1.034,0.913,1.179,0.978,1.086,rt,
bunia,2026-08-02,1.039,0.902,1.197,0.979,1.096,rt,
bunia,2026-08-03,1.036,0.878,1.219,0.969,1.104,rt,
bunia,2026-08-04,1.03,0.888,1.187,0.967,1.089,rt,
bunia,2026-08-05,1.02,0.889,1.163,0.964,1.077,rt,
bunia,2026-08-06,1.012,0.878,1.142,0.958,1.068,rt,
bunia,2026-08-07,0.995,0.871,1.127,0.943,1.05,rt,
bunia,2026-08-08,0.977,0.846,1.116,0.923,1.038,rt,
bunia,2026-08-09,0.96,0.817,1.118,0.902,1.024,rt,
bunia,2026-08-10,0.937,0.781,1.115,0.872,1.008,rt,
bunia,2026-08-11,0.92,0.786,1.072,0.863,0.98,rt,
bunia,2026-08-12,0.901,0.782,1.037,0.855,0.955,rt,
bunia,2026-08-13,0.887,0.772,1.011,0.838,0.935,rt,
bunia,2026-08-14,0.871,0.754,0.986,0.822,0.917,rt,
bunia,2026-08-15,0.852,0.73,0.972,0.802,0.9,rt,
bunia,2026-08-16,0.834,0.699,0.964,0.776,0.887,rt,
bunia,2026-08-17,0.821,0.67,0.971,0.76,0.884,rt,
bunia,2026-08-18,0.823,0.692,0.962,0.768,0.882,rt,
bunia,2026-08-19,0.825,0.706,0.958,0.778,0.88,rt,
bunia,2026-08-20,0.829,0.71,0.958,0.782,0.879,rt,
bunia,2026-08-21,0.836,0.721,0.966,0.788,0.885,rt,
bunia,2026-08-22,0.839,0.72,0.977,0.792,0.89,rt,
bunia,2026-08-23,0.841,0.71,0.993,0.789,0.895,rt,
bunia,2026-08-24,0.855,0.701,1.031,0.792,0.916,rt,
bunia,2026-08-25,0.865,0.726,1.023,0.808,0.921,rt,
bunia,2026-08-26,0.873,0.745,1.019,0.82,0.933,rt,
bunia,2026-08-27,0.88,0.756,1.017,0.828,0.938,rt,
bunia,2026-08-28,0.89,0.762,1.021,0.838,0.944,rt,
bunia,2026-08-29,0.896,0.759,1.032,0.841,0.95,rt,
bunia,2026-08-30,0.898,0.751,1.053,0.836,0.959,rt,
bunia,2026-08-31,0.892,0.724,1.065,0.818,0.963,rt,
bunia,2026-09-01,0.891,0.74,1.045,0.828,0.958,rt,
bunia,2026-09-02,0.892,0.747,1.037,0.834,0.953,rt,
bunia,2026-09-03,0.892,0.75,1.04,0.834,0.952,rt,
bunia,2026-09-04,0.885,0.748,1.034,0.83,0.948,rt,
bunia,2026-09-05,0.88,0.736,1.034,0.819,0.943,rt,
bunia,2026-09-06,0.872,0.713,1.041,0.804,0.938,rt,
bunia,2026-09-07,0.846,0.668,1.033,0.771,0.922,rt,
bunia,2026-09-08,0.834,0.669,1.004,0.763,0.903,rt,
bunia,2026-09-09,0.821,0.664,0.978,0.753,0.885,rt,
bunia,2026-09-10,0.804,0.652,0.958,0.739,0.868,rt,
bunia,2026-09-11,0.784,0.636,0.944,0.721,0.85,rt,
bunia,2026-09-12,0.765,0.605,0.935,0.7,0.837,rt,
bunia,2026-09-13,0.744,0.564,0.934,0.673,0.824,rt,
bunia,2026-09-14,0.722,0.524,0.937,0.642,0.811,rt,
bunia,2026-09-15,0.727,0.535,0.923,0.648,0.812,rt,
bunia,2026-09-16,0.731,0.546,0.926,0.651,0.81,rt,
bunia,2026-09-17,0.735,0.548,0.946,0.655,0.817,rt,
bunia,2026-09-18,0.741,0.545,0.966,0.655,0.828,rt,
bunia,2026-09-19,0.744,0.535,0.993,0.658,0.843,rt,
bunia,2026-09-20,0.748,0.522,1.029,0.65,0.862,rt,
bunia,2026-09-21,0.76,0.51,1.077,0.649,0.892,rt,
bunia,2026-09-22,0.756,0.506,1.087,0.643,0.888,rt,
bunia,2026-09-23,0.753,0.494,1.102,0.635,0.895,rt,
bunia,2026-09-24,0.75,0.482,1.116,0.626,0.895,rt,
bunia,2026-09-25,0.745,0.459,1.135,0.613,0.899,rt,
bunia,2026-09-26,0.738,0.435,1.163,0.6,0.904,rt,
bunia,2026-09-27,0.733,0.411,1.186,0.583,0.909,rt,
bunia,2026-09-28,0.726,0.378,1.224,0.566,0.916,rt,
bunia,2026-09-29,0.723,0.377,1.219,0.556,0.912,rt,
bunia,2026-09-30,0.719,0.36,1.241,0.549,0.91,rt,
bunia,2026-10-01,0.716,0.331,1.225,0.532,0.911,rt,
bunia,2026-10-02,0.708,0.302,1.243,0.504,0.912,rt,
damas,2026-06-10,1.103,0.713,1.715,0.915,1.312,rt,
damas,2026-06-11,1.097,0.713,1.687,0.91,1.302,rt,
damas,2026-06-12,1.091,0.695,1.653,0.91,1.294,rt,
damas,2026-06-13,1.092,0.671,1.647,0.898,1.282,rt,
damas,2026-06-14,1.081,0.645,1.682,0.878,1.277,rt,
damas,2026-06-15,1.072,0.613,1.708,0.86,1.291,rt,
damas,2026-06-16,1.092,0.653,1.694,0.892,1.297,rt,
damas,2026-06-17,1.114,0.697,1.695,0.924,1.307,rt,
damas,2026-06-18,1.134,0.73,1.687,0.95,1.331,rt,
damas,2026-06-19,1.154,0.76,1.721,0.972,1.35,rt,
damas,2026-06-20,1.172,0.769,1.778,0.988,1.381,rt,
damas,2026-06-21,1.192,0.771,1.844,0.999,1.421,rt,
damas,2026-06-22,1.222,0.774,1.961,1.02,1.477,rt,
damas,2026-06-23,1.23,0.803,1.937,1.04,1.461,rt,
damas,2026-06-24,1.242,0.827,1.897,1.064,1.456,rt,
damas,2026-06-25,1.247,0.843,1.878,1.08,1.466,rt,
damas,2026-06-26,1.262,0.84,1.875,1.083,1.479,rt,
damas,2026-06-27,1.265,0.838,1.924,1.081,1.491,rt,
damas,2026-06-28,1.273,0.828,1.961,1.071,1.512,rt,
damas,2026-06-29,1.26,0.792,2.019,1.044,1.523,rt,
damas,2026-06-30,1.246,0.818,1.93,1.048,1.484,rt,
damas,2026-07-01,1.234,0.833,1.867,1.055,1.453,rt,
damas,2026-07-02,1.224,0.833,1.809,1.051,1.439,rt,
damas,2026-07-03,1.214,0.827,1.787,1.043,1.427,rt,
damas,2026-07-04,1.214,0.813,1.79,1.023,1.417,rt,
damas,2026-07-05,1.206,0.784,1.837,1.014,1.418,rt,
damas,2026-07-06,1.196,0.756,1.911,0.995,1.427,rt,
damas,2026-07-07,1.212,0.797,1.864,1.025,1.429,rt,
damas,2026-07-08,1.225,0.823,1.821,1.05,1.435,rt,
damas,2026-07-09,1.237,0.845,1.817,1.066,1.441,rt,
damas,2026-07-10,1.258,0.857,1.841,1.069,1.459,rt,
damas,2026-07-11,1.272,0.851,1.885,1.076,1.483,rt,
damas,2026-07-12,1.277,0.845,1.938,1.079,1.505,rt,
damas,2026-07-13,1.279,0.812,2.005,1.07,1.525,rt,
damas,2026-07-14,1.28,0.837,1.946,1.082,1.508,rt,
damas,2026-07-15,1.278,0.863,1.892,1.096,1.493,rt,
damas,2026-07-16,1.279,0.872,1.882,1.101,1.482,rt,
damas,2026-07-17,1.271,0.867,1.867,1.098,1.488,rt,
damas,2026-07-18,1.267,0.857,1.902,1.083,1.487,rt,
damas,2026-07-19,1.257,0.841,1.983,1.076,1.501,rt,
damas,2026-07-20,1.254,0.806,2.061,1.057,1.508,rt,
damas,2026-07-21,1.243,0.829,1.93,1.061,1.481,rt,
damas,2026-07-22,1.233,0.848,1.85,1.063,1.457,rt,
damas,2026-07-23,1.219,0.856,1.811,1.056,1.435,rt,
damas,2026-07-24,1.216,0.846,1.797,1.051,1.422,rt,
damas,2026-07-25,1.213,0.825,1.786,1.034,1.426,rt,
damas,2026-07-26,1.199,0.799,1.813,1.016,1.423,rt,
damas,2026-07-27,1.194,0.764,1.865,0.995,1.439,rt,
damas,2026-07-28,1.18,0.78,1.777,1.006,1.407,rt,
damas,2026-07-29,1.169,0.8,1.713,1.002,1.371,rt,
damas,2026-07-30,1.158,0.808,1.68,0.989,1.35,rt,
damas,2026-07-31,1.146,0.789,1.65,0.971,1.317,rt,
damas,2026-08-01,1.121,0.753,1.622,0.941,1.303,rt,
damas,2026-08-02,1.09,0.71,1.621,0.916,1.293,rt,
damas,2026-08-03,1.063,0.655,1.631,0.882,1.279,rt,
damas,2026-08-04,1.046,0.668,1.552,0.878,1.243,rt,
damas,2026-08-05,1.028,0.677,1.51,0.873,1.207,rt,
damas,2026-08-06,1.008,0.679,1.464,0.857,1.179,rt,
damas,2026-08-07,0.984,0.664,1.444,0.841,1.149,rt,
damas,2026-08-08,0.961,0.64,1.426,0.821,1.125,rt,
damas,2026-08-09,0.934,0.617,1.427,0.787,1.102,rt,
damas,2026-08-10,0.906,0.577,1.433,0.752,1.079,rt,
damas,2026-08-11,0.892,0.573,1.357,0.746,1.046,rt,
damas,2026-08-12,0.876,0.577,1.309,0.739,1.021,rt,
damas,2026-08-13,0.86,0.574,1.257,0.729,1.009,rt,
damas,2026-08-14,0.839,0.56,1.24,0.709,0.991,rt,
damas,2026-08-15,0.82,0.541,1.239,0.693,0.976,rt,
damas,2026-08-16,0.8,0.514,1.244,0.668,0.969,rt,
damas,2026-08-17,0.792,0.48,1.276,0.647,0.974,rt,
damas,2026-08-18,0.784,0.485,1.227,0.648,0.952,rt,
damas,2026-08-19,0.774,0.49,1.188,0.648,0.932,rt,
damas,2026-08-20,0.765,0.477,1.171,0.639,0.917,rt,
damas,2026-08-21,0.755,0.468,1.171,0.634,0.904,rt,
damas,2026-08-22,0.743,0.458,1.176,0.625,0.902,rt,
damas,2026-08-23,0.737,0.441,1.179,0.605,0.899,rt,
damas,2026-08-24,0.731,0.43,1.199,0.594,0.901,rt,
damas,2026-08-25,0.733,0.437,1.173,0.598,0.89,rt,
damas,2026-08-26,0.726,0.444,1.158,0.599,0.879,rt,
damas,2026-08-27,0.722,0.442,1.157,0.595,0.867,rt,
damas,2026-08-28,0.714,0.44,1.153,0.589,0.865,rt,
damas,2026-08-29,0.71,0.43,1.166,0.576,0.864,rt,
damas,2026-08-30,0.696,0.415,1.177,0.562,0.861,rt,
damas,2026-08-31,0.676,0.394,1.18,0.538,0.849,rt,
damas,2026-09-01,0.668,0.392,1.135,0.54,0.831,rt,
damas,2026-09-02,0.663,0.394,1.094,0.536,0.814,rt,
damas,2026-09-03,0.655,0.389,1.06,0.53,0.797,rt,
damas,2026-09-04,0.637,0.381,1.032,0.519,0.78,rt,
damas,2026-09-05,0.623,0.363,1.024,0.506,0.773,rt,
damas,2026-09-06,0.609,0.341,1.014,0.487,0.757,rt,
damas,2026-09-07,0.583,0.316,0.988,0.463,0.724,rt,
damas,2026-09-08,0.568,0.319,0.936,0.454,0.702,rt,
damas,2026-09-09,0.548,0.313,0.897,0.441,0.684,rt,
damas,2026-09-10,0.531,0.308,0.866,0.427,0.662,rt,
damas,2026-09-11,0.513,0.293,0.854,0.41,0.645,rt,
damas,2026-09-12,0.497,0.275,0.851,0.389,0.625,rt,
damas,2026-09-13,0.479,0.26,0.853,0.369,0.606,rt,
damas,2026-09-14,0.453,0.24,0.85,0.349,0.587,rt,
damas,2026-09-15,0.454,0.248,0.836,0.355,0.585,rt,
damas,2026-09-16,0.455,0.25,0.82,0.357,0.581,rt,
damas,2026-09-17,0.453,0.249,0.817,0.358,0.58,rt,
damas,2026-09-18,0.454,0.248,0.83,0.359,0.582,rt,
damas,2026-09-19,0.454,0.242,0.855,0.357,0.589,rt,
damas,2026-09-20,0.458,0.236,0.883,0.355,0.597,rt,
damas,2026-09-21,0.461,0.231,0.922,0.352,0.61,rt,
damas,2026-09-22,0.474,0.238,0.932,0.361,0.615,rt,
damas,2026-09-23,0.476,0.24,0.948,0.364,0.62,rt,
damas,2026-09-24,0.479,0.243,0.972,0.369,0.631,rt,
damas,2026-09-25,0.485,0.239,0.994,0.371,0.635,rt,
damas,2026-09-26,0.488,0.243,1.024,0.374,0.641,rt,
damas,2026-09-27,0.491,0.241,1.076,0.373,0.659,rt,
damas,2026-09-28,0.496,0.238,1.115,0.371,0.672,rt,
damas,2026-09-29,0.506,0.241,1.118,0.379,0.685,rt,
damas,2026-09-30,0.517,0.249,1.139,0.385,0.701,rt,
damas,2026-10-01,0.522,0.252,1.16,0.385,0.722,rt,
damas,2026-10-02,0.526,0.244,1.207,0.384,0.737,rt,
drodro,2026-06-29,1.32,1.151,1.504,1.25,1.383,rt,
drodro,2026-06-30,1.296,1.139,1.457,1.23,1.353,rt,
drodro,2026-07-01,1.27,1.125,1.419,1.211,1.326,rt,
drodro,2026-07-02,1.247,1.112,1.386,1.192,1.301,rt,
drodro,2026-07-03,1.226,1.099,1.362,1.174,1.279,rt,
drodro,2026-07-04,1.205,1.083,1.342,1.155,1.261,rt,
drodro,2026-07-05,1.184,1.059,1.324,1.135,1.243,rt,
drodro,2026-07-06,1.17,1.038,1.318,1.116,1.23,rt,
drodro,2026-07-07,1.171,1.047,1.31,1.121,1.226,rt,
drodro,2026-07-08,1.173,1.055,1.302,1.124,1.225,rt,
drodro,2026-07-09,1.172,1.06,1.302,1.125,1.224,rt,
drodro,2026-07-10,1.173,1.063,1.294,1.126,1.222,rt,
drodro,2026-07-11,1.173,1.057,1.292,1.126,1.221,rt,
drodro,2026-07-12,1.171,1.048,1.294,1.121,1.222,rt,
drodro,2026-07-13,1.162,1.027,1.293,1.107,1.216,rt,
drodro,2026-07-14,1.158,1.033,1.282,1.108,1.21,rt,
drodro,2026-07-15,1.154,1.032,1.273,1.107,1.204,rt,
drodro,2026-07-16,1.149,1.029,1.272,1.102,1.198,rt,
drodro,2026-07-17,1.143,1.03,1.264,1.097,1.191,rt,
drodro,2026-07-18,1.138,1.025,1.262,1.089,1.185,rt,
drodro,2026-07-19,1.127,1.013,1.257,1.077,1.181,rt,
drodro,2026-07-20,1.122,0.999,1.259,1.067,1.178,rt,
drodro,2026-07-21,1.115,1.001,1.238,1.067,1.168,rt,
drodro,2026-07-22,1.109,1.001,1.223,1.063,1.159,rt,
drodro,2026-07-23,1.1,0.995,1.213,1.055,1.149,rt,
drodro,2026-07-24,1.098,0.997,1.209,1.054,1.143,rt,
drodro,2026-07-25,1.093,0.99,1.206,1.049,1.138,rt,
drodro,2026-07-26,1.085,0.978,1.203,1.038,1.132,rt,
drodro,2026-07-27,1.081,0.966,1.211,1.033,1.132,rt,
drodro,2026-07-28,1.082,0.972,1.202,1.038,1.129,rt,
drodro,2026-07-29,1.08,0.973,1.193,1.037,1.125,rt,
drodro,2026-07-30,1.079,0.969,1.192,1.034,1.123,rt,
drodro,2026-07-31,1.069,0.964,1.182,1.023,1.109,rt,
drodro,2026-08-01,1.058,0.947,1.174,1.013,1.099,rt,
drodro,2026-08-02,1.045,0.924,1.166,0.998,1.088,rt,
drodro,2026-08-03,1.026,0.896,1.159,0.976,1.076,rt,
drodro,2026-08-04,1.02,0.901,1.143,0.973,1.068,rt,
drodro,2026-08-05,1.013,0.899,1.131,0.966,1.061,rt,
drodro,2026-08-06,1.005,0.892,1.125,0.959,1.053,rt,
drodro,2026-08-07,0.992,0.881,1.102,0.949,1.036,rt,
drodro,2026-08-08,0.977,0.875,1.086,0.935,1.021,rt,
drodro,2026-08-09,0.961,0.855,1.073,0.917,1.007,rt,
drodro,2026-08-10,0.94,0.828,1.054,0.895,0.989,rt,
drodro,2026-08-11,0.93,0.824,1.036,0.887,0.974,rt,
drodro,2026-08-12,0.92,0.818,1.024,0.878,0.961,rt,
drodro,2026-08-13,0.91,0.812,1.014,0.87,0.949,rt,
drodro,2026-08-14,0.899,0.804,0.998,0.859,0.935,rt,
drodro,2026-08-15,0.886,0.792,0.981,0.847,0.923,rt,
drodro,2026-08-16,0.873,0.775,0.967,0.832,0.911,rt,
drodro,2026-08-17,0.867,0.761,0.973,0.825,0.909,rt,
drodro,2026-08-18,0.867,0.762,0.967,0.825,0.908,rt,
drodro,2026-08-19,0.866,0.764,0.969,0.825,0.908,rt,
drodro,2026-08-20,0.864,0.762,0.971,0.821,0.906,rt,
drodro,2026-08-21,0.866,0.767,0.966,0.826,0.908,rt,
drodro,2026-08-22,0.868,0.768,0.965,0.826,0.906,rt,
drodro,2026-08-23,0.866,0.764,0.967,0.822,0.906,rt,
drodro,2026-08-24,0.874,0.766,0.983,0.829,0.916,rt,
drodro,2026-08-25,0.89,0.784,0.997,0.847,0.933,rt,
drodro,2026-08-26,0.904,0.801,1.011,0.864,0.948,rt,
drodro,2026-08-27,0.918,0.814,1.025,0.876,0.963,rt,
drodro,2026-08-28,0.932,0.83,1.033,0.89,0.974,rt,
drodro,2026-08-29,0.942,0.843,1.046,0.903,0.983,rt,
drodro,2026-08-30,0.95,0.848,1.059,0.909,0.992,rt,
drodro,2026-08-31,0.948,0.839,1.061,0.905,0.992,rt,
drodro,2026-09-01,0.954,0.851,1.067,0.914,1.0,rt,
drodro,2026-09-02,0.962,0.859,1.078,0.921,1.006,rt,
drodro,2026-09-03,0.968,0.865,1.087,0.923,1.015,rt,
drodro,2026-09-04,0.969,0.864,1.083,0.925,1.015,rt,
drodro,2026-09-05,0.968,0.862,1.084,0.921,1.014,rt,
drodro,2026-09-06,0.963,0.852,1.082,0.914,1.008,rt,
drodro,2026-09-07,0.941,0.823,1.068,0.892,0.991,rt,
drodro,2026-09-08,0.924,0.805,1.054,0.874,0.972,rt,
drodro,2026-09-09,0.903,0.785,1.033,0.853,0.955,rt,
drodro,2026-09-10,0.882,0.76,1.018,0.833,0.938,rt,
drodro,2026-09-11,0.86,0.742,0.988,0.811,0.913,rt,
drodro,2026-09-12,0.838,0.719,0.967,0.787,0.889,rt,
drodro,2026-09-13,0.812,0.692,0.947,0.757,0.865,rt,
drodro,2026-09-14,0.785,0.655,0.928,0.728,0.843,rt,
drodro,2026-09-15,0.775,0.646,0.918,0.717,0.831,rt,
drodro,2026-09-16,0.764,0.635,0.911,0.705,0.825,rt,
drodro,2026-09-17,0.756,0.623,0.906,0.695,0.818,rt,
drodro,2026-09-18,0.748,0.611,0.906,0.687,0.812,rt,
drodro,2026-09-19,0.742,0.594,0.907,0.675,0.809,rt,
drodro,2026-09-20,0.735,0.574,0.909,0.663,0.806,rt,
drodro,2026-09-21,0.736,0.557,0.925,0.658,0.813,rt,
drodro,2026-09-22,0.732,0.552,0.932,0.653,0.812,rt,
drodro,2026-09-23,0.73,0.547,0.941,0.648,0.813,rt,
drodro,2026-09-24,0.725,0.538,0.948,0.643,0.812,rt,
drodro,2026-09-25,0.722,0.527,0.953,0.636,0.809,rt,
drodro,2026-09-26,0.719,0.515,0.959,0.625,0.808,rt,
drodro,2026-09-27,0.71,0.498,0.967,0.613,0.807,rt,
drodro,2026-09-28,0.704,0.478,0.981,0.601,0.81,rt,
drodro,2026-09-29,0.704,0.479,0.997,0.605,0.815,rt,
drodro,2026-09-30,0.703,0.466,1.005,0.604,0.824,rt,
drodro,2026-10-01,0.699,0.463,0.993,0.602,0.818,rt,
drodro,2026-10-02,0.697,0.44,0.988,0.596,0.809,rt,
fataki,2026-06-21,2.249,1.556,3.381,1.925,2.668,rt,
fataki,2026-06-22,2.255,1.526,3.542,1.927,2.721,rt,
fataki,2026-06-23,2.228,1.555,3.378,1.917,2.637,rt,
fataki,2026-06-24,2.197,1.554,3.263,1.914,2.556,rt,
fataki,2026-06-25,2.16,1.533,3.153,1.902,2.496,rt,
fataki,2026-06-26,2.116,1.503,3.095,1.871,2.443,rt,
fataki,2026-06-27,2.078,1.461,3.063,1.818,2.424,rt,
fataki,2026-06-28,2.039,1.418,3.059,1.78,2.387,rt,
fataki,2026-06-29,1.97,1.306,3.036,1.699,2.341,rt,
fataki,2026-06-30,1.88,1.305,2.773,1.637,2.194,rt,
fataki,2026-07-01,1.788,1.295,2.594,1.574,2.07,rt,
fataki,2026-07-02,1.706,1.244,2.426,1.503,1.957,rt,
fataki,2026-07-03,1.636,1.188,2.322,1.434,1.866,rt,
fataki,2026-07-04,1.565,1.113,2.241,1.37,1.784,rt,
fataki,2026-07-05,1.491,1.03,2.184,1.297,1.725,rt,
fataki,2026-07-06,1.424,0.953,2.182,1.225,1.683,rt,
fataki,2026-07-07,1.398,0.981,2.043,1.214,1.629,rt,
fataki,2026-07-08,1.367,1.001,1.944,1.199,1.573,rt,
fataki,2026-07-09,1.342,0.999,1.858,1.184,1.535,rt,
fataki,2026-07-10,1.314,0.987,1.826,1.158,1.5,rt,
fataki,2026-07-11,1.285,0.954,1.8,1.128,1.484,rt,
fataki,2026-07-12,1.257,0.9,1.809,1.095,1.473,rt,
fataki,2026-07-13,1.224,0.838,1.805,1.047,1.447,rt,
fataki,2026-07-14,1.228,0.872,1.744,1.061,1.422,rt,
fataki,2026-07-15,1.226,0.894,1.697,1.078,1.401,rt,
fataki,2026-07-16,1.227,0.902,1.672,1.085,1.392,rt,
fataki,2026-07-17,1.225,0.907,1.658,1.08,1.383,rt,
fataki,2026-07-18,1.222,0.899,1.675,1.065,1.393,rt,
fataki,2026-07-19,1.211,0.872,1.71,1.044,1.396,rt,
fataki,2026-07-20,1.206,0.84,1.776,1.029,1.414,rt,
fataki,2026-07-21,1.194,0.865,1.676,1.031,1.373,rt,
fataki,2026-07-22,1.18,0.872,1.603,1.031,1.338,rt,
fataki,2026-07-23,1.163,0.861,1.543,1.022,1.306,rt,
fataki,2026-07-24,1.149,0.854,1.524,1.013,1.292,rt,
fataki,2026-07-25,1.13,0.832,1.513,0.998,1.279,rt,
fataki,2026-07-26,1.114,0.796,1.529,0.969,1.275,rt,
fataki,2026-07-27,1.1,0.75,1.563,0.949,1.275,rt,
fataki,2026-07-28,1.076,0.77,1.485,0.941,1.232,rt,
fataki,2026-07-29,1.057,0.773,1.416,0.928,1.191,rt,
fataki,2026-07-30,1.034,0.761,1.362,0.911,1.16,rt,
fataki,2026-07-31,0.999,0.728,1.319,0.885,1.134,rt,
fataki,2026-08-01,0.97,0.687,1.293,0.852,1.102,rt,
fataki,2026-08-02,0.937,0.641,1.291,0.814,1.077,rt,
fataki,2026-08-03,0.902,0.592,1.299,0.767,1.053,rt,
fataki,2026-08-04,0.872,0.591,1.215,0.748,1.003,rt,
fataki,2026-08-05,0.842,0.584,1.156,0.726,0.958,rt,
fataki,2026-08-06,0.81,0.567,1.103,0.699,0.918,rt,
fataki,2026-08-07,0.771,0.536,1.054,0.667,0.883,rt,
fataki,2026-08-08,0.735,0.506,1.032,0.634,0.852,rt,
fataki,2026-08-09,0.703,0.467,1.007,0.597,0.825,rt,
fataki,2026-08-10,0.669,0.427,0.987,0.557,0.793,rt,
fataki,2026-08-11,0.641,0.423,0.928,0.539,0.757,rt,
fataki,2026-08-12,0.614,0.418,0.882,0.523,0.722,rt,
fataki,2026-08-13,0.59,0.4,0.848,0.506,0.693,rt,
fataki,2026-08-14,0.568,0.386,0.815,0.486,0.667,rt,
fataki,2026-08-15,0.545,0.361,0.795,0.462,0.643,rt,
fataki,2026-08-16,0.519,0.333,0.784,0.438,0.624,rt,
fataki,2026-08-17,0.504,0.313,0.786,0.418,0.606,rt,
fataki,2026-08-18,0.493,0.316,0.755,0.411,0.59,rt,
fataki,2026-08-19,0.483,0.31,0.717,0.403,0.573,rt,
fataki,2026-08-20,0.473,0.3,0.697,0.394,0.556,rt,
fataki,2026-08-21,0.461,0.289,0.681,0.385,0.548,rt,
fataki,2026-08-22,0.45,0.277,0.67,0.375,0.542,rt,
fataki,2026-08-23,0.439,0.266,0.668,0.362,0.531,rt,
fataki,2026-08-24,0.434,0.254,0.682,0.352,0.529,rt,
fataki,2026-08-25,0.441,0.267,0.674,0.363,0.528,rt,
fataki,2026-08-26,0.448,0.272,0.669,0.373,0.531,rt,
fataki,2026-08-27,0.456,0.279,0.669,0.38,0.534,rt,
fataki,2026-08-28,0.459,0.285,0.672,0.386,0.54,rt,
fataki,2026-08-29,0.464,0.285,0.684,0.387,0.548,rt,
fataki,2026-08-30,0.467,0.282,0.699,0.388,0.555,rt,
fataki,2026-08-31,0.464,0.275,0.72,0.385,0.558,rt,
fataki,2026-09-01,0.475,0.289,0.727,0.396,0.566,rt,
fataki,2026-09-02,0.488,0.302,0.741,0.407,0.569,rt,
fataki,2026-09-03,0.498,0.307,0.756,0.413,0.581,rt,
fataki,2026-09-04,0.506,0.312,0.772,0.419,0.592,rt,
fataki,2026-09-05,0.51,0.313,0.795,0.421,0.605,rt,
fataki,2026-09-06,0.513,0.307,0.841,0.421,0.62,rt,
fataki,2026-09-07,0.509,0.298,0.864,0.413,0.623,rt,
fataki,2026-09-08,0.505,0.301,0.828,0.41,0.616,rt,
fataki,2026-09-09,0.499,0.303,0.804,0.41,0.608,rt,
fataki,2026-09-10,0.495,0.303,0.787,0.406,0.603,rt,
fataki,2026-09-11,0.491,0.296,0.774,0.4,0.595,rt,
fataki,2026-09-12,0.483,0.288,0.781,0.391,0.591,rt,
fataki,2026-09-13,0.476,0.28,0.789,0.379,0.583,rt,
fataki,2026-09-14,0.466,0.265,0.796,0.369,0.576,rt,
fataki,2026-09-15,0.468,0.272,0.794,0.374,0.579,rt,
fataki,2026-09-16,0.47,0.278,0.788,0.377,0.585,rt,
fataki,2026-09-17,0.475,0.283,0.806,0.38,0.592,rt,
fataki,2026-09-18,0.478,0.285,0.821,0.38,0.602,rt,
fataki,2026-09-19,0.485,0.287,0.829,0.383,0.608,rt,
fataki,2026-09-20,0.489,0.281,0.876,0.383,0.623,rt,
fataki,2026-09-21,0.496,0.275,0.935,0.386,0.645,rt,
fataki,2026-09-22,0.502,0.284,0.936,0.394,0.642,rt,
fataki,2026-09-23,0.507,0.289,0.947,0.4,0.646,rt,
fataki,2026-09-24,0.512,0.293,0.978,0.406,0.653,rt,
fataki,2026-09-25,0.514,0.296,0.999,0.408,0.663,rt,
fataki,2026-09-26,0.519,0.295,1.024,0.41,0.666,rt,
fataki,2026-09-27,0.522,0.294,1.066,0.409,0.674,rt,
fataki,2026-09-28,0.529,0.285,1.092,0.407,0.687,rt,
fataki,2026-09-29,0.539,0.294,1.097,0.421,0.698,rt,
fataki,2026-09-30,0.547,0.289,1.149,0.424,0.715,rt,
fataki,2026-10-01,0.555,0.285,1.179,0.425,0.731,rt,
fataki,2026-10-02,0.562,0.278,1.248,0.424,0.736,rt,
gety,2026-07-12,1.142,1.024,1.266,1.094,1.194,rt,
gety,2026-07-13,1.134,1.011,1.265,1.082,1.191,rt,
gety,2026-07-14,1.131,1.013,1.255,1.084,1.183,rt,
gety,2026-07-15,1.13,1.013,1.248,1.082,1.177,rt,
gety,2026-07-16,1.126,1.013,1.246,1.079,1.172,rt,
gety,2026-07-17,1.122,1.009,1.239,1.076,1.166,rt,
gety,2026-07-18,1.115,1.002,1.237,1.067,1.161,rt,
gety,2026-07-19,1.106,0.988,1.234,1.056,1.158,rt,
gety,2026-07-20,1.102,0.974,1.24,1.048,1.155,rt,
gety,2026-07-21,1.095,0.979,1.221,1.045,1.145,rt,
gety,2026-07-22,1.088,0.98,1.205,1.043,1.135,rt,
gety,2026-07-23,1.081,0.973,1.198,1.036,1.128,rt,
gety,2026-07-24,1.079,0.977,1.189,1.034,1.121,rt,
gety,2026-07-25,1.074,0.974,1.181,1.028,1.116,rt,
gety,2026-07-26,1.065,0.963,1.182,1.02,1.111,rt,
gety,2026-07-27,1.062,0.951,1.188,1.013,1.114,rt,
gety,2026-07-28,1.063,0.958,1.179,1.017,1.111,rt,
gety,2026-07-29,1.062,0.96,1.175,1.016,1.107,rt,
gety,2026-07-30,1.058,0.953,1.172,1.012,1.103,rt,
gety,2026-07-31,1.049,0.943,1.158,1.005,1.09,rt,
gety,2026-08-01,1.038,0.93,1.147,0.994,1.079,rt,
gety,2026-08-02,1.025,0.905,1.141,0.979,1.069,rt,
gety,2026-08-03,1.006,0.879,1.134,0.959,1.055,rt,
gety,2026-08-04,1.001,0.88,1.121,0.955,1.048,rt,
gety,2026-08-05,0.995,0.883,1.112,0.949,1.039,rt,
gety,2026-08-06,0.986,0.876,1.104,0.94,1.033,rt,
gety,2026-08-07,0.974,0.873,1.083,0.931,1.019,rt,
gety,2026-08-08,0.961,0.859,1.068,0.919,1.007,rt,
gety,2026-08-09,0.947,0.842,1.055,0.902,0.992,rt,
gety,2026-08-10,0.926,0.813,1.039,0.881,0.974,rt,
gety,2026-08-11,0.919,0.812,1.024,0.874,0.961,rt,
gety,2026-08-12,0.91,0.808,1.011,0.867,0.95,rt,
gety,2026-08-13,0.901,0.802,1.002,0.858,0.94,rt,
gety,2026-08-14,0.892,0.797,0.988,0.849,0.928,rt,
gety,2026-08-15,0.879,0.786,0.976,0.84,0.918,rt,
gety,2026-08-16,0.866,0.769,0.966,0.827,0.905,rt,
gety,2026-08-17,0.863,0.757,0.967,0.82,0.905,rt,
gety,2026-08-18,0.864,0.763,0.966,0.822,0.904,rt,
gety,2026-08-19,0.864,0.763,0.967,0.822,0.905,rt,
gety,2026-08-20,0.863,0.763,0.971,0.821,0.905,rt,
gety,2026-08-21,0.866,0.768,0.966,0.826,0.908,rt,
gety,2026-08-22,0.868,0.767,0.966,0.827,0.908,rt,
gety,2026-08-23,0.869,0.764,0.968,0.824,0.909,rt,
gety,2026-08-24,0.877,0.768,0.986,0.832,0.922,rt,
gety,2026-08-25,0.893,0.788,1.001,0.849,0.937,rt,
gety,2026-08-26,0.909,0.805,1.017,0.864,0.952,rt,
gety,2026-08-27,0.922,0.818,1.033,0.878,0.968,rt,
gety,2026-08-28,0.937,0.834,1.04,0.894,0.979,rt,
gety,2026-08-29,0.949,0.848,1.055,0.906,0.989,rt,
gety,2026-08-30,0.957,0.857,1.069,0.916,0.998,rt,
gety,2026-08-31,0.955,0.843,1.074,0.912,1.0,rt,
gety,2026-09-01,0.961,0.858,1.08,0.921,1.007,rt,
gety,2026-09-02,0.97,0.872,1.089,0.927,1.015,rt,
gety,2026-09-03,0.976,0.875,1.099,0.931,1.024,rt,
gety,2026-09-04,0.979,0.879,1.096,0.933,1.026,rt,
gety,2026-09-05,0.976,0.873,1.095,0.933,1.026,rt,
gety,2026-09-06,0.974,0.863,1.098,0.928,1.023,rt,
gety,2026-09-07,0.953,0.839,1.079,0.903,1.004,rt,
gety,2026-09-08,0.936,0.819,1.065,0.886,0.986,rt,
gety,2026-09-09,0.918,0.799,1.048,0.866,0.97,rt,
gety,2026-09-10,0.899,0.777,1.032,0.845,0.953,rt,
gety,2026-09-11,0.879,0.756,1.009,0.826,0.932,rt,
gety,2026-09-12,0.857,0.733,0.986,0.802,0.909,rt,
gety,2026-09-13,0.831,0.704,0.968,0.776,0.886,rt,
gety,2026-09-14,0.804,0.668,0.946,0.745,0.865,rt,
gety,2026-09-15,0.794,0.658,0.939,0.734,0.852,rt,
gety,2026-09-16,0.784,0.653,0.933,0.722,0.842,rt,
gety,2026-09-17,0.777,0.641,0.927,0.713,0.836,rt,
gety,2026-09-18,0.771,0.628,0.923,0.704,0.831,rt,
gety,2026-09-19,0.762,0.612,0.926,0.693,0.828,rt,
gety,2026-09-20,0.753,0.595,0.932,0.681,0.825,rt,
gety,2026-09-21,0.754,0.581,0.945,0.677,0.831,rt,
gety,2026-09-22,0.753,0.574,0.952,0.674,0.83,rt,
gety,2026-09-23,0.753,0.563,0.964,0.671,0.831,rt,
gety,2026-09-24,0.75,0.559,0.972,0.664,0.833,rt,
gety,2026-09-25,0.746,0.551,0.977,0.658,0.83,rt,
gety,2026-09-26,0.74,0.537,0.981,0.649,0.83,rt,
gety,2026-09-27,0.733,0.519,0.993,0.636,0.83,rt,
gety,2026-09-28,0.728,0.503,1.006,0.628,0.832,rt,
gety,2026-09-29,0.725,0.5,1.016,0.631,0.834,rt,
gety,2026-09-30,0.727,0.487,1.026,0.625,0.846,rt,
gety,2026-10-01,0.727,0.489,1.008,0.624,0.838,rt,
gety,2026-10-02,0.725,0.472,1.006,0.619,0.829,rt,
kambala,2026-08-09,0.959,0.844,1.071,0.913,1.005,rt,
kambala,2026-08-10,0.939,0.817,1.056,0.892,0.987,rt,
kambala,2026-08-11,0.93,0.818,1.043,0.885,0.974,rt,
kambala,2026-08-12,0.921,0.814,1.03,0.879,0.964,rt,
kambala,2026-08-13,0.91,0.809,1.018,0.87,0.954,rt,
kambala,2026-08-14,0.901,0.802,1.001,0.861,0.941,rt,
kambala,2026-08-15,0.89,0.792,0.991,0.849,0.929,rt,
kambala,2026-08-16,0.879,0.776,0.981,0.836,0.917,rt,
kambala,2026-08-17,0.875,0.765,0.984,0.826,0.917,rt,
kambala,2026-08-18,0.874,0.767,0.98,0.831,0.917,rt,
kambala,2026-08-19,0.873,0.768,0.98,0.83,0.917,rt,
kambala,2026-08-20,0.873,0.766,0.982,0.831,0.917,rt,
kambala,2026-08-21,0.876,0.775,0.979,0.835,0.918,rt,
kambala,2026-08-22,0.879,0.773,0.982,0.837,0.921,rt,
kambala,2026-08-23,0.878,0.769,0.983,0.833,0.92,rt,
kambala,2026-08-24,0.89,0.774,1.0,0.843,0.935,rt,
kambala,2026-08-25,0.906,0.793,1.019,0.859,0.95,rt,
kambala,2026-08-26,0.922,0.81,1.032,0.875,0.966,rt,
kambala,2026-08-27,0.936,0.827,1.051,0.892,0.982,rt,
kambala,2026-08-28,0.95,0.846,1.059,0.907,0.993,rt,
kambala,2026-08-29,0.962,0.858,1.072,0.92,1.005,rt,
kambala,2026-08-30,0.973,0.866,1.083,0.931,1.018,rt,
kambala,2026-08-31,0.972,0.861,1.089,0.927,1.019,rt,
kambala,2026-09-01,0.979,0.873,1.094,0.934,1.025,rt,
kambala,2026-09-02,0.986,0.881,1.106,0.941,1.033,rt,
kambala,2026-09-03,0.991,0.886,1.118,0.946,1.041,rt,
kambala,2026-09-04,0.993,0.887,1.113,0.948,1.044,rt,
kambala,2026-09-05,0.993,0.882,1.111,0.946,1.042,rt,
kambala,2026-09-06,0.987,0.874,1.111,0.94,1.036,rt,
kambala,2026-09-07,0.966,0.848,1.098,0.915,1.017,rt,
kambala,2026-09-08,0.949,0.827,1.078,0.899,0.999,rt,
kambala,2026-09-09,0.93,0.806,1.059,0.88,0.982,rt,
kambala,2026-09-10,0.909,0.781,1.045,0.858,0.964,rt,
kambala,2026-09-11,0.887,0.766,1.02,0.835,0.943,rt,
kambala,2026-09-12,0.865,0.743,0.999,0.81,0.919,rt,
kambala,2026-09-13,0.839,0.713,0.977,0.784,0.895,rt,
kambala,2026-09-14,0.812,0.679,0.962,0.755,0.874,rt,
kambala,2026-09-15,0.8,0.671,0.954,0.745,0.862,rt,
kambala,2026-09-16,0.791,0.662,0.947,0.733,0.853,rt,
kambala,2026-09-17,0.783,0.648,0.941,0.723,0.847,rt,
kambala,2026-09-18,0.775,0.633,0.941,0.713,0.841,rt,
kambala,2026-09-19,0.768,0.62,0.938,0.701,0.837,rt,
kambala,2026-09-20,0.76,0.601,0.94,0.691,0.833,rt,
kambala,2026-09-21,0.758,0.588,0.955,0.685,0.838,rt,
kambala,2026-09-22,0.761,0.583,0.963,0.682,0.838,rt,
kambala,2026-09-23,0.759,0.577,0.972,0.678,0.84,rt,
kambala,2026-09-24,0.756,0.567,0.982,0.673,0.843,rt,
kambala,2026-09-25,0.752,0.563,0.989,0.665,0.839,rt,
kambala,2026-09-26,0.747,0.547,0.992,0.655,0.838,rt,
kambala,2026-09-27,0.741,0.527,1.002,0.642,0.839,rt,
kambala,2026-09-28,0.733,0.515,1.015,0.633,0.839,rt,
kambala,2026-09-29,0.733,0.511,1.023,0.636,0.847,rt,
kambala,2026-09-30,0.736,0.501,1.032,0.636,0.856,rt,
kambala,2026-10-01,0.735,0.498,1.027,0.631,0.853,rt,
kambala,2026-10-02,0.733,0.482,1.018,0.625,0.846,rt,
kilo,2026-05-31,1.084,0.711,1.622,0.911,1.291,rt,
kilo,2026-06-01,1.083,0.704,1.643,0.911,1.289,rt,
kilo,2026-06-02,1.101,0.731,1.643,0.935,1.3,rt,
kilo,2026-06-03,1.112,0.758,1.646,0.954,1.313,rt,
kilo,2026-06-04,1.129,0.78,1.665,0.974,1.324,rt,
kilo,2026-06-05,1.133,0.788,1.665,0.986,1.334,rt,
kilo,2026-06-06,1.141,0.794,1.7,0.987,1.334,rt,
kilo,2026-06-07,1.138,0.783,1.715,0.974,1.339,rt,
kilo,2026-06-08,1.135,0.756,1.763,0.962,1.347,rt,
kilo,2026-06-09,1.138,0.771,1.7,0.973,1.335,rt,
kilo,2026-06-10,1.129,0.783,1.666,0.978,1.318,rt,
kilo,2026-06-11,1.121,0.785,1.641,0.973,1.304,rt,
kilo,2026-06-12,1.113,0.783,1.623,0.968,1.302,rt,
kilo,2026-06-13,1.107,0.774,1.618,0.961,1.301,rt,
kilo,2026-06-14,1.101,0.764,1.628,0.949,1.296,rt,
kilo,2026-06-15,1.098,0.743,1.639,0.938,1.291,rt,
kilo,2026-06-16,1.102,0.766,1.6,0.951,1.282,rt,
kilo,2026-06-17,1.104,0.785,1.563,0.959,1.277,rt,
kilo,2026-06-18,1.102,0.802,1.565,0.96,1.268,rt,
kilo,2026-06-19,1.102,0.799,1.558,0.963,1.273,rt,
kilo,2026-06-20,1.1,0.792,1.561,0.958,1.274,rt,
kilo,2026-06-21,1.096,0.778,1.597,0.951,1.289,rt,
kilo,2026-06-22,1.106,0.768,1.647,0.95,1.311,rt,
kilo,2026-06-23,1.117,0.794,1.617,0.965,1.306,rt,
kilo,2026-06-24,1.127,0.815,1.593,0.98,1.303,rt,
kilo,2026-06-25,1.14,0.83,1.588,0.992,1.305,rt,
kilo,2026-06-26,1.146,0.83,1.596,1.0,1.311,rt,
kilo,2026-06-27,1.154,0.829,1.626,1.005,1.316,rt,
kilo,2026-06-28,1.158,0.812,1.664,1.008,1.325,rt,
kilo,2026-06-29,1.144,0.784,1.677,0.984,1.321,rt,
kilo,2026-06-30,1.133,0.8,1.611,0.981,1.295,rt,
kilo,2026-07-01,1.124,0.8,1.573,0.981,1.276,rt,
kilo,2026-07-02,1.113,0.8,1.544,0.974,1.263,rt,
kilo,2026-07-03,1.104,0.794,1.516,0.969,1.248,rt,
kilo,2026-07-04,1.095,0.777,1.517,0.958,1.246,rt,
kilo,2026-07-05,1.086,0.761,1.528,0.945,1.254,rt,
kilo,2026-07-06,1.077,0.728,1.551,0.927,1.258,rt,
kilo,2026-07-07,1.077,0.745,1.5,0.934,1.244,rt,
kilo,2026-07-08,1.075,0.756,1.479,0.941,1.231,rt,
kilo,2026-07-09,1.071,0.763,1.47,0.941,1.215,rt,
kilo,2026-07-10,1.071,0.76,1.462,0.937,1.213,rt,
kilo,2026-07-11,1.062,0.756,1.469,0.925,1.218,rt,
kilo,2026-07-12,1.062,0.742,1.487,0.914,1.22,rt,
kilo,2026-07-13,1.047,0.721,1.513,0.894,1.221,rt,
kilo,2026-07-14,1.033,0.738,1.455,0.896,1.192,rt,
kilo,2026-07-15,1.021,0.734,1.424,0.894,1.17,rt,
kilo,2026-07-16,1.013,0.724,1.402,0.888,1.153,rt,
kilo,2026-07-17,1.001,0.715,1.388,0.875,1.141,rt,
kilo,2026-07-18,0.987,0.697,1.393,0.863,1.133,rt,
kilo,2026-07-19,0.971,0.68,1.392,0.839,1.123,rt,
kilo,2026-07-20,0.961,0.654,1.412,0.821,1.124,rt,
kilo,2026-07-21,0.949,0.669,1.355,0.818,1.102,rt,
kilo,2026-07-22,0.935,0.669,1.309,0.813,1.08,rt,
kilo,2026-07-23,0.92,0.655,1.274,0.803,1.057,rt,
kilo,2026-07-24,0.908,0.655,1.241,0.796,1.038,rt,
kilo,2026-07-25,0.898,0.644,1.241,0.786,1.024,rt,
kilo,2026-07-26,0.885,0.625,1.232,0.768,1.012,rt,
kilo,2026-07-27,0.876,0.588,1.251,0.749,1.011,rt,
kilo,2026-07-28,0.873,0.598,1.214,0.754,0.997,rt,
kilo,2026-07-29,0.869,0.605,1.192,0.757,0.986,rt,
kilo,2026-07-30,0.868,0.608,1.184,0.755,0.984,rt,
kilo,2026-07-31,0.855,0.599,1.182,0.744,0.974,rt,
kilo,2026-08-01,0.841,0.581,1.171,0.73,0.965,rt,
kilo,2026-08-02,0.828,0.561,1.18,0.712,0.958,rt,
kilo,2026-08-03,0.81,0.54,1.197,0.691,0.948,rt,
kilo,2026-08-04,0.804,0.545,1.165,0.695,0.936,rt,
kilo,2026-08-05,0.8,0.548,1.141,0.693,0.925,rt,
kilo,2026-08-06,0.795,0.551,1.12,0.693,0.914,rt,
kilo,2026-08-07,0.785,0.547,1.095,0.682,0.904,rt,
kilo,2026-08-08,0.773,0.533,1.081,0.672,0.896,rt,
kilo,2026-08-09,0.764,0.518,1.085,0.656,0.893,rt,
kilo,2026-08-10,0.75,0.498,1.085,0.637,0.878,rt,
kilo,2026-08-11,0.743,0.5,1.056,0.632,0.862,rt,
kilo,2026-08-12,0.733,0.499,1.04,0.628,0.848,rt,
kilo,2026-08-13,0.723,0.492,1.022,0.622,0.837,rt,
kilo,2026-08-14,0.712,0.484,1.017,0.615,0.828,rt,
kilo,2026-08-15,0.697,0.467,1.016,0.601,0.824,rt,
kilo,2026-08-16,0.688,0.446,1.025,0.584,0.818,rt,
kilo,2026-08-17,0.687,0.431,1.045,0.576,0.817,rt,
kilo,2026-08-18,0.685,0.445,1.019,0.58,0.811,rt,
kilo,2026-08-19,0.686,0.442,1.007,0.581,0.81,rt,
kilo,2026-08-20,0.689,0.451,0.996,0.583,0.808,rt,
kilo,2026-08-21,0.693,0.453,1.002,0.585,0.813,rt,
kilo,2026-08-22,0.695,0.452,1.013,0.585,0.818,rt,
kilo,2026-08-23,0.696,0.442,1.036,0.578,0.83,rt,
kilo,2026-08-24,0.703,0.432,1.074,0.58,0.848,rt,
kilo,2026-08-25,0.721,0.456,1.07,0.599,0.861,rt,
kilo,2026-08-26,0.735,0.472,1.078,0.617,0.876,rt,
kilo,2026-08-27,0.752,0.487,1.099,0.631,0.891,rt,
kilo,2026-08-28,0.766,0.499,1.119,0.648,0.906,rt,
kilo,2026-08-29,0.783,0.504,1.155,0.654,0.925,rt,
kilo,2026-08-30,0.794,0.502,1.185,0.661,0.946,rt,
kilo,2026-08-31,0.799,0.488,1.223,0.655,0.954,rt,
kilo,2026-09-01,0.816,0.509,1.223,0.676,0.967,rt,
kilo,2026-09-02,0.829,0.527,1.237,0.694,0.982,rt,
kilo,2026-09-03,0.841,0.537,1.266,0.707,0.998,rt,
kilo,2026-09-04,0.848,0.543,1.29,0.717,1.009,rt,
kilo,2026-09-05,0.85,0.544,1.317,0.718,1.025,rt,
kilo,2026-09-06,0.852,0.546,1.34,0.715,1.034,rt,
kilo,2026-09-07,0.841,0.528,1.351,0.701,1.028,rt,
kilo,2026-09-08,0.83,0.531,1.334,0.695,1.014,rt,
kilo,2026-09-09,0.822,0.526,1.308,0.682,0.998,rt,
kilo,2026-09-10,0.811,0.52,1.279,0.67,0.972,rt,
kilo,2026-09-11,0.793,0.504,1.283,0.658,0.959,rt,
kilo,2026-09-12,0.776,0.482,1.257,0.641,0.944,rt,
kilo,2026-09-13,0.756,0.462,1.243,0.621,0.929,rt,
kilo,2026-09-14,0.734,0.445,1.235,0.601,0.913,rt,
kilo,2026-09-15,0.735,0.449,1.223,0.6,0.907,rt,
kilo,2026-09-16,0.733,0.455,1.217,0.597,0.902,rt,
kilo,2026-09-17,0.739,0.459,1.215,0.602,0.899,rt,
kilo,2026-09-18,0.736,0.46,1.245,0.601,0.901,rt,
kilo,2026-09-19,0.734,0.459,1.262,0.599,0.913,rt,
kilo,2026-09-20,0.735,0.447,1.303,0.597,0.926,rt,
kilo,2026-09-21,0.741,0.436,1.36,0.594,0.947,rt,
kilo,2026-09-22,0.743,0.439,1.335,0.594,0.948,rt,
kilo,2026-09-23,0.744,0.436,1.331,0.598,0.941,rt,
kilo,2026-09-24,0.744,0.433,1.324,0.596,0.941,rt,
kilo,2026-09-25,0.741,0.421,1.322,0.589,0.942,rt,
kilo,2026-09-26,0.738,0.41,1.35,0.576,0.942,rt,
kilo,2026-09-27,0.732,0.392,1.367,0.562,0.944,rt,
kilo,2026-09-28,0.728,0.367,1.403,0.546,0.948,rt,
kilo,2026-09-29,0.733,0.371,1.407,0.56,0.947,rt,
kilo,2026-09-30,0.729,0.356,1.409,0.56,0.947,rt,
kilo,2026-10-01,0.725,0.346,1.416,0.55,0.942,rt,
kilo,2026-10-02,0.717,0.332,1.446,0.532,0.943,rt,
komanda,2026-05-27,1.748,1.045,2.816,1.423,2.141,rt,
komanda,2026-05-28,1.77,1.089,2.815,1.456,2.164,rt,
komanda,2026-05-29,1.798,1.11,2.829,1.487,2.176,rt,
komanda,2026-05-30,1.819,1.133,2.878,1.5,2.203,rt,
komanda,2026-05-31,1.853,1.131,2.922,1.49,2.262,rt,
komanda,2026-06-01,1.874,1.124,3.105,1.495,2.328,rt,
komanda,2026-06-02,1.872,1.176,2.976,1.529,2.282,rt,
komanda,2026-06-03,1.874,1.203,2.925,1.554,2.241,rt,
komanda,2026-06-04,1.869,1.22,2.848,1.568,2.208,rt,
komanda,2026-06-05,1.848,1.223,2.83,1.567,2.182,rt,
komanda,2026-06-06,1.829,1.178,2.82,1.54,2.167,rt,
komanda,2026-06-07,1.805,1.119,2.887,1.502,2.149,rt,
komanda,2026-06-08,1.765,1.066,2.908,1.448,2.16,rt,
komanda,2026-06-09,1.708,1.084,2.702,1.415,2.066,rt,
komanda,2026-06-10,1.647,1.095,2.526,1.388,1.965,rt,
komanda,2026-06-11,1.586,1.08,2.416,1.36,1.882,rt,
komanda,2026-06-12,1.538,1.038,2.301,1.319,1.825,rt,
komanda,2026-06-13,1.489,0.997,2.253,1.261,1.783,rt,
komanda,2026-06-14,1.434,0.926,2.267,1.203,1.749,rt,
komanda,2026-06-15,1.394,0.844,2.293,1.144,1.721,rt,
komanda,2026-06-16,1.359,0.846,2.111,1.132,1.638,rt,
komanda,2026-06-17,1.322,0.861,1.982,1.118,1.563,rt,
komanda,2026-06-18,1.285,0.845,1.875,1.095,1.507,rt,
komanda,2026-06-19,1.248,0.818,1.827,1.066,1.466,rt,
komanda,2026-06-20,1.211,0.787,1.811,1.026,1.426,rt,
komanda,2026-06-21,1.172,0.737,1.822,0.983,1.406,rt,
komanda,2026-06-22,1.146,0.687,1.854,0.941,1.403,rt,
komanda,2026-06-23,1.124,0.7,1.726,0.944,1.35,rt,
komanda,2026-06-24,1.111,0.708,1.651,0.939,1.305,rt,
komanda,2026-06-25,1.094,0.714,1.581,0.926,1.267,rt,
komanda,2026-06-26,1.069,0.709,1.539,0.909,1.242,rt,
komanda,2026-06-27,1.044,0.686,1.527,0.881,1.238,rt,
komanda,2026-06-28,1.023,0.638,1.549,0.855,1.221,rt,
komanda,2026-06-29,0.987,0.59,1.538,0.814,1.186,rt,
komanda,2026-06-30,0.988,0.614,1.475,0.83,1.162,rt,
komanda,2026-07-01,0.991,0.641,1.428,0.838,1.151,rt,
komanda,2026-07-02,0.993,0.651,1.395,0.839,1.147,rt,
komanda,2026-07-03,0.989,0.652,1.383,0.843,1.159,rt,
komanda,2026-07-04,0.992,0.642,1.4,0.839,1.166,rt,
komanda,2026-07-05,1.0,0.627,1.464,0.822,1.174,rt,
komanda,2026-07-06,1.013,0.598,1.538,0.812,1.197,rt,
komanda,2026-07-07,1.044,0.659,1.523,0.861,1.217,rt,
komanda,2026-07-08,1.073,0.708,1.516,0.906,1.246,rt,
komanda,2026-07-09,1.108,0.748,1.529,0.951,1.276,rt,
komanda,2026-07-10,1.139,0.787,1.604,0.988,1.318,rt,
komanda,2026-07-11,1.174,0.811,1.701,1.012,1.366,rt,
komanda,2026-07-12,1.208,0.812,1.8,1.036,1.428,rt,
komanda,2026-07-13,1.235,0.801,1.947,1.04,1.482,rt,
komanda,2026-07-14,1.262,0.855,1.885,1.073,1.473,rt,
komanda,2026-07-15,1.282,0.888,1.836,1.11,1.475,rt,
komanda,2026-07-16,1.302,0.91,1.8,1.135,1.482,rt,
komanda,2026-07-17,1.318,0.928,1.831,1.155,1.517,rt,
komanda,2026-07-18,1.34,0.917,1.89,1.165,1.541,rt,
komanda,2026-07-19,1.357,0.892,1.981,1.155,1.58,rt,
komanda,2026-07-20,1.375,0.869,2.132,1.153,1.624,rt,
komanda,2026-07-21,1.399,0.936,2.039,1.201,1.622,rt,
komanda,2026-07-22,1.419,0.992,2.011,1.236,1.625,rt,
komanda,2026-07-23,1.437,1.028,2.002,1.272,1.637,rt,
komanda,2026-07-24,1.473,1.055,2.027,1.296,1.667,rt,
komanda,2026-07-25,1.501,1.054,2.092,1.318,1.697,rt,
komanda,2026-07-26,1.528,1.045,2.196,1.318,1.752,rt,
komanda,2026-07-27,1.564,1.01,2.342,1.328,1.829,rt,
komanda,2026-07-28,1.595,1.104,2.287,1.38,1.829,rt,
komanda,2026-07-29,1.629,1.168,2.225,1.433,1.836,rt,
komanda,2026-07-30,1.647,1.231,2.201,1.467,1.856,rt,
komanda,2026-07-31,1.663,1.251,2.225,1.489,1.874,rt,
komanda,2026-08-01,1.678,1.242,2.292,1.494,1.893,rt,
komanda,2026-08-02,1.695,1.203,2.407,1.482,1.945,rt,
komanda,2026-08-03,1.703,1.152,2.513,1.458,1.983,rt,
komanda,2026-08-04,1.732,1.231,2.437,1.507,1.978,rt,
komanda,2026-08-05,1.756,1.272,2.38,1.563,1.972,rt,
komanda,2026-08-06,1.775,1.328,2.366,1.599,1.994,rt,
komanda,2026-08-07,1.785,1.345,2.397,1.598,2.003,rt,
komanda,2026-08-08,1.791,1.333,2.477,1.595,2.032,rt,
komanda,2026-08-09,1.793,1.293,2.575,1.574,2.067,rt,
komanda,2026-08-10,1.788,1.236,2.725,1.545,2.103,rt,
komanda,2026-08-11,1.767,1.292,2.511,1.543,2.023,rt,
komanda,2026-08-12,1.745,1.319,2.389,1.54,1.966,rt,
komanda,2026-08-13,1.715,1.314,2.305,1.534,1.918,rt,
komanda,2026-08-14,1.679,1.275,2.255,1.507,1.889,rt,
komanda,2026-08-15,1.644,1.223,2.232,1.467,1.866,rt,
komanda,2026-08-16,1.611,1.153,2.278,1.411,1.854,rt,
komanda,2026-08-17,1.593,1.089,2.38,1.363,1.858,rt,
komanda,2026-08-18,1.498,1.082,2.128,1.311,1.726,rt,
komanda,2026-08-19,1.407,1.051,1.909,1.252,1.597,rt,
komanda,2026-08-20,1.326,1.002,1.767,1.18,1.493,rt,
komanda,2026-08-21,1.249,0.942,1.643,1.114,1.407,rt,
komanda,2026-08-22,1.177,0.875,1.566,1.04,1.334,rt,
komanda,2026-08-23,1.106,0.792,1.516,0.958,1.27,rt,
komanda,2026-08-24,1.053,0.705,1.507,0.892,1.223,rt,
komanda,2026-08-25,1.02,0.71,1.414,0.879,1.163,rt,
komanda,2026-08-26,0.99,0.707,1.303,0.869,1.109,rt,
komanda,2026-08-27,0.956,0.693,1.226,0.846,1.065,rt,
komanda,2026-08-28,0.926,0.673,1.187,0.816,1.021,rt,
komanda,2026-08-29,0.892,0.637,1.161,0.778,0.99,rt,
komanda,2026-08-30,0.854,0.591,1.145,0.736,0.962,rt,
komanda,2026-08-31,0.809,0.532,1.147,0.689,0.932,rt,
komanda,2026-09-01,0.812,0.567,1.098,0.709,0.919,rt,
komanda,2026-09-02,0.817,0.598,1.069,0.726,0.913,rt,
komanda,2026-09-03,0.819,0.607,1.058,0.73,0.917,rt,
komanda,2026-09-04,0.821,0.605,1.058,0.73,0.915,rt,
komanda,2026-09-05,0.817,0.598,1.076,0.722,0.915,rt,
komanda,2026-09-06,0.81,0.577,1.096,0.709,0.927,rt,
komanda,2026-09-07,0.787,0.538,1.112,0.678,0.921,rt,
komanda,2026-09-08,0.777,0.547,1.064,0.681,0.893,rt,
komanda,2026-09-09,0.768,0.553,1.039,0.677,0.869,rt,
komanda,2026-09-10,0.756,0.546,1.011,0.669,0.859,rt,
komanda,2026-09-11,0.744,0.533,1.002,0.654,0.841,rt,
komanda,2026-09-12,0.73,0.505,0.998,0.632,0.827,rt,
komanda,2026-09-13,0.712,0.472,1.012,0.603,0.821,rt,
komanda,2026-09-14,0.688,0.432,1.015,0.573,0.814,rt,
komanda,2026-09-15,0.673,0.419,0.984,0.56,0.788,rt,
komanda,2026-09-16,0.661,0.412,0.962,0.548,0.772,rt,
komanda,2026-09-17,0.646,0.391,0.949,0.53,0.762,rt,
komanda,2026-09-18,0.639,0.375,0.946,0.513,0.754,rt,
komanda,2026-09-19,0.624,0.35,0.961,0.492,0.75,rt,
komanda,2026-09-20,0.606,0.329,0.987,0.475,0.752,rt,
komanda,2026-09-21,0.598,0.306,1.029,0.462,0.762,rt,
komanda,2026-09-22,0.598,0.307,1.022,0.458,0.754,rt,
komanda,2026-09-23,0.592,0.304,1.03,0.457,0.757,rt,
komanda,2026-09-24,0.585,0.295,1.045,0.455,0.759,rt,
komanda,2026-09-25,0.575,0.29,1.056,0.448,0.759,rt,
komanda,2026-09-26,0.57,0.275,1.104,0.436,0.764,rt,
komanda,2026-09-27,0.563,0.258,1.137,0.42,0.772,rt,
komanda,2026-09-28,0.559,0.245,1.174,0.404,0.774,rt,
komanda,2026-09-29,0.565,0.255,1.183,0.412,0.768,rt,
komanda,2026-09-30,0.568,0.248,1.175,0.408,0.77,rt,
komanda,2026-10-01,0.565,0.237,1.207,0.407,0.78,rt,
komanda,2026-10-02,0.564,0.221,1.245,0.398,0.792,rt,
lita,2026-05-23,1.707,1.156,2.551,1.464,1.999,rt,
lita,2026-05-24,1.661,1.098,2.513,1.412,1.958,rt,
lita,2026-05-25,1.608,1.021,2.486,1.349,1.917,rt,
lita,2026-05-26,1.607,1.056,2.396,1.37,1.903,rt,
lita,2026-05-27,1.611,1.093,2.376,1.391,1.896,rt,
lita,2026-05-28,1.627,1.118,2.333,1.408,1.879,rt,
lita,2026-05-29,1.641,1.137,2.331,1.413,1.88,rt,
lita,2026-05-30,1.652,1.139,2.341,1.421,1.897,rt,
lita,2026-05-31,1.665,1.137,2.353,1.422,1.919,rt,
lita,2026-06-01,1.675,1.114,2.441,1.43,1.952,rt,
lita,2026-06-02,1.735,1.201,2.455,1.512,2.0,rt,
lita,2026-06-03,1.795,1.307,2.476,1.594,2.052,rt,
lita,2026-06-04,1.856,1.388,2.522,1.659,2.097,rt,
lita,2026-06-05,1.903,1.442,2.566,1.715,2.156,rt,
lita,2026-06-06,1.952,1.479,2.636,1.748,2.204,rt,
lita,2026-06-07,1.993,1.486,2.734,1.765,2.254,rt,
lita,2026-06-08,2.022,1.488,2.838,1.783,2.311,rt,
lita,2026-06-09,2.015,1.517,2.762,1.793,2.274,rt,
lita,2026-06-10,1.999,1.537,2.668,1.793,2.234,rt,
lita,2026-06-11,1.975,1.529,2.617,1.775,2.209,rt,
lita,2026-06-12,1.953,1.525,2.591,1.772,2.179,rt,
lita,2026-06-13,1.931,1.501,2.594,1.752,2.153,rt,
lita,2026-06-14,1.909,1.457,2.596,1.717,2.14,rt,
lita,2026-06-15,1.885,1.411,2.615,1.683,2.13,rt,
lita,2026-06-16,1.839,1.412,2.498,1.65,2.058,rt,
lita,2026-06-17,1.788,1.402,2.395,1.617,1.99,rt,
lita,2026-06-18,1.742,1.37,2.279,1.579,1.927,rt,
lita,2026-06-19,1.697,1.34,2.202,1.538,1.877,rt,
lita,2026-06-20,1.658,1.289,2.147,1.495,1.826,rt,
lita,2026-06-21,1.615,1.224,2.1,1.446,1.782,rt,
lita,2026-06-22,1.582,1.164,2.101,1.406,1.762,rt,
lita,2026-06-23,1.574,1.197,2.038,1.418,1.742,rt,
lita,2026-06-24,1.567,1.215,1.993,1.431,1.723,rt,
lita,2026-06-25,1.563,1.234,1.954,1.435,1.713,rt,
lita,2026-06-26,1.554,1.246,1.941,1.43,1.69,rt,
lita,2026-06-27,1.549,1.238,1.936,1.417,1.681,rt,
lita,2026-06-28,1.537,1.215,1.947,1.409,1.678,rt,
lita,2026-06-29,1.509,1.169,1.936,1.371,1.652,rt,
lita,2026-06-30,1.481,1.175,1.859,1.355,1.607,rt,
lita,2026-07-01,1.454,1.181,1.796,1.34,1.573,rt,
lita,2026-07-02,1.432,1.173,1.747,1.326,1.542,rt,
lita,2026-07-03,1.413,1.155,1.733,1.306,1.52,rt,
lita,2026-07-04,1.392,1.125,1.716,1.281,1.507,rt,
lita,2026-07-05,1.369,1.085,1.714,1.252,1.496,rt,
lita,2026-07-06,1.354,1.048,1.74,1.22,1.494,rt,
lita,2026-07-07,1.333,1.061,1.669,1.217,1.462,rt,
lita,2026-07-08,1.32,1.064,1.62,1.207,1.435,rt,
lita,2026-07-09,1.295,1.05,1.587,1.191,1.408,rt,
lita,2026-07-10,1.277,1.039,1.557,1.172,1.384,rt,
lita,2026-07-11,1.256,1.011,1.547,1.149,1.368,rt,
lita,2026-07-12,1.234,0.975,1.546,1.127,1.348,rt,
lita,2026-07-13,1.205,0.925,1.552,1.093,1.333,rt,
lita,2026-07-14,1.191,0.933,1.501,1.084,1.303,rt,
lita,2026-07-15,1.171,0.938,1.457,1.076,1.279,rt,
lita,2026-07-16,1.156,0.928,1.426,1.057,1.261,rt,
lita,2026-07-17,1.14,0.912,1.396,1.038,1.24,rt,
lita,2026-07-18,1.123,0.89,1.39,1.017,1.223,rt,
lita,2026-07-19,1.1,0.852,1.388,0.99,1.206,rt,
lita,2026-07-20,1.082,0.818,1.397,0.964,1.197,rt,
lita,2026-07-21,1.064,0.826,1.349,0.967,1.17,rt,
lita,2026-07-22,1.052,0.84,1.313,0.964,1.147,rt,
lita,2026-07-23,1.04,0.845,1.281,0.958,1.125,rt,
lita,2026-07-24,1.033,0.84,1.263,0.949,1.114,rt,
lita,2026-07-25,1.021,0.832,1.262,0.94,1.107,rt,
lita,2026-07-26,1.008,0.809,1.265,0.925,1.102,rt,
lita,2026-07-27,1.001,0.783,1.28,0.905,1.104,rt,
lita,2026-07-28,1.011,0.813,1.265,0.929,1.105,rt,
lita,2026-07-29,1.022,0.839,1.255,0.946,1.111,rt,
lita,2026-07-30,1.028,0.85,1.251,0.958,1.117,rt,
lita,2026-07-31,1.032,0.854,1.247,0.956,1.117,rt,
lita,2026-08-01,1.033,0.846,1.258,0.958,1.122,rt,
lita,2026-08-02,1.03,0.829,1.285,0.952,1.127,rt,
lita,2026-08-03,1.025,0.798,1.308,0.935,1.128,rt,
lita,2026-08-04,1.025,0.818,1.283,0.944,1.123,rt,
lita,2026-08-05,1.024,0.826,1.263,0.945,1.116,rt,
lita,2026-08-06,1.022,0.829,1.251,0.94,1.114,rt,
lita,2026-08-07,1.016,0.828,1.239,0.93,1.1,rt,
lita,2026-08-08,1.005,0.811,1.233,0.918,1.094,rt,
lita,2026-08-09,0.993,0.79,1.237,0.903,1.093,rt,
lita,2026-08-10,0.975,0.757,1.239,0.878,1.081,rt,
lita,2026-08-11,0.964,0.767,1.195,0.877,1.057,rt,
lita,2026-08-12,0.954,0.769,1.168,0.869,1.037,rt,
lita,2026-08-13,0.939,0.768,1.151,0.865,1.02,rt,
lita,2026-08-14,0.925,0.755,1.14,0.854,1.006,rt,
lita,2026-08-15,0.91,0.737,1.124,0.839,0.996,rt,
lita,2026-08-16,0.895,0.708,1.13,0.818,0.99,rt,
lita,2026-08-17,0.887,0.684,1.154,0.801,0.995,rt,
lita,2026-08-18,0.892,0.707,1.129,0.813,0.989,rt,
lita,2026-08-19,0.894,0.722,1.12,0.823,0.984,rt,
lita,2026-08-20,0.898,0.726,1.106,0.825,0.986,rt,
lita,2026-08-21,0.905,0.732,1.105,0.829,0.986,rt,
lita,2026-08-22,0.908,0.728,1.115,0.829,0.994,rt,
lita,2026-08-23,0.906,0.715,1.132,0.823,0.998,rt,
lita,2026-08-24,0.92,0.703,1.18,0.823,1.021,rt,
lita,2026-08-25,0.921,0.718,1.158,0.834,1.012,rt,
lita,2026-08-26,0.924,0.731,1.141,0.841,1.004,rt,
lita,2026-08-27,0.919,0.733,1.134,0.839,1.001,rt,
lita,2026-08-28,0.917,0.732,1.135,0.838,1.001,rt,
lita,2026-08-29,0.914,0.721,1.145,0.829,1.005,rt,
lita,2026-08-30,0.907,0.697,1.168,0.811,1.006,rt,
lita,2026-08-31,0.894,0.661,1.176,0.786,0.998,rt,
lita,2026-09-01,0.88,0.668,1.14,0.778,0.978,rt,
lita,2026-09-02,0.865,0.673,1.107,0.777,0.962,rt,
lita,2026-09-03,0.852,0.663,1.092,0.769,0.951,rt,
lita,2026-09-04,0.838,0.651,1.076,0.752,0.929,rt,
lita,2026-09-05,0.821,0.624,1.061,0.731,0.911,rt,
lita,2026-09-06,0.806,0.593,1.051,0.708,0.898,rt,
lita,2026-09-07,0.77,0.544,1.031,0.668,0.871,rt,
lita,2026-09-08,0.746,0.538,0.986,0.655,0.84,rt,
lita,2026-09-09,0.724,0.525,0.956,0.643,0.818,rt,
lita,2026-09-10,0.704,0.514,0.936,0.629,0.794,rt,
lita,2026-09-11,0.68,0.493,0.915,0.606,0.771,rt,
lita,2026-09-12,0.656,0.469,0.903,0.577,0.753,rt,
lita,2026-09-13,0.63,0.436,0.889,0.548,0.731,rt,
lita,2026-09-14,0.605,0.401,0.887,0.514,0.706,rt,
lita,2026-09-15,0.607,0.405,0.867,0.521,0.706,rt,
lita,2026-09-16,0.607,0.407,0.865,0.526,0.704,rt,
lita,2026-09-17,0.611,0.4,0.885,0.527,0.707,rt,
lita,2026-09-18,0.614,0.396,0.897,0.524,0.713,rt,
lita,2026-09-19,0.612,0.391,0.921,0.522,0.724,rt,
lita,2026-09-20,0.614,0.378,0.955,0.512,0.74,rt,
lita,2026-09-21,0.621,0.367,1.003,0.505,0.765,rt,
lita,2026-09-22,0.622,0.365,1.002,0.506,0.767,rt,
lita,2026-09-23,0.626,0.37,1.01,0.503,0.768,rt,
lita,2026-09-24,0.625,0.362,1.025,0.499,0.769,rt,
lita,2026-09-25,0.622,0.352,1.048,0.492,0.769,rt,
lita,2026-09-26,0.616,0.332,1.058,0.483,0.779,rt,
lita,2026-09-27,0.614,0.31,1.086,0.469,0.785,rt,
lita,2026-09-28,0.608,0.291,1.112,0.46,0.788,rt,
lita,2026-09-29,0.615,0.296,1.113,0.454,0.8,rt,
lita,2026-09-30,0.606,0.292,1.134,0.457,0.809,rt,
lita,2026-10-01,0.606,0.276,1.16,0.45,0.812,rt,
lita,2026-10-02,0.597,0.248,1.195,0.442,0.81,rt,
logo,2026-06-18,1.287,1.086,1.53,1.201,1.381,rt,
logo,2026-06-19,1.282,1.086,1.504,1.195,1.368,rt,
logo,2026-06-20,1.275,1.081,1.49,1.188,1.359,rt,
logo,2026-06-21,1.264,1.073,1.485,1.18,1.347,rt,
logo,2026-06-22,1.266,1.071,1.485,1.179,1.349,rt,
logo,2026-06-23,1.26,1.076,1.457,1.178,1.336,rt,
logo,2026-06-24,1.25,1.077,1.443,1.172,1.326,rt,
logo,2026-06-25,1.24,1.073,1.429,1.168,1.315,rt,
logo,2026-06-26,1.228,1.065,1.406,1.158,1.303,rt,
logo,2026-06-27,1.216,1.05,1.39,1.146,1.29,rt,
logo,2026-06-28,1.203,1.04,1.377,1.131,1.278,rt,
logo,2026-06-29,1.175,1.008,1.356,1.103,1.247,rt,
logo,2026-06-30,1.157,1.003,1.32,1.09,1.222,rt,
logo,2026-07-01,1.138,0.994,1.295,1.076,1.199,rt,
logo,2026-07-02,1.122,0.982,1.274,1.062,1.179,rt,
logo,2026-07-03,1.105,0.973,1.249,1.048,1.16,rt,
logo,2026-07-04,1.09,0.96,1.235,1.037,1.143,rt,
logo,2026-07-05,1.077,0.943,1.22,1.02,1.128,rt,
logo,2026-07-06,1.066,0.919,1.219,1.005,1.122,rt,
logo,2026-07-07,1.068,0.934,1.21,1.012,1.121,rt,
logo,2026-07-08,1.072,0.944,1.209,1.018,1.124,rt,
logo,2026-07-09,1.076,0.949,1.212,1.021,1.129,rt,
logo,2026-07-10,1.079,0.952,1.209,1.027,1.13,rt,
logo,2026-07-11,1.081,0.953,1.213,1.028,1.136,rt,
logo,2026-07-12,1.082,0.949,1.221,1.027,1.137,rt,
logo,2026-07-13,1.077,0.938,1.219,1.019,1.136,rt,
logo,2026-07-14,1.076,0.946,1.209,1.022,1.132,rt,
logo,2026-07-15,1.075,0.947,1.206,1.022,1.127,rt,
logo,2026-07-16,1.073,0.945,1.202,1.021,1.126,rt,
logo,2026-07-17,1.07,0.942,1.2,1.02,1.123,rt,
logo,2026-07-18,1.066,0.94,1.201,1.014,1.12,rt,
logo,2026-07-19,1.061,0.931,1.202,1.007,1.116,rt,
logo,2026-07-20,1.057,0.922,1.206,1.0,1.114,rt,
logo,2026-07-21,1.055,0.926,1.188,1.001,1.108,rt,
logo,2026-07-22,1.048,0.928,1.172,0.998,1.1,rt,
logo,2026-07-23,1.041,0.926,1.161,0.995,1.092,rt,
logo,2026-07-24,1.04,0.929,1.154,0.994,1.089,rt,
logo,2026-07-25,1.038,0.926,1.152,0.991,1.085,rt,
logo,2026-07-26,1.031,0.918,1.151,0.984,1.081,rt,
logo,2026-07-27,1.03,0.909,1.161,0.982,1.083,rt,
logo,2026-07-28,1.031,0.919,1.152,0.983,1.078,rt,
logo,2026-07-29,1.03,0.921,1.15,0.983,1.076,rt,
logo,2026-07-30,1.029,0.917,1.149,0.981,1.074,rt,
logo,2026-07-31,1.022,0.909,1.141,0.975,1.064,rt,
logo,2026-08-01,1.01,0.897,1.131,0.963,1.055,rt,
logo,2026-08-02,0.998,0.876,1.121,0.95,1.046,rt,
logo,2026-08-03,0.982,0.851,1.114,0.931,1.032,rt,
logo,2026-08-04,0.976,0.851,1.102,0.93,1.025,rt,
logo,2026-08-05,0.97,0.854,1.097,0.926,1.017,rt,
logo,2026-08-06,0.964,0.849,1.087,0.92,1.011,rt,
logo,2026-08-07,0.952,0.846,1.065,0.91,0.998,rt,
logo,2026-08-08,0.94,0.836,1.049,0.896,0.983,rt,
logo,2026-08-09,0.927,0.82,1.041,0.882,0.971,rt,
logo,2026-08-10,0.906,0.796,1.023,0.859,0.955,rt,
logo,2026-08-11,0.898,0.794,1.006,0.854,0.943,rt,
logo,2026-08-12,0.889,0.789,0.993,0.848,0.932,rt,
logo,2026-08-13,0.881,0.779,0.984,0.841,0.924,rt,
logo,2026-08-14,0.87,0.773,0.97,0.832,0.912,rt,
logo,2026-08-15,0.86,0.763,0.961,0.822,0.901,rt,
logo,2026-08-16,0.848,0.747,0.95,0.807,0.889,rt,
logo,2026-08-17,0.845,0.737,0.952,0.8,0.889,rt,
logo,2026-08-18,0.846,0.74,0.956,0.802,0.887,rt,
logo,2026-08-19,0.846,0.743,0.954,0.802,0.889,rt,
logo,2026-08-20,0.846,0.742,0.956,0.802,0.89,rt,
logo,2026-08-21,0.849,0.748,0.954,0.807,0.892,rt,
logo,2026-08-22,0.852,0.748,0.956,0.808,0.893,rt,
logo,2026-08-23,0.85,0.744,0.956,0.807,0.893,rt,
logo,2026-08-24,0.862,0.747,0.972,0.816,0.906,rt,
logo,2026-08-25,0.876,0.768,0.988,0.834,0.922,rt,
logo,2026-08-26,0.891,0.786,1.003,0.851,0.938,rt,
logo,2026-08-27,0.906,0.797,1.021,0.864,0.953,rt,
logo,2026-08-28,0.922,0.816,1.03,0.882,0.965,rt,
logo,2026-08-29,0.934,0.832,1.042,0.894,0.976,rt,
logo,2026-08-30,0.942,0.841,1.052,0.902,0.985,rt,
logo,2026-08-31,0.941,0.834,1.058,0.898,0.988,rt,
logo,2026-09-01,0.951,0.848,1.068,0.906,0.997,rt,
logo,2026-09-02,0.959,0.855,1.077,0.912,1.005,rt,
logo,2026-09-03,0.965,0.857,1.089,0.918,1.011,rt,
logo,2026-09-04,0.964,0.86,1.086,0.922,1.013,rt,
logo,2026-09-05,0.964,0.855,1.087,0.921,1.012,rt,
logo,2026-09-06,0.962,0.848,1.086,0.913,1.01,rt,
logo,2026-09-07,0.941,0.821,1.072,0.889,0.991,rt,
logo,2026-09-08,0.923,0.805,1.056,0.873,0.975,rt,
logo,2026-09-09,0.905,0.787,1.04,0.855,0.96,rt,
logo,2026-09-10,0.883,0.764,1.022,0.834,0.943,rt,
logo,2026-09-11,0.863,0.745,0.997,0.812,0.92,rt,
logo,2026-09-12,0.84,0.721,0.977,0.788,0.899,rt,
logo,2026-09-13,0.816,0.69,0.958,0.763,0.877,rt,
logo,2026-09-14,0.789,0.659,0.939,0.732,0.856,rt,
logo,2026-09-15,0.78,0.65,0.929,0.722,0.842,rt,
logo,2026-09-16,0.773,0.64,0.922,0.71,0.832,rt,
logo,2026-09-17,0.763,0.626,0.921,0.702,0.826,rt,
logo,2026-09-18,0.759,0.614,0.915,0.694,0.82,rt,
logo,2026-09-19,0.753,0.601,0.916,0.685,0.815,rt,
logo,2026-09-20,0.745,0.583,0.919,0.675,0.814,rt,
logo,2026-09-21,0.743,0.565,0.933,0.669,0.818,rt,
logo,2026-09-22,0.741,0.561,0.943,0.666,0.819,rt,
logo,2026-09-23,0.741,0.557,0.952,0.661,0.821,rt,
logo,2026-09-24,0.737,0.547,0.957,0.657,0.822,rt,
logo,2026-09-25,0.733,0.54,0.96,0.644,0.819,rt,
logo,2026-09-26,0.728,0.526,0.966,0.635,0.821,rt,
logo,2026-09-27,0.723,0.512,0.975,0.625,0.821,rt,
logo,2026-09-28,0.716,0.495,0.99,0.615,0.822,rt,
logo,2026-09-29,0.717,0.493,1.001,0.614,0.829,rt,
logo,2026-09-30,0.718,0.485,1.009,0.615,0.836,rt,
logo,2026-10-01,0.716,0.476,0.997,0.613,0.828,rt,
logo,2026-10-02,0.712,0.463,0.999,0.611,0.819,rt,
lolwa,2026-07-05,1.297,0.805,2.1,1.072,1.573,rt,
lolwa,2026-07-06,1.296,0.782,2.181,1.054,1.612,rt,
lolwa,2026-07-07,1.329,0.837,2.157,1.102,1.627,rt,
lolwa,2026-07-08,1.371,0.894,2.138,1.144,1.655,rt,
lolwa,2026-07-09,1.412,0.924,2.163,1.185,1.681,rt,
lolwa,2026-07-10,1.448,0.96,2.227,1.212,1.728,rt,
lolwa,2026-07-11,1.48,0.974,2.33,1.237,1.784,rt,
lolwa,2026-07-12,1.51,0.976,2.455,1.25,1.846,rt,
lolwa,2026-07-13,1.535,0.964,2.644,1.247,1.911,rt,
lolwa,2026-07-14,1.528,0.989,2.473,1.258,1.857,rt,
lolwa,2026-07-15,1.523,1.004,2.396,1.277,1.817,rt,
lolwa,2026-07-16,1.519,0.993,2.391,1.278,1.79,rt,
lolwa,2026-07-17,1.506,0.977,2.384,1.273,1.783,rt,
lolwa,2026-07-18,1.488,0.944,2.354,1.246,1.782,rt,
lolwa,2026-07-19,1.465,0.906,2.394,1.215,1.79,rt,
lolwa,2026-07-20,1.449,0.861,2.486,1.185,1.804,rt,
lolwa,2026-07-21,1.43,0.874,2.329,1.181,1.744,rt,
lolwa,2026-07-22,1.405,0.896,2.208,1.174,1.692,rt,
lolwa,2026-07-23,1.375,0.901,2.09,1.162,1.637,rt,
lolwa,2026-07-24,1.362,0.884,2.037,1.148,1.608,rt,
lolwa,2026-07-25,1.345,0.869,2.02,1.119,1.579,rt,
lolwa,2026-07-26,1.322,0.833,2.04,1.084,1.56,rt,
lolwa,2026-07-27,1.293,0.795,2.094,1.045,1.547,rt,
lolwa,2026-07-28,1.276,0.819,1.962,1.064,1.491,rt,
lolwa,2026-07-29,1.249,0.836,1.847,1.067,1.46,rt,
lolwa,2026-07-30,1.225,0.826,1.768,1.051,1.424,rt,
lolwa,2026-07-31,1.194,0.807,1.721,1.029,1.392,rt,
lolwa,2026-08-01,1.16,0.767,1.719,0.989,1.374,rt,
lolwa,2026-08-02,1.129,0.708,1.739,0.948,1.361,rt,
lolwa,2026-08-03,1.092,0.645,1.757,0.9,1.349,rt,
lolwa,2026-08-04,1.089,0.673,1.671,0.91,1.309,rt,
lolwa,2026-08-05,1.085,0.702,1.628,0.914,1.283,rt,
lolwa,2026-08-06,1.075,0.714,1.599,0.91,1.268,rt,
lolwa,2026-08-07,1.059,0.716,1.569,0.906,1.246,rt,
lolwa,2026-08-08,1.044,0.686,1.586,0.882,1.24,rt,
lolwa,2026-08-09,1.027,0.652,1.627,0.858,1.24,rt,
lolwa,2026-08-10,1.008,0.613,1.652,0.822,1.243,rt,
lolwa,2026-08-11,1.002,0.635,1.571,0.83,1.222,rt,
lolwa,2026-08-12,1.001,0.652,1.518,0.836,1.194,rt,
lolwa,2026-08-13,0.99,0.654,1.481,0.841,1.179,rt,
lolwa,2026-08-14,0.986,0.646,1.476,0.835,1.159,rt,
lolwa,2026-08-15,0.982,0.627,1.481,0.822,1.156,rt,
lolwa,2026-08-16,0.966,0.603,1.498,0.808,1.158,rt,
lolwa,2026-08-17,0.965,0.571,1.547,0.793,1.177,rt,
lolwa,2026-08-18,0.947,0.593,1.463,0.798,1.138,rt,
lolwa,2026-08-19,0.933,0.598,1.408,0.79,1.108,rt,
lolwa,2026-08-20,0.921,0.603,1.352,0.776,1.083,rt,
lolwa,2026-08-21,0.911,0.586,1.328,0.762,1.064,rt,
lolwa,2026-08-22,0.897,0.577,1.329,0.746,1.06,rt,
lolwa,2026-08-23,0.879,0.544,1.337,0.726,1.055,rt,
lolwa,2026-08-24,0.876,0.515,1.365,0.703,1.07,rt,
lolwa,2026-08-25,0.873,0.539,1.317,0.715,1.049,rt,
lolwa,2026-08-26,0.871,0.56,1.301,0.72,1.04,rt,
lolwa,2026-08-27,0.868,0.572,1.275,0.726,1.024,rt,
lolwa,2026-08-28,0.866,0.57,1.289,0.724,1.019,rt,
lolwa,2026-08-29,0.868,0.557,1.299,0.723,1.022,rt,
lolwa,2026-08-30,0.852,0.534,1.313,0.711,1.019,rt,
lolwa,2026-08-31,0.837,0.502,1.335,0.687,1.013,rt,
lolwa,2026-09-01,0.846,0.523,1.279,0.697,1.012,rt,
lolwa,2026-09-02,0.855,0.537,1.258,0.707,1.016,rt,
lolwa,2026-09-03,0.858,0.544,1.271,0.712,1.031,rt,
lolwa,2026-09-04,0.862,0.548,1.285,0.71,1.033,rt,
lolwa,2026-09-05,0.862,0.534,1.299,0.708,1.039,rt,
lolwa,2026-09-06,0.854,0.516,1.348,0.695,1.043,rt,
lolwa,2026-09-07,0.832,0.489,1.359,0.666,1.027,rt,
lolwa,2026-09-08,0.825,0.488,1.312,0.667,1.004,rt,
lolwa,2026-09-09,0.809,0.483,1.27,0.662,0.98,rt,
lolwa,2026-09-10,0.796,0.467,1.245,0.649,0.96,rt,
lolwa,2026-09-11,0.777,0.456,1.247,0.629,0.949,rt,
lolwa,2026-09-12,0.756,0.433,1.271,0.607,0.941,rt,
lolwa,2026-09-13,0.734,0.413,1.268,0.586,0.927,rt,
lolwa,2026-09-14,0.713,0.381,1.294,0.56,0.916,rt,
lolwa,2026-09-15,0.696,0.38,1.248,0.548,0.882,rt,
lolwa,2026-09-16,0.682,0.37,1.21,0.536,0.861,rt,
lolwa,2026-09-17,0.67,0.359,1.206,0.52,0.845,rt,
lolwa,2026-09-18,0.655,0.341,1.196,0.5,0.83,rt,
lolwa,2026-09-19,0.648,0.319,1.212,0.482,0.824,rt,
lolwa,2026-09-20,0.632,0.298,1.23,0.462,0.816,rt,
lolwa,2026-09-21,0.623,0.278,1.241,0.443,0.822,rt,
lolwa,2026-09-22,0.621,0.283,1.235,0.452,0.822,rt,
lolwa,2026-09-23,0.616,0.278,1.229,0.449,0.819,rt,
lolwa,2026-09-24,0.609,0.28,1.229,0.448,0.82,rt,
lolwa,2026-09-25,0.602,0.273,1.26,0.438,0.818,rt,
lolwa,2026-09-26,0.596,0.262,1.308,0.43,0.817,rt,
lolwa,2026-09-27,0.586,0.249,1.335,0.422,0.822,rt,
lolwa,2026-09-28,0.574,0.238,1.369,0.409,0.825,rt,
lolwa,2026-09-29,0.581,0.247,1.355,0.415,0.822,rt,
lolwa,2026-09-30,0.584,0.248,1.302,0.42,0.815,rt,
lolwa,2026-10-01,0.576,0.244,1.296,0.408,0.818,rt,
lolwa,2026-10-02,0.57,0.232,1.327,0.398,0.816,rt,
mahagi,2026-08-10,0.955,0.839,1.07,0.908,1.003,rt,
mahagi,2026-08-11,0.946,0.839,1.052,0.901,0.991,rt,
mahagi,2026-08-12,0.938,0.834,1.037,0.893,0.979,rt,
mahagi,2026-08-13,0.927,0.827,1.029,0.885,0.968,rt,
mahagi,2026-08-14,0.914,0.822,1.015,0.876,0.956,rt,
mahagi,2026-08-15,0.901,0.81,1.004,0.864,0.945,rt,
mahagi,2026-08-16,0.891,0.798,0.996,0.85,0.932,rt,
mahagi,2026-08-17,0.887,0.786,0.999,0.843,0.93,rt,
mahagi,2026-08-18,0.888,0.788,0.997,0.845,0.93,rt,
mahagi,2026-08-19,0.889,0.787,0.997,0.845,0.931,rt,
mahagi,2026-08-20,0.887,0.789,0.999,0.843,0.932,rt,
mahagi,2026-08-21,0.891,0.793,0.995,0.85,0.934,rt,
mahagi,2026-08-22,0.893,0.794,0.995,0.852,0.936,rt,
mahagi,2026-08-23,0.895,0.793,0.997,0.852,0.936,rt,
mahagi,2026-08-24,0.906,0.794,1.015,0.86,0.949,rt,
mahagi,2026-08-25,0.923,0.814,1.033,0.878,0.965,rt,
mahagi,2026-08-26,0.939,0.833,1.049,0.894,0.982,rt,
mahagi,2026-08-27,0.954,0.847,1.066,0.908,0.999,rt,
mahagi,2026-08-28,0.966,0.867,1.076,0.926,1.011,rt,
mahagi,2026-08-29,0.98,0.878,1.085,0.94,1.021,rt,
mahagi,2026-08-30,0.992,0.888,1.099,0.948,1.032,rt,
mahagi,2026-08-31,0.991,0.884,1.107,0.945,1.036,rt,
mahagi,2026-09-01,0.999,0.893,1.114,0.953,1.045,rt,
mahagi,2026-09-02,1.006,0.903,1.124,0.961,1.054,rt,
mahagi,2026-09-03,1.012,0.904,1.134,0.965,1.061,rt,
mahagi,2026-09-04,1.013,0.909,1.128,0.968,1.061,rt,
mahagi,2026-09-05,1.012,0.904,1.132,0.968,1.059,rt,
mahagi,2026-09-06,1.009,0.896,1.136,0.961,1.056,rt,
mahagi,2026-09-07,0.988,0.866,1.12,0.937,1.036,rt,
mahagi,2026-09-08,0.971,0.85,1.1,0.919,1.022,rt,
mahagi,2026-09-09,0.952,0.826,1.082,0.9,1.003,rt,
mahagi,2026-09-10,0.93,0.805,1.069,0.879,0.984,rt,
mahagi,2026-09-11,0.91,0.786,1.044,0.856,0.963,rt,
mahagi,2026-09-12,0.885,0.765,1.024,0.832,0.94,rt,
mahagi,2026-09-13,0.861,0.735,1.002,0.805,0.919,rt,
mahagi,2026-09-14,0.835,0.702,0.985,0.775,0.897,rt,
mahagi,2026-09-15,0.825,0.69,0.974,0.765,0.884,rt,
mahagi,2026-09-16,0.815,0.679,0.968,0.754,0.876,rt,
mahagi,2026-09-17,0.805,0.66,0.964,0.744,0.869,rt,
mahagi,2026-09-18,0.798,0.653,0.96,0.736,0.865,rt,
mahagi,2026-09-19,0.792,0.638,0.959,0.724,0.858,rt,
mahagi,2026-09-20,0.784,0.619,0.957,0.712,0.855,rt,
mahagi,2026-09-21,0.785,0.605,0.971,0.708,0.861,rt,
mahagi,2026-09-22,0.784,0.6,0.979,0.704,0.861,rt,
mahagi,2026-09-23,0.78,0.595,0.987,0.698,0.864,rt,
mahagi,2026-09-24,0.777,0.585,0.998,0.694,0.866,rt,
mahagi,2026-09-25,0.773,0.578,1.006,0.687,0.865,rt,
mahagi,2026-09-26,0.769,0.562,1.008,0.68,0.862,rt,
mahagi,2026-09-27,0.764,0.544,1.021,0.665,0.862,rt,
mahagi,2026-09-28,0.757,0.529,1.036,0.653,0.863,rt,
mahagi,2026-09-29,0.761,0.531,1.051,0.655,0.869,rt,
mahagi,2026-09-30,0.759,0.522,1.06,0.654,0.877,rt,
mahagi,2026-10-01,0.759,0.519,1.046,0.651,0.874,rt,
mahagi,2026-10-02,0.755,0.512,1.041,0.648,0.869,rt,
mambasa,2026-06-10,1.572,0.913,2.574,1.28,1.902,rt,
mambasa,2026-06-11,1.582,0.945,2.526,1.29,1.893,rt,
mambasa,2026-06-12,1.587,0.978,2.528,1.298,1.899,rt,
mambasa,2026-06-13,1.57,0.965,2.527,1.291,1.937,rt,
mambasa,2026-06-14,1.571,0.94,2.629,1.281,1.974,rt,
mambasa,2026-06-15,1.569,0.917,2.801,1.257,2.025,rt,
mambasa,2026-06-16,1.611,0.973,2.694,1.299,2.01,rt,
mambasa,2026-06-17,1.645,1.018,2.653,1.344,2.02,rt,
mambasa,2026-06-18,1.671,1.055,2.637,1.39,2.047,rt,
mambasa,2026-06-19,1.708,1.062,2.689,1.418,2.064,rt,
mambasa,2026-06-20,1.741,1.054,2.826,1.431,2.103,rt,
mambasa,2026-06-21,1.765,1.031,2.993,1.434,2.142,rt,
mambasa,2026-06-22,1.795,1.0,3.202,1.453,2.25,rt,
mambasa,2026-06-23,1.748,1.024,3.014,1.441,2.143,rt,
mambasa,2026-06-24,1.7,1.043,2.805,1.437,2.051,rt,
mambasa,2026-06-25,1.662,1.036,2.71,1.408,1.99,rt,
mambasa,2026-06-26,1.625,1.001,2.58,1.353,1.933,rt,
mambasa,2026-06-27,1.578,0.955,2.539,1.298,1.896,rt,
mambasa,2026-06-28,1.537,0.902,2.562,1.24,1.878,rt,
mambasa,2026-06-29,1.47,0.819,2.566,1.16,1.84,rt,
mambasa,2026-06-30,1.41,0.829,2.357,1.144,1.723,rt,
mambasa,2026-07-01,1.346,0.829,2.175,1.122,1.622,rt,
mambasa,2026-07-02,1.287,0.806,2.025,1.087,1.545,rt,
mambasa,2026-07-03,1.236,0.786,1.941,1.042,1.482,rt,
mambasa,2026-07-04,1.196,0.741,1.899,0.998,1.439,rt,
mambasa,2026-07-05,1.149,0.685,1.881,0.946,1.4,rt,
mambasa,2026-07-06,1.115,0.631,1.898,0.892,1.381,rt,
mambasa,2026-07-07,1.105,0.652,1.78,0.898,1.338,rt,
mambasa,2026-07-08,1.089,0.668,1.696,0.9,1.301,rt,
mambasa,2026-07-09,1.082,0.681,1.654,0.896,1.278,rt,
mambasa,2026-07-10,1.07,0.659,1.652,0.882,1.27,rt,
mambasa,2026-07-11,1.054,0.649,1.695,0.867,1.269,rt,
mambasa,2026-07-12,1.036,0.616,1.748,0.842,1.274,rt,
mambasa,2026-07-13,1.013,0.574,1.808,0.807,1.264,rt,
mambasa,2026-07-14,1.004,0.581,1.678,0.807,1.225,rt,
mambasa,2026-07-15,0.992,0.584,1.569,0.809,1.187,rt,
mambasa,2026-07-16,0.976,0.585,1.503,0.802,1.156,rt,
mambasa,2026-07-17,0.96,0.572,1.484,0.789,1.131,rt,
mambasa,2026-07-18,0.937,0.56,1.476,0.767,1.121,rt,
mambasa,2026-07-19,0.916,0.528,1.487,0.741,1.113,rt,
mambasa,2026-07-20,0.899,0.489,1.511,0.719,1.111,rt,
mambasa,2026-07-21,0.882,0.502,1.421,0.71,1.071,rt,
mambasa,2026-07-22,0.862,0.508,1.364,0.705,1.034,rt,
mambasa,2026-07-23,0.847,0.515,1.314,0.697,1.012,rt,
mambasa,2026-07-24,0.836,0.497,1.304,0.682,0.998,rt,
mambasa,2026-07-25,0.825,0.475,1.304,0.662,0.989,rt,
mambasa,2026-07-26,0.799,0.439,1.33,0.639,0.987,rt,
mambasa,2026-07-27,0.786,0.417,1.384,0.616,0.99,rt,
mambasa,2026-07-28,0.767,0.424,1.288,0.623,0.959,rt,
mambasa,2026-07-29,0.752,0.424,1.219,0.616,0.927,rt,
mambasa,2026-07-30,0.741,0.422,1.154,0.608,0.898,rt,
mambasa,2026-07-31,0.723,0.41,1.133,0.589,0.877,rt,
mambasa,2026-08-01,0.704,0.394,1.122,0.565,0.859,rt,
mambasa,2026-08-02,0.688,0.366,1.127,0.539,0.838,rt,
mambasa,2026-08-03,0.665,0.337,1.134,0.506,0.829,rt,
mambasa,2026-08-04,0.661,0.347,1.087,0.519,0.807,rt,
mambasa,2026-08-05,0.654,0.357,1.063,0.526,0.796,rt,
mambasa,2026-08-06,0.651,0.361,1.034,0.528,0.792,rt,
mambasa,2026-08-07,0.648,0.357,1.016,0.522,0.785,rt,
mambasa,2026-08-08,0.639,0.353,1.024,0.511,0.781,rt,
mambasa,2026-08-09,0.631,0.338,1.046,0.502,0.78,rt,
mambasa,2026-08-10,0.614,0.317,1.067,0.486,0.779,rt,
mambasa,2026-08-11,0.633,0.346,1.039,0.505,0.779,rt,
mambasa,2026-08-12,0.652,0.37,1.025,0.523,0.785,rt,
mambasa,2026-08-13,0.669,0.384,1.026,0.541,0.795,rt,
mambasa,2026-08-14,0.684,0.395,1.048,0.55,0.814,rt,
mambasa,2026-08-15,0.699,0.399,1.089,0.556,0.845,rt,
mambasa,2026-08-16,0.709,0.394,1.136,0.556,0.871,rt,
mambasa,2026-08-17,0.734,0.389,1.211,0.566,0.915,rt,
mambasa,2026-08-18,0.774,0.43,1.235,0.613,0.939,rt,
mambasa,2026-08-19,0.814,0.46,1.265,0.66,0.981,rt,
mambasa,2026-08-20,0.854,0.486,1.319,0.703,1.023,rt,
mambasa,2026-08-21,0.901,0.515,1.383,0.742,1.079,rt,
mambasa,2026-08-22,0.949,0.544,1.477,0.786,1.148,rt,
mambasa,2026-08-23,1.0,0.569,1.582,0.813,1.229,rt,
mambasa,2026-08-24,1.064,0.585,1.788,0.848,1.322,rt,
mambasa,2026-08-25,1.144,0.668,1.848,0.936,1.396,rt,
mambasa,2026-08-26,1.232,0.76,1.922,1.03,1.486,rt,
mambasa,2026-08-27,1.335,0.852,2.033,1.108,1.589,rt,
mambasa,2026-08-28,1.435,0.928,2.196,1.193,1.701,rt,
mambasa,2026-08-29,1.534,0.998,2.383,1.281,1.833,rt,
mambasa,2026-08-30,1.635,1.043,2.636,1.353,1.965,rt,
mambasa,2026-08-31,1.721,1.059,2.946,1.412,2.134,rt,
mambasa,2026-09-01,1.793,1.146,2.877,1.497,2.153,rt,
mambasa,2026-09-02,1.846,1.224,2.852,1.56,2.185,rt,
mambasa,2026-09-03,1.905,1.294,2.871,1.63,2.24,rt,
mambasa,2026-09-04,1.96,1.332,2.961,1.673,2.303,rt,
mambasa,2026-09-05,2.003,1.351,3.102,1.699,2.374,rt,
mambasa,2026-09-06,2.033,1.328,3.291,1.703,2.463,rt,
mambasa,2026-09-07,2.034,1.268,3.4,1.667,2.526,rt,
mambasa,2026-09-08,1.989,1.264,3.169,1.65,2.41,rt,
mambasa,2026-09-09,1.924,1.245,3.007,1.613,2.325,rt,
mambasa,2026-09-10,1.875,1.211,2.92,1.567,2.259,rt,
mambasa,2026-09-11,1.822,1.147,2.838,1.492,2.177,rt,
mambasa,2026-09-12,1.757,1.068,2.796,1.423,2.111,rt,
mambasa,2026-09-13,1.681,0.972,2.766,1.348,2.069,rt,
mambasa,2026-09-14,1.604,0.882,2.779,1.264,2.01,rt,
mambasa,2026-09-15,1.523,0.844,2.596,1.202,1.924,rt,
mambasa,2026-09-16,1.451,0.804,2.429,1.128,1.81,rt,
mambasa,2026-09-17,1.371,0.755,2.315,1.067,1.714,rt,
mambasa,2026-09-18,1.301,0.689,2.255,0.999,1.639,rt,
mambasa,2026-09-19,1.24,0.629,2.235,0.942,1.556,rt,
mambasa,2026-09-20,1.168,0.566,2.212,0.87,1.517,rt,
mambasa,2026-09-21,1.111,0.51,2.25,0.816,1.493,rt,
mambasa,2026-09-22,1.096,0.505,2.138,0.793,1.458,rt,
mambasa,2026-09-23,1.079,0.492,2.098,0.787,1.421,rt,
mambasa,2026-09-24,1.049,0.486,2.091,0.764,1.389,rt,
mambasa,2026-09-25,1.016,0.47,2.075,0.742,1.372,rt,
mambasa,2026-09-26,0.982,0.445,2.079,0.708,1.358,rt,
mambasa,2026-09-27,0.958,0.415,2.177,0.677,1.35,rt,
mambasa,2026-09-28,0.94,0.382,2.217,0.64,1.351,rt,
mambasa,2026-09-29,0.921,0.382,2.089,0.632,1.332,rt,
mambasa,2026-09-30,0.898,0.367,2.051,0.624,1.295,rt,
mambasa,2026-10-01,0.873,0.349,2.069,0.6,1.278,rt,
mambasa,2026-10-02,0.845,0.316,2.072,0.573,1.244,rt,
mandima,2026-06-17,2.221,1.4,3.628,1.815,2.701,rt,
mandima,2026-06-18,2.178,1.418,3.42,1.795,2.589,rt,
mandima,2026-06-19,2.138,1.38,3.393,1.781,2.535,rt,
mandima,2026-06-20,2.081,1.332,3.362,1.727,2.51,rt,
mandima,2026-06-21,2.033,1.257,3.387,1.67,2.497,rt,
mandima,2026-06-22,2.016,1.186,3.535,1.622,2.514,rt,
mandima,2026-06-23,1.928,1.192,3.185,1.581,2.369,rt,
mandima,2026-06-24,1.842,1.18,2.94,1.525,2.225,rt,
mandima,2026-06-25,1.757,1.157,2.719,1.481,2.107,rt,
mandima,2026-06-26,1.677,1.107,2.586,1.412,1.999,rt,
mandima,2026-06-27,1.605,1.032,2.496,1.341,1.916,rt,
mandima,2026-06-28,1.52,0.944,2.47,1.25,1.85,rt,
mandima,2026-06-29,1.427,0.842,2.435,1.142,1.777,rt,
mandima,2026-06-30,1.37,0.847,2.211,1.117,1.669,rt,
mandima,2026-07-01,1.308,0.844,2.028,1.082,1.567,rt,
mandima,2026-07-02,1.254,0.822,1.899,1.053,1.482,rt,
mandima,2026-07-03,1.205,0.771,1.793,1.024,1.414,rt,
mandima,2026-07-04,1.154,0.717,1.736,0.973,1.367,rt,
mandima,2026-07-05,1.111,0.659,1.731,0.925,1.329,rt,
mandima,2026-07-06,1.069,0.603,1.741,0.862,1.294,rt,
mandima,2026-07-07,1.067,0.624,1.652,0.876,1.267,rt,
mandima,2026-07-08,1.061,0.646,1.598,0.88,1.241,rt,
mandima,2026-07-09,1.046,0.655,1.521,0.888,1.227,rt,
mandima,2026-07-10,1.038,0.646,1.505,0.872,1.223,rt,
mandima,2026-07-11,1.026,0.626,1.524,0.856,1.222,rt,
mandima,2026-07-12,1.011,0.599,1.582,0.833,1.236,rt,
mandima,2026-07-13,0.998,0.564,1.652,0.803,1.237,rt,
mandima,2026-07-14,1.007,0.601,1.573,0.824,1.222,rt,
mandima,2026-07-15,1.015,0.635,1.533,0.848,1.21,rt,
mandima,2026-07-16,1.022,0.644,1.518,0.86,1.206,rt,
mandima,2026-07-17,1.029,0.654,1.522,0.87,1.214,rt,
mandima,2026-07-18,1.037,0.653,1.552,0.869,1.223,rt,
mandima,2026-07-19,1.041,0.642,1.617,0.858,1.25,rt,
mandima,2026-07-20,1.043,0.622,1.689,0.847,1.279,rt,
mandima,2026-07-21,1.056,0.667,1.634,0.881,1.277,rt,
mandima,2026-07-22,1.062,0.706,1.59,0.896,1.281,rt,
mandima,2026-07-23,1.086,0.722,1.554,0.916,1.289,rt,
mandima,2026-07-24,1.106,0.731,1.595,0.928,1.3,rt,
mandima,2026-07-25,1.124,0.728,1.639,0.936,1.332,rt,
mandima,2026-07-26,1.136,0.711,1.729,0.929,1.369,rt,
mandima,2026-07-27,1.155,0.673,1.854,0.922,1.418,rt,
mandima,2026-07-28,1.148,0.73,1.762,0.947,1.382,rt,
mandima,2026-07-29,1.141,0.752,1.687,0.969,1.355,rt,
mandima,2026-07-30,1.135,0.768,1.66,0.973,1.34,rt,
mandima,2026-07-31,1.125,0.761,1.633,0.963,1.313,rt,
mandima,2026-08-01,1.118,0.73,1.67,0.942,1.307,rt,
mandima,2026-08-02,1.11,0.677,1.722,0.915,1.325,rt,
mandima,2026-08-03,1.086,0.619,1.787,0.874,1.329,rt,
mandima,2026-08-04,1.072,0.652,1.684,0.885,1.284,rt,
mandima,2026-08-05,1.059,0.675,1.592,0.889,1.256,rt,
mandima,2026-08-06,1.043,0.669,1.55,0.89,1.234,rt,
mandima,2026-08-07,1.031,0.659,1.516,0.865,1.218,rt,
mandima,2026-08-08,1.007,0.647,1.518,0.846,1.202,rt,
mandima,2026-08-09,0.989,0.614,1.537,0.816,1.196,rt,
mandima,2026-08-10,0.965,0.573,1.583,0.776,1.182,rt,
mandima,2026-08-11,0.971,0.602,1.502,0.796,1.162,rt,
mandima,2026-08-12,0.979,0.624,1.449,0.814,1.145,rt,
mandima,2026-08-13,0.977,0.641,1.409,0.828,1.14,rt,
mandima,2026-08-14,0.978,0.649,1.406,0.83,1.138,rt,
mandima,2026-08-15,0.973,0.633,1.424,0.828,1.147,rt,
mandima,2026-08-16,0.976,0.602,1.491,0.823,1.157,rt,
mandima,2026-08-17,0.984,0.576,1.584,0.812,1.188,rt,
mandima,2026-08-18,1.026,0.64,1.57,0.864,1.206,rt,
mandima,2026-08-19,1.066,0.7,1.557,0.912,1.246,rt,
mandima,2026-08-20,1.112,0.736,1.552,0.952,1.295,rt,
mandima,2026-08-21,1.168,0.762,1.618,0.99,1.344,rt,
mandima,2026-08-22,1.215,0.785,1.744,1.026,1.411,rt,
mandima,2026-08-23,1.26,0.789,1.865,1.048,1.482,rt,
mandima,2026-08-24,1.325,0.803,2.065,1.078,1.583,rt,
mandima,2026-08-25,1.402,0.918,2.049,1.184,1.643,rt,
mandima,2026-08-26,1.488,1.02,2.109,1.289,1.723,rt,
mandima,2026-08-27,1.575,1.125,2.153,1.384,1.802,rt,
mandima,2026-08-28,1.676,1.223,2.267,1.476,1.898,rt,
mandima,2026-08-29,1.773,1.272,2.417,1.559,2.024,rt,
mandima,2026-08-30,1.88,1.311,2.626,1.625,2.163,rt,
mandima,2026-08-31,1.973,1.306,2.862,1.659,2.291,rt,
mandima,2026-09-01,2.064,1.449,2.873,1.779,2.341,rt,
mandima,2026-09-02,2.139,1.578,2.925,1.891,2.429,rt,
mandima,2026-09-03,2.245,1.692,2.982,1.991,2.516,rt,
mandima,2026-09-04,2.335,1.781,3.09,2.066,2.616,rt,
mandima,2026-09-05,2.422,1.811,3.251,2.14,2.727,rt,
mandima,2026-09-06,2.506,1.81,3.456,2.185,2.843,rt,
mandima,2026-09-07,2.547,1.761,3.663,2.197,2.946,rt,
mandima,2026-09-08,2.534,1.863,3.474,2.224,2.872,rt,
mandima,2026-09-09,2.52,1.929,3.348,2.247,2.818,rt,
mandima,2026-09-10,2.498,1.943,3.283,2.262,2.793,rt,
mandima,2026-09-11,2.476,1.916,3.306,2.225,2.781,rt,
mandima,2026-09-12,2.456,1.843,3.332,2.169,2.779,rt,
mandima,2026-09-13,2.417,1.742,3.422,2.103,2.792,rt,
mandima,2026-09-14,2.361,1.64,3.474,2.029,2.783,rt,
mandima,2026-09-15,2.166,1.56,3.052,1.904,2.501,rt,
mandima,2026-09-16,2.0,1.45,2.751,1.768,2.293,rt,
mandima,2026-09-17,1.852,1.349,2.527,1.62,2.095,rt,
mandima,2026-09-18,1.714,1.233,2.357,1.487,1.946,rt,
mandima,2026-09-19,1.589,1.103,2.221,1.352,1.817,rt,
mandima,2026-09-20,1.466,0.959,2.11,1.23,1.707,rt,
mandima,2026-09-21,1.363,0.831,2.049,1.12,1.62,rt,
mandima,2026-09-22,1.333,0.821,1.995,1.094,1.567,rt,
mandima,2026-09-23,1.297,0.788,1.926,1.071,1.522,rt,
mandima,2026-09-24,1.252,0.749,1.898,1.035,1.494,rt,
mandima,2026-09-25,1.216,0.693,1.854,0.99,1.467,rt,
mandima,2026-09-26,1.185,0.645,1.832,0.95,1.43,rt,
mandima,2026-09-27,1.143,0.596,1.832,0.902,1.4,rt,
mandima,2026-09-28,1.113,0.542,1.832,0.851,1.375,rt,
mandima,2026-09-29,1.086,0.535,1.792,0.835,1.35,rt,
mandima,2026-09-30,1.068,0.514,1.761,0.826,1.338,rt,
mandima,2026-10-01,1.038,0.474,1.746,0.792,1.31,rt,
mandima,2026-10-02,1.009,0.423,1.714,0.747,1.295,rt,
mangala,2026-05-22,1.757,1.166,2.676,1.472,2.114,rt,
mangala,2026-05-23,1.752,1.151,2.728,1.462,2.105,rt,
mangala,2026-05-24,1.741,1.119,2.775,1.446,2.109,rt,
mangala,2026-05-25,1.732,1.057,2.802,1.414,2.111,rt,
mangala,2026-05-26,1.752,1.12,2.746,1.457,2.111,rt,
mangala,2026-05-27,1.779,1.184,2.726,1.491,2.117,rt,
mangala,2026-05-28,1.813,1.232,2.718,1.531,2.152,rt,
mangala,2026-05-29,1.85,1.257,2.755,1.567,2.181,rt,
mangala,2026-05-30,1.873,1.268,2.839,1.587,2.226,rt,
mangala,2026-05-31,1.907,1.263,2.94,1.596,2.286,rt,
mangala,2026-06-01,1.951,1.243,3.093,1.613,2.377,rt,
mangala,2026-06-02,1.983,1.326,3.002,1.687,2.373,rt,
mangala,2026-06-03,2.015,1.401,2.959,1.74,2.377,rt,
mangala,2026-06-04,2.054,1.475,2.959,1.786,2.37,rt,
mangala,2026-06-05,2.079,1.505,2.94,1.824,2.365,rt,
mangala,2026-06-06,2.083,1.511,2.974,1.822,2.401,rt,
mangala,2026-06-07,2.086,1.483,3.01,1.79,2.432,rt,
mangala,2026-06-08,2.078,1.437,3.102,1.775,2.449,rt,
mangala,2026-06-09,2.04,1.46,2.912,1.764,2.356,rt,
mangala,2026-06-10,2.004,1.47,2.786,1.758,2.281,rt,
mangala,2026-06-11,1.946,1.458,2.68,1.733,2.225,rt,
mangala,2026-06-12,1.909,1.433,2.655,1.698,2.167,rt,
mangala,2026-06-13,1.875,1.378,2.588,1.657,2.128,rt,
mangala,2026-06-14,1.839,1.32,2.551,1.604,2.096,rt,
mangala,2026-06-15,1.794,1.24,2.568,1.552,2.081,rt,
mangala,2026-06-16,1.774,1.264,2.477,1.552,2.02,rt,
mangala,2026-06-17,1.749,1.285,2.355,1.543,1.977,rt,
mangala,2026-06-18,1.72,1.292,2.281,1.538,1.95,rt,
mangala,2026-06-19,1.694,1.263,2.246,1.517,1.907,rt,
mangala,2026-06-20,1.671,1.238,2.225,1.484,1.873,rt,
mangala,2026-06-21,1.647,1.197,2.24,1.456,1.85,rt,
mangala,2026-06-22,1.633,1.145,2.292,1.421,1.857,rt,
mangala,2026-06-23,1.597,1.161,2.15,1.405,1.794,rt,
mangala,2026-06-24,1.551,1.16,2.047,1.381,1.729,rt,
mangala,2026-06-25,1.511,1.147,1.953,1.363,1.687,rt,
mangala,2026-06-26,1.463,1.126,1.915,1.322,1.647,rt,
mangala,2026-06-27,1.426,1.085,1.872,1.282,1.6,rt,
mangala,2026-06-28,1.387,1.03,1.866,1.235,1.562,rt,
mangala,2026-06-29,1.329,0.949,1.834,1.173,1.506,rt,
mangala,2026-06-30,1.273,0.947,1.712,1.139,1.434,rt,
mangala,2026-07-01,1.22,0.927,1.612,1.101,1.37,rt,
mangala,2026-07-02,1.173,0.902,1.532,1.055,1.313,rt,
mangala,2026-07-03,1.135,0.867,1.475,1.015,1.267,rt,
mangala,2026-07-04,1.101,0.815,1.431,0.974,1.226,rt,
mangala,2026-07-05,1.059,0.755,1.421,0.929,1.198,rt,
mangala,2026-07-06,1.026,0.698,1.416,0.884,1.178,rt,
mangala,2026-07-07,1.025,0.722,1.356,0.892,1.159,rt,
mangala,2026-07-08,1.022,0.749,1.331,0.9,1.152,rt,
mangala,2026-07-09,1.017,0.759,1.318,0.905,1.149,rt,
mangala,2026-07-10,1.018,0.759,1.31,0.903,1.151,rt,
mangala,2026-07-11,1.019,0.746,1.332,0.899,1.152,rt,
mangala,2026-07-12,1.012,0.718,1.369,0.891,1.161,rt,
mangala,2026-07-13,1.004,0.679,1.402,0.872,1.166,rt,
mangala,2026-07-14,1.042,0.736,1.396,0.914,1.184,rt,
mangala,2026-07-15,1.075,0.797,1.399,0.954,1.21,rt,
mangala,2026-07-16,1.111,0.845,1.424,0.987,1.238,rt,
mangala,2026-07-17,1.14,0.88,1.466,1.021,1.271,rt,
mangala,2026-07-18,1.171,0.904,1.518,1.052,1.31,rt,
mangala,2026-07-19,1.208,0.913,1.604,1.074,1.361,rt,
mangala,2026-07-20,1.246,0.916,1.704,1.09,1.423,rt,
mangala,2026-07-21,1.289,0.987,1.702,1.147,1.445,rt,
mangala,2026-07-22,1.334,1.052,1.691,1.203,1.478,rt,
mangala,2026-07-23,1.378,1.104,1.714,1.252,1.517,rt,
mangala,2026-07-24,1.432,1.15,1.774,1.304,1.568,rt,
mangala,2026-07-25,1.478,1.174,1.869,1.349,1.63,rt,
mangala,2026-07-26,1.529,1.179,1.986,1.374,1.701,rt,
mangala,2026-07-27,1.587,1.179,2.118,1.403,1.792,rt,
mangala,2026-07-28,1.616,1.243,2.094,1.449,1.798,rt,
mangala,2026-07-29,1.645,1.297,2.079,1.488,1.804,rt,
mangala,2026-07-30,1.67,1.338,2.073,1.524,1.814,rt,
mangala,2026-07-31,1.675,1.366,2.081,1.542,1.827,rt,
mangala,2026-08-01,1.685,1.358,2.117,1.545,1.846,rt,
mangala,2026-08-02,1.691,1.324,2.177,1.531,1.867,rt,
mangala,2026-08-03,1.688,1.278,2.254,1.506,1.891,rt,
mangala,2026-08-04,1.653,1.29,2.136,1.495,1.838,rt,
mangala,2026-08-05,1.609,1.282,2.032,1.47,1.782,rt,
mangala,2026-08-06,1.573,1.265,1.988,1.442,1.73,rt,
mangala,2026-08-07,1.525,1.229,1.937,1.395,1.68,rt,
mangala,2026-08-08,1.477,1.174,1.891,1.344,1.639,rt,
mangala,2026-08-09,1.436,1.108,1.869,1.29,1.598,rt,
mangala,2026-08-10,1.38,1.037,1.844,1.217,1.549,rt,
mangala,2026-08-11,1.306,1.004,1.689,1.172,1.447,rt,
mangala,2026-08-12,1.237,0.975,1.573,1.119,1.359,rt,
mangala,2026-08-13,1.17,0.934,1.479,1.065,1.277,rt,
mangala,2026-08-14,1.104,0.874,1.403,1.006,1.206,rt,
mangala,2026-08-15,1.039,0.813,1.343,0.943,1.148,rt,
mangala,2026-08-16,0.978,0.736,1.296,0.881,1.094,rt,
mangala,2026-08-17,0.932,0.674,1.266,0.824,1.052,rt,
mangala,2026-08-18,0.884,0.652,1.164,0.786,0.985,rt,
mangala,2026-08-19,0.838,0.624,1.069,0.748,0.926,rt,
mangala,2026-08-20,0.788,0.595,1.002,0.708,0.872,rt,
mangala,2026-08-21,0.746,0.566,0.943,0.673,0.83,rt,
mangala,2026-08-22,0.702,0.53,0.908,0.63,0.788,rt,
mangala,2026-08-23,0.662,0.488,0.875,0.589,0.75,rt,
mangala,2026-08-24,0.631,0.448,0.866,0.549,0.726,rt,
mangala,2026-08-25,0.627,0.465,0.839,0.555,0.712,rt,
mangala,2026-08-26,0.622,0.466,0.818,0.555,0.699,rt,
mangala,2026-08-27,0.618,0.465,0.797,0.553,0.691,rt,
mangala,2026-08-28,0.611,0.459,0.783,0.55,0.683,rt,
mangala,2026-08-29,0.607,0.444,0.785,0.541,0.677,rt,
mangala,2026-08-30,0.6,0.423,0.798,0.528,0.671,rt,
mangala,2026-08-31,0.585,0.397,0.801,0.504,0.664,rt,
mangala,2026-09-01,0.593,0.418,0.789,0.518,0.664,rt,
mangala,2026-09-02,0.602,0.432,0.791,0.529,0.67,rt,
mangala,2026-09-03,0.61,0.439,0.795,0.537,0.675,rt,
mangala,2026-09-04,0.612,0.439,0.795,0.542,0.685,rt,
mangala,2026-09-05,0.615,0.436,0.825,0.54,0.698,rt,
mangala,2026-09-06,0.618,0.424,0.847,0.535,0.708,rt,
mangala,2026-09-07,0.605,0.403,0.866,0.517,0.705,rt,
mangala,2026-09-08,0.595,0.409,0.834,0.515,0.692,rt,
mangala,2026-09-09,0.587,0.407,0.815,0.51,0.677,rt,
mangala,2026-09-10,0.578,0.399,0.801,0.501,0.667,rt,
mangala,2026-09-11,0.568,0.392,0.795,0.492,0.657,rt,
mangala,2026-09-12,0.554,0.37,0.791,0.475,0.648,rt,
mangala,2026-09-13,0.542,0.346,0.801,0.455,0.643,rt,
mangala,2026-09-14,0.524,0.316,0.815,0.433,0.632,rt,
mangala,2026-09-15,0.526,0.318,0.802,0.435,0.632,rt,
mangala,2026-09-16,0.531,0.32,0.806,0.437,0.636,rt,
mangala,2026-09-17,0.534,0.318,0.822,0.436,0.643,rt,
mangala,2026-09-18,0.534,0.306,0.851,0.434,0.653,rt,
mangala,2026-09-19,0.539,0.299,0.887,0.426,0.667,rt,
mangala,2026-09-20,0.542,0.287,0.91,0.419,0.681,rt,
mangala,2026-09-21,0.552,0.272,0.973,0.416,0.698,rt,
mangala,2026-09-22,0.552,0.273,0.979,0.415,0.702,rt,
mangala,2026-09-23,0.549,0.275,0.982,0.414,0.708,rt,
mangala,2026-09-24,0.546,0.275,1.002,0.409,0.705,rt,
mangala,2026-09-25,0.544,0.265,1.024,0.412,0.71,rt,
mangala,2026-09-26,0.54,0.257,1.062,0.408,0.708,rt,
mangala,2026-09-27,0.532,0.242,1.104,0.399,0.712,rt,
mangala,2026-09-28,0.524,0.229,1.146,0.392,0.72,rt,
mangala,2026-09-29,0.539,0.233,1.123,0.396,0.723,rt,
mangala,2026-09-30,0.542,0.229,1.142,0.392,0.736,rt,
mangala,2026-10-01,0.54,0.22,1.151,0.383,0.751,rt,
mangala,2026-10-02,0.54,0.204,1.198,0.371,0.76,rt,
mongbwalu,2026-04-23,2.689,1.482,5.965,2.049,3.659,rt,
mongbwalu,2026-04-24,2.663,1.486,5.659,2.051,3.63,rt,
mongbwalu,2026-04-25,2.653,1.47,5.634,2.046,3.588,rt,
mongbwalu,2026-04-26,2.646,1.428,5.674,2.031,3.534,rt,
mongbwalu,2026-04-27,2.598,1.373,5.66,1.987,3.483,rt,
mongbwalu,2026-04-28,2.595,1.435,5.354,2.012,3.44,rt,
mongbwalu,2026-04-29,2.587,1.454,5.089,2.049,3.391,rt,
mongbwalu,2026-04-30,2.581,1.468,4.908,2.07,3.387,rt,
mongbwalu,2026-05-01,2.579,1.495,4.878,2.063,3.346,rt,
mongbwalu,2026-05-02,2.587,1.5,4.906,2.066,3.348,rt,
mongbwalu,2026-05-03,2.606,1.462,4.939,2.069,3.34,rt,
mongbwalu,2026-05-04,2.594,1.412,5.014,2.05,3.357,rt,
mongbwalu,2026-05-05,2.605,1.496,4.814,2.09,3.32,rt,
mongbwalu,2026-05-06,2.623,1.552,4.622,2.117,3.307,rt,
mongbwalu,2026-05-07,2.648,1.61,4.553,2.152,3.322,rt,
mongbwalu,2026-05-08,2.649,1.652,4.539,2.166,3.303,rt,
mongbwalu,2026-05-09,2.647,1.662,4.56,2.17,3.27,rt,
mongbwalu,2026-05-10,2.667,1.645,4.578,2.175,3.28,rt,
mongbwalu,2026-05-11,2.607,1.588,4.492,2.115,3.253,rt,
mongbwalu,2026-05-12,2.584,1.65,4.265,2.148,3.154,rt,
mongbwalu,2026-05-13,2.558,1.721,4.047,2.161,3.071,rt,
mongbwalu,2026-05-14,2.538,1.759,3.922,2.154,2.995,rt,
mongbwalu,2026-05-15,2.506,1.782,3.801,2.141,2.929,rt,
mongbwalu,2026-05-16,2.473,1.791,3.725,2.136,2.862,rt,
mongbwalu,2026-05-17,2.451,1.757,3.693,2.116,2.816,rt,
mongbwalu,2026-05-18,2.398,1.701,3.685,2.087,2.795,rt,
mongbwalu,2026-05-19,2.387,1.772,3.5,2.103,2.741,rt,
mongbwalu,2026-05-20,2.371,1.822,3.406,2.109,2.695,rt,
mongbwalu,2026-05-21,2.36,1.84,3.29,2.115,2.646,rt,
mongbwalu,2026-05-22,2.32,1.823,3.239,2.087,2.605,rt,
mongbwalu,2026-05-23,2.28,1.799,3.138,2.054,2.577,rt,
mongbwalu,2026-05-24,2.242,1.748,3.105,2.019,2.54,rt,
mongbwalu,2026-05-25,2.2,1.687,3.081,1.963,2.493,rt,
mongbwalu,2026-05-26,2.081,1.648,2.803,1.886,2.328,rt,
mongbwalu,2026-05-27,1.974,1.583,2.598,1.806,2.19,rt,
mongbwalu,2026-05-28,1.872,1.52,2.42,1.728,2.06,rt,
mongbwalu,2026-05-29,1.782,1.453,2.272,1.647,1.952,rt,
mongbwalu,2026-05-30,1.701,1.386,2.151,1.561,1.868,rt,
mongbwalu,2026-05-31,1.617,1.295,2.043,1.475,1.782,rt,
mongbwalu,2026-06-01,1.545,1.209,1.98,1.398,1.712,rt,
mongbwalu,2026-06-02,1.431,1.15,1.79,1.314,1.57,rt,
mongbwalu,2026-06-03,1.323,1.078,1.62,1.225,1.436,rt,
mongbwalu,2026-06-04,1.224,1.0,1.484,1.132,1.318,rt,
mongbwalu,2026-06-05,1.124,0.914,1.359,1.036,1.211,rt,
mongbwalu,2026-06-06,1.03,0.822,1.27,0.936,1.116,rt,
mongbwalu,2026-06-07,0.936,0.723,1.182,0.84,1.03,rt,
mongbwalu,2026-06-08,0.851,0.614,1.117,0.75,0.951,rt,
mongbwalu,2026-06-09,0.821,0.614,1.042,0.731,0.906,rt,
mongbwalu,2026-06-10,0.788,0.606,0.976,0.712,0.863,rt,
mongbwalu,2026-06-11,0.756,0.597,0.933,0.688,0.827,rt,
mongbwalu,2026-06-12,0.731,0.576,0.897,0.663,0.794,rt,
mongbwalu,2026-06-13,0.702,0.542,0.876,0.633,0.773,rt,
mongbwalu,2026-06-14,0.675,0.5,0.868,0.598,0.755,rt,
mongbwalu,2026-06-15,0.651,0.454,0.867,0.561,0.745,rt,
mongbwalu,2026-06-16,0.669,0.49,0.863,0.591,0.752,rt,
mongbwalu,2026-06-17,0.689,0.526,0.865,0.622,0.759,rt,
mongbwalu,2026-06-18,0.71,0.558,0.875,0.647,0.775,rt,
mongbwalu,2026-06-19,0.734,0.576,0.902,0.667,0.798,rt,
mongbwalu,2026-06-20,0.756,0.586,0.945,0.683,0.828,rt,
mongbwalu,2026-06-21,0.774,0.587,1.008,0.692,0.869,rt,
mongbwalu,2026-06-22,0.799,0.581,1.086,0.707,0.917,rt,
mongbwalu,2026-06-23,0.799,0.6,1.042,0.715,0.896,rt,
mongbwalu,2026-06-24,0.796,0.621,1.008,0.722,0.878,rt,
mongbwalu,2026-06-25,0.797,0.631,0.99,0.727,0.867,rt,
mongbwalu,2026-06-26,0.791,0.633,0.982,0.722,0.862,rt,
mongbwalu,2026-06-27,0.786,0.618,0.987,0.711,0.864,rt,
mongbwalu,2026-06-28,0.778,0.59,1.019,0.693,0.871,rt,
mongbwalu,2026-06-29,0.763,0.547,1.045,0.668,0.87,rt,
mongbwalu,2026-06-30,0.761,0.565,0.996,0.673,0.847,rt,
mongbwalu,2026-07-01,0.757,0.586,0.951,0.683,0.831,rt,
mongbwalu,2026-07-02,0.752,0.59,0.927,0.68,0.819,rt,
mongbwalu,2026-07-03,0.746,0.592,0.923,0.68,0.817,rt,
mongbwalu,2026-07-04,0.742,0.574,0.934,0.672,0.821,rt,
mongbwalu,2026-07-05,0.739,0.55,0.959,0.656,0.834,rt,
mongbwalu,2026-07-06,0.738,0.522,1.008,0.643,0.854,rt,
mongbwalu,2026-07-07,0.757,0.563,0.994,0.672,0.855,rt,
mongbwalu,2026-07-08,0.776,0.596,0.986,0.697,0.863,rt,
mongbwalu,2026-07-09,0.799,0.622,1.0,0.719,0.882,rt,
mongbwalu,2026-07-10,0.819,0.629,1.034,0.741,0.903,rt,
mongbwalu,2026-07-11,0.839,0.633,1.093,0.754,0.936,rt,
mongbwalu,2026-07-12,0.861,0.622,1.177,0.757,0.973,rt,
mongbwalu,2026-07-13,0.868,0.597,1.25,0.751,1.013,rt,
mongbwalu,2026-07-14,0.853,0.607,1.176,0.744,0.965,rt,
mongbwalu,2026-07-15,0.83,0.605,1.103,0.732,0.926,rt,
mongbwalu,2026-07-16,0.808,0.602,1.045,0.718,0.892,rt,
mongbwalu,2026-07-17,0.784,0.583,1.012,0.697,0.866,rt,
mongbwalu,2026-07-18,0.763,0.55,1.0,0.67,0.851,rt,
mongbwalu,2026-07-19,0.734,0.515,0.99,0.642,0.839,rt,
mongbwalu,2026-07-20,0.713,0.477,1.01,0.609,0.833,rt,
mongbwalu,2026-07-21,0.69,0.489,0.937,0.599,0.791,rt,
mongbwalu,2026-07-22,0.67,0.485,0.879,0.583,0.755,rt,
mongbwalu,2026-07-23,0.644,0.474,0.839,0.569,0.727,rt,
mongbwalu,2026-07-24,0.626,0.452,0.822,0.552,0.708,rt,
mongbwalu,2026-07-25,0.604,0.42,0.822,0.531,0.692,rt,
mongbwalu,2026-07-26,0.585,0.386,0.831,0.509,0.676,rt,
mongbwalu,2026-07-27,0.569,0.356,0.849,0.483,0.67,rt,
mongbwalu,2026-07-28,0.576,0.38,0.822,0.497,0.665,rt,
mongbwalu,2026-07-29,0.581,0.4,0.799,0.508,0.662,rt,
mongbwalu,2026-07-30,0.582,0.41,0.789,0.511,0.668,rt,
mongbwalu,2026-07-31,0.583,0.41,0.786,0.51,0.669,rt,
mongbwalu,2026-08-01,0.582,0.397,0.809,0.504,0.67,rt,
mongbwalu,2026-08-02,0.581,0.381,0.837,0.494,0.677,rt,
mongbwalu,2026-08-03,0.579,0.36,0.855,0.48,0.682,rt,
mongbwalu,2026-08-04,0.602,0.394,0.871,0.514,0.7,rt,
mongbwalu,2026-08-05,0.63,0.426,0.88,0.544,0.721,rt,
mongbwalu,2026-08-06,0.659,0.458,0.901,0.574,0.748,rt,
mongbwalu,2026-08-07,0.684,0.473,0.926,0.596,0.774,rt,
mongbwalu,2026-08-08,0.712,0.486,0.976,0.613,0.813,rt,
mongbwalu,2026-08-09,0.737,0.49,1.04,0.621,0.856,rt,
mongbwalu,2026-08-10,0.758,0.487,1.115,0.625,0.896,rt,
mongbwalu,2026-08-11,0.8,0.542,1.123,0.678,0.926,rt,
mongbwalu,2026-08-12,0.84,0.601,1.15,0.728,0.961,rt,
mongbwalu,2026-08-13,0.889,0.653,1.204,0.778,1.01,rt,
mongbwalu,2026-08-14,0.932,0.696,1.277,0.827,1.067,rt,
mongbwalu,2026-08-15,0.98,0.73,1.355,0.864,1.131,rt,
mongbwalu,2026-08-16,1.037,0.743,1.49,0.904,1.205,rt,
mongbwalu,2026-08-17,1.099,0.755,1.667,0.946,1.302,rt,
mongbwalu,2026-08-18,1.159,0.832,1.677,1.012,1.339,rt,
mongbwalu,2026-08-19,1.221,0.906,1.687,1.075,1.38,rt,
mongbwalu,2026-08-20,1.28,0.968,1.712,1.136,1.439,rt,
mongbwalu,2026-08-21,1.348,1.025,1.78,1.2,1.515,rt,
mongbwalu,2026-08-22,1.409,1.058,1.898,1.254,1.599,rt,
mongbwalu,2026-08-23,1.474,1.072,2.046,1.295,1.69,rt,
mongbwalu,2026-08-24,1.567,1.098,2.277,1.352,1.816,rt,
mongbwalu,2026-08-25,1.564,1.149,2.146,1.386,1.785,rt,
mongbwalu,2026-08-26,1.558,1.196,2.062,1.401,1.757,rt,
mongbwalu,2026-08-27,1.563,1.218,2.002,1.403,1.731,rt,
mongbwalu,2026-08-28,1.554,1.217,2.004,1.393,1.718,rt,
mongbwalu,2026-08-29,1.542,1.183,2.024,1.374,1.713,rt,
mongbwalu,2026-08-30,1.525,1.126,2.08,1.347,1.712,rt,
mongbwalu,2026-08-31,1.496,1.037,2.105,1.293,1.703,rt,
mongbwalu,2026-09-01,1.399,1.016,1.899,1.237,1.576,rt,
mongbwalu,2026-09-02,1.313,0.975,1.722,1.168,1.468,rt,
mongbwalu,2026-09-03,1.224,0.927,1.586,1.097,1.373,rt,
mongbwalu,2026-09-04,1.144,0.859,1.482,1.02,1.28,rt,
mongbwalu,2026-09-05,1.062,0.784,1.409,0.937,1.195,rt,
mongbwalu,2026-09-06,0.983,0.689,1.354,0.854,1.116,rt,
mongbwalu,2026-09-07,0.894,0.591,1.29,0.767,1.038,rt,
mongbwalu,2026-09-08,0.835,0.577,1.177,0.722,0.96,rt,
mongbwalu,2026-09-09,0.78,0.542,1.08,0.674,0.895,rt,
mongbwalu,2026-09-10,0.727,0.509,1.017,0.625,0.839,rt,
mongbwalu,2026-09-11,0.677,0.461,0.951,0.579,0.782,rt,
mongbwalu,2026-09-12,0.627,0.407,0.908,0.532,0.733,rt,
mongbwalu,2026-09-13,0.582,0.361,0.865,0.484,0.692,rt,
mongbwalu,2026-09-14,0.536,0.31,0.83,0.435,0.655,rt,
mongbwalu,2026-09-15,0.525,0.307,0.797,0.43,0.635,rt,
mongbwalu,2026-09-16,0.515,0.305,0.777,0.422,0.622,rt,
mongbwalu,2026-09-17,0.503,0.295,0.767,0.409,0.614,rt,
mongbwalu,2026-09-18,0.494,0.277,0.771,0.398,0.606,rt,
mongbwalu,2026-09-19,0.485,0.259,0.79,0.383,0.607,rt,
mongbwalu,2026-09-20,0.474,0.24,0.825,0.367,0.601,rt,
mongbwalu,2026-09-21,0.468,0.217,0.857,0.354,0.612,rt,
mongbwalu,2026-09-22,0.471,0.227,0.863,0.358,0.614,rt,
mongbwalu,2026-09-23,0.471,0.226,0.864,0.356,0.617,rt,
mongbwalu,2026-09-24,0.471,0.22,0.881,0.35,0.623,rt,
mongbwalu,2026-09-25,0.471,0.214,0.91,0.347,0.626,rt,
mongbwalu,2026-09-26,0.472,0.208,0.954,0.338,0.629,rt,
mongbwalu,2026-09-27,0.471,0.198,0.993,0.327,0.637,rt,
mongbwalu,2026-09-28,0.47,0.187,1.063,0.322,0.64,rt,
mongbwalu,2026-09-29,0.476,0.193,1.042,0.33,0.649,rt,
mongbwalu,2026-09-30,0.484,0.195,1.064,0.335,0.666,rt,
mongbwalu,2026-10-01,0.479,0.19,1.107,0.328,0.666,rt,
mongbwalu,2026-10-02,0.477,0.174,1.166,0.321,0.687,rt,
nia_nia,2026-06-05,2.75,1.742,4.518,2.31,3.338,rt,
nia_nia,2026-06-06,2.725,1.713,4.569,2.273,3.353,rt,
nia_nia,2026-06-07,2.703,1.618,4.699,2.196,3.34,rt,
nia_nia,2026-06-08,2.658,1.509,4.782,2.119,3.353,rt,
nia_nia,2026-06-09,2.559,1.55,4.352,2.104,3.172,rt,
nia_nia,2026-06-10,2.467,1.589,4.09,2.061,3.002,rt,
nia_nia,2026-06-11,2.386,1.563,3.82,2.006,2.843,rt,
nia_nia,2026-06-12,2.312,1.522,3.651,1.954,2.74,rt,
nia_nia,2026-06-13,2.226,1.421,3.486,1.862,2.663,rt,
nia_nia,2026-06-14,2.136,1.324,3.545,1.777,2.596,rt,
nia_nia,2026-06-15,2.061,1.199,3.595,1.682,2.564,rt,
nia_nia,2026-06-16,2.023,1.259,3.371,1.686,2.452,rt,
nia_nia,2026-06-17,2.007,1.305,3.144,1.7,2.372,rt,
nia_nia,2026-06-18,1.982,1.342,2.979,1.685,2.305,rt,
nia_nia,2026-06-19,1.946,1.316,2.849,1.674,2.278,rt,
nia_nia,2026-06-20,1.918,1.278,2.835,1.643,2.255,rt,
nia_nia,2026-06-21,1.894,1.225,2.884,1.589,2.233,rt,
nia_nia,2026-06-22,1.879,1.147,3.018,1.541,2.27,rt,
nia_nia,2026-06-23,1.831,1.191,2.785,1.53,2.163,rt,
nia_nia,2026-06-24,1.788,1.232,2.582,1.534,2.077,rt,
nia_nia,2026-06-25,1.742,1.245,2.452,1.518,2.006,rt,
nia_nia,2026-06-26,1.688,1.212,2.364,1.478,1.955,rt,
nia_nia,2026-06-27,1.655,1.157,2.363,1.429,1.914,rt,
nia_nia,2026-06-28,1.608,1.077,2.384,1.373,1.88,rt,
nia_nia,2026-06-29,1.551,0.977,2.413,1.289,1.832,rt,
nia_nia,2026-06-30,1.517,1.018,2.223,1.292,1.754,rt,
nia_nia,2026-07-01,1.48,1.032,2.083,1.295,1.684,rt,
nia_nia,2026-07-02,1.45,1.027,1.978,1.284,1.636,rt,
nia_nia,2026-07-03,1.425,1.003,1.923,1.255,1.61,rt,
nia_nia,2026-07-04,1.396,0.957,1.92,1.223,1.604,rt,
nia_nia,2026-07-05,1.368,0.906,1.992,1.174,1.603,rt,
nia_nia,2026-07-06,1.352,0.841,2.067,1.123,1.617,rt,
nia_nia,2026-07-07,1.356,0.912,1.964,1.156,1.578,rt,
nia_nia,2026-07-08,1.36,0.956,1.891,1.187,1.551,rt,
nia_nia,2026-07-09,1.37,1.0,1.854,1.219,1.549,rt,
nia_nia,2026-07-10,1.382,1.01,1.866,1.223,1.556,rt,
nia_nia,2026-07-11,1.39,0.985,1.918,1.209,1.592,rt,
nia_nia,2026-07-12,1.396,0.946,2.02,1.189,1.639,rt,
nia_nia,2026-07-13,1.404,0.878,2.132,1.157,1.686,rt,
nia_nia,2026-07-14,1.409,0.954,2.039,1.207,1.653,rt,
nia_nia,2026-07-15,1.427,1.026,1.973,1.246,1.638,rt,
nia_nia,2026-07-16,1.441,1.078,1.941,1.276,1.611,rt,
nia_nia,2026-07-17,1.462,1.083,1.951,1.298,1.639,rt,
nia_nia,2026-07-18,1.474,1.069,2.029,1.303,1.676,rt,
nia_nia,2026-07-19,1.486,1.032,2.121,1.277,1.723,rt,
nia_nia,2026-07-20,1.505,0.989,2.284,1.254,1.787,rt,
nia_nia,2026-07-21,1.476,1.033,2.123,1.27,1.723,rt,
nia_nia,2026-07-22,1.451,1.066,1.982,1.268,1.666,rt,
nia_nia,2026-07-23,1.427,1.067,1.918,1.256,1.616,rt,
nia_nia,2026-07-24,1.415,1.049,1.9,1.243,1.586,rt,
nia_nia,2026-07-25,1.391,0.999,1.914,1.219,1.572,rt,
nia_nia,2026-07-26,1.367,0.941,1.948,1.179,1.574,rt,
nia_nia,2026-07-27,1.346,0.863,2.034,1.142,1.587,rt,
nia_nia,2026-07-28,1.269,0.878,1.826,1.105,1.465,rt,
nia_nia,2026-07-29,1.197,0.86,1.666,1.061,1.369,rt,
nia_nia,2026-07-30,1.13,0.828,1.53,1.005,1.285,rt,
nia_nia,2026-07-31,1.063,0.767,1.445,0.937,1.207,rt,
nia_nia,2026-08-01,0.998,0.688,1.405,0.863,1.141,rt,
nia_nia,2026-08-02,0.93,0.607,1.362,0.784,1.094,rt,
nia_nia,2026-08-03,0.863,0.527,1.351,0.713,1.051,rt,
nia_nia,2026-08-04,0.819,0.528,1.216,0.698,0.978,rt,
nia_nia,2026-08-05,0.78,0.516,1.118,0.666,0.912,rt,
nia_nia,2026-08-06,0.744,0.5,1.044,0.635,0.857,rt,
nia_nia,2026-08-07,0.703,0.467,0.989,0.6,0.806,rt,
nia_nia,2026-08-08,0.661,0.432,0.949,0.559,0.77,rt,
nia_nia,2026-08-09,0.618,0.39,0.923,0.518,0.74,rt,
nia_nia,2026-08-10,0.581,0.338,0.901,0.471,0.71,rt,
nia_nia,2026-08-11,0.585,0.359,0.86,0.477,0.696,rt,
nia_nia,2026-08-12,0.585,0.372,0.823,0.486,0.684,rt,
nia_nia,2026-08-13,0.583,0.377,0.81,0.491,0.678,rt,
nia_nia,2026-08-14,0.579,0.377,0.807,0.491,0.676,rt,
nia_nia,2026-08-15,0.579,0.363,0.83,0.485,0.679,rt,
nia_nia,2026-08-16,0.573,0.348,0.865,0.474,0.683,rt,
nia_nia,2026-08-17,0.574,0.337,0.923,0.464,0.699,rt,
nia_nia,2026-08-18,0.608,0.381,0.914,0.504,0.727,rt,
nia_nia,2026-08-19,0.641,0.418,0.935,0.544,0.753,rt,
nia_nia,2026-08-20,0.676,0.456,0.963,0.583,0.786,rt,
nia_nia,2026-08-21,0.719,0.486,1.02,0.618,0.827,rt,
nia_nia,2026-08-22,0.764,0.504,1.09,0.652,0.879,rt,
nia_nia,2026-08-23,0.807,0.503,1.198,0.679,0.946,rt,
nia_nia,2026-08-24,0.861,0.518,1.334,0.714,1.034,rt,
nia_nia,2026-08-25,0.936,0.609,1.369,0.797,1.101,rt,
nia_nia,2026-08-26,1.02,0.709,1.419,0.883,1.176,rt,
nia_nia,2026-08-27,1.11,0.809,1.498,0.978,1.263,rt,
nia_nia,2026-08-28,1.209,0.888,1.597,1.069,1.365,rt,
nia_nia,2026-08-29,1.314,0.949,1.749,1.162,1.484,rt,
nia_nia,2026-08-30,1.415,0.992,1.961,1.238,1.621,rt,
nia_nia,2026-08-31,1.515,1.005,2.22,1.287,1.776,rt,
nia_nia,2026-09-01,1.517,1.075,2.108,1.32,1.737,rt,
nia_nia,2026-09-02,1.52,1.131,2.016,1.342,1.699,rt,
nia_nia,2026-09-03,1.515,1.163,1.978,1.362,1.683,rt,
nia_nia,2026-09-04,1.504,1.157,1.952,1.359,1.672,rt,
nia_nia,2026-09-05,1.501,1.142,1.971,1.335,1.67,rt,
nia_nia,2026-09-06,1.48,1.088,2.003,1.295,1.676,rt,
nia_nia,2026-09-07,1.429,0.992,2.017,1.241,1.674,rt,
nia_nia,2026-09-08,1.371,0.993,1.861,1.206,1.571,rt,
nia_nia,2026-09-09,1.316,0.979,1.735,1.156,1.487,rt,
nia_nia,2026-09-10,1.252,0.923,1.647,1.106,1.408,rt,
nia_nia,2026-09-11,1.195,0.859,1.574,1.054,1.341,rt,
nia_nia,2026-09-12,1.135,0.786,1.547,0.983,1.294,rt,
nia_nia,2026-09-13,1.075,0.711,1.509,0.915,1.248,rt,
nia_nia,2026-09-14,1.015,0.632,1.499,0.844,1.2,rt,
nia_nia,2026-09-15,0.971,0.613,1.389,0.808,1.138,rt,
nia_nia,2026-09-16,0.929,0.581,1.338,0.774,1.09,rt,
nia_nia,2026-09-17,0.89,0.541,1.288,0.74,1.062,rt,
nia_nia,2026-09-18,0.854,0.501,1.284,0.704,1.033,rt,
nia_nia,2026-09-19,0.822,0.457,1.292,0.66,1.017,rt,
nia_nia,2026-09-20,0.792,0.412,1.312,0.62,1.001,rt,
nia_nia,2026-09-21,0.77,0.374,1.36,0.584,0.987,rt,
nia_nia,2026-09-22,0.762,0.371,1.332,0.582,0.973,rt,
nia_nia,2026-09-23,0.759,0.358,1.331,0.573,0.973,rt,
nia_nia,2026-09-24,0.748,0.341,1.35,0.556,0.972,rt,
nia_nia,2026-09-25,0.736,0.321,1.377,0.547,0.969,rt,
nia_nia,2026-09-26,0.719,0.308,1.425,0.528,0.964,rt,
nia_nia,2026-09-27,0.702,0.287,1.482,0.505,0.964,rt,
nia_nia,2026-09-28,0.696,0.266,1.533,0.482,0.968,rt,
nia_nia,2026-09-29,0.695,0.274,1.496,0.486,0.967,rt,
nia_nia,2026-09-30,0.689,0.266,1.504,0.488,0.971,rt,
nia_nia,2026-10-01,0.681,0.249,1.565,0.48,0.979,rt,
nia_nia,2026-10-02,0.675,0.226,1.612,0.457,0.972,rt,
nizi,2026-05-23,1.917,1.288,2.854,1.638,2.258,rt,
nizi,2026-05-24,1.871,1.228,2.853,1.589,2.233,rt,
nizi,2026-05-25,1.831,1.149,2.845,1.533,2.202,rt,
nizi,2026-05-26,1.847,1.207,2.776,1.559,2.184,rt,
nizi,2026-05-27,1.859,1.254,2.729,1.596,2.191,rt,
nizi,2026-05-28,1.876,1.295,2.71,1.627,2.197,rt,
nizi,2026-05-29,1.896,1.306,2.729,1.651,2.22,rt,
nizi,2026-05-30,1.92,1.313,2.78,1.666,2.244,rt,
nizi,2026-05-31,1.948,1.292,2.858,1.678,2.276,rt,
nizi,2026-06-01,1.982,1.283,2.958,1.681,2.331,rt,
nizi,2026-06-02,2.054,1.409,2.959,1.784,2.377,rt,
nizi,2026-06-03,2.126,1.527,2.936,1.877,2.429,rt,
nizi,2026-06-04,2.203,1.651,2.982,1.962,2.47,rt,
nizi,2026-06-05,2.261,1.722,3.051,2.032,2.53,rt,
nizi,2026-06-06,2.311,1.78,3.096,2.079,2.607,rt,
nizi,2026-06-07,2.368,1.797,3.175,2.106,2.662,rt,
nizi,2026-06-08,2.414,1.778,3.299,2.121,2.719,rt,
nizi,2026-06-09,2.424,1.846,3.218,2.155,2.706,rt,
nizi,2026-06-10,2.429,1.889,3.17,2.179,2.694,rt,
nizi,2026-06-11,2.427,1.915,3.162,2.195,2.692,rt,
nizi,2026-06-12,2.437,1.916,3.177,2.214,2.688,rt,
nizi,2026-06-13,2.44,1.919,3.199,2.219,2.698,rt,
nizi,2026-06-14,2.444,1.887,3.243,2.199,2.711,rt,
nizi,2026-06-15,2.442,1.847,3.313,2.189,2.734,rt,
nizi,2026-06-16,2.427,1.885,3.211,2.189,2.691,rt,
nizi,2026-06-17,2.406,1.915,3.092,2.187,2.653,rt,
nizi,2026-06-18,2.383,1.921,3.034,2.176,2.616,rt,
nizi,2026-06-19,2.359,1.919,3.01,2.157,2.585,rt,
nizi,2026-06-20,2.339,1.908,2.974,2.137,2.567,rt,
nizi,2026-06-21,2.311,1.873,2.981,2.1,2.544,rt,
nizi,2026-06-22,2.302,1.836,3.027,2.079,2.554,rt,
nizi,2026-06-23,2.263,1.841,2.897,2.059,2.485,rt,
nizi,2026-06-24,2.225,1.824,2.792,2.034,2.428,rt,
nizi,2026-06-25,2.18,1.809,2.703,1.996,2.371,rt,
nizi,2026-06-26,2.13,1.76,2.625,1.956,2.321,rt,
nizi,2026-06-27,2.076,1.701,2.597,1.907,2.272,rt,
nizi,2026-06-28,2.027,1.643,2.555,1.854,2.236,rt,
nizi,2026-06-29,1.955,1.55,2.518,1.768,2.175,rt,
nizi,2026-06-30,1.852,1.488,2.31,1.689,2.026,rt,
nizi,2026-07-01,1.752,1.431,2.159,1.608,1.9,rt,
nizi,2026-07-02,1.654,1.365,2.024,1.524,1.786,rt,
nizi,2026-07-03,1.566,1.296,1.914,1.448,1.697,rt,
nizi,2026-07-04,1.486,1.221,1.821,1.37,1.608,rt,
nizi,2026-07-05,1.41,1.139,1.741,1.29,1.531,rt,
nizi,2026-07-06,1.338,1.059,1.698,1.216,1.473,rt,
nizi,2026-07-07,1.286,1.04,1.583,1.175,1.402,rt,
nizi,2026-07-08,1.232,1.012,1.487,1.141,1.332,rt,
nizi,2026-07-09,1.184,0.987,1.406,1.102,1.273,rt,
nizi,2026-07-10,1.139,0.951,1.344,1.058,1.215,rt,
nizi,2026-07-11,1.089,0.903,1.297,1.014,1.168,rt,
nizi,2026-07-12,1.042,0.846,1.262,0.963,1.125,rt,
nizi,2026-07-13,0.995,0.781,1.223,0.905,1.084,rt,
nizi,2026-07-14,0.983,0.786,1.185,0.905,1.06,rt,
nizi,2026-07-15,0.971,0.796,1.158,0.897,1.043,rt,
nizi,2026-07-16,0.957,0.791,1.139,0.889,1.029,rt,
nizi,2026-07-17,0.944,0.782,1.128,0.878,1.015,rt,
nizi,2026-07-18,0.93,0.762,1.129,0.864,1.006,rt,
nizi,2026-07-19,0.917,0.739,1.131,0.844,0.994,rt,
nizi,2026-07-20,0.905,0.71,1.145,0.825,0.99,rt,
nizi,2026-07-21,0.901,0.725,1.114,0.833,0.98,rt,
nizi,2026-07-22,0.902,0.739,1.087,0.836,0.972,rt,
nizi,2026-07-23,0.899,0.748,1.066,0.834,0.966,rt,
nizi,2026-07-24,0.899,0.751,1.063,0.837,0.966,rt,
nizi,2026-07-25,0.9,0.748,1.069,0.835,0.969,rt,
nizi,2026-07-26,0.899,0.73,1.091,0.827,0.973,rt,
nizi,2026-07-27,0.901,0.712,1.119,0.821,0.982,rt,
nizi,2026-07-28,0.912,0.743,1.11,0.842,0.985,rt,
nizi,2026-07-29,0.924,0.77,1.102,0.861,0.99,rt,
nizi,2026-07-30,0.934,0.785,1.1,0.874,1.0,rt,
nizi,2026-07-31,0.94,0.795,1.111,0.877,1.008,rt,
nizi,2026-08-01,0.943,0.791,1.129,0.877,1.017,rt,
nizi,2026-08-02,0.942,0.775,1.155,0.874,1.025,rt,
nizi,2026-08-03,0.939,0.75,1.178,0.861,1.032,rt,
nizi,2026-08-04,0.936,0.765,1.15,0.867,1.02,rt,
nizi,2026-08-05,0.934,0.778,1.125,0.869,1.009,rt,
nizi,2026-08-06,0.93,0.781,1.118,0.867,1.002,rt,
nizi,2026-08-07,0.921,0.778,1.107,0.861,0.987,rt,
nizi,2026-08-08,0.912,0.756,1.108,0.849,0.984,rt,
nizi,2026-08-09,0.901,0.737,1.105,0.834,0.976,rt,
nizi,2026-08-10,0.886,0.708,1.105,0.807,0.969,rt,
nizi,2026-08-11,0.855,0.698,1.048,0.785,0.926,rt,
nizi,2026-08-12,0.822,0.682,0.993,0.764,0.89,rt,
nizi,2026-08-13,0.794,0.663,0.953,0.737,0.855,rt,
nizi,2026-08-14,0.765,0.635,0.918,0.712,0.822,rt,
nizi,2026-08-15,0.734,0.606,0.893,0.684,0.795,rt,
nizi,2026-08-16,0.708,0.571,0.87,0.65,0.769,rt,
nizi,2026-08-17,0.686,0.537,0.864,0.623,0.754,rt,
nizi,2026-08-18,0.672,0.535,0.829,0.613,0.732,rt,
nizi,2026-08-19,0.658,0.526,0.8,0.601,0.713,rt,
nizi,2026-08-20,0.641,0.509,0.776,0.587,0.695,rt,
nizi,2026-08-21,0.629,0.495,0.761,0.575,0.681,rt,
nizi,2026-08-22,0.614,0.48,0.755,0.56,0.671,rt,
nizi,2026-08-23,0.599,0.457,0.75,0.54,0.659,rt,
nizi,2026-08-24,0.59,0.438,0.762,0.527,0.66,rt,
nizi,2026-08-25,0.596,0.451,0.754,0.538,0.661,rt,
nizi,2026-08-26,0.602,0.465,0.753,0.548,0.664,rt,
nizi,2026-08-27,0.608,0.473,0.756,0.553,0.668,rt,
nizi,2026-08-28,0.612,0.473,0.759,0.556,0.67,rt,
nizi,2026-08-29,0.615,0.472,0.767,0.558,0.674,rt,
nizi,2026-08-30,0.618,0.465,0.786,0.551,0.681,rt,
nizi,2026-08-31,0.612,0.446,0.798,0.54,0.68,rt,
nizi,2026-09-01,0.626,0.471,0.801,0.559,0.688,rt,
nizi,2026-09-02,0.636,0.488,0.814,0.575,0.704,rt,
nizi,2026-09-03,0.65,0.503,0.821,0.589,0.715,rt,
nizi,2026-09-04,0.66,0.51,0.832,0.598,0.726,rt,
nizi,2026-09-05,0.671,0.508,0.845,0.601,0.736,rt,
nizi,2026-09-06,0.677,0.501,0.871,0.603,0.75,rt,
nizi,2026-09-07,0.669,0.484,0.896,0.589,0.751,rt,
nizi,2026-09-08,0.664,0.487,0.869,0.59,0.74,rt,
nizi,2026-09-09,0.657,0.492,0.852,0.586,0.73,rt,
nizi,2026-09-10,0.651,0.484,0.849,0.58,0.723,rt,
nizi,2026-09-11,0.638,0.476,0.833,0.569,0.714,rt,
nizi,2026-09-12,0.629,0.458,0.844,0.553,0.708,rt,
nizi,2026-09-13,0.613,0.433,0.851,0.535,0.703,rt,
nizi,2026-09-14,0.599,0.402,0.866,0.513,0.698,rt,
nizi,2026-09-15,0.601,0.408,0.859,0.52,0.7,rt,
nizi,2026-09-16,0.604,0.411,0.87,0.523,0.706,rt,
nizi,2026-09-17,0.612,0.41,0.88,0.525,0.714,rt,
nizi,2026-09-18,0.615,0.407,0.906,0.523,0.721,rt,
nizi,2026-09-19,0.622,0.394,0.933,0.52,0.737,rt,
nizi,2026-09-20,0.625,0.38,0.992,0.514,0.755,rt,
nizi,2026-09-21,0.638,0.367,1.07,0.513,0.785,rt,
nizi,2026-09-22,0.64,0.365,1.057,0.512,0.784,rt,
nizi,2026-09-23,0.637,0.361,1.063,0.504,0.79,rt,
nizi,2026-09-24,0.639,0.352,1.076,0.503,0.797,rt,
nizi,2026-09-25,0.635,0.344,1.087,0.498,0.801,rt,
nizi,2026-09-26,0.631,0.328,1.121,0.491,0.805,rt,
nizi,2026-09-27,0.629,0.308,1.156,0.482,0.815,rt,
nizi,2026-09-28,0.625,0.296,1.181,0.468,0.823,rt,
nizi,2026-09-29,0.63,0.288,1.186,0.465,0.826,rt,
nizi,2026-09-30,0.624,0.281,1.212,0.46,0.838,rt,
nizi,2026-10-01,0.62,0.271,1.21,0.444,0.839,rt,
nizi,2026-10-02,0.609,0.247,1.214,0.428,0.848,rt,
nyankunde,2026-05-01,2.08,1.246,3.807,1.665,2.597,rt,
nyankunde,2026-05-02,2.06,1.235,3.849,1.655,2.582,rt,
nyankunde,2026-05-03,2.054,1.205,3.808,1.643,2.57,rt,
nyankunde,2026-05-04,2.054,1.172,3.802,1.621,2.576,rt,
nyankunde,2026-05-05,2.048,1.204,3.72,1.623,2.541,rt,
nyankunde,2026-05-06,2.028,1.23,3.587,1.625,2.488,rt,
nyankunde,2026-05-07,2.023,1.24,3.496,1.635,2.506,rt,
nyankunde,2026-05-08,2.008,1.247,3.432,1.64,2.479,rt,
nyankunde,2026-05-09,1.997,1.224,3.407,1.638,2.462,rt,
nyankunde,2026-05-10,1.985,1.21,3.405,1.62,2.438,rt,
nyankunde,2026-05-11,1.917,1.138,3.351,1.573,2.383,rt,
nyankunde,2026-05-12,1.879,1.15,3.145,1.545,2.3,rt,
nyankunde,2026-05-13,1.836,1.15,3.037,1.528,2.239,rt,
nyankunde,2026-05-14,1.795,1.158,2.921,1.508,2.19,rt,
nyankunde,2026-05-15,1.762,1.139,2.799,1.475,2.147,rt,
nyankunde,2026-05-16,1.722,1.116,2.705,1.437,2.094,rt,
nyankunde,2026-05-17,1.683,1.069,2.66,1.409,2.045,rt,
nyankunde,2026-05-18,1.639,1.024,2.666,1.357,2.008,rt,
nyankunde,2026-05-19,1.619,1.039,2.559,1.351,1.953,rt,
nyankunde,2026-05-20,1.593,1.054,2.482,1.339,1.899,rt,
nyankunde,2026-05-21,1.567,1.068,2.389,1.326,1.855,rt,
nyankunde,2026-05-22,1.531,1.048,2.328,1.296,1.795,rt,
nyankunde,2026-05-23,1.49,1.008,2.278,1.269,1.755,rt,
nyankunde,2026-05-24,1.456,0.957,2.24,1.237,1.728,rt,
nyankunde,2026-05-25,1.408,0.9,2.264,1.189,1.691,rt,
nyankunde,2026-05-26,1.399,0.919,2.162,1.202,1.644,rt,
nyankunde,2026-05-27,1.393,0.956,2.07,1.207,1.609,rt,
nyankunde,2026-05-28,1.393,0.987,2.011,1.206,1.596,rt,
nyankunde,2026-05-29,1.382,0.993,1.976,1.201,1.584,rt,
nyankunde,2026-05-30,1.37,0.982,1.965,1.197,1.583,rt,
nyankunde,2026-05-31,1.369,0.964,1.982,1.183,1.586,rt,
nyankunde,2026-06-01,1.356,0.936,2.032,1.168,1.604,rt,
nyankunde,2026-06-02,1.355,0.962,1.936,1.18,1.563,rt,
nyankunde,2026-06-03,1.343,0.994,1.866,1.181,1.526,rt,
nyankunde,2026-06-04,1.319,0.998,1.845,1.178,1.502,rt,
nyankunde,2026-06-05,1.299,0.989,1.809,1.163,1.472,rt,
nyankunde,2026-06-06,1.278,0.952,1.778,1.132,1.441,rt,
nyankunde,2026-06-07,1.245,0.908,1.764,1.098,1.43,rt,
nyankunde,2026-06-08,1.203,0.85,1.761,1.052,1.413,rt,
nyankunde,2026-06-09,1.151,0.825,1.616,1.016,1.329,rt,
nyankunde,2026-06-10,1.106,0.802,1.497,0.976,1.256,rt,
nyankunde,2026-06-11,1.049,0.763,1.408,0.929,1.188,rt,
nyankunde,2026-06-12,0.999,0.726,1.33,0.89,1.131,rt,
nyankunde,2026-06-13,0.953,0.678,1.273,0.843,1.076,rt,
nyankunde,2026-06-14,0.905,0.624,1.245,0.795,1.025,rt,
nyankunde,2026-06-15,0.86,0.572,1.221,0.741,0.991,rt,
nyankunde,2026-06-16,0.828,0.571,1.14,0.716,0.937,rt,
nyankunde,2026-06-17,0.799,0.559,1.065,0.691,0.895,rt,
nyankunde,2026-06-18,0.762,0.537,1.019,0.665,0.853,rt,
nyankunde,2026-06-19,0.731,0.517,0.985,0.642,0.82,rt,
nyankunde,2026-06-20,0.702,0.488,0.963,0.608,0.79,rt,
nyankunde,2026-06-21,0.675,0.451,0.947,0.577,0.766,rt,
nyankunde,2026-06-22,0.656,0.423,0.937,0.549,0.752,rt,
nyankunde,2026-06-23,0.644,0.429,0.9,0.551,0.74,rt,
nyankunde,2026-06-24,0.635,0.431,0.881,0.553,0.729,rt,
nyankunde,2026-06-25,0.629,0.435,0.86,0.548,0.72,rt,
nyankunde,2026-06-26,0.622,0.428,0.846,0.536,0.71,rt,
nyankunde,2026-06-27,0.613,0.417,0.841,0.525,0.704,rt,
nyankunde,2026-06-28,0.605,0.398,0.847,0.512,0.704,rt,
nyankunde,2026-06-29,0.588,0.366,0.849,0.493,0.69,rt,
nyankunde,2026-06-30,0.589,0.384,0.832,0.503,0.682,rt,
nyankunde,2026-07-01,0.594,0.401,0.821,0.51,0.682,rt,
nyankunde,2026-07-02,0.6,0.408,0.818,0.517,0.678,rt,
nyankunde,2026-07-03,0.604,0.415,0.828,0.521,0.689,rt,
nyankunde,2026-07-04,0.609,0.417,0.837,0.521,0.698,rt,
nyankunde,2026-07-05,0.613,0.413,0.858,0.523,0.714,rt,
nyankunde,2026-07-06,0.619,0.404,0.894,0.521,0.728,rt,
nyankunde,2026-07-07,0.64,0.435,0.898,0.547,0.739,rt,
nyankunde,2026-07-08,0.657,0.454,0.899,0.574,0.757,rt,
nyankunde,2026-07-09,0.68,0.474,0.923,0.594,0.774,rt,
nyankunde,2026-07-10,0.702,0.497,0.947,0.615,0.795,rt,
nyankunde,2026-07-11,0.722,0.51,0.985,0.626,0.826,rt,
nyankunde,2026-07-12,0.736,0.517,1.033,0.642,0.854,rt,
nyankunde,2026-07-13,0.753,0.515,1.09,0.648,0.884,rt,
nyankunde,2026-07-14,0.759,0.536,1.061,0.663,0.874,rt,
nyankunde,2026-07-15,0.763,0.55,1.048,0.676,0.872,rt,
nyankunde,2026-07-16,0.764,0.555,1.055,0.677,0.872,rt,
nyankunde,2026-07-17,0.768,0.563,1.064,0.68,0.877,rt,
nyankunde,2026-07-18,0.771,0.555,1.072,0.679,0.885,rt,
nyankunde,2026-07-19,0.771,0.541,1.095,0.675,0.895,rt,
nyankunde,2026-07-20,0.774,0.524,1.129,0.673,0.907,rt,
nyankunde,2026-07-21,0.77,0.538,1.088,0.676,0.893,rt,
nyankunde,2026-07-22,0.768,0.549,1.058,0.673,0.878,rt,
nyankunde,2026-07-23,0.762,0.55,1.03,0.667,0.867,rt,
nyankunde,2026-07-24,0.76,0.548,1.036,0.668,0.865,rt,
nyankunde,2026-07-25,0.756,0.539,1.049,0.659,0.865,rt,
nyankunde,2026-07-26,0.749,0.526,1.064,0.646,0.863,rt,
nyankunde,2026-07-27,0.746,0.505,1.097,0.635,0.876,rt,
nyankunde,2026-07-28,0.748,0.516,1.063,0.645,0.863,rt,
nyankunde,2026-07-29,0.751,0.521,1.048,0.652,0.857,rt,
nyankunde,2026-07-30,0.755,0.524,1.035,0.654,0.853,rt,
nyankunde,2026-07-31,0.749,0.519,1.029,0.65,0.852,rt,
nyankunde,2026-08-01,0.74,0.503,1.035,0.642,0.849,rt,
nyankunde,2026-08-02,0.734,0.486,1.053,0.63,0.851,rt,
nyankunde,2026-08-03,0.723,0.46,1.071,0.613,0.85,rt,
nyankunde,2026-08-04,0.725,0.477,1.044,0.622,0.844,rt,
nyankunde,2026-08-05,0.726,0.497,1.014,0.632,0.843,rt,
nyankunde,2026-08-06,0.731,0.508,1.006,0.637,0.848,rt,
nyankunde,2026-08-07,0.731,0.506,1.009,0.634,0.841,rt,
nyankunde,2026-08-08,0.728,0.491,1.037,0.626,0.844,rt,
nyankunde,2026-08-09,0.724,0.484,1.056,0.617,0.85,rt,
nyankunde,2026-08-10,0.714,0.462,1.096,0.605,0.854,rt,
nyankunde,2026-08-11,0.72,0.482,1.06,0.611,0.848,rt,
nyankunde,2026-08-12,0.723,0.496,1.043,0.619,0.845,rt,
nyankunde,2026-08-13,0.727,0.499,1.026,0.62,0.842,rt,
nyankunde,2026-08-14,0.732,0.511,1.025,0.626,0.842,rt,
nyankunde,2026-08-15,0.734,0.506,1.029,0.628,0.85,rt,
nyankunde,2026-08-16,0.731,0.493,1.056,0.625,0.853,rt,
nyankunde,2026-08-17,0.734,0.482,1.1,0.625,0.871,rt,
nyankunde,2026-08-18,0.738,0.495,1.074,0.638,0.864,rt,
nyankunde,2026-08-19,0.745,0.513,1.057,0.646,0.868,rt,
nyankunde,2026-08-20,0.748,0.517,1.055,0.649,0.864,rt,
nyankunde,2026-08-21,0.753,0.52,1.058,0.658,0.876,rt,
nyankunde,2026-08-22,0.759,0.523,1.083,0.658,0.889,rt,
nyankunde,2026-08-23,0.764,0.513,1.117,0.656,0.899,rt,
nyankunde,2026-08-24,0.78,0.499,1.167,0.655,0.924,rt,
nyankunde,2026-08-25,0.799,0.528,1.164,0.679,0.934,rt,
nyankunde,2026-08-26,0.819,0.548,1.166,0.704,0.952,rt,
nyankunde,2026-08-27,0.83,0.565,1.179,0.722,0.971,rt,
nyankunde,2026-08-28,0.851,0.586,1.204,0.735,0.99,rt,
nyankunde,2026-08-29,0.87,0.594,1.245,0.744,1.013,rt,
nyankunde,2026-08-30,0.883,0.588,1.29,0.754,1.038,rt,
nyankunde,2026-08-31,0.888,0.569,1.325,0.748,1.053,rt,
nyankunde,2026-09-01,0.914,0.601,1.333,0.777,1.063,rt,
nyankunde,2026-09-02,0.94,0.628,1.354,0.805,1.089,rt,
nyankunde,2026-09-03,0.97,0.643,1.384,0.824,1.12,rt,
nyankunde,2026-09-04,0.983,0.658,1.423,0.84,1.146,rt,
nyankunde,2026-09-05,0.996,0.656,1.477,0.848,1.169,rt,
nyankunde,2026-09-06,1.007,0.662,1.546,0.852,1.196,rt,
nyankunde,2026-09-07,1.005,0.645,1.599,0.837,1.208,rt,
nyankunde,2026-09-08,0.994,0.657,1.563,0.84,1.196,rt,
nyankunde,2026-09-09,0.989,0.653,1.519,0.839,1.191,rt,
nyankunde,2026-09-10,0.986,0.644,1.494,0.829,1.188,rt,
nyankunde,2026-09-11,0.978,0.631,1.499,0.81,1.178,rt,
nyankunde,2026-09-12,0.97,0.621,1.502,0.791,1.167,rt,
nyankunde,2026-09-13,0.954,0.59,1.534,0.765,1.154,rt,
nyankunde,2026-09-14,0.933,0.556,1.55,0.743,1.144,rt,
nyankunde,2026-09-15,0.924,0.552,1.526,0.736,1.13,rt,
nyankunde,2026-09-16,0.915,0.556,1.507,0.729,1.133,rt,
nyankunde,2026-09-17,0.906,0.549,1.509,0.731,1.129,rt,
nyankunde,2026-09-18,0.895,0.525,1.531,0.724,1.131,rt,
nyankunde,2026-09-19,0.884,0.507,1.576,0.714,1.145,rt,
nyankunde,2026-09-20,0.884,0.489,1.638,0.697,1.142,rt,
nyankunde,2026-09-21,0.884,0.472,1.715,0.69,1.159,rt,
nyankunde,2026-09-22,0.885,0.475,1.676,0.684,1.15,rt,
nyankunde,2026-09-23,0.88,0.474,1.661,0.682,1.144,rt,
nyankunde,2026-09-24,0.871,0.471,1.7,0.671,1.141,rt,
nyankunde,2026-09-25,0.862,0.463,1.675,0.658,1.134,rt,
nyankunde,2026-09-26,0.85,0.45,1.669,0.644,1.134,rt,
nyankunde,2026-09-27,0.838,0.425,1.682,0.627,1.114,rt,
nyankunde,2026-09-28,0.821,0.404,1.714,0.612,1.106,rt,
nyankunde,2026-09-29,0.813,0.413,1.683,0.601,1.097,rt,
nyankunde,2026-09-30,0.805,0.399,1.671,0.586,1.095,rt,
nyankunde,2026-10-01,0.79,0.377,1.678,0.583,1.086,rt,
nyankunde,2026-10-02,0.768,0.353,1.683,0.567,1.054,rt,
rimba,2026-07-26,1.08,0.967,1.205,1.031,1.132,rt,
rimba,2026-07-27,1.078,0.96,1.215,1.028,1.133,rt,
rimba,2026-07-28,1.079,0.965,1.205,1.032,1.128,rt,
rimba,2026-07-29,1.079,0.965,1.205,1.031,1.125,rt,
rimba,2026-07-30,1.077,0.961,1.204,1.028,1.123,rt,
rimba,2026-07-31,1.068,0.956,1.185,1.021,1.113,rt,
rimba,2026-08-01,1.058,0.943,1.176,1.009,1.102,rt,
rimba,2026-08-02,1.045,0.921,1.165,0.998,1.091,rt,
rimba,2026-08-03,1.027,0.895,1.161,0.978,1.078,rt,
rimba,2026-08-04,1.02,0.896,1.148,0.971,1.073,rt,
rimba,2026-08-05,1.016,0.895,1.139,0.966,1.066,rt,
rimba,2026-08-06,1.009,0.891,1.131,0.961,1.059,rt,
rimba,2026-08-07,0.997,0.887,1.114,0.95,1.042,rt,
rimba,2026-08-08,0.984,0.875,1.095,0.937,1.029,rt,
rimba,2026-08-09,0.969,0.859,1.083,0.922,1.016,rt,
rimba,2026-08-10,0.948,0.833,1.068,0.9,0.997,rt,
rimba,2026-08-11,0.939,0.829,1.05,0.893,0.984,rt,
rimba,2026-08-12,0.929,0.825,1.036,0.887,0.973,rt,
rimba,2026-08-13,0.92,0.817,1.025,0.878,0.962,rt,
rimba,2026-08-14,0.909,0.812,1.008,0.868,0.95,rt,
rimba,2026-08-15,0.898,0.803,0.997,0.858,0.937,rt,
rimba,2026-08-16,0.885,0.786,0.985,0.843,0.925,rt,
rimba,2026-08-17,0.881,0.777,0.989,0.835,0.923,rt,
rimba,2026-08-18,0.88,0.779,0.985,0.838,0.924,rt,
rimba,2026-08-19,0.881,0.78,0.987,0.838,0.924,rt,
rimba,2026-08-20,0.881,0.776,0.988,0.836,0.925,rt,
rimba,2026-08-21,0.882,0.781,0.988,0.841,0.926,rt,
rimba,2026-08-22,0.885,0.782,0.988,0.843,0.928,rt,
rimba,2026-08-23,0.885,0.777,0.988,0.84,0.927,rt,
rimba,2026-08-24,0.894,0.781,1.006,0.849,0.94,rt,
rimba,2026-08-25,0.913,0.802,1.02,0.867,0.957,rt,
rimba,2026-08-26,0.928,0.821,1.04,0.884,0.973,rt,
rimba,2026-08-27,0.943,0.834,1.058,0.897,0.989,rt,
rimba,2026-08-28,0.957,0.855,1.065,0.912,1.0,rt,
rimba,2026-08-29,0.968,0.867,1.076,0.926,1.009,rt,
rimba,2026-08-30,0.978,0.876,1.09,0.936,1.022,rt,
rimba,2026-08-31,0.976,0.871,1.096,0.931,1.024,rt,
rimba,2026-09-01,0.985,0.88,1.1,0.94,1.031,rt,
rimba,2026-09-02,0.992,0.889,1.112,0.946,1.039,rt,
rimba,2026-09-03,0.998,0.89,1.124,0.951,1.047,rt,
rimba,2026-09-04,0.998,0.894,1.12,0.951,1.047,rt,
rimba,2026-09-05,0.998,0.89,1.119,0.951,1.046,rt,
rimba,2026-09-06,0.994,0.881,1.117,0.944,1.042,rt,
rimba,2026-09-07,0.974,0.852,1.103,0.919,1.023,rt,
rimba,2026-09-08,0.955,0.835,1.085,0.903,1.007,rt,
rimba,2026-09-09,0.937,0.812,1.069,0.884,0.991,rt,
rimba,2026-09-10,0.915,0.788,1.054,0.863,0.971,rt,
rimba,2026-09-11,0.893,0.767,1.026,0.84,0.949,rt,
rimba,2026-09-12,0.871,0.749,1.009,0.816,0.926,rt,
rimba,2026-09-13,0.845,0.719,0.99,0.791,0.903,rt,
rimba,2026-09-14,0.818,0.683,0.968,0.758,0.882,rt,
rimba,2026-09-15,0.807,0.671,0.959,0.747,0.871,rt,
rimba,2026-09-16,0.797,0.665,0.952,0.736,0.863,rt,
rimba,2026-09-17,0.788,0.651,0.948,0.727,0.855,rt,
rimba,2026-09-18,0.783,0.638,0.949,0.719,0.85,rt,
rimba,2026-09-19,0.778,0.621,0.947,0.708,0.845,rt,
rimba,2026-09-20,0.769,0.604,0.948,0.696,0.842,rt,
rimba,2026-09-21,0.769,0.59,0.963,0.692,0.847,rt,
rimba,2026-09-22,0.767,0.586,0.969,0.688,0.845,rt,
rimba,2026-09-23,0.766,0.578,0.977,0.684,0.844,rt,
rimba,2026-09-24,0.763,0.567,0.987,0.679,0.848,rt,
rimba,2026-09-25,0.758,0.563,0.992,0.673,0.846,rt,
rimba,2026-09-26,0.752,0.548,1.0,0.663,0.846,rt,
rimba,2026-09-27,0.747,0.533,1.01,0.651,0.845,rt,
rimba,2026-09-28,0.74,0.517,1.022,0.64,0.844,rt,
rimba,2026-09-29,0.744,0.52,1.034,0.642,0.852,rt,
rimba,2026-09-30,0.742,0.506,1.039,0.641,0.863,rt,
rimba,2026-10-01,0.738,0.504,1.027,0.641,0.856,rt,
rimba,2026-10-02,0.736,0.49,1.023,0.635,0.85,rt,
rwampara,2026-04-20,2.659,1.694,5.914,2.154,3.512,rt,
rwampara,2026-04-21,2.647,1.722,5.59,2.157,3.411,rt,
rwampara,2026-04-22,2.614,1.733,5.244,2.155,3.325,rt,
rwampara,2026-04-23,2.576,1.75,4.899,2.147,3.24,rt,
rwampara,2026-04-24,2.566,1.742,4.744,2.135,3.202,rt,
rwampara,2026-04-25,2.537,1.717,4.628,2.132,3.134,rt,
rwampara,2026-04-26,2.511,1.685,4.477,2.116,3.087,rt,
rwampara,2026-04-27,2.497,1.649,4.34,2.084,3.059,rt,
rwampara,2026-04-28,2.449,1.673,4.12,2.094,2.975,rt,
rwampara,2026-04-29,2.422,1.686,3.991,2.08,2.914,rt,
rwampara,2026-04-30,2.404,1.696,3.879,2.051,2.858,rt,
rwampara,2026-05-01,2.389,1.685,3.789,2.035,2.817,rt,
rwampara,2026-05-02,2.361,1.675,3.775,2.025,2.799,rt,
rwampara,2026-05-03,2.34,1.658,3.73,2.012,2.762,rt,
rwampara,2026-05-04,2.325,1.621,3.683,1.99,2.723,rt,
rwampara,2026-05-05,2.297,1.633,3.56,1.984,2.661,rt,
rwampara,2026-05-06,2.27,1.633,3.434,1.99,2.624,rt,
rwampara,2026-05-07,2.255,1.644,3.356,1.976,2.596,rt,
rwampara,2026-05-08,2.229,1.648,3.271,1.953,2.548,rt,
rwampara,2026-05-09,2.196,1.641,3.237,1.934,2.524,rt,
rwampara,2026-05-10,2.16,1.626,3.204,1.899,2.502,rt,
rwampara,2026-05-11,2.081,1.541,3.107,1.827,2.413,rt,
rwampara,2026-05-12,2.008,1.517,2.929,1.778,2.3,rt,
rwampara,2026-05-13,1.945,1.481,2.754,1.73,2.203,rt,
rwampara,2026-05-14,1.887,1.441,2.609,1.681,2.118,rt,
rwampara,2026-05-15,1.812,1.409,2.454,1.629,2.028,rt,
rwampara,2026-05-16,1.744,1.366,2.355,1.569,1.95,rt,
rwampara,2026-05-17,1.678,1.3,2.265,1.508,1.883,rt,
rwampara,2026-05-18,1.613,1.226,2.218,1.437,1.823,rt,
rwampara,2026-05-19,1.559,1.201,2.08,1.402,1.748,rt,
rwampara,2026-05-20,1.508,1.168,1.954,1.365,1.672,rt,
rwampara,2026-05-21,1.456,1.137,1.851,1.319,1.61,rt,
rwampara,2026-05-22,1.395,1.08,1.766,1.264,1.543,rt,
rwampara,2026-05-23,1.337,1.025,1.696,1.205,1.484,rt,
rwampara,2026-05-24,1.279,0.944,1.66,1.142,1.429,rt,
rwampara,2026-05-25,1.22,0.862,1.617,1.073,1.375,rt,
rwampara,2026-05-26,1.207,0.881,1.571,1.081,1.352,rt,
rwampara,2026-05-27,1.195,0.901,1.522,1.077,1.327,rt,
rwampara,2026-05-28,1.191,0.912,1.498,1.078,1.311,rt,
rwampara,2026-05-29,1.183,0.914,1.492,1.077,1.296,rt,
rwampara,2026-05-30,1.179,0.918,1.476,1.071,1.295,rt,
rwampara,2026-05-31,1.169,0.898,1.487,1.058,1.294,rt,
rwampara,2026-06-01,1.167,0.883,1.508,1.049,1.301,rt,
rwampara,2026-06-02,1.213,0.953,1.515,1.104,1.331,rt,
rwampara,2026-06-03,1.257,1.018,1.533,1.158,1.364,rt,
rwampara,2026-06-04,1.294,1.076,1.557,1.204,1.398,rt,
rwampara,2026-06-05,1.332,1.109,1.583,1.238,1.436,rt,
rwampara,2026-06-06,1.362,1.137,1.633,1.266,1.476,rt,
rwampara,2026-06-07,1.39,1.138,1.689,1.284,1.506,rt,
rwampara,2026-06-08,1.409,1.127,1.742,1.29,1.537,rt,
rwampara,2026-06-09,1.395,1.154,1.687,1.293,1.507,rt,
rwampara,2026-06-10,1.385,1.163,1.652,1.287,1.482,rt,
rwampara,2026-06-11,1.369,1.167,1.623,1.277,1.461,rt,
rwampara,2026-06-12,1.355,1.158,1.602,1.267,1.452,rt,
rwampara,2026-06-13,1.337,1.136,1.594,1.249,1.441,rt,
rwampara,2026-06-14,1.318,1.099,1.599,1.22,1.43,rt,
rwampara,2026-06-15,1.306,1.063,1.615,1.194,1.424,rt,
rwampara,2026-06-16,1.27,1.056,1.531,1.17,1.375,rt,
rwampara,2026-06-17,1.234,1.045,1.461,1.143,1.326,rt,
rwampara,2026-06-18,1.201,1.021,1.402,1.115,1.287,rt,
rwampara,2026-06-19,1.164,0.985,1.357,1.089,1.246,rt,
rwampara,2026-06-20,1.132,0.946,1.332,1.057,1.211,rt,
rwampara,2026-06-21,1.096,0.904,1.31,1.019,1.18,rt,
rwampara,2026-06-22,1.074,0.86,1.308,0.987,1.165,rt,
rwampara,2026-06-23,1.079,0.89,1.292,1.002,1.163,rt,
rwampara,2026-06-24,1.087,0.916,1.274,1.015,1.162,rt,
rwampara,2026-06-25,1.094,0.936,1.267,1.023,1.164,rt,
rwampara,2026-06-26,1.098,0.936,1.271,1.03,1.168,rt,
rwampara,2026-06-27,1.098,0.937,1.283,1.03,1.171,rt,
rwampara,2026-06-28,1.102,0.923,1.308,1.026,1.184,rt,
rwampara,2026-06-29,1.091,0.878,1.322,1.005,1.177,rt,
rwampara,2026-06-30,1.095,0.909,1.3,1.019,1.171,rt,
rwampara,2026-07-01,1.1,0.93,1.283,1.032,1.17,rt,
rwampara,2026-07-02,1.109,0.944,1.279,1.042,1.172,rt,
rwampara,2026-07-03,1.116,0.957,1.29,1.049,1.182,rt,
rwampara,2026-07-04,1.127,0.95,1.318,1.054,1.199,rt,
rwampara,2026-07-05,1.131,0.943,1.352,1.057,1.215,rt,
rwampara,2026-07-06,1.14,0.929,1.403,1.055,1.238,rt,
rwampara,2026-07-07,1.144,0.968,1.378,1.068,1.233,rt,
rwampara,2026-07-08,1.15,0.993,1.358,1.081,1.229,rt,
rwampara,2026-07-09,1.158,1.007,1.352,1.087,1.228,rt,
rwampara,2026-07-10,1.16,1.007,1.355,1.094,1.231,rt,
rwampara,2026-07-11,1.163,1.0,1.365,1.096,1.242,rt,
rwampara,2026-07-12,1.162,0.988,1.389,1.087,1.254,rt,
rwampara,2026-07-13,1.157,0.958,1.427,1.069,1.261,rt,
rwampara,2026-07-14,1.133,0.955,1.37,1.059,1.224,rt,
rwampara,2026-07-15,1.112,0.944,1.324,1.043,1.19,rt,
rwampara,2026-07-16,1.092,0.925,1.291,1.024,1.163,rt,
rwampara,2026-07-17,1.069,0.904,1.264,0.999,1.138,rt,
rwampara,2026-07-18,1.043,0.878,1.247,0.974,1.118,rt,
rwampara,2026-07-19,1.018,0.84,1.24,0.946,1.098,rt,
rwampara,2026-07-20,0.991,0.797,1.235,0.913,1.082,rt,
rwampara,2026-07-21,0.971,0.798,1.179,0.901,1.05,rt,
rwampara,2026-07-22,0.947,0.785,1.138,0.884,1.016,rt,
rwampara,2026-07-23,0.923,0.775,1.101,0.863,0.989,rt,
rwampara,2026-07-24,0.904,0.762,1.067,0.845,0.966,rt,
rwampara,2026-07-25,0.884,0.736,1.042,0.82,0.946,rt,
rwampara,2026-07-26,0.861,0.703,1.031,0.794,0.928,rt,
rwampara,2026-07-27,0.841,0.67,1.036,0.77,0.919,rt,
rwampara,2026-07-28,0.834,0.682,1.01,0.767,0.903,rt,
rwampara,2026-07-29,0.824,0.684,0.981,0.762,0.886,rt,
rwampara,2026-07-30,0.814,0.678,0.962,0.753,0.872,rt,
rwampara,2026-07-31,0.8,0.658,0.942,0.741,0.856,rt,
rwampara,2026-08-01,0.784,0.632,0.934,0.721,0.843,rt,
rwampara,2026-08-02,0.765,0.601,0.925,0.698,0.83,rt,
rwampara,2026-08-03,0.745,0.567,0.934,0.673,0.815,rt,
rwampara,2026-08-04,0.738,0.579,0.907,0.672,0.803,rt,
rwampara,2026-08-05,0.73,0.584,0.886,0.671,0.792,rt,
rwampara,2026-08-06,0.723,0.582,0.871,0.666,0.783,rt,
rwampara,2026-08-07,0.714,0.576,0.856,0.654,0.771,rt,
rwampara,2026-08-08,0.702,0.564,0.848,0.643,0.762,rt,
rwampara,2026-08-09,0.689,0.543,0.843,0.629,0.752,rt,
rwampara,2026-08-10,0.672,0.512,0.842,0.606,0.743,rt,
rwampara,2026-08-11,0.668,0.522,0.82,0.611,0.734,rt,
rwampara,2026-08-12,0.668,0.531,0.81,0.614,0.727,rt,
rwampara,2026-08-13,0.666,0.538,0.802,0.613,0.719,rt,
rwampara,2026-08-14,0.664,0.537,0.796,0.61,0.717,rt,
rwampara,2026-08-15,0.659,0.526,0.8,0.606,0.715,rt,
rwampara,2026-08-16,0.656,0.51,0.81,0.595,0.714,rt,
rwampara,2026-08-17,0.657,0.497,0.832,0.586,0.724,rt,
rwampara,2026-08-18,0.668,0.517,0.829,0.601,0.73,rt,
rwampara,2026-08-19,0.676,0.535,0.83,0.615,0.739,rt,
rwampara,2026-08-20,0.685,0.547,0.839,0.623,0.747,rt,
rwampara,2026-08-21,0.698,0.555,0.853,0.636,0.757,rt,
rwampara,2026-08-22,0.705,0.558,0.871,0.644,0.77,rt,
rwampara,2026-08-23,0.716,0.558,0.904,0.649,0.786,rt,
rwampara,2026-08-24,0.732,0.56,0.944,0.66,0.813,rt,
rwampara,2026-08-25,0.76,0.598,0.952,0.692,0.831,rt,
rwampara,2026-08-26,0.785,0.633,0.964,0.723,0.851,rt,
rwampara,2026-08-27,0.811,0.664,0.981,0.747,0.878,rt,
rwampara,2026-08-28,0.835,0.685,1.009,0.771,0.904,rt,
rwampara,2026-08-29,0.857,0.701,1.048,0.794,0.936,rt,
rwampara,2026-08-30,0.88,0.701,1.093,0.808,0.967,rt,
rwampara,2026-08-31,0.893,0.69,1.14,0.811,0.993,rt,
rwampara,2026-09-01,0.919,0.728,1.149,0.844,1.017,rt,
rwampara,2026-09-02,0.948,0.763,1.169,0.872,1.035,rt,
rwampara,2026-09-03,0.976,0.788,1.191,0.896,1.063,rt,
rwampara,2026-09-04,0.996,0.814,1.212,0.919,1.085,rt,
rwampara,2026-09-05,1.019,0.819,1.245,0.934,1.108,rt,
rwampara,2026-09-06,1.035,0.811,1.283,0.94,1.134,rt,
rwampara,2026-09-07,1.031,0.786,1.315,0.927,1.144,rt,
rwampara,2026-09-08,1.027,0.8,1.284,0.934,1.133,rt,
rwampara,2026-09-09,1.023,0.816,1.263,0.932,1.121,rt,
rwampara,2026-09-10,1.016,0.809,1.252,0.924,1.115,rt,
rwampara,2026-09-11,1.008,0.8,1.246,0.912,1.104,rt,
rwampara,2026-09-12,0.993,0.771,1.259,0.893,1.095,rt,
rwampara,2026-09-13,0.97,0.736,1.283,0.871,1.085,rt,
rwampara,2026-09-14,0.951,0.692,1.301,0.837,1.078,rt,
rwampara,2026-09-15,0.952,0.705,1.289,0.84,1.075,rt,
rwampara,2026-09-16,0.955,0.711,1.294,0.844,1.077,rt,
rwampara,2026-09-17,0.962,0.697,1.316,0.848,1.087,rt,
rwampara,2026-09-18,0.965,0.68,1.354,0.843,1.11,rt,
rwampara,2026-09-19,0.968,0.666,1.404,0.837,1.129,rt,
rwampara,2026-09-20,0.978,0.642,1.468,0.825,1.156,rt,
rwampara,2026-09-21,0.995,0.607,1.55,0.821,1.193,rt,
rwampara,2026-09-22,0.989,0.602,1.528,0.811,1.18,rt,
rwampara,2026-09-23,0.978,0.588,1.51,0.796,1.177,rt,
rwampara,2026-09-24,0.968,0.57,1.51,0.786,1.174,rt,
rwampara,2026-09-25,0.953,0.54,1.533,0.769,1.167,rt,
rwampara,2026-09-26,0.939,0.517,1.536,0.748,1.159,rt,
rwampara,2026-09-27,0.924,0.482,1.554,0.729,1.154,rt,
rwampara,2026-09-28,0.909,0.446,1.581,0.703,1.163,rt,
rwampara,2026-09-29,0.896,0.449,1.533,0.69,1.137,rt,
rwampara,2026-09-30,0.875,0.432,1.52,0.673,1.132,rt,
rwampara,2026-10-01,0.852,0.4,1.483,0.651,1.105,rt,
rwampara,2026-10-02,0.827,0.372,1.476,0.615,1.093,rt,
tchomia,2026-06-09,2.13,1.498,3.142,1.818,2.492,rt,
tchomia,2026-06-10,2.081,1.488,3.027,1.804,2.425,rt,
tchomia,2026-06-11,2.03,1.45,2.941,1.766,2.344,rt,
tchomia,2026-06-12,1.983,1.415,2.905,1.729,2.289,rt,
tchomia,2026-06-13,1.936,1.377,2.846,1.672,2.231,rt,
tchomia,2026-06-14,1.888,1.314,2.833,1.61,2.18,rt,
tchomia,2026-06-15,1.833,1.228,2.829,1.554,2.155,rt,
tchomia,2026-06-16,1.755,1.213,2.598,1.515,2.047,rt,
tchomia,2026-06-17,1.688,1.205,2.425,1.474,1.944,rt,
tchomia,2026-06-18,1.622,1.185,2.27,1.411,1.855,rt,
tchomia,2026-06-19,1.553,1.124,2.139,1.364,1.777,rt,
tchomia,2026-06-20,1.488,1.068,2.067,1.303,1.703,rt,
tchomia,2026-06-21,1.424,0.996,2.021,1.233,1.64,rt,
tchomia,2026-06-22,1.371,0.931,1.976,1.18,1.597,rt,
tchomia,2026-06-23,1.357,0.948,1.894,1.174,1.555,rt,
tchomia,2026-06-24,1.34,0.965,1.827,1.169,1.518,rt,
tchomia,2026-06-25,1.317,0.966,1.787,1.159,1.482,rt,
tchomia,2026-06-26,1.295,0.949,1.741,1.14,1.453,rt,
tchomia,2026-06-27,1.266,0.928,1.718,1.12,1.438,rt,
tchomia,2026-06-28,1.25,0.891,1.713,1.094,1.422,rt,
tchomia,2026-06-29,1.215,0.839,1.696,1.044,1.393,rt,
tchomia,2026-06-30,1.182,0.846,1.603,1.032,1.344,rt,
tchomia,2026-07-01,1.153,0.845,1.534,1.02,1.301,rt,
tchomia,2026-07-02,1.131,0.833,1.475,1.004,1.273,rt,
tchomia,2026-07-03,1.11,0.822,1.455,0.986,1.248,rt,
tchomia,2026-07-04,1.087,0.799,1.445,0.967,1.224,rt,
tchomia,2026-07-05,1.069,0.765,1.452,0.939,1.21,rt,
tchomia,2026-07-06,1.05,0.725,1.462,0.91,1.204,rt,
tchomia,2026-07-07,1.041,0.741,1.41,0.915,1.181,rt,
tchomia,2026-07-08,1.032,0.749,1.369,0.909,1.157,rt,
tchomia,2026-07-09,1.024,0.75,1.349,0.905,1.142,rt,
tchomia,2026-07-10,1.006,0.741,1.337,0.891,1.134,rt,
tchomia,2026-07-11,0.997,0.716,1.345,0.877,1.138,rt,
tchomia,2026-07-12,0.986,0.691,1.36,0.858,1.132,rt,
tchomia,2026-07-13,0.97,0.663,1.38,0.826,1.123,rt,
tchomia,2026-07-14,0.961,0.677,1.335,0.831,1.108,rt,
tchomia,2026-07-15,0.957,0.685,1.311,0.834,1.099,rt,
tchomia,2026-07-16,0.953,0.693,1.295,0.834,1.089,rt,
tchomia,2026-07-17,0.949,0.685,1.289,0.824,1.08,rt,
tchomia,2026-07-18,0.943,0.678,1.293,0.815,1.073,rt,
tchomia,2026-07-19,0.934,0.652,1.308,0.802,1.069,rt,
tchomia,2026-07-20,0.93,0.624,1.333,0.789,1.069,rt,
tchomia,2026-07-21,0.922,0.649,1.295,0.797,1.053,rt,
tchomia,2026-07-22,0.919,0.663,1.259,0.805,1.047,rt,
tchomia,2026-07-23,0.915,0.673,1.23,0.812,1.037,rt,
tchomia,2026-07-24,0.921,0.672,1.216,0.814,1.032,rt,
tchomia,2026-07-25,0.922,0.668,1.234,0.812,1.034,rt,
tchomia,2026-07-26,0.92,0.64,1.258,0.799,1.042,rt,
tchomia,2026-07-27,0.918,0.619,1.294,0.79,1.061,rt,
tchomia,2026-07-28,0.929,0.652,1.281,0.809,1.064,rt,
tchomia,2026-07-29,0.939,0.676,1.257,0.826,1.062,rt,
tchomia,2026-07-30,0.948,0.693,1.258,0.837,1.065,rt,
tchomia,2026-07-31,0.95,0.701,1.249,0.838,1.063,rt,
tchomia,2026-08-01,0.948,0.696,1.268,0.836,1.075,rt,
tchomia,2026-08-02,0.949,0.68,1.293,0.832,1.077,rt,
tchomia,2026-08-03,0.942,0.658,1.318,0.816,1.08,rt,
tchomia,2026-08-04,0.941,0.673,1.276,0.826,1.066,rt,
tchomia,2026-08-05,0.938,0.684,1.245,0.828,1.063,rt,
tchomia,2026-08-06,0.942,0.682,1.236,0.83,1.052,rt,
tchomia,2026-08-07,0.934,0.665,1.241,0.822,1.042,rt,
tchomia,2026-08-08,0.92,0.655,1.253,0.813,1.04,rt,
tchomia,2026-08-09,0.909,0.634,1.273,0.795,1.044,rt,
tchomia,2026-08-10,0.892,0.598,1.285,0.77,1.041,rt,
tchomia,2026-08-11,0.887,0.612,1.25,0.772,1.017,rt,
tchomia,2026-08-12,0.88,0.63,1.219,0.77,1.003,rt,
tchomia,2026-08-13,0.87,0.627,1.193,0.766,0.992,rt,
tchomia,2026-08-14,0.86,0.624,1.185,0.757,0.974,rt,
tchomia,2026-08-15,0.849,0.615,1.192,0.744,0.965,rt,
tchomia,2026-08-16,0.838,0.591,1.2,0.726,0.962,rt,
tchomia,2026-08-17,0.833,0.574,1.233,0.71,0.964,rt,
tchomia,2026-08-18,0.833,0.59,1.207,0.722,0.957,rt,
tchomia,2026-08-19,0.833,0.592,1.191,0.728,0.953,rt,
tchomia,2026-08-20,0.834,0.595,1.185,0.73,0.949,rt,
tchomia,2026-08-21,0.838,0.596,1.201,0.732,0.953,rt,
tchomia,2026-08-22,0.84,0.59,1.226,0.734,0.959,rt,
tchomia,2026-08-23,0.833,0.575,1.246,0.728,0.971,rt,
tchomia,2026-08-24,0.844,0.564,1.288,0.727,0.995,rt,
tchomia,2026-08-25,0.847,0.578,1.243,0.733,0.987,rt,
tchomia,2026-08-26,0.843,0.582,1.216,0.735,0.986,rt,
tchomia,2026-08-27,0.841,0.589,1.213,0.731,0.982,rt,
tchomia,2026-08-28,0.836,0.577,1.202,0.728,0.974,rt,
tchomia,2026-08-29,0.834,0.565,1.2,0.72,0.971,rt,
tchomia,2026-08-30,0.828,0.552,1.22,0.706,0.964,rt,
tchomia,2026-08-31,0.808,0.517,1.234,0.68,0.956,rt,
tchomia,2026-09-01,0.796,0.514,1.174,0.675,0.932,rt,
tchomia,2026-09-02,0.782,0.512,1.127,0.666,0.907,rt,
tchomia,2026-09-03,0.763,0.504,1.106,0.653,0.89,rt,
tchomia,2026-09-04,0.743,0.492,1.081,0.637,0.861,rt,
tchomia,2026-09-05,0.721,0.474,1.067,0.616,0.839,rt,
tchomia,2026-09-06,0.7,0.451,1.057,0.588,0.823,rt,
tchomia,2026-09-07,0.665,0.417,1.039,0.553,0.791,rt,
tchomia,2026-09-08,0.648,0.413,0.994,0.541,0.764,rt,
tchomia,2026-09-09,0.631,0.407,0.958,0.529,0.74,rt,
tchomia,2026-09-10,0.612,0.4,0.925,0.512,0.723,rt,
tchomia,2026-09-11,0.593,0.384,0.898,0.491,0.706,rt,
tchomia,2026-09-12,0.575,0.36,0.885,0.471,0.679,rt,
tchomia,2026-09-13,0.553,0.332,0.869,0.447,0.665,rt,
tchomia,2026-09-14,0.531,0.305,0.871,0.426,0.648,rt,
tchomia,2026-09-15,0.534,0.309,0.853,0.426,0.646,rt,
tchomia,2026-09-16,0.53,0.313,0.859,0.428,0.648,rt,
tchomia,2026-09-17,0.529,0.315,0.864,0.429,0.65,rt,
tchomia,2026-09-18,0.531,0.313,0.876,0.428,0.655,rt,
tchomia,2026-09-19,0.532,0.31,0.899,0.429,0.661,rt,
tchomia,2026-09-20,0.534,0.301,0.933,0.422,0.674,rt,
tchomia,2026-09-21,0.537,0.296,0.972,0.421,0.693,rt,
tchomia,2026-09-22,0.543,0.296,0.971,0.425,0.693,rt,
tchomia,2026-09-23,0.544,0.295,0.98,0.429,0.703,rt,
tchomia,2026-09-24,0.544,0.295,0.986,0.426,0.706,rt,
tchomia,2026-09-25,0.547,0.293,0.998,0.42,0.71,rt,
tchomia,2026-09-26,0.546,0.285,1.011,0.42,0.712,rt,
tchomia,2026-09-27,0.542,0.277,1.04,0.413,0.72,rt,
tchomia,2026-09-28,0.541,0.264,1.087,0.407,0.728,rt,
tchomia,2026-09-29,0.551,0.266,1.088,0.414,0.738,rt,
tchomia,2026-09-30,0.554,0.267,1.09,0.415,0.739,rt,
tchomia,2026-10-01,0.558,0.255,1.118,0.411,0.745,rt,
tchomia,2026-10-02,0.558,0.242,1.155,0.401,0.746,rt,
alimbongo,2026-09-26,0.939,0.71,1.207,0.836,1.05,rt,
alimbongo,2026-09-27,0.933,0.697,1.21,0.828,1.042,rt,
alimbongo,2026-09-28,0.927,0.681,1.214,0.819,1.039,rt,
alimbongo,2026-09-29,0.922,0.667,1.215,0.81,1.035,rt,
alimbongo,2026-09-30,0.917,0.653,1.226,0.8,1.033,rt,
alimbongo,2026-10-01,0.915,0.658,1.201,0.804,1.023,rt,
alimbongo,2026-10-02,0.912,0.658,1.178,0.807,1.018,rt,
beni,2026-05-27,2.314,1.648,3.347,2.007,2.685,rt,
beni,2026-05-28,2.23,1.598,3.186,1.946,2.575,rt,
beni,2026-05-29,2.135,1.561,2.989,1.883,2.461,rt,
beni,2026-05-30,2.044,1.488,2.849,1.806,2.351,rt,
beni,2026-05-31,1.973,1.409,2.753,1.729,2.26,rt,
beni,2026-06-01,1.893,1.331,2.702,1.646,2.181,rt,
beni,2026-06-02,1.826,1.301,2.55,1.596,2.084,rt,
beni,2026-06-03,1.765,1.278,2.444,1.544,2.004,rt,
beni,2026-06-04,1.707,1.233,2.348,1.498,1.936,rt,
beni,2026-06-05,1.637,1.201,2.2,1.439,1.832,rt,
beni,2026-06-06,1.574,1.153,2.107,1.384,1.759,rt,
beni,2026-06-07,1.51,1.093,2.041,1.331,1.696,rt,
beni,2026-06-08,1.463,1.047,2.023,1.294,1.667,rt,
beni,2026-06-09,1.425,1.043,1.909,1.269,1.598,rt,
beni,2026-06-10,1.387,1.025,1.823,1.249,1.542,rt,
beni,2026-06-11,1.354,1.02,1.766,1.216,1.508,rt,
beni,2026-06-12,1.318,0.997,1.703,1.187,1.459,rt,
beni,2026-06-13,1.289,0.976,1.645,1.157,1.424,rt,
beni,2026-06-14,1.262,0.945,1.618,1.121,1.399,rt,
beni,2026-06-15,1.244,0.919,1.626,1.096,1.386,rt,
beni,2026-06-16,1.224,0.919,1.575,1.094,1.355,rt,
beni,2026-06-17,1.205,0.921,1.538,1.087,1.332,rt,
beni,2026-06-18,1.186,0.916,1.51,1.072,1.311,rt,
beni,2026-06-19,1.17,0.905,1.483,1.059,1.295,rt,
beni,2026-06-20,1.157,0.884,1.473,1.044,1.276,rt,
beni,2026-06-21,1.146,0.851,1.473,1.027,1.269,rt,
beni,2026-06-22,1.15,0.832,1.504,1.016,1.285,rt,
beni,2026-06-23,1.162,0.865,1.495,1.03,1.289,rt,
beni,2026-06-24,1.171,0.882,1.491,1.044,1.297,rt,
beni,2026-06-25,1.184,0.897,1.505,1.054,1.301,rt,
beni,2026-06-26,1.189,0.909,1.506,1.072,1.309,rt,
beni,2026-06-27,1.199,0.916,1.521,1.078,1.318,rt,
beni,2026-06-28,1.203,0.911,1.548,1.081,1.329,rt,
beni,2026-06-29,1.198,0.878,1.58,1.065,1.341,rt,
beni,2026-06-30,1.206,0.918,1.552,1.083,1.333,rt,
beni,2026-07-01,1.213,0.94,1.549,1.097,1.333,rt,
beni,2026-07-02,1.222,0.959,1.544,1.109,1.337,rt,
beni,2026-07-03,1.233,0.967,1.549,1.119,1.346,rt,
beni,2026-07-04,1.238,0.974,1.565,1.124,1.366,rt,
beni,2026-07-05,1.241,0.966,1.601,1.128,1.382,rt,
beni,2026-07-06,1.26,0.946,1.665,1.129,1.411,rt,
beni,2026-07-07,1.273,0.978,1.663,1.152,1.414,rt,
beni,2026-07-08,1.288,1.01,1.647,1.168,1.426,rt,
beni,2026-07-09,1.304,1.031,1.65,1.189,1.449,rt,
beni,2026-07-10,1.325,1.05,1.662,1.208,1.461,rt,
beni,2026-07-11,1.343,1.06,1.699,1.222,1.48,rt,
beni,2026-07-12,1.36,1.054,1.755,1.23,1.497,rt,
beni,2026-07-13,1.378,1.042,1.814,1.234,1.53,rt,
beni,2026-07-14,1.378,1.07,1.782,1.242,1.52,rt,
beni,2026-07-15,1.383,1.088,1.757,1.25,1.518,rt,
beni,2026-07-16,1.383,1.088,1.743,1.256,1.516,rt,
beni,2026-07-17,1.378,1.102,1.719,1.257,1.5,rt,
beni,2026-07-18,1.376,1.102,1.711,1.25,1.503,rt,
beni,2026-07-19,1.371,1.081,1.728,1.244,1.502,rt,
beni,2026-07-20,1.371,1.058,1.757,1.236,1.517,rt,
beni,2026-07-21,1.361,1.077,1.712,1.243,1.495,rt,
beni,2026-07-22,1.354,1.097,1.68,1.241,1.482,rt,
beni,2026-07-23,1.348,1.095,1.665,1.236,1.469,rt,
beni,2026-07-24,1.343,1.093,1.63,1.229,1.452,rt,
beni,2026-07-25,1.332,1.076,1.622,1.221,1.44,rt,
beni,2026-07-26,1.321,1.048,1.637,1.211,1.438,rt,
beni,2026-07-27,1.319,1.03,1.659,1.202,1.453,rt,
beni,2026-07-28,1.326,1.06,1.633,1.215,1.443,rt,
beni,2026-07-29,1.329,1.079,1.621,1.222,1.439,rt,
beni,2026-07-30,1.33,1.09,1.621,1.223,1.444,rt,
beni,2026-07-31,1.337,1.104,1.616,1.231,1.447,rt,
beni,2026-08-01,1.34,1.101,1.642,1.233,1.453,rt,
beni,2026-08-02,1.347,1.084,1.679,1.23,1.47,rt,
beni,2026-08-03,1.357,1.068,1.74,1.225,1.489,rt,
beni,2026-08-04,1.371,1.104,1.719,1.255,1.493,rt,
beni,2026-08-05,1.381,1.131,1.696,1.274,1.498,rt,
beni,2026-08-06,1.395,1.14,1.691,1.291,1.509,rt,
beni,2026-08-07,1.417,1.166,1.703,1.314,1.52,rt,
beni,2026-08-08,1.433,1.17,1.724,1.329,1.539,rt,
beni,2026-08-09,1.449,1.158,1.775,1.333,1.565,rt,
beni,2026-08-10,1.461,1.139,1.827,1.33,1.586,rt,
beni,2026-08-11,1.474,1.19,1.807,1.356,1.594,rt,
beni,2026-08-12,1.489,1.229,1.806,1.375,1.604,rt,
beni,2026-08-13,1.503,1.245,1.805,1.392,1.613,rt,
beni,2026-08-14,1.512,1.276,1.799,1.402,1.626,rt,
beni,2026-08-15,1.531,1.277,1.818,1.415,1.639,rt,
beni,2026-08-16,1.54,1.273,1.852,1.418,1.663,rt,
beni,2026-08-17,1.555,1.255,1.907,1.424,1.693,rt,
beni,2026-08-18,1.583,1.296,1.902,1.46,1.709,rt,
beni,2026-08-19,1.607,1.332,1.907,1.494,1.728,rt,
beni,2026-08-20,1.63,1.362,1.926,1.515,1.747,rt,
beni,2026-08-21,1.633,1.378,1.914,1.524,1.738,rt,
beni,2026-08-22,1.633,1.385,1.92,1.528,1.739,rt,
beni,2026-08-23,1.63,1.379,1.941,1.519,1.743,rt,
beni,2026-08-24,1.612,1.35,1.943,1.499,1.737,rt,
beni,2026-08-25,1.614,1.371,1.914,1.513,1.731,rt,
beni,2026-08-26,1.614,1.389,1.896,1.52,1.728,rt,
beni,2026-08-27,1.615,1.388,1.897,1.519,1.723,rt,
beni,2026-08-28,1.61,1.402,1.879,1.512,1.716,rt,
beni,2026-08-29,1.604,1.394,1.883,1.506,1.711,rt,
beni,2026-08-30,1.598,1.374,1.895,1.497,1.713,rt,
beni,2026-08-31,1.561,1.327,1.881,1.46,1.684,rt,
beni,2026-09-01,1.51,1.305,1.802,1.414,1.627,rt,
beni,2026-09-02,1.467,1.269,1.733,1.371,1.57,rt,
beni,2026-09-03,1.421,1.228,1.669,1.327,1.523,rt,
beni,2026-09-04,1.378,1.203,1.611,1.297,1.477,rt,
beni,2026-09-05,1.339,1.174,1.575,1.265,1.436,rt,
beni,2026-09-06,1.301,1.131,1.547,1.226,1.397,rt,
beni,2026-09-07,1.285,1.104,1.535,1.202,1.377,rt,
beni,2026-09-08,1.246,1.075,1.473,1.17,1.33,rt,
beni,2026-09-09,1.211,1.041,1.421,1.136,1.289,rt,
beni,2026-09-10,1.174,1.006,1.381,1.101,1.253,rt,
beni,2026-09-11,1.14,0.978,1.328,1.072,1.213,rt,
beni,2026-09-12,1.107,0.941,1.29,1.039,1.179,rt,
beni,2026-09-13,1.077,0.905,1.263,1.005,1.151,rt,
beni,2026-09-14,1.058,0.874,1.259,0.982,1.137,rt,
beni,2026-09-15,1.042,0.861,1.24,0.967,1.119,rt,
beni,2026-09-16,1.026,0.846,1.223,0.954,1.103,rt,
beni,2026-09-17,1.009,0.823,1.217,0.934,1.091,rt,
beni,2026-09-18,0.993,0.798,1.212,0.917,1.08,rt,
beni,2026-09-19,0.976,0.774,1.211,0.895,1.068,rt,
beni,2026-09-20,0.961,0.741,1.211,0.874,1.056,rt,
beni,2026-09-21,0.948,0.708,1.218,0.856,1.055,rt,
beni,2026-09-22,0.945,0.703,1.22,0.843,1.048,rt,
beni,2026-09-23,0.941,0.692,1.227,0.835,1.048,rt,
beni,2026-09-24,0.934,0.679,1.232,0.829,1.047,rt,
beni,2026-09-25,0.924,0.662,1.226,0.816,1.04,rt,
beni,2026-09-26,0.913,0.643,1.231,0.804,1.034,rt,
beni,2026-09-27,0.9,0.626,1.241,0.787,1.027,rt,
beni,2026-09-28,0.893,0.605,1.241,0.768,1.022,rt,
beni,2026-09-29,0.883,0.598,1.242,0.758,1.02,rt,
beni,2026-09-30,0.873,0.579,1.249,0.744,1.016,rt,
beni,2026-10-01,0.871,0.577,1.228,0.74,1.007,rt,
beni,2026-10-02,0.866,0.571,1.214,0.735,1.006,rt,
biena,2026-08-18,1.577,1.401,1.787,1.497,1.659,rt,
biena,2026-08-19,1.583,1.395,1.802,1.503,1.67,rt,
biena,2026-08-20,1.587,1.39,1.813,1.501,1.679,rt,
biena,2026-08-21,1.572,1.387,1.784,1.493,1.658,rt,
biena,2026-08-22,1.553,1.371,1.761,1.479,1.637,rt,
biena,2026-08-23,1.534,1.355,1.748,1.459,1.623,rt,
biena,2026-08-24,1.505,1.322,1.724,1.428,1.591,rt,
biena,2026-08-25,1.469,1.291,1.679,1.395,1.551,rt,
biena,2026-08-26,1.432,1.259,1.634,1.359,1.512,rt,
biena,2026-08-27,1.397,1.223,1.593,1.322,1.474,rt,
biena,2026-08-28,1.359,1.199,1.538,1.291,1.43,rt,
biena,2026-08-29,1.32,1.168,1.492,1.256,1.389,rt,
biena,2026-08-30,1.285,1.132,1.451,1.218,1.35,rt,
biena,2026-08-31,1.227,1.081,1.391,1.162,1.293,rt,
biena,2026-09-01,1.178,1.039,1.337,1.117,1.243,rt,
biena,2026-09-02,1.132,0.993,1.297,1.075,1.198,rt,
biena,2026-09-03,1.091,0.954,1.254,1.032,1.155,rt,
biena,2026-09-04,1.055,0.928,1.204,1.002,1.114,rt,
biena,2026-09-05,1.023,0.894,1.164,0.972,1.078,rt,
biena,2026-09-06,0.99,0.858,1.127,0.938,1.043,rt,
biena,2026-09-07,0.97,0.832,1.111,0.918,1.024,rt,
biena,2026-09-08,0.958,0.825,1.096,0.906,1.011,rt,
biena,2026-09-09,0.948,0.815,1.086,0.896,1.001,rt,
biena,2026-09-10,0.938,0.804,1.077,0.883,0.993,rt,
biena,2026-09-11,0.928,0.798,1.065,0.876,0.981,rt,
biena,2026-09-12,0.919,0.788,1.06,0.866,0.972,rt,
biena,2026-09-13,0.909,0.774,1.054,0.857,0.966,rt,
biena,2026-09-14,0.911,0.769,1.067,0.854,0.97,rt,
biena,2026-09-15,0.912,0.768,1.075,0.855,0.975,rt,
biena,2026-09-16,0.914,0.76,1.087,0.851,0.981,rt,
biena,2026-09-17,0.915,0.752,1.097,0.849,0.986,rt,
biena,2026-09-18,0.917,0.747,1.106,0.851,0.99,rt,
biena,2026-09-19,0.919,0.741,1.113,0.844,0.994,rt,
biena,2026-09-20,0.918,0.731,1.126,0.837,1.002,rt,
biena,2026-09-21,0.921,0.719,1.141,0.835,1.01,rt,
biena,2026-09-22,0.923,0.713,1.153,0.831,1.013,rt,
biena,2026-09-23,0.92,0.706,1.163,0.824,1.018,rt,
biena,2026-09-24,0.917,0.701,1.176,0.822,1.022,rt,
biena,2026-09-25,0.91,0.687,1.172,0.813,1.013,rt,
biena,2026-09-26,0.904,0.675,1.169,0.803,1.008,rt,
biena,2026-09-27,0.897,0.664,1.175,0.794,1.003,rt,
biena,2026-09-28,0.892,0.648,1.177,0.785,0.997,rt,
biena,2026-09-29,0.886,0.636,1.178,0.776,0.994,rt,
biena,2026-09-30,0.88,0.617,1.184,0.768,0.994,rt,
biena,2026-10-01,0.877,0.624,1.169,0.766,0.987,rt,
biena,2026-10-02,0.872,0.62,1.147,0.77,0.98,rt,
butembo,2026-05-28,2.661,1.959,3.725,2.336,3.036,rt,
butembo,2026-05-29,2.549,1.906,3.517,2.25,2.886,rt,
butembo,2026-05-30,2.452,1.836,3.325,2.174,2.746,rt,
butembo,2026-05-31,2.349,1.765,3.149,2.1,2.634,rt,
butembo,2026-06-01,2.253,1.693,3.003,2.021,2.518,rt,
butembo,2026-06-02,2.164,1.638,2.854,1.948,2.412,rt,
butembo,2026-06-03,2.073,1.573,2.74,1.867,2.303,rt,
butembo,2026-06-04,1.991,1.511,2.624,1.795,2.205,rt,
butembo,2026-06-05,1.903,1.476,2.472,1.725,2.094,rt,
butembo,2026-06-06,1.818,1.428,2.332,1.647,1.996,rt,
butembo,2026-06-07,1.738,1.38,2.214,1.578,1.908,rt,
butembo,2026-06-08,1.678,1.336,2.14,1.532,1.849,rt,
butembo,2026-06-09,1.625,1.306,2.069,1.49,1.786,rt,
butembo,2026-06-10,1.58,1.276,1.993,1.451,1.725,rt,
butembo,2026-06-11,1.533,1.239,1.927,1.407,1.675,rt,
butembo,2026-06-12,1.489,1.225,1.841,1.38,1.622,rt,
butembo,2026-06-13,1.454,1.202,1.773,1.349,1.57,rt,
butembo,2026-06-14,1.418,1.173,1.725,1.32,1.524,rt,
butembo,2026-06-15,1.396,1.147,1.71,1.298,1.506,rt,
butembo,2026-06-16,1.382,1.144,1.671,1.287,1.484,rt,
butembo,2026-06-17,1.365,1.127,1.641,1.274,1.467,rt,
butembo,2026-06-18,1.348,1.113,1.619,1.256,1.448,rt,
butembo,2026-06-19,1.332,1.119,1.583,1.247,1.429,rt,
butembo,2026-06-20,1.316,1.117,1.558,1.235,1.412,rt,
butembo,2026-06-21,1.302,1.103,1.544,1.218,1.397,rt,
butembo,2026-06-22,1.309,1.101,1.558,1.218,1.405,rt,
butembo,2026-06-23,1.316,1.11,1.565,1.223,1.409,rt,
butembo,2026-06-24,1.323,1.116,1.575,1.232,1.416,rt,
butembo,2026-06-25,1.323,1.113,1.585,1.237,1.427,rt,
butembo,2026-06-26,1.327,1.13,1.58,1.246,1.424,rt,
butembo,2026-06-27,1.335,1.135,1.577,1.252,1.429,rt,
butembo,2026-06-28,1.339,1.137,1.585,1.254,1.432,rt,
butembo,2026-06-29,1.325,1.119,1.576,1.239,1.425,rt,
butembo,2026-06-30,1.31,1.118,1.552,1.229,1.407,rt,
butembo,2026-07-01,1.299,1.113,1.536,1.22,1.394,rt,
butembo,2026-07-02,1.29,1.1,1.526,1.211,1.387,rt,
butembo,2026-07-03,1.278,1.104,1.497,1.206,1.365,rt,
butembo,2026-07-04,1.268,1.101,1.478,1.197,1.35,rt,
butembo,2026-07-05,1.257,1.086,1.464,1.185,1.339,rt,
butembo,2026-07-06,1.25,1.073,1.469,1.175,1.337,rt,
butembo,2026-07-07,1.243,1.063,1.461,1.169,1.326,rt,
butembo,2026-07-08,1.235,1.057,1.451,1.161,1.316,rt,
butembo,2026-07-09,1.226,1.044,1.443,1.151,1.306,rt,
butembo,2026-07-10,1.222,1.048,1.43,1.147,1.301,rt,
butembo,2026-07-11,1.216,1.043,1.415,1.142,1.289,rt,
butembo,2026-07-12,1.21,1.032,1.413,1.134,1.284,rt,
butembo,2026-07-13,1.2,1.016,1.412,1.123,1.281,rt,
butembo,2026-07-14,1.193,1.015,1.396,1.116,1.272,rt,
butembo,2026-07-15,1.186,1.007,1.4,1.107,1.266,rt,
butembo,2026-07-16,1.179,1.0,1.393,1.1,1.256,rt,
butembo,2026-07-17,1.17,0.999,1.363,1.093,1.238,rt,
butembo,2026-07-18,1.157,0.996,1.346,1.087,1.223,rt,
butembo,2026-07-19,1.143,0.986,1.338,1.075,1.213,rt,
butembo,2026-07-20,1.135,0.968,1.328,1.065,1.212,rt,
butembo,2026-07-21,1.134,0.973,1.327,1.07,1.213,rt,
butembo,2026-07-22,1.134,0.974,1.324,1.073,1.213,rt,
butembo,2026-07-23,1.135,0.974,1.326,1.072,1.213,rt,
butembo,2026-07-24,1.133,0.984,1.305,1.071,1.206,rt,
butembo,2026-07-25,1.131,0.987,1.298,1.069,1.201,rt,
butembo,2026-07-26,1.127,0.981,1.296,1.064,1.199,rt,
butembo,2026-07-27,1.132,0.981,1.314,1.066,1.208,rt,
butembo,2026-07-28,1.143,0.991,1.323,1.077,1.217,rt,
butembo,2026-07-29,1.153,1.002,1.335,1.088,1.225,rt,
butembo,2026-07-30,1.162,1.003,1.347,1.094,1.235,rt,
butembo,2026-07-31,1.175,1.021,1.35,1.112,1.247,rt,
butembo,2026-08-01,1.188,1.031,1.361,1.122,1.255,rt,
butembo,2026-08-02,1.2,1.034,1.379,1.133,1.265,rt,
butembo,2026-08-03,1.214,1.038,1.41,1.14,1.285,rt,
butembo,2026-08-04,1.224,1.055,1.412,1.152,1.294,rt,
butembo,2026-08-05,1.231,1.065,1.427,1.161,1.304,rt,
butembo,2026-08-06,1.241,1.076,1.446,1.167,1.314,rt,
butembo,2026-08-07,1.254,1.094,1.453,1.185,1.322,rt,
butembo,2026-08-08,1.265,1.101,1.463,1.195,1.336,rt,
butembo,2026-08-09,1.275,1.106,1.482,1.204,1.347,rt,
butembo,2026-08-10,1.281,1.102,1.513,1.203,1.357,rt,
butembo,2026-08-11,1.277,1.104,1.494,1.202,1.349,rt,
butembo,2026-08-12,1.27,1.102,1.482,1.197,1.344,rt,
butembo,2026-08-13,1.264,1.09,1.47,1.192,1.341,rt,
butembo,2026-08-14,1.255,1.093,1.449,1.188,1.328,rt,
butembo,2026-08-15,1.248,1.085,1.43,1.178,1.316,rt,
butembo,2026-08-16,1.238,1.07,1.42,1.166,1.307,rt,
butembo,2026-08-17,1.229,1.055,1.427,1.154,1.306,rt,
butembo,2026-08-18,1.217,1.045,1.407,1.147,1.294,rt,
butembo,2026-08-19,1.204,1.031,1.391,1.135,1.277,rt,
butembo,2026-08-20,1.188,1.016,1.387,1.118,1.262,rt,
butembo,2026-08-21,1.157,0.993,1.342,1.092,1.229,rt,
butembo,2026-08-22,1.129,0.965,1.312,1.062,1.198,rt,
butembo,2026-08-23,1.098,0.932,1.286,1.029,1.17,rt,
butembo,2026-08-24,1.063,0.887,1.255,0.987,1.136,rt,
butembo,2026-08-25,1.027,0.866,1.206,0.958,1.098,rt,
butembo,2026-08-26,0.994,0.84,1.165,0.928,1.061,rt,
butembo,2026-08-27,0.963,0.81,1.129,0.9,1.027,rt,
butembo,2026-08-28,0.93,0.784,1.087,0.868,0.992,rt,
butembo,2026-08-29,0.9,0.751,1.05,0.835,0.963,rt,
butembo,2026-08-30,0.868,0.708,1.026,0.807,0.933,rt,
butembo,2026-08-31,0.824,0.661,0.995,0.762,0.892,rt,
butembo,2026-09-01,0.796,0.643,0.955,0.737,0.859,rt,
butembo,2026-09-02,0.77,0.625,0.92,0.712,0.829,rt,
butembo,2026-09-03,0.745,0.605,0.895,0.687,0.804,rt,
butembo,2026-09-04,0.725,0.592,0.867,0.67,0.784,rt,
butembo,2026-09-05,0.706,0.572,0.85,0.65,0.764,rt,
butembo,2026-09-06,0.688,0.547,0.839,0.629,0.745,rt,
butembo,2026-09-07,0.678,0.524,0.835,0.616,0.736,rt,
butembo,2026-09-08,0.679,0.532,0.833,0.618,0.736,rt,
butembo,2026-09-09,0.679,0.539,0.836,0.62,0.741,rt,
butembo,2026-09-10,0.681,0.542,0.839,0.623,0.744,rt,
butembo,2026-09-11,0.682,0.539,0.845,0.624,0.749,rt,
butembo,2026-09-12,0.683,0.542,0.858,0.625,0.752,rt,
butembo,2026-09-13,0.685,0.534,0.881,0.624,0.759,rt,
butembo,2026-09-14,0.696,0.53,0.919,0.627,0.779,rt,
butembo,2026-09-15,0.707,0.539,0.922,0.636,0.789,rt,
butembo,2026-09-16,0.717,0.545,0.935,0.643,0.8,rt,
butembo,2026-09-17,0.727,0.549,0.96,0.647,0.811,rt,
butembo,2026-09-18,0.736,0.551,0.98,0.654,0.827,rt,
butembo,2026-09-19,0.745,0.546,1.011,0.661,0.841,rt,
butembo,2026-09-20,0.753,0.539,1.048,0.662,0.856,rt,
butembo,2026-09-21,0.762,0.533,1.086,0.667,0.875,rt,
butembo,2026-09-22,0.766,0.528,1.085,0.666,0.881,rt,
butembo,2026-09-23,0.771,0.525,1.094,0.662,0.887,rt,
butembo,2026-09-24,0.771,0.517,1.112,0.663,0.893,rt,
butembo,2026-09-25,0.766,0.513,1.123,0.655,0.894,rt,
butembo,2026-09-26,0.764,0.503,1.135,0.653,0.894,rt,
butembo,2026-09-27,0.762,0.495,1.15,0.647,0.893,rt,
butembo,2026-09-28,0.759,0.484,1.156,0.636,0.896,rt,
butembo,2026-09-29,0.758,0.478,1.158,0.638,0.893,rt,
butembo,2026-09-30,0.759,0.467,1.166,0.634,0.894,rt,
butembo,2026-10-01,0.762,0.47,1.172,0.638,0.897,rt,
butembo,2026-10-02,0.761,0.468,1.185,0.634,0.9,rt,
kalunguta,2026-07-24,1.465,1.17,1.891,1.339,1.626,rt,
kalunguta,2026-07-25,1.461,1.163,1.887,1.335,1.621,rt,
kalunguta,2026-07-26,1.456,1.143,1.9,1.326,1.624,rt,
kalunguta,2026-07-27,1.463,1.136,1.925,1.323,1.636,rt,
kalunguta,2026-07-28,1.466,1.152,1.904,1.332,1.629,rt,
kalunguta,2026-07-29,1.476,1.17,1.886,1.343,1.63,rt,
kalunguta,2026-07-30,1.483,1.177,1.887,1.352,1.637,rt,
kalunguta,2026-07-31,1.491,1.189,1.895,1.366,1.648,rt,
kalunguta,2026-08-01,1.502,1.188,1.907,1.375,1.654,rt,
kalunguta,2026-08-02,1.513,1.187,1.919,1.373,1.667,rt,
kalunguta,2026-08-03,1.521,1.18,1.954,1.377,1.678,rt,
kalunguta,2026-08-04,1.54,1.212,1.939,1.397,1.692,rt,
kalunguta,2026-08-05,1.559,1.238,1.96,1.412,1.707,rt,
kalunguta,2026-08-06,1.575,1.249,1.959,1.427,1.722,rt,
kalunguta,2026-08-07,1.595,1.277,1.967,1.446,1.741,rt,
kalunguta,2026-08-08,1.612,1.289,1.982,1.467,1.76,rt,
kalunguta,2026-08-09,1.629,1.29,2.022,1.48,1.783,rt,
kalunguta,2026-08-10,1.643,1.276,2.069,1.481,1.802,rt,
kalunguta,2026-08-11,1.663,1.31,2.065,1.506,1.817,rt,
kalunguta,2026-08-12,1.687,1.339,2.073,1.527,1.835,rt,
kalunguta,2026-08-13,1.703,1.359,2.092,1.553,1.849,rt,
kalunguta,2026-08-14,1.721,1.381,2.112,1.572,1.863,rt,
kalunguta,2026-08-15,1.733,1.39,2.138,1.579,1.879,rt,
kalunguta,2026-08-16,1.745,1.396,2.173,1.588,1.908,rt,
kalunguta,2026-08-17,1.767,1.399,2.229,1.593,1.934,rt,
kalunguta,2026-08-18,1.787,1.433,2.226,1.622,1.953,rt,
kalunguta,2026-08-19,1.811,1.466,2.232,1.646,1.978,rt,
kalunguta,2026-08-20,1.832,1.481,2.253,1.664,1.999,rt,
kalunguta,2026-08-21,1.831,1.485,2.247,1.668,1.994,rt,
kalunguta,2026-08-22,1.822,1.467,2.242,1.67,1.992,rt,
kalunguta,2026-08-23,1.812,1.458,2.26,1.666,1.985,rt,
kalunguta,2026-08-24,1.792,1.429,2.261,1.634,1.976,rt,
kalunguta,2026-08-25,1.77,1.43,2.203,1.623,1.938,rt,
kalunguta,2026-08-26,1.747,1.413,2.163,1.602,1.905,rt,
kalunguta,2026-08-27,1.728,1.397,2.122,1.584,1.885,rt,
kalunguta,2026-08-28,1.7,1.384,2.082,1.562,1.855,rt,
kalunguta,2026-08-29,1.674,1.358,2.055,1.537,1.828,rt,
kalunguta,2026-08-30,1.646,1.325,2.046,1.506,1.791,rt,
kalunguta,2026-08-31,1.587,1.26,2.013,1.449,1.74,rt,
kalunguta,2026-09-01,1.53,1.232,1.928,1.402,1.669,rt,
kalunguta,2026-09-02,1.474,1.194,1.844,1.345,1.601,rt,
kalunguta,2026-09-03,1.415,1.151,1.767,1.298,1.545,rt,
kalunguta,2026-09-04,1.367,1.117,1.716,1.26,1.493,rt,
kalunguta,2026-09-05,1.323,1.078,1.66,1.215,1.449,rt,
kalunguta,2026-09-06,1.282,1.037,1.619,1.173,1.405,rt,
kalunguta,2026-09-07,1.256,1.001,1.601,1.142,1.383,rt,
kalunguta,2026-09-08,1.232,0.988,1.556,1.128,1.352,rt,
kalunguta,2026-09-09,1.213,0.969,1.514,1.107,1.326,rt,
kalunguta,2026-09-10,1.192,0.953,1.487,1.088,1.302,rt,
kalunguta,2026-09-11,1.171,0.927,1.464,1.066,1.284,rt,
kalunguta,2026-09-12,1.148,0.896,1.447,1.043,1.265,rt,
kalunguta,2026-09-13,1.129,0.866,1.445,1.013,1.253,rt,
kalunguta,2026-09-14,1.125,0.845,1.473,1.003,1.254,rt,
kalunguta,2026-09-15,1.115,0.839,1.445,0.999,1.248,rt,
kalunguta,2026-09-16,1.11,0.826,1.441,0.995,1.243,rt,
kalunguta,2026-09-17,1.102,0.813,1.431,0.988,1.242,rt,
kalunguta,2026-09-18,1.094,0.805,1.433,0.98,1.234,rt,
kalunguta,2026-09-19,1.09,0.794,1.433,0.967,1.231,rt,
kalunguta,2026-09-20,1.076,0.778,1.455,0.952,1.23,rt,
kalunguta,2026-09-21,1.07,0.759,1.477,0.939,1.231,rt,
kalunguta,2026-09-22,1.063,0.761,1.481,0.934,1.228,rt,
kalunguta,2026-09-23,1.058,0.753,1.481,0.925,1.223,rt,
kalunguta,2026-09-24,1.05,0.745,1.492,0.918,1.22,rt,
kalunguta,2026-09-25,1.037,0.727,1.487,0.904,1.202,rt,
kalunguta,2026-09-26,1.029,0.707,1.494,0.886,1.195,rt,
kalunguta,2026-09-27,1.016,0.686,1.512,0.869,1.188,rt,
kalunguta,2026-09-28,1.005,0.656,1.516,0.848,1.183,rt,
kalunguta,2026-09-29,0.991,0.64,1.515,0.832,1.169,rt,
kalunguta,2026-09-30,0.978,0.623,1.511,0.822,1.157,rt,
kalunguta,2026-10-01,0.965,0.617,1.5,0.815,1.142,rt,
kalunguta,2026-10-02,0.955,0.611,1.488,0.811,1.135,rt,
katwa,2026-05-24,3.049,2.27,4.389,2.694,3.518,rt,
katwa,2026-05-25,2.929,2.195,4.204,2.588,3.384,rt,
katwa,2026-05-26,2.824,2.128,4.008,2.502,3.262,rt,
katwa,2026-05-27,2.735,2.053,3.848,2.424,3.141,rt,
katwa,2026-05-28,2.645,1.994,3.727,2.352,3.031,rt,
katwa,2026-05-29,2.547,1.965,3.472,2.274,2.89,rt,
katwa,2026-05-30,2.457,1.907,3.286,2.207,2.766,rt,
katwa,2026-05-31,2.372,1.842,3.138,2.134,2.653,rt,
katwa,2026-06-01,2.288,1.781,3.002,2.058,2.543,rt,
katwa,2026-06-02,2.21,1.732,2.872,1.997,2.437,rt,
katwa,2026-06-03,2.137,1.682,2.764,1.936,2.352,rt,
katwa,2026-06-04,2.065,1.629,2.658,1.874,2.277,rt,
katwa,2026-06-05,1.993,1.596,2.528,1.814,2.171,rt,
katwa,2026-06-06,1.915,1.554,2.404,1.748,2.089,rt,
katwa,2026-06-07,1.846,1.509,2.308,1.688,2.013,rt,
katwa,2026-06-08,1.793,1.467,2.254,1.648,1.961,rt,
katwa,2026-06-09,1.753,1.434,2.18,1.611,1.906,rt,
katwa,2026-06-10,1.708,1.403,2.123,1.571,1.859,rt,
katwa,2026-06-11,1.668,1.366,2.074,1.533,1.811,rt,
katwa,2026-06-12,1.637,1.356,2.004,1.511,1.764,rt,
katwa,2026-06-13,1.603,1.337,1.946,1.484,1.717,rt,
katwa,2026-06-14,1.573,1.311,1.886,1.457,1.673,rt,
katwa,2026-06-15,1.554,1.298,1.848,1.441,1.654,rt,
katwa,2026-06-16,1.535,1.288,1.828,1.428,1.637,rt,
katwa,2026-06-17,1.515,1.273,1.795,1.414,1.62,rt,
katwa,2026-06-18,1.496,1.256,1.76,1.393,1.601,rt,
katwa,2026-06-19,1.48,1.262,1.725,1.381,1.575,rt,
katwa,2026-06-20,1.46,1.251,1.697,1.37,1.558,rt,
katwa,2026-06-21,1.44,1.241,1.67,1.355,1.54,rt,
katwa,2026-06-22,1.444,1.242,1.692,1.359,1.546,rt,
katwa,2026-06-23,1.444,1.247,1.704,1.359,1.545,rt,
katwa,2026-06-24,1.448,1.247,1.709,1.358,1.55,rt,
katwa,2026-06-25,1.447,1.246,1.715,1.358,1.551,rt,
katwa,2026-06-26,1.448,1.262,1.699,1.363,1.541,rt,
katwa,2026-06-27,1.447,1.269,1.687,1.368,1.534,rt,
katwa,2026-06-28,1.446,1.268,1.69,1.368,1.534,rt,
katwa,2026-06-29,1.428,1.249,1.667,1.352,1.517,rt,
katwa,2026-06-30,1.41,1.236,1.643,1.335,1.494,rt,
katwa,2026-07-01,1.393,1.217,1.623,1.319,1.477,rt,
katwa,2026-07-02,1.377,1.192,1.61,1.299,1.462,rt,
katwa,2026-07-03,1.361,1.196,1.57,1.291,1.439,rt,
katwa,2026-07-04,1.343,1.189,1.539,1.275,1.418,rt,
katwa,2026-07-05,1.328,1.174,1.521,1.258,1.401,rt,
katwa,2026-07-06,1.319,1.158,1.519,1.247,1.392,rt,
katwa,2026-07-07,1.314,1.151,1.509,1.241,1.383,rt,
katwa,2026-07-08,1.307,1.139,1.5,1.235,1.381,rt,
katwa,2026-07-09,1.3,1.122,1.497,1.224,1.375,rt,
katwa,2026-07-10,1.298,1.136,1.474,1.226,1.365,rt,
katwa,2026-07-11,1.293,1.134,1.472,1.223,1.36,rt,
katwa,2026-07-12,1.289,1.131,1.47,1.218,1.357,rt,
katwa,2026-07-13,1.278,1.117,1.466,1.207,1.351,rt,
katwa,2026-07-14,1.273,1.117,1.461,1.203,1.345,rt,
katwa,2026-07-15,1.266,1.108,1.466,1.196,1.343,rt,
katwa,2026-07-16,1.26,1.096,1.465,1.189,1.342,rt,
katwa,2026-07-17,1.25,1.1,1.436,1.187,1.325,rt,
katwa,2026-07-18,1.242,1.097,1.419,1.181,1.314,rt,
katwa,2026-07-19,1.232,1.087,1.416,1.171,1.301,rt,
katwa,2026-07-20,1.225,1.076,1.421,1.164,1.298,rt,
katwa,2026-07-21,1.221,1.077,1.411,1.158,1.29,rt,
katwa,2026-07-22,1.216,1.065,1.401,1.153,1.285,rt,
katwa,2026-07-23,1.21,1.058,1.398,1.144,1.279,rt,
katwa,2026-07-24,1.201,1.063,1.365,1.14,1.267,rt,
katwa,2026-07-25,1.194,1.057,1.353,1.134,1.254,rt,
katwa,2026-07-26,1.186,1.048,1.346,1.125,1.245,rt,
katwa,2026-07-27,1.186,1.04,1.357,1.121,1.249,rt,
katwa,2026-07-28,1.182,1.039,1.348,1.123,1.244,rt,
katwa,2026-07-29,1.177,1.031,1.345,1.118,1.241,rt,
katwa,2026-07-30,1.174,1.02,1.347,1.115,1.24,rt,
katwa,2026-07-31,1.171,1.034,1.342,1.121,1.235,rt,
katwa,2026-08-01,1.171,1.04,1.334,1.12,1.23,rt,
katwa,2026-08-02,1.171,1.039,1.335,1.116,1.23,rt,
katwa,2026-08-03,1.171,1.032,1.348,1.112,1.23,rt,
katwa,2026-08-04,1.168,1.032,1.338,1.11,1.228,rt,
katwa,2026-08-05,1.164,1.027,1.335,1.108,1.228,rt,
katwa,2026-08-06,1.16,1.022,1.331,1.1,1.227,rt,
katwa,2026-08-07,1.159,1.033,1.314,1.105,1.222,rt,
katwa,2026-08-08,1.159,1.029,1.308,1.107,1.221,rt,
katwa,2026-08-09,1.158,1.021,1.31,1.102,1.218,rt,
katwa,2026-08-10,1.154,1.002,1.314,1.09,1.214,rt,
katwa,2026-08-11,1.145,0.999,1.303,1.087,1.206,rt,
katwa,2026-08-12,1.136,0.994,1.293,1.078,1.198,rt,
katwa,2026-08-13,1.127,0.981,1.292,1.067,1.192,rt,
katwa,2026-08-14,1.115,0.981,1.267,1.063,1.178,rt,
katwa,2026-08-15,1.104,0.976,1.253,1.053,1.164,rt,
katwa,2026-08-16,1.093,0.961,1.239,1.039,1.152,rt,
katwa,2026-08-17,1.087,0.945,1.244,1.025,1.146,rt,
katwa,2026-08-18,1.077,0.936,1.227,1.02,1.137,rt,
katwa,2026-08-19,1.068,0.929,1.219,1.01,1.128,rt,
katwa,2026-08-20,1.058,0.91,1.21,0.997,1.117,rt,
katwa,2026-08-21,1.031,0.893,1.178,0.976,1.088,rt,
katwa,2026-08-22,1.007,0.874,1.147,0.954,1.063,rt,
katwa,2026-08-23,0.983,0.846,1.128,0.93,1.041,rt,
katwa,2026-08-24,0.953,0.81,1.103,0.895,1.012,rt,
katwa,2026-08-25,0.923,0.787,1.062,0.866,0.976,rt,
katwa,2026-08-26,0.894,0.764,1.021,0.838,0.946,rt,
katwa,2026-08-27,0.863,0.732,0.988,0.811,0.916,rt,
katwa,2026-08-28,0.835,0.709,0.955,0.782,0.882,rt,
katwa,2026-08-29,0.805,0.679,0.926,0.75,0.852,rt,
katwa,2026-08-30,0.776,0.643,0.903,0.719,0.827,rt,
katwa,2026-08-31,0.734,0.599,0.874,0.677,0.791,rt,
katwa,2026-09-01,0.71,0.583,0.837,0.653,0.761,rt,
katwa,2026-09-02,0.687,0.565,0.808,0.634,0.736,rt,
katwa,2026-09-03,0.663,0.547,0.783,0.613,0.713,rt,
katwa,2026-09-04,0.645,0.533,0.76,0.596,0.693,rt,
katwa,2026-09-05,0.628,0.515,0.738,0.579,0.675,rt,
katwa,2026-09-06,0.613,0.494,0.724,0.559,0.658,rt,
katwa,2026-09-07,0.604,0.474,0.724,0.547,0.653,rt,
katwa,2026-09-08,0.603,0.483,0.725,0.549,0.652,rt,
katwa,2026-09-09,0.605,0.489,0.729,0.553,0.654,rt,
katwa,2026-09-10,0.604,0.49,0.739,0.555,0.658,rt,
katwa,2026-09-11,0.608,0.488,0.741,0.555,0.661,rt,
katwa,2026-09-12,0.611,0.487,0.754,0.557,0.666,rt,
katwa,2026-09-13,0.613,0.48,0.771,0.555,0.674,rt,
katwa,2026-09-14,0.622,0.478,0.797,0.56,0.692,rt,
katwa,2026-09-15,0.628,0.485,0.814,0.569,0.704,rt,
katwa,2026-09-16,0.638,0.489,0.831,0.578,0.717,rt,
katwa,2026-09-17,0.648,0.488,0.852,0.582,0.73,rt,
katwa,2026-09-18,0.661,0.49,0.871,0.589,0.741,rt,
katwa,2026-09-19,0.67,0.488,0.897,0.591,0.754,rt,
katwa,2026-09-20,0.68,0.484,0.925,0.594,0.774,rt,
katwa,2026-09-21,0.69,0.479,0.961,0.594,0.794,rt,
katwa,2026-09-22,0.694,0.483,0.979,0.599,0.802,rt,
katwa,2026-09-23,0.697,0.479,0.988,0.601,0.806,rt,
katwa,2026-09-24,0.702,0.478,0.995,0.603,0.811,rt,
katwa,2026-09-25,0.701,0.474,1.007,0.602,0.816,rt,
katwa,2026-09-26,0.698,0.468,1.029,0.597,0.816,rt,
katwa,2026-09-27,0.701,0.46,1.038,0.594,0.816,rt,
katwa,2026-09-28,0.701,0.451,1.061,0.59,0.821,rt,
katwa,2026-09-29,0.702,0.448,1.069,0.591,0.824,rt,
katwa,2026-09-30,0.702,0.439,1.069,0.589,0.832,rt,
katwa,2026-10-01,0.708,0.443,1.067,0.596,0.842,rt,
katwa,2026-10-02,0.714,0.441,1.078,0.598,0.851,rt,
kayna,2026-09-28,0.931,0.685,1.217,0.822,1.041,rt,
kayna,2026-09-29,0.924,0.672,1.217,0.812,1.037,rt,
kayna,2026-09-30,0.92,0.659,1.228,0.805,1.033,rt,
kayna,2026-10-01,0.917,0.658,1.207,0.806,1.025,rt,
kayna,2026-10-02,0.915,0.66,1.188,0.809,1.021,rt,
kyondo,2026-06-30,1.306,0.984,1.751,1.165,1.468,rt,
kyondo,2026-07-01,1.282,0.981,1.704,1.147,1.436,rt,
kyondo,2026-07-02,1.257,0.972,1.667,1.13,1.411,rt,
kyondo,2026-07-03,1.238,0.945,1.617,1.116,1.377,rt,
kyondo,2026-07-04,1.22,0.929,1.596,1.092,1.346,rt,
kyondo,2026-07-05,1.2,0.913,1.578,1.071,1.321,rt,
kyondo,2026-07-06,1.186,0.887,1.585,1.053,1.314,rt,
kyondo,2026-07-07,1.17,0.888,1.539,1.049,1.294,rt,
kyondo,2026-07-08,1.151,0.887,1.518,1.037,1.276,rt,
kyondo,2026-07-09,1.143,0.875,1.5,1.025,1.266,rt,
kyondo,2026-07-10,1.135,0.87,1.482,1.016,1.253,rt,
kyondo,2026-07-11,1.123,0.859,1.476,1.005,1.247,rt,
kyondo,2026-07-12,1.112,0.839,1.474,0.994,1.244,rt,
kyondo,2026-07-13,1.1,0.812,1.475,0.979,1.243,rt,
kyondo,2026-07-14,1.096,0.809,1.439,0.974,1.223,rt,
kyondo,2026-07-15,1.086,0.814,1.419,0.969,1.21,rt,
kyondo,2026-07-16,1.078,0.799,1.406,0.969,1.197,rt,
kyondo,2026-07-17,1.066,0.794,1.375,0.961,1.178,rt,
kyondo,2026-07-18,1.057,0.788,1.365,0.948,1.167,rt,
kyondo,2026-07-19,1.044,0.772,1.354,0.932,1.153,rt,
kyondo,2026-07-20,1.04,0.761,1.357,0.916,1.158,rt,
kyondo,2026-07-21,1.037,0.771,1.334,0.916,1.151,rt,
kyondo,2026-07-22,1.035,0.776,1.32,0.917,1.147,rt,
kyondo,2026-07-23,1.027,0.781,1.314,0.917,1.143,rt,
kyondo,2026-07-24,1.025,0.776,1.303,0.913,1.135,rt,
kyondo,2026-07-25,1.017,0.771,1.305,0.909,1.129,rt,
kyondo,2026-07-26,1.015,0.756,1.305,0.902,1.13,rt,
kyondo,2026-07-27,1.019,0.743,1.329,0.899,1.139,rt,
kyondo,2026-07-28,1.027,0.765,1.321,0.915,1.142,rt,
kyondo,2026-07-29,1.034,0.774,1.316,0.925,1.148,rt,
kyondo,2026-07-30,1.045,0.779,1.316,0.936,1.154,rt,
kyondo,2026-07-31,1.055,0.793,1.331,0.948,1.165,rt,
kyondo,2026-08-01,1.064,0.799,1.354,0.963,1.178,rt,
kyondo,2026-08-02,1.076,0.801,1.388,0.966,1.195,rt,
kyondo,2026-08-03,1.091,0.805,1.416,0.972,1.215,rt,
kyondo,2026-08-04,1.115,0.835,1.426,0.997,1.232,rt,
kyondo,2026-08-05,1.135,0.865,1.448,1.022,1.255,rt,
kyondo,2026-08-06,1.16,0.891,1.466,1.043,1.283,rt,
kyondo,2026-08-07,1.186,0.919,1.488,1.066,1.309,rt,
kyondo,2026-08-08,1.212,0.94,1.539,1.089,1.339,rt,
kyondo,2026-08-09,1.235,0.956,1.584,1.113,1.37,rt,
kyondo,2026-08-10,1.256,0.963,1.632,1.125,1.405,rt,
kyondo,2026-08-11,1.287,1.003,1.64,1.158,1.423,rt,
kyondo,2026-08-12,1.314,1.034,1.672,1.189,1.45,rt,
kyondo,2026-08-13,1.347,1.061,1.706,1.224,1.479,rt,
kyondo,2026-08-14,1.372,1.092,1.732,1.251,1.502,rt,
kyondo,2026-08-15,1.404,1.113,1.769,1.273,1.536,rt,
kyondo,2026-08-16,1.428,1.121,1.823,1.291,1.575,rt,
kyondo,2026-08-17,1.454,1.123,1.896,1.311,1.625,rt,
kyondo,2026-08-18,1.478,1.158,1.89,1.339,1.636,rt,
kyondo,2026-08-19,1.497,1.177,1.905,1.361,1.651,rt,
kyondo,2026-08-20,1.519,1.188,1.94,1.376,1.675,rt,
kyondo,2026-08-21,1.515,1.189,1.932,1.375,1.667,rt,
kyondo,2026-08-22,1.514,1.178,1.951,1.369,1.668,rt,
kyondo,2026-08-23,1.513,1.157,1.982,1.358,1.677,rt,
kyondo,2026-08-24,1.493,1.111,2.003,1.331,1.672,rt,
kyondo,2026-08-25,1.449,1.097,1.904,1.295,1.611,rt,
kyondo,2026-08-26,1.401,1.08,1.819,1.261,1.562,rt,
kyondo,2026-08-27,1.359,1.045,1.747,1.221,1.505,rt,
kyondo,2026-08-28,1.315,1.017,1.679,1.179,1.452,rt,
kyondo,2026-08-29,1.27,0.978,1.647,1.138,1.403,rt,
kyondo,2026-08-30,1.224,0.939,1.612,1.096,1.363,rt,
kyondo,2026-08-31,1.16,0.872,1.569,1.035,1.305,rt,
kyondo,2026-09-01,1.105,0.834,1.471,0.99,1.236,rt,
kyondo,2026-09-02,1.057,0.797,1.394,0.947,1.175,rt,
kyondo,2026-09-03,1.009,0.764,1.323,0.906,1.125,rt,
kyondo,2026-09-04,0.973,0.737,1.264,0.871,1.082,rt,
kyondo,2026-09-05,0.934,0.698,1.222,0.831,1.041,rt,
kyondo,2026-09-06,0.896,0.657,1.179,0.793,1.008,rt,
kyondo,2026-09-07,0.871,0.626,1.17,0.76,0.983,rt,
kyondo,2026-09-08,0.859,0.628,1.146,0.752,0.969,rt,
kyondo,2026-09-09,0.847,0.623,1.136,0.744,0.957,rt,
kyondo,2026-09-10,0.834,0.614,1.12,0.731,0.947,rt,
kyondo,2026-09-11,0.825,0.602,1.105,0.718,0.932,rt,
kyondo,2026-09-12,0.811,0.587,1.089,0.71,0.927,rt,
kyondo,2026-09-13,0.802,0.565,1.087,0.7,0.927,rt,
kyondo,2026-09-14,0.804,0.544,1.118,0.693,0.932,rt,
kyondo,2026-09-15,0.808,0.548,1.123,0.696,0.929,rt,
kyondo,2026-09-16,0.813,0.556,1.131,0.7,0.931,rt,
kyondo,2026-09-17,0.814,0.558,1.149,0.702,0.933,rt,
kyondo,2026-09-18,0.815,0.553,1.164,0.702,0.938,rt,
kyondo,2026-09-19,0.816,0.55,1.18,0.698,0.946,rt,
kyondo,2026-09-20,0.815,0.536,1.194,0.693,0.957,rt,
kyondo,2026-09-21,0.818,0.519,1.229,0.687,0.974,rt,
kyondo,2026-09-22,0.823,0.521,1.223,0.688,0.972,rt,
kyondo,2026-09-23,0.821,0.528,1.233,0.691,0.98,rt,
kyondo,2026-09-24,0.823,0.528,1.25,0.687,0.984,rt,
kyondo,2026-09-25,0.822,0.524,1.256,0.683,0.982,rt,
kyondo,2026-09-26,0.817,0.517,1.267,0.678,0.983,rt,
kyondo,2026-09-27,0.816,0.503,1.276,0.666,0.986,rt,
kyondo,2026-09-28,0.81,0.487,1.298,0.659,0.989,rt,
kyondo,2026-09-29,0.811,0.485,1.287,0.657,0.983,rt,
kyondo,2026-09-30,0.81,0.482,1.313,0.655,0.984,rt,
kyondo,2026-10-01,0.811,0.475,1.317,0.658,0.988,rt,
kyondo,2026-10-02,0.812,0.466,1.349,0.654,0.991,rt,
lubero,2026-08-14,1.561,1.388,1.769,1.485,1.641,rt,
lubero,2026-08-15,1.569,1.405,1.772,1.498,1.65,rt,
lubero,2026-08-16,1.576,1.407,1.786,1.502,1.656,rt,
lubero,2026-08-17,1.587,1.412,1.796,1.512,1.672,rt,
lubero,2026-08-18,1.595,1.415,1.807,1.517,1.68,rt,
lubero,2026-08-19,1.603,1.414,1.816,1.518,1.69,rt,
lubero,2026-08-20,1.608,1.409,1.833,1.517,1.698,rt,
lubero,2026-08-21,1.59,1.401,1.804,1.506,1.677,rt,
lubero,2026-08-22,1.572,1.389,1.781,1.495,1.656,rt,
lubero,2026-08-23,1.55,1.37,1.759,1.473,1.638,rt,
lubero,2026-08-24,1.518,1.336,1.73,1.443,1.603,rt,
lubero,2026-08-25,1.483,1.305,1.691,1.407,1.561,rt,
lubero,2026-08-26,1.447,1.268,1.647,1.371,1.521,rt,
lubero,2026-08-27,1.411,1.234,1.61,1.333,1.485,rt,
lubero,2026-08-28,1.374,1.21,1.549,1.303,1.44,rt,
lubero,2026-08-29,1.334,1.179,1.507,1.268,1.4,rt,
lubero,2026-08-30,1.297,1.147,1.467,1.23,1.363,rt,
lubero,2026-08-31,1.241,1.094,1.406,1.172,1.305,rt,
lubero,2026-09-01,1.193,1.049,1.353,1.128,1.256,rt,
lubero,2026-09-02,1.147,1.007,1.307,1.085,1.211,rt,
lubero,2026-09-03,1.104,0.963,1.268,1.042,1.167,rt,
lubero,2026-09-04,1.069,0.939,1.214,1.012,1.125,rt,
lubero,2026-09-05,1.034,0.906,1.174,0.983,1.089,rt,
lubero,2026-09-06,1.002,0.868,1.139,0.949,1.057,rt,
lubero,2026-09-07,0.981,0.843,1.119,0.928,1.037,rt,
lubero,2026-09-08,0.97,0.837,1.105,0.917,1.024,rt,
lubero,2026-09-09,0.96,0.83,1.098,0.906,1.013,rt,
lubero,2026-09-10,0.949,0.817,1.092,0.893,1.003,rt,
lubero,2026-09-11,0.94,0.806,1.079,0.885,0.991,rt,
lubero,2026-09-12,0.929,0.797,1.071,0.877,0.981,rt,
lubero,2026-09-13,0.919,0.785,1.068,0.867,0.975,rt,
lubero,2026-09-14,0.92,0.78,1.078,0.865,0.981,rt,
lubero,2026-09-15,0.923,0.778,1.086,0.865,0.987,rt,
lubero,2026-09-16,0.926,0.768,1.102,0.862,0.994,rt,
lubero,2026-09-17,0.926,0.761,1.113,0.86,0.998,rt,
lubero,2026-09-18,0.928,0.756,1.115,0.861,0.999,rt,
lubero,2026-09-19,0.93,0.749,1.123,0.855,1.005,rt,
lubero,2026-09-20,0.929,0.743,1.142,0.848,1.015,rt,
lubero,2026-09-21,0.932,0.73,1.155,0.844,1.023,rt,
lubero,2026-09-22,0.934,0.722,1.159,0.841,1.026,rt,
lubero,2026-09-23,0.932,0.717,1.172,0.836,1.027,rt,
lubero,2026-09-24,0.929,0.71,1.187,0.833,1.03,rt,
lubero,2026-09-25,0.924,0.697,1.182,0.824,1.025,rt,
lubero,2026-09-26,0.914,0.687,1.182,0.814,1.021,rt,
lubero,2026-09-27,0.908,0.672,1.188,0.803,1.014,rt,
lubero,2026-09-28,0.903,0.657,1.188,0.794,1.009,rt,
lubero,2026-09-29,0.9,0.646,1.191,0.787,1.006,rt,
lubero,2026-09-30,0.895,0.635,1.2,0.777,1.005,rt,
lubero,2026-10-01,0.891,0.635,1.176,0.78,0.999,rt,
lubero,2026-10-02,0.887,0.632,1.158,0.78,0.99,rt,
mabalako,2026-08-15,2.121,1.643,2.781,1.897,2.361,rt,
mabalako,2026-08-16,2.126,1.638,2.827,1.899,2.391,rt,
mabalako,2026-08-17,2.141,1.615,2.886,1.909,2.443,rt,
mabalako,2026-08-18,2.16,1.653,2.857,1.933,2.424,rt,
mabalako,2026-08-19,2.169,1.68,2.856,1.952,2.422,rt,
mabalako,2026-08-20,2.172,1.716,2.863,1.962,2.429,rt,
mabalako,2026-08-21,2.148,1.706,2.819,1.944,2.408,rt,
mabalako,2026-08-22,2.124,1.679,2.789,1.917,2.38,rt,
mabalako,2026-08-23,2.106,1.631,2.796,1.886,2.364,rt,
mabalako,2026-08-24,2.065,1.572,2.793,1.83,2.329,rt,
mabalako,2026-08-25,2.027,1.566,2.686,1.799,2.267,rt,
mabalako,2026-08-26,1.987,1.555,2.601,1.779,2.205,rt,
mabalako,2026-08-27,1.95,1.525,2.541,1.75,2.156,rt,
mabalako,2026-08-28,1.902,1.495,2.463,1.718,2.102,rt,
mabalako,2026-08-29,1.854,1.461,2.425,1.678,2.06,rt,
mabalako,2026-08-30,1.811,1.409,2.416,1.632,2.017,rt,
mabalako,2026-08-31,1.739,1.319,2.332,1.562,1.959,rt,
mabalako,2026-09-01,1.684,1.286,2.219,1.518,1.873,rt,
mabalako,2026-09-02,1.629,1.249,2.125,1.47,1.804,rt,
mabalako,2026-09-03,1.576,1.206,2.05,1.421,1.738,rt,
mabalako,2026-09-04,1.525,1.178,1.981,1.382,1.694,rt,
mabalako,2026-09-05,1.485,1.144,1.922,1.345,1.649,rt,
mabalako,2026-09-06,1.443,1.088,1.881,1.301,1.616,rt,
mabalako,2026-09-07,1.413,1.062,1.871,1.265,1.598,rt,
mabalako,2026-09-08,1.401,1.068,1.824,1.255,1.566,rt,
mabalako,2026-09-09,1.38,1.068,1.789,1.244,1.535,rt,
mabalako,2026-09-10,1.368,1.052,1.755,1.231,1.511,rt,
mabalako,2026-09-11,1.346,1.037,1.735,1.21,1.495,rt,
mabalako,2026-09-12,1.325,1.02,1.732,1.193,1.481,rt,
mabalako,2026-09-13,1.309,0.983,1.754,1.171,1.473,rt,
mabalako,2026-09-14,1.306,0.953,1.789,1.161,1.481,rt,
mabalako,2026-09-15,1.303,0.95,1.785,1.152,1.479,rt,
mabalako,2026-09-16,1.301,0.946,1.782,1.138,1.481,rt,
mabalako,2026-09-17,1.29,0.929,1.791,1.128,1.484,rt,
mabalako,2026-09-18,1.281,0.912,1.805,1.123,1.484,rt,
mabalako,2026-09-19,1.278,0.89,1.818,1.106,1.488,rt,
mabalako,2026-09-20,1.265,0.865,1.855,1.088,1.49,rt,
mabalako,2026-09-21,1.263,0.828,1.879,1.07,1.501,rt,
mabalako,2026-09-22,1.253,0.813,1.85,1.054,1.488,rt,
mabalako,2026-09-23,1.245,0.808,1.833,1.043,1.468,rt,
mabalako,2026-09-24,1.24,0.797,1.823,1.031,1.451,rt,
mabalako,2026-09-25,1.213,0.782,1.811,1.011,1.432,rt,
mabalako,2026-09-26,1.193,0.753,1.8,0.991,1.415,rt,
mabalako,2026-09-27,1.169,0.726,1.791,0.969,1.396,rt,
mabalako,2026-09-28,1.153,0.695,1.792,0.944,1.386,rt,
mabalako,2026-09-29,1.135,0.679,1.749,0.93,1.349,rt,
mabalako,2026-09-30,1.106,0.661,1.716,0.906,1.329,rt,
mabalako,2026-10-01,1.09,0.644,1.699,0.894,1.317,rt,
mabalako,2026-10-02,1.071,0.629,1.699,0.869,1.306,rt,
manguredjipa,2026-08-17,1.53,1.355,1.741,1.459,1.611,rt,
manguredjipa,2026-08-18,1.539,1.361,1.749,1.466,1.62,rt,
manguredjipa,2026-08-19,1.547,1.363,1.755,1.469,1.63,rt,
manguredjipa,2026-08-20,1.553,1.363,1.771,1.468,1.637,rt,
manguredjipa,2026-08-21,1.536,1.351,1.749,1.458,1.62,rt,
manguredjipa,2026-08-22,1.519,1.345,1.724,1.445,1.602,rt,
manguredjipa,2026-08-23,1.5,1.323,1.709,1.43,1.583,rt,
manguredjipa,2026-08-24,1.471,1.292,1.679,1.402,1.555,rt,
manguredjipa,2026-08-25,1.435,1.258,1.636,1.365,1.516,rt,
manguredjipa,2026-08-26,1.401,1.226,1.599,1.329,1.479,rt,
manguredjipa,2026-08-27,1.366,1.194,1.557,1.291,1.443,rt,
manguredjipa,2026-08-28,1.329,1.171,1.501,1.259,1.397,rt,
manguredjipa,2026-08-29,1.292,1.141,1.46,1.226,1.357,rt,
manguredjipa,2026-08-30,1.257,1.104,1.426,1.19,1.319,rt,
manguredjipa,2026-08-31,1.2,1.053,1.361,1.132,1.263,rt,
manguredjipa,2026-09-01,1.151,1.01,1.31,1.089,1.215,rt,
manguredjipa,2026-09-02,1.106,0.971,1.266,1.046,1.168,rt,
manguredjipa,2026-09-03,1.065,0.929,1.223,1.005,1.126,rt,
manguredjipa,2026-09-04,1.03,0.899,1.174,0.976,1.086,rt,
manguredjipa,2026-09-05,0.996,0.868,1.131,0.946,1.05,rt,
manguredjipa,2026-09-06,0.964,0.833,1.092,0.913,1.017,rt,
manguredjipa,2026-09-07,0.945,0.807,1.073,0.891,0.998,rt,
manguredjipa,2026-09-08,0.934,0.806,1.063,0.881,0.987,rt,
manguredjipa,2026-09-09,0.924,0.794,1.054,0.871,0.975,rt,
manguredjipa,2026-09-10,0.912,0.783,1.047,0.858,0.965,rt,
manguredjipa,2026-09-11,0.902,0.778,1.036,0.851,0.955,rt,
manguredjipa,2026-09-12,0.893,0.766,1.03,0.842,0.946,rt,
manguredjipa,2026-09-13,0.885,0.752,1.029,0.831,0.937,rt,
manguredjipa,2026-09-14,0.885,0.743,1.043,0.828,0.943,rt,
manguredjipa,2026-09-15,0.886,0.741,1.049,0.829,0.95,rt,
manguredjipa,2026-09-16,0.887,0.733,1.061,0.828,0.955,rt,
manguredjipa,2026-09-17,0.889,0.724,1.069,0.825,0.959,rt,
manguredjipa,2026-09-18,0.89,0.721,1.078,0.823,0.962,rt,
manguredjipa,2026-09-19,0.891,0.72,1.086,0.819,0.969,rt,
manguredjipa,2026-09-20,0.893,0.709,1.096,0.813,0.973,rt,
manguredjipa,2026-09-21,0.896,0.696,1.113,0.809,0.986,rt,
manguredjipa,2026-09-22,0.896,0.685,1.121,0.805,0.987,rt,
manguredjipa,2026-09-23,0.895,0.679,1.135,0.802,0.988,rt,
manguredjipa,2026-09-24,0.893,0.672,1.141,0.798,0.992,rt,
manguredjipa,2026-09-25,0.885,0.665,1.137,0.79,0.988,rt,
manguredjipa,2026-09-26,0.879,0.652,1.14,0.782,0.981,rt,
manguredjipa,2026-09-27,0.87,0.64,1.142,0.77,0.975,rt,
manguredjipa,2026-09-28,0.865,0.622,1.147,0.76,0.972,rt,
manguredjipa,2026-09-29,0.859,0.614,1.149,0.751,0.968,rt,
manguredjipa,2026-09-30,0.853,0.601,1.159,0.743,0.964,rt,
manguredjipa,2026-10-01,0.852,0.602,1.137,0.742,0.958,rt,
manguredjipa,2026-10-02,0.848,0.592,1.123,0.743,0.952,rt,
masereka,2026-08-03,1.382,1.037,1.818,1.237,1.546,rt,
masereka,2026-08-04,1.419,1.087,1.838,1.272,1.567,rt,
masereka,2026-08-05,1.45,1.119,1.842,1.3,1.595,rt,
masereka,2026-08-06,1.475,1.152,1.884,1.327,1.627,rt,
masereka,2026-08-07,1.506,1.186,1.922,1.361,1.658,rt,
masereka,2026-08-08,1.541,1.211,1.967,1.393,1.696,rt,
masereka,2026-08-09,1.569,1.239,2.029,1.419,1.734,rt,
masereka,2026-08-10,1.595,1.24,2.103,1.434,1.774,rt,
masereka,2026-08-11,1.629,1.284,2.12,1.474,1.795,rt,
masereka,2026-08-12,1.664,1.327,2.128,1.504,1.826,rt,
masereka,2026-08-13,1.692,1.352,2.175,1.535,1.853,rt,
masereka,2026-08-14,1.724,1.383,2.209,1.567,1.886,rt,
masereka,2026-08-15,1.746,1.392,2.256,1.589,1.919,rt,
masereka,2026-08-16,1.769,1.394,2.319,1.604,1.954,rt,
masereka,2026-08-17,1.802,1.376,2.395,1.621,2.001,rt,
masereka,2026-08-18,1.812,1.408,2.364,1.639,2.009,rt,
masereka,2026-08-19,1.818,1.434,2.35,1.654,2.014,rt,
masereka,2026-08-20,1.833,1.438,2.358,1.656,2.022,rt,
masereka,2026-08-21,1.812,1.432,2.317,1.636,2.006,rt,
masereka,2026-08-22,1.794,1.415,2.319,1.619,2.004,rt,
masereka,2026-08-23,1.772,1.372,2.331,1.59,1.99,rt,
masereka,2026-08-24,1.735,1.326,2.34,1.544,1.969,rt,
masereka,2026-08-25,1.675,1.286,2.215,1.498,1.876,rt,
masereka,2026-08-26,1.611,1.248,2.137,1.453,1.798,rt,
masereka,2026-08-27,1.556,1.201,2.034,1.406,1.732,rt,
masereka,2026-08-28,1.5,1.161,1.938,1.349,1.662,rt,
masereka,2026-08-29,1.443,1.114,1.863,1.291,1.596,rt,
masereka,2026-08-30,1.383,1.054,1.811,1.234,1.543,rt,
masereka,2026-08-31,1.299,0.971,1.743,1.157,1.47,rt,
masereka,2026-09-01,1.244,0.938,1.638,1.11,1.397,rt,
masereka,2026-09-02,1.191,0.903,1.549,1.062,1.326,rt,
masereka,2026-09-03,1.135,0.858,1.475,1.016,1.272,rt,
masereka,2026-09-04,1.092,0.828,1.419,0.981,1.22,rt,
masereka,2026-09-05,1.05,0.794,1.38,0.942,1.175,rt,
masereka,2026-09-06,1.003,0.755,1.337,0.9,1.139,rt,
masereka,2026-09-07,0.975,0.719,1.333,0.867,1.123,rt,
masereka,2026-09-08,0.969,0.721,1.304,0.865,1.103,rt,
masereka,2026-09-09,0.962,0.712,1.286,0.858,1.086,rt,
masereka,2026-09-10,0.953,0.705,1.266,0.847,1.07,rt,
masereka,2026-09-11,0.948,0.702,1.243,0.839,1.056,rt,
masereka,2026-09-12,0.94,0.691,1.253,0.821,1.051,rt,
masereka,2026-09-13,0.931,0.67,1.271,0.808,1.046,rt,
masereka,2026-09-14,0.929,0.654,1.295,0.804,1.059,rt,
masereka,2026-09-15,0.933,0.652,1.288,0.807,1.064,rt,
masereka,2026-09-16,0.934,0.654,1.297,0.813,1.074,rt,
masereka,2026-09-17,0.94,0.65,1.318,0.809,1.085,rt,
masereka,2026-09-18,0.94,0.643,1.327,0.806,1.096,rt,
masereka,2026-09-19,0.942,0.633,1.361,0.804,1.105,rt,
masereka,2026-09-20,0.941,0.618,1.392,0.792,1.119,rt,
masereka,2026-09-21,0.945,0.606,1.447,0.788,1.143,rt,
masereka,2026-09-22,0.945,0.607,1.447,0.787,1.141,rt,
masereka,2026-09-23,0.939,0.605,1.44,0.786,1.134,rt,
masereka,2026-09-24,0.935,0.597,1.435,0.782,1.133,rt,
masereka,2026-09-25,0.927,0.597,1.457,0.773,1.128,rt,
masereka,2026-09-26,0.914,0.583,1.474,0.762,1.119,rt,
masereka,2026-09-27,0.911,0.565,1.479,0.75,1.119,rt,
masereka,2026-09-28,0.906,0.55,1.505,0.735,1.122,rt,
masereka,2026-09-29,0.904,0.539,1.49,0.732,1.111,rt,
masereka,2026-09-30,0.891,0.527,1.509,0.724,1.111,rt,
masereka,2026-10-01,0.887,0.521,1.51,0.725,1.103,rt,
masereka,2026-10-02,0.887,0.499,1.505,0.715,1.115,rt,
musienene,2026-06-18,1.915,1.456,2.624,1.705,2.149,rt,
musienene,2026-06-19,1.897,1.446,2.574,1.696,2.133,rt,
musienene,2026-06-20,1.881,1.427,2.568,1.682,2.123,rt,
musienene,2026-06-21,1.862,1.415,2.564,1.665,2.11,rt,
musienene,2026-06-22,1.877,1.399,2.606,1.666,2.143,rt,
musienene,2026-06-23,1.875,1.418,2.532,1.669,2.12,rt,
musienene,2026-06-24,1.879,1.433,2.498,1.677,2.1,rt,
musienene,2026-06-25,1.868,1.438,2.474,1.68,2.083,rt,
musienene,2026-06-26,1.851,1.447,2.48,1.676,2.063,rt,
musienene,2026-06-27,1.84,1.439,2.453,1.677,2.044,rt,
musienene,2026-06-28,1.828,1.426,2.455,1.652,2.03,rt,
musienene,2026-06-29,1.793,1.386,2.443,1.616,2.004,rt,
musienene,2026-06-30,1.755,1.377,2.351,1.598,1.952,rt,
musienene,2026-07-01,1.723,1.364,2.272,1.567,1.91,rt,
musienene,2026-07-02,1.69,1.334,2.209,1.542,1.875,rt,
musienene,2026-07-03,1.659,1.32,2.141,1.509,1.831,rt,
musienene,2026-07-04,1.622,1.289,2.113,1.475,1.795,rt,
musienene,2026-07-05,1.591,1.253,2.094,1.442,1.765,rt,
musienene,2026-07-06,1.572,1.209,2.085,1.412,1.749,rt,
musienene,2026-07-07,1.542,1.197,2.01,1.394,1.699,rt,
musienene,2026-07-08,1.504,1.184,1.932,1.366,1.661,rt,
musienene,2026-07-09,1.476,1.16,1.892,1.341,1.627,rt,
musienene,2026-07-10,1.443,1.146,1.849,1.317,1.593,rt,
musienene,2026-07-11,1.416,1.121,1.808,1.287,1.564,rt,
musienene,2026-07-12,1.389,1.091,1.798,1.253,1.547,rt,
musienene,2026-07-13,1.36,1.041,1.8,1.218,1.521,rt,
musienene,2026-07-14,1.336,1.044,1.735,1.2,1.481,rt,
musienene,2026-07-15,1.31,1.037,1.682,1.182,1.441,rt,
musienene,2026-07-16,1.284,1.019,1.632,1.161,1.407,rt,
musienene,2026-07-17,1.252,0.998,1.582,1.138,1.375,rt,
musienene,2026-07-18,1.222,0.967,1.556,1.113,1.346,rt,
musienene,2026-07-19,1.198,0.931,1.529,1.087,1.32,rt,
musienene,2026-07-20,1.179,0.89,1.526,1.056,1.3,rt,
musienene,2026-07-21,1.169,0.895,1.478,1.056,1.276,rt,
musienene,2026-07-22,1.156,0.904,1.437,1.052,1.259,rt,
musienene,2026-07-23,1.14,0.896,1.414,1.044,1.244,rt,
musienene,2026-07-24,1.127,0.887,1.378,1.035,1.222,rt,
musienene,2026-07-25,1.116,0.874,1.37,1.019,1.208,rt,
musienene,2026-07-26,1.098,0.854,1.362,1.002,1.198,rt,
musienene,2026-07-27,1.089,0.83,1.378,0.984,1.205,rt,
musienene,2026-07-28,1.089,0.848,1.356,0.992,1.199,rt,
musienene,2026-07-29,1.092,0.866,1.35,0.998,1.198,rt,
musienene,2026-07-30,1.095,0.867,1.343,0.998,1.198,rt,
musienene,2026-07-31,1.096,0.872,1.344,1.005,1.198,rt,
musienene,2026-08-01,1.102,0.873,1.356,1.009,1.199,rt,
musienene,2026-08-02,1.107,0.859,1.385,1.003,1.212,rt,
musienene,2026-08-03,1.112,0.844,1.424,1.001,1.224,rt,
musienene,2026-08-04,1.12,0.87,1.411,1.016,1.232,rt,
musienene,2026-08-05,1.131,0.896,1.409,1.033,1.236,rt,
musienene,2026-08-06,1.14,0.914,1.408,1.042,1.247,rt,
musienene,2026-08-07,1.153,0.93,1.412,1.061,1.257,rt,
musienene,2026-08-08,1.17,0.941,1.427,1.074,1.272,rt,
musienene,2026-08-09,1.186,0.949,1.462,1.08,1.288,rt,
musienene,2026-08-10,1.193,0.941,1.504,1.079,1.303,rt,
musienene,2026-08-11,1.197,0.963,1.493,1.098,1.306,rt,
musienene,2026-08-12,1.202,0.981,1.488,1.112,1.306,rt,
musienene,2026-08-13,1.211,0.994,1.49,1.12,1.317,rt,
musienene,2026-08-14,1.217,1.006,1.482,1.128,1.32,rt,
musienene,2026-08-15,1.222,1.009,1.495,1.132,1.326,rt,
musienene,2026-08-16,1.225,0.993,1.517,1.128,1.34,rt,
musienene,2026-08-17,1.237,0.979,1.556,1.124,1.356,rt,
musienene,2026-08-18,1.233,0.992,1.531,1.128,1.344,rt,
musienene,2026-08-19,1.225,0.996,1.505,1.129,1.332,rt,
musienene,2026-08-20,1.217,0.991,1.494,1.122,1.323,rt,
musienene,2026-08-21,1.194,0.97,1.473,1.098,1.3,rt,
musienene,2026-08-22,1.17,0.947,1.449,1.07,1.277,rt,
musienene,2026-08-23,1.143,0.912,1.438,1.046,1.261,rt,
musienene,2026-08-24,1.11,0.87,1.429,1.012,1.232,rt,
musienene,2026-08-25,1.07,0.853,1.359,0.975,1.178,rt,
musienene,2026-08-26,1.036,0.83,1.297,0.943,1.131,rt,
musienene,2026-08-27,0.999,0.8,1.246,0.912,1.091,rt,
musienene,2026-08-28,0.961,0.769,1.196,0.877,1.049,rt,
musienene,2026-08-29,0.926,0.727,1.155,0.844,1.012,rt,
musienene,2026-08-30,0.889,0.682,1.123,0.806,0.978,rt,
musienene,2026-08-31,0.84,0.624,1.088,0.753,0.931,rt,
musienene,2026-09-01,0.804,0.605,1.029,0.726,0.889,rt,
musienene,2026-09-02,0.775,0.589,0.982,0.701,0.856,rt,
musienene,2026-09-03,0.746,0.561,0.942,0.672,0.824,rt,
musienene,2026-09-04,0.723,0.542,0.916,0.648,0.801,rt,
musienene,2026-09-05,0.699,0.515,0.895,0.623,0.778,rt,
musienene,2026-09-06,0.674,0.489,0.887,0.597,0.759,rt,
musienene,2026-09-07,0.657,0.468,0.892,0.578,0.745,rt,
musienene,2026-09-08,0.657,0.473,0.891,0.58,0.744,rt,
musienene,2026-09-09,0.657,0.475,0.879,0.58,0.742,rt,
musienene,2026-09-10,0.661,0.478,0.885,0.58,0.745,rt,
musienene,2026-09-11,0.662,0.472,0.886,0.581,0.746,rt,
musienene,2026-09-12,0.661,0.466,0.896,0.58,0.751,rt,
musienene,2026-09-13,0.662,0.457,0.92,0.575,0.759,rt,
musienene,2026-09-14,0.672,0.454,0.962,0.579,0.778,rt,
musienene,2026-09-15,0.682,0.466,0.977,0.585,0.787,rt,
musienene,2026-09-16,0.689,0.474,0.983,0.589,0.796,rt,
musienene,2026-09-17,0.694,0.476,1.003,0.598,0.807,rt,
musienene,2026-09-18,0.699,0.481,1.029,0.601,0.821,rt,
musienene,2026-09-19,0.706,0.475,1.064,0.606,0.842,rt,
musienene,2026-09-20,0.713,0.473,1.105,0.609,0.862,rt,
musienene,2026-09-21,0.723,0.466,1.149,0.609,0.881,rt,
musienene,2026-09-22,0.727,0.47,1.129,0.612,0.883,rt,
musienene,2026-09-23,0.73,0.467,1.146,0.615,0.89,rt,
musienene,2026-09-24,0.735,0.458,1.165,0.613,0.898,rt,
musienene,2026-09-25,0.734,0.453,1.174,0.607,0.897,rt,
musienene,2026-09-26,0.733,0.445,1.185,0.604,0.902,rt,
musienene,2026-09-27,0.733,0.436,1.208,0.601,0.904,rt,
musienene,2026-09-28,0.73,0.427,1.232,0.593,0.906,rt,
musienene,2026-09-29,0.727,0.43,1.219,0.594,0.908,rt,
musienene,2026-09-30,0.729,0.432,1.239,0.589,0.911,rt,
musienene,2026-10-01,0.731,0.43,1.259,0.59,0.917,rt,
musienene,2026-10-02,0.736,0.416,1.275,0.587,0.921,rt,
mutwanga,2026-08-20,1.625,1.422,1.848,1.533,1.717,rt,
mutwanga,2026-08-21,1.606,1.415,1.824,1.526,1.697,rt,
mutwanga,2026-08-22,1.59,1.408,1.807,1.509,1.679,rt,
mutwanga,2026-08-23,1.571,1.391,1.795,1.495,1.658,rt,
mutwanga,2026-08-24,1.544,1.357,1.761,1.464,1.627,rt,
mutwanga,2026-08-25,1.507,1.326,1.726,1.43,1.588,rt,
mutwanga,2026-08-26,1.471,1.292,1.684,1.395,1.55,rt,
mutwanga,2026-08-27,1.436,1.258,1.648,1.359,1.512,rt,
mutwanga,2026-08-28,1.4,1.235,1.589,1.329,1.472,rt,
mutwanga,2026-08-29,1.362,1.205,1.544,1.296,1.433,rt,
mutwanga,2026-08-30,1.327,1.172,1.509,1.258,1.396,rt,
mutwanga,2026-08-31,1.272,1.123,1.452,1.202,1.34,rt,
mutwanga,2026-09-01,1.221,1.075,1.397,1.157,1.292,rt,
mutwanga,2026-09-02,1.176,1.032,1.359,1.114,1.247,rt,
mutwanga,2026-09-03,1.134,0.991,1.315,1.071,1.203,rt,
mutwanga,2026-09-04,1.099,0.966,1.266,1.041,1.165,rt,
mutwanga,2026-09-05,1.068,0.938,1.22,1.009,1.126,rt,
mutwanga,2026-09-06,1.036,0.901,1.185,0.977,1.092,rt,
mutwanga,2026-09-07,1.016,0.869,1.167,0.957,1.075,rt,
mutwanga,2026-09-08,1.004,0.862,1.152,0.946,1.061,rt,
mutwanga,2026-09-09,0.993,0.852,1.146,0.934,1.051,rt,
mutwanga,2026-09-10,0.981,0.838,1.137,0.922,1.041,rt,
mutwanga,2026-09-11,0.972,0.833,1.121,0.915,1.029,rt,
mutwanga,2026-09-12,0.962,0.82,1.113,0.906,1.018,rt,
mutwanga,2026-09-13,0.951,0.808,1.104,0.895,1.009,rt,
mutwanga,2026-09-14,0.951,0.802,1.115,0.893,1.014,rt,
mutwanga,2026-09-15,0.953,0.8,1.122,0.893,1.018,rt,
mutwanga,2026-09-16,0.955,0.795,1.134,0.893,1.023,rt,
mutwanga,2026-09-17,0.955,0.79,1.148,0.889,1.031,rt,
mutwanga,2026-09-18,0.956,0.785,1.148,0.888,1.032,rt,
mutwanga,2026-09-19,0.959,0.778,1.16,0.883,1.035,rt,
mutwanga,2026-09-20,0.957,0.766,1.166,0.877,1.042,rt,
mutwanga,2026-09-21,0.96,0.764,1.188,0.871,1.049,rt,
mutwanga,2026-09-22,0.959,0.754,1.191,0.87,1.052,rt,
mutwanga,2026-09-23,0.957,0.743,1.2,0.864,1.055,rt,
mutwanga,2026-09-24,0.955,0.735,1.22,0.86,1.057,rt,
mutwanga,2026-09-25,0.949,0.721,1.217,0.852,1.053,rt,
mutwanga,2026-09-26,0.94,0.709,1.219,0.841,1.048,rt,
mutwanga,2026-09-27,0.933,0.694,1.217,0.831,1.042,rt,
mutwanga,2026-09-28,0.926,0.681,1.218,0.82,1.038,rt,
mutwanga,2026-09-29,0.921,0.666,1.217,0.81,1.034,rt,
mutwanga,2026-09-30,0.919,0.652,1.226,0.804,1.032,rt,
mutwanga,2026-10-01,0.917,0.654,1.204,0.806,1.021,rt,
mutwanga,2026-10-02,0.913,0.654,1.178,0.81,1.012,rt,
oicha,2026-07-21,1.284,1.114,1.464,1.215,1.356,rt,
oicha,2026-07-22,1.284,1.113,1.464,1.213,1.355,rt,
oicha,2026-07-23,1.281,1.108,1.465,1.21,1.356,rt,
oicha,2026-07-24,1.279,1.117,1.454,1.21,1.346,rt,
oicha,2026-07-25,1.273,1.118,1.442,1.207,1.339,rt,
oicha,2026-07-26,1.268,1.121,1.436,1.205,1.333,rt,
oicha,2026-07-27,1.27,1.125,1.448,1.209,1.339,rt,
oicha,2026-07-28,1.277,1.135,1.454,1.216,1.351,rt,
oicha,2026-07-29,1.285,1.138,1.471,1.223,1.36,rt,
oicha,2026-07-30,1.297,1.143,1.487,1.229,1.371,rt,
oicha,2026-07-31,1.308,1.163,1.491,1.245,1.378,rt,
oicha,2026-08-01,1.32,1.169,1.495,1.257,1.386,rt,
oicha,2026-08-02,1.331,1.177,1.517,1.268,1.398,rt,
oicha,2026-08-03,1.341,1.179,1.543,1.277,1.415,rt,
oicha,2026-08-04,1.361,1.196,1.558,1.293,1.43,rt,
oicha,2026-08-05,1.377,1.206,1.586,1.308,1.448,rt,
oicha,2026-08-06,1.393,1.211,1.611,1.32,1.469,rt,
oicha,2026-08-07,1.413,1.247,1.612,1.345,1.488,rt,
oicha,2026-08-08,1.431,1.277,1.629,1.365,1.505,rt,
oicha,2026-08-09,1.448,1.292,1.653,1.383,1.529,rt,
oicha,2026-08-10,1.461,1.292,1.672,1.392,1.544,rt,
oicha,2026-08-11,1.479,1.311,1.689,1.411,1.558,rt,
oicha,2026-08-12,1.497,1.324,1.707,1.424,1.573,rt,
oicha,2026-08-13,1.512,1.33,1.727,1.436,1.591,rt,
oicha,2026-08-14,1.524,1.354,1.729,1.45,1.599,rt,
oicha,2026-08-15,1.538,1.37,1.736,1.462,1.609,rt,
oicha,2026-08-16,1.547,1.375,1.748,1.474,1.621,rt,
oicha,2026-08-17,1.561,1.383,1.766,1.482,1.639,rt,
oicha,2026-08-18,1.571,1.389,1.772,1.488,1.648,rt,
oicha,2026-08-19,1.579,1.388,1.784,1.493,1.662,rt,
oicha,2026-08-20,1.586,1.384,1.801,1.495,1.674,rt,
oicha,2026-08-21,1.57,1.377,1.776,1.487,1.653,rt,
oicha,2026-08-22,1.551,1.368,1.755,1.475,1.633,rt,
oicha,2026-08-23,1.532,1.354,1.742,1.457,1.615,rt,
oicha,2026-08-24,1.505,1.323,1.711,1.427,1.584,rt,
oicha,2026-08-25,1.47,1.293,1.676,1.392,1.548,rt,
oicha,2026-08-26,1.435,1.26,1.64,1.36,1.511,rt,
oicha,2026-08-27,1.4,1.225,1.601,1.325,1.477,rt,
oicha,2026-08-28,1.363,1.201,1.548,1.294,1.437,rt,
oicha,2026-08-29,1.327,1.171,1.507,1.26,1.396,rt,
oicha,2026-08-30,1.292,1.141,1.475,1.223,1.358,rt,
oicha,2026-08-31,1.235,1.087,1.414,1.168,1.305,rt,
oicha,2026-09-01,1.186,1.043,1.367,1.126,1.256,rt,
oicha,2026-09-02,1.143,1.002,1.319,1.085,1.21,rt,
oicha,2026-09-03,1.1,0.961,1.272,1.042,1.169,rt,
oicha,2026-09-04,1.068,0.933,1.223,1.01,1.127,rt,
oicha,2026-09-05,1.035,0.902,1.181,0.979,1.09,rt,
oicha,2026-09-06,1.003,0.869,1.147,0.948,1.058,rt,
oicha,2026-09-07,0.984,0.842,1.13,0.926,1.04,rt,
oicha,2026-09-08,0.972,0.831,1.117,0.916,1.027,rt,
oicha,2026-09-09,0.96,0.823,1.108,0.904,1.017,rt,
oicha,2026-09-10,0.952,0.815,1.099,0.891,1.008,rt,
oicha,2026-09-11,0.941,0.806,1.083,0.885,0.994,rt,
oicha,2026-09-12,0.931,0.798,1.074,0.876,0.986,rt,
oicha,2026-09-13,0.921,0.783,1.068,0.867,0.978,rt,
oicha,2026-09-14,0.922,0.776,1.08,0.866,0.983,rt,
oicha,2026-09-15,0.925,0.774,1.088,0.865,0.987,rt,
oicha,2026-09-16,0.925,0.767,1.102,0.863,0.992,rt,
oicha,2026-09-17,0.927,0.758,1.117,0.86,1.0,rt,
oicha,2026-09-18,0.928,0.761,1.122,0.859,0.999,rt,
oicha,2026-09-19,0.928,0.75,1.131,0.855,1.007,rt,
oicha,2026-09-20,0.929,0.74,1.14,0.849,1.012,rt,
oicha,2026-09-21,0.93,0.732,1.155,0.843,1.02,rt,
oicha,2026-09-22,0.931,0.726,1.161,0.842,1.022,rt,
oicha,2026-09-23,0.931,0.717,1.172,0.836,1.025,rt,
oicha,2026-09-24,0.929,0.71,1.184,0.832,1.027,rt,
oicha,2026-09-25,0.922,0.701,1.181,0.822,1.024,rt,
oicha,2026-09-26,0.913,0.685,1.184,0.812,1.019,rt,
oicha,2026-09-27,0.908,0.671,1.185,0.804,1.013,rt,
oicha,2026-09-28,0.9,0.655,1.19,0.795,1.006,rt,
oicha,2026-09-29,0.896,0.645,1.19,0.787,1.003,rt,
oicha,2026-09-30,0.89,0.631,1.191,0.778,1.002,rt,
oicha,2026-10-01,0.888,0.635,1.173,0.781,0.995,rt,
oicha,2026-10-02,0.882,0.629,1.155,0.782,0.988,rt,
vuhovi,2026-08-10,1.727,1.367,2.217,1.568,1.917,rt,
vuhovi,2026-08-11,1.751,1.406,2.232,1.598,1.937,rt,
vuhovi,2026-08-12,1.778,1.442,2.258,1.622,1.961,rt,
vuhovi,2026-08-13,1.803,1.467,2.283,1.641,1.983,rt,
vuhovi,2026-08-14,1.829,1.487,2.305,1.667,2.005,rt,
vuhovi,2026-08-15,1.849,1.493,2.337,1.683,2.03,rt,
vuhovi,2026-08-16,1.865,1.5,2.372,1.698,2.057,rt,
vuhovi,2026-08-17,1.882,1.504,2.446,1.713,2.089,rt,
vuhovi,2026-08-18,1.906,1.53,2.433,1.738,2.111,rt,
vuhovi,2026-08-19,1.927,1.551,2.451,1.763,2.126,rt,
vuhovi,2026-08-20,1.944,1.57,2.454,1.776,2.139,rt,
vuhovi,2026-08-21,1.935,1.56,2.461,1.769,2.125,rt,
vuhovi,2026-08-22,1.931,1.546,2.452,1.755,2.118,rt,
vuhovi,2026-08-23,1.917,1.527,2.483,1.744,2.109,rt,
vuhovi,2026-08-24,1.881,1.479,2.493,1.707,2.09,rt,
vuhovi,2026-08-25,1.837,1.464,2.389,1.672,2.03,rt,
vuhovi,2026-08-26,1.795,1.432,2.315,1.636,1.978,rt,
vuhovi,2026-08-27,1.756,1.393,2.25,1.595,1.933,rt,
vuhovi,2026-08-28,1.711,1.372,2.16,1.554,1.878,rt,
vuhovi,2026-08-29,1.668,1.33,2.098,1.506,1.836,rt,
vuhovi,2026-08-30,1.622,1.276,2.057,1.462,1.791,rt,
vuhovi,2026-08-31,1.555,1.205,1.995,1.39,1.727,rt,
vuhovi,2026-09-01,1.482,1.162,1.902,1.336,1.639,rt,
vuhovi,2026-09-02,1.417,1.115,1.804,1.28,1.55,rt,
vuhovi,2026-09-03,1.357,1.064,1.726,1.222,1.489,rt,
vuhovi,2026-09-04,1.301,1.024,1.65,1.178,1.429,rt,
vuhovi,2026-09-05,1.249,0.983,1.596,1.131,1.372,rt,
vuhovi,2026-09-06,1.203,0.934,1.545,1.083,1.323,rt,
vuhovi,2026-09-07,1.171,0.892,1.52,1.044,1.29,rt,
vuhovi,2026-09-08,1.144,0.884,1.473,1.027,1.262,rt,
vuhovi,2026-09-09,1.117,0.875,1.437,1.01,1.236,rt,
vuhovi,2026-09-10,1.093,0.856,1.409,0.991,1.21,rt,
vuhovi,2026-09-11,1.068,0.837,1.371,0.97,1.188,rt,
vuhovi,2026-09-12,1.051,0.819,1.357,0.949,1.166,rt,
vuhovi,2026-09-13,1.029,0.791,1.351,0.924,1.146,rt,
vuhovi,2026-09-14,1.025,0.767,1.362,0.91,1.146,rt,
vuhovi,2026-09-15,1.022,0.769,1.345,0.903,1.141,rt,
vuhovi,2026-09-16,1.012,0.766,1.346,0.899,1.137,rt,
vuhovi,2026-09-17,1.006,0.756,1.341,0.891,1.135,rt,
vuhovi,2026-09-18,1.001,0.745,1.342,0.882,1.132,rt,
vuhovi,2026-09-19,0.996,0.731,1.349,0.874,1.132,rt,
vuhovi,2026-09-20,0.991,0.706,1.366,0.863,1.128,rt,
vuhovi,2026-09-21,0.988,0.687,1.399,0.856,1.133,rt,
vuhovi,2026-09-22,0.985,0.682,1.412,0.851,1.132,rt,
vuhovi,2026-09-23,0.979,0.668,1.412,0.847,1.13,rt,
vuhovi,2026-09-24,0.978,0.656,1.426,0.838,1.133,rt,
vuhovi,2026-09-25,0.973,0.639,1.446,0.826,1.125,rt,
vuhovi,2026-09-26,0.961,0.625,1.443,0.817,1.121,rt,
vuhovi,2026-09-27,0.947,0.603,1.45,0.808,1.12,rt,
vuhovi,2026-09-28,0.934,0.581,1.463,0.792,1.118,rt,
vuhovi,2026-09-29,0.926,0.575,1.443,0.785,1.112,rt,
vuhovi,2026-09-30,0.912,0.565,1.417,0.775,1.101,rt,
vuhovi,2026-10-01,0.907,0.565,1.4,0.773,1.093,rt,
vuhovi,2026-10-02,0.899,0.556,1.404,0.761,1.085,rt,
boma_mangbetu,2026-07-12,1.756,1.34,2.314,1.555,1.949,rt,
boma_mangbetu,2026-07-13,1.701,1.285,2.273,1.505,1.903,rt,
boma_mangbetu,2026-07-14,1.653,1.267,2.186,1.482,1.851,rt,
boma_mangbetu,2026-07-15,1.612,1.24,2.116,1.449,1.799,rt,
boma_mangbetu,2026-07-16,1.578,1.223,2.052,1.424,1.765,rt,
boma_mangbetu,2026-07-17,1.537,1.193,1.967,1.391,1.707,rt,
boma_mangbetu,2026-07-18,1.499,1.173,1.895,1.355,1.66,rt,
boma_mangbetu,2026-07-19,1.457,1.137,1.869,1.317,1.617,rt,
boma_mangbetu,2026-07-20,1.428,1.104,1.848,1.285,1.587,rt,
boma_mangbetu,2026-07-21,1.4,1.09,1.788,1.258,1.548,rt,
boma_mangbetu,2026-07-22,1.368,1.085,1.739,1.236,1.511,rt,
boma_mangbetu,2026-07-23,1.337,1.052,1.71,1.215,1.477,rt,
boma_mangbetu,2026-07-24,1.321,1.045,1.665,1.205,1.456,rt,
boma_mangbetu,2026-07-25,1.305,1.036,1.627,1.191,1.43,rt,
boma_mangbetu,2026-07-26,1.292,1.013,1.615,1.169,1.417,rt,
boma_mangbetu,2026-07-27,1.281,0.981,1.61,1.152,1.408,rt,
boma_mangbetu,2026-07-28,1.262,0.98,1.577,1.144,1.385,rt,
boma_mangbetu,2026-07-29,1.241,0.968,1.555,1.133,1.369,rt,
boma_mangbetu,2026-07-30,1.225,0.959,1.536,1.12,1.348,rt,
boma_mangbetu,2026-07-31,1.201,0.942,1.497,1.099,1.314,rt,
boma_mangbetu,2026-08-01,1.178,0.925,1.476,1.073,1.288,rt,
boma_mangbetu,2026-08-02,1.156,0.895,1.459,1.046,1.265,rt,
boma_mangbetu,2026-08-03,1.133,0.864,1.457,1.021,1.252,rt,
boma_mangbetu,2026-08-04,1.122,0.868,1.437,1.019,1.236,rt,
boma_mangbetu,2026-08-05,1.114,0.858,1.409,1.014,1.222,rt,
boma_mangbetu,2026-08-06,1.102,0.853,1.394,1.003,1.213,rt,
boma_mangbetu,2026-08-07,1.092,0.859,1.371,0.994,1.196,rt,
boma_mangbetu,2026-08-08,1.083,0.846,1.353,0.983,1.178,rt,
boma_mangbetu,2026-08-09,1.066,0.828,1.349,0.968,1.171,rt,
boma_mangbetu,2026-08-10,1.043,0.801,1.326,0.943,1.15,rt,
boma_mangbetu,2026-08-11,1.024,0.803,1.293,0.931,1.129,rt,
boma_mangbetu,2026-08-12,1.009,0.797,1.272,0.916,1.111,rt,
boma_mangbetu,2026-08-13,0.994,0.783,1.253,0.902,1.096,rt,
boma_mangbetu,2026-08-14,0.979,0.774,1.227,0.888,1.075,rt,
boma_mangbetu,2026-08-15,0.96,0.754,1.21,0.871,1.058,rt,
boma_mangbetu,2026-08-16,0.938,0.729,1.185,0.855,1.04,rt,
boma_mangbetu,2026-08-17,0.925,0.711,1.192,0.839,1.03,rt,
boma_mangbetu,2026-08-18,0.915,0.709,1.169,0.832,1.016,rt,
boma_mangbetu,2026-08-19,0.908,0.703,1.156,0.821,1.001,rt,
boma_mangbetu,2026-08-20,0.895,0.697,1.145,0.81,0.99,rt,
boma_mangbetu,2026-08-21,0.883,0.692,1.128,0.802,0.974,rt,
boma_mangbetu,2026-08-22,0.875,0.682,1.112,0.793,0.961,rt,
boma_mangbetu,2026-08-23,0.861,0.671,1.096,0.781,0.952,rt,
boma_mangbetu,2026-08-24,0.874,0.674,1.116,0.786,0.967,rt,
boma_mangbetu,2026-08-25,0.888,0.691,1.128,0.802,0.983,rt,
boma_mangbetu,2026-08-26,0.9,0.7,1.137,0.818,0.995,rt,
boma_mangbetu,2026-08-27,0.914,0.715,1.156,0.826,1.011,rt,
boma_mangbetu,2026-08-28,0.926,0.723,1.173,0.836,1.017,rt,
boma_mangbetu,2026-08-29,0.932,0.732,1.19,0.84,1.03,rt,
boma_mangbetu,2026-08-30,0.936,0.727,1.212,0.847,1.04,rt,
boma_mangbetu,2026-08-31,0.949,0.726,1.239,0.852,1.058,rt,
boma_mangbetu,2026-09-01,0.958,0.735,1.248,0.862,1.065,rt,
boma_mangbetu,2026-09-02,0.964,0.747,1.256,0.869,1.073,rt,
boma_mangbetu,2026-09-03,0.969,0.751,1.269,0.875,1.082,rt,
boma_mangbetu,2026-09-04,0.981,0.762,1.273,0.886,1.093,rt,
boma_mangbetu,2026-09-05,0.993,0.765,1.285,0.898,1.114,rt,
boma_mangbetu,2026-09-06,1.003,0.765,1.312,0.9,1.125,rt,
boma_mangbetu,2026-09-07,1.0,0.749,1.319,0.89,1.125,rt,
boma_mangbetu,2026-09-08,0.992,0.751,1.293,0.885,1.114,rt,
boma_mangbetu,2026-09-09,0.984,0.751,1.292,0.878,1.103,rt,
boma_mangbetu,2026-09-10,0.979,0.738,1.289,0.872,1.091,rt,
boma_mangbetu,2026-09-11,0.968,0.729,1.281,0.861,1.076,rt,
boma_mangbetu,2026-09-12,0.955,0.718,1.283,0.847,1.066,rt,
boma_mangbetu,2026-09-13,0.947,0.697,1.284,0.831,1.058,rt,
boma_mangbetu,2026-09-14,0.932,0.67,1.289,0.817,1.05,rt,
boma_mangbetu,2026-09-15,0.919,0.658,1.269,0.8,1.036,rt,
boma_mangbetu,2026-09-16,0.909,0.637,1.257,0.787,1.028,rt,
boma_mangbetu,2026-09-17,0.895,0.619,1.245,0.769,1.021,rt,
boma_mangbetu,2026-09-18,0.885,0.604,1.245,0.757,1.013,rt,
boma_mangbetu,2026-09-19,0.871,0.588,1.241,0.741,1.004,rt,
boma_mangbetu,2026-09-20,0.861,0.566,1.23,0.726,1.001,rt,
boma_mangbetu,2026-09-21,0.859,0.549,1.243,0.718,1.005,rt,
boma_mangbetu,2026-09-22,0.853,0.543,1.255,0.712,1.003,rt,
boma_mangbetu,2026-09-23,0.848,0.537,1.267,0.708,1.003,rt,
boma_mangbetu,2026-09-24,0.847,0.53,1.278,0.701,1.001,rt,
boma_mangbetu,2026-09-25,0.843,0.52,1.273,0.693,0.996,rt,
boma_mangbetu,2026-09-26,0.834,0.509,1.281,0.685,0.992,rt,
boma_mangbetu,2026-09-27,0.827,0.495,1.287,0.679,0.989,rt,
boma_mangbetu,2026-09-28,0.822,0.483,1.305,0.67,0.989,rt,
boma_mangbetu,2026-09-29,0.824,0.481,1.299,0.664,0.993,rt,
boma_mangbetu,2026-09-30,0.82,0.472,1.317,0.658,0.999,rt,
boma_mangbetu,2026-10-01,0.817,0.473,1.292,0.663,0.989,rt,
boma_mangbetu,2026-10-02,0.811,0.479,1.278,0.665,0.982,rt,
isiro,2026-07-08,2.823,2.113,3.922,2.497,3.222,rt,
isiro,2026-07-09,2.763,2.067,3.797,2.426,3.128,rt,
isiro,2026-07-10,2.674,2.035,3.652,2.368,3.02,rt,
isiro,2026-07-11,2.604,1.981,3.564,2.315,2.925,rt,
isiro,2026-07-12,2.525,1.914,3.47,2.252,2.857,rt,
isiro,2026-07-13,2.45,1.835,3.392,2.179,2.78,rt,
isiro,2026-07-14,2.356,1.792,3.209,2.116,2.655,rt,
isiro,2026-07-15,2.278,1.756,3.054,2.052,2.55,rt,
isiro,2026-07-16,2.195,1.72,2.92,1.981,2.44,rt,
isiro,2026-07-17,2.114,1.673,2.759,1.914,2.33,rt,
isiro,2026-07-18,2.03,1.606,2.609,1.844,2.232,rt,
isiro,2026-07-19,1.954,1.534,2.507,1.771,2.151,rt,
isiro,2026-07-20,1.891,1.462,2.458,1.711,2.091,rt,
isiro,2026-07-21,1.833,1.437,2.346,1.673,2.025,rt,
isiro,2026-07-22,1.783,1.397,2.257,1.63,1.952,rt,
isiro,2026-07-23,1.729,1.362,2.199,1.579,1.892,rt,
isiro,2026-07-24,1.688,1.35,2.127,1.555,1.84,rt,
isiro,2026-07-25,1.649,1.333,2.086,1.523,1.8,rt,
isiro,2026-07-26,1.612,1.303,2.023,1.485,1.759,rt,
isiro,2026-07-27,1.583,1.266,2.011,1.451,1.734,rt,
isiro,2026-07-28,1.564,1.267,1.953,1.441,1.709,rt,
isiro,2026-07-29,1.544,1.267,1.921,1.424,1.688,rt,
isiro,2026-07-30,1.524,1.244,1.9,1.4,1.663,rt,
isiro,2026-07-31,1.491,1.227,1.84,1.379,1.624,rt,
isiro,2026-08-01,1.463,1.197,1.797,1.348,1.591,rt,
isiro,2026-08-02,1.435,1.172,1.769,1.32,1.559,rt,
isiro,2026-08-03,1.408,1.133,1.766,1.282,1.54,rt,
isiro,2026-08-04,1.365,1.108,1.695,1.246,1.489,rt,
isiro,2026-08-05,1.327,1.075,1.629,1.21,1.441,rt,
isiro,2026-08-06,1.285,1.036,1.576,1.173,1.4,rt,
isiro,2026-08-07,1.244,1.005,1.518,1.143,1.35,rt,
isiro,2026-08-08,1.2,0.973,1.47,1.104,1.307,rt,
isiro,2026-08-09,1.162,0.93,1.432,1.064,1.268,rt,
isiro,2026-08-10,1.114,0.866,1.387,1.01,1.215,rt,
isiro,2026-08-11,1.059,0.836,1.302,0.967,1.155,rt,
isiro,2026-08-12,1.009,0.794,1.226,0.919,1.096,rt,
isiro,2026-08-13,0.96,0.751,1.167,0.871,1.041,rt,
isiro,2026-08-14,0.909,0.717,1.1,0.829,0.983,rt,
isiro,2026-08-15,0.858,0.679,1.051,0.784,0.933,rt,
isiro,2026-08-16,0.812,0.634,1.013,0.739,0.886,rt,
isiro,2026-08-17,0.771,0.591,0.981,0.698,0.851,rt,
isiro,2026-08-18,0.741,0.576,0.938,0.676,0.819,rt,
isiro,2026-08-19,0.713,0.551,0.903,0.647,0.783,rt,
isiro,2026-08-20,0.682,0.528,0.873,0.616,0.756,rt,
isiro,2026-08-21,0.655,0.501,0.844,0.593,0.727,rt,
isiro,2026-08-22,0.629,0.477,0.812,0.567,0.699,rt,
isiro,2026-08-23,0.604,0.446,0.791,0.542,0.673,rt,
isiro,2026-08-24,0.595,0.427,0.794,0.528,0.672,rt,
isiro,2026-08-25,0.592,0.426,0.781,0.523,0.662,rt,
isiro,2026-08-26,0.584,0.42,0.763,0.516,0.654,rt,
isiro,2026-08-27,0.575,0.412,0.756,0.508,0.649,rt,
isiro,2026-08-28,0.567,0.407,0.738,0.501,0.636,rt,
isiro,2026-08-29,0.558,0.395,0.73,0.49,0.628,rt,
isiro,2026-08-30,0.548,0.385,0.724,0.478,0.62,rt,
isiro,2026-08-31,0.542,0.368,0.727,0.467,0.62,rt,
isiro,2026-09-01,0.538,0.372,0.721,0.468,0.619,rt,
isiro,2026-09-02,0.536,0.373,0.721,0.467,0.615,rt,
isiro,2026-09-03,0.535,0.373,0.728,0.463,0.616,rt,
isiro,2026-09-04,0.538,0.374,0.729,0.461,0.614,rt,
isiro,2026-09-05,0.539,0.369,0.739,0.46,0.617,rt,
isiro,2026-09-06,0.541,0.361,0.753,0.458,0.62,rt,
isiro,2026-09-07,0.53,0.344,0.762,0.447,0.618,rt,
isiro,2026-09-08,0.531,0.344,0.753,0.449,0.615,rt,
isiro,2026-09-09,0.532,0.343,0.747,0.449,0.617,rt,
isiro,2026-09-10,0.532,0.343,0.751,0.446,0.617,rt,
isiro,2026-09-11,0.532,0.339,0.75,0.445,0.614,rt,
isiro,2026-09-12,0.531,0.332,0.763,0.445,0.618,rt,
isiro,2026-09-13,0.528,0.325,0.771,0.44,0.616,rt,
isiro,2026-09-14,0.524,0.315,0.784,0.431,0.619,rt,
isiro,2026-09-15,0.522,0.314,0.787,0.43,0.615,rt,
isiro,2026-09-16,0.521,0.31,0.792,0.426,0.614,rt,
isiro,2026-09-17,0.519,0.305,0.796,0.42,0.618,rt,
isiro,2026-09-18,0.515,0.299,0.803,0.419,0.623,rt,
isiro,2026-09-19,0.512,0.298,0.807,0.416,0.629,rt,
isiro,2026-09-20,0.511,0.289,0.819,0.41,0.635,rt,
isiro,2026-09-21,0.513,0.286,0.857,0.412,0.645,rt,
isiro,2026-09-22,0.519,0.287,0.872,0.413,0.65,rt,
isiro,2026-09-23,0.525,0.287,0.89,0.412,0.658,rt,
isiro,2026-09-24,0.53,0.286,0.904,0.413,0.666,rt,
isiro,2026-09-25,0.534,0.285,0.917,0.415,0.681,rt,
isiro,2026-09-26,0.534,0.282,0.939,0.415,0.684,rt,
isiro,2026-09-27,0.535,0.275,0.971,0.415,0.693,rt,
isiro,2026-09-28,0.539,0.267,1.0,0.415,0.708,rt,
isiro,2026-09-29,0.548,0.278,1.012,0.42,0.72,rt,
isiro,2026-09-30,0.556,0.28,1.045,0.425,0.73,rt,
isiro,2026-10-01,0.571,0.286,1.053,0.434,0.738,rt,
isiro,2026-10-02,0.577,0.291,1.087,0.441,0.752,rt,
pawa,2026-07-11,2.026,1.525,2.717,1.809,2.257,rt,
pawa,2026-07-12,1.971,1.484,2.648,1.759,2.202,rt,
pawa,2026-07-13,1.917,1.423,2.607,1.697,2.148,rt,
pawa,2026-07-14,1.863,1.386,2.501,1.662,2.09,rt,
pawa,2026-07-15,1.81,1.354,2.428,1.614,2.029,rt,
pawa,2026-07-16,1.753,1.314,2.361,1.572,1.972,rt,
pawa,2026-07-17,1.702,1.284,2.253,1.531,1.901,rt,
pawa,2026-07-18,1.647,1.238,2.186,1.48,1.85,rt,
pawa,2026-07-19,1.6,1.194,2.127,1.429,1.794,rt,
pawa,2026-07-20,1.565,1.15,2.082,1.388,1.754,rt,
pawa,2026-07-21,1.533,1.146,2.016,1.371,1.72,rt,
pawa,2026-07-22,1.507,1.133,1.967,1.356,1.688,rt,
pawa,2026-07-23,1.482,1.111,1.914,1.333,1.652,rt,
pawa,2026-07-24,1.47,1.109,1.882,1.326,1.63,rt,
pawa,2026-07-25,1.463,1.09,1.861,1.317,1.61,rt,
pawa,2026-07-26,1.448,1.065,1.832,1.3,1.592,rt,
pawa,2026-07-27,1.438,1.044,1.844,1.289,1.592,rt,
pawa,2026-07-28,1.442,1.07,1.832,1.296,1.59,rt,
pawa,2026-07-29,1.444,1.089,1.819,1.305,1.591,rt,
pawa,2026-07-30,1.445,1.105,1.818,1.306,1.589,rt,
pawa,2026-07-31,1.438,1.13,1.779,1.304,1.571,rt,
pawa,2026-08-01,1.429,1.124,1.776,1.302,1.567,rt,
pawa,2026-08-02,1.424,1.114,1.772,1.292,1.558,rt,
pawa,2026-08-03,1.42,1.104,1.786,1.28,1.559,rt,
pawa,2026-08-04,1.433,1.132,1.784,1.297,1.564,rt,
pawa,2026-08-05,1.445,1.163,1.797,1.317,1.571,rt,
pawa,2026-08-06,1.454,1.175,1.814,1.336,1.582,rt,
pawa,2026-08-07,1.463,1.198,1.821,1.353,1.583,rt,
pawa,2026-08-08,1.475,1.209,1.835,1.365,1.597,rt,
pawa,2026-08-09,1.483,1.211,1.867,1.371,1.615,rt,
pawa,2026-08-10,1.478,1.195,1.873,1.356,1.617,rt,
pawa,2026-08-11,1.468,1.197,1.841,1.35,1.604,rt,
pawa,2026-08-12,1.455,1.183,1.831,1.338,1.601,rt,
pawa,2026-08-13,1.442,1.173,1.826,1.326,1.599,rt,
pawa,2026-08-14,1.436,1.165,1.811,1.316,1.583,rt,
pawa,2026-08-15,1.422,1.153,1.811,1.295,1.574,rt,
pawa,2026-08-16,1.411,1.132,1.817,1.281,1.558,rt,
pawa,2026-08-17,1.404,1.112,1.838,1.271,1.555,rt,
pawa,2026-08-18,1.382,1.099,1.802,1.249,1.525,rt,
pawa,2026-08-19,1.353,1.089,1.747,1.227,1.493,rt,
pawa,2026-08-20,1.324,1.061,1.693,1.2,1.465,rt,
pawa,2026-08-21,1.3,1.055,1.635,1.181,1.429,rt,
pawa,2026-08-22,1.269,1.041,1.589,1.163,1.398,rt,
pawa,2026-08-23,1.242,1.012,1.562,1.135,1.369,rt,
pawa,2026-08-24,1.242,1.01,1.572,1.14,1.371,rt,
pawa,2026-08-25,1.239,1.014,1.554,1.141,1.362,rt,
pawa,2026-08-26,1.237,1.013,1.532,1.139,1.355,rt,
pawa,2026-08-27,1.233,1.007,1.521,1.133,1.348,rt,
pawa,2026-08-28,1.221,1.007,1.49,1.134,1.331,rt,
pawa,2026-08-29,1.21,1.005,1.469,1.128,1.313,rt,
pawa,2026-08-30,1.198,0.996,1.465,1.116,1.302,rt,
pawa,2026-08-31,1.192,0.982,1.469,1.103,1.297,rt,
pawa,2026-09-01,1.186,0.977,1.448,1.095,1.286,rt,
pawa,2026-09-02,1.18,0.969,1.436,1.087,1.275,rt,
pawa,2026-09-03,1.174,0.959,1.423,1.078,1.268,rt,
pawa,2026-09-04,1.169,0.964,1.41,1.077,1.259,rt,
pawa,2026-09-05,1.162,0.964,1.399,1.071,1.255,rt,
pawa,2026-09-06,1.157,0.957,1.396,1.062,1.251,rt,
pawa,2026-09-07,1.135,0.927,1.377,1.039,1.236,rt,
pawa,2026-09-08,1.116,0.913,1.366,1.027,1.217,rt,
pawa,2026-09-09,1.102,0.891,1.359,1.016,1.201,rt,
pawa,2026-09-10,1.087,0.873,1.354,0.997,1.184,rt,
pawa,2026-09-11,1.068,0.859,1.329,0.981,1.163,rt,
pawa,2026-09-12,1.052,0.839,1.314,0.962,1.15,rt,
pawa,2026-09-13,1.034,0.813,1.31,0.941,1.136,rt,
pawa,2026-09-14,1.014,0.784,1.295,0.914,1.123,rt,
pawa,2026-09-15,0.996,0.759,1.286,0.891,1.105,rt,
pawa,2026-09-16,0.978,0.732,1.275,0.869,1.095,rt,
pawa,2026-09-17,0.956,0.7,1.268,0.847,1.083,rt,
pawa,2026-09-18,0.939,0.688,1.242,0.827,1.065,rt,
pawa,2026-09-19,0.921,0.663,1.232,0.809,1.049,rt,
pawa,2026-09-20,0.904,0.638,1.229,0.787,1.037,rt,
pawa,2026-09-21,0.895,0.621,1.238,0.774,1.039,rt,
pawa,2026-09-22,0.893,0.611,1.244,0.767,1.038,rt,
pawa,2026-09-23,0.89,0.601,1.243,0.758,1.037,rt,
pawa,2026-09-24,0.885,0.591,1.248,0.748,1.034,rt,
pawa,2026-09-25,0.879,0.574,1.24,0.737,1.03,rt,
pawa,2026-09-26,0.869,0.561,1.231,0.725,1.023,rt,
pawa,2026-09-27,0.86,0.542,1.237,0.709,1.019,rt,
pawa,2026-09-28,0.854,0.532,1.262,0.699,1.019,rt,
pawa,2026-09-29,0.853,0.521,1.278,0.697,1.018,rt,
pawa,2026-09-30,0.847,0.511,1.293,0.691,1.018,rt,
pawa,2026-10-01,0.849,0.516,1.263,0.693,1.01,rt,
pawa,2026-10-02,0.848,0.518,1.226,0.695,1.0,rt,
wamba,2026-06-29,2.405,1.833,3.198,2.165,2.684,rt,
wamba,2026-06-30,2.343,1.787,3.1,2.105,2.601,rt,
wamba,2026-07-01,2.28,1.745,3.029,2.044,2.53,rt,
wamba,2026-07-02,2.22,1.696,2.94,1.986,2.467,rt,
wamba,2026-07-03,2.154,1.672,2.827,1.945,2.392,rt,
wamba,2026-07-04,2.092,1.631,2.74,1.892,2.323,rt,
wamba,2026-07-05,2.031,1.567,2.663,1.833,2.268,rt,
wamba,2026-07-06,1.961,1.491,2.583,1.757,2.198,rt,
wamba,2026-07-07,1.914,1.478,2.507,1.718,2.143,rt,
wamba,2026-07-08,1.868,1.445,2.43,1.682,2.084,rt,
wamba,2026-07-09,1.829,1.416,2.368,1.643,2.035,rt,
wamba,2026-07-10,1.787,1.388,2.288,1.61,1.977,rt,
wamba,2026-07-11,1.735,1.358,2.233,1.579,1.919,rt,
wamba,2026-07-12,1.695,1.315,2.19,1.537,1.87,rt,
wamba,2026-07-13,1.65,1.27,2.143,1.491,1.833,rt,
wamba,2026-07-14,1.622,1.268,2.102,1.472,1.799,rt,
wamba,2026-07-15,1.602,1.256,2.064,1.453,1.767,rt,
wamba,2026-07-16,1.578,1.243,2.026,1.435,1.741,rt,
wamba,2026-07-17,1.542,1.238,1.964,1.416,1.694,rt,
wamba,2026-07-18,1.513,1.222,1.925,1.394,1.667,rt,
wamba,2026-07-19,1.486,1.195,1.909,1.364,1.641,rt,
wamba,2026-07-20,1.464,1.163,1.909,1.337,1.626,rt,
wamba,2026-07-21,1.446,1.168,1.86,1.32,1.594,rt,
wamba,2026-07-22,1.423,1.147,1.823,1.303,1.565,rt,
wamba,2026-07-23,1.405,1.123,1.786,1.28,1.542,rt,
wamba,2026-07-24,1.396,1.125,1.742,1.274,1.524,rt,
wamba,2026-07-25,1.389,1.124,1.734,1.269,1.509,rt,
wamba,2026-07-26,1.376,1.106,1.733,1.253,1.502,rt,
wamba,2026-07-27,1.366,1.088,1.751,1.242,1.506,rt,
wamba,2026-07-28,1.349,1.086,1.696,1.233,1.477,rt,
wamba,2026-07-29,1.328,1.082,1.655,1.22,1.452,rt,
wamba,2026-07-30,1.311,1.065,1.62,1.203,1.426,rt,
wamba,2026-07-31,1.283,1.05,1.568,1.184,1.387,rt,
wamba,2026-08-01,1.255,1.021,1.532,1.159,1.356,rt,
wamba,2026-08-02,1.229,0.986,1.514,1.126,1.335,rt,
wamba,2026-08-03,1.205,0.94,1.494,1.097,1.315,rt,
wamba,2026-08-04,1.188,0.936,1.466,1.092,1.285,rt,
wamba,2026-08-05,1.17,0.927,1.427,1.078,1.262,rt,
wamba,2026-08-06,1.15,0.92,1.402,1.06,1.245,rt,
wamba,2026-08-07,1.133,0.916,1.372,1.046,1.217,rt,
wamba,2026-08-08,1.112,0.903,1.356,1.027,1.199,rt,
wamba,2026-08-09,1.092,0.875,1.348,1.007,1.181,rt,
wamba,2026-08-10,1.061,0.83,1.326,0.969,1.158,rt,
wamba,2026-08-11,1.039,0.82,1.289,0.951,1.132,rt,
wamba,2026-08-12,1.018,0.806,1.251,0.931,1.105,rt,
wamba,2026-08-13,0.994,0.796,1.224,0.909,1.081,rt,
wamba,2026-08-14,0.971,0.777,1.192,0.889,1.053,rt,
wamba,2026-08-15,0.949,0.749,1.167,0.868,1.029,rt,
wamba,2026-08-16,0.926,0.719,1.149,0.842,1.008,rt,
wamba,2026-08-17,0.909,0.691,1.142,0.822,0.995,rt,
wamba,2026-08-18,0.895,0.693,1.115,0.813,0.976,rt,
wamba,2026-08-19,0.885,0.686,1.095,0.799,0.966,rt,
wamba,2026-08-20,0.873,0.68,1.082,0.785,0.953,rt,
wamba,2026-08-21,0.859,0.674,1.063,0.778,0.939,rt,
wamba,2026-08-22,0.846,0.66,1.04,0.766,0.921,rt,
wamba,2026-08-23,0.833,0.643,1.027,0.75,0.913,rt,
wamba,2026-08-24,0.84,0.646,1.051,0.758,0.928,rt,
wamba,2026-08-25,0.857,0.666,1.061,0.778,0.939,rt,
wamba,2026-08-26,0.87,0.687,1.082,0.793,0.951,rt,
wamba,2026-08-27,0.889,0.695,1.103,0.807,0.97,rt,
wamba,2026-08-28,0.896,0.71,1.108,0.818,0.981,rt,
wamba,2026-08-29,0.909,0.723,1.134,0.83,0.994,rt,
wamba,2026-08-30,0.919,0.733,1.15,0.836,1.01,rt,
wamba,2026-08-31,0.929,0.733,1.187,0.844,1.03,rt,
wamba,2026-09-01,0.942,0.746,1.185,0.86,1.039,rt,
wamba,2026-09-02,0.955,0.758,1.199,0.874,1.051,rt,
wamba,2026-09-03,0.97,0.764,1.219,0.882,1.066,rt,
wamba,2026-09-04,0.989,0.773,1.248,0.897,1.083,rt,
wamba,2026-09-05,1.008,0.784,1.266,0.909,1.098,rt,
wamba,2026-09-06,1.026,0.783,1.302,0.916,1.124,rt,
wamba,2026-09-07,1.021,0.765,1.316,0.905,1.132,rt,
wamba,2026-09-08,1.007,0.765,1.295,0.902,1.122,rt,
wamba,2026-09-09,0.998,0.759,1.285,0.893,1.111,rt,
wamba,2026-09-10,0.99,0.747,1.271,0.885,1.106,rt,
wamba,2026-09-11,0.977,0.739,1.255,0.876,1.092,rt,
wamba,2026-09-12,0.966,0.723,1.256,0.864,1.08,rt,
wamba,2026-09-13,0.957,0.703,1.267,0.845,1.072,rt,
wamba,2026-09-14,0.942,0.678,1.276,0.822,1.06,rt,
wamba,2026-09-15,0.929,0.665,1.257,0.813,1.043,rt,
wamba,2026-09-16,0.913,0.648,1.255,0.8,1.028,rt,
wamba,2026-09-17,0.899,0.623,1.243,0.781,1.023,rt,
wamba,2026-09-18,0.883,0.612,1.231,0.766,1.012,rt,
wamba,2026-09-19,0.87,0.597,1.229,0.748,1.002,rt,
wamba,2026-09-20,0.857,0.576,1.231,0.727,0.994,rt,
wamba,2026-09-21,0.854,0.561,1.259,0.72,0.994,rt,
wamba,2026-09-22,0.849,0.556,1.261,0.714,0.997,rt,
wamba,2026-09-23,0.844,0.549,1.263,0.706,1.0,rt,
wamba,2026-09-24,0.837,0.545,1.274,0.701,0.999,rt,
wamba,2026-09-25,0.836,0.537,1.271,0.696,0.996,rt,
wamba,2026-09-26,0.827,0.52,1.269,0.688,0.993,rt,
wamba,2026-09-27,0.82,0.504,1.278,0.679,0.991,rt,
wamba,2026-09-28,0.82,0.485,1.294,0.667,0.991,rt,
wamba,2026-09-29,0.82,0.479,1.31,0.668,0.993,rt,
wamba,2026-09-30,0.818,0.471,1.32,0.665,0.985,rt,
wamba,2026-10-01,0.811,0.467,1.296,0.664,0.973,rt,
wamba,2026-10-02,0.807,0.469,1.285,0.666,0.969,rt,
makiso_kisangani,2026-07-25,1.308,1.097,1.532,1.22,1.399,rt,
makiso_kisangani,2026-07-26,1.313,1.104,1.538,1.226,1.4,rt,
makiso_kisangani,2026-07-27,1.323,1.112,1.559,1.233,1.41,rt,
makiso_kisangani,2026-07-28,1.332,1.118,1.58,1.242,1.421,rt,
makiso_kisangani,2026-07-29,1.341,1.122,1.599,1.251,1.433,rt,
makiso_kisangani,2026-07-30,1.349,1.122,1.621,1.256,1.446,rt,
makiso_kisangani,2026-07-31,1.359,1.142,1.615,1.266,1.453,rt,
makiso_kisangani,2026-08-01,1.362,1.153,1.614,1.27,1.462,rt,
makiso_kisangani,2026-08-02,1.366,1.164,1.621,1.279,1.472,rt,
makiso_kisangani,2026-08-03,1.368,1.165,1.624,1.28,1.475,rt,
makiso_kisangani,2026-08-04,1.375,1.163,1.625,1.283,1.48,rt,
makiso_kisangani,2026-08-05,1.378,1.158,1.634,1.282,1.481,rt,
makiso_kisangani,2026-08-06,1.381,1.157,1.645,1.283,1.488,rt,
makiso_kisangani,2026-08-07,1.383,1.167,1.632,1.286,1.482,rt,
makiso_kisangani,2026-08-08,1.383,1.17,1.621,1.286,1.479,rt,
makiso_kisangani,2026-08-09,1.384,1.174,1.624,1.289,1.483,rt,
makiso_kisangani,2026-08-10,1.372,1.163,1.606,1.28,1.467,rt,
makiso_kisangani,2026-08-11,1.36,1.151,1.597,1.268,1.455,rt,
makiso_kisangani,2026-08-12,1.348,1.144,1.591,1.255,1.444,rt,
makiso_kisangani,2026-08-13,1.335,1.133,1.59,1.243,1.437,rt,
makiso_kisangani,2026-08-14,1.322,1.125,1.573,1.231,1.417,rt,
makiso_kisangani,2026-08-15,1.308,1.112,1.558,1.22,1.4,rt,
makiso_kisangani,2026-08-16,1.295,1.097,1.546,1.211,1.386,rt,
makiso_kisangani,2026-08-17,1.295,1.095,1.551,1.208,1.387,rt,
makiso_kisangani,2026-08-18,1.296,1.089,1.56,1.205,1.387,rt,
makiso_kisangani,2026-08-19,1.296,1.078,1.567,1.201,1.39,rt,
makiso_kisangani,2026-08-20,1.294,1.07,1.572,1.194,1.392,rt,
makiso_kisangani,2026-08-21,1.296,1.077,1.567,1.198,1.391,rt,
makiso_kisangani,2026-08-22,1.295,1.084,1.56,1.202,1.39,rt,
makiso_kisangani,2026-08-23,1.292,1.081,1.556,1.203,1.393,rt,
makiso_kisangani,2026-08-24,1.301,1.085,1.576,1.212,1.41,rt,
makiso_kisangani,2026-08-25,1.314,1.095,1.597,1.221,1.421,rt,
makiso_kisangani,2026-08-26,1.325,1.1,1.617,1.23,1.435,rt,
makiso_kisangani,2026-08-27,1.337,1.099,1.638,1.236,1.449,rt,
makiso_kisangani,2026-08-28,1.345,1.114,1.632,1.248,1.449,rt,
makiso_kisangani,2026-08-29,1.357,1.124,1.629,1.259,1.456,rt,
makiso_kisangani,2026-08-30,1.368,1.135,1.641,1.266,1.468,rt,
makiso_kisangani,2026-08-31,1.355,1.124,1.63,1.255,1.456,rt,
makiso_kisangani,2026-09-01,1.345,1.119,1.616,1.242,1.448,rt,
makiso_kisangani,2026-09-02,1.334,1.108,1.61,1.234,1.441,rt,
makiso_kisangani,2026-09-03,1.326,1.093,1.605,1.223,1.434,rt,
makiso_kisangani,2026-09-04,1.304,1.088,1.578,1.212,1.41,rt,
makiso_kisangani,2026-09-05,1.29,1.075,1.554,1.199,1.391,rt,
makiso_kisangani,2026-09-06,1.277,1.067,1.539,1.186,1.375,rt,
makiso_kisangani,2026-09-07,1.247,1.043,1.502,1.157,1.342,rt,
makiso_kisangani,2026-09-08,1.22,1.014,1.47,1.129,1.312,rt,
makiso_kisangani,2026-09-09,1.193,0.986,1.44,1.101,1.286,rt,
makiso_kisangani,2026-09-10,1.168,0.957,1.415,1.073,1.264,rt,
makiso_kisangani,2026-09-11,1.147,0.942,1.393,1.058,1.243,rt,
makiso_kisangani,2026-09-12,1.127,0.924,1.375,1.044,1.222,rt,
makiso_kisangani,2026-09-13,1.109,0.903,1.348,1.025,1.202,rt,
makiso_kisangani,2026-09-14,1.098,0.886,1.342,1.01,1.192,rt,
makiso_kisangani,2026-09-15,1.087,0.869,1.351,0.994,1.184,rt,
makiso_kisangani,2026-09-16,1.077,0.849,1.342,0.98,1.177,rt,
makiso_kisangani,2026-09-17,1.065,0.832,1.34,0.966,1.169,rt,
makiso_kisangani,2026-09-18,1.057,0.83,1.336,0.958,1.158,rt,
makiso_kisangani,2026-09-19,1.051,0.817,1.334,0.949,1.154,rt,
makiso_kisangani,2026-09-20,1.042,0.805,1.336,0.932,1.15,rt,
makiso_kisangani,2026-09-21,1.047,0.797,1.35,0.932,1.162,rt,
makiso_kisangani,2026-09-22,1.05,0.793,1.368,0.935,1.168,rt,
makiso_kisangani,2026-09-23,1.053,0.781,1.388,0.935,1.18,rt,
makiso_kisangani,2026-09-24,1.054,0.775,1.399,0.93,1.191,rt,
makiso_kisangani,2026-09-25,1.055,0.767,1.415,0.931,1.197,rt,
makiso_kisangani,2026-09-26,1.056,0.762,1.43,0.925,1.204,rt,
makiso_kisangani,2026-09-27,1.059,0.753,1.442,0.918,1.213,rt,
makiso_kisangani,2026-09-28,1.062,0.75,1.468,0.916,1.217,rt,
makiso_kisangani,2026-09-29,1.064,0.741,1.483,0.909,1.228,rt,
makiso_kisangani,2026-09-30,1.065,0.732,1.505,0.904,1.24,rt,
makiso_kisangani,2026-10-01,1.061,0.747,1.456,0.912,1.218,rt,
makiso_kisangani,2026-10-02,1.055,0.762,1.409,0.918,1.197,rt,
mangobo,2026-09-19,1.061,0.826,1.345,0.959,1.168,rt,
mangobo,2026-09-20,1.053,0.814,1.351,0.943,1.162,rt,
mangobo,2026-09-21,1.056,0.808,1.364,0.946,1.174,rt,
mangobo,2026-09-22,1.062,0.801,1.379,0.947,1.183,rt,
mangobo,2026-09-23,1.065,0.79,1.395,0.947,1.191,rt,
mangobo,2026-09-24,1.064,0.781,1.409,0.941,1.202,rt,
mangobo,2026-09-25,1.066,0.78,1.425,0.943,1.207,rt,
mangobo,2026-09-26,1.069,0.774,1.443,0.938,1.217,rt,
mangobo,2026-09-27,1.073,0.766,1.456,0.93,1.221,rt,
mangobo,2026-09-28,1.077,0.761,1.478,0.926,1.231,rt,
mangobo,2026-09-29,1.078,0.748,1.497,0.919,1.242,rt,
mangobo,2026-09-30,1.079,0.735,1.521,0.913,1.25,rt,
mangobo,2026-10-01,1.073,0.753,1.469,0.921,1.229,rt,
mangobo,2026-10-02,1.068,0.768,1.421,0.927,1.209,rt,
adja,2026-08-14,,,,,,cases,0
adja,2026-08-21,,,,,,cases,0
adja,2026-08-28,,,,,,cases,0
adja,2026-09-04,,,,,,cases,0
adja,2026-09-11,,,,,,cases,0
adja,2026-09-18,,,,,,cases,0
adja,2026-09-25,,,,,,cases,0
adja,2026-10-02,,,,,,cases,0
ariwara,2026-08-14,,,,,,cases,0
ariwara,2026-08-21,,,,,,cases,1
ariwara,2026-08-28,,,,,,cases,0
ariwara,2026-09-04,,,,,,cases,0
ariwara,2026-09-11,,,,,,cases,0
ariwara,2026-09-18,,,,,,cases,0
ariwara,2026-09-25,,,,,,cases,0
ariwara,2026-10-02,,,,,,cases,0
aru,2026-08-14,,,,,,cases,2
aru,2026-08-21,,,,,,cases,0
aru,2026-08-28,,,,,,cases,1
aru,2026-09-04,,,,,,cases,0
aru,2026-09-11,,,,,,cases,0
aru,2026-09-18,,,,,,cases,0
aru,2026-09-25,,,,,,cases,0
aru,2026-10-02,,,,,,cases,0
aungba,2026-08-14,,,,,,cases,1
aungba,2026-08-21,,,,,,cases,1
aungba,2026-08-28,,,,,,cases,0
aungba,2026-09-04,,,,,,cases,0
aungba,2026-09-11,,,,,,cases,0
aungba,2026-09-18,,,,,,cases,0
aungba,2026-09-25,,,,,,cases,0
aungba,2026-10-02,,,,,,cases,0
bambu,2026-08-14,,,,,,cases,40
bambu,2026-08-21,,,,,,cases,17
bambu,2026-08-28,,,,,,cases,31
bambu,2026-09-04,,,,,,cases,14
bambu,2026-09-11,,,,,,cases,8
bambu,2026-09-18,,,,,,cases,8
bambu,2026-09-25,,,,,,cases,14
bambu,2026-10-02,,,,,,cases,2
boga,2026-08-14,,,,,,cases,0
boga,2026-08-21,,,,,,cases,0
boga,2026-08-28,,,,,,cases,1
boga,2026-09-04,,,,,,cases,0
boga,2026-09-11,,,,,,cases,0
boga,2026-09-18,,,,,,cases,0
boga,2026-09-25,,,,,,cases,0
boga,2026-10-02,,,,,,cases,0
bunia,2026-08-14,,,,,,cases,166
bunia,2026-08-21,,,,,,cases,146
bunia,2026-08-28,,,,,,cases,113
bunia,2026-09-04,,,,,,cases,96
bunia,2026-09-11,,,,,,cases,79
bunia,2026-09-18,,,,,,cases,96
bunia,2026-09-25,,,,,,cases,46
bunia,2026-10-02,,,,,,cases,67
damas,2026-08-14,,,,,,cases,5
damas,2026-08-21,,,,,,cases,4
damas,2026-08-28,,,,,,cases,0
damas,2026-09-04,,,,,,cases,3
damas,2026-09-11,,,,,,cases,6
damas,2026-09-18,,,,,,cases,4
damas,2026-09-25,,,,,,cases,0
damas,2026-10-02,,,,,,cases,0
drodro,2026-08-14,,,,,,cases,2
drodro,2026-08-21,,,,,,cases,0
drodro,2026-08-28,,,,,,cases,0
drodro,2026-09-04,,,,,,cases,2
drodro,2026-09-11,,,,,,cases,0
drodro,2026-09-18,,,,,,cases,0
drodro,2026-09-25,,,,,,cases,0
drodro,2026-10-02,,,,,,cases,0
fataki,2026-08-14,,,,,,cases,23
fataki,2026-08-21,,,,,,cases,10
fataki,2026-08-28,,,,,,cases,1
fataki,2026-09-04,,,,,,cases,3
fataki,2026-09-11,,,,,,cases,1
fataki,2026-09-18,,,,,,cases,2
fataki,2026-09-25,,,,,,cases,2
fataki,2026-10-02,,,,,,cases,0
gety,2026-08-14,,,,,,cases,3
gety,2026-08-21,,,,,,cases,1
gety,2026-08-28,,,,,,cases,1
gety,2026-09-04,,,,,,cases,0
gety,2026-09-11,,,,,,cases,1
gety,2026-09-18,,,,,,cases,0
gety,2026-09-25,,,,,,cases,0
gety,2026-10-02,,,,,,cases,0
kambala,2026-08-14,,,,,,cases,0
kambala,2026-08-21,,,,,,cases,0
kambala,2026-08-28,,,,,,cases,0
kambala,2026-09-04,,,,,,cases,0
kambala,2026-09-11,,,,,,cases,0
kambala,2026-09-18,,,,,,cases,0
kambala,2026-09-25,,,,,,cases,0
kambala,2026-10-02,,,,,,cases,0
kilo,2026-08-14,,,,,,cases,2
kilo,2026-08-21,,,,,,cases,0
kilo,2026-08-28,,,,,,cases,1
kilo,2026-09-04,,,,,,cases,0
kilo,2026-09-11,,,,,,cases,1
kilo,2026-09-18,,,,,,cases,1
kilo,2026-09-25,,,,,,cases,0
kilo,2026-10-02,,,,,,cases,3
komanda,2026-08-14,,,,,,cases,7
komanda,2026-08-21,,,,,,cases,12
komanda,2026-08-28,,,,,,cases,15
komanda,2026-09-04,,,,,,cases,32
komanda,2026-09-11,,,,,,cases,23
komanda,2026-09-18,,,,,,cases,19
komanda,2026-09-25,,,,,,cases,16
komanda,2026-10-02,,,,,,cases,11
lita,2026-08-14,,,,,,cases,21
lita,2026-08-21,,,,,,cases,20
lita,2026-08-28,,,,,,cases,18
lita,2026-09-04,,,,,,cases,24
lita,2026-09-11,,,,,,cases,22
lita,2026-09-18,,,,,,cases,16
lita,2026-09-25,,,,,,cases,10
lita,2026-10-02,,,,,,cases,7
logo,2026-08-14,,,,,,cases,1
logo,2026-08-21,,,,,,cases,0
logo,2026-08-28,,,,,,cases,0
logo,2026-09-04,,,,,,cases,2
logo,2026-09-11,,,,,,cases,0
logo,2026-09-18,,,,,,cases,0
logo,2026-09-25,,,,,,cases,0
logo,2026-10-02,,,,,,cases,0
lolwa,2026-08-14,,,,,,cases,7
lolwa,2026-08-21,,,,,,cases,3
lolwa,2026-08-28,,,,,,cases,2
lolwa,2026-09-04,,,,,,cases,6
lolwa,2026-09-11,,,,,,cases,6
lolwa,2026-09-18,,,,,,cases,0
lolwa,2026-09-25,,,,,,cases,2
lolwa,2026-10-02,,,,,,cases,1
mahagi,2026-08-14,,,,,,cases,0
mahagi,2026-08-21,,,,,,cases,0
mahagi,2026-08-28,,,,,,cases,0
mahagi,2026-09-04,,,,,,cases,0
mahagi,2026-09-11,,,,,,cases,0
mahagi,2026-09-18,,,,,,cases,0
mahagi,2026-09-25,,,,,,cases,0
mahagi,2026-10-02,,,,,,cases,0
mambasa,2026-08-14,,,,,,cases,3
mambasa,2026-08-21,,,,,,cases,1
mambasa,2026-08-28,,,,,,cases,3
mambasa,2026-09-04,,,,,,cases,0
mambasa,2026-09-11,,,,,,cases,0
mambasa,2026-09-18,,,,,,cases,4
mambasa,2026-09-25,,,,,,cases,6
mambasa,2026-10-02,,,,,,cases,5
mandima,2026-08-14,,,,,,cases,6
mandima,2026-08-21,,,,,,cases,8
mandima,2026-08-28,,,,,,cases,6
mandima,2026-09-04,,,,,,cases,2
mandima,2026-09-11,,,,,,cases,8
mandima,2026-09-18,,,,,,cases,13
mandima,2026-09-25,,,,,,cases,34
mandima,2026-10-02,,,,,,cases,63
mangala,2026-08-14,,,,,,cases,33
mangala,2026-08-21,,,,,,cases,50
mangala,2026-08-28,,,,,,cases,36
mangala,2026-09-04,,,,,,cases,60
mangala,2026-09-11,,,,,,cases,23
mangala,2026-09-18,,,,,,cases,21
mangala,2026-09-25,,,,,,cases,15
mangala,2026-10-02,,,,,,cases,16
mongbwalu,2026-08-14,,,,,,cases,26
mongbwalu,2026-08-21,,,,,,cases,16
mongbwalu,2026-08-28,,,,,,cases,8
mongbwalu,2026-09-04,,,,,,cases,16
mongbwalu,2026-09-11,,,,,,cases,30
mongbwalu,2026-09-18,,,,,,cases,25
mongbwalu,2026-09-25,,,,,,cases,18
mongbwalu,2026-10-02,,,,,,cases,9
nia_nia,2026-08-14,,,,,,cases,49
nia_nia,2026-08-21,,,,,,cases,29
nia_nia,2026-08-28,,,,,,cases,15
nia_nia,2026-09-04,,,,,,cases,16
nia_nia,2026-09-11,,,,,,cases,11
nia_nia,2026-09-18,,,,,,cases,30
nia_nia,2026-09-25,,,,,,cases,15
nia_nia,2026-10-02,,,,,,cases,32
nizi,2026-08-14,,,,,,cases,93
nizi,2026-08-21,,,,,,cases,79
nizi,2026-08-28,,,,,,cases,43
nizi,2026-09-04,,,,,,cases,42
nizi,2026-09-11,,,,,,cases,41
nizi,2026-09-18,,,,,,cases,20
nizi,2026-09-25,,,,,,cases,16
nizi,2026-10-02,,,,,,cases,19
nyankunde,2026-08-14,,,,,,cases,5
nyankunde,2026-08-21,,,,,,cases,2
nyankunde,2026-08-28,,,,,,cases,2
nyankunde,2026-09-04,,,,,,cases,0
nyankunde,2026-09-11,,,,,,cases,1
nyankunde,2026-09-18,,,,,,cases,1
nyankunde,2026-09-25,,,,,,cases,1
nyankunde,2026-10-02,,,,,,cases,3
rimba,2026-08-14,,,,,,cases,0
rimba,2026-08-21,,,,,,cases,1
rimba,2026-08-28,,,,,,cases,0
rimba,2026-09-04,,,,,,cases,1
rimba,2026-09-11,,,,,,cases,0
rimba,2026-09-18,,,,,,cases,1
rimba,2026-09-25,,,,,,cases,0
rimba,2026-10-02,,,,,,cases,0
rwampara,2026-08-14,,,,,,cases,146
rwampara,2026-08-21,,,,,,cases,62
rwampara,2026-08-28,,,,,,cases,39
rwampara,2026-09-04,,,,,,cases,43
rwampara,2026-09-11,,,,,,cases,25
rwampara,2026-09-18,,,,,,cases,36
rwampara,2026-09-25,,,,,,cases,27
rwampara,2026-10-02,,,,,,cases,34
tchomia,2026-08-14,,,,,,cases,4
tchomia,2026-08-21,,,,,,cases,4
tchomia,2026-08-28,,,,,,cases,3
tchomia,2026-09-04,,,,,,cases,4
tchomia,2026-09-11,,,,,,cases,8
tchomia,2026-09-18,,,,,,cases,7
tchomia,2026-09-25,,,,,,cases,1
tchomia,2026-10-02,,,,,,cases,0
alimbongo,2026-08-14,,,,,,cases,0
alimbongo,2026-08-21,,,,,,cases,0
alimbongo,2026-08-28,,,,,,cases,0
alimbongo,2026-09-04,,,,,,cases,0
alimbongo,2026-09-11,,,,,,cases,0
alimbongo,2026-09-18,,,,,,cases,0
alimbongo,2026-09-25,,,,,,cases,0
alimbongo,2026-10-02,,,,,,cases,4
beni,2026-08-14,,,,,,cases,26
beni,2026-08-21,,,,,,cases,18
beni,2026-08-28,,,,,,cases,20
beni,2026-09-04,,,,,,cases,29
beni,2026-09-11,,,,,,cases,51
beni,2026-09-18,,,,,,cases,63
beni,2026-09-25,,,,,,cases,52
beni,2026-10-02,,,,,,cases,53
biena,2026-08-14,,,,,,cases,0
biena,2026-08-21,,,,,,cases,0
biena,2026-08-28,,,,,,cases,1
biena,2026-09-04,,,,,,cases,1
biena,2026-09-11,,,,,,cases,13
biena,2026-09-18,,,,,,cases,3
biena,2026-09-25,,,,,,cases,0
biena,2026-10-02,,,,,,cases,1
butembo,2026-08-14,,,,,,cases,18
butembo,2026-08-21,,,,,,cases,26
butembo,2026-08-28,,,,,,cases,24
butembo,2026-09-04,,,,,,cases,37
butembo,2026-09-11,,,,,,cases,33
butembo,2026-09-18,,,,,,cases,19
butembo,2026-09-25,,,,,,cases,7
butembo,2026-10-02,,,,,,cases,16
goma,2026-08-14,,,,,,cases,0
goma,2026-08-21,,,,,,cases,0
goma,2026-08-28,,,,,,cases,0
goma,2026-09-04,,,,,,cases,0
goma,2026-09-11,,,,,,cases,0
goma,2026-09-18,,,,,,cases,0
goma,2026-09-25,,,,,,cases,0
goma,2026-10-02,,,,,,cases,0
kalunguta,2026-08-14,,,,,,cases,4
kalunguta,2026-08-21,,,,,,cases,1
kalunguta,2026-08-28,,,,,,cases,3
kalunguta,2026-09-04,,,,,,cases,1
kalunguta,2026-09-11,,,,,,cases,12
kalunguta,2026-09-18,,,,,,cases,12
kalunguta,2026-09-25,,,,,,cases,9
kalunguta,2026-10-02,,,,,,cases,9
katwa,2026-08-14,,,,,,cases,80
katwa,2026-08-21,,,,,,cases,54
katwa,2026-08-28,,,,,,cases,43
katwa,2026-09-04,,,,,,cases,63
katwa,2026-09-11,,,,,,cases,73
katwa,2026-09-18,,,,,,cases,27
katwa,2026-09-25,,,,,,cases,13
katwa,2026-10-02,,,,,,cases,26
kayna,2026-08-14,,,,,,cases,0
kayna,2026-08-21,,,,,,cases,0
kayna,2026-08-28,,,,,,cases,0
kayna,2026-09-04,,,,,,cases,1
kayna,2026-09-11,,,,,,cases,0
kayna,2026-09-18,,,,,,cases,0
kayna,2026-09-25,,,,,,cases,0
kayna,2026-10-02,,,,,,cases,2
kyondo,2026-08-14,,,,,,cases,2
kyondo,2026-08-21,,,,,,cases,1
kyondo,2026-08-28,,,,,,cases,0
kyondo,2026-09-04,,,,,,cases,1
kyondo,2026-09-11,,,,,,cases,12
kyondo,2026-09-18,,,,,,cases,3
kyondo,2026-09-25,,,,,,cases,1
kyondo,2026-10-02,,,,,,cases,1
lubero,2026-08-14,,,,,,cases,0
lubero,2026-08-21,,,,,,cases,0
lubero,2026-08-28,,,,,,cases,0
lubero,2026-09-04,,,,,,cases,4
lubero,2026-09-11,,,,,,cases,10
lubero,2026-09-18,,,,,,cases,0
lubero,2026-09-25,,,,,,cases,6
lubero,2026-10-02,,,,,,cases,1
mabalako,2026-08-14,,,,,,cases,1
mabalako,2026-08-21,,,,,,cases,0
mabalako,2026-08-28,,,,,,cases,1
mabalako,2026-09-04,,,,,,cases,4
mabalako,2026-09-11,,,,,,cases,12
mabalako,2026-09-18,,,,,,cases,5
mabalako,2026-09-25,,,,,,cases,1
mabalako,2026-10-02,,,,,,cases,16
manguredjipa,2026-08-14,,,,,,cases,0
manguredjipa,2026-08-21,,,,,,cases,0
manguredjipa,2026-08-28,,,,,,cases,1
manguredjipa,2026-09-04,,,,,,cases,2
manguredjipa,2026-09-11,,,,,,cases,5
manguredjipa,2026-09-18,,,,,,cases,2
manguredjipa,2026-09-25,,,,,,cases,3
manguredjipa,2026-10-02,,,,,,cases,0
masereka,2026-08-14,,,,,,cases,2
masereka,2026-08-21,,,,,,cases,0
masereka,2026-08-28,,,,,,cases,1
masereka,2026-09-04,,,,,,cases,5
masereka,2026-09-11,,,,,,cases,6
masereka,2026-09-18,,,,,,cases,5
masereka,2026-09-25,,,,,,cases,4
masereka,2026-10-02,,,,,,cases,3
musienene,2026-08-14,,,,,,cases,16
musienene,2026-08-21,,,,,,cases,7
musienene,2026-08-28,,,,,,cases,7
musienene,2026-09-04,,,,,,cases,17
musienene,2026-09-11,,,,,,cases,21
musienene,2026-09-18,,,,,,cases,7
musienene,2026-09-25,,,,,,cases,1
musienene,2026-10-02,,,,,,cases,6
mutwanga,2026-08-14,,,,,,cases,0
mutwanga,2026-08-21,,,,,,cases,1
mutwanga,2026-08-28,,,,,,cases,0
mutwanga,2026-09-04,,,,,,cases,1
mutwanga,2026-09-11,,,,,,cases,3
mutwanga,2026-09-18,,,,,,cases,3
mutwanga,2026-09-25,,,,,,cases,3
mutwanga,2026-10-02,,,,,,cases,4
oicha,2026-08-14,,,,,,cases,1
oicha,2026-08-21,,,,,,cases,1
oicha,2026-08-28,,,,,,cases,1
oicha,2026-09-04,,,,,,cases,1
oicha,2026-09-11,,,,,,cases,3
oicha,2026-09-18,,,,,,cases,2
oicha,2026-09-25,,,,,,cases,10
oicha,2026-10-02,,,,,,cases,6
vuhovi,2026-08-14,,,,,,cases,2
vuhovi,2026-08-21,,,,,,cases,1
vuhovi,2026-08-28,,,,,,cases,0
vuhovi,2026-09-04,,,,,,cases,2
vuhovi,2026-09-11,,,,,,cases,9
vuhovi,2026-09-18,,,,,,cases,5
vuhovi,2026-09-25,,,,,,cases,8
vuhovi,2026-10-02,,,,,,cases,3
boma_mangbetu,2026-08-14,,,,,,cases,9
boma_mangbetu,2026-08-21,,,,,,cases,2
boma_mangbetu,2026-08-28,,,,,,cases,2
boma_mangbetu,2026-09-04,,,,,,cases,3
boma_mangbetu,2026-09-11,,,,,,cases,0
boma_mangbetu,2026-09-18,,,,,,cases,7
boma_mangbetu,2026-09-25,,,,,,cases,3
boma_mangbetu,2026-10-02,,,,,,cases,2
dungu,2026-08-14,,,,,,cases,0
dungu,2026-08-21,,,,,,cases,0
dungu,2026-08-28,,,,,,cases,0
dungu,2026-09-04,,,,,,cases,0
dungu,2026-09-11,,,,,,cases,0
dungu,2026-09-18,,,,,,cases,1
dungu,2026-09-25,,,,,,cases,0
dungu,2026-10-02,,,,,,cases,0
gombari,2026-08-14,,,,,,cases,1
gombari,2026-08-21,,,,,,cases,1
gombari,2026-08-28,,,,,,cases,1
gombari,2026-09-04,,,,,,cases,0
gombari,2026-09-11,,,,,,cases,0
gombari,2026-09-18,,,,,,cases,0
gombari,2026-09-25,,,,,,cases,0
gombari,2026-10-02,,,,,,cases,0
isiro,2026-08-14,,,,,,cases,14
isiro,2026-08-21,,,,,,cases,24
isiro,2026-08-28,,,,,,cases,16
isiro,2026-09-04,,,,,,cases,11
isiro,2026-09-11,,,,,,cases,6
isiro,2026-09-18,,,,,,cases,2
isiro,2026-09-25,,,,,,cases,2
isiro,2026-10-02,,,,,,cases,2
pawa,2026-08-14,,,,,,cases,7
pawa,2026-08-21,,,,,,cases,1
pawa,2026-08-28,,,,,,cases,4
pawa,2026-09-04,,,,,,cases,16
pawa,2026-09-11,,,,,,cases,17
pawa,2026-09-18,,,,,,cases,10
pawa,2026-09-25,,,,,,cases,9
pawa,2026-10-02,,,,,,cases,11
rungu,2026-08-14,,,,,,cases,0
rungu,2026-08-21,,,,,,cases,0
rungu,2026-08-28,,,,,,cases,0
rungu,2026-09-04,,,,,,cases,1
rungu,2026-09-11,,,,,,cases,0
rungu,2026-09-18,,,,,,cases,0
rungu,2026-09-25,,,,,,cases,0
rungu,2026-10-02,,,,,,cases,2
wamba,2026-08-14,,,,,,cases,38
wamba,2026-08-21,,,,,,cases,5
wamba,2026-08-28,,,,,,cases,18
wamba,2026-09-04,,,,,,cases,7
wamba,2026-09-11,,,,,,cases,6
wamba,2026-09-18,,,,,,cases,6
wamba,2026-09-25,,,,,,cases,12
wamba,2026-10-02,,,,,,cases,7
miti_murhesa,2026-08-14,,,,,,cases,0
miti_murhesa,2026-08-21,,,,,,cases,0
miti_murhesa,2026-08-28,,,,,,cases,0
miti_murhesa,2026-09-04,,,,,,cases,0
miti_murhesa,2026-09-11,,,,,,cases,0
miti_murhesa,2026-09-18,,,,,,cases,0
miti_murhesa,2026-09-25,,,,,,cases,0
miti_murhesa,2026-10-02,,,,,,cases,0
bafwasende,2026-08-14,,,,,,cases,1
bafwasende,2026-08-21,,,,,,cases,0
bafwasende,2026-08-28,,,,,,cases,1
bafwasende,2026-09-04,,,,,,cases,0
bafwasende,2026-09-11,,,,,,cases,3
bafwasende,2026-09-18,,,,,,cases,2
bafwasende,2026-09-25,,,,,,cases,0
bafwasende,2026-10-02,,,,,,cases,0
kabondo,2026-08-14,,,,,,cases,2
kabondo,2026-08-21,,,,,,cases,0
kabondo,2026-08-28,,,,,,cases,0
kabondo,2026-09-04,,,,,,cases,1
kabondo,2026-09-11,,,,,,cases,0
kabondo,2026-09-18,,,,,,cases,1
kabondo,2026-09-25,,,,,,cases,0
kabondo,2026-10-02,,,,,,cases,0
lubunga,2026-08-14,,,,,,cases,0
lubunga,2026-08-21,,,,,,cases,0
lubunga,2026-08-28,,,,,,cases,0
lubunga,2026-09-04,,,,,,cases,0
lubunga,2026-09-11,,,,,,cases,0
lubunga,2026-09-18,,,,,,cases,0
lubunga,2026-09-25,,,,,,cases,0
lubunga,2026-10-02,,,,,,cases,0
makiso_kisangani,2026-08-14,,,,,,cases,0
makiso_kisangani,2026-08-21,,,,,,cases,3
makiso_kisangani,2026-08-28,,,,,,cases,3
makiso_kisangani,2026-09-04,,,,,,cases,1
makiso_kisangani,2026-09-11,,,,,,cases,0
makiso_kisangani,2026-09-18,,,,,,cases,9
makiso_kisangani,2026-09-25,,,,,,cases,4
makiso_kisangani,2026-10-02,,,,,,cases,4
mangobo,2026-08-14,,,,,,cases,0
mangobo,2026-08-21,,,,,,cases,1
mangobo,2026-08-28,,,,,,cases,0
mangobo,2026-09-04,,,,,,cases,1
mangobo,2026-09-11,,,,,,cases,0
mangobo,2026-09-18,,,,,,cases,1
mangobo,2026-09-25,,,,,,cases,1
mangobo,2026-10-02,,,,,,cases,1
tshopo,2026-08-14,,,,,,cases,1
tshopo,2026-08-21,,,,,,cases,0
tshopo,2026-08-28,,,,,,cases,0
tshopo,2026-09-04,,,,,,cases,0
tshopo,2026-09-11,,,,,,cases,0
tshopo,2026-09-18,,,,,,cases,0
tshopo,2026-09-25,,,,,,cases,0
tshopo,2026-10-02,,,,,,cases,0
wanie_rukula,2026-08-14,,,,,,cases,0
wanie_rukula,2026-08-21,,,,,,cases,0
wanie_rukula,2026-08-28,,,,,,cases,0
wanie_rukula,2026-09-04,,,,,,cases,0
wanie_rukula,2026-09-11,,,,,,cases,0
wanie_rukula,2026-09-18,,,,,,cases,0
wanie_rukula,2026-09-25,,,,,,cases,0
wanie_rukula,2026-10-02,,,,,,cases,0
buta,2026-08-14,,,,,,cases,1
buta,2026-08-21,,,,,,cases,0
buta,2026-08-28,,,,,,cases,0
buta,2026-09-04,,,,,,cases,0
buta,2026-09-11,,,,,,cases,0
buta,2026-09-18,,,,,,cases,0
buta,2026-09-25,,,,,,cases,0
buta,2026-10-02,,,,,,cases,0
ganga,2026-08-14,,,,,,cases,0
ganga,2026-08-21,,,,,,cases,0
ganga,2026-08-28,,,,,,cases,1
ganga,2026-09-04,,,,,,cases,1
ganga,2026-09-11,,,,,,cases,1
ganga,2026-09-18,,,,,,cases,0
ganga,2026-09-25,,,,,,cases,0
ganga,2026-10-02,,,,,,cases,0
viadana,2026-08-14,,,,,,cases,0
viadana,2026-08-21,,,,,,cases,1
viadana,2026-08-28,,,,,,cases,0
viadana,2026-09-04,,,,,,cases,0
viadana,2026-09-11,,,,,,cases,0
viadana,2026-09-18,,,,,,cases,2
viadana,2026-09-25,,,,,,cases,2
viadana,2026-10-02,,,,,,cases,1
bulu,2026-08-14,,,,,,cases,0
bulu,2026-08-21,,,,,,cases,0
bulu,2026-08-28,,,,,,cases,0
bulu,2026-09-04,,,,,,cases,0
bulu,2026-09-11,,,,,,cases,1
bulu,2026-09-18,,,,,,cases,0
bulu,2026-09-25,,,,,,cases,1
bulu,2026-10-02,,,,,,cases,0
adja,2026-08-14,,,,,,deaths,0
adja,2026-08-21,,,,,,deaths,0
adja,2026-08-28,,,,,,deaths,0
adja,2026-09-04,,,,,,deaths,0
adja,2026-09-11,,,,,,deaths,0
adja,2026-09-18,,,,,,deaths,0
adja,2026-09-25,,,,,,deaths,0
adja,2026-10-02,,,,,,deaths,0
ariwara,2026-08-14,,,,,,deaths,0
ariwara,2026-08-21,,,,,,deaths,0
ariwara,2026-08-28,,,,,,deaths,0
ariwara,2026-09-04,,,,,,deaths,0
ariwara,2026-09-11,,,,,,deaths,0
ariwara,2026-09-18,,,,,,deaths,0
ariwara,2026-09-25,,,,,,deaths,0
ariwara,2026-10-02,,,,,,deaths,0
aru,2026-08-14,,,,,,deaths,1
aru,2026-08-21,,,,,,deaths,0
aru,2026-08-28,,,,,,deaths,0
aru,2026-09-04,,,,,,deaths,0
aru,2026-09-11,,,,,,deaths,0
aru,2026-09-18,,,,,,deaths,0
aru,2026-09-25,,,,,,deaths,0
aru,2026-10-02,,,,,,deaths,0
aungba,2026-08-14,,,,,,deaths,0
aungba,2026-08-21,,,,,,deaths,0
aungba,2026-08-28,,,,,,deaths,0
aungba,2026-09-04,,,,,,deaths,0
aungba,2026-09-11,,,,,,deaths,0
aungba,2026-09-18,,,,,,deaths,0
aungba,2026-09-25,,,,,,deaths,0
aungba,2026-10-02,,,,,,deaths,0
bambu,2026-08-14,,,,,,deaths,8
bambu,2026-08-21,,,,,,deaths,3
bambu,2026-08-28,,,,,,deaths,7
bambu,2026-09-04,,,,,,deaths,1
bambu,2026-09-11,,,,,,deaths,3
bambu,2026-09-18,,,,,,deaths,0
bambu,2026-09-25,,,,,,deaths,7
bambu,2026-10-02,,,,,,deaths,0
boga,2026-08-14,,,,,,deaths,0
boga,2026-08-21,,,,,,deaths,0
boga,2026-08-28,,,,,,deaths,1
boga,2026-09-04,,,,,,deaths,0
boga,2026-09-11,,,,,,deaths,0
boga,2026-09-18,,,,,,deaths,0
boga,2026-09-25,,,,,,deaths,0
boga,2026-10-02,,,,,,deaths,0
bunia,2026-08-14,,,,,,deaths,49
bunia,2026-08-21,,,,,,deaths,57
bunia,2026-08-28,,,,,,deaths,35
bunia,2026-09-04,,,,,,deaths,26
bunia,2026-09-11,,,,,,deaths,31
bunia,2026-09-18,,,,,,deaths,26
bunia,2026-09-25,,,,,,deaths,25
bunia,2026-10-02,,,,,,deaths,36
damas,2026-08-14,,,,,,deaths,1
damas,2026-08-21,,,,,,deaths,0
damas,2026-08-28,,,,,,deaths,0
damas,2026-09-04,,,,,,deaths,0
damas,2026-09-11,,,,,,deaths,0
damas,2026-09-18,,,,,,deaths,0
damas,2026-09-25,,,,,,deaths,0
damas,2026-10-02,,,,,,deaths,0
drodro,2026-08-14,,,,,,deaths,0
drodro,2026-08-21,,,,,,deaths,0
drodro,2026-08-28,,,,,,deaths,0
drodro,2026-09-04,,,,,,deaths,1
drodro,2026-09-11,,,,,,deaths,0
drodro,2026-09-18,,,,,,deaths,0
drodro,2026-09-25,,,,,,deaths,0
drodro,2026-10-02,,,,,,deaths,0
fataki,2026-08-14,,,,,,deaths,10
fataki,2026-08-21,,,,,,deaths,0
fataki,2026-08-28,,,,,,deaths,0
fataki,2026-09-04,,,,,,deaths,0
fataki,2026-09-11,,,,,,deaths,0
fataki,2026-09-18,,,,,,deaths,0
fataki,2026-09-25,,,,,,deaths,1
fataki,2026-10-02,,,,,,deaths,0
gety,2026-08-14,,,,,,deaths,1
gety,2026-08-21,,,,,,deaths,1
gety,2026-08-28,,,,,,deaths,0
gety,2026-09-04,,,,,,deaths,0
gety,2026-09-11,,,,,,deaths,1
gety,2026-09-18,,,,,,deaths,0
gety,2026-09-25,,,,,,deaths,0
gety,2026-10-02,,,,,,deaths,0
kambala,2026-08-14,,,,,,deaths,0
kambala,2026-08-21,,,,,,deaths,0
kambala,2026-08-28,,,,,,deaths,0
kambala,2026-09-04,,,,,,deaths,0
kambala,2026-09-11,,,,,,deaths,0
kambala,2026-09-18,,,,,,deaths,0
kambala,2026-09-25,,,,,,deaths,0
kambala,2026-10-02,,,,,,deaths,0
kilo,2026-08-14,,,,,,deaths,1
kilo,2026-08-21,,,,,,deaths,0
kilo,2026-08-28,,,,,,deaths,0
kilo,2026-09-04,,,,,,deaths,0
kilo,2026-09-11,,,,,,deaths,0
kilo,2026-09-18,,,,,,deaths,0
kilo,2026-09-25,,,,,,deaths,0
kilo,2026-10-02,,,,,,deaths,0
komanda,2026-08-14,,,,,,deaths,4
komanda,2026-08-21,,,,,,deaths,6
komanda,2026-08-28,,,,,,deaths,11
komanda,2026-09-04,,,,,,deaths,22
komanda,2026-09-11,,,,,,deaths,14
komanda,2026-09-18,,,,,,deaths,5
komanda,2026-09-25,,,,,,deaths,7
komanda,2026-10-02,,,,,,deaths,10
lita,2026-08-14,,,,,,deaths,8
lita,2026-08-21,,,,,,deaths,9
lita,2026-08-28,,,,,,deaths,5
lita,2026-09-04,,,,,,deaths,10
lita,2026-09-11,,,,,,deaths,4
lita,2026-09-18,,,,,,deaths,10
lita,2026-09-25,,,,,,deaths,5
lita,2026-10-02,,,,,,deaths,5
logo,2026-08-14,,,,,,deaths,0
logo,2026-08-21,,,,,,deaths,0
logo,2026-08-28,,,,,,deaths,0
logo,2026-09-04,,,,,,deaths,0
logo,2026-09-11,,,,,,deaths,0
logo,2026-09-18,,,,,,deaths,0
logo,2026-09-25,,,,,,deaths,0
logo,2026-10-02,,,,,,deaths,0
lolwa,2026-08-14,,,,,,deaths,2
lolwa,2026-08-21,,,,,,deaths,0
lolwa,2026-08-28,,,,,,deaths,0
lolwa,2026-09-04,,,,,,deaths,3
lolwa,2026-09-11,,,,,,deaths,1
lolwa,2026-09-18,,,,,,deaths,0
lolwa,2026-09-25,,,,,,deaths,0
lolwa,2026-10-02,,,,,,deaths,1
mahagi,2026-08-14,,,,,,deaths,0
mahagi,2026-08-21,,,,,,deaths,0
mahagi,2026-08-28,,,,,,deaths,0
mahagi,2026-09-04,,,,,,deaths,0
mahagi,2026-09-11,,,,,,deaths,0
mahagi,2026-09-18,,,,,,deaths,0
mahagi,2026-09-25,,,,,,deaths,0
mahagi,2026-10-02,,,,,,deaths,0
mambasa,2026-08-14,,,,,,deaths,0
mambasa,2026-08-21,,,,,,deaths,1
mambasa,2026-08-28,,,,,,deaths,0
mambasa,2026-09-04,,,,,,deaths,0
mambasa,2026-09-11,,,,,,deaths,0
mambasa,2026-09-18,,,,,,deaths,2
mambasa,2026-09-25,,,,,,deaths,0
mambasa,2026-10-02,,,,,,deaths,3
mandima,2026-08-14,,,,,,deaths,1
mandima,2026-08-21,,,,,,deaths,6
mandima,2026-08-28,,,,,,deaths,2
mandima,2026-09-04,,,,,,deaths,0
mandima,2026-09-11,,,,,,deaths,3
mandima,2026-09-18,,,,,,deaths,9
mandima,2026-09-25,,,,,,deaths,12
mandima,2026-10-02,,,,,,deaths,34
mangala,2026-08-14,,,,,,deaths,16
mangala,2026-08-21,,,,,,deaths,23
mangala,2026-08-28,,,,,,deaths,11
mangala,2026-09-04,,,,,,deaths,23
mangala,2026-09-11,,,,,,deaths,6
mangala,2026-09-18,,,,,,deaths,0
mangala,2026-09-25,,,,,,deaths,7
mangala,2026-10-02,,,,,,deaths,3
mongbwalu,2026-08-14,,,,,,deaths,14
mongbwalu,2026-08-21,,,,,,deaths,1
mongbwalu,2026-08-28,,,,,,deaths,2
mongbwalu,2026-09-04,,,,,,deaths,3
mongbwalu,2026-09-11,,,,,,deaths,8
mongbwalu,2026-09-18,,,,,,deaths,19
mongbwalu,2026-09-25,,,,,,deaths,11
mongbwalu,2026-10-02,,,,,,deaths,7
nia_nia,2026-08-14,,,,,,deaths,30
nia_nia,2026-08-21,,,,,,deaths,11
nia_nia,2026-08-28,,,,,,deaths,1
nia_nia,2026-09-04,,,,,,deaths,5
nia_nia,2026-09-11,,,,,,deaths,4
nia_nia,2026-09-18,,,,,,deaths,23
nia_nia,2026-09-25,,,,,,deaths,12
nia_nia,2026-10-02,,,,,,deaths,21
nizi,2026-08-14,,,,,,deaths,25
nizi,2026-08-21,,,,,,deaths,14
nizi,2026-08-28,,,,,,deaths,8
nizi,2026-09-04,,,,,,deaths,9
nizi,2026-09-11,,,,,,deaths,6
nizi,2026-09-18,,,,,,deaths,1
nizi,2026-09-25,,,,,,deaths,2
nizi,2026-10-02,,,,,,deaths,5
nyankunde,2026-08-14,,,,,,deaths,0
nyankunde,2026-08-21,,,,,,deaths,0
nyankunde,2026-08-28,,,,,,deaths,0
nyankunde,2026-09-04,,,,,,deaths,0
nyankunde,2026-09-11,,,,,,deaths,1
nyankunde,2026-09-18,,,,,,deaths,0
nyankunde,2026-09-25,,,,,,deaths,1
nyankunde,2026-10-02,,,,,,deaths,0
rimba,2026-08-14,,,,,,deaths,0
rimba,2026-08-21,,,,,,deaths,0
rimba,2026-08-28,,,,,,deaths,0
rimba,2026-09-04,,,,,,deaths,0
rimba,2026-09-11,,,,,,deaths,0
rimba,2026-09-18,,,,,,deaths,0
rimba,2026-09-25,,,,,,deaths,0
rimba,2026-10-02,,,,,,deaths,0
rwampara,2026-08-14,,,,,,deaths,42
rwampara,2026-08-21,,,,,,deaths,10
rwampara,2026-08-28,,,,,,deaths,2
rwampara,2026-09-04,,,,,,deaths,9
rwampara,2026-09-11,,,,,,deaths,4
rwampara,2026-09-18,,,,,,deaths,3
rwampara,2026-09-25,,,,,,deaths,10
rwampara,2026-10-02,,,,,,deaths,17
tchomia,2026-08-14,,,,,,deaths,1
tchomia,2026-08-21,,,,,,deaths,0
tchomia,2026-08-28,,,,,,deaths,0
tchomia,2026-09-04,,,,,,deaths,0
tchomia,2026-09-11,,,,,,deaths,0
tchomia,2026-09-18,,,,,,deaths,0
tchomia,2026-09-25,,,,,,deaths,0
tchomia,2026-10-02,,,,,,deaths,0
alimbongo,2026-08-14,,,,,,deaths,0
alimbongo,2026-08-21,,,,,,deaths,0
alimbongo,2026-08-28,,,,,,deaths,0
alimbongo,2026-09-04,,,,,,deaths,0
alimbongo,2026-09-11,,,,,,deaths,0
alimbongo,2026-09-18,,,,,,deaths,0
alimbongo,2026-09-25,,,,,,deaths,0
alimbongo,2026-10-02,,,,,,deaths,2
beni,2026-08-14,,,,,,deaths,17
beni,2026-08-21,,,,,,deaths,15
beni,2026-08-28,,,,,,deaths,12
beni,2026-09-04,,,,,,deaths,22
beni,2026-09-11,,,,,,deaths,41
beni,2026-09-18,,,,,,deaths,30
beni,2026-09-25,,,,,,deaths,30
beni,2026-10-02,,,,,,deaths,36
biena,2026-08-14,,,,,,deaths,0
biena,2026-08-21,,,,,,deaths,0
biena,2026-08-28,,,,,,deaths,1
biena,2026-09-04,,,,,,deaths,0
biena,2026-09-11,,,,,,deaths,5
biena,2026-09-18,,,,,,deaths,1
biena,2026-09-25,,,,,,deaths,0
biena,2026-10-02,,,,,,deaths,0
butembo,2026-08-14,,,,,,deaths,22
butembo,2026-08-21,,,,,,deaths,12
butembo,2026-08-28,,,,,,deaths,18
butembo,2026-09-04,,,,,,deaths,17
butembo,2026-09-11,,,,,,deaths,14
butembo,2026-09-18,,,,,,deaths,9
butembo,2026-09-25,,,,,,deaths,4
butembo,2026-10-02,,,,,,deaths,9
goma,2026-08-14,,,,,,deaths,0
goma,2026-08-21,,,,,,deaths,0
goma,2026-08-28,,,,,,deaths,0
goma,2026-09-04,,,,,,deaths,0
goma,2026-09-11,,,,,,deaths,0
goma,2026-09-18,,,,,,deaths,0
goma,2026-09-25,,,,,,deaths,0
goma,2026-10-02,,,,,,deaths,0
kalunguta,2026-08-14,,,,,,deaths,1
kalunguta,2026-08-21,,,,,,deaths,1
kalunguta,2026-08-28,,,,,,deaths,1
kalunguta,2026-09-04,,,,,,deaths,1
kalunguta,2026-09-11,,,,,,deaths,4
kalunguta,2026-09-18,,,,,,deaths,2
kalunguta,2026-09-25,,,,,,deaths,2
kalunguta,2026-10-02,,,,,,deaths,5
katwa,2026-08-14,,,,,,deaths,61
katwa,2026-08-21,,,,,,deaths,32
katwa,2026-08-28,,,,,,deaths,31
katwa,2026-09-04,,,,,,deaths,33
katwa,2026-09-11,,,,,,deaths,44
katwa,2026-09-18,,,,,,deaths,12
katwa,2026-09-25,,,,,,deaths,10
katwa,2026-10-02,,,,,,deaths,10
kayna,2026-08-14,,,,,,deaths,0
kayna,2026-08-21,,,,,,deaths,0
kayna,2026-08-28,,,,,,deaths,0
kayna,2026-09-04,,,,,,deaths,0
kayna,2026-09-11,,,,,,deaths,0
kayna,2026-09-18,,,,,,deaths,0
kayna,2026-09-25,,,,,,deaths,0
kayna,2026-10-02,,,,,,deaths,2
kyondo,2026-08-14,,,,,,deaths,2
kyondo,2026-08-21,,,,,,deaths,0
kyondo,2026-08-28,,,,,,deaths,0
kyondo,2026-09-04,,,,,,deaths,0
kyondo,2026-09-11,,,,,,deaths,6
kyondo,2026-09-18,,,,,,deaths,2
kyondo,2026-09-25,,,,,,deaths,0
kyondo,2026-10-02,,,,,,deaths,0
lubero,2026-08-14,,,,,,deaths,0
lubero,2026-08-21,,,,,,deaths,0
lubero,2026-08-28,,,,,,deaths,0
lubero,2026-09-04,,,,,,deaths,3
lubero,2026-09-11,,,,,,deaths,3
lubero,2026-09-18,,,,,,deaths,0
lubero,2026-09-25,,,,,,deaths,4
lubero,2026-10-02,,,,,,deaths,0
mabalako,2026-08-14,,,,,,deaths,1
mabalako,2026-08-21,,,,,,deaths,0
mabalako,2026-08-28,,,,,,deaths,1
mabalako,2026-09-04,,,,,,deaths,3
mabalako,2026-09-11,,,,,,deaths,4
mabalako,2026-09-18,,,,,,deaths,2
mabalako,2026-09-25,,,,,,deaths,0
mabalako,2026-10-02,,,,,,deaths,4
manguredjipa,2026-08-14,,,,,,deaths,0
manguredjipa,2026-08-21,,,,,,deaths,0
manguredjipa,2026-08-28,,,,,,deaths,0
manguredjipa,2026-09-04,,,,,,deaths,2
manguredjipa,2026-09-11,,,,,,deaths,1
manguredjipa,2026-09-18,,,,,,deaths,0
manguredjipa,2026-09-25,,,,,,deaths,2
manguredjipa,2026-10-02,,,,,,deaths,0
masereka,2026-08-14,,,,,,deaths,3
masereka,2026-08-21,,,,,,deaths,0
masereka,2026-08-28,,,,,,deaths,0
masereka,2026-09-04,,,,,,deaths,1
masereka,2026-09-11,,,,,,deaths,3
masereka,2026-09-18,,,,,,deaths,1
masereka,2026-09-25,,,,,,deaths,0
masereka,2026-10-02,,,,,,deaths,2
musienene,2026-08-14,,,,,,deaths,10
musienene,2026-08-21,,,,,,deaths,4
musienene,2026-08-28,,,,,,deaths,4
musienene,2026-09-04,,,,,,deaths,7
musienene,2026-09-11,,,,,,deaths,9
musienene,2026-09-18,,,,,,deaths,6
musienene,2026-09-25,,,,,,deaths,0
musienene,2026-10-02,,,,,,deaths,3
mutwanga,2026-08-14,,,,,,deaths,0
mutwanga,2026-08-21,,,,,,deaths,1
mutwanga,2026-08-28,,,,,,deaths,0
mutwanga,2026-09-04,,,,,,deaths,1
mutwanga,2026-09-11,,,,,,deaths,0
mutwanga,2026-09-18,,,,,,deaths,0
mutwanga,2026-09-25,,,,,,deaths,0
mutwanga,2026-10-02,,,,,,deaths,1
oicha,2026-08-14,,,,,,deaths,1
oicha,2026-08-21,,,,,,deaths,0
oicha,2026-08-28,,,,,,deaths,2
oicha,2026-09-04,,,,,,deaths,0
oicha,2026-09-11,,,,,,deaths,1
oicha,2026-09-18,,,,,,deaths,3
oicha,2026-09-25,,,,,,deaths,4
oicha,2026-10-02,,,,,,deaths,2
vuhovi,2026-08-14,,,,,,deaths,1
vuhovi,2026-08-21,,,,,,deaths,0
vuhovi,2026-08-28,,,,,,deaths,0
vuhovi,2026-09-04,,,,,,deaths,2
vuhovi,2026-09-11,,,,,,deaths,1
vuhovi,2026-09-18,,,,,,deaths,1
vuhovi,2026-09-25,,,,,,deaths,2
vuhovi,2026-10-02,,,,,,deaths,2
boma_mangbetu,2026-08-14,,,,,,deaths,3
boma_mangbetu,2026-08-21,,,,,,deaths,1
boma_mangbetu,2026-08-28,,,,,,deaths,5
boma_mangbetu,2026-09-04,,,,,,deaths,0
boma_mangbetu,2026-09-11,,,,,,deaths,0
boma_mangbetu,2026-09-18,,,,,,deaths,1
boma_mangbetu,2026-09-25,,,,,,deaths,1
boma_mangbetu,2026-10-02,,,,,,deaths,1
dungu,2026-08-14,,,,,,deaths,0
dungu,2026-08-21,,,,,,deaths,0
dungu,2026-08-28,,,,,,deaths,0
dungu,2026-09-04,,,,,,deaths,0
dungu,2026-09-11,,,,,,deaths,0
dungu,2026-09-18,,,,,,deaths,1
dungu,2026-09-25,,,,,,deaths,0
dungu,2026-10-02,,,,,,deaths,0
gombari,2026-08-14,,,,,,deaths,1
gombari,2026-08-21,,,,,,deaths,0
gombari,2026-08-28,,,,,,deaths,0
gombari,2026-09-04,,,,,,deaths,0
gombari,2026-09-11,,,,,,deaths,0
gombari,2026-09-18,,,,,,deaths,0
gombari,2026-09-25,,,,,,deaths,0
gombari,2026-10-02,,,,,,deaths,0
isiro,2026-08-14,,,,,,deaths,5
isiro,2026-08-21,,,,,,deaths,9
isiro,2026-08-28,,,,,,deaths,5
isiro,2026-09-04,,,,,,deaths,3
isiro,2026-09-11,,,,,,deaths,5
isiro,2026-09-18,,,,,,deaths,1
isiro,2026-09-25,,,,,,deaths,1
isiro,2026-10-02,,,,,,deaths,1
pawa,2026-08-14,,,,,,deaths,3
pawa,2026-08-21,,,,,,deaths,1
pawa,2026-08-28,,,,,,deaths,1
pawa,2026-09-04,,,,,,deaths,6
pawa,2026-09-11,,,,,,deaths,3
pawa,2026-09-18,,,,,,deaths,7
pawa,2026-09-25,,,,,,deaths,3
pawa,2026-10-02,,,,,,deaths,5
rungu,2026-08-14,,,,,,deaths,0
rungu,2026-08-21,,,,,,deaths,0
rungu,2026-08-28,,,,,,deaths,0
rungu,2026-09-04,,,,,,deaths,1
rungu,2026-09-11,,,,,,deaths,0
rungu,2026-09-18,,,,,,deaths,0
rungu,2026-09-25,,,,,,deaths,0
rungu,2026-10-02,,,,,,deaths,0
wamba,2026-08-14,,,,,,deaths,11
wamba,2026-08-21,,,,,,deaths,4
wamba,2026-08-28,,,,,,deaths,5
wamba,2026-09-04,,,,,,deaths,2
wamba,2026-09-11,,,,,,deaths,2
wamba,2026-09-18,,,,,,deaths,1
wamba,2026-09-25,,,,,,deaths,4
wamba,2026-10-02,,,,,,deaths,4
miti_murhesa,2026-08-14,,,,,,deaths,0
miti_murhesa,2026-08-21,,,,,,deaths,0
miti_murhesa,2026-08-28,,,,,,deaths,0
miti_murhesa,2026-09-04,,,,,,deaths,0
miti_murhesa,2026-09-11,,,,,,deaths,0
miti_murhesa,2026-09-18,,,,,,deaths,0
miti_murhesa,2026-09-25,,,,,,deaths,0
miti_murhesa,2026-10-02,,,,,,deaths,0
bafwasende,2026-08-14,,,,,,deaths,0
bafwasende,2026-08-21,,,,,,deaths,0
bafwasende,2026-08-28,,,,,,deaths,0
bafwasende,2026-09-04,,,,,,deaths,0
bafwasende,2026-09-11,,,,,,deaths,1
bafwasende,2026-09-18,,,,,,deaths,0
bafwasende,2026-09-25,,,,,,deaths,0
bafwasende,2026-10-02,,,,,,deaths,0
kabondo,2026-08-14,,,,,,deaths,1
kabondo,2026-08-21,,,,,,deaths,0
kabondo,2026-08-28,,,,,,deaths,0
kabondo,2026-09-04,,,,,,deaths,0
kabondo,2026-09-11,,,,,,deaths,0
kabondo,2026-09-18,,,,,,deaths,0
kabondo,2026-09-25,,,,,,deaths,0
kabondo,2026-10-02,,,,,,deaths,0
lubunga,2026-08-14,,,,,,deaths,0
lubunga,2026-08-21,,,,,,deaths,0
lubunga,2026-08-28,,,,,,deaths,0
lubunga,2026-09-04,,,,,,deaths,0
lubunga,2026-09-11,,,,,,deaths,0
lubunga,2026-09-18,,,,,,deaths,0
lubunga,2026-09-25,,,,,,deaths,0
lubunga,2026-10-02,,,,,,deaths,0
makiso_kisangani,2026-08-14,,,,,,deaths,0
makiso_kisangani,2026-08-21,,,,,,deaths,2
makiso_kisangani,2026-08-28,,,,,,deaths,0
makiso_kisangani,2026-09-04,,,,,,deaths,1
makiso_kisangani,2026-09-11,,,,,,deaths,0
makiso_kisangani,2026-09-18,,,,,,deaths,3
makiso_kisangani,2026-09-25,,,,,,deaths,2
makiso_kisangani,2026-10-02,,,,,,deaths,0
mangobo,2026-08-14,,,,,,deaths,0
mangobo,2026-08-21,,,,,,deaths,1
mangobo,2026-08-28,,,,,,deaths,0
mangobo,2026-09-04,,,,,,deaths,0
mangobo,2026-09-11,,,,,,deaths,0
mangobo,2026-09-18,,,,,,deaths,0
mangobo,2026-09-25,,,,,,deaths,1
mangobo,2026-10-02,,,,,,deaths,0
tshopo,2026-08-14,,,,,,deaths,0
tshopo,2026-08-21,,,,,,deaths,0
tshopo,2026-08-28,,,,,,deaths,0
tshopo,2026-09-04,,,,,,deaths,0
tshopo,2026-09-11,,,,,,deaths,0
tshopo,2026-09-18,,,,,,deaths,0
tshopo,2026-09-25,,,,,,deaths,0
tshopo,2026-10-02,,,,,,deaths,0
wanie_rukula,2026-08-14,,,,,,deaths,0
wanie_rukula,2026-08-21,,,,,,deaths,1
wanie_rukula,2026-08-28,,,,,,deaths,0
wanie_rukula,2026-09-04,,,,,,deaths,0
wanie_rukula,2026-09-11,,,,,,deaths,0
wanie_rukula,2026-09-18,,,,,,deaths,0
wanie_rukula,2026-09-25,,,,,,deaths,0
wanie_rukula,2026-10-02,,,,,,deaths,0
buta,2026-08-14,,,,,,deaths,1
buta,2026-08-21,,,,,,deaths,0
buta,2026-08-28,,,,,,deaths,0
buta,2026-09-04,,,,,,deaths,0
buta,2026-09-11,,,,,,deaths,0
buta,2026-09-18,,,,,,deaths,0
buta,2026-09-25,,,,,,deaths,0
buta,2026-10-02,,,,,,deaths,0
ganga,2026-08-14,,,,,,deaths,0
ganga,2026-08-21,,,,,,deaths,0
ganga,2026-08-28,,,,,,deaths,1
ganga,2026-09-04,,,,,,deaths,1
ganga,2026-09-11,,,,,,deaths,0
ganga,2026-09-18,,,,,,deaths,0
ganga,2026-09-25,,,,,,deaths,0
ganga,2026-10-02,,,,,,deaths,0
viadana,2026-08-14,,,,,,deaths,0
viadana,2026-08-21,,,,,,deaths,0
viadana,2026-08-28,,,,,,deaths,0
viadana,2026-09-04,,,,,,deaths,0
viadana,2026-09-11,,,,,,deaths,0
viadana,2026-09-18,,,,,,deaths,1
viadana,2026-09-25,,,,,,deaths,0
viadana,2026-10-02,,,,,,deaths,0
bulu,2026-08-14,,,,,,deaths,0
bulu,2026-08-21,,,,,,deaths,0
bulu,2026-08-28,,,,,,deaths,0
bulu,2026-09-04,,,,,,deaths,0
bulu,2026-09-11,,,,,,deaths,1
bulu,2026-09-18,,,,,,deaths,0
bulu,2026-09-25,,,,,,deaths,0
bulu,2026-10-02,,,,,,deaths,0
