{"type":"FeatureCollection","features":[{"type":"Feature","properties":{"zone":"","label":"Adi","province":"ituri","zscode":"QAjDPUD5eCo"},"geometry":{"type":"Polygon","coordinates":[[[30.9074,3.3615],[30.8974,3.3763],[30.8998,3.3889],[30.8824,3.3959],[30.8709,3.3829],[30.8577,3.3955],[30.8466,3.3946],[30.8096,3.3584],[30.8063,3.3298],[30.8243,3.3087],[30.8217,3.2997],[30.8178,3.2929],[30.7925,3.3017],[30.7824,3.2774],[30.7686,3.288],[30.7475,3.2847],[30.7445,3.2966],[30.731,3.3051],[30.7094,3.2968],[30.6903,3.307],[30.6775,3.3288],[30.6529,3.3401],[30.6209,3.3335],[30.5896,3.3422],[30.5829,3.3277],[30.575,3.3504],[30.5467,3.3588],[30.5439,3.3914],[30.5822,3.3751],[30.5935,3.3965],[30.5859,3.408],[30.5865,3.4364],[30.5681,3.4477],[30.5723,3.4518],[30.5639,3.4606],[30.5775,3.468],[30.5813,3.4879],[30.5936,3.4872],[30.5952,3.5098],[30.624,3.536],[30.6419,3.5928],[30.6383,3.6186],[30.6829,3.6433],[30.7273,3.6233],[30.7356,3.641],[30.7576,3.6363],[30.7609,3.6738],[30.7704,3.674],[30.7755,3.6834],[30.7978,3.6554],[30.7955,3.6214],[30.805,3.5934],[30.8247,3.5924],[30.8249,3.5827],[30.8508,3.5824],[30.8633,3.5662],[30.8478,3.4875],[30.8694,3.4778],[30.8968,3.5029],[30.9419,3.5059],[30.9366,3.399],[30.9184,3.3875],[30.9193,3.3749],[30.9074,3.3615]]]}},{"type":"Feature","properties":{"zone":"adja","label":"Adja","province":"ituri","zscode":"CLboGR4F3lj"},"geometry":{"type":"Polygon","coordinates":[[[30.3703,3.2235],[30.4145,3.1972],[30.4228,3.1877],[30.4201,3.1726],[30.4597,3.1658],[30.4777,3.1474],[30.4802,3.1286],[30.4729,3.1234],[30.4806,3.1204],[30.4885,3.0837],[30.5044,3.0894],[30.5167,3.0826],[30.5166,3.0911],[30.5216,3.0833],[30.54,3.0879],[30.5786,3.081],[30.5813,3.0712],[30.5949,3.0787],[30.5965,3.1022],[30.6334,3.0902],[30.6389,3.0785],[30.6216,3.0638],[30.6281,3.0512],[30.6562,3.0441],[30.665,3.0213],[30.7032,3.0158],[30.7061,2.9952],[30.7407,3.0074],[30.7485,3.003],[30.7332,2.972],[30.7203,2.966],[30.6921,2.9855],[30.6588,2.9797],[30.6291,2.9525],[30.6067,2.9055],[30.573,2.8988],[30.5574,2.9327],[30.5,2.9405],[30.4899,2.9494],[30.4841,2.9454],[30.487,2.9296],[30.4708,2.921],[30.4628,2.954],[30.4173,2.9552],[30.3936,2.9716],[30.3683,2.9474],[30.362,2.9819],[30.3754,2.9841],[30.388,3.0017],[30.3486,3.033],[30.3131,3.0445],[30.3107,3.0525],[30.3219,3.0542],[30.3203,3.0698],[30.3462,3.1197],[30.3639,3.1259],[30.3729,3.1538],[30.3821,3.1563],[30.3901,3.1851],[30.3845,3.205],[30.3693,3.2103],[30.3703,3.2235]]]}},{"type":"Feature","properties":{"zone":"","label":"Angumu","province":"ituri","zscode":"yKlg7zZ2xlH"},"geometry":{"type":"Polygon","coordinates":[[[31.1801,2.0844],[31.1582,2.0556],[31.095,2.0259],[30.9947,1.9542],[30.9944,1.942],[30.9653,1.9404],[30.9173,1.9057],[30.9118,1.9409],[30.929,1.9694],[30.9487,1.9847],[30.9558,1.9826],[30.9513,1.9865],[30.9624,1.9982],[30.9556,2.0117],[30.9729,2.0236],[30.9813,2.0414],[30.9776,2.0589],[30.9853,2.0801],[30.9949,2.0831],[30.9941,2.0937],[31.008,2.0875],[31.0161,2.0979],[31.027,2.0723],[31.0358,2.0768],[31.0533,2.0666],[31.0589,2.0742],[31.0819,2.0768],[31.0974,2.0973],[31.1231,2.1095],[31.1302,2.1027],[31.1605,2.1038],[31.1667,2.0899],[31.1801,2.0844]]]}},{"type":"Feature","properties":{"zone":"ariwara","label":"Ariwara","province":"ituri","zscode":"fM8IqjhdeyL"},"geometry":{"type":"Polygon","coordinates":[[[30.9074,3.3615],[30.8875,3.3411],[30.8926,3.3146],[30.8746,3.3055],[30.8664,3.286],[30.8707,3.2805],[30.8382,3.2633],[30.8411,3.2391],[30.8297,3.2271],[30.8297,3.2042],[30.8021,3.1354],[30.7944,3.0691],[30.768,3.0519],[30.7788,3.0252],[30.7644,3.0134],[30.7628,2.9984],[30.7407,3.0074],[30.7059,2.9953],[30.7032,3.0158],[30.665,3.0213],[30.6562,3.0441],[30.6281,3.0512],[30.6217,3.0684],[30.6387,3.0809],[30.6334,3.0902],[30.6079,3.0954],[30.6101,3.113],[30.6283,3.1212],[30.6349,3.1351],[30.6564,3.1346],[30.6531,3.1467],[30.6595,3.1505],[30.6532,3.1635],[30.6414,3.163],[30.6241,3.1825],[30.6288,3.1927],[30.6212,3.2006],[30.6338,3.2167],[30.6364,3.2447],[30.6516,3.247],[30.6712,3.2242],[30.6936,3.2304],[30.6946,3.2455],[30.674,3.2531],[30.695,3.3052],[30.7094,3.2968],[30.731,3.3051],[30.7445,3.2966],[30.7475,3.2847],[30.7686,3.288],[30.7823,3.2774],[30.7925,3.3017],[30.8179,3.293],[30.8243,3.3087],[30.8063,3.3298],[30.8096,3.3584],[30.8466,3.3946],[30.8577,3.3955],[30.8709,3.3829],[30.8824,3.3959],[30.8998,3.3889],[30.8974,3.3763],[30.9074,3.3615]]]}},{"type":"Feature","properties":{"zone":"aru","label":"Aru","province":"ituri","zscode":"v8PqffapuVl"},"geometry":{"type":"Polygon","coordinates":[[[30.7969,2.6698],[30.7774,2.6831],[30.7739,2.7033],[30.7463,2.7063],[30.7485,2.7142],[30.7254,2.7288],[30.7059,2.7256],[30.6833,2.7355],[30.6703,2.7138],[30.6685,2.6905],[30.6432,2.6771],[30.6438,2.6559],[30.6209,2.6355],[30.5908,2.6484],[30.5666,2.6333],[30.5685,2.6498],[30.5483,2.6629],[30.5632,2.6944],[30.5638,2.72],[30.5826,2.7555],[30.5771,2.7629],[30.5885,2.7849],[30.582,2.7911],[30.5907,2.8133],[30.5857,2.8175],[30.6034,2.8471],[30.6122,2.9263],[30.6183,2.9229],[30.6291,2.9525],[30.6588,2.9797],[30.6921,2.9855],[30.7203,2.966],[30.733,2.9719],[30.7488,3.0022],[30.7628,2.9984],[30.7644,3.0134],[30.7788,3.0252],[30.8022,3.0068],[30.8226,3.0041],[30.8255,2.9887],[30.858,2.9617],[30.8574,2.9283],[30.8668,2.9221],[30.8743,2.891],[30.8873,2.8805],[30.8901,2.8606],[30.8842,2.8142],[30.8592,2.7736],[30.8373,2.767],[30.8359,2.7567],[30.8227,2.7497],[30.8265,2.7292],[30.8082,2.7087],[30.8107,2.6948],[30.7969,2.6698]]]}},{"type":"Feature","properties":{"zone":"aungba","label":"Aungba","province":"ituri","zscode":"DFcltLEKLxj"},"geometry":{"type":"Polygon","coordinates":[[[30.5509,2.6708],[30.5485,2.6622],[30.5686,2.6496],[30.5666,2.6333],[30.5908,2.6484],[30.6204,2.6353],[30.6438,2.6559],[30.6432,2.6771],[30.6639,2.6832],[30.6833,2.7355],[30.7059,2.7256],[30.7254,2.7288],[30.7485,2.7142],[30.7463,2.7063],[30.7739,2.7033],[30.7774,2.6831],[30.7969,2.6698],[30.778,2.6037],[30.7501,2.5863],[30.7618,2.5101],[30.7585,2.4978],[30.7464,2.4913],[30.7401,2.4542],[30.7516,2.4197],[30.7779,2.4387],[30.7979,2.427],[30.7948,2.4001],[30.7627,2.3837],[30.7735,2.3631],[30.7899,2.3563],[30.8042,2.3606],[30.8088,2.3529],[30.7826,2.3344],[30.7834,2.3139],[30.7758,2.3065],[30.7531,2.3314],[30.743,2.3821],[30.7149,2.3977],[30.6924,2.3854],[30.6845,2.3958],[30.6886,2.4116],[30.6626,2.4266],[30.6615,2.4435],[30.6544,2.4381],[30.6426,2.4451],[30.634,2.4312],[30.6047,2.4429],[30.6054,2.4691],[30.6105,2.4813],[30.6195,2.4819],[30.5968,2.4878],[30.5959,2.5082],[30.5703,2.5184],[30.5456,2.4894],[30.5379,2.4642],[30.5166,2.4586],[30.5115,2.435],[30.473,2.4285],[30.4646,2.4019],[30.3873,2.3974],[30.4025,2.4369],[30.3909,2.4761],[30.407,2.4912],[30.4164,2.515],[30.4294,2.513],[30.421,2.5296],[30.4288,2.5574],[30.4228,2.5689],[30.4342,2.5859],[30.4455,2.5849],[30.446,2.6035],[30.435,2.6162],[30.44,2.6645],[30.4254,2.6865],[30.4283,2.7086],[30.4114,2.755],[30.3767,2.7878],[30.3922,2.8069],[30.3915,2.8228],[30.3769,2.8262],[30.3763,2.8388],[30.3648,2.8376],[30.3709,2.8424],[30.3667,2.861],[30.3556,2.8672],[30.3477,2.8604],[30.3424,2.8735],[30.3244,2.8748],[30.3307,2.8871],[30.3654,2.8897],[30.3902,2.8647],[30.3877,2.8515],[30.3962,2.8349],[30.4373,2.8142],[30.4826,2.763],[30.4982,2.7552],[30.5039,2.7253],[30.5276,2.7091],[30.5231,2.6751],[30.5509,2.6708]]]}},{"type":"Feature","properties":{"zone":"bambu","label":"Bambu","province":"ituri","zscode":"Uc3GqWS8C0w"},"geometry":{"type":"Polygon","coordinates":[[[30.3234,1.9823],[30.2971,1.9486],[30.3035,1.9326],[30.2948,1.9258],[30.2974,1.904],[30.2722,1.8991],[30.2508,1.9171],[30.2422,1.9079],[30.2437,1.8893],[30.2591,1.8781],[30.2601,1.866],[30.2493,1.8411],[30.26,1.8122],[30.2503,1.785],[30.2604,1.7681],[30.264,1.7219],[30.281,1.6978],[30.2625,1.6986],[30.267,1.6891],[30.2615,1.6841],[30.267,1.6835],[30.2591,1.6753],[30.2231,1.7009],[30.2147,1.6923],[30.2006,1.7016],[30.196,1.6767],[30.1768,1.6722],[30.1731,1.6804],[30.1532,1.6816],[30.1285,1.6531],[30.1297,1.7197],[30.1514,1.7169],[30.1585,1.7349],[30.1763,1.7399],[30.1682,1.7594],[30.17,1.7847],[30.1548,1.79],[30.1712,1.8212],[30.1837,1.8163],[30.1877,1.8326],[30.17,1.8482],[30.1807,1.8603],[30.1542,1.8741],[30.16,1.8862],[30.1494,1.8993],[30.164,1.9457],[30.1623,1.9923],[30.1742,2.0053],[30.1989,1.9872],[30.2102,2.0135],[30.241,2.0431],[30.2606,2.0197],[30.2744,2.0298],[30.2846,2.0239],[30.3234,1.9823]]]}},{"type":"Feature","properties":{"zone":"","label":"Biringi","province":"ituri","zscode":"yS0pmMtanuT"},"geometry":{"type":"Polygon","coordinates":[[[30.3107,3.0525],[30.3131,3.0445],[30.3486,3.033],[30.388,3.0017],[30.3754,2.9841],[30.362,2.9819],[30.3684,2.9474],[30.3936,2.9716],[30.4173,2.9552],[30.4631,2.9538],[30.4706,2.921],[30.487,2.9296],[30.4841,2.9454],[30.4899,2.9494],[30.5,2.9405],[30.5574,2.9327],[30.5729,2.8988],[30.6073,2.9043],[30.6112,2.8807],[30.6008,2.8383],[30.5857,2.8175],[30.5907,2.8133],[30.582,2.7911],[30.5885,2.7849],[30.5771,2.7629],[30.5826,2.7555],[30.5638,2.72],[30.5632,2.6944],[30.5512,2.6712],[30.5231,2.6751],[30.5276,2.7091],[30.5039,2.7253],[30.4975,2.7562],[30.4826,2.763],[30.4373,2.8142],[30.3962,2.8349],[30.3877,2.8515],[30.3902,2.8647],[30.3654,2.8897],[30.3307,2.8871],[30.3244,2.8748],[30.3424,2.8735],[30.3477,2.8604],[30.3556,2.8672],[30.3667,2.861],[30.3709,2.8424],[30.3648,2.8376],[30.3763,2.8388],[30.3769,2.8262],[30.3915,2.8228],[30.3922,2.8069],[30.3767,2.7878],[30.4114,2.755],[30.4283,2.7086],[30.4254,2.6865],[30.44,2.6645],[30.435,2.6162],[30.446,2.6035],[30.4455,2.5849],[30.4342,2.5859],[30.4228,2.5689],[30.4288,2.5574],[30.421,2.5296],[30.4294,2.513],[30.4164,2.515],[30.407,2.4912],[30.3909,2.4761],[30.4025,2.4431],[30.3958,2.4175],[30.3846,2.3944],[30.3094,2.3806],[30.3145,2.4291],[30.2889,2.4221],[30.286,2.4293],[30.1919,2.4351],[30.1774,2.4074],[30.1745,2.3794],[30.1641,2.3873],[30.1426,2.3772],[30.1426,2.4106],[30.1274,2.4267],[30.1444,2.5115],[30.1876,2.5558],[30.1941,2.5729],[30.1847,2.5843],[30.2074,2.5924],[30.2133,2.6045],[30.2086,2.6693],[30.1853,2.7099],[30.1792,2.7371],[30.196,2.7702],[30.1897,2.7826],[30.1779,2.781],[30.1486,2.8024],[30.1598,2.8173],[30.205,2.8163],[30.2137,2.8245],[30.2073,2.8812],[30.1956,2.8858],[30.1942,2.8699],[30.165,2.8799],[30.1415,2.8724],[30.1325,2.8788],[30.1302,2.8971],[30.1493,2.9128],[30.1426,2.9301],[30.16,2.958],[30.1674,2.9642],[30.1921,2.9528],[30.2007,2.9621],[30.1998,2.9832],[30.19,2.9883],[30.1954,3.0142],[30.2214,3.0236],[30.2298,3.0391],[30.2522,3.0358],[30.2541,3.0715],[30.2698,3.0777],[30.2846,3.0612],[30.3107,3.0525]]]}},{"type":"Feature","properties":{"zone":"boga","label":"Boga","province":"ituri","zscode":"rLadlFjzCh7"},"geometry":{"type":"Polygon","coordinates":[[[30.2263,1.0773],[30.2329,1.0733],[30.2241,1.0604],[30.2298,1.0551],[30.2206,1.0541],[30.23,1.04],[30.2225,1.0041],[30.2343,1.0008],[30.2229,0.9957],[30.2279,0.9855],[30.2147,0.9904],[30.217,0.9842],[30.2089,0.982],[30.2178,0.9743],[30.202,0.9793],[30.2028,0.9649],[30.1927,0.9727],[30.1951,0.964],[30.1842,0.9635],[30.1953,0.9557],[30.1849,0.9583],[30.1894,0.9468],[30.1805,0.954],[30.1856,0.9449],[30.1766,0.9442],[30.1675,0.9203],[30.1754,0.9126],[30.1703,0.9048],[30.1608,0.9108],[30.165,0.9003],[30.1544,0.8984],[30.1554,0.8861],[30.1351,0.8827],[30.1349,0.8911],[30.1262,0.8859],[30.1129,0.8956],[30.0984,0.8907],[30.097,0.8828],[30.0814,0.8785],[30.0733,0.8841],[30.0622,0.8698],[30.0489,0.8709],[30.0281,0.8553],[30.0145,0.8574],[30.0154,0.8514],[30.008,0.8549],[30.0015,0.8443],[29.9898,0.8469],[29.9916,0.8383],[29.9812,0.834],[29.9705,0.8372],[29.9559,0.8253],[29.9554,0.8116],[29.9392,0.8162],[29.93,0.7999],[29.9057,0.8075],[29.9093,0.8159],[29.8969,0.8456],[29.8776,0.8671],[29.8791,0.8942],[29.87,0.8931],[29.8645,0.9034],[29.868,0.9485],[29.8612,0.9542],[29.8515,0.9399],[29.8381,0.9414],[29.8216,0.9308],[29.8078,0.9105],[29.7561,0.908],[29.7435,0.897],[29.741,0.8749],[29.7283,0.8718],[29.7185,0.8858],[29.7328,0.9135],[29.8032,0.9696],[29.8071,0.9989],[29.8232,0.9982],[29.8602,1.0413],[29.868,1.0923],[29.8461,1.1001],[29.8326,1.1243],[29.8594,1.1234],[29.8991,1.165],[29.9082,1.1651],[29.9389,1.1331],[29.9778,1.1164],[29.9858,1.0435],[30.0037,1.0265],[30.0418,1.0131],[30.0852,1.0015],[30.1132,1.0546],[30.1275,1.0454],[30.1787,1.0638],[30.1994,1.0538],[30.2263,1.0773]]]}},{"type":"Feature","properties":{"zone":"bunia","label":"Bunia","province":"ituri","zscode":"GPi6i83o7l6"},"geometry":{"type":"Polygon","coordinates":[[[30.2625,1.6986],[30.2834,1.697],[30.28,1.6625],[30.2995,1.6629],[30.3064,1.6508],[30.3025,1.6429],[30.3186,1.6393],[30.3279,1.6212],[30.2901,1.5764],[30.2913,1.5547],[30.2734,1.5349],[30.2725,1.5208],[30.256,1.527],[30.2441,1.5452],[30.2158,1.5403],[30.2069,1.5463],[30.2143,1.5649],[30.2023,1.5763],[30.2132,1.6037],[30.2273,1.5981],[30.2252,1.5932],[30.2416,1.5998],[30.2522,1.6298],[30.2668,1.6453],[30.2604,1.6518],[30.2672,1.6498],[30.2746,1.6596],[30.2568,1.662],[30.267,1.6835],[30.2616,1.6839],[30.267,1.6891],[30.2625,1.6986]]]}},{"type":"Feature","properties":{"zone":"damas","label":"Damas","province":"ituri","zscode":"ApdB8z3Wrxt"},"geometry":{"type":"Polygon","coordinates":[[[30.4646,2.1528],[30.454,2.1487],[30.4511,2.1348],[30.429,2.1124],[30.4192,2.0891],[30.4228,2.0757],[30.4114,2.0587],[30.3947,2.0492],[30.3775,2.0532],[30.3629,2.0334],[30.354,1.9898],[30.3235,1.9822],[30.2846,2.0239],[30.2744,2.0298],[30.2606,2.0197],[30.241,2.0431],[30.2102,2.0135],[30.1988,1.9871],[30.1742,2.0053],[30.1625,1.9893],[30.1545,1.9919],[30.1309,2.0239],[30.1225,2.0104],[30.1169,2.0202],[30.0837,2.0315],[30.0762,2.0419],[30.0779,2.0583],[30.0619,2.0682],[30.0514,2.0924],[30.0155,2.0785],[30.0002,2.0871],[29.9947,2.1111],[29.9386,2.0998],[29.9211,2.0678],[29.9072,2.0609],[29.9012,2.0849],[29.9106,2.0943],[29.9068,2.1087],[29.8948,2.106],[29.8895,2.115],[29.8765,2.1154],[29.877,2.1415],[29.8582,2.1441],[29.8552,2.1516],[29.8727,2.1782],[29.8802,2.1799],[29.8781,2.1694],[29.8842,2.18],[29.9215,2.1804],[29.9165,2.1914],[29.9276,2.2106],[29.9216,2.218],[29.9273,2.237],[29.9334,2.2385],[29.9306,2.2469],[29.948,2.2535],[29.9471,2.262],[29.9666,2.2386],[29.9708,2.2477],[29.9765,2.2409],[29.9867,2.2456],[29.988,2.2657],[29.998,2.2748],[30.0215,2.2775],[30.0568,2.3765],[30.0754,2.3563],[30.0881,2.3647],[30.1014,2.3615],[30.1116,2.3711],[30.1362,2.3678],[30.1505,2.3843],[30.1573,2.3803],[30.1641,2.3873],[30.1725,2.3782],[30.1774,2.4074],[30.1896,2.415],[30.203,2.3947],[30.2228,2.393],[30.254,2.3702],[30.2628,2.3401],[30.2728,2.3295],[30.2827,2.3319],[30.2912,2.3117],[30.3149,2.3162],[30.314,2.2805],[30.3641,2.2462],[30.3789,2.2643],[30.4314,2.2403],[30.4403,2.2188],[30.3968,2.2022],[30.3979,2.1839],[30.4097,2.1809],[30.4462,2.1927],[30.4493,2.156],[30.4646,2.1528]]]}},{"type":"Feature","properties":{"zone":"drodro","label":"Drodro","province":"ituri","zscode":"OIhgsXcZf6x"},"geometry":{"type":"Polygon","coordinates":[[[30.5899,1.8671],[30.601,1.8491],[30.5914,1.8401],[30.6071,1.8271],[30.6106,1.8117],[30.6281,1.8032],[30.6208,1.7903],[30.6425,1.7793],[30.6542,1.7429],[30.6748,1.7319],[30.6548,1.7262],[30.6568,1.7107],[30.6373,1.6957],[30.6483,1.6882],[30.6624,1.697],[30.6758,1.6888],[30.6765,1.6766],[30.6467,1.6589],[30.6251,1.6636],[30.6123,1.651],[30.5995,1.63],[30.6097,1.6046],[30.5985,1.6028],[30.5879,1.6197],[30.5428,1.5911],[30.4886,1.5937],[30.476,1.6119],[30.4813,1.649],[30.4614,1.69],[30.4683,1.7297],[30.4279,1.7201],[30.3896,1.7719],[30.4014,1.7824],[30.4847,1.7923],[30.4793,1.8091],[30.5009,1.8271],[30.506,1.817],[30.5162,1.8206],[30.5201,1.8282],[30.4838,1.8738],[30.4994,1.8805],[30.5153,1.9018],[30.5244,1.892],[30.5526,1.8954],[30.5577,1.8839],[30.5792,1.8835],[30.5808,1.8672],[30.5899,1.8671]]]}},{"type":"Feature","properties":{"zone":"fataki","label":"Fataki","province":"ituri","zscode":"FDNwbfrJhkA"},"geometry":{"type":"Polygon","coordinates":[[[30.5974,2.0131],[30.6051,2.0021],[30.6175,2.0025],[30.6118,1.9848],[30.6329,1.9715],[30.6454,1.9867],[30.6711,1.9823],[30.6793,1.988],[30.6853,2.0083],[30.7243,1.9881],[30.7135,1.9562],[30.7208,1.935],[30.7151,1.9158],[30.6808,1.9022],[30.6741,1.8847],[30.6246,1.8936],[30.6193,1.8808],[30.5938,1.8632],[30.5808,1.8672],[30.5792,1.8835],[30.5577,1.8839],[30.5526,1.8954],[30.5244,1.892],[30.5172,1.9025],[30.4994,1.8805],[30.4838,1.8738],[30.5201,1.8279],[30.5063,1.817],[30.5009,1.8271],[30.4793,1.8091],[30.4847,1.7923],[30.4014,1.7824],[30.3889,1.77],[30.3658,1.7874],[30.3655,1.7954],[30.3781,1.7958],[30.3837,1.8147],[30.4086,1.831],[30.4122,1.8489],[30.4428,1.8701],[30.4445,1.8913],[30.4561,1.9012],[30.452,1.907],[30.4688,1.9246],[30.4624,1.9276],[30.5008,1.9418],[30.5214,1.9621],[30.5233,1.984],[30.5511,2.0024],[30.5474,2.0295],[30.5619,2.0312],[30.5974,2.0131]]]}},{"type":"Feature","properties":{"zone":"gety","label":"Gety","province":"ituri","zscode":"X8zFJ7DJlRD"},"geometry":{"type":"MultiPolygon","coordinates":[[[[30.3663,1.2585],[30.3655,1.2599],[30.3671,1.262],[30.3675,1.2592],[30.3663,1.2585]]],[[[30.3735,1.2754],[30.3691,1.2735],[30.3683,1.269],[30.365,1.2686],[30.368,1.2735],[30.3735,1.2754]]],[[[30.3632,1.2812],[30.3623,1.2822],[30.3651,1.2859],[30.3632,1.2812]]],[[[30.359,1.2922],[30.3583,1.2901],[30.3559,1.289],[30.3566,1.2915],[30.359,1.2922]]],[[[30.3626,1.2945],[30.3646,1.2933],[30.362,1.2912],[30.3601,1.2935],[30.3626,1.2945]]],[[[30.3711,1.2972],[30.3701,1.2951],[30.3651,1.2934],[30.3613,1.2957],[30.3711,1.2972]]],[[[30.3724,1.2962],[30.3712,1.2977],[30.3717,1.2989],[30.3729,1.2978],[30.3724,1.2962]]],[[[30.3757,1.303],[30.375,1.302],[30.3714,1.3013],[30.3726,1.3029],[30.3757,1.303]]],[[[30.3779,1.3049],[30.3761,1.305],[30.3781,1.3057],[30.3779,1.3049]]],[[[30.3799,1.3064],[30.3784,1.306],[30.38,1.3066],[30.3799,1.3064]]],[[[30.382,1.3068],[30.3811,1.3069],[30.382,1.3072],[30.382,1.3068]]],[[[30.2294,1.4236],[30.2804,1.3952],[30.2951,1.4],[30.3382,1.3902],[30.3613,1.3314],[30.3793,1.3139],[30.3544,1.2948],[30.3613,1.282],[30.3505,1.2708],[30.3617,1.2751],[30.3668,1.2673],[30.3608,1.2573],[30.3644,1.2625],[30.3634,1.2571],[30.3988,1.2567],[30.4174,1.2688],[30.4241,1.2619],[30.4282,1.2705],[30.4686,1.2705],[30.4673,1.2606],[30.4545,1.2542],[30.4432,1.2111],[30.4531,1.2159],[30.4542,1.2038],[30.4622,1.2204],[30.4739,1.226],[30.4947,1.206],[30.4724,1.2112],[30.4574,1.2003],[30.443,1.2015],[30.4216,1.1904],[30.4112,1.198],[30.3903,1.1876],[30.36,1.2017],[30.3413,1.1762],[30.3362,1.1503],[30.3229,1.1575],[30.3127,1.1512],[30.3105,1.1668],[30.3012,1.1615],[30.2925,1.1734],[30.2755,1.1664],[30.2638,1.1452],[30.2373,1.134],[30.2395,1.0917],[30.1994,1.0538],[30.1787,1.0638],[30.1275,1.0454],[30.1132,1.0546],[30.0852,1.0015],[30.0037,1.0265],[29.9858,1.0435],[29.9778,1.1164],[29.9389,1.1331],[29.9082,1.1651],[29.8969,1.1646],[29.9094,1.1852],[29.9291,1.1971],[29.9366,1.2296],[29.9495,1.2398],[29.9564,1.2653],[29.9487,1.2887],[29.9633,1.3143],[29.9786,1.3241],[30.0342,1.3294],[30.0349,1.3537],[30.0653,1.338],[30.0783,1.347],[30.0691,1.3573],[30.0743,1.3617],[30.0646,1.3942],[30.0795,1.386],[30.0914,1.3913],[30.0873,1.4068],[30.1077,1.4159],[30.154,1.4614],[30.2294,1.4236]]]]}},{"type":"Feature","properties":{"zone":"","label":"Jiba","province":"ituri","zscode":"mgcXmrrvCZr"},"geometry":{"type":"Polygon","coordinates":[[[30.8214,1.8022],[30.8051,1.7839],[30.7626,1.7689],[30.7459,1.7519],[30.7303,1.712],[30.6765,1.6766],[30.6758,1.6888],[30.6624,1.697],[30.6483,1.6882],[30.6373,1.6957],[30.6568,1.7107],[30.6548,1.7262],[30.6748,1.7319],[30.6542,1.7429],[30.6425,1.7793],[30.6208,1.7903],[30.6281,1.8032],[30.6106,1.8117],[30.6071,1.8271],[30.5914,1.8401],[30.601,1.8491],[30.5938,1.8632],[30.6193,1.8808],[30.6246,1.8936],[30.6741,1.8847],[30.6808,1.9022],[30.7151,1.9158],[30.7202,1.9331],[30.7288,1.9239],[30.7474,1.9228],[30.7407,1.8822],[30.7234,1.8781],[30.735,1.8532],[30.7512,1.8646],[30.791,1.8455],[30.7998,1.8375],[30.7991,1.8033],[30.8214,1.8022]]]}},{"type":"Feature","properties":{"zone":"kambala","label":"Kambala","province":"ituri","zscode":"SkEKQLSulmp"},"geometry":{"type":"Polygon","coordinates":[[[30.7758,2.3065],[30.7593,2.2942],[30.7476,2.2981],[30.7398,2.3126],[30.7275,2.2974],[30.7078,2.3033],[30.6869,2.2934],[30.6714,2.296],[30.6611,2.3117],[30.6242,2.2837],[30.6286,2.2484],[30.6103,2.2397],[30.6182,2.2265],[30.6246,2.2285],[30.6316,2.206],[30.6161,2.2021],[30.6109,2.1921],[30.6367,2.1804],[30.6506,2.1895],[30.6709,2.1875],[30.6865,2.1748],[30.7039,2.1967],[30.7048,2.1875],[30.7285,2.167],[30.7213,2.1495],[30.7009,2.1328],[30.6932,2.1395],[30.6676,2.1371],[30.6258,2.1227],[30.6179,2.1526],[30.6091,2.1548],[30.5902,2.1412],[30.5703,2.1747],[30.5592,2.1784],[30.4843,2.1459],[30.4709,2.1551],[30.4493,2.156],[30.4462,2.1927],[30.4097,2.1809],[30.3979,2.1839],[30.3968,2.2022],[30.4403,2.2188],[30.4314,2.2403],[30.3789,2.2643],[30.3641,2.2462],[30.314,2.2805],[30.3149,2.3162],[30.2913,2.3117],[30.2827,2.3319],[30.2728,2.3295],[30.2628,2.3401],[30.254,2.3702],[30.2228,2.393],[30.203,2.3947],[30.1858,2.4146],[30.1919,2.4351],[30.286,2.4293],[30.2889,2.4221],[30.3144,2.4292],[30.3094,2.3806],[30.4212,2.4029],[30.4645,2.4018],[30.473,2.4285],[30.5099,2.4338],[30.5205,2.4633],[30.5379,2.4642],[30.538,2.4755],[30.5675,2.519],[30.5959,2.5082],[30.5968,2.4878],[30.6195,2.4819],[30.6105,2.4813],[30.6054,2.4691],[30.6047,2.4429],[30.634,2.4312],[30.6426,2.4451],[30.6544,2.4381],[30.6615,2.4435],[30.6626,2.4266],[30.6886,2.4116],[30.6845,2.3958],[30.6924,2.3854],[30.7149,2.3977],[30.743,2.3821],[30.7531,2.3314],[30.7758,2.3065]]]}},{"type":"Feature","properties":{"zone":"kilo","label":"Kilo","province":"ituri","zscode":"sbyWSsdZ3tj"},"geometry":{"type":"Polygon","coordinates":[[[30.1615,1.9349],[30.1487,1.9083],[30.16,1.8862],[30.1542,1.8741],[30.1807,1.8603],[30.17,1.8482],[30.1877,1.8334],[30.1837,1.8163],[30.1712,1.8212],[30.1548,1.79],[30.17,1.7847],[30.1682,1.7594],[30.1763,1.7399],[30.1585,1.7349],[30.1514,1.7169],[30.1298,1.7199],[30.1307,1.7029],[30.0809,1.6398],[30.0593,1.6605],[30.0411,1.6606],[30.0248,1.6428],[30.0058,1.6384],[30.0131,1.6994],[30.0362,1.7202],[29.9893,1.7086],[29.9867,1.7179],[29.9962,1.7239],[29.9956,1.7443],[30.0019,1.7481],[29.985,1.7725],[29.9953,1.7913],[30.0119,1.7904],[30.0114,1.8126],[30.0221,1.8177],[30.0179,1.8266],[30.0379,1.8324],[30.044,1.8561],[30.0746,1.8548],[30.0806,1.8436],[30.112,1.8543],[30.1134,1.8832],[30.0936,1.9247],[30.0966,1.9378],[30.1118,1.9249],[30.1303,1.9264],[30.1425,1.9384],[30.1615,1.9349]]]}},{"type":"Feature","properties":{"zone":"komanda","label":"Komanda","province":"ituri","zscode":"i2mtQy4nTmD"},"geometry":{"type":"Polygon","coordinates":[[[29.7261,1.4512],[29.7248,1.4366],[29.7377,1.4316],[29.7844,1.4627],[29.7992,1.443],[29.8097,1.4508],[29.8169,1.4363],[29.8321,1.4345],[29.828,1.4284],[29.8347,1.4275],[29.8355,1.4165],[29.8546,1.4114],[29.8856,1.383],[29.9096,1.378],[29.9332,1.3409],[29.971,1.3187],[29.9487,1.2887],[29.9564,1.2653],[29.9495,1.2398],[29.9366,1.2296],[29.9291,1.1971],[29.9093,1.185],[29.8972,1.1561],[29.8766,1.1479],[29.864,1.1267],[29.8326,1.1243],[29.8461,1.1001],[29.868,1.0923],[29.8602,1.0413],[29.8232,0.9982],[29.8071,0.9989],[29.8007,0.9668],[29.725,0.9043],[29.7183,0.8875],[29.7325,0.8716],[29.7267,0.8655],[29.696,0.8683],[29.6589,0.9076],[29.6409,0.9011],[29.6273,0.8816],[29.6232,0.8535],[29.5598,0.8748],[29.5229,0.8612],[29.5347,0.7889],[29.5096,0.7902],[29.4946,0.801],[29.4861,0.842],[29.4581,0.8602],[29.4413,0.8328],[29.4322,0.8343],[29.4162,0.8149],[29.4009,0.81],[29.3708,0.8452],[29.3705,0.8753],[29.3519,0.8929],[29.3488,0.8877],[29.3356,0.9111],[29.3152,0.9137],[29.3176,0.9307],[29.312,0.9412],[29.3013,0.9391],[29.3019,0.9564],[29.2943,0.9625],[29.3132,0.9816],[29.315,0.9933],[29.3327,0.9897],[29.3561,0.9997],[29.3582,1.0354],[29.3728,1.0459],[29.3707,1.1135],[29.3962,1.1295],[29.3942,1.1459],[29.4114,1.1664],[29.4019,1.1689],[29.4081,1.181],[29.4405,1.1806],[29.4362,1.1972],[29.4459,1.1825],[29.4612,1.187],[29.4806,1.2795],[29.5295,1.3153],[29.5284,1.3468],[29.5524,1.3537],[29.5601,1.3672],[29.5846,1.368],[29.5854,1.3778],[29.605,1.3883],[29.6132,1.4054],[29.6044,1.4321],[29.6455,1.466],[29.6584,1.4915],[29.6976,1.5044],[29.6995,1.4712],[29.7261,1.4512]]]}},{"type":"Feature","properties":{"zone":"","label":"Laybo","province":"ituri","zscode":"n1N4M95juaC"},"geometry":{"type":"Polygon","coordinates":[[[30.637,3.6162],[30.6419,3.5928],[30.624,3.536],[30.5952,3.5098],[30.5936,3.4872],[30.5813,3.4879],[30.5775,3.468],[30.5639,3.4606],[30.5723,3.4518],[30.5681,3.4477],[30.5865,3.4364],[30.5859,3.408],[30.5935,3.3965],[30.5822,3.3751],[30.5439,3.3914],[30.5489,3.3785],[30.5434,3.3682],[30.5468,3.3587],[30.5774,3.3483],[30.5829,3.3277],[30.5903,3.3422],[30.6209,3.3335],[30.6528,3.3401],[30.6806,3.3263],[30.695,3.3051],[30.674,3.2531],[30.6946,3.2455],[30.6936,3.2305],[30.6712,3.2242],[30.6516,3.247],[30.6366,3.2452],[30.6338,3.2167],[30.6212,3.2006],[30.6288,3.1927],[30.6241,3.1825],[30.6414,3.163],[30.6563,3.1599],[30.6564,3.1347],[30.6349,3.1351],[30.6283,3.1212],[30.6096,3.1124],[30.6093,3.0989],[30.5963,3.1021],[30.5933,3.0764],[30.5813,3.0712],[30.5786,3.081],[30.54,3.0879],[30.5216,3.0833],[30.5166,3.0911],[30.5167,3.0826],[30.5044,3.0894],[30.489,3.0835],[30.4806,3.1204],[30.4729,3.1234],[30.4802,3.1286],[30.4777,3.1474],[30.4597,3.1658],[30.4201,3.1726],[30.4228,3.1877],[30.4145,3.1972],[30.3703,3.2235],[30.3797,3.2504],[30.369,3.2737],[30.3558,3.2771],[30.3634,3.2829],[30.3592,3.2935],[30.337,3.3048],[30.3408,3.3135],[30.3883,3.3224],[30.3896,3.3378],[30.3769,3.3522],[30.3923,3.3595],[30.396,3.3752],[30.3801,3.3882],[30.3892,3.3979],[30.4009,3.3924],[30.4063,3.3978],[30.4305,3.4479],[30.4167,3.4694],[30.3891,3.4686],[30.3837,3.4798],[30.3934,3.4971],[30.3827,3.5034],[30.3874,3.5143],[30.3805,3.525],[30.4311,3.5346],[30.4618,3.5757],[30.4842,3.5886],[30.4864,3.6057],[30.5361,3.6158],[30.5454,3.6112],[30.5608,3.6214],[30.6158,3.6055],[30.637,3.6162]]]}},{"type":"Feature","properties":{"zone":"","label":"Linga","province":"ituri","zscode":"K0KK2tBPIRA"},"geometry":{"type":"Polygon","coordinates":[[[30.9103,1.9284],[30.92,1.9028],[30.909,1.9033],[30.8717,1.8665],[30.8217,1.8024],[30.801,1.8023],[30.7998,1.8375],[30.791,1.8455],[30.7512,1.8646],[30.7351,1.8531],[30.7281,1.8653],[30.7234,1.8781],[30.7407,1.8822],[30.7374,1.8927],[30.7487,1.915],[30.7472,1.923],[30.7288,1.9239],[30.7202,1.9331],[30.7135,1.9562],[30.7243,1.9881],[30.6853,2.0083],[30.6793,1.988],[30.6711,1.9823],[30.6454,1.9867],[30.6329,1.9715],[30.6118,1.9848],[30.6175,2.0025],[30.6051,2.0021],[30.5974,2.0131],[30.6008,2.02],[30.6551,2.0371],[30.6792,2.0638],[30.7543,2.0389],[30.7551,2.0467],[30.7788,2.0457],[30.7846,2.0533],[30.8043,2.0342],[30.8136,2.0539],[30.822,2.0336],[30.8075,2.0152],[30.8095,1.9734],[30.82,1.9611],[30.8361,1.9665],[30.8538,1.9569],[30.8617,1.9676],[30.8746,1.965],[30.8719,1.9544],[30.8842,1.9409],[30.9103,1.9284]]]}},{"type":"Feature","properties":{"zone":"lita","label":"Lita","province":"ituri","zscode":"xGWcGHazqtw"},"geometry":{"type":"Polygon","coordinates":[[[30.4886,1.5938],[30.4838,1.5828],[30.4445,1.5587],[30.416,1.5059],[30.3746,1.4859],[30.3612,1.4556],[30.3412,1.4404],[30.3407,1.4138],[30.3057,1.4112],[30.2825,1.4278],[30.2897,1.4451],[30.2715,1.4698],[30.2835,1.4954],[30.2714,1.5307],[30.2913,1.5547],[30.2901,1.5764],[30.3252,1.6119],[30.3253,1.6304],[30.3025,1.6429],[30.3053,1.6551],[30.2927,1.6663],[30.3207,1.6798],[30.3236,1.6942],[30.381,1.6903],[30.4118,1.7463],[30.4279,1.7201],[30.4683,1.7297],[30.4614,1.69],[30.4813,1.649],[30.476,1.6119],[30.4886,1.5938]]]}},{"type":"Feature","properties":{"zone":"logo","label":"Logo","province":"ituri","zscode":"qqGoQGSp1Dw"},"geometry":{"type":"Polygon","coordinates":[[[31.0314,2.1995],[31.0358,2.1702],[31.0266,2.1615],[31.0097,2.1663],[30.9961,2.161],[30.9788,2.1304],[30.9896,2.1248],[30.995,2.0834],[30.9819,2.0738],[30.9813,2.0414],[30.9601,2.0124],[30.9303,2.0245],[30.9302,2.0413],[30.9244,2.037],[30.9091,2.0539],[30.9165,2.076],[30.9104,2.0865],[30.9156,2.1256],[30.9002,2.12],[30.9,2.107],[30.8624,2.1068],[30.8554,2.0972],[30.844,2.1097],[30.8001,2.1276],[30.7957,2.1486],[30.8097,2.1787],[30.8177,2.1672],[30.8351,2.1732],[30.8601,2.1406],[30.8848,2.1379],[30.887,2.1481],[30.8658,2.1487],[30.8549,2.1607],[30.8711,2.1713],[30.8663,2.1809],[30.8726,2.2046],[30.8588,2.2069],[30.8552,2.2203],[30.8445,2.2182],[30.8718,2.2834],[30.893,2.3011],[30.9,2.2866],[30.9137,2.3043],[30.9257,2.2864],[30.9437,2.2816],[30.944,2.2682],[30.9706,2.2523],[30.9784,2.2243],[30.9853,2.2208],[30.9884,2.2281],[31.0123,2.1888],[31.0314,2.1995]]]}},{"type":"Feature","properties":{"zone":"lolwa","label":"Lolwa","province":"ituri","zscode":"xp3Y1OXHZLj"},"geometry":{"type":"Polygon","coordinates":[[[29.9882,1.7748],[29.987,1.7621],[30.0019,1.7481],[29.9956,1.7443],[29.9962,1.7239],[29.9756,1.6945],[29.9416,1.654],[29.9011,1.6372],[29.8918,1.6259],[29.8382,1.6138],[29.782,1.5637],[29.7687,1.5646],[29.7547,1.5111],[29.7437,1.4998],[29.7265,1.4513],[29.6995,1.4712],[29.6976,1.5044],[29.6584,1.4915],[29.6455,1.466],[29.6044,1.4321],[29.6132,1.4054],[29.605,1.3883],[29.5854,1.3778],[29.5846,1.368],[29.5601,1.3672],[29.5524,1.3537],[29.5284,1.3468],[29.5295,1.3153],[29.4806,1.2795],[29.4612,1.187],[29.4459,1.1825],[29.4362,1.1972],[29.4405,1.1806],[29.4081,1.181],[29.4019,1.1689],[29.4114,1.1664],[29.3942,1.1459],[29.3962,1.1295],[29.3707,1.1135],[29.3728,1.0459],[29.3583,1.0355],[29.3536,0.996],[29.315,0.9933],[29.2969,0.9638],[29.2864,0.9736],[29.2736,0.967],[29.2488,0.9873],[29.2484,1.0013],[29.2311,1.0116],[29.2121,1.041],[29.1784,1.0599],[29.1744,1.0754],[29.1714,1.0664],[29.1598,1.0915],[29.1844,1.1033],[29.2076,1.1265],[29.1711,1.1679],[29.1349,1.2689],[29.1359,1.2895],[29.1108,1.2976],[29.127,1.3267],[29.1,1.3479],[29.0797,1.3521],[29.0738,1.3664],[29.0823,1.3806],[29.0691,1.4094],[29.0712,1.4223],[29.0609,1.4278],[29.0683,1.4364],[29.1099,1.4318],[29.1363,1.4004],[29.1611,1.411],[29.1631,1.4308],[29.1841,1.4346],[29.1978,1.4605],[29.1936,1.4763],[29.1997,1.4716],[29.2244,1.478],[29.2271,1.4907],[29.2191,1.4989],[29.2409,1.5263],[29.2407,1.543],[29.231,1.5473],[29.2283,1.5822],[29.2121,1.5945],[29.2158,1.6153],[29.2266,1.6209],[29.2219,1.6332],[29.2368,1.6448],[29.2617,1.6529],[29.2689,1.668],[29.2798,1.662],[29.2992,1.6708],[29.3131,1.6893],[29.3078,1.7076],[29.2907,1.7256],[29.302,1.7452],[29.4242,1.7513],[29.4894,1.8323],[29.5619,1.8735],[29.642,1.8888],[29.7437,1.949],[29.8868,1.8374],[29.9882,1.7748]]]}},{"type":"Feature","properties":{"zone":"mahagi","label":"Mahagi","province":"ituri","zscode":"seNn0NUsKYn"},"geometry":{"type":"Polygon","coordinates":[[[31.0991,2.279],[31.0851,2.2557],[31.0588,2.2715],[31.0459,2.2672],[31.0433,2.2541],[31.0331,2.2636],[31.0292,2.2168],[31.0348,2.2056],[31.0125,2.1887],[30.9884,2.2281],[30.9853,2.2208],[30.9784,2.2243],[30.9706,2.2523],[30.944,2.2682],[30.9439,2.2814],[30.9256,2.2865],[30.9172,2.3034],[30.9035,2.2865],[30.8949,2.3015],[30.8852,2.2924],[30.8678,2.2954],[30.8649,2.3173],[30.8539,2.3205],[30.8483,2.3351],[30.8398,2.3275],[30.816,2.3284],[30.8063,2.3192],[30.7856,2.3239],[30.7826,2.3344],[30.8066,2.3455],[30.8075,2.3576],[30.7736,2.363],[30.7627,2.3837],[30.7948,2.4001],[30.7979,2.427],[30.8338,2.427],[30.8479,2.3849],[30.8727,2.369],[30.8812,2.3416],[30.9106,2.3315],[30.9128,2.3414],[30.9318,2.3349],[30.9418,2.3437],[30.9493,2.3621],[30.9418,2.3744],[30.9545,2.4005],[30.9615,2.3947],[30.9937,2.403],[31.0108,2.3968],[31.0127,2.3875],[31.0273,2.3843],[31.0743,2.3436],[31.0694,2.3333],[31.0855,2.3094],[31.0701,2.3028],[31.0991,2.279]]]}},{"type":"Feature","properties":{"zone":"mambasa","label":"Mambasa","province":"ituri","zscode":"RjHZChl5gJQ"},"geometry":{"type":"Polygon","coordinates":[[[29.2205,2.6159],[29.225,2.5813],[29.2448,2.5528],[29.2593,2.5496],[29.2598,2.5381],[29.2863,2.5027],[29.2977,2.4587],[29.3228,2.4485],[29.3546,2.4047],[29.4351,2.4355],[29.4401,2.3468],[29.4286,2.2123],[29.4383,2.1613],[29.4146,2.1392],[29.4005,2.0992],[29.3798,2.0782],[29.3824,2.0613],[29.325,1.9407],[29.3865,1.9095],[29.44,1.8576],[29.4894,1.8323],[29.4242,1.7513],[29.302,1.7452],[29.2907,1.7256],[29.3078,1.7076],[29.3131,1.6893],[29.2992,1.6708],[29.2798,1.662],[29.2689,1.668],[29.2617,1.6529],[29.2368,1.6448],[29.2219,1.6332],[29.2266,1.6209],[29.2158,1.6153],[29.2121,1.5945],[29.2283,1.5822],[29.231,1.5473],[29.2407,1.543],[29.2409,1.5263],[29.2191,1.4989],[29.2271,1.4907],[29.2244,1.478],[29.1997,1.4716],[29.1936,1.4763],[29.1952,1.4537],[29.1785,1.4304],[29.1631,1.4308],[29.1602,1.41],[29.1348,1.4004],[29.1099,1.4318],[29.096,1.4366],[29.0683,1.4364],[29.061,1.4278],[29.0712,1.4223],[29.0691,1.4094],[29.0824,1.3804],[29.0682,1.3461],[29.0715,1.3086],[29.1027,1.2828],[29.0907,1.2694],[29.0991,1.2556],[29.0892,1.251],[29.0939,1.243],[29.0871,1.234],[29.0998,1.2272],[29.101,1.2143],[29.0695,1.1993],[29.0499,1.2002],[29.0407,1.1833],[29.0155,1.1707],[29.0057,1.1273],[29.0214,1.1272],[29.0356,1.1115],[29.0178,1.0944],[29.0345,1.0915],[29.0365,1.0794],[29.048,1.0842],[29.0456,1.0895],[29.0564,1.0802],[29.052,1.0609],[29.0102,1.0542],[29.0094,0.9937],[29.0337,0.9931],[29.0344,0.9136],[29.0583,0.8295],[29.07,0.8184],[29.0292,0.8516],[28.9988,0.865],[28.9913,0.8783],[28.9862,0.8711],[28.9771,0.8788],[28.9435,0.8757],[28.9332,0.9024],[28.9095,0.8856],[28.9002,0.8957],[28.8989,0.8799],[28.8908,0.8947],[28.8943,0.9026],[28.8831,0.8962],[28.8827,0.9211],[28.8563,0.9197],[28.8508,0.9371],[28.8142,0.957],[28.8172,1.0272],[28.8303,1.0572],[28.8291,1.0967],[28.8362,1.0967],[28.841,1.111],[28.8255,1.1313],[28.8267,1.1421],[28.8491,1.1781],[28.8381,1.1839],[28.7894,1.1798],[28.7893,1.1674],[28.7785,1.1572],[28.7842,1.1205],[28.7766,1.1037],[28.748,1.0749],[28.74,1.0757],[28.7353,1.0637],[28.7193,1.0634],[28.7142,1.051],[28.6998,1.0549],[28.6801,1.0427],[28.6808,1.028],[28.6505,0.9981],[28.6277,1.0025],[28.6277,1.014],[28.5991,1.034],[28.5713,1.0343],[28.5582,1.0487],[28.5562,1.0696],[28.5008,1.0734],[28.4611,1.0914],[28.4578,1.1173],[28.414,1.1525],[28.4175,1.166],[28.3909,1.1734],[28.3527,1.2224],[28.311,1.2977],[28.2715,1.4103],[28.2404,1.423],[28.2433,1.4503],[28.2109,1.4873],[28.171,1.5525],[28.2159,1.6192],[28.2258,1.6577],[28.1907,1.7378],[28.1881,1.7849],[28.1906,1.796],[28.2404,1.8347],[28.2899,1.8561],[28.2986,1.8741],[28.3139,2.3361],[28.3491,2.3212],[28.3789,2.2964],[28.3996,2.2516],[28.5806,2.334],[28.6094,2.2691],[28.6281,2.2628],[28.6361,2.2414],[28.6467,2.2441],[28.6713,2.2322],[28.6807,2.2315],[28.6822,2.2413],[28.6678,2.2868],[28.6743,2.303],[28.7168,2.318],[28.7094,2.3362],[28.7354,2.3199],[28.7603,2.3157],[28.7745,2.3023],[28.7993,2.308],[28.9688,2.2705],[28.993,2.3342],[29.0104,2.3107],[29.0377,2.3555],[29.0258,2.3895],[29.0379,2.4019],[29.08,2.4234],[29.1214,2.4331],[29.1638,2.4243],[29.1895,2.4778],[29.1787,2.4832],[29.1637,2.5475],[29.1635,2.5983],[29.2065,2.621],[29.2205,2.6159]]]}},{"type":"Feature","properties":{"zone":"mandima","label":"Mandima","province":"ituri","zscode":"YpXUkTbtAPA"},"geometry":{"type":"Polygon","coordinates":[[[29.2954,0.9637],[29.3013,0.9391],[29.312,0.9412],[29.3176,0.9307],[29.3152,0.9137],[29.3356,0.9111],[29.3488,0.8877],[29.3519,0.8929],[29.3705,0.8753],[29.3708,0.8452],[29.3819,0.8322],[29.3697,0.8221],[29.3644,0.7638],[29.3701,0.747],[29.347,0.7098],[29.3629,0.6931],[29.3768,0.697],[29.3943,0.6714],[29.4319,0.6513],[29.4695,0.6487],[29.4731,0.6295],[29.4623,0.6229],[29.4129,0.6179],[29.4037,0.6196],[29.4059,0.6259],[29.3699,0.6134],[29.3447,0.6291],[29.3326,0.6267],[29.3293,0.6391],[29.34,0.6591],[29.3254,0.6869],[29.3086,0.6796],[29.2963,0.6606],[29.3006,0.6114],[29.286,0.587],[29.2525,0.6144],[29.2228,0.6198],[29.222,0.6288],[29.1826,0.6567],[29.1769,0.6504],[29.1633,0.6647],[29.166,0.68],[29.1239,0.6571],[29.1071,0.6561],[29.0993,0.6412],[29.0743,0.6321],[29.0665,0.6109],[29.0462,0.5895],[29.017,0.5839],[29.0055,0.5634],[28.9718,0.5629],[28.9009,0.5876],[28.6899,0.5707],[28.6604,0.5814],[28.6317,0.5449],[28.5919,0.5403],[28.555,0.5196],[28.5547,0.5442],[28.5129,0.5439],[28.5054,0.5368],[28.4941,0.5474],[28.5085,0.5766],[28.4951,0.5758],[28.4745,0.5919],[28.4763,0.6015],[28.4511,0.6149],[28.4416,0.6345],[28.4131,0.6376],[28.4027,0.6563],[28.3833,0.6603],[28.3795,0.6682],[28.3662,0.665],[28.3643,0.6811],[28.3396,0.6872],[28.3347,0.6964],[28.1829,0.6847],[28.1659,0.8636],[28.2425,0.9912],[28.3479,1.0345],[28.3694,1.0176],[28.4316,1.1067],[28.4317,1.1355],[28.4578,1.1173],[28.4654,1.0878],[28.5008,1.0734],[28.5562,1.0696],[28.5582,1.0487],[28.5713,1.0343],[28.5991,1.034],[28.6277,1.014],[28.6277,1.0025],[28.6485,0.9978],[28.6808,1.028],[28.6801,1.0427],[28.6998,1.0549],[28.7142,1.051],[28.7193,1.0634],[28.7353,1.0637],[28.74,1.0757],[28.7662,1.0901],[28.784,1.1178],[28.7785,1.1572],[28.7893,1.1674],[28.7894,1.1798],[28.8381,1.1839],[28.8491,1.1781],[28.8267,1.1421],[28.8255,1.1313],[28.841,1.111],[28.8362,1.0967],[28.8291,1.0967],[28.8303,1.0572],[28.8172,1.0272],[28.8142,0.957],[28.8508,0.9371],[28.8563,0.9197],[28.8827,0.9211],[28.8831,0.8962],[28.8943,0.9026],[28.8908,0.8947],[28.8989,0.8799],[28.9002,0.8957],[28.9095,0.8856],[28.9332,0.9024],[28.9435,0.8757],[28.9771,0.8788],[28.9862,0.8711],[28.9913,0.8783],[28.9988,0.865],[29.0292,0.8516],[29.07,0.8184],[29.0583,0.8295],[29.0344,0.9136],[29.0337,0.9931],[29.0094,0.9937],[29.0102,1.0542],[29.052,1.0609],[29.0564,1.0802],[29.0456,1.0895],[29.048,1.0842],[29.0365,1.0794],[29.0345,1.0915],[29.0178,1.0944],[29.0356,1.1115],[29.0214,1.1272],[29.0057,1.1273],[29.0155,1.1707],[29.0407,1.1833],[29.0499,1.2002],[29.0695,1.1993],[29.101,1.2142],[29.0998,1.2272],[29.0871,1.234],[29.0939,1.243],[29.0892,1.251],[29.0991,1.2556],[29.0907,1.2694],[29.1027,1.2828],[29.0715,1.3086],[29.0738,1.3664],[29.0797,1.3521],[29.1,1.3479],[29.127,1.3267],[29.1108,1.2976],[29.1359,1.2895],[29.1349,1.2689],[29.1711,1.1679],[29.2076,1.1265],[29.1844,1.1033],[29.1598,1.0915],[29.1713,1.0664],[29.1745,1.0753],[29.1784,1.0599],[29.2121,1.041],[29.2311,1.0116],[29.2474,1.0029],[29.2553,0.9805],[29.2737,0.9669],[29.2867,0.9736],[29.2954,0.9637]]]}},{"type":"Feature","properties":{"zone":"mangala","label":"Mangala","province":"ituri","zscode":"YTZmP8g33YJ"},"geometry":{"type":"Polygon","coordinates":[[[30.5619,2.0312],[30.5474,2.0295],[30.5511,2.0024],[30.5233,1.984],[30.5214,1.9621],[30.5008,1.9418],[30.4624,1.9276],[30.4688,1.9246],[30.452,1.907],[30.4561,1.9012],[30.4445,1.8913],[30.4428,1.8701],[30.4122,1.8489],[30.4086,1.831],[30.3833,1.8142],[30.3778,1.7955],[30.3591,1.7953],[30.3249,1.7697],[30.3165,1.7865],[30.3239,1.8156],[30.3162,1.8324],[30.2852,1.834],[30.2541,1.8195],[30.2493,1.8411],[30.2592,1.8779],[30.2437,1.8893],[30.2423,1.9082],[30.2508,1.9171],[30.2722,1.8991],[30.2975,1.904],[30.3037,1.9651],[30.3089,1.9629],[30.3239,1.9831],[30.354,1.9898],[30.3629,2.0334],[30.3775,2.0532],[30.3948,2.0493],[30.4117,2.0642],[30.4364,2.0454],[30.5047,2.0418],[30.507,2.0472],[30.4874,2.0616],[30.5231,2.0861],[30.5459,2.0369],[30.5557,2.0441],[30.5619,2.0312]]]}},{"type":"Feature","properties":{"zone":"mongbwalu","label":"Mongbwalu","province":"ituri","zscode":"nv8tx681Gjd"},"geometry":{"type":"Polygon","coordinates":[[[29.9034,2.0652],[29.9211,2.0678],[29.9389,2.1],[29.9948,2.1111],[30.0002,2.0871],[30.0155,2.0785],[30.0514,2.0924],[30.0619,2.0682],[30.0779,2.0583],[30.0762,2.0419],[30.0837,2.0315],[30.1169,2.0202],[30.1225,2.0104],[30.1309,2.0239],[30.1443,2.0011],[30.1625,1.9893],[30.1615,1.9349],[30.1425,1.9384],[30.1303,1.9264],[30.1118,1.9249],[30.1026,1.9366],[30.0946,1.9356],[30.1134,1.8832],[30.109,1.8502],[30.0806,1.8436],[30.0746,1.8548],[30.044,1.8561],[30.0379,1.8324],[30.0179,1.8266],[30.0221,1.8177],[30.0114,1.8126],[30.0119,1.7904],[29.9953,1.7913],[29.9882,1.7748],[29.8868,1.8374],[29.7437,1.949],[29.642,1.8888],[29.5619,1.8735],[29.4899,1.831],[29.44,1.8576],[29.3865,1.9095],[29.3265,1.9384],[29.3824,2.0613],[29.3798,2.0782],[29.4005,2.0992],[29.4146,2.1392],[29.4383,2.1613],[29.4286,2.2123],[29.4401,2.3468],[29.4351,2.4356],[29.5728,2.4886],[29.6282,2.4506],[29.6502,2.4254],[29.639,2.3732],[29.6476,2.3332],[29.6423,2.3157],[29.6676,2.2879],[29.6463,2.2716],[29.6077,2.2835],[29.6243,2.2095],[29.6842,2.2077],[29.7436,2.1903],[29.7368,2.1719],[29.7727,2.1503],[29.7751,2.1331],[29.7965,2.1031],[29.8044,2.1038],[29.8159,2.0888],[29.8371,2.0859],[29.8453,2.0739],[29.8738,2.0806],[29.8972,2.0557],[29.9034,2.0652]]]}},{"type":"Feature","properties":{"zone":"nia_nia","label":"Nia-Nia","province":"ituri","zscode":"tWlaqwSUheI"},"geometry":{"type":"Polygon","coordinates":[[[28.2196,1.6836],[28.2221,1.6327],[28.171,1.5525],[28.2109,1.4873],[28.2433,1.4503],[28.2404,1.423],[28.2715,1.4103],[28.311,1.2977],[28.3527,1.2224],[28.3909,1.1734],[28.4181,1.1651],[28.4137,1.1531],[28.4317,1.1355],[28.4316,1.1067],[28.3694,1.0176],[28.3479,1.0345],[28.2425,0.9912],[28.1659,0.8636],[28.1829,0.6847],[28.096,0.6734],[28.0739,0.6789],[28.0681,0.6642],[28.0275,0.633],[27.9356,0.749],[27.9467,0.8271],[27.9956,0.9426],[27.9743,0.9401],[27.9509,0.9214],[27.9388,0.9214],[27.9199,0.9324],[27.9081,0.9251],[27.8862,0.9318],[27.8781,0.946],[27.9226,1.0046],[27.9335,1.0423],[27.8756,1.0507],[27.8532,1.0389],[27.8243,1.0632],[27.7833,1.0651],[27.7731,1.0587],[27.757,1.0734],[27.7408,1.069],[27.7395,1.1212],[27.7706,1.1497],[27.7556,1.2106],[27.7832,1.2284],[27.7653,1.2561],[27.778,1.2947],[27.7589,1.304],[27.7391,1.2958],[27.6783,1.3343],[27.6148,1.323],[27.5991,1.3488],[27.5758,1.3221],[27.554,1.324],[27.5569,1.3431],[27.5242,1.3654],[27.5091,1.3906],[27.4873,1.4001],[27.4683,1.4637],[27.4501,1.4764],[27.4403,1.5055],[27.4192,1.4897],[27.3663,1.4972],[27.3669,1.5365],[27.3909,1.5944],[27.4467,1.6596],[27.4955,1.6686],[27.5972,1.7044],[27.5533,1.7734],[27.5666,1.828],[27.585,1.8473],[27.6307,1.8205],[27.6822,1.8083],[27.7165,1.8458],[27.75,1.8564],[27.7634,1.8525],[27.7816,1.8301],[27.783,1.8138],[27.8401,1.7778],[27.8815,1.7671],[27.9009,1.7942],[27.9382,1.7211],[27.9461,1.7262],[27.9413,1.7485],[27.9817,1.7557],[28.1803,1.6901],[28.2196,1.6836]]]}},{"type":"Feature","properties":{"zone":"nizi","label":"Nizi","province":"ituri","zscode":"TCE5waEW7Fi"},"geometry":{"type":"Polygon","coordinates":[[[30.3653,1.7948],[30.4119,1.7465],[30.3933,1.7207],[30.39,1.7029],[30.3809,1.6903],[30.3236,1.6942],[30.3182,1.6777],[30.28,1.6625],[30.2819,1.7045],[30.2694,1.7093],[30.2641,1.7217],[30.2604,1.7681],[30.2503,1.785],[30.2594,1.8056],[30.2555,1.8204],[30.2852,1.834],[30.3162,1.8324],[30.3239,1.8156],[30.3165,1.7865],[30.3249,1.7697],[30.3653,1.7948]]]}},{"type":"Feature","properties":{"zone":"nyankunde","label":"Nyankunde","province":"ituri","zscode":"mGTaa8TFifO"},"geometry":{"type":"Polygon","coordinates":[[[30.1626,1.4791],[30.1538,1.4587],[30.1077,1.4159],[30.0873,1.4068],[30.0914,1.3913],[30.0795,1.386],[30.0646,1.3942],[30.0743,1.3617],[30.0691,1.3573],[30.0783,1.347],[30.0653,1.338],[30.0349,1.3537],[30.0342,1.3294],[29.971,1.3187],[29.9332,1.3409],[29.9096,1.378],[29.8856,1.383],[29.8546,1.4114],[29.8355,1.4165],[29.8347,1.4275],[29.828,1.4284],[29.8321,1.4345],[29.8169,1.4363],[29.8097,1.4508],[29.7992,1.443],[29.785,1.4628],[29.7377,1.4316],[29.724,1.4401],[29.7687,1.5646],[29.782,1.5637],[29.8382,1.6138],[29.8918,1.6259],[29.9009,1.6369],[29.9444,1.6275],[29.9789,1.5855],[29.9961,1.578],[30.0008,1.5512],[30.02,1.5436],[30.028,1.5525],[30.0724,1.5319],[30.0903,1.539],[30.1006,1.5161],[30.1258,1.5169],[30.1346,1.4902],[30.1431,1.4873],[30.1497,1.495],[30.1483,1.4788],[30.1626,1.4791]]]}},{"type":"Feature","properties":{"zone":"","label":"Nyarambe","province":"ituri","zscode":"gyRgzU4sTgY"},"geometry":{"type":"Polygon","coordinates":[[[31.1801,2.0844],[31.1667,2.0899],[31.1605,2.1038],[31.1302,2.1027],[31.1231,2.1095],[31.0974,2.0973],[31.0819,2.0768],[31.0589,2.0742],[31.0533,2.0666],[31.0358,2.0768],[31.027,2.0723],[31.0161,2.0979],[31.0079,2.0875],[30.9916,2.0949],[30.9896,2.1248],[30.978,2.1275],[30.9854,2.1444],[30.9961,2.161],[31.0097,2.1663],[31.0267,2.1615],[31.0371,2.1738],[31.0292,2.2168],[31.0335,2.264],[31.0433,2.2541],[31.0459,2.2672],[31.0588,2.2715],[31.0851,2.2557],[31.1009,2.279],[31.1311,2.2622],[31.1413,2.2811],[31.1665,2.2757],[31.2036,2.2928],[31.2031,2.2209],[31.2493,2.199],[31.2772,2.1781],[31.277,2.1691],[31.2608,2.1459],[31.2406,2.1423],[31.2413,2.1172],[31.2265,2.1084],[31.1963,2.1066],[31.1801,2.0844]]]}},{"type":"Feature","properties":{"zone":"","label":"Rethy","province":"ituri","zscode":"hWMdKGgsAIz"},"geometry":{"type":"Polygon","coordinates":[[[30.6688,2.1371],[30.6684,2.12],[30.6975,2.1188],[30.7241,2.0923],[30.742,2.0955],[30.7566,2.1253],[30.7726,2.1372],[30.7953,2.1343],[30.8554,2.0972],[30.8624,2.1068],[30.9,2.107],[30.9002,2.12],[30.9142,2.1265],[30.9104,2.0865],[30.9165,2.076],[30.9091,2.0539],[30.9244,2.037],[30.9302,2.0413],[30.9303,2.0245],[30.9556,2.0117],[30.9624,1.9982],[30.9513,1.9865],[30.9558,1.9826],[30.9487,1.9847],[30.929,1.9694],[30.9085,1.9285],[30.8842,1.9409],[30.8719,1.9544],[30.8746,1.965],[30.8617,1.9676],[30.8538,1.9569],[30.8361,1.9665],[30.82,1.9611],[30.8095,1.9734],[30.8075,2.0152],[30.822,2.0336],[30.8136,2.0539],[30.8043,2.0342],[30.7846,2.0533],[30.7788,2.0457],[30.7551,2.0467],[30.7543,2.0389],[30.6792,2.0638],[30.6551,2.0371],[30.6008,2.02],[30.5973,2.0128],[30.5618,2.0313],[30.5558,2.044],[30.546,2.0369],[30.5231,2.0861],[30.4874,2.0616],[30.507,2.0472],[30.5047,2.0418],[30.4364,2.0454],[30.4132,2.0637],[30.4228,2.0757],[30.4192,2.0891],[30.4306,2.1151],[30.447,2.1289],[30.454,2.1487],[30.4685,2.1553],[30.4843,2.1459],[30.4983,2.1483],[30.5105,2.1621],[30.5593,2.1784],[30.5703,2.1747],[30.5902,2.1412],[30.6091,2.1548],[30.6179,2.1526],[30.6257,2.1228],[30.6688,2.1371]]]}},{"type":"Feature","properties":{"zone":"rimba","label":"Rimba","province":"ituri","zscode":"a2aJcbwnjoK"},"geometry":{"type":"Polygon","coordinates":[[[30.8844,2.2927],[30.8569,2.2561],[30.8576,2.2404],[30.8473,2.2369],[30.8445,2.2182],[30.8552,2.2203],[30.8588,2.2069],[30.8726,2.2046],[30.8663,2.1809],[30.8711,2.1713],[30.8549,2.1607],[30.8658,2.1487],[30.887,2.1481],[30.8848,2.1379],[30.8601,2.1406],[30.8351,2.1732],[30.8177,2.1672],[30.8097,2.1787],[30.7957,2.1486],[30.7997,2.13],[30.7723,2.1372],[30.7566,2.1253],[30.742,2.0955],[30.724,2.0923],[30.6975,2.1188],[30.6677,2.1235],[30.6688,2.1371],[30.6932,2.1395],[30.7009,2.1328],[30.7237,2.1531],[30.7285,2.1672],[30.7048,2.1875],[30.704,2.1966],[30.6865,2.1748],[30.6709,2.1875],[30.6506,2.1895],[30.6367,2.1804],[30.6108,2.1921],[30.6161,2.2021],[30.6316,2.206],[30.6246,2.2285],[30.6182,2.2265],[30.6103,2.2397],[30.6286,2.2484],[30.6242,2.2837],[30.6603,2.3114],[30.6714,2.296],[30.6871,2.2934],[30.7078,2.3033],[30.7275,2.2974],[30.7333,2.3109],[30.743,2.3123],[30.7476,2.2981],[30.7631,2.2941],[30.7856,2.3239],[30.8063,2.3192],[30.816,2.3284],[30.8398,2.3275],[30.8483,2.3351],[30.8539,2.3205],[30.8649,2.3173],[30.8677,2.2955],[30.8844,2.2927]]]}},{"type":"Feature","properties":{"zone":"rwampara","label":"Rwampara","province":"ituri","zscode":"vPxN2nZnBXK"},"geometry":{"type":"Polygon","coordinates":[[[30.1269,1.7019],[30.1285,1.6531],[30.1532,1.6816],[30.1731,1.6804],[30.1768,1.6722],[30.196,1.6767],[30.2006,1.7016],[30.2147,1.6923],[30.2231,1.7009],[30.2635,1.6749],[30.2569,1.6618],[30.2744,1.6605],[30.2672,1.6498],[30.2604,1.6518],[30.2668,1.6453],[30.2522,1.6298],[30.2414,1.5994],[30.2252,1.5932],[30.2273,1.5981],[30.213,1.6035],[30.2023,1.5763],[30.2143,1.5649],[30.2069,1.5463],[30.2158,1.5403],[30.2441,1.5452],[30.256,1.527],[30.2754,1.5205],[30.2835,1.4954],[30.2715,1.4698],[30.2897,1.445],[30.2825,1.4278],[30.3057,1.4112],[30.3286,1.41],[30.3382,1.3902],[30.2951,1.4],[30.2804,1.3952],[30.1659,1.4543],[30.154,1.4614],[30.1625,1.4792],[30.1483,1.4788],[30.1497,1.495],[30.1431,1.4873],[30.1346,1.4902],[30.1258,1.5169],[30.1006,1.5161],[30.0903,1.539],[30.0724,1.5319],[30.028,1.5525],[30.02,1.5436],[30.0088,1.547],[29.9963,1.5578],[29.9961,1.578],[29.9789,1.5855],[29.9444,1.6275],[29.9009,1.6369],[29.9416,1.654],[29.9846,1.7092],[30.0301,1.7214],[30.0362,1.7202],[30.0131,1.6993],[30.0145,1.6687],[30.0037,1.6537],[30.0056,1.6385],[30.0248,1.6428],[30.0411,1.6606],[30.0593,1.6605],[30.0809,1.6398],[30.1269,1.7019]]]}},{"type":"Feature","properties":{"zone":"tchomia","label":"Tchomia","province":"ituri","zscode":"rhj4btTd3i0"},"geometry":{"type":"MultiPolygon","coordinates":[[[[30.5985,1.6028],[30.6097,1.6046],[30.5552,1.5689],[30.5332,1.5359],[30.5029,1.5131],[30.4782,1.4185],[30.4611,1.3986],[30.4464,1.3991],[30.4326,1.36],[30.3926,1.3333],[30.3793,1.3139],[30.3613,1.3314],[30.3484,1.3771],[30.3286,1.41],[30.3408,1.4139],[30.3412,1.4404],[30.3612,1.4556],[30.3746,1.4859],[30.416,1.5059],[30.4445,1.5587],[30.4838,1.5828],[30.4886,1.5938],[30.5428,1.5911],[30.5879,1.6197],[30.5985,1.6028]]],[[[30.6571,1.6649],[30.6464,1.6494],[30.6408,1.6461],[30.6228,1.6118],[30.6121,1.6067],[30.5995,1.63],[30.6123,1.6509],[30.6251,1.6636],[30.6376,1.6582],[30.6467,1.6589],[30.6571,1.6649]]]]}},{"type":"Feature","properties":{"zone":"","label":"Alimbongo","province":"nord_kivu","zscode":"GLky3WLKZTi"},"geometry":{"type":"Polygon","coordinates":[[[29.3866,-0.4238],[29.3636,-0.4783],[29.341,-0.4733],[29.3188,-0.4833],[29.3182,-0.4995],[29.3406,-0.518],[29.3271,-0.5265],[29.3102,-0.5211],[29.2802,-0.5302],[29.2679,-0.5066],[29.254,-0.5114],[29.2518,-0.5029],[29.2388,-0.5003],[29.2299,-0.5058],[29.2278,-0.491],[29.2137,-0.4898],[29.2049,-0.5063],[29.1909,-0.5081],[29.1958,-0.5486],[29.1798,-0.5468],[29.1626,-0.5383],[29.1626,-0.5071],[29.1535,-0.4933],[29.1221,-0.4921],[29.1096,-0.4664],[29.102,-0.4646],[29.1015,-0.4767],[29.0837,-0.4923],[29.0858,-0.5004],[29.0639,-0.5392],[29.0445,-0.5132],[28.9929,-0.5072],[28.9481,-0.4832],[28.9006,-0.5093],[28.8854,-0.4878],[28.8636,-0.5006],[28.8772,-0.5382],[28.8697,-0.5597],[28.8574,-0.5686],[28.7889,-0.569],[28.7664,-0.5761],[28.714,-0.5332],[28.7075,-0.553],[28.672,-0.5641],[28.6343,-0.6224],[28.6167,-0.6205],[28.5937,-0.6331],[28.5921,-0.6117],[28.6148,-0.5053],[28.5865,-0.5045],[28.58,-0.4935],[28.5547,-0.4816],[28.5575,-0.4753],[28.5479,-0.4729],[28.5387,-0.4561],[28.4968,-0.4528],[28.4962,-0.4415],[28.4865,-0.449],[28.461,-0.4499],[28.4528,-0.4237],[28.431,-0.4182],[28.4283,-0.4045],[28.4184,-0.4042],[28.4189,-0.394],[28.403,-0.3995],[28.4015,-0.3913],[28.3926,-0.3931],[28.3733,-0.4103],[28.3505,-0.3975],[28.3544,-0.3913],[28.3388,-0.3835],[28.3357,-0.3645],[28.3278,-0.3672],[28.3177,-0.356],[28.3135,-0.3329],[28.3003,-0.3296],[28.2902,-0.3132],[28.265,-0.3189],[28.2401,-0.2922],[28.2304,-0.2951],[28.2207,-0.2694],[28.2012,-0.2685],[28.2036,-0.2494],[28.1948,-0.2507],[28.1835,-0.2369],[28.1672,-0.2447],[28.1622,-0.2347],[28.1679,-0.2026],[28.1602,-0.1858],[28.135,-0.2007],[28.1298,-0.178],[28.1352,-0.1727],[28.1273,-0.1668],[28.1575,-0.1665],[28.1702,-0.1605],[28.1714,-0.1502],[28.1993,-0.1409],[28.2566,-0.1513],[28.263,-0.1411],[28.2752,-0.1428],[28.2743,-0.1368],[28.2867,-0.1342],[28.2934,-0.1219],[28.3176,-0.1147],[28.3149,-0.1026],[28.3244,-0.1047],[28.3409,-0.0907],[28.365,-0.1095],[28.3806,-0.0921],[28.3994,-0.089],[28.4183,-0.0984],[28.4189,-0.0915],[28.4341,-0.0928],[28.4537,-0.0798],[28.4584,-0.0886],[28.4686,-0.0882],[28.469,-0.1013],[28.4797,-0.1107],[28.4606,-0.1287],[28.4641,-0.1396],[28.4848,-0.1593],[28.4824,-0.1781],[28.4916,-0.1787],[28.4998,-0.192],[28.516,-0.1752],[28.5345,-0.1761],[28.54,-0.1851],[28.5466,-0.1742],[28.5634,-0.1739],[28.5726,-0.1585],[28.6322,-0.1597],[28.6331,-0.1459],[28.6453,-0.1514],[28.6464,-0.1648],[28.6736,-0.1922],[28.6776,-0.1861],[28.6851,-0.1948],[28.7258,-0.2048],[28.7461,-0.2258],[28.7631,-0.228],[28.7685,-0.2092],[28.7794,-0.2204],[28.7872,-0.2135],[28.8074,-0.2197],[28.8076,-0.2274],[28.8222,-0.2241],[28.8304,-0.2364],[28.8273,-0.2764],[28.8452,-0.3297],[28.8345,-0.3491],[28.838,-0.3685],[28.8418,-0.354],[28.8527,-0.3545],[28.858,-0.3416],[28.9014,-0.3518],[28.9325,-0.3683],[28.9612,-0.3696],[28.9635,-0.3474],[28.9996,-0.3069],[29.0137,-0.3038],[29.0508,-0.3157],[29.0493,-0.2876],[29.071,-0.2787],[29.0864,-0.2827],[29.1003,-0.2719],[29.0943,-0.2468],[29.1223,-0.2502],[29.1297,-0.2383],[29.1507,-0.2393],[29.1761,-0.2183],[29.1873,-0.2392],[29.2024,-0.2469],[29.2106,-0.2424],[29.2297,-0.2613],[29.2386,-0.2574],[29.2507,-0.2676],[29.2348,-0.2724],[29.2314,-0.2859],[29.2536,-0.2861],[29.2472,-0.3017],[29.2594,-0.3107],[29.2638,-0.3313],[29.2542,-0.3549],[29.2711,-0.361],[29.2848,-0.3439],[29.3052,-0.3607],[29.301,-0.3504],[29.3188,-0.3454],[29.326,-0.35],[29.319,-0.3698],[29.3279,-0.3779],[29.3236,-0.3935],[29.3358,-0.3949],[29.3384,-0.4076],[29.3528,-0.4094],[29.3732,-0.4272],[29.3866,-0.4238]]]}},{"type":"Feature","properties":{"zone":"","label":"Bambo","province":"nord_kivu","zscode":"reOlSi4YUvZ"},"geometry":{"type":"Polygon","coordinates":[[[29.3722,-0.8689],[29.3738,-0.8768],[29.3565,-0.8905],[29.3428,-0.9313],[29.3579,-0.9913],[29.3323,-1.0343],[29.3446,-1.0544],[29.3417,-1.0827],[29.3529,-1.114],[29.3455,-1.132],[29.3434,-1.1908],[29.3261,-1.2234],[29.3354,-1.2332],[29.3229,-1.2321],[29.3136,-1.2526],[29.2913,-1.3385],[29.2373,-1.3555],[29.2574,-1.2531],[29.2449,-1.2469],[29.2321,-1.254],[29.2235,-1.2501],[29.2226,-1.2391],[29.2361,-1.2372],[29.2304,-1.2206],[29.2195,-1.2323],[29.2134,-1.2209],[29.204,-1.2286],[29.1918,-1.221],[29.1829,-1.2075],[29.1642,-1.211],[29.1648,-1.1858],[29.1728,-1.1858],[29.1754,-1.1744],[29.1599,-1.1497],[29.1786,-1.1225],[29.1752,-1.1157],[29.1986,-1.0672],[29.1977,-1.0528],[29.1885,-1.047],[29.1948,-1.0381],[29.19,-1.0057],[29.2047,-0.986],[29.2065,-0.9606],[29.225,-0.9306],[29.2272,-0.909],[29.2369,-0.9014],[29.2188,-0.8887],[29.2463,-0.872],[29.2867,-0.792],[29.2982,-0.7941],[29.3006,-0.7691],[29.307,-0.766],[29.3124,-0.801],[29.3628,-0.82],[29.3722,-0.8689]]]}},{"type":"Feature","properties":{"zone":"beni","label":"Beni","province":"nord_kivu","zscode":"msg2MyMGhKv"},"geometry":{"type":"Polygon","coordinates":[[[29.7291,0.7183],[29.7337,0.6969],[29.7241,0.6929],[29.7288,0.6885],[29.7178,0.6751],[29.7117,0.644],[29.7023,0.6458],[29.7047,0.6318],[29.6947,0.6216],[29.7007,0.6157],[29.6977,0.5956],[29.6795,0.5916],[29.6839,0.5811],[29.6728,0.565],[29.6776,0.5572],[29.6707,0.5588],[29.6642,0.5402],[29.6554,0.5446],[29.6465,0.5321],[29.6464,0.5121],[29.6592,0.5095],[29.6515,0.4908],[29.6195,0.4855],[29.5897,0.4676],[29.58,0.4258],[29.5688,0.4161],[29.5589,0.4247],[29.5564,0.4093],[29.548,0.4017],[29.5419,0.4061],[29.5013,0.354],[29.4538,0.3601],[29.4497,0.3745],[29.4324,0.3826],[29.4275,0.4017],[29.4062,0.407],[29.4157,0.4378],[29.4122,0.4461],[29.3943,0.4447],[29.3799,0.4756],[29.3469,0.4774],[29.3396,0.4894],[29.3266,0.4858],[29.341,0.5005],[29.3787,0.5124],[29.3888,0.5312],[29.3816,0.5453],[29.3906,0.5473],[29.3446,0.6005],[29.3341,0.6298],[29.3676,0.6135],[29.4001,0.6252],[29.4064,0.6257],[29.4053,0.6187],[29.4206,0.6213],[29.4326,0.5827],[29.4446,0.5775],[29.4618,0.5464],[29.4727,0.5439],[29.4856,0.5509],[29.5064,0.5847],[29.5331,0.5775],[29.5718,0.5975],[29.5916,0.631],[29.6374,0.6456],[29.6804,0.6927],[29.7291,0.7183]]]}},{"type":"Feature","properties":{"zone":"biena","label":"Biena","province":"nord_kivu","zscode":"TtaXlLIpy8b"},"geometry":{"type":"Polygon","coordinates":[[[29.1707,0.3252],[29.1782,0.3122],[29.1663,0.2879],[29.1428,0.2759],[29.1474,0.261],[29.1681,0.2515],[29.1769,0.2286],[29.1567,0.2238],[29.1488,0.2119],[29.164,0.1788],[29.184,0.1793],[29.2301,0.1524],[29.2139,0.1518],[29.2052,0.1413],[29.2256,0.124],[29.2041,0.1081],[29.1863,0.1129],[29.1865,0.1259],[29.1784,0.127],[29.1699,0.116],[29.141,0.1099],[29.1334,0.1198],[29.1225,0.1188],[29.1195,0.134],[29.0885,0.1406],[29.0628,0.1321],[29.0468,0.1483],[29.0474,0.1395],[29.0416,0.1399],[29.0284,0.1547],[28.995,0.1122],[28.9457,0.1222],[28.9577,0.1007],[28.8809,0.0982],[28.8597,0.1123],[28.8248,0.1],[28.8162,0.1058],[28.814,0.1262],[28.8358,0.1299],[28.8432,0.1432],[28.8272,0.1564],[28.7971,0.1644],[28.7599,0.1533],[28.7707,0.1881],[28.791,0.2003],[28.7741,0.2308],[28.7892,0.2359],[28.8056,0.2637],[28.8394,0.2928],[28.8542,0.3153],[28.8483,0.3416],[28.8666,0.3456],[28.8797,0.3704],[28.9041,0.3458],[28.9386,0.3465],[28.9496,0.3341],[28.9675,0.3306],[28.9645,0.3221],[28.9731,0.3101],[29.001,0.313],[28.997,0.3281],[29.0041,0.3348],[28.9987,0.3433],[29.0049,0.3614],[28.9919,0.3913],[29.0033,0.394],[29.007,0.4132],[28.9995,0.4245],[29.0274,0.4681],[29.0463,0.4781],[29.0546,0.4715],[29.0743,0.475],[29.0807,0.4616],[29.0734,0.4539],[29.077,0.4424],[29.086,0.4468],[29.1017,0.4386],[29.0887,0.4228],[29.0957,0.3785],[29.1365,0.3716],[29.1466,0.3483],[29.1588,0.3506],[29.1613,0.3432],[29.1706,0.3488],[29.1647,0.3359],[29.1707,0.3252]]]}},{"type":"Feature","properties":{"zone":"","label":"Binza","province":"nord_kivu","zscode":"qa1TBnjJilP"},"geometry":{"type":"Polygon","coordinates":[[[29.5874,-1.0769],[29.5547,-1.0498],[29.4989,-1.0548],[29.4385,-1.0421],[29.4254,-1.0262],[29.411,-1.0292],[29.4072,-1.018],[29.3896,-1.0236],[29.3723,-1.0186],[29.3574,-0.9999],[29.3591,-0.9821],[29.3464,-0.9603],[29.3428,-0.9313],[29.357,-0.8894],[29.374,-0.8766],[29.3687,-0.8726],[29.3868,-0.8344],[29.4173,-0.8145],[29.4154,-0.7954],[29.4247,-0.7909],[29.416,-0.7837],[29.4263,-0.7694],[29.4199,-0.7649],[29.4287,-0.7629],[29.417,-0.7454],[29.4244,-0.7453],[29.4278,-0.726],[29.4484,-0.7153],[29.4469,-0.6948],[29.4595,-0.6903],[29.4904,-0.7255],[29.5064,-0.6907],[29.4975,-0.6768],[29.5004,-0.6573],[29.4864,-0.6492],[29.5201,-0.6299],[29.5169,-0.6203],[29.562,-0.6222],[29.614,-0.5503],[29.6175,-0.5184],[29.6358,-0.4976],[29.6383,-0.4789],[29.6857,-0.4495],[29.6778,-0.4904],[29.6827,-0.4968],[29.6727,-0.5067],[29.6743,-0.538],[29.6577,-0.5402],[29.654,-0.5538],[29.6588,-0.5726],[29.6677,-0.5757],[29.6502,-0.5979],[29.6631,-0.6256],[29.6261,-0.7077],[29.6325,-0.7718],[29.6273,-0.7948],[29.641,-0.83],[29.6269,-0.8624],[29.6383,-0.9003],[29.5878,-0.9002],[29.5819,-0.9067],[29.5939,-0.9327],[29.5874,-0.943],[29.5937,-0.9731],[29.6022,-0.9809],[29.599,-0.9876],[29.5868,-0.9831],[29.5874,-1.0769]]]}},{"type":"Feature","properties":{"zone":"","label":"Birambizo","province":"nord_kivu","zscode":"CFKkX16A1rM"},"geometry":{"type":"Polygon","coordinates":[[[29.1753,-1.1159],[29.1786,-1.1225],[29.1599,-1.146],[29.1754,-1.1744],[29.1728,-1.1858],[29.1648,-1.1858],[29.1642,-1.211],[29.1829,-1.2075],[29.1918,-1.221],[29.204,-1.2286],[29.2134,-1.2209],[29.2195,-1.2323],[29.2304,-1.2206],[29.2361,-1.2372],[29.2226,-1.2391],[29.2235,-1.2501],[29.2321,-1.254],[29.2449,-1.2469],[29.2574,-1.2531],[29.2465,-1.3302],[29.2212,-1.3956],[29.2253,-1.4086],[29.2105,-1.4351],[29.1922,-1.4214],[29.1719,-1.3964],[29.1657,-1.3733],[29.1346,-1.3431],[29.0778,-1.3278],[29.0983,-1.3153],[29.0912,-1.3047],[29.0708,-1.3011],[29.0613,-1.2552],[29.0667,-1.2389],[29.0788,-1.2412],[29.0898,-1.2221],[29.0722,-1.2207],[29.0641,-1.2112],[29.0508,-1.216],[29.0225,-1.1849],[29.0297,-1.1751],[29.0402,-1.1751],[29.0366,-1.1598],[29.0476,-1.1492],[29.041,-1.1237],[29.0483,-1.1102],[29.0375,-1.109],[29.0409,-1.0984],[29.0292,-1.1038],[29.0496,-1.0734],[29.1114,-1.0749],[29.1171,-1.0895],[29.1119,-1.11],[29.1296,-1.1264],[29.1471,-1.1159],[29.1753,-1.1159]]]}},{"type":"Feature","properties":{"zone":"butembo","label":"Butembo","province":"nord_kivu","zscode":"foR0DRLqtdJ"},"geometry":{"type":"Polygon","coordinates":[[[29.3099,0.1816],[29.2935,0.1639],[29.2969,0.1144],[29.2923,0.0937],[29.2827,0.0932],[29.2732,0.1145],[29.2603,0.0951],[29.2467,0.0912],[29.2406,0.0995],[29.2316,0.0977],[29.2251,0.1269],[29.2115,0.1303],[29.2052,0.1411],[29.2139,0.1518],[29.2301,0.1522],[29.2368,0.1805],[29.2325,0.1904],[29.243,0.1948],[29.2573,0.1835],[29.2652,0.1937],[29.2806,0.1801],[29.2917,0.1825],[29.2968,0.195],[29.3112,0.1955],[29.3099,0.1816]]]}},{"type":"Feature","properties":{"zone":"goma","label":"Goma","province":"nord_kivu","zscode":"t8tjGKVhkl3"},"geometry":{"type":"Polygon","coordinates":[[[29.2445,-1.6816],[29.2444,-1.6984],[29.2397,-1.7006],[29.2309,-1.6964],[29.2262,-1.6863],[29.2214,-1.6866],[29.2216,-1.6815],[29.2138,-1.6818],[29.1945,-1.6708],[29.1688,-1.6633],[29.1649,-1.6442],[29.1582,-1.6341],[29.1402,-1.643],[29.135,-1.6408],[29.1315,-1.6284],[29.1099,-1.6273],[29.1071,-1.5971],[29.1372,-1.6086],[29.1628,-1.6259],[29.2222,-1.6778],[29.2445,-1.6816]]]}},{"type":"Feature","properties":{"zone":"","label":"Itebero","province":"nord_kivu","zscode":"bzo7dCPSXS2"},"geometry":{"type":"Polygon","coordinates":[[[28.2682,-1.4758],[28.3062,-1.5027],[28.368,-1.5156],[28.3773,-1.5266],[28.4082,-1.519],[28.4535,-1.5251],[28.4753,-1.5429],[28.4746,-1.5586],[28.529,-1.5518],[28.5201,-1.568],[28.525,-1.5939],[28.5038,-1.6048],[28.5289,-1.6348],[28.5269,-1.6507],[28.5414,-1.6568],[28.559,-1.6842],[28.5939,-1.6961],[28.5943,-1.7024],[28.6036,-1.6999],[28.6118,-1.7098],[28.6039,-1.711],[28.6059,-1.7213],[28.6482,-1.7288],[28.6567,-1.7419],[28.6529,-1.7571],[28.6655,-1.7773],[28.6623,-1.7861],[28.6749,-1.7887],[28.6791,-1.8386],[28.6622,-1.8647],[28.6087,-1.8681],[28.58,-1.8782],[28.5703,-1.8915],[28.5333,-1.8803],[28.4875,-1.8931],[28.4542,-1.8646],[28.4401,-1.865],[28.4456,-1.8542],[28.44,-1.8349],[28.4233,-1.8345],[28.418,-1.8459],[28.4241,-1.9],[28.3624,-1.9277],[28.3502,-1.9476],[28.377,-1.9609],[28.3823,-1.9779],[28.3743,-1.9932],[28.3503,-1.994],[28.3271,-1.9762],[28.3042,-1.9905],[28.28,-1.9932],[28.24,-1.9906],[28.1717,-2.0019],[28.1551,-1.9933],[28.1531,-2.0101],[28.1691,-2.0124],[28.1573,-2.0466],[28.1414,-2.0384],[28.1268,-2.0433],[28.1232,-2.0579],[28.109,-2.062],[28.1161,-2.0692],[28.0842,-2.095],[28.0725,-2.1212],[28.0583,-2.1314],[28.005,-2.142],[27.9458,-2.1282],[27.9276,-2.1379],[27.9189,-2.132],[27.9003,-2.0845],[27.888,-2.0823],[27.8887,-2.049],[27.8815,-2.0343],[27.8634,-2.0157],[27.8304,-2.0054],[27.8238,-1.9871],[27.7979,-1.9646],[27.7963,-1.9138],[27.8062,-1.8779],[27.8004,-1.8613],[27.7896,-1.8571],[27.7696,-1.8171],[27.7452,-1.8023],[27.7467,-1.7894],[27.7391,-1.7901],[27.7272,-1.7729],[27.6846,-1.7717],[27.6733,-1.743],[27.6774,-1.7252],[27.6615,-1.6962],[27.6453,-1.6857],[27.6235,-1.6841],[27.5786,-1.6437],[27.5485,-1.6373],[27.5348,-1.611],[27.5424,-1.5969],[27.5333,-1.5729],[27.499,-1.5362],[27.4906,-1.5227],[27.4941,-1.5145],[27.4798,-1.5052],[27.4774,-1.4743],[27.4661,-1.4575],[27.5468,-1.4496],[27.6098,-1.4251],[27.648,-1.4263],[27.7155,-1.4559],[27.7321,-1.4552],[27.784,-1.5171],[27.8217,-1.5049],[27.8307,-1.4698],[27.8459,-1.4616],[27.843,-1.453],[27.8576,-1.4404],[27.8733,-1.436],[27.8791,-1.4178],[27.8938,-1.4242],[27.9044,-1.4157],[27.92,-1.4395],[27.9352,-1.4321],[27.9396,-1.4206],[27.9635,-1.4375],[27.9981,-1.484],[27.9913,-1.501],[28.0001,-1.5172],[28.0117,-1.5166],[28.0255,-1.5284],[28.0549,-1.5218],[28.0793,-1.5389],[28.1024,-1.5035],[28.111,-1.5218],[28.1353,-1.5259],[28.175,-1.5587],[28.195,-1.563],[28.2056,-1.5584],[28.2116,-1.5398],[28.2309,-1.536],[28.2682,-1.4758]]]}},{"type":"Feature","properties":{"zone":"kalunguta","label":"Kalunguta","province":"nord_kivu","zscode":"XoJ3dLz68aj"},"geometry":{"type":"Polygon","coordinates":[[[29.5012,0.354],[29.5141,0.3397],[29.5158,0.3158],[29.5442,0.3203],[29.5649,0.3],[29.5608,0.2609],[29.5354,0.2583],[29.5167,0.2416],[29.493,0.2369],[29.4454,0.2552],[29.3984,0.2586],[29.3982,0.2372],[29.378,0.2265],[29.3661,0.2331],[29.3625,0.2509],[29.3417,0.2568],[29.3374,0.2367],[29.3191,0.2316],[29.3194,0.2116],[29.2916,0.1824],[29.2806,0.1801],[29.2652,0.1937],[29.2573,0.1835],[29.243,0.1948],[29.2325,0.1904],[29.2368,0.1805],[29.2293,0.1518],[29.2025,0.1718],[29.164,0.1788],[29.1523,0.1977],[29.1488,0.2119],[29.1564,0.2235],[29.1769,0.2286],[29.1681,0.2515],[29.1474,0.261],[29.143,0.2779],[29.1663,0.2879],[29.1782,0.3122],[29.1707,0.3266],[29.1956,0.3374],[29.2048,0.351],[29.2275,0.3526],[29.2311,0.345],[29.2466,0.3602],[29.2484,0.4122],[29.2278,0.4234],[29.2238,0.448],[29.2809,0.4629],[29.3102,0.4886],[29.3239,0.4783],[29.3334,0.4902],[29.3469,0.4774],[29.3799,0.4756],[29.3943,0.4447],[29.4122,0.4461],[29.4157,0.4378],[29.4062,0.407],[29.4275,0.4017],[29.4324,0.3826],[29.4497,0.3745],[29.4538,0.3601],[29.5012,0.354]]]}},{"type":"Feature","properties":{"zone":"","label":"Kamango","province":"nord_kivu","zscode":"vFJcnSDGQS0"},"geometry":{"type":"Polygon","coordinates":[[[29.9872,0.8381],[29.9634,0.7779],[29.9775,0.7445],[29.9547,0.6381],[29.9728,0.598],[29.9697,0.5656],[29.9819,0.5576],[29.9757,0.5435],[29.9802,0.5166],[29.9207,0.4487],[29.9003,0.4588],[29.8919,0.4546],[29.8833,0.4686],[29.8787,0.4525],[29.863,0.452],[29.8451,0.4752],[29.8245,0.4812],[29.825,0.4884],[29.8148,0.4888],[29.7737,0.5252],[29.7466,0.5237],[29.736,0.549],[29.7223,0.5455],[29.7195,0.5535],[29.6871,0.5565],[29.6741,0.5677],[29.6839,0.5811],[29.6795,0.5916],[29.6977,0.5956],[29.7007,0.6157],[29.6947,0.6216],[29.7047,0.6318],[29.7024,0.646],[29.7117,0.644],[29.7178,0.6751],[29.7288,0.6885],[29.7241,0.6929],[29.7336,0.6965],[29.7289,0.7191],[29.736,0.7322],[29.748,0.7385],[29.7599,0.7337],[29.7693,0.7429],[29.7735,0.7357],[29.7883,0.7352],[29.8108,0.7465],[29.8014,0.7652],[29.8081,0.7775],[29.8228,0.7766],[29.8277,0.79],[29.8467,0.8025],[29.8681,0.8004],[29.9005,0.811],[29.93,0.7999],[29.9392,0.8162],[29.9554,0.8116],[29.9559,0.8253],[29.9705,0.8372],[29.9734,0.832],[29.9872,0.8381]]]}},{"type":"Feature","properties":{"zone":"","label":"Karisimbi","province":"nord_kivu","zscode":"RSaqeeEezZl"},"geometry":{"type":"Polygon","coordinates":[[[29.2577,-1.6565],[29.2434,-1.6683],[29.2446,-1.6816],[29.2224,-1.678],[29.1628,-1.6259],[29.1372,-1.6086],[29.0996,-1.5933],[29.1024,-1.5844],[29.1191,-1.5668],[29.1385,-1.5595],[29.1733,-1.6232],[29.1883,-1.6333],[29.2007,-1.6497],[29.21,-1.6519],[29.2281,-1.642],[29.2391,-1.6498],[29.251,-1.6474],[29.2522,-1.6548],[29.2577,-1.6565]]]}},{"type":"Feature","properties":{"zone":"","label":"Katoyi","province":"nord_kivu","zscode":"Hxf5Q4aK6Ad"},"geometry":{"type":"Polygon","coordinates":[[[28.8959,-1.4608],[28.9086,-1.4947],[28.8965,-1.5195],[28.9117,-1.5317],[28.8703,-1.5432],[28.8641,-1.5505],[28.8758,-1.5841],[28.8727,-1.5949],[28.8599,-1.6087],[28.8307,-1.6187],[28.8333,-1.6358],[28.8515,-1.6453],[28.8407,-1.6568],[28.8516,-1.6584],[28.8536,-1.6796],[28.8044,-1.7604],[28.797,-1.7544],[28.7724,-1.7641],[28.7437,-1.7563],[28.7409,-1.7649],[28.7249,-1.7668],[28.6592,-1.7506],[28.6482,-1.7288],[28.6059,-1.7213],[28.6039,-1.711],[28.6118,-1.7098],[28.6036,-1.6999],[28.5943,-1.7024],[28.5939,-1.6961],[28.5703,-1.6914],[28.551,-1.6772],[28.5414,-1.6568],[28.5269,-1.6507],[28.523,-1.6234],[28.5038,-1.6048],[28.5247,-1.5943],[28.5211,-1.58],[28.5319,-1.5737],[28.5703,-1.5738],[28.5663,-1.5441],[28.5734,-1.5166],[28.5638,-1.5014],[28.5663,-1.4804],[28.5866,-1.4619],[28.6189,-1.4704],[28.634,-1.4836],[28.6578,-1.4747],[28.6577,-1.4896],[28.6776,-1.5046],[28.6785,-1.5349],[28.7172,-1.5438],[28.7414,-1.5194],[28.7509,-1.5255],[28.7629,-1.4985],[28.7724,-1.5158],[28.786,-1.5174],[28.7912,-1.4966],[28.7922,-1.5089],[28.8422,-1.5087],[28.8509,-1.4875],[28.8441,-1.4781],[28.8586,-1.47],[28.8595,-1.4571],[28.8757,-1.4631],[28.8901,-1.4544],[28.8959,-1.4608]]]}},{"type":"Feature","properties":{"zone":"katwa","label":"Katwa","province":"nord_kivu","zscode":"woJBeEpIZdy"},"geometry":{"type":"Polygon","coordinates":[[[29.3495,0.0657],[29.3459,0.059],[29.3247,0.0538],[29.3184,0.0608],[29.3043,0.0588],[29.2849,0.0766],[29.2833,0.0959],[29.2922,0.0936],[29.2964,0.1071],[29.2935,0.1639],[29.3143,0.1839],[29.3324,0.1835],[29.3493,0.121],[29.3613,0.1066],[29.3422,0.096],[29.3495,0.0657]]]}},{"type":"Feature","properties":{"zone":"kayna","label":"Kayna","province":"nord_kivu","zscode":"ZLgC2OOesbS"},"geometry":{"type":"Polygon","coordinates":[[[29.3406,-0.518],[29.3433,-0.5563],[29.3172,-0.5602],[29.2904,-0.6195],[29.296,-0.6431],[29.3024,-0.6428],[29.2911,-0.6596],[29.3135,-0.6602],[29.308,-0.6904],[29.2916,-0.6985],[29.2773,-0.7356],[29.2617,-0.7454],[29.2262,-0.7333],[29.2215,-0.7198],[29.1912,-0.713],[29.1931,-0.7045],[29.1854,-0.7007],[29.1509,-0.7143],[29.1299,-0.7065],[29.1081,-0.7613],[29.0857,-0.7765],[29.0645,-0.8264],[29.0511,-0.8053],[29.0458,-0.7715],[29.0368,-0.7637],[29.0174,-0.7721],[29.0082,-0.7671],[29.0066,-0.7526],[28.9813,-0.7334],[28.9912,-0.7158],[28.983,-0.6965],[28.9908,-0.6834],[29.0004,-0.6876],[29.0006,-0.6824],[28.9896,-0.6718],[28.9877,-0.6545],[28.9676,-0.6339],[28.9674,-0.6082],[28.9365,-0.5725],[28.8697,-0.5597],[28.8772,-0.5362],[28.8633,-0.5078],[28.8742,-0.4899],[28.8854,-0.4878],[28.9006,-0.5093],[28.9481,-0.4832],[28.9929,-0.5072],[29.0445,-0.5132],[29.0641,-0.5392],[29.0858,-0.5004],[29.0837,-0.4923],[29.1015,-0.4767],[29.102,-0.4646],[29.1096,-0.4664],[29.1221,-0.4921],[29.1535,-0.4933],[29.1626,-0.5071],[29.1626,-0.5383],[29.1798,-0.5468],[29.1958,-0.5486],[29.1909,-0.5081],[29.2049,-0.5063],[29.2137,-0.4898],[29.2278,-0.491],[29.2299,-0.5058],[29.2388,-0.5003],[29.2518,-0.5029],[29.254,-0.5114],[29.2679,-0.5066],[29.2802,-0.5302],[29.3102,-0.5211],[29.327,-0.5266],[29.3406,-0.518]]]}},{"type":"Feature","properties":{"zone":"","label":"Kibirizi","province":"nord_kivu","zscode":"OKMskHnAdPh"},"geometry":{"type":"Polygon","coordinates":[[[29.4839,-0.6486],[29.5004,-0.6573],[29.4975,-0.6768],[29.5064,-0.6907],[29.4963,-0.7174],[29.4862,-0.726],[29.4595,-0.6903],[29.4469,-0.6948],[29.4484,-0.7153],[29.4278,-0.726],[29.4244,-0.7453],[29.417,-0.7454],[29.4287,-0.7629],[29.4199,-0.7649],[29.4263,-0.7694],[29.416,-0.7837],[29.4247,-0.7909],[29.4154,-0.7954],[29.4173,-0.8145],[29.4064,-0.8252],[29.3921,-0.8263],[29.3741,-0.8684],[29.3681,-0.8672],[29.3628,-0.82],[29.3124,-0.801],[29.307,-0.766],[29.3006,-0.7691],[29.2982,-0.7941],[29.2867,-0.792],[29.2463,-0.872],[29.2188,-0.8887],[29.2369,-0.9014],[29.2272,-0.909],[29.225,-0.9306],[29.2065,-0.9606],[29.2047,-0.986],[29.19,-1.0057],[29.1948,-1.0381],[29.1885,-1.047],[29.1965,-1.0505],[29.1988,-1.0661],[29.1824,-1.1124],[29.1686,-1.1204],[29.1471,-1.1159],[29.1296,-1.1264],[29.1119,-1.11],[29.1171,-1.0895],[29.1114,-1.0749],[29.0823,-1.0695],[29.0696,-1.0762],[29.0496,-1.0734],[29.0219,-1.0944],[29.0219,-1.0816],[29.0146,-1.0866],[29.0153,-1.0782],[29.0116,-1.0828],[29.0067,-1.0762],[29.0133,-1.0751],[29.0067,-1.0704],[29.0114,-1.0603],[28.9965,-1.0534],[29.0022,-1.046],[28.9907,-1.0471],[28.9851,-1.057],[28.9703,-1.0477],[28.9799,-1.0156],[28.972,-0.9988],[28.9838,-0.9774],[28.975,-0.9671],[29.0041,-0.9521],[28.9991,-0.9367],[29.0078,-0.9328],[28.9778,-0.9032],[28.9825,-0.8797],[29.0021,-0.8607],[29.0216,-0.8674],[29.0466,-0.8603],[29.0857,-0.7765],[29.1081,-0.7613],[29.1299,-0.7065],[29.1509,-0.7143],[29.1746,-0.7013],[29.1899,-0.7018],[29.1912,-0.713],[29.2194,-0.7187],[29.2262,-0.7333],[29.2644,-0.7452],[29.2913,-0.712],[29.2916,-0.6985],[29.308,-0.6904],[29.3134,-0.6592],[29.2911,-0.6596],[29.3024,-0.6428],[29.296,-0.6431],[29.2911,-0.6178],[29.3035,-0.5929],[29.3155,-0.5968],[29.3374,-0.5813],[29.373,-0.6156],[29.3763,-0.6649],[29.392,-0.6902],[29.3956,-0.6729],[29.42,-0.6546],[29.4092,-0.6357],[29.4311,-0.6303],[29.4248,-0.6187],[29.4397,-0.614],[29.4411,-0.6017],[29.4587,-0.6038],[29.4803,-0.6257],[29.4839,-0.6486]]]}},{"type":"Feature","properties":{"zone":"","label":"Kibua","province":"nord_kivu","zscode":"is2bUIOxBUG"},"geometry":{"type":"Polygon","coordinates":[[[28.6324,-1.2261],[28.6493,-1.2575],[28.6475,-1.2716],[28.6344,-1.2809],[28.6772,-1.269],[28.6924,-1.3019],[28.684,-1.3051],[28.6774,-1.323],[28.6597,-1.3192],[28.6455,-1.3277],[28.6647,-1.3532],[28.6457,-1.363],[28.6337,-1.3604],[28.607,-1.4004],[28.5816,-1.4111],[28.5751,-1.426],[28.5768,-1.4636],[28.5334,-1.4597],[28.5077,-1.4744],[28.5251,-1.4959],[28.5206,-1.5074],[28.53,-1.5152],[28.5336,-1.5369],[28.529,-1.5518],[28.4804,-1.56],[28.4732,-1.5556],[28.474,-1.541],[28.4466,-1.5226],[28.4284,-1.5266],[28.4082,-1.519],[28.3773,-1.5266],[28.368,-1.5156],[28.3062,-1.5027],[28.2561,-1.4655],[28.2578,-1.4517],[28.245,-1.4408],[28.2451,-1.422],[28.2631,-1.413],[28.2598,-1.3789],[28.272,-1.3475],[28.27,-1.3036],[28.2807,-1.2744],[28.2543,-1.2458],[28.2642,-1.2401],[28.2662,-1.2122],[28.274,-1.21],[28.2779,-1.1936],[28.2696,-1.1873],[28.2702,-1.1676],[28.2423,-1.1719],[28.1932,-1.1382],[28.2159,-1.1213],[28.2672,-1.1223],[28.2561,-1.0711],[28.2298,-1.06],[28.214,-1.0276],[28.237,-1.0066],[28.2629,-1.0044],[28.275,-0.9897],[28.2971,-0.9847],[28.3374,-0.9812],[28.348,-0.9875],[28.3821,-0.9768],[28.3993,-0.9852],[28.431,-0.984],[28.4472,-1.0042],[28.4599,-1.0071],[28.4535,-1.0147],[28.4665,-1.0199],[28.4602,-1.0336],[28.4702,-1.039],[28.4725,-1.0886],[28.4955,-1.0951],[28.5357,-1.0776],[28.5475,-1.0836],[28.5744,-1.1253],[28.5812,-1.1593],[28.5628,-1.194],[28.6324,-1.2261]]]}},{"type":"Feature","properties":{"zone":"","label":"Kirotshe","province":"nord_kivu","zscode":"xS36Jly2x2T"},"geometry":{"type":"Polygon","coordinates":[[[29.1675,-1.3758],[29.1719,-1.3964],[29.2005,-1.4255],[29.2013,-1.4564],[29.1626,-1.4799],[29.1349,-1.5253],[29.1358,-1.5632],[29.1191,-1.5668],[29.1024,-1.5844],[29.1099,-1.6273],[29.0912,-1.6187],[29.0862,-1.6002],[29.0673,-1.586],[29.0492,-1.5827],[29.0324,-1.621],[29.0222,-1.6208],[29.0332,-1.6284],[29.0297,-1.6513],[29.0174,-1.6687],[29.0153,-1.7001],[29.0019,-1.7135],[29.0061,-1.7348],[28.994,-1.7416],[28.9434,-1.7461],[28.9189,-1.7357],[28.9215,-1.7199],[28.8895,-1.7218],[28.8863,-1.7445],[28.8541,-1.7402],[28.832,-1.7498],[28.8146,-1.7426],[28.8539,-1.6779],[28.8516,-1.6584],[28.8407,-1.6568],[28.8515,-1.6453],[28.8333,-1.6358],[28.8307,-1.6187],[28.8599,-1.6087],[28.8727,-1.5949],[28.8758,-1.5841],[28.8641,-1.5505],[28.8703,-1.5432],[28.9117,-1.5317],[28.8965,-1.5195],[28.9086,-1.4947],[28.8969,-1.4619],[28.9165,-1.4209],[28.9247,-1.4308],[28.9331,-1.4212],[28.9899,-1.4144],[28.9982,-1.398],[29.0096,-1.4071],[29.0054,-1.4397],[29.0235,-1.454],[29.0397,-1.4461],[29.0438,-1.4308],[29.064,-1.4318],[29.0887,-1.4107],[29.0892,-1.3927],[29.0621,-1.3846],[29.0847,-1.3677],[29.1675,-1.3758]]]}},{"type":"Feature","properties":{"zone":"kyondo","label":"Kyondo","province":"nord_kivu","zscode":"amGiV9h9C2I"},"geometry":{"type":"Polygon","coordinates":[[[29.6313,0.1972],[29.657,0.1868],[29.6488,0.1768],[29.6271,0.1745],[29.6381,0.1497],[29.6373,0.0977],[29.6502,0.077],[29.6304,0.0113],[29.6223,0.0082],[29.6187,-0.0272],[29.646,-0.0412],[29.6342,-0.0633],[29.6287,-0.1058],[29.6437,-0.1074],[29.6527,-0.0991],[29.6606,-0.1254],[29.633,-0.1409],[29.5129,-0.1683],[29.5019,-0.1506],[29.4389,-0.1331],[29.4113,-0.1005],[29.4026,-0.1078],[29.4056,-0.127],[29.3934,-0.1255],[29.3673,-0.093],[29.3886,-0.0496],[29.3843,-0.0409],[29.3709,-0.0386],[29.3659,-0.0241],[29.379,0.0193],[29.3712,0.0377],[29.3915,0.0544],[29.3907,0.0702],[29.4089,0.0944],[29.407,0.1128],[29.4442,0.1161],[29.4621,0.1302],[29.4652,0.1474],[29.5212,0.1623],[29.5439,0.1789],[29.6313,0.1972]]]}},{"type":"Feature","properties":{"zone":"lubero","label":"Lubero","province":"nord_kivu","zscode":"oTtGHeQSotN"},"geometry":{"type":"Polygon","coordinates":[[[28.7578,-0.0452],[28.7713,-0.0896],[28.7892,-0.1036],[28.8052,-0.0866],[28.8362,-0.0826],[28.8409,-0.0735],[28.8588,-0.0678],[28.8671,-0.0808],[28.891,-0.0676],[28.9027,-0.0769],[28.9115,-0.0712],[28.9261,-0.08],[28.9415,-0.0773],[28.9505,-0.0959],[28.963,-0.1024],[28.9683,-0.0927],[28.9781,-0.1032],[28.9945,-0.104],[29.0398,-0.0902],[29.0515,-0.0683],[29.0636,-0.0737],[29.0699,-0.0908],[29.0638,-0.0959],[29.0803,-0.1135],[29.1077,-0.1021],[29.1331,-0.1056],[29.1416,-0.0998],[29.1576,-0.1064],[29.1658,-0.0972],[29.1652,-0.081],[29.1923,-0.0662],[29.2252,-0.0882],[29.2543,-0.0504],[29.2702,-0.087],[29.2582,-0.1017],[29.2748,-0.1053],[29.2761,-0.1135],[29.2952,-0.1129],[29.2979,-0.1521],[29.3469,-0.2152],[29.3687,-0.2196],[29.3842,-0.2098],[29.396,-0.2178],[29.4032,-0.2064],[29.4137,-0.2074],[29.4082,-0.1962],[29.4133,-0.1812],[29.4211,-0.1794],[29.4377,-0.1956],[29.4755,-0.1989],[29.4762,-0.211],[29.4514,-0.2633],[29.45,-0.2908],[29.4367,-0.3217],[29.3919,-0.3702],[29.3833,-0.3986],[29.3866,-0.4238],[29.3763,-0.4275],[29.345,-0.4053],[29.3384,-0.4076],[29.3358,-0.3949],[29.3236,-0.3935],[29.3279,-0.3779],[29.319,-0.3698],[29.326,-0.35],[29.3188,-0.3454],[29.301,-0.3504],[29.3052,-0.3607],[29.2848,-0.3439],[29.2711,-0.361],[29.2542,-0.3549],[29.2638,-0.3313],[29.2594,-0.3107],[29.2472,-0.3017],[29.2536,-0.2861],[29.2314,-0.2859],[29.2348,-0.2724],[29.2507,-0.2676],[29.2386,-0.2574],[29.2297,-0.2613],[29.2106,-0.2424],[29.2024,-0.2469],[29.1873,-0.2392],[29.1761,-0.2183],[29.1507,-0.2393],[29.1297,-0.2383],[29.1223,-0.2502],[29.0943,-0.2468],[29.1003,-0.2719],[29.0864,-0.2827],[29.071,-0.2787],[29.0493,-0.2876],[29.0508,-0.3157],[29.0137,-0.3038],[28.9996,-0.3069],[28.9635,-0.3474],[28.9612,-0.3696],[28.9325,-0.3683],[28.9014,-0.3518],[28.858,-0.3416],[28.8527,-0.3545],[28.8418,-0.354],[28.838,-0.3685],[28.8345,-0.3491],[28.8452,-0.3297],[28.8273,-0.2764],[28.8304,-0.2364],[28.822,-0.224],[28.8076,-0.2274],[28.8074,-0.2197],[28.7872,-0.2135],[28.7794,-0.2204],[28.7685,-0.2092],[28.7631,-0.228],[28.7461,-0.2258],[28.7258,-0.2048],[28.6851,-0.1948],[28.6776,-0.1861],[28.6736,-0.1922],[28.6464,-0.1648],[28.6453,-0.1514],[28.6331,-0.1459],[28.6322,-0.1597],[28.5726,-0.1585],[28.5634,-0.1739],[28.5466,-0.1742],[28.54,-0.1851],[28.5345,-0.1761],[28.516,-0.1752],[28.4998,-0.192],[28.4916,-0.1787],[28.4824,-0.1781],[28.4848,-0.1593],[28.4603,-0.1296],[28.4797,-0.1107],[28.469,-0.1013],[28.4686,-0.0882],[28.4553,-0.0859],[28.465,-0.0544],[28.4864,-0.0552],[28.4951,-0.0456],[28.5179,-0.0506],[28.5392,-0.04],[28.5407,-0.0295],[28.5591,-0.0199],[28.575,-0.0224],[28.5721,-0.0137],[28.5954,-0.0159],[28.6009,-0.0052],[28.6255,-0.0231],[28.6192,-0.0384],[28.625,-0.0277],[28.6391,-0.0303],[28.6417,-0.0235],[28.6465,-0.0345],[28.6614,-0.0314],[28.6733,-0.0541],[28.7031,-0.057],[28.7106,-0.0508],[28.7175,-0.0565],[28.733,-0.0446],[28.7475,-0.0541],[28.7578,-0.0452]]]}},{"type":"Feature","properties":{"zone":"mabalako","label":"Mabalako","province":"nord_kivu","zscode":"svtAZQ9nVl0"},"geometry":{"type":"Polygon","coordinates":[[[29.3322,0.6291],[29.3496,0.5933],[29.3906,0.5473],[29.3816,0.5453],[29.3874,0.5255],[29.3695,0.506],[29.355,0.5063],[29.3283,0.4913],[29.3273,0.4797],[29.3102,0.4886],[29.2809,0.4629],[29.2238,0.448],[29.2278,0.4234],[29.2482,0.4127],[29.2454,0.3892],[29.2512,0.3847],[29.2459,0.3577],[29.2311,0.345],[29.2275,0.3526],[29.2049,0.3511],[29.1956,0.3374],[29.1661,0.3256],[29.1706,0.3488],[29.1613,0.3432],[29.1588,0.3506],[29.1466,0.3483],[29.1365,0.3716],[29.0957,0.3785],[29.0887,0.4228],[29.1017,0.4386],[29.086,0.4468],[29.077,0.4424],[29.076,0.4736],[29.0546,0.4715],[29.0487,0.4787],[29.0241,0.4672],[29.024,0.4801],[29.0129,0.4855],[29.0243,0.5268],[29.0419,0.5399],[29.0464,0.5569],[29.0551,0.5579],[29.052,0.5749],[29.0636,0.593],[29.0575,0.598],[29.0743,0.6321],[29.146,0.6737],[29.166,0.68],[29.1633,0.6647],[29.1769,0.6504],[29.1826,0.6567],[29.222,0.6288],[29.2228,0.6198],[29.2385,0.6215],[29.2905,0.5867],[29.3006,0.6114],[29.2963,0.6606],[29.3086,0.6796],[29.3254,0.6869],[29.34,0.6591],[29.3293,0.6391],[29.3322,0.6291]]]}},{"type":"Feature","properties":{"zone":"manguredjipa","label":"Manguredjipa","province":"nord_kivu","zscode":"IyDb5geWMDN"},"geometry":{"type":"Polygon","coordinates":[[[29.0665,0.6109],[29.0493,0.5632],[29.0551,0.5579],[29.0464,0.5569],[29.0419,0.5399],[29.0243,0.5268],[29.0137,0.4919],[29.0278,0.4619],[28.9995,0.4245],[29.007,0.4132],[29.0029,0.3931],[28.992,0.3927],[29.0049,0.3614],[28.9987,0.3433],[29.0041,0.3348],[28.997,0.3281],[29.001,0.313],[28.9731,0.3101],[28.9645,0.3221],[28.9675,0.3306],[28.9496,0.3341],[28.9386,0.3465],[28.9041,0.3458],[28.8797,0.3704],[28.8666,0.3456],[28.8483,0.3416],[28.8542,0.3153],[28.8394,0.2928],[28.8056,0.2637],[28.7892,0.2359],[28.7741,0.2308],[28.791,0.2003],[28.7707,0.1881],[28.7599,0.1533],[28.7972,0.1644],[28.8272,0.1564],[28.8432,0.1432],[28.8358,0.1299],[28.814,0.1262],[28.8162,0.1058],[28.7984,0.104],[28.7849,0.0818],[28.8144,0.057],[28.7882,-0.0073],[28.756,-0.0204],[28.763,-0.0447],[28.7475,-0.0541],[28.733,-0.0446],[28.7175,-0.0565],[28.7106,-0.0508],[28.7031,-0.057],[28.6733,-0.0541],[28.6614,-0.0314],[28.6465,-0.0345],[28.6417,-0.0235],[28.6391,-0.0303],[28.625,-0.0277],[28.6192,-0.0384],[28.6255,-0.0231],[28.6009,-0.0052],[28.5954,-0.0159],[28.5721,-0.0137],[28.575,-0.0224],[28.5591,-0.0199],[28.5407,-0.0295],[28.5392,-0.04],[28.5179,-0.0506],[28.4951,-0.0456],[28.4864,-0.0552],[28.465,-0.0544],[28.4571,-0.0639],[28.4604,-0.0757],[28.4341,-0.0928],[28.4189,-0.0915],[28.4183,-0.0984],[28.3994,-0.089],[28.3806,-0.0921],[28.365,-0.1095],[28.3409,-0.0907],[28.3244,-0.1047],[28.3149,-0.1026],[28.3176,-0.1147],[28.2934,-0.1219],[28.2867,-0.1342],[28.2743,-0.1368],[28.2752,-0.1428],[28.263,-0.1411],[28.2566,-0.1513],[28.1993,-0.1409],[28.1421,-0.1711],[28.1237,-0.152],[28.1322,-0.1255],[28.1146,-0.0149],[28.1262,0.0167],[28.1201,0.0264],[28.1271,0.0307],[28.1214,0.0443],[28.1294,0.0688],[28.1225,0.0864],[28.1313,0.101],[28.1265,0.1091],[28.1575,0.1216],[28.1555,0.1297],[28.1822,0.1563],[28.1646,0.1872],[28.1471,0.1915],[28.1532,0.2148],[28.1434,0.2383],[28.1205,0.2412],[28.1158,0.2567],[28.1036,0.2561],[28.0965,0.2746],[28.0857,0.2782],[28.0888,0.2863],[28.0781,0.3055],[28.0616,0.3076],[28.058,0.3404],[28.0658,0.3499],[28.0579,0.3564],[28.0565,0.402],[28.0327,0.4032],[28.0389,0.4185],[28.0259,0.4299],[28.0435,0.4354],[28.042,0.4521],[28.0107,0.4568],[28.0139,0.4848],[27.9963,0.4814],[27.9893,0.493],[27.9468,0.4889],[27.9325,0.4968],[27.9226,0.4909],[27.9012,0.506],[27.8944,0.4897],[27.8856,0.5008],[27.869,0.4879],[27.8338,0.4924],[27.7907,0.5288],[27.855,0.5574],[27.893,0.5619],[27.9231,0.5988],[27.9548,0.6216],[27.993,0.6129],[28.0094,0.6332],[28.0428,0.6396],[28.0451,0.6509],[28.0681,0.6642],[28.0739,0.6789],[28.096,0.6734],[28.3143,0.697],[28.3316,0.6977],[28.3396,0.6872],[28.3643,0.6811],[28.3662,0.665],[28.3795,0.6682],[28.3833,0.6603],[28.4027,0.6563],[28.4131,0.6376],[28.4416,0.6345],[28.4511,0.6149],[28.4763,0.6015],[28.4745,0.5919],[28.4951,0.5758],[28.5089,0.5762],[28.4941,0.5474],[28.506,0.5366],[28.5129,0.5439],[28.5547,0.5442],[28.555,0.5196],[28.5919,0.5403],[28.6317,0.5449],[28.6604,0.5814],[28.6899,0.5707],[28.9009,0.5876],[28.9914,0.5603],[29.0055,0.5634],[29.017,0.5839],[29.0462,0.5895],[29.0665,0.6109]]]}},{"type":"Feature","properties":{"zone":"masereka","label":"Masereka","province":"nord_kivu","zscode":"kQCMPbHKQ93"},"geometry":{"type":"Polygon","coordinates":[[[29.3719,0.0104],[29.3751,-0.0083],[29.3661,-0.0274],[29.3886,-0.0499],[29.3681,-0.0955],[29.3934,-0.1255],[29.4056,-0.127],[29.4019,-0.1135],[29.4083,-0.0997],[29.4389,-0.1331],[29.5022,-0.1508],[29.5129,-0.1683],[29.4907,-0.1787],[29.4781,-0.2024],[29.4377,-0.1956],[29.4211,-0.1794],[29.4133,-0.1812],[29.4082,-0.1962],[29.4137,-0.2074],[29.4032,-0.2064],[29.396,-0.2178],[29.3842,-0.2098],[29.3687,-0.2196],[29.3469,-0.2152],[29.2979,-0.1521],[29.2952,-0.1129],[29.2761,-0.1135],[29.2748,-0.1053],[29.2582,-0.1017],[29.2702,-0.087],[29.2516,-0.0491],[29.2796,-0.0288],[29.3052,0.0096],[29.3266,0.0067],[29.335,0.0378],[29.3719,0.0104]]]}},{"type":"Feature","properties":{"zone":"","label":"Masisi","province":"nord_kivu","zscode":"D6IRek5MhIt"},"geometry":{"type":"Polygon","coordinates":[[[28.8008,-1.1328],[28.809,-1.1905],[28.7868,-1.2086],[28.7894,-1.2294],[28.7817,-1.238],[28.7915,-1.2468],[28.7877,-1.2509],[28.8115,-1.251],[28.8389,-1.2677],[28.8366,-1.2823],[28.859,-1.2814],[28.859,-1.2933],[28.909,-1.2944],[28.9103,-1.306],[28.9239,-1.302],[28.9579,-1.3156],[28.9695,-1.3073],[28.9865,-1.3124],[29.0136,-1.3572],[29.0245,-1.3479],[29.0374,-1.3554],[29.0323,-1.3457],[29.061,-1.3352],[29.0669,-1.3575],[29.0614,-1.3709],[29.0719,-1.3741],[29.0621,-1.3846],[29.0892,-1.3927],[29.0887,-1.4107],[29.064,-1.4318],[29.0438,-1.4308],[29.0397,-1.4461],[29.0235,-1.454],[29.0054,-1.4397],[29.0096,-1.4071],[28.9982,-1.398],[28.9899,-1.4144],[28.9331,-1.4212],[28.9247,-1.4308],[28.9165,-1.4209],[28.9005,-1.4428],[28.897,-1.4618],[28.8901,-1.4544],[28.8757,-1.4631],[28.8595,-1.4571],[28.8586,-1.47],[28.8441,-1.4781],[28.8509,-1.4875],[28.8422,-1.5087],[28.7922,-1.5089],[28.7912,-1.4966],[28.786,-1.5174],[28.7724,-1.5158],[28.7629,-1.4985],[28.7509,-1.5255],[28.7414,-1.5194],[28.7172,-1.5438],[28.6785,-1.5349],[28.6776,-1.5046],[28.6577,-1.4896],[28.6578,-1.4747],[28.634,-1.4836],[28.6189,-1.4704],[28.5866,-1.4619],[28.5663,-1.4804],[28.5638,-1.5014],[28.5734,-1.5166],[28.5663,-1.5441],[28.5703,-1.5738],[28.5198,-1.5794],[28.5336,-1.5369],[28.53,-1.5152],[28.5206,-1.5074],[28.5251,-1.4959],[28.5077,-1.4744],[28.5334,-1.4597],[28.5768,-1.4636],[28.5751,-1.426],[28.5816,-1.4111],[28.607,-1.4004],[28.6337,-1.3604],[28.6457,-1.363],[28.6647,-1.3532],[28.6455,-1.3277],[28.6597,-1.3192],[28.6774,-1.323],[28.684,-1.3051],[28.6924,-1.3019],[28.6772,-1.269],[28.6344,-1.2809],[28.6475,-1.2716],[28.6493,-1.2575],[28.6324,-1.2261],[28.6425,-1.2147],[28.6614,-1.2168],[28.6684,-1.206],[28.7063,-1.2218],[28.7416,-1.2107],[28.7344,-1.2035],[28.7416,-1.1946],[28.7179,-1.1747],[28.711,-1.1352],[28.7182,-1.1339],[28.7275,-1.1466],[28.753,-1.1315],[28.7631,-1.1394],[28.787,-1.1273],[28.8008,-1.1328]]]}},{"type":"Feature","properties":{"zone":"musienene","label":"Musienene","province":"nord_kivu","zscode":"VooLsNf0dDB"},"geometry":{"type":"Polygon","coordinates":[[[29.2172,0.114],[29.2255,0.1188],[29.2316,0.0977],[29.2406,0.0995],[29.2467,0.0912],[29.2638,0.097],[29.2732,0.1145],[29.2881,0.0712],[29.3262,0.0539],[29.3536,0.0645],[29.3779,0.0328],[29.379,0.0193],[29.3714,0.0102],[29.363,0.0133],[29.3532,0.0187],[29.3528,0.029],[29.342,0.0276],[29.335,0.0378],[29.3266,0.0067],[29.3052,0.0096],[29.2252,-0.0882],[29.1923,-0.0662],[29.1652,-0.081],[29.1658,-0.0972],[29.1576,-0.1064],[29.1416,-0.0998],[29.1331,-0.1056],[29.1077,-0.1021],[29.0803,-0.1135],[29.0676,-0.1033],[29.0691,-0.0854],[29.0569,-0.0687],[29.0449,-0.0727],[29.0394,-0.0904],[28.9836,-0.105],[28.9683,-0.0927],[28.9639,-0.1025],[28.9505,-0.0959],[28.9415,-0.0773],[28.9261,-0.08],[28.9115,-0.0712],[28.9027,-0.0769],[28.8909,-0.0676],[28.8666,-0.0807],[28.8584,-0.0678],[28.8409,-0.0735],[28.8362,-0.0826],[28.8052,-0.0866],[28.7892,-0.1036],[28.7771,-0.0982],[28.7625,-0.0714],[28.7578,-0.0452],[28.7639,-0.0428],[28.756,-0.0204],[28.7882,-0.0073],[28.8144,0.057],[28.7844,0.0777],[28.7984,0.104],[28.8248,0.1],[28.8597,0.1123],[28.8809,0.0982],[28.9577,0.1007],[28.9457,0.1222],[28.995,0.1122],[29.0284,0.1547],[29.0416,0.1399],[29.0474,0.1395],[29.0468,0.1483],[29.0628,0.1321],[29.0885,0.1406],[29.1195,0.134],[29.1225,0.1188],[29.1334,0.1198],[29.141,0.1099],[29.1699,0.116],[29.1781,0.1269],[29.1865,0.1259],[29.1863,0.1129],[29.2041,0.1081],[29.2172,0.114]]]}},{"type":"Feature","properties":{"zone":"mutwanga","label":"Mutwanga","province":"nord_kivu","zscode":"TnjfqDbxtwP"},"geometry":{"type":"Polygon","coordinates":[[[29.9207,0.4487],[29.8724,0.3881],[29.8242,0.1726],[29.8147,0.1629],[29.7894,0.1692],[29.7702,0.1641],[29.768,0.1491],[29.7364,0.125],[29.7354,0.0888],[29.7171,0.0743],[29.7163,0.0348],[29.728,0.017],[29.7259,-0.0029],[29.7336,-0.0226],[29.7448,-0.028],[29.7297,-0.0417],[29.7318,-0.0855],[29.7065,-0.0832],[29.6805,-0.1163],[29.6606,-0.1255],[29.6527,-0.0991],[29.6437,-0.1074],[29.6287,-0.1058],[29.6342,-0.0633],[29.646,-0.0412],[29.6187,-0.0272],[29.6223,0.0082],[29.6304,0.0113],[29.6502,0.077],[29.6373,0.0977],[29.6381,0.1497],[29.6272,0.175],[29.6488,0.1768],[29.657,0.1868],[29.6331,0.1942],[29.6292,0.2304],[29.6123,0.2213],[29.6075,0.242],[29.5941,0.235],[29.5945,0.2525],[29.5638,0.2545],[29.5587,0.2865],[29.5649,0.3],[29.5442,0.3203],[29.5155,0.3162],[29.5141,0.3397],[29.5006,0.3505],[29.5078,0.3695],[29.5419,0.4061],[29.548,0.4017],[29.5564,0.4093],[29.5593,0.4251],[29.5688,0.4161],[29.58,0.4258],[29.5956,0.4727],[29.621,0.486],[29.649,0.4876],[29.6592,0.5093],[29.6464,0.5121],[29.6465,0.5321],[29.6554,0.5446],[29.6642,0.5402],[29.6783,0.5691],[29.6871,0.5565],[29.7195,0.5535],[29.7224,0.5455],[29.736,0.549],[29.7368,0.5345],[29.7474,0.5232],[29.7737,0.5252],[29.8148,0.4888],[29.825,0.4884],[29.8245,0.4812],[29.8451,0.4752],[29.863,0.452],[29.8787,0.4525],[29.8833,0.4686],[29.8919,0.4546],[29.9003,0.4588],[29.9207,0.4487]]]}},{"type":"Feature","properties":{"zone":"","label":"Mweso","province":"nord_kivu","zscode":"OZYtwRFkc5Z"},"geometry":{"type":"Polygon","coordinates":[[[28.9886,-0.8707],[28.9778,-0.9032],[29.0077,-0.9342],[28.9991,-0.9367],[29.0041,-0.9521],[28.975,-0.9671],[28.9838,-0.9774],[28.972,-0.9988],[28.9799,-1.0156],[28.9703,-1.0477],[28.9851,-1.057],[28.9907,-1.0471],[29.0022,-1.046],[28.9965,-1.0534],[29.0114,-1.0603],[29.0067,-1.0704],[29.0133,-1.0751],[29.0067,-1.0762],[29.0116,-1.0828],[29.0153,-1.0782],[29.0146,-1.0866],[29.0219,-1.0816],[29.0219,-1.0944],[29.0304,-1.0892],[29.0354,-1.0966],[29.0295,-1.1042],[29.0409,-1.0984],[29.0375,-1.109],[29.0483,-1.1102],[29.041,-1.1237],[29.0481,-1.1334],[29.0476,-1.1492],[29.0366,-1.1598],[29.0403,-1.1751],[29.0297,-1.1751],[29.0225,-1.1849],[29.0508,-1.216],[29.0641,-1.2112],[29.0722,-1.2207],[29.0898,-1.2221],[29.0788,-1.2412],[29.0667,-1.2389],[29.0613,-1.2552],[29.0708,-1.3011],[29.0912,-1.3047],[29.0983,-1.3153],[29.0778,-1.3278],[29.1346,-1.3431],[29.1675,-1.3758],[29.0847,-1.3677],[29.0691,-1.3841],[29.0631,-1.3814],[29.0719,-1.3741],[29.0614,-1.3709],[29.0669,-1.3575],[29.061,-1.3352],[29.0323,-1.3457],[29.0374,-1.3554],[29.0245,-1.3479],[29.0136,-1.3572],[28.9865,-1.3124],[28.9695,-1.3073],[28.9579,-1.3156],[28.9239,-1.302],[28.9103,-1.306],[28.909,-1.2944],[28.8588,-1.2932],[28.859,-1.2814],[28.8366,-1.2823],[28.8388,-1.2676],[28.8115,-1.251],[28.7881,-1.2512],[28.7817,-1.238],[28.7894,-1.2294],[28.7869,-1.2083],[28.809,-1.1905],[28.802,-1.1297],[28.8276,-1.0908],[28.8631,-1.0817],[28.8688,-1.0017],[28.8606,-1.0068],[28.8481,-0.9855],[28.8955,-0.9428],[28.902,-0.8883],[28.9466,-0.8695],[28.9571,-0.878],[28.9625,-0.8713],[28.9886,-0.8707]]]}},{"type":"Feature","properties":{"zone":"","label":"Nyiragongo","province":"nord_kivu","zscode":"WLVe6Xt7Xum"},"geometry":{"type":"Polygon","coordinates":[[[29.4272,-1.4726],[29.4165,-1.507],[29.3613,-1.508],[29.3543,-1.5359],[29.3367,-1.5475],[29.3103,-1.5997],[29.2683,-1.6294],[29.2577,-1.6565],[29.251,-1.6474],[29.2391,-1.6498],[29.2281,-1.642],[29.2007,-1.6497],[29.1733,-1.6232],[29.146,-1.5674],[29.1358,-1.5632],[29.1394,-1.5176],[29.1626,-1.4799],[29.2013,-1.4552],[29.2585,-1.5034],[29.2667,-1.4853],[29.328,-1.4544],[29.372,-1.4735],[29.3722,-1.481],[29.3823,-1.4713],[29.4141,-1.4718],[29.4221,-1.4608],[29.4272,-1.4726]]]}},{"type":"Feature","properties":{"zone":"oicha","label":"Oicha","province":"nord_kivu","zscode":"zOOAshOz4Cz"},"geometry":{"type":"Polygon","coordinates":[[[29.9067,0.8069],[29.8378,0.7978],[29.8228,0.7766],[29.809,0.7782],[29.8015,0.7662],[29.8115,0.747],[29.7883,0.7352],[29.7735,0.7357],[29.7693,0.7429],[29.7599,0.7337],[29.743,0.7366],[29.7326,0.7198],[29.7085,0.7125],[29.6715,0.6776],[29.6586,0.6751],[29.6374,0.6456],[29.5916,0.631],[29.5755,0.6131],[29.5739,0.599],[29.5331,0.5775],[29.5064,0.5847],[29.4856,0.5509],[29.4727,0.5439],[29.4618,0.5464],[29.4446,0.5775],[29.4326,0.5827],[29.4219,0.6188],[29.4467,0.6177],[29.4731,0.6295],[29.4695,0.6487],[29.4319,0.6513],[29.3943,0.6714],[29.3768,0.697],[29.3629,0.6931],[29.347,0.7098],[29.3701,0.747],[29.3644,0.7638],[29.3697,0.8221],[29.3775,0.8278],[29.4041,0.8092],[29.4163,0.815],[29.4203,0.8268],[29.4413,0.8328],[29.4581,0.8602],[29.4861,0.842],[29.4946,0.801],[29.5096,0.7902],[29.5347,0.7889],[29.5229,0.8612],[29.5598,0.8748],[29.6232,0.8535],[29.6273,0.8816],[29.6409,0.9011],[29.6589,0.9076],[29.696,0.8683],[29.7267,0.8655],[29.741,0.8749],[29.7435,0.897],[29.7561,0.908],[29.8078,0.9105],[29.8216,0.9308],[29.8381,0.9414],[29.8515,0.9399],[29.8612,0.9542],[29.868,0.9485],[29.8645,0.9034],[29.87,0.8931],[29.8791,0.8942],[29.8763,0.8704],[29.8969,0.8456],[29.9067,0.8069]]]}},{"type":"Feature","properties":{"zone":"","label":"Pinga","province":"nord_kivu","zscode":"Qnxdx1xJkXt"},"geometry":{"type":"Polygon","coordinates":[[[28.8697,-0.5597],[28.9365,-0.5725],[28.9674,-0.6082],[28.9676,-0.6339],[28.9877,-0.6545],[28.9896,-0.6718],[29.0006,-0.6824],[29.0004,-0.6876],[28.9908,-0.6834],[28.983,-0.6965],[28.9912,-0.7158],[28.9813,-0.7334],[29.0066,-0.7526],[29.0082,-0.7671],[29.0174,-0.7721],[29.0368,-0.7637],[29.0458,-0.7715],[29.0638,-0.8333],[29.0523,-0.8383],[29.046,-0.8608],[29.0216,-0.8674],[29.0021,-0.8607],[28.9838,-0.874],[28.9625,-0.8713],[28.9571,-0.878],[28.9466,-0.8695],[28.902,-0.8883],[28.8955,-0.9428],[28.8481,-0.9855],[28.8606,-1.0068],[28.8688,-1.0017],[28.8631,-1.0817],[28.8276,-1.0908],[28.8008,-1.1328],[28.787,-1.1273],[28.7631,-1.1394],[28.753,-1.1315],[28.7275,-1.1466],[28.7182,-1.1339],[28.711,-1.1352],[28.7179,-1.1747],[28.7416,-1.1946],[28.7344,-1.2035],[28.7416,-1.2107],[28.7191,-1.2219],[28.6684,-1.206],[28.6614,-1.2168],[28.6433,-1.2145],[28.6324,-1.2261],[28.619,-1.2245],[28.5709,-1.2025],[28.5628,-1.194],[28.5812,-1.1593],[28.5744,-1.1253],[28.5586,-1.0995],[28.5379,-1.0776],[28.4955,-1.0951],[28.4748,-1.0908],[28.4702,-1.039],[28.4602,-1.0336],[28.4665,-1.0199],[28.4535,-1.0147],[28.4599,-1.0071],[28.4472,-1.0042],[28.431,-0.984],[28.3993,-0.9852],[28.3821,-0.9768],[28.348,-0.9875],[28.3374,-0.9812],[28.2971,-0.9847],[28.275,-0.9897],[28.2629,-1.0044],[28.237,-1.0066],[28.2191,-1.0225],[28.2083,-0.9982],[28.1851,-0.9792],[28.1912,-0.9736],[28.1854,-0.9604],[28.1756,-0.956],[28.1262,-0.9483],[28.117,-0.9404],[28.1108,-0.9522],[28.0897,-0.9406],[28.0674,-0.9427],[28.0594,-0.9318],[28.0341,-0.9378],[28.0351,-0.9476],[28.0193,-0.9358],[28.0059,-0.9358],[28.0064,-0.9428],[27.9799,-0.938],[27.9584,-0.915],[27.9405,-0.8594],[27.9344,-0.8499],[27.9245,-0.8504],[27.9154,-0.83],[27.8908,-0.8244],[27.8772,-0.8036],[27.8653,-0.8073],[27.832,-0.7857],[27.8038,-0.7788],[27.8222,-0.7423],[27.8402,-0.732],[27.8283,-0.727],[27.8286,-0.6974],[27.8382,-0.6887],[27.8365,-0.664],[27.8578,-0.6395],[27.8567,-0.6234],[27.8463,-0.6165],[27.8472,-0.5955],[27.9208,-0.5751],[27.935,-0.5261],[27.9918,-0.4938],[27.9846,-0.4688],[27.9884,-0.4537],[27.9812,-0.4504],[27.9861,-0.4381],[27.9698,-0.4077],[27.9757,-0.3793],[27.9671,-0.3783],[27.9688,-0.3621],[27.9569,-0.3581],[27.9618,-0.3378],[27.9977,-0.3194],[28.0013,-0.3045],[28.0084,-0.3044],[28.0192,-0.2858],[28.037,-0.2883],[28.0499,-0.2725],[28.058,-0.2739],[28.0618,-0.2555],[28.0874,-0.2523],[28.1011,-0.2391],[28.104,-0.245],[28.1057,-0.2313],[28.1151,-0.231],[28.1096,-0.2227],[28.1265,-0.2019],[28.156,-0.1846],[28.1679,-0.2026],[28.1622,-0.2347],[28.1672,-0.2447],[28.1835,-0.2369],[28.1948,-0.2507],[28.2036,-0.2494],[28.2012,-0.2685],[28.2207,-0.2694],[28.2304,-0.2951],[28.2401,-0.2922],[28.265,-0.3189],[28.2902,-0.3132],[28.3003,-0.3296],[28.3135,-0.3329],[28.3177,-0.356],[28.3278,-0.3672],[28.3357,-0.3645],[28.3388,-0.3835],[28.3544,-0.3913],[28.3505,-0.3975],[28.3733,-0.4103],[28.3926,-0.3931],[28.4015,-0.3913],[28.403,-0.3995],[28.4189,-0.394],[28.4184,-0.4042],[28.4283,-0.4045],[28.431,-0.4182],[28.4528,-0.4237],[28.461,-0.4499],[28.4865,-0.449],[28.4962,-0.4415],[28.4968,-0.4528],[28.5387,-0.4561],[28.5479,-0.4729],[28.5575,-0.4753],[28.5547,-0.4816],[28.58,-0.4935],[28.5865,-0.5045],[28.6148,-0.5053],[28.5921,-0.6117],[28.5936,-0.6331],[28.6167,-0.6205],[28.6343,-0.6224],[28.672,-0.5641],[28.7075,-0.553],[28.714,-0.5332],[28.7664,-0.5761],[28.7889,-0.569],[28.8478,-0.5718],[28.8697,-0.5597]]]}},{"type":"Feature","properties":{"zone":"","label":"Rutshuru","province":"nord_kivu","zscode":"nXYw6kLqc0y"},"geometry":{"type":"Polygon","coordinates":[[[29.4825,-1.0507],[29.487,-1.0632],[29.4796,-1.076],[29.4691,-1.073],[29.4515,-1.0872],[29.4957,-1.1065],[29.478,-1.1223],[29.4723,-1.1556],[29.4771,-1.1765],[29.4988,-1.1818],[29.4998,-1.1919],[29.4731,-1.1826],[29.4567,-1.1922],[29.4652,-1.1989],[29.4532,-1.2046],[29.4595,-1.2107],[29.4521,-1.2179],[29.4557,-1.2271],[29.4313,-1.2323],[29.4158,-1.2538],[29.3956,-1.2611],[29.3972,-1.2773],[29.4163,-1.2926],[29.4159,-1.3058],[29.38,-1.342],[29.3589,-1.3432],[29.3964,-1.3725],[29.4035,-1.3988],[29.4336,-1.4234],[29.4404,-1.4563],[29.4272,-1.4726],[29.4221,-1.4608],[29.4141,-1.4718],[29.3823,-1.4713],[29.3722,-1.481],[29.372,-1.4735],[29.328,-1.4544],[29.2667,-1.4853],[29.2561,-1.5032],[29.1975,-1.4509],[29.2253,-1.4086],[29.2212,-1.3956],[29.2351,-1.357],[29.2913,-1.3385],[29.3136,-1.2526],[29.3229,-1.2321],[29.3354,-1.2332],[29.3261,-1.2234],[29.3434,-1.1908],[29.3455,-1.132],[29.3529,-1.114],[29.3348,-1.0263],[29.3567,-0.9941],[29.3745,-1.0198],[29.4072,-1.018],[29.411,-1.0292],[29.4254,-1.0262],[29.4385,-1.0421],[29.4825,-1.0507]]]}},{"type":"Feature","properties":{"zone":"","label":"Rwanguba","province":"nord_kivu","zscode":"iQA2NO6cMnJ"},"geometry":{"type":"Polygon","coordinates":[[[29.5874,-1.0769],[29.5769,-1.13],[29.5866,-1.1559],[29.5742,-1.1909],[29.6085,-1.2217],[29.6057,-1.2447],[29.5963,-1.2525],[29.5951,-1.2807],[29.608,-1.3178],[29.5898,-1.3932],[29.5593,-1.3881],[29.4965,-1.4425],[29.4503,-1.5062],[29.4165,-1.507],[29.4259,-1.4741],[29.4404,-1.4563],[29.4336,-1.4234],[29.4035,-1.3988],[29.3964,-1.3725],[29.3589,-1.3432],[29.38,-1.342],[29.4159,-1.3058],[29.4163,-1.2926],[29.3972,-1.2773],[29.3956,-1.2611],[29.4158,-1.2538],[29.4313,-1.2323],[29.4557,-1.2271],[29.4521,-1.2179],[29.4595,-1.2107],[29.4532,-1.2046],[29.4652,-1.1989],[29.4567,-1.1922],[29.4731,-1.1826],[29.4998,-1.1919],[29.4988,-1.1818],[29.4771,-1.1765],[29.4723,-1.1556],[29.478,-1.1223],[29.4957,-1.1065],[29.4515,-1.0872],[29.4691,-1.073],[29.4796,-1.076],[29.487,-1.0632],[29.4829,-1.0502],[29.5425,-1.0559],[29.5547,-1.0498],[29.5874,-1.0769]]]}},{"type":"Feature","properties":{"zone":"vuhovi","label":"Vuhovi","province":"nord_kivu","zscode":"EsZ68sGXB5Y"},"geometry":{"type":"Polygon","coordinates":[[[29.6329,0.1964],[29.5439,0.1789],[29.5212,0.1623],[29.4652,0.1474],[29.4621,0.1302],[29.4442,0.1161],[29.4084,0.1142],[29.4089,0.0944],[29.3907,0.0702],[29.3915,0.0544],[29.3749,0.0385],[29.3495,0.0657],[29.3441,0.0834],[29.3438,0.1002],[29.3613,0.1066],[29.3493,0.121],[29.3337,0.181],[29.3086,0.1858],[29.3099,0.2027],[29.3206,0.2153],[29.319,0.2315],[29.3374,0.2367],[29.3417,0.2568],[29.3489,0.2573],[29.3625,0.2508],[29.3661,0.2331],[29.378,0.2265],[29.3982,0.2372],[29.3984,0.2586],[29.4454,0.2552],[29.498,0.237],[29.5167,0.2416],[29.5279,0.2552],[29.5629,0.264],[29.5654,0.2531],[29.5945,0.2525],[29.5944,0.2345],[29.6075,0.242],[29.6123,0.2213],[29.6292,0.2304],[29.6329,0.1964]]]}},{"type":"Feature","properties":{"zone":"","label":"Walikale","province":"nord_kivu","zscode":"xIs8yXFjb9Y"},"geometry":{"type":"Polygon","coordinates":[[[28.21,-1.0136],[28.22,-1.0254],[28.2136,-1.0355],[28.2246,-1.0544],[28.2561,-1.0711],[28.2672,-1.1223],[28.2159,-1.1213],[28.1932,-1.1382],[28.2423,-1.1719],[28.2702,-1.1676],[28.2693,-1.186],[28.2781,-1.1966],[28.2662,-1.2122],[28.2642,-1.2401],[28.254,-1.25],[28.2807,-1.2744],[28.27,-1.3036],[28.272,-1.3475],[28.2598,-1.3789],[28.2631,-1.413],[28.2466,-1.42],[28.2435,-1.4308],[28.2578,-1.4517],[28.254,-1.462],[28.2682,-1.4758],[28.2309,-1.536],[28.2088,-1.5423],[28.2017,-1.5622],[28.175,-1.5587],[28.1371,-1.5268],[28.111,-1.5218],[28.1024,-1.5035],[28.0793,-1.5389],[28.0549,-1.5218],[28.0255,-1.5284],[28.0117,-1.5166],[28.0001,-1.5172],[27.9913,-1.501],[27.9981,-1.484],[27.9635,-1.4375],[27.9382,-1.4206],[27.9264,-1.4388],[27.9141,-1.4383],[27.9044,-1.4157],[27.8938,-1.4242],[27.8791,-1.4178],[27.8733,-1.436],[27.843,-1.453],[27.8459,-1.4616],[27.8307,-1.4698],[27.8208,-1.5057],[27.784,-1.5171],[27.7321,-1.4552],[27.7155,-1.4559],[27.6449,-1.4258],[27.6098,-1.4251],[27.5468,-1.4496],[27.4731,-1.4588],[27.4661,-1.4575],[27.4541,-1.4292],[27.4485,-1.435],[27.4342,-1.4267],[27.4289,-1.4471],[27.4033,-1.4587],[27.3914,-1.4501],[27.3404,-1.3602],[27.3216,-1.3599],[27.2679,-1.3362],[27.2504,-1.3162],[27.2554,-1.2962],[27.2704,-1.3029],[27.2963,-1.273],[27.2843,-1.2505],[27.2677,-1.2382],[27.2705,-1.226],[27.255,-1.2251],[27.2397,-1.2049],[27.2282,-1.2019],[27.2361,-1.1845],[27.2632,-1.1693],[27.2756,-1.1896],[27.2989,-1.176],[27.3265,-1.1948],[27.3433,-1.1793],[27.3253,-1.1655],[27.3144,-1.1371],[27.3291,-1.1098],[27.2921,-1.106],[27.2876,-1.0869],[27.2688,-1.0749],[27.2801,-1.0374],[27.269,-1.0191],[27.2694,-1.0113],[27.2807,-1.0071],[27.275,-0.9886],[27.2958,-0.9912],[27.2951,-0.9716],[27.3029,-0.9637],[27.344,-0.9462],[27.3568,-0.9629],[27.3816,-0.9606],[27.3973,-0.9436],[27.4098,-0.9502],[27.4571,-0.9156],[27.4997,-0.9004],[27.5269,-0.9006],[27.5481,-0.9099],[27.5751,-0.9034],[27.63,-0.9239],[27.6384,-0.9344],[27.6462,-0.9271],[27.6795,-0.9299],[27.698,-0.9154],[27.7063,-0.8931],[27.7289,-0.8964],[27.732,-0.9038],[27.7971,-0.8795],[27.8056,-0.8501],[27.8213,-0.8375],[27.803,-0.8024],[27.8098,-0.7995],[27.8061,-0.7833],[27.8308,-0.7852],[27.8653,-0.8073],[27.8772,-0.8036],[27.8908,-0.8244],[27.9154,-0.83],[27.9245,-0.8504],[27.9344,-0.8499],[27.9405,-0.8594],[27.9584,-0.915],[27.9799,-0.938],[28.0064,-0.9428],[28.0059,-0.9358],[28.0193,-0.9358],[28.0351,-0.9476],[28.0341,-0.9378],[28.0594,-0.9318],[28.0674,-0.9427],[28.0897,-0.9406],[28.1108,-0.9522],[28.117,-0.9404],[28.1262,-0.9483],[28.1756,-0.956],[28.1912,-0.9736],[28.1851,-0.9792],[28.2083,-0.9982],[28.21,-1.0136]]]}},{"type":"Feature","properties":{"zone":"","label":"Bagira","province":"sud_kivu","zscode":"aOghManYK5E"},"geometry":{"type":"Polygon","coordinates":[[[28.8767,-2.4589],[28.858,-2.4697],[28.8475,-2.468],[28.8444,-2.4706],[28.8455,-2.4834],[28.8363,-2.4947],[28.8391,-2.5034],[28.8312,-2.5143],[28.8309,-2.5216],[28.8214,-2.5196],[28.8171,-2.5223],[28.8037,-2.5158],[28.8064,-2.5085],[28.8002,-2.5012],[28.8172,-2.4877],[28.8119,-2.4831],[28.8211,-2.4761],[28.8224,-2.4682],[28.8668,-2.4403],[28.8767,-2.4589]]]}},{"type":"Feature","properties":{"zone":"","label":"Bunyakiri","province":"sud_kivu","zscode":"Th9eFA4VSq6"},"geometry":{"type":"Polygon","coordinates":[[[28.7616,-1.758],[28.7748,-1.7652],[28.7798,-1.7885],[28.7892,-1.7968],[28.773,-1.8123],[28.783,-1.8127],[28.7888,-1.8223],[28.7729,-1.8238],[28.7816,-1.8534],[28.766,-1.8547],[28.7602,-1.8628],[28.7624,-1.8807],[28.7742,-1.8866],[28.7818,-1.9233],[28.7899,-1.9388],[28.7996,-1.9411],[28.802,-1.9604],[28.7926,-1.9786],[28.7927,-2.0044],[28.7767,-2.0142],[28.7592,-2.0119],[28.7583,-2.0264],[28.7477,-2.0372],[28.773,-2.0586],[28.7779,-2.0843],[28.7911,-2.0951],[28.7983,-2.1331],[28.7805,-2.1559],[28.7628,-2.1639],[28.7315,-2.163],[28.714,-2.1928],[28.7106,-2.2314],[28.7004,-2.2412],[28.7046,-2.2677],[28.6815,-2.3018],[28.5972,-2.2565],[28.603,-2.2321],[28.5905,-2.1959],[28.5766,-2.1974],[28.5609,-2.2145],[28.5385,-2.2097],[28.5202,-2.1827],[28.4928,-2.1705],[28.4914,-2.1563],[28.446,-2.129],[28.4168,-2.1399],[28.4259,-2.1776],[28.4161,-2.1922],[28.3959,-2.1984],[28.36,-2.1883],[28.3591,-2.2335],[28.3205,-2.2424],[28.2723,-2.202],[28.2338,-2.1418],[28.1969,-2.109],[28.1592,-2.0258],[28.1691,-2.0124],[28.1531,-2.0101],[28.153,-1.9944],[28.1717,-2.0019],[28.24,-1.9906],[28.28,-1.9932],[28.3042,-1.9905],[28.3271,-1.9762],[28.3503,-1.994],[28.3743,-1.9932],[28.3823,-1.9779],[28.377,-1.9609],[28.3502,-1.9476],[28.3624,-1.9277],[28.4241,-1.9],[28.418,-1.8459],[28.4233,-1.8345],[28.44,-1.8349],[28.4456,-1.8542],[28.4401,-1.865],[28.4542,-1.8646],[28.4865,-1.8929],[28.5333,-1.8803],[28.5702,-1.8915],[28.58,-1.8782],[28.6087,-1.8681],[28.6622,-1.8647],[28.6791,-1.8387],[28.6748,-1.7886],[28.6624,-1.7861],[28.6655,-1.7773],[28.6528,-1.7569],[28.6567,-1.7419],[28.6592,-1.7506],[28.7162,-1.7655],[28.7616,-1.758]]]}},{"type":"Feature","properties":{"zone":"","label":"Fizi","province":"sud_kivu","zscode":"roraCGWMUQ0"},"geometry":{"type":"Polygon","coordinates":[[[29.1035,-4.0105],[29.0942,-4.0173],[29.0898,-4.0439],[29.0933,-4.0853],[29.1018,-4.0961],[29.099,-4.129],[29.0895,-4.1458],[29.1131,-4.1982],[29.1108,-4.2312],[29.0958,-4.2528],[29.0744,-4.2643],[29.0741,-4.2748],[29.0671,-4.2706],[29.0614,-4.2768],[29.0645,-4.3115],[29.0829,-4.3186],[29.0941,-4.314],[29.1029,-4.3298],[29.1474,-4.336],[29.2117,-4.1351],[29.2135,-4.1051],[29.2281,-4.0821],[29.2301,-4.0598],[29.2419,-4.0495],[29.262,-4.0892],[29.2589,-4.1777],[29.2447,-4.2175],[29.2052,-4.425],[29.2161,-4.5109],[29.212,-4.5237],[29.1294,-4.5908],[29.1174,-4.6215],[29.1201,-4.6957],[29.1043,-4.7886],[29.1126,-4.8457],[29.1094,-4.9468],[29.1219,-4.9962],[28.9628,-5.0093],[28.9685,-5.0014],[28.8606,-4.8357],[28.8251,-4.7647],[28.8141,-4.6671],[28.8912,-4.5119],[28.9007,-4.4736],[28.8485,-4.4231],[28.8279,-4.4616],[28.7483,-4.5467],[28.748,-4.6008],[28.7218,-4.6099],[28.7076,-4.6033],[28.7017,-4.6174],[28.6923,-4.6171],[28.6699,-4.5924],[28.6723,-4.5759],[28.66,-4.5633],[28.6675,-4.5559],[28.6609,-4.4986],[28.6358,-4.4562],[28.6348,-4.4425],[28.6613,-4.3988],[28.6531,-4.3862],[28.6545,-4.3455],[28.6455,-4.3395],[28.646,-4.318],[28.6307,-4.3092],[28.623,-4.313],[28.619,-4.3015],[28.6621,-4.2187],[28.6682,-4.2149],[28.6741,-4.2223],[28.6784,-4.204],[28.6897,-4.199],[28.6885,-4.1851],[28.6981,-4.1784],[28.6938,-4.1618],[28.7002,-4.167],[28.7162,-4.16],[28.7465,-4.1343],[28.7666,-4.1421],[28.7729,-4.155],[28.7905,-4.152],[28.8052,-4.1273],[28.8038,-4.1157],[28.8109,-4.1189],[28.8411,-4.0974],[28.8318,-4.043],[28.8168,-4.0341],[28.8137,-4.0231],[28.839,-3.9928],[28.8554,-3.9878],[28.868,-3.9938],[28.8858,-3.9825],[28.917,-3.9945],[28.9147,-3.9788],[28.9251,-3.9717],[28.922,-3.9667],[28.9464,-3.9578],[28.9958,-3.9607],[29.0024,-3.9687],[29.0053,-3.9613],[29.0365,-3.9675],[29.0409,-3.9615],[29.0416,-3.9685],[29.0968,-3.9999],[29.1035,-4.0105]]]}},{"type":"Feature","properties":{"zone":"","label":"Haut Plateau","province":"sud_kivu","zscode":"CP7PqKqIADY"},"geometry":{"type":"Polygon","coordinates":[[[29.0412,-3.3226],[29.0433,-3.3344],[29.0653,-3.3484],[29.0548,-3.3567],[29.0541,-3.3684],[29.0849,-3.3888],[29.0733,-3.3928],[29.0572,-3.3846],[29.0514,-3.3932],[29.0422,-3.3811],[29.0273,-3.3849],[29.0348,-3.3923],[29.0308,-3.4139],[29.04,-3.4301],[29.0546,-3.4357],[29.0301,-3.4702],[29.0342,-3.5075],[29.0243,-3.5103],[29.0252,-3.5313],[29.0599,-3.5342],[29.0702,-3.5219],[29.0717,-3.5436],[29.0461,-3.5482],[29.0333,-3.5719],[29.0369,-3.5843],[29.0243,-3.5903],[29.0306,-3.6068],[29.0188,-3.6047],[28.9989,-3.6329],[28.9876,-3.6281],[28.9718,-3.641],[28.9412,-3.6477],[28.9243,-3.6375],[28.923,-3.6486],[28.9012,-3.6499],[28.8746,-3.6181],[28.8287,-3.5986],[28.8359,-3.5545],[28.8118,-3.5413],[28.7818,-3.5409],[28.7805,-3.5229],[28.7672,-3.5045],[28.799,-3.4727],[28.7956,-3.4579],[28.803,-3.4447],[28.8436,-3.4244],[28.8316,-3.3801],[28.8142,-3.3569],[28.8443,-3.3403],[28.8361,-3.3095],[28.8458,-3.3019],[28.8296,-3.2811],[28.8078,-3.2771],[28.8052,-3.2565],[28.8169,-3.2203],[28.7893,-3.1915],[28.8004,-3.1721],[28.7824,-3.1412],[28.7884,-3.1169],[28.7751,-3.0836],[28.7919,-3.0725],[28.7913,-3.0473],[28.8187,-3.052],[28.82,-3.0436],[28.835,-3.0507],[28.8461,-3.0254],[28.8637,-3.0205],[28.8679,-3.0337],[28.882,-3.0156],[28.9068,-3.0088],[28.9197,-3.0153],[28.9204,-3.0304],[28.8925,-3.0669],[28.8966,-3.0851],[28.9433,-3.1311],[28.945,-3.1233],[28.9545,-3.1276],[28.9419,-3.1402],[28.9449,-3.1711],[28.977,-3.2017],[29.0053,-3.2125],[29.0039,-3.2392],[29.0184,-3.2778],[29.0118,-3.3018],[29.0235,-3.3089],[29.0204,-3.314],[29.0412,-3.3226]]]}},{"type":"Feature","properties":{"zone":"","label":"Ibanda","province":"sud_kivu","zscode":"jOxDAa0HM4a"},"geometry":{"type":"Polygon","coordinates":[[[28.882,-2.5533],[28.8603,-2.5508],[28.8578,-2.5391],[28.8514,-2.5345],[28.845,-2.5356],[28.8513,-2.5318],[28.8549,-2.5169],[28.8517,-2.5007],[28.8533,-2.4783],[28.858,-2.4697],[28.8767,-2.4589],[28.8915,-2.4743],[28.893,-2.4914],[28.8887,-2.5056],[28.8743,-2.5098],[28.863,-2.5218],[28.8618,-2.5297],[28.882,-2.5533]]]}},{"type":"Feature","properties":{"zone":"","label":"Idjwi","province":"sud_kivu","zscode":"Bxi65HPz420"},"geometry":{"type":"Polygon","coordinates":[[[29.1788,-1.7888],[29.1421,-1.8443],[29.1267,-1.9249],[29.1681,-2.061],[29.1712,-2.1381],[29.1082,-2.2666],[29.0921,-2.2765],[29.0011,-2.2939],[28.9846,-2.3374],[28.9763,-2.3089],[28.9972,-2.2547],[28.9739,-2.2458],[28.9532,-2.2133],[28.9555,-2.1675],[28.942,-2.1208],[28.9513,-2.1094],[28.9824,-2.0981],[29.0126,-2.0467],[28.9856,-2.0275],[28.9801,-1.9911],[28.9646,-1.9773],[28.9855,-1.9429],[29.0108,-1.9348],[29.057,-1.8513],[29.0869,-1.8213],[29.135,-1.7961],[29.1788,-1.7888]]]}},{"type":"Feature","properties":{"zone":"","label":"Itombwe","province":"sud_kivu","zscode":"ZwpyTsxIyb3"},"geometry":{"type":"Polygon","coordinates":[[[28.8078,-3.2771],[28.8296,-3.2811],[28.8458,-3.3019],[28.8361,-3.3095],[28.8443,-3.3403],[28.8142,-3.3569],[28.8316,-3.3801],[28.8435,-3.4247],[28.803,-3.4447],[28.7956,-3.4579],[28.799,-3.4727],[28.7671,-3.5044],[28.7805,-3.5229],[28.7818,-3.5409],[28.8118,-3.5413],[28.8359,-3.5545],[28.8279,-3.5972],[28.8475,-3.606],[28.8314,-3.6121],[28.8118,-3.6025],[28.8,-3.6095],[28.7922,-3.6052],[28.7837,-3.6519],[28.7189,-3.6183],[28.7184,-3.6555],[28.7283,-3.6569],[28.7292,-3.6664],[28.7206,-3.6824],[28.7453,-3.6919],[28.7517,-3.7039],[28.7359,-3.7055],[28.7283,-3.7267],[28.7345,-3.7312],[28.7509,-3.7245],[28.7595,-3.7363],[28.7647,-3.7274],[28.7968,-3.7237],[28.8339,-3.6966],[28.9009,-3.7447],[28.9101,-3.7603],[28.9021,-3.8019],[28.9093,-3.8212],[28.9,-3.8168],[28.8748,-3.8239],[28.8592,-3.8816],[28.8399,-3.8771],[28.8312,-3.906],[28.7914,-3.8968],[28.7975,-3.8749],[28.7697,-3.818],[28.7085,-3.8248],[28.7025,-3.7933],[28.716,-3.7613],[28.6922,-3.7591],[28.6908,-3.7734],[28.6679,-3.8006],[28.6859,-3.8002],[28.6784,-3.8186],[28.6537,-3.8268],[28.6519,-3.846],[28.631,-3.8445],[28.5867,-3.8844],[28.5477,-3.8659],[28.5363,-3.8876],[28.5266,-3.8778],[28.5066,-3.8939],[28.4971,-3.8704],[28.5185,-3.865],[28.5014,-3.8516],[28.4835,-3.8773],[28.4937,-3.8849],[28.473,-3.8851],[28.4808,-3.9081],[28.4659,-3.9329],[28.4526,-3.9134],[28.4078,-3.9061],[28.4,-3.8992],[28.4139,-3.8757],[28.3777,-3.8644],[28.3719,-3.8559],[28.4371,-3.8523],[28.4494,-3.8334],[28.4677,-3.8434],[28.47,-3.833],[28.4474,-3.8212],[28.4489,-3.8018],[28.4596,-3.8035],[28.425,-3.7437],[28.4093,-3.6389],[28.3848,-3.5903],[28.3651,-3.554],[28.2731,-3.5432],[28.27,-3.5354],[28.2631,-3.5422],[28.2244,-3.5384],[28.1724,-3.4855],[28.1765,-3.4756],[28.2057,-3.4562],[28.2278,-3.4147],[28.2671,-3.3793],[28.284,-3.3742],[28.337,-3.4072],[28.3402,-3.3904],[28.3539,-3.3849],[28.3775,-3.3568],[28.3769,-3.3317],[28.3859,-3.3361],[28.4028,-3.3161],[28.4152,-3.3213],[28.4687,-3.3106],[28.4868,-3.3335],[28.5575,-3.3588],[28.5795,-3.3287],[28.5903,-3.2929],[28.6253,-3.2944],[28.6554,-3.2441],[28.6865,-3.2187],[28.7085,-3.2586],[28.7437,-3.2698],[28.7517,-3.2892],[28.7813,-3.2895],[28.8078,-3.2771]]]}},{"type":"Feature","properties":{"zone":"","label":"Kabare","province":"sud_kivu","zscode":"zqUe1DuDMxH"},"geometry":{"type":"Polygon","coordinates":[[[28.8684,-2.4216],[28.8668,-2.4403],[28.8224,-2.4682],[28.8119,-2.4831],[28.8172,-2.4877],[28.8004,-2.5008],[28.8174,-2.5306],[28.8363,-2.532],[28.8317,-2.5524],[28.8103,-2.5485],[28.8004,-2.5662],[28.7681,-2.5447],[28.7488,-2.5467],[28.7148,-2.5154],[28.6745,-2.5209],[28.666,-2.5156],[28.6379,-2.5284],[28.6148,-2.5132],[28.6273,-2.4591],[28.646,-2.4433],[28.6571,-2.4433],[28.6713,-2.4216],[28.6811,-2.4183],[28.7061,-2.4304],[28.7215,-2.4181],[28.7486,-2.4115],[28.7797,-2.4176],[28.7968,-2.4073],[28.8684,-2.4216]]]}},{"type":"Feature","properties":{"zone":"","label":"Kadutu","province":"sud_kivu","zscode":"bfFprcRp0YO"},"geometry":{"type":"Polygon","coordinates":[[[28.858,-2.4697],[28.8522,-2.4864],[28.854,-2.5209],[28.8469,-2.529],[28.8479,-2.5312],[28.8384,-2.534],[28.8354,-2.5395],[28.8361,-2.5358],[28.8327,-2.534],[28.8363,-2.532],[28.8345,-2.5283],[28.8288,-2.5278],[28.8238,-2.5332],[28.8209,-2.5292],[28.8176,-2.5307],[28.8155,-2.528],[28.8167,-2.5228],[28.8213,-2.5196],[28.826,-2.522],[28.8314,-2.5212],[28.8312,-2.5143],[28.8391,-2.5034],[28.8362,-2.4949],[28.8455,-2.4834],[28.8444,-2.4706],[28.8475,-2.468],[28.858,-2.4697]]]}},{"type":"Feature","properties":{"zone":"","label":"Kalehe","province":"sud_kivu","zscode":"OWrtstWKEly"},"geometry":{"type":"Polygon","coordinates":[[[29.0035,-1.9359],[28.9855,-1.9429],[28.9646,-1.9773],[28.9801,-1.9911],[28.9856,-2.0275],[29.0126,-2.0467],[29.0111,-2.0585],[28.9824,-2.0981],[28.9431,-2.1181],[28.9555,-2.1675],[28.9512,-2.181],[28.9079,-2.1388],[28.876,-2.14],[28.8543,-2.1769],[28.8342,-2.163],[28.8084,-2.1644],[28.7815,-2.1552],[28.7983,-2.1332],[28.7933,-2.1029],[28.7779,-2.0843],[28.7658,-2.0469],[28.7477,-2.0362],[28.7583,-2.0264],[28.7592,-2.0119],[28.7767,-2.0142],[28.7927,-2.0043],[28.8037,-1.9355],[28.8321,-1.9481],[28.8454,-1.9455],[28.8531,-1.957],[28.9134,-1.9025],[28.9237,-1.8803],[28.9316,-1.8853],[28.9543,-1.8781],[28.9582,-1.8912],[28.9702,-1.8908],[28.9753,-1.8985],[28.9632,-1.9009],[28.9673,-1.912],[29.0035,-1.9359]]]}},{"type":"Feature","properties":{"zone":"","label":"Kalole","province":"sud_kivu","zscode":"euP5fSU9vky"},"geometry":{"type":"Polygon","coordinates":[[[27.4401,-3.2945],[27.4571,-3.3348],[27.4903,-3.3678],[27.5179,-3.3603],[27.6239,-3.3632],[27.7422,-3.3425],[27.7351,-3.4065],[27.7233,-3.4312],[27.7406,-3.4511],[27.7768,-3.4718],[27.7872,-3.4883],[27.8165,-3.4598],[27.8429,-3.4899],[27.8477,-3.4837],[27.8567,-3.4903],[27.8592,-3.4817],[27.8704,-3.4833],[27.87,-3.4744],[27.8836,-3.4759],[27.8845,-3.4633],[27.8929,-3.4722],[27.9044,-3.4685],[27.895,-3.4646],[27.9025,-3.4475],[27.914,-3.4575],[27.9332,-3.4415],[27.9514,-3.4449],[27.9546,-3.4785],[27.9856,-3.5093],[28.0029,-3.5153],[28.0125,-3.5288],[28.0049,-3.533],[28.0092,-3.554],[28.05,-3.5849],[28.0378,-3.6141],[28.0251,-3.6208],[28.0445,-3.6415],[28.0585,-3.6454],[28.0647,-3.6687],[28.082,-3.6766],[28.0852,-3.6895],[28.0746,-3.6995],[28.0869,-3.7078],[28.084,-3.7167],[28.1477,-3.7415],[28.156,-3.7538],[28.1512,-3.78],[28.2032,-3.8279],[28.0773,-3.8291],[28.0682,-3.8513],[28.043,-3.8696],[28.0127,-3.8786],[27.9855,-3.9107],[27.9499,-3.9317],[27.9013,-3.9448],[27.8653,-3.9782],[27.8431,-3.9855],[27.8211,-4.0195],[27.7985,-4.004],[27.7672,-4.004],[27.6185,-4.0204],[27.5806,-3.9949],[27.5524,-3.9918],[27.5259,-3.9702],[27.4966,-3.9601],[27.479,-3.9614],[27.4451,-3.9872],[27.3866,-3.9353],[27.3466,-3.9353],[27.3164,-3.9156],[27.2777,-3.9185],[27.2801,-3.9076],[27.2689,-3.9085],[27.2624,-3.899],[27.2497,-3.9045],[27.2285,-3.8955],[27.2138,-3.8999],[27.1887,-3.8893],[27.1772,-3.8571],[27.1624,-3.8502],[27.1652,-3.8373],[27.1525,-3.8212],[27.1412,-3.8203],[27.1432,-3.8117],[27.1305,-3.8111],[27.1215,-3.7863],[27.1123,-3.7845],[27.1168,-3.7754],[27.1065,-3.7669],[27.109,-3.7588],[27.0967,-3.7534],[27.0856,-3.7282],[27.0926,-3.723],[27.0898,-3.7011],[27.0988,-3.6998],[27.0996,-3.6883],[27.0926,-3.6852],[27.1,-3.6786],[27.0994,-3.6225],[27.1272,-3.5729],[27.1216,-3.5577],[27.1348,-3.5587],[27.1353,-3.5391],[27.1198,-3.5466],[27.1168,-3.5397],[27.1322,-3.5302],[27.134,-3.5011],[27.1191,-3.4572],[27.1326,-3.4287],[27.1286,-3.4237],[27.1154,-3.4306],[27.1134,-3.3858],[27.1015,-3.393],[27.0922,-3.3831],[27.105,-3.3637],[27.0946,-3.3412],[27.0991,-3.318],[27.1204,-3.3023],[27.1929,-3.2958],[27.2386,-3.3008],[27.2749,-3.294],[27.3623,-3.3043],[27.4401,-3.2945]]]}},{"type":"Feature","properties":{"zone":"","label":"Kalonge","province":"sud_kivu","zscode":"iPD8STDLALc"},"geometry":{"type":"Polygon","coordinates":[[[28.7046,-2.2677],[28.6979,-2.3022],[28.7081,-2.3366],[28.6974,-2.3619],[28.696,-2.3934],[28.6833,-2.3991],[28.6811,-2.4183],[28.6571,-2.4433],[28.646,-2.4433],[28.6275,-2.4588],[28.6225,-2.4822],[28.5953,-2.4638],[28.568,-2.4605],[28.5639,-2.4499],[28.551,-2.4507],[28.5228,-2.4302],[28.5042,-2.4477],[28.4704,-2.4518],[28.4505,-2.4376],[28.4261,-2.4325],[28.4132,-2.4478],[28.3981,-2.4314],[28.3864,-2.43],[28.3812,-2.3886],[28.3661,-2.3756],[28.393,-2.3716],[28.4088,-2.3456],[28.3596,-2.3053],[28.3368,-2.303],[28.3153,-2.2813],[28.3147,-2.2711],[28.3205,-2.2424],[28.3592,-2.2334],[28.3589,-2.1893],[28.3986,-2.1985],[28.416,-2.1923],[28.4259,-2.1776],[28.4168,-2.1399],[28.446,-2.129],[28.4914,-2.1563],[28.4928,-2.1705],[28.5202,-2.1827],[28.5385,-2.2097],[28.5609,-2.2145],[28.5766,-2.1974],[28.5905,-2.1959],[28.603,-2.2321],[28.5949,-2.2538],[28.6397,-2.2746],[28.6747,-2.3018],[28.6885,-2.2974],[28.7046,-2.2677]]]}},{"type":"Feature","properties":{"zone":"","label":"Kamituga","province":"sud_kivu","zscode":"rv3KA7DrJCO"},"geometry":{"type":"Polygon","coordinates":[[[28.3223,-2.8291],[28.3231,-2.8453],[28.3538,-2.8972],[28.3339,-2.9309],[28.3354,-2.9456],[28.3742,-2.9516],[28.3462,-2.9728],[28.3227,-2.9724],[28.3161,-2.9972],[28.277,-3.0144],[28.2786,-3.0215],[28.2924,-3.0155],[28.2965,-3.0379],[28.2681,-3.05],[28.2605,-3.0619],[28.2825,-3.0657],[28.2916,-3.0764],[28.2889,-3.0853],[28.3022,-3.0872],[28.3124,-3.1083],[28.3046,-3.113],[28.3003,-3.151],[28.3141,-3.1756],[28.338,-3.1737],[28.3342,-3.1867],[28.3188,-3.1993],[28.2911,-3.205],[28.2784,-3.224],[28.2632,-3.2201],[28.2721,-3.2364],[28.2722,-3.252],[28.2647,-3.2567],[28.2307,-3.2401],[28.2043,-3.1994],[28.1702,-3.198],[28.1644,-3.1862],[28.1506,-3.1888],[28.1424,-3.1724],[28.0023,-3.1976],[27.921,-3.096],[27.9643,-3.0408],[27.9565,-3.0244],[27.9589,-2.9919],[27.9882,-2.9878],[28.0104,-2.9522],[28.0458,-2.9535],[28.0623,-2.9184],[28.0762,-2.9129],[28.1243,-2.9186],[28.1218,-2.8932],[28.1489,-2.9048],[28.1706,-2.9029],[28.2071,-2.8728],[28.2076,-2.8561],[28.2238,-2.8356],[28.2425,-2.8315],[28.2738,-2.8501],[28.3223,-2.8291]]]}},{"type":"Feature","properties":{"zone":"","label":"Kaniola","province":"sud_kivu","zscode":"lXfXl6ZJQWI"},"geometry":{"type":"Polygon","coordinates":[[[28.3858,-2.4104],[28.3864,-2.43],[28.3981,-2.4314],[28.4132,-2.4478],[28.426,-2.4325],[28.4505,-2.4376],[28.469,-2.4516],[28.5014,-2.4486],[28.5226,-2.4302],[28.551,-2.4507],[28.5639,-2.4499],[28.5681,-2.4605],[28.5953,-2.4638],[28.6229,-2.483],[28.6149,-2.5078],[28.6187,-2.5211],[28.6379,-2.5284],[28.6447,-2.5202],[28.6879,-2.5174],[28.7062,-2.5413],[28.693,-2.5576],[28.7045,-2.5654],[28.6738,-2.5932],[28.6777,-2.6054],[28.6702,-2.6139],[28.6541,-2.6076],[28.6426,-2.6146],[28.6453,-2.6504],[28.6308,-2.6682],[28.6253,-2.6646],[28.6203,-2.674],[28.6103,-2.6585],[28.6096,-2.6688],[28.6015,-2.6661],[28.5824,-2.6829],[28.5623,-2.6801],[28.5349,-2.7109],[28.5235,-2.7054],[28.5028,-2.7191],[28.5027,-2.7306],[28.5191,-2.7347],[28.5364,-2.7514],[28.5169,-2.7732],[28.5044,-2.7681],[28.4897,-2.8015],[28.4748,-2.7965],[28.4471,-2.8182],[28.4496,-2.8053],[28.4317,-2.8052],[28.4396,-2.7945],[28.4048,-2.783],[28.401,-2.7913],[28.3822,-2.792],[28.3767,-2.8163],[28.347,-2.8384],[28.3412,-2.8293],[28.3189,-2.8276],[28.3242,-2.7946],[28.343,-2.7678],[28.3375,-2.7527],[28.3698,-2.7408],[28.367,-2.7138],[28.3822,-2.7081],[28.3474,-2.6807],[28.3464,-2.6523],[28.317,-2.6453],[28.3156,-2.6091],[28.3281,-2.5955],[28.3167,-2.5782],[28.3295,-2.5513],[28.3276,-2.5356],[28.2978,-2.5316],[28.287,-2.5114],[28.3406,-2.4808],[28.3214,-2.4484],[28.3227,-2.4339],[28.3463,-2.4189],[28.3518,-2.4055],[28.3858,-2.4104]]]}},{"type":"Feature","properties":{"zone":"","label":"Katana","province":"sud_kivu","zscode":"TpB2SUwsDbn"},"geometry":{"type":"Polygon","coordinates":[[[28.9512,-2.181],[28.954,-2.215],[28.9739,-2.2458],[28.9972,-2.2546],[28.9763,-2.3089],[28.9846,-2.3374],[28.9616,-2.3525],[28.9621,-2.3731],[28.9098,-2.3722],[28.8774,-2.4016],[28.8501,-2.3717],[28.845,-2.3544],[28.8664,-2.3455],[28.8578,-2.3378],[28.8636,-2.3333],[28.8532,-2.3303],[28.8683,-2.3127],[28.8628,-2.2979],[28.8762,-2.2885],[28.8659,-2.273],[28.8481,-2.269],[28.8488,-2.2469],[28.8368,-2.2547],[28.828,-2.2475],[28.83,-2.2211],[28.8228,-2.2163],[28.8163,-2.2238],[28.7688,-2.1924],[28.7628,-2.1639],[28.7734,-2.1545],[28.7922,-2.1548],[28.8083,-2.1644],[28.8394,-2.1648],[28.8543,-2.1769],[28.876,-2.14],[28.9079,-2.1388],[28.9512,-2.181]]]}},{"type":"Feature","properties":{"zone":"","label":"Kaziba","province":"sud_kivu","zscode":"a2dADiJAGrT"},"geometry":{"type":"Polygon","coordinates":[[[28.914,-2.7387],[28.8885,-2.7633],[28.8879,-2.7744],[28.9058,-2.7849],[28.8912,-2.8049],[28.9168,-2.8276],[28.9,-2.8279],[28.8998,-2.8437],[28.8877,-2.846],[28.8762,-2.8695],[28.8817,-2.9133],[28.8911,-2.9347],[28.9016,-2.9358],[28.8935,-2.9754],[28.9007,-2.9837],[28.8928,-2.9885],[28.9058,-2.9963],[28.9,-3.0057],[28.9063,-3.0102],[28.8817,-3.0158],[28.8679,-3.0337],[28.8637,-3.0205],[28.8461,-3.0254],[28.835,-3.0507],[28.8199,-3.0436],[28.819,-3.0519],[28.7947,-3.0464],[28.7899,-3.0546],[28.7589,-3.0478],[28.7573,-3.0361],[28.7709,-3.0294],[28.772,-3.0077],[28.8097,-2.9945],[28.8279,-2.997],[28.8322,-2.9895],[28.8049,-2.9574],[28.7971,-2.9306],[28.7947,-2.9201],[28.8035,-2.9192],[28.8032,-2.8982],[28.8119,-2.8872],[28.8037,-2.8674],[28.796,-2.8668],[28.7909,-2.8446],[28.7725,-2.8363],[28.7844,-2.8194],[28.7699,-2.7921],[28.7764,-2.7899],[28.7659,-2.7825],[28.7723,-2.7685],[28.7903,-2.7423],[28.8133,-2.7271],[28.8242,-2.7284],[28.814,-2.7175],[28.8234,-2.7149],[28.8239,-2.7063],[28.8559,-2.7245],[28.8731,-2.7226],[28.8798,-2.7053],[28.8885,-2.706],[28.914,-2.7387]]]}},{"type":"Feature","properties":{"zone":"","label":"Kimbi Lulenge","province":"sud_kivu","zscode":"lF2aCHDydzn"},"geometry":{"type":"Polygon","coordinates":[[[28.3719,-3.8559],[28.3777,-3.8644],[28.4035,-3.8673],[28.4141,-3.8762],[28.3922,-3.9058],[28.393,-3.9327],[28.3624,-3.9403],[28.3597,-3.9481],[28.3814,-3.9778],[28.3762,-3.9892],[28.3858,-4.0215],[28.4093,-4.0141],[28.4182,-4.019],[28.4116,-4.0382],[28.4223,-4.0512],[28.4103,-4.0871],[28.4163,-4.1193],[28.4291,-4.1267],[28.4481,-4.157],[28.4657,-4.1655],[28.4605,-4.1715],[28.4754,-4.1924],[28.506,-4.1939],[28.5125,-4.2042],[28.5075,-4.2178],[28.5322,-4.2334],[28.5983,-4.2161],[28.6381,-4.225],[28.6522,-4.2372],[28.619,-4.3015],[28.623,-4.313],[28.6307,-4.3092],[28.646,-4.318],[28.6455,-4.3395],[28.6545,-4.3455],[28.6531,-4.3862],[28.6613,-4.3988],[28.6347,-4.4433],[28.6373,-4.464],[28.6609,-4.4985],[28.6675,-4.5559],[28.66,-4.5634],[28.6722,-4.5758],[28.6738,-4.5971],[28.6927,-4.6173],[28.7017,-4.6174],[28.7081,-4.6032],[28.7211,-4.6099],[28.7426,-4.6071],[28.7507,-4.5963],[28.7483,-4.5467],[28.8279,-4.4616],[28.8485,-4.4231],[28.9007,-4.4736],[28.8912,-4.5119],[28.8141,-4.6675],[28.8253,-4.7659],[28.8606,-4.8357],[28.9704,-5.0062],[28.9628,-5.0068],[28.9694,-5.0145],[28.9654,-5.0255],[28.9245,-5.0508],[28.8815,-5.0517],[28.8829,-5.0386],[28.8639,-5.0305],[28.869,-5.023],[28.8437,-5.0277],[28.8334,-5.0147],[28.8153,-5.0164],[28.8106,-5.0298],[28.7966,-4.9944],[28.785,-4.9943],[28.7761,-4.9838],[28.7713,-4.973],[28.7776,-4.9669],[28.7546,-4.9609],[28.7491,-4.9437],[28.76,-4.9388],[28.7555,-4.9237],[28.7682,-4.9142],[28.75,-4.9009],[28.7373,-4.853],[28.7132,-4.8342],[28.7161,-4.82],[28.6951,-4.81],[28.6976,-4.8035],[28.6899,-4.7995],[28.689,-4.756],[28.6795,-4.7507],[28.6838,-4.7396],[28.6593,-4.7057],[28.6444,-4.7016],[28.6456,-4.6915],[28.6071,-4.6762],[28.5943,-4.6351],[28.5398,-4.5834],[28.5103,-4.5027],[28.5123,-4.4729],[28.4932,-4.4583],[28.4545,-4.3964],[28.3933,-4.3685],[28.3911,-4.3423],[28.3779,-4.331],[28.3491,-4.3392],[28.3421,-4.3028],[28.3236,-4.2824],[28.2918,-4.2723],[28.2489,-4.2732],[28.2527,-4.197],[28.2284,-4.1893],[28.2098,-4.1596],[28.2165,-4.153],[28.204,-4.1481],[28.1811,-4.1596],[28.1781,-4.1853],[28.1617,-4.2153],[28.1361,-4.2235],[28.1264,-4.2156],[28.1184,-4.2269],[28.1068,-4.2118],[28.0717,-4.1962],[28.0743,-4.1897],[28.0615,-4.1838],[28.0496,-4.1806],[28.0384,-4.1902],[28.0176,-4.1908],[28.0158,-4.1701],[28.0237,-4.1625],[28.0162,-4.1447],[28.0307,-4.1322],[27.9958,-4.1454],[27.9614,-4.1259],[27.9468,-4.1343],[27.9366,-4.1259],[27.896,-4.1259],[27.8604,-4.1116],[27.8343,-4.0899],[27.8271,-4.0442],[27.8378,-4.0224],[27.8211,-4.0193],[27.8408,-3.9878],[27.8653,-3.9782],[27.9013,-3.9448],[27.9499,-3.9317],[27.9855,-3.9107],[28.0127,-3.8786],[28.043,-3.8696],[28.0682,-3.8513],[28.0774,-3.8291],[28.1504,-3.8249],[28.2031,-3.8279],[28.2027,-3.8349],[28.2125,-3.8348],[28.2366,-3.8212],[28.2452,-3.8273],[28.2717,-3.8235],[28.2786,-3.8383],[28.2891,-3.8299],[28.3004,-3.8358],[28.3165,-3.8271],[28.3719,-3.8559]]]}},{"type":"Feature","properties":{"zone":"","label":"Kitutu","province":"sud_kivu","zscode":"n1r14Rh3NvB"},"geometry":{"type":"Polygon","coordinates":[[[27.921,-3.096],[28.0023,-3.1976],[28.1424,-3.1724],[28.1506,-3.1888],[28.1644,-3.1862],[28.1702,-3.198],[28.2043,-3.1994],[28.2307,-3.2401],[28.2656,-3.2556],[28.268,-3.272],[28.2484,-3.2803],[28.2493,-3.2947],[28.2407,-3.2915],[28.2255,-3.3024],[28.2291,-3.3068],[28.2157,-3.3217],[28.2198,-3.3291],[28.2113,-3.3351],[28.2211,-3.3611],[28.2434,-3.3768],[28.2675,-3.3802],[28.2279,-3.4147],[28.2058,-3.4561],[28.1848,-3.4648],[28.1724,-3.4855],[28.2244,-3.5384],[28.2631,-3.5422],[28.27,-3.5354],[28.2731,-3.5432],[28.3651,-3.554],[28.4093,-3.6387],[28.425,-3.7437],[28.4596,-3.8034],[28.4489,-3.8018],[28.4474,-3.8212],[28.4681,-3.8275],[28.4677,-3.8434],[28.4494,-3.8334],[28.4373,-3.8522],[28.3934,-3.8578],[28.3686,-3.8556],[28.3542,-3.8416],[28.3165,-3.8271],[28.3004,-3.8358],[28.2891,-3.8299],[28.2785,-3.8383],[28.2717,-3.8235],[28.2452,-3.8273],[28.2361,-3.8213],[28.2027,-3.8349],[28.203,-3.8212],[28.1835,-3.8165],[28.1791,-3.8003],[28.165,-3.7967],[28.1512,-3.78],[28.156,-3.7538],[28.1491,-3.7429],[28.084,-3.7167],[28.0869,-3.7078],[28.0746,-3.6995],[28.0852,-3.6895],[28.082,-3.6766],[28.0647,-3.6687],[28.0585,-3.6454],[28.0445,-3.6415],[28.0251,-3.6208],[28.0378,-3.6141],[28.05,-3.5849],[28.0092,-3.554],[28.0049,-3.533],[28.0125,-3.5288],[28.0029,-3.5153],[27.9856,-3.5093],[27.9546,-3.4785],[27.9514,-3.4449],[27.9332,-3.4415],[27.914,-3.4575],[27.9025,-3.4475],[27.895,-3.4646],[27.9044,-3.4685],[27.8929,-3.4722],[27.8845,-3.4633],[27.8827,-3.4766],[27.87,-3.4744],[27.8699,-3.4839],[27.8592,-3.4817],[27.8567,-3.4903],[27.8477,-3.4837],[27.8448,-3.491],[27.8165,-3.4598],[27.7872,-3.4883],[27.7768,-3.4718],[27.7283,-3.4391],[27.7233,-3.4312],[27.7351,-3.4065],[27.7425,-3.3465],[27.7314,-3.3105],[27.7762,-3.2924],[27.8163,-3.1929],[27.8104,-3.1714],[27.8218,-3.1244],[27.8432,-3.1007],[27.921,-3.096]]]}},{"type":"Feature","properties":{"zone":"","label":"Lemera","province":"sud_kivu","zscode":"XFUHGajCqjY"},"geometry":{"type":"Polygon","coordinates":[[[29.0045,-2.7807],[29.0058,-2.8151],[29.0279,-2.8259],[29.0511,-2.8203],[29.0685,-2.8472],[29.0698,-2.8636],[29.0933,-2.8758],[29.0894,-2.8988],[29.0963,-2.9182],[29.1214,-2.9298],[29.1036,-2.9462],[29.0986,-2.9327],[29.0888,-2.9342],[29.093,-2.9261],[29.0826,-2.9329],[29.076,-2.9228],[29.0623,-2.9302],[29.0567,-2.9657],[29.0728,-2.973],[29.0782,-2.9869],[29.0689,-3.0001],[29.0728,-3.0142],[29.056,-3.0294],[29.0364,-3.0332],[29.0282,-3.0498],[29.04,-3.0858],[29.0273,-3.1011],[29.0282,-3.112],[29.0395,-3.1007],[29.0577,-3.1235],[29.0517,-3.1321],[29.0627,-3.1391],[29.01,-3.172],[29.0201,-3.1982],[29.0129,-3.2101],[29.0291,-3.2167],[29.0295,-3.2016],[29.0451,-3.2023],[29.052,-3.2192],[29.037,-3.2393],[29.0368,-3.2599],[29.0545,-3.2534],[29.0642,-3.2658],[29.0445,-3.2748],[29.0425,-3.2811],[29.0542,-3.2765],[29.0516,-3.2857],[29.0297,-3.2972],[29.0349,-3.3134],[29.0442,-3.3168],[29.0412,-3.3226],[29.0204,-3.314],[29.0235,-3.3089],[29.0118,-3.3018],[29.0184,-3.2778],[29.0039,-3.2392],[29.0053,-3.2125],[28.977,-3.2017],[28.9449,-3.1711],[28.9419,-3.1402],[28.9545,-3.1276],[28.945,-3.1233],[28.9433,-3.1311],[28.928,-3.1199],[28.8944,-3.0792],[28.8927,-3.0664],[28.9127,-3.0433],[28.9216,-3.0186],[28.9,-3.0057],[28.9058,-2.9963],[28.8928,-2.9885],[28.9007,-2.9837],[28.8935,-2.9754],[28.9016,-2.9358],[28.8911,-2.9347],[28.8762,-2.8782],[28.8839,-2.8511],[28.8998,-2.8437],[28.8988,-2.8292],[28.9168,-2.8276],[28.8912,-2.8049],[28.9058,-2.7849],[28.8879,-2.7744],[28.8885,-2.7633],[28.9148,-2.7378],[28.9938,-2.756],[29.0045,-2.7807]]]}},{"type":"Feature","properties":{"zone":"","label":"Lulingu","province":"sud_kivu","zscode":"UkT2MUS83YY"},"geometry":{"type":"Polygon","coordinates":[[[27.8594,-2.0152],[27.8852,-2.0411],[27.888,-2.0823],[27.9003,-2.0844],[27.9253,-2.1378],[27.9457,-2.1282],[28.005,-2.142],[28.0583,-2.1314],[28.059,-2.146],[28.0276,-2.1524],[28.0186,-2.1692],[28.0051,-2.1728],[27.9667,-2.2136],[27.9037,-2.2502],[27.8698,-2.2925],[27.7781,-2.3412],[27.7508,-2.3897],[27.7269,-2.4078],[27.7,-2.5193],[27.6698,-2.5172],[27.6269,-2.5489],[27.6107,-2.5517],[27.589,-2.5727],[27.5433,-2.5746],[27.533,-2.5884],[27.4706,-2.5765],[27.3915,-2.5956],[27.3545,-2.5966],[27.2432,-2.5683],[27.2411,-2.5757],[27.2278,-2.5705],[27.2198,-2.5781],[27.2063,-2.561],[27.187,-2.565],[27.1774,-2.5521],[27.1692,-2.6097],[27.151,-2.6133],[27.1328,-2.6017],[27.1235,-2.6089],[27.1052,-2.6078],[27.101,-2.6185],[27.11,-2.6306],[27.1046,-2.6449],[27.0806,-2.6632],[27.0738,-2.6541],[27.0923,-2.6548],[27.0955,-2.6464],[27.0849,-2.6234],[27.0648,-2.6157],[27.0619,-2.6248],[27.0308,-2.6377],[27.0224,-2.6207],[27.0056,-2.6246],[26.9962,-2.6053],[26.9524,-2.5799],[26.9465,-2.584],[26.9577,-2.6085],[26.9442,-2.6155],[26.9355,-2.6014],[26.9055,-2.6172],[26.8869,-2.6042],[26.8595,-2.6016],[26.8549,-2.5798],[26.871,-2.5632],[26.8553,-2.4933],[26.8631,-2.4861],[26.8202,-2.4465],[26.8241,-2.3783],[26.8154,-2.3541],[26.8236,-2.3353],[26.8446,-2.3387],[26.8614,-2.3228],[26.8512,-2.2885],[26.8683,-2.1586],[26.9142,-2.1589],[26.9376,-2.1821],[26.9355,-2.1545],[26.963,-2.1292],[26.9716,-2.1488],[26.9842,-2.1525],[26.9769,-2.1239],[26.9983,-2.1505],[27.01,-2.1374],[27.0237,-2.1645],[27.0565,-2.1784],[27.0662,-2.2105],[27.0789,-2.2006],[27.116,-2.2104],[27.1108,-2.224],[27.1236,-2.2366],[27.1231,-2.2232],[27.1401,-2.2127],[27.153,-2.2138],[27.15,-2.2349],[27.1548,-2.2226],[27.1662,-2.2247],[27.1714,-2.2165],[27.1761,-2.2416],[27.183,-2.2227],[27.1965,-2.2186],[27.1883,-2.2335],[27.2025,-2.2237],[27.2065,-2.2427],[27.2124,-2.2333],[27.2273,-2.2385],[27.2284,-2.2635],[27.2375,-2.2713],[27.243,-2.2487],[27.2601,-2.2273],[27.288,-2.2421],[27.3092,-2.2108],[27.3454,-2.2006],[27.3704,-2.1645],[27.3847,-2.1671],[27.4526,-2.1305],[27.4461,-2.1072],[27.4724,-2.0339],[27.3936,-2.0169],[27.3749,-1.9999],[27.3809,-1.9912],[27.7397,-2.0006],[27.7846,-2.0288],[27.8155,-2.0329],[27.8384,-2.0339],[27.8594,-2.0152]]]}},{"type":"Feature","properties":{"zone":"","label":"Minembwe","province":"sud_kivu","zscode":"i3NxrFDG9hU"},"geometry":{"type":"Polygon","coordinates":[[[28.8217,-3.9032],[28.829,-3.9149],[28.8227,-3.9546],[28.8358,-3.9637],[28.839,-3.9928],[28.8137,-4.0232],[28.8168,-4.0341],[28.8318,-4.043],[28.8411,-4.0974],[28.8109,-4.1189],[28.8038,-4.1157],[28.8052,-4.1273],[28.7905,-4.152],[28.7729,-4.155],[28.7666,-4.1421],[28.7465,-4.1343],[28.7162,-4.16],[28.7002,-4.167],[28.6938,-4.1618],[28.6981,-4.1784],[28.6885,-4.1851],[28.6897,-4.199],[28.6784,-4.204],[28.6741,-4.2223],[28.6628,-4.2178],[28.6522,-4.2372],[28.6381,-4.225],[28.5983,-4.2161],[28.5323,-4.2334],[28.5075,-4.2178],[28.5125,-4.2042],[28.506,-4.1939],[28.4754,-4.1924],[28.4605,-4.1715],[28.4657,-4.1655],[28.4481,-4.157],[28.4153,-4.1177],[28.4103,-4.0869],[28.4223,-4.0512],[28.4116,-4.0382],[28.4182,-4.019],[28.4093,-4.0141],[28.3858,-4.0215],[28.3762,-3.9892],[28.3814,-3.9778],[28.3597,-3.9481],[28.3624,-3.9403],[28.393,-3.9327],[28.3905,-3.911],[28.4,-3.8992],[28.4526,-3.9134],[28.4659,-3.9329],[28.4808,-3.9081],[28.473,-3.8851],[28.4937,-3.8849],[28.4835,-3.8773],[28.5014,-3.8516],[28.5185,-3.865],[28.4971,-3.8704],[28.5066,-3.8939],[28.5266,-3.8778],[28.5363,-3.8876],[28.5477,-3.8659],[28.5868,-3.8844],[28.631,-3.8445],[28.6519,-3.846],[28.6537,-3.8268],[28.6784,-3.8186],[28.6859,-3.8002],[28.6679,-3.8006],[28.6908,-3.7734],[28.6923,-3.7591],[28.716,-3.7613],[28.7025,-3.7933],[28.7085,-3.8248],[28.7697,-3.818],[28.7975,-3.8749],[28.7888,-3.8944],[28.8217,-3.9032]]]}},{"type":"Feature","properties":{"zone":"","label":"Minova","province":"sud_kivu","zscode":"oNybyvjU5ZT"},"geometry":{"type":"Polygon","coordinates":[[[29.1037,-1.6235],[29.1315,-1.6284],[29.1402,-1.643],[29.1582,-1.6341],[29.1689,-1.6633],[29.2216,-1.6815],[29.2422,-1.7005],[29.1788,-1.7888],[29.135,-1.7961],[29.087,-1.8212],[29.057,-1.8513],[29.0108,-1.9348],[28.9673,-1.912],[28.9632,-1.9009],[28.9753,-1.8985],[28.9702,-1.8908],[28.9582,-1.8912],[28.9543,-1.8781],[28.9316,-1.8853],[28.9237,-1.8803],[28.9134,-1.9025],[28.8531,-1.957],[28.8454,-1.9456],[28.8321,-1.9481],[28.8154,-1.936],[28.7887,-1.9377],[28.7602,-1.8636],[28.766,-1.8547],[28.7815,-1.8535],[28.7734,-1.8231],[28.7888,-1.8223],[28.783,-1.8127],[28.7737,-1.816],[28.7892,-1.7968],[28.7719,-1.7639],[28.7852,-1.7642],[28.797,-1.7544],[28.8044,-1.7604],[28.8146,-1.7426],[28.832,-1.7498],[28.8541,-1.7402],[28.8863,-1.7445],[28.8895,-1.7218],[28.9043,-1.7202],[28.9215,-1.7199],[28.9189,-1.7357],[28.9434,-1.7461],[28.9955,-1.7408],[29.0061,-1.7348],[29.0019,-1.7135],[29.0153,-1.7001],[29.0174,-1.6688],[29.0297,-1.6512],[29.0332,-1.6284],[29.0221,-1.6209],[29.0324,-1.621],[29.0405,-1.5921],[29.0493,-1.5826],[29.0673,-1.586],[29.0862,-1.6002],[29.0912,-1.6187],[29.1037,-1.6235]]]}},{"type":"Feature","properties":{"zone":"miti_murhesa","label":"Miti-Murhesa","province":"sud_kivu","zscode":"cXkCT53xxfk"},"geometry":{"type":"Polygon","coordinates":[[[28.7628,-2.1639],[28.7688,-2.1924],[28.8163,-2.2238],[28.8228,-2.2163],[28.83,-2.2211],[28.828,-2.2475],[28.8368,-2.2547],[28.8488,-2.2469],[28.8481,-2.269],[28.8659,-2.273],[28.8763,-2.2886],[28.8628,-2.2979],[28.8683,-2.3127],[28.8532,-2.3303],[28.8636,-2.3333],[28.8578,-2.3378],[28.8664,-2.3455],[28.845,-2.3544],[28.8501,-2.3717],[28.8774,-2.4016],[28.8684,-2.4216],[28.7968,-2.4073],[28.7797,-2.4176],[28.7486,-2.4115],[28.7215,-2.4181],[28.7061,-2.4304],[28.6813,-2.419],[28.6832,-2.3993],[28.6967,-2.3911],[28.6974,-2.362],[28.7081,-2.3366],[28.6979,-2.2949],[28.7049,-2.2779],[28.7003,-2.2413],[28.7107,-2.2313],[28.714,-2.1928],[28.7321,-2.1624],[28.7628,-2.1639]]]}},{"type":"Feature","properties":{"zone":"","label":"Mubumbano","province":"sud_kivu","zscode":"JzBIOZSJfmJ"},"geometry":{"type":"Polygon","coordinates":[[[28.7873,-2.6612],[28.7941,-2.664],[28.7993,-2.6561],[28.8196,-2.6714],[28.8134,-2.6837],[28.8252,-2.7113],[28.814,-2.7175],[28.8242,-2.7284],[28.8133,-2.7271],[28.7902,-2.7423],[28.7654,-2.7827],[28.7184,-2.7825],[28.7064,-2.7684],[28.6987,-2.7722],[28.7041,-2.7835],[28.695,-2.7851],[28.6791,-2.7747],[28.6783,-2.7958],[28.6634,-2.8014],[28.6566,-2.8353],[28.6468,-2.8451],[28.6287,-2.8278],[28.6162,-2.841],[28.6167,-2.8518],[28.6072,-2.8376],[28.5804,-2.8604],[28.5689,-2.857],[28.554,-2.8322],[28.5444,-2.8348],[28.538,-2.8193],[28.5288,-2.8207],[28.5132,-2.8415],[28.4769,-2.8091],[28.4748,-2.7965],[28.4898,-2.8015],[28.5046,-2.7679],[28.5169,-2.7732],[28.5321,-2.762],[28.546,-2.7202],[28.5596,-2.7185],[28.572,-2.7299],[28.5714,-2.7182],[28.5832,-2.7026],[28.5921,-2.7182],[28.6134,-2.7177],[28.6138,-2.7292],[28.64,-2.7195],[28.6567,-2.7001],[28.6535,-2.6765],[28.6634,-2.6517],[28.6805,-2.6592],[28.6797,-2.694],[28.7073,-2.7043],[28.7221,-2.6951],[28.735,-2.6662],[28.7445,-2.6676],[28.7503,-2.6834],[28.7634,-2.6852],[28.7735,-2.6615],[28.7873,-2.6612]]]}},{"type":"Feature","properties":{"zone":"","label":"Mulungu","province":"sud_kivu","zscode":"tJmFpEp4TCb"},"geometry":{"type":"Polygon","coordinates":[[[28.1646,-2.0342],[28.1969,-2.109],[28.2338,-2.1418],[28.2723,-2.202],[28.3178,-2.2355],[28.3153,-2.2813],[28.3369,-2.3031],[28.3596,-2.3053],[28.4088,-2.3457],[28.393,-2.3716],[28.3661,-2.3756],[28.3802,-2.3865],[28.3858,-2.4104],[28.3518,-2.4055],[28.3473,-2.4179],[28.3209,-2.4366],[28.3405,-2.4809],[28.287,-2.5114],[28.2978,-2.5316],[28.3275,-2.5351],[28.3295,-2.5513],[28.3167,-2.5782],[28.3281,-2.5956],[28.3156,-2.609],[28.3201,-2.6191],[28.314,-2.6343],[28.3234,-2.6505],[28.3464,-2.6523],[28.3474,-2.6807],[28.38,-2.7008],[28.381,-2.7108],[28.367,-2.7138],[28.3707,-2.7391],[28.3375,-2.7527],[28.343,-2.7678],[28.3242,-2.7946],[28.3244,-2.8218],[28.2996,-2.8419],[28.2733,-2.8501],[28.2425,-2.8315],[28.2238,-2.8356],[28.2076,-2.8561],[28.2071,-2.8728],[28.1706,-2.9029],[28.1489,-2.9048],[28.1219,-2.8932],[28.1243,-2.9186],[28.0762,-2.9129],[28.0623,-2.9184],[28.0458,-2.9535],[28.0104,-2.9522],[27.9882,-2.9878],[27.9589,-2.9919],[27.9565,-3.0244],[27.9643,-3.0408],[27.9296,-3.0904],[27.8536,-3.1046],[27.8432,-3.1007],[27.8155,-3.1369],[27.8104,-3.1715],[27.8163,-3.1929],[27.7762,-3.2924],[27.7315,-3.3103],[27.7294,-3.3205],[27.7422,-3.3425],[27.6239,-3.3632],[27.5354,-3.3597],[27.4895,-3.3674],[27.4478,-3.3212],[27.4111,-3.1654],[27.4281,-3.1457],[27.4543,-3.1561],[27.5048,-3.1332],[27.5221,-3.1356],[27.575,-3.1659],[27.6071,-3.1693],[27.602,-2.9548],[27.6089,-2.934],[27.5985,-2.8596],[27.6277,-2.8548],[27.6327,-2.8264],[27.5992,-2.8066],[27.6191,-2.7883],[27.6281,-2.7948],[27.638,-2.7874],[27.6513,-2.7325],[27.7315,-2.6879],[27.6947,-2.65],[27.6783,-2.6464],[27.6684,-2.6211],[27.6535,-2.6361],[27.6513,-2.6305],[27.6221,-2.6309],[27.6028,-2.6237],[27.5847,-2.5943],[27.533,-2.5884],[27.5336,-2.5798],[27.5868,-2.5737],[27.6695,-2.5173],[27.7001,-2.5192],[27.7269,-2.4078],[27.7508,-2.3897],[27.7781,-2.3412],[27.8698,-2.2925],[27.9037,-2.2502],[27.9667,-2.2136],[28.0051,-2.1728],[28.0186,-2.1692],[28.0283,-2.1519],[28.0581,-2.1483],[28.0618,-2.1251],[28.1161,-2.0692],[28.1091,-2.0619],[28.1232,-2.0579],[28.1336,-2.0399],[28.1572,-2.0467],[28.1646,-2.0342]]]}},{"type":"Feature","properties":{"zone":"","label":"Mwana","province":"sud_kivu","zscode":"nfYQfVxJRyJ"},"geometry":{"type":"Polygon","coordinates":[[[28.7659,-2.7825],[28.7764,-2.7899],[28.7699,-2.7921],[28.7844,-2.8194],[28.7731,-2.838],[28.7909,-2.8446],[28.796,-2.8668],[28.8037,-2.8674],[28.8119,-2.8871],[28.8032,-2.8982],[28.8035,-2.9192],[28.7947,-2.9201],[28.8049,-2.9574],[28.8322,-2.9895],[28.8278,-2.997],[28.8097,-2.9945],[28.7738,-3.0083],[28.7626,-3.0034],[28.7467,-3.0141],[28.7208,-3.0152],[28.7125,-3.0195],[28.7105,-3.0408],[28.6957,-3.0525],[28.6485,-3.009],[28.6447,-2.9881],[28.6299,-2.9663],[28.6215,-2.9652],[28.6213,-2.947],[28.601,-2.9251],[28.6081,-2.9185],[28.6025,-2.9085],[28.5572,-2.8742],[28.5637,-2.8571],[28.5582,-2.8497],[28.5647,-2.8448],[28.5689,-2.857],[28.5805,-2.8604],[28.6075,-2.8376],[28.6162,-2.852],[28.6162,-2.841],[28.6287,-2.8278],[28.6383,-2.8438],[28.6529,-2.8413],[28.6634,-2.8014],[28.6788,-2.7946],[28.6791,-2.7747],[28.695,-2.7851],[28.7041,-2.7835],[28.6987,-2.7722],[28.7064,-2.7684],[28.7184,-2.7825],[28.7659,-2.7825]]]}},{"type":"Feature","properties":{"zone":"","label":"Mwenga","province":"sud_kivu","zscode":"Q3HTytyiRyL"},"geometry":{"type":"Polygon","coordinates":[[[28.4686,-2.7997],[28.4804,-2.8028],[28.4847,-2.8215],[28.513,-2.8415],[28.5367,-2.8188],[28.5444,-2.8348],[28.5508,-2.8308],[28.5618,-2.8398],[28.5572,-2.8742],[28.6025,-2.9085],[28.6081,-2.9185],[28.601,-2.9251],[28.6213,-2.947],[28.6171,-2.9583],[28.6299,-2.9663],[28.6496,-2.997],[28.6485,-3.009],[28.6732,-3.0379],[28.6814,-3.0372],[28.6957,-3.0525],[28.7106,-3.0406],[28.7128,-3.0192],[28.7467,-3.0141],[28.7626,-3.0034],[28.774,-3.0092],[28.7697,-3.0329],[28.755,-3.0439],[28.7908,-3.0549],[28.7919,-3.0725],[28.7751,-3.0838],[28.7884,-3.1169],[28.7824,-3.1412],[28.8004,-3.1721],[28.7903,-3.1974],[28.8124,-3.2093],[28.8171,-3.2214],[28.8052,-3.2565],[28.8081,-3.278],[28.7813,-3.2895],[28.7517,-3.2892],[28.7437,-3.2698],[28.7085,-3.2586],[28.6865,-3.2187],[28.6554,-3.2441],[28.6253,-3.2944],[28.5903,-3.2929],[28.5795,-3.3287],[28.5575,-3.3588],[28.4868,-3.3335],[28.4687,-3.3106],[28.4152,-3.3213],[28.4028,-3.3161],[28.3859,-3.3361],[28.3769,-3.3317],[28.3775,-3.3568],[28.3539,-3.3849],[28.3402,-3.3904],[28.3365,-3.4073],[28.284,-3.3742],[28.2786,-3.3801],[28.2434,-3.3768],[28.217,-3.3565],[28.2197,-3.3451],[28.2114,-3.3362],[28.2198,-3.3291],[28.2214,-3.3092],[28.2291,-3.3068],[28.2255,-3.3024],[28.2407,-3.2915],[28.2493,-3.2947],[28.2484,-3.2803],[28.268,-3.272],[28.2637,-3.2613],[28.2722,-3.252],[28.2721,-3.2364],[28.2631,-3.2202],[28.2784,-3.224],[28.291,-3.2051],[28.3233,-3.1967],[28.3381,-3.1765],[28.314,-3.1756],[28.3003,-3.1511],[28.3046,-3.113],[28.3124,-3.1083],[28.3022,-3.0872],[28.2889,-3.0853],[28.2916,-3.0764],[28.2825,-3.0657],[28.2605,-3.0619],[28.2681,-3.05],[28.2965,-3.0379],[28.2924,-3.0155],[28.2786,-3.0215],[28.277,-3.0144],[28.3161,-2.9972],[28.3227,-2.9724],[28.3462,-2.9728],[28.3742,-2.9516],[28.3354,-2.9456],[28.3339,-2.9309],[28.3538,-2.8972],[28.3231,-2.8453],[28.3223,-2.8291],[28.3412,-2.8293],[28.347,-2.8384],[28.3597,-2.8338],[28.3767,-2.8163],[28.3822,-2.792],[28.401,-2.7913],[28.41,-2.7818],[28.4396,-2.7945],[28.4317,-2.8052],[28.4496,-2.8053],[28.4471,-2.8182],[28.4686,-2.7997]]]}},{"type":"Feature","properties":{"zone":"","label":"Nundu","province":"sud_kivu","zscode":"pWBu6qPNvdv"},"geometry":{"type":"Polygon","coordinates":[[[29.1551,-3.548],[29.1438,-3.5989],[29.1574,-3.6696],[29.1227,-3.7083],[29.1264,-3.7269],[29.1126,-3.7378],[29.0992,-3.7805],[29.1303,-3.8199],[29.1199,-3.8463],[29.0981,-3.8691],[29.1122,-3.8925],[29.0992,-3.9164],[29.1108,-3.9503],[29.1058,-4.0083],[29.0416,-3.9685],[29.0409,-3.9615],[29.0365,-3.9675],[29.0053,-3.9613],[29.0024,-3.9687],[28.9958,-3.9607],[28.9464,-3.9578],[28.922,-3.9667],[28.9251,-3.9717],[28.9147,-3.9788],[28.917,-3.9945],[28.8858,-3.9825],[28.868,-3.9938],[28.8554,-3.9878],[28.839,-3.9928],[28.8358,-3.9637],[28.8227,-3.9546],[28.829,-3.9149],[28.8216,-3.9035],[28.8312,-3.906],[28.8399,-3.8771],[28.8591,-3.8817],[28.8748,-3.8239],[28.9,-3.8168],[28.9093,-3.8212],[28.9021,-3.8019],[28.91,-3.7599],[28.9,-3.7436],[28.8339,-3.6966],[28.7968,-3.7237],[28.7647,-3.7274],[28.7611,-3.7359],[28.7509,-3.7245],[28.7304,-3.7299],[28.7359,-3.7055],[28.7517,-3.7039],[28.7453,-3.6919],[28.7206,-3.6824],[28.7292,-3.6664],[28.7283,-3.6569],[28.7184,-3.6555],[28.7186,-3.6187],[28.7244,-3.6156],[28.7664,-3.6481],[28.7837,-3.6519],[28.7922,-3.6052],[28.8,-3.6095],[28.8118,-3.6025],[28.8314,-3.6121],[28.8483,-3.6059],[28.8746,-3.6181],[28.9012,-3.6499],[28.923,-3.6486],[28.9243,-3.6375],[28.9413,-3.6477],[28.9718,-3.641],[28.9876,-3.6281],[28.9987,-3.633],[29.0188,-3.6047],[29.0306,-3.6068],[29.0243,-3.5903],[29.0369,-3.5843],[29.0333,-3.5719],[29.0464,-3.548],[29.0693,-3.5421],[29.0844,-3.5574],[29.0922,-3.5432],[29.1151,-3.536],[29.1316,-3.5501],[29.1551,-3.548]]]}},{"type":"Feature","properties":{"zone":"","label":"Nyangezi","province":"sud_kivu","zscode":"sai4xbqW0CL"},"geometry":{"type":"Polygon","coordinates":[[[28.8512,-2.5934],[28.8752,-2.6221],[28.8748,-2.642],[28.8672,-2.6395],[28.8747,-2.6557],[28.8932,-2.6552],[28.9103,-2.6654],[28.9181,-2.6809],[28.9377,-2.6822],[28.9435,-2.6934],[28.9594,-2.694],[28.9671,-2.7039],[28.9827,-2.694],[29.0042,-2.7049],[29.035,-2.7344],[29.0385,-2.7609],[29.0267,-2.7607],[29.0045,-2.7807],[28.9938,-2.756],[28.9101,-2.7397],[28.8885,-2.706],[28.8798,-2.7053],[28.8731,-2.7226],[28.8559,-2.7245],[28.8238,-2.7054],[28.8134,-2.6837],[28.8196,-2.6713],[28.7993,-2.6561],[28.7941,-2.664],[28.7873,-2.6612],[28.7847,-2.6369],[28.7992,-2.6271],[28.7853,-2.6168],[28.7825,-2.5986],[28.8074,-2.5711],[28.8252,-2.5734],[28.8273,-2.5824],[28.8512,-2.5934]]]}},{"type":"Feature","properties":{"zone":"","label":"Nyantende","province":"sud_kivu","zscode":"R1E0VjRQ4SN"},"geometry":{"type":"Polygon","coordinates":[[[28.8515,-2.5256],[28.8451,-2.536],[28.8578,-2.5391],[28.8598,-2.5505],[28.882,-2.5533],[28.8932,-2.5609],[28.906,-2.6451],[28.8956,-2.6583],[28.8745,-2.6554],[28.8672,-2.6395],[28.8748,-2.642],[28.871,-2.6263],[28.8748,-2.6212],[28.8544,-2.6044],[28.8436,-2.5741],[28.8326,-2.5681],[28.8382,-2.5562],[28.8317,-2.5524],[28.8334,-2.5425],[28.8515,-2.5256]]]}},{"type":"Feature","properties":{"zone":"","label":"Ruzizi","province":"sud_kivu","zscode":"jkonpGckbPg"},"geometry":{"type":"Polygon","coordinates":[[[29.1214,-2.9298],[29.1684,-2.9593],[29.1685,-2.9967],[29.1779,-2.9919],[29.1855,-3.0087],[29.194,-3.0086],[29.2038,-3.0227],[29.2369,-3.025],[29.2323,-3.0329],[29.2541,-3.0519],[29.2494,-3.0631],[29.258,-3.067],[29.2547,-3.0839],[29.2603,-3.0863],[29.2471,-3.0963],[29.2593,-3.1017],[29.2505,-3.1059],[29.261,-3.1151],[29.2473,-3.1233],[29.2438,-3.1359],[29.2305,-3.1385],[29.233,-3.1684],[29.2245,-3.1798],[29.2316,-3.1841],[29.2226,-3.1985],[29.2346,-3.2129],[29.226,-3.2302],[29.241,-3.2691],[29.227,-3.2918],[29.2125,-3.2962],[29.2198,-3.33],[29.2123,-3.3393],[29.1957,-3.3333],[29.1786,-3.3391],[29.187,-3.3076],[29.1718,-3.2845],[29.1557,-3.2834],[29.1451,-3.2967],[29.1311,-3.2998],[29.1311,-3.2893],[29.1242,-3.2945],[29.0914,-3.2896],[29.0834,-3.3163],[29.0519,-3.3196],[29.0297,-3.3051],[29.0297,-3.2972],[29.0521,-3.2849],[29.0542,-3.2765],[29.0425,-3.2811],[29.0445,-3.2748],[29.0648,-3.2691],[29.0545,-3.2534],[29.0375,-3.2607],[29.0342,-3.2531],[29.0415,-3.2296],[29.0517,-3.2228],[29.0469,-3.2034],[29.0295,-3.2016],[29.0264,-3.2173],[29.0128,-3.21],[29.0201,-3.1982],[29.0102,-3.1713],[29.0252,-3.1584],[29.0337,-3.1629],[29.0368,-3.1518],[29.0627,-3.1391],[29.0517,-3.1321],[29.0577,-3.1235],[29.0395,-3.1007],[29.0282,-3.112],[29.0273,-3.1011],[29.04,-3.0858],[29.0282,-3.0498],[29.0364,-3.0332],[29.056,-3.0294],[29.0728,-3.0142],[29.0689,-3.0001],[29.0782,-2.9869],[29.0728,-2.973],[29.0567,-2.9657],[29.0623,-2.9302],[29.076,-2.9228],[29.0826,-2.9329],[29.093,-2.9261],[29.0888,-2.9342],[29.0986,-2.9327],[29.1036,-2.9462],[29.1214,-2.9298]]]}},{"type":"Feature","properties":{"zone":"","label":"Shabunda","province":"sud_kivu","zscode":"MOESL4KbKoV"},"geometry":{"type":"Polygon","coordinates":[[[27.5186,-2.5882],[27.5846,-2.5943],[27.6028,-2.6237],[27.6291,-2.6329],[27.6513,-2.6305],[27.6535,-2.6361],[27.6684,-2.6211],[27.6783,-2.6464],[27.6947,-2.65],[27.7315,-2.6877],[27.6513,-2.7325],[27.638,-2.7874],[27.6281,-2.7948],[27.6191,-2.7883],[27.5992,-2.8066],[27.6327,-2.8264],[27.6277,-2.8548],[27.5985,-2.8596],[27.6089,-2.934],[27.602,-2.9548],[27.6072,-3.1693],[27.575,-3.1659],[27.5221,-3.1356],[27.5049,-3.1332],[27.4543,-3.1561],[27.4245,-3.1473],[27.4111,-3.1656],[27.4261,-3.2086],[27.4401,-3.2945],[27.3623,-3.3043],[27.2746,-3.294],[27.1204,-3.3024],[27.142,-3.2653],[27.1105,-3.2456],[27.1275,-3.2085],[27.1186,-3.1786],[27.1317,-3.1544],[27.1298,-3.1448],[27.1117,-3.1365],[27.1228,-3.1155],[27.1199,-3.0767],[27.0954,-3.0657],[27.0729,-3.0411],[27.0596,-3.043],[27.054,-3.0289],[27.0606,-3.021],[27.058,-2.9884],[27.029,-2.9685],[27.0245,-2.9492],[27.0159,-2.9611],[27.0014,-2.959],[26.9984,-2.9455],[26.9798,-2.9288],[26.9571,-2.8368],[26.9449,-2.8201],[26.9151,-2.8042],[26.9458,-2.7397],[26.9429,-2.7124],[26.9057,-2.6956],[26.905,-2.6647],[26.8816,-2.6448],[26.8569,-2.6041],[26.8869,-2.6042],[26.9055,-2.6172],[26.9355,-2.6014],[26.9414,-2.6045],[26.9388,-2.6155],[26.9464,-2.6149],[26.9577,-2.6085],[26.9465,-2.584],[26.9524,-2.5799],[26.9962,-2.6053],[27.0056,-2.6246],[27.0224,-2.6207],[27.0308,-2.6377],[27.0619,-2.6248],[27.0648,-2.6157],[27.0849,-2.6234],[27.0955,-2.6464],[27.0923,-2.6548],[27.0738,-2.6541],[27.0803,-2.6632],[27.1046,-2.6449],[27.11,-2.6306],[27.101,-2.6185],[27.1052,-2.6078],[27.1235,-2.6089],[27.1328,-2.6017],[27.151,-2.6133],[27.1692,-2.6097],[27.1774,-2.5521],[27.187,-2.565],[27.2063,-2.561],[27.2198,-2.5781],[27.2278,-2.5705],[27.2411,-2.5757],[27.2432,-2.5683],[27.3545,-2.5966],[27.3915,-2.5956],[27.4706,-2.5765],[27.5186,-2.5882]]]}},{"type":"Feature","properties":{"zone":"","label":"Uvira","province":"sud_kivu","zscode":"mx8PkwuIR5x"},"geometry":{"type":"Polygon","coordinates":[[[29.2123,-3.3393],[29.2121,-3.3548],[29.179,-3.3476],[29.1539,-3.3612],[29.1427,-3.391],[29.1438,-3.416],[29.1302,-3.4319],[29.1436,-3.4805],[29.1386,-3.4963],[29.15,-3.5144],[29.155,-3.5486],[29.1316,-3.5501],[29.1151,-3.536],[29.0922,-3.5432],[29.081,-3.5576],[29.0702,-3.5219],[29.0599,-3.5342],[29.0252,-3.5313],[29.0243,-3.5103],[29.0342,-3.5075],[29.0301,-3.4702],[29.0546,-3.4357],[29.04,-3.4301],[29.0308,-3.4139],[29.0348,-3.3923],[29.0273,-3.3849],[29.0422,-3.3811],[29.0514,-3.3932],[29.0572,-3.3846],[29.0733,-3.3928],[29.0849,-3.3888],[29.0541,-3.3684],[29.0548,-3.3567],[29.0653,-3.3484],[29.0433,-3.3344],[29.042,-3.3186],[29.0834,-3.3163],[29.0914,-3.2896],[29.1242,-3.2945],[29.1311,-3.2893],[29.1311,-3.2998],[29.1451,-3.2967],[29.1492,-3.286],[29.1701,-3.2841],[29.1779,-3.2862],[29.187,-3.3076],[29.1786,-3.3392],[29.1957,-3.3333],[29.2123,-3.3393]]]}},{"type":"Feature","properties":{"zone":"","label":"Walungu","province":"sud_kivu","zscode":"x4xQfjclCTo"},"geometry":{"type":"Polygon","coordinates":[[[28.8281,-2.5517],[28.8367,-2.5518],[28.8327,-2.5681],[28.8414,-2.5708],[28.8512,-2.5956],[28.8273,-2.5824],[28.8252,-2.5734],[28.7986,-2.5739],[28.7849,-2.5921],[28.7824,-2.61],[28.7992,-2.6279],[28.7847,-2.6369],[28.7873,-2.6612],[28.7735,-2.6615],[28.7634,-2.6852],[28.7503,-2.6834],[28.7445,-2.6676],[28.7351,-2.6661],[28.7221,-2.6951],[28.7046,-2.7035],[28.6797,-2.694],[28.6805,-2.6592],[28.6635,-2.6517],[28.6535,-2.6765],[28.6562,-2.7014],[28.6301,-2.7248],[28.6137,-2.7292],[28.6134,-2.7177],[28.5921,-2.7182],[28.5832,-2.7026],[28.5714,-2.7182],[28.572,-2.7299],[28.5596,-2.7185],[28.546,-2.7202],[28.5362,-2.7507],[28.5027,-2.7306],[28.5029,-2.7189],[28.5235,-2.7054],[28.5349,-2.7109],[28.5622,-2.6802],[28.5846,-2.6821],[28.6015,-2.6661],[28.6105,-2.6682],[28.6103,-2.6585],[28.6203,-2.674],[28.6253,-2.6646],[28.6308,-2.6682],[28.6453,-2.6504],[28.6426,-2.6146],[28.6541,-2.6076],[28.6702,-2.6139],[28.6777,-2.6054],[28.6738,-2.5932],[28.7037,-2.5682],[28.7016,-2.5584],[28.693,-2.5575],[28.7064,-2.5418],[28.691,-2.5152],[28.7155,-2.5157],[28.7247,-2.5294],[28.741,-2.5333],[28.7448,-2.5443],[28.7551,-2.5497],[28.7681,-2.5447],[28.7982,-2.5659],[28.8103,-2.5485],[28.8281,-2.5517]]]}},{"type":"Feature","properties":{"zone":"","label":"Aba","province":"haut_uele","zscode":"NC2xavZLq2a"},"geometry":{"type":"Polygon","coordinates":[[[30.5608,3.6214],[30.5454,3.6112],[30.5361,3.6158],[30.4855,3.6053],[30.4842,3.5886],[30.4618,3.5757],[30.4311,3.5346],[30.3805,3.525],[30.3874,3.5143],[30.3827,3.5034],[30.3934,3.4971],[30.3837,3.4798],[30.3891,3.4686],[30.4167,3.4694],[30.4307,3.4497],[30.4063,3.3978],[30.4009,3.3924],[30.3892,3.3979],[30.3801,3.3882],[30.396,3.3752],[30.3923,3.3595],[30.3769,3.3522],[30.3896,3.3378],[30.3883,3.3224],[30.2904,3.3012],[30.2807,3.2886],[30.2565,3.3067],[30.2445,3.3],[30.2374,3.306],[30.2374,3.2916],[30.2293,3.2895],[30.205,3.315],[30.1921,3.3133],[30.1964,3.3233],[30.2085,3.3217],[30.2027,3.3511],[30.207,3.3711],[30.2215,3.3856],[30.1832,3.4184],[30.1623,3.4134],[30.1365,3.4273],[30.1332,3.4399],[30.1423,3.4589],[30.1353,3.4726],[30.1462,3.4862],[30.1351,3.5047],[30.1333,3.5419],[30.0974,3.5323],[30.0659,3.5793],[30.077,3.6034],[30.0619,3.6164],[30.09,3.6346],[30.0899,3.6433],[30.0768,3.6526],[30.0807,3.6609],[30.1115,3.6674],[30.1199,3.6564],[30.1291,3.6752],[30.1472,3.6778],[30.1457,3.6997],[30.1179,3.6993],[30.105,3.7289],[30.0927,3.7006],[30.0786,3.6946],[30.0621,3.7024],[30.0507,3.7255],[30.0562,3.7356],[30.0616,3.731],[30.0593,3.7575],[30.0395,3.7736],[30.0449,3.7948],[30.0571,3.8019],[30.0563,3.8239],[30.0426,3.8323],[30.0561,3.8411],[30.0478,3.8686],[30.0501,3.8952],[30.0282,3.907],[29.9858,3.9576],[29.95,3.9603],[29.9182,3.9358],[29.8927,3.9361],[29.9032,3.9487],[29.9077,3.9809],[29.9368,4.0056],[29.955,4.0505],[29.9891,4.0776],[30.0217,4.187],[30.0131,4.2119],[30.0272,4.2072],[30.0255,4.1805],[30.0616,4.1312],[30.1374,4.1091],[30.162,4.1189],[30.1698,4.0624],[30.1612,4.0489],[30.195,4.0241],[30.2023,4.0007],[30.1929,3.9812],[30.2181,3.9327],[30.2308,3.9412],[30.2373,3.9328],[30.2598,3.9481],[30.27,3.9455],[30.2771,3.9565],[30.2949,3.9402],[30.2965,3.9143],[30.3124,3.9256],[30.3309,3.9171],[30.3463,3.9238],[30.3819,3.892],[30.3957,3.8917],[30.4111,3.8655],[30.4297,3.8646],[30.446,3.8824],[30.4668,3.8327],[30.4932,3.8365],[30.5298,3.8557],[30.5344,3.8409],[30.552,3.8427],[30.5507,3.8163],[30.5599,3.812],[30.5788,3.7415],[30.5703,3.6909],[30.5742,3.6708],[30.5565,3.6288],[30.5608,3.6214]]]}},{"type":"Feature","properties":{"zone":"boma_mangbetu","label":"Boma Mangbetu","province":"haut_uele","zscode":"qwBasnNFRFW"},"geometry":{"type":"Polygon","coordinates":[[[27.8907,2.3487],[27.8742,2.3376],[27.8565,2.3051],[27.8576,2.2808],[27.8621,2.2755],[27.8793,2.2892],[27.9177,2.2911],[27.9334,2.2542],[27.9285,2.2118],[27.9474,2.1965],[27.9569,2.1752],[27.9251,2.1375],[27.9038,2.1539],[27.835,2.1298],[27.8327,2.1226],[27.8683,2.0948],[27.8446,2.0627],[27.837,2.0343],[27.8075,2.0094],[27.8185,1.9759],[27.8085,1.9246],[27.7606,1.9028],[27.7245,1.8687],[27.6606,1.9734],[27.6279,2.0081],[27.6075,2.0184],[27.5875,2.052],[27.5961,2.0777],[27.6373,2.1105],[27.6372,2.1213],[27.6104,2.1288],[27.5875,2.1456],[27.5941,2.1621],[27.5861,2.1767],[27.6062,2.209],[27.6041,2.2189],[27.6214,2.223],[27.6292,2.2107],[27.6504,2.225],[27.6556,2.2422],[27.6574,2.2682],[27.6474,2.2951],[27.6256,2.2969],[27.6155,2.3089],[27.6239,2.3435],[27.6443,2.3494],[27.6523,2.3628],[27.6673,2.3619],[27.6567,2.3813],[27.6443,2.3828],[27.6389,2.3918],[27.6475,2.4097],[27.643,2.4162],[27.6999,2.4301],[27.7068,2.4235],[27.7038,2.4104],[27.7125,2.4031],[27.7417,2.4097],[27.763,2.3756],[27.772,2.3813],[27.7922,2.4404],[27.8568,2.4712],[27.8496,2.4389],[27.8621,2.4281],[27.8596,2.4022],[27.8907,2.3487]]]}},{"type":"Feature","properties":{"zone":"","label":"Doruma","province":"haut_uele","zscode":"ZEGVJVjXJJW"},"geometry":{"type":"Polygon","coordinates":[[[28.4902,4.3249],[28.53,4.2754],[28.5578,4.2718],[28.5578,4.2436],[28.5728,4.2408],[28.5896,4.2098],[28.6253,4.176],[28.6272,4.1611],[28.6499,4.142],[28.6507,4.122],[28.6207,4.0714],[28.6232,4.0508],[28.6062,4.05],[28.5745,4.0221],[28.5735,4.0077],[28.5472,3.9954],[28.5401,3.9748],[28.5285,3.9751],[28.5151,3.9534],[28.503,3.9635],[28.4935,3.9607],[28.4961,3.9459],[28.5116,3.9347],[28.5074,3.929],[28.4715,3.9305],[28.4715,3.9199],[28.4559,3.9274],[28.4557,3.9044],[28.4223,3.9075],[28.4149,3.8992],[28.4103,3.9045],[28.4054,3.8894],[28.4003,3.8941],[28.3958,3.8855],[28.3865,3.8867],[28.3811,3.8711],[28.3658,3.8737],[28.3627,3.8593],[28.348,3.8586],[28.3496,3.8495],[28.3308,3.8395],[28.3218,3.8419],[28.2927,3.8141],[28.289,3.8213],[28.2578,3.827],[28.2568,3.8159],[28.2496,3.8222],[28.2242,3.7998],[28.215,3.8034],[28.2006,3.7885],[28.193,3.7931],[28.192,3.7804],[28.1892,3.8178],[28.2015,3.8836],[28.1754,3.9292],[28.1303,3.9571],[28.0968,3.9675],[28.038,3.897],[28.0365,3.9228],[28.0079,3.9571],[27.9823,3.9739],[27.9833,3.9839],[27.9672,3.9875],[27.9586,4.048],[27.9487,4.0505],[27.9102,4.0458],[27.8497,3.9959],[27.7928,4.0054],[27.7805,3.9891],[27.78,3.9819],[27.7924,3.9785],[27.7893,3.9708],[27.7796,3.9785],[27.7644,3.9651],[27.757,3.9733],[27.7485,3.9676],[27.7465,3.978],[27.7399,3.9686],[27.7506,3.9585],[27.7484,3.9516],[27.7123,3.9653],[27.7111,3.9485],[27.6995,3.9392],[27.6954,3.9479],[27.6768,3.9461],[27.6784,3.9376],[27.6635,3.9412],[27.6609,3.9501],[27.6352,3.9381],[27.6287,3.9474],[27.6128,3.9404],[27.6032,3.9573],[27.5966,3.9474],[27.6009,3.9426],[27.5881,3.9371],[27.5919,3.9189],[27.5832,3.9198],[27.5813,3.9065],[27.5683,3.9044],[27.5624,3.9199],[27.5585,3.9121],[27.5412,3.9184],[27.5369,3.8963],[27.5097,3.8911],[27.514,3.8695],[27.5001,3.8655],[27.4984,3.8739],[27.4954,3.8672],[27.4705,3.8736],[27.4647,3.8639],[27.4582,3.8665],[27.4647,3.857],[27.4321,3.8542],[27.4329,3.8439],[27.4253,3.8424],[27.4401,3.8223],[27.4367,3.8141],[27.4094,3.833],[27.4049,3.8508],[27.3878,3.8481],[27.3849,3.8406],[27.356,3.8396],[27.3433,3.8236],[27.3398,3.8383],[27.3185,3.8306],[27.3084,3.8392],[27.2944,3.8376],[27.2501,3.9027],[27.2556,3.9007],[27.2606,3.915],[27.2736,3.9141],[27.2712,3.9206],[27.2957,3.9294],[27.2914,3.9389],[27.3028,3.9518],[27.2982,3.9588],[27.319,3.9577],[27.3128,3.9742],[27.3324,3.987],[27.319,3.9995],[27.335,4.005],[27.3327,4.0102],[27.3395,4.0022],[27.3542,4.0031],[27.3404,4.0243],[27.361,4.0364],[27.3509,4.0568],[27.3748,4.0666],[27.3763,4.0855],[27.3702,4.0886],[27.382,4.0962],[27.3803,4.1073],[27.3932,4.1136],[27.3904,4.1239],[27.3772,4.1237],[27.3782,4.1365],[27.3927,4.1474],[27.3906,4.1543],[27.4054,4.1584],[27.4111,4.1773],[27.4043,4.1918],[27.435,4.2277],[27.4322,4.2334],[27.4396,4.2331],[27.438,4.2507],[27.4456,4.2524],[27.4565,4.283],[27.4703,4.2947],[27.4768,4.3454],[27.495,4.3581],[27.2555,4.4361],[27.1205,4.429],[27.0914,4.4823],[27.0332,4.4983],[27.0176,4.5112],[27.0018,4.4977],[26.9923,4.5084],[26.9792,4.4988],[26.9659,4.5048],[26.97,4.5476],[26.9805,4.5621],[26.9683,4.5849],[26.9811,4.6042],[26.9767,4.636],[27.0278,4.6931],[27.0062,4.7352],[26.9889,4.7522],[26.9774,4.7849],[27.0354,4.7972],[27.0464,4.8179],[27.0468,4.8384],[27.0012,4.8624],[26.9602,4.8734],[26.9673,4.9208],[26.9563,4.9838],[26.9651,5.0714],[26.9451,5.1458],[27.0126,5.1806],[27.0205,5.1755],[27.0199,5.1852],[27.0487,5.1917],[27.0461,5.1982],[27.0839,5.2086],[27.1346,5.2077],[27.1851,5.1861],[27.2303,5.1528],[27.2629,5.1509],[27.2876,5.1356],[27.3195,5.1314],[27.3427,5.1145],[27.4255,5.0841],[27.4409,5.0751],[27.4483,5.0592],[27.4408,5.042],[27.4498,5.004],[27.5133,4.9593],[27.5065,4.9394],[27.512,4.9215],[27.521,4.925],[27.5486,4.9097],[27.5588,4.892],[27.5736,4.8877],[27.5851,4.8958],[27.6483,4.8961],[27.656,4.8841],[27.6739,4.8782],[27.7004,4.8428],[27.6976,4.8286],[27.707,4.8169],[27.7013,4.7944],[27.7264,4.7878],[27.7333,4.8012],[27.7738,4.789],[27.7707,4.7784],[27.7806,4.7727],[27.7719,4.7592],[27.7831,4.7513],[27.7764,4.7369],[27.7822,4.7248],[27.7655,4.6916],[27.7787,4.679],[27.7952,4.6338],[27.79,4.608],[27.8393,4.5925],[27.8464,4.5729],[27.895,4.539],[27.9273,4.5373],[27.9487,4.5802],[27.9791,4.5559],[27.9844,4.5621],[28.024,4.5482],[28.0476,4.552],[28.0373,4.4793],[28.071,4.4435],[28.0786,4.4193],[28.0917,4.4234],[28.0906,4.4383],[28.1113,4.4465],[28.1308,4.4332],[28.1414,4.4424],[28.1501,4.4259],[28.1387,4.4018],[28.1752,4.3873],[28.2079,4.3508],[28.2564,4.3485],[28.267,4.3617],[28.3531,4.3555],[28.3672,4.3384],[28.3796,4.2862],[28.3998,4.2892],[28.4162,4.2807],[28.4634,4.2939],[28.4902,4.3249]]]}},{"type":"Feature","properties":{"zone":"dungu","label":"Dungu","province":"haut_uele","zscode":"GkqfQB4CBwt"},"geometry":{"type":"Polygon","coordinates":[[[29.8072,4.3669],[29.7825,4.3112],[29.7665,4.2864],[29.7568,4.2839],[29.7591,4.2768],[29.6908,4.234],[29.6842,4.2124],[29.6911,4.1864],[29.6636,4.1265],[29.6707,4.08],[29.6588,4.0614],[29.6601,4.0377],[29.6529,4.0298],[29.6396,4.0312],[29.6197,4.0032],[29.6054,4.0132],[29.6034,4.0056],[29.5925,4.0103],[29.5931,3.9983],[29.5526,3.9933],[29.5739,3.9842],[29.6003,3.9449],[29.6167,3.9433],[29.6374,3.893],[29.6272,3.8815],[29.6272,3.8657],[29.5923,3.8481],[29.5943,3.8356],[29.5781,3.8353],[29.581,3.8223],[29.5745,3.8217],[29.5726,3.8036],[29.5591,3.7998],[29.5588,3.7854],[29.5465,3.7735],[29.5487,3.7593],[29.5454,3.7544],[29.5341,3.7599],[29.5333,3.748],[29.5718,3.7418],[29.5831,3.7257],[29.5997,3.7337],[29.6615,3.7365],[29.6703,3.7361],[29.6725,3.7273],[29.6261,3.7208],[29.6065,3.6924],[29.553,3.6879],[29.5505,3.6952],[29.533,3.6888],[29.5321,3.6656],[29.5194,3.64],[29.5401,3.5275],[29.5322,3.5116],[29.4528,3.4545],[29.4027,3.4489],[29.3854,3.4316],[29.3597,3.4265],[29.3584,3.4016],[29.3388,3.3796],[29.2755,3.3989],[29.2236,3.4372],[29.2106,3.4325],[29.1548,3.4808],[29.1215,3.4502],[29.1341,3.3973],[29.1205,3.3699],[29.0459,3.2796],[29.0127,3.2557],[29.0127,3.2432],[29.031,3.2316],[29.0517,3.1911],[28.9854,3.091],[28.9647,3.0833],[28.9246,3.0954],[28.8673,3.1162],[28.8549,3.132],[28.8412,3.1347],[28.7847,3.1283],[28.7273,3.095],[28.7189,3.0819],[28.6844,3.0705],[28.6471,3.0033],[28.6575,2.9705],[28.6467,2.9336],[28.6123,2.8672],[28.599,2.8603],[28.6053,2.8489],[28.5849,2.8414],[28.5771,2.8188],[28.5633,2.808],[28.5574,2.8217],[28.5659,2.8518],[28.5517,2.8605],[28.5576,2.8769],[28.5501,2.8918],[28.52,2.8809],[28.5379,2.8437],[28.5103,2.8253],[28.5011,2.8336],[28.474,2.8329],[28.4637,2.8564],[28.4699,2.8647],[28.4553,2.8646],[28.4466,2.8767],[28.4122,2.8864],[28.4025,2.8963],[28.3929,2.8859],[28.3854,2.8942],[28.3605,2.8956],[28.3461,2.9202],[28.3459,2.9406],[28.3329,2.9411],[28.3262,2.9594],[28.3329,2.9896],[28.3262,3.0398],[28.3026,3.0391],[28.2886,3.0505],[28.2935,3.0823],[28.3254,3.0824],[28.3669,3.0994],[28.3604,3.1181],[28.3792,3.1602],[28.4204,3.2293],[28.4311,3.2328],[28.4548,3.2875],[28.4353,3.3027],[28.4423,3.3214],[28.4779,3.3596],[28.5307,3.3726],[28.5321,3.3879],[28.5069,3.4258],[28.4639,3.41],[28.4476,3.4311],[28.4777,3.4676],[28.4771,3.4927],[28.4893,3.5015],[28.475,3.5239],[28.4775,3.5347],[28.4968,3.5641],[28.5333,3.5784],[28.5477,3.6092],[28.5144,3.6286],[28.4415,3.6383],[28.4196,3.6601],[28.4072,3.6558],[28.3654,3.6647],[28.3297,3.6031],[28.2968,3.6044],[28.278,3.5881],[28.2528,3.6067],[28.2547,3.6204],[28.2281,3.662],[28.2254,3.6857],[28.1919,3.701],[28.1866,3.7161],[28.1471,3.7262],[28.1019,3.7238],[28.0425,3.7474],[28.0587,3.7532],[28.0684,3.7452],[28.083,3.7498],[28.0968,3.7435],[28.1086,3.7556],[28.1168,3.7525],[28.116,3.7628],[28.1358,3.7608],[28.1342,3.771],[28.1465,3.7681],[28.1506,3.7826],[28.1526,3.7746],[28.1618,3.781],[28.1663,3.7741],[28.1776,3.7838],[28.1914,3.779],[28.193,3.7931],[28.2006,3.7885],[28.215,3.8034],[28.2242,3.7998],[28.2496,3.8222],[28.2568,3.8159],[28.2567,3.8263],[28.2637,3.8288],[28.2927,3.8141],[28.3218,3.8419],[28.3308,3.8395],[28.3496,3.8495],[28.348,3.8586],[28.3627,3.8593],[28.3658,3.8737],[28.3811,3.8711],[28.3865,3.8867],[28.3958,3.8855],[28.4003,3.8941],[28.4054,3.8894],[28.4103,3.9045],[28.4149,3.8992],[28.4223,3.9075],[28.4557,3.9044],[28.4559,3.9274],[28.4715,3.9199],[28.4715,3.9305],[28.5074,3.929],[28.5116,3.9347],[28.4961,3.9459],[28.4935,3.9607],[28.503,3.9635],[28.5151,3.9534],[28.5285,3.9751],[28.5401,3.9748],[28.5472,3.9954],[28.5735,4.0077],[28.5745,4.0221],[28.6062,4.05],[28.6232,4.0508],[28.6207,4.0714],[28.6507,4.122],[28.6499,4.142],[28.6272,4.1611],[28.6253,4.176],[28.5896,4.2098],[28.5728,4.2408],[28.5578,4.2436],[28.5578,4.2718],[28.53,4.2754],[28.4902,4.3249],[28.4919,4.3408],[28.5026,4.35],[28.4977,4.3574],[28.5133,4.3638],[28.5139,4.3768],[28.5452,4.3869],[28.5808,4.3829],[28.6033,4.4209],[28.6285,4.4183],[28.6692,4.4294],[28.669,4.4422],[28.6854,4.4581],[28.6896,4.4787],[28.703,4.489],[28.6967,4.5095],[28.7144,4.5137],[28.724,4.5261],[28.7184,4.5347],[28.7288,4.5454],[28.7367,4.5385],[28.7661,4.5458],[28.7878,4.5637],[28.8114,4.5415],[28.8156,4.5197],[28.8093,4.497],[28.8366,4.4796],[28.8713,4.4922],[28.9098,4.476],[28.9228,4.485],[28.9344,4.4771],[28.9552,4.4842],[28.9919,4.4827],[29.0004,4.4949],[29.0352,4.4913],[29.0423,4.4719],[29.0573,4.4608],[29.0826,4.46],[29.0787,4.4345],[29.1349,4.4324],[29.1356,4.4157],[29.1495,4.4095],[29.1556,4.3941],[29.1995,4.3665],[29.202,4.3498],[29.2214,4.3411],[29.2521,4.3539],[29.2597,4.3746],[29.253,4.3839],[29.2706,4.3987],[29.2847,4.3893],[29.2968,4.3945],[29.3062,4.3828],[29.3469,4.3973],[29.3554,4.449],[29.3691,4.4706],[29.4038,4.4728],[29.4309,4.5001],[29.4482,4.5277],[29.4451,4.562],[29.4771,4.599],[29.4645,4.6685],[29.4671,4.6742],[29.4753,4.6671],[29.4855,4.6905],[29.4972,4.6969],[29.5114,4.689],[29.5124,4.6765],[29.534,4.6553],[29.5548,4.672],[29.6012,4.6498],[29.6229,4.6591],[29.6571,4.646],[29.6604,4.6336],[29.6846,4.6212],[29.7101,4.617],[29.7067,4.607],[29.7449,4.5701],[29.7641,4.5875],[29.7942,4.5608],[29.8026,4.566],[29.8259,4.5602],[29.8217,4.5421],[29.7996,4.5202],[29.7989,4.506],[29.8098,4.5005],[29.7968,4.4324],[29.7987,4.3757],[29.8072,4.3669]]]}},{"type":"Feature","properties":{"zone":"","label":"Faradje","province":"haut_uele","zscode":"H0UZDpNtJ17"},"geometry":{"type":"Polygon","coordinates":[[[29.8072,4.3669],[29.8295,4.3564],[29.8416,4.3354],[29.903,4.3476],[29.9535,4.3107],[29.9675,4.2873],[29.9443,4.244],[29.9736,4.21],[30.016,4.2103],[30.0217,4.187],[29.9891,4.0776],[29.955,4.0505],[29.9368,4.0056],[29.9077,3.9809],[29.9032,3.9487],[29.8927,3.9361],[29.9152,3.9348],[29.934,3.9533],[29.9756,3.9621],[30.0282,3.907],[30.0501,3.8952],[30.0478,3.8686],[30.0561,3.8411],[30.0426,3.8323],[30.0563,3.8239],[30.0571,3.8019],[30.0449,3.7948],[30.0395,3.7736],[30.0593,3.7575],[30.0619,3.7341],[30.0506,3.7326],[30.0507,3.7255],[30.0621,3.7024],[30.0786,3.6946],[30.0956,3.704],[30.105,3.7289],[30.1179,3.6993],[30.1457,3.6997],[30.1491,3.6887],[30.1472,3.6778],[30.1291,3.6752],[30.1199,3.6564],[30.1115,3.6674],[30.0807,3.6609],[30.0768,3.6526],[30.0899,3.6433],[30.09,3.6346],[30.0619,3.6164],[30.077,3.6034],[30.0659,3.5793],[30.0974,3.5323],[30.1333,3.5419],[30.1351,3.5047],[30.1462,3.4862],[30.1353,3.4726],[30.1423,3.4589],[30.1332,3.4399],[30.1365,3.4273],[30.1623,3.4134],[30.1832,3.4184],[30.2215,3.3856],[30.207,3.3711],[30.2027,3.3511],[30.2085,3.3217],[30.1821,3.3235],[30.1737,3.3375],[30.1623,3.3359],[30.1614,3.3262],[30.14,3.3277],[30.1284,3.3431],[30.1279,3.3674],[30.1097,3.364],[30.0777,3.3806],[30.0771,3.3914],[30.0444,3.3927],[30.0358,3.3887],[30.0365,3.3761],[30.0263,3.3812],[30.0182,3.371],[30.0136,3.3827],[30.0031,3.3645],[29.9916,3.376],[29.9721,3.3684],[29.9668,3.3803],[29.9576,3.382],[29.9195,3.3617],[29.9165,3.3677],[29.8992,3.3667],[29.8836,3.3536],[29.8775,3.3604],[29.866,3.3534],[29.8638,3.3604],[29.8611,3.3512],[29.8516,3.3543],[29.8443,3.3451],[29.8432,3.3349],[29.8546,3.3358],[29.8463,3.3174],[29.8392,3.3297],[29.8258,3.322],[29.8289,3.3149],[29.803,3.3091],[29.7694,3.3214],[29.7474,3.3039],[29.7154,3.2997],[29.7134,3.2905],[29.6983,3.3134],[29.6812,3.3194],[29.6813,3.3085],[29.6698,3.3099],[29.6698,3.3015],[29.657,3.3005],[29.6463,3.289],[29.6652,3.2796],[29.6592,3.2732],[29.6643,3.261],[29.6496,3.2739],[29.6449,3.2639],[29.6287,3.2594],[29.6307,3.2671],[29.6148,3.279],[29.6037,3.272],[29.587,3.2783],[29.569,3.3029],[29.5745,3.32],[29.5668,3.3407],[29.5438,3.3518],[29.5344,3.336],[29.5168,3.3381],[29.5113,3.3494],[29.5002,3.3348],[29.4801,3.3369],[29.4651,3.3238],[29.4517,3.3234],[29.428,3.3063],[29.4255,3.2898],[29.3939,3.2936],[29.3534,3.2829],[29.3191,3.2875],[29.3128,3.2973],[29.2912,3.3032],[29.2969,3.3259],[29.2768,3.3624],[29.2496,3.3765],[29.2337,3.4002],[29.2186,3.4071],[29.2231,3.4372],[29.2755,3.3989],[29.3388,3.3796],[29.3584,3.4016],[29.3597,3.4265],[29.3854,3.4316],[29.4027,3.4489],[29.4528,3.4545],[29.5332,3.5129],[29.5401,3.5275],[29.5194,3.64],[29.5321,3.6656],[29.533,3.6888],[29.5505,3.6952],[29.553,3.6879],[29.6065,3.6924],[29.6261,3.7208],[29.6725,3.7273],[29.6703,3.7361],[29.6615,3.7365],[29.5997,3.7337],[29.5831,3.7257],[29.5718,3.7418],[29.5333,3.748],[29.5341,3.7599],[29.5454,3.7544],[29.5487,3.7593],[29.5465,3.7735],[29.5588,3.7854],[29.5591,3.7998],[29.5726,3.8036],[29.5745,3.8217],[29.581,3.8223],[29.5781,3.8353],[29.5943,3.8356],[29.5923,3.8481],[29.6272,3.8657],[29.6272,3.8815],[29.6374,3.893],[29.6167,3.9433],[29.6003,3.9449],[29.5739,3.9842],[29.5526,3.9933],[29.5931,3.9983],[29.5925,4.0103],[29.6034,4.0056],[29.6054,4.0132],[29.6197,4.0032],[29.6396,4.0312],[29.6529,4.0298],[29.6601,4.0377],[29.6588,4.0614],[29.6707,4.08],[29.6636,4.1265],[29.6911,4.1864],[29.6842,4.2124],[29.6908,4.234],[29.7591,4.2768],[29.7568,4.2839],[29.7665,4.2864],[29.7825,4.3112],[29.8072,4.3669]]]}},{"type":"Feature","properties":{"zone":"gombari","label":"Gombari","province":"haut_uele","zscode":"h1dItcsoHRw"},"geometry":{"type":"Polygon","coordinates":[[[29.2227,3.4365],[29.2186,3.4071],[29.2337,3.4002],[29.2496,3.3765],[29.2768,3.3624],[29.2969,3.3259],[29.2924,3.3015],[29.3128,3.2973],[29.329,3.2837],[29.3534,3.2829],[29.3939,3.2936],[29.4338,3.2904],[29.442,3.3012],[29.4438,3.2936],[29.4516,3.2989],[29.458,3.2907],[29.4618,3.3006],[29.4751,3.2896],[29.4881,3.3068],[29.4846,3.2878],[29.4979,3.2858],[29.5128,3.2539],[29.4958,3.2345],[29.511,3.2311],[29.4894,3.2147],[29.4419,3.2115],[29.4221,3.1998],[29.3808,3.2114],[29.3427,3.1835],[29.3495,3.1603],[29.3738,3.1427],[29.3783,3.0979],[29.368,3.0961],[29.3602,3.0682],[29.3496,3.0722],[29.32,3.0532],[29.3178,2.9979],[29.2952,2.9875],[29.2939,2.9789],[29.3033,2.9419],[29.2928,2.9331],[29.2926,2.9202],[29.3238,2.9121],[29.3409,2.8983],[29.3355,2.8754],[29.3433,2.8167],[29.3212,2.8047],[29.2942,2.7739],[29.3216,2.7073],[29.3125,2.6082],[29.2862,2.6254],[29.244,2.6221],[29.2413,2.6328],[29.2197,2.6247],[29.2205,2.6159],[29.2065,2.621],[29.1664,2.6021],[29.1637,2.5475],[29.1787,2.4832],[29.1895,2.4778],[29.1638,2.4243],[29.1214,2.4331],[29.08,2.4234],[29.0379,2.4019],[29.0258,2.3895],[29.0377,2.3555],[29.0104,2.3107],[28.993,2.3342],[28.9688,2.2705],[28.7993,2.308],[28.7745,2.3023],[28.7603,2.3157],[28.7354,2.3199],[28.7094,2.3362],[28.7168,2.318],[28.6743,2.303],[28.6678,2.2868],[28.6822,2.2413],[28.6807,2.2315],[28.6713,2.2322],[28.6467,2.2441],[28.6361,2.2414],[28.6281,2.2628],[28.6094,2.2691],[28.5806,2.334],[28.3996,2.2516],[28.3789,2.2964],[28.3221,2.3352],[28.3335,2.3448],[28.3583,2.3435],[28.3619,2.3571],[28.3477,2.3667],[28.3544,2.3929],[28.3479,2.4167],[28.3685,2.4591],[28.3446,2.4663],[28.3348,2.4786],[28.3272,2.4657],[28.3126,2.4921],[28.3074,2.4878],[28.2785,2.5133],[28.2779,2.5326],[28.3047,2.5733],[28.2903,2.5889],[28.3046,2.6178],[28.3533,2.6817],[28.3679,2.6452],[28.4255,2.6785],[28.4312,2.6894],[28.4282,2.7335],[28.4645,2.7433],[28.4722,2.7759],[28.4948,2.8177],[28.5374,2.8421],[28.522,2.8831],[28.5506,2.8912],[28.5576,2.8769],[28.5517,2.8605],[28.566,2.8507],[28.5574,2.8217],[28.5627,2.8078],[28.5771,2.8188],[28.5849,2.8414],[28.6037,2.8468],[28.599,2.8603],[28.6123,2.8672],[28.6551,2.9528],[28.6569,2.9779],[28.6471,3.0033],[28.6844,3.0705],[28.7189,3.0819],[28.7273,3.095],[28.7847,3.1283],[28.8412,3.1347],[28.8549,3.132],[28.8673,3.1162],[28.9246,3.0954],[28.9647,3.0833],[28.9819,3.0872],[29.0517,3.1911],[29.031,3.2316],[29.0127,3.2432],[29.0127,3.2557],[29.0459,3.2796],[29.1205,3.3699],[29.1341,3.3973],[29.1215,3.4502],[29.1548,3.4808],[29.2106,3.4325],[29.2227,3.4365]]]}},{"type":"Feature","properties":{"zone":"isiro","label":"Isiro","province":"haut_uele","zscode":"lW6NlTXqGcv"},"geometry":{"type":"Polygon","coordinates":[[[27.6337,2.8524],[27.6622,2.8489],[27.6443,2.8217],[27.649,2.7906],[27.6725,2.8017],[27.6721,2.8176],[27.6857,2.8037],[27.6955,2.8096],[27.7029,2.7855],[27.6865,2.7606],[27.6997,2.7604],[27.7072,2.7454],[27.7035,2.7193],[27.6633,2.7192],[27.6544,2.7374],[27.6447,2.7397],[27.6411,2.7244],[27.6217,2.7399],[27.6054,2.727],[27.5842,2.7283],[27.5747,2.7149],[27.5887,2.6797],[27.586,2.6581],[27.609,2.6316],[27.6213,2.6374],[27.634,2.626],[27.6399,2.5882],[27.6303,2.572],[27.6386,2.5522],[27.6181,2.5319],[27.5769,2.5222],[27.5667,2.5017],[27.5283,2.4761],[27.5124,2.4178],[27.4538,2.4124],[27.4208,2.3943],[27.4118,2.3811],[27.4212,2.3297],[27.3981,2.3145],[27.3898,2.2995],[27.365,2.2214],[27.3244,2.1892],[27.3016,2.1391],[27.2889,2.1328],[27.283,2.1725],[27.2543,2.2283],[27.2018,2.2292],[27.1923,2.246],[27.1915,2.2753],[27.1707,2.2909],[27.1668,2.4407],[27.1483,2.4844],[27.1488,2.5445],[27.1354,2.5755],[27.1018,2.5651],[27.0332,2.5657],[27.0138,2.5353],[26.9561,2.5386],[26.9303,2.5316],[26.9616,2.6214],[26.9638,2.6776],[26.9765,2.7218],[26.9825,2.7254],[26.9993,2.7146],[27.0105,2.7259],[27.0424,2.7221],[27.1046,2.784],[27.1674,2.7855],[27.1906,2.815],[27.1818,2.8569],[27.1931,2.866],[27.2567,2.8102],[27.2773,2.8139],[27.2943,2.8042],[27.2938,2.7831],[27.3216,2.7584],[27.3297,2.7778],[27.3395,2.7821],[27.3497,2.8211],[27.3978,2.7625],[27.4275,2.7739],[27.4562,2.7666],[27.4597,2.8061],[27.5027,2.8308],[27.5402,2.8453],[27.5635,2.8276],[27.5787,2.844],[27.6071,2.8209],[27.6337,2.8524]]]}},{"type":"Feature","properties":{"zone":"","label":"Makoro","province":"haut_uele","zscode":"yNXb6VSdyPw"},"geometry":{"type":"Polygon","coordinates":[[[30.1946,3.3245],[30.1921,3.3133],[30.205,3.315],[30.2293,3.2895],[30.2374,3.2916],[30.2376,3.306],[30.2445,3.3],[30.2617,3.3059],[30.2807,3.2886],[30.2904,3.3012],[30.3201,3.3087],[30.3592,3.2935],[30.3634,3.2829],[30.3558,3.2771],[30.369,3.2737],[30.3797,3.2504],[30.3693,3.2103],[30.3845,3.205],[30.3901,3.1851],[30.3821,3.1563],[30.3729,3.1538],[30.3713,3.134],[30.3462,3.1197],[30.3384,3.1065],[30.3298,3.0775],[30.3203,3.0698],[30.3219,3.0542],[30.295,3.0557],[30.2698,3.0777],[30.2541,3.0715],[30.2522,3.0358],[30.2298,3.0391],[30.2214,3.0236],[30.1954,3.0142],[30.19,2.9883],[30.1998,2.9832],[30.2007,2.9621],[30.1921,2.9528],[30.1674,2.9642],[30.16,2.958],[30.1426,2.9301],[30.1493,2.9128],[30.1302,2.8971],[30.1325,2.8788],[30.1415,2.8724],[30.165,2.8799],[30.1942,2.8699],[30.197,2.8862],[30.2107,2.8769],[30.2137,2.8245],[30.205,2.8163],[30.1598,2.8173],[30.1486,2.8024],[30.1779,2.781],[30.1897,2.7826],[30.1962,2.7697],[30.1792,2.7371],[30.1853,2.7099],[30.2086,2.6693],[30.2133,2.6045],[30.2003,2.5899],[30.1937,2.5987],[30.1715,2.5941],[30.1314,2.6083],[30.1055,2.6313],[30.0647,2.6386],[30.0277,2.702],[29.9828,2.7403],[29.974,2.7825],[29.9395,2.8119],[29.9269,2.8439],[29.877,2.852],[29.8576,2.8453],[29.8471,2.8638],[29.791,2.8462],[29.7695,2.8473],[29.7253,2.9129],[29.7297,2.9203],[29.7167,2.9578],[29.7162,3.0057],[29.6685,3.0573],[29.6814,3.0697],[29.677,3.0753],[29.7252,3.0734],[29.7408,3.0652],[29.7464,3.0888],[29.7261,3.0918],[29.7188,3.1016],[29.6971,3.0983],[29.6885,3.1316],[29.6778,3.1353],[29.6758,3.1659],[29.6851,3.1796],[29.7069,3.1778],[29.7131,3.2002],[29.7309,3.1994],[29.7395,3.208],[29.7423,3.2373],[29.7411,3.2438],[29.7053,3.2551],[29.6688,3.3009],[29.6726,3.311],[29.6813,3.3085],[29.6812,3.3194],[29.7045,3.3074],[29.7134,3.2905],[29.7154,3.2997],[29.7474,3.3039],[29.7694,3.3214],[29.803,3.3091],[29.8289,3.3149],[29.8258,3.322],[29.8392,3.3297],[29.8463,3.3174],[29.8546,3.3358],[29.8432,3.3349],[29.8443,3.3451],[29.8516,3.3543],[29.8611,3.3512],[29.8638,3.3604],[29.866,3.3534],[29.8775,3.3604],[29.8836,3.3536],[29.8992,3.3667],[29.9165,3.3677],[29.9195,3.3617],[29.9576,3.382],[29.9668,3.3803],[29.9721,3.3684],[29.9916,3.376],[30.0031,3.3645],[30.0136,3.3827],[30.0182,3.371],[30.0263,3.3812],[30.0365,3.3761],[30.0358,3.3887],[30.0444,3.3927],[30.0771,3.3914],[30.0777,3.3806],[30.1097,3.364],[30.1279,3.3674],[30.1284,3.3431],[30.14,3.3277],[30.1614,3.3262],[30.1623,3.3359],[30.1737,3.3375],[30.1817,3.3237],[30.1946,3.3245]]]}},{"type":"Feature","properties":{"zone":"","label":"Niangara","province":"haut_uele","zscode":"PDPn74NtJzs"},"geometry":{"type":"Polygon","coordinates":[[[28.1922,3.7805],[28.1776,3.7838],[28.1663,3.7741],[28.1618,3.781],[28.1526,3.7746],[28.1506,3.7826],[28.1465,3.7681],[28.1342,3.771],[28.1358,3.7608],[28.116,3.7628],[28.1168,3.7525],[28.1086,3.7556],[28.0936,3.7426],[28.0587,3.7532],[28.0425,3.7474],[28.1019,3.7238],[28.1471,3.7262],[28.1866,3.7161],[28.1919,3.701],[28.2254,3.6857],[28.2281,3.662],[28.2547,3.6204],[28.2528,3.6067],[28.278,3.5881],[28.2968,3.6044],[28.3297,3.6031],[28.3654,3.6647],[28.4072,3.6558],[28.4196,3.6601],[28.4415,3.6383],[28.5144,3.6286],[28.5477,3.6092],[28.5333,3.5784],[28.4968,3.5641],[28.4775,3.5347],[28.475,3.5239],[28.4893,3.5015],[28.4771,3.4927],[28.4777,3.4676],[28.4476,3.4311],[28.4639,3.41],[28.5069,3.4258],[28.5321,3.3879],[28.5307,3.3726],[28.4779,3.3596],[28.4423,3.3214],[28.4353,3.3027],[28.4548,3.2875],[28.4311,3.2328],[28.4204,3.2293],[28.3792,3.1602],[28.3604,3.1181],[28.3669,3.0994],[28.3254,3.0824],[28.2935,3.0823],[28.2886,3.0505],[28.3026,3.0391],[28.3262,3.0398],[28.3329,2.9896],[28.3262,2.9594],[28.3329,2.9411],[28.3094,2.9424],[28.306,2.9561],[28.2999,2.9378],[28.2821,2.9356],[28.2764,2.9481],[28.2553,2.9478],[28.2606,2.9592],[28.231,2.9835],[28.2276,3.012],[28.2048,2.9976],[28.1974,2.9829],[28.1832,2.9812],[28.1626,2.9966],[28.1426,2.996],[28.1366,2.9855],[28.1254,2.9904],[28.1151,3.0047],[28.0749,3.0273],[28.0638,3.049],[28.0369,3.0512],[28.0052,3.0755],[27.9986,3.0975],[28.0093,3.0979],[27.9889,3.1015],[27.9892,3.1103],[27.9815,3.1056],[27.9733,3.1181],[27.9797,3.1168],[27.977,3.1265],[27.9893,3.1321],[27.9489,3.1338],[27.9401,3.1487],[27.9424,3.167],[27.9231,3.1759],[27.9205,3.1868],[27.902,3.1862],[27.8896,3.199],[27.8832,3.1915],[27.8705,3.1992],[27.865,3.189],[27.8321,3.2006],[27.8256,3.2195],[27.8135,3.2281],[27.8259,3.2328],[27.8269,3.2417],[27.814,3.2404],[27.8096,3.2672],[27.7979,3.2716],[27.8059,3.2832],[27.797,3.2851],[27.7907,3.2754],[27.7749,3.2805],[27.772,3.289],[27.7793,3.2951],[27.7608,3.2986],[27.7486,3.3106],[27.7324,3.3003],[27.7277,3.3121],[27.7234,3.2969],[27.7145,3.3085],[27.6755,3.3079],[27.6665,3.323],[27.6456,3.3126],[27.6249,3.3264],[27.6283,3.2912],[27.6135,3.2717],[27.556,3.2721],[27.5382,3.2747],[27.5362,3.3056],[27.5285,3.3138],[27.5202,3.3038],[27.5128,3.3157],[27.492,3.3054],[27.4867,3.3166],[27.4699,3.3181],[27.4516,3.3063],[27.4493,3.2962],[27.4357,3.2947],[27.4331,3.3195],[27.4261,3.3239],[27.4141,3.3042],[27.3805,3.3025],[27.3758,3.27],[27.3622,3.2754],[27.3625,3.2935],[27.3428,3.2878],[27.3262,3.3092],[27.3009,3.3241],[27.3022,3.3547],[27.2917,3.3609],[27.2924,3.4154],[27.2833,3.4539],[27.2607,3.4599],[27.2443,3.477],[27.2982,3.5091],[27.3186,3.5479],[27.36,3.5655],[27.366,3.5799],[27.341,3.6389],[27.3484,3.6583],[27.3465,3.6979],[27.3329,3.713],[27.3424,3.7316],[27.3366,3.7551],[27.3284,3.7698],[27.3173,3.7682],[27.3083,3.7797],[27.2986,3.8406],[27.3173,3.8307],[27.3398,3.8383],[27.3433,3.8236],[27.356,3.8396],[27.3849,3.8406],[27.3878,3.8481],[27.4049,3.8508],[27.4094,3.833],[27.4367,3.8141],[27.4401,3.8223],[27.4253,3.8424],[27.4329,3.8439],[27.4321,3.8542],[27.4647,3.857],[27.4582,3.8665],[27.4647,3.8639],[27.4705,3.8736],[27.4954,3.8672],[27.4984,3.8739],[27.5001,3.8655],[27.514,3.8695],[27.5097,3.8911],[27.5369,3.8963],[27.5412,3.9184],[27.5585,3.9121],[27.5624,3.9199],[27.5683,3.9044],[27.5813,3.9065],[27.5832,3.9198],[27.5919,3.9189],[27.5881,3.9371],[27.6009,3.9426],[27.5966,3.9474],[27.6032,3.9573],[27.6128,3.9404],[27.6287,3.9474],[27.6352,3.9381],[27.6609,3.9501],[27.6635,3.9412],[27.6784,3.9376],[27.6768,3.9461],[27.6954,3.9479],[27.6995,3.9392],[27.7111,3.9485],[27.7123,3.9653],[27.7484,3.9516],[27.7506,3.9585],[27.7399,3.9686],[27.7465,3.978],[27.7485,3.9676],[27.757,3.9733],[27.7644,3.9651],[27.7796,3.9785],[27.7893,3.9708],[27.7924,3.9785],[27.78,3.9819],[27.7805,3.9891],[27.7928,4.0054],[27.8497,3.9959],[27.9102,4.0458],[27.9487,4.0505],[27.9586,4.048],[27.9672,3.9875],[27.9833,3.9839],[27.9823,3.9739],[28.0079,3.9571],[28.0365,3.9228],[28.038,3.897],[28.0968,3.9675],[28.1303,3.9571],[28.1754,3.9292],[28.2015,3.8836],[28.1892,3.8178],[28.1922,3.7805]]]}},{"type":"Feature","properties":{"zone":"pawa","label":"Pawa","province":"haut_uele","zscode":"ZxQY9szHMx5"},"geometry":{"type":"Polygon","coordinates":[[[27.8403,2.4613],[27.7922,2.4404],[27.772,2.3813],[27.763,2.3756],[27.7417,2.4097],[27.7125,2.4031],[27.7038,2.4104],[27.7068,2.4235],[27.6999,2.4301],[27.643,2.4162],[27.6475,2.4097],[27.6389,2.3918],[27.6443,2.3828],[27.6567,2.3813],[27.6673,2.3619],[27.6523,2.3628],[27.6443,2.3494],[27.6239,2.3435],[27.6155,2.3089],[27.6256,2.2969],[27.6474,2.2951],[27.6574,2.2682],[27.6556,2.2422],[27.6504,2.225],[27.6292,2.2107],[27.6214,2.223],[27.6041,2.2189],[27.6062,2.209],[27.5861,2.1767],[27.5941,2.1621],[27.5875,2.1456],[27.6104,2.1288],[27.6372,2.1213],[27.6373,2.1105],[27.5961,2.0777],[27.5885,2.053],[27.5716,2.0551],[27.5622,2.0482],[27.5586,2.0265],[27.5406,2.013],[27.5285,2.0186],[27.5189,2.0127],[27.5139,1.9921],[27.4929,2.0079],[27.4929,2.0413],[27.462,2.0804],[27.4533,2.0795],[27.4421,2.0566],[27.4262,2.0593],[27.4262,2.0372],[27.4103,2.0431],[27.404,2.0585],[27.378,2.0683],[27.3608,2.0551],[27.347,2.0923],[27.3066,2.092],[27.2939,2.106],[27.2889,2.1328],[27.3016,2.1391],[27.3244,2.1892],[27.365,2.2214],[27.3898,2.2995],[27.3981,2.3145],[27.4212,2.3297],[27.412,2.3828],[27.4312,2.4053],[27.5124,2.4178],[27.5283,2.4761],[27.5667,2.5017],[27.5769,2.5222],[27.6239,2.5347],[27.6388,2.5536],[27.6303,2.572],[27.6399,2.5882],[27.6338,2.6263],[27.6628,2.6185],[27.6661,2.6418],[27.6966,2.6301],[27.7139,2.634],[27.731,2.6612],[27.7462,2.6506],[27.7596,2.6596],[27.7764,2.6531],[27.7918,2.6286],[27.8162,2.6232],[27.8256,2.6082],[27.808,2.5945],[27.8076,2.583],[27.8393,2.5432],[27.8314,2.532],[27.8363,2.5135],[27.845,2.5092],[27.8403,2.4613]]]}},{"type":"Feature","properties":{"zone":"rungu","label":"Rungu","province":"haut_uele","zscode":"EGoMVOvVUAp"},"geometry":{"type":"Polygon","coordinates":[[[28.3329,2.9411],[28.3459,2.9406],[28.3461,2.9202],[28.3605,2.8956],[28.3854,2.8942],[28.3929,2.8859],[28.4025,2.8963],[28.4122,2.8864],[28.4466,2.8767],[28.4553,2.8646],[28.4699,2.8647],[28.4637,2.8564],[28.474,2.8329],[28.5057,2.8302],[28.4722,2.7759],[28.4645,2.7433],[28.4282,2.7335],[28.4312,2.6894],[28.4255,2.6785],[28.3679,2.6452],[28.352,2.6872],[28.3253,2.7222],[28.3011,2.7381],[28.2527,2.7496],[28.2112,2.7401],[28.1991,2.7319],[28.2021,2.7172],[28.1768,2.6859],[28.1828,2.6308],[28.151,2.6148],[28.1494,2.5616],[28.1202,2.5521],[28.0858,2.5261],[28.1034,2.4753],[28.1,2.4535],[28.0915,2.4435],[28.04,2.4396],[28.0265,2.4284],[28.0302,2.4339],[28.0172,2.4361],[28.0136,2.4509],[28.0052,2.4481],[27.9923,2.4584],[27.9862,2.435],[27.9636,2.4432],[27.9213,2.4192],[27.9266,2.4144],[27.9187,2.3935],[27.9283,2.3846],[27.9186,2.3687],[27.8942,2.3596],[27.8907,2.3487],[27.8596,2.4022],[27.8621,2.4281],[27.8496,2.4389],[27.8568,2.4712],[27.8385,2.464],[27.845,2.5092],[27.8363,2.5135],[27.8314,2.532],[27.8393,2.5432],[27.8076,2.583],[27.808,2.5945],[27.8256,2.6082],[27.8162,2.6232],[27.7918,2.6286],[27.7764,2.6531],[27.7596,2.6596],[27.7462,2.6506],[27.731,2.6612],[27.7139,2.634],[27.6966,2.6301],[27.6661,2.6418],[27.6628,2.6185],[27.6213,2.6374],[27.609,2.6316],[27.586,2.6581],[27.5887,2.6797],[27.5747,2.7149],[27.5842,2.7283],[27.6054,2.727],[27.6217,2.7399],[27.6411,2.7244],[27.6447,2.7397],[27.6544,2.7374],[27.6633,2.7192],[27.7035,2.7193],[27.7029,2.7577],[27.6865,2.7606],[27.7027,2.7944],[27.6955,2.8096],[27.6857,2.8037],[27.6721,2.8176],[27.6725,2.8017],[27.649,2.7906],[27.6443,2.8217],[27.6622,2.8489],[27.6337,2.8524],[27.6332,2.871],[27.6139,2.8767],[27.6194,2.9026],[27.6336,2.9045],[27.644,2.8939],[27.6565,2.8984],[27.6434,2.9318],[27.6273,2.9304],[27.5588,2.9547],[27.5623,2.9626],[27.544,2.9835],[27.5425,2.9975],[27.5535,3.0353],[27.6044,3.029],[27.6424,3.0491],[27.6688,3.0369],[27.6962,3.0466],[27.6958,3.0874],[27.7153,3.1059],[27.7279,3.1518],[27.7192,3.1723],[27.6841,3.2081],[27.6997,3.2315],[27.7015,3.288],[27.712,3.3087],[27.7234,3.2969],[27.7277,3.3121],[27.7324,3.3003],[27.7486,3.3106],[27.7608,3.2986],[27.7793,3.2951],[27.7739,3.281],[27.79,3.2755],[27.7991,3.2793],[27.797,3.2851],[27.8059,3.2832],[27.7979,3.2716],[27.8096,3.2672],[27.814,3.2404],[27.8269,3.2417],[27.8259,3.2328],[27.8135,3.2281],[27.8256,3.2195],[27.8321,3.2006],[27.865,3.189],[27.8705,3.1992],[27.8832,3.1915],[27.8896,3.199],[27.902,3.1862],[27.9205,3.1868],[27.9231,3.1759],[27.9424,3.167],[27.9401,3.1487],[27.9489,3.1338],[27.9893,3.1321],[27.977,3.1265],[27.9797,3.1168],[27.9733,3.1181],[27.9815,3.1056],[27.9892,3.1103],[27.9889,3.1015],[28.0093,3.0979],[27.9986,3.0975],[28.0052,3.0755],[28.0369,3.0512],[28.0638,3.049],[28.0749,3.0273],[28.1151,3.0047],[28.1254,2.9904],[28.1366,2.9855],[28.1426,2.996],[28.1626,2.9966],[28.1832,2.9812],[28.1974,2.9829],[28.2048,2.9976],[28.2276,3.012],[28.231,2.9835],[28.2606,2.9592],[28.2553,2.9478],[28.2764,2.9481],[28.2821,2.9356],[28.2999,2.9378],[28.306,2.9561],[28.3094,2.9424],[28.3329,2.9411]]]}},{"type":"Feature","properties":{"zone":"wamba","label":"Wamba","province":"haut_uele","zscode":"ET5R8zSN3gm"},"geometry":{"type":"Polygon","coordinates":[[[28.3533,2.6817],[28.2905,2.5908],[28.3047,2.5733],[28.2779,2.5326],[28.281,2.5094],[28.3074,2.4878],[28.3126,2.4921],[28.3253,2.4671],[28.3348,2.4786],[28.3446,2.4663],[28.3685,2.4591],[28.3479,2.4167],[28.3544,2.3929],[28.3477,2.3667],[28.3619,2.3571],[28.3583,2.3435],[28.3335,2.3448],[28.3139,2.3361],[28.2986,1.8741],[28.2899,1.8561],[28.2404,1.8347],[28.1906,1.796],[28.1881,1.7849],[28.1907,1.7378],[28.2196,1.6836],[28.1803,1.6901],[27.9817,1.7557],[27.9413,1.7485],[27.9461,1.7262],[27.9382,1.7211],[27.9009,1.7942],[27.8815,1.7671],[27.8401,1.7778],[27.783,1.8138],[27.7816,1.8301],[27.7634,1.8525],[27.75,1.8564],[27.7165,1.8458],[27.6822,1.8083],[27.6307,1.8205],[27.585,1.8473],[27.5666,1.828],[27.5533,1.7734],[27.5972,1.7044],[27.4955,1.6686],[27.4467,1.6596],[27.3909,1.5944],[27.3669,1.5365],[27.3563,1.5373],[27.3505,1.561],[27.2902,1.5449],[27.192,1.5721],[27.2111,1.5823],[27.2078,1.5979],[27.2167,1.5881],[27.23,1.5933],[27.2364,1.6066],[27.2462,1.5898],[27.2642,1.5904],[27.2756,1.5998],[27.2694,1.6105],[27.2771,1.6482],[27.2918,1.6607],[27.2883,1.6764],[27.3011,1.6728],[27.3057,1.7031],[27.2971,1.7066],[27.3129,1.7214],[27.3171,1.7396],[27.3318,1.7412],[27.3388,1.7582],[27.3523,1.7619],[27.3509,1.7697],[27.3609,1.7607],[27.3797,1.7934],[27.3851,1.8216],[27.358,1.8252],[27.3545,1.8608],[27.3603,1.8831],[27.3879,1.8984],[27.357,1.9631],[27.3569,1.9956],[27.329,2.0146],[27.3268,2.0289],[27.3154,2.0356],[27.2939,2.0241],[27.2651,2.0473],[27.2541,2.0478],[27.2465,2.0312],[27.2286,2.0231],[27.2273,2.0084],[27.2481,1.9772],[27.2459,1.9618],[27.2246,1.9579],[27.2247,1.9399],[27.21,1.9116],[27.1438,1.8961],[27.1112,1.9152],[27.0746,1.9085],[27.0479,1.9243],[27.0359,1.9626],[27.0385,2.0031],[27.0493,2.0141],[27.0567,2.0549],[27.0504,2.0667],[27.0502,2.1149],[27.0666,2.1366],[27.0828,2.1341],[27.0904,2.1555],[27.1032,2.1558],[27.1152,2.1713],[27.123,2.224],[27.1307,2.2246],[27.146,2.2489],[27.1442,2.2727],[27.1563,2.2711],[27.1763,2.2919],[27.1915,2.2753],[27.1923,2.246],[27.2018,2.2292],[27.2515,2.2312],[27.283,2.1725],[27.2939,2.106],[27.3066,2.092],[27.347,2.0923],[27.3608,2.0551],[27.378,2.0683],[27.404,2.0585],[27.4103,2.0431],[27.4267,2.0371],[27.4262,2.0593],[27.4421,2.0566],[27.4533,2.0795],[27.462,2.0804],[27.4929,2.0413],[27.4929,2.0079],[27.5139,1.9921],[27.52,2.0136],[27.5285,2.0186],[27.5406,2.013],[27.5586,2.0265],[27.5622,2.0482],[27.5716,2.0551],[27.5876,2.0524],[27.6075,2.0184],[27.6279,2.0081],[27.6606,1.9734],[27.7245,1.8687],[27.7606,1.9028],[27.8085,1.9246],[27.8185,1.9759],[27.8075,2.0094],[27.837,2.0343],[27.8446,2.0627],[27.8683,2.0948],[27.8327,2.1226],[27.835,2.1298],[27.9038,2.1539],[27.9251,2.1375],[27.9542,2.1677],[27.9533,2.1873],[27.9285,2.2118],[27.9334,2.2542],[27.9177,2.2911],[27.8793,2.2892],[27.8617,2.2754],[27.8573,2.2822],[27.8565,2.3051],[27.8742,2.3376],[27.8902,2.347],[27.8957,2.3609],[27.9186,2.3687],[27.9283,2.3846],[27.9187,2.3935],[27.9266,2.4144],[27.9213,2.4192],[27.9636,2.4432],[27.9862,2.435],[27.9923,2.4584],[28.0052,2.4481],[28.0136,2.4509],[28.0172,2.4361],[28.0302,2.4339],[28.0265,2.4284],[28.04,2.4396],[28.0915,2.4435],[28.1044,2.464],[28.0858,2.5261],[28.1202,2.5521],[28.1494,2.5616],[28.151,2.6148],[28.1828,2.6308],[28.1768,2.6859],[28.2021,2.7172],[28.1991,2.7319],[28.2112,2.7401],[28.2527,2.7496],[28.3011,2.7381],[28.3253,2.7222],[28.3533,2.6817]]]}},{"type":"Feature","properties":{"zone":"","label":"Watsa","province":"haut_uele","zscode":"mS2mByLHkzL"},"geometry":{"type":"Polygon","coordinates":[[[29.6687,3.3012],[29.7076,3.2532],[29.7411,3.2438],[29.7395,3.208],[29.7309,3.1994],[29.7131,3.2002],[29.7069,3.1778],[29.6851,3.1796],[29.6758,3.1659],[29.6757,3.1442],[29.6885,3.1316],[29.6971,3.0983],[29.7188,3.1016],[29.7261,3.0918],[29.7464,3.0888],[29.745,3.0693],[29.677,3.0753],[29.6814,3.0697],[29.6685,3.0573],[29.7162,3.0057],[29.7167,2.9578],[29.7297,2.9203],[29.7253,2.9129],[29.7695,2.8473],[29.791,2.8462],[29.8471,2.8638],[29.8576,2.8453],[29.877,2.852],[29.9269,2.8439],[29.9395,2.8119],[29.974,2.7825],[29.9828,2.7403],[30.0277,2.702],[30.0647,2.6386],[30.1055,2.6313],[30.1314,2.6083],[30.1715,2.5941],[30.1937,2.5987],[30.2003,2.5899],[30.1847,2.5843],[30.1941,2.5729],[30.1876,2.5558],[30.1444,2.5115],[30.1274,2.4267],[30.1426,2.4106],[30.1402,2.3701],[30.1247,2.3654],[30.1116,2.3711],[30.1014,2.3615],[30.0881,2.3647],[30.0754,2.3563],[30.0568,2.3765],[30.0215,2.2775],[29.998,2.2748],[29.988,2.2657],[29.9867,2.2456],[29.9765,2.2409],[29.9708,2.2477],[29.9666,2.2386],[29.9471,2.262],[29.948,2.2535],[29.9306,2.2469],[29.9334,2.2385],[29.9273,2.237],[29.9216,2.218],[29.9276,2.2106],[29.9165,2.1914],[29.9215,2.1804],[29.8842,2.18],[29.8781,2.1694],[29.8781,2.1805],[29.8581,2.159],[29.8582,2.1441],[29.877,2.1415],[29.8765,2.1154],[29.8895,2.115],[29.8948,2.106],[29.9068,2.1087],[29.9103,2.101],[29.9017,2.0878],[29.9075,2.071],[29.9006,2.0554],[29.8738,2.0806],[29.8518,2.0718],[29.8371,2.0859],[29.8159,2.0888],[29.8044,2.1038],[29.7965,2.1031],[29.7751,2.1331],[29.7727,2.1503],[29.7368,2.1719],[29.7436,2.1903],[29.6842,2.2077],[29.6243,2.2095],[29.6077,2.2835],[29.6463,2.2716],[29.6676,2.2879],[29.6423,2.3157],[29.6476,2.3332],[29.639,2.3732],[29.6502,2.4254],[29.6282,2.4506],[29.5727,2.4886],[29.3546,2.4046],[29.3228,2.4485],[29.2977,2.4587],[29.2863,2.5027],[29.2598,2.5381],[29.2593,2.5496],[29.2366,2.5604],[29.22,2.602],[29.2197,2.6247],[29.2413,2.6328],[29.244,2.6221],[29.2862,2.6254],[29.3131,2.6098],[29.3216,2.7073],[29.2942,2.7739],[29.3212,2.8047],[29.3433,2.8167],[29.3355,2.8754],[29.3409,2.8983],[29.3238,2.9121],[29.2926,2.9202],[29.2928,2.9331],[29.3033,2.9419],[29.2939,2.9789],[29.2952,2.9875],[29.3178,2.9979],[29.32,3.0532],[29.3496,3.0722],[29.3602,3.0682],[29.368,3.0961],[29.3783,3.0979],[29.3738,3.1427],[29.3495,3.1603],[29.3427,3.1835],[29.3808,3.2114],[29.4221,3.1998],[29.4419,3.2115],[29.4656,3.2087],[29.5036,3.2217],[29.511,3.2337],[29.5018,3.2285],[29.4958,3.2345],[29.5128,3.2539],[29.4979,3.2858],[29.4846,3.2878],[29.4886,3.3064],[29.4747,3.2896],[29.4618,3.3006],[29.458,3.2907],[29.4516,3.2989],[29.4438,3.2936],[29.442,3.3012],[29.4316,3.2904],[29.4276,3.305],[29.4517,3.3234],[29.4658,3.3242],[29.4688,3.3323],[29.5002,3.3348],[29.5077,3.3488],[29.5289,3.3346],[29.543,3.3422],[29.5435,3.3518],[29.5625,3.3449],[29.5745,3.32],[29.569,3.3029],[29.586,3.2791],[29.6031,3.272],[29.6148,3.279],[29.6307,3.2671],[29.6285,3.2594],[29.6449,3.2639],[29.6461,3.2742],[29.6647,3.2612],[29.6592,3.2732],[29.6652,3.2796],[29.6463,3.2888],[29.657,3.3005],[29.6687,3.3012]]]}},{"type":"Feature","properties":{"zone":"","label":"Bafwagbogbo","province":"tshopo","zscode":"jaNYqjAceGA"},"geometry":{"type":"Polygon","coordinates":[[[27.0427,1.9407],[27.048,1.9241],[27.0732,1.909],[27.1105,1.9154],[27.1436,1.8961],[27.2098,1.9115],[27.2247,1.9399],[27.2246,1.9579],[27.2459,1.9616],[27.248,1.9777],[27.2272,2.0183],[27.2471,2.0317],[27.2545,2.0479],[27.2668,2.0469],[27.2939,2.0241],[27.3149,2.0359],[27.3268,2.0289],[27.329,2.0146],[27.3573,1.995],[27.357,1.9631],[27.3879,1.8984],[27.3603,1.8831],[27.3545,1.8608],[27.358,1.8252],[27.3851,1.8216],[27.3755,1.7823],[27.3609,1.7607],[27.3525,1.7708],[27.3318,1.7412],[27.3171,1.7396],[27.3129,1.7214],[27.2971,1.7066],[27.3057,1.7031],[27.3011,1.6728],[27.2883,1.6764],[27.2918,1.6607],[27.2771,1.6482],[27.2694,1.6105],[27.2753,1.5995],[27.2642,1.5904],[27.2462,1.5898],[27.2364,1.6066],[27.23,1.5933],[27.2167,1.5881],[27.2078,1.5979],[27.2111,1.5823],[27.1919,1.5723],[27.29,1.5449],[27.3192,1.5564],[27.3565,1.5565],[27.3586,1.5355],[27.2691,1.4179],[27.0217,1.4598],[26.9559,1.4592],[26.9598,1.4761],[26.8824,1.4959],[26.8511,1.4941],[26.781,1.454],[26.7663,1.4582],[26.7436,1.4831],[26.7247,1.4794],[26.7133,1.4441],[26.7024,1.4368],[26.5384,1.3909],[26.4991,1.3376],[26.4768,1.3274],[26.4542,1.301],[26.4333,1.3062],[26.4142,1.2843],[26.3788,1.2832],[26.362,1.2354],[26.3664,1.193],[26.3537,1.1112],[26.3386,1.1111],[26.3046,1.0469],[26.2905,1.0574],[26.2587,1.0508],[26.227,0.9668],[26.1574,0.8424],[26.1492,0.8349],[26.134,0.8365],[26.1446,0.8262],[26.134,0.8172],[26.1234,0.8228],[26.1334,0.8262],[26.1309,0.8317],[26.1018,0.8318],[26.0998,0.8121],[26.1095,0.8186],[26.0995,0.8013],[26.0771,0.7822],[26.0696,0.7647],[26.057,0.7554],[26.049,0.7653],[26.0422,0.7579],[26.0563,0.7391],[26.0354,0.7201],[26.038,0.7045],[26.0235,0.7245],[25.9947,0.7137],[25.9847,0.693],[25.9731,0.6938],[25.9836,0.7125],[25.9617,0.6931],[25.9238,0.7085],[25.9057,0.6866],[25.8604,0.708],[25.8392,0.6927],[25.8386,0.7207],[25.8307,0.7284],[25.7961,0.6986],[25.8024,0.6751],[25.7922,0.6762],[25.7964,0.6487],[25.7547,0.6787],[25.7661,0.6448],[25.7518,0.6386],[25.7677,0.6266],[25.7539,0.6038],[25.7652,0.5837],[25.7365,0.6015],[25.7135,0.5892],[25.7118,0.5648],[25.6755,0.5933],[25.6978,0.6314],[25.6827,0.6629],[25.6684,0.6749],[25.6487,0.6763],[25.6523,0.6858],[25.6678,0.6892],[25.6555,0.713],[25.5997,0.6807],[25.5776,0.7111],[25.5832,0.7308],[25.5997,0.7317],[25.597,0.7177],[25.6107,0.7186],[25.632,0.7417],[25.6231,0.7529],[25.6271,0.7691],[25.6192,0.7719],[25.6254,0.7786],[25.613,0.7913],[25.6215,0.8],[25.6247,0.8421],[25.5728,0.8429],[25.5181,0.8318],[25.4631,0.8035],[25.4392,0.8085],[25.4484,0.8192],[25.4455,0.8299],[25.4676,0.824],[25.4735,0.8293],[25.483,0.8771],[25.4445,0.8847],[25.4388,0.8888],[25.4429,0.8997],[25.5632,0.8974],[25.6084,0.9176],[25.6242,0.9077],[25.6555,0.9059],[25.7472,0.8498],[25.7909,0.8671],[25.8256,0.892],[25.8686,1.0006],[25.8626,1.0345],[25.8437,1.0541],[25.8128,1.0575],[25.7732,1.1046],[25.7807,1.1344],[25.8089,1.1699],[25.8156,1.194],[25.8105,1.2087],[25.7819,1.2534],[25.7691,1.2536],[25.7409,1.2291],[25.6987,1.2619],[25.6657,1.2718],[25.6526,1.3064],[25.6812,1.317],[25.7334,1.2758],[25.7516,1.2753],[25.7554,1.2889],[25.7385,1.3231],[25.7508,1.3349],[25.7604,1.3339],[25.7765,1.3193],[25.7905,1.3745],[25.7919,1.461],[25.8515,1.501],[25.8868,1.5087],[25.8883,1.5281],[25.8804,1.5386],[25.8947,1.5543],[25.8912,1.5854],[25.9085,1.6139],[25.9697,1.6309],[25.975,1.6389],[26.0051,1.6392],[26.0123,1.654],[26.0483,1.6505],[26.0794,1.6647],[26.123,1.6689],[26.1369,1.6644],[26.1689,1.5821],[26.2044,1.5428],[26.3859,1.6406],[26.4275,1.624],[26.4512,1.6272],[26.4611,1.6577],[26.459,1.6913],[26.4894,1.6867],[26.5222,1.7028],[26.5157,1.7615],[26.5382,1.7954],[26.5291,1.827],[26.5359,1.8513],[26.5916,1.9022],[26.626,1.9666],[26.6188,1.9815],[26.5854,2.0015],[26.5649,2.0002],[26.5489,2.0145],[26.5664,2.0508],[26.5842,2.0534],[26.5997,2.0678],[26.6027,2.1162],[26.622,2.1202],[26.6263,2.0967],[26.6419,2.1025],[26.7463,2.1931],[26.7693,2.1917],[26.7752,2.1561],[26.8076,2.1277],[26.8266,2.1499],[26.8596,2.1464],[26.8698,2.168],[26.8871,2.1467],[26.8831,2.1309],[26.8941,2.1298],[26.891,2.1223],[26.8975,2.1236],[26.9003,2.115],[26.9128,2.1161],[26.9192,2.0896],[26.9306,2.0924],[26.9287,2.0775],[26.9354,2.0785],[26.9357,2.0716],[26.9297,2.0569],[26.94,2.0493],[26.9382,2.037],[26.9596,2.0279],[26.9399,2.005],[26.9472,1.9958],[26.9427,1.9905],[26.9605,1.9868],[26.9606,1.9801],[26.9801,1.9798],[26.9957,1.9561],[26.9917,1.9473],[27.0009,1.9515],[27.012,1.9401],[27.0323,1.9483],[27.0354,1.9396],[27.0427,1.9407]]]}},{"type":"Feature","properties":{"zone":"bafwasende","label":"Bafwasende","province":"tshopo","zscode":"pLBZiohnxFC"},"geometry":{"type":"Polygon","coordinates":[[[28.0275,0.633],[28.0094,0.6332],[27.9895,0.612],[27.9546,0.6215],[27.9231,0.5988],[27.893,0.5619],[27.855,0.5574],[27.7907,0.5288],[27.7612,0.54],[27.7298,0.566],[27.7364,0.5863],[27.7666,0.5859],[27.7786,0.6168],[27.7532,0.6956],[27.7543,0.7224],[27.7251,0.7403],[27.7173,0.7289],[27.6961,0.7376],[27.7087,0.7823],[27.6758,0.8235],[27.653,0.8309],[27.633,0.8248],[27.6313,0.8329],[27.595,0.8408],[27.5746,0.8546],[27.5438,0.8384],[27.535,0.8532],[27.5091,0.8693],[27.4772,0.8585],[27.4712,0.875],[27.4862,0.8988],[27.4771,0.9097],[27.4688,0.9073],[27.4572,0.8811],[27.4385,0.8765],[27.4207,0.8591],[27.3747,0.8457],[27.3338,0.877],[27.3088,0.8786],[27.2927,0.871],[27.2814,0.8898],[27.2267,0.9213],[27.0341,0.8283],[27.0086,0.8358],[26.9668,0.8311],[26.9352,0.8129],[26.9346,0.7699],[26.8997,0.7036],[26.8374,0.636],[26.8353,0.6101],[26.8242,0.6111],[26.8206,0.5967],[26.8111,0.5998],[26.9038,0.467],[26.8059,0.3243],[26.8304,0.252],[26.8161,0.2451],[26.8221,0.2412],[26.8138,0.2339],[26.8169,0.2261],[26.789,0.1911],[26.7668,0.1826],[26.748,0.1905],[26.7368,0.1831],[26.723,0.1924],[26.718,0.1721],[26.7091,0.1744],[26.7024,0.161],[26.6875,0.1602],[26.6872,0.1421],[26.6728,0.1226],[26.6394,0.156],[26.5046,0.101],[26.4827,0.0594],[26.4126,0.0628],[26.3179,0.0827],[26.1864,0.1471],[26.1692,0.1626],[26.133,0.1747],[26.1183,0.2264],[26.0921,0.2614],[26.074,0.3139],[26.051,0.3464],[26.0983,0.4202],[26.1813,0.474],[26.2278,0.5363],[26.2142,0.5289],[26.2178,0.5438],[26.1893,0.546],[26.185,0.5565],[26.1945,0.5664],[26.1935,0.5781],[26.1675,0.6197],[26.1456,0.6067],[26.1202,0.6212],[26.1333,0.6398],[26.1264,0.6432],[26.133,0.649],[26.1272,0.6745],[26.1168,0.6646],[26.1211,0.6881],[26.1019,0.6804],[26.1053,0.6676],[26.0976,0.6612],[26.0896,0.6691],[26.0977,0.676],[26.0899,0.6909],[26.0808,0.6844],[26.0544,0.6861],[26.0568,0.6926],[26.0732,0.6913],[26.0792,0.7066],[26.0961,0.7002],[26.1018,0.707],[26.0925,0.7115],[26.0895,0.7033],[26.0802,0.7157],[26.0669,0.7144],[26.0709,0.7246],[26.0488,0.7271],[26.0563,0.7391],[26.0486,0.743],[26.0532,0.7486],[26.0418,0.7502],[26.0428,0.759],[26.049,0.7653],[26.0578,0.7558],[26.0995,0.8013],[26.1095,0.8186],[26.0998,0.8121],[26.1018,0.8318],[26.1309,0.8317],[26.1334,0.8262],[26.1234,0.8228],[26.134,0.8172],[26.1442,0.8251],[26.134,0.8365],[26.1492,0.8349],[26.1574,0.8424],[26.1925,0.9014],[26.2,0.9285],[26.227,0.9668],[26.2587,1.0508],[26.2905,1.0574],[26.3046,1.0469],[26.3386,1.1111],[26.3536,1.1111],[26.3664,1.193],[26.362,1.2354],[26.3788,1.2832],[26.4142,1.2843],[26.4333,1.3062],[26.4542,1.301],[26.4768,1.3274],[26.4991,1.3376],[26.5384,1.3909],[26.7024,1.4368],[26.7133,1.4441],[26.7247,1.4794],[26.7381,1.4825],[26.781,1.454],[26.8511,1.4941],[26.8837,1.4959],[26.9598,1.4761],[26.9559,1.4592],[27.0217,1.4598],[27.2685,1.4177],[27.3586,1.5355],[27.3669,1.5365],[27.3663,1.4972],[27.4192,1.4897],[27.4403,1.5055],[27.4501,1.4764],[27.4683,1.4637],[27.4873,1.4001],[27.5091,1.3906],[27.5242,1.3654],[27.5569,1.3431],[27.554,1.324],[27.5758,1.3221],[27.5991,1.3488],[27.6148,1.323],[27.6783,1.3343],[27.7391,1.2958],[27.7587,1.304],[27.7775,1.2952],[27.7653,1.2561],[27.7832,1.2284],[27.7556,1.2106],[27.7706,1.1497],[27.7395,1.1212],[27.7408,1.069],[27.757,1.0734],[27.7731,1.0587],[27.7833,1.0651],[27.8243,1.0632],[27.8532,1.0389],[27.8756,1.0507],[27.9335,1.0423],[27.9226,1.0046],[27.8781,0.946],[27.8862,0.9318],[27.9081,0.9251],[27.9199,0.9324],[27.9388,0.9214],[27.9509,0.9214],[27.9743,0.9401],[27.9956,0.9426],[27.9467,0.8271],[27.9356,0.749],[28.0275,0.633]]]}},{"type":"Feature","properties":{"zone":"","label":"Banalia","province":"tshopo","zscode":"WxBLTUjeyfB"},"geometry":{"type":"Polygon","coordinates":[[[26.5664,2.0508],[26.5492,2.0137],[26.5649,2.0002],[26.5854,2.0015],[26.6188,1.9815],[26.626,1.9668],[26.5916,1.9022],[26.5359,1.8513],[26.5291,1.827],[26.5382,1.7954],[26.5157,1.7615],[26.5221,1.7027],[26.4894,1.6867],[26.459,1.6913],[26.4611,1.6574],[26.4508,1.6269],[26.4272,1.624],[26.3859,1.6406],[26.2044,1.5428],[26.1689,1.5821],[26.1369,1.6644],[26.123,1.6689],[26.0794,1.6647],[26.0483,1.6505],[26.0123,1.654],[26.0051,1.6392],[25.975,1.6389],[25.9697,1.6309],[25.9076,1.6134],[25.8912,1.5854],[25.8947,1.5543],[25.8804,1.5386],[25.8883,1.5281],[25.8868,1.5087],[25.8515,1.501],[25.7919,1.461],[25.7905,1.3745],[25.7765,1.3193],[25.7604,1.3339],[25.7508,1.3349],[25.7385,1.3231],[25.7554,1.2889],[25.7516,1.2753],[25.7334,1.2758],[25.6807,1.3172],[25.652,1.3053],[25.6657,1.2718],[25.6987,1.2619],[25.7409,1.2291],[25.7443,1.1897],[25.7279,1.1571],[25.7046,1.1496],[25.6794,1.1584],[25.6588,1.1984],[25.6579,1.2279],[25.6401,1.2452],[25.5843,1.246],[25.5637,1.2177],[25.5471,1.2078],[25.5242,1.2148],[25.4882,1.1824],[25.4664,1.1927],[25.4515,1.1892],[25.4528,1.2359],[25.4376,1.2641],[25.4162,1.2584],[25.4349,1.3525],[25.3521,1.4534],[25.3429,1.4545],[25.3384,1.4764],[25.2917,1.4769],[25.2896,1.4928],[25.2765,1.4959],[25.255,1.4752],[25.239,1.4759],[25.2289,1.4643],[25.199,1.4559],[25.1021,1.4612],[25.0816,1.4905],[25.0435,1.4992],[25.0001,1.4742],[24.957,1.4706],[24.9109,1.4772],[24.902,1.4671],[24.9062,1.4525],[24.8987,1.4119],[24.88,1.3623],[24.8496,1.3354],[24.8054,1.3121],[24.7051,1.2988],[24.692,1.2897],[24.6033,1.302],[24.5712,1.2744],[24.5299,1.2629],[24.4888,1.2707],[24.4396,1.2997],[24.4814,1.3979],[24.5349,1.3979],[24.6132,1.5999],[24.6607,1.667],[24.6843,1.7201],[24.7009,1.7343],[24.782,1.7833],[24.9001,1.8286],[24.9581,1.8407],[25.0279,1.8737],[25.1507,1.8868],[25.164,1.8961],[25.1699,1.9092],[25.1505,2.1571],[25.1574,2.1933],[25.1503,2.2067],[25.1077,2.2137],[25.1062,2.2199],[25.1251,2.256],[25.1547,2.2697],[25.1668,2.2946],[25.188,2.311],[25.2115,2.3128],[25.2823,2.2825],[25.3127,2.2875],[25.3376,2.2747],[25.3502,2.2489],[25.412,2.2186],[25.4141,2.2097],[25.4463,2.1998],[25.4666,2.206],[25.4949,2.2001],[25.5282,2.1741],[25.5564,2.1811],[25.5971,2.1759],[25.6487,2.2265],[25.6822,2.2419],[25.7069,2.2778],[25.7182,2.2781],[25.7335,2.2279],[25.7623,2.258],[25.7926,2.2743],[25.81,2.2752],[25.8205,2.2646],[25.8797,2.2516],[25.9438,2.2708],[25.9918,2.2708],[26.0402,2.2848],[26.0877,2.2793],[26.1115,2.2877],[26.1141,2.3013],[26.1535,2.3274],[26.165,2.3293],[26.1925,2.3126],[26.2175,2.3414],[26.2472,2.3441],[26.2718,2.3625],[26.3163,2.3643],[26.3266,2.3068],[26.3181,2.2951],[26.3132,2.251],[26.3286,2.2391],[26.3298,2.2264],[26.3165,2.2092],[26.3242,2.121],[26.3554,2.0696],[26.3963,2.0595],[26.4241,2.0652],[26.4341,2.0854],[26.4755,2.1155],[26.483,2.1115],[26.4963,2.0509],[26.5664,2.0508]]]}},{"type":"Feature","properties":{"zone":"","label":"Basali","province":"tshopo","zscode":"yS5rrhCjubi"},"geometry":{"type":"Polygon","coordinates":[[[25.0971,2.2143],[25.1502,2.2068],[25.1575,2.193],[25.1505,2.1571],[25.1699,1.9092],[25.164,1.8961],[25.1507,1.8868],[25.0291,1.8741],[24.9581,1.8407],[24.8996,1.8284],[24.781,1.7829],[24.7015,1.7348],[24.6852,1.721],[24.6607,1.667],[24.6132,1.5999],[24.5349,1.3979],[24.4814,1.3979],[24.4396,1.2997],[24.4324,1.3052],[24.3767,1.2183],[24.3528,1.2005],[24.3326,1.1409],[24.3197,1.131],[24.3012,1.0899],[24.2696,1.1434],[24.2325,1.1005],[24.1762,1.0568],[24.1662,1.0201],[24.1761,1.0045],[24.1427,0.9777],[24.147,0.9606],[24.1227,0.9748],[24.102,1.0001],[24.014,1.0318],[24.005,1.1367],[24.0331,1.1554],[24.0543,1.1465],[24.1596,1.1727],[24.1868,1.1905],[24.1811,1.2433],[24.155,1.2437],[24.1445,1.236],[24.1097,1.2797],[24.086,1.2812],[24.0729,1.2721],[24.0169,1.2785],[24.0164,1.2859],[24.0526,1.3188],[24.049,1.3344],[24.0233,1.3895],[23.9842,1.3863],[23.956,1.4566],[23.931,1.4561],[23.8729,1.4763],[23.8524,1.4726],[23.8029,1.4811],[23.7793,1.4972],[23.7931,1.5378],[23.7704,1.5692],[23.6193,1.5981],[23.6749,1.6874],[23.6699,1.7041],[23.6371,1.7409],[23.6564,1.7507],[23.682,1.7827],[23.7886,1.8284],[23.7688,1.9064],[23.8425,1.8991],[23.8998,1.9388],[23.9403,1.9466],[24.0093,1.9753],[24.0676,1.9797],[24.1796,2.1483],[24.1392,2.1572],[24.0579,2.1953],[24.0653,2.2059],[24.0586,2.2082],[24.076,2.2155],[24.1044,2.2058],[24.1725,2.2202],[24.1958,2.2291],[24.2246,2.2636],[24.2732,2.2601],[24.3201,2.2806],[24.3369,2.2748],[24.3647,2.2399],[24.4254,2.2596],[24.457,2.2825],[24.5198,2.2792],[24.5535,2.2513],[24.5741,2.2466],[24.6052,2.2476],[24.655,2.2721],[24.8608,2.2642],[24.8684,2.2835],[24.8943,2.2407],[24.9235,2.2673],[24.9342,2.2609],[24.9521,2.2657],[24.9548,2.247],[24.9613,2.2604],[24.9734,2.2534],[25.0121,2.2671],[25.0202,2.2568],[25.026,2.2654],[25.0351,2.2529],[25.0547,2.2599],[25.0668,2.2387],[25.0971,2.2143]]]}},{"type":"Feature","properties":{"zone":"","label":"Basoko","province":"tshopo","zscode":"SxrrguFFktT"},"geometry":{"type":"Polygon","coordinates":[[[23.6141,1.5977],[23.696,1.588],[23.7704,1.5692],[23.7931,1.5378],[23.7793,1.4972],[23.8029,1.4811],[23.8524,1.4726],[23.8729,1.4763],[23.931,1.4561],[23.956,1.4566],[23.9842,1.3863],[24.0233,1.3895],[24.049,1.3344],[24.0526,1.3188],[24.0164,1.2859],[24.0169,1.2785],[24.0729,1.2721],[24.0862,1.2813],[24.1133,1.2786],[24.1445,1.236],[24.155,1.2437],[24.1811,1.2433],[24.1868,1.1905],[24.1558,1.1707],[24.0543,1.1465],[24.0331,1.1554],[24.005,1.1367],[24.0138,1.0299],[23.9928,1.0297],[23.9109,1.0809],[23.8827,1.0834],[23.8815,1.0763],[23.8525,1.0726],[23.7709,1.0916],[23.7476,1.1054],[23.7014,1.1072],[23.6969,1.0802],[23.6761,1.052],[23.6608,1.043],[23.6322,1.0436],[23.6047,1.0573],[23.5731,1.0952],[23.5439,1.096],[23.5636,1.1276],[23.5598,1.1428],[23.5466,1.1515],[23.5115,1.1401],[23.5071,1.1622],[23.5143,1.1748],[23.4899,1.204],[23.497,1.2123],[23.4972,1.2368],[23.4691,1.2566],[23.452,1.2531],[23.4338,1.2864],[23.4139,1.2931],[23.4154,1.2837],[23.3953,1.2642],[23.374,1.2814],[23.3365,1.2861],[23.3181,1.3248],[23.2872,1.3436],[23.2254,1.3054],[23.2087,1.3188],[23.2234,1.347],[23.1411,1.4875],[23.1735,1.5134],[23.2231,1.5136],[23.2377,1.5331],[23.2311,1.5454],[23.2395,1.5478],[23.2095,1.5994],[23.2581,1.5955],[23.2594,1.6009],[23.2738,1.5937],[23.353,1.6246],[23.3819,1.6787],[23.4295,1.7116],[23.4501,1.7434],[23.4884,1.7512],[23.5822,1.7134],[23.5933,1.6852],[23.5635,1.6416],[23.5645,1.6061],[23.6141,1.5977]]]}},{"type":"Feature","properties":{"zone":"","label":"Bengamisa","province":"tshopo","zscode":"dxiEfVDsieA"},"geometry":{"type":"Polygon","coordinates":[[[25.5067,1.1988],[25.5725,1.1803],[25.5745,1.1667],[25.5541,1.1043],[25.502,1.0588],[25.497,1.0623],[25.3691,1.0026],[25.2876,0.9567],[25.3181,0.9099],[25.3119,0.8849],[25.3422,0.8805],[25.363,0.8371],[25.3819,0.835],[25.3527,0.8032],[25.3274,0.8003],[25.3126,0.7645],[25.3018,0.7584],[25.2899,0.7539],[25.2741,0.7684],[25.2521,0.7647],[25.2402,0.7718],[25.2552,0.7318],[25.2379,0.7353],[25.2294,0.7273],[25.2265,0.7056],[25.2415,0.7049],[25.2378,0.6787],[25.2213,0.6734],[25.2159,0.6587],[25.1849,0.6625],[25.1584,0.6354],[25.1569,0.6457],[25.0753,0.6302],[25.0182,0.6306],[24.9854,0.6168],[24.7973,1.0231],[24.7883,1.0203],[24.7605,1.0359],[24.7497,1.0348],[24.74,1.0224],[24.7161,1.0329],[24.7003,1.0307],[24.6857,1.0733],[24.3012,1.0899],[24.3197,1.131],[24.3326,1.1409],[24.3527,1.2003],[24.3767,1.2183],[24.4324,1.3052],[24.4885,1.2708],[24.5293,1.2629],[24.5712,1.2744],[24.6033,1.302],[24.692,1.2897],[24.7051,1.2988],[24.8067,1.3124],[24.8496,1.3354],[24.8803,1.3627],[24.8987,1.4119],[24.9048,1.4731],[24.9193,1.4787],[24.9564,1.4706],[25.0006,1.4743],[25.0422,1.4993],[25.0816,1.4905],[25.0909,1.469],[25.1059,1.4607],[25.1398,1.4641],[25.2009,1.4562],[25.2289,1.4643],[25.2387,1.4758],[25.2557,1.4756],[25.2765,1.4959],[25.2896,1.4928],[25.2917,1.4769],[25.3384,1.4764],[25.3429,1.4545],[25.3521,1.4534],[25.4349,1.3525],[25.4162,1.2584],[25.4376,1.2641],[25.4528,1.2359],[25.4515,1.1892],[25.4664,1.1927],[25.4882,1.1824],[25.5067,1.1988]]]}},{"type":"Feature","properties":{"zone":"","label":"Isangi","province":"tshopo","zscode":"dtBcztLoZpn"},"geometry":{"type":"Polygon","coordinates":[[[24.3012,1.0899],[24.6857,1.0733],[24.6998,1.0309],[24.6496,0.9471],[24.615,0.8285],[24.5835,0.8156],[24.5449,0.8222],[24.5288,0.8057],[24.5198,0.7808],[24.5263,0.7528],[24.446,0.745],[24.4343,0.7365],[24.4305,0.7048],[24.4154,0.7048],[24.4217,0.6736],[24.4007,0.6211],[24.3364,0.6222],[24.3264,0.6441],[24.312,0.6338],[24.2968,0.5705],[24.2621,0.5328],[24.2643,0.5123],[24.2327,0.4888],[24.2974,0.3058],[24.1672,0.2464],[24.1215,0.277],[24.1331,0.3185],[24.1292,0.335],[24.1504,0.3651],[24.1607,0.403],[24.1665,0.4834],[24.1976,0.5367],[24.1928,0.5671],[24.217,0.578],[24.2161,0.6365],[24.1951,0.6337],[24.1848,0.6524],[24.2077,0.6921],[24.1982,0.6991],[24.1645,0.6926],[24.1387,0.7095],[24.11,0.7084],[24.095,0.7147],[24.0975,0.7321],[24.0666,0.7444],[24.0751,0.7796],[24.0654,0.8027],[24.071,0.8401],[24.0566,0.8636],[24.0457,0.859],[24.0278,0.9],[24.0354,0.9252],[24.0056,0.9702],[23.9586,0.9673],[23.9438,0.9915],[23.9042,1.0272],[23.8809,1.0325],[23.8721,0.9816],[23.8867,0.9637],[23.8733,0.9464],[23.8325,0.9568],[23.7809,1.0333],[23.7685,1.0403],[23.7741,1.0268],[23.7556,1.0081],[23.7582,0.9945],[23.7451,0.9734],[23.6761,1.0241],[23.6735,1.0427],[23.6608,1.0431],[23.6949,1.0768],[23.7014,1.1072],[23.7476,1.1054],[23.7709,1.0916],[23.8525,1.0726],[23.8815,1.0763],[23.8827,1.0834],[23.91,1.0811],[23.993,1.0296],[24.0158,1.0316],[24.0998,1.0012],[24.1229,0.9747],[24.147,0.9606],[24.1427,0.9777],[24.1761,1.0045],[24.1662,1.0201],[24.176,1.0566],[24.2325,1.1005],[24.2694,1.1433],[24.3012,1.0899]]]}},{"type":"Feature","properties":{"zone":"kabondo","label":"Kabondo","province":"tshopo","zscode":"Al5GBxzCgMe"},"geometry":{"type":"Polygon","coordinates":[[[25.5805,0.7253],[25.5777,0.7108],[25.5997,0.6807],[25.6555,0.713],[25.6678,0.6892],[25.6523,0.6858],[25.6486,0.6765],[25.6684,0.6749],[25.6838,0.6618],[25.6979,0.6303],[25.6885,0.6121],[25.6623,0.6158],[25.6249,0.5946],[25.4658,0.5578],[25.3916,0.5113],[25.3555,0.4987],[25.2816,0.5294],[25.2554,0.5166],[25.233,0.5182],[25.2204,0.5054],[25.2109,0.5098],[25.2055,0.533],[25.2204,0.536],[25.226,0.5695],[25.2605,0.5982],[25.2392,0.6274],[25.249,0.6659],[25.2629,0.6661],[25.2667,0.6777],[25.2532,0.6902],[25.3037,0.6965],[25.3201,0.6789],[25.3351,0.6814],[25.3348,0.6591],[25.3431,0.6528],[25.3457,0.6739],[25.3709,0.6731],[25.3791,0.6795],[25.3653,0.6969],[25.3711,0.7113],[25.4017,0.7063],[25.4156,0.7392],[25.4309,0.7274],[25.4462,0.7317],[25.4756,0.7219],[25.4725,0.6924],[25.5083,0.6942],[25.5133,0.7146],[25.5316,0.7087],[25.5367,0.6655],[25.5619,0.6859],[25.5629,0.7193],[25.5805,0.7253]]]}},{"type":"Feature","properties":{"zone":"","label":"Lowa","province":"tshopo","zscode":"cbLNDeAYrGo"},"geometry":{"type":"Polygon","coordinates":[[[26.2442,-0.8215],[26.2369,-0.8299],[26.2034,-0.827],[26.1965,-0.8354],[26.2208,-0.8688],[26.2315,-0.9076],[26.2094,-0.9227],[26.1637,-0.9325],[26.1306,-0.9535],[26.1251,-0.9714],[26.1308,-1.0239],[26.1415,-1.038],[26.1301,-1.05],[26.122,-1.0928],[26.1486,-1.1257],[26.1806,-1.1884],[26.1532,-1.2433],[26.1164,-1.235],[26.1184,-1.252],[26.1362,-1.2719],[26.1304,-1.2836],[26.0737,-1.2879],[26.0725,-1.3796],[26.0648,-1.3835],[26.046,-1.3732],[26.0207,-1.3877],[26.0186,-1.4026],[26.0255,-1.4103],[26.0481,-1.4092],[26.0652,-1.4195],[26.0635,-1.4321],[26.0471,-1.4473],[26.0564,-1.484],[26.0397,-1.4816],[26.0337,-1.4989],[25.9974,-1.4939],[25.9581,-1.5122],[25.958,-1.4891],[25.9493,-1.474],[25.8986,-1.4724],[25.8781,-1.4299],[25.8063,-1.4088],[25.7968,-1.4391],[25.8112,-1.5171],[25.8068,-1.6204],[25.783,-1.7982],[25.7874,-1.8313],[25.7575,-1.8526],[25.7398,-1.8361],[25.7235,-1.835],[25.7199,-1.8389],[25.7362,-1.846],[25.7365,-1.8531],[25.7182,-1.8633],[25.7054,-1.8604],[25.7064,-1.8793],[25.6994,-1.8731],[25.6816,-1.8795],[25.6843,-1.8946],[25.6735,-1.9063],[25.6629,-1.8982],[25.6315,-1.9069],[25.6146,-1.8951],[25.6106,-1.9089],[25.5996,-1.9113],[25.601,-1.9217],[25.5713,-1.9239],[25.5349,-1.9512],[25.4964,-1.9642],[25.44,-2.02],[25.4226,-2.0547],[25.2607,-2.1046],[25.2471,-2.0568],[25.2366,-2.053],[25.2168,-2.0702],[25.2002,-2.0665],[25.1994,-2.0452],[25.2284,-2.0294],[25.2398,-2.0139],[25.2385,-2.0065],[25.2146,-2.0028],[25.2017,-1.9875],[25.2252,-1.9773],[25.2308,-1.9459],[25.2237,-1.9417],[25.1882,-1.956],[25.1684,-1.9776],[25.1562,-1.9765],[25.1471,-1.9537],[25.1504,-1.9396],[25.2028,-1.9143],[25.2079,-1.9028],[25.1943,-1.8948],[25.1613,-1.9024],[25.1461,-1.8942],[25.1477,-1.8848],[25.1975,-1.8642],[25.2037,-1.851],[25.1587,-1.8334],[25.1086,-1.8003],[25.1249,-1.7893],[25.1456,-1.8004],[25.1552,-1.7949],[25.1473,-1.7773],[25.1546,-1.7534],[25.1382,-1.7537],[25.1231,-1.7438],[25.1159,-1.7179],[25.118,-1.7043],[25.1437,-1.682],[25.1558,-1.6558],[25.1637,-1.58],[25.1538,-1.542],[25.1583,-1.5204],[25.1348,-1.5055],[25.1563,-1.4814],[25.1291,-1.4492],[25.1524,-1.4267],[25.1163,-1.4238],[25.1072,-1.3909],[25.1478,-1.355],[25.1739,-1.3114],[25.152,-0.9479],[25.1972,-0.9395],[25.2174,-0.958],[25.2146,-0.9744],[25.2802,-0.9869],[25.2995,-1.0033],[25.3313,-1.0103],[25.4376,-0.9746],[25.5011,-0.9692],[25.572,-0.9176],[25.5803,-0.9608],[25.5913,-0.9614],[25.6177,-0.9341],[25.6258,-0.8924],[25.6616,-0.8632],[25.7331,-0.862],[25.7349,-0.8235],[25.7152,-0.7994],[25.6959,-0.7915],[25.685,-0.7958],[25.6788,-0.7817],[25.6934,-0.7736],[25.6979,-0.7417],[25.6923,-0.7264],[25.6827,-0.7262],[25.6868,-0.7133],[25.7022,-0.7207],[25.7138,-0.6995],[25.7222,-0.7135],[25.7352,-0.7141],[25.7417,-0.7014],[25.7459,-0.7111],[25.766,-0.7097],[25.7567,-0.7012],[25.7677,-0.6978],[25.7771,-0.7099],[25.768,-0.7236],[25.7917,-0.7293],[25.8029,-0.7413],[25.8066,-0.7333],[25.8248,-0.7334],[25.8179,-0.6796],[25.8316,-0.6372],[25.8442,-0.6398],[25.8469,-0.6321],[25.8419,-0.6047],[25.9337,-0.5117],[25.9643,-0.5537],[25.9768,-0.5451],[26.0592,-0.5434],[26.0901,-0.5313],[26.1329,-0.4976],[26.1661,-0.4899],[26.1996,-0.4613],[26.2241,-0.4629],[26.2735,-0.4994],[26.258,-0.5765],[26.2566,-0.6248],[26.2305,-0.6683],[26.2377,-0.6888],[26.2442,-0.8215]]]}},{"type":"Feature","properties":{"zone":"lubunga","label":"Lubunga","province":"tshopo","zscode":"I9d1F9TGn33"},"geometry":{"type":"Polygon","coordinates":[[[25.0477,0.5592],[25.1534,0.5055],[25.1973,0.5022],[25.2889,0.4268],[25.3346,0.4125],[25.3492,0.3711],[25.3616,0.3619],[25.3426,0.3074],[25.3146,0.3084],[25.2953,0.3316],[25.2573,0.3509],[25.2499,0.3665],[25.2486,0.3727],[25.2663,0.3722],[25.2483,0.3863],[25.2494,0.4129],[25.2664,0.4223],[25.2649,0.4333],[25.2439,0.4311],[25.2147,0.4431],[25.1818,0.3462],[25.1779,0.295],[25.2215,0.2504],[25.2167,0.2394],[25.1924,0.246],[25.168,0.2384],[25.1646,0.2263],[25.1112,0.2211],[25.1182,0.2003],[25.1121,0.1838],[25.0278,0.1538],[25.0377,0.2723],[25.007,0.3687],[25.0067,0.4589],[24.9931,0.5],[24.9127,0.5237],[24.8837,0.5393],[24.8786,0.5509],[24.9242,0.5391],[24.9912,0.5554],[25.0477,0.5592]]]}},{"type":"Feature","properties":{"zone":"makiso_kisangani","label":"Makiso-Kisangani","province":"tshopo","zscode":"ZHIrX4z487c"},"geometry":{"type":"Polygon","coordinates":[[[25.249,0.6659],[25.2392,0.6271],[25.2605,0.5982],[25.226,0.5695],[25.2204,0.536],[25.2055,0.533],[25.2109,0.5098],[25.2204,0.5054],[25.233,0.5182],[25.2554,0.5166],[25.2821,0.5294],[25.3461,0.4988],[25.3578,0.4824],[25.3551,0.4605],[25.3227,0.4558],[25.3341,0.4334],[25.3336,0.4127],[25.2889,0.4268],[25.1959,0.503],[25.1534,0.5055],[25.058,0.5571],[25.1202,0.5628],[25.1287,0.5337],[25.169,0.5205],[25.1762,0.5291],[25.1893,0.5184],[25.1865,0.536],[25.1964,0.5372],[25.1955,0.5553],[25.2054,0.5601],[25.1881,0.5749],[25.2113,0.6038],[25.2309,0.6058],[25.2204,0.6309],[25.239,0.6633],[25.249,0.6659]]]}},{"type":"Feature","properties":{"zone":"mangobo","label":"Mangobo","province":"tshopo","zscode":"wOWB7WbNuSN"},"geometry":{"type":"Polygon","coordinates":[[[25.1761,0.5291],[25.1692,0.5252],[25.169,0.5205],[25.1287,0.5337],[25.1242,0.5401],[25.1201,0.5629],[25.1677,0.5511],[25.1751,0.5424],[25.1723,0.5348],[25.1761,0.5291]]]}},{"type":"Feature","properties":{"zone":"","label":"Opala","province":"tshopo","zscode":"G2crAXygKeF"},"geometry":{"type":"Polygon","coordinates":[[[24.0565,-0.1447],[24.0685,-0.1617],[24.0629,-0.1716],[24.0702,-0.1894],[24.1013,-0.2036],[24.0917,-0.2176],[24.0685,-0.2263],[24.0709,-0.2363],[24.1092,-0.2693],[24.0858,-0.2799],[24.0817,-0.2907],[24.1017,-0.2968],[24.1055,-0.3127],[24.1223,-0.3192],[24.135,-0.338],[24.1499,-0.3238],[24.1707,-0.3355],[24.1675,-0.3424],[24.1426,-0.3471],[24.1391,-0.3647],[24.1611,-0.3721],[24.1967,-0.3507],[24.2407,-0.3607],[24.2477,-0.3695],[24.2636,-0.3716],[24.2872,-0.3594],[24.3324,-0.3756],[24.3267,-0.3973],[24.2845,-0.4228],[24.2875,-0.4347],[24.3189,-0.4495],[24.3069,-0.4766],[24.3091,-0.4899],[24.2562,-0.5107],[24.2609,-0.5192],[24.2903,-0.5254],[24.3122,-0.521],[24.3349,-0.5359],[24.3324,-0.6334],[24.3461,-0.65],[24.4003,-0.6342],[24.4113,-0.6449],[24.5023,-0.6309],[24.5271,-0.5827],[24.5489,-0.5627],[24.6262,-0.6675],[24.6507,-0.7141],[24.6839,-0.7553],[24.7205,-0.8309],[24.594,-0.9329],[24.594,-0.9606],[24.6293,-0.9846],[24.6491,-0.9895],[24.6708,-0.9831],[24.7069,-1.0156],[24.741,-1.0228],[24.7511,-1.0417],[24.7854,-1.0343],[24.7824,-1.0629],[24.7922,-1.0799],[24.8026,-1.0852],[24.8333,-1.0796],[24.8124,-1.0965],[24.8266,-1.1358],[24.8192,-1.17],[24.8277,-1.1892],[24.8403,-1.1913],[24.869,-1.1725],[24.9131,-1.2211],[24.9331,-1.2314],[24.9666,-1.2296],[24.9154,-1.2558],[24.9134,-1.297],[24.9347,-1.3044],[24.9519,-1.2927],[24.9712,-1.3043],[24.9961,-1.3036],[25.0025,-1.3395],[25.0261,-1.3347],[25.0372,-1.344],[25.0348,-1.4039],[25.0985,-1.3861],[25.1082,-1.3924],[25.1168,-1.4242],[25.152,-1.4257],[25.1291,-1.4492],[25.1563,-1.4814],[25.1348,-1.5055],[25.1583,-1.5204],[25.1538,-1.542],[25.1637,-1.58],[25.1558,-1.6558],[25.1437,-1.682],[25.118,-1.7043],[25.1159,-1.7179],[25.1231,-1.7438],[25.1382,-1.7537],[25.1546,-1.7534],[25.1473,-1.7773],[25.1552,-1.7954],[25.1456,-1.8004],[25.1249,-1.7893],[25.1086,-1.8008],[25.1589,-1.8335],[25.2007,-1.8476],[25.2039,-1.8554],[25.1884,-1.8696],[25.1493,-1.8845],[25.151,-1.8736],[25.141,-1.873],[25.0798,-1.8858],[25.0519,-1.9181],[25.0258,-1.9686],[24.9772,-1.9815],[24.5982,-1.9808],[24.5771,-1.9474],[24.5191,-1.9076],[24.493,-1.8216],[24.4256,-1.6655],[24.4082,-1.6492],[24.4115,-1.6217],[24.3878,-1.4195],[24.3708,-1.39],[24.3621,-1.3221],[24.1292,-1.3197],[24.0726,-1.307],[24.04,-1.2265],[24.076,-1.2071],[23.8917,-1.1085],[23.8825,-1.1237],[23.8504,-1.138],[23.8394,-1.1611],[23.8113,-1.1334],[23.7989,-1.1063],[23.724,-1.0813],[23.6845,-1.0546],[23.6766,-0.9801],[23.6068,-0.9555],[23.5501,-0.7753],[23.5728,-0.7047],[23.6048,-0.6767],[23.6152,-0.6522],[23.6251,-0.5919],[23.6217,-0.5207],[23.5804,-0.4165],[23.5447,-0.3919],[23.4931,-0.4261],[23.4622,-0.4621],[23.4459,-0.4699],[23.3986,-0.4114],[23.4422,-0.4046],[23.4982,-0.371],[23.5309,-0.3377],[23.5478,-0.3076],[23.5894,-0.2985],[23.5873,-0.2814],[23.5984,-0.2773],[23.6441,-0.2727],[23.6845,-0.3015],[23.6875,-0.3147],[23.7059,-0.3181],[23.7877,-0.1835],[23.852,-0.1694],[23.8873,-0.1894],[23.9017,-0.2097],[23.9266,-0.191],[23.9429,-0.1621],[23.9666,-0.1674],[24.0147,-0.1551],[24.0389,-0.1326],[24.0565,-0.1447]]]}},{"type":"Feature","properties":{"zone":"","label":"Opienge","province":"tshopo","zscode":"G1OIhUfxLw5"},"geometry":{"type":"Polygon","coordinates":[[[27.7849,0.5336],[27.8338,0.4924],[27.869,0.4879],[27.8856,0.5008],[27.8944,0.4897],[27.9015,0.506],[27.9226,0.4909],[27.933,0.4968],[27.9468,0.4889],[27.9893,0.493],[27.9968,0.4813],[28.0136,0.4852],[28.0105,0.457],[28.0422,0.4515],[28.0435,0.4354],[28.0259,0.4306],[28.0389,0.4185],[28.0321,0.4039],[28.0565,0.402],[28.0579,0.3564],[28.0658,0.3499],[28.058,0.3404],[28.0616,0.3076],[28.0781,0.3055],[28.0888,0.2863],[28.0857,0.2782],[28.0965,0.2746],[28.1036,0.2561],[28.1158,0.2567],[28.1205,0.2412],[28.1434,0.2383],[28.1532,0.2148],[28.1471,0.1915],[28.1646,0.1872],[28.1823,0.1558],[28.1555,0.1297],[28.1575,0.1216],[28.1265,0.1091],[28.1313,0.101],[28.1225,0.0864],[28.1294,0.0688],[28.1214,0.0443],[28.1271,0.0307],[28.1201,0.0264],[28.1262,0.0167],[28.1146,-0.0149],[28.1266,-0.0595],[28.1246,-0.0957],[28.1322,-0.1257],[28.1237,-0.152],[28.1352,-0.1727],[28.1298,-0.1778],[28.1343,-0.2012],[28.1097,-0.2226],[28.1151,-0.231],[28.1057,-0.2313],[28.104,-0.245],[28.1011,-0.2391],[28.0874,-0.2523],[28.0618,-0.2555],[28.058,-0.2739],[28.0499,-0.2725],[28.037,-0.2883],[28.0192,-0.2858],[28.0084,-0.3044],[28.0013,-0.3045],[27.9977,-0.3194],[27.9618,-0.3378],[27.9569,-0.3581],[27.9688,-0.3621],[27.9671,-0.3783],[27.9757,-0.3793],[27.9698,-0.4077],[27.9861,-0.4381],[27.9812,-0.4504],[27.9884,-0.4537],[27.9846,-0.4688],[27.9919,-0.4936],[27.935,-0.5261],[27.9203,-0.5753],[27.8453,-0.5959],[27.6609,-0.5954],[27.6356,-0.5868],[27.6203,-0.5723],[27.6014,-0.5726],[27.559,-0.5344],[27.5419,-0.5323],[27.5191,-0.5415],[27.4988,-0.5284],[27.4943,-0.4924],[27.4606,-0.494],[27.4192,-0.5166],[27.3587,-0.5154],[27.3445,-0.4762],[27.309,-0.4637],[27.2998,-0.4526],[27.1931,-0.4465],[27.1354,-0.4234],[27.121,-0.4061],[27.1176,-0.3883],[27.082,-0.3879],[27.0735,-0.3808],[27.0729,-0.3523],[27.0636,-0.3451],[27.0705,-0.3299],[27.0486,-0.3089],[27.0267,-0.3023],[27.0105,-0.2863],[27.0089,-0.2735],[26.9571,-0.2663],[26.9057,-0.2292],[26.8897,-0.2406],[26.858,-0.2113],[26.846,-0.2139],[26.8454,-0.2059],[26.8281,-0.2177],[26.8313,-0.2349],[26.8474,-0.2463],[26.8404,-0.2594],[26.8165,-0.2667],[26.7899,-0.2528],[26.7131,-0.3118],[26.6307,-0.3252],[26.6147,-0.352],[26.5685,-0.3755],[26.5149,-0.383],[26.5041,-0.367],[26.4894,-0.3649],[26.4965,-0.345],[26.4681,-0.3395],[26.4718,-0.3297],[26.4565,-0.3263],[26.457,-0.3153],[26.4463,-0.3195],[26.4352,-0.3124],[26.4433,-0.2979],[26.437,-0.3009],[26.4395,-0.2905],[26.4203,-0.2712],[26.4154,-0.2773],[26.3936,-0.2587],[26.3776,-0.2621],[26.3623,-0.1918],[26.3546,-0.1852],[26.3213,-0.1884],[26.322,-0.1742],[26.3086,-0.1656],[26.3117,-0.157],[26.2875,-0.136],[26.3104,-0.1278],[26.3356,-0.1297],[26.3618,-0.109],[26.3812,-0.1085],[26.3983,-0.1258],[26.4173,-0.1069],[26.409,-0.0685],[26.4481,0.0051],[26.495,0.0255],[26.4827,0.0594],[26.5046,0.101],[26.6394,0.156],[26.6728,0.1226],[26.6872,0.1421],[26.6875,0.1602],[26.7024,0.161],[26.7091,0.1744],[26.718,0.1721],[26.723,0.1924],[26.7368,0.1831],[26.7557,0.1911],[26.7732,0.1833],[26.8024,0.2046],[26.8215,0.2374],[26.8161,0.2451],[26.8304,0.252],[26.8059,0.3243],[26.9038,0.467],[26.8111,0.5998],[26.8206,0.5967],[26.8242,0.6111],[26.8353,0.6101],[26.8374,0.636],[26.8997,0.7036],[26.9346,0.7699],[26.9352,0.8129],[26.9668,0.8311],[27.0086,0.8358],[27.0341,0.8283],[27.2265,0.9212],[27.2814,0.8898],[27.2927,0.871],[27.3088,0.8786],[27.3338,0.877],[27.3808,0.8448],[27.4572,0.8811],[27.469,0.9075],[27.4791,0.9093],[27.4862,0.8983],[27.4712,0.875],[27.477,0.8586],[27.51,0.8691],[27.544,0.8383],[27.5751,0.8545],[27.595,0.8408],[27.6313,0.8329],[27.633,0.8248],[27.6526,0.8309],[27.674,0.8245],[27.6968,0.8046],[27.709,0.7794],[27.6956,0.7385],[27.7173,0.7289],[27.7251,0.7403],[27.754,0.7229],[27.7532,0.6956],[27.7786,0.6166],[27.7666,0.5859],[27.7364,0.5863],[27.7297,0.5662],[27.7612,0.54],[27.7849,0.5336]]]}},{"type":"Feature","properties":{"zone":"tshopo","label":"Tshopo","province":"tshopo","zscode":"IMkgSD6FVjc"},"geometry":{"type":"Polygon","coordinates":[[[25.5805,0.7253],[25.5629,0.7193],[25.5619,0.6859],[25.5367,0.6655],[25.5316,0.7087],[25.5133,0.7146],[25.5083,0.6942],[25.4725,0.6924],[25.4756,0.7219],[25.4462,0.7317],[25.4309,0.7274],[25.4156,0.7392],[25.4017,0.7063],[25.3711,0.7113],[25.3653,0.6969],[25.3791,0.6795],[25.3709,0.6731],[25.3457,0.6739],[25.3431,0.6528],[25.3348,0.6591],[25.3351,0.6814],[25.3201,0.6789],[25.3037,0.6965],[25.2534,0.6903],[25.2665,0.6796],[25.264,0.6676],[25.2407,0.6654],[25.2204,0.6309],[25.2309,0.6058],[25.2113,0.6038],[25.1881,0.5749],[25.2054,0.5601],[25.1955,0.5553],[25.1964,0.5372],[25.1865,0.536],[25.1894,0.5185],[25.1779,0.5233],[25.1677,0.5511],[25.1096,0.5618],[25.1209,0.5812],[25.1104,0.6129],[25.1245,0.6383],[25.157,0.6457],[25.1585,0.6354],[25.1802,0.6605],[25.2157,0.6586],[25.2213,0.6734],[25.2378,0.6787],[25.2415,0.7049],[25.2265,0.7056],[25.2293,0.727],[25.2379,0.7353],[25.2553,0.7321],[25.2402,0.7718],[25.2521,0.7647],[25.2741,0.7684],[25.2899,0.7539],[25.3018,0.7584],[25.3126,0.7645],[25.3274,0.8003],[25.3527,0.8032],[25.3819,0.835],[25.363,0.8371],[25.3422,0.8805],[25.3119,0.8849],[25.3181,0.9099],[25.2876,0.9567],[25.3691,1.0026],[25.497,1.0623],[25.502,1.0588],[25.5541,1.1043],[25.5745,1.1667],[25.5725,1.1803],[25.506,1.199],[25.5098,1.2032],[25.5302,1.2155],[25.5471,1.2078],[25.5678,1.2209],[25.5843,1.246],[25.6401,1.2452],[25.6579,1.2279],[25.6588,1.1984],[25.6794,1.1584],[25.7051,1.1497],[25.7283,1.1573],[25.739,1.1741],[25.7409,1.2291],[25.7691,1.2536],[25.7819,1.2534],[25.8156,1.194],[25.8089,1.1699],[25.7807,1.1344],[25.7732,1.1046],[25.8128,1.0575],[25.8437,1.0541],[25.8626,1.0345],[25.8686,1.0006],[25.8256,0.892],[25.7909,0.8671],[25.7472,0.8498],[25.6555,0.9059],[25.6242,0.9077],[25.6084,0.9176],[25.5632,0.8974],[25.4396,0.8964],[25.4445,0.8847],[25.483,0.8771],[25.479,0.84],[25.4676,0.824],[25.4434,0.8284],[25.4485,0.8193],[25.4391,0.8088],[25.4458,0.804],[25.4775,0.8078],[25.4913,0.822],[25.5217,0.8327],[25.5934,0.8464],[25.6247,0.8421],[25.6215,0.8],[25.613,0.7913],[25.6254,0.7786],[25.6192,0.7719],[25.6271,0.7691],[25.6231,0.7529],[25.6319,0.7415],[25.6107,0.7186],[25.597,0.7177],[25.5987,0.732],[25.5805,0.7253]]]}},{"type":"Feature","properties":{"zone":"","label":"Ubundu","province":"tshopo","zscode":"ThkZT6koPKj"},"geometry":{"type":"Polygon","coordinates":[[[25.3616,0.3619],[25.4039,0.3416],[25.4522,0.2971],[25.4156,0.1873],[25.4189,0.1482],[25.4378,0.1078],[25.432,0.0843],[25.4388,0.0443],[25.4298,0.0426],[25.4295,0.0241],[25.4594,-0.047],[25.4868,-0.01],[25.5322,0.0045],[25.5718,-0.091],[25.5664,-0.1617],[25.5986,-0.1676],[25.5864,-0.2021],[25.6422,-0.2036],[25.6421,-0.2559],[25.6785,-0.2809],[25.6755,-0.2862],[25.6966,-0.2952],[25.7004,-0.3101],[25.7404,-0.3445],[25.7563,-0.345],[25.7701,-0.3588],[25.7659,-0.3896],[25.8386,-0.5857],[25.8477,-0.629],[25.8442,-0.6398],[25.8315,-0.6374],[25.8179,-0.6794],[25.8248,-0.7334],[25.8066,-0.7333],[25.8029,-0.7413],[25.7917,-0.7293],[25.768,-0.7236],[25.7771,-0.7099],[25.7677,-0.6978],[25.7567,-0.7012],[25.766,-0.7097],[25.7459,-0.7111],[25.7417,-0.7014],[25.7352,-0.7141],[25.7222,-0.7135],[25.7138,-0.6995],[25.7022,-0.7207],[25.6861,-0.714],[25.6828,-0.7264],[25.6923,-0.7264],[25.6979,-0.7417],[25.6934,-0.7736],[25.6788,-0.7817],[25.685,-0.7958],[25.6959,-0.7915],[25.7152,-0.7994],[25.7349,-0.8235],[25.7331,-0.862],[25.6616,-0.8632],[25.6258,-0.8924],[25.6177,-0.9341],[25.5913,-0.9614],[25.5803,-0.9608],[25.572,-0.9176],[25.5011,-0.9692],[25.4376,-0.9746],[25.3313,-1.0103],[25.2995,-1.0033],[25.2802,-0.9869],[25.2146,-0.9744],[25.2174,-0.958],[25.1972,-0.9395],[25.152,-0.9479],[25.1739,-1.3115],[25.1478,-1.355],[25.1072,-1.3909],[25.0732,-1.39],[25.0362,-1.4044],[25.0372,-1.3438],[25.0261,-1.3347],[25.0025,-1.3395],[24.9961,-1.3036],[24.9712,-1.3043],[24.9512,-1.2927],[24.9333,-1.3044],[24.911,-1.2933],[24.9156,-1.2556],[24.9612,-1.2379],[24.9659,-1.2286],[24.9331,-1.2314],[24.9131,-1.2211],[24.8692,-1.1726],[24.8389,-1.1918],[24.8253,-1.1861],[24.8192,-1.1697],[24.8267,-1.1363],[24.8124,-1.0965],[24.8327,-1.0784],[24.7985,-1.0841],[24.7827,-1.0646],[24.785,-1.034],[24.7511,-1.0417],[24.741,-1.0228],[24.7069,-1.0156],[24.6708,-0.9831],[24.6491,-0.9895],[24.6293,-0.9846],[24.5937,-0.96],[24.5941,-0.9328],[24.7205,-0.8308],[24.6837,-0.7551],[24.549,-0.5632],[24.5957,-0.5196],[24.592,-0.4045],[24.5523,-0.33],[24.6307,-0.2702],[24.6471,-0.265],[24.6958,-0.2013],[24.6924,-0.1684],[24.9549,0.0123],[25.02,0.1245],[25.0278,0.1538],[25.1121,0.1838],[25.1182,0.2003],[25.1112,0.2211],[25.1646,0.2263],[25.168,0.2384],[25.1924,0.246],[25.2159,0.2384],[25.2215,0.2504],[25.1779,0.295],[25.1818,0.3462],[25.2145,0.443],[25.2439,0.4311],[25.2649,0.4333],[25.2664,0.4223],[25.2494,0.4129],[25.2483,0.3863],[25.2663,0.3722],[25.2486,0.3727],[25.2499,0.3665],[25.2573,0.3509],[25.2953,0.3316],[25.3146,0.3084],[25.3426,0.3074],[25.3616,0.3619]]]}},{"type":"Feature","properties":{"zone":"wanie_rukula","label":"Wanie-Rukula","province":"tshopo","zscode":"RowlA1nBHee"},"geometry":{"type":"Polygon","coordinates":[[[26.0488,0.7271],[26.0709,0.7246],[26.0669,0.7144],[26.0802,0.7157],[26.0895,0.7033],[26.0923,0.7115],[26.1014,0.7079],[26.0965,0.7003],[26.0793,0.7066],[26.0727,0.6909],[26.0536,0.6892],[26.0704,0.6836],[26.0899,0.6909],[26.0976,0.6767],[26.0896,0.6698],[26.0952,0.6618],[26.1051,0.6672],[26.102,0.6805],[26.1212,0.688],[26.1168,0.6646],[26.1272,0.6745],[26.133,0.649],[26.1264,0.6432],[26.1333,0.6398],[26.1202,0.6212],[26.1456,0.6067],[26.1675,0.6197],[26.1935,0.5781],[26.1945,0.5664],[26.185,0.5565],[26.1893,0.546],[26.2178,0.5438],[26.2142,0.5289],[26.2278,0.5364],[26.1813,0.474],[26.0983,0.4202],[26.051,0.3464],[26.074,0.3139],[26.0921,0.2614],[26.1183,0.2264],[26.133,0.1747],[26.1692,0.1626],[26.1864,0.1471],[26.3179,0.0827],[26.4126,0.0628],[26.4827,0.0594],[26.495,0.0257],[26.4483,0.0053],[26.4263,-0.0288],[26.4084,-0.0702],[26.418,-0.1058],[26.3988,-0.1254],[26.3812,-0.1085],[26.3618,-0.109],[26.3356,-0.1297],[26.3104,-0.1278],[26.2875,-0.136],[26.2751,-0.1205],[26.2674,-0.1258],[26.2626,-0.1117],[26.2356,-0.1158],[26.2475,-0.1085],[26.2387,-0.0969],[26.246,-0.0862],[26.2262,-0.0912],[26.2199,-0.0683],[26.211,-0.0817],[26.1882,-0.0739],[26.1925,-0.0654],[26.1846,-0.0551],[26.1762,-0.053],[26.1722,-0.0658],[26.1661,-0.0638],[26.1695,-0.0554],[26.1579,-0.062],[26.1547,-0.0532],[26.1425,-0.0539],[26.1373,-0.0306],[26.1215,-0.026],[26.1299,-0.0234],[26.1346,-0.0066],[26.1039,-0.0142],[26.1169,-0.0039],[26.1014,0.0104],[26.0891,0.0089],[26.0847,-0.0156],[26.0859,-0.0057],[26.0695,0.0019],[26.0666,0.013],[26.0584,-0.0073],[26.0337,0.0153],[26.0189,0.0126],[26.0185,0.0214],[26.0101,0.0182],[25.9785,0.0404],[25.9748,0.0558],[25.9616,0.0525],[25.9615,0.0432],[25.9427,0.0509],[25.9487,0.026],[25.9137,0.041],[25.9215,0.0317],[25.9124,0.0172],[25.9297,0.0055],[25.9327,-0.0083],[25.9362,-0.0323],[25.9291,-0.0559],[25.9485,-0.1557],[25.96,-0.1811],[25.9616,-0.2615],[25.9885,-0.3495],[25.9937,-0.3959],[25.9867,-0.4069],[25.9857,-0.5015],[25.9768,-0.5451],[25.966,-0.5529],[25.9338,-0.5116],[25.8419,-0.6047],[25.7659,-0.3896],[25.7701,-0.3588],[25.7563,-0.345],[25.7404,-0.3445],[25.7004,-0.3101],[25.6966,-0.2952],[25.6755,-0.2862],[25.6785,-0.2809],[25.6421,-0.2559],[25.6422,-0.2036],[25.5864,-0.2021],[25.5986,-0.1676],[25.5664,-0.1617],[25.5718,-0.091],[25.5322,0.0045],[25.4868,-0.01],[25.4594,-0.047],[25.4295,0.0241],[25.4298,0.0426],[25.4388,0.0443],[25.432,0.0843],[25.4378,0.1078],[25.4189,0.1482],[25.4156,0.1873],[25.4522,0.2971],[25.4039,0.3416],[25.3503,0.3695],[25.3227,0.4558],[25.3551,0.4605],[25.3578,0.4824],[25.3463,0.4986],[25.3916,0.5113],[25.4658,0.5578],[25.6249,0.5946],[25.6586,0.6147],[25.6848,0.6115],[25.6755,0.5931],[25.7083,0.5647],[25.7138,0.5896],[25.7365,0.6015],[25.7645,0.5829],[25.7539,0.6038],[25.7677,0.6268],[25.7518,0.6386],[25.7661,0.6448],[25.7545,0.6784],[25.7964,0.6487],[25.7922,0.6762],[25.8024,0.6751],[25.7961,0.6986],[25.8307,0.7284],[25.8386,0.7207],[25.8387,0.6929],[25.8604,0.708],[25.9045,0.6865],[25.9233,0.7085],[25.9614,0.693],[25.984,0.7124],[25.9731,0.6938],[25.9853,0.6932],[25.9947,0.7137],[26.0233,0.7245],[26.0369,0.7039],[26.0354,0.7201],[26.0488,0.7271]]]}},{"type":"Feature","properties":{"zone":"","label":"Yabaondo","province":"tshopo","zscode":"D4KWg03yZrX"},"geometry":{"type":"Polygon","coordinates":[[[24.1273,0.2898],[24.1109,0.2543],[24.052,0.3056],[24.0105,0.2107],[23.9623,0.2384],[23.9275,0.2327],[23.9002,0.2419],[23.8961,0.2662],[23.8815,0.275],[23.8371,0.2736],[23.7711,0.2951],[23.7385,0.2298],[23.6653,0.2321],[23.6087,0.2483],[23.6056,0.2832],[23.6257,0.3838],[23.6691,0.415],[23.6858,0.4401],[23.7219,0.4479],[23.7532,0.4773],[23.7828,0.4864],[23.7964,0.6038],[23.7788,0.668],[23.7543,0.6624],[23.6921,0.6676],[23.6733,0.6397],[23.639,0.6184],[23.6141,0.6297],[23.5739,0.63],[23.5935,0.6676],[23.618,0.6808],[23.6429,0.7121],[23.6301,0.7394],[23.6337,0.8127],[23.5873,0.7866],[23.5521,0.7987],[23.5321,0.8657],[23.5114,0.8982],[23.521,0.9025],[23.5302,0.9231],[23.554,0.9282],[23.5788,0.9494],[23.6212,0.9678],[23.6563,0.9516],[23.7009,0.9579],[23.716,0.9945],[23.7457,0.9735],[23.7582,0.9947],[23.7556,1.0081],[23.7741,1.0268],[23.7684,1.0403],[23.7809,1.0333],[23.8311,0.9572],[23.8733,0.9464],[23.8867,0.9637],[23.872,0.9818],[23.8809,1.0325],[23.9042,1.0272],[23.9438,0.9915],[23.9586,0.9673],[24.0054,0.9703],[24.0359,0.9226],[24.0278,0.9007],[24.0463,0.858],[24.0566,0.8636],[24.071,0.8401],[24.0654,0.8027],[24.0751,0.7796],[24.0666,0.7444],[24.0975,0.7321],[24.095,0.7147],[24.1103,0.7083],[24.1387,0.7095],[24.1645,0.6926],[24.2028,0.6984],[24.2081,0.6903],[24.185,0.6509],[24.1947,0.6339],[24.2161,0.6365],[24.217,0.578],[24.193,0.5674],[24.1976,0.5365],[24.1665,0.4832],[24.1607,0.403],[24.1504,0.3651],[24.1292,0.335],[24.1273,0.2898]]]}},{"type":"Feature","properties":{"zone":"","label":"Yahisuli","province":"tshopo","zscode":"HHv5opVWeoY"},"geometry":{"type":"Polygon","coordinates":[[[24.1215,0.2769],[24.1676,0.2464],[24.1604,0.2321],[24.1636,0.2191],[24.1329,0.1965],[24.1739,0.1387],[24.1945,0.1285],[24.1697,0.1044],[24.2253,0.0352],[24.2044,0.0352],[24.1938,0.0105],[24.1724,0.0082],[24.153,-0.0055],[24.1603,-0.0413],[24.1319,-0.0666],[24.152,-0.0953],[24.1303,-0.1167],[24.1119,-0.1155],[24.0997,-0.0995],[24.0777,-0.0934],[24.0689,-0.1086],[24.0713,-0.1382],[24.0553,-0.1455],[24.0389,-0.1326],[24.0147,-0.1551],[23.9666,-0.1674],[23.9429,-0.1621],[23.9266,-0.191],[23.9017,-0.2097],[23.8873,-0.1894],[23.852,-0.1694],[23.7877,-0.1835],[23.7059,-0.3181],[23.6875,-0.3147],[23.6845,-0.3015],[23.6442,-0.2759],[23.652,-0.1975],[23.6173,-0.1614],[23.5765,-0.0444],[23.6254,0.0174],[23.5575,0.0679],[23.5331,0.1269],[23.5464,0.1648],[23.5955,0.2521],[23.6653,0.2321],[23.7385,0.2298],[23.7711,0.2951],[23.8371,0.2736],[23.8815,0.275],[23.8961,0.2662],[23.9002,0.2419],[23.9275,0.2327],[23.9623,0.2384],[24.0103,0.2106],[24.052,0.3056],[24.1109,0.2543],[24.1215,0.2769]]]}},{"type":"Feature","properties":{"zone":"","label":"Yahuma","province":"tshopo","zscode":"quf7vedArhs"},"geometry":{"type":"Polygon","coordinates":[[[22.5621,2.0414],[22.5793,2.0231],[22.6021,2.0237],[22.6273,1.9986],[22.632,2.0064],[22.6875,1.9802],[22.7079,1.9654],[22.7268,1.9373],[22.7767,1.9305],[22.8023,1.936],[22.8186,1.9224],[22.8711,1.9036],[22.9531,1.8891],[22.9584,1.8786],[22.9958,1.8627],[23.0041,1.8491],[23.0237,1.84],[23.1213,1.7338],[23.1561,1.6644],[23.1822,1.6448],[23.2395,1.5478],[23.2311,1.5454],[23.2377,1.5331],[23.2231,1.5136],[23.1735,1.5134],[23.1411,1.4875],[23.2234,1.347],[23.2082,1.3203],[23.215,1.3107],[23.2258,1.3055],[23.2872,1.3436],[23.3181,1.3248],[23.3365,1.2861],[23.374,1.2814],[23.3953,1.2642],[23.4154,1.2837],[23.4139,1.2931],[23.4338,1.2864],[23.452,1.2531],[23.4691,1.2566],[23.4972,1.2368],[23.497,1.2123],[23.4899,1.204],[23.5143,1.1748],[23.5071,1.1622],[23.5115,1.1401],[23.5466,1.1515],[23.5598,1.1428],[23.5636,1.1276],[23.5439,1.096],[23.5731,1.0952],[23.6209,1.0455],[23.6733,1.0428],[23.6759,1.0243],[23.716,0.9945],[23.7009,0.9579],[23.6563,0.9516],[23.621,0.9677],[23.5788,0.9494],[23.554,0.9282],[23.5302,0.9231],[23.521,0.9025],[23.5114,0.8984],[23.5321,0.8657],[23.5521,0.7987],[23.5873,0.7866],[23.6337,0.8127],[23.6301,0.7394],[23.6429,0.7121],[23.618,0.6808],[23.5935,0.6676],[23.5739,0.63],[23.6141,0.6297],[23.639,0.6184],[23.6733,0.6397],[23.6921,0.6676],[23.7543,0.6624],[23.7788,0.668],[23.7965,0.6027],[23.7828,0.4864],[23.7532,0.4773],[23.7219,0.4479],[23.6858,0.4401],[23.6691,0.415],[23.6257,0.3838],[23.6056,0.2832],[23.6087,0.2483],[23.5955,0.2521],[23.5892,0.2434],[23.5327,0.1307],[23.5575,0.0679],[23.6254,0.0173],[23.5764,-0.0439],[23.6173,-0.1614],[23.652,-0.1975],[23.6441,-0.2727],[23.5873,-0.2814],[23.5894,-0.2985],[23.5478,-0.3076],[23.5141,-0.3588],[23.4422,-0.4046],[23.3986,-0.4114],[23.336,-0.2897],[23.2915,-0.3442],[23.2457,-0.3733],[23.2386,-0.4278],[23.1874,-0.407],[23.1329,-0.421],[23.1345,-0.4121],[23.1099,-0.4071],[22.95,-0.4052],[22.9984,-0.341],[23.0845,-0.2775],[23.1345,-0.2887],[23.2752,-0.295],[23.3562,-0.1874],[23.3455,-0.1637],[23.3083,-0.1241],[23.2933,-0.1205],[23.2447,-0.076],[23.2288,-0.0723],[23.1535,0.0072],[23.0938,0.0529],[23.053,0.1131],[23.049,0.1505],[23.0344,0.1733],[23.0171,0.1802],[22.9868,0.216],[22.9753,0.2543],[22.9777,0.2791],[23.0149,0.3389],[22.9951,0.3469],[22.9865,0.3686],[22.9701,0.3741],[22.9526,0.4125],[22.9531,0.4494],[22.9276,0.5024],[22.946,0.5696],[22.979,0.601],[22.9395,0.6481],[22.9183,0.6571],[22.9149,0.6791],[22.8978,0.6958],[22.8988,0.7113],[22.8836,0.7232],[22.8829,0.7696],[22.8734,0.786],[22.8798,0.7949],[22.8767,0.8209],[22.8681,0.8477],[22.8568,0.8509],[22.8469,0.8737],[22.8491,0.8874],[22.8383,0.9026],[22.8448,0.9294],[22.8338,0.9617],[22.8418,0.9983],[22.8195,1.0184],[22.8096,1.0463],[22.791,1.0543],[22.7981,1.0786],[22.7843,1.0993],[22.7867,1.1115],[22.7615,1.129],[22.7533,1.1809],[22.7479,1.1925],[22.738,1.1885],[22.7437,1.2029],[22.7302,1.207],[22.7296,1.2261],[22.705,1.2361],[22.7075,1.2461],[22.6992,1.2461],[22.7065,1.257],[22.6903,1.2652],[22.6993,1.2831],[22.6864,1.29],[22.6845,1.302],[22.6672,1.3029],[22.6731,1.3123],[22.6628,1.3141],[22.6701,1.3263],[22.6616,1.3305],[22.6627,1.3411],[22.6533,1.343],[22.655,1.3531],[22.6418,1.3599],[22.6338,1.3805],[22.6181,1.3755],[22.6074,1.4033],[22.5775,1.4123],[22.5678,1.4226],[22.5738,1.4303],[22.5613,1.4409],[22.5392,1.4445],[22.5372,1.4533],[22.5268,1.447],[22.5143,1.4681],[22.4958,1.4657],[22.4898,1.4799],[22.4808,1.4714],[22.4772,1.4902],[22.4659,1.4789],[22.4443,1.4813],[22.4385,1.4919],[22.4317,1.4831],[22.4109,1.5057],[22.3858,1.5046],[22.3775,1.5212],[22.3711,1.5075],[22.3598,1.5099],[22.3566,1.4989],[22.3464,1.5128],[22.3339,1.5137],[22.326,1.5008],[22.3156,1.5076],[22.3055,1.5041],[22.2981,1.5137],[22.2927,1.5077],[22.2739,1.5259],[22.2639,1.5217],[22.2679,1.5825],[22.2891,1.6719],[22.3722,1.7106],[22.3882,1.7326],[22.3864,1.752],[22.3579,1.7907],[22.4168,1.8091],[22.4251,1.8654],[22.4408,1.8823],[22.4661,1.8927],[22.5256,1.8711],[22.5336,1.8812],[22.5628,1.8784],[22.5786,1.9122],[22.4917,1.9173],[22.4697,1.9847],[22.4129,2.0411],[22.3802,2.0469],[22.3668,2.07],[22.3949,2.0901],[22.4475,2.0844],[22.4614,2.0905],[22.5151,2.0635],[22.5335,2.0621],[22.5621,2.0414]]]}},{"type":"Feature","properties":{"zone":"","label":"Yakusu","province":"tshopo","zscode":"IQjyCunMvUt"},"geometry":{"type":"Polygon","coordinates":[[[25.1244,0.6381],[25.1104,0.6129],[25.1209,0.5812],[25.1096,0.5618],[24.9917,0.5555],[24.9242,0.5391],[24.8786,0.551],[24.8816,0.5428],[24.8621,0.5287],[24.8638,0.4895],[24.7572,0.5328],[24.7218,0.5605],[24.7099,0.5023],[24.6884,0.4727],[24.6764,0.4723],[24.6538,0.4537],[24.5663,0.4726],[24.5144,0.4457],[24.4797,0.4394],[24.444,0.4474],[24.4236,0.38],[24.4087,0.3734],[24.3744,0.3242],[24.3623,0.3206],[24.3187,0.3292],[24.2902,0.3258],[24.2327,0.4888],[24.2643,0.5123],[24.2621,0.5328],[24.2968,0.5705],[24.3125,0.6343],[24.3264,0.6441],[24.3364,0.6222],[24.4007,0.6211],[24.4217,0.6736],[24.4154,0.7048],[24.4305,0.7048],[24.4343,0.7365],[24.446,0.745],[24.5263,0.7528],[24.5198,0.7808],[24.5288,0.8057],[24.5449,0.8222],[24.5835,0.8156],[24.615,0.8285],[24.6496,0.9471],[24.6998,1.0309],[24.7102,1.033],[24.74,1.0224],[24.7497,1.0348],[24.761,1.0359],[24.8018,1.0198],[24.9848,0.617],[25.0182,0.6306],[25.1244,0.6381]]]}},{"type":"Feature","properties":{"zone":"","label":"Yaleko","province":"tshopo","zscode":"S8Vd8dUvIqT"},"geometry":{"type":"Polygon","coordinates":[[[24.8816,0.5428],[24.9408,0.5126],[24.9931,0.5],[25.0067,0.4589],[25.007,0.3687],[25.0377,0.2723],[25.0264,0.1371],[24.9547,0.0121],[24.6924,-0.1684],[24.6958,-0.2013],[24.6471,-0.265],[24.6307,-0.2702],[24.5523,-0.33],[24.592,-0.4045],[24.5957,-0.5196],[24.5273,-0.5823],[24.5029,-0.6305],[24.4113,-0.6449],[24.4003,-0.6342],[24.3477,-0.6512],[24.3324,-0.6334],[24.3349,-0.5359],[24.3122,-0.521],[24.2903,-0.5254],[24.2609,-0.5192],[24.2562,-0.5107],[24.3091,-0.4899],[24.3069,-0.4766],[24.3189,-0.4495],[24.2875,-0.4347],[24.2845,-0.4228],[24.3267,-0.3973],[24.3321,-0.3752],[24.2872,-0.3594],[24.2636,-0.3716],[24.2477,-0.3695],[24.2407,-0.3607],[24.1967,-0.3507],[24.1563,-0.3712],[24.137,-0.3574],[24.1481,-0.3432],[24.1685,-0.3417],[24.1677,-0.3316],[24.1494,-0.3239],[24.135,-0.338],[24.1223,-0.3192],[24.1055,-0.3127],[24.1017,-0.2968],[24.0812,-0.2895],[24.0861,-0.2798],[24.1092,-0.2696],[24.0687,-0.2326],[24.071,-0.2223],[24.0885,-0.2195],[24.1015,-0.2059],[24.0961,-0.1972],[24.0708,-0.1901],[24.0636,-0.1745],[24.0685,-0.1617],[24.0565,-0.1447],[24.0722,-0.1372],[24.0702,-0.1045],[24.0777,-0.0934],[24.0997,-0.0995],[24.1119,-0.1155],[24.1319,-0.1157],[24.152,-0.0953],[24.1319,-0.0666],[24.1603,-0.0413],[24.1531,-0.0054],[24.1724,0.0082],[24.1938,0.0105],[24.2044,0.0352],[24.2253,0.0352],[24.1697,0.1044],[24.1945,0.1285],[24.1739,0.1387],[24.1329,0.1965],[24.1636,0.2191],[24.1604,0.2321],[24.1782,0.256],[24.2974,0.3058],[24.2935,0.3282],[24.3744,0.3242],[24.4087,0.3734],[24.4287,0.3883],[24.444,0.4474],[24.4797,0.4394],[24.5144,0.4457],[24.5663,0.4726],[24.6538,0.4537],[24.6764,0.4723],[24.6884,0.4727],[24.7099,0.5023],[24.7217,0.5605],[24.7572,0.5328],[24.8637,0.4895],[24.8622,0.529],[24.8816,0.5428]]]}},{"type":"Feature","properties":{"zone":"","label":"Yalimbongo","province":"tshopo","zscode":"CPZTm1VIXB9"},"geometry":{"type":"Polygon","coordinates":[[[23.5727,2.206],[23.6974,2.1875],[23.7287,2.1716],[23.7469,2.1454],[23.7751,2.1318],[23.8697,2.1321],[23.8949,2.0935],[23.946,2.0758],[23.9611,2.0783],[23.9769,2.1132],[24.0113,2.1276],[24.0319,2.1243],[24.0849,2.1536],[24.0608,2.1764],[24.0579,2.1953],[24.1392,2.1572],[24.1796,2.1481],[24.0676,1.9797],[24.0094,1.9753],[23.9403,1.9466],[23.8998,1.9388],[23.8425,1.8991],[23.7687,1.9063],[23.7886,1.8284],[23.682,1.7827],[23.6564,1.7507],[23.6371,1.7409],[23.6699,1.7041],[23.6749,1.6874],[23.6518,1.6429],[23.616,1.5976],[23.5645,1.6061],[23.5635,1.6416],[23.5933,1.6852],[23.5822,1.7134],[23.4884,1.7512],[23.4501,1.7434],[23.4295,1.7116],[23.3819,1.6787],[23.353,1.6246],[23.2738,1.5937],[23.2594,1.6009],[23.2581,1.5955],[23.2095,1.5994],[23.1821,1.645],[23.1561,1.6644],[23.1211,1.7342],[23.0863,1.7654],[23.0557,1.8093],[22.9959,1.8626],[22.9584,1.8786],[22.9559,1.888],[22.8711,1.9036],[22.8186,1.9224],[22.8025,1.936],[22.7767,1.9305],[22.7268,1.9373],[22.7079,1.9654],[22.6742,1.9865],[22.6702,1.9967],[22.6832,1.9918],[22.7473,2.0044],[22.7777,2.0015],[22.7871,2.007],[22.7788,2.0144],[22.7905,2.0364],[22.8166,2.0281],[22.8291,2.0402],[22.8579,2.0477],[22.8661,2.066],[22.8904,2.0738],[22.8932,2.1025],[22.9037,2.1031],[22.9177,2.0903],[22.9438,2.1167],[22.944,2.127],[22.9289,2.1445],[22.9546,2.1595],[22.9757,2.1554],[22.978,2.1818],[22.9912,2.1721],[23.0034,2.1772],[23.0053,2.2066],[23.0186,2.2198],[23.0482,2.2115],[23.05,2.2041],[23.1073,2.1691],[23.0786,2.1433],[23.0858,2.1097],[23.1014,2.1126],[23.1289,2.1379],[23.1678,2.1181],[23.1871,2.0936],[23.2243,2.0854],[23.2712,2.1059],[23.3122,2.0902],[23.3216,2.1054],[23.3262,2.1413],[23.3083,2.2015],[23.3147,2.2168],[23.3079,2.2549],[23.3217,2.2845],[23.3663,2.25],[23.4185,2.2298],[23.4771,2.1836],[23.5727,2.206]]]}},{"type":"Feature","properties":{"zone":"","label":"Aketi","province":"bas_uele","zscode":"LOm8B3vy1qR"},"geometry":{"type":"Polygon","coordinates":[[[24.4832,2.9574],[24.4841,2.9192],[24.5124,2.8804],[24.5221,2.8512],[24.5102,2.836],[24.5111,2.8165],[24.4956,2.8108],[24.4945,2.801],[24.4598,2.7964],[24.4497,2.7759],[24.4368,2.781],[24.4372,2.7547],[24.4471,2.7367],[24.4395,2.7125],[24.442,2.6641],[24.4602,2.6446],[24.4669,2.6546],[24.4798,2.641],[24.4868,2.6508],[24.4929,2.6368],[24.4944,2.6469],[24.5029,2.6493],[24.5101,2.6469],[24.5067,2.6364],[24.5168,2.6414],[24.5279,2.6288],[24.5407,2.6364],[24.5398,2.6063],[24.5497,2.6145],[24.5628,2.5972],[24.5404,2.5709],[24.5126,2.5123],[24.4161,2.4234],[24.3885,2.3886],[24.3734,2.3887],[24.3559,2.3615],[24.3626,2.333],[24.3434,2.2662],[24.3356,2.2755],[24.3107,2.2807],[24.2732,2.2601],[24.2162,2.2606],[24.1958,2.2291],[24.1727,2.2202],[24.1044,2.2058],[24.0757,2.2156],[24.061,2.2111],[24.0602,2.1775],[24.085,2.1538],[24.0319,2.1243],[24.0113,2.1276],[23.9765,2.1129],[23.9584,2.0771],[23.8951,2.0934],[23.8697,2.1321],[23.7751,2.1318],[23.7469,2.1454],[23.7287,2.1716],[23.6974,2.1875],[23.5786,2.2056],[23.5614,2.3595],[23.5727,2.3961],[23.5671,2.4158],[23.537,2.451],[23.4876,2.4761],[23.4519,2.5111],[23.4326,2.5117],[23.4272,2.504],[23.4097,2.5297],[23.3912,2.5299],[23.3647,2.5639],[23.3539,2.565],[23.3297,2.5162],[23.3374,2.4983],[23.3299,2.4915],[23.3121,2.497],[23.311,2.4607],[23.2923,2.4572],[23.283,2.471],[23.2905,2.4682],[23.2962,2.4762],[23.2411,2.5179],[23.1638,2.5409],[23.1175,2.5644],[23.0941,2.5655],[23.0722,2.5822],[23.0467,2.5752],[22.8989,2.7246],[22.8792,2.7574],[22.8852,2.7947],[22.9063,2.8098],[22.9325,2.8024],[22.9486,2.7748],[22.9542,2.8527],[22.9934,2.9049],[23.0336,2.9891],[23.0675,3.0342],[23.0585,3.0552],[23.0264,3.0597],[23.0156,3.0712],[23.0255,3.1392],[22.997,3.1507],[23.0912,3.1989],[23.1695,3.2033],[23.1835,3.2107],[23.2053,3.1726],[23.2768,3.2074],[23.2746,3.2182],[23.3155,3.2201],[23.3651,3.2094],[23.3668,3.1976],[23.4121,3.1726],[23.4265,3.17],[23.4399,3.1782],[23.454,3.1548],[23.5245,3.1418],[23.5627,3.1069],[23.5897,3.1072],[23.6171,3.0901],[23.6844,3.0772],[23.7041,3.039],[23.7209,3.056],[23.7674,3.0486],[23.771,3.0574],[23.8088,3.0498],[23.8346,3.0555],[23.857,3.0313],[23.881,3.0187],[23.9408,3.0232],[23.9691,3.0364],[23.9889,3.035],[24.0104,3.0187],[24.0582,3.0148],[24.0562,3.027],[24.0781,3.0242],[24.0719,3.0482],[24.094,3.0482],[24.1011,3.0557],[24.0804,3.0705],[24.0966,3.0906],[24.0679,3.1032],[24.0732,3.1188],[24.0649,3.1296],[24.0756,3.1359],[24.0697,3.1481],[24.0819,3.1501],[24.0769,3.1819],[24.0932,3.2076],[24.099,3.2038],[24.1066,3.219],[24.1183,3.2191],[24.1262,3.231],[24.1378,3.226],[24.1577,3.2342],[24.1746,3.2265],[24.1905,3.2052],[24.2095,3.199],[24.223,3.2125],[24.2423,3.2117],[24.2528,3.2306],[24.2838,3.2109],[24.3007,3.1443],[24.3268,3.1097],[24.3246,3.0651],[24.3504,3.0307],[24.4177,2.9679],[24.4832,2.9574]]]}},{"type":"Feature","properties":{"zone":"","label":"Ango","province":"bas_uele","zscode":"rLPkZegjzaS"},"geometry":{"type":"Polygon","coordinates":[[[26.9445,5.1436],[26.9648,5.0766],[26.9563,4.9838],[26.9673,4.9208],[26.9602,4.8734],[27.0012,4.8624],[27.0468,4.8384],[27.0464,4.8179],[27.0354,4.7972],[26.9774,4.7849],[26.9889,4.7522],[27.0062,4.7352],[27.0278,4.6931],[26.9767,4.636],[26.9811,4.6042],[26.9683,4.5849],[26.9805,4.5621],[26.97,4.5476],[26.9659,4.5048],[26.9792,4.4988],[26.9923,4.5084],[27.0018,4.4977],[27.0176,4.5112],[27.0332,4.4983],[27.0914,4.4823],[27.1205,4.429],[27.2555,4.4361],[27.495,4.3581],[27.4768,4.3454],[27.4703,4.2947],[27.4565,4.283],[27.4456,4.2524],[27.438,4.2507],[27.4396,4.2331],[27.4322,4.2334],[27.435,4.2277],[27.4043,4.1918],[27.4111,4.1773],[27.4054,4.1584],[27.3906,4.1543],[27.3927,4.1474],[27.3782,4.1365],[27.3772,4.1237],[27.3904,4.1239],[27.3932,4.1136],[27.3803,4.1073],[27.382,4.0962],[27.3702,4.0886],[27.3763,4.0855],[27.3748,4.0666],[27.3509,4.0568],[27.361,4.0364],[27.3404,4.0243],[27.3542,4.0031],[27.3395,4.0022],[27.3327,4.0102],[27.335,4.005],[27.319,3.9995],[27.3323,3.9859],[27.3142,3.9768],[27.3117,3.9648],[27.3191,3.9588],[27.3135,3.9532],[27.2978,3.9584],[27.3028,3.9518],[27.2914,3.9389],[27.2957,3.9294],[27.2712,3.9206],[27.2736,3.9141],[27.2606,3.915],[27.2556,3.9007],[27.2501,3.9027],[27.2541,3.8984],[27.2317,3.9002],[27.2225,3.8811],[27.2058,3.8712],[27.1735,3.8683],[27.1455,3.887],[27.1392,3.8824],[27.1461,3.8617],[27.1116,3.8542],[27.0141,3.8538],[26.9968,3.8468],[26.9832,3.8185],[26.9659,3.8286],[26.9263,3.8331],[26.9053,3.8159],[26.8604,3.8104],[26.7807,3.8163],[26.783,3.8721],[26.7665,3.8889],[26.7399,3.8895],[26.7005,3.9694],[26.7136,3.99],[26.7039,4.0073],[26.6215,4.0285],[26.5852,4.0129],[26.5504,3.9702],[26.4736,3.9213],[26.4656,3.9074],[26.443,3.8991],[26.437,3.8798],[26.4175,3.8733],[26.4027,3.8382],[26.3844,3.8221],[26.3753,3.7932],[26.3687,3.7879],[26.3497,3.7964],[26.317,3.7867],[26.2798,3.7542],[26.2723,3.7387],[26.2354,3.7366],[26.2001,3.7011],[26.2007,3.6853],[26.1932,3.6782],[26.1528,3.6839],[26.1273,3.6635],[26.1104,3.6617],[26.072,3.6754],[26.045,3.7045],[26.0277,3.7044],[26.0056,3.7321],[25.9909,3.7316],[25.9714,3.7068],[25.949,3.6975],[25.9055,3.7153],[25.8963,3.7032],[25.8572,3.6964],[25.8536,3.6035],[25.8439,3.5593],[25.8404,3.5447],[25.8169,3.524],[25.7837,3.5227],[25.7528,3.5678],[25.7083,3.5858],[25.6972,3.6045],[25.6618,3.6065],[25.6061,3.5906],[25.5685,3.5508],[25.5172,3.5402],[25.4948,3.5117],[25.4506,3.5164],[25.4115,3.5438],[25.3297,3.5258],[25.311,3.5129],[25.3192,3.5698],[25.3053,3.6163],[25.3094,3.636],[25.2847,3.6455],[25.2932,3.6736],[25.3087,3.6736],[25.3278,3.6501],[25.342,3.665],[25.3628,3.6642],[25.3669,3.6772],[25.3819,3.6704],[25.4063,3.7256],[25.4198,3.7269],[25.4247,3.7118],[25.4426,3.7559],[25.4649,3.7456],[25.4575,3.7645],[25.4788,3.8005],[25.5022,3.8184],[25.5159,3.8086],[25.5415,3.8786],[25.5518,3.8776],[25.5645,3.9002],[25.5553,3.9086],[25.563,3.9276],[25.5783,3.9243],[25.5926,3.9469],[25.6188,3.9462],[25.5745,4.0201],[25.5517,4.0825],[25.551,4.1284],[25.5643,4.1972],[25.54,4.3221],[25.4749,4.3471],[25.355,4.3707],[25.2833,4.4222],[25.2286,4.4222],[25.2494,4.4653],[25.1141,4.5311],[25.0692,4.4787],[25.0263,4.523],[24.9233,4.5655],[24.907,4.5824],[24.8805,4.5937],[24.9168,4.6588],[24.9245,4.6986],[24.9507,4.7304],[24.9396,4.7581],[24.8545,4.8207],[24.7823,4.8618],[24.7459,4.8982],[24.7671,4.9108],[24.7649,4.8966],[24.7822,4.8956],[24.7978,4.9257],[24.848,4.9242],[24.8625,4.9375],[24.8647,4.9553],[24.8733,4.9493],[24.9105,4.9512],[24.9213,4.9755],[24.9567,4.9879],[24.9825,4.979],[24.9966,4.9578],[25.0286,4.955],[25.0477,4.9304],[25.0634,4.9264],[25.0867,4.9793],[25.1235,4.9873],[25.1206,5.0115],[25.144,5.018],[25.1497,5.0301],[25.161,5.0224],[25.168,5.0023],[25.1903,4.9988],[25.1999,5.0145],[25.2238,5.0106],[25.2508,5.0274],[25.3144,5.032],[25.3269,5.0447],[25.3203,5.0746],[25.3442,5.1107],[25.3484,5.1531],[25.3262,5.1499],[25.3081,5.1912],[25.3292,5.2078],[25.3359,5.2633],[25.3505,5.2833],[25.3628,5.2788],[25.3765,5.2912],[25.371,5.3043],[25.3586,5.2987],[25.3569,5.3092],[25.3852,5.3157],[25.3901,5.3383],[25.3993,5.3333],[25.4054,5.3093],[25.4215,5.3106],[25.4186,5.3219],[25.4294,5.3245],[25.4338,5.3406],[25.4686,5.3442],[25.4785,5.3638],[25.4992,5.3438],[25.5402,5.3586],[25.5439,5.3633],[25.5281,5.384],[25.5316,5.3919],[25.5482,5.379],[25.5788,5.3783],[25.5774,5.3608],[25.5897,5.3485],[25.6222,5.3495],[25.5945,5.3263],[25.619,5.3229],[25.6304,5.3041],[25.6374,5.3087],[25.635,5.3289],[25.6479,5.3321],[25.6591,5.3255],[25.6581,5.3075],[25.6694,5.3162],[25.6764,5.3065],[25.7065,5.3025],[25.7148,5.2707],[25.7363,5.2707],[25.74,5.2405],[25.7806,5.2585],[25.765,5.2691],[25.7851,5.2782],[25.7936,5.257],[25.7811,5.2409],[25.8154,5.2502],[25.7999,5.2205],[25.8134,5.2233],[25.8286,5.1908],[25.8423,5.2169],[25.8618,5.2264],[25.881,5.2239],[25.8753,5.2095],[25.8946,5.2039],[25.8994,5.1685],[25.9134,5.1807],[25.9034,5.2055],[25.9235,5.2006],[25.9347,5.2106],[25.955,5.1958],[25.9626,5.1996],[25.9548,5.206],[25.9568,5.2158],[25.9747,5.2473],[25.9863,5.2252],[25.9937,5.2386],[26.0044,5.2362],[26.008,5.2104],[26.0362,5.2088],[26.0486,5.2254],[26.0464,5.2097],[26.0606,5.1949],[26.0662,5.2176],[26.0841,5.2193],[26.0899,5.2091],[26.0939,5.2136],[26.0964,5.234],[26.0895,5.2442],[26.1028,5.2467],[26.1079,5.2359],[26.1145,5.2374],[26.1146,5.2458],[26.133,5.2568],[26.1288,5.2676],[26.1576,5.2615],[26.1566,5.2388],[26.1848,5.2479],[26.1868,5.2237],[26.1972,5.2429],[26.2055,5.2425],[26.2083,5.2231],[26.2182,5.2196],[26.2063,5.2158],[26.2144,5.1949],[26.2208,5.2113],[26.2345,5.2137],[26.2334,5.1885],[26.2497,5.2022],[26.2511,5.1921],[26.2576,5.1919],[26.2484,5.1776],[26.2852,5.1713],[26.2787,5.1616],[26.2936,5.1635],[26.2978,5.1414],[26.3099,5.15],[26.3075,5.1569],[26.3235,5.1397],[26.3244,5.1537],[26.3395,5.1479],[26.3488,5.1608],[26.3674,5.1426],[26.3858,5.1517],[26.3954,5.1232],[26.4015,5.1357],[26.4123,5.136],[26.4102,5.1238],[26.42,5.1273],[26.4166,5.1148],[26.4369,5.1157],[26.4364,5.0933],[26.4523,5.0979],[26.4512,5.068],[26.4611,5.0613],[26.4666,5.0698],[26.4696,5.0618],[26.4794,5.0652],[26.484,5.0477],[26.4918,5.0592],[26.5,5.0567],[26.4988,5.0462],[26.5117,5.0558],[26.5227,5.0466],[26.5212,5.0554],[26.5368,5.0744],[26.5367,5.0486],[26.5428,5.0618],[26.5497,5.0607],[26.5444,5.0691],[26.5513,5.082],[26.5648,5.067],[26.5728,5.087],[26.5816,5.0799],[26.5846,5.0889],[26.5947,5.0783],[26.6136,5.094],[26.6192,5.0893],[26.6134,5.082],[26.6213,5.0812],[26.6257,5.0673],[26.6315,5.0736],[26.6275,5.0864],[26.6374,5.0854],[26.6375,5.0935],[26.653,5.0783],[26.6776,5.087],[26.681,5.101],[26.6898,5.0914],[26.7066,5.0986],[26.7074,5.1076],[26.7184,5.0953],[26.7213,5.107],[26.7271,5.0992],[26.7678,5.1091],[26.7656,5.0875],[26.7826,5.0895],[26.7866,5.0835],[26.7788,5.0751],[26.7875,5.074],[26.7912,5.0589],[26.8037,5.0578],[26.8027,5.0493],[26.8211,5.0491],[26.8265,5.0613],[26.8407,5.0584],[26.8525,5.037],[26.8693,5.0355],[26.8682,5.0418],[26.8821,5.046],[26.887,5.0784],[26.8968,5.073],[26.908,5.0813],[26.905,5.095],[26.9122,5.0962],[26.9241,5.1259],[26.9313,5.125],[26.9287,5.1391],[26.9445,5.1436]]]}},{"type":"Feature","properties":{"zone":"","label":"Bili (Bas-Uele)","province":"bas_uele","zscode":"CO06cO2i4Nm"},"geometry":{"type":"Polygon","coordinates":[[[24.7459,4.8982],[24.7823,4.8618],[24.8545,4.8207],[24.9396,4.7581],[24.9507,4.7304],[24.9245,4.6986],[24.9168,4.6588],[24.8805,4.5937],[24.907,4.5824],[24.9233,4.5655],[25.0263,4.523],[25.0692,4.4787],[25.1141,4.5311],[25.1574,4.5141],[25.2494,4.4653],[25.2286,4.4222],[25.2833,4.4222],[25.355,4.3707],[25.5021,4.3392],[25.54,4.3221],[25.5492,4.2946],[25.5643,4.1972],[25.551,4.1284],[25.5517,4.0825],[25.5745,4.0201],[25.6188,3.9462],[25.5926,3.9469],[25.5783,3.9243],[25.563,3.9276],[25.5553,3.9086],[25.5645,3.9002],[25.5518,3.8776],[25.5415,3.8786],[25.5159,3.8086],[25.5022,3.8184],[25.4788,3.8005],[25.4575,3.7645],[25.4649,3.7456],[25.4426,3.7559],[25.4247,3.7118],[25.4198,3.7269],[25.4063,3.7256],[25.3819,3.6704],[25.3669,3.6772],[25.3628,3.6642],[25.342,3.665],[25.3278,3.6501],[25.3087,3.6736],[25.2932,3.6736],[25.2847,3.6455],[25.3094,3.636],[25.3053,3.6163],[25.3192,3.5698],[25.3122,3.5111],[25.2968,3.5164],[25.2871,3.5402],[25.2598,3.5522],[25.2504,3.5471],[25.2335,3.4963],[25.2111,3.4719],[25.2051,3.4535],[25.1717,3.4416],[25.1614,3.4516],[25.1178,3.4212],[25.0743,3.4371],[25.0324,3.4066],[24.9966,3.4018],[24.9815,3.415],[24.9809,3.461],[24.9573,3.4651],[24.9325,3.4925],[24.9182,3.4892],[24.9089,3.4757],[24.85,3.4912],[24.8304,3.5176],[24.7941,3.5114],[24.8038,3.5072],[24.8034,3.4985],[24.7934,3.5055],[24.7835,3.4929],[24.7383,3.4878],[24.729,3.4648],[24.7117,3.4719],[24.6971,3.4667],[24.6574,3.4952],[24.6114,3.4697],[24.5719,3.4608],[24.5184,3.5076],[24.4901,3.5155],[24.4795,3.5329],[24.4467,3.5281],[24.4293,3.5416],[24.4062,3.5329],[24.3783,3.5503],[24.3639,3.5492],[24.35,3.575],[24.321,3.5792],[24.3128,3.5918],[24.3141,3.6123],[24.3011,3.6222],[24.2972,3.6372],[24.258,3.6674],[24.276,3.7596],[24.2506,3.7898],[24.1941,3.8179],[24.2225,3.9296],[24.2512,3.94],[24.3176,3.9353],[24.3212,3.9756],[24.2943,3.9797],[24.2983,4.0415],[24.2925,4.05],[24.2991,4.0568],[24.3029,4.0442],[24.3116,4.0416],[24.3329,4.0572],[24.3474,4.054],[24.3735,4.1469],[24.3782,4.195],[24.3888,4.2134],[24.3917,4.2494],[24.4175,4.3203],[24.4282,4.3324],[24.4379,4.3279],[24.4446,4.3389],[24.4599,4.3436],[24.5007,4.3296],[24.5442,4.3408],[24.5409,4.3691],[24.5252,4.394],[24.5192,4.4222],[24.4783,4.474],[24.385,4.5671],[24.3565,4.6081],[24.3558,4.6319],[24.3104,4.7243],[24.2969,4.7708],[24.2836,4.7862],[24.2727,4.8737],[24.2471,4.9331],[24.2676,4.9354],[24.2752,4.9485],[24.2693,4.9796],[24.2937,5.0029],[24.3202,5.0006],[24.3363,5.0113],[24.3648,5.0083],[24.3952,5.0316],[24.397,5.0427],[24.3842,5.0536],[24.3561,5.0446],[24.3409,5.0583],[24.3629,5.0725],[24.3639,5.0962],[24.3743,5.1114],[24.4095,5.1021],[24.4201,5.0788],[24.4432,5.0557],[24.4535,5.0748],[24.4428,5.0949],[24.4681,5.1048],[24.5147,5.0831],[24.5338,5.083],[24.547,5.0683],[24.5494,5.0523],[24.5697,5.0323],[24.6172,5.0249],[24.6315,4.9752],[24.6558,4.9758],[24.6721,4.9673],[24.6696,4.9353],[24.659,4.9226],[24.6666,4.9134],[24.6786,4.908],[24.7156,4.9121],[24.7234,4.8949],[24.7459,4.8982]]]}},{"type":"Feature","properties":{"zone":"","label":"Bondo","province":"bas_uele","zscode":"ebKZ38Ejpb5"},"geometry":{"type":"Polygon","coordinates":[[[24.2479,4.934],[24.2727,4.8737],[24.2836,4.7862],[24.2969,4.7708],[24.3104,4.7243],[24.3558,4.6319],[24.3565,4.6081],[24.385,4.5671],[24.4783,4.474],[24.5192,4.4222],[24.5444,4.3548],[24.5442,4.3408],[24.5208,4.3307],[24.4968,4.3299],[24.4599,4.3436],[24.4188,4.3222],[24.3917,4.2494],[24.3888,4.2134],[24.3782,4.195],[24.3735,4.1469],[24.3474,4.054],[24.3329,4.0572],[24.3116,4.0416],[24.3029,4.0442],[24.2991,4.0568],[24.2925,4.05],[24.2983,4.0415],[24.2943,3.9797],[24.3212,3.9756],[24.3176,3.9353],[24.2512,3.94],[24.2207,3.9272],[24.1941,3.8179],[24.2506,3.7898],[24.276,3.7596],[24.258,3.6674],[24.2466,3.6945],[24.191,3.7132],[24.1017,3.7085],[24.0377,3.6081],[23.9683,3.6155],[23.9154,3.6041],[23.8758,3.5855],[23.8668,3.5981],[23.8257,3.6142],[23.781,3.5667],[23.7569,3.5638],[23.7244,3.5904],[23.6366,3.5925],[23.6088,3.5652],[23.5985,3.5293],[23.5861,3.5209],[23.5385,3.5461],[23.5126,3.543],[23.4886,3.5574],[23.4281,3.5367],[23.401,3.5596],[23.379,3.5924],[23.3497,3.5902],[23.3228,3.5997],[23.3242,3.6235],[23.3455,3.6078],[23.3822,3.6234],[23.441,3.7004],[23.4865,3.7378],[23.5156,3.8193],[23.4719,3.8171],[23.4533,3.8308],[23.4305,3.8304],[23.4057,3.8432],[23.3946,3.8369],[23.3819,3.8093],[23.3682,3.8162],[23.3563,3.8115],[23.3354,3.8355],[23.3366,3.8487],[23.3182,3.8647],[23.3102,3.8634],[23.3085,3.8451],[23.2625,3.8386],[23.2508,3.8545],[23.2132,3.8774],[23.2127,3.8921],[23.202,3.8882],[23.2166,3.9236],[23.2508,3.9647],[23.2659,4.0143],[23.2829,4.0425],[23.2827,4.2713],[23.2533,4.2932],[23.2334,4.2911],[23.2722,4.3459],[23.318,4.4889],[23.3247,4.5511],[23.3426,4.6137],[23.369,4.6086],[23.3793,4.5912],[23.4244,4.5945],[23.4286,4.6521],[23.4617,4.6787],[23.5026,4.6775],[23.5349,4.6987],[23.5915,4.7613],[23.6761,4.7648],[23.7146,4.787],[23.7795,4.7867],[23.8329,4.8348],[23.846,4.8289],[23.8547,4.8131],[23.8909,4.8328],[23.9559,4.8101],[23.9611,4.8364],[23.9529,4.8486],[23.9618,4.8748],[23.9995,4.8757],[24.0091,4.8637],[24.0325,4.8609],[24.0501,4.8678],[24.0504,4.8864],[24.1084,4.9182],[24.149,4.8921],[24.1651,4.8992],[24.1774,4.9268],[24.2155,4.9539],[24.2432,4.9557],[24.2408,4.9381],[24.2479,4.934]]]}},{"type":"Feature","properties":{"zone":"buta","label":"Buta","province":"bas_uele","zscode":"pggZxV6O3iF"},"geometry":{"type":"Polygon","coordinates":[[[24.9089,3.4757],[24.9051,3.467],[24.9283,3.4131],[24.9352,3.3577],[24.9006,3.2308],[24.9313,3.2265],[24.9509,3.2044],[24.9624,3.1846],[24.9584,3.1493],[24.9659,3.1299],[25.0016,3.1125],[25.0923,3.044],[25.1168,2.954],[25.1536,2.9086],[25.1722,2.8984],[25.1306,2.8631],[25.1417,2.8324],[25.1674,2.8056],[25.1757,2.6976],[25.1896,2.6947],[25.2273,2.7086],[25.2244,2.6897],[25.2617,2.6904],[25.2567,2.6751],[25.2685,2.6622],[25.2685,2.6428],[25.3344,2.6041],[25.3519,2.6111],[25.3606,2.5791],[25.4197,2.4634],[25.4673,2.3915],[25.4808,2.3034],[25.681,2.3388],[25.7039,2.3168],[25.7179,2.2787],[25.7016,2.2745],[25.6822,2.2419],[25.6487,2.2265],[25.6026,2.1776],[25.5563,2.1811],[25.5282,2.1741],[25.4949,2.2001],[25.4666,2.206],[25.4463,2.1998],[25.4141,2.2097],[25.412,2.2186],[25.3502,2.2489],[25.3325,2.2782],[25.3059,2.2898],[25.2823,2.2825],[25.2113,2.3128],[25.1831,2.3092],[25.1547,2.2697],[25.1251,2.256],[25.1062,2.213],[25.0669,2.2386],[25.0547,2.2599],[25.0351,2.2529],[25.026,2.2654],[25.0202,2.2568],[25.0121,2.2671],[24.9734,2.2534],[24.9613,2.2604],[24.9548,2.247],[24.9521,2.2657],[24.9342,2.2609],[24.9235,2.2673],[24.8943,2.2407],[24.8684,2.2835],[24.8611,2.2642],[24.655,2.2721],[24.6052,2.2476],[24.5624,2.2476],[24.5198,2.2792],[24.4491,2.2815],[24.4254,2.2596],[24.3649,2.2399],[24.3434,2.2662],[24.3626,2.333],[24.3559,2.3615],[24.3734,2.3887],[24.3885,2.3886],[24.4161,2.4234],[24.5126,2.5123],[24.5404,2.5709],[24.5628,2.5972],[24.5497,2.6145],[24.5398,2.6063],[24.5407,2.6364],[24.5279,2.6288],[24.5168,2.6414],[24.5067,2.6364],[24.5101,2.6469],[24.5029,2.6493],[24.4944,2.6469],[24.4929,2.6368],[24.4868,2.6508],[24.4798,2.641],[24.4669,2.6546],[24.4602,2.6446],[24.442,2.6641],[24.4395,2.7125],[24.4471,2.7367],[24.4372,2.7547],[24.4368,2.781],[24.4497,2.7759],[24.4598,2.7964],[24.4945,2.801],[24.4956,2.8108],[24.5111,2.8165],[24.5102,2.836],[24.5221,2.8512],[24.5175,2.8708],[24.4933,2.898],[24.482,2.9277],[24.4941,2.9924],[24.4969,3.0732],[24.5302,3.0989],[24.5922,3.1183],[24.6049,3.131],[24.6535,3.1305],[24.677,3.1428],[24.6691,3.1584],[24.6836,3.1852],[24.6904,3.2319],[24.6878,3.2932],[24.7106,3.3519],[24.6889,3.399],[24.5915,3.4637],[24.6574,3.4952],[24.6971,3.4667],[24.7117,3.4719],[24.729,3.4648],[24.7383,3.4878],[24.7835,3.4929],[24.7934,3.5055],[24.8034,3.4985],[24.8038,3.5072],[24.7941,3.5114],[24.825,3.5179],[24.8395,3.5101],[24.85,3.4912],[24.9089,3.4757]]]}},{"type":"Feature","properties":{"zone":"ganga","label":"Ganga","province":"bas_uele","zscode":"QU7amTjhWlQ"},"geometry":{"type":"Polygon","coordinates":[[[26.1187,3.6607],[26.1378,3.6282],[26.1444,3.5796],[26.1635,3.5648],[26.1844,3.5709],[26.2051,3.5595],[26.2108,3.5305],[26.2217,3.5347],[26.2424,3.5278],[26.2607,3.5131],[26.2709,3.4901],[26.2883,3.4799],[26.3015,3.436],[26.3281,3.441],[26.3318,3.4335],[26.3486,3.4377],[26.3677,3.427],[26.3449,3.4086],[26.3408,3.3933],[26.3484,3.3717],[26.3579,3.3763],[26.3658,3.3696],[26.3623,3.3609],[26.3723,3.3554],[26.3779,3.319],[26.3836,3.3192],[26.371,3.3033],[26.374,3.2838],[26.357,3.2539],[26.3764,3.2468],[26.3946,3.2198],[26.4494,3.2006],[26.4553,3.1885],[26.4455,3.1748],[26.4513,3.1619],[26.4454,3.1558],[26.4518,3.1528],[26.4429,3.1394],[26.452,3.1295],[26.4512,3.1013],[26.4689,3.079],[26.4816,3.0763],[26.4882,3.0613],[26.4806,3.0522],[26.4912,3.0341],[26.4612,3.0034],[26.4247,2.9431],[26.4085,2.9371],[26.3884,2.9384],[26.3755,2.9515],[26.3355,2.9472],[26.3106,2.8401],[26.2247,2.7468],[26.227,2.7291],[26.2157,2.7239],[26.2091,2.7334],[26.1972,2.7293],[26.1955,2.7395],[26.1775,2.7361],[26.1769,2.7272],[26.1678,2.7247],[26.1495,2.6647],[26.1448,2.6059],[26.117,2.6059],[26.112,2.5883],[26.1202,2.5462],[26.1412,2.504],[26.1741,2.4753],[26.1774,2.4286],[26.1614,2.3515],[26.1928,2.3127],[26.1653,2.3292],[26.1545,2.3277],[26.1141,2.3013],[26.1115,2.2877],[26.0882,2.2794],[26.0402,2.2848],[25.9918,2.2708],[25.9438,2.2708],[25.88,2.2516],[25.8205,2.2646],[25.81,2.2752],[25.7928,2.2743],[25.7623,2.258],[25.7333,2.2279],[25.7039,2.3168],[25.681,2.3388],[25.811,2.3784],[25.8739,2.4739],[25.8734,2.5062],[25.8386,2.5556],[25.849,2.5941],[25.9095,2.5764],[25.9173,2.5802],[25.9287,2.6165],[25.9162,2.6492],[25.8747,2.7066],[25.8489,2.7969],[25.8259,2.8311],[25.8222,2.8501],[25.8206,2.8903],[25.8863,2.9337],[25.9087,2.9393],[25.9188,2.969],[25.8957,2.9957],[25.9001,3.002],[25.9115,2.9919],[25.9252,3.004],[25.8983,3.0137],[25.9057,3.0642],[25.8801,3.1282],[25.8862,3.1348],[25.8726,3.1362],[25.8747,3.1512],[25.8659,3.155],[25.8645,3.1658],[25.8418,3.1745],[25.8369,3.1844],[25.8546,3.1935],[25.8475,3.1949],[25.8461,3.2211],[25.8382,3.2175],[25.8137,3.2502],[25.7904,3.2591],[25.7811,3.2787],[25.7719,3.2771],[25.7663,3.2884],[25.7504,3.2949],[25.7504,3.3201],[25.7429,3.3163],[25.7166,3.3442],[25.7183,3.3513],[25.7082,3.3258],[25.6952,3.3212],[25.7023,3.2993],[25.6904,3.2891],[25.7027,3.2746],[25.7026,3.2577],[25.6724,3.2544],[25.6603,3.2594],[25.6558,3.2715],[25.6384,3.2704],[25.6319,3.28],[25.6224,3.2604],[25.5963,3.2684],[25.595,3.2571],[25.5882,3.2569],[25.5833,3.2658],[25.5736,3.2631],[25.5518,3.2915],[25.5356,3.2846],[25.5394,3.3083],[25.5318,3.3398],[25.5378,3.3794],[25.4662,3.3572],[25.4503,3.3387],[25.4346,3.3333],[25.4143,3.35],[25.4082,3.3717],[25.3849,3.3586],[25.3668,3.3695],[25.3355,3.3564],[25.3238,3.3342],[25.2963,3.3685],[25.2548,3.4011],[25.1899,3.3907],[25.1829,3.4006],[25.194,3.4216],[25.1882,3.4492],[25.2051,3.4535],[25.2111,3.4719],[25.2335,3.4963],[25.2504,3.5471],[25.2598,3.5522],[25.2871,3.5402],[25.2929,3.5215],[25.3075,3.5091],[25.3297,3.5258],[25.3947,3.5436],[25.4222,3.541],[25.4506,3.5164],[25.4948,3.5117],[25.5172,3.5402],[25.5685,3.5508],[25.5963,3.5847],[25.6518,3.6062],[25.6972,3.6045],[25.7083,3.5858],[25.7528,3.5678],[25.7837,3.5227],[25.8169,3.524],[25.8404,3.5447],[25.8439,3.5593],[25.8536,3.6035],[25.8556,3.6949],[25.8963,3.7032],[25.9055,3.7153],[25.949,3.6975],[25.9714,3.7068],[25.9909,3.7316],[26.0056,3.7321],[26.0277,3.7044],[26.045,3.7045],[26.072,3.6754],[26.1187,3.6607]]]}},{"type":"Feature","properties":{"zone":"","label":"Likati","province":"bas_uele","zscode":"wqWNVs3uxpv"},"geometry":{"type":"Polygon","coordinates":[[[23.3242,3.6235],[23.3195,3.6022],[23.3497,3.5902],[23.379,3.5924],[23.401,3.5596],[23.4281,3.5367],[23.4886,3.5574],[23.5126,3.543],[23.5385,3.5461],[23.5861,3.5209],[23.5985,3.5293],[23.6088,3.5652],[23.6366,3.5925],[23.7244,3.5904],[23.7569,3.5638],[23.781,3.5667],[23.8257,3.6142],[23.8668,3.5981],[23.8758,3.5855],[23.9154,3.6041],[23.9683,3.6155],[24.0377,3.6081],[24.1017,3.7085],[24.116,3.705],[24.1702,3.7162],[24.2387,3.6979],[24.2499,3.6913],[24.2531,3.6695],[24.2972,3.6372],[24.3011,3.6222],[24.3141,3.6123],[24.3128,3.5918],[24.321,3.5792],[24.35,3.575],[24.3639,3.5492],[24.3783,3.5503],[24.4062,3.5329],[24.4293,3.5416],[24.4467,3.5281],[24.4795,3.5329],[24.4901,3.5155],[24.5184,3.5076],[24.5719,3.4608],[24.5911,3.4641],[24.6909,3.3967],[24.7104,3.3447],[24.6878,3.2932],[24.6904,3.2319],[24.6836,3.1852],[24.6691,3.1584],[24.677,3.1428],[24.6535,3.1305],[24.6049,3.131],[24.5922,3.1183],[24.5302,3.0989],[24.4969,3.0732],[24.4941,2.9924],[24.4824,2.9572],[24.4177,2.9679],[24.3504,3.0307],[24.3246,3.0651],[24.3268,3.1097],[24.3007,3.1443],[24.2838,3.2109],[24.2528,3.2306],[24.2423,3.2117],[24.223,3.2125],[24.2095,3.199],[24.1905,3.2052],[24.1746,3.2265],[24.1577,3.2342],[24.1378,3.226],[24.1262,3.231],[24.1183,3.2191],[24.1066,3.219],[24.099,3.2038],[24.0932,3.2076],[24.0769,3.1819],[24.0819,3.1501],[24.0697,3.1481],[24.0756,3.1359],[24.0649,3.1296],[24.0732,3.1188],[24.0679,3.1032],[24.0966,3.0906],[24.0804,3.0705],[24.1011,3.0557],[24.094,3.0482],[24.0719,3.0482],[24.0781,3.0242],[24.0562,3.027],[24.0582,3.0148],[24.0104,3.0187],[23.9889,3.035],[23.9691,3.0364],[23.9408,3.0232],[23.881,3.0187],[23.857,3.0313],[23.8346,3.0555],[23.8088,3.0498],[23.771,3.0574],[23.7674,3.0486],[23.7209,3.056],[23.7041,3.039],[23.6844,3.0772],[23.6171,3.0901],[23.5897,3.1072],[23.5627,3.1069],[23.5245,3.1418],[23.4671,3.1496],[23.4469,3.1602],[23.4399,3.1782],[23.419,3.17],[23.3668,3.1976],[23.3651,3.2094],[23.3155,3.2201],[23.2746,3.2182],[23.2768,3.2074],[23.2053,3.1726],[23.1835,3.2107],[23.1695,3.2033],[23.0912,3.1989],[22.997,3.1507],[22.8975,3.1535],[22.8707,3.138],[22.7926,3.1252],[22.7781,3.1096],[22.76,3.1245],[22.773,3.1669],[22.7476,3.1688],[22.7381,3.1869],[22.7388,3.2168],[22.7542,3.2281],[22.7527,3.2457],[22.6515,3.2837],[22.6488,3.3123],[22.6157,3.3345],[22.6248,3.3906],[22.6676,3.4475],[22.7869,3.504],[22.8418,3.554],[22.911,3.5634],[22.9277,3.5837],[22.9512,3.59],[23.0147,3.5958],[23.0566,3.6617],[23.0676,3.64],[23.0912,3.6393],[23.1233,3.6962],[23.1908,3.731],[23.2107,3.7531],[23.2464,3.7714],[23.2556,3.7611],[23.24,3.7332],[23.2769,3.726],[23.2892,3.7107],[23.2714,3.6915],[23.2692,3.6735],[23.2779,3.6684],[23.2951,3.6741],[23.3242,3.6235]]]}},{"type":"Feature","properties":{"zone":"","label":"Monga","province":"bas_uele","zscode":"jFTjaBOa844"},"geometry":{"type":"Polygon","coordinates":[[[23.3426,4.6137],[23.3247,4.5511],[23.318,4.4889],[23.2722,4.3459],[23.2334,4.2911],[23.2533,4.2932],[23.2827,4.2713],[23.2836,4.0549],[23.2508,3.9647],[23.2166,3.9236],[23.2042,3.8954],[23.202,3.8882],[23.2127,3.8921],[23.211,3.8822],[23.2237,3.8679],[23.2062,3.8684],[23.1788,3.851],[23.1517,3.8518],[23.1559,3.883],[23.1484,3.8899],[23.1111,3.8756],[23.0967,3.8806],[23.0707,3.8621],[23.0136,3.8734],[22.9818,3.8662],[22.9734,3.8725],[22.8973,3.8447],[22.8872,3.8492],[22.8819,3.8716],[22.8622,3.8744],[22.8557,3.8652],[22.8291,3.8656],[22.7923,3.8266],[22.8,3.854],[22.7772,3.8573],[22.7546,3.8729],[22.7228,3.9884],[22.6869,3.9983],[22.6037,4.0761],[22.611,4.0947],[22.5895,4.1977],[22.5803,4.1869],[22.5558,4.1938],[22.5362,4.1799],[22.533,4.1558],[22.5114,4.137],[22.4597,4.1251],[22.4334,4.1281],[22.4848,4.1554],[22.5116,4.1901],[22.5492,4.2186],[22.552,4.244],[22.538,4.2573],[22.5442,4.2878],[22.5751,4.3438],[22.5995,4.3505],[22.5985,4.3624],[22.6166,4.3719],[22.6076,4.387],[22.5943,4.3851],[22.5951,4.3926],[22.5827,4.3934],[22.5798,4.4152],[22.5926,4.4219],[22.5967,4.4343],[22.5923,4.4771],[22.6151,4.491],[22.6398,4.4862],[22.6475,4.4944],[22.6597,4.4941],[22.6787,4.4665],[22.7044,4.477],[22.7052,4.5244],[22.7313,4.5582],[22.7341,4.6269],[22.7724,4.6843],[22.7818,4.7147],[22.8014,4.7286],[22.8219,4.7238],[22.8406,4.6997],[22.8621,4.7106],[22.8683,4.736],[22.8976,4.7558],[22.8853,4.7721],[22.8844,4.7914],[22.9035,4.8171],[22.9369,4.8148],[22.9631,4.8382],[22.9723,4.8372],[23.0116,4.7557],[23.1072,4.7112],[23.1715,4.7411],[23.1946,4.7251],[23.2306,4.6756],[23.2623,4.6718],[23.2754,4.6335],[23.2919,4.6364],[23.3271,4.6084],[23.3426,4.6137]]]}},{"type":"Feature","properties":{"zone":"","label":"Poko","province":"bas_uele","zscode":"iqV2dwy0B1b"},"geometry":{"type":"Polygon","coordinates":[[[27.2499,3.8965],[27.2996,3.8285],[27.3106,3.7753],[27.3284,3.7698],[27.3366,3.7551],[27.3424,3.7316],[27.3329,3.713],[27.3465,3.6979],[27.3484,3.6583],[27.341,3.6389],[27.366,3.5799],[27.36,3.5655],[27.3186,3.5479],[27.2982,3.5091],[27.2443,3.477],[27.2607,3.4599],[27.2833,3.4539],[27.2924,3.4154],[27.2917,3.3609],[27.3022,3.3547],[27.3009,3.3241],[27.339,3.2934],[27.3459,3.2669],[27.3245,3.2727],[27.3039,3.2525],[27.2889,3.2542],[27.2812,3.2411],[27.27,3.2423],[27.2151,3.2107],[27.1927,3.2064],[27.1681,3.226],[27.1664,3.2094],[27.1146,3.2025],[27.1111,3.1837],[27.0711,3.1696],[27.058,3.1367],[27.0498,3.1351],[27.0486,3.1469],[27.0387,3.1514],[27.0176,3.1194],[26.999,3.1351],[26.9695,3.1378],[26.9538,3.1145],[26.9026,3.1328],[26.9143,3.1005],[26.9255,3.0959],[26.9271,3.085],[26.9131,3.0709],[26.9296,3.0183],[26.9709,3.0513],[26.9695,3.0387],[26.9818,3.0356],[26.9852,3.0198],[27.0048,3.0222],[27.0028,3.0105],[27.0128,3.0144],[27.03,3.0064],[27.0288,2.9995],[27.0628,2.987],[26.9626,2.9014],[26.9545,2.8215],[26.9934,2.7859],[26.9638,2.6776],[26.9588,2.6101],[26.9303,2.5316],[26.9561,2.5386],[27.0138,2.5353],[27.0332,2.5657],[27.1018,2.5651],[27.1354,2.5755],[27.1488,2.5445],[27.1483,2.4844],[27.1668,2.4407],[27.1707,2.2909],[27.1563,2.2711],[27.1435,2.272],[27.146,2.2489],[27.1307,2.2246],[27.123,2.224],[27.1124,2.1666],[27.1032,2.1558],[27.0904,2.1555],[27.0828,2.1341],[27.0666,2.1366],[27.0502,2.1149],[27.0504,2.0667],[27.0567,2.0549],[27.0493,2.0141],[27.0385,2.0031],[27.0359,1.9626],[27.0443,1.9432],[27.036,1.9393],[27.0318,1.9483],[27.0115,1.9401],[27.0009,1.9515],[26.9917,1.9473],[26.9957,1.9561],[26.9801,1.9798],[26.9606,1.9801],[26.9605,1.9868],[26.9427,1.9905],[26.9472,1.9958],[26.9399,2.005],[26.9596,2.0279],[26.9382,2.037],[26.94,2.0493],[26.9297,2.0569],[26.9357,2.0716],[26.9354,2.0785],[26.9287,2.0775],[26.9306,2.0924],[26.9192,2.0896],[26.9128,2.1161],[26.9003,2.115],[26.8975,2.1236],[26.891,2.1223],[26.8941,2.1298],[26.8831,2.1309],[26.8871,2.1467],[26.8703,2.1677],[26.8594,2.1462],[26.8266,2.1499],[26.815,2.1304],[26.8028,2.1288],[26.7752,2.1561],[26.7744,2.1797],[26.7637,2.1937],[26.7456,2.1929],[26.7191,2.174],[26.6417,2.1023],[26.6263,2.0967],[26.6218,2.1203],[26.6025,2.116],[26.5999,2.0683],[26.5838,2.0532],[26.4968,2.0507],[26.483,2.1115],[26.4755,2.1155],[26.4341,2.0854],[26.4243,2.0652],[26.3966,2.0595],[26.3571,2.0681],[26.3242,2.121],[26.3165,2.2092],[26.3298,2.2264],[26.3286,2.2391],[26.3132,2.251],[26.3181,2.2951],[26.3266,2.3068],[26.3169,2.3638],[26.2714,2.3624],[26.2472,2.3441],[26.2171,2.3411],[26.1901,2.315],[26.1614,2.3515],[26.1774,2.4286],[26.1741,2.4753],[26.1412,2.504],[26.1157,2.5583],[26.1121,2.5916],[26.117,2.6059],[26.1448,2.6059],[26.1495,2.6647],[26.1678,2.7247],[26.1769,2.7272],[26.1775,2.7361],[26.1955,2.7395],[26.1972,2.7293],[26.2091,2.7334],[26.2157,2.7239],[26.227,2.7291],[26.2247,2.7468],[26.3106,2.8401],[26.3355,2.9472],[26.3755,2.9515],[26.3884,2.9384],[26.4085,2.9371],[26.4247,2.9431],[26.4612,3.0034],[26.4912,3.0341],[26.4806,3.0522],[26.4882,3.0613],[26.4816,3.0763],[26.4689,3.079],[26.4512,3.1013],[26.452,3.1295],[26.4429,3.1394],[26.4518,3.1528],[26.4454,3.1558],[26.4513,3.1619],[26.4455,3.1748],[26.4553,3.1885],[26.4494,3.2006],[26.3946,3.2198],[26.3764,3.2468],[26.357,3.2539],[26.374,3.2838],[26.371,3.3033],[26.3836,3.3192],[26.3779,3.319],[26.3723,3.3554],[26.3623,3.3609],[26.3658,3.3696],[26.3579,3.3763],[26.3484,3.3717],[26.3408,3.3933],[26.3449,3.4086],[26.3677,3.427],[26.3486,3.4377],[26.3318,3.4335],[26.3281,3.441],[26.3015,3.436],[26.2883,3.4799],[26.2709,3.4901],[26.2607,3.5131],[26.2424,3.5278],[26.2217,3.5347],[26.2108,3.5305],[26.2051,3.5595],[26.1844,3.5709],[26.1635,3.5648],[26.1444,3.5796],[26.1378,3.6282],[26.1187,3.6607],[26.1431,3.6818],[26.1932,3.6782],[26.2007,3.6853],[26.2001,3.7011],[26.2354,3.7366],[26.2723,3.7387],[26.2798,3.7542],[26.317,3.7867],[26.3497,3.7964],[26.3687,3.7879],[26.4175,3.8733],[26.437,3.8798],[26.443,3.8991],[26.4656,3.9074],[26.4736,3.9213],[26.5504,3.9702],[26.5852,4.0129],[26.6215,4.0285],[26.7039,4.0073],[26.7136,3.99],[26.7005,3.9694],[26.7399,3.8895],[26.7665,3.8889],[26.783,3.8721],[26.7807,3.8163],[26.8604,3.8104],[26.9053,3.8159],[26.9263,3.8331],[26.9659,3.8286],[26.9832,3.8185],[26.9968,3.8468],[27.0141,3.8538],[27.1346,3.8588],[27.1468,3.8625],[27.1393,3.8801],[27.1455,3.887],[27.1735,3.8683],[27.2008,3.8697],[27.2209,3.8794],[27.2317,3.9002],[27.2499,3.8965]]]}},{"type":"Feature","properties":{"zone":"","label":"Titule","province":"bas_uele","zscode":"EgtXyZdGsLP"},"geometry":{"type":"Polygon","coordinates":[[[25.1882,3.4492],[25.194,3.4216],[25.1829,3.4006],[25.1899,3.3907],[25.2548,3.4011],[25.2963,3.3685],[25.3238,3.3342],[25.3355,3.3564],[25.3668,3.3695],[25.3849,3.3586],[25.4082,3.3717],[25.4143,3.35],[25.4346,3.3333],[25.4503,3.3387],[25.4662,3.3572],[25.5378,3.3794],[25.5318,3.3398],[25.5394,3.3083],[25.5356,3.2846],[25.5518,3.2915],[25.5736,3.2631],[25.5833,3.2658],[25.5882,3.2569],[25.595,3.2571],[25.5963,3.2684],[25.6224,3.2604],[25.6319,3.28],[25.6384,3.2704],[25.6558,3.2715],[25.6603,3.2594],[25.6724,3.2544],[25.7026,3.2577],[25.7027,3.2746],[25.6904,3.2891],[25.7023,3.2993],[25.6952,3.3212],[25.7082,3.3258],[25.7183,3.3513],[25.7166,3.3442],[25.7429,3.3163],[25.7504,3.3201],[25.7504,3.2949],[25.7663,3.2884],[25.7719,3.2771],[25.7811,3.2787],[25.7904,3.2591],[25.8137,3.2502],[25.8382,3.2175],[25.8461,3.2211],[25.8475,3.1949],[25.8546,3.1935],[25.8369,3.1844],[25.8418,3.1745],[25.8645,3.1658],[25.8659,3.155],[25.8747,3.1512],[25.8726,3.1362],[25.8862,3.1348],[25.8801,3.1282],[25.9024,3.081],[25.9073,3.045],[25.8983,3.0137],[25.9252,3.004],[25.9115,2.9919],[25.9009,3.0018],[25.8958,2.9964],[25.9188,2.969],[25.9087,2.9393],[25.8863,2.9337],[25.8206,2.8903],[25.8228,2.8438],[25.8489,2.7969],[25.8747,2.7066],[25.929,2.6192],[25.9173,2.5802],[25.9095,2.5764],[25.849,2.5941],[25.8386,2.5556],[25.8734,2.5062],[25.8739,2.4739],[25.8057,2.3754],[25.6572,2.3298],[25.4808,2.3034],[25.4673,2.3915],[25.4197,2.4634],[25.3606,2.5791],[25.3519,2.6111],[25.3344,2.6041],[25.2685,2.6428],[25.2685,2.6622],[25.2567,2.6751],[25.2617,2.6904],[25.2244,2.6897],[25.2273,2.7086],[25.1896,2.6947],[25.1757,2.6976],[25.1674,2.8056],[25.1417,2.8324],[25.1306,2.8631],[25.1722,2.8984],[25.1536,2.9086],[25.1168,2.954],[25.0923,3.044],[25.0016,3.1125],[24.9659,3.1299],[24.9584,3.1493],[24.9624,3.1846],[24.9509,3.2044],[24.9313,3.2265],[24.9006,3.2308],[24.9352,3.3577],[24.9283,3.4131],[24.9051,3.467],[24.9182,3.4892],[24.9325,3.4925],[24.9573,3.4651],[24.9809,3.461],[24.9815,3.415],[24.9998,3.4012],[25.0324,3.4066],[25.0743,3.4371],[25.1178,3.4212],[25.1614,3.4516],[25.1717,3.4416],[25.1882,3.4492]]]}},{"type":"Feature","properties":{"zone":"viadana","label":"Viadana","province":"bas_uele","zscode":"joxrJQ6anPt"},"geometry":{"type":"Polygon","coordinates":[[[27.712,3.3087],[27.7015,3.288],[27.6997,3.2315],[27.6841,3.2081],[27.7192,3.1723],[27.7279,3.1518],[27.7153,3.1059],[27.6958,3.0874],[27.6962,3.0466],[27.6688,3.0369],[27.6424,3.0491],[27.6044,3.029],[27.5535,3.0353],[27.5425,2.9975],[27.544,2.9835],[27.5623,2.9626],[27.5588,2.9547],[27.6273,2.9304],[27.6434,2.9318],[27.6554,2.9041],[27.6565,2.8984],[27.644,2.8939],[27.6336,2.9045],[27.6178,2.8997],[27.6139,2.8767],[27.6332,2.871],[27.6349,2.8596],[27.6327,2.8442],[27.6147,2.8346],[27.613,2.823],[27.5997,2.8219],[27.5787,2.844],[27.5635,2.8276],[27.5402,2.8453],[27.4637,2.8102],[27.4551,2.7982],[27.4577,2.7673],[27.4275,2.7739],[27.3978,2.7625],[27.3497,2.8211],[27.3395,2.7821],[27.3297,2.7778],[27.3216,2.7584],[27.2938,2.7831],[27.2943,2.8042],[27.2773,2.8139],[27.2567,2.8102],[27.1931,2.866],[27.1818,2.8569],[27.1906,2.815],[27.1674,2.7855],[27.1046,2.784],[27.0424,2.7221],[27.0105,2.7259],[26.9993,2.7146],[26.9825,2.7254],[26.9765,2.7218],[26.9934,2.7859],[26.9545,2.8215],[26.9626,2.9014],[27.0628,2.987],[27.0288,2.9995],[27.03,3.0064],[27.0128,3.0144],[27.0028,3.0105],[27.0048,3.0222],[26.9852,3.0198],[26.9818,3.0356],[26.9695,3.0387],[26.9709,3.0513],[26.9296,3.0183],[26.9131,3.0709],[26.9271,3.085],[26.9255,3.0959],[26.9143,3.1005],[26.9029,3.1336],[26.9486,3.1148],[26.9695,3.1378],[26.999,3.1351],[27.0191,3.1199],[27.0387,3.1514],[27.0486,3.1469],[27.0498,3.1351],[27.058,3.1367],[27.0711,3.1696],[27.1111,3.1837],[27.1146,3.2025],[27.1664,3.2094],[27.1681,3.226],[27.1927,3.2064],[27.2151,3.2107],[27.27,3.2423],[27.2812,3.2411],[27.2889,3.2542],[27.3039,3.2525],[27.3245,3.2727],[27.344,3.2653],[27.3378,3.2848],[27.3565,3.2938],[27.3631,3.2929],[27.3634,3.2737],[27.377,3.2702],[27.3805,3.3025],[27.4141,3.3042],[27.4261,3.3239],[27.4331,3.3195],[27.4357,3.2947],[27.4493,3.2962],[27.4516,3.3063],[27.4699,3.3181],[27.4867,3.3166],[27.492,3.3054],[27.5128,3.3157],[27.5202,3.3038],[27.5285,3.3138],[27.5362,3.3056],[27.5382,3.2747],[27.556,3.2721],[27.6135,3.2717],[27.6311,3.3057],[27.6234,3.326],[27.6448,3.3127],[27.6659,3.3231],[27.6761,3.3076],[27.712,3.3087]]]}},{"type":"Feature","properties":{"zone":"","label":"Bangabola","province":"sud_ubangi","zscode":"aVeCzXx2CDZ"},"geometry":{"type":"Polygon","coordinates":[[[19.3051,2.7348],[19.307,2.7266],[19.3467,2.7149],[19.4482,2.7299],[19.456,2.7082],[19.4466,2.6642],[19.4064,2.6431],[19.41,2.6235],[19.4267,2.6058],[19.4235,2.5643],[19.3887,2.5448],[19.4174,2.5011],[19.4399,2.5027],[19.4583,2.4916],[19.4631,2.4509],[19.4744,2.4446],[19.4978,2.4736],[19.5146,2.4691],[19.5252,2.4806],[19.5615,2.4674],[19.5668,2.45],[19.5822,2.4364],[19.6167,2.4437],[19.6086,2.4291],[19.6166,2.3975],[19.5955,2.3688],[19.6108,2.2992],[19.5552,2.2661],[19.5098,2.2689],[19.4886,2.2815],[19.461,2.2694],[19.4193,2.2127],[19.4056,2.0889],[19.3629,2.0454],[19.2968,2.0668],[19.2754,2.1328],[19.2417,2.1987],[19.2418,2.2234],[19.2706,2.2748],[19.2393,2.3002],[19.2137,2.3685],[19.1963,2.3797],[19.1995,2.4031],[19.2154,2.4075],[19.2036,2.4392],[19.2122,2.4546],[19.1806,2.4697],[19.1765,2.4796],[19.1944,2.5119],[19.2342,2.5424],[19.2008,2.5482],[19.2052,2.5787],[19.1869,2.5817],[19.1924,2.597],[19.212,2.6117],[19.2127,2.6302],[19.2336,2.6624],[19.2638,2.6688],[19.277,2.7078],[19.3051,2.7348]]]}},{"type":"Feature","properties":{"zone":"","label":"Bogosenubea","province":"sud_ubangi","zscode":"k31uAjnzhTj"},"geometry":{"type":"Polygon","coordinates":[[[19.7591,4.0749],[19.7809,3.9763],[19.7976,3.923],[19.806,3.9176],[19.8309,3.9045],[19.8674,3.9128],[19.8932,3.9229],[19.918,3.957],[19.9881,3.9715],[19.9914,3.9365],[20.0334,3.9221],[20.0551,3.8795],[20.13,3.8681],[20.1388,3.8344],[20.1614,3.8111],[20.2052,3.8026],[20.2221,3.7855],[20.2366,3.7924],[20.25,3.7849],[20.2535,3.7526],[20.2475,3.7419],[20.2193,3.7406],[20.221,3.7317],[20.1953,3.7088],[20.1817,3.6801],[20.2176,3.6386],[20.2027,3.595],[20.2158,3.5669],[20.21,3.5522],[20.2141,3.5268],[20.236,3.4844],[20.2135,3.4838],[20.1949,3.4653],[20.1947,3.4502],[20.1785,3.4277],[20.1596,3.4428],[20.1223,3.4498],[20.0725,3.4209],[20.045,3.3779],[20.0613,3.3582],[20.041,3.358],[20.0387,3.3484],[20.0222,3.3459],[20.0066,3.3164],[19.9774,3.2934],[19.9498,3.2934],[19.959,3.3186],[19.939,3.3307],[19.9382,3.3426],[19.9182,3.3531],[19.9125,3.3678],[19.8906,3.3598],[19.89,3.3477],[19.8749,3.3375],[19.8406,3.3521],[19.8295,3.3702],[19.84,3.3915],[19.836,3.4018],[19.8128,3.3785],[19.7972,3.3958],[19.791,3.3922],[19.7709,3.4078],[19.7239,3.4204],[19.7129,3.4188],[19.6935,3.3946],[19.6733,3.4043],[19.6606,3.3974],[19.6433,3.4156],[19.6278,3.4175],[19.6175,3.4397],[19.5945,3.4442],[19.5774,3.4604],[19.5878,3.4998],[19.5821,3.5075],[19.5528,3.5105],[19.5058,3.5918],[19.4695,3.6009],[19.456,3.6261],[19.4301,3.6408],[19.4241,3.6869],[19.4149,3.7001],[19.3959,3.6951],[19.387,3.7055],[19.3386,3.7049],[19.2592,3.6871],[19.2611,3.7103],[19.2551,3.7087],[19.2519,3.7223],[19.26,3.7457],[19.2722,3.7429],[19.2734,3.7341],[19.2919,3.7421],[19.2839,3.748],[19.2918,3.7535],[19.3119,3.7357],[19.3142,3.7459],[19.3261,3.738],[19.3493,3.7403],[19.3447,3.7583],[19.3519,3.7565],[19.3546,3.7682],[19.3444,3.7807],[19.3543,3.7947],[19.338,3.8038],[19.3487,3.8091],[19.3617,3.8011],[19.3685,3.8108],[19.3575,3.8164],[19.3634,3.8213],[19.3589,3.8265],[19.3433,3.8282],[19.342,3.8367],[19.3506,3.8387],[19.3436,3.8524],[19.3663,3.8458],[19.3575,3.8636],[19.3787,3.8676],[19.3877,3.8605],[19.3975,3.871],[19.4016,3.8648],[19.4077,3.899],[19.4252,3.9077],[19.4162,3.9199],[19.4271,3.9402],[19.4101,3.9464],[19.4205,3.9527],[19.4301,3.9437],[19.4376,3.9545],[19.4478,3.9359],[19.447,3.9432],[19.4638,3.9501],[19.4517,3.9539],[19.4556,3.9675],[19.4491,3.9754],[19.4644,3.9777],[19.4625,4.014],[19.4939,4.0292],[19.5014,4.0607],[19.5175,4.0602],[19.5192,4.0499],[19.539,4.0518],[19.5438,4.044],[19.5485,4.0668],[19.5733,4.0584],[19.5813,4.0655],[19.5926,4.0557],[19.5945,4.0639],[19.6061,4.0594],[19.6185,4.0736],[19.6447,4.0743],[19.6517,4.0813],[19.6532,4.0678],[19.6646,4.072],[19.6696,4.0637],[19.6717,4.0769],[19.6813,4.0801],[19.6987,4.0524],[19.7131,4.0644],[19.7246,4.0582],[19.7339,4.0623],[19.7472,4.0793],[19.7591,4.0749]]]}},{"type":"Feature","properties":{"zone":"","label":"Bokonzi","province":"sud_ubangi","zscode":"izt3XGlBrmK"},"geometry":{"type":"Polygon","coordinates":[[[18.845,2.856],[18.8382,2.8242],[18.8418,2.7956],[18.8806,2.7435],[18.8593,2.7209],[18.8882,2.6785],[18.8868,2.6257],[18.8453,2.6042],[18.838,2.6346],[18.816,2.6376],[18.8022,2.667],[18.7529,2.65],[18.7461,2.6567],[18.7581,2.667],[18.7442,2.6795],[18.7284,2.6683],[18.7223,2.6466],[18.7389,2.5684],[18.7249,2.5657],[18.717,2.5526],[18.7272,2.5397],[18.7577,2.5373],[18.7636,2.5011],[18.7906,2.4754],[18.7973,2.4524],[18.8311,2.4334],[18.8533,2.4312],[18.8605,2.3951],[18.9152,2.3597],[18.9225,2.3384],[18.9596,2.323],[19.0057,2.319],[19.0191,2.1995],[18.978,2.177],[18.9473,2.1733],[18.9101,2.1318],[18.9082,2.0895],[18.9412,2.0801],[19.003,2.0927],[19.017,2.1146],[19.0486,2.1251],[19.0828,2.0915],[18.9607,1.996],[18.893,1.9731],[18.7811,1.9722],[18.7153,1.962],[18.6554,1.9281],[18.5993,1.9331],[18.5495,1.9678],[18.5229,2.0087],[18.4992,2.0072],[18.4812,2.0153],[18.4694,1.9798],[18.4448,1.9752],[18.4207,1.9838],[18.4007,2.01],[18.3546,2.0225],[18.2598,2.0117],[18.2152,1.9709],[18.1986,1.9232],[18.172,1.9185],[18.1424,1.9413],[18.1487,1.9807],[18.1303,2.0068],[18.1151,2.0102],[18.0805,1.9996],[18.0788,2.0773],[18.0956,2.1],[18.1027,2.1279],[18.0951,2.1354],[18.0863,2.1968],[18.0957,2.271],[18.1114,2.2909],[18.1325,2.2952],[18.1837,2.3395],[18.1832,2.3682],[18.2266,2.4494],[18.2331,2.5192],[18.3009,2.564],[18.3209,2.5904],[18.345,2.6281],[18.3444,2.6572],[18.403,2.7258],[18.4192,2.7529],[18.4182,2.7673],[18.4356,2.7624],[18.4435,2.7767],[18.4633,2.7873],[18.4958,2.788],[18.4971,2.7979],[18.5205,2.7922],[18.5251,2.8058],[18.534,2.7975],[18.5476,2.8146],[18.5853,2.8141],[18.5933,2.8272],[18.6272,2.8264],[18.642,2.8437],[18.6496,2.8385],[18.6733,2.8558],[18.7047,2.8338],[18.7135,2.8523],[18.7446,2.8761],[18.7586,2.8766],[18.77,2.8642],[18.7862,2.8701],[18.845,2.856]]]}},{"type":"Feature","properties":{"zone":"","label":"Bominenge","province":"sud_ubangi","zscode":"kYp7VK3USwS"},"geometry":{"type":"Polygon","coordinates":[[[20.1596,3.4428],[20.1926,3.418],[20.1813,3.3978],[20.2091,3.4014],[20.2079,3.3836],[20.2384,3.36],[20.2394,3.2869],[20.2501,3.2831],[20.251,3.2618],[20.2317,3.2185],[20.2139,3.1985],[20.2055,3.1213],[20.2291,3.0709],[20.243,3.064],[20.2862,2.9941],[20.2777,2.9759],[20.32,2.9212],[20.278,2.8958],[20.2348,2.9014],[20.2072,2.8911],[20.1659,2.9512],[20.1409,2.9455],[20.1411,2.9322],[20.128,2.9295],[20.0929,2.9479],[20.0722,2.9212],[20.0332,2.894],[20.005,2.9564],[19.9461,2.9771],[19.9391,3.0223],[19.9327,3.0261],[19.9365,3.0432],[19.9677,3.044],[20.0181,3.0665],[20.0176,3.0997],[20.0263,3.0959],[20.0267,3.1071],[20.0133,3.1308],[19.9646,3.1237],[19.9774,3.1565],[19.9257,3.1675],[19.9394,3.1983],[19.9142,3.2133],[19.9081,3.2459],[19.9338,3.2573],[19.9295,3.2835],[19.9494,3.2974],[19.9774,3.2934],[20.0066,3.3164],[20.0222,3.3459],[20.0387,3.3484],[20.041,3.358],[20.0613,3.3582],[20.045,3.3779],[20.0725,3.4209],[20.1223,3.4498],[20.1596,3.4428]]]}},{"type":"Feature","properties":{"zone":"","label":"Boto","province":"sud_ubangi","zscode":"FzA1yCf8PY7"},"geometry":{"type":"Polygon","coordinates":[[[19.072,3.1819],[19.0871,3.153],[19.1176,3.1365],[19.1418,3.1375],[19.1915,3.0917],[19.217,3.0537],[19.2363,2.9939],[19.2789,2.9813],[19.322,2.9214],[19.3151,2.8764],[19.2851,2.8721],[19.2654,2.8861],[19.2314,2.8876],[19.2494,2.8776],[19.2294,2.8469],[19.2081,2.842],[19.1787,2.8539],[19.1758,2.8357],[19.1313,2.8315],[19.134,2.8213],[19.1005,2.8188],[19.0914,2.8108],[19.092,2.7992],[19.0437,2.781],[19.0048,2.7795],[19.0071,2.7904],[18.9634,2.795],[18.9341,2.8139],[18.9244,2.8388],[18.8923,2.8623],[18.8356,2.856],[18.7869,2.87],[18.77,2.8642],[18.7586,2.8766],[18.7446,2.8761],[18.7151,2.8536],[18.7047,2.8338],[18.6733,2.8558],[18.6496,2.8385],[18.642,2.8437],[18.6283,2.8268],[18.6034,2.8268],[18.6103,2.8434],[18.5942,2.8574],[18.6049,2.8656],[18.5998,2.8763],[18.61,2.8823],[18.6038,2.8897],[18.6091,2.9049],[18.6046,2.9096],[18.5919,2.9027],[18.5871,2.9186],[18.6134,2.9251],[18.6135,2.9377],[18.6222,2.9361],[18.6361,2.982],[18.6465,2.9781],[18.6576,2.988],[18.6655,2.983],[18.6739,2.9973],[18.6865,2.9859],[18.6886,3.0044],[18.6992,2.9949],[18.7157,2.9949],[18.7173,3.0044],[18.7355,3.0113],[18.7355,3.0257],[18.7489,3.0306],[18.7587,3.0252],[18.7645,3.0316],[18.7516,3.0354],[18.7505,3.0432],[18.7748,3.0444],[18.7856,3.0666],[18.782,3.0825],[18.7912,3.0784],[18.7902,3.0884],[18.8046,3.0978],[18.817,3.0747],[18.8195,3.0847],[18.827,3.0779],[18.84,3.0887],[18.8362,3.08],[18.8435,3.0714],[18.8628,3.0926],[18.8787,3.0856],[18.8918,3.1108],[18.8992,3.1072],[18.8961,3.0999],[18.9102,3.0951],[18.9173,3.1102],[18.9389,3.0999],[18.9575,3.1095],[18.9673,3.1307],[18.9864,3.1088],[19.0016,3.1259],[19.0197,3.1187],[19.0237,3.1461],[19.0369,3.1525],[19.0238,3.1602],[19.0188,3.1809],[19.0328,3.1883],[19.0516,3.1835],[19.0574,3.1902],[19.072,3.1819]]]}},{"type":"Feature","properties":{"zone":"","label":"Budjala","province":"sud_ubangi","zscode":"J1nws7yZLvv"},"geometry":{"type":"Polygon","coordinates":[[[19.6895,2.8105],[19.7037,2.8043],[19.7379,2.8252],[19.7686,2.832],[19.8022,2.8199],[19.8194,2.7981],[19.8175,2.7877],[19.851,2.762],[19.8696,2.6955],[19.8767,2.6938],[19.8499,2.6749],[19.848,2.6511],[19.8571,2.6479],[19.859,2.6324],[19.8698,2.6308],[19.8752,2.6076],[19.8601,2.563],[19.8111,2.5459],[19.8167,2.5194],[19.8536,2.4941],[19.8909,2.4275],[19.8856,2.2793],[19.8681,2.2303],[19.8095,2.1894],[19.7998,2.1671],[19.7957,2.1346],[19.8045,2.0024],[19.514,1.9992],[19.4683,2.0051],[19.4459,2.021],[19.3629,2.0454],[19.4056,2.0889],[19.4193,2.2127],[19.461,2.2694],[19.4886,2.2815],[19.5098,2.2689],[19.5552,2.2661],[19.6108,2.2992],[19.5955,2.3688],[19.6166,2.3975],[19.6086,2.4291],[19.6167,2.4437],[19.5822,2.4364],[19.5668,2.45],[19.5615,2.4674],[19.5252,2.4806],[19.5146,2.4691],[19.4978,2.4736],[19.4744,2.4446],[19.4631,2.4509],[19.4583,2.4916],[19.4399,2.5027],[19.4174,2.5011],[19.3887,2.5448],[19.4235,2.5643],[19.4267,2.6058],[19.41,2.6235],[19.4064,2.6431],[19.4466,2.6642],[19.456,2.7082],[19.4482,2.7299],[19.3453,2.715],[19.307,2.7266],[19.3057,2.747],[19.2951,2.75],[19.3116,2.7653],[19.3131,2.7857],[19.3354,2.7922],[19.3482,2.7822],[19.3857,2.788],[19.4214,2.8162],[19.4533,2.8059],[19.4702,2.8279],[19.4934,2.8413],[19.5309,2.8481],[19.5612,2.8231],[19.6009,2.8398],[19.6379,2.8439],[19.6587,2.8177],[19.6895,2.8105]]]}},{"type":"Feature","properties":{"zone":"bulu","label":"Bulu","province":"sud_ubangi","zscode":"uCYafBxBtO8"},"geometry":{"type":"Polygon","coordinates":[[[20.1201,2.9367],[20.1405,2.9207],[20.1422,2.8943],[20.1377,2.8279],[20.1285,2.8252],[20.1114,2.7698],[20.1411,2.7508],[20.163,2.7224],[20.1919,2.7186],[20.1787,2.6856],[20.1891,2.6498],[20.1845,2.6444],[20.1943,2.6358],[20.1957,2.6164],[20.1834,2.5951],[20.19,2.5628],[20.2117,2.5097],[20.2115,2.4833],[20.2517,2.4601],[20.2385,2.4473],[20.2056,2.4498],[20.205,2.4244],[20.1894,2.4066],[20.1929,2.3857],[20.1843,2.3712],[20.1628,2.3622],[20.1537,2.3486],[20.0874,2.3378],[20.1038,2.2989],[20.0893,2.2936],[20.0909,2.2727],[20.0748,2.2675],[20.0645,2.2517],[20.0382,2.2523],[20.0326,2.2165],[20.0161,2.2031],[20.0137,2.1824],[19.9919,2.1856],[19.9713,2.1576],[19.9499,2.1481],[19.9613,2.1304],[19.9367,2.095],[19.9417,2.0551],[19.9282,2.0543],[19.9209,2.0423],[19.9321,2.0227],[19.9056,2.0093],[19.9059,1.9828],[19.8971,1.9725],[19.8717,1.9999],[19.8045,2.0024],[19.7957,2.1346],[19.8095,2.1894],[19.8681,2.2303],[19.8856,2.2793],[19.8909,2.4275],[19.8536,2.4941],[19.8167,2.5194],[19.8111,2.5459],[19.8601,2.563],[19.8752,2.6076],[19.8698,2.6308],[19.859,2.6324],[19.8571,2.6479],[19.8479,2.6513],[19.8499,2.6749],[19.8767,2.6938],[19.8696,2.6955],[19.851,2.762],[19.9046,2.791],[19.9061,2.8052],[19.896,2.8038],[19.8936,2.8251],[19.9129,2.858],[19.9308,2.8548],[19.975,2.8839],[20.0042,2.8847],[20.0247,2.8971],[20.0389,2.8942],[20.0929,2.9479],[20.1201,2.9367]]]}},{"type":"Feature","properties":{"zone":"","label":"Bwamanda","province":"sud_ubangi","zscode":"hlvN8zeyDZz"},"geometry":{"type":"Polygon","coordinates":[[[19.6278,3.4175],[19.6123,3.4127],[19.5925,3.3922],[19.5974,3.3831],[19.6244,3.3735],[19.6196,3.3394],[19.6356,3.3353],[19.6495,3.3455],[19.6684,3.3276],[19.6443,3.3083],[19.6509,3.3028],[19.6477,3.2912],[19.6652,3.2916],[19.6765,3.2763],[19.6811,3.245],[19.6731,3.2299],[19.6603,3.2255],[19.6636,3.2154],[19.6351,3.1979],[19.618,3.1985],[19.6204,3.1729],[19.585,3.1438],[19.5688,3.1555],[19.5476,3.142],[19.539,3.1565],[19.494,3.16],[19.4924,3.1773],[19.4767,3.1878],[19.4683,3.1794],[19.4579,3.184],[19.4123,3.1573],[19.4187,3.0922],[19.3558,3.0989],[19.2877,3.0724],[19.2357,3.0659],[19.2204,3.0496],[19.1915,3.0917],[19.1418,3.1375],[19.1176,3.1365],[19.0871,3.153],[19.0728,3.1766],[19.0699,3.1921],[19.0913,3.2264],[19.0673,3.2495],[19.0653,3.2632],[19.0756,3.276],[19.0606,3.2947],[19.0919,3.3238],[19.0814,3.3317],[19.0904,3.3346],[19.0875,3.3442],[19.0685,3.3482],[19.1252,3.3713],[19.1299,3.392],[19.1451,3.401],[19.1487,3.4142],[19.1738,3.4123],[19.1543,3.4301],[19.197,3.4373],[19.2028,3.4518],[19.1964,3.4635],[19.184,3.4613],[19.1869,3.47],[19.2245,3.4592],[19.2234,3.4808],[19.2316,3.4888],[19.2418,3.4827],[19.2514,3.4932],[19.2519,3.5054],[19.239,3.5181],[19.2494,3.5171],[19.2493,3.5293],[19.2694,3.5412],[19.272,3.557],[19.2635,3.566],[19.2758,3.5716],[19.2756,3.5904],[19.2724,3.6067],[19.2663,3.6025],[19.2613,3.6124],[19.2695,3.6166],[19.2652,3.626],[19.2357,3.6282],[19.2338,3.6365],[19.2423,3.6374],[19.2339,3.657],[19.2485,3.6621],[19.245,3.6696],[19.2559,3.6714],[19.2592,3.6871],[19.3386,3.7049],[19.387,3.7055],[19.3959,3.6951],[19.4149,3.7001],[19.4241,3.6869],[19.4301,3.6408],[19.456,3.6261],[19.4695,3.6009],[19.5058,3.5918],[19.5528,3.5105],[19.5821,3.5075],[19.5878,3.4998],[19.5774,3.4604],[19.5945,3.4442],[19.6175,3.4397],[19.6278,3.4175]]]}},{"type":"Feature","properties":{"zone":"","label":"Gemena","province":"sud_ubangi","zscode":"F2sZHvPlln6"},"geometry":{"type":"Polygon","coordinates":[[[19.9494,3.2974],[19.9265,3.2805],[19.9353,3.263],[19.9306,3.2521],[19.9081,3.2459],[19.9142,3.2133],[19.9394,3.1983],[19.9248,3.1697],[19.945,3.1585],[19.9774,3.1565],[19.9641,3.1241],[20.0133,3.1308],[20.028,3.1015],[20.0263,3.0959],[20.0176,3.0997],[20.0181,3.0665],[19.9677,3.044],[19.9365,3.0432],[19.9327,3.0261],[19.9391,3.0223],[19.9461,2.9771],[20.005,2.9564],[20.0265,2.8973],[20.0042,2.8847],[19.9749,2.8839],[19.934,2.8559],[19.9125,2.8577],[19.8936,2.8251],[19.896,2.8038],[19.9061,2.8052],[19.9046,2.791],[19.8639,2.7633],[19.8406,2.7643],[19.8175,2.7877],[19.8194,2.7981],[19.8022,2.8199],[19.7704,2.8322],[19.7379,2.8252],[19.7037,2.8043],[19.6941,2.8072],[19.6896,2.8127],[19.7017,2.8659],[19.749,2.8494],[19.7674,2.8605],[19.7625,2.8711],[19.7478,2.8727],[19.7576,2.8825],[19.7756,2.8921],[19.7918,2.8741],[19.7975,2.8777],[19.8015,2.9032],[19.784,2.9106],[19.7777,2.9232],[19.7712,2.9168],[19.7546,2.919],[19.7486,2.9402],[19.7733,2.9549],[19.7871,2.9465],[19.8055,2.9505],[19.8071,2.9377],[19.8209,2.9349],[19.8253,2.9418],[19.8116,2.9642],[19.7968,2.962],[19.7683,3.0029],[19.7787,3.0083],[19.7783,3.0351],[19.7682,3.0385],[19.7681,3.0463],[19.7796,3.0385],[19.7851,3.0446],[19.7755,3.0746],[19.7934,3.0941],[19.7969,3.1177],[19.7866,3.131],[19.7608,3.1391],[19.7915,3.1713],[19.7747,3.1899],[19.7438,3.1817],[19.7189,3.1916],[19.6358,3.1366],[19.6193,3.1083],[19.6016,3.1166],[19.5921,3.1119],[19.5513,3.134],[19.5476,3.142],[19.5626,3.1545],[19.5815,3.143],[19.5971,3.1528],[19.6071,3.1682],[19.6204,3.1729],[19.6179,3.1984],[19.6351,3.1979],[19.6636,3.2154],[19.6603,3.2255],[19.6731,3.2299],[19.6811,3.245],[19.6765,3.2763],[19.6652,3.2916],[19.6477,3.2912],[19.6509,3.3028],[19.6443,3.3083],[19.6684,3.3276],[19.6495,3.3455],[19.6356,3.3353],[19.6196,3.3394],[19.6244,3.3735],[19.5974,3.3831],[19.5941,3.3979],[19.6278,3.4175],[19.6433,3.4156],[19.6606,3.3974],[19.6733,3.4043],[19.6935,3.3946],[19.7129,3.4188],[19.7236,3.4205],[19.7709,3.4078],[19.791,3.3922],[19.7972,3.3958],[19.8128,3.3785],[19.836,3.4018],[19.84,3.3915],[19.8295,3.3702],[19.8406,3.3521],[19.8749,3.3375],[19.89,3.3477],[19.8906,3.3598],[19.9132,3.3675],[19.9182,3.3531],[19.9382,3.3426],[19.939,3.3307],[19.959,3.3186],[19.9494,3.2974]]]}},{"type":"Feature","properties":{"zone":"","label":"Kungu","province":"sud_ubangi","zscode":"C6xrZPQNxHd"},"geometry":{"type":"Polygon","coordinates":[[[19.2414,2.8592],[19.2519,2.8485],[19.2602,2.8177],[19.2781,2.8161],[19.2869,2.7885],[19.3131,2.7857],[19.3144,2.7761],[19.2951,2.75],[19.3057,2.747],[19.3051,2.7348],[19.277,2.7078],[19.264,2.6691],[19.2336,2.6624],[19.2127,2.6302],[19.212,2.6117],[19.1924,2.597],[19.1869,2.5817],[19.2052,2.5787],[19.2008,2.5482],[19.2342,2.5424],[19.1944,2.5119],[19.1765,2.4796],[19.1806,2.4697],[19.2122,2.4546],[19.2036,2.4392],[19.2154,2.4075],[19.1995,2.4031],[19.1963,2.3797],[19.2137,2.3685],[19.2393,2.3002],[19.2706,2.2748],[19.2418,2.2234],[19.2417,2.1987],[19.2754,2.1328],[19.2968,2.0668],[19.142,2.1264],[19.1122,2.1164],[19.0828,2.0915],[19.0486,2.1251],[19.017,2.1146],[19.003,2.0927],[18.9412,2.0801],[18.9082,2.0895],[18.9101,2.1318],[18.9473,2.1733],[18.978,2.177],[19.0191,2.1995],[19.0058,2.3186],[18.9596,2.323],[18.9225,2.3384],[18.9152,2.3597],[18.8605,2.3951],[18.8533,2.4312],[18.8311,2.4334],[18.7973,2.4524],[18.7906,2.4754],[18.7636,2.5011],[18.7577,2.5373],[18.7272,2.5397],[18.717,2.5526],[18.7249,2.5657],[18.7389,2.5684],[18.7223,2.6466],[18.7284,2.6683],[18.7502,2.6773],[18.7581,2.667],[18.7461,2.6567],[18.7529,2.65],[18.8022,2.667],[18.816,2.6376],[18.838,2.6346],[18.8453,2.6042],[18.8868,2.6257],[18.8882,2.6785],[18.8593,2.7209],[18.8806,2.7435],[18.8517,2.7744],[18.8393,2.8075],[18.8469,2.8579],[18.8923,2.8623],[18.9244,2.8388],[18.9407,2.8088],[18.9634,2.795],[19.0071,2.7904],[19.0048,2.7795],[19.0687,2.7856],[19.092,2.7992],[19.0914,2.8108],[19.1005,2.8188],[19.134,2.8213],[19.1313,2.8315],[19.1759,2.8358],[19.1787,2.8539],[19.2098,2.8418],[19.2414,2.8592]]]}},{"type":"Feature","properties":{"zone":"","label":"Libenge","province":"sud_ubangi","zscode":"ArdlF8PnpYL"},"geometry":{"type":"Polygon","coordinates":[[[19.3586,4.6336],[19.3808,4.6248],[19.3862,4.6483],[19.4172,4.6758],[19.4677,4.6686],[19.4642,4.6218],[19.5045,4.5951],[19.5101,4.5595],[19.4288,4.3845],[19.4243,4.3528],[19.4068,4.3326],[19.4116,4.3279],[19.385,4.2775],[19.3845,4.2555],[19.3223,4.2196],[19.3035,4.2205],[19.2881,4.2115],[19.2403,4.2147],[19.261,4.1596],[19.2828,4.1482],[19.2819,4.1321],[19.3003,4.1035],[19.2846,4.0726],[19.2777,4.0337],[19.2934,4.0163],[19.2747,3.9971],[19.284,3.9633],[19.3299,3.8966],[19.3395,3.8676],[19.3658,3.8515],[19.3589,3.8458],[19.3451,3.8546],[19.3501,3.835],[19.3414,3.8357],[19.3445,3.8269],[19.3623,3.8234],[19.3575,3.8164],[19.3685,3.8108],[19.3617,3.8011],[19.3487,3.8091],[19.338,3.8038],[19.3543,3.7947],[19.3444,3.7807],[19.3546,3.7682],[19.3519,3.7565],[19.3447,3.7583],[19.3482,3.7387],[19.315,3.7401],[19.3142,3.7459],[19.3119,3.7357],[19.2918,3.7535],[19.2839,3.748],[19.2919,3.7421],[19.2743,3.7341],[19.269,3.7445],[19.256,3.7415],[19.2519,3.7223],[19.2551,3.7087],[19.2611,3.7103],[19.2589,3.6831],[19.2557,3.6711],[19.245,3.6697],[19.2478,3.6613],[19.234,3.6575],[19.2423,3.6374],[19.2337,3.6359],[19.238,3.6267],[19.2668,3.6242],[19.2694,3.6165],[19.2613,3.6124],[19.2663,3.6025],[19.2725,3.6066],[19.2764,3.5759],[19.2636,3.5663],[19.272,3.557],[19.2693,3.5409],[19.2493,3.5293],[19.2494,3.5171],[19.239,3.5181],[19.2519,3.5054],[19.2514,3.4932],[19.2418,3.4827],[19.2316,3.4888],[19.2234,3.4808],[19.2245,3.4592],[19.1869,3.47],[19.184,3.4613],[19.1964,3.4635],[19.2028,3.4518],[19.197,3.4373],[19.1551,3.4313],[19.1738,3.4123],[19.1512,3.4154],[19.1456,3.4066],[19.1167,3.4584],[19.0851,3.4809],[19.0306,3.5553],[18.9693,3.5991],[18.9341,3.595],[18.9072,3.5811],[18.889,3.5965],[18.8676,3.5887],[18.822,3.5878],[18.7957,3.6521],[18.6803,3.6365],[18.6648,3.6309],[18.656,3.6153],[18.6464,3.6186],[18.6503,3.6124],[18.6415,3.606],[18.6041,3.6102],[18.5785,3.7769],[18.5937,3.8182],[18.5977,3.8949],[18.6134,3.9319],[18.6411,3.9434],[18.6519,3.9587],[18.656,4.0084],[18.695,4.0195],[18.6872,4.0332],[18.7226,4.0867],[18.7111,4.1084],[18.7157,4.1304],[18.7744,4.1355],[18.7969,4.1497],[18.8099,4.1402],[18.7951,4.1368],[18.7914,4.1307],[18.7987,4.1271],[18.8088,4.1252],[18.823,4.135],[18.8662,4.124],[18.9541,4.1735],[18.9276,4.2013],[18.9298,4.2112],[18.9119,4.2323],[18.8912,4.2443],[18.8522,4.3058],[18.7769,4.3191],[18.7437,4.3341],[18.7264,4.3479],[18.7178,4.3693],[18.7859,4.4273],[18.8058,4.468],[18.8193,4.5543],[18.8325,4.5834],[18.8803,4.6127],[18.8899,4.6463],[18.9215,4.6526],[18.9403,4.6877],[18.9385,4.701],[18.97,4.7311],[19.0033,4.7496],[19.0139,4.765],[19.0286,4.7668],[19.0319,4.7582],[19.0668,4.7748],[19.0675,4.7613],[19.0774,4.7687],[19.1074,4.7674],[19.1205,4.7306],[19.1411,4.7267],[19.1495,4.7326],[19.1464,4.7218],[19.1592,4.699],[19.1788,4.6992],[19.1852,4.6891],[19.2058,4.6982],[19.2121,4.6888],[19.2205,4.6903],[19.2243,4.6786],[19.2246,4.6841],[19.2542,4.6892],[19.27,4.6887],[19.2801,4.675],[19.2977,4.6833],[19.3016,4.672],[19.3106,4.6711],[19.3066,4.6634],[19.3242,4.6574],[19.3264,4.6428],[19.3586,4.6336]]]}},{"type":"Feature","properties":{"zone":"","label":"Mawuya","province":"sud_ubangi","zscode":"HL8XdWF8Sne"},"geometry":{"type":"Polygon","coordinates":[[[19.1456,3.4066],[19.1299,3.392],[19.1252,3.3713],[19.0685,3.3482],[19.0875,3.3442],[19.0904,3.3346],[19.0814,3.3317],[19.0919,3.3238],[19.0606,3.2947],[19.0756,3.276],[19.0663,3.2658],[19.0665,3.2522],[19.0913,3.2248],[19.0699,3.1921],[19.0716,3.1814],[19.0574,3.1902],[19.0516,3.1835],[19.0328,3.1883],[19.0188,3.1809],[19.0238,3.1602],[19.0369,3.1525],[19.0237,3.1461],[19.0199,3.1188],[19.0016,3.1259],[18.9864,3.1088],[18.9673,3.1307],[18.9575,3.1095],[18.9389,3.0999],[18.9173,3.1102],[18.9102,3.0951],[18.8961,3.0999],[18.8992,3.1072],[18.8918,3.1108],[18.8787,3.0856],[18.8628,3.0926],[18.846,3.0716],[18.8366,3.0789],[18.84,3.0887],[18.827,3.0779],[18.8195,3.0847],[18.817,3.0747],[18.8055,3.0977],[18.7924,3.0909],[18.7916,3.0787],[18.7862,3.0855],[18.7814,3.0812],[18.7856,3.0666],[18.7748,3.0444],[18.7505,3.0432],[18.7534,3.034],[18.7642,3.0351],[18.7587,3.0252],[18.7489,3.0306],[18.7355,3.0257],[18.7355,3.0113],[18.7173,3.0044],[18.7157,2.9949],[18.6992,2.9949],[18.6886,3.0044],[18.6865,2.9859],[18.6739,2.9973],[18.6655,2.983],[18.6576,2.988],[18.6465,2.9781],[18.6361,2.982],[18.6222,2.9361],[18.6135,2.9377],[18.6134,2.9251],[18.5871,2.9186],[18.5904,2.9038],[18.6046,2.9096],[18.6096,2.9018],[18.6038,2.8897],[18.61,2.8823],[18.5998,2.8763],[18.6049,2.8656],[18.5942,2.8574],[18.6103,2.8434],[18.6033,2.8256],[18.5913,2.8263],[18.5853,2.8141],[18.5476,2.8146],[18.5328,2.7971],[18.5251,2.8058],[18.5205,2.7922],[18.4971,2.7979],[18.4958,2.788],[18.4617,2.7867],[18.4304,2.7606],[18.4182,2.7673],[18.4446,2.8314],[18.4425,2.8614],[18.5006,2.9672],[18.5239,3.0239],[18.5183,3.0344],[18.5302,3.0651],[18.542,3.0695],[18.5608,3.1008],[18.5847,3.1057],[18.6359,3.2099],[18.6502,3.222],[18.6343,3.3733],[18.6381,3.426],[18.6234,3.4958],[18.6073,3.5214],[18.6041,3.6102],[18.6415,3.606],[18.6503,3.6124],[18.6464,3.6186],[18.656,3.6153],[18.6648,3.6309],[18.6803,3.6365],[18.7957,3.6521],[18.822,3.5878],[18.8676,3.5887],[18.889,3.5965],[18.9072,3.5811],[18.9341,3.595],[18.9693,3.5991],[19.0306,3.5553],[19.0851,3.4809],[19.1167,3.4584],[19.1456,3.4066]]]}},{"type":"Feature","properties":{"zone":"","label":"Mbaya","province":"sud_ubangi","zscode":"BWravV88qKy"},"geometry":{"type":"Polygon","coordinates":[[[20.32,2.9212],[20.3479,2.9161],[20.3701,2.8931],[20.3457,2.8568],[20.358,2.8174],[20.3492,2.7824],[20.3208,2.7318],[20.2519,2.7207],[20.2679,2.7012],[20.2776,2.6622],[20.3061,2.6441],[20.3133,2.6241],[20.3363,2.6198],[20.3663,2.6326],[20.418,2.6252],[20.4369,2.5534],[20.4362,2.5003],[20.4237,2.474],[20.4248,2.4579],[20.4386,2.435],[20.4247,2.421],[20.3973,2.4327],[20.3787,2.4215],[20.3698,2.4336],[20.3585,2.4346],[20.3369,2.4165],[20.3141,2.4224],[20.2995,2.417],[20.2883,2.4025],[20.2709,2.4223],[20.2524,2.4146],[20.2473,2.3934],[20.2293,2.4082],[20.1929,2.3857],[20.1882,2.4036],[20.205,2.4244],[20.2056,2.4498],[20.2385,2.4473],[20.2517,2.4602],[20.2115,2.4833],[20.2117,2.5097],[20.19,2.5628],[20.1834,2.5951],[20.1957,2.6164],[20.1943,2.6358],[20.1845,2.6444],[20.1891,2.6498],[20.1787,2.6856],[20.1919,2.7186],[20.163,2.7224],[20.1411,2.7508],[20.1114,2.7698],[20.1285,2.8252],[20.1377,2.8279],[20.1422,2.8943],[20.1405,2.9207],[20.1222,2.9331],[20.139,2.9307],[20.1409,2.9455],[20.1659,2.9512],[20.2072,2.8911],[20.2348,2.9014],[20.278,2.8958],[20.32,2.9212]]]}},{"type":"Feature","properties":{"zone":"","label":"Ndage","province":"sud_ubangi","zscode":"GMlNzqj2WDG"},"geometry":{"type":"Polygon","coordinates":[[[20.7191,3.1704],[20.7105,3.1275],[20.722,3.117],[20.7025,3.0842],[20.7123,3.0716],[20.7048,3.0686],[20.6968,3.0785],[20.6922,3.0731],[20.713,3.0403],[20.7086,3.0263],[20.7177,3.0231],[20.7179,3.0091],[20.7257,3.0042],[20.7099,2.9971],[20.7156,2.9634],[20.7063,2.9508],[20.7322,2.9407],[20.7191,2.9219],[20.737,2.9063],[20.7256,2.8844],[20.7486,2.8781],[20.7459,2.8571],[20.7564,2.8467],[20.7486,2.8405],[20.7515,2.833],[20.781,2.8216],[20.7842,2.7873],[20.7785,2.7743],[20.7879,2.7396],[20.8081,2.7264],[20.8201,2.688],[20.8573,2.6584],[20.8991,2.6062],[20.9061,2.5729],[20.8669,2.5072],[20.8568,2.497],[20.8422,2.4997],[20.819,2.4803],[20.8075,2.4438],[20.7833,2.4462],[20.7792,2.4228],[20.7628,2.4302],[20.7484,2.4137],[20.7385,2.4143],[20.7252,2.4468],[20.7026,2.4409],[20.6946,2.4218],[20.6675,2.4126],[20.6586,2.4189],[20.6597,2.4405],[20.653,2.4421],[20.6298,2.4381],[20.6282,2.4267],[20.6111,2.4278],[20.5683,2.4008],[20.5636,2.4228],[20.5449,2.4052],[20.5288,2.421],[20.5055,2.3943],[20.4973,2.4015],[20.5027,2.42],[20.4859,2.4351],[20.4464,2.4311],[20.4265,2.448],[20.4236,2.4733],[20.4362,2.5003],[20.4369,2.5534],[20.418,2.6252],[20.3663,2.6326],[20.3363,2.6198],[20.3133,2.6241],[20.3061,2.6441],[20.2776,2.6622],[20.2679,2.7012],[20.2519,2.7207],[20.3208,2.7318],[20.3321,2.7441],[20.358,2.8172],[20.3457,2.8568],[20.3701,2.8931],[20.3691,2.8729],[20.4111,2.8672],[20.4165,2.8533],[20.444,2.8824],[20.4693,2.8742],[20.4725,2.8591],[20.4939,2.8614],[20.5175,2.8533],[20.5518,2.8928],[20.5746,2.8908],[20.5979,2.9055],[20.6014,2.9289],[20.5676,2.9794],[20.5799,2.9941],[20.5734,3.0049],[20.576,3.0264],[20.6099,3.0654],[20.5982,3.0928],[20.6691,3.1248],[20.67,3.1343],[20.7073,3.1696],[20.7191,3.1704]]]}},{"type":"Feature","properties":{"zone":"","label":"Tandala","province":"sud_ubangi","zscode":"nX75O17I2sY"},"geometry":{"type":"Polygon","coordinates":[[[19.6895,2.8105],[19.6587,2.8177],[19.6379,2.8439],[19.6009,2.8398],[19.5612,2.8231],[19.5309,2.8481],[19.4934,2.8413],[19.4702,2.8279],[19.4533,2.8059],[19.4214,2.8162],[19.3855,2.7879],[19.3482,2.7822],[19.3354,2.7922],[19.3293,2.7858],[19.2869,2.7885],[19.2781,2.8161],[19.2602,2.8177],[19.2519,2.8485],[19.2407,2.8607],[19.2485,2.8797],[19.2303,2.8861],[19.2443,2.8914],[19.2851,2.8721],[19.3137,2.8756],[19.322,2.9214],[19.2789,2.9813],[19.2363,2.9939],[19.2167,3.0508],[19.2357,3.0659],[19.2877,3.0724],[19.3558,3.0989],[19.4187,3.0922],[19.4123,3.1573],[19.4579,3.184],[19.4683,3.1794],[19.4767,3.1878],[19.4923,3.1774],[19.497,3.1583],[19.539,3.1565],[19.5513,3.134],[19.5921,3.1119],[19.6016,3.1166],[19.6193,3.1083],[19.6358,3.1366],[19.6973,3.1827],[19.7189,3.1916],[19.7438,3.1817],[19.7747,3.1899],[19.7916,3.1681],[19.7608,3.1391],[19.7866,3.131],[19.7969,3.1177],[19.7934,3.0941],[19.7755,3.0746],[19.7851,3.0446],[19.7796,3.0385],[19.7681,3.0463],[19.7682,3.0385],[19.7783,3.0351],[19.7787,3.0083],[19.7691,2.9982],[19.7875,2.9829],[19.7968,2.962],[19.8116,2.9642],[19.8253,2.9418],[19.8209,2.9349],[19.8071,2.9377],[19.8055,2.9505],[19.7871,2.9465],[19.7733,2.9549],[19.7486,2.9402],[19.7546,2.919],[19.7712,2.9168],[19.7777,2.9232],[19.784,2.9106],[19.8015,2.9032],[19.7972,2.8769],[19.7918,2.8741],[19.7756,2.8921],[19.7576,2.8825],[19.7478,2.8727],[19.7625,2.8711],[19.7674,2.8605],[19.749,2.8494],[19.7017,2.8659],[19.6895,2.8105]]]}},{"type":"Feature","properties":{"zone":"","label":"Zongo","province":"sud_ubangi","zscode":"QNFYEQrW7Dy"},"geometry":{"type":"Polygon","coordinates":[[[18.7178,4.3693],[18.7264,4.3479],[18.7437,4.3341],[18.7769,4.3191],[18.8522,4.3058],[18.8912,4.2443],[18.9119,4.2323],[18.9298,4.2112],[18.9276,4.2013],[18.9541,4.1735],[18.8661,4.124],[18.823,4.135],[18.8088,4.1252],[18.7987,4.1271],[18.7914,4.1307],[18.7951,4.1368],[18.8099,4.1402],[18.7969,4.1497],[18.7744,4.1355],[18.7414,4.1293],[18.7186,4.1341],[18.7111,4.1084],[18.7225,4.0859],[18.6872,4.0332],[18.695,4.0195],[18.656,4.0084],[18.63,4.1132],[18.594,4.2097],[18.5542,4.2804],[18.5447,4.3211],[18.6011,4.3709],[18.6236,4.3559],[18.7178,4.3693]]]}}]}
