sitrep,report_date,onset_date,confirmed_alive,confirmed_dead,confirmed_total
059,2026-07-12,2026-04-24,0,1,1
059,2026-07-12,2026-04-25,0,0,0
059,2026-07-12,2026-04-26,0,0,0
059,2026-07-12,2026-04-27,0,0,0
059,2026-07-12,2026-04-28,0,1,1
059,2026-07-12,2026-04-29,0,0,0
059,2026-07-12,2026-04-30,0,2,2
059,2026-07-12,2026-05-01,1,0,1
059,2026-07-12,2026-05-02,3,3,6
059,2026-07-12,2026-05-03,2,2,4
059,2026-07-12,2026-05-04,0,0,0
059,2026-07-12,2026-05-05,4,4,8
059,2026-07-12,2026-05-06,2,0,2
059,2026-07-12,2026-05-07,2,0,2
059,2026-07-12,2026-05-08,1,2,3
059,2026-07-12,2026-05-09,1,1,2
059,2026-07-12,2026-05-10,6,1,7
059,2026-07-12,2026-05-11,3,0,3
059,2026-07-12,2026-05-12,3,0,3
059,2026-07-12,2026-05-13,6,3,9
059,2026-07-12,2026-05-14,8,2,10
059,2026-07-12,2026-05-15,18,7,25
059,2026-07-12,2026-05-16,26,5,31
059,2026-07-12,2026-05-17,17,2,19
059,2026-07-12,2026-05-18,22,6,28
059,2026-07-12,2026-05-19,21,4,25
059,2026-07-12,2026-05-20,14,3,17
059,2026-07-12,2026-05-21,12,9,21
059,2026-07-12,2026-05-22,20,3,23
059,2026-07-12,2026-05-23,14,5,19
059,2026-07-12,2026-05-24,12,7,19
059,2026-07-12,2026-05-25,11,7,18
059,2026-07-12,2026-05-26,16,2,18
059,2026-07-12,2026-05-27,20,6,26
059,2026-07-12,2026-05-28,24,4,28
059,2026-07-12,2026-05-29,16,9,25
059,2026-07-12,2026-05-30,31,11,42
059,2026-07-12,2026-05-31,19,10,29
059,2026-07-12,2026-06-01,32,19,51
059,2026-07-12,2026-06-02,30,12,42
059,2026-07-12,2026-06-03,20,7,27
059,2026-07-12,2026-06-04,16,4,20
059,2026-07-12,2026-06-05,9,6,15
059,2026-07-12,2026-06-06,28,6,34
059,2026-07-12,2026-06-07,25,6,31
059,2026-07-12,2026-06-08,34,14,48
059,2026-07-12,2026-06-09,21,12,33
059,2026-07-12,2026-06-10,22,14,36
059,2026-07-12,2026-06-11,26,10,36
059,2026-07-12,2026-06-12,32,8,40
059,2026-07-12,2026-06-13,26,8,34
059,2026-07-12,2026-06-14,36,8,44
059,2026-07-12,2026-06-15,34,11,45
059,2026-07-12,2026-06-16,25,14,39
059,2026-07-12,2026-06-17,36,7,43
059,2026-07-12,2026-06-18,33,10,43
059,2026-07-12,2026-06-19,30,8,38
059,2026-07-12,2026-06-20,32,14,46
059,2026-07-12,2026-06-21,33,9,42
059,2026-07-12,2026-06-22,29,7,36
059,2026-07-12,2026-06-23,28,5,33
059,2026-07-12,2026-06-24,27,9,36
059,2026-07-12,2026-06-25,33,10,43
059,2026-07-12,2026-06-26,20,13,33
059,2026-07-12,2026-06-27,21,11,32
059,2026-07-12,2026-06-28,21,11,32
059,2026-07-12,2026-06-29,25,8,33
059,2026-07-12,2026-06-30,22,12,34
059,2026-07-12,2026-07-01,34,13,47
059,2026-07-12,2026-07-02,24,12,36
059,2026-07-12,2026-07-03,23,5,28
059,2026-07-12,2026-07-04,23,9,32
059,2026-07-12,2026-07-05,17,4,21
059,2026-07-12,2026-07-06,16,8,24
059,2026-07-12,2026-07-07,12,5,17
059,2026-07-12,2026-07-08,10,6,16
059,2026-07-12,2026-07-09,9,2,11
059,2026-07-12,2026-07-10,2,2,4
059,2026-07-12,2026-07-11,4,1,5
060,2026-07-13,2026-04-24,0,1,1
060,2026-07-13,2026-04-28,0,1,1
060,2026-07-13,2026-04-30,0,2,2
060,2026-07-13,2026-05-01,1,0,1
060,2026-07-13,2026-05-02,3,3,6
060,2026-07-13,2026-05-03,2,2,4
060,2026-07-13,2026-05-05,4,4,8
060,2026-07-13,2026-05-06,2,0,2
060,2026-07-13,2026-05-07,2,0,2
060,2026-07-13,2026-05-08,1,2,3
060,2026-07-13,2026-05-09,1,1,2
060,2026-07-13,2026-05-10,6,1,7
060,2026-07-13,2026-05-11,3,0,3
060,2026-07-13,2026-05-12,3,0,3
060,2026-07-13,2026-05-13,6,3,9
060,2026-07-13,2026-05-14,8,2,10
060,2026-07-13,2026-05-15,18,7,25
060,2026-07-13,2026-05-16,26,5,31
060,2026-07-13,2026-05-17,17,2,19
060,2026-07-13,2026-05-18,22,6,28
060,2026-07-13,2026-05-19,21,4,25
060,2026-07-13,2026-05-20,14,3,17
060,2026-07-13,2026-05-21,12,9,21
060,2026-07-13,2026-05-22,20,3,23
060,2026-07-13,2026-05-23,14,5,19
060,2026-07-13,2026-05-24,12,7,19
060,2026-07-13,2026-05-25,11,7,18
060,2026-07-13,2026-05-26,16,2,18
060,2026-07-13,2026-05-27,20,6,26
060,2026-07-13,2026-05-28,24,4,28
060,2026-07-13,2026-05-29,16,9,25
060,2026-07-13,2026-05-30,31,11,42
060,2026-07-13,2026-05-31,19,10,29
060,2026-07-13,2026-06-01,32,19,51
060,2026-07-13,2026-06-02,30,12,42
060,2026-07-13,2026-06-03,20,7,27
060,2026-07-13,2026-06-04,16,4,20
060,2026-07-13,2026-06-05,9,6,15
060,2026-07-13,2026-06-06,28,6,34
060,2026-07-13,2026-06-07,25,6,31
060,2026-07-13,2026-06-08,34,14,48
060,2026-07-13,2026-06-09,21,12,33
060,2026-07-13,2026-06-10,22,14,36
060,2026-07-13,2026-06-11,26,10,36
060,2026-07-13,2026-06-12,32,8,40
060,2026-07-13,2026-06-13,26,8,34
060,2026-07-13,2026-06-14,36,8,44
060,2026-07-13,2026-06-15,34,11,45
060,2026-07-13,2026-06-16,25,14,39
060,2026-07-13,2026-06-17,36,7,43
060,2026-07-13,2026-06-18,33,10,43
060,2026-07-13,2026-06-19,30,8,38
060,2026-07-13,2026-06-20,32,14,46
060,2026-07-13,2026-06-21,33,9,42
060,2026-07-13,2026-06-22,29,7,36
060,2026-07-13,2026-06-23,28,5,33
060,2026-07-13,2026-06-24,27,9,36
060,2026-07-13,2026-06-25,33,10,43
060,2026-07-13,2026-06-26,20,13,33
060,2026-07-13,2026-06-27,21,11,32
060,2026-07-13,2026-06-28,21,11,32
060,2026-07-13,2026-06-29,25,8,33
060,2026-07-13,2026-06-30,22,12,34
060,2026-07-13,2026-07-01,34,13,47
060,2026-07-13,2026-07-02,24,12,36
060,2026-07-13,2026-07-03,23,5,28
060,2026-07-13,2026-07-04,23,9,32
060,2026-07-13,2026-07-05,17,4,21
060,2026-07-13,2026-07-06,16,8,24
060,2026-07-13,2026-07-07,12,5,17
060,2026-07-13,2026-07-08,10,6,16
060,2026-07-13,2026-07-09,9,2,11
060,2026-07-13,2026-07-10,2,2,4
060,2026-07-13,2026-07-11,4,1,5
061,2026-07-14,2026-04-24,0,1,1
061,2026-07-14,2026-04-28,0,1,1
061,2026-07-14,2026-04-30,0,2,2
061,2026-07-14,2026-05-01,1,0,1
061,2026-07-14,2026-05-02,3,3,6
061,2026-07-14,2026-05-03,2,2,4
061,2026-07-14,2026-05-05,4,4,8
061,2026-07-14,2026-05-06,2,0,2
061,2026-07-14,2026-05-07,2,0,2
061,2026-07-14,2026-05-08,1,2,3
061,2026-07-14,2026-05-09,1,1,2
061,2026-07-14,2026-05-10,6,1,7
061,2026-07-14,2026-05-11,3,0,3
061,2026-07-14,2026-05-12,3,0,3
061,2026-07-14,2026-05-13,6,3,9
061,2026-07-14,2026-05-14,8,2,10
061,2026-07-14,2026-05-15,18,7,25
061,2026-07-14,2026-05-16,26,5,31
061,2026-07-14,2026-05-17,17,2,19
061,2026-07-14,2026-05-18,22,7,29
061,2026-07-14,2026-05-19,21,4,25
061,2026-07-14,2026-05-20,14,3,17
061,2026-07-14,2026-05-21,12,9,21
061,2026-07-14,2026-05-22,20,3,23
061,2026-07-14,2026-05-23,14,5,19
061,2026-07-14,2026-05-24,12,7,19
061,2026-07-14,2026-05-25,11,7,18
061,2026-07-14,2026-05-26,16,2,18
061,2026-07-14,2026-05-27,20,6,26
061,2026-07-14,2026-05-28,24,4,28
061,2026-07-14,2026-05-29,16,9,25
061,2026-07-14,2026-05-30,31,11,42
061,2026-07-14,2026-05-31,19,10,29
061,2026-07-14,2026-06-01,33,19,52
061,2026-07-14,2026-06-02,30,12,42
061,2026-07-14,2026-06-03,20,7,27
061,2026-07-14,2026-06-04,17,4,21
061,2026-07-14,2026-06-05,9,6,15
061,2026-07-14,2026-06-06,29,6,35
061,2026-07-14,2026-06-07,25,6,31
061,2026-07-14,2026-06-08,34,14,48
061,2026-07-14,2026-06-09,21,12,33
061,2026-07-14,2026-06-10,22,14,36
061,2026-07-14,2026-06-11,26,10,36
061,2026-07-14,2026-06-12,32,8,40
061,2026-07-14,2026-06-13,26,9,35
061,2026-07-14,2026-06-14,36,9,45
061,2026-07-14,2026-06-15,34,11,45
061,2026-07-14,2026-06-16,25,14,39
061,2026-07-14,2026-06-17,36,7,43
061,2026-07-14,2026-06-18,33,10,43
061,2026-07-14,2026-06-19,30,8,38
061,2026-07-14,2026-06-20,33,17,50
061,2026-07-14,2026-06-21,35,12,47
061,2026-07-14,2026-06-22,29,7,36
061,2026-07-14,2026-06-23,28,5,33
061,2026-07-14,2026-06-24,27,10,37
061,2026-07-14,2026-06-25,33,11,44
061,2026-07-14,2026-06-26,20,14,34
061,2026-07-14,2026-06-27,22,12,34
061,2026-07-14,2026-06-28,23,12,35
061,2026-07-14,2026-06-29,27,8,35
061,2026-07-14,2026-06-30,27,16,43
061,2026-07-14,2026-07-01,37,14,51
061,2026-07-14,2026-07-02,30,12,42
061,2026-07-14,2026-07-03,25,6,31
061,2026-07-14,2026-07-04,29,10,39
061,2026-07-14,2026-07-05,19,5,24
061,2026-07-14,2026-07-06,19,8,27
061,2026-07-14,2026-07-07,15,5,20
061,2026-07-14,2026-07-08,13,6,19
061,2026-07-14,2026-07-09,14,2,16
061,2026-07-14,2026-07-10,5,4,9
061,2026-07-14,2026-07-11,5,1,6
061,2026-07-14,2026-07-12,1,0,1
061,2026-07-14,2026-07-13,1,1,2
062,2026-07-15,2026-04-24,0,1,1
062,2026-07-15,2026-04-28,0,1,1
062,2026-07-15,2026-04-30,0,2,2
062,2026-07-15,2026-05-01,1,0,1
062,2026-07-15,2026-05-02,3,3,6
062,2026-07-15,2026-05-03,2,2,4
062,2026-07-15,2026-05-05,4,4,8
062,2026-07-15,2026-05-06,2,0,2
062,2026-07-15,2026-05-07,2,0,2
062,2026-07-15,2026-05-08,1,2,3
062,2026-07-15,2026-05-09,1,1,2
062,2026-07-15,2026-05-10,6,1,7
062,2026-07-15,2026-05-11,3,0,3
062,2026-07-15,2026-05-12,3,0,3
062,2026-07-15,2026-05-13,6,3,9
062,2026-07-15,2026-05-14,8,2,10
062,2026-07-15,2026-05-15,18,7,25
062,2026-07-15,2026-05-16,26,5,31
062,2026-07-15,2026-05-17,17,2,19
062,2026-07-15,2026-05-18,22,7,29
062,2026-07-15,2026-05-19,21,4,25
062,2026-07-15,2026-05-20,14,3,17
062,2026-07-15,2026-05-21,12,9,21
062,2026-07-15,2026-05-22,20,3,23
062,2026-07-15,2026-05-23,14,5,19
062,2026-07-15,2026-05-24,12,7,19
062,2026-07-15,2026-05-25,11,7,18
062,2026-07-15,2026-05-26,16,2,18
062,2026-07-15,2026-05-27,20,6,26
062,2026-07-15,2026-05-28,24,4,28
062,2026-07-15,2026-05-29,16,9,25
062,2026-07-15,2026-05-30,31,11,42
062,2026-07-15,2026-05-31,19,10,29
062,2026-07-15,2026-06-01,33,19,52
062,2026-07-15,2026-06-02,30,12,42
062,2026-07-15,2026-06-03,20,7,27
062,2026-07-15,2026-06-04,17,4,21
062,2026-07-15,2026-06-05,9,6,15
062,2026-07-15,2026-06-06,29,6,35
062,2026-07-15,2026-06-07,25,6,31
062,2026-07-15,2026-06-08,34,14,48
062,2026-07-15,2026-06-09,21,12,33
062,2026-07-15,2026-06-10,22,14,36
062,2026-07-15,2026-06-11,26,10,36
062,2026-07-15,2026-06-12,32,8,40
062,2026-07-15,2026-06-13,26,9,35
062,2026-07-15,2026-06-14,36,9,45
062,2026-07-15,2026-06-15,34,11,45
062,2026-07-15,2026-06-16,25,14,39
062,2026-07-15,2026-06-17,36,7,43
062,2026-07-15,2026-06-18,33,10,43
062,2026-07-15,2026-06-19,30,8,38
062,2026-07-15,2026-06-20,33,17,50
062,2026-07-15,2026-06-21,35,12,47
062,2026-07-15,2026-06-22,29,7,36
062,2026-07-15,2026-06-23,28,5,33
062,2026-07-15,2026-06-24,27,10,37
062,2026-07-15,2026-06-25,33,11,44
062,2026-07-15,2026-06-26,20,14,34
062,2026-07-15,2026-06-27,22,12,34
062,2026-07-15,2026-06-28,23,12,35
062,2026-07-15,2026-06-29,27,8,35
062,2026-07-15,2026-06-30,27,16,43
062,2026-07-15,2026-07-01,37,14,51
062,2026-07-15,2026-07-02,30,12,42
062,2026-07-15,2026-07-03,25,6,31
062,2026-07-15,2026-07-04,29,10,39
062,2026-07-15,2026-07-05,19,5,24
062,2026-07-15,2026-07-06,19,8,27
062,2026-07-15,2026-07-07,15,5,20
062,2026-07-15,2026-07-08,13,6,19
062,2026-07-15,2026-07-09,14,2,16
062,2026-07-15,2026-07-10,5,4,9
062,2026-07-15,2026-07-11,5,1,6
062,2026-07-15,2026-07-12,1,0,1
062,2026-07-15,2026-07-13,1,1,2
064,2026-07-17,2026-04-24,0,1,1
064,2026-07-17,2026-04-28,0,1,1
064,2026-07-17,2026-04-30,0,2,2
064,2026-07-17,2026-05-01,1,0,1
064,2026-07-17,2026-05-02,3,3,6
064,2026-07-17,2026-05-03,2,2,4
064,2026-07-17,2026-05-05,4,4,8
064,2026-07-17,2026-05-06,2,0,2
064,2026-07-17,2026-05-07,2,0,2
064,2026-07-17,2026-05-08,1,2,3
064,2026-07-17,2026-05-09,1,1,2
064,2026-07-17,2026-05-10,6,1,7
064,2026-07-17,2026-05-11,3,0,3
064,2026-07-17,2026-05-12,3,0,3
064,2026-07-17,2026-05-13,6,3,9
064,2026-07-17,2026-05-14,3,8,11
064,2026-07-17,2026-05-15,18,7,25
064,2026-07-17,2026-05-16,26,5,31
064,2026-07-17,2026-05-17,17,2,19
064,2026-07-17,2026-05-18,22,7,29
064,2026-07-17,2026-05-19,22,4,26
064,2026-07-17,2026-05-20,13,3,16
064,2026-07-17,2026-05-21,12,9,21
064,2026-07-17,2026-05-22,19,3,22
064,2026-07-17,2026-05-23,14,5,19
064,2026-07-17,2026-05-24,12,7,19
064,2026-07-17,2026-05-25,11,7,18
064,2026-07-17,2026-05-26,16,2,18
064,2026-07-17,2026-05-27,20,6,26
064,2026-07-17,2026-05-28,24,4,28
064,2026-07-17,2026-05-29,16,9,25
064,2026-07-17,2026-05-30,31,11,42
064,2026-07-17,2026-05-31,17,10,27
064,2026-07-17,2026-06-01,32,18,50
064,2026-07-17,2026-06-02,30,12,42
064,2026-07-17,2026-06-03,20,7,27
064,2026-07-17,2026-06-04,17,4,21
064,2026-07-17,2026-06-05,9,6,15
064,2026-07-17,2026-06-06,29,6,35
064,2026-07-17,2026-06-07,25,6,31
064,2026-07-17,2026-06-08,34,15,49
064,2026-07-17,2026-06-09,21,12,33
064,2026-07-17,2026-06-10,23,14,37
064,2026-07-17,2026-06-11,27,10,37
064,2026-07-17,2026-06-12,32,8,40
064,2026-07-17,2026-06-13,26,9,35
064,2026-07-17,2026-06-14,37,9,46
064,2026-07-17,2026-06-15,34,11,45
064,2026-07-17,2026-06-16,25,14,39
064,2026-07-17,2026-06-17,38,7,45
064,2026-07-17,2026-06-18,33,10,43
064,2026-07-17,2026-06-19,30,8,38
064,2026-07-17,2026-06-20,33,18,51
064,2026-07-17,2026-06-21,35,13,48
064,2026-07-17,2026-06-22,29,7,36
064,2026-07-17,2026-06-23,28,5,33
064,2026-07-17,2026-06-24,27,11,38
064,2026-07-17,2026-06-25,34,11,45
064,2026-07-17,2026-06-26,20,14,34
064,2026-07-17,2026-06-27,22,12,34
064,2026-07-17,2026-06-28,25,13,38
064,2026-07-17,2026-06-29,27,8,35
064,2026-07-17,2026-06-30,27,16,43
064,2026-07-17,2026-07-01,42,15,57
064,2026-07-17,2026-07-02,32,12,44
064,2026-07-17,2026-07-03,27,8,35
064,2026-07-17,2026-07-04,33,11,44
064,2026-07-17,2026-07-05,23,10,33
064,2026-07-17,2026-07-06,23,9,32
064,2026-07-17,2026-07-07,20,8,28
064,2026-07-17,2026-07-08,27,8,35
064,2026-07-17,2026-07-09,26,4,30
064,2026-07-17,2026-07-10,21,6,27
064,2026-07-17,2026-07-11,19,3,22
064,2026-07-17,2026-07-12,6,9,15
064,2026-07-17,2026-07-13,10,6,16
064,2026-07-17,2026-07-14,4,2,6
064,2026-07-17,2026-07-15,9,6,15
064,2026-07-17,2026-07-16,3,3,6
064,2026-07-17,2026-07-17,0,1,1
065,2026-07-18,2026-04-24,0,1,1
065,2026-07-18,2026-04-25,0,0,0
065,2026-07-18,2026-04-26,0,0,0
065,2026-07-18,2026-04-27,0,0,0
065,2026-07-18,2026-04-28,0,1,1
065,2026-07-18,2026-04-29,0,0,0
065,2026-07-18,2026-04-30,0,2,2
065,2026-07-18,2026-05-01,1,0,1
065,2026-07-18,2026-05-02,3,3,6
065,2026-07-18,2026-05-03,2,2,4
065,2026-07-18,2026-05-04,0,0,0
065,2026-07-18,2026-05-05,4,4,8
065,2026-07-18,2026-05-06,2,0,2
065,2026-07-18,2026-05-07,2,0,2
065,2026-07-18,2026-05-08,1,2,3
065,2026-07-18,2026-05-09,1,1,2
065,2026-07-18,2026-05-10,6,1,7
065,2026-07-18,2026-05-11,3,0,3
065,2026-07-18,2026-05-12,3,0,3
065,2026-07-18,2026-05-13,6,3,9
065,2026-07-18,2026-05-14,4,7,11
065,2026-07-18,2026-05-15,18,7,25
065,2026-07-18,2026-05-16,26,5,31
065,2026-07-18,2026-05-17,17,2,19
065,2026-07-18,2026-05-18,22,7,29
065,2026-07-18,2026-05-19,22,4,26
065,2026-07-18,2026-05-20,13,3,16
065,2026-07-18,2026-05-21,12,9,21
065,2026-07-18,2026-05-22,19,3,22
065,2026-07-18,2026-05-23,14,5,19
065,2026-07-18,2026-05-24,12,7,19
065,2026-07-18,2026-05-25,11,7,18
065,2026-07-18,2026-05-26,16,2,18
065,2026-07-18,2026-05-27,19,6,25
065,2026-07-18,2026-05-28,24,4,28
065,2026-07-18,2026-05-29,16,9,25
065,2026-07-18,2026-05-30,31,11,42
065,2026-07-18,2026-05-31,17,10,27
065,2026-07-18,2026-06-01,31,18,49
065,2026-07-18,2026-06-02,29,12,41
065,2026-07-18,2026-06-03,20,7,27
065,2026-07-18,2026-06-04,17,4,21
065,2026-07-18,2026-06-05,9,6,15
065,2026-07-18,2026-06-06,29,6,35
065,2026-07-18,2026-06-07,25,6,31
065,2026-07-18,2026-06-08,34,15,49
065,2026-07-18,2026-06-09,21,12,33
065,2026-07-18,2026-06-10,23,14,37
065,2026-07-18,2026-06-11,27,10,37
065,2026-07-18,2026-06-12,32,8,40
065,2026-07-18,2026-06-13,26,9,35
065,2026-07-18,2026-06-14,37,9,46
065,2026-07-18,2026-06-15,34,11,45
065,2026-07-18,2026-06-16,25,14,39
065,2026-07-18,2026-06-17,38,7,45
065,2026-07-18,2026-06-18,33,10,43
065,2026-07-18,2026-06-19,30,8,38
065,2026-07-18,2026-06-20,33,18,51
065,2026-07-18,2026-06-21,35,13,48
065,2026-07-18,2026-06-22,30,7,37
065,2026-07-18,2026-06-23,28,5,33
065,2026-07-18,2026-06-24,26,11,37
065,2026-07-18,2026-06-25,34,11,45
065,2026-07-18,2026-06-26,20,14,34
065,2026-07-18,2026-06-27,22,12,34
065,2026-07-18,2026-06-28,25,13,38
065,2026-07-18,2026-06-29,27,8,35
065,2026-07-18,2026-06-30,27,16,43
065,2026-07-18,2026-07-01,42,15,57
065,2026-07-18,2026-07-02,31,13,44
065,2026-07-18,2026-07-03,27,8,35
065,2026-07-18,2026-07-04,33,11,44
065,2026-07-18,2026-07-05,23,10,33
065,2026-07-18,2026-07-06,23,9,32
065,2026-07-18,2026-07-07,21,8,29
065,2026-07-18,2026-07-08,27,8,35
065,2026-07-18,2026-07-09,27,4,31
065,2026-07-18,2026-07-10,25,8,33
065,2026-07-18,2026-07-11,20,3,23
065,2026-07-18,2026-07-12,9,9,18
065,2026-07-18,2026-07-13,13,6,19
065,2026-07-18,2026-07-14,13,3,16
065,2026-07-18,2026-07-15,12,4,16
065,2026-07-18,2026-07-16,4,3,7
065,2026-07-18,2026-07-17,2,1,3
066,2026-07-19,2026-04-24,0,1,1
066,2026-07-19,2026-04-28,0,1,1
066,2026-07-19,2026-04-30,0,2,2
066,2026-07-19,2026-05-01,1,0,1
066,2026-07-19,2026-05-02,3,3,6
066,2026-07-19,2026-05-03,2,2,4
066,2026-07-19,2026-05-05,4,4,8
066,2026-07-19,2026-05-06,2,0,2
066,2026-07-19,2026-05-07,2,0,2
066,2026-07-19,2026-05-08,1,2,3
066,2026-07-19,2026-05-09,1,1,2
066,2026-07-19,2026-05-10,6,1,7
066,2026-07-19,2026-05-11,3,0,3
066,2026-07-19,2026-05-12,3,0,3
066,2026-07-19,2026-05-13,6,3,9
066,2026-07-19,2026-05-14,4,6,10
066,2026-07-19,2026-05-15,18,7,25
066,2026-07-19,2026-05-16,25,5,30
066,2026-07-19,2026-05-17,17,2,19
066,2026-07-19,2026-05-18,22,7,29
066,2026-07-19,2026-05-19,22,4,26
066,2026-07-19,2026-05-20,13,3,16
066,2026-07-19,2026-05-21,12,9,21
066,2026-07-19,2026-05-22,19,3,22
066,2026-07-19,2026-05-23,14,5,19
066,2026-07-19,2026-05-24,12,7,19
066,2026-07-19,2026-05-25,11,7,18
066,2026-07-19,2026-05-26,17,2,19
066,2026-07-19,2026-05-27,19,6,25
066,2026-07-19,2026-05-28,23,4,27
066,2026-07-19,2026-05-29,16,9,25
066,2026-07-19,2026-05-30,29,11,40
066,2026-07-19,2026-05-31,17,10,27
066,2026-07-19,2026-06-01,31,18,49
066,2026-07-19,2026-06-02,29,12,41
066,2026-07-19,2026-06-03,20,8,28
066,2026-07-19,2026-06-04,17,4,21
066,2026-07-19,2026-06-05,9,5,14
066,2026-07-19,2026-06-06,29,6,35
066,2026-07-19,2026-06-07,25,6,31
066,2026-07-19,2026-06-08,34,15,49
066,2026-07-19,2026-06-09,21,12,33
066,2026-07-19,2026-06-10,22,14,36
066,2026-07-19,2026-06-11,27,10,37
066,2026-07-19,2026-06-12,31,9,40
066,2026-07-19,2026-06-13,26,9,35
066,2026-07-19,2026-06-14,37,11,48
066,2026-07-19,2026-06-15,34,11,45
066,2026-07-19,2026-06-16,25,14,39
066,2026-07-19,2026-06-17,38,7,45
066,2026-07-19,2026-06-18,33,10,43
066,2026-07-19,2026-06-19,31,8,39
066,2026-07-19,2026-06-20,33,18,51
066,2026-07-19,2026-06-21,33,12,45
066,2026-07-19,2026-06-22,28,8,36
066,2026-07-19,2026-06-23,28,5,33
066,2026-07-19,2026-06-24,25,11,36
066,2026-07-19,2026-06-25,34,12,46
066,2026-07-19,2026-06-26,21,15,36
066,2026-07-19,2026-06-27,24,12,36
066,2026-07-19,2026-06-28,27,15,42
066,2026-07-19,2026-06-29,26,8,34
066,2026-07-19,2026-06-30,27,17,44
066,2026-07-19,2026-07-01,44,15,59
066,2026-07-19,2026-07-02,31,14,45
066,2026-07-19,2026-07-03,29,8,37
066,2026-07-19,2026-07-04,34,13,47
066,2026-07-19,2026-07-05,23,10,33
066,2026-07-19,2026-07-06,23,10,33
066,2026-07-19,2026-07-07,21,10,31
066,2026-07-19,2026-07-08,26,10,36
066,2026-07-19,2026-07-09,31,5,36
066,2026-07-19,2026-07-10,28,9,37
066,2026-07-19,2026-07-11,24,5,29
066,2026-07-19,2026-07-12,17,9,26
066,2026-07-19,2026-07-13,20,7,27
066,2026-07-19,2026-07-14,16,7,23
066,2026-07-19,2026-07-15,16,7,23
066,2026-07-19,2026-07-16,9,5,14
066,2026-07-19,2026-07-17,5,6,11
066,2026-07-19,2026-07-18,6,3,9
067,2026-07-20,2026-04-24,0,1,1
067,2026-07-20,2026-04-28,0,1,1
067,2026-07-20,2026-04-30,0,2,2
067,2026-07-20,2026-05-01,1,0,1
067,2026-07-20,2026-05-02,3,3,6
067,2026-07-20,2026-05-03,2,2,4
067,2026-07-20,2026-05-05,4,4,8
067,2026-07-20,2026-05-06,2,0,2
067,2026-07-20,2026-05-07,2,0,2
067,2026-07-20,2026-05-08,1,2,3
067,2026-07-20,2026-05-09,1,1,2
067,2026-07-20,2026-05-10,6,1,7
067,2026-07-20,2026-05-11,3,0,3
067,2026-07-20,2026-05-12,3,0,3
067,2026-07-20,2026-05-13,6,3,9
067,2026-07-20,2026-05-14,4,6,10
067,2026-07-20,2026-05-15,17,8,25
067,2026-07-20,2026-05-16,25,5,30
067,2026-07-20,2026-05-17,17,2,19
067,2026-07-20,2026-05-18,22,7,29
067,2026-07-20,2026-05-19,21,5,26
067,2026-07-20,2026-05-20,13,3,16
067,2026-07-20,2026-05-21,12,9,21
067,2026-07-20,2026-05-22,19,3,22
067,2026-07-20,2026-05-23,13,6,19
067,2026-07-20,2026-05-24,12,7,19
067,2026-07-20,2026-05-25,11,7,18
067,2026-07-20,2026-05-26,17,2,19
067,2026-07-20,2026-05-27,19,6,25
067,2026-07-20,2026-05-28,23,4,27
067,2026-07-20,2026-05-29,16,9,25
067,2026-07-20,2026-05-30,29,11,40
067,2026-07-20,2026-05-31,17,10,27
067,2026-07-20,2026-06-01,31,18,49
067,2026-07-20,2026-06-02,29,12,41
067,2026-07-20,2026-06-03,19,9,28
067,2026-07-20,2026-06-04,17,4,21
067,2026-07-20,2026-06-05,9,5,14
067,2026-07-20,2026-06-06,29,6,35
067,2026-07-20,2026-06-07,25,6,31
067,2026-07-20,2026-06-08,33,16,49
067,2026-07-20,2026-06-09,20,14,34
067,2026-07-20,2026-06-10,21,15,36
067,2026-07-20,2026-06-11,26,11,37
067,2026-07-20,2026-06-12,28,12,40
067,2026-07-20,2026-06-13,26,9,35
067,2026-07-20,2026-06-14,35,13,48
067,2026-07-20,2026-06-15,35,11,46
067,2026-07-20,2026-06-16,25,14,39
067,2026-07-20,2026-06-17,37,8,45
067,2026-07-20,2026-06-18,32,11,43
067,2026-07-20,2026-06-19,31,8,39
067,2026-07-20,2026-06-20,33,19,52
067,2026-07-20,2026-06-21,33,13,46
067,2026-07-20,2026-06-22,27,9,36
067,2026-07-20,2026-06-23,29,5,34
067,2026-07-20,2026-06-24,25,11,36
067,2026-07-20,2026-06-25,35,13,48
067,2026-07-20,2026-06-26,20,16,36
067,2026-07-20,2026-06-27,22,14,36
067,2026-07-20,2026-06-28,27,15,42
067,2026-07-20,2026-06-29,26,8,34
067,2026-07-20,2026-06-30,26,18,44
067,2026-07-20,2026-07-01,45,16,61
067,2026-07-20,2026-07-02,32,15,47
067,2026-07-20,2026-07-03,28,10,38
067,2026-07-20,2026-07-04,36,14,50
067,2026-07-20,2026-07-05,22,14,36
067,2026-07-20,2026-07-06,22,11,33
067,2026-07-20,2026-07-07,22,11,33
067,2026-07-20,2026-07-08,26,11,37
067,2026-07-20,2026-07-09,32,7,39
067,2026-07-20,2026-07-10,29,10,39
067,2026-07-20,2026-07-11,28,5,33
067,2026-07-20,2026-07-12,18,9,27
067,2026-07-20,2026-07-13,23,8,31
067,2026-07-20,2026-07-14,21,7,28
067,2026-07-20,2026-07-15,22,7,29
067,2026-07-20,2026-07-16,9,5,14
067,2026-07-20,2026-07-17,5,7,12
067,2026-07-20,2026-07-18,13,5,18
068,2026-07-21,2026-04-24,0,1,1
068,2026-07-21,2026-04-28,0,1,1
068,2026-07-21,2026-04-30,0,2,2
068,2026-07-21,2026-05-01,1,0,1
068,2026-07-21,2026-05-02,3,3,6
068,2026-07-21,2026-05-03,2,2,4
068,2026-07-21,2026-05-05,4,4,8
068,2026-07-21,2026-05-06,2,0,2
068,2026-07-21,2026-05-07,2,0,2
068,2026-07-21,2026-05-08,1,2,3
068,2026-07-21,2026-05-09,1,1,2
068,2026-07-21,2026-05-10,6,1,7
068,2026-07-21,2026-05-11,3,0,3
068,2026-07-21,2026-05-12,3,0,3
068,2026-07-21,2026-05-13,7,3,10
068,2026-07-21,2026-05-14,2,8,10
068,2026-07-21,2026-05-15,18,7,25
068,2026-07-21,2026-05-16,25,5,30
068,2026-07-21,2026-05-17,17,2,19
068,2026-07-21,2026-05-18,22,7,29
068,2026-07-21,2026-05-19,21,5,26
068,2026-07-21,2026-05-20,12,4,16
068,2026-07-21,2026-05-21,12,9,21
068,2026-07-21,2026-05-22,18,4,22
068,2026-07-21,2026-05-23,13,6,19
068,2026-07-21,2026-05-24,12,7,19
068,2026-07-21,2026-05-25,11,7,18
068,2026-07-21,2026-05-26,17,2,19
068,2026-07-21,2026-05-27,19,6,25
068,2026-07-21,2026-05-28,23,4,27
068,2026-07-21,2026-05-29,16,9,25
068,2026-07-21,2026-05-30,29,11,40
068,2026-07-21,2026-05-31,17,10,27
068,2026-07-21,2026-06-01,29,20,49
068,2026-07-21,2026-06-02,27,14,41
068,2026-07-21,2026-06-03,18,10,28
068,2026-07-21,2026-06-04,17,5,22
068,2026-07-21,2026-06-05,8,6,14
068,2026-07-21,2026-06-06,28,7,35
068,2026-07-21,2026-06-07,24,7,31
068,2026-07-21,2026-06-08,32,17,49
068,2026-07-21,2026-06-09,20,14,34
068,2026-07-21,2026-06-10,21,16,37
068,2026-07-21,2026-06-11,27,10,37
068,2026-07-21,2026-06-12,28,12,40
068,2026-07-21,2026-06-13,25,10,35
068,2026-07-21,2026-06-14,32,16,48
068,2026-07-21,2026-06-15,34,12,46
068,2026-07-21,2026-06-16,24,15,39
068,2026-07-21,2026-06-17,35,10,45
068,2026-07-21,2026-06-18,31,12,43
068,2026-07-21,2026-06-19,31,8,39
068,2026-07-21,2026-06-20,33,19,52
068,2026-07-21,2026-06-21,33,13,46
068,2026-07-21,2026-06-22,27,9,36
068,2026-07-21,2026-06-23,27,7,34
068,2026-07-21,2026-06-24,24,12,36
068,2026-07-21,2026-06-25,35,14,49
068,2026-07-21,2026-06-26,20,17,37
068,2026-07-21,2026-06-27,22,15,37
068,2026-07-21,2026-06-28,27,17,44
068,2026-07-21,2026-06-29,26,8,34
068,2026-07-21,2026-06-30,24,20,44
068,2026-07-21,2026-07-01,45,17,62
068,2026-07-21,2026-07-02,32,16,48
068,2026-07-21,2026-07-03,28,12,40
068,2026-07-21,2026-07-04,36,16,52
068,2026-07-21,2026-07-05,23,14,37
068,2026-07-21,2026-07-06,22,12,34
068,2026-07-21,2026-07-07,23,12,35
068,2026-07-21,2026-07-08,27,11,38
068,2026-07-21,2026-07-09,32,7,39
068,2026-07-21,2026-07-10,30,11,41
068,2026-07-21,2026-07-11,30,5,35
068,2026-07-21,2026-07-12,20,9,29
068,2026-07-21,2026-07-13,28,9,37
068,2026-07-21,2026-07-14,25,7,32
068,2026-07-21,2026-07-15,25,9,34
068,2026-07-21,2026-07-16,12,6,18
068,2026-07-21,2026-07-17,10,6,16
068,2026-07-21,2026-07-18,16,7,23
068,2026-07-21,2026-07-19,6,3,9
068,2026-07-21,2026-07-20,9,5,14
069,2026-07-22,2026-04-24,0,1,1
069,2026-07-22,2026-04-28,0,1,1
069,2026-07-22,2026-04-30,0,2,2
069,2026-07-22,2026-05-01,1,0,1
069,2026-07-22,2026-05-02,3,3,6
069,2026-07-22,2026-05-03,2,2,4
069,2026-07-22,2026-05-05,4,4,8
069,2026-07-22,2026-05-06,2,0,2
069,2026-07-22,2026-05-07,2,0,2
069,2026-07-22,2026-05-08,1,2,3
069,2026-07-22,2026-05-09,1,1,2
069,2026-07-22,2026-05-10,6,1,7
069,2026-07-22,2026-05-11,3,0,3
069,2026-07-22,2026-05-12,3,0,3
069,2026-07-22,2026-05-13,7,3,10
069,2026-07-22,2026-05-14,4,6,10
069,2026-07-22,2026-05-15,18,7,25
069,2026-07-22,2026-05-16,25,5,30
069,2026-07-22,2026-05-17,17,2,19
069,2026-07-22,2026-05-18,22,7,29
069,2026-07-22,2026-05-19,21,5,26
069,2026-07-22,2026-05-20,12,4,16
069,2026-07-22,2026-05-21,12,9,21
069,2026-07-22,2026-05-22,18,4,22
069,2026-07-22,2026-05-23,13,6,19
069,2026-07-22,2026-05-24,12,7,19
069,2026-07-22,2026-05-25,11,7,18
069,2026-07-22,2026-05-26,18,2,20
069,2026-07-22,2026-05-27,19,6,25
069,2026-07-22,2026-05-28,23,4,27
069,2026-07-22,2026-05-29,16,9,25
069,2026-07-22,2026-05-30,29,11,40
069,2026-07-22,2026-05-31,17,10,27
069,2026-07-22,2026-06-01,29,20,49
069,2026-07-22,2026-06-02,27,14,41
069,2026-07-22,2026-06-03,18,10,28
069,2026-07-22,2026-06-04,17,5,22
069,2026-07-22,2026-06-05,8,6,14
069,2026-07-22,2026-06-06,28,7,35
069,2026-07-22,2026-06-07,24,7,31
069,2026-07-22,2026-06-08,32,17,49
069,2026-07-22,2026-06-09,20,14,34
069,2026-07-22,2026-06-10,21,16,37
069,2026-07-22,2026-06-11,27,10,37
069,2026-07-22,2026-06-12,28,12,40
069,2026-07-22,2026-06-13,25,10,35
069,2026-07-22,2026-06-14,32,16,48
069,2026-07-22,2026-06-15,34,12,46
069,2026-07-22,2026-06-16,25,15,40
069,2026-07-22,2026-06-17,35,10,45
069,2026-07-22,2026-06-18,31,12,43
069,2026-07-22,2026-06-19,31,8,39
069,2026-07-22,2026-06-20,33,19,52
069,2026-07-22,2026-06-21,33,13,46
069,2026-07-22,2026-06-22,27,9,36
069,2026-07-22,2026-06-23,27,7,34
069,2026-07-22,2026-06-24,24,13,37
069,2026-07-22,2026-06-25,35,14,49
069,2026-07-22,2026-06-26,20,17,37
069,2026-07-22,2026-06-27,23,15,38
069,2026-07-22,2026-06-28,27,17,44
069,2026-07-22,2026-06-29,26,8,34
069,2026-07-22,2026-06-30,23,20,43
069,2026-07-22,2026-07-01,45,17,62
069,2026-07-22,2026-07-02,32,16,48
069,2026-07-22,2026-07-03,27,13,40
069,2026-07-22,2026-07-04,36,16,52
069,2026-07-22,2026-07-05,24,14,38
069,2026-07-22,2026-07-06,22,12,34
069,2026-07-22,2026-07-07,23,12,35
069,2026-07-22,2026-07-08,27,11,38
069,2026-07-22,2026-07-09,33,7,40
069,2026-07-22,2026-07-10,30,11,41
069,2026-07-22,2026-07-11,30,5,35
069,2026-07-22,2026-07-12,20,9,29
069,2026-07-22,2026-07-13,28,9,37
069,2026-07-22,2026-07-14,25,7,32
069,2026-07-22,2026-07-15,26,9,35
069,2026-07-22,2026-07-16,15,6,21
069,2026-07-22,2026-07-17,11,6,17
069,2026-07-22,2026-07-18,15,11,26
069,2026-07-22,2026-07-19,8,3,11
069,2026-07-22,2026-07-20,9,7,16
069,2026-07-22,2026-07-21,3,3,6
070,2026-07-23,2026-04-24,0,1,1
070,2026-07-23,2026-04-28,0,1,1
070,2026-07-23,2026-04-30,0,2,2
070,2026-07-23,2026-05-01,1,0,1
070,2026-07-23,2026-05-02,3,3,6
070,2026-07-23,2026-05-03,2,2,4
070,2026-07-23,2026-05-05,4,4,8
070,2026-07-23,2026-05-06,2,0,2
070,2026-07-23,2026-05-07,2,0,2
070,2026-07-23,2026-05-08,1,2,3
070,2026-07-23,2026-05-09,1,1,2
070,2026-07-23,2026-05-10,6,1,7
070,2026-07-23,2026-05-11,3,0,3
070,2026-07-23,2026-05-12,3,0,3
070,2026-07-23,2026-05-13,7,3,10
070,2026-07-23,2026-05-14,4,6,10
070,2026-07-23,2026-05-15,18,7,25
070,2026-07-23,2026-05-16,25,5,30
070,2026-07-23,2026-05-17,17,2,19
070,2026-07-23,2026-05-18,22,7,29
070,2026-07-23,2026-05-19,21,5,26
070,2026-07-23,2026-05-20,12,4,16
070,2026-07-23,2026-05-21,12,9,21
070,2026-07-23,2026-05-22,18,4,22
070,2026-07-23,2026-05-23,13,6,19
070,2026-07-23,2026-05-24,12,7,19
070,2026-07-23,2026-05-25,11,7,18
070,2026-07-23,2026-05-26,18,2,20
070,2026-07-23,2026-05-27,19,6,25
070,2026-07-23,2026-05-28,23,4,27
070,2026-07-23,2026-05-29,16,9,25
070,2026-07-23,2026-05-30,29,11,40
070,2026-07-23,2026-05-31,17,10,27
070,2026-07-23,2026-06-01,29,20,49
070,2026-07-23,2026-06-02,27,14,41
070,2026-07-23,2026-06-03,18,10,28
070,2026-07-23,2026-06-04,17,5,22
070,2026-07-23,2026-06-05,8,6,14
070,2026-07-23,2026-06-06,28,7,35
070,2026-07-23,2026-06-07,24,7,31
070,2026-07-23,2026-06-08,32,17,49
070,2026-07-23,2026-06-09,20,14,34
070,2026-07-23,2026-06-10,21,16,37
070,2026-07-23,2026-06-11,27,10,37
070,2026-07-23,2026-06-12,28,12,40
070,2026-07-23,2026-06-13,25,10,35
070,2026-07-23,2026-06-14,32,16,48
070,2026-07-23,2026-06-15,34,12,46
070,2026-07-23,2026-06-16,25,15,40
070,2026-07-23,2026-06-17,35,10,45
070,2026-07-23,2026-06-18,31,12,43
070,2026-07-23,2026-06-19,31,8,39
070,2026-07-23,2026-06-20,33,19,52
070,2026-07-23,2026-06-21,33,13,46
070,2026-07-23,2026-06-22,27,9,36
070,2026-07-23,2026-06-23,27,7,34
070,2026-07-23,2026-06-24,24,13,37
070,2026-07-23,2026-06-25,35,14,49
070,2026-07-23,2026-06-26,20,17,37
070,2026-07-23,2026-06-27,23,15,38
070,2026-07-23,2026-06-28,27,17,44
070,2026-07-23,2026-06-29,26,8,34
070,2026-07-23,2026-06-30,23,20,43
070,2026-07-23,2026-07-01,45,17,62
070,2026-07-23,2026-07-02,32,16,48
070,2026-07-23,2026-07-03,27,13,40
070,2026-07-23,2026-07-04,36,16,52
070,2026-07-23,2026-07-05,24,14,38
070,2026-07-23,2026-07-06,22,12,34
070,2026-07-23,2026-07-07,23,12,35
070,2026-07-23,2026-07-08,27,11,38
070,2026-07-23,2026-07-09,33,7,40
070,2026-07-23,2026-07-10,30,11,41
070,2026-07-23,2026-07-11,30,5,35
070,2026-07-23,2026-07-12,20,9,29
070,2026-07-23,2026-07-13,28,9,37
070,2026-07-23,2026-07-14,25,7,32
070,2026-07-23,2026-07-15,26,9,35
070,2026-07-23,2026-07-16,15,6,21
070,2026-07-23,2026-07-17,11,6,17
070,2026-07-23,2026-07-18,15,11,26
070,2026-07-23,2026-07-19,8,3,11
070,2026-07-23,2026-07-20,9,7,16
070,2026-07-23,2026-07-21,3,3,6
071,2026-07-24,2026-04-24,0,1,1
071,2026-07-24,2026-04-28,0,1,1
071,2026-07-24,2026-04-30,0,2,2
071,2026-07-24,2026-05-01,1,0,1
071,2026-07-24,2026-05-02,3,3,6
071,2026-07-24,2026-05-03,2,2,4
071,2026-07-24,2026-05-05,4,4,8
071,2026-07-24,2026-05-06,2,0,2
071,2026-07-24,2026-05-07,2,0,2
071,2026-07-24,2026-05-08,1,2,3
071,2026-07-24,2026-05-09,1,1,2
071,2026-07-24,2026-05-10,6,1,7
071,2026-07-24,2026-05-11,3,0,3
071,2026-07-24,2026-05-12,3,0,3
071,2026-07-24,2026-05-13,7,3,10
071,2026-07-24,2026-05-14,4,6,10
071,2026-07-24,2026-05-15,18,7,25
071,2026-07-24,2026-05-16,25,5,30
071,2026-07-24,2026-05-17,17,2,19
071,2026-07-24,2026-05-18,22,7,29
071,2026-07-24,2026-05-19,21,5,26
071,2026-07-24,2026-05-20,12,4,16
071,2026-07-24,2026-05-21,12,9,21
071,2026-07-24,2026-05-22,18,4,22
071,2026-07-24,2026-05-23,13,6,19
071,2026-07-24,2026-05-24,12,7,19
071,2026-07-24,2026-05-25,11,7,18
071,2026-07-24,2026-05-26,18,2,20
071,2026-07-24,2026-05-27,19,6,25
071,2026-07-24,2026-05-28,23,4,27
071,2026-07-24,2026-05-29,16,9,25
071,2026-07-24,2026-05-30,29,11,40
071,2026-07-24,2026-05-31,17,10,27
071,2026-07-24,2026-06-01,29,20,49
071,2026-07-24,2026-06-02,27,14,41
071,2026-07-24,2026-06-03,18,10,28
071,2026-07-24,2026-06-04,17,5,22
071,2026-07-24,2026-06-05,8,6,14
071,2026-07-24,2026-06-06,28,7,35
071,2026-07-24,2026-06-07,24,7,31
071,2026-07-24,2026-06-08,32,17,49
071,2026-07-24,2026-06-09,20,14,34
071,2026-07-24,2026-06-10,21,16,37
071,2026-07-24,2026-06-11,27,10,37
071,2026-07-24,2026-06-12,28,12,40
071,2026-07-24,2026-06-13,25,10,35
071,2026-07-24,2026-06-14,32,16,48
071,2026-07-24,2026-06-15,34,12,46
071,2026-07-24,2026-06-16,25,15,40
071,2026-07-24,2026-06-17,35,10,45
071,2026-07-24,2026-06-18,31,12,43
071,2026-07-24,2026-06-19,31,8,39
071,2026-07-24,2026-06-20,33,19,52
071,2026-07-24,2026-06-21,33,13,46
071,2026-07-24,2026-06-22,27,9,36
071,2026-07-24,2026-06-23,27,7,34
071,2026-07-24,2026-06-24,24,13,37
071,2026-07-24,2026-06-25,35,14,49
071,2026-07-24,2026-06-26,20,17,37
071,2026-07-24,2026-06-27,23,15,38
071,2026-07-24,2026-06-28,27,17,44
071,2026-07-24,2026-06-29,26,8,34
071,2026-07-24,2026-06-30,23,20,43
071,2026-07-24,2026-07-01,45,17,62
071,2026-07-24,2026-07-02,32,16,48
071,2026-07-24,2026-07-03,27,13,40
071,2026-07-24,2026-07-04,36,16,52
071,2026-07-24,2026-07-05,24,14,38
071,2026-07-24,2026-07-06,22,12,34
071,2026-07-24,2026-07-07,23,12,35
071,2026-07-24,2026-07-08,27,11,38
071,2026-07-24,2026-07-09,33,7,40
071,2026-07-24,2026-07-10,30,11,41
071,2026-07-24,2026-07-11,30,5,35
071,2026-07-24,2026-07-12,20,9,29
071,2026-07-24,2026-07-13,28,9,37
071,2026-07-24,2026-07-14,25,7,32
071,2026-07-24,2026-07-15,26,9,35
071,2026-07-24,2026-07-16,15,6,21
071,2026-07-24,2026-07-17,11,6,17
071,2026-07-24,2026-07-18,15,11,26
071,2026-07-24,2026-07-19,8,3,11
071,2026-07-24,2026-07-20,9,7,16
071,2026-07-24,2026-07-21,3,3,6
072,2026-07-25,2026-04-24,0,1,1
072,2026-07-25,2026-04-28,0,1,1
072,2026-07-25,2026-04-30,0,2,2
072,2026-07-25,2026-05-01,1,0,1
072,2026-07-25,2026-05-02,3,3,6
072,2026-07-25,2026-05-03,2,2,4
072,2026-07-25,2026-05-05,4,4,8
072,2026-07-25,2026-05-06,2,0,2
072,2026-07-25,2026-05-07,2,0,2
072,2026-07-25,2026-05-08,1,2,3
072,2026-07-25,2026-05-09,1,1,2
072,2026-07-25,2026-05-10,6,1,7
072,2026-07-25,2026-05-11,3,0,3
072,2026-07-25,2026-05-12,3,0,3
072,2026-07-25,2026-05-13,8,3,11
072,2026-07-25,2026-05-14,7,3,10
072,2026-07-25,2026-05-15,18,7,25
072,2026-07-25,2026-05-16,25,5,30
072,2026-07-25,2026-05-17,17,2,19
072,2026-07-25,2026-05-18,21,8,29
072,2026-07-25,2026-05-19,21,5,26
072,2026-07-25,2026-05-20,12,4,16
072,2026-07-25,2026-05-21,12,9,21
072,2026-07-25,2026-05-22,18,4,22
072,2026-07-25,2026-05-23,13,6,19
072,2026-07-25,2026-05-24,11,8,19
072,2026-07-25,2026-05-25,11,7,18
072,2026-07-25,2026-05-26,18,2,20
072,2026-07-25,2026-05-27,19,6,25
072,2026-07-25,2026-05-28,23,4,27
072,2026-07-25,2026-05-29,15,10,25
072,2026-07-25,2026-05-30,29,11,40
072,2026-07-25,2026-05-31,17,10,27
072,2026-07-25,2026-06-01,29,20,49
072,2026-07-25,2026-06-02,26,15,41
072,2026-07-25,2026-06-03,18,10,28
072,2026-07-25,2026-06-04,17,5,22
072,2026-07-25,2026-06-05,8,7,15
072,2026-07-25,2026-06-06,28,7,35
072,2026-07-25,2026-06-07,24,7,31
072,2026-07-25,2026-06-08,32,17,49
072,2026-07-25,2026-06-09,18,16,34
072,2026-07-25,2026-06-10,21,17,38
072,2026-07-25,2026-06-11,26,11,37
072,2026-07-25,2026-06-12,28,12,40
072,2026-07-25,2026-06-13,25,10,35
072,2026-07-25,2026-06-14,32,17,49
072,2026-07-25,2026-06-15,34,13,47
072,2026-07-25,2026-06-16,25,15,40
072,2026-07-25,2026-06-17,35,10,45
072,2026-07-25,2026-06-18,30,13,43
072,2026-07-25,2026-06-19,31,8,39
072,2026-07-25,2026-06-20,32,20,52
072,2026-07-25,2026-06-21,32,15,47
072,2026-07-25,2026-06-22,27,9,36
072,2026-07-25,2026-06-23,27,7,34
072,2026-07-25,2026-06-24,24,13,37
072,2026-07-25,2026-06-25,34,15,49
072,2026-07-25,2026-06-26,21,17,38
072,2026-07-25,2026-06-27,23,15,38
072,2026-07-25,2026-06-28,27,17,44
072,2026-07-25,2026-06-29,26,8,34
072,2026-07-25,2026-06-30,23,21,44
072,2026-07-25,2026-07-01,47,18,65
072,2026-07-25,2026-07-02,29,19,48
072,2026-07-25,2026-07-03,27,13,40
072,2026-07-25,2026-07-04,38,17,55
072,2026-07-25,2026-07-05,22,16,38
072,2026-07-25,2026-07-06,22,13,35
072,2026-07-25,2026-07-07,23,13,36
072,2026-07-25,2026-07-08,29,12,41
072,2026-07-25,2026-07-09,36,9,45
072,2026-07-25,2026-07-10,35,14,49
072,2026-07-25,2026-07-11,33,10,43
072,2026-07-25,2026-07-12,26,10,36
072,2026-07-25,2026-07-13,32,12,44
072,2026-07-25,2026-07-14,31,10,41
072,2026-07-25,2026-07-15,30,14,44
072,2026-07-25,2026-07-16,19,9,28
072,2026-07-25,2026-07-17,18,8,26
072,2026-07-25,2026-07-18,29,11,40
072,2026-07-25,2026-07-19,19,7,26
072,2026-07-25,2026-07-20,27,15,42
072,2026-07-25,2026-07-21,15,8,23
072,2026-07-25,2026-07-22,7,11,18
072,2026-07-25,2026-07-23,5,3,8
072,2026-07-25,2026-07-24,1,3,4
072,2026-07-25,2026-07-25,1,1,2
073,2026-07-26,2026-04-24,0,1,1
073,2026-07-26,2026-04-28,0,1,1
073,2026-07-26,2026-04-30,0,2,2
073,2026-07-26,2026-05-01,1,0,1
073,2026-07-26,2026-05-02,3,3,6
073,2026-07-26,2026-05-03,2,2,4
073,2026-07-26,2026-05-05,4,4,8
073,2026-07-26,2026-05-06,2,0,2
073,2026-07-26,2026-05-07,2,0,2
073,2026-07-26,2026-05-08,1,2,3
073,2026-07-26,2026-05-09,1,1,2
073,2026-07-26,2026-05-10,6,1,7
073,2026-07-26,2026-05-11,3,0,3
073,2026-07-26,2026-05-12,3,0,3
073,2026-07-26,2026-05-13,8,3,11
073,2026-07-26,2026-05-14,7,3,10
073,2026-07-26,2026-05-15,18,7,25
073,2026-07-26,2026-05-16,25,5,30
073,2026-07-26,2026-05-17,17,2,19
073,2026-07-26,2026-05-18,21,8,29
073,2026-07-26,2026-05-19,21,5,26
073,2026-07-26,2026-05-20,12,4,16
073,2026-07-26,2026-05-21,12,9,21
073,2026-07-26,2026-05-22,18,4,22
073,2026-07-26,2026-05-23,13,6,19
073,2026-07-26,2026-05-24,11,8,19
073,2026-07-26,2026-05-25,11,7,18
073,2026-07-26,2026-05-26,18,2,20
073,2026-07-26,2026-05-27,19,6,25
073,2026-07-26,2026-05-28,23,4,27
073,2026-07-26,2026-05-29,15,10,25
073,2026-07-26,2026-05-30,29,11,40
073,2026-07-26,2026-05-31,17,10,27
073,2026-07-26,2026-06-01,29,20,49
073,2026-07-26,2026-06-02,26,15,41
073,2026-07-26,2026-06-03,18,11,29
073,2026-07-26,2026-06-04,17,5,22
073,2026-07-26,2026-06-05,8,7,15
073,2026-07-26,2026-06-06,28,7,35
073,2026-07-26,2026-06-07,24,7,31
073,2026-07-26,2026-06-08,32,17,49
073,2026-07-26,2026-06-09,18,16,34
073,2026-07-26,2026-06-10,21,17,38
073,2026-07-26,2026-06-11,26,11,37
073,2026-07-26,2026-06-12,28,12,40
073,2026-07-26,2026-06-13,25,10,35
073,2026-07-26,2026-06-14,32,17,49
073,2026-07-26,2026-06-15,34,13,47
073,2026-07-26,2026-06-16,25,15,40
073,2026-07-26,2026-06-17,35,10,45
073,2026-07-26,2026-06-18,30,13,43
073,2026-07-26,2026-06-19,31,8,39
073,2026-07-26,2026-06-20,32,20,52
073,2026-07-26,2026-06-21,32,15,47
073,2026-07-26,2026-06-22,27,9,36
073,2026-07-26,2026-06-23,27,7,34
073,2026-07-26,2026-06-24,24,13,37
073,2026-07-26,2026-06-25,34,15,49
073,2026-07-26,2026-06-26,21,17,38
073,2026-07-26,2026-06-27,23,15,38
073,2026-07-26,2026-06-28,27,17,44
073,2026-07-26,2026-06-29,26,8,34
073,2026-07-26,2026-06-30,23,21,44
073,2026-07-26,2026-07-01,47,18,65
073,2026-07-26,2026-07-02,29,19,48
073,2026-07-26,2026-07-03,27,13,40
073,2026-07-26,2026-07-04,38,18,56
073,2026-07-26,2026-07-05,22,16,38
073,2026-07-26,2026-07-06,21,14,35
073,2026-07-26,2026-07-07,22,15,37
073,2026-07-26,2026-07-08,29,12,41
073,2026-07-26,2026-07-09,35,10,45
073,2026-07-26,2026-07-10,35,15,50
073,2026-07-26,2026-07-11,34,11,45
073,2026-07-26,2026-07-12,25,11,36
073,2026-07-26,2026-07-13,30,14,44
073,2026-07-26,2026-07-14,32,11,43
073,2026-07-26,2026-07-15,31,17,48
073,2026-07-26,2026-07-16,19,11,30
073,2026-07-26,2026-07-17,19,9,28
073,2026-07-26,2026-07-18,31,13,44
073,2026-07-26,2026-07-19,21,9,30
073,2026-07-26,2026-07-20,31,15,46
073,2026-07-26,2026-07-21,20,9,29
073,2026-07-26,2026-07-22,12,12,24
073,2026-07-26,2026-07-23,6,4,10
073,2026-07-26,2026-07-24,4,3,7
073,2026-07-26,2026-07-25,2,1,3
074,2026-07-27,2026-04-24,0,1,1
074,2026-07-27,2026-04-28,0,1,1
074,2026-07-27,2026-04-30,0,2,2
074,2026-07-27,2026-05-01,1,0,1
074,2026-07-27,2026-05-02,3,3,6
074,2026-07-27,2026-05-03,2,2,4
074,2026-07-27,2026-05-05,4,4,8
074,2026-07-27,2026-05-06,2,0,2
074,2026-07-27,2026-05-07,2,0,2
074,2026-07-27,2026-05-08,1,2,3
074,2026-07-27,2026-05-09,1,1,2
074,2026-07-27,2026-05-10,6,1,7
074,2026-07-27,2026-05-11,3,0,3
074,2026-07-27,2026-05-12,3,0,3
074,2026-07-27,2026-05-13,8,3,11
074,2026-07-27,2026-05-14,7,3,10
074,2026-07-27,2026-05-15,18,7,25
074,2026-07-27,2026-05-16,25,5,30
074,2026-07-27,2026-05-17,17,2,19
074,2026-07-27,2026-05-18,21,8,29
074,2026-07-27,2026-05-19,21,5,26
074,2026-07-27,2026-05-20,12,4,16
074,2026-07-27,2026-05-21,12,9,21
074,2026-07-27,2026-05-22,18,4,22
074,2026-07-27,2026-05-23,13,6,19
074,2026-07-27,2026-05-24,11,8,19
074,2026-07-27,2026-05-25,11,7,18
074,2026-07-27,2026-05-26,18,2,20
074,2026-07-27,2026-05-27,19,6,25
074,2026-07-27,2026-05-28,23,4,27
074,2026-07-27,2026-05-29,15,10,25
074,2026-07-27,2026-05-30,29,11,40
074,2026-07-27,2026-05-31,17,10,27
074,2026-07-27,2026-06-01,29,20,49
074,2026-07-27,2026-06-02,26,15,41
074,2026-07-27,2026-06-03,18,11,29
074,2026-07-27,2026-06-04,17,5,22
074,2026-07-27,2026-06-05,8,7,15
074,2026-07-27,2026-06-06,28,7,35
074,2026-07-27,2026-06-07,24,7,31
074,2026-07-27,2026-06-08,32,17,49
074,2026-07-27,2026-06-09,18,16,34
074,2026-07-27,2026-06-10,21,17,38
074,2026-07-27,2026-06-11,26,11,37
074,2026-07-27,2026-06-12,28,12,40
074,2026-07-27,2026-06-13,25,10,35
074,2026-07-27,2026-06-14,32,17,49
074,2026-07-27,2026-06-15,34,13,47
074,2026-07-27,2026-06-16,25,15,40
074,2026-07-27,2026-06-17,35,10,45
074,2026-07-27,2026-06-18,30,13,43
074,2026-07-27,2026-06-19,31,8,39
074,2026-07-27,2026-06-20,32,20,52
074,2026-07-27,2026-06-21,32,15,47
074,2026-07-27,2026-06-22,27,9,36
074,2026-07-27,2026-06-23,27,7,34
074,2026-07-27,2026-06-24,24,13,37
074,2026-07-27,2026-06-25,34,15,49
074,2026-07-27,2026-06-26,21,17,38
074,2026-07-27,2026-06-27,23,15,38
074,2026-07-27,2026-06-28,27,17,44
074,2026-07-27,2026-06-29,26,8,34
074,2026-07-27,2026-06-30,23,21,44
074,2026-07-27,2026-07-01,47,18,65
074,2026-07-27,2026-07-02,29,19,48
074,2026-07-27,2026-07-03,27,13,40
074,2026-07-27,2026-07-04,38,18,56
074,2026-07-27,2026-07-05,22,16,38
074,2026-07-27,2026-07-06,21,14,35
074,2026-07-27,2026-07-07,22,15,37
074,2026-07-27,2026-07-08,29,12,41
074,2026-07-27,2026-07-09,35,10,45
074,2026-07-27,2026-07-10,35,15,50
074,2026-07-27,2026-07-11,34,11,45
074,2026-07-27,2026-07-12,25,11,36
074,2026-07-27,2026-07-13,30,14,44
074,2026-07-27,2026-07-14,32,11,43
074,2026-07-27,2026-07-15,31,17,48
074,2026-07-27,2026-07-16,19,11,30
074,2026-07-27,2026-07-17,19,9,28
074,2026-07-27,2026-07-18,31,13,44
074,2026-07-27,2026-07-19,21,9,30
074,2026-07-27,2026-07-20,31,15,46
074,2026-07-27,2026-07-21,20,9,29
074,2026-07-27,2026-07-22,12,12,24
074,2026-07-27,2026-07-23,6,4,10
074,2026-07-27,2026-07-24,4,3,7
074,2026-07-27,2026-07-25,2,1,3
077,2026-07-30,2026-04-24,0,1,1
077,2026-07-30,2026-04-25,0,0,0
077,2026-07-30,2026-04-27,0,0,0
077,2026-07-30,2026-04-28,0,1,1
077,2026-07-30,2026-04-29,0,0,0
077,2026-07-30,2026-04-30,0,2,2
077,2026-07-30,2026-05-01,1,0,1
077,2026-07-30,2026-05-02,3,3,6
077,2026-07-30,2026-05-03,2,2,4
077,2026-07-30,2026-05-04,0,0,0
077,2026-07-30,2026-05-05,4,4,8
077,2026-07-30,2026-05-06,2,0,2
077,2026-07-30,2026-05-07,2,0,2
077,2026-07-30,2026-05-08,1,2,3
077,2026-07-30,2026-05-09,1,1,2
077,2026-07-30,2026-05-10,5,2,7
077,2026-07-30,2026-05-11,3,0,3
077,2026-07-30,2026-05-12,3,0,3
077,2026-07-30,2026-05-13,7,4,11
077,2026-07-30,2026-05-14,1,10,11
077,2026-07-30,2026-05-15,14,12,26
077,2026-07-30,2026-05-16,24,6,30
077,2026-07-30,2026-05-17,18,2,20
077,2026-07-30,2026-05-18,20,9,29
077,2026-07-30,2026-05-19,22,5,27
077,2026-07-30,2026-05-20,12,4,16
077,2026-07-30,2026-05-21,11,10,21
077,2026-07-30,2026-05-22,18,4,22
077,2026-07-30,2026-05-23,13,6,19
077,2026-07-30,2026-05-24,10,8,18
077,2026-07-30,2026-05-25,11,7,18
077,2026-07-30,2026-05-26,18,2,20
077,2026-07-30,2026-05-27,18,7,25
077,2026-07-30,2026-05-28,24,4,28
077,2026-07-30,2026-05-29,16,10,26
077,2026-07-30,2026-05-30,29,11,40
077,2026-07-30,2026-05-31,17,10,27
077,2026-07-30,2026-06-01,30,20,50
077,2026-07-30,2026-06-02,26,15,41
077,2026-07-30,2026-06-03,18,11,29
077,2026-07-30,2026-06-04,17,5,22
077,2026-07-30,2026-06-05,8,7,15
077,2026-07-30,2026-06-06,27,8,35
077,2026-07-30,2026-06-07,24,7,31
077,2026-07-30,2026-06-08,32,17,49
077,2026-07-30,2026-06-09,18,16,34
077,2026-07-30,2026-06-10,22,17,39
077,2026-07-30,2026-06-11,26,11,37
077,2026-07-30,2026-06-12,28,12,40
077,2026-07-30,2026-06-13,25,10,35
077,2026-07-30,2026-06-14,32,17,49
077,2026-07-30,2026-06-15,34,13,47
077,2026-07-30,2026-06-16,25,15,40
077,2026-07-30,2026-06-17,35,10,45
077,2026-07-30,2026-06-18,30,13,43
077,2026-07-30,2026-06-19,31,8,39
077,2026-07-30,2026-06-20,32,21,53
077,2026-07-30,2026-06-21,32,16,48
077,2026-07-30,2026-06-22,27,9,36
077,2026-07-30,2026-06-23,26,8,34
077,2026-07-30,2026-06-24,23,14,37
077,2026-07-30,2026-06-25,33,17,50
077,2026-07-30,2026-06-26,22,19,41
077,2026-07-30,2026-06-27,23,15,38
077,2026-07-30,2026-06-28,26,19,45
077,2026-07-30,2026-06-29,25,9,34
077,2026-07-30,2026-06-30,22,21,43
077,2026-07-30,2026-07-01,46,22,68
077,2026-07-30,2026-07-02,29,21,50
077,2026-07-30,2026-07-03,26,14,40
077,2026-07-30,2026-07-04,38,21,59
077,2026-07-30,2026-07-05,22,18,40
077,2026-07-30,2026-07-06,24,15,39
077,2026-07-30,2026-07-07,22,17,39
077,2026-07-30,2026-07-08,28,13,41
077,2026-07-30,2026-07-09,34,13,47
077,2026-07-30,2026-07-10,36,18,54
077,2026-07-30,2026-07-11,34,13,47
077,2026-07-30,2026-07-12,23,15,38
077,2026-07-30,2026-07-13,31,18,49
077,2026-07-30,2026-07-14,42,13,55
077,2026-07-30,2026-07-15,35,20,55
077,2026-07-30,2026-07-16,23,12,35
077,2026-07-30,2026-07-17,19,13,32
077,2026-07-30,2026-07-18,40,15,55
077,2026-07-30,2026-07-19,31,12,43
077,2026-07-30,2026-07-20,49,22,71
077,2026-07-30,2026-07-21,37,11,48
077,2026-07-30,2026-07-22,25,15,40
077,2026-07-30,2026-07-23,19,10,29
077,2026-07-30,2026-07-24,16,6,22
077,2026-07-30,2026-07-25,14,6,20
077,2026-07-30,2026-07-26,6,7,13
077,2026-07-30,2026-07-27,10,2,12
077,2026-07-30,2026-07-28,5,7,12
077,2026-07-30,2026-07-29,3,1,4
078,2026-07-31,2026-04-24,0,1,1
078,2026-07-31,2026-04-25,0,0,0
078,2026-07-31,2026-04-26,0,0,0
078,2026-07-31,2026-04-27,0,0,0
078,2026-07-31,2026-04-28,0,1,1
078,2026-07-31,2026-04-29,0,0,0
078,2026-07-31,2026-04-30,0,2,2
078,2026-07-31,2026-05-01,1,0,1
078,2026-07-31,2026-05-02,3,3,6
078,2026-07-31,2026-05-03,2,2,4
078,2026-07-31,2026-05-04,0,0,0
078,2026-07-31,2026-05-05,4,4,8
078,2026-07-31,2026-05-06,2,0,2
078,2026-07-31,2026-05-07,2,0,2
078,2026-07-31,2026-05-08,1,2,3
078,2026-07-31,2026-05-09,1,1,2
078,2026-07-31,2026-05-10,6,2,8
078,2026-07-31,2026-05-11,3,0,3
078,2026-07-31,2026-05-12,3,0,3
078,2026-07-31,2026-05-13,7,4,11
078,2026-07-31,2026-05-14,3,8,11
078,2026-07-31,2026-05-15,14,12,26
078,2026-07-31,2026-05-16,24,6,30
078,2026-07-31,2026-05-17,18,2,20
078,2026-07-31,2026-05-18,20,9,29
078,2026-07-31,2026-05-19,22,5,27
078,2026-07-31,2026-05-20,12,4,16
078,2026-07-31,2026-05-21,11,10,21
078,2026-07-31,2026-05-22,18,4,22
078,2026-07-31,2026-05-23,13,6,19
078,2026-07-31,2026-05-24,10,8,18
078,2026-07-31,2026-05-25,11,7,18
078,2026-07-31,2026-05-26,18,2,20
078,2026-07-31,2026-05-27,18,7,25
078,2026-07-31,2026-05-28,24,4,28
078,2026-07-31,2026-05-29,16,10,26
078,2026-07-31,2026-05-30,29,11,40
078,2026-07-31,2026-05-31,17,10,27
078,2026-07-31,2026-06-01,30,20,50
078,2026-07-31,2026-06-02,26,15,41
078,2026-07-31,2026-06-03,18,11,29
078,2026-07-31,2026-06-04,17,5,22
078,2026-07-31,2026-06-05,8,7,15
078,2026-07-31,2026-06-06,27,8,35
078,2026-07-31,2026-06-07,24,7,31
078,2026-07-31,2026-06-08,32,17,49
078,2026-07-31,2026-06-09,18,16,34
078,2026-07-31,2026-06-10,22,17,39
078,2026-07-31,2026-06-11,26,11,37
078,2026-07-31,2026-06-12,28,12,40
078,2026-07-31,2026-06-13,25,10,35
078,2026-07-31,2026-06-14,32,17,49
078,2026-07-31,2026-06-15,34,13,47
078,2026-07-31,2026-06-16,25,15,40
078,2026-07-31,2026-06-17,35,10,45
078,2026-07-31,2026-06-18,30,13,43
078,2026-07-31,2026-06-19,31,8,39
078,2026-07-31,2026-06-20,32,21,53
078,2026-07-31,2026-06-21,32,16,48
078,2026-07-31,2026-06-22,27,9,36
078,2026-07-31,2026-06-23,26,8,34
078,2026-07-31,2026-06-24,23,14,37
078,2026-07-31,2026-06-25,33,17,50
078,2026-07-31,2026-06-26,22,19,41
078,2026-07-31,2026-06-27,23,15,38
078,2026-07-31,2026-06-28,26,19,45
078,2026-07-31,2026-06-29,25,9,34
078,2026-07-31,2026-06-30,22,21,43
078,2026-07-31,2026-07-01,45,22,67
078,2026-07-31,2026-07-02,29,21,50
078,2026-07-31,2026-07-03,26,14,40
078,2026-07-31,2026-07-04,38,21,59
078,2026-07-31,2026-07-05,22,18,40
078,2026-07-31,2026-07-06,24,15,39
078,2026-07-31,2026-07-07,22,17,39
078,2026-07-31,2026-07-08,28,13,41
078,2026-07-31,2026-07-09,34,13,47
078,2026-07-31,2026-07-10,36,19,55
078,2026-07-31,2026-07-11,34,13,47
078,2026-07-31,2026-07-12,24,15,39
078,2026-07-31,2026-07-13,31,17,48
078,2026-07-31,2026-07-14,39,15,54
078,2026-07-31,2026-07-15,34,19,53
078,2026-07-31,2026-07-16,23,14,37
078,2026-07-31,2026-07-17,18,15,33
078,2026-07-31,2026-07-18,41,16,57
078,2026-07-31,2026-07-19,34,13,47
078,2026-07-31,2026-07-20,49,25,74
078,2026-07-31,2026-07-21,39,12,51
078,2026-07-31,2026-07-22,26,18,44
078,2026-07-31,2026-07-23,23,10,33
078,2026-07-31,2026-07-24,17,7,24
078,2026-07-31,2026-07-25,14,7,21
078,2026-07-31,2026-07-26,9,7,16
078,2026-07-31,2026-07-27,10,5,15
078,2026-07-31,2026-07-28,6,10,16
078,2026-07-31,2026-07-29,8,2,10
078,2026-07-31,2026-07-30,1,0,1
079,2026-08-01,2026-04-24,0,1,1
079,2026-08-01,2026-04-28,0,1,1
079,2026-08-01,2026-04-30,0,2,2
079,2026-08-01,2026-05-01,1,0,1
079,2026-08-01,2026-05-02,3,3,6
079,2026-08-01,2026-05-03,2,2,4
079,2026-08-01,2026-05-05,4,4,8
079,2026-08-01,2026-05-06,2,0,2
079,2026-08-01,2026-05-07,2,0,2
079,2026-08-01,2026-05-08,1,2,3
079,2026-08-01,2026-05-09,1,1,2
079,2026-08-01,2026-05-10,6,2,8
079,2026-08-01,2026-05-11,3,0,3
079,2026-08-01,2026-05-12,3,0,3
079,2026-08-01,2026-05-13,6,5,11
079,2026-08-01,2026-05-14,2,8,10
079,2026-08-01,2026-05-15,14,12,26
079,2026-08-01,2026-05-16,24,6,30
079,2026-08-01,2026-05-17,18,2,20
079,2026-08-01,2026-05-18,20,9,29
079,2026-08-01,2026-05-19,22,5,27
079,2026-08-01,2026-05-20,12,4,16
079,2026-08-01,2026-05-21,11,10,21
079,2026-08-01,2026-05-22,18,4,22
079,2026-08-01,2026-05-23,13,6,19
079,2026-08-01,2026-05-24,10,8,18
079,2026-08-01,2026-05-25,11,7,18
079,2026-08-01,2026-05-26,18,2,20
079,2026-08-01,2026-05-27,18,7,25
079,2026-08-01,2026-05-28,24,4,28
079,2026-08-01,2026-05-29,16,10,26
079,2026-08-01,2026-05-30,29,11,40
079,2026-08-01,2026-05-31,17,10,27
079,2026-08-01,2026-06-01,30,20,50
079,2026-08-01,2026-06-02,26,15,41
079,2026-08-01,2026-06-03,18,11,29
079,2026-08-01,2026-06-04,17,5,22
079,2026-08-01,2026-06-05,8,7,15
079,2026-08-01,2026-06-06,27,8,35
079,2026-08-01,2026-06-07,24,7,31
079,2026-08-01,2026-06-08,33,17,50
079,2026-08-01,2026-06-09,18,16,34
079,2026-08-01,2026-06-10,22,17,39
079,2026-08-01,2026-06-11,26,11,37
079,2026-08-01,2026-06-12,27,13,40
079,2026-08-01,2026-06-13,25,10,35
079,2026-08-01,2026-06-14,32,17,49
079,2026-08-01,2026-06-15,34,13,47
079,2026-08-01,2026-06-16,25,15,40
079,2026-08-01,2026-06-17,35,10,45
079,2026-08-01,2026-06-18,30,13,43
079,2026-08-01,2026-06-19,31,8,39
079,2026-08-01,2026-06-20,32,21,53
079,2026-08-01,2026-06-21,31,17,48
079,2026-08-01,2026-06-22,27,9,36
079,2026-08-01,2026-06-23,26,8,34
079,2026-08-01,2026-06-24,22,15,37
079,2026-08-01,2026-06-25,33,17,50
079,2026-08-01,2026-06-26,22,19,41
079,2026-08-01,2026-06-27,23,15,38
079,2026-08-01,2026-06-28,26,19,45
079,2026-08-01,2026-06-29,25,9,34
079,2026-08-01,2026-06-30,22,21,43
079,2026-08-01,2026-07-01,45,23,68
079,2026-08-01,2026-07-02,30,21,51
079,2026-08-01,2026-07-03,27,14,41
079,2026-08-01,2026-07-04,38,21,59
079,2026-08-01,2026-07-05,22,18,40
079,2026-08-01,2026-07-06,24,15,39
079,2026-08-01,2026-07-07,22,17,39
079,2026-08-01,2026-07-08,27,14,41
079,2026-08-01,2026-07-09,34,13,47
079,2026-08-01,2026-07-10,36,21,57
079,2026-08-01,2026-07-11,35,13,48
079,2026-08-01,2026-07-12,24,15,39
079,2026-08-01,2026-07-13,30,18,48
079,2026-08-01,2026-07-14,39,15,54
079,2026-08-01,2026-07-15,37,19,56
079,2026-08-01,2026-07-16,23,13,36
079,2026-08-01,2026-07-17,18,15,33
079,2026-08-01,2026-07-18,41,16,57
079,2026-08-01,2026-07-19,37,13,50
079,2026-08-01,2026-07-20,50,25,75
079,2026-08-01,2026-07-21,40,12,52
079,2026-08-01,2026-07-22,30,18,48
079,2026-08-01,2026-07-23,27,11,38
079,2026-08-01,2026-07-24,19,7,26
079,2026-08-01,2026-07-25,20,7,27
079,2026-08-01,2026-07-26,14,8,22
079,2026-08-01,2026-07-27,15,5,20
079,2026-08-01,2026-07-28,11,11,22
079,2026-08-01,2026-07-29,9,3,12
079,2026-08-01,2026-07-30,2,3,5
079,2026-08-01,2026-07-31,3,3,6
080,2026-08-02,2026-04-24,0,1,1
080,2026-08-02,2026-04-28,0,1,1
080,2026-08-02,2026-04-30,0,2,2
080,2026-08-02,2026-05-01,1,0,1
080,2026-08-02,2026-05-02,3,3,6
080,2026-08-02,2026-05-03,2,2,4
080,2026-08-02,2026-05-05,4,4,8
080,2026-08-02,2026-05-06,2,0,2
080,2026-08-02,2026-05-07,2,0,2
080,2026-08-02,2026-05-08,1,2,3
080,2026-08-02,2026-05-09,1,1,2
080,2026-08-02,2026-05-10,6,2,8
080,2026-08-02,2026-05-11,3,0,3
080,2026-08-02,2026-05-12,3,0,3
080,2026-08-02,2026-05-13,6,5,11
080,2026-08-02,2026-05-14,2,8,10
080,2026-08-02,2026-05-15,14,12,26
080,2026-08-02,2026-05-16,24,6,30
080,2026-08-02,2026-05-17,18,2,20
080,2026-08-02,2026-05-18,20,9,29
080,2026-08-02,2026-05-19,22,5,27
080,2026-08-02,2026-05-20,12,4,16
080,2026-08-02,2026-05-21,11,10,21
080,2026-08-02,2026-05-22,18,4,22
080,2026-08-02,2026-05-23,13,6,19
080,2026-08-02,2026-05-24,10,8,18
080,2026-08-02,2026-05-25,11,7,18
080,2026-08-02,2026-05-26,18,2,20
080,2026-08-02,2026-05-27,18,7,25
080,2026-08-02,2026-05-28,24,4,28
080,2026-08-02,2026-05-29,16,10,26
080,2026-08-02,2026-05-30,29,11,40
080,2026-08-02,2026-05-31,17,10,27
080,2026-08-02,2026-06-01,30,20,50
080,2026-08-02,2026-06-02,26,15,41
080,2026-08-02,2026-06-03,18,11,29
080,2026-08-02,2026-06-04,17,5,22
080,2026-08-02,2026-06-05,8,7,15
080,2026-08-02,2026-06-06,27,8,35
080,2026-08-02,2026-06-07,24,7,31
080,2026-08-02,2026-06-08,33,17,50
080,2026-08-02,2026-06-09,18,16,34
080,2026-08-02,2026-06-10,22,17,39
080,2026-08-02,2026-06-11,26,11,37
080,2026-08-02,2026-06-12,27,13,40
080,2026-08-02,2026-06-13,25,10,35
080,2026-08-02,2026-06-14,32,17,49
080,2026-08-02,2026-06-15,34,13,47
080,2026-08-02,2026-06-16,25,15,40
080,2026-08-02,2026-06-17,35,10,45
080,2026-08-02,2026-06-18,30,13,43
080,2026-08-02,2026-06-19,31,8,39
080,2026-08-02,2026-06-20,32,21,53
080,2026-08-02,2026-06-21,31,17,48
080,2026-08-02,2026-06-22,27,9,36
080,2026-08-02,2026-06-23,26,8,34
080,2026-08-02,2026-06-24,22,15,37
080,2026-08-02,2026-06-25,33,17,50
080,2026-08-02,2026-06-26,22,19,41
080,2026-08-02,2026-06-27,23,15,38
080,2026-08-02,2026-06-28,26,19,45
080,2026-08-02,2026-06-29,25,9,34
080,2026-08-02,2026-06-30,22,21,43
080,2026-08-02,2026-07-01,45,23,68
080,2026-08-02,2026-07-02,30,21,51
080,2026-08-02,2026-07-03,27,14,41
080,2026-08-02,2026-07-04,38,21,59
080,2026-08-02,2026-07-05,22,18,40
080,2026-08-02,2026-07-06,24,15,39
080,2026-08-02,2026-07-07,22,17,39
080,2026-08-02,2026-07-08,27,14,41
080,2026-08-02,2026-07-09,34,13,47
080,2026-08-02,2026-07-10,36,21,57
080,2026-08-02,2026-07-11,35,13,48
080,2026-08-02,2026-07-12,24,15,39
080,2026-08-02,2026-07-13,30,18,48
080,2026-08-02,2026-07-14,39,15,54
080,2026-08-02,2026-07-15,37,19,56
080,2026-08-02,2026-07-16,23,13,36
080,2026-08-02,2026-07-17,18,15,33
080,2026-08-02,2026-07-18,41,16,57
080,2026-08-02,2026-07-19,37,13,50
080,2026-08-02,2026-07-20,50,25,75
080,2026-08-02,2026-07-21,40,12,52
080,2026-08-02,2026-07-22,30,18,48
080,2026-08-02,2026-07-23,27,11,38
080,2026-08-02,2026-07-24,19,7,26
080,2026-08-02,2026-07-25,20,7,27
080,2026-08-02,2026-07-26,14,8,22
080,2026-08-02,2026-07-27,15,5,20
080,2026-08-02,2026-07-28,11,11,22
080,2026-08-02,2026-07-29,9,3,12
080,2026-08-02,2026-07-30,2,3,5
080,2026-08-02,2026-07-31,3,3,6
081,2026-08-03,2026-04-24,0,1,1
081,2026-08-03,2026-04-28,0,1,1
081,2026-08-03,2026-04-30,0,2,2
081,2026-08-03,2026-05-01,1,0,1
081,2026-08-03,2026-05-02,3,3,6
081,2026-08-03,2026-05-03,2,2,4
081,2026-08-03,2026-05-05,4,4,8
081,2026-08-03,2026-05-06,2,0,2
081,2026-08-03,2026-05-07,2,0,2
081,2026-08-03,2026-05-08,1,2,3
081,2026-08-03,2026-05-09,1,1,2
081,2026-08-03,2026-05-10,6,2,8
081,2026-08-03,2026-05-11,3,0,3
081,2026-08-03,2026-05-12,3,0,3
081,2026-08-03,2026-05-13,6,5,11
081,2026-08-03,2026-05-14,5,5,10
081,2026-08-03,2026-05-15,14,12,26
081,2026-08-03,2026-05-16,24,6,30
081,2026-08-03,2026-05-17,18,2,20
081,2026-08-03,2026-05-18,21,9,30
081,2026-08-03,2026-05-19,22,5,27
081,2026-08-03,2026-05-20,12,4,16
081,2026-08-03,2026-05-21,11,10,21
081,2026-08-03,2026-05-22,18,4,22
081,2026-08-03,2026-05-23,13,6,19
081,2026-08-03,2026-05-24,10,8,18
081,2026-08-03,2026-05-25,10,7,17
081,2026-08-03,2026-05-26,18,2,20
081,2026-08-03,2026-05-27,18,7,25
081,2026-08-03,2026-05-28,24,4,28
081,2026-08-03,2026-05-29,16,10,26
081,2026-08-03,2026-05-30,29,11,40
081,2026-08-03,2026-05-31,17,10,27
081,2026-08-03,2026-06-01,30,20,50
081,2026-08-03,2026-06-02,26,15,41
081,2026-08-03,2026-06-03,18,11,29
081,2026-08-03,2026-06-04,17,5,22
081,2026-08-03,2026-06-05,8,7,15
081,2026-08-03,2026-06-06,26,9,35
081,2026-08-03,2026-06-07,24,7,31
081,2026-08-03,2026-06-08,33,18,51
081,2026-08-03,2026-06-09,18,16,34
081,2026-08-03,2026-06-10,23,17,40
081,2026-08-03,2026-06-11,26,11,37
081,2026-08-03,2026-06-12,29,12,41
081,2026-08-03,2026-06-13,25,10,35
081,2026-08-03,2026-06-14,34,18,52
081,2026-08-03,2026-06-15,34,13,47
081,2026-08-03,2026-06-16,25,15,40
081,2026-08-03,2026-06-17,35,10,45
081,2026-08-03,2026-06-18,30,13,43
081,2026-08-03,2026-06-19,31,8,39
081,2026-08-03,2026-06-20,33,22,55
081,2026-08-03,2026-06-21,31,17,48
081,2026-08-03,2026-06-22,27,9,36
081,2026-08-03,2026-06-23,27,9,36
081,2026-08-03,2026-06-24,24,15,39
081,2026-08-03,2026-06-25,34,17,51
081,2026-08-03,2026-06-26,22,19,41
081,2026-08-03,2026-06-27,25,15,40
081,2026-08-03,2026-06-28,27,20,47
081,2026-08-03,2026-06-29,25,9,34
081,2026-08-03,2026-06-30,22,21,43
081,2026-08-03,2026-07-01,45,23,68
081,2026-08-03,2026-07-02,30,21,51
081,2026-08-03,2026-07-03,28,16,44
081,2026-08-03,2026-07-04,38,21,59
081,2026-08-03,2026-07-05,21,19,40
081,2026-08-03,2026-07-06,24,15,39
081,2026-08-03,2026-07-07,22,17,39
081,2026-08-03,2026-07-08,26,14,40
081,2026-08-03,2026-07-09,34,13,47
081,2026-08-03,2026-07-10,36,22,58
081,2026-08-03,2026-07-11,36,13,49
081,2026-08-03,2026-07-12,25,15,40
081,2026-08-03,2026-07-13,30,18,48
081,2026-08-03,2026-07-14,38,15,53
081,2026-08-03,2026-07-15,37,19,56
081,2026-08-03,2026-07-16,24,13,37
081,2026-08-03,2026-07-17,18,16,34
081,2026-08-03,2026-07-18,42,18,60
081,2026-08-03,2026-07-19,37,14,51
081,2026-08-03,2026-07-20,51,25,76
081,2026-08-03,2026-07-21,40,17,57
081,2026-08-03,2026-07-22,30,20,50
081,2026-08-03,2026-07-23,31,15,46
081,2026-08-03,2026-07-24,21,9,30
081,2026-08-03,2026-07-25,24,9,33
081,2026-08-03,2026-07-26,19,15,34
081,2026-08-03,2026-07-27,24,5,29
081,2026-08-03,2026-07-28,20,15,35
081,2026-08-03,2026-07-29,17,6,23
081,2026-08-03,2026-07-30,9,8,17
081,2026-08-03,2026-07-31,9,10,19
081,2026-08-03,2026-08-01,4,6,10
082,2026-08-04,2026-04-24,0,1,1
082,2026-08-04,2026-04-28,0,1,1
082,2026-08-04,2026-04-30,0,2,2
082,2026-08-04,2026-05-01,1,0,1
082,2026-08-04,2026-05-02,3,3,6
082,2026-08-04,2026-05-03,2,2,4
082,2026-08-04,2026-05-05,4,4,8
082,2026-08-04,2026-05-06,2,0,2
082,2026-08-04,2026-05-07,2,0,2
082,2026-08-04,2026-05-08,1,2,3
082,2026-08-04,2026-05-09,1,1,2
082,2026-08-04,2026-05-10,6,2,8
082,2026-08-04,2026-05-11,3,0,3
082,2026-08-04,2026-05-12,3,0,3
082,2026-08-04,2026-05-13,6,5,11
082,2026-08-04,2026-05-14,2,8,10
082,2026-08-04,2026-05-15,14,12,26
082,2026-08-04,2026-05-16,24,6,30
082,2026-08-04,2026-05-17,18,2,20
082,2026-08-04,2026-05-18,21,9,30
082,2026-08-04,2026-05-19,22,5,27
082,2026-08-04,2026-05-20,12,4,16
082,2026-08-04,2026-05-21,11,10,21
082,2026-08-04,2026-05-22,18,4,22
082,2026-08-04,2026-05-23,13,6,19
082,2026-08-04,2026-05-24,10,8,18
082,2026-08-04,2026-05-25,10,7,17
082,2026-08-04,2026-05-26,18,2,20
082,2026-08-04,2026-05-27,18,7,25
082,2026-08-04,2026-05-28,24,4,28
082,2026-08-04,2026-05-29,16,10,26
082,2026-08-04,2026-05-30,29,11,40
082,2026-08-04,2026-05-31,17,10,27
082,2026-08-04,2026-06-01,30,20,50
082,2026-08-04,2026-06-02,26,15,41
082,2026-08-04,2026-06-03,18,11,29
082,2026-08-04,2026-06-04,17,5,22
082,2026-08-04,2026-06-05,8,7,15
082,2026-08-04,2026-06-06,27,8,35
082,2026-08-04,2026-06-07,24,7,31
082,2026-08-04,2026-06-08,33,18,51
082,2026-08-04,2026-06-09,18,16,34
082,2026-08-04,2026-06-10,23,17,40
082,2026-08-04,2026-06-11,26,11,37
082,2026-08-04,2026-06-12,29,12,41
082,2026-08-04,2026-06-13,25,10,35
082,2026-08-04,2026-06-14,34,18,52
082,2026-08-04,2026-06-15,34,13,47
082,2026-08-04,2026-06-16,25,15,40
082,2026-08-04,2026-06-17,35,10,45
082,2026-08-04,2026-06-18,30,13,43
082,2026-08-04,2026-06-19,31,8,39
082,2026-08-04,2026-06-20,33,22,55
082,2026-08-04,2026-06-21,31,17,48
082,2026-08-04,2026-06-22,27,9,36
082,2026-08-04,2026-06-23,28,8,36
082,2026-08-04,2026-06-24,24,15,39
082,2026-08-04,2026-06-25,34,17,51
082,2026-08-04,2026-06-26,22,19,41
082,2026-08-04,2026-06-27,25,15,40
082,2026-08-04,2026-06-28,27,20,47
082,2026-08-04,2026-06-29,25,9,34
082,2026-08-04,2026-06-30,22,21,43
082,2026-08-04,2026-07-01,46,23,69
082,2026-08-04,2026-07-02,30,21,51
082,2026-08-04,2026-07-03,28,16,44
082,2026-08-04,2026-07-04,38,21,59
082,2026-08-04,2026-07-05,21,19,40
082,2026-08-04,2026-07-06,24,15,39
082,2026-08-04,2026-07-07,22,17,39
082,2026-08-04,2026-07-08,26,14,40
082,2026-08-04,2026-07-09,34,13,47
082,2026-08-04,2026-07-10,37,22,59
082,2026-08-04,2026-07-11,37,13,50
082,2026-08-04,2026-07-12,25,15,40
082,2026-08-04,2026-07-13,30,18,48
082,2026-08-04,2026-07-14,38,15,53
082,2026-08-04,2026-07-15,37,19,56
082,2026-08-04,2026-07-16,24,13,37
082,2026-08-04,2026-07-17,18,16,34
082,2026-08-04,2026-07-18,42,18,60
082,2026-08-04,2026-07-19,37,14,51
082,2026-08-04,2026-07-20,51,25,76
082,2026-08-04,2026-07-21,40,17,57
082,2026-08-04,2026-07-22,31,20,51
082,2026-08-04,2026-07-23,32,15,47
082,2026-08-04,2026-07-24,21,9,30
082,2026-08-04,2026-07-25,24,10,34
082,2026-08-04,2026-07-26,19,15,34
082,2026-08-04,2026-07-27,27,6,33
082,2026-08-04,2026-07-28,22,16,38
082,2026-08-04,2026-07-29,16,7,23
082,2026-08-04,2026-07-30,10,8,18
082,2026-08-04,2026-07-31,13,10,23
082,2026-08-04,2026-08-01,7,6,13
082,2026-08-04,2026-08-02,6,11,17
082,2026-08-04,2026-08-03,2,2,4
083,2026-08-05,2026-04-24,0,1,1
083,2026-08-05,2026-04-28,0,1,1
083,2026-08-05,2026-04-30,0,2,2
083,2026-08-05,2026-05-01,1,0,1
083,2026-08-05,2026-05-02,3,3,6
083,2026-08-05,2026-05-03,2,2,4
083,2026-08-05,2026-05-05,4,4,8
083,2026-08-05,2026-05-06,2,0,2
083,2026-08-05,2026-05-07,2,0,2
083,2026-08-05,2026-05-08,1,2,3
083,2026-08-05,2026-05-09,1,1,2
083,2026-08-05,2026-05-10,6,2,8
083,2026-08-05,2026-05-11,3,0,3
083,2026-08-05,2026-05-12,3,0,3
083,2026-08-05,2026-05-13,6,5,11
083,2026-08-05,2026-05-14,2,8,10
083,2026-08-05,2026-05-15,14,12,26
083,2026-08-05,2026-05-16,24,6,30
083,2026-08-05,2026-05-17,18,2,20
083,2026-08-05,2026-05-18,21,9,30
083,2026-08-05,2026-05-19,22,5,27
083,2026-08-05,2026-05-20,12,4,16
083,2026-08-05,2026-05-21,11,10,21
083,2026-08-05,2026-05-22,18,4,22
083,2026-08-05,2026-05-23,13,6,19
083,2026-08-05,2026-05-24,10,8,18
083,2026-08-05,2026-05-25,10,7,17
083,2026-08-05,2026-05-26,18,2,20
083,2026-08-05,2026-05-27,18,7,25
083,2026-08-05,2026-05-28,24,4,28
083,2026-08-05,2026-05-29,16,10,26
083,2026-08-05,2026-05-30,29,11,40
083,2026-08-05,2026-05-31,17,10,27
083,2026-08-05,2026-06-01,30,20,50
083,2026-08-05,2026-06-02,26,15,41
083,2026-08-05,2026-06-03,18,11,29
083,2026-08-05,2026-06-04,17,5,22
083,2026-08-05,2026-06-05,8,7,15
083,2026-08-05,2026-06-06,27,8,35
083,2026-08-05,2026-06-07,24,7,31
083,2026-08-05,2026-06-08,33,18,51
083,2026-08-05,2026-06-09,18,16,34
083,2026-08-05,2026-06-10,23,17,40
083,2026-08-05,2026-06-11,26,11,37
083,2026-08-05,2026-06-12,29,12,41
083,2026-08-05,2026-06-13,25,10,35
083,2026-08-05,2026-06-14,34,18,52
083,2026-08-05,2026-06-15,34,13,47
083,2026-08-05,2026-06-16,25,15,40
083,2026-08-05,2026-06-17,35,10,45
083,2026-08-05,2026-06-18,30,13,43
083,2026-08-05,2026-06-19,31,8,39
083,2026-08-05,2026-06-20,33,22,55
083,2026-08-05,2026-06-21,31,17,48
083,2026-08-05,2026-06-22,27,9,36
083,2026-08-05,2026-06-23,28,8,36
083,2026-08-05,2026-06-24,24,15,39
083,2026-08-05,2026-06-25,34,17,51
083,2026-08-05,2026-06-26,22,19,41
083,2026-08-05,2026-06-27,25,15,40
083,2026-08-05,2026-06-28,27,20,47
083,2026-08-05,2026-06-29,25,9,34
083,2026-08-05,2026-06-30,22,21,43
083,2026-08-05,2026-07-01,46,23,69
083,2026-08-05,2026-07-02,30,21,51
083,2026-08-05,2026-07-03,28,16,44
083,2026-08-05,2026-07-04,38,21,59
083,2026-08-05,2026-07-05,21,19,40
083,2026-08-05,2026-07-06,24,15,39
083,2026-08-05,2026-07-07,22,17,39
083,2026-08-05,2026-07-08,26,14,40
083,2026-08-05,2026-07-09,34,13,47
083,2026-08-05,2026-07-10,37,22,59
083,2026-08-05,2026-07-11,37,13,50
083,2026-08-05,2026-07-12,25,15,40
083,2026-08-05,2026-07-13,30,18,48
083,2026-08-05,2026-07-14,38,15,53
083,2026-08-05,2026-07-15,37,19,56
083,2026-08-05,2026-07-16,24,13,37
083,2026-08-05,2026-07-17,18,16,34
083,2026-08-05,2026-07-18,42,18,60
083,2026-08-05,2026-07-19,37,14,51
083,2026-08-05,2026-07-20,51,25,76
083,2026-08-05,2026-07-21,40,17,57
083,2026-08-05,2026-07-22,31,20,51
083,2026-08-05,2026-07-23,32,15,47
083,2026-08-05,2026-07-24,21,9,30
083,2026-08-05,2026-07-25,24,10,34
083,2026-08-05,2026-07-26,19,15,34
083,2026-08-05,2026-07-27,27,6,33
083,2026-08-05,2026-07-28,22,16,38
083,2026-08-05,2026-07-29,16,7,23
083,2026-08-05,2026-07-30,10,8,18
083,2026-08-05,2026-07-31,14,9,23
083,2026-08-05,2026-08-01,8,5,13
083,2026-08-05,2026-08-02,6,11,17
083,2026-08-05,2026-08-03,3,1,4
083,2026-08-05,2026-08-04,2,0,2
087,2026-08-09,2026-04-24,1,0,1
087,2026-08-09,2026-04-25,0,0,0
087,2026-08-09,2026-04-26,0,0,0
087,2026-08-09,2026-04-27,0,0,0
087,2026-08-09,2026-04-28,1,0,1
087,2026-08-09,2026-04-29,0,0,0
087,2026-08-09,2026-04-30,0,2,2
087,2026-08-09,2026-05-01,1,0,1
087,2026-08-09,2026-05-02,3,3,6
087,2026-08-09,2026-05-03,2,2,4
087,2026-08-09,2026-05-04,0,0,0
087,2026-08-09,2026-05-05,4,4,8
087,2026-08-09,2026-05-06,2,0,2
087,2026-08-09,2026-05-07,2,0,2
087,2026-08-09,2026-05-08,1,2,3
087,2026-08-09,2026-05-09,1,1,2
087,2026-08-09,2026-05-10,6,2,8
087,2026-08-09,2026-05-11,3,0,3
087,2026-08-09,2026-05-12,3,0,3
087,2026-08-09,2026-05-13,6,5,11
087,2026-08-09,2026-05-14,3,9,12
087,2026-08-09,2026-05-15,14,12,26
087,2026-08-09,2026-05-16,24,6,30
087,2026-08-09,2026-05-17,18,2,20
087,2026-08-09,2026-05-18,21,9,30
087,2026-08-09,2026-05-19,22,5,27
087,2026-08-09,2026-05-20,12,4,16
087,2026-08-09,2026-05-21,11,10,21
087,2026-08-09,2026-05-22,18,4,22
087,2026-08-09,2026-05-23,14,6,20
087,2026-08-09,2026-05-24,10,8,18
087,2026-08-09,2026-05-25,10,7,17
087,2026-08-09,2026-05-26,18,2,20
087,2026-08-09,2026-05-27,18,7,25
087,2026-08-09,2026-05-28,24,4,28
087,2026-08-09,2026-05-29,16,10,26
087,2026-08-09,2026-05-30,29,11,40
087,2026-08-09,2026-05-31,17,10,27
087,2026-08-09,2026-06-01,30,20,50
087,2026-08-09,2026-06-02,26,15,41
087,2026-08-09,2026-06-03,18,11,29
087,2026-08-09,2026-06-04,17,5,22
087,2026-08-09,2026-06-05,8,7,15
087,2026-08-09,2026-06-06,27,8,35
087,2026-08-09,2026-06-07,24,7,31
087,2026-08-09,2026-06-08,33,18,51
087,2026-08-09,2026-06-09,17,16,33
087,2026-08-09,2026-06-10,23,17,40
087,2026-08-09,2026-06-11,26,11,37
087,2026-08-09,2026-06-12,29,12,41
087,2026-08-09,2026-06-13,25,10,35
087,2026-08-09,2026-06-14,34,18,52
087,2026-08-09,2026-06-15,34,13,47
087,2026-08-09,2026-06-16,25,15,40
087,2026-08-09,2026-06-17,35,10,45
087,2026-08-09,2026-06-18,30,13,43
087,2026-08-09,2026-06-19,31,8,39
087,2026-08-09,2026-06-20,33,21,54
087,2026-08-09,2026-06-21,31,17,48
087,2026-08-09,2026-06-22,27,9,36
087,2026-08-09,2026-06-23,28,9,37
087,2026-08-09,2026-06-24,25,15,40
087,2026-08-09,2026-06-25,35,18,53
087,2026-08-09,2026-06-26,21,19,40
087,2026-08-09,2026-06-27,25,15,40
087,2026-08-09,2026-06-28,27,20,47
087,2026-08-09,2026-06-29,25,9,34
087,2026-08-09,2026-06-30,21,21,42
087,2026-08-09,2026-07-01,46,23,69
087,2026-08-09,2026-07-02,29,23,52
087,2026-08-09,2026-07-03,28,17,45
087,2026-08-09,2026-07-04,39,21,60
087,2026-08-09,2026-07-05,21,19,40
087,2026-08-09,2026-07-06,24,16,40
087,2026-08-09,2026-07-07,22,17,39
087,2026-08-09,2026-07-08,26,15,41
087,2026-08-09,2026-07-09,36,14,50
087,2026-08-09,2026-07-10,37,22,59
087,2026-08-09,2026-07-11,37,13,50
087,2026-08-09,2026-07-12,26,15,41
087,2026-08-09,2026-07-13,29,19,48
087,2026-08-09,2026-07-14,38,15,53
087,2026-08-09,2026-07-15,37,20,57
087,2026-08-09,2026-07-16,24,13,37
087,2026-08-09,2026-07-17,19,17,36
087,2026-08-09,2026-07-18,44,19,63
087,2026-08-09,2026-07-19,37,14,51
087,2026-08-09,2026-07-20,51,30,81
087,2026-08-09,2026-07-21,40,19,59
087,2026-08-09,2026-07-22,30,24,54
087,2026-08-09,2026-07-23,35,16,51
087,2026-08-09,2026-07-24,23,15,38
087,2026-08-09,2026-07-25,29,15,44
087,2026-08-09,2026-07-26,26,18,44
087,2026-08-09,2026-07-27,34,12,46
087,2026-08-09,2026-07-28,35,21,56
087,2026-08-09,2026-07-29,30,9,39
087,2026-08-09,2026-07-30,20,14,34
087,2026-08-09,2026-07-31,27,12,39
087,2026-08-09,2026-08-01,33,14,47
087,2026-08-09,2026-08-02,25,15,40
087,2026-08-09,2026-08-03,13,8,21
087,2026-08-09,2026-08-04,12,6,18
087,2026-08-09,2026-08-05,8,4,12
087,2026-08-09,2026-08-06,8,5,13
087,2026-08-09,2026-08-07,6,5,11
087,2026-08-09,2026-08-08,5,2,7
088,2026-08-10,2026-04-24,0,1,1
088,2026-08-10,2026-04-28,0,1,1
088,2026-08-10,2026-04-30,0,2,2
088,2026-08-10,2026-05-01,1,0,1
088,2026-08-10,2026-05-02,3,3,6
088,2026-08-10,2026-05-03,2,2,4
088,2026-08-10,2026-05-05,4,4,8
088,2026-08-10,2026-05-06,2,0,2
088,2026-08-10,2026-05-07,2,0,2
088,2026-08-10,2026-05-08,1,2,3
088,2026-08-10,2026-05-09,1,1,2
088,2026-08-10,2026-05-10,6,2,8
088,2026-08-10,2026-05-11,3,0,3
088,2026-08-10,2026-05-12,3,0,3
088,2026-08-10,2026-05-13,6,5,11
088,2026-08-10,2026-05-14,3,9,12
088,2026-08-10,2026-05-15,14,12,26
088,2026-08-10,2026-05-16,24,6,30
088,2026-08-10,2026-05-17,18,2,20
088,2026-08-10,2026-05-18,21,9,30
088,2026-08-10,2026-05-19,22,5,27
088,2026-08-10,2026-05-20,12,4,16
088,2026-08-10,2026-05-21,11,10,21
088,2026-08-10,2026-05-22,18,4,22
088,2026-08-10,2026-05-23,14,6,20
088,2026-08-10,2026-05-24,10,8,18
088,2026-08-10,2026-05-25,10,7,17
088,2026-08-10,2026-05-26,18,2,20
088,2026-08-10,2026-05-27,18,7,25
088,2026-08-10,2026-05-28,24,4,28
088,2026-08-10,2026-05-29,16,10,26
088,2026-08-10,2026-05-30,29,11,40
088,2026-08-10,2026-05-31,17,10,27
088,2026-08-10,2026-06-01,30,20,50
088,2026-08-10,2026-06-02,26,15,41
088,2026-08-10,2026-06-03,18,11,29
088,2026-08-10,2026-06-04,17,5,22
088,2026-08-10,2026-06-05,8,7,15
088,2026-08-10,2026-06-06,27,8,35
088,2026-08-10,2026-06-07,24,7,31
088,2026-08-10,2026-06-08,33,18,51
088,2026-08-10,2026-06-09,17,16,33
088,2026-08-10,2026-06-10,23,17,40
088,2026-08-10,2026-06-11,26,11,37
088,2026-08-10,2026-06-12,29,12,41
088,2026-08-10,2026-06-13,25,10,35
088,2026-08-10,2026-06-14,34,18,52
088,2026-08-10,2026-06-15,34,13,47
088,2026-08-10,2026-06-16,25,15,40
088,2026-08-10,2026-06-17,35,10,45
088,2026-08-10,2026-06-18,29,14,43
088,2026-08-10,2026-06-19,31,8,39
088,2026-08-10,2026-06-20,33,21,54
088,2026-08-10,2026-06-21,31,17,48
088,2026-08-10,2026-06-22,27,9,36
088,2026-08-10,2026-06-23,28,9,37
088,2026-08-10,2026-06-24,25,15,40
088,2026-08-10,2026-06-25,35,18,53
088,2026-08-10,2026-06-26,21,19,40
088,2026-08-10,2026-06-27,25,15,40
088,2026-08-10,2026-06-28,27,20,47
088,2026-08-10,2026-06-29,25,9,34
088,2026-08-10,2026-06-30,21,21,42
088,2026-08-10,2026-07-01,46,23,69
088,2026-08-10,2026-07-02,29,23,52
088,2026-08-10,2026-07-03,28,17,45
088,2026-08-10,2026-07-04,39,21,60
088,2026-08-10,2026-07-05,21,19,40
088,2026-08-10,2026-07-06,24,16,40
088,2026-08-10,2026-07-07,22,17,39
088,2026-08-10,2026-07-08,26,15,41
088,2026-08-10,2026-07-09,36,14,50
088,2026-08-10,2026-07-10,37,22,59
088,2026-08-10,2026-07-11,37,13,50
088,2026-08-10,2026-07-12,26,15,41
088,2026-08-10,2026-07-13,29,19,48
088,2026-08-10,2026-07-14,38,15,53
088,2026-08-10,2026-07-15,37,20,57
088,2026-08-10,2026-07-16,24,13,37
088,2026-08-10,2026-07-17,19,17,36
088,2026-08-10,2026-07-18,44,19,63
088,2026-08-10,2026-07-19,37,14,51
088,2026-08-10,2026-07-20,51,30,81
088,2026-08-10,2026-07-21,40,19,59
088,2026-08-10,2026-07-22,30,24,54
088,2026-08-10,2026-07-23,35,16,51
088,2026-08-10,2026-07-24,23,15,38
088,2026-08-10,2026-07-25,29,15,44
088,2026-08-10,2026-07-26,26,18,44
088,2026-08-10,2026-07-27,34,12,46
088,2026-08-10,2026-07-28,35,21,56
088,2026-08-10,2026-07-29,30,9,39
088,2026-08-10,2026-07-30,20,14,34
088,2026-08-10,2026-07-31,27,12,39
088,2026-08-10,2026-08-01,33,14,47
088,2026-08-10,2026-08-02,25,15,40
088,2026-08-10,2026-08-03,13,8,21
088,2026-08-10,2026-08-04,12,6,18
088,2026-08-10,2026-08-05,7,5,12
088,2026-08-10,2026-08-06,8,5,13
088,2026-08-10,2026-08-07,5,6,11
088,2026-08-10,2026-08-08,5,2,7
089,2026-08-11,2026-04-24,0,1,1
089,2026-08-11,2026-04-28,0,1,1
089,2026-08-11,2026-04-30,0,2,2
089,2026-08-11,2026-05-01,1,0,1
089,2026-08-11,2026-05-02,3,3,6
089,2026-08-11,2026-05-03,2,2,4
089,2026-08-11,2026-05-05,4,4,8
089,2026-08-11,2026-05-06,2,0,2
089,2026-08-11,2026-05-07,2,0,2
089,2026-08-11,2026-05-08,1,2,3
089,2026-08-11,2026-05-09,1,1,2
089,2026-08-11,2026-05-10,6,2,8
089,2026-08-11,2026-05-11,3,0,3
089,2026-08-11,2026-05-12,3,0,3
089,2026-08-11,2026-05-13,6,5,11
089,2026-08-11,2026-05-14,3,9,12
089,2026-08-11,2026-05-15,14,12,26
089,2026-08-11,2026-05-16,24,6,30
089,2026-08-11,2026-05-17,18,2,20
089,2026-08-11,2026-05-18,21,9,30
089,2026-08-11,2026-05-19,22,5,27
089,2026-08-11,2026-05-20,12,4,16
089,2026-08-11,2026-05-21,11,10,21
089,2026-08-11,2026-05-22,18,4,22
089,2026-08-11,2026-05-23,14,6,20
089,2026-08-11,2026-05-24,10,8,18
089,2026-08-11,2026-05-25,10,7,17
089,2026-08-11,2026-05-26,18,2,20
089,2026-08-11,2026-05-27,18,7,25
089,2026-08-11,2026-05-28,24,4,28
089,2026-08-11,2026-05-29,16,10,26
089,2026-08-11,2026-05-30,29,11,40
089,2026-08-11,2026-05-31,17,10,27
089,2026-08-11,2026-06-01,30,20,50
089,2026-08-11,2026-06-02,26,15,41
089,2026-08-11,2026-06-03,18,11,29
089,2026-08-11,2026-06-04,17,5,22
089,2026-08-11,2026-06-05,8,7,15
089,2026-08-11,2026-06-06,27,8,35
089,2026-08-11,2026-06-07,24,7,31
089,2026-08-11,2026-06-08,33,18,51
089,2026-08-11,2026-06-09,17,16,33
089,2026-08-11,2026-06-10,23,17,40
089,2026-08-11,2026-06-11,26,11,37
089,2026-08-11,2026-06-12,29,12,41
089,2026-08-11,2026-06-13,25,10,35
089,2026-08-11,2026-06-14,34,18,52
089,2026-08-11,2026-06-15,34,13,47
089,2026-08-11,2026-06-16,25,15,40
089,2026-08-11,2026-06-17,35,10,45
089,2026-08-11,2026-06-18,29,14,43
089,2026-08-11,2026-06-19,31,8,39
089,2026-08-11,2026-06-20,33,21,54
089,2026-08-11,2026-06-21,31,17,48
089,2026-08-11,2026-06-22,27,9,36
089,2026-08-11,2026-06-23,28,9,37
089,2026-08-11,2026-06-24,25,15,40
089,2026-08-11,2026-06-25,35,18,53
089,2026-08-11,2026-06-26,21,19,40
089,2026-08-11,2026-06-27,25,15,40
089,2026-08-11,2026-06-28,27,20,47
089,2026-08-11,2026-06-29,25,9,34
089,2026-08-11,2026-06-30,21,21,42
089,2026-08-11,2026-07-01,46,23,69
089,2026-08-11,2026-07-02,29,23,52
089,2026-08-11,2026-07-03,28,17,45
089,2026-08-11,2026-07-04,39,21,60
089,2026-08-11,2026-07-05,21,19,40
089,2026-08-11,2026-07-06,24,16,40
089,2026-08-11,2026-07-07,22,17,39
089,2026-08-11,2026-07-08,26,15,41
089,2026-08-11,2026-07-09,36,14,50
089,2026-08-11,2026-07-10,37,22,59
089,2026-08-11,2026-07-11,37,13,50
089,2026-08-11,2026-07-12,26,15,41
089,2026-08-11,2026-07-13,29,19,48
089,2026-08-11,2026-07-14,38,15,53
089,2026-08-11,2026-07-15,37,20,57
089,2026-08-11,2026-07-16,24,13,37
089,2026-08-11,2026-07-17,19,17,36
089,2026-08-11,2026-07-18,44,19,63
089,2026-08-11,2026-07-19,37,14,51
089,2026-08-11,2026-07-20,51,30,81
089,2026-08-11,2026-07-21,40,19,59
089,2026-08-11,2026-07-22,30,24,54
089,2026-08-11,2026-07-23,35,16,51
089,2026-08-11,2026-07-24,23,15,38
089,2026-08-11,2026-07-25,29,15,44
089,2026-08-11,2026-07-26,26,18,44
089,2026-08-11,2026-07-27,34,12,46
089,2026-08-11,2026-07-28,35,21,56
089,2026-08-11,2026-07-29,30,9,39
089,2026-08-11,2026-07-30,20,14,34
089,2026-08-11,2026-07-31,27,12,39
089,2026-08-11,2026-08-01,33,14,47
089,2026-08-11,2026-08-02,25,15,40
089,2026-08-11,2026-08-03,13,8,21
089,2026-08-11,2026-08-04,12,6,18
089,2026-08-11,2026-08-05,7,5,12
089,2026-08-11,2026-08-06,8,5,13
089,2026-08-11,2026-08-07,5,6,11
089,2026-08-11,2026-08-08,5,2,7
090,2026-08-12,2026-04-24,0,1,1
090,2026-08-12,2026-04-28,0,1,1
090,2026-08-12,2026-04-30,0,2,2
090,2026-08-12,2026-05-01,1,0,1
090,2026-08-12,2026-05-02,3,3,6
090,2026-08-12,2026-05-03,2,2,4
090,2026-08-12,2026-05-05,4,4,8
090,2026-08-12,2026-05-06,2,0,2
090,2026-08-12,2026-05-07,2,0,2
090,2026-08-12,2026-05-08,1,2,3
090,2026-08-12,2026-05-09,1,1,2
090,2026-08-12,2026-05-10,6,2,8
090,2026-08-12,2026-05-11,3,0,3
090,2026-08-12,2026-05-12,3,0,3
090,2026-08-12,2026-05-13,6,5,11
090,2026-08-12,2026-05-14,3,9,12
090,2026-08-12,2026-05-15,14,12,26
090,2026-08-12,2026-05-16,24,6,30
090,2026-08-12,2026-05-17,18,2,20
090,2026-08-12,2026-05-18,21,9,30
090,2026-08-12,2026-05-19,22,5,27
090,2026-08-12,2026-05-20,12,4,16
090,2026-08-12,2026-05-21,11,10,21
090,2026-08-12,2026-05-22,18,4,22
090,2026-08-12,2026-05-23,14,6,20
090,2026-08-12,2026-05-24,10,8,18
090,2026-08-12,2026-05-25,10,7,17
090,2026-08-12,2026-05-26,18,2,20
090,2026-08-12,2026-05-27,18,7,25
090,2026-08-12,2026-05-28,24,4,28
090,2026-08-12,2026-05-29,16,10,26
090,2026-08-12,2026-05-30,29,11,40
090,2026-08-12,2026-05-31,17,10,27
090,2026-08-12,2026-06-01,30,20,50
090,2026-08-12,2026-06-02,26,15,41
090,2026-08-12,2026-06-03,18,11,29
090,2026-08-12,2026-06-04,17,5,22
090,2026-08-12,2026-06-05,8,7,15
090,2026-08-12,2026-06-06,27,8,35
090,2026-08-12,2026-06-07,24,7,31
090,2026-08-12,2026-06-08,33,18,51
090,2026-08-12,2026-06-09,17,16,33
090,2026-08-12,2026-06-10,23,17,40
090,2026-08-12,2026-06-11,26,11,37
090,2026-08-12,2026-06-12,29,12,41
090,2026-08-12,2026-06-13,25,10,35
090,2026-08-12,2026-06-14,34,18,52
090,2026-08-12,2026-06-15,34,13,47
090,2026-08-12,2026-06-16,25,15,40
090,2026-08-12,2026-06-17,35,10,45
090,2026-08-12,2026-06-18,29,14,43
090,2026-08-12,2026-06-19,31,8,39
090,2026-08-12,2026-06-20,33,21,54
090,2026-08-12,2026-06-21,31,17,48
090,2026-08-12,2026-06-22,27,9,36
090,2026-08-12,2026-06-23,28,9,37
090,2026-08-12,2026-06-24,25,15,40
090,2026-08-12,2026-06-25,35,18,53
090,2026-08-12,2026-06-26,21,19,40
090,2026-08-12,2026-06-27,25,15,40
090,2026-08-12,2026-06-28,27,20,47
090,2026-08-12,2026-06-29,25,9,34
090,2026-08-12,2026-06-30,21,21,42
090,2026-08-12,2026-07-01,46,23,69
090,2026-08-12,2026-07-02,29,23,52
090,2026-08-12,2026-07-03,28,17,45
090,2026-08-12,2026-07-04,39,21,60
090,2026-08-12,2026-07-05,21,19,40
090,2026-08-12,2026-07-06,24,16,40
090,2026-08-12,2026-07-07,22,17,39
090,2026-08-12,2026-07-08,26,15,41
090,2026-08-12,2026-07-09,36,14,50
090,2026-08-12,2026-07-10,37,22,59
090,2026-08-12,2026-07-11,37,13,50
090,2026-08-12,2026-07-12,26,15,41
090,2026-08-12,2026-07-13,29,19,48
090,2026-08-12,2026-07-14,38,15,53
090,2026-08-12,2026-07-15,37,20,57
090,2026-08-12,2026-07-16,24,13,37
090,2026-08-12,2026-07-17,19,17,36
090,2026-08-12,2026-07-18,44,19,63
090,2026-08-12,2026-07-19,37,14,51
090,2026-08-12,2026-07-20,51,30,81
090,2026-08-12,2026-07-21,40,19,59
090,2026-08-12,2026-07-22,30,24,54
090,2026-08-12,2026-07-23,35,16,51
090,2026-08-12,2026-07-24,23,15,38
090,2026-08-12,2026-07-25,29,15,44
090,2026-08-12,2026-07-26,26,18,44
090,2026-08-12,2026-07-27,34,12,46
090,2026-08-12,2026-07-28,35,21,56
090,2026-08-12,2026-07-29,30,9,39
090,2026-08-12,2026-07-30,20,14,34
090,2026-08-12,2026-07-31,27,12,39
090,2026-08-12,2026-08-01,33,14,47
090,2026-08-12,2026-08-02,25,15,40
090,2026-08-12,2026-08-03,13,8,21
090,2026-08-12,2026-08-04,12,6,18
090,2026-08-12,2026-08-05,7,5,12
090,2026-08-12,2026-08-06,8,5,13
090,2026-08-12,2026-08-07,5,6,11
090,2026-08-12,2026-08-08,5,2,7
091,2026-08-13,2026-04-24,0,1,1
091,2026-08-13,2026-04-28,0,1,1
091,2026-08-13,2026-04-30,0,2,2
091,2026-08-13,2026-05-01,1,0,1
091,2026-08-13,2026-05-02,3,3,6
091,2026-08-13,2026-05-03,2,2,4
091,2026-08-13,2026-05-05,4,4,8
091,2026-08-13,2026-05-06,2,0,2
091,2026-08-13,2026-05-07,2,0,2
091,2026-08-13,2026-05-08,1,2,3
091,2026-08-13,2026-05-09,1,1,2
091,2026-08-13,2026-05-10,6,2,8
091,2026-08-13,2026-05-11,3,0,3
091,2026-08-13,2026-05-12,3,0,3
091,2026-08-13,2026-05-13,6,5,11
091,2026-08-13,2026-05-14,3,9,12
091,2026-08-13,2026-05-15,14,12,26
091,2026-08-13,2026-05-16,24,6,30
091,2026-08-13,2026-05-17,18,2,20
091,2026-08-13,2026-05-18,21,9,30
091,2026-08-13,2026-05-19,22,5,27
091,2026-08-13,2026-05-20,12,4,16
091,2026-08-13,2026-05-21,11,10,21
091,2026-08-13,2026-05-22,18,4,22
091,2026-08-13,2026-05-23,14,6,20
091,2026-08-13,2026-05-24,10,8,18
091,2026-08-13,2026-05-25,10,7,17
091,2026-08-13,2026-05-26,18,2,20
091,2026-08-13,2026-05-27,18,7,25
091,2026-08-13,2026-05-28,24,4,28
091,2026-08-13,2026-05-29,16,10,26
091,2026-08-13,2026-05-30,29,11,40
091,2026-08-13,2026-05-31,17,10,27
091,2026-08-13,2026-06-01,30,20,50
091,2026-08-13,2026-06-02,26,15,41
091,2026-08-13,2026-06-03,18,11,29
091,2026-08-13,2026-06-04,17,5,22
091,2026-08-13,2026-06-05,8,7,15
091,2026-08-13,2026-06-06,27,8,35
091,2026-08-13,2026-06-07,24,7,31
091,2026-08-13,2026-06-08,33,18,51
091,2026-08-13,2026-06-09,17,16,33
091,2026-08-13,2026-06-10,23,17,40
091,2026-08-13,2026-06-11,26,11,37
091,2026-08-13,2026-06-12,29,12,41
091,2026-08-13,2026-06-13,25,10,35
091,2026-08-13,2026-06-14,34,18,52
091,2026-08-13,2026-06-15,34,13,47
091,2026-08-13,2026-06-16,25,15,40
091,2026-08-13,2026-06-17,35,10,45
091,2026-08-13,2026-06-18,29,14,43
091,2026-08-13,2026-06-19,31,8,39
091,2026-08-13,2026-06-20,33,21,54
091,2026-08-13,2026-06-21,31,17,48
091,2026-08-13,2026-06-22,27,9,36
091,2026-08-13,2026-06-23,28,9,37
091,2026-08-13,2026-06-24,25,15,40
091,2026-08-13,2026-06-25,35,18,53
091,2026-08-13,2026-06-26,21,19,40
091,2026-08-13,2026-06-27,25,15,40
091,2026-08-13,2026-06-28,27,20,47
091,2026-08-13,2026-06-29,25,9,34
091,2026-08-13,2026-06-30,21,21,42
091,2026-08-13,2026-07-01,46,23,69
091,2026-08-13,2026-07-02,29,23,52
091,2026-08-13,2026-07-03,28,17,45
091,2026-08-13,2026-07-04,39,21,60
091,2026-08-13,2026-07-05,21,19,40
091,2026-08-13,2026-07-06,24,16,40
091,2026-08-13,2026-07-07,22,17,39
091,2026-08-13,2026-07-08,26,15,41
091,2026-08-13,2026-07-09,36,14,50
091,2026-08-13,2026-07-10,37,22,59
091,2026-08-13,2026-07-11,37,13,50
091,2026-08-13,2026-07-12,26,15,41
091,2026-08-13,2026-07-13,29,19,48
091,2026-08-13,2026-07-14,38,15,53
091,2026-08-13,2026-07-15,37,20,57
091,2026-08-13,2026-07-16,24,13,37
091,2026-08-13,2026-07-17,19,17,36
091,2026-08-13,2026-07-18,44,19,63
091,2026-08-13,2026-07-19,37,14,51
091,2026-08-13,2026-07-20,51,30,81
091,2026-08-13,2026-07-21,40,19,59
091,2026-08-13,2026-07-22,30,24,54
091,2026-08-13,2026-07-23,35,16,51
091,2026-08-13,2026-07-24,23,15,38
091,2026-08-13,2026-07-25,29,15,44
091,2026-08-13,2026-07-26,26,18,44
091,2026-08-13,2026-07-27,34,12,46
091,2026-08-13,2026-07-28,35,21,56
091,2026-08-13,2026-07-29,30,9,39
091,2026-08-13,2026-07-30,20,14,34
091,2026-08-13,2026-07-31,27,12,39
091,2026-08-13,2026-08-01,33,14,47
091,2026-08-13,2026-08-02,25,15,40
091,2026-08-13,2026-08-03,13,8,21
091,2026-08-13,2026-08-04,12,6,18
091,2026-08-13,2026-08-05,7,5,12
091,2026-08-13,2026-08-06,8,5,13
091,2026-08-13,2026-08-07,5,6,11
091,2026-08-13,2026-08-08,5,2,7
092,2026-08-14,2026-04-30,0,2,2
092,2026-08-14,2026-05-01,0,0,0
092,2026-08-14,2026-05-02,3,3,6
092,2026-08-14,2026-05-03,2,2,4
092,2026-08-14,2026-05-05,4,4,8
092,2026-08-14,2026-05-06,2,0,2
092,2026-08-14,2026-05-07,2,0,2
092,2026-08-14,2026-05-08,1,2,3
092,2026-08-14,2026-05-09,1,2,3
092,2026-08-14,2026-05-10,6,2,8
092,2026-08-14,2026-05-11,3,0,3
092,2026-08-14,2026-05-12,3,0,3
092,2026-08-14,2026-05-13,6,5,11
092,2026-08-14,2026-05-14,2,11,13
092,2026-08-14,2026-05-15,14,13,27
092,2026-08-14,2026-05-16,24,6,30
092,2026-08-14,2026-05-17,18,2,20
092,2026-08-14,2026-05-18,21,9,30
092,2026-08-14,2026-05-19,22,5,27
092,2026-08-14,2026-05-20,11,5,16
092,2026-08-14,2026-05-21,10,11,21
092,2026-08-14,2026-05-22,18,3,21
092,2026-08-14,2026-05-23,13,6,19
092,2026-08-14,2026-05-24,10,10,20
092,2026-08-14,2026-05-25,10,9,19
092,2026-08-14,2026-05-26,19,4,23
092,2026-08-14,2026-05-27,18,8,26
092,2026-08-14,2026-05-28,24,6,30
092,2026-08-14,2026-05-29,17,10,27
092,2026-08-14,2026-05-30,26,16,42
092,2026-08-14,2026-05-31,17,14,31
092,2026-08-14,2026-06-01,30,22,52
092,2026-08-14,2026-06-02,23,17,40
092,2026-08-14,2026-06-03,15,14,29
092,2026-08-14,2026-06-04,16,7,23
092,2026-08-14,2026-06-05,9,8,17
092,2026-08-14,2026-06-06,25,10,35
092,2026-08-14,2026-06-07,27,8,35
092,2026-08-14,2026-06-08,33,19,52
092,2026-08-14,2026-06-09,17,16,33
092,2026-08-14,2026-06-10,22,18,40
092,2026-08-14,2026-06-11,28,11,39
092,2026-08-14,2026-06-12,29,13,42
092,2026-08-14,2026-06-13,25,10,35
092,2026-08-14,2026-06-14,36,19,55
092,2026-08-14,2026-06-15,34,15,49
092,2026-08-14,2026-06-16,27,15,42
092,2026-08-14,2026-06-17,36,11,47
092,2026-08-14,2026-06-18,31,14,45
092,2026-08-14,2026-06-19,31,8,39
092,2026-08-14,2026-06-20,35,22,57
092,2026-08-14,2026-06-21,31,17,48
092,2026-08-14,2026-06-22,26,10,36
092,2026-08-14,2026-06-23,27,10,37
092,2026-08-14,2026-06-24,25,15,40
092,2026-08-14,2026-06-25,34,19,53
092,2026-08-14,2026-06-26,21,21,42
092,2026-08-14,2026-06-27,25,15,40
092,2026-08-14,2026-06-28,27,22,49
092,2026-08-14,2026-06-29,24,12,36
092,2026-08-14,2026-06-30,22,21,43
092,2026-08-14,2026-07-01,46,24,70
092,2026-08-14,2026-07-02,29,23,52
092,2026-08-14,2026-07-03,27,18,45
092,2026-08-14,2026-07-04,40,23,63
092,2026-08-14,2026-07-05,23,19,42
092,2026-08-14,2026-07-06,24,17,41
092,2026-08-14,2026-07-07,20,20,40
092,2026-08-14,2026-07-08,26,15,41
092,2026-08-14,2026-07-09,35,15,50
092,2026-08-14,2026-07-10,38,24,62
092,2026-08-14,2026-07-11,37,13,50
092,2026-08-14,2026-07-12,25,16,41
092,2026-08-14,2026-07-13,29,20,49
092,2026-08-14,2026-07-14,39,15,54
092,2026-08-14,2026-07-15,40,20,60
092,2026-08-14,2026-07-16,24,14,38
092,2026-08-14,2026-07-17,19,18,37
092,2026-08-14,2026-07-18,44,20,64
092,2026-08-14,2026-07-19,40,15,55
092,2026-08-14,2026-07-20,50,34,84
092,2026-08-14,2026-07-21,40,20,60
092,2026-08-14,2026-07-22,31,26,57
092,2026-08-14,2026-07-23,34,16,50
092,2026-08-14,2026-07-24,22,16,38
092,2026-08-14,2026-07-25,32,18,50
092,2026-08-14,2026-07-26,29,20,49
092,2026-08-14,2026-07-27,39,12,51
092,2026-08-14,2026-07-28,40,25,65
092,2026-08-14,2026-07-29,32,14,46
092,2026-08-14,2026-07-30,29,16,45
092,2026-08-14,2026-07-31,34,14,48
092,2026-08-14,2026-08-01,47,20,67
092,2026-08-14,2026-08-02,42,23,65
092,2026-08-14,2026-08-03,20,14,34
092,2026-08-14,2026-08-04,26,9,35
092,2026-08-14,2026-08-05,26,9,35
092,2026-08-14,2026-08-06,32,12,44
092,2026-08-14,2026-08-07,18,9,27
092,2026-08-14,2026-08-08,25,5,30
092,2026-08-14,2026-08-09,22,14,36
092,2026-08-14,2026-08-10,15,8,23
092,2026-08-14,2026-08-11,10,11,21
092,2026-08-14,2026-08-12,8,9,17
092,2026-08-14,2026-08-13,5,4,9
093,2026-08-15,2026-04-30,0,2,2
093,2026-08-15,2026-05-01,0,0,0
093,2026-08-15,2026-05-02,3,3,6
093,2026-08-15,2026-05-03,2,2,4
093,2026-08-15,2026-05-05,4,4,8
093,2026-08-15,2026-05-06,2,0,2
093,2026-08-15,2026-05-07,2,0,2
093,2026-08-15,2026-05-08,1,2,3
093,2026-08-15,2026-05-09,1,2,3
093,2026-08-15,2026-05-10,6,2,8
093,2026-08-15,2026-05-11,3,0,3
093,2026-08-15,2026-05-12,3,0,3
093,2026-08-15,2026-05-13,6,5,11
093,2026-08-15,2026-05-14,2,11,13
093,2026-08-15,2026-05-15,14,13,27
093,2026-08-15,2026-05-16,24,6,30
093,2026-08-15,2026-05-17,18,2,20
093,2026-08-15,2026-05-18,21,9,30
093,2026-08-15,2026-05-19,22,5,27
093,2026-08-15,2026-05-20,11,5,16
093,2026-08-15,2026-05-21,10,11,21
093,2026-08-15,2026-05-22,18,3,21
093,2026-08-15,2026-05-23,13,6,19
093,2026-08-15,2026-05-24,10,10,20
093,2026-08-15,2026-05-25,10,9,19
093,2026-08-15,2026-05-26,19,4,23
093,2026-08-15,2026-05-27,18,8,26
093,2026-08-15,2026-05-28,24,6,30
093,2026-08-15,2026-05-29,17,10,27
093,2026-08-15,2026-05-30,26,16,42
093,2026-08-15,2026-05-31,17,14,31
093,2026-08-15,2026-06-01,30,22,52
093,2026-08-15,2026-06-02,23,17,40
093,2026-08-15,2026-06-03,15,14,29
093,2026-08-15,2026-06-04,16,7,23
093,2026-08-15,2026-06-05,9,8,17
093,2026-08-15,2026-06-06,25,10,35
093,2026-08-15,2026-06-07,27,8,35
093,2026-08-15,2026-06-08,33,19,52
093,2026-08-15,2026-06-09,17,16,33
093,2026-08-15,2026-06-10,22,18,40
093,2026-08-15,2026-06-11,28,11,39
093,2026-08-15,2026-06-12,29,13,42
093,2026-08-15,2026-06-13,25,10,35
093,2026-08-15,2026-06-14,36,19,55
093,2026-08-15,2026-06-15,34,15,49
093,2026-08-15,2026-06-16,27,15,42
093,2026-08-15,2026-06-17,36,11,47
093,2026-08-15,2026-06-18,31,14,45
093,2026-08-15,2026-06-19,31,8,39
093,2026-08-15,2026-06-20,35,22,57
093,2026-08-15,2026-06-21,31,17,48
093,2026-08-15,2026-06-22,26,10,36
093,2026-08-15,2026-06-23,27,10,37
093,2026-08-15,2026-06-24,25,15,40
093,2026-08-15,2026-06-25,34,19,53
093,2026-08-15,2026-06-26,21,21,42
093,2026-08-15,2026-06-27,25,15,40
093,2026-08-15,2026-06-28,27,22,49
093,2026-08-15,2026-06-29,24,12,36
093,2026-08-15,2026-06-30,22,21,43
093,2026-08-15,2026-07-01,46,24,70
093,2026-08-15,2026-07-02,29,23,52
093,2026-08-15,2026-07-03,27,18,45
093,2026-08-15,2026-07-04,40,23,63
093,2026-08-15,2026-07-05,23,19,42
093,2026-08-15,2026-07-06,24,17,41
093,2026-08-15,2026-07-07,20,20,40
093,2026-08-15,2026-07-08,26,15,41
093,2026-08-15,2026-07-09,35,15,50
093,2026-08-15,2026-07-10,38,24,62
093,2026-08-15,2026-07-11,37,13,50
093,2026-08-15,2026-07-12,25,16,41
093,2026-08-15,2026-07-13,29,20,49
093,2026-08-15,2026-07-14,39,15,54
093,2026-08-15,2026-07-15,40,20,60
093,2026-08-15,2026-07-16,24,14,38
093,2026-08-15,2026-07-17,19,18,37
093,2026-08-15,2026-07-18,44,20,64
093,2026-08-15,2026-07-19,40,15,55
093,2026-08-15,2026-07-20,50,34,84
093,2026-08-15,2026-07-21,40,20,60
093,2026-08-15,2026-07-22,31,26,57
093,2026-08-15,2026-07-23,34,16,50
093,2026-08-15,2026-07-24,22,16,38
093,2026-08-15,2026-07-25,32,18,50
093,2026-08-15,2026-07-26,29,20,49
093,2026-08-15,2026-07-27,39,12,51
093,2026-08-15,2026-07-28,40,25,65
093,2026-08-15,2026-07-29,32,14,46
093,2026-08-15,2026-07-30,29,16,45
093,2026-08-15,2026-07-31,34,14,48
093,2026-08-15,2026-08-01,47,20,67
093,2026-08-15,2026-08-02,42,23,65
093,2026-08-15,2026-08-03,20,14,34
093,2026-08-15,2026-08-04,26,9,35
093,2026-08-15,2026-08-05,26,9,35
093,2026-08-15,2026-08-06,32,12,44
093,2026-08-15,2026-08-07,18,9,27
093,2026-08-15,2026-08-08,25,5,30
093,2026-08-15,2026-08-09,22,14,36
093,2026-08-15,2026-08-10,15,8,23
093,2026-08-15,2026-08-11,10,11,21
093,2026-08-15,2026-08-12,8,9,17
093,2026-08-15,2026-08-13,5,4,9
094,2026-08-16,2026-04-24,0,1,1
094,2026-08-16,2026-04-28,0,1,1
094,2026-08-16,2026-04-30,0,2,2
094,2026-08-16,2026-05-01,1,0,1
094,2026-08-16,2026-05-02,3,3,6
094,2026-08-16,2026-05-03,2,2,4
094,2026-08-16,2026-05-05,3,4,7
094,2026-08-16,2026-05-06,2,0,2
094,2026-08-16,2026-05-07,2,0,2
094,2026-08-16,2026-05-08,1,2,3
094,2026-08-16,2026-05-09,1,2,3
094,2026-08-16,2026-05-10,5,2,7
094,2026-08-16,2026-05-11,3,0,3
094,2026-08-16,2026-05-12,3,0,3
094,2026-08-16,2026-05-13,6,5,11
094,2026-08-16,2026-05-14,2,9,11
094,2026-08-16,2026-05-15,14,13,27
094,2026-08-16,2026-05-16,24,6,30
094,2026-08-16,2026-05-17,18,2,20
094,2026-08-16,2026-05-18,21,9,30
094,2026-08-16,2026-05-19,22,5,27
094,2026-08-16,2026-05-20,11,5,16
094,2026-08-16,2026-05-21,10,11,21
094,2026-08-16,2026-05-22,18,3,21
094,2026-08-16,2026-05-23,12,6,18
094,2026-08-16,2026-05-24,10,10,20
094,2026-08-16,2026-05-25,11,8,19
094,2026-08-16,2026-05-26,19,4,23
094,2026-08-16,2026-05-27,17,8,25
094,2026-08-16,2026-05-28,23,7,30
094,2026-08-16,2026-05-29,16,11,27
094,2026-08-16,2026-05-30,26,16,42
094,2026-08-16,2026-05-31,17,14,31
094,2026-08-16,2026-06-01,30,22,52
094,2026-08-16,2026-06-02,22,17,39
094,2026-08-16,2026-06-03,15,14,29
094,2026-08-16,2026-06-04,16,7,23
094,2026-08-16,2026-06-05,9,8,17
094,2026-08-16,2026-06-06,25,10,35
094,2026-08-16,2026-06-07,26,9,35
094,2026-08-16,2026-06-08,32,20,52
094,2026-08-16,2026-06-09,16,16,32
094,2026-08-16,2026-06-10,22,17,39
094,2026-08-16,2026-06-11,28,11,39
094,2026-08-16,2026-06-12,28,14,42
094,2026-08-16,2026-06-13,25,10,35
094,2026-08-16,2026-06-14,36,19,55
094,2026-08-16,2026-06-15,34,15,49
094,2026-08-16,2026-06-16,27,15,42
094,2026-08-16,2026-06-17,35,11,46
094,2026-08-16,2026-06-18,31,14,45
094,2026-08-16,2026-06-19,31,8,39
094,2026-08-16,2026-06-20,35,22,57
094,2026-08-16,2026-06-21,31,17,48
094,2026-08-16,2026-06-22,27,9,36
094,2026-08-16,2026-06-23,28,9,37
094,2026-08-16,2026-06-24,24,15,39
094,2026-08-16,2026-06-25,34,19,53
094,2026-08-16,2026-06-26,21,21,42
094,2026-08-16,2026-06-27,24,15,39
094,2026-08-16,2026-06-28,26,22,48
094,2026-08-16,2026-06-29,24,12,36
094,2026-08-16,2026-06-30,22,21,43
094,2026-08-16,2026-07-01,46,24,70
094,2026-08-16,2026-07-02,29,23,52
094,2026-08-16,2026-07-03,27,18,45
094,2026-08-16,2026-07-04,40,22,62
094,2026-08-16,2026-07-05,23,19,42
094,2026-08-16,2026-07-06,24,17,41
094,2026-08-16,2026-07-07,20,19,39
094,2026-08-16,2026-07-08,26,15,41
094,2026-08-16,2026-07-09,35,15,50
094,2026-08-16,2026-07-10,38,24,62
094,2026-08-16,2026-07-11,37,13,50
094,2026-08-16,2026-07-12,25,16,41
094,2026-08-16,2026-07-13,29,19,48
094,2026-08-16,2026-07-14,39,15,54
094,2026-08-16,2026-07-15,40,21,61
094,2026-08-16,2026-07-16,24,14,38
094,2026-08-16,2026-07-17,19,18,37
094,2026-08-16,2026-07-18,43,21,64
094,2026-08-16,2026-07-19,40,15,55
094,2026-08-16,2026-07-20,49,36,85
094,2026-08-16,2026-07-21,39,22,61
094,2026-08-16,2026-07-22,31,27,58
094,2026-08-16,2026-07-23,34,16,50
094,2026-08-16,2026-07-24,22,16,38
094,2026-08-16,2026-07-25,32,18,50
094,2026-08-16,2026-07-26,29,20,49
094,2026-08-16,2026-07-27,38,13,51
094,2026-08-16,2026-07-28,39,26,65
094,2026-08-16,2026-07-29,32,14,46
094,2026-08-16,2026-07-30,29,16,45
094,2026-08-16,2026-07-31,35,17,52
094,2026-08-16,2026-08-01,50,20,70
094,2026-08-16,2026-08-02,44,24,68
094,2026-08-16,2026-08-03,22,15,37
094,2026-08-16,2026-08-04,25,12,37
094,2026-08-16,2026-08-05,28,11,39
094,2026-08-16,2026-08-06,32,12,44
094,2026-08-16,2026-08-07,20,12,32
094,2026-08-16,2026-08-08,33,5,38
094,2026-08-16,2026-08-09,29,14,43
094,2026-08-16,2026-08-10,23,9,32
094,2026-08-16,2026-08-11,12,9,21
094,2026-08-16,2026-08-12,11,12,23
094,2026-08-16,2026-08-13,8,6,14
094,2026-08-16,2026-08-14,2,3,5
094,2026-08-16,2026-08-15,1,2,3
095,2026-08-17,2026-04-24,0,1,1
095,2026-08-17,2026-04-28,0,1,1
095,2026-08-17,2026-04-30,0,2,2
095,2026-08-17,2026-05-01,1,0,1
095,2026-08-17,2026-05-02,3,3,6
095,2026-08-17,2026-05-03,2,2,4
095,2026-08-17,2026-05-05,3,4,7
095,2026-08-17,2026-05-06,2,0,2
095,2026-08-17,2026-05-07,2,0,2
095,2026-08-17,2026-05-08,1,2,3
095,2026-08-17,2026-05-09,1,2,3
095,2026-08-17,2026-05-10,5,2,7
095,2026-08-17,2026-05-11,3,0,3
095,2026-08-17,2026-05-12,3,0,3
095,2026-08-17,2026-05-13,6,5,11
095,2026-08-17,2026-05-14,2,9,11
095,2026-08-17,2026-05-15,14,13,27
095,2026-08-17,2026-05-16,24,6,30
095,2026-08-17,2026-05-17,18,2,20
095,2026-08-17,2026-05-18,21,9,30
095,2026-08-17,2026-05-19,22,5,27
095,2026-08-17,2026-05-20,11,5,16
095,2026-08-17,2026-05-21,10,11,21
095,2026-08-17,2026-05-22,18,3,21
095,2026-08-17,2026-05-23,12,6,18
095,2026-08-17,2026-05-24,10,10,20
095,2026-08-17,2026-05-25,11,8,19
095,2026-08-17,2026-05-26,19,4,23
095,2026-08-17,2026-05-27,17,8,25
095,2026-08-17,2026-05-28,23,7,30
095,2026-08-17,2026-05-29,16,11,27
095,2026-08-17,2026-05-30,26,16,42
095,2026-08-17,2026-05-31,17,14,31
095,2026-08-17,2026-06-01,30,22,52
095,2026-08-17,2026-06-02,22,17,39
095,2026-08-17,2026-06-03,15,14,29
095,2026-08-17,2026-06-04,16,7,23
095,2026-08-17,2026-06-05,9,8,17
095,2026-08-17,2026-06-06,25,10,35
095,2026-08-17,2026-06-07,26,9,35
095,2026-08-17,2026-06-08,32,20,52
095,2026-08-17,2026-06-09,16,16,32
095,2026-08-17,2026-06-10,22,17,39
095,2026-08-17,2026-06-11,28,11,39
095,2026-08-17,2026-06-12,28,14,42
095,2026-08-17,2026-06-13,25,10,35
095,2026-08-17,2026-06-14,36,19,55
095,2026-08-17,2026-06-15,34,15,49
095,2026-08-17,2026-06-16,27,15,42
095,2026-08-17,2026-06-17,35,11,46
095,2026-08-17,2026-06-18,31,14,45
095,2026-08-17,2026-06-19,31,8,39
095,2026-08-17,2026-06-20,35,22,57
095,2026-08-17,2026-06-21,31,17,48
095,2026-08-17,2026-06-22,27,9,36
095,2026-08-17,2026-06-23,28,9,37
095,2026-08-17,2026-06-24,24,15,39
095,2026-08-17,2026-06-25,34,19,53
095,2026-08-17,2026-06-26,21,21,42
095,2026-08-17,2026-06-27,24,15,39
095,2026-08-17,2026-06-28,26,22,48
095,2026-08-17,2026-06-29,24,12,36
095,2026-08-17,2026-06-30,22,21,43
095,2026-08-17,2026-07-01,46,24,70
095,2026-08-17,2026-07-02,29,23,52
095,2026-08-17,2026-07-03,27,18,45
095,2026-08-17,2026-07-04,40,22,62
095,2026-08-17,2026-07-05,23,19,42
095,2026-08-17,2026-07-06,24,17,41
095,2026-08-17,2026-07-07,20,19,39
095,2026-08-17,2026-07-08,26,15,41
095,2026-08-17,2026-07-09,35,15,50
095,2026-08-17,2026-07-10,38,24,62
095,2026-08-17,2026-07-11,37,13,50
095,2026-08-17,2026-07-12,25,16,41
095,2026-08-17,2026-07-13,29,19,48
095,2026-08-17,2026-07-14,39,15,54
095,2026-08-17,2026-07-15,40,21,61
095,2026-08-17,2026-07-16,24,14,38
095,2026-08-17,2026-07-17,19,18,37
095,2026-08-17,2026-07-18,43,21,64
095,2026-08-17,2026-07-19,40,15,55
095,2026-08-17,2026-07-20,49,36,85
095,2026-08-17,2026-07-21,39,22,61
095,2026-08-17,2026-07-22,31,27,58
095,2026-08-17,2026-07-23,34,16,50
095,2026-08-17,2026-07-24,22,16,38
095,2026-08-17,2026-07-25,32,18,50
095,2026-08-17,2026-07-26,29,20,49
095,2026-08-17,2026-07-27,38,13,51
095,2026-08-17,2026-07-28,39,26,65
095,2026-08-17,2026-07-29,32,14,46
095,2026-08-17,2026-07-30,29,16,45
095,2026-08-17,2026-07-31,35,17,52
095,2026-08-17,2026-08-01,50,20,70
095,2026-08-17,2026-08-02,44,24,68
095,2026-08-17,2026-08-03,22,15,37
095,2026-08-17,2026-08-04,25,12,37
095,2026-08-17,2026-08-05,28,11,39
095,2026-08-17,2026-08-06,32,12,44
095,2026-08-17,2026-08-07,20,12,32
095,2026-08-17,2026-08-08,33,5,38
095,2026-08-17,2026-08-09,29,14,43
095,2026-08-17,2026-08-10,23,9,32
095,2026-08-17,2026-08-11,12,9,21
095,2026-08-17,2026-08-12,11,12,23
095,2026-08-17,2026-08-13,8,6,14
095,2026-08-17,2026-08-14,2,3,5
095,2026-08-17,2026-08-15,1,2,3
096,2026-08-18,2026-04-24,0,1,1
096,2026-08-18,2026-04-28,0,1,1
096,2026-08-18,2026-04-30,0,2,2
096,2026-08-18,2026-05-01,1,0,1
096,2026-08-18,2026-05-02,3,3,6
096,2026-08-18,2026-05-03,2,2,4
096,2026-08-18,2026-05-05,3,4,7
096,2026-08-18,2026-05-06,2,0,2
096,2026-08-18,2026-05-07,2,0,2
096,2026-08-18,2026-05-08,1,2,3
096,2026-08-18,2026-05-09,1,2,3
096,2026-08-18,2026-05-10,5,2,7
096,2026-08-18,2026-05-11,3,0,3
096,2026-08-18,2026-05-12,3,0,3
096,2026-08-18,2026-05-13,6,5,11
096,2026-08-18,2026-05-14,2,9,11
096,2026-08-18,2026-05-15,14,13,27
096,2026-08-18,2026-05-16,24,6,30
096,2026-08-18,2026-05-17,18,2,20
096,2026-08-18,2026-05-18,21,9,30
096,2026-08-18,2026-05-19,22,5,27
096,2026-08-18,2026-05-20,11,5,16
096,2026-08-18,2026-05-21,10,11,21
096,2026-08-18,2026-05-22,18,3,21
096,2026-08-18,2026-05-23,12,6,18
096,2026-08-18,2026-05-24,10,10,20
096,2026-08-18,2026-05-25,11,8,19
096,2026-08-18,2026-05-26,19,4,23
096,2026-08-18,2026-05-27,17,8,25
096,2026-08-18,2026-05-28,23,7,30
096,2026-08-18,2026-05-29,16,11,27
096,2026-08-18,2026-05-30,26,16,42
096,2026-08-18,2026-05-31,17,14,31
096,2026-08-18,2026-06-01,30,22,52
096,2026-08-18,2026-06-02,22,17,39
096,2026-08-18,2026-06-03,15,14,29
096,2026-08-18,2026-06-04,16,7,23
096,2026-08-18,2026-06-05,9,8,17
096,2026-08-18,2026-06-06,25,10,35
096,2026-08-18,2026-06-07,26,9,35
096,2026-08-18,2026-06-08,32,20,52
096,2026-08-18,2026-06-09,16,16,32
096,2026-08-18,2026-06-10,22,17,39
096,2026-08-18,2026-06-11,28,11,39
096,2026-08-18,2026-06-12,28,14,42
096,2026-08-18,2026-06-13,25,10,35
096,2026-08-18,2026-06-14,36,19,55
096,2026-08-18,2026-06-15,34,15,49
096,2026-08-18,2026-06-16,27,15,42
096,2026-08-18,2026-06-17,35,11,46
096,2026-08-18,2026-06-18,31,14,45
096,2026-08-18,2026-06-19,31,8,39
096,2026-08-18,2026-06-20,35,22,57
096,2026-08-18,2026-06-21,31,17,48
096,2026-08-18,2026-06-22,27,9,36
096,2026-08-18,2026-06-23,28,9,37
096,2026-08-18,2026-06-24,24,15,39
096,2026-08-18,2026-06-25,34,19,53
096,2026-08-18,2026-06-26,21,21,42
096,2026-08-18,2026-06-27,24,15,39
096,2026-08-18,2026-06-28,26,22,48
096,2026-08-18,2026-06-29,24,12,36
096,2026-08-18,2026-06-30,22,21,43
096,2026-08-18,2026-07-01,46,24,70
096,2026-08-18,2026-07-02,29,23,52
096,2026-08-18,2026-07-03,27,18,45
096,2026-08-18,2026-07-04,40,22,62
096,2026-08-18,2026-07-05,23,19,42
096,2026-08-18,2026-07-06,24,17,41
096,2026-08-18,2026-07-07,20,19,39
096,2026-08-18,2026-07-08,26,15,41
096,2026-08-18,2026-07-09,35,15,50
096,2026-08-18,2026-07-10,38,24,62
096,2026-08-18,2026-07-11,37,13,50
096,2026-08-18,2026-07-12,25,16,41
096,2026-08-18,2026-07-13,29,19,48
096,2026-08-18,2026-07-14,39,15,54
096,2026-08-18,2026-07-15,40,21,61
096,2026-08-18,2026-07-16,24,14,38
096,2026-08-18,2026-07-17,19,18,37
096,2026-08-18,2026-07-18,43,21,64
096,2026-08-18,2026-07-19,40,15,55
096,2026-08-18,2026-07-20,49,36,85
096,2026-08-18,2026-07-21,39,22,61
096,2026-08-18,2026-07-22,31,27,58
096,2026-08-18,2026-07-23,34,16,50
096,2026-08-18,2026-07-24,22,16,38
096,2026-08-18,2026-07-25,32,18,50
096,2026-08-18,2026-07-26,29,20,49
096,2026-08-18,2026-07-27,38,13,51
096,2026-08-18,2026-07-28,39,26,65
096,2026-08-18,2026-07-29,32,14,46
096,2026-08-18,2026-07-30,29,16,45
096,2026-08-18,2026-07-31,35,17,52
096,2026-08-18,2026-08-01,50,20,70
096,2026-08-18,2026-08-02,44,24,68
096,2026-08-18,2026-08-03,22,15,37
096,2026-08-18,2026-08-04,25,12,37
096,2026-08-18,2026-08-05,28,11,39
096,2026-08-18,2026-08-06,32,12,44
096,2026-08-18,2026-08-07,20,12,32
096,2026-08-18,2026-08-08,33,5,38
096,2026-08-18,2026-08-09,29,14,43
096,2026-08-18,2026-08-10,23,9,32
096,2026-08-18,2026-08-11,12,9,21
096,2026-08-18,2026-08-12,11,12,23
096,2026-08-18,2026-08-13,8,6,14
096,2026-08-18,2026-08-14,2,3,5
096,2026-08-18,2026-08-15,1,2,3
097,2026-08-19,2026-04-24,1,0,1
097,2026-08-19,2026-04-28,0,1,1
097,2026-08-19,2026-04-30,0,2,2
097,2026-08-19,2026-05-01,1,0,1
097,2026-08-19,2026-05-02,3,3,6
097,2026-08-19,2026-05-03,2,2,4
097,2026-08-19,2026-05-04,0,0,0
097,2026-08-19,2026-05-05,4,4,8
097,2026-08-19,2026-05-06,2,0,2
097,2026-08-19,2026-05-07,2,0,2
097,2026-08-19,2026-05-08,1,2,3
097,2026-08-19,2026-05-09,1,2,3
097,2026-08-19,2026-05-10,6,2,8
097,2026-08-19,2026-05-11,3,0,3
097,2026-08-19,2026-05-12,3,0,3
097,2026-08-19,2026-05-13,6,5,11
097,2026-08-19,2026-05-14,5,5,10
097,2026-08-19,2026-05-15,13,14,27
097,2026-08-19,2026-05-16,24,6,30
097,2026-08-19,2026-05-17,18,2,20
097,2026-08-19,2026-05-18,20,10,30
097,2026-08-19,2026-05-19,21,6,27
097,2026-08-19,2026-05-20,11,5,16
097,2026-08-19,2026-05-21,10,11,21
097,2026-08-19,2026-05-22,17,4,21
097,2026-08-19,2026-05-23,13,6,19
097,2026-08-19,2026-05-24,10,10,20
097,2026-08-19,2026-05-25,11,8,19
097,2026-08-19,2026-05-26,18,4,22
097,2026-08-19,2026-05-27,18,8,26
097,2026-08-19,2026-05-28,24,6,30
097,2026-08-19,2026-05-29,17,10,27
097,2026-08-19,2026-05-30,25,17,42
097,2026-08-19,2026-05-31,17,14,31
097,2026-08-19,2026-06-01,30,22,52
097,2026-08-19,2026-06-02,21,19,40
097,2026-08-19,2026-06-03,15,14,29
097,2026-08-19,2026-06-04,15,7,22
097,2026-08-19,2026-06-05,8,9,17
097,2026-08-19,2026-06-06,25,10,35
097,2026-08-19,2026-06-07,26,10,36
097,2026-08-19,2026-06-08,33,19,52
097,2026-08-19,2026-06-09,15,17,32
097,2026-08-19,2026-06-10,19,21,40
097,2026-08-19,2026-06-11,26,13,39
097,2026-08-19,2026-06-12,28,14,42
097,2026-08-19,2026-06-13,26,10,36
097,2026-08-19,2026-06-14,34,21,55
097,2026-08-19,2026-06-15,32,17,49
097,2026-08-19,2026-06-16,27,15,42
097,2026-08-19,2026-06-17,34,13,47
097,2026-08-19,2026-06-18,30,15,45
097,2026-08-19,2026-06-19,30,9,39
097,2026-08-19,2026-06-20,35,22,57
097,2026-08-19,2026-06-21,31,17,48
097,2026-08-19,2026-06-22,27,9,36
097,2026-08-19,2026-06-23,27,10,37
097,2026-08-19,2026-06-24,25,15,40
097,2026-08-19,2026-06-25,33,19,52
097,2026-08-19,2026-06-26,21,21,42
097,2026-08-19,2026-06-27,25,15,40
097,2026-08-19,2026-06-28,26,22,48
097,2026-08-19,2026-06-29,24,12,36
097,2026-08-19,2026-06-30,21,22,43
097,2026-08-19,2026-07-01,45,24,69
097,2026-08-19,2026-07-02,29,23,52
097,2026-08-19,2026-07-03,27,18,45
097,2026-08-19,2026-07-04,40,22,62
097,2026-08-19,2026-07-05,23,19,42
097,2026-08-19,2026-07-06,23,18,41
097,2026-08-19,2026-07-07,21,19,40
097,2026-08-19,2026-07-08,26,15,41
097,2026-08-19,2026-07-09,33,15,48
097,2026-08-19,2026-07-10,35,25,60
097,2026-08-19,2026-07-11,37,13,50
097,2026-08-19,2026-07-12,24,17,41
097,2026-08-19,2026-07-13,29,19,48
097,2026-08-19,2026-07-14,38,16,54
097,2026-08-19,2026-07-15,40,22,62
097,2026-08-19,2026-07-16,24,14,38
097,2026-08-19,2026-07-17,19,18,37
097,2026-08-19,2026-07-18,41,21,62
097,2026-08-19,2026-07-19,40,15,55
097,2026-08-19,2026-07-20,47,37,84
097,2026-08-19,2026-07-21,38,22,60
097,2026-08-19,2026-07-22,30,28,58
097,2026-08-19,2026-07-23,31,19,50
097,2026-08-19,2026-07-24,21,17,38
097,2026-08-19,2026-07-25,31,19,50
097,2026-08-19,2026-07-26,30,21,51
097,2026-08-19,2026-07-27,37,15,52
097,2026-08-19,2026-07-28,40,27,67
097,2026-08-19,2026-07-29,33,14,47
097,2026-08-19,2026-07-30,30,18,48
097,2026-08-19,2026-07-31,37,18,55
097,2026-08-19,2026-08-01,50,24,74
097,2026-08-19,2026-08-02,43,29,72
097,2026-08-19,2026-08-03,24,18,42
097,2026-08-19,2026-08-04,27,14,41
097,2026-08-19,2026-08-05,32,14,46
097,2026-08-19,2026-08-06,37,15,52
097,2026-08-19,2026-08-07,27,14,41
097,2026-08-19,2026-08-08,42,8,50
097,2026-08-19,2026-08-09,33,21,54
097,2026-08-19,2026-08-10,36,22,58
097,2026-08-19,2026-08-11,25,17,42
097,2026-08-19,2026-08-12,32,12,44
097,2026-08-19,2026-08-13,29,12,41
097,2026-08-19,2026-08-14,25,10,35
097,2026-08-19,2026-08-15,11,10,21
097,2026-08-19,2026-08-16,6,2,8
097,2026-08-19,2026-08-17,4,1,5
097,2026-08-19,2026-08-18,1,4,5
099,2026-08-21,2026-04-24,0,1,1
099,2026-08-21,2026-04-28,0,1,1
099,2026-08-21,2026-04-30,0,2,2
099,2026-08-21,2026-05-01,1,0,1
099,2026-08-21,2026-05-02,3,3,6
099,2026-08-21,2026-05-03,2,2,4
099,2026-08-21,2026-05-05,4,4,8
099,2026-08-21,2026-05-06,2,0,2
099,2026-08-21,2026-05-07,2,0,2
099,2026-08-21,2026-05-08,1,2,3
099,2026-08-21,2026-05-09,1,2,3
099,2026-08-21,2026-05-10,6,2,8
099,2026-08-21,2026-05-11,3,0,3
099,2026-08-21,2026-05-12,3,0,3
099,2026-08-21,2026-05-13,6,5,11
099,2026-08-21,2026-05-14,2,9,11
099,2026-08-21,2026-05-15,13,14,27
099,2026-08-21,2026-05-16,24,6,30
099,2026-08-21,2026-05-17,18,2,20
099,2026-08-21,2026-05-18,20,10,30
099,2026-08-21,2026-05-19,21,6,27
099,2026-08-21,2026-05-20,11,5,16
099,2026-08-21,2026-05-21,10,11,21
099,2026-08-21,2026-05-22,18,3,21
099,2026-08-21,2026-05-23,13,6,19
099,2026-08-21,2026-05-24,10,10,20
099,2026-08-21,2026-05-25,11,8,19
099,2026-08-21,2026-05-26,19,4,23
099,2026-08-21,2026-05-27,18,8,26
099,2026-08-21,2026-05-28,24,6,30
099,2026-08-21,2026-05-29,17,10,27
099,2026-08-21,2026-05-30,25,17,42
099,2026-08-21,2026-05-31,18,14,32
099,2026-08-21,2026-06-01,30,22,52
099,2026-08-21,2026-06-02,21,19,40
099,2026-08-21,2026-06-03,15,14,29
099,2026-08-21,2026-06-04,16,7,23
099,2026-08-21,2026-06-05,8,9,17
099,2026-08-21,2026-06-06,25,10,35
099,2026-08-21,2026-06-07,26,10,36
099,2026-08-21,2026-06-08,32,20,52
099,2026-08-21,2026-06-09,16,17,33
099,2026-08-21,2026-06-10,17,23,40
099,2026-08-21,2026-06-11,26,13,39
099,2026-08-21,2026-06-12,28,14,42
099,2026-08-21,2026-06-13,25,11,36
099,2026-08-21,2026-06-14,33,22,55
099,2026-08-21,2026-06-15,32,17,49
099,2026-08-21,2026-06-16,27,15,42
099,2026-08-21,2026-06-17,34,13,47
099,2026-08-21,2026-06-18,28,17,45
099,2026-08-21,2026-06-19,29,10,39
099,2026-08-21,2026-06-20,35,22,57
099,2026-08-21,2026-06-21,31,16,47
099,2026-08-21,2026-06-22,26,10,36
099,2026-08-21,2026-06-23,26,11,37
099,2026-08-21,2026-06-24,25,15,40
099,2026-08-21,2026-06-25,33,20,53
099,2026-08-21,2026-06-26,21,21,42
099,2026-08-21,2026-06-27,25,15,40
099,2026-08-21,2026-06-28,27,22,49
099,2026-08-21,2026-06-29,24,12,36
099,2026-08-21,2026-06-30,22,22,44
099,2026-08-21,2026-07-01,46,24,70
099,2026-08-21,2026-07-02,30,23,53
099,2026-08-21,2026-07-03,27,18,45
099,2026-08-21,2026-07-04,41,22,63
099,2026-08-21,2026-07-05,23,19,42
099,2026-08-21,2026-07-06,23,18,41
099,2026-08-21,2026-07-07,20,20,40
099,2026-08-21,2026-07-08,26,15,41
099,2026-08-21,2026-07-09,34,15,49
099,2026-08-21,2026-07-10,35,26,61
099,2026-08-21,2026-07-11,37,13,50
099,2026-08-21,2026-07-12,24,17,41
099,2026-08-21,2026-07-13,30,19,49
099,2026-08-21,2026-07-14,38,16,54
099,2026-08-21,2026-07-15,40,22,62
099,2026-08-21,2026-07-16,23,15,38
099,2026-08-21,2026-07-17,19,18,37
099,2026-08-21,2026-07-18,41,22,63
099,2026-08-21,2026-07-19,39,16,55
099,2026-08-21,2026-07-20,47,38,85
099,2026-08-21,2026-07-21,39,22,61
099,2026-08-21,2026-07-22,31,28,59
099,2026-08-21,2026-07-23,31,19,50
099,2026-08-21,2026-07-24,22,16,38
099,2026-08-21,2026-07-25,32,19,51
099,2026-08-21,2026-07-26,31,20,51
099,2026-08-21,2026-07-27,37,16,53
099,2026-08-21,2026-07-28,41,28,69
099,2026-08-21,2026-07-29,34,14,48
099,2026-08-21,2026-07-30,30,18,48
099,2026-08-21,2026-07-31,38,18,56
099,2026-08-21,2026-08-01,50,25,75
099,2026-08-21,2026-08-02,43,29,72
099,2026-08-21,2026-08-03,24,18,42
099,2026-08-21,2026-08-04,27,14,41
099,2026-08-21,2026-08-05,34,14,48
099,2026-08-21,2026-08-06,37,16,53
099,2026-08-21,2026-08-07,29,14,43
099,2026-08-21,2026-08-08,43,10,53
099,2026-08-21,2026-08-09,36,22,58
099,2026-08-21,2026-08-10,41,23,64
099,2026-08-21,2026-08-11,25,19,44
099,2026-08-21,2026-08-12,39,14,53
099,2026-08-21,2026-08-13,33,13,46
099,2026-08-21,2026-08-14,31,11,42
099,2026-08-21,2026-08-15,14,9,23
099,2026-08-21,2026-08-16,7,4,11
099,2026-08-21,2026-08-17,7,2,9
099,2026-08-21,2026-08-18,0,5,5
099,2026-08-21,2026-08-19,1,3,4
099,2026-08-21,2026-08-20,1,0,1
100,2026-08-22,2026-04-24,0,1,1
100,2026-08-22,2026-04-27,0,0,0
100,2026-08-22,2026-04-28,1,0,1
100,2026-08-22,2026-04-30,0,2,2
100,2026-08-22,2026-05-01,1,0,1
100,2026-08-22,2026-05-02,3,3,6
100,2026-08-22,2026-05-03,2,2,4
100,2026-08-22,2026-05-05,4,4,8
100,2026-08-22,2026-05-06,2,0,2
100,2026-08-22,2026-05-07,2,0,2
100,2026-08-22,2026-05-08,1,2,3
100,2026-08-22,2026-05-09,1,2,3
100,2026-08-22,2026-05-10,5,3,8
100,2026-08-22,2026-05-11,3,0,3
100,2026-08-22,2026-05-12,3,0,3
100,2026-08-22,2026-05-13,6,5,11
100,2026-08-22,2026-05-14,2,10,12
100,2026-08-22,2026-05-15,13,14,27
100,2026-08-22,2026-05-16,24,6,30
100,2026-08-22,2026-05-17,18,2,20
100,2026-08-22,2026-05-18,20,10,30
100,2026-08-22,2026-05-19,21,6,27
100,2026-08-22,2026-05-20,11,5,16
100,2026-08-22,2026-05-21,10,11,21
100,2026-08-22,2026-05-22,18,3,21
100,2026-08-22,2026-05-23,13,6,19
100,2026-08-22,2026-05-24,10,10,20
100,2026-08-22,2026-05-25,11,8,19
100,2026-08-22,2026-05-26,19,4,23
100,2026-08-22,2026-05-27,18,8,26
100,2026-08-22,2026-05-28,24,6,30
100,2026-08-22,2026-05-29,17,10,27
100,2026-08-22,2026-05-30,25,17,42
100,2026-08-22,2026-05-31,18,14,32
100,2026-08-22,2026-06-01,29,23,52
100,2026-08-22,2026-06-02,21,19,40
100,2026-08-22,2026-06-03,15,14,29
100,2026-08-22,2026-06-04,16,7,23
100,2026-08-22,2026-06-05,8,9,17
100,2026-08-22,2026-06-06,25,10,35
100,2026-08-22,2026-06-07,26,10,36
100,2026-08-22,2026-06-08,32,20,52
100,2026-08-22,2026-06-09,16,17,33
100,2026-08-22,2026-06-10,17,23,40
100,2026-08-22,2026-06-11,27,12,39
100,2026-08-22,2026-06-12,28,14,42
100,2026-08-22,2026-06-13,25,11,36
100,2026-08-22,2026-06-14,34,21,55
100,2026-08-22,2026-06-15,32,17,49
100,2026-08-22,2026-06-16,26,16,42
100,2026-08-22,2026-06-17,34,13,47
100,2026-08-22,2026-06-18,29,16,45
100,2026-08-22,2026-06-19,29,10,39
100,2026-08-22,2026-06-20,34,23,57
100,2026-08-22,2026-06-21,31,16,47
100,2026-08-22,2026-06-22,25,11,36
100,2026-08-22,2026-06-23,26,11,37
100,2026-08-22,2026-06-24,25,15,40
100,2026-08-22,2026-06-25,33,20,53
100,2026-08-22,2026-06-26,21,21,42
100,2026-08-22,2026-06-27,25,15,40
100,2026-08-22,2026-06-28,26,23,49
100,2026-08-22,2026-06-29,24,12,36
100,2026-08-22,2026-06-30,22,22,44
100,2026-08-22,2026-07-01,46,24,70
100,2026-08-22,2026-07-02,29,24,53
100,2026-08-22,2026-07-03,27,18,45
100,2026-08-22,2026-07-04,41,22,63
100,2026-08-22,2026-07-05,23,19,42
100,2026-08-22,2026-07-06,23,18,41
100,2026-08-22,2026-07-07,20,20,40
100,2026-08-22,2026-07-08,26,15,41
100,2026-08-22,2026-07-09,34,15,49
100,2026-08-22,2026-07-10,36,25,61
100,2026-08-22,2026-07-11,37,13,50
100,2026-08-22,2026-07-12,24,17,41
100,2026-08-22,2026-07-13,29,20,49
100,2026-08-22,2026-07-14,38,16,54
100,2026-08-22,2026-07-15,40,22,62
100,2026-08-22,2026-07-16,23,15,38
100,2026-08-22,2026-07-17,19,18,37
100,2026-08-22,2026-07-18,41,22,63
100,2026-08-22,2026-07-19,39,16,55
100,2026-08-22,2026-07-20,48,37,85
100,2026-08-22,2026-07-21,40,22,62
100,2026-08-22,2026-07-22,32,27,59
100,2026-08-22,2026-07-23,31,19,50
100,2026-08-22,2026-07-24,22,16,38
100,2026-08-22,2026-07-25,32,19,51
100,2026-08-22,2026-07-26,31,20,51
100,2026-08-22,2026-07-27,36,17,53
100,2026-08-22,2026-07-28,42,28,70
100,2026-08-22,2026-07-29,34,14,48
100,2026-08-22,2026-07-30,30,18,48
100,2026-08-22,2026-07-31,38,18,56
100,2026-08-22,2026-08-01,52,25,77
100,2026-08-22,2026-08-02,42,31,73
100,2026-08-22,2026-08-03,25,18,43
100,2026-08-22,2026-08-04,27,14,41
100,2026-08-22,2026-08-05,34,14,48
100,2026-08-22,2026-08-06,36,18,54
100,2026-08-22,2026-08-07,31,15,46
100,2026-08-22,2026-08-08,42,14,56
100,2026-08-22,2026-08-09,38,23,61
100,2026-08-22,2026-08-10,42,29,71
100,2026-08-22,2026-08-11,26,20,46
100,2026-08-22,2026-08-12,40,19,59
100,2026-08-22,2026-08-13,36,15,51
100,2026-08-22,2026-08-14,39,11,50
100,2026-08-22,2026-08-15,22,11,33
100,2026-08-22,2026-08-16,13,7,20
100,2026-08-22,2026-08-17,0,0,0
100,2026-08-22,2026-08-18,9,6,15
100,2026-08-22,2026-08-19,7,5,12
100,2026-08-22,2026-08-20,3,5,8
101,2026-08-23,2026-04-24,0,1,1
101,2026-08-23,2026-04-28,0,1,1
101,2026-08-23,2026-04-30,0,2,2
101,2026-08-23,2026-05-01,1,0,1
101,2026-08-23,2026-05-02,3,3,6
101,2026-08-23,2026-05-03,2,2,4
101,2026-08-23,2026-05-05,4,4,8
101,2026-08-23,2026-05-06,2,0,2
101,2026-08-23,2026-05-07,2,0,2
101,2026-08-23,2026-05-08,1,2,3
101,2026-08-23,2026-05-09,1,2,3
101,2026-08-23,2026-05-10,6,2,8
101,2026-08-23,2026-05-11,3,0,3
101,2026-08-23,2026-05-12,3,0,3
101,2026-08-23,2026-05-13,6,5,11
101,2026-08-23,2026-05-14,2,8,10
101,2026-08-23,2026-05-15,13,14,27
101,2026-08-23,2026-05-16,24,6,30
101,2026-08-23,2026-05-17,17,3,20
101,2026-08-23,2026-05-18,20,10,30
101,2026-08-23,2026-05-19,21,6,27
101,2026-08-23,2026-05-20,11,5,16
101,2026-08-23,2026-05-21,10,11,21
101,2026-08-23,2026-05-22,18,3,21
101,2026-08-23,2026-05-23,13,6,19
101,2026-08-23,2026-05-24,10,10,20
101,2026-08-23,2026-05-25,11,8,19
101,2026-08-23,2026-05-26,19,4,23
101,2026-08-23,2026-05-27,18,8,26
101,2026-08-23,2026-05-28,24,6,30
101,2026-08-23,2026-05-29,17,10,27
101,2026-08-23,2026-05-30,25,17,42
101,2026-08-23,2026-05-31,18,14,32
101,2026-08-23,2026-06-01,29,23,52
101,2026-08-23,2026-06-02,21,19,40
101,2026-08-23,2026-06-03,15,14,29
101,2026-08-23,2026-06-04,15,8,23
101,2026-08-23,2026-06-05,8,9,17
101,2026-08-23,2026-06-06,25,10,35
101,2026-08-23,2026-06-07,26,10,36
101,2026-08-23,2026-06-08,32,20,52
101,2026-08-23,2026-06-09,16,17,33
101,2026-08-23,2026-06-10,17,22,39
101,2026-08-23,2026-06-11,27,12,39
101,2026-08-23,2026-06-12,28,14,42
101,2026-08-23,2026-06-13,25,11,36
101,2026-08-23,2026-06-14,34,21,55
101,2026-08-23,2026-06-15,33,17,50
101,2026-08-23,2026-06-16,26,16,42
101,2026-08-23,2026-06-17,35,13,48
101,2026-08-23,2026-06-18,29,16,45
101,2026-08-23,2026-06-19,29,10,39
101,2026-08-23,2026-06-20,34,23,57
101,2026-08-23,2026-06-21,31,16,47
101,2026-08-23,2026-06-22,25,11,36
101,2026-08-23,2026-06-23,26,11,37
101,2026-08-23,2026-06-24,25,15,40
101,2026-08-23,2026-06-25,32,21,53
101,2026-08-23,2026-06-26,21,21,42
101,2026-08-23,2026-06-27,25,15,40
101,2026-08-23,2026-06-28,27,22,49
101,2026-08-23,2026-06-29,24,12,36
101,2026-08-23,2026-06-30,22,22,44
101,2026-08-23,2026-07-01,46,24,70
101,2026-08-23,2026-07-02,29,24,53
101,2026-08-23,2026-07-03,27,18,45
101,2026-08-23,2026-07-04,41,22,63
101,2026-08-23,2026-07-05,23,19,42
101,2026-08-23,2026-07-06,23,18,41
101,2026-08-23,2026-07-07,20,20,40
101,2026-08-23,2026-07-08,26,15,41
101,2026-08-23,2026-07-09,34,15,49
101,2026-08-23,2026-07-10,36,25,61
101,2026-08-23,2026-07-11,37,13,50
101,2026-08-23,2026-07-12,24,17,41
101,2026-08-23,2026-07-13,30,19,49
101,2026-08-23,2026-07-14,38,16,54
101,2026-08-23,2026-07-15,40,22,62
101,2026-08-23,2026-07-16,23,15,38
101,2026-08-23,2026-07-17,19,18,37
101,2026-08-23,2026-07-18,41,22,63
101,2026-08-23,2026-07-19,39,16,55
101,2026-08-23,2026-07-20,47,38,85
101,2026-08-23,2026-07-21,39,23,62
101,2026-08-23,2026-07-22,32,27,59
101,2026-08-23,2026-07-23,30,20,50
101,2026-08-23,2026-07-24,21,17,38
101,2026-08-23,2026-07-25,31,20,51
101,2026-08-23,2026-07-26,30,21,51
101,2026-08-23,2026-07-27,36,17,53
101,2026-08-23,2026-07-28,41,29,70
101,2026-08-23,2026-07-29,34,14,48
101,2026-08-23,2026-07-30,30,18,48
101,2026-08-23,2026-07-31,36,20,56
101,2026-08-23,2026-08-01,50,27,77
101,2026-08-23,2026-08-02,40,33,73
101,2026-08-23,2026-08-03,25,18,43
101,2026-08-23,2026-08-04,27,14,41
101,2026-08-23,2026-08-05,34,14,48
101,2026-08-23,2026-08-06,36,18,54
101,2026-08-23,2026-08-07,30,19,49
101,2026-08-23,2026-08-08,42,16,58
101,2026-08-23,2026-08-09,40,24,64
101,2026-08-23,2026-08-10,42,30,72
101,2026-08-23,2026-08-11,26,20,46
101,2026-08-23,2026-08-12,43,20,63
101,2026-08-23,2026-08-13,38,16,54
101,2026-08-23,2026-08-14,39,12,51
101,2026-08-23,2026-08-15,21,14,35
101,2026-08-23,2026-08-16,18,9,27
101,2026-08-23,2026-08-17,16,4,20
101,2026-08-23,2026-08-18,13,7,20
101,2026-08-23,2026-08-19,8,5,13
101,2026-08-23,2026-08-20,7,5,12
101,2026-08-23,2026-08-21,5,3,8
101,2026-08-23,2026-08-22,1,0,1
102,2026-08-24,2026-04-24,0,1,1
102,2026-08-24,2026-04-25,0,0,0
102,2026-08-24,2026-04-26,0,0,0
102,2026-08-24,2026-04-27,0,0,0
102,2026-08-24,2026-04-28,1,0,1
102,2026-08-24,2026-04-29,0,0,0
102,2026-08-24,2026-04-30,0,2,2
102,2026-08-24,2026-05-01,1,0,1
102,2026-08-24,2026-05-02,3,3,6
102,2026-08-24,2026-05-03,2,2,4
102,2026-08-24,2026-05-04,0,0,0
102,2026-08-24,2026-05-05,4,4,8
102,2026-08-24,2026-05-06,2,0,2
102,2026-08-24,2026-05-08,1,2,3
102,2026-08-24,2026-05-09,1,2,3
102,2026-08-24,2026-05-10,6,2,8
102,2026-08-24,2026-05-11,3,0,3
102,2026-08-24,2026-05-12,3,0,3
102,2026-08-24,2026-05-13,6,5,11
102,2026-08-24,2026-05-14,4,14,18
102,2026-08-24,2026-05-15,13,14,27
102,2026-08-24,2026-05-16,24,6,30
102,2026-08-24,2026-05-17,17,3,20
102,2026-08-24,2026-05-18,20,10,30
102,2026-08-24,2026-05-19,21,6,27
102,2026-08-24,2026-05-20,11,5,16
102,2026-08-24,2026-05-21,10,11,21
102,2026-08-24,2026-05-22,18,3,21
102,2026-08-24,2026-05-23,13,6,19
102,2026-08-24,2026-05-24,10,10,20
102,2026-08-24,2026-05-25,11,8,19
102,2026-08-24,2026-05-26,18,5,23
102,2026-08-24,2026-05-27,18,8,26
102,2026-08-24,2026-05-28,23,6,29
102,2026-08-24,2026-05-29,17,10,27
102,2026-08-24,2026-05-30,24,18,42
102,2026-08-24,2026-05-31,18,14,32
102,2026-08-24,2026-06-01,29,23,52
102,2026-08-24,2026-06-02,21,19,40
102,2026-08-24,2026-06-03,15,14,29
102,2026-08-24,2026-06-04,17,7,24
102,2026-08-24,2026-06-05,8,9,17
102,2026-08-24,2026-06-06,24,10,34
102,2026-08-24,2026-06-07,26,10,36
102,2026-08-24,2026-06-08,31,20,51
102,2026-08-24,2026-06-09,16,17,33
102,2026-08-24,2026-06-10,17,22,39
102,2026-08-24,2026-06-11,27,12,39
102,2026-08-24,2026-06-12,26,15,41
102,2026-08-24,2026-06-13,25,11,36
102,2026-08-24,2026-06-14,33,21,54
102,2026-08-24,2026-06-15,32,17,49
102,2026-08-24,2026-06-16,25,16,41
102,2026-08-24,2026-06-17,34,13,47
102,2026-08-24,2026-06-18,29,16,45
102,2026-08-24,2026-06-19,29,10,39
102,2026-08-24,2026-06-20,34,23,57
102,2026-08-24,2026-06-21,29,17,46
102,2026-08-24,2026-06-22,25,11,36
102,2026-08-24,2026-06-23,25,11,36
102,2026-08-24,2026-06-24,25,15,40
102,2026-08-24,2026-06-25,31,21,52
102,2026-08-24,2026-06-26,20,21,41
102,2026-08-24,2026-06-27,25,15,40
102,2026-08-24,2026-06-28,26,22,48
102,2026-08-24,2026-06-29,23,13,36
102,2026-08-24,2026-06-30,21,22,43
102,2026-08-24,2026-07-01,45,24,69
102,2026-08-24,2026-07-02,28,24,52
102,2026-08-24,2026-07-03,27,18,45
102,2026-08-24,2026-07-04,40,22,62
102,2026-08-24,2026-07-05,22,19,41
102,2026-08-24,2026-07-06,23,18,41
102,2026-08-24,2026-07-07,20,20,40
102,2026-08-24,2026-07-08,25,15,40
102,2026-08-24,2026-07-09,33,15,48
102,2026-08-24,2026-07-10,36,25,61
102,2026-08-24,2026-07-11,36,13,49
102,2026-08-24,2026-07-12,23,17,40
102,2026-08-24,2026-07-13,29,20,49
102,2026-08-24,2026-07-14,37,16,53
102,2026-08-24,2026-07-15,39,22,61
102,2026-08-24,2026-07-16,23,15,38
102,2026-08-24,2026-07-17,20,18,38
102,2026-08-24,2026-07-18,42,22,64
102,2026-08-24,2026-07-19,37,17,54
102,2026-08-24,2026-07-20,46,39,85
102,2026-08-24,2026-07-21,39,24,63
102,2026-08-24,2026-07-22,30,28,58
102,2026-08-24,2026-07-23,30,21,51
102,2026-08-24,2026-07-24,22,17,39
102,2026-08-24,2026-07-25,31,20,51
102,2026-08-24,2026-07-26,29,21,50
102,2026-08-24,2026-07-27,35,17,52
102,2026-08-24,2026-07-28,40,29,69
102,2026-08-24,2026-07-29,32,15,47
102,2026-08-24,2026-07-30,29,18,47
102,2026-08-24,2026-07-31,35,20,55
102,2026-08-24,2026-08-01,49,27,76
102,2026-08-24,2026-08-02,39,33,72
102,2026-08-24,2026-08-03,22,20,42
102,2026-08-24,2026-08-04,25,17,42
102,2026-08-24,2026-08-05,33,14,47
102,2026-08-24,2026-08-06,34,20,54
102,2026-08-24,2026-08-07,28,20,48
102,2026-08-24,2026-08-08,40,18,58
102,2026-08-24,2026-08-09,40,24,64
102,2026-08-24,2026-08-10,43,31,74
102,2026-08-24,2026-08-11,28,20,48
102,2026-08-24,2026-08-12,42,21,63
102,2026-08-24,2026-08-13,40,17,57
102,2026-08-24,2026-08-14,41,13,54
102,2026-08-24,2026-08-15,25,16,41
102,2026-08-24,2026-08-16,21,9,30
102,2026-08-24,2026-08-17,20,6,26
102,2026-08-24,2026-08-18,19,10,29
102,2026-08-24,2026-08-19,14,6,20
102,2026-08-24,2026-08-20,13,9,22
102,2026-08-24,2026-08-21,7,9,16
102,2026-08-24,2026-08-22,0,0,0
102,2026-08-24,2026-08-23,2,3,5
103,2026-08-25,2026-04-24,1,0,1
103,2026-08-25,2026-04-28,0,1,1
103,2026-08-25,2026-04-30,0,2,2
103,2026-08-25,2026-05-01,1,0,1
103,2026-08-25,2026-05-02,3,3,6
103,2026-08-25,2026-05-03,2,2,4
103,2026-08-25,2026-05-05,4,4,8
103,2026-08-25,2026-05-06,2,0,2
103,2026-08-25,2026-05-07,2,0,2
103,2026-08-25,2026-05-08,1,2,3
103,2026-08-25,2026-05-09,1,2,3
103,2026-08-25,2026-05-10,6,2,8
103,2026-08-25,2026-05-11,3,0,3
103,2026-08-25,2026-05-12,3,0,3
103,2026-08-25,2026-05-13,6,5,11
103,2026-08-25,2026-05-14,2,8,10
103,2026-08-25,2026-05-15,13,14,27
103,2026-08-25,2026-05-16,24,6,30
103,2026-08-25,2026-05-17,17,3,20
103,2026-08-25,2026-05-18,20,10,30
103,2026-08-25,2026-05-19,21,6,27
103,2026-08-25,2026-05-20,11,5,16
103,2026-08-25,2026-05-21,10,11,21
103,2026-08-25,2026-05-22,18,3,21
103,2026-08-25,2026-05-23,13,6,19
103,2026-08-25,2026-05-24,10,10,20
103,2026-08-25,2026-05-25,11,8,19
103,2026-08-25,2026-05-26,19,4,23
103,2026-08-25,2026-05-27,18,8,26
103,2026-08-25,2026-05-28,24,6,30
103,2026-08-25,2026-05-29,17,10,27
103,2026-08-25,2026-05-30,24,18,42
103,2026-08-25,2026-05-31,18,14,32
103,2026-08-25,2026-06-01,29,23,52
103,2026-08-25,2026-06-02,21,19,40
103,2026-08-25,2026-06-03,15,14,29
103,2026-08-25,2026-06-04,17,7,24
103,2026-08-25,2026-06-05,8,9,17
103,2026-08-25,2026-06-06,25,10,35
103,2026-08-25,2026-06-07,26,10,36
103,2026-08-25,2026-06-08,32,20,52
103,2026-08-25,2026-06-09,16,17,33
103,2026-08-25,2026-06-10,17,22,39
103,2026-08-25,2026-06-11,27,12,39
103,2026-08-25,2026-06-12,27,15,42
103,2026-08-25,2026-06-13,25,11,36
103,2026-08-25,2026-06-14,34,21,55
103,2026-08-25,2026-06-15,33,17,50
103,2026-08-25,2026-06-16,25,17,42
103,2026-08-25,2026-06-17,34,13,47
103,2026-08-25,2026-06-18,30,15,45
103,2026-08-25,2026-06-19,28,11,39
103,2026-08-25,2026-06-20,34,23,57
103,2026-08-25,2026-06-21,29,18,47
103,2026-08-25,2026-06-22,25,11,36
103,2026-08-25,2026-06-23,26,11,37
103,2026-08-25,2026-06-24,25,15,40
103,2026-08-25,2026-06-25,32,21,53
103,2026-08-25,2026-06-26,21,21,42
103,2026-08-25,2026-06-27,25,15,40
103,2026-08-25,2026-06-28,27,22,49
103,2026-08-25,2026-06-29,23,13,36
103,2026-08-25,2026-06-30,20,24,44
103,2026-08-25,2026-07-01,44,25,69
103,2026-08-25,2026-07-02,28,25,53
103,2026-08-25,2026-07-03,27,18,45
103,2026-08-25,2026-07-04,41,22,63
103,2026-08-25,2026-07-05,22,20,42
103,2026-08-25,2026-07-06,24,18,42
103,2026-08-25,2026-07-07,20,20,40
103,2026-08-25,2026-07-08,26,15,41
103,2026-08-25,2026-07-09,34,15,49
103,2026-08-25,2026-07-10,36,25,61
103,2026-08-25,2026-07-11,37,13,50
103,2026-08-25,2026-07-12,22,18,40
103,2026-08-25,2026-07-13,30,20,50
103,2026-08-25,2026-07-14,35,19,54
103,2026-08-25,2026-07-15,39,23,62
103,2026-08-25,2026-07-16,23,15,38
103,2026-08-25,2026-07-17,20,18,38
103,2026-08-25,2026-07-18,42,22,64
103,2026-08-25,2026-07-19,37,18,55
103,2026-08-25,2026-07-20,47,39,86
103,2026-08-25,2026-07-21,39,25,64
103,2026-08-25,2026-07-22,30,28,58
103,2026-08-25,2026-07-23,28,22,50
103,2026-08-25,2026-07-24,22,18,40
103,2026-08-25,2026-07-25,27,25,52
103,2026-08-25,2026-07-26,27,23,50
103,2026-08-25,2026-07-27,35,20,55
103,2026-08-25,2026-07-28,39,32,71
103,2026-08-25,2026-07-29,33,16,49
103,2026-08-25,2026-07-30,31,18,49
103,2026-08-25,2026-07-31,35,21,56
103,2026-08-25,2026-08-01,48,28,76
103,2026-08-25,2026-08-02,37,35,72
103,2026-08-25,2026-08-03,23,20,43
103,2026-08-25,2026-08-04,28,17,45
103,2026-08-25,2026-08-05,35,15,50
103,2026-08-25,2026-08-06,34,22,56
103,2026-08-25,2026-08-07,29,20,49
103,2026-08-25,2026-08-08,41,18,59
103,2026-08-25,2026-08-09,41,25,66
103,2026-08-25,2026-08-10,46,32,78
103,2026-08-25,2026-08-11,30,21,51
103,2026-08-25,2026-08-12,43,24,67
103,2026-08-25,2026-08-13,39,18,57
103,2026-08-25,2026-08-14,42,12,54
103,2026-08-25,2026-08-15,27,17,44
103,2026-08-25,2026-08-16,25,14,39
103,2026-08-25,2026-08-17,28,9,37
103,2026-08-25,2026-08-18,21,14,35
103,2026-08-25,2026-08-19,16,8,24
103,2026-08-25,2026-08-20,18,14,32
103,2026-08-25,2026-08-21,12,8,20
103,2026-08-25,2026-08-22,2,2,4
103,2026-08-25,2026-08-23,5,4,9
103,2026-08-25,2026-08-24,5,5,10
103,2026-08-25,2026-08-25,0,1,1
104,2026-08-26,2026-04-24,0,1,1
104,2026-08-26,2026-04-28,1,0,1
104,2026-08-26,2026-04-30,0,2,2
104,2026-08-26,2026-05-01,1,0,1
104,2026-08-26,2026-05-02,3,3,6
104,2026-08-26,2026-05-03,2,2,4
104,2026-08-26,2026-05-05,4,4,8
104,2026-08-26,2026-05-06,2,0,2
104,2026-08-26,2026-05-07,2,0,2
104,2026-08-26,2026-05-08,1,2,3
104,2026-08-26,2026-05-09,1,2,3
104,2026-08-26,2026-05-10,6,2,8
104,2026-08-26,2026-05-11,3,0,3
104,2026-08-26,2026-05-12,3,0,3
104,2026-08-26,2026-05-13,6,5,11
104,2026-08-26,2026-05-14,3,7,10
104,2026-08-26,2026-05-15,13,14,27
104,2026-08-26,2026-05-16,24,6,30
104,2026-08-26,2026-05-17,17,3,20
104,2026-08-26,2026-05-18,20,10,30
104,2026-08-26,2026-05-19,21,6,27
104,2026-08-26,2026-05-20,11,5,16
104,2026-08-26,2026-05-21,10,11,21
104,2026-08-26,2026-05-22,18,3,21
104,2026-08-26,2026-05-23,13,6,19
104,2026-08-26,2026-05-24,10,10,20
104,2026-08-26,2026-05-25,11,8,19
104,2026-08-26,2026-05-26,19,4,23
104,2026-08-26,2026-05-27,18,8,26
104,2026-08-26,2026-05-28,24,6,30
104,2026-08-26,2026-05-29,17,10,27
104,2026-08-26,2026-05-30,25,18,43
104,2026-08-26,2026-05-31,18,14,32
104,2026-08-26,2026-06-01,29,23,52
104,2026-08-26,2026-06-02,21,19,40
104,2026-08-26,2026-06-03,15,14,29
104,2026-08-26,2026-06-04,17,7,24
104,2026-08-26,2026-06-05,8,9,17
104,2026-08-26,2026-06-06,24,10,34
104,2026-08-26,2026-06-07,26,10,36
104,2026-08-26,2026-06-08,32,20,52
104,2026-08-26,2026-06-09,16,17,33
104,2026-08-26,2026-06-10,17,22,39
104,2026-08-26,2026-06-11,27,12,39
104,2026-08-26,2026-06-12,26,15,41
104,2026-08-26,2026-06-13,25,11,36
104,2026-08-26,2026-06-14,34,21,55
104,2026-08-26,2026-06-15,33,17,50
104,2026-08-26,2026-06-16,25,16,41
104,2026-08-26,2026-06-17,35,13,48
104,2026-08-26,2026-06-18,30,15,45
104,2026-08-26,2026-06-19,28,11,39
104,2026-08-26,2026-06-20,33,23,56
104,2026-08-26,2026-06-21,29,18,47
104,2026-08-26,2026-06-22,25,11,36
104,2026-08-26,2026-06-23,26,11,37
104,2026-08-26,2026-06-24,25,15,40
104,2026-08-26,2026-06-25,32,20,52
104,2026-08-26,2026-06-26,20,21,41
104,2026-08-26,2026-06-27,25,15,40
104,2026-08-26,2026-06-28,26,22,48
104,2026-08-26,2026-06-29,23,13,36
104,2026-08-26,2026-06-30,20,24,44
104,2026-08-26,2026-07-01,45,25,70
104,2026-08-26,2026-07-02,27,25,52
104,2026-08-26,2026-07-03,27,18,45
104,2026-08-26,2026-07-04,40,22,62
104,2026-08-26,2026-07-05,21,20,41
104,2026-08-26,2026-07-06,23,18,41
104,2026-08-26,2026-07-07,20,20,40
104,2026-08-26,2026-07-08,26,15,41
104,2026-08-26,2026-07-09,33,15,48
104,2026-08-26,2026-07-10,37,25,62
104,2026-08-26,2026-07-11,37,13,50
104,2026-08-26,2026-07-12,22,18,40
104,2026-08-26,2026-07-13,30,20,50
104,2026-08-26,2026-07-14,36,18,54
104,2026-08-26,2026-07-15,39,23,62
104,2026-08-26,2026-07-16,23,15,38
104,2026-08-26,2026-07-17,20,18,38
104,2026-08-26,2026-07-18,41,22,63
104,2026-08-26,2026-07-19,37,18,55
104,2026-08-26,2026-07-20,46,39,85
104,2026-08-26,2026-07-21,38,25,63
104,2026-08-26,2026-07-22,31,28,59
104,2026-08-26,2026-07-23,27,23,50
104,2026-08-26,2026-07-24,22,18,40
104,2026-08-26,2026-07-25,26,26,52
104,2026-08-26,2026-07-26,27,23,50
104,2026-08-26,2026-07-27,35,20,55
104,2026-08-26,2026-07-28,38,32,70
104,2026-08-26,2026-07-29,32,16,48
104,2026-08-26,2026-07-30,30,18,48
104,2026-08-26,2026-07-31,34,21,55
104,2026-08-26,2026-08-01,49,29,78
104,2026-08-26,2026-08-02,38,35,73
104,2026-08-26,2026-08-03,23,22,45
104,2026-08-26,2026-08-04,28,17,45
104,2026-08-26,2026-08-05,34,16,50
104,2026-08-26,2026-08-06,32,23,55
104,2026-08-26,2026-08-07,27,21,48
104,2026-08-26,2026-08-08,40,19,59
104,2026-08-26,2026-08-09,41,25,66
104,2026-08-26,2026-08-10,45,33,78
104,2026-08-26,2026-08-11,30,21,51
104,2026-08-26,2026-08-12,43,24,67
104,2026-08-26,2026-08-13,39,19,58
104,2026-08-26,2026-08-14,42,13,55
104,2026-08-26,2026-08-15,29,16,45
104,2026-08-26,2026-08-16,24,17,41
104,2026-08-26,2026-08-17,29,10,39
104,2026-08-26,2026-08-18,22,14,36
104,2026-08-26,2026-08-19,17,9,26
104,2026-08-26,2026-08-20,23,17,40
104,2026-08-26,2026-08-21,15,11,26
104,2026-08-26,2026-08-22,5,2,7
104,2026-08-26,2026-08-23,6,4,10
104,2026-08-26,2026-08-24,11,8,19
104,2026-08-26,2026-08-25,1,4,5
104,2026-08-26,2026-08-26,1,1,2
105,2026-08-27,2026-04-24,0,1,1
105,2026-08-27,2026-04-28,1,0,1
105,2026-08-27,2026-04-30,0,2,2
105,2026-08-27,2026-05-01,1,0,1
105,2026-08-27,2026-05-02,3,3,6
105,2026-08-27,2026-05-03,2,2,4
105,2026-08-27,2026-05-05,4,4,8
105,2026-08-27,2026-05-06,2,0,2
105,2026-08-27,2026-05-07,2,0,2
105,2026-08-27,2026-05-08,1,2,3
105,2026-08-27,2026-05-09,1,2,3
105,2026-08-27,2026-05-10,6,2,8
105,2026-08-27,2026-05-11,3,0,3
105,2026-08-27,2026-05-12,3,0,3
105,2026-08-27,2026-05-13,6,5,11
105,2026-08-27,2026-05-14,3,7,10
105,2026-08-27,2026-05-15,13,14,27
105,2026-08-27,2026-05-16,24,6,30
105,2026-08-27,2026-05-17,17,3,20
105,2026-08-27,2026-05-18,20,10,30
105,2026-08-27,2026-05-19,21,6,27
105,2026-08-27,2026-05-20,11,5,16
105,2026-08-27,2026-05-21,10,11,21
105,2026-08-27,2026-05-22,18,3,21
105,2026-08-27,2026-05-23,13,6,19
105,2026-08-27,2026-05-24,10,10,20
105,2026-08-27,2026-05-25,11,8,19
105,2026-08-27,2026-05-26,19,4,23
105,2026-08-27,2026-05-27,18,8,26
105,2026-08-27,2026-05-28,24,6,30
105,2026-08-27,2026-05-29,17,10,27
105,2026-08-27,2026-05-30,25,18,43
105,2026-08-27,2026-05-31,18,14,32
105,2026-08-27,2026-06-01,29,23,52
105,2026-08-27,2026-06-02,21,19,40
105,2026-08-27,2026-06-03,15,14,29
105,2026-08-27,2026-06-04,17,7,24
105,2026-08-27,2026-06-05,8,9,17
105,2026-08-27,2026-06-06,24,10,34
105,2026-08-27,2026-06-07,26,10,36
105,2026-08-27,2026-06-08,32,20,52
105,2026-08-27,2026-06-09,16,17,33
105,2026-08-27,2026-06-10,17,22,39
105,2026-08-27,2026-06-11,27,12,39
105,2026-08-27,2026-06-12,26,15,41
105,2026-08-27,2026-06-13,25,11,36
105,2026-08-27,2026-06-14,34,21,55
105,2026-08-27,2026-06-15,33,17,50
105,2026-08-27,2026-06-16,25,16,41
105,2026-08-27,2026-06-17,35,13,48
105,2026-08-27,2026-06-18,30,15,45
105,2026-08-27,2026-06-19,28,11,39
105,2026-08-27,2026-06-20,33,23,56
105,2026-08-27,2026-06-21,29,18,47
105,2026-08-27,2026-06-22,25,11,36
105,2026-08-27,2026-06-23,26,11,37
105,2026-08-27,2026-06-24,25,15,40
105,2026-08-27,2026-06-25,32,20,52
105,2026-08-27,2026-06-26,20,21,41
105,2026-08-27,2026-06-27,25,15,40
105,2026-08-27,2026-06-28,26,22,48
105,2026-08-27,2026-06-29,23,13,36
105,2026-08-27,2026-06-30,20,24,44
105,2026-08-27,2026-07-01,45,25,70
105,2026-08-27,2026-07-02,27,25,52
105,2026-08-27,2026-07-03,27,18,45
105,2026-08-27,2026-07-04,40,22,62
105,2026-08-27,2026-07-05,21,20,41
105,2026-08-27,2026-07-06,23,18,41
105,2026-08-27,2026-07-07,20,20,40
105,2026-08-27,2026-07-08,26,15,41
105,2026-08-27,2026-07-09,33,15,48
105,2026-08-27,2026-07-10,37,25,62
105,2026-08-27,2026-07-11,37,13,50
105,2026-08-27,2026-07-12,22,18,40
105,2026-08-27,2026-07-13,30,20,50
105,2026-08-27,2026-07-14,36,18,54
105,2026-08-27,2026-07-15,39,23,62
105,2026-08-27,2026-07-16,23,15,38
105,2026-08-27,2026-07-17,20,18,38
105,2026-08-27,2026-07-18,41,22,63
105,2026-08-27,2026-07-19,37,18,55
105,2026-08-27,2026-07-20,46,39,85
105,2026-08-27,2026-07-21,38,25,63
105,2026-08-27,2026-07-22,31,28,59
105,2026-08-27,2026-07-23,27,23,50
105,2026-08-27,2026-07-24,22,18,40
105,2026-08-27,2026-07-25,26,26,52
105,2026-08-27,2026-07-26,27,23,50
105,2026-08-27,2026-07-27,35,20,55
105,2026-08-27,2026-07-28,38,32,70
105,2026-08-27,2026-07-29,32,16,48
105,2026-08-27,2026-07-30,30,18,48
105,2026-08-27,2026-07-31,34,21,55
105,2026-08-27,2026-08-01,49,29,78
105,2026-08-27,2026-08-02,38,35,73
105,2026-08-27,2026-08-03,23,22,45
105,2026-08-27,2026-08-04,28,17,45
105,2026-08-27,2026-08-05,34,16,50
105,2026-08-27,2026-08-06,32,23,55
105,2026-08-27,2026-08-07,27,21,48
105,2026-08-27,2026-08-08,40,19,59
105,2026-08-27,2026-08-09,41,25,66
105,2026-08-27,2026-08-10,45,33,78
105,2026-08-27,2026-08-11,30,21,51
105,2026-08-27,2026-08-12,43,24,67
105,2026-08-27,2026-08-13,39,19,58
105,2026-08-27,2026-08-14,42,13,55
105,2026-08-27,2026-08-15,29,16,45
105,2026-08-27,2026-08-16,24,17,41
105,2026-08-27,2026-08-17,29,10,39
105,2026-08-27,2026-08-18,22,14,36
105,2026-08-27,2026-08-19,17,9,26
105,2026-08-27,2026-08-20,23,17,40
105,2026-08-27,2026-08-21,15,11,26
105,2026-08-27,2026-08-22,5,2,7
105,2026-08-27,2026-08-23,6,4,10
105,2026-08-27,2026-08-24,11,8,19
105,2026-08-27,2026-08-25,1,4,5
105,2026-08-27,2026-08-26,1,1,2
106,2026-08-28,2026-04-24,1,0,1
106,2026-08-28,2026-04-28,1,0,1
106,2026-08-28,2026-04-29,0,0,0
106,2026-08-28,2026-04-30,0,2,2
106,2026-08-28,2026-05-01,1,0,1
106,2026-08-28,2026-05-02,3,3,6
106,2026-08-28,2026-05-03,2,2,4
106,2026-08-28,2026-05-05,4,4,8
106,2026-08-28,2026-05-06,2,0,2
106,2026-08-28,2026-05-07,2,0,2
106,2026-08-28,2026-05-08,1,2,3
106,2026-08-28,2026-05-09,1,2,3
106,2026-08-28,2026-05-10,6,2,8
106,2026-08-28,2026-05-11,2,0,2
106,2026-08-28,2026-05-12,3,0,3
106,2026-08-28,2026-05-13,6,5,11
106,2026-08-28,2026-05-14,3,11,14
106,2026-08-28,2026-05-15,13,14,27
106,2026-08-28,2026-05-16,24,6,30
106,2026-08-28,2026-05-17,17,3,20
106,2026-08-28,2026-05-18,20,10,30
106,2026-08-28,2026-05-19,21,6,27
106,2026-08-28,2026-05-20,12,4,16
106,2026-08-28,2026-05-21,10,11,21
106,2026-08-28,2026-05-22,17,4,21
106,2026-08-28,2026-05-23,13,6,19
106,2026-08-28,2026-05-24,10,10,20
106,2026-08-28,2026-05-25,11,8,19
106,2026-08-28,2026-05-26,19,4,23
106,2026-08-28,2026-05-27,18,8,26
106,2026-08-28,2026-05-28,24,6,30
106,2026-08-28,2026-05-29,17,10,27
106,2026-08-28,2026-05-30,25,18,43
106,2026-08-28,2026-05-31,19,14,33
106,2026-08-28,2026-06-01,29,23,52
106,2026-08-28,2026-06-02,21,19,40
106,2026-08-28,2026-06-03,15,14,29
106,2026-08-28,2026-06-04,17,7,24
106,2026-08-28,2026-06-05,8,9,17
106,2026-08-28,2026-06-06,25,10,35
106,2026-08-28,2026-06-07,26,10,36
106,2026-08-28,2026-06-08,31,21,52
106,2026-08-28,2026-06-09,16,17,33
106,2026-08-28,2026-06-10,17,22,39
106,2026-08-28,2026-06-11,27,12,39
106,2026-08-28,2026-06-12,27,15,42
106,2026-08-28,2026-06-13,24,12,36
106,2026-08-28,2026-06-14,34,21,55
106,2026-08-28,2026-06-15,34,17,51
106,2026-08-28,2026-06-16,26,16,42
106,2026-08-28,2026-06-17,34,14,48
106,2026-08-28,2026-06-18,30,15,45
106,2026-08-28,2026-06-19,28,11,39
106,2026-08-28,2026-06-20,33,24,57
106,2026-08-28,2026-06-21,29,18,47
106,2026-08-28,2026-06-22,25,12,37
106,2026-08-28,2026-06-23,26,11,37
106,2026-08-28,2026-06-24,25,15,40
106,2026-08-28,2026-06-25,31,22,53
106,2026-08-28,2026-06-26,21,21,42
106,2026-08-28,2026-06-27,24,16,40
106,2026-08-28,2026-06-28,27,22,49
106,2026-08-28,2026-06-29,23,13,36
106,2026-08-28,2026-06-30,21,24,45
106,2026-08-28,2026-07-01,45,25,70
106,2026-08-28,2026-07-02,28,25,53
106,2026-08-28,2026-07-03,27,19,46
106,2026-08-28,2026-07-04,41,22,63
106,2026-08-28,2026-07-05,22,20,42
106,2026-08-28,2026-07-06,24,18,42
106,2026-08-28,2026-07-07,20,20,40
106,2026-08-28,2026-07-08,26,15,41
106,2026-08-28,2026-07-09,32,17,49
106,2026-08-28,2026-07-10,37,25,62
106,2026-08-28,2026-07-11,37,13,50
106,2026-08-28,2026-07-12,22,18,40
106,2026-08-28,2026-07-13,29,21,50
106,2026-08-28,2026-07-14,36,18,54
106,2026-08-28,2026-07-15,39,23,62
106,2026-08-28,2026-07-16,23,15,38
106,2026-08-28,2026-07-17,20,18,38
106,2026-08-28,2026-07-18,41,23,64
106,2026-08-28,2026-07-19,37,18,55
106,2026-08-28,2026-07-20,46,40,86
106,2026-08-28,2026-07-21,39,25,64
106,2026-08-28,2026-07-22,31,28,59
106,2026-08-28,2026-07-23,27,23,50
106,2026-08-28,2026-07-24,22,18,40
106,2026-08-28,2026-07-25,24,28,52
106,2026-08-28,2026-07-26,26,24,50
106,2026-08-28,2026-07-27,35,20,55
106,2026-08-28,2026-07-28,38,32,70
106,2026-08-28,2026-07-29,32,16,48
106,2026-08-28,2026-07-30,30,18,48
106,2026-08-28,2026-07-31,35,21,56
106,2026-08-28,2026-08-01,49,31,80
106,2026-08-28,2026-08-02,37,36,73
106,2026-08-28,2026-08-03,24,22,46
106,2026-08-28,2026-08-04,27,18,45
106,2026-08-28,2026-08-05,33,18,51
106,2026-08-28,2026-08-06,31,26,57
106,2026-08-28,2026-08-07,28,22,50
106,2026-08-28,2026-08-08,39,21,60
106,2026-08-28,2026-08-09,42,26,68
106,2026-08-28,2026-08-10,48,35,83
106,2026-08-28,2026-08-11,30,21,51
106,2026-08-28,2026-08-12,45,26,71
106,2026-08-28,2026-08-13,40,19,59
106,2026-08-28,2026-08-14,43,16,59
106,2026-08-28,2026-08-15,29,19,48
106,2026-08-28,2026-08-16,25,22,47
106,2026-08-28,2026-08-17,27,16,43
106,2026-08-28,2026-08-18,27,15,42
106,2026-08-28,2026-08-19,19,9,28
106,2026-08-28,2026-08-20,28,24,52
106,2026-08-28,2026-08-21,25,12,37
106,2026-08-28,2026-08-22,17,2,19
106,2026-08-28,2026-08-23,17,6,23
106,2026-08-28,2026-08-24,17,12,29
106,2026-08-28,2026-08-25,5,9,14
106,2026-08-28,2026-08-26,7,5,12
106,2026-08-28,2026-08-27,4,1,5
107,2026-08-29,2026-04-24,1,0,1
107,2026-08-29,2026-04-28,1,0,1
107,2026-08-29,2026-04-29,0,0,0
107,2026-08-29,2026-04-30,0,2,2
107,2026-08-29,2026-05-01,1,0,1
107,2026-08-29,2026-05-02,3,3,6
107,2026-08-29,2026-05-03,2,2,4
107,2026-08-29,2026-05-05,4,4,8
107,2026-08-29,2026-05-06,2,0,2
107,2026-08-29,2026-05-07,2,0,2
107,2026-08-29,2026-05-08,1,2,3
107,2026-08-29,2026-05-09,1,2,3
107,2026-08-29,2026-05-10,6,2,8
107,2026-08-29,2026-05-11,2,0,2
107,2026-08-29,2026-05-12,3,0,3
107,2026-08-29,2026-05-13,6,5,11
107,2026-08-29,2026-05-14,3,11,14
107,2026-08-29,2026-05-15,13,14,27
107,2026-08-29,2026-05-16,24,6,30
107,2026-08-29,2026-05-17,17,3,20
107,2026-08-29,2026-05-18,20,10,30
107,2026-08-29,2026-05-19,21,6,27
107,2026-08-29,2026-05-20,12,4,16
107,2026-08-29,2026-05-21,10,11,21
107,2026-08-29,2026-05-22,17,4,21
107,2026-08-29,2026-05-23,13,6,19
107,2026-08-29,2026-05-24,10,10,20
107,2026-08-29,2026-05-25,11,8,19
107,2026-08-29,2026-05-26,19,4,23
107,2026-08-29,2026-05-27,18,8,26
107,2026-08-29,2026-05-28,24,6,30
107,2026-08-29,2026-05-29,17,10,27
107,2026-08-29,2026-05-30,25,18,43
107,2026-08-29,2026-05-31,19,14,33
107,2026-08-29,2026-06-01,29,23,52
107,2026-08-29,2026-06-02,21,19,40
107,2026-08-29,2026-06-03,15,14,29
107,2026-08-29,2026-06-04,17,7,24
107,2026-08-29,2026-06-05,8,9,17
107,2026-08-29,2026-06-06,25,10,35
107,2026-08-29,2026-06-07,26,10,36
107,2026-08-29,2026-06-08,31,21,52
107,2026-08-29,2026-06-09,16,17,33
107,2026-08-29,2026-06-10,17,22,39
107,2026-08-29,2026-06-11,27,12,39
107,2026-08-29,2026-06-12,27,15,42
107,2026-08-29,2026-06-13,24,12,36
107,2026-08-29,2026-06-14,34,21,55
107,2026-08-29,2026-06-15,34,17,51
107,2026-08-29,2026-06-16,26,16,42
107,2026-08-29,2026-06-17,34,14,48
107,2026-08-29,2026-06-18,30,15,45
107,2026-08-29,2026-06-19,28,11,39
107,2026-08-29,2026-06-20,33,24,57
107,2026-08-29,2026-06-21,29,18,47
107,2026-08-29,2026-06-22,25,12,37
107,2026-08-29,2026-06-23,26,11,37
107,2026-08-29,2026-06-24,25,15,40
107,2026-08-29,2026-06-25,31,22,53
107,2026-08-29,2026-06-26,21,21,42
107,2026-08-29,2026-06-27,24,16,40
107,2026-08-29,2026-06-28,27,22,49
107,2026-08-29,2026-06-29,23,13,36
107,2026-08-29,2026-06-30,21,24,45
107,2026-08-29,2026-07-01,45,25,70
107,2026-08-29,2026-07-02,28,25,53
107,2026-08-29,2026-07-03,27,19,46
107,2026-08-29,2026-07-04,41,22,63
107,2026-08-29,2026-07-05,22,20,42
107,2026-08-29,2026-07-06,24,18,42
107,2026-08-29,2026-07-07,20,20,40
107,2026-08-29,2026-07-08,26,15,41
107,2026-08-29,2026-07-09,32,17,49
107,2026-08-29,2026-07-10,37,25,62
107,2026-08-29,2026-07-11,37,13,50
107,2026-08-29,2026-07-12,22,18,40
107,2026-08-29,2026-07-13,29,21,50
107,2026-08-29,2026-07-14,36,18,54
107,2026-08-29,2026-07-15,39,23,62
107,2026-08-29,2026-07-16,23,15,38
107,2026-08-29,2026-07-17,20,18,38
107,2026-08-29,2026-07-18,41,23,64
107,2026-08-29,2026-07-19,37,18,55
107,2026-08-29,2026-07-20,46,40,86
107,2026-08-29,2026-07-21,39,25,64
107,2026-08-29,2026-07-22,31,28,59
107,2026-08-29,2026-07-23,27,23,50
107,2026-08-29,2026-07-24,22,18,40
107,2026-08-29,2026-07-25,24,28,52
107,2026-08-29,2026-07-26,26,24,50
107,2026-08-29,2026-07-27,35,20,55
107,2026-08-29,2026-07-28,38,32,70
107,2026-08-29,2026-07-29,32,16,48
107,2026-08-29,2026-07-30,30,18,48
107,2026-08-29,2026-07-31,35,21,56
107,2026-08-29,2026-08-01,49,31,80
107,2026-08-29,2026-08-02,37,36,73
107,2026-08-29,2026-08-03,24,22,46
107,2026-08-29,2026-08-04,27,18,45
107,2026-08-29,2026-08-05,33,18,51
107,2026-08-29,2026-08-06,31,26,57
107,2026-08-29,2026-08-07,28,22,50
107,2026-08-29,2026-08-08,39,21,60
107,2026-08-29,2026-08-09,42,26,68
107,2026-08-29,2026-08-10,48,35,83
107,2026-08-29,2026-08-11,30,21,51
107,2026-08-29,2026-08-12,45,26,71
107,2026-08-29,2026-08-13,40,19,59
107,2026-08-29,2026-08-14,43,16,59
107,2026-08-29,2026-08-15,29,19,48
107,2026-08-29,2026-08-16,25,22,47
107,2026-08-29,2026-08-17,27,16,43
107,2026-08-29,2026-08-18,27,15,42
107,2026-08-29,2026-08-19,19,9,28
107,2026-08-29,2026-08-20,28,24,52
107,2026-08-29,2026-08-21,25,12,37
107,2026-08-29,2026-08-22,17,2,19
107,2026-08-29,2026-08-23,17,6,23
107,2026-08-29,2026-08-24,17,12,29
107,2026-08-29,2026-08-25,5,9,14
107,2026-08-29,2026-08-26,7,5,12
107,2026-08-29,2026-08-27,4,1,5
108,2026-08-30,2026-04-30,1,0,1
108,2026-08-30,2026-05-01,0,0,0
108,2026-08-30,2026-05-02,2,3,5
108,2026-08-30,2026-05-03,1,2,3
108,2026-08-30,2026-05-05,3,4,7
108,2026-08-30,2026-05-06,1,0,1
108,2026-08-30,2026-05-07,1,0,1
108,2026-08-30,2026-05-08,0,2,2
108,2026-08-30,2026-05-09,0,2,2
108,2026-08-30,2026-05-10,5,2,7
108,2026-08-30,2026-05-11,2,0,2
108,2026-08-30,2026-05-12,2,0,2
108,2026-08-30,2026-05-13,5,5,10
108,2026-08-30,2026-05-14,3,9,12
108,2026-08-30,2026-05-15,12,14,26
108,2026-08-30,2026-05-16,24,6,30
108,2026-08-30,2026-05-17,16,3,19
108,2026-08-30,2026-05-18,20,10,30
108,2026-08-30,2026-05-19,20,6,26
108,2026-08-30,2026-05-20,10,5,15
108,2026-08-30,2026-05-21,9,11,20
108,2026-08-30,2026-05-22,17,3,20
108,2026-08-30,2026-05-23,12,6,18
108,2026-08-30,2026-05-24,9,10,19
108,2026-08-30,2026-05-25,10,8,18
108,2026-08-30,2026-05-26,18,4,22
108,2026-08-30,2026-05-27,17,8,25
108,2026-08-30,2026-05-28,24,6,30
108,2026-08-30,2026-05-29,16,10,26
108,2026-08-30,2026-05-30,24,18,42
108,2026-08-30,2026-05-31,18,14,32
108,2026-08-30,2026-06-01,28,24,52
108,2026-08-30,2026-06-02,20,20,40
108,2026-08-30,2026-06-03,13,15,28
108,2026-08-30,2026-06-04,16,7,23
108,2026-08-30,2026-06-05,6,10,16
108,2026-08-30,2026-06-06,24,10,34
108,2026-08-30,2026-06-07,26,10,36
108,2026-08-30,2026-06-08,31,21,52
108,2026-08-30,2026-06-09,16,18,34
108,2026-08-30,2026-06-10,16,22,38
108,2026-08-30,2026-06-11,26,12,38
108,2026-08-30,2026-06-12,27,15,42
108,2026-08-30,2026-06-13,24,12,36
108,2026-08-30,2026-06-14,33,22,55
108,2026-08-30,2026-06-15,33,17,50
108,2026-08-30,2026-06-16,26,16,42
108,2026-08-30,2026-06-17,32,16,48
108,2026-08-30,2026-06-18,29,16,45
108,2026-08-30,2026-06-19,26,12,38
108,2026-08-30,2026-06-20,32,25,57
108,2026-08-30,2026-06-21,28,18,46
108,2026-08-30,2026-06-22,22,14,36
108,2026-08-30,2026-06-23,24,12,36
108,2026-08-30,2026-06-24,24,16,40
108,2026-08-30,2026-06-25,29,24,53
108,2026-08-30,2026-06-26,20,22,42
108,2026-08-30,2026-06-27,24,16,40
108,2026-08-30,2026-06-28,26,22,48
108,2026-08-30,2026-06-29,23,13,36
108,2026-08-30,2026-06-30,20,25,45
108,2026-08-30,2026-07-01,44,26,70
108,2026-08-30,2026-07-02,27,26,53
108,2026-08-30,2026-07-03,26,20,46
108,2026-08-30,2026-07-04,39,24,63
108,2026-08-30,2026-07-05,22,20,42
108,2026-08-30,2026-07-06,24,18,42
108,2026-08-30,2026-07-07,21,19,40
108,2026-08-30,2026-07-08,24,16,40
108,2026-08-30,2026-07-09,32,18,50
108,2026-08-30,2026-07-10,36,26,62
108,2026-08-30,2026-07-11,36,14,50
108,2026-08-30,2026-07-12,22,18,40
108,2026-08-30,2026-07-13,30,20,50
108,2026-08-30,2026-07-14,38,18,56
108,2026-08-30,2026-07-15,39,23,62
108,2026-08-30,2026-07-16,23,15,38
108,2026-08-30,2026-07-17,20,18,38
108,2026-08-30,2026-07-18,40,24,64
108,2026-08-30,2026-07-19,35,20,55
108,2026-08-30,2026-07-20,46,40,86
108,2026-08-30,2026-07-21,40,26,66
108,2026-08-30,2026-07-22,30,29,59
108,2026-08-30,2026-07-23,26,24,50
108,2026-08-30,2026-07-24,22,18,40
108,2026-08-30,2026-07-25,26,28,54
108,2026-08-30,2026-07-26,26,24,50
108,2026-08-30,2026-07-27,33,22,55
108,2026-08-30,2026-07-28,37,33,70
108,2026-08-30,2026-07-29,32,16,48
108,2026-08-30,2026-07-30,28,20,48
108,2026-08-30,2026-07-31,35,22,57
108,2026-08-30,2026-08-01,47,35,82
108,2026-08-30,2026-08-02,36,36,72
108,2026-08-30,2026-08-03,23,23,46
108,2026-08-30,2026-08-04,27,18,45
108,2026-08-30,2026-08-05,34,18,52
108,2026-08-30,2026-08-06,32,26,58
108,2026-08-30,2026-08-07,27,23,50
108,2026-08-30,2026-08-08,38,22,60
108,2026-08-30,2026-08-09,42,26,68
108,2026-08-30,2026-08-10,48,36,84
108,2026-08-30,2026-08-11,30,22,52
108,2026-08-30,2026-08-12,44,28,72
108,2026-08-30,2026-08-13,44,20,64
108,2026-08-30,2026-08-14,43,18,61
108,2026-08-30,2026-08-15,26,22,48
108,2026-08-30,2026-08-16,26,22,48
108,2026-08-30,2026-08-17,27,17,44
108,2026-08-30,2026-08-18,27,17,44
108,2026-08-30,2026-08-19,23,11,34
108,2026-08-30,2026-08-20,32,26,58
108,2026-08-30,2026-08-21,32,14,46
108,2026-08-30,2026-08-22,15,4,19
108,2026-08-30,2026-08-23,22,8,30
108,2026-08-30,2026-08-24,25,13,38
108,2026-08-30,2026-08-25,26,12,38
108,2026-08-30,2026-08-26,13,7,20
108,2026-08-30,2026-08-27,11,7,18
108,2026-08-30,2026-08-28,2,10,12
108,2026-08-30,2026-08-29,1,2,3
109,2026-08-31,2026-04-30,1,0,1
109,2026-08-31,2026-05-01,0,0,0
109,2026-08-31,2026-05-02,2,3,5
109,2026-08-31,2026-05-03,1,2,3
109,2026-08-31,2026-05-05,3,4,7
109,2026-08-31,2026-05-06,1,0,1
109,2026-08-31,2026-05-07,1,0,1
109,2026-08-31,2026-05-08,0,2,2
109,2026-08-31,2026-05-09,0,2,2
109,2026-08-31,2026-05-10,5,2,7
109,2026-08-31,2026-05-11,2,0,2
109,2026-08-31,2026-05-12,2,0,2
109,2026-08-31,2026-05-13,5,5,10
109,2026-08-31,2026-05-14,3,9,12
109,2026-08-31,2026-05-15,12,14,26
109,2026-08-31,2026-05-16,24,6,30
109,2026-08-31,2026-05-17,16,3,19
109,2026-08-31,2026-05-18,20,10,30
109,2026-08-31,2026-05-19,20,6,26
109,2026-08-31,2026-05-20,10,5,15
109,2026-08-31,2026-05-21,9,11,20
109,2026-08-31,2026-05-22,17,3,20
109,2026-08-31,2026-05-23,12,6,18
109,2026-08-31,2026-05-24,9,10,19
109,2026-08-31,2026-05-25,10,8,18
109,2026-08-31,2026-05-26,18,4,22
109,2026-08-31,2026-05-27,17,8,25
109,2026-08-31,2026-05-28,24,6,30
109,2026-08-31,2026-05-29,16,10,26
109,2026-08-31,2026-05-30,24,18,42
109,2026-08-31,2026-05-31,18,14,32
109,2026-08-31,2026-06-01,28,24,52
109,2026-08-31,2026-06-02,20,20,40
109,2026-08-31,2026-06-03,13,15,28
109,2026-08-31,2026-06-04,16,7,23
109,2026-08-31,2026-06-05,6,10,16
109,2026-08-31,2026-06-06,24,10,34
109,2026-08-31,2026-06-07,26,10,36
109,2026-08-31,2026-06-08,31,21,52
109,2026-08-31,2026-06-09,16,18,34
109,2026-08-31,2026-06-10,16,22,38
109,2026-08-31,2026-06-11,26,12,38
109,2026-08-31,2026-06-12,27,15,42
109,2026-08-31,2026-06-13,24,12,36
109,2026-08-31,2026-06-14,33,22,55
109,2026-08-31,2026-06-15,33,17,50
109,2026-08-31,2026-06-16,26,16,42
109,2026-08-31,2026-06-17,32,16,48
109,2026-08-31,2026-06-18,29,16,45
109,2026-08-31,2026-06-19,26,12,38
109,2026-08-31,2026-06-20,32,25,57
109,2026-08-31,2026-06-21,28,18,46
109,2026-08-31,2026-06-22,22,14,36
109,2026-08-31,2026-06-23,24,12,36
109,2026-08-31,2026-06-24,24,16,40
109,2026-08-31,2026-06-25,29,24,53
109,2026-08-31,2026-06-26,20,22,42
109,2026-08-31,2026-06-27,24,16,40
109,2026-08-31,2026-06-28,26,22,48
109,2026-08-31,2026-06-29,23,13,36
109,2026-08-31,2026-06-30,20,25,45
109,2026-08-31,2026-07-01,44,26,70
109,2026-08-31,2026-07-02,27,26,53
109,2026-08-31,2026-07-03,26,20,46
109,2026-08-31,2026-07-04,39,24,63
109,2026-08-31,2026-07-05,22,20,42
109,2026-08-31,2026-07-06,24,18,42
109,2026-08-31,2026-07-07,21,19,40
109,2026-08-31,2026-07-08,24,16,40
109,2026-08-31,2026-07-09,32,18,50
109,2026-08-31,2026-07-10,36,26,62
109,2026-08-31,2026-07-11,36,14,50
109,2026-08-31,2026-07-12,22,18,40
109,2026-08-31,2026-07-13,30,20,50
109,2026-08-31,2026-07-14,38,18,56
109,2026-08-31,2026-07-15,39,23,62
109,2026-08-31,2026-07-16,23,15,38
109,2026-08-31,2026-07-17,20,18,38
109,2026-08-31,2026-07-18,40,24,64
109,2026-08-31,2026-07-19,35,20,55
109,2026-08-31,2026-07-20,46,40,86
109,2026-08-31,2026-07-21,40,26,66
109,2026-08-31,2026-07-22,30,29,59
109,2026-08-31,2026-07-23,26,24,50
109,2026-08-31,2026-07-24,22,18,40
109,2026-08-31,2026-07-25,26,28,54
109,2026-08-31,2026-07-26,26,24,50
109,2026-08-31,2026-07-27,33,22,55
109,2026-08-31,2026-07-28,37,33,70
109,2026-08-31,2026-07-29,32,16,48
109,2026-08-31,2026-07-30,28,20,48
109,2026-08-31,2026-07-31,35,22,57
109,2026-08-31,2026-08-01,47,35,82
109,2026-08-31,2026-08-02,36,36,72
109,2026-08-31,2026-08-03,23,23,46
109,2026-08-31,2026-08-04,27,18,45
109,2026-08-31,2026-08-05,34,18,52
109,2026-08-31,2026-08-06,32,26,58
109,2026-08-31,2026-08-07,27,23,50
109,2026-08-31,2026-08-08,38,22,60
109,2026-08-31,2026-08-09,42,26,68
109,2026-08-31,2026-08-10,48,36,84
109,2026-08-31,2026-08-11,30,22,52
109,2026-08-31,2026-08-12,44,28,72
109,2026-08-31,2026-08-13,44,20,64
109,2026-08-31,2026-08-14,43,18,61
109,2026-08-31,2026-08-15,26,22,48
109,2026-08-31,2026-08-16,26,22,48
109,2026-08-31,2026-08-17,27,17,44
109,2026-08-31,2026-08-18,27,17,44
109,2026-08-31,2026-08-19,23,11,34
109,2026-08-31,2026-08-20,32,26,58
109,2026-08-31,2026-08-21,32,14,46
109,2026-08-31,2026-08-22,15,4,19
109,2026-08-31,2026-08-23,22,8,30
109,2026-08-31,2026-08-24,25,13,38
109,2026-08-31,2026-08-25,26,12,38
109,2026-08-31,2026-08-26,13,7,20
109,2026-08-31,2026-08-27,11,7,18
109,2026-08-31,2026-08-28,2,10,12
109,2026-08-31,2026-08-29,1,2,3
111,2026-09-02,2026-04-30,0,1,1
111,2026-09-02,2026-05-01,0,0,0
111,2026-09-02,2026-05-02,3,3,6
111,2026-09-02,2026-05-03,2,2,4
111,2026-09-02,2026-05-05,4,4,8
111,2026-09-02,2026-05-06,1,0,1
111,2026-09-02,2026-05-07,1,0,1
111,2026-09-02,2026-05-08,1,2,3
111,2026-09-02,2026-05-09,1,2,3
111,2026-09-02,2026-05-10,6,2,8
111,2026-09-02,2026-05-11,3,0,3
111,2026-09-02,2026-05-12,3,0,3
111,2026-09-02,2026-05-13,6,5,11
111,2026-09-02,2026-05-14,2,9,11
111,2026-09-02,2026-05-15,12,14,26
111,2026-09-02,2026-05-16,24,6,30
111,2026-09-02,2026-05-17,17,3,20
111,2026-09-02,2026-05-18,19,11,30
111,2026-09-02,2026-05-19,20,7,27
111,2026-09-02,2026-05-20,10,5,15
111,2026-09-02,2026-05-21,9,12,21
111,2026-09-02,2026-05-22,18,3,21
111,2026-09-02,2026-05-23,13,6,19
111,2026-09-02,2026-05-24,10,10,20
111,2026-09-02,2026-05-25,11,8,19
111,2026-09-02,2026-05-26,19,4,23
111,2026-09-02,2026-05-27,18,8,26
111,2026-09-02,2026-05-28,24,6,30
111,2026-09-02,2026-05-29,16,10,26
111,2026-09-02,2026-05-30,24,19,43
111,2026-09-02,2026-05-31,18,15,33
111,2026-09-02,2026-06-01,27,25,52
111,2026-09-02,2026-06-02,21,20,41
111,2026-09-02,2026-06-03,14,15,29
111,2026-09-02,2026-06-04,17,7,24
111,2026-09-02,2026-06-05,9,9,18
111,2026-09-02,2026-06-06,24,11,35
111,2026-09-02,2026-06-07,25,11,36
111,2026-09-02,2026-06-08,31,21,52
111,2026-09-02,2026-06-09,14,20,34
111,2026-09-02,2026-06-10,17,22,39
111,2026-09-02,2026-06-11,27,12,39
111,2026-09-02,2026-06-12,27,15,42
111,2026-09-02,2026-06-13,24,12,36
111,2026-09-02,2026-06-14,34,21,55
111,2026-09-02,2026-06-15,34,17,51
111,2026-09-02,2026-06-16,26,16,42
111,2026-09-02,2026-06-17,32,17,49
111,2026-09-02,2026-06-18,31,15,46
111,2026-09-02,2026-06-19,27,12,39
111,2026-09-02,2026-06-20,34,24,58
111,2026-09-02,2026-06-21,29,18,47
111,2026-09-02,2026-06-22,22,15,37
111,2026-09-02,2026-06-23,25,12,37
111,2026-09-02,2026-06-24,24,16,40
111,2026-09-02,2026-06-25,29,24,53
111,2026-09-02,2026-06-26,20,22,42
111,2026-09-02,2026-06-27,24,16,40
111,2026-09-02,2026-06-28,27,22,49
111,2026-09-02,2026-06-29,23,13,36
111,2026-09-02,2026-06-30,21,24,45
111,2026-09-02,2026-07-01,44,27,71
111,2026-09-02,2026-07-02,28,25,53
111,2026-09-02,2026-07-03,25,21,46
111,2026-09-02,2026-07-04,40,23,63
111,2026-09-02,2026-07-05,21,20,41
111,2026-09-02,2026-07-06,24,20,44
111,2026-09-02,2026-07-07,19,20,39
111,2026-09-02,2026-07-08,26,15,41
111,2026-09-02,2026-07-09,32,18,50
111,2026-09-02,2026-07-10,37,25,62
111,2026-09-02,2026-07-11,35,15,50
111,2026-09-02,2026-07-12,22,18,40
111,2026-09-02,2026-07-13,30,20,50
111,2026-09-02,2026-07-14,38,18,56
111,2026-09-02,2026-07-15,37,25,62
111,2026-09-02,2026-07-16,23,16,39
111,2026-09-02,2026-07-17,19,19,38
111,2026-09-02,2026-07-18,41,23,64
111,2026-09-02,2026-07-19,35,20,55
111,2026-09-02,2026-07-20,47,39,86
111,2026-09-02,2026-07-21,41,25,66
111,2026-09-02,2026-07-22,30,29,59
111,2026-09-02,2026-07-23,25,25,50
111,2026-09-02,2026-07-24,21,19,40
111,2026-09-02,2026-07-25,27,27,54
111,2026-09-02,2026-07-26,28,23,51
111,2026-09-02,2026-07-27,34,21,55
111,2026-09-02,2026-07-28,36,34,70
111,2026-09-02,2026-07-29,32,17,49
111,2026-09-02,2026-07-30,30,20,50
111,2026-09-02,2026-07-31,34,23,57
111,2026-09-02,2026-08-01,47,35,82
111,2026-09-02,2026-08-02,36,36,72
111,2026-09-02,2026-08-03,22,26,48
111,2026-09-02,2026-08-04,26,18,44
111,2026-09-02,2026-08-05,34,19,53
111,2026-09-02,2026-08-06,32,27,59
111,2026-09-02,2026-08-07,26,24,50
111,2026-09-02,2026-08-08,40,21,61
111,2026-09-02,2026-08-09,42,28,70
111,2026-09-02,2026-08-10,46,38,84
111,2026-09-02,2026-08-11,30,23,53
111,2026-09-02,2026-08-12,45,29,74
111,2026-09-02,2026-08-13,43,19,62
111,2026-09-02,2026-08-14,44,19,63
111,2026-09-02,2026-08-15,32,22,54
111,2026-09-02,2026-08-16,28,22,50
111,2026-09-02,2026-08-17,32,20,52
111,2026-09-02,2026-08-18,29,18,47
111,2026-09-02,2026-08-19,23,14,37
111,2026-09-02,2026-08-20,36,31,67
111,2026-09-02,2026-08-21,35,19,54
111,2026-09-02,2026-08-22,19,10,29
111,2026-09-02,2026-08-23,29,9,38
111,2026-09-02,2026-08-24,33,23,56
111,2026-09-02,2026-08-25,34,21,55
111,2026-09-02,2026-08-26,17,19,36
111,2026-09-02,2026-08-27,19,13,32
111,2026-09-02,2026-08-28,12,15,27
111,2026-09-02,2026-08-29,6,5,11
111,2026-09-02,2026-08-30,5,6,11
111,2026-09-02,2026-08-31,1,4,5
111,2026-09-02,2026-09-01,1,3,4
112,2026-09-03,2026-04-30,0,1,1
112,2026-09-03,2026-05-01,0,0,0
112,2026-09-03,2026-05-02,2,3,5
112,2026-09-03,2026-05-03,1,2,3
112,2026-09-03,2026-05-04,3,0,3
112,2026-09-03,2026-05-05,3,4,7
112,2026-09-03,2026-05-06,1,0,1
112,2026-09-03,2026-05-07,1,0,1
112,2026-09-03,2026-05-08,0,2,2
112,2026-09-03,2026-05-09,0,2,2
112,2026-09-03,2026-05-10,4,2,6
112,2026-09-03,2026-05-11,2,0,2
112,2026-09-03,2026-05-12,2,0,2
112,2026-09-03,2026-05-13,5,5,10
112,2026-09-03,2026-05-14,3,10,13
112,2026-09-03,2026-05-15,11,15,26
112,2026-09-03,2026-05-16,23,6,29
112,2026-09-03,2026-05-17,16,3,19
112,2026-09-03,2026-05-18,18,11,29
112,2026-09-03,2026-05-19,20,6,26
112,2026-09-03,2026-05-20,10,5,15
112,2026-09-03,2026-05-21,8,12,20
112,2026-09-03,2026-05-22,17,3,20
112,2026-09-03,2026-05-23,13,6,19
112,2026-09-03,2026-05-24,9,10,19
112,2026-09-03,2026-05-25,11,8,19
112,2026-09-03,2026-05-26,18,4,22
112,2026-09-03,2026-05-27,18,8,26
112,2026-09-03,2026-05-28,23,6,29
112,2026-09-03,2026-05-29,16,10,26
112,2026-09-03,2026-05-30,23,20,43
112,2026-09-03,2026-05-31,17,16,33
112,2026-09-03,2026-06-01,28,24,52
112,2026-09-03,2026-06-02,19,21,40
112,2026-09-03,2026-06-03,14,15,29
112,2026-09-03,2026-06-04,16,7,23
112,2026-09-03,2026-06-05,8,9,17
112,2026-09-03,2026-06-06,23,12,35
112,2026-09-03,2026-06-07,25,11,36
112,2026-09-03,2026-06-08,30,22,52
112,2026-09-03,2026-06-09,13,21,34
112,2026-09-03,2026-06-10,14,24,38
112,2026-09-03,2026-06-11,25,13,38
112,2026-09-03,2026-06-12,27,15,42
112,2026-09-03,2026-06-13,23,13,36
112,2026-09-03,2026-06-14,34,21,55
112,2026-09-03,2026-06-15,33,18,51
112,2026-09-03,2026-06-16,25,17,42
112,2026-09-03,2026-06-17,32,17,49
112,2026-09-03,2026-06-18,31,15,46
112,2026-09-03,2026-06-19,26,12,38
112,2026-09-03,2026-06-20,33,25,58
112,2026-09-03,2026-06-21,29,18,47
112,2026-09-03,2026-06-22,22,15,37
112,2026-09-03,2026-06-23,24,13,37
112,2026-09-03,2026-06-24,24,16,40
112,2026-09-03,2026-06-25,29,24,53
112,2026-09-03,2026-06-26,19,23,42
112,2026-09-03,2026-06-27,23,17,40
112,2026-09-03,2026-06-28,27,22,49
112,2026-09-03,2026-06-29,23,13,36
112,2026-09-03,2026-06-30,21,24,45
112,2026-09-03,2026-07-01,43,28,71
112,2026-09-03,2026-07-02,27,26,53
112,2026-09-03,2026-07-03,25,21,46
112,2026-09-03,2026-07-04,40,23,63
112,2026-09-03,2026-07-05,20,21,41
112,2026-09-03,2026-07-06,22,21,43
112,2026-09-03,2026-07-07,18,20,38
112,2026-09-03,2026-07-08,24,16,40
112,2026-09-03,2026-07-09,31,19,50
112,2026-09-03,2026-07-10,36,26,62
112,2026-09-03,2026-07-11,34,16,50
112,2026-09-03,2026-07-12,22,18,40
112,2026-09-03,2026-07-13,29,21,50
112,2026-09-03,2026-07-14,37,19,56
112,2026-09-03,2026-07-15,37,25,62
112,2026-09-03,2026-07-16,22,16,38
112,2026-09-03,2026-07-17,18,20,38
112,2026-09-03,2026-07-18,40,24,64
112,2026-09-03,2026-07-19,34,21,55
112,2026-09-03,2026-07-20,46,41,87
112,2026-09-03,2026-07-21,40,26,66
112,2026-09-03,2026-07-22,30,29,59
112,2026-09-03,2026-07-23,24,26,50
112,2026-09-03,2026-07-24,20,20,40
112,2026-09-03,2026-07-25,26,28,54
112,2026-09-03,2026-07-26,27,24,51
112,2026-09-03,2026-07-27,33,22,55
112,2026-09-03,2026-07-28,36,34,70
112,2026-09-03,2026-07-29,31,18,49
112,2026-09-03,2026-07-30,29,21,50
112,2026-09-03,2026-07-31,33,24,57
112,2026-09-03,2026-08-01,46,36,82
112,2026-09-03,2026-08-02,35,37,72
112,2026-09-03,2026-08-03,21,27,48
112,2026-09-03,2026-08-04,26,18,44
112,2026-09-03,2026-08-05,33,20,53
112,2026-09-03,2026-08-06,31,28,59
112,2026-09-03,2026-08-07,26,24,50
112,2026-09-03,2026-08-08,40,21,61
112,2026-09-03,2026-08-09,42,28,70
112,2026-09-03,2026-08-10,46,39,85
112,2026-09-03,2026-08-11,29,24,53
112,2026-09-03,2026-08-12,44,30,74
112,2026-09-03,2026-08-13,43,20,63
112,2026-09-03,2026-08-14,43,20,63
112,2026-09-03,2026-08-15,33,23,56
112,2026-09-03,2026-08-16,29,23,52
112,2026-09-03,2026-08-17,31,21,52
112,2026-09-03,2026-08-18,29,19,48
112,2026-09-03,2026-08-19,21,17,38
112,2026-09-03,2026-08-20,36,34,70
112,2026-09-03,2026-08-21,34,20,54
112,2026-09-03,2026-08-22,19,10,29
112,2026-09-03,2026-08-23,27,11,38
112,2026-09-03,2026-08-24,36,23,59
112,2026-09-03,2026-08-25,37,22,59
112,2026-09-03,2026-08-26,20,20,40
112,2026-09-03,2026-08-27,20,16,36
112,2026-09-03,2026-08-28,17,20,37
112,2026-09-03,2026-08-29,10,4,14
112,2026-09-03,2026-08-30,9,10,19
112,2026-09-03,2026-08-31,4,7,11
112,2026-09-03,2026-09-01,4,3,7
113,2026-09-04,2026-04-24,1,0,1
113,2026-09-04,2026-04-28,1,0,1
113,2026-09-04,2026-04-30,0,2,2
113,2026-09-04,2026-05-01,1,0,1
113,2026-09-04,2026-05-02,3,3,6
113,2026-09-04,2026-05-03,2,2,4
113,2026-09-04,2026-05-05,4,4,8
113,2026-09-04,2026-05-06,2,0,2
113,2026-09-04,2026-05-07,2,0,2
113,2026-09-04,2026-05-08,1,2,3
113,2026-09-04,2026-05-09,1,2,3
113,2026-09-04,2026-05-10,5,2,7
113,2026-09-04,2026-05-11,3,0,3
113,2026-09-04,2026-05-12,3,0,3
113,2026-09-04,2026-05-13,6,5,11
113,2026-09-04,2026-05-14,2,9,11
113,2026-09-04,2026-05-15,12,15,27
113,2026-09-04,2026-05-16,24,6,30
113,2026-09-04,2026-05-17,17,3,20
113,2026-09-04,2026-05-18,18,12,30
113,2026-09-04,2026-05-19,20,7,27
113,2026-09-04,2026-05-20,11,5,16
113,2026-09-04,2026-05-21,9,12,21
113,2026-09-04,2026-05-22,18,3,21
113,2026-09-04,2026-05-23,13,6,19
113,2026-09-04,2026-05-24,9,11,20
113,2026-09-04,2026-05-25,11,9,20
113,2026-09-04,2026-05-26,18,5,23
113,2026-09-04,2026-05-27,17,8,25
113,2026-09-04,2026-05-28,22,8,30
113,2026-09-04,2026-05-29,17,10,27
113,2026-09-04,2026-05-30,24,19,43
113,2026-09-04,2026-05-31,18,15,33
113,2026-09-04,2026-06-01,26,25,51
113,2026-09-04,2026-06-02,20,21,41
113,2026-09-04,2026-06-03,13,15,28
113,2026-09-04,2026-06-04,17,7,24
113,2026-09-04,2026-06-05,9,9,18
113,2026-09-04,2026-06-06,24,11,35
113,2026-09-04,2026-06-07,26,10,36
113,2026-09-04,2026-06-08,29,22,51
113,2026-09-04,2026-06-09,13,21,34
113,2026-09-04,2026-06-10,16,23,39
113,2026-09-04,2026-06-11,27,12,39
113,2026-09-04,2026-06-12,27,15,42
113,2026-09-04,2026-06-13,24,12,36
113,2026-09-04,2026-06-14,33,21,54
113,2026-09-04,2026-06-15,33,18,51
113,2026-09-04,2026-06-16,25,17,42
113,2026-09-04,2026-06-17,32,17,49
113,2026-09-04,2026-06-18,29,17,46
113,2026-09-04,2026-06-19,27,12,39
113,2026-09-04,2026-06-20,32,25,57
113,2026-09-04,2026-06-21,29,18,47
113,2026-09-04,2026-06-22,22,15,37
113,2026-09-04,2026-06-23,26,12,38
113,2026-09-04,2026-06-24,24,16,40
113,2026-09-04,2026-06-25,29,23,52
113,2026-09-04,2026-06-26,19,23,42
113,2026-09-04,2026-06-27,24,16,40
113,2026-09-04,2026-06-28,27,22,49
113,2026-09-04,2026-06-29,23,13,36
113,2026-09-04,2026-06-30,21,24,45
113,2026-09-04,2026-07-01,43,28,71
113,2026-09-04,2026-07-02,28,25,53
113,2026-09-04,2026-07-03,25,21,46
113,2026-09-04,2026-07-04,38,25,63
113,2026-09-04,2026-07-05,21,20,41
113,2026-09-04,2026-07-06,22,21,43
113,2026-09-04,2026-07-07,18,21,39
113,2026-09-04,2026-07-08,26,15,41
113,2026-09-04,2026-07-09,31,19,50
113,2026-09-04,2026-07-10,35,26,61
113,2026-09-04,2026-07-11,35,15,50
113,2026-09-04,2026-07-12,22,18,40
113,2026-09-04,2026-07-13,28,22,50
113,2026-09-04,2026-07-14,37,18,55
113,2026-09-04,2026-07-15,36,25,61
113,2026-09-04,2026-07-16,23,16,39
113,2026-09-04,2026-07-17,18,20,38
113,2026-09-04,2026-07-18,39,25,64
113,2026-09-04,2026-07-19,32,23,55
113,2026-09-04,2026-07-20,45,42,87
113,2026-09-04,2026-07-21,39,26,65
113,2026-09-04,2026-07-22,29,30,59
113,2026-09-04,2026-07-23,24,26,50
113,2026-09-04,2026-07-24,19,21,40
113,2026-09-04,2026-07-25,26,27,53
113,2026-09-04,2026-07-26,27,23,50
113,2026-09-04,2026-07-27,32,22,54
113,2026-09-04,2026-07-28,36,34,70
113,2026-09-04,2026-07-29,31,18,49
113,2026-09-04,2026-07-30,29,21,50
113,2026-09-04,2026-07-31,32,25,57
113,2026-09-04,2026-08-01,45,36,81
113,2026-09-04,2026-08-02,36,36,72
113,2026-09-04,2026-08-03,24,26,50
113,2026-09-04,2026-08-04,24,21,45
113,2026-09-04,2026-08-05,32,20,52
113,2026-09-04,2026-08-06,31,27,58
113,2026-09-04,2026-08-07,25,25,50
113,2026-09-04,2026-08-08,38,23,61
113,2026-09-04,2026-08-09,42,28,70
113,2026-09-04,2026-08-10,45,39,84
113,2026-09-04,2026-08-11,29,24,53
113,2026-09-04,2026-08-12,45,29,74
113,2026-09-04,2026-08-13,42,21,63
113,2026-09-04,2026-08-14,42,20,62
113,2026-09-04,2026-08-15,31,25,56
113,2026-09-04,2026-08-16,28,24,52
113,2026-09-04,2026-08-17,32,20,52
113,2026-09-04,2026-08-18,32,18,50
113,2026-09-04,2026-08-19,23,16,39
113,2026-09-04,2026-08-20,36,34,70
113,2026-09-04,2026-08-21,34,22,56
113,2026-09-04,2026-08-22,23,10,33
113,2026-09-04,2026-08-23,29,12,41
113,2026-09-04,2026-08-24,35,25,60
113,2026-09-04,2026-08-25,42,23,65
113,2026-09-04,2026-08-26,24,22,46
113,2026-09-04,2026-08-27,22,18,40
113,2026-09-04,2026-08-28,22,19,41
113,2026-09-04,2026-08-29,20,5,25
113,2026-09-04,2026-08-30,16,11,27
113,2026-09-04,2026-08-31,14,10,24
113,2026-09-04,2026-09-01,13,9,22
113,2026-09-04,2026-09-02,11,11,22
113,2026-09-04,2026-09-03,2,3,5
114,2026-09-05,2026-04-30,0,2,2
114,2026-09-05,2026-05-01,1,0,1
114,2026-09-05,2026-05-02,3,3,6
114,2026-09-05,2026-05-03,2,2,4
114,2026-09-05,2026-05-05,4,4,8
114,2026-09-05,2026-05-06,2,0,2
114,2026-09-05,2026-05-07,2,0,2
114,2026-09-05,2026-05-08,1,2,3
114,2026-09-05,2026-05-09,1,2,3
114,2026-09-05,2026-05-10,5,2,7
114,2026-09-05,2026-05-11,3,0,3
114,2026-09-05,2026-05-12,3,0,3
114,2026-09-05,2026-05-13,6,5,11
114,2026-09-05,2026-05-14,3,9,12
114,2026-09-05,2026-05-15,13,14,27
114,2026-09-05,2026-05-16,23,7,30
114,2026-09-05,2026-05-17,17,3,20
114,2026-09-05,2026-05-18,18,12,30
114,2026-09-05,2026-05-19,20,7,27
114,2026-09-05,2026-05-20,11,5,16
114,2026-09-05,2026-05-21,9,12,21
114,2026-09-05,2026-05-22,18,3,21
114,2026-09-05,2026-05-23,13,6,19
114,2026-09-05,2026-05-24,9,11,20
114,2026-09-05,2026-05-25,11,9,20
114,2026-09-05,2026-05-26,18,5,23
114,2026-09-05,2026-05-27,18,8,26
114,2026-09-05,2026-05-28,23,7,30
114,2026-09-05,2026-05-29,17,10,27
114,2026-09-05,2026-05-30,24,19,43
114,2026-09-05,2026-05-31,18,15,33
114,2026-09-05,2026-06-01,26,26,52
114,2026-09-05,2026-06-02,20,21,41
114,2026-09-05,2026-06-03,14,15,29
114,2026-09-05,2026-06-04,17,7,24
114,2026-09-05,2026-06-05,9,9,18
114,2026-09-05,2026-06-06,24,11,35
114,2026-09-05,2026-06-07,26,10,36
114,2026-09-05,2026-06-08,29,23,52
114,2026-09-05,2026-06-09,13,21,34
114,2026-09-05,2026-06-10,16,23,39
114,2026-09-05,2026-06-11,27,12,39
114,2026-09-05,2026-06-12,27,15,42
114,2026-09-05,2026-06-13,24,12,36
114,2026-09-05,2026-06-14,33,22,55
114,2026-09-05,2026-06-15,30,21,51
114,2026-09-05,2026-06-16,25,16,41
114,2026-09-05,2026-06-17,31,18,49
114,2026-09-05,2026-06-18,29,17,46
114,2026-09-05,2026-06-19,27,12,39
114,2026-09-05,2026-06-20,32,26,58
114,2026-09-05,2026-06-21,29,18,47
114,2026-09-05,2026-06-22,21,16,37
114,2026-09-05,2026-06-23,26,12,38
114,2026-09-05,2026-06-24,23,17,40
114,2026-09-05,2026-06-25,28,25,53
114,2026-09-05,2026-06-26,19,23,42
114,2026-09-05,2026-06-27,22,18,40
114,2026-09-05,2026-06-28,27,22,49
114,2026-09-05,2026-06-29,22,14,36
114,2026-09-05,2026-06-30,21,24,45
114,2026-09-05,2026-07-01,41,30,71
114,2026-09-05,2026-07-02,28,26,54
114,2026-09-05,2026-07-03,20,26,46
114,2026-09-05,2026-07-04,38,25,63
114,2026-09-05,2026-07-05,21,20,41
114,2026-09-05,2026-07-06,21,22,43
114,2026-09-05,2026-07-07,18,21,39
114,2026-09-05,2026-07-08,26,15,41
114,2026-09-05,2026-07-09,31,19,50
114,2026-09-05,2026-07-10,36,26,62
114,2026-09-05,2026-07-11,35,15,50
114,2026-09-05,2026-07-12,22,18,40
114,2026-09-05,2026-07-13,28,22,50
114,2026-09-05,2026-07-14,37,19,56
114,2026-09-05,2026-07-15,35,27,62
114,2026-09-05,2026-07-16,22,17,39
114,2026-09-05,2026-07-17,18,20,38
114,2026-09-05,2026-07-18,40,24,64
114,2026-09-05,2026-07-19,33,22,55
114,2026-09-05,2026-07-20,46,41,87
114,2026-09-05,2026-07-21,39,27,66
114,2026-09-05,2026-07-22,29,30,59
114,2026-09-05,2026-07-23,23,27,50
114,2026-09-05,2026-07-24,19,21,40
114,2026-09-05,2026-07-25,26,28,54
114,2026-09-05,2026-07-26,28,23,51
114,2026-09-05,2026-07-27,32,23,55
114,2026-09-05,2026-07-28,36,34,70
114,2026-09-05,2026-07-29,31,18,49
114,2026-09-05,2026-07-30,29,21,50
114,2026-09-05,2026-07-31,32,25,57
114,2026-09-05,2026-08-01,46,36,82
114,2026-09-05,2026-08-02,35,37,72
114,2026-09-05,2026-08-03,23,27,50
114,2026-09-05,2026-08-04,24,21,45
114,2026-09-05,2026-08-05,33,20,53
114,2026-09-05,2026-08-06,31,28,59
114,2026-09-05,2026-08-07,24,26,50
114,2026-09-05,2026-08-08,39,23,62
114,2026-09-05,2026-08-09,41,29,70
114,2026-09-05,2026-08-10,46,39,85
114,2026-09-05,2026-08-11,29,24,53
114,2026-09-05,2026-08-12,44,30,74
114,2026-09-05,2026-08-13,42,21,63
114,2026-09-05,2026-08-14,43,20,63
114,2026-09-05,2026-08-15,31,26,57
114,2026-09-05,2026-08-16,29,24,53
114,2026-09-05,2026-08-17,33,20,53
114,2026-09-05,2026-08-18,33,18,51
114,2026-09-05,2026-08-19,23,16,39
114,2026-09-05,2026-08-20,36,35,71
114,2026-09-05,2026-08-21,35,22,57
114,2026-09-05,2026-08-22,23,10,33
114,2026-09-05,2026-08-23,28,14,42
114,2026-09-05,2026-08-24,35,26,61
114,2026-09-05,2026-08-25,42,23,65
114,2026-09-05,2026-08-26,24,23,47
114,2026-09-05,2026-08-27,22,20,42
114,2026-09-05,2026-08-28,21,20,41
114,2026-09-05,2026-08-29,20,6,26
114,2026-09-05,2026-08-30,16,12,28
114,2026-09-05,2026-08-31,17,12,29
114,2026-09-05,2026-09-01,17,10,27
114,2026-09-05,2026-09-02,8,2,10
114,2026-09-05,2026-09-03,6,2,8
115,2026-09-06,2026-04-20,1,1,2
115,2026-09-06,2026-04-29,0,1,1
115,2026-09-06,2026-04-30,0,1,1
115,2026-09-06,2026-05-01,1,0,1
115,2026-09-06,2026-05-02,1,3,4
115,2026-09-06,2026-05-03,2,3,5
115,2026-09-06,2026-05-05,4,4,8
115,2026-09-06,2026-05-06,1,0,1
115,2026-09-06,2026-05-07,2,0,2
115,2026-09-06,2026-05-08,1,2,3
115,2026-09-06,2026-05-09,2,2,4
115,2026-09-06,2026-05-10,3,2,5
115,2026-09-06,2026-05-11,2,0,2
115,2026-09-06,2026-05-12,4,2,6
115,2026-09-06,2026-05-13,12,5,17
115,2026-09-06,2026-05-14,0,7,7
115,2026-09-06,2026-05-15,12,12,24
115,2026-09-06,2026-05-16,19,5,24
115,2026-09-06,2026-05-17,20,6,26
115,2026-09-06,2026-05-18,17,13,30
115,2026-09-06,2026-05-19,21,6,27
115,2026-09-06,2026-05-20,13,6,19
115,2026-09-06,2026-05-21,9,8,17
115,2026-09-06,2026-05-22,17,3,20
115,2026-09-06,2026-05-23,9,6,15
115,2026-09-06,2026-05-24,8,9,17
115,2026-09-06,2026-05-25,8,6,14
115,2026-09-06,2026-05-26,20,4,24
115,2026-09-06,2026-05-27,19,8,27
115,2026-09-06,2026-05-28,24,8,32
115,2026-09-06,2026-05-29,19,7,26
115,2026-09-06,2026-05-30,26,18,44
115,2026-09-06,2026-05-31,18,11,29
115,2026-09-06,2026-06-01,27,26,53
115,2026-09-06,2026-06-02,23,21,44
115,2026-09-06,2026-06-03,11,13,24
115,2026-09-06,2026-06-04,18,6,24
115,2026-09-06,2026-06-05,5,13,18
115,2026-09-06,2026-06-06,22,12,34
115,2026-09-06,2026-06-07,25,13,38
115,2026-09-06,2026-06-08,27,27,54
115,2026-09-06,2026-06-09,17,15,32
115,2026-09-06,2026-06-10,23,26,49
115,2026-09-06,2026-06-11,26,13,39
115,2026-09-06,2026-06-12,17,12,29
115,2026-09-06,2026-06-13,16,11,27
115,2026-09-06,2026-06-14,24,20,44
115,2026-09-06,2026-06-15,23,18,41
115,2026-09-06,2026-06-16,20,9,29
115,2026-09-06,2026-06-17,25,14,39
115,2026-09-06,2026-06-18,24,14,38
115,2026-09-06,2026-06-19,21,11,32
115,2026-09-06,2026-06-20,31,26,57
115,2026-09-06,2026-06-21,27,19,46
115,2026-09-06,2026-06-22,19,15,34
115,2026-09-06,2026-06-23,24,13,37
115,2026-09-06,2026-06-24,23,16,39
115,2026-09-06,2026-06-25,29,24,53
115,2026-09-06,2026-06-26,29,24,53
115,2026-09-06,2026-06-27,23,18,41
115,2026-09-06,2026-06-28,27,22,49
115,2026-09-06,2026-06-29,22,14,36
115,2026-09-06,2026-06-30,21,23,44
115,2026-09-06,2026-07-01,42,30,72
115,2026-09-06,2026-07-02,28,25,53
115,2026-09-06,2026-07-03,21,25,46
115,2026-09-06,2026-07-04,39,24,63
115,2026-09-06,2026-07-05,21,20,41
115,2026-09-06,2026-07-06,22,21,43
115,2026-09-06,2026-07-07,18,21,39
115,2026-09-06,2026-07-08,26,15,41
115,2026-09-06,2026-07-09,31,18,49
115,2026-09-06,2026-07-10,36,26,62
115,2026-09-06,2026-07-11,35,15,50
115,2026-09-06,2026-07-12,22,18,40
115,2026-09-06,2026-07-13,27,22,49
115,2026-09-06,2026-07-14,38,18,56
115,2026-09-06,2026-07-15,36,26,62
115,2026-09-06,2026-07-16,23,16,39
115,2026-09-06,2026-07-17,18,20,38
115,2026-09-06,2026-07-18,40,24,64
115,2026-09-06,2026-07-19,33,22,55
115,2026-09-06,2026-07-20,46,41,87
115,2026-09-06,2026-07-21,40,26,66
115,2026-09-06,2026-07-22,29,30,59
115,2026-09-06,2026-07-23,24,26,50
115,2026-09-06,2026-07-24,19,21,40
115,2026-09-06,2026-07-25,27,27,54
115,2026-09-06,2026-07-26,28,23,51
115,2026-09-06,2026-07-27,33,22,55
115,2026-09-06,2026-07-28,36,34,70
115,2026-09-06,2026-07-29,31,18,49
115,2026-09-06,2026-07-30,28,21,49
115,2026-09-06,2026-07-31,33,24,57
115,2026-09-06,2026-08-01,45,36,81
115,2026-09-06,2026-08-02,36,36,72
115,2026-09-06,2026-08-03,24,26,50
115,2026-09-06,2026-08-04,24,21,45
115,2026-09-06,2026-08-05,33,20,53
115,2026-09-06,2026-08-06,32,27,59
115,2026-09-06,2026-08-07,24,25,49
115,2026-09-06,2026-08-08,39,23,62
115,2026-09-06,2026-08-09,42,28,70
115,2026-09-06,2026-08-10,46,39,85
115,2026-09-06,2026-08-11,29,24,53
115,2026-09-06,2026-08-12,45,29,74
115,2026-09-06,2026-08-13,42,21,63
115,2026-09-06,2026-08-14,43,20,63
115,2026-09-06,2026-08-15,32,25,57
115,2026-09-06,2026-08-16,29,24,53
115,2026-09-06,2026-08-17,33,20,53
115,2026-09-06,2026-08-18,33,18,51
115,2026-09-06,2026-08-19,23,16,39
115,2026-09-06,2026-08-20,38,35,73
115,2026-09-06,2026-08-21,35,22,57
115,2026-09-06,2026-08-22,21,11,32
115,2026-09-06,2026-08-23,28,15,43
115,2026-09-06,2026-08-24,37,25,62
115,2026-09-06,2026-08-25,40,26,66
115,2026-09-06,2026-08-26,25,23,48
115,2026-09-06,2026-08-27,22,23,45
115,2026-09-06,2026-08-28,22,22,44
115,2026-09-06,2026-08-29,21,8,29
115,2026-09-06,2026-08-30,18,12,30
115,2026-09-06,2026-08-31,19,13,32
115,2026-09-06,2026-09-01,22,12,34
115,2026-09-06,2026-09-02,9,5,14
115,2026-09-06,2026-09-03,7,4,11
115,2026-09-06,2026-09-04,3,4,7
115,2026-09-06,2026-09-05,0,2,2
116,2026-09-07,2026-04-20,1,1,2
116,2026-09-07,2026-04-21,0,0,0
116,2026-09-07,2026-04-22,0,0,0
116,2026-09-07,2026-04-23,0,0,0
116,2026-09-07,2026-04-24,0,0,0
116,2026-09-07,2026-04-25,0,0,0
116,2026-09-07,2026-04-26,0,0,0
116,2026-09-07,2026-04-27,0,0,0
116,2026-09-07,2026-04-28,0,0,0
116,2026-09-07,2026-04-29,0,1,1
116,2026-09-07,2026-04-30,0,1,1
116,2026-09-07,2026-05-01,1,0,1
116,2026-09-07,2026-05-02,1,3,4
116,2026-09-07,2026-05-03,2,3,5
116,2026-09-07,2026-05-04,0,0,0
116,2026-09-07,2026-05-05,4,4,8
116,2026-09-07,2026-05-06,1,0,1
116,2026-09-07,2026-05-07,2,0,2
116,2026-09-07,2026-05-08,1,2,3
116,2026-09-07,2026-05-09,2,2,4
116,2026-09-07,2026-05-10,3,2,5
116,2026-09-07,2026-05-11,2,0,2
116,2026-09-07,2026-05-12,4,2,6
116,2026-09-07,2026-05-13,12,5,17
116,2026-09-07,2026-05-14,0,7,7
116,2026-09-07,2026-05-15,12,12,24
116,2026-09-07,2026-05-16,19,5,24
116,2026-09-07,2026-05-17,21,5,26
116,2026-09-07,2026-05-18,17,13,30
116,2026-09-07,2026-05-19,21,6,27
116,2026-09-07,2026-05-20,13,6,19
116,2026-09-07,2026-05-21,9,8,17
116,2026-09-07,2026-05-22,17,3,20
116,2026-09-07,2026-05-23,10,6,16
116,2026-09-07,2026-05-24,8,9,17
116,2026-09-07,2026-05-25,7,7,14
116,2026-09-07,2026-05-26,20,4,24
116,2026-09-07,2026-05-27,19,8,27
116,2026-09-07,2026-05-28,24,8,32
116,2026-09-07,2026-05-29,19,7,26
116,2026-09-07,2026-05-30,25,18,43
116,2026-09-07,2026-05-31,18,11,29
116,2026-09-07,2026-06-01,27,25,52
116,2026-09-07,2026-06-02,22,21,43
116,2026-09-07,2026-06-03,10,13,23
116,2026-09-07,2026-06-04,17,6,23
116,2026-09-07,2026-06-05,5,13,18
116,2026-09-07,2026-06-06,22,12,34
116,2026-09-07,2026-06-07,25,13,38
116,2026-09-07,2026-06-08,26,27,53
116,2026-09-07,2026-06-09,17,15,32
116,2026-09-07,2026-06-10,22,26,48
116,2026-09-07,2026-06-11,26,13,39
116,2026-09-07,2026-06-12,17,12,29
116,2026-09-07,2026-06-13,16,11,27
116,2026-09-07,2026-06-14,23,20,43
116,2026-09-07,2026-06-15,24,18,42
116,2026-09-07,2026-06-16,20,9,29
116,2026-09-07,2026-06-17,25,14,39
116,2026-09-07,2026-06-18,24,14,38
116,2026-09-07,2026-06-19,21,11,32
116,2026-09-07,2026-06-20,31,26,57
116,2026-09-07,2026-06-21,27,19,46
116,2026-09-07,2026-06-22,19,15,34
116,2026-09-07,2026-06-23,23,13,36
116,2026-09-07,2026-06-24,23,16,39
116,2026-09-07,2026-06-25,28,24,52
116,2026-09-07,2026-06-26,18,23,41
116,2026-09-07,2026-06-27,22,18,40
116,2026-09-07,2026-06-28,26,22,48
116,2026-09-07,2026-06-29,21,14,35
116,2026-09-07,2026-06-30,19,24,43
116,2026-09-07,2026-07-01,41,30,71
116,2026-09-07,2026-07-02,26,26,52
116,2026-09-07,2026-07-03,21,25,46
116,2026-09-07,2026-07-04,37,25,62
116,2026-09-07,2026-07-05,20,20,40
116,2026-09-07,2026-07-06,21,21,42
116,2026-09-07,2026-07-07,18,21,39
116,2026-09-07,2026-07-08,26,15,41
116,2026-09-07,2026-07-09,29,20,49
116,2026-09-07,2026-07-10,32,29,61
116,2026-09-07,2026-07-11,32,17,49
116,2026-09-07,2026-07-12,21,19,40
116,2026-09-07,2026-07-13,26,23,49
116,2026-09-07,2026-07-14,36,19,55
116,2026-09-07,2026-07-15,34,27,61
116,2026-09-07,2026-07-16,23,16,39
116,2026-09-07,2026-07-17,18,20,38
116,2026-09-07,2026-07-18,40,23,63
116,2026-09-07,2026-07-19,31,23,54
116,2026-09-07,2026-07-20,45,41,86
116,2026-09-07,2026-07-21,39,26,65
116,2026-09-07,2026-07-22,27,31,58
116,2026-09-07,2026-07-23,23,26,49
116,2026-09-07,2026-07-24,19,21,40
116,2026-09-07,2026-07-25,26,27,53
116,2026-09-07,2026-07-26,28,23,51
116,2026-09-07,2026-07-27,32,22,54
116,2026-09-07,2026-07-28,35,34,69
116,2026-09-07,2026-07-29,31,18,49
116,2026-09-07,2026-07-30,28,21,49
116,2026-09-07,2026-07-31,32,25,57
116,2026-09-07,2026-08-01,45,36,81
116,2026-09-07,2026-08-02,35,36,71
116,2026-09-07,2026-08-03,23,26,49
116,2026-09-07,2026-08-04,22,23,45
116,2026-09-07,2026-08-05,32,20,52
116,2026-09-07,2026-08-06,32,26,58
116,2026-09-07,2026-08-07,24,25,49
116,2026-09-07,2026-08-08,39,23,62
116,2026-09-07,2026-08-09,41,28,69
116,2026-09-07,2026-08-10,44,40,84
116,2026-09-07,2026-08-11,28,24,52
116,2026-09-07,2026-08-12,43,30,73
116,2026-09-07,2026-08-13,42,21,63
116,2026-09-07,2026-08-14,42,20,62
116,2026-09-07,2026-08-15,32,25,57
116,2026-09-07,2026-08-16,28,24,52
116,2026-09-07,2026-08-17,32,20,52
116,2026-09-07,2026-08-18,32,18,50
116,2026-09-07,2026-08-19,23,16,39
116,2026-09-07,2026-08-20,38,35,73
116,2026-09-07,2026-08-21,34,23,57
116,2026-09-07,2026-08-22,20,13,33
116,2026-09-07,2026-08-23,28,15,43
116,2026-09-07,2026-08-24,33,28,61
116,2026-09-07,2026-08-25,43,26,69
116,2026-09-07,2026-08-26,24,24,48
116,2026-09-07,2026-08-27,20,25,45
116,2026-09-07,2026-08-28,23,24,47
116,2026-09-07,2026-08-29,24,8,32
116,2026-09-07,2026-08-30,18,12,30
116,2026-09-07,2026-08-31,25,15,40
116,2026-09-07,2026-09-01,27,14,41
116,2026-09-07,2026-09-02,16,7,23
116,2026-09-07,2026-09-03,9,3,12
116,2026-09-07,2026-09-04,8,6,14
116,2026-09-07,2026-09-05,3,11,14
116,2026-09-07,2026-09-06,0,5,5
117,2026-09-08,2026-04-20,2,0,2
117,2026-09-08,2026-04-21,2,0,2
117,2026-09-08,2026-04-27,0,0,0
117,2026-09-08,2026-04-29,1,0,1
117,2026-09-08,2026-04-30,0,1,1
117,2026-09-08,2026-05-01,1,0,1
117,2026-09-08,2026-05-02,1,3,4
117,2026-09-08,2026-05-03,2,3,5
117,2026-09-08,2026-05-04,0,0,0
117,2026-09-08,2026-05-05,4,4,8
117,2026-09-08,2026-05-06,1,0,1
117,2026-09-08,2026-05-08,1,2,3
117,2026-09-08,2026-05-09,2,2,4
117,2026-09-08,2026-05-10,3,2,5
117,2026-09-08,2026-05-11,2,0,2
117,2026-09-08,2026-05-12,4,2,6
117,2026-09-08,2026-05-13,12,5,17
117,2026-09-08,2026-05-14,0,8,8
117,2026-09-08,2026-05-15,12,12,24
117,2026-09-08,2026-05-16,19,5,24
117,2026-09-08,2026-05-17,21,5,26
117,2026-09-08,2026-05-18,17,13,30
117,2026-09-08,2026-05-19,20,7,27
117,2026-09-08,2026-05-20,13,6,19
117,2026-09-08,2026-05-21,9,8,17
117,2026-09-08,2026-05-22,17,3,20
117,2026-09-08,2026-05-23,10,6,16
117,2026-09-08,2026-05-24,8,9,17
117,2026-09-08,2026-05-25,8,6,14
117,2026-09-08,2026-05-26,21,4,25
117,2026-09-08,2026-05-27,19,8,27
117,2026-09-08,2026-05-28,25,8,33
117,2026-09-08,2026-05-29,19,7,26
117,2026-09-08,2026-05-30,26,18,44
117,2026-09-08,2026-05-31,18,11,29
117,2026-09-08,2026-06-01,27,26,53
117,2026-09-08,2026-06-02,23,21,44
117,2026-09-08,2026-06-03,11,13,24
117,2026-09-08,2026-06-04,18,6,24
117,2026-09-08,2026-06-05,6,13,19
117,2026-09-08,2026-06-06,22,12,34
117,2026-09-08,2026-06-07,25,13,38
117,2026-09-08,2026-06-08,26,28,54
117,2026-09-08,2026-06-09,17,15,32
117,2026-09-08,2026-06-10,24,26,50
117,2026-09-08,2026-06-11,26,13,39
117,2026-09-08,2026-06-12,17,12,29
117,2026-09-08,2026-06-13,16,11,27
117,2026-09-08,2026-06-14,24,20,44
117,2026-09-08,2026-06-15,22,20,42
117,2026-09-08,2026-06-16,20,9,29
117,2026-09-08,2026-06-17,25,14,39
117,2026-09-08,2026-06-18,24,14,38
117,2026-09-08,2026-06-19,21,11,32
117,2026-09-08,2026-06-20,31,26,57
117,2026-09-08,2026-06-21,27,19,46
117,2026-09-08,2026-06-22,19,15,34
117,2026-09-08,2026-06-23,24,13,37
117,2026-09-08,2026-06-24,23,16,39
117,2026-09-08,2026-06-25,29,24,53
117,2026-09-08,2026-06-26,19,23,42
117,2026-09-08,2026-06-27,23,18,41
117,2026-09-08,2026-06-28,27,22,49
117,2026-09-08,2026-06-29,22,14,36
117,2026-09-08,2026-06-30,20,24,44
117,2026-09-08,2026-07-01,41,32,73
117,2026-09-08,2026-07-02,27,26,53
117,2026-09-08,2026-07-03,21,25,46
117,2026-09-08,2026-07-04,37,26,63
117,2026-09-08,2026-07-05,21,20,41
117,2026-09-08,2026-07-06,22,21,43
117,2026-09-08,2026-07-07,18,21,39
117,2026-09-08,2026-07-08,26,16,42
117,2026-09-08,2026-07-09,29,21,50
117,2026-09-08,2026-07-10,32,30,62
117,2026-09-08,2026-07-11,33,17,50
117,2026-09-08,2026-07-12,20,20,40
117,2026-09-08,2026-07-13,26,24,50
117,2026-09-08,2026-07-14,36,20,56
117,2026-09-08,2026-07-15,35,27,62
117,2026-09-08,2026-07-16,23,16,39
117,2026-09-08,2026-07-17,17,21,38
117,2026-09-08,2026-07-18,41,24,65
117,2026-09-08,2026-07-19,31,24,55
117,2026-09-08,2026-07-20,47,41,88
117,2026-09-08,2026-07-21,40,26,66
117,2026-09-08,2026-07-22,26,33,59
117,2026-09-08,2026-07-23,23,27,50
117,2026-09-08,2026-07-24,18,22,40
117,2026-09-08,2026-07-25,26,28,54
117,2026-09-08,2026-07-26,28,23,51
117,2026-09-08,2026-07-27,33,23,56
117,2026-09-08,2026-07-28,36,34,70
117,2026-09-08,2026-07-29,31,19,50
117,2026-09-08,2026-07-30,30,21,51
117,2026-09-08,2026-07-31,31,25,56
117,2026-09-08,2026-08-01,46,36,82
117,2026-09-08,2026-08-02,36,36,72
117,2026-09-08,2026-08-03,24,26,50
117,2026-09-08,2026-08-04,22,24,46
117,2026-09-08,2026-08-05,33,21,54
117,2026-09-08,2026-08-06,32,27,59
117,2026-09-08,2026-08-07,25,25,50
117,2026-09-08,2026-08-08,40,23,63
117,2026-09-08,2026-08-09,41,29,70
117,2026-09-08,2026-08-10,45,42,87
117,2026-09-08,2026-08-11,29,24,53
117,2026-09-08,2026-08-12,44,30,74
117,2026-09-08,2026-08-13,42,22,64
117,2026-09-08,2026-08-14,42,21,63
117,2026-09-08,2026-08-15,32,25,57
117,2026-09-08,2026-08-16,30,24,54
117,2026-09-08,2026-08-17,33,21,54
117,2026-09-08,2026-08-18,32,19,51
117,2026-09-08,2026-08-19,23,16,39
117,2026-09-08,2026-08-20,39,36,75
117,2026-09-08,2026-08-21,35,23,58
117,2026-09-08,2026-08-22,20,15,35
117,2026-09-08,2026-08-23,29,16,45
117,2026-09-08,2026-08-24,35,29,64
117,2026-09-08,2026-08-25,44,28,72
117,2026-09-08,2026-08-26,25,24,49
117,2026-09-08,2026-08-27,22,25,47
117,2026-09-08,2026-08-28,26,26,52
117,2026-09-08,2026-08-29,24,11,35
117,2026-09-08,2026-08-30,18,14,32
117,2026-09-08,2026-08-31,29,17,46
117,2026-09-08,2026-09-01,30,14,44
117,2026-09-08,2026-09-02,16,8,24
117,2026-09-08,2026-09-03,16,7,23
117,2026-09-08,2026-09-04,11,7,18
117,2026-09-08,2026-09-05,2,7,9
117,2026-09-08,2026-09-06,3,8,11
118,2026-09-09,2026-05-01,1,0,1
118,2026-09-09,2026-05-02,1,3,4
118,2026-09-09,2026-05-03,2,3,5
118,2026-09-09,2026-05-05,3,4,7
118,2026-09-09,2026-05-06,1,0,1
118,2026-09-09,2026-05-07,2,0,2
118,2026-09-09,2026-05-08,1,2,3
118,2026-09-09,2026-05-09,2,2,4
118,2026-09-09,2026-05-10,3,2,5
118,2026-09-09,2026-05-11,2,0,2
118,2026-09-09,2026-05-12,3,2,5
118,2026-09-09,2026-05-13,11,5,16
118,2026-09-09,2026-05-14,0,7,7
118,2026-09-09,2026-05-15,11,12,23
118,2026-09-09,2026-05-16,18,5,23
118,2026-09-09,2026-05-17,21,5,26
118,2026-09-09,2026-05-18,16,13,29
118,2026-09-09,2026-05-19,21,6,27
118,2026-09-09,2026-05-20,13,6,19
118,2026-09-09,2026-05-21,8,8,16
118,2026-09-09,2026-05-22,17,3,20
118,2026-09-09,2026-05-23,9,6,15
118,2026-09-09,2026-05-24,7,9,16
118,2026-09-09,2026-05-25,8,6,14
118,2026-09-09,2026-05-26,20,4,24
118,2026-09-09,2026-05-27,19,8,27
118,2026-09-09,2026-05-28,23,9,32
118,2026-09-09,2026-05-29,19,7,26
118,2026-09-09,2026-05-30,26,18,44
118,2026-09-09,2026-05-31,18,11,29
118,2026-09-09,2026-06-01,27,25,52
118,2026-09-09,2026-06-02,23,21,44
118,2026-09-09,2026-06-03,10,14,24
118,2026-09-09,2026-06-04,17,6,23
118,2026-09-09,2026-06-05,6,13,19
118,2026-09-09,2026-06-06,22,12,34
118,2026-09-09,2026-06-07,25,13,38
118,2026-09-09,2026-06-08,27,27,54
118,2026-09-09,2026-06-09,16,15,31
118,2026-09-09,2026-06-10,23,26,49
118,2026-09-09,2026-06-11,25,13,38
118,2026-09-09,2026-06-12,17,12,29
118,2026-09-09,2026-06-13,16,11,27
118,2026-09-09,2026-06-14,24,20,44
118,2026-09-09,2026-06-15,22,20,42
118,2026-09-09,2026-06-16,19,10,29
118,2026-09-09,2026-06-17,24,14,38
118,2026-09-09,2026-06-18,24,14,38
118,2026-09-09,2026-06-19,20,11,31
118,2026-09-09,2026-06-20,30,26,56
118,2026-09-09,2026-06-21,26,19,45
118,2026-09-09,2026-06-22,19,15,34
118,2026-09-09,2026-06-23,24,13,37
118,2026-09-09,2026-06-24,22,16,38
118,2026-09-09,2026-06-25,28,24,52
118,2026-09-09,2026-06-26,18,23,41
118,2026-09-09,2026-06-27,21,19,40
118,2026-09-09,2026-06-28,26,22,48
118,2026-09-09,2026-06-29,22,14,36
118,2026-09-09,2026-06-30,20,24,44
118,2026-09-09,2026-07-01,41,31,72
118,2026-09-09,2026-07-02,27,26,53
118,2026-09-09,2026-07-03,20,25,45
118,2026-09-09,2026-07-04,37,25,62
118,2026-09-09,2026-07-05,20,20,40
118,2026-09-09,2026-07-06,21,21,42
118,2026-09-09,2026-07-07,17,21,38
118,2026-09-09,2026-07-08,26,15,41
118,2026-09-09,2026-07-09,29,20,49
118,2026-09-09,2026-07-10,31,30,61
118,2026-09-09,2026-07-11,32,17,49
118,2026-09-09,2026-07-12,19,20,39
118,2026-09-09,2026-07-13,26,23,49
118,2026-09-09,2026-07-14,35,20,55
118,2026-09-09,2026-07-15,34,27,61
118,2026-09-09,2026-07-16,22,16,38
118,2026-09-09,2026-07-17,18,20,38
118,2026-09-09,2026-07-18,40,24,64
118,2026-09-09,2026-07-19,29,25,54
118,2026-09-09,2026-07-20,46,41,87
118,2026-09-09,2026-07-21,39,26,65
118,2026-09-09,2026-07-22,27,32,59
118,2026-09-09,2026-07-23,22,27,49
118,2026-09-09,2026-07-24,17,22,39
118,2026-09-09,2026-07-25,27,27,54
118,2026-09-09,2026-07-26,28,23,51
118,2026-09-09,2026-07-27,33,22,55
118,2026-09-09,2026-07-28,35,34,69
118,2026-09-09,2026-07-29,30,19,49
118,2026-09-09,2026-07-30,30,21,51
118,2026-09-09,2026-07-31,30,25,55
118,2026-09-09,2026-08-01,45,36,81
118,2026-09-09,2026-08-02,35,37,72
118,2026-09-09,2026-08-03,23,26,49
118,2026-09-09,2026-08-04,22,23,45
118,2026-09-09,2026-08-05,34,20,54
118,2026-09-09,2026-08-06,32,27,59
118,2026-09-09,2026-08-07,24,25,49
118,2026-09-09,2026-08-08,39,23,62
118,2026-09-09,2026-08-09,41,28,69
118,2026-09-09,2026-08-10,44,42,86
118,2026-09-09,2026-08-11,28,26,54
118,2026-09-09,2026-08-12,43,30,73
118,2026-09-09,2026-08-13,42,22,64
118,2026-09-09,2026-08-14,42,20,62
118,2026-09-09,2026-08-15,31,26,57
118,2026-09-09,2026-08-16,29,25,54
118,2026-09-09,2026-08-17,31,24,55
118,2026-09-09,2026-08-18,32,20,52
118,2026-09-09,2026-08-19,22,16,38
118,2026-09-09,2026-08-20,39,40,79
118,2026-09-09,2026-08-21,36,23,59
118,2026-09-09,2026-08-22,22,16,38
118,2026-09-09,2026-08-23,28,17,45
118,2026-09-09,2026-08-24,34,30,64
118,2026-09-09,2026-08-25,43,28,71
118,2026-09-09,2026-08-26,24,24,48
118,2026-09-09,2026-08-27,22,27,49
118,2026-09-09,2026-08-28,24,28,52
118,2026-09-09,2026-08-29,23,12,35
118,2026-09-09,2026-08-30,19,15,34
118,2026-09-09,2026-08-31,28,17,45
118,2026-09-09,2026-09-01,35,17,52
118,2026-09-09,2026-09-02,19,10,29
118,2026-09-09,2026-09-03,17,7,24
118,2026-09-09,2026-09-04,14,10,24
118,2026-09-09,2026-09-05,3,8,11
118,2026-09-09,2026-09-06,4,14,18
118,2026-09-09,2026-09-07,7,10,17
118,2026-09-09,2026-09-08,3,0,3
119,2026-09-10,2026-04-29,0,1,1
119,2026-09-10,2026-04-30,0,1,1
119,2026-09-10,2026-05-01,0,1,1
119,2026-09-10,2026-05-02,1,3,4
119,2026-09-10,2026-05-03,2,3,5
119,2026-09-10,2026-05-05,4,4,8
119,2026-09-10,2026-05-06,1,0,1
119,2026-09-10,2026-05-07,2,0,2
119,2026-09-10,2026-05-08,1,2,3
119,2026-09-10,2026-05-09,2,2,4
119,2026-09-10,2026-05-10,2,3,5
119,2026-09-10,2026-05-11,2,0,2
119,2026-09-10,2026-05-12,4,2,6
119,2026-09-10,2026-05-13,12,5,17
119,2026-09-10,2026-05-14,4,14,18
119,2026-09-10,2026-05-15,12,13,25
119,2026-09-10,2026-05-16,18,6,24
119,2026-09-10,2026-05-17,21,5,26
119,2026-09-10,2026-05-18,16,14,30
119,2026-09-10,2026-05-19,21,6,27
119,2026-09-10,2026-05-20,13,7,20
119,2026-09-10,2026-05-21,9,8,17
119,2026-09-10,2026-05-22,17,3,20
119,2026-09-10,2026-05-23,10,6,16
119,2026-09-10,2026-05-24,8,9,17
119,2026-09-10,2026-05-25,7,7,14
119,2026-09-10,2026-05-26,21,4,25
119,2026-09-10,2026-05-27,19,8,27
119,2026-09-10,2026-05-28,25,8,33
119,2026-09-10,2026-05-29,19,7,26
119,2026-09-10,2026-05-30,26,18,44
119,2026-09-10,2026-05-31,18,11,29
119,2026-09-10,2026-06-01,27,26,53
119,2026-09-10,2026-06-02,23,21,44
119,2026-09-10,2026-06-03,11,13,24
119,2026-09-10,2026-06-04,18,6,24
119,2026-09-10,2026-06-05,6,13,19
119,2026-09-10,2026-06-06,22,12,34
119,2026-09-10,2026-06-07,24,14,38
119,2026-09-10,2026-06-08,27,27,54
119,2026-09-10,2026-06-09,17,15,32
119,2026-09-10,2026-06-10,23,27,50
119,2026-09-10,2026-06-11,25,14,39
119,2026-09-10,2026-06-12,17,12,29
119,2026-09-10,2026-06-13,16,11,27
119,2026-09-10,2026-06-14,24,20,44
119,2026-09-10,2026-06-15,23,19,42
119,2026-09-10,2026-06-16,20,9,29
119,2026-09-10,2026-06-17,25,14,39
119,2026-09-10,2026-06-18,24,14,38
119,2026-09-10,2026-06-19,21,11,32
119,2026-09-10,2026-06-20,30,27,57
119,2026-09-10,2026-06-21,27,19,46
119,2026-09-10,2026-06-22,19,15,34
119,2026-09-10,2026-06-23,24,13,37
119,2026-09-10,2026-06-24,23,16,39
119,2026-09-10,2026-06-25,29,24,53
119,2026-09-10,2026-06-26,19,23,42
119,2026-09-10,2026-06-27,21,20,41
119,2026-09-10,2026-06-28,27,22,49
119,2026-09-10,2026-06-29,22,14,36
119,2026-09-10,2026-06-30,20,24,44
119,2026-09-10,2026-07-01,41,32,73
119,2026-09-10,2026-07-02,27,26,53
119,2026-09-10,2026-07-03,21,25,46
119,2026-09-10,2026-07-04,39,24,63
119,2026-09-10,2026-07-05,21,20,41
119,2026-09-10,2026-07-06,22,21,43
119,2026-09-10,2026-07-07,18,21,39
119,2026-09-10,2026-07-08,27,15,42
119,2026-09-10,2026-07-09,29,21,50
119,2026-09-10,2026-07-10,32,30,62
119,2026-09-10,2026-07-11,32,18,50
119,2026-09-10,2026-07-12,20,20,40
119,2026-09-10,2026-07-13,27,23,50
119,2026-09-10,2026-07-14,37,20,57
119,2026-09-10,2026-07-15,35,27,62
119,2026-09-10,2026-07-16,23,16,39
119,2026-09-10,2026-07-17,18,20,38
119,2026-09-10,2026-07-18,41,24,65
119,2026-09-10,2026-07-19,30,25,55
119,2026-09-10,2026-07-20,47,41,88
119,2026-09-10,2026-07-21,39,27,66
119,2026-09-10,2026-07-22,27,32,59
119,2026-09-10,2026-07-23,23,27,50
119,2026-09-10,2026-07-24,18,22,40
119,2026-09-10,2026-07-25,27,27,54
119,2026-09-10,2026-07-26,28,23,51
119,2026-09-10,2026-07-27,34,22,56
119,2026-09-10,2026-07-28,35,35,70
119,2026-09-10,2026-07-29,32,19,51
119,2026-09-10,2026-07-30,29,22,51
119,2026-09-10,2026-07-31,31,25,56
119,2026-09-10,2026-08-01,46,36,82
119,2026-09-10,2026-08-02,35,38,73
119,2026-09-10,2026-08-03,22,28,50
119,2026-09-10,2026-08-04,21,25,46
119,2026-09-10,2026-08-05,32,22,54
119,2026-09-10,2026-08-06,32,27,59
119,2026-09-10,2026-08-07,23,28,51
119,2026-09-10,2026-08-08,40,23,63
119,2026-09-10,2026-08-09,42,28,70
119,2026-09-10,2026-08-10,44,43,87
119,2026-09-10,2026-08-11,29,25,54
119,2026-09-10,2026-08-12,44,30,74
119,2026-09-10,2026-08-13,43,22,65
119,2026-09-10,2026-08-14,43,20,63
119,2026-09-10,2026-08-15,32,26,58
119,2026-09-10,2026-08-16,29,24,53
119,2026-09-10,2026-08-17,32,24,56
119,2026-09-10,2026-08-18,32,20,52
119,2026-09-10,2026-08-19,22,18,40
119,2026-09-10,2026-08-20,39,41,80
119,2026-09-10,2026-08-21,37,24,61
119,2026-09-10,2026-08-22,22,16,38
119,2026-09-10,2026-08-23,29,18,47
119,2026-09-10,2026-08-24,35,30,65
119,2026-09-10,2026-08-25,43,29,72
119,2026-09-10,2026-08-26,25,26,51
119,2026-09-10,2026-08-27,24,27,51
119,2026-09-10,2026-08-28,25,31,56
119,2026-09-10,2026-08-29,23,13,36
119,2026-09-10,2026-08-30,20,15,35
119,2026-09-10,2026-08-31,31,18,49
119,2026-09-10,2026-09-01,42,17,59
119,2026-09-10,2026-09-02,22,12,34
119,2026-09-10,2026-09-03,19,10,29
119,2026-09-10,2026-09-04,17,12,29
119,2026-09-10,2026-09-05,8,10,18
119,2026-09-10,2026-09-06,11,12,23
119,2026-09-10,2026-09-07,14,12,26
119,2026-09-10,2026-09-08,6,1,7
119,2026-09-10,2026-09-09,0,2,2
119,2026-09-10,2026-09-10,0,1,1
120,2026-09-11,2026-04-20,1,1,2
120,2026-09-11,2026-04-21,0,0,0
120,2026-09-11,2026-04-27,0,0,0
120,2026-09-11,2026-04-28,0,0,0
120,2026-09-11,2026-04-29,0,1,1
120,2026-09-11,2026-04-30,0,1,1
120,2026-09-11,2026-05-01,1,0,1
120,2026-09-11,2026-05-02,1,3,4
120,2026-09-11,2026-05-03,2,3,5
120,2026-09-11,2026-05-04,0,0,0
120,2026-09-11,2026-05-05,4,4,8
120,2026-09-11,2026-05-06,1,0,1
120,2026-09-11,2026-05-07,2,0,2
120,2026-09-11,2026-05-08,1,2,3
120,2026-09-11,2026-05-09,2,2,4
120,2026-09-11,2026-05-10,3,2,5
120,2026-09-11,2026-05-11,2,0,2
120,2026-09-11,2026-05-12,4,2,6
120,2026-09-11,2026-05-13,12,5,17
120,2026-09-11,2026-05-14,5,22,27
120,2026-09-11,2026-05-15,13,12,25
120,2026-09-11,2026-05-16,18,6,24
120,2026-09-11,2026-05-17,21,5,26
120,2026-09-11,2026-05-18,17,13,30
120,2026-09-11,2026-05-19,21,6,27
120,2026-09-11,2026-05-20,13,7,20
120,2026-09-11,2026-05-21,9,8,17
120,2026-09-11,2026-05-22,16,4,20
120,2026-09-11,2026-05-23,10,6,16
120,2026-09-11,2026-05-24,8,9,17
120,2026-09-11,2026-05-25,7,7,14
120,2026-09-11,2026-05-26,20,5,25
120,2026-09-11,2026-05-27,18,9,27
120,2026-09-11,2026-05-28,25,8,33
120,2026-09-11,2026-05-29,19,7,26
120,2026-09-11,2026-05-30,26,18,44
120,2026-09-11,2026-05-31,18,11,29
120,2026-09-11,2026-06-01,29,25,54
120,2026-09-11,2026-06-02,22,21,43
120,2026-09-11,2026-06-03,11,13,24
120,2026-09-11,2026-06-04,18,6,24
120,2026-09-11,2026-06-05,5,14,19
120,2026-09-11,2026-06-06,22,12,34
120,2026-09-11,2026-06-07,25,13,38
120,2026-09-11,2026-06-08,26,29,55
120,2026-09-11,2026-06-09,17,15,32
120,2026-09-11,2026-06-10,22,28,50
120,2026-09-11,2026-06-11,25,14,39
120,2026-09-11,2026-06-12,17,12,29
120,2026-09-11,2026-06-13,16,11,27
120,2026-09-11,2026-06-14,24,20,44
120,2026-09-11,2026-06-15,22,19,41
120,2026-09-11,2026-06-16,20,9,29
120,2026-09-11,2026-06-17,25,14,39
120,2026-09-11,2026-06-18,24,14,38
120,2026-09-11,2026-06-19,21,11,32
120,2026-09-11,2026-06-20,30,27,57
120,2026-09-11,2026-06-21,27,19,46
120,2026-09-11,2026-06-22,19,15,34
120,2026-09-11,2026-06-23,24,14,38
120,2026-09-11,2026-06-24,23,16,39
120,2026-09-11,2026-06-25,29,24,53
120,2026-09-11,2026-06-26,19,23,42
120,2026-09-11,2026-06-27,22,19,41
120,2026-09-11,2026-06-28,27,22,49
120,2026-09-11,2026-06-29,21,16,37
120,2026-09-11,2026-06-30,21,24,45
120,2026-09-11,2026-07-01,41,31,72
120,2026-09-11,2026-07-02,27,26,53
120,2026-09-11,2026-07-03,21,25,46
120,2026-09-11,2026-07-04,39,24,63
120,2026-09-11,2026-07-05,21,20,41
120,2026-09-11,2026-07-06,22,21,43
120,2026-09-11,2026-07-07,18,21,39
120,2026-09-11,2026-07-08,26,16,42
120,2026-09-11,2026-07-09,29,21,50
120,2026-09-11,2026-07-10,31,31,62
120,2026-09-11,2026-07-11,32,18,50
120,2026-09-11,2026-07-12,19,21,40
120,2026-09-11,2026-07-13,27,23,50
120,2026-09-11,2026-07-14,37,20,57
120,2026-09-11,2026-07-15,34,28,62
120,2026-09-11,2026-07-16,23,16,39
120,2026-09-11,2026-07-17,18,20,38
120,2026-09-11,2026-07-18,41,24,65
120,2026-09-11,2026-07-19,30,25,55
120,2026-09-11,2026-07-20,47,41,88
120,2026-09-11,2026-07-21,40,26,66
120,2026-09-11,2026-07-22,27,32,59
120,2026-09-11,2026-07-23,23,27,50
120,2026-09-11,2026-07-24,18,22,40
120,2026-09-11,2026-07-25,27,27,54
120,2026-09-11,2026-07-26,28,23,51
120,2026-09-11,2026-07-27,34,22,56
120,2026-09-11,2026-07-28,36,34,70
120,2026-09-11,2026-07-29,32,19,51
120,2026-09-11,2026-07-30,29,22,51
120,2026-09-11,2026-07-31,31,25,56
120,2026-09-11,2026-08-01,46,36,82
120,2026-09-11,2026-08-02,36,37,73
120,2026-09-11,2026-08-03,23,27,50
120,2026-09-11,2026-08-04,22,24,46
120,2026-09-11,2026-08-05,32,22,54
120,2026-09-11,2026-08-06,32,27,59
120,2026-09-11,2026-08-07,23,28,51
120,2026-09-11,2026-08-08,40,23,63
120,2026-09-11,2026-08-09,41,29,70
120,2026-09-11,2026-08-10,44,44,88
120,2026-09-11,2026-08-11,29,25,54
120,2026-09-11,2026-08-12,44,30,74
120,2026-09-11,2026-08-13,43,22,65
120,2026-09-11,2026-08-14,43,20,63
120,2026-09-11,2026-08-15,32,27,59
120,2026-09-11,2026-08-16,28,25,53
120,2026-09-11,2026-08-17,32,24,56
120,2026-09-11,2026-08-18,33,19,52
120,2026-09-11,2026-08-19,22,19,41
120,2026-09-11,2026-08-20,39,41,80
120,2026-09-11,2026-08-21,37,24,61
120,2026-09-11,2026-08-22,22,16,38
120,2026-09-11,2026-08-23,29,19,48
120,2026-09-11,2026-08-24,35,30,65
120,2026-09-11,2026-08-25,44,32,76
120,2026-09-11,2026-08-26,25,26,51
120,2026-09-11,2026-08-27,25,27,52
120,2026-09-11,2026-08-28,24,34,58
120,2026-09-11,2026-08-29,21,17,38
120,2026-09-11,2026-08-30,21,15,36
120,2026-09-11,2026-08-31,32,23,55
120,2026-09-11,2026-09-01,46,21,67
120,2026-09-11,2026-09-02,21,17,38
120,2026-09-11,2026-09-03,25,10,35
120,2026-09-11,2026-09-04,18,18,36
120,2026-09-11,2026-09-05,12,10,22
120,2026-09-11,2026-09-06,16,9,25
120,2026-09-11,2026-09-07,13,11,24
120,2026-09-11,2026-09-08,11,6,17
120,2026-09-11,2026-09-09,2,2,4
120,2026-09-11,2026-09-10,0,7,7
121,2026-09-12,2026-04-20,1,1,2
121,2026-09-12,2026-04-29,1,0,1
121,2026-09-12,2026-04-30,0,1,1
121,2026-09-12,2026-05-01,1,0,1
121,2026-09-12,2026-05-02,0,4,4
121,2026-09-12,2026-05-03,2,3,5
121,2026-09-12,2026-05-05,4,4,8
121,2026-09-12,2026-05-06,1,0,1
121,2026-09-12,2026-05-07,2,0,2
121,2026-09-12,2026-05-08,0,3,3
121,2026-09-12,2026-05-09,2,2,4
121,2026-09-12,2026-05-10,3,3,6
121,2026-09-12,2026-05-11,2,0,2
121,2026-09-12,2026-05-12,4,2,6
121,2026-09-12,2026-05-13,12,5,17
121,2026-09-12,2026-05-14,0,8,8
121,2026-09-12,2026-05-15,13,12,25
121,2026-09-12,2026-05-16,18,6,24
121,2026-09-12,2026-05-17,21,5,26
121,2026-09-12,2026-05-18,18,12,30
121,2026-09-12,2026-05-19,21,6,27
121,2026-09-12,2026-05-20,13,7,20
121,2026-09-12,2026-05-21,9,8,17
121,2026-09-12,2026-05-22,16,4,20
121,2026-09-12,2026-05-23,10,6,16
121,2026-09-12,2026-05-24,7,10,17
121,2026-09-12,2026-05-25,7,7,14
121,2026-09-12,2026-05-26,20,5,25
121,2026-09-12,2026-05-27,19,8,27
121,2026-09-12,2026-05-28,25,8,33
121,2026-09-12,2026-05-29,19,7,26
121,2026-09-12,2026-05-30,25,19,44
121,2026-09-12,2026-05-31,18,11,29
121,2026-09-12,2026-06-01,28,26,54
121,2026-09-12,2026-06-02,22,21,43
121,2026-09-12,2026-06-03,10,14,24
121,2026-09-12,2026-06-04,17,7,24
121,2026-09-12,2026-06-05,5,14,19
121,2026-09-12,2026-06-06,22,12,34
121,2026-09-12,2026-06-07,25,13,38
121,2026-09-12,2026-06-08,27,29,56
121,2026-09-12,2026-06-09,17,15,32
121,2026-09-12,2026-06-10,23,27,50
121,2026-09-12,2026-06-11,24,15,39
121,2026-09-12,2026-06-12,17,12,29
121,2026-09-12,2026-06-13,16,11,27
121,2026-09-12,2026-06-14,24,20,44
121,2026-09-12,2026-06-15,22,19,41
121,2026-09-12,2026-06-16,20,9,29
121,2026-09-12,2026-06-17,24,15,39
121,2026-09-12,2026-06-18,24,14,38
121,2026-09-12,2026-06-19,21,12,33
121,2026-09-12,2026-06-20,29,28,57
121,2026-09-12,2026-06-21,26,20,46
121,2026-09-12,2026-06-22,20,15,35
121,2026-09-12,2026-06-23,23,15,38
121,2026-09-12,2026-06-24,23,16,39
121,2026-09-12,2026-06-25,29,24,53
121,2026-09-12,2026-06-26,20,24,44
121,2026-09-12,2026-06-27,22,19,41
121,2026-09-12,2026-06-28,27,23,50
121,2026-09-12,2026-06-29,22,15,37
121,2026-09-12,2026-06-30,21,24,45
121,2026-09-12,2026-07-01,40,32,72
121,2026-09-12,2026-07-02,26,27,53
121,2026-09-12,2026-07-03,21,25,46
121,2026-09-12,2026-07-04,38,26,64
121,2026-09-12,2026-07-05,21,20,41
121,2026-09-12,2026-07-06,22,21,43
121,2026-09-12,2026-07-07,18,22,40
121,2026-09-12,2026-07-08,27,15,42
121,2026-09-12,2026-07-09,29,21,50
121,2026-09-12,2026-07-10,31,31,62
121,2026-09-12,2026-07-11,32,18,50
121,2026-09-12,2026-07-12,19,21,40
121,2026-09-12,2026-07-13,27,23,50
121,2026-09-12,2026-07-14,37,20,57
121,2026-09-12,2026-07-15,34,28,62
121,2026-09-12,2026-07-16,23,16,39
121,2026-09-12,2026-07-17,18,20,38
121,2026-09-12,2026-07-18,41,24,65
121,2026-09-12,2026-07-19,30,25,55
121,2026-09-12,2026-07-20,47,41,88
121,2026-09-12,2026-07-21,40,26,66
121,2026-09-12,2026-07-22,27,32,59
121,2026-09-12,2026-07-23,23,27,50
121,2026-09-12,2026-07-24,18,22,40
121,2026-09-12,2026-07-25,27,27,54
121,2026-09-12,2026-07-26,28,24,52
121,2026-09-12,2026-07-27,33,23,56
121,2026-09-12,2026-07-28,35,35,70
121,2026-09-12,2026-07-29,31,20,51
121,2026-09-12,2026-07-30,29,22,51
121,2026-09-12,2026-07-31,31,25,56
121,2026-09-12,2026-08-01,43,40,83
121,2026-09-12,2026-08-02,35,38,73
121,2026-09-12,2026-08-03,22,28,50
121,2026-09-12,2026-08-04,22,24,46
121,2026-09-12,2026-08-05,31,23,54
121,2026-09-12,2026-08-06,32,28,60
121,2026-09-12,2026-08-07,22,29,51
121,2026-09-12,2026-08-08,39,24,63
121,2026-09-12,2026-08-09,42,28,70
121,2026-09-12,2026-08-10,42,45,87
121,2026-09-12,2026-08-11,29,25,54
121,2026-09-12,2026-08-12,43,31,74
121,2026-09-12,2026-08-13,43,22,65
121,2026-09-12,2026-08-14,43,20,63
121,2026-09-12,2026-08-15,32,27,59
121,2026-09-12,2026-08-16,26,27,53
121,2026-09-12,2026-08-17,32,24,56
121,2026-09-12,2026-08-18,32,20,52
121,2026-09-12,2026-08-19,22,19,41
121,2026-09-12,2026-08-20,37,43,80
121,2026-09-12,2026-08-21,37,24,61
121,2026-09-12,2026-08-22,22,16,38
121,2026-09-12,2026-08-23,29,19,48
121,2026-09-12,2026-08-24,35,30,65
121,2026-09-12,2026-08-25,43,33,76
121,2026-09-12,2026-08-26,25,26,51
121,2026-09-12,2026-08-27,25,27,52
121,2026-09-12,2026-08-28,24,34,58
121,2026-09-12,2026-08-29,21,19,40
121,2026-09-12,2026-08-30,21,15,36
121,2026-09-12,2026-08-31,33,23,56
121,2026-09-12,2026-09-01,47,24,71
121,2026-09-12,2026-09-02,22,20,42
121,2026-09-12,2026-09-03,27,12,39
121,2026-09-12,2026-09-04,20,23,43
121,2026-09-12,2026-09-05,15,11,26
121,2026-09-12,2026-09-06,22,10,32
121,2026-09-12,2026-09-08,16,11,27
121,2026-09-12,2026-09-09,3,19,22
122,2026-09-13,2026-04-20,1,0,1
122,2026-09-13,2026-04-29,0,0,0
122,2026-09-13,2026-04-30,0,0,0
122,2026-09-13,2026-05-01,0,0,0
122,2026-09-13,2026-05-02,1,3,4
122,2026-09-13,2026-05-03,2,3,5
122,2026-09-13,2026-05-05,4,4,8
122,2026-09-13,2026-05-06,0,0,0
122,2026-09-13,2026-05-08,0,2,2
122,2026-09-13,2026-05-09,3,2,5
122,2026-09-13,2026-05-10,3,3,6
122,2026-09-13,2026-05-12,4,2,6
122,2026-09-13,2026-05-13,12,5,17
122,2026-09-13,2026-05-14,2,15,17
122,2026-09-13,2026-05-15,13,12,25
122,2026-09-13,2026-05-16,19,5,24
122,2026-09-13,2026-05-17,21,5,26
122,2026-09-13,2026-05-18,17,13,30
122,2026-09-13,2026-05-19,21,6,27
122,2026-09-13,2026-05-20,13,7,20
122,2026-09-13,2026-05-21,9,8,17
122,2026-09-13,2026-05-22,19,3,22
122,2026-09-13,2026-05-23,10,6,16
122,2026-09-13,2026-05-24,8,9,17
122,2026-09-13,2026-05-25,7,7,14
122,2026-09-13,2026-05-26,20,5,25
122,2026-09-13,2026-05-27,19,8,27
122,2026-09-13,2026-05-28,24,9,33
122,2026-09-13,2026-05-29,18,7,25
122,2026-09-13,2026-05-30,24,20,44
122,2026-09-13,2026-05-31,18,11,29
122,2026-09-13,2026-06-01,28,26,54
122,2026-09-13,2026-06-02,21,22,43
122,2026-09-13,2026-06-03,11,13,24
122,2026-09-13,2026-06-04,18,6,24
122,2026-09-13,2026-06-05,5,14,19
122,2026-09-13,2026-06-06,21,13,34
122,2026-09-13,2026-06-07,25,13,38
122,2026-09-13,2026-06-08,26,29,55
122,2026-09-13,2026-06-09,17,15,32
122,2026-09-13,2026-06-10,23,27,50
122,2026-09-13,2026-06-11,23,16,39
122,2026-09-13,2026-06-12,17,12,29
122,2026-09-13,2026-06-13,16,11,27
122,2026-09-13,2026-06-14,23,21,44
122,2026-09-13,2026-06-15,22,19,41
122,2026-09-13,2026-06-16,20,9,29
122,2026-09-13,2026-06-17,24,15,39
122,2026-09-13,2026-06-18,24,14,38
122,2026-09-13,2026-06-19,21,12,33
122,2026-09-13,2026-06-20,30,27,57
122,2026-09-13,2026-06-21,26,20,46
122,2026-09-13,2026-06-22,20,15,35
122,2026-09-13,2026-06-23,26,14,40
122,2026-09-13,2026-06-24,23,16,39
122,2026-09-13,2026-06-25,29,25,54
122,2026-09-13,2026-06-26,20,25,45
122,2026-09-13,2026-06-27,22,19,41
122,2026-09-13,2026-06-28,28,22,50
122,2026-09-13,2026-06-29,22,16,38
122,2026-09-13,2026-06-30,21,24,45
122,2026-09-13,2026-07-01,39,34,73
122,2026-09-13,2026-07-02,27,27,54
122,2026-09-13,2026-07-03,21,25,46
122,2026-09-13,2026-07-04,38,26,64
122,2026-09-13,2026-07-05,21,20,41
122,2026-09-13,2026-07-06,21,22,43
122,2026-09-13,2026-07-07,18,22,40
122,2026-09-13,2026-07-08,27,16,43
122,2026-09-13,2026-07-09,29,21,50
122,2026-09-13,2026-07-10,32,30,62
122,2026-09-13,2026-07-11,33,17,50
122,2026-09-13,2026-07-12,18,22,40
122,2026-09-13,2026-07-13,28,23,51
122,2026-09-13,2026-07-14,36,21,57
122,2026-09-13,2026-07-15,34,28,62
122,2026-09-13,2026-07-16,22,17,39
122,2026-09-13,2026-07-17,17,21,38
122,2026-09-13,2026-07-18,39,25,64
122,2026-09-13,2026-07-19,30,25,55
122,2026-09-13,2026-07-20,46,42,88
122,2026-09-13,2026-07-21,40,26,66
122,2026-09-13,2026-07-22,27,32,59
122,2026-09-13,2026-07-23,22,28,50
122,2026-09-13,2026-07-24,17,23,40
122,2026-09-13,2026-07-25,27,27,54
122,2026-09-13,2026-07-26,28,24,52
122,2026-09-13,2026-07-27,32,24,56
122,2026-09-13,2026-07-28,36,34,70
122,2026-09-13,2026-07-29,31,20,51
122,2026-09-13,2026-07-30,29,22,51
122,2026-09-13,2026-07-31,31,25,56
122,2026-09-13,2026-08-01,44,39,83
122,2026-09-13,2026-08-02,36,37,73
122,2026-09-13,2026-08-03,22,28,50
122,2026-09-13,2026-08-04,22,24,46
122,2026-09-13,2026-08-05,31,23,54
122,2026-09-13,2026-08-06,31,28,59
122,2026-09-13,2026-08-07,23,27,50
122,2026-09-13,2026-08-08,38,25,63
122,2026-09-13,2026-08-09,42,28,70
122,2026-09-13,2026-08-10,41,45,86
122,2026-09-13,2026-08-11,29,25,54
122,2026-09-13,2026-08-12,44,31,75
122,2026-09-13,2026-08-13,44,22,66
122,2026-09-13,2026-08-14,42,20,62
122,2026-09-13,2026-08-15,32,28,60
122,2026-09-13,2026-08-16,26,27,53
122,2026-09-13,2026-08-17,31,25,56
122,2026-09-13,2026-08-18,34,19,53
122,2026-09-13,2026-08-19,22,19,41
122,2026-09-13,2026-08-20,37,43,80
122,2026-09-13,2026-08-21,37,24,61
122,2026-09-13,2026-08-22,22,16,38
122,2026-09-13,2026-08-23,28,20,48
122,2026-09-13,2026-08-24,35,30,65
122,2026-09-13,2026-08-25,44,33,77
122,2026-09-13,2026-08-26,25,26,51
122,2026-09-13,2026-08-27,25,27,52
122,2026-09-13,2026-08-28,24,35,59
122,2026-09-13,2026-08-29,20,20,40
122,2026-09-13,2026-08-30,20,17,37
122,2026-09-13,2026-08-31,32,25,57
122,2026-09-13,2026-09-01,45,26,71
122,2026-09-13,2026-09-02,24,20,44
122,2026-09-13,2026-09-03,27,15,42
122,2026-09-13,2026-09-04,21,27,48
122,2026-09-13,2026-09-05,22,13,35
122,2026-09-13,2026-09-06,27,10,37
122,2026-09-13,2026-09-07,25,4,29
122,2026-09-13,2026-09-08,19,14,33
122,2026-09-13,2026-09-09,8,7,15
122,2026-09-13,2026-09-10,9,21,30
122,2026-09-13,2026-09-11,2,7,9
122,2026-09-13,2026-09-12,0,4,4
123,2026-09-14,2026-04-29,0,1,1
123,2026-09-14,2026-04-30,0,1,1
123,2026-09-14,2026-05-01,0,1,1
123,2026-09-14,2026-05-02,1,3,4
123,2026-09-14,2026-05-03,2,3,5
123,2026-09-14,2026-05-04,0,0,0
123,2026-09-14,2026-05-05,4,4,8
123,2026-09-14,2026-05-06,1,0,1
123,2026-09-14,2026-05-07,2,0,2
123,2026-09-14,2026-05-08,1,2,3
123,2026-09-14,2026-05-09,3,2,5
123,2026-09-14,2026-05-10,3,3,6
123,2026-09-14,2026-05-11,1,1,2
123,2026-09-14,2026-05-12,4,2,6
123,2026-09-14,2026-05-13,11,6,17
123,2026-09-14,2026-05-14,2,6,8
123,2026-09-14,2026-05-15,13,13,26
123,2026-09-14,2026-05-16,19,5,24
123,2026-09-14,2026-05-17,21,5,26
123,2026-09-14,2026-05-18,17,13,30
123,2026-09-14,2026-05-19,21,6,27
123,2026-09-14,2026-05-20,13,7,20
123,2026-09-14,2026-05-21,9,8,17
123,2026-09-14,2026-05-22,19,3,22
123,2026-09-14,2026-05-23,10,6,16
123,2026-09-14,2026-05-24,8,9,17
123,2026-09-14,2026-05-25,7,7,14
123,2026-09-14,2026-05-26,19,6,25
123,2026-09-14,2026-05-27,19,8,27
123,2026-09-14,2026-05-28,24,8,32
123,2026-09-14,2026-05-29,18,7,25
123,2026-09-14,2026-05-30,25,19,44
123,2026-09-14,2026-05-31,18,11,29
123,2026-09-14,2026-06-01,27,26,53
123,2026-09-14,2026-06-02,21,22,43
123,2026-09-14,2026-06-03,11,13,24
123,2026-09-14,2026-06-04,18,6,24
123,2026-09-14,2026-06-05,5,14,19
123,2026-09-14,2026-06-06,20,14,34
123,2026-09-14,2026-06-07,25,13,38
123,2026-09-14,2026-06-08,26,29,55
123,2026-09-14,2026-06-09,17,15,32
123,2026-09-14,2026-06-10,22,27,49
123,2026-09-14,2026-06-11,24,15,39
123,2026-09-14,2026-06-12,17,11,28
123,2026-09-14,2026-06-13,16,11,27
123,2026-09-14,2026-06-14,24,20,44
123,2026-09-14,2026-06-15,21,19,40
123,2026-09-14,2026-06-16,20,9,29
123,2026-09-14,2026-06-17,23,16,39
123,2026-09-14,2026-06-18,23,15,38
123,2026-09-14,2026-06-19,21,13,34
123,2026-09-14,2026-06-20,28,29,57
123,2026-09-14,2026-06-21,26,20,46
123,2026-09-14,2026-06-22,20,15,35
123,2026-09-14,2026-06-23,26,14,40
123,2026-09-14,2026-06-24,23,17,40
123,2026-09-14,2026-06-25,27,26,53
123,2026-09-14,2026-06-26,20,25,45
123,2026-09-14,2026-06-27,22,19,41
123,2026-09-14,2026-06-28,27,22,49
123,2026-09-14,2026-06-29,22,16,38
123,2026-09-14,2026-06-30,19,25,44
123,2026-09-14,2026-07-01,40,32,72
123,2026-09-14,2026-07-02,26,27,53
123,2026-09-14,2026-07-03,21,25,46
123,2026-09-14,2026-07-04,38,26,64
123,2026-09-14,2026-07-05,20,20,40
123,2026-09-14,2026-07-06,22,21,43
123,2026-09-14,2026-07-07,17,23,40
123,2026-09-14,2026-07-08,27,16,43
123,2026-09-14,2026-07-09,28,21,49
123,2026-09-14,2026-07-10,31,30,61
123,2026-09-14,2026-07-11,32,17,49
123,2026-09-14,2026-07-12,19,21,40
123,2026-09-14,2026-07-13,28,23,51
123,2026-09-14,2026-07-14,37,20,57
123,2026-09-14,2026-07-15,32,29,61
123,2026-09-14,2026-07-16,23,16,39
123,2026-09-14,2026-07-17,17,21,38
123,2026-09-14,2026-07-18,40,24,64
123,2026-09-14,2026-07-19,31,24,55
123,2026-09-14,2026-07-20,47,41,88
123,2026-09-14,2026-07-21,38,27,65
123,2026-09-14,2026-07-22,27,32,59
123,2026-09-14,2026-07-23,23,27,50
123,2026-09-14,2026-07-24,17,23,40
123,2026-09-14,2026-07-25,26,27,53
123,2026-09-14,2026-07-26,29,23,52
123,2026-09-14,2026-07-27,33,23,56
123,2026-09-14,2026-07-28,34,35,69
123,2026-09-14,2026-07-29,31,20,51
123,2026-09-14,2026-07-30,29,22,51
123,2026-09-14,2026-07-31,31,25,56
123,2026-09-14,2026-08-01,43,39,82
123,2026-09-14,2026-08-02,35,37,72
123,2026-09-14,2026-08-03,22,27,49
123,2026-09-14,2026-08-04,22,24,46
123,2026-09-14,2026-08-05,30,23,53
123,2026-09-14,2026-08-06,31,28,59
123,2026-09-14,2026-08-07,23,27,50
123,2026-09-14,2026-08-08,39,24,63
123,2026-09-14,2026-08-09,40,29,69
123,2026-09-14,2026-08-10,40,45,85
123,2026-09-14,2026-08-11,27,26,53
123,2026-09-14,2026-08-12,44,30,74
123,2026-09-14,2026-08-13,43,22,65
123,2026-09-14,2026-08-14,41,20,61
123,2026-09-14,2026-08-15,31,30,61
123,2026-09-14,2026-08-16,26,27,53
123,2026-09-14,2026-08-17,32,24,56
123,2026-09-14,2026-08-18,33,19,52
123,2026-09-14,2026-08-19,21,19,40
123,2026-09-14,2026-08-20,38,43,81
123,2026-09-14,2026-08-21,36,25,61
123,2026-09-14,2026-08-22,22,16,38
123,2026-09-14,2026-08-23,29,19,48
123,2026-09-14,2026-08-24,35,30,65
123,2026-09-14,2026-08-25,44,33,77
123,2026-09-14,2026-08-26,25,27,52
123,2026-09-14,2026-08-27,25,27,52
123,2026-09-14,2026-08-28,25,36,61
123,2026-09-14,2026-08-29,19,23,42
123,2026-09-14,2026-08-30,21,16,37
123,2026-09-14,2026-08-31,32,25,57
123,2026-09-14,2026-09-01,44,26,70
123,2026-09-14,2026-09-02,24,20,44
123,2026-09-14,2026-09-03,27,17,44
123,2026-09-14,2026-09-04,24,27,51
123,2026-09-14,2026-09-05,23,13,36
123,2026-09-14,2026-09-06,28,10,38
123,2026-09-14,2026-09-07,25,7,32
123,2026-09-14,2026-09-08,23,17,40
123,2026-09-14,2026-09-09,18,6,24
123,2026-09-14,2026-09-10,18,19,37
123,2026-09-14,2026-09-11,11,8,19
123,2026-09-14,2026-09-12,1,6,7
123,2026-09-14,2026-09-13,1,3,4
123,2026-09-14,2026-09-14,1,3,4
124,2026-09-15,2026-04-20,1,1,2
124,2026-09-15,2026-04-21,0,0,0
124,2026-09-15,2026-04-22,0,0,0
124,2026-09-15,2026-04-23,0,0,0
124,2026-09-15,2026-04-24,0,0,0
124,2026-09-15,2026-04-25,0,0,0
124,2026-09-15,2026-04-26,0,0,0
124,2026-09-15,2026-04-27,0,0,0
124,2026-09-15,2026-04-28,0,0,0
124,2026-09-15,2026-04-29,0,1,1
124,2026-09-15,2026-04-30,0,1,1
124,2026-09-15,2026-05-01,1,0,1
124,2026-09-15,2026-05-02,1,3,4
124,2026-09-15,2026-05-03,2,3,5
124,2026-09-15,2026-05-04,0,0,0
124,2026-09-15,2026-05-05,4,4,8
124,2026-09-15,2026-05-06,1,0,1
124,2026-09-15,2026-05-07,2,0,2
124,2026-09-15,2026-05-08,1,2,3
124,2026-09-15,2026-05-09,3,2,5
124,2026-09-15,2026-05-10,3,3,6
124,2026-09-15,2026-05-12,4,2,6
124,2026-09-15,2026-05-13,10,7,17
124,2026-09-15,2026-05-14,1,7,8
124,2026-09-15,2026-05-15,14,12,26
124,2026-09-15,2026-05-16,19,5,24
124,2026-09-15,2026-05-17,21,5,26
124,2026-09-15,2026-05-18,17,13,30
124,2026-09-15,2026-05-19,21,6,27
124,2026-09-15,2026-05-20,13,7,20
124,2026-09-15,2026-05-21,9,8,17
124,2026-09-15,2026-05-22,19,3,22
124,2026-09-15,2026-05-23,10,6,16
124,2026-09-15,2026-05-24,8,9,17
124,2026-09-15,2026-05-25,7,7,14
124,2026-09-15,2026-05-26,19,6,25
124,2026-09-15,2026-05-27,19,8,27
124,2026-09-15,2026-05-28,25,8,33
124,2026-09-15,2026-05-29,18,7,25
124,2026-09-15,2026-05-30,25,19,44
124,2026-09-15,2026-05-31,18,11,29
124,2026-09-15,2026-06-01,28,26,54
124,2026-09-15,2026-06-02,21,22,43
124,2026-09-15,2026-06-03,11,13,24
124,2026-09-15,2026-06-04,18,6,24
124,2026-09-15,2026-06-05,5,14,19
124,2026-09-15,2026-06-06,20,14,34
124,2026-09-15,2026-06-07,25,13,38
124,2026-09-15,2026-06-08,26,29,55
124,2026-09-15,2026-06-09,17,15,32
124,2026-09-15,2026-06-10,24,27,51
124,2026-09-15,2026-06-11,23,16,39
124,2026-09-15,2026-06-12,17,12,29
124,2026-09-15,2026-06-13,16,11,27
124,2026-09-15,2026-06-14,24,20,44
124,2026-09-15,2026-06-15,22,19,41
124,2026-09-15,2026-06-16,20,9,29
124,2026-09-15,2026-06-17,23,16,39
124,2026-09-15,2026-06-18,22,16,38
124,2026-09-15,2026-06-19,21,13,34
124,2026-09-15,2026-06-20,28,29,57
124,2026-09-15,2026-06-21,26,20,46
124,2026-09-15,2026-06-22,20,15,35
124,2026-09-15,2026-06-23,26,14,40
124,2026-09-15,2026-06-24,23,17,40
124,2026-09-15,2026-06-25,27,27,54
124,2026-09-15,2026-06-26,19,26,45
124,2026-09-15,2026-06-27,22,19,41
124,2026-09-15,2026-06-28,28,22,50
124,2026-09-15,2026-06-29,22,16,38
124,2026-09-15,2026-06-30,20,25,45
124,2026-09-15,2026-07-01,40,33,73
124,2026-09-15,2026-07-02,27,27,54
124,2026-09-15,2026-07-03,21,25,46
124,2026-09-15,2026-07-04,38,26,64
124,2026-09-15,2026-07-05,21,20,41
124,2026-09-15,2026-07-06,22,21,43
124,2026-09-15,2026-07-07,17,23,40
124,2026-09-15,2026-07-08,26,17,43
124,2026-09-15,2026-07-09,29,21,50
124,2026-09-15,2026-07-10,32,30,62
124,2026-09-15,2026-07-11,33,17,50
124,2026-09-15,2026-07-12,19,21,40
124,2026-09-15,2026-07-13,28,23,51
124,2026-09-15,2026-07-14,37,20,57
124,2026-09-15,2026-07-15,33,29,62
124,2026-09-15,2026-07-16,23,16,39
124,2026-09-15,2026-07-17,17,21,38
124,2026-09-15,2026-07-18,39,25,64
124,2026-09-15,2026-07-19,30,25,55
124,2026-09-15,2026-07-20,46,42,88
124,2026-09-15,2026-07-21,39,27,66
124,2026-09-15,2026-07-22,27,32,59
124,2026-09-15,2026-07-23,23,27,50
124,2026-09-15,2026-07-24,17,23,40
124,2026-09-15,2026-07-25,27,27,54
124,2026-09-15,2026-07-26,28,24,52
124,2026-09-15,2026-07-27,33,23,56
124,2026-09-15,2026-07-28,35,35,70
124,2026-09-15,2026-07-29,32,19,51
124,2026-09-15,2026-07-30,29,22,51
124,2026-09-15,2026-07-31,30,26,56
124,2026-09-15,2026-08-01,43,40,83
124,2026-09-15,2026-08-02,36,37,73
124,2026-09-15,2026-08-03,23,27,50
124,2026-09-15,2026-08-04,22,24,46
124,2026-09-15,2026-08-05,31,23,54
124,2026-09-15,2026-08-06,31,28,59
124,2026-09-15,2026-08-07,23,27,50
124,2026-09-15,2026-08-08,39,24,63
124,2026-09-15,2026-08-09,41,29,70
124,2026-09-15,2026-08-10,41,45,86
124,2026-09-15,2026-08-11,28,26,54
124,2026-09-15,2026-08-12,45,30,75
124,2026-09-15,2026-08-13,44,22,66
124,2026-09-15,2026-08-14,42,20,62
124,2026-09-15,2026-08-15,31,30,61
124,2026-09-15,2026-08-16,27,27,54
124,2026-09-15,2026-08-17,32,24,56
124,2026-09-15,2026-08-18,34,19,53
124,2026-09-15,2026-08-19,22,19,41
124,2026-09-15,2026-08-20,39,43,82
124,2026-09-15,2026-08-21,36,26,62
124,2026-09-15,2026-08-22,22,16,38
124,2026-09-15,2026-08-23,28,21,49
124,2026-09-15,2026-08-24,34,31,65
124,2026-09-15,2026-08-25,45,33,78
124,2026-09-15,2026-08-26,25,27,52
124,2026-09-15,2026-08-27,25,27,52
124,2026-09-15,2026-08-28,25,37,62
124,2026-09-15,2026-08-29,19,23,42
124,2026-09-15,2026-08-30,21,16,37
124,2026-09-15,2026-08-31,32,25,57
124,2026-09-15,2026-09-01,45,27,72
124,2026-09-15,2026-09-02,24,20,44
124,2026-09-15,2026-09-03,28,17,45
124,2026-09-15,2026-09-04,25,28,53
124,2026-09-15,2026-09-05,26,14,40
124,2026-09-15,2026-09-06,29,10,39
124,2026-09-15,2026-09-07,29,8,37
124,2026-09-15,2026-09-08,24,18,42
124,2026-09-15,2026-09-09,21,6,27
124,2026-09-15,2026-09-10,22,18,40
124,2026-09-15,2026-09-11,13,9,22
124,2026-09-15,2026-09-12,7,4,11
124,2026-09-15,2026-09-13,2,3,5
124,2026-09-15,2026-09-14,2,2,4
124,2026-09-15,2026-09-15,1,0,1
125,2026-09-16,2026-04-20,1,1,2
125,2026-09-16,2026-04-29,0,1,1
125,2026-09-16,2026-04-30,0,1,1
125,2026-09-16,2026-05-01,1,0,1
125,2026-09-16,2026-05-02,1,3,4
125,2026-09-16,2026-05-03,2,3,5
125,2026-09-16,2026-05-05,4,4,8
125,2026-09-16,2026-05-06,1,0,1
125,2026-09-16,2026-05-07,2,0,2
125,2026-09-16,2026-05-08,0,2,2
125,2026-09-16,2026-05-09,3,2,5
125,2026-09-16,2026-05-10,3,3,6
125,2026-09-16,2026-05-11,1,1,2
125,2026-09-16,2026-05-12,4,2,6
125,2026-09-16,2026-05-13,11,6,17
125,2026-09-16,2026-05-14,2,6,8
125,2026-09-16,2026-05-15,14,12,26
125,2026-09-16,2026-05-16,19,5,24
125,2026-09-16,2026-05-17,20,6,26
125,2026-09-16,2026-05-18,17,13,30
125,2026-09-16,2026-05-19,21,6,27
125,2026-09-16,2026-05-20,13,7,20
125,2026-09-16,2026-05-21,9,8,17
125,2026-09-16,2026-05-22,19,3,22
125,2026-09-16,2026-05-23,10,6,16
125,2026-09-16,2026-05-24,8,9,17
125,2026-09-16,2026-05-25,7,7,14
125,2026-09-16,2026-05-26,19,6,25
125,2026-09-16,2026-05-27,19,8,27
125,2026-09-16,2026-05-28,25,8,33
125,2026-09-16,2026-05-29,18,7,25
125,2026-09-16,2026-05-30,25,19,44
125,2026-09-16,2026-05-31,18,11,29
125,2026-09-16,2026-06-01,28,26,54
125,2026-09-16,2026-06-02,21,22,43
125,2026-09-16,2026-06-03,12,12,24
125,2026-09-16,2026-06-04,18,6,24
125,2026-09-16,2026-06-05,5,14,19
125,2026-09-16,2026-06-06,20,14,34
125,2026-09-16,2026-06-07,25,13,38
125,2026-09-16,2026-06-08,26,29,55
125,2026-09-16,2026-06-09,17,15,32
125,2026-09-16,2026-06-10,24,27,51
125,2026-09-16,2026-06-11,24,15,39
125,2026-09-16,2026-06-12,16,13,29
125,2026-09-16,2026-06-13,16,11,27
125,2026-09-16,2026-06-14,24,20,44
125,2026-09-16,2026-06-15,22,19,41
125,2026-09-16,2026-06-16,20,9,29
125,2026-09-16,2026-06-17,23,16,39
125,2026-09-16,2026-06-18,23,15,38
125,2026-09-16,2026-06-19,21,13,34
125,2026-09-16,2026-06-20,28,29,57
125,2026-09-16,2026-06-21,26,22,48
125,2026-09-16,2026-06-22,20,15,35
125,2026-09-16,2026-06-23,26,14,40
125,2026-09-16,2026-06-24,23,17,40
125,2026-09-16,2026-06-25,26,28,54
125,2026-09-16,2026-06-26,19,26,45
125,2026-09-16,2026-06-27,22,19,41
125,2026-09-16,2026-06-28,28,22,50
125,2026-09-16,2026-06-29,22,16,38
125,2026-09-16,2026-06-30,20,25,45
125,2026-09-16,2026-07-01,40,33,73
125,2026-09-16,2026-07-02,26,28,54
125,2026-09-16,2026-07-03,21,25,46
125,2026-09-16,2026-07-04,38,26,64
125,2026-09-16,2026-07-05,21,20,41
125,2026-09-16,2026-07-06,21,22,43
125,2026-09-16,2026-07-07,17,23,40
125,2026-09-16,2026-07-08,27,16,43
125,2026-09-16,2026-07-09,29,21,50
125,2026-09-16,2026-07-10,32,30,62
125,2026-09-16,2026-07-11,32,18,50
125,2026-09-16,2026-07-12,19,21,40
125,2026-09-16,2026-07-13,28,23,51
125,2026-09-16,2026-07-14,36,21,57
125,2026-09-16,2026-07-15,33,29,62
125,2026-09-16,2026-07-16,23,16,39
125,2026-09-16,2026-07-17,17,21,38
125,2026-09-16,2026-07-18,39,25,64
125,2026-09-16,2026-07-19,30,25,55
125,2026-09-16,2026-07-20,46,42,88
125,2026-09-16,2026-07-21,39,27,66
125,2026-09-16,2026-07-22,27,32,59
125,2026-09-16,2026-07-23,22,28,50
125,2026-09-16,2026-07-24,17,23,40
125,2026-09-16,2026-07-25,26,28,54
125,2026-09-16,2026-07-26,28,24,52
125,2026-09-16,2026-07-27,33,23,56
125,2026-09-16,2026-07-28,34,36,70
125,2026-09-16,2026-07-29,30,21,51
125,2026-09-16,2026-07-30,29,22,51
125,2026-09-16,2026-07-31,30,26,56
125,2026-09-16,2026-08-01,43,40,83
125,2026-09-16,2026-08-02,36,37,73
125,2026-09-16,2026-08-03,23,27,50
125,2026-09-16,2026-08-04,22,24,46
125,2026-09-16,2026-08-05,30,24,54
125,2026-09-16,2026-08-06,31,28,59
125,2026-09-16,2026-08-07,23,27,50
125,2026-09-16,2026-08-08,39,24,63
125,2026-09-16,2026-08-09,40,30,70
125,2026-09-16,2026-08-10,41,45,86
125,2026-09-16,2026-08-11,28,26,54
125,2026-09-16,2026-08-12,44,31,75
125,2026-09-16,2026-08-13,44,22,66
125,2026-09-16,2026-08-14,42,20,62
125,2026-09-16,2026-08-15,31,30,61
125,2026-09-16,2026-08-16,27,27,54
125,2026-09-16,2026-08-17,32,24,56
125,2026-09-16,2026-08-18,34,19,53
125,2026-09-16,2026-08-19,22,19,41
125,2026-09-16,2026-08-20,38,44,82
125,2026-09-16,2026-08-21,36,26,62
125,2026-09-16,2026-08-22,22,16,38
125,2026-09-16,2026-08-23,28,20,48
125,2026-09-16,2026-08-24,34,31,65
125,2026-09-16,2026-08-25,45,34,79
125,2026-09-16,2026-08-26,25,27,52
125,2026-09-16,2026-08-27,25,27,52
125,2026-09-16,2026-08-28,26,36,62
125,2026-09-16,2026-08-29,19,23,42
125,2026-09-16,2026-08-30,21,16,37
125,2026-09-16,2026-08-31,33,24,57
125,2026-09-16,2026-09-01,45,28,73
125,2026-09-16,2026-09-02,25,21,46
125,2026-09-16,2026-09-03,27,18,45
125,2026-09-16,2026-09-04,26,29,55
125,2026-09-16,2026-09-05,25,17,42
125,2026-09-16,2026-09-06,28,13,41
125,2026-09-16,2026-09-07,31,10,41
125,2026-09-16,2026-09-08,26,19,45
125,2026-09-16,2026-09-09,21,8,29
125,2026-09-16,2026-09-10,24,18,42
125,2026-09-16,2026-09-11,15,9,24
125,2026-09-16,2026-09-12,6,6,12
125,2026-09-16,2026-09-13,3,4,7
125,2026-09-16,2026-09-14,5,4,9
125,2026-09-16,2026-09-15,3,1,4
125,2026-09-16,2026-09-16,2,0,2
125,2026-09-16,2026-09-17,2,0,2
126,2026-09-17,2026-04-20,1,1,2
126,2026-09-17,2026-04-29,0,0,0
126,2026-09-17,2026-04-30,0,0,0
126,2026-09-17,2026-05-01,0,0,0
126,2026-09-17,2026-05-02,1,3,4
126,2026-09-17,2026-05-03,1,3,4
126,2026-09-17,2026-05-05,4,4,8
126,2026-09-17,2026-05-06,0,0,0
126,2026-09-17,2026-05-07,2,0,2
126,2026-09-17,2026-05-08,0,2,2
126,2026-09-17,2026-05-09,2,2,4
126,2026-09-17,2026-05-10,3,3,6
126,2026-09-17,2026-05-11,1,1,2
126,2026-09-17,2026-05-12,4,2,6
126,2026-09-17,2026-05-13,10,6,16
126,2026-09-17,2026-05-14,2,6,8
126,2026-09-17,2026-05-15,14,12,26
126,2026-09-17,2026-05-16,19,5,24
126,2026-09-17,2026-05-17,19,6,25
126,2026-09-17,2026-05-18,17,13,30
126,2026-09-17,2026-05-19,20,6,26
126,2026-09-17,2026-05-20,13,7,20
126,2026-09-17,2026-05-21,8,8,16
126,2026-09-17,2026-05-22,19,3,22
126,2026-09-17,2026-05-23,10,6,16
126,2026-09-17,2026-05-24,7,9,16
126,2026-09-17,2026-05-25,7,7,14
126,2026-09-17,2026-05-26,18,6,24
126,2026-09-17,2026-05-27,18,8,26
126,2026-09-17,2026-05-28,24,8,32
126,2026-09-17,2026-05-29,18,6,24
126,2026-09-17,2026-05-30,24,19,43
126,2026-09-17,2026-05-31,17,11,28
126,2026-09-17,2026-06-01,27,26,53
126,2026-09-17,2026-06-02,19,23,42
126,2026-09-17,2026-06-03,11,13,24
126,2026-09-17,2026-06-04,18,6,24
126,2026-09-17,2026-06-05,4,14,18
126,2026-09-17,2026-06-06,19,14,33
126,2026-09-17,2026-06-07,24,13,37
126,2026-09-17,2026-06-08,24,30,54
126,2026-09-17,2026-06-09,17,14,31
126,2026-09-17,2026-06-10,23,27,50
126,2026-09-17,2026-06-11,23,15,38
126,2026-09-17,2026-06-12,16,12,28
126,2026-09-17,2026-06-13,16,10,26
126,2026-09-17,2026-06-14,23,20,43
126,2026-09-17,2026-06-15,21,19,40
126,2026-09-17,2026-06-16,19,9,28
126,2026-09-17,2026-06-17,22,16,38
126,2026-09-17,2026-06-18,22,15,37
126,2026-09-17,2026-06-19,21,13,34
126,2026-09-17,2026-06-20,27,29,56
126,2026-09-17,2026-06-21,25,20,45
126,2026-09-17,2026-06-22,19,15,34
126,2026-09-17,2026-06-23,25,14,39
126,2026-09-17,2026-06-24,22,17,39
126,2026-09-17,2026-06-25,26,27,53
126,2026-09-17,2026-06-26,18,26,44
126,2026-09-17,2026-06-27,21,19,40
126,2026-09-17,2026-06-28,27,22,49
126,2026-09-17,2026-06-29,21,16,37
126,2026-09-17,2026-06-30,19,25,44
126,2026-09-17,2026-07-01,39,33,72
126,2026-09-17,2026-07-02,25,28,53
126,2026-09-17,2026-07-03,20,25,45
126,2026-09-17,2026-07-04,37,26,63
126,2026-09-17,2026-07-05,20,20,40
126,2026-09-17,2026-07-06,21,21,42
126,2026-09-17,2026-07-07,16,23,39
126,2026-09-17,2026-07-08,27,15,42
126,2026-09-17,2026-07-09,28,21,49
126,2026-09-17,2026-07-10,31,30,61
126,2026-09-17,2026-07-11,32,18,50
126,2026-09-17,2026-07-12,18,21,39
126,2026-09-17,2026-07-13,27,23,50
126,2026-09-17,2026-07-14,36,20,56
126,2026-09-17,2026-07-15,32,29,61
126,2026-09-17,2026-07-16,22,16,38
126,2026-09-17,2026-07-17,16,21,37
126,2026-09-17,2026-07-18,38,25,63
126,2026-09-17,2026-07-19,29,25,54
126,2026-09-17,2026-07-20,45,42,87
126,2026-09-17,2026-07-21,38,27,65
126,2026-09-17,2026-07-22,26,32,58
126,2026-09-17,2026-07-23,23,27,50
126,2026-09-17,2026-07-24,16,23,39
126,2026-09-17,2026-07-25,26,27,53
126,2026-09-17,2026-07-26,28,23,51
126,2026-09-17,2026-07-27,31,24,55
126,2026-09-17,2026-07-28,34,35,69
126,2026-09-17,2026-07-29,30,20,50
126,2026-09-17,2026-07-30,28,22,50
126,2026-09-17,2026-07-31,30,25,55
126,2026-09-17,2026-08-01,42,40,82
126,2026-09-17,2026-08-02,36,36,72
126,2026-09-17,2026-08-03,22,27,49
126,2026-09-17,2026-08-04,21,24,45
126,2026-09-17,2026-08-05,30,23,53
126,2026-09-17,2026-08-06,30,28,58
126,2026-09-17,2026-08-07,23,26,49
126,2026-09-17,2026-08-08,38,24,62
126,2026-09-17,2026-08-09,40,29,69
126,2026-09-17,2026-08-10,40,45,85
126,2026-09-17,2026-08-11,27,26,53
126,2026-09-17,2026-08-12,44,30,74
126,2026-09-17,2026-08-13,43,22,65
126,2026-09-17,2026-08-14,41,20,61
126,2026-09-17,2026-08-15,30,30,60
126,2026-09-17,2026-08-16,26,27,53
126,2026-09-17,2026-08-17,31,24,55
126,2026-09-17,2026-08-18,33,19,52
126,2026-09-17,2026-08-19,22,18,40
126,2026-09-17,2026-08-20,38,43,81
126,2026-09-17,2026-08-21,35,26,61
126,2026-09-17,2026-08-22,21,16,37
126,2026-09-17,2026-08-23,28,20,48
126,2026-09-17,2026-08-24,34,30,64
126,2026-09-17,2026-08-25,44,34,78
126,2026-09-17,2026-08-26,25,27,52
126,2026-09-17,2026-08-27,25,27,52
126,2026-09-17,2026-08-28,25,37,62
126,2026-09-17,2026-08-29,18,24,42
126,2026-09-17,2026-08-30,20,16,36
126,2026-09-17,2026-08-31,32,26,58
126,2026-09-17,2026-09-01,44,28,72
126,2026-09-17,2026-09-02,24,21,45
126,2026-09-17,2026-09-03,27,18,45
126,2026-09-17,2026-09-04,26,29,55
126,2026-09-17,2026-09-05,26,17,43
126,2026-09-17,2026-09-06,29,12,41
126,2026-09-17,2026-09-07,31,11,42
126,2026-09-17,2026-09-08,29,19,48
126,2026-09-17,2026-09-09,27,13,40
126,2026-09-17,2026-09-10,32,22,54
126,2026-09-17,2026-09-11,20,12,32
126,2026-09-17,2026-09-12,11,5,16
126,2026-09-17,2026-09-13,10,6,16
126,2026-09-17,2026-09-14,12,3,15
126,2026-09-17,2026-09-15,6,2,8
127,2026-09-18,2026-04-20,1,1,2
127,2026-09-18,2026-04-29,1,0,1
127,2026-09-18,2026-04-30,0,1,1
127,2026-09-18,2026-05-01,1,0,1
127,2026-09-18,2026-05-02,1,3,4
127,2026-09-18,2026-05-03,1,4,5
127,2026-09-18,2026-05-04,0,0,0
127,2026-09-18,2026-05-05,4,4,8
127,2026-09-18,2026-05-06,1,0,1
127,2026-09-18,2026-05-08,1,2,3
127,2026-09-18,2026-05-09,3,2,5
127,2026-09-18,2026-05-10,4,2,6
127,2026-09-18,2026-05-11,1,1,2
127,2026-09-18,2026-05-12,4,2,6
127,2026-09-18,2026-05-13,11,6,17
127,2026-09-18,2026-05-14,5,12,17
127,2026-09-18,2026-05-15,14,12,26
127,2026-09-18,2026-05-16,18,6,24
127,2026-09-18,2026-05-17,20,6,26
127,2026-09-18,2026-05-18,17,13,30
127,2026-09-18,2026-05-19,20,6,26
127,2026-09-18,2026-05-20,14,6,20
127,2026-09-18,2026-05-21,9,8,17
127,2026-09-18,2026-05-22,19,3,22
127,2026-09-18,2026-05-23,10,6,16
127,2026-09-18,2026-05-24,7,9,16
127,2026-09-18,2026-05-25,7,7,14
127,2026-09-18,2026-05-26,19,6,25
127,2026-09-18,2026-05-27,18,8,26
127,2026-09-18,2026-05-28,24,8,32
127,2026-09-18,2026-05-29,18,7,25
127,2026-09-18,2026-05-30,25,19,44
127,2026-09-18,2026-05-31,18,11,29
127,2026-09-18,2026-06-01,28,26,54
127,2026-09-18,2026-06-02,19,23,42
127,2026-09-18,2026-06-03,10,14,24
127,2026-09-18,2026-06-04,17,7,24
127,2026-09-18,2026-06-05,5,14,19
127,2026-09-18,2026-06-06,20,14,34
127,2026-09-18,2026-06-07,25,13,38
127,2026-09-18,2026-06-08,24,30,54
127,2026-09-18,2026-06-09,17,15,32
127,2026-09-18,2026-06-10,23,27,50
127,2026-09-18,2026-06-11,23,15,38
127,2026-09-18,2026-06-12,17,12,29
127,2026-09-18,2026-06-13,15,11,26
127,2026-09-18,2026-06-14,24,20,44
127,2026-09-18,2026-06-15,21,19,40
127,2026-09-18,2026-06-16,19,10,29
127,2026-09-18,2026-06-17,22,16,38
127,2026-09-18,2026-06-18,23,15,38
127,2026-09-18,2026-06-19,21,13,34
127,2026-09-18,2026-06-20,27,29,56
127,2026-09-18,2026-06-21,26,20,46
127,2026-09-18,2026-06-22,20,15,35
127,2026-09-18,2026-06-23,26,14,40
127,2026-09-18,2026-06-24,23,17,40
127,2026-09-18,2026-06-25,26,26,52
127,2026-09-18,2026-06-26,18,26,44
127,2026-09-18,2026-06-27,21,19,40
127,2026-09-18,2026-06-28,28,22,50
127,2026-09-18,2026-06-29,22,16,38
127,2026-09-18,2026-06-30,19,25,44
127,2026-09-18,2026-07-01,39,33,72
127,2026-09-18,2026-07-02,26,28,54
127,2026-09-18,2026-07-03,21,25,46
127,2026-09-18,2026-07-04,38,26,64
127,2026-09-18,2026-07-05,20,20,40
127,2026-09-18,2026-07-06,20,22,42
127,2026-09-18,2026-07-07,17,23,40
127,2026-09-18,2026-07-08,27,15,42
127,2026-09-18,2026-07-09,28,22,50
127,2026-09-18,2026-07-10,32,30,62
127,2026-09-18,2026-07-11,33,17,50
127,2026-09-18,2026-07-12,19,21,40
127,2026-09-18,2026-07-13,27,23,50
127,2026-09-18,2026-07-14,36,20,56
127,2026-09-18,2026-07-15,34,28,62
127,2026-09-18,2026-07-16,22,16,38
127,2026-09-18,2026-07-17,17,21,38
127,2026-09-18,2026-07-18,39,25,64
127,2026-09-18,2026-07-19,29,25,54
127,2026-09-18,2026-07-20,45,42,87
127,2026-09-18,2026-07-21,38,27,65
127,2026-09-18,2026-07-22,26,32,58
127,2026-09-18,2026-07-23,23,27,50
127,2026-09-18,2026-07-24,18,22,40
127,2026-09-18,2026-07-25,27,27,54
127,2026-09-18,2026-07-26,28,24,52
127,2026-09-18,2026-07-27,33,23,56
127,2026-09-18,2026-07-28,35,35,70
127,2026-09-18,2026-07-29,30,20,50
127,2026-09-18,2026-07-30,28,22,50
127,2026-09-18,2026-07-31,32,24,56
127,2026-09-18,2026-08-01,42,40,82
127,2026-09-18,2026-08-02,35,37,72
127,2026-09-18,2026-08-03,23,27,50
127,2026-09-18,2026-08-04,22,24,46
127,2026-09-18,2026-08-05,31,23,54
127,2026-09-18,2026-08-06,30,28,58
127,2026-09-18,2026-08-07,23,27,50
127,2026-09-18,2026-08-08,38,24,62
127,2026-09-18,2026-08-09,40,30,70
127,2026-09-18,2026-08-10,41,45,86
127,2026-09-18,2026-08-11,28,26,54
127,2026-09-18,2026-08-12,44,30,74
127,2026-09-18,2026-08-13,44,22,66
127,2026-09-18,2026-08-14,42,20,62
127,2026-09-18,2026-08-15,30,30,60
127,2026-09-18,2026-08-16,27,27,54
127,2026-09-18,2026-08-17,32,24,56
127,2026-09-18,2026-08-18,33,19,52
127,2026-09-18,2026-08-19,22,19,41
127,2026-09-18,2026-08-20,38,43,81
127,2026-09-18,2026-08-21,36,26,62
127,2026-09-18,2026-08-22,22,16,38
127,2026-09-18,2026-08-23,26,22,48
127,2026-09-18,2026-08-24,34,30,64
127,2026-09-18,2026-08-25,44,34,78
127,2026-09-18,2026-08-26,25,27,52
127,2026-09-18,2026-08-27,25,27,52
127,2026-09-18,2026-08-28,24,38,62
127,2026-09-18,2026-08-29,18,24,42
127,2026-09-18,2026-08-30,20,16,36
127,2026-09-18,2026-08-31,34,26,60
127,2026-09-18,2026-09-01,43,29,72
127,2026-09-18,2026-09-02,25,21,46
127,2026-09-18,2026-09-03,28,18,46
127,2026-09-18,2026-09-04,27,29,56
127,2026-09-18,2026-09-05,27,17,44
127,2026-09-18,2026-09-06,28,14,42
127,2026-09-18,2026-09-07,30,12,42
127,2026-09-18,2026-09-08,31,19,50
127,2026-09-18,2026-09-09,30,14,44
127,2026-09-18,2026-09-10,34,22,56
127,2026-09-18,2026-09-11,26,12,38
127,2026-09-18,2026-09-12,15,5,20
127,2026-09-18,2026-09-13,14,6,20
127,2026-09-18,2026-09-14,17,3,20
127,2026-09-18,2026-09-15,8,2,10
127,2026-09-18,2026-09-16,2,0,2
127,2026-09-18,2026-09-17,0,2,2
128,2026-09-19,2026-04-20,0,1,1
128,2026-09-19,2026-04-29,0,0,0
128,2026-09-19,2026-04-30,0,0,0
128,2026-09-19,2026-05-01,0,0,0
128,2026-09-19,2026-05-02,0,3,3
128,2026-09-19,2026-05-03,1,3,4
128,2026-09-19,2026-05-05,3,4,7
128,2026-09-19,2026-05-06,0,0,0
128,2026-09-19,2026-05-07,1,0,1
128,2026-09-19,2026-05-08,0,2,2
128,2026-09-19,2026-05-09,2,2,4
128,2026-09-19,2026-05-10,2,3,5
128,2026-09-19,2026-05-11,0,1,1
128,2026-09-19,2026-05-12,3,2,5
128,2026-09-19,2026-05-13,10,6,16
128,2026-09-19,2026-05-14,3,9,12
128,2026-09-19,2026-05-15,14,12,26
128,2026-09-19,2026-05-16,18,5,23
128,2026-09-19,2026-05-17,20,6,26
128,2026-09-19,2026-05-18,17,13,30
128,2026-09-19,2026-05-19,20,6,26
128,2026-09-19,2026-05-20,12,7,19
128,2026-09-19,2026-05-21,8,8,16
128,2026-09-19,2026-05-22,19,3,22
128,2026-09-19,2026-05-23,9,6,15
128,2026-09-19,2026-05-24,7,9,16
128,2026-09-19,2026-05-25,7,7,14
128,2026-09-19,2026-05-26,18,6,24
128,2026-09-19,2026-05-27,18,8,26
128,2026-09-19,2026-05-28,24,8,32
128,2026-09-19,2026-05-29,17,7,24
128,2026-09-19,2026-05-30,24,20,44
128,2026-09-19,2026-05-31,17,11,28
128,2026-09-19,2026-06-01,27,27,54
128,2026-09-19,2026-06-02,20,23,43
128,2026-09-19,2026-06-03,10,13,23
128,2026-09-19,2026-06-04,17,6,23
128,2026-09-19,2026-06-05,4,14,18
128,2026-09-19,2026-06-06,20,14,34
128,2026-09-19,2026-06-07,24,14,38
128,2026-09-19,2026-06-08,24,31,55
128,2026-09-19,2026-06-09,17,15,32
128,2026-09-19,2026-06-10,23,28,51
128,2026-09-19,2026-06-11,24,15,39
128,2026-09-19,2026-06-12,16,13,29
128,2026-09-19,2026-06-13,16,11,27
128,2026-09-19,2026-06-14,24,20,44
128,2026-09-19,2026-06-15,22,19,41
128,2026-09-19,2026-06-16,19,10,29
128,2026-09-19,2026-06-17,23,16,39
128,2026-09-19,2026-06-18,23,15,38
128,2026-09-19,2026-06-19,21,13,34
128,2026-09-19,2026-06-20,27,30,57
128,2026-09-19,2026-06-21,26,20,46
128,2026-09-19,2026-06-22,20,15,35
128,2026-09-19,2026-06-23,26,14,40
128,2026-09-19,2026-06-24,22,18,40
128,2026-09-19,2026-06-25,26,27,53
128,2026-09-19,2026-06-26,19,26,45
128,2026-09-19,2026-06-27,21,20,41
128,2026-09-19,2026-06-28,27,23,50
128,2026-09-19,2026-06-29,22,16,38
128,2026-09-19,2026-06-30,19,26,45
128,2026-09-19,2026-07-01,39,34,73
128,2026-09-19,2026-07-02,25,29,54
128,2026-09-19,2026-07-03,20,26,46
128,2026-09-19,2026-07-04,37,27,64
128,2026-09-19,2026-07-05,21,20,41
128,2026-09-19,2026-07-06,22,22,44
128,2026-09-19,2026-07-07,17,23,40
128,2026-09-19,2026-07-08,27,16,43
128,2026-09-19,2026-07-09,27,23,50
128,2026-09-19,2026-07-10,31,31,62
128,2026-09-19,2026-07-11,32,18,50
128,2026-09-19,2026-07-12,18,22,40
128,2026-09-19,2026-07-13,27,24,51
128,2026-09-19,2026-07-14,36,21,57
128,2026-09-19,2026-07-15,32,30,62
128,2026-09-19,2026-07-16,23,16,39
128,2026-09-19,2026-07-17,16,22,38
128,2026-09-19,2026-07-18,38,26,64
128,2026-09-19,2026-07-19,29,26,55
128,2026-09-19,2026-07-20,45,43,88
128,2026-09-19,2026-07-21,39,27,66
128,2026-09-19,2026-07-22,26,33,59
128,2026-09-19,2026-07-23,23,27,50
128,2026-09-19,2026-07-24,17,23,40
128,2026-09-19,2026-07-25,27,27,54
128,2026-09-19,2026-07-26,28,24,52
128,2026-09-19,2026-07-27,33,24,57
128,2026-09-19,2026-07-28,34,36,70
128,2026-09-19,2026-07-29,31,20,51
128,2026-09-19,2026-07-30,29,22,51
128,2026-09-19,2026-07-31,30,26,56
128,2026-09-19,2026-08-01,42,41,83
128,2026-09-19,2026-08-02,35,38,73
128,2026-09-19,2026-08-03,23,27,50
128,2026-09-19,2026-08-04,22,24,46
128,2026-09-19,2026-08-05,30,24,54
128,2026-09-19,2026-08-06,31,28,59
128,2026-09-19,2026-08-07,22,28,50
128,2026-09-19,2026-08-08,39,24,63
128,2026-09-19,2026-08-09,41,29,70
128,2026-09-19,2026-08-10,39,47,86
128,2026-09-19,2026-08-11,27,27,54
128,2026-09-19,2026-08-12,44,31,75
128,2026-09-19,2026-08-13,44,22,66
128,2026-09-19,2026-08-14,42,20,62
128,2026-09-19,2026-08-15,30,32,62
128,2026-09-19,2026-08-16,26,28,54
128,2026-09-19,2026-08-17,31,25,56
128,2026-09-19,2026-08-18,34,19,53
128,2026-09-19,2026-08-19,22,20,42
128,2026-09-19,2026-08-20,39,43,82
128,2026-09-19,2026-08-21,37,26,63
128,2026-09-19,2026-08-22,20,18,38
128,2026-09-19,2026-08-23,26,23,49
128,2026-09-19,2026-08-24,34,31,65
128,2026-09-19,2026-08-25,44,35,79
128,2026-09-19,2026-08-26,24,28,52
128,2026-09-19,2026-08-27,25,28,53
128,2026-09-19,2026-08-28,24,39,63
128,2026-09-19,2026-08-29,19,24,43
128,2026-09-19,2026-08-30,21,16,37
128,2026-09-19,2026-08-31,33,26,59
128,2026-09-19,2026-09-01,43,31,74
128,2026-09-19,2026-09-02,24,24,48
128,2026-09-19,2026-09-03,28,19,47
128,2026-09-19,2026-09-04,26,30,56
128,2026-09-19,2026-09-05,27,18,45
128,2026-09-19,2026-09-06,29,17,46
128,2026-09-19,2026-09-07,33,11,44
128,2026-09-19,2026-09-08,32,19,51
128,2026-09-19,2026-09-09,28,18,46
128,2026-09-19,2026-09-10,39,24,63
128,2026-09-19,2026-09-11,28,14,42
128,2026-09-19,2026-09-12,19,5,24
128,2026-09-19,2026-09-13,16,6,22
128,2026-09-19,2026-09-15,15,10,25
128,2026-09-19,2026-09-16,3,2,5
128,2026-09-19,2026-09-17,4,6,10
129,2026-09-20,2026-04-20,1,0,1
129,2026-09-20,2026-04-29,0,0,0
129,2026-09-20,2026-05-02,0,3,3
129,2026-09-20,2026-05-03,1,3,4
129,2026-09-20,2026-05-05,3,4,7
129,2026-09-20,2026-05-06,0,0,0
129,2026-09-20,2026-05-07,1,0,1
129,2026-09-20,2026-05-08,0,2,2
129,2026-09-20,2026-05-09,2,2,4
129,2026-09-20,2026-05-10,2,3,5
129,2026-09-20,2026-05-11,0,1,1
129,2026-09-20,2026-05-12,3,2,5
129,2026-09-20,2026-05-13,10,6,16
129,2026-09-20,2026-05-14,2,8,10
129,2026-09-20,2026-05-15,13,12,25
129,2026-09-20,2026-05-16,18,5,23
129,2026-09-20,2026-05-17,19,6,25
129,2026-09-20,2026-05-18,16,13,29
129,2026-09-20,2026-05-19,19,7,26
129,2026-09-20,2026-05-20,12,7,19
129,2026-09-20,2026-05-21,8,8,16
129,2026-09-20,2026-05-22,18,3,21
129,2026-09-20,2026-05-23,9,6,15
129,2026-09-20,2026-05-24,7,9,16
129,2026-09-20,2026-05-25,6,7,13
129,2026-09-20,2026-05-26,18,6,24
129,2026-09-20,2026-05-27,18,8,26
129,2026-09-20,2026-05-28,24,8,32
129,2026-09-20,2026-05-29,17,7,24
129,2026-09-20,2026-05-30,24,19,43
129,2026-09-20,2026-05-31,17,11,28
129,2026-09-20,2026-06-01,26,27,53
129,2026-09-20,2026-06-02,19,23,42
129,2026-09-20,2026-06-03,9,14,23
129,2026-09-20,2026-06-04,16,7,23
129,2026-09-20,2026-06-05,4,14,18
129,2026-09-20,2026-06-06,19,14,33
129,2026-09-20,2026-06-07,24,13,37
129,2026-09-20,2026-06-08,24,30,54
129,2026-09-20,2026-06-09,16,15,31
129,2026-09-20,2026-06-10,23,27,50
129,2026-09-20,2026-06-11,23,15,38
129,2026-09-20,2026-06-12,16,12,28
129,2026-09-20,2026-06-13,15,11,26
129,2026-09-20,2026-06-14,23,20,43
129,2026-09-20,2026-06-15,21,19,40
129,2026-09-20,2026-06-16,18,10,28
129,2026-09-20,2026-06-17,22,16,38
129,2026-09-20,2026-06-18,22,15,37
129,2026-09-20,2026-06-19,20,13,33
129,2026-09-20,2026-06-20,27,29,56
129,2026-09-20,2026-06-21,25,20,45
129,2026-09-20,2026-06-22,19,15,34
129,2026-09-20,2026-06-23,24,15,39
129,2026-09-20,2026-06-24,22,17,39
129,2026-09-20,2026-06-25,26,26,52
129,2026-09-20,2026-06-26,18,26,44
129,2026-09-20,2026-06-27,21,19,40
129,2026-09-20,2026-06-28,27,22,49
129,2026-09-20,2026-06-29,21,16,37
129,2026-09-20,2026-06-30,19,25,44
129,2026-09-20,2026-07-01,38,34,72
129,2026-09-20,2026-07-02,25,28,53
129,2026-09-20,2026-07-03,20,25,45
129,2026-09-20,2026-07-04,37,26,63
129,2026-09-20,2026-07-05,20,20,40
129,2026-09-20,2026-07-06,22,21,43
129,2026-09-20,2026-07-07,16,23,39
129,2026-09-20,2026-07-08,27,15,42
129,2026-09-20,2026-07-09,27,22,49
129,2026-09-20,2026-07-10,30,31,61
129,2026-09-20,2026-07-11,32,17,49
129,2026-09-20,2026-07-12,18,21,39
129,2026-09-20,2026-07-13,27,23,50
129,2026-09-20,2026-07-14,36,21,57
129,2026-09-20,2026-07-15,32,29,61
129,2026-09-20,2026-07-16,22,16,38
129,2026-09-20,2026-07-17,16,21,37
129,2026-09-20,2026-07-18,38,25,63
129,2026-09-20,2026-07-19,30,24,54
129,2026-09-20,2026-07-20,46,42,88
129,2026-09-20,2026-07-21,38,27,65
129,2026-09-20,2026-07-22,26,32,58
129,2026-09-20,2026-07-23,22,27,49
129,2026-09-20,2026-07-24,16,23,39
129,2026-09-20,2026-07-25,25,28,53
129,2026-09-20,2026-07-26,27,24,51
129,2026-09-20,2026-07-27,31,24,55
129,2026-09-20,2026-07-28,34,35,69
129,2026-09-20,2026-07-29,30,20,50
129,2026-09-20,2026-07-30,28,22,50
129,2026-09-20,2026-07-31,29,26,55
129,2026-09-20,2026-08-01,42,41,83
129,2026-09-20,2026-08-02,35,37,72
129,2026-09-20,2026-08-03,22,27,49
129,2026-09-20,2026-08-04,21,24,45
129,2026-09-20,2026-08-05,29,24,53
129,2026-09-20,2026-08-06,30,28,58
129,2026-09-20,2026-08-07,22,27,49
129,2026-09-20,2026-08-08,37,25,62
129,2026-09-20,2026-08-09,40,29,69
129,2026-09-20,2026-08-10,39,46,85
129,2026-09-20,2026-08-11,26,27,53
129,2026-09-20,2026-08-12,43,31,74
129,2026-09-20,2026-08-13,43,22,65
129,2026-09-20,2026-08-14,41,20,61
129,2026-09-20,2026-08-15,29,32,61
129,2026-09-20,2026-08-16,26,27,53
129,2026-09-20,2026-08-17,31,24,55
129,2026-09-20,2026-08-18,32,20,52
129,2026-09-20,2026-08-19,21,20,41
129,2026-09-20,2026-08-20,38,43,81
129,2026-09-20,2026-08-21,35,39,74
129,2026-09-20,2026-08-22,20,17,37
129,2026-09-20,2026-08-23,26,22,48
129,2026-09-20,2026-08-24,34,30,64
129,2026-09-20,2026-08-25,45,34,79
129,2026-09-20,2026-08-26,24,27,51
129,2026-09-20,2026-08-27,24,28,52
129,2026-09-20,2026-08-28,24,39,63
129,2026-09-20,2026-08-29,18,24,42
129,2026-09-20,2026-08-30,19,22,41
129,2026-09-20,2026-08-31,32,26,58
129,2026-09-20,2026-09-01,43,30,73
129,2026-09-20,2026-09-02,24,24,48
129,2026-09-20,2026-09-03,27,20,47
129,2026-09-20,2026-09-04,26,30,56
129,2026-09-20,2026-09-05,26,19,45
129,2026-09-20,2026-09-06,26,20,46
129,2026-09-20,2026-09-07,32,12,44
129,2026-09-20,2026-09-08,31,20,51
129,2026-09-20,2026-09-09,28,20,48
129,2026-09-20,2026-09-10,40,27,67
129,2026-09-20,2026-09-11,30,12,42
129,2026-09-20,2026-09-12,21,5,26
129,2026-09-20,2026-09-13,19,7,26
129,2026-09-20,2026-09-14,25,7,32
129,2026-09-20,2026-09-15,12,2,14
129,2026-09-20,2026-09-16,5,3,8
129,2026-09-20,2026-09-17,5,8,13
129,2026-09-20,2026-09-18,5,8,13
130,2026-09-21,2026-04-20,1,1,2
130,2026-09-21,2026-04-29,0,1,1
130,2026-09-21,2026-04-30,0,1,1
130,2026-09-21,2026-05-01,1,0,1
130,2026-09-21,2026-05-02,1,3,4
130,2026-09-21,2026-05-03,2,3,5
130,2026-09-21,2026-05-05,4,4,8
130,2026-09-21,2026-05-06,1,0,1
130,2026-09-21,2026-05-07,2,0,2
130,2026-09-21,2026-05-08,1,2,3
130,2026-09-21,2026-05-09,3,2,5
130,2026-09-21,2026-05-10,3,3,6
130,2026-09-21,2026-05-11,1,1,2
130,2026-09-21,2026-05-12,4,2,6
130,2026-09-21,2026-05-13,11,6,17
130,2026-09-21,2026-05-14,2,6,8
130,2026-09-21,2026-05-15,14,12,26
130,2026-09-21,2026-05-16,18,5,23
130,2026-09-21,2026-05-17,19,7,26
130,2026-09-21,2026-05-18,17,13,30
130,2026-09-21,2026-05-19,21,6,27
130,2026-09-21,2026-05-20,13,7,20
130,2026-09-21,2026-05-21,9,8,17
130,2026-09-21,2026-05-22,19,3,22
130,2026-09-21,2026-05-23,10,6,16
130,2026-09-21,2026-05-24,8,9,17
130,2026-09-21,2026-05-25,7,7,14
130,2026-09-21,2026-05-26,18,6,24
130,2026-09-21,2026-05-27,19,8,27
130,2026-09-21,2026-05-28,24,8,32
130,2026-09-21,2026-05-29,17,7,24
130,2026-09-21,2026-05-30,24,19,43
130,2026-09-21,2026-05-31,18,11,29
130,2026-09-21,2026-06-01,27,26,53
130,2026-09-21,2026-06-02,20,23,43
130,2026-09-21,2026-06-03,10,13,23
130,2026-09-21,2026-06-04,18,6,24
130,2026-09-21,2026-06-05,5,14,19
130,2026-09-21,2026-06-06,20,14,34
130,2026-09-21,2026-06-07,25,13,38
130,2026-09-21,2026-06-08,24,30,54
130,2026-09-21,2026-06-09,16,16,32
130,2026-09-21,2026-06-10,24,27,51
130,2026-09-21,2026-06-11,24,15,39
130,2026-09-21,2026-06-12,17,12,29
130,2026-09-21,2026-06-13,16,11,27
130,2026-09-21,2026-06-14,24,20,44
130,2026-09-21,2026-06-15,22,19,41
130,2026-09-21,2026-06-16,19,10,29
130,2026-09-21,2026-06-17,22,16,38
130,2026-09-21,2026-06-18,23,15,38
130,2026-09-21,2026-06-19,21,13,34
130,2026-09-21,2026-06-20,28,29,57
130,2026-09-21,2026-06-21,25,21,46
130,2026-09-21,2026-06-22,19,16,35
130,2026-09-21,2026-06-23,25,14,39
130,2026-09-21,2026-06-24,22,17,39
130,2026-09-21,2026-06-25,27,26,53
130,2026-09-21,2026-06-26,18,26,44
130,2026-09-21,2026-06-27,22,19,41
130,2026-09-21,2026-06-28,27,22,49
130,2026-09-21,2026-06-29,21,17,38
130,2026-09-21,2026-06-30,19,25,44
130,2026-09-21,2026-07-01,40,33,73
130,2026-09-21,2026-07-02,26,28,54
130,2026-09-21,2026-07-03,22,25,47
130,2026-09-21,2026-07-04,37,26,63
130,2026-09-21,2026-07-05,21,20,41
130,2026-09-21,2026-07-06,22,21,43
130,2026-09-21,2026-07-07,17,23,40
130,2026-09-21,2026-07-08,27,16,43
130,2026-09-21,2026-07-09,27,22,49
130,2026-09-21,2026-07-10,31,30,61
130,2026-09-21,2026-07-11,32,18,50
130,2026-09-21,2026-07-12,18,21,39
130,2026-09-21,2026-07-13,28,23,51
130,2026-09-21,2026-07-14,37,20,57
130,2026-09-21,2026-07-15,33,29,62
130,2026-09-21,2026-07-16,23,16,39
130,2026-09-21,2026-07-17,17,21,38
130,2026-09-21,2026-07-18,38,25,63
130,2026-09-21,2026-07-19,29,25,54
130,2026-09-21,2026-07-20,45,43,88
130,2026-09-21,2026-07-21,39,27,66
130,2026-09-21,2026-07-22,27,32,59
130,2026-09-21,2026-07-23,23,27,50
130,2026-09-21,2026-07-24,16,23,39
130,2026-09-21,2026-07-25,27,27,54
130,2026-09-21,2026-07-26,29,23,52
130,2026-09-21,2026-07-27,33,23,56
130,2026-09-21,2026-07-28,34,35,69
130,2026-09-21,2026-07-29,31,20,51
130,2026-09-21,2026-07-30,29,22,51
130,2026-09-21,2026-07-31,31,25,56
130,2026-09-21,2026-08-01,43,40,83
130,2026-09-21,2026-08-02,35,38,73
130,2026-09-21,2026-08-03,22,27,49
130,2026-09-21,2026-08-04,22,24,46
130,2026-09-21,2026-08-05,30,23,53
130,2026-09-21,2026-08-06,30,28,58
130,2026-09-21,2026-08-07,22,27,49
130,2026-09-21,2026-08-08,38,25,63
130,2026-09-21,2026-08-09,40,29,69
130,2026-09-21,2026-08-10,40,46,86
130,2026-09-21,2026-08-11,28,26,54
130,2026-09-21,2026-08-12,44,30,74
130,2026-09-21,2026-08-13,44,22,66
130,2026-09-21,2026-08-14,42,20,62
130,2026-09-21,2026-08-15,31,31,62
130,2026-09-21,2026-08-16,26,27,53
130,2026-09-21,2026-08-17,32,24,56
130,2026-09-21,2026-08-18,34,19,53
130,2026-09-21,2026-08-19,22,20,42
130,2026-09-21,2026-08-20,39,43,82
130,2026-09-21,2026-08-21,36,27,63
130,2026-09-21,2026-08-22,21,17,38
130,2026-09-21,2026-08-23,26,22,48
130,2026-09-21,2026-08-24,34,30,64
130,2026-09-21,2026-08-25,47,34,81
130,2026-09-21,2026-08-26,24,28,52
130,2026-09-21,2026-08-27,25,29,54
130,2026-09-21,2026-08-28,24,39,63
130,2026-09-21,2026-08-29,19,24,43
130,2026-09-21,2026-08-30,21,17,38
130,2026-09-21,2026-08-31,32,27,59
130,2026-09-21,2026-09-01,43,31,74
130,2026-09-21,2026-09-02,24,25,49
130,2026-09-21,2026-09-03,29,19,48
130,2026-09-21,2026-09-04,27,30,57
130,2026-09-21,2026-09-05,27,19,46
130,2026-09-21,2026-09-06,29,19,48
130,2026-09-21,2026-09-07,33,12,45
130,2026-09-21,2026-09-08,33,21,54
130,2026-09-21,2026-09-09,27,21,48
130,2026-09-21,2026-09-10,40,31,71
130,2026-09-21,2026-09-11,31,15,46
130,2026-09-21,2026-09-12,21,7,28
130,2026-09-21,2026-09-13,20,7,27
130,2026-09-21,2026-09-14,30,8,38
130,2026-09-21,2026-09-15,13,3,16
130,2026-09-21,2026-09-16,10,4,14
130,2026-09-21,2026-09-17,8,10,18
130,2026-09-21,2026-09-18,12,5,17
130,2026-09-21,2026-09-19,3,13,16
130,2026-09-21,2026-09-20,0,1,1
130,2026-09-21,2026-09-21,0,1,1
