sitrep,report_date,province,patients_isolated,patients_isolated_normed,beds,occupancy_rate_pct,admissions_24h,discharges_24h,recovered_24h,deaths_incare_24h,source_section,quote
013,2026-05-27,Ituri,103,,,,14,10,0,6,Tableau V (facility aggregate),"Tableau V. Mouvement des malades: 6 Ituri facilities (HGR Bunia 12 lits, HGR Rwampara 18 lits, CME Mungbwalu 27 lits, 4th col 40 lits, HGR Nyakunde, CT Bambu ND lits); Report 99, PPL adm 1, Autres adm 13, Guéris 0, Décédés 6, Non Cas 0, Evadés 4, Total (fin de journée) 103"
013,2026-05-27,Nord-Kivu,0,,19,,0,0,0,0,Tableau V (facility aggregate),"Tableau V, CT HEAL AFRICA (Nord-kivu) 19 lits column: Report 2, Nouvelles Admissions 0, Sorties 0, Total (fin de journée) 0 as printed (internal inconsistency in source: report 2 with zero flow should give 2, printed total is 0)"
015,2026-05-29,Ituri,95,,,,17,21,0,6,Tableau V (facility aggregate),"Tableau V. Mouvement des malades en date du 29/05/2026: Report (fin journee precedente) 99 across HGR Bunia, HGR Rwampara, CME, HGR Mongbwalu, HGR Nyankunde, HGR Bambu, HGR Aru; Nouvelles Admissions PPL 2 Autres 15; Sorties Gueris 0 Decedes 6 Non Cas 0 Evades 15 Transferes 0; Total 95; Malades en..."
016,2026-05-30,Ituri,142,,,,27,12,0,7,Tableau II (facility aggregate),"Tableau II. Mouvement des malades en date du 30/05/2026, 7 Ituri facilities (HGR Bunia, Rwampara, CME, Mongbwalu, Nyankunde, Bambu, Aru): Report 103; Nouvelles Admissions PPL 1 Autres 26; Sorties Guéris 0 Décédés 7 Non Cas 0 Evadés 5 Transférés 0; Total 142 (printed Total exceeds Report+admission..."
017,2026-05-31,Ituri,129,,,,26,18,4,11,Tableau I (facility aggregate) + summary indicator box,"Indicateur box: Patients en isolement 129 (tous CTE confondus); Cas suspects en isolement 104; Guéris du jour 4. Tableau I Mouvement des malades au 31 mai 2026, 7 Ituri facilities: Report 117; Adm PPL5 Autres21; Sorties Guéris0 Décédés11 Non Cas0 Evadés7 Transférés0; Total 129 (Guéris du jour 4 f..."
018,2026-06-01,Ituri,158,,,,21,10,0,7,Tableau 4,Patients presents au lit (fin de journee J-1) 147; Admissions PPL2 autres19 total21; Sorties Gueris0 Decedes suspects6 Decedes confirmes1 Non cas2 Evades confirmes1 total10; Patients en isolement (fin de journee) 158; NC13 AC21 Suspects122 Enfant<5 2
018,2026-06-01,Nord-Kivu,8,,71,11,0,3,0,0,Tableau 4 + prose 4.5,"Nord-Kivu column: Patients presents au lit 8; Admissions 0; Sorties Evades confirmes3 total3; Patients en isolement 8 (5 confirmes, 3 suspects). Prose: 71 lits disponibles au Nord-Kivu pour 8 patients, taux d occupation de 11%"
018,2026-06-01,Sud-Kivu,7,,,,1,2,0,0,Tableau 4 + prose 4.5,"Sud-Kivu column: Patients presents au lit 5; Admissions autres1 total1; Sorties Non cas2 total2; Patients en isolement (fin de journee) 7 (2 confirmes, 5 suspects, dont 2 nourrissons). Prose says file active de 5 patients (2 confirmes et 5 suspects) which sums to 7 matching the table, not 5 - pro..."
019,2026-06-02,Ituri,192,,,,28,27,,8,Tableau 4,Patients au lit (J-1) 191; Total admissions 28; Decedes(Suspects/Conf) 8; Non-cas/Gueris 8; Evades(Suspects/Conf) 11; Total sorties 27; Patients en isolement (Fin J) 192; dont confirmes(NC+AC) 40; dont suspects 152
019,2026-06-02,Nord-Kivu,8,,,,1,1,,1,Tableau 4,Patients au lit (J-1) 8; Total admissions 1; Decedes(Suspects/Conf) 1; Non-cas/Gueris 0; Evades 0; Total sorties 1; Patients en isolement (Fin J) 8; dont confirmes 5; dont suspects 3
019,2026-06-02,Sud-Kivu,6,,,,1,0,0,0,Tableau 4,Patients au lit (J-1) 5; Total admissions 1; Decedes 0; Non-cas/Gueris 0; Evades 0; Total sorties 0; Patients en isolement (Fin J) 6; dont confirmes 2; dont suspects 4
020,2026-06-03,Ituri,220,,,,47,35,0,11,Tableau 4,Patients au lit (J-1) 208; Total admissions 47; Sorties Decedes11 Non-cas5 Gueris0 Evades19 Total sorties35; Patients en isolement (Fin J) 220; dont confirmes 57; dont suspects 163
020,2026-06-03,Nord-Kivu,8,,,,1,1,1,0,Tableau 4,Patients au lit (J-1) 8; Total admissions 1; Sorties Decedes0 Non-cas0 Gueris1 Evades0 Total sorties1; Patients en isolement (Fin J) 8; dont confirmes 4; dont suspects 4
020,2026-06-03,Sud-Kivu,5,,,,0,1,0,0,Tableau 4,Patients au lit (J-1) 6; Total admissions 0; Sorties Decedes0 Non-cas0 Gueris0 Evades1 Total sorties1; Patients en isolement (Fin J) 5; dont confirmes 1; dont suspects 4
021,2026-06-04,Ituri,243,,,,61,37,,6,Tableau 4,Patients au lit (J-1) 219; Total admissions 61; Decedes(Suspects/Conf) 6; Non-cas/Gueris 17; Evades 14; Total sorties 37; Patients en isolement (Fin J) 243; dont confirmes 66; dont suspects 177
021,2026-06-04,Nord-Kivu,9,,,,1,0,0,0,Tableau 4,Patients au lit (J-1) 8; Total admissions 1; Decedes0 Non-cas/Gueris0 Evades0 Total sorties0; Patients en isolement (Fin J) 9; dont confirmes 5; dont suspects 4
021,2026-06-04,Sud-Kivu,6,,,,0,0,0,0,Tableau 4,Patients au lit (J-1) 6; Total admissions 0; Decedes0 Non-cas/Gueris0 Evades0 Total sorties0; Patients en isolement (Fin J) 6; dont confirmes 1; dont suspects 5
022,2026-06-05,Ituri,251,,,,37,22,,7,Tableau 4,Patients au lit (J-1) 236; Total admissions 37; Decedes(Suspects/Conf) 7; Non-cas/Gueris 5; Evades 10; Total sorties 22; Patients en isolement (Fin J) 251; dont confirmes 83; dont suspects 168
022,2026-06-05,Nord-Kivu,9,,,,1,0,0,0,Tableau 4,Patients au lit (J-1) 8; Total admissions 1; Decedes0 Non-cas/Gueris0 Evades0 Total sorties0; Patients en isolement (Fin J) 9; dont confirmes 5; dont suspects 4
022,2026-06-05,Sud-Kivu,7,,,,0,0,0,0,Tableau 4,Patients au lit (J-1) 7; Total admissions 0; Decedes0 Non-cas/Gueris0 Evades0 Total sorties0; Patients en isolement (Fin J) 7; dont confirmes 1; dont suspects 6
023,2026-06-06,Ituri,260,,,,29,26,,7,Tableau 4,Patients au lit (J-1) 257; Total admissions 29; Decedes(Suspects/Conf) 7; Non-cas/Gueris 13; Evades 6; Total sorties 26; Patients en isolement (Fin J) 260; dont confirmes 99; dont suspects 161
023,2026-06-06,Nord-Kivu,16,,,,1,1,1,0,Tableau 4,Patients au lit (J-1) 16; Total admissions 1; Decedes0 Non-cas/Gueris1 Evades0 Total sorties1; Patients en isolement (Fin J) 16; dont confirmes 5; dont suspects 11
023,2026-06-06,Sud-Kivu,7,,,,0,0,0,0,Tableau 4,Patients au lit (J-1) 7; Total admissions 0; Sorties all 0; Patients en isolement (Fin J) 7; dont confirmes 1; dont suspects 6
024,2026-06-07,Ituri,284,,,,55,31,,9,Tableau 5,Patients au lit (J-1) 260; Total admissions 55; Decedes(Suspects/Conf) 9; Non-cas/Gueris 11; Evades 10; Transferes a l HGR 1; Total sorties 31; Patients en isolement (Fin J) 284; dont confirmes 110; dont suspects 174
024,2026-06-07,Nord-Kivu,18,,,,6,4,0,4,Tableau 5,Patients au lit (J-1) 16; Total admissions 6; Decedes(Suspects/Conf) 4; Non-cas/Gueris 0; Evades 0; Transferes 0; Total sorties 4; Patients en isolement (Fin J) 18; dont confirmes 5; dont suspects 13
024,2026-06-07,Sud-Kivu,7,,,,0,0,0,0,Tableau 5,Patients au lit (J-1) 7; Total admissions 0; Sorties all 0; Patients en isolement (Fin J) 7; dont confirmes 1; dont suspects 6
025,2026-06-08,Ituri,266,,,,27,47,,13,Tableau 5,Patients au lit (J-1) 286; Total admissions 27; Decedes(Suspects/Conf) 13; Non-cas/Gueris 21; Evades 12; Transferes a l HGR 1; Total sorties 47; Patients en isolement (Fin J) 266; dont confirmes 106; dont suspects 160
025,2026-06-08,Nord-Kivu,24,,,,7,0,0,0,Tableau 5,Patients au lit (J-1) 17; Total admissions 7; Sorties all 0; Patients en isolement (Fin J) 24; dont confirmes 6; dont suspects 18
025,2026-06-08,Sud-Kivu,7,,,,0,0,0,0,Tableau 5,Patients au lit (J-1) 7; Total admissions 0; Sorties all 0; Patients en isolement (Fin J) 7; dont confirmes 1; dont suspects 6
026,2026-06-09,Ituri,237,,315,75.2,31,39,,7,Tableau 5 + Taux d occupation global,"Patients au lit (J-1) 245; Total admissions 31; Decedes(Suspects/Conf) 7; Non-cas/Gueris 22; Evades 9; Transferes a l HGR 1; Total sorties 39; Patients en isolement (Fin J) 237; dont confirmes 111; dont suspects 126. Taux d occupation global 75,2% (237/315) Ituri"
026,2026-06-09,Nord-Kivu,17,,71,23.9,0,0,0,0,Tableau 5 + Taux d occupation global,"Patients au lit (J-1) 17; Total admissions 0; Sorties all 0; Patients en isolement (Fin J) 17; dont confirmes 5; dont suspects 12. Taux d occupation global 23,9% (17/71) Nord-Kivu"
026,2026-06-09,Sud-Kivu,6,,14,42.8,0,0,0,0,Tableau 5 + Taux d occupation global,"Patients au lit (J-1) 6; Total admissions 0; Sorties all 0; Patients en isolement (Fin J) 6; dont confirmes 1; dont suspects 5. Taux d occupation global 42,8% (6/14) Sud-Kivu"
027,2026-06-10,Ituri,239,,307,77.9,26,26,,10,Tableau 5 + Taux d occupation global,"Patients au lit (J-1) 239; Total admissions 26; Decedes(Suspects/Conf) 10; Non-cas/Gueris 13; Evades 3; Transferes 0; Total sorties 26; Patients en isolement (Fin J) 239; dont confirmes 126; dont suspects 113. Taux d occupation global 77,9% (239/307) Ituri"
027,2026-06-10,Nord-Kivu,17,,71,23.9,0,0,0,0,Tableau 5 + Taux d occupation global,"Patients au lit (J-1) 17; Total admissions 0; Sorties all 0; Patients en isolement (Fin J) 17; dont confirmes 5; dont suspects 12. Taux d occupation global 23,9% (17/71) Nord-Kivu"
027,2026-06-10,Sud-Kivu,6,,32,18.8,0,0,0,0,Tableau 5 + Taux d occupation global,"Patients au lit (J-1) 6; Total admissions 0; Sorties all 0; Patients en isolement (Fin J) 6; dont confirmes 1; dont suspects 5. Taux d occupation global 18,8% (6/32) Sud-Kivu - bed count rose from 14 to 32 vs SitRep 026"
028,2026-06-11,Ituri,272,,349,77.9,47,22,7,7,Tableau 5 + Taux d occupation global,"Patients au lit (J-1) 247; Total admissions 47; Decedes7 Non-cas/Gueris7 Evades4 Transferes4 Total sorties22; Patients en isolement (Fin J) 272; dont confirmes 131; dont suspects 141. Taux d occupation global 77,9% (272/349)"
028,2026-06-11,Nord-Kivu,31,,71,43.7,18,0,0,0,Tableau 5 + Taux d occupation global,"Patients au lit (J-1) 13; Total admissions 18; Sorties all 0; Patients en isolement (Fin J) 31; dont confirmes 6; dont suspects 25. Taux d occupation global 43,7% (31/71)"
028,2026-06-11,Sud-Kivu,12,,32,37.5,10,5,5,0,Tableau 5 + Taux d occupation global,"Patients au lit (J-1) 7; Total admissions 10; Decedes0 Non-cas/Gueris5 Evades0 Transferes0 Total sorties5; Patients en isolement (Fin J) 12; dont confirmes 1; dont suspects 11. Taux d occupation global 37,5% (12/32)"
030,2026-06-13,Ituri,310,,,93.9,60,30,,13,Tableau 5 + Taux d occupation global,"Patients au lit (J-1) 280; Total admissions 60; Decedes13 Non-cas/Gueris16 Evades0 Transferes1 Total sorties30; Patients en isolement (Fin J) 310; dont confirmes 140; dont suspects 170. Taux d occupation global 93,9% (no fraction printed this vintage)"
030,2026-06-13,Nord-Kivu,42,,,59.2,6,0,0,0,Tableau 5 + Taux d occupation global,"Patients au lit (J-1) 36; Total admissions 6; Sorties all 0; Patients en isolement (Fin J) 42; dont confirmes 6; dont suspects 36. Taux d occupation global 59,2%"
030,2026-06-13,Sud-Kivu,7,,,21.9,2,6,6,0,Tableau 5 + Taux d occupation global,"Patients au lit (J-1) 11; Total admissions 2; Decedes0 Non-cas/Gueris6 Evades0 Transferes0 Total sorties6; Patients en isolement (Fin J) 7; dont confirmes 1; dont suspects 6. Taux d occupation global 21,9%"
031,2026-06-14,Ituri,313,,,94.8,44,43,8,9,Tableau 5 + Taux d occupation global,"Patients au lit (J-1) 312; Total admissions 44; Decedes9 Non-cas25 Gueris8 Evades1 Transferes0 Total sorties43; Patients en isolement (Fin J) 313; dont confirmes 140; dont suspects 173. Taux d occupation global 94,8%"
031,2026-06-14,Nord-Kivu,44,,,62.0,8,6,0,0,Tableau 5 + Taux d occupation global,"Patients au lit (J-1) 42; Total admissions 8; Decedes0 Non-cas6 Gueris0 Evades0 Transferes0 Total sorties6; Patients en isolement (Fin J) 44; dont confirmes 14; dont suspects 30. Taux d occupation global 62,0%"
031,2026-06-14,Sud-Kivu,6,,,18.8,2,3,0,0,Tableau 5 + Taux d occupation global,"Patients au lit (J-1) 7; Total admissions 2; Decedes0 Non-cas3 Gueris0 Evades0 Transferes0 Total sorties3; Patients en isolement (Fin J) 6; dont confirmes 1; dont suspects 5. Taux d occupation global 18,8%"
032,2026-06-15,Ituri,321,,,97.3,47,38,1,14,Tableau 6 + Taux d occupation global,"Patients au lit (J-1) 312; Total admissions 47; Decedes14 Non-cas17 Gueris1 Evades6 Transferes0 Total sorties38; Patients en isolement (Fin J) 321; dont confirmes 152; dont suspects 169. Taux d occupation global 97,3%"
032,2026-06-15,Nord-Kivu,45,,,63.4,7,6,0,0,Tableau 6 + Taux d occupation global,"Patients au lit (J-1) 44; Total admissions 7; Decedes0 Non-cas6 Gueris0 Evades0 Transferes0 Total sorties6; Patients en isolement (Fin J) 45; dont confirmes 15; dont suspects 30. Taux d occupation global 63,4%"
032,2026-06-15,Sud-Kivu,10,,,31.3,7,3,0,0,Tableau 6 + Taux d occupation global,"Patients au lit (J-1) 6; Total admissions 7; Decedes0 Non-cas3 Gueris0 Evades0 Transferes0 Total sorties3; Patients en isolement (Fin J) 10; dont confirmes 1; dont suspects 9. Taux d occupation global 31,3%"
033,2026-06-16,Ituri,318,,,96.4,47,50,18,8,Tableau 5 + Taux d occupation global,"Patients au lit (J-1) 321; Total admissions 47; Decedes8 Non-cas23 Gueris18 Evades1 Transferes0 Total sorties50; Patients en isolement (Fin J) 318; dont confirmes 138; dont suspects 180. Taux d occupation global 96,4%"
033,2026-06-16,Nord-Kivu,46,,,64.8,11,10,0,1,Tableau 5 + Taux d occupation global,"Patients au lit (J-1) 45; Total admissions 11; Decedes1 Non-cas9 Gueris0 Evades0 Transferes0 Total sorties10; Patients en isolement (Fin J) 46; dont confirmes 13; dont suspects 33. Taux d occupation global 64,8%"
033,2026-06-16,Sud-Kivu,15,,,46.9,9,4,0,0,Tableau 5 + Taux d occupation global,"Patients au lit (J-1) 10; Total admissions 9; Decedes0 Non-cas4 Gueris0 Evades0 Transferes0 Total sorties4; Patients en isolement (Fin J) 15; dont confirmes 1; dont suspects 14. Taux d occupation global 46,9%"
034,2026-06-17,Ituri,335,,,99.1,61,36,11,7,Tableau 6 + Taux d occupation global,"Patients au lit (J-1) 310; Total admissions 61; Decedes7 Non-cas14 Gueris11 Evades3 Transferes1 Total sorties36; Patients en isolement (Fin J) 335; dont confirmes 143; dont suspects 192. Taux d occupation global 99,1%"
034,2026-06-17,Nord-Kivu,48,,,67.6,6,4,0,0,Tableau 6 + Taux d occupation global,"Patients au lit (J-1) 46; Total admissions 6; Decedes0 Non-cas4 Gueris0 Evades0 Transferes0 Total sorties4; Patients en isolement (Fin J) 48; dont confirmes 18; dont suspects 30. Taux d occupation global 67,6%"
035,2026-06-18,Ituri,349,,,103.3,53,39,2,16,Tableau 6 + Taux d occupation global,"Patients au lit (J-1) 335; Total admissions 53; Decedes16 Non-cas19 Gueris2 Evades2 Transferes0 Total sorties39; Patients en isolement (Fin J) 349; dont confirmes 139; dont suspects 210. Taux d occupation global 103,3% (occupancy exceeds 100%, printed as-is)"
035,2026-06-18,Nord-Kivu,56,,,78.9,8,0,0,0,Tableau 6 + Taux d occupation global,"Patients au lit (J-1) 48; Total admissions 8; Sorties all 0; Patients en isolement (Fin J) 56; dont confirmes 22; dont suspects 34. Taux d occupation global 78,9%"
035,2026-06-18,Sud-Kivu,11,,,34.4,9,13,0,0,Tableau 6 + Taux d occupation global,"Patients au lit (J-1) 15; Total admissions 9; Decedes0 Non-cas13 Gueris0 Evades0 Transferes0 Total sorties13; Patients en isolement (Fin J) 11; dont confirmes 1; dont suspects 10. Taux d occupation global 34,4%"
036,2026-06-19,Ituri,307,,,90.8,59,38,12,5,Tableau 6 + Taux d occupation global,"Patients au lit (J-1) 286; Total admissions 59; Decedes5 Non-cas16 Gueris12 Evades5 Transferes0 Total sorties38; Patients en isolement (Fin J) 307; dont confirmes 124; dont suspects 183. Taux d occupation global 90,8%"
036,2026-06-19,Nord-Kivu,54,,,76.1,6,8,0,0,Tableau 6 + Taux d occupation global,"Patients au lit (J-1) 56; Total admissions 6; Decedes0 Non-cas8 Gueris0 Evades0 Transferes0 Total sorties8; Patients en isolement (Fin J) 54; dont confirmes 24; dont suspects 30. Taux d occupation global 76,1%"
037,2026-06-20,Ituri,302,,,89.3,62,67,6,21,Tableau 6 + Taux d occupation global,"Patients au lit (J-1) 307; Total admissions 62; Decedes21 Non-cas34 Gueris6 Evades6 Transferes0 Total sorties67; Patients en isolement (Fin J) 302; dont confirmes 139; dont suspects 163. Taux d occupation global 89,3%"
037,2026-06-20,Nord-Kivu,52,,,73.2,4,6,0,0,Tableau 6 + Taux d occupation global,"Patients au lit (J-1) 54; Total admissions 4; Decedes0 Non-cas6 Gueris0 Evades0 Transferes0 Total sorties6; Patients en isolement (Fin J) 52; dont confirmes 24; dont suspects 28. Taux d occupation global 73,2%"
037,2026-06-20,Sud-Kivu,11,,,34.4,1,2,2,0,Tableau 6 + Taux d occupation global,"Patients au lit (J-1) 12; Total admissions 1; Decedes0 Non-cas0 Gueris2 Evades0 Transferes0 Total sorties2; Patients en isolement (Fin J) 11; dont confirmes 0; dont suspects 11. Taux d occupation global 34,4%"
038,2026-06-21,Ituri,298,,,88.2,60,56,9,14,Tableau 6 + Taux d occupation global,"Patients au lit (J-1) 294; Total admissions 60; Decedes14 Non-cas28 Gueris9 Evades4 Transferes1 Total sorties56; Patients en isolement (Fin J) 298; dont confirmes 169; dont suspects 129. Taux d occupation global 88,2%"
038,2026-06-21,Nord-Kivu,63,,,88.7,7,3,3,0,Tableau 6 + Taux d occupation global,"Patients au lit (J-1) 59; Total admissions 7; Decedes0 Non-cas0 Gueris3 Evades0 Transferes0 Total sorties3; Patients en isolement (Fin J) 63; dont confirmes 27; dont suspects 36. Taux d occupation global 88,7%"
038,2026-06-21,Sud-Kivu,10,,,31.3,3,0,0,0,Tableau 6 + Taux d occupation global,"Patients au lit (J-1) 7; Total admissions 3; Sorties all 0; Patients en isolement (Fin J) 10; dont confirmes 0; dont suspects 10. Taux d occupation global 31,3%"
039,2026-06-22,Ituri,321,,,87.0,57,34,3,14,Tableau 6 + Taux d occupation global,"Patients au lit (J-1) 298; Total admissions 57; Decedes14 Non-cas16 Gueris3 Evades1 Transferes0 Total sorties34; Patients en isolement (Fin J) 321; dont confirmes 173; dont suspects 148. Taux d occupation global 87,0%"
039,2026-06-22,Nord-Kivu,56,,,54.4,36,7,0,0,Tableau 6 + Taux d occupation global,"Patients au lit (J-1) 27; Total admissions 36; Decedes0 Non-cas7 Gueris0 Evades0 Transferes0 Total sorties7; Patients en isolement (Fin J) 56; dont confirmes 17; dont suspects 39. Taux d occupation global 54,4% (J-1 census 27 is a sharp drop from SitRep 038 Fin J 63 - printed as-is, not reconciled)"
039,2026-06-22,Sud-Kivu,10,,,31.3,0,0,0,0,Tableau 6 + Taux d occupation global,"Patients au lit (J-1) 10; Total admissions 0; Sorties all 0; Patients en isolement (Fin J) 10; dont confirmes 0; dont suspects 10. Taux d occupation global 31,3%"
040,2026-06-23,Ituri,337,,,91.3,46,30,7,9,Tableau 6 + Taux d occupation global,"Patients au lit (J-1) 321; Total admissions 46; Decedes9 Non-cas14 Gueris7 Evades0 Transferes0 Total sorties30; Patients en isolement (Fin J) 337; dont confirmes 175; dont suspects 162. Taux d occupation global 91,3%"
040,2026-06-23,Nord-Kivu,59,,,57.3,8,5,0,0,Tableau 6 + Taux d occupation global,"Patients au lit (J-1) 56; Total admissions 8; Decedes0 Non-cas5 Gueris0 Evades0 Transferes0 Total sorties5; Patients en isolement (Fin J) 59; dont confirmes 17; dont suspects 42. Taux d occupation global 57,3%"
040,2026-06-23,Sud-Kivu,12,,,37.5,7,5,0,0,Tableau 6 + Taux d occupation global,"Patients au lit (J-1) 10; Total admissions 7; Decedes0 Non-cas5 Gueris0 Evades0 Transferes0 Total sorties5; Patients en isolement (Fin J) 12; dont confirmes 0; dont suspects 12. Taux d occupation global 37,5%"
041,2026-06-24,Ituri,313,,,85.3,59,68,16,14,Tableau 6 + Taux d occupation global,"Patients au lit (J-1) 322; Total admissions 59; Decedes14 Non-cas37 Gueris16 Evades1 Transferes0 Total sorties68; Patients en isolement (Fin J) 313; dont confirmes 188; dont suspects 125. Taux d occupation global 85,3%"
041,2026-06-24,Nord-Kivu,59,,,57.3,8,5,0,0,Tableau 6 + Taux d occupation global,"Nord-Kivu* column, footnote: donnees rapportees pour le Nord-Kivu datent du 23 juin 2026 (J-1 du rapport precedent) car celles du 24 juin n etaient pas disponibles. Patients au lit (J-1) 56; Total admissions 8; Decedes0 Non-cas5 Gueris0 Evades0 Transferes0 Total sorties5; Patients en isolement (F..."
041,2026-06-24,Sud-Kivu,13,,,29.5,6,5,0,0,Tableau 6 + Taux d occupation global,"Patients au lit (J-1) 12; Total admissions 6; Decedes0 Non-cas5 Gueris0 Evades0 Transferes0 Total sorties5; Patients en isolement (Fin J) 13; dont confirmes 0; dont suspects 13. Taux d occupation global 29,5%"
042,2026-06-25,Ituri,334,,,89.8,60,39,10,7,Tableau 6 + Taux d occupation global,"Patients au lit (J-1) 313; Total admissions 60; Decedes7 Non-cas21 Gueris10 Evades1 Transferes0 Total sorties39; Patients en isolement (Fin J) 334; dont confirmes 193; dont suspects 141. Taux d occupation global 89,8%"
042,2026-06-25,Nord-Kivu,68,,,66.0,12,0,0,0,Tableau 6 + Taux d occupation global,"Patients au lit (J-1) 56; Total admissions 12; Sorties all 0; Patients en isolement (Fin J) 68; dont confirmes 27; dont suspects 41. Taux d occupation global 66,0%"
042,2026-06-25,Sud-Kivu,17,,,38.6,4,0,0,0,Tableau 6 + Taux d occupation global,"Patients au lit (J-1) 13; Total admissions 4; Sorties all 0; Patients en isolement (Fin J) 17; dont confirmes 0; dont suspects 17. Taux d occupation global 38,6%"
044,2026-06-27,Ituri,338,,,90.9,50,45,15,15,Tableau 6 + Taux d occupation global,"Patients au lit (J-1) 333; Total admissions 50; Decedes15 Non-cas14 Gueris15 Evades1 Transferes0 Total sorties45; Patients en isolement (Fin J) 338; dont confirmes 192; dont suspects 146. Taux d occupation global 90,9%"
044,2026-06-27,Nord-Kivu,143,,,138.8,20,11,0,1,Tableau 6 + Taux d occupation global,"Nord-Kivu* footnote: saturation des isolements des cas suspects observee dans les ZS de Butembo, Kalunguta, Masereka et Musienene. Patients au lit (J-1) 134; Total admissions 20; Decedes1 Non-cas10 Gueris0 Evades0 Transferes0 Total sorties11; Patients en isolement (Fin J) 143; dont confirmes 16; ..."
044,2026-06-27,Sud-Kivu,21,,,47.7,4,0,0,0,Tableau 6 + Taux d occupation global,"Patients au lit (J-1) 17; Total admissions 4; Sorties all 0; Patients en isolement (Fin J) 21; dont confirmes 0; dont suspects 21. Taux d occupation global 47,7%"
046,2026-06-29,Ituri,451,,,102,68,50,6,17,Tableau 6 + Taux d occupation global,Ituri^1 footnote: plusieurs centres de transit (CT) rendus fonctionnels dans differentes ZS de l Ituri ramenant la capacite d accueil a la hausse. Patients au lit (J-1) 449; Total admissions 68; Decedes17 Non-cas24 Gueris6 Evades3 Transferes0 Total sorties50; Patients en isolement (Fin J) 451; do...
046,2026-06-29,Nord-Kivu,135,,,125,11,7,3,1,Tableau 6 + Taux d occupation global,"Patients au lit (J-1) 138; Total admissions 11; Decedes1 Non-cas3 Gueris3 Evades2 Transferes0 Total sorties7; Patients en isolement (Fin J) 135; dont confirmes 16; dont suspects 119. Taux d occupation global 125% (occupancy above 100%, printed as-is)"
046,2026-06-29,Sud-Kivu,23,,,51.1,3,6,0,0,Tableau 6 + Taux d occupation global,"Patients au lit (J-1) 23; Total admissions 3; Decedes0 Non-cas6 Gueris0 Evades0 Transferes0 Total sorties6; Patients en isolement (Fin J) 23; dont confirmes 0; dont suspects 23. Taux d occupation global 51,1%"
049,2026-07-02,Ituri,462,,,90,51,76,15,15,Tableau 6 + Taux d occupation global,Patients au lit (J-1) 487; Total admissions 51; Decedes15 Non-cas45 Gueris15 Evades1 Transferes0 Total sorties76; Patients en isolement (Fin J) 462; dont confirmes 201; dont suspects 261. Taux d occupation global 90%
049,2026-07-02,Nord-Kivu,147,,,136,21,9,1,1,Tableau 6 + Taux d occupation global,Patients au lit (J-1) 135; Total admissions 21; Decedes1 Non-cas7 Gueris1 Evades0 Transferes0 Total sorties9; Patients en isolement (Fin J) 147; dont confirmes 14; dont suspects 133. Taux d occupation global 136%
049,2026-07-02,Sud-Kivu,19,,,42.2,0,3,0,0,Tableau 6 + Taux d occupation global,"Patients au lit (J-1) 22; Total admissions 0; Decedes0 Non-cas3 Gueris0 Evades0 Transferes0 Total sorties3; Patients en isolement (Fin J) 19; dont confirmes 0; dont suspects 19. Taux d occupation global 42,2%"
052,2026-07-05,Ituri,477,,,89.3,79,64,20,10,Tableau 7 + Taux d occupation global,"Patients au lit (J-1) 462; Total admissions 79; Decedes10 Non-cas31 Gueris20 Evades3 Transferes0 Total sorties64; Patients en isolement (Fin J) 477; dont confirmes 191; dont suspects 286. Taux d occupation global 89,3%"
052,2026-07-05,Nord-Kivu,148,,,137.0,19,18,0,0,Tableau 7 + Taux d occupation global,"Patients au lit (J-1) 147; Total admissions 19; Decedes0 Non-cas17 Gueris0 Evades1 Transferes0 Total sorties18; Patients en isolement (Fin J) 148; dont confirmes 14; dont suspects 134. Taux d occupation global 137,0%"
052,2026-07-05,Sud-Kivu,21,,,47.7,6,6,0,0,Tableau 7 + Taux d occupation global,"Patients au lit (J-1) 21; Total admissions 6; Decedes0 Non-cas6 Gueris0 Evades0 Transferes0 Total sorties6; Patients en isolement (Fin J) 21; dont confirmes 0; dont suspects 21. Taux d occupation global 47,7%"
053,2026-07-06,Ituri,508,,,84.0,69,46,7,13,Tableau 7 + Taux d occupation global,"Patients au lit (J-1) 485; Total admissions 69; Decedes13 Non-cas26 Gueris7 Evades1 Transferes0 Total sorties46; Patients en isolement (Fin J) 508; dont confirmes 200; dont suspects 308. Taux d occupation global 84,0%"
053,2026-07-06,Nord-Kivu,148,,,115.0,30,56,0,4,Tableau 7 + Taux d occupation global,"Patients au lit (J-1) 182; Total admissions 30; Decedes4 Non-cas50 Gueris0 Evades2 Transferes0 Total sorties56; Patients en isolement (Fin J) 148; dont confirmes 18; dont suspects 138. Taux d occupation global 115,0%"
053,2026-07-06,Sud-Kivu,24,,,53.3,3,0,0,0,Tableau 7 + Taux d occupation global,"Patients au lit (J-1) 21; Total admissions 3; Sorties all 0; Patients en isolement (Fin J) 24; dont confirmes 0; dont suspects 24. Taux d occupation global 53,3%"
054,2026-07-07,Ituri,518,,,85.0,71,58,5,16,Tableau 7 + Taux d occupation global,"Patients au lit (J-1) 505; Total admissions 71; Decedes16 Non-cas28 Gueris5 Evades9 Transferes0 Total sorties58; Patients en isolement (Fin J) 518; dont confirmes 212; dont suspects 306. Taux d occupation global 85,0%"
054,2026-07-07,Nord-Kivu,193,,,137.0,32,4,0,0,Tableau 7 + Taux d occupation global,"Patients au lit (J-1) 165; Total admissions 32; Decedes0 Non-cas4 Gueris0 Evades0 Transferes0 Total sorties4; Patients en isolement (Fin J) 193; dont confirmes 20; dont suspects 173. Taux d occupation global 137,0%"
054,2026-07-07,Sud-Kivu,39,,,86.6,15,0,0,0,Tableau 7 + Taux d occupation global,"Patients au lit (J-1) 24; Total admissions 15; Sorties all 0; Patients en isolement (Fin J) 39; dont confirmes 0; dont suspects 39. Taux d occupation global 86,6%"
055,2026-07-08,Ituri,540,,,87.0,103,82,8,25,Tableau 7 + Taux d occupation global,"Patients au lit (J-1) 519; Total admissions 103; Decedes25 Non-cas42 Gueris8 Evades7 Transferes0 Total sorties82; Patients en isolement (Fin J) 540; dont confirmes 216; dont suspects 324. Taux d occupation global 87,0%"
055,2026-07-08,Nord-Kivu,197,,,133.0,44,40,2,0,Tableau 7 + Taux d occupation global,"Patients au lit (J-1) 193; Total admissions 44; Decedes0 Non-cas37 Gueris2 Evades0 Transferes1 Total sorties40; Patients en isolement (Fin J) 197; dont confirmes 20; dont suspects 177. Taux d occupation global 133,0%"
055,2026-07-08,Sud-Kivu,27,,,60,4,16,0,0,Tableau 7 + Taux d occupation global,Patients au lit (J-1) 39; Total admissions 4; Decedes0 Non-cas16 Gueris0 Evades0 Transferes0 Total sorties16; Patients en isolement (Fin J) 27; dont confirmes 0; dont suspects 27. Taux d occupation global 60%
056,2026-07-09,Ituri,536,,,89.9,43,47,4,10,Tableau 7 + Taux d occupation global,"Patients au lit (J-1) 540; Total admissions 43; Decedes10 Non-cas27 Gueris4 Evades4 Transferes2 Total sorties47; Patients en isolement (Fin J) 536; dont confirmes 218; dont suspects 318. Taux d occupation global 89,9%"
056,2026-07-09,Nord-Kivu,225,,,160.0,44,7,1,0,Tableau 7 + Taux d occupation global,"Patients au lit (J-1) 188; Total admissions 44; Decedes0 Non-cas6 Gueris1 Evades0 Transferes0 Total sorties7; Patients en isolement (Fin J) 225; dont confirmes 20; dont suspects 205. Taux d occupation global 160,0% (occupancy far above 100%, printed as-is)"
056,2026-07-09,Sud-Kivu,19,,,42.2,2,8,0,0,Tableau 7 + Taux d occupation global,"Patients au lit (J-1) 27; Total admissions 2; Decedes0 Non-cas8 Gueris0 Evades0 Transferes0 Total sorties8; Patients en isolement (Fin J) 19; dont confirmes 0; dont suspects 19. Taux d occupation global 42,2%"
058,2026-07-11,Ituri,535,,,87,67,76,12,14,Tableau 7 + Taux d occupation global,Patients au lit (J-1) 544; Total admissions 67; Decedes14 Non-cas42 Gueris12 Evades8 Transferes0 Total sorties76; Patients en isolement (Fin J) 535; dont confirmes 227; dont suspects 308. Taux d occupation global 87%
058,2026-07-11,Nord-Kivu,188,,,129.6,21,34,0,1,Tableau 7 + Taux d occupation global,"Patients au lit (J-1) 201; Total admissions 21; Decedes1 Non-cas33 Gueris0 Evades0 Transferes0 Total sorties34; Patients en isolement (Fin J) 188; dont confirmes 21; dont suspects 201. Taux d occupation global 129,6%"
058,2026-07-11,Sud-Kivu,30,,,66.6,6,0,0,0,Tableau 7 + Taux d occupation global,"Patients au lit (J-1) 24; Total admissions 6; Sorties all 0; Patients en isolement (Fin J) 30; dont confirmes 0; dont suspects 30. Taux d occupation global 66,6%"
059,2026-07-12,Ituri,549,,,82.1,85,70,13,15,TABLEAU 5 - OCCUPATION DES STRUCTURES DE SOINS,"Patients au lit (J-1) 538; Total admissions 85; Sorties decedes15 non-cas33 gueris13 evades9 transferes0 Total sorties70; Patients en isolement (fin J) 549; dont confirmes 229; dont suspects 320. Taux d occupation 82,1%"
059,2026-07-12,Nord-Kivu,170,,,117.2,12,15,2,2,TABLEAU 5 - OCCUPATION DES STRUCTURES DE SOINS,"Patients au lit (J-1) 173; Total admissions 12; Sorties decedes2 non-cas11 gueris2 evades0 transferes0 Total sorties15; Patients en isolement (fin J) 170; dont confirmes 17; dont suspects 153. Taux d occupation 117,2%"
059,2026-07-12,Sud-Kivu,17,,,,24,23,0,1,TABLEAU 5 - OCCUPATION DES STRUCTURES DE SOINS,Patients au lit (J-1) 16; Total admissions 24; Sorties decedes1 non-cas21 gueris0 evades0 transferes1 Total sorties23; Patients en isolement (fin J) 17; dont confirmes 0; dont suspects 17. Taux d occupation n.d. for Sud-Kivu
060,2026-07-13,Ituri,553,,,82.7,85,70,13,15,"TABLEAU 6 - OCCUPATION DES STRUCTURES DE SOINS, AU 13/07/2026","Patients au lit (J-1) 538; Total admissions 85; Sorties decedes15 non-cas33 gueris13 evades9 transferes0 Total sorties70; Patients en isolement (fin J) 553; dont confirmes 229; dont suspects 324. Taux d occupation 82,7%"
060,2026-07-13,Nord-Kivu,170,,,120.6,12,15,2,2,"TABLEAU 6 - OCCUPATION DES STRUCTURES DE SOINS, AU 13/07/2026","Patients au lit (J-1) 173; Total admissions 12; Sorties decedes2 non-cas11 gueris2 evades0 transferes0 Total sorties15; Patients en isolement (fin J) 170; dont confirmes 17; dont suspects 153. Taux d occupation 120,6%"
060,2026-07-13,Sud-Kivu,27,,,60.0,4,7,0,1,"TABLEAU 6 - OCCUPATION DES STRUCTURES DE SOINS, AU 13/07/2026","Patients au lit (J-1) 30; Total admissions 4; Sorties decedes1 non-cas6 gueris0 evades0 transferes0 Total sorties7; Patients en isolement (fin J) 27; dont confirmes 0; dont suspects 27. Taux d occupation 60,0%"
060,2026-07-13,Haut-Uele,3,,,100,2,0,0,0,"TABLEAU 6 - OCCUPATION DES STRUCTURES DE SOINS, AU 13/07/2026",Haut-Uele column (first appearance): Patients au lit (J-1) 1; Total admissions 2; Sorties all 0; Patients en isolement (fin J) 3; dont confirmes 0; dont suspects 3. Taux d occupation 100%
061,2026-07-14,Ituri,544,,,78,80,77,13,18,"TABLEAU 6 - OCCUPATION DES STRUCTURES DE SOINS, AU 14/07/2026","Patients au lit (J-1) 541; Total admissions 80; Sorties decedes18 non-cas34 gueris13 evades12 transferes0 Total sorties77; Patients en isolement (fin J) 544; dont confirmes 249; dont suspects 295. Taux d occupation 78%. Sud-Kivu column absent this vintage (replaced by Tshopo), not explained in text"
061,2026-07-14,Nord-Kivu,188,,,129.6,52,13,2,1,"TABLEAU 6 - OCCUPATION DES STRUCTURES DE SOINS, AU 14/07/2026","Patients au lit (J-1) 149; Total admissions 52; Sorties decedes1 non-cas12 gueris2 evades0 transferes0 Total sorties13; Patients en isolement (fin J) 188; dont confirmes 20; dont suspects 168. Taux d occupation 129,6%"
061,2026-07-14,Tshopo,4,,,60.0,1,1,0,0,"TABLEAU 6 - OCCUPATION DES STRUCTURES DE SOINS, AU 14/07/2026","Tshopo column (first appearance, replacing Sud-Kivu): Patients au lit (J-1) 4; Total admissions 1; Sorties non-cas1 Total sorties1; Patients en isolement (fin J) 4; dont confirmes 1; dont suspects 3. Taux d occupation 60,0%. Prose total 753/270 conf/466 susp does not match this table's Ensemble 7..."
062,2026-07-15,Ituri,549,,693,79,84,79,13,14,"TABLEAU 6 - OCCUPATION DES STRUCTURES DE SOINS, AU 15/07/2026","Patients au lit (J-1) 544; Total admissions 84; Sorties decedes14 non-cas37 gueris13 evades13(printed Ensemble col shows 15, inconsistent) transferes2(printed Ensemble col shows 0); Total sorties79; Patients en isolement (fin J) 549; Nombre de lits 693; Taux d occupation 79%. Prose: saturation au..."
062,2026-07-15,Nord-Kivu,171,,141,118.8,39,38,0,0,"TABLEAU 6 - OCCUPATION DES STRUCTURES DE SOINS, AU 15/07/2026","Patients au lit (J-1) 170; Total admissions 39; Sorties decedes0 non-cas38 gueris0 evades0 transferes0; Total sorties38; Patients en isolement (fin J) 171; Nombre de lits 141; Taux d occupation 118,8%"
062,2026-07-15,Tshopo,5,,12,41.7,1,0,0,0,"TABLEAU 6 - OCCUPATION DES STRUCTURES DE SOINS, AU 15/07/2026","Patients au lit (J-1) 4; Total admissions 1; Sorties all 0; Patients en isolement (fin J) 5; Nombre de lits 12; Taux d occupation 41,7%"
063,2026-07-16,Ituri,541,,693,78,72,79,20,21,"TABLEAU 6 - OCCUPATION DES STRUCTURES DE SOINS, AU 16/07/2026","Patients au lit (J-1) 548; Total admissions(24h) 72; Sorties decedes21 non-cas28 gueris20 evades6 transferes2; Total sorties79 (component sum 77, printed total 79); Patients en isolement (fin J) 541; Nombre de lits 693; Taux d occupation 78%"
063,2026-07-16,Nord-Kivu,178,,141,126.2,34,39,1,2,"TABLEAU 6 - OCCUPATION DES STRUCTURES DE SOINS, AU 16/07/2026","Patients au lit (J-1) 182; Total admissions(24h) 34; Sorties decedes2 non-cas34 gueris1 evades2 transferes0; Total sorties39; Patients en isolement (fin J) 178; Nombre de lits 141; Taux d occupation 126,2%"
063,2026-07-16,Tshopo,3,,12,25.0,0,2,1,1,"TABLEAU 6 - OCCUPATION DES STRUCTURES DE SOINS, AU 16/07/2026","Patients au lit (J-1) 5; Total admissions(24h) 0; Sorties decedes1 non-cas0 gueris1 evades0 transferes0; Total sorties2; Patients en isolement (fin J) 3; Nombre de lits 12; Taux d occupation 25,0%"
064,2026-07-17,Ituri,548,,700,78,86,80,32,19,"TABLEAU 6 - OCCUPATION DES STRUCTURES DE SOINS, AU 17/07/2026 + prose","Nombre de lits 700; Patients au lit (J-1) 542; Total admissions(24h) 86; Sorties decedes19 non-cas19 gueris32 evades10 transferes0; Total sorties80; Patients en isolement (fin J) 548. Prose: 548 malades en isolement sur 700 lits soit 78% d occupation, 86 admissions et 80 sorties (32 gueris,19 dec..."
064,2026-07-17,Nord-Kivu,174,,141,123.4,33,38,0,0,"TABLEAU 6 - OCCUPATION DES STRUCTURES DE SOINS, AU 17/07/2026 + prose","Nombre de lits 141; Patients au lit (J-1) 179; Total admissions(24h) 33; Sorties decedes0 non-cas37 gueris0 evades1 transferes0; Total sorties38; Patients en isolement (fin J) 174 (17 confirmes, 155 suspects). Prose: taux d occupation de 123,4%. Haut-Uele et Tshopo columns entirely ND this vintag..."
065,2026-07-18,Ituri,539,,706,76.3,71,72,21,13,"TABLEAU 6 - OCCUPATION DES STRUCTURES DE SOINS, AU 18/07/2026","Nombre de lits 706; Patients au lit (J-1) 540; Total admissions(24h) 71; Sorties decedes13 non-cas33 gueris21 evades4 transferes1; Total sorties72; Patients en isolement (fin J) 539; Taux d occupation 76,3%"
065,2026-07-18,Nord-Kivu,181,,141,123.1,47,32,1,1,"TABLEAU 6 - OCCUPATION DES STRUCTURES DE SOINS, AU 18/07/2026","Nombre de lits 141; Patients au lit (J-1) 166; Total admissions(24h) 47; Sorties decedes1 non-cas30 gueris1 evades0 transferes0; Total sorties32; Patients en isolement (fin J) 181; Taux d occupation 123,1%"
065,2026-07-18,Tshopo,4,,10,40,3,0,0,0,"TABLEAU 6 - OCCUPATION DES STRUCTURES DE SOINS, AU 18/07/2026",Nombre de lits 10; Patients au lit (J-1) 1; Total admissions(24h) 3; Sorties all 0; Patients en isolement (fin J) 4; Taux d occupation 40%. Haut-Uele column entirely ND this vintage
066,2026-07-19,Ituri,553,,798,69.3,70,60,3,17,"TABLEAU 6 - OCCUPATION DES STRUCTURES DE SOINS, AU 19/07/2026","Nombre de lits 798; Patients au lit (J-1) 543; Total admissions(24h) 70; Sorties decedes17 non-cas30 gueris3 evades10 transferes0; Total sorties60; Patients en isolement (fin J) 553; Taux d occupation 69,3%. Prose says 539 malades en isolement, inconsistent with the table's own 553"
066,2026-07-19,Nord-Kivu,181,,141,128.4,38,34,0,1,"TABLEAU 6 - OCCUPATION DES STRUCTURES DE SOINS, AU 19/07/2026","Nombre de lits 141; Patients au lit (J-1) 177; Total admissions(24h) 38; Sorties decedes1 non-cas33 gueris0 evades0 transferes0; Total sorties34; Patients en isolement (fin J) 181; Taux d occupation 128,4%. Haut-Uele and Tshopo entirely ND this vintage"
067,2026-07-20,Ituri,556,,709,78.4,118,98,13,25,"TABLEAU 6 - OCCUPATION DES STRUCTURES DE SOINS, AU 20/07/2026","Nombre de lits 709; Patients au lit (J-1) 536; Total admissions(24h) 118; Sorties decedes25 non-cas54 gueris13 evades6 transferes0; Total sorties98; Patients en isolement (fin J) 556; Taux d occupation 78,4%"
067,2026-07-20,Nord-Kivu,181,,141,128.4,62,45,0,2,"TABLEAU 6 - OCCUPATION DES STRUCTURES DE SOINS, AU 20/07/2026","Nombre de lits 141; Patients au lit (J-1) 164; Total admissions(24h) 62; Sorties decedes2 non-cas42 gueris0 evades1 transferes0; Total sorties45; Patients en isolement (fin J) 181; Taux d occupation 128,4%. Haut-Uele and Tshopo entirely ND this vintage"
068,2026-07-21,Ituri,556,,708,78.5,68,68,23,22,"TABLEAU 6 - OCCUPATION DES STRUCTURES DE SOINS, AU 21/07/2026","Nombre de lits 708; Patients au lit (J-1) 556; Total admissions(24h) 68; Sorties decedes22 non-cas20 gueris23 evades3 transferes0; Total sorties68; Patients en isolement (fin J) 556; Taux d occupation 78,5%"
068,2026-07-21,Nord-Kivu,182,,141,129.1,24,18,1,1,"TABLEAU 6 - OCCUPATION DES STRUCTURES DE SOINS, AU 21/07/2026","Nombre de lits 141; Patients au lit (J-1) 176; Total admissions(24h) 24; Sorties decedes1 non-cas15 gueris1 evades1 transferes0; Total sorties18; Patients en isolement (fin J) 182; Taux d occupation 129,1%. Haut-Uele and Tshopo entirely ND this vintage"
069,2026-07-22,Ituri,551,,709,77.7,90,96,12,24,TABLEAU 6 - OCCUPATION DES STRUCTURES DE SOINS,"Nombre de lits 709; Patients au lit (J-1) 557; Total admissions(24h) 90; Sorties decedes24 non-cas57 gueris12 evades3 transferes0; Total sorties96; Patients en isolement (fin J) 551; Taux d occupation 77,7%"
069,2026-07-22,Nord-Kivu,168,,141,119.1,36,50,1,8,TABLEAU 6 - OCCUPATION DES STRUCTURES DE SOINS,"Nombre de lits 141; Patients au lit (J-1) 182; Total admissions(24h) 36; Sorties decedes8 non-cas40 gueris1 evades1 transferes0; Total sorties50; Patients en isolement (fin J) 168; Taux d occupation 119,1%"
069,2026-07-22,Tshopo,3,,8,37.5,0,0,0,0,TABLEAU 6 - OCCUPATION DES STRUCTURES DE SOINS,"Nombre de lits 8; Patients au lit (J-1) 3; Total admissions(24h) 0; Sorties all 0; Patients en isolement (fin J) 3; Taux d occupation 37,5%. Haut-Uele entirely ND this vintage"
070,2026-07-23,Ituri,570,,709,80.4,107,88,20,23,TABLEAU 6 - OCCUPATION DES STRUCTURES DE SOINS,"Nombre de lits 709; Patients au lit (J-1) 551; Total admissions(24h) 107; Sorties decedes23 non-cas42 gueris20 evades3 transferes0; Total sorties88; Patients en isolement (fin J) 570; Taux d occupation 80,4%"
070,2026-07-23,Nord-Kivu,192,,141,136.2,61,39,1,1,TABLEAU 6 - OCCUPATION DES STRUCTURES DE SOINS,"Nombre de lits 141; Patients au lit (J-1) 170; Total admissions(24h) 61; Sorties decedes1 non-cas36 gueris1 evades1 transferes0; Total sorties39; Patients en isolement (fin J) 192; Taux d occupation 136,2%"
070,2026-07-23,Tshopo,4,,10,40.0,1,0,0,0,TABLEAU 6 - OCCUPATION DES STRUCTURES DE SOINS,"Nombre de lits 10; Patients au lit (J-1) 3; Total admissions(24h) 1; Sorties all 0; Patients en isolement (fin J) 4; Taux d occupation 40,0%. Haut-Uele entirely ND"
071,2026-07-24,Ituri,576,,709,81.2,79,73,12,14,TABLEAU 6 - OCCUPATION DES STRUCTURES DE SOINS,"Nombre de lits 709; Patients au lit (J-1) 570; Total admissions(24h) 79; Sorties decedes14 non-cas40 gueris12 evades7 transferes0; Total sorties73; Patients en isolement (fin J) 576; Taux d occupation 81,2%"
071,2026-07-24,Nord-Kivu,179,,141,126.9,34,41,4,2,TABLEAU 6 - OCCUPATION DES STRUCTURES DE SOINS,"Nombre de lits 141; Patients au lit (J-1) 186; Total admissions(24h) 34; Sorties decedes2 non-cas34 gueris4 evades1 transferes0; Total sorties41; Patients en isolement (fin J) 179; Taux d occupation 126,9%. Haut-Uele and Tshopo entirely ND this vintage"
072,2026-07-25,Ituri,602,,800,75.3,102,76,13,19,TABLEAU 6 - OCCUPATION DES STRUCTURES DE SOINS,"Nombre de lits 800; Patients au lit (J-1) 576; Total admissions(24h) 102; Sorties decedes19 non-cas40 gueris13 evades2 transferes2; Total sorties76; Patients en isolement (fin J) 602; Taux d occupation 75,3%"
072,2026-07-25,Nord-Kivu,171,,141,121.3,49,45,2,6,TABLEAU 6 - OCCUPATION DES STRUCTURES DE SOINS,"Nombre de lits 141; Patients au lit (J-1) 167; Total admissions(24h) 49; Sorties decedes6 non-cas37 gueris2 evades0 transferes0; Total sorties45; Patients en isolement (fin J) 171; Taux d occupation 121,3%. Haut-Uele and Tshopo entirely ND this vintage"
073,2026-07-26,Ituri,531,,800,66.4,96,63,11,11,TABLEAU 6 - OCCUPATION DES STRUCTURES DE SOINS,"Nombre de lits 800; Patients au lit (J-1) 498; Total admissions(24h) 96; Sorties decedes11 non-cas40 gueris11 evades1 transferes0; Total sorties63; Patients en isolement (fin J) 531; Taux d occupation 66,4%"
073,2026-07-26,Nord-Kivu,192,,141,136.2,30,21,1,3,TABLEAU 6 - OCCUPATION DES STRUCTURES DE SOINS,"Nombre de lits 141; Patients au lit (J-1) 183; Total admissions(24h) 30; Sorties decedes3 non-cas17 gueris1 evades0 transferes0; Total sorties21; Patients en isolement (fin J) 192; Taux d occupation 136,2%. Haut-Uele and Tshopo entirely ND this vintage"
074,2026-07-27,Ituri,544,,808,67.3,92,86,13,19,TABLEAU 6 - OCCUPATION DES STRUCTURES DE SOINS,"Nombre de lits 808; Patients au lit (J-1) 538; Total admissions(24h) 92; Sorties decedes19 non-cas49 gueris13 evades5 transferes0; Total sorties86; Patients en isolement (fin J) 544; Taux d occupation 67,3%"
074,2026-07-27,Nord-Kivu,189,,141,134.0,48,40,1,3,TABLEAU 6 - OCCUPATION DES STRUCTURES DE SOINS,"Nombre de lits 141; Patients au lit (J-1) 181; Total admissions(24h) 48; Sorties decedes3 non-cas36 gueris1 evades0 transferes0; Total sorties40; Patients en isolement (fin J) 189; Taux d occupation 134,0%. Haut-Uele and Tshopo entirely ND this vintage"
077,2026-07-30,Ituri,523,,820,63.8,58,88,25,17,TABLEAU 6 - OCCUPATION DES STRUCTURES DE SOINS,"Nombre de lits 820; Patients au lit (J-1) 553; Total admissions(24h) 58; Sorties decedes17 non-cas44 gueris25 evades2 transferes0; Total sorties88; Patients en isolement (fin J) 523; Taux d occupation 63,8%"
077,2026-07-30,Nord-Kivu,202,,141,143.3,53,70,0,2,TABLEAU 6 - OCCUPATION DES STRUCTURES DE SOINS,"Nombre de lits 141; Patients au lit (J-1) 220; Total admissions(24h) 53; Sorties decedes2 non-cas67 gueris0 evades0 transferes1; Total sorties70; Patients en isolement (fin J) 202; Taux d occupation 143,3%"
077,2026-07-30,Haut-Uele,22,,68,32.4,7,0,0,0,TABLEAU 6 - OCCUPATION DES STRUCTURES DE SOINS,"Nombre de lits 68; Patients au lit (J-1) 25; Total admissions(24h) 7; Sorties all 0; Patients en isolement (fin J) 22; Taux d occupation 32,4%"
077,2026-07-30,Tshopo,1,,20,5.0,0,0,0,0,TABLEAU 6 - OCCUPATION DES STRUCTURES DE SOINS,"Nombre de lits 20; Patients au lit (J-1) 1; Total admissions(24h) 0; Sorties all 0; Patients en isolement (fin J) 1; Taux d occupation 5,0%"
078,2026-07-31,Ituri,525,,821,63.9,73,66,13,14,TABLEAU 6 - OCCUPATION DES STRUCTURES DE SOINS,"Nombre de lits 821; Patients au lit (J-1) 518; Total admissions(24h) 73; Sorties decedes14 non-cas38 gueris13 evades1 transferes0; Total sorties66; Patients en isolement (fin J) 525; Taux d occupation 63,9%"
078,2026-07-31,Nord-Kivu,196,,141,139.0,47,40,2,4,TABLEAU 6 - OCCUPATION DES STRUCTURES DE SOINS,"Nombre de lits 141; Patients au lit (J-1) 190; Total admissions(24h) 47; Sorties decedes4 non-cas33 gueris2 evades1 transferes0; Total sorties40; Patients en isolement (fin J) 196; Taux d occupation 139,0%"
078,2026-07-31,Haut-Uele,37,,68,54.4,,,,,TABLEAU 6 - OCCUPATION DES STRUCTURES DE SOINS,"Nombre de lits 68; Patients au lit (J-1) 22; Total admissions(24h) ND; Sorties ND; Patients en isolement (fin J) 37; Taux d occupation 54,4%"
078,2026-07-31,Tshopo,2,,20,10.0,1,0,0,0,TABLEAU 6 - OCCUPATION DES STRUCTURES DE SOINS,"Nombre de lits 20; Patients au lit (J-1) 1; Total admissions(24h) 1; Sorties all 0; Patients en isolement (fin J) 2; Taux d occupation 10,0%"
079,2026-08-01,Ituri,476,,821,58.0,61,110,38,17,TABLEAU 6 - OCCUPATION DES STRUCTURES DE SOINS,"Nombre de lits 821; Patients au lit (J-1) 525; Total admissions(24h) 61; Sorties decedes17 non-cas51 gueris38 evades4 transferes0; Total sorties110; Patients en isolement (fin J) 476; Taux d occupation 58,0%. Prose flags that this vintage's confirmes/suspects split is inverted in the source slide..."
079,2026-08-01,Nord-Kivu,181,,141,128.4,44,44,4,4,TABLEAU 6 - OCCUPATION DES STRUCTURES DE SOINS,"Nombre de lits 141; Patients au lit (J-1) 181; Total admissions(24h) 44; Sorties decedes4 non-cas35 gueris4 evades0 transferes1; Total sorties44; Patients en isolement (fin J) 181; Taux d occupation 128,4%"
079,2026-08-01,Haut-Uele,31,,68,45.6,16,4,0,4,TABLEAU 6 - OCCUPATION DES STRUCTURES DE SOINS,"Nombre de lits 68; Patients au lit (J-1) 33; Total admissions(24h) 16; Sorties decedes4 non-cas0 gueris0 evades0 transferes0; Total sorties4; Patients en isolement (fin J) 31; Taux d occupation 45,6%"
079,2026-08-01,Tshopo,2,,20,10.0,1,0,0,0,TABLEAU 6 - OCCUPATION DES STRUCTURES DE SOINS,"Nombre de lits 20; Patients au lit (J-1) 1; Total admissions(24h) 1; Sorties all 0; Patients en isolement (fin J) 2; Taux d occupation 10,0%"
080,2026-08-02,Ituri,468,,821,57.0,70,78,17,13,TABLEAU 6 - OCCUPATION DES STRUCTURES DE SOINS,"Nombre de lits 821; Patients au lit (J-1) 476; Total admissions(24h) 70; Sorties decedes13 non-cas46 gueris17 evades2 transferes0; Total sorties78; Patients en isolement (fin J) 468; Taux d occupation 57,0%. Table columns badly wrapped in source layout, values reconstructed from row alignment"
080,2026-08-02,Nord-Kivu,186,,141,131.9,39,35,2,5,TABLEAU 6 - OCCUPATION DES STRUCTURES DE SOINS,"Nombre de lits 141; Patients au lit (J-1) 183; Total admissions(24h) 39; Sorties decedes5 non-cas28 gueris2 evades0 transferes0; Total sorties35; Patients en isolement (fin J) 186; Taux d occupation 131,9%"
080,2026-08-02,Haut-Uele,31,,68,45.6,16,4,0,4,TABLEAU 6 - OCCUPATION DES STRUCTURES DE SOINS,"Nombre de lits 68; Patients au lit (J-1) 33; Total admissions(24h) 16; Sorties decedes4 non-cas0 gueris0 evades0 transferes0; Total sorties4; Patients en isolement (fin J) 31; Taux d occupation 45,6%"
080,2026-08-02,Tshopo,2,,20,10.0,,,,,TABLEAU 6 - OCCUPATION DES STRUCTURES DE SOINS,"Nombre de lits 20; Patients au lit (J-1) 2; Total admissions(24h) ND; Sorties ND; Patients en isolement (fin J) 2; Taux d occupation 10,0%"
080,2026-08-02,Sud-Kivu,20,,,,22,19,0,0,TABLEAU 6 - OCCUPATION DES STRUCTURES DE SOINS,"Sud-Kivu column re-appears (first time since SitRep 060, having been replaced by Tshopo in the interim): Nombre de lits ND; Patients au lit (J-1) 17; Total admissions(24h) 22; Sorties decedes0 non-cas19 gueris0 evades0 transferes0; Total sorties19; Patients en isolement (fin J) 20; Taux d occupat..."
081,2026-08-03,Ituri,471,,833,56.5,77,75,21,,PRISE EN CHARGE HOLISTIQUE (PECH) prose,"Ituri: 21 nouveaux gueris; 471 patients en isolement (302 confirmes, 169 suspects) sur 833 lits, soit 56,5% d occupation, et 57 formes severes ou critiques, pour 77 admissions et 75 sorties. Deux CTE depassent la saturation pour les confirmes - Nizi (272%) et ISTM (140%) - et un pour les suspects..."
081,2026-08-03,Nord-Kivu,196,,141,,22,11,0,2,PRISE EN CHARGE HOLISTIQUE (PECH) prose,"Nord-Kivu: 4 admissions de confirmes et 18 de suspects pour 2 deces et 9 sorties non-cas, aucun gueri; 196 malades en isolement en fin de journee (27 confirmes, 169 suspects) pour 141 lits"
081,2026-08-03,Tshopo,3,,20,15.0,1,,,,PRISE EN CHARGE HOLISTIQUE (PECH) prose,"Tshopo: une nouvelle admission - une suspecte de 13 ans au CT de l HC Kisangani - pour 3 malades en isolement en fin de journee (1 confirme, 2 suspects) sur 20 lits (15,0%)"
081,2026-08-03,Haut-Uele,31,,68,45.6,,,,,PRISE EN CHARGE HOLISTIQUE (PECH) prose,"Haut-Uele: 31 malades en isolement en fin de journee pour 68 lits (45,6%); le deck du jour ne presente aucun tableau de prise en charge, les mouvements d admissions et de sorties ne sont donc pas documentes"
082,2026-08-04,Ituri,468,,833,56.2,81,86,25,18,PRISE EN CHARGE HOLISTIQUE (PECH) prose,"Ituri: 25 nouveaux gueris; 468 patients en isolement (285 confirmes, 183 suspects) sur 833 lits, soit 56,2% d occupation, et 60 formes severes ou critiques, pour 81 admissions et 86 sorties. Douze deces confirmes et 6 deces de suspects sont survenus en CTE (18 total)"
082,2026-08-04,Nord-Kivu,186,,,,54,66,2,6,PRISE EN CHARGE HOLISTIQUE (PECH) prose,"Nord-Kivu: 11 admissions de confirmes et 43 de suspects (54 total), pour 2 gueris (Katwa et Butembo), 6 deces et 58 sorties non-cas; 186 malades en isolement en fin de journee (26 confirmes, 160 suspects)"
082,2026-08-04,Tshopo,3,,20,15.0,1,0,0,0,PRISE EN CHARGE HOLISTIQUE (PECH) prose,"Tshopo: une nouvelle admission - une suspecte de 13 ans au CT de l HC Kisangani, arrivee de Nia-Nia le 27 juillet - pour 3 malades en isolement en fin de journee (1 confirme, 2 suspects) sur 20 lits (15,0%) et aucune sortie. Haut-Uele patients en isolement is ND this vintage per headline summary,..."
083,2026-08-05,Ituri,468,,833,56,,,15,,PRISE EN CHARGE HOLISTIQUE (PECH) prose,"Ituri: 15 nouveaux gueris; 468 patients en isolement pour 833 lits (56%), dont 271 confirmes et 197 suspects, avec 55 cas severes ou critiques"
083,2026-08-05,Nord-Kivu,205,,,,56,39,0,5,PRISE EN CHARGE HOLISTIQUE (PECH) prose,"Nord-Kivu: 8 admissions de cas confirmes et 48 de suspects (56 total), aucun gueri, 5 deces et 34 non-cas; 205 malades en hospitalisation (173 suspects et 32 confirmes)"
083,2026-08-05,Tshopo,4,,20,20,2,1,,,PRISE EN CHARGE HOLISTIQUE (PECH) prose,Tshopo: deux nouvelles admissions... Quatre patients occupent les 20 lits disponibles (20%) et un evade a ete enregistre. Haut-Uele has no numeric isolation figures this vintage (only qualitative prose about training and road works)
084,2026-08-06,Ituri,488,,833,59,,,,,1.6.1 Continuite des soins prose,"En Ituri, 29 ambulances etaient affectees a la riposte, dont 24 disponibles. Au total, 45 courses ont ete realisees avec succes, permettant l evacuation de 45 patients. L occupation des structures de prise en charge atteint 488 lits sur 833 (59%). Nord-Kivu only gives cumulative admissions (235) ..."
085,2026-08-07,Ituri,595,,860,69.2,85,73,14,,1.6.1 Continuite des soins prose,"En Ituri: Les CTE/CT ont enregistre 85 admissions et 73 sorties, dont 14 gueris; l occupation atteint 595 patients pour 860 lits (69,2%), avec saturation des CTE de Rwampara, ISTM et Nizi"
085,2026-08-07,Nord-Kivu,,,,,37,,4,8,1.6.1 Continuite des soins prose,"Au Nord-Kivu, 247 admissions cumulees dans les CTE/CT, dont 200 cas confirmes, pour une mortalite intra-CTE de 39%; 37 admissions, 4 gueris et 8 deces notifies ce jour (no current isolement census or total sorties printed)"
086,2026-08-08,Ituri,501,,840,60,73,82,21,,1.6.1 Continuite des soins prose,"En Ituri: Les CTE/CT ont enregistre 73 admissions et 82 sorties, dont 21 gueris; l occupation atteint 501 patients pour 840 lits (60%), avec saturation des CTE de Rwampara, ISTM et Nizi et du CT de Bambu"
086,2026-08-08,Nord-Kivu,,,,,66,,0,6,1.6.1 Continuite des soins prose,"Au Nord-Kivu, 239 admissions cumulees dans les CTE/CT, dont 208 cas confirmes, pour une mortalite intra-CTE de 39%; 66 admissions, aucun gueri ce jour tandis que 6 deces intra-CTE ont ete rapporte (no current isolement census or total sorties printed)"
087,2026-08-09,Ituri,508,,840,61,82,75,17,,1.6.1 Continuite des soins prose,"En Ituri: Les CTE/CT ont enregistre 82 admissions et 75 sorties, dont 17 gueris; l occupation atteint 508 patients pour 840 lits (61%) specifiquement en Ituri, avec saturation des CTE de Rwampara, ISTM et Nizi et du CT de Bambu"
087,2026-08-09,Nord-Kivu,,,,,48,,3,5,1.6.1 Continuite des soins prose,"Au Nord-Kivu, 232 admissions cumulees dans les CTE/CT, dont 212 cas confirmes, pour une mortalite intra-CTE de 39%; 48 admissions et 3 gueris ce jour tandis que 5 deces intra-CTE ont ete rapportes (no current isolement census or total sorties printed)"
088,2026-08-10,Ituri,417,,845,49.3,78,63,16,,1.6.1 Continuite des soins prose,"En Ituri: Les CTE/CT ont enregistre 78 admissions et 63 sorties, dont 16 gueris au cours des dernieres 24h; l occupation atteint 417 patients pour 845 lits (49,3%) specifiquement en Ituri, avec saturation des CTE de Rwampara, ISTM et Nizi et du CT de Nia-Nia"
088,2026-08-10,Nord-Kivu,,,,,47,,1,7,1.6.1 Continuite des soins prose,"Au Nord-Kivu, 215 admissions cumulees dans les CTE/CT, dont 212 cas confirmes, pour une mortalite intra-CTE de 40%; 47 admissions et 1 gueri ce jour tandis que 7 deces intra-CTE ont ete rapportes (no current isolement census or total sorties printed)"
089,2026-08-11,Ituri,375,,845,44.4,52,,29,,1.6.1 Continuite des soins prose,"En Ituri, 31 ambulances disponibles sur 33 affectees a la riposte, 30 courses realisees avec succes (100%). Les CTE/CT ont enregistre 52 admissions et 29 gueris au cours des dernieres 24h; l occupation atteint 375 patients pour 845 lits (44,4%) specifiquement en Ituri, avec saturation des CTE de ..."
089,2026-08-11,Nord-Kivu,176,,,,52,8,2,6,1.6.1 Continuite des soins prose,"Au Nord-Kivu, 219 admissions cumulees dans les CTE/CT, pour une mortalite intra-CTE de 42%; 52 admissions du jour (4 confirmes et 48 suspects), 2 gueris et 6 deces intra-CTE, pour 176 malades en hospitalisation (25 confirmes et 151 suspects)"
089,2026-08-11,Sud-Kivu,13,,,,,,,,1.6.1 Continuite des soins prose,"19 patients y sont hospitalises, respectivement 13 au Sud-Kivu et 9 au Tshopo (13+9=22, inconsistent with the printed headline of 19 - recorded as printed per province)"
089,2026-08-11,Tshopo,9,,,,,,,,1.6.1 Continuite des soins prose,"19 patients y sont hospitalises, respectivement 13 au Sud-Kivu et 9 au Tshopo (13+9=22, inconsistent with the printed headline of 19 - recorded as printed per province)"
090,2026-08-12,Ituri,438,,973,45,83,,42,,1.6.1 Continuite des soins prose,"En Ituri, Les CTE/CT ont enregistre 83 admissions et 42 gueris au cours des dernieres 24h; l occupation atteint 438 patients pour 973 lits (45%), soit 179 confirmes sur 496 lits (36,1%) et 259 suspects sur 477 lits (54,3%)"
090,2026-08-12,Nord-Kivu,180,,,,63,51,5,10,1.6.1 Continuite des soins prose,"Au Nord-Kivu, 231 admissions cumulees dans les CTE/CT; 63 admissions du jour (6 confirmes et 57 suspects), 5 gueris, 10 deces et 36 suspects non-cas. Ainsi, 180 malades en hospitalisation (24 confirmes et 146 suspects)"
090,2026-08-12,Haut-Uele,53,,78,67.9,11,,4,,1.6.1 Continuite des soins prose,"Au Haut-Uele, 11 nouvelles admissions (1 confirme et 10 suspects) ont ete enregistrees a Boma Mangbetu et 4 gueris ont ete decharges au CTH d Isiro; 53 patients sont hospitalises (31 confirmes et 22 suspects) dans les ESS pour 78 lits montes (67,9%)"
090,2026-08-12,Tshopo,5,,12,41.7,2,,,,1.6.1 Continuite des soins prose,"A la Tshopo, 2 nouvelles admissions (1 confirme et 1 suspect) portent a 5 le nombre de patients en isolement sur 12 lits (41,7%)"
090,2026-08-12,Sud-Kivu,11,,,,,,,,1.6.1 Continuite des soins prose,"Au Sud-Kivu, 11 cas suspects sont suivis en hospitalisation (7 a Katana et 4 a Miti-Murhesa)"
091,2026-08-13,Ituri,528,,985,53.6,108,,11,,1.6.1 Continuite des soins prose,"En Ituri, Les CTE/CT ont enregistre 108 admissions et 11 gueris au cours des dernieres 24h; l occupation atteint 528 patients pour 985 lits (53,6%), soit 245 confirmes sur 489 lits (50,1%) et 283 suspects sur 496 lits (57,0%)"
091,2026-08-13,Nord-Kivu,151,,206,73.3,48,34,0,3,1.6.1 Continuite des soins prose,"Au Nord-Kivu, 48 nouvelles admissions (2 confirmes au CTE de Katwa et 46 suspects), pour 34 sorties dont 31 non-cas, aucun gueri et 3 deces parmi les suspects (1 a Kyondo et 2 a Masereka). Ainsi, 151 malades sont en hospitalisation (25 confirmes et 126 suspects) pour 206 lits (73,3%)"
091,2026-08-13,Haut-Uele,56,,84,,4,,0,2,1.6.1 Continuite des soins prose,"Au Haut-Uele, 4 nouvelles admissions (2 confirmes a Isiro et 2 suspects) et aucun gueri n a ete decharge; 56 patients sont hospitalises (33 confirmes et 23 suspects) pour 84 lits montes (46 pour les confirmes et 38 pour les suspects). Deux deces confirmes sont survenus en CTE (1 a Boma Mangbetu e..."
091,2026-08-13,Tshopo,8,,12,66.7,6,,,,1.6.1 Continuite des soins prose,"A la Tshopo, 6 nouvelles admissions (1 confirme et 5 suspects) portent a 8 le nombre de patients en isolement sur 12 lits (66,7%)"
092,2026-08-14,Ituri,545,,991,55.0,88,83,27,,1.6.1 Continuite des soins prose,"En Ituri, Les CTE/CT ont enregistre 88 admissions, 27 gueris et 83 sorties au cours des dernieres 24h; l occupation atteint 545 patients pour 991 lits (55,0%), soit 243 confirmes sur 497 lits (48,9%) et 297 suspects sur 494 lits (60,1%)"
092,2026-08-14,Nord-Kivu,165,,206,80.1,56,42,3,2,1.6.1 Continuite des soins prose,"Au Nord-Kivu, 56 nouvelles admissions (7 confirmes, dont 6 au CTE de Katwa et 1 a Vuhovi, et 49 suspects), pour 42 sorties dont 37 non-cas, 3 gueris et 2 deces confirmes (1 a Katwa et 1 a Vuhovi). Ainsi, 165 malades sont en hospitalisation (31 confirmes et 134 suspects) pour 206 lits (80,1%)"
092,2026-08-14,Haut-Uele,61,,84,,13,,0,,1.6.1 Continuite des soins prose,"Au Haut-Uele, 13 nouvelles admissions (4 confirmes et 9 suspects) et aucun gueri n a ete decharge; 61 patients sont hospitalises (37 confirmes et 24 suspects) pour 84 lits montes (46 pour les confirmes et 38 pour les suspects)"
092,2026-08-14,Sud-Kivu,6,,,,,,,,1.6.1 Continuite des soins prose,"Au Sud-Kivu, 6 cas suspects sont suivis a l isolement de la ZS de Katana (FOMULAC); aucun cas confirme n est admis au CTE et la province totalise 65 jours sans nouveau cas confirme depuis le 10 juin 2026"
093,2026-08-15,Ituri,548,,991,55.3,116,116,34,23,1.5.1 Continuite des soins prose,"En Ituri, Les CTE/CT ont enregistre 116 nouvelles admissions et 116 sorties dont 34 gueris, 51 non-cas, 8 evades et 23 deces (dont 11 confirmes). L occupation atteint 548 patients pour 991 lits (55,3%), soit 236 confirmes sur 497 lits (47,5%) et 312 suspects sur 494 lits (63,2%)"
093,2026-08-15,Nord-Kivu,170,,206,82.5,32,42,0,5,1.5.1 Continuite des soins prose,"Au Nord-Kivu, 32 nouvelles admissions (1 confirme au CTE de Katwa et 31 suspects), pour 42 sorties dont 36 non-cas, 1 evade a Masereka et 5 deces dont 3 confirmes. Ainsi, 170 malades sont hospitalises (28 confirmes et 142 suspects) pour 206 lits, soit une occupation de 82,5%"
093,2026-08-15,Tshopo,8,,12,66.7,1,,,,1.5.1 Continuite des soins prose,"A la Tshopo, une nouvelle admission a ete enregistree (femme de 29 ans, ZS de Kabondo) et 8 patients sont en isolement au CTE HC de Kisangani (3 confirmes et 5 suspects) pour 12 lits, soit 66,7% d occupation"
093,2026-08-15,Sud-Kivu,7,,,,,,,,1.5.1 Continuite des soins prose,"Au Sud-Kivu, 7 cas suspects sont suivis a l isolement de la ZS de Katana (FOMULAC); aucun cas confirme n est admis au CTE"
094,2026-08-16,Ituri,577,,991,58.2,127,98,18,,1.6.1 Continuite des soins prose,"En Ituri, Les CTE/CT ont enregistre 127 nouvelles admissions toutes suspectes, dont 7 en phase avancee et 98 sorties dont 18 gueris. Ainsi, 577 patients sont hospitalises (235 confirmes et 342 suspects) pour 991 lits, soit un taux d occupation global de 58,2%"
094,2026-08-16,Nord-Kivu,170,,206,82.5,48,48,2,,1.6.1 Continuite des soins prose,"Au Nord-Kivu, 48 nouvelles admissions (3 confirmes et 45 suspects), pour 48 sorties dont 2 gueris au CTE de Kitatumba. Ainsi, 170 malades sont hospitalises (32 confirmes et 138 suspects) pour 206 lits, soit un taux d occupation global de 82,5%"
094,2026-08-16,Tshopo,5,,12,41.7,2,5,0,1,1.6.1 Continuite des soins prose,"A la Tshopo, deux nouvelles admissions ont ete enregistrees au CTE HC de Kisangani (un cas confirme/PPL) et un cas suspect, pour 4 sorties non-cas et 1 deces confirme survenu sur un tableau d anemie severe (total sorties=5). Cinq patients sont en isolement au CTE HC de Kisangani pour 12 lits, soi..."
095,2026-08-17,Ituri,470,,996,47.2,79,120,27,,1.6.1 Continuite des soins prose,"En Ituri, 79 nouvelles admissions toutes suspectes et 11 readmissions ont ete enregistrees pour 120 sorties dont 27 gueris. Ainsi, 470 patients sont hospitalises (172 confirmes et 298 suspects) pour 996 lits, soit un taux d occupation de 47,2%"
095,2026-08-17,Nord-Kivu,181,,206,87.9,20,12,0,1,1.6.1 Continuite des soins prose,"Au Nord-Kivu, 20 admissions (2 confirmes au CTE de Katwa et 18 suspects) pour 12 sorties dont 1 deces suspect. Ainsi, 181 malades sont hospitalises (34 confirmes et 147 suspects) pour 206 lits, soit 87,9% d occupation"
095,2026-08-17,Haut-Uele,49,,78,62.8,3,3,3,0,1.6.1 Continuite des soins prose,"Au Haut-Uele, 3 nouvelles admissions et 3 gueris (1 a Rungu et 2 a Boma Mangbetu) ont ete enregistres. Ainsi, 49 malades sont hospitalises (39 confirmes et 10 suspects) pour 78 lits, soit 62,8% d occupation"
095,2026-08-17,Sud-Kivu,14,,,,,,,,1.6.1 Continuite des soins prose,"Au Sud-Kivu, 14 cas suspects restent hospitalises et la province totalise 68 jours sans nouveau cas confirme. La Tshopo n a pas rapporte this vintage (no row)"
096,2026-08-18,Ituri,447,,965,46.3,70,95,22,,1.6.1 Continuite des soins prose,"En Ituri, 70 nouvelles admissions et 2 readmissions ont ete enregistrees pour 95 sorties, dont 22 gueris. Ainsi, 447 patients sont hospitalises pour 965 lits, soit un taux d occupation global de 46,3%"
096,2026-08-18,Nord-Kivu,205,,206,99.5,64,40,2,,1.6.1 Continuite des soins prose,"Au Nord-Kivu, 64 admissions (9 confirmes, dont 8 au CTE de Katwa et 1 au CT d Oicha, et 55 suspects) pour 40 sorties dont 2 gueris au CTE de Kitatumba. Ainsi, 205 malades sont hospitalises pour 206 lits, soit 99,5% d occupation"
096,2026-08-18,Haut-Uele,53,,130,40.8,,,,,1.6.1 Continuite des soins prose,"Au Haut-Uele, 53 patients sont pris en charge (36 confirmes et 17 suspects); 52 lits des HGR de Wamba et d Isiro ont ete affectes aux CTE, portant la capacite provinciale a 130 lits (occupation 40,8%)"
096,2026-08-18,Tshopo,5,,12,41.7,1,,,,1.6.1 Continuite des soins prose,"A la Tshopo, une nouvelle admission d un suspect au CTE HC Kisangani porte a 5 le nombre de patients isoles pour 12 lits (41,7% d occupation)"
096,2026-08-18,Sud-Kivu,20,,,,,,,,1.6.1 Continuite des soins prose,"Au Sud-Kivu, 20 cas suspects restent hospitalises"
097,2026-08-19,Ituri,551,,965,57.1,138,129,36,,1.6.1 Continuite des soins prose,"En Ituri, 138 nouvelles admissions et 6 readmissions ont ete enregistrees pour 129 sorties, dont 36 gueris. Ainsi, 551 patients sont hospitalises pour 965 lits, soit un taux d occupation global de 57,1%"
097,2026-08-19,Nord-Kivu,196,,206,95.1,46,55,1,,1.6.1 Continuite des soins prose,"Au Nord-Kivu, 46 admissions (4 confirmes, dont 2 au CTE de Katwa et 2 au CT de Beni, et 42 suspects) pour 55 sorties dont 1 gueri au CT de Vuhovi. Ainsi, 196 malades sont hospitalises pour 206 lits, soit 95,1% d occupation"
097,2026-08-19,Haut-Uele,53,,130,44.6,,,,,1.6.1 Continuite des soins prose,"Au Haut-Uele, 53 patients sont pris en charge (36 confirmes et 17 suspects); ... portant la capacite provinciale a 130 lits (Taux d occupation 44,6%). A separate bullet in the same vintage also states Au Haut-Uele, 4 patients sont en hospitalisation (Taux d occupation 100,0%) - an unresolved dupl..."
097,2026-08-19,Tshopo,5,,14,41.7,1,,,,1.6.1 Continuite des soins prose,"A la Tshopo, une nouvelle admission d un suspect au CTE HC Kisangani porte a 5, le nombre de patients isoles pour 14 lits (41,7% d occupation) - printed beds(14) and occupancy(41,7%) are mutually inconsistent (5/14=35,7%), recorded as printed"
097,2026-08-19,Sud-Kivu,25,,,,,,,,1.6.1 Continuite des soins prose,"Au Sud-Kivu, 25 cas suspects restent hospitalises"
098,2026-08-20,Ituri,536,,965,55.2,89,116,9,,1.6.1 Continuite des soins prose,"En Ituri, 89 nouvelles admissions et 3 readmissions ont ete enregistrees pour 116 sorties, dont 9 gueris. Ainsi, 536 patients sont hospitalises pour 965 lits, soit un taux d occupation global de 55,2%"
098,2026-08-20,Nord-Kivu,169,,206,82.0,41,60,2,,1.6.1 Continuite des soins prose,"Au Nord-Kivu, 41 admissions (4 confirmes et 37 suspects) pour 60 sorties dont 2 gueris au CTE de Kitatumba. Ainsi, 169 malades sont hospitalises pour 206 lits, soit 82,0% d occupation"
098,2026-08-20,Tshopo,6,,12,50.0,3,,,1,1.6.1 Continuite des soins prose,"A la Tshopo, trois nouvelles admissions de cas suspects au CTE HC Kisangani portent a 6 le nombre de patients isoles (3 confirmes et 3 suspects) pour 12 lits, soit 50,0% d occupation; un deces d un cas confirme est survenu au 9e jour d hospitalisation"
098,2026-08-20,Sud-Kivu,25,,,,,,,,1.6.1 Continuite des soins prose,"Au Sud-Kivu, 25 cas suspects restent hospitalises. Bas-Uele column (1 patient, 3 lits, 33,3%) is out of scope (not one of the seven tracked provinces)"
099,2026-08-21,Ituri,521,,965,54,98,115,9,,1.5.1 Continuite des soins prose,"En Ituri, 98 nouvelles admissions et 2 readmissions ont ete enregistrees pour 115 sorties, dont 9 gueris et 14 evades. Ainsi, 521 patients sont hospitalises pour 965 lits, soit un taux d occupation global de 54%"
099,2026-08-21,Nord-Kivu,176,,206,85.4,66,59,4,,1.5.1 Continuite des soins prose,"Au Nord-Kivu, 66 admissions (5 confirmes et 61 suspects) pour 59 sorties dont 4 gueris au CTE de Katwa. Ainsi, 176 malades sont hospitalises pour 206 lits, soit 85,4% d occupation"
099,2026-08-21,Tshopo,5,,14,35.7,1,1,1,,1.5.1 Continuite des soins prose,"A la Tshopo, une nouvelle admission de cas suspect au CTE HC Kisangani et une sortie de guerison portent a 5 le nombre de patients isoles (1 confirme et 4 suspects) pour 14 lits, soit 35,7% d occupation"
099,2026-08-21,Haut-Uele,69,,130,53.1,11,2,2,,1.5.1 Continuite des soins prose,"Au Haut Uele, 11 admissions ont ete enregistrees, tous suspects et 2 gueris. Ainsi, 69 malades sont hospitalises pour 130 lits, soit 53,1% d occupation"
099,2026-08-21,Sud-Kivu,27,,,,,,,,1.5.1 Continuite des soins prose,"Au Sud-Kivu, 27 cas suspects restent hospitalises"
100,2026-08-22,Ituri,528,,965,54.7,94,87,14,,1.5.1 Continuite des soins prose,"En Ituri, 94 nouvelles admissions ont ete enregistrees pour 87 sorties, dont 14 gueris et aucun evade. Ainsi, 528 patients sont hospitalises pour 965 lits, soit un taux d occupation global de 54,7%"
100,2026-08-22,Nord-Kivu,167,,206,81.1,19,28,3,,1.5.1 Continuite des soins prose,"Au Nord-Kivu, 19 admissions (5 confirmes et 14 suspects) pour 28 sorties dont 3 gueris au CTE de Beni. Ainsi, 167 malades sont hospitalises pour 206 lits, soit 81,1% d occupation"
100,2026-08-22,Tshopo,4,,14,28.6,1,1,1,,1.5.1 Continuite des soins prose,"A la Tshopo, une nouvelle admission de cas suspect au CTE HC Kisangani et une sortie de guerison portent a 4 le nombre de patients isoles (1 confirme et 3 suspects) pour 14 lits, soit 28,6% d occupation"
100,2026-08-22,Haut-Uele,72,,130,55.4,11,,,,1.5.1 Continuite des soins prose,"Au Haut Uele, 11 admissions ont ete enregistrees (4 confirmes et 7 suspects). Ainsi, 72 malades sont hospitalises pour 130 lits, soit 55,4% d occupation"
100,2026-08-22,Sud-Kivu,29,,,,,,,,1.5.1 Continuite des soins prose,"Au Sud-Kivu, 29 cas suspects restent hospitalises"
101,2026-08-23,Ituri,555,,965,57.5,118,91,13,,1.5.1 Continuite des soins prose,"En Ituri, 118 nouvelles admissions ont ete enregistrees et 91 sorties dont 13 gueris. Ainsi, 555 patients sont hospitalises pour 965 lits, soit un taux d occupation global de 57,5%"
101,2026-08-23,Nord-Kivu,181,,206,87.9,38,17,,,1.5.1 Continuite des soins prose,"Au Nord-Kivu, 38 admissions ont ete enregistrees pour 17 sorties. Au terme de la journee, 181 patients sont hospitalises pour 206 lits, soit un taux d occupation global de 87,9%"
101,2026-08-23,Tshopo,7,,14,50.0,4,1,0,,1.5.1 Continuite des soins prose,"A la Tshopo, 4 nouvelles admissions de cas suspects et une sortie (transfert au CTE) portent a 7 le nombre de patients isoles (1 confirme et 6 suspects) pour 14 lits, soit 50,0% d occupation"
101,2026-08-23,Sud-Kivu,30,,,,,,,,1.5.1 Continuite des soins prose,"Au Sud-Kivu, 30 cas suspects restent en isolement"
101,2026-08-23,Haut-Uele,72,,130,56.2,8,8,2,,1.5.1 Continuite des soins prose,"Au Haut Uele, 8 admissions ont ete enregistrees (1 confirme et 7 suspects) pour 8 sorties, dont 2 gueris. Un total de 72 patients sont en isolement pour 130 lits, soit 56,2%"
102,2026-08-24,Ituri,522,,978,53.4,76,109,23,,1.5.1 Continuite des soins prose,"En Ituri, 76 nouvelles admissions ont ete enregistrees et 109 sorties dont 23 gueris. Ainsi, 522 patients sont hospitalises pour 978 lits, soit un taux d occupation global de 53,4%"
102,2026-08-24,Nord-Kivu,178,,206,86.4,32,35,4,,1.5.1 Continuite des soins prose,"Au Nord-Kivu, 32 admissions ont ete enregistrees pour 35 sorties dont 4 gueris. Au terme de la journee, 178 patients sont hospitalises pour 206 lits, soit un taux d occupation global de 86,4% (challenges section separately notes 143 suspect-patients for 142 suspect-lits, not used for this row)"
102,2026-08-24,Tshopo,10,,14,71.4,4,,,,1.5.1 Continuite des soins prose,"A la Tshopo, 4 nouvelles admissions de cas suspects et 10 patients isoles pour 14 lits, soit 71,4% d occupation"
102,2026-08-24,Haut-Uele,81,,130,62.3,12,3,3,,1.5.1 Continuite des soins prose,"Au Haut Uele, 12 admissions ont ete enregistrees pour 3 sorties, dont 3 gueris. Un total de 81 patients sont en isolement pour 130 lits, soit 62,3%"
103,2026-08-25,Ituri,488,,978,49.9,88,97,20,,1.5.1 Continuite des soins prose,"En Ituri, 88 nouvelles admissions ont ete enregistrees et 97 sorties dont 20 gueris. Ainsi, 488 patients sont hospitalises pour 978 lits, soit un taux d occupation global de 49,9%"
103,2026-08-25,Nord-Kivu,194,,206,94.2,53,37,1,,1.5.1 Continuite des soins prose,"Au Nord-Kivu, 53 admissions ont ete enregistrees contre 37 sorties dont 1 gueri. Au terme de la journee, 194 patients sont hospitalises pour 206 lits, soit un taux d occupation global de 94,2%"
103,2026-08-25,Tshopo,8,,14,57.1,3,,,,1.5.1 Continuite des soins prose,"A la Tshopo, 3 nouvelles admissions de cas suspects et 8 patients isoles pour 14 lits, soit 57,1% d occupation"
103,2026-08-25,Haut-Uele,79,,120,65.8,9,6,3,,1.5.1 Continuite des soins prose,"Au Haut Uele, 9 admissions ont ete enregistrees contre 6 sorties, dont 3 gueris. Un total de 79 patients sont en isolement pour 120 lits, soit 65,8% de taux d occupation (bed count dropped from 130 in prior vintages to 120 here)"
104,2026-08-26,Ituri,549,,978,56.1,111,85,12,,1.5.1 Continuite des soins prose,"En Ituri, 111 nouvelles admissions ont ete enregistrees et 85 sorties dont 12 gueris. Ainsi, 549 patients sont hospitalises pour 978 lits, soit un taux d occupation global de 56,1%"
104,2026-08-26,Nord-Kivu,214,,206,103.9,69,33,1,,1.5.1 Continuite des soins prose,"Au Nord-Kivu, 69 admissions ont ete enregistrees contre 33 sorties dont 1 gueri. Au terme de la journee, 214 patients sont hospitalises pour 206 lits, soit un taux d occupation global de 103,9%"
104,2026-08-26,Tshopo,11,,14,78.6,2,,,,1.5.1 Continuite des soins prose,"A la Tshopo, 2 nouvelles admissions de cas suspects et 11 patients isoles pour 14 lits, soit 78,6% d occupation"
104,2026-08-26,Haut-Uele,68,,,56.7,17,15,11,,1.5.1 Continuite des soins prose,"Au Haut Uele, 17 admissions ont ete enregistrees (3 confirmes et 14 suspects) contre 15 sorties dont 11 gueris. Ainsi, 68 patients sont en isolement, soit 56,7% des lits occupes (no bed count printed this vintage)"
105,2026-08-27,Ituri,522,,978,53.4,119,105,22,,1.5.1 Continuite des soins prose,"En Ituri, 119 nouvelles admissions ont ete enregistrees et 105 sorties dont 22 gueris. Ainsi, 522 patients sont hospitalises pour 978 lits, soit un taux d occupation global de 53,4%"
105,2026-08-27,Nord-Kivu,232,,220,105.5,89,42,1,,1.5.1 Continuite des soins prose,"Au Nord-Kivu, 89 admissions ont ete enregistrees contre 42 sorties dont 1 gueri. Au terme de la journee, 232 patients sont hospitalises pour 220 lits, soit un taux d occupation global de 105,5%"
105,2026-08-27,Haut-Uele,,,,,,,2,,1.5.1 Continuite des soins prose,"Au Haut Uele, 2 nouveaux gueris ont ete decharges (no current isolement census, beds, admissions or occupancy printed this vintage)"
105,2026-08-27,Sud-Kivu,26,,,,,,,,1.5.1 Continuite des soins prose,"Au Sud-Kivu, 26 cas suspects sont isoles dans les CT de Lwiro (13), FOMULAC (8), CUB (3) et Nyangezi (2)"
106,2026-08-28,Ituri,552,,978,56.4,113,97,8,,1.5.1 Continuite des soins prose,"En Ituri, 113 nouvelles admissions ont ete enregistrees et 97 sorties dont 8 gueris. Ainsi, 552 patients sont hospitalises pour 978 lits, soit un taux d occupation de 56,4%"
106,2026-08-28,Nord-Kivu,236,,220,107.3,75,64,1,,1.5.1 Continuite des soins prose,"Au Nord-Kivu, 75 admissions ont ete enregistrees contre 64 sorties dont 1 gueri. Au decours de la journee, 236 patients sont hospitalises pour 220 lits, soit un taux d occupation de 107,3%"
106,2026-08-28,Haut-Uele,70,,120,58.3,11,7,,,1.5.1 Continuite des soins prose,"Au Haut Uele, 11 nouvelles admissions de cas suspects ont ete enregistrees et 7 sorties, 70 patients sont hospitalises pour 120 lits, soit un taux d occupation de 58,3%"
106,2026-08-28,Tshopo,11,,25,44.0,3,4,,,1.5.1 Continuite des soins prose,"A la Tshopo, 3 nouvelles admissions ont ete enregistrees contre 4 sorties et 11 patients sont en isolement pour 25 lits, soit un taux d occupation global de 44,0% (bed count jumped from 14 to 25)"
106,2026-08-28,Sud-Kivu,26,,,,,,,,1.5.1 Continuite des soins prose,"Au Sud-Kivu, 26 patients restent en isolement"
107,2026-08-29,Ituri,550,,978,56.2,117,119,34,,1.5.1 Continuite des soins prose,"En Ituri, 117 nouvelles admissions ont ete enregistrees et 119 sorties dont 34 gueris. Ainsi, 550 patients sont hospitalises pour 978 lits, soit un taux d occupation de 56,2%. Nord-Kivu not mentioned in this vintage s Continuite des soins section at all"
107,2026-08-29,Haut-Uele,44,,120,36.7,12,9,5,,1.5.1 Continuite des soins prose,"Au Haut Uele, 12 nouvelles admissions de cas suspects ont ete enregistrees et 9 sorties dont 5 gueris; 44 patients sont hospitalises pour 120 lits, soit un taux d occupation de 36,7%"
107,2026-08-29,Tshopo,10,,25,40.0,1,4,,,1.5.1 Continuite des soins prose,"A la Tshopo, 1 nouvelle admission a ete enregistree contre 4 sorties et 10 patients sont en isolement pour 25 lits, soit un taux d occupation global de 40,0%"
107,2026-08-29,Sud-Kivu,15,,,,,,,,1.5.1 Continuite des soins prose,"Au Sud-Kivu, 15 cas suspects restent suivis en hospitalisation"
108,2026-08-30,Ituri,524,,978,53.6,75,81,13,,1.5.1 Continuite des soins prose,"En Ituri, 75 nouvelles admissions dans les differentes structures dediees et 81 sorties dont 13 gueris. Ainsi, 524 patients sont hospitalises pour 978 lits, soit un taux d occupation de 53,6%"
108,2026-08-30,Nord-Kivu,282,,220,128.2,75,54,3,,1.5.1 Continuite des soins prose,"Au Nord-Kivu, 75 nouvelles admissions et 54 sorties dont 3 gueris; 282 patients sont hospitalises et le taux d occupation global des lits en CTE/CT est en sursaturation (128,2%; 282/220)"
108,2026-08-30,Tshopo,7,,25,32.0,0,7,1,,1.5.1 Continuite des soins prose,"A la Tshopo, aucune nouvelle admission n a ete enregistree. Sept sorties rapportees dont 1 gueri, 7 patients sont en isolement pour 25 lits, soit un taux d occupation global de 32,0%. Haut-Uele and Sud-Kivu not mentioned in this vintage's Continuite des soins section"
109,2026-08-31,Ituri,539,,978,55.1,97,82,16,,1.5.1 Prise en charge holistique prose,"En Ituri, 97 nouvelles admissions dans les differentes structures dediees contre 82 sorties dont 16 gueris. Ainsi, 539 patients sont hospitalises pour 978 lits, soit un taux d occupation de 55,1%"
109,2026-08-31,Nord-Kivu,283,,220,128.6,55,54,6,,1.5.1 Prise en charge holistique prose,"Au Nord-Kivu, 55 nouvelles admissions et 54 sorties dont 6 gueris; 283 patients sont hospitalises et le taux d occupation global des lits en CTE/CT est en sursaturation (128,6%; 283/220)"
109,2026-08-31,Sud-Kivu,8,,25,32.0,0,,,,1.5.1 Prise en charge holistique prose,"Au Sud-Kivu, aucune nouvelle admission n a ete enregistree. Huit (8) patients sont en isolement pour 25 lits, soit un taux d occupation global de 32,0% (Tshopo and Haut-Uele not mentioned this vintage)"
110,2026-09-01,Ituri,564,,978,57.7,112,87,27,,1.5.1 Prise en charge holistique prose,"En Ituri, 112 nouvelles admissions dans les differentes structures dediees contre 87 sorties dont 27 gueris. Ainsi, 564 patients sont hospitalises pour 978 lits, soit un taux d occupation de 57,7%"
110,2026-09-01,Nord-Kivu,232,,220,105.5,60,62,2,,1.5.1 Prise en charge holistique prose,"Au Nord-Kivu, 60 nouvelles admissions et 62 sorties dont 2 gueris; 232 patients sont hospitalises et le taux d occupation global des lits en CTE/CT est en sursaturation (105,5%; 232/220)"
110,2026-09-01,Sud-Kivu,8,,25,32.0,0,,,,1.5.1 Prise en charge holistique prose,"Au Sud-Kivu, aucune nouvelle admission n a ete enregistree. Huit (8) patients sont en isolement pour 25 lits, soit un taux d occupation global de 32,0% (confirms Sud-Kivu's 25-bed capacity also seen in SitRep 109, not a Tshopo mislabel)"
110,2026-09-01,Haut-Uele,62,,120,51.7,11,,,,1.5.1 Prise en charge holistique prose,"Au Haut Uele, 11 nouvelles admissions ont ete enregistrees. Au terme de la journee, 62 patients, soit un taux d occupation global de 51,7% (120 lits)"
110,2026-09-01,Tshopo,3,,25,12.0,1,3,1,,1.5.1 Prise en charge holistique prose,"A la Tshopo, une nouvelle admission a ete enregistree contre 3 sorties dont 1 gueri. Trois (3) patients sont en isolement pour 25 lits, soit un taux d occupation global de 12,0%"
111,2026-09-02,Ituri,434,,978,44.4,63,106,28,,1.5.1 Prise en charge holistique prose,"En Ituri, 63 nouvelles admissions dans les differentes structures dediees contre 106 sorties dont 28 gueris. Ainsi, 434 patients sont hospitalises pour 978 lits, soit un taux d occupation de 44,4%"
111,2026-09-02,Nord-Kivu,261,,220,118.6,73,50,6,,1.5.1 Prise en charge holistique prose,"Au Nord-Kivu, 73 nouvelles admissions et 50 sorties enregistrees dont 6 gueris; 261 patients sont hospitalises et le taux d occupation global des lits en CTE/CT est en sursaturation (118,6%; 220 lits disponibles)"
111,2026-09-02,Haut-Uele,56,,120,46.7,9,,,,1.5.1 Prise en charge holistique prose,"Au Haut Uele, 9 nouvelles admissions ont ete enregistrees. Au terme de la journee, 56 patients, soit un taux d occupation global de 46,7% (120 lits)"
111,2026-09-02,Tshopo,7,,25,28.0,3,,,,1.5.1 Prise en charge holistique prose,"A la Tshopo, 3 nouvelles admissions ont ete enregistrees. Sept (7) patients sont en isolement pour 25 lits, soit un taux d occupation global de 28,0%. Sud-Kivu not mentioned this vintage"
112,2026-09-03,Ituri,434,,978,44.4,53,66,18,,1.5.1 Prise en charge holistique prose,"En Ituri, 53 nouvelles admissions dans les differentes structures dediees contre 66 sorties dont 18 gueris. Ainsi, 434 patients sont hospitalises pour 978 lits, soit un taux d occupation de 44,4%"
112,2026-09-03,Nord-Kivu,225,,220,102.7,70,78,2,,1.5.1 Prise en charge holistique prose,"Au Nord-Kivu, 70 nouvelles admissions et 78 sorties enregistrees dont 2 gueris; 225 patients sont hospitalises exprimant un taux d occupation global des lits en CTE/CT est en sursaturation (102,7%; 220 lits disponibles)"
112,2026-09-03,Haut-Uele,62,,128,50.8,14,7,0,2,1.5.1 Prise en charge holistique prose,"Au Haut Uele, 14 nouvelles admissions contre 7 sorties (4 non-cas, 2 deces suspects et 1 evasion d un confirme). Ainsi, 62 patients sont hospitalises (49 confirmes et 13 suspects) pour 128 lits, soit un taux d occupation de 50,8%"
112,2026-09-03,Tshopo,6,,25,24.0,0,1,0,0,1.5.1 Prise en charge holistique prose,"A la Tshopo, Aucune nouvelle admission n a ete enregistree et un cas confirme s est evade au J4 d hospitalisation. Six (6) patients sont en isolement pour 25 lits, soit un taux d occupation de 24,0%"
113,2026-09-04,Ituri,495,,978,50.6,96,110,19,,1.5.1 Prise en charge holistique prose,"En Ituri, 96 nouvelles admissions dans les differentes structures dediees contre 110 sorties dont 19 gueris. Ainsi, 495 patients sont hospitalises pour 978 lits, soit un taux d occupation de 50,6%"
113,2026-09-04,Nord-Kivu,237,,220,107.7,78,58,2,,1.5.1 Prise en charge holistique prose,"Au Nord-Kivu, 78 nouvelles admissions et 58 sorties enregistrees dont 2 gueris; 237 patients sont hospitalises exprimant un taux d occupation global des lits en CTE/CT est en sursaturation (107,7%; 220 lits disponibles)"
113,2026-09-04,Haut-Uele,62,,128,48.4,10,7,0,,1.5.1 Prise en charge holistique prose,"Au Haut Uele, 10 nouvelles admissions contre 7 sorties (aucun gueri). Ainsi, 62 patients sont hospitalises pour 128 lits, soit un taux d occupation de 48,4%"
113,2026-09-04,Tshopo,7,,25,28.0,0,1,0,,1.5.1 Prise en charge holistique prose,"A la Tshopo, aucune nouvelle admission enregistree et une sortie non-cas. Sept (7) patients sont en isolement pour 25 lits, soit un taux d occupation de 28,0%"
113,2026-09-04,Sud-Kivu,16,,25,64.0,5,0,,,1.5.1 Prise en charge holistique prose,"Au Sud-Kivu, 5 nouvelles admissions et aucune sortie. Seize (16) patients sont en isolement pour 25 lits, soit un taux d occupation de 64,0%"
114,2026-09-05,Ituri,510,,978,52.1,100,85,21,,1.5.1 Prise en charge holistique prose,"En Ituri, 100 nouvelles admissions dans les differentes structures dediees contre 85 sorties dont 21 gueris. Ainsi, 510 patients sont hospitalises pour 978 lits, soit un taux d occupation de 52,1%"
114,2026-09-05,Nord-Kivu,253,,220,115.0,54,38,2,,1.5.1 Prise en charge holistique prose,"Au Nord-Kivu, 54 nouvelles admissions et 38 sorties enregistrees dont 2 gueris; 253 patients sont hospitalises exprimant un taux d occupation global des lits en CTE/CT est en sursaturation (115,0%; 220 lits disponibles)"
114,2026-09-05,Haut-Uele,65,,128,50.8,15,7,8,,1.5.1 Prise en charge holistique prose,"Au Haut Uele, 15 nouvelles admissions contre 7 sorties (8 gueri). Ainsi, 65 patients sont hospitalises pour 128 lits, soit un taux d occupation de 50,8%. Printed 8 gueris exceeds the printed 7 total sorties - recorded as printed, an internal inconsistency in the source"
114,2026-09-05,Tshopo,6,,25,24.0,1,2,1,,1.5.1 Prise en charge holistique prose,"A la Tshopo, Une nouvelle admission a ete enregistree et deux sorties (1 gueri). Six (6) patients sont en isolement pour 25 lits, soit un taux d occupation de 24,0%"
114,2026-09-05,Sud-Kivu,17,,25,68.0,,,,,1.5.1 Prise en charge holistique prose,"Au Sud-Kivu, Dix-sept (17) patients sont en isolement pour 25 lits, soit un taux d occupation de 68,0%"
115,2026-09-06,Ituri,484,,978,49.5,55,79,11,,1.5.1 Prise en charge holistique prose,"En Ituri, 55 nouvelles admissions dans les differentes structures dediees contre 79 sorties dont 11 gueris. Ainsi, 484 patients sont hospitalises pour 978 lits, soit un taux d occupation de 49,5%"
115,2026-09-06,Nord-Kivu,262,,220,123.2,67,58,1,,1.5.1 Prise en charge holistique prose,"Au Nord-Kivu, 67 nouvelles admissions et 58 sorties enregistrees dont 1 gueri; 262 patients sont hospitalises exprimant un taux d occupation global des lits en CTE/CT est en sursaturation (123,2%; 220 lits disponibles)"
115,2026-09-06,Haut-Uele,68,,128,50.8,13,6,3,,1.5.1 Prise en charge holistique prose,"Au Haut Uele, 13 nouvelles admissions contre 6 sorties (3 gueri). Ainsi, 68 patients sont hospitalises pour 128 lits, soit un taux d occupation de 50,8%"
115,2026-09-06,Tshopo,5,,25,20.0,0,2,0,,1.5.1 Prise en charge holistique prose,"A la Tshopo, Aucune nouvelle admission n a ete enregistree et deux sorties (aucun gueri). Cinq (5) patients sont en isolement pour 25 lits, soit un taux d occupation de 20,0%. Sud-Kivu not mentioned this vintage"
116,2026-09-07,Ituri,473,,978,48.4,77,88,21,,1.5.1 Prise en charge holistique prose,"En Ituri, 77 nouvelles admissions dans les differentes structures dediees contre 88 sorties dont 21 gueris. Ainsi, 473 patients sont hospitalises pour 978 lits, soit un taux d occupation de 48,4%"
116,2026-09-07,Nord-Kivu,254,,220,115.5,74,91,2,,1.5.1 Prise en charge holistique prose,"Au Nord-Kivu, 74 nouvelles admissions et 91 sorties enregistrees dont 2 gueries; 254 patients sont hospitalises exprimant un taux d occupation global des lits en CTE/CT est en sursaturation (115,5%; 220 lits disponibles)"
116,2026-09-07,Haut-Uele,62,,128,48.4,11,6,4,,1.5.1 Prise en charge holistique prose,"Au Haut Uele, 11 nouvelles admissions contre 6 sorties (4 gueries). Ainsi, 62 patients sont hospitalises pour 128 lits, soit un taux d occupation de 48,4%"
116,2026-09-07,Tshopo,4,,25,16.0,2,3,0,,1.5.1 Prise en charge holistique prose,"A la Tshopo, deux nouvelles admissions ont ete enregistrees et trois sorties (aucun gueri). Quatre (4) patients sont en isolement pour 25 lits, soit un taux d occupation de 16,0%"
116,2026-09-07,Sud-Kivu,20,,,80.0,6,,,,1.5.1 Prise en charge holistique prose,"Au Sud-Kivu, 6 nouvelles admissions au decours de la journee, 20 patients sont en isolement (Taux d occupation: 80,0%)"
117,2026-09-08,Ituri,471,,983,47.9,87,89,9,,1.5.1 Prise en charge holistique prose,"En Ituri, 87 nouvelles admissions dans les differentes structures dediees contre 89 sorties dont 9 gueris. Ainsi, 471 patients sont hospitalises pour 983 lits, soit un taux d occupation de 47,9%"
117,2026-09-08,Nord-Kivu,287,,220,130.5,88,55,1,,1.5.1 Prise en charge holistique prose,"Au Nord-Kivu, 88 nouvelles admissions et 55 sorties enregistrees dont 1 guerie; 287 patients sont hospitalises, soit un taux d occupation global en sursaturation (130,5%; 287/220 lits disponibles)"
117,2026-09-08,Haut-Uele,49,,134,36.6,3,16,11,,1.5.1 Prise en charge holistique prose,"Au Haut Uele, 3 nouvelles admissions contre 16 sorties (11 gueries). Ainsi, 49 patients sont hospitalises pour 134 lits, soit un taux d occupation de 36,6%"
117,2026-09-08,Tshopo,7,,25,28.0,3,0,0,,1.5.1 Prise en charge holistique prose,"A la Tshopo, 3 nouvelles admissions ont ete enregistrees et aucune sortie (aucun gueri). Sept (7) patients sont en isolement pour 25 lits, soit un taux d occupation de 28,0%"
117,2026-09-08,Sud-Kivu,19,,,76.0,0,1,,,1.5.1 Prise en charge holistique prose,"Au Sud-Kivu, Aucune nouvelles admissions au decours de la journee, Une sortie et 19 patients sont en isolement (Taux d occupation :76,0%)"
118,2026-09-09,Ituri,457,,989,46.2,92,106,32,,1.5.1 Prise en charge holistique prose,"En Ituri, 92 nouvelles admissions dans les differentes structures dediees contre 106 sorties dont 32 gueris. Ainsi, 457 patients sont hospitalises pour 989 lits, soit un taux d occupation de 46,2%"
118,2026-09-09,Nord-Kivu,291,,220,132.2,72,68,1,,1.5.1 Prise en charge holistique prose,"Au Nord-Kivu, 72 nouvelles admissions et 68 sorties enregistrees dont 1 gueri; 291 patients sont hospitalises, soit un taux d occupation global en sursaturation (132,2%; 291/220 lits disponibles)"
118,2026-09-09,Haut-Uele,54,,134,40.3,3,16,1,,1.5.1 Prise en charge holistique prose,"Au Haut Uele, 3 nouvelles admissions contre 16 sorties (1 gueri). Ainsi, 54 patients sont hospitalises pour 134 lits, soit un taux d occupation de 40,3%"
118,2026-09-09,Tshopo,3,,25,12.0,0,4,2,,1.5.1 Prise en charge holistique prose,"A la Tshopo, Aucune nouvelle admission n a ete enregistree contre 4 sorties (2 gueris). Trois (3) patients sont en isolement pour 25 lits, soit un taux d occupation de 12,0%"
118,2026-09-09,Sud-Kivu,18,,,,0,,,,1.5.1 Prise en charge holistique prose,"Au Sud-Kivu, Aucune nouvelle admission, 18 cas suspects restent en isolement"
119,2026-09-10,Ituri,435,,1005,43.3,82,104,21,,1.5.1 Prise en charge holistique prose,"En Ituri, 82 nouvelles admissions dans les differentes structures dediees contre 104 sorties dont 21 gueries. Ainsi, 435 patients sont hospitalises pour 1005 lits, soit un taux d occupation de 43,3%"
119,2026-09-10,Nord-Kivu,311,,,141.4,89,75,3,,1.5.1 Prise en charge holistique prose,"Au Nord-Kivu, 89 nouvelles admissions et 75 sorties enregistrees dont 3 gueries; 311 patients sont hospitalises, soit un taux d occupation global en sursaturation (141,4%) - no bed denominator printed this vintage"
119,2026-09-10,Haut-Uele,64,,134,47.8,12,1,0,,1.5.1 Prise en charge holistique prose,"Au Haut-Uele, 12 nouvelles admissions contre 1 sortie (Aucun gueri). Ainsi, 64 patients sont hospitalises pour 134 lits, soit un taux d occupation de 47,8%"
119,2026-09-10,Tshopo,9,,31,29.0,1,0,0,,1.5.1 Prise en charge holistique prose,"A la Tshopo, 1 nouvelle admission a ete enregistree sans aucune sortie (aucun gueri). Neuf (9) patients sont en isolement pour 31 lits, soit un taux d occupation de 29,0% (bed count rose from 25 to 31)"
119,2026-09-10,Sud-Kivu,18,,,72.0,0,,,,1.5.1 Prise en charge holistique prose,"Au Sud-Kivu, Aucune nouvelle admission, 18 cas suspects restent en isolement (taux d occupation de 72,0%)"
120,2026-09-11,Ituri,442,,1007,43.9,94,77,11,,1.5.1 Prise en charge holistique prose,"En Ituri, 94 nouvelles admissions dans les differentes structures dediees contre 77 sorties dont 11 gueries. Ainsi, 442 patients sont hospitalises pour 1007 lits, soit un taux d occupation de 43,9%"
120,2026-09-11,Nord-Kivu,317,,,139.0,127,121,4,,1.5.1 Prise en charge holistique prose,"Au Nord-Kivu, 127 nouvelles admissions contre 121 sorties enregistrees dont 4 gueries; 317 patients sont hospitalises, soit un taux d occupation global en sursaturation (139,0%) - no bed denominator printed this vintage"
120,2026-09-11,Haut-Uele,65,,134,48.5,10,10,6,,1.5.1 Prise en charge holistique prose,"Au Haut-Uele, 10 nouvelles admissions contre 10 sorties (6 gueries). Ainsi, 65 patients sont hospitalises pour 134 lits, soit un taux d occupation de 48,5%"
120,2026-09-11,Tshopo,9,,31,29.0,2,1,0,1,1.5.1 Prise en charge holistique prose,"A la Tshopo, 2 nouvelles admissions ont ete enregistrees contre une sortie (deces). Neuf (9) patients sont en isolement pour 31 lits, soit un taux d occupation de 29,0%"
120,2026-09-11,Sud-Kivu,16,,,64.0,0,,,,1.5.1 Prise en charge holistique prose,"Au Sud-Kivu, Aucune nouvelle admission, 16 cas suspects restent en isolement (taux d occupation de 64,0%). Bas-Uele bullet (6 patients, 1 confirme HGR Ganga) out of scope"
121,2026-09-12,Ituri,476,,1015,46.9,131,88,13,,1.5.1 Prise en charge holistique prose,"En Ituri, 131 nouvelles admissions dans les differentes structures dediees contre 88 sorties dont 13 gueries. Ainsi, 476 patients sont hospitalises pour 1015 lits, soit un taux d occupation de 46,9%"
121,2026-09-12,Nord-Kivu,342,,,150.0,82,60,2,,1.5.1 Prise en charge holistique prose,"Au Nord-Kivu, 82 nouvelles admissions contre 60 sorties enregistrees dont 2 gueries; 342 patients sont hospitalises, soit un taux d occupation global en sursaturation (150,0%), sans aucun lit disponible dans les CTE/CT de Butembo et Katwa - no bed denominator printed"
121,2026-09-12,Haut-Uele,69,,134,51.5,11,9,5,,1.5.1 Prise en charge holistique prose,"Au Haut-Uele, 11 nouvelles admissions contre 9 sorties (5 gueries). Ainsi, 69 patients sont hospitalises pour 134 lits, soit un taux d occupation de 51,5%"
121,2026-09-12,Tshopo,12,,31,38.7,9,3,,,1.5.1 Prise en charge holistique prose,"A la Tshopo, 9 nouvelles admissions ont ete enregistrees contre 3 sorties. Douze (12) patients sont en isolement pour 31 lits, soit un taux d occupation de 38,7%. Sud-Kivu not mentioned this vintage; Bas-Uele bullet out of scope"
122,2026-09-13,Ituri,472,,1015,46.5,86,88,12,,1.5.1 Prise en charge holistique prose,"En Ituri, 86 nouvelles admissions ont ete enregistrees dans les differentes structures dediees, contre 88 sorties dont 12 guerisons. Ainsi, 472 patients sont pris en charge en hospitalisation pour 1015 lits, soit un taux d occupation de 46,5%"
122,2026-09-13,Nord-Kivu,332,,,145.6,46,53,2,,1.5.1 Prise en charge holistique prose,"Au Nord-Kivu, 46 nouvelles admissions ont ete enregistrees contre 53 sorties, dont 2 guerisons; 332 patients sont pris en charge en hospitalisation, soit un taux d occupation global en sursaturation (145,6%) - no bed denominator printed"
122,2026-09-13,Haut-Uele,69,,134,51.5,7,3,,,1.5.1 Prise en charge holistique prose,"Au Haut-Uele, 7 nouvelles admissions ont ete enregistrees contre 3 sorties. Ainsi, 69 patients sont pris en charge en hospitalisation pour 134 lits, soit un taux d occupation de 51,5%"
122,2026-09-13,Tshopo,8,,31,25.8,0,1,0,,1.5.1 Prise en charge holistique prose,"A la Tshopo, aucune nouvelle admission n a ete enregistree contre une sortie (non-cas). Huit (8) patients sont en isolement pour 31 lits, soit un taux d occupation de 25,8%. Sud-Kivu not mentioned this vintage; Bas-Uele bullet out of scope"
123,2026-09-14,Ituri,485,,1015,47.8,95,81,17,,1.5.1 Prise en charge holistique prose,"En Ituri, 95 nouvelles admissions enregistrees dans les differentes structures dediees, 81 sorties (17 guerisons). Ainsi, 485 patients sont pris en charge en hospitalisation pour 1015 lits (taux d occupation de 47,8%)"
123,2026-09-14,Nord-Kivu,348,,,152.6,81,79,6,,1.5.1 Prise en charge holistique prose,"Au Nord-Kivu, 81 nouvelles admissions ont ete enregistrees contre 79 sorties, dont 6 guerisons; 348 patients sont pris en charge en hospitalisation, soit un taux d occupation global en sursaturation (152,6%) - no bed denominator printed"
123,2026-09-14,Haut-Uele,76,,136,55.9,22,15,4,,1.5.1 Prise en charge holistique prose,"Au Haut-Uele, 22 nouvelles admissions ont ete enregistrees contre 15 sorties (4 gueries). Ainsi, 76 patients sont pris en charge en hospitalisation pour 136 lits, soit un taux d occupation de 55,9%"
123,2026-09-14,Tshopo,6,,31,19.4,1,5,0,,1.5.1 Prise en charge holistique prose,"A la Tshopo, Une (1) nouvelle admission a ete enregistree contre cinq (5) sorties (non-cas). Six (6) patients sont en isolement pour 31 lits, soit un taux d occupation de 19,4%"
123,2026-09-14,Sud-Kivu,16,,25,64.0,0,,,,1.5.1 Prise en charge holistique prose,"Au Sud-Kivu, Aucune nouvelle admission. Seize (16) patients sont en isolement pour 25 lits, soit un taux d occupation de 64,0%. Bas-Uele bullet out of scope"
124,2026-09-15,Ituri,461,,1015,45.4,82,103,13,,1.5.1 Prise en charge holistique prose,"En Ituri, 82 nouvelles admissions enregistrees dans les differentes structures dediees, 103 sorties (13 guerisons). Ainsi, 461 patients sont pris en charge en hospitalisation pour 1015 lits (taux d occupation de 45,4%)"
124,2026-09-15,Nord-Kivu,373,,,94.7,118,93,4,,1.5.1 Prise en charge holistique prose,"Au Nord-Kivu, 118 nouvelles admissions ont ete enregistrees contre 93 sorties, dont 4 guerisons; 373 patients sont pris en charge en hospitalisation dont 216 dans les structures dediees, soit un taux d occupation global (94,7%) proche de la saturation - no explicit bed count printed, only the occ..."
124,2026-09-15,Haut-Uele,63,,136,46.3,6,17,6,,1.5.1 Prise en charge holistique prose,"Au Haut-Uele, 6 nouvelles admissions ont ete enregistrees contre 17 sorties (6 gueries). Ainsi, 63 patients sont pris en charge en hospitalisation pour 136 lits, soit un taux d occupation de 46,3%"
124,2026-09-15,Tshopo,6,,31,19.4,0,0,,,1.5.1 Prise en charge holistique prose,"A la Tshopo, aucune nouvelle admission n a ete enregistree et aucune sortie. Six (6) patients sont en isolement pour 31 lits, soit un taux d occupation de 19,4%"
124,2026-09-15,Sud-Kivu,16,,25,64.0,0,,,,1.5.1 Prise en charge holistique prose,"Au Sud-Kivu, aucune nouvelle admission. Seize (16) patients sont en isolement pour 25 lits, soit un taux d occupation de 64,0%. Bas-Uele bullet (11 patients, 2 confirmes HGR Ganga) out of scope"
125,2026-09-16,Ituri,442,,1015,43.5,89,107,18,,1.5.1 Prise en charge holistique prose,"En Ituri, 89 nouvelles admissions dans les differentes structures dediees contre 107 sorties dont 18 gueries. Ainsi, 442 patients sont hospitalises pour 1015 lits, soit un taux d occupation de 43,5%"
125,2026-09-16,Nord-Kivu,376,221,228,96.9,103,60,2,,1.5.1 Prise en charge holistique prose,"Au Nord-Kivu, 103 nouvelles admissions enregistrees contre 60 sorties dont 2 gueries; 376 patients sont hospitalises dont 221 dans les structures normees avec une capacite d accueil de 228 lits, soit un taux d occupation (96,9%), proche de la saturation"
125,2026-09-16,Haut-Uele,62,,136,45.6,10,2,2,,1.5.1 Prise en charge holistique prose,"Au Haut-Uele, 10 nouvelles admissions contre 2 sorties (gueries). Ainsi, 62 patients sont hospitalises pour 136 lits, soit un taux d occupation de 45,6%"
125,2026-09-16,Tshopo,7,,31,22.6,1,0,,,1.5.1 Prise en charge holistique prose,"A la Tshopo, une (1) nouvelle admission a ete enregistree, un PPL de sexe masculin age de 35 ans, et aucune sortie. Sept (7) patients sont en isolement pour 31 lits, soit un taux d occupation de 22,6%"
125,2026-09-16,Sud-Kivu,13,,25,52.0,2,5,,,1.5.1 Prise en charge holistique prose,"Au Sud-Kivu, 2 nouvelles admissions enregistrees et 5 sorties signalees. Treize (13) patients sont en isolement pour 25 lits, soit un taux d occupation de 52,0%. Bas-Uele bullet out of scope"
126,2026-09-17,Ituri,430,,1015,42.4,72,84,12,,"1.5. Prise en charge holistique","En Ituri, 72 nouvelles admissions dans les differentes structures dediees contre 84 sorties dont 12 gueries. Ainsi, 430 patients sont hospitalises pour 1015 lits, soit un taux d'occupation de 42,4 %"
126,2026-09-17,Nord-Kivu,403,217,228,95.2,122,95,6,,"1.5. Prise en charge holistique","Au Nord-Kivu, 122 nouvelles admissions enregistrees contre 95 sorties dont 6 gueries ; 403 patients sont hospitalises dont 217 dans les structures normees avec une capacite d'accueil de 228 lits, soit un taux d'occupation de 95,2 %, proche de la saturation"
126,2026-09-17,Haut-Uele,61,,138,44.2,17,17,7,,"1.5. Prise en charge holistique","Au Haut-Uele, 17 nouvelles admissions contre 17 sorties dont 7 gueries. Ainsi, 61 patients sont hospitalises pour 138 lits, soit un taux d'occupation de 44,2 %"
126,2026-09-17,Bas-Uele,11,,,,6,,,,"1.5. Prise en charge holistique","Au Bas-Uele, 6 nouvelles admissions rapportees ; 11 patients demeurent en isolement dont 1 cas confirme pris en charge a l'HGR de Ganga ; 9 contacts a haut risque demeurent sous prophylaxie et 10 sont sortis indemnes du suivi."
126,2026-09-17,Tshopo,12,,31,38.7,5,0,,,"1.5. Prise en charge holistique","A la Tshopo, 5 nouvelles admissions (3 PPL) enregistrees sans aucune sortie. Douze (12) patients sont en isolement pour 31 lits, soit un taux d'occupation de 38,7 %"
126,2026-09-17,Sud-Kivu,13,,25,52.0,0,,,,"1.5. Prise en charge holistique","Au Sud-Kivu, aucune nouvelle admission enregistree. Treize (13) patients sont en isolement pour 25 lits, soit un taux d'occupation de 52,0 %."
127,2026-09-18,Ituri,434,,1015,42.8,102,98,30,,"1.5. Prise en charge holistique","En Ituri, 102 nouvelles admissions enregistrees au decours de la journee contre 98 sorties dont 30 gueries. Ainsi, 434 patients sont hospitalises pour 1015 lits, soit un taux d'occupation de 42,8 %"
127,2026-09-18,Nord-Kivu,392,224,228,98.2,70,69,3,,"1.5. Prise en charge holistique","Au Nord-Kivu, 70 nouvelles admissions enregistrees contre 69 sorties dont 3 gueries ; 392 patients sont hospitalises dont 224 dans les structures normees avec une capacite d'accueil de 228 lits, soit un taux d'occupation global de 98,2 %, proche de la saturation."
127,2026-09-18,Haut-Uele,63,,138,45.7,14,16,6,,"1.5. Prise en charge holistique","Au Haut-Uele, 14 nouvelles admissions ont ete enregistrees dans les structures contre 16 sorties (6 gueries). Ainsi, 63 patients sont hospitalises pour 138 lits, soit un taux d'occupation de 45,7 %"
127,2026-09-18,Bas-Uele,10,,,,1,,,,"1.5. Prise en charge holistique","Au Bas-Uele, 1 nouvelle admission rapportee ; 10 patients demeurent en isolement dont 1 cas confirme pris en charge a l'HGR de Ganga ; 9 contacts a haut risque demeurent sous prophylaxie et 10 sont sortis indemnes du suivi."
127,2026-09-18,Tshopo,10,,31,32.3,2,4,2,0,"1.5. Prise en charge holistique","A la Tshopo, 2 nouvelles admissions enregistrees contre 4 sorties dont 2 gueris et 2 non-cas. Dix (10) patients sont en isolement pour 31 lits, soit un taux d'occupation de 32,3 %"
128,2026-09-19,Ituri,439,,1015,43.3,85,74,13,,"1.5. Prise en charge holistique","En Ituri, 85 nouvelles admissions enregistrees au decours de la journee contre 74 sorties dont 13 gueries. Ainsi, 439 patients sont hospitalises pour 1015 lits, soit un taux d'occupation de 43,3 %"
128,2026-09-19,Nord-Kivu,376,218,228,95.6,54,63,2,,"1.5. Prise en charge holistique","Au Nord-Kivu, 54 nouvelles admissions enregistrees contre 63 sorties dont 2 gueries ; 376 patients sont hospitalises dont 218 dans les structures normees avec une capacite d'accueil de 228 lits, soit un taux d'occupation global de 95,6 %, proche de la saturation."
128,2026-09-19,Haut-Uele,60,,138,43.5,8,7,0,,"1.5. Prise en charge holistique","Au Haut-Uele, 8 nouvelles admissions ont ete enregistrees dans les structures contre 7 sorties (aucune guerison). Ainsi, 60 patients sont hospitalises pour 138 lits, soit un taux d'occupation de 43,5 %"
128,2026-09-19,Tshopo,11,,31,35.5,4,2,0,1,"1.5. Prise en charge holistique","A la Tshopo, 4 nouvelles admissions enregistrees contre 2 sorties dont 1 non-cas et 1 deces. Onze (11) patients sont en isolement pour 31 lits, soit un taux d'occupation de 35,5 %"
129,2026-09-20,Ituri,442,,1015,43.5,77,73,10,,"2.5. Prise en charge holistique","En Ituri, 77 nouvelles admissions enregistrees au decours de la journee contre 73 sorties dont 10 gueries. Ainsi, 442 patients sont hospitalises pour 1015 lits (taux d'occupation de 43,5 %)"
129,2026-09-20,Nord-Kivu,316,208,228,91.2,63,123,10,,"2.5. Prise en charge holistique","Au Nord-Kivu, 63 nouvelles admissions enregistrees contre 123 sorties dont 10 gueries ; 316 patients sont hospitalises dont 208 dans les structures normees avec une capacite d'accueil de 228 lits, soit un taux d'occupation global de 91,2 %."
129,2026-09-20,Haut-Uele,45,,138,32.6,1,10,3,,"2.5. Prise en charge holistique","Au Haut-Uele, une nouvelle admission a ete enregistree contre 10 sorties (3 gueries). Ainsi, 45 patients sont hospitalises pour 138 lits, soit un taux d'occupation de 32,6 %."
129,2026-09-20,Tshopo,12,,31,38.7,1,0,0,,"2.5. Prise en charge holistique","A la Tshopo, une nouvelle admission enregistree sans aucune sortie. Douze (12) patients sont en isolement pour 31 lits, soit un taux d'occupation de 38,7 %"
129,2026-09-20,Bas-Uele,6,,,,1,0,0,,"2.5. Prise en charge holistique","Au Bas-Uele, une nouvelle admission a ete enregistree sans aucune sortie. Ainsi, 6 patients sont hospitalises dans les ESS."
130,2026-09-21,Ituri,432,,1015,42.6,92,102,12,,"2.5. Prise en charge holistique","En Ituri, 92 nouvelles admissions enregistrees au decours de la journee contre 102 sorties dont 12 gueries. Ainsi, 432 patients sont hospitalises pour 1015 lits (taux d'occupation de 42,6 %)"
130,2026-09-21,Nord-Kivu,338,274,308,66.2,92,70,17,,"2.5. Prise en charge holistique","Au Nord-Kivu, 92 nouvelles admissions enregistrees contre 70 sorties dont 17 gueries ; 338 patients sont hospitalises dont 274 dans les structures normees pour 308 lits, soit un taux d'occupation de 66,2 % ; 64 patients (18,9 %) restent pris en charge dans des ESS hors CTE. Le CTE de Matanda (ZS de Katwa) a ete officiellement ouvert"
130,2026-09-21,Haut-Uele,50,,138,36.2,11,6,4,,"2.5. Prise en charge holistique","Au Haut-Uele, 11 nouvelles admissions ont ete enregistrees contre 6 sorties (4 gueries). Ainsi, 50 patients sont hospitalises pour 138 lits, soit un taux d'occupation de 36,2 %."
130,2026-09-21,Tshopo,11,,31,35.5,3,3,,,"2.5. Prise en charge holistique","A la Tshopo, trois nouvelles admissions enregistrees et trois sorties. Onze (11) patients sont en isolement pour 31 lits, soit un taux d'occupation de 35,5 %"
130,2026-09-21,Bas-Uele,8,,,,2,0,0,,"2.5. Prise en charge holistique","Au Bas-Uele, deux nouvelles admissions de suspects ont ete enregistrees au CT de Poko, sans aucune sortie ; 8 patients sont en isolement dans les CT non normes (1 confirme a Ganga)."
