area,date,median,lower_90,upper_90,lower_50,upper_50,series,count
ariwara,2026-07-30,1.062,0.953,1.174,1.019,1.107,rt,
ariwara,2026-07-31,1.048,0.944,1.155,1.005,1.093,rt,
ariwara,2026-08-01,1.034,0.927,1.14,0.989,1.079,rt,
ariwara,2026-08-02,1.019,0.908,1.129,0.972,1.065,rt,
ariwara,2026-08-03,1.003,0.879,1.122,0.953,1.051,rt,
ariwara,2026-08-04,0.995,0.88,1.11,0.948,1.041,rt,
ariwara,2026-08-05,0.987,0.877,1.101,0.943,1.031,rt,
ariwara,2026-08-06,0.981,0.869,1.096,0.936,1.025,rt,
ariwara,2026-08-07,0.973,0.867,1.083,0.929,1.016,rt,
ariwara,2026-08-08,0.963,0.859,1.069,0.921,1.006,rt,
ariwara,2026-08-09,0.956,0.846,1.064,0.91,0.998,rt,
ariwara,2026-08-10,0.937,0.821,1.052,0.89,0.983,rt,
ariwara,2026-08-11,0.93,0.826,1.037,0.886,0.971,rt,
ariwara,2026-08-12,0.923,0.821,1.025,0.88,0.963,rt,
ariwara,2026-08-13,0.916,0.815,1.015,0.875,0.956,rt,
ariwara,2026-08-14,0.909,0.813,1.004,0.87,0.947,rt,
ariwara,2026-08-15,0.901,0.802,0.998,0.862,0.938,rt,
ariwara,2026-08-16,0.891,0.789,0.989,0.852,0.931,rt,
ariwara,2026-08-17,0.888,0.781,0.99,0.848,0.932,rt,
ariwara,2026-08-18,0.893,0.788,0.991,0.851,0.935,rt,
ariwara,2026-08-19,0.894,0.791,0.997,0.854,0.936,rt,
ariwara,2026-08-20,0.896,0.789,1.002,0.856,0.94,rt,
ariwara,2026-08-21,0.9,0.795,0.999,0.86,0.943,rt,
ariwara,2026-08-22,0.9,0.8,1.004,0.863,0.944,rt,
ariwara,2026-08-23,0.9,0.799,1.008,0.861,0.945,rt,
ariwara,2026-08-24,0.912,0.804,1.026,0.867,0.958,rt,
ariwara,2026-08-25,0.93,0.826,1.043,0.886,0.975,rt,
ariwara,2026-08-26,0.946,0.843,1.061,0.903,0.992,rt,
ariwara,2026-08-27,0.962,0.854,1.077,0.917,1.011,rt,
ariwara,2026-08-28,0.978,0.873,1.085,0.935,1.025,rt,
ariwara,2026-08-29,0.992,0.887,1.099,0.949,1.039,rt,
ariwara,2026-08-30,1.005,0.894,1.115,0.96,1.051,rt,
ariwara,2026-08-31,1.002,0.885,1.117,0.956,1.053,rt,
ariwara,2026-09-01,1.008,0.896,1.123,0.964,1.059,rt,
ariwara,2026-09-02,1.015,0.905,1.128,0.97,1.066,rt,
ariwara,2026-09-03,1.021,0.904,1.139,0.971,1.072,rt,
ariwara,2026-09-04,1.022,0.905,1.132,0.972,1.07,rt,
ariwara,2026-09-05,1.019,0.905,1.133,0.97,1.068,rt,
ariwara,2026-09-06,1.014,0.9,1.133,0.965,1.063,rt,
ariwara,2026-09-07,0.999,0.879,1.121,0.946,1.048,rt,
ariwara,2026-09-08,0.988,0.867,1.109,0.936,1.036,rt,
ariwara,2026-09-09,0.973,0.85,1.099,0.922,1.022,rt,
ariwara,2026-09-10,0.96,0.836,1.088,0.909,1.01,rt,
ariwara,2026-09-11,0.938,0.816,1.059,0.888,0.987,rt,
ariwara,2026-09-12,0.914,0.791,1.035,0.865,0.963,rt,
ariwara,2026-09-13,0.89,0.765,1.018,0.839,0.939,rt,
ariwara,2026-09-14,0.867,0.736,1.0,0.813,0.917,rt,
ariwara,2026-09-15,0.855,0.726,0.99,0.801,0.907,rt,
ariwara,2026-09-16,0.845,0.714,0.987,0.792,0.901,rt,
ariwara,2026-09-17,0.836,0.703,0.985,0.781,0.894,rt,
ariwara,2026-09-18,0.83,0.693,0.98,0.772,0.887,rt,
ariwara,2026-09-19,0.822,0.682,0.984,0.763,0.884,rt,
ariwara,2026-09-20,0.815,0.669,0.988,0.753,0.882,rt,
ariwara,2026-09-21,0.814,0.656,1.002,0.749,0.886,rt,
ariwara,2026-09-22,0.816,0.655,1.007,0.747,0.889,rt,
ariwara,2026-09-23,0.817,0.647,1.019,0.746,0.892,rt,
ariwara,2026-09-24,0.818,0.641,1.031,0.741,0.898,rt,
ariwara,2026-09-25,0.823,0.64,1.039,0.742,0.906,rt,
ariwara,2026-09-26,0.826,0.632,1.054,0.741,0.911,rt,
ariwara,2026-09-27,0.829,0.62,1.064,0.74,0.919,rt,
ariwara,2026-09-28,0.825,0.602,1.075,0.729,0.919,rt,
ariwara,2026-09-29,0.824,0.597,1.089,0.727,0.923,rt,
ariwara,2026-09-30,0.824,0.589,1.093,0.724,0.926,rt,
ariwara,2026-10-01,0.824,0.579,1.103,0.716,0.929,rt,
ariwara,2026-10-02,0.821,0.573,1.119,0.71,0.924,rt,
ariwara,2026-10-03,0.814,0.562,1.131,0.704,0.932,rt,
ariwara,2026-10-04,0.804,0.544,1.147,0.694,0.933,rt,
ariwara,2026-10-05,0.798,0.522,1.156,0.678,0.934,rt,
ariwara,2026-10-06,0.807,0.529,1.174,0.69,0.946,rt,
aru,2026-05-30,1.214,0.91,1.653,1.07,1.386,rt,
aru,2026-05-31,1.24,0.926,1.648,1.092,1.4,rt,
aru,2026-06-01,1.264,0.941,1.658,1.115,1.42,rt,
aru,2026-06-02,1.281,0.979,1.651,1.138,1.431,rt,
aru,2026-06-03,1.292,1.0,1.645,1.16,1.438,rt,
aru,2026-06-04,1.302,1.019,1.635,1.177,1.441,rt,
aru,2026-06-05,1.312,1.039,1.627,1.192,1.441,rt,
aru,2026-06-06,1.313,1.046,1.624,1.205,1.432,rt,
aru,2026-06-07,1.307,1.047,1.614,1.199,1.423,rt,
aru,2026-06-08,1.306,1.043,1.61,1.197,1.421,rt,
aru,2026-06-09,1.296,1.049,1.587,1.193,1.411,rt,
aru,2026-06-10,1.286,1.055,1.57,1.188,1.395,rt,
aru,2026-06-11,1.277,1.052,1.55,1.181,1.381,rt,
aru,2026-06-12,1.269,1.049,1.521,1.175,1.367,rt,
aru,2026-06-13,1.253,1.04,1.494,1.164,1.35,rt,
aru,2026-06-14,1.24,1.029,1.479,1.153,1.336,rt,
aru,2026-06-15,1.231,1.014,1.469,1.142,1.328,rt,
aru,2026-06-16,1.226,1.024,1.448,1.141,1.317,rt,
aru,2026-06-17,1.223,1.034,1.431,1.145,1.309,rt,
aru,2026-06-18,1.223,1.039,1.418,1.145,1.304,rt,
aru,2026-06-19,1.219,1.04,1.414,1.144,1.296,rt,
aru,2026-06-20,1.218,1.041,1.403,1.145,1.294,rt,
aru,2026-06-21,1.214,1.032,1.4,1.139,1.288,rt,
aru,2026-06-22,1.213,1.028,1.406,1.134,1.29,rt,
aru,2026-06-23,1.203,1.025,1.378,1.128,1.276,rt,
aru,2026-06-24,1.194,1.022,1.36,1.121,1.264,rt,
aru,2026-06-25,1.184,1.02,1.344,1.114,1.25,rt,
aru,2026-06-26,1.171,1.016,1.328,1.107,1.234,rt,
aru,2026-06-27,1.158,1.006,1.314,1.097,1.222,rt,
aru,2026-06-28,1.145,0.995,1.305,1.085,1.21,rt,
aru,2026-06-29,1.121,0.97,1.283,1.062,1.188,rt,
aru,2026-06-30,1.107,0.965,1.258,1.049,1.165,rt,
aru,2026-07-01,1.096,0.957,1.234,1.04,1.149,rt,
aru,2026-07-02,1.081,0.951,1.215,1.028,1.135,rt,
aru,2026-07-03,1.069,0.944,1.195,1.017,1.121,rt,
aru,2026-07-04,1.057,0.936,1.18,1.006,1.109,rt,
aru,2026-07-05,1.045,0.915,1.171,0.993,1.096,rt,
aru,2026-07-06,1.039,0.901,1.176,0.985,1.092,rt,
aru,2026-07-07,1.047,0.916,1.171,0.994,1.097,rt,
aru,2026-07-08,1.052,0.929,1.172,1.003,1.102,rt,
aru,2026-07-09,1.06,0.937,1.174,1.012,1.108,rt,
aru,2026-07-10,1.067,0.947,1.177,1.02,1.114,rt,
aru,2026-07-11,1.074,0.952,1.188,1.026,1.123,rt,
aru,2026-07-12,1.082,0.955,1.205,1.032,1.131,rt,
aru,2026-07-13,1.081,0.947,1.215,1.024,1.134,rt,
aru,2026-07-14,1.082,0.951,1.207,1.026,1.131,rt,
aru,2026-07-15,1.081,0.957,1.201,1.028,1.132,rt,
aru,2026-07-16,1.079,0.955,1.202,1.027,1.131,rt,
aru,2026-07-17,1.083,0.959,1.201,1.031,1.132,rt,
aru,2026-07-18,1.084,0.959,1.201,1.034,1.132,rt,
aru,2026-07-19,1.086,0.954,1.211,1.032,1.135,rt,
aru,2026-07-20,1.085,0.947,1.218,1.029,1.138,rt,
aru,2026-07-21,1.083,0.954,1.207,1.03,1.131,rt,
aru,2026-07-22,1.08,0.956,1.198,1.028,1.126,rt,
aru,2026-07-23,1.075,0.954,1.193,1.024,1.122,rt,
aru,2026-07-24,1.068,0.952,1.182,1.021,1.113,rt,
aru,2026-07-25,1.059,0.944,1.173,1.013,1.106,rt,
aru,2026-07-26,1.049,0.933,1.171,1.003,1.098,rt,
aru,2026-07-27,1.047,0.925,1.175,0.996,1.098,rt,
aru,2026-07-28,1.044,0.933,1.164,0.998,1.093,rt,
aru,2026-07-29,1.04,0.931,1.158,0.997,1.088,rt,
aru,2026-07-30,1.036,0.928,1.154,0.991,1.084,rt,
aru,2026-07-31,1.024,0.92,1.138,0.982,1.069,rt,
aru,2026-08-01,1.01,0.908,1.129,0.969,1.055,rt,
aru,2026-08-02,0.998,0.885,1.119,0.953,1.044,rt,
aru,2026-08-03,0.982,0.858,1.11,0.935,1.031,rt,
aru,2026-08-04,0.976,0.86,1.099,0.931,1.024,rt,
aru,2026-08-05,0.969,0.857,1.092,0.926,1.016,rt,
aru,2026-08-06,0.965,0.854,1.084,0.919,1.01,rt,
aru,2026-08-07,0.957,0.854,1.072,0.914,1.0,rt,
aru,2026-08-08,0.949,0.849,1.062,0.906,0.994,rt,
aru,2026-08-09,0.941,0.838,1.057,0.896,0.989,rt,
aru,2026-08-10,0.923,0.819,1.039,0.876,0.973,rt,
aru,2026-08-11,0.916,0.815,1.027,0.873,0.963,rt,
aru,2026-08-12,0.911,0.81,1.017,0.868,0.952,rt,
aru,2026-08-13,0.904,0.803,1.01,0.862,0.946,rt,
aru,2026-08-14,0.898,0.798,0.998,0.857,0.937,rt,
aru,2026-08-15,0.892,0.792,0.989,0.85,0.93,rt,
aru,2026-08-16,0.882,0.781,0.979,0.841,0.924,rt,
aru,2026-08-17,0.879,0.772,0.985,0.837,0.923,rt,
aru,2026-08-18,0.882,0.781,0.985,0.841,0.927,rt,
aru,2026-08-19,0.885,0.784,0.988,0.844,0.929,rt,
aru,2026-08-20,0.888,0.782,0.992,0.845,0.93,rt,
aru,2026-08-21,0.893,0.79,0.994,0.849,0.935,rt,
aru,2026-08-22,0.894,0.793,0.998,0.85,0.935,rt,
aru,2026-08-23,0.894,0.793,1.002,0.849,0.937,rt,
aru,2026-08-24,0.905,0.797,1.019,0.857,0.951,rt,
aru,2026-08-25,0.923,0.819,1.034,0.876,0.968,rt,
aru,2026-08-26,0.938,0.836,1.052,0.891,0.983,rt,
aru,2026-08-27,0.953,0.848,1.071,0.908,1.0,rt,
aru,2026-08-28,0.97,0.867,1.08,0.926,1.015,rt,
aru,2026-08-29,0.983,0.879,1.093,0.939,1.028,rt,
aru,2026-08-30,0.994,0.886,1.108,0.949,1.042,rt,
aru,2026-08-31,0.992,0.878,1.112,0.948,1.042,rt,
aru,2026-09-01,0.999,0.887,1.115,0.956,1.048,rt,
aru,2026-09-02,1.006,0.894,1.121,0.96,1.056,rt,
aru,2026-09-03,1.012,0.898,1.132,0.964,1.061,rt,
aru,2026-09-04,1.012,0.901,1.128,0.964,1.059,rt,
aru,2026-09-05,1.009,0.898,1.127,0.961,1.056,rt,
aru,2026-09-06,1.003,0.887,1.123,0.956,1.054,rt,
aru,2026-09-07,0.987,0.865,1.113,0.937,1.039,rt,
aru,2026-09-08,0.977,0.851,1.099,0.926,1.028,rt,
aru,2026-09-09,0.964,0.841,1.088,0.915,1.014,rt,
aru,2026-09-10,0.95,0.825,1.078,0.898,1.004,rt,
aru,2026-09-11,0.928,0.806,1.048,0.879,0.98,rt,
aru,2026-09-12,0.904,0.784,1.026,0.857,0.954,rt,
aru,2026-09-13,0.882,0.753,1.006,0.831,0.932,rt,
aru,2026-09-14,0.859,0.725,0.99,0.805,0.91,rt,
aru,2026-09-15,0.849,0.717,0.984,0.796,0.9,rt,
aru,2026-09-16,0.84,0.708,0.979,0.785,0.891,rt,
aru,2026-09-17,0.833,0.693,0.974,0.776,0.886,rt,
aru,2026-09-18,0.824,0.687,0.971,0.766,0.883,rt,
aru,2026-09-19,0.817,0.677,0.972,0.757,0.877,rt,
aru,2026-09-20,0.808,0.664,0.978,0.748,0.874,rt,
aru,2026-09-21,0.808,0.654,0.993,0.745,0.88,rt,
aru,2026-09-22,0.81,0.653,1.004,0.745,0.884,rt,
aru,2026-09-23,0.81,0.649,1.012,0.742,0.888,rt,
aru,2026-09-24,0.813,0.642,1.02,0.739,0.891,rt,
aru,2026-09-25,0.818,0.638,1.029,0.74,0.899,rt,
aru,2026-09-26,0.824,0.631,1.042,0.739,0.907,rt,
aru,2026-09-27,0.824,0.617,1.055,0.738,0.914,rt,
aru,2026-09-28,0.821,0.597,1.064,0.729,0.916,rt,
aru,2026-09-29,0.822,0.594,1.077,0.726,0.92,rt,
aru,2026-09-30,0.822,0.585,1.085,0.72,0.922,rt,
aru,2026-10-01,0.818,0.58,1.094,0.713,0.924,rt,
aru,2026-10-02,0.816,0.568,1.112,0.707,0.923,rt,
aru,2026-10-03,0.812,0.551,1.122,0.699,0.922,rt,
aru,2026-10-04,0.806,0.536,1.136,0.689,0.927,rt,
aru,2026-10-05,0.798,0.514,1.151,0.674,0.929,rt,
aru,2026-10-06,0.806,0.524,1.16,0.686,0.943,rt,
aungba,2026-07-08,1.074,0.947,1.192,1.025,1.122,rt,
aungba,2026-07-09,1.079,0.954,1.197,1.031,1.128,rt,
aungba,2026-07-10,1.087,0.965,1.196,1.04,1.133,rt,
aungba,2026-07-11,1.093,0.971,1.206,1.046,1.141,rt,
aungba,2026-07-12,1.099,0.971,1.224,1.049,1.15,rt,
aungba,2026-07-13,1.097,0.96,1.231,1.041,1.151,rt,
aungba,2026-07-14,1.098,0.966,1.219,1.043,1.147,rt,
aungba,2026-07-15,1.095,0.97,1.212,1.044,1.146,rt,
aungba,2026-07-16,1.095,0.968,1.209,1.044,1.144,rt,
aungba,2026-07-17,1.096,0.976,1.21,1.049,1.144,rt,
aungba,2026-07-18,1.098,0.978,1.214,1.05,1.146,rt,
aungba,2026-07-19,1.097,0.975,1.219,1.046,1.147,rt,
aungba,2026-07-20,1.097,0.968,1.223,1.04,1.149,rt,
aungba,2026-07-21,1.095,0.972,1.215,1.04,1.142,rt,
aungba,2026-07-22,1.091,0.972,1.209,1.039,1.137,rt,
aungba,2026-07-23,1.085,0.965,1.206,1.034,1.132,rt,
aungba,2026-07-24,1.078,0.96,1.194,1.03,1.124,rt,
aungba,2026-07-25,1.07,0.951,1.186,1.023,1.117,rt,
aungba,2026-07-26,1.059,0.939,1.18,1.013,1.109,rt,
aungba,2026-07-27,1.055,0.93,1.182,1.007,1.107,rt,
aungba,2026-07-28,1.054,0.933,1.173,1.008,1.102,rt,
aungba,2026-07-29,1.053,0.933,1.166,1.006,1.097,rt,
aungba,2026-07-30,1.047,0.931,1.162,1.002,1.092,rt,
aungba,2026-07-31,1.034,0.926,1.145,0.991,1.079,rt,
aungba,2026-08-01,1.022,0.911,1.131,0.979,1.066,rt,
aungba,2026-08-02,1.008,0.893,1.121,0.96,1.054,rt,
aungba,2026-08-03,0.991,0.864,1.114,0.94,1.042,rt,
aungba,2026-08-04,0.985,0.865,1.103,0.936,1.032,rt,
aungba,2026-08-05,0.979,0.865,1.097,0.932,1.023,rt,
aungba,2026-08-06,0.972,0.861,1.091,0.924,1.017,rt,
aungba,2026-08-07,0.966,0.86,1.078,0.921,1.009,rt,
aungba,2026-08-08,0.958,0.854,1.069,0.913,1.002,rt,
aungba,2026-08-09,0.949,0.843,1.061,0.904,0.994,rt,
aungba,2026-08-10,0.932,0.819,1.046,0.883,0.979,rt,
aungba,2026-08-11,0.924,0.819,1.032,0.879,0.968,rt,
aungba,2026-08-12,0.917,0.816,1.024,0.874,0.958,rt,
aungba,2026-08-13,0.91,0.811,1.014,0.868,0.95,rt,
aungba,2026-08-14,0.902,0.806,1.001,0.864,0.942,rt,
aungba,2026-08-15,0.895,0.795,0.99,0.857,0.932,rt,
aungba,2026-08-16,0.886,0.783,0.981,0.847,0.925,rt,
aungba,2026-08-17,0.883,0.773,0.984,0.844,0.926,rt,
aungba,2026-08-18,0.885,0.779,0.986,0.846,0.93,rt,
aungba,2026-08-19,0.887,0.781,0.989,0.848,0.93,rt,
aungba,2026-08-20,0.89,0.782,0.996,0.849,0.931,rt,
aungba,2026-08-21,0.893,0.789,0.995,0.853,0.934,rt,
aungba,2026-08-22,0.894,0.792,0.998,0.854,0.934,rt,
aungba,2026-08-23,0.894,0.792,1.0,0.852,0.934,rt,
aungba,2026-08-24,0.905,0.797,1.022,0.86,0.947,rt,
aungba,2026-08-25,0.921,0.815,1.036,0.878,0.965,rt,
aungba,2026-08-26,0.938,0.833,1.05,0.893,0.98,rt,
aungba,2026-08-27,0.952,0.843,1.069,0.908,0.999,rt,
aungba,2026-08-28,0.967,0.861,1.078,0.925,1.012,rt,
aungba,2026-08-29,0.981,0.876,1.089,0.937,1.024,rt,
aungba,2026-08-30,0.993,0.884,1.102,0.947,1.037,rt,
aungba,2026-08-31,0.992,0.879,1.102,0.943,1.037,rt,
aungba,2026-09-01,0.997,0.891,1.106,0.95,1.044,rt,
aungba,2026-09-02,1.002,0.896,1.111,0.955,1.051,rt,
aungba,2026-09-03,1.007,0.897,1.12,0.958,1.055,rt,
aungba,2026-09-04,1.006,0.899,1.116,0.959,1.052,rt,
aungba,2026-09-05,1.005,0.895,1.113,0.957,1.049,rt,
aungba,2026-09-06,0.998,0.887,1.112,0.949,1.045,rt,
aungba,2026-09-07,0.982,0.866,1.096,0.93,1.03,rt,
aungba,2026-09-08,0.971,0.855,1.082,0.921,1.016,rt,
aungba,2026-09-09,0.958,0.844,1.072,0.908,1.007,rt,
aungba,2026-09-10,0.944,0.826,1.063,0.892,0.991,rt,
aungba,2026-09-11,0.92,0.803,1.039,0.87,0.968,rt,
aungba,2026-09-12,0.896,0.777,1.017,0.849,0.944,rt,
aungba,2026-09-13,0.871,0.749,0.993,0.823,0.92,rt,
aungba,2026-09-14,0.85,0.717,0.977,0.795,0.897,rt,
aungba,2026-09-15,0.84,0.708,0.967,0.785,0.889,rt,
aungba,2026-09-16,0.829,0.7,0.962,0.776,0.882,rt,
aungba,2026-09-17,0.821,0.691,0.96,0.766,0.876,rt,
aungba,2026-09-18,0.814,0.68,0.962,0.759,0.872,rt,
aungba,2026-09-19,0.806,0.668,0.965,0.751,0.867,rt,
aungba,2026-09-20,0.799,0.653,0.971,0.741,0.864,rt,
aungba,2026-09-21,0.799,0.648,0.985,0.738,0.87,rt,
aungba,2026-09-22,0.802,0.646,0.993,0.738,0.872,rt,
aungba,2026-09-23,0.802,0.644,1.002,0.734,0.876,rt,
aungba,2026-09-24,0.801,0.635,1.01,0.732,0.88,rt,
aungba,2026-09-25,0.808,0.627,1.017,0.732,0.89,rt,
aungba,2026-09-26,0.808,0.617,1.026,0.729,0.9,rt,
aungba,2026-09-27,0.81,0.604,1.041,0.728,0.909,rt,
aungba,2026-09-28,0.808,0.587,1.051,0.719,0.906,rt,
aungba,2026-09-29,0.808,0.582,1.06,0.715,0.911,rt,
aungba,2026-09-30,0.808,0.576,1.07,0.71,0.914,rt,
aungba,2026-10-01,0.808,0.567,1.078,0.701,0.914,rt,
aungba,2026-10-02,0.807,0.558,1.094,0.695,0.918,rt,
aungba,2026-10-03,0.804,0.545,1.112,0.69,0.915,rt,
aungba,2026-10-04,0.798,0.527,1.119,0.675,0.921,rt,
aungba,2026-10-05,0.789,0.509,1.137,0.661,0.92,rt,
aungba,2026-10-06,0.798,0.516,1.154,0.675,0.932,rt,
bambu,2026-05-22,1.499,0.963,2.229,1.264,1.77,rt,
bambu,2026-05-23,1.468,0.945,2.208,1.244,1.746,rt,
bambu,2026-05-24,1.438,0.918,2.181,1.202,1.709,rt,
bambu,2026-05-25,1.4,0.871,2.18,1.152,1.669,rt,
bambu,2026-05-26,1.4,0.905,2.118,1.17,1.652,rt,
bambu,2026-05-27,1.398,0.939,2.08,1.188,1.644,rt,
bambu,2026-05-28,1.402,0.963,2.065,1.2,1.635,rt,
bambu,2026-05-29,1.414,0.99,2.024,1.219,1.641,rt,
bambu,2026-05-30,1.428,0.99,2.041,1.227,1.648,rt,
bambu,2026-05-31,1.441,0.985,2.068,1.226,1.668,rt,
bambu,2026-06-01,1.453,0.971,2.14,1.235,1.712,rt,
bambu,2026-06-02,1.492,1.032,2.109,1.286,1.722,rt,
bambu,2026-06-03,1.529,1.082,2.114,1.327,1.748,rt,
bambu,2026-06-04,1.556,1.126,2.131,1.361,1.778,rt,
bambu,2026-06-05,1.582,1.153,2.172,1.382,1.809,rt,
bambu,2026-06-06,1.605,1.15,2.201,1.398,1.829,rt,
bambu,2026-06-07,1.609,1.133,2.248,1.4,1.843,rt,
bambu,2026-06-08,1.622,1.114,2.321,1.398,1.87,rt,
bambu,2026-06-09,1.624,1.151,2.264,1.425,1.846,rt,
bambu,2026-06-10,1.621,1.179,2.214,1.433,1.82,rt,
bambu,2026-06-11,1.617,1.202,2.184,1.442,1.817,rt,
bambu,2026-06-12,1.612,1.206,2.167,1.437,1.809,rt,
bambu,2026-06-13,1.601,1.194,2.16,1.429,1.801,rt,
bambu,2026-06-14,1.585,1.164,2.191,1.401,1.81,rt,
bambu,2026-06-15,1.577,1.134,2.251,1.383,1.817,rt,
bambu,2026-06-16,1.573,1.171,2.168,1.399,1.793,rt,
bambu,2026-06-17,1.575,1.194,2.117,1.411,1.777,rt,
bambu,2026-06-18,1.585,1.198,2.106,1.424,1.759,rt,
bambu,2026-06-19,1.582,1.193,2.102,1.423,1.753,rt,
bambu,2026-06-20,1.585,1.192,2.103,1.418,1.758,rt,
bambu,2026-06-21,1.577,1.172,2.157,1.41,1.768,rt,
bambu,2026-06-22,1.576,1.153,2.194,1.39,1.781,rt,
bambu,2026-06-23,1.55,1.169,2.103,1.386,1.743,rt,
bambu,2026-06-24,1.529,1.17,2.02,1.382,1.714,rt,
bambu,2026-06-25,1.511,1.173,1.976,1.369,1.692,rt,
bambu,2026-06-26,1.49,1.162,1.939,1.343,1.669,rt,
bambu,2026-06-27,1.475,1.132,1.929,1.32,1.65,rt,
bambu,2026-06-28,1.454,1.098,1.937,1.287,1.635,rt,
bambu,2026-06-29,1.416,1.036,1.927,1.242,1.606,rt,
bambu,2026-06-30,1.374,1.036,1.813,1.223,1.544,rt,
bambu,2026-07-01,1.334,1.034,1.728,1.202,1.489,rt,
bambu,2026-07-02,1.303,1.013,1.669,1.177,1.445,rt,
bambu,2026-07-03,1.268,0.983,1.628,1.149,1.401,rt,
bambu,2026-07-04,1.236,0.949,1.598,1.113,1.366,rt,
bambu,2026-07-05,1.206,0.896,1.587,1.076,1.342,rt,
bambu,2026-07-06,1.182,0.848,1.579,1.043,1.327,rt,
bambu,2026-07-07,1.176,0.877,1.537,1.057,1.309,rt,
bambu,2026-07-08,1.171,0.89,1.497,1.061,1.289,rt,
bambu,2026-07-09,1.168,0.901,1.479,1.067,1.281,rt,
bambu,2026-07-10,1.168,0.905,1.477,1.066,1.279,rt,
bambu,2026-07-11,1.164,0.895,1.49,1.059,1.281,rt,
bambu,2026-07-12,1.158,0.877,1.517,1.047,1.284,rt,
bambu,2026-07-13,1.144,0.841,1.528,1.02,1.284,rt,
bambu,2026-07-14,1.157,0.878,1.514,1.046,1.286,rt,
bambu,2026-07-15,1.167,0.912,1.507,1.063,1.294,rt,
bambu,2026-07-16,1.178,0.926,1.506,1.073,1.301,rt,
bambu,2026-07-17,1.194,0.938,1.523,1.084,1.321,rt,
bambu,2026-07-18,1.207,0.943,1.556,1.089,1.342,rt,
bambu,2026-07-19,1.218,0.931,1.613,1.087,1.371,rt,
bambu,2026-07-20,1.228,0.908,1.681,1.082,1.393,rt,
bambu,2026-07-21,1.233,0.945,1.627,1.105,1.383,rt,
bambu,2026-07-22,1.232,0.971,1.592,1.12,1.371,rt,
bambu,2026-07-23,1.237,0.99,1.568,1.129,1.366,rt,
bambu,2026-07-24,1.237,0.992,1.568,1.133,1.363,rt,
bambu,2026-07-25,1.236,0.977,1.569,1.13,1.363,rt,
bambu,2026-07-26,1.233,0.951,1.601,1.117,1.372,rt,
bambu,2026-07-27,1.235,0.925,1.648,1.108,1.39,rt,
bambu,2026-07-28,1.243,0.964,1.594,1.128,1.377,rt,
bambu,2026-07-29,1.248,0.997,1.555,1.137,1.369,rt,
bambu,2026-07-30,1.248,1.015,1.537,1.149,1.365,rt,
bambu,2026-07-31,1.244,1.007,1.53,1.138,1.352,rt,
bambu,2026-08-01,1.232,0.99,1.537,1.125,1.344,rt,
bambu,2026-08-02,1.215,0.961,1.569,1.103,1.341,rt,
bambu,2026-08-03,1.203,0.916,1.611,1.078,1.341,rt,
bambu,2026-08-04,1.192,0.926,1.557,1.076,1.316,rt,
bambu,2026-08-05,1.181,0.929,1.509,1.071,1.288,rt,
bambu,2026-08-06,1.165,0.918,1.466,1.059,1.271,rt,
bambu,2026-08-07,1.147,0.905,1.438,1.046,1.255,rt,
bambu,2026-08-08,1.133,0.884,1.436,1.025,1.243,rt,
bambu,2026-08-09,1.117,0.853,1.43,1.0,1.236,rt,
bambu,2026-08-10,1.085,0.807,1.438,0.962,1.218,rt,
bambu,2026-08-11,1.048,0.794,1.359,0.937,1.164,rt,
bambu,2026-08-12,1.01,0.776,1.291,0.906,1.112,rt,
bambu,2026-08-13,0.973,0.751,1.232,0.875,1.073,rt,
bambu,2026-08-14,0.936,0.724,1.187,0.847,1.033,rt,
bambu,2026-08-15,0.9,0.691,1.146,0.814,0.996,rt,
bambu,2026-08-16,0.865,0.651,1.128,0.776,0.962,rt,
bambu,2026-08-17,0.839,0.608,1.127,0.743,0.939,rt,
bambu,2026-08-18,0.816,0.604,1.062,0.727,0.902,rt,
bambu,2026-08-19,0.791,0.595,1.01,0.709,0.873,rt,
bambu,2026-08-20,0.767,0.582,0.972,0.687,0.844,rt,
bambu,2026-08-21,0.743,0.568,0.936,0.669,0.819,rt,
bambu,2026-08-22,0.717,0.544,0.916,0.645,0.799,rt,
bambu,2026-08-23,0.695,0.51,0.901,0.616,0.781,rt,
bambu,2026-08-24,0.677,0.486,0.909,0.597,0.775,rt,
bambu,2026-08-25,0.686,0.504,0.899,0.609,0.773,rt,
bambu,2026-08-26,0.692,0.518,0.893,0.62,0.771,rt,
bambu,2026-08-27,0.697,0.528,0.895,0.625,0.776,rt,
bambu,2026-08-28,0.702,0.531,0.906,0.632,0.782,rt,
bambu,2026-08-29,0.704,0.529,0.921,0.629,0.789,rt,
bambu,2026-08-30,0.705,0.517,0.942,0.622,0.793,rt,
bambu,2026-08-31,0.702,0.494,0.955,0.605,0.796,rt,
bambu,2026-09-01,0.714,0.518,0.945,0.625,0.802,rt,
bambu,2026-09-02,0.727,0.536,0.948,0.64,0.808,rt,
bambu,2026-09-03,0.74,0.547,0.959,0.652,0.821,rt,
bambu,2026-09-04,0.75,0.552,0.97,0.662,0.831,rt,
bambu,2026-09-05,0.756,0.552,0.992,0.664,0.842,rt,
bambu,2026-09-06,0.76,0.539,1.024,0.662,0.854,rt,
bambu,2026-09-07,0.753,0.517,1.057,0.652,0.859,rt,
bambu,2026-09-08,0.752,0.527,1.035,0.656,0.848,rt,
bambu,2026-09-09,0.748,0.534,1.014,0.656,0.84,rt,
bambu,2026-09-10,0.739,0.537,0.998,0.652,0.836,rt,
bambu,2026-09-11,0.726,0.526,0.984,0.639,0.825,rt,
bambu,2026-09-12,0.714,0.503,0.976,0.621,0.811,rt,
bambu,2026-09-13,0.701,0.475,0.989,0.6,0.801,rt,
bambu,2026-09-14,0.685,0.449,0.999,0.575,0.794,rt,
bambu,2026-09-15,0.69,0.465,0.991,0.584,0.798,rt,
bambu,2026-09-16,0.694,0.473,1.007,0.595,0.805,rt,
bambu,2026-09-17,0.704,0.471,1.019,0.604,0.819,rt,
bambu,2026-09-18,0.714,0.472,1.038,0.606,0.836,rt,
bambu,2026-09-19,0.728,0.469,1.075,0.607,0.856,rt,
bambu,2026-09-20,0.735,0.457,1.111,0.611,0.875,rt,
bambu,2026-09-21,0.749,0.453,1.187,0.611,0.91,rt,
bambu,2026-09-22,0.748,0.454,1.185,0.611,0.909,rt,
bambu,2026-09-23,0.752,0.455,1.194,0.618,0.909,rt,
bambu,2026-09-24,0.755,0.44,1.203,0.618,0.917,rt,
bambu,2026-09-25,0.758,0.434,1.235,0.615,0.931,rt,
bambu,2026-09-26,0.758,0.421,1.258,0.6,0.946,rt,
bambu,2026-09-27,0.764,0.402,1.307,0.588,0.97,rt,
bambu,2026-09-28,0.757,0.375,1.363,0.569,0.988,rt,
bambu,2026-09-29,0.759,0.373,1.345,0.562,0.97,rt,
bambu,2026-09-30,0.755,0.372,1.346,0.556,0.973,rt,
bambu,2026-10-01,0.742,0.369,1.359,0.549,0.972,rt,
bambu,2026-10-02,0.732,0.356,1.357,0.537,0.97,rt,
bambu,2026-10-03,0.723,0.334,1.385,0.528,0.968,rt,
bambu,2026-10-04,0.709,0.313,1.432,0.514,0.976,rt,
bambu,2026-10-05,0.697,0.293,1.478,0.502,0.969,rt,
bambu,2026-10-06,0.706,0.275,1.555,0.494,0.99,rt,
boga,2026-08-13,0.902,0.8,1.012,0.858,0.947,rt,
boga,2026-08-14,0.896,0.795,1.004,0.853,0.939,rt,
boga,2026-08-15,0.888,0.788,0.996,0.846,0.931,rt,
boga,2026-08-16,0.88,0.779,0.984,0.835,0.924,rt,
boga,2026-08-17,0.877,0.771,0.994,0.83,0.926,rt,
boga,2026-08-18,0.88,0.776,0.993,0.835,0.925,rt,
boga,2026-08-19,0.881,0.777,0.996,0.838,0.925,rt,
boga,2026-08-20,0.882,0.773,0.998,0.837,0.926,rt,
boga,2026-08-21,0.885,0.78,0.998,0.843,0.925,rt,
boga,2026-08-22,0.885,0.782,0.999,0.845,0.926,rt,
boga,2026-08-23,0.883,0.778,0.999,0.84,0.926,rt,
boga,2026-08-24,0.892,0.783,1.011,0.845,0.937,rt,
boga,2026-08-25,0.906,0.799,1.025,0.863,0.954,rt,
boga,2026-08-26,0.923,0.816,1.039,0.878,0.969,rt,
boga,2026-08-27,0.935,0.824,1.052,0.891,0.985,rt,
boga,2026-08-28,0.948,0.841,1.064,0.905,0.996,rt,
boga,2026-08-29,0.961,0.849,1.074,0.916,1.007,rt,
boga,2026-08-30,0.97,0.855,1.085,0.924,1.017,rt,
boga,2026-08-31,0.966,0.849,1.085,0.918,1.013,rt,
boga,2026-09-01,0.972,0.864,1.089,0.927,1.019,rt,
boga,2026-09-02,0.979,0.87,1.096,0.933,1.025,rt,
boga,2026-09-03,0.984,0.872,1.105,0.938,1.032,rt,
boga,2026-09-04,0.985,0.876,1.101,0.94,1.031,rt,
boga,2026-09-05,0.983,0.874,1.098,0.937,1.029,rt,
boga,2026-09-06,0.979,0.863,1.097,0.931,1.025,rt,
boga,2026-09-07,0.963,0.841,1.086,0.914,1.014,rt,
boga,2026-09-08,0.95,0.834,1.075,0.904,1.0,rt,
boga,2026-09-09,0.94,0.82,1.068,0.891,0.987,rt,
boga,2026-09-10,0.928,0.808,1.056,0.876,0.976,rt,
boga,2026-09-11,0.906,0.786,1.03,0.855,0.954,rt,
boga,2026-09-12,0.882,0.761,1.002,0.833,0.932,rt,
boga,2026-09-13,0.858,0.734,0.98,0.807,0.908,rt,
boga,2026-09-14,0.834,0.706,0.964,0.781,0.888,rt,
boga,2026-09-15,0.823,0.695,0.954,0.77,0.879,rt,
boga,2026-09-16,0.815,0.683,0.948,0.762,0.871,rt,
boga,2026-09-17,0.808,0.672,0.945,0.753,0.867,rt,
boga,2026-09-18,0.802,0.664,0.942,0.745,0.858,rt,
boga,2026-09-19,0.794,0.654,0.947,0.737,0.854,rt,
boga,2026-09-20,0.786,0.638,0.952,0.728,0.851,rt,
boga,2026-09-21,0.785,0.63,0.963,0.723,0.857,rt,
boga,2026-09-22,0.785,0.629,0.971,0.723,0.859,rt,
boga,2026-09-23,0.789,0.621,0.976,0.72,0.861,rt,
boga,2026-09-24,0.79,0.614,0.986,0.717,0.864,rt,
boga,2026-09-25,0.791,0.61,1.0,0.716,0.874,rt,
boga,2026-09-26,0.794,0.599,1.01,0.713,0.881,rt,
boga,2026-09-27,0.794,0.584,1.025,0.708,0.888,rt,
boga,2026-09-28,0.791,0.567,1.033,0.701,0.888,rt,
boga,2026-09-29,0.794,0.563,1.042,0.695,0.889,rt,
boga,2026-09-30,0.794,0.558,1.053,0.691,0.893,rt,
boga,2026-10-01,0.791,0.55,1.064,0.686,0.894,rt,
boga,2026-10-02,0.791,0.538,1.078,0.679,0.894,rt,
boga,2026-10-03,0.784,0.524,1.089,0.67,0.895,rt,
boga,2026-10-04,0.774,0.512,1.105,0.656,0.9,rt,
boga,2026-10-05,0.768,0.494,1.125,0.64,0.899,rt,
boga,2026-10-06,0.776,0.498,1.127,0.654,0.908,rt,
bunia,2026-04-20,2.675,1.654,6.076,2.171,3.494,rt,
bunia,2026-04-21,2.635,1.682,5.595,2.174,3.413,rt,
bunia,2026-04-22,2.6,1.691,5.253,2.162,3.33,rt,
bunia,2026-04-23,2.568,1.689,4.99,2.146,3.251,rt,
bunia,2026-04-24,2.546,1.7,4.816,2.144,3.193,rt,
bunia,2026-04-25,2.537,1.711,4.828,2.136,3.148,rt,
bunia,2026-04-26,2.514,1.691,4.733,2.129,3.097,rt,
bunia,2026-04-27,2.484,1.679,4.56,2.104,3.051,rt,
bunia,2026-04-28,2.473,1.703,4.42,2.107,2.995,rt,
bunia,2026-04-29,2.452,1.709,4.288,2.108,2.946,rt,
bunia,2026-04-30,2.436,1.709,4.099,2.096,2.896,rt,
bunia,2026-05-01,2.438,1.727,4.018,2.105,2.882,rt,
bunia,2026-05-02,2.432,1.717,3.941,2.102,2.864,rt,
bunia,2026-05-03,2.431,1.695,3.936,2.094,2.861,rt,
bunia,2026-05-04,2.412,1.682,3.889,2.08,2.853,rt,
bunia,2026-05-05,2.417,1.716,3.758,2.087,2.829,rt,
bunia,2026-05-06,2.41,1.749,3.686,2.092,2.812,rt,
bunia,2026-05-07,2.387,1.747,3.612,2.093,2.8,rt,
bunia,2026-05-08,2.37,1.753,3.51,2.083,2.763,rt,
bunia,2026-05-09,2.347,1.76,3.495,2.068,2.74,rt,
bunia,2026-05-10,2.332,1.728,3.467,2.052,2.737,rt,
bunia,2026-05-11,2.257,1.645,3.373,1.975,2.644,rt,
bunia,2026-05-12,2.18,1.627,3.186,1.922,2.537,rt,
bunia,2026-05-13,2.104,1.61,3.013,1.87,2.436,rt,
bunia,2026-05-14,2.042,1.571,2.856,1.819,2.354,rt,
bunia,2026-05-15,1.968,1.521,2.728,1.766,2.26,rt,
bunia,2026-05-16,1.907,1.473,2.625,1.711,2.177,rt,
bunia,2026-05-17,1.847,1.407,2.541,1.652,2.096,rt,
bunia,2026-05-18,1.789,1.322,2.474,1.58,2.029,rt,
bunia,2026-05-19,1.721,1.297,2.322,1.535,1.929,rt,
bunia,2026-05-20,1.65,1.265,2.199,1.491,1.847,rt,
bunia,2026-05-21,1.585,1.235,2.081,1.436,1.766,rt,
bunia,2026-05-22,1.514,1.184,1.969,1.372,1.688,rt,
bunia,2026-05-23,1.447,1.124,1.868,1.299,1.614,rt,
bunia,2026-05-24,1.384,1.029,1.809,1.225,1.554,rt,
bunia,2026-05-25,1.308,0.934,1.767,1.142,1.488,rt,
bunia,2026-05-26,1.296,0.964,1.688,1.147,1.455,rt,
bunia,2026-05-27,1.289,0.986,1.644,1.153,1.424,rt,
bunia,2026-05-28,1.28,1.006,1.602,1.156,1.403,rt,
bunia,2026-05-29,1.275,1.017,1.585,1.163,1.386,rt,
bunia,2026-05-30,1.269,1.004,1.572,1.161,1.387,rt,
bunia,2026-05-31,1.267,0.985,1.577,1.148,1.39,rt,
bunia,2026-06-01,1.268,0.951,1.619,1.136,1.4,rt,
bunia,2026-06-02,1.325,1.043,1.629,1.204,1.438,rt,
bunia,2026-06-03,1.372,1.125,1.666,1.27,1.479,rt,
bunia,2026-06-04,1.425,1.191,1.7,1.325,1.524,rt,
bunia,2026-06-05,1.466,1.248,1.736,1.377,1.57,rt,
bunia,2026-06-06,1.507,1.278,1.793,1.414,1.616,rt,
bunia,2026-06-07,1.54,1.3,1.848,1.438,1.656,rt,
bunia,2026-06-08,1.575,1.307,1.918,1.459,1.705,rt,
bunia,2026-06-09,1.564,1.331,1.864,1.46,1.668,rt,
bunia,2026-06-10,1.543,1.335,1.812,1.457,1.644,rt,
bunia,2026-06-11,1.528,1.323,1.78,1.445,1.619,rt,
bunia,2026-06-12,1.509,1.302,1.766,1.424,1.594,rt,
bunia,2026-06-13,1.482,1.269,1.752,1.396,1.577,rt,
bunia,2026-06-14,1.456,1.244,1.743,1.361,1.563,rt,
bunia,2026-06-15,1.434,1.202,1.749,1.33,1.553,rt,
bunia,2026-06-16,1.389,1.19,1.658,1.297,1.49,rt,
bunia,2026-06-17,1.344,1.166,1.58,1.265,1.434,rt,
bunia,2026-06-18,1.302,1.138,1.512,1.228,1.383,rt,
bunia,2026-06-19,1.263,1.103,1.458,1.192,1.335,rt,
bunia,2026-06-20,1.222,1.063,1.41,1.15,1.295,rt,
bunia,2026-06-21,1.179,1.01,1.376,1.106,1.261,rt,
bunia,2026-06-22,1.145,0.952,1.353,1.065,1.228,rt,
bunia,2026-06-23,1.149,0.981,1.332,1.075,1.218,rt,
bunia,2026-06-24,1.15,1.001,1.313,1.088,1.212,rt,
bunia,2026-06-25,1.15,1.004,1.305,1.095,1.209,rt,
bunia,2026-06-26,1.152,1.009,1.298,1.095,1.209,rt,
bunia,2026-06-27,1.157,1.008,1.304,1.091,1.213,rt,
bunia,2026-06-28,1.156,0.992,1.319,1.083,1.219,rt,
bunia,2026-06-29,1.141,0.964,1.324,1.066,1.214,rt,
bunia,2026-06-30,1.135,0.986,1.296,1.074,1.2,rt,
bunia,2026-07-01,1.133,0.999,1.281,1.077,1.19,rt,
bunia,2026-07-02,1.133,1.005,1.276,1.08,1.183,rt,
bunia,2026-07-03,1.13,1.009,1.269,1.079,1.184,rt,
bunia,2026-07-04,1.128,1.0,1.275,1.074,1.184,rt,
bunia,2026-07-05,1.124,0.982,1.295,1.066,1.188,rt,
bunia,2026-07-06,1.126,0.969,1.33,1.062,1.202,rt,
bunia,2026-07-07,1.116,0.982,1.292,1.059,1.187,rt,
bunia,2026-07-08,1.106,0.989,1.257,1.056,1.166,rt,
bunia,2026-07-09,1.097,0.983,1.239,1.048,1.151,rt,
bunia,2026-07-10,1.089,0.974,1.226,1.043,1.142,rt,
bunia,2026-07-11,1.081,0.957,1.219,1.028,1.135,rt,
bunia,2026-07-12,1.072,0.936,1.222,1.009,1.129,rt,
bunia,2026-07-13,1.054,0.9,1.226,0.984,1.118,rt,
bunia,2026-07-14,1.042,0.904,1.195,0.98,1.104,rt,
bunia,2026-07-15,1.03,0.9,1.171,0.975,1.086,rt,
bunia,2026-07-16,1.019,0.89,1.153,0.964,1.07,rt,
bunia,2026-07-17,1.01,0.885,1.142,0.955,1.058,rt,
bunia,2026-07-18,1.0,0.867,1.135,0.946,1.051,rt,
bunia,2026-07-19,0.987,0.842,1.135,0.929,1.042,rt,
bunia,2026-07-20,0.975,0.815,1.138,0.911,1.038,rt,
bunia,2026-07-21,0.977,0.837,1.125,0.923,1.035,rt,
bunia,2026-07-22,0.981,0.853,1.112,0.926,1.029,rt,
bunia,2026-07-23,0.984,0.861,1.107,0.932,1.029,rt,
bunia,2026-07-24,0.983,0.864,1.102,0.934,1.028,rt,
bunia,2026-07-25,0.981,0.859,1.104,0.93,1.03,rt,
bunia,2026-07-26,0.976,0.842,1.118,0.922,1.031,rt,
bunia,2026-07-27,0.979,0.824,1.144,0.914,1.042,rt,
bunia,2026-07-28,0.991,0.855,1.139,0.932,1.048,rt,
bunia,2026-07-29,1.002,0.878,1.138,0.949,1.056,rt,
bunia,2026-07-30,1.012,0.897,1.149,0.961,1.068,rt,
bunia,2026-07-31,1.014,0.903,1.152,0.966,1.068,rt,
bunia,2026-08-01,1.017,0.9,1.169,0.965,1.071,rt,
bunia,2026-08-02,1.016,0.886,1.18,0.959,1.077,rt,
bunia,2026-08-03,1.013,0.866,1.2,0.949,1.084,rt,
bunia,2026-08-04,1.004,0.877,1.169,0.947,1.067,rt,
bunia,2026-08-05,0.996,0.876,1.146,0.944,1.053,rt,
bunia,2026-08-06,0.987,0.869,1.129,0.937,1.043,rt,
bunia,2026-08-07,0.978,0.86,1.112,0.926,1.034,rt,
bunia,2026-08-08,0.965,0.846,1.103,0.915,1.024,rt,
bunia,2026-08-09,0.953,0.82,1.11,0.897,1.017,rt,
bunia,2026-08-10,0.932,0.783,1.109,0.866,1.002,rt,
bunia,2026-08-11,0.918,0.786,1.071,0.857,0.979,rt,
bunia,2026-08-12,0.904,0.78,1.041,0.847,0.957,rt,
bunia,2026-08-13,0.888,0.766,1.014,0.837,0.94,rt,
bunia,2026-08-14,0.873,0.756,0.989,0.822,0.92,rt,
bunia,2026-08-15,0.855,0.736,0.975,0.807,0.907,rt,
bunia,2026-08-16,0.838,0.711,0.967,0.784,0.894,rt,
bunia,2026-08-17,0.827,0.686,0.976,0.769,0.888,rt,
bunia,2026-08-18,0.83,0.702,0.968,0.779,0.887,rt,
bunia,2026-08-19,0.834,0.718,0.961,0.785,0.885,rt,
bunia,2026-08-20,0.837,0.725,0.965,0.789,0.889,rt,
bunia,2026-08-21,0.843,0.731,0.97,0.795,0.892,rt,
bunia,2026-08-22,0.845,0.728,0.976,0.794,0.897,rt,
bunia,2026-08-23,0.846,0.713,0.99,0.792,0.903,rt,
bunia,2026-08-24,0.857,0.705,1.025,0.795,0.922,rt,
bunia,2026-08-25,0.864,0.731,1.009,0.808,0.925,rt,
bunia,2026-08-26,0.87,0.751,1.006,0.821,0.925,rt,
bunia,2026-08-27,0.877,0.759,1.007,0.828,0.926,rt,
bunia,2026-08-28,0.882,0.766,1.01,0.835,0.932,rt,
bunia,2026-08-29,0.883,0.762,1.019,0.834,0.939,rt,
bunia,2026-08-30,0.884,0.747,1.037,0.827,0.944,rt,
bunia,2026-08-31,0.87,0.718,1.049,0.805,0.942,rt,
bunia,2026-09-01,0.871,0.731,1.03,0.813,0.936,rt,
bunia,2026-09-02,0.87,0.741,1.021,0.817,0.931,rt,
bunia,2026-09-03,0.87,0.746,1.01,0.818,0.927,rt,
bunia,2026-09-04,0.865,0.737,1.0,0.813,0.917,rt,
bunia,2026-09-05,0.859,0.726,0.998,0.802,0.911,rt,
bunia,2026-09-06,0.848,0.697,1.001,0.784,0.906,rt,
bunia,2026-09-07,0.826,0.659,0.999,0.756,0.892,rt,
bunia,2026-09-08,0.819,0.668,0.976,0.755,0.879,rt,
bunia,2026-09-09,0.808,0.671,0.957,0.753,0.869,rt,
bunia,2026-09-10,0.8,0.67,0.943,0.745,0.856,rt,
bunia,2026-09-11,0.782,0.649,0.926,0.732,0.839,rt,
bunia,2026-09-12,0.767,0.626,0.921,0.71,0.824,rt,
bunia,2026-09-13,0.748,0.591,0.922,0.682,0.808,rt,
bunia,2026-09-14,0.726,0.554,0.928,0.651,0.801,rt,
bunia,2026-09-15,0.731,0.569,0.911,0.66,0.797,rt,
bunia,2026-09-16,0.734,0.583,0.907,0.667,0.799,rt,
bunia,2026-09-17,0.74,0.589,0.916,0.674,0.811,rt,
bunia,2026-09-18,0.75,0.585,0.935,0.68,0.821,rt,
bunia,2026-09-19,0.759,0.578,0.966,0.683,0.836,rt,
bunia,2026-09-20,0.765,0.566,1.002,0.683,0.858,rt,
bunia,2026-09-21,0.782,0.557,1.057,0.684,0.89,rt,
bunia,2026-09-22,0.781,0.548,1.046,0.684,0.885,rt,
bunia,2026-09-23,0.778,0.539,1.053,0.68,0.883,rt,
bunia,2026-09-24,0.775,0.527,1.056,0.676,0.883,rt,
bunia,2026-09-25,0.777,0.512,1.082,0.664,0.897,rt,
bunia,2026-09-26,0.775,0.486,1.113,0.655,0.907,rt,
bunia,2026-09-27,0.77,0.458,1.156,0.643,0.92,rt,
bunia,2026-09-28,0.764,0.422,1.199,0.624,0.926,rt,
bunia,2026-09-29,0.756,0.414,1.198,0.618,0.925,rt,
bunia,2026-09-30,0.754,0.401,1.204,0.606,0.92,rt,
bunia,2026-10-01,0.756,0.386,1.205,0.595,0.921,rt,
bunia,2026-10-02,0.753,0.369,1.211,0.58,0.919,rt,
bunia,2026-10-03,0.742,0.34,1.218,0.568,0.925,rt,
bunia,2026-10-04,0.731,0.321,1.253,0.553,0.932,rt,
bunia,2026-10-05,0.716,0.292,1.276,0.535,0.927,rt,
bunia,2026-10-06,0.719,0.27,1.355,0.513,0.958,rt,
damas,2026-06-13,1.106,0.698,1.656,0.919,1.306,rt,
damas,2026-06-14,1.092,0.685,1.674,0.907,1.3,rt,
damas,2026-06-15,1.082,0.663,1.714,0.889,1.301,rt,
damas,2026-06-16,1.102,0.7,1.696,0.919,1.31,rt,
damas,2026-06-17,1.124,0.729,1.682,0.952,1.319,rt,
damas,2026-06-18,1.149,0.753,1.666,0.98,1.342,rt,
damas,2026-06-19,1.172,0.771,1.691,0.996,1.368,rt,
damas,2026-06-20,1.196,0.788,1.729,1.011,1.393,rt,
damas,2026-06-21,1.212,0.794,1.813,1.024,1.436,rt,
damas,2026-06-22,1.237,0.794,1.898,1.027,1.485,rt,
damas,2026-06-23,1.237,0.824,1.837,1.047,1.466,rt,
damas,2026-06-24,1.242,0.845,1.795,1.057,1.46,rt,
damas,2026-06-25,1.24,0.854,1.784,1.064,1.452,rt,
damas,2026-06-26,1.238,0.844,1.792,1.064,1.449,rt,
damas,2026-06-27,1.244,0.83,1.808,1.057,1.454,rt,
damas,2026-06-28,1.242,0.812,1.854,1.047,1.468,rt,
damas,2026-06-29,1.224,0.79,1.886,1.022,1.464,rt,
damas,2026-06-30,1.212,0.805,1.81,1.027,1.417,rt,
damas,2026-07-01,1.207,0.816,1.75,1.031,1.405,rt,
damas,2026-07-02,1.193,0.812,1.721,1.028,1.389,rt,
damas,2026-07-03,1.19,0.811,1.688,1.02,1.372,rt,
damas,2026-07-04,1.178,0.802,1.678,1.008,1.372,rt,
damas,2026-07-05,1.162,0.777,1.714,0.988,1.374,rt,
damas,2026-07-06,1.161,0.746,1.778,0.976,1.395,rt,
damas,2026-07-07,1.176,0.789,1.73,1.005,1.395,rt,
damas,2026-07-08,1.189,0.82,1.709,1.031,1.395,rt,
damas,2026-07-09,1.211,0.834,1.726,1.052,1.4,rt,
damas,2026-07-10,1.232,0.856,1.763,1.068,1.421,rt,
damas,2026-07-11,1.247,0.869,1.812,1.078,1.45,rt,
damas,2026-07-12,1.266,0.856,1.896,1.088,1.471,rt,
damas,2026-07-13,1.275,0.83,1.983,1.085,1.503,rt,
damas,2026-07-14,1.275,0.855,1.912,1.081,1.494,rt,
damas,2026-07-15,1.27,0.878,1.867,1.098,1.49,rt,
damas,2026-07-16,1.277,0.896,1.849,1.101,1.486,rt,
damas,2026-07-17,1.285,0.893,1.895,1.105,1.506,rt,
damas,2026-07-18,1.288,0.862,1.942,1.102,1.515,rt,
damas,2026-07-19,1.298,0.835,2.001,1.088,1.538,rt,
damas,2026-07-20,1.305,0.813,2.082,1.072,1.552,rt,
damas,2026-07-21,1.293,0.843,1.986,1.077,1.526,rt,
damas,2026-07-22,1.282,0.868,1.902,1.083,1.495,rt,
damas,2026-07-23,1.268,0.872,1.831,1.08,1.471,rt,
damas,2026-07-24,1.248,0.861,1.778,1.074,1.461,rt,
damas,2026-07-25,1.236,0.842,1.783,1.056,1.45,rt,
damas,2026-07-26,1.218,0.817,1.801,1.036,1.44,rt,
damas,2026-07-27,1.204,0.774,1.846,1.015,1.443,rt,
damas,2026-07-28,1.188,0.799,1.74,1.018,1.403,rt,
damas,2026-07-29,1.176,0.807,1.664,1.006,1.365,rt,
damas,2026-07-30,1.155,0.807,1.623,0.999,1.34,rt,
damas,2026-07-31,1.125,0.781,1.579,0.976,1.305,rt,
damas,2026-08-01,1.102,0.739,1.57,0.941,1.281,rt,
damas,2026-08-02,1.076,0.705,1.578,0.901,1.268,rt,
damas,2026-08-03,1.042,0.653,1.585,0.858,1.254,rt,
damas,2026-08-04,1.026,0.667,1.517,0.853,1.225,rt,
damas,2026-08-05,1.013,0.658,1.459,0.847,1.189,rt,
damas,2026-08-06,0.994,0.646,1.42,0.834,1.165,rt,
damas,2026-08-07,0.978,0.633,1.398,0.825,1.143,rt,
damas,2026-08-08,0.963,0.613,1.393,0.806,1.125,rt,
damas,2026-08-09,0.936,0.584,1.395,0.775,1.109,rt,
damas,2026-08-10,0.907,0.55,1.398,0.743,1.087,rt,
damas,2026-08-11,0.891,0.561,1.348,0.744,1.059,rt,
damas,2026-08-12,0.875,0.567,1.299,0.733,1.031,rt,
damas,2026-08-13,0.864,0.561,1.261,0.722,1.011,rt,
damas,2026-08-14,0.845,0.555,1.251,0.71,1.0,rt,
damas,2026-08-15,0.826,0.537,1.252,0.696,0.99,rt,
damas,2026-08-16,0.813,0.5,1.257,0.673,0.978,rt,
damas,2026-08-17,0.803,0.474,1.289,0.657,0.977,rt,
damas,2026-08-18,0.796,0.479,1.226,0.657,0.952,rt,
damas,2026-08-19,0.79,0.478,1.171,0.648,0.93,rt,
damas,2026-08-20,0.778,0.469,1.148,0.641,0.909,rt,
damas,2026-08-21,0.763,0.465,1.133,0.632,0.9,rt,
damas,2026-08-22,0.75,0.453,1.135,0.62,0.892,rt,
damas,2026-08-23,0.735,0.433,1.155,0.606,0.884,rt,
damas,2026-08-24,0.728,0.413,1.19,0.594,0.894,rt,
damas,2026-08-25,0.728,0.423,1.145,0.595,0.882,rt,
damas,2026-08-26,0.73,0.432,1.106,0.591,0.871,rt,
damas,2026-08-27,0.723,0.432,1.09,0.586,0.867,rt,
damas,2026-08-28,0.715,0.428,1.088,0.584,0.865,rt,
damas,2026-08-29,0.701,0.422,1.093,0.575,0.862,rt,
damas,2026-08-30,0.691,0.407,1.133,0.56,0.859,rt,
damas,2026-08-31,0.671,0.385,1.15,0.543,0.85,rt,
damas,2026-09-01,0.665,0.382,1.106,0.537,0.831,rt,
damas,2026-09-02,0.657,0.384,1.076,0.532,0.806,rt,
damas,2026-09-03,0.653,0.379,1.043,0.525,0.786,rt,
damas,2026-09-04,0.634,0.372,1.017,0.513,0.776,rt,
damas,2026-09-05,0.615,0.358,0.995,0.499,0.759,rt,
damas,2026-09-06,0.601,0.345,0.98,0.482,0.749,rt,
damas,2026-09-07,0.575,0.324,0.961,0.456,0.73,rt,
damas,2026-09-08,0.567,0.324,0.933,0.451,0.711,rt,
damas,2026-09-09,0.561,0.322,0.898,0.443,0.691,rt,
damas,2026-09-10,0.549,0.32,0.879,0.436,0.671,rt,
damas,2026-09-11,0.533,0.314,0.857,0.423,0.646,rt,
damas,2026-09-12,0.515,0.303,0.84,0.411,0.633,rt,
damas,2026-09-13,0.494,0.29,0.825,0.397,0.616,rt,
damas,2026-09-14,0.48,0.274,0.816,0.378,0.599,rt,
damas,2026-09-15,0.482,0.278,0.803,0.384,0.598,rt,
damas,2026-09-16,0.484,0.284,0.804,0.387,0.599,rt,
damas,2026-09-17,0.49,0.284,0.816,0.391,0.611,rt,
damas,2026-09-18,0.491,0.287,0.831,0.394,0.62,rt,
damas,2026-09-19,0.498,0.284,0.858,0.394,0.631,rt,
damas,2026-09-20,0.506,0.282,0.896,0.396,0.644,rt,
damas,2026-09-21,0.516,0.279,0.942,0.397,0.662,rt,
damas,2026-09-22,0.522,0.29,0.947,0.409,0.667,rt,
damas,2026-09-23,0.53,0.297,0.966,0.421,0.674,rt,
damas,2026-09-24,0.538,0.302,0.97,0.426,0.687,rt,
damas,2026-09-25,0.549,0.311,1.006,0.433,0.705,rt,
damas,2026-09-26,0.557,0.312,1.041,0.437,0.72,rt,
damas,2026-09-27,0.568,0.31,1.066,0.444,0.735,rt,
damas,2026-09-28,0.572,0.306,1.109,0.446,0.752,rt,
damas,2026-09-29,0.579,0.313,1.115,0.453,0.753,rt,
damas,2026-09-30,0.587,0.317,1.112,0.456,0.761,rt,
damas,2026-10-01,0.587,0.317,1.138,0.461,0.767,rt,
damas,2026-10-02,0.595,0.312,1.167,0.464,0.781,rt,
damas,2026-10-03,0.601,0.309,1.205,0.467,0.788,rt,
damas,2026-10-04,0.604,0.302,1.25,0.466,0.802,rt,
damas,2026-10-05,0.607,0.297,1.317,0.464,0.81,rt,
damas,2026-10-06,0.641,0.3,1.477,0.471,0.881,rt,
drodro,2026-06-27,1.333,1.185,1.508,1.272,1.396,rt,
drodro,2026-06-28,1.315,1.166,1.481,1.256,1.377,rt,
drodro,2026-06-29,1.283,1.132,1.456,1.22,1.344,rt,
drodro,2026-06-30,1.263,1.123,1.419,1.204,1.317,rt,
drodro,2026-07-01,1.24,1.113,1.389,1.19,1.294,rt,
drodro,2026-07-02,1.22,1.1,1.362,1.174,1.273,rt,
drodro,2026-07-03,1.202,1.083,1.333,1.156,1.25,rt,
drodro,2026-07-04,1.183,1.064,1.305,1.136,1.231,rt,
drodro,2026-07-05,1.163,1.043,1.288,1.117,1.212,rt,
drodro,2026-07-06,1.152,1.027,1.283,1.102,1.204,rt,
drodro,2026-07-07,1.154,1.039,1.274,1.107,1.201,rt,
drodro,2026-07-08,1.155,1.049,1.271,1.112,1.2,rt,
drodro,2026-07-09,1.156,1.053,1.271,1.113,1.203,rt,
drodro,2026-07-10,1.16,1.062,1.274,1.117,1.204,rt,
drodro,2026-07-11,1.163,1.057,1.279,1.121,1.206,rt,
drodro,2026-07-12,1.165,1.052,1.288,1.119,1.211,rt,
drodro,2026-07-13,1.157,1.036,1.291,1.107,1.21,rt,
drodro,2026-07-14,1.155,1.039,1.281,1.107,1.205,rt,
drodro,2026-07-15,1.154,1.038,1.273,1.106,1.199,rt,
drodro,2026-07-16,1.15,1.034,1.268,1.104,1.197,rt,
drodro,2026-07-17,1.15,1.041,1.262,1.105,1.195,rt,
drodro,2026-07-18,1.15,1.043,1.263,1.102,1.194,rt,
drodro,2026-07-19,1.148,1.034,1.269,1.098,1.192,rt,
drodro,2026-07-20,1.144,1.025,1.27,1.091,1.191,rt,
drodro,2026-07-21,1.139,1.028,1.26,1.089,1.183,rt,
drodro,2026-07-22,1.134,1.024,1.25,1.085,1.176,rt,
drodro,2026-07-23,1.126,1.02,1.239,1.079,1.169,rt,
drodro,2026-07-24,1.117,1.014,1.224,1.074,1.159,rt,
drodro,2026-07-25,1.107,1.007,1.211,1.065,1.151,rt,
drodro,2026-07-26,1.094,0.991,1.205,1.053,1.144,rt,
drodro,2026-07-27,1.09,0.977,1.211,1.045,1.139,rt,
drodro,2026-07-28,1.086,0.981,1.202,1.045,1.132,rt,
drodro,2026-07-29,1.082,0.978,1.192,1.042,1.126,rt,
drodro,2026-07-30,1.077,0.973,1.187,1.035,1.12,rt,
drodro,2026-07-31,1.065,0.964,1.17,1.024,1.106,rt,
drodro,2026-08-01,1.051,0.949,1.156,1.008,1.092,rt,
drodro,2026-08-02,1.035,0.928,1.142,0.991,1.079,rt,
drodro,2026-08-03,1.017,0.9,1.135,0.97,1.064,rt,
drodro,2026-08-04,1.008,0.897,1.122,0.965,1.053,rt,
drodro,2026-08-05,1.003,0.893,1.113,0.958,1.044,rt,
drodro,2026-08-06,0.994,0.887,1.105,0.949,1.037,rt,
drodro,2026-08-07,0.985,0.884,1.091,0.942,1.027,rt,
drodro,2026-08-08,0.976,0.877,1.08,0.933,1.016,rt,
drodro,2026-08-09,0.966,0.862,1.07,0.921,1.009,rt,
drodro,2026-08-10,0.946,0.838,1.052,0.9,0.989,rt,
drodro,2026-08-11,0.937,0.833,1.035,0.893,0.978,rt,
drodro,2026-08-12,0.928,0.829,1.025,0.888,0.968,rt,
drodro,2026-08-13,0.919,0.821,1.017,0.878,0.958,rt,
drodro,2026-08-14,0.91,0.816,1.003,0.871,0.946,rt,
drodro,2026-08-15,0.9,0.804,0.99,0.862,0.936,rt,
drodro,2026-08-16,0.889,0.79,0.979,0.849,0.926,rt,
drodro,2026-08-17,0.884,0.782,0.978,0.843,0.923,rt,
drodro,2026-08-18,0.885,0.787,0.977,0.845,0.924,rt,
drodro,2026-08-19,0.884,0.789,0.981,0.845,0.923,rt,
drodro,2026-08-20,0.883,0.786,0.983,0.844,0.922,rt,
drodro,2026-08-21,0.885,0.793,0.98,0.847,0.922,rt,
drodro,2026-08-22,0.883,0.794,0.981,0.846,0.922,rt,
drodro,2026-08-23,0.88,0.789,0.984,0.842,0.919,rt,
drodro,2026-08-24,0.888,0.79,0.999,0.846,0.929,rt,
drodro,2026-08-25,0.903,0.809,1.009,0.864,0.943,rt,
drodro,2026-08-26,0.918,0.823,1.023,0.878,0.958,rt,
drodro,2026-08-27,0.931,0.833,1.038,0.888,0.973,rt,
drodro,2026-08-28,0.943,0.849,1.045,0.902,0.985,rt,
drodro,2026-08-29,0.955,0.858,1.056,0.912,0.995,rt,
drodro,2026-08-30,0.962,0.865,1.065,0.92,1.005,rt,
drodro,2026-08-31,0.956,0.855,1.064,0.913,1.002,rt,
drodro,2026-09-01,0.962,0.868,1.066,0.92,1.006,rt,
drodro,2026-09-02,0.967,0.868,1.076,0.925,1.012,rt,
drodro,2026-09-03,0.971,0.873,1.084,0.928,1.018,rt,
drodro,2026-09-04,0.971,0.871,1.079,0.929,1.016,rt,
drodro,2026-09-05,0.968,0.865,1.074,0.926,1.012,rt,
drodro,2026-09-06,0.961,0.857,1.074,0.921,1.005,rt,
drodro,2026-09-07,0.944,0.831,1.059,0.899,0.99,rt,
drodro,2026-09-08,0.934,0.821,1.047,0.886,0.976,rt,
drodro,2026-09-09,0.919,0.81,1.033,0.874,0.965,rt,
drodro,2026-09-10,0.905,0.793,1.022,0.858,0.95,rt,
drodro,2026-09-11,0.882,0.774,0.991,0.838,0.928,rt,
drodro,2026-09-12,0.857,0.751,0.967,0.813,0.902,rt,
drodro,2026-09-13,0.833,0.72,0.944,0.785,0.877,rt,
drodro,2026-09-14,0.807,0.682,0.926,0.757,0.855,rt,
drodro,2026-09-15,0.797,0.676,0.914,0.749,0.845,rt,
drodro,2026-09-16,0.789,0.668,0.909,0.74,0.837,rt,
drodro,2026-09-17,0.782,0.662,0.907,0.732,0.832,rt,
drodro,2026-09-18,0.775,0.651,0.907,0.726,0.829,rt,
drodro,2026-09-19,0.77,0.64,0.911,0.717,0.824,rt,
drodro,2026-09-20,0.765,0.626,0.92,0.708,0.826,rt,
drodro,2026-09-21,0.766,0.616,0.938,0.707,0.829,rt,
drodro,2026-09-22,0.768,0.612,0.944,0.705,0.831,rt,
drodro,2026-09-23,0.766,0.605,0.951,0.701,0.834,rt,
drodro,2026-09-24,0.765,0.597,0.96,0.698,0.839,rt,
drodro,2026-09-25,0.77,0.592,0.971,0.694,0.844,rt,
drodro,2026-09-26,0.772,0.581,0.984,0.692,0.854,rt,
drodro,2026-09-27,0.773,0.564,0.993,0.688,0.862,rt,
drodro,2026-09-28,0.766,0.547,1.004,0.678,0.862,rt,
drodro,2026-09-29,0.768,0.539,1.012,0.676,0.862,rt,
drodro,2026-09-30,0.769,0.529,1.019,0.67,0.861,rt,
drodro,2026-10-01,0.769,0.519,1.032,0.66,0.865,rt,
drodro,2026-10-02,0.765,0.502,1.039,0.653,0.864,rt,
drodro,2026-10-03,0.758,0.487,1.061,0.641,0.865,rt,
drodro,2026-10-04,0.75,0.469,1.08,0.63,0.87,rt,
drodro,2026-10-05,0.739,0.45,1.085,0.614,0.874,rt,
drodro,2026-10-06,0.747,0.458,1.1,0.627,0.884,rt,
fataki,2026-06-20,2.173,1.573,3.03,1.906,2.494,rt,
fataki,2026-06-21,2.182,1.551,3.097,1.888,2.521,rt,
fataki,2026-06-22,2.196,1.502,3.2,1.88,2.572,rt,
fataki,2026-06-23,2.149,1.527,3.065,1.861,2.491,rt,
fataki,2026-06-24,2.105,1.522,2.974,1.836,2.422,rt,
fataki,2026-06-25,2.06,1.508,2.895,1.81,2.369,rt,
fataki,2026-06-26,2.006,1.466,2.831,1.769,2.323,rt,
fataki,2026-06-27,1.971,1.402,2.816,1.716,2.276,rt,
fataki,2026-06-28,1.914,1.345,2.849,1.662,2.241,rt,
fataki,2026-06-29,1.86,1.25,2.884,1.6,2.198,rt,
fataki,2026-06-30,1.783,1.238,2.611,1.536,2.061,rt,
fataki,2026-07-01,1.702,1.216,2.414,1.481,1.95,rt,
fataki,2026-07-02,1.627,1.189,2.284,1.424,1.861,rt,
fataki,2026-07-03,1.554,1.144,2.167,1.369,1.781,rt,
fataki,2026-07-04,1.49,1.074,2.114,1.302,1.712,rt,
fataki,2026-07-05,1.424,1.005,2.06,1.239,1.653,rt,
fataki,2026-07-06,1.372,0.929,2.053,1.169,1.605,rt,
fataki,2026-07-07,1.351,0.949,1.927,1.168,1.562,rt,
fataki,2026-07-08,1.332,0.955,1.836,1.171,1.523,rt,
fataki,2026-07-09,1.312,0.954,1.775,1.149,1.489,rt,
fataki,2026-07-10,1.301,0.944,1.745,1.134,1.476,rt,
fataki,2026-07-11,1.283,0.921,1.738,1.109,1.453,rt,
fataki,2026-07-12,1.257,0.873,1.776,1.081,1.448,rt,
fataki,2026-07-13,1.223,0.818,1.807,1.042,1.436,rt,
fataki,2026-07-14,1.223,0.853,1.729,1.062,1.41,rt,
fataki,2026-07-15,1.224,0.87,1.685,1.077,1.402,rt,
fataki,2026-07-16,1.227,0.896,1.661,1.083,1.388,rt,
fataki,2026-07-17,1.233,0.902,1.66,1.087,1.387,rt,
fataki,2026-07-18,1.237,0.893,1.683,1.082,1.396,rt,
fataki,2026-07-19,1.233,0.871,1.732,1.07,1.416,rt,
fataki,2026-07-20,1.229,0.839,1.805,1.054,1.438,rt,
fataki,2026-07-21,1.216,0.857,1.717,1.065,1.395,rt,
fataki,2026-07-22,1.2,0.874,1.626,1.064,1.355,rt,
fataki,2026-07-23,1.183,0.876,1.568,1.051,1.332,rt,
fataki,2026-07-24,1.169,0.864,1.539,1.033,1.307,rt,
fataki,2026-07-25,1.143,0.836,1.529,1.016,1.288,rt,
fataki,2026-07-26,1.121,0.807,1.529,0.99,1.269,rt,
fataki,2026-07-27,1.108,0.77,1.559,0.963,1.269,rt,
fataki,2026-07-28,1.082,0.782,1.477,0.951,1.223,rt,
fataki,2026-07-29,1.055,0.773,1.41,0.936,1.179,rt,
fataki,2026-07-30,1.029,0.761,1.372,0.916,1.148,rt,
fataki,2026-07-31,0.997,0.722,1.327,0.88,1.113,rt,
fataki,2026-08-01,0.965,0.676,1.305,0.837,1.09,rt,
fataki,2026-08-02,0.925,0.63,1.284,0.797,1.062,rt,
fataki,2026-08-03,0.892,0.582,1.277,0.754,1.039,rt,
fataki,2026-08-04,0.857,0.582,1.205,0.74,0.997,rt,
fataki,2026-08-05,0.831,0.57,1.134,0.716,0.951,rt,
fataki,2026-08-06,0.803,0.547,1.087,0.694,0.917,rt,
fataki,2026-08-07,0.773,0.529,1.066,0.671,0.883,rt,
fataki,2026-08-08,0.744,0.503,1.039,0.642,0.852,rt,
fataki,2026-08-09,0.716,0.471,1.017,0.608,0.829,rt,
fataki,2026-08-10,0.684,0.439,0.998,0.57,0.802,rt,
fataki,2026-08-11,0.659,0.434,0.948,0.559,0.765,rt,
fataki,2026-08-12,0.637,0.43,0.907,0.546,0.731,rt,
fataki,2026-08-13,0.615,0.411,0.857,0.527,0.703,rt,
fataki,2026-08-14,0.595,0.398,0.831,0.508,0.686,rt,
fataki,2026-08-15,0.574,0.379,0.813,0.489,0.668,rt,
fataki,2026-08-16,0.554,0.359,0.798,0.463,0.653,rt,
fataki,2026-08-17,0.536,0.335,0.809,0.442,0.643,rt,
fataki,2026-08-18,0.526,0.34,0.776,0.434,0.62,rt,
fataki,2026-08-19,0.515,0.34,0.744,0.429,0.606,rt,
fataki,2026-08-20,0.504,0.336,0.724,0.422,0.593,rt,
fataki,2026-08-21,0.492,0.328,0.712,0.415,0.581,rt,
fataki,2026-08-22,0.481,0.313,0.699,0.407,0.569,rt,
fataki,2026-08-23,0.469,0.301,0.699,0.394,0.556,rt,
fataki,2026-08-24,0.466,0.289,0.71,0.383,0.556,rt,
fataki,2026-08-25,0.473,0.303,0.703,0.398,0.564,rt,
fataki,2026-08-26,0.483,0.314,0.702,0.408,0.57,rt,
fataki,2026-08-27,0.488,0.322,0.711,0.415,0.58,rt,
fataki,2026-08-28,0.498,0.329,0.738,0.418,0.588,rt,
fataki,2026-08-29,0.502,0.33,0.76,0.422,0.599,rt,
fataki,2026-08-30,0.507,0.324,0.781,0.424,0.61,rt,
fataki,2026-08-31,0.508,0.314,0.803,0.414,0.614,rt,
fataki,2026-09-01,0.521,0.329,0.801,0.428,0.627,rt,
fataki,2026-09-02,0.534,0.341,0.815,0.44,0.634,rt,
fataki,2026-09-03,0.545,0.348,0.823,0.453,0.647,rt,
fataki,2026-09-04,0.556,0.352,0.836,0.46,0.659,rt,
fataki,2026-09-05,0.56,0.354,0.863,0.47,0.67,rt,
fataki,2026-09-06,0.566,0.35,0.893,0.469,0.677,rt,
fataki,2026-09-07,0.563,0.34,0.93,0.467,0.685,rt,
fataki,2026-09-08,0.57,0.35,0.901,0.475,0.686,rt,
fataki,2026-09-09,0.576,0.36,0.901,0.48,0.683,rt,
fataki,2026-09-10,0.579,0.362,0.901,0.481,0.691,rt,
fataki,2026-09-11,0.575,0.359,0.892,0.477,0.691,rt,
fataki,2026-09-12,0.573,0.354,0.895,0.466,0.69,rt,
fataki,2026-09-13,0.568,0.345,0.914,0.458,0.695,rt,
fataki,2026-09-14,0.563,0.329,0.948,0.444,0.697,rt,
fataki,2026-09-15,0.569,0.337,0.946,0.459,0.698,rt,
fataki,2026-09-16,0.574,0.347,0.931,0.467,0.701,rt,
fataki,2026-09-17,0.584,0.354,0.941,0.479,0.708,rt,
fataki,2026-09-18,0.593,0.359,0.967,0.485,0.72,rt,
fataki,2026-09-19,0.603,0.364,1.006,0.491,0.739,rt,
fataki,2026-09-20,0.609,0.364,1.059,0.495,0.759,rt,
fataki,2026-09-21,0.623,0.363,1.128,0.502,0.786,rt,
fataki,2026-09-22,0.632,0.372,1.126,0.507,0.79,rt,
fataki,2026-09-23,0.64,0.376,1.13,0.514,0.796,rt,
fataki,2026-09-24,0.646,0.374,1.155,0.522,0.804,rt,
fataki,2026-09-25,0.656,0.377,1.192,0.529,0.818,rt,
fataki,2026-09-26,0.666,0.372,1.249,0.53,0.837,rt,
fataki,2026-09-27,0.677,0.369,1.278,0.529,0.861,rt,
fataki,2026-09-28,0.679,0.357,1.338,0.524,0.884,rt,
fataki,2026-09-29,0.687,0.361,1.337,0.527,0.885,rt,
fataki,2026-09-30,0.686,0.36,1.357,0.531,0.885,rt,
fataki,2026-10-01,0.686,0.358,1.39,0.529,0.882,rt,
fataki,2026-10-02,0.685,0.347,1.403,0.527,0.886,rt,
fataki,2026-10-03,0.689,0.342,1.446,0.524,0.892,rt,
fataki,2026-10-04,0.685,0.33,1.489,0.52,0.912,rt,
fataki,2026-10-05,0.677,0.321,1.518,0.509,0.911,rt,
fataki,2026-10-06,0.692,0.32,1.626,0.507,0.942,rt,
gety,2026-07-06,1.11,0.982,1.246,1.058,1.158,rt,
gety,2026-07-07,1.114,0.996,1.239,1.067,1.161,rt,
gety,2026-07-08,1.117,1.005,1.233,1.073,1.162,rt,
gety,2026-07-09,1.12,1.02,1.233,1.078,1.164,rt,
gety,2026-07-10,1.127,1.024,1.236,1.086,1.169,rt,
gety,2026-07-11,1.131,1.024,1.246,1.091,1.176,rt,
gety,2026-07-12,1.134,1.023,1.256,1.092,1.183,rt,
gety,2026-07-13,1.13,1.008,1.262,1.081,1.182,rt,
gety,2026-07-14,1.129,1.015,1.251,1.083,1.177,rt,
gety,2026-07-15,1.128,1.016,1.244,1.082,1.174,rt,
gety,2026-07-16,1.126,1.013,1.24,1.081,1.171,rt,
gety,2026-07-17,1.127,1.017,1.235,1.082,1.171,rt,
gety,2026-07-18,1.126,1.019,1.237,1.079,1.171,rt,
gety,2026-07-19,1.124,1.012,1.243,1.074,1.17,rt,
gety,2026-07-20,1.121,1.002,1.244,1.067,1.169,rt,
gety,2026-07-21,1.117,1.003,1.232,1.066,1.161,rt,
gety,2026-07-22,1.111,1.001,1.221,1.063,1.154,rt,
gety,2026-07-23,1.104,0.993,1.214,1.056,1.148,rt,
gety,2026-07-24,1.096,0.992,1.196,1.049,1.139,rt,
gety,2026-07-25,1.086,0.982,1.189,1.041,1.13,rt,
gety,2026-07-26,1.072,0.967,1.184,1.028,1.122,rt,
gety,2026-07-27,1.066,0.954,1.188,1.021,1.12,rt,
gety,2026-07-28,1.064,0.958,1.177,1.022,1.111,rt,
gety,2026-07-29,1.06,0.955,1.169,1.018,1.104,rt,
gety,2026-07-30,1.056,0.948,1.162,1.01,1.099,rt,
gety,2026-07-31,1.042,0.942,1.145,0.999,1.083,rt,
gety,2026-08-01,1.026,0.928,1.132,0.984,1.069,rt,
gety,2026-08-02,1.011,0.907,1.121,0.967,1.057,rt,
gety,2026-08-03,0.991,0.875,1.113,0.947,1.04,rt,
gety,2026-08-04,0.984,0.877,1.101,0.943,1.03,rt,
gety,2026-08-05,0.977,0.874,1.094,0.936,1.023,rt,
gety,2026-08-06,0.97,0.866,1.086,0.929,1.016,rt,
gety,2026-08-07,0.964,0.864,1.07,0.923,1.005,rt,
gety,2026-08-08,0.955,0.856,1.059,0.915,0.997,rt,
gety,2026-08-09,0.948,0.843,1.048,0.903,0.99,rt,
gety,2026-08-10,0.928,0.819,1.038,0.882,0.974,rt,
gety,2026-08-11,0.92,0.819,1.022,0.878,0.963,rt,
gety,2026-08-12,0.915,0.817,1.011,0.874,0.955,rt,
gety,2026-08-13,0.908,0.807,1.003,0.867,0.948,rt,
gety,2026-08-14,0.899,0.804,0.992,0.863,0.938,rt,
gety,2026-08-15,0.892,0.794,0.983,0.855,0.928,rt,
gety,2026-08-16,0.883,0.786,0.973,0.844,0.921,rt,
gety,2026-08-17,0.88,0.776,0.977,0.839,0.921,rt,
gety,2026-08-18,0.881,0.781,0.976,0.842,0.921,rt,
gety,2026-08-19,0.882,0.783,0.981,0.844,0.921,rt,
gety,2026-08-20,0.884,0.782,0.989,0.842,0.923,rt,
gety,2026-08-21,0.886,0.791,0.986,0.846,0.923,rt,
gety,2026-08-22,0.884,0.795,0.987,0.847,0.924,rt,
gety,2026-08-23,0.883,0.791,0.986,0.845,0.923,rt,
gety,2026-08-24,0.891,0.794,1.002,0.85,0.935,rt,
gety,2026-08-25,0.907,0.813,1.014,0.868,0.95,rt,
gety,2026-08-26,0.923,0.828,1.031,0.883,0.964,rt,
gety,2026-08-27,0.936,0.838,1.047,0.895,0.981,rt,
gety,2026-08-28,0.952,0.852,1.052,0.91,0.993,rt,
gety,2026-08-29,0.963,0.864,1.064,0.92,1.005,rt,
gety,2026-08-30,0.972,0.868,1.077,0.927,1.014,rt,
gety,2026-08-31,0.966,0.858,1.074,0.922,1.011,rt,
gety,2026-09-01,0.973,0.87,1.08,0.931,1.018,rt,
gety,2026-09-02,0.978,0.877,1.088,0.937,1.025,rt,
gety,2026-09-03,0.985,0.88,1.096,0.939,1.032,rt,
gety,2026-09-04,0.984,0.879,1.093,0.941,1.028,rt,
gety,2026-09-05,0.981,0.874,1.089,0.939,1.025,rt,
gety,2026-09-06,0.975,0.867,1.09,0.933,1.02,rt,
gety,2026-09-07,0.96,0.845,1.077,0.913,1.007,rt,
gety,2026-09-08,0.949,0.833,1.067,0.902,0.995,rt,
gety,2026-09-09,0.935,0.822,1.054,0.891,0.982,rt,
gety,2026-09-10,0.922,0.809,1.043,0.875,0.97,rt,
gety,2026-09-11,0.899,0.786,1.015,0.856,0.947,rt,
gety,2026-09-12,0.876,0.764,0.99,0.832,0.923,rt,
gety,2026-09-13,0.853,0.734,0.97,0.804,0.9,rt,
gety,2026-09-14,0.828,0.701,0.952,0.777,0.879,rt,
gety,2026-09-15,0.818,0.693,0.941,0.766,0.868,rt,
gety,2026-09-16,0.81,0.685,0.935,0.759,0.861,rt,
gety,2026-09-17,0.803,0.674,0.931,0.75,0.856,rt,
gety,2026-09-18,0.795,0.667,0.929,0.743,0.85,rt,
gety,2026-09-19,0.789,0.651,0.935,0.734,0.849,rt,
gety,2026-09-20,0.782,0.638,0.941,0.725,0.848,rt,
gety,2026-09-21,0.783,0.631,0.955,0.723,0.853,rt,
gety,2026-09-22,0.782,0.63,0.966,0.721,0.855,rt,
gety,2026-09-23,0.786,0.621,0.974,0.717,0.858,rt,
gety,2026-09-24,0.784,0.612,0.981,0.715,0.861,rt,
gety,2026-09-25,0.788,0.608,0.991,0.714,0.869,rt,
gety,2026-09-26,0.791,0.599,1.001,0.709,0.879,rt,
gety,2026-09-27,0.792,0.585,1.01,0.706,0.885,rt,
gety,2026-09-28,0.787,0.567,1.024,0.695,0.886,rt,
gety,2026-09-29,0.788,0.561,1.036,0.694,0.886,rt,
gety,2026-09-30,0.788,0.554,1.045,0.691,0.888,rt,
gety,2026-10-01,0.786,0.543,1.056,0.681,0.89,rt,
gety,2026-10-02,0.783,0.533,1.077,0.669,0.889,rt,
gety,2026-10-03,0.778,0.52,1.087,0.663,0.894,rt,
gety,2026-10-04,0.771,0.502,1.103,0.652,0.893,rt,
gety,2026-10-05,0.762,0.483,1.108,0.634,0.896,rt,
gety,2026-10-06,0.767,0.486,1.119,0.646,0.907,rt,
kambala,2026-08-05,0.998,0.889,1.108,0.949,1.041,rt,
kambala,2026-08-06,0.99,0.883,1.103,0.942,1.034,rt,
kambala,2026-08-07,0.983,0.881,1.091,0.936,1.026,rt,
kambala,2026-08-08,0.974,0.87,1.081,0.929,1.018,rt,
kambala,2026-08-09,0.966,0.861,1.076,0.918,1.009,rt,
kambala,2026-08-10,0.946,0.835,1.061,0.899,0.993,rt,
kambala,2026-08-11,0.938,0.834,1.046,0.895,0.982,rt,
kambala,2026-08-12,0.93,0.83,1.031,0.889,0.972,rt,
kambala,2026-08-13,0.923,0.823,1.026,0.882,0.964,rt,
kambala,2026-08-14,0.916,0.818,1.011,0.876,0.952,rt,
kambala,2026-08-15,0.907,0.809,1.001,0.868,0.944,rt,
kambala,2026-08-16,0.898,0.794,0.991,0.858,0.936,rt,
kambala,2026-08-17,0.893,0.785,0.99,0.854,0.934,rt,
kambala,2026-08-18,0.894,0.791,0.991,0.856,0.934,rt,
kambala,2026-08-19,0.894,0.796,0.991,0.857,0.935,rt,
kambala,2026-08-20,0.895,0.788,0.998,0.857,0.937,rt,
kambala,2026-08-21,0.899,0.796,0.994,0.859,0.938,rt,
kambala,2026-08-22,0.898,0.8,0.997,0.858,0.94,rt,
kambala,2026-08-23,0.896,0.799,1.002,0.857,0.938,rt,
kambala,2026-08-24,0.905,0.804,1.018,0.864,0.95,rt,
kambala,2026-08-25,0.923,0.824,1.034,0.88,0.965,rt,
kambala,2026-08-26,0.939,0.838,1.049,0.895,0.982,rt,
kambala,2026-08-27,0.953,0.851,1.064,0.91,0.997,rt,
kambala,2026-08-28,0.968,0.867,1.071,0.925,1.01,rt,
kambala,2026-08-29,0.98,0.879,1.083,0.938,1.023,rt,
kambala,2026-08-30,0.989,0.885,1.097,0.946,1.035,rt,
kambala,2026-08-31,0.986,0.878,1.097,0.941,1.033,rt,
kambala,2026-09-01,0.994,0.891,1.101,0.949,1.038,rt,
kambala,2026-09-02,0.998,0.897,1.106,0.954,1.044,rt,
kambala,2026-09-03,1.003,0.897,1.115,0.957,1.05,rt,
kambala,2026-09-04,1.003,0.896,1.108,0.958,1.047,rt,
kambala,2026-09-05,0.997,0.893,1.105,0.957,1.043,rt,
kambala,2026-09-06,0.992,0.882,1.103,0.951,1.039,rt,
kambala,2026-09-07,0.976,0.858,1.088,0.93,1.023,rt,
kambala,2026-09-08,0.964,0.847,1.073,0.919,1.01,rt,
kambala,2026-09-09,0.951,0.833,1.063,0.905,0.998,rt,
kambala,2026-09-10,0.938,0.82,1.053,0.889,0.984,rt,
kambala,2026-09-11,0.914,0.801,1.029,0.868,0.961,rt,
kambala,2026-09-12,0.89,0.777,1.0,0.844,0.936,rt,
kambala,2026-09-13,0.867,0.748,0.982,0.817,0.913,rt,
kambala,2026-09-14,0.842,0.715,0.966,0.788,0.891,rt,
kambala,2026-09-15,0.831,0.706,0.956,0.778,0.881,rt,
kambala,2026-09-16,0.823,0.697,0.95,0.77,0.874,rt,
kambala,2026-09-17,0.815,0.684,0.947,0.761,0.868,rt,
kambala,2026-09-18,0.807,0.672,0.947,0.754,0.865,rt,
kambala,2026-09-19,0.801,0.661,0.947,0.745,0.86,rt,
kambala,2026-09-20,0.795,0.646,0.955,0.736,0.857,rt,
kambala,2026-09-21,0.795,0.64,0.972,0.733,0.863,rt,
kambala,2026-09-22,0.797,0.637,0.979,0.733,0.867,rt,
kambala,2026-09-23,0.797,0.635,0.987,0.731,0.871,rt,
kambala,2026-09-24,0.797,0.626,1.0,0.727,0.875,rt,
kambala,2026-09-25,0.802,0.619,1.008,0.729,0.885,rt,
kambala,2026-09-26,0.806,0.607,1.019,0.726,0.893,rt,
kambala,2026-09-27,0.808,0.596,1.035,0.721,0.899,rt,
kambala,2026-09-28,0.804,0.578,1.045,0.712,0.9,rt,
kambala,2026-09-29,0.804,0.574,1.05,0.708,0.903,rt,
kambala,2026-09-30,0.804,0.567,1.059,0.703,0.905,rt,
kambala,2026-10-01,0.803,0.559,1.07,0.698,0.907,rt,
kambala,2026-10-02,0.8,0.547,1.085,0.688,0.904,rt,
kambala,2026-10-03,0.796,0.536,1.101,0.678,0.906,rt,
kambala,2026-10-04,0.79,0.517,1.12,0.664,0.913,rt,
kambala,2026-10-05,0.782,0.496,1.128,0.651,0.915,rt,
kambala,2026-10-06,0.786,0.509,1.141,0.665,0.929,rt,
kilo,2026-06-02,1.101,0.717,1.638,0.931,1.305,rt,
kilo,2026-06-03,1.126,0.742,1.636,0.954,1.315,rt,
kilo,2026-06-04,1.135,0.764,1.643,0.974,1.328,rt,
kilo,2026-06-05,1.147,0.778,1.671,0.983,1.339,rt,
kilo,2026-06-06,1.145,0.783,1.676,0.981,1.347,rt,
kilo,2026-06-07,1.143,0.77,1.698,0.979,1.351,rt,
kilo,2026-06-08,1.143,0.752,1.727,0.964,1.365,rt,
kilo,2026-06-09,1.146,0.774,1.693,0.973,1.358,rt,
kilo,2026-06-10,1.148,0.788,1.657,0.975,1.343,rt,
kilo,2026-06-11,1.151,0.79,1.629,0.973,1.332,rt,
kilo,2026-06-12,1.147,0.79,1.6,0.974,1.326,rt,
kilo,2026-06-13,1.135,0.773,1.597,0.973,1.316,rt,
kilo,2026-06-14,1.119,0.761,1.602,0.967,1.31,rt,
kilo,2026-06-15,1.109,0.75,1.633,0.958,1.308,rt,
kilo,2026-06-16,1.111,0.768,1.594,0.968,1.291,rt,
kilo,2026-06-17,1.115,0.787,1.563,0.977,1.282,rt,
kilo,2026-06-18,1.117,0.805,1.562,0.975,1.278,rt,
kilo,2026-06-19,1.117,0.803,1.561,0.986,1.28,rt,
kilo,2026-06-20,1.124,0.795,1.569,0.986,1.283,rt,
kilo,2026-06-21,1.123,0.778,1.586,0.98,1.292,rt,
kilo,2026-06-22,1.128,0.762,1.631,0.973,1.304,rt,
kilo,2026-06-23,1.129,0.78,1.592,0.991,1.297,rt,
kilo,2026-06-24,1.131,0.795,1.58,0.997,1.297,rt,
kilo,2026-06-25,1.131,0.806,1.56,1.002,1.298,rt,
kilo,2026-06-26,1.131,0.823,1.553,1.003,1.298,rt,
kilo,2026-06-27,1.129,0.822,1.56,0.998,1.301,rt,
kilo,2026-06-28,1.133,0.808,1.591,0.995,1.3,rt,
kilo,2026-06-29,1.117,0.786,1.613,0.972,1.295,rt,
kilo,2026-06-30,1.113,0.796,1.565,0.967,1.272,rt,
kilo,2026-07-01,1.106,0.801,1.524,0.969,1.253,rt,
kilo,2026-07-02,1.096,0.803,1.479,0.966,1.24,rt,
kilo,2026-07-03,1.081,0.793,1.468,0.96,1.223,rt,
kilo,2026-07-04,1.071,0.778,1.473,0.945,1.211,rt,
kilo,2026-07-05,1.065,0.758,1.486,0.932,1.213,rt,
kilo,2026-07-06,1.057,0.743,1.533,0.918,1.221,rt,
kilo,2026-07-07,1.06,0.755,1.495,0.926,1.212,rt,
kilo,2026-07-08,1.062,0.763,1.468,0.935,1.213,rt,
kilo,2026-07-09,1.065,0.765,1.447,0.938,1.205,rt,
kilo,2026-07-10,1.069,0.762,1.452,0.937,1.218,rt,
kilo,2026-07-11,1.07,0.76,1.465,0.936,1.222,rt,
kilo,2026-07-12,1.075,0.746,1.494,0.93,1.229,rt,
kilo,2026-07-13,1.069,0.727,1.53,0.913,1.23,rt,
kilo,2026-07-14,1.061,0.742,1.472,0.915,1.208,rt,
kilo,2026-07-15,1.044,0.751,1.421,0.905,1.195,rt,
kilo,2026-07-16,1.037,0.746,1.381,0.902,1.176,rt,
kilo,2026-07-17,1.029,0.748,1.376,0.899,1.163,rt,
kilo,2026-07-18,1.021,0.724,1.389,0.891,1.157,rt,
kilo,2026-07-19,1.007,0.704,1.403,0.873,1.151,rt,
kilo,2026-07-20,0.993,0.684,1.428,0.853,1.148,rt,
kilo,2026-07-21,0.986,0.686,1.378,0.85,1.123,rt,
kilo,2026-07-22,0.971,0.69,1.334,0.846,1.103,rt,
kilo,2026-07-23,0.955,0.688,1.3,0.831,1.092,rt,
kilo,2026-07-24,0.939,0.672,1.277,0.823,1.074,rt,
kilo,2026-07-25,0.926,0.65,1.271,0.805,1.057,rt,
kilo,2026-07-26,0.907,0.621,1.279,0.781,1.044,rt,
kilo,2026-07-27,0.893,0.604,1.29,0.765,1.039,rt,
kilo,2026-07-28,0.89,0.616,1.247,0.768,1.021,rt,
kilo,2026-07-29,0.883,0.62,1.204,0.769,1.01,rt,
kilo,2026-07-30,0.878,0.626,1.189,0.765,0.992,rt,
kilo,2026-07-31,0.863,0.615,1.187,0.758,0.977,rt,
kilo,2026-08-01,0.85,0.599,1.18,0.746,0.964,rt,
kilo,2026-08-02,0.835,0.571,1.188,0.723,0.953,rt,
kilo,2026-08-03,0.82,0.548,1.189,0.696,0.95,rt,
kilo,2026-08-04,0.814,0.559,1.148,0.701,0.936,rt,
kilo,2026-08-05,0.81,0.557,1.136,0.701,0.933,rt,
kilo,2026-08-06,0.807,0.559,1.121,0.697,0.928,rt,
kilo,2026-08-07,0.805,0.556,1.11,0.695,0.92,rt,
kilo,2026-08-08,0.799,0.546,1.1,0.684,0.917,rt,
kilo,2026-08-09,0.793,0.535,1.108,0.672,0.918,rt,
kilo,2026-08-10,0.777,0.514,1.116,0.654,0.907,rt,
kilo,2026-08-11,0.77,0.527,1.089,0.654,0.894,rt,
kilo,2026-08-12,0.765,0.533,1.063,0.652,0.884,rt,
kilo,2026-08-13,0.759,0.534,1.048,0.649,0.873,rt,
kilo,2026-08-14,0.749,0.525,1.044,0.645,0.861,rt,
kilo,2026-08-15,0.741,0.516,1.037,0.635,0.855,rt,
kilo,2026-08-16,0.737,0.502,1.047,0.623,0.847,rt,
kilo,2026-08-17,0.733,0.485,1.069,0.616,0.847,rt,
kilo,2026-08-18,0.73,0.499,1.045,0.628,0.844,rt,
kilo,2026-08-19,0.731,0.505,1.027,0.635,0.845,rt,
kilo,2026-08-20,0.736,0.515,1.026,0.635,0.844,rt,
kilo,2026-08-21,0.738,0.511,1.027,0.636,0.846,rt,
kilo,2026-08-22,0.74,0.503,1.036,0.636,0.852,rt,
kilo,2026-08-23,0.738,0.494,1.058,0.627,0.863,rt,
kilo,2026-08-24,0.747,0.489,1.098,0.628,0.881,rt,
kilo,2026-08-25,0.765,0.51,1.108,0.648,0.895,rt,
kilo,2026-08-26,0.783,0.527,1.123,0.665,0.911,rt,
kilo,2026-08-27,0.803,0.536,1.145,0.681,0.929,rt,
kilo,2026-08-28,0.819,0.552,1.169,0.693,0.949,rt,
kilo,2026-08-29,0.832,0.557,1.2,0.703,0.975,rt,
kilo,2026-08-30,0.843,0.555,1.237,0.709,0.993,rt,
kilo,2026-08-31,0.845,0.539,1.287,0.703,1.005,rt,
kilo,2026-09-01,0.863,0.562,1.297,0.726,1.014,rt,
kilo,2026-09-02,0.881,0.585,1.301,0.746,1.03,rt,
kilo,2026-09-03,0.896,0.605,1.318,0.765,1.047,rt,
kilo,2026-09-04,0.909,0.614,1.328,0.772,1.059,rt,
kilo,2026-09-05,0.914,0.618,1.362,0.774,1.074,rt,
kilo,2026-09-06,0.922,0.616,1.403,0.77,1.098,rt,
kilo,2026-09-07,0.914,0.6,1.419,0.757,1.103,rt,
kilo,2026-09-08,0.916,0.611,1.39,0.766,1.096,rt,
kilo,2026-09-09,0.912,0.615,1.375,0.766,1.09,rt,
kilo,2026-09-10,0.912,0.612,1.366,0.768,1.079,rt,
kilo,2026-09-11,0.901,0.601,1.335,0.755,1.061,rt,
kilo,2026-09-12,0.886,0.58,1.319,0.747,1.051,rt,
kilo,2026-09-13,0.867,0.567,1.32,0.727,1.039,rt,
kilo,2026-09-14,0.852,0.539,1.336,0.708,1.028,rt,
kilo,2026-09-15,0.856,0.552,1.313,0.712,1.025,rt,
kilo,2026-09-16,0.861,0.556,1.335,0.713,1.031,rt,
kilo,2026-09-17,0.862,0.56,1.347,0.712,1.04,rt,
kilo,2026-09-18,0.869,0.555,1.375,0.713,1.049,rt,
kilo,2026-09-19,0.873,0.539,1.421,0.711,1.063,rt,
kilo,2026-09-20,0.882,0.529,1.478,0.709,1.081,rt,
kilo,2026-09-21,0.891,0.53,1.567,0.712,1.108,rt,
kilo,2026-09-22,0.891,0.533,1.544,0.713,1.097,rt,
kilo,2026-09-23,0.891,0.527,1.554,0.711,1.097,rt,
kilo,2026-09-24,0.882,0.514,1.559,0.709,1.087,rt,
kilo,2026-09-25,0.877,0.501,1.57,0.705,1.103,rt,
kilo,2026-09-26,0.873,0.487,1.595,0.699,1.111,rt,
kilo,2026-09-27,0.87,0.47,1.638,0.685,1.117,rt,
kilo,2026-09-28,0.864,0.449,1.653,0.666,1.121,rt,
kilo,2026-09-29,0.86,0.45,1.616,0.668,1.113,rt,
kilo,2026-09-30,0.855,0.441,1.609,0.665,1.106,rt,
kilo,2026-10-01,0.846,0.435,1.585,0.653,1.102,rt,
kilo,2026-10-02,0.837,0.425,1.611,0.645,1.105,rt,
kilo,2026-10-03,0.824,0.41,1.668,0.628,1.099,rt,
kilo,2026-10-04,0.813,0.395,1.68,0.614,1.102,rt,
kilo,2026-10-05,0.797,0.377,1.718,0.595,1.099,rt,
kilo,2026-10-06,0.784,0.351,1.734,0.576,1.088,rt,
komanda,2026-05-27,1.777,1.052,2.867,1.454,2.199,rt,
komanda,2026-05-28,1.811,1.114,2.844,1.481,2.208,rt,
komanda,2026-05-29,1.841,1.136,2.882,1.5,2.223,rt,
komanda,2026-05-30,1.863,1.137,2.971,1.516,2.249,rt,
komanda,2026-05-31,1.867,1.126,3.069,1.523,2.315,rt,
komanda,2026-06-01,1.89,1.091,3.234,1.54,2.375,rt,
komanda,2026-06-02,1.89,1.16,3.081,1.571,2.326,rt,
komanda,2026-06-03,1.899,1.201,2.966,1.59,2.282,rt,
komanda,2026-06-04,1.891,1.213,2.825,1.589,2.242,rt,
komanda,2026-06-05,1.866,1.225,2.786,1.58,2.224,rt,
komanda,2026-06-06,1.843,1.21,2.772,1.559,2.172,rt,
komanda,2026-06-07,1.803,1.148,2.807,1.512,2.148,rt,
komanda,2026-06-08,1.775,1.055,2.859,1.472,2.14,rt,
komanda,2026-06-09,1.715,1.084,2.647,1.453,2.062,rt,
komanda,2026-06-10,1.66,1.092,2.465,1.417,1.958,rt,
komanda,2026-06-11,1.613,1.074,2.377,1.372,1.898,rt,
komanda,2026-06-12,1.568,1.045,2.307,1.33,1.835,rt,
komanda,2026-06-13,1.522,0.998,2.265,1.281,1.779,rt,
komanda,2026-06-14,1.46,0.925,2.28,1.216,1.733,rt,
komanda,2026-06-15,1.42,0.85,2.305,1.151,1.707,rt,
komanda,2026-06-16,1.374,0.863,2.115,1.136,1.63,rt,
komanda,2026-06-17,1.333,0.872,1.977,1.12,1.563,rt,
komanda,2026-06-18,1.291,0.858,1.872,1.095,1.504,rt,
komanda,2026-06-19,1.253,0.839,1.805,1.054,1.463,rt,
komanda,2026-06-20,1.212,0.805,1.765,1.012,1.431,rt,
komanda,2026-06-21,1.18,0.762,1.777,0.966,1.409,rt,
komanda,2026-06-22,1.143,0.699,1.805,0.924,1.398,rt,
komanda,2026-06-23,1.117,0.72,1.68,0.916,1.335,rt,
komanda,2026-06-24,1.093,0.726,1.597,0.911,1.283,rt,
komanda,2026-06-25,1.056,0.718,1.535,0.898,1.244,rt,
komanda,2026-06-26,1.028,0.704,1.487,0.883,1.205,rt,
komanda,2026-06-27,1.004,0.67,1.454,0.86,1.182,rt,
komanda,2026-06-28,0.985,0.624,1.455,0.831,1.167,rt,
komanda,2026-06-29,0.946,0.565,1.475,0.789,1.134,rt,
komanda,2026-06-30,0.951,0.596,1.415,0.8,1.12,rt,
komanda,2026-07-01,0.957,0.618,1.384,0.81,1.117,rt,
komanda,2026-07-02,0.961,0.636,1.372,0.818,1.117,rt,
komanda,2026-07-03,0.968,0.645,1.38,0.825,1.122,rt,
komanda,2026-07-04,0.973,0.644,1.407,0.823,1.134,rt,
komanda,2026-07-05,0.974,0.635,1.457,0.814,1.154,rt,
komanda,2026-07-06,0.982,0.613,1.549,0.808,1.187,rt,
komanda,2026-07-07,1.02,0.668,1.504,0.857,1.204,rt,
komanda,2026-07-08,1.061,0.709,1.496,0.903,1.222,rt,
komanda,2026-07-09,1.094,0.748,1.534,0.948,1.258,rt,
komanda,2026-07-10,1.13,0.773,1.594,0.978,1.308,rt,
komanda,2026-07-11,1.173,0.794,1.675,1.005,1.36,rt,
komanda,2026-07-12,1.209,0.795,1.81,1.025,1.424,rt,
komanda,2026-07-13,1.238,0.775,1.962,1.034,1.495,rt,
komanda,2026-07-14,1.26,0.836,1.894,1.068,1.478,rt,
komanda,2026-07-15,1.288,0.864,1.839,1.098,1.487,rt,
komanda,2026-07-16,1.304,0.886,1.824,1.126,1.504,rt,
komanda,2026-07-17,1.328,0.909,1.842,1.154,1.527,rt,
komanda,2026-07-18,1.351,0.915,1.901,1.163,1.563,rt,
komanda,2026-07-19,1.371,0.893,2.006,1.166,1.6,rt,
komanda,2026-07-20,1.386,0.869,2.123,1.16,1.651,rt,
komanda,2026-07-21,1.416,0.935,2.037,1.207,1.653,rt,
komanda,2026-07-22,1.442,0.996,1.989,1.255,1.652,rt,
komanda,2026-07-23,1.476,1.051,1.974,1.286,1.662,rt,
komanda,2026-07-24,1.495,1.07,1.981,1.311,1.692,rt,
komanda,2026-07-25,1.52,1.087,2.046,1.324,1.718,rt,
komanda,2026-07-26,1.535,1.074,2.155,1.318,1.747,rt,
komanda,2026-07-27,1.565,1.04,2.305,1.315,1.814,rt,
komanda,2026-07-28,1.586,1.112,2.228,1.373,1.82,rt,
komanda,2026-07-29,1.605,1.186,2.181,1.413,1.822,rt,
komanda,2026-07-30,1.634,1.214,2.168,1.446,1.844,rt,
komanda,2026-07-31,1.64,1.218,2.196,1.465,1.856,rt,
komanda,2026-08-01,1.651,1.2,2.254,1.458,1.888,rt,
komanda,2026-08-02,1.653,1.172,2.366,1.447,1.915,rt,
komanda,2026-08-03,1.656,1.108,2.505,1.417,1.947,rt,
komanda,2026-08-04,1.686,1.184,2.44,1.471,1.942,rt,
komanda,2026-08-05,1.708,1.25,2.389,1.516,1.94,rt,
komanda,2026-08-06,1.736,1.303,2.398,1.546,1.959,rt,
komanda,2026-08-07,1.763,1.321,2.41,1.568,1.987,rt,
komanda,2026-08-08,1.786,1.313,2.479,1.578,2.023,rt,
komanda,2026-08-09,1.803,1.28,2.619,1.563,2.076,rt,
komanda,2026-08-10,1.808,1.227,2.742,1.537,2.12,rt,
komanda,2026-08-11,1.779,1.269,2.543,1.548,2.044,rt,
komanda,2026-08-12,1.753,1.312,2.368,1.558,1.976,rt,
komanda,2026-08-13,1.728,1.318,2.277,1.553,1.927,rt,
komanda,2026-08-14,1.7,1.309,2.217,1.521,1.889,rt,
komanda,2026-08-15,1.665,1.262,2.209,1.489,1.88,rt,
komanda,2026-08-16,1.629,1.216,2.24,1.436,1.874,rt,
komanda,2026-08-17,1.615,1.148,2.305,1.387,1.878,rt,
komanda,2026-08-18,1.526,1.124,2.064,1.33,1.734,rt,
komanda,2026-08-19,1.441,1.086,1.901,1.274,1.609,rt,
komanda,2026-08-20,1.346,1.035,1.768,1.211,1.507,rt,
komanda,2026-08-21,1.27,0.971,1.673,1.137,1.421,rt,
komanda,2026-08-22,1.198,0.888,1.605,1.058,1.348,rt,
komanda,2026-08-23,1.129,0.797,1.543,0.977,1.286,rt,
komanda,2026-08-24,1.067,0.712,1.541,0.915,1.245,rt,
komanda,2026-08-25,1.026,0.717,1.417,0.897,1.174,rt,
komanda,2026-08-26,0.985,0.717,1.322,0.877,1.115,rt,
komanda,2026-08-27,0.944,0.705,1.241,0.846,1.059,rt,
komanda,2026-08-28,0.908,0.674,1.196,0.811,1.015,rt,
komanda,2026-08-29,0.871,0.635,1.152,0.768,0.976,rt,
komanda,2026-08-30,0.831,0.577,1.132,0.721,0.946,rt,
komanda,2026-08-31,0.783,0.52,1.123,0.672,0.903,rt,
komanda,2026-09-01,0.784,0.543,1.079,0.685,0.892,rt,
komanda,2026-09-02,0.783,0.562,1.053,0.692,0.883,rt,
komanda,2026-09-03,0.779,0.572,1.043,0.691,0.872,rt,
komanda,2026-09-04,0.775,0.572,1.029,0.686,0.868,rt,
komanda,2026-09-05,0.769,0.554,1.03,0.676,0.87,rt,
komanda,2026-09-06,0.756,0.532,1.049,0.655,0.868,rt,
komanda,2026-09-07,0.736,0.498,1.064,0.624,0.861,rt,
komanda,2026-09-08,0.727,0.504,1.005,0.623,0.826,rt,
komanda,2026-09-09,0.71,0.503,0.955,0.617,0.8,rt,
komanda,2026-09-10,0.693,0.495,0.924,0.607,0.779,rt,
komanda,2026-09-11,0.665,0.476,0.897,0.585,0.755,rt,
komanda,2026-09-12,0.641,0.449,0.882,0.56,0.735,rt,
komanda,2026-09-13,0.615,0.42,0.875,0.529,0.716,rt,
komanda,2026-09-14,0.59,0.379,0.887,0.499,0.693,rt,
komanda,2026-09-15,0.567,0.372,0.838,0.484,0.664,rt,
komanda,2026-09-16,0.55,0.364,0.795,0.467,0.645,rt,
komanda,2026-09-17,0.531,0.348,0.782,0.45,0.627,rt,
komanda,2026-09-18,0.516,0.33,0.775,0.432,0.612,rt,
komanda,2026-09-19,0.5,0.309,0.784,0.413,0.601,rt,
komanda,2026-09-20,0.482,0.287,0.785,0.395,0.594,rt,
komanda,2026-09-21,0.475,0.265,0.8,0.378,0.594,rt,
komanda,2026-09-22,0.475,0.265,0.797,0.378,0.597,rt,
komanda,2026-09-23,0.477,0.264,0.817,0.378,0.598,rt,
komanda,2026-09-24,0.476,0.258,0.833,0.375,0.61,rt,
komanda,2026-09-25,0.478,0.251,0.86,0.37,0.611,rt,
komanda,2026-09-26,0.477,0.24,0.893,0.367,0.623,rt,
komanda,2026-09-27,0.478,0.23,0.93,0.359,0.63,rt,
komanda,2026-09-28,0.476,0.219,0.957,0.349,0.638,rt,
komanda,2026-09-29,0.477,0.226,0.974,0.353,0.645,rt,
komanda,2026-09-30,0.476,0.225,0.983,0.354,0.65,rt,
komanda,2026-10-01,0.479,0.221,1.004,0.35,0.653,rt,
komanda,2026-10-02,0.476,0.218,1.016,0.343,0.649,rt,
komanda,2026-10-03,0.474,0.213,1.043,0.337,0.654,rt,
komanda,2026-10-04,0.47,0.206,1.1,0.332,0.661,rt,
komanda,2026-10-05,0.463,0.196,1.134,0.325,0.675,rt,
komanda,2026-10-06,0.492,0.189,1.22,0.335,0.72,rt,
lita,2026-05-24,1.684,1.105,2.443,1.418,1.966,rt,
lita,2026-05-25,1.62,1.027,2.421,1.355,1.914,rt,
lita,2026-05-26,1.626,1.063,2.345,1.37,1.895,rt,
lita,2026-05-27,1.629,1.099,2.285,1.389,1.878,rt,
lita,2026-05-28,1.635,1.124,2.267,1.407,1.878,rt,
lita,2026-05-29,1.635,1.136,2.274,1.424,1.881,rt,
lita,2026-05-30,1.643,1.148,2.302,1.428,1.89,rt,
lita,2026-05-31,1.658,1.132,2.354,1.431,1.904,rt,
lita,2026-06-01,1.677,1.121,2.403,1.445,1.943,rt,
lita,2026-06-02,1.745,1.216,2.43,1.527,1.996,rt,
lita,2026-06-03,1.813,1.314,2.473,1.604,2.056,rt,
lita,2026-06-04,1.879,1.405,2.505,1.673,2.112,rt,
lita,2026-06-05,1.941,1.474,2.568,1.735,2.197,rt,
lita,2026-06-06,1.995,1.507,2.681,1.785,2.258,rt,
lita,2026-06-07,2.036,1.523,2.767,1.807,2.315,rt,
lita,2026-06-08,2.08,1.53,2.874,1.833,2.384,rt,
lita,2026-06-09,2.06,1.563,2.788,1.831,2.348,rt,
lita,2026-06-10,2.047,1.584,2.712,1.831,2.299,rt,
lita,2026-06-11,2.025,1.585,2.676,1.817,2.259,rt,
lita,2026-06-12,2.001,1.573,2.627,1.803,2.224,rt,
lita,2026-06-13,1.972,1.541,2.622,1.772,2.206,rt,
lita,2026-06-14,1.948,1.491,2.601,1.734,2.177,rt,
lita,2026-06-15,1.919,1.443,2.617,1.697,2.171,rt,
lita,2026-06-16,1.859,1.433,2.466,1.667,2.089,rt,
lita,2026-06-17,1.812,1.421,2.364,1.634,2.007,rt,
lita,2026-06-18,1.764,1.399,2.272,1.598,1.942,rt,
lita,2026-06-19,1.715,1.369,2.183,1.559,1.891,rt,
lita,2026-06-20,1.669,1.326,2.123,1.504,1.839,rt,
lita,2026-06-21,1.623,1.264,2.105,1.455,1.803,rt,
lita,2026-06-22,1.574,1.194,2.106,1.407,1.771,rt,
lita,2026-06-23,1.566,1.232,2.031,1.418,1.741,rt,
lita,2026-06-24,1.558,1.244,1.963,1.422,1.718,rt,
lita,2026-06-25,1.552,1.245,1.916,1.42,1.702,rt,
lita,2026-06-26,1.538,1.239,1.897,1.41,1.684,rt,
lita,2026-06-27,1.526,1.226,1.908,1.396,1.668,rt,
lita,2026-06-28,1.514,1.2,1.912,1.382,1.66,rt,
lita,2026-06-29,1.493,1.161,1.903,1.344,1.637,rt,
lita,2026-06-30,1.463,1.173,1.829,1.333,1.599,rt,
lita,2026-07-01,1.437,1.174,1.763,1.319,1.559,rt,
lita,2026-07-02,1.411,1.159,1.723,1.298,1.527,rt,
lita,2026-07-03,1.387,1.136,1.688,1.276,1.501,rt,
lita,2026-07-04,1.362,1.111,1.665,1.251,1.481,rt,
lita,2026-07-05,1.339,1.072,1.668,1.214,1.466,rt,
lita,2026-07-06,1.323,1.038,1.701,1.185,1.464,rt,
lita,2026-07-07,1.305,1.05,1.645,1.185,1.431,rt,
lita,2026-07-08,1.286,1.048,1.596,1.185,1.401,rt,
lita,2026-07-09,1.275,1.038,1.568,1.174,1.38,rt,
lita,2026-07-10,1.259,1.024,1.551,1.158,1.368,rt,
lita,2026-07-11,1.245,0.999,1.539,1.138,1.362,rt,
lita,2026-07-12,1.226,0.966,1.544,1.111,1.356,rt,
lita,2026-07-13,1.199,0.926,1.557,1.074,1.34,rt,
lita,2026-07-14,1.188,0.935,1.504,1.075,1.303,rt,
lita,2026-07-15,1.171,0.942,1.463,1.066,1.28,rt,
lita,2026-07-16,1.151,0.937,1.419,1.055,1.251,rt,
lita,2026-07-17,1.138,0.927,1.393,1.044,1.233,rt,
lita,2026-07-18,1.123,0.909,1.389,1.026,1.218,rt,
lita,2026-07-19,1.105,0.876,1.396,1.004,1.211,rt,
lita,2026-07-20,1.086,0.843,1.403,0.981,1.2,rt,
lita,2026-07-21,1.077,0.855,1.35,0.982,1.18,rt,
lita,2026-07-22,1.068,0.864,1.324,0.981,1.16,rt,
lita,2026-07-23,1.056,0.861,1.294,0.976,1.146,rt,
lita,2026-07-24,1.043,0.854,1.282,0.964,1.134,rt,
lita,2026-07-25,1.028,0.832,1.275,0.945,1.125,rt,
lita,2026-07-26,1.012,0.809,1.276,0.925,1.116,rt,
lita,2026-07-27,1.002,0.779,1.284,0.904,1.115,rt,
lita,2026-07-28,1.013,0.804,1.27,0.924,1.112,rt,
lita,2026-07-29,1.022,0.831,1.257,0.939,1.107,rt,
lita,2026-07-30,1.031,0.845,1.251,0.953,1.111,rt,
lita,2026-07-31,1.029,0.845,1.243,0.955,1.107,rt,
lita,2026-08-01,1.025,0.839,1.253,0.949,1.11,rt,
lita,2026-08-02,1.019,0.822,1.262,0.938,1.118,rt,
lita,2026-08-03,1.011,0.798,1.291,0.922,1.118,rt,
lita,2026-08-04,1.008,0.816,1.256,0.929,1.109,rt,
lita,2026-08-05,1.005,0.82,1.234,0.934,1.098,rt,
lita,2026-08-06,1.005,0.82,1.229,0.934,1.094,rt,
lita,2026-08-07,1.002,0.819,1.22,0.927,1.086,rt,
lita,2026-08-08,0.999,0.807,1.231,0.914,1.085,rt,
lita,2026-08-09,0.989,0.789,1.248,0.9,1.086,rt,
lita,2026-08-10,0.97,0.753,1.26,0.876,1.078,rt,
lita,2026-08-11,0.96,0.757,1.21,0.874,1.056,rt,
lita,2026-08-12,0.949,0.761,1.176,0.869,1.038,rt,
lita,2026-08-13,0.94,0.756,1.152,0.86,1.026,rt,
lita,2026-08-14,0.929,0.749,1.139,0.852,1.012,rt,
lita,2026-08-15,0.918,0.735,1.132,0.838,0.999,rt,
lita,2026-08-16,0.903,0.706,1.132,0.818,0.991,rt,
lita,2026-08-17,0.895,0.679,1.151,0.806,0.993,rt,
lita,2026-08-18,0.897,0.7,1.133,0.818,0.989,rt,
lita,2026-08-19,0.899,0.715,1.118,0.826,0.985,rt,
lita,2026-08-20,0.902,0.721,1.11,0.827,0.981,rt,
lita,2026-08-21,0.904,0.728,1.111,0.83,0.984,rt,
lita,2026-08-22,0.904,0.72,1.122,0.829,0.99,rt,
lita,2026-08-23,0.901,0.708,1.139,0.82,0.995,rt,
lita,2026-08-24,0.909,0.696,1.175,0.82,1.012,rt,
lita,2026-08-25,0.914,0.721,1.155,0.823,1.005,rt,
lita,2026-08-26,0.912,0.734,1.136,0.827,0.999,rt,
lita,2026-08-27,0.909,0.737,1.13,0.831,0.992,rt,
lita,2026-08-28,0.908,0.729,1.126,0.835,0.981,rt,
lita,2026-08-29,0.903,0.711,1.131,0.828,0.979,rt,
lita,2026-08-30,0.894,0.69,1.145,0.812,0.977,rt,
lita,2026-08-31,0.872,0.658,1.154,0.784,0.971,rt,
lita,2026-09-01,0.861,0.664,1.109,0.783,0.953,rt,
lita,2026-09-02,0.847,0.667,1.063,0.773,0.935,rt,
lita,2026-09-03,0.84,0.66,1.04,0.761,0.921,rt,
lita,2026-09-04,0.823,0.642,1.018,0.744,0.901,rt,
lita,2026-09-05,0.805,0.617,1.008,0.722,0.883,rt,
lita,2026-09-06,0.78,0.586,1.003,0.699,0.864,rt,
lita,2026-09-07,0.748,0.543,0.993,0.66,0.842,rt,
lita,2026-09-08,0.736,0.551,0.959,0.657,0.824,rt,
lita,2026-09-09,0.725,0.548,0.936,0.65,0.808,rt,
lita,2026-09-10,0.713,0.54,0.919,0.637,0.792,rt,
lita,2026-09-11,0.69,0.52,0.898,0.618,0.772,rt,
lita,2026-09-12,0.669,0.494,0.889,0.596,0.754,rt,
lita,2026-09-13,0.649,0.459,0.894,0.571,0.735,rt,
lita,2026-09-14,0.626,0.422,0.902,0.543,0.718,rt,
lita,2026-09-15,0.627,0.433,0.887,0.545,0.717,rt,
lita,2026-09-16,0.631,0.437,0.888,0.554,0.718,rt,
lita,2026-09-17,0.637,0.444,0.896,0.558,0.724,rt,
lita,2026-09-18,0.641,0.442,0.9,0.56,0.734,rt,
lita,2026-09-19,0.648,0.44,0.923,0.556,0.746,rt,
lita,2026-09-20,0.656,0.429,0.952,0.552,0.762,rt,
lita,2026-09-21,0.667,0.421,1.002,0.552,0.784,rt,
lita,2026-09-22,0.671,0.421,1.0,0.553,0.788,rt,
lita,2026-09-23,0.668,0.416,1.004,0.554,0.789,rt,
lita,2026-09-24,0.665,0.409,1.019,0.548,0.795,rt,
lita,2026-09-25,0.666,0.394,1.059,0.542,0.809,rt,
lita,2026-09-26,0.669,0.384,1.083,0.537,0.826,rt,
lita,2026-09-27,0.665,0.369,1.117,0.525,0.833,rt,
lita,2026-09-28,0.658,0.343,1.159,0.509,0.841,rt,
lita,2026-09-29,0.659,0.339,1.165,0.509,0.844,rt,
lita,2026-09-30,0.659,0.331,1.164,0.504,0.852,rt,
lita,2026-10-01,0.654,0.323,1.181,0.497,0.855,rt,
lita,2026-10-02,0.652,0.31,1.204,0.491,0.846,rt,
lita,2026-10-03,0.651,0.29,1.216,0.483,0.843,rt,
lita,2026-10-04,0.643,0.277,1.241,0.472,0.841,rt,
lita,2026-10-05,0.636,0.259,1.26,0.459,0.848,rt,
lita,2026-10-06,0.648,0.24,1.412,0.452,0.886,rt,
logo,2026-06-21,1.272,1.095,1.489,1.195,1.358,rt,
logo,2026-06-22,1.266,1.082,1.492,1.19,1.354,rt,
logo,2026-06-23,1.249,1.075,1.454,1.181,1.334,rt,
logo,2026-06-24,1.238,1.066,1.428,1.169,1.32,rt,
logo,2026-06-25,1.226,1.06,1.413,1.158,1.306,rt,
logo,2026-06-26,1.21,1.055,1.392,1.146,1.289,rt,
logo,2026-06-27,1.197,1.041,1.371,1.135,1.27,rt,
logo,2026-06-28,1.182,1.023,1.363,1.121,1.254,rt,
logo,2026-06-29,1.156,0.994,1.341,1.094,1.226,rt,
logo,2026-06-30,1.139,0.99,1.308,1.081,1.203,rt,
logo,2026-07-01,1.123,0.983,1.28,1.068,1.186,rt,
logo,2026-07-02,1.108,0.973,1.255,1.056,1.168,rt,
logo,2026-07-03,1.094,0.962,1.227,1.041,1.15,rt,
logo,2026-07-04,1.081,0.946,1.21,1.027,1.136,rt,
logo,2026-07-05,1.067,0.929,1.197,1.011,1.122,rt,
logo,2026-07-06,1.058,0.908,1.198,0.999,1.116,rt,
logo,2026-07-07,1.063,0.929,1.19,1.008,1.117,rt,
logo,2026-07-08,1.068,0.939,1.191,1.016,1.121,rt,
logo,2026-07-09,1.073,0.95,1.195,1.021,1.126,rt,
logo,2026-07-10,1.08,0.959,1.203,1.029,1.129,rt,
logo,2026-07-11,1.086,0.964,1.21,1.036,1.136,rt,
logo,2026-07-12,1.09,0.963,1.223,1.038,1.143,rt,
logo,2026-07-13,1.086,0.95,1.228,1.029,1.144,rt,
logo,2026-07-14,1.087,0.957,1.219,1.03,1.14,rt,
logo,2026-07-15,1.087,0.959,1.214,1.034,1.138,rt,
logo,2026-07-16,1.084,0.958,1.211,1.033,1.137,rt,
logo,2026-07-17,1.089,0.963,1.209,1.037,1.137,rt,
logo,2026-07-18,1.089,0.965,1.208,1.035,1.14,rt,
logo,2026-07-19,1.087,0.963,1.213,1.035,1.14,rt,
logo,2026-07-20,1.086,0.953,1.218,1.029,1.143,rt,
logo,2026-07-21,1.084,0.956,1.209,1.031,1.136,rt,
logo,2026-07-22,1.081,0.956,1.2,1.028,1.13,rt,
logo,2026-07-23,1.075,0.953,1.196,1.024,1.122,rt,
logo,2026-07-24,1.068,0.95,1.187,1.022,1.113,rt,
logo,2026-07-25,1.06,0.941,1.178,1.014,1.107,rt,
logo,2026-07-26,1.05,0.929,1.17,1.002,1.1,rt,
logo,2026-07-27,1.046,0.92,1.175,0.996,1.1,rt,
logo,2026-07-28,1.044,0.922,1.163,0.997,1.093,rt,
logo,2026-07-29,1.042,0.922,1.155,0.995,1.088,rt,
logo,2026-07-30,1.036,0.919,1.154,0.991,1.083,rt,
logo,2026-07-31,1.024,0.909,1.134,0.98,1.07,rt,
logo,2026-08-01,1.012,0.897,1.119,0.964,1.056,rt,
logo,2026-08-02,0.997,0.878,1.11,0.946,1.045,rt,
logo,2026-08-03,0.978,0.853,1.098,0.925,1.031,rt,
logo,2026-08-04,0.972,0.853,1.091,0.925,1.023,rt,
logo,2026-08-05,0.964,0.85,1.085,0.92,1.014,rt,
logo,2026-08-06,0.959,0.846,1.08,0.913,1.006,rt,
logo,2026-08-07,0.95,0.841,1.067,0.909,0.996,rt,
logo,2026-08-08,0.941,0.835,1.056,0.9,0.988,rt,
logo,2026-08-09,0.933,0.825,1.048,0.888,0.979,rt,
logo,2026-08-10,0.914,0.805,1.035,0.866,0.964,rt,
logo,2026-08-11,0.907,0.807,1.019,0.862,0.952,rt,
logo,2026-08-12,0.9,0.801,1.009,0.858,0.942,rt,
logo,2026-08-13,0.893,0.794,1.002,0.851,0.934,rt,
logo,2026-08-14,0.887,0.788,0.985,0.845,0.925,rt,
logo,2026-08-15,0.877,0.781,0.975,0.838,0.916,rt,
logo,2026-08-16,0.869,0.768,0.969,0.828,0.908,rt,
logo,2026-08-17,0.866,0.763,0.97,0.823,0.909,rt,
logo,2026-08-18,0.867,0.766,0.967,0.826,0.91,rt,
logo,2026-08-19,0.869,0.768,0.969,0.827,0.91,rt,
logo,2026-08-20,0.869,0.767,0.976,0.827,0.912,rt,
logo,2026-08-21,0.872,0.774,0.974,0.83,0.912,rt,
logo,2026-08-22,0.873,0.777,0.978,0.831,0.913,rt,
logo,2026-08-23,0.872,0.774,0.982,0.828,0.913,rt,
logo,2026-08-24,0.88,0.777,0.995,0.835,0.925,rt,
logo,2026-08-25,0.896,0.795,1.009,0.853,0.94,rt,
logo,2026-08-26,0.912,0.81,1.026,0.868,0.957,rt,
logo,2026-08-27,0.927,0.822,1.042,0.878,0.973,rt,
logo,2026-08-28,0.941,0.839,1.051,0.894,0.985,rt,
logo,2026-08-29,0.954,0.851,1.06,0.908,0.997,rt,
logo,2026-08-30,0.963,0.858,1.071,0.914,1.008,rt,
logo,2026-08-31,0.959,0.85,1.07,0.912,1.008,rt,
logo,2026-09-01,0.964,0.863,1.075,0.919,1.015,rt,
logo,2026-09-02,0.97,0.869,1.083,0.925,1.022,rt,
logo,2026-09-03,0.977,0.873,1.088,0.929,1.029,rt,
logo,2026-09-04,0.977,0.874,1.085,0.932,1.023,rt,
logo,2026-09-05,0.975,0.87,1.082,0.929,1.02,rt,
logo,2026-09-06,0.97,0.86,1.081,0.922,1.016,rt,
logo,2026-09-07,0.954,0.835,1.071,0.903,1.002,rt,
logo,2026-09-08,0.943,0.824,1.057,0.892,0.99,rt,
logo,2026-09-09,0.93,0.811,1.045,0.88,0.978,rt,
logo,2026-09-10,0.915,0.797,1.035,0.866,0.966,rt,
logo,2026-09-11,0.893,0.776,1.007,0.846,0.943,rt,
logo,2026-09-12,0.871,0.752,0.985,0.824,0.917,rt,
logo,2026-09-13,0.846,0.724,0.964,0.796,0.893,rt,
logo,2026-09-14,0.822,0.694,0.947,0.769,0.871,rt,
logo,2026-09-15,0.813,0.686,0.939,0.76,0.862,rt,
logo,2026-09-16,0.804,0.678,0.935,0.749,0.854,rt,
logo,2026-09-17,0.797,0.666,0.932,0.741,0.848,rt,
logo,2026-09-18,0.79,0.656,0.93,0.735,0.844,rt,
logo,2026-09-19,0.783,0.647,0.931,0.726,0.844,rt,
logo,2026-09-20,0.776,0.634,0.938,0.718,0.841,rt,
logo,2026-09-21,0.776,0.627,0.953,0.714,0.847,rt,
logo,2026-09-22,0.777,0.623,0.962,0.713,0.848,rt,
logo,2026-09-23,0.779,0.618,0.969,0.713,0.851,rt,
logo,2026-09-24,0.779,0.611,0.978,0.707,0.855,rt,
logo,2026-09-25,0.783,0.605,0.989,0.707,0.863,rt,
logo,2026-09-26,0.787,0.597,0.997,0.706,0.872,rt,
logo,2026-09-27,0.791,0.582,1.01,0.703,0.881,rt,
logo,2026-09-28,0.784,0.562,1.018,0.693,0.882,rt,
logo,2026-09-29,0.784,0.558,1.025,0.689,0.883,rt,
logo,2026-09-30,0.783,0.543,1.034,0.683,0.886,rt,
logo,2026-10-01,0.781,0.536,1.044,0.678,0.887,rt,
logo,2026-10-02,0.781,0.525,1.061,0.668,0.884,rt,
logo,2026-10-03,0.778,0.514,1.078,0.66,0.883,rt,
logo,2026-10-04,0.771,0.498,1.092,0.648,0.889,rt,
logo,2026-10-05,0.76,0.479,1.107,0.633,0.892,rt,
logo,2026-10-06,0.769,0.485,1.124,0.646,0.902,rt,
lolwa,2026-07-06,1.256,0.77,2.098,1.025,1.562,rt,
lolwa,2026-07-07,1.295,0.838,2.067,1.067,1.578,rt,
lolwa,2026-07-08,1.333,0.88,2.055,1.113,1.6,rt,
lolwa,2026-07-09,1.372,0.911,2.063,1.152,1.621,rt,
lolwa,2026-07-10,1.416,0.933,2.101,1.193,1.666,rt,
lolwa,2026-07-11,1.46,0.942,2.223,1.225,1.73,rt,
lolwa,2026-07-12,1.498,0.936,2.355,1.243,1.793,rt,
lolwa,2026-07-13,1.521,0.92,2.552,1.244,1.86,rt,
lolwa,2026-07-14,1.511,0.951,2.398,1.256,1.827,rt,
lolwa,2026-07-15,1.51,0.974,2.3,1.263,1.806,rt,
lolwa,2026-07-16,1.508,0.985,2.242,1.268,1.799,rt,
lolwa,2026-07-17,1.504,0.985,2.225,1.26,1.797,rt,
lolwa,2026-07-18,1.506,0.964,2.269,1.25,1.808,rt,
lolwa,2026-07-19,1.504,0.936,2.333,1.225,1.818,rt,
lolwa,2026-07-20,1.496,0.889,2.428,1.2,1.83,rt,
lolwa,2026-07-21,1.458,0.914,2.271,1.203,1.752,rt,
lolwa,2026-07-22,1.426,0.926,2.175,1.201,1.69,rt,
lolwa,2026-07-23,1.398,0.923,2.104,1.19,1.647,rt,
lolwa,2026-07-24,1.365,0.894,2.049,1.161,1.611,rt,
lolwa,2026-07-25,1.338,0.862,2.04,1.121,1.588,rt,
lolwa,2026-07-26,1.316,0.819,2.057,1.084,1.572,rt,
lolwa,2026-07-27,1.29,0.77,2.096,1.047,1.568,rt,
lolwa,2026-07-28,1.268,0.793,1.977,1.046,1.501,rt,
lolwa,2026-07-29,1.24,0.804,1.893,1.037,1.455,rt,
lolwa,2026-07-30,1.217,0.802,1.807,1.024,1.42,rt,
lolwa,2026-07-31,1.181,0.776,1.763,1.002,1.39,rt,
lolwa,2026-08-01,1.141,0.748,1.723,0.974,1.364,rt,
lolwa,2026-08-02,1.107,0.697,1.712,0.935,1.346,rt,
lolwa,2026-08-03,1.073,0.644,1.725,0.886,1.322,rt,
lolwa,2026-08-04,1.078,0.664,1.66,0.903,1.285,rt,
lolwa,2026-08-05,1.071,0.683,1.6,0.91,1.26,rt,
lolwa,2026-08-06,1.061,0.687,1.578,0.913,1.249,rt,
lolwa,2026-08-07,1.057,0.685,1.565,0.902,1.249,rt,
lolwa,2026-08-08,1.051,0.676,1.584,0.889,1.239,rt,
lolwa,2026-08-09,1.043,0.65,1.624,0.873,1.243,rt,
lolwa,2026-08-10,1.021,0.616,1.651,0.848,1.25,rt,
lolwa,2026-08-11,1.013,0.64,1.559,0.856,1.214,rt,
lolwa,2026-08-12,1.013,0.649,1.492,0.86,1.199,rt,
lolwa,2026-08-13,1.013,0.667,1.456,0.864,1.184,rt,
lolwa,2026-08-14,1.008,0.67,1.44,0.858,1.176,rt,
lolwa,2026-08-15,0.998,0.662,1.431,0.843,1.178,rt,
lolwa,2026-08-16,0.988,0.639,1.454,0.831,1.176,rt,
lolwa,2026-08-17,0.989,0.617,1.519,0.813,1.186,rt,
lolwa,2026-08-18,0.973,0.638,1.444,0.824,1.147,rt,
lolwa,2026-08-19,0.962,0.647,1.389,0.82,1.119,rt,
lolwa,2026-08-20,0.947,0.65,1.363,0.812,1.097,rt,
lolwa,2026-08-21,0.94,0.644,1.349,0.807,1.081,rt,
lolwa,2026-08-22,0.923,0.616,1.344,0.79,1.079,rt,
lolwa,2026-08-23,0.91,0.582,1.359,0.77,1.076,rt,
lolwa,2026-08-24,0.905,0.551,1.401,0.749,1.089,rt,
lolwa,2026-08-25,0.903,0.573,1.355,0.76,1.075,rt,
lolwa,2026-08-26,0.901,0.585,1.326,0.763,1.061,rt,
lolwa,2026-08-27,0.896,0.594,1.298,0.762,1.056,rt,
lolwa,2026-08-28,0.893,0.597,1.299,0.755,1.045,rt,
lolwa,2026-08-29,0.887,0.578,1.297,0.745,1.042,rt,
lolwa,2026-08-30,0.878,0.563,1.308,0.728,1.038,rt,
lolwa,2026-08-31,0.859,0.528,1.328,0.701,1.034,rt,
lolwa,2026-09-01,0.865,0.55,1.299,0.722,1.025,rt,
lolwa,2026-09-02,0.871,0.565,1.274,0.738,1.027,rt,
lolwa,2026-09-03,0.876,0.569,1.264,0.743,1.025,rt,
lolwa,2026-09-04,0.881,0.564,1.255,0.743,1.024,rt,
lolwa,2026-09-05,0.876,0.552,1.286,0.736,1.034,rt,
lolwa,2026-09-06,0.876,0.532,1.327,0.727,1.039,rt,
lolwa,2026-09-07,0.862,0.495,1.359,0.706,1.03,rt,
lolwa,2026-09-08,0.856,0.497,1.305,0.707,1.012,rt,
lolwa,2026-09-09,0.841,0.502,1.265,0.696,0.994,rt,
lolwa,2026-09-10,0.831,0.501,1.244,0.686,0.983,rt,
lolwa,2026-09-11,0.808,0.48,1.217,0.661,0.962,rt,
lolwa,2026-09-12,0.783,0.456,1.217,0.635,0.948,rt,
lolwa,2026-09-13,0.759,0.434,1.224,0.606,0.928,rt,
lolwa,2026-09-14,0.738,0.402,1.24,0.576,0.914,rt,
lolwa,2026-09-15,0.721,0.393,1.19,0.569,0.883,rt,
lolwa,2026-09-16,0.699,0.385,1.162,0.557,0.862,rt,
lolwa,2026-09-17,0.683,0.377,1.148,0.541,0.851,rt,
lolwa,2026-09-18,0.667,0.366,1.133,0.531,0.835,rt,
lolwa,2026-09-19,0.657,0.353,1.15,0.512,0.823,rt,
lolwa,2026-09-20,0.634,0.333,1.175,0.495,0.817,rt,
lolwa,2026-09-21,0.627,0.314,1.202,0.476,0.824,rt,
lolwa,2026-09-22,0.626,0.315,1.201,0.48,0.824,rt,
lolwa,2026-09-23,0.632,0.323,1.19,0.48,0.826,rt,
lolwa,2026-09-24,0.63,0.317,1.218,0.477,0.83,rt,
lolwa,2026-09-25,0.632,0.318,1.252,0.475,0.836,rt,
lolwa,2026-09-26,0.638,0.309,1.283,0.472,0.853,rt,
lolwa,2026-09-27,0.628,0.299,1.34,0.469,0.874,rt,
lolwa,2026-09-28,0.627,0.281,1.378,0.459,0.876,rt,
lolwa,2026-09-29,0.622,0.283,1.386,0.461,0.884,rt,
lolwa,2026-09-30,0.618,0.28,1.391,0.459,0.878,rt,
lolwa,2026-10-01,0.621,0.281,1.388,0.455,0.885,rt,
lolwa,2026-10-02,0.618,0.277,1.422,0.447,0.88,rt,
lolwa,2026-10-03,0.611,0.271,1.434,0.438,0.885,rt,
lolwa,2026-10-04,0.611,0.263,1.481,0.428,0.892,rt,
lolwa,2026-10-05,0.598,0.254,1.513,0.41,0.897,rt,
lolwa,2026-10-06,0.628,0.241,1.608,0.402,0.926,rt,
mahagi,2026-08-02,1.041,0.932,1.15,0.996,1.084,rt,
mahagi,2026-08-03,1.023,0.904,1.143,0.977,1.068,rt,
mahagi,2026-08-04,1.016,0.906,1.131,0.971,1.059,rt,
mahagi,2026-08-05,1.009,0.903,1.12,0.966,1.052,rt,
mahagi,2026-08-06,1.002,0.894,1.116,0.957,1.046,rt,
mahagi,2026-08-07,0.992,0.895,1.107,0.95,1.036,rt,
mahagi,2026-08-08,0.985,0.887,1.093,0.943,1.027,rt,
mahagi,2026-08-09,0.976,0.877,1.086,0.933,1.02,rt,
mahagi,2026-08-10,0.958,0.854,1.069,0.913,1.003,rt,
mahagi,2026-08-11,0.949,0.851,1.055,0.908,0.991,rt,
mahagi,2026-08-12,0.941,0.845,1.045,0.902,0.981,rt,
mahagi,2026-08-13,0.933,0.836,1.037,0.895,0.974,rt,
mahagi,2026-08-14,0.926,0.832,1.023,0.887,0.964,rt,
mahagi,2026-08-15,0.917,0.823,1.009,0.879,0.955,rt,
mahagi,2026-08-16,0.906,0.81,1.001,0.869,0.946,rt,
mahagi,2026-08-17,0.903,0.801,1.004,0.864,0.946,rt,
mahagi,2026-08-18,0.904,0.807,1.004,0.865,0.947,rt,
mahagi,2026-08-19,0.906,0.809,1.005,0.868,0.947,rt,
mahagi,2026-08-20,0.907,0.808,1.01,0.867,0.95,rt,
mahagi,2026-08-21,0.91,0.815,1.01,0.871,0.951,rt,
mahagi,2026-08-22,0.911,0.818,1.01,0.871,0.951,rt,
mahagi,2026-08-23,0.91,0.816,1.013,0.868,0.951,rt,
mahagi,2026-08-24,0.919,0.822,1.031,0.877,0.964,rt,
mahagi,2026-08-25,0.936,0.84,1.043,0.893,0.981,rt,
mahagi,2026-08-26,0.952,0.857,1.06,0.91,0.996,rt,
mahagi,2026-08-27,0.967,0.868,1.076,0.923,1.01,rt,
mahagi,2026-08-28,0.983,0.885,1.086,0.938,1.024,rt,
mahagi,2026-08-29,0.995,0.897,1.097,0.952,1.038,rt,
mahagi,2026-08-30,1.005,0.904,1.108,0.961,1.05,rt,
mahagi,2026-08-31,1.003,0.897,1.109,0.957,1.048,rt,
mahagi,2026-09-01,1.009,0.904,1.115,0.967,1.055,rt,
mahagi,2026-09-02,1.014,0.911,1.12,0.97,1.062,rt,
mahagi,2026-09-03,1.02,0.915,1.131,0.974,1.067,rt,
mahagi,2026-09-04,1.019,0.915,1.127,0.974,1.065,rt,
mahagi,2026-09-05,1.016,0.909,1.125,0.973,1.06,rt,
mahagi,2026-09-06,1.011,0.901,1.122,0.967,1.056,rt,
mahagi,2026-09-07,0.995,0.881,1.113,0.949,1.043,rt,
mahagi,2026-09-08,0.983,0.872,1.1,0.935,1.029,rt,
mahagi,2026-09-09,0.97,0.857,1.091,0.923,1.018,rt,
mahagi,2026-09-10,0.956,0.841,1.079,0.908,1.005,rt,
mahagi,2026-09-11,0.934,0.821,1.051,0.886,0.98,rt,
mahagi,2026-09-12,0.91,0.797,1.026,0.862,0.958,rt,
mahagi,2026-09-13,0.885,0.769,1.007,0.836,0.932,rt,
mahagi,2026-09-14,0.861,0.736,0.99,0.809,0.91,rt,
mahagi,2026-09-15,0.851,0.728,0.98,0.8,0.903,rt,
mahagi,2026-09-16,0.841,0.717,0.976,0.79,0.894,rt,
mahagi,2026-09-17,0.834,0.705,0.97,0.78,0.888,rt,
mahagi,2026-09-18,0.827,0.693,0.968,0.772,0.884,rt,
mahagi,2026-09-19,0.82,0.681,0.971,0.763,0.881,rt,
mahagi,2026-09-20,0.814,0.67,0.978,0.754,0.879,rt,
mahagi,2026-09-21,0.815,0.662,0.994,0.75,0.883,rt,
mahagi,2026-09-22,0.816,0.659,1.001,0.75,0.884,rt,
mahagi,2026-09-23,0.818,0.651,1.009,0.749,0.889,rt,
mahagi,2026-09-24,0.819,0.643,1.015,0.745,0.893,rt,
mahagi,2026-09-25,0.821,0.64,1.028,0.745,0.901,rt,
mahagi,2026-09-26,0.824,0.629,1.04,0.743,0.908,rt,
mahagi,2026-09-27,0.828,0.616,1.054,0.739,0.916,rt,
mahagi,2026-09-28,0.825,0.599,1.068,0.73,0.918,rt,
mahagi,2026-09-29,0.824,0.591,1.075,0.726,0.92,rt,
mahagi,2026-09-30,0.822,0.584,1.086,0.724,0.924,rt,
mahagi,2026-10-01,0.82,0.574,1.096,0.718,0.928,rt,
mahagi,2026-10-02,0.818,0.564,1.108,0.71,0.928,rt,
mahagi,2026-10-03,0.814,0.553,1.126,0.699,0.928,rt,
mahagi,2026-10-04,0.81,0.537,1.141,0.689,0.931,rt,
mahagi,2026-10-05,0.802,0.516,1.15,0.67,0.933,rt,
mahagi,2026-10-06,0.807,0.532,1.17,0.686,0.944,rt,
mambasa,2026-06-09,1.549,0.906,2.527,1.271,1.905,rt,
mambasa,2026-06-10,1.569,0.953,2.431,1.295,1.898,rt,
mambasa,2026-06-11,1.587,0.977,2.43,1.309,1.895,rt,
mambasa,2026-06-12,1.601,0.982,2.476,1.309,1.917,rt,
mambasa,2026-06-13,1.602,0.973,2.577,1.316,1.935,rt,
mambasa,2026-06-14,1.603,0.928,2.681,1.301,1.962,rt,
mambasa,2026-06-15,1.599,0.891,2.836,1.283,2.008,rt,
mambasa,2026-06-16,1.629,0.962,2.779,1.332,2.005,rt,
mambasa,2026-06-17,1.663,1.018,2.707,1.37,2.002,rt,
mambasa,2026-06-18,1.69,1.065,2.687,1.39,2.014,rt,
mambasa,2026-06-19,1.714,1.093,2.695,1.416,2.059,rt,
mambasa,2026-06-20,1.738,1.102,2.779,1.42,2.13,rt,
mambasa,2026-06-21,1.759,1.102,2.955,1.421,2.177,rt,
mambasa,2026-06-22,1.791,1.065,3.143,1.42,2.252,rt,
mambasa,2026-06-23,1.743,1.078,2.953,1.406,2.139,rt,
mambasa,2026-06-24,1.676,1.083,2.726,1.385,2.029,rt,
mambasa,2026-06-25,1.625,1.067,2.584,1.351,1.944,rt,
mambasa,2026-06-26,1.58,1.018,2.486,1.312,1.878,rt,
mambasa,2026-06-27,1.521,0.969,2.455,1.265,1.842,rt,
mambasa,2026-06-28,1.468,0.915,2.438,1.207,1.804,rt,
mambasa,2026-06-29,1.399,0.835,2.432,1.13,1.762,rt,
mambasa,2026-06-30,1.344,0.828,2.218,1.108,1.658,rt,
mambasa,2026-07-01,1.292,0.821,2.084,1.086,1.56,rt,
mambasa,2026-07-02,1.255,0.798,1.963,1.041,1.481,rt,
mambasa,2026-07-03,1.206,0.764,1.88,1.003,1.428,rt,
mambasa,2026-07-04,1.154,0.71,1.848,0.953,1.382,rt,
mambasa,2026-07-05,1.11,0.651,1.833,0.897,1.358,rt,
mambasa,2026-07-06,1.082,0.605,1.887,0.85,1.332,rt,
mambasa,2026-07-07,1.069,0.623,1.776,0.858,1.301,rt,
mambasa,2026-07-08,1.058,0.637,1.682,0.856,1.282,rt,
mambasa,2026-07-09,1.042,0.643,1.62,0.863,1.261,rt,
mambasa,2026-07-10,1.039,0.632,1.589,0.86,1.25,rt,
mambasa,2026-07-11,1.033,0.623,1.585,0.85,1.257,rt,
mambasa,2026-07-12,1.016,0.597,1.618,0.837,1.255,rt,
mambasa,2026-07-13,1.001,0.562,1.67,0.809,1.252,rt,
mambasa,2026-07-14,0.986,0.584,1.569,0.815,1.203,rt,
mambasa,2026-07-15,0.967,0.597,1.479,0.816,1.161,rt,
mambasa,2026-07-16,0.946,0.603,1.443,0.798,1.132,rt,
mambasa,2026-07-17,0.937,0.594,1.424,0.781,1.116,rt,
mambasa,2026-07-18,0.924,0.576,1.42,0.759,1.11,rt,
mambasa,2026-07-19,0.906,0.545,1.444,0.736,1.098,rt,
mambasa,2026-07-20,0.892,0.507,1.496,0.71,1.096,rt,
mambasa,2026-07-21,0.87,0.515,1.399,0.708,1.058,rt,
mambasa,2026-07-22,0.852,0.52,1.326,0.701,1.031,rt,
mambasa,2026-07-23,0.837,0.515,1.287,0.69,1.005,rt,
mambasa,2026-07-24,0.811,0.504,1.284,0.673,0.983,rt,
mambasa,2026-07-25,0.792,0.479,1.276,0.649,0.967,rt,
mambasa,2026-07-26,0.772,0.451,1.277,0.624,0.957,rt,
mambasa,2026-07-27,0.755,0.421,1.306,0.604,0.947,rt,
mambasa,2026-07-28,0.74,0.429,1.223,0.598,0.916,rt,
mambasa,2026-07-29,0.726,0.437,1.164,0.586,0.887,rt,
mambasa,2026-07-30,0.71,0.43,1.117,0.576,0.863,rt,
mambasa,2026-07-31,0.689,0.42,1.082,0.557,0.841,rt,
mambasa,2026-08-01,0.662,0.397,1.081,0.536,0.814,rt,
mambasa,2026-08-02,0.647,0.378,1.074,0.515,0.796,rt,
mambasa,2026-08-03,0.622,0.348,1.078,0.489,0.786,rt,
mambasa,2026-08-04,0.616,0.358,1.037,0.495,0.766,rt,
mambasa,2026-08-05,0.616,0.367,1.017,0.496,0.761,rt,
mambasa,2026-08-06,0.615,0.368,1.003,0.499,0.749,rt,
mambasa,2026-08-07,0.613,0.363,0.995,0.495,0.75,rt,
mambasa,2026-08-08,0.608,0.348,0.999,0.489,0.75,rt,
mambasa,2026-08-09,0.608,0.334,1.018,0.48,0.755,rt,
mambasa,2026-08-10,0.598,0.317,1.064,0.465,0.764,rt,
mambasa,2026-08-11,0.614,0.34,1.034,0.485,0.769,rt,
mambasa,2026-08-12,0.635,0.358,1.025,0.509,0.778,rt,
mambasa,2026-08-13,0.654,0.376,1.033,0.525,0.793,rt,
mambasa,2026-08-14,0.664,0.383,1.05,0.541,0.814,rt,
mambasa,2026-08-15,0.685,0.391,1.08,0.549,0.837,rt,
mambasa,2026-08-16,0.702,0.389,1.136,0.558,0.862,rt,
mambasa,2026-08-17,0.73,0.392,1.218,0.569,0.904,rt,
mambasa,2026-08-18,0.774,0.431,1.224,0.616,0.944,rt,
mambasa,2026-08-19,0.82,0.471,1.249,0.664,0.988,rt,
mambasa,2026-08-20,0.862,0.517,1.31,0.711,1.036,rt,
mambasa,2026-08-21,0.916,0.561,1.391,0.756,1.099,rt,
mambasa,2026-08-22,0.969,0.589,1.511,0.79,1.166,rt,
mambasa,2026-08-23,1.023,0.613,1.647,0.819,1.254,rt,
mambasa,2026-08-24,1.091,0.626,1.84,0.867,1.365,rt,
mambasa,2026-08-25,1.18,0.722,1.867,0.965,1.439,rt,
mambasa,2026-08-26,1.277,0.819,1.954,1.06,1.527,rt,
mambasa,2026-08-27,1.382,0.913,2.081,1.158,1.639,rt,
mambasa,2026-08-28,1.485,0.996,2.2,1.25,1.756,rt,
mambasa,2026-08-29,1.608,1.081,2.419,1.346,1.891,rt,
mambasa,2026-08-30,1.729,1.121,2.682,1.433,2.067,rt,
mambasa,2026-08-31,1.833,1.132,2.989,1.484,2.233,rt,
mambasa,2026-09-01,1.903,1.241,2.912,1.591,2.283,rt,
mambasa,2026-09-02,1.979,1.33,2.905,1.692,2.33,rt,
mambasa,2026-09-03,2.05,1.414,2.957,1.783,2.383,rt,
mambasa,2026-09-04,2.127,1.485,3.029,1.849,2.466,rt,
mambasa,2026-09-05,2.198,1.505,3.225,1.879,2.548,rt,
mambasa,2026-09-06,2.264,1.494,3.465,1.893,2.643,rt,
mambasa,2026-09-07,2.293,1.451,3.721,1.871,2.729,rt,
mambasa,2026-09-08,2.267,1.5,3.494,1.891,2.657,rt,
mambasa,2026-09-09,2.228,1.524,3.325,1.9,2.603,rt,
mambasa,2026-09-10,2.184,1.509,3.226,1.888,2.557,rt,
mambasa,2026-09-11,2.123,1.459,3.175,1.831,2.508,rt,
mambasa,2026-09-12,2.076,1.395,3.148,1.754,2.469,rt,
mambasa,2026-09-13,2.024,1.302,3.22,1.668,2.417,rt,
mambasa,2026-09-14,1.957,1.189,3.267,1.58,2.406,rt,
mambasa,2026-09-15,1.879,1.163,2.948,1.531,2.265,rt,
mambasa,2026-09-16,1.807,1.141,2.743,1.49,2.152,rt,
mambasa,2026-09-17,1.739,1.09,2.64,1.438,2.078,rt,
mambasa,2026-09-18,1.671,1.02,2.533,1.39,2.0,rt,
mambasa,2026-09-19,1.611,0.953,2.496,1.325,1.944,rt,
mambasa,2026-09-20,1.549,0.878,2.527,1.245,1.914,rt,
mambasa,2026-09-21,1.506,0.805,2.556,1.17,1.892,rt,
mambasa,2026-09-22,1.495,0.795,2.542,1.158,1.869,rt,
mambasa,2026-09-23,1.476,0.771,2.535,1.125,1.855,rt,
mambasa,2026-09-24,1.448,0.746,2.553,1.105,1.843,rt,
mambasa,2026-09-25,1.423,0.719,2.637,1.082,1.847,rt,
mambasa,2026-09-26,1.394,0.677,2.718,1.05,1.843,rt,
mambasa,2026-09-27,1.38,0.629,2.781,1.012,1.845,rt,
mambasa,2026-09-28,1.343,0.578,2.807,0.97,1.84,rt,
mambasa,2026-09-29,1.323,0.581,2.745,0.954,1.811,rt,
mambasa,2026-09-30,1.29,0.572,2.654,0.935,1.756,rt,
mambasa,2026-10-01,1.275,0.553,2.64,0.917,1.711,rt,
mambasa,2026-10-02,1.239,0.527,2.645,0.886,1.701,rt,
mambasa,2026-10-03,1.214,0.491,2.562,0.858,1.672,rt,
mambasa,2026-10-04,1.189,0.454,2.575,0.823,1.649,rt,
mambasa,2026-10-05,1.151,0.421,2.556,0.788,1.627,rt,
mambasa,2026-10-06,1.038,0.369,2.635,0.691,1.584,rt,
mandima,2026-06-17,2.161,1.4,3.346,1.8,2.569,rt,
mandima,2026-06-18,2.118,1.379,3.254,1.776,2.533,rt,
mandima,2026-06-19,2.08,1.332,3.211,1.742,2.496,rt,
mandima,2026-06-20,2.054,1.284,3.252,1.694,2.472,rt,
mandima,2026-06-21,2.019,1.205,3.371,1.639,2.467,rt,
mandima,2026-06-22,1.973,1.116,3.463,1.571,2.473,rt,
mandima,2026-06-23,1.893,1.121,3.153,1.526,2.309,rt,
mandima,2026-06-24,1.802,1.107,2.876,1.474,2.167,rt,
mandima,2026-06-25,1.708,1.087,2.664,1.425,2.041,rt,
mandima,2026-06-26,1.623,1.034,2.53,1.347,1.942,rt,
mandima,2026-06-27,1.54,0.955,2.436,1.28,1.861,rt,
mandima,2026-06-28,1.462,0.872,2.407,1.204,1.79,rt,
mandima,2026-06-29,1.374,0.786,2.383,1.116,1.714,rt,
mandima,2026-06-30,1.31,0.782,2.117,1.092,1.605,rt,
mandima,2026-07-01,1.273,0.783,1.983,1.071,1.519,rt,
mandima,2026-07-02,1.227,0.769,1.853,1.03,1.451,rt,
mandima,2026-07-03,1.185,0.726,1.763,0.988,1.391,rt,
mandima,2026-07-04,1.139,0.679,1.727,0.938,1.351,rt,
mandima,2026-07-05,1.093,0.625,1.697,0.889,1.326,rt,
mandima,2026-07-06,1.051,0.566,1.723,0.843,1.305,rt,
mandima,2026-07-07,1.047,0.614,1.656,0.855,1.266,rt,
mandima,2026-07-08,1.043,0.632,1.573,0.86,1.241,rt,
mandima,2026-07-09,1.038,0.641,1.528,0.862,1.222,rt,
mandima,2026-07-10,1.032,0.64,1.513,0.862,1.208,rt,
mandima,2026-07-11,1.026,0.627,1.528,0.851,1.211,rt,
mandima,2026-07-12,1.015,0.598,1.565,0.829,1.219,rt,
mandima,2026-07-13,1.002,0.572,1.617,0.801,1.23,rt,
mandima,2026-07-14,1.007,0.608,1.556,0.831,1.21,rt,
mandima,2026-07-15,1.017,0.632,1.522,0.851,1.202,rt,
mandima,2026-07-16,1.022,0.649,1.519,0.863,1.198,rt,
mandima,2026-07-17,1.03,0.659,1.508,0.879,1.212,rt,
mandima,2026-07-18,1.035,0.647,1.542,0.876,1.229,rt,
mandima,2026-07-19,1.041,0.636,1.622,0.87,1.262,rt,
mandima,2026-07-20,1.054,0.611,1.714,0.852,1.279,rt,
mandima,2026-07-21,1.071,0.665,1.641,0.89,1.284,rt,
mandima,2026-07-22,1.084,0.701,1.601,0.905,1.282,rt,
mandima,2026-07-23,1.096,0.734,1.592,0.928,1.294,rt,
mandima,2026-07-24,1.106,0.744,1.627,0.943,1.314,rt,
mandima,2026-07-25,1.12,0.74,1.688,0.953,1.33,rt,
mandima,2026-07-26,1.132,0.719,1.793,0.943,1.355,rt,
mandima,2026-07-27,1.144,0.706,1.897,0.936,1.402,rt,
mandima,2026-07-28,1.149,0.734,1.808,0.951,1.372,rt,
mandima,2026-07-29,1.142,0.75,1.723,0.961,1.35,rt,
mandima,2026-07-30,1.138,0.754,1.671,0.97,1.327,rt,
mandima,2026-07-31,1.125,0.748,1.653,0.956,1.314,rt,
mandima,2026-08-01,1.099,0.723,1.669,0.934,1.306,rt,
mandima,2026-08-02,1.082,0.686,1.716,0.905,1.306,rt,
mandima,2026-08-03,1.064,0.634,1.779,0.867,1.312,rt,
mandima,2026-08-04,1.053,0.654,1.656,0.869,1.264,rt,
mandima,2026-08-05,1.043,0.667,1.558,0.872,1.226,rt,
mandima,2026-08-06,1.032,0.667,1.48,0.87,1.209,rt,
mandima,2026-08-07,1.021,0.66,1.474,0.866,1.193,rt,
mandima,2026-08-08,1.008,0.623,1.483,0.848,1.181,rt,
mandima,2026-08-09,0.993,0.589,1.542,0.808,1.185,rt,
mandima,2026-08-10,0.967,0.548,1.59,0.765,1.175,rt,
mandima,2026-08-11,0.977,0.575,1.482,0.793,1.158,rt,
mandima,2026-08-12,0.977,0.607,1.428,0.81,1.151,rt,
mandima,2026-08-13,0.979,0.62,1.409,0.83,1.152,rt,
mandima,2026-08-14,0.986,0.641,1.413,0.829,1.153,rt,
mandima,2026-08-15,0.988,0.631,1.447,0.833,1.162,rt,
mandima,2026-08-16,0.995,0.613,1.498,0.818,1.176,rt,
mandima,2026-08-17,1.005,0.592,1.581,0.816,1.205,rt,
mandima,2026-08-18,1.046,0.65,1.537,0.871,1.226,rt,
mandima,2026-08-19,1.09,0.704,1.558,0.923,1.257,rt,
mandima,2026-08-20,1.136,0.764,1.579,0.971,1.297,rt,
mandima,2026-08-21,1.173,0.804,1.64,1.009,1.351,rt,
mandima,2026-08-22,1.217,0.832,1.741,1.045,1.419,rt,
mandima,2026-08-23,1.266,0.844,1.867,1.076,1.492,rt,
mandima,2026-08-24,1.331,0.835,2.049,1.105,1.583,rt,
mandima,2026-08-25,1.412,0.938,2.067,1.204,1.647,rt,
mandima,2026-08-26,1.495,1.029,2.113,1.295,1.718,rt,
mandima,2026-08-27,1.592,1.117,2.193,1.386,1.807,rt,
mandima,2026-08-28,1.683,1.187,2.294,1.479,1.908,rt,
mandima,2026-08-29,1.778,1.224,2.478,1.55,2.035,rt,
mandima,2026-08-30,1.867,1.254,2.694,1.616,2.176,rt,
mandima,2026-08-31,1.943,1.251,2.905,1.637,2.304,rt,
mandima,2026-09-01,2.038,1.389,2.909,1.753,2.359,rt,
mandima,2026-09-02,2.126,1.531,2.908,1.871,2.425,rt,
mandima,2026-09-03,2.216,1.649,2.965,1.974,2.502,rt,
mandima,2026-09-04,2.31,1.734,3.053,2.05,2.589,rt,
mandima,2026-09-05,2.405,1.773,3.191,2.124,2.697,rt,
mandima,2026-09-06,2.46,1.779,3.39,2.165,2.817,rt,
mandima,2026-09-07,2.513,1.763,3.565,2.167,2.924,rt,
mandima,2026-09-08,2.508,1.854,3.426,2.225,2.839,rt,
mandima,2026-09-09,2.51,1.932,3.353,2.251,2.788,rt,
mandima,2026-09-10,2.488,1.952,3.331,2.252,2.783,rt,
mandima,2026-09-11,2.454,1.911,3.292,2.198,2.741,rt,
mandima,2026-09-12,2.415,1.863,3.321,2.138,2.716,rt,
mandima,2026-09-13,2.372,1.765,3.336,2.072,2.711,rt,
mandima,2026-09-14,2.313,1.654,3.403,1.991,2.686,rt,
mandima,2026-09-15,2.13,1.576,2.994,1.874,2.431,rt,
mandima,2026-09-16,1.964,1.505,2.695,1.754,2.212,rt,
mandima,2026-09-17,1.808,1.384,2.458,1.627,2.036,rt,
mandima,2026-09-18,1.675,1.257,2.261,1.502,1.887,rt,
mandima,2026-09-19,1.566,1.131,2.156,1.379,1.759,rt,
mandima,2026-09-20,1.452,1.004,2.061,1.258,1.648,rt,
mandima,2026-09-21,1.36,0.886,1.995,1.156,1.569,rt,
mandima,2026-09-22,1.326,0.873,1.901,1.133,1.534,rt,
mandima,2026-09-23,1.296,0.845,1.842,1.11,1.495,rt,
mandima,2026-09-24,1.262,0.797,1.814,1.07,1.472,rt,
mandima,2026-09-25,1.24,0.75,1.814,1.029,1.453,rt,
mandima,2026-09-26,1.207,0.704,1.83,0.98,1.444,rt,
mandima,2026-09-27,1.183,0.647,1.834,0.946,1.432,rt,
mandima,2026-09-28,1.141,0.587,1.852,0.898,1.416,rt,
mandima,2026-09-29,1.126,0.582,1.806,0.888,1.389,rt,
mandima,2026-09-30,1.106,0.56,1.749,0.875,1.36,rt,
mandima,2026-10-01,1.093,0.553,1.722,0.85,1.348,rt,
mandima,2026-10-02,1.075,0.532,1.694,0.824,1.32,rt,
mandima,2026-10-03,1.053,0.505,1.683,0.797,1.294,rt,
mandima,2026-10-04,1.037,0.467,1.689,0.768,1.285,rt,
mandima,2026-10-05,1.01,0.423,1.696,0.732,1.271,rt,
mandima,2026-10-06,0.965,0.362,1.717,0.687,1.254,rt,
mangala,2026-05-24,1.78,1.104,2.842,1.489,2.172,rt,
mangala,2026-05-25,1.76,1.076,2.854,1.451,2.163,rt,
mangala,2026-05-26,1.784,1.128,2.78,1.495,2.148,rt,
mangala,2026-05-27,1.81,1.182,2.772,1.534,2.145,rt,
mangala,2026-05-28,1.84,1.233,2.752,1.567,2.174,rt,
mangala,2026-05-29,1.871,1.258,2.773,1.599,2.207,rt,
mangala,2026-05-30,1.903,1.276,2.862,1.633,2.239,rt,
mangala,2026-05-31,1.929,1.281,2.993,1.651,2.296,rt,
mangala,2026-06-01,1.97,1.278,3.085,1.659,2.37,rt,
mangala,2026-06-02,2.001,1.356,3.023,1.717,2.382,rt,
mangala,2026-06-03,2.028,1.425,2.982,1.768,2.373,rt,
mangala,2026-06-04,2.063,1.469,2.93,1.8,2.382,rt,
mangala,2026-06-05,2.081,1.496,2.968,1.822,2.386,rt,
mangala,2026-06-06,2.085,1.491,2.979,1.827,2.416,rt,
mangala,2026-06-07,2.087,1.455,3.045,1.809,2.409,rt,
mangala,2026-06-08,2.092,1.391,3.137,1.779,2.427,rt,
mangala,2026-06-09,2.046,1.442,2.962,1.77,2.356,rt,
mangala,2026-06-10,2.012,1.445,2.816,1.751,2.3,rt,
mangala,2026-06-11,1.967,1.437,2.716,1.73,2.225,rt,
mangala,2026-06-12,1.919,1.422,2.673,1.696,2.18,rt,
mangala,2026-06-13,1.866,1.375,2.603,1.649,2.129,rt,
mangala,2026-06-14,1.812,1.301,2.61,1.594,2.096,rt,
mangala,2026-06-15,1.771,1.227,2.652,1.534,2.066,rt,
mangala,2026-06-16,1.746,1.269,2.493,1.539,2.012,rt,
mangala,2026-06-17,1.727,1.303,2.361,1.538,1.96,rt,
mangala,2026-06-18,1.712,1.307,2.282,1.528,1.928,rt,
mangala,2026-06-19,1.688,1.302,2.255,1.513,1.897,rt,
mangala,2026-06-20,1.674,1.276,2.236,1.49,1.877,rt,
mangala,2026-06-21,1.648,1.232,2.26,1.454,1.864,rt,
mangala,2026-06-22,1.623,1.168,2.297,1.411,1.87,rt,
mangala,2026-06-23,1.578,1.175,2.151,1.393,1.792,rt,
mangala,2026-06-24,1.533,1.166,2.041,1.365,1.726,rt,
mangala,2026-06-25,1.488,1.143,1.961,1.331,1.664,rt,
mangala,2026-06-26,1.445,1.101,1.903,1.298,1.617,rt,
mangala,2026-06-27,1.4,1.036,1.869,1.251,1.585,rt,
mangala,2026-06-28,1.363,0.977,1.859,1.202,1.551,rt,
mangala,2026-06-29,1.31,0.906,1.848,1.135,1.502,rt,
mangala,2026-06-30,1.254,0.906,1.71,1.107,1.421,rt,
mangala,2026-07-01,1.204,0.894,1.605,1.072,1.345,rt,
mangala,2026-07-02,1.157,0.873,1.513,1.034,1.286,rt,
mangala,2026-07-03,1.109,0.847,1.441,0.996,1.234,rt,
mangala,2026-07-04,1.066,0.788,1.396,0.955,1.194,rt,
mangala,2026-07-05,1.025,0.736,1.379,0.911,1.167,rt,
mangala,2026-07-06,0.992,0.673,1.381,0.865,1.149,rt,
mangala,2026-07-07,0.996,0.698,1.333,0.88,1.134,rt,
mangala,2026-07-08,1.003,0.721,1.308,0.885,1.123,rt,
mangala,2026-07-09,1.008,0.734,1.3,0.892,1.117,rt,
mangala,2026-07-10,1.008,0.739,1.305,0.895,1.126,rt,
mangala,2026-07-11,1.008,0.73,1.32,0.895,1.131,rt,
mangala,2026-07-12,1.012,0.709,1.336,0.893,1.141,rt,
mangala,2026-07-13,1.009,0.683,1.354,0.876,1.143,rt,
mangala,2026-07-14,1.042,0.74,1.351,0.921,1.176,rt,
mangala,2026-07-15,1.079,0.795,1.377,0.964,1.2,rt,
mangala,2026-07-16,1.111,0.842,1.404,1.003,1.23,rt,
mangala,2026-07-17,1.156,0.874,1.462,1.047,1.275,rt,
mangala,2026-07-18,1.198,0.895,1.525,1.079,1.328,rt,
mangala,2026-07-19,1.241,0.901,1.622,1.105,1.387,rt,
mangala,2026-07-20,1.281,0.899,1.743,1.124,1.449,rt,
mangala,2026-07-21,1.327,0.979,1.751,1.182,1.477,rt,
mangala,2026-07-22,1.378,1.05,1.752,1.236,1.513,rt,
mangala,2026-07-23,1.423,1.108,1.774,1.282,1.554,rt,
mangala,2026-07-24,1.462,1.151,1.845,1.326,1.594,rt,
mangala,2026-07-25,1.507,1.179,1.901,1.36,1.658,rt,
mangala,2026-07-26,1.542,1.185,2.01,1.38,1.716,rt,
mangala,2026-07-27,1.59,1.192,2.15,1.408,1.797,rt,
mangala,2026-07-28,1.617,1.258,2.103,1.449,1.791,rt,
mangala,2026-07-29,1.637,1.308,2.084,1.485,1.797,rt,
mangala,2026-07-30,1.649,1.348,2.069,1.511,1.81,rt,
mangala,2026-07-31,1.657,1.36,2.069,1.515,1.808,rt,
mangala,2026-08-01,1.66,1.344,2.098,1.516,1.821,rt,
mangala,2026-08-02,1.654,1.308,2.155,1.499,1.838,rt,
mangala,2026-08-03,1.658,1.254,2.232,1.475,1.857,rt,
mangala,2026-08-04,1.613,1.263,2.112,1.456,1.787,rt,
mangala,2026-08-05,1.57,1.252,2.015,1.426,1.745,rt,
mangala,2026-08-06,1.53,1.236,1.951,1.397,1.695,rt,
mangala,2026-08-07,1.495,1.201,1.884,1.36,1.641,rt,
mangala,2026-08-08,1.459,1.155,1.854,1.314,1.6,rt,
mangala,2026-08-09,1.41,1.092,1.842,1.27,1.569,rt,
mangala,2026-08-10,1.357,1.008,1.821,1.206,1.527,rt,
mangala,2026-08-11,1.29,0.991,1.669,1.158,1.433,rt,
mangala,2026-08-12,1.221,0.95,1.541,1.108,1.349,rt,
mangala,2026-08-13,1.16,0.907,1.453,1.053,1.276,rt,
mangala,2026-08-14,1.1,0.862,1.381,0.999,1.213,rt,
mangala,2026-08-15,1.039,0.804,1.334,0.936,1.154,rt,
mangala,2026-08-16,0.981,0.736,1.296,0.875,1.101,rt,
mangala,2026-08-17,0.936,0.667,1.283,0.818,1.063,rt,
mangala,2026-08-18,0.885,0.653,1.162,0.788,0.989,rt,
mangala,2026-08-19,0.83,0.628,1.074,0.749,0.92,rt,
mangala,2026-08-20,0.784,0.6,1.013,0.707,0.864,rt,
mangala,2026-08-21,0.739,0.569,0.947,0.664,0.816,rt,
mangala,2026-08-22,0.695,0.528,0.9,0.623,0.775,rt,
mangala,2026-08-23,0.654,0.478,0.867,0.578,0.738,rt,
mangala,2026-08-24,0.622,0.435,0.85,0.539,0.711,rt,
mangala,2026-08-25,0.617,0.445,0.818,0.544,0.695,rt,
mangala,2026-08-26,0.612,0.451,0.785,0.545,0.683,rt,
mangala,2026-08-27,0.603,0.45,0.764,0.541,0.674,rt,
mangala,2026-08-28,0.597,0.448,0.757,0.535,0.666,rt,
mangala,2026-08-29,0.59,0.439,0.757,0.525,0.66,rt,
mangala,2026-08-30,0.581,0.417,0.765,0.511,0.651,rt,
mangala,2026-08-31,0.566,0.394,0.768,0.488,0.641,rt,
mangala,2026-09-01,0.572,0.414,0.755,0.501,0.64,rt,
mangala,2026-09-02,0.576,0.429,0.746,0.513,0.647,rt,
mangala,2026-09-03,0.581,0.44,0.744,0.52,0.65,rt,
mangala,2026-09-04,0.583,0.436,0.753,0.523,0.654,rt,
mangala,2026-09-05,0.587,0.427,0.771,0.521,0.655,rt,
mangala,2026-09-06,0.588,0.414,0.796,0.513,0.664,rt,
mangala,2026-09-07,0.578,0.389,0.821,0.498,0.665,rt,
mangala,2026-09-08,0.575,0.4,0.795,0.504,0.655,rt,
mangala,2026-09-09,0.574,0.409,0.775,0.504,0.646,rt,
mangala,2026-09-10,0.572,0.412,0.765,0.503,0.643,rt,
mangala,2026-09-11,0.563,0.398,0.752,0.496,0.634,rt,
mangala,2026-09-12,0.553,0.387,0.748,0.483,0.628,rt,
mangala,2026-09-13,0.543,0.363,0.76,0.465,0.624,rt,
mangala,2026-09-14,0.526,0.341,0.765,0.448,0.621,rt,
mangala,2026-09-15,0.531,0.356,0.756,0.456,0.622,rt,
mangala,2026-09-16,0.537,0.358,0.763,0.463,0.624,rt,
mangala,2026-09-17,0.545,0.363,0.783,0.467,0.63,rt,
mangala,2026-09-18,0.555,0.364,0.806,0.475,0.644,rt,
mangala,2026-09-19,0.561,0.363,0.837,0.474,0.663,rt,
mangala,2026-09-20,0.57,0.354,0.875,0.471,0.683,rt,
mangala,2026-09-21,0.584,0.342,0.943,0.471,0.71,rt,
mangala,2026-09-22,0.588,0.345,0.934,0.474,0.716,rt,
mangala,2026-09-23,0.595,0.35,0.946,0.475,0.727,rt,
mangala,2026-09-24,0.599,0.344,0.966,0.473,0.736,rt,
mangala,2026-09-25,0.605,0.333,1.005,0.467,0.754,rt,
mangala,2026-09-26,0.614,0.319,1.057,0.464,0.77,rt,
mangala,2026-09-27,0.613,0.306,1.105,0.457,0.789,rt,
mangala,2026-09-28,0.61,0.286,1.168,0.448,0.805,rt,
mangala,2026-09-29,0.607,0.286,1.173,0.443,0.806,rt,
mangala,2026-09-30,0.607,0.277,1.176,0.441,0.809,rt,
mangala,2026-10-01,0.608,0.271,1.198,0.439,0.806,rt,
mangala,2026-10-02,0.603,0.26,1.214,0.439,0.811,rt,
mangala,2026-10-03,0.594,0.246,1.255,0.43,0.814,rt,
mangala,2026-10-04,0.589,0.233,1.279,0.415,0.816,rt,
mangala,2026-10-05,0.58,0.211,1.333,0.406,0.824,rt,
mangala,2026-10-06,0.591,0.209,1.494,0.388,0.878,rt,
mongbwalu,2026-04-25,2.852,1.477,6.116,2.122,3.894,rt,
mongbwalu,2026-04-26,2.801,1.42,6.025,2.097,3.811,rt,
mongbwalu,2026-04-27,2.768,1.356,5.853,2.065,3.706,rt,
mongbwalu,2026-04-28,2.743,1.407,5.672,2.086,3.651,rt,
mongbwalu,2026-04-29,2.718,1.437,5.402,2.094,3.584,rt,
mongbwalu,2026-04-30,2.693,1.487,5.323,2.1,3.521,rt,
mongbwalu,2026-05-01,2.692,1.505,5.275,2.129,3.504,rt,
mongbwalu,2026-05-02,2.701,1.489,5.239,2.125,3.471,rt,
mongbwalu,2026-05-03,2.68,1.489,5.152,2.105,3.489,rt,
mongbwalu,2026-05-04,2.672,1.443,5.237,2.069,3.499,rt,
mongbwalu,2026-05-05,2.674,1.51,4.999,2.118,3.461,rt,
mongbwalu,2026-05-06,2.686,1.564,4.903,2.171,3.405,rt,
mongbwalu,2026-05-07,2.719,1.601,4.86,2.202,3.397,rt,
mongbwalu,2026-05-08,2.721,1.649,4.778,2.225,3.369,rt,
mongbwalu,2026-05-09,2.718,1.664,4.728,2.247,3.334,rt,
mongbwalu,2026-05-10,2.738,1.664,4.779,2.245,3.352,rt,
mongbwalu,2026-05-11,2.653,1.6,4.679,2.176,3.283,rt,
mongbwalu,2026-05-12,2.617,1.676,4.413,2.192,3.173,rt,
mongbwalu,2026-05-13,2.593,1.747,4.194,2.194,3.09,rt,
mongbwalu,2026-05-14,2.578,1.807,4.008,2.196,3.014,rt,
mongbwalu,2026-05-15,2.543,1.836,3.876,2.195,2.973,rt,
mongbwalu,2026-05-16,2.521,1.829,3.793,2.182,2.945,rt,
mongbwalu,2026-05-17,2.492,1.811,3.726,2.163,2.918,rt,
mongbwalu,2026-05-18,2.453,1.763,3.766,2.124,2.886,rt,
mongbwalu,2026-05-19,2.442,1.817,3.586,2.147,2.82,rt,
mongbwalu,2026-05-20,2.43,1.851,3.474,2.155,2.773,rt,
mongbwalu,2026-05-21,2.422,1.881,3.399,2.157,2.736,rt,
mongbwalu,2026-05-22,2.393,1.884,3.286,2.134,2.694,rt,
mongbwalu,2026-05-23,2.361,1.843,3.231,2.102,2.653,rt,
mongbwalu,2026-05-24,2.31,1.785,3.197,2.072,2.616,rt,
mongbwalu,2026-05-25,2.266,1.712,3.158,2.016,2.568,rt,
mongbwalu,2026-05-26,2.136,1.677,2.866,1.923,2.392,rt,
mongbwalu,2026-05-27,2.018,1.619,2.663,1.84,2.249,rt,
mongbwalu,2026-05-28,1.903,1.555,2.485,1.748,2.114,rt,
mongbwalu,2026-05-29,1.807,1.481,2.323,1.658,1.999,rt,
mongbwalu,2026-05-30,1.718,1.394,2.181,1.577,1.897,rt,
mongbwalu,2026-05-31,1.635,1.296,2.077,1.486,1.803,rt,
mongbwalu,2026-06-01,1.556,1.195,1.996,1.4,1.735,rt,
mongbwalu,2026-06-02,1.438,1.131,1.806,1.312,1.589,rt,
mongbwalu,2026-06-03,1.328,1.065,1.638,1.219,1.457,rt,
mongbwalu,2026-06-04,1.224,0.989,1.495,1.126,1.339,rt,
mongbwalu,2026-06-05,1.121,0.9,1.375,1.035,1.226,rt,
mongbwalu,2026-06-06,1.027,0.811,1.266,0.934,1.123,rt,
mongbwalu,2026-06-07,0.935,0.706,1.18,0.836,1.034,rt,
mongbwalu,2026-06-08,0.85,0.613,1.122,0.745,0.953,rt,
mongbwalu,2026-06-09,0.817,0.614,1.043,0.733,0.909,rt,
mongbwalu,2026-06-10,0.791,0.614,0.981,0.715,0.87,rt,
mongbwalu,2026-06-11,0.763,0.601,0.939,0.695,0.836,rt,
mongbwalu,2026-06-12,0.735,0.582,0.904,0.674,0.8,rt,
mongbwalu,2026-06-13,0.708,0.549,0.886,0.645,0.772,rt,
mongbwalu,2026-06-14,0.68,0.508,0.871,0.61,0.753,rt,
mongbwalu,2026-06-15,0.655,0.464,0.879,0.574,0.744,rt,
mongbwalu,2026-06-16,0.673,0.503,0.88,0.603,0.753,rt,
mongbwalu,2026-06-17,0.695,0.544,0.879,0.632,0.763,rt,
mongbwalu,2026-06-18,0.718,0.575,0.893,0.659,0.779,rt,
mongbwalu,2026-06-19,0.741,0.6,0.916,0.679,0.805,rt,
mongbwalu,2026-06-20,0.764,0.61,0.951,0.698,0.84,rt,
mongbwalu,2026-06-21,0.785,0.605,1.021,0.71,0.881,rt,
mongbwalu,2026-06-22,0.811,0.598,1.108,0.719,0.923,rt,
mongbwalu,2026-06-23,0.807,0.613,1.047,0.723,0.903,rt,
mongbwalu,2026-06-24,0.801,0.623,1.008,0.725,0.882,rt,
mongbwalu,2026-06-25,0.794,0.626,0.982,0.724,0.864,rt,
mongbwalu,2026-06-26,0.784,0.623,0.967,0.715,0.857,rt,
mongbwalu,2026-06-27,0.771,0.608,0.975,0.701,0.851,rt,
mongbwalu,2026-06-28,0.766,0.576,0.994,0.686,0.848,rt,
mongbwalu,2026-06-29,0.747,0.527,1.01,0.659,0.847,rt,
mongbwalu,2026-06-30,0.744,0.554,0.971,0.665,0.83,rt,
mongbwalu,2026-07-01,0.742,0.571,0.938,0.67,0.816,rt,
mongbwalu,2026-07-02,0.742,0.579,0.923,0.669,0.811,rt,
mongbwalu,2026-07-03,0.737,0.581,0.92,0.666,0.808,rt,
mongbwalu,2026-07-04,0.732,0.56,0.931,0.658,0.814,rt,
mongbwalu,2026-07-05,0.732,0.534,0.961,0.647,0.821,rt,
mongbwalu,2026-07-06,0.736,0.506,1.015,0.636,0.843,rt,
mongbwalu,2026-07-07,0.749,0.545,1.011,0.666,0.849,rt,
mongbwalu,2026-07-08,0.766,0.584,1.002,0.695,0.859,rt,
mongbwalu,2026-07-09,0.789,0.61,1.014,0.715,0.87,rt,
mongbwalu,2026-07-10,0.813,0.634,1.049,0.735,0.895,rt,
mongbwalu,2026-07-11,0.838,0.638,1.101,0.749,0.924,rt,
mongbwalu,2026-07-12,0.86,0.632,1.159,0.757,0.965,rt,
mongbwalu,2026-07-13,0.872,0.614,1.238,0.754,1.002,rt,
mongbwalu,2026-07-14,0.848,0.623,1.148,0.745,0.96,rt,
mongbwalu,2026-07-15,0.821,0.618,1.08,0.737,0.923,rt,
mongbwalu,2026-07-16,0.801,0.603,1.038,0.72,0.891,rt,
mongbwalu,2026-07-17,0.78,0.588,1.007,0.704,0.87,rt,
mongbwalu,2026-07-18,0.759,0.565,1.005,0.676,0.855,rt,
mongbwalu,2026-07-19,0.741,0.529,1.014,0.645,0.844,rt,
mongbwalu,2026-07-20,0.717,0.481,1.032,0.616,0.831,rt,
mongbwalu,2026-07-21,0.696,0.492,0.954,0.611,0.791,rt,
mongbwalu,2026-07-22,0.673,0.492,0.899,0.597,0.754,rt,
mongbwalu,2026-07-23,0.651,0.486,0.853,0.581,0.726,rt,
mongbwalu,2026-07-24,0.628,0.468,0.821,0.559,0.704,rt,
mongbwalu,2026-07-25,0.606,0.444,0.807,0.532,0.686,rt,
mongbwalu,2026-07-26,0.585,0.41,0.802,0.503,0.673,rt,
mongbwalu,2026-07-27,0.566,0.377,0.803,0.479,0.666,rt,
mongbwalu,2026-07-28,0.568,0.397,0.788,0.488,0.659,rt,
mongbwalu,2026-07-29,0.57,0.406,0.777,0.498,0.652,rt,
mongbwalu,2026-07-30,0.572,0.413,0.767,0.504,0.648,rt,
mongbwalu,2026-07-31,0.572,0.406,0.772,0.504,0.647,rt,
mongbwalu,2026-08-01,0.572,0.397,0.78,0.497,0.646,rt,
mongbwalu,2026-08-02,0.567,0.376,0.797,0.483,0.649,rt,
mongbwalu,2026-08-03,0.56,0.355,0.821,0.47,0.66,rt,
mongbwalu,2026-08-04,0.585,0.389,0.827,0.501,0.679,rt,
mongbwalu,2026-08-05,0.615,0.419,0.846,0.527,0.702,rt,
mongbwalu,2026-08-06,0.64,0.44,0.879,0.555,0.729,rt,
mongbwalu,2026-08-07,0.669,0.462,0.918,0.582,0.758,rt,
mongbwalu,2026-08-08,0.693,0.479,0.962,0.606,0.797,rt,
mongbwalu,2026-08-09,0.722,0.488,1.029,0.62,0.834,rt,
mongbwalu,2026-08-10,0.745,0.48,1.11,0.634,0.875,rt,
mongbwalu,2026-08-11,0.787,0.541,1.109,0.684,0.908,rt,
mongbwalu,2026-08-12,0.839,0.6,1.138,0.729,0.949,rt,
mongbwalu,2026-08-13,0.888,0.654,1.167,0.778,0.997,rt,
mongbwalu,2026-08-14,0.94,0.701,1.226,0.824,1.051,rt,
mongbwalu,2026-08-15,0.99,0.729,1.312,0.87,1.114,rt,
mongbwalu,2026-08-16,1.047,0.741,1.432,0.91,1.191,rt,
mongbwalu,2026-08-17,1.111,0.759,1.594,0.951,1.292,rt,
mongbwalu,2026-08-18,1.164,0.84,1.596,1.023,1.331,rt,
mongbwalu,2026-08-19,1.223,0.912,1.626,1.089,1.38,rt,
mongbwalu,2026-08-20,1.282,0.986,1.681,1.154,1.433,rt,
mongbwalu,2026-08-21,1.351,1.043,1.749,1.221,1.504,rt,
mongbwalu,2026-08-22,1.416,1.085,1.843,1.275,1.598,rt,
mongbwalu,2026-08-23,1.482,1.097,1.988,1.317,1.686,rt,
mongbwalu,2026-08-24,1.574,1.123,2.22,1.371,1.813,rt,
mongbwalu,2026-08-25,1.572,1.181,2.1,1.393,1.778,rt,
mongbwalu,2026-08-26,1.567,1.216,2.019,1.41,1.736,rt,
mongbwalu,2026-08-27,1.558,1.237,1.953,1.418,1.718,rt,
mongbwalu,2026-08-28,1.552,1.222,1.933,1.411,1.707,rt,
mongbwalu,2026-08-29,1.537,1.195,1.956,1.387,1.704,rt,
mongbwalu,2026-08-30,1.521,1.135,2.026,1.355,1.702,rt,
mongbwalu,2026-08-31,1.478,1.058,2.06,1.295,1.683,rt,
mongbwalu,2026-09-01,1.38,1.015,1.854,1.228,1.55,rt,
mongbwalu,2026-09-02,1.288,0.966,1.673,1.156,1.441,rt,
mongbwalu,2026-09-03,1.197,0.91,1.551,1.079,1.333,rt,
mongbwalu,2026-09-04,1.109,0.841,1.444,0.996,1.229,rt,
mongbwalu,2026-09-05,1.027,0.76,1.35,0.913,1.15,rt,
mongbwalu,2026-09-06,0.945,0.674,1.287,0.834,1.076,rt,
mongbwalu,2026-09-07,0.859,0.581,1.215,0.749,0.995,rt,
mongbwalu,2026-09-08,0.809,0.566,1.106,0.712,0.928,rt,
mongbwalu,2026-09-09,0.759,0.539,1.013,0.669,0.866,rt,
mongbwalu,2026-09-10,0.715,0.504,0.954,0.626,0.811,rt,
mongbwalu,2026-09-11,0.664,0.466,0.897,0.578,0.755,rt,
mongbwalu,2026-09-12,0.614,0.423,0.848,0.53,0.704,rt,
mongbwalu,2026-09-13,0.568,0.374,0.81,0.479,0.662,rt,
mongbwalu,2026-09-14,0.524,0.33,0.785,0.431,0.622,rt,
mongbwalu,2026-09-15,0.515,0.332,0.749,0.429,0.609,rt,
mongbwalu,2026-09-16,0.504,0.328,0.725,0.424,0.597,rt,
mongbwalu,2026-09-17,0.497,0.317,0.71,0.417,0.588,rt,
mongbwalu,2026-09-18,0.492,0.304,0.713,0.408,0.583,rt,
mongbwalu,2026-09-19,0.483,0.286,0.728,0.398,0.583,rt,
mongbwalu,2026-09-20,0.476,0.272,0.747,0.385,0.584,rt,
mongbwalu,2026-09-21,0.473,0.253,0.789,0.373,0.59,rt,
mongbwalu,2026-09-22,0.478,0.258,0.804,0.378,0.594,rt,
mongbwalu,2026-09-23,0.479,0.26,0.811,0.377,0.599,rt,
mongbwalu,2026-09-24,0.48,0.256,0.826,0.378,0.604,rt,
mongbwalu,2026-09-25,0.486,0.255,0.854,0.377,0.62,rt,
mongbwalu,2026-09-26,0.488,0.244,0.893,0.373,0.634,rt,
mongbwalu,2026-09-27,0.494,0.233,0.939,0.367,0.643,rt,
mongbwalu,2026-09-28,0.493,0.222,1.004,0.357,0.652,rt,
mongbwalu,2026-09-29,0.49,0.226,0.992,0.357,0.66,rt,
mongbwalu,2026-09-30,0.492,0.228,1.011,0.356,0.673,rt,
mongbwalu,2026-10-01,0.492,0.225,1.036,0.35,0.678,rt,
mongbwalu,2026-10-02,0.491,0.214,1.05,0.34,0.68,rt,
mongbwalu,2026-10-03,0.491,0.207,1.098,0.333,0.683,rt,
mongbwalu,2026-10-04,0.486,0.194,1.127,0.327,0.69,rt,
mongbwalu,2026-10-05,0.477,0.182,1.192,0.319,0.698,rt,
mongbwalu,2026-10-06,0.507,0.17,1.325,0.334,0.752,rt,
nia_nia,2026-06-05,2.753,1.719,4.698,2.246,3.372,rt,
nia_nia,2026-06-06,2.707,1.685,4.717,2.231,3.329,rt,
nia_nia,2026-06-07,2.633,1.588,4.785,2.16,3.316,rt,
nia_nia,2026-06-08,2.581,1.501,4.867,2.074,3.317,rt,
nia_nia,2026-06-09,2.516,1.565,4.414,2.067,3.14,rt,
nia_nia,2026-06-10,2.448,1.579,4.079,2.057,2.979,rt,
nia_nia,2026-06-11,2.383,1.551,3.798,2.017,2.849,rt,
nia_nia,2026-06-12,2.306,1.519,3.6,1.952,2.745,rt,
nia_nia,2026-06-13,2.222,1.439,3.497,1.886,2.669,rt,
nia_nia,2026-06-14,2.156,1.337,3.421,1.78,2.608,rt,
nia_nia,2026-06-15,2.086,1.225,3.502,1.692,2.565,rt,
nia_nia,2026-06-16,2.053,1.283,3.243,1.71,2.456,rt,
nia_nia,2026-06-17,2.003,1.33,2.994,1.719,2.373,rt,
nia_nia,2026-06-18,1.974,1.376,2.866,1.714,2.301,rt,
nia_nia,2026-06-19,1.956,1.368,2.787,1.693,2.242,rt,
nia_nia,2026-06-20,1.932,1.321,2.768,1.656,2.222,rt,
nia_nia,2026-06-21,1.895,1.233,2.797,1.59,2.216,rt,
nia_nia,2026-06-22,1.866,1.161,2.899,1.538,2.228,rt,
nia_nia,2026-06-23,1.804,1.198,2.683,1.526,2.128,rt,
nia_nia,2026-06-24,1.759,1.187,2.5,1.516,2.029,rt,
nia_nia,2026-06-25,1.703,1.192,2.371,1.491,1.967,rt,
nia_nia,2026-06-26,1.657,1.172,2.285,1.442,1.899,rt,
nia_nia,2026-06-27,1.609,1.104,2.274,1.382,1.858,rt,
nia_nia,2026-06-28,1.555,1.031,2.299,1.33,1.832,rt,
nia_nia,2026-06-29,1.491,0.918,2.326,1.246,1.786,rt,
nia_nia,2026-06-30,1.468,0.966,2.146,1.251,1.706,rt,
nia_nia,2026-07-01,1.434,1.005,2.013,1.25,1.646,rt,
nia_nia,2026-07-02,1.409,1.017,1.933,1.234,1.602,rt,
nia_nia,2026-07-03,1.376,0.988,1.881,1.215,1.57,rt,
nia_nia,2026-07-04,1.354,0.952,1.884,1.181,1.557,rt,
nia_nia,2026-07-05,1.334,0.889,1.938,1.143,1.557,rt,
nia_nia,2026-07-06,1.321,0.821,2.015,1.1,1.575,rt,
nia_nia,2026-07-07,1.33,0.887,1.926,1.138,1.55,rt,
nia_nia,2026-07-08,1.343,0.938,1.84,1.17,1.538,rt,
nia_nia,2026-07-09,1.347,0.981,1.818,1.194,1.523,rt,
nia_nia,2026-07-10,1.361,0.989,1.817,1.206,1.526,rt,
nia_nia,2026-07-11,1.367,0.976,1.859,1.21,1.558,rt,
nia_nia,2026-07-12,1.382,0.949,1.976,1.195,1.598,rt,
nia_nia,2026-07-13,1.384,0.883,2.073,1.168,1.635,rt,
nia_nia,2026-07-14,1.399,0.95,1.992,1.217,1.619,rt,
nia_nia,2026-07-15,1.42,1.006,1.917,1.254,1.615,rt,
nia_nia,2026-07-16,1.443,1.058,1.904,1.278,1.619,rt,
nia_nia,2026-07-17,1.466,1.091,1.935,1.3,1.644,rt,
nia_nia,2026-07-18,1.49,1.081,2.008,1.303,1.687,rt,
nia_nia,2026-07-19,1.507,1.044,2.135,1.304,1.733,rt,
nia_nia,2026-07-20,1.521,0.996,2.266,1.296,1.795,rt,
nia_nia,2026-07-21,1.504,1.05,2.145,1.307,1.729,rt,
nia_nia,2026-07-22,1.486,1.077,2.018,1.316,1.675,rt,
nia_nia,2026-07-23,1.455,1.09,1.938,1.31,1.632,rt,
nia_nia,2026-07-24,1.435,1.065,1.9,1.284,1.598,rt,
nia_nia,2026-07-25,1.404,1.02,1.881,1.244,1.575,rt,
nia_nia,2026-07-26,1.374,0.956,1.927,1.188,1.574,rt,
nia_nia,2026-07-27,1.352,0.897,2.019,1.148,1.58,rt,
nia_nia,2026-07-28,1.284,0.888,1.791,1.106,1.462,rt,
nia_nia,2026-07-29,1.21,0.876,1.616,1.059,1.354,rt,
nia_nia,2026-07-30,1.139,0.83,1.488,0.999,1.271,rt,
nia_nia,2026-07-31,1.056,0.761,1.399,0.936,1.197,rt,
nia_nia,2026-08-01,1.0,0.681,1.334,0.855,1.133,rt,
nia_nia,2026-08-02,0.929,0.591,1.329,0.777,1.082,rt,
nia_nia,2026-08-03,0.86,0.503,1.319,0.699,1.03,rt,
nia_nia,2026-08-04,0.813,0.509,1.186,0.676,0.964,rt,
nia_nia,2026-08-05,0.77,0.512,1.075,0.651,0.898,rt,
nia_nia,2026-08-06,0.725,0.488,0.991,0.625,0.841,rt,
nia_nia,2026-08-07,0.685,0.462,0.935,0.587,0.79,rt,
nia_nia,2026-08-08,0.648,0.427,0.916,0.551,0.753,rt,
nia_nia,2026-08-09,0.613,0.381,0.907,0.51,0.727,rt,
nia_nia,2026-08-10,0.573,0.333,0.896,0.462,0.696,rt,
nia_nia,2026-08-11,0.571,0.352,0.848,0.477,0.681,rt,
nia_nia,2026-08-12,0.573,0.37,0.813,0.483,0.67,rt,
nia_nia,2026-08-13,0.573,0.377,0.806,0.485,0.661,rt,
nia_nia,2026-08-14,0.57,0.379,0.797,0.482,0.661,rt,
nia_nia,2026-08-15,0.571,0.372,0.807,0.476,0.667,rt,
nia_nia,2026-08-16,0.566,0.354,0.828,0.466,0.677,rt,
nia_nia,2026-08-17,0.567,0.337,0.887,0.457,0.695,rt,
nia_nia,2026-08-18,0.603,0.38,0.9,0.499,0.719,rt,
nia_nia,2026-08-19,0.643,0.421,0.915,0.542,0.749,rt,
nia_nia,2026-08-20,0.685,0.463,0.953,0.581,0.785,rt,
nia_nia,2026-08-21,0.731,0.495,1.002,0.625,0.836,rt,
nia_nia,2026-08-22,0.773,0.518,1.079,0.656,0.896,rt,
nia_nia,2026-08-23,0.817,0.527,1.197,0.683,0.962,rt,
nia_nia,2026-08-24,0.87,0.536,1.375,0.717,1.045,rt,
nia_nia,2026-08-25,0.945,0.632,1.405,0.808,1.117,rt,
nia_nia,2026-08-26,1.032,0.735,1.466,0.9,1.19,rt,
nia_nia,2026-08-27,1.126,0.826,1.542,0.989,1.281,rt,
nia_nia,2026-08-28,1.226,0.913,1.639,1.088,1.385,rt,
nia_nia,2026-08-29,1.343,0.979,1.778,1.181,1.521,rt,
nia_nia,2026-08-30,1.454,1.028,2.0,1.257,1.664,rt,
nia_nia,2026-08-31,1.551,1.062,2.227,1.319,1.807,rt,
nia_nia,2026-09-01,1.538,1.118,2.096,1.34,1.746,rt,
nia_nia,2026-09-02,1.517,1.165,1.988,1.357,1.702,rt,
nia_nia,2026-09-03,1.504,1.168,1.932,1.35,1.665,rt,
nia_nia,2026-09-04,1.475,1.144,1.907,1.338,1.642,rt,
nia_nia,2026-09-05,1.447,1.085,1.91,1.295,1.62,rt,
nia_nia,2026-09-06,1.412,1.013,1.953,1.242,1.618,rt,
nia_nia,2026-09-07,1.371,0.917,1.998,1.174,1.593,rt,
nia_nia,2026-09-08,1.286,0.895,1.786,1.12,1.467,rt,
nia_nia,2026-09-09,1.202,0.85,1.614,1.061,1.361,rt,
nia_nia,2026-09-10,1.12,0.806,1.478,0.989,1.261,rt,
nia_nia,2026-09-11,1.029,0.735,1.38,0.913,1.164,rt,
nia_nia,2026-09-12,0.95,0.648,1.3,0.827,1.078,rt,
nia_nia,2026-09-13,0.874,0.566,1.241,0.746,1.008,rt,
nia_nia,2026-09-14,0.799,0.491,1.195,0.671,0.944,rt,
nia_nia,2026-09-15,0.747,0.477,1.096,0.642,0.873,rt,
nia_nia,2026-09-16,0.706,0.451,1.018,0.606,0.815,rt,
nia_nia,2026-09-17,0.666,0.42,0.958,0.564,0.768,rt,
nia_nia,2026-09-18,0.623,0.38,0.911,0.529,0.735,rt,
nia_nia,2026-09-19,0.589,0.341,0.893,0.491,0.704,rt,
nia_nia,2026-09-20,0.558,0.301,0.891,0.45,0.683,rt,
nia_nia,2026-09-21,0.53,0.27,0.897,0.417,0.667,rt,
nia_nia,2026-09-22,0.53,0.271,0.889,0.414,0.658,rt,
nia_nia,2026-09-23,0.528,0.27,0.899,0.411,0.662,rt,
nia_nia,2026-09-24,0.521,0.261,0.909,0.404,0.665,rt,
nia_nia,2026-09-25,0.519,0.252,0.934,0.4,0.672,rt,
nia_nia,2026-09-26,0.516,0.244,0.971,0.391,0.682,rt,
nia_nia,2026-09-27,0.514,0.226,1.004,0.376,0.697,rt,
nia_nia,2026-09-28,0.507,0.207,1.052,0.354,0.705,rt,
nia_nia,2026-09-29,0.504,0.203,1.049,0.361,0.703,rt,
nia_nia,2026-09-30,0.502,0.2,1.059,0.357,0.695,rt,
nia_nia,2026-10-01,0.497,0.198,1.068,0.353,0.69,rt,
nia_nia,2026-10-02,0.495,0.196,1.1,0.349,0.693,rt,
nia_nia,2026-10-03,0.489,0.188,1.119,0.341,0.696,rt,
nia_nia,2026-10-04,0.485,0.175,1.17,0.335,0.7,rt,
nia_nia,2026-10-05,0.478,0.165,1.197,0.318,0.706,rt,
nia_nia,2026-10-06,0.494,0.154,1.404,0.311,0.756,rt,
nizi,2026-05-23,1.916,1.301,2.794,1.654,2.242,rt,
nizi,2026-05-24,1.879,1.257,2.758,1.605,2.198,rt,
nizi,2026-05-25,1.831,1.18,2.743,1.535,2.152,rt,
nizi,2026-05-26,1.855,1.233,2.681,1.571,2.136,rt,
nizi,2026-05-27,1.865,1.3,2.643,1.598,2.128,rt,
nizi,2026-05-28,1.884,1.33,2.605,1.632,2.145,rt,
nizi,2026-05-29,1.903,1.347,2.637,1.661,2.172,rt,
nizi,2026-05-30,1.934,1.366,2.657,1.68,2.198,rt,
nizi,2026-05-31,1.956,1.361,2.705,1.687,2.245,rt,
nizi,2026-06-01,1.982,1.356,2.824,1.694,2.297,rt,
nizi,2026-06-02,2.064,1.47,2.845,1.792,2.352,rt,
nizi,2026-06-03,2.137,1.568,2.876,1.881,2.426,rt,
nizi,2026-06-04,2.21,1.664,2.947,1.956,2.474,rt,
nizi,2026-06-05,2.278,1.73,3.039,2.016,2.543,rt,
nizi,2026-06-06,2.331,1.772,3.134,2.059,2.605,rt,
nizi,2026-06-07,2.367,1.785,3.245,2.097,2.677,rt,
nizi,2026-06-08,2.402,1.781,3.376,2.123,2.753,rt,
nizi,2026-06-09,2.42,1.849,3.323,2.151,2.737,rt,
nizi,2026-06-10,2.434,1.898,3.243,2.181,2.717,rt,
nizi,2026-06-11,2.439,1.937,3.199,2.206,2.721,rt,
nizi,2026-06-12,2.451,1.957,3.173,2.218,2.718,rt,
nizi,2026-06-13,2.455,1.948,3.188,2.206,2.731,rt,
nizi,2026-06-14,2.457,1.918,3.243,2.19,2.733,rt,
nizi,2026-06-15,2.461,1.875,3.314,2.176,2.757,rt,
nizi,2026-06-16,2.434,1.906,3.208,2.182,2.695,rt,
nizi,2026-06-17,2.407,1.923,3.135,2.183,2.639,rt,
nizi,2026-06-18,2.392,1.926,3.05,2.164,2.603,rt,
nizi,2026-06-19,2.366,1.898,2.986,2.143,2.577,rt,
nizi,2026-06-20,2.339,1.874,2.958,2.116,2.561,rt,
nizi,2026-06-21,2.304,1.829,2.976,2.085,2.548,rt,
nizi,2026-06-22,2.283,1.782,2.99,2.05,2.533,rt,
nizi,2026-06-23,2.222,1.787,2.854,2.024,2.458,rt,
nizi,2026-06-24,2.172,1.772,2.754,1.996,2.378,rt,
nizi,2026-06-25,2.122,1.748,2.673,1.958,2.318,rt,
nizi,2026-06-26,2.081,1.723,2.596,1.91,2.25,rt,
nizi,2026-06-27,2.028,1.676,2.545,1.862,2.211,rt,
nizi,2026-06-28,1.973,1.61,2.515,1.81,2.167,rt,
nizi,2026-06-29,1.907,1.511,2.458,1.738,2.104,rt,
nizi,2026-06-30,1.791,1.455,2.246,1.655,1.97,rt,
nizi,2026-07-01,1.692,1.404,2.084,1.574,1.848,rt,
nizi,2026-07-02,1.604,1.342,1.96,1.492,1.737,rt,
nizi,2026-07-03,1.517,1.272,1.841,1.409,1.64,rt,
nizi,2026-07-04,1.435,1.197,1.752,1.33,1.549,rt,
nizi,2026-07-05,1.351,1.109,1.666,1.25,1.469,rt,
nizi,2026-07-06,1.285,1.025,1.616,1.179,1.405,rt,
nizi,2026-07-07,1.24,1.016,1.519,1.145,1.344,rt,
nizi,2026-07-08,1.197,0.998,1.43,1.11,1.285,rt,
nizi,2026-07-09,1.153,0.966,1.354,1.073,1.235,rt,
nizi,2026-07-10,1.115,0.938,1.309,1.034,1.187,rt,
nizi,2026-07-11,1.075,0.894,1.265,0.996,1.144,rt,
nizi,2026-07-12,1.032,0.845,1.23,0.952,1.109,rt,
nizi,2026-07-13,0.986,0.788,1.206,0.901,1.067,rt,
nizi,2026-07-14,0.977,0.798,1.166,0.904,1.048,rt,
nizi,2026-07-15,0.966,0.807,1.141,0.9,1.033,rt,
nizi,2026-07-16,0.955,0.806,1.114,0.891,1.018,rt,
nizi,2026-07-17,0.949,0.8,1.108,0.885,1.012,rt,
nizi,2026-07-18,0.937,0.781,1.111,0.874,1.005,rt,
nizi,2026-07-19,0.927,0.755,1.124,0.858,1.003,rt,
nizi,2026-07-20,0.917,0.724,1.145,0.838,1.003,rt,
nizi,2026-07-21,0.917,0.745,1.118,0.848,0.994,rt,
nizi,2026-07-22,0.918,0.763,1.095,0.85,0.984,rt,
nizi,2026-07-23,0.916,0.767,1.078,0.853,0.979,rt,
nizi,2026-07-24,0.913,0.769,1.063,0.852,0.972,rt,
nizi,2026-07-25,0.91,0.76,1.064,0.846,0.971,rt,
nizi,2026-07-26,0.904,0.744,1.077,0.836,0.969,rt,
nizi,2026-07-27,0.901,0.724,1.097,0.825,0.977,rt,
nizi,2026-07-28,0.912,0.754,1.085,0.845,0.979,rt,
nizi,2026-07-29,0.922,0.776,1.076,0.86,0.986,rt,
nizi,2026-07-30,0.931,0.788,1.084,0.871,0.991,rt,
nizi,2026-07-31,0.934,0.793,1.089,0.875,0.991,rt,
nizi,2026-08-01,0.934,0.79,1.103,0.873,0.997,rt,
nizi,2026-08-02,0.931,0.776,1.122,0.864,1.008,rt,
nizi,2026-08-03,0.924,0.751,1.143,0.853,1.015,rt,
nizi,2026-08-04,0.921,0.761,1.114,0.855,1.001,rt,
nizi,2026-08-05,0.918,0.768,1.095,0.855,0.989,rt,
nizi,2026-08-06,0.911,0.766,1.085,0.852,0.979,rt,
nizi,2026-08-07,0.907,0.762,1.072,0.846,0.971,rt,
nizi,2026-08-08,0.899,0.748,1.073,0.836,0.963,rt,
nizi,2026-08-09,0.89,0.727,1.079,0.821,0.96,rt,
nizi,2026-08-10,0.871,0.697,1.078,0.796,0.949,rt,
nizi,2026-08-11,0.843,0.689,1.028,0.779,0.913,rt,
nizi,2026-08-12,0.814,0.678,0.978,0.758,0.877,rt,
nizi,2026-08-13,0.788,0.657,0.932,0.731,0.85,rt,
nizi,2026-08-14,0.764,0.638,0.907,0.709,0.823,rt,
nizi,2026-08-15,0.738,0.609,0.883,0.681,0.794,rt,
nizi,2026-08-16,0.713,0.575,0.871,0.654,0.772,rt,
nizi,2026-08-17,0.69,0.539,0.869,0.628,0.759,rt,
nizi,2026-08-18,0.676,0.537,0.833,0.619,0.736,rt,
nizi,2026-08-19,0.661,0.535,0.801,0.607,0.716,rt,
nizi,2026-08-20,0.645,0.521,0.781,0.595,0.697,rt,
nizi,2026-08-21,0.63,0.509,0.761,0.581,0.682,rt,
nizi,2026-08-22,0.613,0.489,0.748,0.565,0.667,rt,
nizi,2026-08-23,0.598,0.465,0.744,0.543,0.655,rt,
nizi,2026-08-24,0.588,0.44,0.751,0.529,0.65,rt,
nizi,2026-08-25,0.594,0.456,0.747,0.539,0.652,rt,
nizi,2026-08-26,0.599,0.468,0.739,0.549,0.655,rt,
nizi,2026-08-27,0.604,0.48,0.743,0.552,0.659,rt,
nizi,2026-08-28,0.606,0.485,0.745,0.555,0.663,rt,
nizi,2026-08-29,0.612,0.479,0.755,0.554,0.671,rt,
nizi,2026-08-30,0.613,0.465,0.774,0.548,0.679,rt,
nizi,2026-08-31,0.603,0.449,0.787,0.534,0.679,rt,
nizi,2026-09-01,0.617,0.471,0.783,0.551,0.684,rt,
nizi,2026-09-02,0.631,0.49,0.794,0.566,0.692,rt,
nizi,2026-09-03,0.644,0.507,0.802,0.582,0.708,rt,
nizi,2026-09-04,0.655,0.511,0.815,0.591,0.717,rt,
nizi,2026-09-05,0.662,0.51,0.828,0.598,0.728,rt,
nizi,2026-09-06,0.666,0.502,0.856,0.597,0.739,rt,
nizi,2026-09-07,0.663,0.482,0.881,0.589,0.747,rt,
nizi,2026-09-08,0.669,0.502,0.872,0.596,0.745,rt,
nizi,2026-09-09,0.673,0.511,0.864,0.606,0.745,rt,
nizi,2026-09-10,0.678,0.515,0.86,0.61,0.749,rt,
nizi,2026-09-11,0.673,0.515,0.856,0.604,0.747,rt,
nizi,2026-09-12,0.668,0.497,0.856,0.595,0.748,rt,
nizi,2026-09-13,0.661,0.482,0.871,0.582,0.751,rt,
nizi,2026-09-14,0.653,0.454,0.894,0.568,0.752,rt,
nizi,2026-09-15,0.66,0.47,0.9,0.579,0.759,rt,
nizi,2026-09-16,0.672,0.488,0.911,0.589,0.766,rt,
nizi,2026-09-17,0.686,0.494,0.928,0.597,0.78,rt,
nizi,2026-09-18,0.701,0.498,0.959,0.61,0.797,rt,
nizi,2026-09-19,0.714,0.5,0.996,0.616,0.821,rt,
nizi,2026-09-20,0.727,0.489,1.053,0.617,0.853,rt,
nizi,2026-09-21,0.751,0.476,1.127,0.62,0.893,rt,
nizi,2026-09-22,0.749,0.479,1.13,0.625,0.897,rt,
nizi,2026-09-23,0.755,0.478,1.148,0.624,0.907,rt,
nizi,2026-09-24,0.756,0.467,1.15,0.616,0.912,rt,
nizi,2026-09-25,0.762,0.452,1.184,0.61,0.927,rt,
nizi,2026-09-26,0.771,0.429,1.239,0.605,0.939,rt,
nizi,2026-09-27,0.769,0.406,1.286,0.598,0.956,rt,
nizi,2026-09-28,0.764,0.379,1.343,0.582,0.972,rt,
nizi,2026-09-29,0.759,0.378,1.351,0.58,0.963,rt,
nizi,2026-09-30,0.751,0.367,1.341,0.574,0.945,rt,
nizi,2026-10-01,0.743,0.362,1.352,0.564,0.949,rt,
nizi,2026-10-02,0.738,0.351,1.334,0.56,0.942,rt,
nizi,2026-10-03,0.727,0.335,1.334,0.55,0.936,rt,
nizi,2026-10-04,0.712,0.314,1.357,0.532,0.931,rt,
nizi,2026-10-05,0.698,0.295,1.382,0.516,0.928,rt,
nizi,2026-10-06,0.708,0.266,1.531,0.494,0.965,rt,
nyankunde,2026-05-02,2.09,1.199,3.793,1.699,2.688,rt,
nyankunde,2026-05-03,2.093,1.183,3.785,1.692,2.688,rt,
nyankunde,2026-05-04,2.087,1.161,3.832,1.67,2.684,rt,
nyankunde,2026-05-05,2.085,1.206,3.734,1.675,2.642,rt,
nyankunde,2026-05-06,2.094,1.223,3.62,1.689,2.605,rt,
nyankunde,2026-05-07,2.08,1.244,3.57,1.699,2.599,rt,
nyankunde,2026-05-08,2.069,1.268,3.481,1.684,2.558,rt,
nyankunde,2026-05-09,2.058,1.267,3.494,1.668,2.519,rt,
nyankunde,2026-05-10,2.034,1.25,3.546,1.654,2.528,rt,
nyankunde,2026-05-11,1.973,1.198,3.475,1.59,2.464,rt,
nyankunde,2026-05-12,1.924,1.198,3.288,1.575,2.357,rt,
nyankunde,2026-05-13,1.862,1.187,3.131,1.556,2.267,rt,
nyankunde,2026-05-14,1.824,1.177,2.986,1.54,2.206,rt,
nyankunde,2026-05-15,1.789,1.168,2.903,1.508,2.153,rt,
nyankunde,2026-05-16,1.747,1.155,2.828,1.459,2.11,rt,
nyankunde,2026-05-17,1.7,1.123,2.765,1.42,2.062,rt,
nyankunde,2026-05-18,1.645,1.064,2.752,1.376,2.042,rt,
nyankunde,2026-05-19,1.621,1.071,2.613,1.366,1.98,rt,
nyankunde,2026-05-20,1.598,1.083,2.517,1.364,1.916,rt,
nyankunde,2026-05-21,1.57,1.078,2.408,1.356,1.875,rt,
nyankunde,2026-05-22,1.537,1.051,2.35,1.334,1.817,rt,
nyankunde,2026-05-23,1.501,1.015,2.309,1.296,1.776,rt,
nyankunde,2026-05-24,1.469,0.967,2.253,1.25,1.735,rt,
nyankunde,2026-05-25,1.43,0.904,2.229,1.198,1.703,rt,
nyankunde,2026-05-26,1.415,0.93,2.123,1.202,1.661,rt,
nyankunde,2026-05-27,1.408,0.962,2.041,1.205,1.632,rt,
nyankunde,2026-05-28,1.402,0.97,1.959,1.208,1.618,rt,
nyankunde,2026-05-29,1.399,0.982,1.947,1.208,1.611,rt,
nyankunde,2026-05-30,1.391,0.974,1.962,1.204,1.608,rt,
nyankunde,2026-05-31,1.384,0.956,2.009,1.197,1.605,rt,
nyankunde,2026-06-01,1.376,0.927,2.05,1.177,1.62,rt,
nyankunde,2026-06-02,1.371,0.949,1.963,1.189,1.586,rt,
nyankunde,2026-06-03,1.354,0.982,1.9,1.188,1.552,rt,
nyankunde,2026-06-04,1.332,0.987,1.854,1.19,1.523,rt,
nyankunde,2026-06-05,1.31,0.967,1.817,1.17,1.499,rt,
nyankunde,2026-06-06,1.283,0.933,1.798,1.138,1.473,rt,
nyankunde,2026-06-07,1.252,0.889,1.779,1.098,1.447,rt,
nyankunde,2026-06-08,1.221,0.829,1.777,1.051,1.409,rt,
nyankunde,2026-06-09,1.17,0.819,1.641,1.012,1.33,rt,
nyankunde,2026-06-10,1.119,0.806,1.518,0.974,1.256,rt,
nyankunde,2026-06-11,1.062,0.782,1.425,0.933,1.188,rt,
nyankunde,2026-06-12,1.008,0.746,1.353,0.893,1.13,rt,
nyankunde,2026-06-13,0.951,0.704,1.289,0.844,1.075,rt,
nyankunde,2026-06-14,0.905,0.648,1.257,0.793,1.028,rt,
nyankunde,2026-06-15,0.861,0.595,1.22,0.744,0.988,rt,
nyankunde,2026-06-16,0.824,0.589,1.149,0.725,0.937,rt,
nyankunde,2026-06-17,0.793,0.575,1.078,0.701,0.898,rt,
nyankunde,2026-06-18,0.758,0.554,1.033,0.677,0.862,rt,
nyankunde,2026-06-19,0.733,0.531,0.998,0.65,0.83,rt,
nyankunde,2026-06-20,0.703,0.503,0.972,0.616,0.798,rt,
nyankunde,2026-06-21,0.678,0.468,0.948,0.585,0.775,rt,
nyankunde,2026-06-22,0.648,0.432,0.947,0.556,0.76,rt,
nyankunde,2026-06-23,0.639,0.44,0.902,0.556,0.738,rt,
nyankunde,2026-06-24,0.63,0.444,0.863,0.554,0.716,rt,
nyankunde,2026-06-25,0.622,0.437,0.839,0.544,0.7,rt,
nyankunde,2026-06-26,0.61,0.427,0.824,0.535,0.693,rt,
nyankunde,2026-06-27,0.599,0.409,0.82,0.521,0.687,rt,
nyankunde,2026-06-28,0.588,0.391,0.824,0.508,0.682,rt,
nyankunde,2026-06-29,0.575,0.369,0.824,0.487,0.672,rt,
nyankunde,2026-06-30,0.577,0.386,0.804,0.497,0.665,rt,
nyankunde,2026-07-01,0.582,0.401,0.797,0.506,0.663,rt,
nyankunde,2026-07-02,0.589,0.411,0.794,0.508,0.665,rt,
nyankunde,2026-07-03,0.591,0.41,0.809,0.512,0.675,rt,
nyankunde,2026-07-04,0.594,0.404,0.826,0.515,0.684,rt,
nyankunde,2026-07-05,0.599,0.4,0.85,0.515,0.694,rt,
nyankunde,2026-07-06,0.608,0.396,0.896,0.514,0.712,rt,
nyankunde,2026-07-07,0.624,0.423,0.888,0.54,0.725,rt,
nyankunde,2026-07-08,0.643,0.448,0.889,0.561,0.736,rt,
nyankunde,2026-07-09,0.666,0.47,0.899,0.583,0.753,rt,
nyankunde,2026-07-10,0.686,0.489,0.923,0.604,0.776,rt,
nyankunde,2026-07-11,0.711,0.501,0.961,0.622,0.804,rt,
nyankunde,2026-07-12,0.73,0.505,1.014,0.632,0.836,rt,
nyankunde,2026-07-13,0.748,0.502,1.071,0.634,0.862,rt,
nyankunde,2026-07-14,0.751,0.517,1.052,0.648,0.859,rt,
nyankunde,2026-07-15,0.755,0.529,1.032,0.66,0.862,rt,
nyankunde,2026-07-16,0.765,0.54,1.04,0.667,0.866,rt,
nyankunde,2026-07-17,0.769,0.541,1.046,0.671,0.875,rt,
nyankunde,2026-07-18,0.773,0.54,1.068,0.672,0.885,rt,
nyankunde,2026-07-19,0.782,0.53,1.095,0.669,0.894,rt,
nyankunde,2026-07-20,0.786,0.517,1.14,0.663,0.91,rt,
nyankunde,2026-07-21,0.782,0.528,1.101,0.67,0.895,rt,
nyankunde,2026-07-22,0.774,0.541,1.072,0.673,0.886,rt,
nyankunde,2026-07-23,0.769,0.544,1.051,0.671,0.878,rt,
nyankunde,2026-07-24,0.768,0.536,1.039,0.664,0.873,rt,
nyankunde,2026-07-25,0.759,0.533,1.041,0.652,0.868,rt,
nyankunde,2026-07-26,0.75,0.518,1.051,0.642,0.862,rt,
nyankunde,2026-07-27,0.747,0.502,1.074,0.634,0.868,rt,
nyankunde,2026-07-28,0.747,0.515,1.037,0.643,0.853,rt,
nyankunde,2026-07-29,0.746,0.524,1.009,0.648,0.845,rt,
nyankunde,2026-07-30,0.741,0.534,0.998,0.65,0.843,rt,
nyankunde,2026-07-31,0.732,0.524,0.993,0.64,0.832,rt,
nyankunde,2026-08-01,0.718,0.509,0.997,0.632,0.823,rt,
nyankunde,2026-08-02,0.708,0.489,1.008,0.618,0.818,rt,
nyankunde,2026-08-03,0.696,0.464,1.02,0.601,0.815,rt,
nyankunde,2026-08-04,0.701,0.478,0.998,0.604,0.808,rt,
nyankunde,2026-08-05,0.706,0.488,0.986,0.613,0.807,rt,
nyankunde,2026-08-06,0.707,0.496,0.979,0.614,0.805,rt,
nyankunde,2026-08-07,0.708,0.502,0.972,0.614,0.806,rt,
nyankunde,2026-08-08,0.708,0.499,0.978,0.612,0.815,rt,
nyankunde,2026-08-09,0.706,0.487,1.009,0.61,0.819,rt,
nyankunde,2026-08-10,0.697,0.472,1.022,0.597,0.822,rt,
nyankunde,2026-08-11,0.702,0.487,1.0,0.606,0.814,rt,
nyankunde,2026-08-12,0.706,0.498,0.98,0.616,0.809,rt,
nyankunde,2026-08-13,0.709,0.505,0.975,0.621,0.811,rt,
nyankunde,2026-08-14,0.715,0.507,0.993,0.621,0.813,rt,
nyankunde,2026-08-15,0.718,0.5,1.013,0.621,0.824,rt,
nyankunde,2026-08-16,0.723,0.483,1.036,0.617,0.831,rt,
nyankunde,2026-08-17,0.725,0.473,1.087,0.613,0.848,rt,
nyankunde,2026-08-18,0.728,0.49,1.064,0.625,0.844,rt,
nyankunde,2026-08-19,0.734,0.501,1.047,0.634,0.847,rt,
nyankunde,2026-08-20,0.739,0.517,1.045,0.642,0.851,rt,
nyankunde,2026-08-21,0.747,0.52,1.059,0.646,0.858,rt,
nyankunde,2026-08-22,0.748,0.517,1.082,0.643,0.864,rt,
nyankunde,2026-08-23,0.752,0.51,1.108,0.641,0.877,rt,
nyankunde,2026-08-24,0.764,0.51,1.156,0.644,0.9,rt,
nyankunde,2026-08-25,0.78,0.536,1.15,0.667,0.909,rt,
nyankunde,2026-08-26,0.792,0.554,1.152,0.687,0.926,rt,
nyankunde,2026-08-27,0.805,0.572,1.17,0.7,0.938,rt,
nyankunde,2026-08-28,0.824,0.576,1.185,0.715,0.96,rt,
nyankunde,2026-08-29,0.839,0.574,1.228,0.722,0.98,rt,
nyankunde,2026-08-30,0.847,0.567,1.27,0.726,0.997,rt,
nyankunde,2026-08-31,0.845,0.551,1.302,0.719,1.008,rt,
nyankunde,2026-09-01,0.867,0.582,1.303,0.743,1.021,rt,
nyankunde,2026-09-02,0.892,0.607,1.295,0.761,1.037,rt,
nyankunde,2026-09-03,0.912,0.621,1.314,0.778,1.063,rt,
nyankunde,2026-09-04,0.929,0.62,1.333,0.795,1.08,rt,
nyankunde,2026-09-05,0.937,0.616,1.367,0.798,1.1,rt,
nyankunde,2026-09-06,0.949,0.607,1.402,0.794,1.12,rt,
nyankunde,2026-09-07,0.941,0.589,1.453,0.785,1.13,rt,
nyankunde,2026-09-08,0.939,0.594,1.425,0.79,1.109,rt,
nyankunde,2026-09-09,0.932,0.596,1.405,0.792,1.09,rt,
nyankunde,2026-09-10,0.918,0.597,1.389,0.788,1.08,rt,
nyankunde,2026-09-11,0.902,0.589,1.357,0.769,1.063,rt,
nyankunde,2026-09-12,0.883,0.57,1.342,0.746,1.049,rt,
nyankunde,2026-09-13,0.863,0.554,1.337,0.722,1.036,rt,
nyankunde,2026-09-14,0.842,0.532,1.343,0.694,1.023,rt,
nyankunde,2026-09-15,0.829,0.529,1.302,0.69,1.005,rt,
nyankunde,2026-09-16,0.821,0.517,1.272,0.68,0.994,rt,
nyankunde,2026-09-17,0.813,0.504,1.266,0.672,0.991,rt,
nyankunde,2026-09-18,0.806,0.495,1.269,0.665,0.987,rt,
nyankunde,2026-09-19,0.797,0.48,1.287,0.654,0.982,rt,
nyankunde,2026-09-20,0.795,0.463,1.318,0.64,0.986,rt,
nyankunde,2026-09-21,0.795,0.44,1.371,0.628,1.003,rt,
nyankunde,2026-09-22,0.794,0.443,1.358,0.631,0.995,rt,
nyankunde,2026-09-23,0.79,0.443,1.36,0.63,0.988,rt,
nyankunde,2026-09-24,0.783,0.438,1.366,0.626,0.981,rt,
nyankunde,2026-09-25,0.78,0.43,1.377,0.618,0.981,rt,
nyankunde,2026-09-26,0.784,0.424,1.417,0.613,0.986,rt,
nyankunde,2026-09-27,0.78,0.415,1.447,0.603,0.992,rt,
nyankunde,2026-09-28,0.768,0.398,1.472,0.589,0.999,rt,
nyankunde,2026-09-29,0.769,0.4,1.471,0.586,0.992,rt,
nyankunde,2026-09-30,0.768,0.395,1.471,0.583,0.994,rt,
nyankunde,2026-10-01,0.76,0.394,1.443,0.58,0.995,rt,
nyankunde,2026-10-02,0.755,0.391,1.448,0.573,1.002,rt,
nyankunde,2026-10-03,0.748,0.374,1.458,0.561,1.01,rt,
nyankunde,2026-10-04,0.735,0.36,1.502,0.549,1.008,rt,
nyankunde,2026-10-05,0.723,0.344,1.531,0.531,1.003,rt,
nyankunde,2026-10-06,0.742,0.329,1.628,0.527,1.009,rt,
rimba,2026-07-19,1.132,1.015,1.257,1.083,1.182,rt,
rimba,2026-07-20,1.13,1.007,1.258,1.077,1.182,rt,
rimba,2026-07-21,1.127,1.011,1.249,1.076,1.175,rt,
rimba,2026-07-22,1.121,1.01,1.238,1.073,1.168,rt,
rimba,2026-07-23,1.116,1.005,1.23,1.066,1.163,rt,
rimba,2026-07-24,1.108,1.0,1.219,1.063,1.155,rt,
rimba,2026-07-25,1.099,0.991,1.209,1.055,1.146,rt,
rimba,2026-07-26,1.089,0.979,1.204,1.044,1.137,rt,
rimba,2026-07-27,1.085,0.968,1.207,1.038,1.136,rt,
rimba,2026-07-28,1.083,0.97,1.197,1.039,1.128,rt,
rimba,2026-07-29,1.08,0.97,1.19,1.037,1.123,rt,
rimba,2026-07-30,1.076,0.968,1.187,1.031,1.117,rt,
rimba,2026-07-31,1.062,0.958,1.171,1.018,1.103,rt,
rimba,2026-08-01,1.047,0.948,1.161,1.004,1.091,rt,
rimba,2026-08-02,1.033,0.928,1.149,0.988,1.078,rt,
rimba,2026-08-03,1.015,0.897,1.138,0.968,1.064,rt,
rimba,2026-08-04,1.008,0.898,1.126,0.965,1.056,rt,
rimba,2026-08-05,1.002,0.895,1.116,0.958,1.048,rt,
rimba,2026-08-06,0.995,0.889,1.111,0.95,1.039,rt,
rimba,2026-08-07,0.988,0.885,1.099,0.944,1.029,rt,
rimba,2026-08-08,0.98,0.876,1.087,0.936,1.02,rt,
rimba,2026-08-09,0.971,0.866,1.077,0.926,1.013,rt,
rimba,2026-08-10,0.95,0.843,1.062,0.907,0.997,rt,
rimba,2026-08-11,0.941,0.84,1.048,0.901,0.987,rt,
rimba,2026-08-12,0.933,0.835,1.035,0.895,0.976,rt,
rimba,2026-08-13,0.926,0.827,1.029,0.887,0.967,rt,
rimba,2026-08-14,0.918,0.823,1.013,0.879,0.956,rt,
rimba,2026-08-15,0.909,0.815,0.999,0.871,0.946,rt,
rimba,2026-08-16,0.899,0.803,0.99,0.86,0.939,rt,
rimba,2026-08-17,0.894,0.793,0.993,0.852,0.938,rt,
rimba,2026-08-18,0.896,0.8,0.994,0.856,0.938,rt,
rimba,2026-08-19,0.896,0.801,0.995,0.858,0.937,rt,
rimba,2026-08-20,0.896,0.799,0.999,0.857,0.939,rt,
rimba,2026-08-21,0.898,0.804,0.997,0.861,0.939,rt,
rimba,2026-08-22,0.899,0.807,0.998,0.861,0.939,rt,
rimba,2026-08-23,0.897,0.806,1.0,0.859,0.938,rt,
rimba,2026-08-24,0.906,0.81,1.019,0.867,0.952,rt,
rimba,2026-08-25,0.923,0.827,1.032,0.882,0.966,rt,
rimba,2026-08-26,0.938,0.842,1.048,0.897,0.98,rt,
rimba,2026-08-27,0.952,0.855,1.066,0.909,0.997,rt,
rimba,2026-08-28,0.967,0.871,1.074,0.926,1.01,rt,
rimba,2026-08-29,0.979,0.881,1.085,0.939,1.022,rt,
rimba,2026-08-30,0.989,0.887,1.092,0.948,1.033,rt,
rimba,2026-08-31,0.986,0.878,1.092,0.943,1.032,rt,
rimba,2026-09-01,0.992,0.888,1.096,0.95,1.039,rt,
rimba,2026-09-02,0.997,0.896,1.104,0.955,1.044,rt,
rimba,2026-09-03,1.003,0.898,1.112,0.956,1.051,rt,
rimba,2026-09-04,1.002,0.898,1.107,0.957,1.05,rt,
rimba,2026-09-05,0.999,0.894,1.107,0.956,1.046,rt,
rimba,2026-09-06,0.993,0.885,1.108,0.95,1.042,rt,
rimba,2026-09-07,0.977,0.861,1.093,0.93,1.026,rt,
rimba,2026-09-08,0.966,0.85,1.081,0.919,1.012,rt,
rimba,2026-09-09,0.954,0.836,1.067,0.907,1.001,rt,
rimba,2026-09-10,0.938,0.822,1.056,0.891,0.988,rt,
rimba,2026-09-11,0.915,0.801,1.031,0.869,0.961,rt,
rimba,2026-09-12,0.892,0.777,1.002,0.846,0.937,rt,
rimba,2026-09-13,0.866,0.75,0.98,0.818,0.912,rt,
rimba,2026-09-14,0.841,0.718,0.965,0.791,0.89,rt,
rimba,2026-09-15,0.831,0.709,0.955,0.783,0.881,rt,
rimba,2026-09-16,0.823,0.698,0.95,0.772,0.875,rt,
rimba,2026-09-17,0.815,0.689,0.95,0.763,0.868,rt,
rimba,2026-09-18,0.808,0.68,0.946,0.756,0.864,rt,
rimba,2026-09-19,0.801,0.669,0.948,0.749,0.861,rt,
rimba,2026-09-20,0.797,0.653,0.961,0.739,0.859,rt,
rimba,2026-09-21,0.795,0.648,0.975,0.735,0.865,rt,
rimba,2026-09-22,0.797,0.642,0.982,0.735,0.868,rt,
rimba,2026-09-23,0.798,0.639,0.988,0.732,0.869,rt,
rimba,2026-09-24,0.798,0.63,0.995,0.73,0.87,rt,
rimba,2026-09-25,0.802,0.622,1.003,0.73,0.879,rt,
rimba,2026-09-26,0.807,0.612,1.018,0.726,0.89,rt,
rimba,2026-09-27,0.811,0.601,1.028,0.722,0.898,rt,
rimba,2026-09-28,0.805,0.582,1.04,0.713,0.899,rt,
rimba,2026-09-29,0.806,0.578,1.049,0.71,0.902,rt,
rimba,2026-09-30,0.805,0.57,1.06,0.704,0.901,rt,
rimba,2026-10-01,0.802,0.561,1.068,0.699,0.905,rt,
rimba,2026-10-02,0.802,0.553,1.083,0.69,0.904,rt,
rimba,2026-10-03,0.794,0.535,1.103,0.681,0.905,rt,
rimba,2026-10-04,0.787,0.521,1.121,0.668,0.911,rt,
rimba,2026-10-05,0.778,0.499,1.124,0.654,0.913,rt,
rimba,2026-10-06,0.791,0.508,1.142,0.667,0.924,rt,
rwampara,2026-04-20,2.737,1.688,6.151,2.208,3.697,rt,
rwampara,2026-04-21,2.685,1.708,5.658,2.188,3.582,rt,
rwampara,2026-04-22,2.641,1.732,5.296,2.167,3.446,rt,
rwampara,2026-04-23,2.602,1.733,5.052,2.152,3.347,rt,
rwampara,2026-04-24,2.581,1.74,4.847,2.149,3.259,rt,
rwampara,2026-04-25,2.548,1.735,4.669,2.14,3.204,rt,
rwampara,2026-04-26,2.524,1.716,4.5,2.124,3.148,rt,
rwampara,2026-04-27,2.499,1.675,4.377,2.096,3.074,rt,
rwampara,2026-04-28,2.458,1.69,4.193,2.09,3.001,rt,
rwampara,2026-04-29,2.433,1.681,4.055,2.07,2.968,rt,
rwampara,2026-04-30,2.404,1.688,3.898,2.055,2.919,rt,
rwampara,2026-05-01,2.404,1.691,3.843,2.044,2.889,rt,
rwampara,2026-05-02,2.4,1.668,3.798,2.049,2.867,rt,
rwampara,2026-05-03,2.392,1.658,3.715,2.025,2.848,rt,
rwampara,2026-05-04,2.371,1.632,3.676,1.995,2.823,rt,
rwampara,2026-05-05,2.35,1.653,3.562,1.999,2.775,rt,
rwampara,2026-05-06,2.325,1.676,3.463,1.987,2.733,rt,
rwampara,2026-05-07,2.304,1.665,3.391,1.977,2.699,rt,
rwampara,2026-05-08,2.27,1.661,3.292,1.96,2.632,rt,
rwampara,2026-05-09,2.238,1.645,3.224,1.945,2.605,rt,
rwampara,2026-05-10,2.209,1.623,3.175,1.923,2.562,rt,
rwampara,2026-05-11,2.117,1.527,3.065,1.838,2.45,rt,
rwampara,2026-05-12,2.037,1.508,2.885,1.78,2.346,rt,
rwampara,2026-05-13,1.962,1.48,2.759,1.727,2.258,rt,
rwampara,2026-05-14,1.897,1.443,2.622,1.675,2.169,rt,
rwampara,2026-05-15,1.828,1.401,2.484,1.627,2.07,rt,
rwampara,2026-05-16,1.757,1.357,2.375,1.573,1.987,rt,
rwampara,2026-05-17,1.695,1.297,2.32,1.511,1.925,rt,
rwampara,2026-05-18,1.631,1.219,2.241,1.454,1.859,rt,
rwampara,2026-05-19,1.571,1.207,2.127,1.409,1.781,rt,
rwampara,2026-05-20,1.517,1.182,2.004,1.367,1.702,rt,
rwampara,2026-05-21,1.465,1.142,1.909,1.322,1.625,rt,
rwampara,2026-05-22,1.402,1.097,1.815,1.274,1.553,rt,
rwampara,2026-05-23,1.34,1.034,1.74,1.216,1.484,rt,
rwampara,2026-05-24,1.276,0.957,1.711,1.153,1.431,rt,
rwampara,2026-05-25,1.211,0.867,1.666,1.077,1.376,rt,
rwampara,2026-05-26,1.207,0.883,1.601,1.076,1.346,rt,
rwampara,2026-05-27,1.201,0.901,1.552,1.08,1.323,rt,
rwampara,2026-05-28,1.197,0.913,1.514,1.083,1.315,rt,
rwampara,2026-05-29,1.192,0.92,1.485,1.084,1.308,rt,
rwampara,2026-05-30,1.189,0.92,1.485,1.077,1.309,rt,
rwampara,2026-05-31,1.189,0.903,1.498,1.07,1.317,rt,
rwampara,2026-06-01,1.187,0.874,1.539,1.06,1.33,rt,
rwampara,2026-06-02,1.233,0.951,1.542,1.12,1.355,rt,
rwampara,2026-06-03,1.277,1.031,1.558,1.171,1.385,rt,
rwampara,2026-06-04,1.319,1.083,1.586,1.22,1.42,rt,
rwampara,2026-06-05,1.354,1.128,1.617,1.26,1.455,rt,
rwampara,2026-06-06,1.384,1.145,1.675,1.286,1.49,rt,
rwampara,2026-06-07,1.407,1.157,1.733,1.301,1.517,rt,
rwampara,2026-06-08,1.43,1.157,1.791,1.313,1.559,rt,
rwampara,2026-06-09,1.415,1.183,1.732,1.318,1.531,rt,
rwampara,2026-06-10,1.401,1.191,1.679,1.311,1.508,rt,
rwampara,2026-06-11,1.388,1.187,1.651,1.3,1.484,rt,
rwampara,2026-06-12,1.371,1.175,1.613,1.288,1.465,rt,
rwampara,2026-06-13,1.35,1.139,1.605,1.264,1.45,rt,
rwampara,2026-06-14,1.33,1.097,1.607,1.235,1.434,rt,
rwampara,2026-06-15,1.311,1.058,1.619,1.207,1.427,rt,
rwampara,2026-06-16,1.273,1.049,1.548,1.18,1.371,rt,
rwampara,2026-06-17,1.237,1.031,1.479,1.152,1.328,rt,
rwampara,2026-06-18,1.2,1.013,1.427,1.121,1.289,rt,
rwampara,2026-06-19,1.167,0.98,1.383,1.088,1.25,rt,
rwampara,2026-06-20,1.135,0.95,1.347,1.051,1.222,rt,
rwampara,2026-06-21,1.101,0.902,1.326,1.014,1.193,rt,
rwampara,2026-06-22,1.073,0.851,1.323,0.973,1.17,rt,
rwampara,2026-06-23,1.074,0.879,1.291,0.988,1.16,rt,
rwampara,2026-06-24,1.074,0.901,1.277,1.002,1.153,rt,
rwampara,2026-06-25,1.078,0.917,1.266,1.011,1.146,rt,
rwampara,2026-06-26,1.081,0.927,1.26,1.015,1.148,rt,
rwampara,2026-06-27,1.083,0.916,1.262,1.013,1.152,rt,
rwampara,2026-06-28,1.085,0.904,1.28,1.007,1.161,rt,
rwampara,2026-06-29,1.074,0.875,1.295,0.99,1.16,rt,
rwampara,2026-06-30,1.079,0.901,1.279,1.003,1.154,rt,
rwampara,2026-07-01,1.086,0.92,1.266,1.02,1.153,rt,
rwampara,2026-07-02,1.092,0.931,1.267,1.029,1.158,rt,
rwampara,2026-07-03,1.1,0.944,1.28,1.033,1.164,rt,
rwampara,2026-07-04,1.108,0.942,1.3,1.034,1.176,rt,
rwampara,2026-07-05,1.114,0.931,1.33,1.032,1.196,rt,
rwampara,2026-07-06,1.126,0.914,1.383,1.036,1.223,rt,
rwampara,2026-07-07,1.13,0.943,1.35,1.051,1.219,rt,
rwampara,2026-07-08,1.134,0.965,1.328,1.066,1.214,rt,
rwampara,2026-07-09,1.138,0.98,1.318,1.073,1.21,rt,
rwampara,2026-07-10,1.145,0.988,1.32,1.08,1.216,rt,
rwampara,2026-07-11,1.15,0.984,1.341,1.085,1.224,rt,
rwampara,2026-07-12,1.154,0.966,1.369,1.08,1.236,rt,
rwampara,2026-07-13,1.152,0.943,1.39,1.06,1.239,rt,
rwampara,2026-07-14,1.129,0.938,1.339,1.052,1.209,rt,
rwampara,2026-07-15,1.109,0.934,1.296,1.038,1.182,rt,
rwampara,2026-07-16,1.086,0.924,1.27,1.018,1.159,rt,
rwampara,2026-07-17,1.07,0.911,1.251,1.001,1.142,rt,
rwampara,2026-07-18,1.049,0.89,1.25,0.977,1.124,rt,
rwampara,2026-07-19,1.027,0.857,1.248,0.951,1.112,rt,
rwampara,2026-07-20,1.006,0.814,1.258,0.921,1.1,rt,
rwampara,2026-07-21,0.985,0.814,1.203,0.909,1.068,rt,
rwampara,2026-07-22,0.964,0.806,1.166,0.897,1.039,rt,
rwampara,2026-07-23,0.941,0.793,1.124,0.879,1.009,rt,
rwampara,2026-07-24,0.918,0.773,1.092,0.857,0.984,rt,
rwampara,2026-07-25,0.895,0.748,1.066,0.829,0.958,rt,
rwampara,2026-07-26,0.869,0.711,1.051,0.8,0.94,rt,
rwampara,2026-07-27,0.848,0.672,1.045,0.773,0.929,rt,
rwampara,2026-07-28,0.835,0.683,1.004,0.77,0.904,rt,
rwampara,2026-07-29,0.822,0.68,0.978,0.763,0.883,rt,
rwampara,2026-07-30,0.809,0.674,0.956,0.75,0.868,rt,
rwampara,2026-07-31,0.791,0.656,0.934,0.73,0.846,rt,
rwampara,2026-08-01,0.767,0.63,0.915,0.709,0.832,rt,
rwampara,2026-08-02,0.746,0.603,0.913,0.687,0.81,rt,
rwampara,2026-08-03,0.725,0.568,0.91,0.656,0.795,rt,
rwampara,2026-08-04,0.717,0.576,0.883,0.656,0.781,rt,
rwampara,2026-08-05,0.711,0.58,0.861,0.653,0.77,rt,
rwampara,2026-08-06,0.704,0.575,0.847,0.648,0.76,rt,
rwampara,2026-08-07,0.696,0.564,0.837,0.645,0.751,rt,
rwampara,2026-08-08,0.689,0.554,0.841,0.635,0.747,rt,
rwampara,2026-08-09,0.681,0.537,0.848,0.622,0.742,rt,
rwampara,2026-08-10,0.666,0.511,0.848,0.598,0.732,rt,
rwampara,2026-08-11,0.665,0.522,0.828,0.604,0.726,rt,
rwampara,2026-08-12,0.663,0.528,0.81,0.606,0.722,rt,
rwampara,2026-08-13,0.662,0.528,0.804,0.606,0.717,rt,
rwampara,2026-08-14,0.661,0.528,0.799,0.605,0.714,rt,
rwampara,2026-08-15,0.658,0.521,0.8,0.602,0.714,rt,
rwampara,2026-08-16,0.656,0.509,0.811,0.594,0.714,rt,
rwampara,2026-08-17,0.659,0.5,0.827,0.588,0.722,rt,
rwampara,2026-08-18,0.669,0.519,0.821,0.603,0.729,rt,
rwampara,2026-08-19,0.677,0.536,0.823,0.619,0.737,rt,
rwampara,2026-08-20,0.687,0.55,0.834,0.631,0.745,rt,
rwampara,2026-08-21,0.697,0.559,0.846,0.641,0.759,rt,
rwampara,2026-08-22,0.708,0.567,0.869,0.649,0.774,rt,
rwampara,2026-08-23,0.713,0.566,0.892,0.652,0.787,rt,
rwampara,2026-08-24,0.73,0.564,0.938,0.659,0.812,rt,
rwampara,2026-08-25,0.756,0.597,0.951,0.689,0.83,rt,
rwampara,2026-08-26,0.778,0.628,0.963,0.715,0.85,rt,
rwampara,2026-08-27,0.803,0.655,0.979,0.738,0.874,rt,
rwampara,2026-08-28,0.829,0.678,1.005,0.762,0.895,rt,
rwampara,2026-08-29,0.851,0.693,1.025,0.78,0.924,rt,
rwampara,2026-08-30,0.869,0.696,1.068,0.794,0.951,rt,
rwampara,2026-08-31,0.879,0.681,1.11,0.793,0.969,rt,
rwampara,2026-09-01,0.901,0.721,1.119,0.822,0.984,rt,
rwampara,2026-09-02,0.925,0.753,1.13,0.853,1.002,rt,
rwampara,2026-09-03,0.948,0.779,1.149,0.881,1.025,rt,
rwampara,2026-09-04,0.965,0.796,1.173,0.895,1.046,rt,
rwampara,2026-09-05,0.984,0.799,1.206,0.901,1.069,rt,
rwampara,2026-09-06,1.0,0.792,1.253,0.906,1.099,rt,
rwampara,2026-09-07,1.003,0.765,1.289,0.897,1.114,rt,
rwampara,2026-09-08,1.003,0.779,1.251,0.907,1.099,rt,
rwampara,2026-09-09,1.001,0.798,1.23,0.915,1.087,rt,
rwampara,2026-09-10,0.999,0.796,1.205,0.914,1.08,rt,
rwampara,2026-09-11,0.985,0.786,1.195,0.901,1.067,rt,
rwampara,2026-09-12,0.969,0.76,1.196,0.882,1.055,rt,
rwampara,2026-09-13,0.949,0.725,1.195,0.855,1.043,rt,
rwampara,2026-09-14,0.934,0.683,1.219,0.822,1.038,rt,
rwampara,2026-09-15,0.93,0.696,1.183,0.826,1.027,rt,
rwampara,2026-09-16,0.927,0.705,1.183,0.832,1.023,rt,
rwampara,2026-09-17,0.923,0.702,1.187,0.832,1.022,rt,
rwampara,2026-09-18,0.924,0.7,1.204,0.829,1.025,rt,
rwampara,2026-09-19,0.925,0.685,1.231,0.825,1.036,rt,
rwampara,2026-09-20,0.922,0.666,1.269,0.815,1.058,rt,
rwampara,2026-09-21,0.933,0.651,1.336,0.809,1.085,rt,
rwampara,2026-09-22,0.929,0.645,1.302,0.804,1.073,rt,
rwampara,2026-09-23,0.921,0.627,1.309,0.791,1.064,rt,
rwampara,2026-09-24,0.911,0.605,1.323,0.774,1.053,rt,
rwampara,2026-09-25,0.907,0.579,1.324,0.761,1.058,rt,
rwampara,2026-09-26,0.901,0.549,1.33,0.741,1.069,rt,
rwampara,2026-09-27,0.889,0.508,1.368,0.724,1.082,rt,
rwampara,2026-09-28,0.875,0.473,1.393,0.692,1.085,rt,
rwampara,2026-09-29,0.868,0.468,1.377,0.687,1.071,rt,
rwampara,2026-09-30,0.862,0.456,1.372,0.681,1.059,rt,
rwampara,2026-10-01,0.853,0.445,1.388,0.671,1.052,rt,
rwampara,2026-10-02,0.838,0.427,1.4,0.655,1.049,rt,
rwampara,2026-10-03,0.828,0.397,1.403,0.637,1.05,rt,
rwampara,2026-10-04,0.811,0.373,1.447,0.614,1.055,rt,
rwampara,2026-10-05,0.798,0.353,1.501,0.59,1.052,rt,
rwampara,2026-10-06,0.779,0.321,1.551,0.554,1.062,rt,
tchomia,2026-06-09,2.137,1.519,3.207,1.84,2.508,rt,
tchomia,2026-06-10,2.095,1.513,3.045,1.816,2.437,rt,
tchomia,2026-06-11,2.04,1.484,2.93,1.788,2.366,rt,
tchomia,2026-06-12,1.996,1.445,2.827,1.738,2.31,rt,
tchomia,2026-06-13,1.948,1.383,2.788,1.68,2.247,rt,
tchomia,2026-06-14,1.888,1.32,2.742,1.627,2.198,rt,
tchomia,2026-06-15,1.84,1.259,2.732,1.568,2.163,rt,
tchomia,2026-06-16,1.767,1.237,2.521,1.518,2.039,rt,
tchomia,2026-06-17,1.694,1.217,2.366,1.468,1.95,rt,
tchomia,2026-06-18,1.625,1.167,2.259,1.418,1.858,rt,
tchomia,2026-06-19,1.559,1.12,2.165,1.363,1.776,rt,
tchomia,2026-06-20,1.493,1.073,2.09,1.3,1.707,rt,
tchomia,2026-06-21,1.426,1.015,2.03,1.236,1.648,rt,
tchomia,2026-06-22,1.37,0.947,2.005,1.175,1.614,rt,
tchomia,2026-06-23,1.345,0.957,1.91,1.171,1.557,rt,
tchomia,2026-06-24,1.316,0.955,1.844,1.159,1.51,rt,
tchomia,2026-06-25,1.298,0.937,1.796,1.15,1.48,rt,
tchomia,2026-06-26,1.278,0.923,1.745,1.133,1.443,rt,
tchomia,2026-06-27,1.258,0.899,1.722,1.105,1.421,rt,
tchomia,2026-06-28,1.233,0.872,1.698,1.072,1.405,rt,
tchomia,2026-06-29,1.199,0.83,1.686,1.03,1.384,rt,
tchomia,2026-06-30,1.174,0.83,1.597,1.02,1.326,rt,
tchomia,2026-07-01,1.149,0.829,1.526,1.003,1.292,rt,
tchomia,2026-07-02,1.118,0.818,1.479,0.99,1.262,rt,
tchomia,2026-07-03,1.093,0.794,1.458,0.97,1.231,rt,
tchomia,2026-07-04,1.066,0.776,1.446,0.944,1.212,rt,
tchomia,2026-07-05,1.04,0.74,1.44,0.912,1.196,rt,
tchomia,2026-07-06,1.025,0.71,1.467,0.885,1.191,rt,
tchomia,2026-07-07,1.018,0.726,1.402,0.89,1.174,rt,
tchomia,2026-07-08,1.011,0.733,1.359,0.894,1.15,rt,
tchomia,2026-07-09,1.006,0.736,1.339,0.891,1.133,rt,
tchomia,2026-07-10,1.0,0.728,1.34,0.889,1.128,rt,
tchomia,2026-07-11,0.995,0.722,1.338,0.879,1.126,rt,
tchomia,2026-07-12,0.99,0.704,1.352,0.855,1.13,rt,
tchomia,2026-07-13,0.981,0.668,1.374,0.825,1.123,rt,
tchomia,2026-07-14,0.976,0.686,1.328,0.838,1.11,rt,
tchomia,2026-07-15,0.97,0.699,1.295,0.847,1.097,rt,
tchomia,2026-07-16,0.963,0.694,1.269,0.849,1.082,rt,
tchomia,2026-07-17,0.959,0.692,1.269,0.85,1.077,rt,
tchomia,2026-07-18,0.955,0.685,1.282,0.846,1.074,rt,
tchomia,2026-07-19,0.954,0.668,1.303,0.834,1.074,rt,
tchomia,2026-07-20,0.949,0.652,1.327,0.813,1.076,rt,
tchomia,2026-07-21,0.946,0.667,1.29,0.825,1.071,rt,
tchomia,2026-07-22,0.945,0.684,1.266,0.832,1.062,rt,
tchomia,2026-07-23,0.941,0.691,1.256,0.833,1.055,rt,
tchomia,2026-07-24,0.937,0.688,1.262,0.83,1.053,rt,
tchomia,2026-07-25,0.933,0.686,1.266,0.823,1.056,rt,
tchomia,2026-07-26,0.924,0.664,1.28,0.807,1.062,rt,
tchomia,2026-07-27,0.921,0.64,1.33,0.797,1.072,rt,
tchomia,2026-07-28,0.932,0.673,1.286,0.812,1.066,rt,
tchomia,2026-07-29,0.938,0.689,1.258,0.829,1.066,rt,
tchomia,2026-07-30,0.945,0.7,1.251,0.833,1.068,rt,
tchomia,2026-07-31,0.943,0.694,1.266,0.838,1.057,rt,
tchomia,2026-08-01,0.939,0.683,1.268,0.831,1.053,rt,
tchomia,2026-08-02,0.933,0.661,1.301,0.816,1.054,rt,
tchomia,2026-08-03,0.922,0.641,1.322,0.799,1.058,rt,
tchomia,2026-08-04,0.925,0.656,1.282,0.804,1.049,rt,
tchomia,2026-08-05,0.92,0.664,1.248,0.804,1.035,rt,
tchomia,2026-08-06,0.915,0.661,1.235,0.803,1.031,rt,
tchomia,2026-08-07,0.913,0.661,1.226,0.8,1.024,rt,
tchomia,2026-08-08,0.906,0.65,1.24,0.787,1.022,rt,
tchomia,2026-08-09,0.898,0.633,1.252,0.774,1.027,rt,
tchomia,2026-08-10,0.88,0.602,1.259,0.748,1.02,rt,
tchomia,2026-08-11,0.87,0.613,1.217,0.752,1.004,rt,
tchomia,2026-08-12,0.863,0.619,1.179,0.75,0.988,rt,
tchomia,2026-08-13,0.854,0.622,1.153,0.749,0.969,rt,
tchomia,2026-08-14,0.843,0.611,1.137,0.74,0.954,rt,
tchomia,2026-08-15,0.836,0.597,1.133,0.729,0.951,rt,
tchomia,2026-08-16,0.82,0.575,1.145,0.713,0.943,rt,
tchomia,2026-08-17,0.812,0.553,1.185,0.699,0.949,rt,
tchomia,2026-08-18,0.813,0.564,1.163,0.71,0.942,rt,
tchomia,2026-08-19,0.816,0.571,1.143,0.712,0.936,rt,
tchomia,2026-08-20,0.814,0.58,1.138,0.712,0.935,rt,
tchomia,2026-08-21,0.814,0.587,1.142,0.713,0.945,rt,
tchomia,2026-08-22,0.816,0.58,1.159,0.712,0.947,rt,
tchomia,2026-08-23,0.814,0.57,1.18,0.703,0.951,rt,
tchomia,2026-08-24,0.821,0.558,1.225,0.701,0.968,rt,
tchomia,2026-08-25,0.822,0.568,1.194,0.708,0.949,rt,
tchomia,2026-08-26,0.821,0.573,1.162,0.715,0.939,rt,
tchomia,2026-08-27,0.817,0.572,1.131,0.709,0.935,rt,
tchomia,2026-08-28,0.811,0.559,1.117,0.701,0.932,rt,
tchomia,2026-08-29,0.806,0.553,1.119,0.695,0.929,rt,
tchomia,2026-08-30,0.797,0.536,1.138,0.683,0.924,rt,
tchomia,2026-08-31,0.777,0.503,1.145,0.657,0.912,rt,
tchomia,2026-09-01,0.755,0.507,1.093,0.652,0.88,rt,
tchomia,2026-09-02,0.741,0.502,1.051,0.64,0.857,rt,
tchomia,2026-09-03,0.723,0.492,1.02,0.626,0.837,rt,
tchomia,2026-09-04,0.702,0.477,0.99,0.605,0.812,rt,
tchomia,2026-09-05,0.685,0.451,0.977,0.581,0.792,rt,
tchomia,2026-09-06,0.661,0.426,0.953,0.554,0.771,rt,
tchomia,2026-09-07,0.632,0.394,0.929,0.523,0.745,rt,
tchomia,2026-09-08,0.619,0.4,0.898,0.518,0.728,rt,
tchomia,2026-09-09,0.608,0.396,0.871,0.511,0.712,rt,
tchomia,2026-09-10,0.597,0.388,0.852,0.502,0.699,rt,
tchomia,2026-09-11,0.577,0.373,0.827,0.484,0.681,rt,
tchomia,2026-09-12,0.56,0.355,0.813,0.465,0.662,rt,
tchomia,2026-09-13,0.539,0.327,0.809,0.445,0.644,rt,
tchomia,2026-09-14,0.521,0.301,0.802,0.426,0.63,rt,
tchomia,2026-09-15,0.521,0.308,0.795,0.427,0.619,rt,
tchomia,2026-09-16,0.523,0.311,0.798,0.431,0.619,rt,
tchomia,2026-09-17,0.524,0.311,0.805,0.432,0.622,rt,
tchomia,2026-09-18,0.527,0.307,0.818,0.433,0.629,rt,
tchomia,2026-09-19,0.531,0.308,0.838,0.432,0.634,rt,
tchomia,2026-09-20,0.534,0.303,0.867,0.429,0.648,rt,
tchomia,2026-09-21,0.539,0.303,0.908,0.432,0.665,rt,
tchomia,2026-09-22,0.543,0.31,0.898,0.436,0.666,rt,
tchomia,2026-09-23,0.547,0.313,0.9,0.439,0.671,rt,
tchomia,2026-09-24,0.552,0.313,0.907,0.441,0.681,rt,
tchomia,2026-09-25,0.557,0.313,0.933,0.445,0.697,rt,
tchomia,2026-09-26,0.558,0.312,0.958,0.443,0.704,rt,
tchomia,2026-09-27,0.564,0.305,0.985,0.443,0.715,rt,
tchomia,2026-09-28,0.563,0.294,1.037,0.435,0.729,rt,
tchomia,2026-09-29,0.567,0.296,1.033,0.438,0.725,rt,
tchomia,2026-09-30,0.573,0.292,1.021,0.44,0.733,rt,
tchomia,2026-10-01,0.577,0.285,1.039,0.441,0.741,rt,
tchomia,2026-10-02,0.581,0.278,1.071,0.444,0.75,rt,
tchomia,2026-10-03,0.583,0.269,1.095,0.435,0.753,rt,
tchomia,2026-10-04,0.583,0.259,1.136,0.429,0.761,rt,
tchomia,2026-10-05,0.582,0.25,1.182,0.42,0.771,rt,
tchomia,2026-10-06,0.606,0.25,1.342,0.429,0.841,rt,
alimbongo,2026-09-18,1.073,0.916,1.259,1.006,1.152,rt,
alimbongo,2026-09-19,1.088,0.916,1.287,1.013,1.168,rt,
alimbongo,2026-09-20,1.101,0.915,1.319,1.018,1.188,rt,
alimbongo,2026-09-21,1.116,0.913,1.35,1.024,1.214,rt,
alimbongo,2026-09-22,1.122,0.907,1.382,1.029,1.23,rt,
alimbongo,2026-09-23,1.129,0.905,1.41,1.031,1.247,rt,
alimbongo,2026-09-24,1.138,0.899,1.44,1.035,1.265,rt,
alimbongo,2026-09-25,1.153,0.899,1.463,1.039,1.283,rt,
alimbongo,2026-09-26,1.163,0.893,1.494,1.045,1.301,rt,
alimbongo,2026-09-27,1.173,0.886,1.527,1.049,1.317,rt,
alimbongo,2026-09-28,1.165,0.872,1.546,1.039,1.314,rt,
alimbongo,2026-09-29,1.163,0.852,1.559,1.03,1.32,rt,
alimbongo,2026-09-30,1.156,0.84,1.561,1.022,1.319,rt,
alimbongo,2026-10-01,1.156,0.82,1.567,1.014,1.321,rt,
alimbongo,2026-10-02,1.159,0.817,1.593,1.011,1.333,rt,
alimbongo,2026-10-03,1.161,0.798,1.641,1.001,1.346,rt,
alimbongo,2026-10-04,1.164,0.784,1.679,0.999,1.357,rt,
alimbongo,2026-10-05,1.151,0.755,1.719,0.978,1.369,rt,
alimbongo,2026-10-06,1.145,0.776,1.679,0.981,1.348,rt,
beni,2026-05-25,2.258,1.614,3.316,1.965,2.601,rt,
beni,2026-05-26,2.187,1.564,3.167,1.907,2.492,rt,
beni,2026-05-27,2.119,1.524,3.014,1.847,2.412,rt,
beni,2026-05-28,2.051,1.485,2.9,1.788,2.328,rt,
beni,2026-05-29,1.975,1.46,2.725,1.735,2.235,rt,
beni,2026-05-30,1.908,1.421,2.626,1.666,2.163,rt,
beni,2026-05-31,1.837,1.366,2.53,1.612,2.088,rt,
beni,2026-06-01,1.769,1.298,2.477,1.557,2.019,rt,
beni,2026-06-02,1.72,1.274,2.374,1.515,1.951,rt,
beni,2026-06-03,1.666,1.247,2.285,1.477,1.894,rt,
beni,2026-06-04,1.625,1.218,2.203,1.44,1.834,rt,
beni,2026-06-05,1.579,1.195,2.099,1.408,1.774,rt,
beni,2026-06-06,1.532,1.16,2.028,1.371,1.717,rt,
beni,2026-06-07,1.49,1.118,1.971,1.332,1.661,rt,
beni,2026-06-08,1.453,1.077,1.933,1.294,1.63,rt,
beni,2026-06-09,1.417,1.065,1.853,1.272,1.586,rt,
beni,2026-06-10,1.383,1.056,1.78,1.243,1.543,rt,
beni,2026-06-11,1.346,1.033,1.736,1.21,1.502,rt,
beni,2026-06-12,1.316,1.01,1.69,1.186,1.459,rt,
beni,2026-06-13,1.286,0.988,1.665,1.158,1.419,rt,
beni,2026-06-14,1.255,0.957,1.632,1.131,1.389,rt,
beni,2026-06-15,1.239,0.925,1.643,1.11,1.384,rt,
beni,2026-06-16,1.227,0.93,1.598,1.101,1.36,rt,
beni,2026-06-17,1.216,0.934,1.565,1.1,1.337,rt,
beni,2026-06-18,1.2,0.931,1.536,1.088,1.322,rt,
beni,2026-06-19,1.189,0.929,1.506,1.076,1.303,rt,
beni,2026-06-20,1.175,0.922,1.494,1.065,1.298,rt,
beni,2026-06-21,1.165,0.904,1.49,1.051,1.297,rt,
beni,2026-06-22,1.162,0.878,1.504,1.038,1.299,rt,
beni,2026-06-23,1.159,0.899,1.483,1.046,1.288,rt,
beni,2026-06-24,1.157,0.914,1.46,1.054,1.282,rt,
beni,2026-06-25,1.158,0.927,1.456,1.053,1.277,rt,
beni,2026-06-26,1.168,0.937,1.461,1.064,1.278,rt,
beni,2026-06-27,1.177,0.946,1.477,1.072,1.286,rt,
beni,2026-06-28,1.189,0.934,1.5,1.072,1.301,rt,
beni,2026-06-29,1.186,0.914,1.523,1.066,1.313,rt,
beni,2026-06-30,1.197,0.947,1.507,1.086,1.313,rt,
beni,2026-07-01,1.209,0.971,1.501,1.104,1.32,rt,
beni,2026-07-02,1.222,0.987,1.504,1.12,1.334,rt,
beni,2026-07-03,1.228,0.993,1.515,1.131,1.341,rt,
beni,2026-07-04,1.236,0.994,1.543,1.134,1.351,rt,
beni,2026-07-05,1.249,0.988,1.578,1.137,1.366,rt,
beni,2026-07-06,1.258,0.98,1.628,1.135,1.393,rt,
beni,2026-07-07,1.275,1.004,1.612,1.152,1.394,rt,
beni,2026-07-08,1.289,1.029,1.598,1.17,1.401,rt,
beni,2026-07-09,1.297,1.038,1.608,1.185,1.412,rt,
beni,2026-07-10,1.307,1.059,1.625,1.2,1.423,rt,
beni,2026-07-11,1.317,1.069,1.635,1.207,1.433,rt,
beni,2026-07-12,1.33,1.061,1.679,1.218,1.446,rt,
beni,2026-07-13,1.339,1.053,1.716,1.216,1.465,rt,
beni,2026-07-14,1.341,1.077,1.69,1.234,1.461,rt,
beni,2026-07-15,1.342,1.092,1.672,1.242,1.458,rt,
beni,2026-07-16,1.344,1.098,1.655,1.245,1.459,rt,
beni,2026-07-17,1.349,1.114,1.648,1.247,1.463,rt,
beni,2026-07-18,1.352,1.112,1.656,1.249,1.471,rt,
beni,2026-07-19,1.352,1.097,1.683,1.246,1.481,rt,
beni,2026-07-20,1.351,1.08,1.717,1.237,1.489,rt,
beni,2026-07-21,1.349,1.094,1.679,1.241,1.476,rt,
beni,2026-07-22,1.344,1.104,1.651,1.239,1.459,rt,
beni,2026-07-23,1.341,1.096,1.64,1.238,1.446,rt,
beni,2026-07-24,1.337,1.101,1.622,1.233,1.44,rt,
beni,2026-07-25,1.33,1.095,1.621,1.224,1.435,rt,
beni,2026-07-26,1.326,1.072,1.632,1.216,1.437,rt,
beni,2026-07-27,1.33,1.049,1.674,1.214,1.449,rt,
beni,2026-07-28,1.34,1.076,1.64,1.232,1.452,rt,
beni,2026-07-29,1.351,1.102,1.634,1.245,1.456,rt,
beni,2026-07-30,1.357,1.108,1.638,1.249,1.463,rt,
beni,2026-07-31,1.363,1.126,1.633,1.258,1.468,rt,
beni,2026-08-01,1.367,1.129,1.651,1.265,1.475,rt,
beni,2026-08-02,1.371,1.118,1.681,1.265,1.489,rt,
beni,2026-08-03,1.373,1.096,1.718,1.259,1.501,rt,
beni,2026-08-04,1.386,1.119,1.697,1.276,1.497,rt,
beni,2026-08-05,1.394,1.14,1.68,1.283,1.499,rt,
beni,2026-08-06,1.394,1.155,1.673,1.292,1.503,rt,
beni,2026-08-07,1.408,1.179,1.678,1.313,1.51,rt,
beni,2026-08-08,1.421,1.185,1.694,1.325,1.531,rt,
beni,2026-08-09,1.435,1.186,1.734,1.331,1.549,rt,
beni,2026-08-10,1.439,1.171,1.769,1.323,1.573,rt,
beni,2026-08-11,1.459,1.207,1.754,1.348,1.575,rt,
beni,2026-08-12,1.468,1.233,1.749,1.365,1.585,rt,
beni,2026-08-13,1.483,1.247,1.756,1.382,1.595,rt,
beni,2026-08-14,1.498,1.271,1.765,1.4,1.598,rt,
beni,2026-08-15,1.512,1.28,1.782,1.412,1.615,rt,
beni,2026-08-16,1.521,1.265,1.809,1.417,1.633,rt,
beni,2026-08-17,1.53,1.245,1.852,1.42,1.657,rt,
beni,2026-08-18,1.556,1.287,1.858,1.453,1.672,rt,
beni,2026-08-19,1.586,1.323,1.88,1.474,1.695,rt,
beni,2026-08-20,1.602,1.353,1.903,1.502,1.718,rt,
beni,2026-08-21,1.607,1.372,1.888,1.51,1.712,rt,
beni,2026-08-22,1.609,1.379,1.889,1.512,1.713,rt,
beni,2026-08-23,1.611,1.377,1.914,1.512,1.72,rt,
beni,2026-08-24,1.604,1.359,1.927,1.498,1.72,rt,
beni,2026-08-25,1.608,1.386,1.902,1.506,1.717,rt,
beni,2026-08-26,1.609,1.404,1.896,1.516,1.714,rt,
beni,2026-08-27,1.608,1.405,1.902,1.518,1.715,rt,
beni,2026-08-28,1.599,1.404,1.889,1.515,1.702,rt,
beni,2026-08-29,1.596,1.399,1.887,1.505,1.693,rt,
beni,2026-08-30,1.588,1.378,1.885,1.494,1.687,rt,
beni,2026-08-31,1.545,1.328,1.855,1.449,1.65,rt,
beni,2026-09-01,1.485,1.29,1.752,1.399,1.579,rt,
beni,2026-09-02,1.428,1.249,1.677,1.349,1.52,rt,
beni,2026-09-03,1.377,1.204,1.607,1.298,1.467,rt,
beni,2026-09-04,1.33,1.168,1.547,1.255,1.415,rt,
beni,2026-09-05,1.287,1.125,1.495,1.213,1.371,rt,
beni,2026-09-06,1.248,1.078,1.454,1.17,1.329,rt,
beni,2026-09-07,1.227,1.048,1.442,1.15,1.311,rt,
beni,2026-09-08,1.189,1.02,1.385,1.11,1.266,rt,
beni,2026-09-09,1.152,0.986,1.339,1.076,1.223,rt,
beni,2026-09-10,1.115,0.951,1.299,1.043,1.185,rt,
beni,2026-09-11,1.086,0.928,1.252,1.022,1.155,rt,
beni,2026-09-12,1.061,0.901,1.228,0.999,1.127,rt,
beni,2026-09-13,1.034,0.874,1.203,0.97,1.103,rt,
beni,2026-09-14,1.029,0.856,1.212,0.96,1.105,rt,
beni,2026-09-15,1.026,0.854,1.205,0.958,1.1,rt,
beni,2026-09-16,1.022,0.85,1.201,0.95,1.097,rt,
beni,2026-09-17,1.019,0.841,1.2,0.944,1.095,rt,
beni,2026-09-18,1.006,0.829,1.198,0.93,1.086,rt,
beni,2026-09-19,0.995,0.806,1.201,0.915,1.077,rt,
beni,2026-09-20,0.984,0.781,1.205,0.897,1.072,rt,
beni,2026-09-21,0.97,0.755,1.213,0.879,1.065,rt,
beni,2026-09-22,0.979,0.747,1.23,0.878,1.075,rt,
beni,2026-09-23,0.986,0.741,1.253,0.877,1.087,rt,
beni,2026-09-24,0.992,0.73,1.276,0.876,1.098,rt,
beni,2026-09-25,0.998,0.725,1.296,0.884,1.113,rt,
beni,2026-09-26,1.004,0.716,1.327,0.886,1.13,rt,
beni,2026-09-27,1.01,0.695,1.358,0.88,1.149,rt,
beni,2026-09-28,1.001,0.67,1.378,0.861,1.15,rt,
beni,2026-09-29,1.0,0.665,1.393,0.855,1.155,rt,
beni,2026-09-30,0.996,0.662,1.395,0.852,1.159,rt,
beni,2026-10-01,0.991,0.645,1.407,0.843,1.159,rt,
beni,2026-10-02,0.998,0.637,1.452,0.843,1.17,rt,
beni,2026-10-03,1.007,0.62,1.494,0.837,1.184,rt,
beni,2026-10-04,1.008,0.608,1.55,0.823,1.2,rt,
beni,2026-10-05,1.005,0.584,1.58,0.805,1.214,rt,
beni,2026-10-06,1.006,0.573,1.556,0.809,1.215,rt,
biena,2026-08-18,1.549,1.376,1.762,1.476,1.624,rt,
biena,2026-08-19,1.553,1.375,1.777,1.478,1.634,rt,
biena,2026-08-20,1.558,1.371,1.791,1.475,1.64,rt,
biena,2026-08-21,1.543,1.369,1.763,1.465,1.62,rt,
biena,2026-08-22,1.528,1.36,1.733,1.449,1.601,rt,
biena,2026-08-23,1.51,1.348,1.714,1.434,1.583,rt,
biena,2026-08-24,1.485,1.319,1.695,1.408,1.559,rt,
biena,2026-08-25,1.458,1.293,1.661,1.382,1.532,rt,
biena,2026-08-26,1.427,1.265,1.636,1.354,1.505,rt,
biena,2026-08-27,1.395,1.23,1.605,1.323,1.479,rt,
biena,2026-08-28,1.357,1.204,1.558,1.294,1.435,rt,
biena,2026-08-29,1.323,1.179,1.51,1.26,1.394,rt,
biena,2026-08-30,1.287,1.141,1.47,1.225,1.353,rt,
biena,2026-08-31,1.23,1.086,1.409,1.167,1.293,rt,
biena,2026-09-01,1.181,1.04,1.35,1.122,1.241,rt,
biena,2026-09-02,1.134,1.0,1.297,1.08,1.195,rt,
biena,2026-09-03,1.091,0.96,1.248,1.038,1.152,rt,
biena,2026-09-04,1.055,0.928,1.196,1.006,1.108,rt,
biena,2026-09-05,1.018,0.899,1.153,0.97,1.072,rt,
biena,2026-09-06,0.984,0.865,1.115,0.937,1.039,rt,
biena,2026-09-07,0.968,0.846,1.105,0.916,1.025,rt,
biena,2026-09-08,0.962,0.84,1.099,0.91,1.018,rt,
biena,2026-09-09,0.954,0.833,1.092,0.902,1.014,rt,
biena,2026-09-10,0.948,0.827,1.091,0.894,1.01,rt,
biena,2026-09-11,0.951,0.834,1.086,0.9,1.006,rt,
biena,2026-09-12,0.952,0.837,1.085,0.901,1.007,rt,
biena,2026-09-13,0.953,0.839,1.089,0.902,1.01,rt,
biena,2026-09-14,0.974,0.85,1.119,0.921,1.034,rt,
biena,2026-09-15,0.996,0.865,1.144,0.94,1.057,rt,
biena,2026-09-16,1.018,0.877,1.177,0.957,1.081,rt,
biena,2026-09-17,1.038,0.886,1.21,0.973,1.104,rt,
biena,2026-09-18,1.049,0.893,1.229,0.984,1.122,rt,
biena,2026-09-19,1.06,0.894,1.26,0.99,1.14,rt,
biena,2026-09-20,1.073,0.891,1.292,0.995,1.159,rt,
biena,2026-09-21,1.089,0.889,1.325,0.999,1.185,rt,
biena,2026-09-22,1.097,0.885,1.353,1.002,1.199,rt,
biena,2026-09-23,1.105,0.88,1.377,1.004,1.215,rt,
biena,2026-09-24,1.115,0.877,1.411,1.008,1.233,rt,
biena,2026-09-25,1.128,0.877,1.429,1.015,1.249,rt,
biena,2026-09-26,1.138,0.869,1.455,1.019,1.268,rt,
biena,2026-09-27,1.146,0.861,1.491,1.022,1.289,rt,
biena,2026-09-28,1.137,0.842,1.505,1.012,1.288,rt,
biena,2026-09-29,1.132,0.829,1.518,1.005,1.287,rt,
biena,2026-09-30,1.129,0.814,1.524,0.995,1.289,rt,
biena,2026-10-01,1.124,0.8,1.531,0.987,1.289,rt,
biena,2026-10-02,1.13,0.794,1.558,0.984,1.301,rt,
biena,2026-10-03,1.129,0.779,1.594,0.972,1.317,rt,
biena,2026-10-04,1.133,0.762,1.641,0.966,1.327,rt,
biena,2026-10-05,1.121,0.736,1.673,0.95,1.331,rt,
biena,2026-10-06,1.109,0.745,1.628,0.948,1.307,rt,
butembo,2026-05-27,2.534,1.933,3.496,2.249,2.899,rt,
butembo,2026-05-28,2.458,1.874,3.353,2.182,2.802,rt,
butembo,2026-05-29,2.376,1.827,3.165,2.117,2.679,rt,
butembo,2026-05-30,2.286,1.785,3.03,2.055,2.566,rt,
butembo,2026-05-31,2.205,1.738,2.91,1.985,2.464,rt,
butembo,2026-06-01,2.132,1.683,2.817,1.925,2.382,rt,
butembo,2026-06-02,2.056,1.634,2.705,1.864,2.289,rt,
butembo,2026-06-03,1.992,1.588,2.62,1.805,2.208,rt,
butembo,2026-06-04,1.927,1.535,2.524,1.745,2.141,rt,
butembo,2026-06-05,1.86,1.5,2.391,1.697,2.052,rt,
butembo,2026-06-06,1.796,1.455,2.28,1.649,1.973,rt,
butembo,2026-06-07,1.735,1.405,2.182,1.602,1.9,rt,
butembo,2026-06-08,1.684,1.367,2.102,1.551,1.845,rt,
butembo,2026-06-09,1.638,1.337,2.032,1.511,1.794,rt,
butembo,2026-06-10,1.594,1.298,1.969,1.472,1.741,rt,
butembo,2026-06-11,1.555,1.268,1.913,1.435,1.69,rt,
butembo,2026-06-12,1.51,1.244,1.842,1.394,1.638,rt,
butembo,2026-06-13,1.465,1.212,1.782,1.358,1.59,rt,
butembo,2026-06-14,1.425,1.17,1.735,1.323,1.544,rt,
butembo,2026-06-15,1.404,1.142,1.714,1.3,1.523,rt,
butembo,2026-06-16,1.389,1.141,1.692,1.286,1.505,rt,
butembo,2026-06-17,1.376,1.132,1.665,1.275,1.484,rt,
butembo,2026-06-18,1.357,1.122,1.644,1.261,1.467,rt,
butembo,2026-06-19,1.342,1.123,1.605,1.253,1.441,rt,
butembo,2026-06-20,1.331,1.117,1.571,1.241,1.426,rt,
butembo,2026-06-21,1.314,1.104,1.554,1.229,1.41,rt,
butembo,2026-06-22,1.306,1.092,1.549,1.222,1.403,rt,
butembo,2026-06-23,1.303,1.097,1.541,1.215,1.394,rt,
butembo,2026-06-24,1.298,1.102,1.535,1.213,1.387,rt,
butembo,2026-06-25,1.293,1.099,1.532,1.206,1.385,rt,
butembo,2026-06-26,1.298,1.115,1.523,1.215,1.381,rt,
butembo,2026-06-27,1.302,1.119,1.52,1.218,1.381,rt,
butembo,2026-06-28,1.304,1.118,1.522,1.223,1.386,rt,
butembo,2026-06-29,1.298,1.108,1.52,1.217,1.382,rt,
butembo,2026-06-30,1.294,1.105,1.504,1.214,1.372,rt,
butembo,2026-07-01,1.286,1.102,1.492,1.208,1.363,rt,
butembo,2026-07-02,1.279,1.097,1.492,1.2,1.36,rt,
butembo,2026-07-03,1.269,1.098,1.467,1.193,1.342,rt,
butembo,2026-07-04,1.258,1.093,1.451,1.186,1.332,rt,
butembo,2026-07-05,1.245,1.078,1.445,1.175,1.325,rt,
butembo,2026-07-06,1.241,1.069,1.446,1.166,1.322,rt,
butembo,2026-07-07,1.236,1.071,1.435,1.163,1.314,rt,
butembo,2026-07-08,1.229,1.063,1.421,1.156,1.306,rt,
butembo,2026-07-09,1.223,1.055,1.419,1.151,1.302,rt,
butembo,2026-07-10,1.217,1.064,1.404,1.148,1.292,rt,
butembo,2026-07-11,1.213,1.062,1.395,1.143,1.279,rt,
butembo,2026-07-12,1.21,1.055,1.39,1.139,1.275,rt,
butembo,2026-07-13,1.201,1.039,1.387,1.129,1.269,rt,
butembo,2026-07-14,1.195,1.032,1.375,1.126,1.261,rt,
butembo,2026-07-15,1.187,1.03,1.365,1.123,1.255,rt,
butembo,2026-07-16,1.181,1.023,1.364,1.118,1.247,rt,
butembo,2026-07-17,1.175,1.025,1.347,1.112,1.236,rt,
butembo,2026-07-18,1.17,1.018,1.339,1.107,1.232,rt,
butembo,2026-07-19,1.165,1.009,1.329,1.101,1.226,rt,
butembo,2026-07-20,1.157,0.993,1.327,1.09,1.221,rt,
butembo,2026-07-21,1.16,1.0,1.324,1.088,1.223,rt,
butembo,2026-07-22,1.156,0.996,1.319,1.087,1.223,rt,
butembo,2026-07-23,1.154,0.995,1.318,1.085,1.222,rt,
butembo,2026-07-24,1.154,1.005,1.314,1.091,1.219,rt,
butembo,2026-07-25,1.152,1.007,1.315,1.089,1.217,rt,
butembo,2026-07-26,1.15,1.008,1.32,1.087,1.218,rt,
butembo,2026-07-27,1.159,1.007,1.338,1.091,1.233,rt,
butembo,2026-07-28,1.171,1.02,1.343,1.103,1.242,rt,
butembo,2026-07-29,1.183,1.031,1.357,1.113,1.252,rt,
butembo,2026-07-30,1.194,1.037,1.371,1.125,1.264,rt,
butembo,2026-07-31,1.199,1.053,1.368,1.136,1.269,rt,
butembo,2026-08-01,1.208,1.059,1.379,1.148,1.274,rt,
butembo,2026-08-02,1.214,1.062,1.395,1.154,1.281,rt,
butembo,2026-08-03,1.221,1.064,1.408,1.155,1.289,rt,
butembo,2026-08-04,1.226,1.07,1.412,1.158,1.293,rt,
butembo,2026-08-05,1.226,1.073,1.413,1.161,1.297,rt,
butembo,2026-08-06,1.23,1.069,1.42,1.163,1.303,rt,
butembo,2026-08-07,1.239,1.087,1.42,1.172,1.31,rt,
butembo,2026-08-08,1.249,1.092,1.431,1.179,1.32,rt,
butembo,2026-08-09,1.257,1.092,1.447,1.183,1.332,rt,
butembo,2026-08-10,1.258,1.084,1.462,1.181,1.338,rt,
butembo,2026-08-11,1.249,1.082,1.446,1.178,1.331,rt,
butembo,2026-08-12,1.242,1.084,1.435,1.172,1.324,rt,
butembo,2026-08-13,1.235,1.07,1.432,1.165,1.315,rt,
butembo,2026-08-14,1.227,1.071,1.412,1.159,1.299,rt,
butembo,2026-08-15,1.217,1.064,1.397,1.151,1.287,rt,
butembo,2026-08-16,1.205,1.053,1.39,1.138,1.277,rt,
butembo,2026-08-17,1.197,1.036,1.393,1.128,1.27,rt,
butembo,2026-08-18,1.182,1.025,1.366,1.119,1.255,rt,
butembo,2026-08-19,1.169,1.012,1.353,1.105,1.241,rt,
butembo,2026-08-20,1.155,0.997,1.333,1.088,1.225,rt,
butembo,2026-08-21,1.125,0.977,1.29,1.065,1.193,rt,
butembo,2026-08-22,1.099,0.954,1.258,1.039,1.164,rt,
butembo,2026-08-23,1.07,0.918,1.236,1.008,1.135,rt,
butembo,2026-08-24,1.039,0.875,1.208,0.972,1.107,rt,
butembo,2026-08-25,1.009,0.854,1.171,0.946,1.075,rt,
butembo,2026-08-26,0.98,0.831,1.141,0.917,1.044,rt,
butembo,2026-08-27,0.95,0.805,1.112,0.887,1.011,rt,
butembo,2026-08-28,0.916,0.776,1.075,0.855,0.976,rt,
butembo,2026-08-29,0.883,0.739,1.038,0.825,0.945,rt,
butembo,2026-08-30,0.85,0.704,1.01,0.79,0.913,rt,
butembo,2026-08-31,0.803,0.648,0.969,0.74,0.869,rt,
butembo,2026-09-01,0.777,0.632,0.93,0.718,0.838,rt,
butembo,2026-09-02,0.751,0.61,0.896,0.698,0.808,rt,
butembo,2026-09-03,0.727,0.592,0.871,0.677,0.783,rt,
butembo,2026-09-04,0.709,0.577,0.841,0.656,0.758,rt,
butembo,2026-09-05,0.688,0.554,0.819,0.635,0.738,rt,
butembo,2026-09-06,0.669,0.534,0.805,0.615,0.725,rt,
butembo,2026-09-07,0.662,0.518,0.805,0.606,0.722,rt,
butembo,2026-09-08,0.669,0.531,0.811,0.612,0.729,rt,
butembo,2026-09-09,0.677,0.543,0.824,0.62,0.736,rt,
butembo,2026-09-10,0.685,0.55,0.833,0.627,0.746,rt,
butembo,2026-09-11,0.701,0.564,0.847,0.644,0.759,rt,
butembo,2026-09-12,0.716,0.577,0.867,0.656,0.776,rt,
butembo,2026-09-13,0.729,0.586,0.893,0.667,0.798,rt,
butembo,2026-09-14,0.757,0.601,0.947,0.691,0.832,rt,
butembo,2026-09-15,0.787,0.628,0.978,0.72,0.859,rt,
butembo,2026-09-16,0.816,0.651,1.016,0.748,0.892,rt,
butembo,2026-09-17,0.846,0.672,1.065,0.772,0.927,rt,
butembo,2026-09-18,0.87,0.683,1.107,0.792,0.955,rt,
butembo,2026-09-19,0.898,0.691,1.15,0.809,0.987,rt,
butembo,2026-09-20,0.922,0.701,1.196,0.824,1.023,rt,
butembo,2026-09-21,0.952,0.701,1.264,0.841,1.06,rt,
butembo,2026-09-22,0.966,0.703,1.282,0.846,1.076,rt,
butembo,2026-09-23,0.979,0.703,1.31,0.852,1.095,rt,
butembo,2026-09-24,0.992,0.705,1.34,0.859,1.112,rt,
butembo,2026-09-25,1.001,0.708,1.382,0.869,1.132,rt,
butembo,2026-09-26,1.016,0.701,1.425,0.874,1.158,rt,
butembo,2026-09-27,1.028,0.695,1.472,0.88,1.189,rt,
butembo,2026-09-28,1.023,0.68,1.485,0.872,1.195,rt,
butembo,2026-09-29,1.016,0.669,1.488,0.87,1.199,rt,
butembo,2026-09-30,1.015,0.658,1.502,0.866,1.197,rt,
butembo,2026-10-01,1.013,0.652,1.522,0.86,1.196,rt,
butembo,2026-10-02,1.014,0.645,1.54,0.864,1.204,rt,
butembo,2026-10-03,1.019,0.628,1.6,0.857,1.218,rt,
butembo,2026-10-04,1.024,0.611,1.654,0.853,1.233,rt,
butembo,2026-10-05,1.02,0.593,1.686,0.832,1.233,rt,
butembo,2026-10-06,1.022,0.588,1.656,0.82,1.247,rt,
kalunguta,2026-07-22,1.488,1.174,1.891,1.353,1.628,rt,
kalunguta,2026-07-23,1.485,1.174,1.879,1.356,1.62,rt,
kalunguta,2026-07-24,1.48,1.181,1.865,1.362,1.608,rt,
kalunguta,2026-07-25,1.48,1.183,1.845,1.361,1.605,rt,
kalunguta,2026-07-26,1.479,1.175,1.85,1.355,1.614,rt,
kalunguta,2026-07-27,1.486,1.166,1.886,1.354,1.631,rt,
kalunguta,2026-07-28,1.494,1.189,1.875,1.369,1.633,rt,
kalunguta,2026-07-29,1.503,1.205,1.875,1.381,1.64,rt,
kalunguta,2026-07-30,1.507,1.217,1.874,1.385,1.655,rt,
kalunguta,2026-07-31,1.515,1.231,1.873,1.389,1.661,rt,
kalunguta,2026-08-01,1.523,1.242,1.874,1.395,1.666,rt,
kalunguta,2026-08-02,1.528,1.237,1.896,1.399,1.678,rt,
kalunguta,2026-08-03,1.533,1.224,1.932,1.398,1.686,rt,
kalunguta,2026-08-04,1.545,1.244,1.921,1.416,1.687,rt,
kalunguta,2026-08-05,1.555,1.261,1.921,1.43,1.688,rt,
kalunguta,2026-08-06,1.562,1.274,1.921,1.438,1.693,rt,
kalunguta,2026-08-07,1.581,1.298,1.924,1.456,1.712,rt,
kalunguta,2026-08-08,1.596,1.314,1.931,1.468,1.728,rt,
kalunguta,2026-08-09,1.613,1.322,1.963,1.479,1.747,rt,
kalunguta,2026-08-10,1.622,1.315,1.989,1.484,1.757,rt,
kalunguta,2026-08-11,1.636,1.344,1.986,1.506,1.766,rt,
kalunguta,2026-08-12,1.643,1.363,1.994,1.524,1.782,rt,
kalunguta,2026-08-13,1.659,1.367,2.001,1.537,1.799,rt,
kalunguta,2026-08-14,1.67,1.386,2.009,1.552,1.812,rt,
kalunguta,2026-08-15,1.686,1.396,2.012,1.564,1.822,rt,
kalunguta,2026-08-16,1.7,1.394,2.042,1.564,1.836,rt,
kalunguta,2026-08-17,1.715,1.397,2.085,1.567,1.858,rt,
kalunguta,2026-08-18,1.733,1.417,2.089,1.59,1.875,rt,
kalunguta,2026-08-19,1.741,1.43,2.094,1.606,1.892,rt,
kalunguta,2026-08-20,1.752,1.439,2.108,1.615,1.903,rt,
kalunguta,2026-08-21,1.742,1.441,2.104,1.607,1.889,rt,
kalunguta,2026-08-22,1.735,1.431,2.101,1.596,1.881,rt,
kalunguta,2026-08-23,1.723,1.416,2.112,1.588,1.875,rt,
kalunguta,2026-08-24,1.703,1.378,2.108,1.567,1.857,rt,
kalunguta,2026-08-25,1.681,1.375,2.08,1.545,1.82,rt,
kalunguta,2026-08-26,1.655,1.359,2.043,1.525,1.792,rt,
kalunguta,2026-08-27,1.629,1.34,2.024,1.5,1.763,rt,
kalunguta,2026-08-28,1.595,1.317,1.974,1.475,1.726,rt,
kalunguta,2026-08-29,1.558,1.285,1.93,1.442,1.691,rt,
kalunguta,2026-08-30,1.523,1.253,1.906,1.409,1.655,rt,
kalunguta,2026-08-31,1.462,1.186,1.847,1.345,1.596,rt,
kalunguta,2026-09-01,1.401,1.147,1.749,1.293,1.527,rt,
kalunguta,2026-09-02,1.345,1.1,1.67,1.241,1.46,rt,
kalunguta,2026-09-03,1.293,1.056,1.593,1.192,1.401,rt,
kalunguta,2026-09-04,1.245,1.023,1.538,1.15,1.347,rt,
kalunguta,2026-09-05,1.199,0.98,1.481,1.104,1.302,rt,
kalunguta,2026-09-06,1.157,0.933,1.428,1.058,1.261,rt,
kalunguta,2026-09-07,1.132,0.899,1.414,1.033,1.244,rt,
kalunguta,2026-09-08,1.115,0.89,1.388,1.022,1.219,rt,
kalunguta,2026-09-09,1.103,0.881,1.361,1.009,1.2,rt,
kalunguta,2026-09-10,1.087,0.868,1.341,0.994,1.183,rt,
kalunguta,2026-09-11,1.079,0.859,1.331,0.989,1.172,rt,
kalunguta,2026-09-12,1.072,0.854,1.324,0.983,1.17,rt,
kalunguta,2026-09-13,1.067,0.843,1.325,0.976,1.167,rt,
kalunguta,2026-09-14,1.083,0.841,1.36,0.981,1.187,rt,
kalunguta,2026-09-15,1.1,0.858,1.38,0.994,1.209,rt,
kalunguta,2026-09-16,1.118,0.865,1.395,1.011,1.228,rt,
kalunguta,2026-09-17,1.132,0.87,1.432,1.019,1.249,rt,
kalunguta,2026-09-18,1.139,0.878,1.448,1.021,1.258,rt,
kalunguta,2026-09-19,1.146,0.873,1.479,1.022,1.277,rt,
kalunguta,2026-09-20,1.151,0.861,1.512,1.017,1.296,rt,
kalunguta,2026-09-21,1.156,0.853,1.56,1.017,1.317,rt,
kalunguta,2026-09-22,1.163,0.845,1.571,1.024,1.322,rt,
kalunguta,2026-09-23,1.168,0.845,1.602,1.023,1.329,rt,
kalunguta,2026-09-24,1.169,0.845,1.62,1.028,1.345,rt,
kalunguta,2026-09-25,1.183,0.831,1.643,1.035,1.356,rt,
kalunguta,2026-09-26,1.194,0.823,1.677,1.037,1.372,rt,
kalunguta,2026-09-27,1.198,0.824,1.722,1.04,1.387,rt,
kalunguta,2026-09-28,1.189,0.799,1.748,1.023,1.394,rt,
kalunguta,2026-09-29,1.183,0.785,1.729,1.013,1.385,rt,
kalunguta,2026-09-30,1.177,0.773,1.722,1.008,1.382,rt,
kalunguta,2026-10-01,1.168,0.759,1.714,0.999,1.382,rt,
kalunguta,2026-10-02,1.168,0.751,1.737,0.99,1.395,rt,
kalunguta,2026-10-03,1.171,0.744,1.792,0.982,1.398,rt,
kalunguta,2026-10-04,1.171,0.723,1.847,0.968,1.409,rt,
kalunguta,2026-10-05,1.16,0.693,1.882,0.949,1.415,rt,
kalunguta,2026-10-06,1.145,0.688,1.833,0.939,1.392,rt,
katwa,2026-05-23,2.898,2.221,4.096,2.575,3.332,rt,
katwa,2026-05-24,2.818,2.156,3.926,2.505,3.228,rt,
katwa,2026-05-25,2.728,2.079,3.759,2.426,3.101,rt,
katwa,2026-05-26,2.642,2.028,3.6,2.352,2.982,rt,
katwa,2026-05-27,2.562,1.973,3.479,2.285,2.888,rt,
katwa,2026-05-28,2.485,1.918,3.349,2.223,2.797,rt,
katwa,2026-05-29,2.405,1.88,3.178,2.173,2.7,rt,
katwa,2026-05-30,2.328,1.85,3.046,2.113,2.598,rt,
katwa,2026-05-31,2.25,1.818,2.936,2.054,2.509,rt,
katwa,2026-06-01,2.178,1.767,2.847,1.985,2.424,rt,
katwa,2026-06-02,2.124,1.725,2.76,1.937,2.357,rt,
katwa,2026-06-03,2.067,1.679,2.675,1.893,2.286,rt,
katwa,2026-06-04,2.008,1.637,2.592,1.846,2.218,rt,
katwa,2026-06-05,1.953,1.603,2.472,1.801,2.142,rt,
katwa,2026-06-06,1.899,1.573,2.384,1.754,2.07,rt,
katwa,2026-06-07,1.853,1.538,2.299,1.71,2.005,rt,
katwa,2026-06-08,1.807,1.5,2.235,1.673,1.959,rt,
katwa,2026-06-09,1.765,1.468,2.177,1.638,1.91,rt,
katwa,2026-06-10,1.723,1.436,2.117,1.601,1.869,rt,
katwa,2026-06-11,1.685,1.409,2.058,1.565,1.828,rt,
katwa,2026-06-12,1.645,1.39,1.996,1.534,1.773,rt,
katwa,2026-06-13,1.608,1.363,1.936,1.503,1.729,rt,
katwa,2026-06-14,1.569,1.333,1.886,1.469,1.686,rt,
katwa,2026-06-15,1.553,1.316,1.866,1.455,1.668,rt,
katwa,2026-06-16,1.534,1.301,1.837,1.437,1.645,rt,
katwa,2026-06-17,1.513,1.287,1.81,1.42,1.623,rt,
katwa,2026-06-18,1.5,1.269,1.784,1.399,1.604,rt,
katwa,2026-06-19,1.481,1.265,1.741,1.39,1.578,rt,
katwa,2026-06-20,1.462,1.256,1.713,1.376,1.555,rt,
katwa,2026-06-21,1.445,1.243,1.682,1.359,1.536,rt,
katwa,2026-06-22,1.435,1.229,1.674,1.351,1.527,rt,
katwa,2026-06-23,1.426,1.226,1.659,1.343,1.515,rt,
katwa,2026-06-24,1.417,1.22,1.643,1.335,1.502,rt,
katwa,2026-06-25,1.41,1.21,1.641,1.324,1.492,rt,
katwa,2026-06-26,1.409,1.222,1.624,1.328,1.484,rt,
katwa,2026-06-27,1.407,1.23,1.608,1.33,1.483,rt,
katwa,2026-06-28,1.405,1.235,1.604,1.331,1.48,rt,
katwa,2026-06-29,1.393,1.22,1.592,1.318,1.472,rt,
katwa,2026-06-30,1.381,1.216,1.574,1.311,1.463,rt,
katwa,2026-07-01,1.369,1.21,1.563,1.301,1.449,rt,
katwa,2026-07-02,1.359,1.196,1.556,1.29,1.44,rt,
katwa,2026-07-03,1.346,1.188,1.527,1.281,1.421,rt,
katwa,2026-07-04,1.333,1.179,1.509,1.271,1.402,rt,
katwa,2026-07-05,1.32,1.163,1.493,1.258,1.387,rt,
katwa,2026-07-06,1.311,1.15,1.488,1.244,1.379,rt,
katwa,2026-07-07,1.305,1.143,1.48,1.24,1.374,rt,
katwa,2026-07-08,1.303,1.134,1.474,1.234,1.368,rt,
katwa,2026-07-09,1.296,1.131,1.478,1.224,1.369,rt,
katwa,2026-07-10,1.288,1.138,1.462,1.223,1.355,rt,
katwa,2026-07-11,1.284,1.138,1.446,1.219,1.347,rt,
katwa,2026-07-12,1.277,1.138,1.437,1.215,1.34,rt,
katwa,2026-07-13,1.268,1.128,1.438,1.206,1.334,rt,
katwa,2026-07-14,1.265,1.126,1.431,1.201,1.33,rt,
katwa,2026-07-15,1.256,1.118,1.427,1.196,1.325,rt,
katwa,2026-07-16,1.251,1.11,1.427,1.19,1.325,rt,
katwa,2026-07-17,1.247,1.112,1.411,1.189,1.314,rt,
katwa,2026-07-18,1.243,1.112,1.41,1.182,1.308,rt,
katwa,2026-07-19,1.237,1.099,1.405,1.177,1.302,rt,
katwa,2026-07-20,1.232,1.084,1.407,1.17,1.298,rt,
katwa,2026-07-21,1.226,1.08,1.397,1.165,1.29,rt,
katwa,2026-07-22,1.219,1.074,1.391,1.158,1.285,rt,
katwa,2026-07-23,1.213,1.065,1.385,1.149,1.279,rt,
katwa,2026-07-24,1.209,1.069,1.362,1.149,1.267,rt,
katwa,2026-07-25,1.203,1.07,1.352,1.144,1.259,rt,
katwa,2026-07-26,1.196,1.066,1.341,1.139,1.252,rt,
katwa,2026-07-27,1.2,1.069,1.351,1.14,1.259,rt,
katwa,2026-07-28,1.198,1.069,1.347,1.141,1.26,rt,
katwa,2026-07-29,1.197,1.065,1.344,1.139,1.257,rt,
katwa,2026-07-30,1.196,1.06,1.349,1.136,1.259,rt,
katwa,2026-07-31,1.193,1.07,1.333,1.136,1.252,rt,
katwa,2026-08-01,1.189,1.071,1.324,1.135,1.244,rt,
katwa,2026-08-02,1.183,1.063,1.323,1.131,1.239,rt,
katwa,2026-08-03,1.178,1.056,1.329,1.123,1.234,rt,
katwa,2026-08-04,1.169,1.047,1.321,1.118,1.227,rt,
katwa,2026-08-05,1.163,1.037,1.311,1.111,1.221,rt,
katwa,2026-08-06,1.159,1.029,1.308,1.1,1.215,rt,
katwa,2026-08-07,1.157,1.034,1.296,1.103,1.21,rt,
katwa,2026-08-08,1.154,1.036,1.286,1.103,1.207,rt,
katwa,2026-08-09,1.152,1.03,1.284,1.101,1.207,rt,
katwa,2026-08-10,1.144,1.014,1.287,1.089,1.201,rt,
katwa,2026-08-11,1.134,1.008,1.274,1.082,1.191,rt,
katwa,2026-08-12,1.127,1.0,1.266,1.075,1.181,rt,
katwa,2026-08-13,1.117,0.989,1.262,1.061,1.174,rt,
katwa,2026-08-14,1.108,0.981,1.241,1.057,1.156,rt,
katwa,2026-08-15,1.096,0.968,1.229,1.046,1.145,rt,
katwa,2026-08-16,1.085,0.953,1.222,1.033,1.135,rt,
katwa,2026-08-17,1.075,0.933,1.221,1.019,1.13,rt,
katwa,2026-08-18,1.064,0.93,1.207,1.009,1.121,rt,
katwa,2026-08-19,1.054,0.919,1.196,0.999,1.11,rt,
katwa,2026-08-20,1.042,0.906,1.19,0.984,1.101,rt,
katwa,2026-08-21,1.018,0.892,1.154,0.964,1.074,rt,
katwa,2026-08-22,0.993,0.863,1.123,0.941,1.05,rt,
katwa,2026-08-23,0.972,0.834,1.103,0.917,1.028,rt,
katwa,2026-08-24,0.943,0.798,1.08,0.885,1.003,rt,
katwa,2026-08-25,0.916,0.781,1.049,0.858,0.971,rt,
katwa,2026-08-26,0.89,0.759,1.018,0.835,0.944,rt,
katwa,2026-08-27,0.864,0.736,0.995,0.808,0.917,rt,
katwa,2026-08-28,0.832,0.712,0.956,0.78,0.882,rt,
katwa,2026-08-29,0.802,0.682,0.926,0.751,0.85,rt,
katwa,2026-08-30,0.772,0.651,0.9,0.72,0.824,rt,
katwa,2026-08-31,0.729,0.601,0.864,0.676,0.786,rt,
katwa,2026-09-01,0.705,0.585,0.83,0.653,0.757,rt,
katwa,2026-09-02,0.681,0.569,0.801,0.634,0.731,rt,
katwa,2026-09-03,0.659,0.548,0.778,0.613,0.708,rt,
katwa,2026-09-04,0.64,0.536,0.751,0.596,0.687,rt,
katwa,2026-09-05,0.624,0.513,0.737,0.577,0.669,rt,
katwa,2026-09-06,0.606,0.493,0.724,0.557,0.653,rt,
katwa,2026-09-07,0.599,0.475,0.726,0.547,0.65,rt,
katwa,2026-09-08,0.606,0.485,0.735,0.556,0.656,rt,
katwa,2026-09-09,0.615,0.497,0.74,0.565,0.663,rt,
katwa,2026-09-10,0.624,0.503,0.752,0.571,0.672,rt,
katwa,2026-09-11,0.637,0.516,0.766,0.584,0.686,rt,
katwa,2026-09-12,0.652,0.527,0.78,0.599,0.704,rt,
katwa,2026-09-13,0.665,0.534,0.802,0.61,0.721,rt,
katwa,2026-09-14,0.692,0.552,0.845,0.631,0.754,rt,
katwa,2026-09-15,0.72,0.575,0.875,0.657,0.785,rt,
katwa,2026-09-16,0.752,0.597,0.912,0.682,0.816,rt,
katwa,2026-09-17,0.779,0.616,0.958,0.704,0.85,rt,
katwa,2026-09-18,0.803,0.628,0.997,0.726,0.877,rt,
katwa,2026-09-19,0.83,0.638,1.05,0.745,0.908,rt,
katwa,2026-09-20,0.856,0.639,1.104,0.76,0.944,rt,
katwa,2026-09-21,0.883,0.649,1.162,0.775,0.985,rt,
katwa,2026-09-22,0.894,0.654,1.187,0.784,1.005,rt,
katwa,2026-09-23,0.902,0.655,1.214,0.793,1.023,rt,
katwa,2026-09-24,0.918,0.653,1.241,0.803,1.043,rt,
katwa,2026-09-25,0.929,0.656,1.276,0.81,1.063,rt,
katwa,2026-09-26,0.943,0.653,1.317,0.82,1.086,rt,
katwa,2026-09-27,0.958,0.645,1.36,0.825,1.107,rt,
katwa,2026-09-28,0.958,0.63,1.389,0.82,1.117,rt,
katwa,2026-09-29,0.955,0.623,1.394,0.819,1.117,rt,
katwa,2026-09-30,0.952,0.618,1.406,0.813,1.12,rt,
katwa,2026-10-01,0.95,0.613,1.417,0.808,1.123,rt,
katwa,2026-10-02,0.952,0.606,1.442,0.811,1.138,rt,
katwa,2026-10-03,0.955,0.603,1.487,0.805,1.155,rt,
katwa,2026-10-04,0.96,0.587,1.541,0.8,1.17,rt,
katwa,2026-10-05,0.955,0.566,1.576,0.779,1.175,rt,
katwa,2026-10-06,0.969,0.58,1.575,0.789,1.193,rt,
kayna,2026-09-22,1.125,0.909,1.386,1.03,1.233,rt,
kayna,2026-09-23,1.134,0.906,1.408,1.034,1.249,rt,
kayna,2026-09-24,1.144,0.9,1.441,1.038,1.267,rt,
kayna,2026-09-25,1.156,0.902,1.465,1.042,1.284,rt,
kayna,2026-09-26,1.166,0.895,1.497,1.047,1.305,rt,
kayna,2026-09-27,1.175,0.888,1.528,1.05,1.322,rt,
kayna,2026-09-28,1.169,0.869,1.546,1.042,1.319,rt,
kayna,2026-09-29,1.164,0.85,1.557,1.033,1.324,rt,
kayna,2026-09-30,1.16,0.844,1.561,1.025,1.326,rt,
kayna,2026-10-01,1.158,0.826,1.566,1.015,1.326,rt,
kayna,2026-10-02,1.162,0.822,1.595,1.014,1.336,rt,
kayna,2026-10-03,1.162,0.802,1.638,1.003,1.347,rt,
kayna,2026-10-04,1.164,0.788,1.687,1.001,1.36,rt,
kayna,2026-10-05,1.16,0.761,1.729,0.982,1.367,rt,
kayna,2026-10-06,1.148,0.779,1.688,0.984,1.347,rt,
kyondo,2026-06-29,1.299,0.988,1.723,1.162,1.454,rt,
kyondo,2026-06-30,1.283,0.985,1.689,1.158,1.432,rt,
kyondo,2026-07-01,1.268,0.986,1.664,1.148,1.411,rt,
kyondo,2026-07-02,1.254,0.977,1.634,1.137,1.387,rt,
kyondo,2026-07-03,1.237,0.966,1.594,1.125,1.364,rt,
kyondo,2026-07-04,1.218,0.948,1.583,1.107,1.34,rt,
kyondo,2026-07-05,1.2,0.929,1.574,1.088,1.321,rt,
kyondo,2026-07-06,1.187,0.909,1.583,1.071,1.311,rt,
kyondo,2026-07-07,1.18,0.908,1.542,1.068,1.3,rt,
kyondo,2026-07-08,1.171,0.908,1.511,1.059,1.289,rt,
kyondo,2026-07-09,1.161,0.907,1.487,1.045,1.278,rt,
kyondo,2026-07-10,1.155,0.904,1.457,1.035,1.266,rt,
kyondo,2026-07-11,1.142,0.889,1.456,1.027,1.262,rt,
kyondo,2026-07-12,1.135,0.873,1.462,1.02,1.255,rt,
kyondo,2026-07-13,1.123,0.847,1.458,1.007,1.251,rt,
kyondo,2026-07-14,1.113,0.848,1.422,1.004,1.238,rt,
kyondo,2026-07-15,1.107,0.853,1.398,0.996,1.231,rt,
kyondo,2026-07-16,1.097,0.849,1.387,0.989,1.223,rt,
kyondo,2026-07-17,1.092,0.844,1.38,0.985,1.21,rt,
kyondo,2026-07-18,1.085,0.836,1.379,0.978,1.201,rt,
kyondo,2026-07-19,1.074,0.828,1.376,0.97,1.195,rt,
kyondo,2026-07-20,1.061,0.807,1.383,0.96,1.193,rt,
kyondo,2026-07-21,1.061,0.811,1.371,0.962,1.186,rt,
kyondo,2026-07-22,1.059,0.813,1.357,0.963,1.176,rt,
kyondo,2026-07-23,1.055,0.817,1.344,0.961,1.169,rt,
kyondo,2026-07-24,1.057,0.825,1.332,0.961,1.163,rt,
kyondo,2026-07-25,1.055,0.82,1.323,0.956,1.164,rt,
kyondo,2026-07-26,1.054,0.805,1.332,0.95,1.166,rt,
kyondo,2026-07-27,1.059,0.8,1.348,0.948,1.171,rt,
kyondo,2026-07-28,1.067,0.822,1.345,0.961,1.173,rt,
kyondo,2026-07-29,1.079,0.836,1.344,0.978,1.176,rt,
kyondo,2026-07-30,1.09,0.841,1.357,0.987,1.185,rt,
kyondo,2026-07-31,1.097,0.848,1.354,0.997,1.187,rt,
kyondo,2026-08-01,1.103,0.857,1.357,1.002,1.197,rt,
kyondo,2026-08-02,1.113,0.857,1.385,1.001,1.211,rt,
kyondo,2026-08-03,1.12,0.851,1.42,1.001,1.223,rt,
kyondo,2026-08-04,1.135,0.875,1.423,1.02,1.232,rt,
kyondo,2026-08-05,1.146,0.898,1.428,1.04,1.248,rt,
kyondo,2026-08-06,1.16,0.914,1.443,1.059,1.261,rt,
kyondo,2026-08-07,1.178,0.944,1.454,1.081,1.287,rt,
kyondo,2026-08-08,1.198,0.955,1.479,1.1,1.312,rt,
kyondo,2026-08-09,1.22,0.965,1.516,1.114,1.34,rt,
kyondo,2026-08-10,1.233,0.962,1.552,1.12,1.368,rt,
kyondo,2026-08-11,1.26,0.994,1.57,1.15,1.386,rt,
kyondo,2026-08-12,1.281,1.012,1.593,1.179,1.407,rt,
kyondo,2026-08-13,1.307,1.035,1.614,1.204,1.43,rt,
kyondo,2026-08-14,1.333,1.061,1.648,1.228,1.45,rt,
kyondo,2026-08-15,1.355,1.08,1.684,1.241,1.479,rt,
kyondo,2026-08-16,1.377,1.093,1.728,1.25,1.508,rt,
kyondo,2026-08-17,1.404,1.1,1.802,1.261,1.543,rt,
kyondo,2026-08-18,1.415,1.117,1.799,1.28,1.554,rt,
kyondo,2026-08-19,1.427,1.142,1.795,1.295,1.564,rt,
kyondo,2026-08-20,1.436,1.146,1.808,1.304,1.572,rt,
kyondo,2026-08-21,1.423,1.138,1.793,1.295,1.564,rt,
kyondo,2026-08-22,1.412,1.133,1.798,1.295,1.555,rt,
kyondo,2026-08-23,1.4,1.111,1.823,1.286,1.555,rt,
kyondo,2026-08-24,1.379,1.085,1.854,1.261,1.547,rt,
kyondo,2026-08-25,1.346,1.07,1.77,1.23,1.497,rt,
kyondo,2026-08-26,1.311,1.05,1.693,1.196,1.445,rt,
kyondo,2026-08-27,1.279,1.015,1.643,1.162,1.403,rt,
kyondo,2026-08-28,1.242,0.978,1.568,1.128,1.352,rt,
kyondo,2026-08-29,1.197,0.941,1.514,1.092,1.312,rt,
kyondo,2026-08-30,1.153,0.899,1.479,1.052,1.27,rt,
kyondo,2026-08-31,1.093,0.837,1.42,0.991,1.211,rt,
kyondo,2026-09-01,1.041,0.809,1.333,0.948,1.15,rt,
kyondo,2026-09-02,0.997,0.776,1.263,0.908,1.093,rt,
kyondo,2026-09-03,0.953,0.739,1.205,0.867,1.047,rt,
kyondo,2026-09-04,0.912,0.703,1.162,0.831,1.006,rt,
kyondo,2026-09-05,0.876,0.669,1.126,0.795,0.971,rt,
kyondo,2026-09-06,0.839,0.634,1.09,0.756,0.941,rt,
kyondo,2026-09-07,0.822,0.608,1.085,0.733,0.924,rt,
kyondo,2026-09-08,0.817,0.613,1.069,0.732,0.918,rt,
kyondo,2026-09-09,0.813,0.613,1.064,0.73,0.914,rt,
kyondo,2026-09-10,0.81,0.61,1.059,0.725,0.911,rt,
kyondo,2026-09-11,0.812,0.611,1.055,0.729,0.914,rt,
kyondo,2026-09-12,0.815,0.612,1.068,0.73,0.92,rt,
kyondo,2026-09-13,0.821,0.612,1.091,0.727,0.929,rt,
kyondo,2026-09-14,0.843,0.61,1.139,0.737,0.957,rt,
kyondo,2026-09-15,0.868,0.632,1.155,0.764,0.98,rt,
kyondo,2026-09-16,0.889,0.65,1.178,0.787,1.004,rt,
kyondo,2026-09-17,0.916,0.666,1.219,0.806,1.029,rt,
kyondo,2026-09-18,0.935,0.674,1.258,0.816,1.05,rt,
kyondo,2026-09-19,0.953,0.671,1.309,0.825,1.076,rt,
kyondo,2026-09-20,0.969,0.681,1.354,0.834,1.103,rt,
kyondo,2026-09-21,0.985,0.674,1.416,0.846,1.137,rt,
kyondo,2026-09-22,0.993,0.688,1.432,0.85,1.155,rt,
kyondo,2026-09-23,1.007,0.697,1.463,0.864,1.177,rt,
kyondo,2026-09-24,1.021,0.699,1.482,0.872,1.199,rt,
kyondo,2026-09-25,1.04,0.696,1.528,0.881,1.218,rt,
kyondo,2026-09-26,1.049,0.705,1.57,0.89,1.243,rt,
kyondo,2026-09-27,1.067,0.702,1.625,0.898,1.269,rt,
kyondo,2026-09-28,1.068,0.687,1.656,0.885,1.273,rt,
kyondo,2026-09-29,1.061,0.683,1.672,0.886,1.272,rt,
kyondo,2026-09-30,1.063,0.675,1.684,0.886,1.278,rt,
kyondo,2026-10-01,1.059,0.669,1.676,0.878,1.276,rt,
kyondo,2026-10-02,1.057,0.655,1.706,0.877,1.288,rt,
kyondo,2026-10-03,1.066,0.647,1.739,0.872,1.312,rt,
kyondo,2026-10-04,1.071,0.631,1.787,0.865,1.345,rt,
kyondo,2026-10-05,1.074,0.604,1.828,0.847,1.353,rt,
kyondo,2026-10-06,1.063,0.597,1.906,0.852,1.328,rt,
lubero,2026-08-13,1.526,1.356,1.73,1.452,1.608,rt,
lubero,2026-08-14,1.532,1.373,1.733,1.466,1.607,rt,
lubero,2026-08-15,1.539,1.383,1.732,1.475,1.615,rt,
lubero,2026-08-16,1.546,1.388,1.74,1.481,1.621,rt,
lubero,2026-08-17,1.557,1.388,1.761,1.484,1.633,rt,
lubero,2026-08-18,1.564,1.386,1.774,1.488,1.635,rt,
lubero,2026-08-19,1.567,1.384,1.79,1.488,1.642,rt,
lubero,2026-08-20,1.569,1.378,1.805,1.484,1.653,rt,
lubero,2026-08-21,1.551,1.377,1.777,1.474,1.63,rt,
lubero,2026-08-22,1.535,1.372,1.741,1.46,1.611,rt,
lubero,2026-08-23,1.519,1.355,1.721,1.444,1.595,rt,
lubero,2026-08-24,1.493,1.329,1.708,1.417,1.572,rt,
lubero,2026-08-25,1.465,1.299,1.667,1.388,1.542,rt,
lubero,2026-08-26,1.433,1.269,1.645,1.361,1.511,rt,
lubero,2026-08-27,1.401,1.235,1.612,1.331,1.484,rt,
lubero,2026-08-28,1.364,1.214,1.561,1.3,1.44,rt,
lubero,2026-08-29,1.33,1.187,1.517,1.267,1.4,rt,
lubero,2026-08-30,1.294,1.154,1.476,1.232,1.36,rt,
lubero,2026-08-31,1.237,1.095,1.417,1.176,1.301,rt,
lubero,2026-09-01,1.189,1.051,1.355,1.131,1.249,rt,
lubero,2026-09-02,1.141,1.006,1.303,1.087,1.201,rt,
lubero,2026-09-03,1.099,0.965,1.257,1.046,1.158,rt,
lubero,2026-09-04,1.062,0.939,1.206,1.011,1.116,rt,
lubero,2026-09-05,1.028,0.907,1.158,0.977,1.08,rt,
lubero,2026-09-06,0.992,0.873,1.124,0.942,1.045,rt,
lubero,2026-09-07,0.976,0.855,1.111,0.923,1.031,rt,
lubero,2026-09-08,0.969,0.849,1.104,0.918,1.025,rt,
lubero,2026-09-09,0.963,0.841,1.101,0.911,1.019,rt,
lubero,2026-09-10,0.956,0.831,1.101,0.902,1.016,rt,
lubero,2026-09-11,0.958,0.84,1.096,0.907,1.014,rt,
lubero,2026-09-12,0.96,0.845,1.094,0.91,1.016,rt,
lubero,2026-09-13,0.962,0.846,1.101,0.909,1.019,rt,
lubero,2026-09-14,0.981,0.86,1.128,0.928,1.043,rt,
lubero,2026-09-15,1.005,0.874,1.156,0.948,1.067,rt,
lubero,2026-09-16,1.025,0.884,1.184,0.966,1.092,rt,
lubero,2026-09-17,1.046,0.894,1.219,0.978,1.117,rt,
lubero,2026-09-18,1.057,0.897,1.239,0.99,1.132,rt,
lubero,2026-09-19,1.071,0.899,1.269,0.999,1.15,rt,
lubero,2026-09-20,1.085,0.898,1.299,1.004,1.175,rt,
lubero,2026-09-21,1.1,0.895,1.333,1.007,1.197,rt,
lubero,2026-09-22,1.106,0.894,1.363,1.012,1.211,rt,
lubero,2026-09-23,1.112,0.887,1.391,1.014,1.23,rt,
lubero,2026-09-24,1.124,0.884,1.423,1.019,1.247,rt,
lubero,2026-09-25,1.137,0.885,1.446,1.024,1.264,rt,
lubero,2026-09-26,1.146,0.878,1.472,1.028,1.282,rt,
lubero,2026-09-27,1.156,0.867,1.509,1.032,1.298,rt,
lubero,2026-09-28,1.146,0.852,1.524,1.022,1.299,rt,
lubero,2026-09-29,1.144,0.837,1.537,1.014,1.301,rt,
lubero,2026-09-30,1.14,0.821,1.545,1.005,1.305,rt,
lubero,2026-10-01,1.137,0.808,1.547,0.996,1.3,rt,
lubero,2026-10-02,1.14,0.806,1.57,0.994,1.315,rt,
lubero,2026-10-03,1.141,0.784,1.611,0.979,1.327,rt,
lubero,2026-10-04,1.143,0.767,1.663,0.973,1.341,rt,
lubero,2026-10-05,1.134,0.742,1.699,0.959,1.346,rt,
lubero,2026-10-06,1.122,0.754,1.642,0.96,1.325,rt,
mabalako,2026-08-13,1.989,1.586,2.534,1.83,2.205,rt,
mabalako,2026-08-14,2.009,1.612,2.549,1.848,2.212,rt,
mabalako,2026-08-15,2.025,1.616,2.576,1.854,2.238,rt,
mabalako,2026-08-16,2.042,1.612,2.628,1.851,2.256,rt,
mabalako,2026-08-17,2.058,1.602,2.677,1.852,2.293,rt,
mabalako,2026-08-18,2.069,1.623,2.694,1.871,2.288,rt,
mabalako,2026-08-19,2.075,1.639,2.683,1.882,2.296,rt,
mabalako,2026-08-20,2.079,1.653,2.694,1.891,2.299,rt,
mabalako,2026-08-21,2.065,1.633,2.66,1.87,2.279,rt,
mabalako,2026-08-22,2.047,1.61,2.653,1.858,2.264,rt,
mabalako,2026-08-23,2.03,1.584,2.659,1.834,2.249,rt,
mabalako,2026-08-24,2.003,1.533,2.653,1.797,2.228,rt,
mabalako,2026-08-25,1.972,1.544,2.572,1.787,2.186,rt,
mabalako,2026-08-26,1.947,1.539,2.498,1.764,2.151,rt,
mabalako,2026-08-27,1.919,1.518,2.446,1.74,2.121,rt,
mabalako,2026-08-28,1.878,1.494,2.378,1.711,2.076,rt,
mabalako,2026-08-29,1.844,1.455,2.321,1.678,2.031,rt,
mabalako,2026-08-30,1.806,1.412,2.289,1.625,1.997,rt,
mabalako,2026-08-31,1.735,1.331,2.236,1.554,1.927,rt,
mabalako,2026-09-01,1.665,1.303,2.138,1.506,1.843,rt,
mabalako,2026-09-02,1.608,1.272,2.061,1.458,1.767,rt,
mabalako,2026-09-03,1.549,1.236,1.963,1.41,1.693,rt,
mabalako,2026-09-04,1.499,1.203,1.887,1.37,1.64,rt,
mabalako,2026-09-05,1.451,1.16,1.825,1.328,1.591,rt,
mabalako,2026-09-06,1.407,1.11,1.785,1.274,1.549,rt,
mabalako,2026-09-07,1.388,1.081,1.783,1.247,1.535,rt,
mabalako,2026-09-08,1.373,1.083,1.745,1.245,1.516,rt,
mabalako,2026-09-09,1.361,1.082,1.709,1.234,1.495,rt,
mabalako,2026-09-10,1.348,1.071,1.696,1.224,1.483,rt,
mabalako,2026-09-11,1.343,1.07,1.687,1.225,1.489,rt,
mabalako,2026-09-12,1.343,1.062,1.701,1.223,1.488,rt,
mabalako,2026-09-13,1.347,1.048,1.721,1.215,1.498,rt,
mabalako,2026-09-14,1.37,1.043,1.796,1.229,1.533,rt,
mabalako,2026-09-15,1.394,1.069,1.808,1.247,1.541,rt,
mabalako,2026-09-16,1.414,1.08,1.832,1.258,1.564,rt,
mabalako,2026-09-17,1.429,1.086,1.853,1.275,1.587,rt,
mabalako,2026-09-18,1.437,1.084,1.867,1.274,1.596,rt,
mabalako,2026-09-19,1.449,1.077,1.899,1.272,1.614,rt,
mabalako,2026-09-20,1.45,1.062,1.944,1.264,1.631,rt,
mabalako,2026-09-21,1.453,1.039,1.986,1.259,1.653,rt,
mabalako,2026-09-22,1.458,1.039,1.989,1.253,1.655,rt,
mabalako,2026-09-23,1.452,1.027,2.009,1.251,1.658,rt,
mabalako,2026-09-24,1.454,1.008,2.018,1.244,1.673,rt,
mabalako,2026-09-25,1.455,0.993,2.049,1.241,1.684,rt,
mabalako,2026-09-26,1.458,0.97,2.109,1.243,1.699,rt,
mabalako,2026-09-27,1.464,0.949,2.161,1.234,1.715,rt,
mabalako,2026-09-28,1.445,0.907,2.172,1.203,1.706,rt,
mabalako,2026-09-29,1.432,0.903,2.148,1.192,1.697,rt,
mabalako,2026-09-30,1.42,0.891,2.136,1.182,1.686,rt,
mabalako,2026-10-01,1.407,0.873,2.108,1.157,1.673,rt,
mabalako,2026-10-02,1.402,0.857,2.11,1.156,1.661,rt,
mabalako,2026-10-03,1.396,0.844,2.152,1.139,1.679,rt,
mabalako,2026-10-04,1.386,0.832,2.201,1.127,1.685,rt,
mabalako,2026-10-05,1.368,0.795,2.22,1.102,1.678,rt,
mabalako,2026-10-06,1.322,0.741,2.177,1.038,1.61,rt,
manguredjipa,2026-08-19,1.516,1.336,1.736,1.44,1.595,rt,
manguredjipa,2026-08-20,1.523,1.334,1.749,1.441,1.603,rt,
manguredjipa,2026-08-21,1.506,1.334,1.725,1.431,1.586,rt,
manguredjipa,2026-08-22,1.492,1.325,1.7,1.419,1.567,rt,
manguredjipa,2026-08-23,1.473,1.315,1.68,1.403,1.553,rt,
manguredjipa,2026-08-24,1.45,1.29,1.657,1.379,1.529,rt,
manguredjipa,2026-08-25,1.423,1.262,1.628,1.351,1.5,rt,
manguredjipa,2026-08-26,1.394,1.233,1.603,1.324,1.473,rt,
manguredjipa,2026-08-27,1.364,1.203,1.574,1.296,1.446,rt,
manguredjipa,2026-08-28,1.329,1.177,1.524,1.265,1.403,rt,
manguredjipa,2026-08-29,1.294,1.149,1.48,1.233,1.363,rt,
manguredjipa,2026-08-30,1.26,1.117,1.44,1.197,1.325,rt,
manguredjipa,2026-08-31,1.202,1.06,1.378,1.142,1.266,rt,
manguredjipa,2026-09-01,1.152,1.02,1.315,1.095,1.214,rt,
manguredjipa,2026-09-02,1.108,0.978,1.265,1.055,1.166,rt,
manguredjipa,2026-09-03,1.067,0.938,1.223,1.013,1.126,rt,
manguredjipa,2026-09-04,1.029,0.906,1.169,0.979,1.082,rt,
manguredjipa,2026-09-05,0.995,0.874,1.123,0.947,1.045,rt,
manguredjipa,2026-09-06,0.962,0.841,1.094,0.913,1.011,rt,
manguredjipa,2026-09-07,0.945,0.822,1.079,0.893,0.999,rt,
manguredjipa,2026-09-08,0.938,0.817,1.076,0.887,0.992,rt,
manguredjipa,2026-09-09,0.93,0.81,1.07,0.879,0.987,rt,
manguredjipa,2026-09-10,0.925,0.804,1.069,0.871,0.983,rt,
manguredjipa,2026-09-11,0.925,0.812,1.06,0.876,0.982,rt,
manguredjipa,2026-09-12,0.928,0.817,1.057,0.878,0.984,rt,
manguredjipa,2026-09-13,0.929,0.815,1.065,0.879,0.984,rt,
manguredjipa,2026-09-14,0.951,0.828,1.091,0.896,1.01,rt,
manguredjipa,2026-09-15,0.972,0.842,1.123,0.915,1.032,rt,
manguredjipa,2026-09-16,0.992,0.857,1.153,0.932,1.052,rt,
manguredjipa,2026-09-17,1.015,0.864,1.185,0.948,1.077,rt,
manguredjipa,2026-09-18,1.024,0.871,1.202,0.957,1.094,rt,
manguredjipa,2026-09-19,1.036,0.873,1.228,0.967,1.112,rt,
manguredjipa,2026-09-20,1.049,0.871,1.263,0.973,1.129,rt,
manguredjipa,2026-09-21,1.062,0.865,1.297,0.977,1.152,rt,
manguredjipa,2026-09-22,1.071,0.86,1.318,0.978,1.168,rt,
manguredjipa,2026-09-23,1.077,0.857,1.347,0.979,1.185,rt,
manguredjipa,2026-09-24,1.087,0.851,1.375,0.983,1.202,rt,
manguredjipa,2026-09-25,1.097,0.856,1.399,0.988,1.221,rt,
manguredjipa,2026-09-26,1.109,0.849,1.427,0.995,1.242,rt,
manguredjipa,2026-09-27,1.117,0.842,1.457,0.998,1.26,rt,
manguredjipa,2026-09-28,1.11,0.826,1.475,0.987,1.259,rt,
manguredjipa,2026-09-29,1.104,0.81,1.481,0.978,1.258,rt,
manguredjipa,2026-09-30,1.099,0.796,1.483,0.974,1.261,rt,
manguredjipa,2026-10-01,1.097,0.781,1.492,0.964,1.258,rt,
manguredjipa,2026-10-02,1.103,0.78,1.52,0.955,1.267,rt,
manguredjipa,2026-10-03,1.105,0.761,1.559,0.947,1.284,rt,
manguredjipa,2026-10-04,1.105,0.735,1.6,0.942,1.296,rt,
manguredjipa,2026-10-05,1.094,0.714,1.636,0.924,1.299,rt,
manguredjipa,2026-10-06,1.08,0.716,1.591,0.917,1.277,rt,
masereka,2026-07-31,1.358,1.086,1.688,1.245,1.474,rt,
masereka,2026-08-01,1.363,1.093,1.702,1.254,1.487,rt,
masereka,2026-08-02,1.377,1.09,1.732,1.261,1.503,rt,
masereka,2026-08-03,1.383,1.079,1.778,1.261,1.521,rt,
masereka,2026-08-04,1.4,1.108,1.776,1.283,1.529,rt,
masereka,2026-08-05,1.419,1.137,1.777,1.301,1.548,rt,
masereka,2026-08-06,1.439,1.154,1.807,1.319,1.573,rt,
masereka,2026-08-07,1.463,1.183,1.836,1.347,1.596,rt,
masereka,2026-08-08,1.493,1.202,1.885,1.367,1.627,rt,
masereka,2026-08-09,1.518,1.211,1.94,1.375,1.665,rt,
masereka,2026-08-10,1.538,1.211,1.991,1.38,1.691,rt,
masereka,2026-08-11,1.557,1.25,1.977,1.413,1.716,rt,
masereka,2026-08-12,1.583,1.274,1.976,1.44,1.742,rt,
masereka,2026-08-13,1.602,1.295,1.999,1.463,1.763,rt,
masereka,2026-08-14,1.627,1.313,2.043,1.479,1.774,rt,
masereka,2026-08-15,1.645,1.319,2.079,1.488,1.801,rt,
masereka,2026-08-16,1.662,1.325,2.127,1.501,1.829,rt,
masereka,2026-08-17,1.679,1.311,2.2,1.518,1.866,rt,
masereka,2026-08-18,1.68,1.333,2.167,1.524,1.863,rt,
masereka,2026-08-19,1.682,1.341,2.146,1.525,1.859,rt,
masereka,2026-08-20,1.681,1.346,2.145,1.524,1.861,rt,
masereka,2026-08-21,1.657,1.326,2.126,1.505,1.832,rt,
masereka,2026-08-22,1.629,1.3,2.113,1.481,1.81,rt,
masereka,2026-08-23,1.611,1.27,2.122,1.456,1.79,rt,
masereka,2026-08-24,1.584,1.227,2.124,1.419,1.77,rt,
masereka,2026-08-25,1.527,1.203,2.014,1.376,1.709,rt,
masereka,2026-08-26,1.478,1.166,1.928,1.336,1.646,rt,
masereka,2026-08-27,1.433,1.133,1.863,1.299,1.589,rt,
masereka,2026-08-28,1.376,1.091,1.781,1.243,1.52,rt,
masereka,2026-08-29,1.323,1.045,1.724,1.194,1.468,rt,
masereka,2026-08-30,1.275,0.989,1.67,1.145,1.417,rt,
masereka,2026-08-31,1.202,0.911,1.601,1.076,1.344,rt,
masereka,2026-09-01,1.146,0.883,1.51,1.032,1.273,rt,
masereka,2026-09-02,1.097,0.843,1.432,0.988,1.214,rt,
masereka,2026-09-03,1.051,0.8,1.37,0.946,1.163,rt,
masereka,2026-09-04,1.009,0.763,1.302,0.91,1.114,rt,
masereka,2026-09-05,0.968,0.73,1.253,0.874,1.073,rt,
masereka,2026-09-06,0.935,0.694,1.22,0.832,1.038,rt,
masereka,2026-09-07,0.913,0.665,1.221,0.802,1.024,rt,
masereka,2026-09-08,0.913,0.665,1.204,0.806,1.021,rt,
masereka,2026-09-09,0.91,0.673,1.205,0.809,1.022,rt,
masereka,2026-09-10,0.909,0.674,1.214,0.811,1.027,rt,
masereka,2026-09-11,0.917,0.68,1.217,0.815,1.034,rt,
masereka,2026-09-12,0.927,0.686,1.241,0.827,1.042,rt,
masereka,2026-09-13,0.935,0.684,1.271,0.827,1.06,rt,
masereka,2026-09-14,0.962,0.69,1.334,0.848,1.1,rt,
masereka,2026-09-15,0.991,0.726,1.364,0.878,1.121,rt,
masereka,2026-09-16,1.022,0.747,1.388,0.911,1.151,rt,
masereka,2026-09-17,1.05,0.762,1.435,0.935,1.186,rt,
masereka,2026-09-18,1.074,0.777,1.482,0.948,1.211,rt,
masereka,2026-09-19,1.095,0.781,1.536,0.963,1.244,rt,
masereka,2026-09-20,1.113,0.776,1.6,0.972,1.281,rt,
masereka,2026-09-21,1.132,0.782,1.667,0.98,1.322,rt,
masereka,2026-09-22,1.147,0.787,1.696,0.99,1.338,rt,
masereka,2026-09-23,1.158,0.788,1.719,0.997,1.353,rt,
masereka,2026-09-24,1.167,0.788,1.754,1.002,1.381,rt,
masereka,2026-09-25,1.185,0.8,1.824,1.009,1.406,rt,
masereka,2026-09-26,1.194,0.791,1.857,1.015,1.433,rt,
masereka,2026-09-27,1.211,0.78,1.902,1.012,1.456,rt,
masereka,2026-09-28,1.203,0.755,1.946,0.998,1.454,rt,
masereka,2026-09-29,1.192,0.745,1.94,0.99,1.448,rt,
masereka,2026-09-30,1.185,0.734,1.946,0.98,1.447,rt,
masereka,2026-10-01,1.184,0.716,1.943,0.971,1.44,rt,
masereka,2026-10-02,1.189,0.715,1.957,0.969,1.458,rt,
masereka,2026-10-03,1.189,0.701,1.99,0.962,1.474,rt,
masereka,2026-10-04,1.187,0.68,2.055,0.945,1.491,rt,
masereka,2026-10-05,1.176,0.644,2.097,0.927,1.499,rt,
masereka,2026-10-06,1.16,0.622,2.115,0.892,1.479,rt,
musienene,2026-06-17,1.908,1.456,2.583,1.706,2.149,rt,
musienene,2026-06-18,1.895,1.456,2.533,1.691,2.12,rt,
musienene,2026-06-19,1.874,1.456,2.49,1.688,2.095,rt,
musienene,2026-06-20,1.86,1.439,2.455,1.676,2.076,rt,
musienene,2026-06-21,1.845,1.418,2.461,1.658,2.066,rt,
musienene,2026-06-22,1.828,1.396,2.473,1.643,2.055,rt,
musienene,2026-06-23,1.82,1.405,2.423,1.639,2.026,rt,
musienene,2026-06-24,1.805,1.4,2.383,1.626,2.001,rt,
musienene,2026-06-25,1.79,1.398,2.334,1.608,1.979,rt,
musienene,2026-06-26,1.783,1.399,2.291,1.604,1.969,rt,
musienene,2026-06-27,1.768,1.4,2.292,1.598,1.962,rt,
musienene,2026-06-28,1.756,1.379,2.306,1.589,1.95,rt,
musienene,2026-06-29,1.738,1.348,2.303,1.564,1.949,rt,
musienene,2026-06-30,1.711,1.337,2.238,1.553,1.904,rt,
musienene,2026-07-01,1.685,1.332,2.148,1.533,1.871,rt,
musienene,2026-07-02,1.658,1.32,2.085,1.517,1.832,rt,
musienene,2026-07-03,1.628,1.308,2.043,1.487,1.797,rt,
musienene,2026-07-04,1.598,1.262,2.018,1.454,1.752,rt,
musienene,2026-07-05,1.567,1.229,1.977,1.418,1.726,rt,
musienene,2026-07-06,1.541,1.198,1.969,1.39,1.715,rt,
musienene,2026-07-07,1.51,1.195,1.902,1.372,1.671,rt,
musienene,2026-07-08,1.476,1.177,1.849,1.349,1.636,rt,
musienene,2026-07-09,1.451,1.162,1.825,1.329,1.599,rt,
musienene,2026-07-10,1.426,1.145,1.79,1.306,1.567,rt,
musienene,2026-07-11,1.404,1.114,1.752,1.279,1.539,rt,
musienene,2026-07-12,1.382,1.08,1.74,1.247,1.515,rt,
musienene,2026-07-13,1.347,1.041,1.742,1.214,1.493,rt,
musienene,2026-07-14,1.326,1.037,1.674,1.201,1.457,rt,
musienene,2026-07-15,1.305,1.026,1.62,1.184,1.42,rt,
musienene,2026-07-16,1.28,1.01,1.589,1.167,1.393,rt,
musienene,2026-07-17,1.258,0.999,1.549,1.155,1.364,rt,
musienene,2026-07-18,1.235,0.978,1.52,1.133,1.342,rt,
musienene,2026-07-19,1.209,0.958,1.505,1.113,1.324,rt,
musienene,2026-07-20,1.189,0.921,1.496,1.083,1.31,rt,
musienene,2026-07-21,1.175,0.93,1.46,1.078,1.288,rt,
musienene,2026-07-22,1.162,0.932,1.433,1.066,1.27,rt,
musienene,2026-07-23,1.149,0.922,1.417,1.058,1.257,rt,
musienene,2026-07-24,1.14,0.921,1.394,1.048,1.24,rt,
musienene,2026-07-25,1.126,0.908,1.382,1.037,1.231,rt,
musienene,2026-07-26,1.116,0.892,1.381,1.022,1.222,rt,
musienene,2026-07-27,1.115,0.871,1.394,1.013,1.228,rt,
musienene,2026-07-28,1.12,0.886,1.377,1.024,1.222,rt,
musienene,2026-07-29,1.122,0.901,1.362,1.031,1.219,rt,
musienene,2026-07-30,1.126,0.907,1.357,1.036,1.221,rt,
musienene,2026-07-31,1.13,0.914,1.354,1.037,1.222,rt,
musienene,2026-08-01,1.129,0.912,1.367,1.039,1.223,rt,
musienene,2026-08-02,1.13,0.902,1.381,1.036,1.227,rt,
musienene,2026-08-03,1.128,0.883,1.395,1.027,1.237,rt,
musienene,2026-08-04,1.132,0.906,1.379,1.039,1.23,rt,
musienene,2026-08-05,1.139,0.918,1.37,1.047,1.228,rt,
musienene,2026-08-06,1.142,0.927,1.383,1.054,1.235,rt,
musienene,2026-08-07,1.152,0.941,1.386,1.066,1.246,rt,
musienene,2026-08-08,1.163,0.952,1.402,1.076,1.261,rt,
musienene,2026-08-09,1.176,0.943,1.434,1.077,1.277,rt,
musienene,2026-08-10,1.179,0.939,1.456,1.074,1.29,rt,
musienene,2026-08-11,1.183,0.961,1.443,1.084,1.288,rt,
musienene,2026-08-12,1.191,0.967,1.438,1.093,1.291,rt,
musienene,2026-08-13,1.196,0.974,1.436,1.096,1.292,rt,
musienene,2026-08-14,1.196,0.983,1.437,1.105,1.294,rt,
musienene,2026-08-15,1.194,0.979,1.449,1.108,1.294,rt,
musienene,2026-08-16,1.196,0.971,1.473,1.103,1.299,rt,
musienene,2026-08-17,1.198,0.955,1.515,1.098,1.309,rt,
musienene,2026-08-18,1.194,0.972,1.492,1.097,1.298,rt,
musienene,2026-08-19,1.187,0.972,1.465,1.09,1.293,rt,
musienene,2026-08-20,1.184,0.971,1.452,1.084,1.285,rt,
musienene,2026-08-21,1.163,0.953,1.409,1.064,1.261,rt,
musienene,2026-08-22,1.14,0.927,1.394,1.044,1.239,rt,
musienene,2026-08-23,1.117,0.898,1.396,1.019,1.221,rt,
musienene,2026-08-24,1.089,0.861,1.388,0.987,1.201,rt,
musienene,2026-08-25,1.055,0.842,1.324,0.959,1.156,rt,
musienene,2026-08-26,1.019,0.816,1.27,0.932,1.114,rt,
musienene,2026-08-27,0.986,0.786,1.216,0.902,1.078,rt,
musienene,2026-08-28,0.949,0.757,1.165,0.867,1.035,rt,
musienene,2026-08-29,0.916,0.716,1.123,0.829,0.998,rt,
musienene,2026-08-30,0.881,0.673,1.093,0.793,0.969,rt,
musienene,2026-08-31,0.834,0.618,1.051,0.739,0.921,rt,
musienene,2026-09-01,0.799,0.603,0.999,0.713,0.878,rt,
musienene,2026-09-02,0.769,0.584,0.957,0.691,0.84,rt,
musienene,2026-09-03,0.738,0.568,0.915,0.668,0.808,rt,
musienene,2026-09-04,0.712,0.545,0.88,0.644,0.782,rt,
musienene,2026-09-05,0.689,0.526,0.857,0.62,0.758,rt,
musienene,2026-09-06,0.667,0.496,0.847,0.594,0.739,rt,
musienene,2026-09-07,0.658,0.474,0.854,0.577,0.734,rt,
musienene,2026-09-08,0.662,0.49,0.857,0.587,0.739,rt,
musienene,2026-09-09,0.667,0.5,0.866,0.598,0.744,rt,
musienene,2026-09-10,0.673,0.508,0.871,0.605,0.755,rt,
musienene,2026-09-11,0.689,0.521,0.891,0.615,0.768,rt,
musienene,2026-09-12,0.704,0.528,0.916,0.625,0.786,rt,
musienene,2026-09-13,0.719,0.531,0.956,0.633,0.804,rt,
musienene,2026-09-14,0.746,0.539,1.016,0.653,0.844,rt,
musienene,2026-09-15,0.776,0.564,1.05,0.678,0.872,rt,
musienene,2026-09-16,0.805,0.586,1.082,0.708,0.905,rt,
musienene,2026-09-17,0.834,0.603,1.13,0.73,0.944,rt,
musienene,2026-09-18,0.856,0.616,1.175,0.752,0.978,rt,
musienene,2026-09-19,0.877,0.624,1.213,0.766,1.007,rt,
musienene,2026-09-20,0.897,0.627,1.283,0.782,1.046,rt,
musienene,2026-09-21,0.924,0.635,1.365,0.798,1.085,rt,
musienene,2026-09-22,0.937,0.642,1.392,0.806,1.1,rt,
musienene,2026-09-23,0.955,0.639,1.425,0.818,1.118,rt,
musienene,2026-09-24,0.97,0.641,1.452,0.824,1.133,rt,
musienene,2026-09-25,0.985,0.643,1.486,0.836,1.153,rt,
musienene,2026-09-26,0.99,0.638,1.539,0.844,1.183,rt,
musienene,2026-09-27,1.004,0.639,1.594,0.852,1.215,rt,
musienene,2026-09-28,1.005,0.624,1.632,0.844,1.226,rt,
musienene,2026-09-29,1.003,0.62,1.613,0.843,1.226,rt,
musienene,2026-09-30,1.007,0.609,1.615,0.833,1.226,rt,
musienene,2026-10-01,1.002,0.596,1.619,0.831,1.217,rt,
musienene,2026-10-02,1.012,0.59,1.661,0.828,1.24,rt,
musienene,2026-10-03,1.015,0.591,1.723,0.819,1.258,rt,
musienene,2026-10-04,1.02,0.57,1.758,0.814,1.277,rt,
musienene,2026-10-05,1.014,0.546,1.815,0.796,1.294,rt,
musienene,2026-10-06,1.02,0.544,1.81,0.789,1.29,rt,
mutwanga,2026-08-17,1.565,1.403,1.774,1.495,1.645,rt,
mutwanga,2026-08-18,1.575,1.403,1.79,1.499,1.653,rt,
mutwanga,2026-08-19,1.581,1.401,1.809,1.503,1.659,rt,
mutwanga,2026-08-20,1.586,1.398,1.83,1.501,1.668,rt,
mutwanga,2026-08-21,1.569,1.394,1.799,1.491,1.648,rt,
mutwanga,2026-08-22,1.555,1.386,1.769,1.478,1.632,rt,
mutwanga,2026-08-23,1.54,1.374,1.747,1.464,1.617,rt,
mutwanga,2026-08-24,1.517,1.35,1.727,1.439,1.593,rt,
mutwanga,2026-08-25,1.489,1.323,1.7,1.412,1.567,rt,
mutwanga,2026-08-26,1.46,1.294,1.673,1.385,1.54,rt,
mutwanga,2026-08-27,1.431,1.261,1.651,1.359,1.512,rt,
mutwanga,2026-08-28,1.396,1.24,1.597,1.33,1.474,rt,
mutwanga,2026-08-29,1.361,1.215,1.555,1.299,1.433,rt,
mutwanga,2026-08-30,1.329,1.184,1.514,1.263,1.395,rt,
mutwanga,2026-08-31,1.272,1.126,1.46,1.207,1.336,rt,
mutwanga,2026-09-01,1.221,1.083,1.403,1.162,1.284,rt,
mutwanga,2026-09-02,1.174,1.035,1.35,1.119,1.238,rt,
mutwanga,2026-09-03,1.131,0.995,1.304,1.075,1.196,rt,
mutwanga,2026-09-04,1.092,0.967,1.247,1.044,1.152,rt,
mutwanga,2026-09-05,1.057,0.938,1.202,1.009,1.114,rt,
mutwanga,2026-09-06,1.023,0.902,1.163,0.974,1.08,rt,
mutwanga,2026-09-07,1.007,0.879,1.154,0.955,1.066,rt,
mutwanga,2026-09-08,1.001,0.876,1.148,0.947,1.057,rt,
mutwanga,2026-09-09,0.993,0.868,1.143,0.939,1.053,rt,
mutwanga,2026-09-10,0.986,0.857,1.142,0.928,1.05,rt,
mutwanga,2026-09-11,0.986,0.866,1.13,0.935,1.047,rt,
mutwanga,2026-09-12,0.987,0.87,1.131,0.937,1.046,rt,
mutwanga,2026-09-13,0.989,0.87,1.134,0.937,1.05,rt,
mutwanga,2026-09-14,1.009,0.883,1.165,0.954,1.072,rt,
mutwanga,2026-09-15,1.033,0.896,1.189,0.973,1.097,rt,
mutwanga,2026-09-16,1.054,0.907,1.218,0.99,1.121,rt,
mutwanga,2026-09-17,1.072,0.919,1.247,1.005,1.143,rt,
mutwanga,2026-09-18,1.083,0.922,1.266,1.015,1.16,rt,
mutwanga,2026-09-19,1.095,0.923,1.297,1.023,1.178,rt,
mutwanga,2026-09-20,1.109,0.925,1.32,1.024,1.197,rt,
mutwanga,2026-09-21,1.121,0.922,1.358,1.028,1.22,rt,
mutwanga,2026-09-22,1.13,0.913,1.387,1.033,1.234,rt,
mutwanga,2026-09-23,1.137,0.907,1.415,1.036,1.253,rt,
mutwanga,2026-09-24,1.145,0.903,1.439,1.04,1.271,rt,
mutwanga,2026-09-25,1.158,0.9,1.468,1.044,1.29,rt,
mutwanga,2026-09-26,1.166,0.896,1.497,1.046,1.306,rt,
mutwanga,2026-09-27,1.176,0.883,1.541,1.053,1.323,rt,
mutwanga,2026-09-28,1.167,0.867,1.548,1.038,1.321,rt,
mutwanga,2026-09-29,1.162,0.852,1.558,1.03,1.322,rt,
mutwanga,2026-09-30,1.159,0.835,1.559,1.023,1.324,rt,
mutwanga,2026-10-01,1.156,0.823,1.563,1.012,1.323,rt,
mutwanga,2026-10-02,1.157,0.812,1.588,1.01,1.331,rt,
mutwanga,2026-10-03,1.158,0.8,1.633,0.998,1.342,rt,
mutwanga,2026-10-04,1.16,0.785,1.686,0.991,1.356,rt,
mutwanga,2026-10-05,1.149,0.758,1.717,0.975,1.357,rt,
mutwanga,2026-10-06,1.14,0.769,1.668,0.977,1.335,rt,
oicha,2026-08-06,1.503,1.155,1.943,1.351,1.665,rt,
oicha,2026-08-07,1.527,1.192,1.951,1.375,1.687,rt,
oicha,2026-08-08,1.551,1.198,1.98,1.399,1.721,rt,
oicha,2026-08-09,1.574,1.204,2.041,1.414,1.759,rt,
oicha,2026-08-10,1.596,1.195,2.103,1.425,1.783,rt,
oicha,2026-08-11,1.624,1.224,2.084,1.458,1.793,rt,
oicha,2026-08-12,1.656,1.259,2.077,1.484,1.816,rt,
oicha,2026-08-13,1.675,1.288,2.107,1.512,1.832,rt,
oicha,2026-08-14,1.696,1.322,2.133,1.531,1.848,rt,
oicha,2026-08-15,1.721,1.341,2.158,1.547,1.88,rt,
oicha,2026-08-16,1.741,1.345,2.218,1.559,1.92,rt,
oicha,2026-08-17,1.762,1.333,2.282,1.565,1.969,rt,
oicha,2026-08-18,1.798,1.382,2.323,1.606,1.992,rt,
oicha,2026-08-19,1.827,1.424,2.344,1.644,2.016,rt,
oicha,2026-08-20,1.857,1.44,2.365,1.674,2.052,rt,
oicha,2026-08-21,1.863,1.46,2.364,1.694,2.055,rt,
oicha,2026-08-22,1.87,1.444,2.394,1.7,2.072,rt,
oicha,2026-08-23,1.876,1.432,2.437,1.702,2.086,rt,
oicha,2026-08-24,1.874,1.422,2.504,1.686,2.096,rt,
oicha,2026-08-25,1.87,1.465,2.45,1.701,2.082,rt,
oicha,2026-08-26,1.871,1.494,2.438,1.709,2.073,rt,
oicha,2026-08-27,1.876,1.502,2.446,1.716,2.079,rt,
oicha,2026-08-28,1.869,1.503,2.424,1.706,2.053,rt,
oicha,2026-08-29,1.863,1.49,2.431,1.688,2.047,rt,
oicha,2026-08-30,1.848,1.461,2.452,1.665,2.05,rt,
oicha,2026-08-31,1.802,1.41,2.429,1.616,2.014,rt,
oicha,2026-09-01,1.736,1.382,2.287,1.571,1.936,rt,
oicha,2026-09-02,1.679,1.349,2.18,1.525,1.864,rt,
oicha,2026-09-03,1.626,1.297,2.086,1.474,1.802,rt,
oicha,2026-09-04,1.576,1.254,2.008,1.431,1.742,rt,
oicha,2026-09-05,1.535,1.205,1.955,1.386,1.695,rt,
oicha,2026-09-06,1.489,1.16,1.925,1.34,1.655,rt,
oicha,2026-09-07,1.468,1.121,1.929,1.308,1.649,rt,
oicha,2026-09-08,1.428,1.094,1.873,1.28,1.591,rt,
oicha,2026-09-09,1.387,1.07,1.807,1.251,1.542,rt,
oicha,2026-09-10,1.35,1.041,1.757,1.209,1.495,rt,
oicha,2026-09-11,1.324,1.017,1.715,1.186,1.465,rt,
oicha,2026-09-12,1.299,0.995,1.677,1.16,1.44,rt,
oicha,2026-09-13,1.272,0.962,1.662,1.129,1.419,rt,
oicha,2026-09-14,1.272,0.941,1.695,1.121,1.43,rt,
oicha,2026-09-15,1.265,0.952,1.684,1.125,1.422,rt,
oicha,2026-09-16,1.254,0.953,1.675,1.122,1.412,rt,
oicha,2026-09-17,1.25,0.937,1.67,1.116,1.411,rt,
oicha,2026-09-18,1.24,0.925,1.664,1.097,1.396,rt,
oicha,2026-09-19,1.228,0.892,1.659,1.077,1.39,rt,
oicha,2026-09-20,1.212,0.854,1.678,1.056,1.378,rt,
oicha,2026-09-21,1.202,0.819,1.694,1.032,1.381,rt,
oicha,2026-09-22,1.199,0.816,1.699,1.032,1.378,rt,
oicha,2026-09-23,1.203,0.817,1.73,1.033,1.39,rt,
oicha,2026-09-24,1.207,0.817,1.756,1.031,1.398,rt,
oicha,2026-09-25,1.207,0.811,1.782,1.032,1.414,rt,
oicha,2026-09-26,1.213,0.791,1.814,1.025,1.425,rt,
oicha,2026-09-27,1.217,0.768,1.844,1.019,1.442,rt,
oicha,2026-09-28,1.197,0.741,1.875,0.997,1.432,rt,
oicha,2026-09-29,1.193,0.731,1.865,0.985,1.43,rt,
oicha,2026-09-30,1.188,0.723,1.863,0.98,1.419,rt,
oicha,2026-10-01,1.175,0.71,1.858,0.971,1.414,rt,
oicha,2026-10-02,1.181,0.696,1.898,0.965,1.42,rt,
oicha,2026-10-03,1.183,0.688,1.955,0.95,1.437,rt,
oicha,2026-10-04,1.185,0.672,2.019,0.938,1.468,rt,
oicha,2026-10-05,1.178,0.655,2.082,0.918,1.478,rt,
oicha,2026-10-06,1.144,0.616,2.043,0.897,1.457,rt,
vuhovi,2026-08-06,1.597,1.327,1.928,1.477,1.727,rt,
vuhovi,2026-08-07,1.615,1.353,1.953,1.497,1.744,rt,
vuhovi,2026-08-08,1.63,1.365,1.984,1.513,1.765,rt,
vuhovi,2026-08-09,1.65,1.366,2.029,1.526,1.794,rt,
vuhovi,2026-08-10,1.662,1.363,2.065,1.526,1.81,rt,
vuhovi,2026-08-11,1.682,1.38,2.063,1.546,1.83,rt,
vuhovi,2026-08-12,1.698,1.399,2.079,1.561,1.845,rt,
vuhovi,2026-08-13,1.716,1.413,2.114,1.575,1.871,rt,
vuhovi,2026-08-14,1.731,1.423,2.131,1.586,1.878,rt,
vuhovi,2026-08-15,1.743,1.426,2.149,1.598,1.891,rt,
vuhovi,2026-08-16,1.752,1.422,2.187,1.606,1.91,rt,
vuhovi,2026-08-17,1.767,1.425,2.241,1.611,1.939,rt,
vuhovi,2026-08-18,1.783,1.441,2.24,1.63,1.948,rt,
vuhovi,2026-08-19,1.796,1.449,2.245,1.641,1.96,rt,
vuhovi,2026-08-20,1.802,1.456,2.265,1.647,1.968,rt,
vuhovi,2026-08-21,1.789,1.451,2.248,1.633,1.952,rt,
vuhovi,2026-08-22,1.772,1.443,2.226,1.62,1.942,rt,
vuhovi,2026-08-23,1.761,1.426,2.221,1.6,1.929,rt,
vuhovi,2026-08-24,1.728,1.393,2.227,1.569,1.911,rt,
vuhovi,2026-08-25,1.688,1.369,2.16,1.538,1.864,rt,
vuhovi,2026-08-26,1.65,1.334,2.106,1.51,1.821,rt,
vuhovi,2026-08-27,1.614,1.303,2.06,1.474,1.773,rt,
vuhovi,2026-08-28,1.564,1.272,1.981,1.436,1.713,rt,
vuhovi,2026-08-29,1.519,1.236,1.93,1.395,1.658,rt,
vuhovi,2026-08-30,1.474,1.193,1.872,1.344,1.615,rt,
vuhovi,2026-08-31,1.4,1.118,1.806,1.273,1.543,rt,
vuhovi,2026-09-01,1.336,1.074,1.695,1.221,1.466,rt,
vuhovi,2026-09-02,1.276,1.028,1.607,1.167,1.4,rt,
vuhovi,2026-09-03,1.219,0.982,1.526,1.115,1.336,rt,
vuhovi,2026-09-04,1.168,0.945,1.458,1.074,1.281,rt,
vuhovi,2026-09-05,1.122,0.899,1.396,1.031,1.232,rt,
vuhovi,2026-09-06,1.076,0.849,1.346,0.988,1.182,rt,
vuhovi,2026-09-07,1.048,0.818,1.328,0.959,1.159,rt,
vuhovi,2026-09-08,1.037,0.819,1.298,0.95,1.138,rt,
vuhovi,2026-09-09,1.026,0.808,1.282,0.938,1.125,rt,
vuhovi,2026-09-10,1.012,0.795,1.262,0.928,1.11,rt,
vuhovi,2026-09-11,1.008,0.79,1.25,0.923,1.105,rt,
vuhovi,2026-09-12,1.001,0.792,1.251,0.918,1.099,rt,
vuhovi,2026-09-13,1.0,0.781,1.265,0.909,1.1,rt,
vuhovi,2026-09-14,1.012,0.779,1.305,0.914,1.125,rt,
vuhovi,2026-09-15,1.034,0.793,1.323,0.936,1.142,rt,
vuhovi,2026-09-16,1.054,0.806,1.348,0.952,1.166,rt,
vuhovi,2026-09-17,1.071,0.819,1.386,0.965,1.187,rt,
vuhovi,2026-09-18,1.08,0.822,1.411,0.967,1.2,rt,
vuhovi,2026-09-19,1.091,0.814,1.452,0.972,1.224,rt,
vuhovi,2026-09-20,1.103,0.804,1.489,0.97,1.242,rt,
vuhovi,2026-09-21,1.114,0.798,1.536,0.969,1.269,rt,
vuhovi,2026-09-22,1.117,0.793,1.555,0.981,1.278,rt,
vuhovi,2026-09-23,1.131,0.794,1.58,0.985,1.296,rt,
vuhovi,2026-09-24,1.139,0.793,1.607,0.99,1.315,rt,
vuhovi,2026-09-25,1.151,0.783,1.648,0.993,1.329,rt,
vuhovi,2026-09-26,1.162,0.783,1.687,0.996,1.348,rt,
vuhovi,2026-09-27,1.173,0.771,1.721,0.995,1.368,rt,
vuhovi,2026-09-28,1.169,0.744,1.73,0.979,1.376,rt,
vuhovi,2026-09-29,1.159,0.734,1.738,0.971,1.374,rt,
vuhovi,2026-09-30,1.152,0.726,1.741,0.961,1.366,rt,
vuhovi,2026-10-01,1.141,0.715,1.747,0.953,1.358,rt,
vuhovi,2026-10-02,1.14,0.711,1.754,0.949,1.369,rt,
vuhovi,2026-10-03,1.14,0.687,1.808,0.944,1.392,rt,
vuhovi,2026-10-04,1.138,0.676,1.847,0.933,1.416,rt,
vuhovi,2026-10-05,1.127,0.659,1.878,0.913,1.422,rt,
vuhovi,2026-10-06,1.116,0.66,1.872,0.906,1.373,rt,
boma_mangbetu,2026-07-13,1.681,1.282,2.189,1.505,1.866,rt,
boma_mangbetu,2026-07-14,1.64,1.268,2.114,1.476,1.815,rt,
boma_mangbetu,2026-07-15,1.6,1.234,2.052,1.451,1.768,rt,
boma_mangbetu,2026-07-16,1.56,1.218,2.011,1.419,1.724,rt,
boma_mangbetu,2026-07-17,1.516,1.19,1.943,1.386,1.669,rt,
boma_mangbetu,2026-07-18,1.477,1.161,1.897,1.354,1.631,rt,
boma_mangbetu,2026-07-19,1.45,1.134,1.867,1.314,1.595,rt,
boma_mangbetu,2026-07-20,1.421,1.091,1.859,1.282,1.575,rt,
boma_mangbetu,2026-07-21,1.392,1.073,1.805,1.26,1.537,rt,
boma_mangbetu,2026-07-22,1.363,1.06,1.749,1.234,1.502,rt,
boma_mangbetu,2026-07-23,1.336,1.03,1.707,1.205,1.476,rt,
boma_mangbetu,2026-07-24,1.314,1.018,1.655,1.192,1.451,rt,
boma_mangbetu,2026-07-25,1.291,1.003,1.622,1.171,1.429,rt,
boma_mangbetu,2026-07-26,1.272,0.982,1.603,1.149,1.408,rt,
boma_mangbetu,2026-07-27,1.258,0.96,1.607,1.133,1.389,rt,
boma_mangbetu,2026-07-28,1.237,0.954,1.563,1.117,1.361,rt,
boma_mangbetu,2026-07-29,1.219,0.948,1.538,1.105,1.334,rt,
boma_mangbetu,2026-07-30,1.198,0.929,1.515,1.091,1.31,rt,
boma_mangbetu,2026-07-31,1.174,0.926,1.479,1.073,1.283,rt,
boma_mangbetu,2026-08-01,1.155,0.906,1.448,1.052,1.264,rt,
boma_mangbetu,2026-08-02,1.136,0.88,1.432,1.025,1.248,rt,
boma_mangbetu,2026-08-03,1.12,0.849,1.43,1.005,1.231,rt,
boma_mangbetu,2026-08-04,1.111,0.852,1.417,1.004,1.216,rt,
boma_mangbetu,2026-08-05,1.107,0.853,1.404,1.003,1.208,rt,
boma_mangbetu,2026-08-06,1.101,0.851,1.395,1.0,1.207,rt,
boma_mangbetu,2026-08-07,1.086,0.854,1.36,0.993,1.189,rt,
boma_mangbetu,2026-08-08,1.078,0.849,1.334,0.982,1.181,rt,
boma_mangbetu,2026-08-09,1.071,0.831,1.328,0.968,1.168,rt,
boma_mangbetu,2026-08-10,1.049,0.803,1.318,0.945,1.147,rt,
boma_mangbetu,2026-08-11,1.033,0.8,1.289,0.934,1.127,rt,
boma_mangbetu,2026-08-12,1.017,0.795,1.267,0.921,1.107,rt,
boma_mangbetu,2026-08-13,0.998,0.778,1.254,0.909,1.087,rt,
boma_mangbetu,2026-08-14,0.98,0.777,1.229,0.895,1.072,rt,
boma_mangbetu,2026-08-15,0.966,0.76,1.209,0.881,1.054,rt,
boma_mangbetu,2026-08-16,0.946,0.735,1.191,0.863,1.042,rt,
boma_mangbetu,2026-08-17,0.931,0.71,1.185,0.841,1.03,rt,
boma_mangbetu,2026-08-18,0.92,0.704,1.157,0.833,1.02,rt,
boma_mangbetu,2026-08-19,0.91,0.695,1.143,0.824,1.006,rt,
boma_mangbetu,2026-08-20,0.899,0.688,1.132,0.814,0.995,rt,
boma_mangbetu,2026-08-21,0.893,0.681,1.124,0.809,0.985,rt,
boma_mangbetu,2026-08-22,0.885,0.678,1.115,0.801,0.976,rt,
boma_mangbetu,2026-08-23,0.874,0.666,1.111,0.791,0.971,rt,
boma_mangbetu,2026-08-24,0.886,0.666,1.145,0.794,0.989,rt,
boma_mangbetu,2026-08-25,0.9,0.687,1.154,0.809,1.005,rt,
boma_mangbetu,2026-08-26,0.914,0.706,1.17,0.819,1.018,rt,
boma_mangbetu,2026-08-27,0.93,0.72,1.184,0.827,1.033,rt,
boma_mangbetu,2026-08-28,0.94,0.735,1.184,0.84,1.033,rt,
boma_mangbetu,2026-08-29,0.942,0.738,1.198,0.848,1.039,rt,
boma_mangbetu,2026-08-30,0.949,0.742,1.215,0.853,1.052,rt,
boma_mangbetu,2026-08-31,0.96,0.742,1.237,0.867,1.07,rt,
boma_mangbetu,2026-09-01,0.972,0.757,1.235,0.878,1.073,rt,
boma_mangbetu,2026-09-02,0.981,0.77,1.239,0.886,1.084,rt,
boma_mangbetu,2026-09-03,0.992,0.776,1.256,0.895,1.091,rt,
boma_mangbetu,2026-09-04,0.998,0.782,1.254,0.904,1.095,rt,
boma_mangbetu,2026-09-05,1.001,0.782,1.256,0.911,1.1,rt,
boma_mangbetu,2026-09-06,1.005,0.781,1.272,0.913,1.112,rt,
boma_mangbetu,2026-09-07,1.003,0.769,1.284,0.904,1.114,rt,
boma_mangbetu,2026-09-08,0.995,0.764,1.273,0.896,1.102,rt,
boma_mangbetu,2026-09-09,0.989,0.763,1.267,0.888,1.09,rt,
boma_mangbetu,2026-09-10,0.981,0.755,1.256,0.877,1.089,rt,
boma_mangbetu,2026-09-11,0.971,0.747,1.247,0.867,1.076,rt,
boma_mangbetu,2026-09-12,0.956,0.731,1.246,0.854,1.07,rt,
boma_mangbetu,2026-09-13,0.944,0.716,1.252,0.84,1.06,rt,
boma_mangbetu,2026-09-14,0.928,0.689,1.253,0.819,1.048,rt,
boma_mangbetu,2026-09-15,0.917,0.677,1.228,0.803,1.027,rt,
boma_mangbetu,2026-09-16,0.901,0.661,1.209,0.788,1.011,rt,
boma_mangbetu,2026-09-17,0.881,0.644,1.199,0.771,1.0,rt,
boma_mangbetu,2026-09-18,0.868,0.629,1.193,0.759,0.985,rt,
boma_mangbetu,2026-09-19,0.852,0.612,1.19,0.743,0.969,rt,
boma_mangbetu,2026-09-20,0.835,0.593,1.189,0.723,0.96,rt,
boma_mangbetu,2026-09-21,0.825,0.575,1.194,0.709,0.961,rt,
boma_mangbetu,2026-09-22,0.816,0.566,1.189,0.701,0.954,rt,
boma_mangbetu,2026-09-23,0.804,0.556,1.185,0.691,0.947,rt,
boma_mangbetu,2026-09-24,0.792,0.545,1.179,0.684,0.939,rt,
boma_mangbetu,2026-09-25,0.79,0.537,1.178,0.682,0.939,rt,
boma_mangbetu,2026-09-26,0.791,0.529,1.179,0.671,0.933,rt,
boma_mangbetu,2026-09-27,0.785,0.52,1.197,0.664,0.937,rt,
boma_mangbetu,2026-09-28,0.787,0.512,1.221,0.663,0.948,rt,
boma_mangbetu,2026-09-29,0.793,0.508,1.228,0.662,0.956,rt,
boma_mangbetu,2026-09-30,0.792,0.5,1.241,0.662,0.964,rt,
boma_mangbetu,2026-10-01,0.799,0.496,1.262,0.663,0.975,rt,
boma_mangbetu,2026-10-02,0.809,0.489,1.286,0.672,0.997,rt,
boma_mangbetu,2026-10-03,0.82,0.478,1.362,0.68,1.019,rt,
boma_mangbetu,2026-10-04,0.829,0.468,1.418,0.682,1.038,rt,
boma_mangbetu,2026-10-05,0.841,0.459,1.472,0.68,1.062,rt,
boma_mangbetu,2026-10-06,0.846,0.473,1.427,0.672,1.033,rt,
isiro,2026-07-08,2.763,2.093,3.844,2.466,3.145,rt,
isiro,2026-07-09,2.697,2.056,3.728,2.414,3.076,rt,
isiro,2026-07-10,2.627,2.023,3.59,2.354,2.97,rt,
isiro,2026-07-11,2.562,1.974,3.471,2.289,2.886,rt,
isiro,2026-07-12,2.493,1.918,3.431,2.224,2.808,rt,
isiro,2026-07-13,2.421,1.844,3.356,2.157,2.725,rt,
isiro,2026-07-14,2.332,1.802,3.157,2.089,2.605,rt,
isiro,2026-07-15,2.252,1.752,2.963,2.021,2.509,rt,
isiro,2026-07-16,2.173,1.707,2.83,1.955,2.415,rt,
isiro,2026-07-17,2.078,1.65,2.694,1.893,2.292,rt,
isiro,2026-07-18,1.997,1.604,2.558,1.825,2.208,rt,
isiro,2026-07-19,1.921,1.538,2.482,1.752,2.131,rt,
isiro,2026-07-20,1.862,1.479,2.421,1.685,2.06,rt,
isiro,2026-07-21,1.811,1.458,2.334,1.653,1.993,rt,
isiro,2026-07-22,1.764,1.423,2.252,1.611,1.925,rt,
isiro,2026-07-23,1.711,1.384,2.178,1.566,1.868,rt,
isiro,2026-07-24,1.676,1.367,2.111,1.539,1.816,rt,
isiro,2026-07-25,1.635,1.342,2.042,1.503,1.779,rt,
isiro,2026-07-26,1.599,1.295,2.0,1.464,1.74,rt,
isiro,2026-07-27,1.565,1.247,1.967,1.421,1.711,rt,
isiro,2026-07-28,1.544,1.247,1.905,1.41,1.673,rt,
isiro,2026-07-29,1.513,1.244,1.855,1.392,1.64,rt,
isiro,2026-07-30,1.488,1.228,1.833,1.371,1.614,rt,
isiro,2026-07-31,1.458,1.213,1.808,1.347,1.584,rt,
isiro,2026-08-01,1.425,1.195,1.774,1.326,1.553,rt,
isiro,2026-08-02,1.397,1.162,1.758,1.297,1.533,rt,
isiro,2026-08-03,1.37,1.129,1.756,1.268,1.516,rt,
isiro,2026-08-04,1.331,1.107,1.676,1.232,1.463,rt,
isiro,2026-08-05,1.294,1.075,1.614,1.196,1.415,rt,
isiro,2026-08-06,1.259,1.03,1.558,1.161,1.374,rt,
isiro,2026-08-07,1.212,0.999,1.491,1.127,1.319,rt,
isiro,2026-08-08,1.174,0.965,1.429,1.087,1.27,rt,
isiro,2026-08-09,1.136,0.919,1.388,1.045,1.229,rt,
isiro,2026-08-10,1.084,0.864,1.343,0.991,1.175,rt,
isiro,2026-08-11,1.03,0.829,1.266,0.945,1.12,rt,
isiro,2026-08-12,0.978,0.791,1.197,0.899,1.069,rt,
isiro,2026-08-13,0.933,0.751,1.137,0.858,1.018,rt,
isiro,2026-08-14,0.886,0.716,1.075,0.815,0.97,rt,
isiro,2026-08-15,0.842,0.675,1.026,0.769,0.922,rt,
isiro,2026-08-16,0.801,0.629,0.99,0.726,0.875,rt,
isiro,2026-08-17,0.761,0.58,0.962,0.683,0.84,rt,
isiro,2026-08-18,0.726,0.555,0.916,0.657,0.802,rt,
isiro,2026-08-19,0.69,0.535,0.873,0.629,0.762,rt,
isiro,2026-08-20,0.659,0.506,0.836,0.6,0.729,rt,
isiro,2026-08-21,0.635,0.482,0.796,0.574,0.699,rt,
isiro,2026-08-22,0.611,0.454,0.766,0.546,0.674,rt,
isiro,2026-08-23,0.586,0.427,0.747,0.519,0.649,rt,
isiro,2026-08-24,0.575,0.4,0.739,0.503,0.642,rt,
isiro,2026-08-25,0.564,0.399,0.728,0.495,0.629,rt,
isiro,2026-08-26,0.555,0.395,0.716,0.484,0.618,rt,
isiro,2026-08-27,0.542,0.386,0.702,0.474,0.606,rt,
isiro,2026-08-28,0.529,0.379,0.685,0.462,0.592,rt,
isiro,2026-08-29,0.515,0.364,0.668,0.447,0.58,rt,
isiro,2026-08-30,0.499,0.347,0.662,0.435,0.57,rt,
isiro,2026-08-31,0.489,0.33,0.665,0.425,0.565,rt,
isiro,2026-09-01,0.485,0.332,0.656,0.421,0.557,rt,
isiro,2026-09-02,0.482,0.327,0.65,0.416,0.553,rt,
isiro,2026-09-03,0.476,0.324,0.65,0.414,0.55,rt,
isiro,2026-09-04,0.471,0.313,0.641,0.408,0.545,rt,
isiro,2026-09-05,0.467,0.307,0.634,0.401,0.541,rt,
isiro,2026-09-06,0.464,0.299,0.641,0.394,0.537,rt,
isiro,2026-09-07,0.457,0.282,0.636,0.383,0.529,rt,
isiro,2026-09-08,0.454,0.286,0.631,0.38,0.526,rt,
isiro,2026-09-09,0.454,0.28,0.628,0.379,0.525,rt,
isiro,2026-09-10,0.451,0.277,0.625,0.377,0.525,rt,
isiro,2026-09-11,0.447,0.276,0.619,0.373,0.521,rt,
isiro,2026-09-12,0.443,0.272,0.624,0.371,0.518,rt,
isiro,2026-09-13,0.44,0.265,0.628,0.367,0.52,rt,
isiro,2026-09-14,0.435,0.257,0.638,0.357,0.516,rt,
isiro,2026-09-15,0.428,0.258,0.627,0.356,0.51,rt,
isiro,2026-09-16,0.427,0.254,0.625,0.352,0.507,rt,
isiro,2026-09-17,0.427,0.252,0.626,0.349,0.505,rt,
isiro,2026-09-18,0.423,0.25,0.626,0.345,0.501,rt,
isiro,2026-09-19,0.422,0.243,0.635,0.341,0.505,rt,
isiro,2026-09-20,0.42,0.235,0.641,0.336,0.504,rt,
isiro,2026-09-21,0.42,0.232,0.656,0.331,0.512,rt,
isiro,2026-09-22,0.419,0.232,0.665,0.334,0.513,rt,
isiro,2026-09-23,0.421,0.23,0.667,0.335,0.52,rt,
isiro,2026-09-24,0.422,0.228,0.691,0.337,0.522,rt,
isiro,2026-09-25,0.426,0.23,0.705,0.338,0.53,rt,
isiro,2026-09-26,0.43,0.232,0.719,0.343,0.54,rt,
isiro,2026-09-27,0.435,0.233,0.746,0.344,0.551,rt,
isiro,2026-09-28,0.444,0.235,0.779,0.347,0.568,rt,
isiro,2026-09-29,0.455,0.24,0.794,0.353,0.578,rt,
isiro,2026-09-30,0.465,0.242,0.815,0.359,0.593,rt,
isiro,2026-10-01,0.473,0.248,0.845,0.366,0.605,rt,
isiro,2026-10-02,0.487,0.254,0.867,0.373,0.625,rt,
isiro,2026-10-03,0.503,0.262,0.928,0.376,0.647,rt,
isiro,2026-10-04,0.519,0.264,0.987,0.38,0.671,rt,
isiro,2026-10-05,0.53,0.259,1.053,0.389,0.696,rt,
isiro,2026-10-06,0.568,0.276,1.145,0.426,0.758,rt,
pawa,2026-07-12,1.98,1.486,2.596,1.785,2.201,rt,
pawa,2026-07-13,1.921,1.43,2.541,1.725,2.138,rt,
pawa,2026-07-14,1.857,1.407,2.449,1.681,2.065,rt,
pawa,2026-07-15,1.805,1.373,2.359,1.635,1.993,rt,
pawa,2026-07-16,1.758,1.341,2.284,1.585,1.932,rt,
pawa,2026-07-17,1.699,1.316,2.196,1.54,1.864,rt,
pawa,2026-07-18,1.653,1.282,2.142,1.495,1.815,rt,
pawa,2026-07-19,1.61,1.231,2.102,1.437,1.768,rt,
pawa,2026-07-20,1.57,1.181,2.057,1.395,1.731,rt,
pawa,2026-07-21,1.537,1.176,1.996,1.375,1.698,rt,
pawa,2026-07-22,1.512,1.158,1.948,1.353,1.667,rt,
pawa,2026-07-23,1.477,1.131,1.894,1.326,1.64,rt,
pawa,2026-07-24,1.462,1.123,1.852,1.318,1.61,rt,
pawa,2026-07-25,1.442,1.107,1.815,1.303,1.586,rt,
pawa,2026-07-26,1.425,1.083,1.793,1.281,1.571,rt,
pawa,2026-07-27,1.409,1.047,1.79,1.259,1.563,rt,
pawa,2026-07-28,1.41,1.063,1.759,1.266,1.55,rt,
pawa,2026-07-29,1.409,1.079,1.731,1.268,1.543,rt,
pawa,2026-07-30,1.404,1.087,1.722,1.264,1.541,rt,
pawa,2026-07-31,1.398,1.089,1.706,1.273,1.532,rt,
pawa,2026-08-01,1.394,1.085,1.698,1.274,1.521,rt,
pawa,2026-08-02,1.387,1.084,1.701,1.273,1.521,rt,
pawa,2026-08-03,1.387,1.071,1.724,1.264,1.519,rt,
pawa,2026-08-04,1.404,1.109,1.728,1.287,1.532,rt,
pawa,2026-08-05,1.417,1.127,1.737,1.304,1.544,rt,
pawa,2026-08-06,1.434,1.15,1.751,1.326,1.561,rt,
pawa,2026-08-07,1.445,1.168,1.756,1.338,1.567,rt,
pawa,2026-08-08,1.455,1.177,1.774,1.343,1.578,rt,
pawa,2026-08-09,1.467,1.178,1.799,1.351,1.587,rt,
pawa,2026-08-10,1.456,1.165,1.832,1.34,1.587,rt,
pawa,2026-08-11,1.451,1.175,1.797,1.334,1.578,rt,
pawa,2026-08-12,1.444,1.179,1.788,1.33,1.574,rt,
pawa,2026-08-13,1.433,1.173,1.767,1.321,1.571,rt,
pawa,2026-08-14,1.428,1.169,1.756,1.313,1.556,rt,
pawa,2026-08-15,1.418,1.16,1.769,1.299,1.544,rt,
pawa,2026-08-16,1.403,1.144,1.768,1.287,1.535,rt,
pawa,2026-08-17,1.394,1.126,1.797,1.266,1.531,rt,
pawa,2026-08-18,1.363,1.111,1.753,1.248,1.492,rt,
pawa,2026-08-19,1.333,1.088,1.704,1.223,1.46,rt,
pawa,2026-08-20,1.303,1.062,1.664,1.195,1.426,rt,
pawa,2026-08-21,1.282,1.055,1.622,1.178,1.396,rt,
pawa,2026-08-22,1.257,1.039,1.588,1.162,1.369,rt,
pawa,2026-08-23,1.234,1.014,1.543,1.137,1.345,rt,
pawa,2026-08-24,1.238,1.008,1.558,1.137,1.358,rt,
pawa,2026-08-25,1.233,1.015,1.528,1.134,1.348,rt,
pawa,2026-08-26,1.227,1.008,1.516,1.127,1.336,rt,
pawa,2026-08-27,1.217,0.995,1.509,1.121,1.322,rt,
pawa,2026-08-28,1.196,0.996,1.473,1.114,1.302,rt,
pawa,2026-08-29,1.179,0.984,1.441,1.099,1.283,rt,
pawa,2026-08-30,1.163,0.965,1.427,1.082,1.259,rt,
pawa,2026-08-31,1.156,0.948,1.421,1.066,1.253,rt,
pawa,2026-09-01,1.148,0.944,1.403,1.056,1.243,rt,
pawa,2026-09-02,1.135,0.936,1.396,1.048,1.23,rt,
pawa,2026-09-03,1.123,0.918,1.385,1.037,1.219,rt,
pawa,2026-09-04,1.106,0.912,1.358,1.026,1.203,rt,
pawa,2026-09-05,1.09,0.896,1.337,1.009,1.185,rt,
pawa,2026-09-06,1.077,0.879,1.323,0.994,1.176,rt,
pawa,2026-09-07,1.054,0.851,1.301,0.966,1.156,rt,
pawa,2026-09-08,1.039,0.839,1.287,0.95,1.137,rt,
pawa,2026-09-09,1.025,0.829,1.27,0.935,1.121,rt,
pawa,2026-09-10,1.011,0.814,1.256,0.923,1.102,rt,
pawa,2026-09-11,0.99,0.798,1.223,0.905,1.08,rt,
pawa,2026-09-12,0.972,0.778,1.197,0.887,1.064,rt,
pawa,2026-09-13,0.955,0.758,1.184,0.868,1.049,rt,
pawa,2026-09-14,0.928,0.728,1.164,0.843,1.025,rt,
pawa,2026-09-15,0.908,0.706,1.14,0.82,1.004,rt,
pawa,2026-09-16,0.888,0.684,1.117,0.798,0.985,rt,
pawa,2026-09-17,0.872,0.658,1.107,0.778,0.968,rt,
pawa,2026-09-18,0.85,0.64,1.089,0.757,0.945,rt,
pawa,2026-09-19,0.831,0.617,1.078,0.737,0.926,rt,
pawa,2026-09-20,0.813,0.592,1.077,0.715,0.913,rt,
pawa,2026-09-21,0.802,0.57,1.089,0.695,0.908,rt,
pawa,2026-09-22,0.792,0.558,1.095,0.684,0.902,rt,
pawa,2026-09-23,0.782,0.545,1.098,0.672,0.898,rt,
pawa,2026-09-24,0.772,0.528,1.099,0.661,0.89,rt,
pawa,2026-09-25,0.768,0.52,1.109,0.653,0.892,rt,
pawa,2026-09-26,0.766,0.514,1.119,0.651,0.896,rt,
pawa,2026-09-27,0.758,0.503,1.131,0.645,0.897,rt,
pawa,2026-09-28,0.762,0.491,1.149,0.639,0.905,rt,
pawa,2026-09-29,0.768,0.488,1.16,0.636,0.914,rt,
pawa,2026-09-30,0.771,0.485,1.176,0.636,0.923,rt,
pawa,2026-10-01,0.774,0.481,1.198,0.634,0.927,rt,
pawa,2026-10-02,0.78,0.476,1.244,0.643,0.941,rt,
pawa,2026-10-03,0.794,0.471,1.276,0.647,0.963,rt,
pawa,2026-10-04,0.803,0.455,1.314,0.654,0.985,rt,
pawa,2026-10-05,0.807,0.447,1.375,0.65,1.016,rt,
pawa,2026-10-06,0.811,0.449,1.356,0.65,1.013,rt,
wamba,2026-06-30,2.349,1.822,3.026,2.104,2.612,rt,
wamba,2026-07-01,2.284,1.774,2.931,2.052,2.542,rt,
wamba,2026-07-02,2.22,1.727,2.864,2.003,2.474,rt,
wamba,2026-07-03,2.154,1.698,2.754,1.951,2.381,rt,
wamba,2026-07-04,2.094,1.645,2.667,1.895,2.31,rt,
wamba,2026-07-05,2.038,1.581,2.589,1.838,2.244,rt,
wamba,2026-07-06,1.967,1.504,2.507,1.766,2.172,rt,
wamba,2026-07-07,1.918,1.478,2.442,1.732,2.114,rt,
wamba,2026-07-08,1.878,1.449,2.386,1.696,2.061,rt,
wamba,2026-07-09,1.836,1.426,2.318,1.665,2.016,rt,
wamba,2026-07-10,1.786,1.397,2.234,1.63,1.956,rt,
wamba,2026-07-11,1.745,1.374,2.183,1.596,1.913,rt,
wamba,2026-07-12,1.709,1.334,2.151,1.555,1.869,rt,
wamba,2026-07-13,1.659,1.283,2.119,1.502,1.821,rt,
wamba,2026-07-14,1.627,1.276,2.063,1.479,1.781,rt,
wamba,2026-07-15,1.604,1.261,2.025,1.459,1.753,rt,
wamba,2026-07-16,1.573,1.251,1.98,1.438,1.726,rt,
wamba,2026-07-17,1.545,1.236,1.93,1.416,1.686,rt,
wamba,2026-07-18,1.518,1.223,1.901,1.392,1.654,rt,
wamba,2026-07-19,1.493,1.199,1.875,1.364,1.629,rt,
wamba,2026-07-20,1.476,1.175,1.887,1.343,1.612,rt,
wamba,2026-07-21,1.453,1.17,1.829,1.327,1.581,rt,
wamba,2026-07-22,1.432,1.152,1.792,1.313,1.556,rt,
wamba,2026-07-23,1.413,1.13,1.761,1.292,1.542,rt,
wamba,2026-07-24,1.394,1.124,1.727,1.283,1.522,rt,
wamba,2026-07-25,1.381,1.111,1.722,1.269,1.504,rt,
wamba,2026-07-26,1.366,1.095,1.711,1.249,1.494,rt,
wamba,2026-07-27,1.35,1.055,1.736,1.226,1.493,rt,
wamba,2026-07-28,1.326,1.055,1.661,1.21,1.452,rt,
wamba,2026-07-29,1.297,1.048,1.61,1.194,1.418,rt,
wamba,2026-07-30,1.271,1.034,1.565,1.172,1.388,rt,
wamba,2026-07-31,1.246,1.021,1.531,1.147,1.351,rt,
wamba,2026-08-01,1.216,0.994,1.498,1.12,1.323,rt,
wamba,2026-08-02,1.191,0.962,1.482,1.096,1.291,rt,
wamba,2026-08-03,1.166,0.92,1.474,1.066,1.275,rt,
wamba,2026-08-04,1.151,0.921,1.432,1.057,1.253,rt,
wamba,2026-08-05,1.138,0.915,1.405,1.045,1.236,rt,
wamba,2026-08-06,1.124,0.906,1.383,1.032,1.223,rt,
wamba,2026-08-07,1.109,0.896,1.349,1.02,1.202,rt,
wamba,2026-08-08,1.093,0.874,1.32,1.005,1.18,rt,
wamba,2026-08-09,1.075,0.847,1.314,0.984,1.167,rt,
wamba,2026-08-10,1.046,0.807,1.293,0.953,1.141,rt,
wamba,2026-08-11,1.024,0.8,1.246,0.934,1.105,rt,
wamba,2026-08-12,1.0,0.8,1.213,0.919,1.081,rt,
wamba,2026-08-13,0.976,0.78,1.193,0.895,1.055,rt,
wamba,2026-08-14,0.955,0.761,1.164,0.875,1.03,rt,
wamba,2026-08-15,0.928,0.742,1.137,0.851,1.007,rt,
wamba,2026-08-16,0.905,0.709,1.12,0.828,0.988,rt,
wamba,2026-08-17,0.882,0.679,1.116,0.803,0.971,rt,
wamba,2026-08-18,0.869,0.682,1.082,0.794,0.952,rt,
wamba,2026-08-19,0.857,0.673,1.062,0.783,0.935,rt,
wamba,2026-08-20,0.845,0.664,1.038,0.774,0.917,rt,
wamba,2026-08-21,0.837,0.661,1.019,0.763,0.909,rt,
wamba,2026-08-22,0.829,0.652,1.002,0.753,0.902,rt,
wamba,2026-08-23,0.822,0.634,1.004,0.737,0.893,rt,
wamba,2026-08-24,0.832,0.625,1.034,0.741,0.907,rt,
wamba,2026-08-25,0.846,0.641,1.042,0.759,0.923,rt,
wamba,2026-08-26,0.857,0.659,1.053,0.777,0.936,rt,
wamba,2026-08-27,0.868,0.673,1.073,0.79,0.953,rt,
wamba,2026-08-28,0.877,0.693,1.079,0.802,0.96,rt,
wamba,2026-08-29,0.886,0.702,1.093,0.807,0.971,rt,
wamba,2026-08-30,0.896,0.699,1.115,0.814,0.98,rt,
wamba,2026-08-31,0.91,0.699,1.141,0.824,0.996,rt,
wamba,2026-09-01,0.922,0.717,1.144,0.838,1.006,rt,
wamba,2026-09-02,0.935,0.735,1.154,0.85,1.017,rt,
wamba,2026-09-03,0.946,0.748,1.167,0.862,1.032,rt,
wamba,2026-09-04,0.955,0.756,1.172,0.872,1.038,rt,
wamba,2026-09-05,0.965,0.767,1.185,0.881,1.048,rt,
wamba,2026-09-06,0.968,0.766,1.209,0.888,1.059,rt,
wamba,2026-09-07,0.966,0.754,1.225,0.885,1.066,rt,
wamba,2026-09-08,0.957,0.752,1.211,0.879,1.058,rt,
wamba,2026-09-09,0.948,0.747,1.204,0.871,1.048,rt,
wamba,2026-09-10,0.945,0.738,1.203,0.86,1.045,rt,
wamba,2026-09-11,0.934,0.725,1.191,0.852,1.033,rt,
wamba,2026-09-12,0.923,0.709,1.191,0.839,1.022,rt,
wamba,2026-09-13,0.914,0.695,1.197,0.822,1.014,rt,
wamba,2026-09-14,0.902,0.67,1.188,0.803,0.999,rt,
wamba,2026-09-15,0.883,0.662,1.157,0.791,0.983,rt,
wamba,2026-09-16,0.87,0.646,1.136,0.774,0.972,rt,
wamba,2026-09-17,0.855,0.626,1.124,0.758,0.957,rt,
wamba,2026-09-18,0.843,0.611,1.124,0.742,0.945,rt,
wamba,2026-09-19,0.828,0.593,1.12,0.727,0.933,rt,
wamba,2026-09-20,0.816,0.572,1.118,0.708,0.928,rt,
wamba,2026-09-21,0.803,0.552,1.13,0.691,0.928,rt,
wamba,2026-09-22,0.796,0.54,1.129,0.685,0.92,rt,
wamba,2026-09-23,0.788,0.53,1.128,0.674,0.911,rt,
wamba,2026-09-24,0.78,0.517,1.133,0.663,0.907,rt,
wamba,2026-09-25,0.781,0.513,1.147,0.66,0.906,rt,
wamba,2026-09-26,0.777,0.498,1.151,0.654,0.907,rt,
wamba,2026-09-27,0.772,0.488,1.159,0.648,0.909,rt,
wamba,2026-09-28,0.773,0.483,1.179,0.643,0.921,rt,
wamba,2026-09-29,0.775,0.484,1.192,0.644,0.923,rt,
wamba,2026-09-30,0.779,0.477,1.213,0.647,0.931,rt,
wamba,2026-10-01,0.781,0.47,1.232,0.646,0.94,rt,
wamba,2026-10-02,0.786,0.465,1.261,0.652,0.958,rt,
wamba,2026-10-03,0.799,0.457,1.295,0.651,0.98,rt,
wamba,2026-10-04,0.81,0.443,1.337,0.649,1.007,rt,
wamba,2026-10-05,0.82,0.432,1.398,0.644,1.035,rt,
wamba,2026-10-06,0.825,0.436,1.394,0.649,1.03,rt,
makiso_kisangani,2026-07-28,1.321,1.138,1.53,1.252,1.4,rt,
makiso_kisangani,2026-07-29,1.329,1.141,1.544,1.258,1.407,rt,
makiso_kisangani,2026-07-30,1.336,1.144,1.562,1.263,1.417,rt,
makiso_kisangani,2026-07-31,1.338,1.158,1.555,1.27,1.42,rt,
makiso_kisangani,2026-08-01,1.345,1.158,1.561,1.269,1.423,rt,
makiso_kisangani,2026-08-02,1.35,1.158,1.564,1.272,1.423,rt,
makiso_kisangani,2026-08-03,1.35,1.16,1.562,1.272,1.424,rt,
makiso_kisangani,2026-08-04,1.35,1.16,1.568,1.269,1.43,rt,
makiso_kisangani,2026-08-05,1.35,1.156,1.577,1.267,1.433,rt,
makiso_kisangani,2026-08-06,1.351,1.153,1.587,1.265,1.437,rt,
makiso_kisangani,2026-08-07,1.352,1.162,1.579,1.27,1.437,rt,
makiso_kisangani,2026-08-08,1.355,1.167,1.572,1.273,1.436,rt,
makiso_kisangani,2026-08-09,1.354,1.166,1.574,1.272,1.439,rt,
makiso_kisangani,2026-08-10,1.348,1.158,1.571,1.262,1.434,rt,
makiso_kisangani,2026-08-11,1.34,1.151,1.569,1.256,1.431,rt,
makiso_kisangani,2026-08-12,1.339,1.139,1.565,1.252,1.428,rt,
makiso_kisangani,2026-08-13,1.334,1.132,1.566,1.242,1.426,rt,
makiso_kisangani,2026-08-14,1.325,1.129,1.551,1.235,1.412,rt,
makiso_kisangani,2026-08-15,1.314,1.123,1.529,1.224,1.398,rt,
makiso_kisangani,2026-08-16,1.302,1.112,1.519,1.213,1.39,rt,
makiso_kisangani,2026-08-17,1.296,1.102,1.512,1.207,1.386,rt,
makiso_kisangani,2026-08-18,1.288,1.094,1.515,1.199,1.38,rt,
makiso_kisangani,2026-08-19,1.281,1.085,1.518,1.193,1.375,rt,
makiso_kisangani,2026-08-20,1.274,1.075,1.522,1.188,1.372,rt,
makiso_kisangani,2026-08-21,1.271,1.084,1.506,1.189,1.361,rt,
makiso_kisangani,2026-08-22,1.268,1.09,1.488,1.191,1.352,rt,
makiso_kisangani,2026-08-23,1.265,1.089,1.476,1.19,1.346,rt,
makiso_kisangani,2026-08-24,1.269,1.094,1.479,1.193,1.349,rt,
makiso_kisangani,2026-08-25,1.271,1.099,1.49,1.196,1.352,rt,
makiso_kisangani,2026-08-26,1.275,1.102,1.491,1.198,1.358,rt,
makiso_kisangani,2026-08-27,1.28,1.1,1.499,1.199,1.366,rt,
makiso_kisangani,2026-08-28,1.285,1.115,1.493,1.206,1.369,rt,
makiso_kisangani,2026-08-29,1.291,1.126,1.492,1.216,1.372,rt,
makiso_kisangani,2026-08-30,1.296,1.13,1.497,1.22,1.378,rt,
makiso_kisangani,2026-08-31,1.287,1.116,1.49,1.209,1.369,rt,
makiso_kisangani,2026-09-01,1.28,1.1,1.488,1.201,1.366,rt,
makiso_kisangani,2026-09-02,1.271,1.087,1.492,1.193,1.365,rt,
makiso_kisangani,2026-09-03,1.267,1.077,1.495,1.185,1.361,rt,
makiso_kisangani,2026-09-04,1.254,1.065,1.48,1.174,1.345,rt,
makiso_kisangani,2026-09-05,1.243,1.056,1.464,1.162,1.332,rt,
makiso_kisangani,2026-09-06,1.232,1.042,1.464,1.153,1.321,rt,
makiso_kisangani,2026-09-07,1.21,1.019,1.446,1.129,1.302,rt,
makiso_kisangani,2026-09-08,1.19,0.993,1.428,1.107,1.283,rt,
makiso_kisangani,2026-09-09,1.174,0.971,1.417,1.088,1.265,rt,
makiso_kisangani,2026-09-10,1.155,0.948,1.404,1.069,1.248,rt,
makiso_kisangani,2026-09-11,1.138,0.937,1.376,1.053,1.225,rt,
makiso_kisangani,2026-09-12,1.12,0.922,1.353,1.038,1.2,rt,
makiso_kisangani,2026-09-13,1.106,0.905,1.336,1.02,1.185,rt,
makiso_kisangani,2026-09-14,1.092,0.891,1.323,1.007,1.173,rt,
makiso_kisangani,2026-09-15,1.079,0.873,1.314,0.992,1.165,rt,
makiso_kisangani,2026-09-16,1.067,0.859,1.309,0.98,1.155,rt,
makiso_kisangani,2026-09-17,1.057,0.843,1.303,0.964,1.144,rt,
makiso_kisangani,2026-09-18,1.052,0.839,1.294,0.961,1.139,rt,
makiso_kisangani,2026-09-19,1.05,0.835,1.289,0.956,1.138,rt,
makiso_kisangani,2026-09-20,1.045,0.826,1.291,0.95,1.141,rt,
makiso_kisangani,2026-09-21,1.051,0.821,1.309,0.956,1.151,rt,
makiso_kisangani,2026-09-22,1.057,0.822,1.327,0.96,1.162,rt,
makiso_kisangani,2026-09-23,1.061,0.818,1.348,0.96,1.172,rt,
makiso_kisangani,2026-09-24,1.062,0.811,1.355,0.961,1.182,rt,
makiso_kisangani,2026-09-25,1.071,0.813,1.374,0.97,1.195,rt,
makiso_kisangani,2026-09-26,1.082,0.813,1.401,0.976,1.207,rt,
makiso_kisangani,2026-09-27,1.091,0.812,1.42,0.979,1.224,rt,
makiso_kisangani,2026-09-28,1.097,0.811,1.439,0.98,1.234,rt,
makiso_kisangani,2026-09-29,1.105,0.804,1.455,0.981,1.242,rt,
makiso_kisangani,2026-09-30,1.113,0.801,1.479,0.986,1.253,rt,
makiso_kisangani,2026-10-01,1.118,0.797,1.492,0.988,1.265,rt,
makiso_kisangani,2026-10-02,1.126,0.792,1.52,0.987,1.268,rt,
makiso_kisangani,2026-10-03,1.13,0.774,1.564,0.982,1.281,rt,
makiso_kisangani,2026-10-04,1.131,0.761,1.601,0.979,1.297,rt,
makiso_kisangani,2026-10-05,1.125,0.744,1.625,0.965,1.309,rt,
makiso_kisangani,2026-10-06,1.115,0.761,1.555,0.967,1.279,rt,
mangobo,2026-09-14,1.101,0.9,1.339,1.019,1.185,rt,
mangobo,2026-09-15,1.088,0.883,1.327,1.005,1.175,rt,
mangobo,2026-09-16,1.077,0.868,1.318,0.989,1.163,rt,
mangobo,2026-09-17,1.066,0.852,1.311,0.972,1.154,rt,
mangobo,2026-09-18,1.063,0.852,1.309,0.97,1.152,rt,
mangobo,2026-09-19,1.06,0.846,1.309,0.967,1.151,rt,
mangobo,2026-09-20,1.054,0.835,1.309,0.96,1.151,rt,
mangobo,2026-09-21,1.06,0.83,1.323,0.965,1.161,rt,
mangobo,2026-09-22,1.065,0.83,1.339,0.968,1.171,rt,
mangobo,2026-09-23,1.069,0.827,1.358,0.967,1.183,rt,
mangobo,2026-09-24,1.073,0.825,1.374,0.97,1.194,rt,
mangobo,2026-09-25,1.08,0.825,1.391,0.98,1.204,rt,
mangobo,2026-09-26,1.093,0.823,1.415,0.987,1.22,rt,
mangobo,2026-09-27,1.103,0.824,1.435,0.992,1.236,rt,
mangobo,2026-09-28,1.11,0.821,1.459,0.997,1.244,rt,
mangobo,2026-09-29,1.116,0.816,1.477,0.995,1.255,rt,
mangobo,2026-09-30,1.124,0.815,1.492,0.998,1.263,rt,
mangobo,2026-10-01,1.13,0.812,1.512,1.001,1.276,rt,
mangobo,2026-10-02,1.136,0.801,1.543,1.0,1.279,rt,
mangobo,2026-10-03,1.142,0.788,1.582,0.995,1.293,rt,
mangobo,2026-10-04,1.146,0.774,1.619,0.988,1.314,rt,
mangobo,2026-10-05,1.141,0.757,1.637,0.977,1.323,rt,
mangobo,2026-10-06,1.131,0.772,1.57,0.981,1.295,rt,
adja,2026-08-18,,,,,,cases,0
adja,2026-08-25,,,,,,cases,0
adja,2026-09-01,,,,,,cases,0
adja,2026-09-08,,,,,,cases,0
adja,2026-09-15,,,,,,cases,0
adja,2026-09-22,,,,,,cases,0
adja,2026-09-29,,,,,,cases,0
adja,2026-10-06,,,,,,cases,1
ariwara,2026-08-18,,,,,,cases,1
ariwara,2026-08-25,,,,,,cases,0
ariwara,2026-09-01,,,,,,cases,0
ariwara,2026-09-08,,,,,,cases,0
ariwara,2026-09-15,,,,,,cases,0
ariwara,2026-09-22,,,,,,cases,0
ariwara,2026-09-29,,,,,,cases,0
ariwara,2026-10-06,,,,,,cases,0
aru,2026-08-18,,,,,,cases,0
aru,2026-08-25,,,,,,cases,0
aru,2026-09-01,,,,,,cases,1
aru,2026-09-08,,,,,,cases,0
aru,2026-09-15,,,,,,cases,0
aru,2026-09-22,,,,,,cases,0
aru,2026-09-29,,,,,,cases,0
aru,2026-10-06,,,,,,cases,0
aungba,2026-08-18,,,,,,cases,1
aungba,2026-08-25,,,,,,cases,1
aungba,2026-09-01,,,,,,cases,0
aungba,2026-09-08,,,,,,cases,0
aungba,2026-09-15,,,,,,cases,0
aungba,2026-09-22,,,,,,cases,0
aungba,2026-09-29,,,,,,cases,0
aungba,2026-10-06,,,,,,cases,0
bambu,2026-08-18,,,,,,cases,21
bambu,2026-08-25,,,,,,cases,34
bambu,2026-09-01,,,,,,cases,17
bambu,2026-09-08,,,,,,cases,11
bambu,2026-09-15,,,,,,cases,3
bambu,2026-09-22,,,,,,cases,18
bambu,2026-09-29,,,,,,cases,5
bambu,2026-10-06,,,,,,cases,8
boga,2026-08-18,,,,,,cases,0
boga,2026-08-25,,,,,,cases,1
boga,2026-09-01,,,,,,cases,0
boga,2026-09-08,,,,,,cases,0
boga,2026-09-15,,,,,,cases,0
boga,2026-09-22,,,,,,cases,0
boga,2026-09-29,,,,,,cases,0
boga,2026-10-06,,,,,,cases,0
bunia,2026-08-18,,,,,,cases,176
bunia,2026-08-25,,,,,,cases,98
bunia,2026-09-01,,,,,,cases,96
bunia,2026-09-08,,,,,,cases,110
bunia,2026-09-15,,,,,,cases,88
bunia,2026-09-22,,,,,,cases,67
bunia,2026-09-29,,,,,,cases,50
bunia,2026-10-06,,,,,,cases,62
damas,2026-08-18,,,,,,cases,7
damas,2026-08-25,,,,,,cases,2
damas,2026-09-01,,,,,,cases,1
damas,2026-09-08,,,,,,cases,4
damas,2026-09-15,,,,,,cases,8
damas,2026-09-22,,,,,,cases,0
damas,2026-09-29,,,,,,cases,0
damas,2026-10-06,,,,,,cases,0
drodro,2026-08-18,,,,,,cases,1
drodro,2026-08-25,,,,,,cases,0
drodro,2026-09-01,,,,,,cases,1
drodro,2026-09-08,,,,,,cases,1
drodro,2026-09-15,,,,,,cases,0
drodro,2026-09-22,,,,,,cases,0
drodro,2026-09-29,,,,,,cases,0
drodro,2026-10-06,,,,,,cases,0
fataki,2026-08-18,,,,,,cases,17
fataki,2026-08-25,,,,,,cases,1
fataki,2026-09-01,,,,,,cases,4
fataki,2026-09-08,,,,,,cases,1
fataki,2026-09-15,,,,,,cases,1
fataki,2026-09-22,,,,,,cases,2
fataki,2026-09-29,,,,,,cases,1
fataki,2026-10-06,,,,,,cases,2
gety,2026-08-18,,,,,,cases,3
gety,2026-08-25,,,,,,cases,0
gety,2026-09-01,,,,,,cases,1
gety,2026-09-08,,,,,,cases,1
gety,2026-09-15,,,,,,cases,0
gety,2026-09-22,,,,,,cases,0
gety,2026-09-29,,,,,,cases,0
gety,2026-10-06,,,,,,cases,2
kambala,2026-08-18,,,,,,cases,0
kambala,2026-08-25,,,,,,cases,0
kambala,2026-09-01,,,,,,cases,0
kambala,2026-09-08,,,,,,cases,0
kambala,2026-09-15,,,,,,cases,0
kambala,2026-09-22,,,,,,cases,0
kambala,2026-09-29,,,,,,cases,0
kambala,2026-10-06,,,,,,cases,0
kilo,2026-08-18,,,,,,cases,2
kilo,2026-08-25,,,,,,cases,1
kilo,2026-09-01,,,,,,cases,0
kilo,2026-09-08,,,,,,cases,1
kilo,2026-09-15,,,,,,cases,0
kilo,2026-09-22,,,,,,cases,1
kilo,2026-09-29,,,,,,cases,1
kilo,2026-10-06,,,,,,cases,3
komanda,2026-08-18,,,,,,cases,11
komanda,2026-08-25,,,,,,cases,8
komanda,2026-09-01,,,,,,cases,31
komanda,2026-09-08,,,,,,cases,26
komanda,2026-09-15,,,,,,cases,18
komanda,2026-09-22,,,,,,cases,17
komanda,2026-09-29,,,,,,cases,16
komanda,2026-10-06,,,,,,cases,7
lita,2026-08-18,,,,,,cases,23
lita,2026-08-25,,,,,,cases,18
lita,2026-09-01,,,,,,cases,20
lita,2026-09-08,,,,,,cases,23
lita,2026-09-15,,,,,,cases,17
lita,2026-09-22,,,,,,cases,12
lita,2026-09-29,,,,,,cases,8
lita,2026-10-06,,,,,,cases,11
logo,2026-08-18,,,,,,cases,0
logo,2026-08-25,,,,,,cases,0
logo,2026-09-01,,,,,,cases,0
logo,2026-09-08,,,,,,cases,2
logo,2026-09-15,,,,,,cases,0
logo,2026-09-22,,,,,,cases,0
logo,2026-09-29,,,,,,cases,0
logo,2026-10-06,,,,,,cases,1
lolwa,2026-08-18,,,,,,cases,6
lolwa,2026-08-25,,,,,,cases,2
lolwa,2026-09-01,,,,,,cases,3
lolwa,2026-09-08,,,,,,cases,3
lolwa,2026-09-15,,,,,,cases,6
lolwa,2026-09-22,,,,,,cases,1
lolwa,2026-09-29,,,,,,cases,2
lolwa,2026-10-06,,,,,,cases,1
mahagi,2026-08-18,,,,,,cases,0
mahagi,2026-08-25,,,,,,cases,0
mahagi,2026-09-01,,,,,,cases,0
mahagi,2026-09-08,,,,,,cases,0
mahagi,2026-09-15,,,,,,cases,0
mahagi,2026-09-22,,,,,,cases,0
mahagi,2026-09-29,,,,,,cases,0
mahagi,2026-10-06,,,,,,cases,0
mambasa,2026-08-18,,,,,,cases,1
mambasa,2026-08-25,,,,,,cases,3
mambasa,2026-09-01,,,,,,cases,0
mambasa,2026-09-08,,,,,,cases,0
mambasa,2026-09-15,,,,,,cases,0
mambasa,2026-09-22,,,,,,cases,6
mambasa,2026-09-29,,,,,,cases,6
mambasa,2026-10-06,,,,,,cases,12
mandima,2026-08-18,,,,,,cases,6
mandima,2026-08-25,,,,,,cases,7
mandima,2026-09-01,,,,,,cases,4
mandima,2026-09-08,,,,,,cases,8
mandima,2026-09-15,,,,,,cases,13
mandima,2026-09-22,,,,,,cases,9
mandima,2026-09-29,,,,,,cases,71
mandima,2026-10-06,,,,,,cases,61
mangala,2026-08-18,,,,,,cases,57
mangala,2026-08-25,,,,,,cases,30
mangala,2026-09-01,,,,,,cases,60
mangala,2026-09-08,,,,,,cases,34
mangala,2026-09-15,,,,,,cases,25
mangala,2026-09-22,,,,,,cases,19
mangala,2026-09-29,,,,,,cases,10
mangala,2026-10-06,,,,,,cases,15
mongbwalu,2026-08-18,,,,,,cases,17
mongbwalu,2026-08-25,,,,,,cases,12
mongbwalu,2026-09-01,,,,,,cases,10
mongbwalu,2026-09-08,,,,,,cases,25
mongbwalu,2026-09-15,,,,,,cases,30
mongbwalu,2026-09-22,,,,,,cases,22
mongbwalu,2026-09-29,,,,,,cases,9
mongbwalu,2026-10-06,,,,,,cases,9
nia_nia,2026-08-18,,,,,,cases,36
nia_nia,2026-08-25,,,,,,cases,21
nia_nia,2026-09-01,,,,,,cases,17
nia_nia,2026-09-08,,,,,,cases,12
nia_nia,2026-09-15,,,,,,cases,20
nia_nia,2026-09-22,,,,,,cases,21
nia_nia,2026-09-29,,,,,,cases,29
nia_nia,2026-10-06,,,,,,cases,16
nizi,2026-08-18,,,,,,cases,69
nizi,2026-08-25,,,,,,cases,70
nizi,2026-09-01,,,,,,cases,42
nizi,2026-09-08,,,,,,cases,53
nizi,2026-09-15,,,,,,cases,19
nizi,2026-09-22,,,,,,cases,20
nizi,2026-09-29,,,,,,cases,16
nizi,2026-10-06,,,,,,cases,14
nyankunde,2026-08-18,,,,,,cases,5
nyankunde,2026-08-25,,,,,,cases,3
nyankunde,2026-09-01,,,,,,cases,0
nyankunde,2026-09-08,,,,,,cases,1
nyankunde,2026-09-15,,,,,,cases,0
nyankunde,2026-09-22,,,,,,cases,2
nyankunde,2026-09-29,,,,,,cases,2
nyankunde,2026-10-06,,,,,,cases,1
rimba,2026-08-18,,,,,,cases,0
rimba,2026-08-25,,,,,,cases,1
rimba,2026-09-01,,,,,,cases,1
rimba,2026-09-08,,,,,,cases,0
rimba,2026-09-15,,,,,,cases,0
rimba,2026-09-22,,,,,,cases,1
rimba,2026-09-29,,,,,,cases,0
rimba,2026-10-06,,,,,,cases,2
rwampara,2026-08-18,,,,,,cases,114
rwampara,2026-08-25,,,,,,cases,42
rwampara,2026-09-01,,,,,,cases,43
rwampara,2026-09-08,,,,,,cases,35
rwampara,2026-09-15,,,,,,cases,30
rwampara,2026-09-22,,,,,,cases,32
rwampara,2026-09-29,,,,,,cases,22
rwampara,2026-10-06,,,,,,cases,35
tchomia,2026-08-18,,,,,,cases,3
tchomia,2026-08-25,,,,,,cases,4
tchomia,2026-09-01,,,,,,cases,2
tchomia,2026-09-08,,,,,,cases,6
tchomia,2026-09-15,,,,,,cases,12
tchomia,2026-09-22,,,,,,cases,0
tchomia,2026-09-29,,,,,,cases,1
tchomia,2026-10-06,,,,,,cases,0
alimbongo,2026-08-18,,,,,,cases,0
alimbongo,2026-08-25,,,,,,cases,0
alimbongo,2026-09-01,,,,,,cases,0
alimbongo,2026-09-08,,,,,,cases,0
alimbongo,2026-09-15,,,,,,cases,0
alimbongo,2026-09-22,,,,,,cases,0
alimbongo,2026-09-29,,,,,,cases,0
alimbongo,2026-10-06,,,,,,cases,5
beni,2026-08-18,,,,,,cases,20
beni,2026-08-25,,,,,,cases,20
beni,2026-09-01,,,,,,cases,28
beni,2026-09-08,,,,,,cases,39
beni,2026-09-15,,,,,,cases,56
beni,2026-09-22,,,,,,cases,51
beni,2026-09-29,,,,,,cases,56
beni,2026-10-06,,,,,,cases,61
biena,2026-08-18,,,,,,cases,0
biena,2026-08-25,,,,,,cases,0
biena,2026-09-01,,,,,,cases,1
biena,2026-09-08,,,,,,cases,8
biena,2026-09-15,,,,,,cases,9
biena,2026-09-22,,,,,,cases,0
biena,2026-09-29,,,,,,cases,1
biena,2026-10-06,,,,,,cases,4
butembo,2026-08-18,,,,,,cases,21
butembo,2026-08-25,,,,,,cases,22
butembo,2026-09-01,,,,,,cases,34
butembo,2026-09-08,,,,,,cases,37
butembo,2026-09-15,,,,,,cases,25
butembo,2026-09-22,,,,,,cases,11
butembo,2026-09-29,,,,,,cases,10
butembo,2026-10-06,,,,,,cases,23
goma,2026-08-18,,,,,,cases,0
goma,2026-08-25,,,,,,cases,0
goma,2026-09-01,,,,,,cases,0
goma,2026-09-08,,,,,,cases,0
goma,2026-09-15,,,,,,cases,0
goma,2026-09-22,,,,,,cases,0
goma,2026-09-29,,,,,,cases,0
goma,2026-10-06,,,,,,cases,0
kalunguta,2026-08-18,,,,,,cases,3
kalunguta,2026-08-25,,,,,,cases,3
kalunguta,2026-09-01,,,,,,cases,0
kalunguta,2026-09-08,,,,,,cases,4
kalunguta,2026-09-15,,,,,,cases,16
kalunguta,2026-09-22,,,,,,cases,13
kalunguta,2026-09-29,,,,,,cases,5
kalunguta,2026-10-06,,,,,,cases,9
katwa,2026-08-18,,,,,,cases,71
katwa,2026-08-25,,,,,,cases,50
katwa,2026-09-01,,,,,,cases,48
katwa,2026-09-08,,,,,,cases,69
katwa,2026-09-15,,,,,,cases,56
katwa,2026-09-22,,,,,,cases,15
katwa,2026-09-29,,,,,,cases,14
katwa,2026-10-06,,,,,,cases,46
kayna,2026-08-18,,,,,,cases,0
kayna,2026-08-25,,,,,,cases,0
kayna,2026-09-01,,,,,,cases,0
kayna,2026-09-08,,,,,,cases,1
kayna,2026-09-15,,,,,,cases,0
kayna,2026-09-22,,,,,,cases,0
kayna,2026-09-29,,,,,,cases,0
kayna,2026-10-06,,,,,,cases,2
kyondo,2026-08-18,,,,,,cases,2
kyondo,2026-08-25,,,,,,cases,1
kyondo,2026-09-01,,,,,,cases,0
kyondo,2026-09-08,,,,,,cases,9
kyondo,2026-09-15,,,,,,cases,5
kyondo,2026-09-22,,,,,,cases,2
kyondo,2026-09-29,,,,,,cases,1
kyondo,2026-10-06,,,,,,cases,4
lubero,2026-08-18,,,,,,cases,0
lubero,2026-08-25,,,,,,cases,0
lubero,2026-09-01,,,,,,cases,2
lubero,2026-09-08,,,,,,cases,4
lubero,2026-09-15,,,,,,cases,8
lubero,2026-09-22,,,,,,cases,5
lubero,2026-09-29,,,,,,cases,1
lubero,2026-10-06,,,,,,cases,2
mabalako,2026-08-18,,,,,,cases,1
mabalako,2026-08-25,,,,,,cases,1
mabalako,2026-09-01,,,,,,cases,3
mabalako,2026-09-08,,,,,,cases,4
mabalako,2026-09-15,,,,,,cases,9
mabalako,2026-09-22,,,,,,cases,5
mabalako,2026-09-29,,,,,,cases,9
mabalako,2026-10-06,,,,,,cases,18
manguredjipa,2026-08-18,,,,,,cases,0
manguredjipa,2026-08-25,,,,,,cases,0
manguredjipa,2026-09-01,,,,,,cases,2
manguredjipa,2026-09-08,,,,,,cases,2
manguredjipa,2026-09-15,,,,,,cases,5
manguredjipa,2026-09-22,,,,,,cases,4
manguredjipa,2026-09-29,,,,,,cases,0
manguredjipa,2026-10-06,,,,,,cases,0
masereka,2026-08-18,,,,,,cases,0
masereka,2026-08-25,,,,,,cases,0
masereka,2026-09-01,,,,,,cases,4
masereka,2026-09-08,,,,,,cases,4
masereka,2026-09-15,,,,,,cases,8
masereka,2026-09-22,,,,,,cases,2
masereka,2026-09-29,,,,,,cases,4
masereka,2026-10-06,,,,,,cases,5
musienene,2026-08-18,,,,,,cases,14
musienene,2026-08-25,,,,,,cases,9
musienene,2026-09-01,,,,,,cases,11
musienene,2026-09-08,,,,,,cases,18
musienene,2026-09-15,,,,,,cases,16
musienene,2026-09-22,,,,,,cases,4
musienene,2026-09-29,,,,,,cases,3
musienene,2026-10-06,,,,,,cases,16
mutwanga,2026-08-18,,,,,,cases,0
mutwanga,2026-08-25,,,,,,cases,1
mutwanga,2026-09-01,,,,,,cases,1
mutwanga,2026-09-08,,,,,,cases,0
mutwanga,2026-09-15,,,,,,cases,4
mutwanga,2026-09-22,,,,,,cases,4
mutwanga,2026-09-29,,,,,,cases,2
mutwanga,2026-10-06,,,,,,cases,8
oicha,2026-08-18,,,,,,cases,1
oicha,2026-08-25,,,,,,cases,1
oicha,2026-09-01,,,,,,cases,0
oicha,2026-09-08,,,,,,cases,2
oicha,2026-09-15,,,,,,cases,3
oicha,2026-09-22,,,,,,cases,3
oicha,2026-09-29,,,,,,cases,11
oicha,2026-10-06,,,,,,cases,8
vuhovi,2026-08-18,,,,,,cases,2
vuhovi,2026-08-25,,,,,,cases,0
vuhovi,2026-09-01,,,,,,cases,1
vuhovi,2026-09-08,,,,,,cases,4
vuhovi,2026-09-15,,,,,,cases,10
vuhovi,2026-09-22,,,,,,cases,7
vuhovi,2026-09-29,,,,,,cases,4
vuhovi,2026-10-06,,,,,,cases,4
boma_mangbetu,2026-08-18,,,,,,cases,2
boma_mangbetu,2026-08-25,,,,,,cases,3
boma_mangbetu,2026-09-01,,,,,,cases,1
boma_mangbetu,2026-09-08,,,,,,cases,2
boma_mangbetu,2026-09-15,,,,,,cases,5
boma_mangbetu,2026-09-22,,,,,,cases,2
boma_mangbetu,2026-09-29,,,,,,cases,3
boma_mangbetu,2026-10-06,,,,,,cases,4
dungu,2026-08-18,,,,,,cases,0
dungu,2026-08-25,,,,,,cases,0
dungu,2026-09-01,,,,,,cases,0
dungu,2026-09-08,,,,,,cases,0
dungu,2026-09-15,,,,,,cases,0
dungu,2026-09-22,,,,,,cases,1
dungu,2026-09-29,,,,,,cases,0
dungu,2026-10-06,,,,,,cases,0
gombari,2026-08-18,,,,,,cases,0
gombari,2026-08-25,,,,,,cases,2
gombari,2026-09-01,,,,,,cases,0
gombari,2026-09-08,,,,,,cases,0
gombari,2026-09-15,,,,,,cases,0
gombari,2026-09-22,,,,,,cases,0
gombari,2026-09-29,,,,,,cases,0
gombari,2026-10-06,,,,,,cases,0
isiro,2026-08-18,,,,,,cases,24
isiro,2026-08-25,,,,,,cases,19
isiro,2026-09-01,,,,,,cases,11
isiro,2026-09-08,,,,,,cases,7
isiro,2026-09-15,,,,,,cases,6
isiro,2026-09-22,,,,,,cases,1
isiro,2026-09-29,,,,,,cases,3
isiro,2026-10-06,,,,,,cases,0
pawa,2026-08-18,,,,,,cases,3
pawa,2026-08-25,,,,,,cases,0
pawa,2026-09-01,,,,,,cases,17
pawa,2026-09-08,,,,,,cases,9
pawa,2026-09-15,,,,,,cases,15
pawa,2026-09-22,,,,,,cases,9
pawa,2026-09-29,,,,,,cases,15
pawa,2026-10-06,,,,,,cases,7
rungu,2026-08-18,,,,,,cases,0
rungu,2026-08-25,,,,,,cases,0
rungu,2026-09-01,,,,,,cases,0
rungu,2026-09-08,,,,,,cases,1
rungu,2026-09-15,,,,,,cases,0
rungu,2026-09-22,,,,,,cases,0
rungu,2026-09-29,,,,,,cases,0
rungu,2026-10-06,,,,,,cases,2
wamba,2026-08-18,,,,,,cases,12
wamba,2026-08-25,,,,,,cases,12
wamba,2026-09-01,,,,,,cases,13
wamba,2026-09-08,,,,,,cases,8
wamba,2026-09-15,,,,,,cases,6
wamba,2026-09-22,,,,,,cases,13
wamba,2026-09-29,,,,,,cases,7
wamba,2026-10-06,,,,,,cases,7
miti_murhesa,2026-08-18,,,,,,cases,0
miti_murhesa,2026-08-25,,,,,,cases,0
miti_murhesa,2026-09-01,,,,,,cases,0
miti_murhesa,2026-09-08,,,,,,cases,0
miti_murhesa,2026-09-15,,,,,,cases,0
miti_murhesa,2026-09-22,,,,,,cases,0
miti_murhesa,2026-09-29,,,,,,cases,0
miti_murhesa,2026-10-06,,,,,,cases,0
bafwasende,2026-08-18,,,,,,cases,0
bafwasende,2026-08-25,,,,,,cases,0
bafwasende,2026-09-01,,,,,,cases,1
bafwasende,2026-09-08,,,,,,cases,2
bafwasende,2026-09-15,,,,,,cases,3
bafwasende,2026-09-22,,,,,,cases,0
bafwasende,2026-09-29,,,,,,cases,0
bafwasende,2026-10-06,,,,,,cases,0
kabondo,2026-08-18,,,,,,cases,1
kabondo,2026-08-25,,,,,,cases,0
kabondo,2026-09-01,,,,,,cases,0
kabondo,2026-09-08,,,,,,cases,1
kabondo,2026-09-15,,,,,,cases,0
kabondo,2026-09-22,,,,,,cases,1
kabondo,2026-09-29,,,,,,cases,0
kabondo,2026-10-06,,,,,,cases,0
lubunga,2026-08-18,,,,,,cases,0
lubunga,2026-08-25,,,,,,cases,0
lubunga,2026-09-01,,,,,,cases,0
lubunga,2026-09-08,,,,,,cases,0
lubunga,2026-09-15,,,,,,cases,0
lubunga,2026-09-22,,,,,,cases,0
lubunga,2026-09-29,,,,,,cases,0
lubunga,2026-10-06,,,,,,cases,0
makiso_kisangani,2026-08-18,,,,,,cases,2
makiso_kisangani,2026-08-25,,,,,,cases,1
makiso_kisangani,2026-09-01,,,,,,cases,3
makiso_kisangani,2026-09-08,,,,,,cases,1
makiso_kisangani,2026-09-15,,,,,,cases,1
makiso_kisangani,2026-09-22,,,,,,cases,11
makiso_kisangani,2026-09-29,,,,,,cases,2
makiso_kisangani,2026-10-06,,,,,,cases,3
mangobo,2026-08-18,,,,,,cases,1
mangobo,2026-08-25,,,,,,cases,0
mangobo,2026-09-01,,,,,,cases,1
mangobo,2026-09-08,,,,,,cases,0
mangobo,2026-09-15,,,,,,cases,1
mangobo,2026-09-22,,,,,,cases,1
mangobo,2026-09-29,,,,,,cases,1
mangobo,2026-10-06,,,,,,cases,2
tshopo,2026-08-18,,,,,,cases,1
tshopo,2026-08-25,,,,,,cases,0
tshopo,2026-09-01,,,,,,cases,0
tshopo,2026-09-08,,,,,,cases,0
tshopo,2026-09-15,,,,,,cases,0
tshopo,2026-09-22,,,,,,cases,0
tshopo,2026-09-29,,,,,,cases,0
tshopo,2026-10-06,,,,,,cases,1
wanie_rukula,2026-08-18,,,,,,cases,0
wanie_rukula,2026-08-25,,,,,,cases,0
wanie_rukula,2026-09-01,,,,,,cases,0
wanie_rukula,2026-09-08,,,,,,cases,0
wanie_rukula,2026-09-15,,,,,,cases,0
wanie_rukula,2026-09-22,,,,,,cases,0
wanie_rukula,2026-09-29,,,,,,cases,0
wanie_rukula,2026-10-06,,,,,,cases,0
buta,2026-08-18,,,,,,cases,1
buta,2026-08-25,,,,,,cases,0
buta,2026-09-01,,,,,,cases,0
buta,2026-09-08,,,,,,cases,0
buta,2026-09-15,,,,,,cases,0
buta,2026-09-22,,,,,,cases,0
buta,2026-09-29,,,,,,cases,0
buta,2026-10-06,,,,,,cases,0
ganga,2026-08-18,,,,,,cases,0
ganga,2026-08-25,,,,,,cases,1
ganga,2026-09-01,,,,,,cases,1
ganga,2026-09-08,,,,,,cases,0
ganga,2026-09-15,,,,,,cases,1
ganga,2026-09-22,,,,,,cases,0
ganga,2026-09-29,,,,,,cases,0
ganga,2026-10-06,,,,,,cases,0
viadana,2026-08-18,,,,,,cases,1
viadana,2026-08-25,,,,,,cases,0
viadana,2026-09-01,,,,,,cases,0
viadana,2026-09-08,,,,,,cases,0
viadana,2026-09-15,,,,,,cases,2
viadana,2026-09-22,,,,,,cases,0
viadana,2026-09-29,,,,,,cases,3
viadana,2026-10-06,,,,,,cases,0
bulu,2026-08-18,,,,,,cases,0
bulu,2026-08-25,,,,,,cases,0
bulu,2026-09-01,,,,,,cases,0
bulu,2026-09-08,,,,,,cases,0
bulu,2026-09-15,,,,,,cases,1
bulu,2026-09-22,,,,,,cases,1
bulu,2026-09-29,,,,,,cases,0
bulu,2026-10-06,,,,,,cases,0
adja,2026-08-18,,,,,,deaths,0
adja,2026-08-25,,,,,,deaths,0
adja,2026-09-01,,,,,,deaths,0
adja,2026-09-08,,,,,,deaths,0
adja,2026-09-15,,,,,,deaths,0
adja,2026-09-22,,,,,,deaths,0
adja,2026-09-29,,,,,,deaths,0
adja,2026-10-06,,,,,,deaths,0
ariwara,2026-08-18,,,,,,deaths,0
ariwara,2026-08-25,,,,,,deaths,0
ariwara,2026-09-01,,,,,,deaths,0
ariwara,2026-09-08,,,,,,deaths,0
ariwara,2026-09-15,,,,,,deaths,0
ariwara,2026-09-22,,,,,,deaths,0
ariwara,2026-09-29,,,,,,deaths,0
ariwara,2026-10-06,,,,,,deaths,0
aru,2026-08-18,,,,,,deaths,0
aru,2026-08-25,,,,,,deaths,0
aru,2026-09-01,,,,,,deaths,0
aru,2026-09-08,,,,,,deaths,0
aru,2026-09-15,,,,,,deaths,0
aru,2026-09-22,,,,,,deaths,0
aru,2026-09-29,,,,,,deaths,0
aru,2026-10-06,,,,,,deaths,0
aungba,2026-08-18,,,,,,deaths,0
aungba,2026-08-25,,,,,,deaths,0
aungba,2026-09-01,,,,,,deaths,0
aungba,2026-09-08,,,,,,deaths,0
aungba,2026-09-15,,,,,,deaths,0
aungba,2026-09-22,,,,,,deaths,0
aungba,2026-09-29,,,,,,deaths,0
aungba,2026-10-06,,,,,,deaths,0
bambu,2026-08-18,,,,,,deaths,4
bambu,2026-08-25,,,,,,deaths,3
bambu,2026-09-01,,,,,,deaths,7
bambu,2026-09-08,,,,,,deaths,3
bambu,2026-09-15,,,,,,deaths,0
bambu,2026-09-22,,,,,,deaths,2
bambu,2026-09-29,,,,,,deaths,5
bambu,2026-10-06,,,,,,deaths,1
boga,2026-08-18,,,,,,deaths,0
boga,2026-08-25,,,,,,deaths,1
boga,2026-09-01,,,,,,deaths,0
boga,2026-09-08,,,,,,deaths,0
boga,2026-09-15,,,,,,deaths,0
boga,2026-09-22,,,,,,deaths,0
boga,2026-09-29,,,,,,deaths,0
boga,2026-10-06,,,,,,deaths,0
bunia,2026-08-18,,,,,,deaths,67
bunia,2026-08-25,,,,,,deaths,27
bunia,2026-09-01,,,,,,deaths,31
bunia,2026-09-08,,,,,,deaths,34
bunia,2026-09-15,,,,,,deaths,34
bunia,2026-09-22,,,,,,deaths,18
bunia,2026-09-29,,,,,,deaths,33
bunia,2026-10-06,,,,,,deaths,33
damas,2026-08-18,,,,,,deaths,1
damas,2026-08-25,,,,,,deaths,0
damas,2026-09-01,,,,,,deaths,0
damas,2026-09-08,,,,,,deaths,0
damas,2026-09-15,,,,,,deaths,0
damas,2026-09-22,,,,,,deaths,0
damas,2026-09-29,,,,,,deaths,0
damas,2026-10-06,,,,,,deaths,0
drodro,2026-08-18,,,,,,deaths,0
drodro,2026-08-25,,,,,,deaths,0
drodro,2026-09-01,,,,,,deaths,1
drodro,2026-09-08,,,,,,deaths,0
drodro,2026-09-15,,,,,,deaths,0
drodro,2026-09-22,,,,,,deaths,0
drodro,2026-09-29,,,,,,deaths,0
drodro,2026-10-06,,,,,,deaths,0
fataki,2026-08-18,,,,,,deaths,1
fataki,2026-08-25,,,,,,deaths,0
fataki,2026-09-01,,,,,,deaths,0
fataki,2026-09-08,,,,,,deaths,0
fataki,2026-09-15,,,,,,deaths,0
fataki,2026-09-22,,,,,,deaths,0
fataki,2026-09-29,,,,,,deaths,1
fataki,2026-10-06,,,,,,deaths,0
gety,2026-08-18,,,,,,deaths,1
gety,2026-08-25,,,,,,deaths,0
gety,2026-09-01,,,,,,deaths,0
gety,2026-09-08,,,,,,deaths,1
gety,2026-09-15,,,,,,deaths,0
gety,2026-09-22,,,,,,deaths,0
gety,2026-09-29,,,,,,deaths,0
gety,2026-10-06,,,,,,deaths,2
kambala,2026-08-18,,,,,,deaths,0
kambala,2026-08-25,,,,,,deaths,0
kambala,2026-09-01,,,,,,deaths,0
kambala,2026-09-08,,,,,,deaths,0
kambala,2026-09-15,,,,,,deaths,0
kambala,2026-09-22,,,,,,deaths,0
kambala,2026-09-29,,,,,,deaths,0
kambala,2026-10-06,,,,,,deaths,0
kilo,2026-08-18,,,,,,deaths,1
kilo,2026-08-25,,,,,,deaths,0
kilo,2026-09-01,,,,,,deaths,0
kilo,2026-09-08,,,,,,deaths,0
kilo,2026-09-15,,,,,,deaths,0
kilo,2026-09-22,,,,,,deaths,0
kilo,2026-09-29,,,,,,deaths,0
kilo,2026-10-06,,,,,,deaths,0
komanda,2026-08-18,,,,,,deaths,8
komanda,2026-08-25,,,,,,deaths,2
komanda,2026-09-01,,,,,,deaths,23
komanda,2026-09-08,,,,,,deaths,18
komanda,2026-09-15,,,,,,deaths,8
komanda,2026-09-22,,,,,,deaths,5
komanda,2026-09-29,,,,,,deaths,9
komanda,2026-10-06,,,,,,deaths,5
lita,2026-08-18,,,,,,deaths,10
lita,2026-08-25,,,,,,deaths,5
lita,2026-09-01,,,,,,deaths,10
lita,2026-09-08,,,,,,deaths,1
lita,2026-09-15,,,,,,deaths,8
lita,2026-09-22,,,,,,deaths,8
lita,2026-09-29,,,,,,deaths,5
lita,2026-10-06,,,,,,deaths,5
logo,2026-08-18,,,,,,deaths,0
logo,2026-08-25,,,,,,deaths,0
logo,2026-09-01,,,,,,deaths,0
logo,2026-09-08,,,,,,deaths,0
logo,2026-09-15,,,,,,deaths,0
logo,2026-09-22,,,,,,deaths,0
logo,2026-09-29,,,,,,deaths,0
logo,2026-10-06,,,,,,deaths,1
lolwa,2026-08-18,,,,,,deaths,0
lolwa,2026-08-25,,,,,,deaths,0
lolwa,2026-09-01,,,,,,deaths,1
lolwa,2026-09-08,,,,,,deaths,2
lolwa,2026-09-15,,,,,,deaths,1
lolwa,2026-09-22,,,,,,deaths,0
lolwa,2026-09-29,,,,,,deaths,1
lolwa,2026-10-06,,,,,,deaths,0
mahagi,2026-08-18,,,,,,deaths,0
mahagi,2026-08-25,,,,,,deaths,0
mahagi,2026-09-01,,,,,,deaths,0
mahagi,2026-09-08,,,,,,deaths,0
mahagi,2026-09-15,,,,,,deaths,0
mahagi,2026-09-22,,,,,,deaths,0
mahagi,2026-09-29,,,,,,deaths,0
mahagi,2026-10-06,,,,,,deaths,0
mambasa,2026-08-18,,,,,,deaths,1
mambasa,2026-08-25,,,,,,deaths,0
mambasa,2026-09-01,,,,,,deaths,0
mambasa,2026-09-08,,,,,,deaths,0
mambasa,2026-09-15,,,,,,deaths,0
mambasa,2026-09-22,,,,,,deaths,2
mambasa,2026-09-29,,,,,,deaths,2
mambasa,2026-10-06,,,,,,deaths,6
mandima,2026-08-18,,,,,,deaths,3
mandima,2026-08-25,,,,,,deaths,3
mandima,2026-09-01,,,,,,deaths,2
mandima,2026-09-08,,,,,,deaths,3
mandima,2026-09-15,,,,,,deaths,8
mandima,2026-09-22,,,,,,deaths,4
mandima,2026-09-29,,,,,,deaths,39
mandima,2026-10-06,,,,,,deaths,23
mangala,2026-08-18,,,,,,deaths,25
mangala,2026-08-25,,,,,,deaths,10
mangala,2026-09-01,,,,,,deaths,25
mangala,2026-09-08,,,,,,deaths,7
mangala,2026-09-15,,,,,,deaths,5
mangala,2026-09-22,,,,,,deaths,3
mangala,2026-09-29,,,,,,deaths,5
mangala,2026-10-06,,,,,,deaths,3
mongbwalu,2026-08-18,,,,,,deaths,2
mongbwalu,2026-08-25,,,,,,deaths,2
mongbwalu,2026-09-01,,,,,,deaths,3
mongbwalu,2026-09-08,,,,,,deaths,6
mongbwalu,2026-09-15,,,,,,deaths,14
mongbwalu,2026-09-22,,,,,,deaths,16
mongbwalu,2026-09-29,,,,,,deaths,8
mongbwalu,2026-10-06,,,,,,deaths,6
nia_nia,2026-08-18,,,,,,deaths,20
nia_nia,2026-08-25,,,,,,deaths,4
nia_nia,2026-09-01,,,,,,deaths,5
nia_nia,2026-09-08,,,,,,deaths,2
nia_nia,2026-09-15,,,,,,deaths,13
nia_nia,2026-09-22,,,,,,deaths,21
nia_nia,2026-09-29,,,,,,deaths,13
nia_nia,2026-10-06,,,,,,deaths,13
nizi,2026-08-18,,,,,,deaths,16
nizi,2026-08-25,,,,,,deaths,9
nizi,2026-09-01,,,,,,deaths,12
nizi,2026-09-08,,,,,,deaths,9
nizi,2026-09-15,,,,,,deaths,0
nizi,2026-09-22,,,,,,deaths,3
nizi,2026-09-29,,,,,,deaths,3
nizi,2026-10-06,,,,,,deaths,7
nyankunde,2026-08-18,,,,,,deaths,0
nyankunde,2026-08-25,,,,,,deaths,0
nyankunde,2026-09-01,,,,,,deaths,0
nyankunde,2026-09-08,,,,,,deaths,1
nyankunde,2026-09-15,,,,,,deaths,0
nyankunde,2026-09-22,,,,,,deaths,1
nyankunde,2026-09-29,,,,,,deaths,0
nyankunde,2026-10-06,,,,,,deaths,0
rimba,2026-08-18,,,,,,deaths,0
rimba,2026-08-25,,,,,,deaths,0
rimba,2026-09-01,,,,,,deaths,0
rimba,2026-09-08,,,,,,deaths,0
rimba,2026-09-15,,,,,,deaths,0
rimba,2026-09-22,,,,,,deaths,0
rimba,2026-09-29,,,,,,deaths,0
rimba,2026-10-06,,,,,,deaths,1
rwampara,2026-08-18,,,,,,deaths,29
rwampara,2026-08-25,,,,,,deaths,3
rwampara,2026-09-01,,,,,,deaths,6
rwampara,2026-09-08,,,,,,deaths,7
rwampara,2026-09-15,,,,,,deaths,2
rwampara,2026-09-22,,,,,,deaths,9
rwampara,2026-09-29,,,,,,deaths,10
rwampara,2026-10-06,,,,,,deaths,19
tchomia,2026-08-18,,,,,,deaths,1
tchomia,2026-08-25,,,,,,deaths,0
tchomia,2026-09-01,,,,,,deaths,0
tchomia,2026-09-08,,,,,,deaths,0
tchomia,2026-09-15,,,,,,deaths,0
tchomia,2026-09-22,,,,,,deaths,0
tchomia,2026-09-29,,,,,,deaths,0
tchomia,2026-10-06,,,,,,deaths,0
alimbongo,2026-08-18,,,,,,deaths,0
alimbongo,2026-08-25,,,,,,deaths,0
alimbongo,2026-09-01,,,,,,deaths,0
alimbongo,2026-09-08,,,,,,deaths,0
alimbongo,2026-09-15,,,,,,deaths,0
alimbongo,2026-09-22,,,,,,deaths,0
alimbongo,2026-09-29,,,,,,deaths,0
alimbongo,2026-10-06,,,,,,deaths,3
beni,2026-08-18,,,,,,deaths,11
beni,2026-08-25,,,,,,deaths,14
beni,2026-09-01,,,,,,deaths,20
beni,2026-09-08,,,,,,deaths,33
beni,2026-09-15,,,,,,deaths,40
beni,2026-09-22,,,,,,deaths,26
beni,2026-09-29,,,,,,deaths,25
beni,2026-10-06,,,,,,deaths,39
biena,2026-08-18,,,,,,deaths,0
biena,2026-08-25,,,,,,deaths,0
biena,2026-09-01,,,,,,deaths,1
biena,2026-09-08,,,,,,deaths,3
biena,2026-09-15,,,,,,deaths,3
biena,2026-09-22,,,,,,deaths,0
biena,2026-09-29,,,,,,deaths,0
biena,2026-10-06,,,,,,deaths,0
butembo,2026-08-18,,,,,,deaths,13
butembo,2026-08-25,,,,,,deaths,12
butembo,2026-09-01,,,,,,deaths,24
butembo,2026-09-08,,,,,,deaths,14
butembo,2026-09-15,,,,,,deaths,9
butembo,2026-09-22,,,,,,deaths,5
butembo,2026-09-29,,,,,,deaths,8
butembo,2026-10-06,,,,,,deaths,10
goma,2026-08-18,,,,,,deaths,0
goma,2026-08-25,,,,,,deaths,0
goma,2026-09-01,,,,,,deaths,0
goma,2026-09-08,,,,,,deaths,0
goma,2026-09-15,,,,,,deaths,0
goma,2026-09-22,,,,,,deaths,0
goma,2026-09-29,,,,,,deaths,0
goma,2026-10-06,,,,,,deaths,0
kalunguta,2026-08-18,,,,,,deaths,2
kalunguta,2026-08-25,,,,,,deaths,1
kalunguta,2026-09-01,,,,,,deaths,0
kalunguta,2026-09-08,,,,,,deaths,2
kalunguta,2026-09-15,,,,,,deaths,3
kalunguta,2026-09-22,,,,,,deaths,4
kalunguta,2026-09-29,,,,,,deaths,2
kalunguta,2026-10-06,,,,,,deaths,4
katwa,2026-08-18,,,,,,deaths,48
katwa,2026-08-25,,,,,,deaths,37
katwa,2026-09-01,,,,,,deaths,29
katwa,2026-09-08,,,,,,deaths,35
katwa,2026-09-15,,,,,,deaths,32
katwa,2026-09-22,,,,,,deaths,11
katwa,2026-09-29,,,,,,deaths,9
katwa,2026-10-06,,,,,,deaths,16
kayna,2026-08-18,,,,,,deaths,0
kayna,2026-08-25,,,,,,deaths,0
kayna,2026-09-01,,,,,,deaths,0
kayna,2026-09-08,,,,,,deaths,0
kayna,2026-09-15,,,,,,deaths,0
kayna,2026-09-22,,,,,,deaths,0
kayna,2026-09-29,,,,,,deaths,0
kayna,2026-10-06,,,,,,deaths,2
kyondo,2026-08-18,,,,,,deaths,2
kyondo,2026-08-25,,,,,,deaths,0
kyondo,2026-09-01,,,,,,deaths,0
kyondo,2026-09-08,,,,,,deaths,5
kyondo,2026-09-15,,,,,,deaths,3
kyondo,2026-09-22,,,,,,deaths,0
kyondo,2026-09-29,,,,,,deaths,0
kyondo,2026-10-06,,,,,,deaths,0
lubero,2026-08-18,,,,,,deaths,0
lubero,2026-08-25,,,,,,deaths,0
lubero,2026-09-01,,,,,,deaths,2
lubero,2026-09-08,,,,,,deaths,1
lubero,2026-09-15,,,,,,deaths,3
lubero,2026-09-22,,,,,,deaths,3
lubero,2026-09-29,,,,,,deaths,1
lubero,2026-10-06,,,,,,deaths,0
mabalako,2026-08-18,,,,,,deaths,1
mabalako,2026-08-25,,,,,,deaths,1
mabalako,2026-09-01,,,,,,deaths,3
mabalako,2026-09-08,,,,,,deaths,2
mabalako,2026-09-15,,,,,,deaths,2
mabalako,2026-09-22,,,,,,deaths,2
mabalako,2026-09-29,,,,,,deaths,1
mabalako,2026-10-06,,,,,,deaths,8
manguredjipa,2026-08-18,,,,,,deaths,0
manguredjipa,2026-08-25,,,,,,deaths,0
manguredjipa,2026-09-01,,,,,,deaths,1
manguredjipa,2026-09-08,,,,,,deaths,2
manguredjipa,2026-09-15,,,,,,deaths,0
manguredjipa,2026-09-22,,,,,,deaths,1
manguredjipa,2026-09-29,,,,,,deaths,1
manguredjipa,2026-10-06,,,,,,deaths,0
masereka,2026-08-18,,,,,,deaths,0
masereka,2026-08-25,,,,,,deaths,0
masereka,2026-09-01,,,,,,deaths,1
masereka,2026-09-08,,,,,,deaths,1
masereka,2026-09-15,,,,,,deaths,3
masereka,2026-09-22,,,,,,deaths,0
masereka,2026-09-29,,,,,,deaths,0
masereka,2026-10-06,,,,,,deaths,2
musienene,2026-08-18,,,,,,deaths,8
musienene,2026-08-25,,,,,,deaths,6
musienene,2026-09-01,,,,,,deaths,4
musienene,2026-09-08,,,,,,deaths,8
musienene,2026-09-15,,,,,,deaths,9
musienene,2026-09-22,,,,,,deaths,1
musienene,2026-09-29,,,,,,deaths,2
musienene,2026-10-06,,,,,,deaths,2
mutwanga,2026-08-18,,,,,,deaths,0
mutwanga,2026-08-25,,,,,,deaths,1
mutwanga,2026-09-01,,,,,,deaths,1
mutwanga,2026-09-08,,,,,,deaths,0
mutwanga,2026-09-15,,,,,,deaths,0
mutwanga,2026-09-22,,,,,,deaths,0
mutwanga,2026-09-29,,,,,,deaths,0
mutwanga,2026-10-06,,,,,,deaths,2
oicha,2026-08-18,,,,,,deaths,0
oicha,2026-08-25,,,,,,deaths,0
oicha,2026-09-01,,,,,,deaths,2
oicha,2026-09-08,,,,,,deaths,0
oicha,2026-09-15,,,,,,deaths,4
oicha,2026-09-22,,,,,,deaths,1
oicha,2026-09-29,,,,,,deaths,3
oicha,2026-10-06,,,,,,deaths,2
vuhovi,2026-08-18,,,,,,deaths,1
vuhovi,2026-08-25,,,,,,deaths,0
vuhovi,2026-09-01,,,,,,deaths,1
vuhovi,2026-09-08,,,,,,deaths,2
vuhovi,2026-09-15,,,,,,deaths,1
vuhovi,2026-09-22,,,,,,deaths,2
vuhovi,2026-09-29,,,,,,deaths,2
vuhovi,2026-10-06,,,,,,deaths,0
boma_mangbetu,2026-08-18,,,,,,deaths,4
boma_mangbetu,2026-08-25,,,,,,deaths,5
boma_mangbetu,2026-09-01,,,,,,deaths,0
boma_mangbetu,2026-09-08,,,,,,deaths,0
boma_mangbetu,2026-09-15,,,,,,deaths,1
boma_mangbetu,2026-09-22,,,,,,deaths,0
boma_mangbetu,2026-09-29,,,,,,deaths,2
boma_mangbetu,2026-10-06,,,,,,deaths,2
dungu,2026-08-18,,,,,,deaths,0
dungu,2026-08-25,,,,,,deaths,0
dungu,2026-09-01,,,,,,deaths,0
dungu,2026-09-08,,,,,,deaths,0
dungu,2026-09-15,,,,,,deaths,0
dungu,2026-09-22,,,,,,deaths,1
dungu,2026-09-29,,,,,,deaths,0
dungu,2026-10-06,,,,,,deaths,0
gombari,2026-08-18,,,,,,deaths,0
gombari,2026-08-25,,,,,,deaths,0
gombari,2026-09-01,,,,,,deaths,0
gombari,2026-09-08,,,,,,deaths,0
gombari,2026-09-15,,,,,,deaths,0
gombari,2026-09-22,,,,,,deaths,0
gombari,2026-09-29,,,,,,deaths,0
gombari,2026-10-06,,,,,,deaths,0
isiro,2026-08-18,,,,,,deaths,8
isiro,2026-08-25,,,,,,deaths,8
isiro,2026-09-01,,,,,,deaths,2
isiro,2026-09-08,,,,,,deaths,3
isiro,2026-09-15,,,,,,deaths,5
isiro,2026-09-22,,,,,,deaths,1
isiro,2026-09-29,,,,,,deaths,1
isiro,2026-10-06,,,,,,deaths,0
pawa,2026-08-18,,,,,,deaths,3
pawa,2026-08-25,,,,,,deaths,1
pawa,2026-09-01,,,,,,deaths,7
pawa,2026-09-08,,,,,,deaths,1
pawa,2026-09-15,,,,,,deaths,3
pawa,2026-09-22,,,,,,deaths,7
pawa,2026-09-29,,,,,,deaths,6
pawa,2026-10-06,,,,,,deaths,4
rungu,2026-08-18,,,,,,deaths,0
rungu,2026-08-25,,,,,,deaths,0
rungu,2026-09-01,,,,,,deaths,0
rungu,2026-09-08,,,,,,deaths,1
rungu,2026-09-15,,,,,,deaths,0
rungu,2026-09-22,,,,,,deaths,0
rungu,2026-09-29,,,,,,deaths,0
rungu,2026-10-06,,,,,,deaths,1
wamba,2026-08-18,,,,,,deaths,6
wamba,2026-08-25,,,,,,deaths,6
wamba,2026-09-01,,,,,,deaths,3
wamba,2026-09-08,,,,,,deaths,1
wamba,2026-09-15,,,,,,deaths,2
wamba,2026-09-22,,,,,,deaths,3
wamba,2026-09-29,,,,,,deaths,5
wamba,2026-10-06,,,,,,deaths,2
miti_murhesa,2026-08-18,,,,,,deaths,0
miti_murhesa,2026-08-25,,,,,,deaths,0
miti_murhesa,2026-09-01,,,,,,deaths,0
miti_murhesa,2026-09-08,,,,,,deaths,0
miti_murhesa,2026-09-15,,,,,,deaths,0
miti_murhesa,2026-09-22,,,,,,deaths,0
miti_murhesa,2026-09-29,,,,,,deaths,0
miti_murhesa,2026-10-06,,,,,,deaths,0
bafwasende,2026-08-18,,,,,,deaths,0
bafwasende,2026-08-25,,,,,,deaths,0
bafwasende,2026-09-01,,,,,,deaths,0
bafwasende,2026-09-08,,,,,,deaths,0
bafwasende,2026-09-15,,,,,,deaths,1
bafwasende,2026-09-22,,,,,,deaths,0
bafwasende,2026-09-29,,,,,,deaths,0
bafwasende,2026-10-06,,,,,,deaths,0
kabondo,2026-08-18,,,,,,deaths,1
kabondo,2026-08-25,,,,,,deaths,0
kabondo,2026-09-01,,,,,,deaths,0
kabondo,2026-09-08,,,,,,deaths,0
kabondo,2026-09-15,,,,,,deaths,0
kabondo,2026-09-22,,,,,,deaths,0
kabondo,2026-09-29,,,,,,deaths,0
kabondo,2026-10-06,,,,,,deaths,0
lubunga,2026-08-18,,,,,,deaths,0
lubunga,2026-08-25,,,,,,deaths,0
lubunga,2026-09-01,,,,,,deaths,0
lubunga,2026-09-08,,,,,,deaths,0
lubunga,2026-09-15,,,,,,deaths,0
lubunga,2026-09-22,,,,,,deaths,0
lubunga,2026-09-29,,,,,,deaths,0
lubunga,2026-10-06,,,,,,deaths,0
makiso_kisangani,2026-08-18,,,,,,deaths,1
makiso_kisangani,2026-08-25,,,,,,deaths,1
makiso_kisangani,2026-09-01,,,,,,deaths,1
makiso_kisangani,2026-09-08,,,,,,deaths,0
makiso_kisangani,2026-09-15,,,,,,deaths,0
makiso_kisangani,2026-09-22,,,,,,deaths,4
makiso_kisangani,2026-09-29,,,,,,deaths,1
makiso_kisangani,2026-10-06,,,,,,deaths,1
mangobo,2026-08-18,,,,,,deaths,0
mangobo,2026-08-25,,,,,,deaths,1
mangobo,2026-09-01,,,,,,deaths,0
mangobo,2026-09-08,,,,,,deaths,0
mangobo,2026-09-15,,,,,,deaths,0
mangobo,2026-09-22,,,,,,deaths,1
mangobo,2026-09-29,,,,,,deaths,0
mangobo,2026-10-06,,,,,,deaths,1
tshopo,2026-08-18,,,,,,deaths,0
tshopo,2026-08-25,,,,,,deaths,0
tshopo,2026-09-01,,,,,,deaths,0
tshopo,2026-09-08,,,,,,deaths,0
tshopo,2026-09-15,,,,,,deaths,0
tshopo,2026-09-22,,,,,,deaths,0
tshopo,2026-09-29,,,,,,deaths,0
tshopo,2026-10-06,,,,,,deaths,0
wanie_rukula,2026-08-18,,,,,,deaths,0
wanie_rukula,2026-08-25,,,,,,deaths,1
wanie_rukula,2026-09-01,,,,,,deaths,0
wanie_rukula,2026-09-08,,,,,,deaths,0
wanie_rukula,2026-09-15,,,,,,deaths,0
wanie_rukula,2026-09-22,,,,,,deaths,0
wanie_rukula,2026-09-29,,,,,,deaths,0
wanie_rukula,2026-10-06,,,,,,deaths,0
buta,2026-08-18,,,,,,deaths,1
buta,2026-08-25,,,,,,deaths,0
buta,2026-09-01,,,,,,deaths,0
buta,2026-09-08,,,,,,deaths,0
buta,2026-09-15,,,,,,deaths,0
buta,2026-09-22,,,,,,deaths,0
buta,2026-09-29,,,,,,deaths,0
buta,2026-10-06,,,,,,deaths,0
ganga,2026-08-18,,,,,,deaths,0
ganga,2026-08-25,,,,,,deaths,0
ganga,2026-09-01,,,,,,deaths,2
ganga,2026-09-08,,,,,,deaths,0
ganga,2026-09-15,,,,,,deaths,0
ganga,2026-09-22,,,,,,deaths,0
ganga,2026-09-29,,,,,,deaths,0
ganga,2026-10-06,,,,,,deaths,0
viadana,2026-08-18,,,,,,deaths,0
viadana,2026-08-25,,,,,,deaths,0
viadana,2026-09-01,,,,,,deaths,0
viadana,2026-09-08,,,,,,deaths,0
viadana,2026-09-15,,,,,,deaths,1
viadana,2026-09-22,,,,,,deaths,0
viadana,2026-09-29,,,,,,deaths,0
viadana,2026-10-06,,,,,,deaths,0
bulu,2026-08-18,,,,,,deaths,0
bulu,2026-08-25,,,,,,deaths,0
bulu,2026-09-01,,,,,,deaths,0
bulu,2026-09-08,,,,,,deaths,0
bulu,2026-09-15,,,,,,deaths,1
bulu,2026-09-22,,,,,,deaths,0
bulu,2026-09-29,,,,,,deaths,0
bulu,2026-10-06,,,,,,deaths,0
