area,date,median,lower_90,upper_90,lower_50,upper_50,series,count
ariwara,2026-08-01,1.025,0.919,1.149,0.979,1.073,rt,
ariwara,2026-08-02,1.011,0.897,1.14,0.959,1.062,rt,
ariwara,2026-08-03,0.994,0.871,1.133,0.94,1.049,rt,
ariwara,2026-08-04,0.992,0.876,1.12,0.943,1.043,rt,
ariwara,2026-08-05,0.989,0.876,1.114,0.943,1.039,rt,
ariwara,2026-08-06,0.985,0.871,1.11,0.939,1.035,rt,
ariwara,2026-08-07,0.976,0.867,1.092,0.932,1.024,rt,
ariwara,2026-08-08,0.966,0.859,1.077,0.923,1.013,rt,
ariwara,2026-08-09,0.957,0.845,1.068,0.91,1.002,rt,
ariwara,2026-08-10,0.936,0.817,1.049,0.885,0.981,rt,
ariwara,2026-08-11,0.924,0.813,1.029,0.876,0.966,rt,
ariwara,2026-08-12,0.915,0.806,1.015,0.868,0.953,rt,
ariwara,2026-08-13,0.903,0.798,1.003,0.859,0.942,rt,
ariwara,2026-08-14,0.893,0.795,0.989,0.853,0.929,rt,
ariwara,2026-08-15,0.881,0.785,0.978,0.844,0.919,rt,
ariwara,2026-08-16,0.871,0.768,0.971,0.832,0.91,rt,
ariwara,2026-08-17,0.868,0.76,0.975,0.827,0.912,rt,
ariwara,2026-08-18,0.872,0.771,0.978,0.832,0.916,rt,
ariwara,2026-08-19,0.875,0.772,0.983,0.835,0.919,rt,
ariwara,2026-08-20,0.876,0.775,0.985,0.837,0.921,rt,
ariwara,2026-08-21,0.884,0.784,0.987,0.844,0.927,rt,
ariwara,2026-08-22,0.888,0.787,0.992,0.849,0.93,rt,
ariwara,2026-08-23,0.892,0.784,0.995,0.85,0.935,rt,
ariwara,2026-08-24,0.905,0.788,1.018,0.858,0.95,rt,
ariwara,2026-08-25,0.925,0.81,1.037,0.879,0.968,rt,
ariwara,2026-08-26,0.943,0.833,1.057,0.897,0.988,rt,
ariwara,2026-08-27,0.961,0.85,1.08,0.913,1.007,rt,
ariwara,2026-08-28,0.979,0.871,1.092,0.931,1.024,rt,
ariwara,2026-08-29,0.994,0.887,1.108,0.947,1.04,rt,
ariwara,2026-08-30,1.007,0.893,1.124,0.959,1.054,rt,
ariwara,2026-08-31,1.006,0.887,1.127,0.958,1.054,rt,
ariwara,2026-09-01,1.013,0.902,1.134,0.969,1.062,rt,
ariwara,2026-09-02,1.021,0.912,1.143,0.976,1.072,rt,
ariwara,2026-09-03,1.026,0.916,1.156,0.98,1.081,rt,
ariwara,2026-09-04,1.028,0.921,1.149,0.984,1.08,rt,
ariwara,2026-09-05,1.027,0.921,1.148,0.983,1.076,rt,
ariwara,2026-09-06,1.023,0.91,1.145,0.977,1.074,rt,
ariwara,2026-09-07,1.002,0.881,1.128,0.953,1.054,rt,
ariwara,2026-09-08,0.988,0.866,1.11,0.937,1.039,rt,
ariwara,2026-09-09,0.97,0.847,1.094,0.922,1.022,rt,
ariwara,2026-09-10,0.952,0.828,1.079,0.904,1.007,rt,
ariwara,2026-09-11,0.929,0.812,1.061,0.881,0.987,rt,
ariwara,2026-09-12,0.907,0.79,1.041,0.855,0.964,rt,
ariwara,2026-09-13,0.884,0.763,1.02,0.829,0.938,rt,
ariwara,2026-09-14,0.871,0.74,1.019,0.814,0.927,rt,
ariwara,2026-09-15,0.871,0.742,1.022,0.815,0.927,rt,
ariwara,2026-09-16,0.871,0.738,1.025,0.814,0.931,rt,
ariwara,2026-09-17,0.871,0.732,1.033,0.815,0.935,rt,
ariwara,2026-09-18,0.877,0.735,1.038,0.817,0.941,rt,
ariwara,2026-09-19,0.882,0.734,1.052,0.818,0.947,rt,
ariwara,2026-09-20,0.886,0.73,1.065,0.817,0.956,rt,
ariwara,2026-09-21,0.896,0.723,1.092,0.823,0.973,rt,
ariwara,2026-09-22,0.905,0.728,1.106,0.831,0.988,rt,
ariwara,2026-09-23,0.912,0.727,1.126,0.834,1.001,rt,
ariwara,2026-09-24,0.92,0.729,1.149,0.837,1.015,rt,
ariwara,2026-09-25,0.93,0.724,1.169,0.84,1.023,rt,
ariwara,2026-09-26,0.931,0.72,1.193,0.841,1.036,rt,
ariwara,2026-09-27,0.935,0.707,1.208,0.837,1.046,rt,
ariwara,2026-09-28,0.927,0.692,1.219,0.824,1.041,rt,
ariwara,2026-09-29,0.926,0.675,1.221,0.816,1.043,rt,
ariwara,2026-09-30,0.925,0.665,1.216,0.813,1.044,rt,
ariwara,2026-10-01,0.919,0.655,1.228,0.805,1.05,rt,
ariwara,2026-10-02,0.917,0.638,1.231,0.794,1.047,rt,
ariwara,2026-10-03,0.911,0.613,1.257,0.783,1.047,rt,
ariwara,2026-10-04,0.907,0.588,1.294,0.767,1.051,rt,
ariwara,2026-10-05,0.89,0.555,1.321,0.75,1.049,rt,
ariwara,2026-10-06,0.903,0.561,1.328,0.752,1.06,rt,
aru,2026-06-07,1.334,1.081,1.631,1.227,1.451,rt,
aru,2026-06-08,1.326,1.074,1.635,1.215,1.44,rt,
aru,2026-06-09,1.314,1.077,1.603,1.213,1.429,rt,
aru,2026-06-10,1.299,1.076,1.57,1.203,1.412,rt,
aru,2026-06-11,1.288,1.066,1.547,1.193,1.395,rt,
aru,2026-06-12,1.279,1.064,1.526,1.185,1.38,rt,
aru,2026-06-13,1.266,1.058,1.507,1.173,1.366,rt,
aru,2026-06-14,1.25,1.045,1.501,1.161,1.35,rt,
aru,2026-06-15,1.241,1.038,1.499,1.151,1.341,rt,
aru,2026-06-16,1.24,1.041,1.479,1.153,1.331,rt,
aru,2026-06-17,1.237,1.049,1.458,1.155,1.324,rt,
aru,2026-06-18,1.232,1.047,1.448,1.154,1.316,rt,
aru,2026-06-19,1.227,1.052,1.434,1.153,1.312,rt,
aru,2026-06-20,1.224,1.054,1.431,1.151,1.307,rt,
aru,2026-06-21,1.22,1.046,1.423,1.144,1.3,rt,
aru,2026-06-22,1.229,1.049,1.444,1.148,1.309,rt,
aru,2026-06-23,1.23,1.056,1.427,1.151,1.304,rt,
aru,2026-06-24,1.229,1.06,1.418,1.152,1.301,rt,
aru,2026-06-25,1.224,1.062,1.412,1.154,1.297,rt,
aru,2026-06-26,1.213,1.057,1.391,1.151,1.284,rt,
aru,2026-06-27,1.206,1.047,1.381,1.143,1.272,rt,
aru,2026-06-28,1.198,1.04,1.368,1.136,1.263,rt,
aru,2026-06-29,1.168,1.007,1.338,1.103,1.235,rt,
aru,2026-06-30,1.147,0.999,1.295,1.086,1.209,rt,
aru,2026-07-01,1.129,0.985,1.261,1.073,1.186,rt,
aru,2026-07-02,1.111,0.973,1.239,1.055,1.165,rt,
aru,2026-07-03,1.097,0.967,1.221,1.043,1.149,rt,
aru,2026-07-04,1.081,0.951,1.211,1.03,1.137,rt,
aru,2026-07-05,1.066,0.934,1.201,1.015,1.125,rt,
aru,2026-07-06,1.06,0.919,1.205,1.006,1.121,rt,
aru,2026-07-07,1.069,0.936,1.206,1.017,1.126,rt,
aru,2026-07-08,1.079,0.952,1.211,1.025,1.134,rt,
aru,2026-07-09,1.087,0.961,1.215,1.034,1.141,rt,
aru,2026-07-10,1.094,0.968,1.219,1.042,1.144,rt,
aru,2026-07-11,1.098,0.968,1.226,1.048,1.151,rt,
aru,2026-07-12,1.103,0.964,1.241,1.051,1.155,rt,
aru,2026-07-13,1.098,0.949,1.25,1.041,1.157,rt,
aru,2026-07-14,1.095,0.957,1.239,1.042,1.151,rt,
aru,2026-07-15,1.092,0.962,1.23,1.042,1.147,rt,
aru,2026-07-16,1.091,0.965,1.224,1.037,1.144,rt,
aru,2026-07-17,1.091,0.971,1.224,1.041,1.144,rt,
aru,2026-07-18,1.092,0.968,1.226,1.042,1.143,rt,
aru,2026-07-19,1.091,0.96,1.23,1.038,1.143,rt,
aru,2026-07-20,1.089,0.952,1.239,1.034,1.145,rt,
aru,2026-07-21,1.088,0.957,1.227,1.033,1.139,rt,
aru,2026-07-22,1.084,0.958,1.216,1.031,1.134,rt,
aru,2026-07-23,1.077,0.954,1.203,1.024,1.13,rt,
aru,2026-07-24,1.072,0.948,1.2,1.023,1.123,rt,
aru,2026-07-25,1.063,0.945,1.191,1.015,1.114,rt,
aru,2026-07-26,1.054,0.935,1.188,1.005,1.104,rt,
aru,2026-07-27,1.046,0.922,1.187,0.996,1.098,rt,
aru,2026-07-28,1.04,0.927,1.173,0.993,1.092,rt,
aru,2026-07-29,1.035,0.927,1.163,0.99,1.086,rt,
aru,2026-07-30,1.027,0.921,1.155,0.982,1.077,rt,
aru,2026-07-31,1.016,0.912,1.138,0.971,1.062,rt,
aru,2026-08-01,1.006,0.893,1.126,0.958,1.051,rt,
aru,2026-08-02,0.992,0.874,1.118,0.942,1.039,rt,
aru,2026-08-03,0.978,0.851,1.113,0.926,1.027,rt,
aru,2026-08-04,0.974,0.856,1.103,0.925,1.025,rt,
aru,2026-08-05,0.973,0.856,1.097,0.924,1.022,rt,
aru,2026-08-06,0.97,0.852,1.095,0.922,1.017,rt,
aru,2026-08-07,0.96,0.847,1.079,0.916,1.005,rt,
aru,2026-08-08,0.952,0.84,1.066,0.907,0.996,rt,
aru,2026-08-09,0.942,0.826,1.057,0.896,0.99,rt,
aru,2026-08-10,0.921,0.799,1.04,0.872,0.97,rt,
aru,2026-08-11,0.911,0.799,1.018,0.866,0.955,rt,
aru,2026-08-12,0.9,0.792,1.003,0.858,0.942,rt,
aru,2026-08-13,0.889,0.784,0.996,0.85,0.933,rt,
aru,2026-08-14,0.881,0.782,0.983,0.841,0.92,rt,
aru,2026-08-15,0.871,0.773,0.972,0.831,0.91,rt,
aru,2026-08-16,0.861,0.759,0.964,0.818,0.902,rt,
aru,2026-08-17,0.857,0.747,0.969,0.815,0.902,rt,
aru,2026-08-18,0.862,0.754,0.968,0.821,0.905,rt,
aru,2026-08-19,0.865,0.759,0.969,0.824,0.91,rt,
aru,2026-08-20,0.868,0.76,0.974,0.826,0.914,rt,
aru,2026-08-21,0.875,0.772,0.974,0.834,0.917,rt,
aru,2026-08-22,0.88,0.778,0.981,0.838,0.922,rt,
aru,2026-08-23,0.884,0.776,0.988,0.84,0.924,rt,
aru,2026-08-24,0.894,0.78,1.008,0.849,0.939,rt,
aru,2026-08-25,0.914,0.801,1.026,0.869,0.959,rt,
aru,2026-08-26,0.932,0.824,1.048,0.887,0.978,rt,
aru,2026-08-27,0.951,0.844,1.068,0.903,0.996,rt,
aru,2026-08-28,0.967,0.863,1.08,0.92,1.014,rt,
aru,2026-08-29,0.982,0.877,1.096,0.937,1.031,rt,
aru,2026-08-30,0.994,0.885,1.113,0.95,1.045,rt,
aru,2026-08-31,0.994,0.883,1.117,0.948,1.045,rt,
aru,2026-09-01,1.002,0.893,1.122,0.956,1.055,rt,
aru,2026-09-02,1.008,0.901,1.133,0.965,1.063,rt,
aru,2026-09-03,1.015,0.904,1.143,0.969,1.069,rt,
aru,2026-09-04,1.018,0.913,1.139,0.973,1.069,rt,
aru,2026-09-05,1.017,0.912,1.137,0.971,1.063,rt,
aru,2026-09-06,1.014,0.902,1.132,0.965,1.062,rt,
aru,2026-09-07,0.993,0.871,1.113,0.943,1.043,rt,
aru,2026-09-08,0.977,0.859,1.098,0.927,1.026,rt,
aru,2026-09-09,0.961,0.842,1.084,0.912,1.011,rt,
aru,2026-09-10,0.942,0.821,1.076,0.893,0.993,rt,
aru,2026-09-11,0.921,0.804,1.05,0.872,0.972,rt,
aru,2026-09-12,0.898,0.782,1.026,0.85,0.949,rt,
aru,2026-09-13,0.873,0.752,1.005,0.825,0.926,rt,
aru,2026-09-14,0.86,0.731,1.005,0.807,0.916,rt,
aru,2026-09-15,0.862,0.731,1.004,0.807,0.919,rt,
aru,2026-09-16,0.863,0.729,1.01,0.808,0.921,rt,
aru,2026-09-17,0.863,0.73,1.016,0.808,0.927,rt,
aru,2026-09-18,0.87,0.731,1.026,0.811,0.932,rt,
aru,2026-09-19,0.875,0.729,1.046,0.814,0.938,rt,
aru,2026-09-20,0.88,0.721,1.052,0.812,0.945,rt,
aru,2026-09-21,0.889,0.723,1.074,0.819,0.962,rt,
aru,2026-09-22,0.899,0.726,1.087,0.826,0.978,rt,
aru,2026-09-23,0.909,0.727,1.104,0.83,0.99,rt,
aru,2026-09-24,0.918,0.726,1.131,0.834,1.006,rt,
aru,2026-09-25,0.925,0.721,1.155,0.834,1.018,rt,
aru,2026-09-26,0.927,0.713,1.174,0.834,1.029,rt,
aru,2026-09-27,0.932,0.705,1.208,0.832,1.035,rt,
aru,2026-09-28,0.924,0.68,1.217,0.816,1.031,rt,
aru,2026-09-29,0.92,0.674,1.222,0.813,1.032,rt,
aru,2026-09-30,0.918,0.665,1.223,0.806,1.035,rt,
aru,2026-10-01,0.917,0.653,1.226,0.797,1.038,rt,
aru,2026-10-02,0.911,0.638,1.223,0.789,1.041,rt,
aru,2026-10-03,0.911,0.615,1.248,0.779,1.041,rt,
aru,2026-10-04,0.904,0.584,1.275,0.763,1.047,rt,
aru,2026-10-05,0.889,0.556,1.301,0.744,1.046,rt,
aru,2026-10-06,0.904,0.556,1.3,0.746,1.049,rt,
aungba,2026-07-09,1.106,0.976,1.236,1.054,1.16,rt,
aungba,2026-07-10,1.111,0.985,1.235,1.059,1.165,rt,
aungba,2026-07-11,1.114,0.988,1.242,1.064,1.171,rt,
aungba,2026-07-12,1.119,0.985,1.256,1.066,1.176,rt,
aungba,2026-07-13,1.114,0.971,1.264,1.056,1.174,rt,
aungba,2026-07-14,1.11,0.98,1.252,1.056,1.169,rt,
aungba,2026-07-15,1.108,0.979,1.243,1.055,1.163,rt,
aungba,2026-07-16,1.105,0.977,1.236,1.052,1.158,rt,
aungba,2026-07-17,1.104,0.984,1.235,1.055,1.157,rt,
aungba,2026-07-18,1.105,0.983,1.24,1.052,1.156,rt,
aungba,2026-07-19,1.102,0.975,1.241,1.049,1.154,rt,
aungba,2026-07-20,1.1,0.965,1.251,1.043,1.156,rt,
aungba,2026-07-21,1.097,0.968,1.235,1.042,1.149,rt,
aungba,2026-07-22,1.092,0.969,1.227,1.039,1.143,rt,
aungba,2026-07-23,1.085,0.962,1.223,1.034,1.141,rt,
aungba,2026-07-24,1.078,0.963,1.205,1.031,1.133,rt,
aungba,2026-07-25,1.073,0.952,1.196,1.024,1.124,rt,
aungba,2026-07-26,1.063,0.94,1.192,1.012,1.114,rt,
aungba,2026-07-27,1.056,0.928,1.189,1.0,1.108,rt,
aungba,2026-07-28,1.05,0.935,1.18,1.001,1.101,rt,
aungba,2026-07-29,1.043,0.934,1.169,0.997,1.092,rt,
aungba,2026-07-30,1.037,0.925,1.162,0.988,1.084,rt,
aungba,2026-07-31,1.023,0.916,1.145,0.979,1.071,rt,
aungba,2026-08-01,1.011,0.904,1.136,0.965,1.059,rt,
aungba,2026-08-02,0.999,0.88,1.126,0.948,1.047,rt,
aungba,2026-08-03,0.986,0.857,1.123,0.932,1.035,rt,
aungba,2026-08-04,0.983,0.858,1.115,0.931,1.031,rt,
aungba,2026-08-05,0.981,0.861,1.103,0.929,1.028,rt,
aungba,2026-08-06,0.978,0.859,1.102,0.929,1.024,rt,
aungba,2026-08-07,0.968,0.855,1.084,0.922,1.011,rt,
aungba,2026-08-08,0.96,0.848,1.07,0.912,1.003,rt,
aungba,2026-08-09,0.949,0.837,1.061,0.901,0.994,rt,
aungba,2026-08-10,0.927,0.812,1.043,0.878,0.973,rt,
aungba,2026-08-11,0.915,0.808,1.023,0.868,0.959,rt,
aungba,2026-08-12,0.903,0.801,1.012,0.86,0.945,rt,
aungba,2026-08-13,0.893,0.79,0.998,0.851,0.934,rt,
aungba,2026-08-14,0.883,0.785,0.986,0.844,0.923,rt,
aungba,2026-08-15,0.874,0.772,0.976,0.834,0.912,rt,
aungba,2026-08-16,0.864,0.757,0.97,0.822,0.902,rt,
aungba,2026-08-17,0.861,0.751,0.973,0.817,0.902,rt,
aungba,2026-08-18,0.865,0.757,0.973,0.823,0.905,rt,
aungba,2026-08-19,0.866,0.76,0.974,0.827,0.91,rt,
aungba,2026-08-20,0.869,0.761,0.975,0.827,0.912,rt,
aungba,2026-08-21,0.875,0.773,0.976,0.834,0.917,rt,
aungba,2026-08-22,0.879,0.777,0.981,0.838,0.924,rt,
aungba,2026-08-23,0.881,0.775,0.987,0.837,0.926,rt,
aungba,2026-08-24,0.894,0.778,1.007,0.847,0.94,rt,
aungba,2026-08-25,0.913,0.8,1.028,0.866,0.958,rt,
aungba,2026-08-26,0.932,0.823,1.046,0.886,0.977,rt,
aungba,2026-08-27,0.95,0.838,1.066,0.901,0.996,rt,
aungba,2026-08-28,0.965,0.857,1.078,0.92,1.011,rt,
aungba,2026-08-29,0.979,0.87,1.093,0.935,1.026,rt,
aungba,2026-08-30,0.992,0.88,1.109,0.947,1.04,rt,
aungba,2026-08-31,0.991,0.875,1.111,0.944,1.04,rt,
aungba,2026-09-01,1.0,0.888,1.117,0.954,1.046,rt,
aungba,2026-09-02,1.006,0.899,1.124,0.96,1.055,rt,
aungba,2026-09-03,1.012,0.905,1.134,0.965,1.062,rt,
aungba,2026-09-04,1.013,0.906,1.13,0.967,1.058,rt,
aungba,2026-09-05,1.011,0.905,1.128,0.968,1.058,rt,
aungba,2026-09-06,1.006,0.894,1.127,0.962,1.053,rt,
aungba,2026-09-07,0.985,0.864,1.108,0.936,1.031,rt,
aungba,2026-09-08,0.971,0.85,1.09,0.92,1.015,rt,
aungba,2026-09-09,0.954,0.831,1.07,0.903,1.001,rt,
aungba,2026-09-10,0.934,0.812,1.06,0.883,0.984,rt,
aungba,2026-09-11,0.911,0.796,1.038,0.863,0.962,rt,
aungba,2026-09-12,0.888,0.772,1.018,0.842,0.94,rt,
aungba,2026-09-13,0.865,0.743,1.0,0.816,0.917,rt,
aungba,2026-09-14,0.851,0.723,0.997,0.798,0.908,rt,
aungba,2026-09-15,0.85,0.723,0.997,0.797,0.907,rt,
aungba,2026-09-16,0.854,0.725,0.999,0.797,0.912,rt,
aungba,2026-09-17,0.855,0.724,1.006,0.799,0.917,rt,
aungba,2026-09-18,0.859,0.726,1.014,0.803,0.923,rt,
aungba,2026-09-19,0.863,0.722,1.031,0.802,0.929,rt,
aungba,2026-09-20,0.869,0.715,1.045,0.804,0.938,rt,
aungba,2026-09-21,0.878,0.712,1.065,0.811,0.955,rt,
aungba,2026-09-22,0.89,0.717,1.083,0.817,0.968,rt,
aungba,2026-09-23,0.898,0.721,1.107,0.82,0.982,rt,
aungba,2026-09-24,0.905,0.721,1.128,0.825,0.993,rt,
aungba,2026-09-25,0.912,0.715,1.149,0.825,1.008,rt,
aungba,2026-09-26,0.916,0.702,1.166,0.825,1.018,rt,
aungba,2026-09-27,0.918,0.687,1.195,0.822,1.027,rt,
aungba,2026-09-28,0.91,0.664,1.197,0.807,1.025,rt,
aungba,2026-09-29,0.907,0.656,1.197,0.8,1.023,rt,
aungba,2026-09-30,0.905,0.646,1.203,0.797,1.022,rt,
aungba,2026-10-01,0.902,0.631,1.215,0.787,1.026,rt,
aungba,2026-10-02,0.897,0.622,1.215,0.777,1.028,rt,
aungba,2026-10-03,0.897,0.598,1.243,0.766,1.028,rt,
aungba,2026-10-04,0.889,0.568,1.272,0.75,1.029,rt,
aungba,2026-10-05,0.876,0.539,1.294,0.731,1.026,rt,
aungba,2026-10-06,0.888,0.541,1.303,0.732,1.042,rt,
bambu,2026-05-22,1.54,0.972,2.28,1.299,1.805,rt,
bambu,2026-05-23,1.49,0.943,2.222,1.268,1.766,rt,
bambu,2026-05-24,1.455,0.909,2.198,1.22,1.74,rt,
bambu,2026-05-25,1.42,0.862,2.195,1.177,1.705,rt,
bambu,2026-05-26,1.423,0.9,2.153,1.188,1.689,rt,
bambu,2026-05-27,1.437,0.92,2.105,1.212,1.689,rt,
bambu,2026-05-28,1.45,0.954,2.094,1.218,1.677,rt,
bambu,2026-05-29,1.456,0.96,2.091,1.228,1.684,rt,
bambu,2026-05-30,1.465,0.963,2.112,1.238,1.703,rt,
bambu,2026-05-31,1.471,0.952,2.172,1.244,1.718,rt,
bambu,2026-06-01,1.487,0.953,2.278,1.248,1.755,rt,
bambu,2026-06-02,1.524,1.012,2.23,1.303,1.775,rt,
bambu,2026-06-03,1.561,1.068,2.225,1.353,1.8,rt,
bambu,2026-06-04,1.603,1.12,2.224,1.393,1.815,rt,
bambu,2026-06-05,1.632,1.165,2.221,1.419,1.84,rt,
bambu,2026-06-06,1.639,1.179,2.256,1.431,1.866,rt,
bambu,2026-06-07,1.645,1.17,2.307,1.44,1.896,rt,
bambu,2026-06-08,1.646,1.149,2.373,1.43,1.916,rt,
bambu,2026-06-09,1.647,1.192,2.281,1.445,1.884,rt,
bambu,2026-06-10,1.637,1.214,2.227,1.446,1.859,rt,
bambu,2026-06-11,1.631,1.225,2.204,1.444,1.843,rt,
bambu,2026-06-12,1.626,1.226,2.184,1.441,1.842,rt,
bambu,2026-06-13,1.615,1.202,2.194,1.43,1.839,rt,
bambu,2026-06-14,1.597,1.177,2.226,1.417,1.843,rt,
bambu,2026-06-15,1.59,1.147,2.272,1.4,1.849,rt,
bambu,2026-06-16,1.593,1.187,2.198,1.412,1.822,rt,
bambu,2026-06-17,1.596,1.218,2.137,1.416,1.81,rt,
bambu,2026-06-18,1.6,1.24,2.096,1.423,1.79,rt,
bambu,2026-06-19,1.603,1.234,2.092,1.433,1.786,rt,
bambu,2026-06-20,1.597,1.214,2.09,1.433,1.784,rt,
bambu,2026-06-21,1.589,1.187,2.111,1.422,1.791,rt,
bambu,2026-06-22,1.599,1.159,2.169,1.418,1.829,rt,
bambu,2026-06-23,1.597,1.191,2.115,1.423,1.793,rt,
bambu,2026-06-24,1.586,1.216,2.063,1.429,1.775,rt,
bambu,2026-06-25,1.577,1.233,2.03,1.427,1.754,rt,
bambu,2026-06-26,1.556,1.218,2.012,1.406,1.726,rt,
bambu,2026-06-27,1.539,1.187,2.014,1.384,1.714,rt,
bambu,2026-06-28,1.52,1.14,2.018,1.355,1.708,rt,
bambu,2026-06-29,1.47,1.069,2.019,1.299,1.675,rt,
bambu,2026-06-30,1.424,1.069,1.901,1.269,1.599,rt,
bambu,2026-07-01,1.379,1.057,1.801,1.238,1.534,rt,
bambu,2026-07-02,1.336,1.033,1.726,1.202,1.473,rt,
bambu,2026-07-03,1.3,0.999,1.669,1.174,1.428,rt,
bambu,2026-07-04,1.264,0.97,1.633,1.138,1.401,rt,
bambu,2026-07-05,1.231,0.921,1.622,1.097,1.376,rt,
bambu,2026-07-06,1.203,0.872,1.64,1.057,1.365,rt,
bambu,2026-07-07,1.207,0.895,1.603,1.072,1.35,rt,
bambu,2026-07-08,1.205,0.916,1.572,1.081,1.339,rt,
bambu,2026-07-09,1.204,0.925,1.555,1.088,1.339,rt,
bambu,2026-07-10,1.205,0.922,1.544,1.086,1.332,rt,
bambu,2026-07-11,1.2,0.909,1.557,1.072,1.335,rt,
bambu,2026-07-12,1.193,0.892,1.581,1.058,1.339,rt,
bambu,2026-07-13,1.181,0.864,1.616,1.038,1.343,rt,
bambu,2026-07-14,1.186,0.9,1.578,1.055,1.333,rt,
bambu,2026-07-15,1.191,0.938,1.55,1.064,1.326,rt,
bambu,2026-07-16,1.195,0.955,1.538,1.079,1.327,rt,
bambu,2026-07-17,1.207,0.956,1.56,1.091,1.336,rt,
bambu,2026-07-18,1.217,0.951,1.591,1.094,1.355,rt,
bambu,2026-07-19,1.222,0.94,1.624,1.092,1.373,rt,
bambu,2026-07-20,1.227,0.912,1.684,1.084,1.411,rt,
bambu,2026-07-21,1.238,0.941,1.634,1.105,1.395,rt,
bambu,2026-07-22,1.242,0.961,1.594,1.117,1.383,rt,
bambu,2026-07-23,1.249,0.971,1.596,1.12,1.381,rt,
bambu,2026-07-24,1.252,0.975,1.577,1.127,1.375,rt,
bambu,2026-07-25,1.25,0.974,1.591,1.121,1.383,rt,
bambu,2026-07-26,1.239,0.944,1.625,1.112,1.385,rt,
bambu,2026-07-27,1.232,0.917,1.663,1.099,1.398,rt,
bambu,2026-07-28,1.241,0.951,1.625,1.119,1.388,rt,
bambu,2026-07-29,1.248,0.982,1.593,1.132,1.375,rt,
bambu,2026-07-30,1.247,0.988,1.578,1.14,1.375,rt,
bambu,2026-07-31,1.242,0.982,1.569,1.14,1.37,rt,
bambu,2026-08-01,1.24,0.967,1.587,1.125,1.37,rt,
bambu,2026-08-02,1.235,0.942,1.604,1.107,1.37,rt,
bambu,2026-08-03,1.231,0.91,1.655,1.084,1.373,rt,
bambu,2026-08-04,1.213,0.917,1.58,1.083,1.345,rt,
bambu,2026-08-05,1.203,0.93,1.527,1.084,1.316,rt,
bambu,2026-08-06,1.188,0.925,1.496,1.075,1.305,rt,
bambu,2026-08-07,1.161,0.908,1.461,1.061,1.282,rt,
bambu,2026-08-08,1.137,0.883,1.464,1.033,1.267,rt,
bambu,2026-08-09,1.116,0.844,1.477,1.003,1.25,rt,
bambu,2026-08-10,1.079,0.791,1.464,0.956,1.224,rt,
bambu,2026-08-11,1.035,0.768,1.362,0.926,1.155,rt,
bambu,2026-08-12,0.989,0.756,1.28,0.892,1.101,rt,
bambu,2026-08-13,0.948,0.732,1.223,0.857,1.053,rt,
bambu,2026-08-14,0.909,0.698,1.177,0.818,1.008,rt,
bambu,2026-08-15,0.869,0.66,1.143,0.781,0.971,rt,
bambu,2026-08-16,0.832,0.605,1.112,0.741,0.934,rt,
bambu,2026-08-17,0.804,0.565,1.106,0.707,0.913,rt,
bambu,2026-08-18,0.779,0.567,1.051,0.694,0.883,rt,
bambu,2026-08-19,0.76,0.561,1.003,0.678,0.851,rt,
bambu,2026-08-20,0.738,0.549,0.961,0.657,0.821,rt,
bambu,2026-08-21,0.718,0.53,0.938,0.638,0.8,rt,
bambu,2026-08-22,0.7,0.512,0.916,0.617,0.779,rt,
bambu,2026-08-23,0.676,0.482,0.905,0.593,0.761,rt,
bambu,2026-08-24,0.663,0.457,0.908,0.574,0.757,rt,
bambu,2026-08-25,0.672,0.478,0.904,0.59,0.759,rt,
bambu,2026-08-26,0.68,0.496,0.897,0.6,0.764,rt,
bambu,2026-08-27,0.689,0.505,0.897,0.608,0.77,rt,
bambu,2026-08-28,0.696,0.515,0.9,0.618,0.778,rt,
bambu,2026-08-29,0.699,0.513,0.916,0.619,0.787,rt,
bambu,2026-08-30,0.701,0.501,0.937,0.616,0.797,rt,
bambu,2026-08-31,0.697,0.477,0.953,0.602,0.801,rt,
bambu,2026-09-01,0.708,0.504,0.946,0.623,0.806,rt,
bambu,2026-09-02,0.723,0.529,0.951,0.638,0.815,rt,
bambu,2026-09-03,0.735,0.541,0.963,0.651,0.828,rt,
bambu,2026-09-04,0.746,0.548,0.973,0.658,0.837,rt,
bambu,2026-09-05,0.752,0.55,0.997,0.658,0.849,rt,
bambu,2026-09-06,0.754,0.536,1.029,0.654,0.86,rt,
bambu,2026-09-07,0.744,0.507,1.051,0.64,0.861,rt,
bambu,2026-09-08,0.741,0.52,1.016,0.641,0.845,rt,
bambu,2026-09-09,0.735,0.521,0.997,0.641,0.827,rt,
bambu,2026-09-10,0.727,0.517,0.986,0.635,0.819,rt,
bambu,2026-09-11,0.713,0.508,0.98,0.622,0.81,rt,
bambu,2026-09-12,0.699,0.491,0.977,0.613,0.8,rt,
bambu,2026-09-13,0.683,0.468,0.973,0.587,0.792,rt,
bambu,2026-09-14,0.675,0.438,0.997,0.574,0.793,rt,
bambu,2026-09-15,0.691,0.462,1.017,0.592,0.814,rt,
bambu,2026-09-16,0.709,0.484,1.028,0.611,0.83,rt,
bambu,2026-09-17,0.728,0.497,1.062,0.623,0.85,rt,
bambu,2026-09-18,0.747,0.5,1.11,0.639,0.877,rt,
bambu,2026-09-19,0.767,0.494,1.169,0.649,0.908,rt,
bambu,2026-09-20,0.79,0.484,1.243,0.66,0.953,rt,
bambu,2026-09-21,0.816,0.484,1.343,0.669,0.997,rt,
bambu,2026-09-22,0.824,0.491,1.352,0.68,1.007,rt,
bambu,2026-09-23,0.832,0.489,1.369,0.686,1.029,rt,
bambu,2026-09-24,0.837,0.495,1.401,0.685,1.041,rt,
bambu,2026-09-25,0.842,0.489,1.451,0.675,1.057,rt,
bambu,2026-09-26,0.847,0.469,1.508,0.667,1.074,rt,
bambu,2026-09-27,0.849,0.443,1.57,0.658,1.093,rt,
bambu,2026-09-28,0.838,0.416,1.628,0.631,1.106,rt,
bambu,2026-09-29,0.83,0.408,1.594,0.628,1.103,rt,
bambu,2026-09-30,0.822,0.408,1.579,0.623,1.101,rt,
bambu,2026-10-01,0.812,0.393,1.584,0.613,1.102,rt,
bambu,2026-10-02,0.807,0.376,1.597,0.597,1.079,rt,
bambu,2026-10-03,0.802,0.35,1.63,0.58,1.07,rt,
bambu,2026-10-04,0.796,0.321,1.648,0.564,1.075,rt,
bambu,2026-10-05,0.775,0.298,1.694,0.54,1.066,rt,
bambu,2026-10-06,0.779,0.294,1.788,0.535,1.113,rt,
boga,2026-08-14,0.876,0.771,0.991,0.835,0.917,rt,
boga,2026-08-15,0.867,0.762,0.98,0.825,0.909,rt,
boga,2026-08-16,0.856,0.749,0.972,0.813,0.9,rt,
boga,2026-08-17,0.854,0.738,0.975,0.808,0.901,rt,
boga,2026-08-18,0.857,0.748,0.974,0.813,0.902,rt,
boga,2026-08-19,0.857,0.752,0.977,0.816,0.907,rt,
boga,2026-08-20,0.859,0.75,0.98,0.816,0.908,rt,
boga,2026-08-21,0.864,0.76,0.981,0.823,0.912,rt,
boga,2026-08-22,0.868,0.764,0.98,0.825,0.914,rt,
boga,2026-08-23,0.868,0.757,0.982,0.824,0.916,rt,
boga,2026-08-24,0.876,0.759,0.997,0.832,0.926,rt,
boga,2026-08-25,0.895,0.781,1.013,0.851,0.943,rt,
boga,2026-08-26,0.912,0.8,1.029,0.867,0.962,rt,
boga,2026-08-27,0.928,0.818,1.05,0.88,0.977,rt,
boga,2026-08-28,0.946,0.837,1.063,0.898,0.991,rt,
boga,2026-08-29,0.958,0.85,1.07,0.913,1.006,rt,
boga,2026-08-30,0.968,0.855,1.083,0.923,1.018,rt,
boga,2026-08-31,0.967,0.849,1.083,0.918,1.016,rt,
boga,2026-09-01,0.976,0.862,1.091,0.928,1.023,rt,
boga,2026-09-02,0.983,0.874,1.102,0.937,1.033,rt,
boga,2026-09-03,0.988,0.878,1.114,0.942,1.04,rt,
boga,2026-09-04,0.99,0.882,1.108,0.946,1.037,rt,
boga,2026-09-05,0.99,0.88,1.108,0.945,1.036,rt,
boga,2026-09-06,0.986,0.873,1.108,0.94,1.034,rt,
boga,2026-09-07,0.966,0.845,1.09,0.916,1.013,rt,
boga,2026-09-08,0.951,0.833,1.072,0.904,0.998,rt,
boga,2026-09-09,0.934,0.816,1.06,0.886,0.984,rt,
boga,2026-09-10,0.917,0.798,1.049,0.867,0.967,rt,
boga,2026-09-11,0.896,0.784,1.025,0.847,0.947,rt,
boga,2026-09-12,0.874,0.76,1.005,0.826,0.927,rt,
boga,2026-09-13,0.85,0.732,0.985,0.8,0.903,rt,
boga,2026-09-14,0.837,0.708,0.976,0.782,0.893,rt,
boga,2026-09-15,0.838,0.71,0.977,0.782,0.894,rt,
boga,2026-09-16,0.839,0.708,0.982,0.783,0.898,rt,
boga,2026-09-17,0.839,0.705,0.991,0.784,0.9,rt,
boga,2026-09-18,0.845,0.706,0.997,0.787,0.906,rt,
boga,2026-09-19,0.851,0.703,1.011,0.789,0.912,rt,
boga,2026-09-20,0.854,0.697,1.026,0.788,0.92,rt,
boga,2026-09-21,0.863,0.694,1.051,0.794,0.935,rt,
boga,2026-09-22,0.873,0.699,1.07,0.798,0.948,rt,
boga,2026-09-23,0.88,0.704,1.088,0.804,0.959,rt,
boga,2026-09-24,0.89,0.698,1.108,0.806,0.973,rt,
boga,2026-09-25,0.897,0.692,1.122,0.806,0.984,rt,
boga,2026-09-26,0.898,0.679,1.145,0.805,0.994,rt,
boga,2026-09-27,0.899,0.668,1.164,0.802,1.004,rt,
boga,2026-09-28,0.891,0.644,1.165,0.788,1.002,rt,
boga,2026-09-29,0.888,0.639,1.167,0.781,1.002,rt,
boga,2026-09-30,0.884,0.629,1.173,0.776,1.001,rt,
boga,2026-10-01,0.883,0.621,1.176,0.769,1.004,rt,
boga,2026-10-02,0.877,0.596,1.185,0.757,1.002,rt,
boga,2026-10-03,0.872,0.569,1.208,0.744,1.008,rt,
boga,2026-10-04,0.864,0.549,1.247,0.732,1.014,rt,
boga,2026-10-05,0.85,0.517,1.267,0.713,1.003,rt,
boga,2026-10-06,0.862,0.522,1.265,0.716,1.009,rt,
bunia,2026-04-20,2.672,1.622,6.156,2.1,3.551,rt,
bunia,2026-04-21,2.643,1.665,5.734,2.102,3.486,rt,
bunia,2026-04-22,2.617,1.692,5.32,2.1,3.405,rt,
bunia,2026-04-23,2.581,1.703,5.047,2.102,3.312,rt,
bunia,2026-04-24,2.584,1.718,4.912,2.119,3.267,rt,
bunia,2026-04-25,2.583,1.727,4.794,2.132,3.225,rt,
bunia,2026-04-26,2.595,1.732,4.795,2.133,3.209,rt,
bunia,2026-04-27,2.583,1.706,4.745,2.128,3.185,rt,
bunia,2026-04-28,2.582,1.723,4.548,2.147,3.155,rt,
bunia,2026-04-29,2.563,1.751,4.421,2.171,3.133,rt,
bunia,2026-04-30,2.56,1.78,4.329,2.183,3.101,rt,
bunia,2026-05-01,2.562,1.801,4.253,2.189,3.102,rt,
bunia,2026-05-02,2.576,1.803,4.197,2.201,3.088,rt,
bunia,2026-05-03,2.578,1.806,4.174,2.205,3.095,rt,
bunia,2026-05-04,2.579,1.752,4.107,2.186,3.069,rt,
bunia,2026-05-05,2.573,1.794,4.028,2.204,3.035,rt,
bunia,2026-05-06,2.576,1.824,3.926,2.22,3.034,rt,
bunia,2026-05-07,2.572,1.847,3.865,2.228,3.002,rt,
bunia,2026-05-08,2.561,1.867,3.801,2.231,2.968,rt,
bunia,2026-05-09,2.541,1.862,3.711,2.23,2.927,rt,
bunia,2026-05-10,2.527,1.844,3.683,2.229,2.909,rt,
bunia,2026-05-11,2.419,1.768,3.525,2.137,2.811,rt,
bunia,2026-05-12,2.322,1.72,3.3,2.072,2.677,rt,
bunia,2026-05-13,2.238,1.695,3.083,1.997,2.566,rt,
bunia,2026-05-14,2.167,1.659,2.946,1.934,2.451,rt,
bunia,2026-05-15,2.081,1.612,2.776,1.863,2.341,rt,
bunia,2026-05-16,1.989,1.538,2.675,1.78,2.231,rt,
bunia,2026-05-17,1.907,1.453,2.596,1.708,2.142,rt,
bunia,2026-05-18,1.827,1.35,2.524,1.622,2.073,rt,
bunia,2026-05-19,1.751,1.325,2.383,1.573,1.967,rt,
bunia,2026-05-20,1.677,1.288,2.236,1.516,1.872,rt,
bunia,2026-05-21,1.606,1.252,2.114,1.461,1.78,rt,
bunia,2026-05-22,1.53,1.205,2.001,1.389,1.687,rt,
bunia,2026-05-23,1.455,1.132,1.913,1.317,1.604,rt,
bunia,2026-05-24,1.383,1.044,1.858,1.235,1.55,rt,
bunia,2026-05-25,1.307,0.937,1.795,1.14,1.49,rt,
bunia,2026-05-26,1.292,0.965,1.736,1.149,1.459,rt,
bunia,2026-05-27,1.289,0.989,1.676,1.161,1.441,rt,
bunia,2026-05-28,1.287,1.002,1.648,1.163,1.425,rt,
bunia,2026-05-29,1.285,1.007,1.623,1.173,1.411,rt,
bunia,2026-05-30,1.283,0.984,1.614,1.167,1.405,rt,
bunia,2026-05-31,1.283,0.958,1.623,1.157,1.413,rt,
bunia,2026-06-01,1.289,0.932,1.669,1.15,1.433,rt,
bunia,2026-06-02,1.345,1.031,1.662,1.223,1.474,rt,
bunia,2026-06-03,1.401,1.125,1.686,1.293,1.515,rt,
bunia,2026-06-04,1.451,1.212,1.716,1.356,1.554,rt,
bunia,2026-06-05,1.499,1.27,1.772,1.406,1.598,rt,
bunia,2026-06-06,1.539,1.314,1.83,1.447,1.652,rt,
bunia,2026-06-07,1.57,1.332,1.899,1.467,1.697,rt,
bunia,2026-06-08,1.592,1.332,1.973,1.483,1.742,rt,
bunia,2026-06-09,1.573,1.341,1.894,1.473,1.695,rt,
bunia,2026-06-10,1.548,1.345,1.823,1.462,1.657,rt,
bunia,2026-06-11,1.524,1.332,1.776,1.44,1.624,rt,
bunia,2026-06-12,1.504,1.308,1.747,1.42,1.595,rt,
bunia,2026-06-13,1.478,1.282,1.728,1.39,1.574,rt,
bunia,2026-06-14,1.454,1.24,1.716,1.354,1.552,rt,
bunia,2026-06-15,1.429,1.196,1.707,1.323,1.541,rt,
bunia,2026-06-16,1.385,1.178,1.626,1.293,1.478,rt,
bunia,2026-06-17,1.34,1.158,1.548,1.26,1.424,rt,
bunia,2026-06-18,1.295,1.126,1.489,1.226,1.374,rt,
bunia,2026-06-19,1.258,1.098,1.434,1.187,1.33,rt,
bunia,2026-06-20,1.218,1.055,1.394,1.146,1.29,rt,
bunia,2026-06-21,1.177,0.996,1.36,1.101,1.256,rt,
bunia,2026-06-22,1.152,0.941,1.358,1.067,1.238,rt,
bunia,2026-06-23,1.163,0.977,1.343,1.09,1.241,rt,
bunia,2026-06-24,1.174,1.013,1.334,1.106,1.241,rt,
bunia,2026-06-25,1.186,1.025,1.338,1.122,1.248,rt,
bunia,2026-06-26,1.188,1.041,1.335,1.133,1.252,rt,
bunia,2026-06-27,1.194,1.043,1.351,1.13,1.258,rt,
bunia,2026-06-28,1.197,1.03,1.385,1.124,1.27,rt,
bunia,2026-06-29,1.178,0.991,1.387,1.101,1.258,rt,
bunia,2026-06-30,1.167,1.008,1.349,1.099,1.241,rt,
bunia,2026-07-01,1.162,1.021,1.323,1.1,1.229,rt,
bunia,2026-07-02,1.157,1.025,1.31,1.1,1.217,rt,
bunia,2026-07-03,1.157,1.026,1.299,1.1,1.215,rt,
bunia,2026-07-04,1.156,1.015,1.303,1.097,1.216,rt,
bunia,2026-07-05,1.156,0.999,1.32,1.088,1.219,rt,
bunia,2026-07-06,1.161,0.984,1.351,1.09,1.235,rt,
bunia,2026-07-07,1.152,0.996,1.319,1.088,1.217,rt,
bunia,2026-07-08,1.141,1.003,1.288,1.084,1.199,rt,
bunia,2026-07-09,1.131,1.002,1.274,1.074,1.186,rt,
bunia,2026-07-10,1.115,0.993,1.257,1.066,1.172,rt,
bunia,2026-07-11,1.105,0.969,1.251,1.047,1.161,rt,
bunia,2026-07-12,1.089,0.936,1.248,1.028,1.154,rt,
bunia,2026-07-13,1.067,0.893,1.242,1.0,1.141,rt,
bunia,2026-07-14,1.053,0.895,1.205,0.992,1.119,rt,
bunia,2026-07-15,1.039,0.895,1.175,0.983,1.098,rt,
bunia,2026-07-16,1.024,0.893,1.155,0.97,1.078,rt,
bunia,2026-07-17,1.014,0.884,1.138,0.961,1.064,rt,
bunia,2026-07-18,1.002,0.869,1.134,0.948,1.052,rt,
bunia,2026-07-19,0.985,0.841,1.134,0.927,1.044,rt,
bunia,2026-07-20,0.969,0.813,1.143,0.907,1.039,rt,
bunia,2026-07-21,0.974,0.828,1.13,0.919,1.034,rt,
bunia,2026-07-22,0.978,0.846,1.12,0.926,1.035,rt,
bunia,2026-07-23,0.98,0.862,1.12,0.932,1.035,rt,
bunia,2026-07-24,0.981,0.864,1.116,0.934,1.036,rt,
bunia,2026-07-25,0.983,0.859,1.122,0.932,1.038,rt,
bunia,2026-07-26,0.982,0.841,1.139,0.925,1.042,rt,
bunia,2026-07-27,0.982,0.821,1.158,0.915,1.052,rt,
bunia,2026-07-28,0.992,0.85,1.147,0.931,1.054,rt,
bunia,2026-07-29,1.003,0.875,1.14,0.952,1.059,rt,
bunia,2026-07-30,1.013,0.885,1.148,0.963,1.065,rt,
bunia,2026-07-31,1.014,0.894,1.156,0.97,1.069,rt,
bunia,2026-08-01,1.018,0.889,1.162,0.97,1.077,rt,
bunia,2026-08-02,1.019,0.87,1.182,0.959,1.087,rt,
bunia,2026-08-03,1.02,0.848,1.208,0.951,1.095,rt,
bunia,2026-08-04,1.012,0.856,1.181,0.95,1.083,rt,
bunia,2026-08-05,1.006,0.864,1.16,0.949,1.073,rt,
bunia,2026-08-06,0.997,0.862,1.141,0.942,1.059,rt,
bunia,2026-08-07,0.984,0.86,1.123,0.931,1.043,rt,
bunia,2026-08-08,0.971,0.842,1.111,0.914,1.023,rt,
bunia,2026-08-09,0.953,0.82,1.107,0.895,1.012,rt,
bunia,2026-08-10,0.924,0.776,1.092,0.864,0.994,rt,
bunia,2026-08-11,0.906,0.775,1.051,0.85,0.968,rt,
bunia,2026-08-12,0.888,0.772,1.021,0.835,0.944,rt,
bunia,2026-08-13,0.868,0.758,0.993,0.82,0.919,rt,
bunia,2026-08-14,0.852,0.742,0.976,0.805,0.899,rt,
bunia,2026-08-15,0.836,0.721,0.963,0.786,0.884,rt,
bunia,2026-08-16,0.817,0.691,0.957,0.763,0.872,rt,
bunia,2026-08-17,0.809,0.663,0.967,0.743,0.87,rt,
bunia,2026-08-18,0.814,0.682,0.953,0.755,0.871,rt,
bunia,2026-08-19,0.819,0.696,0.95,0.764,0.872,rt,
bunia,2026-08-20,0.822,0.703,0.953,0.77,0.874,rt,
bunia,2026-08-21,0.829,0.707,0.956,0.777,0.878,rt,
bunia,2026-08-22,0.837,0.707,0.966,0.781,0.887,rt,
bunia,2026-08-23,0.836,0.696,0.989,0.778,0.895,rt,
bunia,2026-08-24,0.848,0.682,1.02,0.782,0.917,rt,
bunia,2026-08-25,0.858,0.711,1.017,0.798,0.918,rt,
bunia,2026-08-26,0.868,0.735,1.011,0.81,0.921,rt,
bunia,2026-08-27,0.874,0.744,1.009,0.822,0.927,rt,
bunia,2026-08-28,0.882,0.754,1.008,0.828,0.932,rt,
bunia,2026-08-29,0.887,0.748,1.021,0.828,0.941,rt,
bunia,2026-08-30,0.889,0.736,1.042,0.819,0.951,rt,
bunia,2026-08-31,0.877,0.7,1.056,0.797,0.947,rt,
bunia,2026-09-01,0.878,0.718,1.043,0.808,0.943,rt,
bunia,2026-09-02,0.878,0.731,1.029,0.816,0.938,rt,
bunia,2026-09-03,0.879,0.736,1.027,0.817,0.936,rt,
bunia,2026-09-04,0.873,0.74,1.011,0.815,0.93,rt,
bunia,2026-09-05,0.864,0.725,1.011,0.804,0.924,rt,
bunia,2026-09-06,0.852,0.7,1.02,0.786,0.916,rt,
bunia,2026-09-07,0.826,0.654,1.02,0.754,0.898,rt,
bunia,2026-09-08,0.815,0.665,0.988,0.751,0.883,rt,
bunia,2026-09-09,0.805,0.664,0.961,0.746,0.863,rt,
bunia,2026-09-10,0.791,0.656,0.942,0.737,0.849,rt,
bunia,2026-09-11,0.777,0.647,0.925,0.721,0.832,rt,
bunia,2026-09-12,0.757,0.624,0.916,0.701,0.817,rt,
bunia,2026-09-13,0.739,0.586,0.915,0.676,0.806,rt,
bunia,2026-09-14,0.727,0.549,0.936,0.654,0.809,rt,
bunia,2026-09-15,0.743,0.578,0.932,0.672,0.817,rt,
bunia,2026-09-16,0.756,0.596,0.936,0.688,0.833,rt,
bunia,2026-09-17,0.773,0.613,0.956,0.701,0.848,rt,
bunia,2026-09-18,0.794,0.626,0.985,0.72,0.872,rt,
bunia,2026-09-19,0.812,0.628,1.034,0.736,0.901,rt,
bunia,2026-09-20,0.833,0.618,1.092,0.747,0.932,rt,
bunia,2026-09-21,0.864,0.609,1.157,0.759,0.975,rt,
bunia,2026-09-22,0.867,0.615,1.177,0.764,0.981,rt,
bunia,2026-09-23,0.867,0.611,1.191,0.762,0.99,rt,
bunia,2026-09-24,0.874,0.598,1.218,0.756,1.003,rt,
bunia,2026-09-25,0.877,0.582,1.255,0.743,1.015,rt,
bunia,2026-09-26,0.883,0.547,1.314,0.73,1.031,rt,
bunia,2026-09-27,0.884,0.512,1.354,0.713,1.047,rt,
bunia,2026-09-28,0.868,0.465,1.385,0.689,1.051,rt,
bunia,2026-09-29,0.861,0.457,1.365,0.683,1.047,rt,
bunia,2026-09-30,0.851,0.442,1.362,0.671,1.05,rt,
bunia,2026-10-01,0.843,0.427,1.362,0.659,1.049,rt,
bunia,2026-10-02,0.833,0.404,1.382,0.642,1.046,rt,
bunia,2026-10-03,0.826,0.376,1.378,0.627,1.042,rt,
bunia,2026-10-04,0.814,0.344,1.411,0.608,1.038,rt,
bunia,2026-10-05,0.792,0.319,1.448,0.585,1.04,rt,
bunia,2026-10-06,0.792,0.295,1.484,0.547,1.06,rt,
damas,2026-06-16,1.094,0.69,1.7,0.921,1.316,rt,
damas,2026-06-17,1.119,0.718,1.697,0.949,1.327,rt,
damas,2026-06-18,1.143,0.751,1.712,0.97,1.344,rt,
damas,2026-06-19,1.17,0.769,1.743,0.988,1.372,rt,
damas,2026-06-20,1.19,0.781,1.762,1.007,1.402,rt,
damas,2026-06-21,1.215,0.783,1.854,1.023,1.441,rt,
damas,2026-06-22,1.253,0.78,1.972,1.046,1.495,rt,
damas,2026-06-23,1.267,0.824,1.905,1.068,1.493,rt,
damas,2026-06-24,1.282,0.862,1.861,1.087,1.49,rt,
damas,2026-06-25,1.29,0.88,1.834,1.106,1.496,rt,
damas,2026-06-26,1.298,0.891,1.826,1.107,1.497,rt,
damas,2026-06-27,1.303,0.88,1.856,1.106,1.495,rt,
damas,2026-06-28,1.302,0.862,1.901,1.101,1.516,rt,
damas,2026-06-29,1.278,0.819,1.93,1.069,1.509,rt,
damas,2026-06-30,1.26,0.835,1.845,1.072,1.47,rt,
damas,2026-07-01,1.243,0.843,1.783,1.06,1.442,rt,
damas,2026-07-02,1.226,0.828,1.752,1.051,1.416,rt,
damas,2026-07-03,1.214,0.827,1.745,1.038,1.413,rt,
damas,2026-07-04,1.202,0.801,1.75,1.029,1.406,rt,
damas,2026-07-05,1.188,0.77,1.79,1.012,1.407,rt,
damas,2026-07-06,1.186,0.744,1.855,0.985,1.435,rt,
damas,2026-07-07,1.21,0.779,1.814,1.015,1.444,rt,
damas,2026-07-08,1.229,0.812,1.793,1.042,1.45,rt,
damas,2026-07-09,1.254,0.843,1.817,1.065,1.469,rt,
damas,2026-07-10,1.272,0.857,1.848,1.079,1.481,rt,
damas,2026-07-11,1.295,0.868,1.905,1.088,1.503,rt,
damas,2026-07-12,1.296,0.87,2.008,1.089,1.543,rt,
damas,2026-07-13,1.304,0.84,2.09,1.073,1.576,rt,
damas,2026-07-14,1.3,0.875,2.001,1.091,1.548,rt,
damas,2026-07-15,1.298,0.885,1.941,1.105,1.533,rt,
damas,2026-07-16,1.3,0.894,1.913,1.117,1.516,rt,
damas,2026-07-17,1.305,0.889,1.903,1.126,1.519,rt,
damas,2026-07-18,1.308,0.87,1.944,1.125,1.531,rt,
damas,2026-07-19,1.309,0.853,1.986,1.107,1.55,rt,
damas,2026-07-20,1.304,0.825,2.051,1.086,1.577,rt,
damas,2026-07-21,1.295,0.844,1.951,1.09,1.533,rt,
damas,2026-07-22,1.285,0.868,1.9,1.088,1.507,rt,
damas,2026-07-23,1.27,0.871,1.857,1.081,1.486,rt,
damas,2026-07-24,1.256,0.852,1.843,1.071,1.464,rt,
damas,2026-07-25,1.242,0.827,1.836,1.054,1.452,rt,
damas,2026-07-26,1.223,0.788,1.86,1.026,1.452,rt,
damas,2026-07-27,1.205,0.74,1.935,0.997,1.459,rt,
damas,2026-07-28,1.186,0.758,1.789,0.996,1.405,rt,
damas,2026-07-29,1.167,0.771,1.706,0.989,1.366,rt,
damas,2026-07-30,1.153,0.763,1.635,0.972,1.344,rt,
damas,2026-07-31,1.122,0.751,1.592,0.95,1.312,rt,
damas,2026-08-01,1.1,0.717,1.585,0.921,1.28,rt,
damas,2026-08-02,1.064,0.676,1.611,0.89,1.258,rt,
damas,2026-08-03,1.029,0.637,1.641,0.851,1.238,rt,
damas,2026-08-04,1.019,0.652,1.542,0.857,1.209,rt,
damas,2026-08-05,1.005,0.654,1.472,0.851,1.177,rt,
damas,2026-08-06,0.997,0.654,1.429,0.841,1.153,rt,
damas,2026-08-07,0.972,0.642,1.408,0.823,1.131,rt,
damas,2026-08-08,0.947,0.613,1.392,0.802,1.114,rt,
damas,2026-08-09,0.931,0.587,1.393,0.778,1.098,rt,
damas,2026-08-10,0.894,0.55,1.394,0.739,1.073,rt,
damas,2026-08-11,0.881,0.547,1.328,0.732,1.035,rt,
damas,2026-08-12,0.858,0.545,1.278,0.714,1.006,rt,
damas,2026-08-13,0.842,0.539,1.249,0.699,0.983,rt,
damas,2026-08-14,0.825,0.529,1.236,0.685,0.967,rt,
damas,2026-08-15,0.808,0.506,1.219,0.665,0.954,rt,
damas,2026-08-16,0.786,0.48,1.224,0.641,0.943,rt,
damas,2026-08-17,0.779,0.455,1.254,0.627,0.946,rt,
damas,2026-08-18,0.765,0.467,1.203,0.629,0.921,rt,
damas,2026-08-19,0.757,0.469,1.164,0.623,0.901,rt,
damas,2026-08-20,0.744,0.47,1.14,0.613,0.883,rt,
damas,2026-08-21,0.734,0.465,1.146,0.612,0.878,rt,
damas,2026-08-22,0.727,0.444,1.153,0.599,0.869,rt,
damas,2026-08-23,0.714,0.424,1.151,0.588,0.871,rt,
damas,2026-08-24,0.708,0.41,1.187,0.58,0.88,rt,
damas,2026-08-25,0.71,0.416,1.158,0.579,0.872,rt,
damas,2026-08-26,0.709,0.42,1.113,0.582,0.864,rt,
damas,2026-08-27,0.709,0.416,1.093,0.579,0.859,rt,
damas,2026-08-28,0.707,0.403,1.089,0.578,0.86,rt,
damas,2026-08-29,0.703,0.391,1.093,0.57,0.852,rt,
damas,2026-08-30,0.697,0.375,1.113,0.555,0.852,rt,
damas,2026-08-31,0.679,0.356,1.126,0.535,0.845,rt,
damas,2026-09-01,0.669,0.362,1.081,0.53,0.823,rt,
damas,2026-09-02,0.659,0.356,1.054,0.525,0.803,rt,
damas,2026-09-03,0.649,0.358,1.036,0.515,0.786,rt,
damas,2026-09-04,0.635,0.353,1.012,0.503,0.766,rt,
damas,2026-09-05,0.619,0.351,1.003,0.49,0.754,rt,
damas,2026-09-06,0.597,0.333,0.99,0.474,0.736,rt,
damas,2026-09-07,0.573,0.314,0.975,0.446,0.711,rt,
damas,2026-09-08,0.56,0.315,0.936,0.445,0.689,rt,
damas,2026-09-09,0.548,0.314,0.902,0.439,0.671,rt,
damas,2026-09-10,0.533,0.309,0.881,0.434,0.654,rt,
damas,2026-09-11,0.521,0.301,0.869,0.423,0.638,rt,
damas,2026-09-12,0.507,0.294,0.861,0.41,0.624,rt,
damas,2026-09-13,0.49,0.276,0.842,0.393,0.607,rt,
damas,2026-09-14,0.484,0.261,0.851,0.379,0.603,rt,
damas,2026-09-15,0.493,0.278,0.848,0.391,0.61,rt,
damas,2026-09-16,0.5,0.296,0.855,0.401,0.615,rt,
damas,2026-09-17,0.508,0.301,0.87,0.412,0.629,rt,
damas,2026-09-18,0.517,0.306,0.902,0.424,0.643,rt,
damas,2026-09-19,0.533,0.309,0.939,0.432,0.662,rt,
damas,2026-09-20,0.549,0.31,0.977,0.435,0.684,rt,
damas,2026-09-21,0.565,0.314,1.044,0.444,0.713,rt,
damas,2026-09-22,0.577,0.322,1.037,0.457,0.734,rt,
damas,2026-09-23,0.596,0.329,1.06,0.471,0.752,rt,
damas,2026-09-24,0.613,0.341,1.095,0.482,0.77,rt,
damas,2026-09-25,0.627,0.343,1.147,0.486,0.799,rt,
damas,2026-09-26,0.644,0.339,1.212,0.492,0.823,rt,
damas,2026-09-27,0.653,0.338,1.281,0.495,0.849,rt,
damas,2026-09-28,0.655,0.33,1.344,0.492,0.863,rt,
damas,2026-09-29,0.665,0.333,1.33,0.498,0.88,rt,
damas,2026-09-30,0.671,0.338,1.328,0.505,0.887,rt,
damas,2026-10-01,0.679,0.341,1.336,0.512,0.898,rt,
damas,2026-10-02,0.685,0.345,1.361,0.514,0.913,rt,
damas,2026-10-03,0.693,0.339,1.399,0.514,0.924,rt,
damas,2026-10-04,0.697,0.335,1.435,0.512,0.942,rt,
damas,2026-10-05,0.692,0.321,1.5,0.508,0.954,rt,
damas,2026-10-06,0.723,0.33,1.604,0.529,0.994,rt,
drodro,2026-06-28,1.376,1.228,1.552,1.31,1.441,rt,
drodro,2026-06-29,1.336,1.179,1.512,1.269,1.404,rt,
drodro,2026-06-30,1.305,1.162,1.462,1.243,1.368,rt,
drodro,2026-07-01,1.277,1.146,1.42,1.22,1.336,rt,
drodro,2026-07-02,1.251,1.125,1.391,1.196,1.308,rt,
drodro,2026-07-03,1.23,1.108,1.362,1.179,1.286,rt,
drodro,2026-07-04,1.21,1.088,1.342,1.16,1.262,rt,
drodro,2026-07-05,1.191,1.065,1.327,1.137,1.245,rt,
drodro,2026-07-06,1.18,1.041,1.325,1.121,1.236,rt,
drodro,2026-07-07,1.183,1.055,1.317,1.129,1.237,rt,
drodro,2026-07-08,1.188,1.066,1.313,1.134,1.238,rt,
drodro,2026-07-09,1.192,1.073,1.311,1.141,1.241,rt,
drodro,2026-07-10,1.193,1.078,1.307,1.143,1.238,rt,
drodro,2026-07-11,1.194,1.081,1.31,1.142,1.241,rt,
drodro,2026-07-12,1.192,1.073,1.32,1.139,1.241,rt,
drodro,2026-07-13,1.18,1.055,1.32,1.127,1.236,rt,
drodro,2026-07-14,1.175,1.06,1.302,1.125,1.229,rt,
drodro,2026-07-15,1.17,1.058,1.291,1.122,1.22,rt,
drodro,2026-07-16,1.163,1.05,1.291,1.116,1.214,rt,
drodro,2026-07-17,1.161,1.051,1.288,1.117,1.21,rt,
drodro,2026-07-18,1.158,1.05,1.288,1.113,1.205,rt,
drodro,2026-07-19,1.154,1.038,1.285,1.106,1.201,rt,
drodro,2026-07-20,1.149,1.026,1.293,1.097,1.2,rt,
drodro,2026-07-21,1.144,1.027,1.275,1.093,1.194,rt,
drodro,2026-07-22,1.139,1.023,1.265,1.087,1.188,rt,
drodro,2026-07-23,1.13,1.015,1.257,1.082,1.18,rt,
drodro,2026-07-24,1.121,1.011,1.245,1.078,1.169,rt,
drodro,2026-07-25,1.11,1.002,1.23,1.069,1.161,rt,
drodro,2026-07-26,1.099,0.989,1.223,1.054,1.149,rt,
drodro,2026-07-27,1.089,0.974,1.22,1.04,1.141,rt,
drodro,2026-07-28,1.084,0.974,1.205,1.039,1.131,rt,
drodro,2026-07-29,1.077,0.973,1.193,1.032,1.125,rt,
drodro,2026-07-30,1.069,0.965,1.185,1.025,1.115,rt,
drodro,2026-07-31,1.057,0.955,1.169,1.013,1.1,rt,
drodro,2026-08-01,1.044,0.939,1.157,0.999,1.085,rt,
drodro,2026-08-02,1.029,0.914,1.146,0.981,1.073,rt,
drodro,2026-08-03,1.014,0.886,1.136,0.963,1.061,rt,
drodro,2026-08-04,1.009,0.891,1.124,0.961,1.057,rt,
drodro,2026-08-05,1.006,0.889,1.115,0.959,1.052,rt,
drodro,2026-08-06,1.001,0.884,1.11,0.954,1.046,rt,
drodro,2026-08-07,0.99,0.879,1.095,0.946,1.032,rt,
drodro,2026-08-08,0.979,0.871,1.08,0.935,1.019,rt,
drodro,2026-08-09,0.966,0.857,1.071,0.921,1.009,rt,
drodro,2026-08-10,0.944,0.829,1.049,0.895,0.988,rt,
drodro,2026-08-11,0.93,0.822,1.028,0.886,0.971,rt,
drodro,2026-08-12,0.916,0.816,1.012,0.875,0.956,rt,
drodro,2026-08-13,0.905,0.801,1.0,0.864,0.943,rt,
drodro,2026-08-14,0.893,0.795,0.983,0.854,0.928,rt,
drodro,2026-08-15,0.879,0.786,0.973,0.843,0.916,rt,
drodro,2026-08-16,0.865,0.769,0.964,0.828,0.905,rt,
drodro,2026-08-17,0.86,0.757,0.966,0.819,0.904,rt,
drodro,2026-08-18,0.863,0.764,0.965,0.821,0.903,rt,
drodro,2026-08-19,0.863,0.763,0.963,0.823,0.906,rt,
drodro,2026-08-20,0.864,0.761,0.965,0.824,0.906,rt,
drodro,2026-08-21,0.868,0.771,0.967,0.83,0.908,rt,
drodro,2026-08-22,0.87,0.772,0.965,0.832,0.91,rt,
drodro,2026-08-23,0.87,0.768,0.968,0.829,0.908,rt,
drodro,2026-08-24,0.879,0.771,0.984,0.835,0.92,rt,
drodro,2026-08-25,0.897,0.792,1.003,0.853,0.939,rt,
drodro,2026-08-26,0.915,0.809,1.016,0.869,0.956,rt,
drodro,2026-08-27,0.93,0.822,1.03,0.882,0.972,rt,
drodro,2026-08-28,0.945,0.84,1.041,0.9,0.986,rt,
drodro,2026-08-29,0.956,0.853,1.056,0.913,0.998,rt,
drodro,2026-08-30,0.966,0.86,1.067,0.923,1.008,rt,
drodro,2026-08-31,0.962,0.855,1.069,0.917,1.007,rt,
drodro,2026-09-01,0.969,0.868,1.075,0.925,1.012,rt,
drodro,2026-09-02,0.976,0.873,1.082,0.932,1.019,rt,
drodro,2026-09-03,0.981,0.878,1.094,0.937,1.024,rt,
drodro,2026-09-04,0.978,0.883,1.087,0.939,1.023,rt,
drodro,2026-09-05,0.977,0.881,1.085,0.937,1.019,rt,
drodro,2026-09-06,0.973,0.868,1.085,0.929,1.014,rt,
drodro,2026-09-07,0.95,0.837,1.068,0.903,0.993,rt,
drodro,2026-09-08,0.933,0.825,1.05,0.889,0.978,rt,
drodro,2026-09-09,0.915,0.804,1.033,0.872,0.963,rt,
drodro,2026-09-10,0.896,0.786,1.016,0.853,0.945,rt,
drodro,2026-09-11,0.874,0.767,0.994,0.832,0.921,rt,
drodro,2026-09-12,0.849,0.743,0.97,0.808,0.898,rt,
drodro,2026-09-13,0.824,0.715,0.947,0.783,0.876,rt,
drodro,2026-09-14,0.809,0.69,0.942,0.763,0.863,rt,
drodro,2026-09-15,0.81,0.69,0.941,0.764,0.864,rt,
drodro,2026-09-16,0.812,0.691,0.945,0.763,0.865,rt,
drodro,2026-09-17,0.813,0.688,0.954,0.764,0.87,rt,
drodro,2026-09-18,0.82,0.688,0.963,0.768,0.876,rt,
drodro,2026-09-19,0.826,0.686,0.982,0.77,0.886,rt,
drodro,2026-09-20,0.831,0.68,0.995,0.771,0.894,rt,
drodro,2026-09-21,0.84,0.674,1.019,0.777,0.911,rt,
drodro,2026-09-22,0.85,0.681,1.039,0.782,0.924,rt,
drodro,2026-09-23,0.859,0.681,1.058,0.786,0.936,rt,
drodro,2026-09-24,0.865,0.678,1.074,0.786,0.949,rt,
drodro,2026-09-25,0.868,0.667,1.091,0.786,0.962,rt,
drodro,2026-09-26,0.87,0.659,1.116,0.78,0.972,rt,
drodro,2026-09-27,0.873,0.64,1.136,0.772,0.983,rt,
drodro,2026-09-28,0.864,0.612,1.139,0.757,0.979,rt,
drodro,2026-09-29,0.862,0.603,1.14,0.748,0.98,rt,
drodro,2026-09-30,0.857,0.588,1.152,0.742,0.979,rt,
drodro,2026-10-01,0.854,0.576,1.16,0.735,0.979,rt,
drodro,2026-10-02,0.85,0.558,1.163,0.73,0.984,rt,
drodro,2026-10-03,0.845,0.533,1.178,0.713,0.979,rt,
drodro,2026-10-04,0.838,0.51,1.207,0.697,0.98,rt,
drodro,2026-10-05,0.826,0.479,1.227,0.678,0.974,rt,
drodro,2026-10-06,0.832,0.481,1.245,0.679,0.988,rt,
fataki,2026-06-21,2.238,1.557,3.316,1.91,2.611,rt,
fataki,2026-06-22,2.279,1.513,3.469,1.914,2.664,rt,
fataki,2026-06-23,2.248,1.55,3.304,1.919,2.599,rt,
fataki,2026-06-24,2.217,1.557,3.15,1.926,2.536,rt,
fataki,2026-06-25,2.186,1.554,3.135,1.897,2.489,rt,
fataki,2026-06-26,2.144,1.529,3.086,1.854,2.466,rt,
fataki,2026-06-27,2.093,1.485,3.065,1.808,2.43,rt,
fataki,2026-06-28,2.044,1.418,3.1,1.754,2.407,rt,
fataki,2026-06-29,1.963,1.32,3.101,1.656,2.343,rt,
fataki,2026-06-30,1.858,1.294,2.843,1.599,2.182,rt,
fataki,2026-07-01,1.767,1.266,2.599,1.54,2.059,rt,
fataki,2026-07-02,1.679,1.215,2.419,1.474,1.951,rt,
fataki,2026-07-03,1.607,1.164,2.298,1.417,1.853,rt,
fataki,2026-07-04,1.54,1.091,2.22,1.341,1.778,rt,
fataki,2026-07-05,1.481,1.013,2.139,1.27,1.715,rt,
fataki,2026-07-06,1.423,0.945,2.126,1.202,1.673,rt,
fataki,2026-07-07,1.393,0.96,2.001,1.204,1.612,rt,
fataki,2026-07-08,1.374,0.97,1.923,1.203,1.567,rt,
fataki,2026-07-09,1.352,0.972,1.865,1.185,1.525,rt,
fataki,2026-07-10,1.326,0.954,1.81,1.161,1.501,rt,
fataki,2026-07-11,1.303,0.922,1.809,1.133,1.49,rt,
fataki,2026-07-12,1.274,0.88,1.812,1.099,1.471,rt,
fataki,2026-07-13,1.24,0.822,1.826,1.057,1.442,rt,
fataki,2026-07-14,1.239,0.855,1.786,1.077,1.417,rt,
fataki,2026-07-15,1.238,0.881,1.729,1.084,1.411,rt,
fataki,2026-07-16,1.228,0.9,1.703,1.087,1.406,rt,
fataki,2026-07-17,1.236,0.915,1.712,1.093,1.413,rt,
fataki,2026-07-18,1.239,0.906,1.739,1.082,1.432,rt,
fataki,2026-07-19,1.236,0.885,1.814,1.067,1.449,rt,
fataki,2026-07-20,1.234,0.847,1.896,1.055,1.47,rt,
fataki,2026-07-21,1.226,0.864,1.776,1.06,1.426,rt,
fataki,2026-07-22,1.205,0.88,1.687,1.064,1.384,rt,
fataki,2026-07-23,1.188,0.879,1.636,1.054,1.35,rt,
fataki,2026-07-24,1.167,0.861,1.594,1.04,1.324,rt,
fataki,2026-07-25,1.142,0.834,1.578,1.013,1.305,rt,
fataki,2026-07-26,1.12,0.793,1.573,0.978,1.291,rt,
fataki,2026-07-27,1.098,0.749,1.593,0.944,1.287,rt,
fataki,2026-07-28,1.075,0.752,1.503,0.934,1.237,rt,
fataki,2026-07-29,1.045,0.744,1.433,0.916,1.185,rt,
fataki,2026-07-30,1.018,0.721,1.354,0.896,1.141,rt,
fataki,2026-07-31,0.982,0.69,1.311,0.867,1.108,rt,
fataki,2026-08-01,0.946,0.657,1.288,0.828,1.079,rt,
fataki,2026-08-02,0.908,0.619,1.27,0.788,1.049,rt,
fataki,2026-08-03,0.874,0.58,1.273,0.745,1.022,rt,
fataki,2026-08-04,0.844,0.577,1.208,0.728,0.98,rt,
fataki,2026-08-05,0.817,0.564,1.139,0.709,0.94,rt,
fataki,2026-08-06,0.79,0.548,1.089,0.69,0.912,rt,
fataki,2026-08-07,0.76,0.525,1.058,0.661,0.875,rt,
fataki,2026-08-08,0.734,0.498,1.027,0.63,0.847,rt,
fataki,2026-08-09,0.707,0.469,1.011,0.598,0.819,rt,
fataki,2026-08-10,0.669,0.426,0.987,0.56,0.789,rt,
fataki,2026-08-11,0.642,0.425,0.919,0.547,0.75,rt,
fataki,2026-08-12,0.62,0.412,0.866,0.531,0.714,rt,
fataki,2026-08-13,0.595,0.397,0.835,0.517,0.685,rt,
fataki,2026-08-14,0.574,0.386,0.81,0.498,0.658,rt,
fataki,2026-08-15,0.551,0.363,0.782,0.474,0.636,rt,
fataki,2026-08-16,0.529,0.341,0.767,0.449,0.618,rt,
fataki,2026-08-17,0.514,0.32,0.774,0.428,0.611,rt,
fataki,2026-08-18,0.504,0.321,0.733,0.423,0.595,rt,
fataki,2026-08-19,0.494,0.317,0.706,0.418,0.579,rt,
fataki,2026-08-20,0.485,0.312,0.693,0.408,0.567,rt,
fataki,2026-08-21,0.475,0.308,0.689,0.4,0.561,rt,
fataki,2026-08-22,0.464,0.298,0.689,0.39,0.555,rt,
fataki,2026-08-23,0.455,0.288,0.689,0.379,0.548,rt,
fataki,2026-08-24,0.451,0.276,0.703,0.368,0.548,rt,
fataki,2026-08-25,0.459,0.29,0.696,0.382,0.554,rt,
fataki,2026-08-26,0.471,0.298,0.703,0.395,0.562,rt,
fataki,2026-08-27,0.484,0.304,0.713,0.404,0.571,rt,
fataki,2026-08-28,0.493,0.312,0.733,0.411,0.585,rt,
fataki,2026-08-29,0.502,0.315,0.759,0.42,0.598,rt,
fataki,2026-08-30,0.511,0.315,0.787,0.423,0.61,rt,
fataki,2026-08-31,0.512,0.303,0.818,0.419,0.62,rt,
fataki,2026-09-01,0.524,0.319,0.824,0.433,0.629,rt,
fataki,2026-09-02,0.532,0.334,0.828,0.447,0.638,rt,
fataki,2026-09-03,0.549,0.346,0.847,0.461,0.653,rt,
fataki,2026-09-04,0.557,0.345,0.872,0.467,0.668,rt,
fataki,2026-09-05,0.567,0.346,0.904,0.47,0.676,rt,
fataki,2026-09-06,0.574,0.347,0.932,0.471,0.695,rt,
fataki,2026-09-07,0.568,0.335,0.96,0.461,0.698,rt,
fataki,2026-09-08,0.57,0.344,0.946,0.468,0.696,rt,
fataki,2026-09-09,0.573,0.353,0.923,0.471,0.7,rt,
fataki,2026-09-10,0.574,0.358,0.911,0.471,0.702,rt,
fataki,2026-09-11,0.575,0.355,0.906,0.472,0.698,rt,
fataki,2026-09-12,0.571,0.35,0.924,0.467,0.695,rt,
fataki,2026-09-13,0.562,0.34,0.945,0.46,0.69,rt,
fataki,2026-09-14,0.561,0.329,0.982,0.459,0.695,rt,
fataki,2026-09-15,0.578,0.344,0.991,0.474,0.711,rt,
fataki,2026-09-16,0.596,0.354,1.016,0.487,0.728,rt,
fataki,2026-09-17,0.61,0.363,1.045,0.504,0.754,rt,
fataki,2026-09-18,0.634,0.374,1.088,0.521,0.785,rt,
fataki,2026-09-19,0.65,0.381,1.149,0.524,0.828,rt,
fataki,2026-09-20,0.667,0.385,1.224,0.534,0.87,rt,
fataki,2026-09-21,0.696,0.389,1.341,0.544,0.922,rt,
fataki,2026-09-22,0.712,0.399,1.358,0.56,0.929,rt,
fataki,2026-09-23,0.725,0.405,1.375,0.571,0.942,rt,
fataki,2026-09-24,0.738,0.411,1.429,0.573,0.959,rt,
fataki,2026-09-25,0.747,0.411,1.468,0.58,0.977,rt,
fataki,2026-09-26,0.755,0.406,1.515,0.584,0.996,rt,
fataki,2026-09-27,0.761,0.406,1.577,0.583,1.035,rt,
fataki,2026-09-28,0.76,0.396,1.639,0.575,1.048,rt,
fataki,2026-09-29,0.765,0.4,1.616,0.581,1.034,rt,
fataki,2026-09-30,0.764,0.407,1.608,0.581,1.036,rt,
fataki,2026-10-01,0.766,0.4,1.595,0.581,1.043,rt,
fataki,2026-10-02,0.766,0.394,1.613,0.577,1.031,rt,
fataki,2026-10-03,0.763,0.389,1.623,0.567,1.037,rt,
fataki,2026-10-04,0.761,0.375,1.658,0.559,1.053,rt,
fataki,2026-10-05,0.744,0.355,1.692,0.55,1.068,rt,
fataki,2026-10-06,0.774,0.355,1.852,0.564,1.092,rt,
gety,2026-07-08,1.15,1.032,1.271,1.1,1.197,rt,
gety,2026-07-09,1.155,1.038,1.27,1.107,1.203,rt,
gety,2026-07-10,1.158,1.047,1.272,1.112,1.203,rt,
gety,2026-07-11,1.16,1.046,1.277,1.113,1.208,rt,
gety,2026-07-12,1.16,1.041,1.289,1.111,1.214,rt,
gety,2026-07-13,1.153,1.019,1.29,1.098,1.208,rt,
gety,2026-07-14,1.147,1.027,1.275,1.098,1.2,rt,
gety,2026-07-15,1.143,1.027,1.264,1.096,1.193,rt,
gety,2026-07-16,1.138,1.022,1.262,1.09,1.188,rt,
gety,2026-07-17,1.136,1.026,1.26,1.092,1.185,rt,
gety,2026-07-18,1.136,1.019,1.26,1.088,1.182,rt,
gety,2026-07-19,1.13,1.009,1.26,1.082,1.178,rt,
gety,2026-07-20,1.125,0.997,1.27,1.073,1.18,rt,
gety,2026-07-21,1.12,0.998,1.255,1.072,1.173,rt,
gety,2026-07-22,1.114,0.998,1.242,1.067,1.165,rt,
gety,2026-07-23,1.106,0.993,1.236,1.06,1.158,rt,
gety,2026-07-24,1.099,0.992,1.223,1.054,1.146,rt,
gety,2026-07-25,1.089,0.982,1.214,1.045,1.138,rt,
gety,2026-07-26,1.078,0.966,1.201,1.032,1.125,rt,
gety,2026-07-27,1.068,0.952,1.201,1.019,1.117,rt,
gety,2026-07-28,1.063,0.954,1.185,1.017,1.107,rt,
gety,2026-07-29,1.054,0.952,1.17,1.011,1.099,rt,
gety,2026-07-30,1.045,0.947,1.162,1.003,1.091,rt,
gety,2026-07-31,1.033,0.935,1.142,0.991,1.076,rt,
gety,2026-08-01,1.018,0.919,1.129,0.976,1.062,rt,
gety,2026-08-02,1.003,0.897,1.12,0.958,1.049,rt,
gety,2026-08-03,0.988,0.868,1.11,0.939,1.037,rt,
gety,2026-08-04,0.985,0.871,1.102,0.937,1.03,rt,
gety,2026-08-05,0.982,0.872,1.097,0.937,1.027,rt,
gety,2026-08-06,0.979,0.865,1.093,0.934,1.023,rt,
gety,2026-08-07,0.969,0.861,1.073,0.926,1.01,rt,
gety,2026-08-08,0.958,0.852,1.06,0.916,1.0,rt,
gety,2026-08-09,0.947,0.838,1.05,0.904,0.992,rt,
gety,2026-08-10,0.926,0.809,1.035,0.879,0.97,rt,
gety,2026-08-11,0.916,0.804,1.014,0.871,0.955,rt,
gety,2026-08-12,0.905,0.797,1.001,0.862,0.941,rt,
gety,2026-08-13,0.894,0.79,0.989,0.852,0.931,rt,
gety,2026-08-14,0.883,0.783,0.977,0.845,0.92,rt,
gety,2026-08-15,0.87,0.773,0.965,0.834,0.909,rt,
gety,2026-08-16,0.859,0.76,0.957,0.821,0.899,rt,
gety,2026-08-17,0.856,0.751,0.962,0.815,0.9,rt,
gety,2026-08-18,0.858,0.761,0.961,0.819,0.901,rt,
gety,2026-08-19,0.861,0.765,0.962,0.824,0.903,rt,
gety,2026-08-20,0.862,0.764,0.966,0.823,0.906,rt,
gety,2026-08-21,0.867,0.771,0.967,0.829,0.909,rt,
gety,2026-08-22,0.871,0.773,0.969,0.831,0.911,rt,
gety,2026-08-23,0.873,0.771,0.973,0.832,0.911,rt,
gety,2026-08-24,0.882,0.773,0.989,0.838,0.924,rt,
gety,2026-08-25,0.901,0.795,1.006,0.858,0.942,rt,
gety,2026-08-26,0.918,0.813,1.021,0.876,0.96,rt,
gety,2026-08-27,0.934,0.825,1.04,0.89,0.977,rt,
gety,2026-08-28,0.949,0.845,1.048,0.908,0.991,rt,
gety,2026-08-29,0.963,0.858,1.064,0.92,1.004,rt,
gety,2026-08-30,0.972,0.869,1.078,0.93,1.015,rt,
gety,2026-08-31,0.969,0.862,1.08,0.926,1.015,rt,
gety,2026-09-01,0.977,0.875,1.083,0.935,1.022,rt,
gety,2026-09-02,0.984,0.882,1.093,0.943,1.03,rt,
gety,2026-09-03,0.989,0.889,1.105,0.946,1.038,rt,
gety,2026-09-04,0.99,0.895,1.101,0.95,1.037,rt,
gety,2026-09-05,0.989,0.893,1.096,0.948,1.035,rt,
gety,2026-09-06,0.985,0.881,1.095,0.941,1.031,rt,
gety,2026-09-07,0.964,0.849,1.077,0.915,1.01,rt,
gety,2026-09-08,0.949,0.837,1.063,0.903,0.995,rt,
gety,2026-09-09,0.931,0.819,1.049,0.887,0.98,rt,
gety,2026-09-10,0.911,0.797,1.036,0.868,0.963,rt,
gety,2026-09-11,0.891,0.783,1.013,0.847,0.941,rt,
gety,2026-09-12,0.869,0.761,0.995,0.823,0.918,rt,
gety,2026-09-13,0.843,0.733,0.97,0.798,0.893,rt,
gety,2026-09-14,0.83,0.706,0.964,0.778,0.881,rt,
gety,2026-09-15,0.831,0.712,0.966,0.78,0.883,rt,
gety,2026-09-16,0.831,0.711,0.97,0.781,0.888,rt,
gety,2026-09-17,0.833,0.707,0.984,0.782,0.892,rt,
gety,2026-09-18,0.839,0.706,0.986,0.786,0.898,rt,
gety,2026-09-19,0.846,0.702,1.0,0.786,0.904,rt,
gety,2026-09-20,0.851,0.695,1.015,0.788,0.912,rt,
gety,2026-09-21,0.861,0.693,1.04,0.791,0.93,rt,
gety,2026-09-22,0.869,0.697,1.054,0.8,0.942,rt,
gety,2026-09-23,0.877,0.699,1.071,0.804,0.959,rt,
gety,2026-09-24,0.887,0.697,1.091,0.807,0.971,rt,
gety,2026-09-25,0.891,0.692,1.111,0.805,0.981,rt,
gety,2026-09-26,0.895,0.68,1.134,0.802,0.993,rt,
gety,2026-09-27,0.896,0.661,1.152,0.794,1.004,rt,
gety,2026-09-28,0.886,0.641,1.159,0.779,0.996,rt,
gety,2026-09-29,0.886,0.632,1.165,0.772,0.999,rt,
gety,2026-09-30,0.88,0.623,1.176,0.766,1.0,rt,
gety,2026-10-01,0.877,0.61,1.18,0.761,1.001,rt,
gety,2026-10-02,0.874,0.59,1.181,0.751,1.003,rt,
gety,2026-10-03,0.87,0.564,1.21,0.74,1.003,rt,
gety,2026-10-04,0.863,0.537,1.244,0.721,1.003,rt,
gety,2026-10-05,0.847,0.509,1.254,0.703,0.999,rt,
gety,2026-10-06,0.856,0.513,1.264,0.706,1.01,rt,
kambala,2026-08-08,0.976,0.866,1.087,0.93,1.021,rt,
kambala,2026-08-09,0.966,0.854,1.078,0.92,1.011,rt,
kambala,2026-08-10,0.944,0.825,1.059,0.894,0.99,rt,
kambala,2026-08-11,0.931,0.819,1.04,0.886,0.973,rt,
kambala,2026-08-12,0.92,0.811,1.022,0.878,0.96,rt,
kambala,2026-08-13,0.909,0.801,1.011,0.866,0.95,rt,
kambala,2026-08-14,0.898,0.795,0.994,0.858,0.937,rt,
kambala,2026-08-15,0.887,0.788,0.983,0.846,0.926,rt,
kambala,2026-08-16,0.874,0.77,0.977,0.832,0.915,rt,
kambala,2026-08-17,0.871,0.76,0.982,0.825,0.916,rt,
kambala,2026-08-18,0.874,0.766,0.977,0.83,0.917,rt,
kambala,2026-08-19,0.877,0.771,0.978,0.832,0.918,rt,
kambala,2026-08-20,0.877,0.775,0.986,0.832,0.919,rt,
kambala,2026-08-21,0.881,0.78,0.985,0.838,0.924,rt,
kambala,2026-08-22,0.885,0.784,0.989,0.842,0.928,rt,
kambala,2026-08-23,0.887,0.781,0.993,0.843,0.93,rt,
kambala,2026-08-24,0.899,0.783,1.008,0.85,0.942,rt,
kambala,2026-08-25,0.917,0.808,1.028,0.87,0.962,rt,
kambala,2026-08-26,0.935,0.824,1.044,0.887,0.979,rt,
kambala,2026-08-27,0.952,0.839,1.063,0.903,0.995,rt,
kambala,2026-08-28,0.969,0.86,1.074,0.922,1.011,rt,
kambala,2026-08-29,0.982,0.873,1.09,0.938,1.027,rt,
kambala,2026-08-30,0.993,0.88,1.106,0.949,1.039,rt,
kambala,2026-08-31,0.991,0.875,1.106,0.945,1.037,rt,
kambala,2026-09-01,0.999,0.889,1.113,0.953,1.045,rt,
kambala,2026-09-02,1.004,0.898,1.117,0.96,1.051,rt,
kambala,2026-09-03,1.01,0.902,1.127,0.963,1.058,rt,
kambala,2026-09-04,1.009,0.908,1.119,0.967,1.056,rt,
kambala,2026-09-05,1.007,0.905,1.115,0.964,1.056,rt,
kambala,2026-09-06,1.003,0.895,1.114,0.957,1.051,rt,
kambala,2026-09-07,0.98,0.863,1.1,0.932,1.028,rt,
kambala,2026-09-08,0.965,0.848,1.082,0.917,1.012,rt,
kambala,2026-09-09,0.947,0.83,1.069,0.9,0.994,rt,
kambala,2026-09-10,0.928,0.809,1.055,0.882,0.978,rt,
kambala,2026-09-11,0.905,0.791,1.032,0.861,0.954,rt,
kambala,2026-09-12,0.881,0.769,1.009,0.839,0.932,rt,
kambala,2026-09-13,0.859,0.741,0.983,0.812,0.909,rt,
kambala,2026-09-14,0.845,0.719,0.977,0.793,0.897,rt,
kambala,2026-09-15,0.845,0.721,0.979,0.794,0.9,rt,
kambala,2026-09-16,0.846,0.72,0.983,0.796,0.903,rt,
kambala,2026-09-17,0.846,0.718,0.992,0.794,0.906,rt,
kambala,2026-09-18,0.852,0.718,1.002,0.8,0.912,rt,
kambala,2026-09-19,0.859,0.717,1.018,0.8,0.921,rt,
kambala,2026-09-20,0.862,0.709,1.032,0.802,0.929,rt,
kambala,2026-09-21,0.872,0.71,1.058,0.807,0.949,rt,
kambala,2026-09-22,0.881,0.712,1.077,0.816,0.961,rt,
kambala,2026-09-23,0.889,0.711,1.093,0.819,0.974,rt,
kambala,2026-09-24,0.896,0.71,1.116,0.822,0.988,rt,
kambala,2026-09-25,0.902,0.705,1.133,0.821,0.998,rt,
kambala,2026-09-26,0.906,0.695,1.159,0.818,1.011,rt,
kambala,2026-09-27,0.911,0.678,1.176,0.813,1.021,rt,
kambala,2026-09-28,0.9,0.652,1.181,0.798,1.017,rt,
kambala,2026-09-29,0.902,0.642,1.185,0.792,1.02,rt,
kambala,2026-09-30,0.898,0.634,1.194,0.787,1.017,rt,
kambala,2026-10-01,0.894,0.63,1.202,0.78,1.022,rt,
kambala,2026-10-02,0.892,0.61,1.204,0.765,1.019,rt,
kambala,2026-10-03,0.886,0.582,1.228,0.758,1.019,rt,
kambala,2026-10-04,0.879,0.556,1.27,0.742,1.026,rt,
kambala,2026-10-05,0.862,0.524,1.286,0.721,1.02,rt,
kambala,2026-10-06,0.879,0.537,1.301,0.727,1.032,rt,
kilo,2026-06-04,1.141,0.761,1.625,0.973,1.321,rt,
kilo,2026-06-05,1.153,0.782,1.638,0.983,1.334,rt,
kilo,2026-06-06,1.161,0.78,1.643,0.985,1.339,rt,
kilo,2026-06-07,1.16,0.773,1.67,0.979,1.348,rt,
kilo,2026-06-08,1.152,0.741,1.701,0.97,1.353,rt,
kilo,2026-06-09,1.148,0.763,1.657,0.976,1.325,rt,
kilo,2026-06-10,1.142,0.777,1.623,0.977,1.318,rt,
kilo,2026-06-11,1.126,0.774,1.608,0.975,1.315,rt,
kilo,2026-06-12,1.122,0.773,1.601,0.974,1.305,rt,
kilo,2026-06-13,1.113,0.759,1.613,0.965,1.296,rt,
kilo,2026-06-14,1.111,0.753,1.636,0.948,1.297,rt,
kilo,2026-06-15,1.106,0.731,1.695,0.936,1.296,rt,
kilo,2026-06-16,1.107,0.748,1.671,0.942,1.287,rt,
kilo,2026-06-17,1.106,0.758,1.626,0.95,1.289,rt,
kilo,2026-06-18,1.118,0.772,1.622,0.957,1.281,rt,
kilo,2026-06-19,1.115,0.774,1.613,0.961,1.29,rt,
kilo,2026-06-20,1.117,0.782,1.632,0.961,1.29,rt,
kilo,2026-06-21,1.115,0.77,1.639,0.962,1.296,rt,
kilo,2026-06-22,1.123,0.759,1.69,0.974,1.319,rt,
kilo,2026-06-23,1.14,0.785,1.668,0.993,1.318,rt,
kilo,2026-06-24,1.154,0.81,1.647,1.009,1.325,rt,
kilo,2026-06-25,1.175,0.825,1.643,1.016,1.329,rt,
kilo,2026-06-26,1.176,0.824,1.637,1.023,1.332,rt,
kilo,2026-06-27,1.185,0.824,1.655,1.025,1.343,rt,
kilo,2026-06-28,1.179,0.823,1.685,1.028,1.353,rt,
kilo,2026-06-29,1.154,0.801,1.689,1.001,1.353,rt,
kilo,2026-06-30,1.141,0.801,1.622,0.993,1.316,rt,
kilo,2026-07-01,1.131,0.795,1.572,0.982,1.293,rt,
kilo,2026-07-02,1.117,0.796,1.525,0.973,1.269,rt,
kilo,2026-07-03,1.105,0.788,1.518,0.962,1.255,rt,
kilo,2026-07-04,1.091,0.771,1.517,0.954,1.243,rt,
kilo,2026-07-05,1.078,0.753,1.527,0.934,1.236,rt,
kilo,2026-07-06,1.074,0.736,1.563,0.919,1.24,rt,
kilo,2026-07-07,1.079,0.743,1.526,0.934,1.236,rt,
kilo,2026-07-08,1.08,0.757,1.493,0.94,1.232,rt,
kilo,2026-07-09,1.084,0.763,1.497,0.943,1.236,rt,
kilo,2026-07-10,1.083,0.764,1.51,0.941,1.236,rt,
kilo,2026-07-11,1.08,0.758,1.524,0.93,1.234,rt,
kilo,2026-07-12,1.077,0.746,1.531,0.917,1.245,rt,
kilo,2026-07-13,1.068,0.72,1.557,0.903,1.245,rt,
kilo,2026-07-14,1.051,0.734,1.484,0.901,1.217,rt,
kilo,2026-07-15,1.038,0.735,1.451,0.896,1.196,rt,
kilo,2026-07-16,1.024,0.737,1.417,0.885,1.169,rt,
kilo,2026-07-17,1.015,0.735,1.407,0.88,1.158,rt,
kilo,2026-07-18,1.0,0.72,1.41,0.876,1.152,rt,
kilo,2026-07-19,0.991,0.697,1.407,0.859,1.145,rt,
kilo,2026-07-20,0.982,0.672,1.437,0.836,1.143,rt,
kilo,2026-07-21,0.971,0.67,1.378,0.836,1.113,rt,
kilo,2026-07-22,0.961,0.662,1.338,0.831,1.093,rt,
kilo,2026-07-23,0.945,0.655,1.314,0.823,1.079,rt,
kilo,2026-07-24,0.931,0.642,1.302,0.807,1.068,rt,
kilo,2026-07-25,0.912,0.623,1.284,0.791,1.055,rt,
kilo,2026-07-26,0.892,0.603,1.284,0.771,1.041,rt,
kilo,2026-07-27,0.879,0.581,1.298,0.745,1.032,rt,
kilo,2026-07-28,0.869,0.594,1.264,0.75,1.016,rt,
kilo,2026-07-29,0.862,0.6,1.247,0.751,1.001,rt,
kilo,2026-07-30,0.857,0.605,1.232,0.743,0.988,rt,
kilo,2026-07-31,0.846,0.594,1.213,0.732,0.978,rt,
kilo,2026-08-01,0.835,0.582,1.199,0.72,0.963,rt,
kilo,2026-08-02,0.821,0.562,1.202,0.704,0.954,rt,
kilo,2026-08-03,0.809,0.536,1.203,0.687,0.948,rt,
kilo,2026-08-04,0.811,0.547,1.167,0.694,0.939,rt,
kilo,2026-08-05,0.809,0.557,1.145,0.698,0.93,rt,
kilo,2026-08-06,0.807,0.562,1.143,0.701,0.926,rt,
kilo,2026-08-07,0.801,0.554,1.126,0.695,0.92,rt,
kilo,2026-08-08,0.795,0.537,1.115,0.688,0.914,rt,
kilo,2026-08-09,0.787,0.521,1.128,0.674,0.906,rt,
kilo,2026-08-10,0.767,0.492,1.133,0.653,0.898,rt,
kilo,2026-08-11,0.757,0.499,1.078,0.652,0.884,rt,
kilo,2026-08-12,0.746,0.506,1.057,0.646,0.87,rt,
kilo,2026-08-13,0.735,0.505,1.041,0.639,0.853,rt,
kilo,2026-08-14,0.723,0.505,1.019,0.631,0.849,rt,
kilo,2026-08-15,0.717,0.49,1.012,0.619,0.842,rt,
kilo,2026-08-16,0.711,0.476,1.012,0.605,0.833,rt,
kilo,2026-08-17,0.71,0.463,1.043,0.594,0.836,rt,
kilo,2026-08-18,0.715,0.471,1.023,0.602,0.831,rt,
kilo,2026-08-19,0.716,0.476,1.012,0.607,0.828,rt,
kilo,2026-08-20,0.723,0.485,1.017,0.611,0.83,rt,
kilo,2026-08-21,0.729,0.486,1.015,0.619,0.835,rt,
kilo,2026-08-22,0.734,0.484,1.027,0.622,0.847,rt,
kilo,2026-08-23,0.733,0.475,1.042,0.619,0.856,rt,
kilo,2026-08-24,0.743,0.469,1.082,0.622,0.875,rt,
kilo,2026-08-25,0.764,0.499,1.078,0.646,0.888,rt,
kilo,2026-08-26,0.786,0.519,1.091,0.667,0.908,rt,
kilo,2026-08-27,0.801,0.534,1.126,0.685,0.925,rt,
kilo,2026-08-28,0.818,0.542,1.156,0.701,0.95,rt,
kilo,2026-08-29,0.835,0.552,1.197,0.711,0.974,rt,
kilo,2026-08-30,0.848,0.562,1.238,0.715,0.998,rt,
kilo,2026-08-31,0.853,0.55,1.278,0.71,1.013,rt,
kilo,2026-09-01,0.87,0.575,1.285,0.731,1.026,rt,
kilo,2026-09-02,0.886,0.582,1.303,0.753,1.043,rt,
kilo,2026-09-03,0.902,0.589,1.333,0.773,1.06,rt,
kilo,2026-09-04,0.911,0.596,1.369,0.781,1.076,rt,
kilo,2026-09-05,0.925,0.599,1.403,0.782,1.086,rt,
kilo,2026-09-06,0.927,0.593,1.452,0.778,1.112,rt,
kilo,2026-09-07,0.915,0.567,1.466,0.756,1.113,rt,
kilo,2026-09-08,0.916,0.582,1.436,0.756,1.097,rt,
kilo,2026-09-09,0.906,0.585,1.414,0.753,1.087,rt,
kilo,2026-09-10,0.905,0.573,1.406,0.751,1.077,rt,
kilo,2026-09-11,0.892,0.566,1.401,0.742,1.068,rt,
kilo,2026-09-12,0.874,0.55,1.388,0.729,1.054,rt,
kilo,2026-09-13,0.857,0.53,1.395,0.708,1.04,rt,
kilo,2026-09-14,0.849,0.509,1.408,0.698,1.038,rt,
kilo,2026-09-15,0.862,0.529,1.407,0.707,1.052,rt,
kilo,2026-09-16,0.867,0.544,1.419,0.722,1.066,rt,
kilo,2026-09-17,0.882,0.556,1.469,0.733,1.088,rt,
kilo,2026-09-18,0.902,0.562,1.536,0.742,1.115,rt,
kilo,2026-09-19,0.916,0.572,1.593,0.744,1.143,rt,
kilo,2026-09-20,0.93,0.569,1.684,0.752,1.185,rt,
kilo,2026-09-21,0.957,0.565,1.812,0.761,1.234,rt,
kilo,2026-09-22,0.963,0.569,1.793,0.777,1.234,rt,
kilo,2026-09-23,0.977,0.567,1.807,0.78,1.236,rt,
kilo,2026-09-24,0.989,0.561,1.81,0.786,1.24,rt,
kilo,2026-09-25,0.986,0.554,1.82,0.782,1.249,rt,
kilo,2026-09-26,0.985,0.54,1.886,0.771,1.278,rt,
kilo,2026-09-27,0.979,0.514,1.919,0.757,1.292,rt,
kilo,2026-09-28,0.96,0.487,1.931,0.74,1.291,rt,
kilo,2026-09-29,0.965,0.486,1.891,0.733,1.278,rt,
kilo,2026-09-30,0.961,0.493,1.86,0.727,1.261,rt,
kilo,2026-10-01,0.952,0.475,1.862,0.716,1.239,rt,
kilo,2026-10-02,0.943,0.455,1.87,0.706,1.211,rt,
kilo,2026-10-03,0.93,0.443,1.884,0.69,1.213,rt,
kilo,2026-10-04,0.915,0.411,1.909,0.675,1.208,rt,
kilo,2026-10-05,0.898,0.38,1.946,0.647,1.196,rt,
kilo,2026-10-06,0.887,0.359,1.948,0.641,1.203,rt,
komanda,2026-05-28,1.854,1.118,2.92,1.503,2.233,rt,
komanda,2026-05-29,1.866,1.127,2.921,1.527,2.263,rt,
komanda,2026-05-30,1.891,1.137,2.972,1.537,2.293,rt,
komanda,2026-05-31,1.924,1.127,3.084,1.538,2.346,rt,
komanda,2026-06-01,1.952,1.099,3.296,1.544,2.409,rt,
komanda,2026-06-02,1.956,1.143,3.136,1.579,2.363,rt,
komanda,2026-06-03,1.952,1.184,3.008,1.598,2.329,rt,
komanda,2026-06-04,1.932,1.209,2.976,1.606,2.304,rt,
komanda,2026-06-05,1.907,1.203,2.954,1.595,2.282,rt,
komanda,2026-06-06,1.878,1.173,2.974,1.559,2.252,rt,
komanda,2026-06-07,1.849,1.136,2.961,1.506,2.234,rt,
komanda,2026-06-08,1.807,1.063,3.017,1.435,2.229,rt,
komanda,2026-06-09,1.741,1.071,2.786,1.418,2.112,rt,
komanda,2026-06-10,1.678,1.08,2.577,1.396,2.001,rt,
komanda,2026-06-11,1.618,1.049,2.416,1.363,1.912,rt,
komanda,2026-06-12,1.571,1.035,2.304,1.324,1.846,rt,
komanda,2026-06-13,1.518,0.981,2.257,1.259,1.794,rt,
komanda,2026-06-14,1.457,0.921,2.251,1.205,1.756,rt,
komanda,2026-06-15,1.415,0.848,2.267,1.139,1.728,rt,
komanda,2026-06-16,1.371,0.858,2.099,1.133,1.65,rt,
komanda,2026-06-17,1.327,0.861,1.968,1.114,1.581,rt,
komanda,2026-06-18,1.292,0.849,1.9,1.082,1.52,rt,
komanda,2026-06-19,1.255,0.821,1.87,1.054,1.472,rt,
komanda,2026-06-20,1.211,0.779,1.84,1.022,1.433,rt,
komanda,2026-06-21,1.172,0.727,1.832,0.984,1.418,rt,
komanda,2026-06-22,1.145,0.67,1.889,0.95,1.416,rt,
komanda,2026-06-23,1.124,0.686,1.763,0.948,1.372,rt,
komanda,2026-06-24,1.102,0.7,1.687,0.941,1.335,rt,
komanda,2026-06-25,1.086,0.699,1.628,0.927,1.305,rt,
komanda,2026-06-26,1.07,0.683,1.587,0.901,1.27,rt,
komanda,2026-06-27,1.042,0.664,1.569,0.882,1.255,rt,
komanda,2026-06-28,1.023,0.63,1.557,0.848,1.241,rt,
komanda,2026-06-29,0.982,0.582,1.566,0.793,1.203,rt,
komanda,2026-06-30,0.979,0.609,1.503,0.804,1.176,rt,
komanda,2026-07-01,0.987,0.634,1.459,0.814,1.165,rt,
komanda,2026-07-02,0.979,0.648,1.431,0.827,1.156,rt,
komanda,2026-07-03,0.981,0.646,1.431,0.835,1.155,rt,
komanda,2026-07-04,0.991,0.637,1.458,0.834,1.168,rt,
komanda,2026-07-05,0.999,0.626,1.511,0.823,1.183,rt,
komanda,2026-07-06,1.009,0.611,1.586,0.816,1.22,rt,
komanda,2026-07-07,1.047,0.671,1.563,0.863,1.243,rt,
komanda,2026-07-08,1.088,0.723,1.552,0.913,1.271,rt,
komanda,2026-07-09,1.131,0.757,1.592,0.959,1.31,rt,
komanda,2026-07-10,1.163,0.788,1.631,0.997,1.356,rt,
komanda,2026-07-11,1.2,0.803,1.737,1.031,1.411,rt,
komanda,2026-07-12,1.244,0.813,1.879,1.05,1.486,rt,
komanda,2026-07-13,1.275,0.797,2.041,1.06,1.544,rt,
komanda,2026-07-14,1.294,0.849,1.954,1.091,1.537,rt,
komanda,2026-07-15,1.313,0.892,1.89,1.127,1.538,rt,
komanda,2026-07-16,1.328,0.925,1.88,1.153,1.546,rt,
komanda,2026-07-17,1.344,0.945,1.907,1.181,1.56,rt,
komanda,2026-07-18,1.363,0.96,1.953,1.192,1.602,rt,
komanda,2026-07-19,1.379,0.95,2.043,1.19,1.649,rt,
komanda,2026-07-20,1.406,0.914,2.188,1.187,1.701,rt,
komanda,2026-07-21,1.439,0.978,2.102,1.235,1.69,rt,
komanda,2026-07-22,1.472,1.037,2.081,1.278,1.69,rt,
komanda,2026-07-23,1.49,1.08,2.054,1.316,1.711,rt,
komanda,2026-07-24,1.52,1.111,2.05,1.336,1.735,rt,
komanda,2026-07-25,1.538,1.097,2.129,1.342,1.77,rt,
komanda,2026-07-26,1.553,1.075,2.246,1.342,1.811,rt,
komanda,2026-07-27,1.575,1.034,2.408,1.338,1.875,rt,
komanda,2026-07-28,1.605,1.123,2.326,1.386,1.862,rt,
komanda,2026-07-29,1.628,1.179,2.281,1.425,1.867,rt,
komanda,2026-07-30,1.65,1.223,2.239,1.456,1.876,rt,
komanda,2026-07-31,1.672,1.236,2.281,1.473,1.892,rt,
komanda,2026-08-01,1.691,1.215,2.352,1.484,1.924,rt,
komanda,2026-08-02,1.693,1.183,2.426,1.459,1.97,rt,
komanda,2026-08-03,1.706,1.131,2.561,1.434,2.036,rt,
komanda,2026-08-04,1.74,1.209,2.468,1.5,2.013,rt,
komanda,2026-08-05,1.773,1.285,2.431,1.556,2.013,rt,
komanda,2026-08-06,1.808,1.335,2.426,1.6,2.024,rt,
komanda,2026-08-07,1.827,1.374,2.413,1.62,2.039,rt,
komanda,2026-08-08,1.838,1.361,2.488,1.619,2.086,rt,
komanda,2026-08-09,1.848,1.332,2.636,1.613,2.134,rt,
komanda,2026-08-10,1.835,1.248,2.752,1.575,2.171,rt,
komanda,2026-08-11,1.805,1.297,2.54,1.57,2.073,rt,
komanda,2026-08-12,1.764,1.319,2.366,1.56,1.99,rt,
komanda,2026-08-13,1.721,1.319,2.252,1.539,1.934,rt,
komanda,2026-08-14,1.675,1.293,2.185,1.506,1.893,rt,
komanda,2026-08-15,1.643,1.226,2.191,1.452,1.871,rt,
komanda,2026-08-16,1.604,1.146,2.212,1.395,1.842,rt,
komanda,2026-08-17,1.582,1.083,2.325,1.353,1.853,rt,
komanda,2026-08-18,1.49,1.07,2.075,1.302,1.703,rt,
komanda,2026-08-19,1.393,1.04,1.887,1.236,1.582,rt,
komanda,2026-08-20,1.311,0.996,1.746,1.162,1.47,rt,
komanda,2026-08-21,1.239,0.934,1.649,1.093,1.382,rt,
komanda,2026-08-22,1.16,0.858,1.594,1.023,1.308,rt,
komanda,2026-08-23,1.088,0.76,1.545,0.944,1.245,rt,
komanda,2026-08-24,1.029,0.676,1.536,0.879,1.203,rt,
komanda,2026-08-25,0.996,0.698,1.419,0.872,1.137,rt,
komanda,2026-08-26,0.965,0.694,1.318,0.852,1.088,rt,
komanda,2026-08-27,0.929,0.682,1.253,0.828,1.037,rt,
komanda,2026-08-28,0.897,0.657,1.19,0.8,1.001,rt,
komanda,2026-08-29,0.866,0.617,1.162,0.762,0.965,rt,
komanda,2026-08-30,0.832,0.57,1.138,0.724,0.941,rt,
komanda,2026-08-31,0.785,0.516,1.115,0.668,0.911,rt,
komanda,2026-09-01,0.783,0.546,1.068,0.68,0.893,rt,
komanda,2026-09-02,0.783,0.568,1.028,0.688,0.885,rt,
komanda,2026-09-03,0.784,0.58,1.012,0.692,0.875,rt,
komanda,2026-09-04,0.778,0.573,0.997,0.689,0.865,rt,
komanda,2026-09-05,0.771,0.558,1.01,0.677,0.87,rt,
komanda,2026-09-06,0.76,0.536,1.023,0.657,0.872,rt,
komanda,2026-09-07,0.739,0.49,1.034,0.627,0.857,rt,
komanda,2026-09-08,0.719,0.499,0.979,0.618,0.828,rt,
komanda,2026-09-09,0.701,0.494,0.943,0.614,0.798,rt,
komanda,2026-09-10,0.684,0.477,0.913,0.597,0.776,rt,
komanda,2026-09-11,0.662,0.455,0.891,0.571,0.755,rt,
komanda,2026-09-12,0.638,0.427,0.888,0.545,0.736,rt,
komanda,2026-09-13,0.614,0.392,0.888,0.518,0.722,rt,
komanda,2026-09-14,0.594,0.366,0.905,0.492,0.712,rt,
komanda,2026-09-15,0.584,0.362,0.865,0.487,0.691,rt,
komanda,2026-09-16,0.571,0.353,0.831,0.476,0.671,rt,
komanda,2026-09-17,0.56,0.345,0.823,0.465,0.662,rt,
komanda,2026-09-18,0.55,0.332,0.816,0.453,0.653,rt,
komanda,2026-09-19,0.542,0.315,0.82,0.44,0.65,rt,
komanda,2026-09-20,0.534,0.299,0.838,0.421,0.647,rt,
komanda,2026-09-21,0.528,0.284,0.872,0.404,0.652,rt,
komanda,2026-09-22,0.527,0.289,0.877,0.411,0.659,rt,
komanda,2026-09-23,0.531,0.291,0.891,0.416,0.669,rt,
komanda,2026-09-24,0.534,0.292,0.924,0.417,0.678,rt,
komanda,2026-09-25,0.532,0.292,0.959,0.417,0.687,rt,
komanda,2026-09-26,0.534,0.282,0.998,0.41,0.695,rt,
komanda,2026-09-27,0.536,0.271,1.047,0.403,0.707,rt,
komanda,2026-09-28,0.53,0.256,1.083,0.388,0.712,rt,
komanda,2026-09-29,0.533,0.258,1.089,0.392,0.717,rt,
komanda,2026-09-30,0.528,0.258,1.101,0.394,0.722,rt,
komanda,2026-10-01,0.53,0.249,1.092,0.393,0.719,rt,
komanda,2026-10-02,0.53,0.237,1.108,0.389,0.724,rt,
komanda,2026-10-03,0.525,0.231,1.138,0.384,0.732,rt,
komanda,2026-10-04,0.52,0.215,1.178,0.374,0.745,rt,
komanda,2026-10-05,0.513,0.202,1.217,0.359,0.754,rt,
komanda,2026-10-06,0.554,0.189,1.372,0.366,0.787,rt,
lita,2026-05-25,1.62,1.043,2.504,1.369,1.944,rt,
lita,2026-05-26,1.629,1.077,2.426,1.392,1.92,rt,
lita,2026-05-27,1.647,1.11,2.388,1.412,1.892,rt,
lita,2026-05-28,1.66,1.142,2.355,1.433,1.919,rt,
lita,2026-05-29,1.67,1.164,2.342,1.452,1.932,rt,
lita,2026-05-30,1.686,1.172,2.38,1.477,1.951,rt,
lita,2026-05-31,1.7,1.164,2.432,1.48,1.968,rt,
lita,2026-06-01,1.728,1.161,2.502,1.48,2.012,rt,
lita,2026-06-02,1.796,1.27,2.535,1.575,2.057,rt,
lita,2026-06-03,1.875,1.36,2.572,1.656,2.133,rt,
lita,2026-06-04,1.948,1.434,2.598,1.727,2.2,rt,
lita,2026-06-05,2.02,1.507,2.677,1.781,2.273,rt,
lita,2026-06-06,2.075,1.537,2.796,1.83,2.341,rt,
lita,2026-06-07,2.123,1.544,2.904,1.863,2.402,rt,
lita,2026-06-08,2.151,1.528,3.027,1.874,2.461,rt,
lita,2026-06-09,2.121,1.569,2.883,1.873,2.387,rt,
lita,2026-06-10,2.086,1.568,2.791,1.869,2.34,rt,
lita,2026-06-11,2.057,1.572,2.723,1.85,2.29,rt,
lita,2026-06-12,2.021,1.571,2.682,1.822,2.247,rt,
lita,2026-06-13,1.994,1.54,2.652,1.792,2.229,rt,
lita,2026-06-14,1.963,1.49,2.621,1.744,2.199,rt,
lita,2026-06-15,1.941,1.437,2.631,1.693,2.195,rt,
lita,2026-06-16,1.887,1.428,2.501,1.668,2.109,rt,
lita,2026-06-17,1.828,1.413,2.385,1.632,2.04,rt,
lita,2026-06-18,1.777,1.386,2.279,1.598,1.967,rt,
lita,2026-06-19,1.722,1.361,2.197,1.558,1.911,rt,
lita,2026-06-20,1.669,1.316,2.145,1.511,1.867,rt,
lita,2026-06-21,1.619,1.256,2.101,1.459,1.824,rt,
lita,2026-06-22,1.589,1.205,2.106,1.419,1.806,rt,
lita,2026-06-23,1.596,1.231,2.065,1.438,1.79,rt,
lita,2026-06-24,1.6,1.261,2.043,1.445,1.776,rt,
lita,2026-06-25,1.609,1.278,2.021,1.457,1.766,rt,
lita,2026-06-26,1.604,1.278,2.02,1.455,1.753,rt,
lita,2026-06-27,1.593,1.265,2.023,1.449,1.747,rt,
lita,2026-06-28,1.584,1.246,2.045,1.433,1.754,rt,
lita,2026-06-29,1.544,1.193,2.052,1.387,1.726,rt,
lita,2026-06-30,1.505,1.19,1.932,1.369,1.674,rt,
lita,2026-07-01,1.472,1.188,1.86,1.348,1.623,rt,
lita,2026-07-02,1.438,1.177,1.821,1.327,1.59,rt,
lita,2026-07-03,1.42,1.167,1.788,1.305,1.565,rt,
lita,2026-07-04,1.399,1.137,1.768,1.276,1.536,rt,
lita,2026-07-05,1.376,1.092,1.774,1.247,1.521,rt,
lita,2026-07-06,1.362,1.046,1.804,1.22,1.52,rt,
lita,2026-07-07,1.346,1.061,1.727,1.219,1.486,rt,
lita,2026-07-08,1.327,1.068,1.674,1.21,1.457,rt,
lita,2026-07-09,1.31,1.063,1.636,1.199,1.432,rt,
lita,2026-07-10,1.291,1.047,1.604,1.184,1.41,rt,
lita,2026-07-11,1.271,1.014,1.582,1.162,1.394,rt,
lita,2026-07-12,1.251,0.966,1.577,1.135,1.384,rt,
lita,2026-07-13,1.22,0.912,1.586,1.094,1.362,rt,
lita,2026-07-14,1.204,0.913,1.513,1.088,1.326,rt,
lita,2026-07-15,1.184,0.915,1.466,1.08,1.294,rt,
lita,2026-07-16,1.166,0.913,1.436,1.06,1.269,rt,
lita,2026-07-17,1.149,0.904,1.407,1.05,1.25,rt,
lita,2026-07-18,1.132,0.884,1.398,1.032,1.236,rt,
lita,2026-07-19,1.109,0.863,1.383,1.008,1.227,rt,
lita,2026-07-20,1.093,0.823,1.397,0.983,1.215,rt,
lita,2026-07-21,1.083,0.835,1.352,0.984,1.193,rt,
lita,2026-07-22,1.073,0.848,1.321,0.98,1.17,rt,
lita,2026-07-23,1.062,0.854,1.301,0.971,1.152,rt,
lita,2026-07-24,1.049,0.847,1.296,0.961,1.135,rt,
lita,2026-07-25,1.034,0.828,1.29,0.947,1.125,rt,
lita,2026-07-26,1.02,0.8,1.289,0.925,1.117,rt,
lita,2026-07-27,1.003,0.765,1.31,0.899,1.114,rt,
lita,2026-07-28,1.01,0.789,1.282,0.921,1.111,rt,
lita,2026-07-29,1.014,0.815,1.263,0.933,1.105,rt,
lita,2026-07-30,1.022,0.828,1.263,0.941,1.109,rt,
lita,2026-07-31,1.023,0.83,1.25,0.943,1.109,rt,
lita,2026-08-01,1.023,0.822,1.25,0.936,1.109,rt,
lita,2026-08-02,1.019,0.806,1.263,0.928,1.113,rt,
lita,2026-08-03,1.013,0.781,1.289,0.915,1.119,rt,
lita,2026-08-04,1.015,0.797,1.268,0.922,1.111,rt,
lita,2026-08-05,1.015,0.81,1.249,0.93,1.103,rt,
lita,2026-08-06,1.014,0.819,1.248,0.933,1.102,rt,
lita,2026-08-07,1.008,0.815,1.242,0.928,1.094,rt,
lita,2026-08-08,0.999,0.802,1.242,0.917,1.094,rt,
lita,2026-08-09,0.992,0.784,1.256,0.902,1.094,rt,
lita,2026-08-10,0.973,0.749,1.251,0.873,1.083,rt,
lita,2026-08-11,0.956,0.752,1.206,0.868,1.056,rt,
lita,2026-08-12,0.94,0.749,1.167,0.862,1.036,rt,
lita,2026-08-13,0.924,0.741,1.137,0.851,1.014,rt,
lita,2026-08-14,0.913,0.735,1.125,0.838,0.998,rt,
lita,2026-08-15,0.899,0.715,1.12,0.82,0.985,rt,
lita,2026-08-16,0.884,0.687,1.129,0.802,0.975,rt,
lita,2026-08-17,0.875,0.669,1.135,0.787,0.974,rt,
lita,2026-08-18,0.878,0.687,1.116,0.799,0.97,rt,
lita,2026-08-19,0.881,0.701,1.106,0.809,0.965,rt,
lita,2026-08-20,0.884,0.707,1.098,0.812,0.96,rt,
lita,2026-08-21,0.893,0.718,1.098,0.815,0.964,rt,
lita,2026-08-22,0.896,0.713,1.102,0.816,0.97,rt,
lita,2026-08-23,0.895,0.699,1.123,0.809,0.979,rt,
lita,2026-08-24,0.903,0.686,1.166,0.807,1.002,rt,
lita,2026-08-25,0.906,0.704,1.141,0.817,0.995,rt,
lita,2026-08-26,0.904,0.709,1.133,0.823,0.99,rt,
lita,2026-08-27,0.899,0.71,1.124,0.822,0.99,rt,
lita,2026-08-28,0.896,0.711,1.127,0.818,0.984,rt,
lita,2026-08-29,0.891,0.694,1.132,0.809,0.985,rt,
lita,2026-08-30,0.881,0.67,1.151,0.793,0.986,rt,
lita,2026-08-31,0.865,0.634,1.157,0.763,0.973,rt,
lita,2026-09-01,0.856,0.642,1.109,0.764,0.958,rt,
lita,2026-09-02,0.846,0.653,1.075,0.762,0.94,rt,
lita,2026-09-03,0.836,0.647,1.056,0.756,0.921,rt,
lita,2026-09-04,0.82,0.637,1.028,0.742,0.901,rt,
lita,2026-09-05,0.801,0.617,1.014,0.722,0.888,rt,
lita,2026-09-06,0.781,0.588,1.017,0.699,0.872,rt,
lita,2026-09-07,0.749,0.544,1.007,0.659,0.844,rt,
lita,2026-09-08,0.734,0.547,0.957,0.65,0.822,rt,
lita,2026-09-09,0.719,0.541,0.927,0.639,0.802,rt,
lita,2026-09-10,0.706,0.527,0.908,0.626,0.781,rt,
lita,2026-09-11,0.684,0.508,0.893,0.607,0.765,rt,
lita,2026-09-12,0.663,0.478,0.88,0.585,0.75,rt,
lita,2026-09-13,0.642,0.449,0.871,0.556,0.732,rt,
lita,2026-09-14,0.625,0.416,0.88,0.531,0.725,rt,
lita,2026-09-15,0.635,0.432,0.887,0.547,0.736,rt,
lita,2026-09-16,0.647,0.443,0.896,0.563,0.746,rt,
lita,2026-09-17,0.659,0.454,0.922,0.574,0.765,rt,
lita,2026-09-18,0.676,0.462,0.95,0.583,0.782,rt,
lita,2026-09-19,0.693,0.465,0.99,0.597,0.806,rt,
lita,2026-09-20,0.708,0.461,1.048,0.608,0.833,rt,
lita,2026-09-21,0.728,0.46,1.118,0.615,0.872,rt,
lita,2026-09-22,0.738,0.467,1.133,0.624,0.877,rt,
lita,2026-09-23,0.751,0.458,1.147,0.626,0.886,rt,
lita,2026-09-24,0.754,0.46,1.181,0.621,0.898,rt,
lita,2026-09-25,0.758,0.454,1.247,0.614,0.906,rt,
lita,2026-09-26,0.764,0.435,1.281,0.6,0.928,rt,
lita,2026-09-27,0.766,0.415,1.329,0.588,0.946,rt,
lita,2026-09-28,0.756,0.385,1.378,0.568,0.958,rt,
lita,2026-09-29,0.752,0.373,1.349,0.567,0.95,rt,
lita,2026-09-30,0.742,0.365,1.33,0.562,0.948,rt,
lita,2026-10-01,0.735,0.349,1.338,0.551,0.945,rt,
lita,2026-10-02,0.736,0.344,1.333,0.548,0.956,rt,
lita,2026-10-03,0.729,0.326,1.357,0.533,0.959,rt,
lita,2026-10-04,0.721,0.302,1.394,0.517,0.958,rt,
lita,2026-10-05,0.702,0.279,1.42,0.491,0.956,rt,
lita,2026-10-06,0.706,0.265,1.497,0.491,0.982,rt,
logo,2026-06-24,1.282,1.094,1.488,1.2,1.359,rt,
logo,2026-06-25,1.277,1.094,1.474,1.198,1.352,rt,
logo,2026-06-26,1.267,1.086,1.45,1.19,1.337,rt,
logo,2026-06-27,1.255,1.081,1.434,1.179,1.322,rt,
logo,2026-06-28,1.244,1.068,1.418,1.166,1.313,rt,
logo,2026-06-29,1.207,1.033,1.382,1.129,1.281,rt,
logo,2026-06-30,1.181,1.024,1.342,1.111,1.25,rt,
logo,2026-07-01,1.158,1.015,1.304,1.094,1.223,rt,
logo,2026-07-02,1.137,0.996,1.273,1.076,1.199,rt,
logo,2026-07-03,1.121,0.985,1.252,1.065,1.179,rt,
logo,2026-07-04,1.105,0.969,1.234,1.05,1.161,rt,
logo,2026-07-05,1.089,0.948,1.225,1.033,1.145,rt,
logo,2026-07-06,1.08,0.929,1.226,1.022,1.141,rt,
logo,2026-07-07,1.089,0.948,1.226,1.032,1.143,rt,
logo,2026-07-08,1.095,0.961,1.227,1.041,1.148,rt,
logo,2026-07-09,1.103,0.97,1.23,1.048,1.155,rt,
logo,2026-07-10,1.107,0.977,1.228,1.052,1.158,rt,
logo,2026-07-11,1.112,0.981,1.238,1.055,1.163,rt,
logo,2026-07-12,1.114,0.978,1.248,1.055,1.167,rt,
logo,2026-07-13,1.106,0.963,1.252,1.045,1.163,rt,
logo,2026-07-14,1.105,0.968,1.24,1.048,1.16,rt,
logo,2026-07-15,1.101,0.968,1.233,1.047,1.158,rt,
logo,2026-07-16,1.097,0.967,1.227,1.044,1.152,rt,
logo,2026-07-17,1.097,0.974,1.225,1.046,1.147,rt,
logo,2026-07-18,1.097,0.972,1.23,1.042,1.145,rt,
logo,2026-07-19,1.094,0.965,1.237,1.039,1.144,rt,
logo,2026-07-20,1.091,0.952,1.244,1.036,1.145,rt,
logo,2026-07-21,1.088,0.96,1.232,1.032,1.138,rt,
logo,2026-07-22,1.083,0.963,1.222,1.03,1.132,rt,
logo,2026-07-23,1.078,0.957,1.212,1.026,1.126,rt,
logo,2026-07-24,1.071,0.955,1.198,1.023,1.12,rt,
logo,2026-07-25,1.061,0.947,1.191,1.017,1.112,rt,
logo,2026-07-26,1.052,0.932,1.186,1.006,1.102,rt,
logo,2026-07-27,1.045,0.918,1.181,0.994,1.096,rt,
logo,2026-07-28,1.04,0.921,1.168,0.993,1.087,rt,
logo,2026-07-29,1.033,0.921,1.154,0.989,1.082,rt,
logo,2026-07-30,1.024,0.916,1.143,0.982,1.074,rt,
logo,2026-07-31,1.014,0.909,1.13,0.969,1.06,rt,
logo,2026-08-01,1.001,0.891,1.117,0.954,1.045,rt,
logo,2026-08-02,0.986,0.871,1.108,0.938,1.035,rt,
logo,2026-08-03,0.971,0.847,1.102,0.92,1.025,rt,
logo,2026-08-04,0.97,0.855,1.094,0.92,1.019,rt,
logo,2026-08-05,0.967,0.853,1.091,0.92,1.015,rt,
logo,2026-08-06,0.966,0.848,1.084,0.917,1.012,rt,
logo,2026-08-07,0.955,0.848,1.069,0.91,0.999,rt,
logo,2026-08-08,0.946,0.835,1.056,0.9,0.989,rt,
logo,2026-08-09,0.936,0.821,1.047,0.888,0.98,rt,
logo,2026-08-10,0.914,0.791,1.03,0.864,0.961,rt,
logo,2026-08-11,0.902,0.787,1.011,0.856,0.945,rt,
logo,2026-08-12,0.891,0.783,0.996,0.848,0.931,rt,
logo,2026-08-13,0.881,0.773,0.984,0.837,0.92,rt,
logo,2026-08-14,0.869,0.766,0.967,0.827,0.909,rt,
logo,2026-08-15,0.859,0.757,0.955,0.818,0.899,rt,
logo,2026-08-16,0.846,0.744,0.946,0.805,0.889,rt,
logo,2026-08-17,0.843,0.734,0.952,0.799,0.889,rt,
logo,2026-08-18,0.847,0.742,0.953,0.804,0.891,rt,
logo,2026-08-19,0.849,0.747,0.955,0.807,0.892,rt,
logo,2026-08-20,0.85,0.747,0.96,0.808,0.894,rt,
logo,2026-08-21,0.855,0.755,0.962,0.815,0.897,rt,
logo,2026-08-22,0.858,0.757,0.964,0.818,0.901,rt,
logo,2026-08-23,0.859,0.753,0.968,0.818,0.904,rt,
logo,2026-08-24,0.87,0.755,0.985,0.825,0.918,rt,
logo,2026-08-25,0.889,0.778,1.001,0.844,0.935,rt,
logo,2026-08-26,0.907,0.796,1.021,0.862,0.952,rt,
logo,2026-08-27,0.923,0.809,1.038,0.877,0.97,rt,
logo,2026-08-28,0.939,0.829,1.053,0.895,0.984,rt,
logo,2026-08-29,0.953,0.845,1.067,0.911,0.998,rt,
logo,2026-08-30,0.964,0.853,1.079,0.922,1.01,rt,
logo,2026-08-31,0.963,0.846,1.082,0.918,1.011,rt,
logo,2026-09-01,0.971,0.86,1.086,0.928,1.018,rt,
logo,2026-09-02,0.979,0.871,1.095,0.933,1.025,rt,
logo,2026-09-03,0.984,0.874,1.106,0.938,1.034,rt,
logo,2026-09-04,0.985,0.877,1.1,0.94,1.033,rt,
logo,2026-09-05,0.982,0.878,1.098,0.94,1.031,rt,
logo,2026-09-06,0.978,0.867,1.094,0.932,1.028,rt,
logo,2026-09-07,0.957,0.838,1.077,0.909,1.006,rt,
logo,2026-09-08,0.943,0.825,1.063,0.895,0.99,rt,
logo,2026-09-09,0.926,0.809,1.046,0.876,0.973,rt,
logo,2026-09-10,0.911,0.79,1.033,0.859,0.957,rt,
logo,2026-09-11,0.888,0.775,1.011,0.838,0.937,rt,
logo,2026-09-12,0.863,0.75,0.991,0.816,0.916,rt,
logo,2026-09-13,0.839,0.72,0.969,0.791,0.891,rt,
logo,2026-09-14,0.825,0.698,0.962,0.772,0.878,rt,
logo,2026-09-15,0.825,0.699,0.961,0.772,0.88,rt,
logo,2026-09-16,0.827,0.7,0.967,0.773,0.884,rt,
logo,2026-09-17,0.828,0.697,0.975,0.774,0.889,rt,
logo,2026-09-18,0.834,0.699,0.987,0.779,0.895,rt,
logo,2026-09-19,0.841,0.696,1.002,0.779,0.901,rt,
logo,2026-09-20,0.845,0.688,1.014,0.779,0.912,rt,
logo,2026-09-21,0.855,0.686,1.041,0.785,0.928,rt,
logo,2026-09-22,0.863,0.691,1.056,0.791,0.942,rt,
logo,2026-09-23,0.872,0.691,1.075,0.795,0.955,rt,
logo,2026-09-24,0.88,0.69,1.092,0.797,0.965,rt,
logo,2026-09-25,0.883,0.682,1.113,0.799,0.976,rt,
logo,2026-09-26,0.89,0.672,1.133,0.794,0.988,rt,
logo,2026-09-27,0.892,0.662,1.161,0.792,0.995,rt,
logo,2026-09-28,0.882,0.64,1.164,0.777,0.991,rt,
logo,2026-09-29,0.883,0.634,1.174,0.769,0.995,rt,
logo,2026-09-30,0.878,0.621,1.178,0.764,0.997,rt,
logo,2026-10-01,0.873,0.613,1.184,0.756,1.0,rt,
logo,2026-10-02,0.872,0.597,1.18,0.746,0.998,rt,
logo,2026-10-03,0.866,0.57,1.205,0.736,1.002,rt,
logo,2026-10-04,0.86,0.543,1.231,0.72,1.003,rt,
logo,2026-10-05,0.844,0.507,1.255,0.698,0.996,rt,
logo,2026-10-06,0.855,0.518,1.267,0.703,1.016,rt,
lolwa,2026-07-07,1.361,0.817,2.237,1.112,1.656,rt,
lolwa,2026-07-08,1.402,0.864,2.219,1.163,1.695,rt,
lolwa,2026-07-09,1.441,0.912,2.243,1.206,1.716,rt,
lolwa,2026-07-10,1.477,0.933,2.273,1.233,1.768,rt,
lolwa,2026-07-11,1.52,0.944,2.429,1.259,1.824,rt,
lolwa,2026-07-12,1.561,0.953,2.586,1.266,1.894,rt,
lolwa,2026-07-13,1.593,0.938,2.742,1.266,1.956,rt,
lolwa,2026-07-14,1.574,0.978,2.619,1.276,1.914,rt,
lolwa,2026-07-15,1.559,0.997,2.49,1.281,1.873,rt,
lolwa,2026-07-16,1.55,1.005,2.399,1.279,1.848,rt,
lolwa,2026-07-17,1.539,0.986,2.374,1.268,1.839,rt,
lolwa,2026-07-18,1.518,0.973,2.424,1.264,1.841,rt,
lolwa,2026-07-19,1.501,0.924,2.508,1.239,1.836,rt,
lolwa,2026-07-20,1.486,0.871,2.618,1.205,1.841,rt,
lolwa,2026-07-21,1.464,0.893,2.43,1.199,1.765,rt,
lolwa,2026-07-22,1.436,0.912,2.266,1.191,1.709,rt,
lolwa,2026-07-23,1.41,0.908,2.141,1.175,1.663,rt,
lolwa,2026-07-24,1.372,0.895,2.081,1.15,1.634,rt,
lolwa,2026-07-25,1.338,0.866,2.062,1.127,1.598,rt,
lolwa,2026-07-26,1.306,0.818,2.089,1.074,1.574,rt,
lolwa,2026-07-27,1.268,0.761,2.172,1.026,1.557,rt,
lolwa,2026-07-28,1.243,0.779,2.031,1.026,1.497,rt,
lolwa,2026-07-29,1.224,0.788,1.914,1.027,1.448,rt,
lolwa,2026-07-30,1.195,0.783,1.826,1.015,1.402,rt,
lolwa,2026-07-31,1.167,0.759,1.766,0.99,1.362,rt,
lolwa,2026-08-01,1.131,0.722,1.75,0.959,1.335,rt,
lolwa,2026-08-02,1.094,0.683,1.746,0.915,1.311,rt,
lolwa,2026-08-03,1.055,0.632,1.773,0.864,1.308,rt,
lolwa,2026-08-04,1.064,0.662,1.711,0.872,1.284,rt,
lolwa,2026-08-05,1.069,0.669,1.647,0.884,1.272,rt,
lolwa,2026-08-06,1.061,0.678,1.632,0.888,1.263,rt,
lolwa,2026-08-07,1.056,0.677,1.603,0.875,1.253,rt,
lolwa,2026-08-08,1.047,0.653,1.617,0.864,1.253,rt,
lolwa,2026-08-09,1.035,0.629,1.658,0.848,1.258,rt,
lolwa,2026-08-10,1.012,0.594,1.672,0.82,1.25,rt,
lolwa,2026-08-11,1.002,0.611,1.583,0.826,1.219,rt,
lolwa,2026-08-12,0.996,0.62,1.52,0.825,1.19,rt,
lolwa,2026-08-13,0.983,0.637,1.461,0.823,1.176,rt,
lolwa,2026-08-14,0.979,0.642,1.424,0.813,1.159,rt,
lolwa,2026-08-15,0.964,0.626,1.423,0.803,1.158,rt,
lolwa,2026-08-16,0.949,0.602,1.466,0.785,1.158,rt,
lolwa,2026-08-17,0.943,0.58,1.539,0.776,1.174,rt,
lolwa,2026-08-18,0.936,0.586,1.445,0.775,1.146,rt,
lolwa,2026-08-19,0.924,0.59,1.384,0.775,1.113,rt,
lolwa,2026-08-20,0.913,0.593,1.347,0.766,1.085,rt,
lolwa,2026-08-21,0.909,0.58,1.338,0.758,1.078,rt,
lolwa,2026-08-22,0.89,0.557,1.35,0.745,1.069,rt,
lolwa,2026-08-23,0.876,0.531,1.358,0.722,1.062,rt,
lolwa,2026-08-24,0.875,0.505,1.422,0.708,1.066,rt,
lolwa,2026-08-25,0.871,0.523,1.371,0.726,1.053,rt,
lolwa,2026-08-26,0.873,0.533,1.325,0.736,1.041,rt,
lolwa,2026-08-27,0.874,0.544,1.303,0.733,1.033,rt,
lolwa,2026-08-28,0.875,0.548,1.302,0.733,1.03,rt,
lolwa,2026-08-29,0.873,0.541,1.305,0.721,1.031,rt,
lolwa,2026-08-30,0.864,0.527,1.328,0.709,1.035,rt,
lolwa,2026-08-31,0.843,0.499,1.341,0.684,1.026,rt,
lolwa,2026-09-01,0.859,0.521,1.309,0.708,1.028,rt,
lolwa,2026-09-02,0.871,0.536,1.297,0.718,1.035,rt,
lolwa,2026-09-03,0.882,0.545,1.295,0.728,1.035,rt,
lolwa,2026-09-04,0.878,0.546,1.292,0.724,1.044,rt,
lolwa,2026-09-05,0.88,0.537,1.337,0.72,1.052,rt,
lolwa,2026-09-06,0.877,0.519,1.392,0.713,1.064,rt,
lolwa,2026-09-07,0.852,0.487,1.43,0.687,1.06,rt,
lolwa,2026-09-08,0.838,0.496,1.381,0.68,1.031,rt,
lolwa,2026-09-09,0.823,0.491,1.34,0.669,1.007,rt,
lolwa,2026-09-10,0.811,0.485,1.317,0.662,0.987,rt,
lolwa,2026-09-11,0.793,0.469,1.295,0.645,0.969,rt,
lolwa,2026-09-12,0.771,0.447,1.284,0.622,0.954,rt,
lolwa,2026-09-13,0.749,0.413,1.296,0.592,0.939,rt,
lolwa,2026-09-14,0.734,0.381,1.331,0.571,0.932,rt,
lolwa,2026-09-15,0.729,0.382,1.289,0.563,0.916,rt,
lolwa,2026-09-16,0.721,0.381,1.275,0.564,0.904,rt,
lolwa,2026-09-17,0.715,0.377,1.254,0.557,0.887,rt,
lolwa,2026-09-18,0.708,0.366,1.261,0.55,0.89,rt,
lolwa,2026-09-19,0.701,0.36,1.301,0.538,0.89,rt,
lolwa,2026-09-20,0.695,0.349,1.34,0.528,0.899,rt,
lolwa,2026-09-21,0.696,0.332,1.379,0.517,0.91,rt,
lolwa,2026-09-22,0.703,0.341,1.38,0.522,0.915,rt,
lolwa,2026-09-23,0.716,0.344,1.387,0.524,0.917,rt,
lolwa,2026-09-24,0.716,0.345,1.448,0.523,0.934,rt,
lolwa,2026-09-25,0.713,0.341,1.48,0.527,0.947,rt,
lolwa,2026-09-26,0.711,0.329,1.519,0.519,0.968,rt,
lolwa,2026-09-27,0.714,0.316,1.589,0.507,0.984,rt,
lolwa,2026-09-28,0.707,0.297,1.633,0.492,0.987,rt,
lolwa,2026-09-29,0.706,0.301,1.587,0.489,0.974,rt,
lolwa,2026-09-30,0.701,0.303,1.59,0.49,0.971,rt,
lolwa,2026-10-01,0.695,0.301,1.607,0.496,0.966,rt,
lolwa,2026-10-02,0.687,0.293,1.628,0.492,0.968,rt,
lolwa,2026-10-03,0.68,0.281,1.685,0.483,0.961,rt,
lolwa,2026-10-04,0.667,0.272,1.732,0.469,0.959,rt,
lolwa,2026-10-05,0.647,0.254,1.774,0.455,0.968,rt,
lolwa,2026-10-06,0.654,0.238,1.784,0.44,1.009,rt,
mahagi,2026-08-05,1.013,0.896,1.132,0.967,1.059,rt,
mahagi,2026-08-06,1.01,0.892,1.129,0.962,1.057,rt,
mahagi,2026-08-07,1.0,0.886,1.11,0.956,1.046,rt,
mahagi,2026-08-08,0.99,0.88,1.097,0.945,1.035,rt,
mahagi,2026-08-09,0.977,0.868,1.086,0.931,1.024,rt,
mahagi,2026-08-10,0.956,0.842,1.068,0.908,1.004,rt,
mahagi,2026-08-11,0.944,0.837,1.049,0.899,0.987,rt,
mahagi,2026-08-12,0.932,0.827,1.031,0.889,0.973,rt,
mahagi,2026-08-13,0.921,0.817,1.02,0.878,0.96,rt,
mahagi,2026-08-14,0.91,0.813,1.006,0.871,0.946,rt,
mahagi,2026-08-15,0.898,0.803,0.993,0.861,0.934,rt,
mahagi,2026-08-16,0.887,0.789,0.984,0.846,0.926,rt,
mahagi,2026-08-17,0.883,0.782,0.99,0.84,0.926,rt,
mahagi,2026-08-18,0.886,0.784,0.987,0.844,0.927,rt,
mahagi,2026-08-19,0.887,0.786,0.988,0.847,0.93,rt,
mahagi,2026-08-20,0.888,0.788,0.993,0.85,0.931,rt,
mahagi,2026-08-21,0.895,0.797,0.992,0.858,0.935,rt,
mahagi,2026-08-22,0.898,0.798,0.997,0.859,0.937,rt,
mahagi,2026-08-23,0.901,0.795,0.999,0.859,0.939,rt,
mahagi,2026-08-24,0.912,0.799,1.017,0.868,0.955,rt,
mahagi,2026-08-25,0.931,0.823,1.036,0.887,0.973,rt,
mahagi,2026-08-26,0.95,0.841,1.055,0.906,0.992,rt,
mahagi,2026-08-27,0.966,0.853,1.076,0.922,1.01,rt,
mahagi,2026-08-28,0.983,0.875,1.086,0.939,1.025,rt,
mahagi,2026-08-29,0.998,0.889,1.102,0.955,1.04,rt,
mahagi,2026-08-30,1.009,0.9,1.118,0.964,1.052,rt,
mahagi,2026-08-31,1.008,0.897,1.119,0.961,1.053,rt,
mahagi,2026-09-01,1.016,0.908,1.13,0.972,1.06,rt,
mahagi,2026-09-02,1.022,0.918,1.139,0.979,1.068,rt,
mahagi,2026-09-03,1.028,0.922,1.148,0.983,1.075,rt,
mahagi,2026-09-04,1.027,0.927,1.141,0.985,1.073,rt,
mahagi,2026-09-05,1.025,0.925,1.139,0.984,1.071,rt,
mahagi,2026-09-06,1.024,0.914,1.134,0.978,1.068,rt,
mahagi,2026-09-07,1.002,0.884,1.116,0.953,1.048,rt,
mahagi,2026-09-08,0.985,0.866,1.102,0.939,1.031,rt,
mahagi,2026-09-09,0.967,0.853,1.086,0.921,1.017,rt,
mahagi,2026-09-10,0.949,0.831,1.073,0.902,1.001,rt,
mahagi,2026-09-11,0.927,0.813,1.052,0.881,0.979,rt,
mahagi,2026-09-12,0.904,0.79,1.031,0.858,0.954,rt,
mahagi,2026-09-13,0.88,0.763,1.011,0.831,0.931,rt,
mahagi,2026-09-14,0.866,0.74,1.002,0.813,0.918,rt,
mahagi,2026-09-15,0.867,0.741,1.004,0.814,0.922,rt,
mahagi,2026-09-16,0.869,0.739,1.01,0.814,0.924,rt,
mahagi,2026-09-17,0.869,0.736,1.019,0.814,0.929,rt,
mahagi,2026-09-18,0.874,0.737,1.027,0.818,0.934,rt,
mahagi,2026-09-19,0.881,0.735,1.042,0.82,0.943,rt,
mahagi,2026-09-20,0.885,0.73,1.055,0.821,0.951,rt,
mahagi,2026-09-21,0.894,0.731,1.077,0.825,0.969,rt,
mahagi,2026-09-22,0.905,0.736,1.096,0.835,0.981,rt,
mahagi,2026-09-23,0.913,0.732,1.116,0.838,0.996,rt,
mahagi,2026-09-24,0.921,0.727,1.134,0.842,1.006,rt,
mahagi,2026-09-25,0.93,0.724,1.156,0.841,1.019,rt,
mahagi,2026-09-26,0.934,0.719,1.178,0.84,1.031,rt,
mahagi,2026-09-27,0.934,0.709,1.202,0.839,1.042,rt,
mahagi,2026-09-28,0.927,0.681,1.211,0.825,1.036,rt,
mahagi,2026-09-29,0.923,0.671,1.211,0.818,1.036,rt,
mahagi,2026-09-30,0.919,0.662,1.218,0.81,1.036,rt,
mahagi,2026-10-01,0.916,0.653,1.227,0.803,1.04,rt,
mahagi,2026-10-02,0.915,0.635,1.228,0.795,1.043,rt,
mahagi,2026-10-03,0.912,0.604,1.25,0.784,1.044,rt,
mahagi,2026-10-04,0.901,0.578,1.289,0.769,1.05,rt,
mahagi,2026-10-05,0.886,0.544,1.312,0.746,1.045,rt,
mahagi,2026-10-06,0.903,0.555,1.318,0.746,1.055,rt,
mambasa,2026-06-12,1.61,0.997,2.545,1.325,1.95,rt,
mambasa,2026-06-13,1.627,0.984,2.578,1.329,1.971,rt,
mambasa,2026-06-14,1.635,0.965,2.678,1.322,1.999,rt,
mambasa,2026-06-15,1.666,0.923,2.847,1.312,2.07,rt,
mambasa,2026-06-16,1.684,0.992,2.76,1.359,2.062,rt,
mambasa,2026-06-17,1.709,1.029,2.743,1.406,2.075,rt,
mambasa,2026-06-18,1.726,1.062,2.701,1.423,2.1,rt,
mambasa,2026-06-19,1.744,1.075,2.805,1.441,2.149,rt,
mambasa,2026-06-20,1.781,1.045,2.977,1.439,2.191,rt,
mambasa,2026-06-21,1.805,1.033,3.102,1.435,2.253,rt,
mambasa,2026-06-22,1.848,1.011,3.349,1.433,2.366,rt,
mambasa,2026-06-23,1.809,1.03,3.103,1.42,2.259,rt,
mambasa,2026-06-24,1.755,1.043,2.913,1.421,2.152,rt,
mambasa,2026-06-25,1.7,1.034,2.755,1.405,2.063,rt,
mambasa,2026-06-26,1.636,1.01,2.617,1.361,1.974,rt,
mambasa,2026-06-27,1.582,0.983,2.595,1.321,1.921,rt,
mambasa,2026-06-28,1.537,0.904,2.546,1.254,1.872,rt,
mambasa,2026-06-29,1.468,0.813,2.522,1.16,1.803,rt,
mambasa,2026-06-30,1.393,0.83,2.274,1.128,1.69,rt,
mambasa,2026-07-01,1.322,0.82,2.08,1.09,1.603,rt,
mambasa,2026-07-02,1.271,0.793,1.942,1.045,1.519,rt,
mambasa,2026-07-03,1.221,0.76,1.874,0.997,1.457,rt,
mambasa,2026-07-04,1.167,0.722,1.823,0.959,1.415,rt,
mambasa,2026-07-05,1.121,0.654,1.799,0.912,1.378,rt,
mambasa,2026-07-06,1.084,0.595,1.828,0.862,1.364,rt,
mambasa,2026-07-07,1.072,0.618,1.723,0.868,1.323,rt,
mambasa,2026-07-08,1.07,0.644,1.658,0.88,1.289,rt,
mambasa,2026-07-09,1.069,0.651,1.617,0.877,1.268,rt,
mambasa,2026-07-10,1.052,0.645,1.597,0.867,1.258,rt,
mambasa,2026-07-11,1.046,0.625,1.626,0.846,1.251,rt,
mambasa,2026-07-12,1.03,0.597,1.668,0.816,1.26,rt,
mambasa,2026-07-13,1.011,0.569,1.735,0.791,1.26,rt,
mambasa,2026-07-14,0.99,0.572,1.603,0.791,1.214,rt,
mambasa,2026-07-15,0.972,0.575,1.54,0.784,1.186,rt,
mambasa,2026-07-16,0.955,0.574,1.465,0.778,1.16,rt,
mambasa,2026-07-17,0.935,0.558,1.453,0.772,1.146,rt,
mambasa,2026-07-18,0.913,0.538,1.454,0.749,1.123,rt,
mambasa,2026-07-19,0.902,0.513,1.486,0.726,1.118,rt,
mambasa,2026-07-20,0.893,0.478,1.526,0.702,1.114,rt,
mambasa,2026-07-21,0.869,0.493,1.418,0.701,1.07,rt,
mambasa,2026-07-22,0.85,0.495,1.328,0.694,1.032,rt,
mambasa,2026-07-23,0.835,0.49,1.279,0.683,0.999,rt,
mambasa,2026-07-24,0.809,0.478,1.236,0.667,0.969,rt,
mambasa,2026-07-25,0.787,0.458,1.234,0.65,0.951,rt,
mambasa,2026-07-26,0.763,0.436,1.24,0.623,0.935,rt,
mambasa,2026-07-27,0.742,0.407,1.275,0.593,0.918,rt,
mambasa,2026-07-28,0.724,0.413,1.186,0.586,0.879,rt,
mambasa,2026-07-29,0.705,0.413,1.121,0.579,0.851,rt,
mambasa,2026-07-30,0.691,0.391,1.077,0.561,0.831,rt,
mambasa,2026-07-31,0.667,0.385,1.064,0.538,0.81,rt,
mambasa,2026-08-01,0.646,0.372,1.057,0.513,0.791,rt,
mambasa,2026-08-02,0.621,0.337,1.062,0.492,0.774,rt,
mambasa,2026-08-03,0.6,0.306,1.061,0.466,0.769,rt,
mambasa,2026-08-04,0.604,0.318,1.015,0.476,0.759,rt,
mambasa,2026-08-05,0.613,0.332,0.984,0.485,0.752,rt,
mambasa,2026-08-06,0.614,0.332,0.969,0.492,0.744,rt,
mambasa,2026-08-07,0.613,0.339,0.958,0.494,0.746,rt,
mambasa,2026-08-08,0.609,0.334,0.967,0.488,0.745,rt,
mambasa,2026-08-09,0.606,0.321,0.993,0.482,0.755,rt,
mambasa,2026-08-10,0.593,0.308,1.014,0.468,0.752,rt,
mambasa,2026-08-11,0.611,0.327,1.0,0.488,0.76,rt,
mambasa,2026-08-12,0.631,0.342,1.006,0.51,0.774,rt,
mambasa,2026-08-13,0.648,0.359,1.02,0.523,0.791,rt,
mambasa,2026-08-14,0.666,0.367,1.054,0.535,0.818,rt,
mambasa,2026-08-15,0.685,0.377,1.097,0.544,0.844,rt,
mambasa,2026-08-16,0.7,0.376,1.152,0.55,0.877,rt,
mambasa,2026-08-17,0.726,0.381,1.24,0.559,0.919,rt,
mambasa,2026-08-18,0.773,0.424,1.25,0.606,0.958,rt,
mambasa,2026-08-19,0.818,0.47,1.289,0.658,1.003,rt,
mambasa,2026-08-20,0.862,0.507,1.343,0.702,1.045,rt,
mambasa,2026-08-21,0.918,0.544,1.422,0.751,1.112,rt,
mambasa,2026-08-22,0.971,0.575,1.534,0.806,1.172,rt,
mambasa,2026-08-23,1.026,0.598,1.647,0.839,1.255,rt,
mambasa,2026-08-24,1.101,0.618,1.833,0.889,1.358,rt,
mambasa,2026-08-25,1.201,0.712,1.886,0.976,1.455,rt,
mambasa,2026-08-26,1.307,0.808,1.977,1.075,1.546,rt,
mambasa,2026-08-27,1.42,0.911,2.123,1.177,1.665,rt,
mambasa,2026-08-28,1.528,1.002,2.3,1.287,1.802,rt,
mambasa,2026-08-29,1.647,1.075,2.509,1.399,1.959,rt,
mambasa,2026-08-30,1.781,1.128,2.78,1.49,2.147,rt,
mambasa,2026-08-31,1.89,1.139,3.099,1.541,2.306,rt,
mambasa,2026-09-01,1.979,1.262,3.075,1.649,2.37,rt,
mambasa,2026-09-02,2.059,1.379,3.106,1.746,2.437,rt,
mambasa,2026-09-03,2.157,1.481,3.218,1.833,2.533,rt,
mambasa,2026-09-04,2.228,1.564,3.319,1.9,2.624,rt,
mambasa,2026-09-05,2.298,1.582,3.494,1.953,2.726,rt,
mambasa,2026-09-06,2.367,1.551,3.68,2.005,2.846,rt,
mambasa,2026-09-07,2.397,1.496,3.895,1.997,2.926,rt,
mambasa,2026-09-08,2.346,1.546,3.603,1.986,2.816,rt,
mambasa,2026-09-09,2.316,1.582,3.416,1.969,2.713,rt,
mambasa,2026-09-10,2.267,1.572,3.359,1.933,2.662,rt,
mambasa,2026-09-11,2.211,1.496,3.289,1.878,2.601,rt,
mambasa,2026-09-12,2.153,1.408,3.26,1.801,2.539,rt,
mambasa,2026-09-13,2.083,1.299,3.31,1.72,2.512,rt,
mambasa,2026-09-14,2.052,1.203,3.397,1.639,2.5,rt,
mambasa,2026-09-15,1.97,1.208,3.132,1.61,2.376,rt,
mambasa,2026-09-16,1.901,1.192,2.926,1.58,2.283,rt,
mambasa,2026-09-17,1.824,1.152,2.82,1.528,2.209,rt,
mambasa,2026-09-18,1.785,1.096,2.763,1.468,2.146,rt,
mambasa,2026-09-19,1.73,1.033,2.775,1.396,2.119,rt,
mambasa,2026-09-20,1.659,0.961,2.811,1.32,2.109,rt,
mambasa,2026-09-21,1.629,0.879,2.914,1.25,2.09,rt,
mambasa,2026-09-22,1.622,0.877,2.828,1.254,2.066,rt,
mambasa,2026-09-23,1.616,0.859,2.858,1.258,2.071,rt,
mambasa,2026-09-24,1.596,0.833,2.875,1.239,2.061,rt,
mambasa,2026-09-25,1.581,0.785,2.92,1.204,2.078,rt,
mambasa,2026-09-26,1.568,0.736,2.97,1.168,2.083,rt,
mambasa,2026-09-27,1.548,0.68,2.99,1.124,2.072,rt,
mambasa,2026-09-28,1.52,0.618,3.115,1.073,2.048,rt,
mambasa,2026-09-29,1.485,0.62,3.0,1.037,2.038,rt,
mambasa,2026-09-30,1.448,0.602,2.93,1.026,2.015,rt,
mambasa,2026-10-01,1.405,0.567,2.94,1.002,1.977,rt,
mambasa,2026-10-02,1.382,0.539,2.912,0.969,1.949,rt,
mambasa,2026-10-03,1.337,0.507,2.926,0.925,1.906,rt,
mambasa,2026-10-04,1.311,0.465,2.985,0.88,1.882,rt,
mambasa,2026-10-05,1.259,0.431,3.048,0.841,1.842,rt,
mambasa,2026-10-06,1.177,0.368,3.014,0.728,1.755,rt,
mandima,2026-06-18,2.194,1.349,3.438,1.798,2.664,rt,
mandima,2026-06-19,2.154,1.319,3.355,1.757,2.609,rt,
mandima,2026-06-20,2.114,1.269,3.327,1.72,2.571,rt,
mandima,2026-06-21,2.061,1.198,3.424,1.663,2.536,rt,
mandima,2026-06-22,2.043,1.124,3.611,1.614,2.55,rt,
mandima,2026-06-23,1.955,1.136,3.218,1.595,2.38,rt,
mandima,2026-06-24,1.875,1.13,2.963,1.555,2.244,rt,
mandima,2026-06-25,1.799,1.113,2.745,1.496,2.135,rt,
mandima,2026-06-26,1.709,1.06,2.618,1.423,2.022,rt,
mandima,2026-06-27,1.631,0.992,2.516,1.347,1.926,rt,
mandima,2026-06-28,1.542,0.92,2.461,1.263,1.86,rt,
mandima,2026-06-29,1.442,0.821,2.431,1.154,1.779,rt,
mandima,2026-06-30,1.371,0.834,2.164,1.129,1.653,rt,
mandima,2026-07-01,1.297,0.826,1.995,1.082,1.55,rt,
mandima,2026-07-02,1.236,0.804,1.868,1.04,1.46,rt,
mandima,2026-07-03,1.191,0.759,1.787,0.999,1.395,rt,
mandima,2026-07-04,1.13,0.7,1.729,0.945,1.349,rt,
mandima,2026-07-05,1.078,0.644,1.736,0.884,1.329,rt,
mandima,2026-07-06,1.036,0.577,1.753,0.831,1.31,rt,
mandima,2026-07-07,1.035,0.622,1.648,0.85,1.27,rt,
mandima,2026-07-08,1.039,0.642,1.592,0.858,1.255,rt,
mandima,2026-07-09,1.039,0.652,1.574,0.864,1.225,rt,
mandima,2026-07-10,1.036,0.65,1.561,0.863,1.221,rt,
mandima,2026-07-11,1.031,0.624,1.575,0.849,1.217,rt,
mandima,2026-07-12,1.024,0.584,1.647,0.834,1.233,rt,
mandima,2026-07-13,1.008,0.544,1.724,0.802,1.244,rt,
mandima,2026-07-14,1.023,0.58,1.627,0.824,1.235,rt,
mandima,2026-07-15,1.026,0.628,1.584,0.841,1.223,rt,
mandima,2026-07-16,1.027,0.65,1.564,0.858,1.229,rt,
mandima,2026-07-17,1.039,0.66,1.574,0.872,1.244,rt,
mandima,2026-07-18,1.048,0.656,1.605,0.868,1.258,rt,
mandima,2026-07-19,1.063,0.645,1.66,0.87,1.279,rt,
mandima,2026-07-20,1.059,0.617,1.725,0.868,1.316,rt,
mandima,2026-07-21,1.078,0.662,1.699,0.905,1.313,rt,
mandima,2026-07-22,1.101,0.694,1.662,0.933,1.306,rt,
mandima,2026-07-23,1.114,0.72,1.653,0.948,1.301,rt,
mandima,2026-07-24,1.133,0.741,1.679,0.96,1.332,rt,
mandima,2026-07-25,1.141,0.738,1.734,0.954,1.363,rt,
mandima,2026-07-26,1.152,0.717,1.844,0.953,1.405,rt,
mandima,2026-07-27,1.161,0.69,1.995,0.942,1.461,rt,
mandima,2026-07-28,1.151,0.721,1.848,0.963,1.411,rt,
mandima,2026-07-29,1.148,0.747,1.727,0.965,1.375,rt,
mandima,2026-07-30,1.133,0.761,1.699,0.963,1.342,rt,
mandima,2026-07-31,1.118,0.747,1.687,0.942,1.322,rt,
mandima,2026-08-01,1.104,0.707,1.689,0.92,1.317,rt,
mandima,2026-08-02,1.077,0.657,1.774,0.883,1.327,rt,
mandima,2026-08-03,1.054,0.604,1.838,0.851,1.33,rt,
mandima,2026-08-04,1.054,0.644,1.716,0.865,1.279,rt,
mandima,2026-08-05,1.044,0.66,1.607,0.874,1.246,rt,
mandima,2026-08-06,1.043,0.665,1.536,0.88,1.221,rt,
mandima,2026-08-07,1.018,0.65,1.509,0.868,1.19,rt,
mandima,2026-08-08,1.004,0.633,1.519,0.844,1.179,rt,
mandima,2026-08-09,0.991,0.597,1.55,0.813,1.18,rt,
mandima,2026-08-10,0.966,0.55,1.6,0.764,1.17,rt,
mandima,2026-08-11,0.957,0.586,1.518,0.787,1.15,rt,
mandima,2026-08-12,0.954,0.603,1.444,0.799,1.137,rt,
mandima,2026-08-13,0.952,0.616,1.424,0.806,1.135,rt,
mandima,2026-08-14,0.957,0.614,1.434,0.806,1.144,rt,
mandima,2026-08-15,0.956,0.609,1.462,0.8,1.148,rt,
mandima,2026-08-16,0.957,0.592,1.535,0.786,1.156,rt,
mandima,2026-08-17,0.967,0.575,1.633,0.777,1.195,rt,
mandima,2026-08-18,1.011,0.632,1.585,0.828,1.219,rt,
mandima,2026-08-19,1.063,0.68,1.562,0.883,1.25,rt,
mandima,2026-08-20,1.104,0.724,1.579,0.933,1.284,rt,
mandima,2026-08-21,1.157,0.76,1.642,0.985,1.343,rt,
mandima,2026-08-22,1.214,0.78,1.754,1.022,1.415,rt,
mandima,2026-08-23,1.254,0.797,1.903,1.049,1.502,rt,
mandima,2026-08-24,1.322,0.795,2.094,1.064,1.62,rt,
mandima,2026-08-25,1.42,0.892,2.094,1.181,1.676,rt,
mandima,2026-08-26,1.515,1.018,2.148,1.296,1.761,rt,
mandima,2026-08-27,1.609,1.123,2.236,1.396,1.855,rt,
mandima,2026-08-28,1.708,1.207,2.34,1.496,1.971,rt,
mandima,2026-08-29,1.819,1.271,2.53,1.571,2.091,rt,
mandima,2026-08-30,1.937,1.312,2.786,1.651,2.245,rt,
mandima,2026-08-31,2.017,1.274,3.034,1.687,2.405,rt,
mandima,2026-09-01,2.121,1.436,3.046,1.822,2.47,rt,
mandima,2026-09-02,2.233,1.597,3.077,1.943,2.537,rt,
mandima,2026-09-03,2.332,1.73,3.154,2.065,2.639,rt,
mandima,2026-09-04,2.431,1.817,3.282,2.15,2.76,rt,
mandima,2026-09-05,2.532,1.863,3.472,2.22,2.878,rt,
mandima,2026-09-06,2.622,1.876,3.716,2.28,3.011,rt,
mandima,2026-09-07,2.67,1.824,3.953,2.276,3.13,rt,
mandima,2026-09-08,2.631,1.931,3.679,2.297,3.027,rt,
mandima,2026-09-09,2.601,2.013,3.527,2.314,2.951,rt,
mandima,2026-09-10,2.563,2.014,3.45,2.302,2.877,rt,
mandima,2026-09-11,2.516,1.983,3.405,2.26,2.847,rt,
mandima,2026-09-12,2.473,1.893,3.404,2.196,2.798,rt,
mandima,2026-09-13,2.419,1.779,3.43,2.118,2.77,rt,
mandima,2026-09-14,2.392,1.683,3.479,2.073,2.771,rt,
mandima,2026-09-15,2.214,1.64,3.098,1.958,2.53,rt,
mandima,2026-09-16,2.059,1.543,2.771,1.851,2.325,rt,
mandima,2026-09-17,1.927,1.44,2.538,1.721,2.143,rt,
mandima,2026-09-18,1.806,1.35,2.371,1.614,2.005,rt,
mandima,2026-09-19,1.685,1.238,2.245,1.492,1.9,rt,
mandima,2026-09-20,1.569,1.109,2.17,1.365,1.804,rt,
mandima,2026-09-21,1.481,0.983,2.1,1.258,1.734,rt,
mandima,2026-09-22,1.47,0.973,2.054,1.239,1.701,rt,
mandima,2026-09-23,1.448,0.948,2.038,1.226,1.676,rt,
mandima,2026-09-24,1.422,0.908,2.035,1.192,1.66,rt,
mandima,2026-09-25,1.399,0.858,2.043,1.161,1.65,rt,
mandima,2026-09-26,1.374,0.799,2.042,1.119,1.64,rt,
mandima,2026-09-27,1.347,0.736,2.06,1.076,1.624,rt,
mandima,2026-09-28,1.302,0.658,2.079,1.023,1.604,rt,
mandima,2026-09-29,1.278,0.65,2.033,1.007,1.574,rt,
mandima,2026-09-30,1.259,0.619,2.003,0.99,1.548,rt,
mandima,2026-10-01,1.242,0.585,1.975,0.96,1.529,rt,
mandima,2026-10-02,1.224,0.553,1.954,0.927,1.514,rt,
mandima,2026-10-03,1.204,0.512,1.975,0.88,1.511,rt,
mandima,2026-10-04,1.186,0.464,1.983,0.841,1.502,rt,
mandima,2026-10-05,1.159,0.41,2.0,0.795,1.469,rt,
mandima,2026-10-06,1.084,0.355,1.982,0.741,1.432,rt,
mangala,2026-05-24,1.827,1.125,2.857,1.47,2.221,rt,
mangala,2026-05-25,1.799,1.079,2.889,1.421,2.222,rt,
mangala,2026-05-26,1.823,1.128,2.864,1.478,2.212,rt,
mangala,2026-05-27,1.845,1.182,2.826,1.53,2.221,rt,
mangala,2026-05-28,1.864,1.213,2.856,1.581,2.242,rt,
mangala,2026-05-29,1.914,1.236,2.927,1.616,2.268,rt,
mangala,2026-05-30,1.952,1.248,3.01,1.636,2.307,rt,
mangala,2026-05-31,1.988,1.248,3.122,1.659,2.388,rt,
mangala,2026-06-01,2.036,1.247,3.293,1.667,2.458,rt,
mangala,2026-06-02,2.068,1.339,3.224,1.729,2.45,rt,
mangala,2026-06-03,2.103,1.408,3.161,1.789,2.449,rt,
mangala,2026-06-04,2.123,1.469,3.145,1.831,2.459,rt,
mangala,2026-06-05,2.138,1.524,3.121,1.851,2.473,rt,
mangala,2026-06-06,2.145,1.518,3.14,1.845,2.498,rt,
mangala,2026-06-07,2.145,1.474,3.185,1.824,2.506,rt,
mangala,2026-06-08,2.12,1.411,3.256,1.786,2.536,rt,
mangala,2026-06-09,2.068,1.428,3.069,1.777,2.437,rt,
mangala,2026-06-10,2.034,1.443,2.907,1.757,2.354,rt,
mangala,2026-06-11,1.992,1.444,2.806,1.734,2.271,rt,
mangala,2026-06-12,1.955,1.429,2.701,1.703,2.227,rt,
mangala,2026-06-13,1.905,1.393,2.645,1.661,2.187,rt,
mangala,2026-06-14,1.861,1.328,2.636,1.612,2.143,rt,
mangala,2026-06-15,1.825,1.263,2.66,1.557,2.108,rt,
mangala,2026-06-16,1.797,1.292,2.519,1.56,2.048,rt,
mangala,2026-06-17,1.761,1.303,2.393,1.565,1.99,rt,
mangala,2026-06-18,1.731,1.299,2.32,1.559,1.953,rt,
mangala,2026-06-19,1.71,1.283,2.282,1.539,1.917,rt,
mangala,2026-06-20,1.685,1.253,2.272,1.495,1.897,rt,
mangala,2026-06-21,1.652,1.193,2.285,1.46,1.878,rt,
mangala,2026-06-22,1.648,1.146,2.357,1.436,1.89,rt,
mangala,2026-06-23,1.61,1.166,2.193,1.425,1.82,rt,
mangala,2026-06-24,1.58,1.173,2.09,1.407,1.759,rt,
mangala,2026-06-25,1.547,1.173,2.02,1.376,1.711,rt,
mangala,2026-06-26,1.492,1.137,1.97,1.34,1.664,rt,
mangala,2026-06-27,1.446,1.08,1.938,1.296,1.629,rt,
mangala,2026-06-28,1.409,1.021,1.925,1.242,1.607,rt,
mangala,2026-06-29,1.343,0.935,1.912,1.167,1.552,rt,
mangala,2026-06-30,1.278,0.921,1.766,1.13,1.454,rt,
mangala,2026-07-01,1.222,0.91,1.631,1.091,1.377,rt,
mangala,2026-07-02,1.164,0.878,1.554,1.044,1.32,rt,
mangala,2026-07-03,1.124,0.836,1.476,0.997,1.264,rt,
mangala,2026-07-04,1.08,0.79,1.435,0.952,1.213,rt,
mangala,2026-07-05,1.042,0.735,1.393,0.905,1.176,rt,
mangala,2026-07-06,1.007,0.686,1.389,0.865,1.15,rt,
mangala,2026-07-07,1.006,0.715,1.355,0.882,1.138,rt,
mangala,2026-07-08,1.011,0.74,1.328,0.901,1.134,rt,
mangala,2026-07-09,1.017,0.751,1.322,0.909,1.131,rt,
mangala,2026-07-10,1.02,0.757,1.303,0.912,1.137,rt,
mangala,2026-07-11,1.024,0.753,1.317,0.905,1.142,rt,
mangala,2026-07-12,1.029,0.737,1.352,0.897,1.151,rt,
mangala,2026-07-13,1.02,0.705,1.392,0.879,1.16,rt,
mangala,2026-07-14,1.061,0.765,1.395,0.925,1.181,rt,
mangala,2026-07-15,1.095,0.816,1.396,0.97,1.211,rt,
mangala,2026-07-16,1.134,0.861,1.428,1.02,1.244,rt,
mangala,2026-07-17,1.176,0.899,1.492,1.059,1.296,rt,
mangala,2026-07-18,1.219,0.929,1.553,1.097,1.348,rt,
mangala,2026-07-19,1.259,0.942,1.659,1.12,1.412,rt,
mangala,2026-07-20,1.304,0.948,1.781,1.148,1.485,rt,
mangala,2026-07-21,1.354,1.022,1.778,1.207,1.51,rt,
mangala,2026-07-22,1.401,1.082,1.801,1.269,1.546,rt,
mangala,2026-07-23,1.449,1.14,1.828,1.322,1.586,rt,
mangala,2026-07-24,1.496,1.185,1.886,1.368,1.63,rt,
mangala,2026-07-25,1.537,1.215,1.965,1.405,1.687,rt,
mangala,2026-07-26,1.579,1.214,2.063,1.429,1.753,rt,
mangala,2026-07-27,1.624,1.211,2.197,1.443,1.83,rt,
mangala,2026-07-28,1.644,1.28,2.153,1.487,1.827,rt,
mangala,2026-07-29,1.667,1.33,2.107,1.515,1.827,rt,
mangala,2026-07-30,1.683,1.366,2.122,1.531,1.832,rt,
mangala,2026-07-31,1.683,1.363,2.121,1.548,1.843,rt,
mangala,2026-08-01,1.687,1.343,2.139,1.533,1.862,rt,
mangala,2026-08-02,1.688,1.306,2.205,1.514,1.888,rt,
mangala,2026-08-03,1.688,1.267,2.275,1.483,1.916,rt,
mangala,2026-08-04,1.649,1.279,2.163,1.468,1.836,rt,
mangala,2026-08-05,1.617,1.278,2.056,1.446,1.775,rt,
mangala,2026-08-06,1.569,1.271,1.98,1.422,1.721,rt,
mangala,2026-08-07,1.517,1.232,1.9,1.384,1.665,rt,
mangala,2026-08-08,1.465,1.179,1.863,1.338,1.615,rt,
mangala,2026-08-09,1.416,1.115,1.842,1.279,1.575,rt,
mangala,2026-08-10,1.359,1.03,1.804,1.199,1.519,rt,
mangala,2026-08-11,1.275,0.994,1.66,1.144,1.416,rt,
mangala,2026-08-12,1.203,0.947,1.53,1.088,1.32,rt,
mangala,2026-08-13,1.134,0.893,1.429,1.025,1.241,rt,
mangala,2026-08-14,1.067,0.838,1.348,0.962,1.173,rt,
mangala,2026-08-15,1.005,0.776,1.297,0.903,1.112,rt,
mangala,2026-08-16,0.943,0.706,1.252,0.841,1.058,rt,
mangala,2026-08-17,0.895,0.647,1.229,0.784,1.017,rt,
mangala,2026-08-18,0.845,0.628,1.12,0.751,0.946,rt,
mangala,2026-08-19,0.799,0.603,1.037,0.712,0.886,rt,
mangala,2026-08-20,0.752,0.571,0.962,0.673,0.834,rt,
mangala,2026-08-21,0.709,0.534,0.909,0.638,0.787,rt,
mangala,2026-08-22,0.668,0.493,0.875,0.598,0.747,rt,
mangala,2026-08-23,0.628,0.451,0.843,0.557,0.709,rt,
mangala,2026-08-24,0.599,0.411,0.826,0.52,0.682,rt,
mangala,2026-08-25,0.597,0.428,0.799,0.524,0.672,rt,
mangala,2026-08-26,0.594,0.439,0.777,0.522,0.665,rt,
mangala,2026-08-27,0.591,0.437,0.766,0.522,0.66,rt,
mangala,2026-08-28,0.589,0.436,0.752,0.524,0.657,rt,
mangala,2026-08-29,0.582,0.424,0.756,0.514,0.652,rt,
mangala,2026-08-30,0.576,0.408,0.759,0.504,0.648,rt,
mangala,2026-08-31,0.56,0.382,0.768,0.483,0.641,rt,
mangala,2026-09-01,0.569,0.403,0.757,0.497,0.643,rt,
mangala,2026-09-02,0.574,0.418,0.744,0.508,0.645,rt,
mangala,2026-09-03,0.582,0.426,0.752,0.517,0.65,rt,
mangala,2026-09-04,0.585,0.43,0.758,0.52,0.657,rt,
mangala,2026-09-05,0.588,0.426,0.773,0.514,0.665,rt,
mangala,2026-09-06,0.587,0.419,0.796,0.507,0.673,rt,
mangala,2026-09-07,0.576,0.393,0.811,0.487,0.673,rt,
mangala,2026-09-08,0.575,0.406,0.787,0.491,0.66,rt,
mangala,2026-09-09,0.57,0.409,0.77,0.489,0.651,rt,
mangala,2026-09-10,0.563,0.407,0.758,0.487,0.638,rt,
mangala,2026-09-11,0.554,0.396,0.76,0.481,0.629,rt,
mangala,2026-09-12,0.546,0.381,0.764,0.471,0.625,rt,
mangala,2026-09-13,0.53,0.364,0.771,0.454,0.624,rt,
mangala,2026-09-14,0.523,0.344,0.795,0.441,0.63,rt,
mangala,2026-09-15,0.539,0.361,0.802,0.455,0.643,rt,
mangala,2026-09-16,0.553,0.374,0.805,0.469,0.655,rt,
mangala,2026-09-17,0.57,0.384,0.817,0.481,0.673,rt,
mangala,2026-09-18,0.592,0.387,0.865,0.492,0.703,rt,
mangala,2026-09-19,0.607,0.384,0.917,0.5,0.732,rt,
mangala,2026-09-20,0.621,0.38,0.978,0.507,0.766,rt,
mangala,2026-09-21,0.648,0.373,1.061,0.518,0.809,rt,
mangala,2026-09-22,0.657,0.384,1.074,0.53,0.812,rt,
mangala,2026-09-23,0.67,0.382,1.115,0.538,0.828,rt,
mangala,2026-09-24,0.677,0.378,1.153,0.541,0.835,rt,
mangala,2026-09-25,0.68,0.373,1.189,0.542,0.85,rt,
mangala,2026-09-26,0.683,0.359,1.245,0.537,0.873,rt,
mangala,2026-09-27,0.683,0.343,1.308,0.53,0.896,rt,
mangala,2026-09-28,0.678,0.32,1.336,0.51,0.913,rt,
mangala,2026-09-29,0.674,0.319,1.335,0.511,0.905,rt,
mangala,2026-09-30,0.676,0.317,1.34,0.504,0.905,rt,
mangala,2026-10-01,0.678,0.314,1.357,0.494,0.898,rt,
mangala,2026-10-02,0.671,0.305,1.384,0.487,0.892,rt,
mangala,2026-10-03,0.666,0.288,1.407,0.478,0.894,rt,
mangala,2026-10-04,0.651,0.277,1.43,0.464,0.9,rt,
mangala,2026-10-05,0.641,0.257,1.464,0.45,0.899,rt,
mangala,2026-10-06,0.667,0.243,1.606,0.434,0.963,rt,
mongbwalu,2026-04-26,2.836,1.472,5.976,2.104,3.771,rt,
mongbwalu,2026-04-27,2.823,1.449,5.855,2.076,3.811,rt,
mongbwalu,2026-04-28,2.829,1.501,5.597,2.113,3.74,rt,
mongbwalu,2026-04-29,2.839,1.539,5.374,2.147,3.668,rt,
mongbwalu,2026-04-30,2.822,1.583,5.308,2.174,3.646,rt,
mongbwalu,2026-05-01,2.833,1.602,5.306,2.227,3.667,rt,
mongbwalu,2026-05-02,2.841,1.605,5.335,2.233,3.639,rt,
mongbwalu,2026-05-03,2.869,1.584,5.457,2.253,3.624,rt,
mongbwalu,2026-05-04,2.888,1.55,5.538,2.255,3.669,rt,
mongbwalu,2026-05-05,2.903,1.623,5.339,2.312,3.635,rt,
mongbwalu,2026-05-06,2.911,1.691,5.182,2.364,3.629,rt,
mongbwalu,2026-05-07,2.94,1.769,5.112,2.399,3.62,rt,
mongbwalu,2026-05-08,2.939,1.801,5.034,2.41,3.621,rt,
mongbwalu,2026-05-09,2.944,1.841,5.075,2.412,3.616,rt,
mongbwalu,2026-05-10,2.956,1.848,5.063,2.422,3.619,rt,
mongbwalu,2026-05-11,2.854,1.748,4.957,2.335,3.534,rt,
mongbwalu,2026-05-12,2.799,1.829,4.689,2.337,3.414,rt,
mongbwalu,2026-05-13,2.756,1.9,4.517,2.349,3.333,rt,
mongbwalu,2026-05-14,2.717,1.957,4.349,2.354,3.256,rt,
mongbwalu,2026-05-15,2.688,1.956,4.213,2.343,3.169,rt,
mongbwalu,2026-05-16,2.662,1.926,4.115,2.329,3.119,rt,
mongbwalu,2026-05-17,2.629,1.85,3.978,2.29,3.098,rt,
mongbwalu,2026-05-18,2.615,1.769,3.894,2.242,3.086,rt,
mongbwalu,2026-05-19,2.567,1.836,3.731,2.241,2.995,rt,
mongbwalu,2026-05-20,2.537,1.901,3.553,2.237,2.924,rt,
mongbwalu,2026-05-21,2.506,1.932,3.435,2.231,2.858,rt,
mongbwalu,2026-05-22,2.451,1.92,3.355,2.207,2.774,rt,
mongbwalu,2026-05-23,2.405,1.885,3.275,2.171,2.716,rt,
mongbwalu,2026-05-24,2.351,1.822,3.197,2.117,2.665,rt,
mongbwalu,2026-05-25,2.296,1.748,3.113,2.054,2.601,rt,
mongbwalu,2026-05-26,2.154,1.693,2.838,1.951,2.405,rt,
mongbwalu,2026-05-27,2.032,1.635,2.616,1.854,2.242,rt,
mongbwalu,2026-05-28,1.923,1.553,2.428,1.747,2.111,rt,
mongbwalu,2026-05-29,1.814,1.472,2.296,1.65,1.978,rt,
mongbwalu,2026-05-30,1.71,1.379,2.181,1.556,1.87,rt,
mongbwalu,2026-05-31,1.615,1.267,2.063,1.46,1.772,rt,
mongbwalu,2026-06-01,1.532,1.165,1.984,1.369,1.7,rt,
mongbwalu,2026-06-02,1.418,1.106,1.79,1.279,1.561,rt,
mongbwalu,2026-06-03,1.303,1.036,1.621,1.188,1.432,rt,
mongbwalu,2026-06-04,1.201,0.96,1.48,1.097,1.312,rt,
mongbwalu,2026-06-05,1.101,0.866,1.351,1.003,1.2,rt,
mongbwalu,2026-06-06,1.003,0.772,1.245,0.911,1.097,rt,
mongbwalu,2026-06-07,0.91,0.658,1.161,0.815,1.009,rt,
mongbwalu,2026-06-08,0.82,0.553,1.089,0.718,0.925,rt,
mongbwalu,2026-06-09,0.795,0.566,1.017,0.706,0.884,rt,
mongbwalu,2026-06-10,0.768,0.569,0.964,0.685,0.849,rt,
mongbwalu,2026-06-11,0.743,0.569,0.915,0.666,0.813,rt,
mongbwalu,2026-06-12,0.718,0.552,0.881,0.65,0.786,rt,
mongbwalu,2026-06-13,0.694,0.522,0.864,0.627,0.767,rt,
mongbwalu,2026-06-14,0.67,0.49,0.86,0.597,0.753,rt,
mongbwalu,2026-06-15,0.65,0.451,0.867,0.566,0.74,rt,
mongbwalu,2026-06-16,0.669,0.492,0.869,0.596,0.752,rt,
mongbwalu,2026-06-17,0.693,0.522,0.871,0.622,0.763,rt,
mongbwalu,2026-06-18,0.712,0.551,0.887,0.645,0.782,rt,
mongbwalu,2026-06-19,0.735,0.575,0.924,0.668,0.805,rt,
mongbwalu,2026-06-20,0.757,0.584,0.971,0.684,0.837,rt,
mongbwalu,2026-06-21,0.781,0.58,1.039,0.695,0.877,rt,
mongbwalu,2026-06-22,0.81,0.571,1.138,0.711,0.929,rt,
mongbwalu,2026-06-23,0.813,0.602,1.075,0.722,0.911,rt,
mongbwalu,2026-06-24,0.813,0.62,1.025,0.735,0.893,rt,
mongbwalu,2026-06-25,0.811,0.635,1.0,0.738,0.887,rt,
mongbwalu,2026-06-26,0.804,0.637,0.988,0.732,0.876,rt,
mongbwalu,2026-06-27,0.797,0.616,1.002,0.72,0.872,rt,
mongbwalu,2026-06-28,0.785,0.59,1.038,0.702,0.882,rt,
mongbwalu,2026-06-29,0.763,0.543,1.058,0.665,0.875,rt,
mongbwalu,2026-06-30,0.756,0.564,0.998,0.671,0.854,rt,
mongbwalu,2026-07-01,0.753,0.579,0.964,0.677,0.837,rt,
mongbwalu,2026-07-02,0.749,0.585,0.938,0.678,0.824,rt,
mongbwalu,2026-07-03,0.748,0.587,0.943,0.675,0.823,rt,
mongbwalu,2026-07-04,0.748,0.563,0.959,0.669,0.829,rt,
mongbwalu,2026-07-05,0.743,0.537,0.992,0.657,0.842,rt,
mongbwalu,2026-07-06,0.749,0.511,1.053,0.646,0.865,rt,
mongbwalu,2026-07-07,0.769,0.556,1.033,0.678,0.868,rt,
mongbwalu,2026-07-08,0.789,0.596,1.023,0.705,0.877,rt,
mongbwalu,2026-07-09,0.808,0.626,1.026,0.731,0.897,rt,
mongbwalu,2026-07-10,0.826,0.642,1.051,0.747,0.916,rt,
mongbwalu,2026-07-11,0.845,0.643,1.103,0.756,0.951,rt,
mongbwalu,2026-07-12,0.868,0.631,1.177,0.758,0.989,rt,
mongbwalu,2026-07-13,0.881,0.604,1.25,0.751,1.025,rt,
mongbwalu,2026-07-14,0.85,0.613,1.16,0.741,0.976,rt,
mongbwalu,2026-07-15,0.82,0.604,1.084,0.731,0.929,rt,
mongbwalu,2026-07-16,0.797,0.592,1.03,0.71,0.892,rt,
mongbwalu,2026-07-17,0.775,0.577,1.01,0.689,0.864,rt,
mongbwalu,2026-07-18,0.749,0.54,1.002,0.66,0.842,rt,
mongbwalu,2026-07-19,0.725,0.503,1.015,0.627,0.826,rt,
mongbwalu,2026-07-20,0.702,0.463,1.038,0.594,0.814,rt,
mongbwalu,2026-07-21,0.676,0.467,0.957,0.59,0.777,rt,
mongbwalu,2026-07-22,0.657,0.463,0.896,0.579,0.743,rt,
mongbwalu,2026-07-23,0.637,0.453,0.843,0.562,0.712,rt,
mongbwalu,2026-07-24,0.616,0.441,0.811,0.541,0.697,rt,
mongbwalu,2026-07-25,0.596,0.417,0.793,0.516,0.68,rt,
mongbwalu,2026-07-26,0.575,0.386,0.79,0.489,0.664,rt,
mongbwalu,2026-07-27,0.552,0.348,0.794,0.464,0.652,rt,
mongbwalu,2026-07-28,0.56,0.371,0.776,0.474,0.642,rt,
mongbwalu,2026-07-29,0.56,0.385,0.759,0.481,0.641,rt,
mongbwalu,2026-07-30,0.562,0.388,0.754,0.487,0.637,rt,
mongbwalu,2026-07-31,0.56,0.392,0.751,0.484,0.637,rt,
mongbwalu,2026-08-01,0.559,0.383,0.764,0.478,0.642,rt,
mongbwalu,2026-08-02,0.557,0.367,0.787,0.469,0.65,rt,
mongbwalu,2026-08-03,0.556,0.344,0.817,0.46,0.658,rt,
mongbwalu,2026-08-04,0.583,0.381,0.82,0.493,0.685,rt,
mongbwalu,2026-08-05,0.614,0.419,0.83,0.526,0.71,rt,
mongbwalu,2026-08-06,0.647,0.447,0.855,0.562,0.739,rt,
mongbwalu,2026-08-07,0.678,0.468,0.9,0.589,0.77,rt,
mongbwalu,2026-08-08,0.712,0.48,0.952,0.61,0.807,rt,
mongbwalu,2026-08-09,0.739,0.481,1.025,0.627,0.857,rt,
mongbwalu,2026-08-10,0.762,0.471,1.108,0.633,0.897,rt,
mongbwalu,2026-08-11,0.807,0.531,1.118,0.686,0.933,rt,
mongbwalu,2026-08-12,0.855,0.588,1.14,0.738,0.968,rt,
mongbwalu,2026-08-13,0.901,0.641,1.187,0.789,1.016,rt,
mongbwalu,2026-08-14,0.949,0.688,1.251,0.838,1.072,rt,
mongbwalu,2026-08-15,1.002,0.725,1.349,0.882,1.142,rt,
mongbwalu,2026-08-16,1.06,0.739,1.474,0.913,1.221,rt,
mongbwalu,2026-08-17,1.133,0.763,1.65,0.957,1.326,rt,
mongbwalu,2026-08-18,1.192,0.846,1.651,1.023,1.363,rt,
mongbwalu,2026-08-19,1.254,0.924,1.669,1.107,1.41,rt,
mongbwalu,2026-08-20,1.313,1.001,1.714,1.171,1.465,rt,
mongbwalu,2026-08-21,1.381,1.058,1.793,1.239,1.537,rt,
mongbwalu,2026-08-22,1.454,1.106,1.924,1.289,1.618,rt,
mongbwalu,2026-08-23,1.526,1.132,2.066,1.337,1.715,rt,
mongbwalu,2026-08-24,1.603,1.162,2.261,1.395,1.85,rt,
mongbwalu,2026-08-25,1.6,1.211,2.148,1.419,1.805,rt,
mongbwalu,2026-08-26,1.585,1.232,2.055,1.43,1.766,rt,
mongbwalu,2026-08-27,1.573,1.229,2.0,1.426,1.729,rt,
mongbwalu,2026-08-28,1.558,1.205,1.981,1.409,1.714,rt,
mongbwalu,2026-08-29,1.531,1.164,1.991,1.38,1.709,rt,
mongbwalu,2026-08-30,1.503,1.093,2.039,1.324,1.705,rt,
mongbwalu,2026-08-31,1.462,1.011,2.056,1.258,1.68,rt,
mongbwalu,2026-09-01,1.371,0.986,1.837,1.203,1.539,rt,
mongbwalu,2026-09-02,1.28,0.943,1.659,1.151,1.421,rt,
mongbwalu,2026-09-03,1.192,0.885,1.529,1.073,1.317,rt,
mongbwalu,2026-09-04,1.107,0.819,1.417,0.989,1.224,rt,
mongbwalu,2026-09-05,1.021,0.739,1.345,0.902,1.142,rt,
mongbwalu,2026-09-06,0.938,0.658,1.292,0.82,1.068,rt,
mongbwalu,2026-09-07,0.847,0.559,1.223,0.727,0.982,rt,
mongbwalu,2026-09-08,0.795,0.545,1.11,0.686,0.912,rt,
mongbwalu,2026-09-09,0.746,0.522,1.016,0.649,0.849,rt,
mongbwalu,2026-09-10,0.696,0.494,0.943,0.607,0.792,rt,
mongbwalu,2026-09-11,0.645,0.456,0.88,0.562,0.741,rt,
mongbwalu,2026-09-12,0.598,0.412,0.836,0.519,0.697,rt,
mongbwalu,2026-09-13,0.551,0.367,0.793,0.472,0.652,rt,
mongbwalu,2026-09-14,0.516,0.328,0.779,0.433,0.621,rt,
mongbwalu,2026-09-15,0.514,0.328,0.757,0.436,0.613,rt,
mongbwalu,2026-09-16,0.512,0.329,0.755,0.433,0.606,rt,
mongbwalu,2026-09-17,0.51,0.321,0.756,0.43,0.607,rt,
mongbwalu,2026-09-18,0.51,0.313,0.769,0.424,0.615,rt,
mongbwalu,2026-09-19,0.508,0.302,0.792,0.419,0.621,rt,
mongbwalu,2026-09-20,0.507,0.291,0.828,0.41,0.63,rt,
mongbwalu,2026-09-21,0.508,0.277,0.887,0.402,0.646,rt,
mongbwalu,2026-09-22,0.519,0.281,0.895,0.412,0.657,rt,
mongbwalu,2026-09-23,0.531,0.285,0.92,0.418,0.666,rt,
mongbwalu,2026-09-24,0.539,0.28,0.944,0.423,0.681,rt,
mongbwalu,2026-09-25,0.548,0.271,0.976,0.422,0.691,rt,
mongbwalu,2026-09-26,0.557,0.262,1.009,0.421,0.711,rt,
mongbwalu,2026-09-27,0.565,0.244,1.063,0.417,0.732,rt,
mongbwalu,2026-09-28,0.558,0.227,1.13,0.407,0.748,rt,
mongbwalu,2026-09-29,0.559,0.231,1.109,0.406,0.751,rt,
mongbwalu,2026-09-30,0.555,0.229,1.116,0.401,0.746,rt,
mongbwalu,2026-10-01,0.562,0.229,1.128,0.396,0.749,rt,
mongbwalu,2026-10-02,0.558,0.224,1.145,0.387,0.754,rt,
mongbwalu,2026-10-03,0.554,0.214,1.182,0.379,0.767,rt,
mongbwalu,2026-10-04,0.549,0.207,1.215,0.368,0.785,rt,
mongbwalu,2026-10-05,0.536,0.191,1.246,0.355,0.785,rt,
mongbwalu,2026-10-06,0.557,0.186,1.424,0.364,0.827,rt,
nia_nia,2026-06-05,2.867,1.718,4.837,2.304,3.525,rt,
nia_nia,2026-06-06,2.82,1.712,4.81,2.268,3.492,rt,
nia_nia,2026-06-07,2.756,1.599,4.877,2.198,3.438,rt,
nia_nia,2026-06-08,2.649,1.482,4.939,2.108,3.409,rt,
nia_nia,2026-06-09,2.571,1.531,4.494,2.097,3.227,rt,
nia_nia,2026-06-10,2.491,1.58,4.131,2.055,3.052,rt,
nia_nia,2026-06-11,2.4,1.554,3.89,2.021,2.894,rt,
nia_nia,2026-06-12,2.331,1.543,3.677,1.952,2.795,rt,
nia_nia,2026-06-13,2.278,1.454,3.556,1.865,2.732,rt,
nia_nia,2026-06-14,2.205,1.329,3.503,1.78,2.676,rt,
nia_nia,2026-06-15,2.114,1.207,3.575,1.695,2.649,rt,
nia_nia,2026-06-16,2.081,1.265,3.306,1.705,2.544,rt,
nia_nia,2026-06-17,2.042,1.322,3.079,1.713,2.427,rt,
nia_nia,2026-06-18,2.015,1.309,2.952,1.711,2.358,rt,
nia_nia,2026-06-19,1.968,1.31,2.893,1.682,2.328,rt,
nia_nia,2026-06-20,1.929,1.26,2.874,1.645,2.304,rt,
nia_nia,2026-06-21,1.892,1.195,2.922,1.592,2.29,rt,
nia_nia,2026-06-22,1.888,1.118,3.074,1.548,2.315,rt,
nia_nia,2026-06-23,1.85,1.18,2.856,1.531,2.206,rt,
nia_nia,2026-06-24,1.811,1.214,2.703,1.538,2.117,rt,
nia_nia,2026-06-25,1.766,1.227,2.565,1.528,2.037,rt,
nia_nia,2026-06-26,1.711,1.201,2.478,1.498,1.987,rt,
nia_nia,2026-06-27,1.67,1.146,2.448,1.436,1.95,rt,
nia_nia,2026-06-28,1.629,1.08,2.448,1.367,1.932,rt,
nia_nia,2026-06-29,1.563,0.976,2.456,1.279,1.886,rt,
nia_nia,2026-06-30,1.515,1.004,2.252,1.275,1.779,rt,
nia_nia,2026-07-01,1.473,1.018,2.099,1.271,1.709,rt,
nia_nia,2026-07-02,1.432,1.008,1.987,1.253,1.655,rt,
nia_nia,2026-07-03,1.406,0.982,1.974,1.225,1.617,rt,
nia_nia,2026-07-04,1.378,0.927,1.992,1.188,1.593,rt,
nia_nia,2026-07-05,1.356,0.85,2.037,1.134,1.593,rt,
nia_nia,2026-07-06,1.34,0.77,2.115,1.087,1.599,rt,
nia_nia,2026-07-07,1.357,0.854,2.016,1.141,1.59,rt,
nia_nia,2026-07-08,1.365,0.92,1.947,1.178,1.574,rt,
nia_nia,2026-07-09,1.38,0.988,1.88,1.198,1.568,rt,
nia_nia,2026-07-10,1.385,1.012,1.904,1.213,1.581,rt,
nia_nia,2026-07-11,1.396,0.994,1.943,1.218,1.608,rt,
nia_nia,2026-07-12,1.405,0.949,2.047,1.21,1.642,rt,
nia_nia,2026-07-13,1.416,0.878,2.166,1.18,1.673,rt,
nia_nia,2026-07-14,1.435,0.959,2.049,1.227,1.657,rt,
nia_nia,2026-07-15,1.458,1.03,1.996,1.269,1.646,rt,
nia_nia,2026-07-16,1.47,1.062,1.974,1.304,1.651,rt,
nia_nia,2026-07-17,1.5,1.086,2.024,1.324,1.686,rt,
nia_nia,2026-07-18,1.521,1.088,2.104,1.326,1.742,rt,
nia_nia,2026-07-19,1.54,1.053,2.223,1.321,1.799,rt,
nia_nia,2026-07-20,1.556,1.001,2.373,1.311,1.869,rt,
nia_nia,2026-07-21,1.536,1.05,2.216,1.322,1.8,rt,
nia_nia,2026-07-22,1.514,1.097,2.07,1.325,1.734,rt,
nia_nia,2026-07-23,1.489,1.1,1.991,1.318,1.674,rt,
nia_nia,2026-07-24,1.462,1.077,1.967,1.29,1.645,rt,
nia_nia,2026-07-25,1.432,1.025,1.981,1.251,1.635,rt,
nia_nia,2026-07-26,1.4,0.951,2.048,1.193,1.634,rt,
nia_nia,2026-07-27,1.364,0.871,2.153,1.133,1.638,rt,
nia_nia,2026-07-28,1.283,0.864,1.868,1.088,1.487,rt,
nia_nia,2026-07-29,1.194,0.844,1.64,1.042,1.365,rt,
nia_nia,2026-07-30,1.11,0.8,1.505,0.984,1.261,rt,
nia_nia,2026-07-31,1.036,0.731,1.396,0.908,1.174,rt,
nia_nia,2026-08-01,0.959,0.646,1.335,0.827,1.104,rt,
nia_nia,2026-08-02,0.883,0.568,1.311,0.748,1.04,rt,
nia_nia,2026-08-03,0.814,0.487,1.309,0.671,0.994,rt,
nia_nia,2026-08-04,0.781,0.491,1.172,0.656,0.918,rt,
nia_nia,2026-08-05,0.744,0.49,1.077,0.632,0.859,rt,
nia_nia,2026-08-06,0.703,0.47,1.004,0.601,0.808,rt,
nia_nia,2026-08-07,0.664,0.443,0.948,0.569,0.766,rt,
nia_nia,2026-08-08,0.629,0.408,0.914,0.531,0.729,rt,
nia_nia,2026-08-09,0.59,0.368,0.904,0.49,0.7,rt,
nia_nia,2026-08-10,0.548,0.321,0.887,0.445,0.671,rt,
nia_nia,2026-08-11,0.547,0.339,0.836,0.453,0.652,rt,
nia_nia,2026-08-12,0.547,0.353,0.798,0.46,0.641,rt,
nia_nia,2026-08-13,0.544,0.359,0.788,0.463,0.635,rt,
nia_nia,2026-08-14,0.545,0.36,0.79,0.463,0.632,rt,
nia_nia,2026-08-15,0.544,0.35,0.793,0.46,0.639,rt,
nia_nia,2026-08-16,0.541,0.333,0.826,0.451,0.653,rt,
nia_nia,2026-08-17,0.544,0.321,0.866,0.444,0.673,rt,
nia_nia,2026-08-18,0.583,0.366,0.88,0.488,0.702,rt,
nia_nia,2026-08-19,0.621,0.405,0.906,0.532,0.728,rt,
nia_nia,2026-08-20,0.661,0.442,0.94,0.575,0.771,rt,
nia_nia,2026-08-21,0.713,0.476,0.999,0.618,0.822,rt,
nia_nia,2026-08-22,0.759,0.496,1.092,0.652,0.889,rt,
nia_nia,2026-08-23,0.809,0.509,1.215,0.683,0.968,rt,
nia_nia,2026-08-24,0.873,0.522,1.389,0.724,1.063,rt,
nia_nia,2026-08-25,0.959,0.621,1.419,0.818,1.137,rt,
nia_nia,2026-08-26,1.052,0.724,1.469,0.912,1.213,rt,
nia_nia,2026-08-27,1.152,0.828,1.56,1.006,1.305,rt,
nia_nia,2026-08-28,1.259,0.918,1.667,1.115,1.414,rt,
nia_nia,2026-08-29,1.374,0.983,1.841,1.204,1.556,rt,
nia_nia,2026-08-30,1.49,1.022,2.071,1.298,1.723,rt,
nia_nia,2026-08-31,1.593,1.033,2.346,1.36,1.879,rt,
nia_nia,2026-09-01,1.574,1.101,2.177,1.372,1.815,rt,
nia_nia,2026-09-02,1.561,1.147,2.072,1.379,1.752,rt,
nia_nia,2026-09-03,1.542,1.166,2.006,1.371,1.707,rt,
nia_nia,2026-09-04,1.503,1.159,1.994,1.348,1.687,rt,
nia_nia,2026-09-05,1.467,1.106,2.009,1.303,1.667,rt,
nia_nia,2026-09-06,1.423,1.029,2.037,1.245,1.659,rt,
nia_nia,2026-09-07,1.363,0.934,2.052,1.164,1.62,rt,
nia_nia,2026-09-08,1.279,0.909,1.814,1.098,1.481,rt,
nia_nia,2026-09-09,1.188,0.866,1.619,1.034,1.351,rt,
nia_nia,2026-09-10,1.1,0.796,1.488,0.968,1.252,rt,
nia_nia,2026-09-11,1.022,0.723,1.378,0.89,1.159,rt,
nia_nia,2026-09-12,0.942,0.636,1.297,0.81,1.081,rt,
nia_nia,2026-09-13,0.862,0.554,1.234,0.729,1.013,rt,
nia_nia,2026-09-14,0.802,0.48,1.22,0.656,0.963,rt,
nia_nia,2026-09-15,0.759,0.47,1.114,0.63,0.903,rt,
nia_nia,2026-09-16,0.721,0.452,1.04,0.603,0.848,rt,
nia_nia,2026-09-17,0.686,0.422,0.995,0.573,0.803,rt,
nia_nia,2026-09-18,0.655,0.397,0.968,0.544,0.774,rt,
nia_nia,2026-09-19,0.625,0.362,0.956,0.501,0.751,rt,
nia_nia,2026-09-20,0.598,0.32,0.962,0.466,0.725,rt,
nia_nia,2026-09-21,0.572,0.286,0.984,0.437,0.714,rt,
nia_nia,2026-09-22,0.575,0.292,0.982,0.441,0.722,rt,
nia_nia,2026-09-23,0.579,0.294,0.996,0.445,0.72,rt,
nia_nia,2026-09-24,0.579,0.292,1.022,0.445,0.728,rt,
nia_nia,2026-09-25,0.578,0.276,1.054,0.441,0.744,rt,
nia_nia,2026-09-26,0.575,0.263,1.103,0.429,0.765,rt,
nia_nia,2026-09-27,0.578,0.244,1.154,0.42,0.785,rt,
nia_nia,2026-09-28,0.572,0.222,1.219,0.402,0.791,rt,
nia_nia,2026-09-29,0.573,0.227,1.208,0.392,0.788,rt,
nia_nia,2026-09-30,0.572,0.228,1.211,0.397,0.789,rt,
nia_nia,2026-10-01,0.572,0.223,1.234,0.397,0.79,rt,
nia_nia,2026-10-02,0.566,0.216,1.27,0.392,0.795,rt,
nia_nia,2026-10-03,0.565,0.198,1.311,0.385,0.799,rt,
nia_nia,2026-10-04,0.557,0.189,1.37,0.367,0.816,rt,
nia_nia,2026-10-05,0.544,0.171,1.447,0.355,0.827,rt,
nia_nia,2026-10-06,0.571,0.15,1.623,0.357,0.925,rt,
nizi,2026-05-24,1.918,1.266,2.868,1.615,2.278,rt,
nizi,2026-05-25,1.863,1.216,2.859,1.555,2.232,rt,
nizi,2026-05-26,1.886,1.268,2.791,1.592,2.221,rt,
nizi,2026-05-27,1.912,1.308,2.749,1.628,2.227,rt,
nizi,2026-05-28,1.933,1.347,2.77,1.657,2.234,rt,
nizi,2026-05-29,1.959,1.368,2.786,1.686,2.261,rt,
nizi,2026-05-30,1.995,1.373,2.825,1.702,2.303,rt,
nizi,2026-05-31,2.023,1.363,2.9,1.718,2.357,rt,
nizi,2026-06-01,2.048,1.342,3.058,1.721,2.429,rt,
nizi,2026-06-02,2.131,1.482,3.058,1.828,2.486,rt,
nizi,2026-06-03,2.199,1.591,3.101,1.941,2.547,rt,
nizi,2026-06-04,2.271,1.682,3.154,2.033,2.614,rt,
nizi,2026-06-05,2.348,1.745,3.231,2.102,2.667,rt,
nizi,2026-06-06,2.429,1.805,3.302,2.155,2.731,rt,
nizi,2026-06-07,2.487,1.833,3.351,2.186,2.783,rt,
nizi,2026-06-08,2.515,1.843,3.484,2.204,2.833,rt,
nizi,2026-06-09,2.515,1.911,3.421,2.23,2.827,rt,
nizi,2026-06-10,2.515,1.958,3.33,2.261,2.794,rt,
nizi,2026-06-11,2.51,1.973,3.269,2.277,2.785,rt,
nizi,2026-06-12,2.515,1.972,3.265,2.282,2.787,rt,
nizi,2026-06-13,2.52,1.958,3.287,2.271,2.806,rt,
nizi,2026-06-14,2.51,1.92,3.283,2.257,2.832,rt,
nizi,2026-06-15,2.519,1.882,3.365,2.237,2.853,rt,
nizi,2026-06-16,2.496,1.914,3.253,2.23,2.798,rt,
nizi,2026-06-17,2.463,1.935,3.196,2.22,2.73,rt,
nizi,2026-06-18,2.441,1.945,3.134,2.203,2.688,rt,
nizi,2026-06-19,2.414,1.951,3.085,2.198,2.638,rt,
nizi,2026-06-20,2.386,1.91,3.075,2.168,2.615,rt,
nizi,2026-06-21,2.349,1.856,3.058,2.135,2.61,rt,
nizi,2026-06-22,2.342,1.819,3.107,2.114,2.62,rt,
nizi,2026-06-23,2.305,1.843,2.96,2.103,2.549,rt,
nizi,2026-06-24,2.27,1.84,2.865,2.077,2.476,rt,
nizi,2026-06-25,2.227,1.82,2.788,2.046,2.422,rt,
nizi,2026-06-26,2.166,1.79,2.702,2.003,2.354,rt,
nizi,2026-06-27,2.11,1.736,2.657,1.945,2.309,rt,
nizi,2026-06-28,2.056,1.666,2.635,1.886,2.269,rt,
nizi,2026-06-29,1.969,1.562,2.579,1.784,2.189,rt,
nizi,2026-06-30,1.848,1.505,2.337,1.689,2.034,rt,
nizi,2026-07-01,1.738,1.434,2.17,1.596,1.89,rt,
nizi,2026-07-02,1.631,1.352,2.023,1.508,1.777,rt,
nizi,2026-07-03,1.543,1.284,1.888,1.428,1.676,rt,
nizi,2026-07-04,1.456,1.197,1.798,1.346,1.584,rt,
nizi,2026-07-05,1.377,1.107,1.709,1.265,1.502,rt,
nizi,2026-07-06,1.311,1.023,1.653,1.188,1.443,rt,
nizi,2026-07-07,1.268,1.016,1.557,1.156,1.378,rt,
nizi,2026-07-08,1.221,0.996,1.472,1.126,1.319,rt,
nizi,2026-07-09,1.175,0.969,1.401,1.09,1.265,rt,
nizi,2026-07-10,1.133,0.938,1.344,1.05,1.216,rt,
nizi,2026-07-11,1.089,0.898,1.304,1.006,1.168,rt,
nizi,2026-07-12,1.047,0.848,1.268,0.959,1.128,rt,
nizi,2026-07-13,0.997,0.784,1.24,0.904,1.086,rt,
nizi,2026-07-14,0.982,0.794,1.198,0.906,1.065,rt,
nizi,2026-07-15,0.971,0.801,1.157,0.9,1.044,rt,
nizi,2026-07-16,0.959,0.797,1.143,0.891,1.027,rt,
nizi,2026-07-17,0.95,0.79,1.131,0.884,1.017,rt,
nizi,2026-07-18,0.936,0.769,1.121,0.869,1.01,rt,
nizi,2026-07-19,0.926,0.747,1.122,0.852,1.008,rt,
nizi,2026-07-20,0.914,0.717,1.134,0.834,1.003,rt,
nizi,2026-07-21,0.915,0.738,1.111,0.845,0.993,rt,
nizi,2026-07-22,0.917,0.751,1.094,0.849,0.983,rt,
nizi,2026-07-23,0.914,0.756,1.076,0.848,0.979,rt,
nizi,2026-07-24,0.91,0.76,1.077,0.848,0.978,rt,
nizi,2026-07-25,0.906,0.754,1.083,0.844,0.976,rt,
nizi,2026-07-26,0.9,0.731,1.095,0.831,0.975,rt,
nizi,2026-07-27,0.896,0.711,1.117,0.818,0.982,rt,
nizi,2026-07-28,0.907,0.741,1.101,0.832,0.982,rt,
nizi,2026-07-29,0.916,0.765,1.089,0.851,0.985,rt,
nizi,2026-07-30,0.925,0.777,1.087,0.867,0.99,rt,
nizi,2026-07-31,0.929,0.786,1.087,0.87,0.988,rt,
nizi,2026-08-01,0.931,0.788,1.097,0.871,0.995,rt,
nizi,2026-08-02,0.932,0.776,1.119,0.868,1.001,rt,
nizi,2026-08-03,0.93,0.756,1.142,0.856,1.01,rt,
nizi,2026-08-04,0.928,0.767,1.115,0.86,1.004,rt,
nizi,2026-08-05,0.921,0.77,1.098,0.857,0.995,rt,
nizi,2026-08-06,0.919,0.768,1.091,0.851,0.989,rt,
nizi,2026-08-07,0.907,0.764,1.081,0.841,0.977,rt,
nizi,2026-08-08,0.893,0.745,1.076,0.825,0.97,rt,
nizi,2026-08-09,0.878,0.718,1.082,0.808,0.965,rt,
nizi,2026-08-10,0.856,0.679,1.08,0.778,0.949,rt,
nizi,2026-08-11,0.824,0.667,1.018,0.757,0.908,rt,
nizi,2026-08-12,0.794,0.653,0.967,0.731,0.869,rt,
nizi,2026-08-13,0.767,0.63,0.926,0.702,0.834,rt,
nizi,2026-08-14,0.739,0.606,0.892,0.679,0.804,rt,
nizi,2026-08-15,0.71,0.576,0.866,0.651,0.775,rt,
nizi,2026-08-16,0.681,0.54,0.846,0.623,0.751,rt,
nizi,2026-08-17,0.662,0.508,0.845,0.597,0.738,rt,
nizi,2026-08-18,0.65,0.507,0.809,0.587,0.717,rt,
nizi,2026-08-19,0.636,0.499,0.782,0.578,0.699,rt,
nizi,2026-08-20,0.621,0.487,0.765,0.566,0.677,rt,
nizi,2026-08-21,0.61,0.482,0.747,0.554,0.663,rt,
nizi,2026-08-22,0.595,0.465,0.739,0.538,0.65,rt,
nizi,2026-08-23,0.58,0.442,0.738,0.52,0.641,rt,
nizi,2026-08-24,0.571,0.42,0.753,0.507,0.635,rt,
nizi,2026-08-25,0.579,0.436,0.746,0.521,0.638,rt,
nizi,2026-08-26,0.588,0.452,0.74,0.531,0.643,rt,
nizi,2026-08-27,0.593,0.461,0.736,0.54,0.652,rt,
nizi,2026-08-28,0.599,0.467,0.737,0.544,0.657,rt,
nizi,2026-08-29,0.604,0.465,0.751,0.548,0.664,rt,
nizi,2026-08-30,0.608,0.462,0.767,0.545,0.674,rt,
nizi,2026-08-31,0.601,0.444,0.785,0.531,0.675,rt,
nizi,2026-09-01,0.618,0.467,0.784,0.553,0.683,rt,
nizi,2026-09-02,0.634,0.487,0.791,0.573,0.696,rt,
nizi,2026-09-03,0.649,0.504,0.803,0.587,0.707,rt,
nizi,2026-09-04,0.66,0.511,0.811,0.599,0.718,rt,
nizi,2026-09-05,0.667,0.512,0.839,0.603,0.731,rt,
nizi,2026-09-06,0.67,0.504,0.861,0.603,0.744,rt,
nizi,2026-09-07,0.663,0.484,0.88,0.59,0.746,rt,
nizi,2026-09-08,0.671,0.501,0.865,0.598,0.742,rt,
nizi,2026-09-09,0.671,0.512,0.855,0.605,0.741,rt,
nizi,2026-09-10,0.67,0.515,0.855,0.606,0.74,rt,
nizi,2026-09-11,0.667,0.51,0.859,0.602,0.74,rt,
nizi,2026-09-12,0.66,0.505,0.872,0.595,0.739,rt,
nizi,2026-09-13,0.653,0.487,0.886,0.582,0.744,rt,
nizi,2026-09-14,0.657,0.471,0.922,0.569,0.753,rt,
nizi,2026-09-15,0.677,0.494,0.933,0.59,0.773,rt,
nizi,2026-09-16,0.697,0.511,0.945,0.61,0.795,rt,
nizi,2026-09-17,0.722,0.522,0.987,0.63,0.823,rt,
nizi,2026-09-18,0.746,0.534,1.033,0.65,0.857,rt,
nizi,2026-09-19,0.773,0.538,1.093,0.667,0.896,rt,
nizi,2026-09-20,0.799,0.534,1.173,0.676,0.941,rt,
nizi,2026-09-21,0.833,0.524,1.276,0.697,0.996,rt,
nizi,2026-09-22,0.843,0.536,1.302,0.704,1.016,rt,
nizi,2026-09-23,0.851,0.536,1.322,0.713,1.026,rt,
nizi,2026-09-24,0.858,0.533,1.343,0.711,1.041,rt,
nizi,2026-09-25,0.86,0.517,1.391,0.705,1.054,rt,
nizi,2026-09-26,0.864,0.499,1.438,0.698,1.076,rt,
nizi,2026-09-27,0.863,0.474,1.497,0.677,1.1,rt,
nizi,2026-09-28,0.851,0.44,1.553,0.657,1.107,rt,
nizi,2026-09-29,0.847,0.44,1.544,0.65,1.103,rt,
nizi,2026-09-30,0.838,0.423,1.544,0.649,1.092,rt,
nizi,2026-10-01,0.826,0.405,1.537,0.637,1.086,rt,
nizi,2026-10-02,0.821,0.392,1.544,0.616,1.072,rt,
nizi,2026-10-03,0.816,0.365,1.561,0.598,1.072,rt,
nizi,2026-10-04,0.804,0.343,1.602,0.582,1.074,rt,
nizi,2026-10-05,0.78,0.319,1.641,0.56,1.071,rt,
nizi,2026-10-06,0.779,0.288,1.691,0.553,1.092,rt,
nyankunde,2026-05-03,2.206,1.258,3.967,1.787,2.797,rt,
nyankunde,2026-05-04,2.197,1.218,4.041,1.752,2.788,rt,
nyankunde,2026-05-05,2.198,1.257,3.985,1.788,2.747,rt,
nyankunde,2026-05-06,2.213,1.305,3.954,1.805,2.717,rt,
nyankunde,2026-05-07,2.199,1.324,3.867,1.818,2.711,rt,
nyankunde,2026-05-08,2.189,1.335,3.804,1.817,2.699,rt,
nyankunde,2026-05-09,2.188,1.327,3.796,1.8,2.694,rt,
nyankunde,2026-05-10,2.185,1.311,3.797,1.773,2.682,rt,
nyankunde,2026-05-11,2.102,1.232,3.678,1.687,2.596,rt,
nyankunde,2026-05-12,2.04,1.223,3.467,1.654,2.499,rt,
nyankunde,2026-05-13,1.995,1.221,3.284,1.628,2.422,rt,
nyankunde,2026-05-14,1.933,1.221,3.134,1.587,2.355,rt,
nyankunde,2026-05-15,1.876,1.189,3.008,1.552,2.278,rt,
nyankunde,2026-05-16,1.814,1.164,2.91,1.495,2.216,rt,
nyankunde,2026-05-17,1.748,1.12,2.879,1.446,2.158,rt,
nyankunde,2026-05-18,1.695,1.052,2.853,1.391,2.109,rt,
nyankunde,2026-05-19,1.657,1.068,2.713,1.385,2.04,rt,
nyankunde,2026-05-20,1.63,1.077,2.613,1.373,1.986,rt,
nyankunde,2026-05-21,1.605,1.083,2.506,1.347,1.923,rt,
nyankunde,2026-05-22,1.555,1.062,2.383,1.318,1.853,rt,
nyankunde,2026-05-23,1.52,1.028,2.293,1.294,1.795,rt,
nyankunde,2026-05-24,1.475,0.978,2.265,1.253,1.75,rt,
nyankunde,2026-05-25,1.424,0.918,2.201,1.196,1.706,rt,
nyankunde,2026-05-26,1.42,0.945,2.119,1.199,1.66,rt,
nyankunde,2026-05-27,1.407,0.967,2.05,1.217,1.632,rt,
nyankunde,2026-05-28,1.398,0.991,1.984,1.219,1.611,rt,
nyankunde,2026-05-29,1.394,0.995,1.977,1.217,1.6,rt,
nyankunde,2026-05-30,1.387,0.989,1.965,1.212,1.594,rt,
nyankunde,2026-05-31,1.379,0.958,2.009,1.193,1.595,rt,
nyankunde,2026-06-01,1.38,0.928,2.064,1.179,1.604,rt,
nyankunde,2026-06-02,1.367,0.957,1.946,1.194,1.575,rt,
nyankunde,2026-06-03,1.363,0.977,1.865,1.19,1.546,rt,
nyankunde,2026-06-04,1.342,0.993,1.816,1.179,1.516,rt,
nyankunde,2026-06-05,1.318,0.978,1.789,1.17,1.49,rt,
nyankunde,2026-06-06,1.289,0.94,1.771,1.14,1.452,rt,
nyankunde,2026-06-07,1.254,0.886,1.76,1.091,1.426,rt,
nyankunde,2026-06-08,1.215,0.831,1.743,1.04,1.395,rt,
nyankunde,2026-06-09,1.153,0.81,1.592,1.004,1.317,rt,
nyankunde,2026-06-10,1.095,0.788,1.489,0.954,1.235,rt,
nyankunde,2026-06-11,1.038,0.752,1.394,0.907,1.167,rt,
nyankunde,2026-06-12,0.983,0.713,1.335,0.865,1.116,rt,
nyankunde,2026-06-13,0.933,0.658,1.283,0.819,1.065,rt,
nyankunde,2026-06-14,0.886,0.61,1.241,0.767,1.022,rt,
nyankunde,2026-06-15,0.839,0.553,1.222,0.721,0.983,rt,
nyankunde,2026-06-16,0.807,0.541,1.133,0.697,0.934,rt,
nyankunde,2026-06-17,0.768,0.53,1.067,0.672,0.889,rt,
nyankunde,2026-06-18,0.738,0.512,1.017,0.647,0.85,rt,
nyankunde,2026-06-19,0.712,0.49,0.979,0.618,0.813,rt,
nyankunde,2026-06-20,0.679,0.461,0.951,0.592,0.786,rt,
nyankunde,2026-06-21,0.651,0.43,0.935,0.562,0.753,rt,
nyankunde,2026-06-22,0.631,0.404,0.931,0.537,0.736,rt,
nyankunde,2026-06-23,0.626,0.417,0.9,0.534,0.726,rt,
nyankunde,2026-06-24,0.625,0.427,0.873,0.537,0.719,rt,
nyankunde,2026-06-25,0.62,0.429,0.86,0.535,0.709,rt,
nyankunde,2026-06-26,0.612,0.423,0.847,0.529,0.704,rt,
nyankunde,2026-06-27,0.605,0.414,0.846,0.52,0.7,rt,
nyankunde,2026-06-28,0.598,0.399,0.858,0.508,0.701,rt,
nyankunde,2026-06-29,0.578,0.374,0.861,0.488,0.685,rt,
nyankunde,2026-06-30,0.582,0.385,0.847,0.494,0.683,rt,
nyankunde,2026-07-01,0.586,0.395,0.825,0.505,0.679,rt,
nyankunde,2026-07-02,0.592,0.403,0.818,0.511,0.678,rt,
nyankunde,2026-07-03,0.597,0.412,0.825,0.516,0.686,rt,
nyankunde,2026-07-04,0.604,0.414,0.841,0.52,0.697,rt,
nyankunde,2026-07-05,0.61,0.411,0.864,0.521,0.711,rt,
nyankunde,2026-07-06,0.622,0.407,0.901,0.522,0.733,rt,
nyankunde,2026-07-07,0.645,0.433,0.908,0.547,0.75,rt,
nyankunde,2026-07-08,0.667,0.457,0.918,0.572,0.77,rt,
nyankunde,2026-07-09,0.689,0.475,0.948,0.594,0.791,rt,
nyankunde,2026-07-10,0.707,0.488,0.988,0.618,0.815,rt,
nyankunde,2026-07-11,0.728,0.499,1.032,0.634,0.84,rt,
nyankunde,2026-07-12,0.751,0.498,1.094,0.649,0.871,rt,
nyankunde,2026-07-13,0.767,0.497,1.161,0.652,0.907,rt,
nyankunde,2026-07-14,0.771,0.516,1.126,0.662,0.9,rt,
nyankunde,2026-07-15,0.771,0.536,1.108,0.665,0.893,rt,
nyankunde,2026-07-16,0.773,0.544,1.09,0.669,0.892,rt,
nyankunde,2026-07-17,0.778,0.543,1.082,0.672,0.895,rt,
nyankunde,2026-07-18,0.779,0.543,1.1,0.677,0.902,rt,
nyankunde,2026-07-19,0.78,0.535,1.131,0.673,0.909,rt,
nyankunde,2026-07-20,0.782,0.52,1.176,0.662,0.921,rt,
nyankunde,2026-07-21,0.782,0.532,1.127,0.666,0.909,rt,
nyankunde,2026-07-22,0.78,0.538,1.087,0.667,0.894,rt,
nyankunde,2026-07-23,0.776,0.531,1.072,0.666,0.88,rt,
nyankunde,2026-07-24,0.762,0.53,1.057,0.66,0.879,rt,
nyankunde,2026-07-25,0.757,0.51,1.064,0.654,0.871,rt,
nyankunde,2026-07-26,0.745,0.493,1.079,0.637,0.873,rt,
nyankunde,2026-07-27,0.736,0.47,1.109,0.616,0.88,rt,
nyankunde,2026-07-28,0.736,0.486,1.073,0.627,0.863,rt,
nyankunde,2026-07-29,0.732,0.496,1.038,0.63,0.853,rt,
nyankunde,2026-07-30,0.73,0.5,1.023,0.626,0.845,rt,
nyankunde,2026-07-31,0.726,0.494,1.011,0.622,0.832,rt,
nyankunde,2026-08-01,0.719,0.48,1.021,0.615,0.827,rt,
nyankunde,2026-08-02,0.71,0.461,1.028,0.598,0.827,rt,
nyankunde,2026-08-03,0.7,0.439,1.046,0.582,0.828,rt,
nyankunde,2026-08-04,0.705,0.459,1.026,0.594,0.826,rt,
nyankunde,2026-08-05,0.707,0.476,1.009,0.605,0.823,rt,
nyankunde,2026-08-06,0.718,0.49,1.007,0.614,0.83,rt,
nyankunde,2026-08-07,0.719,0.491,0.998,0.615,0.825,rt,
nyankunde,2026-08-08,0.717,0.488,1.015,0.613,0.828,rt,
nyankunde,2026-08-09,0.72,0.47,1.041,0.605,0.834,rt,
nyankunde,2026-08-10,0.707,0.453,1.059,0.59,0.839,rt,
nyankunde,2026-08-11,0.708,0.462,1.025,0.595,0.827,rt,
nyankunde,2026-08-12,0.706,0.468,1.006,0.604,0.822,rt,
nyankunde,2026-08-13,0.703,0.473,0.992,0.604,0.82,rt,
nyankunde,2026-08-14,0.7,0.47,0.99,0.601,0.816,rt,
nyankunde,2026-08-15,0.704,0.468,1.002,0.597,0.818,rt,
nyankunde,2026-08-16,0.702,0.459,1.021,0.59,0.828,rt,
nyankunde,2026-08-17,0.706,0.446,1.061,0.584,0.841,rt,
nyankunde,2026-08-18,0.712,0.461,1.045,0.599,0.838,rt,
nyankunde,2026-08-19,0.721,0.472,1.044,0.61,0.842,rt,
nyankunde,2026-08-20,0.725,0.474,1.042,0.614,0.847,rt,
nyankunde,2026-08-21,0.731,0.486,1.061,0.62,0.855,rt,
nyankunde,2026-08-22,0.742,0.485,1.08,0.624,0.863,rt,
nyankunde,2026-08-23,0.739,0.477,1.115,0.623,0.875,rt,
nyankunde,2026-08-24,0.754,0.466,1.165,0.626,0.907,rt,
nyankunde,2026-08-25,0.778,0.496,1.17,0.649,0.918,rt,
nyankunde,2026-08-26,0.792,0.518,1.176,0.67,0.933,rt,
nyankunde,2026-08-27,0.81,0.538,1.181,0.687,0.95,rt,
nyankunde,2026-08-28,0.826,0.552,1.207,0.701,0.974,rt,
nyankunde,2026-08-29,0.835,0.556,1.233,0.718,0.993,rt,
nyankunde,2026-08-30,0.851,0.558,1.262,0.726,1.014,rt,
nyankunde,2026-08-31,0.853,0.553,1.317,0.715,1.022,rt,
nyankunde,2026-09-01,0.869,0.574,1.314,0.742,1.037,rt,
nyankunde,2026-09-02,0.892,0.597,1.322,0.762,1.054,rt,
nyankunde,2026-09-03,0.909,0.617,1.329,0.783,1.073,rt,
nyankunde,2026-09-04,0.927,0.619,1.35,0.794,1.092,rt,
nyankunde,2026-09-05,0.94,0.616,1.385,0.799,1.113,rt,
nyankunde,2026-09-06,0.947,0.604,1.452,0.8,1.135,rt,
nyankunde,2026-09-07,0.935,0.574,1.492,0.781,1.132,rt,
nyankunde,2026-09-08,0.927,0.585,1.442,0.785,1.108,rt,
nyankunde,2026-09-09,0.915,0.59,1.41,0.777,1.088,rt,
nyankunde,2026-09-10,0.903,0.575,1.393,0.766,1.072,rt,
nyankunde,2026-09-11,0.885,0.567,1.373,0.748,1.056,rt,
nyankunde,2026-09-12,0.864,0.547,1.365,0.731,1.041,rt,
nyankunde,2026-09-13,0.841,0.53,1.362,0.708,1.031,rt,
nyankunde,2026-09-14,0.834,0.513,1.392,0.687,1.032,rt,
nyankunde,2026-09-15,0.838,0.523,1.38,0.69,1.02,rt,
nyankunde,2026-09-16,0.836,0.521,1.352,0.691,1.01,rt,
nyankunde,2026-09-17,0.844,0.521,1.362,0.699,1.012,rt,
nyankunde,2026-09-18,0.847,0.514,1.375,0.701,1.028,rt,
nyankunde,2026-09-19,0.847,0.504,1.405,0.7,1.049,rt,
nyankunde,2026-09-20,0.848,0.495,1.452,0.695,1.07,rt,
nyankunde,2026-09-21,0.857,0.485,1.527,0.691,1.101,rt,
nyankunde,2026-09-22,0.864,0.493,1.503,0.695,1.099,rt,
nyankunde,2026-09-23,0.867,0.496,1.523,0.701,1.094,rt,
nyankunde,2026-09-24,0.877,0.496,1.555,0.705,1.097,rt,
nyankunde,2026-09-25,0.877,0.484,1.561,0.703,1.095,rt,
nyankunde,2026-09-26,0.874,0.468,1.602,0.693,1.107,rt,
nyankunde,2026-09-27,0.862,0.458,1.648,0.681,1.119,rt,
nyankunde,2026-09-28,0.851,0.443,1.705,0.657,1.108,rt,
nyankunde,2026-09-29,0.851,0.438,1.653,0.657,1.104,rt,
nyankunde,2026-09-30,0.854,0.435,1.663,0.655,1.101,rt,
nyankunde,2026-10-01,0.847,0.435,1.649,0.643,1.094,rt,
nyankunde,2026-10-02,0.846,0.426,1.655,0.631,1.081,rt,
nyankunde,2026-10-03,0.835,0.412,1.673,0.62,1.078,rt,
nyankunde,2026-10-04,0.828,0.397,1.679,0.606,1.087,rt,
nyankunde,2026-10-05,0.806,0.376,1.701,0.58,1.09,rt,
nyankunde,2026-10-06,0.786,0.342,1.831,0.562,1.115,rt,
rimba,2026-07-22,1.129,1.007,1.263,1.079,1.18,rt,
rimba,2026-07-23,1.122,1.001,1.258,1.073,1.173,rt,
rimba,2026-07-24,1.114,0.999,1.242,1.069,1.163,rt,
rimba,2026-07-25,1.106,0.99,1.232,1.058,1.154,rt,
rimba,2026-07-26,1.096,0.978,1.224,1.045,1.145,rt,
rimba,2026-07-27,1.088,0.968,1.222,1.033,1.139,rt,
rimba,2026-07-28,1.081,0.968,1.207,1.033,1.132,rt,
rimba,2026-07-29,1.074,0.966,1.196,1.029,1.124,rt,
rimba,2026-07-30,1.067,0.958,1.188,1.021,1.116,rt,
rimba,2026-07-31,1.057,0.948,1.173,1.009,1.102,rt,
rimba,2026-08-01,1.042,0.932,1.158,0.995,1.088,rt,
rimba,2026-08-02,1.028,0.91,1.152,0.98,1.074,rt,
rimba,2026-08-03,1.012,0.887,1.144,0.96,1.064,rt,
rimba,2026-08-04,1.009,0.891,1.134,0.961,1.06,rt,
rimba,2026-08-05,1.007,0.889,1.125,0.957,1.055,rt,
rimba,2026-08-06,1.004,0.884,1.127,0.954,1.052,rt,
rimba,2026-08-07,0.993,0.885,1.105,0.948,1.038,rt,
rimba,2026-08-08,0.984,0.874,1.091,0.938,1.027,rt,
rimba,2026-08-09,0.974,0.86,1.083,0.924,1.016,rt,
rimba,2026-08-10,0.95,0.828,1.064,0.9,0.994,rt,
rimba,2026-08-11,0.938,0.826,1.04,0.892,0.98,rt,
rimba,2026-08-12,0.925,0.82,1.026,0.884,0.965,rt,
rimba,2026-08-13,0.912,0.807,1.013,0.873,0.953,rt,
rimba,2026-08-14,0.902,0.8,1.0,0.864,0.941,rt,
rimba,2026-08-15,0.891,0.791,0.987,0.852,0.928,rt,
rimba,2026-08-16,0.878,0.774,0.978,0.838,0.919,rt,
rimba,2026-08-17,0.874,0.765,0.983,0.83,0.919,rt,
rimba,2026-08-18,0.876,0.774,0.98,0.834,0.921,rt,
rimba,2026-08-19,0.877,0.777,0.98,0.837,0.922,rt,
rimba,2026-08-20,0.878,0.777,0.984,0.838,0.924,rt,
rimba,2026-08-21,0.884,0.785,0.985,0.844,0.927,rt,
rimba,2026-08-22,0.888,0.787,0.988,0.847,0.93,rt,
rimba,2026-08-23,0.889,0.784,0.99,0.846,0.931,rt,
rimba,2026-08-24,0.9,0.79,1.01,0.854,0.944,rt,
rimba,2026-08-25,0.919,0.81,1.027,0.874,0.961,rt,
rimba,2026-08-26,0.937,0.829,1.044,0.891,0.979,rt,
rimba,2026-08-27,0.953,0.843,1.062,0.907,0.995,rt,
rimba,2026-08-28,0.97,0.862,1.074,0.925,1.011,rt,
rimba,2026-08-29,0.984,0.878,1.088,0.941,1.026,rt,
rimba,2026-08-30,0.994,0.89,1.106,0.95,1.037,rt,
rimba,2026-08-31,0.992,0.883,1.107,0.946,1.036,rt,
rimba,2026-09-01,0.999,0.896,1.112,0.956,1.044,rt,
rimba,2026-09-02,1.006,0.902,1.12,0.964,1.05,rt,
rimba,2026-09-03,1.012,0.909,1.128,0.967,1.058,rt,
rimba,2026-09-04,1.012,0.915,1.121,0.969,1.056,rt,
rimba,2026-09-05,1.01,0.911,1.119,0.966,1.054,rt,
rimba,2026-09-06,1.007,0.9,1.115,0.959,1.051,rt,
rimba,2026-09-07,0.985,0.87,1.094,0.936,1.031,rt,
rimba,2026-09-08,0.968,0.852,1.082,0.92,1.015,rt,
rimba,2026-09-09,0.95,0.836,1.068,0.903,0.998,rt,
rimba,2026-09-10,0.931,0.817,1.055,0.885,0.981,rt,
rimba,2026-09-11,0.909,0.8,1.029,0.864,0.96,rt,
rimba,2026-09-12,0.886,0.776,1.007,0.841,0.937,rt,
rimba,2026-09-13,0.861,0.747,0.985,0.815,0.913,rt,
rimba,2026-09-14,0.847,0.722,0.98,0.796,0.902,rt,
rimba,2026-09-15,0.846,0.725,0.984,0.797,0.903,rt,
rimba,2026-09-16,0.848,0.724,0.985,0.799,0.907,rt,
rimba,2026-09-17,0.849,0.719,0.994,0.798,0.911,rt,
rimba,2026-09-18,0.853,0.719,1.007,0.801,0.916,rt,
rimba,2026-09-19,0.86,0.717,1.022,0.802,0.924,rt,
rimba,2026-09-20,0.864,0.71,1.04,0.802,0.933,rt,
rimba,2026-09-21,0.875,0.71,1.061,0.807,0.951,rt,
rimba,2026-09-22,0.883,0.712,1.08,0.814,0.964,rt,
rimba,2026-09-23,0.893,0.715,1.098,0.822,0.977,rt,
rimba,2026-09-24,0.899,0.711,1.123,0.825,0.989,rt,
rimba,2026-09-25,0.904,0.709,1.135,0.825,1.001,rt,
rimba,2026-09-26,0.909,0.699,1.156,0.82,1.011,rt,
rimba,2026-09-27,0.914,0.684,1.183,0.819,1.024,rt,
rimba,2026-09-28,0.906,0.66,1.192,0.8,1.017,rt,
rimba,2026-09-29,0.903,0.652,1.197,0.796,1.02,rt,
rimba,2026-09-30,0.9,0.646,1.202,0.79,1.019,rt,
rimba,2026-10-01,0.897,0.636,1.211,0.783,1.02,rt,
rimba,2026-10-02,0.897,0.613,1.21,0.774,1.021,rt,
rimba,2026-10-03,0.89,0.582,1.233,0.762,1.019,rt,
rimba,2026-10-04,0.883,0.557,1.265,0.748,1.026,rt,
rimba,2026-10-05,0.865,0.525,1.282,0.727,1.029,rt,
rimba,2026-10-06,0.88,0.538,1.296,0.723,1.037,rt,
rwampara,2026-04-20,2.724,1.643,6.154,2.144,3.649,rt,
rwampara,2026-04-21,2.704,1.672,5.647,2.142,3.522,rt,
rwampara,2026-04-22,2.662,1.696,5.334,2.154,3.426,rt,
rwampara,2026-04-23,2.619,1.705,5.054,2.148,3.337,rt,
rwampara,2026-04-24,2.606,1.728,4.849,2.151,3.309,rt,
rwampara,2026-04-25,2.597,1.719,4.736,2.154,3.294,rt,
rwampara,2026-04-26,2.605,1.695,4.631,2.158,3.261,rt,
rwampara,2026-04-27,2.59,1.653,4.549,2.139,3.227,rt,
rwampara,2026-04-28,2.572,1.689,4.328,2.155,3.171,rt,
rwampara,2026-04-29,2.547,1.717,4.246,2.151,3.106,rt,
rwampara,2026-04-30,2.544,1.743,4.142,2.154,3.045,rt,
rwampara,2026-05-01,2.54,1.76,4.125,2.169,3.011,rt,
rwampara,2026-05-02,2.528,1.757,4.117,2.158,2.998,rt,
rwampara,2026-05-03,2.52,1.743,4.014,2.145,2.975,rt,
rwampara,2026-05-04,2.5,1.715,3.977,2.125,2.942,rt,
rwampara,2026-05-05,2.492,1.753,3.878,2.134,2.894,rt,
rwampara,2026-05-06,2.481,1.754,3.744,2.134,2.867,rt,
rwampara,2026-05-07,2.459,1.765,3.602,2.141,2.829,rt,
rwampara,2026-05-08,2.422,1.766,3.513,2.121,2.793,rt,
rwampara,2026-05-09,2.395,1.759,3.451,2.114,2.77,rt,
rwampara,2026-05-10,2.377,1.739,3.386,2.088,2.751,rt,
rwampara,2026-05-11,2.27,1.634,3.256,1.987,2.644,rt,
rwampara,2026-05-12,2.179,1.602,3.045,1.919,2.497,rt,
rwampara,2026-05-13,2.098,1.568,2.877,1.849,2.376,rt,
rwampara,2026-05-14,2.006,1.521,2.737,1.78,2.28,rt,
rwampara,2026-05-15,1.912,1.465,2.592,1.702,2.159,rt,
rwampara,2026-05-16,1.829,1.401,2.496,1.629,2.069,rt,
rwampara,2026-05-17,1.745,1.328,2.387,1.555,1.976,rt,
rwampara,2026-05-18,1.665,1.248,2.299,1.472,1.891,rt,
rwampara,2026-05-19,1.598,1.21,2.156,1.426,1.815,rt,
rwampara,2026-05-20,1.535,1.179,2.044,1.378,1.731,rt,
rwampara,2026-05-21,1.478,1.145,1.934,1.33,1.648,rt,
rwampara,2026-05-22,1.411,1.091,1.837,1.268,1.571,rt,
rwampara,2026-05-23,1.348,1.024,1.759,1.202,1.497,rt,
rwampara,2026-05-24,1.284,0.953,1.697,1.131,1.44,rt,
rwampara,2026-05-25,1.217,0.872,1.664,1.056,1.381,rt,
rwampara,2026-05-26,1.209,0.886,1.601,1.063,1.357,rt,
rwampara,2026-05-27,1.2,0.918,1.555,1.07,1.336,rt,
rwampara,2026-05-28,1.194,0.927,1.515,1.079,1.323,rt,
rwampara,2026-05-29,1.191,0.922,1.498,1.082,1.315,rt,
rwampara,2026-05-30,1.19,0.919,1.505,1.08,1.315,rt,
rwampara,2026-05-31,1.191,0.9,1.522,1.072,1.322,rt,
rwampara,2026-06-01,1.197,0.883,1.564,1.064,1.34,rt,
rwampara,2026-06-02,1.243,0.96,1.565,1.122,1.372,rt,
rwampara,2026-06-03,1.289,1.03,1.578,1.186,1.412,rt,
rwampara,2026-06-04,1.331,1.096,1.608,1.241,1.447,rt,
rwampara,2026-06-05,1.371,1.139,1.652,1.279,1.482,rt,
rwampara,2026-06-06,1.405,1.168,1.709,1.305,1.522,rt,
rwampara,2026-06-07,1.431,1.175,1.759,1.323,1.555,rt,
rwampara,2026-06-08,1.455,1.177,1.818,1.332,1.589,rt,
rwampara,2026-06-09,1.433,1.193,1.743,1.324,1.55,rt,
rwampara,2026-06-10,1.413,1.191,1.692,1.313,1.516,rt,
rwampara,2026-06-11,1.39,1.181,1.649,1.297,1.49,rt,
rwampara,2026-06-12,1.367,1.161,1.623,1.275,1.473,rt,
rwampara,2026-06-13,1.345,1.133,1.618,1.249,1.453,rt,
rwampara,2026-06-14,1.322,1.089,1.623,1.221,1.436,rt,
rwampara,2026-06-15,1.302,1.041,1.639,1.195,1.425,rt,
rwampara,2026-06-16,1.266,1.032,1.551,1.171,1.371,rt,
rwampara,2026-06-17,1.23,1.023,1.468,1.144,1.326,rt,
rwampara,2026-06-18,1.195,1.002,1.416,1.111,1.283,rt,
rwampara,2026-06-19,1.164,0.972,1.364,1.081,1.245,rt,
rwampara,2026-06-20,1.131,0.932,1.332,1.045,1.215,rt,
rwampara,2026-06-21,1.093,0.886,1.321,1.009,1.185,rt,
rwampara,2026-06-22,1.071,0.842,1.327,0.977,1.171,rt,
rwampara,2026-06-23,1.086,0.882,1.316,0.998,1.174,rt,
rwampara,2026-06-24,1.098,0.911,1.31,1.019,1.182,rt,
rwampara,2026-06-25,1.113,0.932,1.312,1.034,1.189,rt,
rwampara,2026-06-26,1.121,0.94,1.317,1.044,1.194,rt,
rwampara,2026-06-27,1.127,0.939,1.334,1.045,1.204,rt,
rwampara,2026-06-28,1.13,0.924,1.36,1.041,1.221,rt,
rwampara,2026-06-29,1.115,0.885,1.368,1.018,1.218,rt,
rwampara,2026-06-30,1.116,0.914,1.339,1.03,1.207,rt,
rwampara,2026-07-01,1.119,0.934,1.312,1.042,1.2,rt,
rwampara,2026-07-02,1.126,0.949,1.305,1.051,1.2,rt,
rwampara,2026-07-03,1.13,0.96,1.312,1.059,1.209,rt,
rwampara,2026-07-04,1.139,0.961,1.337,1.063,1.218,rt,
rwampara,2026-07-05,1.147,0.948,1.368,1.063,1.233,rt,
rwampara,2026-07-06,1.159,0.937,1.424,1.068,1.258,rt,
rwampara,2026-07-07,1.164,0.965,1.392,1.084,1.256,rt,
rwampara,2026-07-08,1.17,0.989,1.38,1.093,1.252,rt,
rwampara,2026-07-09,1.172,1.0,1.371,1.099,1.253,rt,
rwampara,2026-07-10,1.174,1.009,1.372,1.099,1.255,rt,
rwampara,2026-07-11,1.174,0.999,1.383,1.094,1.259,rt,
rwampara,2026-07-12,1.172,0.978,1.41,1.088,1.267,rt,
rwampara,2026-07-13,1.162,0.945,1.435,1.07,1.268,rt,
rwampara,2026-07-14,1.14,0.943,1.371,1.058,1.231,rt,
rwampara,2026-07-15,1.111,0.937,1.325,1.038,1.195,rt,
rwampara,2026-07-16,1.087,0.919,1.295,1.014,1.168,rt,
rwampara,2026-07-17,1.066,0.902,1.27,0.994,1.146,rt,
rwampara,2026-07-18,1.046,0.869,1.258,0.969,1.127,rt,
rwampara,2026-07-19,1.024,0.831,1.259,0.936,1.109,rt,
rwampara,2026-07-20,0.998,0.79,1.265,0.907,1.098,rt,
rwampara,2026-07-21,0.978,0.791,1.208,0.896,1.064,rt,
rwampara,2026-07-22,0.953,0.785,1.154,0.882,1.032,rt,
rwampara,2026-07-23,0.927,0.772,1.119,0.86,1.004,rt,
rwampara,2026-07-24,0.905,0.754,1.09,0.84,0.976,rt,
rwampara,2026-07-25,0.877,0.725,1.065,0.815,0.955,rt,
rwampara,2026-07-26,0.854,0.688,1.053,0.787,0.932,rt,
rwampara,2026-07-27,0.834,0.655,1.053,0.756,0.915,rt,
rwampara,2026-07-28,0.82,0.661,0.999,0.749,0.891,rt,
rwampara,2026-07-29,0.808,0.662,0.961,0.745,0.872,rt,
rwampara,2026-07-30,0.791,0.658,0.938,0.731,0.852,rt,
rwampara,2026-07-31,0.772,0.638,0.92,0.716,0.832,rt,
rwampara,2026-08-01,0.752,0.611,0.907,0.697,0.814,rt,
rwampara,2026-08-02,0.734,0.576,0.899,0.671,0.798,rt,
rwampara,2026-08-03,0.713,0.541,0.906,0.644,0.784,rt,
rwampara,2026-08-04,0.712,0.556,0.883,0.646,0.772,rt,
rwampara,2026-08-05,0.706,0.561,0.865,0.649,0.765,rt,
rwampara,2026-08-06,0.7,0.561,0.855,0.644,0.76,rt,
rwampara,2026-08-07,0.69,0.552,0.842,0.638,0.753,rt,
rwampara,2026-08-08,0.683,0.54,0.837,0.625,0.746,rt,
rwampara,2026-08-09,0.675,0.524,0.842,0.61,0.743,rt,
rwampara,2026-08-10,0.656,0.495,0.838,0.586,0.732,rt,
rwampara,2026-08-11,0.655,0.508,0.82,0.588,0.722,rt,
rwampara,2026-08-12,0.649,0.515,0.797,0.592,0.711,rt,
rwampara,2026-08-13,0.646,0.521,0.787,0.59,0.703,rt,
rwampara,2026-08-14,0.642,0.517,0.783,0.589,0.698,rt,
rwampara,2026-08-15,0.641,0.511,0.789,0.585,0.698,rt,
rwampara,2026-08-16,0.634,0.495,0.801,0.576,0.7,rt,
rwampara,2026-08-17,0.636,0.48,0.821,0.571,0.71,rt,
rwampara,2026-08-18,0.648,0.498,0.819,0.59,0.717,rt,
rwampara,2026-08-19,0.659,0.514,0.821,0.605,0.724,rt,
rwampara,2026-08-20,0.674,0.527,0.839,0.616,0.734,rt,
rwampara,2026-08-21,0.688,0.54,0.856,0.63,0.748,rt,
rwampara,2026-08-22,0.701,0.549,0.878,0.64,0.767,rt,
rwampara,2026-08-23,0.713,0.549,0.913,0.644,0.783,rt,
rwampara,2026-08-24,0.735,0.548,0.965,0.653,0.812,rt,
rwampara,2026-08-25,0.76,0.586,0.964,0.683,0.831,rt,
rwampara,2026-08-26,0.788,0.618,0.98,0.716,0.853,rt,
rwampara,2026-08-27,0.811,0.645,0.998,0.747,0.877,rt,
rwampara,2026-08-28,0.835,0.672,1.018,0.772,0.903,rt,
rwampara,2026-08-29,0.862,0.687,1.053,0.794,0.931,rt,
rwampara,2026-08-30,0.882,0.684,1.107,0.805,0.964,rt,
rwampara,2026-08-31,0.889,0.668,1.156,0.805,0.989,rt,
rwampara,2026-09-01,0.917,0.713,1.153,0.837,1.005,rt,
rwampara,2026-09-02,0.944,0.749,1.162,0.864,1.025,rt,
rwampara,2026-09-03,0.966,0.779,1.182,0.888,1.048,rt,
rwampara,2026-09-04,0.988,0.799,1.199,0.905,1.068,rt,
rwampara,2026-09-05,1.005,0.807,1.241,0.911,1.092,rt,
rwampara,2026-09-06,1.016,0.797,1.281,0.916,1.117,rt,
rwampara,2026-09-07,1.008,0.761,1.32,0.901,1.126,rt,
rwampara,2026-09-08,1.002,0.779,1.279,0.909,1.108,rt,
rwampara,2026-09-09,0.992,0.787,1.256,0.91,1.089,rt,
rwampara,2026-09-10,0.985,0.79,1.239,0.904,1.077,rt,
rwampara,2026-09-11,0.972,0.781,1.222,0.892,1.064,rt,
rwampara,2026-09-12,0.96,0.763,1.208,0.876,1.052,rt,
rwampara,2026-09-13,0.943,0.724,1.205,0.849,1.045,rt,
rwampara,2026-09-14,0.933,0.688,1.243,0.828,1.05,rt,
rwampara,2026-09-15,0.944,0.718,1.227,0.845,1.048,rt,
rwampara,2026-09-16,0.956,0.73,1.223,0.862,1.055,rt,
rwampara,2026-09-17,0.966,0.741,1.236,0.872,1.068,rt,
rwampara,2026-09-18,0.98,0.739,1.276,0.882,1.093,rt,
rwampara,2026-09-19,0.996,0.734,1.33,0.884,1.122,rt,
rwampara,2026-09-20,1.011,0.718,1.384,0.885,1.152,rt,
rwampara,2026-09-21,1.034,0.697,1.474,0.884,1.197,rt,
rwampara,2026-09-22,1.033,0.71,1.455,0.889,1.195,rt,
rwampara,2026-09-23,1.033,0.706,1.464,0.888,1.195,rt,
rwampara,2026-09-24,1.034,0.688,1.483,0.874,1.194,rt,
rwampara,2026-09-25,1.028,0.665,1.497,0.858,1.201,rt,
rwampara,2026-09-26,1.011,0.636,1.524,0.838,1.212,rt,
rwampara,2026-09-27,1.003,0.594,1.575,0.816,1.224,rt,
rwampara,2026-09-28,0.981,0.528,1.61,0.784,1.217,rt,
rwampara,2026-09-29,0.975,0.528,1.596,0.772,1.207,rt,
rwampara,2026-09-30,0.959,0.5,1.6,0.75,1.189,rt,
rwampara,2026-10-01,0.948,0.478,1.594,0.733,1.18,rt,
rwampara,2026-10-02,0.932,0.446,1.607,0.714,1.189,rt,
rwampara,2026-10-03,0.92,0.416,1.627,0.694,1.187,rt,
rwampara,2026-10-04,0.903,0.388,1.664,0.663,1.191,rt,
rwampara,2026-10-05,0.878,0.353,1.693,0.629,1.184,rt,
rwampara,2026-10-06,0.843,0.314,1.793,0.59,1.168,rt,
tchomia,2026-06-10,2.145,1.504,3.192,1.844,2.484,rt,
tchomia,2026-06-11,2.07,1.47,3.048,1.796,2.408,rt,
tchomia,2026-06-12,2.02,1.422,2.942,1.735,2.347,rt,
tchomia,2026-06-13,1.966,1.356,2.896,1.677,2.284,rt,
tchomia,2026-06-14,1.905,1.271,2.823,1.608,2.238,rt,
tchomia,2026-06-15,1.845,1.201,2.82,1.543,2.206,rt,
tchomia,2026-06-16,1.77,1.196,2.618,1.502,2.082,rt,
tchomia,2026-06-17,1.697,1.161,2.418,1.462,1.978,rt,
tchomia,2026-06-18,1.624,1.134,2.25,1.407,1.887,rt,
tchomia,2026-06-19,1.549,1.097,2.14,1.361,1.797,rt,
tchomia,2026-06-20,1.483,1.047,2.084,1.303,1.718,rt,
tchomia,2026-06-21,1.421,0.984,2.021,1.232,1.644,rt,
tchomia,2026-06-22,1.376,0.92,2.015,1.181,1.609,rt,
tchomia,2026-06-23,1.367,0.936,1.945,1.189,1.562,rt,
tchomia,2026-06-24,1.35,0.947,1.891,1.193,1.536,rt,
tchomia,2026-06-25,1.337,0.954,1.858,1.186,1.524,rt,
tchomia,2026-06-26,1.319,0.935,1.8,1.163,1.503,rt,
tchomia,2026-06-27,1.305,0.912,1.796,1.137,1.487,rt,
tchomia,2026-06-28,1.287,0.884,1.819,1.109,1.481,rt,
tchomia,2026-06-29,1.238,0.819,1.807,1.06,1.439,rt,
tchomia,2026-06-30,1.207,0.829,1.696,1.043,1.384,rt,
tchomia,2026-07-01,1.174,0.831,1.615,1.029,1.337,rt,
tchomia,2026-07-02,1.142,0.82,1.55,1.007,1.291,rt,
tchomia,2026-07-03,1.123,0.811,1.51,0.985,1.258,rt,
tchomia,2026-07-04,1.098,0.789,1.486,0.959,1.244,rt,
tchomia,2026-07-05,1.066,0.76,1.472,0.932,1.229,rt,
tchomia,2026-07-06,1.049,0.726,1.507,0.906,1.219,rt,
tchomia,2026-07-07,1.042,0.743,1.458,0.915,1.197,rt,
tchomia,2026-07-08,1.038,0.753,1.418,0.91,1.177,rt,
tchomia,2026-07-09,1.029,0.751,1.382,0.905,1.163,rt,
tchomia,2026-07-10,1.017,0.732,1.375,0.893,1.157,rt,
tchomia,2026-07-11,1.004,0.715,1.369,0.882,1.149,rt,
tchomia,2026-07-12,0.995,0.692,1.381,0.863,1.149,rt,
tchomia,2026-07-13,0.975,0.659,1.388,0.837,1.144,rt,
tchomia,2026-07-14,0.971,0.68,1.345,0.841,1.125,rt,
tchomia,2026-07-15,0.97,0.688,1.31,0.84,1.1,rt,
tchomia,2026-07-16,0.964,0.688,1.302,0.841,1.09,rt,
tchomia,2026-07-17,0.962,0.693,1.295,0.837,1.087,rt,
tchomia,2026-07-18,0.956,0.686,1.295,0.828,1.086,rt,
tchomia,2026-07-19,0.952,0.674,1.325,0.82,1.088,rt,
tchomia,2026-07-20,0.946,0.649,1.363,0.807,1.094,rt,
tchomia,2026-07-21,0.944,0.669,1.332,0.82,1.075,rt,
tchomia,2026-07-22,0.941,0.678,1.287,0.825,1.063,rt,
tchomia,2026-07-23,0.937,0.687,1.273,0.824,1.057,rt,
tchomia,2026-07-24,0.932,0.687,1.272,0.823,1.056,rt,
tchomia,2026-07-25,0.92,0.675,1.287,0.812,1.049,rt,
tchomia,2026-07-26,0.915,0.652,1.3,0.799,1.049,rt,
tchomia,2026-07-27,0.908,0.629,1.34,0.783,1.058,rt,
tchomia,2026-07-28,0.916,0.65,1.307,0.799,1.052,rt,
tchomia,2026-07-29,0.927,0.667,1.268,0.804,1.051,rt,
tchomia,2026-07-30,0.929,0.674,1.249,0.809,1.054,rt,
tchomia,2026-07-31,0.926,0.676,1.246,0.808,1.054,rt,
tchomia,2026-08-01,0.919,0.667,1.255,0.803,1.049,rt,
tchomia,2026-08-02,0.912,0.651,1.273,0.793,1.05,rt,
tchomia,2026-08-03,0.909,0.631,1.304,0.78,1.055,rt,
tchomia,2026-08-04,0.914,0.652,1.274,0.791,1.045,rt,
tchomia,2026-08-05,0.918,0.663,1.265,0.801,1.039,rt,
tchomia,2026-08-06,0.914,0.662,1.253,0.806,1.038,rt,
tchomia,2026-08-07,0.908,0.65,1.243,0.8,1.032,rt,
tchomia,2026-08-08,0.904,0.641,1.237,0.786,1.034,rt,
tchomia,2026-08-09,0.898,0.624,1.262,0.772,1.04,rt,
tchomia,2026-08-10,0.878,0.596,1.277,0.748,1.027,rt,
tchomia,2026-08-11,0.868,0.605,1.227,0.745,1.006,rt,
tchomia,2026-08-12,0.852,0.604,1.191,0.744,0.988,rt,
tchomia,2026-08-13,0.843,0.603,1.164,0.739,0.967,rt,
tchomia,2026-08-14,0.834,0.596,1.156,0.73,0.955,rt,
tchomia,2026-08-15,0.823,0.58,1.146,0.716,0.946,rt,
tchomia,2026-08-16,0.812,0.562,1.162,0.701,0.936,rt,
tchomia,2026-08-17,0.811,0.536,1.19,0.694,0.942,rt,
tchomia,2026-08-18,0.814,0.551,1.156,0.701,0.935,rt,
tchomia,2026-08-19,0.814,0.564,1.14,0.703,0.93,rt,
tchomia,2026-08-20,0.812,0.573,1.136,0.705,0.93,rt,
tchomia,2026-08-21,0.815,0.58,1.138,0.706,0.933,rt,
tchomia,2026-08-22,0.817,0.574,1.148,0.701,0.943,rt,
tchomia,2026-08-23,0.817,0.563,1.173,0.693,0.948,rt,
tchomia,2026-08-24,0.824,0.549,1.235,0.69,0.961,rt,
tchomia,2026-08-25,0.822,0.557,1.185,0.695,0.954,rt,
tchomia,2026-08-26,0.814,0.561,1.152,0.695,0.942,rt,
tchomia,2026-08-27,0.803,0.559,1.129,0.694,0.936,rt,
tchomia,2026-08-28,0.797,0.555,1.138,0.688,0.931,rt,
tchomia,2026-08-29,0.794,0.538,1.142,0.678,0.921,rt,
tchomia,2026-08-30,0.782,0.515,1.166,0.659,0.909,rt,
tchomia,2026-08-31,0.757,0.484,1.166,0.633,0.897,rt,
tchomia,2026-09-01,0.743,0.491,1.121,0.627,0.875,rt,
tchomia,2026-09-02,0.728,0.497,1.075,0.62,0.858,rt,
tchomia,2026-09-03,0.714,0.484,1.035,0.61,0.832,rt,
tchomia,2026-09-04,0.696,0.464,1.004,0.593,0.808,rt,
tchomia,2026-09-05,0.675,0.441,0.982,0.576,0.785,rt,
tchomia,2026-09-06,0.654,0.416,0.969,0.556,0.763,rt,
tchomia,2026-09-07,0.624,0.381,0.963,0.52,0.735,rt,
tchomia,2026-09-08,0.611,0.379,0.919,0.511,0.714,rt,
tchomia,2026-09-09,0.597,0.374,0.882,0.499,0.698,rt,
tchomia,2026-09-10,0.58,0.366,0.854,0.488,0.678,rt,
tchomia,2026-09-11,0.561,0.354,0.833,0.475,0.665,rt,
tchomia,2026-09-12,0.544,0.34,0.819,0.454,0.647,rt,
tchomia,2026-09-13,0.524,0.324,0.82,0.433,0.63,rt,
tchomia,2026-09-14,0.51,0.304,0.839,0.416,0.623,rt,
tchomia,2026-09-15,0.52,0.315,0.839,0.427,0.627,rt,
tchomia,2026-09-16,0.527,0.321,0.826,0.435,0.635,rt,
tchomia,2026-09-17,0.536,0.327,0.843,0.443,0.65,rt,
tchomia,2026-09-18,0.547,0.329,0.881,0.451,0.667,rt,
tchomia,2026-09-19,0.559,0.333,0.913,0.456,0.685,rt,
tchomia,2026-09-20,0.57,0.336,0.958,0.462,0.706,rt,
tchomia,2026-09-21,0.582,0.337,1.039,0.468,0.734,rt,
tchomia,2026-09-22,0.599,0.339,1.035,0.479,0.739,rt,
tchomia,2026-09-23,0.608,0.347,1.046,0.489,0.749,rt,
tchomia,2026-09-24,0.618,0.353,1.088,0.498,0.759,rt,
tchomia,2026-09-25,0.625,0.348,1.118,0.5,0.769,rt,
tchomia,2026-09-26,0.632,0.345,1.143,0.497,0.791,rt,
tchomia,2026-09-27,0.642,0.337,1.177,0.498,0.801,rt,
tchomia,2026-09-28,0.637,0.319,1.207,0.49,0.807,rt,
tchomia,2026-09-29,0.638,0.325,1.192,0.494,0.818,rt,
tchomia,2026-09-30,0.64,0.333,1.208,0.498,0.815,rt,
tchomia,2026-10-01,0.646,0.333,1.229,0.498,0.823,rt,
tchomia,2026-10-02,0.646,0.328,1.258,0.496,0.834,rt,
tchomia,2026-10-03,0.646,0.315,1.286,0.484,0.848,rt,
tchomia,2026-10-04,0.644,0.301,1.307,0.484,0.855,rt,
tchomia,2026-10-05,0.642,0.282,1.338,0.469,0.869,rt,
tchomia,2026-10-06,0.656,0.289,1.489,0.473,0.91,rt,
alimbongo,2026-09-20,1.19,0.991,1.42,1.107,1.275,rt,
alimbongo,2026-09-21,1.226,1.009,1.485,1.135,1.321,rt,
alimbongo,2026-09-22,1.258,1.025,1.544,1.16,1.368,rt,
alimbongo,2026-09-23,1.285,1.04,1.602,1.182,1.407,rt,
alimbongo,2026-09-24,1.315,1.053,1.665,1.206,1.45,rt,
alimbongo,2026-09-25,1.338,1.051,1.72,1.22,1.481,rt,
alimbongo,2026-09-26,1.358,1.05,1.775,1.231,1.515,rt,
alimbongo,2026-09-27,1.385,1.053,1.83,1.246,1.547,rt,
alimbongo,2026-09-28,1.366,1.026,1.825,1.219,1.536,rt,
alimbongo,2026-09-29,1.353,0.997,1.829,1.205,1.532,rt,
alimbongo,2026-09-30,1.34,0.97,1.841,1.189,1.527,rt,
alimbongo,2026-10-01,1.331,0.942,1.843,1.172,1.517,rt,
alimbongo,2026-10-02,1.329,0.933,1.883,1.163,1.522,rt,
alimbongo,2026-10-03,1.333,0.913,1.925,1.145,1.537,rt,
alimbongo,2026-10-04,1.331,0.875,1.974,1.115,1.555,rt,
alimbongo,2026-10-05,1.307,0.833,1.983,1.076,1.554,rt,
alimbongo,2026-10-06,1.284,0.83,1.882,1.069,1.503,rt,
beni,2026-05-27,2.4,1.738,3.424,2.108,2.787,rt,
beni,2026-05-28,2.328,1.676,3.291,2.027,2.687,rt,
beni,2026-05-29,2.227,1.614,3.099,1.955,2.556,rt,
beni,2026-05-30,2.135,1.546,2.952,1.876,2.441,rt,
beni,2026-05-31,2.042,1.469,2.831,1.795,2.341,rt,
beni,2026-06-01,1.96,1.402,2.736,1.725,2.254,rt,
beni,2026-06-02,1.897,1.373,2.602,1.663,2.171,rt,
beni,2026-06-03,1.833,1.339,2.49,1.617,2.086,rt,
beni,2026-06-04,1.768,1.296,2.392,1.566,2.022,rt,
beni,2026-06-05,1.69,1.25,2.249,1.503,1.92,rt,
beni,2026-06-06,1.624,1.193,2.158,1.438,1.839,rt,
beni,2026-06-07,1.555,1.136,2.09,1.375,1.764,rt,
beni,2026-06-08,1.499,1.077,2.059,1.319,1.7,rt,
beni,2026-06-09,1.448,1.058,1.95,1.283,1.636,rt,
beni,2026-06-10,1.401,1.037,1.854,1.25,1.577,rt,
beni,2026-06-11,1.358,1.015,1.779,1.215,1.525,rt,
beni,2026-06-12,1.315,1.002,1.728,1.186,1.473,rt,
beni,2026-06-13,1.278,0.969,1.686,1.155,1.426,rt,
beni,2026-06-14,1.238,0.924,1.663,1.122,1.392,rt,
beni,2026-06-15,1.224,0.902,1.653,1.092,1.381,rt,
beni,2026-06-16,1.206,0.91,1.611,1.08,1.347,rt,
beni,2026-06-17,1.187,0.906,1.563,1.065,1.322,rt,
beni,2026-06-18,1.167,0.889,1.524,1.052,1.299,rt,
beni,2026-06-19,1.156,0.884,1.508,1.039,1.279,rt,
beni,2026-06-20,1.141,0.865,1.495,1.027,1.268,rt,
beni,2026-06-21,1.133,0.837,1.489,1.009,1.263,rt,
beni,2026-06-22,1.138,0.811,1.527,1.004,1.279,rt,
beni,2026-06-23,1.146,0.839,1.505,1.022,1.282,rt,
beni,2026-06-24,1.154,0.866,1.499,1.038,1.291,rt,
beni,2026-06-25,1.169,0.88,1.504,1.047,1.306,rt,
beni,2026-06-26,1.179,0.91,1.5,1.058,1.309,rt,
beni,2026-06-27,1.187,0.924,1.516,1.069,1.321,rt,
beni,2026-06-28,1.199,0.919,1.537,1.071,1.332,rt,
beni,2026-06-29,1.195,0.896,1.563,1.057,1.337,rt,
beni,2026-06-30,1.204,0.922,1.54,1.079,1.336,rt,
beni,2026-07-01,1.21,0.943,1.532,1.098,1.337,rt,
beni,2026-07-02,1.217,0.955,1.532,1.112,1.344,rt,
beni,2026-07-03,1.239,0.977,1.56,1.135,1.352,rt,
beni,2026-07-04,1.251,0.986,1.592,1.147,1.365,rt,
beni,2026-07-05,1.27,0.991,1.623,1.154,1.389,rt,
beni,2026-07-06,1.291,0.984,1.682,1.16,1.428,rt,
beni,2026-07-07,1.31,1.034,1.676,1.187,1.448,rt,
beni,2026-07-08,1.331,1.069,1.67,1.211,1.464,rt,
beni,2026-07-09,1.354,1.088,1.693,1.228,1.481,rt,
beni,2026-07-10,1.366,1.107,1.703,1.244,1.492,rt,
beni,2026-07-11,1.378,1.113,1.729,1.257,1.51,rt,
beni,2026-07-12,1.396,1.101,1.784,1.26,1.528,rt,
beni,2026-07-13,1.406,1.079,1.836,1.254,1.552,rt,
beni,2026-07-14,1.402,1.101,1.788,1.27,1.533,rt,
beni,2026-07-15,1.395,1.117,1.75,1.275,1.521,rt,
beni,2026-07-16,1.389,1.126,1.733,1.275,1.518,rt,
beni,2026-07-17,1.383,1.143,1.718,1.273,1.507,rt,
beni,2026-07-18,1.383,1.143,1.72,1.271,1.507,rt,
beni,2026-07-19,1.377,1.118,1.743,1.261,1.516,rt,
beni,2026-07-20,1.37,1.088,1.769,1.245,1.524,rt,
beni,2026-07-21,1.363,1.104,1.71,1.247,1.498,rt,
beni,2026-07-22,1.357,1.103,1.674,1.248,1.476,rt,
beni,2026-07-23,1.348,1.104,1.649,1.24,1.463,rt,
beni,2026-07-24,1.34,1.104,1.621,1.234,1.449,rt,
beni,2026-07-25,1.327,1.09,1.617,1.227,1.439,rt,
beni,2026-07-26,1.314,1.066,1.625,1.211,1.44,rt,
beni,2026-07-27,1.323,1.046,1.666,1.206,1.456,rt,
beni,2026-07-28,1.336,1.077,1.647,1.222,1.455,rt,
beni,2026-07-29,1.343,1.101,1.65,1.233,1.455,rt,
beni,2026-07-30,1.351,1.119,1.651,1.246,1.459,rt,
beni,2026-07-31,1.358,1.13,1.666,1.258,1.466,rt,
beni,2026-08-01,1.366,1.128,1.683,1.261,1.474,rt,
beni,2026-08-02,1.37,1.117,1.716,1.263,1.494,rt,
beni,2026-08-03,1.373,1.095,1.733,1.257,1.51,rt,
beni,2026-08-04,1.383,1.124,1.724,1.274,1.504,rt,
beni,2026-08-05,1.396,1.144,1.72,1.284,1.508,rt,
beni,2026-08-06,1.401,1.156,1.711,1.296,1.506,rt,
beni,2026-08-07,1.416,1.178,1.708,1.313,1.522,rt,
beni,2026-08-08,1.43,1.188,1.726,1.33,1.544,rt,
beni,2026-08-09,1.448,1.18,1.756,1.337,1.562,rt,
beni,2026-08-10,1.454,1.163,1.781,1.328,1.577,rt,
beni,2026-08-11,1.464,1.195,1.774,1.35,1.58,rt,
beni,2026-08-12,1.477,1.216,1.763,1.367,1.585,rt,
beni,2026-08-13,1.486,1.242,1.773,1.37,1.596,rt,
beni,2026-08-14,1.498,1.258,1.777,1.39,1.61,rt,
beni,2026-08-15,1.514,1.267,1.798,1.4,1.628,rt,
beni,2026-08-16,1.531,1.261,1.827,1.409,1.651,rt,
beni,2026-08-17,1.554,1.258,1.888,1.42,1.694,rt,
beni,2026-08-18,1.594,1.312,1.915,1.466,1.718,rt,
beni,2026-08-19,1.632,1.361,1.937,1.509,1.748,rt,
beni,2026-08-20,1.665,1.396,1.977,1.546,1.787,rt,
beni,2026-08-21,1.668,1.42,1.965,1.561,1.787,rt,
beni,2026-08-22,1.676,1.422,1.962,1.571,1.787,rt,
beni,2026-08-23,1.683,1.42,1.978,1.574,1.797,rt,
beni,2026-08-24,1.669,1.394,1.994,1.556,1.792,rt,
beni,2026-08-25,1.666,1.414,1.968,1.56,1.776,rt,
beni,2026-08-26,1.664,1.431,1.953,1.563,1.773,rt,
beni,2026-08-27,1.655,1.431,1.951,1.556,1.773,rt,
beni,2026-08-28,1.647,1.428,1.916,1.546,1.755,rt,
beni,2026-08-29,1.631,1.415,1.911,1.529,1.741,rt,
beni,2026-08-30,1.614,1.391,1.91,1.512,1.728,rt,
beni,2026-08-31,1.57,1.336,1.875,1.469,1.686,rt,
beni,2026-09-01,1.505,1.294,1.775,1.413,1.608,rt,
beni,2026-09-02,1.444,1.244,1.684,1.36,1.536,rt,
beni,2026-09-03,1.389,1.193,1.616,1.306,1.476,rt,
beni,2026-09-04,1.343,1.162,1.552,1.266,1.425,rt,
beni,2026-09-05,1.298,1.125,1.502,1.224,1.383,rt,
beni,2026-09-06,1.257,1.088,1.469,1.181,1.341,rt,
beni,2026-09-07,1.231,1.056,1.455,1.153,1.317,rt,
beni,2026-09-08,1.187,1.024,1.394,1.112,1.265,rt,
beni,2026-09-09,1.142,0.99,1.335,1.07,1.218,rt,
beni,2026-09-10,1.102,0.946,1.287,1.032,1.176,rt,
beni,2026-09-11,1.069,0.925,1.238,1.006,1.142,rt,
beni,2026-09-12,1.037,0.897,1.202,0.978,1.105,rt,
beni,2026-09-13,1.008,0.863,1.177,0.945,1.074,rt,
beni,2026-09-14,1.011,0.853,1.195,0.943,1.084,rt,
beni,2026-09-15,1.016,0.861,1.201,0.952,1.092,rt,
beni,2026-09-16,1.022,0.86,1.206,0.955,1.101,rt,
beni,2026-09-17,1.025,0.855,1.217,0.955,1.109,rt,
beni,2026-09-18,1.03,0.853,1.226,0.954,1.117,rt,
beni,2026-09-19,1.038,0.843,1.244,0.952,1.128,rt,
beni,2026-09-20,1.037,0.825,1.27,0.945,1.139,rt,
beni,2026-09-21,1.041,0.81,1.309,0.941,1.159,rt,
beni,2026-09-22,1.067,0.816,1.352,0.958,1.194,rt,
beni,2026-09-23,1.088,0.82,1.4,0.971,1.226,rt,
beni,2026-09-24,1.11,0.822,1.451,0.989,1.259,rt,
beni,2026-09-25,1.129,0.819,1.491,0.991,1.286,rt,
beni,2026-09-26,1.147,0.811,1.547,0.997,1.316,rt,
beni,2026-09-27,1.162,0.802,1.596,0.997,1.347,rt,
beni,2026-09-28,1.147,0.762,1.609,0.97,1.334,rt,
beni,2026-09-29,1.136,0.752,1.623,0.959,1.329,rt,
beni,2026-09-30,1.122,0.736,1.648,0.951,1.323,rt,
beni,2026-10-01,1.117,0.723,1.675,0.939,1.314,rt,
beni,2026-10-02,1.12,0.722,1.678,0.928,1.327,rt,
beni,2026-10-03,1.123,0.689,1.722,0.922,1.34,rt,
beni,2026-10-04,1.131,0.658,1.796,0.9,1.361,rt,
beni,2026-10-05,1.11,0.62,1.818,0.866,1.366,rt,
beni,2026-10-06,1.095,0.632,1.744,0.868,1.348,rt,
biena,2026-08-18,1.583,1.41,1.809,1.508,1.667,rt,
biena,2026-08-19,1.598,1.412,1.834,1.518,1.688,rt,
biena,2026-08-20,1.609,1.416,1.857,1.525,1.705,rt,
biena,2026-08-21,1.595,1.415,1.827,1.519,1.681,rt,
biena,2026-08-22,1.58,1.407,1.799,1.503,1.659,rt,
biena,2026-08-23,1.563,1.392,1.786,1.486,1.644,rt,
biena,2026-08-24,1.527,1.355,1.756,1.452,1.615,rt,
biena,2026-08-25,1.491,1.318,1.718,1.413,1.576,rt,
biena,2026-08-26,1.454,1.279,1.682,1.376,1.541,rt,
biena,2026-08-27,1.417,1.237,1.656,1.34,1.506,rt,
biena,2026-08-28,1.374,1.21,1.579,1.306,1.455,rt,
biena,2026-08-29,1.332,1.175,1.512,1.268,1.405,rt,
biena,2026-08-30,1.29,1.133,1.464,1.23,1.36,rt,
biena,2026-08-31,1.23,1.075,1.395,1.166,1.292,rt,
biena,2026-09-01,1.178,1.028,1.334,1.114,1.239,rt,
biena,2026-09-02,1.131,0.983,1.285,1.071,1.19,rt,
biena,2026-09-03,1.084,0.94,1.237,1.026,1.146,rt,
biena,2026-09-04,1.051,0.917,1.182,0.996,1.105,rt,
biena,2026-09-05,1.017,0.892,1.141,0.966,1.07,rt,
biena,2026-09-06,0.987,0.862,1.108,0.938,1.037,rt,
biena,2026-09-07,0.968,0.84,1.094,0.916,1.018,rt,
biena,2026-09-08,0.959,0.833,1.085,0.907,1.008,rt,
biena,2026-09-09,0.951,0.824,1.084,0.9,1.002,rt,
biena,2026-09-10,0.942,0.812,1.082,0.889,0.994,rt,
biena,2026-09-11,0.94,0.819,1.071,0.89,0.99,rt,
biena,2026-09-12,0.939,0.823,1.064,0.889,0.987,rt,
biena,2026-09-13,0.936,0.815,1.071,0.886,0.987,rt,
biena,2026-09-14,0.967,0.832,1.12,0.911,1.022,rt,
biena,2026-09-15,0.999,0.857,1.157,0.939,1.058,rt,
biena,2026-09-16,1.029,0.884,1.204,0.967,1.095,rt,
biena,2026-09-17,1.061,0.903,1.251,0.995,1.135,rt,
biena,2026-09-18,1.094,0.928,1.289,1.024,1.166,rt,
biena,2026-09-19,1.125,0.952,1.337,1.053,1.203,rt,
biena,2026-09-20,1.158,0.969,1.385,1.074,1.24,rt,
biena,2026-09-21,1.192,0.987,1.45,1.105,1.289,rt,
biena,2026-09-22,1.223,0.999,1.501,1.131,1.332,rt,
biena,2026-09-23,1.251,1.012,1.556,1.15,1.372,rt,
biena,2026-09-24,1.28,1.022,1.62,1.169,1.416,rt,
biena,2026-09-25,1.3,1.025,1.669,1.186,1.442,rt,
biena,2026-09-26,1.324,1.019,1.73,1.196,1.476,rt,
biena,2026-09-27,1.345,1.022,1.775,1.207,1.509,rt,
biena,2026-09-28,1.331,0.996,1.786,1.184,1.501,rt,
biena,2026-09-29,1.317,0.962,1.782,1.167,1.493,rt,
biena,2026-09-30,1.303,0.937,1.784,1.152,1.484,rt,
biena,2026-10-01,1.294,0.915,1.795,1.137,1.475,rt,
biena,2026-10-02,1.292,0.898,1.825,1.126,1.481,rt,
biena,2026-10-03,1.299,0.885,1.862,1.11,1.505,rt,
biena,2026-10-04,1.294,0.852,1.918,1.083,1.518,rt,
biena,2026-10-05,1.273,0.81,1.921,1.04,1.51,rt,
biena,2026-10-06,1.243,0.798,1.82,1.034,1.453,rt,
butembo,2026-05-28,2.821,2.138,3.979,2.519,3.204,rt,
butembo,2026-05-29,2.691,2.053,3.749,2.419,3.04,rt,
butembo,2026-05-30,2.573,1.988,3.543,2.317,2.891,rt,
butembo,2026-05-31,2.463,1.912,3.384,2.229,2.765,rt,
butembo,2026-06-01,2.369,1.838,3.234,2.137,2.65,rt,
butembo,2026-06-02,2.279,1.782,3.056,2.055,2.546,rt,
butembo,2026-06-03,2.198,1.714,2.895,1.977,2.44,rt,
butembo,2026-06-04,2.12,1.656,2.778,1.897,2.349,rt,
butembo,2026-06-05,2.018,1.596,2.611,1.815,2.222,rt,
butembo,2026-06-06,1.919,1.527,2.461,1.736,2.112,rt,
butembo,2026-06-07,1.831,1.457,2.346,1.66,2.007,rt,
butembo,2026-06-08,1.756,1.392,2.245,1.592,1.928,rt,
butembo,2026-06-09,1.692,1.354,2.137,1.54,1.855,rt,
butembo,2026-06-10,1.633,1.314,2.041,1.492,1.788,rt,
butembo,2026-06-11,1.576,1.27,1.966,1.439,1.726,rt,
butembo,2026-06-12,1.52,1.246,1.893,1.401,1.663,rt,
butembo,2026-06-13,1.472,1.216,1.826,1.362,1.606,rt,
butembo,2026-06-14,1.428,1.172,1.757,1.316,1.553,rt,
butembo,2026-06-15,1.402,1.141,1.72,1.289,1.523,rt,
butembo,2026-06-16,1.379,1.129,1.684,1.269,1.498,rt,
butembo,2026-06-17,1.36,1.112,1.659,1.248,1.474,rt,
butembo,2026-06-18,1.339,1.092,1.635,1.223,1.453,rt,
butembo,2026-06-19,1.321,1.094,1.602,1.217,1.425,rt,
butembo,2026-06-20,1.303,1.081,1.58,1.206,1.406,rt,
butembo,2026-06-21,1.288,1.061,1.56,1.194,1.39,rt,
butembo,2026-06-22,1.291,1.055,1.57,1.197,1.398,rt,
butembo,2026-06-23,1.296,1.065,1.572,1.203,1.398,rt,
butembo,2026-06-24,1.303,1.078,1.57,1.209,1.403,rt,
butembo,2026-06-25,1.308,1.087,1.569,1.214,1.408,rt,
butembo,2026-06-26,1.309,1.106,1.555,1.226,1.404,rt,
butembo,2026-06-27,1.312,1.114,1.553,1.233,1.405,rt,
butembo,2026-06-28,1.314,1.113,1.555,1.236,1.408,rt,
butembo,2026-06-29,1.304,1.107,1.546,1.221,1.397,rt,
butembo,2026-06-30,1.294,1.103,1.53,1.215,1.383,rt,
butembo,2026-07-01,1.284,1.095,1.512,1.206,1.37,rt,
butembo,2026-07-02,1.274,1.081,1.499,1.195,1.361,rt,
butembo,2026-07-03,1.273,1.093,1.486,1.193,1.354,rt,
butembo,2026-07-04,1.269,1.093,1.477,1.193,1.35,rt,
butembo,2026-07-05,1.265,1.083,1.472,1.19,1.346,rt,
butembo,2026-07-06,1.269,1.079,1.485,1.19,1.354,rt,
butembo,2026-07-07,1.269,1.08,1.479,1.192,1.351,rt,
butembo,2026-07-08,1.268,1.084,1.471,1.191,1.349,rt,
butembo,2026-07-09,1.267,1.079,1.47,1.188,1.351,rt,
butembo,2026-07-10,1.261,1.084,1.448,1.185,1.338,rt,
butembo,2026-07-11,1.252,1.079,1.433,1.18,1.329,rt,
butembo,2026-07-12,1.244,1.073,1.434,1.17,1.322,rt,
butembo,2026-07-13,1.233,1.053,1.431,1.154,1.313,rt,
butembo,2026-07-14,1.222,1.052,1.417,1.148,1.301,rt,
butembo,2026-07-15,1.211,1.044,1.402,1.141,1.288,rt,
butembo,2026-07-16,1.2,1.037,1.397,1.13,1.281,rt,
butembo,2026-07-17,1.193,1.039,1.374,1.124,1.265,rt,
butembo,2026-07-18,1.184,1.033,1.36,1.119,1.256,rt,
butembo,2026-07-19,1.175,1.019,1.353,1.108,1.249,rt,
butembo,2026-07-20,1.166,1.0,1.354,1.093,1.243,rt,
butembo,2026-07-21,1.161,0.999,1.344,1.092,1.236,rt,
butembo,2026-07-22,1.158,0.996,1.34,1.09,1.231,rt,
butembo,2026-07-23,1.154,0.993,1.338,1.086,1.228,rt,
butembo,2026-07-24,1.151,0.998,1.327,1.087,1.221,rt,
butembo,2026-07-25,1.147,0.995,1.321,1.084,1.218,rt,
butembo,2026-07-26,1.143,0.991,1.321,1.08,1.216,rt,
butembo,2026-07-27,1.15,0.991,1.345,1.084,1.229,rt,
butembo,2026-07-28,1.161,1.001,1.354,1.095,1.237,rt,
butembo,2026-07-29,1.172,1.013,1.368,1.105,1.249,rt,
butembo,2026-07-30,1.182,1.012,1.382,1.117,1.261,rt,
butembo,2026-07-31,1.192,1.03,1.382,1.127,1.263,rt,
butembo,2026-08-01,1.201,1.038,1.387,1.135,1.273,rt,
butembo,2026-08-02,1.21,1.037,1.397,1.142,1.286,rt,
butembo,2026-08-03,1.215,1.036,1.417,1.143,1.297,rt,
butembo,2026-08-04,1.219,1.039,1.416,1.15,1.296,rt,
butembo,2026-08-05,1.224,1.047,1.425,1.153,1.297,rt,
butembo,2026-08-06,1.227,1.043,1.43,1.153,1.301,rt,
butembo,2026-08-07,1.232,1.068,1.431,1.169,1.305,rt,
butembo,2026-08-08,1.242,1.085,1.431,1.177,1.311,rt,
butembo,2026-08-09,1.247,1.091,1.45,1.184,1.322,rt,
butembo,2026-08-10,1.246,1.085,1.456,1.178,1.324,rt,
butembo,2026-08-11,1.237,1.081,1.437,1.176,1.312,rt,
butembo,2026-08-12,1.228,1.074,1.427,1.169,1.303,rt,
butembo,2026-08-13,1.221,1.062,1.418,1.155,1.295,rt,
butembo,2026-08-14,1.218,1.065,1.404,1.155,1.288,rt,
butembo,2026-08-15,1.211,1.063,1.398,1.147,1.283,rt,
butembo,2026-08-16,1.204,1.048,1.387,1.136,1.282,rt,
butembo,2026-08-17,1.202,1.032,1.4,1.131,1.292,rt,
butembo,2026-08-18,1.198,1.034,1.389,1.128,1.281,rt,
butembo,2026-08-19,1.195,1.024,1.389,1.123,1.268,rt,
butembo,2026-08-20,1.185,1.012,1.384,1.113,1.259,rt,
butembo,2026-08-21,1.155,0.992,1.341,1.088,1.223,rt,
butembo,2026-08-22,1.126,0.964,1.311,1.06,1.196,rt,
butembo,2026-08-23,1.097,0.932,1.289,1.026,1.169,rt,
butembo,2026-08-24,1.057,0.881,1.253,0.982,1.135,rt,
butembo,2026-08-25,1.021,0.849,1.206,0.951,1.093,rt,
butembo,2026-08-26,0.985,0.825,1.164,0.919,1.054,rt,
butembo,2026-08-27,0.951,0.796,1.131,0.884,1.022,rt,
butembo,2026-08-28,0.911,0.768,1.08,0.85,0.978,rt,
butembo,2026-08-29,0.874,0.729,1.04,0.814,0.939,rt,
butembo,2026-08-30,0.839,0.689,1.005,0.777,0.903,rt,
butembo,2026-08-31,0.791,0.632,0.955,0.728,0.856,rt,
butembo,2026-09-01,0.763,0.615,0.916,0.702,0.823,rt,
butembo,2026-09-02,0.737,0.597,0.886,0.679,0.794,rt,
butembo,2026-09-03,0.713,0.575,0.862,0.657,0.768,rt,
butembo,2026-09-04,0.694,0.559,0.841,0.641,0.747,rt,
butembo,2026-09-05,0.679,0.544,0.823,0.624,0.732,rt,
butembo,2026-09-06,0.662,0.523,0.812,0.606,0.718,rt,
butembo,2026-09-07,0.652,0.503,0.817,0.593,0.716,rt,
butembo,2026-09-08,0.66,0.516,0.814,0.605,0.722,rt,
butembo,2026-09-09,0.669,0.527,0.82,0.613,0.728,rt,
butembo,2026-09-10,0.678,0.533,0.827,0.619,0.737,rt,
butembo,2026-09-11,0.69,0.546,0.843,0.632,0.749,rt,
butembo,2026-09-12,0.705,0.558,0.862,0.645,0.765,rt,
butembo,2026-09-13,0.717,0.567,0.883,0.653,0.781,rt,
butembo,2026-09-14,0.755,0.593,0.948,0.683,0.829,rt,
butembo,2026-09-15,0.793,0.63,0.991,0.719,0.873,rt,
butembo,2026-09-16,0.831,0.661,1.043,0.756,0.917,rt,
butembo,2026-09-17,0.87,0.682,1.093,0.789,0.959,rt,
butembo,2026-09-18,0.911,0.715,1.154,0.826,1.008,rt,
butembo,2026-09-19,0.953,0.739,1.227,0.862,1.062,rt,
butembo,2026-09-20,0.996,0.758,1.304,0.897,1.117,rt,
butembo,2026-09-21,1.045,0.771,1.405,0.934,1.183,rt,
butembo,2026-09-22,1.08,0.793,1.453,0.96,1.219,rt,
butembo,2026-09-23,1.111,0.808,1.509,0.989,1.259,rt,
butembo,2026-09-24,1.149,0.82,1.577,1.013,1.301,rt,
butembo,2026-09-25,1.174,0.829,1.616,1.024,1.338,rt,
butembo,2026-09-26,1.201,0.83,1.664,1.036,1.375,rt,
butembo,2026-09-27,1.227,0.822,1.75,1.05,1.418,rt,
butembo,2026-09-28,1.215,0.791,1.775,1.034,1.414,rt,
butembo,2026-09-29,1.201,0.783,1.766,1.026,1.402,rt,
butembo,2026-09-30,1.197,0.765,1.763,1.015,1.396,rt,
butembo,2026-10-01,1.188,0.751,1.761,1.005,1.39,rt,
butembo,2026-10-02,1.188,0.744,1.764,0.994,1.396,rt,
butembo,2026-10-03,1.186,0.727,1.829,0.983,1.423,rt,
butembo,2026-10-04,1.181,0.7,1.9,0.968,1.442,rt,
butembo,2026-10-05,1.16,0.665,1.944,0.934,1.438,rt,
butembo,2026-10-06,1.141,0.665,1.891,0.91,1.406,rt,
kalunguta,2026-07-23,1.486,1.182,1.881,1.365,1.626,rt,
kalunguta,2026-07-24,1.481,1.191,1.858,1.365,1.619,rt,
kalunguta,2026-07-25,1.477,1.186,1.854,1.363,1.615,rt,
kalunguta,2026-07-26,1.476,1.171,1.86,1.351,1.61,rt,
kalunguta,2026-07-27,1.484,1.167,1.894,1.357,1.625,rt,
kalunguta,2026-07-28,1.494,1.183,1.881,1.37,1.632,rt,
kalunguta,2026-07-29,1.501,1.196,1.878,1.383,1.642,rt,
kalunguta,2026-07-30,1.511,1.214,1.896,1.391,1.652,rt,
kalunguta,2026-07-31,1.521,1.234,1.906,1.397,1.661,rt,
kalunguta,2026-08-01,1.527,1.239,1.914,1.401,1.666,rt,
kalunguta,2026-08-02,1.536,1.231,1.952,1.404,1.682,rt,
kalunguta,2026-08-03,1.543,1.217,1.976,1.4,1.692,rt,
kalunguta,2026-08-04,1.551,1.24,1.964,1.415,1.697,rt,
kalunguta,2026-08-05,1.56,1.255,1.968,1.431,1.709,rt,
kalunguta,2026-08-06,1.569,1.261,1.967,1.438,1.718,rt,
kalunguta,2026-08-07,1.587,1.289,1.967,1.456,1.729,rt,
kalunguta,2026-08-08,1.606,1.304,2.004,1.468,1.74,rt,
kalunguta,2026-08-09,1.623,1.306,2.041,1.484,1.765,rt,
kalunguta,2026-08-10,1.627,1.285,2.053,1.48,1.775,rt,
kalunguta,2026-08-11,1.64,1.317,2.044,1.503,1.779,rt,
kalunguta,2026-08-12,1.649,1.334,2.044,1.514,1.789,rt,
kalunguta,2026-08-13,1.661,1.348,2.068,1.527,1.806,rt,
kalunguta,2026-08-14,1.677,1.373,2.069,1.552,1.82,rt,
kalunguta,2026-08-15,1.696,1.387,2.096,1.564,1.841,rt,
kalunguta,2026-08-16,1.718,1.388,2.136,1.572,1.858,rt,
kalunguta,2026-08-17,1.742,1.395,2.188,1.584,1.898,rt,
kalunguta,2026-08-18,1.769,1.444,2.209,1.617,1.923,rt,
kalunguta,2026-08-19,1.792,1.473,2.227,1.643,1.954,rt,
kalunguta,2026-08-20,1.816,1.501,2.251,1.666,1.984,rt,
kalunguta,2026-08-21,1.805,1.499,2.249,1.667,1.971,rt,
kalunguta,2026-08-22,1.796,1.493,2.246,1.665,1.968,rt,
kalunguta,2026-08-23,1.791,1.475,2.252,1.654,1.956,rt,
kalunguta,2026-08-24,1.761,1.435,2.247,1.614,1.933,rt,
kalunguta,2026-08-25,1.731,1.417,2.183,1.589,1.884,rt,
kalunguta,2026-08-26,1.704,1.396,2.135,1.563,1.843,rt,
kalunguta,2026-08-27,1.669,1.359,2.083,1.535,1.814,rt,
kalunguta,2026-08-28,1.625,1.323,2.014,1.498,1.761,rt,
kalunguta,2026-08-29,1.581,1.294,1.958,1.459,1.717,rt,
kalunguta,2026-08-30,1.535,1.249,1.921,1.417,1.678,rt,
kalunguta,2026-08-31,1.471,1.179,1.86,1.35,1.615,rt,
kalunguta,2026-09-01,1.404,1.137,1.763,1.29,1.539,rt,
kalunguta,2026-09-02,1.342,1.099,1.67,1.234,1.462,rt,
kalunguta,2026-09-03,1.286,1.05,1.588,1.183,1.403,rt,
kalunguta,2026-09-04,1.238,1.017,1.524,1.143,1.351,rt,
kalunguta,2026-09-05,1.198,0.978,1.48,1.101,1.308,rt,
kalunguta,2026-09-06,1.16,0.939,1.438,1.063,1.265,rt,
kalunguta,2026-09-07,1.133,0.898,1.419,1.033,1.24,rt,
kalunguta,2026-09-08,1.116,0.892,1.383,1.024,1.218,rt,
kalunguta,2026-09-09,1.099,0.88,1.352,1.004,1.194,rt,
kalunguta,2026-09-10,1.08,0.867,1.333,0.986,1.179,rt,
kalunguta,2026-09-11,1.07,0.858,1.31,0.976,1.163,rt,
kalunguta,2026-09-12,1.065,0.846,1.296,0.968,1.153,rt,
kalunguta,2026-09-13,1.052,0.828,1.292,0.954,1.147,rt,
kalunguta,2026-09-14,1.073,0.832,1.353,0.97,1.181,rt,
kalunguta,2026-09-15,1.104,0.864,1.387,1.002,1.214,rt,
kalunguta,2026-09-16,1.131,0.885,1.43,1.026,1.247,rt,
kalunguta,2026-09-17,1.157,0.902,1.473,1.048,1.279,rt,
kalunguta,2026-09-18,1.187,0.917,1.508,1.075,1.307,rt,
kalunguta,2026-09-19,1.213,0.931,1.555,1.093,1.349,rt,
kalunguta,2026-09-20,1.236,0.94,1.611,1.106,1.388,rt,
kalunguta,2026-09-21,1.268,0.953,1.7,1.12,1.436,rt,
kalunguta,2026-09-22,1.304,0.964,1.743,1.145,1.467,rt,
kalunguta,2026-09-23,1.332,0.98,1.793,1.163,1.504,rt,
kalunguta,2026-09-24,1.358,0.992,1.851,1.184,1.541,rt,
kalunguta,2026-09-25,1.371,0.995,1.892,1.199,1.572,rt,
kalunguta,2026-09-26,1.389,0.999,1.948,1.209,1.601,rt,
kalunguta,2026-09-27,1.402,0.991,1.991,1.216,1.634,rt,
kalunguta,2026-09-28,1.377,0.942,1.989,1.19,1.617,rt,
kalunguta,2026-09-29,1.359,0.92,1.974,1.172,1.609,rt,
kalunguta,2026-09-30,1.346,0.906,1.958,1.152,1.604,rt,
kalunguta,2026-10-01,1.335,0.884,1.955,1.138,1.599,rt,
kalunguta,2026-10-02,1.34,0.867,1.967,1.129,1.609,rt,
kalunguta,2026-10-03,1.339,0.837,2.002,1.112,1.616,rt,
kalunguta,2026-10-04,1.331,0.795,2.081,1.084,1.633,rt,
kalunguta,2026-10-05,1.312,0.76,2.101,1.046,1.633,rt,
kalunguta,2026-10-06,1.267,0.726,2.002,1.019,1.568,rt,
katwa,2026-05-24,3.234,2.488,4.575,2.891,3.7,rt,
katwa,2026-05-25,3.13,2.402,4.382,2.787,3.572,rt,
katwa,2026-05-26,3.04,2.329,4.208,2.706,3.445,rt,
katwa,2026-05-27,2.941,2.26,4.071,2.627,3.334,rt,
katwa,2026-05-28,2.842,2.193,3.934,2.553,3.234,rt,
katwa,2026-05-29,2.731,2.14,3.689,2.458,3.071,rt,
katwa,2026-05-30,2.623,2.084,3.519,2.372,2.933,rt,
katwa,2026-05-31,2.524,2.012,3.37,2.283,2.815,rt,
katwa,2026-06-01,2.436,1.929,3.237,2.203,2.701,rt,
katwa,2026-06-02,2.361,1.879,3.081,2.135,2.613,rt,
katwa,2026-06-03,2.288,1.819,2.956,2.069,2.527,rt,
katwa,2026-06-04,2.219,1.762,2.868,2.008,2.45,rt,
katwa,2026-06-05,2.127,1.717,2.71,1.937,2.333,rt,
katwa,2026-06-06,2.039,1.651,2.568,1.865,2.236,rt,
katwa,2026-06-07,1.965,1.596,2.46,1.795,2.137,rt,
katwa,2026-06-08,1.899,1.538,2.366,1.732,2.066,rt,
katwa,2026-06-09,1.836,1.487,2.262,1.683,1.992,rt,
katwa,2026-06-10,1.778,1.439,2.189,1.631,1.928,rt,
katwa,2026-06-11,1.721,1.403,2.106,1.582,1.87,rt,
katwa,2026-06-12,1.67,1.373,2.021,1.542,1.806,rt,
katwa,2026-06-13,1.624,1.343,1.947,1.503,1.75,rt,
katwa,2026-06-14,1.576,1.314,1.891,1.462,1.7,rt,
katwa,2026-06-15,1.549,1.291,1.859,1.438,1.674,rt,
katwa,2026-06-16,1.522,1.27,1.817,1.418,1.641,rt,
katwa,2026-06-17,1.498,1.256,1.786,1.393,1.616,rt,
katwa,2026-06-18,1.476,1.229,1.757,1.368,1.591,rt,
katwa,2026-06-19,1.458,1.233,1.717,1.357,1.564,rt,
katwa,2026-06-20,1.442,1.226,1.684,1.342,1.54,rt,
katwa,2026-06-21,1.423,1.215,1.658,1.327,1.516,rt,
katwa,2026-06-22,1.426,1.213,1.658,1.329,1.519,rt,
katwa,2026-06-23,1.424,1.216,1.662,1.335,1.517,rt,
katwa,2026-06-24,1.424,1.224,1.669,1.339,1.519,rt,
katwa,2026-06-25,1.424,1.222,1.677,1.336,1.518,rt,
katwa,2026-06-26,1.422,1.231,1.663,1.342,1.512,rt,
katwa,2026-06-27,1.419,1.232,1.656,1.344,1.509,rt,
katwa,2026-06-28,1.418,1.227,1.65,1.345,1.509,rt,
katwa,2026-06-29,1.403,1.213,1.633,1.326,1.492,rt,
katwa,2026-06-30,1.388,1.204,1.605,1.313,1.476,rt,
katwa,2026-07-01,1.373,1.194,1.591,1.297,1.461,rt,
katwa,2026-07-02,1.36,1.183,1.575,1.286,1.445,rt,
katwa,2026-07-03,1.353,1.189,1.556,1.283,1.432,rt,
katwa,2026-07-04,1.349,1.188,1.538,1.277,1.423,rt,
katwa,2026-07-05,1.342,1.181,1.525,1.269,1.415,rt,
katwa,2026-07-06,1.34,1.175,1.527,1.268,1.416,rt,
katwa,2026-07-07,1.342,1.175,1.531,1.272,1.417,rt,
katwa,2026-07-08,1.342,1.178,1.531,1.274,1.417,rt,
katwa,2026-07-09,1.343,1.168,1.535,1.273,1.418,rt,
katwa,2026-07-10,1.336,1.176,1.516,1.274,1.404,rt,
katwa,2026-07-11,1.331,1.177,1.497,1.266,1.391,rt,
katwa,2026-07-12,1.322,1.178,1.49,1.26,1.386,rt,
katwa,2026-07-13,1.307,1.161,1.482,1.243,1.378,rt,
katwa,2026-07-14,1.299,1.156,1.465,1.235,1.369,rt,
katwa,2026-07-15,1.289,1.143,1.461,1.226,1.358,rt,
katwa,2026-07-16,1.28,1.131,1.459,1.217,1.353,rt,
katwa,2026-07-17,1.272,1.134,1.439,1.211,1.338,rt,
katwa,2026-07-18,1.264,1.132,1.421,1.203,1.329,rt,
katwa,2026-07-19,1.254,1.121,1.411,1.192,1.321,rt,
katwa,2026-07-20,1.243,1.109,1.405,1.179,1.313,rt,
katwa,2026-07-21,1.231,1.099,1.392,1.171,1.301,rt,
katwa,2026-07-22,1.221,1.089,1.386,1.163,1.29,rt,
katwa,2026-07-23,1.212,1.076,1.38,1.153,1.28,rt,
katwa,2026-07-24,1.202,1.074,1.363,1.149,1.266,rt,
katwa,2026-07-25,1.192,1.069,1.344,1.142,1.252,rt,
katwa,2026-07-26,1.183,1.059,1.341,1.131,1.244,rt,
katwa,2026-07-27,1.186,1.056,1.351,1.129,1.249,rt,
katwa,2026-07-28,1.185,1.059,1.352,1.131,1.247,rt,
katwa,2026-07-29,1.184,1.055,1.344,1.128,1.249,rt,
katwa,2026-07-30,1.183,1.049,1.343,1.127,1.248,rt,
katwa,2026-07-31,1.181,1.055,1.329,1.128,1.242,rt,
katwa,2026-08-01,1.177,1.056,1.322,1.126,1.238,rt,
katwa,2026-08-02,1.176,1.046,1.32,1.123,1.233,rt,
katwa,2026-08-03,1.17,1.035,1.319,1.112,1.229,rt,
katwa,2026-08-04,1.165,1.03,1.313,1.105,1.223,rt,
katwa,2026-08-05,1.158,1.022,1.311,1.1,1.216,rt,
katwa,2026-08-06,1.152,1.009,1.31,1.088,1.211,rt,
katwa,2026-08-07,1.15,1.014,1.292,1.093,1.205,rt,
katwa,2026-08-08,1.148,1.014,1.282,1.094,1.202,rt,
katwa,2026-08-09,1.145,1.008,1.283,1.091,1.198,rt,
katwa,2026-08-10,1.134,0.994,1.281,1.077,1.19,rt,
katwa,2026-08-11,1.124,0.989,1.269,1.067,1.181,rt,
katwa,2026-08-12,1.113,0.981,1.26,1.056,1.169,rt,
katwa,2026-08-13,1.103,0.974,1.25,1.043,1.16,rt,
katwa,2026-08-14,1.094,0.969,1.237,1.044,1.148,rt,
katwa,2026-08-15,1.085,0.964,1.23,1.039,1.143,rt,
katwa,2026-08-16,1.078,0.955,1.225,1.028,1.134,rt,
katwa,2026-08-17,1.081,0.948,1.236,1.02,1.139,rt,
katwa,2026-08-18,1.078,0.943,1.228,1.016,1.134,rt,
katwa,2026-08-19,1.073,0.929,1.221,1.013,1.13,rt,
katwa,2026-08-20,1.065,0.919,1.217,1.003,1.126,rt,
katwa,2026-08-21,1.038,0.896,1.177,0.979,1.098,rt,
katwa,2026-08-22,1.013,0.875,1.149,0.955,1.072,rt,
katwa,2026-08-23,0.989,0.843,1.128,0.925,1.05,rt,
katwa,2026-08-24,0.954,0.802,1.105,0.888,1.018,rt,
katwa,2026-08-25,0.919,0.775,1.064,0.859,0.983,rt,
katwa,2026-08-26,0.888,0.751,1.033,0.828,0.952,rt,
katwa,2026-08-27,0.856,0.721,1.004,0.796,0.92,rt,
katwa,2026-08-28,0.824,0.696,0.957,0.766,0.882,rt,
katwa,2026-08-29,0.789,0.662,0.92,0.734,0.847,rt,
katwa,2026-08-30,0.757,0.623,0.895,0.701,0.815,rt,
katwa,2026-08-31,0.714,0.578,0.855,0.654,0.773,rt,
katwa,2026-09-01,0.689,0.559,0.82,0.633,0.743,rt,
katwa,2026-09-02,0.663,0.538,0.79,0.611,0.718,rt,
katwa,2026-09-03,0.642,0.517,0.768,0.591,0.694,rt,
katwa,2026-09-04,0.625,0.507,0.746,0.577,0.675,rt,
katwa,2026-09-05,0.611,0.494,0.729,0.564,0.659,rt,
katwa,2026-09-06,0.597,0.48,0.72,0.548,0.646,rt,
katwa,2026-09-07,0.59,0.462,0.721,0.536,0.643,rt,
katwa,2026-09-08,0.597,0.472,0.722,0.543,0.649,rt,
katwa,2026-09-09,0.603,0.477,0.727,0.552,0.655,rt,
katwa,2026-09-10,0.611,0.488,0.736,0.56,0.666,rt,
katwa,2026-09-11,0.623,0.501,0.752,0.572,0.676,rt,
katwa,2026-09-12,0.637,0.51,0.774,0.584,0.69,rt,
katwa,2026-09-13,0.648,0.511,0.801,0.593,0.704,rt,
katwa,2026-09-14,0.684,0.533,0.86,0.621,0.749,rt,
katwa,2026-09-15,0.718,0.565,0.903,0.657,0.786,rt,
katwa,2026-09-16,0.755,0.593,0.95,0.69,0.828,rt,
katwa,2026-09-17,0.796,0.616,1.004,0.723,0.874,rt,
katwa,2026-09-18,0.838,0.651,1.055,0.755,0.919,rt,
katwa,2026-09-19,0.878,0.673,1.116,0.789,0.971,rt,
katwa,2026-09-20,0.918,0.695,1.191,0.821,1.024,rt,
katwa,2026-09-21,0.963,0.716,1.285,0.857,1.088,rt,
katwa,2026-09-22,0.998,0.733,1.332,0.886,1.122,rt,
katwa,2026-09-23,1.03,0.75,1.397,0.91,1.164,rt,
katwa,2026-09-24,1.063,0.761,1.458,0.934,1.2,rt,
katwa,2026-09-25,1.089,0.761,1.506,0.949,1.238,rt,
katwa,2026-09-26,1.118,0.766,1.572,0.967,1.278,rt,
katwa,2026-09-27,1.143,0.759,1.631,0.979,1.325,rt,
katwa,2026-09-28,1.137,0.734,1.648,0.958,1.334,rt,
katwa,2026-09-29,1.129,0.728,1.646,0.951,1.329,rt,
katwa,2026-09-30,1.12,0.715,1.656,0.942,1.323,rt,
katwa,2026-10-01,1.112,0.705,1.661,0.932,1.32,rt,
katwa,2026-10-02,1.115,0.695,1.685,0.933,1.319,rt,
katwa,2026-10-03,1.12,0.685,1.721,0.924,1.329,rt,
katwa,2026-10-04,1.121,0.665,1.8,0.907,1.351,rt,
katwa,2026-10-05,1.098,0.629,1.835,0.875,1.349,rt,
katwa,2026-10-06,1.088,0.626,1.79,0.881,1.349,rt,
kayna,2026-09-24,1.319,1.054,1.666,1.207,1.452,rt,
kayna,2026-09-25,1.34,1.054,1.718,1.222,1.486,rt,
kayna,2026-09-26,1.363,1.054,1.78,1.235,1.518,rt,
kayna,2026-09-27,1.385,1.059,1.832,1.248,1.553,rt,
kayna,2026-09-28,1.369,1.027,1.841,1.221,1.544,rt,
kayna,2026-09-29,1.356,0.997,1.844,1.206,1.54,rt,
kayna,2026-09-30,1.342,0.972,1.848,1.191,1.53,rt,
kayna,2026-10-01,1.333,0.945,1.854,1.174,1.523,rt,
kayna,2026-10-02,1.334,0.931,1.889,1.161,1.525,rt,
kayna,2026-10-03,1.334,0.915,1.929,1.147,1.541,rt,
kayna,2026-10-04,1.332,0.884,1.978,1.119,1.562,rt,
kayna,2026-10-05,1.309,0.836,1.989,1.078,1.558,rt,
kayna,2026-10-06,1.286,0.833,1.882,1.075,1.505,rt,
kyondo,2026-06-30,1.29,0.988,1.723,1.149,1.449,rt,
kyondo,2026-07-01,1.268,0.978,1.682,1.138,1.42,rt,
kyondo,2026-07-02,1.255,0.965,1.642,1.119,1.391,rt,
kyondo,2026-07-03,1.242,0.962,1.605,1.113,1.377,rt,
kyondo,2026-07-04,1.229,0.948,1.594,1.105,1.368,rt,
kyondo,2026-07-05,1.215,0.931,1.596,1.09,1.353,rt,
kyondo,2026-07-06,1.208,0.91,1.605,1.077,1.354,rt,
kyondo,2026-07-07,1.203,0.917,1.572,1.079,1.341,rt,
kyondo,2026-07-08,1.2,0.921,1.549,1.082,1.331,rt,
kyondo,2026-07-09,1.193,0.914,1.538,1.073,1.325,rt,
kyondo,2026-07-10,1.18,0.903,1.511,1.064,1.312,rt,
kyondo,2026-07-11,1.17,0.89,1.499,1.054,1.299,rt,
kyondo,2026-07-12,1.157,0.873,1.496,1.039,1.286,rt,
kyondo,2026-07-13,1.144,0.85,1.489,1.018,1.276,rt,
kyondo,2026-07-14,1.133,0.846,1.448,1.011,1.256,rt,
kyondo,2026-07-15,1.124,0.847,1.419,1.003,1.239,rt,
kyondo,2026-07-16,1.108,0.846,1.411,0.995,1.223,rt,
kyondo,2026-07-17,1.096,0.845,1.387,0.985,1.21,rt,
kyondo,2026-07-18,1.084,0.838,1.379,0.972,1.201,rt,
kyondo,2026-07-19,1.071,0.817,1.392,0.959,1.194,rt,
kyondo,2026-07-20,1.055,0.792,1.388,0.944,1.184,rt,
kyondo,2026-07-21,1.05,0.796,1.362,0.944,1.17,rt,
kyondo,2026-07-22,1.047,0.799,1.343,0.945,1.161,rt,
kyondo,2026-07-23,1.04,0.795,1.328,0.94,1.152,rt,
kyondo,2026-07-24,1.033,0.788,1.318,0.935,1.141,rt,
kyondo,2026-07-25,1.028,0.789,1.315,0.935,1.136,rt,
kyondo,2026-07-26,1.023,0.779,1.312,0.927,1.133,rt,
kyondo,2026-07-27,1.033,0.779,1.33,0.926,1.143,rt,
kyondo,2026-07-28,1.043,0.801,1.325,0.938,1.15,rt,
kyondo,2026-07-29,1.053,0.821,1.329,0.953,1.156,rt,
kyondo,2026-07-30,1.064,0.833,1.337,0.965,1.169,rt,
kyondo,2026-07-31,1.073,0.839,1.347,0.977,1.182,rt,
kyondo,2026-08-01,1.086,0.839,1.368,0.981,1.193,rt,
kyondo,2026-08-02,1.098,0.834,1.395,0.987,1.208,rt,
kyondo,2026-08-03,1.107,0.825,1.421,0.984,1.227,rt,
kyondo,2026-08-04,1.126,0.852,1.434,1.008,1.237,rt,
kyondo,2026-08-05,1.144,0.874,1.446,1.027,1.253,rt,
kyondo,2026-08-06,1.161,0.896,1.46,1.044,1.266,rt,
kyondo,2026-08-07,1.184,0.919,1.479,1.072,1.289,rt,
kyondo,2026-08-08,1.205,0.933,1.504,1.091,1.312,rt,
kyondo,2026-08-09,1.229,0.947,1.55,1.109,1.344,rt,
kyondo,2026-08-10,1.243,0.947,1.589,1.117,1.367,rt,
kyondo,2026-08-11,1.267,0.98,1.594,1.145,1.391,rt,
kyondo,2026-08-12,1.29,1.016,1.624,1.17,1.416,rt,
kyondo,2026-08-13,1.309,1.047,1.648,1.19,1.439,rt,
kyondo,2026-08-14,1.34,1.066,1.679,1.22,1.465,rt,
kyondo,2026-08-15,1.367,1.084,1.724,1.247,1.499,rt,
kyondo,2026-08-16,1.391,1.091,1.786,1.27,1.533,rt,
kyondo,2026-08-17,1.427,1.098,1.869,1.297,1.579,rt,
kyondo,2026-08-18,1.449,1.133,1.881,1.322,1.6,rt,
kyondo,2026-08-19,1.467,1.158,1.901,1.34,1.612,rt,
kyondo,2026-08-20,1.488,1.178,1.904,1.353,1.638,rt,
kyondo,2026-08-21,1.48,1.168,1.895,1.344,1.627,rt,
kyondo,2026-08-22,1.471,1.151,1.896,1.338,1.624,rt,
kyondo,2026-08-23,1.456,1.128,1.921,1.324,1.618,rt,
kyondo,2026-08-24,1.434,1.09,1.946,1.287,1.604,rt,
kyondo,2026-08-25,1.384,1.067,1.847,1.252,1.546,rt,
kyondo,2026-08-26,1.338,1.041,1.772,1.212,1.49,rt,
kyondo,2026-08-27,1.296,1.0,1.71,1.172,1.439,rt,
kyondo,2026-08-28,1.25,0.965,1.622,1.128,1.379,rt,
kyondo,2026-08-29,1.198,0.928,1.557,1.083,1.327,rt,
kyondo,2026-08-30,1.147,0.875,1.512,1.04,1.28,rt,
kyondo,2026-08-31,1.083,0.812,1.44,0.977,1.215,rt,
kyondo,2026-09-01,1.031,0.779,1.343,0.932,1.153,rt,
kyondo,2026-09-02,0.985,0.741,1.257,0.888,1.095,rt,
kyondo,2026-09-03,0.942,0.707,1.195,0.846,1.046,rt,
kyondo,2026-09-04,0.907,0.684,1.146,0.813,1.005,rt,
kyondo,2026-09-05,0.873,0.655,1.101,0.78,0.966,rt,
kyondo,2026-09-06,0.84,0.616,1.073,0.745,0.937,rt,
kyondo,2026-09-07,0.816,0.586,1.071,0.721,0.921,rt,
kyondo,2026-09-08,0.809,0.594,1.046,0.721,0.909,rt,
kyondo,2026-09-09,0.804,0.597,1.04,0.722,0.899,rt,
kyondo,2026-09-10,0.799,0.593,1.042,0.719,0.896,rt,
kyondo,2026-09-11,0.8,0.593,1.046,0.716,0.897,rt,
kyondo,2026-09-12,0.802,0.59,1.049,0.713,0.898,rt,
kyondo,2026-09-13,0.804,0.578,1.065,0.708,0.904,rt,
kyondo,2026-09-14,0.834,0.586,1.135,0.725,0.942,rt,
kyondo,2026-09-15,0.866,0.616,1.168,0.757,0.976,rt,
kyondo,2026-09-16,0.896,0.648,1.212,0.789,1.017,rt,
kyondo,2026-09-17,0.931,0.671,1.263,0.818,1.056,rt,
kyondo,2026-09-18,0.965,0.699,1.314,0.851,1.098,rt,
kyondo,2026-09-19,1.001,0.717,1.381,0.876,1.142,rt,
kyondo,2026-09-20,1.041,0.726,1.454,0.903,1.196,rt,
kyondo,2026-09-21,1.076,0.744,1.545,0.927,1.254,rt,
kyondo,2026-09-22,1.111,0.761,1.602,0.953,1.289,rt,
kyondo,2026-09-23,1.146,0.772,1.674,0.983,1.332,rt,
kyondo,2026-09-24,1.177,0.783,1.76,1.01,1.379,rt,
kyondo,2026-09-25,1.203,0.797,1.82,1.025,1.42,rt,
kyondo,2026-09-26,1.227,0.796,1.866,1.033,1.464,rt,
kyondo,2026-09-27,1.257,0.791,1.947,1.044,1.498,rt,
kyondo,2026-09-28,1.248,0.766,1.968,1.026,1.493,rt,
kyondo,2026-09-29,1.235,0.764,1.955,1.015,1.493,rt,
kyondo,2026-09-30,1.224,0.757,1.978,1.009,1.491,rt,
kyondo,2026-10-01,1.216,0.748,1.978,0.996,1.478,rt,
kyondo,2026-10-02,1.217,0.734,2.003,0.997,1.487,rt,
kyondo,2026-10-03,1.216,0.721,2.039,0.983,1.501,rt,
kyondo,2026-10-04,1.22,0.692,2.076,0.971,1.52,rt,
kyondo,2026-10-05,1.2,0.652,2.114,0.94,1.512,rt,
kyondo,2026-10-06,1.178,0.651,2.094,0.921,1.489,rt,
lubero,2026-08-15,1.556,1.388,1.763,1.484,1.629,rt,
lubero,2026-08-16,1.566,1.397,1.785,1.493,1.645,rt,
lubero,2026-08-17,1.586,1.411,1.81,1.512,1.671,rt,
lubero,2026-08-18,1.601,1.42,1.84,1.525,1.69,rt,
lubero,2026-08-19,1.615,1.425,1.861,1.533,1.707,rt,
lubero,2026-08-20,1.625,1.425,1.882,1.541,1.724,rt,
lubero,2026-08-21,1.61,1.424,1.842,1.53,1.699,rt,
lubero,2026-08-22,1.592,1.417,1.818,1.516,1.677,rt,
lubero,2026-08-23,1.576,1.4,1.797,1.497,1.659,rt,
lubero,2026-08-24,1.542,1.364,1.774,1.46,1.63,rt,
lubero,2026-08-25,1.506,1.328,1.731,1.423,1.59,rt,
lubero,2026-08-26,1.466,1.287,1.694,1.387,1.551,rt,
lubero,2026-08-27,1.428,1.246,1.667,1.349,1.515,rt,
lubero,2026-08-28,1.384,1.216,1.593,1.316,1.467,rt,
lubero,2026-08-29,1.342,1.184,1.528,1.278,1.417,rt,
lubero,2026-08-30,1.301,1.144,1.483,1.239,1.372,rt,
lubero,2026-08-31,1.24,1.083,1.41,1.177,1.306,rt,
lubero,2026-09-01,1.187,1.038,1.346,1.126,1.249,rt,
lubero,2026-09-02,1.14,0.994,1.289,1.08,1.199,rt,
lubero,2026-09-03,1.095,0.949,1.243,1.035,1.153,rt,
lubero,2026-09-04,1.062,0.924,1.193,1.005,1.116,rt,
lubero,2026-09-05,1.028,0.9,1.153,0.976,1.08,rt,
lubero,2026-09-06,0.997,0.873,1.119,0.947,1.048,rt,
lubero,2026-09-07,0.976,0.85,1.101,0.926,1.029,rt,
lubero,2026-09-08,0.967,0.841,1.095,0.917,1.019,rt,
lubero,2026-09-09,0.96,0.835,1.093,0.909,1.012,rt,
lubero,2026-09-10,0.952,0.823,1.095,0.901,1.007,rt,
lubero,2026-09-11,0.951,0.83,1.078,0.901,1.002,rt,
lubero,2026-09-12,0.95,0.828,1.076,0.899,0.998,rt,
lubero,2026-09-13,0.948,0.824,1.078,0.897,0.999,rt,
lubero,2026-09-14,0.979,0.844,1.124,0.922,1.034,rt,
lubero,2026-09-15,1.01,0.868,1.166,0.95,1.071,rt,
lubero,2026-09-16,1.041,0.894,1.216,0.978,1.108,rt,
lubero,2026-09-17,1.072,0.91,1.263,1.003,1.147,rt,
lubero,2026-09-18,1.104,0.939,1.301,1.034,1.181,rt,
lubero,2026-09-19,1.137,0.959,1.346,1.061,1.218,rt,
lubero,2026-09-20,1.169,0.977,1.398,1.086,1.254,rt,
lubero,2026-09-21,1.207,0.993,1.467,1.115,1.304,rt,
lubero,2026-09-22,1.236,1.004,1.521,1.14,1.345,rt,
lubero,2026-09-23,1.265,1.021,1.577,1.162,1.387,rt,
lubero,2026-09-24,1.295,1.033,1.64,1.183,1.427,rt,
lubero,2026-09-25,1.316,1.034,1.692,1.197,1.461,rt,
lubero,2026-09-26,1.337,1.03,1.742,1.209,1.493,rt,
lubero,2026-09-27,1.361,1.036,1.794,1.222,1.525,rt,
lubero,2026-09-28,1.344,1.007,1.799,1.194,1.515,rt,
lubero,2026-09-29,1.335,0.973,1.802,1.178,1.508,rt,
lubero,2026-09-30,1.32,0.949,1.804,1.166,1.499,rt,
lubero,2026-10-01,1.311,0.924,1.812,1.151,1.495,rt,
lubero,2026-10-02,1.307,0.915,1.848,1.14,1.499,rt,
lubero,2026-10-03,1.309,0.898,1.878,1.127,1.518,rt,
lubero,2026-10-04,1.305,0.86,1.934,1.099,1.534,rt,
lubero,2026-10-05,1.282,0.817,1.954,1.056,1.528,rt,
lubero,2026-10-06,1.258,0.811,1.831,1.05,1.471,rt,
mabalako,2026-08-14,2.035,1.61,2.658,1.855,2.255,rt,
mabalako,2026-08-15,2.061,1.623,2.681,1.855,2.284,rt,
mabalako,2026-08-16,2.089,1.613,2.744,1.865,2.317,rt,
mabalako,2026-08-17,2.126,1.612,2.82,1.88,2.366,rt,
mabalako,2026-08-18,2.154,1.652,2.831,1.918,2.378,rt,
mabalako,2026-08-19,2.164,1.684,2.818,1.954,2.398,rt,
mabalako,2026-08-20,2.185,1.71,2.848,1.981,2.416,rt,
mabalako,2026-08-21,2.167,1.711,2.773,1.972,2.386,rt,
mabalako,2026-08-22,2.143,1.701,2.769,1.951,2.374,rt,
mabalako,2026-08-23,2.122,1.654,2.776,1.923,2.348,rt,
mabalako,2026-08-24,2.078,1.6,2.771,1.874,2.314,rt,
mabalako,2026-08-25,2.038,1.59,2.677,1.851,2.263,rt,
mabalako,2026-08-26,2.001,1.561,2.618,1.82,2.226,rt,
mabalako,2026-08-27,1.963,1.526,2.571,1.786,2.191,rt,
mabalako,2026-08-28,1.923,1.489,2.474,1.741,2.129,rt,
mabalako,2026-08-29,1.87,1.457,2.427,1.693,2.079,rt,
mabalako,2026-08-30,1.825,1.407,2.378,1.635,2.027,rt,
mabalako,2026-08-31,1.749,1.323,2.312,1.554,1.952,rt,
mabalako,2026-09-01,1.681,1.295,2.186,1.504,1.855,rt,
mabalako,2026-09-02,1.616,1.264,2.075,1.462,1.775,rt,
mabalako,2026-09-03,1.558,1.225,1.982,1.414,1.713,rt,
mabalako,2026-09-04,1.515,1.196,1.912,1.375,1.67,rt,
mabalako,2026-09-05,1.47,1.158,1.867,1.337,1.63,rt,
mabalako,2026-09-06,1.428,1.108,1.836,1.294,1.591,rt,
mabalako,2026-09-07,1.408,1.071,1.843,1.264,1.573,rt,
mabalako,2026-09-08,1.389,1.076,1.796,1.254,1.549,rt,
mabalako,2026-09-09,1.377,1.073,1.749,1.237,1.531,rt,
mabalako,2026-09-10,1.358,1.062,1.737,1.222,1.509,rt,
mabalako,2026-09-11,1.353,1.067,1.72,1.222,1.494,rt,
mabalako,2026-09-12,1.347,1.054,1.73,1.212,1.486,rt,
mabalako,2026-09-13,1.338,1.042,1.746,1.204,1.484,rt,
mabalako,2026-09-14,1.375,1.056,1.835,1.234,1.535,rt,
mabalako,2026-09-15,1.411,1.089,1.843,1.27,1.565,rt,
mabalako,2026-09-16,1.443,1.103,1.882,1.296,1.605,rt,
mabalako,2026-09-17,1.471,1.115,1.929,1.318,1.645,rt,
mabalako,2026-09-18,1.503,1.126,1.993,1.347,1.686,rt,
mabalako,2026-09-19,1.523,1.136,2.073,1.362,1.727,rt,
mabalako,2026-09-20,1.554,1.139,2.17,1.373,1.767,rt,
mabalako,2026-09-21,1.594,1.13,2.274,1.389,1.825,rt,
mabalako,2026-09-22,1.621,1.152,2.304,1.416,1.858,rt,
mabalako,2026-09-23,1.653,1.149,2.326,1.433,1.895,rt,
mabalako,2026-09-24,1.682,1.163,2.377,1.452,1.922,rt,
mabalako,2026-09-25,1.701,1.159,2.42,1.451,1.948,rt,
mabalako,2026-09-26,1.714,1.166,2.476,1.457,1.99,rt,
mabalako,2026-09-27,1.721,1.151,2.551,1.458,2.026,rt,
mabalako,2026-09-28,1.676,1.09,2.544,1.417,2.0,rt,
mabalako,2026-09-29,1.655,1.064,2.516,1.395,1.975,rt,
mabalako,2026-09-30,1.633,1.029,2.478,1.369,1.946,rt,
mabalako,2026-10-01,1.603,1.003,2.476,1.345,1.933,rt,
mabalako,2026-10-02,1.596,0.968,2.48,1.312,1.919,rt,
mabalako,2026-10-03,1.58,0.937,2.53,1.287,1.923,rt,
mabalako,2026-10-04,1.56,0.905,2.571,1.256,1.925,rt,
mabalako,2026-10-05,1.528,0.847,2.613,1.203,1.902,rt,
mabalako,2026-10-06,1.444,0.799,2.447,1.135,1.805,rt,
manguredjipa,2026-08-20,1.569,1.376,1.815,1.488,1.662,rt,
manguredjipa,2026-08-21,1.555,1.376,1.779,1.478,1.641,rt,
manguredjipa,2026-08-22,1.539,1.367,1.755,1.466,1.618,rt,
manguredjipa,2026-08-23,1.524,1.351,1.741,1.449,1.605,rt,
manguredjipa,2026-08-24,1.491,1.317,1.711,1.414,1.577,rt,
manguredjipa,2026-08-25,1.454,1.284,1.669,1.38,1.54,rt,
manguredjipa,2026-08-26,1.419,1.248,1.638,1.344,1.505,rt,
manguredjipa,2026-08-27,1.384,1.21,1.611,1.307,1.47,rt,
manguredjipa,2026-08-28,1.339,1.177,1.542,1.274,1.422,rt,
manguredjipa,2026-08-29,1.298,1.144,1.483,1.239,1.371,rt,
manguredjipa,2026-08-30,1.258,1.106,1.431,1.199,1.326,rt,
manguredjipa,2026-08-31,1.199,1.049,1.366,1.136,1.261,rt,
manguredjipa,2026-09-01,1.148,1.004,1.306,1.089,1.208,rt,
manguredjipa,2026-09-02,1.099,0.96,1.252,1.043,1.159,rt,
manguredjipa,2026-09-03,1.056,0.917,1.203,1.0,1.114,rt,
manguredjipa,2026-09-04,1.022,0.892,1.156,0.969,1.077,rt,
manguredjipa,2026-09-05,0.989,0.865,1.113,0.94,1.042,rt,
manguredjipa,2026-09-06,0.96,0.837,1.079,0.912,1.01,rt,
manguredjipa,2026-09-07,0.941,0.815,1.065,0.888,0.993,rt,
manguredjipa,2026-09-08,0.933,0.808,1.057,0.881,0.984,rt,
manguredjipa,2026-09-09,0.925,0.801,1.052,0.873,0.975,rt,
manguredjipa,2026-09-10,0.915,0.789,1.051,0.864,0.968,rt,
manguredjipa,2026-09-11,0.914,0.797,1.043,0.865,0.965,rt,
manguredjipa,2026-09-12,0.913,0.795,1.039,0.864,0.963,rt,
manguredjipa,2026-09-13,0.911,0.793,1.043,0.86,0.963,rt,
manguredjipa,2026-09-14,0.94,0.81,1.092,0.887,0.996,rt,
manguredjipa,2026-09-15,0.97,0.836,1.13,0.915,1.031,rt,
manguredjipa,2026-09-16,1.002,0.859,1.173,0.941,1.067,rt,
manguredjipa,2026-09-17,1.032,0.877,1.218,0.966,1.104,rt,
manguredjipa,2026-09-18,1.066,0.902,1.256,0.995,1.137,rt,
manguredjipa,2026-09-19,1.096,0.931,1.301,1.024,1.173,rt,
manguredjipa,2026-09-20,1.125,0.946,1.354,1.046,1.211,rt,
manguredjipa,2026-09-21,1.161,0.96,1.416,1.072,1.255,rt,
manguredjipa,2026-09-22,1.191,0.972,1.466,1.097,1.297,rt,
manguredjipa,2026-09-23,1.22,0.986,1.52,1.118,1.339,rt,
manguredjipa,2026-09-24,1.249,0.99,1.575,1.14,1.378,rt,
manguredjipa,2026-09-25,1.27,1.0,1.622,1.153,1.411,rt,
manguredjipa,2026-09-26,1.291,0.992,1.673,1.167,1.44,rt,
manguredjipa,2026-09-27,1.312,0.995,1.731,1.174,1.472,rt,
manguredjipa,2026-09-28,1.295,0.971,1.73,1.149,1.462,rt,
manguredjipa,2026-09-29,1.284,0.94,1.736,1.133,1.456,rt,
manguredjipa,2026-09-30,1.271,0.911,1.745,1.122,1.447,rt,
manguredjipa,2026-10-01,1.262,0.892,1.748,1.111,1.44,rt,
manguredjipa,2026-10-02,1.257,0.877,1.772,1.096,1.448,rt,
manguredjipa,2026-10-03,1.26,0.86,1.809,1.082,1.468,rt,
manguredjipa,2026-10-04,1.261,0.825,1.862,1.054,1.483,rt,
manguredjipa,2026-10-05,1.236,0.785,1.878,1.017,1.476,rt,
manguredjipa,2026-10-06,1.207,0.776,1.773,1.006,1.414,rt,
masereka,2026-08-01,1.359,1.055,1.712,1.231,1.498,rt,
masereka,2026-08-02,1.374,1.057,1.752,1.24,1.515,rt,
masereka,2026-08-03,1.384,1.047,1.788,1.231,1.535,rt,
masereka,2026-08-04,1.407,1.077,1.79,1.257,1.555,rt,
masereka,2026-08-05,1.43,1.1,1.81,1.283,1.568,rt,
masereka,2026-08-06,1.454,1.121,1.831,1.309,1.592,rt,
masereka,2026-08-07,1.483,1.155,1.859,1.334,1.621,rt,
masereka,2026-08-08,1.507,1.179,1.904,1.363,1.653,rt,
masereka,2026-08-09,1.526,1.194,1.971,1.382,1.691,rt,
masereka,2026-08-10,1.546,1.182,2.032,1.388,1.716,rt,
masereka,2026-08-11,1.57,1.234,2.026,1.417,1.734,rt,
masereka,2026-08-12,1.594,1.265,2.038,1.439,1.761,rt,
masereka,2026-08-13,1.615,1.283,2.068,1.461,1.779,rt,
masereka,2026-08-14,1.644,1.307,2.11,1.49,1.803,rt,
masereka,2026-08-15,1.673,1.326,2.149,1.521,1.844,rt,
masereka,2026-08-16,1.696,1.329,2.192,1.535,1.885,rt,
masereka,2026-08-17,1.722,1.336,2.308,1.555,1.946,rt,
masereka,2026-08-18,1.733,1.368,2.274,1.574,1.946,rt,
masereka,2026-08-19,1.747,1.38,2.271,1.582,1.941,rt,
masereka,2026-08-20,1.753,1.384,2.297,1.588,1.95,rt,
masereka,2026-08-21,1.728,1.37,2.255,1.558,1.915,rt,
masereka,2026-08-22,1.699,1.347,2.243,1.532,1.902,rt,
masereka,2026-08-23,1.668,1.305,2.224,1.504,1.881,rt,
masereka,2026-08-24,1.627,1.246,2.224,1.453,1.851,rt,
masereka,2026-08-25,1.563,1.206,2.1,1.406,1.769,rt,
masereka,2026-08-26,1.507,1.169,2.003,1.359,1.697,rt,
masereka,2026-08-27,1.455,1.126,1.915,1.317,1.631,rt,
masereka,2026-08-28,1.39,1.084,1.814,1.259,1.548,rt,
masereka,2026-08-29,1.328,1.034,1.74,1.205,1.481,rt,
masereka,2026-08-30,1.276,0.981,1.677,1.145,1.418,rt,
masereka,2026-08-31,1.201,0.903,1.603,1.068,1.343,rt,
masereka,2026-09-01,1.143,0.877,1.498,1.021,1.268,rt,
masereka,2026-09-02,1.087,0.839,1.406,0.973,1.205,rt,
masereka,2026-09-03,1.037,0.802,1.331,0.933,1.152,rt,
masereka,2026-09-04,1.001,0.773,1.274,0.897,1.107,rt,
masereka,2026-09-05,0.965,0.74,1.234,0.863,1.062,rt,
masereka,2026-09-06,0.929,0.698,1.201,0.824,1.028,rt,
masereka,2026-09-07,0.904,0.664,1.191,0.798,1.015,rt,
masereka,2026-09-08,0.904,0.67,1.167,0.8,1.006,rt,
masereka,2026-09-09,0.903,0.673,1.158,0.802,1.005,rt,
masereka,2026-09-10,0.903,0.674,1.168,0.802,1.004,rt,
masereka,2026-09-11,0.904,0.678,1.185,0.809,1.007,rt,
masereka,2026-09-12,0.909,0.677,1.202,0.805,1.017,rt,
masereka,2026-09-13,0.914,0.671,1.225,0.806,1.029,rt,
masereka,2026-09-14,0.946,0.685,1.309,0.83,1.087,rt,
masereka,2026-09-15,0.99,0.726,1.34,0.863,1.133,rt,
masereka,2026-09-16,1.029,0.762,1.396,0.9,1.172,rt,
masereka,2026-09-17,1.072,0.791,1.468,0.938,1.222,rt,
masereka,2026-09-18,1.117,0.819,1.525,0.978,1.269,rt,
masereka,2026-09-19,1.161,0.841,1.617,1.013,1.319,rt,
masereka,2026-09-20,1.204,0.857,1.729,1.047,1.378,rt,
masereka,2026-09-21,1.255,0.877,1.853,1.076,1.444,rt,
masereka,2026-09-22,1.284,0.892,1.889,1.107,1.486,rt,
masereka,2026-09-23,1.32,0.91,1.958,1.131,1.535,rt,
masereka,2026-09-24,1.348,0.925,2.01,1.152,1.587,rt,
masereka,2026-09-25,1.371,0.923,2.059,1.166,1.634,rt,
masereka,2026-09-26,1.397,0.913,2.138,1.172,1.678,rt,
masereka,2026-09-27,1.421,0.894,2.229,1.183,1.729,rt,
masereka,2026-09-28,1.399,0.856,2.27,1.154,1.727,rt,
masereka,2026-09-29,1.39,0.835,2.231,1.142,1.699,rt,
masereka,2026-09-30,1.374,0.834,2.226,1.128,1.684,rt,
masereka,2026-10-01,1.364,0.819,2.233,1.118,1.674,rt,
masereka,2026-10-02,1.366,0.808,2.243,1.099,1.667,rt,
masereka,2026-10-03,1.359,0.779,2.302,1.081,1.698,rt,
masereka,2026-10-04,1.35,0.742,2.386,1.061,1.71,rt,
masereka,2026-10-05,1.314,0.695,2.398,1.019,1.705,rt,
masereka,2026-10-06,1.269,0.67,2.388,0.995,1.63,rt,
musienene,2026-06-18,1.882,1.404,2.553,1.678,2.131,rt,
musienene,2026-06-19,1.858,1.405,2.515,1.665,2.104,rt,
musienene,2026-06-20,1.839,1.396,2.493,1.648,2.091,rt,
musienene,2026-06-21,1.819,1.373,2.505,1.628,2.067,rt,
musienene,2026-06-22,1.831,1.366,2.564,1.628,2.085,rt,
musienene,2026-06-23,1.831,1.37,2.501,1.631,2.063,rt,
musienene,2026-06-24,1.829,1.373,2.463,1.628,2.052,rt,
musienene,2026-06-25,1.823,1.389,2.422,1.627,2.048,rt,
musienene,2026-06-26,1.812,1.39,2.384,1.627,2.033,rt,
musienene,2026-06-27,1.807,1.378,2.374,1.623,2.015,rt,
musienene,2026-06-28,1.799,1.364,2.373,1.617,2.015,rt,
musienene,2026-06-29,1.775,1.331,2.358,1.583,1.997,rt,
musienene,2026-06-30,1.742,1.331,2.273,1.556,1.944,rt,
musienene,2026-07-01,1.711,1.318,2.21,1.533,1.896,rt,
musienene,2026-07-02,1.678,1.302,2.167,1.509,1.851,rt,
musienene,2026-07-03,1.654,1.301,2.11,1.496,1.822,rt,
musienene,2026-07-04,1.632,1.282,2.086,1.482,1.79,rt,
musienene,2026-07-05,1.606,1.258,2.066,1.455,1.776,rt,
musienene,2026-07-06,1.592,1.239,2.08,1.432,1.774,rt,
musienene,2026-07-07,1.567,1.238,1.992,1.421,1.74,rt,
musienene,2026-07-08,1.544,1.231,1.943,1.407,1.7,rt,
musienene,2026-07-09,1.524,1.215,1.897,1.387,1.67,rt,
musienene,2026-07-10,1.498,1.198,1.844,1.364,1.629,rt,
musienene,2026-07-11,1.465,1.168,1.82,1.336,1.596,rt,
musienene,2026-07-12,1.434,1.127,1.794,1.296,1.569,rt,
musienene,2026-07-13,1.399,1.083,1.793,1.258,1.541,rt,
musienene,2026-07-14,1.369,1.079,1.717,1.239,1.504,rt,
musienene,2026-07-15,1.342,1.064,1.659,1.219,1.47,rt,
musienene,2026-07-16,1.312,1.043,1.618,1.199,1.437,rt,
musienene,2026-07-17,1.282,1.021,1.577,1.174,1.403,rt,
musienene,2026-07-18,1.256,0.995,1.551,1.15,1.378,rt,
musienene,2026-07-19,1.233,0.965,1.54,1.119,1.349,rt,
musienene,2026-07-20,1.208,0.919,1.531,1.088,1.325,rt,
musienene,2026-07-21,1.19,0.928,1.486,1.077,1.302,rt,
musienene,2026-07-22,1.174,0.924,1.447,1.067,1.283,rt,
musienene,2026-07-23,1.154,0.91,1.424,1.053,1.264,rt,
musienene,2026-07-24,1.136,0.908,1.401,1.036,1.245,rt,
musienene,2026-07-25,1.118,0.895,1.392,1.024,1.228,rt,
musienene,2026-07-26,1.102,0.87,1.384,1.007,1.214,rt,
musienene,2026-07-27,1.096,0.856,1.401,0.995,1.218,rt,
musienene,2026-07-28,1.103,0.875,1.379,1.008,1.214,rt,
musienene,2026-07-29,1.105,0.892,1.374,1.015,1.212,rt,
musienene,2026-07-30,1.107,0.899,1.372,1.019,1.21,rt,
musienene,2026-07-31,1.11,0.906,1.364,1.024,1.208,rt,
musienene,2026-08-01,1.116,0.912,1.363,1.025,1.212,rt,
musienene,2026-08-02,1.121,0.9,1.374,1.024,1.219,rt,
musienene,2026-08-03,1.116,0.879,1.393,1.015,1.229,rt,
musienene,2026-08-04,1.122,0.893,1.386,1.03,1.225,rt,
musienene,2026-08-05,1.126,0.908,1.387,1.041,1.227,rt,
musienene,2026-08-06,1.132,0.916,1.391,1.047,1.234,rt,
musienene,2026-08-07,1.146,0.929,1.397,1.058,1.242,rt,
musienene,2026-08-08,1.155,0.943,1.413,1.065,1.258,rt,
musienene,2026-08-09,1.169,0.937,1.438,1.07,1.274,rt,
musienene,2026-08-10,1.17,0.921,1.469,1.064,1.287,rt,
musienene,2026-08-11,1.173,0.94,1.445,1.074,1.277,rt,
musienene,2026-08-12,1.174,0.954,1.435,1.084,1.279,rt,
musienene,2026-08-13,1.172,0.962,1.451,1.09,1.282,rt,
musienene,2026-08-14,1.184,0.975,1.458,1.096,1.285,rt,
musienene,2026-08-15,1.191,0.98,1.473,1.099,1.296,rt,
musienene,2026-08-16,1.196,0.97,1.498,1.097,1.312,rt,
musienene,2026-08-17,1.208,0.958,1.548,1.096,1.338,rt,
musienene,2026-08-18,1.209,0.972,1.524,1.104,1.332,rt,
musienene,2026-08-19,1.211,0.98,1.512,1.109,1.321,rt,
musienene,2026-08-20,1.208,0.981,1.496,1.109,1.318,rt,
musienene,2026-08-21,1.186,0.963,1.457,1.091,1.29,rt,
musienene,2026-08-22,1.164,0.938,1.435,1.065,1.269,rt,
musienene,2026-08-23,1.141,0.903,1.424,1.034,1.251,rt,
musienene,2026-08-24,1.102,0.858,1.412,1.0,1.225,rt,
musienene,2026-08-25,1.061,0.837,1.347,0.969,1.172,rt,
musienene,2026-08-26,1.024,0.809,1.283,0.934,1.119,rt,
musienene,2026-08-27,0.986,0.779,1.224,0.896,1.08,rt,
musienene,2026-08-28,0.941,0.749,1.167,0.86,1.031,rt,
musienene,2026-08-29,0.897,0.709,1.128,0.822,0.985,rt,
musienene,2026-08-30,0.859,0.665,1.098,0.777,0.943,rt,
musienene,2026-08-31,0.807,0.605,1.055,0.723,0.894,rt,
musienene,2026-09-01,0.776,0.59,0.994,0.696,0.856,rt,
musienene,2026-09-02,0.746,0.574,0.943,0.671,0.821,rt,
musienene,2026-09-03,0.715,0.546,0.905,0.644,0.79,rt,
musienene,2026-09-04,0.696,0.529,0.878,0.627,0.766,rt,
musienene,2026-09-05,0.678,0.509,0.859,0.608,0.746,rt,
musienene,2026-09-06,0.657,0.484,0.842,0.585,0.73,rt,
musienene,2026-09-07,0.646,0.462,0.845,0.567,0.723,rt,
musienene,2026-09-08,0.651,0.479,0.838,0.579,0.727,rt,
musienene,2026-09-09,0.656,0.493,0.839,0.587,0.733,rt,
musienene,2026-09-10,0.667,0.499,0.847,0.594,0.743,rt,
musienene,2026-09-11,0.678,0.504,0.871,0.608,0.756,rt,
musienene,2026-09-12,0.692,0.513,0.9,0.615,0.771,rt,
musienene,2026-09-13,0.705,0.513,0.93,0.62,0.793,rt,
musienene,2026-09-14,0.74,0.532,1.004,0.643,0.844,rt,
musienene,2026-09-15,0.778,0.559,1.052,0.677,0.882,rt,
musienene,2026-09-16,0.82,0.589,1.111,0.714,0.924,rt,
musienene,2026-09-17,0.857,0.616,1.166,0.75,0.971,rt,
musienene,2026-09-18,0.896,0.642,1.237,0.784,1.026,rt,
musienene,2026-09-19,0.939,0.664,1.315,0.819,1.086,rt,
musienene,2026-09-20,0.981,0.676,1.395,0.845,1.145,rt,
musienene,2026-09-21,1.028,0.692,1.505,0.877,1.211,rt,
musienene,2026-09-22,1.059,0.712,1.551,0.903,1.253,rt,
musienene,2026-09-23,1.096,0.732,1.604,0.928,1.295,rt,
musienene,2026-09-24,1.131,0.751,1.672,0.95,1.33,rt,
musienene,2026-09-25,1.158,0.748,1.741,0.966,1.378,rt,
musienene,2026-09-26,1.183,0.749,1.803,0.978,1.415,rt,
musienene,2026-09-27,1.201,0.755,1.876,0.984,1.449,rt,
musienene,2026-09-28,1.186,0.739,1.918,0.969,1.459,rt,
musienene,2026-09-29,1.186,0.72,1.915,0.96,1.444,rt,
musienene,2026-09-30,1.185,0.707,1.912,0.955,1.437,rt,
musienene,2026-10-01,1.177,0.69,1.933,0.952,1.43,rt,
musienene,2026-10-02,1.171,0.685,1.942,0.944,1.435,rt,
musienene,2026-10-03,1.171,0.665,1.989,0.933,1.458,rt,
musienene,2026-10-04,1.17,0.635,2.064,0.918,1.48,rt,
musienene,2026-10-05,1.145,0.593,2.089,0.891,1.475,rt,
musienene,2026-10-06,1.135,0.586,2.099,0.879,1.461,rt,
mutwanga,2026-08-18,1.613,1.434,1.85,1.536,1.702,rt,
mutwanga,2026-08-19,1.629,1.443,1.875,1.55,1.722,rt,
mutwanga,2026-08-20,1.642,1.443,1.903,1.558,1.741,rt,
mutwanga,2026-08-21,1.63,1.443,1.869,1.547,1.719,rt,
mutwanga,2026-08-22,1.614,1.434,1.843,1.536,1.696,rt,
mutwanga,2026-08-23,1.6,1.421,1.834,1.519,1.678,rt,
mutwanga,2026-08-24,1.566,1.387,1.803,1.484,1.653,rt,
mutwanga,2026-08-25,1.53,1.353,1.761,1.446,1.616,rt,
mutwanga,2026-08-26,1.496,1.315,1.726,1.412,1.583,rt,
mutwanga,2026-08-27,1.46,1.277,1.693,1.378,1.548,rt,
mutwanga,2026-08-28,1.416,1.248,1.625,1.342,1.498,rt,
mutwanga,2026-08-29,1.374,1.213,1.563,1.306,1.45,rt,
mutwanga,2026-08-30,1.335,1.174,1.523,1.269,1.408,rt,
mutwanga,2026-08-31,1.274,1.118,1.453,1.209,1.343,rt,
mutwanga,2026-09-01,1.222,1.07,1.388,1.159,1.287,rt,
mutwanga,2026-09-02,1.173,1.022,1.331,1.112,1.235,rt,
mutwanga,2026-09-03,1.127,0.976,1.282,1.065,1.192,rt,
mutwanga,2026-09-04,1.094,0.954,1.229,1.036,1.151,rt,
mutwanga,2026-09-05,1.063,0.929,1.189,1.007,1.116,rt,
mutwanga,2026-09-06,1.03,0.9,1.158,0.975,1.083,rt,
mutwanga,2026-09-07,1.011,0.88,1.139,0.954,1.063,rt,
mutwanga,2026-09-08,1.001,0.873,1.129,0.945,1.053,rt,
mutwanga,2026-09-09,0.991,0.861,1.126,0.933,1.046,rt,
mutwanga,2026-09-10,0.981,0.848,1.129,0.924,1.039,rt,
mutwanga,2026-09-11,0.98,0.853,1.111,0.926,1.033,rt,
mutwanga,2026-09-12,0.976,0.853,1.106,0.924,1.029,rt,
mutwanga,2026-09-13,0.975,0.845,1.108,0.921,1.026,rt,
mutwanga,2026-09-14,1.004,0.866,1.154,0.948,1.062,rt,
mutwanga,2026-09-15,1.036,0.892,1.198,0.974,1.096,rt,
mutwanga,2026-09-16,1.067,0.913,1.241,1.003,1.134,rt,
mutwanga,2026-09-17,1.098,0.931,1.291,1.028,1.17,rt,
mutwanga,2026-09-18,1.13,0.959,1.332,1.058,1.206,rt,
mutwanga,2026-09-19,1.16,0.982,1.374,1.086,1.244,rt,
mutwanga,2026-09-20,1.192,0.998,1.425,1.111,1.28,rt,
mutwanga,2026-09-21,1.229,1.011,1.489,1.139,1.325,rt,
mutwanga,2026-09-22,1.26,1.025,1.547,1.161,1.369,rt,
mutwanga,2026-09-23,1.29,1.039,1.608,1.181,1.409,rt,
mutwanga,2026-09-24,1.318,1.053,1.667,1.206,1.455,rt,
mutwanga,2026-09-25,1.337,1.06,1.719,1.218,1.483,rt,
mutwanga,2026-09-26,1.359,1.047,1.77,1.233,1.514,rt,
mutwanga,2026-09-27,1.379,1.055,1.826,1.246,1.55,rt,
mutwanga,2026-09-28,1.364,1.025,1.833,1.219,1.538,rt,
mutwanga,2026-09-29,1.35,0.993,1.832,1.2,1.531,rt,
mutwanga,2026-09-30,1.338,0.97,1.842,1.186,1.525,rt,
mutwanga,2026-10-01,1.328,0.943,1.838,1.17,1.516,rt,
mutwanga,2026-10-02,1.327,0.93,1.871,1.156,1.521,rt,
mutwanga,2026-10-03,1.329,0.908,1.917,1.142,1.537,rt,
mutwanga,2026-10-04,1.324,0.876,1.959,1.114,1.55,rt,
mutwanga,2026-10-05,1.301,0.827,1.972,1.069,1.549,rt,
mutwanga,2026-10-06,1.274,0.826,1.857,1.059,1.492,rt,
oicha,2026-08-07,1.53,1.186,1.978,1.38,1.708,rt,
oicha,2026-08-08,1.558,1.201,2.039,1.399,1.745,rt,
oicha,2026-08-09,1.583,1.199,2.111,1.417,1.782,rt,
oicha,2026-08-10,1.604,1.19,2.167,1.423,1.808,rt,
oicha,2026-08-11,1.626,1.23,2.136,1.458,1.816,rt,
oicha,2026-08-12,1.648,1.268,2.145,1.484,1.826,rt,
oicha,2026-08-13,1.672,1.292,2.153,1.509,1.846,rt,
oicha,2026-08-14,1.693,1.312,2.169,1.54,1.874,rt,
oicha,2026-08-15,1.718,1.326,2.202,1.567,1.906,rt,
oicha,2026-08-16,1.746,1.324,2.269,1.586,1.944,rt,
oicha,2026-08-17,1.785,1.332,2.374,1.605,2.004,rt,
oicha,2026-08-18,1.83,1.405,2.392,1.662,2.046,rt,
oicha,2026-08-19,1.88,1.475,2.433,1.709,2.075,rt,
oicha,2026-08-20,1.924,1.516,2.479,1.747,2.12,rt,
oicha,2026-08-21,1.937,1.538,2.509,1.766,2.125,rt,
oicha,2026-08-22,1.945,1.537,2.517,1.772,2.15,rt,
oicha,2026-08-23,1.95,1.524,2.57,1.774,2.181,rt,
oicha,2026-08-24,1.942,1.483,2.602,1.746,2.184,rt,
oicha,2026-08-25,1.944,1.501,2.553,1.758,2.176,rt,
oicha,2026-08-26,1.939,1.515,2.545,1.767,2.172,rt,
oicha,2026-08-27,1.938,1.518,2.533,1.762,2.161,rt,
oicha,2026-08-28,1.929,1.512,2.524,1.744,2.141,rt,
oicha,2026-08-29,1.914,1.488,2.532,1.728,2.13,rt,
oicha,2026-08-30,1.895,1.458,2.533,1.702,2.123,rt,
oicha,2026-08-31,1.852,1.398,2.506,1.642,2.088,rt,
oicha,2026-09-01,1.783,1.36,2.375,1.581,1.995,rt,
oicha,2026-09-02,1.702,1.321,2.265,1.532,1.916,rt,
oicha,2026-09-03,1.637,1.268,2.175,1.483,1.847,rt,
oicha,2026-09-04,1.592,1.236,2.118,1.449,1.793,rt,
oicha,2026-09-05,1.551,1.197,2.091,1.398,1.744,rt,
oicha,2026-09-06,1.506,1.15,2.046,1.344,1.704,rt,
oicha,2026-09-07,1.473,1.104,2.05,1.306,1.699,rt,
oicha,2026-09-08,1.429,1.09,1.932,1.278,1.626,rt,
oicha,2026-09-09,1.392,1.061,1.847,1.242,1.559,rt,
oicha,2026-09-10,1.354,1.022,1.788,1.206,1.492,rt,
oicha,2026-09-11,1.311,1.002,1.722,1.183,1.455,rt,
oicha,2026-09-12,1.282,0.963,1.679,1.151,1.421,rt,
oicha,2026-09-13,1.246,0.923,1.657,1.115,1.394,rt,
oicha,2026-09-14,1.256,0.908,1.703,1.113,1.412,rt,
oicha,2026-09-15,1.26,0.934,1.692,1.123,1.413,rt,
oicha,2026-09-16,1.27,0.942,1.71,1.132,1.424,rt,
oicha,2026-09-17,1.276,0.94,1.724,1.135,1.438,rt,
oicha,2026-09-18,1.285,0.94,1.736,1.135,1.45,rt,
oicha,2026-09-19,1.296,0.933,1.766,1.125,1.46,rt,
oicha,2026-09-20,1.303,0.909,1.804,1.118,1.479,rt,
oicha,2026-09-21,1.304,0.89,1.87,1.12,1.51,rt,
oicha,2026-09-22,1.331,0.896,1.902,1.138,1.543,rt,
oicha,2026-09-23,1.359,0.91,1.957,1.166,1.589,rt,
oicha,2026-09-24,1.377,0.909,2.019,1.18,1.634,rt,
oicha,2026-09-25,1.395,0.902,2.076,1.183,1.659,rt,
oicha,2026-09-26,1.414,0.888,2.138,1.181,1.683,rt,
oicha,2026-09-27,1.428,0.872,2.216,1.185,1.725,rt,
oicha,2026-09-28,1.404,0.836,2.226,1.145,1.717,rt,
oicha,2026-09-29,1.391,0.821,2.217,1.128,1.692,rt,
oicha,2026-09-30,1.376,0.795,2.215,1.109,1.692,rt,
oicha,2026-10-01,1.367,0.783,2.233,1.093,1.681,rt,
oicha,2026-10-02,1.361,0.772,2.232,1.081,1.69,rt,
oicha,2026-10-03,1.35,0.751,2.294,1.057,1.7,rt,
oicha,2026-10-04,1.349,0.727,2.389,1.022,1.714,rt,
oicha,2026-10-05,1.319,0.682,2.409,0.976,1.715,rt,
oicha,2026-10-06,1.28,0.648,2.318,0.974,1.646,rt,
vuhovi,2026-08-07,1.636,1.334,2.016,1.501,1.779,rt,
vuhovi,2026-08-08,1.652,1.354,2.046,1.527,1.797,rt,
vuhovi,2026-08-09,1.674,1.377,2.079,1.542,1.824,rt,
vuhovi,2026-08-10,1.685,1.374,2.114,1.546,1.839,rt,
vuhovi,2026-08-11,1.702,1.393,2.113,1.569,1.851,rt,
vuhovi,2026-08-12,1.715,1.413,2.129,1.591,1.868,rt,
vuhovi,2026-08-13,1.735,1.422,2.163,1.598,1.886,rt,
vuhovi,2026-08-14,1.754,1.451,2.189,1.627,1.912,rt,
vuhovi,2026-08-15,1.78,1.461,2.22,1.638,1.939,rt,
vuhovi,2026-08-16,1.8,1.467,2.257,1.652,1.969,rt,
vuhovi,2026-08-17,1.828,1.479,2.339,1.668,2.012,rt,
vuhovi,2026-08-18,1.856,1.505,2.355,1.692,2.033,rt,
vuhovi,2026-08-19,1.879,1.518,2.376,1.711,2.052,rt,
vuhovi,2026-08-20,1.897,1.527,2.41,1.73,2.074,rt,
vuhovi,2026-08-21,1.877,1.522,2.388,1.715,2.061,rt,
vuhovi,2026-08-22,1.862,1.499,2.382,1.697,2.048,rt,
vuhovi,2026-08-23,1.84,1.477,2.368,1.673,2.033,rt,
vuhovi,2026-08-24,1.8,1.427,2.352,1.633,2.008,rt,
vuhovi,2026-08-25,1.744,1.399,2.266,1.593,1.948,rt,
vuhovi,2026-08-26,1.698,1.375,2.208,1.551,1.891,rt,
vuhovi,2026-08-27,1.645,1.345,2.15,1.505,1.831,rt,
vuhovi,2026-08-28,1.59,1.3,2.055,1.455,1.764,rt,
vuhovi,2026-08-29,1.542,1.249,1.981,1.401,1.698,rt,
vuhovi,2026-08-30,1.488,1.192,1.929,1.347,1.634,rt,
vuhovi,2026-08-31,1.411,1.109,1.854,1.274,1.554,rt,
vuhovi,2026-09-01,1.34,1.063,1.723,1.216,1.468,rt,
vuhovi,2026-09-02,1.277,1.018,1.616,1.165,1.396,rt,
vuhovi,2026-09-03,1.219,0.966,1.534,1.112,1.335,rt,
vuhovi,2026-09-04,1.173,0.93,1.463,1.072,1.278,rt,
vuhovi,2026-09-05,1.125,0.889,1.399,1.029,1.227,rt,
vuhovi,2026-09-06,1.083,0.845,1.353,0.984,1.187,rt,
vuhovi,2026-09-07,1.052,0.811,1.338,0.957,1.163,rt,
vuhovi,2026-09-08,1.033,0.804,1.307,0.94,1.141,rt,
vuhovi,2026-09-09,1.021,0.793,1.284,0.927,1.124,rt,
vuhovi,2026-09-10,1.003,0.78,1.271,0.909,1.111,rt,
vuhovi,2026-09-11,0.997,0.777,1.25,0.898,1.101,rt,
vuhovi,2026-09-12,0.99,0.767,1.246,0.892,1.089,rt,
vuhovi,2026-09-13,0.979,0.752,1.26,0.88,1.083,rt,
vuhovi,2026-09-14,1.005,0.757,1.318,0.9,1.115,rt,
vuhovi,2026-09-15,1.032,0.785,1.352,0.926,1.151,rt,
vuhovi,2026-09-16,1.06,0.806,1.389,0.954,1.185,rt,
vuhovi,2026-09-17,1.087,0.824,1.427,0.974,1.217,rt,
vuhovi,2026-09-18,1.116,0.838,1.471,1.003,1.25,rt,
vuhovi,2026-09-19,1.146,0.856,1.529,1.026,1.294,rt,
vuhovi,2026-09-20,1.172,0.862,1.598,1.042,1.335,rt,
vuhovi,2026-09-21,1.205,0.864,1.677,1.062,1.382,rt,
vuhovi,2026-09-22,1.236,0.884,1.722,1.083,1.417,rt,
vuhovi,2026-09-23,1.273,0.904,1.782,1.108,1.457,rt,
vuhovi,2026-09-24,1.301,0.909,1.861,1.124,1.496,rt,
vuhovi,2026-09-25,1.321,0.908,1.904,1.142,1.531,rt,
vuhovi,2026-09-26,1.349,0.905,1.965,1.155,1.557,rt,
vuhovi,2026-09-27,1.366,0.906,2.037,1.166,1.598,rt,
vuhovi,2026-09-28,1.349,0.869,2.039,1.141,1.583,rt,
vuhovi,2026-09-29,1.338,0.856,2.021,1.124,1.574,rt,
vuhovi,2026-09-30,1.323,0.846,1.999,1.106,1.558,rt,
vuhovi,2026-10-01,1.312,0.829,2.015,1.087,1.559,rt,
vuhovi,2026-10-02,1.309,0.81,2.035,1.078,1.578,rt,
vuhovi,2026-10-03,1.297,0.789,2.066,1.06,1.602,rt,
vuhovi,2026-10-04,1.292,0.761,2.132,1.037,1.622,rt,
vuhovi,2026-10-05,1.265,0.719,2.145,1.0,1.608,rt,
vuhovi,2026-10-06,1.245,0.715,2.059,0.984,1.538,rt,
boma_mangbetu,2026-07-14,1.675,1.269,2.181,1.495,1.85,rt,
boma_mangbetu,2026-07-15,1.634,1.253,2.129,1.46,1.801,rt,
boma_mangbetu,2026-07-16,1.598,1.228,2.092,1.425,1.759,rt,
boma_mangbetu,2026-07-17,1.564,1.21,2.026,1.405,1.727,rt,
boma_mangbetu,2026-07-18,1.526,1.181,1.996,1.381,1.695,rt,
boma_mangbetu,2026-07-19,1.502,1.154,1.955,1.349,1.669,rt,
boma_mangbetu,2026-07-20,1.472,1.119,1.936,1.32,1.645,rt,
boma_mangbetu,2026-07-21,1.443,1.106,1.879,1.296,1.606,rt,
boma_mangbetu,2026-07-22,1.416,1.097,1.824,1.268,1.562,rt,
boma_mangbetu,2026-07-23,1.383,1.083,1.791,1.242,1.53,rt,
boma_mangbetu,2026-07-24,1.345,1.065,1.735,1.226,1.492,rt,
boma_mangbetu,2026-07-25,1.313,1.045,1.699,1.202,1.456,rt,
boma_mangbetu,2026-07-26,1.283,1.017,1.663,1.172,1.427,rt,
boma_mangbetu,2026-07-27,1.262,0.978,1.652,1.143,1.411,rt,
boma_mangbetu,2026-07-28,1.238,0.968,1.599,1.125,1.38,rt,
boma_mangbetu,2026-07-29,1.216,0.951,1.546,1.105,1.351,rt,
boma_mangbetu,2026-07-30,1.194,0.926,1.513,1.079,1.321,rt,
boma_mangbetu,2026-07-31,1.179,0.906,1.474,1.066,1.295,rt,
boma_mangbetu,2026-08-01,1.161,0.891,1.451,1.046,1.273,rt,
boma_mangbetu,2026-08-02,1.139,0.864,1.435,1.029,1.26,rt,
boma_mangbetu,2026-08-03,1.12,0.829,1.428,1.01,1.259,rt,
boma_mangbetu,2026-08-04,1.118,0.844,1.419,1.008,1.252,rt,
boma_mangbetu,2026-08-05,1.118,0.856,1.403,1.008,1.243,rt,
boma_mangbetu,2026-08-06,1.115,0.862,1.406,1.003,1.233,rt,
boma_mangbetu,2026-08-07,1.103,0.861,1.381,0.996,1.213,rt,
boma_mangbetu,2026-08-08,1.089,0.851,1.376,0.987,1.196,rt,
boma_mangbetu,2026-08-09,1.077,0.828,1.366,0.974,1.189,rt,
boma_mangbetu,2026-08-10,1.052,0.792,1.353,0.947,1.165,rt,
boma_mangbetu,2026-08-11,1.033,0.796,1.309,0.932,1.135,rt,
boma_mangbetu,2026-08-12,1.015,0.791,1.275,0.916,1.113,rt,
boma_mangbetu,2026-08-13,0.994,0.774,1.252,0.9,1.093,rt,
boma_mangbetu,2026-08-14,0.971,0.763,1.217,0.884,1.064,rt,
boma_mangbetu,2026-08-15,0.95,0.74,1.188,0.86,1.039,rt,
boma_mangbetu,2026-08-16,0.929,0.716,1.175,0.837,1.019,rt,
boma_mangbetu,2026-08-17,0.906,0.691,1.163,0.813,1.004,rt,
boma_mangbetu,2026-08-18,0.891,0.69,1.136,0.805,0.984,rt,
boma_mangbetu,2026-08-19,0.876,0.68,1.113,0.791,0.964,rt,
boma_mangbetu,2026-08-20,0.862,0.667,1.098,0.779,0.948,rt,
boma_mangbetu,2026-08-21,0.856,0.669,1.085,0.774,0.942,rt,
boma_mangbetu,2026-08-22,0.85,0.668,1.073,0.767,0.936,rt,
boma_mangbetu,2026-08-23,0.844,0.654,1.081,0.76,0.93,rt,
boma_mangbetu,2026-08-24,0.858,0.656,1.119,0.77,0.951,rt,
boma_mangbetu,2026-08-25,0.879,0.676,1.132,0.789,0.97,rt,
boma_mangbetu,2026-08-26,0.893,0.688,1.147,0.805,0.994,rt,
boma_mangbetu,2026-08-27,0.913,0.7,1.173,0.82,1.013,rt,
boma_mangbetu,2026-08-28,0.932,0.714,1.185,0.837,1.034,rt,
boma_mangbetu,2026-08-29,0.949,0.719,1.212,0.853,1.059,rt,
boma_mangbetu,2026-08-30,0.969,0.726,1.248,0.867,1.082,rt,
boma_mangbetu,2026-08-31,0.992,0.74,1.297,0.881,1.116,rt,
boma_mangbetu,2026-09-01,1.012,0.757,1.311,0.901,1.129,rt,
boma_mangbetu,2026-09-02,1.032,0.773,1.323,0.916,1.146,rt,
boma_mangbetu,2026-09-03,1.05,0.783,1.352,0.931,1.165,rt,
boma_mangbetu,2026-09-04,1.059,0.799,1.358,0.944,1.173,rt,
boma_mangbetu,2026-09-05,1.067,0.81,1.361,0.953,1.185,rt,
boma_mangbetu,2026-09-06,1.074,0.814,1.38,0.958,1.198,rt,
boma_mangbetu,2026-09-07,1.063,0.799,1.395,0.948,1.199,rt,
boma_mangbetu,2026-09-08,1.053,0.799,1.377,0.938,1.183,rt,
boma_mangbetu,2026-09-09,1.045,0.79,1.367,0.929,1.17,rt,
boma_mangbetu,2026-09-10,1.038,0.78,1.362,0.918,1.164,rt,
boma_mangbetu,2026-09-11,1.018,0.774,1.334,0.906,1.147,rt,
boma_mangbetu,2026-09-12,0.999,0.76,1.321,0.889,1.128,rt,
boma_mangbetu,2026-09-13,0.98,0.737,1.317,0.874,1.116,rt,
boma_mangbetu,2026-09-14,0.96,0.709,1.315,0.855,1.105,rt,
boma_mangbetu,2026-09-15,0.949,0.691,1.294,0.839,1.089,rt,
boma_mangbetu,2026-09-16,0.937,0.674,1.285,0.821,1.072,rt,
boma_mangbetu,2026-09-17,0.925,0.659,1.284,0.806,1.061,rt,
boma_mangbetu,2026-09-18,0.912,0.643,1.272,0.792,1.052,rt,
boma_mangbetu,2026-09-19,0.899,0.627,1.278,0.772,1.044,rt,
boma_mangbetu,2026-09-20,0.885,0.607,1.279,0.759,1.035,rt,
boma_mangbetu,2026-09-21,0.878,0.593,1.294,0.748,1.032,rt,
boma_mangbetu,2026-09-22,0.873,0.581,1.289,0.74,1.022,rt,
boma_mangbetu,2026-09-23,0.867,0.564,1.304,0.728,1.016,rt,
boma_mangbetu,2026-09-24,0.861,0.556,1.301,0.717,1.018,rt,
boma_mangbetu,2026-09-25,0.859,0.55,1.304,0.713,1.015,rt,
boma_mangbetu,2026-09-26,0.855,0.537,1.328,0.708,1.021,rt,
boma_mangbetu,2026-09-27,0.852,0.531,1.341,0.705,1.02,rt,
boma_mangbetu,2026-09-28,0.854,0.519,1.362,0.698,1.031,rt,
boma_mangbetu,2026-09-29,0.858,0.516,1.371,0.696,1.04,rt,
boma_mangbetu,2026-09-30,0.858,0.509,1.381,0.692,1.05,rt,
boma_mangbetu,2026-10-01,0.862,0.504,1.398,0.694,1.056,rt,
boma_mangbetu,2026-10-02,0.87,0.505,1.416,0.698,1.066,rt,
boma_mangbetu,2026-10-03,0.873,0.493,1.46,0.692,1.086,rt,
boma_mangbetu,2026-10-04,0.874,0.483,1.51,0.683,1.111,rt,
boma_mangbetu,2026-10-05,0.87,0.471,1.566,0.68,1.138,rt,
boma_mangbetu,2026-10-06,0.869,0.475,1.543,0.68,1.121,rt,
isiro,2026-07-08,2.933,2.19,4.171,2.59,3.345,rt,
isiro,2026-07-09,2.85,2.16,3.993,2.526,3.222,rt,
isiro,2026-07-10,2.748,2.122,3.79,2.445,3.098,rt,
isiro,2026-07-11,2.645,2.067,3.65,2.368,2.979,rt,
isiro,2026-07-12,2.554,1.989,3.535,2.289,2.888,rt,
isiro,2026-07-13,2.478,1.905,3.434,2.21,2.8,rt,
isiro,2026-07-14,2.385,1.861,3.252,2.141,2.684,rt,
isiro,2026-07-15,2.297,1.811,3.055,2.074,2.567,rt,
isiro,2026-07-16,2.216,1.747,2.93,2.009,2.468,rt,
isiro,2026-07-17,2.14,1.704,2.769,1.951,2.378,rt,
isiro,2026-07-18,2.076,1.646,2.678,1.892,2.293,rt,
isiro,2026-07-19,2.018,1.582,2.585,1.824,2.224,rt,
isiro,2026-07-20,1.951,1.499,2.53,1.758,2.152,rt,
isiro,2026-07-21,1.893,1.488,2.425,1.715,2.084,rt,
isiro,2026-07-22,1.839,1.457,2.339,1.673,2.019,rt,
isiro,2026-07-23,1.787,1.417,2.263,1.633,1.955,rt,
isiro,2026-07-24,1.73,1.392,2.184,1.589,1.897,rt,
isiro,2026-07-25,1.68,1.355,2.122,1.535,1.839,rt,
isiro,2026-07-26,1.631,1.309,2.062,1.484,1.785,rt,
isiro,2026-07-27,1.59,1.258,2.028,1.44,1.749,rt,
isiro,2026-07-28,1.56,1.254,1.953,1.417,1.706,rt,
isiro,2026-07-29,1.529,1.241,1.908,1.395,1.666,rt,
isiro,2026-07-30,1.499,1.217,1.868,1.372,1.639,rt,
isiro,2026-07-31,1.47,1.216,1.813,1.362,1.604,rt,
isiro,2026-08-01,1.443,1.195,1.77,1.342,1.573,rt,
isiro,2026-08-02,1.418,1.167,1.761,1.316,1.549,rt,
isiro,2026-08-03,1.398,1.139,1.754,1.29,1.533,rt,
isiro,2026-08-04,1.36,1.122,1.697,1.254,1.484,rt,
isiro,2026-08-05,1.322,1.092,1.646,1.216,1.439,rt,
isiro,2026-08-06,1.284,1.051,1.591,1.178,1.4,rt,
isiro,2026-08-07,1.238,1.011,1.517,1.134,1.341,rt,
isiro,2026-08-08,1.192,0.967,1.471,1.088,1.295,rt,
isiro,2026-08-09,1.145,0.912,1.434,1.039,1.25,rt,
isiro,2026-08-10,1.081,0.847,1.376,0.98,1.195,rt,
isiro,2026-08-11,1.025,0.807,1.29,0.928,1.125,rt,
isiro,2026-08-12,0.968,0.773,1.222,0.884,1.061,rt,
isiro,2026-08-13,0.915,0.726,1.16,0.836,1.004,rt,
isiro,2026-08-14,0.866,0.688,1.086,0.789,0.945,rt,
isiro,2026-08-15,0.813,0.648,1.024,0.739,0.89,rt,
isiro,2026-08-16,0.764,0.604,0.972,0.693,0.84,rt,
isiro,2026-08-17,0.723,0.549,0.932,0.648,0.798,rt,
isiro,2026-08-18,0.685,0.524,0.877,0.62,0.758,rt,
isiro,2026-08-19,0.651,0.5,0.829,0.589,0.719,rt,
isiro,2026-08-20,0.616,0.471,0.785,0.558,0.685,rt,
isiro,2026-08-21,0.591,0.448,0.75,0.535,0.657,rt,
isiro,2026-08-22,0.568,0.423,0.723,0.511,0.629,rt,
isiro,2026-08-23,0.545,0.398,0.702,0.486,0.607,rt,
isiro,2026-08-24,0.538,0.38,0.706,0.473,0.603,rt,
isiro,2026-08-25,0.528,0.374,0.695,0.468,0.593,rt,
isiro,2026-08-26,0.519,0.372,0.685,0.459,0.584,rt,
isiro,2026-08-27,0.509,0.364,0.677,0.45,0.576,rt,
isiro,2026-08-28,0.501,0.358,0.662,0.44,0.57,rt,
isiro,2026-08-29,0.496,0.346,0.661,0.428,0.564,rt,
isiro,2026-08-30,0.489,0.329,0.66,0.417,0.558,rt,
isiro,2026-08-31,0.484,0.316,0.666,0.407,0.555,rt,
isiro,2026-09-01,0.484,0.318,0.671,0.409,0.557,rt,
isiro,2026-09-02,0.482,0.317,0.668,0.411,0.559,rt,
isiro,2026-09-03,0.482,0.313,0.668,0.408,0.564,rt,
isiro,2026-09-04,0.48,0.319,0.663,0.404,0.561,rt,
isiro,2026-09-05,0.477,0.311,0.668,0.401,0.561,rt,
isiro,2026-09-06,0.475,0.303,0.674,0.396,0.561,rt,
isiro,2026-09-07,0.466,0.288,0.673,0.384,0.55,rt,
isiro,2026-09-08,0.461,0.285,0.662,0.381,0.547,rt,
isiro,2026-09-09,0.459,0.281,0.655,0.382,0.542,rt,
isiro,2026-09-10,0.454,0.28,0.651,0.379,0.54,rt,
isiro,2026-09-11,0.448,0.269,0.643,0.372,0.533,rt,
isiro,2026-09-12,0.443,0.263,0.641,0.363,0.529,rt,
isiro,2026-09-13,0.438,0.256,0.644,0.357,0.522,rt,
isiro,2026-09-14,0.433,0.246,0.654,0.349,0.519,rt,
isiro,2026-09-15,0.43,0.247,0.647,0.349,0.519,rt,
isiro,2026-09-16,0.43,0.244,0.64,0.348,0.515,rt,
isiro,2026-09-17,0.428,0.245,0.643,0.347,0.514,rt,
isiro,2026-09-18,0.427,0.244,0.646,0.343,0.515,rt,
isiro,2026-09-19,0.426,0.24,0.662,0.339,0.518,rt,
isiro,2026-09-20,0.426,0.235,0.682,0.337,0.522,rt,
isiro,2026-09-21,0.427,0.227,0.7,0.334,0.529,rt,
isiro,2026-09-22,0.431,0.231,0.711,0.339,0.535,rt,
isiro,2026-09-23,0.436,0.236,0.718,0.343,0.541,rt,
isiro,2026-09-24,0.438,0.236,0.742,0.347,0.547,rt,
isiro,2026-09-25,0.445,0.237,0.762,0.355,0.557,rt,
isiro,2026-09-26,0.451,0.238,0.771,0.36,0.568,rt,
isiro,2026-09-27,0.46,0.234,0.793,0.363,0.58,rt,
isiro,2026-09-28,0.469,0.234,0.819,0.367,0.598,rt,
isiro,2026-09-29,0.48,0.239,0.839,0.369,0.61,rt,
isiro,2026-09-30,0.488,0.246,0.867,0.376,0.627,rt,
isiro,2026-10-01,0.492,0.254,0.886,0.379,0.64,rt,
isiro,2026-10-02,0.505,0.258,0.935,0.387,0.655,rt,
isiro,2026-10-03,0.517,0.26,0.99,0.392,0.681,rt,
isiro,2026-10-04,0.529,0.258,1.049,0.393,0.704,rt,
isiro,2026-10-05,0.54,0.256,1.101,0.397,0.732,rt,
isiro,2026-10-06,0.588,0.278,1.178,0.433,0.784,rt,
pawa,2026-07-12,1.992,1.486,2.656,1.774,2.23,rt,
pawa,2026-07-13,1.935,1.419,2.588,1.709,2.177,rt,
pawa,2026-07-14,1.871,1.406,2.493,1.663,2.105,rt,
pawa,2026-07-15,1.818,1.363,2.405,1.622,2.028,rt,
pawa,2026-07-16,1.767,1.323,2.328,1.586,1.973,rt,
pawa,2026-07-17,1.724,1.309,2.243,1.548,1.915,rt,
pawa,2026-07-18,1.678,1.27,2.178,1.513,1.876,rt,
pawa,2026-07-19,1.64,1.221,2.14,1.468,1.833,rt,
pawa,2026-07-20,1.601,1.175,2.12,1.425,1.795,rt,
pawa,2026-07-21,1.572,1.164,2.053,1.404,1.752,rt,
pawa,2026-07-22,1.542,1.152,2.015,1.377,1.713,rt,
pawa,2026-07-23,1.514,1.144,1.961,1.356,1.685,rt,
pawa,2026-07-24,1.483,1.142,1.901,1.328,1.651,rt,
pawa,2026-07-25,1.455,1.118,1.863,1.303,1.61,rt,
pawa,2026-07-26,1.431,1.083,1.837,1.276,1.581,rt,
pawa,2026-07-27,1.404,1.046,1.828,1.244,1.562,rt,
pawa,2026-07-28,1.399,1.061,1.809,1.255,1.551,rt,
pawa,2026-07-29,1.396,1.069,1.783,1.258,1.542,rt,
pawa,2026-07-30,1.395,1.074,1.77,1.261,1.54,rt,
pawa,2026-07-31,1.4,1.086,1.754,1.271,1.535,rt,
pawa,2026-08-01,1.403,1.084,1.749,1.28,1.54,rt,
pawa,2026-08-02,1.411,1.074,1.769,1.274,1.543,rt,
pawa,2026-08-03,1.417,1.063,1.794,1.269,1.566,rt,
pawa,2026-08-04,1.442,1.109,1.805,1.296,1.582,rt,
pawa,2026-08-05,1.46,1.153,1.83,1.325,1.607,rt,
pawa,2026-08-06,1.484,1.177,1.85,1.348,1.635,rt,
pawa,2026-08-07,1.492,1.205,1.843,1.369,1.639,rt,
pawa,2026-08-08,1.5,1.214,1.86,1.379,1.651,rt,
pawa,2026-08-09,1.516,1.211,1.898,1.382,1.665,rt,
pawa,2026-08-10,1.502,1.181,1.917,1.363,1.656,rt,
pawa,2026-08-11,1.488,1.194,1.896,1.365,1.64,rt,
pawa,2026-08-12,1.475,1.189,1.875,1.356,1.624,rt,
pawa,2026-08-13,1.464,1.173,1.862,1.339,1.613,rt,
pawa,2026-08-14,1.445,1.168,1.85,1.321,1.594,rt,
pawa,2026-08-15,1.425,1.155,1.83,1.302,1.57,rt,
pawa,2026-08-16,1.405,1.131,1.835,1.275,1.558,rt,
pawa,2026-08-17,1.386,1.106,1.836,1.248,1.551,rt,
pawa,2026-08-18,1.351,1.082,1.759,1.223,1.503,rt,
pawa,2026-08-19,1.31,1.056,1.698,1.196,1.451,rt,
pawa,2026-08-20,1.273,1.025,1.644,1.163,1.405,rt,
pawa,2026-08-21,1.252,1.008,1.596,1.15,1.375,rt,
pawa,2026-08-22,1.23,0.995,1.559,1.129,1.344,rt,
pawa,2026-08-23,1.209,0.971,1.53,1.101,1.313,rt,
pawa,2026-08-24,1.218,0.973,1.552,1.107,1.328,rt,
pawa,2026-08-25,1.216,0.981,1.527,1.109,1.324,rt,
pawa,2026-08-26,1.211,0.982,1.504,1.106,1.32,rt,
pawa,2026-08-27,1.204,0.975,1.487,1.099,1.316,rt,
pawa,2026-08-28,1.201,0.983,1.463,1.105,1.304,rt,
pawa,2026-08-29,1.194,0.985,1.455,1.103,1.295,rt,
pawa,2026-08-30,1.19,0.971,1.447,1.096,1.288,rt,
pawa,2026-08-31,1.187,0.963,1.456,1.09,1.288,rt,
pawa,2026-09-01,1.189,0.966,1.445,1.092,1.285,rt,
pawa,2026-09-02,1.186,0.967,1.438,1.096,1.285,rt,
pawa,2026-09-03,1.183,0.957,1.437,1.094,1.284,rt,
pawa,2026-09-04,1.174,0.961,1.412,1.085,1.268,rt,
pawa,2026-09-05,1.163,0.953,1.401,1.077,1.257,rt,
pawa,2026-09-06,1.154,0.937,1.397,1.064,1.246,rt,
pawa,2026-09-07,1.126,0.899,1.387,1.031,1.222,rt,
pawa,2026-09-08,1.104,0.888,1.362,1.008,1.197,rt,
pawa,2026-09-09,1.082,0.863,1.348,0.988,1.179,rt,
pawa,2026-09-10,1.061,0.842,1.334,0.967,1.165,rt,
pawa,2026-09-11,1.034,0.819,1.293,0.942,1.13,rt,
pawa,2026-09-12,1.007,0.793,1.265,0.919,1.102,rt,
pawa,2026-09-13,0.985,0.762,1.244,0.889,1.083,rt,
pawa,2026-09-14,0.961,0.723,1.229,0.86,1.065,rt,
pawa,2026-09-15,0.94,0.706,1.209,0.834,1.043,rt,
pawa,2026-09-16,0.919,0.684,1.19,0.814,1.023,rt,
pawa,2026-09-17,0.9,0.653,1.176,0.796,1.005,rt,
pawa,2026-09-18,0.885,0.632,1.166,0.781,0.986,rt,
pawa,2026-09-19,0.868,0.612,1.153,0.761,0.973,rt,
pawa,2026-09-20,0.852,0.581,1.15,0.739,0.961,rt,
pawa,2026-09-21,0.841,0.56,1.15,0.723,0.953,rt,
pawa,2026-09-22,0.832,0.555,1.15,0.713,0.948,rt,
pawa,2026-09-23,0.824,0.545,1.165,0.704,0.944,rt,
pawa,2026-09-24,0.82,0.532,1.173,0.693,0.938,rt,
pawa,2026-09-25,0.814,0.524,1.167,0.687,0.937,rt,
pawa,2026-09-26,0.814,0.511,1.182,0.685,0.943,rt,
pawa,2026-09-27,0.81,0.506,1.19,0.676,0.95,rt,
pawa,2026-09-28,0.807,0.499,1.216,0.668,0.958,rt,
pawa,2026-09-29,0.811,0.489,1.236,0.664,0.966,rt,
pawa,2026-09-30,0.813,0.484,1.263,0.661,0.977,rt,
pawa,2026-10-01,0.815,0.479,1.296,0.658,0.984,rt,
pawa,2026-10-02,0.822,0.462,1.327,0.665,1.0,rt,
pawa,2026-10-03,0.828,0.45,1.365,0.665,1.017,rt,
pawa,2026-10-04,0.83,0.432,1.409,0.658,1.037,rt,
pawa,2026-10-05,0.838,0.417,1.473,0.65,1.059,rt,
pawa,2026-10-06,0.841,0.424,1.404,0.658,1.051,rt,
wamba,2026-07-01,2.436,1.856,3.313,2.182,2.752,rt,
wamba,2026-07-02,2.371,1.797,3.216,2.12,2.669,rt,
wamba,2026-07-03,2.29,1.738,3.058,2.044,2.557,rt,
wamba,2026-07-04,2.204,1.668,2.928,1.986,2.458,rt,
wamba,2026-07-05,2.13,1.603,2.821,1.909,2.375,rt,
wamba,2026-07-06,2.038,1.498,2.702,1.815,2.286,rt,
wamba,2026-07-07,1.978,1.477,2.597,1.767,2.211,rt,
wamba,2026-07-08,1.92,1.46,2.498,1.725,2.143,rt,
wamba,2026-07-09,1.861,1.444,2.43,1.68,2.092,rt,
wamba,2026-07-10,1.809,1.419,2.343,1.637,2.017,rt,
wamba,2026-07-11,1.761,1.371,2.273,1.592,1.947,rt,
wamba,2026-07-12,1.716,1.314,2.218,1.55,1.891,rt,
wamba,2026-07-13,1.673,1.263,2.18,1.501,1.859,rt,
wamba,2026-07-14,1.644,1.257,2.111,1.486,1.815,rt,
wamba,2026-07-15,1.617,1.262,2.058,1.47,1.776,rt,
wamba,2026-07-16,1.593,1.25,2.02,1.455,1.752,rt,
wamba,2026-07-17,1.58,1.248,1.99,1.447,1.729,rt,
wamba,2026-07-18,1.566,1.245,1.96,1.428,1.714,rt,
wamba,2026-07-19,1.55,1.232,1.956,1.407,1.71,rt,
wamba,2026-07-20,1.533,1.209,1.963,1.387,1.702,rt,
wamba,2026-07-21,1.509,1.211,1.916,1.368,1.66,rt,
wamba,2026-07-22,1.49,1.206,1.875,1.354,1.63,rt,
wamba,2026-07-23,1.462,1.191,1.848,1.339,1.606,rt,
wamba,2026-07-24,1.437,1.181,1.8,1.324,1.573,rt,
wamba,2026-07-25,1.417,1.158,1.766,1.301,1.546,rt,
wamba,2026-07-26,1.397,1.125,1.765,1.275,1.53,rt,
wamba,2026-07-27,1.378,1.087,1.779,1.251,1.518,rt,
wamba,2026-07-28,1.343,1.075,1.692,1.223,1.476,rt,
wamba,2026-07-29,1.31,1.057,1.625,1.195,1.438,rt,
wamba,2026-07-30,1.28,1.031,1.584,1.161,1.397,rt,
wamba,2026-07-31,1.255,1.021,1.535,1.145,1.362,rt,
wamba,2026-08-01,1.226,0.987,1.512,1.119,1.333,rt,
wamba,2026-08-02,1.197,0.95,1.499,1.092,1.309,rt,
wamba,2026-08-03,1.173,0.905,1.493,1.067,1.293,rt,
wamba,2026-08-04,1.166,0.912,1.46,1.058,1.273,rt,
wamba,2026-08-05,1.154,0.909,1.441,1.048,1.258,rt,
wamba,2026-08-06,1.141,0.909,1.423,1.038,1.248,rt,
wamba,2026-08-07,1.118,0.895,1.383,1.023,1.222,rt,
wamba,2026-08-08,1.095,0.878,1.362,1.003,1.196,rt,
wamba,2026-08-09,1.073,0.848,1.343,0.985,1.178,rt,
wamba,2026-08-10,1.041,0.807,1.326,0.946,1.146,rt,
wamba,2026-08-11,1.013,0.799,1.265,0.928,1.111,rt,
wamba,2026-08-12,0.988,0.783,1.223,0.903,1.079,rt,
wamba,2026-08-13,0.963,0.762,1.185,0.88,1.052,rt,
wamba,2026-08-14,0.933,0.743,1.139,0.854,1.019,rt,
wamba,2026-08-15,0.907,0.716,1.102,0.825,0.986,rt,
wamba,2026-08-16,0.879,0.687,1.076,0.794,0.959,rt,
wamba,2026-08-17,0.852,0.65,1.068,0.761,0.94,rt,
wamba,2026-08-18,0.831,0.647,1.034,0.753,0.918,rt,
wamba,2026-08-19,0.815,0.64,1.01,0.739,0.896,rt,
wamba,2026-08-20,0.803,0.624,0.989,0.722,0.878,rt,
wamba,2026-08-21,0.795,0.622,0.975,0.719,0.869,rt,
wamba,2026-08-22,0.785,0.606,0.97,0.709,0.863,rt,
wamba,2026-08-23,0.778,0.596,0.97,0.697,0.857,rt,
wamba,2026-08-24,0.789,0.591,1.005,0.706,0.877,rt,
wamba,2026-08-25,0.809,0.616,1.024,0.724,0.893,rt,
wamba,2026-08-26,0.829,0.638,1.037,0.743,0.912,rt,
wamba,2026-08-27,0.845,0.653,1.061,0.761,0.932,rt,
wamba,2026-08-28,0.863,0.675,1.082,0.787,0.951,rt,
wamba,2026-08-29,0.881,0.695,1.108,0.804,0.97,rt,
wamba,2026-08-30,0.899,0.705,1.154,0.819,0.992,rt,
wamba,2026-08-31,0.921,0.711,1.209,0.836,1.028,rt,
wamba,2026-09-01,0.943,0.741,1.214,0.859,1.043,rt,
wamba,2026-09-02,0.965,0.762,1.234,0.88,1.063,rt,
wamba,2026-09-03,0.985,0.774,1.256,0.896,1.085,rt,
wamba,2026-09-04,1.001,0.789,1.259,0.913,1.099,rt,
wamba,2026-09-05,1.015,0.797,1.269,0.925,1.114,rt,
wamba,2026-09-06,1.029,0.805,1.3,0.932,1.131,rt,
wamba,2026-09-07,1.028,0.792,1.318,0.924,1.137,rt,
wamba,2026-09-08,1.016,0.79,1.293,0.917,1.123,rt,
wamba,2026-09-09,1.004,0.781,1.277,0.908,1.113,rt,
wamba,2026-09-10,0.995,0.761,1.269,0.897,1.106,rt,
wamba,2026-09-11,0.98,0.753,1.244,0.881,1.092,rt,
wamba,2026-09-12,0.964,0.729,1.23,0.861,1.077,rt,
wamba,2026-09-13,0.948,0.713,1.225,0.84,1.064,rt,
wamba,2026-09-14,0.93,0.682,1.229,0.822,1.058,rt,
wamba,2026-09-15,0.913,0.672,1.216,0.807,1.038,rt,
wamba,2026-09-16,0.902,0.661,1.206,0.794,1.018,rt,
wamba,2026-09-17,0.887,0.641,1.201,0.78,1.004,rt,
wamba,2026-09-18,0.875,0.629,1.192,0.766,0.993,rt,
wamba,2026-09-19,0.866,0.605,1.187,0.752,0.979,rt,
wamba,2026-09-20,0.857,0.582,1.19,0.737,0.973,rt,
wamba,2026-09-21,0.851,0.559,1.206,0.727,0.98,rt,
wamba,2026-09-22,0.843,0.551,1.193,0.717,0.978,rt,
wamba,2026-09-23,0.833,0.538,1.203,0.71,0.974,rt,
wamba,2026-09-24,0.825,0.524,1.209,0.699,0.971,rt,
wamba,2026-09-25,0.826,0.515,1.223,0.693,0.973,rt,
wamba,2026-09-26,0.827,0.505,1.239,0.683,0.982,rt,
wamba,2026-09-27,0.828,0.493,1.253,0.676,0.992,rt,
wamba,2026-09-28,0.833,0.484,1.28,0.668,1.0,rt,
wamba,2026-09-29,0.834,0.483,1.285,0.67,1.006,rt,
wamba,2026-09-30,0.835,0.483,1.3,0.673,1.014,rt,
wamba,2026-10-01,0.838,0.479,1.317,0.669,1.023,rt,
wamba,2026-10-02,0.84,0.465,1.352,0.667,1.034,rt,
wamba,2026-10-03,0.851,0.463,1.406,0.667,1.059,rt,
wamba,2026-10-04,0.851,0.447,1.472,0.657,1.083,rt,
wamba,2026-10-05,0.854,0.428,1.53,0.649,1.106,rt,
wamba,2026-10-06,0.853,0.434,1.515,0.654,1.099,rt,
makiso_kisangani,2026-07-30,1.386,1.171,1.632,1.294,1.482,rt,
makiso_kisangani,2026-07-31,1.391,1.184,1.631,1.302,1.485,rt,
makiso_kisangani,2026-08-01,1.398,1.194,1.632,1.313,1.488,rt,
makiso_kisangani,2026-08-02,1.405,1.206,1.64,1.318,1.494,rt,
makiso_kisangani,2026-08-03,1.406,1.21,1.647,1.319,1.5,rt,
makiso_kisangani,2026-08-04,1.409,1.21,1.651,1.32,1.506,rt,
makiso_kisangani,2026-08-05,1.411,1.205,1.66,1.321,1.511,rt,
makiso_kisangani,2026-08-06,1.413,1.199,1.672,1.321,1.519,rt,
makiso_kisangani,2026-08-07,1.41,1.203,1.643,1.317,1.501,rt,
makiso_kisangani,2026-08-08,1.405,1.206,1.625,1.314,1.494,rt,
makiso_kisangani,2026-08-09,1.4,1.2,1.622,1.311,1.488,rt,
makiso_kisangani,2026-08-10,1.38,1.182,1.608,1.299,1.473,rt,
makiso_kisangani,2026-08-11,1.366,1.167,1.596,1.285,1.459,rt,
makiso_kisangani,2026-08-12,1.352,1.15,1.586,1.271,1.447,rt,
makiso_kisangani,2026-08-13,1.341,1.136,1.579,1.257,1.436,rt,
makiso_kisangani,2026-08-14,1.328,1.133,1.554,1.244,1.421,rt,
makiso_kisangani,2026-08-15,1.313,1.118,1.538,1.229,1.408,rt,
makiso_kisangani,2026-08-16,1.302,1.11,1.529,1.216,1.394,rt,
makiso_kisangani,2026-08-17,1.296,1.101,1.531,1.207,1.387,rt,
makiso_kisangani,2026-08-18,1.289,1.091,1.535,1.198,1.382,rt,
makiso_kisangani,2026-08-19,1.284,1.076,1.538,1.19,1.379,rt,
makiso_kisangani,2026-08-20,1.279,1.066,1.543,1.182,1.377,rt,
makiso_kisangani,2026-08-21,1.278,1.077,1.531,1.187,1.373,rt,
makiso_kisangani,2026-08-22,1.279,1.083,1.516,1.19,1.374,rt,
makiso_kisangani,2026-08-23,1.282,1.087,1.509,1.19,1.374,rt,
makiso_kisangani,2026-08-24,1.291,1.097,1.521,1.199,1.385,rt,
makiso_kisangani,2026-08-25,1.3,1.103,1.529,1.211,1.395,rt,
makiso_kisangani,2026-08-26,1.314,1.107,1.542,1.219,1.406,rt,
makiso_kisangani,2026-08-27,1.321,1.114,1.562,1.223,1.42,rt,
makiso_kisangani,2026-08-28,1.329,1.126,1.558,1.237,1.42,rt,
makiso_kisangani,2026-08-29,1.334,1.137,1.563,1.244,1.425,rt,
makiso_kisangani,2026-08-30,1.339,1.145,1.563,1.251,1.431,rt,
makiso_kisangani,2026-08-31,1.331,1.135,1.558,1.247,1.422,rt,
makiso_kisangani,2026-09-01,1.324,1.123,1.551,1.237,1.414,rt,
makiso_kisangani,2026-09-02,1.315,1.109,1.558,1.227,1.411,rt,
makiso_kisangani,2026-09-03,1.308,1.094,1.556,1.219,1.411,rt,
makiso_kisangani,2026-09-04,1.3,1.091,1.539,1.213,1.394,rt,
makiso_kisangani,2026-09-05,1.29,1.084,1.52,1.203,1.384,rt,
makiso_kisangani,2026-09-06,1.28,1.071,1.516,1.19,1.375,rt,
makiso_kisangani,2026-09-07,1.252,1.048,1.493,1.162,1.346,rt,
makiso_kisangani,2026-09-08,1.227,1.018,1.466,1.137,1.319,rt,
makiso_kisangani,2026-09-09,1.203,0.995,1.447,1.113,1.297,rt,
makiso_kisangani,2026-09-10,1.181,0.968,1.429,1.087,1.28,rt,
makiso_kisangani,2026-09-11,1.16,0.949,1.394,1.072,1.248,rt,
makiso_kisangani,2026-09-12,1.137,0.932,1.367,1.053,1.221,rt,
makiso_kisangani,2026-09-13,1.115,0.916,1.339,1.034,1.201,rt,
makiso_kisangani,2026-09-14,1.107,0.908,1.33,1.022,1.193,rt,
makiso_kisangani,2026-09-15,1.097,0.895,1.327,1.013,1.186,rt,
makiso_kisangani,2026-09-16,1.089,0.887,1.318,1.002,1.179,rt,
makiso_kisangani,2026-09-17,1.082,0.876,1.321,0.989,1.172,rt,
makiso_kisangani,2026-09-18,1.075,0.873,1.323,0.987,1.171,rt,
makiso_kisangani,2026-09-19,1.071,0.864,1.319,0.984,1.169,rt,
makiso_kisangani,2026-09-20,1.069,0.853,1.327,0.978,1.168,rt,
makiso_kisangani,2026-09-21,1.077,0.849,1.35,0.981,1.179,rt,
makiso_kisangani,2026-09-22,1.083,0.843,1.374,0.985,1.188,rt,
makiso_kisangani,2026-09-23,1.089,0.835,1.404,0.986,1.198,rt,
makiso_kisangani,2026-09-24,1.095,0.827,1.427,0.989,1.212,rt,
makiso_kisangani,2026-09-25,1.097,0.825,1.425,0.987,1.222,rt,
makiso_kisangani,2026-09-26,1.099,0.817,1.438,0.989,1.228,rt,
makiso_kisangani,2026-09-27,1.103,0.81,1.463,0.986,1.239,rt,
makiso_kisangani,2026-09-28,1.099,0.796,1.468,0.979,1.241,rt,
makiso_kisangani,2026-09-29,1.1,0.788,1.486,0.974,1.242,rt,
makiso_kisangani,2026-09-30,1.098,0.778,1.496,0.967,1.246,rt,
makiso_kisangani,2026-10-01,1.093,0.766,1.5,0.959,1.251,rt,
makiso_kisangani,2026-10-02,1.09,0.751,1.529,0.952,1.259,rt,
makiso_kisangani,2026-10-03,1.086,0.725,1.562,0.935,1.271,rt,
makiso_kisangani,2026-10-04,1.087,0.699,1.598,0.923,1.283,rt,
makiso_kisangani,2026-10-05,1.084,0.675,1.641,0.905,1.292,rt,
makiso_kisangani,2026-10-06,1.087,0.696,1.585,0.919,1.275,rt,
mangobo,2026-09-14,1.117,0.916,1.342,1.034,1.205,rt,
mangobo,2026-09-15,1.109,0.908,1.336,1.021,1.199,rt,
mangobo,2026-09-16,1.099,0.898,1.333,1.011,1.19,rt,
mangobo,2026-09-17,1.091,0.883,1.334,1.002,1.184,rt,
mangobo,2026-09-18,1.088,0.881,1.329,0.998,1.181,rt,
mangobo,2026-09-19,1.085,0.871,1.331,0.994,1.179,rt,
mangobo,2026-09-20,1.081,0.862,1.341,0.989,1.177,rt,
mangobo,2026-09-21,1.087,0.859,1.361,0.992,1.189,rt,
mangobo,2026-09-22,1.094,0.852,1.387,0.997,1.202,rt,
mangobo,2026-09-23,1.103,0.846,1.415,0.998,1.215,rt,
mangobo,2026-09-24,1.108,0.841,1.435,1.001,1.229,rt,
mangobo,2026-09-25,1.108,0.835,1.439,1.004,1.236,rt,
mangobo,2026-09-26,1.112,0.83,1.453,1.001,1.242,rt,
mangobo,2026-09-27,1.114,0.818,1.476,0.999,1.25,rt,
mangobo,2026-09-28,1.113,0.806,1.487,0.991,1.254,rt,
mangobo,2026-09-29,1.111,0.797,1.502,0.984,1.255,rt,
mangobo,2026-09-30,1.11,0.791,1.517,0.975,1.262,rt,
mangobo,2026-10-01,1.106,0.779,1.523,0.97,1.268,rt,
mangobo,2026-10-02,1.104,0.766,1.544,0.964,1.275,rt,
mangobo,2026-10-03,1.103,0.744,1.582,0.946,1.286,rt,
mangobo,2026-10-04,1.102,0.71,1.626,0.935,1.295,rt,
mangobo,2026-10-05,1.098,0.687,1.663,0.917,1.306,rt,
mangobo,2026-10-06,1.1,0.708,1.604,0.93,1.289,rt,
adja,2026-08-18,,,,,,cases,0
adja,2026-08-25,,,,,,cases,0
adja,2026-09-01,,,,,,cases,0
adja,2026-09-08,,,,,,cases,0
adja,2026-09-15,,,,,,cases,0
adja,2026-09-22,,,,,,cases,0
adja,2026-09-29,,,,,,cases,0
adja,2026-10-06,,,,,,cases,1
ariwara,2026-08-18,,,,,,cases,1
ariwara,2026-08-25,,,,,,cases,0
ariwara,2026-09-01,,,,,,cases,0
ariwara,2026-09-08,,,,,,cases,0
ariwara,2026-09-15,,,,,,cases,0
ariwara,2026-09-22,,,,,,cases,0
ariwara,2026-09-29,,,,,,cases,0
ariwara,2026-10-06,,,,,,cases,0
aru,2026-08-18,,,,,,cases,0
aru,2026-08-25,,,,,,cases,0
aru,2026-09-01,,,,,,cases,1
aru,2026-09-08,,,,,,cases,0
aru,2026-09-15,,,,,,cases,0
aru,2026-09-22,,,,,,cases,0
aru,2026-09-29,,,,,,cases,0
aru,2026-10-06,,,,,,cases,0
aungba,2026-08-18,,,,,,cases,1
aungba,2026-08-25,,,,,,cases,1
aungba,2026-09-01,,,,,,cases,0
aungba,2026-09-08,,,,,,cases,0
aungba,2026-09-15,,,,,,cases,0
aungba,2026-09-22,,,,,,cases,0
aungba,2026-09-29,,,,,,cases,0
aungba,2026-10-06,,,,,,cases,0
bambu,2026-08-18,,,,,,cases,21
bambu,2026-08-25,,,,,,cases,34
bambu,2026-09-01,,,,,,cases,17
bambu,2026-09-08,,,,,,cases,11
bambu,2026-09-15,,,,,,cases,3
bambu,2026-09-22,,,,,,cases,18
bambu,2026-09-29,,,,,,cases,5
bambu,2026-10-06,,,,,,cases,8
boga,2026-08-18,,,,,,cases,0
boga,2026-08-25,,,,,,cases,1
boga,2026-09-01,,,,,,cases,0
boga,2026-09-08,,,,,,cases,0
boga,2026-09-15,,,,,,cases,0
boga,2026-09-22,,,,,,cases,0
boga,2026-09-29,,,,,,cases,0
boga,2026-10-06,,,,,,cases,0
bunia,2026-08-18,,,,,,cases,176
bunia,2026-08-25,,,,,,cases,98
bunia,2026-09-01,,,,,,cases,96
bunia,2026-09-08,,,,,,cases,110
bunia,2026-09-15,,,,,,cases,88
bunia,2026-09-22,,,,,,cases,67
bunia,2026-09-29,,,,,,cases,50
bunia,2026-10-06,,,,,,cases,62
damas,2026-08-18,,,,,,cases,7
damas,2026-08-25,,,,,,cases,2
damas,2026-09-01,,,,,,cases,1
damas,2026-09-08,,,,,,cases,4
damas,2026-09-15,,,,,,cases,8
damas,2026-09-22,,,,,,cases,0
damas,2026-09-29,,,,,,cases,0
damas,2026-10-06,,,,,,cases,0
drodro,2026-08-18,,,,,,cases,1
drodro,2026-08-25,,,,,,cases,0
drodro,2026-09-01,,,,,,cases,1
drodro,2026-09-08,,,,,,cases,1
drodro,2026-09-15,,,,,,cases,0
drodro,2026-09-22,,,,,,cases,0
drodro,2026-09-29,,,,,,cases,0
drodro,2026-10-06,,,,,,cases,0
fataki,2026-08-18,,,,,,cases,17
fataki,2026-08-25,,,,,,cases,1
fataki,2026-09-01,,,,,,cases,4
fataki,2026-09-08,,,,,,cases,1
fataki,2026-09-15,,,,,,cases,1
fataki,2026-09-22,,,,,,cases,2
fataki,2026-09-29,,,,,,cases,1
fataki,2026-10-06,,,,,,cases,2
gety,2026-08-18,,,,,,cases,3
gety,2026-08-25,,,,,,cases,0
gety,2026-09-01,,,,,,cases,1
gety,2026-09-08,,,,,,cases,1
gety,2026-09-15,,,,,,cases,0
gety,2026-09-22,,,,,,cases,0
gety,2026-09-29,,,,,,cases,0
gety,2026-10-06,,,,,,cases,2
kambala,2026-08-18,,,,,,cases,0
kambala,2026-08-25,,,,,,cases,0
kambala,2026-09-01,,,,,,cases,0
kambala,2026-09-08,,,,,,cases,0
kambala,2026-09-15,,,,,,cases,0
kambala,2026-09-22,,,,,,cases,0
kambala,2026-09-29,,,,,,cases,0
kambala,2026-10-06,,,,,,cases,0
kilo,2026-08-18,,,,,,cases,2
kilo,2026-08-25,,,,,,cases,1
kilo,2026-09-01,,,,,,cases,0
kilo,2026-09-08,,,,,,cases,1
kilo,2026-09-15,,,,,,cases,0
kilo,2026-09-22,,,,,,cases,1
kilo,2026-09-29,,,,,,cases,1
kilo,2026-10-06,,,,,,cases,3
komanda,2026-08-18,,,,,,cases,11
komanda,2026-08-25,,,,,,cases,8
komanda,2026-09-01,,,,,,cases,31
komanda,2026-09-08,,,,,,cases,26
komanda,2026-09-15,,,,,,cases,18
komanda,2026-09-22,,,,,,cases,17
komanda,2026-09-29,,,,,,cases,16
komanda,2026-10-06,,,,,,cases,7
lita,2026-08-18,,,,,,cases,23
lita,2026-08-25,,,,,,cases,18
lita,2026-09-01,,,,,,cases,20
lita,2026-09-08,,,,,,cases,23
lita,2026-09-15,,,,,,cases,17
lita,2026-09-22,,,,,,cases,12
lita,2026-09-29,,,,,,cases,8
lita,2026-10-06,,,,,,cases,11
logo,2026-08-18,,,,,,cases,0
logo,2026-08-25,,,,,,cases,0
logo,2026-09-01,,,,,,cases,0
logo,2026-09-08,,,,,,cases,2
logo,2026-09-15,,,,,,cases,0
logo,2026-09-22,,,,,,cases,0
logo,2026-09-29,,,,,,cases,0
logo,2026-10-06,,,,,,cases,1
lolwa,2026-08-18,,,,,,cases,6
lolwa,2026-08-25,,,,,,cases,2
lolwa,2026-09-01,,,,,,cases,3
lolwa,2026-09-08,,,,,,cases,3
lolwa,2026-09-15,,,,,,cases,6
lolwa,2026-09-22,,,,,,cases,1
lolwa,2026-09-29,,,,,,cases,2
lolwa,2026-10-06,,,,,,cases,1
mahagi,2026-08-18,,,,,,cases,0
mahagi,2026-08-25,,,,,,cases,0
mahagi,2026-09-01,,,,,,cases,0
mahagi,2026-09-08,,,,,,cases,0
mahagi,2026-09-15,,,,,,cases,0
mahagi,2026-09-22,,,,,,cases,0
mahagi,2026-09-29,,,,,,cases,0
mahagi,2026-10-06,,,,,,cases,0
mambasa,2026-08-18,,,,,,cases,1
mambasa,2026-08-25,,,,,,cases,3
mambasa,2026-09-01,,,,,,cases,0
mambasa,2026-09-08,,,,,,cases,0
mambasa,2026-09-15,,,,,,cases,0
mambasa,2026-09-22,,,,,,cases,6
mambasa,2026-09-29,,,,,,cases,6
mambasa,2026-10-06,,,,,,cases,12
mandima,2026-08-18,,,,,,cases,6
mandima,2026-08-25,,,,,,cases,7
mandima,2026-09-01,,,,,,cases,4
mandima,2026-09-08,,,,,,cases,8
mandima,2026-09-15,,,,,,cases,13
mandima,2026-09-22,,,,,,cases,9
mandima,2026-09-29,,,,,,cases,71
mandima,2026-10-06,,,,,,cases,61
mangala,2026-08-18,,,,,,cases,57
mangala,2026-08-25,,,,,,cases,30
mangala,2026-09-01,,,,,,cases,60
mangala,2026-09-08,,,,,,cases,34
mangala,2026-09-15,,,,,,cases,25
mangala,2026-09-22,,,,,,cases,19
mangala,2026-09-29,,,,,,cases,10
mangala,2026-10-06,,,,,,cases,15
mongbwalu,2026-08-18,,,,,,cases,17
mongbwalu,2026-08-25,,,,,,cases,12
mongbwalu,2026-09-01,,,,,,cases,10
mongbwalu,2026-09-08,,,,,,cases,25
mongbwalu,2026-09-15,,,,,,cases,30
mongbwalu,2026-09-22,,,,,,cases,22
mongbwalu,2026-09-29,,,,,,cases,9
mongbwalu,2026-10-06,,,,,,cases,9
nia_nia,2026-08-18,,,,,,cases,36
nia_nia,2026-08-25,,,,,,cases,21
nia_nia,2026-09-01,,,,,,cases,17
nia_nia,2026-09-08,,,,,,cases,12
nia_nia,2026-09-15,,,,,,cases,20
nia_nia,2026-09-22,,,,,,cases,21
nia_nia,2026-09-29,,,,,,cases,29
nia_nia,2026-10-06,,,,,,cases,16
nizi,2026-08-18,,,,,,cases,69
nizi,2026-08-25,,,,,,cases,70
nizi,2026-09-01,,,,,,cases,42
nizi,2026-09-08,,,,,,cases,53
nizi,2026-09-15,,,,,,cases,19
nizi,2026-09-22,,,,,,cases,20
nizi,2026-09-29,,,,,,cases,16
nizi,2026-10-06,,,,,,cases,14
nyankunde,2026-08-18,,,,,,cases,5
nyankunde,2026-08-25,,,,,,cases,3
nyankunde,2026-09-01,,,,,,cases,0
nyankunde,2026-09-08,,,,,,cases,1
nyankunde,2026-09-15,,,,,,cases,0
nyankunde,2026-09-22,,,,,,cases,2
nyankunde,2026-09-29,,,,,,cases,2
nyankunde,2026-10-06,,,,,,cases,1
rimba,2026-08-18,,,,,,cases,0
rimba,2026-08-25,,,,,,cases,1
rimba,2026-09-01,,,,,,cases,1
rimba,2026-09-08,,,,,,cases,0
rimba,2026-09-15,,,,,,cases,0
rimba,2026-09-22,,,,,,cases,1
rimba,2026-09-29,,,,,,cases,0
rimba,2026-10-06,,,,,,cases,2
rwampara,2026-08-18,,,,,,cases,114
rwampara,2026-08-25,,,,,,cases,42
rwampara,2026-09-01,,,,,,cases,43
rwampara,2026-09-08,,,,,,cases,35
rwampara,2026-09-15,,,,,,cases,30
rwampara,2026-09-22,,,,,,cases,32
rwampara,2026-09-29,,,,,,cases,22
rwampara,2026-10-06,,,,,,cases,35
tchomia,2026-08-18,,,,,,cases,3
tchomia,2026-08-25,,,,,,cases,4
tchomia,2026-09-01,,,,,,cases,2
tchomia,2026-09-08,,,,,,cases,6
tchomia,2026-09-15,,,,,,cases,12
tchomia,2026-09-22,,,,,,cases,0
tchomia,2026-09-29,,,,,,cases,1
tchomia,2026-10-06,,,,,,cases,0
alimbongo,2026-08-18,,,,,,cases,0
alimbongo,2026-08-25,,,,,,cases,0
alimbongo,2026-09-01,,,,,,cases,0
alimbongo,2026-09-08,,,,,,cases,0
alimbongo,2026-09-15,,,,,,cases,0
alimbongo,2026-09-22,,,,,,cases,0
alimbongo,2026-09-29,,,,,,cases,0
alimbongo,2026-10-06,,,,,,cases,5
beni,2026-08-18,,,,,,cases,20
beni,2026-08-25,,,,,,cases,20
beni,2026-09-01,,,,,,cases,28
beni,2026-09-08,,,,,,cases,39
beni,2026-09-15,,,,,,cases,56
beni,2026-09-22,,,,,,cases,51
beni,2026-09-29,,,,,,cases,56
beni,2026-10-06,,,,,,cases,61
biena,2026-08-18,,,,,,cases,0
biena,2026-08-25,,,,,,cases,0
biena,2026-09-01,,,,,,cases,1
biena,2026-09-08,,,,,,cases,8
biena,2026-09-15,,,,,,cases,9
biena,2026-09-22,,,,,,cases,0
biena,2026-09-29,,,,,,cases,1
biena,2026-10-06,,,,,,cases,4
butembo,2026-08-18,,,,,,cases,21
butembo,2026-08-25,,,,,,cases,22
butembo,2026-09-01,,,,,,cases,34
butembo,2026-09-08,,,,,,cases,37
butembo,2026-09-15,,,,,,cases,25
butembo,2026-09-22,,,,,,cases,11
butembo,2026-09-29,,,,,,cases,10
butembo,2026-10-06,,,,,,cases,23
goma,2026-08-18,,,,,,cases,0
goma,2026-08-25,,,,,,cases,0
goma,2026-09-01,,,,,,cases,0
goma,2026-09-08,,,,,,cases,0
goma,2026-09-15,,,,,,cases,0
goma,2026-09-22,,,,,,cases,0
goma,2026-09-29,,,,,,cases,0
goma,2026-10-06,,,,,,cases,0
kalunguta,2026-08-18,,,,,,cases,3
kalunguta,2026-08-25,,,,,,cases,3
kalunguta,2026-09-01,,,,,,cases,0
kalunguta,2026-09-08,,,,,,cases,4
kalunguta,2026-09-15,,,,,,cases,16
kalunguta,2026-09-22,,,,,,cases,13
kalunguta,2026-09-29,,,,,,cases,5
kalunguta,2026-10-06,,,,,,cases,9
katwa,2026-08-18,,,,,,cases,71
katwa,2026-08-25,,,,,,cases,50
katwa,2026-09-01,,,,,,cases,48
katwa,2026-09-08,,,,,,cases,69
katwa,2026-09-15,,,,,,cases,56
katwa,2026-09-22,,,,,,cases,15
katwa,2026-09-29,,,,,,cases,14
katwa,2026-10-06,,,,,,cases,46
kayna,2026-08-18,,,,,,cases,0
kayna,2026-08-25,,,,,,cases,0
kayna,2026-09-01,,,,,,cases,0
kayna,2026-09-08,,,,,,cases,1
kayna,2026-09-15,,,,,,cases,0
kayna,2026-09-22,,,,,,cases,0
kayna,2026-09-29,,,,,,cases,0
kayna,2026-10-06,,,,,,cases,2
kyondo,2026-08-18,,,,,,cases,2
kyondo,2026-08-25,,,,,,cases,1
kyondo,2026-09-01,,,,,,cases,0
kyondo,2026-09-08,,,,,,cases,9
kyondo,2026-09-15,,,,,,cases,5
kyondo,2026-09-22,,,,,,cases,2
kyondo,2026-09-29,,,,,,cases,1
kyondo,2026-10-06,,,,,,cases,4
lubero,2026-08-18,,,,,,cases,0
lubero,2026-08-25,,,,,,cases,0
lubero,2026-09-01,,,,,,cases,2
lubero,2026-09-08,,,,,,cases,4
lubero,2026-09-15,,,,,,cases,8
lubero,2026-09-22,,,,,,cases,5
lubero,2026-09-29,,,,,,cases,1
lubero,2026-10-06,,,,,,cases,2
mabalako,2026-08-18,,,,,,cases,1
mabalako,2026-08-25,,,,,,cases,1
mabalako,2026-09-01,,,,,,cases,3
mabalako,2026-09-08,,,,,,cases,4
mabalako,2026-09-15,,,,,,cases,9
mabalako,2026-09-22,,,,,,cases,5
mabalako,2026-09-29,,,,,,cases,9
mabalako,2026-10-06,,,,,,cases,18
manguredjipa,2026-08-18,,,,,,cases,0
manguredjipa,2026-08-25,,,,,,cases,0
manguredjipa,2026-09-01,,,,,,cases,2
manguredjipa,2026-09-08,,,,,,cases,2
manguredjipa,2026-09-15,,,,,,cases,5
manguredjipa,2026-09-22,,,,,,cases,4
manguredjipa,2026-09-29,,,,,,cases,0
manguredjipa,2026-10-06,,,,,,cases,0
masereka,2026-08-18,,,,,,cases,0
masereka,2026-08-25,,,,,,cases,0
masereka,2026-09-01,,,,,,cases,4
masereka,2026-09-08,,,,,,cases,4
masereka,2026-09-15,,,,,,cases,8
masereka,2026-09-22,,,,,,cases,2
masereka,2026-09-29,,,,,,cases,4
masereka,2026-10-06,,,,,,cases,5
musienene,2026-08-18,,,,,,cases,14
musienene,2026-08-25,,,,,,cases,9
musienene,2026-09-01,,,,,,cases,11
musienene,2026-09-08,,,,,,cases,18
musienene,2026-09-15,,,,,,cases,16
musienene,2026-09-22,,,,,,cases,4
musienene,2026-09-29,,,,,,cases,3
musienene,2026-10-06,,,,,,cases,16
mutwanga,2026-08-18,,,,,,cases,0
mutwanga,2026-08-25,,,,,,cases,1
mutwanga,2026-09-01,,,,,,cases,1
mutwanga,2026-09-08,,,,,,cases,0
mutwanga,2026-09-15,,,,,,cases,4
mutwanga,2026-09-22,,,,,,cases,4
mutwanga,2026-09-29,,,,,,cases,2
mutwanga,2026-10-06,,,,,,cases,8
oicha,2026-08-18,,,,,,cases,1
oicha,2026-08-25,,,,,,cases,1
oicha,2026-09-01,,,,,,cases,0
oicha,2026-09-08,,,,,,cases,2
oicha,2026-09-15,,,,,,cases,3
oicha,2026-09-22,,,,,,cases,3
oicha,2026-09-29,,,,,,cases,11
oicha,2026-10-06,,,,,,cases,8
vuhovi,2026-08-18,,,,,,cases,2
vuhovi,2026-08-25,,,,,,cases,0
vuhovi,2026-09-01,,,,,,cases,1
vuhovi,2026-09-08,,,,,,cases,4
vuhovi,2026-09-15,,,,,,cases,10
vuhovi,2026-09-22,,,,,,cases,7
vuhovi,2026-09-29,,,,,,cases,4
vuhovi,2026-10-06,,,,,,cases,4
boma_mangbetu,2026-08-18,,,,,,cases,2
boma_mangbetu,2026-08-25,,,,,,cases,3
boma_mangbetu,2026-09-01,,,,,,cases,1
boma_mangbetu,2026-09-08,,,,,,cases,2
boma_mangbetu,2026-09-15,,,,,,cases,5
boma_mangbetu,2026-09-22,,,,,,cases,2
boma_mangbetu,2026-09-29,,,,,,cases,3
boma_mangbetu,2026-10-06,,,,,,cases,4
dungu,2026-08-18,,,,,,cases,0
dungu,2026-08-25,,,,,,cases,0
dungu,2026-09-01,,,,,,cases,0
dungu,2026-09-08,,,,,,cases,0
dungu,2026-09-15,,,,,,cases,0
dungu,2026-09-22,,,,,,cases,1
dungu,2026-09-29,,,,,,cases,0
dungu,2026-10-06,,,,,,cases,0
gombari,2026-08-18,,,,,,cases,0
gombari,2026-08-25,,,,,,cases,2
gombari,2026-09-01,,,,,,cases,0
gombari,2026-09-08,,,,,,cases,0
gombari,2026-09-15,,,,,,cases,0
gombari,2026-09-22,,,,,,cases,0
gombari,2026-09-29,,,,,,cases,0
gombari,2026-10-06,,,,,,cases,0
isiro,2026-08-18,,,,,,cases,24
isiro,2026-08-25,,,,,,cases,19
isiro,2026-09-01,,,,,,cases,11
isiro,2026-09-08,,,,,,cases,7
isiro,2026-09-15,,,,,,cases,6
isiro,2026-09-22,,,,,,cases,1
isiro,2026-09-29,,,,,,cases,3
isiro,2026-10-06,,,,,,cases,0
pawa,2026-08-18,,,,,,cases,3
pawa,2026-08-25,,,,,,cases,0
pawa,2026-09-01,,,,,,cases,17
pawa,2026-09-08,,,,,,cases,9
pawa,2026-09-15,,,,,,cases,15
pawa,2026-09-22,,,,,,cases,9
pawa,2026-09-29,,,,,,cases,15
pawa,2026-10-06,,,,,,cases,7
rungu,2026-08-18,,,,,,cases,0
rungu,2026-08-25,,,,,,cases,0
rungu,2026-09-01,,,,,,cases,0
rungu,2026-09-08,,,,,,cases,1
rungu,2026-09-15,,,,,,cases,0
rungu,2026-09-22,,,,,,cases,0
rungu,2026-09-29,,,,,,cases,0
rungu,2026-10-06,,,,,,cases,2
wamba,2026-08-18,,,,,,cases,12
wamba,2026-08-25,,,,,,cases,12
wamba,2026-09-01,,,,,,cases,13
wamba,2026-09-08,,,,,,cases,8
wamba,2026-09-15,,,,,,cases,6
wamba,2026-09-22,,,,,,cases,13
wamba,2026-09-29,,,,,,cases,7
wamba,2026-10-06,,,,,,cases,7
miti_murhesa,2026-08-18,,,,,,cases,0
miti_murhesa,2026-08-25,,,,,,cases,0
miti_murhesa,2026-09-01,,,,,,cases,0
miti_murhesa,2026-09-08,,,,,,cases,0
miti_murhesa,2026-09-15,,,,,,cases,0
miti_murhesa,2026-09-22,,,,,,cases,0
miti_murhesa,2026-09-29,,,,,,cases,0
miti_murhesa,2026-10-06,,,,,,cases,0
bafwasende,2026-08-18,,,,,,cases,0
bafwasende,2026-08-25,,,,,,cases,0
bafwasende,2026-09-01,,,,,,cases,1
bafwasende,2026-09-08,,,,,,cases,2
bafwasende,2026-09-15,,,,,,cases,3
bafwasende,2026-09-22,,,,,,cases,0
bafwasende,2026-09-29,,,,,,cases,0
bafwasende,2026-10-06,,,,,,cases,0
kabondo,2026-08-18,,,,,,cases,1
kabondo,2026-08-25,,,,,,cases,0
kabondo,2026-09-01,,,,,,cases,0
kabondo,2026-09-08,,,,,,cases,1
kabondo,2026-09-15,,,,,,cases,0
kabondo,2026-09-22,,,,,,cases,1
kabondo,2026-09-29,,,,,,cases,0
kabondo,2026-10-06,,,,,,cases,0
lubunga,2026-08-18,,,,,,cases,0
lubunga,2026-08-25,,,,,,cases,0
lubunga,2026-09-01,,,,,,cases,0
lubunga,2026-09-08,,,,,,cases,0
lubunga,2026-09-15,,,,,,cases,0
lubunga,2026-09-22,,,,,,cases,0
lubunga,2026-09-29,,,,,,cases,0
lubunga,2026-10-06,,,,,,cases,0
makiso_kisangani,2026-08-18,,,,,,cases,2
makiso_kisangani,2026-08-25,,,,,,cases,1
makiso_kisangani,2026-09-01,,,,,,cases,3
makiso_kisangani,2026-09-08,,,,,,cases,1
makiso_kisangani,2026-09-15,,,,,,cases,1
makiso_kisangani,2026-09-22,,,,,,cases,11
makiso_kisangani,2026-09-29,,,,,,cases,2
makiso_kisangani,2026-10-06,,,,,,cases,3
mangobo,2026-08-18,,,,,,cases,1
mangobo,2026-08-25,,,,,,cases,0
mangobo,2026-09-01,,,,,,cases,1
mangobo,2026-09-08,,,,,,cases,0
mangobo,2026-09-15,,,,,,cases,1
mangobo,2026-09-22,,,,,,cases,1
mangobo,2026-09-29,,,,,,cases,1
mangobo,2026-10-06,,,,,,cases,2
tshopo,2026-08-18,,,,,,cases,1
tshopo,2026-08-25,,,,,,cases,0
tshopo,2026-09-01,,,,,,cases,0
tshopo,2026-09-08,,,,,,cases,0
tshopo,2026-09-15,,,,,,cases,0
tshopo,2026-09-22,,,,,,cases,0
tshopo,2026-09-29,,,,,,cases,0
tshopo,2026-10-06,,,,,,cases,1
wanie_rukula,2026-08-18,,,,,,cases,0
wanie_rukula,2026-08-25,,,,,,cases,0
wanie_rukula,2026-09-01,,,,,,cases,0
wanie_rukula,2026-09-08,,,,,,cases,0
wanie_rukula,2026-09-15,,,,,,cases,0
wanie_rukula,2026-09-22,,,,,,cases,0
wanie_rukula,2026-09-29,,,,,,cases,0
wanie_rukula,2026-10-06,,,,,,cases,0
buta,2026-08-18,,,,,,cases,1
buta,2026-08-25,,,,,,cases,0
buta,2026-09-01,,,,,,cases,0
buta,2026-09-08,,,,,,cases,0
buta,2026-09-15,,,,,,cases,0
buta,2026-09-22,,,,,,cases,0
buta,2026-09-29,,,,,,cases,0
buta,2026-10-06,,,,,,cases,0
ganga,2026-08-18,,,,,,cases,0
ganga,2026-08-25,,,,,,cases,1
ganga,2026-09-01,,,,,,cases,1
ganga,2026-09-08,,,,,,cases,0
ganga,2026-09-15,,,,,,cases,1
ganga,2026-09-22,,,,,,cases,0
ganga,2026-09-29,,,,,,cases,0
ganga,2026-10-06,,,,,,cases,0
viadana,2026-08-18,,,,,,cases,1
viadana,2026-08-25,,,,,,cases,0
viadana,2026-09-01,,,,,,cases,0
viadana,2026-09-08,,,,,,cases,0
viadana,2026-09-15,,,,,,cases,2
viadana,2026-09-22,,,,,,cases,0
viadana,2026-09-29,,,,,,cases,3
viadana,2026-10-06,,,,,,cases,0
bulu,2026-08-18,,,,,,cases,0
bulu,2026-08-25,,,,,,cases,0
bulu,2026-09-01,,,,,,cases,0
bulu,2026-09-08,,,,,,cases,0
bulu,2026-09-15,,,,,,cases,1
bulu,2026-09-22,,,,,,cases,1
bulu,2026-09-29,,,,,,cases,0
bulu,2026-10-06,,,,,,cases,0
adja,2026-08-18,,,,,,deaths,0
adja,2026-08-25,,,,,,deaths,0
adja,2026-09-01,,,,,,deaths,0
adja,2026-09-08,,,,,,deaths,0
adja,2026-09-15,,,,,,deaths,0
adja,2026-09-22,,,,,,deaths,0
adja,2026-09-29,,,,,,deaths,0
adja,2026-10-06,,,,,,deaths,0
ariwara,2026-08-18,,,,,,deaths,0
ariwara,2026-08-25,,,,,,deaths,0
ariwara,2026-09-01,,,,,,deaths,0
ariwara,2026-09-08,,,,,,deaths,0
ariwara,2026-09-15,,,,,,deaths,0
ariwara,2026-09-22,,,,,,deaths,0
ariwara,2026-09-29,,,,,,deaths,0
ariwara,2026-10-06,,,,,,deaths,0
aru,2026-08-18,,,,,,deaths,0
aru,2026-08-25,,,,,,deaths,0
aru,2026-09-01,,,,,,deaths,0
aru,2026-09-08,,,,,,deaths,0
aru,2026-09-15,,,,,,deaths,0
aru,2026-09-22,,,,,,deaths,0
aru,2026-09-29,,,,,,deaths,0
aru,2026-10-06,,,,,,deaths,0
aungba,2026-08-18,,,,,,deaths,0
aungba,2026-08-25,,,,,,deaths,0
aungba,2026-09-01,,,,,,deaths,0
aungba,2026-09-08,,,,,,deaths,0
aungba,2026-09-15,,,,,,deaths,0
aungba,2026-09-22,,,,,,deaths,0
aungba,2026-09-29,,,,,,deaths,0
aungba,2026-10-06,,,,,,deaths,0
bambu,2026-08-18,,,,,,deaths,4
bambu,2026-08-25,,,,,,deaths,3
bambu,2026-09-01,,,,,,deaths,7
bambu,2026-09-08,,,,,,deaths,3
bambu,2026-09-15,,,,,,deaths,0
bambu,2026-09-22,,,,,,deaths,2
bambu,2026-09-29,,,,,,deaths,5
bambu,2026-10-06,,,,,,deaths,1
boga,2026-08-18,,,,,,deaths,0
boga,2026-08-25,,,,,,deaths,1
boga,2026-09-01,,,,,,deaths,0
boga,2026-09-08,,,,,,deaths,0
boga,2026-09-15,,,,,,deaths,0
boga,2026-09-22,,,,,,deaths,0
boga,2026-09-29,,,,,,deaths,0
boga,2026-10-06,,,,,,deaths,0
bunia,2026-08-18,,,,,,deaths,67
bunia,2026-08-25,,,,,,deaths,27
bunia,2026-09-01,,,,,,deaths,31
bunia,2026-09-08,,,,,,deaths,34
bunia,2026-09-15,,,,,,deaths,34
bunia,2026-09-22,,,,,,deaths,18
bunia,2026-09-29,,,,,,deaths,33
bunia,2026-10-06,,,,,,deaths,33
damas,2026-08-18,,,,,,deaths,1
damas,2026-08-25,,,,,,deaths,0
damas,2026-09-01,,,,,,deaths,0
damas,2026-09-08,,,,,,deaths,0
damas,2026-09-15,,,,,,deaths,0
damas,2026-09-22,,,,,,deaths,0
damas,2026-09-29,,,,,,deaths,0
damas,2026-10-06,,,,,,deaths,0
drodro,2026-08-18,,,,,,deaths,0
drodro,2026-08-25,,,,,,deaths,0
drodro,2026-09-01,,,,,,deaths,1
drodro,2026-09-08,,,,,,deaths,0
drodro,2026-09-15,,,,,,deaths,0
drodro,2026-09-22,,,,,,deaths,0
drodro,2026-09-29,,,,,,deaths,0
drodro,2026-10-06,,,,,,deaths,0
fataki,2026-08-18,,,,,,deaths,1
fataki,2026-08-25,,,,,,deaths,0
fataki,2026-09-01,,,,,,deaths,0
fataki,2026-09-08,,,,,,deaths,0
fataki,2026-09-15,,,,,,deaths,0
fataki,2026-09-22,,,,,,deaths,0
fataki,2026-09-29,,,,,,deaths,1
fataki,2026-10-06,,,,,,deaths,0
gety,2026-08-18,,,,,,deaths,1
gety,2026-08-25,,,,,,deaths,0
gety,2026-09-01,,,,,,deaths,0
gety,2026-09-08,,,,,,deaths,1
gety,2026-09-15,,,,,,deaths,0
gety,2026-09-22,,,,,,deaths,0
gety,2026-09-29,,,,,,deaths,0
gety,2026-10-06,,,,,,deaths,2
kambala,2026-08-18,,,,,,deaths,0
kambala,2026-08-25,,,,,,deaths,0
kambala,2026-09-01,,,,,,deaths,0
kambala,2026-09-08,,,,,,deaths,0
kambala,2026-09-15,,,,,,deaths,0
kambala,2026-09-22,,,,,,deaths,0
kambala,2026-09-29,,,,,,deaths,0
kambala,2026-10-06,,,,,,deaths,0
kilo,2026-08-18,,,,,,deaths,1
kilo,2026-08-25,,,,,,deaths,0
kilo,2026-09-01,,,,,,deaths,0
kilo,2026-09-08,,,,,,deaths,0
kilo,2026-09-15,,,,,,deaths,0
kilo,2026-09-22,,,,,,deaths,0
kilo,2026-09-29,,,,,,deaths,0
kilo,2026-10-06,,,,,,deaths,0
komanda,2026-08-18,,,,,,deaths,8
komanda,2026-08-25,,,,,,deaths,2
komanda,2026-09-01,,,,,,deaths,23
komanda,2026-09-08,,,,,,deaths,18
komanda,2026-09-15,,,,,,deaths,8
komanda,2026-09-22,,,,,,deaths,5
komanda,2026-09-29,,,,,,deaths,9
komanda,2026-10-06,,,,,,deaths,5
lita,2026-08-18,,,,,,deaths,10
lita,2026-08-25,,,,,,deaths,5
lita,2026-09-01,,,,,,deaths,10
lita,2026-09-08,,,,,,deaths,1
lita,2026-09-15,,,,,,deaths,8
lita,2026-09-22,,,,,,deaths,8
lita,2026-09-29,,,,,,deaths,5
lita,2026-10-06,,,,,,deaths,5
logo,2026-08-18,,,,,,deaths,0
logo,2026-08-25,,,,,,deaths,0
logo,2026-09-01,,,,,,deaths,0
logo,2026-09-08,,,,,,deaths,0
logo,2026-09-15,,,,,,deaths,0
logo,2026-09-22,,,,,,deaths,0
logo,2026-09-29,,,,,,deaths,0
logo,2026-10-06,,,,,,deaths,1
lolwa,2026-08-18,,,,,,deaths,0
lolwa,2026-08-25,,,,,,deaths,0
lolwa,2026-09-01,,,,,,deaths,1
lolwa,2026-09-08,,,,,,deaths,2
lolwa,2026-09-15,,,,,,deaths,1
lolwa,2026-09-22,,,,,,deaths,0
lolwa,2026-09-29,,,,,,deaths,1
lolwa,2026-10-06,,,,,,deaths,0
mahagi,2026-08-18,,,,,,deaths,0
mahagi,2026-08-25,,,,,,deaths,0
mahagi,2026-09-01,,,,,,deaths,0
mahagi,2026-09-08,,,,,,deaths,0
mahagi,2026-09-15,,,,,,deaths,0
mahagi,2026-09-22,,,,,,deaths,0
mahagi,2026-09-29,,,,,,deaths,0
mahagi,2026-10-06,,,,,,deaths,0
mambasa,2026-08-18,,,,,,deaths,1
mambasa,2026-08-25,,,,,,deaths,0
mambasa,2026-09-01,,,,,,deaths,0
mambasa,2026-09-08,,,,,,deaths,0
mambasa,2026-09-15,,,,,,deaths,0
mambasa,2026-09-22,,,,,,deaths,2
mambasa,2026-09-29,,,,,,deaths,2
mambasa,2026-10-06,,,,,,deaths,6
mandima,2026-08-18,,,,,,deaths,3
mandima,2026-08-25,,,,,,deaths,3
mandima,2026-09-01,,,,,,deaths,2
mandima,2026-09-08,,,,,,deaths,3
mandima,2026-09-15,,,,,,deaths,8
mandima,2026-09-22,,,,,,deaths,4
mandima,2026-09-29,,,,,,deaths,39
mandima,2026-10-06,,,,,,deaths,23
mangala,2026-08-18,,,,,,deaths,25
mangala,2026-08-25,,,,,,deaths,10
mangala,2026-09-01,,,,,,deaths,25
mangala,2026-09-08,,,,,,deaths,7
mangala,2026-09-15,,,,,,deaths,5
mangala,2026-09-22,,,,,,deaths,3
mangala,2026-09-29,,,,,,deaths,5
mangala,2026-10-06,,,,,,deaths,3
mongbwalu,2026-08-18,,,,,,deaths,2
mongbwalu,2026-08-25,,,,,,deaths,2
mongbwalu,2026-09-01,,,,,,deaths,3
mongbwalu,2026-09-08,,,,,,deaths,6
mongbwalu,2026-09-15,,,,,,deaths,14
mongbwalu,2026-09-22,,,,,,deaths,16
mongbwalu,2026-09-29,,,,,,deaths,8
mongbwalu,2026-10-06,,,,,,deaths,6
nia_nia,2026-08-18,,,,,,deaths,20
nia_nia,2026-08-25,,,,,,deaths,4
nia_nia,2026-09-01,,,,,,deaths,5
nia_nia,2026-09-08,,,,,,deaths,2
nia_nia,2026-09-15,,,,,,deaths,13
nia_nia,2026-09-22,,,,,,deaths,21
nia_nia,2026-09-29,,,,,,deaths,13
nia_nia,2026-10-06,,,,,,deaths,13
nizi,2026-08-18,,,,,,deaths,16
nizi,2026-08-25,,,,,,deaths,9
nizi,2026-09-01,,,,,,deaths,12
nizi,2026-09-08,,,,,,deaths,9
nizi,2026-09-15,,,,,,deaths,0
nizi,2026-09-22,,,,,,deaths,3
nizi,2026-09-29,,,,,,deaths,3
nizi,2026-10-06,,,,,,deaths,7
nyankunde,2026-08-18,,,,,,deaths,0
nyankunde,2026-08-25,,,,,,deaths,0
nyankunde,2026-09-01,,,,,,deaths,0
nyankunde,2026-09-08,,,,,,deaths,1
nyankunde,2026-09-15,,,,,,deaths,0
nyankunde,2026-09-22,,,,,,deaths,1
nyankunde,2026-09-29,,,,,,deaths,0
nyankunde,2026-10-06,,,,,,deaths,0
rimba,2026-08-18,,,,,,deaths,0
rimba,2026-08-25,,,,,,deaths,0
rimba,2026-09-01,,,,,,deaths,0
rimba,2026-09-08,,,,,,deaths,0
rimba,2026-09-15,,,,,,deaths,0
rimba,2026-09-22,,,,,,deaths,0
rimba,2026-09-29,,,,,,deaths,0
rimba,2026-10-06,,,,,,deaths,1
rwampara,2026-08-18,,,,,,deaths,29
rwampara,2026-08-25,,,,,,deaths,3
rwampara,2026-09-01,,,,,,deaths,6
rwampara,2026-09-08,,,,,,deaths,7
rwampara,2026-09-15,,,,,,deaths,2
rwampara,2026-09-22,,,,,,deaths,9
rwampara,2026-09-29,,,,,,deaths,10
rwampara,2026-10-06,,,,,,deaths,19
tchomia,2026-08-18,,,,,,deaths,1
tchomia,2026-08-25,,,,,,deaths,0
tchomia,2026-09-01,,,,,,deaths,0
tchomia,2026-09-08,,,,,,deaths,0
tchomia,2026-09-15,,,,,,deaths,0
tchomia,2026-09-22,,,,,,deaths,0
tchomia,2026-09-29,,,,,,deaths,0
tchomia,2026-10-06,,,,,,deaths,0
alimbongo,2026-08-18,,,,,,deaths,0
alimbongo,2026-08-25,,,,,,deaths,0
alimbongo,2026-09-01,,,,,,deaths,0
alimbongo,2026-09-08,,,,,,deaths,0
alimbongo,2026-09-15,,,,,,deaths,0
alimbongo,2026-09-22,,,,,,deaths,0
alimbongo,2026-09-29,,,,,,deaths,0
alimbongo,2026-10-06,,,,,,deaths,3
beni,2026-08-18,,,,,,deaths,11
beni,2026-08-25,,,,,,deaths,14
beni,2026-09-01,,,,,,deaths,20
beni,2026-09-08,,,,,,deaths,33
beni,2026-09-15,,,,,,deaths,40
beni,2026-09-22,,,,,,deaths,26
beni,2026-09-29,,,,,,deaths,25
beni,2026-10-06,,,,,,deaths,39
biena,2026-08-18,,,,,,deaths,0
biena,2026-08-25,,,,,,deaths,0
biena,2026-09-01,,,,,,deaths,1
biena,2026-09-08,,,,,,deaths,3
biena,2026-09-15,,,,,,deaths,3
biena,2026-09-22,,,,,,deaths,0
biena,2026-09-29,,,,,,deaths,0
biena,2026-10-06,,,,,,deaths,0
butembo,2026-08-18,,,,,,deaths,13
butembo,2026-08-25,,,,,,deaths,12
butembo,2026-09-01,,,,,,deaths,24
butembo,2026-09-08,,,,,,deaths,14
butembo,2026-09-15,,,,,,deaths,9
butembo,2026-09-22,,,,,,deaths,5
butembo,2026-09-29,,,,,,deaths,8
butembo,2026-10-06,,,,,,deaths,10
goma,2026-08-18,,,,,,deaths,0
goma,2026-08-25,,,,,,deaths,0
goma,2026-09-01,,,,,,deaths,0
goma,2026-09-08,,,,,,deaths,0
goma,2026-09-15,,,,,,deaths,0
goma,2026-09-22,,,,,,deaths,0
goma,2026-09-29,,,,,,deaths,0
goma,2026-10-06,,,,,,deaths,0
kalunguta,2026-08-18,,,,,,deaths,2
kalunguta,2026-08-25,,,,,,deaths,1
kalunguta,2026-09-01,,,,,,deaths,0
kalunguta,2026-09-08,,,,,,deaths,2
kalunguta,2026-09-15,,,,,,deaths,3
kalunguta,2026-09-22,,,,,,deaths,4
kalunguta,2026-09-29,,,,,,deaths,2
kalunguta,2026-10-06,,,,,,deaths,4
katwa,2026-08-18,,,,,,deaths,48
katwa,2026-08-25,,,,,,deaths,37
katwa,2026-09-01,,,,,,deaths,29
katwa,2026-09-08,,,,,,deaths,35
katwa,2026-09-15,,,,,,deaths,32
katwa,2026-09-22,,,,,,deaths,11
katwa,2026-09-29,,,,,,deaths,9
katwa,2026-10-06,,,,,,deaths,16
kayna,2026-08-18,,,,,,deaths,0
kayna,2026-08-25,,,,,,deaths,0
kayna,2026-09-01,,,,,,deaths,0
kayna,2026-09-08,,,,,,deaths,0
kayna,2026-09-15,,,,,,deaths,0
kayna,2026-09-22,,,,,,deaths,0
kayna,2026-09-29,,,,,,deaths,0
kayna,2026-10-06,,,,,,deaths,2
kyondo,2026-08-18,,,,,,deaths,2
kyondo,2026-08-25,,,,,,deaths,0
kyondo,2026-09-01,,,,,,deaths,0
kyondo,2026-09-08,,,,,,deaths,5
kyondo,2026-09-15,,,,,,deaths,3
kyondo,2026-09-22,,,,,,deaths,0
kyondo,2026-09-29,,,,,,deaths,0
kyondo,2026-10-06,,,,,,deaths,0
lubero,2026-08-18,,,,,,deaths,0
lubero,2026-08-25,,,,,,deaths,0
lubero,2026-09-01,,,,,,deaths,2
lubero,2026-09-08,,,,,,deaths,1
lubero,2026-09-15,,,,,,deaths,3
lubero,2026-09-22,,,,,,deaths,3
lubero,2026-09-29,,,,,,deaths,1
lubero,2026-10-06,,,,,,deaths,0
mabalako,2026-08-18,,,,,,deaths,1
mabalako,2026-08-25,,,,,,deaths,1
mabalako,2026-09-01,,,,,,deaths,3
mabalako,2026-09-08,,,,,,deaths,2
mabalako,2026-09-15,,,,,,deaths,2
mabalako,2026-09-22,,,,,,deaths,2
mabalako,2026-09-29,,,,,,deaths,1
mabalako,2026-10-06,,,,,,deaths,8
manguredjipa,2026-08-18,,,,,,deaths,0
manguredjipa,2026-08-25,,,,,,deaths,0
manguredjipa,2026-09-01,,,,,,deaths,1
manguredjipa,2026-09-08,,,,,,deaths,2
manguredjipa,2026-09-15,,,,,,deaths,0
manguredjipa,2026-09-22,,,,,,deaths,1
manguredjipa,2026-09-29,,,,,,deaths,1
manguredjipa,2026-10-06,,,,,,deaths,0
masereka,2026-08-18,,,,,,deaths,0
masereka,2026-08-25,,,,,,deaths,0
masereka,2026-09-01,,,,,,deaths,1
masereka,2026-09-08,,,,,,deaths,1
masereka,2026-09-15,,,,,,deaths,3
masereka,2026-09-22,,,,,,deaths,0
masereka,2026-09-29,,,,,,deaths,0
masereka,2026-10-06,,,,,,deaths,2
musienene,2026-08-18,,,,,,deaths,8
musienene,2026-08-25,,,,,,deaths,6
musienene,2026-09-01,,,,,,deaths,4
musienene,2026-09-08,,,,,,deaths,8
musienene,2026-09-15,,,,,,deaths,9
musienene,2026-09-22,,,,,,deaths,1
musienene,2026-09-29,,,,,,deaths,2
musienene,2026-10-06,,,,,,deaths,2
mutwanga,2026-08-18,,,,,,deaths,0
mutwanga,2026-08-25,,,,,,deaths,1
mutwanga,2026-09-01,,,,,,deaths,1
mutwanga,2026-09-08,,,,,,deaths,0
mutwanga,2026-09-15,,,,,,deaths,0
mutwanga,2026-09-22,,,,,,deaths,0
mutwanga,2026-09-29,,,,,,deaths,0
mutwanga,2026-10-06,,,,,,deaths,2
oicha,2026-08-18,,,,,,deaths,0
oicha,2026-08-25,,,,,,deaths,0
oicha,2026-09-01,,,,,,deaths,2
oicha,2026-09-08,,,,,,deaths,0
oicha,2026-09-15,,,,,,deaths,4
oicha,2026-09-22,,,,,,deaths,1
oicha,2026-09-29,,,,,,deaths,3
oicha,2026-10-06,,,,,,deaths,2
vuhovi,2026-08-18,,,,,,deaths,1
vuhovi,2026-08-25,,,,,,deaths,0
vuhovi,2026-09-01,,,,,,deaths,1
vuhovi,2026-09-08,,,,,,deaths,2
vuhovi,2026-09-15,,,,,,deaths,1
vuhovi,2026-09-22,,,,,,deaths,2
vuhovi,2026-09-29,,,,,,deaths,2
vuhovi,2026-10-06,,,,,,deaths,0
boma_mangbetu,2026-08-18,,,,,,deaths,4
boma_mangbetu,2026-08-25,,,,,,deaths,5
boma_mangbetu,2026-09-01,,,,,,deaths,0
boma_mangbetu,2026-09-08,,,,,,deaths,0
boma_mangbetu,2026-09-15,,,,,,deaths,1
boma_mangbetu,2026-09-22,,,,,,deaths,0
boma_mangbetu,2026-09-29,,,,,,deaths,2
boma_mangbetu,2026-10-06,,,,,,deaths,2
dungu,2026-08-18,,,,,,deaths,0
dungu,2026-08-25,,,,,,deaths,0
dungu,2026-09-01,,,,,,deaths,0
dungu,2026-09-08,,,,,,deaths,0
dungu,2026-09-15,,,,,,deaths,0
dungu,2026-09-22,,,,,,deaths,1
dungu,2026-09-29,,,,,,deaths,0
dungu,2026-10-06,,,,,,deaths,0
gombari,2026-08-18,,,,,,deaths,0
gombari,2026-08-25,,,,,,deaths,0
gombari,2026-09-01,,,,,,deaths,0
gombari,2026-09-08,,,,,,deaths,0
gombari,2026-09-15,,,,,,deaths,0
gombari,2026-09-22,,,,,,deaths,0
gombari,2026-09-29,,,,,,deaths,0
gombari,2026-10-06,,,,,,deaths,0
isiro,2026-08-18,,,,,,deaths,8
isiro,2026-08-25,,,,,,deaths,8
isiro,2026-09-01,,,,,,deaths,2
isiro,2026-09-08,,,,,,deaths,3
isiro,2026-09-15,,,,,,deaths,5
isiro,2026-09-22,,,,,,deaths,1
isiro,2026-09-29,,,,,,deaths,1
isiro,2026-10-06,,,,,,deaths,0
pawa,2026-08-18,,,,,,deaths,3
pawa,2026-08-25,,,,,,deaths,1
pawa,2026-09-01,,,,,,deaths,7
pawa,2026-09-08,,,,,,deaths,1
pawa,2026-09-15,,,,,,deaths,3
pawa,2026-09-22,,,,,,deaths,7
pawa,2026-09-29,,,,,,deaths,6
pawa,2026-10-06,,,,,,deaths,4
rungu,2026-08-18,,,,,,deaths,0
rungu,2026-08-25,,,,,,deaths,0
rungu,2026-09-01,,,,,,deaths,0
rungu,2026-09-08,,,,,,deaths,1
rungu,2026-09-15,,,,,,deaths,0
rungu,2026-09-22,,,,,,deaths,0
rungu,2026-09-29,,,,,,deaths,0
rungu,2026-10-06,,,,,,deaths,1
wamba,2026-08-18,,,,,,deaths,6
wamba,2026-08-25,,,,,,deaths,6
wamba,2026-09-01,,,,,,deaths,3
wamba,2026-09-08,,,,,,deaths,1
wamba,2026-09-15,,,,,,deaths,2
wamba,2026-09-22,,,,,,deaths,3
wamba,2026-09-29,,,,,,deaths,5
wamba,2026-10-06,,,,,,deaths,2
miti_murhesa,2026-08-18,,,,,,deaths,0
miti_murhesa,2026-08-25,,,,,,deaths,0
miti_murhesa,2026-09-01,,,,,,deaths,0
miti_murhesa,2026-09-08,,,,,,deaths,0
miti_murhesa,2026-09-15,,,,,,deaths,0
miti_murhesa,2026-09-22,,,,,,deaths,0
miti_murhesa,2026-09-29,,,,,,deaths,0
miti_murhesa,2026-10-06,,,,,,deaths,0
bafwasende,2026-08-18,,,,,,deaths,0
bafwasende,2026-08-25,,,,,,deaths,0
bafwasende,2026-09-01,,,,,,deaths,0
bafwasende,2026-09-08,,,,,,deaths,0
bafwasende,2026-09-15,,,,,,deaths,1
bafwasende,2026-09-22,,,,,,deaths,0
bafwasende,2026-09-29,,,,,,deaths,0
bafwasende,2026-10-06,,,,,,deaths,0
kabondo,2026-08-18,,,,,,deaths,1
kabondo,2026-08-25,,,,,,deaths,0
kabondo,2026-09-01,,,,,,deaths,0
kabondo,2026-09-08,,,,,,deaths,0
kabondo,2026-09-15,,,,,,deaths,0
kabondo,2026-09-22,,,,,,deaths,0
kabondo,2026-09-29,,,,,,deaths,0
kabondo,2026-10-06,,,,,,deaths,0
lubunga,2026-08-18,,,,,,deaths,0
lubunga,2026-08-25,,,,,,deaths,0
lubunga,2026-09-01,,,,,,deaths,0
lubunga,2026-09-08,,,,,,deaths,0
lubunga,2026-09-15,,,,,,deaths,0
lubunga,2026-09-22,,,,,,deaths,0
lubunga,2026-09-29,,,,,,deaths,0
lubunga,2026-10-06,,,,,,deaths,0
makiso_kisangani,2026-08-18,,,,,,deaths,1
makiso_kisangani,2026-08-25,,,,,,deaths,1
makiso_kisangani,2026-09-01,,,,,,deaths,1
makiso_kisangani,2026-09-08,,,,,,deaths,0
makiso_kisangani,2026-09-15,,,,,,deaths,0
makiso_kisangani,2026-09-22,,,,,,deaths,4
makiso_kisangani,2026-09-29,,,,,,deaths,1
makiso_kisangani,2026-10-06,,,,,,deaths,1
mangobo,2026-08-18,,,,,,deaths,0
mangobo,2026-08-25,,,,,,deaths,1
mangobo,2026-09-01,,,,,,deaths,0
mangobo,2026-09-08,,,,,,deaths,0
mangobo,2026-09-15,,,,,,deaths,0
mangobo,2026-09-22,,,,,,deaths,1
mangobo,2026-09-29,,,,,,deaths,0
mangobo,2026-10-06,,,,,,deaths,1
tshopo,2026-08-18,,,,,,deaths,0
tshopo,2026-08-25,,,,,,deaths,0
tshopo,2026-09-01,,,,,,deaths,0
tshopo,2026-09-08,,,,,,deaths,0
tshopo,2026-09-15,,,,,,deaths,0
tshopo,2026-09-22,,,,,,deaths,0
tshopo,2026-09-29,,,,,,deaths,0
tshopo,2026-10-06,,,,,,deaths,0
wanie_rukula,2026-08-18,,,,,,deaths,0
wanie_rukula,2026-08-25,,,,,,deaths,1
wanie_rukula,2026-09-01,,,,,,deaths,0
wanie_rukula,2026-09-08,,,,,,deaths,0
wanie_rukula,2026-09-15,,,,,,deaths,0
wanie_rukula,2026-09-22,,,,,,deaths,0
wanie_rukula,2026-09-29,,,,,,deaths,0
wanie_rukula,2026-10-06,,,,,,deaths,0
buta,2026-08-18,,,,,,deaths,1
buta,2026-08-25,,,,,,deaths,0
buta,2026-09-01,,,,,,deaths,0
buta,2026-09-08,,,,,,deaths,0
buta,2026-09-15,,,,,,deaths,0
buta,2026-09-22,,,,,,deaths,0
buta,2026-09-29,,,,,,deaths,0
buta,2026-10-06,,,,,,deaths,0
ganga,2026-08-18,,,,,,deaths,0
ganga,2026-08-25,,,,,,deaths,0
ganga,2026-09-01,,,,,,deaths,2
ganga,2026-09-08,,,,,,deaths,0
ganga,2026-09-15,,,,,,deaths,0
ganga,2026-09-22,,,,,,deaths,0
ganga,2026-09-29,,,,,,deaths,0
ganga,2026-10-06,,,,,,deaths,0
viadana,2026-08-18,,,,,,deaths,0
viadana,2026-08-25,,,,,,deaths,0
viadana,2026-09-01,,,,,,deaths,0
viadana,2026-09-08,,,,,,deaths,0
viadana,2026-09-15,,,,,,deaths,1
viadana,2026-09-22,,,,,,deaths,0
viadana,2026-09-29,,,,,,deaths,0
viadana,2026-10-06,,,,,,deaths,0
bulu,2026-08-18,,,,,,deaths,0
bulu,2026-08-25,,,,,,deaths,0
bulu,2026-09-01,,,,,,deaths,0
bulu,2026-09-08,,,,,,deaths,0
bulu,2026-09-15,,,,,,deaths,1
bulu,2026-09-22,,,,,,deaths,0
bulu,2026-09-29,,,,,,deaths,0
bulu,2026-10-06,,,,,,deaths,0
