area,date,median,lower_90,upper_90,lower_50,upper_50,series,count
ariwara,2026-08-02,1.018,0.901,1.137,0.971,1.067,rt,
ariwara,2026-08-03,1.001,0.874,1.13,0.949,1.051,rt,
ariwara,2026-08-04,0.994,0.877,1.116,0.945,1.043,rt,
ariwara,2026-08-05,0.987,0.871,1.104,0.939,1.033,rt,
ariwara,2026-08-06,0.982,0.864,1.097,0.932,1.025,rt,
ariwara,2026-08-07,0.968,0.86,1.074,0.923,1.01,rt,
ariwara,2026-08-08,0.955,0.849,1.057,0.911,0.999,rt,
ariwara,2026-08-09,0.942,0.833,1.047,0.898,0.987,rt,
ariwara,2026-08-10,0.924,0.81,1.031,0.877,0.967,rt,
ariwara,2026-08-11,0.914,0.806,1.015,0.87,0.956,rt,
ariwara,2026-08-12,0.906,0.805,1.0,0.864,0.946,rt,
ariwara,2026-08-13,0.898,0.797,0.991,0.857,0.936,rt,
ariwara,2026-08-14,0.893,0.798,0.983,0.853,0.93,rt,
ariwara,2026-08-15,0.885,0.791,0.978,0.848,0.923,rt,
ariwara,2026-08-16,0.879,0.783,0.974,0.841,0.916,rt,
ariwara,2026-08-17,0.879,0.775,0.982,0.839,0.919,rt,
ariwara,2026-08-18,0.883,0.783,0.981,0.843,0.925,rt,
ariwara,2026-08-19,0.886,0.788,0.989,0.847,0.928,rt,
ariwara,2026-08-20,0.89,0.79,0.995,0.849,0.933,rt,
ariwara,2026-08-21,0.895,0.796,0.997,0.856,0.936,rt,
ariwara,2026-08-22,0.9,0.799,1.003,0.862,0.94,rt,
ariwara,2026-08-23,0.902,0.796,1.006,0.863,0.946,rt,
ariwara,2026-08-24,0.913,0.802,1.028,0.872,0.961,rt,
ariwara,2026-08-25,0.932,0.822,1.044,0.889,0.98,rt,
ariwara,2026-08-26,0.948,0.837,1.065,0.905,0.996,rt,
ariwara,2026-08-27,0.962,0.85,1.084,0.918,1.014,rt,
ariwara,2026-08-28,0.976,0.867,1.094,0.934,1.026,rt,
ariwara,2026-08-29,0.989,0.88,1.109,0.947,1.036,rt,
ariwara,2026-08-30,1.002,0.889,1.122,0.955,1.046,rt,
ariwara,2026-08-31,1.0,0.881,1.126,0.951,1.046,rt,
ariwara,2026-09-01,1.005,0.892,1.127,0.958,1.05,rt,
ariwara,2026-09-02,1.009,0.895,1.131,0.962,1.056,rt,
ariwara,2026-09-03,1.011,0.896,1.135,0.965,1.061,rt,
ariwara,2026-09-04,1.004,0.898,1.125,0.962,1.056,rt,
ariwara,2026-09-05,0.998,0.891,1.12,0.957,1.049,rt,
ariwara,2026-09-06,0.991,0.876,1.115,0.947,1.04,rt,
ariwara,2026-09-07,0.969,0.85,1.094,0.922,1.019,rt,
ariwara,2026-09-08,0.952,0.83,1.076,0.903,1.0,rt,
ariwara,2026-09-09,0.934,0.811,1.059,0.884,0.98,rt,
ariwara,2026-09-10,0.915,0.787,1.043,0.865,0.963,rt,
ariwara,2026-09-11,0.895,0.773,1.026,0.845,0.945,rt,
ariwara,2026-09-12,0.875,0.746,1.01,0.824,0.928,rt,
ariwara,2026-09-13,0.852,0.714,0.997,0.799,0.91,rt,
ariwara,2026-09-14,0.833,0.686,0.982,0.777,0.897,rt,
ariwara,2026-09-15,0.828,0.679,0.979,0.767,0.89,rt,
ariwara,2026-09-16,0.82,0.668,0.978,0.758,0.886,rt,
ariwara,2026-09-17,0.814,0.659,0.981,0.749,0.881,rt,
ariwara,2026-09-18,0.807,0.654,0.982,0.739,0.878,rt,
ariwara,2026-09-19,0.801,0.641,0.983,0.733,0.875,rt,
ariwara,2026-09-20,0.796,0.627,0.988,0.724,0.873,rt,
ariwara,2026-09-21,0.796,0.613,0.997,0.718,0.878,rt,
ariwara,2026-09-22,0.797,0.608,1.001,0.719,0.884,rt,
ariwara,2026-09-23,0.798,0.603,1.009,0.715,0.888,rt,
ariwara,2026-09-24,0.797,0.597,1.022,0.707,0.894,rt,
ariwara,2026-09-25,0.794,0.588,1.02,0.704,0.891,rt,
ariwara,2026-09-26,0.792,0.574,1.03,0.698,0.889,rt,
ariwara,2026-09-27,0.786,0.554,1.035,0.692,0.887,rt,
ariwara,2026-09-28,0.778,0.532,1.038,0.682,0.883,rt,
ariwara,2026-09-29,0.779,0.525,1.043,0.68,0.887,rt,
ariwara,2026-09-30,0.775,0.519,1.05,0.672,0.887,rt,
ariwara,2026-10-01,0.77,0.518,1.038,0.67,0.883,rt,
ariwara,2026-10-02,0.765,0.511,1.033,0.665,0.877,rt,
aru,2026-06-04,1.291,1.016,1.58,1.171,1.405,rt,
aru,2026-06-05,1.292,1.026,1.573,1.184,1.404,rt,
aru,2026-06-06,1.288,1.039,1.569,1.186,1.401,rt,
aru,2026-06-07,1.28,1.036,1.571,1.18,1.393,rt,
aru,2026-06-08,1.274,1.027,1.575,1.167,1.386,rt,
aru,2026-06-09,1.268,1.03,1.545,1.165,1.37,rt,
aru,2026-06-10,1.255,1.033,1.523,1.157,1.355,rt,
aru,2026-06-11,1.242,1.028,1.505,1.149,1.34,rt,
aru,2026-06-12,1.234,1.025,1.479,1.145,1.328,rt,
aru,2026-06-13,1.225,1.019,1.46,1.137,1.313,rt,
aru,2026-06-14,1.212,1.008,1.444,1.126,1.298,rt,
aru,2026-06-15,1.198,0.994,1.438,1.116,1.287,rt,
aru,2026-06-16,1.193,1.0,1.415,1.113,1.278,rt,
aru,2026-06-17,1.187,1.002,1.397,1.111,1.266,rt,
aru,2026-06-18,1.181,0.996,1.384,1.105,1.258,rt,
aru,2026-06-19,1.174,0.998,1.363,1.102,1.252,rt,
aru,2026-06-20,1.168,0.995,1.361,1.096,1.246,rt,
aru,2026-06-21,1.161,0.985,1.357,1.089,1.238,rt,
aru,2026-06-22,1.169,0.988,1.375,1.094,1.248,rt,
aru,2026-06-23,1.171,0.996,1.369,1.097,1.246,rt,
aru,2026-06-24,1.172,1.002,1.363,1.101,1.241,rt,
aru,2026-06-25,1.171,1.009,1.356,1.103,1.241,rt,
aru,2026-06-26,1.168,1.012,1.344,1.106,1.238,rt,
aru,2026-06-27,1.166,1.009,1.332,1.104,1.236,rt,
aru,2026-06-28,1.163,1.002,1.324,1.101,1.233,rt,
aru,2026-06-29,1.137,0.974,1.302,1.072,1.207,rt,
aru,2026-06-30,1.118,0.968,1.27,1.059,1.182,rt,
aru,2026-07-01,1.102,0.96,1.244,1.047,1.16,rt,
aru,2026-07-02,1.086,0.948,1.226,1.033,1.141,rt,
aru,2026-07-03,1.071,0.938,1.212,1.022,1.125,rt,
aru,2026-07-04,1.059,0.928,1.195,1.008,1.111,rt,
aru,2026-07-05,1.045,0.911,1.183,0.991,1.098,rt,
aru,2026-07-06,1.04,0.901,1.186,0.979,1.096,rt,
aru,2026-07-07,1.043,0.912,1.186,0.988,1.1,rt,
aru,2026-07-08,1.049,0.92,1.182,0.997,1.102,rt,
aru,2026-07-09,1.054,0.926,1.184,1.002,1.107,rt,
aru,2026-07-10,1.059,0.931,1.182,1.008,1.11,rt,
aru,2026-07-11,1.064,0.934,1.184,1.011,1.115,rt,
aru,2026-07-12,1.067,0.931,1.193,1.013,1.12,rt,
aru,2026-07-13,1.061,0.92,1.193,1.007,1.116,rt,
aru,2026-07-14,1.061,0.926,1.186,1.008,1.11,rt,
aru,2026-07-15,1.058,0.926,1.183,1.005,1.106,rt,
aru,2026-07-16,1.056,0.927,1.178,1.004,1.103,rt,
aru,2026-07-17,1.055,0.934,1.173,1.005,1.104,rt,
aru,2026-07-18,1.053,0.934,1.179,1.002,1.104,rt,
aru,2026-07-19,1.05,0.932,1.177,0.998,1.1,rt,
aru,2026-07-20,1.049,0.923,1.185,0.995,1.105,rt,
aru,2026-07-21,1.048,0.927,1.18,0.997,1.1,rt,
aru,2026-07-22,1.046,0.928,1.173,0.997,1.094,rt,
aru,2026-07-23,1.043,0.924,1.172,0.992,1.092,rt,
aru,2026-07-24,1.042,0.924,1.163,0.993,1.09,rt,
aru,2026-07-25,1.038,0.922,1.158,0.992,1.086,rt,
aru,2026-07-26,1.035,0.913,1.155,0.985,1.083,rt,
aru,2026-07-27,1.034,0.907,1.161,0.983,1.083,rt,
aru,2026-07-28,1.035,0.911,1.156,0.986,1.081,rt,
aru,2026-07-29,1.032,0.914,1.147,0.985,1.079,rt,
aru,2026-07-30,1.031,0.912,1.148,0.984,1.075,rt,
aru,2026-07-31,1.021,0.91,1.136,0.974,1.064,rt,
aru,2026-08-01,1.01,0.898,1.127,0.961,1.054,rt,
aru,2026-08-02,0.998,0.882,1.117,0.947,1.044,rt,
aru,2026-08-03,0.981,0.857,1.107,0.925,1.032,rt,
aru,2026-08-04,0.975,0.858,1.094,0.922,1.024,rt,
aru,2026-08-05,0.969,0.854,1.084,0.919,1.016,rt,
aru,2026-08-06,0.962,0.849,1.077,0.913,1.008,rt,
aru,2026-08-07,0.95,0.838,1.059,0.905,0.994,rt,
aru,2026-08-08,0.939,0.827,1.049,0.895,0.983,rt,
aru,2026-08-09,0.927,0.812,1.04,0.882,0.971,rt,
aru,2026-08-10,0.908,0.791,1.024,0.863,0.954,rt,
aru,2026-08-11,0.9,0.792,1.008,0.857,0.941,rt,
aru,2026-08-12,0.893,0.789,0.998,0.851,0.933,rt,
aru,2026-08-13,0.884,0.784,0.989,0.843,0.925,rt,
aru,2026-08-14,0.878,0.783,0.979,0.84,0.918,rt,
aru,2026-08-15,0.873,0.78,0.971,0.835,0.912,rt,
aru,2026-08-16,0.865,0.769,0.968,0.828,0.905,rt,
aru,2026-08-17,0.865,0.764,0.974,0.826,0.91,rt,
aru,2026-08-18,0.871,0.772,0.975,0.831,0.914,rt,
aru,2026-08-19,0.874,0.775,0.979,0.836,0.92,rt,
aru,2026-08-20,0.878,0.777,0.984,0.838,0.923,rt,
aru,2026-08-21,0.885,0.785,0.987,0.846,0.928,rt,
aru,2026-08-22,0.89,0.791,0.995,0.851,0.931,rt,
aru,2026-08-23,0.894,0.787,0.999,0.852,0.937,rt,
aru,2026-08-24,0.906,0.791,1.018,0.86,0.954,rt,
aru,2026-08-25,0.922,0.811,1.033,0.878,0.97,rt,
aru,2026-08-26,0.938,0.83,1.053,0.894,0.987,rt,
aru,2026-08-27,0.952,0.841,1.075,0.907,1.004,rt,
aru,2026-08-28,0.969,0.858,1.085,0.924,1.017,rt,
aru,2026-08-29,0.981,0.874,1.097,0.937,1.027,rt,
aru,2026-08-30,0.991,0.882,1.111,0.946,1.041,rt,
aru,2026-08-31,0.99,0.871,1.113,0.941,1.041,rt,
aru,2026-09-01,0.994,0.883,1.113,0.95,1.043,rt,
aru,2026-09-02,0.998,0.886,1.119,0.954,1.048,rt,
aru,2026-09-03,1.001,0.888,1.127,0.953,1.052,rt,
aru,2026-09-04,0.998,0.893,1.119,0.951,1.046,rt,
aru,2026-09-05,0.991,0.884,1.11,0.944,1.04,rt,
aru,2026-09-06,0.983,0.87,1.106,0.933,1.033,rt,
aru,2026-09-07,0.961,0.843,1.086,0.91,1.013,rt,
aru,2026-09-08,0.944,0.824,1.065,0.891,0.994,rt,
aru,2026-09-09,0.926,0.802,1.048,0.872,0.975,rt,
aru,2026-09-10,0.906,0.779,1.034,0.851,0.957,rt,
aru,2026-09-11,0.889,0.762,1.015,0.833,0.936,rt,
aru,2026-09-12,0.868,0.736,1.001,0.813,0.922,rt,
aru,2026-09-13,0.846,0.706,0.987,0.788,0.904,rt,
aru,2026-09-14,0.827,0.675,0.976,0.765,0.887,rt,
aru,2026-09-15,0.822,0.668,0.97,0.756,0.881,rt,
aru,2026-09-16,0.815,0.662,0.971,0.748,0.876,rt,
aru,2026-09-17,0.808,0.651,0.97,0.741,0.873,rt,
aru,2026-09-18,0.802,0.644,0.971,0.736,0.87,rt,
aru,2026-09-19,0.799,0.634,0.971,0.73,0.868,rt,
aru,2026-09-20,0.792,0.618,0.975,0.718,0.867,rt,
aru,2026-09-21,0.792,0.608,0.986,0.713,0.871,rt,
aru,2026-09-22,0.793,0.607,0.996,0.713,0.878,rt,
aru,2026-09-23,0.792,0.602,1.003,0.709,0.882,rt,
aru,2026-09-24,0.793,0.597,1.015,0.705,0.885,rt,
aru,2026-09-25,0.789,0.586,1.015,0.699,0.885,rt,
aru,2026-09-26,0.785,0.568,1.019,0.692,0.881,rt,
aru,2026-09-27,0.78,0.555,1.024,0.683,0.886,rt,
aru,2026-09-28,0.773,0.533,1.028,0.675,0.881,rt,
aru,2026-09-29,0.772,0.527,1.038,0.673,0.882,rt,
aru,2026-09-30,0.767,0.517,1.045,0.668,0.888,rt,
aru,2026-10-01,0.765,0.517,1.036,0.666,0.883,rt,
aru,2026-10-02,0.761,0.51,1.023,0.662,0.876,rt,
aungba,2026-07-10,1.08,0.956,1.201,1.031,1.129,rt,
aungba,2026-07-11,1.083,0.958,1.203,1.032,1.132,rt,
aungba,2026-07-12,1.085,0.956,1.215,1.032,1.134,rt,
aungba,2026-07-13,1.079,0.944,1.214,1.024,1.13,rt,
aungba,2026-07-14,1.075,0.948,1.202,1.024,1.125,rt,
aungba,2026-07-15,1.073,0.951,1.194,1.023,1.12,rt,
aungba,2026-07-16,1.071,0.947,1.19,1.02,1.116,rt,
aungba,2026-07-17,1.071,0.95,1.192,1.02,1.115,rt,
aungba,2026-07-18,1.07,0.948,1.193,1.018,1.114,rt,
aungba,2026-07-19,1.066,0.943,1.194,1.013,1.113,rt,
aungba,2026-07-20,1.065,0.939,1.204,1.009,1.116,rt,
aungba,2026-07-21,1.063,0.938,1.188,1.009,1.111,rt,
aungba,2026-07-22,1.059,0.935,1.182,1.009,1.109,rt,
aungba,2026-07-23,1.053,0.93,1.18,1.004,1.107,rt,
aungba,2026-07-24,1.051,0.932,1.171,1.004,1.103,rt,
aungba,2026-07-25,1.049,0.93,1.165,1.003,1.098,rt,
aungba,2026-07-26,1.044,0.925,1.159,0.995,1.093,rt,
aungba,2026-07-27,1.042,0.917,1.17,0.992,1.094,rt,
aungba,2026-07-28,1.042,0.922,1.163,0.996,1.09,rt,
aungba,2026-07-29,1.043,0.924,1.159,0.995,1.089,rt,
aungba,2026-07-30,1.039,0.925,1.155,0.992,1.087,rt,
aungba,2026-07-31,1.028,0.918,1.14,0.982,1.075,rt,
aungba,2026-08-01,1.017,0.906,1.134,0.969,1.065,rt,
aungba,2026-08-02,1.006,0.892,1.127,0.955,1.054,rt,
aungba,2026-08-03,0.99,0.867,1.119,0.934,1.041,rt,
aungba,2026-08-04,0.982,0.867,1.106,0.929,1.03,rt,
aungba,2026-08-05,0.975,0.864,1.095,0.925,1.023,rt,
aungba,2026-08-06,0.969,0.858,1.086,0.919,1.016,rt,
aungba,2026-08-07,0.958,0.852,1.068,0.911,1.001,rt,
aungba,2026-08-08,0.945,0.838,1.057,0.901,0.989,rt,
aungba,2026-08-09,0.934,0.823,1.047,0.89,0.978,rt,
aungba,2026-08-10,0.914,0.798,1.03,0.868,0.959,rt,
aungba,2026-08-11,0.904,0.799,1.015,0.863,0.949,rt,
aungba,2026-08-12,0.895,0.797,1.001,0.856,0.94,rt,
aungba,2026-08-13,0.887,0.79,0.992,0.848,0.931,rt,
aungba,2026-08-14,0.881,0.788,0.982,0.845,0.922,rt,
aungba,2026-08-15,0.876,0.784,0.978,0.839,0.915,rt,
aungba,2026-08-16,0.869,0.773,0.973,0.83,0.909,rt,
aungba,2026-08-17,0.869,0.766,0.976,0.829,0.913,rt,
aungba,2026-08-18,0.873,0.774,0.978,0.834,0.918,rt,
aungba,2026-08-19,0.877,0.777,0.98,0.837,0.921,rt,
aungba,2026-08-20,0.881,0.781,0.986,0.838,0.923,rt,
aungba,2026-08-21,0.887,0.79,0.987,0.845,0.927,rt,
aungba,2026-08-22,0.891,0.79,0.99,0.85,0.934,rt,
aungba,2026-08-23,0.892,0.789,0.997,0.852,0.939,rt,
aungba,2026-08-24,0.905,0.791,1.015,0.861,0.953,rt,
aungba,2026-08-25,0.922,0.812,1.034,0.878,0.969,rt,
aungba,2026-08-26,0.939,0.828,1.052,0.894,0.985,rt,
aungba,2026-08-27,0.953,0.845,1.072,0.906,1.001,rt,
aungba,2026-08-28,0.967,0.861,1.08,0.924,1.012,rt,
aungba,2026-08-29,0.979,0.872,1.093,0.935,1.025,rt,
aungba,2026-08-30,0.989,0.879,1.101,0.944,1.034,rt,
aungba,2026-08-31,0.987,0.871,1.104,0.941,1.033,rt,
aungba,2026-09-01,0.994,0.877,1.102,0.948,1.037,rt,
aungba,2026-09-02,0.997,0.882,1.111,0.95,1.042,rt,
aungba,2026-09-03,0.999,0.883,1.115,0.952,1.047,rt,
aungba,2026-09-04,0.993,0.884,1.108,0.948,1.04,rt,
aungba,2026-09-05,0.986,0.879,1.099,0.942,1.032,rt,
aungba,2026-09-06,0.976,0.866,1.093,0.93,1.025,rt,
aungba,2026-09-07,0.954,0.838,1.077,0.906,1.003,rt,
aungba,2026-09-08,0.936,0.819,1.056,0.887,0.984,rt,
aungba,2026-09-09,0.918,0.795,1.04,0.868,0.968,rt,
aungba,2026-09-10,0.899,0.775,1.025,0.847,0.95,rt,
aungba,2026-09-11,0.881,0.757,1.004,0.828,0.929,rt,
aungba,2026-09-12,0.858,0.732,0.987,0.805,0.911,rt,
aungba,2026-09-13,0.835,0.699,0.973,0.783,0.895,rt,
aungba,2026-09-14,0.815,0.668,0.961,0.758,0.879,rt,
aungba,2026-09-15,0.81,0.663,0.958,0.749,0.872,rt,
aungba,2026-09-16,0.805,0.655,0.958,0.738,0.867,rt,
aungba,2026-09-17,0.8,0.647,0.962,0.73,0.864,rt,
aungba,2026-09-18,0.793,0.642,0.958,0.726,0.861,rt,
aungba,2026-09-19,0.788,0.628,0.963,0.718,0.857,rt,
aungba,2026-09-20,0.784,0.612,0.967,0.709,0.855,rt,
aungba,2026-09-21,0.784,0.597,0.982,0.703,0.862,rt,
aungba,2026-09-22,0.785,0.599,0.99,0.703,0.866,rt,
aungba,2026-09-23,0.784,0.594,0.994,0.699,0.871,rt,
aungba,2026-09-24,0.784,0.583,1.006,0.694,0.874,rt,
aungba,2026-09-25,0.782,0.574,1.008,0.691,0.875,rt,
aungba,2026-09-26,0.775,0.559,1.011,0.685,0.872,rt,
aungba,2026-09-27,0.772,0.544,1.017,0.676,0.87,rt,
aungba,2026-09-28,0.763,0.522,1.021,0.666,0.868,rt,
aungba,2026-09-29,0.761,0.518,1.027,0.663,0.869,rt,
aungba,2026-09-30,0.759,0.506,1.03,0.659,0.869,rt,
aungba,2026-10-01,0.758,0.506,1.02,0.657,0.865,rt,
aungba,2026-10-02,0.754,0.502,1.016,0.653,0.865,rt,
bambu,2026-05-22,1.496,0.99,2.186,1.25,1.787,rt,
bambu,2026-05-23,1.469,0.977,2.151,1.226,1.755,rt,
bambu,2026-05-24,1.441,0.932,2.117,1.199,1.734,rt,
bambu,2026-05-25,1.398,0.886,2.126,1.164,1.709,rt,
bambu,2026-05-26,1.4,0.913,2.07,1.178,1.676,rt,
bambu,2026-05-27,1.407,0.938,2.028,1.195,1.664,rt,
bambu,2026-05-28,1.419,0.96,2.006,1.205,1.657,rt,
bambu,2026-05-29,1.418,0.98,1.995,1.213,1.659,rt,
bambu,2026-05-30,1.429,0.973,2.004,1.219,1.667,rt,
bambu,2026-05-31,1.431,0.964,2.052,1.219,1.677,rt,
bambu,2026-06-01,1.446,0.947,2.123,1.223,1.707,rt,
bambu,2026-06-02,1.488,1.005,2.115,1.263,1.724,rt,
bambu,2026-06-03,1.513,1.063,2.099,1.305,1.749,rt,
bambu,2026-06-04,1.54,1.103,2.142,1.346,1.776,rt,
bambu,2026-06-05,1.559,1.124,2.151,1.366,1.778,rt,
bambu,2026-06-06,1.574,1.133,2.188,1.383,1.793,rt,
bambu,2026-06-07,1.58,1.124,2.214,1.387,1.807,rt,
bambu,2026-06-08,1.581,1.111,2.255,1.38,1.823,rt,
bambu,2026-06-09,1.581,1.132,2.183,1.386,1.812,rt,
bambu,2026-06-10,1.584,1.164,2.126,1.392,1.798,rt,
bambu,2026-06-11,1.577,1.175,2.109,1.392,1.78,rt,
bambu,2026-06-12,1.57,1.178,2.129,1.396,1.762,rt,
bambu,2026-06-13,1.569,1.167,2.13,1.39,1.767,rt,
bambu,2026-06-14,1.556,1.143,2.163,1.372,1.766,rt,
bambu,2026-06-15,1.549,1.112,2.193,1.352,1.768,rt,
bambu,2026-06-16,1.555,1.136,2.107,1.364,1.75,rt,
bambu,2026-06-17,1.549,1.162,2.062,1.372,1.736,rt,
bambu,2026-06-18,1.547,1.168,2.028,1.376,1.728,rt,
bambu,2026-06-19,1.547,1.167,2.025,1.38,1.728,rt,
bambu,2026-06-20,1.537,1.15,2.035,1.37,1.733,rt,
bambu,2026-06-21,1.529,1.131,2.061,1.354,1.731,rt,
bambu,2026-06-22,1.546,1.115,2.13,1.357,1.762,rt,
bambu,2026-06-23,1.538,1.146,2.056,1.364,1.734,rt,
bambu,2026-06-24,1.536,1.169,2.004,1.368,1.714,rt,
bambu,2026-06-25,1.528,1.179,1.97,1.375,1.691,rt,
bambu,2026-06-26,1.514,1.172,1.947,1.369,1.681,rt,
bambu,2026-06-27,1.499,1.161,1.942,1.355,1.68,rt,
bambu,2026-06-28,1.484,1.133,1.95,1.335,1.666,rt,
bambu,2026-06-29,1.44,1.068,1.943,1.283,1.636,rt,
bambu,2026-06-30,1.4,1.07,1.83,1.259,1.57,rt,
bambu,2026-07-01,1.361,1.059,1.756,1.232,1.515,rt,
bambu,2026-07-02,1.324,1.035,1.71,1.199,1.469,rt,
bambu,2026-07-03,1.29,1.006,1.657,1.166,1.433,rt,
bambu,2026-07-04,1.257,0.97,1.638,1.129,1.409,rt,
bambu,2026-07-05,1.223,0.925,1.634,1.092,1.377,rt,
bambu,2026-07-06,1.198,0.881,1.641,1.059,1.366,rt,
bambu,2026-07-07,1.196,0.905,1.589,1.067,1.345,rt,
bambu,2026-07-08,1.189,0.924,1.551,1.071,1.328,rt,
bambu,2026-07-09,1.187,0.935,1.519,1.075,1.317,rt,
bambu,2026-07-10,1.183,0.936,1.504,1.068,1.315,rt,
bambu,2026-07-11,1.18,0.918,1.498,1.061,1.312,rt,
bambu,2026-07-12,1.175,0.889,1.513,1.043,1.312,rt,
bambu,2026-07-13,1.161,0.855,1.532,1.025,1.308,rt,
bambu,2026-07-14,1.17,0.883,1.508,1.038,1.307,rt,
bambu,2026-07-15,1.172,0.906,1.479,1.057,1.299,rt,
bambu,2026-07-16,1.179,0.919,1.48,1.066,1.295,rt,
bambu,2026-07-17,1.191,0.931,1.487,1.076,1.305,rt,
bambu,2026-07-18,1.199,0.932,1.507,1.083,1.317,rt,
bambu,2026-07-19,1.205,0.916,1.544,1.081,1.331,rt,
bambu,2026-07-20,1.212,0.894,1.589,1.08,1.35,rt,
bambu,2026-07-21,1.217,0.919,1.558,1.099,1.344,rt,
bambu,2026-07-22,1.218,0.937,1.546,1.106,1.346,rt,
bambu,2026-07-23,1.223,0.955,1.539,1.112,1.351,rt,
bambu,2026-07-24,1.229,0.968,1.537,1.114,1.355,rt,
bambu,2026-07-25,1.232,0.969,1.571,1.115,1.364,rt,
bambu,2026-07-26,1.232,0.96,1.598,1.106,1.376,rt,
bambu,2026-07-27,1.236,0.939,1.646,1.098,1.392,rt,
bambu,2026-07-28,1.245,0.973,1.62,1.12,1.39,rt,
bambu,2026-07-29,1.253,0.99,1.601,1.137,1.389,rt,
bambu,2026-07-30,1.258,1.003,1.581,1.146,1.38,rt,
bambu,2026-07-31,1.254,1.002,1.571,1.145,1.373,rt,
bambu,2026-08-01,1.247,0.992,1.567,1.135,1.369,rt,
bambu,2026-08-02,1.24,0.964,1.586,1.117,1.366,rt,
bambu,2026-08-03,1.225,0.927,1.606,1.095,1.373,rt,
bambu,2026-08-04,1.207,0.945,1.555,1.091,1.346,rt,
bambu,2026-08-05,1.192,0.944,1.51,1.08,1.32,rt,
bambu,2026-08-06,1.178,0.935,1.483,1.068,1.304,rt,
bambu,2026-08-07,1.156,0.917,1.463,1.05,1.273,rt,
bambu,2026-08-08,1.139,0.884,1.46,1.026,1.255,rt,
bambu,2026-08-09,1.117,0.847,1.465,0.997,1.238,rt,
bambu,2026-08-10,1.082,0.803,1.461,0.961,1.22,rt,
bambu,2026-08-11,1.045,0.784,1.371,0.933,1.158,rt,
bambu,2026-08-12,1.004,0.768,1.301,0.904,1.104,rt,
bambu,2026-08-13,0.963,0.744,1.241,0.871,1.066,rt,
bambu,2026-08-14,0.928,0.717,1.195,0.841,1.027,rt,
bambu,2026-08-15,0.893,0.687,1.171,0.801,1.0,rt,
bambu,2026-08-16,0.858,0.651,1.142,0.76,0.967,rt,
bambu,2026-08-17,0.838,0.615,1.141,0.725,0.948,rt,
bambu,2026-08-18,0.811,0.608,1.079,0.717,0.915,rt,
bambu,2026-08-19,0.789,0.598,1.032,0.706,0.886,rt,
bambu,2026-08-20,0.767,0.58,0.99,0.688,0.862,rt,
bambu,2026-08-21,0.75,0.566,0.967,0.671,0.839,rt,
bambu,2026-08-22,0.729,0.541,0.946,0.648,0.82,rt,
bambu,2026-08-23,0.709,0.516,0.927,0.622,0.8,rt,
bambu,2026-08-24,0.695,0.491,0.932,0.602,0.791,rt,
bambu,2026-08-25,0.7,0.504,0.922,0.612,0.789,rt,
bambu,2026-08-26,0.702,0.517,0.919,0.622,0.791,rt,
bambu,2026-08-27,0.705,0.517,0.923,0.627,0.786,rt,
bambu,2026-08-28,0.706,0.523,0.923,0.633,0.787,rt,
bambu,2026-08-29,0.708,0.522,0.933,0.628,0.792,rt,
bambu,2026-08-30,0.706,0.509,0.948,0.621,0.796,rt,
bambu,2026-08-31,0.696,0.485,0.964,0.604,0.792,rt,
bambu,2026-09-01,0.703,0.505,0.955,0.615,0.793,rt,
bambu,2026-09-02,0.71,0.52,0.951,0.629,0.799,rt,
bambu,2026-09-03,0.718,0.528,0.958,0.635,0.803,rt,
bambu,2026-09-04,0.719,0.524,0.955,0.63,0.809,rt,
bambu,2026-09-05,0.717,0.513,0.964,0.626,0.814,rt,
bambu,2026-09-06,0.717,0.497,0.981,0.617,0.818,rt,
bambu,2026-09-07,0.7,0.468,1.003,0.595,0.815,rt,
bambu,2026-09-08,0.688,0.466,0.97,0.589,0.793,rt,
bambu,2026-09-09,0.678,0.456,0.932,0.577,0.772,rt,
bambu,2026-09-10,0.661,0.447,0.909,0.564,0.755,rt,
bambu,2026-09-11,0.645,0.429,0.886,0.552,0.737,rt,
bambu,2026-09-12,0.627,0.408,0.889,0.533,0.724,rt,
bambu,2026-09-13,0.611,0.389,0.885,0.511,0.711,rt,
bambu,2026-09-14,0.592,0.361,0.894,0.489,0.698,rt,
bambu,2026-09-15,0.591,0.369,0.889,0.492,0.7,rt,
bambu,2026-09-16,0.593,0.373,0.892,0.491,0.701,rt,
bambu,2026-09-17,0.595,0.371,0.901,0.491,0.704,rt,
bambu,2026-09-18,0.595,0.367,0.927,0.49,0.71,rt,
bambu,2026-09-19,0.598,0.362,0.954,0.487,0.723,rt,
bambu,2026-09-20,0.597,0.349,0.993,0.48,0.737,rt,
bambu,2026-09-21,0.604,0.337,1.035,0.472,0.755,rt,
bambu,2026-09-22,0.604,0.338,1.025,0.477,0.755,rt,
bambu,2026-09-23,0.608,0.341,1.034,0.48,0.761,rt,
bambu,2026-09-24,0.609,0.334,1.068,0.475,0.763,rt,
bambu,2026-09-25,0.607,0.323,1.071,0.466,0.765,rt,
bambu,2026-09-26,0.604,0.309,1.104,0.459,0.768,rt,
bambu,2026-09-27,0.602,0.297,1.14,0.449,0.772,rt,
bambu,2026-09-28,0.595,0.277,1.164,0.438,0.769,rt,
bambu,2026-09-29,0.598,0.281,1.135,0.437,0.766,rt,
bambu,2026-09-30,0.589,0.272,1.148,0.43,0.771,rt,
bambu,2026-10-01,0.579,0.258,1.17,0.425,0.78,rt,
bambu,2026-10-02,0.572,0.238,1.187,0.415,0.79,rt,
boga,2026-08-16,0.866,0.769,0.974,0.822,0.911,rt,
boga,2026-08-17,0.866,0.76,0.981,0.82,0.913,rt,
boga,2026-08-18,0.868,0.766,0.981,0.826,0.916,rt,
boga,2026-08-19,0.87,0.768,0.983,0.829,0.92,rt,
boga,2026-08-20,0.871,0.769,0.987,0.831,0.92,rt,
boga,2026-08-21,0.877,0.776,0.99,0.836,0.923,rt,
boga,2026-08-22,0.879,0.779,0.992,0.839,0.924,rt,
boga,2026-08-23,0.88,0.773,0.996,0.837,0.926,rt,
boga,2026-08-24,0.888,0.775,1.011,0.843,0.939,rt,
boga,2026-08-25,0.906,0.798,1.028,0.86,0.953,rt,
boga,2026-08-26,0.921,0.814,1.043,0.875,0.968,rt,
boga,2026-08-27,0.934,0.827,1.056,0.887,0.982,rt,
boga,2026-08-28,0.946,0.844,1.065,0.902,0.993,rt,
boga,2026-08-29,0.957,0.852,1.071,0.913,1.003,rt,
boga,2026-08-30,0.965,0.856,1.085,0.921,1.012,rt,
boga,2026-08-31,0.962,0.846,1.087,0.916,1.009,rt,
boga,2026-09-01,0.967,0.854,1.086,0.92,1.015,rt,
boga,2026-09-02,0.972,0.861,1.088,0.926,1.02,rt,
boga,2026-09-03,0.976,0.862,1.096,0.927,1.024,rt,
boga,2026-09-04,0.971,0.86,1.089,0.926,1.019,rt,
boga,2026-09-05,0.966,0.856,1.082,0.919,1.012,rt,
boga,2026-09-06,0.957,0.844,1.075,0.91,1.004,rt,
boga,2026-09-07,0.935,0.816,1.059,0.885,0.987,rt,
boga,2026-09-08,0.916,0.799,1.041,0.868,0.968,rt,
boga,2026-09-09,0.898,0.778,1.03,0.848,0.95,rt,
boga,2026-09-10,0.879,0.755,1.012,0.827,0.934,rt,
boga,2026-09-11,0.863,0.74,0.991,0.809,0.917,rt,
boga,2026-09-12,0.843,0.722,0.975,0.787,0.899,rt,
boga,2026-09-13,0.824,0.693,0.961,0.764,0.88,rt,
boga,2026-09-14,0.804,0.662,0.956,0.74,0.864,rt,
boga,2026-09-15,0.797,0.655,0.951,0.732,0.86,rt,
boga,2026-09-16,0.789,0.646,0.949,0.725,0.855,rt,
boga,2026-09-17,0.783,0.635,0.95,0.718,0.852,rt,
boga,2026-09-18,0.778,0.629,0.944,0.712,0.847,rt,
boga,2026-09-19,0.771,0.616,0.944,0.704,0.842,rt,
boga,2026-09-20,0.767,0.601,0.947,0.693,0.84,rt,
boga,2026-09-21,0.767,0.591,0.958,0.688,0.845,rt,
boga,2026-09-22,0.766,0.579,0.97,0.691,0.849,rt,
boga,2026-09-23,0.765,0.574,0.975,0.688,0.854,rt,
boga,2026-09-24,0.765,0.567,0.983,0.682,0.858,rt,
boga,2026-09-25,0.764,0.556,0.984,0.675,0.856,rt,
boga,2026-09-26,0.76,0.54,0.985,0.671,0.854,rt,
boga,2026-09-27,0.756,0.528,0.991,0.662,0.853,rt,
boga,2026-09-28,0.747,0.506,0.996,0.652,0.85,rt,
boga,2026-09-29,0.748,0.501,1.001,0.649,0.855,rt,
boga,2026-09-30,0.745,0.497,1.006,0.643,0.854,rt,
boga,2026-10-01,0.744,0.494,1.001,0.64,0.848,rt,
boga,2026-10-02,0.736,0.48,0.993,0.632,0.84,rt,
bunia,2026-04-20,2.483,1.565,5.679,1.984,3.226,rt,
bunia,2026-04-21,2.457,1.58,5.409,1.996,3.14,rt,
bunia,2026-04-22,2.428,1.601,5.078,1.991,3.051,rt,
bunia,2026-04-23,2.399,1.615,4.702,1.989,2.988,rt,
bunia,2026-04-24,2.396,1.639,4.513,1.986,2.943,rt,
bunia,2026-04-25,2.384,1.632,4.38,1.978,2.926,rt,
bunia,2026-04-26,2.37,1.62,4.193,1.969,2.926,rt,
bunia,2026-04-27,2.338,1.587,4.113,1.959,2.882,rt,
bunia,2026-04-28,2.326,1.606,3.986,1.964,2.855,rt,
bunia,2026-04-29,2.322,1.623,3.853,1.972,2.823,rt,
bunia,2026-04-30,2.306,1.626,3.772,1.974,2.792,rt,
bunia,2026-05-01,2.316,1.647,3.757,1.984,2.755,rt,
bunia,2026-05-02,2.312,1.652,3.739,1.982,2.757,rt,
bunia,2026-05-03,2.323,1.637,3.695,1.985,2.736,rt,
bunia,2026-05-04,2.32,1.618,3.698,1.981,2.727,rt,
bunia,2026-05-05,2.321,1.643,3.638,1.992,2.722,rt,
bunia,2026-05-06,2.32,1.656,3.563,2.012,2.717,rt,
bunia,2026-05-07,2.321,1.683,3.56,2.029,2.7,rt,
bunia,2026-05-08,2.325,1.716,3.518,2.04,2.676,rt,
bunia,2026-05-09,2.326,1.725,3.407,2.052,2.678,rt,
bunia,2026-05-10,2.315,1.731,3.376,2.049,2.682,rt,
bunia,2026-05-11,2.242,1.646,3.258,1.967,2.607,rt,
bunia,2026-05-12,2.183,1.638,3.097,1.915,2.502,rt,
bunia,2026-05-13,2.124,1.609,2.935,1.876,2.402,rt,
bunia,2026-05-14,2.062,1.569,2.815,1.835,2.334,rt,
bunia,2026-05-15,1.995,1.536,2.684,1.778,2.234,rt,
bunia,2026-05-16,1.931,1.486,2.563,1.72,2.15,rt,
bunia,2026-05-17,1.868,1.419,2.495,1.661,2.086,rt,
bunia,2026-05-18,1.801,1.349,2.445,1.599,2.025,rt,
bunia,2026-05-19,1.731,1.327,2.282,1.551,1.928,rt,
bunia,2026-05-20,1.664,1.3,2.146,1.508,1.834,rt,
bunia,2026-05-21,1.599,1.265,2.058,1.46,1.762,rt,
bunia,2026-05-22,1.533,1.211,1.964,1.399,1.691,rt,
bunia,2026-05-23,1.473,1.142,1.869,1.334,1.632,rt,
bunia,2026-05-24,1.412,1.068,1.806,1.262,1.572,rt,
bunia,2026-05-25,1.349,0.969,1.77,1.18,1.519,rt,
bunia,2026-05-26,1.335,0.991,1.7,1.178,1.481,rt,
bunia,2026-05-27,1.32,1.003,1.646,1.182,1.452,rt,
bunia,2026-05-28,1.309,1.009,1.62,1.182,1.433,rt,
bunia,2026-05-29,1.3,1.011,1.59,1.183,1.416,rt,
bunia,2026-05-30,1.289,1.003,1.587,1.176,1.408,rt,
bunia,2026-05-31,1.284,0.981,1.593,1.157,1.409,rt,
bunia,2026-06-01,1.283,0.966,1.621,1.147,1.42,rt,
bunia,2026-06-02,1.332,1.048,1.632,1.21,1.45,rt,
bunia,2026-06-03,1.376,1.122,1.653,1.267,1.485,rt,
bunia,2026-06-04,1.419,1.183,1.679,1.323,1.522,rt,
bunia,2026-06-05,1.457,1.23,1.719,1.369,1.556,rt,
bunia,2026-06-06,1.486,1.264,1.766,1.398,1.592,rt,
bunia,2026-06-07,1.509,1.271,1.821,1.416,1.627,rt,
bunia,2026-06-08,1.536,1.276,1.874,1.426,1.662,rt,
bunia,2026-06-09,1.52,1.292,1.814,1.424,1.63,rt,
bunia,2026-06-10,1.502,1.305,1.754,1.416,1.6,rt,
bunia,2026-06-11,1.481,1.294,1.722,1.398,1.579,rt,
bunia,2026-06-12,1.464,1.286,1.698,1.381,1.554,rt,
bunia,2026-06-13,1.445,1.253,1.686,1.362,1.538,rt,
bunia,2026-06-14,1.423,1.22,1.678,1.333,1.521,rt,
bunia,2026-06-15,1.401,1.182,1.68,1.3,1.508,rt,
bunia,2026-06-16,1.358,1.161,1.601,1.271,1.45,rt,
bunia,2026-06-17,1.319,1.139,1.529,1.243,1.397,rt,
bunia,2026-06-18,1.277,1.114,1.467,1.207,1.352,rt,
bunia,2026-06-19,1.24,1.088,1.415,1.173,1.309,rt,
bunia,2026-06-20,1.202,1.049,1.376,1.137,1.273,rt,
bunia,2026-06-21,1.169,0.994,1.344,1.095,1.239,rt,
bunia,2026-06-22,1.146,0.95,1.348,1.065,1.226,rt,
bunia,2026-06-23,1.154,0.979,1.334,1.082,1.223,rt,
bunia,2026-06-24,1.16,1.011,1.328,1.098,1.223,rt,
bunia,2026-06-25,1.166,1.03,1.329,1.109,1.229,rt,
bunia,2026-06-26,1.169,1.041,1.315,1.117,1.233,rt,
bunia,2026-06-27,1.176,1.043,1.325,1.122,1.239,rt,
bunia,2026-06-28,1.18,1.033,1.339,1.117,1.251,rt,
bunia,2026-06-29,1.163,0.993,1.336,1.093,1.239,rt,
bunia,2026-06-30,1.156,1.007,1.31,1.093,1.221,rt,
bunia,2026-07-01,1.151,1.013,1.289,1.095,1.206,rt,
bunia,2026-07-02,1.146,1.019,1.28,1.092,1.199,rt,
bunia,2026-07-03,1.143,1.021,1.276,1.089,1.192,rt,
bunia,2026-07-04,1.139,1.013,1.282,1.087,1.194,rt,
bunia,2026-07-05,1.136,0.992,1.297,1.081,1.195,rt,
bunia,2026-07-06,1.138,0.981,1.323,1.077,1.205,rt,
bunia,2026-07-07,1.128,0.984,1.29,1.074,1.188,rt,
bunia,2026-07-08,1.117,0.985,1.263,1.066,1.174,rt,
bunia,2026-07-09,1.106,0.984,1.251,1.057,1.163,rt,
bunia,2026-07-10,1.094,0.978,1.232,1.047,1.154,rt,
bunia,2026-07-11,1.085,0.955,1.226,1.032,1.141,rt,
bunia,2026-07-12,1.071,0.932,1.221,1.016,1.133,rt,
bunia,2026-07-13,1.049,0.901,1.221,0.988,1.119,rt,
bunia,2026-07-14,1.038,0.903,1.186,0.979,1.097,rt,
bunia,2026-07-15,1.024,0.901,1.159,0.97,1.076,rt,
bunia,2026-07-16,1.009,0.89,1.14,0.961,1.06,rt,
bunia,2026-07-17,0.998,0.882,1.127,0.951,1.05,rt,
bunia,2026-07-18,0.987,0.863,1.126,0.935,1.039,rt,
bunia,2026-07-19,0.974,0.835,1.124,0.916,1.029,rt,
bunia,2026-07-20,0.963,0.805,1.128,0.897,1.026,rt,
bunia,2026-07-21,0.966,0.825,1.113,0.905,1.022,rt,
bunia,2026-07-22,0.967,0.842,1.101,0.913,1.022,rt,
bunia,2026-07-23,0.967,0.847,1.092,0.918,1.02,rt,
bunia,2026-07-24,0.969,0.849,1.095,0.924,1.02,rt,
bunia,2026-07-25,0.971,0.848,1.099,0.923,1.024,rt,
bunia,2026-07-26,0.969,0.839,1.108,0.918,1.027,rt,
bunia,2026-07-27,0.975,0.827,1.131,0.912,1.038,rt,
bunia,2026-07-28,0.99,0.852,1.13,0.934,1.046,rt,
bunia,2026-07-29,1.003,0.877,1.14,0.952,1.058,rt,
bunia,2026-07-30,1.017,0.891,1.155,0.964,1.07,rt,
bunia,2026-07-31,1.023,0.899,1.166,0.97,1.073,rt,
bunia,2026-08-01,1.025,0.899,1.18,0.97,1.083,rt,
bunia,2026-08-02,1.024,0.888,1.199,0.97,1.093,rt,
bunia,2026-08-03,1.019,0.869,1.225,0.959,1.094,rt,
bunia,2026-08-04,1.011,0.874,1.192,0.957,1.077,rt,
bunia,2026-08-05,1.004,0.881,1.159,0.952,1.065,rt,
bunia,2026-08-06,0.994,0.874,1.14,0.945,1.052,rt,
bunia,2026-08-07,0.983,0.862,1.116,0.93,1.033,rt,
bunia,2026-08-08,0.966,0.845,1.101,0.915,1.021,rt,
bunia,2026-08-09,0.953,0.818,1.096,0.895,1.01,rt,
bunia,2026-08-10,0.929,0.777,1.096,0.866,0.993,rt,
bunia,2026-08-11,0.912,0.779,1.055,0.856,0.967,rt,
bunia,2026-08-12,0.896,0.774,1.029,0.845,0.945,rt,
bunia,2026-08-13,0.878,0.765,1.001,0.833,0.925,rt,
bunia,2026-08-14,0.864,0.752,0.98,0.82,0.91,rt,
bunia,2026-08-15,0.85,0.735,0.972,0.804,0.899,rt,
bunia,2026-08-16,0.837,0.706,0.967,0.785,0.889,rt,
bunia,2026-08-17,0.83,0.676,0.976,0.77,0.887,rt,
bunia,2026-08-18,0.835,0.699,0.97,0.784,0.889,rt,
bunia,2026-08-19,0.841,0.716,0.964,0.791,0.893,rt,
bunia,2026-08-20,0.845,0.723,0.973,0.797,0.896,rt,
bunia,2026-08-21,0.854,0.733,0.978,0.805,0.902,rt,
bunia,2026-08-22,0.859,0.736,0.989,0.807,0.911,rt,
bunia,2026-08-23,0.865,0.729,1.008,0.805,0.92,rt,
bunia,2026-08-24,0.876,0.725,1.042,0.809,0.942,rt,
bunia,2026-08-25,0.887,0.748,1.03,0.824,0.944,rt,
bunia,2026-08-26,0.895,0.766,1.026,0.838,0.949,rt,
bunia,2026-08-27,0.901,0.781,1.027,0.849,0.955,rt,
bunia,2026-08-28,0.906,0.789,1.028,0.855,0.956,rt,
bunia,2026-08-29,0.91,0.786,1.039,0.861,0.962,rt,
bunia,2026-08-30,0.911,0.772,1.053,0.857,0.97,rt,
bunia,2026-08-31,0.901,0.743,1.065,0.836,0.968,rt,
bunia,2026-09-01,0.898,0.759,1.044,0.841,0.96,rt,
bunia,2026-09-02,0.896,0.77,1.031,0.842,0.952,rt,
bunia,2026-09-03,0.893,0.765,1.024,0.837,0.945,rt,
bunia,2026-09-04,0.881,0.757,1.009,0.826,0.934,rt,
bunia,2026-09-05,0.872,0.736,1.006,0.808,0.926,rt,
bunia,2026-09-06,0.854,0.709,1.007,0.787,0.922,rt,
bunia,2026-09-07,0.826,0.655,1.004,0.749,0.902,rt,
bunia,2026-09-08,0.812,0.656,0.975,0.745,0.884,rt,
bunia,2026-09-09,0.799,0.652,0.95,0.737,0.863,rt,
bunia,2026-09-10,0.785,0.639,0.928,0.723,0.844,rt,
bunia,2026-09-11,0.772,0.624,0.914,0.707,0.829,rt,
bunia,2026-09-12,0.756,0.602,0.907,0.692,0.817,rt,
bunia,2026-09-13,0.738,0.564,0.91,0.665,0.807,rt,
bunia,2026-09-14,0.721,0.533,0.921,0.638,0.799,rt,
bunia,2026-09-15,0.725,0.546,0.924,0.646,0.801,rt,
bunia,2026-09-16,0.73,0.55,0.933,0.653,0.812,rt,
bunia,2026-09-17,0.737,0.549,0.953,0.656,0.825,rt,
bunia,2026-09-18,0.742,0.542,0.982,0.663,0.841,rt,
bunia,2026-09-19,0.75,0.525,1.024,0.662,0.861,rt,
bunia,2026-09-20,0.758,0.51,1.075,0.655,0.881,rt,
bunia,2026-09-21,0.771,0.494,1.131,0.658,0.911,rt,
bunia,2026-09-22,0.771,0.492,1.13,0.653,0.913,rt,
bunia,2026-09-23,0.773,0.486,1.139,0.644,0.914,rt,
bunia,2026-09-24,0.773,0.468,1.156,0.636,0.917,rt,
bunia,2026-09-25,0.766,0.444,1.176,0.623,0.915,rt,
bunia,2026-09-26,0.759,0.42,1.192,0.609,0.92,rt,
bunia,2026-09-27,0.751,0.391,1.208,0.595,0.923,rt,
bunia,2026-09-28,0.745,0.359,1.242,0.577,0.923,rt,
bunia,2026-09-29,0.736,0.359,1.223,0.573,0.909,rt,
bunia,2026-09-30,0.729,0.35,1.223,0.556,0.913,rt,
bunia,2026-10-01,0.723,0.32,1.219,0.537,0.912,rt,
bunia,2026-10-02,0.71,0.289,1.248,0.515,0.909,rt,
damas,2026-06-14,1.078,0.692,1.605,0.914,1.264,rt,
damas,2026-06-15,1.066,0.67,1.626,0.893,1.266,rt,
damas,2026-06-16,1.081,0.708,1.604,0.92,1.275,rt,
damas,2026-06-17,1.098,0.732,1.604,0.941,1.28,rt,
damas,2026-06-18,1.115,0.76,1.598,0.957,1.302,rt,
damas,2026-06-19,1.133,0.779,1.614,0.973,1.319,rt,
damas,2026-06-20,1.151,0.783,1.653,0.982,1.344,rt,
damas,2026-06-21,1.161,0.771,1.726,0.986,1.373,rt,
damas,2026-06-22,1.196,0.779,1.849,1.009,1.417,rt,
damas,2026-06-23,1.211,0.812,1.791,1.036,1.42,rt,
damas,2026-06-24,1.23,0.837,1.796,1.062,1.437,rt,
damas,2026-06-25,1.239,0.845,1.816,1.077,1.464,rt,
damas,2026-06-26,1.251,0.842,1.808,1.081,1.479,rt,
damas,2026-06-27,1.271,0.839,1.878,1.083,1.495,rt,
damas,2026-06-28,1.273,0.83,1.948,1.076,1.527,rt,
damas,2026-06-29,1.264,0.796,1.978,1.049,1.534,rt,
damas,2026-06-30,1.248,0.817,1.904,1.049,1.483,rt,
damas,2026-07-01,1.234,0.836,1.819,1.047,1.456,rt,
damas,2026-07-02,1.22,0.841,1.762,1.048,1.437,rt,
damas,2026-07-03,1.208,0.832,1.737,1.04,1.428,rt,
damas,2026-07-04,1.201,0.817,1.747,1.028,1.415,rt,
damas,2026-07-05,1.191,0.796,1.784,1.009,1.417,rt,
damas,2026-07-06,1.19,0.775,1.835,0.998,1.42,rt,
damas,2026-07-07,1.205,0.809,1.772,1.024,1.419,rt,
damas,2026-07-08,1.214,0.838,1.76,1.053,1.422,rt,
damas,2026-07-09,1.228,0.864,1.764,1.066,1.429,rt,
damas,2026-07-10,1.249,0.873,1.79,1.076,1.445,rt,
damas,2026-07-11,1.263,0.861,1.846,1.084,1.468,rt,
damas,2026-07-12,1.275,0.851,1.922,1.081,1.511,rt,
damas,2026-07-13,1.27,0.813,1.983,1.065,1.526,rt,
damas,2026-07-14,1.269,0.845,1.925,1.081,1.505,rt,
damas,2026-07-15,1.268,0.879,1.876,1.088,1.483,rt,
damas,2026-07-16,1.275,0.887,1.843,1.094,1.465,rt,
damas,2026-07-17,1.269,0.896,1.841,1.101,1.472,rt,
damas,2026-07-18,1.265,0.887,1.844,1.094,1.476,rt,
damas,2026-07-19,1.27,0.876,1.883,1.084,1.488,rt,
damas,2026-07-20,1.259,0.858,1.93,1.074,1.5,rt,
damas,2026-07-21,1.252,0.871,1.851,1.084,1.475,rt,
damas,2026-07-22,1.246,0.883,1.808,1.083,1.45,rt,
damas,2026-07-23,1.232,0.883,1.769,1.074,1.436,rt,
damas,2026-07-24,1.23,0.88,1.736,1.066,1.432,rt,
damas,2026-07-25,1.221,0.861,1.759,1.05,1.43,rt,
damas,2026-07-26,1.211,0.82,1.801,1.031,1.426,rt,
damas,2026-07-27,1.199,0.768,1.863,1.018,1.434,rt,
damas,2026-07-28,1.191,0.799,1.769,1.021,1.394,rt,
damas,2026-07-29,1.176,0.814,1.71,1.028,1.364,rt,
damas,2026-07-30,1.16,0.822,1.659,1.011,1.337,rt,
damas,2026-07-31,1.145,0.792,1.624,0.985,1.319,rt,
damas,2026-08-01,1.122,0.748,1.597,0.962,1.302,rt,
damas,2026-08-02,1.09,0.701,1.596,0.93,1.285,rt,
damas,2026-08-03,1.058,0.653,1.622,0.887,1.27,rt,
damas,2026-08-04,1.043,0.667,1.542,0.884,1.235,rt,
damas,2026-08-05,1.026,0.676,1.494,0.874,1.2,rt,
damas,2026-08-06,1.009,0.674,1.454,0.858,1.167,rt,
damas,2026-08-07,0.99,0.662,1.423,0.844,1.139,rt,
damas,2026-08-08,0.963,0.636,1.405,0.815,1.115,rt,
damas,2026-08-09,0.939,0.604,1.42,0.785,1.099,rt,
damas,2026-08-10,0.91,0.557,1.403,0.752,1.074,rt,
damas,2026-08-11,0.893,0.574,1.343,0.745,1.04,rt,
damas,2026-08-12,0.872,0.576,1.288,0.739,1.022,rt,
damas,2026-08-13,0.861,0.565,1.238,0.729,1.002,rt,
damas,2026-08-14,0.843,0.554,1.22,0.719,0.987,rt,
damas,2026-08-15,0.826,0.535,1.226,0.702,0.977,rt,
damas,2026-08-16,0.81,0.51,1.229,0.678,0.968,rt,
damas,2026-08-17,0.798,0.491,1.256,0.669,0.976,rt,
damas,2026-08-18,0.789,0.495,1.224,0.663,0.954,rt,
damas,2026-08-19,0.78,0.494,1.176,0.655,0.936,rt,
damas,2026-08-20,0.775,0.493,1.167,0.646,0.925,rt,
damas,2026-08-21,0.767,0.486,1.163,0.641,0.915,rt,
damas,2026-08-22,0.761,0.47,1.164,0.628,0.908,rt,
damas,2026-08-23,0.751,0.451,1.181,0.614,0.904,rt,
damas,2026-08-24,0.746,0.434,1.211,0.603,0.91,rt,
damas,2026-08-25,0.745,0.442,1.165,0.61,0.897,rt,
damas,2026-08-26,0.742,0.455,1.146,0.615,0.886,rt,
damas,2026-08-27,0.734,0.453,1.131,0.613,0.886,rt,
damas,2026-08-28,0.728,0.447,1.125,0.609,0.881,rt,
damas,2026-08-29,0.725,0.436,1.13,0.601,0.874,rt,
damas,2026-08-30,0.714,0.426,1.14,0.588,0.868,rt,
damas,2026-08-31,0.699,0.403,1.145,0.57,0.856,rt,
damas,2026-09-01,0.686,0.402,1.094,0.564,0.832,rt,
damas,2026-09-02,0.673,0.395,1.067,0.557,0.818,rt,
damas,2026-09-03,0.661,0.392,1.039,0.545,0.794,rt,
damas,2026-09-04,0.645,0.38,1.009,0.529,0.773,rt,
damas,2026-09-05,0.627,0.361,0.998,0.504,0.759,rt,
damas,2026-09-06,0.609,0.341,0.986,0.486,0.743,rt,
damas,2026-09-07,0.582,0.323,0.978,0.459,0.722,rt,
damas,2026-09-08,0.563,0.316,0.929,0.452,0.693,rt,
damas,2026-09-09,0.546,0.311,0.885,0.439,0.665,rt,
damas,2026-09-10,0.531,0.301,0.837,0.424,0.646,rt,
damas,2026-09-11,0.514,0.289,0.827,0.411,0.634,rt,
damas,2026-09-12,0.496,0.276,0.818,0.401,0.614,rt,
damas,2026-09-13,0.477,0.261,0.799,0.386,0.598,rt,
damas,2026-09-14,0.464,0.245,0.808,0.368,0.578,rt,
damas,2026-09-15,0.464,0.25,0.793,0.371,0.58,rt,
damas,2026-09-16,0.467,0.257,0.784,0.375,0.578,rt,
damas,2026-09-17,0.471,0.261,0.788,0.371,0.578,rt,
damas,2026-09-18,0.475,0.261,0.794,0.372,0.585,rt,
damas,2026-09-19,0.472,0.263,0.81,0.37,0.59,rt,
damas,2026-09-20,0.468,0.258,0.827,0.368,0.596,rt,
damas,2026-09-21,0.473,0.255,0.867,0.366,0.608,rt,
damas,2026-09-22,0.481,0.261,0.869,0.371,0.618,rt,
damas,2026-09-23,0.488,0.263,0.884,0.377,0.626,rt,
damas,2026-09-24,0.495,0.269,0.891,0.384,0.636,rt,
damas,2026-09-25,0.496,0.269,0.904,0.385,0.637,rt,
damas,2026-09-26,0.501,0.269,0.934,0.389,0.642,rt,
damas,2026-09-27,0.503,0.267,0.973,0.389,0.648,rt,
damas,2026-09-28,0.506,0.264,1.011,0.388,0.657,rt,
damas,2026-09-29,0.513,0.266,0.999,0.391,0.663,rt,
damas,2026-09-30,0.523,0.266,1.012,0.395,0.677,rt,
damas,2026-10-01,0.528,0.266,1.041,0.395,0.689,rt,
damas,2026-10-02,0.527,0.258,1.098,0.394,0.707,rt,
drodro,2026-06-29,1.31,1.152,1.484,1.24,1.384,rt,
drodro,2026-06-30,1.282,1.141,1.438,1.219,1.348,rt,
drodro,2026-07-01,1.256,1.127,1.401,1.2,1.318,rt,
drodro,2026-07-02,1.232,1.109,1.369,1.18,1.291,rt,
drodro,2026-07-03,1.211,1.095,1.339,1.164,1.265,rt,
drodro,2026-07-04,1.19,1.075,1.316,1.145,1.243,rt,
drodro,2026-07-05,1.17,1.049,1.299,1.125,1.224,rt,
drodro,2026-07-06,1.159,1.032,1.288,1.106,1.216,rt,
drodro,2026-07-07,1.161,1.046,1.282,1.111,1.213,rt,
drodro,2026-07-08,1.162,1.051,1.278,1.114,1.211,rt,
drodro,2026-07-09,1.164,1.055,1.281,1.116,1.21,rt,
drodro,2026-07-10,1.164,1.059,1.274,1.119,1.206,rt,
drodro,2026-07-11,1.163,1.053,1.271,1.119,1.205,rt,
drodro,2026-07-12,1.159,1.045,1.276,1.117,1.204,rt,
drodro,2026-07-13,1.147,1.022,1.275,1.103,1.198,rt,
drodro,2026-07-14,1.144,1.033,1.26,1.098,1.188,rt,
drodro,2026-07-15,1.14,1.031,1.252,1.095,1.181,rt,
drodro,2026-07-16,1.133,1.026,1.245,1.088,1.177,rt,
drodro,2026-07-17,1.13,1.025,1.238,1.087,1.175,rt,
drodro,2026-07-18,1.127,1.018,1.234,1.083,1.172,rt,
drodro,2026-07-19,1.122,1.01,1.239,1.073,1.166,rt,
drodro,2026-07-20,1.118,1.002,1.243,1.066,1.167,rt,
drodro,2026-07-21,1.115,1.003,1.236,1.066,1.162,rt,
drodro,2026-07-22,1.11,1.001,1.228,1.062,1.155,rt,
drodro,2026-07-23,1.105,0.994,1.223,1.055,1.151,rt,
drodro,2026-07-24,1.1,0.995,1.212,1.052,1.146,rt,
drodro,2026-07-25,1.093,0.991,1.205,1.049,1.141,rt,
drodro,2026-07-26,1.085,0.978,1.201,1.041,1.133,rt,
drodro,2026-07-27,1.082,0.968,1.206,1.034,1.131,rt,
drodro,2026-07-28,1.082,0.972,1.2,1.035,1.127,rt,
drodro,2026-07-29,1.079,0.974,1.191,1.034,1.126,rt,
drodro,2026-07-30,1.073,0.968,1.188,1.032,1.125,rt,
drodro,2026-07-31,1.063,0.961,1.174,1.022,1.111,rt,
drodro,2026-08-01,1.05,0.949,1.166,1.01,1.097,rt,
drodro,2026-08-02,1.037,0.929,1.154,0.993,1.087,rt,
drodro,2026-08-03,1.019,0.903,1.142,0.97,1.07,rt,
drodro,2026-08-04,1.01,0.901,1.128,0.963,1.059,rt,
drodro,2026-08-05,1.004,0.896,1.117,0.957,1.049,rt,
drodro,2026-08-06,0.996,0.885,1.113,0.949,1.04,rt,
drodro,2026-08-07,0.982,0.875,1.089,0.938,1.023,rt,
drodro,2026-08-08,0.969,0.864,1.073,0.926,1.01,rt,
drodro,2026-08-09,0.954,0.846,1.058,0.911,0.997,rt,
drodro,2026-08-10,0.933,0.822,1.041,0.889,0.976,rt,
drodro,2026-08-11,0.922,0.82,1.024,0.88,0.962,rt,
drodro,2026-08-12,0.91,0.813,1.009,0.872,0.95,rt,
drodro,2026-08-13,0.901,0.805,0.998,0.863,0.94,rt,
drodro,2026-08-14,0.893,0.802,0.985,0.857,0.931,rt,
drodro,2026-08-15,0.885,0.796,0.977,0.848,0.921,rt,
drodro,2026-08-16,0.877,0.786,0.97,0.838,0.912,rt,
drodro,2026-08-17,0.875,0.776,0.975,0.833,0.913,rt,
drodro,2026-08-18,0.876,0.78,0.973,0.837,0.916,rt,
drodro,2026-08-19,0.877,0.781,0.975,0.839,0.917,rt,
drodro,2026-08-20,0.877,0.779,0.978,0.839,0.918,rt,
drodro,2026-08-21,0.881,0.788,0.98,0.845,0.921,rt,
drodro,2026-08-22,0.883,0.788,0.98,0.848,0.924,rt,
drodro,2026-08-23,0.882,0.784,0.982,0.846,0.924,rt,
drodro,2026-08-24,0.893,0.787,0.995,0.85,0.934,rt,
drodro,2026-08-25,0.907,0.809,1.01,0.865,0.948,rt,
drodro,2026-08-26,0.921,0.822,1.028,0.879,0.964,rt,
drodro,2026-08-27,0.934,0.832,1.045,0.89,0.978,rt,
drodro,2026-08-28,0.944,0.847,1.052,0.905,0.989,rt,
drodro,2026-08-29,0.953,0.857,1.062,0.916,0.996,rt,
drodro,2026-08-30,0.962,0.861,1.072,0.921,1.004,rt,
drodro,2026-08-31,0.958,0.848,1.07,0.913,1.001,rt,
drodro,2026-09-01,0.961,0.857,1.075,0.919,1.006,rt,
drodro,2026-09-02,0.965,0.862,1.073,0.922,1.01,rt,
drodro,2026-09-03,0.967,0.862,1.08,0.923,1.014,rt,
drodro,2026-09-04,0.962,0.862,1.069,0.916,1.006,rt,
drodro,2026-09-05,0.954,0.854,1.061,0.909,0.999,rt,
drodro,2026-09-06,0.945,0.841,1.052,0.899,0.99,rt,
drodro,2026-09-07,0.92,0.812,1.034,0.873,0.968,rt,
drodro,2026-09-08,0.902,0.792,1.015,0.855,0.947,rt,
drodro,2026-09-09,0.883,0.768,0.994,0.837,0.926,rt,
drodro,2026-09-10,0.863,0.747,0.976,0.817,0.907,rt,
drodro,2026-09-11,0.845,0.727,0.958,0.798,0.889,rt,
drodro,2026-09-12,0.824,0.702,0.938,0.776,0.87,rt,
drodro,2026-09-13,0.801,0.673,0.923,0.749,0.85,rt,
drodro,2026-09-14,0.779,0.643,0.914,0.724,0.834,rt,
drodro,2026-09-15,0.771,0.634,0.906,0.714,0.828,rt,
drodro,2026-09-16,0.764,0.623,0.906,0.708,0.824,rt,
drodro,2026-09-17,0.758,0.613,0.909,0.699,0.821,rt,
drodro,2026-09-18,0.756,0.607,0.91,0.692,0.817,rt,
drodro,2026-09-19,0.749,0.592,0.91,0.684,0.816,rt,
drodro,2026-09-20,0.742,0.579,0.923,0.674,0.815,rt,
drodro,2026-09-21,0.744,0.569,0.932,0.669,0.824,rt,
drodro,2026-09-22,0.745,0.559,0.938,0.666,0.828,rt,
drodro,2026-09-23,0.742,0.551,0.949,0.662,0.829,rt,
drodro,2026-09-24,0.741,0.544,0.961,0.657,0.831,rt,
drodro,2026-09-25,0.739,0.531,0.964,0.652,0.829,rt,
drodro,2026-09-26,0.731,0.515,0.966,0.643,0.828,rt,
drodro,2026-09-27,0.727,0.499,0.968,0.635,0.826,rt,
drodro,2026-09-28,0.719,0.477,0.97,0.623,0.827,rt,
drodro,2026-09-29,0.718,0.469,0.974,0.621,0.829,rt,
drodro,2026-09-30,0.715,0.454,0.979,0.615,0.829,rt,
drodro,2026-10-01,0.714,0.449,0.974,0.61,0.823,rt,
drodro,2026-10-02,0.711,0.432,0.972,0.601,0.816,rt,
fataki,2026-06-21,2.109,1.496,3.069,1.83,2.451,rt,
fataki,2026-06-22,2.133,1.461,3.221,1.832,2.512,rt,
fataki,2026-06-23,2.122,1.495,3.066,1.835,2.457,rt,
fataki,2026-06-24,2.096,1.517,2.973,1.834,2.42,rt,
fataki,2026-06-25,2.07,1.513,2.908,1.821,2.376,rt,
fataki,2026-06-26,2.052,1.498,2.892,1.798,2.351,rt,
fataki,2026-06-27,2.022,1.462,2.895,1.763,2.34,rt,
fataki,2026-06-28,1.988,1.411,2.908,1.73,2.329,rt,
fataki,2026-06-29,1.923,1.329,2.927,1.652,2.278,rt,
fataki,2026-06-30,1.83,1.319,2.676,1.59,2.134,rt,
fataki,2026-07-01,1.747,1.28,2.472,1.526,2.011,rt,
fataki,2026-07-02,1.667,1.248,2.305,1.471,1.905,rt,
fataki,2026-07-03,1.597,1.194,2.182,1.414,1.819,rt,
fataki,2026-07-04,1.524,1.131,2.098,1.351,1.738,rt,
fataki,2026-07-05,1.456,1.05,2.061,1.282,1.676,rt,
fataki,2026-07-06,1.405,0.975,2.035,1.218,1.626,rt,
fataki,2026-07-07,1.383,0.99,1.942,1.213,1.578,rt,
fataki,2026-07-08,1.364,0.993,1.864,1.204,1.54,rt,
fataki,2026-07-09,1.338,0.996,1.815,1.189,1.511,rt,
fataki,2026-07-10,1.318,0.972,1.776,1.167,1.488,rt,
fataki,2026-07-11,1.294,0.941,1.761,1.138,1.467,rt,
fataki,2026-07-12,1.272,0.904,1.781,1.106,1.448,rt,
fataki,2026-07-13,1.239,0.859,1.798,1.057,1.442,rt,
fataki,2026-07-14,1.233,0.879,1.719,1.064,1.417,rt,
fataki,2026-07-15,1.229,0.891,1.693,1.075,1.4,rt,
fataki,2026-07-16,1.224,0.891,1.67,1.08,1.392,rt,
fataki,2026-07-17,1.224,0.891,1.683,1.076,1.395,rt,
fataki,2026-07-18,1.218,0.878,1.705,1.065,1.398,rt,
fataki,2026-07-19,1.215,0.853,1.76,1.043,1.407,rt,
fataki,2026-07-20,1.209,0.818,1.817,1.029,1.423,rt,
fataki,2026-07-21,1.198,0.845,1.723,1.03,1.39,rt,
fataki,2026-07-22,1.183,0.868,1.662,1.031,1.35,rt,
fataki,2026-07-23,1.169,0.874,1.586,1.028,1.325,rt,
fataki,2026-07-24,1.15,0.868,1.542,1.019,1.308,rt,
fataki,2026-07-25,1.136,0.848,1.542,1.008,1.292,rt,
fataki,2026-07-26,1.116,0.809,1.559,0.985,1.278,rt,
fataki,2026-07-27,1.103,0.768,1.588,0.96,1.278,rt,
fataki,2026-07-28,1.08,0.772,1.505,0.955,1.232,rt,
fataki,2026-07-29,1.054,0.777,1.434,0.944,1.195,rt,
fataki,2026-07-30,1.029,0.77,1.374,0.922,1.159,rt,
fataki,2026-07-31,0.997,0.742,1.334,0.89,1.122,rt,
fataki,2026-08-01,0.967,0.703,1.302,0.855,1.089,rt,
fataki,2026-08-02,0.93,0.656,1.282,0.814,1.063,rt,
fataki,2026-08-03,0.893,0.608,1.277,0.769,1.04,rt,
fataki,2026-08-04,0.858,0.6,1.206,0.75,0.992,rt,
fataki,2026-08-05,0.822,0.585,1.138,0.729,0.954,rt,
fataki,2026-08-06,0.797,0.565,1.086,0.705,0.913,rt,
fataki,2026-08-07,0.761,0.534,1.04,0.674,0.876,rt,
fataki,2026-08-08,0.732,0.503,1.018,0.638,0.847,rt,
fataki,2026-08-09,0.702,0.472,0.998,0.605,0.817,rt,
fataki,2026-08-10,0.666,0.432,0.98,0.567,0.784,rt,
fataki,2026-08-11,0.645,0.428,0.918,0.55,0.74,rt,
fataki,2026-08-12,0.622,0.421,0.868,0.529,0.707,rt,
fataki,2026-08-13,0.599,0.403,0.83,0.512,0.675,rt,
fataki,2026-08-14,0.574,0.389,0.814,0.492,0.655,rt,
fataki,2026-08-15,0.552,0.368,0.795,0.471,0.636,rt,
fataki,2026-08-16,0.53,0.349,0.775,0.448,0.618,rt,
fataki,2026-08-17,0.517,0.332,0.776,0.43,0.61,rt,
fataki,2026-08-18,0.506,0.332,0.746,0.423,0.593,rt,
fataki,2026-08-19,0.496,0.325,0.72,0.416,0.582,rt,
fataki,2026-08-20,0.484,0.316,0.701,0.408,0.567,rt,
fataki,2026-08-21,0.475,0.307,0.688,0.399,0.561,rt,
fataki,2026-08-22,0.464,0.295,0.683,0.389,0.55,rt,
fataki,2026-08-23,0.456,0.279,0.682,0.377,0.542,rt,
fataki,2026-08-24,0.45,0.269,0.692,0.369,0.544,rt,
fataki,2026-08-25,0.459,0.281,0.689,0.378,0.544,rt,
fataki,2026-08-26,0.462,0.29,0.685,0.383,0.548,rt,
fataki,2026-08-27,0.467,0.296,0.692,0.386,0.549,rt,
fataki,2026-08-28,0.472,0.301,0.691,0.393,0.555,rt,
fataki,2026-08-29,0.474,0.301,0.707,0.395,0.56,rt,
fataki,2026-08-30,0.476,0.299,0.723,0.396,0.568,rt,
fataki,2026-08-31,0.473,0.292,0.741,0.389,0.569,rt,
fataki,2026-09-01,0.48,0.303,0.735,0.399,0.575,rt,
fataki,2026-09-02,0.486,0.313,0.742,0.406,0.582,rt,
fataki,2026-09-03,0.494,0.317,0.748,0.411,0.585,rt,
fataki,2026-09-04,0.496,0.321,0.759,0.412,0.593,rt,
fataki,2026-09-05,0.498,0.321,0.778,0.414,0.597,rt,
fataki,2026-09-06,0.5,0.314,0.794,0.411,0.604,rt,
fataki,2026-09-07,0.494,0.302,0.805,0.402,0.602,rt,
fataki,2026-09-08,0.488,0.306,0.784,0.403,0.592,rt,
fataki,2026-09-09,0.482,0.307,0.776,0.4,0.586,rt,
fataki,2026-09-10,0.481,0.302,0.759,0.395,0.578,rt,
fataki,2026-09-11,0.475,0.294,0.762,0.39,0.577,rt,
fataki,2026-09-12,0.467,0.286,0.767,0.386,0.576,rt,
fataki,2026-09-13,0.461,0.274,0.781,0.377,0.572,rt,
fataki,2026-09-14,0.457,0.262,0.781,0.365,0.567,rt,
fataki,2026-09-15,0.459,0.266,0.78,0.374,0.565,rt,
fataki,2026-09-16,0.464,0.272,0.792,0.381,0.57,rt,
fataki,2026-09-17,0.471,0.274,0.807,0.383,0.577,rt,
fataki,2026-09-18,0.478,0.275,0.823,0.387,0.586,rt,
fataki,2026-09-19,0.483,0.273,0.856,0.391,0.599,rt,
fataki,2026-09-20,0.486,0.27,0.897,0.389,0.61,rt,
fataki,2026-09-21,0.495,0.267,0.954,0.395,0.625,rt,
fataki,2026-09-22,0.502,0.275,0.941,0.401,0.641,rt,
fataki,2026-09-23,0.508,0.284,0.949,0.406,0.66,rt,
fataki,2026-09-24,0.519,0.286,0.961,0.41,0.666,rt,
fataki,2026-09-25,0.527,0.292,0.983,0.412,0.674,rt,
fataki,2026-09-26,0.531,0.292,1.0,0.408,0.685,rt,
fataki,2026-09-27,0.532,0.29,1.02,0.41,0.699,rt,
fataki,2026-09-28,0.534,0.284,1.044,0.408,0.709,rt,
fataki,2026-09-29,0.545,0.291,1.059,0.417,0.723,rt,
fataki,2026-09-30,0.555,0.297,1.085,0.42,0.741,rt,
fataki,2026-10-01,0.564,0.298,1.105,0.421,0.749,rt,
fataki,2026-10-02,0.569,0.286,1.163,0.415,0.769,rt,
gety,2026-07-11,1.128,1.015,1.24,1.084,1.175,rt,
gety,2026-07-12,1.128,1.011,1.246,1.082,1.176,rt,
gety,2026-07-13,1.119,0.994,1.246,1.071,1.17,rt,
gety,2026-07-14,1.117,0.997,1.234,1.071,1.164,rt,
gety,2026-07-15,1.112,1.001,1.226,1.067,1.157,rt,
gety,2026-07-16,1.106,0.998,1.221,1.063,1.154,rt,
gety,2026-07-17,1.104,0.999,1.216,1.06,1.15,rt,
gety,2026-07-18,1.1,0.993,1.213,1.057,1.148,rt,
gety,2026-07-19,1.097,0.983,1.218,1.05,1.145,rt,
gety,2026-07-20,1.095,0.976,1.225,1.043,1.143,rt,
gety,2026-07-21,1.092,0.976,1.213,1.043,1.139,rt,
gety,2026-07-22,1.085,0.975,1.205,1.04,1.134,rt,
gety,2026-07-23,1.082,0.967,1.2,1.033,1.128,rt,
gety,2026-07-24,1.077,0.97,1.188,1.032,1.125,rt,
gety,2026-07-25,1.07,0.966,1.183,1.027,1.117,rt,
gety,2026-07-26,1.064,0.955,1.181,1.02,1.11,rt,
gety,2026-07-27,1.061,0.948,1.185,1.014,1.111,rt,
gety,2026-07-28,1.059,0.953,1.177,1.016,1.107,rt,
gety,2026-07-29,1.057,0.954,1.173,1.014,1.104,rt,
gety,2026-07-30,1.054,0.947,1.169,1.01,1.101,rt,
gety,2026-07-31,1.042,0.939,1.153,1.001,1.088,rt,
gety,2026-08-01,1.03,0.924,1.141,0.989,1.075,rt,
gety,2026-08-02,1.017,0.907,1.129,0.972,1.066,rt,
gety,2026-08-03,1.0,0.883,1.12,0.949,1.048,rt,
gety,2026-08-04,0.991,0.879,1.107,0.944,1.039,rt,
gety,2026-08-05,0.985,0.876,1.098,0.939,1.032,rt,
gety,2026-08-06,0.977,0.868,1.09,0.932,1.023,rt,
gety,2026-08-07,0.966,0.862,1.069,0.92,1.007,rt,
gety,2026-08-08,0.954,0.851,1.053,0.909,0.994,rt,
gety,2026-08-09,0.94,0.836,1.042,0.895,0.981,rt,
gety,2026-08-10,0.92,0.81,1.028,0.875,0.963,rt,
gety,2026-08-11,0.911,0.81,1.011,0.868,0.952,rt,
gety,2026-08-12,0.901,0.805,0.996,0.863,0.941,rt,
gety,2026-08-13,0.892,0.795,0.986,0.854,0.933,rt,
gety,2026-08-14,0.888,0.797,0.976,0.85,0.925,rt,
gety,2026-08-15,0.88,0.79,0.972,0.843,0.919,rt,
gety,2026-08-16,0.873,0.78,0.967,0.834,0.911,rt,
gety,2026-08-17,0.873,0.773,0.974,0.832,0.913,rt,
gety,2026-08-18,0.876,0.778,0.975,0.836,0.916,rt,
gety,2026-08-19,0.88,0.781,0.978,0.838,0.918,rt,
gety,2026-08-20,0.88,0.78,0.984,0.841,0.921,rt,
gety,2026-08-21,0.884,0.787,0.984,0.848,0.925,rt,
gety,2026-08-22,0.887,0.788,0.984,0.85,0.928,rt,
gety,2026-08-23,0.889,0.788,0.989,0.85,0.93,rt,
gety,2026-08-24,0.899,0.793,1.003,0.856,0.942,rt,
gety,2026-08-25,0.915,0.811,1.017,0.87,0.958,rt,
gety,2026-08-26,0.93,0.828,1.033,0.884,0.975,rt,
gety,2026-08-27,0.944,0.838,1.051,0.898,0.988,rt,
gety,2026-08-28,0.955,0.856,1.065,0.912,0.999,rt,
gety,2026-08-29,0.965,0.867,1.073,0.925,1.009,rt,
gety,2026-08-30,0.974,0.871,1.083,0.932,1.016,rt,
gety,2026-08-31,0.971,0.862,1.081,0.925,1.014,rt,
gety,2026-09-01,0.976,0.87,1.083,0.93,1.018,rt,
gety,2026-09-02,0.98,0.873,1.084,0.934,1.025,rt,
gety,2026-09-03,0.983,0.875,1.093,0.936,1.029,rt,
gety,2026-09-04,0.979,0.873,1.086,0.933,1.022,rt,
gety,2026-09-05,0.971,0.866,1.078,0.927,1.015,rt,
gety,2026-09-06,0.962,0.855,1.073,0.918,1.007,rt,
gety,2026-09-07,0.939,0.826,1.055,0.893,0.988,rt,
gety,2026-09-08,0.921,0.809,1.036,0.875,0.969,rt,
gety,2026-09-09,0.903,0.789,1.021,0.857,0.951,rt,
gety,2026-09-10,0.883,0.763,1.008,0.837,0.934,rt,
gety,2026-09-11,0.864,0.748,0.986,0.817,0.916,rt,
gety,2026-09-12,0.844,0.724,0.968,0.793,0.896,rt,
gety,2026-09-13,0.821,0.693,0.953,0.771,0.879,rt,
gety,2026-09-14,0.803,0.663,0.942,0.746,0.863,rt,
gety,2026-09-15,0.797,0.655,0.94,0.739,0.855,rt,
gety,2026-09-16,0.791,0.65,0.941,0.731,0.849,rt,
gety,2026-09-17,0.785,0.64,0.944,0.723,0.846,rt,
gety,2026-09-18,0.78,0.634,0.947,0.716,0.844,rt,
gety,2026-09-19,0.774,0.622,0.949,0.706,0.842,rt,
gety,2026-09-20,0.769,0.606,0.95,0.697,0.841,rt,
gety,2026-09-21,0.768,0.596,0.961,0.691,0.847,rt,
gety,2026-09-22,0.771,0.592,0.968,0.69,0.851,rt,
gety,2026-09-23,0.773,0.583,0.977,0.689,0.856,rt,
gety,2026-09-24,0.773,0.573,0.989,0.685,0.858,rt,
gety,2026-09-25,0.769,0.561,0.992,0.68,0.859,rt,
gety,2026-09-26,0.763,0.547,0.998,0.676,0.858,rt,
gety,2026-09-27,0.757,0.531,1.009,0.666,0.859,rt,
gety,2026-09-28,0.749,0.511,1.012,0.653,0.856,rt,
gety,2026-09-29,0.751,0.506,1.011,0.652,0.859,rt,
gety,2026-09-30,0.746,0.492,1.015,0.646,0.858,rt,
gety,2026-10-01,0.744,0.492,1.003,0.642,0.852,rt,
gety,2026-10-02,0.74,0.48,1.007,0.639,0.847,rt,
kambala,2026-08-10,0.932,0.813,1.041,0.886,0.974,rt,
kambala,2026-08-11,0.921,0.814,1.025,0.88,0.963,rt,
kambala,2026-08-12,0.911,0.812,1.011,0.872,0.953,rt,
kambala,2026-08-13,0.904,0.801,1.006,0.863,0.942,rt,
kambala,2026-08-14,0.897,0.799,0.995,0.858,0.934,rt,
kambala,2026-08-15,0.891,0.791,0.985,0.852,0.927,rt,
kambala,2026-08-16,0.883,0.78,0.978,0.843,0.921,rt,
kambala,2026-08-17,0.882,0.773,0.982,0.84,0.924,rt,
kambala,2026-08-18,0.884,0.784,0.982,0.844,0.927,rt,
kambala,2026-08-19,0.887,0.786,0.988,0.846,0.93,rt,
kambala,2026-08-20,0.89,0.784,0.993,0.849,0.932,rt,
kambala,2026-08-21,0.895,0.794,0.992,0.857,0.935,rt,
kambala,2026-08-22,0.899,0.795,0.996,0.859,0.94,rt,
kambala,2026-08-23,0.9,0.795,1.0,0.86,0.943,rt,
kambala,2026-08-24,0.911,0.8,1.015,0.866,0.956,rt,
kambala,2026-08-25,0.927,0.82,1.032,0.884,0.972,rt,
kambala,2026-08-26,0.943,0.833,1.05,0.899,0.988,rt,
kambala,2026-08-27,0.957,0.846,1.069,0.913,1.004,rt,
kambala,2026-08-28,0.971,0.864,1.077,0.926,1.015,rt,
kambala,2026-08-29,0.982,0.878,1.089,0.938,1.026,rt,
kambala,2026-08-30,0.991,0.881,1.103,0.945,1.036,rt,
kambala,2026-08-31,0.988,0.871,1.104,0.941,1.033,rt,
kambala,2026-09-01,0.993,0.878,1.101,0.946,1.037,rt,
kambala,2026-09-02,0.997,0.883,1.106,0.949,1.041,rt,
kambala,2026-09-03,0.997,0.882,1.115,0.951,1.044,rt,
kambala,2026-09-04,0.991,0.883,1.107,0.947,1.038,rt,
kambala,2026-09-05,0.985,0.878,1.1,0.94,1.03,rt,
kambala,2026-09-06,0.974,0.864,1.091,0.929,1.022,rt,
kambala,2026-09-07,0.952,0.836,1.073,0.904,1.0,rt,
kambala,2026-09-08,0.933,0.817,1.053,0.886,0.98,rt,
kambala,2026-09-09,0.915,0.792,1.034,0.866,0.961,rt,
kambala,2026-09-10,0.894,0.77,1.016,0.844,0.943,rt,
kambala,2026-09-11,0.874,0.752,0.998,0.826,0.924,rt,
kambala,2026-09-12,0.854,0.728,0.977,0.804,0.906,rt,
kambala,2026-09-13,0.833,0.697,0.962,0.779,0.888,rt,
kambala,2026-09-14,0.812,0.667,0.95,0.754,0.872,rt,
kambala,2026-09-15,0.805,0.658,0.946,0.745,0.865,rt,
kambala,2026-09-16,0.798,0.651,0.946,0.736,0.861,rt,
kambala,2026-09-17,0.792,0.643,0.95,0.729,0.857,rt,
kambala,2026-09-18,0.786,0.637,0.951,0.721,0.854,rt,
kambala,2026-09-19,0.781,0.627,0.953,0.714,0.852,rt,
kambala,2026-09-20,0.775,0.61,0.955,0.706,0.85,rt,
kambala,2026-09-21,0.775,0.603,0.968,0.701,0.856,rt,
kambala,2026-09-22,0.774,0.6,0.976,0.703,0.862,rt,
kambala,2026-09-23,0.775,0.594,0.987,0.701,0.867,rt,
kambala,2026-09-24,0.774,0.583,0.998,0.697,0.869,rt,
kambala,2026-09-25,0.773,0.57,1.002,0.689,0.869,rt,
kambala,2026-09-26,0.768,0.556,1.004,0.678,0.865,rt,
kambala,2026-09-27,0.763,0.541,1.01,0.669,0.865,rt,
kambala,2026-09-28,0.755,0.515,1.011,0.659,0.863,rt,
kambala,2026-09-29,0.758,0.509,1.018,0.658,0.864,rt,
kambala,2026-09-30,0.756,0.5,1.028,0.656,0.868,rt,
kambala,2026-10-01,0.753,0.498,1.015,0.653,0.86,rt,
kambala,2026-10-02,0.75,0.491,1.012,0.644,0.856,rt,
kilo,2026-06-03,1.117,0.767,1.635,0.96,1.315,rt,
kilo,2026-06-04,1.13,0.788,1.655,0.978,1.332,rt,
kilo,2026-06-05,1.142,0.798,1.651,0.982,1.337,rt,
kilo,2026-06-06,1.146,0.798,1.652,0.979,1.342,rt,
kilo,2026-06-07,1.142,0.776,1.676,0.971,1.345,rt,
kilo,2026-06-08,1.135,0.758,1.687,0.952,1.346,rt,
kilo,2026-06-09,1.133,0.777,1.639,0.962,1.333,rt,
kilo,2026-06-10,1.131,0.787,1.61,0.97,1.318,rt,
kilo,2026-06-11,1.131,0.794,1.592,0.969,1.299,rt,
kilo,2026-06-12,1.122,0.79,1.594,0.974,1.288,rt,
kilo,2026-06-13,1.116,0.784,1.591,0.972,1.278,rt,
kilo,2026-06-14,1.107,0.766,1.589,0.966,1.271,rt,
kilo,2026-06-15,1.104,0.744,1.608,0.959,1.27,rt,
kilo,2026-06-16,1.099,0.764,1.568,0.959,1.26,rt,
kilo,2026-06-17,1.099,0.774,1.531,0.963,1.257,rt,
kilo,2026-06-18,1.1,0.782,1.522,0.961,1.256,rt,
kilo,2026-06-19,1.096,0.785,1.512,0.962,1.257,rt,
kilo,2026-06-20,1.091,0.78,1.528,0.956,1.259,rt,
kilo,2026-06-21,1.094,0.775,1.557,0.947,1.269,rt,
kilo,2026-06-22,1.106,0.769,1.616,0.952,1.29,rt,
kilo,2026-06-23,1.118,0.794,1.589,0.968,1.291,rt,
kilo,2026-06-24,1.127,0.807,1.567,0.986,1.296,rt,
kilo,2026-06-25,1.138,0.825,1.57,1.001,1.304,rt,
kilo,2026-06-26,1.145,0.834,1.56,1.012,1.309,rt,
kilo,2026-06-27,1.154,0.829,1.58,1.017,1.315,rt,
kilo,2026-06-28,1.164,0.824,1.63,1.012,1.332,rt,
kilo,2026-06-29,1.15,0.791,1.642,0.981,1.322,rt,
kilo,2026-06-30,1.137,0.796,1.579,0.982,1.287,rt,
kilo,2026-07-01,1.121,0.799,1.522,0.978,1.271,rt,
kilo,2026-07-02,1.112,0.802,1.507,0.97,1.258,rt,
kilo,2026-07-03,1.103,0.797,1.485,0.957,1.242,rt,
kilo,2026-07-04,1.083,0.785,1.494,0.946,1.233,rt,
kilo,2026-07-05,1.069,0.762,1.505,0.93,1.231,rt,
kilo,2026-07-06,1.068,0.744,1.538,0.908,1.238,rt,
kilo,2026-07-07,1.07,0.754,1.497,0.924,1.225,rt,
kilo,2026-07-08,1.069,0.762,1.463,0.931,1.222,rt,
kilo,2026-07-09,1.072,0.77,1.454,0.935,1.223,rt,
kilo,2026-07-10,1.07,0.771,1.438,0.932,1.218,rt,
kilo,2026-07-11,1.065,0.766,1.447,0.932,1.216,rt,
kilo,2026-07-12,1.062,0.751,1.45,0.923,1.217,rt,
kilo,2026-07-13,1.048,0.724,1.464,0.909,1.215,rt,
kilo,2026-07-14,1.038,0.736,1.418,0.908,1.191,rt,
kilo,2026-07-15,1.027,0.741,1.373,0.906,1.167,rt,
kilo,2026-07-16,1.015,0.737,1.345,0.899,1.152,rt,
kilo,2026-07-17,1.01,0.73,1.337,0.89,1.138,rt,
kilo,2026-07-18,0.997,0.71,1.336,0.874,1.133,rt,
kilo,2026-07-19,0.985,0.696,1.347,0.859,1.126,rt,
kilo,2026-07-20,0.972,0.671,1.382,0.842,1.125,rt,
kilo,2026-07-21,0.961,0.681,1.328,0.838,1.107,rt,
kilo,2026-07-22,0.949,0.688,1.281,0.831,1.081,rt,
kilo,2026-07-23,0.934,0.684,1.248,0.82,1.061,rt,
kilo,2026-07-24,0.923,0.678,1.24,0.814,1.044,rt,
kilo,2026-07-25,0.908,0.664,1.225,0.802,1.033,rt,
kilo,2026-07-26,0.891,0.646,1.224,0.782,1.021,rt,
kilo,2026-07-27,0.884,0.617,1.234,0.765,1.019,rt,
kilo,2026-07-28,0.878,0.631,1.2,0.766,1.014,rt,
kilo,2026-07-29,0.876,0.637,1.195,0.766,1.003,rt,
kilo,2026-07-30,0.874,0.636,1.186,0.765,0.995,rt,
kilo,2026-07-31,0.859,0.618,1.184,0.754,0.984,rt,
kilo,2026-08-01,0.849,0.598,1.187,0.742,0.977,rt,
kilo,2026-08-02,0.836,0.571,1.182,0.721,0.967,rt,
kilo,2026-08-03,0.818,0.541,1.184,0.696,0.957,rt,
kilo,2026-08-04,0.812,0.549,1.157,0.698,0.945,rt,
kilo,2026-08-05,0.808,0.555,1.132,0.694,0.932,rt,
kilo,2026-08-06,0.804,0.559,1.124,0.69,0.923,rt,
kilo,2026-08-07,0.792,0.556,1.111,0.684,0.908,rt,
kilo,2026-08-08,0.785,0.543,1.099,0.674,0.899,rt,
kilo,2026-08-09,0.776,0.527,1.095,0.659,0.891,rt,
kilo,2026-08-10,0.761,0.509,1.085,0.638,0.877,rt,
kilo,2026-08-11,0.75,0.508,1.061,0.636,0.862,rt,
kilo,2026-08-12,0.742,0.502,1.03,0.63,0.845,rt,
kilo,2026-08-13,0.73,0.504,1.021,0.627,0.837,rt,
kilo,2026-08-14,0.723,0.499,1.02,0.62,0.829,rt,
kilo,2026-08-15,0.717,0.486,1.021,0.613,0.822,rt,
kilo,2026-08-16,0.707,0.471,1.025,0.602,0.81,rt,
kilo,2026-08-17,0.703,0.46,1.032,0.597,0.813,rt,
kilo,2026-08-18,0.707,0.469,1.012,0.603,0.811,rt,
kilo,2026-08-19,0.707,0.477,1.017,0.609,0.809,rt,
kilo,2026-08-20,0.708,0.472,1.012,0.607,0.812,rt,
kilo,2026-08-21,0.711,0.471,1.014,0.608,0.818,rt,
kilo,2026-08-22,0.712,0.472,1.026,0.607,0.825,rt,
kilo,2026-08-23,0.712,0.462,1.043,0.605,0.826,rt,
kilo,2026-08-24,0.718,0.455,1.074,0.607,0.844,rt,
kilo,2026-08-25,0.733,0.479,1.081,0.625,0.856,rt,
kilo,2026-08-26,0.749,0.498,1.097,0.637,0.871,rt,
kilo,2026-08-27,0.764,0.514,1.104,0.648,0.887,rt,
kilo,2026-08-28,0.777,0.522,1.125,0.66,0.901,rt,
kilo,2026-08-29,0.788,0.53,1.145,0.671,0.919,rt,
kilo,2026-08-30,0.799,0.531,1.173,0.673,0.94,rt,
kilo,2026-08-31,0.794,0.52,1.193,0.664,0.95,rt,
kilo,2026-09-01,0.804,0.541,1.202,0.68,0.957,rt,
kilo,2026-09-02,0.816,0.554,1.208,0.693,0.968,rt,
kilo,2026-09-03,0.82,0.561,1.232,0.708,0.977,rt,
kilo,2026-09-04,0.825,0.563,1.248,0.713,0.979,rt,
kilo,2026-09-05,0.828,0.55,1.259,0.714,0.982,rt,
kilo,2026-09-06,0.827,0.543,1.275,0.71,0.987,rt,
kilo,2026-09-07,0.815,0.52,1.28,0.688,0.98,rt,
kilo,2026-09-08,0.805,0.523,1.268,0.681,0.965,rt,
kilo,2026-09-09,0.793,0.517,1.225,0.67,0.949,rt,
kilo,2026-09-10,0.781,0.509,1.207,0.659,0.938,rt,
kilo,2026-09-11,0.767,0.501,1.202,0.648,0.929,rt,
kilo,2026-09-12,0.751,0.49,1.177,0.631,0.916,rt,
kilo,2026-09-13,0.737,0.473,1.18,0.613,0.903,rt,
kilo,2026-09-14,0.72,0.448,1.193,0.595,0.89,rt,
kilo,2026-09-15,0.723,0.456,1.186,0.597,0.891,rt,
kilo,2026-09-16,0.727,0.459,1.19,0.602,0.891,rt,
kilo,2026-09-17,0.727,0.459,1.224,0.606,0.897,rt,
kilo,2026-09-18,0.733,0.457,1.24,0.604,0.906,rt,
kilo,2026-09-19,0.738,0.45,1.266,0.603,0.911,rt,
kilo,2026-09-20,0.74,0.447,1.3,0.602,0.916,rt,
kilo,2026-09-21,0.748,0.437,1.34,0.605,0.935,rt,
kilo,2026-09-22,0.753,0.433,1.315,0.604,0.933,rt,
kilo,2026-09-23,0.753,0.432,1.316,0.606,0.938,rt,
kilo,2026-09-24,0.755,0.422,1.319,0.607,0.942,rt,
kilo,2026-09-25,0.754,0.41,1.317,0.6,0.942,rt,
kilo,2026-09-26,0.75,0.394,1.326,0.595,0.94,rt,
kilo,2026-09-27,0.744,0.382,1.34,0.586,0.949,rt,
kilo,2026-09-28,0.734,0.365,1.36,0.572,0.949,rt,
kilo,2026-09-29,0.73,0.362,1.33,0.567,0.93,rt,
kilo,2026-09-30,0.725,0.355,1.315,0.561,0.925,rt,
kilo,2026-10-01,0.719,0.344,1.351,0.551,0.918,rt,
kilo,2026-10-02,0.712,0.33,1.367,0.535,0.927,rt,
komanda,2026-05-28,1.756,1.103,2.757,1.473,2.137,rt,
komanda,2026-05-29,1.783,1.15,2.757,1.489,2.158,rt,
komanda,2026-05-30,1.801,1.15,2.765,1.493,2.186,rt,
komanda,2026-05-31,1.834,1.137,2.869,1.498,2.239,rt,
komanda,2026-06-01,1.849,1.116,3.032,1.501,2.303,rt,
komanda,2026-06-02,1.869,1.158,2.879,1.527,2.275,rt,
komanda,2026-06-03,1.859,1.193,2.808,1.549,2.227,rt,
komanda,2026-06-04,1.861,1.21,2.771,1.562,2.186,rt,
komanda,2026-06-05,1.835,1.203,2.726,1.554,2.155,rt,
komanda,2026-06-06,1.815,1.168,2.723,1.518,2.131,rt,
komanda,2026-06-07,1.776,1.111,2.771,1.489,2.11,rt,
komanda,2026-06-08,1.729,1.052,2.774,1.438,2.088,rt,
komanda,2026-06-09,1.681,1.071,2.598,1.421,2.004,rt,
komanda,2026-06-10,1.63,1.078,2.444,1.396,1.923,rt,
komanda,2026-06-11,1.58,1.059,2.327,1.364,1.853,rt,
komanda,2026-06-12,1.549,1.018,2.251,1.325,1.797,rt,
komanda,2026-06-13,1.497,0.977,2.187,1.281,1.742,rt,
komanda,2026-06-14,1.456,0.929,2.171,1.229,1.706,rt,
komanda,2026-06-15,1.404,0.863,2.227,1.168,1.666,rt,
komanda,2026-06-16,1.361,0.861,2.069,1.149,1.586,rt,
komanda,2026-06-17,1.316,0.864,1.946,1.12,1.53,rt,
komanda,2026-06-18,1.275,0.855,1.855,1.088,1.47,rt,
komanda,2026-06-19,1.24,0.83,1.81,1.053,1.424,rt,
komanda,2026-06-20,1.194,0.776,1.775,1.011,1.394,rt,
komanda,2026-06-21,1.151,0.732,1.779,0.971,1.371,rt,
komanda,2026-06-22,1.124,0.681,1.82,0.938,1.367,rt,
komanda,2026-06-23,1.119,0.701,1.728,0.94,1.334,rt,
komanda,2026-06-24,1.105,0.707,1.633,0.94,1.299,rt,
komanda,2026-06-25,1.091,0.709,1.576,0.936,1.272,rt,
komanda,2026-06-26,1.075,0.709,1.536,0.923,1.246,rt,
komanda,2026-06-27,1.063,0.696,1.546,0.902,1.226,rt,
komanda,2026-06-28,1.04,0.663,1.555,0.872,1.226,rt,
komanda,2026-06-29,1.004,0.617,1.55,0.825,1.203,rt,
komanda,2026-06-30,0.999,0.641,1.487,0.837,1.183,rt,
komanda,2026-07-01,0.988,0.663,1.447,0.846,1.164,rt,
komanda,2026-07-02,0.988,0.673,1.426,0.856,1.151,rt,
komanda,2026-07-03,0.992,0.669,1.43,0.853,1.151,rt,
komanda,2026-07-04,0.993,0.654,1.444,0.847,1.157,rt,
komanda,2026-07-05,0.993,0.633,1.481,0.841,1.178,rt,
komanda,2026-07-06,0.998,0.611,1.557,0.828,1.201,rt,
komanda,2026-07-07,1.025,0.658,1.529,0.873,1.222,rt,
komanda,2026-07-08,1.063,0.709,1.543,0.92,1.249,rt,
komanda,2026-07-09,1.098,0.752,1.56,0.955,1.271,rt,
komanda,2026-07-10,1.14,0.77,1.604,0.986,1.306,rt,
komanda,2026-07-11,1.173,0.784,1.679,1.005,1.35,rt,
komanda,2026-07-12,1.213,0.781,1.775,1.02,1.398,rt,
komanda,2026-07-13,1.24,0.77,1.89,1.031,1.453,rt,
komanda,2026-07-14,1.255,0.829,1.829,1.072,1.449,rt,
komanda,2026-07-15,1.265,0.869,1.788,1.101,1.46,rt,
komanda,2026-07-16,1.287,0.907,1.77,1.127,1.471,rt,
komanda,2026-07-17,1.312,0.926,1.779,1.148,1.504,rt,
komanda,2026-07-18,1.323,0.921,1.839,1.169,1.529,rt,
komanda,2026-07-19,1.343,0.906,1.939,1.166,1.566,rt,
komanda,2026-07-20,1.367,0.89,2.061,1.162,1.615,rt,
komanda,2026-07-21,1.395,0.95,1.997,1.206,1.61,rt,
komanda,2026-07-22,1.431,1.001,1.966,1.241,1.621,rt,
komanda,2026-07-23,1.455,1.051,1.962,1.264,1.636,rt,
komanda,2026-07-24,1.468,1.087,1.993,1.293,1.666,rt,
komanda,2026-07-25,1.491,1.094,2.06,1.306,1.706,rt,
komanda,2026-07-26,1.515,1.064,2.162,1.31,1.753,rt,
komanda,2026-07-27,1.542,1.017,2.314,1.319,1.822,rt,
komanda,2026-07-28,1.581,1.105,2.237,1.364,1.818,rt,
komanda,2026-07-29,1.608,1.166,2.164,1.412,1.826,rt,
komanda,2026-07-30,1.645,1.2,2.167,1.453,1.851,rt,
komanda,2026-07-31,1.66,1.23,2.177,1.466,1.866,rt,
komanda,2026-08-01,1.677,1.206,2.262,1.469,1.9,rt,
komanda,2026-08-02,1.687,1.187,2.343,1.471,1.937,rt,
komanda,2026-08-03,1.684,1.125,2.485,1.441,1.977,rt,
komanda,2026-08-04,1.703,1.214,2.408,1.487,1.964,rt,
komanda,2026-08-05,1.724,1.277,2.347,1.533,1.963,rt,
komanda,2026-08-06,1.742,1.314,2.333,1.552,1.971,rt,
komanda,2026-08-07,1.745,1.343,2.345,1.569,1.979,rt,
komanda,2026-08-08,1.767,1.329,2.418,1.558,2.0,rt,
komanda,2026-08-09,1.769,1.29,2.501,1.544,2.037,rt,
komanda,2026-08-10,1.748,1.238,2.606,1.507,2.07,rt,
komanda,2026-08-11,1.729,1.272,2.442,1.517,1.981,rt,
komanda,2026-08-12,1.703,1.288,2.293,1.519,1.911,rt,
komanda,2026-08-13,1.673,1.292,2.203,1.504,1.866,rt,
komanda,2026-08-14,1.643,1.289,2.161,1.486,1.836,rt,
komanda,2026-08-15,1.619,1.247,2.164,1.448,1.827,rt,
komanda,2026-08-16,1.59,1.174,2.185,1.404,1.811,rt,
komanda,2026-08-17,1.575,1.102,2.26,1.376,1.822,rt,
komanda,2026-08-18,1.491,1.089,2.045,1.325,1.687,rt,
komanda,2026-08-19,1.414,1.062,1.88,1.273,1.574,rt,
komanda,2026-08-20,1.336,1.018,1.745,1.203,1.482,rt,
komanda,2026-08-21,1.268,0.969,1.676,1.133,1.404,rt,
komanda,2026-08-22,1.202,0.892,1.609,1.06,1.344,rt,
komanda,2026-08-23,1.134,0.809,1.56,0.987,1.289,rt,
komanda,2026-08-24,1.083,0.73,1.548,0.92,1.251,rt,
komanda,2026-08-25,1.05,0.745,1.438,0.91,1.189,rt,
komanda,2026-08-26,1.013,0.734,1.344,0.891,1.136,rt,
komanda,2026-08-27,0.972,0.716,1.276,0.869,1.092,rt,
komanda,2026-08-28,0.937,0.686,1.217,0.837,1.054,rt,
komanda,2026-08-29,0.901,0.652,1.194,0.802,1.017,rt,
komanda,2026-08-30,0.868,0.601,1.176,0.753,0.988,rt,
komanda,2026-08-31,0.826,0.538,1.152,0.702,0.953,rt,
komanda,2026-09-01,0.824,0.567,1.119,0.715,0.937,rt,
komanda,2026-09-02,0.826,0.6,1.086,0.724,0.925,rt,
komanda,2026-09-03,0.829,0.609,1.075,0.728,0.914,rt,
komanda,2026-09-04,0.82,0.614,1.06,0.725,0.906,rt,
komanda,2026-09-05,0.807,0.599,1.076,0.721,0.905,rt,
komanda,2026-09-06,0.8,0.57,1.077,0.703,0.901,rt,
komanda,2026-09-07,0.786,0.532,1.078,0.67,0.892,rt,
komanda,2026-09-08,0.766,0.545,1.045,0.671,0.862,rt,
komanda,2026-09-09,0.756,0.55,1.016,0.669,0.84,rt,
komanda,2026-09-10,0.739,0.539,0.988,0.658,0.829,rt,
komanda,2026-09-11,0.728,0.514,0.982,0.642,0.82,rt,
komanda,2026-09-12,0.716,0.491,0.986,0.618,0.817,rt,
komanda,2026-09-13,0.701,0.456,0.999,0.592,0.814,rt,
komanda,2026-09-14,0.687,0.422,1.023,0.567,0.809,rt,
komanda,2026-09-15,0.675,0.418,0.986,0.557,0.793,rt,
komanda,2026-09-16,0.657,0.405,0.963,0.546,0.781,rt,
komanda,2026-09-17,0.646,0.391,0.964,0.534,0.774,rt,
komanda,2026-09-18,0.634,0.366,0.97,0.516,0.771,rt,
komanda,2026-09-19,0.625,0.341,0.987,0.499,0.769,rt,
komanda,2026-09-20,0.612,0.32,1.025,0.478,0.768,rt,
komanda,2026-09-21,0.61,0.298,1.071,0.464,0.771,rt,
komanda,2026-09-22,0.607,0.299,1.066,0.459,0.771,rt,
komanda,2026-09-23,0.607,0.299,1.077,0.459,0.779,rt,
komanda,2026-09-24,0.605,0.299,1.086,0.452,0.78,rt,
komanda,2026-09-25,0.602,0.293,1.1,0.446,0.78,rt,
komanda,2026-09-26,0.593,0.283,1.142,0.437,0.779,rt,
komanda,2026-09-27,0.586,0.267,1.205,0.424,0.785,rt,
komanda,2026-09-28,0.569,0.25,1.252,0.409,0.788,rt,
komanda,2026-09-29,0.571,0.249,1.245,0.41,0.78,rt,
komanda,2026-09-30,0.567,0.249,1.217,0.404,0.792,rt,
komanda,2026-10-01,0.562,0.241,1.215,0.395,0.793,rt,
komanda,2026-10-02,0.554,0.221,1.267,0.381,0.799,rt,
lita,2026-05-25,1.661,1.055,2.452,1.386,1.943,rt,
lita,2026-05-26,1.661,1.088,2.386,1.4,1.915,rt,
lita,2026-05-27,1.665,1.117,2.333,1.426,1.907,rt,
lita,2026-05-28,1.669,1.151,2.312,1.44,1.905,rt,
lita,2026-05-29,1.671,1.16,2.297,1.453,1.92,rt,
lita,2026-05-30,1.679,1.162,2.309,1.464,1.937,rt,
lita,2026-05-31,1.69,1.155,2.328,1.459,1.946,rt,
lita,2026-06-01,1.706,1.151,2.404,1.463,1.975,rt,
lita,2026-06-02,1.774,1.254,2.425,1.536,2.018,rt,
lita,2026-06-03,1.825,1.34,2.444,1.611,2.057,rt,
lita,2026-06-04,1.885,1.416,2.484,1.676,2.101,rt,
lita,2026-06-05,1.925,1.472,2.539,1.73,2.15,rt,
lita,2026-06-06,1.964,1.498,2.603,1.77,2.2,rt,
lita,2026-06-07,1.998,1.515,2.663,1.789,2.254,rt,
lita,2026-06-08,2.029,1.511,2.777,1.794,2.3,rt,
lita,2026-06-09,2.012,1.539,2.664,1.798,2.25,rt,
lita,2026-06-10,1.993,1.549,2.588,1.792,2.206,rt,
lita,2026-06-11,1.969,1.538,2.52,1.778,2.176,rt,
lita,2026-06-12,1.951,1.528,2.466,1.763,2.14,rt,
lita,2026-06-13,1.925,1.507,2.456,1.735,2.118,rt,
lita,2026-06-14,1.896,1.456,2.457,1.702,2.093,rt,
lita,2026-06-15,1.866,1.415,2.459,1.666,2.082,rt,
lita,2026-06-16,1.817,1.411,2.349,1.648,2.004,rt,
lita,2026-06-17,1.766,1.405,2.231,1.618,1.941,rt,
lita,2026-06-18,1.723,1.386,2.157,1.576,1.887,rt,
lita,2026-06-19,1.681,1.351,2.086,1.534,1.837,rt,
lita,2026-06-20,1.638,1.306,2.043,1.487,1.789,rt,
lita,2026-06-21,1.597,1.256,2.003,1.444,1.756,rt,
lita,2026-06-22,1.571,1.205,2.024,1.41,1.739,rt,
lita,2026-06-23,1.571,1.239,1.982,1.426,1.723,rt,
lita,2026-06-24,1.575,1.273,1.945,1.443,1.711,rt,
lita,2026-06-25,1.574,1.284,1.925,1.443,1.707,rt,
lita,2026-06-26,1.569,1.277,1.93,1.451,1.701,rt,
lita,2026-06-27,1.568,1.259,1.937,1.449,1.705,rt,
lita,2026-06-28,1.568,1.233,1.964,1.441,1.71,rt,
lita,2026-06-29,1.533,1.18,1.966,1.4,1.685,rt,
lita,2026-06-30,1.499,1.185,1.867,1.38,1.632,rt,
lita,2026-07-01,1.467,1.179,1.801,1.356,1.59,rt,
lita,2026-07-02,1.44,1.172,1.745,1.324,1.554,rt,
lita,2026-07-03,1.41,1.152,1.697,1.302,1.521,rt,
lita,2026-07-04,1.38,1.13,1.681,1.276,1.499,rt,
lita,2026-07-05,1.352,1.091,1.68,1.239,1.483,rt,
lita,2026-07-06,1.337,1.056,1.7,1.21,1.479,rt,
lita,2026-07-07,1.318,1.061,1.649,1.209,1.45,rt,
lita,2026-07-08,1.299,1.049,1.6,1.199,1.424,rt,
lita,2026-07-09,1.284,1.045,1.57,1.18,1.4,rt,
lita,2026-07-10,1.266,1.034,1.56,1.162,1.38,rt,
lita,2026-07-11,1.248,1.01,1.552,1.143,1.361,rt,
lita,2026-07-12,1.228,0.969,1.55,1.118,1.346,rt,
lita,2026-07-13,1.201,0.925,1.543,1.081,1.333,rt,
lita,2026-07-14,1.187,0.93,1.492,1.076,1.301,rt,
lita,2026-07-15,1.168,0.932,1.44,1.07,1.272,rt,
lita,2026-07-16,1.148,0.93,1.395,1.059,1.244,rt,
lita,2026-07-17,1.136,0.917,1.374,1.048,1.229,rt,
lita,2026-07-18,1.121,0.904,1.365,1.027,1.214,rt,
lita,2026-07-19,1.1,0.873,1.375,1.003,1.204,rt,
lita,2026-07-20,1.079,0.834,1.4,0.979,1.2,rt,
lita,2026-07-21,1.073,0.852,1.352,0.98,1.175,rt,
lita,2026-07-22,1.065,0.859,1.312,0.978,1.157,rt,
lita,2026-07-23,1.055,0.858,1.287,0.971,1.141,rt,
lita,2026-07-24,1.045,0.856,1.266,0.961,1.125,rt,
lita,2026-07-25,1.037,0.844,1.264,0.945,1.121,rt,
lita,2026-07-26,1.022,0.821,1.263,0.932,1.111,rt,
lita,2026-07-27,1.011,0.791,1.283,0.917,1.111,rt,
lita,2026-07-28,1.024,0.816,1.266,0.934,1.113,rt,
lita,2026-07-29,1.036,0.836,1.257,0.95,1.113,rt,
lita,2026-07-30,1.043,0.848,1.253,0.961,1.121,rt,
lita,2026-07-31,1.04,0.85,1.24,0.963,1.121,rt,
lita,2026-08-01,1.039,0.844,1.257,0.953,1.127,rt,
lita,2026-08-02,1.037,0.829,1.269,0.944,1.132,rt,
lita,2026-08-03,1.025,0.801,1.293,0.927,1.135,rt,
lita,2026-08-04,1.022,0.818,1.258,0.931,1.117,rt,
lita,2026-08-05,1.016,0.821,1.236,0.936,1.107,rt,
lita,2026-08-06,1.013,0.829,1.218,0.932,1.098,rt,
lita,2026-08-07,1.006,0.82,1.205,0.926,1.082,rt,
lita,2026-08-08,0.996,0.803,1.208,0.91,1.075,rt,
lita,2026-08-09,0.983,0.779,1.218,0.893,1.077,rt,
lita,2026-08-10,0.962,0.743,1.218,0.869,1.067,rt,
lita,2026-08-11,0.95,0.754,1.176,0.864,1.041,rt,
lita,2026-08-12,0.941,0.753,1.145,0.86,1.023,rt,
lita,2026-08-13,0.929,0.751,1.124,0.852,1.006,rt,
lita,2026-08-14,0.919,0.745,1.111,0.846,0.996,rt,
lita,2026-08-15,0.906,0.727,1.105,0.832,0.987,rt,
lita,2026-08-16,0.895,0.707,1.11,0.815,0.984,rt,
lita,2026-08-17,0.891,0.688,1.134,0.802,0.987,rt,
lita,2026-08-18,0.895,0.705,1.117,0.815,0.985,rt,
lita,2026-08-19,0.9,0.725,1.105,0.826,0.983,rt,
lita,2026-08-20,0.905,0.732,1.104,0.828,0.979,rt,
lita,2026-08-21,0.911,0.739,1.112,0.834,0.981,rt,
lita,2026-08-22,0.913,0.744,1.126,0.837,0.99,rt,
lita,2026-08-23,0.918,0.736,1.141,0.831,0.997,rt,
lita,2026-08-24,0.927,0.723,1.187,0.835,1.016,rt,
lita,2026-08-25,0.928,0.742,1.151,0.844,1.012,rt,
lita,2026-08-26,0.927,0.747,1.143,0.849,1.007,rt,
lita,2026-08-27,0.926,0.751,1.131,0.853,1.004,rt,
lita,2026-08-28,0.922,0.748,1.126,0.848,1.003,rt,
lita,2026-08-29,0.917,0.732,1.139,0.837,1.004,rt,
lita,2026-08-30,0.91,0.713,1.157,0.823,1.002,rt,
lita,2026-08-31,0.889,0.68,1.157,0.793,0.994,rt,
lita,2026-09-01,0.873,0.684,1.12,0.791,0.97,rt,
lita,2026-09-02,0.859,0.677,1.084,0.784,0.947,rt,
lita,2026-09-03,0.846,0.669,1.059,0.774,0.93,rt,
lita,2026-09-04,0.827,0.647,1.027,0.753,0.905,rt,
lita,2026-09-05,0.804,0.62,1.003,0.729,0.886,rt,
lita,2026-09-06,0.78,0.586,0.998,0.701,0.868,rt,
lita,2026-09-07,0.746,0.537,0.993,0.659,0.839,rt,
lita,2026-09-08,0.729,0.527,0.959,0.643,0.809,rt,
lita,2026-09-09,0.707,0.515,0.929,0.63,0.785,rt,
lita,2026-09-10,0.682,0.504,0.898,0.611,0.769,rt,
lita,2026-09-11,0.664,0.486,0.876,0.589,0.751,rt,
lita,2026-09-12,0.645,0.46,0.863,0.566,0.737,rt,
lita,2026-09-13,0.623,0.428,0.856,0.537,0.718,rt,
lita,2026-09-14,0.604,0.392,0.861,0.511,0.705,rt,
lita,2026-09-15,0.604,0.403,0.838,0.518,0.7,rt,
lita,2026-09-16,0.607,0.407,0.853,0.521,0.704,rt,
lita,2026-09-17,0.609,0.401,0.867,0.521,0.707,rt,
lita,2026-09-18,0.613,0.396,0.888,0.523,0.722,rt,
lita,2026-09-19,0.613,0.389,0.919,0.52,0.731,rt,
lita,2026-09-20,0.614,0.373,0.968,0.511,0.742,rt,
lita,2026-09-21,0.623,0.36,1.024,0.505,0.764,rt,
lita,2026-09-22,0.624,0.359,1.012,0.506,0.768,rt,
lita,2026-09-23,0.621,0.358,1.026,0.503,0.777,rt,
lita,2026-09-24,0.618,0.354,1.035,0.498,0.787,rt,
lita,2026-09-25,0.622,0.342,1.068,0.492,0.788,rt,
lita,2026-09-26,0.623,0.329,1.083,0.482,0.791,rt,
lita,2026-09-27,0.615,0.307,1.108,0.471,0.789,rt,
lita,2026-09-28,0.607,0.292,1.131,0.462,0.793,rt,
lita,2026-09-29,0.61,0.291,1.151,0.459,0.798,rt,
lita,2026-09-30,0.606,0.282,1.161,0.442,0.806,rt,
lita,2026-10-01,0.603,0.271,1.159,0.432,0.811,rt,
lita,2026-10-02,0.598,0.254,1.186,0.419,0.821,rt,
logo,2026-06-24,1.221,1.042,1.421,1.149,1.295,rt,
logo,2026-06-25,1.221,1.04,1.413,1.148,1.295,rt,
logo,2026-06-26,1.217,1.043,1.397,1.145,1.287,rt,
logo,2026-06-27,1.214,1.041,1.383,1.138,1.282,rt,
logo,2026-06-28,1.208,1.034,1.379,1.131,1.273,rt,
logo,2026-06-29,1.177,1.001,1.351,1.1,1.247,rt,
logo,2026-06-30,1.154,0.989,1.315,1.087,1.221,rt,
logo,2026-07-01,1.133,0.981,1.291,1.074,1.196,rt,
logo,2026-07-02,1.115,0.971,1.264,1.056,1.176,rt,
logo,2026-07-03,1.099,0.965,1.244,1.04,1.158,rt,
logo,2026-07-04,1.083,0.951,1.225,1.026,1.143,rt,
logo,2026-07-05,1.068,0.936,1.211,1.008,1.128,rt,
logo,2026-07-06,1.061,0.92,1.207,0.996,1.123,rt,
logo,2026-07-07,1.065,0.931,1.204,1.004,1.125,rt,
logo,2026-07-08,1.068,0.937,1.197,1.01,1.127,rt,
logo,2026-07-09,1.072,0.941,1.201,1.016,1.129,rt,
logo,2026-07-10,1.075,0.947,1.2,1.021,1.128,rt,
logo,2026-07-11,1.077,0.951,1.205,1.025,1.131,rt,
logo,2026-07-12,1.08,0.948,1.211,1.024,1.133,rt,
logo,2026-07-13,1.073,0.935,1.209,1.013,1.129,rt,
logo,2026-07-14,1.068,0.941,1.201,1.015,1.124,rt,
logo,2026-07-15,1.067,0.944,1.19,1.014,1.118,rt,
logo,2026-07-16,1.063,0.942,1.185,1.011,1.113,rt,
logo,2026-07-17,1.063,0.947,1.182,1.014,1.111,rt,
logo,2026-07-18,1.062,0.947,1.185,1.012,1.111,rt,
logo,2026-07-19,1.059,0.943,1.188,1.008,1.109,rt,
logo,2026-07-20,1.055,0.935,1.196,1.004,1.112,rt,
logo,2026-07-21,1.054,0.937,1.185,1.005,1.107,rt,
logo,2026-07-22,1.052,0.934,1.178,1.003,1.101,rt,
logo,2026-07-23,1.049,0.933,1.172,0.998,1.096,rt,
logo,2026-07-24,1.046,0.934,1.164,0.999,1.094,rt,
logo,2026-07-25,1.043,0.931,1.157,0.997,1.089,rt,
logo,2026-07-26,1.035,0.923,1.154,0.991,1.083,rt,
logo,2026-07-27,1.034,0.913,1.159,0.988,1.085,rt,
logo,2026-07-28,1.035,0.918,1.152,0.991,1.084,rt,
logo,2026-07-29,1.034,0.92,1.148,0.99,1.082,rt,
logo,2026-07-30,1.033,0.92,1.15,0.985,1.079,rt,
logo,2026-07-31,1.022,0.916,1.131,0.975,1.067,rt,
logo,2026-08-01,1.011,0.901,1.123,0.963,1.059,rt,
logo,2026-08-02,1.0,0.885,1.118,0.947,1.047,rt,
logo,2026-08-03,0.982,0.857,1.108,0.929,1.032,rt,
logo,2026-08-04,0.975,0.857,1.092,0.924,1.021,rt,
logo,2026-08-05,0.968,0.854,1.086,0.919,1.015,rt,
logo,2026-08-06,0.962,0.844,1.079,0.912,1.009,rt,
logo,2026-08-07,0.95,0.839,1.058,0.903,0.994,rt,
logo,2026-08-08,0.937,0.83,1.043,0.891,0.98,rt,
logo,2026-08-09,0.923,0.816,1.034,0.879,0.969,rt,
logo,2026-08-10,0.905,0.794,1.019,0.859,0.949,rt,
logo,2026-08-11,0.896,0.791,1.001,0.85,0.937,rt,
logo,2026-08-12,0.885,0.788,0.987,0.844,0.926,rt,
logo,2026-08-13,0.876,0.78,0.978,0.836,0.918,rt,
logo,2026-08-14,0.871,0.779,0.97,0.833,0.911,rt,
logo,2026-08-15,0.865,0.772,0.964,0.827,0.905,rt,
logo,2026-08-16,0.856,0.761,0.958,0.817,0.898,rt,
logo,2026-08-17,0.857,0.754,0.964,0.815,0.9,rt,
logo,2026-08-18,0.86,0.76,0.963,0.82,0.902,rt,
logo,2026-08-19,0.863,0.763,0.965,0.822,0.904,rt,
logo,2026-08-20,0.865,0.764,0.97,0.825,0.907,rt,
logo,2026-08-21,0.869,0.774,0.973,0.83,0.912,rt,
logo,2026-08-22,0.873,0.778,0.978,0.834,0.916,rt,
logo,2026-08-23,0.875,0.775,0.982,0.834,0.919,rt,
logo,2026-08-24,0.885,0.776,0.996,0.841,0.932,rt,
logo,2026-08-25,0.902,0.797,1.012,0.857,0.946,rt,
logo,2026-08-26,0.918,0.812,1.027,0.871,0.962,rt,
logo,2026-08-27,0.932,0.823,1.046,0.883,0.976,rt,
logo,2026-08-28,0.945,0.838,1.054,0.9,0.987,rt,
logo,2026-08-29,0.955,0.85,1.064,0.911,1.0,rt,
logo,2026-08-30,0.965,0.855,1.075,0.919,1.011,rt,
logo,2026-08-31,0.961,0.845,1.076,0.915,1.009,rt,
logo,2026-09-01,0.967,0.854,1.077,0.921,1.012,rt,
logo,2026-09-02,0.972,0.861,1.084,0.925,1.018,rt,
logo,2026-09-03,0.974,0.864,1.093,0.924,1.02,rt,
logo,2026-09-04,0.971,0.861,1.083,0.922,1.015,rt,
logo,2026-09-05,0.964,0.854,1.077,0.915,1.008,rt,
logo,2026-09-06,0.954,0.843,1.07,0.904,1.001,rt,
logo,2026-09-07,0.932,0.813,1.05,0.88,0.981,rt,
logo,2026-09-08,0.912,0.796,1.033,0.864,0.962,rt,
logo,2026-09-09,0.894,0.774,1.015,0.843,0.945,rt,
logo,2026-09-10,0.876,0.754,1.002,0.824,0.928,rt,
logo,2026-09-11,0.858,0.736,0.981,0.806,0.907,rt,
logo,2026-09-12,0.84,0.711,0.963,0.785,0.888,rt,
logo,2026-09-13,0.816,0.683,0.951,0.759,0.871,rt,
logo,2026-09-14,0.796,0.651,0.94,0.735,0.855,rt,
logo,2026-09-15,0.789,0.642,0.937,0.728,0.849,rt,
logo,2026-09-16,0.783,0.636,0.936,0.72,0.844,rt,
logo,2026-09-17,0.776,0.626,0.936,0.712,0.841,rt,
logo,2026-09-18,0.772,0.619,0.937,0.703,0.839,rt,
logo,2026-09-19,0.765,0.607,0.937,0.696,0.838,rt,
logo,2026-09-20,0.761,0.591,0.94,0.686,0.837,rt,
logo,2026-09-21,0.761,0.583,0.953,0.681,0.841,rt,
logo,2026-09-22,0.758,0.578,0.961,0.678,0.846,rt,
logo,2026-09-23,0.76,0.574,0.969,0.676,0.851,rt,
logo,2026-09-24,0.761,0.563,0.979,0.671,0.855,rt,
logo,2026-09-25,0.756,0.552,0.983,0.665,0.852,rt,
logo,2026-09-26,0.751,0.54,0.983,0.657,0.849,rt,
logo,2026-09-27,0.748,0.525,0.985,0.651,0.851,rt,
logo,2026-09-28,0.739,0.506,0.991,0.642,0.848,rt,
logo,2026-09-29,0.737,0.499,0.998,0.64,0.848,rt,
logo,2026-09-30,0.734,0.488,1.007,0.636,0.853,rt,
logo,2026-10-01,0.733,0.49,0.997,0.634,0.846,rt,
logo,2026-10-02,0.73,0.473,0.989,0.625,0.841,rt,
lolwa,2026-07-07,1.328,0.84,2.142,1.103,1.595,rt,
lolwa,2026-07-08,1.355,0.88,2.133,1.142,1.619,rt,
lolwa,2026-07-09,1.395,0.92,2.142,1.175,1.644,rt,
lolwa,2026-07-10,1.418,0.939,2.172,1.203,1.692,rt,
lolwa,2026-07-11,1.443,0.937,2.251,1.219,1.736,rt,
lolwa,2026-07-12,1.481,0.925,2.369,1.231,1.804,rt,
lolwa,2026-07-13,1.507,0.905,2.475,1.223,1.867,rt,
lolwa,2026-07-14,1.489,0.927,2.386,1.233,1.823,rt,
lolwa,2026-07-15,1.481,0.946,2.336,1.243,1.782,rt,
lolwa,2026-07-16,1.473,0.958,2.262,1.251,1.764,rt,
lolwa,2026-07-17,1.47,0.955,2.266,1.245,1.756,rt,
lolwa,2026-07-18,1.46,0.943,2.278,1.224,1.752,rt,
lolwa,2026-07-19,1.451,0.914,2.341,1.2,1.759,rt,
lolwa,2026-07-20,1.45,0.882,2.441,1.179,1.783,rt,
lolwa,2026-07-21,1.427,0.901,2.296,1.184,1.74,rt,
lolwa,2026-07-22,1.406,0.915,2.167,1.178,1.678,rt,
lolwa,2026-07-23,1.379,0.91,2.066,1.162,1.631,rt,
lolwa,2026-07-24,1.355,0.906,2.036,1.148,1.594,rt,
lolwa,2026-07-25,1.327,0.873,2.009,1.122,1.572,rt,
lolwa,2026-07-26,1.297,0.837,2.019,1.097,1.557,rt,
lolwa,2026-07-27,1.273,0.788,2.049,1.058,1.552,rt,
lolwa,2026-07-28,1.257,0.804,1.963,1.063,1.506,rt,
lolwa,2026-07-29,1.245,0.815,1.891,1.057,1.473,rt,
lolwa,2026-07-30,1.234,0.809,1.84,1.042,1.439,rt,
lolwa,2026-07-31,1.206,0.788,1.793,1.01,1.403,rt,
lolwa,2026-08-01,1.171,0.757,1.756,0.985,1.38,rt,
lolwa,2026-08-02,1.138,0.717,1.743,0.948,1.36,rt,
lolwa,2026-08-03,1.102,0.664,1.772,0.902,1.343,rt,
lolwa,2026-08-04,1.096,0.687,1.683,0.91,1.304,rt,
lolwa,2026-08-05,1.094,0.699,1.592,0.914,1.277,rt,
lolwa,2026-08-06,1.082,0.709,1.559,0.916,1.26,rt,
lolwa,2026-08-07,1.066,0.693,1.537,0.901,1.243,rt,
lolwa,2026-08-08,1.04,0.685,1.532,0.882,1.24,rt,
lolwa,2026-08-09,1.028,0.659,1.55,0.865,1.229,rt,
lolwa,2026-08-10,1.007,0.62,1.568,0.826,1.217,rt,
lolwa,2026-08-11,1.001,0.634,1.512,0.839,1.188,rt,
lolwa,2026-08-12,0.996,0.664,1.467,0.836,1.164,rt,
lolwa,2026-08-13,0.987,0.664,1.435,0.838,1.151,rt,
lolwa,2026-08-14,0.98,0.65,1.438,0.836,1.152,rt,
lolwa,2026-08-15,0.978,0.635,1.459,0.83,1.157,rt,
lolwa,2026-08-16,0.972,0.606,1.485,0.811,1.168,rt,
lolwa,2026-08-17,0.978,0.578,1.555,0.801,1.18,rt,
lolwa,2026-08-18,0.962,0.612,1.459,0.803,1.152,rt,
lolwa,2026-08-19,0.944,0.613,1.4,0.805,1.124,rt,
lolwa,2026-08-20,0.935,0.612,1.377,0.798,1.097,rt,
lolwa,2026-08-21,0.927,0.614,1.363,0.788,1.083,rt,
lolwa,2026-08-22,0.92,0.598,1.352,0.773,1.079,rt,
lolwa,2026-08-23,0.906,0.574,1.352,0.747,1.073,rt,
lolwa,2026-08-24,0.902,0.55,1.39,0.733,1.081,rt,
lolwa,2026-08-25,0.902,0.556,1.349,0.748,1.068,rt,
lolwa,2026-08-26,0.893,0.572,1.309,0.758,1.054,rt,
lolwa,2026-08-27,0.895,0.575,1.294,0.752,1.046,rt,
lolwa,2026-08-28,0.893,0.568,1.292,0.747,1.042,rt,
lolwa,2026-08-29,0.888,0.555,1.291,0.738,1.041,rt,
lolwa,2026-08-30,0.872,0.525,1.309,0.729,1.047,rt,
lolwa,2026-08-31,0.851,0.497,1.333,0.699,1.038,rt,
lolwa,2026-09-01,0.855,0.517,1.296,0.707,1.03,rt,
lolwa,2026-09-02,0.858,0.535,1.274,0.717,1.024,rt,
lolwa,2026-09-03,0.864,0.545,1.273,0.716,1.02,rt,
lolwa,2026-09-04,0.855,0.538,1.276,0.709,1.012,rt,
lolwa,2026-09-05,0.846,0.519,1.278,0.704,1.021,rt,
lolwa,2026-09-06,0.837,0.498,1.291,0.685,1.022,rt,
lolwa,2026-09-07,0.812,0.466,1.306,0.662,1.014,rt,
lolwa,2026-09-08,0.801,0.472,1.267,0.658,0.984,rt,
lolwa,2026-09-09,0.785,0.47,1.227,0.649,0.962,rt,
lolwa,2026-09-10,0.77,0.459,1.205,0.634,0.943,rt,
lolwa,2026-09-11,0.757,0.443,1.192,0.614,0.93,rt,
lolwa,2026-09-12,0.743,0.427,1.188,0.591,0.915,rt,
lolwa,2026-09-13,0.724,0.399,1.207,0.571,0.905,rt,
lolwa,2026-09-14,0.701,0.371,1.235,0.545,0.895,rt,
lolwa,2026-09-15,0.689,0.366,1.2,0.536,0.873,rt,
lolwa,2026-09-16,0.676,0.361,1.196,0.526,0.864,rt,
lolwa,2026-09-17,0.661,0.353,1.192,0.516,0.848,rt,
lolwa,2026-09-18,0.65,0.341,1.17,0.498,0.845,rt,
lolwa,2026-09-19,0.638,0.317,1.188,0.483,0.835,rt,
lolwa,2026-09-20,0.631,0.297,1.203,0.468,0.832,rt,
lolwa,2026-09-21,0.614,0.284,1.25,0.454,0.836,rt,
lolwa,2026-09-22,0.618,0.285,1.259,0.456,0.838,rt,
lolwa,2026-09-23,0.616,0.28,1.279,0.449,0.837,rt,
lolwa,2026-09-24,0.616,0.272,1.28,0.446,0.838,rt,
lolwa,2026-09-25,0.615,0.269,1.29,0.438,0.835,rt,
lolwa,2026-09-26,0.604,0.258,1.316,0.427,0.841,rt,
lolwa,2026-09-27,0.595,0.247,1.351,0.416,0.844,rt,
lolwa,2026-09-28,0.586,0.232,1.35,0.4,0.847,rt,
lolwa,2026-09-29,0.584,0.24,1.324,0.408,0.84,rt,
lolwa,2026-09-30,0.58,0.238,1.352,0.405,0.841,rt,
lolwa,2026-10-01,0.573,0.233,1.394,0.396,0.837,rt,
lolwa,2026-10-02,0.565,0.219,1.52,0.382,0.841,rt,
mahagi,2026-08-09,0.964,0.855,1.071,0.919,1.007,rt,
mahagi,2026-08-10,0.944,0.829,1.054,0.898,0.988,rt,
mahagi,2026-08-11,0.935,0.828,1.039,0.891,0.975,rt,
mahagi,2026-08-12,0.925,0.823,1.023,0.884,0.963,rt,
mahagi,2026-08-13,0.916,0.816,1.014,0.875,0.955,rt,
mahagi,2026-08-14,0.911,0.813,1.004,0.872,0.946,rt,
mahagi,2026-08-15,0.903,0.807,0.995,0.865,0.941,rt,
mahagi,2026-08-16,0.895,0.798,0.993,0.855,0.933,rt,
mahagi,2026-08-17,0.895,0.792,0.998,0.853,0.936,rt,
mahagi,2026-08-18,0.897,0.796,1.0,0.858,0.939,rt,
mahagi,2026-08-19,0.899,0.8,1.004,0.86,0.942,rt,
mahagi,2026-08-20,0.903,0.803,1.008,0.86,0.944,rt,
mahagi,2026-08-21,0.907,0.81,1.009,0.868,0.948,rt,
mahagi,2026-08-22,0.911,0.811,1.01,0.872,0.951,rt,
mahagi,2026-08-23,0.912,0.808,1.016,0.873,0.955,rt,
mahagi,2026-08-24,0.924,0.815,1.034,0.88,0.97,rt,
mahagi,2026-08-25,0.941,0.836,1.046,0.897,0.986,rt,
mahagi,2026-08-26,0.955,0.852,1.063,0.913,1.002,rt,
mahagi,2026-08-27,0.97,0.861,1.084,0.925,1.018,rt,
mahagi,2026-08-28,0.985,0.883,1.098,0.943,1.029,rt,
mahagi,2026-08-29,0.995,0.895,1.109,0.956,1.039,rt,
mahagi,2026-08-30,1.006,0.903,1.119,0.964,1.049,rt,
mahagi,2026-08-31,1.003,0.894,1.119,0.96,1.047,rt,
mahagi,2026-09-01,1.008,0.904,1.121,0.965,1.052,rt,
mahagi,2026-09-02,1.013,0.906,1.123,0.968,1.056,rt,
mahagi,2026-09-03,1.015,0.908,1.128,0.969,1.06,rt,
mahagi,2026-09-04,1.008,0.909,1.122,0.966,1.053,rt,
mahagi,2026-09-05,1.003,0.901,1.114,0.959,1.046,rt,
mahagi,2026-09-06,0.993,0.886,1.107,0.95,1.038,rt,
mahagi,2026-09-07,0.971,0.857,1.086,0.924,1.018,rt,
mahagi,2026-09-08,0.953,0.838,1.069,0.906,0.998,rt,
mahagi,2026-09-09,0.934,0.816,1.053,0.886,0.981,rt,
mahagi,2026-09-10,0.915,0.796,1.037,0.865,0.963,rt,
mahagi,2026-09-11,0.896,0.779,1.018,0.847,0.944,rt,
mahagi,2026-09-12,0.877,0.752,0.998,0.825,0.924,rt,
mahagi,2026-09-13,0.854,0.72,0.982,0.801,0.907,rt,
mahagi,2026-09-14,0.833,0.689,0.972,0.779,0.893,rt,
mahagi,2026-09-15,0.827,0.683,0.968,0.768,0.888,rt,
mahagi,2026-09-16,0.819,0.675,0.97,0.758,0.881,rt,
mahagi,2026-09-17,0.814,0.664,0.97,0.75,0.878,rt,
mahagi,2026-09-18,0.81,0.657,0.973,0.744,0.875,rt,
mahagi,2026-09-19,0.806,0.646,0.974,0.735,0.874,rt,
mahagi,2026-09-20,0.8,0.632,0.979,0.726,0.871,rt,
mahagi,2026-09-21,0.799,0.62,0.994,0.721,0.876,rt,
mahagi,2026-09-22,0.798,0.613,0.999,0.723,0.883,rt,
mahagi,2026-09-23,0.798,0.607,1.007,0.719,0.887,rt,
mahagi,2026-09-24,0.801,0.6,1.014,0.716,0.89,rt,
mahagi,2026-09-25,0.797,0.589,1.02,0.712,0.891,rt,
mahagi,2026-09-26,0.793,0.576,1.027,0.703,0.889,rt,
mahagi,2026-09-27,0.787,0.556,1.032,0.692,0.888,rt,
mahagi,2026-09-28,0.779,0.539,1.036,0.68,0.884,rt,
mahagi,2026-09-29,0.781,0.527,1.042,0.68,0.888,rt,
mahagi,2026-09-30,0.777,0.519,1.048,0.676,0.889,rt,
mahagi,2026-10-01,0.775,0.519,1.04,0.675,0.888,rt,
mahagi,2026-10-02,0.77,0.517,1.034,0.667,0.881,rt,
mambasa,2026-06-12,1.55,0.969,2.468,1.291,1.856,rt,
mambasa,2026-06-13,1.555,0.963,2.532,1.29,1.886,rt,
mambasa,2026-06-14,1.557,0.948,2.64,1.287,1.935,rt,
mambasa,2026-06-15,1.56,0.901,2.794,1.264,1.97,rt,
mambasa,2026-06-16,1.587,0.962,2.649,1.298,1.966,rt,
mambasa,2026-06-17,1.601,1.013,2.583,1.321,1.963,rt,
mambasa,2026-06-18,1.621,1.023,2.558,1.351,1.965,rt,
mambasa,2026-06-19,1.641,1.033,2.607,1.374,1.974,rt,
mambasa,2026-06-20,1.665,1.016,2.677,1.369,2.0,rt,
mambasa,2026-06-21,1.684,1.009,2.789,1.367,2.039,rt,
mambasa,2026-06-22,1.726,0.989,3.009,1.376,2.129,rt,
mambasa,2026-06-23,1.691,1.009,2.842,1.378,2.066,rt,
mambasa,2026-06-24,1.645,1.036,2.71,1.36,2.009,rt,
mambasa,2026-06-25,1.619,1.032,2.558,1.348,1.948,rt,
mambasa,2026-06-26,1.585,1.0,2.498,1.314,1.916,rt,
mambasa,2026-06-27,1.554,0.974,2.457,1.275,1.886,rt,
mambasa,2026-06-28,1.517,0.913,2.482,1.236,1.862,rt,
mambasa,2026-06-29,1.45,0.829,2.507,1.167,1.825,rt,
mambasa,2026-06-30,1.401,0.831,2.253,1.139,1.717,rt,
mambasa,2026-07-01,1.341,0.826,2.072,1.105,1.615,rt,
mambasa,2026-07-02,1.288,0.805,1.942,1.074,1.54,rt,
mambasa,2026-07-03,1.237,0.777,1.873,1.043,1.48,rt,
mambasa,2026-07-04,1.184,0.733,1.817,1.002,1.433,rt,
mambasa,2026-07-05,1.145,0.683,1.801,0.943,1.399,rt,
mambasa,2026-07-06,1.109,0.636,1.806,0.895,1.371,rt,
mambasa,2026-07-07,1.099,0.656,1.715,0.907,1.336,rt,
mambasa,2026-07-08,1.095,0.667,1.658,0.913,1.301,rt,
mambasa,2026-07-09,1.078,0.673,1.617,0.912,1.273,rt,
mambasa,2026-07-10,1.07,0.659,1.596,0.904,1.262,rt,
mambasa,2026-07-11,1.059,0.652,1.614,0.887,1.26,rt,
mambasa,2026-07-12,1.046,0.629,1.626,0.863,1.256,rt,
mambasa,2026-07-13,1.022,0.599,1.687,0.831,1.254,rt,
mambasa,2026-07-14,1.001,0.616,1.583,0.825,1.21,rt,
mambasa,2026-07-15,0.983,0.619,1.479,0.823,1.173,rt,
mambasa,2026-07-16,0.967,0.619,1.442,0.813,1.143,rt,
mambasa,2026-07-17,0.952,0.606,1.424,0.8,1.123,rt,
mambasa,2026-07-18,0.935,0.582,1.439,0.786,1.113,rt,
mambasa,2026-07-19,0.916,0.552,1.461,0.761,1.104,rt,
mambasa,2026-07-20,0.905,0.523,1.499,0.739,1.107,rt,
mambasa,2026-07-21,0.887,0.528,1.416,0.731,1.075,rt,
mambasa,2026-07-22,0.876,0.521,1.365,0.723,1.047,rt,
mambasa,2026-07-23,0.861,0.514,1.33,0.712,1.022,rt,
mambasa,2026-07-24,0.843,0.511,1.301,0.69,1.006,rt,
mambasa,2026-07-25,0.829,0.495,1.311,0.675,1.004,rt,
mambasa,2026-07-26,0.81,0.477,1.33,0.651,0.993,rt,
mambasa,2026-07-27,0.793,0.453,1.361,0.625,0.998,rt,
mambasa,2026-07-28,0.783,0.457,1.275,0.627,0.966,rt,
mambasa,2026-07-29,0.766,0.457,1.225,0.624,0.939,rt,
mambasa,2026-07-30,0.753,0.454,1.163,0.614,0.913,rt,
mambasa,2026-07-31,0.73,0.44,1.148,0.592,0.887,rt,
mambasa,2026-08-01,0.704,0.42,1.144,0.569,0.873,rt,
mambasa,2026-08-02,0.682,0.39,1.154,0.54,0.858,rt,
mambasa,2026-08-03,0.658,0.36,1.163,0.509,0.842,rt,
mambasa,2026-08-04,0.656,0.372,1.104,0.518,0.824,rt,
mambasa,2026-08-05,0.653,0.378,1.061,0.52,0.814,rt,
mambasa,2026-08-06,0.653,0.376,1.036,0.52,0.807,rt,
mambasa,2026-08-07,0.651,0.373,1.029,0.517,0.8,rt,
mambasa,2026-08-08,0.642,0.355,1.038,0.508,0.791,rt,
mambasa,2026-08-09,0.635,0.344,1.063,0.496,0.794,rt,
mambasa,2026-08-10,0.624,0.322,1.096,0.477,0.793,rt,
mambasa,2026-08-11,0.642,0.355,1.067,0.5,0.798,rt,
mambasa,2026-08-12,0.653,0.377,1.059,0.524,0.805,rt,
mambasa,2026-08-13,0.668,0.392,1.052,0.547,0.814,rt,
mambasa,2026-08-14,0.687,0.405,1.09,0.567,0.832,rt,
mambasa,2026-08-15,0.705,0.409,1.134,0.58,0.857,rt,
mambasa,2026-08-16,0.727,0.406,1.197,0.588,0.883,rt,
mambasa,2026-08-17,0.755,0.403,1.283,0.598,0.93,rt,
mambasa,2026-08-18,0.795,0.445,1.286,0.642,0.967,rt,
mambasa,2026-08-19,0.839,0.494,1.306,0.687,1.011,rt,
mambasa,2026-08-20,0.885,0.543,1.343,0.734,1.056,rt,
mambasa,2026-08-21,0.934,0.578,1.397,0.78,1.109,rt,
mambasa,2026-08-22,0.99,0.613,1.484,0.817,1.172,rt,
mambasa,2026-08-23,1.038,0.637,1.583,0.853,1.24,rt,
mambasa,2026-08-24,1.095,0.654,1.721,0.901,1.332,rt,
mambasa,2026-08-25,1.18,0.737,1.761,0.987,1.405,rt,
mambasa,2026-08-26,1.269,0.826,1.848,1.08,1.48,rt,
mambasa,2026-08-27,1.361,0.902,1.934,1.16,1.568,rt,
mambasa,2026-08-28,1.452,0.962,2.06,1.251,1.687,rt,
mambasa,2026-08-29,1.536,1.013,2.242,1.321,1.82,rt,
mambasa,2026-08-30,1.629,1.048,2.524,1.385,1.963,rt,
mambasa,2026-08-31,1.704,1.064,2.832,1.425,2.103,rt,
mambasa,2026-09-01,1.754,1.152,2.78,1.493,2.132,rt,
mambasa,2026-09-02,1.817,1.24,2.768,1.553,2.164,rt,
mambasa,2026-09-03,1.867,1.297,2.789,1.606,2.206,rt,
mambasa,2026-09-04,1.92,1.313,2.848,1.63,2.263,rt,
mambasa,2026-09-05,1.961,1.31,2.97,1.64,2.32,rt,
mambasa,2026-09-06,1.989,1.281,3.134,1.648,2.377,rt,
mambasa,2026-09-07,1.987,1.211,3.332,1.614,2.427,rt,
mambasa,2026-09-08,1.93,1.234,3.065,1.606,2.341,rt,
mambasa,2026-09-09,1.864,1.237,2.88,1.575,2.231,rt,
mambasa,2026-09-10,1.813,1.189,2.713,1.534,2.144,rt,
mambasa,2026-09-11,1.75,1.133,2.654,1.488,2.095,rt,
mambasa,2026-09-12,1.699,1.065,2.571,1.418,2.059,rt,
mambasa,2026-09-13,1.637,0.992,2.56,1.334,2.01,rt,
mambasa,2026-09-14,1.577,0.92,2.587,1.261,1.973,rt,
mambasa,2026-09-15,1.509,0.875,2.418,1.212,1.853,rt,
mambasa,2026-09-16,1.434,0.827,2.303,1.149,1.758,rt,
mambasa,2026-09-17,1.358,0.786,2.219,1.083,1.68,rt,
mambasa,2026-09-18,1.291,0.726,2.178,1.026,1.612,rt,
mambasa,2026-09-19,1.237,0.665,2.141,0.964,1.564,rt,
mambasa,2026-09-20,1.183,0.596,2.142,0.896,1.52,rt,
mambasa,2026-09-21,1.13,0.538,2.144,0.845,1.476,rt,
mambasa,2026-09-22,1.113,0.535,2.126,0.831,1.445,rt,
mambasa,2026-09-23,1.085,0.524,2.077,0.814,1.427,rt,
mambasa,2026-09-24,1.061,0.497,2.073,0.798,1.412,rt,
mambasa,2026-09-25,1.036,0.472,2.116,0.768,1.385,rt,
mambasa,2026-09-26,1.01,0.458,2.111,0.737,1.363,rt,
mambasa,2026-09-27,0.986,0.423,2.132,0.704,1.333,rt,
mambasa,2026-09-28,0.954,0.395,2.19,0.657,1.321,rt,
mambasa,2026-09-29,0.934,0.392,2.12,0.657,1.315,rt,
mambasa,2026-09-30,0.907,0.383,2.091,0.64,1.298,rt,
mambasa,2026-10-01,0.887,0.354,2.093,0.624,1.296,rt,
mambasa,2026-10-02,0.869,0.323,2.18,0.585,1.282,rt,
mandima,2026-06-18,2.028,1.337,3.175,1.755,2.417,rt,
mandima,2026-06-19,1.997,1.335,3.06,1.715,2.371,rt,
mandima,2026-06-20,1.959,1.297,3.095,1.649,2.338,rt,
mandima,2026-06-21,1.932,1.242,3.143,1.582,2.329,rt,
mandima,2026-06-22,1.929,1.168,3.3,1.548,2.372,rt,
mandima,2026-06-23,1.846,1.164,2.982,1.518,2.237,rt,
mandima,2026-06-24,1.778,1.157,2.72,1.479,2.117,rt,
mandima,2026-06-25,1.716,1.135,2.57,1.438,2.028,rt,
mandima,2026-06-26,1.653,1.081,2.473,1.385,1.939,rt,
mandima,2026-06-27,1.579,1.02,2.411,1.328,1.876,rt,
mandima,2026-06-28,1.508,0.945,2.403,1.259,1.836,rt,
mandima,2026-06-29,1.412,0.83,2.398,1.156,1.753,rt,
mandima,2026-06-30,1.352,0.837,2.174,1.123,1.645,rt,
mandima,2026-07-01,1.302,0.823,1.99,1.086,1.551,rt,
mandima,2026-07-02,1.248,0.815,1.854,1.049,1.472,rt,
mandima,2026-07-03,1.204,0.79,1.78,1.007,1.399,rt,
mandima,2026-07-04,1.151,0.737,1.745,0.955,1.355,rt,
mandima,2026-07-05,1.104,0.68,1.738,0.899,1.328,rt,
mandima,2026-07-06,1.06,0.624,1.75,0.852,1.316,rt,
mandima,2026-07-07,1.058,0.65,1.637,0.861,1.273,rt,
mandima,2026-07-08,1.053,0.672,1.573,0.868,1.247,rt,
mandima,2026-07-09,1.046,0.673,1.532,0.877,1.222,rt,
mandima,2026-07-10,1.035,0.663,1.52,0.877,1.224,rt,
mandima,2026-07-11,1.03,0.65,1.544,0.862,1.228,rt,
mandima,2026-07-12,1.024,0.616,1.616,0.843,1.231,rt,
mandima,2026-07-13,1.01,0.575,1.642,0.812,1.245,rt,
mandima,2026-07-14,1.018,0.604,1.584,0.832,1.218,rt,
mandima,2026-07-15,1.028,0.633,1.53,0.852,1.208,rt,
mandima,2026-07-16,1.031,0.662,1.495,0.866,1.199,rt,
mandima,2026-07-17,1.038,0.671,1.494,0.872,1.212,rt,
mandima,2026-07-18,1.045,0.657,1.541,0.87,1.231,rt,
mandima,2026-07-19,1.043,0.657,1.61,0.863,1.258,rt,
mandima,2026-07-20,1.055,0.644,1.699,0.86,1.288,rt,
mandima,2026-07-21,1.07,0.675,1.623,0.883,1.273,rt,
mandima,2026-07-22,1.084,0.707,1.585,0.916,1.279,rt,
mandima,2026-07-23,1.102,0.722,1.588,0.936,1.282,rt,
mandima,2026-07-24,1.122,0.73,1.607,0.958,1.297,rt,
mandima,2026-07-25,1.136,0.721,1.664,0.961,1.333,rt,
mandima,2026-07-26,1.151,0.702,1.739,0.954,1.373,rt,
mandima,2026-07-27,1.162,0.673,1.859,0.945,1.408,rt,
mandima,2026-07-28,1.161,0.721,1.767,0.968,1.378,rt,
mandima,2026-07-29,1.161,0.749,1.672,0.974,1.348,rt,
mandima,2026-07-30,1.153,0.762,1.645,0.979,1.326,rt,
mandima,2026-07-31,1.126,0.745,1.614,0.973,1.313,rt,
mandima,2026-08-01,1.111,0.71,1.624,0.946,1.308,rt,
mandima,2026-08-02,1.103,0.663,1.684,0.904,1.308,rt,
mandima,2026-08-03,1.072,0.614,1.731,0.866,1.317,rt,
mandima,2026-08-04,1.057,0.636,1.626,0.874,1.27,rt,
mandima,2026-08-05,1.046,0.675,1.546,0.878,1.243,rt,
mandima,2026-08-06,1.035,0.679,1.503,0.877,1.217,rt,
mandima,2026-08-07,1.023,0.673,1.489,0.865,1.194,rt,
mandima,2026-08-08,1.006,0.653,1.496,0.839,1.182,rt,
mandima,2026-08-09,0.988,0.619,1.529,0.809,1.18,rt,
mandima,2026-08-10,0.961,0.569,1.562,0.773,1.166,rt,
mandima,2026-08-11,0.97,0.607,1.475,0.796,1.155,rt,
mandima,2026-08-12,0.975,0.634,1.41,0.823,1.141,rt,
mandima,2026-08-13,0.982,0.656,1.395,0.835,1.143,rt,
mandima,2026-08-14,0.989,0.666,1.407,0.846,1.153,rt,
mandima,2026-08-15,1.002,0.654,1.445,0.85,1.165,rt,
mandima,2026-08-16,1.013,0.634,1.494,0.843,1.187,rt,
mandima,2026-08-17,1.031,0.611,1.58,0.839,1.232,rt,
mandima,2026-08-18,1.064,0.671,1.558,0.889,1.256,rt,
mandima,2026-08-19,1.11,0.732,1.573,0.934,1.279,rt,
mandima,2026-08-20,1.152,0.776,1.599,0.974,1.322,rt,
mandima,2026-08-21,1.197,0.805,1.631,1.011,1.37,rt,
mandima,2026-08-22,1.236,0.834,1.737,1.047,1.43,rt,
mandima,2026-08-23,1.276,0.826,1.852,1.079,1.494,rt,
mandima,2026-08-24,1.333,0.828,2.046,1.106,1.595,rt,
mandima,2026-08-25,1.412,0.93,2.056,1.193,1.657,rt,
mandima,2026-08-26,1.499,1.039,2.099,1.293,1.721,rt,
mandima,2026-08-27,1.582,1.139,2.168,1.38,1.808,rt,
mandima,2026-08-28,1.676,1.201,2.282,1.465,1.906,rt,
mandima,2026-08-29,1.763,1.228,2.449,1.545,2.016,rt,
mandima,2026-08-30,1.855,1.253,2.684,1.601,2.161,rt,
mandima,2026-08-31,1.929,1.242,2.953,1.633,2.277,rt,
mandima,2026-09-01,2.017,1.386,2.914,1.748,2.345,rt,
mandima,2026-09-02,2.113,1.517,2.935,1.85,2.411,rt,
mandima,2026-09-03,2.19,1.619,3.001,1.947,2.49,rt,
mandima,2026-09-04,2.259,1.71,3.077,2.026,2.57,rt,
mandima,2026-09-05,2.336,1.772,3.207,2.076,2.67,rt,
mandima,2026-09-06,2.404,1.782,3.401,2.107,2.771,rt,
mandima,2026-09-07,2.436,1.758,3.622,2.105,2.848,rt,
mandima,2026-09-08,2.428,1.831,3.367,2.141,2.755,rt,
mandima,2026-09-09,2.413,1.877,3.243,2.169,2.685,rt,
mandima,2026-09-10,2.387,1.886,3.162,2.166,2.642,rt,
mandima,2026-09-11,2.368,1.88,3.129,2.141,2.616,rt,
mandima,2026-09-12,2.335,1.817,3.135,2.106,2.606,rt,
mandima,2026-09-13,2.29,1.743,3.197,2.053,2.612,rt,
mandima,2026-09-14,2.26,1.642,3.263,1.983,2.607,rt,
mandima,2026-09-15,2.109,1.563,2.913,1.863,2.391,rt,
mandima,2026-09-16,1.956,1.453,2.639,1.749,2.215,rt,
mandima,2026-09-17,1.829,1.32,2.456,1.623,2.065,rt,
mandima,2026-09-18,1.702,1.187,2.326,1.496,1.942,rt,
mandima,2026-09-19,1.587,1.056,2.222,1.367,1.839,rt,
mandima,2026-09-20,1.479,0.933,2.155,1.242,1.734,rt,
mandima,2026-09-21,1.395,0.817,2.099,1.138,1.666,rt,
mandima,2026-09-22,1.37,0.799,2.016,1.124,1.62,rt,
mandima,2026-09-23,1.343,0.763,1.974,1.102,1.585,rt,
mandima,2026-09-24,1.313,0.73,1.951,1.061,1.547,rt,
mandima,2026-09-25,1.28,0.682,1.943,1.02,1.502,rt,
mandima,2026-09-26,1.237,0.637,1.928,0.983,1.483,rt,
mandima,2026-09-27,1.197,0.583,1.904,0.944,1.457,rt,
mandima,2026-09-28,1.159,0.533,1.868,0.892,1.434,rt,
mandima,2026-09-29,1.143,0.512,1.824,0.87,1.4,rt,
mandima,2026-09-30,1.112,0.465,1.812,0.84,1.389,rt,
mandima,2026-10-01,1.105,0.44,1.79,0.8,1.384,rt,
mandima,2026-10-02,1.072,0.393,1.805,0.749,1.372,rt,
mangala,2026-05-24,1.796,1.147,2.776,1.481,2.157,rt,
mangala,2026-05-25,1.762,1.107,2.816,1.455,2.157,rt,
mangala,2026-05-26,1.79,1.166,2.748,1.486,2.149,rt,
mangala,2026-05-27,1.807,1.201,2.704,1.526,2.147,rt,
mangala,2026-05-28,1.829,1.233,2.704,1.555,2.145,rt,
mangala,2026-05-29,1.858,1.266,2.713,1.584,2.158,rt,
mangala,2026-05-30,1.875,1.288,2.767,1.601,2.186,rt,
mangala,2026-05-31,1.906,1.285,2.835,1.623,2.226,rt,
mangala,2026-06-01,1.945,1.293,2.992,1.643,2.287,rt,
mangala,2026-06-02,1.984,1.361,2.924,1.685,2.296,rt,
mangala,2026-06-03,2.007,1.419,2.892,1.737,2.309,rt,
mangala,2026-06-04,2.027,1.476,2.874,1.777,2.327,rt,
mangala,2026-06-05,2.039,1.494,2.898,1.794,2.322,rt,
mangala,2026-06-06,2.032,1.493,2.929,1.79,2.331,rt,
mangala,2026-06-07,2.021,1.454,2.977,1.772,2.338,rt,
mangala,2026-06-08,2.018,1.416,3.027,1.739,2.361,rt,
mangala,2026-06-09,1.987,1.44,2.836,1.738,2.282,rt,
mangala,2026-06-10,1.951,1.447,2.705,1.727,2.219,rt,
mangala,2026-06-11,1.909,1.436,2.598,1.705,2.164,rt,
mangala,2026-06-12,1.875,1.424,2.522,1.674,2.124,rt,
mangala,2026-06-13,1.837,1.377,2.496,1.636,2.086,rt,
mangala,2026-06-14,1.809,1.315,2.507,1.579,2.055,rt,
mangala,2026-06-15,1.769,1.249,2.518,1.522,2.044,rt,
mangala,2026-06-16,1.738,1.266,2.395,1.515,1.971,rt,
mangala,2026-06-17,1.705,1.269,2.305,1.5,1.922,rt,
mangala,2026-06-18,1.678,1.255,2.204,1.49,1.879,rt,
mangala,2026-06-19,1.651,1.237,2.184,1.472,1.847,rt,
mangala,2026-06-20,1.621,1.213,2.17,1.443,1.821,rt,
mangala,2026-06-21,1.587,1.167,2.167,1.406,1.8,rt,
mangala,2026-06-22,1.576,1.121,2.198,1.379,1.807,rt,
mangala,2026-06-23,1.553,1.149,2.098,1.375,1.759,rt,
mangala,2026-06-24,1.524,1.152,2.004,1.362,1.707,rt,
mangala,2026-06-25,1.503,1.147,1.937,1.34,1.66,rt,
mangala,2026-06-26,1.472,1.122,1.895,1.315,1.628,rt,
mangala,2026-06-27,1.441,1.074,1.874,1.283,1.604,rt,
mangala,2026-06-28,1.415,1.017,1.866,1.245,1.588,rt,
mangala,2026-06-29,1.359,0.947,1.847,1.183,1.54,rt,
mangala,2026-06-30,1.296,0.934,1.718,1.143,1.45,rt,
mangala,2026-07-01,1.242,0.926,1.612,1.109,1.383,rt,
mangala,2026-07-02,1.193,0.897,1.533,1.069,1.324,rt,
mangala,2026-07-03,1.147,0.87,1.465,1.029,1.274,rt,
mangala,2026-07-04,1.102,0.829,1.415,0.985,1.236,rt,
mangala,2026-07-05,1.061,0.777,1.385,0.936,1.198,rt,
mangala,2026-07-06,1.028,0.726,1.382,0.891,1.175,rt,
mangala,2026-07-07,1.028,0.746,1.349,0.903,1.161,rt,
mangala,2026-07-08,1.029,0.767,1.318,0.916,1.149,rt,
mangala,2026-07-09,1.028,0.778,1.305,0.919,1.143,rt,
mangala,2026-07-10,1.032,0.777,1.313,0.919,1.137,rt,
mangala,2026-07-11,1.031,0.766,1.331,0.919,1.144,rt,
mangala,2026-07-12,1.025,0.741,1.347,0.909,1.153,rt,
mangala,2026-07-13,1.016,0.721,1.377,0.888,1.153,rt,
mangala,2026-07-14,1.044,0.768,1.375,0.934,1.173,rt,
mangala,2026-07-15,1.074,0.817,1.376,0.969,1.197,rt,
mangala,2026-07-16,1.107,0.853,1.391,1.002,1.224,rt,
mangala,2026-07-17,1.148,0.89,1.434,1.036,1.258,rt,
mangala,2026-07-18,1.185,0.915,1.481,1.063,1.309,rt,
mangala,2026-07-19,1.222,0.923,1.557,1.086,1.354,rt,
mangala,2026-07-20,1.258,0.932,1.661,1.108,1.413,rt,
mangala,2026-07-21,1.298,1.0,1.67,1.164,1.443,rt,
mangala,2026-07-22,1.344,1.063,1.69,1.22,1.474,rt,
mangala,2026-07-23,1.39,1.114,1.73,1.265,1.521,rt,
mangala,2026-07-24,1.434,1.149,1.788,1.318,1.568,rt,
mangala,2026-07-25,1.481,1.179,1.882,1.356,1.63,rt,
mangala,2026-07-26,1.526,1.2,2.001,1.38,1.697,rt,
mangala,2026-07-27,1.587,1.214,2.152,1.411,1.775,rt,
mangala,2026-07-28,1.611,1.268,2.125,1.444,1.779,rt,
mangala,2026-07-29,1.63,1.317,2.086,1.479,1.789,rt,
mangala,2026-07-30,1.653,1.346,2.078,1.511,1.798,rt,
mangala,2026-07-31,1.654,1.351,2.068,1.52,1.805,rt,
mangala,2026-08-01,1.658,1.341,2.075,1.516,1.821,rt,
mangala,2026-08-02,1.657,1.316,2.139,1.496,1.835,rt,
mangala,2026-08-03,1.647,1.265,2.204,1.467,1.847,rt,
mangala,2026-08-04,1.611,1.266,2.083,1.456,1.781,rt,
mangala,2026-08-05,1.572,1.256,1.981,1.432,1.732,rt,
mangala,2026-08-06,1.531,1.226,1.903,1.4,1.677,rt,
mangala,2026-08-07,1.489,1.192,1.854,1.354,1.625,rt,
mangala,2026-08-08,1.437,1.134,1.81,1.311,1.575,rt,
mangala,2026-08-09,1.388,1.075,1.792,1.262,1.541,rt,
mangala,2026-08-10,1.33,1.0,1.772,1.203,1.492,rt,
mangala,2026-08-11,1.258,0.979,1.619,1.154,1.397,rt,
mangala,2026-08-12,1.197,0.954,1.516,1.101,1.324,rt,
mangala,2026-08-13,1.138,0.913,1.42,1.046,1.248,rt,
mangala,2026-08-14,1.086,0.87,1.339,0.993,1.189,rt,
mangala,2026-08-15,1.036,0.809,1.294,0.942,1.136,rt,
mangala,2026-08-16,0.984,0.749,1.263,0.883,1.087,rt,
mangala,2026-08-17,0.943,0.69,1.247,0.833,1.059,rt,
mangala,2026-08-18,0.898,0.673,1.147,0.798,0.996,rt,
mangala,2026-08-19,0.855,0.647,1.071,0.765,0.938,rt,
mangala,2026-08-20,0.811,0.614,1.007,0.725,0.886,rt,
mangala,2026-08-21,0.767,0.578,0.959,0.69,0.849,rt,
mangala,2026-08-22,0.728,0.544,0.929,0.651,0.808,rt,
mangala,2026-08-23,0.689,0.498,0.901,0.608,0.775,rt,
mangala,2026-08-24,0.659,0.463,0.894,0.573,0.751,rt,
mangala,2026-08-25,0.654,0.477,0.861,0.574,0.735,rt,
mangala,2026-08-26,0.649,0.482,0.837,0.574,0.725,rt,
mangala,2026-08-27,0.642,0.486,0.821,0.573,0.714,rt,
mangala,2026-08-28,0.636,0.483,0.811,0.568,0.704,rt,
mangala,2026-08-29,0.627,0.469,0.805,0.559,0.698,rt,
mangala,2026-08-30,0.617,0.454,0.815,0.545,0.696,rt,
mangala,2026-08-31,0.598,0.423,0.814,0.523,0.684,rt,
mangala,2026-09-01,0.603,0.439,0.801,0.533,0.684,rt,
mangala,2026-09-02,0.61,0.453,0.797,0.546,0.68,rt,
mangala,2026-09-03,0.616,0.461,0.801,0.55,0.683,rt,
mangala,2026-09-04,0.617,0.459,0.799,0.55,0.688,rt,
mangala,2026-09-05,0.615,0.449,0.806,0.543,0.692,rt,
mangala,2026-09-06,0.616,0.431,0.818,0.531,0.697,rt,
mangala,2026-09-07,0.603,0.405,0.823,0.512,0.689,rt,
mangala,2026-09-08,0.594,0.411,0.806,0.509,0.677,rt,
mangala,2026-09-09,0.584,0.408,0.781,0.502,0.664,rt,
mangala,2026-09-10,0.573,0.401,0.768,0.493,0.653,rt,
mangala,2026-09-11,0.562,0.382,0.766,0.482,0.649,rt,
mangala,2026-09-12,0.553,0.359,0.775,0.467,0.643,rt,
mangala,2026-09-13,0.541,0.336,0.787,0.449,0.634,rt,
mangala,2026-09-14,0.525,0.314,0.805,0.433,0.628,rt,
mangala,2026-09-15,0.528,0.317,0.798,0.435,0.626,rt,
mangala,2026-09-16,0.532,0.315,0.805,0.435,0.633,rt,
mangala,2026-09-17,0.532,0.31,0.812,0.436,0.64,rt,
mangala,2026-09-18,0.534,0.302,0.834,0.432,0.654,rt,
mangala,2026-09-19,0.537,0.293,0.864,0.425,0.668,rt,
mangala,2026-09-20,0.54,0.279,0.904,0.418,0.683,rt,
mangala,2026-09-21,0.547,0.27,0.973,0.413,0.703,rt,
mangala,2026-09-22,0.545,0.271,0.97,0.419,0.701,rt,
mangala,2026-09-23,0.547,0.269,0.98,0.417,0.705,rt,
mangala,2026-09-24,0.538,0.263,1.01,0.408,0.711,rt,
mangala,2026-09-25,0.537,0.259,1.029,0.407,0.713,rt,
mangala,2026-09-26,0.537,0.252,1.063,0.399,0.722,rt,
mangala,2026-09-27,0.531,0.241,1.096,0.392,0.723,rt,
mangala,2026-09-28,0.525,0.226,1.132,0.378,0.727,rt,
mangala,2026-09-29,0.525,0.223,1.118,0.376,0.727,rt,
mangala,2026-09-30,0.521,0.217,1.14,0.368,0.734,rt,
mangala,2026-10-01,0.516,0.21,1.173,0.36,0.741,rt,
mangala,2026-10-02,0.512,0.192,1.22,0.35,0.759,rt,
mongbwalu,2026-04-25,2.689,1.374,5.625,2.041,3.617,rt,
mongbwalu,2026-04-26,2.682,1.317,5.63,2.026,3.595,rt,
mongbwalu,2026-04-27,2.666,1.285,5.642,2.008,3.603,rt,
mongbwalu,2026-04-28,2.635,1.337,5.369,2.046,3.544,rt,
mongbwalu,2026-04-29,2.64,1.373,5.227,2.049,3.508,rt,
mongbwalu,2026-04-30,2.646,1.409,5.148,2.06,3.486,rt,
mongbwalu,2026-05-01,2.645,1.464,5.162,2.086,3.494,rt,
mongbwalu,2026-05-02,2.646,1.487,5.127,2.09,3.478,rt,
mongbwalu,2026-05-03,2.669,1.487,5.265,2.088,3.477,rt,
mongbwalu,2026-05-04,2.661,1.442,5.358,2.073,3.492,rt,
mongbwalu,2026-05-05,2.685,1.504,5.12,2.141,3.447,rt,
mongbwalu,2026-05-06,2.702,1.56,4.894,2.176,3.47,rt,
mongbwalu,2026-05-07,2.713,1.614,4.85,2.209,3.425,rt,
mongbwalu,2026-05-08,2.745,1.64,4.853,2.23,3.429,rt,
mongbwalu,2026-05-09,2.765,1.688,4.823,2.258,3.448,rt,
mongbwalu,2026-05-10,2.779,1.708,4.858,2.28,3.443,rt,
mongbwalu,2026-05-11,2.706,1.665,4.77,2.213,3.334,rt,
mongbwalu,2026-05-12,2.663,1.717,4.422,2.229,3.227,rt,
mongbwalu,2026-05-13,2.631,1.762,4.171,2.227,3.116,rt,
mongbwalu,2026-05-14,2.606,1.805,3.981,2.223,3.041,rt,
mongbwalu,2026-05-15,2.541,1.825,3.813,2.205,2.96,rt,
mongbwalu,2026-05-16,2.492,1.824,3.672,2.181,2.9,rt,
mongbwalu,2026-05-17,2.442,1.793,3.595,2.138,2.84,rt,
mongbwalu,2026-05-18,2.408,1.743,3.558,2.084,2.793,rt,
mongbwalu,2026-05-19,2.387,1.785,3.409,2.092,2.743,rt,
mongbwalu,2026-05-20,2.352,1.799,3.269,2.09,2.682,rt,
mongbwalu,2026-05-21,2.339,1.814,3.168,2.084,2.638,rt,
mongbwalu,2026-05-22,2.306,1.798,3.11,2.065,2.582,rt,
mongbwalu,2026-05-23,2.264,1.778,3.082,2.027,2.543,rt,
mongbwalu,2026-05-24,2.217,1.727,3.025,1.992,2.497,rt,
mongbwalu,2026-05-25,2.164,1.667,2.995,1.933,2.445,rt,
mongbwalu,2026-05-26,2.044,1.628,2.724,1.85,2.289,rt,
mongbwalu,2026-05-27,1.943,1.562,2.511,1.765,2.153,rt,
mongbwalu,2026-05-28,1.844,1.496,2.356,1.681,2.035,rt,
mongbwalu,2026-05-29,1.749,1.435,2.21,1.599,1.921,rt,
mongbwalu,2026-05-30,1.667,1.369,2.096,1.515,1.824,rt,
mongbwalu,2026-05-31,1.575,1.275,2.009,1.432,1.747,rt,
mongbwalu,2026-06-01,1.506,1.193,1.947,1.358,1.681,rt,
mongbwalu,2026-06-02,1.406,1.125,1.767,1.281,1.553,rt,
mongbwalu,2026-06-03,1.308,1.055,1.607,1.2,1.424,rt,
mongbwalu,2026-06-04,1.212,0.98,1.463,1.117,1.32,rt,
mongbwalu,2026-06-05,1.116,0.893,1.343,1.03,1.214,rt,
mongbwalu,2026-06-06,1.027,0.795,1.253,0.938,1.12,rt,
mongbwalu,2026-06-07,0.939,0.705,1.175,0.842,1.034,rt,
mongbwalu,2026-06-08,0.859,0.606,1.115,0.747,0.959,rt,
mongbwalu,2026-06-09,0.829,0.606,1.046,0.729,0.915,rt,
mongbwalu,2026-06-10,0.797,0.607,0.983,0.711,0.873,rt,
mongbwalu,2026-06-11,0.765,0.599,0.934,0.695,0.833,rt,
mongbwalu,2026-06-12,0.735,0.585,0.893,0.668,0.805,rt,
mongbwalu,2026-06-13,0.707,0.553,0.872,0.644,0.778,rt,
mongbwalu,2026-06-14,0.681,0.519,0.864,0.612,0.756,rt,
mongbwalu,2026-06-15,0.656,0.475,0.869,0.577,0.736,rt,
mongbwalu,2026-06-16,0.67,0.507,0.853,0.599,0.744,rt,
mongbwalu,2026-06-17,0.688,0.536,0.856,0.622,0.752,rt,
mongbwalu,2026-06-18,0.705,0.558,0.865,0.642,0.769,rt,
mongbwalu,2026-06-19,0.722,0.574,0.886,0.661,0.785,rt,
mongbwalu,2026-06-20,0.741,0.585,0.928,0.673,0.81,rt,
mongbwalu,2026-06-21,0.759,0.58,0.979,0.681,0.837,rt,
mongbwalu,2026-06-22,0.785,0.575,1.057,0.696,0.884,rt,
mongbwalu,2026-06-23,0.784,0.602,1.022,0.707,0.874,rt,
mongbwalu,2026-06-24,0.786,0.623,0.983,0.716,0.865,rt,
mongbwalu,2026-06-25,0.788,0.634,0.971,0.721,0.858,rt,
mongbwalu,2026-06-26,0.787,0.631,0.964,0.72,0.858,rt,
mongbwalu,2026-06-27,0.785,0.617,0.975,0.71,0.865,rt,
mongbwalu,2026-06-28,0.784,0.595,1.008,0.698,0.871,rt,
mongbwalu,2026-06-29,0.768,0.555,1.031,0.668,0.865,rt,
mongbwalu,2026-06-30,0.76,0.577,0.979,0.676,0.844,rt,
mongbwalu,2026-07-01,0.753,0.588,0.936,0.679,0.828,rt,
mongbwalu,2026-07-02,0.747,0.594,0.925,0.684,0.818,rt,
mongbwalu,2026-07-03,0.745,0.592,0.921,0.678,0.812,rt,
mongbwalu,2026-07-04,0.743,0.578,0.94,0.672,0.815,rt,
mongbwalu,2026-07-05,0.736,0.556,0.973,0.659,0.823,rt,
mongbwalu,2026-07-06,0.739,0.527,1.022,0.647,0.844,rt,
mongbwalu,2026-07-07,0.752,0.567,0.998,0.672,0.854,rt,
mongbwalu,2026-07-08,0.771,0.601,0.99,0.695,0.864,rt,
mongbwalu,2026-07-09,0.788,0.621,1.0,0.717,0.877,rt,
mongbwalu,2026-07-10,0.806,0.625,1.02,0.734,0.897,rt,
mongbwalu,2026-07-11,0.824,0.625,1.065,0.741,0.927,rt,
mongbwalu,2026-07-12,0.842,0.618,1.126,0.746,0.955,rt,
mongbwalu,2026-07-13,0.853,0.592,1.197,0.74,0.987,rt,
mongbwalu,2026-07-14,0.83,0.597,1.125,0.731,0.941,rt,
mongbwalu,2026-07-15,0.809,0.604,1.06,0.722,0.906,rt,
mongbwalu,2026-07-16,0.786,0.597,1.018,0.706,0.875,rt,
mongbwalu,2026-07-17,0.768,0.584,0.986,0.685,0.854,rt,
mongbwalu,2026-07-18,0.745,0.558,0.984,0.663,0.838,rt,
mongbwalu,2026-07-19,0.725,0.524,0.994,0.637,0.823,rt,
mongbwalu,2026-07-20,0.707,0.486,1.009,0.605,0.814,rt,
mongbwalu,2026-07-21,0.687,0.486,0.938,0.598,0.783,rt,
mongbwalu,2026-07-22,0.667,0.487,0.886,0.588,0.76,rt,
mongbwalu,2026-07-23,0.65,0.477,0.852,0.57,0.736,rt,
mongbwalu,2026-07-24,0.634,0.454,0.834,0.554,0.716,rt,
mongbwalu,2026-07-25,0.618,0.429,0.826,0.536,0.698,rt,
mongbwalu,2026-07-26,0.601,0.398,0.832,0.512,0.686,rt,
mongbwalu,2026-07-27,0.583,0.365,0.842,0.488,0.686,rt,
mongbwalu,2026-07-28,0.59,0.391,0.818,0.502,0.677,rt,
mongbwalu,2026-07-29,0.593,0.41,0.799,0.515,0.673,rt,
mongbwalu,2026-07-30,0.598,0.42,0.79,0.522,0.669,rt,
mongbwalu,2026-07-31,0.597,0.418,0.782,0.522,0.667,rt,
mongbwalu,2026-08-01,0.593,0.413,0.797,0.516,0.673,rt,
mongbwalu,2026-08-02,0.589,0.402,0.816,0.505,0.677,rt,
mongbwalu,2026-08-03,0.585,0.379,0.845,0.493,0.684,rt,
mongbwalu,2026-08-04,0.609,0.416,0.852,0.518,0.705,rt,
mongbwalu,2026-08-05,0.635,0.442,0.864,0.545,0.728,rt,
mongbwalu,2026-08-06,0.659,0.469,0.898,0.567,0.752,rt,
mongbwalu,2026-08-07,0.682,0.486,0.932,0.592,0.778,rt,
mongbwalu,2026-08-08,0.702,0.504,0.986,0.61,0.807,rt,
mongbwalu,2026-08-09,0.729,0.505,1.057,0.624,0.844,rt,
mongbwalu,2026-08-10,0.746,0.49,1.13,0.629,0.881,rt,
mongbwalu,2026-08-11,0.788,0.546,1.128,0.679,0.914,rt,
mongbwalu,2026-08-12,0.833,0.596,1.15,0.726,0.951,rt,
mongbwalu,2026-08-13,0.88,0.641,1.177,0.776,1.0,rt,
mongbwalu,2026-08-14,0.936,0.689,1.251,0.823,1.057,rt,
mongbwalu,2026-08-15,0.992,0.723,1.326,0.865,1.12,rt,
mongbwalu,2026-08-16,1.053,0.745,1.435,0.906,1.197,rt,
mongbwalu,2026-08-17,1.119,0.771,1.578,0.952,1.294,rt,
mongbwalu,2026-08-18,1.17,0.844,1.596,1.02,1.335,rt,
mongbwalu,2026-08-19,1.228,0.924,1.623,1.089,1.374,rt,
mongbwalu,2026-08-20,1.284,0.99,1.673,1.158,1.426,rt,
mongbwalu,2026-08-21,1.345,1.049,1.753,1.219,1.495,rt,
mongbwalu,2026-08-22,1.421,1.08,1.857,1.273,1.574,rt,
mongbwalu,2026-08-23,1.481,1.097,2.008,1.317,1.675,rt,
mongbwalu,2026-08-24,1.565,1.12,2.187,1.369,1.8,rt,
mongbwalu,2026-08-25,1.569,1.173,2.085,1.393,1.76,rt,
mongbwalu,2026-08-26,1.569,1.206,2.013,1.41,1.735,rt,
mongbwalu,2026-08-27,1.563,1.223,1.974,1.413,1.721,rt,
mongbwalu,2026-08-28,1.552,1.227,1.951,1.408,1.703,rt,
mongbwalu,2026-08-29,1.536,1.204,2.0,1.393,1.701,rt,
mongbwalu,2026-08-30,1.507,1.152,2.04,1.35,1.709,rt,
mongbwalu,2026-08-31,1.47,1.078,2.063,1.297,1.689,rt,
mongbwalu,2026-09-01,1.382,1.036,1.858,1.235,1.572,rt,
mongbwalu,2026-09-02,1.303,0.989,1.704,1.166,1.464,rt,
mongbwalu,2026-09-03,1.224,0.939,1.581,1.096,1.355,rt,
mongbwalu,2026-09-04,1.135,0.86,1.464,1.014,1.263,rt,
mongbwalu,2026-09-05,1.054,0.775,1.379,0.936,1.18,rt,
mongbwalu,2026-09-06,0.974,0.69,1.318,0.849,1.103,rt,
mongbwalu,2026-09-07,0.884,0.596,1.254,0.757,1.021,rt,
mongbwalu,2026-09-08,0.826,0.568,1.144,0.714,0.941,rt,
mongbwalu,2026-09-09,0.772,0.534,1.053,0.672,0.869,rt,
mongbwalu,2026-09-10,0.717,0.496,0.981,0.626,0.811,rt,
mongbwalu,2026-09-11,0.666,0.458,0.922,0.579,0.764,rt,
mongbwalu,2026-09-12,0.62,0.412,0.879,0.531,0.713,rt,
mongbwalu,2026-09-13,0.574,0.365,0.84,0.483,0.672,rt,
mongbwalu,2026-09-14,0.531,0.314,0.817,0.44,0.639,rt,
mongbwalu,2026-09-15,0.519,0.315,0.8,0.434,0.625,rt,
mongbwalu,2026-09-16,0.511,0.308,0.784,0.425,0.616,rt,
mongbwalu,2026-09-17,0.503,0.294,0.781,0.413,0.609,rt,
mongbwalu,2026-09-18,0.496,0.281,0.777,0.404,0.607,rt,
mongbwalu,2026-09-19,0.486,0.265,0.788,0.388,0.61,rt,
mongbwalu,2026-09-20,0.481,0.247,0.816,0.372,0.609,rt,
mongbwalu,2026-09-21,0.477,0.232,0.853,0.362,0.614,rt,
mongbwalu,2026-09-22,0.476,0.23,0.855,0.36,0.615,rt,
mongbwalu,2026-09-23,0.475,0.226,0.861,0.362,0.624,rt,
mongbwalu,2026-09-24,0.476,0.219,0.884,0.36,0.627,rt,
mongbwalu,2026-09-25,0.468,0.214,0.903,0.356,0.631,rt,
mongbwalu,2026-09-26,0.469,0.201,0.925,0.345,0.624,rt,
mongbwalu,2026-09-27,0.465,0.193,0.957,0.337,0.634,rt,
mongbwalu,2026-09-28,0.456,0.179,1.001,0.323,0.643,rt,
mongbwalu,2026-09-29,0.452,0.18,1.013,0.325,0.65,rt,
mongbwalu,2026-09-30,0.456,0.175,1.026,0.322,0.656,rt,
mongbwalu,2026-10-01,0.458,0.167,1.071,0.315,0.666,rt,
mongbwalu,2026-10-02,0.462,0.154,1.116,0.303,0.674,rt,
nia_nia,2026-06-05,2.7,1.698,4.458,2.242,3.283,rt,
nia_nia,2026-06-06,2.646,1.663,4.484,2.201,3.22,rt,
nia_nia,2026-06-07,2.599,1.589,4.385,2.121,3.221,rt,
nia_nia,2026-06-08,2.548,1.5,4.495,2.042,3.203,rt,
nia_nia,2026-06-09,2.48,1.554,4.157,2.028,3.044,rt,
nia_nia,2026-06-10,2.416,1.579,3.829,2.003,2.896,rt,
nia_nia,2026-06-11,2.354,1.559,3.567,1.967,2.772,rt,
nia_nia,2026-06-12,2.28,1.524,3.421,1.932,2.677,rt,
nia_nia,2026-06-13,2.203,1.459,3.34,1.858,2.607,rt,
nia_nia,2026-06-14,2.152,1.363,3.37,1.766,2.558,rt,
nia_nia,2026-06-15,2.096,1.236,3.391,1.675,2.518,rt,
nia_nia,2026-06-16,2.039,1.28,3.155,1.68,2.41,rt,
nia_nia,2026-06-17,1.985,1.297,2.986,1.692,2.331,rt,
nia_nia,2026-06-18,1.944,1.311,2.863,1.67,2.253,rt,
nia_nia,2026-06-19,1.902,1.287,2.742,1.633,2.209,rt,
nia_nia,2026-06-20,1.854,1.252,2.728,1.593,2.188,rt,
nia_nia,2026-06-21,1.832,1.165,2.799,1.536,2.149,rt,
nia_nia,2026-06-22,1.813,1.103,2.924,1.484,2.177,rt,
nia_nia,2026-06-23,1.78,1.176,2.679,1.487,2.087,rt,
nia_nia,2026-06-24,1.749,1.221,2.486,1.497,2.003,rt,
nia_nia,2026-06-25,1.714,1.23,2.368,1.49,1.943,rt,
nia_nia,2026-06-26,1.679,1.21,2.297,1.472,1.899,rt,
nia_nia,2026-06-27,1.642,1.155,2.286,1.429,1.876,rt,
nia_nia,2026-06-28,1.607,1.089,2.31,1.37,1.867,rt,
nia_nia,2026-06-29,1.543,0.983,2.339,1.282,1.82,rt,
nia_nia,2026-06-30,1.5,1.028,2.167,1.281,1.742,rt,
nia_nia,2026-07-01,1.464,1.037,2.043,1.27,1.679,rt,
nia_nia,2026-07-02,1.429,1.032,1.979,1.256,1.626,rt,
nia_nia,2026-07-03,1.396,1.003,1.923,1.234,1.6,rt,
nia_nia,2026-07-04,1.37,0.968,1.945,1.19,1.582,rt,
nia_nia,2026-07-05,1.351,0.901,1.98,1.141,1.58,rt,
nia_nia,2026-07-06,1.334,0.833,2.076,1.095,1.588,rt,
nia_nia,2026-07-07,1.341,0.896,1.953,1.133,1.559,rt,
nia_nia,2026-07-08,1.348,0.929,1.877,1.172,1.54,rt,
nia_nia,2026-07-09,1.364,0.972,1.829,1.2,1.532,rt,
nia_nia,2026-07-10,1.37,0.984,1.834,1.206,1.539,rt,
nia_nia,2026-07-11,1.377,0.977,1.865,1.2,1.56,rt,
nia_nia,2026-07-12,1.385,0.944,1.938,1.186,1.596,rt,
nia_nia,2026-07-13,1.382,0.88,2.045,1.157,1.641,rt,
nia_nia,2026-07-14,1.402,0.959,1.958,1.198,1.62,rt,
nia_nia,2026-07-15,1.414,1.019,1.901,1.235,1.608,rt,
nia_nia,2026-07-16,1.434,1.05,1.881,1.26,1.605,rt,
nia_nia,2026-07-17,1.455,1.066,1.916,1.28,1.632,rt,
nia_nia,2026-07-18,1.472,1.066,1.987,1.28,1.668,rt,
nia_nia,2026-07-19,1.487,1.045,2.106,1.277,1.709,rt,
nia_nia,2026-07-20,1.508,0.995,2.244,1.27,1.769,rt,
nia_nia,2026-07-21,1.478,1.038,2.091,1.282,1.707,rt,
nia_nia,2026-07-22,1.451,1.059,1.972,1.282,1.654,rt,
nia_nia,2026-07-23,1.431,1.068,1.905,1.278,1.615,rt,
nia_nia,2026-07-24,1.405,1.056,1.887,1.263,1.589,rt,
nia_nia,2026-07-25,1.394,1.028,1.895,1.23,1.566,rt,
nia_nia,2026-07-26,1.37,0.97,1.933,1.186,1.564,rt,
nia_nia,2026-07-27,1.352,0.908,2.01,1.142,1.575,rt,
nia_nia,2026-07-28,1.271,0.901,1.774,1.108,1.453,rt,
nia_nia,2026-07-29,1.199,0.883,1.614,1.067,1.352,rt,
nia_nia,2026-07-30,1.133,0.839,1.493,1.007,1.275,rt,
nia_nia,2026-07-31,1.061,0.78,1.404,0.94,1.195,rt,
nia_nia,2026-08-01,0.991,0.698,1.356,0.866,1.131,rt,
nia_nia,2026-08-02,0.927,0.604,1.332,0.787,1.08,rt,
nia_nia,2026-08-03,0.866,0.514,1.303,0.707,1.032,rt,
nia_nia,2026-08-04,0.821,0.521,1.185,0.685,0.964,rt,
nia_nia,2026-08-05,0.78,0.516,1.097,0.66,0.904,rt,
nia_nia,2026-08-06,0.742,0.498,1.026,0.633,0.853,rt,
nia_nia,2026-08-07,0.699,0.472,0.975,0.601,0.807,rt,
nia_nia,2026-08-08,0.659,0.433,0.935,0.561,0.769,rt,
nia_nia,2026-08-09,0.623,0.388,0.917,0.52,0.741,rt,
nia_nia,2026-08-10,0.585,0.339,0.907,0.476,0.71,rt,
nia_nia,2026-08-11,0.58,0.363,0.866,0.486,0.692,rt,
nia_nia,2026-08-12,0.58,0.372,0.826,0.491,0.682,rt,
nia_nia,2026-08-13,0.58,0.383,0.801,0.497,0.674,rt,
nia_nia,2026-08-14,0.58,0.388,0.81,0.497,0.668,rt,
nia_nia,2026-08-15,0.582,0.382,0.815,0.496,0.674,rt,
nia_nia,2026-08-16,0.583,0.367,0.846,0.487,0.678,rt,
nia_nia,2026-08-17,0.588,0.346,0.887,0.48,0.698,rt,
nia_nia,2026-08-18,0.622,0.388,0.899,0.521,0.725,rt,
nia_nia,2026-08-19,0.656,0.425,0.917,0.56,0.754,rt,
nia_nia,2026-08-20,0.693,0.469,0.953,0.6,0.792,rt,
nia_nia,2026-08-21,0.741,0.509,0.999,0.637,0.837,rt,
nia_nia,2026-08-22,0.778,0.538,1.079,0.67,0.891,rt,
nia_nia,2026-08-23,0.824,0.547,1.184,0.701,0.956,rt,
nia_nia,2026-08-24,0.877,0.554,1.306,0.736,1.037,rt,
nia_nia,2026-08-25,0.953,0.644,1.356,0.822,1.105,rt,
nia_nia,2026-08-26,1.034,0.739,1.421,0.908,1.175,rt,
nia_nia,2026-08-27,1.126,0.823,1.491,0.993,1.259,rt,
nia_nia,2026-08-28,1.222,0.911,1.602,1.086,1.355,rt,
nia_nia,2026-08-29,1.322,0.974,1.764,1.167,1.475,rt,
nia_nia,2026-08-30,1.417,1.014,1.994,1.239,1.614,rt,
nia_nia,2026-08-31,1.503,1.035,2.232,1.281,1.765,rt,
nia_nia,2026-09-01,1.5,1.091,2.109,1.314,1.731,rt,
nia_nia,2026-09-02,1.508,1.146,2.011,1.337,1.699,rt,
nia_nia,2026-09-03,1.507,1.175,1.972,1.354,1.683,rt,
nia_nia,2026-09-04,1.498,1.167,1.945,1.341,1.663,rt,
nia_nia,2026-09-05,1.479,1.131,1.955,1.321,1.656,rt,
nia_nia,2026-09-06,1.455,1.06,1.995,1.28,1.665,rt,
nia_nia,2026-09-07,1.411,0.978,2.017,1.217,1.646,rt,
nia_nia,2026-09-08,1.352,0.975,1.833,1.182,1.538,rt,
nia_nia,2026-09-09,1.287,0.948,1.691,1.135,1.449,rt,
nia_nia,2026-09-10,1.223,0.908,1.598,1.091,1.37,rt,
nia_nia,2026-09-11,1.168,0.857,1.536,1.032,1.301,rt,
nia_nia,2026-09-12,1.111,0.772,1.484,0.966,1.256,rt,
nia_nia,2026-09-13,1.05,0.695,1.445,0.897,1.208,rt,
nia_nia,2026-09-14,0.99,0.615,1.432,0.822,1.174,rt,
nia_nia,2026-09-15,0.954,0.597,1.366,0.795,1.112,rt,
nia_nia,2026-09-16,0.917,0.573,1.31,0.763,1.067,rt,
nia_nia,2026-09-17,0.88,0.533,1.284,0.732,1.04,rt,
nia_nia,2026-09-18,0.85,0.492,1.268,0.699,1.014,rt,
nia_nia,2026-09-19,0.816,0.44,1.287,0.657,0.989,rt,
nia_nia,2026-09-20,0.79,0.4,1.316,0.614,0.975,rt,
nia_nia,2026-09-21,0.763,0.356,1.332,0.582,0.966,rt,
nia_nia,2026-09-22,0.76,0.356,1.324,0.574,0.956,rt,
nia_nia,2026-09-23,0.755,0.35,1.332,0.566,0.958,rt,
nia_nia,2026-09-24,0.744,0.339,1.343,0.556,0.962,rt,
nia_nia,2026-09-25,0.725,0.33,1.39,0.542,0.956,rt,
nia_nia,2026-09-26,0.717,0.301,1.438,0.522,0.971,rt,
nia_nia,2026-09-27,0.7,0.277,1.474,0.497,0.974,rt,
nia_nia,2026-09-28,0.683,0.256,1.498,0.474,0.978,rt,
nia_nia,2026-09-29,0.679,0.262,1.472,0.472,0.953,rt,
nia_nia,2026-09-30,0.676,0.252,1.5,0.465,0.961,rt,
nia_nia,2026-10-01,0.669,0.232,1.518,0.454,0.968,rt,
nia_nia,2026-10-02,0.652,0.209,1.561,0.43,0.977,rt,
nizi,2026-05-24,1.894,1.307,2.746,1.63,2.212,rt,
nizi,2026-05-25,1.843,1.239,2.729,1.574,2.176,rt,
nizi,2026-05-26,1.857,1.292,2.69,1.607,2.165,rt,
nizi,2026-05-27,1.868,1.324,2.673,1.635,2.169,rt,
nizi,2026-05-28,1.891,1.346,2.65,1.656,2.174,rt,
nizi,2026-05-29,1.91,1.358,2.662,1.673,2.175,rt,
nizi,2026-05-30,1.938,1.366,2.697,1.69,2.197,rt,
nizi,2026-05-31,1.953,1.365,2.745,1.699,2.244,rt,
nizi,2026-06-01,1.977,1.354,2.863,1.718,2.291,rt,
nizi,2026-06-02,2.044,1.459,2.867,1.806,2.329,rt,
nizi,2026-06-03,2.117,1.554,2.925,1.882,2.394,rt,
nizi,2026-06-04,2.189,1.644,2.967,1.956,2.454,rt,
nizi,2026-06-05,2.239,1.708,2.998,2.006,2.515,rt,
nizi,2026-06-06,2.29,1.751,3.102,2.041,2.572,rt,
nizi,2026-06-07,2.331,1.759,3.198,2.059,2.625,rt,
nizi,2026-06-08,2.365,1.75,3.308,2.073,2.674,rt,
nizi,2026-06-09,2.371,1.811,3.219,2.113,2.665,rt,
nizi,2026-06-10,2.371,1.836,3.148,2.139,2.653,rt,
nizi,2026-06-11,2.374,1.861,3.129,2.156,2.638,rt,
nizi,2026-06-12,2.383,1.881,3.127,2.164,2.64,rt,
nizi,2026-06-13,2.384,1.878,3.172,2.158,2.655,rt,
nizi,2026-06-14,2.373,1.851,3.197,2.15,2.668,rt,
nizi,2026-06-15,2.378,1.809,3.254,2.133,2.691,rt,
nizi,2026-06-16,2.351,1.839,3.116,2.129,2.629,rt,
nizi,2026-06-17,2.329,1.865,2.974,2.112,2.591,rt,
nizi,2026-06-18,2.304,1.869,2.913,2.098,2.544,rt,
nizi,2026-06-19,2.281,1.855,2.864,2.087,2.496,rt,
nizi,2026-06-20,2.254,1.827,2.852,2.06,2.464,rt,
nizi,2026-06-21,2.219,1.785,2.85,2.024,2.442,rt,
nizi,2026-06-22,2.212,1.75,2.915,2.012,2.466,rt,
nizi,2026-06-23,2.182,1.763,2.784,2.002,2.4,rt,
nizi,2026-06-24,2.15,1.766,2.69,1.984,2.351,rt,
nizi,2026-06-25,2.12,1.755,2.627,1.962,2.312,rt,
nizi,2026-06-26,2.078,1.73,2.567,1.928,2.267,rt,
nizi,2026-06-27,2.047,1.685,2.525,1.883,2.228,rt,
nizi,2026-06-28,2.009,1.629,2.506,1.835,2.197,rt,
nizi,2026-06-29,1.93,1.538,2.445,1.744,2.129,rt,
nizi,2026-06-30,1.824,1.477,2.262,1.66,1.987,rt,
nizi,2026-07-01,1.723,1.417,2.107,1.585,1.86,rt,
nizi,2026-07-02,1.623,1.352,1.977,1.51,1.752,rt,
nizi,2026-07-03,1.541,1.274,1.854,1.429,1.654,rt,
nizi,2026-07-04,1.459,1.206,1.753,1.349,1.565,rt,
nizi,2026-07-05,1.377,1.122,1.681,1.266,1.489,rt,
nizi,2026-07-06,1.312,1.042,1.638,1.197,1.434,rt,
nizi,2026-07-07,1.265,1.027,1.536,1.164,1.371,rt,
nizi,2026-07-08,1.222,1.011,1.456,1.127,1.313,rt,
nizi,2026-07-09,1.177,0.98,1.387,1.088,1.261,rt,
nizi,2026-07-10,1.129,0.943,1.333,1.053,1.212,rt,
nizi,2026-07-11,1.087,0.898,1.287,1.014,1.171,rt,
nizi,2026-07-12,1.043,0.848,1.254,0.966,1.129,rt,
nizi,2026-07-13,0.997,0.79,1.223,0.911,1.086,rt,
nizi,2026-07-14,0.987,0.791,1.179,0.911,1.063,rt,
nizi,2026-07-15,0.975,0.797,1.149,0.906,1.043,rt,
nizi,2026-07-16,0.962,0.793,1.124,0.894,1.024,rt,
nizi,2026-07-17,0.949,0.789,1.111,0.887,1.016,rt,
nizi,2026-07-18,0.936,0.771,1.106,0.872,1.009,rt,
nizi,2026-07-19,0.924,0.747,1.109,0.852,1.003,rt,
nizi,2026-07-20,0.914,0.717,1.117,0.836,0.999,rt,
nizi,2026-07-21,0.915,0.736,1.096,0.844,0.989,rt,
nizi,2026-07-22,0.916,0.744,1.08,0.848,0.983,rt,
nizi,2026-07-23,0.915,0.749,1.067,0.849,0.977,rt,
nizi,2026-07-24,0.914,0.756,1.067,0.848,0.976,rt,
nizi,2026-07-25,0.912,0.755,1.071,0.844,0.973,rt,
nizi,2026-07-26,0.906,0.747,1.08,0.838,0.973,rt,
nizi,2026-07-27,0.907,0.73,1.102,0.83,0.981,rt,
nizi,2026-07-28,0.919,0.757,1.089,0.851,0.986,rt,
nizi,2026-07-29,0.929,0.779,1.083,0.865,0.991,rt,
nizi,2026-07-30,0.939,0.795,1.088,0.878,0.997,rt,
nizi,2026-07-31,0.942,0.796,1.088,0.883,1.001,rt,
nizi,2026-08-01,0.942,0.796,1.104,0.881,1.006,rt,
nizi,2026-08-02,0.943,0.779,1.122,0.874,1.014,rt,
nizi,2026-08-03,0.938,0.756,1.142,0.86,1.02,rt,
nizi,2026-08-04,0.93,0.768,1.12,0.861,1.005,rt,
nizi,2026-08-05,0.928,0.777,1.094,0.863,0.992,rt,
nizi,2026-08-06,0.922,0.774,1.075,0.857,0.984,rt,
nizi,2026-08-07,0.912,0.765,1.064,0.849,0.973,rt,
nizi,2026-08-08,0.901,0.749,1.062,0.838,0.967,rt,
nizi,2026-08-09,0.889,0.726,1.076,0.822,0.96,rt,
nizi,2026-08-10,0.87,0.69,1.08,0.796,0.945,rt,
nizi,2026-08-11,0.84,0.682,1.02,0.774,0.908,rt,
nizi,2026-08-12,0.811,0.67,0.974,0.752,0.874,rt,
nizi,2026-08-13,0.784,0.649,0.939,0.727,0.843,rt,
nizi,2026-08-14,0.762,0.627,0.91,0.705,0.816,rt,
nizi,2026-08-15,0.737,0.603,0.891,0.677,0.792,rt,
nizi,2026-08-16,0.711,0.572,0.879,0.65,0.773,rt,
nizi,2026-08-17,0.693,0.542,0.873,0.628,0.763,rt,
nizi,2026-08-18,0.679,0.54,0.846,0.62,0.745,rt,
nizi,2026-08-19,0.667,0.535,0.82,0.611,0.729,rt,
nizi,2026-08-20,0.654,0.525,0.802,0.6,0.715,rt,
nizi,2026-08-21,0.644,0.517,0.789,0.59,0.702,rt,
nizi,2026-08-22,0.632,0.498,0.78,0.577,0.69,rt,
nizi,2026-08-23,0.618,0.475,0.778,0.56,0.684,rt,
nizi,2026-08-24,0.614,0.453,0.787,0.546,0.684,rt,
nizi,2026-08-25,0.618,0.471,0.776,0.556,0.683,rt,
nizi,2026-08-26,0.623,0.489,0.767,0.565,0.684,rt,
nizi,2026-08-27,0.627,0.497,0.771,0.573,0.684,rt,
nizi,2026-08-28,0.63,0.501,0.771,0.577,0.684,rt,
nizi,2026-08-29,0.631,0.497,0.776,0.575,0.686,rt,
nizi,2026-08-30,0.628,0.489,0.785,0.572,0.695,rt,
nizi,2026-08-31,0.619,0.471,0.792,0.557,0.69,rt,
nizi,2026-09-01,0.632,0.492,0.79,0.572,0.696,rt,
nizi,2026-09-02,0.643,0.509,0.792,0.585,0.702,rt,
nizi,2026-09-03,0.654,0.518,0.802,0.597,0.712,rt,
nizi,2026-09-04,0.658,0.522,0.808,0.6,0.717,rt,
nizi,2026-09-05,0.661,0.519,0.82,0.601,0.724,rt,
nizi,2026-09-06,0.662,0.507,0.833,0.595,0.734,rt,
nizi,2026-09-07,0.655,0.484,0.848,0.577,0.733,rt,
nizi,2026-09-08,0.648,0.485,0.832,0.575,0.723,rt,
nizi,2026-09-09,0.638,0.485,0.83,0.575,0.712,rt,
nizi,2026-09-10,0.631,0.478,0.821,0.567,0.704,rt,
nizi,2026-09-11,0.623,0.468,0.82,0.554,0.7,rt,
nizi,2026-09-12,0.615,0.448,0.828,0.538,0.695,rt,
nizi,2026-09-13,0.603,0.424,0.832,0.523,0.692,rt,
nizi,2026-09-14,0.594,0.399,0.846,0.507,0.694,rt,
nizi,2026-09-15,0.599,0.406,0.839,0.513,0.696,rt,
nizi,2026-09-16,0.608,0.414,0.85,0.517,0.702,rt,
nizi,2026-09-17,0.613,0.416,0.874,0.517,0.715,rt,
nizi,2026-09-18,0.617,0.41,0.905,0.52,0.724,rt,
nizi,2026-09-19,0.623,0.401,0.943,0.521,0.739,rt,
nizi,2026-09-20,0.627,0.387,0.986,0.516,0.76,rt,
nizi,2026-09-21,0.634,0.374,1.063,0.516,0.793,rt,
nizi,2026-09-22,0.639,0.374,1.063,0.513,0.794,rt,
nizi,2026-09-23,0.639,0.374,1.065,0.513,0.796,rt,
nizi,2026-09-24,0.638,0.365,1.078,0.507,0.802,rt,
nizi,2026-09-25,0.629,0.355,1.094,0.503,0.809,rt,
nizi,2026-09-26,0.626,0.342,1.109,0.487,0.813,rt,
nizi,2026-09-27,0.62,0.317,1.122,0.477,0.826,rt,
nizi,2026-09-28,0.616,0.298,1.15,0.46,0.827,rt,
nizi,2026-09-29,0.62,0.3,1.142,0.459,0.818,rt,
nizi,2026-09-30,0.612,0.283,1.154,0.449,0.816,rt,
nizi,2026-10-01,0.605,0.267,1.173,0.446,0.823,rt,
nizi,2026-10-02,0.602,0.244,1.216,0.431,0.832,rt,
nyankunde,2026-05-02,2.046,1.174,3.523,1.62,2.548,rt,
nyankunde,2026-05-03,2.048,1.16,3.536,1.61,2.545,rt,
nyankunde,2026-05-04,2.025,1.123,3.59,1.589,2.538,rt,
nyankunde,2026-05-05,2.036,1.149,3.518,1.614,2.52,rt,
nyankunde,2026-05-06,2.03,1.193,3.479,1.634,2.514,rt,
nyankunde,2026-05-07,2.032,1.226,3.46,1.643,2.515,rt,
nyankunde,2026-05-08,2.033,1.249,3.424,1.656,2.515,rt,
nyankunde,2026-05-09,2.031,1.257,3.398,1.665,2.519,rt,
nyankunde,2026-05-10,2.025,1.266,3.435,1.66,2.507,rt,
nyankunde,2026-05-11,1.961,1.196,3.445,1.604,2.419,rt,
nyankunde,2026-05-12,1.917,1.22,3.257,1.584,2.331,rt,
nyankunde,2026-05-13,1.88,1.216,3.131,1.561,2.275,rt,
nyankunde,2026-05-14,1.849,1.205,2.967,1.536,2.207,rt,
nyankunde,2026-05-15,1.784,1.181,2.872,1.5,2.129,rt,
nyankunde,2026-05-16,1.748,1.15,2.787,1.475,2.067,rt,
nyankunde,2026-05-17,1.695,1.115,2.734,1.425,2.02,rt,
nyankunde,2026-05-18,1.655,1.057,2.698,1.381,1.983,rt,
nyankunde,2026-05-19,1.626,1.078,2.581,1.365,1.924,rt,
nyankunde,2026-05-20,1.593,1.079,2.47,1.355,1.873,rt,
nyankunde,2026-05-21,1.563,1.077,2.375,1.332,1.827,rt,
nyankunde,2026-05-22,1.527,1.049,2.289,1.311,1.775,rt,
nyankunde,2026-05-23,1.492,1.014,2.265,1.281,1.746,rt,
nyankunde,2026-05-24,1.463,0.962,2.233,1.24,1.728,rt,
nyankunde,2026-05-25,1.414,0.892,2.222,1.191,1.697,rt,
nyankunde,2026-05-26,1.403,0.924,2.096,1.196,1.658,rt,
nyankunde,2026-05-27,1.394,0.949,2.016,1.197,1.626,rt,
nyankunde,2026-05-28,1.389,0.961,1.965,1.2,1.611,rt,
nyankunde,2026-05-29,1.376,0.966,1.936,1.198,1.59,rt,
nyankunde,2026-05-30,1.362,0.969,1.928,1.193,1.577,rt,
nyankunde,2026-05-31,1.353,0.955,1.959,1.185,1.574,rt,
nyankunde,2026-06-01,1.351,0.937,2.032,1.178,1.59,rt,
nyankunde,2026-06-02,1.35,0.963,1.917,1.189,1.552,rt,
nyankunde,2026-06-03,1.336,0.991,1.849,1.195,1.519,rt,
nyankunde,2026-06-04,1.323,0.991,1.79,1.182,1.487,rt,
nyankunde,2026-06-05,1.299,0.98,1.749,1.16,1.454,rt,
nyankunde,2026-06-06,1.265,0.952,1.723,1.127,1.428,rt,
nyankunde,2026-06-07,1.224,0.914,1.702,1.08,1.406,rt,
nyankunde,2026-06-08,1.189,0.86,1.698,1.032,1.381,rt,
nyankunde,2026-06-09,1.137,0.845,1.575,0.995,1.297,rt,
nyankunde,2026-06-10,1.091,0.821,1.47,0.957,1.232,rt,
nyankunde,2026-06-11,1.039,0.787,1.379,0.921,1.164,rt,
nyankunde,2026-06-12,0.991,0.744,1.31,0.878,1.117,rt,
nyankunde,2026-06-13,0.948,0.69,1.251,0.833,1.072,rt,
nyankunde,2026-06-14,0.898,0.633,1.213,0.782,1.031,rt,
nyankunde,2026-06-15,0.855,0.584,1.185,0.733,0.995,rt,
nyankunde,2026-06-16,0.819,0.573,1.113,0.711,0.945,rt,
nyankunde,2026-06-17,0.788,0.558,1.053,0.684,0.894,rt,
nyankunde,2026-06-18,0.757,0.534,1.007,0.659,0.854,rt,
nyankunde,2026-06-19,0.723,0.509,0.961,0.633,0.821,rt,
nyankunde,2026-06-20,0.691,0.481,0.929,0.603,0.793,rt,
nyankunde,2026-06-21,0.662,0.449,0.903,0.574,0.763,rt,
nyankunde,2026-06-22,0.642,0.419,0.906,0.55,0.75,rt,
nyankunde,2026-06-23,0.64,0.424,0.884,0.551,0.738,rt,
nyankunde,2026-06-24,0.633,0.434,0.867,0.554,0.727,rt,
nyankunde,2026-06-25,0.629,0.436,0.859,0.552,0.715,rt,
nyankunde,2026-06-26,0.626,0.436,0.848,0.545,0.71,rt,
nyankunde,2026-06-27,0.619,0.427,0.85,0.539,0.713,rt,
nyankunde,2026-06-28,0.613,0.415,0.855,0.526,0.715,rt,
nyankunde,2026-06-29,0.598,0.391,0.856,0.506,0.703,rt,
nyankunde,2026-06-30,0.599,0.406,0.837,0.516,0.694,rt,
nyankunde,2026-07-01,0.603,0.417,0.818,0.524,0.688,rt,
nyankunde,2026-07-02,0.606,0.429,0.82,0.529,0.688,rt,
nyankunde,2026-07-03,0.609,0.43,0.823,0.532,0.694,rt,
nyankunde,2026-07-04,0.613,0.43,0.834,0.533,0.703,rt,
nyankunde,2026-07-05,0.619,0.425,0.862,0.53,0.715,rt,
nyankunde,2026-07-06,0.625,0.414,0.907,0.532,0.733,rt,
nyankunde,2026-07-07,0.644,0.443,0.905,0.554,0.742,rt,
nyankunde,2026-07-08,0.663,0.468,0.904,0.577,0.758,rt,
nyankunde,2026-07-09,0.678,0.482,0.919,0.594,0.776,rt,
nyankunde,2026-07-10,0.698,0.496,0.944,0.614,0.796,rt,
nyankunde,2026-07-11,0.718,0.503,0.98,0.627,0.819,rt,
nyankunde,2026-07-12,0.737,0.506,1.04,0.639,0.846,rt,
nyankunde,2026-07-13,0.746,0.495,1.089,0.641,0.873,rt,
nyankunde,2026-07-14,0.75,0.519,1.07,0.652,0.87,rt,
nyankunde,2026-07-15,0.754,0.538,1.042,0.661,0.865,rt,
nyankunde,2026-07-16,0.756,0.545,1.04,0.665,0.864,rt,
nyankunde,2026-07-17,0.762,0.554,1.039,0.665,0.864,rt,
nyankunde,2026-07-18,0.766,0.552,1.068,0.666,0.873,rt,
nyankunde,2026-07-19,0.768,0.544,1.092,0.664,0.887,rt,
nyankunde,2026-07-20,0.77,0.53,1.128,0.657,0.905,rt,
nyankunde,2026-07-21,0.769,0.541,1.085,0.664,0.89,rt,
nyankunde,2026-07-22,0.767,0.55,1.061,0.666,0.882,rt,
nyankunde,2026-07-23,0.764,0.554,1.06,0.667,0.872,rt,
nyankunde,2026-07-24,0.761,0.547,1.065,0.667,0.866,rt,
nyankunde,2026-07-25,0.761,0.54,1.07,0.659,0.864,rt,
nyankunde,2026-07-26,0.755,0.521,1.081,0.647,0.864,rt,
nyankunde,2026-07-27,0.749,0.505,1.101,0.637,0.874,rt,
nyankunde,2026-07-28,0.754,0.517,1.066,0.647,0.864,rt,
nyankunde,2026-07-29,0.757,0.524,1.045,0.654,0.861,rt,
nyankunde,2026-07-30,0.758,0.528,1.03,0.658,0.861,rt,
nyankunde,2026-07-31,0.75,0.527,1.033,0.652,0.853,rt,
nyankunde,2026-08-01,0.741,0.511,1.041,0.64,0.847,rt,
nyankunde,2026-08-02,0.733,0.495,1.056,0.628,0.846,rt,
nyankunde,2026-08-03,0.72,0.475,1.073,0.609,0.839,rt,
nyankunde,2026-08-04,0.727,0.491,1.044,0.622,0.835,rt,
nyankunde,2026-08-05,0.727,0.503,1.017,0.628,0.827,rt,
nyankunde,2026-08-06,0.731,0.508,1.005,0.635,0.826,rt,
nyankunde,2026-08-07,0.73,0.515,1.0,0.636,0.821,rt,
nyankunde,2026-08-08,0.727,0.512,1.004,0.632,0.821,rt,
nyankunde,2026-08-09,0.725,0.5,1.024,0.626,0.822,rt,
nyankunde,2026-08-10,0.713,0.479,1.041,0.612,0.823,rt,
nyankunde,2026-08-11,0.71,0.495,1.009,0.619,0.818,rt,
nyankunde,2026-08-12,0.712,0.503,0.988,0.622,0.818,rt,
nyankunde,2026-08-13,0.715,0.515,0.987,0.625,0.815,rt,
nyankunde,2026-08-14,0.72,0.516,0.996,0.627,0.814,rt,
nyankunde,2026-08-15,0.719,0.519,1.015,0.628,0.824,rt,
nyankunde,2026-08-16,0.718,0.511,1.039,0.625,0.83,rt,
nyankunde,2026-08-17,0.727,0.5,1.068,0.624,0.845,rt,
nyankunde,2026-08-18,0.733,0.517,1.059,0.638,0.847,rt,
nyankunde,2026-08-19,0.747,0.525,1.043,0.647,0.854,rt,
nyankunde,2026-08-20,0.754,0.531,1.033,0.655,0.857,rt,
nyankunde,2026-08-21,0.761,0.534,1.044,0.661,0.876,rt,
nyankunde,2026-08-22,0.766,0.536,1.073,0.665,0.888,rt,
nyankunde,2026-08-23,0.773,0.527,1.113,0.667,0.907,rt,
nyankunde,2026-08-24,0.784,0.521,1.158,0.67,0.928,rt,
nyankunde,2026-08-25,0.804,0.547,1.171,0.697,0.946,rt,
nyankunde,2026-08-26,0.824,0.566,1.183,0.718,0.958,rt,
nyankunde,2026-08-27,0.842,0.583,1.196,0.738,0.973,rt,
nyankunde,2026-08-28,0.86,0.588,1.224,0.752,0.995,rt,
nyankunde,2026-08-29,0.877,0.597,1.253,0.762,1.018,rt,
nyankunde,2026-08-30,0.891,0.597,1.301,0.763,1.042,rt,
nyankunde,2026-08-31,0.891,0.582,1.332,0.758,1.054,rt,
nyankunde,2026-09-01,0.911,0.613,1.338,0.783,1.072,rt,
nyankunde,2026-09-02,0.938,0.637,1.355,0.805,1.087,rt,
nyankunde,2026-09-03,0.953,0.656,1.39,0.823,1.104,rt,
nyankunde,2026-09-04,0.968,0.665,1.395,0.832,1.12,rt,
nyankunde,2026-09-05,0.975,0.657,1.413,0.838,1.144,rt,
nyankunde,2026-09-06,0.985,0.648,1.464,0.834,1.163,rt,
nyankunde,2026-09-07,0.978,0.623,1.515,0.814,1.169,rt,
nyankunde,2026-09-08,0.969,0.63,1.496,0.816,1.161,rt,
nyankunde,2026-09-09,0.963,0.622,1.48,0.817,1.151,rt,
nyankunde,2026-09-10,0.959,0.61,1.472,0.812,1.138,rt,
nyankunde,2026-09-11,0.952,0.599,1.479,0.803,1.13,rt,
nyankunde,2026-09-12,0.947,0.579,1.5,0.781,1.125,rt,
nyankunde,2026-09-13,0.932,0.559,1.524,0.758,1.124,rt,
nyankunde,2026-09-14,0.918,0.534,1.57,0.737,1.119,rt,
nyankunde,2026-09-15,0.919,0.535,1.559,0.733,1.116,rt,
nyankunde,2026-09-16,0.916,0.542,1.538,0.733,1.118,rt,
nyankunde,2026-09-17,0.914,0.535,1.531,0.727,1.114,rt,
nyankunde,2026-09-18,0.91,0.529,1.517,0.725,1.123,rt,
nyankunde,2026-09-19,0.905,0.519,1.552,0.714,1.132,rt,
nyankunde,2026-09-20,0.898,0.498,1.621,0.698,1.142,rt,
nyankunde,2026-09-21,0.894,0.485,1.696,0.692,1.169,rt,
nyankunde,2026-09-22,0.898,0.486,1.684,0.694,1.161,rt,
nyankunde,2026-09-23,0.888,0.475,1.663,0.684,1.14,rt,
nyankunde,2026-09-24,0.882,0.465,1.653,0.685,1.142,rt,
nyankunde,2026-09-25,0.874,0.453,1.63,0.674,1.123,rt,
nyankunde,2026-09-26,0.861,0.441,1.654,0.663,1.115,rt,
nyankunde,2026-09-27,0.849,0.421,1.672,0.646,1.116,rt,
nyankunde,2026-09-28,0.828,0.402,1.676,0.627,1.101,rt,
nyankunde,2026-09-29,0.823,0.404,1.6,0.623,1.078,rt,
nyankunde,2026-09-30,0.809,0.397,1.595,0.614,1.083,rt,
nyankunde,2026-10-01,0.792,0.379,1.598,0.585,1.062,rt,
nyankunde,2026-10-02,0.782,0.356,1.629,0.568,1.061,rt,
rimba,2026-07-27,1.076,0.958,1.203,1.028,1.127,rt,
rimba,2026-07-28,1.077,0.962,1.201,1.03,1.124,rt,
rimba,2026-07-29,1.075,0.964,1.193,1.03,1.121,rt,
rimba,2026-07-30,1.072,0.962,1.189,1.025,1.12,rt,
rimba,2026-07-31,1.062,0.953,1.173,1.015,1.105,rt,
rimba,2026-08-01,1.052,0.942,1.165,1.004,1.094,rt,
rimba,2026-08-02,1.038,0.922,1.152,0.988,1.085,rt,
rimba,2026-08-03,1.02,0.898,1.144,0.968,1.071,rt,
rimba,2026-08-04,1.012,0.897,1.132,0.963,1.061,rt,
rimba,2026-08-05,1.006,0.895,1.121,0.957,1.054,rt,
rimba,2026-08-06,0.999,0.888,1.118,0.949,1.046,rt,
rimba,2026-08-07,0.985,0.878,1.095,0.939,1.03,rt,
rimba,2026-08-08,0.973,0.867,1.079,0.929,1.016,rt,
rimba,2026-08-09,0.961,0.851,1.068,0.916,1.004,rt,
rimba,2026-08-10,0.94,0.828,1.05,0.894,0.984,rt,
rimba,2026-08-11,0.931,0.826,1.034,0.887,0.972,rt,
rimba,2026-08-12,0.921,0.822,1.022,0.879,0.961,rt,
rimba,2026-08-13,0.912,0.813,1.013,0.871,0.95,rt,
rimba,2026-08-14,0.905,0.81,1.0,0.868,0.942,rt,
rimba,2026-08-15,0.896,0.805,0.992,0.861,0.935,rt,
rimba,2026-08-16,0.889,0.794,0.986,0.851,0.928,rt,
rimba,2026-08-17,0.888,0.786,0.989,0.848,0.931,rt,
rimba,2026-08-18,0.891,0.79,0.988,0.851,0.933,rt,
rimba,2026-08-19,0.892,0.795,0.992,0.856,0.934,rt,
rimba,2026-08-20,0.894,0.795,0.996,0.857,0.937,rt,
rimba,2026-08-21,0.901,0.804,0.996,0.861,0.939,rt,
rimba,2026-08-22,0.903,0.81,1.0,0.865,0.941,rt,
rimba,2026-08-23,0.905,0.807,1.002,0.865,0.946,rt,
rimba,2026-08-24,0.916,0.812,1.019,0.873,0.96,rt,
rimba,2026-08-25,0.933,0.831,1.034,0.889,0.976,rt,
rimba,2026-08-26,0.949,0.846,1.052,0.905,0.992,rt,
rimba,2026-08-27,0.961,0.856,1.072,0.917,1.007,rt,
rimba,2026-08-28,0.974,0.871,1.085,0.932,1.018,rt,
rimba,2026-08-29,0.984,0.886,1.095,0.944,1.029,rt,
rimba,2026-08-30,0.994,0.892,1.106,0.953,1.037,rt,
rimba,2026-08-31,0.992,0.881,1.11,0.948,1.034,rt,
rimba,2026-09-01,0.998,0.888,1.107,0.952,1.039,rt,
rimba,2026-09-02,1.001,0.891,1.109,0.957,1.044,rt,
rimba,2026-09-03,1.002,0.889,1.117,0.958,1.049,rt,
rimba,2026-09-04,0.997,0.889,1.112,0.954,1.04,rt,
rimba,2026-09-05,0.99,0.882,1.104,0.945,1.032,rt,
rimba,2026-09-06,0.981,0.87,1.092,0.935,1.027,rt,
rimba,2026-09-07,0.959,0.84,1.074,0.908,1.004,rt,
rimba,2026-09-08,0.942,0.823,1.054,0.89,0.984,rt,
rimba,2026-09-09,0.922,0.802,1.039,0.871,0.966,rt,
rimba,2026-09-10,0.902,0.778,1.022,0.849,0.947,rt,
rimba,2026-09-11,0.883,0.763,1.0,0.831,0.928,rt,
rimba,2026-09-12,0.861,0.737,0.981,0.81,0.91,rt,
rimba,2026-09-13,0.839,0.708,0.966,0.785,0.891,rt,
rimba,2026-09-14,0.818,0.674,0.954,0.763,0.876,rt,
rimba,2026-09-15,0.811,0.666,0.952,0.753,0.869,rt,
rimba,2026-09-16,0.804,0.658,0.953,0.744,0.867,rt,
rimba,2026-09-17,0.798,0.648,0.956,0.737,0.863,rt,
rimba,2026-09-18,0.795,0.64,0.954,0.731,0.859,rt,
rimba,2026-09-19,0.79,0.628,0.96,0.72,0.855,rt,
rimba,2026-09-20,0.783,0.615,0.963,0.713,0.855,rt,
rimba,2026-09-21,0.784,0.607,0.977,0.708,0.861,rt,
rimba,2026-09-22,0.782,0.602,0.983,0.708,0.867,rt,
rimba,2026-09-23,0.782,0.596,0.992,0.704,0.87,rt,
rimba,2026-09-24,0.781,0.587,1.003,0.7,0.874,rt,
rimba,2026-09-25,0.779,0.573,1.003,0.696,0.874,rt,
rimba,2026-09-26,0.772,0.563,1.007,0.688,0.874,rt,
rimba,2026-09-27,0.768,0.545,1.011,0.678,0.873,rt,
rimba,2026-09-28,0.76,0.521,1.011,0.67,0.868,rt,
rimba,2026-09-29,0.762,0.512,1.019,0.665,0.87,rt,
rimba,2026-09-30,0.759,0.505,1.028,0.658,0.874,rt,
rimba,2026-10-01,0.759,0.504,1.019,0.656,0.869,rt,
rimba,2026-10-02,0.755,0.501,1.018,0.651,0.863,rt,
rwampara,2026-04-20,2.471,1.625,5.265,2.052,3.193,rt,
rwampara,2026-04-21,2.433,1.647,5.003,2.062,3.11,rt,
rwampara,2026-04-22,2.394,1.661,4.708,2.049,3.048,rt,
rwampara,2026-04-23,2.375,1.66,4.494,2.034,2.97,rt,
rwampara,2026-04-24,2.352,1.676,4.332,2.026,2.908,rt,
rwampara,2026-04-25,2.335,1.671,4.217,2.013,2.871,rt,
rwampara,2026-04-26,2.322,1.656,4.154,2.008,2.833,rt,
rwampara,2026-04-27,2.313,1.625,4.005,1.992,2.796,rt,
rwampara,2026-04-28,2.3,1.63,3.886,1.989,2.757,rt,
rwampara,2026-04-29,2.285,1.639,3.78,1.977,2.715,rt,
rwampara,2026-04-30,2.272,1.639,3.664,1.96,2.689,rt,
rwampara,2026-05-01,2.259,1.634,3.618,1.961,2.666,rt,
rwampara,2026-05-02,2.257,1.617,3.561,1.961,2.655,rt,
rwampara,2026-05-03,2.254,1.599,3.528,1.947,2.656,rt,
rwampara,2026-05-04,2.245,1.582,3.557,1.928,2.653,rt,
rwampara,2026-05-05,2.234,1.591,3.488,1.934,2.616,rt,
rwampara,2026-05-06,2.229,1.613,3.378,1.929,2.597,rt,
rwampara,2026-05-07,2.225,1.606,3.333,1.925,2.572,rt,
rwampara,2026-05-08,2.209,1.624,3.265,1.932,2.544,rt,
rwampara,2026-05-09,2.193,1.632,3.229,1.925,2.529,rt,
rwampara,2026-05-10,2.184,1.614,3.154,1.923,2.52,rt,
rwampara,2026-05-11,2.097,1.53,3.044,1.847,2.432,rt,
rwampara,2026-05-12,2.035,1.51,2.86,1.79,2.319,rt,
rwampara,2026-05-13,1.971,1.487,2.7,1.744,2.237,rt,
rwampara,2026-05-14,1.911,1.453,2.566,1.696,2.144,rt,
rwampara,2026-05-15,1.833,1.405,2.446,1.643,2.061,rt,
rwampara,2026-05-16,1.762,1.349,2.333,1.585,1.974,rt,
rwampara,2026-05-17,1.698,1.282,2.235,1.519,1.903,rt,
rwampara,2026-05-18,1.637,1.213,2.173,1.448,1.845,rt,
rwampara,2026-05-19,1.579,1.192,2.059,1.406,1.762,rt,
rwampara,2026-05-20,1.518,1.166,1.96,1.365,1.69,rt,
rwampara,2026-05-21,1.463,1.133,1.872,1.32,1.622,rt,
rwampara,2026-05-22,1.403,1.091,1.782,1.273,1.55,rt,
rwampara,2026-05-23,1.345,1.032,1.717,1.216,1.494,rt,
rwampara,2026-05-24,1.285,0.969,1.664,1.157,1.445,rt,
rwampara,2026-05-25,1.224,0.88,1.625,1.089,1.392,rt,
rwampara,2026-05-26,1.214,0.904,1.573,1.092,1.36,rt,
rwampara,2026-05-27,1.21,0.924,1.526,1.089,1.337,rt,
rwampara,2026-05-28,1.203,0.938,1.503,1.089,1.318,rt,
rwampara,2026-05-29,1.195,0.938,1.49,1.093,1.31,rt,
rwampara,2026-05-30,1.192,0.928,1.482,1.089,1.309,rt,
rwampara,2026-05-31,1.189,0.903,1.499,1.077,1.307,rt,
rwampara,2026-06-01,1.195,0.881,1.523,1.064,1.324,rt,
rwampara,2026-06-02,1.234,0.956,1.533,1.121,1.353,rt,
rwampara,2026-06-03,1.274,1.028,1.546,1.17,1.383,rt,
rwampara,2026-06-04,1.307,1.084,1.559,1.211,1.409,rt,
rwampara,2026-06-05,1.335,1.122,1.592,1.245,1.442,rt,
rwampara,2026-06-06,1.358,1.147,1.631,1.266,1.466,rt,
rwampara,2026-06-07,1.377,1.149,1.682,1.281,1.492,rt,
rwampara,2026-06-08,1.39,1.14,1.731,1.287,1.52,rt,
rwampara,2026-06-09,1.381,1.161,1.668,1.286,1.493,rt,
rwampara,2026-06-10,1.368,1.16,1.617,1.281,1.465,rt,
rwampara,2026-06-11,1.35,1.155,1.597,1.267,1.443,rt,
rwampara,2026-06-12,1.335,1.152,1.57,1.254,1.427,rt,
rwampara,2026-06-13,1.316,1.131,1.568,1.238,1.415,rt,
rwampara,2026-06-14,1.297,1.085,1.573,1.215,1.399,rt,
rwampara,2026-06-15,1.278,1.047,1.588,1.186,1.394,rt,
rwampara,2026-06-16,1.248,1.041,1.505,1.16,1.342,rt,
rwampara,2026-06-17,1.212,1.029,1.434,1.135,1.297,rt,
rwampara,2026-06-18,1.175,1.004,1.38,1.104,1.259,rt,
rwampara,2026-06-19,1.145,0.977,1.339,1.073,1.222,rt,
rwampara,2026-06-20,1.117,0.932,1.313,1.038,1.191,rt,
rwampara,2026-06-21,1.086,0.882,1.3,1.002,1.167,rt,
rwampara,2026-06-22,1.069,0.844,1.31,0.974,1.159,rt,
rwampara,2026-06-23,1.078,0.873,1.289,0.995,1.157,rt,
rwampara,2026-06-24,1.085,0.901,1.274,1.012,1.156,rt,
rwampara,2026-06-25,1.098,0.923,1.267,1.028,1.161,rt,
rwampara,2026-06-26,1.102,0.934,1.267,1.037,1.166,rt,
rwampara,2026-06-27,1.109,0.938,1.28,1.037,1.173,rt,
rwampara,2026-06-28,1.112,0.929,1.302,1.036,1.191,rt,
rwampara,2026-06-29,1.098,0.893,1.314,1.009,1.179,rt,
rwampara,2026-06-30,1.097,0.913,1.294,1.02,1.171,rt,
rwampara,2026-07-01,1.099,0.932,1.286,1.033,1.166,rt,
rwampara,2026-07-02,1.102,0.944,1.281,1.04,1.167,rt,
rwampara,2026-07-03,1.108,0.957,1.287,1.045,1.177,rt,
rwampara,2026-07-04,1.112,0.95,1.303,1.048,1.191,rt,
rwampara,2026-07-05,1.118,0.938,1.33,1.045,1.205,rt,
rwampara,2026-07-06,1.13,0.93,1.379,1.048,1.234,rt,
rwampara,2026-07-07,1.135,0.957,1.355,1.059,1.228,rt,
rwampara,2026-07-08,1.145,0.972,1.338,1.066,1.225,rt,
rwampara,2026-07-09,1.149,0.983,1.336,1.073,1.227,rt,
rwampara,2026-07-10,1.152,0.991,1.335,1.077,1.228,rt,
rwampara,2026-07-11,1.153,0.989,1.356,1.077,1.235,rt,
rwampara,2026-07-12,1.154,0.971,1.379,1.069,1.239,rt,
rwampara,2026-07-13,1.145,0.942,1.398,1.054,1.24,rt,
rwampara,2026-07-14,1.122,0.938,1.34,1.04,1.209,rt,
rwampara,2026-07-15,1.1,0.933,1.295,1.022,1.176,rt,
rwampara,2026-07-16,1.075,0.918,1.262,1.005,1.146,rt,
rwampara,2026-07-17,1.055,0.904,1.239,0.988,1.123,rt,
rwampara,2026-07-18,1.034,0.876,1.231,0.965,1.103,rt,
rwampara,2026-07-19,1.011,0.839,1.23,0.938,1.086,rt,
rwampara,2026-07-20,0.99,0.799,1.237,0.91,1.079,rt,
rwampara,2026-07-21,0.97,0.802,1.179,0.896,1.044,rt,
rwampara,2026-07-22,0.951,0.795,1.138,0.881,1.017,rt,
rwampara,2026-07-23,0.927,0.778,1.099,0.863,0.993,rt,
rwampara,2026-07-24,0.907,0.759,1.066,0.844,0.972,rt,
rwampara,2026-07-25,0.888,0.733,1.048,0.822,0.954,rt,
rwampara,2026-07-26,0.865,0.707,1.034,0.792,0.937,rt,
rwampara,2026-07-27,0.846,0.672,1.043,0.768,0.925,rt,
rwampara,2026-07-28,0.836,0.682,1.009,0.767,0.907,rt,
rwampara,2026-07-29,0.826,0.687,0.98,0.764,0.89,rt,
rwampara,2026-07-30,0.813,0.684,0.964,0.755,0.873,rt,
rwampara,2026-07-31,0.797,0.67,0.943,0.742,0.855,rt,
rwampara,2026-08-01,0.778,0.647,0.927,0.722,0.842,rt,
rwampara,2026-08-02,0.76,0.613,0.923,0.7,0.826,rt,
rwampara,2026-08-03,0.74,0.573,0.926,0.671,0.808,rt,
rwampara,2026-08-04,0.732,0.581,0.899,0.672,0.793,rt,
rwampara,2026-08-05,0.725,0.588,0.879,0.668,0.786,rt,
rwampara,2026-08-06,0.721,0.587,0.863,0.66,0.777,rt,
rwampara,2026-08-07,0.708,0.579,0.848,0.649,0.765,rt,
rwampara,2026-08-08,0.696,0.564,0.84,0.638,0.755,rt,
rwampara,2026-08-09,0.683,0.546,0.841,0.626,0.747,rt,
rwampara,2026-08-10,0.667,0.517,0.842,0.604,0.735,rt,
rwampara,2026-08-11,0.665,0.523,0.822,0.605,0.723,rt,
rwampara,2026-08-12,0.661,0.53,0.804,0.608,0.716,rt,
rwampara,2026-08-13,0.658,0.533,0.792,0.607,0.712,rt,
rwampara,2026-08-14,0.659,0.534,0.785,0.607,0.709,rt,
rwampara,2026-08-15,0.659,0.527,0.792,0.604,0.712,rt,
rwampara,2026-08-16,0.657,0.512,0.802,0.596,0.714,rt,
rwampara,2026-08-17,0.661,0.501,0.827,0.594,0.723,rt,
rwampara,2026-08-18,0.674,0.52,0.827,0.61,0.731,rt,
rwampara,2026-08-19,0.685,0.536,0.832,0.623,0.74,rt,
rwampara,2026-08-20,0.696,0.549,0.846,0.636,0.753,rt,
rwampara,2026-08-21,0.708,0.567,0.866,0.646,0.766,rt,
rwampara,2026-08-22,0.719,0.576,0.892,0.656,0.783,rt,
rwampara,2026-08-23,0.729,0.576,0.922,0.664,0.801,rt,
rwampara,2026-08-24,0.747,0.575,0.962,0.673,0.831,rt,
rwampara,2026-08-25,0.773,0.611,0.974,0.703,0.852,rt,
rwampara,2026-08-26,0.801,0.641,0.988,0.731,0.872,rt,
rwampara,2026-08-27,0.824,0.664,1.01,0.757,0.895,rt,
rwampara,2026-08-28,0.851,0.688,1.031,0.784,0.921,rt,
rwampara,2026-08-29,0.873,0.703,1.061,0.804,0.951,rt,
rwampara,2026-08-30,0.893,0.716,1.1,0.818,0.976,rt,
rwampara,2026-08-31,0.904,0.704,1.141,0.817,0.992,rt,
rwampara,2026-09-01,0.926,0.745,1.147,0.848,1.009,rt,
rwampara,2026-09-02,0.946,0.778,1.157,0.873,1.024,rt,
rwampara,2026-09-03,0.969,0.808,1.175,0.899,1.044,rt,
rwampara,2026-09-04,0.981,0.819,1.198,0.912,1.061,rt,
rwampara,2026-09-05,0.995,0.815,1.228,0.919,1.079,rt,
rwampara,2026-09-06,1.003,0.808,1.271,0.915,1.105,rt,
rwampara,2026-09-07,0.998,0.77,1.309,0.896,1.111,rt,
rwampara,2026-09-08,0.995,0.783,1.272,0.903,1.102,rt,
rwampara,2026-09-09,0.991,0.787,1.246,0.9,1.09,rt,
rwampara,2026-09-10,0.985,0.787,1.224,0.894,1.085,rt,
rwampara,2026-09-11,0.98,0.773,1.23,0.888,1.076,rt,
rwampara,2026-09-12,0.968,0.742,1.238,0.877,1.065,rt,
rwampara,2026-09-13,0.954,0.708,1.259,0.856,1.061,rt,
rwampara,2026-09-14,0.942,0.675,1.299,0.833,1.064,rt,
rwampara,2026-09-15,0.946,0.676,1.303,0.844,1.073,rt,
rwampara,2026-09-16,0.957,0.679,1.317,0.85,1.081,rt,
rwampara,2026-09-17,0.969,0.676,1.336,0.847,1.096,rt,
rwampara,2026-09-18,0.983,0.664,1.38,0.849,1.113,rt,
rwampara,2026-09-19,0.994,0.649,1.41,0.845,1.147,rt,
rwampara,2026-09-20,1.002,0.629,1.476,0.839,1.173,rt,
rwampara,2026-09-21,1.019,0.611,1.554,0.836,1.206,rt,
rwampara,2026-09-22,1.015,0.595,1.542,0.827,1.206,rt,
rwampara,2026-09-23,1.012,0.576,1.538,0.818,1.199,rt,
rwampara,2026-09-24,1.001,0.553,1.537,0.801,1.196,rt,
rwampara,2026-09-25,0.983,0.524,1.542,0.782,1.191,rt,
rwampara,2026-09-26,0.972,0.501,1.554,0.761,1.184,rt,
rwampara,2026-09-27,0.955,0.469,1.582,0.739,1.182,rt,
rwampara,2026-09-28,0.939,0.43,1.603,0.718,1.174,rt,
rwampara,2026-09-29,0.921,0.422,1.587,0.702,1.169,rt,
rwampara,2026-09-30,0.904,0.404,1.586,0.678,1.16,rt,
rwampara,2026-10-01,0.89,0.371,1.588,0.65,1.148,rt,
rwampara,2026-10-02,0.868,0.337,1.618,0.618,1.15,rt,
tchomia,2026-06-10,2.052,1.441,2.932,1.786,2.332,rt,
tchomia,2026-06-11,1.999,1.406,2.805,1.75,2.272,rt,
tchomia,2026-06-12,1.95,1.387,2.757,1.708,2.223,rt,
tchomia,2026-06-13,1.908,1.357,2.729,1.651,2.175,rt,
tchomia,2026-06-14,1.847,1.298,2.707,1.597,2.149,rt,
tchomia,2026-06-15,1.791,1.225,2.655,1.528,2.118,rt,
tchomia,2026-06-16,1.716,1.206,2.471,1.486,1.999,rt,
tchomia,2026-06-17,1.649,1.188,2.304,1.44,1.887,rt,
tchomia,2026-06-18,1.586,1.138,2.173,1.394,1.8,rt,
tchomia,2026-06-19,1.522,1.099,2.063,1.342,1.712,rt,
tchomia,2026-06-20,1.46,1.048,1.979,1.286,1.644,rt,
tchomia,2026-06-21,1.399,1.0,1.928,1.226,1.586,rt,
tchomia,2026-06-22,1.355,0.936,1.934,1.181,1.553,rt,
tchomia,2026-06-23,1.345,0.962,1.846,1.176,1.521,rt,
tchomia,2026-06-24,1.332,0.968,1.793,1.176,1.492,rt,
tchomia,2026-06-25,1.319,0.97,1.773,1.171,1.477,rt,
tchomia,2026-06-26,1.303,0.954,1.747,1.157,1.461,rt,
tchomia,2026-06-27,1.289,0.934,1.735,1.131,1.445,rt,
tchomia,2026-06-28,1.271,0.9,1.725,1.106,1.44,rt,
tchomia,2026-06-29,1.226,0.848,1.704,1.06,1.404,rt,
tchomia,2026-06-30,1.196,0.852,1.616,1.04,1.354,rt,
tchomia,2026-07-01,1.168,0.853,1.557,1.026,1.309,rt,
tchomia,2026-07-02,1.136,0.849,1.521,1.009,1.272,rt,
tchomia,2026-07-03,1.112,0.828,1.486,0.996,1.246,rt,
tchomia,2026-07-04,1.09,0.805,1.454,0.969,1.223,rt,
tchomia,2026-07-05,1.066,0.768,1.433,0.943,1.209,rt,
tchomia,2026-07-06,1.053,0.733,1.454,0.918,1.204,rt,
tchomia,2026-07-07,1.04,0.748,1.393,0.918,1.178,rt,
tchomia,2026-07-08,1.03,0.749,1.368,0.914,1.157,rt,
tchomia,2026-07-09,1.024,0.751,1.342,0.901,1.147,rt,
tchomia,2026-07-10,1.012,0.742,1.341,0.891,1.135,rt,
tchomia,2026-07-11,0.996,0.727,1.331,0.874,1.126,rt,
tchomia,2026-07-12,0.984,0.698,1.348,0.855,1.114,rt,
tchomia,2026-07-13,0.959,0.661,1.366,0.825,1.106,rt,
tchomia,2026-07-14,0.954,0.679,1.327,0.833,1.092,rt,
tchomia,2026-07-15,0.953,0.689,1.288,0.833,1.079,rt,
tchomia,2026-07-16,0.951,0.684,1.265,0.832,1.07,rt,
tchomia,2026-07-17,0.948,0.683,1.254,0.834,1.066,rt,
tchomia,2026-07-18,0.946,0.672,1.266,0.833,1.067,rt,
tchomia,2026-07-19,0.937,0.652,1.279,0.824,1.073,rt,
tchomia,2026-07-20,0.933,0.631,1.302,0.81,1.076,rt,
tchomia,2026-07-21,0.936,0.648,1.266,0.82,1.062,rt,
tchomia,2026-07-22,0.932,0.664,1.238,0.825,1.049,rt,
tchomia,2026-07-23,0.93,0.677,1.225,0.829,1.044,rt,
tchomia,2026-07-24,0.931,0.681,1.227,0.827,1.04,rt,
tchomia,2026-07-25,0.931,0.68,1.238,0.822,1.044,rt,
tchomia,2026-07-26,0.923,0.663,1.265,0.813,1.044,rt,
tchomia,2026-07-27,0.92,0.646,1.292,0.804,1.054,rt,
tchomia,2026-07-28,0.931,0.677,1.255,0.821,1.056,rt,
tchomia,2026-07-29,0.944,0.696,1.241,0.839,1.052,rt,
tchomia,2026-07-30,0.952,0.706,1.243,0.85,1.057,rt,
tchomia,2026-07-31,0.955,0.702,1.252,0.849,1.057,rt,
tchomia,2026-08-01,0.957,0.695,1.263,0.847,1.06,rt,
tchomia,2026-08-02,0.952,0.68,1.291,0.832,1.072,rt,
tchomia,2026-08-03,0.939,0.654,1.322,0.815,1.077,rt,
tchomia,2026-08-04,0.937,0.669,1.293,0.82,1.064,rt,
tchomia,2026-08-05,0.935,0.675,1.262,0.827,1.055,rt,
tchomia,2026-08-06,0.931,0.682,1.243,0.825,1.05,rt,
tchomia,2026-08-07,0.92,0.679,1.235,0.813,1.032,rt,
tchomia,2026-08-08,0.911,0.662,1.238,0.799,1.03,rt,
tchomia,2026-08-09,0.898,0.636,1.247,0.787,1.032,rt,
tchomia,2026-08-10,0.879,0.614,1.262,0.767,1.026,rt,
tchomia,2026-08-11,0.871,0.624,1.223,0.768,1.004,rt,
tchomia,2026-08-12,0.862,0.628,1.187,0.766,0.986,rt,
tchomia,2026-08-13,0.854,0.625,1.169,0.758,0.978,rt,
tchomia,2026-08-14,0.851,0.62,1.158,0.754,0.966,rt,
tchomia,2026-08-15,0.844,0.608,1.167,0.743,0.959,rt,
tchomia,2026-08-16,0.835,0.585,1.191,0.724,0.961,rt,
tchomia,2026-08-17,0.831,0.566,1.221,0.713,0.972,rt,
tchomia,2026-08-18,0.837,0.584,1.197,0.726,0.966,rt,
tchomia,2026-08-19,0.839,0.596,1.165,0.735,0.969,rt,
tchomia,2026-08-20,0.839,0.607,1.157,0.737,0.969,rt,
tchomia,2026-08-21,0.845,0.611,1.158,0.746,0.973,rt,
tchomia,2026-08-22,0.85,0.609,1.174,0.748,0.979,rt,
tchomia,2026-08-23,0.852,0.598,1.21,0.743,0.989,rt,
tchomia,2026-08-24,0.864,0.586,1.254,0.742,1.005,rt,
tchomia,2026-08-25,0.862,0.596,1.23,0.749,0.989,rt,
tchomia,2026-08-26,0.857,0.597,1.208,0.751,0.983,rt,
tchomia,2026-08-27,0.854,0.601,1.203,0.749,0.973,rt,
tchomia,2026-08-28,0.851,0.592,1.191,0.742,0.97,rt,
tchomia,2026-08-29,0.844,0.575,1.185,0.727,0.972,rt,
tchomia,2026-08-30,0.833,0.562,1.205,0.71,0.971,rt,
tchomia,2026-08-31,0.814,0.534,1.196,0.681,0.955,rt,
tchomia,2026-09-01,0.799,0.527,1.146,0.672,0.933,rt,
tchomia,2026-09-02,0.782,0.515,1.112,0.66,0.913,rt,
tchomia,2026-09-03,0.765,0.503,1.08,0.648,0.891,rt,
tchomia,2026-09-04,0.741,0.482,1.056,0.626,0.869,rt,
tchomia,2026-09-05,0.715,0.46,1.043,0.601,0.846,rt,
tchomia,2026-09-06,0.689,0.436,1.026,0.574,0.826,rt,
tchomia,2026-09-07,0.655,0.399,1.001,0.534,0.799,rt,
tchomia,2026-09-08,0.636,0.397,0.973,0.522,0.771,rt,
tchomia,2026-09-09,0.618,0.387,0.935,0.513,0.744,rt,
tchomia,2026-09-10,0.6,0.377,0.916,0.5,0.72,rt,
tchomia,2026-09-11,0.583,0.364,0.894,0.485,0.701,rt,
tchomia,2026-09-12,0.566,0.348,0.874,0.468,0.685,rt,
tchomia,2026-09-13,0.542,0.327,0.862,0.447,0.663,rt,
tchomia,2026-09-14,0.521,0.307,0.861,0.428,0.652,rt,
tchomia,2026-09-15,0.525,0.313,0.845,0.433,0.652,rt,
tchomia,2026-09-16,0.529,0.314,0.854,0.432,0.651,rt,
tchomia,2026-09-17,0.533,0.313,0.875,0.434,0.654,rt,
tchomia,2026-09-18,0.535,0.309,0.893,0.433,0.662,rt,
tchomia,2026-09-19,0.543,0.306,0.903,0.433,0.668,rt,
tchomia,2026-09-20,0.547,0.295,0.934,0.432,0.677,rt,
tchomia,2026-09-21,0.556,0.288,0.965,0.432,0.693,rt,
tchomia,2026-09-22,0.559,0.296,0.961,0.435,0.695,rt,
tchomia,2026-09-23,0.555,0.296,0.954,0.44,0.703,rt,
tchomia,2026-09-24,0.559,0.296,0.989,0.438,0.704,rt,
tchomia,2026-09-25,0.559,0.292,1.012,0.433,0.714,rt,
tchomia,2026-09-26,0.557,0.286,1.044,0.426,0.719,rt,
tchomia,2026-09-27,0.555,0.274,1.065,0.421,0.725,rt,
tchomia,2026-09-28,0.555,0.267,1.099,0.412,0.722,rt,
tchomia,2026-09-29,0.558,0.274,1.089,0.42,0.731,rt,
tchomia,2026-09-30,0.56,0.267,1.093,0.421,0.732,rt,
tchomia,2026-10-01,0.565,0.265,1.114,0.418,0.732,rt,
tchomia,2026-10-02,0.564,0.255,1.168,0.41,0.745,rt,
alimbongo,2026-09-27,0.993,0.729,1.3,0.874,1.11,rt,
alimbongo,2026-09-28,0.986,0.713,1.317,0.861,1.111,rt,
alimbongo,2026-09-29,0.981,0.703,1.321,0.857,1.111,rt,
alimbongo,2026-09-30,0.975,0.691,1.339,0.854,1.119,rt,
alimbongo,2026-10-01,0.973,0.7,1.308,0.859,1.106,rt,
alimbongo,2026-10-02,0.974,0.71,1.279,0.862,1.096,rt,
beni,2026-05-27,2.149,1.576,3.099,1.885,2.483,rt,
beni,2026-05-28,2.088,1.532,2.972,1.833,2.406,rt,
beni,2026-05-29,2.026,1.507,2.859,1.785,2.324,rt,
beni,2026-05-30,1.967,1.462,2.769,1.736,2.242,rt,
beni,2026-05-31,1.909,1.396,2.701,1.68,2.167,rt,
beni,2026-06-01,1.86,1.34,2.655,1.623,2.115,rt,
beni,2026-06-02,1.806,1.323,2.571,1.596,2.051,rt,
beni,2026-06-03,1.76,1.308,2.465,1.558,1.998,rt,
beni,2026-06-04,1.719,1.283,2.393,1.518,1.94,rt,
beni,2026-06-05,1.648,1.253,2.267,1.469,1.861,rt,
beni,2026-06-06,1.591,1.211,2.205,1.419,1.793,rt,
beni,2026-06-07,1.537,1.16,2.111,1.369,1.739,rt,
beni,2026-06-08,1.495,1.108,2.053,1.319,1.7,rt,
beni,2026-06-09,1.456,1.091,1.959,1.288,1.642,rt,
beni,2026-06-10,1.418,1.074,1.882,1.261,1.586,rt,
beni,2026-06-11,1.378,1.045,1.82,1.234,1.536,rt,
beni,2026-06-12,1.348,1.026,1.767,1.211,1.493,rt,
beni,2026-06-13,1.314,1.001,1.725,1.182,1.454,rt,
beni,2026-06-14,1.285,0.967,1.714,1.156,1.429,rt,
beni,2026-06-15,1.266,0.926,1.71,1.121,1.421,rt,
beni,2026-06-16,1.244,0.93,1.642,1.111,1.386,rt,
beni,2026-06-17,1.224,0.925,1.591,1.102,1.358,rt,
beni,2026-06-18,1.2,0.92,1.549,1.084,1.327,rt,
beni,2026-06-19,1.185,0.923,1.512,1.072,1.306,rt,
beni,2026-06-20,1.166,0.908,1.484,1.056,1.288,rt,
beni,2026-06-21,1.151,0.876,1.474,1.032,1.281,rt,
beni,2026-06-22,1.156,0.858,1.508,1.026,1.295,rt,
beni,2026-06-23,1.167,0.877,1.496,1.043,1.293,rt,
beni,2026-06-24,1.178,0.901,1.487,1.06,1.296,rt,
beni,2026-06-25,1.183,0.916,1.497,1.073,1.302,rt,
beni,2026-06-26,1.185,0.923,1.495,1.075,1.302,rt,
beni,2026-06-27,1.187,0.918,1.499,1.078,1.31,rt,
beni,2026-06-28,1.191,0.911,1.513,1.073,1.322,rt,
beni,2026-06-29,1.178,0.886,1.521,1.05,1.322,rt,
beni,2026-06-30,1.181,0.915,1.499,1.064,1.317,rt,
beni,2026-07-01,1.188,0.941,1.489,1.08,1.313,rt,
beni,2026-07-02,1.199,0.95,1.481,1.092,1.319,rt,
beni,2026-07-03,1.21,0.958,1.488,1.105,1.326,rt,
beni,2026-07-04,1.227,0.966,1.513,1.111,1.336,rt,
beni,2026-07-05,1.234,0.96,1.538,1.114,1.355,rt,
beni,2026-07-06,1.252,0.962,1.613,1.127,1.386,rt,
beni,2026-07-07,1.269,0.996,1.6,1.149,1.396,rt,
beni,2026-07-08,1.286,1.031,1.596,1.172,1.41,rt,
beni,2026-07-09,1.302,1.049,1.61,1.189,1.424,rt,
beni,2026-07-10,1.322,1.069,1.631,1.21,1.442,rt,
beni,2026-07-11,1.337,1.079,1.672,1.225,1.469,rt,
beni,2026-07-12,1.356,1.078,1.732,1.23,1.497,rt,
beni,2026-07-13,1.373,1.055,1.808,1.229,1.527,rt,
beni,2026-07-14,1.375,1.081,1.758,1.246,1.514,rt,
beni,2026-07-15,1.372,1.095,1.724,1.253,1.502,rt,
beni,2026-07-16,1.373,1.102,1.702,1.253,1.499,rt,
beni,2026-07-17,1.376,1.107,1.703,1.258,1.488,rt,
beni,2026-07-18,1.367,1.099,1.71,1.253,1.49,rt,
beni,2026-07-19,1.365,1.08,1.729,1.246,1.498,rt,
beni,2026-07-20,1.366,1.054,1.774,1.24,1.509,rt,
beni,2026-07-21,1.359,1.075,1.715,1.243,1.488,rt,
beni,2026-07-22,1.354,1.089,1.678,1.244,1.468,rt,
beni,2026-07-23,1.35,1.109,1.644,1.242,1.452,rt,
beni,2026-07-24,1.343,1.109,1.622,1.243,1.446,rt,
beni,2026-07-25,1.335,1.099,1.614,1.232,1.444,rt,
beni,2026-07-26,1.331,1.079,1.629,1.216,1.444,rt,
beni,2026-07-27,1.33,1.062,1.66,1.211,1.458,rt,
beni,2026-07-28,1.334,1.085,1.651,1.229,1.458,rt,
beni,2026-07-29,1.344,1.106,1.638,1.245,1.453,rt,
beni,2026-07-30,1.349,1.114,1.646,1.254,1.458,rt,
beni,2026-07-31,1.358,1.127,1.644,1.265,1.46,rt,
beni,2026-08-01,1.364,1.128,1.658,1.266,1.468,rt,
beni,2026-08-02,1.37,1.116,1.686,1.259,1.485,rt,
beni,2026-08-03,1.374,1.096,1.72,1.247,1.505,rt,
beni,2026-08-04,1.38,1.117,1.688,1.272,1.498,rt,
beni,2026-08-05,1.386,1.143,1.679,1.287,1.496,rt,
beni,2026-08-06,1.394,1.16,1.684,1.294,1.496,rt,
beni,2026-08-07,1.402,1.178,1.684,1.308,1.506,rt,
beni,2026-08-08,1.41,1.183,1.692,1.316,1.517,rt,
beni,2026-08-09,1.42,1.171,1.717,1.317,1.529,rt,
beni,2026-08-10,1.425,1.15,1.754,1.307,1.546,rt,
beni,2026-08-11,1.429,1.185,1.727,1.324,1.544,rt,
beni,2026-08-12,1.437,1.205,1.717,1.34,1.544,rt,
beni,2026-08-13,1.443,1.218,1.711,1.351,1.547,rt,
beni,2026-08-14,1.456,1.234,1.712,1.359,1.554,rt,
beni,2026-08-15,1.46,1.235,1.729,1.36,1.565,rt,
beni,2026-08-16,1.464,1.216,1.758,1.357,1.578,rt,
beni,2026-08-17,1.479,1.2,1.804,1.362,1.603,rt,
beni,2026-08-18,1.509,1.246,1.803,1.397,1.616,rt,
beni,2026-08-19,1.536,1.294,1.812,1.428,1.639,rt,
beni,2026-08-20,1.559,1.32,1.834,1.457,1.663,rt,
beni,2026-08-21,1.57,1.328,1.834,1.474,1.67,rt,
beni,2026-08-22,1.583,1.333,1.844,1.482,1.682,rt,
beni,2026-08-23,1.593,1.335,1.869,1.486,1.701,rt,
beni,2026-08-24,1.593,1.316,1.893,1.478,1.709,rt,
beni,2026-08-25,1.598,1.352,1.87,1.498,1.713,rt,
beni,2026-08-26,1.607,1.378,1.873,1.508,1.716,rt,
beni,2026-08-27,1.613,1.392,1.884,1.514,1.722,rt,
beni,2026-08-28,1.611,1.411,1.88,1.524,1.719,rt,
beni,2026-08-29,1.613,1.409,1.876,1.528,1.719,rt,
beni,2026-08-30,1.616,1.405,1.895,1.526,1.724,rt,
beni,2026-08-31,1.586,1.357,1.887,1.486,1.693,rt,
beni,2026-09-01,1.535,1.329,1.813,1.439,1.632,rt,
beni,2026-09-02,1.485,1.292,1.749,1.398,1.584,rt,
beni,2026-09-03,1.44,1.248,1.707,1.355,1.543,rt,
beni,2026-09-04,1.398,1.213,1.644,1.322,1.489,rt,
beni,2026-09-05,1.354,1.172,1.593,1.286,1.448,rt,
beni,2026-09-06,1.314,1.133,1.558,1.245,1.408,rt,
beni,2026-09-07,1.286,1.094,1.535,1.21,1.38,rt,
beni,2026-09-08,1.242,1.06,1.464,1.166,1.325,rt,
beni,2026-09-09,1.199,1.023,1.416,1.126,1.274,rt,
beni,2026-09-10,1.155,0.981,1.37,1.085,1.227,rt,
beni,2026-09-11,1.125,0.952,1.322,1.055,1.194,rt,
beni,2026-09-12,1.094,0.919,1.276,1.02,1.162,rt,
beni,2026-09-13,1.062,0.886,1.249,0.986,1.132,rt,
beni,2026-09-14,1.048,0.859,1.247,0.969,1.124,rt,
beni,2026-09-15,1.04,0.849,1.238,0.957,1.113,rt,
beni,2026-09-16,1.032,0.835,1.235,0.945,1.103,rt,
beni,2026-09-17,1.017,0.817,1.225,0.932,1.094,rt,
beni,2026-09-18,1.004,0.804,1.216,0.919,1.09,rt,
beni,2026-09-19,0.989,0.783,1.215,0.901,1.082,rt,
beni,2026-09-20,0.977,0.755,1.228,0.885,1.078,rt,
beni,2026-09-21,0.968,0.737,1.234,0.868,1.077,rt,
beni,2026-09-22,0.97,0.733,1.244,0.867,1.079,rt,
beni,2026-09-23,0.972,0.727,1.25,0.864,1.081,rt,
beni,2026-09-24,0.972,0.715,1.267,0.86,1.088,rt,
beni,2026-09-25,0.971,0.704,1.27,0.855,1.086,rt,
beni,2026-09-26,0.97,0.692,1.281,0.846,1.091,rt,
beni,2026-09-27,0.963,0.673,1.3,0.834,1.098,rt,
beni,2026-09-28,0.954,0.652,1.316,0.82,1.096,rt,
beni,2026-09-29,0.949,0.642,1.311,0.817,1.092,rt,
beni,2026-09-30,0.943,0.629,1.325,0.809,1.092,rt,
beni,2026-10-01,0.937,0.633,1.298,0.806,1.083,rt,
beni,2026-10-02,0.932,0.624,1.282,0.806,1.08,rt,
biena,2026-08-19,1.509,1.346,1.713,1.437,1.585,rt,
biena,2026-08-20,1.512,1.345,1.732,1.437,1.593,rt,
biena,2026-08-21,1.498,1.345,1.708,1.43,1.583,rt,
biena,2026-08-22,1.49,1.341,1.691,1.424,1.571,rt,
biena,2026-08-23,1.479,1.336,1.681,1.413,1.557,rt,
biena,2026-08-24,1.461,1.314,1.668,1.393,1.537,rt,
biena,2026-08-25,1.436,1.286,1.64,1.369,1.515,rt,
biena,2026-08-26,1.413,1.26,1.61,1.342,1.488,rt,
biena,2026-08-27,1.388,1.232,1.588,1.316,1.466,rt,
biena,2026-08-28,1.361,1.214,1.545,1.294,1.432,rt,
biena,2026-08-29,1.336,1.191,1.513,1.272,1.402,rt,
biena,2026-08-30,1.306,1.162,1.477,1.244,1.373,rt,
biena,2026-08-31,1.254,1.106,1.421,1.192,1.315,rt,
biena,2026-09-01,1.207,1.062,1.372,1.146,1.269,rt,
biena,2026-09-02,1.162,1.017,1.323,1.104,1.226,rt,
biena,2026-09-03,1.121,0.976,1.282,1.063,1.187,rt,
biena,2026-09-04,1.084,0.95,1.229,1.025,1.143,rt,
biena,2026-09-05,1.048,0.921,1.185,0.991,1.102,rt,
biena,2026-09-06,1.015,0.885,1.147,0.953,1.065,rt,
biena,2026-09-07,0.984,0.852,1.123,0.925,1.041,rt,
biena,2026-09-08,0.965,0.839,1.105,0.909,1.021,rt,
biena,2026-09-09,0.95,0.824,1.086,0.894,1.004,rt,
biena,2026-09-10,0.936,0.806,1.072,0.878,0.988,rt,
biena,2026-09-11,0.927,0.8,1.06,0.873,0.978,rt,
biena,2026-09-12,0.918,0.791,1.049,0.865,0.969,rt,
biena,2026-09-13,0.909,0.782,1.042,0.855,0.962,rt,
biena,2026-09-14,0.915,0.779,1.056,0.857,0.972,rt,
biena,2026-09-15,0.92,0.78,1.066,0.861,0.978,rt,
biena,2026-09-16,0.924,0.778,1.083,0.865,0.987,rt,
biena,2026-09-17,0.93,0.772,1.096,0.866,0.995,rt,
biena,2026-09-18,0.934,0.772,1.106,0.865,1.002,rt,
biena,2026-09-19,0.937,0.768,1.118,0.862,1.01,rt,
biena,2026-09-20,0.94,0.758,1.143,0.86,1.018,rt,
biena,2026-09-21,0.945,0.75,1.171,0.861,1.033,rt,
biena,2026-09-22,0.949,0.742,1.186,0.859,1.044,rt,
biena,2026-09-23,0.952,0.734,1.204,0.856,1.054,rt,
biena,2026-09-24,0.955,0.726,1.219,0.853,1.06,rt,
biena,2026-09-25,0.952,0.717,1.23,0.85,1.063,rt,
biena,2026-09-26,0.955,0.708,1.248,0.844,1.068,rt,
biena,2026-09-27,0.955,0.693,1.268,0.835,1.074,rt,
biena,2026-09-28,0.946,0.676,1.284,0.826,1.071,rt,
biena,2026-09-29,0.94,0.665,1.296,0.819,1.073,rt,
biena,2026-09-30,0.934,0.656,1.3,0.817,1.078,rt,
biena,2026-10-01,0.931,0.662,1.271,0.82,1.065,rt,
biena,2026-10-02,0.931,0.671,1.244,0.822,1.054,rt,
butembo,2026-05-28,2.491,1.925,3.386,2.222,2.792,rt,
butembo,2026-05-29,2.411,1.897,3.223,2.17,2.702,rt,
butembo,2026-05-30,2.335,1.846,3.113,2.114,2.613,rt,
butembo,2026-05-31,2.261,1.789,2.998,2.057,2.53,rt,
butembo,2026-06-01,2.202,1.744,2.903,2.009,2.459,rt,
butembo,2026-06-02,2.141,1.701,2.809,1.953,2.376,rt,
butembo,2026-06-03,2.075,1.652,2.698,1.897,2.296,rt,
butembo,2026-06-04,2.018,1.599,2.595,1.839,2.225,rt,
butembo,2026-06-05,1.934,1.551,2.464,1.772,2.122,rt,
butembo,2026-06-06,1.851,1.494,2.356,1.705,2.025,rt,
butembo,2026-06-07,1.776,1.436,2.238,1.642,1.947,rt,
butembo,2026-06-08,1.712,1.385,2.165,1.585,1.886,rt,
butembo,2026-06-09,1.665,1.348,2.069,1.542,1.821,rt,
butembo,2026-06-10,1.616,1.308,1.997,1.493,1.761,rt,
butembo,2026-06-11,1.572,1.274,1.938,1.444,1.706,rt,
butembo,2026-06-12,1.532,1.262,1.863,1.414,1.657,rt,
butembo,2026-06-13,1.494,1.248,1.805,1.383,1.611,rt,
butembo,2026-06-14,1.457,1.225,1.747,1.348,1.568,rt,
butembo,2026-06-15,1.426,1.195,1.722,1.322,1.538,rt,
butembo,2026-06-16,1.403,1.183,1.683,1.306,1.511,rt,
butembo,2026-06-17,1.38,1.166,1.648,1.287,1.485,rt,
butembo,2026-06-18,1.357,1.146,1.623,1.266,1.46,rt,
butembo,2026-06-19,1.338,1.142,1.585,1.252,1.434,rt,
butembo,2026-06-20,1.324,1.135,1.554,1.236,1.418,rt,
butembo,2026-06-21,1.304,1.119,1.536,1.218,1.397,rt,
butembo,2026-06-22,1.309,1.117,1.551,1.222,1.404,rt,
butembo,2026-06-23,1.317,1.126,1.553,1.235,1.407,rt,
butembo,2026-06-24,1.325,1.132,1.56,1.242,1.414,rt,
butembo,2026-06-25,1.332,1.139,1.569,1.247,1.422,rt,
butembo,2026-06-26,1.334,1.149,1.557,1.253,1.421,rt,
butembo,2026-06-27,1.335,1.146,1.558,1.254,1.422,rt,
butembo,2026-06-28,1.338,1.14,1.559,1.255,1.421,rt,
butembo,2026-06-29,1.318,1.113,1.546,1.238,1.403,rt,
butembo,2026-06-30,1.3,1.102,1.513,1.222,1.385,rt,
butembo,2026-07-01,1.285,1.089,1.493,1.208,1.365,rt,
butembo,2026-07-02,1.271,1.079,1.475,1.188,1.35,rt,
butembo,2026-07-03,1.255,1.074,1.451,1.177,1.332,rt,
butembo,2026-07-04,1.243,1.07,1.433,1.166,1.317,rt,
butembo,2026-07-05,1.229,1.057,1.42,1.154,1.303,rt,
butembo,2026-07-06,1.224,1.05,1.424,1.148,1.304,rt,
butembo,2026-07-07,1.221,1.052,1.41,1.15,1.297,rt,
butembo,2026-07-08,1.218,1.05,1.397,1.149,1.293,rt,
butembo,2026-07-09,1.214,1.044,1.398,1.143,1.29,rt,
butembo,2026-07-10,1.213,1.047,1.388,1.149,1.28,rt,
butembo,2026-07-11,1.211,1.049,1.383,1.149,1.273,rt,
butembo,2026-07-12,1.206,1.045,1.391,1.144,1.269,rt,
butembo,2026-07-13,1.2,1.029,1.391,1.132,1.265,rt,
butembo,2026-07-14,1.193,1.031,1.376,1.124,1.256,rt,
butembo,2026-07-15,1.187,1.029,1.374,1.117,1.251,rt,
butembo,2026-07-16,1.177,1.021,1.364,1.109,1.247,rt,
butembo,2026-07-17,1.169,1.018,1.346,1.103,1.237,rt,
butembo,2026-07-18,1.161,1.009,1.336,1.094,1.23,rt,
butembo,2026-07-19,1.154,0.994,1.332,1.081,1.225,rt,
butembo,2026-07-20,1.151,0.979,1.332,1.074,1.222,rt,
butembo,2026-07-21,1.149,0.983,1.327,1.077,1.22,rt,
butembo,2026-07-22,1.149,0.986,1.326,1.079,1.22,rt,
butembo,2026-07-23,1.149,0.986,1.331,1.079,1.222,rt,
butembo,2026-07-24,1.146,0.998,1.322,1.084,1.216,rt,
butembo,2026-07-25,1.145,1.002,1.318,1.086,1.212,rt,
butembo,2026-07-26,1.147,0.999,1.321,1.082,1.214,rt,
butembo,2026-07-27,1.154,0.999,1.344,1.088,1.23,rt,
butembo,2026-07-28,1.165,1.011,1.352,1.1,1.24,rt,
butembo,2026-07-29,1.175,1.026,1.365,1.111,1.247,rt,
butembo,2026-07-30,1.188,1.028,1.38,1.122,1.26,rt,
butembo,2026-07-31,1.198,1.044,1.38,1.136,1.269,rt,
butembo,2026-08-01,1.208,1.056,1.39,1.144,1.28,rt,
butembo,2026-08-02,1.22,1.059,1.407,1.15,1.291,rt,
butembo,2026-08-03,1.226,1.056,1.435,1.152,1.298,rt,
butembo,2026-08-04,1.229,1.064,1.432,1.157,1.295,rt,
butembo,2026-08-05,1.232,1.071,1.434,1.162,1.301,rt,
butembo,2026-08-06,1.234,1.072,1.436,1.165,1.305,rt,
butembo,2026-08-07,1.236,1.084,1.434,1.17,1.312,rt,
butembo,2026-08-08,1.239,1.086,1.437,1.175,1.316,rt,
butembo,2026-08-09,1.243,1.083,1.455,1.176,1.323,rt,
butembo,2026-08-10,1.242,1.073,1.461,1.169,1.325,rt,
butembo,2026-08-11,1.232,1.073,1.435,1.161,1.312,rt,
butembo,2026-08-12,1.223,1.065,1.423,1.153,1.3,rt,
butembo,2026-08-13,1.214,1.051,1.413,1.145,1.29,rt,
butembo,2026-08-14,1.207,1.047,1.388,1.137,1.272,rt,
butembo,2026-08-15,1.193,1.039,1.372,1.128,1.264,rt,
butembo,2026-08-16,1.179,1.024,1.361,1.115,1.256,rt,
butembo,2026-08-17,1.173,1.007,1.371,1.105,1.252,rt,
butembo,2026-08-18,1.162,1.008,1.346,1.097,1.237,rt,
butembo,2026-08-19,1.151,0.994,1.33,1.087,1.22,rt,
butembo,2026-08-20,1.138,0.979,1.326,1.073,1.207,rt,
butembo,2026-08-21,1.115,0.962,1.286,1.052,1.179,rt,
butembo,2026-08-22,1.091,0.939,1.26,1.027,1.156,rt,
butembo,2026-08-23,1.066,0.911,1.241,1.0,1.134,rt,
butembo,2026-08-24,1.037,0.867,1.22,0.966,1.11,rt,
butembo,2026-08-25,1.01,0.853,1.191,0.943,1.081,rt,
butembo,2026-08-26,0.983,0.834,1.158,0.921,1.054,rt,
butembo,2026-08-27,0.958,0.81,1.133,0.897,1.029,rt,
butembo,2026-08-28,0.932,0.79,1.098,0.875,0.999,rt,
butembo,2026-08-29,0.908,0.763,1.072,0.85,0.971,rt,
butembo,2026-08-30,0.885,0.726,1.054,0.821,0.947,rt,
butembo,2026-08-31,0.843,0.677,1.023,0.775,0.908,rt,
butembo,2026-09-01,0.816,0.66,0.982,0.752,0.877,rt,
butembo,2026-09-02,0.79,0.643,0.941,0.726,0.847,rt,
butembo,2026-09-03,0.762,0.619,0.915,0.701,0.824,rt,
butembo,2026-09-04,0.741,0.598,0.88,0.681,0.799,rt,
butembo,2026-09-05,0.717,0.578,0.862,0.659,0.777,rt,
butembo,2026-09-06,0.696,0.55,0.842,0.636,0.756,rt,
butembo,2026-09-07,0.678,0.525,0.831,0.617,0.746,rt,
butembo,2026-09-08,0.675,0.534,0.826,0.619,0.739,rt,
butembo,2026-09-09,0.675,0.535,0.823,0.616,0.739,rt,
butembo,2026-09-10,0.672,0.529,0.822,0.614,0.736,rt,
butembo,2026-09-11,0.677,0.534,0.833,0.618,0.739,rt,
butembo,2026-09-12,0.679,0.533,0.842,0.62,0.744,rt,
butembo,2026-09-13,0.682,0.526,0.86,0.618,0.752,rt,
butembo,2026-09-14,0.699,0.527,0.896,0.624,0.773,rt,
butembo,2026-09-15,0.71,0.535,0.902,0.633,0.783,rt,
butembo,2026-09-16,0.72,0.546,0.924,0.639,0.797,rt,
butembo,2026-09-17,0.73,0.549,0.944,0.646,0.813,rt,
butembo,2026-09-18,0.74,0.552,0.975,0.651,0.827,rt,
butembo,2026-09-19,0.746,0.551,0.992,0.657,0.846,rt,
butembo,2026-09-20,0.754,0.545,1.028,0.658,0.861,rt,
butembo,2026-09-21,0.769,0.54,1.07,0.664,0.882,rt,
butembo,2026-09-22,0.774,0.538,1.08,0.67,0.893,rt,
butembo,2026-09-23,0.781,0.537,1.099,0.67,0.899,rt,
butembo,2026-09-24,0.788,0.53,1.114,0.671,0.913,rt,
butembo,2026-09-25,0.792,0.525,1.139,0.668,0.923,rt,
butembo,2026-09-26,0.792,0.515,1.151,0.662,0.933,rt,
butembo,2026-09-27,0.791,0.503,1.172,0.659,0.947,rt,
butembo,2026-09-28,0.788,0.494,1.193,0.648,0.955,rt,
butembo,2026-09-29,0.787,0.492,1.205,0.646,0.959,rt,
butembo,2026-09-30,0.789,0.492,1.22,0.646,0.961,rt,
butembo,2026-10-01,0.791,0.492,1.219,0.647,0.955,rt,
butembo,2026-10-02,0.792,0.495,1.215,0.652,0.953,rt,
kalunguta,2026-07-25,1.48,1.187,1.862,1.349,1.633,rt,
kalunguta,2026-07-26,1.477,1.184,1.875,1.339,1.627,rt,
kalunguta,2026-07-27,1.485,1.183,1.917,1.344,1.636,rt,
kalunguta,2026-07-28,1.494,1.198,1.915,1.365,1.644,rt,
kalunguta,2026-07-29,1.504,1.204,1.913,1.376,1.649,rt,
kalunguta,2026-07-30,1.515,1.21,1.91,1.389,1.657,rt,
kalunguta,2026-07-31,1.522,1.234,1.904,1.4,1.656,rt,
kalunguta,2026-08-01,1.529,1.247,1.907,1.407,1.67,rt,
kalunguta,2026-08-02,1.539,1.249,1.931,1.413,1.684,rt,
kalunguta,2026-08-03,1.544,1.236,1.979,1.41,1.693,rt,
kalunguta,2026-08-04,1.557,1.257,1.961,1.427,1.697,rt,
kalunguta,2026-08-05,1.568,1.27,1.966,1.443,1.703,rt,
kalunguta,2026-08-06,1.575,1.282,1.973,1.453,1.714,rt,
kalunguta,2026-08-07,1.585,1.3,1.972,1.463,1.726,rt,
kalunguta,2026-08-08,1.597,1.3,1.995,1.478,1.738,rt,
kalunguta,2026-08-09,1.605,1.291,2.022,1.478,1.755,rt,
kalunguta,2026-08-10,1.605,1.277,2.044,1.476,1.767,rt,
kalunguta,2026-08-11,1.618,1.308,2.025,1.494,1.767,rt,
kalunguta,2026-08-12,1.629,1.328,2.014,1.504,1.774,rt,
kalunguta,2026-08-13,1.641,1.336,2.015,1.513,1.785,rt,
kalunguta,2026-08-14,1.652,1.357,2.007,1.522,1.794,rt,
kalunguta,2026-08-15,1.657,1.362,2.002,1.533,1.802,rt,
kalunguta,2026-08-16,1.664,1.358,2.031,1.535,1.808,rt,
kalunguta,2026-08-17,1.68,1.359,2.079,1.541,1.832,rt,
kalunguta,2026-08-18,1.706,1.388,2.094,1.569,1.853,rt,
kalunguta,2026-08-19,1.726,1.419,2.111,1.59,1.865,rt,
kalunguta,2026-08-20,1.74,1.447,2.14,1.611,1.893,rt,
kalunguta,2026-08-21,1.739,1.466,2.142,1.615,1.896,rt,
kalunguta,2026-08-22,1.745,1.465,2.153,1.618,1.9,rt,
kalunguta,2026-08-23,1.748,1.453,2.173,1.615,1.907,rt,
kalunguta,2026-08-24,1.743,1.426,2.183,1.6,1.906,rt,
kalunguta,2026-08-25,1.732,1.432,2.133,1.597,1.885,rt,
kalunguta,2026-08-26,1.719,1.433,2.109,1.589,1.867,rt,
kalunguta,2026-08-27,1.713,1.421,2.094,1.575,1.851,rt,
kalunguta,2026-08-28,1.697,1.407,2.06,1.567,1.833,rt,
kalunguta,2026-08-29,1.68,1.377,2.037,1.547,1.815,rt,
kalunguta,2026-08-30,1.656,1.348,2.036,1.525,1.803,rt,
kalunguta,2026-08-31,1.605,1.291,2.004,1.464,1.749,rt,
kalunguta,2026-09-01,1.549,1.254,1.922,1.418,1.682,rt,
kalunguta,2026-09-02,1.496,1.218,1.846,1.367,1.619,rt,
kalunguta,2026-09-03,1.444,1.168,1.782,1.318,1.568,rt,
kalunguta,2026-09-04,1.398,1.133,1.708,1.274,1.51,rt,
kalunguta,2026-09-05,1.349,1.091,1.654,1.231,1.463,rt,
kalunguta,2026-09-06,1.302,1.053,1.614,1.188,1.421,rt,
kalunguta,2026-09-07,1.267,1.008,1.593,1.15,1.39,rt,
kalunguta,2026-09-08,1.233,0.984,1.543,1.126,1.35,rt,
kalunguta,2026-09-09,1.203,0.961,1.496,1.099,1.317,rt,
kalunguta,2026-09-10,1.175,0.938,1.465,1.069,1.287,rt,
kalunguta,2026-09-11,1.154,0.927,1.442,1.053,1.261,rt,
kalunguta,2026-09-12,1.134,0.908,1.423,1.031,1.251,rt,
kalunguta,2026-09-13,1.115,0.879,1.416,1.01,1.236,rt,
kalunguta,2026-09-14,1.116,0.866,1.442,1.002,1.24,rt,
kalunguta,2026-09-15,1.112,0.872,1.432,0.997,1.239,rt,
kalunguta,2026-09-16,1.107,0.868,1.434,0.994,1.239,rt,
kalunguta,2026-09-17,1.103,0.86,1.444,0.994,1.243,rt,
kalunguta,2026-09-18,1.101,0.848,1.453,0.985,1.242,rt,
kalunguta,2026-09-19,1.098,0.835,1.461,0.976,1.244,rt,
kalunguta,2026-09-20,1.095,0.819,1.471,0.967,1.251,rt,
kalunguta,2026-09-21,1.096,0.802,1.491,0.958,1.259,rt,
kalunguta,2026-09-22,1.099,0.801,1.504,0.96,1.256,rt,
kalunguta,2026-09-23,1.097,0.79,1.519,0.955,1.255,rt,
kalunguta,2026-09-24,1.097,0.781,1.545,0.953,1.258,rt,
kalunguta,2026-09-25,1.088,0.766,1.543,0.944,1.264,rt,
kalunguta,2026-09-26,1.079,0.748,1.554,0.932,1.261,rt,
kalunguta,2026-09-27,1.074,0.734,1.57,0.92,1.258,rt,
kalunguta,2026-09-28,1.063,0.713,1.585,0.9,1.257,rt,
kalunguta,2026-09-29,1.046,0.71,1.583,0.892,1.247,rt,
kalunguta,2026-09-30,1.038,0.691,1.598,0.881,1.234,rt,
kalunguta,2026-10-01,1.033,0.692,1.565,0.876,1.225,rt,
kalunguta,2026-10-02,1.022,0.684,1.55,0.866,1.215,rt,
katwa,2026-05-24,2.797,2.136,3.78,2.492,3.147,rt,
katwa,2026-05-25,2.713,2.078,3.67,2.412,3.061,rt,
katwa,2026-05-26,2.639,2.045,3.578,2.361,2.977,rt,
katwa,2026-05-27,2.563,1.995,3.474,2.308,2.895,rt,
katwa,2026-05-28,2.501,1.949,3.366,2.247,2.819,rt,
katwa,2026-05-29,2.431,1.926,3.221,2.196,2.728,rt,
katwa,2026-05-30,2.365,1.89,3.116,2.151,2.645,rt,
katwa,2026-05-31,2.302,1.841,3.016,2.095,2.555,rt,
katwa,2026-06-01,2.249,1.804,2.928,2.047,2.49,rt,
katwa,2026-06-02,2.196,1.775,2.845,2.002,2.423,rt,
katwa,2026-06-03,2.142,1.743,2.769,1.965,2.369,rt,
katwa,2026-06-04,2.094,1.707,2.7,1.922,2.313,rt,
katwa,2026-06-05,2.02,1.664,2.57,1.859,2.216,rt,
katwa,2026-06-06,1.954,1.615,2.457,1.801,2.132,rt,
katwa,2026-06-07,1.89,1.57,2.357,1.746,2.059,rt,
katwa,2026-06-08,1.836,1.528,2.278,1.697,2.001,rt,
katwa,2026-06-09,1.788,1.487,2.204,1.658,1.948,rt,
katwa,2026-06-10,1.743,1.449,2.144,1.62,1.899,rt,
katwa,2026-06-11,1.704,1.411,2.08,1.578,1.85,rt,
katwa,2026-06-12,1.672,1.402,2.014,1.556,1.804,rt,
katwa,2026-06-13,1.642,1.382,1.961,1.53,1.757,rt,
katwa,2026-06-14,1.612,1.353,1.908,1.501,1.718,rt,
katwa,2026-06-15,1.584,1.336,1.88,1.479,1.691,rt,
katwa,2026-06-16,1.559,1.32,1.842,1.459,1.664,rt,
katwa,2026-06-17,1.533,1.298,1.807,1.437,1.634,rt,
katwa,2026-06-18,1.508,1.272,1.777,1.413,1.605,rt,
katwa,2026-06-19,1.488,1.277,1.733,1.397,1.577,rt,
katwa,2026-06-20,1.465,1.274,1.694,1.38,1.551,rt,
katwa,2026-06-21,1.443,1.258,1.667,1.362,1.528,rt,
katwa,2026-06-22,1.446,1.26,1.677,1.366,1.534,rt,
katwa,2026-06-23,1.45,1.269,1.682,1.371,1.537,rt,
katwa,2026-06-24,1.454,1.271,1.682,1.375,1.539,rt,
katwa,2026-06-25,1.457,1.269,1.685,1.377,1.543,rt,
katwa,2026-06-26,1.451,1.271,1.67,1.378,1.538,rt,
katwa,2026-06-27,1.449,1.274,1.657,1.376,1.533,rt,
katwa,2026-06-28,1.448,1.27,1.652,1.371,1.524,rt,
katwa,2026-06-29,1.423,1.243,1.627,1.347,1.5,rt,
katwa,2026-06-30,1.401,1.225,1.593,1.329,1.476,rt,
katwa,2026-07-01,1.379,1.206,1.565,1.306,1.454,rt,
katwa,2026-07-02,1.359,1.19,1.543,1.285,1.434,rt,
katwa,2026-07-03,1.342,1.183,1.511,1.275,1.409,rt,
katwa,2026-07-04,1.325,1.171,1.485,1.26,1.39,rt,
katwa,2026-07-05,1.309,1.157,1.47,1.243,1.375,rt,
katwa,2026-07-06,1.3,1.142,1.472,1.236,1.368,rt,
katwa,2026-07-07,1.295,1.14,1.464,1.234,1.363,rt,
katwa,2026-07-08,1.291,1.138,1.462,1.228,1.361,rt,
katwa,2026-07-09,1.286,1.131,1.463,1.224,1.356,rt,
katwa,2026-07-10,1.285,1.143,1.45,1.226,1.35,rt,
katwa,2026-07-11,1.285,1.146,1.446,1.224,1.343,rt,
katwa,2026-07-12,1.279,1.144,1.445,1.222,1.343,rt,
katwa,2026-07-13,1.27,1.129,1.445,1.211,1.336,rt,
katwa,2026-07-14,1.265,1.126,1.434,1.207,1.327,rt,
katwa,2026-07-15,1.259,1.121,1.429,1.201,1.322,rt,
katwa,2026-07-16,1.255,1.118,1.429,1.191,1.318,rt,
katwa,2026-07-17,1.247,1.117,1.41,1.188,1.309,rt,
katwa,2026-07-18,1.239,1.11,1.403,1.18,1.304,rt,
katwa,2026-07-19,1.229,1.096,1.394,1.171,1.299,rt,
katwa,2026-07-20,1.227,1.079,1.4,1.166,1.297,rt,
katwa,2026-07-21,1.223,1.075,1.396,1.162,1.291,rt,
katwa,2026-07-22,1.219,1.067,1.394,1.154,1.286,rt,
katwa,2026-07-23,1.216,1.058,1.396,1.149,1.283,rt,
katwa,2026-07-24,1.21,1.067,1.376,1.149,1.273,rt,
katwa,2026-07-25,1.205,1.068,1.366,1.147,1.266,rt,
katwa,2026-07-26,1.198,1.065,1.358,1.142,1.261,rt,
katwa,2026-07-27,1.203,1.063,1.37,1.141,1.265,rt,
katwa,2026-07-28,1.203,1.064,1.368,1.142,1.263,rt,
katwa,2026-07-29,1.201,1.059,1.365,1.14,1.262,rt,
katwa,2026-07-30,1.199,1.055,1.371,1.137,1.263,rt,
katwa,2026-07-31,1.197,1.063,1.356,1.139,1.257,rt,
katwa,2026-08-01,1.195,1.063,1.347,1.138,1.254,rt,
katwa,2026-08-02,1.19,1.058,1.346,1.135,1.251,rt,
katwa,2026-08-03,1.185,1.044,1.347,1.125,1.248,rt,
katwa,2026-08-04,1.178,1.041,1.331,1.118,1.239,rt,
katwa,2026-08-05,1.168,1.035,1.319,1.11,1.23,rt,
katwa,2026-08-06,1.159,1.026,1.312,1.1,1.219,rt,
katwa,2026-08-07,1.152,1.024,1.292,1.099,1.21,rt,
katwa,2026-08-08,1.145,1.023,1.28,1.092,1.198,rt,
katwa,2026-08-09,1.138,1.011,1.273,1.082,1.191,rt,
katwa,2026-08-10,1.124,0.99,1.271,1.066,1.182,rt,
katwa,2026-08-11,1.11,0.985,1.253,1.057,1.168,rt,
katwa,2026-08-12,1.096,0.972,1.238,1.043,1.156,rt,
katwa,2026-08-13,1.084,0.953,1.224,1.032,1.148,rt,
katwa,2026-08-14,1.072,0.951,1.199,1.022,1.13,rt,
katwa,2026-08-15,1.059,0.939,1.187,1.01,1.114,rt,
katwa,2026-08-16,1.045,0.925,1.177,0.994,1.102,rt,
katwa,2026-08-17,1.037,0.908,1.179,0.982,1.097,rt,
katwa,2026-08-18,1.028,0.905,1.166,0.976,1.086,rt,
katwa,2026-08-19,1.019,0.894,1.16,0.966,1.075,rt,
katwa,2026-08-20,1.01,0.882,1.158,0.955,1.065,rt,
katwa,2026-08-21,0.991,0.868,1.126,0.938,1.041,rt,
katwa,2026-08-22,0.971,0.853,1.106,0.919,1.021,rt,
katwa,2026-08-23,0.952,0.826,1.097,0.897,1.006,rt,
katwa,2026-08-24,0.929,0.792,1.083,0.869,0.986,rt,
katwa,2026-08-25,0.905,0.772,1.053,0.848,0.964,rt,
katwa,2026-08-26,0.882,0.751,1.03,0.827,0.94,rt,
katwa,2026-08-27,0.859,0.728,1.006,0.805,0.917,rt,
katwa,2026-08-28,0.837,0.707,0.974,0.783,0.894,rt,
katwa,2026-08-29,0.814,0.687,0.948,0.758,0.87,rt,
katwa,2026-08-30,0.791,0.657,0.93,0.735,0.849,rt,
katwa,2026-08-31,0.753,0.613,0.896,0.693,0.813,rt,
katwa,2026-09-01,0.726,0.59,0.862,0.67,0.783,rt,
katwa,2026-09-02,0.703,0.575,0.832,0.649,0.758,rt,
katwa,2026-09-03,0.679,0.555,0.809,0.628,0.733,rt,
katwa,2026-09-04,0.66,0.539,0.782,0.61,0.708,rt,
katwa,2026-09-05,0.639,0.521,0.76,0.589,0.685,rt,
katwa,2026-09-06,0.619,0.502,0.738,0.569,0.666,rt,
katwa,2026-09-07,0.603,0.481,0.727,0.552,0.655,rt,
katwa,2026-09-08,0.603,0.484,0.723,0.55,0.65,rt,
katwa,2026-09-09,0.599,0.489,0.721,0.55,0.646,rt,
katwa,2026-09-10,0.595,0.487,0.726,0.548,0.645,rt,
katwa,2026-09-11,0.598,0.485,0.732,0.552,0.648,rt,
katwa,2026-09-12,0.601,0.484,0.737,0.553,0.655,rt,
katwa,2026-09-13,0.604,0.482,0.749,0.551,0.664,rt,
katwa,2026-09-14,0.616,0.479,0.78,0.558,0.682,rt,
katwa,2026-09-15,0.626,0.49,0.794,0.57,0.694,rt,
katwa,2026-09-16,0.638,0.493,0.815,0.579,0.706,rt,
katwa,2026-09-17,0.65,0.496,0.835,0.586,0.719,rt,
katwa,2026-09-18,0.66,0.499,0.862,0.594,0.732,rt,
katwa,2026-09-19,0.669,0.499,0.893,0.598,0.748,rt,
katwa,2026-09-20,0.677,0.491,0.925,0.604,0.766,rt,
katwa,2026-09-21,0.69,0.489,0.967,0.609,0.788,rt,
katwa,2026-09-22,0.697,0.49,0.981,0.614,0.798,rt,
katwa,2026-09-23,0.704,0.485,1.001,0.617,0.811,rt,
katwa,2026-09-24,0.713,0.48,1.017,0.62,0.825,rt,
katwa,2026-09-25,0.715,0.475,1.028,0.615,0.837,rt,
katwa,2026-09-26,0.72,0.474,1.048,0.609,0.847,rt,
katwa,2026-09-27,0.725,0.462,1.084,0.603,0.857,rt,
katwa,2026-09-28,0.724,0.454,1.108,0.597,0.864,rt,
katwa,2026-09-29,0.73,0.451,1.111,0.6,0.867,rt,
katwa,2026-09-30,0.731,0.448,1.134,0.603,0.88,rt,
katwa,2026-10-01,0.739,0.449,1.146,0.608,0.879,rt,
katwa,2026-10-02,0.737,0.447,1.147,0.609,0.882,rt,
kayna,2026-09-28,0.987,0.716,1.316,0.865,1.113,rt,
kayna,2026-09-29,0.982,0.706,1.328,0.861,1.113,rt,
kayna,2026-09-30,0.978,0.696,1.337,0.857,1.118,rt,
kayna,2026-10-01,0.977,0.702,1.307,0.859,1.108,rt,
kayna,2026-10-02,0.975,0.716,1.281,0.864,1.096,rt,
kyondo,2026-06-29,1.318,0.974,1.784,1.157,1.502,rt,
kyondo,2026-06-30,1.296,0.968,1.72,1.141,1.454,rt,
kyondo,2026-07-01,1.267,0.959,1.66,1.129,1.415,rt,
kyondo,2026-07-02,1.242,0.941,1.609,1.115,1.39,rt,
kyondo,2026-07-03,1.218,0.93,1.566,1.102,1.362,rt,
kyondo,2026-07-04,1.196,0.918,1.536,1.081,1.336,rt,
kyondo,2026-07-05,1.178,0.89,1.514,1.058,1.313,rt,
kyondo,2026-07-06,1.166,0.872,1.519,1.043,1.315,rt,
kyondo,2026-07-07,1.157,0.874,1.501,1.039,1.293,rt,
kyondo,2026-07-08,1.15,0.878,1.477,1.031,1.282,rt,
kyondo,2026-07-09,1.14,0.872,1.455,1.02,1.265,rt,
kyondo,2026-07-10,1.132,0.865,1.452,1.013,1.259,rt,
kyondo,2026-07-11,1.125,0.859,1.449,1.007,1.249,rt,
kyondo,2026-07-12,1.115,0.839,1.441,0.996,1.245,rt,
kyondo,2026-07-13,1.106,0.814,1.444,0.98,1.235,rt,
kyondo,2026-07-14,1.095,0.818,1.419,0.978,1.217,rt,
kyondo,2026-07-15,1.086,0.815,1.398,0.972,1.2,rt,
kyondo,2026-07-16,1.074,0.812,1.386,0.966,1.192,rt,
kyondo,2026-07-17,1.063,0.808,1.366,0.959,1.18,rt,
kyondo,2026-07-18,1.049,0.8,1.359,0.946,1.168,rt,
kyondo,2026-07-19,1.041,0.782,1.348,0.933,1.16,rt,
kyondo,2026-07-20,1.03,0.767,1.359,0.92,1.16,rt,
kyondo,2026-07-21,1.031,0.773,1.342,0.924,1.148,rt,
kyondo,2026-07-22,1.03,0.783,1.327,0.925,1.14,rt,
kyondo,2026-07-23,1.026,0.785,1.321,0.925,1.135,rt,
kyondo,2026-07-24,1.027,0.787,1.31,0.926,1.134,rt,
kyondo,2026-07-25,1.023,0.79,1.305,0.924,1.134,rt,
kyondo,2026-07-26,1.021,0.781,1.314,0.923,1.139,rt,
kyondo,2026-07-27,1.03,0.769,1.332,0.921,1.154,rt,
kyondo,2026-07-28,1.044,0.791,1.323,0.932,1.163,rt,
kyondo,2026-07-29,1.055,0.807,1.33,0.95,1.169,rt,
kyondo,2026-07-30,1.063,0.817,1.345,0.96,1.18,rt,
kyondo,2026-07-31,1.078,0.832,1.356,0.97,1.194,rt,
kyondo,2026-08-01,1.091,0.845,1.37,0.977,1.205,rt,
kyondo,2026-08-02,1.098,0.84,1.402,0.984,1.216,rt,
kyondo,2026-08-03,1.105,0.835,1.431,0.987,1.229,rt,
kyondo,2026-08-04,1.125,0.867,1.43,1.014,1.239,rt,
kyondo,2026-08-05,1.141,0.891,1.433,1.033,1.254,rt,
kyondo,2026-08-06,1.16,0.913,1.452,1.049,1.273,rt,
kyondo,2026-08-07,1.178,0.933,1.465,1.072,1.291,rt,
kyondo,2026-08-08,1.198,0.943,1.495,1.092,1.309,rt,
kyondo,2026-08-09,1.219,0.947,1.532,1.109,1.328,rt,
kyondo,2026-08-10,1.235,0.948,1.575,1.116,1.35,rt,
kyondo,2026-08-11,1.253,0.983,1.575,1.144,1.365,rt,
kyondo,2026-08-12,1.273,1.012,1.589,1.164,1.39,rt,
kyondo,2026-08-13,1.296,1.036,1.614,1.184,1.413,rt,
kyondo,2026-08-14,1.311,1.058,1.636,1.201,1.434,rt,
kyondo,2026-08-15,1.332,1.073,1.668,1.218,1.462,rt,
kyondo,2026-08-16,1.357,1.079,1.716,1.229,1.486,rt,
kyondo,2026-08-17,1.382,1.084,1.797,1.246,1.525,rt,
kyondo,2026-08-18,1.4,1.116,1.793,1.273,1.538,rt,
kyondo,2026-08-19,1.412,1.139,1.81,1.293,1.553,rt,
kyondo,2026-08-20,1.426,1.155,1.828,1.306,1.57,rt,
kyondo,2026-08-21,1.429,1.157,1.826,1.309,1.569,rt,
kyondo,2026-08-22,1.431,1.154,1.836,1.304,1.575,rt,
kyondo,2026-08-23,1.425,1.135,1.856,1.3,1.588,rt,
kyondo,2026-08-24,1.418,1.113,1.879,1.283,1.587,rt,
kyondo,2026-08-25,1.383,1.108,1.841,1.26,1.541,rt,
kyondo,2026-08-26,1.353,1.088,1.775,1.235,1.502,rt,
kyondo,2026-08-27,1.323,1.058,1.719,1.209,1.465,rt,
kyondo,2026-08-28,1.292,1.031,1.677,1.179,1.427,rt,
kyondo,2026-08-29,1.262,0.99,1.644,1.147,1.392,rt,
kyondo,2026-08-30,1.229,0.952,1.598,1.112,1.363,rt,
kyondo,2026-08-31,1.169,0.89,1.547,1.053,1.307,rt,
kyondo,2026-09-01,1.119,0.858,1.454,1.008,1.248,rt,
kyondo,2026-09-02,1.07,0.82,1.388,0.965,1.194,rt,
kyondo,2026-09-03,1.029,0.782,1.333,0.925,1.143,rt,
kyondo,2026-09-04,0.985,0.752,1.277,0.887,1.093,rt,
kyondo,2026-09-05,0.945,0.712,1.233,0.848,1.054,rt,
kyondo,2026-09-06,0.906,0.67,1.19,0.808,1.016,rt,
kyondo,2026-09-07,0.874,0.633,1.171,0.774,0.99,rt,
kyondo,2026-09-08,0.86,0.631,1.137,0.764,0.967,rt,
kyondo,2026-09-09,0.843,0.617,1.108,0.749,0.952,rt,
kyondo,2026-09-10,0.83,0.602,1.082,0.735,0.936,rt,
kyondo,2026-09-11,0.818,0.602,1.073,0.725,0.926,rt,
kyondo,2026-09-12,0.81,0.589,1.074,0.717,0.918,rt,
kyondo,2026-09-13,0.8,0.573,1.078,0.707,0.908,rt,
kyondo,2026-09-14,0.804,0.56,1.099,0.701,0.917,rt,
kyondo,2026-09-15,0.806,0.574,1.108,0.71,0.922,rt,
kyondo,2026-09-16,0.812,0.581,1.121,0.714,0.93,rt,
kyondo,2026-09-17,0.818,0.576,1.139,0.716,0.937,rt,
kyondo,2026-09-18,0.824,0.575,1.156,0.715,0.948,rt,
kyondo,2026-09-19,0.825,0.57,1.175,0.715,0.956,rt,
kyondo,2026-09-20,0.826,0.561,1.202,0.711,0.971,rt,
kyondo,2026-09-21,0.837,0.552,1.255,0.71,0.991,rt,
kyondo,2026-09-22,0.844,0.553,1.269,0.712,0.998,rt,
kyondo,2026-09-23,0.853,0.555,1.292,0.713,1.005,rt,
kyondo,2026-09-24,0.861,0.551,1.314,0.718,1.014,rt,
kyondo,2026-09-25,0.862,0.547,1.34,0.717,1.02,rt,
kyondo,2026-09-26,0.861,0.534,1.365,0.716,1.026,rt,
kyondo,2026-09-27,0.863,0.523,1.391,0.714,1.031,rt,
kyondo,2026-09-28,0.859,0.509,1.422,0.704,1.035,rt,
kyondo,2026-09-29,0.866,0.517,1.421,0.707,1.031,rt,
kyondo,2026-09-30,0.867,0.512,1.419,0.705,1.043,rt,
kyondo,2026-10-01,0.87,0.52,1.403,0.715,1.045,rt,
kyondo,2026-10-02,0.865,0.515,1.416,0.712,1.051,rt,
lubero,2026-08-13,1.486,1.318,1.682,1.412,1.557,rt,
lubero,2026-08-14,1.488,1.335,1.678,1.42,1.558,rt,
lubero,2026-08-15,1.492,1.347,1.678,1.428,1.561,rt,
lubero,2026-08-16,1.495,1.346,1.687,1.427,1.566,rt,
lubero,2026-08-17,1.507,1.352,1.699,1.435,1.58,rt,
lubero,2026-08-18,1.515,1.356,1.707,1.442,1.588,rt,
lubero,2026-08-19,1.52,1.354,1.718,1.445,1.595,rt,
lubero,2026-08-20,1.523,1.352,1.733,1.444,1.603,rt,
lubero,2026-08-21,1.514,1.356,1.713,1.44,1.589,rt,
lubero,2026-08-22,1.499,1.349,1.699,1.429,1.575,rt,
lubero,2026-08-23,1.488,1.341,1.69,1.42,1.563,rt,
lubero,2026-08-24,1.468,1.32,1.673,1.399,1.545,rt,
lubero,2026-08-25,1.445,1.294,1.641,1.372,1.519,rt,
lubero,2026-08-26,1.419,1.267,1.615,1.349,1.496,rt,
lubero,2026-08-27,1.394,1.239,1.593,1.322,1.474,rt,
lubero,2026-08-28,1.369,1.221,1.553,1.303,1.441,rt,
lubero,2026-08-29,1.341,1.198,1.519,1.278,1.408,rt,
lubero,2026-08-30,1.316,1.17,1.486,1.249,1.379,rt,
lubero,2026-08-31,1.261,1.112,1.429,1.197,1.327,rt,
lubero,2026-09-01,1.215,1.067,1.374,1.151,1.278,rt,
lubero,2026-09-02,1.17,1.021,1.333,1.11,1.234,rt,
lubero,2026-09-03,1.129,0.982,1.292,1.069,1.194,rt,
lubero,2026-09-04,1.088,0.956,1.241,1.034,1.152,rt,
lubero,2026-09-05,1.055,0.923,1.197,0.997,1.112,rt,
lubero,2026-09-06,1.021,0.89,1.16,0.961,1.074,rt,
lubero,2026-09-07,0.991,0.861,1.136,0.934,1.049,rt,
lubero,2026-09-08,0.973,0.846,1.117,0.918,1.029,rt,
lubero,2026-09-09,0.957,0.832,1.102,0.903,1.013,rt,
lubero,2026-09-10,0.94,0.812,1.085,0.886,0.999,rt,
lubero,2026-09-11,0.935,0.809,1.067,0.88,0.986,rt,
lubero,2026-09-12,0.925,0.797,1.061,0.873,0.978,rt,
lubero,2026-09-13,0.915,0.788,1.055,0.865,0.973,rt,
lubero,2026-09-14,0.921,0.786,1.07,0.866,0.982,rt,
lubero,2026-09-15,0.928,0.786,1.077,0.87,0.989,rt,
lubero,2026-09-16,0.934,0.783,1.09,0.871,0.997,rt,
lubero,2026-09-17,0.936,0.777,1.105,0.873,1.007,rt,
lubero,2026-09-18,0.943,0.775,1.117,0.872,1.013,rt,
lubero,2026-09-19,0.947,0.773,1.133,0.869,1.015,rt,
lubero,2026-09-20,0.95,0.763,1.156,0.867,1.026,rt,
lubero,2026-09-21,0.955,0.758,1.178,0.868,1.041,rt,
lubero,2026-09-22,0.958,0.75,1.195,0.868,1.051,rt,
lubero,2026-09-23,0.962,0.748,1.214,0.864,1.06,rt,
lubero,2026-09-24,0.966,0.736,1.23,0.861,1.07,rt,
lubero,2026-09-25,0.962,0.73,1.237,0.856,1.075,rt,
lubero,2026-09-26,0.964,0.714,1.263,0.851,1.075,rt,
lubero,2026-09-27,0.965,0.703,1.275,0.846,1.081,rt,
lubero,2026-09-28,0.956,0.684,1.295,0.831,1.081,rt,
lubero,2026-09-29,0.95,0.675,1.297,0.829,1.084,rt,
lubero,2026-09-30,0.947,0.663,1.313,0.825,1.088,rt,
lubero,2026-10-01,0.946,0.673,1.282,0.831,1.076,rt,
lubero,2026-10-02,0.943,0.679,1.256,0.832,1.068,rt,
mabalako,2026-08-15,1.996,1.577,2.615,1.8,2.216,rt,
mabalako,2026-08-16,2.002,1.565,2.644,1.797,2.233,rt,
mabalako,2026-08-17,2.018,1.556,2.719,1.798,2.265,rt,
mabalako,2026-08-18,2.03,1.597,2.677,1.832,2.266,rt,
mabalako,2026-08-19,2.044,1.61,2.66,1.849,2.272,rt,
mabalako,2026-08-20,2.052,1.608,2.658,1.863,2.279,rt,
mabalako,2026-08-21,2.035,1.61,2.613,1.851,2.26,rt,
mabalako,2026-08-22,2.03,1.604,2.624,1.84,2.244,rt,
mabalako,2026-08-23,2.013,1.567,2.654,1.817,2.238,rt,
mabalako,2026-08-24,1.989,1.514,2.677,1.786,2.229,rt,
mabalako,2026-08-25,1.964,1.524,2.588,1.778,2.185,rt,
mabalako,2026-08-26,1.937,1.511,2.506,1.76,2.145,rt,
mabalako,2026-08-27,1.913,1.507,2.451,1.736,2.111,rt,
mabalako,2026-08-28,1.892,1.493,2.405,1.716,2.079,rt,
mabalako,2026-08-29,1.857,1.471,2.367,1.689,2.054,rt,
mabalako,2026-08-30,1.824,1.436,2.359,1.655,2.026,rt,
mabalako,2026-08-31,1.755,1.357,2.297,1.586,1.961,rt,
mabalako,2026-09-01,1.701,1.336,2.196,1.541,1.873,rt,
mabalako,2026-09-02,1.649,1.306,2.107,1.499,1.813,rt,
mabalako,2026-09-03,1.599,1.265,2.025,1.454,1.757,rt,
mabalako,2026-09-04,1.55,1.231,1.95,1.413,1.704,rt,
mabalako,2026-09-05,1.502,1.18,1.914,1.367,1.661,rt,
mabalako,2026-09-06,1.458,1.125,1.878,1.317,1.614,rt,
mabalako,2026-09-07,1.428,1.081,1.871,1.28,1.591,rt,
mabalako,2026-09-08,1.4,1.069,1.811,1.258,1.549,rt,
mabalako,2026-09-09,1.373,1.059,1.764,1.238,1.516,rt,
mabalako,2026-09-10,1.344,1.038,1.731,1.214,1.493,rt,
mabalako,2026-09-11,1.33,1.023,1.717,1.201,1.479,rt,
mabalako,2026-09-12,1.315,1.007,1.722,1.182,1.472,rt,
mabalako,2026-09-13,1.298,0.986,1.721,1.156,1.463,rt,
mabalako,2026-09-14,1.302,0.972,1.76,1.15,1.479,rt,
mabalako,2026-09-15,1.303,0.967,1.746,1.155,1.487,rt,
mabalako,2026-09-16,1.3,0.955,1.742,1.153,1.495,rt,
mabalako,2026-09-17,1.297,0.939,1.758,1.146,1.495,rt,
mabalako,2026-09-18,1.292,0.927,1.785,1.141,1.494,rt,
mabalako,2026-09-19,1.284,0.912,1.802,1.126,1.497,rt,
mabalako,2026-09-20,1.283,0.888,1.826,1.111,1.502,rt,
mabalako,2026-09-21,1.286,0.867,1.874,1.097,1.511,rt,
mabalako,2026-09-22,1.279,0.864,1.859,1.087,1.513,rt,
mabalako,2026-09-23,1.276,0.851,1.859,1.083,1.513,rt,
mabalako,2026-09-24,1.277,0.838,1.884,1.072,1.512,rt,
mabalako,2026-09-25,1.263,0.83,1.882,1.053,1.513,rt,
mabalako,2026-09-26,1.257,0.811,1.898,1.035,1.517,rt,
mabalako,2026-09-27,1.238,0.785,1.912,1.018,1.518,rt,
mabalako,2026-09-28,1.227,0.763,1.916,0.995,1.507,rt,
mabalako,2026-09-29,1.216,0.744,1.896,0.982,1.484,rt,
mabalako,2026-09-30,1.192,0.724,1.916,0.958,1.47,rt,
mabalako,2026-10-01,1.18,0.706,1.884,0.945,1.441,rt,
mabalako,2026-10-02,1.16,0.68,1.844,0.931,1.418,rt,
manguredjipa,2026-08-18,1.469,1.312,1.673,1.399,1.544,rt,
manguredjipa,2026-08-19,1.479,1.314,1.686,1.404,1.552,rt,
manguredjipa,2026-08-20,1.483,1.311,1.7,1.406,1.56,rt,
manguredjipa,2026-08-21,1.47,1.313,1.68,1.402,1.55,rt,
manguredjipa,2026-08-22,1.458,1.312,1.664,1.395,1.54,rt,
manguredjipa,2026-08-23,1.449,1.303,1.654,1.383,1.527,rt,
manguredjipa,2026-08-24,1.43,1.281,1.639,1.364,1.506,rt,
manguredjipa,2026-08-25,1.407,1.258,1.609,1.341,1.481,rt,
manguredjipa,2026-08-26,1.382,1.233,1.584,1.315,1.457,rt,
manguredjipa,2026-08-27,1.358,1.201,1.557,1.289,1.433,rt,
manguredjipa,2026-08-28,1.332,1.184,1.517,1.267,1.402,rt,
manguredjipa,2026-08-29,1.304,1.156,1.477,1.244,1.372,rt,
manguredjipa,2026-08-30,1.277,1.13,1.443,1.216,1.343,rt,
manguredjipa,2026-08-31,1.226,1.072,1.385,1.162,1.29,rt,
manguredjipa,2026-09-01,1.181,1.026,1.332,1.119,1.242,rt,
manguredjipa,2026-09-02,1.137,0.981,1.288,1.074,1.198,rt,
manguredjipa,2026-09-03,1.094,0.944,1.248,1.033,1.157,rt,
manguredjipa,2026-09-04,1.055,0.92,1.191,0.998,1.115,rt,
manguredjipa,2026-09-05,1.021,0.89,1.15,0.962,1.073,rt,
manguredjipa,2026-09-06,0.985,0.858,1.112,0.928,1.038,rt,
manguredjipa,2026-09-07,0.956,0.828,1.088,0.898,1.009,rt,
manguredjipa,2026-09-08,0.939,0.815,1.069,0.883,0.991,rt,
manguredjipa,2026-09-09,0.921,0.802,1.049,0.868,0.975,rt,
manguredjipa,2026-09-10,0.905,0.788,1.039,0.852,0.961,rt,
manguredjipa,2026-09-11,0.897,0.782,1.025,0.849,0.947,rt,
manguredjipa,2026-09-12,0.888,0.773,1.015,0.841,0.938,rt,
manguredjipa,2026-09-13,0.88,0.76,1.009,0.831,0.934,rt,
manguredjipa,2026-09-14,0.886,0.757,1.022,0.833,0.942,rt,
manguredjipa,2026-09-15,0.892,0.757,1.036,0.834,0.951,rt,
manguredjipa,2026-09-16,0.896,0.753,1.048,0.836,0.958,rt,
manguredjipa,2026-09-17,0.899,0.749,1.059,0.838,0.967,rt,
manguredjipa,2026-09-18,0.904,0.747,1.07,0.839,0.976,rt,
manguredjipa,2026-09-19,0.905,0.741,1.088,0.836,0.978,rt,
manguredjipa,2026-09-20,0.906,0.735,1.106,0.833,0.985,rt,
manguredjipa,2026-09-21,0.912,0.724,1.135,0.833,1.002,rt,
manguredjipa,2026-09-22,0.917,0.715,1.153,0.831,1.011,rt,
manguredjipa,2026-09-23,0.921,0.713,1.166,0.829,1.019,rt,
manguredjipa,2026-09-24,0.924,0.702,1.183,0.825,1.028,rt,
manguredjipa,2026-09-25,0.924,0.69,1.199,0.82,1.031,rt,
manguredjipa,2026-09-26,0.921,0.677,1.218,0.813,1.032,rt,
manguredjipa,2026-09-27,0.922,0.665,1.239,0.809,1.035,rt,
manguredjipa,2026-09-28,0.918,0.649,1.251,0.793,1.036,rt,
manguredjipa,2026-09-29,0.912,0.642,1.255,0.789,1.038,rt,
manguredjipa,2026-09-30,0.906,0.635,1.271,0.783,1.039,rt,
manguredjipa,2026-10-01,0.905,0.64,1.233,0.785,1.028,rt,
manguredjipa,2026-10-02,0.9,0.641,1.205,0.79,1.017,rt,
masereka,2026-08-03,1.393,1.086,1.779,1.265,1.547,rt,
masereka,2026-08-04,1.421,1.115,1.786,1.292,1.559,rt,
masereka,2026-08-05,1.443,1.147,1.802,1.317,1.582,rt,
masereka,2026-08-06,1.462,1.171,1.83,1.336,1.601,rt,
masereka,2026-08-07,1.489,1.202,1.859,1.359,1.624,rt,
masereka,2026-08-08,1.514,1.216,1.896,1.377,1.659,rt,
masereka,2026-08-09,1.534,1.229,1.939,1.399,1.699,rt,
masereka,2026-08-10,1.555,1.219,1.995,1.405,1.729,rt,
masereka,2026-08-11,1.575,1.251,2.008,1.435,1.739,rt,
masereka,2026-08-12,1.597,1.269,2.039,1.456,1.754,rt,
masereka,2026-08-13,1.611,1.282,2.066,1.468,1.78,rt,
masereka,2026-08-14,1.63,1.294,2.105,1.493,1.794,rt,
masereka,2026-08-15,1.651,1.306,2.136,1.501,1.822,rt,
masereka,2026-08-16,1.67,1.308,2.216,1.513,1.842,rt,
masereka,2026-08-17,1.694,1.317,2.298,1.527,1.887,rt,
masereka,2026-08-18,1.703,1.345,2.279,1.54,1.89,rt,
masereka,2026-08-19,1.707,1.357,2.254,1.549,1.895,rt,
masereka,2026-08-20,1.712,1.359,2.245,1.559,1.902,rt,
masereka,2026-08-21,1.697,1.359,2.227,1.547,1.888,rt,
masereka,2026-08-22,1.686,1.342,2.229,1.538,1.874,rt,
masereka,2026-08-23,1.667,1.314,2.252,1.517,1.871,rt,
masereka,2026-08-24,1.643,1.282,2.252,1.485,1.855,rt,
masereka,2026-08-25,1.604,1.255,2.154,1.458,1.795,rt,
masereka,2026-08-26,1.565,1.235,2.055,1.425,1.744,rt,
masereka,2026-08-27,1.52,1.21,1.981,1.382,1.697,rt,
masereka,2026-08-28,1.477,1.18,1.916,1.346,1.641,rt,
masereka,2026-08-29,1.435,1.13,1.866,1.304,1.593,rt,
masereka,2026-08-30,1.394,1.081,1.843,1.265,1.549,rt,
masereka,2026-08-31,1.321,1.004,1.784,1.192,1.48,rt,
masereka,2026-09-01,1.265,0.974,1.681,1.149,1.41,rt,
masereka,2026-09-02,1.214,0.933,1.586,1.102,1.349,rt,
masereka,2026-09-03,1.166,0.892,1.506,1.053,1.296,rt,
masereka,2026-09-04,1.12,0.865,1.435,1.013,1.246,rt,
masereka,2026-09-05,1.074,0.822,1.381,0.967,1.191,rt,
masereka,2026-09-06,1.034,0.767,1.344,0.922,1.147,rt,
masereka,2026-09-07,1.002,0.726,1.313,0.886,1.114,rt,
masereka,2026-09-08,0.981,0.725,1.282,0.876,1.091,rt,
masereka,2026-09-09,0.966,0.72,1.247,0.866,1.077,rt,
masereka,2026-09-10,0.948,0.707,1.226,0.851,1.061,rt,
masereka,2026-09-11,0.942,0.701,1.212,0.845,1.057,rt,
masereka,2026-09-12,0.937,0.694,1.218,0.837,1.051,rt,
masereka,2026-09-13,0.925,0.68,1.236,0.824,1.047,rt,
masereka,2026-09-14,0.937,0.672,1.271,0.823,1.064,rt,
masereka,2026-09-15,0.941,0.675,1.283,0.828,1.07,rt,
masereka,2026-09-16,0.945,0.675,1.298,0.831,1.078,rt,
masereka,2026-09-17,0.951,0.682,1.313,0.834,1.091,rt,
masereka,2026-09-18,0.952,0.679,1.35,0.835,1.102,rt,
masereka,2026-09-19,0.956,0.675,1.387,0.832,1.118,rt,
masereka,2026-09-20,0.96,0.658,1.426,0.827,1.13,rt,
masereka,2026-09-21,0.959,0.643,1.479,0.825,1.158,rt,
masereka,2026-09-22,0.969,0.645,1.493,0.828,1.159,rt,
masereka,2026-09-23,0.978,0.636,1.502,0.827,1.167,rt,
masereka,2026-09-24,0.979,0.631,1.519,0.824,1.169,rt,
masereka,2026-09-25,0.98,0.617,1.525,0.817,1.168,rt,
masereka,2026-09-26,0.978,0.601,1.582,0.809,1.175,rt,
masereka,2026-09-27,0.983,0.582,1.612,0.801,1.183,rt,
masereka,2026-09-28,0.977,0.565,1.655,0.788,1.187,rt,
masereka,2026-09-29,0.965,0.558,1.641,0.787,1.176,rt,
masereka,2026-09-30,0.955,0.551,1.662,0.776,1.179,rt,
masereka,2026-10-01,0.946,0.544,1.641,0.777,1.177,rt,
masereka,2026-10-02,0.94,0.538,1.64,0.766,1.176,rt,
musienene,2026-06-19,1.881,1.472,2.475,1.699,2.086,rt,
musienene,2026-06-20,1.857,1.452,2.464,1.686,2.058,rt,
musienene,2026-06-21,1.834,1.436,2.451,1.665,2.045,rt,
musienene,2026-06-22,1.844,1.428,2.483,1.665,2.07,rt,
musienene,2026-06-23,1.845,1.446,2.429,1.671,2.054,rt,
musienene,2026-06-24,1.846,1.46,2.407,1.681,2.042,rt,
musienene,2026-06-25,1.848,1.46,2.386,1.684,2.038,rt,
musienene,2026-06-26,1.843,1.465,2.344,1.677,2.018,rt,
musienene,2026-06-27,1.831,1.458,2.342,1.669,2.002,rt,
musienene,2026-06-28,1.819,1.435,2.364,1.655,1.992,rt,
musienene,2026-06-29,1.774,1.384,2.344,1.613,1.964,rt,
musienene,2026-06-30,1.734,1.365,2.237,1.582,1.908,rt,
musienene,2026-07-01,1.694,1.353,2.162,1.549,1.856,rt,
musienene,2026-07-02,1.654,1.325,2.102,1.512,1.809,rt,
musienene,2026-07-03,1.617,1.3,2.044,1.475,1.766,rt,
musienene,2026-07-04,1.577,1.259,2.012,1.441,1.73,rt,
musienene,2026-07-05,1.542,1.22,1.977,1.404,1.708,rt,
musienene,2026-07-06,1.515,1.176,1.97,1.374,1.696,rt,
musienene,2026-07-07,1.491,1.175,1.917,1.362,1.659,rt,
musienene,2026-07-08,1.473,1.165,1.862,1.342,1.621,rt,
musienene,2026-07-09,1.446,1.145,1.821,1.325,1.589,rt,
musienene,2026-07-10,1.424,1.143,1.787,1.31,1.564,rt,
musienene,2026-07-11,1.402,1.12,1.772,1.29,1.543,rt,
musienene,2026-07-12,1.381,1.089,1.754,1.266,1.524,rt,
musienene,2026-07-13,1.356,1.053,1.755,1.233,1.506,rt,
musienene,2026-07-14,1.333,1.053,1.678,1.214,1.468,rt,
musienene,2026-07-15,1.307,1.05,1.628,1.194,1.43,rt,
musienene,2026-07-16,1.279,1.031,1.591,1.174,1.398,rt,
musienene,2026-07-17,1.253,1.016,1.542,1.148,1.371,rt,
musienene,2026-07-18,1.227,0.99,1.51,1.122,1.35,rt,
musienene,2026-07-19,1.2,0.953,1.498,1.093,1.326,rt,
musienene,2026-07-20,1.185,0.913,1.493,1.067,1.308,rt,
musienene,2026-07-21,1.175,0.919,1.454,1.062,1.285,rt,
musienene,2026-07-22,1.164,0.924,1.418,1.057,1.266,rt,
musienene,2026-07-23,1.154,0.917,1.401,1.052,1.253,rt,
musienene,2026-07-24,1.14,0.914,1.385,1.045,1.238,rt,
musienene,2026-07-25,1.128,0.903,1.378,1.035,1.225,rt,
musienene,2026-07-26,1.115,0.881,1.385,1.021,1.219,rt,
musienene,2026-07-27,1.111,0.859,1.398,1.01,1.225,rt,
musienene,2026-07-28,1.115,0.88,1.383,1.018,1.218,rt,
musienene,2026-07-29,1.12,0.893,1.377,1.024,1.215,rt,
musienene,2026-07-30,1.121,0.896,1.374,1.029,1.215,rt,
musienene,2026-07-31,1.122,0.91,1.365,1.039,1.213,rt,
musienene,2026-08-01,1.122,0.908,1.366,1.04,1.215,rt,
musienene,2026-08-02,1.126,0.902,1.385,1.033,1.226,rt,
musienene,2026-08-03,1.121,0.888,1.398,1.021,1.234,rt,
musienene,2026-08-04,1.127,0.907,1.385,1.034,1.229,rt,
musienene,2026-08-05,1.132,0.926,1.379,1.043,1.227,rt,
musienene,2026-08-06,1.141,0.931,1.387,1.05,1.231,rt,
musienene,2026-08-07,1.15,0.94,1.395,1.059,1.235,rt,
musienene,2026-08-08,1.154,0.94,1.401,1.066,1.246,rt,
musienene,2026-08-09,1.158,0.93,1.42,1.067,1.258,rt,
musienene,2026-08-10,1.158,0.914,1.441,1.06,1.27,rt,
musienene,2026-08-11,1.159,0.935,1.428,1.07,1.266,rt,
musienene,2026-08-12,1.163,0.95,1.424,1.074,1.264,rt,
musienene,2026-08-13,1.167,0.954,1.422,1.074,1.264,rt,
musienene,2026-08-14,1.171,0.963,1.419,1.08,1.268,rt,
musienene,2026-08-15,1.171,0.954,1.434,1.079,1.27,rt,
musienene,2026-08-16,1.171,0.943,1.443,1.074,1.276,rt,
musienene,2026-08-17,1.179,0.924,1.49,1.07,1.293,rt,
musienene,2026-08-18,1.175,0.945,1.457,1.077,1.282,rt,
musienene,2026-08-19,1.168,0.952,1.445,1.077,1.271,rt,
musienene,2026-08-20,1.163,0.951,1.429,1.067,1.262,rt,
musienene,2026-08-21,1.147,0.939,1.406,1.055,1.241,rt,
musienene,2026-08-22,1.127,0.919,1.39,1.039,1.226,rt,
musienene,2026-08-23,1.111,0.883,1.393,1.017,1.211,rt,
musienene,2026-08-24,1.09,0.841,1.38,0.987,1.195,rt,
musienene,2026-08-25,1.058,0.835,1.321,0.963,1.159,rt,
musienene,2026-08-26,1.028,0.822,1.277,0.94,1.122,rt,
musienene,2026-08-27,1.0,0.802,1.232,0.911,1.091,rt,
musienene,2026-08-28,0.973,0.78,1.189,0.885,1.059,rt,
musienene,2026-08-29,0.943,0.752,1.16,0.856,1.031,rt,
musienene,2026-08-30,0.909,0.709,1.139,0.823,1.002,rt,
musienene,2026-08-31,0.861,0.653,1.111,0.777,0.957,rt,
musienene,2026-09-01,0.828,0.638,1.05,0.747,0.913,rt,
musienene,2026-09-02,0.797,0.62,1.0,0.723,0.875,rt,
musienene,2026-09-03,0.766,0.598,0.964,0.694,0.843,rt,
musienene,2026-09-04,0.739,0.576,0.934,0.667,0.815,rt,
musienene,2026-09-05,0.712,0.551,0.909,0.643,0.79,rt,
musienene,2026-09-06,0.685,0.52,0.887,0.615,0.768,rt,
musienene,2026-09-07,0.664,0.492,0.879,0.591,0.754,rt,
musienene,2026-09-08,0.66,0.497,0.867,0.592,0.745,rt,
musienene,2026-09-09,0.659,0.499,0.864,0.589,0.738,rt,
musienene,2026-09-10,0.657,0.497,0.858,0.586,0.735,rt,
musienene,2026-09-11,0.658,0.499,0.867,0.586,0.739,rt,
musienene,2026-09-12,0.659,0.491,0.879,0.584,0.746,rt,
musienene,2026-09-13,0.661,0.483,0.896,0.581,0.756,rt,
musienene,2026-09-14,0.673,0.476,0.936,0.584,0.775,rt,
musienene,2026-09-15,0.682,0.486,0.942,0.595,0.784,rt,
musienene,2026-09-16,0.694,0.495,0.967,0.603,0.798,rt,
musienene,2026-09-17,0.707,0.497,0.981,0.611,0.807,rt,
musienene,2026-09-18,0.714,0.494,1.014,0.616,0.819,rt,
musienene,2026-09-19,0.72,0.492,1.048,0.618,0.838,rt,
musienene,2026-09-20,0.727,0.488,1.083,0.619,0.854,rt,
musienene,2026-09-21,0.737,0.484,1.12,0.622,0.879,rt,
musienene,2026-09-22,0.747,0.489,1.139,0.624,0.884,rt,
musienene,2026-09-23,0.753,0.488,1.151,0.627,0.896,rt,
musienene,2026-09-24,0.756,0.486,1.174,0.632,0.908,rt,
musienene,2026-09-25,0.761,0.478,1.194,0.631,0.913,rt,
musienene,2026-09-26,0.769,0.472,1.229,0.626,0.921,rt,
musienene,2026-09-27,0.768,0.467,1.26,0.622,0.935,rt,
musienene,2026-09-28,0.768,0.457,1.281,0.607,0.949,rt,
musienene,2026-09-29,0.773,0.452,1.291,0.611,0.955,rt,
musienene,2026-09-30,0.779,0.448,1.312,0.61,0.961,rt,
musienene,2026-10-01,0.782,0.443,1.342,0.609,0.973,rt,
musienene,2026-10-02,0.781,0.434,1.365,0.611,0.978,rt,
mutwanga,2026-08-20,1.547,1.368,1.756,1.468,1.625,rt,
mutwanga,2026-08-21,1.535,1.375,1.739,1.462,1.613,rt,
mutwanga,2026-08-22,1.527,1.376,1.726,1.457,1.601,rt,
mutwanga,2026-08-23,1.517,1.367,1.711,1.443,1.593,rt,
mutwanga,2026-08-24,1.497,1.346,1.699,1.423,1.576,rt,
mutwanga,2026-08-25,1.473,1.321,1.678,1.402,1.553,rt,
mutwanga,2026-08-26,1.45,1.295,1.658,1.38,1.532,rt,
mutwanga,2026-08-27,1.425,1.268,1.634,1.355,1.512,rt,
mutwanga,2026-08-28,1.403,1.255,1.604,1.337,1.482,rt,
mutwanga,2026-08-29,1.378,1.227,1.575,1.314,1.453,rt,
mutwanga,2026-08-30,1.353,1.2,1.545,1.288,1.422,rt,
mutwanga,2026-08-31,1.302,1.146,1.492,1.234,1.371,rt,
mutwanga,2026-09-01,1.255,1.098,1.442,1.191,1.324,rt,
mutwanga,2026-09-02,1.21,1.055,1.401,1.147,1.283,rt,
mutwanga,2026-09-03,1.171,1.013,1.36,1.106,1.243,rt,
mutwanga,2026-09-04,1.131,0.986,1.311,1.069,1.197,rt,
mutwanga,2026-09-05,1.095,0.957,1.262,1.036,1.158,rt,
mutwanga,2026-09-06,1.058,0.927,1.225,0.999,1.124,rt,
mutwanga,2026-09-07,1.033,0.895,1.195,0.97,1.097,rt,
mutwanga,2026-09-08,1.016,0.882,1.172,0.954,1.077,rt,
mutwanga,2026-09-09,0.998,0.864,1.156,0.937,1.058,rt,
mutwanga,2026-09-10,0.981,0.843,1.14,0.921,1.043,rt,
mutwanga,2026-09-11,0.973,0.838,1.124,0.913,1.031,rt,
mutwanga,2026-09-12,0.964,0.829,1.111,0.906,1.021,rt,
mutwanga,2026-09-13,0.954,0.818,1.104,0.897,1.012,rt,
mutwanga,2026-09-14,0.96,0.815,1.116,0.9,1.022,rt,
mutwanga,2026-09-15,0.965,0.816,1.128,0.905,1.029,rt,
mutwanga,2026-09-16,0.968,0.814,1.14,0.907,1.035,rt,
mutwanga,2026-09-17,0.973,0.812,1.157,0.907,1.043,rt,
mutwanga,2026-09-18,0.976,0.81,1.161,0.906,1.05,rt,
mutwanga,2026-09-19,0.98,0.808,1.17,0.902,1.056,rt,
mutwanga,2026-09-20,0.984,0.796,1.186,0.9,1.062,rt,
mutwanga,2026-09-21,0.989,0.787,1.212,0.901,1.078,rt,
mutwanga,2026-09-22,0.992,0.781,1.228,0.901,1.088,rt,
mutwanga,2026-09-23,0.997,0.775,1.241,0.9,1.098,rt,
mutwanga,2026-09-24,0.997,0.765,1.254,0.897,1.105,rt,
mutwanga,2026-09-25,1.0,0.754,1.274,0.891,1.109,rt,
mutwanga,2026-09-26,0.999,0.745,1.288,0.883,1.112,rt,
mutwanga,2026-09-27,0.999,0.728,1.305,0.877,1.115,rt,
mutwanga,2026-09-28,0.991,0.714,1.314,0.864,1.115,rt,
mutwanga,2026-09-29,0.985,0.704,1.326,0.862,1.116,rt,
mutwanga,2026-09-30,0.978,0.687,1.342,0.856,1.121,rt,
mutwanga,2026-10-01,0.977,0.698,1.307,0.858,1.108,rt,
mutwanga,2026-10-02,0.976,0.708,1.278,0.863,1.097,rt,
oicha,2026-07-22,1.28,1.125,1.464,1.212,1.35,rt,
oicha,2026-07-23,1.278,1.117,1.474,1.211,1.353,rt,
oicha,2026-07-24,1.277,1.132,1.465,1.216,1.348,rt,
oicha,2026-07-25,1.277,1.137,1.463,1.218,1.346,rt,
oicha,2026-07-26,1.277,1.137,1.459,1.217,1.347,rt,
oicha,2026-07-27,1.287,1.136,1.474,1.219,1.358,rt,
oicha,2026-07-28,1.3,1.149,1.486,1.23,1.374,rt,
oicha,2026-07-29,1.312,1.157,1.499,1.242,1.386,rt,
oicha,2026-07-30,1.323,1.163,1.517,1.25,1.397,rt,
oicha,2026-07-31,1.333,1.18,1.518,1.268,1.405,rt,
oicha,2026-08-01,1.346,1.196,1.519,1.278,1.413,rt,
oicha,2026-08-02,1.355,1.205,1.536,1.29,1.421,rt,
oicha,2026-08-03,1.358,1.205,1.545,1.295,1.431,rt,
oicha,2026-08-04,1.369,1.218,1.553,1.306,1.44,rt,
oicha,2026-08-05,1.379,1.227,1.565,1.315,1.452,rt,
oicha,2026-08-06,1.392,1.229,1.58,1.325,1.468,rt,
oicha,2026-08-07,1.405,1.252,1.584,1.339,1.474,rt,
oicha,2026-08-08,1.416,1.271,1.588,1.353,1.488,rt,
oicha,2026-08-09,1.427,1.282,1.605,1.365,1.498,rt,
oicha,2026-08-10,1.431,1.28,1.62,1.369,1.503,rt,
oicha,2026-08-11,1.441,1.286,1.63,1.377,1.51,rt,
oicha,2026-08-12,1.45,1.292,1.645,1.381,1.521,rt,
oicha,2026-08-13,1.458,1.293,1.653,1.387,1.531,rt,
oicha,2026-08-14,1.462,1.312,1.646,1.398,1.535,rt,
oicha,2026-08-15,1.468,1.32,1.658,1.403,1.541,rt,
oicha,2026-08-16,1.475,1.323,1.669,1.405,1.545,rt,
oicha,2026-08-17,1.489,1.328,1.681,1.416,1.56,rt,
oicha,2026-08-18,1.498,1.333,1.692,1.424,1.573,rt,
oicha,2026-08-19,1.506,1.339,1.707,1.429,1.58,rt,
oicha,2026-08-20,1.512,1.339,1.725,1.434,1.592,rt,
oicha,2026-08-21,1.5,1.342,1.703,1.428,1.579,rt,
oicha,2026-08-22,1.489,1.339,1.693,1.422,1.568,rt,
oicha,2026-08-23,1.479,1.333,1.688,1.413,1.559,rt,
oicha,2026-08-24,1.461,1.314,1.673,1.393,1.544,rt,
oicha,2026-08-25,1.439,1.287,1.644,1.369,1.522,rt,
oicha,2026-08-26,1.417,1.265,1.624,1.344,1.499,rt,
oicha,2026-08-27,1.394,1.235,1.6,1.322,1.477,rt,
oicha,2026-08-28,1.369,1.221,1.563,1.303,1.446,rt,
oicha,2026-08-29,1.343,1.197,1.526,1.277,1.416,rt,
oicha,2026-08-30,1.318,1.17,1.503,1.254,1.389,rt,
oicha,2026-08-31,1.264,1.115,1.452,1.201,1.336,rt,
oicha,2026-09-01,1.218,1.068,1.399,1.159,1.287,rt,
oicha,2026-09-02,1.177,1.026,1.354,1.116,1.245,rt,
oicha,2026-09-03,1.136,0.985,1.318,1.076,1.204,rt,
oicha,2026-09-04,1.099,0.961,1.265,1.039,1.163,rt,
oicha,2026-09-05,1.061,0.93,1.226,1.004,1.124,rt,
oicha,2026-09-06,1.028,0.896,1.186,0.969,1.088,rt,
oicha,2026-09-07,1.0,0.866,1.157,0.94,1.061,rt,
oicha,2026-09-08,0.983,0.853,1.137,0.923,1.042,rt,
oicha,2026-09-09,0.967,0.836,1.121,0.905,1.026,rt,
oicha,2026-09-10,0.951,0.817,1.11,0.891,1.011,rt,
oicha,2026-09-11,0.941,0.813,1.088,0.883,0.998,rt,
oicha,2026-09-12,0.932,0.803,1.074,0.877,0.99,rt,
oicha,2026-09-13,0.921,0.792,1.068,0.868,0.984,rt,
oicha,2026-09-14,0.929,0.79,1.085,0.871,0.994,rt,
oicha,2026-09-15,0.934,0.789,1.097,0.876,1.0,rt,
oicha,2026-09-16,0.937,0.789,1.111,0.878,1.007,rt,
oicha,2026-09-17,0.942,0.783,1.125,0.877,1.014,rt,
oicha,2026-09-18,0.947,0.783,1.129,0.877,1.02,rt,
oicha,2026-09-19,0.951,0.779,1.139,0.876,1.026,rt,
oicha,2026-09-20,0.952,0.771,1.157,0.873,1.032,rt,
oicha,2026-09-21,0.958,0.763,1.183,0.873,1.045,rt,
oicha,2026-09-22,0.964,0.757,1.191,0.872,1.056,rt,
oicha,2026-09-23,0.969,0.748,1.212,0.87,1.066,rt,
oicha,2026-09-24,0.97,0.737,1.228,0.869,1.075,rt,
oicha,2026-09-25,0.972,0.729,1.245,0.862,1.079,rt,
oicha,2026-09-26,0.971,0.72,1.258,0.857,1.081,rt,
oicha,2026-09-27,0.967,0.703,1.277,0.851,1.087,rt,
oicha,2026-09-28,0.959,0.69,1.29,0.839,1.084,rt,
oicha,2026-09-29,0.954,0.681,1.3,0.833,1.085,rt,
oicha,2026-09-30,0.949,0.667,1.315,0.832,1.088,rt,
oicha,2026-10-01,0.947,0.676,1.279,0.833,1.076,rt,
oicha,2026-10-02,0.943,0.68,1.25,0.833,1.066,rt,
vuhovi,2026-08-09,1.667,1.351,2.054,1.539,1.82,rt,
vuhovi,2026-08-10,1.68,1.346,2.091,1.534,1.833,rt,
vuhovi,2026-08-11,1.697,1.372,2.093,1.549,1.836,rt,
vuhovi,2026-08-12,1.711,1.396,2.1,1.568,1.849,rt,
vuhovi,2026-08-13,1.723,1.402,2.13,1.585,1.862,rt,
vuhovi,2026-08-14,1.738,1.429,2.138,1.602,1.865,rt,
vuhovi,2026-08-15,1.751,1.434,2.17,1.617,1.88,rt,
vuhovi,2026-08-16,1.756,1.435,2.213,1.619,1.899,rt,
vuhovi,2026-08-17,1.783,1.437,2.276,1.631,1.942,rt,
vuhovi,2026-08-18,1.797,1.462,2.275,1.654,1.96,rt,
vuhovi,2026-08-19,1.817,1.479,2.282,1.673,1.979,rt,
vuhovi,2026-08-20,1.832,1.488,2.295,1.684,2.0,rt,
vuhovi,2026-08-21,1.833,1.494,2.288,1.676,2.001,rt,
vuhovi,2026-08-22,1.829,1.487,2.289,1.677,1.997,rt,
vuhovi,2026-08-23,1.825,1.477,2.296,1.664,2.003,rt,
vuhovi,2026-08-24,1.809,1.451,2.31,1.646,1.994,rt,
vuhovi,2026-08-25,1.784,1.441,2.274,1.624,1.962,rt,
vuhovi,2026-08-26,1.751,1.422,2.228,1.597,1.926,rt,
vuhovi,2026-08-27,1.717,1.395,2.193,1.564,1.897,rt,
vuhovi,2026-08-28,1.688,1.367,2.166,1.54,1.86,rt,
vuhovi,2026-08-29,1.655,1.332,2.13,1.508,1.828,rt,
vuhovi,2026-08-30,1.627,1.291,2.087,1.477,1.794,rt,
vuhovi,2026-08-31,1.564,1.221,2.034,1.409,1.729,rt,
vuhovi,2026-09-01,1.499,1.174,1.925,1.356,1.647,rt,
vuhovi,2026-09-02,1.436,1.126,1.821,1.299,1.573,rt,
vuhovi,2026-09-03,1.381,1.083,1.748,1.247,1.514,rt,
vuhovi,2026-09-04,1.319,1.041,1.663,1.196,1.45,rt,
vuhovi,2026-09-05,1.268,0.993,1.59,1.148,1.39,rt,
vuhovi,2026-09-06,1.215,0.941,1.541,1.101,1.34,rt,
vuhovi,2026-09-07,1.172,0.893,1.519,1.058,1.307,rt,
vuhovi,2026-09-08,1.141,0.885,1.451,1.034,1.269,rt,
vuhovi,2026-09-09,1.111,0.871,1.415,1.01,1.231,rt,
vuhovi,2026-09-10,1.084,0.842,1.378,0.982,1.199,rt,
vuhovi,2026-09-11,1.066,0.828,1.349,0.967,1.177,rt,
vuhovi,2026-09-12,1.047,0.808,1.329,0.946,1.152,rt,
vuhovi,2026-09-13,1.03,0.786,1.315,0.922,1.137,rt,
vuhovi,2026-09-14,1.021,0.772,1.337,0.914,1.143,rt,
vuhovi,2026-09-15,1.023,0.769,1.335,0.913,1.14,rt,
vuhovi,2026-09-16,1.027,0.771,1.329,0.914,1.143,rt,
vuhovi,2026-09-17,1.027,0.765,1.339,0.91,1.144,rt,
vuhovi,2026-09-18,1.025,0.759,1.347,0.906,1.145,rt,
vuhovi,2026-09-19,1.019,0.744,1.372,0.897,1.148,rt,
vuhovi,2026-09-20,1.013,0.725,1.39,0.883,1.154,rt,
vuhovi,2026-09-21,1.017,0.716,1.421,0.878,1.169,rt,
vuhovi,2026-09-22,1.019,0.713,1.432,0.878,1.167,rt,
vuhovi,2026-09-23,1.023,0.705,1.441,0.878,1.171,rt,
vuhovi,2026-09-24,1.027,0.698,1.447,0.875,1.184,rt,
vuhovi,2026-09-25,1.022,0.682,1.454,0.874,1.184,rt,
vuhovi,2026-09-26,1.019,0.67,1.475,0.862,1.189,rt,
vuhovi,2026-09-27,1.017,0.653,1.507,0.845,1.195,rt,
vuhovi,2026-09-28,1.005,0.625,1.527,0.825,1.199,rt,
vuhovi,2026-09-29,0.998,0.617,1.512,0.826,1.192,rt,
vuhovi,2026-09-30,0.986,0.61,1.525,0.817,1.198,rt,
vuhovi,2026-10-01,0.979,0.616,1.499,0.813,1.188,rt,
vuhovi,2026-10-02,0.974,0.607,1.508,0.802,1.179,rt,
boma_mangbetu,2026-07-14,1.654,1.265,2.123,1.49,1.825,rt,
boma_mangbetu,2026-07-15,1.618,1.252,2.057,1.458,1.778,rt,
boma_mangbetu,2026-07-16,1.585,1.235,2.017,1.428,1.743,rt,
boma_mangbetu,2026-07-17,1.55,1.223,1.956,1.406,1.698,rt,
boma_mangbetu,2026-07-18,1.512,1.202,1.907,1.379,1.665,rt,
boma_mangbetu,2026-07-19,1.476,1.174,1.897,1.351,1.634,rt,
boma_mangbetu,2026-07-20,1.454,1.139,1.883,1.316,1.609,rt,
boma_mangbetu,2026-07-21,1.424,1.121,1.832,1.297,1.569,rt,
boma_mangbetu,2026-07-22,1.396,1.107,1.782,1.274,1.537,rt,
boma_mangbetu,2026-07-23,1.374,1.089,1.751,1.253,1.507,rt,
boma_mangbetu,2026-07-24,1.344,1.076,1.702,1.229,1.468,rt,
boma_mangbetu,2026-07-25,1.317,1.057,1.663,1.208,1.438,rt,
boma_mangbetu,2026-07-26,1.289,1.031,1.638,1.179,1.415,rt,
boma_mangbetu,2026-07-27,1.268,0.992,1.623,1.152,1.394,rt,
boma_mangbetu,2026-07-28,1.24,0.98,1.562,1.133,1.36,rt,
boma_mangbetu,2026-07-29,1.213,0.961,1.516,1.111,1.329,rt,
boma_mangbetu,2026-07-30,1.189,0.947,1.479,1.088,1.305,rt,
boma_mangbetu,2026-07-31,1.167,0.918,1.428,1.065,1.27,rt,
boma_mangbetu,2026-08-01,1.14,0.892,1.405,1.039,1.246,rt,
boma_mangbetu,2026-08-02,1.117,0.855,1.394,1.01,1.222,rt,
boma_mangbetu,2026-08-03,1.093,0.818,1.389,0.978,1.204,rt,
boma_mangbetu,2026-08-04,1.079,0.824,1.354,0.974,1.19,rt,
boma_mangbetu,2026-08-05,1.073,0.821,1.328,0.969,1.174,rt,
boma_mangbetu,2026-08-06,1.063,0.815,1.31,0.956,1.165,rt,
boma_mangbetu,2026-08-07,1.05,0.811,1.289,0.953,1.147,rt,
boma_mangbetu,2026-08-08,1.036,0.805,1.278,0.943,1.133,rt,
boma_mangbetu,2026-08-09,1.025,0.787,1.272,0.931,1.124,rt,
boma_mangbetu,2026-08-10,1.007,0.766,1.27,0.907,1.108,rt,
boma_mangbetu,2026-08-11,0.992,0.767,1.239,0.9,1.087,rt,
boma_mangbetu,2026-08-12,0.981,0.758,1.214,0.889,1.073,rt,
boma_mangbetu,2026-08-13,0.969,0.752,1.203,0.875,1.055,rt,
boma_mangbetu,2026-08-14,0.96,0.75,1.186,0.867,1.043,rt,
boma_mangbetu,2026-08-15,0.949,0.745,1.168,0.854,1.033,rt,
boma_mangbetu,2026-08-16,0.936,0.731,1.164,0.839,1.025,rt,
boma_mangbetu,2026-08-17,0.925,0.708,1.163,0.825,1.018,rt,
boma_mangbetu,2026-08-18,0.917,0.715,1.146,0.821,1.007,rt,
boma_mangbetu,2026-08-19,0.908,0.712,1.135,0.818,1.001,rt,
boma_mangbetu,2026-08-20,0.899,0.708,1.132,0.811,0.992,rt,
boma_mangbetu,2026-08-21,0.891,0.708,1.119,0.809,0.983,rt,
boma_mangbetu,2026-08-22,0.884,0.699,1.118,0.802,0.977,rt,
boma_mangbetu,2026-08-23,0.877,0.686,1.118,0.791,0.97,rt,
boma_mangbetu,2026-08-24,0.887,0.683,1.142,0.794,0.984,rt,
boma_mangbetu,2026-08-25,0.898,0.697,1.149,0.809,0.994,rt,
boma_mangbetu,2026-08-26,0.907,0.707,1.161,0.816,1.006,rt,
boma_mangbetu,2026-08-27,0.916,0.715,1.177,0.825,1.016,rt,
boma_mangbetu,2026-08-28,0.923,0.726,1.17,0.836,1.02,rt,
boma_mangbetu,2026-08-29,0.931,0.733,1.177,0.843,1.027,rt,
boma_mangbetu,2026-08-30,0.937,0.731,1.194,0.846,1.035,rt,
boma_mangbetu,2026-08-31,0.952,0.734,1.226,0.854,1.055,rt,
boma_mangbetu,2026-09-01,0.961,0.742,1.231,0.867,1.059,rt,
boma_mangbetu,2026-09-02,0.969,0.751,1.243,0.876,1.07,rt,
boma_mangbetu,2026-09-03,0.98,0.751,1.259,0.883,1.082,rt,
boma_mangbetu,2026-09-04,0.979,0.754,1.253,0.884,1.087,rt,
boma_mangbetu,2026-09-05,0.98,0.753,1.263,0.883,1.094,rt,
boma_mangbetu,2026-09-06,0.981,0.742,1.28,0.884,1.102,rt,
boma_mangbetu,2026-09-07,0.976,0.73,1.275,0.87,1.096,rt,
boma_mangbetu,2026-09-08,0.97,0.724,1.259,0.862,1.084,rt,
boma_mangbetu,2026-09-09,0.964,0.717,1.256,0.855,1.071,rt,
boma_mangbetu,2026-09-10,0.956,0.707,1.249,0.844,1.063,rt,
boma_mangbetu,2026-09-11,0.953,0.698,1.255,0.844,1.065,rt,
boma_mangbetu,2026-09-12,0.951,0.686,1.267,0.843,1.066,rt,
boma_mangbetu,2026-09-13,0.951,0.68,1.276,0.837,1.074,rt,
boma_mangbetu,2026-09-14,0.948,0.662,1.288,0.827,1.072,rt,
boma_mangbetu,2026-09-15,0.943,0.66,1.293,0.822,1.07,rt,
boma_mangbetu,2026-09-16,0.936,0.653,1.281,0.816,1.069,rt,
boma_mangbetu,2026-09-17,0.936,0.646,1.275,0.806,1.071,rt,
boma_mangbetu,2026-09-18,0.929,0.641,1.279,0.801,1.069,rt,
boma_mangbetu,2026-09-19,0.924,0.628,1.291,0.792,1.069,rt,
boma_mangbetu,2026-09-20,0.917,0.609,1.304,0.783,1.069,rt,
boma_mangbetu,2026-09-21,0.918,0.594,1.319,0.781,1.077,rt,
boma_mangbetu,2026-09-22,0.919,0.589,1.333,0.784,1.08,rt,
boma_mangbetu,2026-09-23,0.92,0.586,1.346,0.781,1.081,rt,
boma_mangbetu,2026-09-24,0.917,0.581,1.36,0.776,1.085,rt,
boma_mangbetu,2026-09-25,0.913,0.571,1.362,0.766,1.085,rt,
boma_mangbetu,2026-09-26,0.914,0.563,1.356,0.76,1.082,rt,
boma_mangbetu,2026-09-27,0.906,0.55,1.379,0.752,1.08,rt,
boma_mangbetu,2026-09-28,0.904,0.537,1.39,0.746,1.077,rt,
boma_mangbetu,2026-09-29,0.899,0.538,1.373,0.741,1.075,rt,
boma_mangbetu,2026-09-30,0.896,0.54,1.381,0.736,1.073,rt,
boma_mangbetu,2026-10-01,0.894,0.547,1.363,0.737,1.062,rt,
boma_mangbetu,2026-10-02,0.886,0.535,1.349,0.736,1.062,rt,
isiro,2026-07-08,2.805,2.119,3.944,2.466,3.181,rt,
isiro,2026-07-09,2.741,2.089,3.812,2.417,3.113,rt,
isiro,2026-07-10,2.651,2.027,3.615,2.368,2.999,rt,
isiro,2026-07-11,2.572,1.975,3.476,2.295,2.894,rt,
isiro,2026-07-12,2.502,1.91,3.362,2.231,2.797,rt,
isiro,2026-07-13,2.42,1.84,3.278,2.167,2.729,rt,
isiro,2026-07-14,2.336,1.813,3.116,2.1,2.601,rt,
isiro,2026-07-15,2.256,1.768,2.973,2.034,2.497,rt,
isiro,2026-07-16,2.176,1.716,2.851,1.974,2.414,rt,
isiro,2026-07-17,2.102,1.687,2.7,1.918,2.324,rt,
isiro,2026-07-18,2.029,1.641,2.595,1.852,2.241,rt,
isiro,2026-07-19,1.97,1.569,2.502,1.781,2.168,rt,
isiro,2026-07-20,1.908,1.512,2.429,1.722,2.102,rt,
isiro,2026-07-21,1.858,1.487,2.32,1.686,2.033,rt,
isiro,2026-07-22,1.813,1.459,2.246,1.65,1.973,rt,
isiro,2026-07-23,1.765,1.422,2.189,1.619,1.922,rt,
isiro,2026-07-24,1.717,1.402,2.129,1.582,1.86,rt,
isiro,2026-07-25,1.674,1.363,2.068,1.541,1.808,rt,
isiro,2026-07-26,1.627,1.319,2.03,1.496,1.765,rt,
isiro,2026-07-27,1.585,1.273,1.993,1.451,1.734,rt,
isiro,2026-07-28,1.549,1.268,1.936,1.429,1.691,rt,
isiro,2026-07-29,1.517,1.243,1.876,1.402,1.655,rt,
isiro,2026-07-30,1.483,1.22,1.833,1.375,1.622,rt,
isiro,2026-07-31,1.454,1.21,1.777,1.349,1.577,rt,
isiro,2026-08-01,1.424,1.188,1.742,1.314,1.549,rt,
isiro,2026-08-02,1.394,1.149,1.708,1.277,1.512,rt,
isiro,2026-08-03,1.365,1.109,1.694,1.244,1.487,rt,
isiro,2026-08-04,1.32,1.078,1.634,1.213,1.428,rt,
isiro,2026-08-05,1.276,1.05,1.572,1.177,1.377,rt,
isiro,2026-08-06,1.234,1.013,1.529,1.136,1.329,rt,
isiro,2026-08-07,1.191,0.984,1.474,1.1,1.283,rt,
isiro,2026-08-08,1.148,0.946,1.416,1.059,1.238,rt,
isiro,2026-08-09,1.107,0.904,1.37,1.02,1.203,rt,
isiro,2026-08-10,1.06,0.849,1.33,0.967,1.161,rt,
isiro,2026-08-11,1.011,0.815,1.261,0.924,1.111,rt,
isiro,2026-08-12,0.97,0.78,1.208,0.885,1.06,rt,
isiro,2026-08-13,0.926,0.745,1.16,0.843,1.009,rt,
isiro,2026-08-14,0.887,0.708,1.1,0.81,0.964,rt,
isiro,2026-08-15,0.847,0.665,1.054,0.773,0.925,rt,
isiro,2026-08-16,0.809,0.627,1.012,0.733,0.89,rt,
isiro,2026-08-17,0.773,0.582,0.979,0.698,0.858,rt,
isiro,2026-08-18,0.744,0.566,0.94,0.673,0.824,rt,
isiro,2026-08-19,0.714,0.543,0.91,0.646,0.793,rt,
isiro,2026-08-20,0.686,0.518,0.878,0.618,0.76,rt,
isiro,2026-08-21,0.659,0.494,0.847,0.594,0.738,rt,
isiro,2026-08-22,0.637,0.475,0.813,0.57,0.71,rt,
isiro,2026-08-23,0.613,0.45,0.796,0.541,0.685,rt,
isiro,2026-08-24,0.601,0.431,0.79,0.526,0.677,rt,
isiro,2026-08-25,0.59,0.425,0.774,0.519,0.664,rt,
isiro,2026-08-26,0.579,0.413,0.76,0.511,0.656,rt,
isiro,2026-08-27,0.571,0.409,0.746,0.501,0.643,rt,
isiro,2026-08-28,0.562,0.398,0.737,0.49,0.632,rt,
isiro,2026-08-29,0.551,0.378,0.729,0.479,0.62,rt,
isiro,2026-08-30,0.541,0.357,0.722,0.463,0.612,rt,
isiro,2026-08-31,0.537,0.344,0.73,0.453,0.612,rt,
isiro,2026-09-01,0.536,0.349,0.725,0.452,0.609,rt,
isiro,2026-09-02,0.532,0.348,0.72,0.45,0.608,rt,
isiro,2026-09-03,0.529,0.344,0.723,0.449,0.608,rt,
isiro,2026-09-04,0.521,0.339,0.718,0.446,0.605,rt,
isiro,2026-09-05,0.516,0.33,0.723,0.443,0.6,rt,
isiro,2026-09-06,0.512,0.319,0.733,0.435,0.599,rt,
isiro,2026-09-07,0.505,0.303,0.741,0.426,0.593,rt,
isiro,2026-09-08,0.503,0.307,0.73,0.425,0.586,rt,
isiro,2026-09-09,0.501,0.312,0.73,0.426,0.583,rt,
isiro,2026-09-10,0.501,0.311,0.725,0.425,0.585,rt,
isiro,2026-09-11,0.507,0.315,0.729,0.427,0.593,rt,
isiro,2026-09-12,0.509,0.314,0.738,0.425,0.601,rt,
isiro,2026-09-13,0.514,0.308,0.75,0.426,0.608,rt,
isiro,2026-09-14,0.517,0.305,0.762,0.424,0.613,rt,
isiro,2026-09-15,0.519,0.306,0.765,0.429,0.617,rt,
isiro,2026-09-16,0.521,0.307,0.782,0.43,0.621,rt,
isiro,2026-09-17,0.526,0.308,0.794,0.432,0.627,rt,
isiro,2026-09-18,0.528,0.31,0.805,0.432,0.634,rt,
isiro,2026-09-19,0.536,0.304,0.82,0.433,0.641,rt,
isiro,2026-09-20,0.537,0.297,0.843,0.431,0.649,rt,
isiro,2026-09-21,0.543,0.291,0.871,0.431,0.661,rt,
isiro,2026-09-22,0.549,0.297,0.897,0.435,0.671,rt,
isiro,2026-09-23,0.554,0.3,0.918,0.44,0.683,rt,
isiro,2026-09-24,0.564,0.303,0.938,0.445,0.695,rt,
isiro,2026-09-25,0.564,0.306,0.94,0.445,0.703,rt,
isiro,2026-09-26,0.566,0.306,0.962,0.445,0.709,rt,
isiro,2026-09-27,0.568,0.302,0.991,0.445,0.715,rt,
isiro,2026-09-28,0.571,0.297,1.018,0.445,0.729,rt,
isiro,2026-09-29,0.579,0.299,1.037,0.453,0.735,rt,
isiro,2026-09-30,0.594,0.298,1.074,0.462,0.747,rt,
isiro,2026-10-01,0.605,0.301,1.079,0.473,0.763,rt,
isiro,2026-10-02,0.615,0.305,1.11,0.479,0.776,rt,
pawa,2026-07-12,1.967,1.491,2.59,1.748,2.185,rt,
pawa,2026-07-13,1.912,1.422,2.54,1.689,2.13,rt,
pawa,2026-07-14,1.861,1.401,2.437,1.651,2.059,rt,
pawa,2026-07-15,1.812,1.372,2.348,1.614,2.002,rt,
pawa,2026-07-16,1.766,1.341,2.294,1.576,1.943,rt,
pawa,2026-07-17,1.714,1.309,2.216,1.54,1.893,rt,
pawa,2026-07-18,1.666,1.284,2.162,1.504,1.848,rt,
pawa,2026-07-19,1.63,1.246,2.114,1.465,1.809,rt,
pawa,2026-07-20,1.591,1.192,2.086,1.42,1.775,rt,
pawa,2026-07-21,1.565,1.191,2.024,1.402,1.742,rt,
pawa,2026-07-22,1.541,1.182,1.969,1.383,1.712,rt,
pawa,2026-07-23,1.512,1.164,1.936,1.357,1.684,rt,
pawa,2026-07-24,1.482,1.143,1.893,1.335,1.651,rt,
pawa,2026-07-25,1.463,1.113,1.862,1.316,1.615,rt,
pawa,2026-07-26,1.438,1.073,1.825,1.288,1.584,rt,
pawa,2026-07-27,1.416,1.04,1.824,1.263,1.564,rt,
pawa,2026-07-28,1.408,1.057,1.792,1.264,1.554,rt,
pawa,2026-07-29,1.402,1.064,1.765,1.26,1.544,rt,
pawa,2026-07-30,1.391,1.067,1.744,1.259,1.534,rt,
pawa,2026-07-31,1.383,1.075,1.716,1.253,1.519,rt,
pawa,2026-08-01,1.372,1.068,1.704,1.247,1.508,rt,
pawa,2026-08-02,1.367,1.053,1.704,1.243,1.493,rt,
pawa,2026-08-03,1.361,1.036,1.706,1.228,1.492,rt,
pawa,2026-08-04,1.37,1.063,1.702,1.24,1.498,rt,
pawa,2026-08-05,1.385,1.092,1.711,1.261,1.504,rt,
pawa,2026-08-06,1.396,1.105,1.713,1.275,1.515,rt,
pawa,2026-08-07,1.406,1.129,1.726,1.286,1.52,rt,
pawa,2026-08-08,1.412,1.141,1.742,1.297,1.528,rt,
pawa,2026-08-09,1.419,1.148,1.76,1.303,1.543,rt,
pawa,2026-08-10,1.416,1.132,1.79,1.295,1.549,rt,
pawa,2026-08-11,1.411,1.147,1.767,1.298,1.548,rt,
pawa,2026-08-12,1.41,1.152,1.745,1.296,1.543,rt,
pawa,2026-08-13,1.406,1.147,1.753,1.29,1.543,rt,
pawa,2026-08-14,1.406,1.15,1.763,1.29,1.54,rt,
pawa,2026-08-15,1.406,1.14,1.777,1.287,1.538,rt,
pawa,2026-08-16,1.402,1.127,1.805,1.281,1.535,rt,
pawa,2026-08-17,1.4,1.115,1.844,1.271,1.539,rt,
pawa,2026-08-18,1.381,1.107,1.789,1.255,1.519,rt,
pawa,2026-08-19,1.357,1.092,1.743,1.234,1.495,rt,
pawa,2026-08-20,1.336,1.072,1.71,1.213,1.472,rt,
pawa,2026-08-21,1.315,1.058,1.663,1.199,1.441,rt,
pawa,2026-08-22,1.294,1.043,1.637,1.18,1.417,rt,
pawa,2026-08-23,1.271,1.024,1.608,1.162,1.395,rt,
pawa,2026-08-24,1.271,1.018,1.611,1.16,1.396,rt,
pawa,2026-08-25,1.261,1.019,1.589,1.153,1.378,rt,
pawa,2026-08-26,1.253,1.019,1.563,1.146,1.369,rt,
pawa,2026-08-27,1.243,1.005,1.541,1.138,1.353,rt,
pawa,2026-08-28,1.223,1.006,1.501,1.131,1.331,rt,
pawa,2026-08-29,1.209,0.997,1.474,1.12,1.312,rt,
pawa,2026-08-30,1.191,0.975,1.457,1.102,1.293,rt,
pawa,2026-08-31,1.187,0.964,1.462,1.093,1.289,rt,
pawa,2026-09-01,1.182,0.972,1.449,1.092,1.281,rt,
pawa,2026-09-02,1.177,0.971,1.439,1.084,1.276,rt,
pawa,2026-09-03,1.17,0.956,1.435,1.074,1.271,rt,
pawa,2026-09-04,1.154,0.945,1.403,1.067,1.251,rt,
pawa,2026-09-05,1.141,0.931,1.39,1.055,1.234,rt,
pawa,2026-09-06,1.128,0.913,1.378,1.041,1.217,rt,
pawa,2026-09-07,1.105,0.88,1.362,1.013,1.196,rt,
pawa,2026-09-08,1.091,0.872,1.341,0.998,1.179,rt,
pawa,2026-09-09,1.076,0.859,1.326,0.983,1.165,rt,
pawa,2026-09-10,1.062,0.844,1.315,0.965,1.154,rt,
pawa,2026-09-11,1.058,0.839,1.3,0.959,1.153,rt,
pawa,2026-09-12,1.052,0.833,1.294,0.956,1.147,rt,
pawa,2026-09-13,1.046,0.817,1.297,0.95,1.146,rt,
pawa,2026-09-14,1.033,0.796,1.304,0.935,1.138,rt,
pawa,2026-09-15,1.026,0.789,1.302,0.923,1.135,rt,
pawa,2026-09-16,1.016,0.776,1.298,0.912,1.13,rt,
pawa,2026-09-17,1.008,0.759,1.309,0.897,1.127,rt,
pawa,2026-09-18,0.996,0.751,1.299,0.887,1.125,rt,
pawa,2026-09-19,0.989,0.741,1.299,0.874,1.123,rt,
pawa,2026-09-20,0.978,0.722,1.296,0.86,1.121,rt,
pawa,2026-09-21,0.976,0.704,1.313,0.853,1.122,rt,
pawa,2026-09-22,0.974,0.694,1.316,0.849,1.127,rt,
pawa,2026-09-23,0.973,0.685,1.334,0.843,1.133,rt,
pawa,2026-09-24,0.973,0.673,1.347,0.836,1.133,rt,
pawa,2026-09-25,0.966,0.658,1.344,0.823,1.127,rt,
pawa,2026-09-26,0.96,0.642,1.345,0.813,1.12,rt,
pawa,2026-09-27,0.949,0.622,1.355,0.804,1.115,rt,
pawa,2026-09-28,0.944,0.601,1.364,0.799,1.111,rt,
pawa,2026-09-29,0.935,0.6,1.37,0.79,1.109,rt,
pawa,2026-09-30,0.934,0.582,1.385,0.776,1.105,rt,
pawa,2026-10-01,0.929,0.582,1.354,0.779,1.087,rt,
pawa,2026-10-02,0.928,0.581,1.322,0.78,1.079,rt,
wamba,2026-07-01,2.249,1.752,2.987,2.022,2.519,rt,
wamba,2026-07-02,2.193,1.713,2.887,1.968,2.455,rt,
wamba,2026-07-03,2.143,1.676,2.801,1.933,2.391,rt,
wamba,2026-07-04,2.097,1.644,2.721,1.886,2.332,rt,
wamba,2026-07-05,2.047,1.592,2.682,1.841,2.279,rt,
wamba,2026-07-06,1.977,1.505,2.616,1.771,2.21,rt,
wamba,2026-07-07,1.935,1.491,2.541,1.741,2.152,rt,
wamba,2026-07-08,1.899,1.474,2.484,1.713,2.1,rt,
wamba,2026-07-09,1.858,1.454,2.43,1.685,2.056,rt,
wamba,2026-07-10,1.808,1.427,2.316,1.641,1.983,rt,
wamba,2026-07-11,1.755,1.401,2.238,1.597,1.921,rt,
wamba,2026-07-12,1.708,1.35,2.192,1.552,1.875,rt,
wamba,2026-07-13,1.667,1.293,2.143,1.508,1.835,rt,
wamba,2026-07-14,1.635,1.289,2.092,1.485,1.799,rt,
wamba,2026-07-15,1.613,1.279,2.043,1.469,1.772,rt,
wamba,2026-07-16,1.592,1.261,2.009,1.453,1.747,rt,
wamba,2026-07-17,1.575,1.268,1.955,1.439,1.722,rt,
wamba,2026-07-18,1.553,1.244,1.928,1.416,1.705,rt,
wamba,2026-07-19,1.535,1.217,1.917,1.394,1.687,rt,
wamba,2026-07-20,1.518,1.187,1.925,1.371,1.676,rt,
wamba,2026-07-21,1.499,1.182,1.873,1.363,1.646,rt,
wamba,2026-07-22,1.475,1.165,1.829,1.343,1.613,rt,
wamba,2026-07-23,1.458,1.153,1.798,1.33,1.586,rt,
wamba,2026-07-24,1.433,1.154,1.755,1.315,1.559,rt,
wamba,2026-07-25,1.41,1.137,1.727,1.297,1.534,rt,
wamba,2026-07-26,1.384,1.119,1.722,1.276,1.513,rt,
wamba,2026-07-27,1.364,1.09,1.731,1.245,1.496,rt,
wamba,2026-07-28,1.335,1.078,1.653,1.223,1.451,rt,
wamba,2026-07-29,1.303,1.06,1.595,1.204,1.412,rt,
wamba,2026-07-30,1.276,1.03,1.553,1.18,1.38,rt,
wamba,2026-07-31,1.243,1.014,1.495,1.152,1.342,rt,
wamba,2026-08-01,1.212,0.986,1.466,1.123,1.308,rt,
wamba,2026-08-02,1.183,0.953,1.447,1.09,1.284,rt,
wamba,2026-08-03,1.158,0.908,1.432,1.053,1.262,rt,
wamba,2026-08-04,1.136,0.906,1.389,1.041,1.239,rt,
wamba,2026-08-05,1.116,0.897,1.367,1.028,1.216,rt,
wamba,2026-08-06,1.099,0.879,1.352,1.014,1.201,rt,
wamba,2026-08-07,1.082,0.87,1.32,1.001,1.18,rt,
wamba,2026-08-08,1.063,0.853,1.298,0.985,1.157,rt,
wamba,2026-08-09,1.047,0.821,1.289,0.96,1.138,rt,
wamba,2026-08-10,1.022,0.788,1.28,0.933,1.119,rt,
wamba,2026-08-11,1.002,0.79,1.239,0.918,1.09,rt,
wamba,2026-08-12,0.985,0.782,1.211,0.9,1.066,rt,
wamba,2026-08-13,0.965,0.766,1.179,0.881,1.048,rt,
wamba,2026-08-14,0.952,0.761,1.149,0.868,1.031,rt,
wamba,2026-08-15,0.935,0.744,1.131,0.849,1.014,rt,
wamba,2026-08-16,0.916,0.721,1.127,0.83,0.997,rt,
wamba,2026-08-17,0.9,0.693,1.126,0.81,0.985,rt,
wamba,2026-08-18,0.892,0.692,1.101,0.807,0.971,rt,
wamba,2026-08-19,0.877,0.689,1.084,0.8,0.963,rt,
wamba,2026-08-20,0.866,0.685,1.076,0.791,0.953,rt,
wamba,2026-08-21,0.861,0.685,1.061,0.786,0.942,rt,
wamba,2026-08-22,0.852,0.676,1.05,0.776,0.932,rt,
wamba,2026-08-23,0.843,0.664,1.053,0.764,0.925,rt,
wamba,2026-08-24,0.848,0.658,1.079,0.764,0.937,rt,
wamba,2026-08-25,0.863,0.674,1.087,0.78,0.947,rt,
wamba,2026-08-26,0.875,0.686,1.102,0.793,0.96,rt,
wamba,2026-08-27,0.886,0.691,1.116,0.806,0.972,rt,
wamba,2026-08-28,0.895,0.711,1.119,0.819,0.976,rt,
wamba,2026-08-29,0.904,0.723,1.123,0.827,0.99,rt,
wamba,2026-08-30,0.914,0.724,1.143,0.832,1.004,rt,
wamba,2026-08-31,0.931,0.732,1.178,0.842,1.025,rt,
wamba,2026-09-01,0.944,0.755,1.185,0.859,1.036,rt,
wamba,2026-09-02,0.961,0.772,1.196,0.873,1.052,rt,
wamba,2026-09-03,0.973,0.774,1.218,0.886,1.066,rt,
wamba,2026-09-04,0.983,0.781,1.227,0.896,1.073,rt,
wamba,2026-09-05,0.993,0.783,1.248,0.902,1.082,rt,
wamba,2026-09-06,0.997,0.775,1.281,0.905,1.102,rt,
wamba,2026-09-07,0.999,0.758,1.305,0.893,1.11,rt,
wamba,2026-09-08,0.99,0.756,1.28,0.891,1.095,rt,
wamba,2026-09-09,0.981,0.742,1.275,0.878,1.085,rt,
wamba,2026-09-10,0.972,0.735,1.267,0.868,1.08,rt,
wamba,2026-09-11,0.968,0.729,1.274,0.866,1.082,rt,
wamba,2026-09-12,0.967,0.715,1.268,0.862,1.079,rt,
wamba,2026-09-13,0.965,0.706,1.285,0.853,1.085,rt,
wamba,2026-09-14,0.956,0.689,1.289,0.841,1.088,rt,
wamba,2026-09-15,0.952,0.683,1.284,0.838,1.085,rt,
wamba,2026-09-16,0.948,0.674,1.282,0.827,1.081,rt,
wamba,2026-09-17,0.942,0.66,1.279,0.823,1.082,rt,
wamba,2026-09-18,0.936,0.644,1.291,0.813,1.076,rt,
wamba,2026-09-19,0.932,0.626,1.306,0.807,1.08,rt,
wamba,2026-09-20,0.923,0.606,1.318,0.792,1.08,rt,
wamba,2026-09-21,0.921,0.587,1.341,0.786,1.086,rt,
wamba,2026-09-22,0.926,0.582,1.346,0.783,1.086,rt,
wamba,2026-09-23,0.926,0.575,1.346,0.781,1.094,rt,
wamba,2026-09-24,0.929,0.572,1.36,0.777,1.092,rt,
wamba,2026-09-25,0.918,0.563,1.363,0.768,1.087,rt,
wamba,2026-09-26,0.913,0.546,1.367,0.757,1.086,rt,
wamba,2026-09-27,0.911,0.525,1.378,0.745,1.093,rt,
wamba,2026-09-28,0.902,0.509,1.391,0.737,1.094,rt,
wamba,2026-09-29,0.901,0.511,1.386,0.727,1.084,rt,
wamba,2026-09-30,0.898,0.504,1.396,0.719,1.079,rt,
wamba,2026-10-01,0.892,0.504,1.36,0.725,1.067,rt,
wamba,2026-10-02,0.89,0.494,1.346,0.717,1.062,rt,
makiso_kisangani,2026-07-28,1.341,1.142,1.557,1.257,1.422,rt,
makiso_kisangani,2026-07-29,1.348,1.144,1.57,1.262,1.437,rt,
makiso_kisangani,2026-07-30,1.354,1.146,1.582,1.267,1.444,rt,
makiso_kisangani,2026-07-31,1.355,1.154,1.582,1.271,1.444,rt,
makiso_kisangani,2026-08-01,1.357,1.159,1.577,1.273,1.445,rt,
makiso_kisangani,2026-08-02,1.357,1.158,1.577,1.274,1.444,rt,
makiso_kisangani,2026-08-03,1.355,1.153,1.579,1.271,1.443,rt,
makiso_kisangani,2026-08-04,1.353,1.15,1.582,1.264,1.44,rt,
makiso_kisangani,2026-08-05,1.349,1.143,1.588,1.263,1.441,rt,
makiso_kisangani,2026-08-06,1.349,1.137,1.593,1.263,1.444,rt,
makiso_kisangani,2026-08-07,1.346,1.143,1.584,1.261,1.44,rt,
makiso_kisangani,2026-08-08,1.347,1.144,1.579,1.258,1.438,rt,
makiso_kisangani,2026-08-09,1.344,1.144,1.58,1.257,1.436,rt,
makiso_kisangani,2026-08-10,1.334,1.134,1.575,1.246,1.429,rt,
makiso_kisangani,2026-08-11,1.327,1.122,1.567,1.238,1.422,rt,
makiso_kisangani,2026-08-12,1.319,1.11,1.563,1.227,1.417,rt,
makiso_kisangani,2026-08-13,1.312,1.096,1.563,1.218,1.415,rt,
makiso_kisangani,2026-08-14,1.304,1.098,1.542,1.214,1.403,rt,
makiso_kisangani,2026-08-15,1.3,1.09,1.535,1.208,1.396,rt,
makiso_kisangani,2026-08-16,1.292,1.087,1.521,1.201,1.384,rt,
makiso_kisangani,2026-08-17,1.296,1.084,1.528,1.202,1.385,rt,
makiso_kisangani,2026-08-18,1.298,1.081,1.536,1.201,1.387,rt,
makiso_kisangani,2026-08-19,1.296,1.076,1.546,1.199,1.391,rt,
makiso_kisangani,2026-08-20,1.295,1.067,1.557,1.198,1.395,rt,
makiso_kisangani,2026-08-21,1.301,1.079,1.557,1.207,1.392,rt,
makiso_kisangani,2026-08-22,1.305,1.088,1.555,1.213,1.396,rt,
makiso_kisangani,2026-08-23,1.31,1.093,1.558,1.219,1.398,rt,
makiso_kisangani,2026-08-24,1.32,1.103,1.568,1.231,1.408,rt,
makiso_kisangani,2026-08-25,1.335,1.116,1.58,1.243,1.421,rt,
makiso_kisangani,2026-08-26,1.342,1.119,1.606,1.255,1.433,rt,
makiso_kisangani,2026-08-27,1.352,1.122,1.625,1.265,1.447,rt,
makiso_kisangani,2026-08-28,1.36,1.144,1.61,1.275,1.454,rt,
makiso_kisangani,2026-08-29,1.367,1.154,1.607,1.283,1.465,rt,
makiso_kisangani,2026-08-30,1.377,1.166,1.619,1.287,1.476,rt,
makiso_kisangani,2026-08-31,1.365,1.154,1.612,1.276,1.468,rt,
makiso_kisangani,2026-09-01,1.357,1.14,1.611,1.262,1.46,rt,
makiso_kisangani,2026-09-02,1.349,1.126,1.611,1.251,1.454,rt,
makiso_kisangani,2026-09-03,1.341,1.112,1.601,1.244,1.449,rt,
makiso_kisangani,2026-09-04,1.326,1.108,1.578,1.23,1.422,rt,
makiso_kisangani,2026-09-05,1.31,1.101,1.554,1.218,1.401,rt,
makiso_kisangani,2026-09-06,1.293,1.089,1.535,1.203,1.386,rt,
makiso_kisangani,2026-09-07,1.265,1.068,1.507,1.174,1.359,rt,
makiso_kisangani,2026-09-08,1.238,1.045,1.482,1.151,1.334,rt,
makiso_kisangani,2026-09-09,1.216,1.019,1.465,1.128,1.311,rt,
makiso_kisangani,2026-09-10,1.192,0.991,1.447,1.106,1.292,rt,
makiso_kisangani,2026-09-11,1.171,0.971,1.421,1.084,1.271,rt,
makiso_kisangani,2026-09-12,1.152,0.951,1.403,1.062,1.251,rt,
makiso_kisangani,2026-09-13,1.136,0.929,1.385,1.042,1.233,rt,
makiso_kisangani,2026-09-14,1.121,0.905,1.377,1.027,1.218,rt,
makiso_kisangani,2026-09-15,1.109,0.886,1.374,1.011,1.207,rt,
makiso_kisangani,2026-09-16,1.094,0.864,1.361,0.995,1.198,rt,
makiso_kisangani,2026-09-17,1.082,0.847,1.352,0.98,1.191,rt,
makiso_kisangani,2026-09-18,1.072,0.837,1.35,0.969,1.182,rt,
makiso_kisangani,2026-09-19,1.065,0.82,1.34,0.955,1.18,rt,
makiso_kisangani,2026-09-20,1.054,0.806,1.341,0.945,1.172,rt,
makiso_kisangani,2026-09-21,1.057,0.799,1.353,0.941,1.175,rt,
makiso_kisangani,2026-09-22,1.057,0.792,1.369,0.941,1.181,rt,
makiso_kisangani,2026-09-23,1.059,0.785,1.383,0.936,1.185,rt,
makiso_kisangani,2026-09-24,1.055,0.772,1.394,0.931,1.191,rt,
makiso_kisangani,2026-09-25,1.053,0.767,1.393,0.925,1.188,rt,
makiso_kisangani,2026-09-26,1.049,0.756,1.39,0.915,1.185,rt,
makiso_kisangani,2026-09-27,1.044,0.745,1.394,0.909,1.182,rt,
makiso_kisangani,2026-09-28,1.038,0.732,1.389,0.9,1.177,rt,
makiso_kisangani,2026-09-29,1.031,0.721,1.396,0.893,1.173,rt,
makiso_kisangani,2026-09-30,1.026,0.706,1.394,0.882,1.171,rt,
makiso_kisangani,2026-10-01,1.026,0.724,1.356,0.893,1.159,rt,
makiso_kisangani,2026-10-02,1.027,0.744,1.325,0.904,1.148,rt,
mangobo,2026-09-19,1.071,0.832,1.349,0.964,1.189,rt,
mangobo,2026-09-20,1.062,0.818,1.349,0.957,1.183,rt,
mangobo,2026-09-21,1.067,0.814,1.367,0.951,1.185,rt,
mangobo,2026-09-22,1.065,0.801,1.377,0.946,1.188,rt,
mangobo,2026-09-23,1.066,0.791,1.39,0.943,1.193,rt,
mangobo,2026-09-24,1.065,0.783,1.406,0.94,1.198,rt,
mangobo,2026-09-25,1.061,0.776,1.4,0.93,1.198,rt,
mangobo,2026-09-26,1.059,0.768,1.399,0.926,1.191,rt,
mangobo,2026-09-27,1.054,0.758,1.402,0.919,1.187,rt,
mangobo,2026-09-28,1.048,0.743,1.405,0.911,1.182,rt,
mangobo,2026-09-29,1.039,0.73,1.403,0.903,1.181,rt,
mangobo,2026-09-30,1.031,0.717,1.405,0.894,1.178,rt,
mangobo,2026-10-01,1.033,0.734,1.37,0.904,1.167,rt,
mangobo,2026-10-02,1.035,0.753,1.334,0.914,1.156,rt,
adja,2026-08-14,,,,,,cases,0
adja,2026-08-21,,,,,,cases,0
adja,2026-08-28,,,,,,cases,0
adja,2026-09-04,,,,,,cases,0
adja,2026-09-11,,,,,,cases,0
adja,2026-09-18,,,,,,cases,0
adja,2026-09-25,,,,,,cases,0
adja,2026-10-02,,,,,,cases,0
ariwara,2026-08-14,,,,,,cases,0
ariwara,2026-08-21,,,,,,cases,1
ariwara,2026-08-28,,,,,,cases,0
ariwara,2026-09-04,,,,,,cases,0
ariwara,2026-09-11,,,,,,cases,0
ariwara,2026-09-18,,,,,,cases,0
ariwara,2026-09-25,,,,,,cases,0
ariwara,2026-10-02,,,,,,cases,0
aru,2026-08-14,,,,,,cases,2
aru,2026-08-21,,,,,,cases,0
aru,2026-08-28,,,,,,cases,1
aru,2026-09-04,,,,,,cases,0
aru,2026-09-11,,,,,,cases,0
aru,2026-09-18,,,,,,cases,0
aru,2026-09-25,,,,,,cases,0
aru,2026-10-02,,,,,,cases,0
aungba,2026-08-14,,,,,,cases,1
aungba,2026-08-21,,,,,,cases,1
aungba,2026-08-28,,,,,,cases,0
aungba,2026-09-04,,,,,,cases,0
aungba,2026-09-11,,,,,,cases,0
aungba,2026-09-18,,,,,,cases,0
aungba,2026-09-25,,,,,,cases,0
aungba,2026-10-02,,,,,,cases,0
bambu,2026-08-14,,,,,,cases,40
bambu,2026-08-21,,,,,,cases,17
bambu,2026-08-28,,,,,,cases,31
bambu,2026-09-04,,,,,,cases,14
bambu,2026-09-11,,,,,,cases,8
bambu,2026-09-18,,,,,,cases,8
bambu,2026-09-25,,,,,,cases,14
bambu,2026-10-02,,,,,,cases,2
boga,2026-08-14,,,,,,cases,0
boga,2026-08-21,,,,,,cases,0
boga,2026-08-28,,,,,,cases,1
boga,2026-09-04,,,,,,cases,0
boga,2026-09-11,,,,,,cases,0
boga,2026-09-18,,,,,,cases,0
boga,2026-09-25,,,,,,cases,0
boga,2026-10-02,,,,,,cases,0
bunia,2026-08-14,,,,,,cases,166
bunia,2026-08-21,,,,,,cases,146
bunia,2026-08-28,,,,,,cases,113
bunia,2026-09-04,,,,,,cases,96
bunia,2026-09-11,,,,,,cases,79
bunia,2026-09-18,,,,,,cases,96
bunia,2026-09-25,,,,,,cases,46
bunia,2026-10-02,,,,,,cases,67
damas,2026-08-14,,,,,,cases,5
damas,2026-08-21,,,,,,cases,4
damas,2026-08-28,,,,,,cases,0
damas,2026-09-04,,,,,,cases,3
damas,2026-09-11,,,,,,cases,6
damas,2026-09-18,,,,,,cases,4
damas,2026-09-25,,,,,,cases,0
damas,2026-10-02,,,,,,cases,0
drodro,2026-08-14,,,,,,cases,2
drodro,2026-08-21,,,,,,cases,0
drodro,2026-08-28,,,,,,cases,0
drodro,2026-09-04,,,,,,cases,2
drodro,2026-09-11,,,,,,cases,0
drodro,2026-09-18,,,,,,cases,0
drodro,2026-09-25,,,,,,cases,0
drodro,2026-10-02,,,,,,cases,0
fataki,2026-08-14,,,,,,cases,23
fataki,2026-08-21,,,,,,cases,10
fataki,2026-08-28,,,,,,cases,1
fataki,2026-09-04,,,,,,cases,3
fataki,2026-09-11,,,,,,cases,1
fataki,2026-09-18,,,,,,cases,2
fataki,2026-09-25,,,,,,cases,2
fataki,2026-10-02,,,,,,cases,0
gety,2026-08-14,,,,,,cases,3
gety,2026-08-21,,,,,,cases,1
gety,2026-08-28,,,,,,cases,1
gety,2026-09-04,,,,,,cases,0
gety,2026-09-11,,,,,,cases,1
gety,2026-09-18,,,,,,cases,0
gety,2026-09-25,,,,,,cases,0
gety,2026-10-02,,,,,,cases,0
kambala,2026-08-14,,,,,,cases,0
kambala,2026-08-21,,,,,,cases,0
kambala,2026-08-28,,,,,,cases,0
kambala,2026-09-04,,,,,,cases,0
kambala,2026-09-11,,,,,,cases,0
kambala,2026-09-18,,,,,,cases,0
kambala,2026-09-25,,,,,,cases,0
kambala,2026-10-02,,,,,,cases,0
kilo,2026-08-14,,,,,,cases,2
kilo,2026-08-21,,,,,,cases,0
kilo,2026-08-28,,,,,,cases,1
kilo,2026-09-04,,,,,,cases,0
kilo,2026-09-11,,,,,,cases,1
kilo,2026-09-18,,,,,,cases,1
kilo,2026-09-25,,,,,,cases,0
kilo,2026-10-02,,,,,,cases,3
komanda,2026-08-14,,,,,,cases,7
komanda,2026-08-21,,,,,,cases,12
komanda,2026-08-28,,,,,,cases,15
komanda,2026-09-04,,,,,,cases,32
komanda,2026-09-11,,,,,,cases,23
komanda,2026-09-18,,,,,,cases,19
komanda,2026-09-25,,,,,,cases,16
komanda,2026-10-02,,,,,,cases,11
lita,2026-08-14,,,,,,cases,21
lita,2026-08-21,,,,,,cases,20
lita,2026-08-28,,,,,,cases,18
lita,2026-09-04,,,,,,cases,24
lita,2026-09-11,,,,,,cases,22
lita,2026-09-18,,,,,,cases,16
lita,2026-09-25,,,,,,cases,10
lita,2026-10-02,,,,,,cases,7
logo,2026-08-14,,,,,,cases,1
logo,2026-08-21,,,,,,cases,0
logo,2026-08-28,,,,,,cases,0
logo,2026-09-04,,,,,,cases,2
logo,2026-09-11,,,,,,cases,0
logo,2026-09-18,,,,,,cases,0
logo,2026-09-25,,,,,,cases,0
logo,2026-10-02,,,,,,cases,0
lolwa,2026-08-14,,,,,,cases,7
lolwa,2026-08-21,,,,,,cases,3
lolwa,2026-08-28,,,,,,cases,2
lolwa,2026-09-04,,,,,,cases,6
lolwa,2026-09-11,,,,,,cases,6
lolwa,2026-09-18,,,,,,cases,0
lolwa,2026-09-25,,,,,,cases,2
lolwa,2026-10-02,,,,,,cases,1
mahagi,2026-08-14,,,,,,cases,0
mahagi,2026-08-21,,,,,,cases,0
mahagi,2026-08-28,,,,,,cases,0
mahagi,2026-09-04,,,,,,cases,0
mahagi,2026-09-11,,,,,,cases,0
mahagi,2026-09-18,,,,,,cases,0
mahagi,2026-09-25,,,,,,cases,0
mahagi,2026-10-02,,,,,,cases,0
mambasa,2026-08-14,,,,,,cases,3
mambasa,2026-08-21,,,,,,cases,1
mambasa,2026-08-28,,,,,,cases,3
mambasa,2026-09-04,,,,,,cases,0
mambasa,2026-09-11,,,,,,cases,0
mambasa,2026-09-18,,,,,,cases,4
mambasa,2026-09-25,,,,,,cases,6
mambasa,2026-10-02,,,,,,cases,5
mandima,2026-08-14,,,,,,cases,6
mandima,2026-08-21,,,,,,cases,8
mandima,2026-08-28,,,,,,cases,6
mandima,2026-09-04,,,,,,cases,2
mandima,2026-09-11,,,,,,cases,8
mandima,2026-09-18,,,,,,cases,13
mandima,2026-09-25,,,,,,cases,34
mandima,2026-10-02,,,,,,cases,63
mangala,2026-08-14,,,,,,cases,33
mangala,2026-08-21,,,,,,cases,50
mangala,2026-08-28,,,,,,cases,36
mangala,2026-09-04,,,,,,cases,60
mangala,2026-09-11,,,,,,cases,23
mangala,2026-09-18,,,,,,cases,21
mangala,2026-09-25,,,,,,cases,15
mangala,2026-10-02,,,,,,cases,16
mongbwalu,2026-08-14,,,,,,cases,26
mongbwalu,2026-08-21,,,,,,cases,16
mongbwalu,2026-08-28,,,,,,cases,8
mongbwalu,2026-09-04,,,,,,cases,16
mongbwalu,2026-09-11,,,,,,cases,30
mongbwalu,2026-09-18,,,,,,cases,25
mongbwalu,2026-09-25,,,,,,cases,18
mongbwalu,2026-10-02,,,,,,cases,9
nia_nia,2026-08-14,,,,,,cases,49
nia_nia,2026-08-21,,,,,,cases,29
nia_nia,2026-08-28,,,,,,cases,15
nia_nia,2026-09-04,,,,,,cases,16
nia_nia,2026-09-11,,,,,,cases,11
nia_nia,2026-09-18,,,,,,cases,30
nia_nia,2026-09-25,,,,,,cases,15
nia_nia,2026-10-02,,,,,,cases,32
nizi,2026-08-14,,,,,,cases,93
nizi,2026-08-21,,,,,,cases,79
nizi,2026-08-28,,,,,,cases,43
nizi,2026-09-04,,,,,,cases,42
nizi,2026-09-11,,,,,,cases,41
nizi,2026-09-18,,,,,,cases,20
nizi,2026-09-25,,,,,,cases,16
nizi,2026-10-02,,,,,,cases,19
nyankunde,2026-08-14,,,,,,cases,5
nyankunde,2026-08-21,,,,,,cases,2
nyankunde,2026-08-28,,,,,,cases,2
nyankunde,2026-09-04,,,,,,cases,0
nyankunde,2026-09-11,,,,,,cases,1
nyankunde,2026-09-18,,,,,,cases,1
nyankunde,2026-09-25,,,,,,cases,1
nyankunde,2026-10-02,,,,,,cases,3
rimba,2026-08-14,,,,,,cases,0
rimba,2026-08-21,,,,,,cases,1
rimba,2026-08-28,,,,,,cases,0
rimba,2026-09-04,,,,,,cases,1
rimba,2026-09-11,,,,,,cases,0
rimba,2026-09-18,,,,,,cases,1
rimba,2026-09-25,,,,,,cases,0
rimba,2026-10-02,,,,,,cases,0
rwampara,2026-08-14,,,,,,cases,146
rwampara,2026-08-21,,,,,,cases,62
rwampara,2026-08-28,,,,,,cases,39
rwampara,2026-09-04,,,,,,cases,43
rwampara,2026-09-11,,,,,,cases,25
rwampara,2026-09-18,,,,,,cases,36
rwampara,2026-09-25,,,,,,cases,27
rwampara,2026-10-02,,,,,,cases,34
tchomia,2026-08-14,,,,,,cases,4
tchomia,2026-08-21,,,,,,cases,4
tchomia,2026-08-28,,,,,,cases,3
tchomia,2026-09-04,,,,,,cases,4
tchomia,2026-09-11,,,,,,cases,8
tchomia,2026-09-18,,,,,,cases,7
tchomia,2026-09-25,,,,,,cases,1
tchomia,2026-10-02,,,,,,cases,0
alimbongo,2026-08-14,,,,,,cases,0
alimbongo,2026-08-21,,,,,,cases,0
alimbongo,2026-08-28,,,,,,cases,0
alimbongo,2026-09-04,,,,,,cases,0
alimbongo,2026-09-11,,,,,,cases,0
alimbongo,2026-09-18,,,,,,cases,0
alimbongo,2026-09-25,,,,,,cases,0
alimbongo,2026-10-02,,,,,,cases,4
beni,2026-08-14,,,,,,cases,26
beni,2026-08-21,,,,,,cases,18
beni,2026-08-28,,,,,,cases,20
beni,2026-09-04,,,,,,cases,29
beni,2026-09-11,,,,,,cases,51
beni,2026-09-18,,,,,,cases,63
beni,2026-09-25,,,,,,cases,52
beni,2026-10-02,,,,,,cases,53
biena,2026-08-14,,,,,,cases,0
biena,2026-08-21,,,,,,cases,0
biena,2026-08-28,,,,,,cases,1
biena,2026-09-04,,,,,,cases,1
biena,2026-09-11,,,,,,cases,13
biena,2026-09-18,,,,,,cases,3
biena,2026-09-25,,,,,,cases,0
biena,2026-10-02,,,,,,cases,1
butembo,2026-08-14,,,,,,cases,18
butembo,2026-08-21,,,,,,cases,26
butembo,2026-08-28,,,,,,cases,24
butembo,2026-09-04,,,,,,cases,37
butembo,2026-09-11,,,,,,cases,33
butembo,2026-09-18,,,,,,cases,19
butembo,2026-09-25,,,,,,cases,7
butembo,2026-10-02,,,,,,cases,16
goma,2026-08-14,,,,,,cases,0
goma,2026-08-21,,,,,,cases,0
goma,2026-08-28,,,,,,cases,0
goma,2026-09-04,,,,,,cases,0
goma,2026-09-11,,,,,,cases,0
goma,2026-09-18,,,,,,cases,0
goma,2026-09-25,,,,,,cases,0
goma,2026-10-02,,,,,,cases,0
kalunguta,2026-08-14,,,,,,cases,4
kalunguta,2026-08-21,,,,,,cases,1
kalunguta,2026-08-28,,,,,,cases,3
kalunguta,2026-09-04,,,,,,cases,1
kalunguta,2026-09-11,,,,,,cases,12
kalunguta,2026-09-18,,,,,,cases,12
kalunguta,2026-09-25,,,,,,cases,9
kalunguta,2026-10-02,,,,,,cases,9
katwa,2026-08-14,,,,,,cases,80
katwa,2026-08-21,,,,,,cases,54
katwa,2026-08-28,,,,,,cases,43
katwa,2026-09-04,,,,,,cases,63
katwa,2026-09-11,,,,,,cases,73
katwa,2026-09-18,,,,,,cases,27
katwa,2026-09-25,,,,,,cases,13
katwa,2026-10-02,,,,,,cases,26
kayna,2026-08-14,,,,,,cases,0
kayna,2026-08-21,,,,,,cases,0
kayna,2026-08-28,,,,,,cases,0
kayna,2026-09-04,,,,,,cases,1
kayna,2026-09-11,,,,,,cases,0
kayna,2026-09-18,,,,,,cases,0
kayna,2026-09-25,,,,,,cases,0
kayna,2026-10-02,,,,,,cases,2
kyondo,2026-08-14,,,,,,cases,2
kyondo,2026-08-21,,,,,,cases,1
kyondo,2026-08-28,,,,,,cases,0
kyondo,2026-09-04,,,,,,cases,1
kyondo,2026-09-11,,,,,,cases,12
kyondo,2026-09-18,,,,,,cases,3
kyondo,2026-09-25,,,,,,cases,1
kyondo,2026-10-02,,,,,,cases,1
lubero,2026-08-14,,,,,,cases,0
lubero,2026-08-21,,,,,,cases,0
lubero,2026-08-28,,,,,,cases,0
lubero,2026-09-04,,,,,,cases,4
lubero,2026-09-11,,,,,,cases,10
lubero,2026-09-18,,,,,,cases,0
lubero,2026-09-25,,,,,,cases,6
lubero,2026-10-02,,,,,,cases,1
mabalako,2026-08-14,,,,,,cases,1
mabalako,2026-08-21,,,,,,cases,0
mabalako,2026-08-28,,,,,,cases,1
mabalako,2026-09-04,,,,,,cases,4
mabalako,2026-09-11,,,,,,cases,12
mabalako,2026-09-18,,,,,,cases,5
mabalako,2026-09-25,,,,,,cases,1
mabalako,2026-10-02,,,,,,cases,16
manguredjipa,2026-08-14,,,,,,cases,0
manguredjipa,2026-08-21,,,,,,cases,0
manguredjipa,2026-08-28,,,,,,cases,1
manguredjipa,2026-09-04,,,,,,cases,2
manguredjipa,2026-09-11,,,,,,cases,5
manguredjipa,2026-09-18,,,,,,cases,2
manguredjipa,2026-09-25,,,,,,cases,3
manguredjipa,2026-10-02,,,,,,cases,0
masereka,2026-08-14,,,,,,cases,2
masereka,2026-08-21,,,,,,cases,0
masereka,2026-08-28,,,,,,cases,1
masereka,2026-09-04,,,,,,cases,5
masereka,2026-09-11,,,,,,cases,6
masereka,2026-09-18,,,,,,cases,5
masereka,2026-09-25,,,,,,cases,4
masereka,2026-10-02,,,,,,cases,3
musienene,2026-08-14,,,,,,cases,16
musienene,2026-08-21,,,,,,cases,7
musienene,2026-08-28,,,,,,cases,7
musienene,2026-09-04,,,,,,cases,17
musienene,2026-09-11,,,,,,cases,21
musienene,2026-09-18,,,,,,cases,7
musienene,2026-09-25,,,,,,cases,1
musienene,2026-10-02,,,,,,cases,6
mutwanga,2026-08-14,,,,,,cases,0
mutwanga,2026-08-21,,,,,,cases,1
mutwanga,2026-08-28,,,,,,cases,0
mutwanga,2026-09-04,,,,,,cases,1
mutwanga,2026-09-11,,,,,,cases,3
mutwanga,2026-09-18,,,,,,cases,3
mutwanga,2026-09-25,,,,,,cases,3
mutwanga,2026-10-02,,,,,,cases,4
oicha,2026-08-14,,,,,,cases,1
oicha,2026-08-21,,,,,,cases,1
oicha,2026-08-28,,,,,,cases,1
oicha,2026-09-04,,,,,,cases,1
oicha,2026-09-11,,,,,,cases,3
oicha,2026-09-18,,,,,,cases,2
oicha,2026-09-25,,,,,,cases,10
oicha,2026-10-02,,,,,,cases,6
vuhovi,2026-08-14,,,,,,cases,2
vuhovi,2026-08-21,,,,,,cases,1
vuhovi,2026-08-28,,,,,,cases,0
vuhovi,2026-09-04,,,,,,cases,2
vuhovi,2026-09-11,,,,,,cases,9
vuhovi,2026-09-18,,,,,,cases,5
vuhovi,2026-09-25,,,,,,cases,8
vuhovi,2026-10-02,,,,,,cases,3
boma_mangbetu,2026-08-14,,,,,,cases,9
boma_mangbetu,2026-08-21,,,,,,cases,2
boma_mangbetu,2026-08-28,,,,,,cases,2
boma_mangbetu,2026-09-04,,,,,,cases,3
boma_mangbetu,2026-09-11,,,,,,cases,0
boma_mangbetu,2026-09-18,,,,,,cases,7
boma_mangbetu,2026-09-25,,,,,,cases,3
boma_mangbetu,2026-10-02,,,,,,cases,2
dungu,2026-08-14,,,,,,cases,0
dungu,2026-08-21,,,,,,cases,0
dungu,2026-08-28,,,,,,cases,0
dungu,2026-09-04,,,,,,cases,0
dungu,2026-09-11,,,,,,cases,0
dungu,2026-09-18,,,,,,cases,1
dungu,2026-09-25,,,,,,cases,0
dungu,2026-10-02,,,,,,cases,0
gombari,2026-08-14,,,,,,cases,1
gombari,2026-08-21,,,,,,cases,1
gombari,2026-08-28,,,,,,cases,1
gombari,2026-09-04,,,,,,cases,0
gombari,2026-09-11,,,,,,cases,0
gombari,2026-09-18,,,,,,cases,0
gombari,2026-09-25,,,,,,cases,0
gombari,2026-10-02,,,,,,cases,0
isiro,2026-08-14,,,,,,cases,14
isiro,2026-08-21,,,,,,cases,24
isiro,2026-08-28,,,,,,cases,16
isiro,2026-09-04,,,,,,cases,11
isiro,2026-09-11,,,,,,cases,6
isiro,2026-09-18,,,,,,cases,2
isiro,2026-09-25,,,,,,cases,2
isiro,2026-10-02,,,,,,cases,2
pawa,2026-08-14,,,,,,cases,7
pawa,2026-08-21,,,,,,cases,1
pawa,2026-08-28,,,,,,cases,4
pawa,2026-09-04,,,,,,cases,16
pawa,2026-09-11,,,,,,cases,17
pawa,2026-09-18,,,,,,cases,10
pawa,2026-09-25,,,,,,cases,9
pawa,2026-10-02,,,,,,cases,11
rungu,2026-08-14,,,,,,cases,0
rungu,2026-08-21,,,,,,cases,0
rungu,2026-08-28,,,,,,cases,0
rungu,2026-09-04,,,,,,cases,1
rungu,2026-09-11,,,,,,cases,0
rungu,2026-09-18,,,,,,cases,0
rungu,2026-09-25,,,,,,cases,0
rungu,2026-10-02,,,,,,cases,2
wamba,2026-08-14,,,,,,cases,38
wamba,2026-08-21,,,,,,cases,5
wamba,2026-08-28,,,,,,cases,18
wamba,2026-09-04,,,,,,cases,7
wamba,2026-09-11,,,,,,cases,6
wamba,2026-09-18,,,,,,cases,6
wamba,2026-09-25,,,,,,cases,12
wamba,2026-10-02,,,,,,cases,7
miti_murhesa,2026-08-14,,,,,,cases,0
miti_murhesa,2026-08-21,,,,,,cases,0
miti_murhesa,2026-08-28,,,,,,cases,0
miti_murhesa,2026-09-04,,,,,,cases,0
miti_murhesa,2026-09-11,,,,,,cases,0
miti_murhesa,2026-09-18,,,,,,cases,0
miti_murhesa,2026-09-25,,,,,,cases,0
miti_murhesa,2026-10-02,,,,,,cases,0
bafwasende,2026-08-14,,,,,,cases,1
bafwasende,2026-08-21,,,,,,cases,0
bafwasende,2026-08-28,,,,,,cases,1
bafwasende,2026-09-04,,,,,,cases,0
bafwasende,2026-09-11,,,,,,cases,3
bafwasende,2026-09-18,,,,,,cases,2
bafwasende,2026-09-25,,,,,,cases,0
bafwasende,2026-10-02,,,,,,cases,0
kabondo,2026-08-14,,,,,,cases,2
kabondo,2026-08-21,,,,,,cases,0
kabondo,2026-08-28,,,,,,cases,0
kabondo,2026-09-04,,,,,,cases,1
kabondo,2026-09-11,,,,,,cases,0
kabondo,2026-09-18,,,,,,cases,1
kabondo,2026-09-25,,,,,,cases,0
kabondo,2026-10-02,,,,,,cases,0
lubunga,2026-08-14,,,,,,cases,0
lubunga,2026-08-21,,,,,,cases,0
lubunga,2026-08-28,,,,,,cases,0
lubunga,2026-09-04,,,,,,cases,0
lubunga,2026-09-11,,,,,,cases,0
lubunga,2026-09-18,,,,,,cases,0
lubunga,2026-09-25,,,,,,cases,0
lubunga,2026-10-02,,,,,,cases,0
makiso_kisangani,2026-08-14,,,,,,cases,0
makiso_kisangani,2026-08-21,,,,,,cases,3
makiso_kisangani,2026-08-28,,,,,,cases,3
makiso_kisangani,2026-09-04,,,,,,cases,1
makiso_kisangani,2026-09-11,,,,,,cases,0
makiso_kisangani,2026-09-18,,,,,,cases,9
makiso_kisangani,2026-09-25,,,,,,cases,4
makiso_kisangani,2026-10-02,,,,,,cases,4
mangobo,2026-08-14,,,,,,cases,0
mangobo,2026-08-21,,,,,,cases,1
mangobo,2026-08-28,,,,,,cases,0
mangobo,2026-09-04,,,,,,cases,1
mangobo,2026-09-11,,,,,,cases,0
mangobo,2026-09-18,,,,,,cases,1
mangobo,2026-09-25,,,,,,cases,1
mangobo,2026-10-02,,,,,,cases,1
tshopo,2026-08-14,,,,,,cases,1
tshopo,2026-08-21,,,,,,cases,0
tshopo,2026-08-28,,,,,,cases,0
tshopo,2026-09-04,,,,,,cases,0
tshopo,2026-09-11,,,,,,cases,0
tshopo,2026-09-18,,,,,,cases,0
tshopo,2026-09-25,,,,,,cases,0
tshopo,2026-10-02,,,,,,cases,0
wanie_rukula,2026-08-14,,,,,,cases,0
wanie_rukula,2026-08-21,,,,,,cases,0
wanie_rukula,2026-08-28,,,,,,cases,0
wanie_rukula,2026-09-04,,,,,,cases,0
wanie_rukula,2026-09-11,,,,,,cases,0
wanie_rukula,2026-09-18,,,,,,cases,0
wanie_rukula,2026-09-25,,,,,,cases,0
wanie_rukula,2026-10-02,,,,,,cases,0
buta,2026-08-14,,,,,,cases,1
buta,2026-08-21,,,,,,cases,0
buta,2026-08-28,,,,,,cases,0
buta,2026-09-04,,,,,,cases,0
buta,2026-09-11,,,,,,cases,0
buta,2026-09-18,,,,,,cases,0
buta,2026-09-25,,,,,,cases,0
buta,2026-10-02,,,,,,cases,0
ganga,2026-08-14,,,,,,cases,0
ganga,2026-08-21,,,,,,cases,0
ganga,2026-08-28,,,,,,cases,1
ganga,2026-09-04,,,,,,cases,1
ganga,2026-09-11,,,,,,cases,1
ganga,2026-09-18,,,,,,cases,0
ganga,2026-09-25,,,,,,cases,0
ganga,2026-10-02,,,,,,cases,0
viadana,2026-08-14,,,,,,cases,0
viadana,2026-08-21,,,,,,cases,1
viadana,2026-08-28,,,,,,cases,0
viadana,2026-09-04,,,,,,cases,0
viadana,2026-09-11,,,,,,cases,0
viadana,2026-09-18,,,,,,cases,2
viadana,2026-09-25,,,,,,cases,2
viadana,2026-10-02,,,,,,cases,1
bulu,2026-08-14,,,,,,cases,0
bulu,2026-08-21,,,,,,cases,0
bulu,2026-08-28,,,,,,cases,0
bulu,2026-09-04,,,,,,cases,0
bulu,2026-09-11,,,,,,cases,1
bulu,2026-09-18,,,,,,cases,0
bulu,2026-09-25,,,,,,cases,1
bulu,2026-10-02,,,,,,cases,0
adja,2026-08-14,,,,,,deaths,0
adja,2026-08-21,,,,,,deaths,0
adja,2026-08-28,,,,,,deaths,0
adja,2026-09-04,,,,,,deaths,0
adja,2026-09-11,,,,,,deaths,0
adja,2026-09-18,,,,,,deaths,0
adja,2026-09-25,,,,,,deaths,0
adja,2026-10-02,,,,,,deaths,0
ariwara,2026-08-14,,,,,,deaths,0
ariwara,2026-08-21,,,,,,deaths,0
ariwara,2026-08-28,,,,,,deaths,0
ariwara,2026-09-04,,,,,,deaths,0
ariwara,2026-09-11,,,,,,deaths,0
ariwara,2026-09-18,,,,,,deaths,0
ariwara,2026-09-25,,,,,,deaths,0
ariwara,2026-10-02,,,,,,deaths,0
aru,2026-08-14,,,,,,deaths,1
aru,2026-08-21,,,,,,deaths,0
aru,2026-08-28,,,,,,deaths,0
aru,2026-09-04,,,,,,deaths,0
aru,2026-09-11,,,,,,deaths,0
aru,2026-09-18,,,,,,deaths,0
aru,2026-09-25,,,,,,deaths,0
aru,2026-10-02,,,,,,deaths,0
aungba,2026-08-14,,,,,,deaths,0
aungba,2026-08-21,,,,,,deaths,0
aungba,2026-08-28,,,,,,deaths,0
aungba,2026-09-04,,,,,,deaths,0
aungba,2026-09-11,,,,,,deaths,0
aungba,2026-09-18,,,,,,deaths,0
aungba,2026-09-25,,,,,,deaths,0
aungba,2026-10-02,,,,,,deaths,0
bambu,2026-08-14,,,,,,deaths,8
bambu,2026-08-21,,,,,,deaths,3
bambu,2026-08-28,,,,,,deaths,7
bambu,2026-09-04,,,,,,deaths,1
bambu,2026-09-11,,,,,,deaths,3
bambu,2026-09-18,,,,,,deaths,0
bambu,2026-09-25,,,,,,deaths,7
bambu,2026-10-02,,,,,,deaths,0
boga,2026-08-14,,,,,,deaths,0
boga,2026-08-21,,,,,,deaths,0
boga,2026-08-28,,,,,,deaths,1
boga,2026-09-04,,,,,,deaths,0
boga,2026-09-11,,,,,,deaths,0
boga,2026-09-18,,,,,,deaths,0
boga,2026-09-25,,,,,,deaths,0
boga,2026-10-02,,,,,,deaths,0
bunia,2026-08-14,,,,,,deaths,49
bunia,2026-08-21,,,,,,deaths,57
bunia,2026-08-28,,,,,,deaths,35
bunia,2026-09-04,,,,,,deaths,26
bunia,2026-09-11,,,,,,deaths,31
bunia,2026-09-18,,,,,,deaths,26
bunia,2026-09-25,,,,,,deaths,25
bunia,2026-10-02,,,,,,deaths,36
damas,2026-08-14,,,,,,deaths,1
damas,2026-08-21,,,,,,deaths,0
damas,2026-08-28,,,,,,deaths,0
damas,2026-09-04,,,,,,deaths,0
damas,2026-09-11,,,,,,deaths,0
damas,2026-09-18,,,,,,deaths,0
damas,2026-09-25,,,,,,deaths,0
damas,2026-10-02,,,,,,deaths,0
drodro,2026-08-14,,,,,,deaths,0
drodro,2026-08-21,,,,,,deaths,0
drodro,2026-08-28,,,,,,deaths,0
drodro,2026-09-04,,,,,,deaths,1
drodro,2026-09-11,,,,,,deaths,0
drodro,2026-09-18,,,,,,deaths,0
drodro,2026-09-25,,,,,,deaths,0
drodro,2026-10-02,,,,,,deaths,0
fataki,2026-08-14,,,,,,deaths,10
fataki,2026-08-21,,,,,,deaths,0
fataki,2026-08-28,,,,,,deaths,0
fataki,2026-09-04,,,,,,deaths,0
fataki,2026-09-11,,,,,,deaths,0
fataki,2026-09-18,,,,,,deaths,0
fataki,2026-09-25,,,,,,deaths,1
fataki,2026-10-02,,,,,,deaths,0
gety,2026-08-14,,,,,,deaths,1
gety,2026-08-21,,,,,,deaths,1
gety,2026-08-28,,,,,,deaths,0
gety,2026-09-04,,,,,,deaths,0
gety,2026-09-11,,,,,,deaths,1
gety,2026-09-18,,,,,,deaths,0
gety,2026-09-25,,,,,,deaths,0
gety,2026-10-02,,,,,,deaths,0
kambala,2026-08-14,,,,,,deaths,0
kambala,2026-08-21,,,,,,deaths,0
kambala,2026-08-28,,,,,,deaths,0
kambala,2026-09-04,,,,,,deaths,0
kambala,2026-09-11,,,,,,deaths,0
kambala,2026-09-18,,,,,,deaths,0
kambala,2026-09-25,,,,,,deaths,0
kambala,2026-10-02,,,,,,deaths,0
kilo,2026-08-14,,,,,,deaths,1
kilo,2026-08-21,,,,,,deaths,0
kilo,2026-08-28,,,,,,deaths,0
kilo,2026-09-04,,,,,,deaths,0
kilo,2026-09-11,,,,,,deaths,0
kilo,2026-09-18,,,,,,deaths,0
kilo,2026-09-25,,,,,,deaths,0
kilo,2026-10-02,,,,,,deaths,0
komanda,2026-08-14,,,,,,deaths,4
komanda,2026-08-21,,,,,,deaths,6
komanda,2026-08-28,,,,,,deaths,11
komanda,2026-09-04,,,,,,deaths,22
komanda,2026-09-11,,,,,,deaths,14
komanda,2026-09-18,,,,,,deaths,5
komanda,2026-09-25,,,,,,deaths,7
komanda,2026-10-02,,,,,,deaths,10
lita,2026-08-14,,,,,,deaths,8
lita,2026-08-21,,,,,,deaths,9
lita,2026-08-28,,,,,,deaths,5
lita,2026-09-04,,,,,,deaths,10
lita,2026-09-11,,,,,,deaths,4
lita,2026-09-18,,,,,,deaths,10
lita,2026-09-25,,,,,,deaths,5
lita,2026-10-02,,,,,,deaths,5
logo,2026-08-14,,,,,,deaths,0
logo,2026-08-21,,,,,,deaths,0
logo,2026-08-28,,,,,,deaths,0
logo,2026-09-04,,,,,,deaths,0
logo,2026-09-11,,,,,,deaths,0
logo,2026-09-18,,,,,,deaths,0
logo,2026-09-25,,,,,,deaths,0
logo,2026-10-02,,,,,,deaths,0
lolwa,2026-08-14,,,,,,deaths,2
lolwa,2026-08-21,,,,,,deaths,0
lolwa,2026-08-28,,,,,,deaths,0
lolwa,2026-09-04,,,,,,deaths,3
lolwa,2026-09-11,,,,,,deaths,1
lolwa,2026-09-18,,,,,,deaths,0
lolwa,2026-09-25,,,,,,deaths,0
lolwa,2026-10-02,,,,,,deaths,1
mahagi,2026-08-14,,,,,,deaths,0
mahagi,2026-08-21,,,,,,deaths,0
mahagi,2026-08-28,,,,,,deaths,0
mahagi,2026-09-04,,,,,,deaths,0
mahagi,2026-09-11,,,,,,deaths,0
mahagi,2026-09-18,,,,,,deaths,0
mahagi,2026-09-25,,,,,,deaths,0
mahagi,2026-10-02,,,,,,deaths,0
mambasa,2026-08-14,,,,,,deaths,0
mambasa,2026-08-21,,,,,,deaths,1
mambasa,2026-08-28,,,,,,deaths,0
mambasa,2026-09-04,,,,,,deaths,0
mambasa,2026-09-11,,,,,,deaths,0
mambasa,2026-09-18,,,,,,deaths,2
mambasa,2026-09-25,,,,,,deaths,0
mambasa,2026-10-02,,,,,,deaths,3
mandima,2026-08-14,,,,,,deaths,1
mandima,2026-08-21,,,,,,deaths,6
mandima,2026-08-28,,,,,,deaths,2
mandima,2026-09-04,,,,,,deaths,0
mandima,2026-09-11,,,,,,deaths,3
mandima,2026-09-18,,,,,,deaths,9
mandima,2026-09-25,,,,,,deaths,12
mandima,2026-10-02,,,,,,deaths,34
mangala,2026-08-14,,,,,,deaths,16
mangala,2026-08-21,,,,,,deaths,23
mangala,2026-08-28,,,,,,deaths,11
mangala,2026-09-04,,,,,,deaths,23
mangala,2026-09-11,,,,,,deaths,6
mangala,2026-09-18,,,,,,deaths,0
mangala,2026-09-25,,,,,,deaths,7
mangala,2026-10-02,,,,,,deaths,3
mongbwalu,2026-08-14,,,,,,deaths,14
mongbwalu,2026-08-21,,,,,,deaths,1
mongbwalu,2026-08-28,,,,,,deaths,2
mongbwalu,2026-09-04,,,,,,deaths,3
mongbwalu,2026-09-11,,,,,,deaths,8
mongbwalu,2026-09-18,,,,,,deaths,19
mongbwalu,2026-09-25,,,,,,deaths,11
mongbwalu,2026-10-02,,,,,,deaths,7
nia_nia,2026-08-14,,,,,,deaths,30
nia_nia,2026-08-21,,,,,,deaths,11
nia_nia,2026-08-28,,,,,,deaths,1
nia_nia,2026-09-04,,,,,,deaths,5
nia_nia,2026-09-11,,,,,,deaths,4
nia_nia,2026-09-18,,,,,,deaths,23
nia_nia,2026-09-25,,,,,,deaths,12
nia_nia,2026-10-02,,,,,,deaths,21
nizi,2026-08-14,,,,,,deaths,25
nizi,2026-08-21,,,,,,deaths,14
nizi,2026-08-28,,,,,,deaths,8
nizi,2026-09-04,,,,,,deaths,9
nizi,2026-09-11,,,,,,deaths,6
nizi,2026-09-18,,,,,,deaths,1
nizi,2026-09-25,,,,,,deaths,2
nizi,2026-10-02,,,,,,deaths,5
nyankunde,2026-08-14,,,,,,deaths,0
nyankunde,2026-08-21,,,,,,deaths,0
nyankunde,2026-08-28,,,,,,deaths,0
nyankunde,2026-09-04,,,,,,deaths,0
nyankunde,2026-09-11,,,,,,deaths,1
nyankunde,2026-09-18,,,,,,deaths,0
nyankunde,2026-09-25,,,,,,deaths,1
nyankunde,2026-10-02,,,,,,deaths,0
rimba,2026-08-14,,,,,,deaths,0
rimba,2026-08-21,,,,,,deaths,0
rimba,2026-08-28,,,,,,deaths,0
rimba,2026-09-04,,,,,,deaths,0
rimba,2026-09-11,,,,,,deaths,0
rimba,2026-09-18,,,,,,deaths,0
rimba,2026-09-25,,,,,,deaths,0
rimba,2026-10-02,,,,,,deaths,0
rwampara,2026-08-14,,,,,,deaths,42
rwampara,2026-08-21,,,,,,deaths,10
rwampara,2026-08-28,,,,,,deaths,2
rwampara,2026-09-04,,,,,,deaths,9
rwampara,2026-09-11,,,,,,deaths,4
rwampara,2026-09-18,,,,,,deaths,3
rwampara,2026-09-25,,,,,,deaths,10
rwampara,2026-10-02,,,,,,deaths,17
tchomia,2026-08-14,,,,,,deaths,1
tchomia,2026-08-21,,,,,,deaths,0
tchomia,2026-08-28,,,,,,deaths,0
tchomia,2026-09-04,,,,,,deaths,0
tchomia,2026-09-11,,,,,,deaths,0
tchomia,2026-09-18,,,,,,deaths,0
tchomia,2026-09-25,,,,,,deaths,0
tchomia,2026-10-02,,,,,,deaths,0
alimbongo,2026-08-14,,,,,,deaths,0
alimbongo,2026-08-21,,,,,,deaths,0
alimbongo,2026-08-28,,,,,,deaths,0
alimbongo,2026-09-04,,,,,,deaths,0
alimbongo,2026-09-11,,,,,,deaths,0
alimbongo,2026-09-18,,,,,,deaths,0
alimbongo,2026-09-25,,,,,,deaths,0
alimbongo,2026-10-02,,,,,,deaths,2
beni,2026-08-14,,,,,,deaths,17
beni,2026-08-21,,,,,,deaths,15
beni,2026-08-28,,,,,,deaths,12
beni,2026-09-04,,,,,,deaths,22
beni,2026-09-11,,,,,,deaths,41
beni,2026-09-18,,,,,,deaths,30
beni,2026-09-25,,,,,,deaths,30
beni,2026-10-02,,,,,,deaths,36
biena,2026-08-14,,,,,,deaths,0
biena,2026-08-21,,,,,,deaths,0
biena,2026-08-28,,,,,,deaths,1
biena,2026-09-04,,,,,,deaths,0
biena,2026-09-11,,,,,,deaths,5
biena,2026-09-18,,,,,,deaths,1
biena,2026-09-25,,,,,,deaths,0
biena,2026-10-02,,,,,,deaths,0
butembo,2026-08-14,,,,,,deaths,22
butembo,2026-08-21,,,,,,deaths,12
butembo,2026-08-28,,,,,,deaths,18
butembo,2026-09-04,,,,,,deaths,17
butembo,2026-09-11,,,,,,deaths,14
butembo,2026-09-18,,,,,,deaths,9
butembo,2026-09-25,,,,,,deaths,4
butembo,2026-10-02,,,,,,deaths,9
goma,2026-08-14,,,,,,deaths,0
goma,2026-08-21,,,,,,deaths,0
goma,2026-08-28,,,,,,deaths,0
goma,2026-09-04,,,,,,deaths,0
goma,2026-09-11,,,,,,deaths,0
goma,2026-09-18,,,,,,deaths,0
goma,2026-09-25,,,,,,deaths,0
goma,2026-10-02,,,,,,deaths,0
kalunguta,2026-08-14,,,,,,deaths,1
kalunguta,2026-08-21,,,,,,deaths,1
kalunguta,2026-08-28,,,,,,deaths,1
kalunguta,2026-09-04,,,,,,deaths,1
kalunguta,2026-09-11,,,,,,deaths,4
kalunguta,2026-09-18,,,,,,deaths,2
kalunguta,2026-09-25,,,,,,deaths,2
kalunguta,2026-10-02,,,,,,deaths,5
katwa,2026-08-14,,,,,,deaths,61
katwa,2026-08-21,,,,,,deaths,32
katwa,2026-08-28,,,,,,deaths,31
katwa,2026-09-04,,,,,,deaths,33
katwa,2026-09-11,,,,,,deaths,44
katwa,2026-09-18,,,,,,deaths,12
katwa,2026-09-25,,,,,,deaths,10
katwa,2026-10-02,,,,,,deaths,10
kayna,2026-08-14,,,,,,deaths,0
kayna,2026-08-21,,,,,,deaths,0
kayna,2026-08-28,,,,,,deaths,0
kayna,2026-09-04,,,,,,deaths,0
kayna,2026-09-11,,,,,,deaths,0
kayna,2026-09-18,,,,,,deaths,0
kayna,2026-09-25,,,,,,deaths,0
kayna,2026-10-02,,,,,,deaths,2
kyondo,2026-08-14,,,,,,deaths,2
kyondo,2026-08-21,,,,,,deaths,0
kyondo,2026-08-28,,,,,,deaths,0
kyondo,2026-09-04,,,,,,deaths,0
kyondo,2026-09-11,,,,,,deaths,6
kyondo,2026-09-18,,,,,,deaths,2
kyondo,2026-09-25,,,,,,deaths,0
kyondo,2026-10-02,,,,,,deaths,0
lubero,2026-08-14,,,,,,deaths,0
lubero,2026-08-21,,,,,,deaths,0
lubero,2026-08-28,,,,,,deaths,0
lubero,2026-09-04,,,,,,deaths,3
lubero,2026-09-11,,,,,,deaths,3
lubero,2026-09-18,,,,,,deaths,0
lubero,2026-09-25,,,,,,deaths,4
lubero,2026-10-02,,,,,,deaths,0
mabalako,2026-08-14,,,,,,deaths,1
mabalako,2026-08-21,,,,,,deaths,0
mabalako,2026-08-28,,,,,,deaths,1
mabalako,2026-09-04,,,,,,deaths,3
mabalako,2026-09-11,,,,,,deaths,4
mabalako,2026-09-18,,,,,,deaths,2
mabalako,2026-09-25,,,,,,deaths,0
mabalako,2026-10-02,,,,,,deaths,4
manguredjipa,2026-08-14,,,,,,deaths,0
manguredjipa,2026-08-21,,,,,,deaths,0
manguredjipa,2026-08-28,,,,,,deaths,0
manguredjipa,2026-09-04,,,,,,deaths,2
manguredjipa,2026-09-11,,,,,,deaths,1
manguredjipa,2026-09-18,,,,,,deaths,0
manguredjipa,2026-09-25,,,,,,deaths,2
manguredjipa,2026-10-02,,,,,,deaths,0
masereka,2026-08-14,,,,,,deaths,3
masereka,2026-08-21,,,,,,deaths,0
masereka,2026-08-28,,,,,,deaths,0
masereka,2026-09-04,,,,,,deaths,1
masereka,2026-09-11,,,,,,deaths,3
masereka,2026-09-18,,,,,,deaths,1
masereka,2026-09-25,,,,,,deaths,0
masereka,2026-10-02,,,,,,deaths,2
musienene,2026-08-14,,,,,,deaths,10
musienene,2026-08-21,,,,,,deaths,4
musienene,2026-08-28,,,,,,deaths,4
musienene,2026-09-04,,,,,,deaths,7
musienene,2026-09-11,,,,,,deaths,9
musienene,2026-09-18,,,,,,deaths,6
musienene,2026-09-25,,,,,,deaths,0
musienene,2026-10-02,,,,,,deaths,3
mutwanga,2026-08-14,,,,,,deaths,0
mutwanga,2026-08-21,,,,,,deaths,1
mutwanga,2026-08-28,,,,,,deaths,0
mutwanga,2026-09-04,,,,,,deaths,1
mutwanga,2026-09-11,,,,,,deaths,0
mutwanga,2026-09-18,,,,,,deaths,0
mutwanga,2026-09-25,,,,,,deaths,0
mutwanga,2026-10-02,,,,,,deaths,1
oicha,2026-08-14,,,,,,deaths,1
oicha,2026-08-21,,,,,,deaths,0
oicha,2026-08-28,,,,,,deaths,2
oicha,2026-09-04,,,,,,deaths,0
oicha,2026-09-11,,,,,,deaths,1
oicha,2026-09-18,,,,,,deaths,3
oicha,2026-09-25,,,,,,deaths,4
oicha,2026-10-02,,,,,,deaths,2
vuhovi,2026-08-14,,,,,,deaths,1
vuhovi,2026-08-21,,,,,,deaths,0
vuhovi,2026-08-28,,,,,,deaths,0
vuhovi,2026-09-04,,,,,,deaths,2
vuhovi,2026-09-11,,,,,,deaths,1
vuhovi,2026-09-18,,,,,,deaths,1
vuhovi,2026-09-25,,,,,,deaths,2
vuhovi,2026-10-02,,,,,,deaths,2
boma_mangbetu,2026-08-14,,,,,,deaths,3
boma_mangbetu,2026-08-21,,,,,,deaths,1
boma_mangbetu,2026-08-28,,,,,,deaths,5
boma_mangbetu,2026-09-04,,,,,,deaths,0
boma_mangbetu,2026-09-11,,,,,,deaths,0
boma_mangbetu,2026-09-18,,,,,,deaths,1
boma_mangbetu,2026-09-25,,,,,,deaths,1
boma_mangbetu,2026-10-02,,,,,,deaths,1
dungu,2026-08-14,,,,,,deaths,0
dungu,2026-08-21,,,,,,deaths,0
dungu,2026-08-28,,,,,,deaths,0
dungu,2026-09-04,,,,,,deaths,0
dungu,2026-09-11,,,,,,deaths,0
dungu,2026-09-18,,,,,,deaths,1
dungu,2026-09-25,,,,,,deaths,0
dungu,2026-10-02,,,,,,deaths,0
gombari,2026-08-14,,,,,,deaths,1
gombari,2026-08-21,,,,,,deaths,0
gombari,2026-08-28,,,,,,deaths,0
gombari,2026-09-04,,,,,,deaths,0
gombari,2026-09-11,,,,,,deaths,0
gombari,2026-09-18,,,,,,deaths,0
gombari,2026-09-25,,,,,,deaths,0
gombari,2026-10-02,,,,,,deaths,0
isiro,2026-08-14,,,,,,deaths,5
isiro,2026-08-21,,,,,,deaths,9
isiro,2026-08-28,,,,,,deaths,5
isiro,2026-09-04,,,,,,deaths,3
isiro,2026-09-11,,,,,,deaths,5
isiro,2026-09-18,,,,,,deaths,1
isiro,2026-09-25,,,,,,deaths,1
isiro,2026-10-02,,,,,,deaths,1
pawa,2026-08-14,,,,,,deaths,3
pawa,2026-08-21,,,,,,deaths,1
pawa,2026-08-28,,,,,,deaths,1
pawa,2026-09-04,,,,,,deaths,6
pawa,2026-09-11,,,,,,deaths,3
pawa,2026-09-18,,,,,,deaths,7
pawa,2026-09-25,,,,,,deaths,3
pawa,2026-10-02,,,,,,deaths,5
rungu,2026-08-14,,,,,,deaths,0
rungu,2026-08-21,,,,,,deaths,0
rungu,2026-08-28,,,,,,deaths,0
rungu,2026-09-04,,,,,,deaths,1
rungu,2026-09-11,,,,,,deaths,0
rungu,2026-09-18,,,,,,deaths,0
rungu,2026-09-25,,,,,,deaths,0
rungu,2026-10-02,,,,,,deaths,0
wamba,2026-08-14,,,,,,deaths,11
wamba,2026-08-21,,,,,,deaths,4
wamba,2026-08-28,,,,,,deaths,5
wamba,2026-09-04,,,,,,deaths,2
wamba,2026-09-11,,,,,,deaths,2
wamba,2026-09-18,,,,,,deaths,1
wamba,2026-09-25,,,,,,deaths,4
wamba,2026-10-02,,,,,,deaths,4
miti_murhesa,2026-08-14,,,,,,deaths,0
miti_murhesa,2026-08-21,,,,,,deaths,0
miti_murhesa,2026-08-28,,,,,,deaths,0
miti_murhesa,2026-09-04,,,,,,deaths,0
miti_murhesa,2026-09-11,,,,,,deaths,0
miti_murhesa,2026-09-18,,,,,,deaths,0
miti_murhesa,2026-09-25,,,,,,deaths,0
miti_murhesa,2026-10-02,,,,,,deaths,0
bafwasende,2026-08-14,,,,,,deaths,0
bafwasende,2026-08-21,,,,,,deaths,0
bafwasende,2026-08-28,,,,,,deaths,0
bafwasende,2026-09-04,,,,,,deaths,0
bafwasende,2026-09-11,,,,,,deaths,1
bafwasende,2026-09-18,,,,,,deaths,0
bafwasende,2026-09-25,,,,,,deaths,0
bafwasende,2026-10-02,,,,,,deaths,0
kabondo,2026-08-14,,,,,,deaths,1
kabondo,2026-08-21,,,,,,deaths,0
kabondo,2026-08-28,,,,,,deaths,0
kabondo,2026-09-04,,,,,,deaths,0
kabondo,2026-09-11,,,,,,deaths,0
kabondo,2026-09-18,,,,,,deaths,0
kabondo,2026-09-25,,,,,,deaths,0
kabondo,2026-10-02,,,,,,deaths,0
lubunga,2026-08-14,,,,,,deaths,0
lubunga,2026-08-21,,,,,,deaths,0
lubunga,2026-08-28,,,,,,deaths,0
lubunga,2026-09-04,,,,,,deaths,0
lubunga,2026-09-11,,,,,,deaths,0
lubunga,2026-09-18,,,,,,deaths,0
lubunga,2026-09-25,,,,,,deaths,0
lubunga,2026-10-02,,,,,,deaths,0
makiso_kisangani,2026-08-14,,,,,,deaths,0
makiso_kisangani,2026-08-21,,,,,,deaths,2
makiso_kisangani,2026-08-28,,,,,,deaths,0
makiso_kisangani,2026-09-04,,,,,,deaths,1
makiso_kisangani,2026-09-11,,,,,,deaths,0
makiso_kisangani,2026-09-18,,,,,,deaths,3
makiso_kisangani,2026-09-25,,,,,,deaths,2
makiso_kisangani,2026-10-02,,,,,,deaths,0
mangobo,2026-08-14,,,,,,deaths,0
mangobo,2026-08-21,,,,,,deaths,1
mangobo,2026-08-28,,,,,,deaths,0
mangobo,2026-09-04,,,,,,deaths,0
mangobo,2026-09-11,,,,,,deaths,0
mangobo,2026-09-18,,,,,,deaths,0
mangobo,2026-09-25,,,,,,deaths,1
mangobo,2026-10-02,,,,,,deaths,0
tshopo,2026-08-14,,,,,,deaths,0
tshopo,2026-08-21,,,,,,deaths,0
tshopo,2026-08-28,,,,,,deaths,0
tshopo,2026-09-04,,,,,,deaths,0
tshopo,2026-09-11,,,,,,deaths,0
tshopo,2026-09-18,,,,,,deaths,0
tshopo,2026-09-25,,,,,,deaths,0
tshopo,2026-10-02,,,,,,deaths,0
wanie_rukula,2026-08-14,,,,,,deaths,0
wanie_rukula,2026-08-21,,,,,,deaths,1
wanie_rukula,2026-08-28,,,,,,deaths,0
wanie_rukula,2026-09-04,,,,,,deaths,0
wanie_rukula,2026-09-11,,,,,,deaths,0
wanie_rukula,2026-09-18,,,,,,deaths,0
wanie_rukula,2026-09-25,,,,,,deaths,0
wanie_rukula,2026-10-02,,,,,,deaths,0
buta,2026-08-14,,,,,,deaths,1
buta,2026-08-21,,,,,,deaths,0
buta,2026-08-28,,,,,,deaths,0
buta,2026-09-04,,,,,,deaths,0
buta,2026-09-11,,,,,,deaths,0
buta,2026-09-18,,,,,,deaths,0
buta,2026-09-25,,,,,,deaths,0
buta,2026-10-02,,,,,,deaths,0
ganga,2026-08-14,,,,,,deaths,0
ganga,2026-08-21,,,,,,deaths,0
ganga,2026-08-28,,,,,,deaths,1
ganga,2026-09-04,,,,,,deaths,1
ganga,2026-09-11,,,,,,deaths,0
ganga,2026-09-18,,,,,,deaths,0
ganga,2026-09-25,,,,,,deaths,0
ganga,2026-10-02,,,,,,deaths,0
viadana,2026-08-14,,,,,,deaths,0
viadana,2026-08-21,,,,,,deaths,0
viadana,2026-08-28,,,,,,deaths,0
viadana,2026-09-04,,,,,,deaths,0
viadana,2026-09-11,,,,,,deaths,0
viadana,2026-09-18,,,,,,deaths,1
viadana,2026-09-25,,,,,,deaths,0
viadana,2026-10-02,,,,,,deaths,0
bulu,2026-08-14,,,,,,deaths,0
bulu,2026-08-21,,,,,,deaths,0
bulu,2026-08-28,,,,,,deaths,0
bulu,2026-09-04,,,,,,deaths,0
bulu,2026-09-11,,,,,,deaths,1
bulu,2026-09-18,,,,,,deaths,0
bulu,2026-09-25,,,,,,deaths,0
bulu,2026-10-02,,,,,,deaths,0
