area,date,median,lower_90,upper_90,lower_50,upper_50,series,count
adja,2026-09-05,0.99,0.862,1.109,0.942,1.037,rt,
adja,2026-09-06,0.989,0.863,1.112,0.939,1.036,rt,
adja,2026-09-07,0.969,0.843,1.095,0.917,1.018,rt,
adja,2026-09-08,0.95,0.825,1.081,0.896,0.999,rt,
adja,2026-09-09,0.93,0.801,1.068,0.876,0.982,rt,
adja,2026-09-10,0.907,0.777,1.056,0.853,0.965,rt,
adja,2026-09-11,0.888,0.754,1.038,0.833,0.946,rt,
adja,2026-09-12,0.867,0.729,1.023,0.807,0.928,rt,
adja,2026-09-13,0.844,0.7,1.006,0.779,0.909,rt,
adja,2026-09-14,0.823,0.669,0.999,0.755,0.894,rt,
adja,2026-09-15,0.808,0.643,0.994,0.735,0.881,rt,
adja,2026-09-16,0.79,0.618,0.981,0.714,0.867,rt,
adja,2026-09-17,0.772,0.594,0.973,0.694,0.852,rt,
adja,2026-09-18,0.752,0.57,0.959,0.675,0.836,rt,
adja,2026-09-19,0.732,0.546,0.954,0.655,0.82,rt,
adja,2026-09-20,0.713,0.52,0.944,0.633,0.801,rt,
adja,2026-09-21,0.704,0.5,0.94,0.618,0.799,rt,
adja,2026-09-22,0.698,0.489,0.947,0.613,0.799,rt,
adja,2026-09-23,0.696,0.479,0.959,0.606,0.795,rt,
adja,2026-09-24,0.689,0.469,0.957,0.602,0.794,rt,
adja,2026-09-25,0.686,0.466,0.944,0.6,0.784,rt,
adja,2026-09-26,0.682,0.464,0.933,0.595,0.776,rt,
adja,2026-09-27,0.68,0.463,0.921,0.594,0.772,rt,
ariwara,2026-07-13,1.074,0.95,1.188,1.028,1.123,rt,
ariwara,2026-07-14,1.065,0.945,1.177,1.018,1.111,rt,
ariwara,2026-07-15,1.055,0.938,1.168,1.008,1.102,rt,
ariwara,2026-07-16,1.046,0.932,1.159,0.997,1.091,rt,
ariwara,2026-07-17,1.037,0.924,1.144,0.989,1.081,rt,
ariwara,2026-07-18,1.026,0.916,1.136,0.982,1.07,rt,
ariwara,2026-07-19,1.017,0.907,1.126,0.974,1.06,rt,
ariwara,2026-07-20,1.015,0.903,1.128,0.968,1.059,rt,
ariwara,2026-07-21,1.01,0.901,1.12,0.965,1.055,rt,
ariwara,2026-07-22,1.006,0.896,1.121,0.961,1.051,rt,
ariwara,2026-07-23,1.003,0.89,1.119,0.957,1.05,rt,
ariwara,2026-07-24,0.999,0.89,1.112,0.958,1.046,rt,
ariwara,2026-07-25,0.998,0.892,1.106,0.956,1.041,rt,
ariwara,2026-07-26,0.995,0.887,1.102,0.954,1.037,rt,
ariwara,2026-07-27,0.999,0.885,1.109,0.957,1.043,rt,
ariwara,2026-07-28,1.003,0.892,1.11,0.96,1.045,rt,
ariwara,2026-07-29,1.007,0.894,1.114,0.963,1.049,rt,
ariwara,2026-07-30,1.01,0.895,1.123,0.965,1.054,rt,
ariwara,2026-07-31,1.012,0.903,1.12,0.968,1.055,rt,
ariwara,2026-08-01,1.013,0.908,1.12,0.972,1.055,rt,
ariwara,2026-08-02,1.014,0.912,1.122,0.973,1.057,rt,
ariwara,2026-08-03,1.01,0.906,1.126,0.969,1.055,rt,
ariwara,2026-08-04,1.008,0.904,1.121,0.965,1.052,rt,
ariwara,2026-08-05,1.005,0.899,1.119,0.96,1.049,rt,
ariwara,2026-08-06,1.002,0.892,1.121,0.955,1.046,rt,
ariwara,2026-08-07,0.998,0.895,1.109,0.953,1.04,rt,
ariwara,2026-08-08,0.993,0.895,1.098,0.951,1.034,rt,
ariwara,2026-08-09,0.988,0.889,1.093,0.946,1.031,rt,
ariwara,2026-08-10,0.971,0.87,1.079,0.929,1.013,rt,
ariwara,2026-08-11,0.958,0.861,1.061,0.918,1.0,rt,
ariwara,2026-08-12,0.945,0.848,1.048,0.905,0.987,rt,
ariwara,2026-08-13,0.933,0.837,1.038,0.89,0.974,rt,
ariwara,2026-08-14,0.921,0.828,1.016,0.88,0.957,rt,
ariwara,2026-08-15,0.907,0.815,0.997,0.868,0.942,rt,
ariwara,2026-08-16,0.892,0.803,0.983,0.854,0.927,rt,
ariwara,2026-08-17,0.89,0.798,0.985,0.851,0.928,rt,
ariwara,2026-08-18,0.89,0.796,0.984,0.851,0.928,rt,
ariwara,2026-08-19,0.89,0.794,0.987,0.849,0.929,rt,
ariwara,2026-08-20,0.891,0.79,0.99,0.847,0.931,rt,
ariwara,2026-08-21,0.891,0.798,0.986,0.849,0.931,rt,
ariwara,2026-08-22,0.892,0.799,0.983,0.851,0.932,rt,
ariwara,2026-08-23,0.893,0.799,0.983,0.852,0.934,rt,
ariwara,2026-08-24,0.905,0.807,1.0,0.863,0.949,rt,
ariwara,2026-08-25,0.919,0.818,1.018,0.876,0.963,rt,
ariwara,2026-08-26,0.933,0.83,1.039,0.888,0.977,rt,
ariwara,2026-08-27,0.947,0.835,1.06,0.899,0.994,rt,
ariwara,2026-08-28,0.96,0.85,1.07,0.915,1.005,rt,
ariwara,2026-08-29,0.972,0.865,1.086,0.928,1.017,rt,
ariwara,2026-08-30,0.986,0.875,1.098,0.94,1.029,rt,
ariwara,2026-08-31,0.985,0.873,1.103,0.941,1.031,rt,
ariwara,2026-09-01,0.986,0.875,1.108,0.943,1.035,rt,
ariwara,2026-09-02,0.989,0.876,1.112,0.944,1.038,rt,
ariwara,2026-09-03,0.99,0.867,1.117,0.942,1.043,rt,
ariwara,2026-09-04,0.993,0.871,1.112,0.944,1.042,rt,
ariwara,2026-09-05,0.991,0.871,1.11,0.945,1.042,rt,
ariwara,2026-09-06,0.992,0.871,1.114,0.942,1.041,rt,
ariwara,2026-09-07,0.973,0.851,1.096,0.922,1.021,rt,
ariwara,2026-09-08,0.953,0.828,1.087,0.902,1.005,rt,
ariwara,2026-09-09,0.933,0.803,1.075,0.881,0.99,rt,
ariwara,2026-09-10,0.912,0.781,1.062,0.858,0.971,rt,
ariwara,2026-09-11,0.892,0.761,1.048,0.835,0.951,rt,
ariwara,2026-09-12,0.87,0.737,1.033,0.812,0.933,rt,
ariwara,2026-09-13,0.847,0.707,1.016,0.784,0.914,rt,
ariwara,2026-09-14,0.827,0.675,1.009,0.76,0.899,rt,
ariwara,2026-09-15,0.811,0.649,1.001,0.742,0.885,rt,
ariwara,2026-09-16,0.793,0.623,0.996,0.722,0.873,rt,
ariwara,2026-09-17,0.776,0.597,0.985,0.701,0.855,rt,
ariwara,2026-09-18,0.757,0.574,0.975,0.681,0.84,rt,
ariwara,2026-09-19,0.739,0.55,0.962,0.659,0.825,rt,
ariwara,2026-09-20,0.721,0.527,0.956,0.639,0.808,rt,
ariwara,2026-09-21,0.711,0.504,0.956,0.627,0.803,rt,
ariwara,2026-09-22,0.703,0.498,0.962,0.619,0.802,rt,
ariwara,2026-09-23,0.699,0.487,0.963,0.611,0.8,rt,
ariwara,2026-09-24,0.696,0.475,0.974,0.604,0.798,rt,
ariwara,2026-09-25,0.69,0.47,0.956,0.602,0.791,rt,
ariwara,2026-09-26,0.686,0.474,0.944,0.603,0.782,rt,
ariwara,2026-09-27,0.686,0.472,0.932,0.602,0.776,rt,
aru,2026-05-20,1.161,0.747,1.815,0.963,1.383,rt,
aru,2026-05-21,1.171,0.762,1.799,0.98,1.394,rt,
aru,2026-05-22,1.179,0.783,1.778,0.999,1.402,rt,
aru,2026-05-23,1.188,0.8,1.772,1.014,1.408,rt,
aru,2026-05-24,1.193,0.811,1.749,1.028,1.409,rt,
aru,2026-05-25,1.197,0.827,1.728,1.033,1.405,rt,
aru,2026-05-26,1.199,0.836,1.706,1.041,1.4,rt,
aru,2026-05-27,1.201,0.851,1.688,1.048,1.397,rt,
aru,2026-05-28,1.202,0.863,1.662,1.057,1.39,rt,
aru,2026-05-29,1.204,0.876,1.633,1.06,1.385,rt,
aru,2026-05-30,1.201,0.884,1.607,1.063,1.375,rt,
aru,2026-05-31,1.2,0.889,1.589,1.061,1.367,rt,
aru,2026-06-01,1.205,0.897,1.581,1.066,1.368,rt,
aru,2026-06-02,1.209,0.911,1.568,1.073,1.365,rt,
aru,2026-06-03,1.207,0.916,1.55,1.078,1.362,rt,
aru,2026-06-04,1.208,0.917,1.534,1.081,1.355,rt,
aru,2026-06-05,1.205,0.925,1.516,1.086,1.344,rt,
aru,2026-06-06,1.205,0.926,1.494,1.086,1.329,rt,
aru,2026-06-07,1.199,0.926,1.476,1.088,1.319,rt,
aru,2026-06-08,1.199,0.932,1.466,1.089,1.315,rt,
aru,2026-06-09,1.196,0.944,1.448,1.088,1.304,rt,
aru,2026-06-10,1.191,0.949,1.433,1.085,1.291,rt,
aru,2026-06-11,1.184,0.95,1.417,1.081,1.281,rt,
aru,2026-06-12,1.176,0.946,1.397,1.077,1.265,rt,
aru,2026-06-13,1.166,0.944,1.382,1.069,1.253,rt,
aru,2026-06-14,1.154,0.936,1.358,1.062,1.239,rt,
aru,2026-06-15,1.147,0.934,1.348,1.057,1.229,rt,
aru,2026-06-16,1.141,0.931,1.339,1.053,1.221,rt,
aru,2026-06-17,1.134,0.929,1.327,1.046,1.214,rt,
aru,2026-06-18,1.126,0.926,1.318,1.039,1.205,rt,
aru,2026-06-19,1.119,0.926,1.304,1.034,1.195,rt,
aru,2026-06-20,1.111,0.922,1.295,1.029,1.186,rt,
aru,2026-06-21,1.107,0.923,1.285,1.025,1.178,rt,
aru,2026-06-22,1.113,0.927,1.291,1.033,1.184,rt,
aru,2026-06-23,1.12,0.939,1.293,1.043,1.191,rt,
aru,2026-06-24,1.124,0.945,1.296,1.051,1.201,rt,
aru,2026-06-25,1.131,0.95,1.303,1.059,1.209,rt,
aru,2026-06-26,1.14,0.958,1.304,1.068,1.212,rt,
aru,2026-06-27,1.147,0.969,1.308,1.077,1.217,rt,
aru,2026-06-28,1.152,0.975,1.311,1.085,1.224,rt,
aru,2026-06-29,1.134,0.962,1.288,1.068,1.206,rt,
aru,2026-06-30,1.117,0.947,1.266,1.051,1.184,rt,
aru,2026-07-01,1.099,0.934,1.248,1.035,1.166,rt,
aru,2026-07-02,1.083,0.918,1.231,1.018,1.147,rt,
aru,2026-07-03,1.066,0.91,1.207,1.003,1.128,rt,
aru,2026-07-04,1.05,0.899,1.184,0.99,1.109,rt,
aru,2026-07-05,1.035,0.887,1.169,0.975,1.092,rt,
aru,2026-07-06,1.032,0.883,1.169,0.971,1.087,rt,
aru,2026-07-07,1.032,0.886,1.164,0.973,1.087,rt,
aru,2026-07-08,1.032,0.888,1.165,0.973,1.088,rt,
aru,2026-07-09,1.031,0.89,1.167,0.972,1.09,rt,
aru,2026-07-10,1.033,0.895,1.161,0.975,1.087,rt,
aru,2026-07-11,1.032,0.897,1.158,0.976,1.086,rt,
aru,2026-07-12,1.033,0.898,1.158,0.977,1.087,rt,
aru,2026-07-13,1.024,0.885,1.147,0.966,1.077,rt,
aru,2026-07-14,1.016,0.884,1.137,0.959,1.068,rt,
aru,2026-07-15,1.008,0.88,1.127,0.952,1.06,rt,
aru,2026-07-16,0.998,0.872,1.121,0.946,1.053,rt,
aru,2026-07-17,0.992,0.868,1.11,0.939,1.043,rt,
aru,2026-07-18,0.986,0.86,1.098,0.934,1.034,rt,
aru,2026-07-19,0.978,0.853,1.091,0.928,1.027,rt,
aru,2026-07-20,0.976,0.846,1.091,0.926,1.025,rt,
aru,2026-07-21,0.976,0.842,1.088,0.925,1.022,rt,
aru,2026-07-22,0.973,0.839,1.088,0.924,1.02,rt,
aru,2026-07-23,0.971,0.836,1.088,0.92,1.019,rt,
aru,2026-07-24,0.97,0.839,1.081,0.921,1.015,rt,
aru,2026-07-25,0.97,0.84,1.077,0.921,1.011,rt,
aru,2026-07-26,0.968,0.84,1.074,0.917,1.01,rt,
aru,2026-07-27,0.971,0.846,1.081,0.921,1.016,rt,
aru,2026-07-28,0.977,0.853,1.085,0.927,1.02,rt,
aru,2026-07-29,0.98,0.857,1.091,0.929,1.025,rt,
aru,2026-07-30,0.985,0.86,1.1,0.933,1.03,rt,
aru,2026-07-31,0.987,0.868,1.098,0.939,1.03,rt,
aru,2026-08-01,0.989,0.873,1.098,0.944,1.032,rt,
aru,2026-08-02,0.992,0.875,1.102,0.946,1.034,rt,
aru,2026-08-03,0.99,0.869,1.103,0.941,1.033,rt,
aru,2026-08-04,0.987,0.867,1.1,0.94,1.031,rt,
aru,2026-08-05,0.984,0.866,1.098,0.937,1.029,rt,
aru,2026-08-06,0.981,0.862,1.1,0.935,1.028,rt,
aru,2026-08-07,0.978,0.863,1.088,0.932,1.022,rt,
aru,2026-08-08,0.973,0.862,1.083,0.929,1.017,rt,
aru,2026-08-09,0.969,0.861,1.076,0.924,1.014,rt,
aru,2026-08-10,0.955,0.848,1.059,0.91,0.999,rt,
aru,2026-08-11,0.944,0.842,1.045,0.897,0.985,rt,
aru,2026-08-12,0.93,0.828,1.033,0.885,0.972,rt,
aru,2026-08-13,0.918,0.817,1.023,0.872,0.96,rt,
aru,2026-08-14,0.904,0.812,1.004,0.861,0.945,rt,
aru,2026-08-15,0.89,0.803,0.986,0.85,0.93,rt,
aru,2026-08-16,0.877,0.791,0.972,0.838,0.916,rt,
aru,2026-08-17,0.876,0.785,0.975,0.836,0.916,rt,
aru,2026-08-18,0.876,0.784,0.977,0.838,0.917,rt,
aru,2026-08-19,0.875,0.783,0.979,0.837,0.918,rt,
aru,2026-08-20,0.877,0.78,0.981,0.835,0.919,rt,
aru,2026-08-21,0.878,0.782,0.978,0.838,0.919,rt,
aru,2026-08-22,0.879,0.784,0.976,0.841,0.921,rt,
aru,2026-08-23,0.879,0.785,0.976,0.842,0.921,rt,
aru,2026-08-24,0.894,0.793,0.995,0.854,0.937,rt,
aru,2026-08-25,0.908,0.809,1.01,0.864,0.952,rt,
aru,2026-08-26,0.922,0.817,1.03,0.876,0.967,rt,
aru,2026-08-27,0.936,0.825,1.05,0.887,0.985,rt,
aru,2026-08-28,0.951,0.84,1.06,0.902,0.994,rt,
aru,2026-08-29,0.965,0.852,1.074,0.916,1.006,rt,
aru,2026-08-30,0.977,0.861,1.089,0.929,1.018,rt,
aru,2026-08-31,0.977,0.859,1.093,0.931,1.022,rt,
aru,2026-09-01,0.979,0.863,1.093,0.933,1.025,rt,
aru,2026-09-02,0.982,0.861,1.098,0.935,1.028,rt,
aru,2026-09-03,0.983,0.858,1.104,0.932,1.03,rt,
aru,2026-09-04,0.985,0.862,1.099,0.935,1.03,rt,
aru,2026-09-05,0.984,0.861,1.094,0.936,1.029,rt,
aru,2026-09-06,0.983,0.862,1.1,0.933,1.031,rt,
aru,2026-09-07,0.962,0.839,1.087,0.912,1.012,rt,
aru,2026-09-08,0.944,0.818,1.074,0.894,0.995,rt,
aru,2026-09-09,0.923,0.795,1.064,0.873,0.978,rt,
aru,2026-09-10,0.903,0.771,1.051,0.851,0.961,rt,
aru,2026-09-11,0.882,0.75,1.034,0.828,0.941,rt,
aru,2026-09-12,0.862,0.725,1.015,0.802,0.923,rt,
aru,2026-09-13,0.838,0.698,1.001,0.773,0.905,rt,
aru,2026-09-14,0.82,0.666,0.99,0.751,0.891,rt,
aru,2026-09-15,0.803,0.64,0.984,0.731,0.878,rt,
aru,2026-09-16,0.787,0.613,0.978,0.713,0.864,rt,
aru,2026-09-17,0.769,0.593,0.97,0.693,0.851,rt,
aru,2026-09-18,0.75,0.566,0.96,0.673,0.832,rt,
aru,2026-09-19,0.732,0.544,0.95,0.652,0.816,rt,
aru,2026-09-20,0.714,0.514,0.947,0.629,0.803,rt,
aru,2026-09-21,0.703,0.498,0.948,0.617,0.797,rt,
aru,2026-09-22,0.698,0.489,0.954,0.61,0.797,rt,
aru,2026-09-23,0.695,0.478,0.96,0.604,0.796,rt,
aru,2026-09-24,0.691,0.468,0.961,0.597,0.794,rt,
aru,2026-09-25,0.689,0.469,0.949,0.594,0.784,rt,
aru,2026-09-26,0.686,0.464,0.939,0.592,0.779,rt,
aru,2026-09-27,0.685,0.461,0.929,0.591,0.772,rt,
aungba,2026-06-24,1.18,0.987,1.348,1.096,1.243,rt,
aungba,2026-06-25,1.184,0.992,1.356,1.103,1.252,rt,
aungba,2026-06-26,1.188,1.004,1.354,1.109,1.255,rt,
aungba,2026-06-27,1.193,1.013,1.355,1.117,1.258,rt,
aungba,2026-06-28,1.199,1.017,1.36,1.127,1.265,rt,
aungba,2026-06-29,1.177,1.0,1.336,1.111,1.244,rt,
aungba,2026-06-30,1.155,0.987,1.308,1.092,1.221,rt,
aungba,2026-07-01,1.136,0.975,1.287,1.073,1.198,rt,
aungba,2026-07-02,1.115,0.955,1.271,1.053,1.177,rt,
aungba,2026-07-03,1.098,0.943,1.244,1.038,1.156,rt,
aungba,2026-07-04,1.081,0.928,1.221,1.021,1.136,rt,
aungba,2026-07-05,1.066,0.913,1.202,1.005,1.12,rt,
aungba,2026-07-06,1.061,0.91,1.197,1.0,1.115,rt,
aungba,2026-07-07,1.061,0.909,1.192,1.0,1.113,rt,
aungba,2026-07-08,1.06,0.914,1.189,1.0,1.112,rt,
aungba,2026-07-09,1.057,0.915,1.19,1.001,1.111,rt,
aungba,2026-07-10,1.058,0.917,1.183,1.001,1.109,rt,
aungba,2026-07-11,1.056,0.919,1.18,1.003,1.107,rt,
aungba,2026-07-12,1.056,0.919,1.177,1.002,1.106,rt,
aungba,2026-07-13,1.044,0.909,1.164,0.991,1.095,rt,
aungba,2026-07-14,1.035,0.905,1.154,0.985,1.085,rt,
aungba,2026-07-15,1.027,0.898,1.144,0.976,1.076,rt,
aungba,2026-07-16,1.017,0.891,1.137,0.967,1.068,rt,
aungba,2026-07-17,1.009,0.886,1.121,0.961,1.059,rt,
aungba,2026-07-18,1.0,0.876,1.113,0.953,1.05,rt,
aungba,2026-07-19,0.992,0.868,1.104,0.946,1.041,rt,
aungba,2026-07-20,0.99,0.862,1.105,0.943,1.038,rt,
aungba,2026-07-21,0.988,0.864,1.1,0.941,1.036,rt,
aungba,2026-07-22,0.987,0.863,1.099,0.938,1.032,rt,
aungba,2026-07-23,0.985,0.859,1.102,0.933,1.03,rt,
aungba,2026-07-24,0.984,0.861,1.094,0.933,1.027,rt,
aungba,2026-07-25,0.981,0.861,1.087,0.931,1.025,rt,
aungba,2026-07-26,0.977,0.861,1.083,0.929,1.023,rt,
aungba,2026-07-27,0.982,0.862,1.089,0.933,1.027,rt,
aungba,2026-07-28,0.986,0.867,1.094,0.94,1.031,rt,
aungba,2026-07-29,0.991,0.873,1.1,0.944,1.036,rt,
aungba,2026-07-30,0.993,0.873,1.107,0.947,1.041,rt,
aungba,2026-07-31,0.995,0.88,1.106,0.95,1.04,rt,
aungba,2026-08-01,0.998,0.885,1.105,0.954,1.042,rt,
aungba,2026-08-02,1.002,0.891,1.107,0.955,1.043,rt,
aungba,2026-08-03,1.0,0.885,1.109,0.95,1.041,rt,
aungba,2026-08-04,0.997,0.882,1.105,0.948,1.04,rt,
aungba,2026-08-05,0.995,0.878,1.101,0.946,1.036,rt,
aungba,2026-08-06,0.99,0.872,1.104,0.941,1.035,rt,
aungba,2026-08-07,0.987,0.876,1.094,0.94,1.029,rt,
aungba,2026-08-08,0.983,0.874,1.087,0.938,1.024,rt,
aungba,2026-08-09,0.978,0.873,1.082,0.934,1.018,rt,
aungba,2026-08-10,0.962,0.858,1.068,0.919,1.004,rt,
aungba,2026-08-11,0.949,0.848,1.052,0.905,0.99,rt,
aungba,2026-08-12,0.935,0.836,1.038,0.893,0.976,rt,
aungba,2026-08-13,0.923,0.825,1.029,0.879,0.964,rt,
aungba,2026-08-14,0.908,0.819,1.008,0.869,0.949,rt,
aungba,2026-08-15,0.895,0.807,0.991,0.857,0.933,rt,
aungba,2026-08-16,0.882,0.792,0.976,0.845,0.921,rt,
aungba,2026-08-17,0.88,0.787,0.978,0.843,0.919,rt,
aungba,2026-08-18,0.881,0.785,0.978,0.842,0.92,rt,
aungba,2026-08-19,0.88,0.783,0.98,0.84,0.92,rt,
aungba,2026-08-20,0.881,0.781,0.983,0.838,0.921,rt,
aungba,2026-08-21,0.881,0.783,0.978,0.841,0.92,rt,
aungba,2026-08-22,0.882,0.786,0.976,0.842,0.921,rt,
aungba,2026-08-23,0.882,0.785,0.975,0.843,0.922,rt,
aungba,2026-08-24,0.895,0.793,0.993,0.855,0.937,rt,
aungba,2026-08-25,0.91,0.806,1.011,0.867,0.952,rt,
aungba,2026-08-26,0.923,0.816,1.029,0.877,0.967,rt,
aungba,2026-08-27,0.937,0.823,1.049,0.888,0.983,rt,
aungba,2026-08-28,0.948,0.839,1.056,0.903,0.994,rt,
aungba,2026-08-29,0.962,0.851,1.068,0.915,1.007,rt,
aungba,2026-08-30,0.975,0.859,1.08,0.928,1.018,rt,
aungba,2026-08-31,0.975,0.861,1.085,0.928,1.02,rt,
aungba,2026-09-01,0.976,0.859,1.092,0.932,1.02,rt,
aungba,2026-09-02,0.977,0.856,1.094,0.929,1.024,rt,
aungba,2026-09-03,0.978,0.851,1.099,0.928,1.028,rt,
aungba,2026-09-04,0.979,0.856,1.097,0.932,1.026,rt,
aungba,2026-09-05,0.978,0.86,1.093,0.932,1.023,rt,
aungba,2026-09-06,0.975,0.856,1.098,0.929,1.021,rt,
aungba,2026-09-07,0.955,0.833,1.077,0.908,1.002,rt,
aungba,2026-09-08,0.934,0.814,1.062,0.887,0.985,rt,
aungba,2026-09-09,0.914,0.789,1.052,0.866,0.969,rt,
aungba,2026-09-10,0.894,0.763,1.039,0.843,0.95,rt,
aungba,2026-09-11,0.874,0.744,1.02,0.821,0.927,rt,
aungba,2026-09-12,0.851,0.718,1.004,0.793,0.909,rt,
aungba,2026-09-13,0.827,0.688,0.985,0.767,0.889,rt,
aungba,2026-09-14,0.806,0.661,0.977,0.743,0.874,rt,
aungba,2026-09-15,0.789,0.637,0.968,0.722,0.86,rt,
aungba,2026-09-16,0.772,0.61,0.959,0.702,0.844,rt,
aungba,2026-09-17,0.754,0.588,0.953,0.68,0.83,rt,
aungba,2026-09-18,0.734,0.561,0.941,0.66,0.811,rt,
aungba,2026-09-19,0.714,0.535,0.928,0.637,0.798,rt,
aungba,2026-09-20,0.695,0.509,0.923,0.617,0.78,rt,
aungba,2026-09-21,0.683,0.489,0.927,0.604,0.775,rt,
aungba,2026-09-22,0.677,0.479,0.931,0.596,0.772,rt,
aungba,2026-09-23,0.673,0.468,0.935,0.59,0.77,rt,
aungba,2026-09-24,0.67,0.455,0.94,0.583,0.767,rt,
aungba,2026-09-25,0.667,0.455,0.925,0.581,0.761,rt,
aungba,2026-09-26,0.662,0.45,0.913,0.581,0.758,rt,
aungba,2026-09-27,0.659,0.448,0.903,0.578,0.753,rt,
bambu,2026-05-22,1.958,1.365,2.708,1.714,2.251,rt,
bambu,2026-05-23,1.931,1.361,2.668,1.705,2.223,rt,
bambu,2026-05-24,1.911,1.348,2.629,1.679,2.191,rt,
bambu,2026-05-25,1.891,1.321,2.598,1.645,2.153,rt,
bambu,2026-05-26,1.865,1.322,2.512,1.635,2.109,rt,
bambu,2026-05-27,1.842,1.319,2.465,1.626,2.064,rt,
bambu,2026-05-28,1.817,1.318,2.408,1.61,2.029,rt,
bambu,2026-05-29,1.794,1.302,2.355,1.587,2.003,rt,
bambu,2026-05-30,1.769,1.292,2.321,1.566,1.978,rt,
bambu,2026-05-31,1.738,1.271,2.302,1.54,1.957,rt,
bambu,2026-06-01,1.724,1.255,2.295,1.525,1.942,rt,
bambu,2026-06-02,1.721,1.272,2.253,1.529,1.927,rt,
bambu,2026-06-03,1.718,1.287,2.215,1.536,1.908,rt,
bambu,2026-06-04,1.714,1.299,2.192,1.534,1.901,rt,
bambu,2026-06-05,1.709,1.296,2.159,1.531,1.889,rt,
bambu,2026-06-06,1.696,1.283,2.151,1.525,1.876,rt,
bambu,2026-06-07,1.684,1.272,2.151,1.513,1.866,rt,
bambu,2026-06-08,1.681,1.25,2.158,1.499,1.869,rt,
bambu,2026-06-09,1.675,1.268,2.139,1.505,1.852,rt,
bambu,2026-06-10,1.665,1.284,2.108,1.509,1.834,rt,
bambu,2026-06-11,1.652,1.294,2.08,1.501,1.813,rt,
bambu,2026-06-12,1.642,1.295,2.058,1.496,1.796,rt,
bambu,2026-06-13,1.63,1.288,2.042,1.482,1.782,rt,
bambu,2026-06-14,1.611,1.274,2.047,1.461,1.77,rt,
bambu,2026-06-15,1.597,1.247,2.067,1.447,1.762,rt,
bambu,2026-06-16,1.588,1.257,2.008,1.449,1.743,rt,
bambu,2026-06-17,1.579,1.271,1.972,1.446,1.723,rt,
bambu,2026-06-18,1.566,1.269,1.944,1.441,1.704,rt,
bambu,2026-06-19,1.562,1.263,1.927,1.434,1.688,rt,
bambu,2026-06-20,1.555,1.249,1.917,1.421,1.68,rt,
bambu,2026-06-21,1.542,1.235,1.913,1.413,1.675,rt,
bambu,2026-06-22,1.546,1.226,1.933,1.413,1.697,rt,
bambu,2026-06-23,1.546,1.248,1.905,1.425,1.691,rt,
bambu,2026-06-24,1.544,1.264,1.883,1.427,1.691,rt,
bambu,2026-06-25,1.547,1.27,1.885,1.428,1.69,rt,
bambu,2026-06-26,1.544,1.271,1.89,1.427,1.688,rt,
bambu,2026-06-27,1.55,1.257,1.899,1.425,1.69,rt,
bambu,2026-06-28,1.553,1.251,1.92,1.42,1.695,rt,
bambu,2026-06-29,1.521,1.216,1.902,1.381,1.664,rt,
bambu,2026-06-30,1.482,1.198,1.83,1.357,1.614,rt,
bambu,2026-07-01,1.445,1.171,1.772,1.329,1.57,rt,
bambu,2026-07-02,1.41,1.15,1.726,1.301,1.529,rt,
bambu,2026-07-03,1.379,1.124,1.685,1.271,1.488,rt,
bambu,2026-07-04,1.345,1.096,1.637,1.241,1.455,rt,
bambu,2026-07-05,1.313,1.067,1.614,1.21,1.428,rt,
bambu,2026-07-06,1.294,1.031,1.607,1.19,1.413,rt,
bambu,2026-07-07,1.284,1.039,1.572,1.19,1.393,rt,
bambu,2026-07-08,1.273,1.037,1.544,1.185,1.38,rt,
bambu,2026-07-09,1.264,1.039,1.527,1.173,1.369,rt,
bambu,2026-07-10,1.258,1.038,1.509,1.164,1.352,rt,
bambu,2026-07-11,1.25,1.029,1.499,1.156,1.345,rt,
bambu,2026-07-12,1.239,1.01,1.499,1.144,1.339,rt,
bambu,2026-07-13,1.22,0.98,1.499,1.114,1.322,rt,
bambu,2026-07-14,1.204,0.979,1.467,1.105,1.304,rt,
bambu,2026-07-15,1.19,0.977,1.45,1.096,1.285,rt,
bambu,2026-07-16,1.176,0.972,1.419,1.084,1.272,rt,
bambu,2026-07-17,1.163,0.964,1.399,1.073,1.258,rt,
bambu,2026-07-18,1.151,0.944,1.387,1.062,1.244,rt,
bambu,2026-07-19,1.135,0.92,1.382,1.047,1.233,rt,
bambu,2026-07-20,1.128,0.901,1.404,1.036,1.236,rt,
bambu,2026-07-21,1.127,0.918,1.392,1.037,1.226,rt,
bambu,2026-07-22,1.127,0.927,1.374,1.037,1.222,rt,
bambu,2026-07-23,1.124,0.932,1.367,1.038,1.219,rt,
bambu,2026-07-24,1.122,0.934,1.359,1.037,1.216,rt,
bambu,2026-07-25,1.119,0.923,1.361,1.036,1.216,rt,
bambu,2026-07-26,1.115,0.909,1.371,1.026,1.216,rt,
bambu,2026-07-27,1.121,0.902,1.405,1.026,1.228,rt,
bambu,2026-07-28,1.126,0.91,1.389,1.035,1.229,rt,
bambu,2026-07-29,1.127,0.92,1.379,1.039,1.229,rt,
bambu,2026-07-30,1.131,0.928,1.382,1.044,1.228,rt,
bambu,2026-07-31,1.133,0.932,1.372,1.045,1.226,rt,
bambu,2026-08-01,1.133,0.932,1.373,1.045,1.229,rt,
bambu,2026-08-02,1.133,0.927,1.382,1.046,1.232,rt,
bambu,2026-08-03,1.126,0.915,1.4,1.037,1.232,rt,
bambu,2026-08-04,1.121,0.92,1.366,1.036,1.216,rt,
bambu,2026-08-05,1.111,0.921,1.345,1.029,1.207,rt,
bambu,2026-08-06,1.105,0.919,1.329,1.025,1.196,rt,
bambu,2026-08-07,1.096,0.914,1.312,1.02,1.182,rt,
bambu,2026-08-08,1.085,0.898,1.307,1.009,1.173,rt,
bambu,2026-08-09,1.074,0.886,1.312,0.995,1.165,rt,
bambu,2026-08-10,1.052,0.859,1.308,0.969,1.148,rt,
bambu,2026-08-11,1.03,0.847,1.269,0.951,1.121,rt,
bambu,2026-08-12,1.007,0.83,1.233,0.936,1.093,rt,
bambu,2026-08-13,0.988,0.808,1.203,0.914,1.074,rt,
bambu,2026-08-14,0.968,0.788,1.17,0.892,1.05,rt,
bambu,2026-08-15,0.945,0.766,1.158,0.869,1.026,rt,
bambu,2026-08-16,0.924,0.743,1.145,0.845,1.001,rt,
bambu,2026-08-17,0.915,0.725,1.151,0.831,0.997,rt,
bambu,2026-08-18,0.902,0.727,1.118,0.824,0.981,rt,
bambu,2026-08-19,0.891,0.722,1.089,0.814,0.967,rt,
bambu,2026-08-20,0.88,0.709,1.065,0.807,0.956,rt,
bambu,2026-08-21,0.869,0.703,1.053,0.796,0.944,rt,
bambu,2026-08-22,0.858,0.693,1.044,0.787,0.934,rt,
bambu,2026-08-23,0.847,0.676,1.041,0.776,0.929,rt,
bambu,2026-08-24,0.845,0.667,1.061,0.772,0.94,rt,
bambu,2026-08-25,0.851,0.675,1.061,0.775,0.938,rt,
bambu,2026-08-26,0.856,0.676,1.063,0.781,0.941,rt,
bambu,2026-08-27,0.859,0.68,1.075,0.784,0.94,rt,
bambu,2026-08-28,0.865,0.68,1.074,0.783,0.94,rt,
bambu,2026-08-29,0.865,0.678,1.087,0.782,0.945,rt,
bambu,2026-08-30,0.865,0.671,1.101,0.781,0.953,rt,
bambu,2026-08-31,0.854,0.651,1.106,0.768,0.949,rt,
bambu,2026-09-01,0.854,0.659,1.1,0.768,0.946,rt,
bambu,2026-09-02,0.852,0.66,1.092,0.768,0.943,rt,
bambu,2026-09-03,0.851,0.655,1.087,0.769,0.938,rt,
bambu,2026-09-04,0.843,0.649,1.087,0.766,0.935,rt,
bambu,2026-09-05,0.837,0.642,1.091,0.758,0.935,rt,
bambu,2026-09-06,0.833,0.631,1.099,0.75,0.941,rt,
bambu,2026-09-07,0.812,0.604,1.094,0.725,0.926,rt,
bambu,2026-09-08,0.788,0.585,1.057,0.699,0.895,rt,
bambu,2026-09-09,0.763,0.566,1.032,0.675,0.868,rt,
bambu,2026-09-10,0.738,0.54,1.005,0.649,0.84,rt,
bambu,2026-09-11,0.712,0.515,0.98,0.625,0.815,rt,
bambu,2026-09-12,0.685,0.486,0.955,0.599,0.789,rt,
bambu,2026-09-13,0.654,0.455,0.931,0.565,0.759,rt,
bambu,2026-09-14,0.626,0.422,0.915,0.535,0.737,rt,
bambu,2026-09-15,0.606,0.403,0.889,0.515,0.716,rt,
bambu,2026-09-16,0.582,0.376,0.87,0.494,0.693,rt,
bambu,2026-09-17,0.56,0.353,0.844,0.469,0.671,rt,
bambu,2026-09-18,0.536,0.327,0.822,0.447,0.647,rt,
bambu,2026-09-19,0.515,0.305,0.797,0.422,0.626,rt,
bambu,2026-09-20,0.494,0.281,0.788,0.398,0.607,rt,
bambu,2026-09-21,0.474,0.261,0.782,0.381,0.594,rt,
bambu,2026-09-22,0.469,0.256,0.778,0.371,0.585,rt,
bambu,2026-09-23,0.462,0.247,0.773,0.36,0.579,rt,
bambu,2026-09-24,0.452,0.238,0.772,0.35,0.571,rt,
bambu,2026-09-25,0.447,0.231,0.773,0.342,0.57,rt,
bambu,2026-09-26,0.441,0.223,0.77,0.332,0.555,rt,
bambu,2026-09-27,0.436,0.215,0.788,0.322,0.551,rt,
boga,2026-07-23,0.997,0.877,1.117,0.947,1.048,rt,
boga,2026-07-24,0.996,0.878,1.113,0.947,1.043,rt,
boga,2026-07-25,0.993,0.877,1.108,0.947,1.038,rt,
boga,2026-07-26,0.989,0.874,1.103,0.945,1.035,rt,
boga,2026-07-27,0.993,0.874,1.107,0.947,1.041,rt,
boga,2026-07-28,0.996,0.879,1.106,0.951,1.043,rt,
boga,2026-07-29,1.001,0.883,1.11,0.953,1.049,rt,
boga,2026-07-30,1.005,0.884,1.117,0.956,1.053,rt,
boga,2026-07-31,1.007,0.893,1.117,0.961,1.054,rt,
boga,2026-08-01,1.009,0.897,1.121,0.963,1.055,rt,
boga,2026-08-02,1.01,0.897,1.124,0.963,1.057,rt,
boga,2026-08-03,1.006,0.892,1.124,0.958,1.055,rt,
boga,2026-08-04,1.003,0.89,1.121,0.955,1.052,rt,
boga,2026-08-05,1.001,0.887,1.12,0.951,1.048,rt,
boga,2026-08-06,0.996,0.878,1.122,0.949,1.046,rt,
boga,2026-08-07,0.992,0.881,1.111,0.946,1.039,rt,
boga,2026-08-08,0.988,0.879,1.102,0.943,1.035,rt,
boga,2026-08-09,0.984,0.876,1.098,0.937,1.029,rt,
boga,2026-08-10,0.967,0.86,1.083,0.921,1.013,rt,
boga,2026-08-11,0.954,0.847,1.066,0.909,1.0,rt,
boga,2026-08-12,0.941,0.838,1.053,0.898,0.986,rt,
boga,2026-08-13,0.927,0.826,1.04,0.885,0.973,rt,
boga,2026-08-14,0.915,0.817,1.021,0.873,0.958,rt,
boga,2026-08-15,0.901,0.806,1.004,0.861,0.941,rt,
boga,2026-08-16,0.887,0.792,0.99,0.847,0.926,rt,
boga,2026-08-17,0.885,0.787,0.989,0.843,0.923,rt,
boga,2026-08-18,0.885,0.785,0.991,0.843,0.924,rt,
boga,2026-08-19,0.884,0.782,0.992,0.84,0.925,rt,
boga,2026-08-20,0.882,0.777,0.993,0.838,0.926,rt,
boga,2026-08-21,0.883,0.779,0.99,0.84,0.925,rt,
boga,2026-08-22,0.883,0.783,0.985,0.84,0.925,rt,
boga,2026-08-23,0.881,0.783,0.983,0.84,0.924,rt,
boga,2026-08-24,0.892,0.79,1.003,0.851,0.936,rt,
boga,2026-08-25,0.904,0.803,1.018,0.863,0.95,rt,
boga,2026-08-26,0.918,0.809,1.036,0.874,0.967,rt,
boga,2026-08-27,0.931,0.814,1.056,0.882,0.98,rt,
boga,2026-08-28,0.942,0.828,1.06,0.896,0.992,rt,
boga,2026-08-29,0.954,0.84,1.07,0.909,1.002,rt,
boga,2026-08-30,0.965,0.851,1.082,0.921,1.013,rt,
boga,2026-08-31,0.965,0.848,1.086,0.919,1.013,rt,
boga,2026-09-01,0.966,0.844,1.09,0.919,1.015,rt,
boga,2026-09-02,0.967,0.845,1.091,0.918,1.02,rt,
boga,2026-09-03,0.968,0.843,1.102,0.917,1.023,rt,
boga,2026-09-04,0.968,0.847,1.093,0.918,1.019,rt,
boga,2026-09-05,0.965,0.843,1.091,0.918,1.016,rt,
boga,2026-09-06,0.963,0.843,1.095,0.916,1.014,rt,
boga,2026-09-07,0.941,0.818,1.079,0.893,0.995,rt,
boga,2026-09-08,0.922,0.798,1.063,0.874,0.977,rt,
boga,2026-09-09,0.904,0.778,1.047,0.852,0.962,rt,
boga,2026-09-10,0.883,0.752,1.037,0.83,0.941,rt,
boga,2026-09-11,0.861,0.732,1.016,0.805,0.922,rt,
boga,2026-09-12,0.841,0.705,0.997,0.781,0.901,rt,
boga,2026-09-13,0.817,0.675,0.986,0.755,0.881,rt,
boga,2026-09-14,0.796,0.642,0.974,0.732,0.865,rt,
boga,2026-09-15,0.778,0.618,0.965,0.712,0.85,rt,
boga,2026-09-16,0.759,0.596,0.958,0.691,0.833,rt,
boga,2026-09-17,0.743,0.568,0.953,0.669,0.817,rt,
boga,2026-09-18,0.722,0.542,0.942,0.647,0.796,rt,
boga,2026-09-19,0.7,0.517,0.922,0.626,0.779,rt,
boga,2026-09-20,0.681,0.488,0.913,0.605,0.761,rt,
boga,2026-09-21,0.666,0.469,0.916,0.59,0.756,rt,
boga,2026-09-22,0.661,0.457,0.913,0.582,0.751,rt,
boga,2026-09-23,0.655,0.446,0.918,0.576,0.75,rt,
boga,2026-09-24,0.651,0.438,0.921,0.569,0.747,rt,
boga,2026-09-25,0.645,0.438,0.902,0.564,0.739,rt,
boga,2026-09-26,0.642,0.431,0.886,0.561,0.735,rt,
boga,2026-09-27,0.639,0.425,0.875,0.556,0.731,rt,
bunia,2026-04-20,2.013,1.493,3.114,1.756,2.334,rt,
bunia,2026-04-21,2.04,1.528,3.093,1.785,2.354,rt,
bunia,2026-04-22,2.059,1.563,3.096,1.811,2.366,rt,
bunia,2026-04-23,2.078,1.583,3.078,1.833,2.383,rt,
bunia,2026-04-24,2.102,1.599,3.043,1.859,2.403,rt,
bunia,2026-04-25,2.119,1.598,3.08,1.881,2.416,rt,
bunia,2026-04-26,2.14,1.601,3.103,1.891,2.434,rt,
bunia,2026-04-27,2.15,1.586,3.151,1.894,2.456,rt,
bunia,2026-04-28,2.164,1.613,3.12,1.91,2.468,rt,
bunia,2026-04-29,2.182,1.631,3.092,1.92,2.479,rt,
bunia,2026-04-30,2.196,1.643,3.096,1.937,2.495,rt,
bunia,2026-05-01,2.217,1.658,3.142,1.954,2.506,rt,
bunia,2026-05-02,2.227,1.654,3.159,1.966,2.52,rt,
bunia,2026-05-03,2.233,1.635,3.174,1.972,2.537,rt,
bunia,2026-05-04,2.249,1.627,3.227,1.977,2.575,rt,
bunia,2026-05-05,2.275,1.64,3.232,1.995,2.599,rt,
bunia,2026-05-06,2.298,1.654,3.25,2.02,2.629,rt,
bunia,2026-05-07,2.326,1.679,3.27,2.038,2.656,rt,
bunia,2026-05-08,2.351,1.707,3.24,2.055,2.672,rt,
bunia,2026-05-09,2.362,1.719,3.241,2.074,2.7,rt,
bunia,2026-05-10,2.385,1.741,3.275,2.088,2.715,rt,
bunia,2026-05-11,2.318,1.683,3.234,2.023,2.641,rt,
bunia,2026-05-12,2.257,1.681,3.088,1.993,2.577,rt,
bunia,2026-05-13,2.213,1.671,2.989,1.959,2.509,rt,
bunia,2026-05-14,2.158,1.651,2.896,1.926,2.441,rt,
bunia,2026-05-15,2.122,1.655,2.806,1.91,2.377,rt,
bunia,2026-05-16,2.083,1.633,2.737,1.882,2.335,rt,
bunia,2026-05-17,2.041,1.592,2.69,1.838,2.289,rt,
bunia,2026-05-18,2.021,1.557,2.666,1.809,2.256,rt,
bunia,2026-05-19,2.005,1.573,2.587,1.804,2.215,rt,
bunia,2026-05-20,1.979,1.578,2.531,1.799,2.175,rt,
bunia,2026-05-21,1.954,1.57,2.49,1.782,2.153,rt,
bunia,2026-05-22,1.933,1.571,2.413,1.775,2.125,rt,
bunia,2026-05-23,1.919,1.544,2.372,1.759,2.104,rt,
bunia,2026-05-24,1.893,1.526,2.342,1.735,2.081,rt,
bunia,2026-05-25,1.867,1.499,2.34,1.708,2.045,rt,
bunia,2026-05-26,1.826,1.491,2.245,1.681,1.987,rt,
bunia,2026-05-27,1.79,1.484,2.167,1.657,1.934,rt,
bunia,2026-05-28,1.751,1.463,2.109,1.625,1.891,rt,
bunia,2026-05-29,1.712,1.445,2.053,1.6,1.845,rt,
bunia,2026-05-30,1.678,1.422,2.003,1.564,1.803,rt,
bunia,2026-05-31,1.644,1.382,1.957,1.528,1.768,rt,
bunia,2026-06-01,1.617,1.344,1.931,1.5,1.741,rt,
bunia,2026-06-02,1.601,1.364,1.886,1.498,1.719,rt,
bunia,2026-06-03,1.584,1.367,1.848,1.491,1.696,rt,
bunia,2026-06-04,1.568,1.36,1.819,1.479,1.672,rt,
bunia,2026-06-05,1.552,1.346,1.788,1.467,1.645,rt,
bunia,2026-06-06,1.534,1.335,1.762,1.448,1.626,rt,
bunia,2026-06-07,1.514,1.31,1.738,1.427,1.604,rt,
bunia,2026-06-08,1.499,1.285,1.738,1.407,1.591,rt,
bunia,2026-06-09,1.49,1.295,1.704,1.407,1.578,rt,
bunia,2026-06-10,1.48,1.303,1.679,1.406,1.562,rt,
bunia,2026-06-11,1.471,1.297,1.66,1.397,1.545,rt,
bunia,2026-06-12,1.456,1.291,1.637,1.389,1.528,rt,
bunia,2026-06-13,1.441,1.278,1.626,1.375,1.511,rt,
bunia,2026-06-14,1.422,1.256,1.617,1.356,1.498,rt,
bunia,2026-06-15,1.41,1.236,1.619,1.338,1.49,rt,
bunia,2026-06-16,1.389,1.228,1.576,1.32,1.463,rt,
bunia,2026-06-17,1.372,1.217,1.539,1.303,1.437,rt,
bunia,2026-06-18,1.35,1.205,1.514,1.287,1.416,rt,
bunia,2026-06-19,1.331,1.195,1.48,1.27,1.391,rt,
bunia,2026-06-20,1.309,1.174,1.458,1.252,1.369,rt,
bunia,2026-06-21,1.288,1.15,1.445,1.231,1.349,rt,
bunia,2026-06-22,1.281,1.136,1.448,1.222,1.349,rt,
bunia,2026-06-23,1.276,1.14,1.432,1.22,1.339,rt,
bunia,2026-06-24,1.271,1.143,1.423,1.217,1.332,rt,
bunia,2026-06-25,1.267,1.136,1.42,1.212,1.325,rt,
bunia,2026-06-26,1.263,1.136,1.403,1.208,1.316,rt,
bunia,2026-06-27,1.255,1.125,1.4,1.204,1.311,rt,
bunia,2026-06-28,1.249,1.11,1.402,1.197,1.308,rt,
bunia,2026-06-29,1.219,1.066,1.376,1.163,1.281,rt,
bunia,2026-06-30,1.204,1.064,1.344,1.152,1.261,rt,
bunia,2026-07-01,1.191,1.058,1.321,1.141,1.244,rt,
bunia,2026-07-02,1.176,1.049,1.301,1.126,1.228,rt,
bunia,2026-07-03,1.164,1.046,1.283,1.115,1.214,rt,
bunia,2026-07-04,1.15,1.032,1.275,1.103,1.199,rt,
bunia,2026-07-05,1.138,1.017,1.266,1.09,1.188,rt,
bunia,2026-07-06,1.137,1.011,1.276,1.087,1.192,rt,
bunia,2026-07-07,1.132,1.018,1.26,1.087,1.187,rt,
bunia,2026-07-08,1.129,1.021,1.251,1.084,1.181,rt,
bunia,2026-07-09,1.127,1.018,1.246,1.08,1.175,rt,
bunia,2026-07-10,1.125,1.015,1.236,1.078,1.171,rt,
bunia,2026-07-11,1.121,1.011,1.236,1.076,1.166,rt,
bunia,2026-07-12,1.117,1.002,1.235,1.07,1.166,rt,
bunia,2026-07-13,1.101,0.978,1.231,1.052,1.153,rt,
bunia,2026-07-14,1.085,0.969,1.206,1.037,1.133,rt,
bunia,2026-07-15,1.069,0.958,1.183,1.024,1.113,rt,
bunia,2026-07-16,1.052,0.938,1.166,1.007,1.098,rt,
bunia,2026-07-17,1.036,0.927,1.142,0.991,1.078,rt,
bunia,2026-07-18,1.019,0.908,1.129,0.972,1.062,rt,
bunia,2026-07-19,1.0,0.894,1.119,0.955,1.05,rt,
bunia,2026-07-20,0.989,0.876,1.119,0.94,1.045,rt,
bunia,2026-07-21,0.981,0.872,1.103,0.938,1.034,rt,
bunia,2026-07-22,0.972,0.868,1.092,0.932,1.02,rt,
bunia,2026-07-23,0.965,0.86,1.083,0.924,1.012,rt,
bunia,2026-07-24,0.957,0.862,1.07,0.917,1.001,rt,
bunia,2026-07-25,0.95,0.851,1.059,0.91,0.992,rt,
bunia,2026-07-26,0.943,0.835,1.052,0.898,0.986,rt,
bunia,2026-07-27,0.942,0.828,1.059,0.893,0.989,rt,
bunia,2026-07-28,0.943,0.837,1.053,0.896,0.986,rt,
bunia,2026-07-29,0.944,0.839,1.056,0.897,0.986,rt,
bunia,2026-07-30,0.942,0.84,1.06,0.896,0.987,rt,
bunia,2026-07-31,0.941,0.844,1.058,0.899,0.985,rt,
bunia,2026-08-01,0.941,0.84,1.058,0.898,0.986,rt,
bunia,2026-08-02,0.939,0.832,1.061,0.895,0.987,rt,
bunia,2026-08-03,0.932,0.818,1.064,0.886,0.984,rt,
bunia,2026-08-04,0.93,0.822,1.054,0.888,0.978,rt,
bunia,2026-08-05,0.929,0.82,1.046,0.885,0.975,rt,
bunia,2026-08-06,0.927,0.816,1.039,0.882,0.974,rt,
bunia,2026-08-07,0.923,0.815,1.036,0.88,0.968,rt,
bunia,2026-08-08,0.919,0.81,1.028,0.876,0.966,rt,
bunia,2026-08-09,0.915,0.8,1.028,0.869,0.963,rt,
bunia,2026-08-10,0.9,0.78,1.024,0.85,0.95,rt,
bunia,2026-08-11,0.885,0.772,1.002,0.838,0.932,rt,
bunia,2026-08-12,0.871,0.764,0.987,0.826,0.917,rt,
bunia,2026-08-13,0.856,0.753,0.971,0.813,0.904,rt,
bunia,2026-08-14,0.843,0.743,0.95,0.801,0.887,rt,
bunia,2026-08-15,0.829,0.728,0.937,0.785,0.872,rt,
bunia,2026-08-16,0.814,0.708,0.929,0.769,0.86,rt,
bunia,2026-08-17,0.809,0.697,0.933,0.762,0.858,rt,
bunia,2026-08-18,0.809,0.701,0.928,0.763,0.854,rt,
bunia,2026-08-19,0.805,0.703,0.921,0.76,0.853,rt,
bunia,2026-08-20,0.807,0.701,0.92,0.756,0.852,rt,
bunia,2026-08-21,0.805,0.701,0.917,0.757,0.85,rt,
bunia,2026-08-22,0.803,0.694,0.92,0.753,0.851,rt,
bunia,2026-08-23,0.8,0.689,0.929,0.751,0.851,rt,
bunia,2026-08-24,0.808,0.688,0.95,0.757,0.864,rt,
bunia,2026-08-25,0.82,0.704,0.958,0.771,0.874,rt,
bunia,2026-08-26,0.832,0.717,0.967,0.785,0.885,rt,
bunia,2026-08-27,0.844,0.724,0.976,0.795,0.898,rt,
bunia,2026-08-28,0.856,0.74,0.982,0.805,0.91,rt,
bunia,2026-08-29,0.866,0.749,0.996,0.815,0.917,rt,
bunia,2026-08-30,0.876,0.751,1.01,0.823,0.931,rt,
bunia,2026-08-31,0.875,0.743,1.023,0.818,0.934,rt,
bunia,2026-09-01,0.872,0.749,1.015,0.817,0.928,rt,
bunia,2026-09-02,0.869,0.749,1.009,0.816,0.923,rt,
bunia,2026-09-03,0.867,0.741,1.005,0.812,0.92,rt,
bunia,2026-09-04,0.863,0.735,1.002,0.807,0.913,rt,
bunia,2026-09-05,0.857,0.723,0.997,0.801,0.913,rt,
bunia,2026-09-06,0.85,0.708,1.0,0.789,0.908,rt,
bunia,2026-09-07,0.827,0.677,0.989,0.763,0.89,rt,
bunia,2026-09-08,0.795,0.655,0.954,0.735,0.86,rt,
bunia,2026-09-09,0.765,0.631,0.921,0.707,0.831,rt,
bunia,2026-09-10,0.735,0.595,0.893,0.674,0.8,rt,
bunia,2026-09-11,0.702,0.565,0.863,0.642,0.769,rt,
bunia,2026-09-12,0.671,0.529,0.838,0.609,0.738,rt,
bunia,2026-09-13,0.639,0.486,0.814,0.577,0.709,rt,
bunia,2026-09-14,0.609,0.443,0.797,0.543,0.682,rt,
bunia,2026-09-15,0.589,0.422,0.776,0.518,0.661,rt,
bunia,2026-09-16,0.568,0.398,0.759,0.495,0.642,rt,
bunia,2026-09-17,0.544,0.374,0.744,0.47,0.621,rt,
bunia,2026-09-18,0.519,0.346,0.733,0.444,0.598,rt,
bunia,2026-09-19,0.498,0.319,0.721,0.417,0.578,rt,
bunia,2026-09-20,0.476,0.29,0.714,0.392,0.561,rt,
bunia,2026-09-21,0.459,0.261,0.715,0.368,0.55,rt,
bunia,2026-09-22,0.451,0.254,0.712,0.361,0.545,rt,
bunia,2026-09-23,0.443,0.245,0.709,0.351,0.541,rt,
bunia,2026-09-24,0.434,0.235,0.711,0.344,0.536,rt,
bunia,2026-09-25,0.429,0.223,0.706,0.336,0.531,rt,
bunia,2026-09-26,0.424,0.214,0.708,0.327,0.528,rt,
bunia,2026-09-27,0.418,0.201,0.717,0.318,0.525,rt,
damas,2026-06-12,1.255,0.896,1.691,1.095,1.427,rt,
damas,2026-06-13,1.233,0.886,1.673,1.078,1.404,rt,
damas,2026-06-14,1.219,0.867,1.658,1.059,1.385,rt,
damas,2026-06-15,1.199,0.854,1.653,1.044,1.38,rt,
damas,2026-06-16,1.197,0.861,1.627,1.048,1.366,rt,
damas,2026-06-17,1.191,0.866,1.607,1.052,1.352,rt,
damas,2026-06-18,1.191,0.877,1.592,1.054,1.348,rt,
damas,2026-06-19,1.187,0.879,1.58,1.05,1.339,rt,
damas,2026-06-20,1.185,0.875,1.576,1.047,1.334,rt,
damas,2026-06-21,1.181,0.856,1.593,1.04,1.332,rt,
damas,2026-06-22,1.191,0.852,1.642,1.049,1.354,rt,
damas,2026-06-23,1.206,0.876,1.632,1.071,1.361,rt,
damas,2026-06-24,1.222,0.899,1.626,1.087,1.375,rt,
damas,2026-06-25,1.234,0.924,1.639,1.103,1.387,rt,
damas,2026-06-26,1.248,0.943,1.658,1.112,1.406,rt,
damas,2026-06-27,1.269,0.946,1.677,1.122,1.423,rt,
damas,2026-06-28,1.284,0.948,1.726,1.132,1.442,rt,
damas,2026-06-29,1.272,0.927,1.736,1.113,1.438,rt,
damas,2026-06-30,1.25,0.921,1.682,1.108,1.398,rt,
damas,2026-07-01,1.227,0.913,1.634,1.095,1.375,rt,
damas,2026-07-02,1.209,0.908,1.598,1.084,1.352,rt,
damas,2026-07-03,1.19,0.894,1.558,1.069,1.329,rt,
damas,2026-07-04,1.174,0.878,1.543,1.052,1.316,rt,
damas,2026-07-05,1.166,0.864,1.541,1.032,1.304,rt,
damas,2026-07-06,1.159,0.844,1.577,1.02,1.306,rt,
damas,2026-07-07,1.165,0.86,1.547,1.026,1.304,rt,
damas,2026-07-08,1.167,0.863,1.534,1.033,1.305,rt,
damas,2026-07-09,1.169,0.87,1.526,1.038,1.303,rt,
damas,2026-07-10,1.17,0.878,1.529,1.042,1.304,rt,
damas,2026-07-11,1.175,0.882,1.54,1.043,1.304,rt,
damas,2026-07-12,1.176,0.871,1.563,1.039,1.314,rt,
damas,2026-07-13,1.163,0.848,1.572,1.024,1.313,rt,
damas,2026-07-14,1.16,0.852,1.538,1.025,1.294,rt,
damas,2026-07-15,1.146,0.854,1.512,1.026,1.284,rt,
damas,2026-07-16,1.137,0.858,1.506,1.019,1.276,rt,
damas,2026-07-17,1.13,0.853,1.499,1.012,1.262,rt,
damas,2026-07-18,1.12,0.847,1.5,1.003,1.254,rt,
damas,2026-07-19,1.111,0.827,1.504,0.986,1.253,rt,
damas,2026-07-20,1.112,0.816,1.525,0.975,1.264,rt,
damas,2026-07-21,1.113,0.827,1.499,0.982,1.254,rt,
damas,2026-07-22,1.107,0.84,1.481,0.984,1.242,rt,
damas,2026-07-23,1.105,0.842,1.469,0.982,1.239,rt,
damas,2026-07-24,1.1,0.838,1.468,0.983,1.24,rt,
damas,2026-07-25,1.096,0.83,1.478,0.975,1.24,rt,
damas,2026-07-26,1.09,0.813,1.497,0.969,1.245,rt,
damas,2026-07-27,1.096,0.809,1.529,0.967,1.261,rt,
damas,2026-07-28,1.101,0.826,1.5,0.975,1.256,rt,
damas,2026-07-29,1.104,0.841,1.483,0.981,1.252,rt,
damas,2026-07-30,1.102,0.847,1.476,0.988,1.249,rt,
damas,2026-07-31,1.106,0.844,1.467,0.99,1.251,rt,
damas,2026-08-01,1.108,0.841,1.483,0.988,1.254,rt,
damas,2026-08-02,1.107,0.829,1.488,0.985,1.261,rt,
damas,2026-08-03,1.104,0.809,1.514,0.972,1.268,rt,
damas,2026-08-04,1.1,0.814,1.47,0.971,1.247,rt,
damas,2026-08-05,1.092,0.819,1.44,0.971,1.227,rt,
damas,2026-08-06,1.083,0.822,1.422,0.965,1.216,rt,
damas,2026-08-07,1.076,0.814,1.41,0.96,1.2,rt,
damas,2026-08-08,1.066,0.805,1.397,0.952,1.194,rt,
damas,2026-08-09,1.052,0.786,1.411,0.941,1.185,rt,
damas,2026-08-10,1.028,0.756,1.406,0.914,1.173,rt,
damas,2026-08-11,1.015,0.749,1.359,0.903,1.144,rt,
damas,2026-08-12,0.993,0.741,1.312,0.889,1.117,rt,
damas,2026-08-13,0.973,0.732,1.287,0.872,1.096,rt,
damas,2026-08-14,0.956,0.718,1.272,0.858,1.078,rt,
damas,2026-08-15,0.935,0.699,1.26,0.833,1.061,rt,
damas,2026-08-16,0.919,0.679,1.261,0.812,1.046,rt,
damas,2026-08-17,0.91,0.661,1.262,0.798,1.047,rt,
damas,2026-08-18,0.909,0.659,1.247,0.801,1.038,rt,
damas,2026-08-19,0.908,0.664,1.228,0.795,1.03,rt,
damas,2026-08-20,0.903,0.665,1.221,0.792,1.025,rt,
damas,2026-08-21,0.902,0.658,1.226,0.79,1.025,rt,
damas,2026-08-22,0.901,0.647,1.225,0.783,1.025,rt,
damas,2026-08-23,0.902,0.636,1.236,0.776,1.023,rt,
damas,2026-08-24,0.908,0.628,1.271,0.778,1.047,rt,
damas,2026-08-25,0.913,0.639,1.265,0.786,1.045,rt,
damas,2026-08-26,0.915,0.649,1.249,0.796,1.047,rt,
damas,2026-08-27,0.92,0.657,1.259,0.803,1.051,rt,
damas,2026-08-28,0.924,0.655,1.266,0.807,1.057,rt,
damas,2026-08-29,0.928,0.648,1.279,0.807,1.064,rt,
damas,2026-08-30,0.927,0.65,1.292,0.806,1.071,rt,
damas,2026-08-31,0.92,0.631,1.308,0.792,1.064,rt,
damas,2026-09-01,0.915,0.63,1.271,0.787,1.052,rt,
damas,2026-09-02,0.902,0.628,1.253,0.78,1.043,rt,
damas,2026-09-03,0.888,0.626,1.246,0.766,1.032,rt,
damas,2026-09-04,0.874,0.613,1.23,0.754,1.019,rt,
damas,2026-09-05,0.867,0.601,1.224,0.742,1.008,rt,
damas,2026-09-06,0.856,0.583,1.236,0.73,0.999,rt,
damas,2026-09-07,0.826,0.553,1.223,0.698,0.97,rt,
damas,2026-09-08,0.8,0.538,1.169,0.678,0.941,rt,
damas,2026-09-09,0.774,0.517,1.123,0.657,0.907,rt,
damas,2026-09-10,0.746,0.504,1.094,0.633,0.88,rt,
damas,2026-09-11,0.722,0.487,1.054,0.607,0.851,rt,
damas,2026-09-12,0.696,0.46,1.027,0.579,0.82,rt,
damas,2026-09-13,0.667,0.433,1.008,0.548,0.793,rt,
damas,2026-09-14,0.642,0.406,0.989,0.521,0.773,rt,
damas,2026-09-15,0.622,0.393,0.958,0.506,0.757,rt,
damas,2026-09-16,0.602,0.376,0.929,0.49,0.74,rt,
damas,2026-09-17,0.581,0.359,0.913,0.474,0.719,rt,
damas,2026-09-18,0.56,0.34,0.893,0.457,0.698,rt,
damas,2026-09-19,0.54,0.322,0.883,0.437,0.679,rt,
damas,2026-09-20,0.523,0.299,0.88,0.418,0.662,rt,
damas,2026-09-21,0.51,0.284,0.884,0.4,0.65,rt,
damas,2026-09-22,0.502,0.277,0.884,0.397,0.64,rt,
damas,2026-09-23,0.498,0.271,0.877,0.395,0.634,rt,
damas,2026-09-24,0.496,0.265,0.878,0.39,0.628,rt,
damas,2026-09-25,0.488,0.263,0.89,0.383,0.619,rt,
damas,2026-09-26,0.485,0.256,0.897,0.379,0.622,rt,
damas,2026-09-27,0.481,0.253,0.908,0.37,0.62,rt,
drodro,2026-06-17,1.433,1.259,1.619,1.369,1.507,rt,
drodro,2026-06-18,1.418,1.244,1.597,1.352,1.488,rt,
drodro,2026-06-19,1.402,1.238,1.576,1.34,1.469,rt,
drodro,2026-06-20,1.389,1.231,1.55,1.328,1.449,rt,
drodro,2026-06-21,1.373,1.219,1.528,1.312,1.433,rt,
drodro,2026-06-22,1.374,1.22,1.524,1.312,1.434,rt,
drodro,2026-06-23,1.374,1.223,1.519,1.315,1.433,rt,
drodro,2026-06-24,1.373,1.227,1.524,1.316,1.436,rt,
drodro,2026-06-25,1.373,1.228,1.528,1.317,1.441,rt,
drodro,2026-06-26,1.372,1.23,1.519,1.321,1.434,rt,
drodro,2026-06-27,1.374,1.239,1.516,1.321,1.431,rt,
drodro,2026-06-28,1.374,1.238,1.514,1.32,1.431,rt,
drodro,2026-06-29,1.346,1.213,1.484,1.292,1.402,rt,
drodro,2026-06-30,1.318,1.187,1.45,1.264,1.372,rt,
drodro,2026-07-01,1.291,1.162,1.424,1.237,1.344,rt,
drodro,2026-07-02,1.265,1.138,1.399,1.21,1.32,rt,
drodro,2026-07-03,1.24,1.122,1.361,1.19,1.291,rt,
drodro,2026-07-04,1.216,1.103,1.331,1.167,1.265,rt,
drodro,2026-07-05,1.193,1.085,1.309,1.145,1.241,rt,
drodro,2026-07-06,1.182,1.073,1.301,1.134,1.231,rt,
drodro,2026-07-07,1.178,1.07,1.293,1.131,1.224,rt,
drodro,2026-07-08,1.172,1.065,1.29,1.126,1.219,rt,
drodro,2026-07-09,1.168,1.061,1.285,1.12,1.214,rt,
drodro,2026-07-10,1.163,1.059,1.271,1.12,1.207,rt,
drodro,2026-07-11,1.158,1.056,1.26,1.116,1.202,rt,
drodro,2026-07-12,1.153,1.051,1.259,1.112,1.197,rt,
drodro,2026-07-13,1.138,1.032,1.242,1.095,1.181,rt,
drodro,2026-07-14,1.124,1.022,1.229,1.083,1.167,rt,
drodro,2026-07-15,1.114,1.014,1.215,1.071,1.155,rt,
drodro,2026-07-16,1.101,1.001,1.204,1.056,1.143,rt,
drodro,2026-07-17,1.089,0.99,1.187,1.046,1.128,rt,
drodro,2026-07-18,1.078,0.98,1.172,1.035,1.114,rt,
drodro,2026-07-19,1.064,0.965,1.16,1.023,1.102,rt,
drodro,2026-07-20,1.058,0.957,1.163,1.016,1.097,rt,
drodro,2026-07-21,1.053,0.955,1.157,1.011,1.094,rt,
drodro,2026-07-22,1.049,0.949,1.154,1.005,1.091,rt,
drodro,2026-07-23,1.042,0.94,1.154,0.998,1.087,rt,
drodro,2026-07-24,1.039,0.944,1.141,0.996,1.082,rt,
drodro,2026-07-25,1.034,0.941,1.133,0.993,1.076,rt,
drodro,2026-07-26,1.028,0.935,1.125,0.989,1.07,rt,
drodro,2026-07-27,1.03,0.932,1.133,0.992,1.074,rt,
drodro,2026-07-28,1.033,0.936,1.134,0.995,1.076,rt,
drodro,2026-07-29,1.037,0.939,1.136,0.996,1.078,rt,
drodro,2026-07-30,1.038,0.937,1.144,0.996,1.081,rt,
drodro,2026-07-31,1.039,0.941,1.143,0.998,1.08,rt,
drodro,2026-08-01,1.039,0.943,1.14,1.001,1.079,rt,
drodro,2026-08-02,1.039,0.946,1.142,1.0,1.08,rt,
drodro,2026-08-03,1.033,0.937,1.141,0.994,1.075,rt,
drodro,2026-08-04,1.028,0.934,1.136,0.99,1.07,rt,
drodro,2026-08-05,1.025,0.926,1.134,0.985,1.066,rt,
drodro,2026-08-06,1.019,0.917,1.134,0.977,1.063,rt,
drodro,2026-08-07,1.014,0.918,1.118,0.972,1.055,rt,
drodro,2026-08-08,1.008,0.914,1.109,0.967,1.048,rt,
drodro,2026-08-09,1.001,0.91,1.101,0.961,1.04,rt,
drodro,2026-08-10,0.982,0.888,1.085,0.941,1.023,rt,
drodro,2026-08-11,0.967,0.876,1.068,0.925,1.008,rt,
drodro,2026-08-12,0.952,0.863,1.05,0.912,0.993,rt,
drodro,2026-08-13,0.937,0.843,1.038,0.896,0.979,rt,
drodro,2026-08-14,0.921,0.833,1.014,0.883,0.96,rt,
drodro,2026-08-15,0.905,0.82,0.995,0.869,0.942,rt,
drodro,2026-08-16,0.89,0.802,0.979,0.854,0.926,rt,
drodro,2026-08-17,0.885,0.796,0.979,0.848,0.923,rt,
drodro,2026-08-18,0.883,0.794,0.977,0.848,0.922,rt,
drodro,2026-08-19,0.881,0.789,0.976,0.844,0.92,rt,
drodro,2026-08-20,0.879,0.784,0.978,0.839,0.918,rt,
drodro,2026-08-21,0.878,0.784,0.973,0.84,0.917,rt,
drodro,2026-08-22,0.877,0.785,0.967,0.839,0.916,rt,
drodro,2026-08-23,0.873,0.783,0.964,0.836,0.914,rt,
drodro,2026-08-24,0.883,0.789,0.979,0.847,0.926,rt,
drodro,2026-08-25,0.895,0.799,0.993,0.857,0.937,rt,
drodro,2026-08-26,0.907,0.807,1.012,0.866,0.95,rt,
drodro,2026-08-27,0.918,0.814,1.03,0.874,0.962,rt,
drodro,2026-08-28,0.929,0.83,1.035,0.887,0.973,rt,
drodro,2026-08-29,0.938,0.842,1.042,0.898,0.983,rt,
drodro,2026-08-30,0.947,0.848,1.054,0.908,0.991,rt,
drodro,2026-08-31,0.944,0.841,1.057,0.904,0.988,rt,
drodro,2026-09-01,0.946,0.838,1.06,0.904,0.991,rt,
drodro,2026-09-02,0.945,0.835,1.06,0.902,0.991,rt,
drodro,2026-09-03,0.945,0.829,1.065,0.897,0.993,rt,
drodro,2026-09-04,0.942,0.832,1.054,0.897,0.989,rt,
drodro,2026-09-05,0.939,0.831,1.052,0.895,0.986,rt,
drodro,2026-09-06,0.934,0.827,1.054,0.89,0.982,rt,
drodro,2026-09-07,0.912,0.803,1.03,0.866,0.959,rt,
drodro,2026-09-08,0.891,0.78,1.014,0.844,0.939,rt,
drodro,2026-09-09,0.869,0.752,0.999,0.821,0.919,rt,
drodro,2026-09-10,0.845,0.725,0.981,0.795,0.9,rt,
drodro,2026-09-11,0.822,0.7,0.957,0.769,0.875,rt,
drodro,2026-09-12,0.798,0.67,0.938,0.741,0.851,rt,
drodro,2026-09-13,0.77,0.64,0.918,0.711,0.828,rt,
drodro,2026-09-14,0.744,0.605,0.901,0.68,0.806,rt,
drodro,2026-09-15,0.724,0.58,0.885,0.66,0.791,rt,
drodro,2026-09-16,0.705,0.552,0.877,0.637,0.771,rt,
drodro,2026-09-17,0.682,0.524,0.866,0.616,0.752,rt,
drodro,2026-09-18,0.66,0.495,0.845,0.593,0.732,rt,
drodro,2026-09-19,0.639,0.465,0.831,0.568,0.714,rt,
drodro,2026-09-20,0.616,0.436,0.817,0.545,0.693,rt,
drodro,2026-09-21,0.602,0.414,0.816,0.524,0.685,rt,
drodro,2026-09-22,0.595,0.402,0.813,0.516,0.679,rt,
drodro,2026-09-23,0.587,0.39,0.813,0.507,0.672,rt,
drodro,2026-09-24,0.579,0.378,0.811,0.5,0.669,rt,
drodro,2026-09-25,0.574,0.372,0.795,0.492,0.66,rt,
drodro,2026-09-26,0.569,0.365,0.786,0.487,0.651,rt,
drodro,2026-09-27,0.563,0.363,0.778,0.482,0.645,rt,
fataki,2026-06-13,2.004,1.539,2.603,1.823,2.232,rt,
fataki,2026-06-14,1.987,1.516,2.629,1.803,2.22,rt,
fataki,2026-06-15,1.984,1.501,2.69,1.786,2.225,rt,
fataki,2026-06-16,1.972,1.526,2.604,1.781,2.188,rt,
fataki,2026-06-17,1.961,1.543,2.539,1.773,2.17,rt,
fataki,2026-06-18,1.942,1.541,2.493,1.768,2.151,rt,
fataki,2026-06-19,1.926,1.543,2.467,1.757,2.132,rt,
fataki,2026-06-20,1.915,1.512,2.47,1.743,2.121,rt,
fataki,2026-06-21,1.898,1.464,2.502,1.721,2.119,rt,
fataki,2026-06-22,1.912,1.448,2.575,1.716,2.14,rt,
fataki,2026-06-23,1.905,1.474,2.522,1.728,2.114,rt,
fataki,2026-06-24,1.912,1.491,2.491,1.733,2.099,rt,
fataki,2026-06-25,1.908,1.496,2.484,1.728,2.094,rt,
fataki,2026-06-26,1.903,1.496,2.459,1.721,2.089,rt,
fataki,2026-06-27,1.899,1.479,2.453,1.711,2.097,rt,
fataki,2026-06-28,1.897,1.46,2.484,1.691,2.107,rt,
fataki,2026-06-29,1.843,1.401,2.471,1.642,2.083,rt,
fataki,2026-06-30,1.779,1.386,2.329,1.597,1.995,rt,
fataki,2026-07-01,1.718,1.351,2.232,1.551,1.915,rt,
fataki,2026-07-02,1.664,1.309,2.14,1.507,1.849,rt,
fataki,2026-07-03,1.605,1.273,2.065,1.463,1.78,rt,
fataki,2026-07-04,1.555,1.22,2.012,1.412,1.73,rt,
fataki,2026-07-05,1.505,1.166,1.955,1.361,1.682,rt,
fataki,2026-07-06,1.469,1.121,1.954,1.317,1.659,rt,
fataki,2026-07-07,1.437,1.124,1.857,1.302,1.607,rt,
fataki,2026-07-08,1.415,1.113,1.803,1.282,1.565,rt,
fataki,2026-07-09,1.39,1.097,1.757,1.259,1.528,rt,
fataki,2026-07-10,1.367,1.069,1.714,1.234,1.493,rt,
fataki,2026-07-11,1.336,1.045,1.686,1.207,1.469,rt,
fataki,2026-07-12,1.311,1.017,1.666,1.178,1.448,rt,
fataki,2026-07-13,1.27,0.966,1.646,1.139,1.422,rt,
fataki,2026-07-14,1.246,0.96,1.575,1.125,1.378,rt,
fataki,2026-07-15,1.22,0.949,1.528,1.107,1.34,rt,
fataki,2026-07-16,1.196,0.941,1.506,1.089,1.311,rt,
fataki,2026-07-17,1.172,0.926,1.475,1.063,1.282,rt,
fataki,2026-07-18,1.147,0.903,1.453,1.036,1.261,rt,
fataki,2026-07-19,1.12,0.871,1.434,1.01,1.246,rt,
fataki,2026-07-20,1.105,0.846,1.432,0.986,1.24,rt,
fataki,2026-07-21,1.096,0.851,1.396,0.987,1.22,rt,
fataki,2026-07-22,1.086,0.855,1.371,0.981,1.201,rt,
fataki,2026-07-23,1.078,0.851,1.36,0.975,1.193,rt,
fataki,2026-07-24,1.072,0.844,1.343,0.963,1.178,rt,
fataki,2026-07-25,1.059,0.833,1.344,0.954,1.172,rt,
fataki,2026-07-26,1.05,0.813,1.359,0.941,1.168,rt,
fataki,2026-07-27,1.044,0.793,1.375,0.929,1.169,rt,
fataki,2026-07-28,1.038,0.804,1.336,0.929,1.153,rt,
fataki,2026-07-29,1.029,0.809,1.32,0.933,1.146,rt,
fataki,2026-07-30,1.022,0.812,1.301,0.927,1.136,rt,
fataki,2026-07-31,1.015,0.807,1.287,0.923,1.125,rt,
fataki,2026-08-01,1.005,0.797,1.275,0.912,1.117,rt,
fataki,2026-08-02,0.998,0.78,1.282,0.897,1.108,rt,
fataki,2026-08-03,0.985,0.754,1.281,0.881,1.097,rt,
fataki,2026-08-04,0.965,0.746,1.232,0.868,1.066,rt,
fataki,2026-08-05,0.944,0.74,1.193,0.853,1.039,rt,
fataki,2026-08-06,0.924,0.724,1.156,0.835,1.019,rt,
fataki,2026-08-07,0.901,0.708,1.134,0.814,0.994,rt,
fataki,2026-08-08,0.88,0.685,1.119,0.794,0.977,rt,
fataki,2026-08-09,0.862,0.659,1.109,0.774,0.955,rt,
fataki,2026-08-10,0.833,0.617,1.092,0.74,0.93,rt,
fataki,2026-08-11,0.804,0.606,1.045,0.72,0.896,rt,
fataki,2026-08-12,0.78,0.592,1.007,0.699,0.864,rt,
fataki,2026-08-13,0.753,0.574,0.972,0.676,0.835,rt,
fataki,2026-08-14,0.732,0.552,0.938,0.653,0.809,rt,
fataki,2026-08-15,0.706,0.531,0.904,0.63,0.786,rt,
fataki,2026-08-16,0.683,0.504,0.887,0.606,0.763,rt,
fataki,2026-08-17,0.671,0.482,0.884,0.594,0.753,rt,
fataki,2026-08-18,0.66,0.483,0.867,0.588,0.74,rt,
fataki,2026-08-19,0.65,0.48,0.851,0.582,0.727,rt,
fataki,2026-08-20,0.641,0.476,0.84,0.574,0.715,rt,
fataki,2026-08-21,0.633,0.467,0.826,0.565,0.707,rt,
fataki,2026-08-22,0.625,0.465,0.819,0.557,0.702,rt,
fataki,2026-08-23,0.617,0.455,0.814,0.548,0.695,rt,
fataki,2026-08-24,0.618,0.449,0.827,0.547,0.698,rt,
fataki,2026-08-25,0.624,0.454,0.825,0.551,0.701,rt,
fataki,2026-08-26,0.629,0.461,0.823,0.553,0.701,rt,
fataki,2026-08-27,0.633,0.458,0.825,0.554,0.705,rt,
fataki,2026-08-28,0.635,0.46,0.829,0.556,0.711,rt,
fataki,2026-08-29,0.637,0.457,0.842,0.555,0.718,rt,
fataki,2026-08-30,0.639,0.451,0.858,0.557,0.723,rt,
fataki,2026-08-31,0.631,0.438,0.872,0.545,0.721,rt,
fataki,2026-09-01,0.633,0.446,0.866,0.547,0.719,rt,
fataki,2026-09-02,0.631,0.45,0.866,0.548,0.718,rt,
fataki,2026-09-03,0.63,0.45,0.864,0.548,0.717,rt,
fataki,2026-09-04,0.63,0.45,0.868,0.547,0.719,rt,
fataki,2026-09-05,0.628,0.445,0.874,0.545,0.719,rt,
fataki,2026-09-06,0.624,0.44,0.88,0.542,0.721,rt,
fataki,2026-09-07,0.607,0.421,0.873,0.525,0.707,rt,
fataki,2026-09-08,0.594,0.412,0.86,0.515,0.689,rt,
fataki,2026-09-09,0.579,0.401,0.838,0.5,0.676,rt,
fataki,2026-09-10,0.566,0.393,0.818,0.486,0.659,rt,
fataki,2026-09-11,0.55,0.378,0.794,0.47,0.643,rt,
fataki,2026-09-12,0.533,0.364,0.779,0.454,0.624,rt,
fataki,2026-09-13,0.518,0.346,0.772,0.436,0.609,rt,
fataki,2026-09-14,0.501,0.329,0.761,0.419,0.595,rt,
fataki,2026-09-15,0.49,0.322,0.738,0.407,0.581,rt,
fataki,2026-09-16,0.48,0.312,0.725,0.395,0.571,rt,
fataki,2026-09-17,0.469,0.302,0.713,0.386,0.559,rt,
fataki,2026-09-18,0.456,0.287,0.702,0.373,0.548,rt,
fataki,2026-09-19,0.442,0.275,0.683,0.362,0.538,rt,
fataki,2026-09-20,0.429,0.258,0.675,0.348,0.526,rt,
fataki,2026-09-21,0.419,0.246,0.676,0.341,0.523,rt,
fataki,2026-09-22,0.418,0.244,0.672,0.338,0.519,rt,
fataki,2026-09-23,0.416,0.241,0.677,0.338,0.518,rt,
fataki,2026-09-24,0.414,0.241,0.682,0.334,0.517,rt,
fataki,2026-09-25,0.416,0.239,0.685,0.33,0.517,rt,
fataki,2026-09-26,0.414,0.233,0.694,0.329,0.515,rt,
fataki,2026-09-27,0.413,0.231,0.706,0.324,0.516,rt,
gety,2026-06-25,1.298,1.147,1.459,1.239,1.363,rt,
gety,2026-06-26,1.299,1.152,1.451,1.241,1.361,rt,
gety,2026-06-27,1.298,1.159,1.445,1.241,1.36,rt,
gety,2026-06-28,1.299,1.162,1.444,1.241,1.358,rt,
gety,2026-06-29,1.275,1.137,1.416,1.215,1.331,rt,
gety,2026-06-30,1.248,1.113,1.386,1.189,1.302,rt,
gety,2026-07-01,1.223,1.091,1.358,1.166,1.276,rt,
gety,2026-07-02,1.198,1.073,1.333,1.143,1.254,rt,
gety,2026-07-03,1.174,1.055,1.303,1.123,1.228,rt,
gety,2026-07-04,1.154,1.036,1.277,1.105,1.205,rt,
gety,2026-07-05,1.132,1.013,1.254,1.087,1.185,rt,
gety,2026-07-06,1.123,1.002,1.248,1.078,1.176,rt,
gety,2026-07-07,1.118,1.002,1.245,1.075,1.17,rt,
gety,2026-07-08,1.116,1.004,1.241,1.073,1.168,rt,
gety,2026-07-09,1.113,1.001,1.237,1.068,1.167,rt,
gety,2026-07-10,1.113,1.004,1.225,1.067,1.161,rt,
gety,2026-07-11,1.111,1.001,1.218,1.066,1.154,rt,
gety,2026-07-12,1.108,0.997,1.214,1.065,1.15,rt,
gety,2026-07-13,1.093,0.985,1.2,1.052,1.137,rt,
gety,2026-07-14,1.082,0.977,1.188,1.042,1.126,rt,
gety,2026-07-15,1.071,0.967,1.175,1.031,1.115,rt,
gety,2026-07-16,1.061,0.96,1.167,1.019,1.105,rt,
gety,2026-07-17,1.051,0.953,1.153,1.011,1.091,rt,
gety,2026-07-18,1.041,0.945,1.142,1.002,1.079,rt,
gety,2026-07-19,1.029,0.932,1.13,0.991,1.069,rt,
gety,2026-07-20,1.024,0.924,1.128,0.986,1.066,rt,
gety,2026-07-21,1.022,0.921,1.125,0.982,1.062,rt,
gety,2026-07-22,1.017,0.918,1.123,0.977,1.06,rt,
gety,2026-07-23,1.013,0.912,1.122,0.97,1.056,rt,
gety,2026-07-24,1.01,0.914,1.109,0.971,1.05,rt,
gety,2026-07-25,1.005,0.91,1.101,0.968,1.044,rt,
gety,2026-07-26,1.002,0.906,1.099,0.963,1.041,rt,
gety,2026-07-27,1.004,0.905,1.102,0.965,1.045,rt,
gety,2026-07-28,1.005,0.911,1.105,0.97,1.049,rt,
gety,2026-07-29,1.01,0.914,1.111,0.972,1.053,rt,
gety,2026-07-30,1.013,0.914,1.116,0.971,1.057,rt,
gety,2026-07-31,1.015,0.921,1.113,0.974,1.056,rt,
gety,2026-08-01,1.015,0.925,1.114,0.976,1.056,rt,
gety,2026-08-02,1.017,0.924,1.117,0.976,1.058,rt,
gety,2026-08-03,1.012,0.918,1.114,0.969,1.054,rt,
gety,2026-08-04,1.008,0.913,1.111,0.967,1.05,rt,
gety,2026-08-05,1.005,0.905,1.111,0.963,1.046,rt,
gety,2026-08-06,1.001,0.898,1.112,0.958,1.046,rt,
gety,2026-08-07,0.997,0.898,1.1,0.954,1.039,rt,
gety,2026-08-08,0.991,0.896,1.092,0.95,1.034,rt,
gety,2026-08-09,0.984,0.89,1.085,0.945,1.029,rt,
gety,2026-08-10,0.969,0.874,1.069,0.928,1.013,rt,
gety,2026-08-11,0.955,0.864,1.054,0.914,0.997,rt,
gety,2026-08-12,0.943,0.851,1.041,0.901,0.983,rt,
gety,2026-08-13,0.928,0.833,1.028,0.887,0.97,rt,
gety,2026-08-14,0.914,0.824,1.009,0.875,0.953,rt,
gety,2026-08-15,0.899,0.811,0.992,0.862,0.936,rt,
gety,2026-08-16,0.886,0.797,0.977,0.849,0.922,rt,
gety,2026-08-17,0.883,0.794,0.979,0.845,0.922,rt,
gety,2026-08-18,0.881,0.792,0.978,0.844,0.921,rt,
gety,2026-08-19,0.88,0.79,0.978,0.842,0.919,rt,
gety,2026-08-20,0.88,0.784,0.983,0.839,0.918,rt,
gety,2026-08-21,0.88,0.787,0.976,0.84,0.919,rt,
gety,2026-08-22,0.879,0.788,0.973,0.841,0.919,rt,
gety,2026-08-23,0.877,0.786,0.97,0.84,0.92,rt,
gety,2026-08-24,0.888,0.792,0.984,0.852,0.932,rt,
gety,2026-08-25,0.9,0.806,1.003,0.863,0.947,rt,
gety,2026-08-26,0.914,0.814,1.019,0.873,0.96,rt,
gety,2026-08-27,0.927,0.821,1.04,0.881,0.973,rt,
gety,2026-08-28,0.939,0.835,1.048,0.894,0.983,rt,
gety,2026-08-29,0.951,0.848,1.057,0.906,0.993,rt,
gety,2026-08-30,0.96,0.858,1.069,0.918,1.005,rt,
gety,2026-08-31,0.959,0.854,1.071,0.917,1.004,rt,
gety,2026-09-01,0.96,0.855,1.073,0.918,1.006,rt,
gety,2026-09-02,0.961,0.85,1.078,0.916,1.009,rt,
gety,2026-09-03,0.962,0.845,1.082,0.914,1.01,rt,
gety,2026-09-04,0.962,0.845,1.075,0.916,1.009,rt,
gety,2026-09-05,0.959,0.848,1.071,0.914,1.007,rt,
gety,2026-09-06,0.956,0.843,1.073,0.911,1.004,rt,
gety,2026-09-07,0.934,0.819,1.054,0.887,0.982,rt,
gety,2026-09-08,0.914,0.795,1.035,0.868,0.964,rt,
gety,2026-09-09,0.894,0.768,1.023,0.845,0.945,rt,
gety,2026-09-10,0.872,0.743,1.011,0.822,0.927,rt,
gety,2026-09-11,0.85,0.722,0.989,0.797,0.907,rt,
gety,2026-09-12,0.826,0.694,0.975,0.771,0.883,rt,
gety,2026-09-13,0.801,0.664,0.954,0.742,0.861,rt,
gety,2026-09-14,0.778,0.633,0.939,0.716,0.844,rt,
gety,2026-09-15,0.76,0.606,0.926,0.696,0.83,rt,
gety,2026-09-16,0.741,0.58,0.916,0.674,0.812,rt,
gety,2026-09-17,0.721,0.554,0.909,0.651,0.795,rt,
gety,2026-09-18,0.7,0.526,0.896,0.629,0.775,rt,
gety,2026-09-19,0.678,0.5,0.881,0.608,0.754,rt,
gety,2026-09-20,0.657,0.475,0.872,0.585,0.74,rt,
gety,2026-09-21,0.643,0.455,0.875,0.568,0.731,rt,
gety,2026-09-22,0.638,0.442,0.876,0.56,0.729,rt,
gety,2026-09-23,0.633,0.431,0.878,0.552,0.727,rt,
gety,2026-09-24,0.628,0.417,0.88,0.545,0.723,rt,
gety,2026-09-25,0.624,0.415,0.86,0.539,0.712,rt,
gety,2026-09-26,0.62,0.412,0.85,0.535,0.707,rt,
gety,2026-09-27,0.615,0.406,0.84,0.531,0.705,rt,
kambala,2026-07-14,1.062,0.932,1.17,1.009,1.109,rt,
kambala,2026-07-15,1.052,0.925,1.163,1.001,1.099,rt,
kambala,2026-07-16,1.042,0.918,1.153,0.991,1.091,rt,
kambala,2026-07-17,1.034,0.911,1.14,0.985,1.08,rt,
kambala,2026-07-18,1.025,0.905,1.128,0.977,1.068,rt,
kambala,2026-07-19,1.014,0.896,1.12,0.97,1.058,rt,
kambala,2026-07-20,1.011,0.889,1.12,0.965,1.058,rt,
kambala,2026-07-21,1.009,0.892,1.117,0.963,1.053,rt,
kambala,2026-07-22,1.004,0.885,1.117,0.96,1.05,rt,
kambala,2026-07-23,1.001,0.881,1.116,0.954,1.049,rt,
kambala,2026-07-24,0.999,0.884,1.109,0.954,1.043,rt,
kambala,2026-07-25,0.997,0.885,1.102,0.952,1.041,rt,
kambala,2026-07-26,0.993,0.88,1.1,0.95,1.038,rt,
kambala,2026-07-27,0.996,0.879,1.106,0.954,1.044,rt,
kambala,2026-07-28,1.002,0.885,1.107,0.957,1.048,rt,
kambala,2026-07-29,1.006,0.885,1.112,0.96,1.052,rt,
kambala,2026-07-30,1.009,0.888,1.122,0.963,1.057,rt,
kambala,2026-07-31,1.012,0.895,1.12,0.967,1.056,rt,
kambala,2026-08-01,1.014,0.9,1.119,0.97,1.057,rt,
kambala,2026-08-02,1.016,0.9,1.12,0.973,1.06,rt,
kambala,2026-08-03,1.011,0.897,1.123,0.967,1.058,rt,
kambala,2026-08-04,1.008,0.894,1.119,0.965,1.053,rt,
kambala,2026-08-05,1.007,0.892,1.119,0.961,1.052,rt,
kambala,2026-08-06,1.004,0.884,1.121,0.955,1.049,rt,
kambala,2026-08-07,1.0,0.885,1.109,0.952,1.042,rt,
kambala,2026-08-08,0.994,0.886,1.097,0.949,1.035,rt,
kambala,2026-08-09,0.99,0.884,1.095,0.945,1.031,rt,
kambala,2026-08-10,0.973,0.867,1.081,0.929,1.014,rt,
kambala,2026-08-11,0.958,0.858,1.064,0.915,1.0,rt,
kambala,2026-08-12,0.945,0.848,1.05,0.904,0.986,rt,
kambala,2026-08-13,0.931,0.836,1.036,0.889,0.972,rt,
kambala,2026-08-14,0.916,0.825,1.016,0.879,0.956,rt,
kambala,2026-08-15,0.903,0.812,0.995,0.866,0.941,rt,
kambala,2026-08-16,0.889,0.8,0.98,0.852,0.926,rt,
kambala,2026-08-17,0.887,0.794,0.984,0.848,0.924,rt,
kambala,2026-08-18,0.886,0.791,0.982,0.849,0.924,rt,
kambala,2026-08-19,0.885,0.788,0.984,0.846,0.925,rt,
kambala,2026-08-20,0.884,0.784,0.985,0.843,0.925,rt,
kambala,2026-08-21,0.885,0.789,0.981,0.845,0.924,rt,
kambala,2026-08-22,0.885,0.789,0.979,0.845,0.922,rt,
kambala,2026-08-23,0.883,0.788,0.979,0.845,0.923,rt,
kambala,2026-08-24,0.896,0.796,0.995,0.855,0.937,rt,
kambala,2026-08-25,0.91,0.808,1.009,0.867,0.95,rt,
kambala,2026-08-26,0.924,0.814,1.028,0.878,0.964,rt,
kambala,2026-08-27,0.935,0.824,1.046,0.889,0.98,rt,
kambala,2026-08-28,0.947,0.836,1.058,0.901,0.99,rt,
kambala,2026-08-29,0.957,0.851,1.067,0.916,1.001,rt,
kambala,2026-08-30,0.97,0.862,1.081,0.927,1.013,rt,
kambala,2026-08-31,0.969,0.858,1.081,0.926,1.012,rt,
kambala,2026-09-01,0.971,0.858,1.086,0.928,1.016,rt,
kambala,2026-09-02,0.972,0.857,1.089,0.925,1.017,rt,
kambala,2026-09-03,0.972,0.854,1.091,0.923,1.019,rt,
kambala,2026-09-04,0.971,0.855,1.085,0.925,1.017,rt,
kambala,2026-09-05,0.97,0.856,1.085,0.922,1.015,rt,
kambala,2026-09-06,0.966,0.855,1.083,0.92,1.014,rt,
kambala,2026-09-07,0.945,0.83,1.065,0.897,0.993,rt,
kambala,2026-09-08,0.924,0.807,1.052,0.877,0.976,rt,
kambala,2026-09-09,0.903,0.785,1.037,0.855,0.958,rt,
kambala,2026-09-10,0.882,0.759,1.02,0.83,0.939,rt,
kambala,2026-09-11,0.859,0.733,1.003,0.807,0.918,rt,
kambala,2026-09-12,0.838,0.709,0.985,0.78,0.896,rt,
kambala,2026-09-13,0.813,0.678,0.963,0.752,0.874,rt,
kambala,2026-09-14,0.792,0.646,0.953,0.726,0.857,rt,
kambala,2026-09-15,0.774,0.62,0.944,0.706,0.842,rt,
kambala,2026-09-16,0.755,0.595,0.934,0.685,0.828,rt,
kambala,2026-09-17,0.738,0.567,0.925,0.664,0.809,rt,
kambala,2026-09-18,0.717,0.54,0.913,0.643,0.791,rt,
kambala,2026-09-19,0.694,0.513,0.903,0.62,0.774,rt,
kambala,2026-09-20,0.673,0.487,0.89,0.597,0.758,rt,
kambala,2026-09-21,0.661,0.468,0.891,0.582,0.753,rt,
kambala,2026-09-22,0.657,0.457,0.891,0.576,0.752,rt,
kambala,2026-09-23,0.651,0.446,0.895,0.568,0.748,rt,
kambala,2026-09-24,0.645,0.435,0.897,0.56,0.743,rt,
kambala,2026-09-25,0.644,0.437,0.887,0.556,0.736,rt,
kambala,2026-09-26,0.639,0.435,0.877,0.555,0.729,rt,
kambala,2026-09-27,0.636,0.429,0.865,0.551,0.722,rt,
kilo,2026-05-30,1.364,0.988,1.887,1.195,1.562,rt,
kilo,2026-05-31,1.341,0.963,1.846,1.167,1.529,rt,
kilo,2026-06-01,1.326,0.943,1.811,1.147,1.506,rt,
kilo,2026-06-02,1.318,0.939,1.78,1.143,1.495,rt,
kilo,2026-06-03,1.306,0.935,1.749,1.14,1.479,rt,
kilo,2026-06-04,1.292,0.937,1.71,1.125,1.459,rt,
kilo,2026-06-05,1.281,0.937,1.701,1.116,1.442,rt,
kilo,2026-06-06,1.265,0.933,1.682,1.104,1.431,rt,
kilo,2026-06-07,1.245,0.915,1.67,1.091,1.41,rt,
kilo,2026-06-08,1.234,0.9,1.684,1.079,1.402,rt,
kilo,2026-06-09,1.218,0.909,1.647,1.076,1.381,rt,
kilo,2026-06-10,1.21,0.911,1.616,1.067,1.365,rt,
kilo,2026-06-11,1.202,0.901,1.594,1.063,1.348,rt,
kilo,2026-06-12,1.189,0.891,1.565,1.058,1.328,rt,
kilo,2026-06-13,1.177,0.882,1.548,1.045,1.314,rt,
kilo,2026-06-14,1.164,0.865,1.53,1.025,1.299,rt,
kilo,2026-06-15,1.15,0.85,1.528,1.011,1.287,rt,
kilo,2026-06-16,1.138,0.848,1.489,1.008,1.271,rt,
kilo,2026-06-17,1.128,0.849,1.459,1.006,1.258,rt,
kilo,2026-06-18,1.118,0.846,1.444,1.0,1.246,rt,
kilo,2026-06-19,1.106,0.839,1.433,0.996,1.235,rt,
kilo,2026-06-20,1.093,0.834,1.421,0.988,1.221,rt,
kilo,2026-06-21,1.083,0.822,1.419,0.973,1.21,rt,
kilo,2026-06-22,1.087,0.819,1.441,0.974,1.216,rt,
kilo,2026-06-23,1.091,0.833,1.432,0.98,1.219,rt,
kilo,2026-06-24,1.098,0.84,1.423,0.99,1.22,rt,
kilo,2026-06-25,1.102,0.838,1.419,0.997,1.228,rt,
kilo,2026-06-26,1.107,0.842,1.422,1.002,1.229,rt,
kilo,2026-06-27,1.111,0.846,1.425,1.004,1.229,rt,
kilo,2026-06-28,1.115,0.845,1.444,1.002,1.235,rt,
kilo,2026-06-29,1.097,0.826,1.432,0.981,1.22,rt,
kilo,2026-06-30,1.077,0.816,1.39,0.966,1.193,rt,
kilo,2026-07-01,1.062,0.81,1.36,0.952,1.171,rt,
kilo,2026-07-02,1.045,0.798,1.331,0.933,1.154,rt,
kilo,2026-07-03,1.024,0.786,1.31,0.918,1.14,rt,
kilo,2026-07-04,1.007,0.779,1.292,0.907,1.124,rt,
kilo,2026-07-05,0.989,0.763,1.292,0.889,1.107,rt,
kilo,2026-07-06,0.986,0.75,1.305,0.878,1.109,rt,
kilo,2026-07-07,0.984,0.761,1.277,0.883,1.096,rt,
kilo,2026-07-08,0.986,0.772,1.278,0.887,1.087,rt,
kilo,2026-07-09,0.984,0.773,1.269,0.888,1.085,rt,
kilo,2026-07-10,0.98,0.769,1.261,0.888,1.088,rt,
kilo,2026-07-11,0.979,0.764,1.262,0.887,1.087,rt,
kilo,2026-07-12,0.979,0.759,1.272,0.881,1.089,rt,
kilo,2026-07-13,0.97,0.743,1.274,0.869,1.083,rt,
kilo,2026-07-14,0.961,0.745,1.24,0.862,1.063,rt,
kilo,2026-07-15,0.949,0.739,1.214,0.854,1.051,rt,
kilo,2026-07-16,0.937,0.73,1.186,0.844,1.035,rt,
kilo,2026-07-17,0.925,0.721,1.186,0.835,1.023,rt,
kilo,2026-07-18,0.91,0.709,1.17,0.825,1.013,rt,
kilo,2026-07-19,0.897,0.698,1.162,0.813,1.004,rt,
kilo,2026-07-20,0.893,0.691,1.17,0.803,1.001,rt,
kilo,2026-07-21,0.885,0.691,1.152,0.801,0.99,rt,
kilo,2026-07-22,0.879,0.689,1.136,0.797,0.981,rt,
kilo,2026-07-23,0.872,0.683,1.12,0.791,0.969,rt,
kilo,2026-07-24,0.867,0.679,1.103,0.787,0.96,rt,
kilo,2026-07-25,0.859,0.669,1.101,0.779,0.953,rt,
kilo,2026-07-26,0.853,0.656,1.097,0.768,0.95,rt,
kilo,2026-07-27,0.854,0.651,1.107,0.765,0.954,rt,
kilo,2026-07-28,0.852,0.662,1.091,0.768,0.951,rt,
kilo,2026-07-29,0.853,0.668,1.085,0.77,0.948,rt,
kilo,2026-07-30,0.856,0.666,1.084,0.771,0.946,rt,
kilo,2026-07-31,0.856,0.667,1.082,0.771,0.946,rt,
kilo,2026-08-01,0.856,0.665,1.086,0.768,0.948,rt,
kilo,2026-08-02,0.854,0.657,1.094,0.765,0.948,rt,
kilo,2026-08-03,0.847,0.643,1.099,0.756,0.947,rt,
kilo,2026-08-04,0.846,0.653,1.084,0.757,0.942,rt,
kilo,2026-08-05,0.844,0.652,1.075,0.756,0.935,rt,
kilo,2026-08-06,0.841,0.651,1.071,0.754,0.931,rt,
kilo,2026-08-07,0.837,0.648,1.07,0.753,0.926,rt,
kilo,2026-08-08,0.832,0.643,1.079,0.749,0.923,rt,
kilo,2026-08-09,0.828,0.633,1.083,0.746,0.924,rt,
kilo,2026-08-10,0.813,0.614,1.071,0.729,0.912,rt,
kilo,2026-08-11,0.805,0.609,1.05,0.725,0.897,rt,
kilo,2026-08-12,0.792,0.604,1.041,0.718,0.886,rt,
kilo,2026-08-13,0.783,0.598,1.031,0.709,0.871,rt,
kilo,2026-08-14,0.773,0.589,1.016,0.699,0.86,rt,
kilo,2026-08-15,0.763,0.581,1.008,0.687,0.85,rt,
kilo,2026-08-16,0.751,0.572,1.0,0.673,0.84,rt,
kilo,2026-08-17,0.751,0.565,1.004,0.669,0.846,rt,
kilo,2026-08-18,0.751,0.57,1.004,0.673,0.842,rt,
kilo,2026-08-19,0.751,0.571,0.997,0.674,0.84,rt,
kilo,2026-08-20,0.751,0.572,1.001,0.673,0.84,rt,
kilo,2026-08-21,0.751,0.566,1.002,0.675,0.843,rt,
kilo,2026-08-22,0.753,0.569,1.003,0.672,0.843,rt,
kilo,2026-08-23,0.755,0.563,1.012,0.671,0.845,rt,
kilo,2026-08-24,0.764,0.563,1.037,0.677,0.857,rt,
kilo,2026-08-25,0.778,0.579,1.047,0.69,0.871,rt,
kilo,2026-08-26,0.793,0.59,1.059,0.701,0.882,rt,
kilo,2026-08-27,0.802,0.6,1.072,0.712,0.894,rt,
kilo,2026-08-28,0.812,0.608,1.088,0.727,0.911,rt,
kilo,2026-08-29,0.82,0.612,1.11,0.736,0.923,rt,
kilo,2026-08-30,0.831,0.614,1.129,0.745,0.937,rt,
kilo,2026-08-31,0.833,0.614,1.145,0.738,0.941,rt,
kilo,2026-09-01,0.839,0.622,1.134,0.742,0.944,rt,
kilo,2026-09-02,0.843,0.626,1.141,0.746,0.947,rt,
kilo,2026-09-03,0.842,0.621,1.148,0.745,0.946,rt,
kilo,2026-09-04,0.843,0.622,1.155,0.751,0.944,rt,
kilo,2026-09-05,0.845,0.616,1.174,0.746,0.948,rt,
kilo,2026-09-06,0.839,0.609,1.181,0.741,0.954,rt,
kilo,2026-09-07,0.824,0.593,1.173,0.721,0.935,rt,
kilo,2026-09-08,0.8,0.578,1.133,0.705,0.914,rt,
kilo,2026-09-09,0.779,0.561,1.109,0.683,0.891,rt,
kilo,2026-09-10,0.754,0.538,1.079,0.659,0.867,rt,
kilo,2026-09-11,0.732,0.519,1.05,0.637,0.842,rt,
kilo,2026-09-12,0.708,0.494,1.019,0.615,0.818,rt,
kilo,2026-09-13,0.682,0.47,0.985,0.589,0.798,rt,
kilo,2026-09-14,0.662,0.449,0.973,0.564,0.779,rt,
kilo,2026-09-15,0.643,0.431,0.938,0.546,0.757,rt,
kilo,2026-09-16,0.626,0.408,0.921,0.527,0.731,rt,
kilo,2026-09-17,0.606,0.389,0.897,0.509,0.711,rt,
kilo,2026-09-18,0.582,0.371,0.871,0.488,0.686,rt,
kilo,2026-09-19,0.559,0.35,0.85,0.467,0.669,rt,
kilo,2026-09-20,0.538,0.331,0.835,0.448,0.65,rt,
kilo,2026-09-21,0.527,0.312,0.84,0.433,0.644,rt,
kilo,2026-09-22,0.52,0.309,0.836,0.429,0.636,rt,
kilo,2026-09-23,0.516,0.302,0.828,0.422,0.629,rt,
kilo,2026-09-24,0.513,0.295,0.832,0.413,0.623,rt,
kilo,2026-09-25,0.508,0.287,0.815,0.413,0.618,rt,
kilo,2026-09-26,0.504,0.28,0.813,0.407,0.614,rt,
kilo,2026-09-27,0.502,0.264,0.814,0.402,0.609,rt,
komanda,2026-05-26,2.007,1.269,2.88,1.676,2.341,rt,
komanda,2026-05-27,1.988,1.289,2.811,1.677,2.291,rt,
komanda,2026-05-28,1.957,1.28,2.755,1.661,2.255,rt,
komanda,2026-05-29,1.925,1.297,2.725,1.644,2.225,rt,
komanda,2026-05-30,1.902,1.285,2.693,1.627,2.205,rt,
komanda,2026-05-31,1.876,1.254,2.713,1.605,2.199,rt,
komanda,2026-06-01,1.856,1.224,2.755,1.582,2.203,rt,
komanda,2026-06-02,1.85,1.239,2.656,1.588,2.174,rt,
komanda,2026-06-03,1.842,1.249,2.619,1.585,2.141,rt,
komanda,2026-06-04,1.827,1.256,2.535,1.58,2.107,rt,
komanda,2026-06-05,1.812,1.251,2.514,1.56,2.077,rt,
komanda,2026-06-06,1.795,1.233,2.514,1.546,2.051,rt,
komanda,2026-06-07,1.766,1.216,2.52,1.525,2.031,rt,
komanda,2026-06-08,1.75,1.18,2.551,1.5,2.031,rt,
komanda,2026-06-09,1.728,1.177,2.467,1.493,1.99,rt,
komanda,2026-06-10,1.696,1.166,2.374,1.483,1.942,rt,
komanda,2026-06-11,1.672,1.161,2.311,1.459,1.905,rt,
komanda,2026-06-12,1.637,1.149,2.265,1.431,1.873,rt,
komanda,2026-06-13,1.601,1.128,2.232,1.395,1.846,rt,
komanda,2026-06-14,1.565,1.094,2.212,1.361,1.817,rt,
komanda,2026-06-15,1.538,1.059,2.207,1.328,1.787,rt,
komanda,2026-06-16,1.513,1.058,2.12,1.317,1.74,rt,
komanda,2026-06-17,1.483,1.063,2.07,1.306,1.701,rt,
komanda,2026-06-18,1.456,1.045,2.012,1.294,1.663,rt,
komanda,2026-06-19,1.439,1.038,1.967,1.274,1.629,rt,
komanda,2026-06-20,1.412,1.006,1.929,1.247,1.602,rt,
komanda,2026-06-21,1.392,0.974,1.938,1.218,1.593,rt,
komanda,2026-06-22,1.384,0.946,1.986,1.198,1.607,rt,
komanda,2026-06-23,1.382,0.972,1.919,1.205,1.58,rt,
komanda,2026-06-24,1.385,0.984,1.863,1.218,1.565,rt,
komanda,2026-06-25,1.381,1.009,1.837,1.216,1.558,rt,
komanda,2026-06-26,1.381,1.017,1.815,1.22,1.546,rt,
komanda,2026-06-27,1.383,1.006,1.822,1.211,1.55,rt,
komanda,2026-06-28,1.386,0.978,1.854,1.2,1.556,rt,
komanda,2026-06-29,1.351,0.931,1.856,1.163,1.53,rt,
komanda,2026-06-30,1.326,0.939,1.782,1.156,1.49,rt,
komanda,2026-07-01,1.302,0.943,1.716,1.152,1.453,rt,
komanda,2026-07-02,1.279,0.938,1.68,1.139,1.427,rt,
komanda,2026-07-03,1.261,0.926,1.645,1.121,1.41,rt,
komanda,2026-07-04,1.244,0.898,1.629,1.098,1.392,rt,
komanda,2026-07-05,1.221,0.874,1.628,1.074,1.38,rt,
komanda,2026-07-06,1.212,0.844,1.664,1.059,1.39,rt,
komanda,2026-07-07,1.23,0.885,1.647,1.076,1.396,rt,
komanda,2026-07-08,1.246,0.921,1.645,1.098,1.402,rt,
komanda,2026-07-09,1.257,0.947,1.647,1.116,1.418,rt,
komanda,2026-07-10,1.277,0.961,1.658,1.134,1.431,rt,
komanda,2026-07-11,1.297,0.974,1.695,1.15,1.45,rt,
komanda,2026-07-12,1.31,0.972,1.741,1.157,1.476,rt,
komanda,2026-07-13,1.315,0.951,1.776,1.152,1.491,rt,
komanda,2026-07-14,1.325,0.982,1.742,1.176,1.492,rt,
komanda,2026-07-15,1.338,1.01,1.745,1.198,1.488,rt,
komanda,2026-07-16,1.347,1.028,1.747,1.212,1.499,rt,
komanda,2026-07-17,1.36,1.033,1.765,1.226,1.521,rt,
komanda,2026-07-18,1.372,1.037,1.787,1.231,1.539,rt,
komanda,2026-07-19,1.379,1.027,1.83,1.235,1.572,rt,
komanda,2026-07-20,1.401,1.016,1.918,1.246,1.608,rt,
komanda,2026-07-21,1.421,1.054,1.886,1.271,1.608,rt,
komanda,2026-07-22,1.433,1.089,1.879,1.295,1.611,rt,
komanda,2026-07-23,1.453,1.104,1.895,1.314,1.622,rt,
komanda,2026-07-24,1.475,1.127,1.93,1.333,1.645,rt,
komanda,2026-07-25,1.495,1.128,1.965,1.342,1.664,rt,
komanda,2026-07-26,1.513,1.13,2.024,1.346,1.682,rt,
komanda,2026-07-27,1.538,1.137,2.112,1.361,1.739,rt,
komanda,2026-07-28,1.555,1.179,2.075,1.395,1.741,rt,
komanda,2026-07-29,1.574,1.212,2.042,1.418,1.747,rt,
komanda,2026-07-30,1.598,1.251,2.023,1.437,1.762,rt,
komanda,2026-07-31,1.611,1.266,2.044,1.459,1.78,rt,
komanda,2026-08-01,1.628,1.27,2.065,1.472,1.801,rt,
komanda,2026-08-02,1.64,1.263,2.095,1.477,1.82,rt,
komanda,2026-08-03,1.647,1.235,2.174,1.467,1.848,rt,
komanda,2026-08-04,1.638,1.259,2.106,1.471,1.83,rt,
komanda,2026-08-05,1.633,1.273,2.081,1.475,1.806,rt,
komanda,2026-08-06,1.62,1.274,2.062,1.471,1.784,rt,
komanda,2026-08-07,1.61,1.282,2.043,1.464,1.77,rt,
komanda,2026-08-08,1.596,1.254,2.041,1.448,1.77,rt,
komanda,2026-08-09,1.591,1.228,2.064,1.427,1.766,rt,
komanda,2026-08-10,1.564,1.173,2.069,1.381,1.754,rt,
komanda,2026-08-11,1.528,1.165,1.955,1.365,1.693,rt,
komanda,2026-08-12,1.493,1.163,1.882,1.34,1.64,rt,
komanda,2026-08-13,1.451,1.15,1.824,1.313,1.601,rt,
komanda,2026-08-14,1.407,1.119,1.783,1.282,1.549,rt,
komanda,2026-08-15,1.368,1.085,1.745,1.242,1.514,rt,
komanda,2026-08-16,1.327,1.035,1.738,1.203,1.486,rt,
komanda,2026-08-17,1.311,0.992,1.755,1.174,1.471,rt,
komanda,2026-08-18,1.282,0.997,1.662,1.157,1.424,rt,
komanda,2026-08-19,1.252,0.988,1.594,1.141,1.383,rt,
komanda,2026-08-20,1.224,0.971,1.537,1.121,1.344,rt,
komanda,2026-08-21,1.198,0.964,1.498,1.102,1.307,rt,
komanda,2026-08-22,1.174,0.933,1.467,1.074,1.275,rt,
komanda,2026-08-23,1.145,0.897,1.465,1.047,1.255,rt,
komanda,2026-08-24,1.132,0.866,1.478,1.028,1.25,rt,
komanda,2026-08-25,1.125,0.88,1.425,1.026,1.232,rt,
komanda,2026-08-26,1.117,0.885,1.396,1.02,1.219,rt,
komanda,2026-08-27,1.102,0.879,1.382,1.008,1.21,rt,
komanda,2026-08-28,1.09,0.872,1.372,1.0,1.202,rt,
komanda,2026-08-29,1.079,0.854,1.37,0.979,1.198,rt,
komanda,2026-08-30,1.065,0.823,1.38,0.963,1.192,rt,
komanda,2026-08-31,1.04,0.781,1.372,0.931,1.174,rt,
komanda,2026-09-01,1.033,0.787,1.327,0.926,1.152,rt,
komanda,2026-09-02,1.025,0.787,1.301,0.921,1.139,rt,
komanda,2026-09-03,1.012,0.788,1.29,0.917,1.126,rt,
komanda,2026-09-04,1.004,0.779,1.275,0.907,1.11,rt,
komanda,2026-09-05,0.996,0.76,1.273,0.895,1.095,rt,
komanda,2026-09-06,0.979,0.732,1.274,0.88,1.088,rt,
komanda,2026-09-07,0.944,0.69,1.264,0.845,1.064,rt,
komanda,2026-09-08,0.93,0.695,1.225,0.832,1.045,rt,
komanda,2026-09-09,0.919,0.692,1.182,0.818,1.023,rt,
komanda,2026-09-10,0.902,0.673,1.165,0.802,1.008,rt,
komanda,2026-09-11,0.884,0.65,1.154,0.78,0.993,rt,
komanda,2026-09-12,0.863,0.619,1.158,0.756,0.976,rt,
komanda,2026-09-13,0.839,0.583,1.16,0.724,0.955,rt,
komanda,2026-09-14,0.82,0.545,1.169,0.696,0.941,rt,
komanda,2026-09-15,0.795,0.526,1.135,0.674,0.918,rt,
komanda,2026-09-16,0.772,0.501,1.119,0.65,0.896,rt,
komanda,2026-09-17,0.744,0.476,1.106,0.622,0.875,rt,
komanda,2026-09-18,0.718,0.443,1.097,0.596,0.853,rt,
komanda,2026-09-19,0.687,0.408,1.085,0.571,0.835,rt,
komanda,2026-09-20,0.659,0.374,1.083,0.541,0.812,rt,
komanda,2026-09-21,0.639,0.351,1.09,0.516,0.798,rt,
komanda,2026-09-22,0.624,0.338,1.088,0.502,0.783,rt,
komanda,2026-09-23,0.612,0.327,1.072,0.488,0.771,rt,
komanda,2026-09-24,0.601,0.311,1.069,0.471,0.761,rt,
komanda,2026-09-25,0.588,0.299,1.038,0.456,0.756,rt,
komanda,2026-09-26,0.578,0.288,1.034,0.44,0.743,rt,
komanda,2026-09-27,0.567,0.278,1.03,0.424,0.735,rt,
lita,2026-05-24,2.387,1.742,3.148,2.107,2.695,rt,
lita,2026-05-25,2.35,1.712,3.134,2.069,2.676,rt,
lita,2026-05-26,2.316,1.72,3.032,2.057,2.618,rt,
lita,2026-05-27,2.279,1.718,2.96,2.035,2.561,rt,
lita,2026-05-28,2.245,1.696,2.894,2.013,2.507,rt,
lita,2026-05-29,2.222,1.684,2.857,1.994,2.467,rt,
lita,2026-05-30,2.189,1.663,2.804,1.968,2.423,rt,
lita,2026-05-31,2.158,1.635,2.792,1.939,2.393,rt,
lita,2026-06-01,2.147,1.603,2.791,1.918,2.379,rt,
lita,2026-06-02,2.138,1.624,2.747,1.919,2.351,rt,
lita,2026-06-03,2.124,1.637,2.71,1.924,2.331,rt,
lita,2026-06-04,2.114,1.65,2.658,1.916,2.317,rt,
lita,2026-06-05,2.1,1.65,2.631,1.902,2.298,rt,
lita,2026-06-06,2.081,1.638,2.611,1.891,2.287,rt,
lita,2026-06-07,2.061,1.613,2.608,1.868,2.28,rt,
lita,2026-06-08,2.047,1.585,2.627,1.848,2.285,rt,
lita,2026-06-09,2.039,1.61,2.575,1.856,2.251,rt,
lita,2026-06-10,2.024,1.627,2.527,1.853,2.225,rt,
lita,2026-06-11,2.01,1.632,2.488,1.855,2.199,rt,
lita,2026-06-12,1.995,1.628,2.436,1.842,2.174,rt,
lita,2026-06-13,1.979,1.616,2.41,1.829,2.151,rt,
lita,2026-06-14,1.958,1.593,2.408,1.812,2.126,rt,
lita,2026-06-15,1.939,1.565,2.407,1.791,2.114,rt,
lita,2026-06-16,1.907,1.56,2.34,1.77,2.066,rt,
lita,2026-06-17,1.875,1.554,2.278,1.743,2.024,rt,
lita,2026-06-18,1.847,1.536,2.226,1.708,1.986,rt,
lita,2026-06-19,1.816,1.514,2.177,1.683,1.954,rt,
lita,2026-06-20,1.785,1.479,2.133,1.655,1.926,rt,
lita,2026-06-21,1.75,1.439,2.111,1.623,1.902,rt,
lita,2026-06-22,1.742,1.421,2.122,1.61,1.902,rt,
lita,2026-06-23,1.733,1.429,2.091,1.602,1.877,rt,
lita,2026-06-24,1.724,1.432,2.067,1.598,1.856,rt,
lita,2026-06-25,1.714,1.431,2.04,1.591,1.842,rt,
lita,2026-06-26,1.699,1.426,2.01,1.584,1.822,rt,
lita,2026-06-27,1.68,1.424,1.998,1.575,1.807,rt,
lita,2026-06-28,1.665,1.393,1.99,1.556,1.796,rt,
lita,2026-06-29,1.621,1.341,1.95,1.51,1.745,rt,
lita,2026-06-30,1.585,1.321,1.879,1.482,1.699,rt,
lita,2026-07-01,1.549,1.304,1.821,1.449,1.656,rt,
lita,2026-07-02,1.516,1.279,1.782,1.417,1.619,rt,
lita,2026-07-03,1.483,1.259,1.74,1.386,1.582,rt,
lita,2026-07-04,1.45,1.228,1.704,1.358,1.549,rt,
lita,2026-07-05,1.416,1.196,1.689,1.329,1.52,rt,
lita,2026-07-06,1.399,1.17,1.697,1.309,1.513,rt,
lita,2026-07-07,1.381,1.168,1.647,1.294,1.48,rt,
lita,2026-07-08,1.363,1.162,1.602,1.279,1.456,rt,
lita,2026-07-09,1.342,1.15,1.581,1.257,1.436,rt,
lita,2026-07-10,1.325,1.133,1.554,1.241,1.412,rt,
lita,2026-07-11,1.308,1.11,1.533,1.225,1.395,rt,
lita,2026-07-12,1.291,1.084,1.521,1.204,1.378,rt,
lita,2026-07-13,1.26,1.036,1.502,1.169,1.354,rt,
lita,2026-07-14,1.233,1.024,1.454,1.147,1.317,rt,
lita,2026-07-15,1.206,1.012,1.415,1.125,1.285,rt,
lita,2026-07-16,1.178,1.0,1.379,1.102,1.257,rt,
lita,2026-07-17,1.153,0.979,1.348,1.081,1.23,rt,
lita,2026-07-18,1.128,0.955,1.323,1.054,1.204,rt,
lita,2026-07-19,1.105,0.929,1.307,1.026,1.182,rt,
lita,2026-07-20,1.087,0.899,1.301,1.004,1.171,rt,
lita,2026-07-21,1.075,0.899,1.271,0.999,1.151,rt,
lita,2026-07-22,1.063,0.901,1.243,0.992,1.135,rt,
lita,2026-07-23,1.05,0.893,1.229,0.981,1.12,rt,
lita,2026-07-24,1.038,0.887,1.209,0.971,1.107,rt,
lita,2026-07-25,1.027,0.874,1.195,0.958,1.097,rt,
lita,2026-07-26,1.016,0.855,1.189,0.944,1.088,rt,
lita,2026-07-27,1.012,0.839,1.199,0.936,1.089,rt,
lita,2026-07-28,1.01,0.851,1.18,0.937,1.083,rt,
lita,2026-07-29,1.007,0.855,1.173,0.94,1.077,rt,
lita,2026-07-30,1.004,0.854,1.17,0.939,1.075,rt,
lita,2026-07-31,1.0,0.853,1.168,0.938,1.068,rt,
lita,2026-08-01,0.998,0.848,1.171,0.934,1.065,rt,
lita,2026-08-02,0.994,0.839,1.18,0.926,1.06,rt,
lita,2026-08-03,0.984,0.816,1.18,0.915,1.056,rt,
lita,2026-08-04,0.981,0.824,1.164,0.918,1.052,rt,
lita,2026-08-05,0.98,0.828,1.152,0.917,1.047,rt,
lita,2026-08-06,0.976,0.831,1.152,0.915,1.046,rt,
lita,2026-08-07,0.973,0.832,1.138,0.91,1.042,rt,
lita,2026-08-08,0.97,0.82,1.135,0.906,1.042,rt,
lita,2026-08-09,0.964,0.807,1.142,0.902,1.041,rt,
lita,2026-08-10,0.949,0.78,1.145,0.883,1.029,rt,
lita,2026-08-11,0.938,0.779,1.121,0.871,1.009,rt,
lita,2026-08-12,0.925,0.776,1.101,0.859,0.99,rt,
lita,2026-08-13,0.91,0.764,1.09,0.847,0.974,rt,
lita,2026-08-14,0.897,0.753,1.063,0.837,0.959,rt,
lita,2026-08-15,0.882,0.739,1.046,0.823,0.944,rt,
lita,2026-08-16,0.867,0.719,1.034,0.807,0.933,rt,
lita,2026-08-17,0.865,0.707,1.045,0.796,0.934,rt,
lita,2026-08-18,0.866,0.716,1.033,0.8,0.932,rt,
lita,2026-08-19,0.865,0.72,1.027,0.801,0.932,rt,
lita,2026-08-20,0.866,0.722,1.03,0.8,0.931,rt,
lita,2026-08-21,0.865,0.721,1.034,0.803,0.93,rt,
lita,2026-08-22,0.865,0.717,1.037,0.802,0.931,rt,
lita,2026-08-23,0.865,0.711,1.048,0.797,0.934,rt,
lita,2026-08-24,0.874,0.713,1.075,0.804,0.953,rt,
lita,2026-08-25,0.884,0.726,1.079,0.816,0.96,rt,
lita,2026-08-26,0.896,0.738,1.084,0.827,0.972,rt,
lita,2026-08-27,0.905,0.753,1.091,0.835,0.981,rt,
lita,2026-08-28,0.914,0.758,1.109,0.845,0.991,rt,
lita,2026-08-29,0.923,0.762,1.122,0.85,1.0,rt,
lita,2026-08-30,0.932,0.763,1.144,0.852,1.01,rt,
lita,2026-08-31,0.929,0.746,1.157,0.842,1.011,rt,
lita,2026-09-01,0.922,0.746,1.137,0.837,1.001,rt,
lita,2026-09-02,0.915,0.738,1.12,0.832,0.99,rt,
lita,2026-09-03,0.905,0.731,1.113,0.826,0.984,rt,
lita,2026-09-04,0.894,0.722,1.1,0.819,0.977,rt,
lita,2026-09-05,0.883,0.71,1.095,0.807,0.968,rt,
lita,2026-09-06,0.876,0.689,1.091,0.793,0.961,rt,
lita,2026-09-07,0.846,0.654,1.072,0.758,0.936,rt,
lita,2026-09-08,0.816,0.63,1.039,0.733,0.903,rt,
lita,2026-09-09,0.785,0.603,0.997,0.706,0.869,rt,
lita,2026-09-10,0.754,0.572,0.962,0.676,0.837,rt,
lita,2026-09-11,0.72,0.541,0.923,0.644,0.804,rt,
lita,2026-09-12,0.689,0.504,0.899,0.613,0.772,rt,
lita,2026-09-13,0.655,0.463,0.879,0.579,0.743,rt,
lita,2026-09-14,0.623,0.426,0.863,0.541,0.717,rt,
lita,2026-09-15,0.602,0.406,0.84,0.52,0.69,rt,
lita,2026-09-16,0.58,0.385,0.817,0.496,0.67,rt,
lita,2026-09-17,0.556,0.359,0.807,0.47,0.649,rt,
lita,2026-09-18,0.533,0.328,0.794,0.448,0.629,rt,
lita,2026-09-19,0.509,0.302,0.78,0.421,0.609,rt,
lita,2026-09-20,0.483,0.274,0.767,0.395,0.592,rt,
lita,2026-09-21,0.466,0.254,0.765,0.374,0.581,rt,
lita,2026-09-22,0.461,0.247,0.766,0.365,0.571,rt,
lita,2026-09-23,0.453,0.244,0.762,0.359,0.564,rt,
lita,2026-09-24,0.447,0.233,0.766,0.348,0.557,rt,
lita,2026-09-25,0.44,0.219,0.758,0.342,0.551,rt,
lita,2026-09-26,0.434,0.206,0.758,0.333,0.546,rt,
lita,2026-09-27,0.426,0.192,0.761,0.321,0.542,rt,
logo,2026-06-17,1.226,1.006,1.43,1.132,1.313,rt,
logo,2026-06-18,1.212,0.995,1.42,1.121,1.301,rt,
logo,2026-06-19,1.205,0.993,1.402,1.116,1.286,rt,
logo,2026-06-20,1.193,0.991,1.385,1.109,1.274,rt,
logo,2026-06-21,1.184,0.984,1.366,1.099,1.264,rt,
logo,2026-06-22,1.189,0.987,1.368,1.102,1.269,rt,
logo,2026-06-23,1.194,0.993,1.369,1.11,1.273,rt,
logo,2026-06-24,1.201,1.0,1.372,1.117,1.278,rt,
logo,2026-06-25,1.206,1.007,1.383,1.121,1.281,rt,
logo,2026-06-26,1.209,1.017,1.378,1.127,1.284,rt,
logo,2026-06-27,1.214,1.022,1.382,1.132,1.29,rt,
logo,2026-06-28,1.217,1.027,1.38,1.134,1.294,rt,
logo,2026-06-29,1.197,1.009,1.355,1.118,1.271,rt,
logo,2026-06-30,1.177,0.992,1.327,1.1,1.245,rt,
logo,2026-07-01,1.155,0.979,1.304,1.082,1.221,rt,
logo,2026-07-02,1.133,0.961,1.281,1.062,1.199,rt,
logo,2026-07-03,1.116,0.95,1.254,1.046,1.177,rt,
logo,2026-07-04,1.097,0.939,1.232,1.028,1.158,rt,
logo,2026-07-05,1.08,0.925,1.212,1.011,1.138,rt,
logo,2026-07-06,1.072,0.919,1.21,1.006,1.13,rt,
logo,2026-07-07,1.068,0.921,1.205,1.005,1.128,rt,
logo,2026-07-08,1.067,0.922,1.202,1.004,1.127,rt,
logo,2026-07-09,1.065,0.92,1.204,1.004,1.125,rt,
logo,2026-07-10,1.065,0.925,1.194,1.006,1.124,rt,
logo,2026-07-11,1.064,0.92,1.189,1.005,1.122,rt,
logo,2026-07-12,1.063,0.919,1.184,1.005,1.122,rt,
logo,2026-07-13,1.049,0.906,1.173,0.994,1.107,rt,
logo,2026-07-14,1.04,0.901,1.163,0.986,1.096,rt,
logo,2026-07-15,1.032,0.895,1.153,0.979,1.087,rt,
logo,2026-07-16,1.021,0.888,1.146,0.97,1.076,rt,
logo,2026-07-17,1.014,0.883,1.132,0.964,1.066,rt,
logo,2026-07-18,1.006,0.875,1.119,0.956,1.056,rt,
logo,2026-07-19,0.997,0.868,1.108,0.947,1.046,rt,
logo,2026-07-20,0.994,0.862,1.107,0.943,1.043,rt,
logo,2026-07-21,0.992,0.862,1.104,0.943,1.039,rt,
logo,2026-07-22,0.989,0.859,1.105,0.941,1.037,rt,
logo,2026-07-23,0.986,0.854,1.105,0.936,1.036,rt,
logo,2026-07-24,0.984,0.855,1.099,0.936,1.032,rt,
logo,2026-07-25,0.982,0.855,1.093,0.933,1.029,rt,
logo,2026-07-26,0.98,0.854,1.088,0.93,1.027,rt,
logo,2026-07-27,0.984,0.855,1.093,0.934,1.032,rt,
logo,2026-07-28,0.988,0.86,1.097,0.939,1.035,rt,
logo,2026-07-29,0.991,0.863,1.102,0.942,1.038,rt,
logo,2026-07-30,0.995,0.866,1.107,0.942,1.044,rt,
logo,2026-07-31,0.996,0.873,1.107,0.948,1.042,rt,
logo,2026-08-01,1.0,0.882,1.107,0.951,1.043,rt,
logo,2026-08-02,1.0,0.883,1.109,0.954,1.044,rt,
logo,2026-08-03,0.997,0.88,1.11,0.951,1.041,rt,
logo,2026-08-04,0.993,0.878,1.105,0.948,1.039,rt,
logo,2026-08-05,0.99,0.872,1.103,0.946,1.035,rt,
logo,2026-08-06,0.987,0.87,1.103,0.941,1.034,rt,
logo,2026-08-07,0.982,0.871,1.092,0.938,1.027,rt,
logo,2026-08-08,0.978,0.867,1.084,0.934,1.021,rt,
logo,2026-08-09,0.974,0.863,1.077,0.93,1.014,rt,
logo,2026-08-10,0.958,0.848,1.062,0.915,0.999,rt,
logo,2026-08-11,0.945,0.84,1.047,0.902,0.984,rt,
logo,2026-08-12,0.931,0.829,1.032,0.889,0.97,rt,
logo,2026-08-13,0.916,0.817,1.019,0.876,0.958,rt,
logo,2026-08-14,0.902,0.809,1.0,0.865,0.941,rt,
logo,2026-08-15,0.886,0.797,0.981,0.852,0.927,rt,
logo,2026-08-16,0.874,0.784,0.969,0.838,0.911,rt,
logo,2026-08-17,0.872,0.779,0.969,0.835,0.91,rt,
logo,2026-08-18,0.871,0.779,0.97,0.834,0.91,rt,
logo,2026-08-19,0.87,0.774,0.972,0.831,0.91,rt,
logo,2026-08-20,0.87,0.77,0.974,0.827,0.91,rt,
logo,2026-08-21,0.869,0.772,0.973,0.831,0.91,rt,
logo,2026-08-22,0.87,0.774,0.969,0.833,0.91,rt,
logo,2026-08-23,0.87,0.774,0.966,0.832,0.91,rt,
logo,2026-08-24,0.882,0.783,0.979,0.843,0.923,rt,
logo,2026-08-25,0.896,0.793,0.996,0.853,0.936,rt,
logo,2026-08-26,0.909,0.802,1.015,0.863,0.951,rt,
logo,2026-08-27,0.922,0.808,1.035,0.874,0.967,rt,
logo,2026-08-28,0.934,0.82,1.044,0.888,0.978,rt,
logo,2026-08-29,0.945,0.831,1.054,0.901,0.988,rt,
logo,2026-08-30,0.955,0.843,1.062,0.913,0.998,rt,
logo,2026-08-31,0.954,0.843,1.068,0.911,0.998,rt,
logo,2026-09-01,0.955,0.843,1.072,0.912,1.002,rt,
logo,2026-09-02,0.957,0.839,1.077,0.913,1.005,rt,
logo,2026-09-03,0.957,0.838,1.084,0.91,1.007,rt,
logo,2026-09-04,0.959,0.841,1.075,0.911,1.004,rt,
logo,2026-09-05,0.957,0.841,1.07,0.91,1.002,rt,
logo,2026-09-06,0.954,0.838,1.071,0.908,1.001,rt,
logo,2026-09-07,0.931,0.817,1.054,0.885,0.982,rt,
logo,2026-09-08,0.913,0.796,1.039,0.864,0.966,rt,
logo,2026-09-09,0.893,0.773,1.025,0.845,0.947,rt,
logo,2026-09-10,0.871,0.748,1.011,0.821,0.928,rt,
logo,2026-09-11,0.849,0.723,0.996,0.797,0.906,rt,
logo,2026-09-12,0.828,0.696,0.981,0.771,0.883,rt,
logo,2026-09-13,0.803,0.668,0.963,0.743,0.863,rt,
logo,2026-09-14,0.781,0.638,0.951,0.719,0.849,rt,
logo,2026-09-15,0.764,0.612,0.942,0.697,0.834,rt,
logo,2026-09-16,0.746,0.588,0.938,0.676,0.817,rt,
logo,2026-09-17,0.728,0.562,0.931,0.654,0.801,rt,
logo,2026-09-18,0.708,0.536,0.915,0.633,0.782,rt,
logo,2026-09-19,0.689,0.509,0.9,0.613,0.765,rt,
logo,2026-09-20,0.667,0.482,0.887,0.592,0.75,rt,
logo,2026-09-21,0.654,0.456,0.889,0.577,0.741,rt,
logo,2026-09-22,0.649,0.446,0.888,0.57,0.738,rt,
logo,2026-09-23,0.644,0.436,0.892,0.562,0.734,rt,
logo,2026-09-24,0.639,0.427,0.893,0.557,0.733,rt,
logo,2026-09-25,0.637,0.428,0.881,0.554,0.725,rt,
logo,2026-09-26,0.633,0.425,0.878,0.553,0.72,rt,
logo,2026-09-27,0.631,0.418,0.865,0.55,0.716,rt,
lolwa,2026-06-25,1.375,0.977,1.934,1.194,1.587,rt,
lolwa,2026-06-26,1.383,0.985,1.96,1.198,1.593,rt,
lolwa,2026-06-27,1.386,0.981,1.972,1.199,1.596,rt,
lolwa,2026-06-28,1.392,0.977,2.007,1.195,1.614,rt,
lolwa,2026-06-29,1.377,0.948,2.023,1.169,1.597,rt,
lolwa,2026-06-30,1.352,0.944,1.94,1.158,1.555,rt,
lolwa,2026-07-01,1.327,0.936,1.876,1.149,1.52,rt,
lolwa,2026-07-02,1.305,0.931,1.816,1.135,1.491,rt,
lolwa,2026-07-03,1.282,0.914,1.771,1.118,1.462,rt,
lolwa,2026-07-04,1.26,0.901,1.737,1.099,1.445,rt,
lolwa,2026-07-05,1.244,0.866,1.738,1.068,1.427,rt,
lolwa,2026-07-06,1.237,0.846,1.745,1.055,1.432,rt,
lolwa,2026-07-07,1.244,0.873,1.718,1.07,1.429,rt,
lolwa,2026-07-08,1.251,0.893,1.723,1.082,1.426,rt,
lolwa,2026-07-09,1.258,0.911,1.727,1.088,1.434,rt,
lolwa,2026-07-10,1.267,0.921,1.734,1.097,1.443,rt,
lolwa,2026-07-11,1.278,0.916,1.77,1.105,1.455,rt,
lolwa,2026-07-12,1.287,0.903,1.813,1.108,1.463,rt,
lolwa,2026-07-13,1.284,0.882,1.858,1.091,1.469,rt,
lolwa,2026-07-14,1.284,0.9,1.828,1.099,1.463,rt,
lolwa,2026-07-15,1.278,0.912,1.796,1.1,1.452,rt,
lolwa,2026-07-16,1.267,0.922,1.814,1.103,1.454,rt,
lolwa,2026-07-17,1.265,0.911,1.824,1.106,1.45,rt,
lolwa,2026-07-18,1.259,0.901,1.842,1.1,1.451,rt,
lolwa,2026-07-19,1.257,0.881,1.864,1.093,1.459,rt,
lolwa,2026-07-20,1.261,0.863,1.893,1.085,1.481,rt,
lolwa,2026-07-21,1.261,0.88,1.852,1.092,1.467,rt,
lolwa,2026-07-22,1.258,0.896,1.792,1.098,1.449,rt,
lolwa,2026-07-23,1.25,0.904,1.764,1.097,1.443,rt,
lolwa,2026-07-24,1.251,0.901,1.751,1.099,1.439,rt,
lolwa,2026-07-25,1.249,0.89,1.752,1.094,1.437,rt,
lolwa,2026-07-26,1.246,0.87,1.772,1.089,1.442,rt,
lolwa,2026-07-27,1.248,0.853,1.813,1.085,1.454,rt,
lolwa,2026-07-28,1.25,0.885,1.752,1.095,1.443,rt,
lolwa,2026-07-29,1.253,0.914,1.718,1.107,1.434,rt,
lolwa,2026-07-30,1.255,0.921,1.703,1.11,1.427,rt,
lolwa,2026-07-31,1.254,0.916,1.697,1.113,1.423,rt,
lolwa,2026-08-01,1.25,0.917,1.69,1.109,1.421,rt,
lolwa,2026-08-02,1.246,0.906,1.719,1.097,1.431,rt,
lolwa,2026-08-03,1.236,0.883,1.741,1.083,1.441,rt,
lolwa,2026-08-04,1.228,0.889,1.693,1.084,1.412,rt,
lolwa,2026-08-05,1.221,0.887,1.656,1.077,1.391,rt,
lolwa,2026-08-06,1.209,0.879,1.64,1.064,1.375,rt,
lolwa,2026-08-07,1.193,0.871,1.619,1.051,1.359,rt,
lolwa,2026-08-08,1.186,0.854,1.621,1.035,1.35,rt,
lolwa,2026-08-09,1.173,0.832,1.628,1.009,1.341,rt,
lolwa,2026-08-10,1.146,0.792,1.628,0.973,1.317,rt,
lolwa,2026-08-11,1.125,0.782,1.559,0.958,1.284,rt,
lolwa,2026-08-12,1.096,0.771,1.49,0.949,1.255,rt,
lolwa,2026-08-13,1.075,0.754,1.439,0.938,1.224,rt,
lolwa,2026-08-14,1.049,0.734,1.415,0.917,1.197,rt,
lolwa,2026-08-15,1.025,0.708,1.406,0.893,1.173,rt,
lolwa,2026-08-16,1.001,0.681,1.399,0.866,1.147,rt,
lolwa,2026-08-17,0.987,0.661,1.42,0.85,1.145,rt,
lolwa,2026-08-18,0.974,0.664,1.373,0.851,1.122,rt,
lolwa,2026-08-19,0.961,0.659,1.347,0.842,1.105,rt,
lolwa,2026-08-20,0.951,0.65,1.324,0.834,1.096,rt,
lolwa,2026-08-21,0.945,0.649,1.312,0.826,1.079,rt,
lolwa,2026-08-22,0.937,0.645,1.298,0.812,1.068,rt,
lolwa,2026-08-23,0.929,0.63,1.298,0.797,1.063,rt,
lolwa,2026-08-24,0.931,0.614,1.345,0.79,1.076,rt,
lolwa,2026-08-25,0.937,0.631,1.315,0.798,1.069,rt,
lolwa,2026-08-26,0.942,0.636,1.303,0.801,1.068,rt,
lolwa,2026-08-27,0.945,0.641,1.29,0.799,1.074,rt,
lolwa,2026-08-28,0.941,0.648,1.287,0.803,1.079,rt,
lolwa,2026-08-29,0.941,0.635,1.295,0.807,1.084,rt,
lolwa,2026-08-30,0.942,0.621,1.314,0.807,1.094,rt,
lolwa,2026-08-31,0.932,0.603,1.32,0.794,1.085,rt,
lolwa,2026-09-01,0.929,0.608,1.303,0.793,1.078,rt,
lolwa,2026-09-02,0.921,0.617,1.289,0.785,1.064,rt,
lolwa,2026-09-03,0.917,0.616,1.289,0.776,1.059,rt,
lolwa,2026-09-04,0.911,0.603,1.296,0.771,1.052,rt,
lolwa,2026-09-05,0.903,0.599,1.304,0.764,1.05,rt,
lolwa,2026-09-06,0.891,0.586,1.309,0.749,1.047,rt,
lolwa,2026-09-07,0.87,0.554,1.3,0.717,1.026,rt,
lolwa,2026-09-08,0.853,0.554,1.273,0.707,1.013,rt,
lolwa,2026-09-09,0.836,0.539,1.252,0.699,0.994,rt,
lolwa,2026-09-10,0.823,0.519,1.235,0.678,0.98,rt,
lolwa,2026-09-11,0.801,0.497,1.216,0.661,0.961,rt,
lolwa,2026-09-12,0.784,0.481,1.21,0.645,0.942,rt,
lolwa,2026-09-13,0.767,0.46,1.216,0.621,0.926,rt,
lolwa,2026-09-14,0.746,0.437,1.222,0.599,0.906,rt,
lolwa,2026-09-15,0.729,0.422,1.181,0.583,0.887,rt,
lolwa,2026-09-16,0.707,0.414,1.164,0.567,0.868,rt,
lolwa,2026-09-17,0.687,0.394,1.127,0.547,0.846,rt,
lolwa,2026-09-18,0.665,0.371,1.098,0.524,0.821,rt,
lolwa,2026-09-19,0.642,0.351,1.076,0.504,0.798,rt,
lolwa,2026-09-20,0.619,0.331,1.055,0.481,0.774,rt,
lolwa,2026-09-21,0.6,0.314,1.049,0.462,0.768,rt,
lolwa,2026-09-22,0.588,0.309,1.031,0.453,0.75,rt,
lolwa,2026-09-23,0.576,0.302,1.015,0.441,0.737,rt,
lolwa,2026-09-24,0.567,0.293,1.017,0.431,0.726,rt,
lolwa,2026-09-25,0.553,0.287,1.012,0.421,0.715,rt,
lolwa,2026-09-26,0.539,0.279,1.006,0.413,0.707,rt,
lolwa,2026-09-27,0.529,0.271,1.015,0.402,0.698,rt,
mahagi,2026-07-16,1.068,0.962,1.176,1.023,1.112,rt,
mahagi,2026-07-17,1.057,0.957,1.161,1.015,1.1,rt,
mahagi,2026-07-18,1.048,0.948,1.15,1.005,1.089,rt,
mahagi,2026-07-19,1.038,0.938,1.14,0.995,1.079,rt,
mahagi,2026-07-20,1.034,0.933,1.14,0.99,1.075,rt,
mahagi,2026-07-21,1.029,0.929,1.135,0.989,1.071,rt,
mahagi,2026-07-22,1.024,0.923,1.133,0.984,1.069,rt,
mahagi,2026-07-23,1.021,0.917,1.132,0.979,1.066,rt,
mahagi,2026-07-24,1.018,0.919,1.123,0.977,1.063,rt,
mahagi,2026-07-25,1.016,0.918,1.117,0.974,1.056,rt,
mahagi,2026-07-26,1.012,0.913,1.115,0.97,1.052,rt,
mahagi,2026-07-27,1.017,0.914,1.121,0.973,1.059,rt,
mahagi,2026-07-28,1.021,0.918,1.124,0.977,1.062,rt,
mahagi,2026-07-29,1.024,0.92,1.128,0.98,1.066,rt,
mahagi,2026-07-30,1.027,0.919,1.137,0.983,1.07,rt,
mahagi,2026-07-31,1.029,0.925,1.134,0.988,1.071,rt,
mahagi,2026-08-01,1.031,0.93,1.134,0.99,1.068,rt,
mahagi,2026-08-02,1.031,0.932,1.135,0.992,1.07,rt,
mahagi,2026-08-03,1.028,0.927,1.134,0.987,1.069,rt,
mahagi,2026-08-04,1.024,0.922,1.13,0.982,1.065,rt,
mahagi,2026-08-05,1.022,0.919,1.131,0.978,1.063,rt,
mahagi,2026-08-06,1.018,0.913,1.134,0.973,1.06,rt,
mahagi,2026-08-07,1.013,0.912,1.122,0.97,1.053,rt,
mahagi,2026-08-08,1.01,0.913,1.112,0.967,1.049,rt,
mahagi,2026-08-09,1.002,0.907,1.105,0.961,1.044,rt,
mahagi,2026-08-10,0.987,0.891,1.09,0.945,1.028,rt,
mahagi,2026-08-11,0.973,0.88,1.071,0.932,1.012,rt,
mahagi,2026-08-12,0.959,0.865,1.058,0.918,0.998,rt,
mahagi,2026-08-13,0.944,0.85,1.043,0.904,0.985,rt,
mahagi,2026-08-14,0.931,0.839,1.024,0.891,0.968,rt,
mahagi,2026-08-15,0.916,0.828,1.007,0.879,0.952,rt,
mahagi,2026-08-16,0.9,0.813,0.992,0.865,0.939,rt,
mahagi,2026-08-17,0.897,0.811,0.992,0.863,0.938,rt,
mahagi,2026-08-18,0.898,0.81,0.99,0.86,0.937,rt,
mahagi,2026-08-19,0.898,0.808,0.993,0.858,0.937,rt,
mahagi,2026-08-20,0.898,0.802,0.996,0.855,0.938,rt,
mahagi,2026-08-21,0.897,0.804,0.991,0.858,0.937,rt,
mahagi,2026-08-22,0.897,0.806,0.989,0.859,0.937,rt,
mahagi,2026-08-23,0.895,0.805,0.988,0.86,0.938,rt,
mahagi,2026-08-24,0.908,0.815,1.007,0.87,0.951,rt,
mahagi,2026-08-25,0.922,0.824,1.024,0.883,0.965,rt,
mahagi,2026-08-26,0.936,0.834,1.044,0.894,0.98,rt,
mahagi,2026-08-27,0.95,0.841,1.064,0.904,0.996,rt,
mahagi,2026-08-28,0.963,0.858,1.07,0.918,1.006,rt,
mahagi,2026-08-29,0.975,0.869,1.082,0.931,1.017,rt,
mahagi,2026-08-30,0.986,0.881,1.096,0.944,1.029,rt,
mahagi,2026-08-31,0.985,0.879,1.099,0.942,1.029,rt,
mahagi,2026-09-01,0.988,0.877,1.102,0.944,1.031,rt,
mahagi,2026-09-02,0.989,0.872,1.109,0.944,1.033,rt,
mahagi,2026-09-03,0.988,0.867,1.113,0.943,1.036,rt,
mahagi,2026-09-04,0.989,0.874,1.108,0.945,1.034,rt,
mahagi,2026-09-05,0.989,0.872,1.107,0.944,1.033,rt,
mahagi,2026-09-06,0.986,0.872,1.108,0.94,1.031,rt,
mahagi,2026-09-07,0.964,0.854,1.089,0.919,1.013,rt,
mahagi,2026-09-08,0.943,0.831,1.073,0.899,0.994,rt,
mahagi,2026-09-09,0.923,0.806,1.058,0.877,0.977,rt,
mahagi,2026-09-10,0.904,0.778,1.047,0.853,0.959,rt,
mahagi,2026-09-11,0.882,0.756,1.028,0.83,0.94,rt,
mahagi,2026-09-12,0.862,0.731,1.012,0.804,0.919,rt,
mahagi,2026-09-13,0.837,0.703,0.998,0.776,0.898,rt,
mahagi,2026-09-14,0.817,0.673,0.988,0.753,0.883,rt,
mahagi,2026-09-15,0.799,0.647,0.98,0.732,0.87,rt,
mahagi,2026-09-16,0.782,0.624,0.97,0.711,0.855,rt,
mahagi,2026-09-17,0.764,0.6,0.968,0.687,0.84,rt,
mahagi,2026-09-18,0.744,0.573,0.956,0.668,0.822,rt,
mahagi,2026-09-19,0.726,0.547,0.944,0.648,0.805,rt,
mahagi,2026-09-20,0.707,0.518,0.933,0.628,0.788,rt,
mahagi,2026-09-21,0.697,0.496,0.933,0.613,0.785,rt,
mahagi,2026-09-22,0.693,0.485,0.938,0.606,0.783,rt,
mahagi,2026-09-23,0.687,0.474,0.939,0.602,0.782,rt,
mahagi,2026-09-24,0.682,0.464,0.942,0.593,0.78,rt,
mahagi,2026-09-25,0.679,0.459,0.931,0.591,0.773,rt,
mahagi,2026-09-26,0.676,0.461,0.921,0.589,0.766,rt,
mahagi,2026-09-27,0.672,0.46,0.914,0.588,0.758,rt,
mambasa,2026-06-07,1.575,1.267,1.916,1.449,1.716,rt,
mambasa,2026-06-08,1.565,1.266,1.908,1.441,1.701,rt,
mambasa,2026-06-09,1.554,1.258,1.876,1.425,1.682,rt,
mambasa,2026-06-10,1.536,1.252,1.844,1.412,1.659,rt,
mambasa,2026-06-11,1.519,1.24,1.817,1.399,1.639,rt,
mambasa,2026-06-12,1.498,1.231,1.773,1.384,1.611,rt,
mambasa,2026-06-13,1.477,1.221,1.742,1.367,1.588,rt,
mambasa,2026-06-14,1.453,1.206,1.713,1.345,1.559,rt,
mambasa,2026-06-15,1.436,1.186,1.691,1.329,1.543,rt,
mambasa,2026-06-16,1.415,1.179,1.663,1.317,1.521,rt,
mambasa,2026-06-17,1.398,1.162,1.637,1.299,1.5,rt,
mambasa,2026-06-18,1.379,1.148,1.616,1.282,1.479,rt,
mambasa,2026-06-19,1.361,1.139,1.59,1.27,1.458,rt,
mambasa,2026-06-20,1.341,1.127,1.568,1.254,1.439,rt,
mambasa,2026-06-21,1.324,1.115,1.545,1.24,1.42,rt,
mambasa,2026-06-22,1.32,1.104,1.545,1.235,1.416,rt,
mambasa,2026-06-23,1.321,1.111,1.542,1.238,1.413,rt,
mambasa,2026-06-24,1.319,1.112,1.539,1.239,1.409,rt,
mambasa,2026-06-25,1.319,1.115,1.536,1.241,1.406,rt,
mambasa,2026-06-26,1.317,1.121,1.526,1.24,1.401,rt,
mambasa,2026-06-27,1.314,1.127,1.517,1.239,1.396,rt,
mambasa,2026-06-28,1.316,1.125,1.515,1.237,1.393,rt,
mambasa,2026-06-29,1.287,1.098,1.481,1.208,1.361,rt,
mambasa,2026-06-30,1.258,1.079,1.444,1.181,1.33,rt,
mambasa,2026-07-01,1.23,1.055,1.41,1.157,1.296,rt,
mambasa,2026-07-02,1.204,1.031,1.381,1.128,1.271,rt,
mambasa,2026-07-03,1.175,1.014,1.349,1.106,1.242,rt,
mambasa,2026-07-04,1.15,0.997,1.324,1.084,1.218,rt,
mambasa,2026-07-05,1.127,0.974,1.296,1.061,1.195,rt,
mambasa,2026-07-06,1.115,0.959,1.282,1.047,1.182,rt,
mambasa,2026-07-07,1.11,0.957,1.267,1.046,1.174,rt,
mambasa,2026-07-08,1.104,0.954,1.263,1.043,1.167,rt,
mambasa,2026-07-09,1.1,0.952,1.255,1.039,1.162,rt,
mambasa,2026-07-10,1.096,0.955,1.245,1.037,1.153,rt,
mambasa,2026-07-11,1.09,0.956,1.236,1.035,1.15,rt,
mambasa,2026-07-12,1.088,0.955,1.233,1.032,1.145,rt,
mambasa,2026-07-13,1.071,0.939,1.215,1.016,1.128,rt,
mambasa,2026-07-14,1.059,0.934,1.203,1.008,1.113,rt,
mambasa,2026-07-15,1.049,0.926,1.192,0.997,1.103,rt,
mambasa,2026-07-16,1.038,0.914,1.177,0.985,1.092,rt,
mambasa,2026-07-17,1.026,0.909,1.163,0.977,1.081,rt,
mambasa,2026-07-18,1.016,0.899,1.147,0.969,1.07,rt,
mambasa,2026-07-19,1.003,0.887,1.138,0.958,1.061,rt,
mambasa,2026-07-20,1.001,0.878,1.138,0.951,1.058,rt,
mambasa,2026-07-21,0.998,0.875,1.13,0.948,1.052,rt,
mambasa,2026-07-22,0.995,0.874,1.13,0.944,1.047,rt,
mambasa,2026-07-23,0.992,0.867,1.133,0.941,1.042,rt,
mambasa,2026-07-24,0.987,0.87,1.123,0.94,1.036,rt,
mambasa,2026-07-25,0.984,0.868,1.116,0.939,1.032,rt,
mambasa,2026-07-26,0.98,0.864,1.108,0.933,1.028,rt,
mambasa,2026-07-27,0.983,0.864,1.113,0.935,1.032,rt,
mambasa,2026-07-28,0.987,0.87,1.113,0.938,1.034,rt,
mambasa,2026-07-29,0.989,0.874,1.114,0.942,1.037,rt,
mambasa,2026-07-30,0.993,0.873,1.119,0.943,1.04,rt,
mambasa,2026-07-31,0.992,0.876,1.115,0.946,1.04,rt,
mambasa,2026-08-01,0.992,0.882,1.113,0.949,1.039,rt,
mambasa,2026-08-02,0.991,0.88,1.115,0.948,1.039,rt,
mambasa,2026-08-03,0.987,0.874,1.11,0.943,1.036,rt,
mambasa,2026-08-04,0.983,0.871,1.103,0.941,1.031,rt,
mambasa,2026-08-05,0.978,0.869,1.096,0.935,1.025,rt,
mambasa,2026-08-06,0.975,0.864,1.093,0.93,1.02,rt,
mambasa,2026-08-07,0.968,0.864,1.081,0.926,1.013,rt,
mambasa,2026-08-08,0.962,0.862,1.074,0.923,1.006,rt,
mambasa,2026-08-09,0.958,0.856,1.065,0.917,0.999,rt,
mambasa,2026-08-10,0.94,0.837,1.047,0.898,0.983,rt,
mambasa,2026-08-11,0.926,0.828,1.03,0.886,0.967,rt,
mambasa,2026-08-12,0.913,0.816,1.016,0.872,0.952,rt,
mambasa,2026-08-13,0.9,0.802,1.002,0.857,0.938,rt,
mambasa,2026-08-14,0.885,0.792,0.982,0.845,0.921,rt,
mambasa,2026-08-15,0.87,0.778,0.964,0.832,0.906,rt,
mambasa,2026-08-16,0.855,0.762,0.95,0.818,0.891,rt,
mambasa,2026-08-17,0.851,0.757,0.95,0.813,0.889,rt,
mambasa,2026-08-18,0.851,0.753,0.951,0.811,0.888,rt,
mambasa,2026-08-19,0.849,0.753,0.951,0.811,0.888,rt,
mambasa,2026-08-20,0.847,0.748,0.954,0.808,0.889,rt,
mambasa,2026-08-21,0.847,0.751,0.946,0.809,0.887,rt,
mambasa,2026-08-22,0.847,0.755,0.944,0.809,0.885,rt,
mambasa,2026-08-23,0.846,0.755,0.944,0.807,0.885,rt,
mambasa,2026-08-24,0.857,0.761,0.959,0.817,0.897,rt,
mambasa,2026-08-25,0.869,0.772,0.974,0.828,0.911,rt,
mambasa,2026-08-26,0.881,0.782,0.99,0.837,0.924,rt,
mambasa,2026-08-27,0.892,0.789,1.008,0.847,0.937,rt,
mambasa,2026-08-28,0.905,0.803,1.016,0.86,0.948,rt,
mambasa,2026-08-29,0.916,0.814,1.027,0.872,0.959,rt,
mambasa,2026-08-30,0.925,0.822,1.04,0.882,0.969,rt,
mambasa,2026-08-31,0.924,0.817,1.046,0.882,0.967,rt,
mambasa,2026-09-01,0.928,0.818,1.047,0.884,0.97,rt,
mambasa,2026-09-02,0.928,0.816,1.053,0.882,0.973,rt,
mambasa,2026-09-03,0.929,0.809,1.06,0.88,0.977,rt,
mambasa,2026-09-04,0.927,0.812,1.049,0.88,0.974,rt,
mambasa,2026-09-05,0.927,0.813,1.045,0.88,0.974,rt,
mambasa,2026-09-06,0.925,0.813,1.045,0.875,0.974,rt,
mambasa,2026-09-07,0.904,0.789,1.026,0.855,0.953,rt,
mambasa,2026-09-08,0.887,0.766,1.015,0.835,0.937,rt,
mambasa,2026-09-09,0.867,0.742,1.004,0.815,0.919,rt,
mambasa,2026-09-10,0.847,0.718,0.992,0.793,0.901,rt,
mambasa,2026-09-11,0.824,0.697,0.97,0.771,0.88,rt,
mambasa,2026-09-12,0.803,0.67,0.953,0.745,0.86,rt,
mambasa,2026-09-13,0.779,0.64,0.936,0.719,0.839,rt,
mambasa,2026-09-14,0.757,0.611,0.925,0.694,0.823,rt,
mambasa,2026-09-15,0.739,0.584,0.912,0.677,0.808,rt,
mambasa,2026-09-16,0.72,0.557,0.903,0.656,0.792,rt,
mambasa,2026-09-17,0.702,0.534,0.895,0.633,0.774,rt,
mambasa,2026-09-18,0.681,0.508,0.882,0.612,0.757,rt,
mambasa,2026-09-19,0.661,0.484,0.867,0.589,0.74,rt,
mambasa,2026-09-20,0.641,0.455,0.862,0.567,0.724,rt,
mambasa,2026-09-21,0.628,0.43,0.862,0.551,0.715,rt,
mambasa,2026-09-22,0.621,0.419,0.859,0.543,0.712,rt,
mambasa,2026-09-23,0.614,0.413,0.858,0.535,0.71,rt,
mambasa,2026-09-24,0.608,0.404,0.858,0.528,0.707,rt,
mambasa,2026-09-25,0.602,0.399,0.852,0.524,0.699,rt,
mambasa,2026-09-26,0.598,0.396,0.841,0.519,0.693,rt,
mambasa,2026-09-27,0.593,0.39,0.828,0.515,0.689,rt,
mandima,2026-06-10,2.031,1.429,2.953,1.757,2.367,rt,
mandima,2026-06-11,2.008,1.429,2.916,1.753,2.332,rt,
mandima,2026-06-12,1.983,1.407,2.895,1.741,2.294,rt,
mandima,2026-06-13,1.962,1.393,2.886,1.705,2.287,rt,
mandima,2026-06-14,1.944,1.352,2.913,1.669,2.279,rt,
mandima,2026-06-15,1.917,1.315,2.947,1.629,2.281,rt,
mandima,2026-06-16,1.887,1.332,2.805,1.621,2.219,rt,
mandima,2026-06-17,1.852,1.326,2.709,1.608,2.165,rt,
mandima,2026-06-18,1.824,1.316,2.606,1.594,2.117,rt,
mandima,2026-06-19,1.804,1.297,2.562,1.572,2.067,rt,
mandima,2026-06-20,1.777,1.264,2.557,1.542,2.047,rt,
mandima,2026-06-21,1.747,1.211,2.545,1.503,2.027,rt,
mandima,2026-06-22,1.743,1.177,2.597,1.493,2.042,rt,
mandima,2026-06-23,1.72,1.193,2.525,1.494,1.998,rt,
mandima,2026-06-24,1.713,1.199,2.46,1.494,1.96,rt,
mandima,2026-06-25,1.689,1.188,2.399,1.472,1.937,rt,
mandima,2026-06-26,1.669,1.174,2.342,1.447,1.924,rt,
mandima,2026-06-27,1.648,1.158,2.331,1.43,1.912,rt,
mandima,2026-06-28,1.641,1.124,2.354,1.397,1.908,rt,
mandima,2026-06-29,1.579,1.045,2.349,1.337,1.856,rt,
mandima,2026-06-30,1.525,1.051,2.191,1.307,1.764,rt,
mandima,2026-07-01,1.465,1.037,2.052,1.269,1.693,rt,
mandima,2026-07-02,1.414,1.015,1.945,1.233,1.628,rt,
mandima,2026-07-03,1.367,0.979,1.879,1.195,1.565,rt,
mandima,2026-07-04,1.323,0.947,1.81,1.154,1.506,rt,
mandima,2026-07-05,1.278,0.907,1.782,1.103,1.462,rt,
mandima,2026-07-06,1.246,0.861,1.78,1.071,1.44,rt,
mandima,2026-07-07,1.233,0.876,1.713,1.072,1.413,rt,
mandima,2026-07-08,1.221,0.877,1.649,1.069,1.388,rt,
mandima,2026-07-09,1.209,0.878,1.612,1.061,1.367,rt,
mandima,2026-07-10,1.196,0.87,1.589,1.053,1.348,rt,
mandima,2026-07-11,1.187,0.857,1.598,1.036,1.343,rt,
mandima,2026-07-12,1.17,0.831,1.616,1.016,1.339,rt,
mandima,2026-07-13,1.139,0.793,1.635,0.988,1.325,rt,
mandima,2026-07-14,1.132,0.805,1.575,0.991,1.297,rt,
mandima,2026-07-15,1.128,0.803,1.531,0.989,1.274,rt,
mandima,2026-07-16,1.117,0.799,1.514,0.985,1.261,rt,
mandima,2026-07-17,1.103,0.797,1.508,0.977,1.249,rt,
mandima,2026-07-18,1.093,0.79,1.51,0.967,1.246,rt,
mandima,2026-07-19,1.084,0.76,1.532,0.947,1.248,rt,
mandima,2026-07-20,1.083,0.729,1.589,0.935,1.26,rt,
mandima,2026-07-21,1.087,0.755,1.543,0.949,1.253,rt,
mandima,2026-07-22,1.086,0.772,1.517,0.959,1.251,rt,
mandima,2026-07-23,1.09,0.78,1.51,0.959,1.245,rt,
mandima,2026-07-24,1.096,0.79,1.507,0.965,1.241,rt,
mandima,2026-07-25,1.099,0.785,1.524,0.967,1.241,rt,
mandima,2026-07-26,1.101,0.778,1.542,0.966,1.257,rt,
mandima,2026-07-27,1.113,0.767,1.592,0.963,1.285,rt,
mandima,2026-07-28,1.129,0.801,1.546,0.985,1.278,rt,
mandima,2026-07-29,1.138,0.825,1.543,1.003,1.28,rt,
mandima,2026-07-30,1.154,0.847,1.532,1.014,1.29,rt,
mandima,2026-07-31,1.165,0.851,1.533,1.023,1.308,rt,
mandima,2026-08-01,1.171,0.858,1.569,1.023,1.327,rt,
mandima,2026-08-02,1.179,0.853,1.635,1.02,1.341,rt,
mandima,2026-08-03,1.18,0.824,1.692,1.018,1.355,rt,
mandima,2026-08-04,1.185,0.849,1.625,1.031,1.341,rt,
mandima,2026-08-05,1.189,0.873,1.593,1.044,1.334,rt,
mandima,2026-08-06,1.192,0.887,1.589,1.052,1.336,rt,
mandima,2026-08-07,1.191,0.884,1.586,1.056,1.338,rt,
mandima,2026-08-08,1.185,0.871,1.6,1.057,1.35,rt,
mandima,2026-08-09,1.183,0.847,1.64,1.049,1.365,rt,
mandima,2026-08-10,1.173,0.805,1.68,1.02,1.364,rt,
mandima,2026-08-11,1.174,0.835,1.642,1.028,1.342,rt,
mandima,2026-08-12,1.173,0.844,1.59,1.027,1.325,rt,
mandima,2026-08-13,1.171,0.857,1.556,1.027,1.316,rt,
mandima,2026-08-14,1.166,0.855,1.526,1.028,1.312,rt,
mandima,2026-08-15,1.163,0.85,1.533,1.026,1.302,rt,
mandima,2026-08-16,1.154,0.833,1.552,1.013,1.3,rt,
mandima,2026-08-17,1.163,0.82,1.608,1.015,1.323,rt,
mandima,2026-08-18,1.187,0.853,1.602,1.047,1.338,rt,
mandima,2026-08-19,1.208,0.882,1.601,1.079,1.353,rt,
mandima,2026-08-20,1.233,0.904,1.629,1.094,1.38,rt,
mandima,2026-08-21,1.261,0.932,1.65,1.121,1.408,rt,
mandima,2026-08-22,1.29,0.943,1.689,1.143,1.44,rt,
mandima,2026-08-23,1.315,0.937,1.762,1.164,1.473,rt,
mandima,2026-08-24,1.355,0.951,1.89,1.19,1.538,rt,
mandima,2026-08-25,1.421,1.028,1.899,1.257,1.582,rt,
mandima,2026-08-26,1.486,1.1,1.934,1.322,1.641,rt,
mandima,2026-08-27,1.545,1.16,1.988,1.386,1.717,rt,
mandima,2026-08-28,1.62,1.232,2.057,1.441,1.79,rt,
mandima,2026-08-29,1.688,1.275,2.16,1.498,1.874,rt,
mandima,2026-08-30,1.758,1.291,2.289,1.553,1.971,rt,
mandima,2026-08-31,1.819,1.293,2.444,1.582,2.052,rt,
mandima,2026-09-01,1.871,1.389,2.457,1.646,2.092,rt,
mandima,2026-09-02,1.921,1.476,2.487,1.722,2.137,rt,
mandima,2026-09-03,1.981,1.534,2.542,1.776,2.198,rt,
mandima,2026-09-04,2.037,1.6,2.612,1.834,2.256,rt,
mandima,2026-09-05,2.095,1.627,2.677,1.883,2.337,rt,
mandima,2026-09-06,2.152,1.627,2.819,1.933,2.403,rt,
mandima,2026-09-07,2.169,1.602,2.918,1.934,2.446,rt,
mandima,2026-09-08,2.216,1.664,2.913,1.989,2.466,rt,
mandima,2026-09-09,2.259,1.728,2.907,2.023,2.504,rt,
mandima,2026-09-10,2.283,1.762,2.959,2.057,2.546,rt,
mandima,2026-09-11,2.313,1.773,3.015,2.077,2.583,rt,
mandima,2026-09-12,2.338,1.751,3.092,2.085,2.642,rt,
mandima,2026-09-13,2.353,1.722,3.164,2.081,2.668,rt,
mandima,2026-09-14,2.366,1.687,3.259,2.077,2.706,rt,
mandima,2026-09-15,2.324,1.648,3.188,2.032,2.659,rt,
mandima,2026-09-16,2.273,1.612,3.111,1.982,2.593,rt,
mandima,2026-09-17,2.203,1.546,3.048,1.922,2.537,rt,
mandima,2026-09-18,2.137,1.484,2.961,1.861,2.469,rt,
mandima,2026-09-19,2.07,1.424,2.892,1.801,2.394,rt,
mandima,2026-09-20,2.002,1.351,2.826,1.733,2.314,rt,
mandima,2026-09-21,1.96,1.29,2.804,1.682,2.276,rt,
mandima,2026-09-22,1.883,1.26,2.694,1.631,2.184,rt,
mandima,2026-09-23,1.818,1.217,2.6,1.569,2.108,rt,
mandima,2026-09-24,1.761,1.168,2.519,1.506,2.039,rt,
mandima,2026-09-25,1.697,1.131,2.376,1.452,1.95,rt,
mandima,2026-09-26,1.633,1.1,2.256,1.395,1.877,rt,
mandima,2026-09-27,1.576,1.056,2.157,1.344,1.809,rt,
mangala,2026-05-18,2.032,1.344,3.154,1.721,2.43,rt,
mangala,2026-05-19,2.032,1.374,3.058,1.742,2.402,rt,
mangala,2026-05-20,2.018,1.399,3.014,1.744,2.391,rt,
mangala,2026-05-21,2.019,1.411,2.96,1.745,2.368,rt,
mangala,2026-05-22,2.009,1.413,2.916,1.74,2.354,rt,
mangala,2026-05-23,2.007,1.423,2.904,1.74,2.335,rt,
mangala,2026-05-24,1.995,1.424,2.923,1.732,2.321,rt,
mangala,2026-05-25,1.981,1.405,2.93,1.716,2.316,rt,
mangala,2026-05-26,1.964,1.416,2.828,1.729,2.286,rt,
mangala,2026-05-27,1.964,1.425,2.766,1.717,2.265,rt,
mangala,2026-05-28,1.963,1.438,2.748,1.711,2.244,rt,
mangala,2026-05-29,1.951,1.439,2.704,1.717,2.229,rt,
mangala,2026-05-30,1.94,1.43,2.665,1.708,2.22,rt,
mangala,2026-05-31,1.931,1.409,2.675,1.691,2.205,rt,
mangala,2026-06-01,1.931,1.399,2.72,1.691,2.221,rt,
mangala,2026-06-02,1.935,1.422,2.675,1.711,2.208,rt,
mangala,2026-06-03,1.938,1.441,2.645,1.714,2.202,rt,
mangala,2026-06-04,1.943,1.455,2.651,1.723,2.194,rt,
mangala,2026-06-05,1.939,1.471,2.611,1.729,2.196,rt,
mangala,2026-06-06,1.938,1.452,2.623,1.717,2.196,rt,
mangala,2026-06-07,1.93,1.438,2.627,1.712,2.189,rt,
mangala,2026-06-08,1.928,1.422,2.663,1.703,2.205,rt,
mangala,2026-06-09,1.917,1.449,2.601,1.711,2.17,rt,
mangala,2026-06-10,1.905,1.468,2.537,1.708,2.155,rt,
mangala,2026-06-11,1.89,1.466,2.486,1.701,2.132,rt,
mangala,2026-06-12,1.876,1.471,2.47,1.689,2.104,rt,
mangala,2026-06-13,1.868,1.464,2.432,1.67,2.082,rt,
mangala,2026-06-14,1.845,1.432,2.443,1.653,2.063,rt,
mangala,2026-06-15,1.83,1.396,2.461,1.632,2.047,rt,
mangala,2026-06-16,1.812,1.415,2.363,1.632,2.015,rt,
mangala,2026-06-17,1.795,1.425,2.279,1.626,1.976,rt,
mangala,2026-06-18,1.778,1.418,2.225,1.612,1.942,rt,
mangala,2026-06-19,1.763,1.41,2.204,1.597,1.916,rt,
mangala,2026-06-20,1.747,1.393,2.19,1.572,1.904,rt,
mangala,2026-06-21,1.724,1.357,2.183,1.546,1.885,rt,
mangala,2026-06-22,1.722,1.335,2.205,1.536,1.908,rt,
mangala,2026-06-23,1.716,1.357,2.161,1.552,1.882,rt,
mangala,2026-06-24,1.71,1.361,2.135,1.558,1.87,rt,
mangala,2026-06-25,1.705,1.373,2.116,1.564,1.865,rt,
mangala,2026-06-26,1.7,1.365,2.101,1.559,1.854,rt,
mangala,2026-06-27,1.692,1.354,2.096,1.546,1.844,rt,
mangala,2026-06-28,1.689,1.342,2.094,1.533,1.842,rt,
mangala,2026-06-29,1.647,1.296,2.07,1.491,1.796,rt,
mangala,2026-06-30,1.597,1.276,1.963,1.461,1.736,rt,
mangala,2026-07-01,1.549,1.242,1.89,1.423,1.685,rt,
mangala,2026-07-02,1.505,1.206,1.827,1.382,1.631,rt,
mangala,2026-07-03,1.465,1.178,1.766,1.339,1.587,rt,
mangala,2026-07-04,1.422,1.144,1.723,1.298,1.546,rt,
mangala,2026-07-05,1.383,1.094,1.694,1.259,1.509,rt,
mangala,2026-07-06,1.354,1.055,1.701,1.228,1.491,rt,
mangala,2026-07-07,1.342,1.063,1.664,1.227,1.469,rt,
mangala,2026-07-08,1.331,1.077,1.631,1.22,1.449,rt,
mangala,2026-07-09,1.319,1.077,1.619,1.212,1.435,rt,
mangala,2026-07-10,1.31,1.075,1.603,1.204,1.418,rt,
mangala,2026-07-11,1.301,1.064,1.593,1.195,1.407,rt,
mangala,2026-07-12,1.295,1.045,1.587,1.184,1.4,rt,
mangala,2026-07-13,1.271,1.007,1.586,1.154,1.384,rt,
mangala,2026-07-14,1.264,1.015,1.539,1.159,1.374,rt,
mangala,2026-07-15,1.259,1.026,1.51,1.16,1.362,rt,
mangala,2026-07-16,1.252,1.028,1.496,1.158,1.351,rt,
mangala,2026-07-17,1.25,1.028,1.491,1.157,1.34,rt,
mangala,2026-07-18,1.243,1.013,1.493,1.153,1.337,rt,
mangala,2026-07-19,1.238,0.994,1.505,1.138,1.34,rt,
mangala,2026-07-20,1.241,0.98,1.526,1.13,1.352,rt,
mangala,2026-07-21,1.251,1.012,1.512,1.15,1.353,rt,
mangala,2026-07-22,1.258,1.035,1.51,1.164,1.359,rt,
mangala,2026-07-23,1.268,1.048,1.517,1.174,1.367,rt,
mangala,2026-07-24,1.281,1.06,1.533,1.188,1.38,rt,
mangala,2026-07-25,1.291,1.067,1.561,1.191,1.403,rt,
mangala,2026-07-26,1.3,1.066,1.609,1.191,1.417,rt,
mangala,2026-07-27,1.321,1.061,1.662,1.2,1.451,rt,
mangala,2026-07-28,1.326,1.081,1.64,1.221,1.452,rt,
mangala,2026-07-29,1.332,1.097,1.627,1.238,1.453,rt,
mangala,2026-07-30,1.343,1.103,1.638,1.247,1.456,rt,
mangala,2026-07-31,1.354,1.111,1.63,1.252,1.455,rt,
mangala,2026-08-01,1.358,1.117,1.643,1.251,1.464,rt,
mangala,2026-08-02,1.361,1.105,1.669,1.252,1.476,rt,
mangala,2026-08-03,1.36,1.084,1.683,1.244,1.481,rt,
mangala,2026-08-04,1.338,1.088,1.641,1.231,1.45,rt,
mangala,2026-08-05,1.316,1.088,1.601,1.217,1.426,rt,
mangala,2026-08-06,1.296,1.074,1.568,1.199,1.403,rt,
mangala,2026-08-07,1.273,1.068,1.536,1.178,1.374,rt,
mangala,2026-08-08,1.252,1.045,1.52,1.154,1.351,rt,
mangala,2026-08-09,1.228,1.015,1.503,1.13,1.336,rt,
mangala,2026-08-10,1.191,0.967,1.488,1.09,1.306,rt,
mangala,2026-08-11,1.15,0.95,1.414,1.061,1.251,rt,
mangala,2026-08-12,1.11,0.925,1.354,1.029,1.203,rt,
mangala,2026-08-13,1.071,0.894,1.308,0.995,1.16,rt,
mangala,2026-08-14,1.031,0.863,1.253,0.96,1.117,rt,
mangala,2026-08-15,0.996,0.828,1.224,0.926,1.078,rt,
mangala,2026-08-16,0.96,0.785,1.192,0.886,1.043,rt,
mangala,2026-08-17,0.937,0.754,1.18,0.858,1.028,rt,
mangala,2026-08-18,0.913,0.746,1.135,0.842,0.998,rt,
mangala,2026-08-19,0.892,0.738,1.092,0.823,0.972,rt,
mangala,2026-08-20,0.87,0.721,1.062,0.804,0.947,rt,
mangala,2026-08-21,0.849,0.709,1.034,0.788,0.922,rt,
mangala,2026-08-22,0.832,0.684,1.007,0.768,0.902,rt,
mangala,2026-08-23,0.812,0.655,0.998,0.747,0.885,rt,
mangala,2026-08-24,0.804,0.634,0.996,0.733,0.883,rt,
mangala,2026-08-25,0.797,0.643,0.979,0.733,0.872,rt,
mangala,2026-08-26,0.791,0.644,0.967,0.728,0.86,rt,
mangala,2026-08-27,0.783,0.638,0.958,0.72,0.855,rt,
mangala,2026-08-28,0.775,0.626,0.945,0.71,0.845,rt,
mangala,2026-08-29,0.767,0.619,0.943,0.699,0.842,rt,
mangala,2026-08-30,0.762,0.597,0.942,0.688,0.838,rt,
mangala,2026-08-31,0.746,0.569,0.943,0.665,0.824,rt,
mangala,2026-09-01,0.737,0.572,0.923,0.662,0.816,rt,
mangala,2026-09-02,0.727,0.57,0.908,0.659,0.806,rt,
mangala,2026-09-03,0.719,0.565,0.905,0.653,0.798,rt,
mangala,2026-09-04,0.711,0.557,0.904,0.646,0.786,rt,
mangala,2026-09-05,0.705,0.541,0.898,0.635,0.776,rt,
mangala,2026-09-06,0.693,0.522,0.897,0.623,0.769,rt,
mangala,2026-09-07,0.67,0.494,0.885,0.595,0.751,rt,
mangala,2026-09-08,0.647,0.479,0.851,0.578,0.729,rt,
mangala,2026-09-09,0.628,0.463,0.823,0.557,0.706,rt,
mangala,2026-09-10,0.606,0.442,0.806,0.531,0.684,rt,
mangala,2026-09-11,0.585,0.418,0.786,0.511,0.662,rt,
mangala,2026-09-12,0.562,0.388,0.766,0.484,0.639,rt,
mangala,2026-09-13,0.537,0.356,0.756,0.457,0.619,rt,
mangala,2026-09-14,0.514,0.325,0.742,0.432,0.6,rt,
mangala,2026-09-15,0.498,0.31,0.718,0.417,0.583,rt,
mangala,2026-09-16,0.478,0.294,0.704,0.398,0.563,rt,
mangala,2026-09-17,0.461,0.279,0.694,0.383,0.548,rt,
mangala,2026-09-18,0.442,0.262,0.675,0.364,0.528,rt,
mangala,2026-09-19,0.423,0.245,0.663,0.342,0.511,rt,
mangala,2026-09-20,0.402,0.226,0.653,0.323,0.497,rt,
mangala,2026-09-21,0.389,0.205,0.66,0.307,0.487,rt,
mangala,2026-09-22,0.384,0.203,0.653,0.3,0.482,rt,
mangala,2026-09-23,0.378,0.195,0.649,0.295,0.478,rt,
mangala,2026-09-24,0.37,0.186,0.65,0.286,0.474,rt,
mangala,2026-09-25,0.366,0.177,0.65,0.279,0.469,rt,
mangala,2026-09-26,0.362,0.17,0.652,0.272,0.464,rt,
mangala,2026-09-27,0.356,0.158,0.664,0.265,0.466,rt,
mongbwalu,2026-04-20,2.654,1.664,5.782,2.123,3.425,rt,
mongbwalu,2026-04-21,2.698,1.714,5.711,2.167,3.441,rt,
mongbwalu,2026-04-22,2.746,1.754,5.614,2.207,3.466,rt,
mongbwalu,2026-04-23,2.782,1.787,5.508,2.244,3.498,rt,
mongbwalu,2026-04-24,2.816,1.827,5.49,2.271,3.544,rt,
mongbwalu,2026-04-25,2.854,1.845,5.468,2.303,3.575,rt,
mongbwalu,2026-04-26,2.88,1.87,5.378,2.334,3.584,rt,
mongbwalu,2026-04-27,2.902,1.887,5.311,2.367,3.617,rt,
mongbwalu,2026-04-28,2.908,1.919,5.193,2.402,3.614,rt,
mongbwalu,2026-04-29,2.921,1.947,5.113,2.42,3.613,rt,
mongbwalu,2026-04-30,2.945,1.969,5.048,2.454,3.624,rt,
mongbwalu,2026-05-01,2.956,2.009,5.007,2.486,3.613,rt,
mongbwalu,2026-05-02,2.974,2.024,4.961,2.511,3.604,rt,
mongbwalu,2026-05-03,2.994,2.034,4.938,2.521,3.61,rt,
mongbwalu,2026-05-04,2.996,2.029,4.933,2.538,3.607,rt,
mongbwalu,2026-05-05,3.01,2.068,4.821,2.561,3.614,rt,
mongbwalu,2026-05-06,3.02,2.094,4.74,2.583,3.577,rt,
mongbwalu,2026-05-07,3.027,2.12,4.663,2.595,3.559,rt,
mongbwalu,2026-05-08,3.025,2.155,4.568,2.607,3.528,rt,
mongbwalu,2026-05-09,3.028,2.169,4.525,2.63,3.502,rt,
mongbwalu,2026-05-10,3.025,2.173,4.47,2.647,3.486,rt,
mongbwalu,2026-05-11,2.902,2.102,4.303,2.548,3.355,rt,
mongbwalu,2026-05-12,2.779,2.048,4.018,2.458,3.189,rt,
mongbwalu,2026-05-13,2.668,2.001,3.772,2.369,3.042,rt,
mongbwalu,2026-05-14,2.566,1.952,3.551,2.293,2.899,rt,
mongbwalu,2026-05-15,2.469,1.911,3.307,2.217,2.762,rt,
mongbwalu,2026-05-16,2.37,1.847,3.134,2.138,2.64,rt,
mongbwalu,2026-05-17,2.279,1.786,2.989,2.057,2.528,rt,
mongbwalu,2026-05-18,2.2,1.713,2.881,1.984,2.435,rt,
mongbwalu,2026-05-19,2.115,1.676,2.726,1.932,2.331,rt,
mongbwalu,2026-05-20,2.041,1.64,2.575,1.872,2.228,rt,
mongbwalu,2026-05-21,1.966,1.591,2.459,1.808,2.141,rt,
mongbwalu,2026-05-22,1.891,1.558,2.344,1.75,2.055,rt,
mongbwalu,2026-05-23,1.828,1.495,2.255,1.687,1.977,rt,
mongbwalu,2026-05-24,1.759,1.432,2.181,1.622,1.905,rt,
mongbwalu,2026-05-25,1.687,1.352,2.12,1.547,1.839,rt,
mongbwalu,2026-05-26,1.631,1.329,2.009,1.504,1.766,rt,
mongbwalu,2026-05-27,1.578,1.302,1.917,1.457,1.701,rt,
mongbwalu,2026-05-28,1.526,1.267,1.838,1.41,1.633,rt,
mongbwalu,2026-05-29,1.477,1.236,1.763,1.37,1.577,rt,
mongbwalu,2026-05-30,1.426,1.191,1.703,1.325,1.53,rt,
mongbwalu,2026-05-31,1.384,1.146,1.653,1.277,1.483,rt,
mongbwalu,2026-06-01,1.345,1.087,1.629,1.239,1.448,rt,
mongbwalu,2026-06-02,1.297,1.065,1.544,1.203,1.39,rt,
mongbwalu,2026-06-03,1.248,1.038,1.471,1.167,1.336,rt,
mongbwalu,2026-06-04,1.201,1.008,1.413,1.126,1.283,rt,
mongbwalu,2026-06-05,1.158,0.972,1.354,1.083,1.233,rt,
mongbwalu,2026-06-06,1.112,0.933,1.301,1.039,1.183,rt,
mongbwalu,2026-06-07,1.069,0.885,1.269,0.992,1.145,rt,
mongbwalu,2026-06-08,1.028,0.836,1.245,0.948,1.114,rt,
mongbwalu,2026-06-09,0.989,0.818,1.179,0.92,1.065,rt,
mongbwalu,2026-06-10,0.951,0.801,1.121,0.89,1.023,rt,
mongbwalu,2026-06-11,0.914,0.774,1.073,0.856,0.981,rt,
mongbwalu,2026-06-12,0.879,0.742,1.025,0.819,0.94,rt,
mongbwalu,2026-06-13,0.842,0.703,0.991,0.782,0.906,rt,
mongbwalu,2026-06-14,0.807,0.66,0.965,0.743,0.873,rt,
mongbwalu,2026-06-15,0.775,0.613,0.949,0.705,0.849,rt,
mongbwalu,2026-06-16,0.763,0.617,0.924,0.702,0.831,rt,
mongbwalu,2026-06-17,0.754,0.614,0.9,0.699,0.813,rt,
mongbwalu,2026-06-18,0.745,0.608,0.887,0.69,0.799,rt,
mongbwalu,2026-06-19,0.734,0.599,0.875,0.68,0.788,rt,
mongbwalu,2026-06-20,0.724,0.591,0.865,0.673,0.781,rt,
mongbwalu,2026-06-21,0.714,0.569,0.863,0.658,0.775,rt,
mongbwalu,2026-06-22,0.713,0.553,0.885,0.65,0.779,rt,
mongbwalu,2026-06-23,0.722,0.573,0.881,0.665,0.784,rt,
mongbwalu,2026-06-24,0.734,0.591,0.881,0.68,0.791,rt,
mongbwalu,2026-06-25,0.744,0.61,0.889,0.691,0.8,rt,
mongbwalu,2026-06-26,0.753,0.62,0.9,0.701,0.814,rt,
mongbwalu,2026-06-27,0.764,0.625,0.917,0.708,0.828,rt,
mongbwalu,2026-06-28,0.775,0.625,0.948,0.711,0.843,rt,
mongbwalu,2026-06-29,0.769,0.608,0.97,0.701,0.848,rt,
mongbwalu,2026-06-30,0.754,0.607,0.934,0.692,0.827,rt,
mongbwalu,2026-07-01,0.741,0.603,0.902,0.683,0.808,rt,
mongbwalu,2026-07-02,0.726,0.592,0.881,0.67,0.791,rt,
mongbwalu,2026-07-03,0.713,0.581,0.87,0.656,0.78,rt,
mongbwalu,2026-07-04,0.703,0.565,0.866,0.642,0.77,rt,
mongbwalu,2026-07-05,0.688,0.543,0.871,0.625,0.762,rt,
mongbwalu,2026-07-06,0.683,0.525,0.892,0.614,0.764,rt,
mongbwalu,2026-07-07,0.686,0.543,0.876,0.622,0.762,rt,
mongbwalu,2026-07-08,0.69,0.553,0.868,0.631,0.76,rt,
mongbwalu,2026-07-09,0.695,0.563,0.866,0.636,0.759,rt,
mongbwalu,2026-07-10,0.701,0.567,0.866,0.641,0.763,rt,
mongbwalu,2026-07-11,0.704,0.561,0.875,0.645,0.77,rt,
mongbwalu,2026-07-12,0.708,0.552,0.892,0.642,0.781,rt,
mongbwalu,2026-07-13,0.704,0.539,0.913,0.632,0.785,rt,
mongbwalu,2026-07-14,0.702,0.549,0.897,0.637,0.777,rt,
mongbwalu,2026-07-15,0.701,0.555,0.882,0.64,0.772,rt,
mongbwalu,2026-07-16,0.699,0.553,0.875,0.638,0.764,rt,
mongbwalu,2026-07-17,0.695,0.556,0.87,0.637,0.763,rt,
mongbwalu,2026-07-18,0.694,0.545,0.872,0.633,0.763,rt,
mongbwalu,2026-07-19,0.691,0.531,0.881,0.625,0.769,rt,
mongbwalu,2026-07-20,0.696,0.523,0.902,0.62,0.781,rt,
mongbwalu,2026-07-21,0.693,0.536,0.878,0.626,0.767,rt,
mongbwalu,2026-07-22,0.69,0.545,0.861,0.632,0.758,rt,
mongbwalu,2026-07-23,0.689,0.549,0.853,0.629,0.75,rt,
mongbwalu,2026-07-24,0.688,0.546,0.846,0.628,0.749,rt,
mongbwalu,2026-07-25,0.687,0.535,0.846,0.624,0.748,rt,
mongbwalu,2026-07-26,0.685,0.523,0.864,0.617,0.751,rt,
mongbwalu,2026-07-27,0.686,0.511,0.89,0.611,0.763,rt,
mongbwalu,2026-07-28,0.697,0.528,0.883,0.629,0.767,rt,
mongbwalu,2026-07-29,0.707,0.543,0.889,0.642,0.778,rt,
mongbwalu,2026-07-30,0.72,0.558,0.898,0.652,0.792,rt,
mongbwalu,2026-07-31,0.733,0.565,0.912,0.66,0.801,rt,
mongbwalu,2026-08-01,0.742,0.57,0.933,0.664,0.817,rt,
mongbwalu,2026-08-02,0.752,0.569,0.965,0.669,0.834,rt,
mongbwalu,2026-08-03,0.757,0.554,0.995,0.666,0.855,rt,
mongbwalu,2026-08-04,0.773,0.586,0.989,0.69,0.862,rt,
mongbwalu,2026-08-05,0.791,0.614,0.998,0.711,0.873,rt,
mongbwalu,2026-08-06,0.807,0.635,1.01,0.729,0.886,rt,
mongbwalu,2026-08-07,0.824,0.648,1.026,0.747,0.902,rt,
mongbwalu,2026-08-08,0.841,0.654,1.055,0.76,0.926,rt,
mongbwalu,2026-08-09,0.856,0.655,1.102,0.772,0.95,rt,
mongbwalu,2026-08-10,0.86,0.645,1.131,0.769,0.97,rt,
mongbwalu,2026-08-11,0.875,0.68,1.129,0.792,0.974,rt,
mongbwalu,2026-08-12,0.892,0.708,1.129,0.809,0.983,rt,
mongbwalu,2026-08-13,0.907,0.724,1.139,0.827,0.995,rt,
mongbwalu,2026-08-14,0.921,0.737,1.154,0.839,1.006,rt,
mongbwalu,2026-08-15,0.934,0.738,1.179,0.852,1.024,rt,
mongbwalu,2026-08-16,0.95,0.733,1.212,0.859,1.047,rt,
mongbwalu,2026-08-17,0.975,0.736,1.281,0.877,1.09,rt,
mongbwalu,2026-08-18,1.0,0.772,1.286,0.906,1.107,rt,
mongbwalu,2026-08-19,1.026,0.807,1.295,0.934,1.131,rt,
mongbwalu,2026-08-20,1.052,0.832,1.326,0.959,1.156,rt,
mongbwalu,2026-08-21,1.08,0.854,1.365,0.988,1.187,rt,
mongbwalu,2026-08-22,1.107,0.87,1.413,1.007,1.221,rt,
mongbwalu,2026-08-23,1.132,0.871,1.475,1.02,1.266,rt,
mongbwalu,2026-08-24,1.18,0.879,1.575,1.051,1.331,rt,
mongbwalu,2026-08-25,1.192,0.918,1.564,1.076,1.342,rt,
mongbwalu,2026-08-26,1.214,0.957,1.558,1.1,1.348,rt,
mongbwalu,2026-08-27,1.233,0.967,1.579,1.123,1.359,rt,
mongbwalu,2026-08-28,1.252,0.987,1.584,1.141,1.37,rt,
mongbwalu,2026-08-29,1.271,0.989,1.604,1.15,1.389,rt,
mongbwalu,2026-08-30,1.286,0.996,1.634,1.162,1.411,rt,
mongbwalu,2026-08-31,1.282,0.98,1.66,1.153,1.422,rt,
mongbwalu,2026-09-01,1.255,0.978,1.593,1.136,1.381,rt,
mongbwalu,2026-09-02,1.225,0.966,1.533,1.114,1.348,rt,
mongbwalu,2026-09-03,1.197,0.949,1.498,1.087,1.32,rt,
mongbwalu,2026-09-04,1.165,0.923,1.459,1.058,1.285,rt,
mongbwalu,2026-09-05,1.137,0.889,1.435,1.028,1.258,rt,
mongbwalu,2026-09-06,1.108,0.855,1.423,0.995,1.231,rt,
mongbwalu,2026-09-07,1.059,0.795,1.395,0.939,1.188,rt,
mongbwalu,2026-09-08,1.016,0.77,1.317,0.899,1.129,rt,
mongbwalu,2026-09-09,0.969,0.737,1.249,0.863,1.081,rt,
mongbwalu,2026-09-10,0.93,0.692,1.193,0.819,1.036,rt,
mongbwalu,2026-09-11,0.885,0.642,1.148,0.776,0.99,rt,
mongbwalu,2026-09-12,0.839,0.593,1.1,0.73,0.946,rt,
mongbwalu,2026-09-13,0.792,0.543,1.068,0.686,0.903,rt,
mongbwalu,2026-09-14,0.746,0.492,1.046,0.638,0.869,rt,
mongbwalu,2026-09-15,0.72,0.47,1.02,0.613,0.836,rt,
mongbwalu,2026-09-16,0.69,0.439,0.993,0.583,0.811,rt,
mongbwalu,2026-09-17,0.664,0.412,0.973,0.554,0.78,rt,
mongbwalu,2026-09-18,0.638,0.39,0.948,0.528,0.751,rt,
mongbwalu,2026-09-19,0.61,0.364,0.931,0.499,0.726,rt,
mongbwalu,2026-09-20,0.577,0.335,0.908,0.466,0.703,rt,
mongbwalu,2026-09-21,0.551,0.309,0.905,0.441,0.69,rt,
mongbwalu,2026-09-22,0.542,0.296,0.899,0.428,0.678,rt,
mongbwalu,2026-09-23,0.531,0.282,0.896,0.415,0.669,rt,
mongbwalu,2026-09-24,0.523,0.269,0.896,0.403,0.66,rt,
mongbwalu,2026-09-25,0.514,0.261,0.883,0.386,0.651,rt,
mongbwalu,2026-09-26,0.5,0.249,0.879,0.372,0.644,rt,
mongbwalu,2026-09-27,0.491,0.231,0.883,0.361,0.642,rt,
nia_nia,2026-05-31,2.451,1.531,3.962,2.044,3.013,rt,
nia_nia,2026-06-01,2.475,1.5,4.056,2.025,3.075,rt,
nia_nia,2026-06-02,2.501,1.582,3.892,2.062,3.018,rt,
nia_nia,2026-06-03,2.507,1.63,3.865,2.087,2.994,rt,
nia_nia,2026-06-04,2.504,1.677,3.819,2.107,2.967,rt,
nia_nia,2026-06-05,2.504,1.676,3.761,2.11,2.942,rt,
nia_nia,2026-06-06,2.495,1.667,3.793,2.11,2.967,rt,
nia_nia,2026-06-07,2.489,1.631,3.867,2.088,2.973,rt,
nia_nia,2026-06-08,2.502,1.592,3.99,2.072,2.992,rt,
nia_nia,2026-06-09,2.474,1.642,3.768,2.091,2.933,rt,
nia_nia,2026-06-10,2.448,1.692,3.628,2.077,2.884,rt,
nia_nia,2026-06-11,2.413,1.696,3.535,2.064,2.812,rt,
nia_nia,2026-06-12,2.376,1.685,3.445,2.044,2.744,rt,
nia_nia,2026-06-13,2.335,1.63,3.407,2.024,2.723,rt,
nia_nia,2026-06-14,2.305,1.565,3.404,1.989,2.708,rt,
nia_nia,2026-06-15,2.266,1.506,3.429,1.944,2.695,rt,
nia_nia,2026-06-16,2.229,1.546,3.234,1.931,2.618,rt,
nia_nia,2026-06-17,2.198,1.562,3.066,1.924,2.539,rt,
nia_nia,2026-06-18,2.173,1.583,2.956,1.903,2.478,rt,
nia_nia,2026-06-19,2.142,1.57,2.91,1.876,2.431,rt,
nia_nia,2026-06-20,2.103,1.539,2.872,1.851,2.39,rt,
nia_nia,2026-06-21,2.074,1.492,2.846,1.815,2.363,rt,
nia_nia,2026-06-22,2.063,1.447,2.916,1.79,2.37,rt,
nia_nia,2026-06-23,2.047,1.504,2.806,1.794,2.333,rt,
nia_nia,2026-06-24,2.048,1.531,2.708,1.811,2.307,rt,
nia_nia,2026-06-25,2.034,1.54,2.658,1.816,2.29,rt,
nia_nia,2026-06-26,2.026,1.541,2.631,1.808,2.273,rt,
nia_nia,2026-06-27,2.015,1.521,2.657,1.791,2.265,rt,
nia_nia,2026-06-28,2.0,1.478,2.709,1.765,2.283,rt,
nia_nia,2026-06-29,1.941,1.377,2.747,1.7,2.264,rt,
nia_nia,2026-06-30,1.879,1.377,2.539,1.673,2.144,rt,
nia_nia,2026-07-01,1.822,1.361,2.376,1.623,2.042,rt,
nia_nia,2026-07-02,1.764,1.333,2.271,1.58,1.965,rt,
nia_nia,2026-07-03,1.707,1.287,2.195,1.529,1.898,rt,
nia_nia,2026-07-04,1.651,1.237,2.135,1.473,1.843,rt,
nia_nia,2026-07-05,1.603,1.164,2.124,1.412,1.802,rt,
nia_nia,2026-07-06,1.565,1.092,2.16,1.364,1.775,rt,
nia_nia,2026-07-07,1.538,1.119,2.05,1.357,1.719,rt,
nia_nia,2026-07-08,1.509,1.132,1.962,1.347,1.682,rt,
nia_nia,2026-07-09,1.486,1.141,1.91,1.325,1.656,rt,
nia_nia,2026-07-10,1.461,1.124,1.882,1.313,1.618,rt,
nia_nia,2026-07-11,1.438,1.096,1.873,1.29,1.589,rt,
nia_nia,2026-07-12,1.411,1.059,1.885,1.261,1.579,rt,
nia_nia,2026-07-13,1.374,1.004,1.908,1.212,1.56,rt,
nia_nia,2026-07-14,1.347,1.006,1.802,1.208,1.514,rt,
nia_nia,2026-07-15,1.319,1.015,1.725,1.188,1.476,rt,
nia_nia,2026-07-16,1.3,1.002,1.662,1.167,1.447,rt,
nia_nia,2026-07-17,1.276,0.978,1.622,1.142,1.416,rt,
nia_nia,2026-07-18,1.252,0.942,1.61,1.113,1.394,rt,
nia_nia,2026-07-19,1.225,0.898,1.618,1.083,1.383,rt,
nia_nia,2026-07-20,1.212,0.858,1.647,1.054,1.377,rt,
nia_nia,2026-07-21,1.191,0.871,1.575,1.049,1.333,rt,
nia_nia,2026-07-22,1.168,0.879,1.527,1.041,1.306,rt,
nia_nia,2026-07-23,1.152,0.885,1.481,1.024,1.277,rt,
nia_nia,2026-07-24,1.135,0.872,1.456,1.009,1.256,rt,
nia_nia,2026-07-25,1.113,0.845,1.449,0.99,1.246,rt,
nia_nia,2026-07-26,1.097,0.81,1.466,0.969,1.236,rt,
nia_nia,2026-07-27,1.083,0.777,1.494,0.955,1.241,rt,
nia_nia,2026-07-28,1.072,0.788,1.434,0.957,1.207,rt,
nia_nia,2026-07-29,1.061,0.8,1.382,0.955,1.182,rt,
nia_nia,2026-07-30,1.049,0.798,1.343,0.948,1.162,rt,
nia_nia,2026-07-31,1.035,0.792,1.325,0.934,1.14,rt,
nia_nia,2026-08-01,1.018,0.783,1.31,0.919,1.133,rt,
nia_nia,2026-08-02,1.007,0.754,1.32,0.903,1.126,rt,
nia_nia,2026-08-03,0.99,0.718,1.347,0.872,1.116,rt,
nia_nia,2026-08-04,0.972,0.737,1.29,0.873,1.081,rt,
nia_nia,2026-08-05,0.956,0.734,1.24,0.861,1.054,rt,
nia_nia,2026-08-06,0.941,0.73,1.214,0.847,1.033,rt,
nia_nia,2026-08-07,0.924,0.711,1.186,0.831,1.024,rt,
nia_nia,2026-08-08,0.905,0.684,1.172,0.81,1.015,rt,
nia_nia,2026-08-09,0.894,0.647,1.172,0.786,1.013,rt,
nia_nia,2026-08-10,0.869,0.607,1.176,0.752,0.998,rt,
nia_nia,2026-08-11,0.86,0.619,1.132,0.749,0.966,rt,
nia_nia,2026-08-12,0.845,0.633,1.086,0.747,0.94,rt,
nia_nia,2026-08-13,0.829,0.63,1.059,0.742,0.923,rt,
nia_nia,2026-08-14,0.815,0.615,1.039,0.728,0.906,rt,
nia_nia,2026-08-15,0.801,0.595,1.036,0.714,0.899,rt,
nia_nia,2026-08-16,0.787,0.57,1.047,0.698,0.894,rt,
nia_nia,2026-08-17,0.783,0.549,1.066,0.69,0.903,rt,
nia_nia,2026-08-18,0.794,0.574,1.042,0.705,0.898,rt,
nia_nia,2026-08-19,0.803,0.603,1.035,0.72,0.894,rt,
nia_nia,2026-08-20,0.814,0.618,1.039,0.731,0.899,rt,
nia_nia,2026-08-21,0.825,0.635,1.042,0.744,0.91,rt,
nia_nia,2026-08-22,0.835,0.64,1.064,0.754,0.924,rt,
nia_nia,2026-08-23,0.848,0.638,1.095,0.755,0.943,rt,
nia_nia,2026-08-24,0.869,0.637,1.162,0.764,0.981,rt,
nia_nia,2026-08-25,0.904,0.679,1.16,0.803,1.005,rt,
nia_nia,2026-08-26,0.943,0.723,1.194,0.846,1.034,rt,
nia_nia,2026-08-27,0.978,0.744,1.232,0.883,1.07,rt,
nia_nia,2026-08-28,1.014,0.777,1.269,0.916,1.113,rt,
nia_nia,2026-08-29,1.05,0.794,1.34,0.946,1.158,rt,
nia_nia,2026-08-30,1.088,0.804,1.428,0.975,1.21,rt,
nia_nia,2026-08-31,1.106,0.801,1.494,0.988,1.25,rt,
nia_nia,2026-09-01,1.137,0.837,1.483,1.02,1.26,rt,
nia_nia,2026-09-02,1.16,0.879,1.481,1.045,1.277,rt,
nia_nia,2026-09-03,1.187,0.901,1.503,1.061,1.303,rt,
nia_nia,2026-09-04,1.21,0.914,1.518,1.08,1.33,rt,
nia_nia,2026-09-05,1.225,0.915,1.569,1.095,1.359,rt,
nia_nia,2026-09-06,1.243,0.909,1.632,1.101,1.391,rt,
nia_nia,2026-09-07,1.234,0.886,1.671,1.08,1.403,rt,
nia_nia,2026-09-08,1.227,0.909,1.636,1.086,1.377,rt,
nia_nia,2026-09-09,1.219,0.914,1.598,1.091,1.357,rt,
nia_nia,2026-09-10,1.209,0.913,1.585,1.088,1.346,rt,
nia_nia,2026-09-11,1.2,0.899,1.575,1.069,1.33,rt,
nia_nia,2026-09-12,1.18,0.866,1.589,1.046,1.326,rt,
nia_nia,2026-09-13,1.158,0.834,1.594,1.013,1.323,rt,
nia_nia,2026-09-14,1.141,0.788,1.615,0.984,1.32,rt,
nia_nia,2026-09-15,1.119,0.773,1.585,0.965,1.297,rt,
nia_nia,2026-09-16,1.09,0.744,1.585,0.941,1.271,rt,
nia_nia,2026-09-17,1.062,0.716,1.57,0.907,1.254,rt,
nia_nia,2026-09-18,1.041,0.683,1.555,0.873,1.234,rt,
nia_nia,2026-09-19,1.01,0.642,1.547,0.835,1.211,rt,
nia_nia,2026-09-20,0.979,0.594,1.528,0.795,1.195,rt,
nia_nia,2026-09-21,0.956,0.557,1.552,0.77,1.196,rt,
nia_nia,2026-09-22,0.931,0.533,1.512,0.744,1.163,rt,
nia_nia,2026-09-23,0.905,0.508,1.51,0.719,1.135,rt,
nia_nia,2026-09-24,0.879,0.492,1.508,0.691,1.116,rt,
nia_nia,2026-09-25,0.856,0.463,1.486,0.668,1.081,rt,
nia_nia,2026-09-26,0.838,0.435,1.477,0.643,1.056,rt,
nia_nia,2026-09-27,0.809,0.403,1.46,0.617,1.033,rt,
nizi,2026-05-22,2.71,1.974,3.449,2.399,3.006,rt,
nizi,2026-05-23,2.679,1.973,3.41,2.4,2.976,rt,
nizi,2026-05-24,2.652,1.955,3.419,2.369,2.97,rt,
nizi,2026-05-25,2.627,1.926,3.397,2.33,2.949,rt,
nizi,2026-05-26,2.605,1.942,3.316,2.328,2.887,rt,
nizi,2026-05-27,2.57,1.938,3.25,2.325,2.842,rt,
nizi,2026-05-28,2.548,1.94,3.212,2.305,2.798,rt,
nizi,2026-05-29,2.515,1.939,3.18,2.285,2.76,rt,
nizi,2026-05-30,2.495,1.929,3.14,2.261,2.728,rt,
nizi,2026-05-31,2.465,1.914,3.144,2.234,2.711,rt,
nizi,2026-06-01,2.453,1.882,3.17,2.219,2.709,rt,
nizi,2026-06-02,2.451,1.909,3.127,2.229,2.702,rt,
nizi,2026-06-03,2.447,1.939,3.096,2.237,2.692,rt,
nizi,2026-06-04,2.439,1.951,3.08,2.237,2.693,rt,
nizi,2026-06-05,2.445,1.96,3.056,2.229,2.679,rt,
nizi,2026-06-06,2.443,1.956,3.032,2.216,2.667,rt,
nizi,2026-06-07,2.429,1.934,3.054,2.206,2.658,rt,
nizi,2026-06-08,2.428,1.9,3.083,2.196,2.665,rt,
nizi,2026-06-09,2.432,1.939,3.04,2.211,2.646,rt,
nizi,2026-06-10,2.422,1.963,2.99,2.211,2.629,rt,
nizi,2026-06-11,2.409,1.983,2.997,2.216,2.616,rt,
nizi,2026-06-12,2.396,1.996,2.969,2.207,2.597,rt,
nizi,2026-06-13,2.379,1.986,2.95,2.198,2.586,rt,
nizi,2026-06-14,2.362,1.96,2.932,2.178,2.572,rt,
nizi,2026-06-15,2.351,1.932,2.942,2.166,2.576,rt,
nizi,2026-06-16,2.325,1.938,2.861,2.153,2.534,rt,
nizi,2026-06-17,2.299,1.928,2.797,2.141,2.486,rt,
nizi,2026-06-18,2.28,1.901,2.767,2.115,2.449,rt,
nizi,2026-06-19,2.254,1.882,2.729,2.095,2.421,rt,
nizi,2026-06-20,2.231,1.857,2.683,2.074,2.399,rt,
nizi,2026-06-21,2.199,1.829,2.678,2.043,2.376,rt,
nizi,2026-06-22,2.199,1.811,2.703,2.028,2.383,rt,
nizi,2026-06-23,2.17,1.815,2.632,2.015,2.339,rt,
nizi,2026-06-24,2.146,1.813,2.571,1.997,2.304,rt,
nizi,2026-06-25,2.119,1.792,2.525,1.976,2.264,rt,
nizi,2026-06-26,2.085,1.778,2.479,1.955,2.226,rt,
nizi,2026-06-27,2.054,1.761,2.444,1.929,2.199,rt,
nizi,2026-06-28,2.027,1.734,2.42,1.899,2.162,rt,
nizi,2026-06-29,1.958,1.665,2.351,1.828,2.097,rt,
nizi,2026-06-30,1.878,1.619,2.225,1.764,2.004,rt,
nizi,2026-07-01,1.801,1.56,2.113,1.698,1.913,rt,
nizi,2026-07-02,1.729,1.501,2.006,1.634,1.836,rt,
nizi,2026-07-03,1.665,1.45,1.913,1.573,1.764,rt,
nizi,2026-07-04,1.601,1.39,1.831,1.506,1.691,rt,
nizi,2026-07-05,1.539,1.329,1.767,1.443,1.635,rt,
nizi,2026-07-06,1.492,1.28,1.735,1.396,1.598,rt,
nizi,2026-07-07,1.447,1.251,1.658,1.36,1.537,rt,
nizi,2026-07-08,1.406,1.218,1.601,1.324,1.486,rt,
nizi,2026-07-09,1.362,1.183,1.548,1.283,1.439,rt,
nizi,2026-07-10,1.32,1.154,1.502,1.249,1.391,rt,
nizi,2026-07-11,1.28,1.11,1.453,1.209,1.351,rt,
nizi,2026-07-12,1.241,1.063,1.418,1.169,1.314,rt,
nizi,2026-07-13,1.19,1.004,1.377,1.119,1.266,rt,
nizi,2026-07-14,1.156,0.984,1.323,1.09,1.225,rt,
nizi,2026-07-15,1.119,0.964,1.284,1.061,1.185,rt,
nizi,2026-07-16,1.087,0.938,1.245,1.028,1.151,rt,
nizi,2026-07-17,1.055,0.913,1.205,0.996,1.117,rt,
nizi,2026-07-18,1.025,0.883,1.169,0.965,1.087,rt,
nizi,2026-07-19,0.994,0.847,1.141,0.935,1.056,rt,
nizi,2026-07-20,0.972,0.813,1.13,0.909,1.036,rt,
nizi,2026-07-21,0.959,0.816,1.106,0.901,1.021,rt,
nizi,2026-07-22,0.948,0.812,1.087,0.891,1.005,rt,
nizi,2026-07-23,0.937,0.804,1.078,0.878,0.992,rt,
nizi,2026-07-24,0.925,0.797,1.061,0.869,0.977,rt,
nizi,2026-07-25,0.912,0.784,1.052,0.859,0.968,rt,
nizi,2026-07-26,0.901,0.765,1.047,0.847,0.96,rt,
nizi,2026-07-27,0.896,0.754,1.053,0.838,0.96,rt,
nizi,2026-07-28,0.893,0.758,1.04,0.841,0.955,rt,
nizi,2026-07-29,0.891,0.761,1.033,0.841,0.948,rt,
nizi,2026-07-30,0.891,0.759,1.029,0.836,0.943,rt,
nizi,2026-07-31,0.886,0.755,1.024,0.836,0.937,rt,
nizi,2026-08-01,0.882,0.754,1.019,0.831,0.936,rt,
nizi,2026-08-02,0.878,0.747,1.022,0.824,0.933,rt,
nizi,2026-08-03,0.869,0.729,1.027,0.809,0.931,rt,
nizi,2026-08-04,0.862,0.733,1.009,0.808,0.921,rt,
nizi,2026-08-05,0.857,0.731,0.991,0.803,0.91,rt,
nizi,2026-08-06,0.85,0.727,0.98,0.799,0.9,rt,
nizi,2026-08-07,0.844,0.722,0.969,0.791,0.891,rt,
nizi,2026-08-08,0.836,0.713,0.963,0.784,0.883,rt,
nizi,2026-08-09,0.828,0.697,0.963,0.773,0.88,rt,
nizi,2026-08-10,0.809,0.673,0.956,0.756,0.864,rt,
nizi,2026-08-11,0.792,0.664,0.926,0.739,0.842,rt,
nizi,2026-08-12,0.774,0.653,0.896,0.724,0.824,rt,
nizi,2026-08-13,0.756,0.637,0.875,0.707,0.805,rt,
nizi,2026-08-14,0.737,0.622,0.852,0.692,0.785,rt,
nizi,2026-08-15,0.717,0.606,0.835,0.672,0.768,rt,
nizi,2026-08-16,0.701,0.583,0.822,0.652,0.752,rt,
nizi,2026-08-17,0.692,0.567,0.824,0.641,0.745,rt,
nizi,2026-08-18,0.684,0.57,0.813,0.638,0.733,rt,
nizi,2026-08-19,0.676,0.566,0.805,0.632,0.723,rt,
nizi,2026-08-20,0.668,0.559,0.8,0.623,0.716,rt,
nizi,2026-08-21,0.661,0.556,0.789,0.619,0.708,rt,
nizi,2026-08-22,0.654,0.55,0.782,0.611,0.702,rt,
nizi,2026-08-23,0.648,0.534,0.779,0.601,0.699,rt,
nizi,2026-08-24,0.651,0.529,0.791,0.599,0.706,rt,
nizi,2026-08-25,0.654,0.537,0.79,0.606,0.706,rt,
nizi,2026-08-26,0.657,0.544,0.795,0.612,0.707,rt,
nizi,2026-08-27,0.662,0.548,0.797,0.615,0.712,rt,
nizi,2026-08-28,0.666,0.552,0.805,0.618,0.716,rt,
nizi,2026-08-29,0.671,0.549,0.81,0.619,0.719,rt,
nizi,2026-08-30,0.673,0.548,0.822,0.618,0.727,rt,
nizi,2026-08-31,0.666,0.529,0.826,0.609,0.725,rt,
nizi,2026-09-01,0.667,0.534,0.815,0.61,0.725,rt,
nizi,2026-09-02,0.667,0.535,0.811,0.611,0.724,rt,
nizi,2026-09-03,0.666,0.531,0.81,0.609,0.723,rt,
nizi,2026-09-04,0.666,0.529,0.806,0.607,0.719,rt,
nizi,2026-09-05,0.663,0.525,0.808,0.603,0.72,rt,
nizi,2026-09-06,0.658,0.516,0.809,0.596,0.718,rt,
nizi,2026-09-07,0.641,0.492,0.804,0.576,0.709,rt,
nizi,2026-09-08,0.622,0.48,0.779,0.558,0.687,rt,
nizi,2026-09-09,0.601,0.465,0.752,0.54,0.667,rt,
nizi,2026-09-10,0.579,0.445,0.733,0.521,0.648,rt,
nizi,2026-09-11,0.557,0.423,0.72,0.499,0.625,rt,
nizi,2026-09-12,0.536,0.398,0.708,0.476,0.604,rt,
nizi,2026-09-13,0.513,0.369,0.695,0.451,0.581,rt,
nizi,2026-09-14,0.492,0.341,0.685,0.427,0.566,rt,
nizi,2026-09-15,0.476,0.327,0.672,0.411,0.548,rt,
nizi,2026-09-16,0.462,0.313,0.649,0.395,0.531,rt,
nizi,2026-09-17,0.445,0.295,0.636,0.378,0.514,rt,
nizi,2026-09-18,0.425,0.275,0.627,0.359,0.5,rt,
nizi,2026-09-19,0.406,0.254,0.615,0.342,0.488,rt,
nizi,2026-09-20,0.389,0.234,0.61,0.32,0.474,rt,
nizi,2026-09-21,0.378,0.213,0.611,0.304,0.462,rt,
nizi,2026-09-22,0.372,0.205,0.613,0.299,0.457,rt,
nizi,2026-09-23,0.365,0.198,0.608,0.291,0.457,rt,
nizi,2026-09-24,0.359,0.19,0.609,0.286,0.454,rt,
nizi,2026-09-25,0.353,0.182,0.613,0.281,0.448,rt,
nizi,2026-09-26,0.35,0.174,0.615,0.275,0.446,rt,
nizi,2026-09-27,0.349,0.166,0.617,0.268,0.447,rt,
nyankunde,2026-04-24,1.984,1.338,3.465,1.689,2.383,rt,
nyankunde,2026-04-25,1.999,1.337,3.511,1.706,2.39,rt,
nyankunde,2026-04-26,2.008,1.33,3.496,1.711,2.413,rt,
nyankunde,2026-04-27,2.021,1.332,3.475,1.711,2.441,rt,
nyankunde,2026-04-28,2.028,1.357,3.394,1.729,2.428,rt,
nyankunde,2026-04-29,2.041,1.37,3.406,1.739,2.432,rt,
nyankunde,2026-04-30,2.063,1.392,3.336,1.745,2.431,rt,
nyankunde,2026-05-01,2.066,1.405,3.315,1.765,2.427,rt,
nyankunde,2026-05-02,2.072,1.417,3.34,1.777,2.446,rt,
nyankunde,2026-05-03,2.088,1.424,3.324,1.778,2.478,rt,
nyankunde,2026-05-04,2.1,1.417,3.318,1.78,2.512,rt,
nyankunde,2026-05-05,2.103,1.432,3.328,1.798,2.523,rt,
nyankunde,2026-05-06,2.117,1.431,3.293,1.815,2.533,rt,
nyankunde,2026-05-07,2.136,1.429,3.327,1.835,2.551,rt,
nyankunde,2026-05-08,2.141,1.447,3.311,1.845,2.55,rt,
nyankunde,2026-05-09,2.161,1.472,3.318,1.853,2.563,rt,
nyankunde,2026-05-10,2.178,1.471,3.295,1.861,2.574,rt,
nyankunde,2026-05-11,2.11,1.411,3.213,1.791,2.498,rt,
nyankunde,2026-05-12,2.045,1.404,3.087,1.761,2.406,rt,
nyankunde,2026-05-13,1.994,1.386,2.946,1.728,2.336,rt,
nyankunde,2026-05-14,1.949,1.364,2.853,1.684,2.279,rt,
nyankunde,2026-05-15,1.899,1.346,2.757,1.649,2.202,rt,
nyankunde,2026-05-16,1.853,1.321,2.685,1.606,2.138,rt,
nyankunde,2026-05-17,1.808,1.279,2.592,1.566,2.09,rt,
nyankunde,2026-05-18,1.774,1.245,2.572,1.534,2.06,rt,
nyankunde,2026-05-19,1.738,1.239,2.487,1.511,2.015,rt,
nyankunde,2026-05-20,1.704,1.229,2.427,1.496,1.971,rt,
nyankunde,2026-05-21,1.679,1.223,2.376,1.48,1.93,rt,
nyankunde,2026-05-22,1.644,1.206,2.312,1.451,1.878,rt,
nyankunde,2026-05-23,1.621,1.182,2.291,1.423,1.847,rt,
nyankunde,2026-05-24,1.592,1.144,2.27,1.393,1.809,rt,
nyankunde,2026-05-25,1.561,1.114,2.258,1.36,1.782,rt,
nyankunde,2026-05-26,1.524,1.109,2.153,1.335,1.726,rt,
nyankunde,2026-05-27,1.486,1.093,2.064,1.313,1.677,rt,
nyankunde,2026-05-28,1.453,1.072,1.994,1.284,1.631,rt,
nyankunde,2026-05-29,1.423,1.051,1.918,1.259,1.587,rt,
nyankunde,2026-05-30,1.388,1.03,1.871,1.236,1.554,rt,
nyankunde,2026-05-31,1.355,1.002,1.836,1.201,1.519,rt,
nyankunde,2026-06-01,1.331,0.97,1.825,1.181,1.501,rt,
nyankunde,2026-06-02,1.304,0.968,1.752,1.156,1.461,rt,
nyankunde,2026-06-03,1.267,0.957,1.692,1.138,1.419,rt,
nyankunde,2026-06-04,1.24,0.941,1.633,1.117,1.38,rt,
nyankunde,2026-06-05,1.21,0.919,1.584,1.093,1.344,rt,
nyankunde,2026-06-06,1.181,0.9,1.554,1.062,1.31,rt,
nyankunde,2026-06-07,1.154,0.873,1.527,1.032,1.281,rt,
nyankunde,2026-06-08,1.123,0.841,1.494,1.005,1.267,rt,
nyankunde,2026-06-09,1.091,0.836,1.419,0.982,1.221,rt,
nyankunde,2026-06-10,1.056,0.816,1.356,0.954,1.184,rt,
nyankunde,2026-06-11,1.023,0.793,1.304,0.926,1.144,rt,
nyankunde,2026-06-12,0.99,0.77,1.26,0.896,1.103,rt,
nyankunde,2026-06-13,0.961,0.743,1.217,0.862,1.066,rt,
nyankunde,2026-06-14,0.932,0.709,1.183,0.824,1.032,rt,
nyankunde,2026-06-15,0.901,0.67,1.166,0.795,1.005,rt,
nyankunde,2026-06-16,0.871,0.663,1.118,0.778,0.967,rt,
nyankunde,2026-06-17,0.842,0.649,1.071,0.756,0.937,rt,
nyankunde,2026-06-18,0.819,0.633,1.035,0.734,0.909,rt,
nyankunde,2026-06-19,0.796,0.613,0.997,0.712,0.88,rt,
nyankunde,2026-06-20,0.773,0.587,0.973,0.694,0.858,rt,
nyankunde,2026-06-21,0.749,0.564,0.961,0.667,0.838,rt,
nyankunde,2026-06-22,0.734,0.543,0.956,0.653,0.825,rt,
nyankunde,2026-06-23,0.73,0.548,0.935,0.651,0.815,rt,
nyankunde,2026-06-24,0.723,0.551,0.917,0.651,0.805,rt,
nyankunde,2026-06-25,0.718,0.547,0.913,0.647,0.799,rt,
nyankunde,2026-06-26,0.711,0.544,0.913,0.642,0.793,rt,
nyankunde,2026-06-27,0.704,0.534,0.913,0.636,0.788,rt,
nyankunde,2026-06-28,0.703,0.527,0.911,0.628,0.787,rt,
nyankunde,2026-06-29,0.684,0.503,0.903,0.607,0.771,rt,
nyankunde,2026-06-30,0.674,0.503,0.876,0.6,0.753,rt,
nyankunde,2026-07-01,0.665,0.5,0.86,0.593,0.738,rt,
nyankunde,2026-07-02,0.654,0.494,0.845,0.584,0.726,rt,
nyankunde,2026-07-03,0.645,0.486,0.827,0.576,0.717,rt,
nyankunde,2026-07-04,0.634,0.479,0.822,0.57,0.709,rt,
nyankunde,2026-07-05,0.627,0.466,0.825,0.561,0.701,rt,
nyankunde,2026-07-06,0.624,0.459,0.837,0.553,0.705,rt,
nyankunde,2026-07-07,0.63,0.472,0.833,0.564,0.708,rt,
nyankunde,2026-07-08,0.638,0.486,0.83,0.575,0.713,rt,
nyankunde,2026-07-09,0.647,0.493,0.832,0.579,0.716,rt,
nyankunde,2026-07-10,0.655,0.499,0.838,0.588,0.718,rt,
nyankunde,2026-07-11,0.66,0.505,0.849,0.596,0.727,rt,
nyankunde,2026-07-12,0.665,0.506,0.869,0.601,0.739,rt,
nyankunde,2026-07-13,0.667,0.501,0.883,0.6,0.744,rt,
nyankunde,2026-07-14,0.67,0.512,0.862,0.603,0.74,rt,
nyankunde,2026-07-15,0.67,0.523,0.851,0.607,0.737,rt,
nyankunde,2026-07-16,0.672,0.527,0.845,0.607,0.735,rt,
nyankunde,2026-07-17,0.674,0.529,0.843,0.608,0.736,rt,
nyankunde,2026-07-18,0.676,0.527,0.846,0.606,0.738,rt,
nyankunde,2026-07-19,0.675,0.523,0.859,0.602,0.745,rt,
nyankunde,2026-07-20,0.677,0.515,0.884,0.602,0.756,rt,
nyankunde,2026-07-21,0.678,0.525,0.874,0.607,0.756,rt,
nyankunde,2026-07-22,0.68,0.531,0.868,0.612,0.756,rt,
nyankunde,2026-07-23,0.683,0.533,0.87,0.615,0.755,rt,
nyankunde,2026-07-24,0.685,0.535,0.878,0.618,0.757,rt,
nyankunde,2026-07-25,0.687,0.53,0.882,0.618,0.762,rt,
nyankunde,2026-07-26,0.687,0.521,0.896,0.614,0.766,rt,
nyankunde,2026-07-27,0.694,0.52,0.922,0.617,0.777,rt,
nyankunde,2026-07-28,0.702,0.534,0.915,0.628,0.78,rt,
nyankunde,2026-07-29,0.708,0.54,0.919,0.634,0.786,rt,
nyankunde,2026-07-30,0.714,0.549,0.918,0.642,0.79,rt,
nyankunde,2026-07-31,0.719,0.556,0.92,0.646,0.795,rt,
nyankunde,2026-08-01,0.723,0.556,0.934,0.651,0.802,rt,
nyankunde,2026-08-02,0.725,0.551,0.957,0.653,0.808,rt,
nyankunde,2026-08-03,0.731,0.544,0.971,0.645,0.814,rt,
nyankunde,2026-08-04,0.733,0.55,0.956,0.65,0.817,rt,
nyankunde,2026-08-05,0.731,0.557,0.949,0.654,0.814,rt,
nyankunde,2026-08-06,0.733,0.556,0.949,0.655,0.817,rt,
nyankunde,2026-08-07,0.733,0.558,0.945,0.657,0.812,rt,
nyankunde,2026-08-08,0.735,0.553,0.952,0.657,0.815,rt,
nyankunde,2026-08-09,0.732,0.548,0.969,0.654,0.82,rt,
nyankunde,2026-08-10,0.72,0.536,0.966,0.644,0.815,rt,
nyankunde,2026-08-11,0.714,0.536,0.949,0.642,0.808,rt,
nyankunde,2026-08-12,0.711,0.532,0.931,0.634,0.801,rt,
nyankunde,2026-08-13,0.704,0.531,0.92,0.628,0.798,rt,
nyankunde,2026-08-14,0.697,0.531,0.91,0.621,0.789,rt,
nyankunde,2026-08-15,0.69,0.528,0.904,0.613,0.779,rt,
nyankunde,2026-08-16,0.685,0.517,0.909,0.605,0.774,rt,
nyankunde,2026-08-17,0.687,0.509,0.932,0.602,0.781,rt,
nyankunde,2026-08-18,0.688,0.518,0.93,0.607,0.777,rt,
nyankunde,2026-08-19,0.689,0.52,0.92,0.61,0.78,rt,
nyankunde,2026-08-20,0.691,0.518,0.921,0.613,0.783,rt,
nyankunde,2026-08-21,0.696,0.516,0.931,0.617,0.785,rt,
nyankunde,2026-08-22,0.695,0.518,0.928,0.62,0.789,rt,
nyankunde,2026-08-23,0.697,0.514,0.942,0.62,0.793,rt,
nyankunde,2026-08-24,0.708,0.516,0.965,0.628,0.808,rt,
nyankunde,2026-08-25,0.723,0.531,0.979,0.643,0.824,rt,
nyankunde,2026-08-26,0.74,0.546,0.996,0.656,0.836,rt,
nyankunde,2026-08-27,0.753,0.557,1.018,0.666,0.851,rt,
nyankunde,2026-08-28,0.767,0.564,1.037,0.678,0.869,rt,
nyankunde,2026-08-29,0.781,0.576,1.062,0.688,0.888,rt,
nyankunde,2026-08-30,0.793,0.58,1.091,0.694,0.908,rt,
nyankunde,2026-08-31,0.801,0.578,1.112,0.694,0.917,rt,
nyankunde,2026-09-01,0.806,0.587,1.118,0.703,0.92,rt,
nyankunde,2026-09-02,0.813,0.593,1.114,0.706,0.928,rt,
nyankunde,2026-09-03,0.816,0.59,1.124,0.71,0.938,rt,
nyankunde,2026-09-04,0.819,0.593,1.137,0.718,0.94,rt,
nyankunde,2026-09-05,0.824,0.59,1.155,0.719,0.946,rt,
nyankunde,2026-09-06,0.825,0.588,1.163,0.72,0.95,rt,
nyankunde,2026-09-07,0.812,0.569,1.162,0.705,0.937,rt,
nyankunde,2026-09-08,0.799,0.565,1.138,0.696,0.918,rt,
nyankunde,2026-09-09,0.786,0.556,1.118,0.683,0.901,rt,
nyankunde,2026-09-10,0.766,0.545,1.098,0.668,0.883,rt,
nyankunde,2026-09-11,0.748,0.532,1.084,0.654,0.864,rt,
nyankunde,2026-09-12,0.73,0.511,1.072,0.635,0.847,rt,
nyankunde,2026-09-13,0.708,0.488,1.055,0.612,0.834,rt,
nyankunde,2026-09-14,0.689,0.472,1.044,0.593,0.818,rt,
nyankunde,2026-09-15,0.673,0.461,1.013,0.577,0.796,rt,
nyankunde,2026-09-16,0.658,0.442,0.988,0.561,0.775,rt,
nyankunde,2026-09-17,0.641,0.425,0.966,0.541,0.752,rt,
nyankunde,2026-09-18,0.623,0.405,0.948,0.526,0.727,rt,
nyankunde,2026-09-19,0.6,0.387,0.929,0.505,0.71,rt,
nyankunde,2026-09-20,0.581,0.367,0.914,0.481,0.696,rt,
nyankunde,2026-09-21,0.567,0.349,0.922,0.465,0.686,rt,
nyankunde,2026-09-22,0.564,0.343,0.924,0.462,0.681,rt,
nyankunde,2026-09-23,0.561,0.333,0.905,0.455,0.676,rt,
nyankunde,2026-09-24,0.557,0.333,0.9,0.448,0.679,rt,
nyankunde,2026-09-25,0.554,0.323,0.904,0.446,0.674,rt,
nyankunde,2026-09-26,0.55,0.315,0.902,0.441,0.673,rt,
nyankunde,2026-09-27,0.544,0.305,0.907,0.433,0.671,rt,
rimba,2026-07-08,1.121,1.005,1.237,1.074,1.171,rt,
rimba,2026-07-09,1.119,1.0,1.239,1.07,1.169,rt,
rimba,2026-07-10,1.118,1.004,1.229,1.071,1.166,rt,
rimba,2026-07-11,1.116,1.004,1.223,1.07,1.161,rt,
rimba,2026-07-12,1.114,1.002,1.217,1.069,1.158,rt,
rimba,2026-07-13,1.102,0.985,1.207,1.055,1.144,rt,
rimba,2026-07-14,1.091,0.975,1.195,1.044,1.133,rt,
rimba,2026-07-15,1.08,0.967,1.188,1.034,1.123,rt,
rimba,2026-07-16,1.071,0.957,1.177,1.024,1.112,rt,
rimba,2026-07-17,1.059,0.952,1.161,1.017,1.1,rt,
rimba,2026-07-18,1.05,0.944,1.146,1.007,1.089,rt,
rimba,2026-07-19,1.04,0.934,1.137,0.996,1.079,rt,
rimba,2026-07-20,1.034,0.928,1.137,0.991,1.077,rt,
rimba,2026-07-21,1.03,0.924,1.135,0.987,1.074,rt,
rimba,2026-07-22,1.026,0.921,1.134,0.983,1.07,rt,
rimba,2026-07-23,1.023,0.915,1.134,0.977,1.066,rt,
rimba,2026-07-24,1.02,0.917,1.126,0.977,1.061,rt,
rimba,2026-07-25,1.017,0.913,1.12,0.975,1.056,rt,
rimba,2026-07-26,1.013,0.91,1.115,0.973,1.054,rt,
rimba,2026-07-27,1.017,0.914,1.121,0.975,1.06,rt,
rimba,2026-07-28,1.02,0.914,1.123,0.979,1.063,rt,
rimba,2026-07-29,1.023,0.918,1.13,0.981,1.068,rt,
rimba,2026-07-30,1.027,0.917,1.138,0.982,1.07,rt,
rimba,2026-07-31,1.03,0.926,1.136,0.985,1.069,rt,
rimba,2026-08-01,1.03,0.931,1.136,0.989,1.069,rt,
rimba,2026-08-02,1.031,0.932,1.137,0.99,1.072,rt,
rimba,2026-08-03,1.026,0.926,1.137,0.985,1.071,rt,
rimba,2026-08-04,1.024,0.923,1.133,0.98,1.067,rt,
rimba,2026-08-05,1.021,0.916,1.129,0.976,1.064,rt,
rimba,2026-08-06,1.017,0.909,1.13,0.971,1.062,rt,
rimba,2026-08-07,1.012,0.912,1.119,0.968,1.056,rt,
rimba,2026-08-08,1.007,0.91,1.11,0.965,1.048,rt,
rimba,2026-08-09,1.002,0.905,1.105,0.96,1.042,rt,
rimba,2026-08-10,0.985,0.887,1.088,0.944,1.026,rt,
rimba,2026-08-11,0.97,0.877,1.072,0.929,1.011,rt,
rimba,2026-08-12,0.956,0.864,1.055,0.917,0.998,rt,
rimba,2026-08-13,0.941,0.848,1.04,0.903,0.983,rt,
rimba,2026-08-14,0.927,0.837,1.019,0.89,0.966,rt,
rimba,2026-08-15,0.913,0.826,1.002,0.876,0.949,rt,
rimba,2026-08-16,0.898,0.81,0.987,0.862,0.935,rt,
rimba,2026-08-17,0.895,0.805,0.988,0.858,0.933,rt,
rimba,2026-08-18,0.894,0.804,0.989,0.857,0.933,rt,
rimba,2026-08-19,0.893,0.802,0.99,0.854,0.933,rt,
rimba,2026-08-20,0.892,0.797,0.991,0.85,0.933,rt,
rimba,2026-08-21,0.892,0.8,0.986,0.852,0.932,rt,
rimba,2026-08-22,0.891,0.801,0.983,0.852,0.931,rt,
rimba,2026-08-23,0.891,0.802,0.981,0.852,0.932,rt,
rimba,2026-08-24,0.903,0.809,0.998,0.863,0.945,rt,
rimba,2026-08-25,0.916,0.818,1.015,0.875,0.959,rt,
rimba,2026-08-26,0.929,0.824,1.031,0.885,0.972,rt,
rimba,2026-08-27,0.942,0.834,1.048,0.896,0.988,rt,
rimba,2026-08-28,0.954,0.846,1.058,0.909,0.998,rt,
rimba,2026-08-29,0.965,0.86,1.07,0.922,1.007,rt,
rimba,2026-08-30,0.977,0.872,1.082,0.933,1.019,rt,
rimba,2026-08-31,0.975,0.869,1.086,0.933,1.018,rt,
rimba,2026-09-01,0.978,0.868,1.092,0.934,1.02,rt,
rimba,2026-09-02,0.976,0.866,1.095,0.933,1.021,rt,
rimba,2026-09-03,0.976,0.858,1.096,0.93,1.025,rt,
rimba,2026-09-04,0.977,0.863,1.088,0.931,1.023,rt,
rimba,2026-09-05,0.976,0.867,1.085,0.931,1.021,rt,
rimba,2026-09-06,0.974,0.865,1.087,0.927,1.019,rt,
rimba,2026-09-07,0.952,0.84,1.07,0.905,1.0,rt,
rimba,2026-09-08,0.93,0.817,1.053,0.886,0.98,rt,
rimba,2026-09-09,0.909,0.792,1.04,0.862,0.962,rt,
rimba,2026-09-10,0.888,0.763,1.029,0.836,0.944,rt,
rimba,2026-09-11,0.865,0.743,1.013,0.813,0.921,rt,
rimba,2026-09-12,0.844,0.717,0.994,0.787,0.9,rt,
rimba,2026-09-13,0.819,0.688,0.972,0.757,0.879,rt,
rimba,2026-09-14,0.798,0.658,0.959,0.732,0.863,rt,
rimba,2026-09-15,0.781,0.63,0.953,0.712,0.849,rt,
rimba,2026-09-16,0.761,0.6,0.941,0.69,0.833,rt,
rimba,2026-09-17,0.744,0.575,0.933,0.667,0.815,rt,
rimba,2026-09-18,0.723,0.551,0.917,0.648,0.799,rt,
rimba,2026-09-19,0.703,0.522,0.908,0.628,0.783,rt,
rimba,2026-09-20,0.681,0.492,0.896,0.608,0.763,rt,
rimba,2026-09-21,0.67,0.473,0.896,0.594,0.76,rt,
rimba,2026-09-22,0.663,0.46,0.899,0.587,0.758,rt,
rimba,2026-09-23,0.659,0.45,0.9,0.581,0.757,rt,
rimba,2026-09-24,0.655,0.439,0.902,0.573,0.753,rt,
rimba,2026-09-25,0.653,0.438,0.889,0.567,0.745,rt,
rimba,2026-09-26,0.648,0.435,0.882,0.565,0.738,rt,
rimba,2026-09-27,0.646,0.433,0.874,0.564,0.73,rt,
rwampara,2026-04-20,1.973,1.473,3.22,1.745,2.326,rt,
rwampara,2026-04-21,1.992,1.507,3.199,1.773,2.336,rt,
rwampara,2026-04-22,2.017,1.526,3.144,1.788,2.34,rt,
rwampara,2026-04-23,2.034,1.548,3.091,1.806,2.335,rt,
rwampara,2026-04-24,2.056,1.561,3.075,1.823,2.351,rt,
rwampara,2026-04-25,2.073,1.56,3.067,1.831,2.361,rt,
rwampara,2026-04-26,2.077,1.571,3.056,1.837,2.386,rt,
rwampara,2026-04-27,2.08,1.558,3.019,1.845,2.395,rt,
rwampara,2026-04-28,2.099,1.568,3.009,1.853,2.398,rt,
rwampara,2026-04-29,2.124,1.574,3.058,1.854,2.402,rt,
rwampara,2026-04-30,2.131,1.581,3.077,1.86,2.417,rt,
rwampara,2026-05-01,2.132,1.575,3.05,1.864,2.423,rt,
rwampara,2026-05-02,2.142,1.574,3.049,1.872,2.429,rt,
rwampara,2026-05-03,2.153,1.576,3.077,1.879,2.443,rt,
rwampara,2026-05-04,2.164,1.547,3.101,1.88,2.468,rt,
rwampara,2026-05-05,2.168,1.556,3.103,1.888,2.475,rt,
rwampara,2026-05-06,2.185,1.555,3.073,1.907,2.491,rt,
rwampara,2026-05-07,2.203,1.574,3.071,1.919,2.51,rt,
rwampara,2026-05-08,2.202,1.605,3.072,1.933,2.515,rt,
rwampara,2026-05-09,2.207,1.623,3.044,1.943,2.523,rt,
rwampara,2026-05-10,2.22,1.639,3.05,1.948,2.533,rt,
rwampara,2026-05-11,2.154,1.564,2.952,1.881,2.455,rt,
rwampara,2026-05-12,2.104,1.556,2.83,1.84,2.377,rt,
rwampara,2026-05-13,2.05,1.523,2.73,1.799,2.301,rt,
rwampara,2026-05-14,2.003,1.5,2.635,1.77,2.245,rt,
rwampara,2026-05-15,1.955,1.472,2.573,1.745,2.174,rt,
rwampara,2026-05-16,1.905,1.438,2.485,1.704,2.116,rt,
rwampara,2026-05-17,1.859,1.41,2.432,1.671,2.061,rt,
rwampara,2026-05-18,1.824,1.365,2.4,1.635,2.026,rt,
rwampara,2026-05-19,1.794,1.381,2.338,1.617,1.985,rt,
rwampara,2026-05-20,1.771,1.383,2.288,1.603,1.947,rt,
rwampara,2026-05-21,1.744,1.382,2.24,1.58,1.914,rt,
rwampara,2026-05-22,1.72,1.369,2.185,1.57,1.878,rt,
rwampara,2026-05-23,1.692,1.362,2.14,1.549,1.853,rt,
rwampara,2026-05-24,1.669,1.341,2.095,1.528,1.83,rt,
rwampara,2026-05-25,1.644,1.303,2.057,1.495,1.806,rt,
rwampara,2026-05-26,1.613,1.303,1.975,1.475,1.758,rt,
rwampara,2026-05-27,1.577,1.292,1.913,1.451,1.715,rt,
rwampara,2026-05-28,1.547,1.275,1.858,1.428,1.674,rt,
rwampara,2026-05-29,1.517,1.262,1.804,1.405,1.638,rt,
rwampara,2026-05-30,1.488,1.244,1.779,1.38,1.602,rt,
rwampara,2026-05-31,1.457,1.219,1.75,1.353,1.568,rt,
rwampara,2026-06-01,1.437,1.186,1.742,1.328,1.551,rt,
rwampara,2026-06-02,1.43,1.197,1.707,1.331,1.536,rt,
rwampara,2026-06-03,1.423,1.197,1.682,1.328,1.518,rt,
rwampara,2026-06-04,1.415,1.199,1.654,1.319,1.506,rt,
rwampara,2026-06-05,1.401,1.19,1.635,1.314,1.491,rt,
rwampara,2026-06-06,1.385,1.175,1.622,1.304,1.479,rt,
rwampara,2026-06-07,1.373,1.151,1.619,1.289,1.468,rt,
rwampara,2026-06-08,1.364,1.138,1.621,1.275,1.462,rt,
rwampara,2026-06-09,1.355,1.15,1.595,1.273,1.447,rt,
rwampara,2026-06-10,1.348,1.152,1.575,1.267,1.435,rt,
rwampara,2026-06-11,1.34,1.158,1.561,1.263,1.42,rt,
rwampara,2026-06-12,1.326,1.149,1.538,1.252,1.409,rt,
rwampara,2026-06-13,1.315,1.139,1.527,1.238,1.395,rt,
rwampara,2026-06-14,1.299,1.119,1.518,1.218,1.384,rt,
rwampara,2026-06-15,1.287,1.101,1.522,1.202,1.383,rt,
rwampara,2026-06-16,1.27,1.099,1.481,1.192,1.358,rt,
rwampara,2026-06-17,1.249,1.087,1.445,1.18,1.332,rt,
rwampara,2026-06-18,1.233,1.075,1.416,1.165,1.308,rt,
rwampara,2026-06-19,1.216,1.065,1.383,1.154,1.282,rt,
rwampara,2026-06-20,1.199,1.045,1.363,1.135,1.263,rt,
rwampara,2026-06-21,1.18,1.019,1.351,1.117,1.246,rt,
rwampara,2026-06-22,1.174,1.0,1.362,1.107,1.248,rt,
rwampara,2026-06-23,1.171,1.006,1.345,1.106,1.236,rt,
rwampara,2026-06-24,1.167,1.009,1.337,1.101,1.229,rt,
rwampara,2026-06-25,1.161,1.005,1.333,1.095,1.223,rt,
rwampara,2026-06-26,1.154,1.005,1.321,1.094,1.218,rt,
rwampara,2026-06-27,1.15,0.994,1.318,1.087,1.212,rt,
rwampara,2026-06-28,1.145,0.983,1.323,1.077,1.211,rt,
rwampara,2026-06-29,1.116,0.949,1.305,1.044,1.187,rt,
rwampara,2026-06-30,1.1,0.949,1.269,1.037,1.165,rt,
rwampara,2026-07-01,1.086,0.942,1.243,1.026,1.146,rt,
rwampara,2026-07-02,1.072,0.934,1.225,1.01,1.132,rt,
rwampara,2026-07-03,1.059,0.926,1.206,1.0,1.115,rt,
rwampara,2026-07-04,1.048,0.914,1.191,0.989,1.105,rt,
rwampara,2026-07-05,1.036,0.897,1.183,0.975,1.097,rt,
rwampara,2026-07-06,1.036,0.886,1.199,0.968,1.098,rt,
rwampara,2026-07-07,1.037,0.901,1.195,0.975,1.097,rt,
rwampara,2026-07-08,1.038,0.91,1.192,0.981,1.098,rt,
rwampara,2026-07-09,1.042,0.913,1.199,0.989,1.103,rt,
rwampara,2026-07-10,1.045,0.917,1.203,0.993,1.107,rt,
rwampara,2026-07-11,1.048,0.917,1.208,0.993,1.109,rt,
rwampara,2026-07-12,1.052,0.917,1.224,0.993,1.122,rt,
rwampara,2026-07-13,1.045,0.897,1.243,0.979,1.121,rt,
rwampara,2026-07-14,1.028,0.892,1.211,0.967,1.1,rt,
rwampara,2026-07-15,1.012,0.881,1.185,0.955,1.077,rt,
rwampara,2026-07-16,0.997,0.873,1.165,0.941,1.058,rt,
rwampara,2026-07-17,0.98,0.859,1.141,0.924,1.042,rt,
rwampara,2026-07-18,0.962,0.843,1.125,0.908,1.026,rt,
rwampara,2026-07-19,0.949,0.822,1.114,0.89,1.013,rt,
rwampara,2026-07-20,0.94,0.8,1.12,0.876,1.01,rt,
rwampara,2026-07-21,0.926,0.793,1.088,0.864,0.99,rt,
rwampara,2026-07-22,0.911,0.783,1.059,0.853,0.968,rt,
rwampara,2026-07-23,0.896,0.77,1.039,0.839,0.951,rt,
rwampara,2026-07-24,0.88,0.761,1.014,0.827,0.935,rt,
rwampara,2026-07-25,0.866,0.744,0.999,0.812,0.919,rt,
rwampara,2026-07-26,0.853,0.722,0.986,0.795,0.905,rt,
rwampara,2026-07-27,0.844,0.705,0.986,0.783,0.902,rt,
rwampara,2026-07-28,0.836,0.71,0.967,0.784,0.892,rt,
rwampara,2026-07-29,0.828,0.71,0.958,0.779,0.882,rt,
rwampara,2026-07-30,0.823,0.708,0.948,0.776,0.875,rt,
rwampara,2026-07-31,0.815,0.702,0.939,0.772,0.868,rt,
rwampara,2026-08-01,0.809,0.693,0.933,0.763,0.862,rt,
rwampara,2026-08-02,0.804,0.677,0.938,0.751,0.857,rt,
rwampara,2026-08-03,0.793,0.657,0.937,0.736,0.851,rt,
rwampara,2026-08-04,0.785,0.66,0.924,0.734,0.842,rt,
rwampara,2026-08-05,0.78,0.66,0.916,0.731,0.834,rt,
rwampara,2026-08-06,0.775,0.655,0.907,0.724,0.826,rt,
rwampara,2026-08-07,0.77,0.648,0.903,0.719,0.82,rt,
rwampara,2026-08-08,0.763,0.639,0.901,0.713,0.816,rt,
rwampara,2026-08-09,0.757,0.626,0.9,0.704,0.811,rt,
rwampara,2026-08-10,0.742,0.604,0.894,0.688,0.801,rt,
rwampara,2026-08-11,0.734,0.606,0.871,0.683,0.788,rt,
rwampara,2026-08-12,0.725,0.607,0.85,0.673,0.777,rt,
rwampara,2026-08-13,0.718,0.599,0.838,0.666,0.765,rt,
rwampara,2026-08-14,0.708,0.593,0.826,0.659,0.755,rt,
rwampara,2026-08-15,0.697,0.583,0.817,0.65,0.745,rt,
rwampara,2026-08-16,0.687,0.571,0.812,0.639,0.737,rt,
rwampara,2026-08-17,0.687,0.561,0.821,0.636,0.739,rt,
rwampara,2026-08-18,0.69,0.571,0.82,0.642,0.739,rt,
rwampara,2026-08-19,0.692,0.576,0.818,0.644,0.741,rt,
rwampara,2026-08-20,0.694,0.58,0.817,0.644,0.744,rt,
rwampara,2026-08-21,0.697,0.585,0.815,0.649,0.748,rt,
rwampara,2026-08-22,0.701,0.588,0.822,0.65,0.751,rt,
rwampara,2026-08-23,0.702,0.586,0.832,0.652,0.755,rt,
rwampara,2026-08-24,0.714,0.59,0.855,0.66,0.771,rt,
rwampara,2026-08-25,0.731,0.61,0.869,0.679,0.786,rt,
rwampara,2026-08-26,0.747,0.621,0.884,0.696,0.802,rt,
rwampara,2026-08-27,0.763,0.632,0.908,0.711,0.819,rt,
rwampara,2026-08-28,0.778,0.647,0.924,0.725,0.836,rt,
rwampara,2026-08-29,0.795,0.657,0.945,0.739,0.855,rt,
rwampara,2026-08-30,0.81,0.668,0.975,0.75,0.873,rt,
rwampara,2026-08-31,0.815,0.661,0.997,0.749,0.882,rt,
rwampara,2026-09-01,0.822,0.674,0.993,0.759,0.888,rt,
rwampara,2026-09-02,0.83,0.683,0.995,0.769,0.893,rt,
rwampara,2026-09-03,0.834,0.686,1.004,0.772,0.901,rt,
rwampara,2026-09-04,0.838,0.687,1.013,0.774,0.904,rt,
rwampara,2026-09-05,0.841,0.687,1.03,0.777,0.909,rt,
rwampara,2026-09-06,0.842,0.68,1.044,0.775,0.917,rt,
rwampara,2026-09-07,0.825,0.651,1.048,0.753,0.91,rt,
rwampara,2026-09-08,0.804,0.635,1.02,0.735,0.885,rt,
rwampara,2026-09-09,0.781,0.613,1.002,0.712,0.861,rt,
rwampara,2026-09-10,0.761,0.594,0.977,0.686,0.837,rt,
rwampara,2026-09-11,0.735,0.568,0.953,0.661,0.812,rt,
rwampara,2026-09-12,0.709,0.532,0.937,0.631,0.792,rt,
rwampara,2026-09-13,0.681,0.501,0.923,0.602,0.767,rt,
rwampara,2026-09-14,0.655,0.468,0.915,0.572,0.748,rt,
rwampara,2026-09-15,0.633,0.444,0.886,0.55,0.724,rt,
rwampara,2026-09-16,0.61,0.418,0.862,0.527,0.7,rt,
rwampara,2026-09-17,0.587,0.393,0.842,0.503,0.677,rt,
rwampara,2026-09-18,0.564,0.371,0.819,0.478,0.655,rt,
rwampara,2026-09-19,0.54,0.339,0.805,0.453,0.636,rt,
rwampara,2026-09-20,0.515,0.31,0.783,0.426,0.617,rt,
rwampara,2026-09-21,0.496,0.286,0.788,0.406,0.603,rt,
rwampara,2026-09-22,0.489,0.282,0.78,0.399,0.598,rt,
rwampara,2026-09-23,0.48,0.267,0.778,0.389,0.594,rt,
rwampara,2026-09-24,0.473,0.252,0.78,0.381,0.59,rt,
rwampara,2026-09-25,0.464,0.246,0.773,0.369,0.584,rt,
rwampara,2026-09-26,0.459,0.232,0.778,0.358,0.575,rt,
rwampara,2026-09-27,0.451,0.221,0.782,0.347,0.573,rt,
tchomia,2026-06-07,1.948,1.45,2.61,1.741,2.182,rt,
tchomia,2026-06-08,1.936,1.44,2.617,1.714,2.176,rt,
tchomia,2026-06-09,1.918,1.443,2.55,1.708,2.155,rt,
tchomia,2026-06-10,1.896,1.432,2.492,1.703,2.128,rt,
tchomia,2026-06-11,1.879,1.426,2.461,1.686,2.098,rt,
tchomia,2026-06-12,1.858,1.42,2.426,1.67,2.069,rt,
tchomia,2026-06-13,1.832,1.401,2.386,1.649,2.046,rt,
tchomia,2026-06-14,1.8,1.364,2.375,1.62,2.015,rt,
tchomia,2026-06-15,1.78,1.332,2.382,1.589,2.0,rt,
tchomia,2026-06-16,1.738,1.318,2.273,1.564,1.938,rt,
tchomia,2026-06-17,1.699,1.312,2.185,1.537,1.882,rt,
tchomia,2026-06-18,1.668,1.273,2.114,1.497,1.831,rt,
tchomia,2026-06-19,1.629,1.246,2.057,1.465,1.786,rt,
tchomia,2026-06-20,1.588,1.221,2.013,1.435,1.753,rt,
tchomia,2026-06-21,1.545,1.187,1.975,1.394,1.719,rt,
tchomia,2026-06-22,1.53,1.155,1.979,1.368,1.7,rt,
tchomia,2026-06-23,1.508,1.161,1.932,1.36,1.669,rt,
tchomia,2026-06-24,1.491,1.154,1.888,1.344,1.64,rt,
tchomia,2026-06-25,1.472,1.154,1.867,1.324,1.619,rt,
tchomia,2026-06-26,1.445,1.135,1.846,1.31,1.597,rt,
tchomia,2026-06-27,1.426,1.12,1.827,1.294,1.58,rt,
tchomia,2026-06-28,1.408,1.094,1.81,1.271,1.568,rt,
tchomia,2026-06-29,1.362,1.041,1.769,1.218,1.517,rt,
tchomia,2026-06-30,1.324,1.031,1.7,1.193,1.469,rt,
tchomia,2026-07-01,1.296,1.007,1.637,1.17,1.426,rt,
tchomia,2026-07-02,1.263,0.989,1.585,1.148,1.385,rt,
tchomia,2026-07-03,1.229,0.973,1.544,1.122,1.352,rt,
tchomia,2026-07-04,1.199,0.945,1.512,1.092,1.321,rt,
tchomia,2026-07-05,1.171,0.916,1.488,1.062,1.294,rt,
tchomia,2026-07-06,1.156,0.89,1.486,1.042,1.279,rt,
tchomia,2026-07-07,1.144,0.889,1.443,1.037,1.258,rt,
tchomia,2026-07-08,1.13,0.884,1.411,1.029,1.243,rt,
tchomia,2026-07-09,1.114,0.881,1.389,1.02,1.23,rt,
tchomia,2026-07-10,1.103,0.874,1.371,1.006,1.213,rt,
tchomia,2026-07-11,1.09,0.859,1.354,0.99,1.204,rt,
tchomia,2026-07-12,1.081,0.843,1.35,0.976,1.192,rt,
tchomia,2026-07-13,1.056,0.815,1.339,0.951,1.175,rt,
tchomia,2026-07-14,1.041,0.813,1.299,0.941,1.146,rt,
tchomia,2026-07-15,1.023,0.807,1.267,0.927,1.122,rt,
tchomia,2026-07-16,1.009,0.796,1.239,0.913,1.097,rt,
tchomia,2026-07-17,0.994,0.784,1.221,0.901,1.078,rt,
tchomia,2026-07-18,0.977,0.765,1.216,0.881,1.065,rt,
tchomia,2026-07-19,0.962,0.746,1.212,0.862,1.051,rt,
tchomia,2026-07-20,0.95,0.731,1.221,0.842,1.049,rt,
tchomia,2026-07-21,0.943,0.734,1.201,0.842,1.037,rt,
tchomia,2026-07-22,0.935,0.735,1.179,0.841,1.031,rt,
tchomia,2026-07-23,0.93,0.738,1.17,0.844,1.024,rt,
tchomia,2026-07-24,0.922,0.734,1.166,0.841,1.013,rt,
tchomia,2026-07-25,0.918,0.726,1.164,0.838,1.011,rt,
tchomia,2026-07-26,0.914,0.714,1.167,0.83,1.012,rt,
tchomia,2026-07-27,0.912,0.709,1.183,0.824,1.02,rt,
tchomia,2026-07-28,0.919,0.723,1.161,0.829,1.013,rt,
tchomia,2026-07-29,0.923,0.73,1.156,0.832,1.015,rt,
tchomia,2026-07-30,0.924,0.734,1.147,0.833,1.016,rt,
tchomia,2026-07-31,0.926,0.736,1.145,0.838,1.014,rt,
tchomia,2026-08-01,0.925,0.735,1.159,0.837,1.014,rt,
tchomia,2026-08-02,0.926,0.727,1.172,0.836,1.015,rt,
tchomia,2026-08-03,0.922,0.71,1.192,0.829,1.019,rt,
tchomia,2026-08-04,0.922,0.719,1.172,0.833,1.014,rt,
tchomia,2026-08-05,0.924,0.724,1.161,0.836,1.011,rt,
tchomia,2026-08-06,0.92,0.721,1.157,0.836,1.014,rt,
tchomia,2026-08-07,0.921,0.721,1.151,0.836,1.013,rt,
tchomia,2026-08-08,0.92,0.717,1.149,0.833,1.016,rt,
tchomia,2026-08-09,0.922,0.71,1.156,0.829,1.02,rt,
tchomia,2026-08-10,0.907,0.692,1.153,0.814,1.012,rt,
tchomia,2026-08-11,0.896,0.692,1.131,0.809,0.995,rt,
tchomia,2026-08-12,0.887,0.687,1.119,0.801,0.979,rt,
tchomia,2026-08-13,0.876,0.687,1.104,0.79,0.968,rt,
tchomia,2026-08-14,0.866,0.675,1.09,0.779,0.957,rt,
tchomia,2026-08-15,0.856,0.663,1.084,0.768,0.949,rt,
tchomia,2026-08-16,0.845,0.647,1.082,0.752,0.943,rt,
tchomia,2026-08-17,0.845,0.637,1.097,0.744,0.949,rt,
tchomia,2026-08-18,0.846,0.646,1.092,0.752,0.95,rt,
tchomia,2026-08-19,0.845,0.652,1.088,0.758,0.948,rt,
tchomia,2026-08-20,0.842,0.65,1.086,0.76,0.948,rt,
tchomia,2026-08-21,0.847,0.654,1.095,0.763,0.949,rt,
tchomia,2026-08-22,0.852,0.652,1.111,0.762,0.952,rt,
tchomia,2026-08-23,0.853,0.647,1.127,0.759,0.958,rt,
tchomia,2026-08-24,0.865,0.65,1.161,0.765,0.979,rt,
tchomia,2026-08-25,0.881,0.661,1.163,0.782,0.99,rt,
tchomia,2026-08-26,0.896,0.674,1.181,0.796,1.0,rt,
tchomia,2026-08-27,0.901,0.689,1.194,0.81,1.008,rt,
tchomia,2026-08-28,0.914,0.702,1.217,0.823,1.026,rt,
tchomia,2026-08-29,0.923,0.711,1.246,0.83,1.038,rt,
tchomia,2026-08-30,0.936,0.712,1.268,0.835,1.053,rt,
tchomia,2026-08-31,0.933,0.703,1.272,0.832,1.058,rt,
tchomia,2026-09-01,0.928,0.698,1.253,0.829,1.05,rt,
tchomia,2026-09-02,0.923,0.697,1.248,0.825,1.038,rt,
tchomia,2026-09-03,0.916,0.688,1.217,0.819,1.03,rt,
tchomia,2026-09-04,0.909,0.678,1.201,0.807,1.02,rt,
tchomia,2026-09-05,0.901,0.665,1.195,0.798,1.016,rt,
tchomia,2026-09-06,0.892,0.648,1.203,0.782,1.009,rt,
tchomia,2026-09-07,0.865,0.619,1.186,0.752,0.982,rt,
tchomia,2026-09-08,0.838,0.599,1.152,0.728,0.944,rt,
tchomia,2026-09-09,0.805,0.577,1.117,0.702,0.913,rt,
tchomia,2026-09-10,0.775,0.548,1.082,0.674,0.88,rt,
tchomia,2026-09-11,0.742,0.521,1.047,0.645,0.848,rt,
tchomia,2026-09-12,0.71,0.494,1.011,0.614,0.816,rt,
tchomia,2026-09-13,0.676,0.463,0.975,0.581,0.785,rt,
tchomia,2026-09-14,0.646,0.435,0.958,0.549,0.754,rt,
tchomia,2026-09-15,0.626,0.418,0.933,0.53,0.733,rt,
tchomia,2026-09-16,0.604,0.399,0.903,0.508,0.712,rt,
tchomia,2026-09-17,0.58,0.377,0.87,0.487,0.697,rt,
tchomia,2026-09-18,0.56,0.358,0.849,0.464,0.674,rt,
tchomia,2026-09-19,0.539,0.332,0.836,0.441,0.653,rt,
tchomia,2026-09-20,0.515,0.305,0.82,0.418,0.627,rt,
tchomia,2026-09-21,0.5,0.282,0.814,0.402,0.616,rt,
tchomia,2026-09-22,0.492,0.277,0.808,0.394,0.611,rt,
tchomia,2026-09-23,0.485,0.269,0.797,0.391,0.605,rt,
tchomia,2026-09-24,0.48,0.258,0.805,0.38,0.602,rt,
tchomia,2026-09-25,0.473,0.248,0.796,0.376,0.592,rt,
tchomia,2026-09-26,0.466,0.238,0.803,0.37,0.59,rt,
tchomia,2026-09-27,0.457,0.23,0.798,0.364,0.59,rt,
beni,2026-05-23,2.658,1.818,3.764,2.308,3.056,rt,
beni,2026-05-24,2.584,1.758,3.666,2.236,2.97,rt,
beni,2026-05-25,2.478,1.693,3.562,2.138,2.877,rt,
beni,2026-05-26,2.386,1.65,3.364,2.078,2.753,rt,
beni,2026-05-27,2.298,1.608,3.227,2.008,2.651,rt,
beni,2026-05-28,2.221,1.557,3.088,1.94,2.544,rt,
beni,2026-05-29,2.142,1.513,2.969,1.873,2.445,rt,
beni,2026-05-30,2.071,1.47,2.838,1.805,2.365,rt,
beni,2026-05-31,2.004,1.406,2.766,1.743,2.289,rt,
beni,2026-06-01,1.926,1.332,2.699,1.682,2.224,rt,
beni,2026-06-02,1.874,1.309,2.579,1.635,2.146,rt,
beni,2026-06-03,1.819,1.278,2.475,1.582,2.08,rt,
beni,2026-06-04,1.762,1.252,2.391,1.531,2.015,rt,
beni,2026-06-05,1.708,1.237,2.304,1.488,1.951,rt,
beni,2026-06-06,1.652,1.204,2.233,1.45,1.88,rt,
beni,2026-06-07,1.599,1.162,2.192,1.405,1.827,rt,
beni,2026-06-08,1.566,1.115,2.17,1.358,1.788,rt,
beni,2026-06-09,1.526,1.116,2.081,1.339,1.731,rt,
beni,2026-06-10,1.488,1.095,2.003,1.31,1.683,rt,
beni,2026-06-11,1.458,1.081,1.951,1.291,1.636,rt,
beni,2026-06-12,1.422,1.067,1.886,1.259,1.593,rt,
beni,2026-06-13,1.387,1.048,1.837,1.238,1.546,rt,
beni,2026-06-14,1.353,1.019,1.795,1.209,1.514,rt,
beni,2026-06-15,1.331,0.992,1.781,1.186,1.497,rt,
beni,2026-06-16,1.31,0.992,1.724,1.175,1.462,rt,
beni,2026-06-17,1.289,0.981,1.683,1.16,1.439,rt,
beni,2026-06-18,1.268,0.971,1.655,1.14,1.417,rt,
beni,2026-06-19,1.249,0.967,1.623,1.124,1.391,rt,
beni,2026-06-20,1.233,0.954,1.6,1.103,1.367,rt,
beni,2026-06-21,1.215,0.921,1.582,1.082,1.347,rt,
beni,2026-06-22,1.216,0.908,1.612,1.081,1.362,rt,
beni,2026-06-23,1.218,0.926,1.587,1.093,1.361,rt,
beni,2026-06-24,1.222,0.942,1.575,1.099,1.364,rt,
beni,2026-06-25,1.225,0.948,1.584,1.104,1.371,rt,
beni,2026-06-26,1.232,0.965,1.575,1.112,1.369,rt,
beni,2026-06-27,1.238,0.958,1.579,1.113,1.375,rt,
beni,2026-06-28,1.244,0.956,1.603,1.118,1.385,rt,
beni,2026-06-29,1.233,0.928,1.601,1.103,1.378,rt,
beni,2026-06-30,1.24,0.952,1.578,1.11,1.373,rt,
beni,2026-07-01,1.238,0.966,1.568,1.116,1.372,rt,
beni,2026-07-02,1.241,0.97,1.554,1.119,1.374,rt,
beni,2026-07-03,1.243,0.977,1.543,1.128,1.372,rt,
beni,2026-07-04,1.242,0.977,1.557,1.135,1.367,rt,
beni,2026-07-05,1.245,0.972,1.575,1.132,1.368,rt,
beni,2026-07-06,1.257,0.961,1.627,1.137,1.395,rt,
beni,2026-07-07,1.277,0.999,1.617,1.159,1.402,rt,
beni,2026-07-08,1.293,1.026,1.619,1.176,1.413,rt,
beni,2026-07-09,1.311,1.039,1.636,1.185,1.434,rt,
beni,2026-07-10,1.33,1.052,1.649,1.203,1.451,rt,
beni,2026-07-11,1.346,1.06,1.679,1.216,1.477,rt,
beni,2026-07-12,1.366,1.05,1.72,1.226,1.502,rt,
beni,2026-07-13,1.364,1.038,1.781,1.225,1.525,rt,
beni,2026-07-14,1.372,1.065,1.753,1.238,1.521,rt,
beni,2026-07-15,1.38,1.088,1.742,1.249,1.523,rt,
beni,2026-07-16,1.389,1.1,1.727,1.258,1.521,rt,
beni,2026-07-17,1.393,1.12,1.736,1.268,1.53,rt,
beni,2026-07-18,1.4,1.127,1.751,1.276,1.536,rt,
beni,2026-07-19,1.405,1.129,1.76,1.274,1.541,rt,
beni,2026-07-20,1.416,1.114,1.798,1.273,1.56,rt,
beni,2026-07-21,1.412,1.133,1.764,1.285,1.547,rt,
beni,2026-07-22,1.405,1.137,1.747,1.292,1.542,rt,
beni,2026-07-23,1.406,1.143,1.746,1.294,1.543,rt,
beni,2026-07-24,1.408,1.147,1.736,1.294,1.527,rt,
beni,2026-07-25,1.4,1.147,1.729,1.292,1.532,rt,
beni,2026-07-26,1.397,1.126,1.739,1.284,1.543,rt,
beni,2026-07-27,1.411,1.109,1.792,1.284,1.571,rt,
beni,2026-07-28,1.424,1.131,1.777,1.302,1.565,rt,
beni,2026-07-29,1.436,1.15,1.771,1.314,1.571,rt,
beni,2026-07-30,1.446,1.164,1.788,1.321,1.571,rt,
beni,2026-07-31,1.452,1.184,1.775,1.339,1.573,rt,
beni,2026-08-01,1.461,1.194,1.78,1.349,1.585,rt,
beni,2026-08-02,1.468,1.184,1.81,1.352,1.599,rt,
beni,2026-08-03,1.474,1.176,1.847,1.351,1.618,rt,
beni,2026-08-04,1.483,1.2,1.827,1.367,1.613,rt,
beni,2026-08-05,1.491,1.22,1.814,1.378,1.614,rt,
beni,2026-08-06,1.502,1.236,1.825,1.386,1.629,rt,
beni,2026-08-07,1.507,1.245,1.822,1.398,1.635,rt,
beni,2026-08-08,1.523,1.259,1.822,1.403,1.648,rt,
beni,2026-08-09,1.535,1.248,1.855,1.404,1.664,rt,
beni,2026-08-10,1.533,1.221,1.889,1.399,1.675,rt,
beni,2026-08-11,1.538,1.24,1.868,1.41,1.66,rt,
beni,2026-08-12,1.537,1.252,1.851,1.417,1.655,rt,
beni,2026-08-13,1.533,1.261,1.842,1.418,1.654,rt,
beni,2026-08-14,1.536,1.273,1.841,1.422,1.656,rt,
beni,2026-08-15,1.536,1.267,1.837,1.422,1.657,rt,
beni,2026-08-16,1.536,1.252,1.856,1.42,1.669,rt,
beni,2026-08-17,1.551,1.235,1.895,1.423,1.684,rt,
beni,2026-08-18,1.569,1.261,1.899,1.446,1.688,rt,
beni,2026-08-19,1.583,1.277,1.909,1.464,1.697,rt,
beni,2026-08-20,1.595,1.29,1.928,1.476,1.712,rt,
beni,2026-08-21,1.613,1.319,1.92,1.498,1.713,rt,
beni,2026-08-22,1.626,1.342,1.92,1.511,1.729,rt,
beni,2026-08-23,1.636,1.348,1.938,1.519,1.748,rt,
beni,2026-08-24,1.637,1.332,1.954,1.51,1.758,rt,
beni,2026-08-25,1.643,1.367,1.939,1.53,1.762,rt,
beni,2026-08-26,1.658,1.383,1.943,1.543,1.772,rt,
beni,2026-08-27,1.668,1.395,1.958,1.555,1.783,rt,
beni,2026-08-28,1.678,1.415,1.958,1.569,1.788,rt,
beni,2026-08-29,1.682,1.415,1.966,1.568,1.791,rt,
beni,2026-08-30,1.684,1.414,1.99,1.567,1.802,rt,
beni,2026-08-31,1.641,1.371,1.962,1.522,1.768,rt,
beni,2026-09-01,1.608,1.36,1.915,1.503,1.731,rt,
beni,2026-09-02,1.578,1.334,1.864,1.469,1.692,rt,
beni,2026-09-03,1.543,1.309,1.831,1.437,1.659,rt,
beni,2026-09-04,1.514,1.289,1.784,1.41,1.612,rt,
beni,2026-09-05,1.478,1.265,1.742,1.379,1.578,rt,
beni,2026-09-06,1.443,1.229,1.711,1.347,1.545,rt,
beni,2026-09-07,1.403,1.181,1.689,1.305,1.518,rt,
beni,2026-09-08,1.354,1.139,1.629,1.26,1.463,rt,
beni,2026-09-09,1.31,1.091,1.584,1.212,1.417,rt,
beni,2026-09-10,1.266,1.04,1.542,1.168,1.371,rt,
beni,2026-09-11,1.222,0.996,1.494,1.124,1.328,rt,
beni,2026-09-12,1.179,0.952,1.459,1.076,1.288,rt,
beni,2026-09-13,1.136,0.905,1.426,1.034,1.251,rt,
beni,2026-09-14,1.11,0.866,1.422,1.004,1.234,rt,
beni,2026-09-15,1.082,0.837,1.4,0.972,1.209,rt,
beni,2026-09-16,1.055,0.805,1.392,0.94,1.188,rt,
beni,2026-09-17,1.027,0.771,1.383,0.909,1.165,rt,
beni,2026-09-18,1.0,0.743,1.351,0.879,1.14,rt,
beni,2026-09-19,0.978,0.712,1.324,0.852,1.117,rt,
beni,2026-09-20,0.955,0.682,1.302,0.826,1.087,rt,
beni,2026-09-21,0.943,0.664,1.296,0.812,1.081,rt,
beni,2026-09-22,0.936,0.646,1.29,0.804,1.077,rt,
beni,2026-09-23,0.926,0.628,1.291,0.791,1.067,rt,
beni,2026-09-24,0.915,0.612,1.297,0.78,1.065,rt,
beni,2026-09-25,0.908,0.615,1.259,0.78,1.048,rt,
beni,2026-09-26,0.9,0.618,1.225,0.78,1.026,rt,
beni,2026-09-27,0.891,0.619,1.199,0.778,1.008,rt,
biena,2026-08-07,1.435,1.274,1.635,1.365,1.518,rt,
biena,2026-08-08,1.443,1.291,1.639,1.376,1.522,rt,
biena,2026-08-09,1.452,1.297,1.652,1.386,1.526,rt,
biena,2026-08-10,1.452,1.29,1.654,1.382,1.522,rt,
biena,2026-08-11,1.453,1.287,1.661,1.379,1.522,rt,
biena,2026-08-12,1.451,1.278,1.671,1.377,1.523,rt,
biena,2026-08-13,1.451,1.264,1.687,1.372,1.527,rt,
biena,2026-08-14,1.451,1.271,1.673,1.372,1.528,rt,
biena,2026-08-15,1.448,1.277,1.66,1.369,1.526,rt,
biena,2026-08-16,1.449,1.274,1.654,1.368,1.528,rt,
biena,2026-08-17,1.457,1.274,1.669,1.375,1.54,rt,
biena,2026-08-18,1.465,1.275,1.679,1.381,1.555,rt,
biena,2026-08-19,1.475,1.274,1.692,1.382,1.563,rt,
biena,2026-08-20,1.476,1.269,1.712,1.384,1.578,rt,
biena,2026-08-21,1.483,1.287,1.701,1.398,1.576,rt,
biena,2026-08-22,1.487,1.297,1.694,1.408,1.576,rt,
biena,2026-08-23,1.491,1.31,1.695,1.416,1.576,rt,
biena,2026-08-24,1.484,1.304,1.693,1.406,1.567,rt,
biena,2026-08-25,1.473,1.29,1.687,1.393,1.558,rt,
biena,2026-08-26,1.461,1.277,1.68,1.38,1.548,rt,
biena,2026-08-27,1.449,1.258,1.679,1.363,1.537,rt,
biena,2026-08-28,1.428,1.253,1.648,1.352,1.514,rt,
biena,2026-08-29,1.41,1.242,1.617,1.34,1.491,rt,
biena,2026-08-30,1.392,1.226,1.597,1.321,1.475,rt,
biena,2026-08-31,1.338,1.173,1.543,1.268,1.419,rt,
biena,2026-09-01,1.283,1.117,1.491,1.212,1.366,rt,
biena,2026-09-02,1.229,1.064,1.438,1.159,1.315,rt,
biena,2026-09-03,1.176,1.008,1.388,1.107,1.265,rt,
biena,2026-09-04,1.129,0.972,1.325,1.061,1.207,rt,
biena,2026-09-05,1.08,0.929,1.262,1.016,1.153,rt,
biena,2026-09-06,1.034,0.876,1.214,0.967,1.103,rt,
biena,2026-09-07,0.988,0.825,1.169,0.917,1.058,rt,
biena,2026-09-08,0.948,0.788,1.127,0.88,1.02,rt,
biena,2026-09-09,0.911,0.747,1.089,0.84,0.982,rt,
biena,2026-09-10,0.874,0.708,1.056,0.802,0.945,rt,
biena,2026-09-11,0.838,0.673,1.023,0.768,0.909,rt,
biena,2026-09-12,0.803,0.635,0.995,0.734,0.876,rt,
biena,2026-09-13,0.766,0.601,0.978,0.703,0.844,rt,
biena,2026-09-14,0.745,0.575,0.969,0.68,0.827,rt,
biena,2026-09-15,0.732,0.557,0.969,0.66,0.813,rt,
biena,2026-09-16,0.717,0.537,0.968,0.642,0.803,rt,
biena,2026-09-17,0.702,0.515,0.966,0.624,0.792,rt,
biena,2026-09-18,0.686,0.498,0.95,0.607,0.781,rt,
biena,2026-09-19,0.672,0.48,0.943,0.592,0.77,rt,
biena,2026-09-20,0.657,0.46,0.939,0.575,0.76,rt,
biena,2026-09-21,0.657,0.45,0.951,0.568,0.762,rt,
biena,2026-09-22,0.658,0.443,0.96,0.565,0.767,rt,
biena,2026-09-23,0.656,0.434,0.959,0.561,0.769,rt,
biena,2026-09-24,0.657,0.428,0.967,0.555,0.773,rt,
biena,2026-09-25,0.655,0.434,0.944,0.555,0.767,rt,
biena,2026-09-26,0.655,0.438,0.932,0.559,0.762,rt,
biena,2026-09-27,0.652,0.438,0.92,0.56,0.76,rt,
butembo,2026-05-25,3.05,2.242,4.176,2.687,3.454,rt,
butembo,2026-05-26,2.939,2.157,3.979,2.596,3.325,rt,
butembo,2026-05-27,2.83,2.08,3.811,2.497,3.207,rt,
butembo,2026-05-28,2.732,1.993,3.675,2.399,3.097,rt,
butembo,2026-05-29,2.632,1.956,3.498,2.337,2.978,rt,
butembo,2026-05-30,2.537,1.911,3.344,2.257,2.853,rt,
butembo,2026-05-31,2.442,1.848,3.214,2.188,2.739,rt,
butembo,2026-06-01,2.364,1.78,3.105,2.117,2.647,rt,
butembo,2026-06-02,2.283,1.737,2.975,2.047,2.555,rt,
butembo,2026-06-03,2.207,1.677,2.873,1.982,2.462,rt,
butembo,2026-06-04,2.129,1.618,2.763,1.913,2.373,rt,
butembo,2026-06-05,2.055,1.589,2.634,1.86,2.27,rt,
butembo,2026-06-06,1.987,1.545,2.532,1.804,2.191,rt,
butembo,2026-06-07,1.922,1.508,2.422,1.745,2.121,rt,
butembo,2026-06-08,1.863,1.459,2.347,1.694,2.059,rt,
butembo,2026-06-09,1.814,1.427,2.263,1.649,1.997,rt,
butembo,2026-06-10,1.763,1.385,2.201,1.61,1.934,rt,
butembo,2026-06-11,1.718,1.342,2.14,1.561,1.879,rt,
butembo,2026-06-12,1.661,1.331,2.047,1.524,1.806,rt,
butembo,2026-06-13,1.612,1.299,1.97,1.487,1.75,rt,
butembo,2026-06-14,1.563,1.271,1.904,1.445,1.694,rt,
butembo,2026-06-15,1.528,1.246,1.856,1.415,1.66,rt,
butembo,2026-06-16,1.501,1.233,1.818,1.394,1.626,rt,
butembo,2026-06-17,1.477,1.22,1.787,1.369,1.594,rt,
butembo,2026-06-18,1.448,1.202,1.754,1.341,1.567,rt,
butembo,2026-06-19,1.423,1.189,1.709,1.321,1.536,rt,
butembo,2026-06-20,1.397,1.172,1.671,1.302,1.506,rt,
butembo,2026-06-21,1.373,1.155,1.637,1.278,1.479,rt,
butembo,2026-06-22,1.369,1.145,1.64,1.275,1.478,rt,
butembo,2026-06-23,1.369,1.157,1.642,1.277,1.478,rt,
butembo,2026-06-24,1.374,1.157,1.641,1.275,1.481,rt,
butembo,2026-06-25,1.376,1.159,1.649,1.276,1.482,rt,
butembo,2026-06-26,1.378,1.174,1.631,1.288,1.476,rt,
butembo,2026-06-27,1.379,1.179,1.624,1.297,1.475,rt,
butembo,2026-06-28,1.385,1.179,1.631,1.297,1.475,rt,
butembo,2026-06-29,1.37,1.154,1.618,1.281,1.46,rt,
butembo,2026-06-30,1.355,1.144,1.593,1.268,1.441,rt,
butembo,2026-07-01,1.338,1.137,1.572,1.251,1.421,rt,
butembo,2026-07-02,1.324,1.113,1.56,1.235,1.41,rt,
butembo,2026-07-03,1.307,1.109,1.526,1.224,1.394,rt,
butembo,2026-07-04,1.291,1.098,1.504,1.214,1.372,rt,
butembo,2026-07-05,1.276,1.082,1.493,1.198,1.357,rt,
butembo,2026-07-06,1.27,1.079,1.494,1.19,1.355,rt,
butembo,2026-07-07,1.264,1.082,1.48,1.187,1.353,rt,
butembo,2026-07-08,1.261,1.084,1.474,1.184,1.348,rt,
butembo,2026-07-09,1.256,1.071,1.474,1.177,1.343,rt,
butembo,2026-07-10,1.253,1.076,1.452,1.174,1.332,rt,
butembo,2026-07-11,1.246,1.075,1.44,1.171,1.322,rt,
butembo,2026-07-12,1.242,1.07,1.435,1.167,1.321,rt,
butembo,2026-07-13,1.229,1.048,1.426,1.154,1.312,rt,
butembo,2026-07-14,1.218,1.038,1.41,1.146,1.301,rt,
butembo,2026-07-15,1.208,1.028,1.396,1.138,1.29,rt,
butembo,2026-07-16,1.201,1.019,1.393,1.126,1.277,rt,
butembo,2026-07-17,1.191,1.016,1.376,1.119,1.263,rt,
butembo,2026-07-18,1.18,1.017,1.357,1.108,1.252,rt,
butembo,2026-07-19,1.169,1.005,1.347,1.097,1.243,rt,
butembo,2026-07-20,1.16,0.987,1.34,1.086,1.24,rt,
butembo,2026-07-21,1.157,0.99,1.335,1.084,1.233,rt,
butembo,2026-07-22,1.152,0.984,1.329,1.081,1.226,rt,
butembo,2026-07-23,1.148,0.977,1.328,1.075,1.221,rt,
butembo,2026-07-24,1.14,0.978,1.314,1.073,1.211,rt,
butembo,2026-07-25,1.134,0.978,1.307,1.068,1.204,rt,
butembo,2026-07-26,1.128,0.97,1.306,1.062,1.2,rt,
butembo,2026-07-27,1.132,0.964,1.331,1.062,1.208,rt,
butembo,2026-07-28,1.139,0.97,1.333,1.068,1.215,rt,
butembo,2026-07-29,1.143,0.974,1.338,1.073,1.223,rt,
butembo,2026-07-30,1.15,0.977,1.35,1.078,1.233,rt,
butembo,2026-07-31,1.156,0.991,1.352,1.088,1.236,rt,
butembo,2026-08-01,1.161,1.002,1.355,1.096,1.241,rt,
butembo,2026-08-02,1.168,1.009,1.365,1.102,1.246,rt,
butembo,2026-08-03,1.17,0.997,1.377,1.105,1.249,rt,
butembo,2026-08-04,1.178,1.008,1.379,1.11,1.254,rt,
butembo,2026-08-05,1.185,1.014,1.387,1.114,1.263,rt,
butembo,2026-08-06,1.191,1.021,1.404,1.119,1.27,rt,
butembo,2026-08-07,1.195,1.037,1.399,1.129,1.271,rt,
butembo,2026-08-08,1.201,1.048,1.394,1.137,1.275,rt,
butembo,2026-08-09,1.206,1.052,1.407,1.142,1.282,rt,
butembo,2026-08-10,1.202,1.039,1.415,1.136,1.286,rt,
butembo,2026-08-11,1.195,1.038,1.393,1.131,1.274,rt,
butembo,2026-08-12,1.186,1.032,1.377,1.122,1.264,rt,
butembo,2026-08-13,1.179,1.025,1.373,1.112,1.258,rt,
butembo,2026-08-14,1.176,1.022,1.357,1.107,1.247,rt,
butembo,2026-08-15,1.168,1.017,1.355,1.099,1.239,rt,
butembo,2026-08-16,1.159,0.998,1.354,1.087,1.233,rt,
butembo,2026-08-17,1.159,0.982,1.369,1.081,1.237,rt,
butembo,2026-08-18,1.156,0.98,1.364,1.082,1.234,rt,
butembo,2026-08-19,1.152,0.973,1.36,1.076,1.228,rt,
butembo,2026-08-20,1.146,0.966,1.357,1.068,1.227,rt,
butembo,2026-08-21,1.141,0.966,1.341,1.068,1.22,rt,
butembo,2026-08-22,1.136,0.966,1.333,1.061,1.212,rt,
butembo,2026-08-23,1.131,0.952,1.331,1.052,1.208,rt,
butembo,2026-08-24,1.116,0.924,1.323,1.033,1.195,rt,
butembo,2026-08-25,1.094,0.913,1.294,1.015,1.169,rt,
butembo,2026-08-26,1.071,0.9,1.269,0.997,1.149,rt,
butembo,2026-08-27,1.047,0.88,1.252,0.975,1.127,rt,
butembo,2026-08-28,1.022,0.867,1.224,0.956,1.097,rt,
butembo,2026-08-29,1.001,0.841,1.198,0.935,1.073,rt,
butembo,2026-08-30,0.978,0.812,1.177,0.906,1.05,rt,
butembo,2026-08-31,0.932,0.766,1.139,0.858,1.002,rt,
butembo,2026-09-01,0.885,0.724,1.079,0.815,0.95,rt,
butembo,2026-09-02,0.84,0.684,1.032,0.774,0.907,rt,
butembo,2026-09-03,0.795,0.639,0.986,0.73,0.863,rt,
butembo,2026-09-04,0.755,0.604,0.93,0.691,0.819,rt,
butembo,2026-09-05,0.714,0.563,0.887,0.653,0.784,rt,
butembo,2026-09-06,0.676,0.526,0.849,0.614,0.75,rt,
butembo,2026-09-07,0.637,0.484,0.818,0.574,0.712,rt,
butembo,2026-09-08,0.611,0.466,0.789,0.549,0.684,rt,
butembo,2026-09-09,0.586,0.442,0.758,0.523,0.654,rt,
butembo,2026-09-10,0.561,0.416,0.735,0.499,0.629,rt,
butembo,2026-09-11,0.537,0.389,0.713,0.476,0.605,rt,
butembo,2026-09-12,0.518,0.367,0.696,0.45,0.586,rt,
butembo,2026-09-13,0.496,0.343,0.681,0.428,0.565,rt,
butembo,2026-09-14,0.481,0.324,0.678,0.41,0.555,rt,
butembo,2026-09-15,0.475,0.315,0.669,0.399,0.547,rt,
butembo,2026-09-16,0.467,0.304,0.669,0.39,0.543,rt,
butembo,2026-09-17,0.459,0.292,0.679,0.381,0.537,rt,
butembo,2026-09-18,0.447,0.283,0.676,0.372,0.533,rt,
butembo,2026-09-19,0.439,0.276,0.677,0.363,0.529,rt,
butembo,2026-09-20,0.429,0.267,0.683,0.353,0.523,rt,
butembo,2026-09-21,0.43,0.256,0.7,0.348,0.527,rt,
butembo,2026-09-22,0.427,0.256,0.705,0.348,0.532,rt,
butembo,2026-09-23,0.432,0.256,0.713,0.35,0.533,rt,
butembo,2026-09-24,0.436,0.255,0.725,0.35,0.538,rt,
butembo,2026-09-25,0.438,0.26,0.724,0.351,0.539,rt,
butembo,2026-09-26,0.44,0.258,0.723,0.351,0.541,rt,
butembo,2026-09-27,0.438,0.26,0.726,0.352,0.544,rt,
kalunguta,2026-07-19,1.55,1.239,1.943,1.414,1.708,rt,
kalunguta,2026-07-20,1.553,1.231,1.971,1.416,1.715,rt,
kalunguta,2026-07-21,1.551,1.239,1.946,1.419,1.711,rt,
kalunguta,2026-07-22,1.553,1.253,1.938,1.421,1.712,rt,
kalunguta,2026-07-23,1.556,1.254,1.934,1.425,1.71,rt,
kalunguta,2026-07-24,1.552,1.264,1.924,1.429,1.698,rt,
kalunguta,2026-07-25,1.547,1.266,1.929,1.432,1.692,rt,
kalunguta,2026-07-26,1.544,1.268,1.925,1.433,1.69,rt,
kalunguta,2026-07-27,1.554,1.267,1.971,1.437,1.716,rt,
kalunguta,2026-07-28,1.572,1.294,1.97,1.454,1.727,rt,
kalunguta,2026-07-29,1.586,1.306,1.98,1.466,1.736,rt,
kalunguta,2026-07-30,1.606,1.307,1.988,1.479,1.753,rt,
kalunguta,2026-07-31,1.621,1.322,1.982,1.497,1.761,rt,
kalunguta,2026-08-01,1.634,1.336,2.001,1.508,1.778,rt,
kalunguta,2026-08-02,1.65,1.349,2.034,1.52,1.798,rt,
kalunguta,2026-08-03,1.661,1.341,2.052,1.519,1.818,rt,
kalunguta,2026-08-04,1.676,1.363,2.066,1.536,1.828,rt,
kalunguta,2026-08-05,1.692,1.388,2.066,1.554,1.844,rt,
kalunguta,2026-08-06,1.707,1.395,2.084,1.569,1.856,rt,
kalunguta,2026-08-07,1.721,1.409,2.077,1.584,1.867,rt,
kalunguta,2026-08-08,1.738,1.42,2.093,1.599,1.879,rt,
kalunguta,2026-08-09,1.749,1.429,2.114,1.612,1.895,rt,
kalunguta,2026-08-10,1.75,1.412,2.133,1.605,1.901,rt,
kalunguta,2026-08-11,1.753,1.424,2.14,1.612,1.901,rt,
kalunguta,2026-08-12,1.76,1.434,2.148,1.619,1.907,rt,
kalunguta,2026-08-13,1.762,1.441,2.162,1.624,1.912,rt,
kalunguta,2026-08-14,1.77,1.448,2.159,1.634,1.918,rt,
kalunguta,2026-08-15,1.773,1.444,2.179,1.643,1.925,rt,
kalunguta,2026-08-16,1.782,1.435,2.205,1.637,1.934,rt,
kalunguta,2026-08-17,1.805,1.434,2.257,1.646,1.959,rt,
kalunguta,2026-08-18,1.826,1.458,2.257,1.671,1.981,rt,
kalunguta,2026-08-19,1.845,1.475,2.274,1.691,2.014,rt,
kalunguta,2026-08-20,1.861,1.483,2.303,1.712,2.04,rt,
kalunguta,2026-08-21,1.881,1.512,2.32,1.73,2.051,rt,
kalunguta,2026-08-22,1.902,1.534,2.331,1.743,2.072,rt,
kalunguta,2026-08-23,1.923,1.547,2.358,1.751,2.092,rt,
kalunguta,2026-08-24,1.93,1.539,2.38,1.746,2.1,rt,
kalunguta,2026-08-25,1.932,1.55,2.365,1.752,2.092,rt,
kalunguta,2026-08-26,1.928,1.549,2.368,1.754,2.099,rt,
kalunguta,2026-08-27,1.928,1.532,2.377,1.746,2.103,rt,
kalunguta,2026-08-28,1.918,1.537,2.353,1.745,2.099,rt,
kalunguta,2026-08-29,1.913,1.529,2.358,1.738,2.091,rt,
kalunguta,2026-08-30,1.896,1.514,2.373,1.721,2.084,rt,
kalunguta,2026-08-31,1.842,1.454,2.34,1.66,2.025,rt,
kalunguta,2026-09-01,1.775,1.404,2.234,1.603,1.952,rt,
kalunguta,2026-09-02,1.708,1.349,2.158,1.547,1.879,rt,
kalunguta,2026-09-03,1.646,1.281,2.091,1.483,1.81,rt,
kalunguta,2026-09-04,1.579,1.236,2.004,1.43,1.741,rt,
kalunguta,2026-09-05,1.519,1.187,1.921,1.375,1.672,rt,
kalunguta,2026-09-06,1.457,1.121,1.85,1.316,1.612,rt,
kalunguta,2026-09-07,1.398,1.058,1.795,1.251,1.549,rt,
kalunguta,2026-09-08,1.335,1.006,1.707,1.198,1.481,rt,
kalunguta,2026-09-09,1.278,0.955,1.643,1.145,1.421,rt,
kalunguta,2026-09-10,1.22,0.904,1.576,1.091,1.361,rt,
kalunguta,2026-09-11,1.169,0.859,1.511,1.04,1.301,rt,
kalunguta,2026-09-12,1.118,0.81,1.459,0.988,1.253,rt,
kalunguta,2026-09-13,1.069,0.762,1.423,0.94,1.205,rt,
kalunguta,2026-09-14,1.034,0.728,1.42,0.901,1.178,rt,
kalunguta,2026-09-15,1.008,0.703,1.401,0.874,1.146,rt,
kalunguta,2026-09-16,0.983,0.674,1.385,0.844,1.126,rt,
kalunguta,2026-09-17,0.954,0.643,1.368,0.819,1.1,rt,
kalunguta,2026-09-18,0.93,0.62,1.353,0.791,1.076,rt,
kalunguta,2026-09-19,0.908,0.593,1.318,0.769,1.052,rt,
kalunguta,2026-09-20,0.884,0.564,1.305,0.739,1.032,rt,
kalunguta,2026-09-21,0.878,0.551,1.31,0.728,1.031,rt,
kalunguta,2026-09-22,0.871,0.534,1.315,0.719,1.025,rt,
kalunguta,2026-09-23,0.863,0.523,1.31,0.708,1.021,rt,
kalunguta,2026-09-24,0.86,0.513,1.319,0.695,1.018,rt,
kalunguta,2026-09-25,0.853,0.512,1.3,0.687,1.011,rt,
kalunguta,2026-09-26,0.845,0.508,1.294,0.684,1.003,rt,
kalunguta,2026-09-27,0.834,0.505,1.28,0.681,0.997,rt,
katwa,2026-05-21,3.556,2.542,4.796,3.069,4.092,rt,
katwa,2026-05-22,3.461,2.534,4.594,3.005,3.948,rt,
katwa,2026-05-23,3.362,2.47,4.434,2.932,3.812,rt,
katwa,2026-05-24,3.265,2.396,4.312,2.862,3.677,rt,
katwa,2026-05-25,3.142,2.307,4.148,2.766,3.54,rt,
katwa,2026-05-26,3.031,2.234,3.976,2.678,3.392,rt,
katwa,2026-05-27,2.924,2.146,3.843,2.593,3.273,rt,
katwa,2026-05-28,2.821,2.069,3.727,2.503,3.168,rt,
katwa,2026-05-29,2.723,2.021,3.563,2.438,3.041,rt,
katwa,2026-05-30,2.632,1.99,3.409,2.363,2.929,rt,
katwa,2026-05-31,2.549,1.943,3.279,2.284,2.812,rt,
katwa,2026-06-01,2.469,1.897,3.166,2.214,2.716,rt,
katwa,2026-06-02,2.39,1.842,3.05,2.155,2.63,rt,
katwa,2026-06-03,2.315,1.779,2.938,2.092,2.541,rt,
katwa,2026-06-04,2.241,1.718,2.846,2.024,2.465,rt,
katwa,2026-06-05,2.176,1.686,2.731,1.97,2.375,rt,
katwa,2026-06-06,2.109,1.647,2.63,1.918,2.303,rt,
katwa,2026-06-07,2.037,1.623,2.531,1.866,2.232,rt,
katwa,2026-06-08,1.985,1.578,2.461,1.817,2.175,rt,
katwa,2026-06-09,1.939,1.546,2.393,1.775,2.115,rt,
katwa,2026-06-10,1.894,1.514,2.305,1.733,2.06,rt,
katwa,2026-06-11,1.845,1.477,2.248,1.685,2.01,rt,
katwa,2026-06-12,1.793,1.451,2.16,1.652,1.947,rt,
katwa,2026-06-13,1.749,1.43,2.094,1.62,1.88,rt,
katwa,2026-06-14,1.701,1.402,2.032,1.582,1.827,rt,
katwa,2026-06-15,1.67,1.385,1.993,1.556,1.793,rt,
katwa,2026-06-16,1.641,1.371,1.95,1.532,1.762,rt,
katwa,2026-06-17,1.612,1.349,1.916,1.504,1.731,rt,
katwa,2026-06-18,1.585,1.327,1.888,1.477,1.704,rt,
katwa,2026-06-19,1.558,1.317,1.847,1.459,1.67,rt,
katwa,2026-06-20,1.53,1.305,1.814,1.44,1.637,rt,
katwa,2026-06-21,1.509,1.284,1.78,1.416,1.606,rt,
katwa,2026-06-22,1.51,1.286,1.783,1.418,1.607,rt,
katwa,2026-06-23,1.51,1.289,1.782,1.419,1.611,rt,
katwa,2026-06-24,1.512,1.287,1.787,1.417,1.616,rt,
katwa,2026-06-25,1.512,1.282,1.798,1.416,1.618,rt,
katwa,2026-06-26,1.516,1.297,1.79,1.423,1.614,rt,
katwa,2026-06-27,1.515,1.305,1.78,1.429,1.611,rt,
katwa,2026-06-28,1.517,1.304,1.778,1.436,1.611,rt,
katwa,2026-06-29,1.497,1.281,1.754,1.42,1.593,rt,
katwa,2026-06-30,1.479,1.275,1.724,1.401,1.571,rt,
katwa,2026-07-01,1.463,1.259,1.697,1.383,1.553,rt,
katwa,2026-07-02,1.445,1.239,1.678,1.362,1.538,rt,
katwa,2026-07-03,1.429,1.234,1.644,1.35,1.515,rt,
katwa,2026-07-04,1.41,1.227,1.617,1.337,1.487,rt,
katwa,2026-07-05,1.395,1.216,1.594,1.322,1.467,rt,
katwa,2026-07-06,1.388,1.205,1.593,1.313,1.462,rt,
katwa,2026-07-07,1.383,1.206,1.582,1.307,1.459,rt,
katwa,2026-07-08,1.378,1.196,1.58,1.299,1.455,rt,
katwa,2026-07-09,1.371,1.188,1.581,1.289,1.455,rt,
katwa,2026-07-10,1.363,1.193,1.563,1.287,1.441,rt,
katwa,2026-07-11,1.357,1.192,1.546,1.285,1.434,rt,
katwa,2026-07-12,1.346,1.184,1.536,1.279,1.423,rt,
katwa,2026-07-13,1.333,1.166,1.525,1.263,1.408,rt,
katwa,2026-07-14,1.318,1.153,1.503,1.252,1.396,rt,
katwa,2026-07-15,1.305,1.145,1.49,1.237,1.379,rt,
katwa,2026-07-16,1.29,1.129,1.478,1.22,1.367,rt,
katwa,2026-07-17,1.276,1.128,1.441,1.211,1.347,rt,
katwa,2026-07-18,1.259,1.123,1.425,1.199,1.328,rt,
katwa,2026-07-19,1.249,1.105,1.409,1.187,1.313,rt,
katwa,2026-07-20,1.236,1.084,1.404,1.174,1.303,rt,
katwa,2026-07-21,1.227,1.078,1.387,1.166,1.291,rt,
katwa,2026-07-22,1.216,1.068,1.379,1.153,1.282,rt,
katwa,2026-07-23,1.207,1.055,1.372,1.138,1.275,rt,
katwa,2026-07-24,1.195,1.051,1.35,1.131,1.258,rt,
katwa,2026-07-25,1.181,1.039,1.338,1.12,1.243,rt,
katwa,2026-07-26,1.168,1.02,1.327,1.109,1.231,rt,
katwa,2026-07-27,1.168,1.012,1.336,1.102,1.235,rt,
katwa,2026-07-28,1.167,1.011,1.335,1.101,1.237,rt,
katwa,2026-07-29,1.166,1.007,1.338,1.099,1.237,rt,
katwa,2026-07-30,1.165,0.998,1.349,1.094,1.237,rt,
katwa,2026-07-31,1.164,1.007,1.339,1.096,1.232,rt,
katwa,2026-08-01,1.164,1.017,1.325,1.098,1.229,rt,
katwa,2026-08-02,1.161,1.014,1.321,1.096,1.226,rt,
katwa,2026-08-03,1.158,1.005,1.327,1.091,1.225,rt,
katwa,2026-08-04,1.154,1.003,1.319,1.09,1.218,rt,
katwa,2026-08-05,1.149,0.998,1.316,1.085,1.213,rt,
katwa,2026-08-06,1.146,0.993,1.319,1.081,1.21,rt,
katwa,2026-08-07,1.141,0.998,1.3,1.084,1.202,rt,
katwa,2026-08-08,1.137,0.998,1.289,1.08,1.197,rt,
katwa,2026-08-09,1.132,0.994,1.29,1.076,1.195,rt,
katwa,2026-08-10,1.121,0.976,1.282,1.059,1.182,rt,
katwa,2026-08-11,1.108,0.971,1.262,1.049,1.168,rt,
katwa,2026-08-12,1.094,0.961,1.251,1.037,1.156,rt,
katwa,2026-08-13,1.081,0.941,1.246,1.024,1.144,rt,
katwa,2026-08-14,1.071,0.933,1.217,1.015,1.128,rt,
katwa,2026-08-15,1.058,0.924,1.2,1.005,1.115,rt,
katwa,2026-08-16,1.048,0.91,1.191,0.989,1.105,rt,
katwa,2026-08-17,1.042,0.896,1.195,0.982,1.103,rt,
katwa,2026-08-18,1.034,0.891,1.19,0.975,1.1,rt,
katwa,2026-08-19,1.03,0.884,1.189,0.967,1.097,rt,
katwa,2026-08-20,1.022,0.876,1.192,0.959,1.092,rt,
katwa,2026-08-21,1.017,0.875,1.177,0.956,1.083,rt,
katwa,2026-08-22,1.01,0.872,1.166,0.951,1.071,rt,
katwa,2026-08-23,1.006,0.857,1.166,0.941,1.064,rt,
katwa,2026-08-24,0.991,0.835,1.16,0.924,1.054,rt,
katwa,2026-08-25,0.972,0.821,1.139,0.909,1.037,rt,
katwa,2026-08-26,0.954,0.809,1.121,0.892,1.02,rt,
katwa,2026-08-27,0.936,0.788,1.106,0.872,1.003,rt,
katwa,2026-08-28,0.916,0.771,1.077,0.855,0.98,rt,
katwa,2026-08-29,0.896,0.753,1.056,0.835,0.959,rt,
katwa,2026-08-30,0.875,0.731,1.041,0.815,0.941,rt,
katwa,2026-08-31,0.831,0.686,1.002,0.77,0.899,rt,
katwa,2026-09-01,0.791,0.65,0.952,0.732,0.857,rt,
katwa,2026-09-02,0.752,0.615,0.912,0.695,0.818,rt,
katwa,2026-09-03,0.714,0.58,0.875,0.657,0.778,rt,
katwa,2026-09-04,0.678,0.549,0.828,0.622,0.74,rt,
katwa,2026-09-05,0.643,0.516,0.787,0.588,0.704,rt,
katwa,2026-09-06,0.61,0.483,0.759,0.553,0.67,rt,
katwa,2026-09-07,0.578,0.448,0.731,0.519,0.638,rt,
katwa,2026-09-08,0.555,0.428,0.705,0.501,0.61,rt,
katwa,2026-09-09,0.535,0.407,0.682,0.478,0.588,rt,
katwa,2026-09-10,0.513,0.386,0.663,0.456,0.568,rt,
katwa,2026-09-11,0.492,0.363,0.642,0.437,0.549,rt,
katwa,2026-09-12,0.472,0.34,0.631,0.418,0.532,rt,
katwa,2026-09-13,0.453,0.316,0.623,0.398,0.516,rt,
katwa,2026-09-14,0.442,0.299,0.624,0.384,0.509,rt,
katwa,2026-09-15,0.435,0.295,0.616,0.374,0.502,rt,
katwa,2026-09-16,0.427,0.287,0.618,0.365,0.5,rt,
katwa,2026-09-17,0.42,0.275,0.63,0.356,0.499,rt,
katwa,2026-09-18,0.415,0.267,0.631,0.349,0.496,rt,
katwa,2026-09-19,0.407,0.259,0.631,0.34,0.49,rt,
katwa,2026-09-20,0.403,0.247,0.635,0.329,0.486,rt,
katwa,2026-09-21,0.403,0.241,0.654,0.326,0.494,rt,
katwa,2026-09-22,0.404,0.241,0.659,0.327,0.497,rt,
katwa,2026-09-23,0.406,0.24,0.666,0.326,0.506,rt,
katwa,2026-09-24,0.407,0.237,0.679,0.327,0.51,rt,
katwa,2026-09-25,0.409,0.236,0.676,0.329,0.513,rt,
katwa,2026-09-26,0.409,0.237,0.678,0.331,0.514,rt,
katwa,2026-09-27,0.412,0.234,0.683,0.331,0.518,rt,
kayna,2026-09-14,0.795,0.623,1.016,0.723,0.88,rt,
kayna,2026-09-15,0.78,0.604,1.018,0.705,0.87,rt,
kayna,2026-09-16,0.765,0.584,1.014,0.689,0.86,rt,
kayna,2026-09-17,0.75,0.562,1.016,0.671,0.85,rt,
kayna,2026-09-18,0.737,0.543,1.006,0.657,0.837,rt,
kayna,2026-09-19,0.724,0.524,1.003,0.641,0.828,rt,
kayna,2026-09-20,0.712,0.503,0.996,0.626,0.82,rt,
kayna,2026-09-21,0.716,0.494,1.014,0.621,0.824,rt,
kayna,2026-09-22,0.714,0.487,1.018,0.62,0.826,rt,
kayna,2026-09-23,0.716,0.479,1.025,0.616,0.829,rt,
kayna,2026-09-24,0.718,0.475,1.03,0.611,0.835,rt,
kayna,2026-09-25,0.719,0.484,1.012,0.616,0.83,rt,
kayna,2026-09-26,0.72,0.491,0.993,0.621,0.826,rt,
kayna,2026-09-27,0.721,0.498,0.977,0.626,0.822,rt,
kyondo,2026-06-25,1.433,1.061,1.933,1.27,1.621,rt,
kyondo,2026-06-26,1.431,1.066,1.916,1.273,1.612,rt,
kyondo,2026-06-27,1.43,1.072,1.921,1.274,1.609,rt,
kyondo,2026-06-28,1.428,1.065,1.933,1.272,1.608,rt,
kyondo,2026-06-29,1.409,1.042,1.929,1.247,1.586,rt,
kyondo,2026-06-30,1.388,1.038,1.864,1.234,1.546,rt,
kyondo,2026-07-01,1.366,1.019,1.795,1.224,1.513,rt,
kyondo,2026-07-02,1.343,1.003,1.743,1.206,1.485,rt,
kyondo,2026-07-03,1.322,0.988,1.712,1.187,1.46,rt,
kyondo,2026-07-04,1.302,0.975,1.683,1.167,1.438,rt,
kyondo,2026-07-05,1.282,0.951,1.663,1.145,1.424,rt,
kyondo,2026-07-06,1.27,0.933,1.66,1.124,1.422,rt,
kyondo,2026-07-07,1.26,0.944,1.629,1.116,1.405,rt,
kyondo,2026-07-08,1.249,0.935,1.607,1.111,1.394,rt,
kyondo,2026-07-09,1.233,0.929,1.601,1.101,1.38,rt,
kyondo,2026-07-10,1.228,0.92,1.587,1.096,1.371,rt,
kyondo,2026-07-11,1.216,0.908,1.586,1.086,1.359,rt,
kyondo,2026-07-12,1.206,0.885,1.595,1.077,1.35,rt,
kyondo,2026-07-13,1.194,0.856,1.592,1.053,1.336,rt,
kyondo,2026-07-14,1.178,0.856,1.553,1.048,1.316,rt,
kyondo,2026-07-15,1.16,0.858,1.519,1.039,1.303,rt,
kyondo,2026-07-16,1.147,0.854,1.499,1.026,1.283,rt,
kyondo,2026-07-17,1.132,0.851,1.474,1.013,1.265,rt,
kyondo,2026-07-18,1.117,0.84,1.452,0.999,1.255,rt,
kyondo,2026-07-19,1.103,0.823,1.45,0.983,1.244,rt,
kyondo,2026-07-20,1.094,0.804,1.456,0.97,1.234,rt,
kyondo,2026-07-21,1.088,0.81,1.419,0.972,1.227,rt,
kyondo,2026-07-22,1.084,0.811,1.403,0.97,1.219,rt,
kyondo,2026-07-23,1.078,0.805,1.393,0.966,1.213,rt,
kyondo,2026-07-24,1.072,0.803,1.384,0.96,1.198,rt,
kyondo,2026-07-25,1.071,0.801,1.379,0.958,1.187,rt,
kyondo,2026-07-26,1.069,0.789,1.382,0.946,1.184,rt,
kyondo,2026-07-27,1.073,0.786,1.405,0.948,1.188,rt,
kyondo,2026-07-28,1.086,0.802,1.412,0.966,1.198,rt,
kyondo,2026-07-29,1.094,0.816,1.421,0.98,1.21,rt,
kyondo,2026-07-30,1.107,0.835,1.429,0.992,1.223,rt,
kyondo,2026-07-31,1.115,0.843,1.428,1.007,1.238,rt,
kyondo,2026-08-01,1.128,0.852,1.449,1.018,1.252,rt,
kyondo,2026-08-02,1.14,0.857,1.471,1.022,1.266,rt,
kyondo,2026-08-03,1.147,0.856,1.501,1.027,1.282,rt,
kyondo,2026-08-04,1.162,0.878,1.505,1.042,1.295,rt,
kyondo,2026-08-05,1.173,0.892,1.509,1.056,1.306,rt,
kyondo,2026-08-06,1.192,0.913,1.516,1.072,1.324,rt,
kyondo,2026-08-07,1.203,0.939,1.527,1.089,1.334,rt,
kyondo,2026-08-08,1.22,0.957,1.542,1.1,1.348,rt,
kyondo,2026-08-09,1.235,0.957,1.566,1.111,1.359,rt,
kyondo,2026-08-10,1.243,0.955,1.595,1.112,1.373,rt,
kyondo,2026-08-11,1.252,0.967,1.592,1.126,1.38,rt,
kyondo,2026-08-12,1.262,0.987,1.59,1.139,1.386,rt,
kyondo,2026-08-13,1.272,0.996,1.615,1.148,1.398,rt,
kyondo,2026-08-14,1.284,1.005,1.62,1.16,1.407,rt,
kyondo,2026-08-15,1.296,1.011,1.633,1.168,1.423,rt,
kyondo,2026-08-16,1.304,1.01,1.664,1.174,1.435,rt,
kyondo,2026-08-17,1.315,1.009,1.716,1.181,1.464,rt,
kyondo,2026-08-18,1.332,1.039,1.726,1.207,1.478,rt,
kyondo,2026-08-19,1.351,1.051,1.728,1.227,1.493,rt,
kyondo,2026-08-20,1.366,1.067,1.758,1.239,1.513,rt,
kyondo,2026-08-21,1.38,1.091,1.765,1.254,1.536,rt,
kyondo,2026-08-22,1.395,1.101,1.804,1.261,1.556,rt,
kyondo,2026-08-23,1.413,1.098,1.837,1.268,1.577,rt,
kyondo,2026-08-24,1.416,1.086,1.869,1.262,1.593,rt,
kyondo,2026-08-25,1.414,1.095,1.854,1.259,1.58,rt,
kyondo,2026-08-26,1.406,1.09,1.83,1.253,1.565,rt,
kyondo,2026-08-27,1.403,1.076,1.807,1.24,1.55,rt,
kyondo,2026-08-28,1.387,1.073,1.785,1.231,1.538,rt,
kyondo,2026-08-29,1.371,1.051,1.777,1.222,1.527,rt,
kyondo,2026-08-30,1.355,1.028,1.787,1.206,1.512,rt,
kyondo,2026-08-31,1.3,0.978,1.765,1.153,1.467,rt,
kyondo,2026-09-01,1.244,0.94,1.665,1.108,1.398,rt,
kyondo,2026-09-02,1.189,0.894,1.583,1.06,1.337,rt,
kyondo,2026-09-03,1.133,0.852,1.536,1.007,1.29,rt,
kyondo,2026-09-04,1.077,0.811,1.461,0.957,1.227,rt,
kyondo,2026-09-05,1.029,0.772,1.407,0.909,1.173,rt,
kyondo,2026-09-06,0.981,0.722,1.352,0.861,1.123,rt,
kyondo,2026-09-07,0.932,0.67,1.317,0.817,1.077,rt,
kyondo,2026-09-08,0.895,0.644,1.259,0.786,1.027,rt,
kyondo,2026-09-09,0.858,0.614,1.213,0.75,0.987,rt,
kyondo,2026-09-10,0.823,0.582,1.165,0.717,0.945,rt,
kyondo,2026-09-11,0.793,0.548,1.127,0.683,0.909,rt,
kyondo,2026-09-12,0.763,0.517,1.095,0.651,0.877,rt,
kyondo,2026-09-13,0.73,0.487,1.071,0.624,0.844,rt,
kyondo,2026-09-14,0.711,0.459,1.059,0.604,0.83,rt,
kyondo,2026-09-15,0.697,0.448,1.051,0.592,0.814,rt,
kyondo,2026-09-16,0.682,0.43,1.045,0.576,0.804,rt,
kyondo,2026-09-17,0.666,0.417,1.043,0.561,0.795,rt,
kyondo,2026-09-18,0.651,0.406,1.039,0.546,0.787,rt,
kyondo,2026-09-19,0.641,0.387,1.024,0.528,0.783,rt,
kyondo,2026-09-20,0.626,0.373,1.027,0.512,0.776,rt,
kyondo,2026-09-21,0.625,0.362,1.054,0.505,0.78,rt,
kyondo,2026-09-22,0.63,0.364,1.055,0.501,0.782,rt,
kyondo,2026-09-23,0.632,0.362,1.068,0.498,0.782,rt,
kyondo,2026-09-24,0.632,0.357,1.081,0.492,0.784,rt,
kyondo,2026-09-25,0.63,0.358,1.079,0.492,0.783,rt,
kyondo,2026-09-26,0.633,0.356,1.074,0.492,0.782,rt,
kyondo,2026-09-27,0.629,0.357,1.081,0.494,0.777,rt,
lubero,2026-07-29,1.368,1.197,1.561,1.296,1.452,rt,
lubero,2026-07-30,1.374,1.195,1.591,1.301,1.466,rt,
lubero,2026-07-31,1.382,1.213,1.583,1.314,1.465,rt,
lubero,2026-08-01,1.391,1.231,1.592,1.326,1.469,rt,
lubero,2026-08-02,1.4,1.241,1.589,1.332,1.474,rt,
lubero,2026-08-03,1.407,1.242,1.594,1.333,1.48,rt,
lubero,2026-08-04,1.413,1.252,1.601,1.341,1.489,rt,
lubero,2026-08-05,1.419,1.254,1.617,1.347,1.501,rt,
lubero,2026-08-06,1.426,1.251,1.63,1.35,1.512,rt,
lubero,2026-08-07,1.432,1.278,1.626,1.366,1.512,rt,
lubero,2026-08-08,1.441,1.292,1.628,1.377,1.519,rt,
lubero,2026-08-09,1.449,1.297,1.638,1.384,1.523,rt,
lubero,2026-08-10,1.445,1.29,1.639,1.379,1.52,rt,
lubero,2026-08-11,1.447,1.288,1.639,1.376,1.52,rt,
lubero,2026-08-12,1.443,1.28,1.653,1.372,1.522,rt,
lubero,2026-08-13,1.444,1.269,1.661,1.366,1.523,rt,
lubero,2026-08-14,1.442,1.274,1.646,1.368,1.524,rt,
lubero,2026-08-15,1.44,1.273,1.637,1.366,1.522,rt,
lubero,2026-08-16,1.439,1.269,1.639,1.362,1.519,rt,
lubero,2026-08-17,1.446,1.267,1.653,1.368,1.53,rt,
lubero,2026-08-18,1.456,1.268,1.668,1.373,1.541,rt,
lubero,2026-08-19,1.461,1.266,1.683,1.376,1.553,rt,
lubero,2026-08-20,1.466,1.262,1.702,1.378,1.565,rt,
lubero,2026-08-21,1.473,1.274,1.685,1.389,1.564,rt,
lubero,2026-08-22,1.478,1.293,1.68,1.397,1.563,rt,
lubero,2026-08-23,1.482,1.301,1.678,1.402,1.563,rt,
lubero,2026-08-24,1.473,1.292,1.676,1.399,1.555,rt,
lubero,2026-08-25,1.46,1.28,1.67,1.386,1.544,rt,
lubero,2026-08-26,1.449,1.265,1.656,1.371,1.534,rt,
lubero,2026-08-27,1.434,1.251,1.654,1.355,1.527,rt,
lubero,2026-08-28,1.418,1.248,1.627,1.341,1.502,rt,
lubero,2026-08-29,1.402,1.236,1.604,1.328,1.482,rt,
lubero,2026-08-30,1.382,1.216,1.583,1.31,1.465,rt,
lubero,2026-08-31,1.33,1.163,1.527,1.258,1.409,rt,
lubero,2026-09-01,1.276,1.111,1.473,1.204,1.358,rt,
lubero,2026-09-02,1.222,1.057,1.429,1.151,1.307,rt,
lubero,2026-09-03,1.17,1.004,1.382,1.099,1.258,rt,
lubero,2026-09-04,1.122,0.968,1.316,1.054,1.202,rt,
lubero,2026-09-05,1.073,0.925,1.255,1.01,1.146,rt,
lubero,2026-09-06,1.029,0.876,1.206,0.963,1.099,rt,
lubero,2026-09-07,0.984,0.825,1.159,0.916,1.054,rt,
lubero,2026-09-08,0.946,0.783,1.119,0.879,1.016,rt,
lubero,2026-09-09,0.909,0.743,1.087,0.839,0.978,rt,
lubero,2026-09-10,0.873,0.705,1.051,0.802,0.945,rt,
lubero,2026-09-11,0.837,0.674,1.019,0.769,0.911,rt,
lubero,2026-09-12,0.804,0.635,0.988,0.737,0.88,rt,
lubero,2026-09-13,0.772,0.606,0.97,0.704,0.847,rt,
lubero,2026-09-14,0.751,0.58,0.964,0.681,0.831,rt,
lubero,2026-09-15,0.735,0.561,0.966,0.662,0.819,rt,
lubero,2026-09-16,0.721,0.538,0.967,0.643,0.808,rt,
lubero,2026-09-17,0.707,0.518,0.967,0.625,0.796,rt,
lubero,2026-09-18,0.69,0.501,0.951,0.61,0.787,rt,
lubero,2026-09-19,0.674,0.482,0.95,0.597,0.776,rt,
lubero,2026-09-20,0.662,0.464,0.949,0.583,0.767,rt,
lubero,2026-09-21,0.66,0.454,0.959,0.575,0.769,rt,
lubero,2026-09-22,0.661,0.449,0.957,0.573,0.773,rt,
lubero,2026-09-23,0.664,0.44,0.962,0.569,0.773,rt,
lubero,2026-09-24,0.662,0.433,0.969,0.564,0.78,rt,
lubero,2026-09-25,0.662,0.436,0.947,0.565,0.775,rt,
lubero,2026-09-26,0.661,0.441,0.934,0.568,0.773,rt,
lubero,2026-09-27,0.659,0.442,0.917,0.57,0.768,rt,
mabalako,2026-08-10,2.039,1.589,2.641,1.83,2.271,rt,
mabalako,2026-08-11,2.046,1.607,2.612,1.852,2.267,rt,
mabalako,2026-08-12,2.043,1.63,2.615,1.867,2.274,rt,
mabalako,2026-08-13,2.044,1.619,2.607,1.876,2.282,rt,
mabalako,2026-08-14,2.051,1.614,2.633,1.881,2.278,rt,
mabalako,2026-08-15,2.06,1.615,2.663,1.876,2.293,rt,
mabalako,2026-08-16,2.064,1.593,2.728,1.859,2.31,rt,
mabalako,2026-08-17,2.078,1.588,2.813,1.861,2.353,rt,
mabalako,2026-08-18,2.099,1.608,2.815,1.887,2.359,rt,
mabalako,2026-08-19,2.112,1.622,2.813,1.908,2.365,rt,
mabalako,2026-08-20,2.123,1.645,2.807,1.926,2.371,rt,
mabalako,2026-08-21,2.132,1.669,2.797,1.948,2.374,rt,
mabalako,2026-08-22,2.148,1.672,2.787,1.95,2.383,rt,
mabalako,2026-08-23,2.158,1.688,2.814,1.948,2.395,rt,
mabalako,2026-08-24,2.143,1.667,2.83,1.928,2.398,rt,
mabalako,2026-08-25,2.129,1.68,2.763,1.926,2.379,rt,
mabalako,2026-08-26,2.119,1.673,2.727,1.917,2.356,rt,
mabalako,2026-08-27,2.106,1.666,2.703,1.905,2.345,rt,
mabalako,2026-08-28,2.085,1.649,2.659,1.894,2.31,rt,
mabalako,2026-08-29,2.065,1.619,2.638,1.872,2.287,rt,
mabalako,2026-08-30,2.046,1.591,2.611,1.84,2.269,rt,
mabalako,2026-08-31,1.964,1.496,2.563,1.763,2.197,rt,
mabalako,2026-09-01,1.891,1.46,2.428,1.696,2.111,rt,
mabalako,2026-09-02,1.814,1.394,2.328,1.631,2.023,rt,
mabalako,2026-09-03,1.75,1.334,2.248,1.567,1.948,rt,
mabalako,2026-09-04,1.675,1.284,2.161,1.506,1.864,rt,
mabalako,2026-09-05,1.605,1.219,2.078,1.441,1.786,rt,
mabalako,2026-09-06,1.534,1.152,2.021,1.372,1.722,rt,
mabalako,2026-09-07,1.469,1.079,1.963,1.305,1.651,rt,
mabalako,2026-09-08,1.404,1.033,1.868,1.249,1.583,rt,
mabalako,2026-09-09,1.342,0.976,1.787,1.197,1.515,rt,
mabalako,2026-09-10,1.283,0.944,1.714,1.136,1.445,rt,
mabalako,2026-09-11,1.231,0.898,1.648,1.082,1.386,rt,
mabalako,2026-09-12,1.175,0.845,1.599,1.032,1.341,rt,
mabalako,2026-09-13,1.126,0.799,1.549,0.978,1.297,rt,
mabalako,2026-09-14,1.092,0.757,1.548,0.939,1.269,rt,
mabalako,2026-09-15,1.069,0.73,1.512,0.91,1.242,rt,
mabalako,2026-09-16,1.041,0.701,1.496,0.882,1.21,rt,
mabalako,2026-09-17,1.014,0.677,1.487,0.852,1.181,rt,
mabalako,2026-09-18,0.983,0.646,1.459,0.83,1.156,rt,
mabalako,2026-09-19,0.959,0.619,1.438,0.801,1.134,rt,
mabalako,2026-09-20,0.938,0.59,1.425,0.776,1.114,rt,
mabalako,2026-09-21,0.931,0.569,1.444,0.76,1.115,rt,
mabalako,2026-09-22,0.919,0.563,1.44,0.754,1.111,rt,
mabalako,2026-09-23,0.911,0.56,1.444,0.746,1.108,rt,
mabalako,2026-09-24,0.901,0.543,1.476,0.734,1.104,rt,
mabalako,2026-09-25,0.892,0.534,1.462,0.729,1.095,rt,
mabalako,2026-09-26,0.882,0.526,1.455,0.725,1.089,rt,
mabalako,2026-09-27,0.881,0.511,1.456,0.72,1.083,rt,
manguredjipa,2026-08-07,1.439,1.256,1.652,1.357,1.518,rt,
manguredjipa,2026-08-08,1.445,1.269,1.657,1.368,1.527,rt,
manguredjipa,2026-08-09,1.452,1.28,1.661,1.379,1.531,rt,
manguredjipa,2026-08-10,1.449,1.278,1.669,1.375,1.533,rt,
manguredjipa,2026-08-11,1.448,1.279,1.675,1.374,1.53,rt,
manguredjipa,2026-08-12,1.448,1.276,1.681,1.37,1.536,rt,
manguredjipa,2026-08-13,1.45,1.268,1.682,1.367,1.541,rt,
manguredjipa,2026-08-14,1.451,1.274,1.671,1.371,1.536,rt,
manguredjipa,2026-08-15,1.449,1.272,1.665,1.371,1.536,rt,
manguredjipa,2026-08-16,1.451,1.263,1.662,1.371,1.538,rt,
manguredjipa,2026-08-17,1.462,1.26,1.674,1.377,1.549,rt,
manguredjipa,2026-08-18,1.473,1.262,1.689,1.382,1.56,rt,
manguredjipa,2026-08-19,1.479,1.263,1.707,1.383,1.572,rt,
manguredjipa,2026-08-20,1.487,1.256,1.725,1.385,1.586,rt,
manguredjipa,2026-08-21,1.491,1.271,1.715,1.396,1.582,rt,
manguredjipa,2026-08-22,1.494,1.291,1.71,1.404,1.584,rt,
manguredjipa,2026-08-23,1.496,1.302,1.708,1.411,1.589,rt,
manguredjipa,2026-08-24,1.485,1.293,1.701,1.406,1.578,rt,
manguredjipa,2026-08-25,1.475,1.284,1.691,1.391,1.568,rt,
manguredjipa,2026-08-26,1.46,1.272,1.68,1.378,1.555,rt,
manguredjipa,2026-08-27,1.443,1.255,1.678,1.362,1.546,rt,
manguredjipa,2026-08-28,1.43,1.244,1.644,1.349,1.521,rt,
manguredjipa,2026-08-29,1.411,1.232,1.617,1.334,1.498,rt,
manguredjipa,2026-08-30,1.39,1.21,1.606,1.313,1.474,rt,
manguredjipa,2026-08-31,1.336,1.153,1.547,1.258,1.419,rt,
manguredjipa,2026-09-01,1.279,1.1,1.486,1.206,1.365,rt,
manguredjipa,2026-09-02,1.223,1.043,1.432,1.151,1.313,rt,
manguredjipa,2026-09-03,1.169,0.987,1.381,1.098,1.262,rt,
manguredjipa,2026-09-04,1.119,0.948,1.32,1.047,1.199,rt,
manguredjipa,2026-09-05,1.07,0.903,1.255,1.0,1.145,rt,
manguredjipa,2026-09-06,1.021,0.858,1.2,0.949,1.096,rt,
manguredjipa,2026-09-07,0.972,0.804,1.153,0.902,1.047,rt,
manguredjipa,2026-09-08,0.929,0.766,1.111,0.863,1.004,rt,
manguredjipa,2026-09-09,0.889,0.726,1.074,0.82,0.965,rt,
manguredjipa,2026-09-10,0.852,0.688,1.039,0.783,0.926,rt,
manguredjipa,2026-09-11,0.818,0.653,1.004,0.749,0.89,rt,
manguredjipa,2026-09-12,0.784,0.62,0.974,0.715,0.854,rt,
manguredjipa,2026-09-13,0.75,0.581,0.95,0.681,0.822,rt,
manguredjipa,2026-09-14,0.729,0.554,0.946,0.656,0.805,rt,
manguredjipa,2026-09-15,0.711,0.532,0.94,0.636,0.791,rt,
manguredjipa,2026-09-16,0.696,0.513,0.942,0.617,0.777,rt,
manguredjipa,2026-09-17,0.679,0.494,0.941,0.597,0.767,rt,
manguredjipa,2026-09-18,0.664,0.475,0.926,0.579,0.754,rt,
manguredjipa,2026-09-19,0.649,0.455,0.909,0.564,0.742,rt,
manguredjipa,2026-09-20,0.633,0.44,0.908,0.55,0.731,rt,
manguredjipa,2026-09-21,0.629,0.428,0.916,0.541,0.733,rt,
manguredjipa,2026-09-22,0.627,0.42,0.913,0.537,0.734,rt,
manguredjipa,2026-09-23,0.625,0.412,0.922,0.533,0.736,rt,
manguredjipa,2026-09-24,0.624,0.403,0.934,0.527,0.739,rt,
manguredjipa,2026-09-25,0.622,0.406,0.919,0.528,0.732,rt,
manguredjipa,2026-09-26,0.621,0.408,0.904,0.53,0.729,rt,
manguredjipa,2026-09-27,0.621,0.406,0.883,0.529,0.723,rt,
masereka,2026-07-21,1.374,1.207,1.555,1.305,1.441,rt,
masereka,2026-07-22,1.37,1.195,1.556,1.3,1.437,rt,
masereka,2026-07-23,1.363,1.182,1.561,1.29,1.434,rt,
masereka,2026-07-24,1.355,1.192,1.537,1.289,1.424,rt,
masereka,2026-07-25,1.351,1.189,1.524,1.284,1.419,rt,
masereka,2026-07-26,1.342,1.183,1.517,1.275,1.412,rt,
masereka,2026-07-27,1.349,1.189,1.524,1.276,1.422,rt,
masereka,2026-07-28,1.356,1.191,1.54,1.284,1.433,rt,
masereka,2026-07-29,1.364,1.192,1.561,1.291,1.446,rt,
masereka,2026-07-30,1.371,1.188,1.585,1.295,1.46,rt,
masereka,2026-07-31,1.378,1.207,1.58,1.308,1.462,rt,
masereka,2026-08-01,1.387,1.221,1.582,1.319,1.467,rt,
masereka,2026-08-02,1.396,1.234,1.585,1.326,1.47,rt,
masereka,2026-08-03,1.404,1.236,1.591,1.331,1.48,rt,
masereka,2026-08-04,1.408,1.245,1.602,1.339,1.49,rt,
masereka,2026-08-05,1.416,1.248,1.616,1.344,1.499,rt,
masereka,2026-08-06,1.422,1.253,1.632,1.346,1.508,rt,
masereka,2026-08-07,1.431,1.272,1.628,1.358,1.509,rt,
masereka,2026-08-08,1.439,1.288,1.631,1.37,1.512,rt,
masereka,2026-08-09,1.447,1.291,1.633,1.378,1.517,rt,
masereka,2026-08-10,1.443,1.286,1.641,1.375,1.516,rt,
masereka,2026-08-11,1.441,1.289,1.647,1.373,1.516,rt,
masereka,2026-08-12,1.44,1.278,1.65,1.368,1.515,rt,
masereka,2026-08-13,1.439,1.268,1.663,1.361,1.52,rt,
masereka,2026-08-14,1.438,1.272,1.645,1.365,1.515,rt,
masereka,2026-08-15,1.437,1.27,1.641,1.364,1.512,rt,
masereka,2026-08-16,1.435,1.265,1.64,1.36,1.517,rt,
masereka,2026-08-17,1.444,1.265,1.654,1.365,1.524,rt,
masereka,2026-08-18,1.452,1.268,1.663,1.368,1.535,rt,
masereka,2026-08-19,1.458,1.269,1.674,1.37,1.545,rt,
masereka,2026-08-20,1.463,1.261,1.69,1.372,1.559,rt,
masereka,2026-08-21,1.467,1.273,1.679,1.387,1.558,rt,
masereka,2026-08-22,1.471,1.285,1.675,1.394,1.558,rt,
masereka,2026-08-23,1.475,1.29,1.678,1.402,1.557,rt,
masereka,2026-08-24,1.466,1.285,1.669,1.394,1.548,rt,
masereka,2026-08-25,1.455,1.274,1.657,1.382,1.537,rt,
masereka,2026-08-26,1.442,1.261,1.65,1.365,1.53,rt,
masereka,2026-08-27,1.429,1.239,1.649,1.349,1.52,rt,
masereka,2026-08-28,1.413,1.235,1.625,1.336,1.494,rt,
masereka,2026-08-29,1.397,1.227,1.602,1.326,1.475,rt,
masereka,2026-08-30,1.377,1.21,1.577,1.306,1.454,rt,
masereka,2026-08-31,1.324,1.158,1.525,1.252,1.403,rt,
masereka,2026-09-01,1.268,1.104,1.473,1.2,1.349,rt,
masereka,2026-09-02,1.216,1.051,1.42,1.145,1.294,rt,
masereka,2026-09-03,1.164,0.996,1.371,1.093,1.247,rt,
masereka,2026-09-04,1.114,0.959,1.31,1.049,1.191,rt,
masereka,2026-09-05,1.067,0.918,1.248,1.003,1.138,rt,
masereka,2026-09-06,1.021,0.869,1.196,0.957,1.089,rt,
masereka,2026-09-07,0.976,0.818,1.144,0.91,1.045,rt,
masereka,2026-09-08,0.938,0.776,1.106,0.871,1.006,rt,
masereka,2026-09-09,0.9,0.738,1.071,0.833,0.969,rt,
masereka,2026-09-10,0.863,0.699,1.041,0.794,0.934,rt,
masereka,2026-09-11,0.828,0.665,1.006,0.761,0.902,rt,
masereka,2026-09-12,0.794,0.629,0.978,0.729,0.865,rt,
masereka,2026-09-13,0.761,0.599,0.961,0.696,0.836,rt,
masereka,2026-09-14,0.741,0.575,0.954,0.673,0.82,rt,
masereka,2026-09-15,0.726,0.557,0.957,0.653,0.807,rt,
masereka,2026-09-16,0.71,0.536,0.954,0.635,0.798,rt,
masereka,2026-09-17,0.696,0.515,0.955,0.617,0.785,rt,
masereka,2026-09-18,0.681,0.495,0.945,0.601,0.773,rt,
masereka,2026-09-19,0.665,0.477,0.94,0.588,0.764,rt,
masereka,2026-09-20,0.653,0.459,0.94,0.572,0.753,rt,
masereka,2026-09-21,0.652,0.448,0.942,0.564,0.755,rt,
masereka,2026-09-22,0.651,0.442,0.946,0.565,0.758,rt,
masereka,2026-09-23,0.651,0.435,0.955,0.558,0.761,rt,
masereka,2026-09-24,0.652,0.427,0.955,0.553,0.768,rt,
masereka,2026-09-25,0.65,0.433,0.938,0.554,0.764,rt,
masereka,2026-09-26,0.649,0.437,0.925,0.559,0.758,rt,
masereka,2026-09-27,0.648,0.442,0.91,0.561,0.756,rt,
musienene,2026-06-15,2.115,1.554,2.835,1.869,2.397,rt,
musienene,2026-06-16,2.095,1.56,2.78,1.857,2.354,rt,
musienene,2026-06-17,2.074,1.567,2.722,1.839,2.324,rt,
musienene,2026-06-18,2.051,1.544,2.698,1.816,2.288,rt,
musienene,2026-06-19,2.029,1.546,2.651,1.803,2.255,rt,
musienene,2026-06-20,2.002,1.527,2.638,1.78,2.234,rt,
musienene,2026-06-21,1.973,1.499,2.617,1.759,2.229,rt,
musienene,2026-06-22,1.979,1.487,2.684,1.763,2.252,rt,
musienene,2026-06-23,1.985,1.497,2.638,1.767,2.226,rt,
musienene,2026-06-24,1.981,1.509,2.613,1.759,2.215,rt,
musienene,2026-06-25,1.973,1.509,2.594,1.757,2.209,rt,
musienene,2026-06-26,1.961,1.522,2.575,1.764,2.203,rt,
musienene,2026-06-27,1.958,1.524,2.587,1.763,2.195,rt,
musienene,2026-06-28,1.952,1.506,2.615,1.757,2.191,rt,
musienene,2026-06-29,1.921,1.457,2.613,1.721,2.171,rt,
musienene,2026-06-30,1.879,1.442,2.503,1.69,2.108,rt,
musienene,2026-07-01,1.843,1.434,2.393,1.659,2.049,rt,
musienene,2026-07-02,1.81,1.404,2.319,1.623,1.995,rt,
musienene,2026-07-03,1.763,1.377,2.25,1.598,1.938,rt,
musienene,2026-07-04,1.721,1.34,2.174,1.566,1.882,rt,
musienene,2026-07-05,1.681,1.305,2.132,1.525,1.847,rt,
musienene,2026-07-06,1.658,1.273,2.131,1.497,1.826,rt,
musienene,2026-07-07,1.63,1.279,2.073,1.482,1.782,rt,
musienene,2026-07-08,1.598,1.267,2.029,1.462,1.75,rt,
musienene,2026-07-09,1.575,1.26,1.99,1.441,1.72,rt,
musienene,2026-07-10,1.546,1.255,1.952,1.421,1.687,rt,
musienene,2026-07-11,1.521,1.237,1.911,1.398,1.663,rt,
musienene,2026-07-12,1.497,1.203,1.896,1.369,1.642,rt,
musienene,2026-07-13,1.467,1.156,1.882,1.332,1.613,rt,
musienene,2026-07-14,1.44,1.142,1.817,1.312,1.569,rt,
musienene,2026-07-15,1.408,1.122,1.763,1.289,1.539,rt,
musienene,2026-07-16,1.38,1.09,1.713,1.256,1.513,rt,
musienene,2026-07-17,1.351,1.065,1.673,1.231,1.481,rt,
musienene,2026-07-18,1.323,1.039,1.646,1.208,1.452,rt,
musienene,2026-07-19,1.3,1.002,1.631,1.178,1.425,rt,
musienene,2026-07-20,1.273,0.963,1.635,1.147,1.407,rt,
musienene,2026-07-21,1.252,0.966,1.58,1.13,1.382,rt,
musienene,2026-07-22,1.231,0.96,1.542,1.117,1.359,rt,
musienene,2026-07-23,1.213,0.949,1.507,1.098,1.338,rt,
musienene,2026-07-24,1.192,0.933,1.471,1.083,1.312,rt,
musienene,2026-07-25,1.173,0.919,1.455,1.059,1.289,rt,
musienene,2026-07-26,1.16,0.888,1.448,1.039,1.269,rt,
musienene,2026-07-27,1.153,0.871,1.458,1.029,1.268,rt,
musienene,2026-07-28,1.15,0.882,1.437,1.034,1.263,rt,
musienene,2026-07-29,1.145,0.893,1.424,1.038,1.259,rt,
musienene,2026-07-30,1.145,0.895,1.42,1.037,1.256,rt,
musienene,2026-07-31,1.143,0.901,1.404,1.041,1.249,rt,
musienene,2026-08-01,1.144,0.903,1.406,1.04,1.248,rt,
musienene,2026-08-02,1.146,0.894,1.42,1.039,1.249,rt,
musienene,2026-08-03,1.145,0.885,1.442,1.032,1.251,rt,
musienene,2026-08-04,1.147,0.904,1.419,1.042,1.251,rt,
musienene,2026-08-05,1.149,0.913,1.401,1.049,1.243,rt,
musienene,2026-08-06,1.151,0.912,1.395,1.049,1.242,rt,
musienene,2026-08-07,1.152,0.919,1.39,1.055,1.243,rt,
musienene,2026-08-08,1.152,0.918,1.39,1.058,1.251,rt,
musienene,2026-08-09,1.154,0.913,1.411,1.057,1.267,rt,
musienene,2026-08-10,1.149,0.891,1.428,1.043,1.267,rt,
musienene,2026-08-11,1.146,0.908,1.413,1.04,1.256,rt,
musienene,2026-08-12,1.143,0.914,1.412,1.044,1.25,rt,
musienene,2026-08-13,1.141,0.915,1.411,1.042,1.247,rt,
musienene,2026-08-14,1.143,0.913,1.399,1.041,1.245,rt,
musienene,2026-08-15,1.14,0.9,1.411,1.037,1.249,rt,
musienene,2026-08-16,1.135,0.882,1.428,1.033,1.253,rt,
musienene,2026-08-17,1.139,0.87,1.461,1.03,1.268,rt,
musienene,2026-08-18,1.144,0.89,1.441,1.038,1.265,rt,
musienene,2026-08-19,1.144,0.903,1.44,1.048,1.261,rt,
musienene,2026-08-20,1.147,0.906,1.446,1.046,1.263,rt,
musienene,2026-08-21,1.149,0.911,1.444,1.047,1.256,rt,
musienene,2026-08-22,1.147,0.915,1.445,1.048,1.256,rt,
musienene,2026-08-23,1.147,0.905,1.46,1.045,1.267,rt,
musienene,2026-08-24,1.138,0.889,1.47,1.031,1.263,rt,
musienene,2026-08-25,1.12,0.887,1.415,1.02,1.243,rt,
musienene,2026-08-26,1.098,0.873,1.383,1.002,1.216,rt,
musienene,2026-08-27,1.082,0.862,1.359,0.983,1.191,rt,
musienene,2026-08-28,1.062,0.841,1.338,0.965,1.166,rt,
musienene,2026-08-29,1.04,0.814,1.325,0.941,1.15,rt,
musienene,2026-08-30,1.013,0.783,1.321,0.913,1.133,rt,
musienene,2026-08-31,0.969,0.726,1.292,0.862,1.087,rt,
musienene,2026-09-01,0.918,0.691,1.212,0.821,1.029,rt,
musienene,2026-09-02,0.873,0.652,1.139,0.779,0.974,rt,
musienene,2026-09-03,0.826,0.61,1.094,0.731,0.923,rt,
musienene,2026-09-04,0.779,0.57,1.033,0.692,0.876,rt,
musienene,2026-09-05,0.736,0.529,0.975,0.651,0.829,rt,
musienene,2026-09-06,0.697,0.49,0.934,0.609,0.787,rt,
musienene,2026-09-07,0.654,0.448,0.903,0.568,0.749,rt,
musienene,2026-09-08,0.627,0.429,0.863,0.541,0.717,rt,
musienene,2026-09-09,0.601,0.406,0.827,0.515,0.685,rt,
musienene,2026-09-10,0.574,0.385,0.8,0.492,0.657,rt,
musienene,2026-09-11,0.55,0.364,0.775,0.468,0.633,rt,
musienene,2026-09-12,0.526,0.34,0.756,0.444,0.613,rt,
musienene,2026-09-13,0.502,0.32,0.738,0.422,0.593,rt,
musienene,2026-09-14,0.488,0.301,0.74,0.406,0.579,rt,
musienene,2026-09-15,0.48,0.296,0.722,0.397,0.573,rt,
musienene,2026-09-16,0.471,0.288,0.722,0.391,0.566,rt,
musienene,2026-09-17,0.46,0.281,0.725,0.381,0.557,rt,
musienene,2026-09-18,0.453,0.27,0.72,0.373,0.55,rt,
musienene,2026-09-19,0.445,0.263,0.73,0.365,0.546,rt,
musienene,2026-09-20,0.438,0.252,0.739,0.355,0.539,rt,
musienene,2026-09-21,0.439,0.243,0.758,0.349,0.544,rt,
musienene,2026-09-22,0.441,0.244,0.76,0.351,0.548,rt,
musienene,2026-09-23,0.444,0.244,0.767,0.351,0.554,rt,
musienene,2026-09-24,0.447,0.241,0.777,0.353,0.562,rt,
musienene,2026-09-25,0.446,0.241,0.781,0.354,0.561,rt,
musienene,2026-09-26,0.448,0.238,0.788,0.354,0.563,rt,
musienene,2026-09-27,0.45,0.24,0.795,0.353,0.568,rt,
mutwanga,2026-08-10,1.461,1.3,1.664,1.389,1.536,rt,
mutwanga,2026-08-11,1.46,1.298,1.662,1.391,1.538,rt,
mutwanga,2026-08-12,1.458,1.289,1.673,1.388,1.54,rt,
mutwanga,2026-08-13,1.457,1.279,1.685,1.382,1.543,rt,
mutwanga,2026-08-14,1.459,1.286,1.677,1.387,1.541,rt,
mutwanga,2026-08-15,1.46,1.285,1.676,1.384,1.543,rt,
mutwanga,2026-08-16,1.459,1.285,1.677,1.383,1.543,rt,
mutwanga,2026-08-17,1.468,1.287,1.698,1.387,1.558,rt,
mutwanga,2026-08-18,1.479,1.287,1.7,1.392,1.571,rt,
mutwanga,2026-08-19,1.489,1.286,1.718,1.399,1.585,rt,
mutwanga,2026-08-20,1.495,1.28,1.744,1.404,1.595,rt,
mutwanga,2026-08-21,1.503,1.303,1.73,1.415,1.597,rt,
mutwanga,2026-08-22,1.507,1.321,1.73,1.427,1.596,rt,
mutwanga,2026-08-23,1.515,1.326,1.727,1.435,1.6,rt,
mutwanga,2026-08-24,1.511,1.322,1.726,1.43,1.596,rt,
mutwanga,2026-08-25,1.5,1.31,1.723,1.422,1.591,rt,
mutwanga,2026-08-26,1.49,1.301,1.723,1.412,1.586,rt,
mutwanga,2026-08-27,1.482,1.285,1.721,1.398,1.577,rt,
mutwanga,2026-08-28,1.471,1.281,1.699,1.388,1.557,rt,
mutwanga,2026-08-29,1.456,1.278,1.681,1.378,1.538,rt,
mutwanga,2026-08-30,1.437,1.263,1.664,1.363,1.523,rt,
mutwanga,2026-08-31,1.389,1.215,1.614,1.312,1.471,rt,
mutwanga,2026-09-01,1.341,1.163,1.562,1.26,1.422,rt,
mutwanga,2026-09-02,1.286,1.109,1.511,1.209,1.376,rt,
mutwanga,2026-09-03,1.237,1.058,1.467,1.156,1.333,rt,
mutwanga,2026-09-04,1.191,1.021,1.399,1.117,1.279,rt,
mutwanga,2026-09-05,1.145,0.982,1.341,1.072,1.227,rt,
mutwanga,2026-09-06,1.103,0.939,1.295,1.029,1.182,rt,
mutwanga,2026-09-07,1.058,0.895,1.251,0.983,1.139,rt,
mutwanga,2026-09-08,1.02,0.858,1.212,0.945,1.097,rt,
mutwanga,2026-09-09,0.981,0.817,1.184,0.906,1.06,rt,
mutwanga,2026-09-10,0.947,0.778,1.152,0.871,1.026,rt,
mutwanga,2026-09-11,0.912,0.739,1.118,0.838,0.989,rt,
mutwanga,2026-09-12,0.878,0.703,1.086,0.804,0.956,rt,
mutwanga,2026-09-13,0.844,0.667,1.062,0.772,0.928,rt,
mutwanga,2026-09-14,0.823,0.643,1.056,0.749,0.912,rt,
mutwanga,2026-09-15,0.808,0.621,1.053,0.734,0.902,rt,
mutwanga,2026-09-16,0.793,0.599,1.055,0.714,0.891,rt,
mutwanga,2026-09-17,0.78,0.577,1.05,0.695,0.881,rt,
mutwanga,2026-09-18,0.763,0.559,1.041,0.679,0.866,rt,
mutwanga,2026-09-19,0.75,0.539,1.032,0.665,0.855,rt,
mutwanga,2026-09-20,0.737,0.519,1.032,0.65,0.844,rt,
mutwanga,2026-09-21,0.736,0.509,1.04,0.644,0.847,rt,
mutwanga,2026-09-22,0.736,0.503,1.05,0.638,0.849,rt,
mutwanga,2026-09-23,0.737,0.495,1.053,0.634,0.854,rt,
mutwanga,2026-09-24,0.737,0.489,1.06,0.628,0.86,rt,
mutwanga,2026-09-25,0.738,0.493,1.039,0.632,0.855,rt,
mutwanga,2026-09-26,0.74,0.498,1.018,0.636,0.846,rt,
mutwanga,2026-09-27,0.74,0.505,1.003,0.641,0.843,rt,
oicha,2026-07-13,1.341,1.149,1.563,1.264,1.423,rt,
oicha,2026-07-14,1.336,1.15,1.552,1.259,1.419,rt,
oicha,2026-07-15,1.338,1.147,1.545,1.252,1.413,rt,
oicha,2026-07-16,1.333,1.141,1.543,1.245,1.413,rt,
oicha,2026-07-17,1.331,1.148,1.524,1.246,1.406,rt,
oicha,2026-07-18,1.325,1.152,1.512,1.245,1.399,rt,
oicha,2026-07-19,1.318,1.147,1.509,1.242,1.393,rt,
oicha,2026-07-20,1.318,1.143,1.503,1.24,1.39,rt,
oicha,2026-07-21,1.315,1.147,1.507,1.237,1.386,rt,
oicha,2026-07-22,1.314,1.138,1.51,1.238,1.385,rt,
oicha,2026-07-23,1.31,1.131,1.514,1.233,1.386,rt,
oicha,2026-07-24,1.305,1.139,1.497,1.236,1.379,rt,
oicha,2026-07-25,1.3,1.14,1.483,1.23,1.374,rt,
oicha,2026-07-26,1.295,1.136,1.478,1.225,1.37,rt,
oicha,2026-07-27,1.305,1.139,1.493,1.231,1.381,rt,
oicha,2026-07-28,1.316,1.145,1.51,1.241,1.392,rt,
oicha,2026-07-29,1.324,1.151,1.527,1.248,1.407,rt,
oicha,2026-07-30,1.337,1.156,1.553,1.257,1.423,rt,
oicha,2026-07-31,1.347,1.178,1.552,1.27,1.429,rt,
oicha,2026-08-01,1.357,1.189,1.548,1.279,1.432,rt,
oicha,2026-08-02,1.367,1.201,1.555,1.293,1.443,rt,
oicha,2026-08-03,1.374,1.207,1.573,1.303,1.451,rt,
oicha,2026-08-04,1.386,1.218,1.58,1.311,1.463,rt,
oicha,2026-08-05,1.397,1.226,1.601,1.319,1.473,rt,
oicha,2026-08-06,1.405,1.228,1.624,1.326,1.486,rt,
oicha,2026-08-07,1.416,1.253,1.619,1.342,1.489,rt,
oicha,2026-08-08,1.424,1.27,1.618,1.354,1.498,rt,
oicha,2026-08-09,1.434,1.279,1.627,1.365,1.507,rt,
oicha,2026-08-10,1.433,1.276,1.63,1.365,1.505,rt,
oicha,2026-08-11,1.435,1.274,1.632,1.365,1.51,rt,
oicha,2026-08-12,1.437,1.269,1.64,1.362,1.514,rt,
oicha,2026-08-13,1.439,1.26,1.654,1.358,1.517,rt,
oicha,2026-08-14,1.44,1.265,1.646,1.362,1.515,rt,
oicha,2026-08-15,1.439,1.269,1.643,1.363,1.517,rt,
oicha,2026-08-16,1.442,1.264,1.647,1.362,1.521,rt,
oicha,2026-08-17,1.454,1.262,1.665,1.368,1.534,rt,
oicha,2026-08-18,1.461,1.268,1.675,1.376,1.548,rt,
oicha,2026-08-19,1.471,1.27,1.695,1.379,1.561,rt,
oicha,2026-08-20,1.479,1.264,1.722,1.385,1.577,rt,
oicha,2026-08-21,1.487,1.281,1.708,1.397,1.579,rt,
oicha,2026-08-22,1.492,1.296,1.703,1.408,1.58,rt,
oicha,2026-08-23,1.498,1.305,1.709,1.417,1.583,rt,
oicha,2026-08-24,1.489,1.299,1.707,1.414,1.58,rt,
oicha,2026-08-25,1.482,1.298,1.696,1.404,1.576,rt,
oicha,2026-08-26,1.47,1.28,1.692,1.392,1.567,rt,
oicha,2026-08-27,1.46,1.262,1.692,1.379,1.558,rt,
oicha,2026-08-28,1.446,1.263,1.678,1.37,1.538,rt,
oicha,2026-08-29,1.434,1.252,1.654,1.356,1.521,rt,
oicha,2026-08-30,1.42,1.241,1.636,1.341,1.502,rt,
oicha,2026-08-31,1.365,1.192,1.587,1.291,1.449,rt,
oicha,2026-09-01,1.315,1.138,1.531,1.238,1.4,rt,
oicha,2026-09-02,1.261,1.083,1.484,1.186,1.351,rt,
oicha,2026-09-03,1.212,1.028,1.439,1.134,1.304,rt,
oicha,2026-09-04,1.163,0.994,1.375,1.093,1.251,rt,
oicha,2026-09-05,1.118,0.951,1.311,1.048,1.199,rt,
oicha,2026-09-06,1.071,0.909,1.265,1.003,1.148,rt,
oicha,2026-09-07,1.025,0.859,1.221,0.955,1.105,rt,
oicha,2026-09-08,0.987,0.816,1.185,0.917,1.064,rt,
oicha,2026-09-09,0.95,0.777,1.148,0.879,1.028,rt,
oicha,2026-09-10,0.915,0.743,1.109,0.841,0.992,rt,
oicha,2026-09-11,0.88,0.708,1.074,0.807,0.957,rt,
oicha,2026-09-12,0.846,0.674,1.044,0.772,0.925,rt,
oicha,2026-09-13,0.813,0.639,1.02,0.74,0.893,rt,
oicha,2026-09-14,0.793,0.617,1.023,0.717,0.876,rt,
oicha,2026-09-15,0.779,0.595,1.019,0.702,0.864,rt,
oicha,2026-09-16,0.762,0.572,1.015,0.683,0.854,rt,
oicha,2026-09-17,0.746,0.551,1.011,0.665,0.847,rt,
oicha,2026-09-18,0.728,0.533,0.998,0.649,0.831,rt,
oicha,2026-09-19,0.713,0.516,0.994,0.632,0.825,rt,
oicha,2026-09-20,0.701,0.493,0.988,0.614,0.812,rt,
oicha,2026-09-21,0.702,0.482,1.001,0.61,0.815,rt,
oicha,2026-09-22,0.702,0.474,1.01,0.604,0.818,rt,
oicha,2026-09-23,0.703,0.466,1.013,0.6,0.821,rt,
oicha,2026-09-24,0.706,0.458,1.017,0.596,0.823,rt,
oicha,2026-09-25,0.706,0.462,0.998,0.6,0.818,rt,
oicha,2026-09-26,0.704,0.472,0.982,0.603,0.814,rt,
oicha,2026-09-27,0.701,0.476,0.965,0.604,0.811,rt,
vuhovi,2026-07-19,1.392,1.22,1.57,1.321,1.461,rt,
vuhovi,2026-07-20,1.389,1.211,1.57,1.313,1.455,rt,
vuhovi,2026-07-21,1.385,1.207,1.572,1.312,1.45,rt,
vuhovi,2026-07-22,1.382,1.198,1.569,1.305,1.447,rt,
vuhovi,2026-07-23,1.375,1.188,1.569,1.298,1.443,rt,
vuhovi,2026-07-24,1.365,1.194,1.55,1.298,1.435,rt,
vuhovi,2026-07-25,1.359,1.199,1.533,1.29,1.427,rt,
vuhovi,2026-07-26,1.351,1.194,1.518,1.282,1.423,rt,
vuhovi,2026-07-27,1.358,1.195,1.534,1.283,1.435,rt,
vuhovi,2026-07-28,1.364,1.201,1.548,1.292,1.447,rt,
vuhovi,2026-07-29,1.37,1.203,1.572,1.297,1.459,rt,
vuhovi,2026-07-30,1.38,1.198,1.601,1.303,1.472,rt,
vuhovi,2026-07-31,1.389,1.215,1.598,1.318,1.473,rt,
vuhovi,2026-08-01,1.398,1.23,1.604,1.331,1.477,rt,
vuhovi,2026-08-02,1.405,1.244,1.607,1.337,1.487,rt,
vuhovi,2026-08-03,1.415,1.249,1.611,1.341,1.492,rt,
vuhovi,2026-08-04,1.421,1.257,1.617,1.35,1.501,rt,
vuhovi,2026-08-05,1.43,1.26,1.629,1.354,1.511,rt,
vuhovi,2026-08-06,1.438,1.261,1.648,1.359,1.523,rt,
vuhovi,2026-08-07,1.445,1.289,1.64,1.373,1.524,rt,
vuhovi,2026-08-08,1.454,1.299,1.653,1.382,1.528,rt,
vuhovi,2026-08-09,1.462,1.307,1.659,1.392,1.535,rt,
vuhovi,2026-08-10,1.457,1.299,1.659,1.391,1.535,rt,
vuhovi,2026-08-11,1.458,1.297,1.665,1.39,1.527,rt,
vuhovi,2026-08-12,1.457,1.291,1.671,1.387,1.531,rt,
vuhovi,2026-08-13,1.458,1.28,1.681,1.381,1.537,rt,
vuhovi,2026-08-14,1.453,1.281,1.661,1.38,1.532,rt,
vuhovi,2026-08-15,1.455,1.282,1.658,1.381,1.533,rt,
vuhovi,2026-08-16,1.453,1.278,1.657,1.379,1.536,rt,
vuhovi,2026-08-17,1.461,1.277,1.673,1.382,1.547,rt,
vuhovi,2026-08-18,1.47,1.28,1.683,1.387,1.557,rt,
vuhovi,2026-08-19,1.48,1.276,1.694,1.389,1.568,rt,
vuhovi,2026-08-20,1.486,1.273,1.712,1.39,1.581,rt,
vuhovi,2026-08-21,1.49,1.294,1.697,1.404,1.577,rt,
vuhovi,2026-08-22,1.495,1.308,1.695,1.416,1.578,rt,
vuhovi,2026-08-23,1.499,1.313,1.697,1.423,1.578,rt,
vuhovi,2026-08-24,1.486,1.306,1.689,1.414,1.571,rt,
vuhovi,2026-08-25,1.474,1.297,1.68,1.402,1.56,rt,
vuhovi,2026-08-26,1.464,1.278,1.67,1.384,1.554,rt,
vuhovi,2026-08-27,1.451,1.262,1.667,1.369,1.541,rt,
vuhovi,2026-08-28,1.432,1.259,1.639,1.356,1.515,rt,
vuhovi,2026-08-29,1.413,1.246,1.613,1.342,1.494,rt,
vuhovi,2026-08-30,1.395,1.228,1.59,1.324,1.475,rt,
vuhovi,2026-08-31,1.341,1.178,1.539,1.272,1.418,rt,
vuhovi,2026-09-01,1.285,1.118,1.483,1.216,1.363,rt,
vuhovi,2026-09-02,1.231,1.063,1.435,1.162,1.312,rt,
vuhovi,2026-09-03,1.178,1.009,1.382,1.109,1.264,rt,
vuhovi,2026-09-04,1.128,0.972,1.315,1.064,1.202,rt,
vuhovi,2026-09-05,1.079,0.927,1.26,1.017,1.147,rt,
vuhovi,2026-09-06,1.031,0.877,1.207,0.969,1.101,rt,
vuhovi,2026-09-07,0.985,0.826,1.161,0.921,1.055,rt,
vuhovi,2026-09-08,0.945,0.786,1.116,0.882,1.019,rt,
vuhovi,2026-09-09,0.909,0.745,1.08,0.841,0.979,rt,
vuhovi,2026-09-10,0.872,0.706,1.052,0.801,0.943,rt,
vuhovi,2026-09-11,0.834,0.676,1.014,0.766,0.908,rt,
vuhovi,2026-09-12,0.8,0.637,0.987,0.734,0.874,rt,
vuhovi,2026-09-13,0.769,0.603,0.964,0.7,0.842,rt,
vuhovi,2026-09-14,0.745,0.575,0.961,0.677,0.823,rt,
vuhovi,2026-09-15,0.728,0.557,0.961,0.658,0.812,rt,
vuhovi,2026-09-16,0.715,0.536,0.959,0.639,0.802,rt,
vuhovi,2026-09-17,0.699,0.515,0.957,0.619,0.791,rt,
vuhovi,2026-09-18,0.684,0.494,0.945,0.604,0.779,rt,
vuhovi,2026-09-19,0.669,0.479,0.937,0.589,0.765,rt,
vuhovi,2026-09-20,0.653,0.459,0.938,0.573,0.754,rt,
vuhovi,2026-09-21,0.652,0.448,0.947,0.567,0.759,rt,
vuhovi,2026-09-22,0.652,0.443,0.944,0.564,0.76,rt,
vuhovi,2026-09-23,0.651,0.433,0.953,0.559,0.765,rt,
vuhovi,2026-09-24,0.65,0.427,0.962,0.554,0.77,rt,
vuhovi,2026-09-25,0.65,0.433,0.942,0.553,0.765,rt,
vuhovi,2026-09-26,0.65,0.437,0.925,0.559,0.76,rt,
vuhovi,2026-09-27,0.65,0.44,0.915,0.558,0.758,rt,
boma_mangbetu,2026-07-10,2.04,1.59,2.565,1.838,2.232,rt,
boma_mangbetu,2026-07-11,1.983,1.54,2.478,1.788,2.178,rt,
boma_mangbetu,2026-07-12,1.927,1.505,2.4,1.74,2.118,rt,
boma_mangbetu,2026-07-13,1.863,1.446,2.351,1.68,2.05,rt,
boma_mangbetu,2026-07-14,1.808,1.406,2.289,1.634,1.995,rt,
boma_mangbetu,2026-07-15,1.763,1.364,2.216,1.586,1.938,rt,
boma_mangbetu,2026-07-16,1.71,1.32,2.179,1.532,1.892,rt,
boma_mangbetu,2026-07-17,1.662,1.288,2.085,1.5,1.817,rt,
boma_mangbetu,2026-07-18,1.61,1.255,2.025,1.46,1.76,rt,
boma_mangbetu,2026-07-19,1.559,1.218,1.968,1.415,1.716,rt,
boma_mangbetu,2026-07-20,1.524,1.17,1.939,1.383,1.684,rt,
boma_mangbetu,2026-07-21,1.49,1.154,1.888,1.352,1.642,rt,
boma_mangbetu,2026-07-22,1.458,1.13,1.836,1.321,1.602,rt,
boma_mangbetu,2026-07-23,1.426,1.113,1.801,1.294,1.565,rt,
boma_mangbetu,2026-07-24,1.399,1.09,1.746,1.274,1.53,rt,
boma_mangbetu,2026-07-25,1.371,1.072,1.708,1.249,1.497,rt,
boma_mangbetu,2026-07-26,1.342,1.044,1.682,1.221,1.465,rt,
boma_mangbetu,2026-07-27,1.317,1.015,1.655,1.194,1.44,rt,
boma_mangbetu,2026-07-28,1.29,1.009,1.614,1.175,1.416,rt,
boma_mangbetu,2026-07-29,1.265,0.997,1.579,1.154,1.389,rt,
boma_mangbetu,2026-07-30,1.239,0.981,1.553,1.126,1.368,rt,
boma_mangbetu,2026-07-31,1.221,0.964,1.504,1.109,1.339,rt,
boma_mangbetu,2026-08-01,1.199,0.94,1.478,1.089,1.314,rt,
boma_mangbetu,2026-08-02,1.17,0.908,1.466,1.064,1.293,rt,
boma_mangbetu,2026-08-03,1.153,0.88,1.46,1.043,1.275,rt,
boma_mangbetu,2026-08-04,1.138,0.874,1.442,1.033,1.26,rt,
boma_mangbetu,2026-08-05,1.128,0.864,1.427,1.017,1.24,rt,
boma_mangbetu,2026-08-06,1.112,0.848,1.42,1.0,1.228,rt,
boma_mangbetu,2026-08-07,1.096,0.845,1.391,0.987,1.213,rt,
boma_mangbetu,2026-08-08,1.081,0.836,1.366,0.976,1.196,rt,
boma_mangbetu,2026-08-09,1.066,0.816,1.354,0.961,1.186,rt,
boma_mangbetu,2026-08-10,1.038,0.786,1.327,0.932,1.157,rt,
boma_mangbetu,2026-08-11,1.024,0.786,1.292,0.92,1.128,rt,
boma_mangbetu,2026-08-12,1.004,0.778,1.269,0.906,1.102,rt,
boma_mangbetu,2026-08-13,0.982,0.769,1.254,0.89,1.087,rt,
boma_mangbetu,2026-08-14,0.963,0.761,1.215,0.876,1.064,rt,
boma_mangbetu,2026-08-15,0.948,0.748,1.192,0.857,1.041,rt,
boma_mangbetu,2026-08-16,0.929,0.733,1.172,0.839,1.024,rt,
boma_mangbetu,2026-08-17,0.921,0.718,1.177,0.829,1.021,rt,
boma_mangbetu,2026-08-18,0.913,0.715,1.155,0.825,1.011,rt,
boma_mangbetu,2026-08-19,0.905,0.707,1.152,0.815,1.002,rt,
boma_mangbetu,2026-08-20,0.895,0.691,1.151,0.807,0.993,rt,
boma_mangbetu,2026-08-21,0.887,0.687,1.13,0.8,0.981,rt,
boma_mangbetu,2026-08-22,0.876,0.676,1.117,0.791,0.971,rt,
boma_mangbetu,2026-08-23,0.865,0.662,1.121,0.777,0.96,rt,
boma_mangbetu,2026-08-24,0.871,0.663,1.142,0.781,0.973,rt,
boma_mangbetu,2026-08-25,0.879,0.668,1.147,0.79,0.983,rt,
boma_mangbetu,2026-08-26,0.888,0.67,1.163,0.796,0.989,rt,
boma_mangbetu,2026-08-27,0.896,0.673,1.181,0.799,1.001,rt,
boma_mangbetu,2026-08-28,0.9,0.678,1.173,0.804,1.001,rt,
boma_mangbetu,2026-08-29,0.904,0.683,1.187,0.808,1.008,rt,
boma_mangbetu,2026-08-30,0.905,0.684,1.199,0.811,1.013,rt,
boma_mangbetu,2026-08-31,0.915,0.691,1.217,0.815,1.032,rt,
boma_mangbetu,2026-09-01,0.928,0.699,1.221,0.821,1.042,rt,
boma_mangbetu,2026-09-02,0.936,0.703,1.236,0.83,1.049,rt,
boma_mangbetu,2026-09-03,0.943,0.707,1.257,0.84,1.064,rt,
boma_mangbetu,2026-09-04,0.949,0.714,1.268,0.846,1.073,rt,
boma_mangbetu,2026-09-05,0.955,0.719,1.287,0.858,1.085,rt,
boma_mangbetu,2026-09-06,0.955,0.713,1.314,0.861,1.104,rt,
boma_mangbetu,2026-09-07,0.954,0.701,1.326,0.849,1.098,rt,
boma_mangbetu,2026-09-08,0.947,0.687,1.315,0.837,1.09,rt,
boma_mangbetu,2026-09-09,0.941,0.673,1.309,0.826,1.078,rt,
boma_mangbetu,2026-09-10,0.936,0.655,1.306,0.813,1.074,rt,
boma_mangbetu,2026-09-11,0.928,0.643,1.299,0.803,1.065,rt,
boma_mangbetu,2026-09-12,0.92,0.629,1.29,0.79,1.066,rt,
boma_mangbetu,2026-09-13,0.913,0.612,1.289,0.776,1.062,rt,
boma_mangbetu,2026-09-14,0.902,0.588,1.305,0.76,1.065,rt,
boma_mangbetu,2026-09-15,0.891,0.58,1.304,0.749,1.052,rt,
boma_mangbetu,2026-09-16,0.882,0.561,1.316,0.735,1.047,rt,
boma_mangbetu,2026-09-17,0.868,0.546,1.325,0.717,1.038,rt,
boma_mangbetu,2026-09-18,0.861,0.535,1.314,0.713,1.03,rt,
boma_mangbetu,2026-09-19,0.853,0.524,1.313,0.699,1.027,rt,
boma_mangbetu,2026-09-20,0.845,0.513,1.315,0.683,1.024,rt,
boma_mangbetu,2026-09-21,0.839,0.504,1.324,0.674,1.021,rt,
boma_mangbetu,2026-09-22,0.839,0.495,1.321,0.671,1.026,rt,
boma_mangbetu,2026-09-23,0.836,0.48,1.314,0.667,1.029,rt,
boma_mangbetu,2026-09-24,0.829,0.472,1.323,0.665,1.03,rt,
boma_mangbetu,2026-09-25,0.829,0.483,1.292,0.667,1.016,rt,
boma_mangbetu,2026-09-26,0.827,0.493,1.276,0.672,1.002,rt,
boma_mangbetu,2026-09-27,0.825,0.504,1.253,0.673,0.989,rt,
isiro,2026-07-05,2.972,2.213,4.04,2.653,3.364,rt,
isiro,2026-07-06,2.926,2.17,4.039,2.606,3.323,rt,
isiro,2026-07-07,2.878,2.168,3.909,2.572,3.247,rt,
isiro,2026-07-08,2.828,2.161,3.787,2.525,3.17,rt,
isiro,2026-07-09,2.777,2.126,3.686,2.478,3.109,rt,
isiro,2026-07-10,2.721,2.101,3.593,2.438,3.05,rt,
isiro,2026-07-11,2.664,2.054,3.535,2.4,2.991,rt,
isiro,2026-07-12,2.606,2.022,3.472,2.349,2.925,rt,
isiro,2026-07-13,2.548,1.969,3.434,2.28,2.856,rt,
isiro,2026-07-14,2.468,1.909,3.253,2.212,2.76,rt,
isiro,2026-07-15,2.396,1.865,3.131,2.15,2.658,rt,
isiro,2026-07-16,2.329,1.8,3.015,2.091,2.573,rt,
isiro,2026-07-17,2.246,1.764,2.875,2.024,2.478,rt,
isiro,2026-07-18,2.181,1.706,2.758,1.971,2.396,rt,
isiro,2026-07-19,2.099,1.649,2.652,1.908,2.311,rt,
isiro,2026-07-20,2.042,1.598,2.603,1.853,2.259,rt,
isiro,2026-07-21,1.986,1.572,2.507,1.803,2.19,rt,
isiro,2026-07-22,1.935,1.535,2.417,1.757,2.121,rt,
isiro,2026-07-23,1.889,1.502,2.345,1.706,2.066,rt,
isiro,2026-07-24,1.844,1.489,2.252,1.676,2.002,rt,
isiro,2026-07-25,1.791,1.465,2.176,1.64,1.942,rt,
isiro,2026-07-26,1.742,1.422,2.118,1.597,1.889,rt,
isiro,2026-07-27,1.698,1.372,2.09,1.549,1.844,rt,
isiro,2026-07-28,1.666,1.354,2.024,1.525,1.798,rt,
isiro,2026-07-29,1.623,1.327,1.97,1.496,1.751,rt,
isiro,2026-07-30,1.585,1.298,1.918,1.465,1.714,rt,
isiro,2026-07-31,1.55,1.28,1.871,1.438,1.675,rt,
isiro,2026-08-01,1.51,1.248,1.822,1.401,1.644,rt,
isiro,2026-08-02,1.475,1.208,1.806,1.365,1.608,rt,
isiro,2026-08-03,1.442,1.17,1.795,1.324,1.579,rt,
isiro,2026-08-04,1.406,1.149,1.745,1.294,1.543,rt,
isiro,2026-08-05,1.37,1.123,1.697,1.261,1.504,rt,
isiro,2026-08-06,1.34,1.089,1.654,1.223,1.468,rt,
isiro,2026-08-07,1.302,1.07,1.604,1.193,1.423,rt,
isiro,2026-08-08,1.269,1.047,1.561,1.162,1.384,rt,
isiro,2026-08-09,1.233,1.008,1.52,1.131,1.35,rt,
isiro,2026-08-10,1.181,0.957,1.472,1.081,1.299,rt,
isiro,2026-08-11,1.122,0.912,1.395,1.031,1.228,rt,
isiro,2026-08-12,1.065,0.864,1.326,0.977,1.164,rt,
isiro,2026-08-13,1.011,0.815,1.261,0.922,1.101,rt,
isiro,2026-08-14,0.96,0.774,1.187,0.879,1.041,rt,
isiro,2026-08-15,0.912,0.73,1.126,0.83,0.992,rt,
isiro,2026-08-16,0.862,0.685,1.068,0.784,0.942,rt,
isiro,2026-08-17,0.823,0.642,1.036,0.747,0.905,rt,
isiro,2026-08-18,0.79,0.619,0.986,0.717,0.868,rt,
isiro,2026-08-19,0.755,0.591,0.943,0.686,0.831,rt,
isiro,2026-08-20,0.723,0.566,0.912,0.654,0.797,rt,
isiro,2026-08-21,0.692,0.54,0.871,0.627,0.764,rt,
isiro,2026-08-22,0.662,0.514,0.841,0.599,0.732,rt,
isiro,2026-08-23,0.634,0.485,0.815,0.57,0.703,rt,
isiro,2026-08-24,0.62,0.462,0.807,0.552,0.691,rt,
isiro,2026-08-25,0.609,0.454,0.8,0.543,0.683,rt,
isiro,2026-08-26,0.598,0.441,0.785,0.53,0.671,rt,
isiro,2026-08-27,0.589,0.427,0.776,0.518,0.66,rt,
isiro,2026-08-28,0.578,0.417,0.76,0.505,0.648,rt,
isiro,2026-08-29,0.568,0.405,0.75,0.492,0.637,rt,
isiro,2026-08-30,0.555,0.388,0.739,0.48,0.628,rt,
isiro,2026-08-31,0.55,0.376,0.744,0.472,0.626,rt,
isiro,2026-09-01,0.547,0.369,0.747,0.47,0.623,rt,
isiro,2026-09-02,0.545,0.365,0.749,0.467,0.623,rt,
isiro,2026-09-03,0.543,0.358,0.75,0.465,0.624,rt,
isiro,2026-09-04,0.538,0.353,0.747,0.459,0.62,rt,
isiro,2026-09-05,0.534,0.348,0.753,0.453,0.622,rt,
isiro,2026-09-06,0.53,0.34,0.762,0.447,0.621,rt,
isiro,2026-09-07,0.52,0.328,0.761,0.435,0.611,rt,
isiro,2026-09-08,0.515,0.33,0.753,0.43,0.61,rt,
isiro,2026-09-09,0.515,0.325,0.751,0.428,0.609,rt,
isiro,2026-09-10,0.512,0.319,0.757,0.424,0.608,rt,
isiro,2026-09-11,0.51,0.31,0.75,0.421,0.604,rt,
isiro,2026-09-12,0.507,0.302,0.755,0.417,0.604,rt,
isiro,2026-09-13,0.504,0.296,0.765,0.411,0.607,rt,
isiro,2026-09-14,0.502,0.286,0.772,0.403,0.611,rt,
isiro,2026-09-15,0.498,0.285,0.782,0.401,0.608,rt,
isiro,2026-09-16,0.497,0.282,0.794,0.396,0.615,rt,
isiro,2026-09-17,0.496,0.281,0.801,0.396,0.615,rt,
isiro,2026-09-18,0.493,0.276,0.807,0.396,0.614,rt,
isiro,2026-09-19,0.493,0.272,0.815,0.392,0.617,rt,
isiro,2026-09-20,0.491,0.265,0.833,0.392,0.621,rt,
isiro,2026-09-21,0.494,0.261,0.861,0.389,0.629,rt,
isiro,2026-09-22,0.498,0.261,0.866,0.39,0.635,rt,
isiro,2026-09-23,0.501,0.26,0.884,0.388,0.643,rt,
isiro,2026-09-24,0.503,0.257,0.89,0.39,0.649,rt,
isiro,2026-09-25,0.508,0.265,0.883,0.391,0.653,rt,
isiro,2026-09-26,0.511,0.272,0.881,0.396,0.654,rt,
isiro,2026-09-27,0.515,0.277,0.885,0.402,0.658,rt,
pawa,2026-07-09,2.327,1.752,3.024,2.082,2.613,rt,
pawa,2026-07-10,2.281,1.722,2.918,2.04,2.535,rt,
pawa,2026-07-11,2.234,1.689,2.847,1.995,2.482,rt,
pawa,2026-07-12,2.182,1.642,2.784,1.944,2.427,rt,
pawa,2026-07-13,2.115,1.577,2.719,1.893,2.365,rt,
pawa,2026-07-14,2.057,1.548,2.655,1.849,2.29,rt,
pawa,2026-07-15,2.01,1.509,2.579,1.806,2.224,rt,
pawa,2026-07-16,1.955,1.463,2.521,1.765,2.166,rt,
pawa,2026-07-17,1.905,1.438,2.415,1.714,2.097,rt,
pawa,2026-07-18,1.856,1.409,2.335,1.67,2.036,rt,
pawa,2026-07-19,1.809,1.371,2.25,1.626,1.985,rt,
pawa,2026-07-20,1.771,1.333,2.216,1.586,1.947,rt,
pawa,2026-07-21,1.739,1.322,2.17,1.562,1.909,rt,
pawa,2026-07-22,1.708,1.308,2.127,1.538,1.875,rt,
pawa,2026-07-23,1.679,1.284,2.087,1.51,1.843,rt,
pawa,2026-07-24,1.646,1.269,2.04,1.493,1.811,rt,
pawa,2026-07-25,1.622,1.256,1.999,1.473,1.78,rt,
pawa,2026-07-26,1.597,1.228,1.977,1.449,1.753,rt,
pawa,2026-07-27,1.577,1.202,1.968,1.424,1.732,rt,
pawa,2026-07-28,1.565,1.206,1.933,1.42,1.718,rt,
pawa,2026-07-29,1.553,1.206,1.917,1.409,1.695,rt,
pawa,2026-07-30,1.541,1.201,1.906,1.395,1.679,rt,
pawa,2026-07-31,1.524,1.201,1.866,1.39,1.662,rt,
pawa,2026-08-01,1.512,1.197,1.847,1.381,1.648,rt,
pawa,2026-08-02,1.503,1.182,1.843,1.369,1.634,rt,
pawa,2026-08-03,1.491,1.168,1.843,1.354,1.629,rt,
pawa,2026-08-04,1.491,1.186,1.834,1.352,1.627,rt,
pawa,2026-08-05,1.487,1.185,1.827,1.355,1.624,rt,
pawa,2026-08-06,1.486,1.185,1.834,1.355,1.627,rt,
pawa,2026-08-07,1.484,1.196,1.822,1.355,1.619,rt,
pawa,2026-08-08,1.479,1.2,1.828,1.353,1.611,rt,
pawa,2026-08-09,1.474,1.191,1.831,1.346,1.615,rt,
pawa,2026-08-10,1.443,1.154,1.808,1.326,1.588,rt,
pawa,2026-08-11,1.427,1.148,1.769,1.314,1.567,rt,
pawa,2026-08-12,1.408,1.142,1.762,1.301,1.548,rt,
pawa,2026-08-13,1.396,1.125,1.755,1.279,1.528,rt,
pawa,2026-08-14,1.381,1.122,1.715,1.264,1.508,rt,
pawa,2026-08-15,1.364,1.11,1.704,1.252,1.49,rt,
pawa,2026-08-16,1.347,1.089,1.697,1.229,1.475,rt,
pawa,2026-08-17,1.34,1.072,1.714,1.22,1.471,rt,
pawa,2026-08-18,1.326,1.066,1.687,1.207,1.458,rt,
pawa,2026-08-19,1.313,1.051,1.675,1.196,1.447,rt,
pawa,2026-08-20,1.3,1.031,1.665,1.18,1.433,rt,
pawa,2026-08-21,1.285,1.02,1.639,1.167,1.414,rt,
pawa,2026-08-22,1.269,1.009,1.605,1.149,1.395,rt,
pawa,2026-08-23,1.247,0.999,1.577,1.134,1.38,rt,
pawa,2026-08-24,1.254,0.991,1.597,1.134,1.394,rt,
pawa,2026-08-25,1.255,1.001,1.59,1.139,1.393,rt,
pawa,2026-08-26,1.253,0.995,1.585,1.139,1.386,rt,
pawa,2026-08-27,1.252,0.984,1.591,1.137,1.381,rt,
pawa,2026-08-28,1.248,0.987,1.566,1.136,1.366,rt,
pawa,2026-08-29,1.246,0.989,1.553,1.129,1.358,rt,
pawa,2026-08-30,1.237,0.982,1.538,1.124,1.347,rt,
pawa,2026-08-31,1.241,0.983,1.539,1.126,1.353,rt,
pawa,2026-09-01,1.238,0.982,1.539,1.126,1.353,rt,
pawa,2026-09-02,1.233,0.982,1.534,1.123,1.351,rt,
pawa,2026-09-03,1.235,0.975,1.525,1.119,1.35,rt,
pawa,2026-09-04,1.231,0.975,1.506,1.116,1.343,rt,
pawa,2026-09-05,1.224,0.971,1.507,1.108,1.335,rt,
pawa,2026-09-06,1.215,0.959,1.504,1.1,1.327,rt,
pawa,2026-09-07,1.191,0.926,1.506,1.072,1.309,rt,
pawa,2026-09-08,1.175,0.897,1.5,1.054,1.293,rt,
pawa,2026-09-09,1.156,0.876,1.505,1.035,1.28,rt,
pawa,2026-09-10,1.135,0.846,1.5,1.018,1.268,rt,
pawa,2026-09-11,1.117,0.824,1.491,1.002,1.254,rt,
pawa,2026-09-12,1.101,0.798,1.491,0.98,1.244,rt,
pawa,2026-09-13,1.083,0.774,1.487,0.958,1.24,rt,
pawa,2026-09-14,1.067,0.75,1.489,0.935,1.235,rt,
pawa,2026-09-15,1.053,0.731,1.483,0.918,1.224,rt,
pawa,2026-09-16,1.041,0.712,1.482,0.9,1.216,rt,
pawa,2026-09-17,1.024,0.692,1.492,0.881,1.208,rt,
pawa,2026-09-18,1.014,0.678,1.485,0.865,1.197,rt,
pawa,2026-09-19,1.005,0.67,1.482,0.848,1.188,rt,
pawa,2026-09-20,0.994,0.655,1.477,0.835,1.177,rt,
pawa,2026-09-21,0.986,0.641,1.482,0.82,1.174,rt,
pawa,2026-09-22,0.985,0.621,1.487,0.81,1.172,rt,
pawa,2026-09-23,0.979,0.606,1.492,0.8,1.17,rt,
pawa,2026-09-24,0.973,0.591,1.496,0.788,1.164,rt,
pawa,2026-09-25,0.967,0.588,1.451,0.789,1.145,rt,
pawa,2026-09-26,0.963,0.595,1.406,0.794,1.128,rt,
pawa,2026-09-27,0.956,0.603,1.371,0.793,1.113,rt,
wamba,2026-06-29,2.78,2.107,3.675,2.467,3.16,rt,
wamba,2026-06-30,2.711,2.07,3.565,2.411,3.081,rt,
wamba,2026-07-01,2.634,2.027,3.453,2.351,2.99,rt,
wamba,2026-07-02,2.567,1.97,3.379,2.291,2.921,rt,
wamba,2026-07-03,2.505,1.964,3.238,2.253,2.822,rt,
wamba,2026-07-04,2.432,1.931,3.14,2.201,2.723,rt,
wamba,2026-07-05,2.37,1.871,3.045,2.152,2.645,rt,
wamba,2026-07-06,2.299,1.798,2.981,2.08,2.564,rt,
wamba,2026-07-07,2.227,1.754,2.87,2.019,2.487,rt,
wamba,2026-07-08,2.172,1.704,2.763,1.961,2.415,rt,
wamba,2026-07-09,2.117,1.652,2.692,1.906,2.347,rt,
wamba,2026-07-10,2.057,1.618,2.579,1.855,2.273,rt,
wamba,2026-07-11,1.996,1.575,2.482,1.805,2.211,rt,
wamba,2026-07-12,1.943,1.513,2.422,1.747,2.149,rt,
wamba,2026-07-13,1.875,1.448,2.363,1.685,2.083,rt,
wamba,2026-07-14,1.823,1.413,2.282,1.64,2.014,rt,
wamba,2026-07-15,1.773,1.383,2.227,1.599,1.964,rt,
wamba,2026-07-16,1.727,1.344,2.167,1.556,1.907,rt,
wamba,2026-07-17,1.675,1.319,2.106,1.523,1.841,rt,
wamba,2026-07-18,1.631,1.285,2.049,1.485,1.793,rt,
wamba,2026-07-19,1.587,1.249,2.005,1.444,1.743,rt,
wamba,2026-07-20,1.548,1.213,1.978,1.405,1.71,rt,
wamba,2026-07-21,1.515,1.205,1.929,1.386,1.67,rt,
wamba,2026-07-22,1.49,1.183,1.874,1.363,1.628,rt,
wamba,2026-07-23,1.462,1.164,1.832,1.339,1.599,rt,
wamba,2026-07-24,1.444,1.159,1.769,1.319,1.572,rt,
wamba,2026-07-25,1.416,1.143,1.728,1.292,1.546,rt,
wamba,2026-07-26,1.393,1.124,1.703,1.27,1.516,rt,
wamba,2026-07-27,1.368,1.095,1.702,1.251,1.499,rt,
wamba,2026-07-28,1.346,1.076,1.658,1.235,1.464,rt,
wamba,2026-07-29,1.319,1.06,1.619,1.211,1.431,rt,
wamba,2026-07-30,1.297,1.043,1.577,1.193,1.405,rt,
wamba,2026-07-31,1.277,1.025,1.535,1.17,1.372,rt,
wamba,2026-08-01,1.251,0.997,1.514,1.146,1.349,rt,
wamba,2026-08-02,1.227,0.971,1.496,1.119,1.334,rt,
wamba,2026-08-03,1.202,0.935,1.494,1.093,1.321,rt,
wamba,2026-08-04,1.186,0.931,1.464,1.081,1.298,rt,
wamba,2026-08-05,1.166,0.918,1.439,1.06,1.277,rt,
wamba,2026-08-06,1.147,0.897,1.418,1.041,1.255,rt,
wamba,2026-08-07,1.128,0.89,1.388,1.028,1.228,rt,
wamba,2026-08-08,1.11,0.879,1.363,1.011,1.209,rt,
wamba,2026-08-09,1.092,0.858,1.339,0.991,1.189,rt,
wamba,2026-08-10,1.055,0.823,1.324,0.955,1.158,rt,
wamba,2026-08-11,1.034,0.816,1.279,0.939,1.135,rt,
wamba,2026-08-12,1.013,0.8,1.251,0.919,1.11,rt,
wamba,2026-08-13,0.991,0.782,1.227,0.901,1.088,rt,
wamba,2026-08-14,0.973,0.772,1.193,0.887,1.059,rt,
wamba,2026-08-15,0.952,0.756,1.167,0.871,1.034,rt,
wamba,2026-08-16,0.93,0.737,1.157,0.85,1.013,rt,
wamba,2026-08-17,0.917,0.72,1.157,0.836,1.006,rt,
wamba,2026-08-18,0.904,0.717,1.132,0.828,0.993,rt,
wamba,2026-08-19,0.896,0.712,1.114,0.817,0.979,rt,
wamba,2026-08-20,0.885,0.696,1.113,0.805,0.969,rt,
wamba,2026-08-21,0.873,0.689,1.09,0.793,0.953,rt,
wamba,2026-08-22,0.86,0.681,1.071,0.783,0.938,rt,
wamba,2026-08-23,0.849,0.665,1.062,0.767,0.928,rt,
wamba,2026-08-24,0.852,0.66,1.077,0.769,0.938,rt,
wamba,2026-08-25,0.858,0.672,1.084,0.779,0.945,rt,
wamba,2026-08-26,0.865,0.686,1.098,0.784,0.953,rt,
wamba,2026-08-27,0.87,0.693,1.111,0.787,0.963,rt,
wamba,2026-08-28,0.873,0.697,1.114,0.796,0.966,rt,
wamba,2026-08-29,0.879,0.704,1.123,0.799,0.969,rt,
wamba,2026-08-30,0.883,0.697,1.137,0.802,0.972,rt,
wamba,2026-08-31,0.898,0.691,1.158,0.81,0.987,rt,
wamba,2026-09-01,0.911,0.702,1.174,0.82,1.001,rt,
wamba,2026-09-02,0.926,0.711,1.191,0.828,1.023,rt,
wamba,2026-09-03,0.934,0.715,1.213,0.835,1.041,rt,
wamba,2026-09-04,0.946,0.724,1.223,0.841,1.055,rt,
wamba,2026-09-05,0.954,0.726,1.244,0.853,1.068,rt,
wamba,2026-09-06,0.963,0.721,1.278,0.86,1.085,rt,
wamba,2026-09-07,0.959,0.703,1.295,0.853,1.086,rt,
wamba,2026-09-08,0.947,0.699,1.279,0.842,1.074,rt,
wamba,2026-09-09,0.939,0.684,1.269,0.832,1.064,rt,
wamba,2026-09-10,0.931,0.668,1.267,0.816,1.058,rt,
wamba,2026-09-11,0.92,0.651,1.266,0.807,1.053,rt,
wamba,2026-09-12,0.911,0.635,1.267,0.792,1.053,rt,
wamba,2026-09-13,0.9,0.612,1.286,0.778,1.049,rt,
wamba,2026-09-14,0.891,0.597,1.298,0.766,1.045,rt,
wamba,2026-09-15,0.884,0.583,1.303,0.752,1.039,rt,
wamba,2026-09-16,0.871,0.562,1.304,0.735,1.025,rt,
wamba,2026-09-17,0.86,0.545,1.314,0.717,1.022,rt,
wamba,2026-09-18,0.848,0.528,1.313,0.707,1.017,rt,
wamba,2026-09-19,0.833,0.512,1.299,0.696,1.006,rt,
wamba,2026-09-20,0.828,0.492,1.297,0.681,1.005,rt,
wamba,2026-09-21,0.821,0.479,1.309,0.669,1.006,rt,
wamba,2026-09-22,0.821,0.466,1.313,0.668,1.004,rt,
wamba,2026-09-23,0.816,0.462,1.323,0.664,1.002,rt,
wamba,2026-09-24,0.815,0.449,1.327,0.651,1.007,rt,
wamba,2026-09-25,0.814,0.452,1.302,0.653,0.993,rt,
wamba,2026-09-26,0.81,0.455,1.266,0.655,0.988,rt,
wamba,2026-09-27,0.811,0.461,1.247,0.658,0.982,rt,
bafwasende,2026-09-22,1.081,0.74,1.537,0.914,1.276,rt,
bafwasende,2026-09-23,1.075,0.725,1.546,0.905,1.278,rt,
bafwasende,2026-09-24,1.074,0.715,1.563,0.9,1.28,rt,
bafwasende,2026-09-25,1.073,0.733,1.512,0.909,1.26,rt,
bafwasende,2026-09-26,1.071,0.752,1.466,0.917,1.242,rt,
bafwasende,2026-09-27,1.07,0.769,1.425,0.926,1.223,rt,
kabondo,2026-09-20,1.102,0.763,1.55,0.944,1.289,rt,
kabondo,2026-09-21,1.098,0.756,1.569,0.935,1.292,rt,
kabondo,2026-09-22,1.096,0.746,1.581,0.924,1.293,rt,
kabondo,2026-09-23,1.09,0.736,1.59,0.918,1.297,rt,
kabondo,2026-09-24,1.089,0.725,1.594,0.912,1.297,rt,
kabondo,2026-09-25,1.087,0.743,1.543,0.92,1.278,rt,
kabondo,2026-09-26,1.083,0.762,1.496,0.931,1.259,rt,
kabondo,2026-09-27,1.082,0.78,1.452,0.939,1.243,rt,
makiso_kisangani,2026-07-26,1.391,1.15,1.662,1.289,1.5,rt,
makiso_kisangani,2026-07-27,1.403,1.158,1.676,1.297,1.511,rt,
makiso_kisangani,2026-07-28,1.41,1.164,1.688,1.304,1.522,rt,
makiso_kisangani,2026-07-29,1.418,1.171,1.703,1.31,1.533,rt,
makiso_kisangani,2026-07-30,1.43,1.174,1.717,1.317,1.545,rt,
makiso_kisangani,2026-07-31,1.439,1.199,1.71,1.332,1.548,rt,
makiso_kisangani,2026-08-01,1.451,1.218,1.712,1.349,1.552,rt,
makiso_kisangani,2026-08-02,1.46,1.226,1.714,1.361,1.563,rt,
makiso_kisangani,2026-08-03,1.461,1.229,1.716,1.365,1.566,rt,
makiso_kisangani,2026-08-04,1.465,1.232,1.719,1.369,1.57,rt,
makiso_kisangani,2026-08-05,1.469,1.229,1.733,1.371,1.574,rt,
makiso_kisangani,2026-08-06,1.472,1.226,1.74,1.37,1.579,rt,
makiso_kisangani,2026-08-07,1.474,1.237,1.735,1.377,1.577,rt,
makiso_kisangani,2026-08-08,1.473,1.244,1.727,1.38,1.579,rt,
makiso_kisangani,2026-08-09,1.479,1.253,1.729,1.38,1.579,rt,
makiso_kisangani,2026-08-10,1.468,1.241,1.714,1.371,1.569,rt,
makiso_kisangani,2026-08-11,1.457,1.233,1.717,1.361,1.564,rt,
makiso_kisangani,2026-08-12,1.444,1.216,1.714,1.352,1.553,rt,
makiso_kisangani,2026-08-13,1.433,1.199,1.714,1.34,1.541,rt,
makiso_kisangani,2026-08-14,1.422,1.192,1.692,1.328,1.527,rt,
makiso_kisangani,2026-08-15,1.413,1.184,1.678,1.321,1.519,rt,
makiso_kisangani,2026-08-16,1.405,1.174,1.673,1.312,1.507,rt,
makiso_kisangani,2026-08-17,1.407,1.173,1.684,1.307,1.509,rt,
makiso_kisangani,2026-08-18,1.409,1.17,1.688,1.306,1.515,rt,
makiso_kisangani,2026-08-19,1.414,1.159,1.706,1.308,1.523,rt,
makiso_kisangani,2026-08-20,1.418,1.156,1.724,1.306,1.53,rt,
makiso_kisangani,2026-08-21,1.421,1.167,1.719,1.31,1.529,rt,
makiso_kisangani,2026-08-22,1.421,1.171,1.711,1.315,1.53,rt,
makiso_kisangani,2026-08-23,1.426,1.173,1.717,1.319,1.531,rt,
makiso_kisangani,2026-08-24,1.434,1.186,1.73,1.333,1.547,rt,
makiso_kisangani,2026-08-25,1.447,1.193,1.746,1.344,1.568,rt,
makiso_kisangani,2026-08-26,1.459,1.198,1.77,1.358,1.584,rt,
makiso_kisangani,2026-08-27,1.476,1.209,1.802,1.365,1.603,rt,
makiso_kisangani,2026-08-28,1.491,1.231,1.807,1.382,1.619,rt,
makiso_kisangani,2026-08-29,1.509,1.242,1.823,1.397,1.635,rt,
makiso_kisangani,2026-08-30,1.526,1.256,1.838,1.409,1.65,rt,
makiso_kisangani,2026-08-31,1.517,1.247,1.842,1.403,1.642,rt,
makiso_kisangani,2026-09-01,1.512,1.228,1.844,1.393,1.637,rt,
makiso_kisangani,2026-09-02,1.506,1.212,1.85,1.382,1.634,rt,
makiso_kisangani,2026-09-03,1.5,1.198,1.855,1.372,1.636,rt,
makiso_kisangani,2026-09-04,1.49,1.19,1.844,1.364,1.627,rt,
makiso_kisangani,2026-09-05,1.482,1.177,1.846,1.354,1.62,rt,
makiso_kisangani,2026-09-06,1.473,1.163,1.84,1.34,1.618,rt,
makiso_kisangani,2026-09-07,1.437,1.124,1.821,1.301,1.594,rt,
makiso_kisangani,2026-09-08,1.405,1.088,1.795,1.265,1.567,rt,
makiso_kisangani,2026-09-09,1.378,1.054,1.779,1.232,1.546,rt,
makiso_kisangani,2026-09-10,1.349,1.02,1.764,1.2,1.522,rt,
makiso_kisangani,2026-09-11,1.316,0.993,1.724,1.174,1.487,rt,
makiso_kisangani,2026-09-12,1.289,0.965,1.699,1.142,1.46,rt,
makiso_kisangani,2026-09-13,1.263,0.937,1.684,1.111,1.437,rt,
makiso_kisangani,2026-09-14,1.242,0.909,1.675,1.086,1.425,rt,
makiso_kisangani,2026-09-15,1.221,0.88,1.674,1.061,1.408,rt,
makiso_kisangani,2026-09-16,1.206,0.854,1.665,1.04,1.394,rt,
makiso_kisangani,2026-09-17,1.187,0.833,1.655,1.022,1.38,rt,
makiso_kisangani,2026-09-18,1.174,0.817,1.639,1.004,1.364,rt,
makiso_kisangani,2026-09-19,1.156,0.8,1.621,0.987,1.352,rt,
makiso_kisangani,2026-09-20,1.138,0.781,1.609,0.971,1.334,rt,
makiso_kisangani,2026-09-21,1.132,0.769,1.617,0.962,1.335,rt,
makiso_kisangani,2026-09-22,1.127,0.762,1.626,0.949,1.337,rt,
makiso_kisangani,2026-09-23,1.126,0.751,1.633,0.94,1.336,rt,
makiso_kisangani,2026-09-24,1.125,0.737,1.64,0.935,1.336,rt,
makiso_kisangani,2026-09-25,1.121,0.754,1.586,0.941,1.316,rt,
makiso_kisangani,2026-09-26,1.118,0.771,1.538,0.95,1.3,rt,
makiso_kisangani,2026-09-27,1.116,0.79,1.491,0.959,1.282,rt,
mangobo,2026-09-10,1.333,1.014,1.736,1.185,1.509,rt,
mangobo,2026-09-11,1.305,0.982,1.704,1.161,1.477,rt,
mangobo,2026-09-12,1.281,0.952,1.671,1.133,1.45,rt,
mangobo,2026-09-13,1.256,0.924,1.66,1.101,1.426,rt,
mangobo,2026-09-14,1.234,0.898,1.654,1.075,1.414,rt,
mangobo,2026-09-15,1.216,0.873,1.647,1.055,1.396,rt,
mangobo,2026-09-16,1.203,0.851,1.638,1.035,1.385,rt,
mangobo,2026-09-17,1.183,0.826,1.63,1.018,1.369,rt,
mangobo,2026-09-18,1.168,0.805,1.625,0.998,1.356,rt,
mangobo,2026-09-19,1.147,0.788,1.597,0.983,1.342,rt,
mangobo,2026-09-20,1.129,0.77,1.6,0.964,1.325,rt,
mangobo,2026-09-21,1.126,0.76,1.611,0.956,1.328,rt,
mangobo,2026-09-22,1.126,0.752,1.621,0.945,1.324,rt,
mangobo,2026-09-23,1.121,0.743,1.625,0.933,1.323,rt,
mangobo,2026-09-24,1.118,0.733,1.631,0.93,1.329,rt,
mangobo,2026-09-25,1.114,0.75,1.576,0.94,1.309,rt,
mangobo,2026-09-26,1.112,0.768,1.524,0.95,1.288,rt,
mangobo,2026-09-27,1.109,0.787,1.478,0.959,1.268,rt,
viadana,2026-09-20,1.058,0.741,1.497,0.909,1.241,rt,
viadana,2026-09-21,1.058,0.728,1.513,0.898,1.244,rt,
viadana,2026-09-22,1.056,0.723,1.524,0.892,1.242,rt,
viadana,2026-09-23,1.056,0.716,1.524,0.885,1.242,rt,
viadana,2026-09-24,1.056,0.709,1.532,0.879,1.247,rt,
viadana,2026-09-25,1.053,0.725,1.486,0.885,1.23,rt,
viadana,2026-09-26,1.05,0.74,1.441,0.894,1.208,rt,
viadana,2026-09-27,1.048,0.757,1.4,0.904,1.189,rt,
adja,2026-08-09,,,,,,cases,0
adja,2026-08-16,,,,,,cases,0
adja,2026-08-23,,,,,,cases,0
adja,2026-08-30,,,,,,cases,0
adja,2026-09-06,,,,,,cases,0
adja,2026-09-13,,,,,,cases,0
adja,2026-09-20,,,,,,cases,0
adja,2026-09-27,,,,,,cases,0
ariwara,2026-08-09,,,,,,cases,0
ariwara,2026-08-16,,,,,,cases,0
ariwara,2026-08-23,,,,,,cases,1
ariwara,2026-08-30,,,,,,cases,0
ariwara,2026-09-06,,,,,,cases,0
ariwara,2026-09-13,,,,,,cases,0
ariwara,2026-09-20,,,,,,cases,0
ariwara,2026-09-27,,,,,,cases,0
aru,2026-08-09,,,,,,cases,0
aru,2026-08-16,,,,,,cases,2
aru,2026-08-23,,,,,,cases,0
aru,2026-08-30,,,,,,cases,1
aru,2026-09-06,,,,,,cases,0
aru,2026-09-13,,,,,,cases,0
aru,2026-09-20,,,,,,cases,0
aru,2026-09-27,,,,,,cases,0
aungba,2026-08-09,,,,,,cases,0
aungba,2026-08-16,,,,,,cases,1
aungba,2026-08-23,,,,,,cases,1
aungba,2026-08-30,,,,,,cases,0
aungba,2026-09-06,,,,,,cases,0
aungba,2026-09-13,,,,,,cases,0
aungba,2026-09-20,,,,,,cases,0
aungba,2026-09-27,,,,,,cases,0
bambu,2026-08-09,,,,,,cases,5
bambu,2026-08-16,,,,,,cases,40
bambu,2026-08-23,,,,,,cases,18
bambu,2026-08-30,,,,,,cases,34
bambu,2026-09-06,,,,,,cases,15
bambu,2026-09-13,,,,,,cases,3
bambu,2026-09-20,,,,,,cases,17
bambu,2026-09-27,,,,,,cases,6
boga,2026-08-09,,,,,,cases,0
boga,2026-08-16,,,,,,cases,0
boga,2026-08-23,,,,,,cases,0
boga,2026-08-30,,,,,,cases,1
boga,2026-09-06,,,,,,cases,0
boga,2026-09-13,,,,,,cases,0
boga,2026-09-20,,,,,,cases,0
boga,2026-09-27,,,,,,cases,0
bunia,2026-08-09,,,,,,cases,36
bunia,2026-08-16,,,,,,cases,224
bunia,2026-08-23,,,,,,cases,124
bunia,2026-08-30,,,,,,cases,99
bunia,2026-09-06,,,,,,cases,91
bunia,2026-09-13,,,,,,cases,95
bunia,2026-09-20,,,,,,cases,79
bunia,2026-09-27,,,,,,cases,43
damas,2026-08-09,,,,,,cases,0
damas,2026-08-16,,,,,,cases,7
damas,2026-08-23,,,,,,cases,2
damas,2026-08-30,,,,,,cases,1
damas,2026-09-06,,,,,,cases,2
damas,2026-09-13,,,,,,cases,9
damas,2026-09-20,,,,,,cases,1
damas,2026-09-27,,,,,,cases,0
drodro,2026-08-09,,,,,,cases,0
drodro,2026-08-16,,,,,,cases,2
drodro,2026-08-23,,,,,,cases,0
drodro,2026-08-30,,,,,,cases,0
drodro,2026-09-06,,,,,,cases,2
drodro,2026-09-13,,,,,,cases,0
drodro,2026-09-20,,,,,,cases,0
drodro,2026-09-27,,,,,,cases,0
fataki,2026-08-09,,,,,,cases,5
fataki,2026-08-16,,,,,,cases,29
fataki,2026-08-23,,,,,,cases,4
fataki,2026-08-30,,,,,,cases,3
fataki,2026-09-06,,,,,,cases,2
fataki,2026-09-13,,,,,,cases,0
fataki,2026-09-20,,,,,,cases,3
fataki,2026-09-27,,,,,,cases,1
gety,2026-08-09,,,,,,cases,0
gety,2026-08-16,,,,,,cases,3
gety,2026-08-23,,,,,,cases,1
gety,2026-08-30,,,,,,cases,1
gety,2026-09-06,,,,,,cases,1
gety,2026-09-13,,,,,,cases,0
gety,2026-09-20,,,,,,cases,0
gety,2026-09-27,,,,,,cases,0
kambala,2026-08-09,,,,,,cases,0
kambala,2026-08-16,,,,,,cases,0
kambala,2026-08-23,,,,,,cases,0
kambala,2026-08-30,,,,,,cases,0
kambala,2026-09-06,,,,,,cases,0
kambala,2026-09-13,,,,,,cases,0
kambala,2026-09-20,,,,,,cases,0
kambala,2026-09-27,,,,,,cases,0
kilo,2026-08-09,,,,,,cases,0
kilo,2026-08-16,,,,,,cases,2
kilo,2026-08-23,,,,,,cases,1
kilo,2026-08-30,,,,,,cases,0
kilo,2026-09-06,,,,,,cases,1
kilo,2026-09-13,,,,,,cases,0
kilo,2026-09-20,,,,,,cases,1
kilo,2026-09-27,,,,,,cases,1
komanda,2026-08-09,,,,,,cases,1
komanda,2026-08-16,,,,,,cases,10
komanda,2026-08-23,,,,,,cases,11
komanda,2026-08-30,,,,,,cases,19
komanda,2026-09-06,,,,,,cases,35
komanda,2026-09-13,,,,,,cases,22
komanda,2026-09-20,,,,,,cases,12
komanda,2026-09-27,,,,,,cases,20
lita,2026-08-09,,,,,,cases,10
lita,2026-08-16,,,,,,cases,30
lita,2026-08-23,,,,,,cases,16
lita,2026-08-30,,,,,,cases,21
lita,2026-09-06,,,,,,cases,24
lita,2026-09-13,,,,,,cases,20
lita,2026-09-20,,,,,,cases,13
lita,2026-09-27,,,,,,cases,8
logo,2026-08-09,,,,,,cases,1
logo,2026-08-16,,,,,,cases,1
logo,2026-08-23,,,,,,cases,0
logo,2026-08-30,,,,,,cases,0
logo,2026-09-06,,,,,,cases,2
logo,2026-09-13,,,,,,cases,0
logo,2026-09-20,,,,,,cases,0
logo,2026-09-27,,,,,,cases,0
lolwa,2026-08-09,,,,,,cases,0
lolwa,2026-08-16,,,,,,cases,8
lolwa,2026-08-23,,,,,,cases,3
lolwa,2026-08-30,,,,,,cases,4
lolwa,2026-09-06,,,,,,cases,3
lolwa,2026-09-13,,,,,,cases,6
lolwa,2026-09-20,,,,,,cases,0
lolwa,2026-09-27,,,,,,cases,2
mahagi,2026-08-09,,,,,,cases,0
mahagi,2026-08-16,,,,,,cases,0
mahagi,2026-08-23,,,,,,cases,0
mahagi,2026-08-30,,,,,,cases,0
mahagi,2026-09-06,,,,,,cases,0
mahagi,2026-09-13,,,,,,cases,0
mahagi,2026-09-20,,,,,,cases,0
mahagi,2026-09-27,,,,,,cases,0
mambasa,2026-08-09,,,,,,cases,0
mambasa,2026-08-16,,,,,,cases,4
mambasa,2026-08-23,,,,,,cases,0
mambasa,2026-08-30,,,,,,cases,3
mambasa,2026-09-06,,,,,,cases,0
mambasa,2026-09-13,,,,,,cases,0
mambasa,2026-09-20,,,,,,cases,4
mambasa,2026-09-27,,,,,,cases,8
mandima,2026-08-09,,,,,,cases,0
mandima,2026-08-16,,,,,,cases,7
mandima,2026-08-23,,,,,,cases,9
mandima,2026-08-30,,,,,,cases,4
mandima,2026-09-06,,,,,,cases,5
mandima,2026-09-13,,,,,,cases,6
mandima,2026-09-20,,,,,,cases,12
mandima,2026-09-27,,,,,,cases,61
mangala,2026-08-09,,,,,,cases,3
mangala,2026-08-16,,,,,,cases,54
mangala,2026-08-23,,,,,,cases,35
mangala,2026-08-30,,,,,,cases,49
mangala,2026-09-06,,,,,,cases,44
mangala,2026-09-13,,,,,,cases,23
mangala,2026-09-20,,,,,,cases,24
mangala,2026-09-27,,,,,,cases,9
mongbwalu,2026-08-09,,,,,,cases,6
mongbwalu,2026-08-16,,,,,,cases,32
mongbwalu,2026-08-23,,,,,,cases,12
mongbwalu,2026-08-30,,,,,,cases,8
mongbwalu,2026-09-06,,,,,,cases,24
mongbwalu,2026-09-13,,,,,,cases,29
mongbwalu,2026-09-20,,,,,,cases,26
mongbwalu,2026-09-27,,,,,,cases,9
nia_nia,2026-08-09,,,,,,cases,8
nia_nia,2026-08-16,,,,,,cases,58
nia_nia,2026-08-23,,,,,,cases,23
nia_nia,2026-08-30,,,,,,cases,22
nia_nia,2026-09-06,,,,,,cases,11
nia_nia,2026-09-13,,,,,,cases,13
nia_nia,2026-09-20,,,,,,cases,30
nia_nia,2026-09-27,,,,,,cases,24
nizi,2026-08-09,,,,,,cases,29
nizi,2026-08-16,,,,,,cases,108
nizi,2026-08-23,,,,,,cases,73
nizi,2026-08-30,,,,,,cases,50
nizi,2026-09-06,,,,,,cases,45
nizi,2026-09-13,,,,,,cases,25
nizi,2026-09-20,,,,,,cases,24
nizi,2026-09-27,,,,,,cases,16
nyankunde,2026-08-09,,,,,,cases,0
nyankunde,2026-08-16,,,,,,cases,6
nyankunde,2026-08-23,,,,,,cases,1
nyankunde,2026-08-30,,,,,,cases,2
nyankunde,2026-09-06,,,,,,cases,1
nyankunde,2026-09-13,,,,,,cases,0
nyankunde,2026-09-20,,,,,,cases,2
nyankunde,2026-09-27,,,,,,cases,1
rimba,2026-08-09,,,,,,cases,0
rimba,2026-08-16,,,,,,cases,0
rimba,2026-08-23,,,,,,cases,1
rimba,2026-08-30,,,,,,cases,0
rimba,2026-09-06,,,,,,cases,1
rimba,2026-09-13,,,,,,cases,0
rimba,2026-09-20,,,,,,cases,1
rimba,2026-09-27,,,,,,cases,0
rwampara,2026-08-09,,,,,,cases,37
rwampara,2026-08-16,,,,,,cases,164
rwampara,2026-08-23,,,,,,cases,57
rwampara,2026-08-30,,,,,,cases,37
rwampara,2026-09-06,,,,,,cases,37
rwampara,2026-09-13,,,,,,cases,32
rwampara,2026-09-20,,,,,,cases,35
rwampara,2026-09-27,,,,,,cases,25
tchomia,2026-08-09,,,,,,cases,2
tchomia,2026-08-16,,,,,,cases,5
tchomia,2026-08-23,,,,,,cases,5
tchomia,2026-08-30,,,,,,cases,2
tchomia,2026-09-06,,,,,,cases,3
tchomia,2026-09-13,,,,,,cases,11
tchomia,2026-09-20,,,,,,cases,4
tchomia,2026-09-27,,,,,,cases,1
beni,2026-08-09,,,,,,cases,0
beni,2026-08-16,,,,,,cases,29
beni,2026-08-23,,,,,,cases,24
beni,2026-08-30,,,,,,cases,21
beni,2026-09-06,,,,,,cases,38
beni,2026-09-13,,,,,,cases,52
beni,2026-09-20,,,,,,cases,53
beni,2026-09-27,,,,,,cases,56
biena,2026-08-09,,,,,,cases,0
biena,2026-08-16,,,,,,cases,0
biena,2026-08-23,,,,,,cases,0
biena,2026-08-30,,,,,,cases,1
biena,2026-09-06,,,,,,cases,8
biena,2026-09-13,,,,,,cases,8
biena,2026-09-20,,,,,,cases,1
biena,2026-09-27,,,,,,cases,0
butembo,2026-08-09,,,,,,cases,5
butembo,2026-08-16,,,,,,cases,20
butembo,2026-08-23,,,,,,cases,26
butembo,2026-08-30,,,,,,cases,27
butembo,2026-09-06,,,,,,cases,43
butembo,2026-09-13,,,,,,cases,31
butembo,2026-09-20,,,,,,cases,13
butembo,2026-09-27,,,,,,cases,5
goma,2026-08-09,,,,,,cases,0
goma,2026-08-16,,,,,,cases,0
goma,2026-08-23,,,,,,cases,0
goma,2026-08-30,,,,,,cases,0
goma,2026-09-06,,,,,,cases,0
goma,2026-09-13,,,,,,cases,0
goma,2026-09-20,,,,,,cases,0
goma,2026-09-27,,,,,,cases,0
kalunguta,2026-08-09,,,,,,cases,1
kalunguta,2026-08-16,,,,,,cases,5
kalunguta,2026-08-23,,,,,,cases,2
kalunguta,2026-08-30,,,,,,cases,1
kalunguta,2026-09-06,,,,,,cases,2
kalunguta,2026-09-13,,,,,,cases,12
kalunguta,2026-09-20,,,,,,cases,17
kalunguta,2026-09-27,,,,,,cases,6
katwa,2026-08-09,,,,,,cases,14
katwa,2026-08-16,,,,,,cases,91
katwa,2026-08-23,,,,,,cases,57
katwa,2026-08-30,,,,,,cases,42
katwa,2026-09-06,,,,,,cases,67
katwa,2026-09-13,,,,,,cases,66
katwa,2026-09-20,,,,,,cases,21
katwa,2026-09-27,,,,,,cases,15
kayna,2026-08-09,,,,,,cases,0
kayna,2026-08-16,,,,,,cases,0
kayna,2026-08-23,,,,,,cases,0
kayna,2026-08-30,,,,,,cases,0
kayna,2026-09-06,,,,,,cases,1
kayna,2026-09-13,,,,,,cases,0
kayna,2026-09-20,,,,,,cases,0
kayna,2026-09-27,,,,,,cases,0
kyondo,2026-08-09,,,,,,cases,0
kyondo,2026-08-16,,,,,,cases,2
kyondo,2026-08-23,,,,,,cases,1
kyondo,2026-08-30,,,,,,cases,0
kyondo,2026-09-06,,,,,,cases,7
kyondo,2026-09-13,,,,,,cases,7
kyondo,2026-09-20,,,,,,cases,2
kyondo,2026-09-27,,,,,,cases,1
lubero,2026-08-09,,,,,,cases,0
lubero,2026-08-16,,,,,,cases,0
lubero,2026-08-23,,,,,,cases,0
lubero,2026-08-30,,,,,,cases,0
lubero,2026-09-06,,,,,,cases,5
lubero,2026-09-13,,,,,,cases,9
lubero,2026-09-20,,,,,,cases,5
lubero,2026-09-27,,,,,,cases,1
mabalako,2026-08-09,,,,,,cases,0
mabalako,2026-08-16,,,,,,cases,1
mabalako,2026-08-23,,,,,,cases,1
mabalako,2026-08-30,,,,,,cases,2
mabalako,2026-09-06,,,,,,cases,5
mabalako,2026-09-13,,,,,,cases,9
mabalako,2026-09-20,,,,,,cases,5
mabalako,2026-09-27,,,,,,cases,7
manguredjipa,2026-08-09,,,,,,cases,0
manguredjipa,2026-08-16,,,,,,cases,0
manguredjipa,2026-08-23,,,,,,cases,0
manguredjipa,2026-08-30,,,,,,cases,1
manguredjipa,2026-09-06,,,,,,cases,2
manguredjipa,2026-09-13,,,,,,cases,5
manguredjipa,2026-09-20,,,,,,cases,3
manguredjipa,2026-09-27,,,,,,cases,2
masereka,2026-08-09,,,,,,cases,0
masereka,2026-08-16,,,,,,cases,2
masereka,2026-08-23,,,,,,cases,0
masereka,2026-08-30,,,,,,cases,2
masereka,2026-09-06,,,,,,cases,6
masereka,2026-09-13,,,,,,cases,5
masereka,2026-09-20,,,,,,cases,5
masereka,2026-09-27,,,,,,cases,3
musienene,2026-08-09,,,,,,cases,2
musienene,2026-08-16,,,,,,cases,17
musienene,2026-08-23,,,,,,cases,8
musienene,2026-08-30,,,,,,cases,9
musienene,2026-09-06,,,,,,cases,15
musienene,2026-09-13,,,,,,cases,22
musienene,2026-09-20,,,,,,cases,5
musienene,2026-09-27,,,,,,cases,1
mutwanga,2026-08-09,,,,,,cases,0
mutwanga,2026-08-16,,,,,,cases,0
mutwanga,2026-08-23,,,,,,cases,1
mutwanga,2026-08-30,,,,,,cases,0
mutwanga,2026-09-06,,,,,,cases,1
mutwanga,2026-09-13,,,,,,cases,4
mutwanga,2026-09-20,,,,,,cases,3
mutwanga,2026-09-27,,,,,,cases,3
oicha,2026-08-09,,,,,,cases,0
oicha,2026-08-16,,,,,,cases,1
oicha,2026-08-23,,,,,,cases,1
oicha,2026-08-30,,,,,,cases,1
oicha,2026-09-06,,,,,,cases,2
oicha,2026-09-13,,,,,,cases,2
oicha,2026-09-20,,,,,,cases,3
oicha,2026-09-27,,,,,,cases,12
vuhovi,2026-08-09,,,,,,cases,0
vuhovi,2026-08-16,,,,,,cases,3
vuhovi,2026-08-23,,,,,,cases,0
vuhovi,2026-08-30,,,,,,cases,1
vuhovi,2026-09-06,,,,,,cases,1
vuhovi,2026-09-13,,,,,,cases,10
vuhovi,2026-09-20,,,,,,cases,8
vuhovi,2026-09-27,,,,,,cases,4
boma_mangbetu,2026-08-09,,,,,,cases,0
boma_mangbetu,2026-08-16,,,,,,cases,9
boma_mangbetu,2026-08-23,,,,,,cases,4
boma_mangbetu,2026-08-30,,,,,,cases,1
boma_mangbetu,2026-09-06,,,,,,cases,2
boma_mangbetu,2026-09-13,,,,,,cases,3
boma_mangbetu,2026-09-20,,,,,,cases,4
boma_mangbetu,2026-09-27,,,,,,cases,3
dungu,2026-08-09,,,,,,cases,0
dungu,2026-08-16,,,,,,cases,0
dungu,2026-08-23,,,,,,cases,0
dungu,2026-08-30,,,,,,cases,0
dungu,2026-09-06,,,,,,cases,0
dungu,2026-09-13,,,,,,cases,0
dungu,2026-09-20,,,,,,cases,1
dungu,2026-09-27,,,,,,cases,0
gombari,2026-08-09,,,,,,cases,0
gombari,2026-08-16,,,,,,cases,1
gombari,2026-08-23,,,,,,cases,2
gombari,2026-08-30,,,,,,cases,0
gombari,2026-09-06,,,,,,cases,0
gombari,2026-09-13,,,,,,cases,0
gombari,2026-09-20,,,,,,cases,0
gombari,2026-09-27,,,,,,cases,0
isiro,2026-08-09,,,,,,cases,6
isiro,2026-08-16,,,,,,cases,17
isiro,2026-08-23,,,,,,cases,26
isiro,2026-08-30,,,,,,cases,13
isiro,2026-09-06,,,,,,cases,11
isiro,2026-09-13,,,,,,cases,5
isiro,2026-09-20,,,,,,cases,2
isiro,2026-09-27,,,,,,cases,2
pawa,2026-08-09,,,,,,cases,0
pawa,2026-08-16,,,,,,cases,8
pawa,2026-08-23,,,,,,cases,0
pawa,2026-08-30,,,,,,cases,13
pawa,2026-09-06,,,,,,cases,10
pawa,2026-09-13,,,,,,cases,15
pawa,2026-09-20,,,,,,cases,10
pawa,2026-09-27,,,,,,cases,12
rungu,2026-08-09,,,,,,cases,0
rungu,2026-08-16,,,,,,cases,0
rungu,2026-08-23,,,,,,cases,0
rungu,2026-08-30,,,,,,cases,0
rungu,2026-09-06,,,,,,cases,1
rungu,2026-09-13,,,,,,cases,0
rungu,2026-09-20,,,,,,cases,0
rungu,2026-09-27,,,,,,cases,0
wamba,2026-08-09,,,,,,cases,0
wamba,2026-08-16,,,,,,cases,38
wamba,2026-08-23,,,,,,cases,10
wamba,2026-08-30,,,,,,cases,14
wamba,2026-09-06,,,,,,cases,7
wamba,2026-09-13,,,,,,cases,5
wamba,2026-09-20,,,,,,cases,13
wamba,2026-09-27,,,,,,cases,7
miti_murhesa,2026-08-09,,,,,,cases,0
miti_murhesa,2026-08-16,,,,,,cases,0
miti_murhesa,2026-08-23,,,,,,cases,0
miti_murhesa,2026-08-30,,,,,,cases,0
miti_murhesa,2026-09-06,,,,,,cases,0
miti_murhesa,2026-09-13,,,,,,cases,0
miti_murhesa,2026-09-20,,,,,,cases,0
miti_murhesa,2026-09-27,,,,,,cases,0
bafwasende,2026-08-09,,,,,,cases,0
bafwasende,2026-08-16,,,,,,cases,1
bafwasende,2026-08-23,,,,,,cases,0
bafwasende,2026-08-30,,,,,,cases,1
bafwasende,2026-09-06,,,,,,cases,0
bafwasende,2026-09-13,,,,,,cases,5
bafwasende,2026-09-20,,,,,,cases,0
bafwasende,2026-09-27,,,,,,cases,0
kabondo,2026-08-09,,,,,,cases,0
kabondo,2026-08-16,,,,,,cases,2
kabondo,2026-08-23,,,,,,cases,0
kabondo,2026-08-30,,,,,,cases,0
kabondo,2026-09-06,,,,,,cases,1
kabondo,2026-09-13,,,,,,cases,0
kabondo,2026-09-20,,,,,,cases,1
kabondo,2026-09-27,,,,,,cases,0
lubunga,2026-08-09,,,,,,cases,0
lubunga,2026-08-16,,,,,,cases,0
lubunga,2026-08-23,,,,,,cases,0
lubunga,2026-08-30,,,,,,cases,0
lubunga,2026-09-06,,,,,,cases,0
lubunga,2026-09-13,,,,,,cases,0
lubunga,2026-09-20,,,,,,cases,0
lubunga,2026-09-27,,,,,,cases,0
makiso_kisangani,2026-08-09,,,,,,cases,0
makiso_kisangani,2026-08-16,,,,,,cases,2
makiso_kisangani,2026-08-23,,,,,,cases,1
makiso_kisangani,2026-08-30,,,,,,cases,3
makiso_kisangani,2026-09-06,,,,,,cases,1
makiso_kisangani,2026-09-13,,,,,,cases,0
makiso_kisangani,2026-09-20,,,,,,cases,10
makiso_kisangani,2026-09-27,,,,,,cases,3
mangobo,2026-08-09,,,,,,cases,0
mangobo,2026-08-16,,,,,,cases,1
mangobo,2026-08-23,,,,,,cases,0
mangobo,2026-08-30,,,,,,cases,0
mangobo,2026-09-06,,,,,,cases,1
mangobo,2026-09-13,,,,,,cases,1
mangobo,2026-09-20,,,,,,cases,0
mangobo,2026-09-27,,,,,,cases,1
tshopo,2026-08-09,,,,,,cases,0
tshopo,2026-08-16,,,,,,cases,1
tshopo,2026-08-23,,,,,,cases,0
tshopo,2026-08-30,,,,,,cases,0
tshopo,2026-09-06,,,,,,cases,0
tshopo,2026-09-13,,,,,,cases,0
tshopo,2026-09-20,,,,,,cases,0
tshopo,2026-09-27,,,,,,cases,0
wanie_rukula,2026-08-09,,,,,,cases,0
wanie_rukula,2026-08-16,,,,,,cases,0
wanie_rukula,2026-08-23,,,,,,cases,0
wanie_rukula,2026-08-30,,,,,,cases,0
wanie_rukula,2026-09-06,,,,,,cases,0
wanie_rukula,2026-09-13,,,,,,cases,0
wanie_rukula,2026-09-20,,,,,,cases,0
wanie_rukula,2026-09-27,,,,,,cases,0
buta,2026-08-09,,,,,,cases,0
buta,2026-08-16,,,,,,cases,1
buta,2026-08-23,,,,,,cases,0
buta,2026-08-30,,,,,,cases,0
buta,2026-09-06,,,,,,cases,0
buta,2026-09-13,,,,,,cases,0
buta,2026-09-20,,,,,,cases,0
buta,2026-09-27,,,,,,cases,0
ganga,2026-08-09,,,,,,cases,0
ganga,2026-08-16,,,,,,cases,0
ganga,2026-08-23,,,,,,cases,0
ganga,2026-08-30,,,,,,cases,2
ganga,2026-09-06,,,,,,cases,0
ganga,2026-09-13,,,,,,cases,1
ganga,2026-09-20,,,,,,cases,0
ganga,2026-09-27,,,,,,cases,0
viadana,2026-08-09,,,,,,cases,0
viadana,2026-08-16,,,,,,cases,0
viadana,2026-08-23,,,,,,cases,1
viadana,2026-08-30,,,,,,cases,0
viadana,2026-09-06,,,,,,cases,0
viadana,2026-09-13,,,,,,cases,0
viadana,2026-09-20,,,,,,cases,2
viadana,2026-09-27,,,,,,cases,3
bulu,2026-08-09,,,,,,cases,0
bulu,2026-08-16,,,,,,cases,0
bulu,2026-08-23,,,,,,cases,0
bulu,2026-08-30,,,,,,cases,0
bulu,2026-09-06,,,,,,cases,0
bulu,2026-09-13,,,,,,cases,1
bulu,2026-09-20,,,,,,cases,0
bulu,2026-09-27,,,,,,cases,1
